{"type":"FeatureCollection", "features": [
{"type":"Feature","geometry":{"type":"Polygon","coordinates":[[[73.92188,52.59283],[73.546,52.60238],[73.52913,52.60279],[73.5273,52.60877],[73.49318,52.66599],[73.42473,52.6539],[73.39163,52.69913],[73.32009,52.70942],[73.24651,52.70443],[73.20748,52.71734],[73.11815,52.73007],[73.06457,52.74935],[72.91224,52.71438],[72.93006,52.90952],[72.93125,52.92263],[72.89737,52.93219],[72.87863,53.01013],[72.86936,53.02746],[72.75294,53.01914],[72.73783,53.01181],[72.6935,53.01469],[72.66917,53.01218],[72.64666,53.01443],[72.60484,53.00096],[72.5807,52.99629],[72.5583,52.98853],[72.53829,52.98387],[72.52848,52.98608],[72.49061,52.98436],[72.46958,52.98016],[72.45905,52.98075],[72.4493,52.97784],[72.20273,53.01255],[72.20327,52.96721],[72.20417,52.89235],[72.10536,52.86533],[71.91488,52.85449],[71.82257,52.89275],[71.81064,52.90048],[71.79864,52.89629],[71.77271,52.91449],[71.77312,52.9264],[71.76186,52.94127],[71.7787,52.9826],[71.74262,52.97867],[71.66889,52.94531],[71.62287,53.03073],[71.6066,53.0418],[71.71959,53.07573],[71.69651,53.13427],[71.73954,53.21254],[71.66842,53.29706],[71.64189,53.30916],[71.63281,53.31062],[71.60908,53.38346],[71.60588,53.40159],[71.57283,53.42323],[71.5272,53.40761],[71.51289,53.39865],[71.45369,53.39005],[71.43257,53.38468],[71.4061,53.37044],[71.40515,53.35914],[71.39346,53.34871],[71.31546,53.32601],[71.29265,53.32643],[71.27019,53.31613],[71.24904,53.30393],[71.22323,53.30771],[71.19473,53.31593],[71.17199,53.31673],[71.1425,53.31623],[71.14452,53.32854],[71.12988,53.32945],[71.0781,53.3302],[71.01195,53.33098],[71.0634,53.42172],[71.02316,53.42102],[71.02321,53.42767],[70.89021,53.42858],[70.58365,53.43013],[70.58434,53.33366],[70.55638,53.33427],[70.53425,53.33366],[70.44785,53.32166],[70.44698,53.27968],[70.4555,53.26561],[70.45551,53.23382],[70.36007,53.22139],[70.31887,53.22757],[70.31604,53.25056],[70.30839,53.26339],[70.29632,53.2922],[70.23385,53.36737],[70.21009,53.36753],[70.20983,53.35847],[70.0109,53.36048],[69.9974,53.3624],[70.01423,53.3799],[70.00937,53.41845],[70.03095,53.42574],[70.05183,53.42912],[70.06479,53.42991],[70.07107,53.43334],[70.07207,53.46332],[70.07409,53.46811],[70.07031,53.48731],[70.07443,53.50042],[70.0739,53.50743],[70.05547,53.51035],[70.03361,53.5092],[70.01524,53.50957],[69.99617,53.51602],[69.97818,53.52303],[69.94255,53.52112],[69.92866,53.52088],[69.91354,53.5241],[69.91085,53.52031],[69.87415,53.52998],[69.87072,53.51912],[69.83999,53.51863],[69.84069,53.63218],[69.80287,53.63223],[69.80296,53.66829],[69.68077,53.66827],[69.68074,53.67712],[69.65803,53.67727],[69.66218,53.68073],[69.65767,53.68175],[69.65556,53.68003],[69.64829,53.67861],[69.64709,53.68317],[69.64382,53.6833],[69.64307,53.68002],[69.63901,53.6797],[69.63656,53.6777],[69.63409,53.67984],[69.54559,53.67926],[69.54566,53.64921],[69.48393,53.64941],[69.47889,53.63547],[69.43931,53.63492],[69.42764,53.60275],[69.41869,53.60286],[69.37952,53.59843],[69.37986,53.57262],[69.41014,53.57221],[69.41084,53.55123],[69.42786,53.55083],[69.41838,53.52762],[69.37424,53.5195],[69.36807,53.51641],[69.34439,53.51143],[69.30542,53.50726],[69.30578,53.55748],[69.27084,53.5557],[69.27105,53.56924],[69.24076,53.56937],[69.24091,53.59624],[69.13535,53.59641],[69.13573,53.67723],[69.02811,53.6765],[69.02788,53.61484],[68.89156,53.61474],[68.89688,53.62628],[68.89939,53.64404],[68.81823,53.64788],[68.81838,53.63446],[68.72941,53.64175],[68.73284,53.63271],[68.73616,53.60927],[68.75541,53.5959],[68.74808,53.57855],[68.75671,53.57111],[68.7695,53.5663],[68.76296,53.55392],[68.75159,53.55334],[68.74836,53.55064],[68.65264,53.55248],[68.65249,53.52947],[68.65678,53.529],[68.65003,53.50432],[68.62064,53.51231],[68.60421,53.5088],[68.59455,53.48908],[68.58466,53.48152],[68.5639,53.48497],[68.55995,53.46395],[68.53149,53.46226],[68.50379,53.47444],[68.48115,53.46053],[68.50704,53.40816],[68.50073,53.39335],[68.51903,53.37961],[68.52932,53.32666],[68.54951,53.32736],[68.54753,53.31789],[68.55664,53.30687],[68.57333,53.29892],[68.57944,53.2997],[68.57923,53.27226],[68.59372,53.26952],[68.59861,53.2695],[68.63813,53.27521],[68.64276,53.27538],[68.65958,53.27448],[68.66598,53.27353],[68.67867,53.27058],[68.70598,53.26654],[68.69621,53.20967],[68.72784,53.20688],[68.72605,53.19659],[68.75208,53.19553],[68.74267,53.1255],[68.70231,53.11488],[68.71667,53.10758],[68.72679,53.10011],[68.7369,53.09415],[68.74007,53.09487],[68.7842,53.09121],[68.77342,53.07724],[68.74322,53.03364],[68.7012,53.0077],[68.66469,52.99365],[68.62848,52.98295],[68.62101,52.97047],[68.63964,52.9384],[68.66598,52.87006],[68.65517,52.86981],[68.64031,52.86322],[68.65045,52.85367],[68.68784,52.82771],[68.68361,52.81235],[68.68164,52.81243],[68.67689,52.79503],[68.65772,52.79161],[68.63173,52.80096],[68.59496,52.7839],[68.57374,52.78214],[68.56299,52.78226],[68.56131,52.77351],[68.55557,52.7669],[68.53907,52.73763],[68.50357,52.73841],[68.49529,52.75585],[68.48398,52.75075],[68.45594,52.73594],[68.42014,52.72079],[68.40279,52.71635],[68.40581,52.71213],[68.41185,52.7083],[68.41597,52.70774],[68.41488,52.7039],[68.39326,52.65613],[68.36105,52.65705],[68.34107,52.61535],[68.33812,52.60566],[68.2287,52.60678],[68.16134,52.59384],[68.15696,52.57618],[68.14971,52.56024],[68.14001,52.54516],[67.99039,52.54426],[67.99011,52.53521],[67.99169,52.52653],[67.99605,52.48326],[68.03913,52.48354],[68.05104,52.46086],[67.99529,52.40183],[68.00033,52.37952],[67.96887,52.36268],[67.98456,52.35474],[67.97901,52.35159],[67.96955,52.35125],[67.9139,52.37664],[67.88071,52.337],[67.90332,52.32679],[67.86011,52.27378],[67.80591,52.30516],[67.73336,52.34693],[67.69505,52.35948],[67.5957,52.37273],[67.53793,52.42652],[67.4287,52.42733],[67.42248,52.42873],[67.29905,52.42808],[67.29655,52.42345],[67.29687,52.31537],[67.29718,52.20696],[67.17431,52.23895],[67.13819,52.2473],[67.09997,52.25698],[67.05724,52.24365],[67.02471,52.24435],[67.00393,52.24688],[66.98544,52.2507],[66.95554,52.24767],[66.93136,52.24464],[66.91238,52.24332],[66.82862,52.26051],[66.78098,52.28121],[66.62365,52.27348],[66.54204,52.2818],[66.54218,52.29009],[66.54417,52.29335],[66.5492,52.29625],[66.5555,52.30121],[66.5628,52.30192],[66.56544,52.30474],[66.54121,52.36862],[66.49064,52.37533],[66.44239,52.3658],[66.38847,52.36194],[66.35487,52.35998],[66.23999,52.33222],[66.0782,52.45168],[66.05992,52.44796],[66.00679,52.43435],[65.99865,52.20464],[65.98532,52.19621],[65.86895,52.14087],[65.8546,52.09306],[65.8658,52.0887],[65.86814,52.08268],[65.86469,52.0807],[65.8497,52.08081],[65.82751,52.01632],[65.81657,51.99384],[65.76851,51.92051],[65.76048,51.87244],[65.52849,51.80193],[65.51776,51.79568],[65.50584,51.79833],[65.35242,51.79349],[65.38314,51.6849],[65.52091,51.68433],[65.57733,51.62816],[65.56916,51.58338],[65.53717,51.51405],[65.46151,51.44008],[65.5467,51.40349],[65.38801,51.32676],[65.39511,51.3164],[65.39807,51.31336],[65.39603,51.31257],[65.40318,51.30194],[65.48159,51.24315],[65.42606,51.20337],[65.45041,51.18573],[65.56066,51.13624],[65.63296,51.08237],[65.62611,51.06849],[65.61004,51.05456],[65.61206,51.03263],[65.61581,51.02972],[65.61421,51.00611],[65.57936,50.89637],[65.58529,50.89562],[65.58512,50.88863],[65.60463,50.8309],[65.62119,50.82678],[65.62796,50.82735],[65.6319,50.83304],[65.63423,50.8348],[65.64278,50.83889],[65.65582,50.84158],[65.66061,50.84441],[65.66269,50.84687],[65.66672,50.84743],[65.67582,50.84754],[65.68302,50.84662],[65.68808,50.84539],[65.69311,50.8461],[65.70005,50.8451],[65.70711,50.84657],[65.70834,50.84868],[65.72064,50.85366],[65.72875,50.85386],[65.73385,50.85191],[65.74362,50.85074],[65.74717,50.84809],[65.75232,50.84786],[65.76352,50.85211],[65.77429,50.85201],[65.78929,50.85445],[65.79376,50.85942],[65.79608,50.86056],[65.7983,50.86721],[65.80835,50.87481],[65.8097,50.87718],[65.81649,50.88191],[65.8195,50.88234],[65.82461,50.88525],[65.86194,50.96438],[65.94172,50.94255],[65.94989,50.95941],[65.97607,50.95222],[65.97757,50.95469],[65.99444,50.94935],[65.98953,50.94659],[66.00302,50.93871],[66.02761,50.92063],[66.05281,50.90232],[66.07066,50.8876],[66.06115,50.88369],[66.088,50.87174],[66.08428,50.8294],[66.09351,50.82575],[66.09522,50.82663],[66.10188,50.82327],[66.09185,50.81485],[66.11681,50.80481],[66.10955,50.7982],[66.13275,50.78814],[66.1565,50.80986],[66.17843,50.80015],[66.2018,50.82513],[66.21854,50.82251],[66.24064,50.82737],[66.3156,50.68543],[66.43314,50.71065],[66.49551,50.6731],[66.64003,50.62704],[66.66632,50.63586],[66.72449,50.6115],[66.85016,50.64504],[66.88256,50.64979],[66.9909,50.65819],[67.1108,50.62215],[67.09563,50.5461],[67.06595,50.53084],[67.10837,50.43639],[67.13189,50.38392],[67.31584,50.42877],[67.49971,50.47356],[67.55627,50.48589],[67.56398,50.49233],[67.59207,50.48993],[67.60511,50.48418],[67.65096,50.48118],[67.68499,50.48684],[67.72505,50.48383],[67.74888,50.48841],[67.78239,50.48516],[67.83851,50.49914],[67.86475,50.51683],[67.89998,50.52755],[67.9201,50.53782],[67.9233,50.54592],[67.93867,50.55301],[67.93617,50.55624],[67.93439,50.56309],[67.9343,50.56711],[67.93306,50.56992],[67.93469,50.57234],[67.93784,50.57434],[67.93758,50.57686],[67.93353,50.58007],[67.93784,50.58505],[67.93801,50.59163],[67.94284,50.59583],[67.94115,50.60089],[67.93642,50.60358],[67.93527,50.6092],[67.9276,50.61526],[67.91709,50.61838],[67.91666,50.62121],[67.92059,50.62471],[67.92103,50.62786],[67.91647,50.63094],[67.91502,50.63291],[67.91629,50.63702],[67.91299,50.64008],[67.90711,50.64084],[67.90154,50.64497],[67.90132,50.6478],[67.90566,50.65088],[67.90537,50.65274],[67.90144,50.65467],[67.89076,50.65638],[67.91676,50.65695],[67.94696,50.65319],[67.98783,50.66049],[68.02911,50.6554],[68.04612,50.66107],[68.08167,50.63036],[68.11599,50.61903],[68.14512,50.61889],[68.17591,50.6344],[68.21058,50.64184],[68.21818,50.65006],[68.25591,50.65707],[68.3278,50.7116],[68.33054,50.72329],[68.36239,50.73129],[68.3728,50.73907],[68.40495,50.74644],[68.43127,50.7557],[68.46115,50.75831],[68.47786,50.7629],[68.48154,50.767],[68.47755,50.77752],[68.51239,50.80408],[68.80128,50.79953],[68.79239,50.56015],[68.77335,50.54806],[68.7495,50.51244],[68.76056,50.47097],[68.73685,50.42003],[68.72978,50.30194],[68.69061,50.27665],[68.67393,50.24401],[68.71624,50.24411],[68.75171,50.23925],[68.7503,50.21405],[68.78889,50.22134],[68.82425,50.20233],[68.85195,50.20533],[68.96513,50.17627],[69.05054,50.19059],[69.0813,50.17921],[69.08133,50.19502],[69.10904,50.19697],[69.15285,50.17815],[69.16458,50.23248],[69.18454,50.25997],[69.21419,50.23725],[69.25938,50.23483],[69.30407,50.24603],[69.29364,50.30337],[69.24502,50.30002],[69.26617,50.35827],[69.3722,50.38762],[69.42118,50.3336],[69.44706,50.37698],[69.48553,50.36151],[69.51878,50.29517],[69.58454,50.28899],[69.60074,50.28237],[69.60126,50.19758],[69.60742,50.1989],[69.61222,50.19846],[69.61583,50.19626],[69.62149,50.19395],[69.62596,50.19483],[69.62802,50.19747],[69.63454,50.19857],[69.64776,50.19351],[69.65188,50.19285],[69.65668,50.19527],[69.66269,50.19571],[69.66595,50.19417],[69.67127,50.1934],[69.67436,50.19571],[69.67934,50.19472],[69.67905,50.19235],[69.68161,50.19039],[69.68509,50.18986],[69.69039,50.19106],[69.69836,50.19014],[69.70178,50.19373],[69.70656,50.1954],[69.70878,50.19753],[69.71107,50.1962],[69.7143,50.19712],[69.71458,50.19986],[69.72202,50.20133],[69.72944,50.20107],[69.734,50.19837],[69.73643,50.19539],[69.73924,50.19559],[69.7961,50.20871],[69.94858,50.23192],[69.96149,50.23261],[69.9661,50.23439],[69.97647,50.23541],[69.97733,50.2369],[69.98438,50.2369],[69.99159,50.23833],[70.00275,50.24206],[70.01013,50.24656],[70.01219,50.24722],[70.01889,50.24678],[70.02301,50.24448],[70.02902,50.24448],[70.03022,50.24536],[70.04412,50.24964],[70.05253,50.25337],[70.05768,50.25699],[70.06163,50.25765],[70.07004,50.25611],[70.07296,50.25271],[70.07794,50.24371],[70.08429,50.24228],[70.08618,50.24118],[70.09442,50.23218],[70.09579,50.22856],[70.09802,50.21856],[70.09785,50.21615],[70.09133,50.21296],[70.08498,50.20922],[70.08223,50.20417],[70.08378,50.20219],[70.0927,50.20076],[70.10506,50.20186],[70.11141,50.20043],[70.11656,50.20043],[70.11725,50.20219],[70.1224,50.20373],[70.12412,50.2056],[70.13047,50.20615],[70.1339,50.20824],[70.13304,50.2112],[70.13407,50.21263],[70.14111,50.21647],[70.14386,50.21669],[70.15536,50.21186],[70.15896,50.20999],[70.16308,50.20296],[70.16583,50.20142],[70.17184,50.20076],[70.17321,50.19868],[70.17012,50.19263],[70.16755,50.19065],[70.16463,50.18549],[70.15587,50.18428],[70.15141,50.18285],[70.14935,50.17944],[70.14935,50.17691],[70.14763,50.17395],[70.1454,50.17307],[70.14472,50.17043],[70.14643,50.16933],[70.14969,50.16482],[70.1509,50.16053],[70.14918,50.15481],[70.13665,50.15008],[70.13287,50.14557],[70.13596,50.14249],[70.13665,50.13908],[70.13476,50.13644],[70.13476,50.13281],[70.1327,50.12951],[70.13236,50.12599],[70.13081,50.12379],[70.12618,50.12004],[70.12154,50.11817],[70.11914,50.11498],[70.11485,50.11157],[70.11433,50.10915],[70.11759,50.10562],[70.11691,50.10111],[70.11931,50.09924],[70.12412,50.09263],[70.12875,50.09076],[70.13476,50.08701],[70.13836,50.08239],[70.13716,50.07886],[70.13064,50.07655],[70.11965,50.07567],[70.11759,50.07291],[70.11296,50.06972],[70.1109,50.06696],[70.11399,50.06002],[70.11519,50.05539],[70.11828,50.05352],[70.11948,50.04889],[70.12274,50.04536],[70.12841,50.04404],[70.13322,50.04128],[70.13648,50.04062],[70.14008,50.0415],[70.14575,50.03919],[70.14815,50.03919],[70.15175,50.04183],[70.15914,50.04316],[70.16102,50.04426],[70.16652,50.04272],[70.16841,50.04073],[70.17287,50.04194],[70.17441,50.04073],[70.17802,50.04095],[70.18386,50.04437],[70.19364,50.04492],[70.1969,50.04613],[70.20033,50.05054],[70.20377,50.05231],[70.21218,50.05319],[70.21956,50.04735],[70.22523,50.04735],[70.2302,50.04823],[70.23809,50.05481],[70.24742,50.05611],[70.25292,50.05503],[70.26205,50.05621],[70.26349,50.05861],[70.26908,50.06046],[70.27163,50.05966],[70.27942,50.06263],[70.28591,50.06142],[70.2886,50.05859],[70.29892,50.06013],[70.30658,50.06538],[70.30827,50.06957],[70.32024,50.07338],[70.32573,50.07179],[70.33754,50.06961],[70.34574,50.07296],[70.34907,50.07903],[70.35021,50.08423],[70.35498,50.08494],[70.36085,50.08296],[70.37814,50.08581],[70.38804,50.09282],[70.39496,50.09274],[70.39644,50.09065],[70.40342,50.09286],[70.43843,50.09678],[70.50024,50.12311],[70.52783,50.13319],[70.54832,50.14898],[70.49975,50.20781],[70.47529,50.23474],[70.48648,50.23926],[70.62677,50.28786],[70.64877,50.29277],[70.67208,50.28504],[70.69153,50.26965],[70.73,50.23116],[70.75057,50.25025],[70.75192,50.28716],[70.76999,50.39221],[70.77032,50.4167],[70.76949,50.44133],[70.78283,50.43877],[70.79565,50.4405],[70.8237,50.45094],[70.84257,50.46059],[70.85371,50.47701],[70.92058,50.46859],[70.94868,50.47163],[70.95174,50.47721],[71.0639,50.50748],[71.05632,50.55343],[71.05838,50.55679],[71.1274,50.60922],[71.21161,50.60633],[71.22879,50.6517],[71.33143,50.65155],[71.32809,50.67522],[71.34019,50.70144],[71.33542,50.72176],[71.40736,50.75006],[71.40575,50.74742],[71.414,50.74561],[71.43915,50.75168],[71.45035,50.75466],[71.45807,50.75184],[71.47675,50.75973],[71.47952,50.76446],[71.4932,50.76922],[71.50082,50.77788],[71.51162,50.78292],[71.5268,50.79362],[71.54111,50.79184],[71.55537,50.77332],[71.65155,50.78889],[71.65337,50.78523],[71.65851,50.7549],[71.67611,50.75015],[71.71359,50.74671],[71.73567,50.75434],[71.76252,50.72472],[71.79512,50.69382],[71.81775,50.70271],[71.83661,50.6827],[71.82104,50.66334],[71.79263,50.6525],[71.75909,50.62646],[71.76915,50.61727],[71.78775,50.61572],[71.80147,50.61],[71.80659,50.59885],[71.81644,50.58926],[71.78696,50.55574],[71.77983,50.5056],[71.77302,50.49],[71.75357,50.4668],[71.73992,50.45277],[71.72096,50.44524],[71.71023,50.42905],[71.79968,50.42409],[71.80864,50.46505],[71.87562,50.46573],[71.89423,50.46635],[71.92238,50.46554],[71.93655,50.46629],[72.01173,50.46694],[72.01702,50.46248],[72.024,50.45928],[72.03893,50.45578],[72.05898,50.44503],[72.0818,50.42699],[72.1021,50.41305],[72.10507,50.41178],[72.12284,50.40952],[72.11707,50.44526],[72.18483,50.45109],[72.20279,50.4552],[72.19443,50.45638],[72.16995,50.53926],[72.23616,50.56188],[72.2668,50.59369],[72.379,50.55606],[72.44583,50.56493],[72.4787,50.60801],[72.47537,50.61395],[72.47276,50.61633],[72.46135,50.62345],[72.42878,50.63854],[72.42461,50.64102],[72.40326,50.65658],[72.40466,50.65874],[72.40317,50.6638],[72.40003,50.66937],[72.39923,50.67779],[72.41057,50.68821],[72.43844,50.70682],[72.44811,50.71439],[72.45459,50.72035],[72.46437,50.72697],[72.47537,50.73694],[72.48171,50.74024],[72.49491,50.74424],[72.50547,50.73428],[72.50503,50.72326],[72.51155,50.7212],[72.51298,50.71884],[72.51364,50.71336],[72.51554,50.71176],[72.51919,50.71161],[72.52445,50.73446],[72.66244,50.74963],[72.67648,50.76961],[72.68656,50.78574],[72.70161,50.80506],[72.71691,50.81859],[72.72176,50.83563],[72.75244,50.84567],[72.76966,50.85951],[72.77411,50.87022],[72.77653,50.873],[72.79236,50.88739],[72.97961,50.8617],[72.98298,50.86338],[73.00514,50.88314],[73.05041,50.89268],[73.1692,50.92163],[73.17037,50.99388],[73.17566,50.99292],[73.18155,50.99512],[73.18645,50.99469],[73.18997,50.99736],[73.19622,50.99819],[73.20157,50.99714],[73.20629,50.99861],[73.21013,50.99883],[73.21999,51.00121],[73.22458,51.00148],[73.22795,51.00077],[73.23532,51.00251],[73.23807,51.00141],[73.24569,51.00339],[73.25742,51.00527],[73.26863,51.0086],[73.27233,51.00855],[73.28354,51.01117],[73.2861,51.01012],[73.29845,51.01283],[73.30194,51.01284],[73.30489,51.01525],[73.30849,51.0153],[73.31459,51.01657],[73.31389,51.01281],[73.32089,51.01208],[73.32687,51.01356],[73.32957,51.01334],[73.33903,51.01534],[73.34022,51.01722],[73.3482,51.01804],[73.34924,51.01941],[73.35506,51.01858],[73.35645,51.02027],[73.36048,51.02101],[73.36694,51.02099],[73.37402,51.02333],[73.37513,51.02199],[73.37962,51.02301],[73.37955,51.02452],[73.38613,51.02389],[73.38732,51.02496],[73.39425,51.02537],[73.39809,51.02478],[73.39934,51.02687],[73.40509,51.02779],[73.40909,51.03008],[73.41418,51.03113],[73.41716,51.03571],[73.42337,51.03847],[73.42174,51.04024],[73.42728,51.04375],[73.42677,51.04657],[73.42998,51.04915],[73.43472,51.05084],[73.44089,51.0555],[73.44387,51.05689],[73.4489,51.05598],[73.45696,51.05749],[73.45638,51.05999],[73.46335,51.06177],[73.46542,51.06143],[73.47303,51.06399],[73.47692,51.06606],[73.47878,51.0722],[73.48518,51.0754],[73.48402,51.07796],[73.4882,51.08005],[73.4895,51.08293],[73.49411,51.0843],[73.49584,51.08634],[73.49945,51.08727],[73.49808,51.09105],[73.49877,51.09282],[73.50752,51.09776],[73.51084,51.09852],[73.51891,51.09638],[73.52519,51.09682],[73.53008,51.09972],[73.53141,51.10358],[73.53595,51.1051],[73.53643,51.10631],[73.54124,51.10638],[73.5419,51.11132],[73.54739,51.11354],[73.55425,51.11436],[73.55527,51.11677],[73.55948,51.11529],[73.56675,51.11661],[73.57024,51.11639],[73.57445,51.11997],[73.57807,51.1209],[73.57726,51.12276],[73.43783,51.1791],[73.388,51.16014],[73.36136,51.16295],[73.347,51.12504],[73.34095,51.12445],[73.33376,51.1211],[73.32,51.12104],[73.31246,51.15137],[73.28984,51.16854],[73.28092,51.17441],[73.26545,51.206],[73.2482,51.23156],[73.19672,51.2159],[73.16921,51.26144],[73.15622,51.27673],[73.17447,51.28425],[73.19634,51.28952],[73.20407,51.28843],[73.20898,51.29505],[73.22333,51.30477],[73.26595,51.27466],[73.27648,51.27521],[73.28357,51.2744],[73.29187,51.2766],[73.2993,51.27619],[73.30414,51.27431],[73.31089,51.27382],[73.31685,51.27597],[73.3212,51.27504],[73.32526,51.27813],[73.33719,51.27896],[73.35258,51.28229],[73.35998,51.2843],[73.36135,51.29689],[73.37562,51.30049],[73.39366,51.30346],[73.40107,51.29013],[73.41729,51.26685],[73.42944,51.25557],[73.44081,51.29648],[73.4755,51.30979],[73.50108,51.30618],[73.51214,51.30628],[73.53496,51.30751],[73.67107,51.27862],[73.68564,51.28739],[73.69052,51.31074],[73.69865,51.31983],[73.70095,51.33916],[73.71861,51.34649],[73.73169,51.36087],[73.78327,51.37466],[73.79747,51.38154],[73.80307,51.39013],[73.81433,51.39407],[73.8184,51.40461],[73.8087,51.41089],[73.80414,51.42423],[73.81195,51.42685],[73.81118,51.43887],[73.81576,51.44021],[73.98559,51.50128],[74.04703,51.50915],[74.07822,51.50866],[74.13427,51.51289],[74.16286,51.53015],[74.26004,51.52349],[74.25351,51.5393],[74.25067,51.56184],[74.16981,51.57806],[74.09936,51.59465],[74.06543,51.59506],[74.03693,51.59892],[74.01994,51.61943],[74.00731,51.64301],[73.90084,51.62883],[73.792,51.62518],[73.77786,51.62743],[73.77911,51.63128],[73.7851,51.63378],[73.78557,51.63718],[73.78222,51.64132],[73.78483,51.64294],[73.78739,51.64653],[73.78613,51.64805],[73.78689,51.65168],[73.79034,51.65307],[73.79334,51.65559],[73.79671,51.65602],[73.79914,51.6547],[73.8032,51.66008],[73.80277,51.66437],[73.80488,51.66723],[73.80027,51.67362],[73.79523,51.67564],[73.79702,51.67809],[73.79372,51.68104],[73.79306,51.68589],[73.79046,51.68665],[73.78709,51.68949],[73.78923,51.69007],[73.79029,51.69489],[73.79321,51.69913],[73.78972,51.70058],[73.7892,51.70289],[73.78642,51.70382],[73.78774,51.70748],[73.79033,51.70995],[73.79056,51.71194],[73.78773,51.71416],[73.79115,51.71501],[73.79498,51.71812],[73.79534,51.71987],[73.79118,51.72735],[73.79235,51.73011],[73.79868,51.7317],[73.79679,51.73619],[73.80061,51.73836],[73.799,51.74157],[73.79989,51.74601],[73.79806,51.75235],[73.80019,51.75421],[73.80643,51.7561],[73.80881,51.75824],[73.81038,51.76158],[73.80982,51.76383],[73.81391,51.76633],[73.81337,51.76969],[73.81605,51.77046],[73.81379,51.77267],[73.81275,51.77586],[73.81597,51.77881],[73.81453,51.78064],[73.81706,51.78311],[73.81661,51.7899],[73.821,51.79041],[73.82198,51.79214],[73.82131,51.79595],[73.81705,51.79663],[73.80926,51.79599],[73.81019,51.79915],[73.80907,51.80318],[73.81474,51.8077],[73.81883,51.80916],[73.8223,51.81343],[73.82683,51.81523],[73.83656,51.80628],[73.85558,51.81967],[73.90504,51.84952],[73.93217,51.87667],[73.96907,51.89299],[74.02752,51.89164],[74.0302,51.9321],[74.00038,51.93212],[74.00035,52.3187],[74.00037,52.45268],[74.0004,52.54352],[73.92154,52.54374],[73.92188,52.59283]],[[71.22217,51.09871],[71.22591,51.10102],[71.2398,51.13878],[71.23614,51.14955],[71.23856,51.15223],[71.24258,51.15231],[71.24276,51.15756],[71.25441,51.15813],[71.25297,51.17589],[71.26538,51.17426],[71.2819,51.17931],[71.28079,51.18064],[71.27637,51.18016],[71.27493,51.18216],[71.26996,51.18503],[71.27182,51.18936],[71.26233,51.18968],[71.25711,51.19039],[71.24922,51.19374],[71.24877,51.19501],[71.24316,51.19693],[71.24464,51.1992],[71.24045,51.20136],[71.24162,51.20328],[71.24046,51.20557],[71.24156,51.20754],[71.23817,51.20854],[71.24118,51.21186],[71.24104,51.21528],[71.24613,51.22103],[71.24769,51.22431],[71.24621,51.22663],[71.25565,51.23873],[71.27347,51.24124],[71.30156,51.23319],[71.30397,51.23698],[71.31913,51.25283],[71.33488,51.26662],[71.34082,51.2687],[71.34213,51.26707],[71.34669,51.2673],[71.36639,51.27118],[71.36421,51.27571],[71.35558,51.29769],[71.38509,51.30233],[71.40011,51.26734],[71.41377,51.27066],[71.42814,51.27465],[71.45039,51.2716],[71.4685,51.27845],[71.47588,51.28641],[71.49088,51.28862],[71.4985,51.29011],[71.49834,51.28364],[71.46953,51.26139],[71.50336,51.25408],[71.55224,51.24294],[71.55506,51.24693],[71.55868,51.24852],[71.56251,51.24855],[71.56599,51.25288],[71.56694,51.25748],[71.5767,51.26295],[71.59412,51.27765],[71.60211,51.26858],[71.61881,51.24848],[71.57427,51.22038],[71.58343,51.20272],[71.5879,51.1986],[71.62187,51.18858],[71.64312,51.14233],[71.64539,51.13993],[71.67324,51.14104],[71.67329,51.14014],[71.6849,51.14057],[71.69212,51.13957],[71.71106,51.13209],[71.71491,51.13138],[71.70447,51.1116],[71.74103,51.1042],[71.74233,51.10141],[71.73897,51.10016],[71.73904,51.09744],[71.73566,51.0965],[71.73001,51.09951],[71.72811,51.1029],[71.72327,51.10302],[71.72259,51.10149],[71.71799,51.09956],[71.71096,51.0986],[71.70674,51.09679],[71.71019,51.09546],[71.70864,51.09319],[71.70085,51.09211],[71.69936,51.08943],[71.69635,51.0893],[71.69393,51.09355],[71.6889,51.09135],[71.68313,51.0916],[71.68064,51.0904],[71.67911,51.08532],[71.65885,51.08928],[71.63496,51.09467],[71.61513,51.09938],[71.60378,51.08578],[71.5883,51.07463],[71.57974,51.07032],[71.56444,51.05729],[71.55609,51.04869],[71.5477,51.05091],[71.54576,51.0487],[71.53418,51.04719],[71.50259,51.04547],[71.49801,51.04258],[71.50157,51.03915],[71.49243,51.03436],[71.47755,51.02499],[71.47888,51.02413],[71.47565,51.02158],[71.47402,51.0224],[71.4625,51.01659],[71.45971,51.01232],[71.45719,51.00695],[71.45475,51.00491],[71.45419,51.00068],[71.43832,51.00354],[71.41444,51.00712],[71.40295,51.00906],[71.40038,51.0101],[71.38179,51.01298],[71.38011,51.01299],[71.33554,51.01909],[71.33175,51.02147],[71.31847,51.02375],[71.31236,51.02331],[71.30783,51.02221],[71.30302,51.02272],[71.28954,51.02158],[71.28662,51.02242],[71.27969,51.02639],[71.27224,51.03331],[71.26932,51.03505],[71.26846,51.0392],[71.26311,51.04243],[71.26166,51.04456],[71.25768,51.04748],[71.25543,51.0504],[71.25617,51.05313],[71.25471,51.05502],[71.25605,51.05969],[71.25587,51.06296],[71.25083,51.06804],[71.24517,51.06859],[71.2261,51.09976],[71.22217,51.09871]],[[71.64153,51.33167],[71.66781,51.33988],[71.68387,51.35094],[71.6951,51.35111],[71.69271,51.34888],[71.69774,51.34659],[71.70113,51.34977],[71.70633,51.3476],[71.70391,51.34283],[71.69992,51.33888],[71.69737,51.33534],[71.69383,51.33371],[71.6866,51.32889],[71.68424,51.32565],[71.67249,51.31745],[71.67332,51.31566],[71.67042,51.31377],[71.67423,51.31114],[71.67187,51.30943],[71.66664,51.31309],[71.65643,51.31822],[71.65131,51.32152],[71.64153,51.33167]],[[71.74039,51.16606],[71.78511,51.16557],[71.78519,51.1573],[71.78242,51.15046],[71.76614,51.14469],[71.76088,51.14572],[71.74686,51.16215],[71.74039,51.16606]]]},"properties":{"area_code":"akmola","area_name":"Akmola","boundary_source_name":"Akmola Region","area_unit_id":"kz-region-2009-geoboundaries-adm1:akmola","boundary_set_id":"kz-region-2009-geoboundaries-adm1","boundary_level":"region","boundary_vintage":"2009 census 16-region frame (geoBoundaries ADM1, 2017)","land_area_sq_km":146070.62733579532}},
{"type":"Feature","geometry":{"type":"MultiPolygon","coordinates":[[[[59.05028,45.80541],[59.04112,45.80383],[59.03044,45.80515],[59.02653,45.80689],[59.01899,45.8088],[59.01834,45.81188],[59.01232,45.81421],[59.00416,45.81612],[58.99344,45.81516],[58.98736,45.81349],[58.96736,45.80134],[58.94547,45.79435],[58.94399,45.79135],[58.93447,45.78984],[58.93095,45.7865],[58.93093,45.76841],[58.92886,45.76555],[58.92407,45.75503],[58.92269,45.7455],[58.92308,45.74308],[58.92136,45.73909],[58.92,45.7311],[58.92222,45.72429],[58.92432,45.72225],[58.92535,45.71822],[58.9239,45.71528],[58.92429,45.71318],[58.9273,45.71002],[58.92731,45.70481],[58.92595,45.69994],[58.92877,45.6966],[58.93009,45.69243],[58.92874,45.68513],[58.92947,45.68124],[58.92938,45.67268],[58.9251,45.65081],[58.91986,45.6459],[58.91842,45.64361],[58.91676,45.63662],[58.90982,45.62442],[58.89727,45.60841],[58.88742,45.59787],[58.87882,45.59002],[58.8681,45.58138],[58.8598,45.5764],[58.85111,45.57523],[58.83987,45.57289],[58.8312,45.57013],[58.81884,45.56273],[58.80176,45.55625],[58.77926,45.54502],[58.76818,45.53116],[58.76013,45.52483],[58.75669,45.52371],[58.75412,45.51887],[58.75174,45.51701],[58.74854,45.50812],[58.74736,45.50637],[58.75879,45.50038],[59.0966,45.3229],[59.06382,45.6666],[59.05028,45.80541]]],[[[61.68956,51.25568],[61.56797,51.23772],[61.5478,51.16408],[61.5122,51.0362],[61.50554,51.01525],[61.48611,50.95943],[61.44916,50.80633],[61.3922,50.79344],[61.35455,50.78461],[61.32287,50.77749],[61.24771,50.76012],[61.23005,50.75594],[61.177,50.74364],[61.02192,50.70725],[60.98709,50.69905],[60.92878,50.685],[60.85966,50.6691],[60.80865,50.6563],[60.78492,50.66079],[60.74119,50.66517],[60.69879,50.66607],[60.60056,50.66175],[60.56045,50.66103],[60.51701,50.66369],[60.49014,50.6649],[60.46329,50.66438],[60.32555,50.67],[60.18284,50.77836],[60.21695,50.81254],[60.18802,50.83928],[60.17387,50.84048],[60.16283,50.84026],[60.16292,50.83612],[60.15723,50.83563],[60.15718,50.84015],[60.14692,50.83994],[60.1352,50.83143],[60.06734,50.82184],[60.01535,50.82191],[59.97275,50.7687],[59.99751,50.67485],[59.99331,50.67332],[59.97891,50.66706],[59.96481,50.66251],[59.96091,50.66094],[59.92929,50.64594],[59.9091,50.63586],[59.87069,50.6069],[59.862,50.59888],[59.8141,50.53611],[59.77595,50.54107],[59.61423,50.53066],[59.50993,50.49476],[59.51694,50.52807],[59.45786,50.54293],[59.45726,50.54735],[59.4603,50.54903],[59.46264,50.55376],[59.46317,50.56012],[59.46758,50.56878],[59.46303,50.5727],[59.46375,50.57605],[59.46153,50.57963],[59.46283,50.58403],[59.56871,50.57338],[59.5665,50.57751],[59.56933,50.58135],[59.5683,50.58566],[59.56427,50.58776],[59.56229,50.58675],[59.55894,50.58757],[59.55662,50.5907],[59.55208,50.59356],[59.55208,50.59569],[59.54839,50.5974],[59.54418,50.6034],[59.54071,50.60457],[59.53681,50.60837],[59.49983,50.61188],[59.47817,50.64177],[59.46147,50.6427],[59.46035,50.64429],[59.45185,50.64568],[59.44332,50.64295],[59.41862,50.63676],[59.41026,50.63935],[59.40182,50.63922],[59.39878,50.64063],[59.39629,50.63983],[59.39001,50.64104],[59.29831,50.65258],[59.27838,50.63333],[59.23541,50.66443],[59.20611,50.66762],[59.19288,50.67292],[59.16166,50.66803],[59.11768,50.68439],[59.0887,50.67711],[59.04188,50.68997],[59.03087,50.6882],[58.98164,50.69233],[58.91377,50.69551],[58.87464,50.69974],[58.87976,50.70734],[58.86996,50.70833],[58.86191,50.71673],[58.86236,50.71823],[58.85966,50.72053],[58.85769,50.72026],[58.85185,50.72172],[58.85423,50.72358],[58.85279,50.72492],[58.84651,50.72733],[58.84894,50.73766],[58.84902,50.74665],[58.84683,50.75398],[58.82794,50.76779],[58.81658,50.7709],[58.80512,50.78008],[58.77432,50.81551],[58.65697,50.8088],[58.66323,50.84158],[58.68614,50.84769],[58.69744,50.84706],[58.68909,50.88576],[58.63682,50.88005],[58.59203,50.86871],[58.57861,50.93983],[58.60495,50.94667],[58.59477,50.97105],[58.63705,50.98542],[58.60784,51.02522],[58.61362,51.03085],[58.61465,51.04729],[58.59485,51.04214],[58.58907,51.05001],[58.54484,51.07265],[58.52168,51.08353],[58.49039,51.082],[58.46199,51.08006],[58.38367,51.07484],[58.37916,51.07769],[58.37363,51.11129],[58.36217,51.11119],[58.3582,51.12279],[58.34345,51.12779],[58.33629,51.13749],[58.34238,51.14681],[58.33975,51.14806],[58.33845,51.15068],[58.32972,51.15579],[58.331,51.1585],[58.32674,51.16217],[58.32219,51.16372],[58.31903,51.16068],[58.31403,51.15911],[58.31695,51.15306],[58.31472,51.15112],[58.31215,51.15123],[58.30923,51.15349],[58.30931,51.15631],[58.3072,51.15787],[58.30415,51.15687],[58.3034,51.15358],[58.30168,51.15252],[58.29464,51.15155],[58.29263,51.1521],[58.28794,51.15961],[58.28435,51.15645],[58.28522,51.15419],[58.28338,51.15194],[58.28081,51.14657],[58.27728,51.14524],[58.27337,51.14821],[58.27249,51.15274],[58.26804,51.15397],[58.267,51.14897],[58.26725,51.14463],[58.26538,51.14304],[58.25789,51.14457],[58.24657,51.14537],[58.24231,51.14318],[58.23901,51.13995],[58.23792,51.13622],[58.23519,51.13457],[58.22936,51.13289],[58.20578,51.12937],[58.20248,51.12757],[58.2035,51.12396],[58.20898,51.11697],[58.21396,51.11428],[58.21825,51.11083],[58.21911,51.10749],[58.21602,51.09671],[58.2124,51.09399],[58.21108,51.09087],[58.20768,51.0885],[58.20177,51.08776],[58.18495,51.08701],[58.17373,51.08586],[58.17134,51.08459],[58.17017,51.08054],[58.17156,51.0759],[58.17551,51.07137],[58.17757,51.06749],[58.17722,51.06598],[58.17206,51.06322],[58.16848,51.06234],[58.1626,51.06316],[58.15736,51.06626],[58.15423,51.06525],[58.14986,51.06514],[58.13671,51.06695],[58.12967,51.06889],[58.12553,51.071],[58.1175,51.07009],[58.10719,51.07089],[58.10269,51.07009],[58.096,51.07252],[58.09398,51.0741],[58.09277,51.07741],[58.08641,51.0828],[58.08102,51.08444],[58.08076,51.08704],[58.08373,51.09345],[58.08869,51.0995],[58.09094,51.10823],[58.09031,51.11733],[58.08882,51.12075],[58.07759,51.12297],[58.07374,51.12293],[58.0662,51.11988],[58.06368,51.11673],[58.0599,51.11374],[58.05424,51.111],[58.03528,51.10937],[58.03145,51.10525],[58.02726,51.10208],[58.0241,51.09779],[58.0205,51.09499],[58.00587,51.09137],[58.00115,51.09198],[57.99784,51.09402],[57.99132,51.0925],[57.97622,51.0917],[57.9718,51.09093],[57.95708,51.08727],[57.95156,51.08625],[57.94514,51.08701],[57.93859,51.09112],[57.93484,51.09499],[57.92701,51.10411],[57.92263,51.11226],[57.92205,51.11543],[57.91904,51.11805],[57.91584,51.11778],[57.91252,51.11482],[57.9065,51.1131],[57.89733,51.11269],[57.88696,51.1103],[57.88519,51.10589],[57.88169,51.1017],[57.87637,51.0994],[57.86694,51.09939],[57.86154,51.10286],[57.8545,51.10469],[57.85073,51.10674],[57.85021,51.11005],[57.84706,51.11252],[57.84146,51.11126],[57.82924,51.11318],[57.82359,51.12128],[57.82347,51.12498],[57.82102,51.13023],[57.81312,51.13589],[57.81223,51.13881],[57.80674,51.13929],[57.80268,51.13831],[57.79924,51.13872],[57.79176,51.13808],[57.779,51.13915],[57.77107,51.13835],[57.75397,51.05508],[57.75526,50.96866],[57.74947,50.93913],[57.76092,50.91983],[57.75693,50.91899],[57.74325,50.92098],[57.7392,50.92284],[57.73751,50.92702],[57.73602,50.92775],[57.72868,50.92769],[57.71627,50.92689],[57.70174,50.92249],[57.69841,50.92045],[57.68642,50.91639],[57.68567,50.9274],[57.55905,50.93582],[57.55789,50.93335],[57.55285,50.93081],[57.5442,50.92748],[57.54195,50.92509],[57.53914,50.92436],[57.53655,50.92198],[57.53247,50.9203],[57.52681,50.91605],[57.52544,50.91325],[57.52472,50.90873],[57.52021,50.9057],[57.52274,50.90369],[57.52492,50.90024],[57.52214,50.89809],[57.52098,50.89563],[57.51816,50.8935],[57.51292,50.88609],[57.51207,50.87846],[57.50703,50.87595],[57.50394,50.87736],[57.49643,50.87747],[57.48887,50.87964],[57.48227,50.87834],[57.47815,50.87948],[57.47266,50.87834],[57.46837,50.88365],[57.46579,50.88354],[57.45999,50.88489],[57.45678,50.88484],[57.45026,50.88711],[57.44699,50.88923],[57.44433,50.88809],[57.44116,50.88906],[57.43729,50.8915],[57.43051,50.89177],[57.42545,50.8941],[57.41515,50.89659],[57.41094,50.90016],[57.41069,50.90238],[57.40622,50.90341],[57.40614,50.90525],[57.4021,50.90541],[57.39327,50.90794],[57.3852,50.91299],[57.38365,50.91846],[57.38219,50.91986],[57.37661,50.91959],[57.37326,50.91862],[57.37155,50.92078],[57.36382,50.92381],[57.36116,50.92663],[57.35927,50.92679],[57.35481,50.92993],[57.34228,50.93566],[57.33928,50.93625],[57.33301,50.94042],[57.32623,50.9408],[57.32443,50.94291],[57.32524,50.94603],[57.32777,50.95037],[57.32752,50.95464],[57.32383,50.96189],[57.32434,50.96578],[57.32065,50.9674],[57.32065,50.97167],[57.31756,50.9744],[57.31471,50.97381],[57.31194,50.97597],[57.30823,50.97667],[57.30969,50.97907],[57.31383,50.97937],[57.3155,50.98329],[57.31484,50.9878],[57.31257,50.99098],[57.30707,50.99666],[57.30443,50.99723],[57.30186,50.99485],[57.29859,50.99523],[57.29293,50.99836],[57.29593,51.00014],[57.28796,51.00335],[57.28868,51.0053],[57.29388,51.0055],[57.29494,51.00737],[57.28908,51.00886],[57.29296,51.01043],[57.29276,51.01254],[57.28849,51.01375],[57.28862,51.01727],[57.28572,51.01751],[57.28546,51.02124],[57.29033,51.02377],[57.2904,51.02522],[57.28522,51.02805],[57.28348,51.0319],[57.28568,51.03255],[57.28918,51.03059],[57.29279,51.03196],[57.29035,51.03467],[57.28942,51.03784],[57.2852,51.03581],[57.28228,51.03254],[57.27304,51.03104],[57.2704,51.03172],[57.26585,51.03019],[57.25656,51.02801],[57.25182,51.02834],[57.24617,51.02621],[57.24081,51.02681],[57.23667,51.032],[57.22995,51.03203],[57.22461,51.03695],[57.21871,51.03961],[57.21952,51.04182],[57.23073,51.04401],[57.23251,51.04834],[57.22613,51.05637],[57.20556,51.07313],[57.19605,51.09262],[57.18824,51.10228],[57.18486,51.11493],[57.14479,51.0991],[57.1454,51.08756],[57.05652,51.06993],[57.02479,51.06774],[56.98425,51.06261],[56.94314,51.08756],[56.88813,51.06034],[56.85928,51.07354],[56.81983,51.08573],[56.80029,51.08927],[56.78475,51.09381],[56.7739,51.09163],[56.74308,51.08254],[56.73414,51.0782],[56.73078,51.07886],[56.72313,51.07868],[56.71512,51.07602],[56.70443,51.07752],[56.69968,51.07496],[56.70901,51.05449],[56.71273,51.04774],[56.72643,51.02393],[56.72943,51.01591],[56.73665,51.00674],[56.7518,50.98152],[56.74759,50.98209],[56.7434,50.97947],[56.73694,50.98024],[56.73313,50.97819],[56.728,50.97857],[56.72269,50.97739],[56.72139,50.97432],[56.71615,50.97554],[56.71205,50.97411],[56.70568,50.9748],[56.70227,50.97793],[56.7034,50.97972],[56.70115,50.98145],[56.69734,50.98241],[56.69715,50.98378],[56.68798,50.98437],[56.68311,50.98548],[56.67807,50.98817],[56.67217,50.98778],[56.66356,50.98562],[56.65516,50.9859],[56.65315,50.98761],[56.64324,50.98659],[56.64013,50.98706],[56.63394,50.98523],[56.62656,50.98639],[56.62324,50.988],[56.61832,50.98653],[56.61618,50.98912],[56.62047,50.99231],[56.6197,50.99451],[56.61648,50.99825],[56.61206,50.99873],[56.60779,51.00017],[56.60583,51.00251],[56.60976,51.00444],[56.60822,51.00668],[56.6047,51.00657],[56.60086,51.00902],[56.60083,51.01249],[56.59682,51.01354],[56.59598,51.01501],[56.59154,51.01569],[56.58929,51.01992],[56.5865,51.02039],[56.58502,51.02432],[56.58156,51.02582],[56.5783,51.02986],[56.57472,51.03218],[56.57427,51.03457],[56.57088,51.03563],[56.56777,51.03447],[56.56264,51.03593],[56.562,51.03718],[56.55509,51.03794],[56.55178,51.04099],[56.54577,51.04218],[56.54626,51.04381],[56.54183,51.04509],[56.53766,51.04487],[56.5376,51.0491],[56.53419,51.0521],[56.5359,51.0534],[56.53245,51.05789],[56.53226,51.06052],[56.52462,51.06351],[56.52741,51.06686],[56.52717,51.07189],[56.51831,51.07182],[56.51805,51.07411],[56.51305,51.07655],[56.51043,51.07895],[56.51067,51.08306],[56.51351,51.086],[56.44909,51.05737],[56.45894,51.00201],[56.45852,50.9778],[56.46022,50.96499],[56.43456,50.96348],[56.42272,50.96665],[56.37655,50.96481],[56.37125,50.94788],[56.39299,50.94564],[56.36244,50.90081],[56.33634,50.90135],[56.329,50.90171],[56.2978,50.90203],[56.23913,50.9157],[56.18134,50.93786],[56.17499,50.9031],[56.15717,50.87934],[56.1469,50.8586],[56.14036,50.84613],[56.13299,50.83009],[56.1243,50.78678],[56.13645,50.75337],[56.09735,50.72633],[56.09203,50.72321],[56.05359,50.69387],[56.02836,50.68127],[55.9995,50.66859],[55.98231,50.66556],[55.91455,50.64086],[55.90246,50.62052],[55.8671,50.62627],[55.8298,50.62242],[55.81376,50.61075],[55.79493,50.6065],[55.77748,50.5873],[55.7458,50.57909],[55.73648,50.56649],[55.73615,50.55022],[55.70796,50.54907],[55.71046,50.55523],[55.66077,50.56019],[55.61845,50.58215],[55.61154,50.59817],[55.58128,50.60487],[55.5626,50.60345],[55.53486,50.61406],[55.53116,50.64836],[55.50127,50.6701],[55.42881,50.67759],[55.40521,50.68114],[55.39802,50.66704],[55.38469,50.65464],[55.27419,50.72109],[55.14667,50.79713],[55.05614,50.81947],[55.12966,50.87947],[55.12655,50.88001],[55.12564,50.88283],[55.12046,50.88657],[55.12286,50.88906],[55.12613,50.88949],[55.12681,50.89318],[55.12887,50.89642],[55.12318,50.8986],[55.11051,50.89946],[55.10911,50.9026],[55.10398,50.90292],[55.10364,50.90552],[55.10808,50.90682],[55.10656,50.90844],[55.09797,50.90758],[55.09488,50.91039],[55.09952,50.91277],[55.09211,50.917],[55.08561,50.91688],[55.08664,50.92056],[55.0825,50.92143],[55.07769,50.92111],[55.07529,50.92392],[55.0681,50.92262],[55.06604,50.92478],[55.06296,50.92543],[55.06107,50.92284],[55.05557,50.92013],[55.04888,50.92273],[55.0413,50.91873],[55.03703,50.91872],[55.02467,50.91331],[55.02261,50.91017],[55.01135,50.90488],[54.99321,50.90637],[54.96352,50.90733],[54.95535,50.90787],[54.94415,50.90979],[54.9243,50.91413],[54.911,50.91734],[54.89377,50.92104],[54.9045,50.93782],[54.88763,50.94196],[54.89704,50.95814],[54.84287,50.97716],[54.78506,50.98495],[54.744,51.01841],[54.74911,51.02162],[54.74714,51.02327],[54.74278,51.02246],[54.73641,51.02333],[54.73319,51.02599],[54.73303,51.03041],[54.73779,51.03429],[54.72592,51.03761],[54.72322,51.03734],[54.72451,51.03108],[54.72267,51.02918],[54.71851,51.02845],[54.7136,51.03099],[54.71338,51.03343],[54.71048,51.03352],[54.70833,51.03521],[54.70684,51.03882],[54.70484,51.03932],[54.70086,51.03708],[54.70232,51.03537],[54.69849,51.03424],[54.69654,51.03665],[54.69105,51.03791],[54.68733,51.03661],[54.68707,51.03501],[54.69267,51.03402],[54.69586,51.03196],[54.70259,51.0305],[54.70749,51.02614],[54.69939,51.02376],[54.69689,51.02137],[54.70123,51.01889],[54.70159,51.0173],[54.69424,51.01602],[54.68967,51.0159],[54.6816,51.0179],[54.67851,51.01941],[54.67402,51.02426],[54.67169,51.0255],[54.66647,51.02539],[54.66112,51.02393],[54.65531,51.02612],[54.65492,51.02948],[54.65275,51.02948],[54.65157,51.0268],[54.65347,51.02242],[54.6519,51.02129],[54.64199,51.01951],[54.63519,51.02003],[54.6304,51.02151],[54.62243,51.02234],[54.61957,51.02191],[54.61314,51.01945],[54.60917,51.0192],[54.606,51.02142],[54.60686,51.02346],[54.60253,51.02658],[54.60158,51.0298],[54.59462,51.03009],[54.58931,51.02894],[54.58378,51.02228],[54.57452,51.02072],[54.56835,51.01867],[54.5656,51.0165],[54.5656,51.01413],[54.57351,51.01259],[54.57761,51.01444],[54.59178,51.01075],[54.58714,51.01034],[54.58163,51.00896],[54.57372,51.00491],[54.57031,51.00452],[54.56493,51.00533],[54.55807,51.00776],[54.55367,51.00809],[54.54888,51.00597],[54.5478,51.00096],[54.55342,50.99623],[54.56079,50.99291],[54.56171,50.99099],[54.55982,50.98675],[54.56074,50.98478],[54.56977,50.98073],[54.57484,50.98014],[54.58033,50.97719],[54.58096,50.9749],[54.57901,50.97311],[54.56964,50.97303],[54.56812,50.96995],[54.57413,50.96746],[54.57223,50.96139],[54.5747,50.95526],[54.57515,50.9505],[54.57692,50.94875],[54.58312,50.94645],[54.59111,50.94567],[54.59333,50.94488],[54.59422,50.94238],[54.59057,50.93697],[54.57939,50.93817],[54.57684,50.94319],[54.57266,50.94327],[54.56912,50.94133],[54.57112,50.93809],[54.56777,50.935],[54.55914,50.93459],[54.56614,50.93113],[54.56854,50.92531],[54.56686,50.92301],[54.56313,50.92333],[54.5624,50.92613],[54.55665,50.92793],[54.55358,50.93211],[54.54792,50.93553],[54.54123,50.9344],[54.53689,50.93573],[54.53183,50.93488],[54.52803,50.93298],[54.52653,50.93],[54.52876,50.92896],[54.53498,50.92858],[54.53915,50.92414],[54.5446,50.92579],[54.54646,50.92823],[54.5498,50.92859],[54.55607,50.92508],[54.55741,50.92225],[54.56803,50.91511],[54.57297,50.91691],[54.57569,50.91678],[54.58035,50.91819],[54.58402,50.91657],[54.58665,50.91952],[54.59288,50.91984],[54.59909,50.92308],[54.6041,50.92172],[54.61367,50.92092],[54.61939,50.92507],[54.62502,50.92393],[54.62637,50.92228],[54.63008,50.92191],[54.64028,50.91969],[54.64572,50.91733],[54.65385,50.91519],[54.65784,50.91503],[54.66526,50.91979],[54.66851,50.91852],[54.66801,50.91672],[54.67118,50.9155],[54.66989,50.91057],[54.67115,50.90566],[54.6775,50.90209],[54.68346,50.89945],[54.68517,50.8971],[54.692,50.89388],[54.6984,50.89258],[54.69123,50.86541],[54.68393,50.83418],[54.65713,50.82304],[54.68491,50.78063],[54.67993,50.71817],[54.70005,50.69997],[54.71874,50.6905],[54.71526,50.68868],[54.71531,50.68637],[54.7119,50.68411],[54.7096,50.6706],[54.71105,50.66787],[54.71857,50.66385],[54.71943,50.66157],[54.72003,50.65142],[54.72371,50.64962],[54.72213,50.64484],[54.72372,50.64372],[54.72496,50.63926],[54.72118,50.63732],[54.72041,50.63357],[54.72406,50.63106],[54.72462,50.6284],[54.72822,50.62682],[54.73114,50.6214],[54.7302,50.6175],[54.72185,50.61018],[54.71881,50.60591],[54.71682,50.60629],[54.71292,50.6046],[54.71124,50.60161],[54.70496,50.59938],[54.69614,50.59771],[54.67575,50.58447],[54.66326,50.5742],[54.64968,50.56423],[54.64653,50.56055],[54.63812,50.5558],[54.63653,50.55187],[54.62977,50.55088],[54.62411,50.54746],[54.62204,50.54414],[54.61592,50.5407],[54.61454,50.53869],[54.60394,50.54404],[54.59288,50.55962],[54.57325,50.55279],[54.54369,50.52742],[54.56524,50.51646],[54.49992,50.46717],[54.46383,50.4157],[54.46475,50.4032],[54.36504,50.34024],[54.4398,50.27321],[54.42145,50.20342],[54.42518,50.11824],[54.47235,50.1089],[54.47543,50.0835],[54.54336,50.06283],[54.55598,50.01258],[54.51112,49.9539],[54.51492,49.92437],[54.41859,49.81489],[54.47709,49.76834],[54.36637,49.76828],[54.34532,49.73257],[54.27539,49.67595],[54.29891,49.64799],[54.20059,49.61027],[54.11468,49.62035],[53.99132,49.61866],[53.97287,49.57009],[53.87519,49.5703],[53.79783,49.52508],[53.75695,49.45729],[53.69501,49.47745],[53.72983,49.42492],[53.66385,49.27774],[53.63054,49.24035],[53.63729,49.22948],[53.6431,49.21745],[53.65495,49.20535],[53.66552,49.19712],[53.6921,49.18304],[53.72693,49.17063],[53.72838,49.16961],[53.75138,49.16082],[53.77962,49.1541],[53.80743,49.1481],[53.83237,49.14394],[53.83222,49.14024],[53.82636,49.13131],[53.82053,49.12704],[53.82035,49.12335],[53.83882,49.11308],[53.86567,49.10157],[53.87909,49.09766],[53.88331,49.09848],[53.89632,49.1116],[53.90253,49.12313],[53.90793,49.14638],[53.91291,49.16053],[53.91317,49.16425],[53.94763,49.16774],[53.97813,49.17159],[53.99172,49.17212],[53.9896,49.13618],[53.99033,49.1255],[53.98816,49.08947],[53.99891,49.0774],[54.00738,49.06917],[54.00927,49.06091],[54.01255,49.05203],[54.01429,49.04571],[54.01183,49.0402],[54.00719,49.02689],[54.00401,49.01228],[54.00432,49.00737],[54.01289,48.97839],[54.0267,48.95257],[54.02713,48.94536],[54.018,48.9146],[54.01184,48.88193],[54.01328,48.8793],[54.01686,48.8691],[54.04345,48.80736],[54.02908,48.77368],[54.02702,48.76281],[54.15513,48.73548],[54.17612,48.72432],[54.20508,48.72049],[54.28452,48.70712],[54.30257,48.70306],[54.31766,48.69709],[54.33438,48.68848],[54.35523,48.67909],[54.45025,48.65247],[54.45593,48.64722],[54.46031,48.6419],[54.54204,48.64009],[54.57273,48.70634],[54.57795,48.71188],[54.58136,48.72554],[54.58178,48.74533],[54.57877,48.77935],[54.59516,48.77714],[54.62116,48.77216],[54.63499,48.77062],[54.63786,48.77156],[54.65275,48.79797],[54.6568,48.79986],[54.68393,48.80039],[54.69783,48.79437],[54.73821,48.77449],[54.74262,48.76736],[54.74905,48.74503],[54.75332,48.74151],[54.77926,48.73754],[54.82285,48.72766],[54.84376,48.72436],[54.91231,48.70944],[54.92873,48.57481],[54.93207,48.56033],[54.91869,48.55456],[54.91175,48.5258],[54.90402,48.4834],[54.89886,48.47793],[54.8882,48.47503],[54.89669,48.46439],[54.89454,48.45086],[54.89097,48.43597],[54.88663,48.41275],[54.88454,48.39721],[54.87921,48.36531],[54.88359,48.35803],[54.89635,48.34045],[54.91096,48.31709],[54.91934,48.30646],[54.96935,48.27042],[54.94549,48.19253],[54.95459,48.16764],[54.94422,48.12634],[54.93863,48.09721],[54.94285,48.09276],[54.991,48.06041],[55.02937,48.02991],[55.06312,47.99998],[55.08906,47.96982],[55.09912,47.95627],[55.10259,47.89681],[55.10506,47.86472],[55.11112,47.82476],[55.11927,47.7865],[55.12152,47.77888],[55.11713,47.77056],[55.09192,47.72679],[55.06581,47.58933],[55.07433,47.55447],[55.0686,47.54178],[55.07139,47.47582],[55.06821,47.45392],[55.0412,47.43071],[55.02577,47.37445],[55.02046,47.32361],[55.01124,47.2811],[55.00198,47.20236],[55.11984,47.06435],[55.1248,47.03042],[55.19452,46.95163],[55.23286,46.87382],[55.45037,46.72599],[55.73825,46.62891],[55.95307,46.59296],[56.28754,46.51338],[56.31556,46.37605],[56.38868,46.29253],[56.41061,46.27829],[56.44063,46.24032],[56.44243,46.20296],[56.46479,46.17633],[56.47182,46.14914],[56.46663,46.13219],[56.4901,46.11605],[56.50944,46.10204],[56.5165,46.09736],[56.55253,46.00587],[56.5598,46.00009],[56.60578,45.92613],[56.64483,45.6669],[56.65942,45.65294],[56.74411,45.17725],[57.00101,45.23792],[57.15205,45.27166],[57.43277,45.33433],[57.6879,45.39091],[57.99891,45.45979],[58.58758,45.59012],[58.60446,45.58127],[58.61095,45.58437],[58.62144,45.58721],[58.63184,45.58759],[58.63315,45.59031],[58.63372,45.60217],[58.63516,45.60903],[58.63572,45.61525],[58.63421,45.62915],[58.63299,45.63255],[58.63396,45.63586],[58.63333,45.63944],[58.63482,45.64695],[58.63984,45.65999],[58.64223,45.67176],[58.64349,45.67566],[58.64476,45.68294],[58.64401,45.68659],[58.64725,45.70248],[58.64857,45.71843],[58.65147,45.72492],[58.65652,45.73284],[58.65857,45.73834],[58.66115,45.74232],[58.66468,45.75386],[58.6663,45.76604],[58.66967,45.77835],[58.67167,45.78375],[58.67625,45.79309],[58.68364,45.80662],[58.69754,45.82502],[58.70174,45.82965],[58.71345,45.84088],[58.72251,45.84852],[58.73056,45.85468],[58.73509,45.85694],[58.7475,45.86097],[58.76634,45.8642],[58.77441,45.86231],[58.78063,45.85959],[58.79402,45.85269],[58.80061,45.84892],[58.80764,45.84629],[58.81355,45.84519],[58.81591,45.84376],[58.82248,45.84249],[58.82065,45.84503],[58.81082,45.85183],[58.8067,45.85729],[58.80233,45.86625],[58.80096,45.87245],[58.80102,45.87901],[58.80287,45.8888],[58.80646,45.8953],[58.81328,45.90287],[58.81635,45.90543],[58.82783,45.91262],[58.83993,45.91873],[58.85361,45.92349],[58.86108,45.92524],[58.86729,45.9262],[58.87444,45.92616],[58.88579,45.92427],[58.90122,45.92069],[58.9105,45.91884],[58.91642,45.91827],[58.92318,45.91583],[58.93086,45.91205],[58.93655,45.91038],[58.94647,45.90683],[58.95318,45.90631],[58.9627,45.90721],[58.96933,45.90739],[58.97676,45.90618],[58.98513,45.90328],[58.99156,45.8982],[58.9944,45.89802],[58.99636,45.89963],[58.99938,45.90817],[59.00289,45.9111],[59.00777,45.91337],[59.01517,45.91555],[59.02331,45.91659],[59.03138,45.91551],[59.03448,45.91438],[59.04011,45.90956],[59.0306,46.00704],[59.11181,46.05298],[59.29397,46.2357],[59.47382,46.41358],[59.4998,46.44215],[59.56139,46.49996],[59.76926,46.66253],[60.01322,46.81536],[60.12961,46.89487],[60.1642,46.89916],[60.32726,46.91325],[60.47442,46.91081],[60.48443,47.0018],[60.495,47.12181],[60.53133,47.11671],[60.70246,47.10408],[60.9235,47.11034],[60.93096,47.12685],[60.93696,47.13124],[61.00102,47.2347],[61.31422,47.79005],[61.32102,47.79603],[61.35159,47.8154],[61.3598,47.81879],[61.92486,47.82773],[62.07583,47.72331],[62.21253,47.54556],[62.33262,47.53113],[62.60573,47.32845],[62.58117,47.24235],[62.58708,47.24094],[62.86015,47.21465],[62.89008,47.17735],[62.95009,47.19077],[62.99929,47.21979],[63.14569,47.29647],[63.20374,47.33331],[63.22546,47.36067],[63.6532,47.51545],[63.83341,47.62821],[63.84456,47.63818],[63.96589,47.69283],[64.01467,47.70323],[64.16324,47.81508],[64.27717,47.89954],[64.21545,47.92414],[64.1201,48.00234],[64.01607,48.17028],[63.97221,48.22],[63.90298,48.29755],[63.84449,48.38546],[63.7708,48.454],[63.58574,48.53432],[63.54192,48.5464],[63.50834,48.55493],[63.46731,48.56376],[63.4646,48.56497],[63.41676,48.60177],[63.07871,48.68244],[63.07602,48.69712],[63.04927,48.75807],[63.12546,48.83556],[63.13017,48.86341],[63.02038,48.9294],[63.01106,48.92185],[62.9714,48.90333],[62.9532,48.88994],[62.84544,48.84881],[62.78977,48.88565],[62.78456,48.89239],[62.72784,48.926],[62.6347,48.97537],[62.58423,48.99427],[62.54879,49.01813],[62.49061,49.12386],[62.44575,49.19825],[62.39647,49.1973],[62.36143,49.2008],[62.37609,49.23563],[62.49633,49.24383],[62.52127,49.23764],[62.54745,49.25327],[62.50364,49.30635],[62.45074,49.372],[62.33861,49.47754],[62.30484,49.49727],[62.32119,49.52011],[62.36734,49.57777],[62.41894,49.56086],[62.43366,49.55701],[62.47317,49.56205],[62.45084,49.5802],[62.4521,49.62497],[62.43796,49.68366],[62.48375,49.70047],[62.52625,49.71945],[62.55509,49.7353],[62.57404,49.76462],[62.59632,49.80652],[62.59369,49.84361],[62.59873,49.86251],[62.63769,49.88542],[62.65829,49.90846],[62.73959,49.94019],[62.79067,49.93689],[62.89648,49.88273],[62.89883,49.88582],[62.90451,49.8875],[62.90731,49.8858],[62.91791,49.88553],[62.92326,49.88645],[62.92358,49.88135],[62.92602,49.88176],[62.93035,49.88494],[62.93338,49.88973],[62.93611,49.89256],[62.93126,49.89539],[62.92752,49.89662],[62.93025,49.89824],[62.92278,49.8999],[62.92369,49.90129],[62.92923,49.90228],[62.92489,49.9048],[62.93196,49.90475],[62.93014,49.90769],[62.91973,49.91153],[62.91841,49.91349],[62.91481,49.91562],[62.91052,49.91643],[62.91685,49.92085],[62.91976,49.92144],[62.91732,49.92409],[62.92144,49.92651],[62.91689,49.92898],[62.92231,49.92925],[62.91976,49.93348],[62.92529,49.93316],[62.91969,49.93815],[62.92049,49.94021],[62.92606,49.94302],[62.9305,49.94239],[62.9332,49.94328],[62.93903,49.94862],[62.94145,49.95339],[62.94853,49.95512],[62.94696,49.95993],[62.94871,49.96771],[62.9415,49.98128],[62.94216,49.98448],[62.94044,49.98807],[62.94717,49.98766],[62.94636,49.99055],[62.94803,49.99348],[62.95303,49.99583],[62.94823,49.99907],[62.9455,50.00004],[62.94954,50.00313],[62.94914,50.00457],[62.94438,50.00457],[62.93877,50.0085],[62.93463,50.01033],[62.93473,50.01186],[62.92588,50.01903],[62.91966,50.02013],[62.91632,50.01849],[62.91329,50.02138],[62.91441,50.02385],[62.91115,50.02545],[62.91252,50.02693],[62.90891,50.03339],[62.90591,50.03305],[62.90522,50.03543],[62.90153,50.03559],[62.8999,50.03686],[62.89098,50.03857],[62.89429,50.04075],[62.89206,50.04268],[62.89132,50.04513],[62.89223,50.04814],[62.88926,50.05058],[62.88983,50.05354],[62.89231,50.05393],[62.89123,50.0578],[62.88703,50.05835],[62.88445,50.06133],[62.88093,50.06188],[62.88365,50.0644],[62.88274,50.06563],[62.88565,50.06756],[62.88291,50.06926],[62.88411,50.07692],[62.8793,50.0789],[62.8757,50.07956],[62.87561,50.08111],[62.88119,50.08529],[62.88488,50.08667],[62.88591,50.08865],[62.88437,50.09306],[62.8805,50.09251],[62.87939,50.09493],[62.87287,50.10102],[62.86674,50.10171],[62.86626,50.10407],[62.86378,50.10498],[62.86112,50.10287],[62.859,50.10751],[62.85591,50.11081],[62.85081,50.11125],[62.84897,50.11418],[62.84192,50.12157],[62.8466,50.1222],[62.84785,50.12473],[62.84652,50.12897],[62.84334,50.13153],[62.84163,50.13498],[62.83592,50.13596],[62.83634,50.1392],[62.83429,50.14287],[62.83497,50.14457],[62.8282,50.14639],[62.82789,50.1493],[62.82326,50.15034],[62.82227,50.15436],[62.82059,50.15719],[62.82047,50.16267],[62.82205,50.16431],[62.81974,50.16599],[62.81609,50.16522],[62.81296,50.16634],[62.80626,50.1703],[62.80146,50.17029],[62.79755,50.16651],[62.79923,50.1644],[62.7976,50.16303],[62.79412,50.16656],[62.79034,50.17151],[62.78588,50.17199],[62.7842,50.17324],[62.78207,50.17729],[62.78364,50.17885],[62.78128,50.18143],[62.78575,50.18182],[62.78464,50.18449],[62.78708,50.18709],[62.78953,50.18573],[62.79274,50.18638],[62.79171,50.18858],[62.78566,50.18982],[62.78437,50.19319],[62.78048,50.19312],[62.77739,50.19433],[62.77442,50.1927],[62.77274,50.19572],[62.76777,50.19386],[62.76387,50.19705],[62.75863,50.19623],[62.75391,50.20301],[62.74949,50.2048],[62.74978,50.20734],[62.74648,50.20968],[62.74099,50.2111],[62.73768,50.21121],[62.73606,50.2132],[62.73967,50.21543],[62.7403,50.2172],[62.73631,50.22033],[62.73263,50.22048],[62.72824,50.22379],[62.73022,50.22575],[62.72997,50.23047],[62.72476,50.23085],[62.72855,50.23344],[62.72464,50.23491],[62.72443,50.23736],[62.73116,50.24287],[62.72755,50.24411],[62.72691,50.24583],[62.73511,50.25047],[62.73545,50.25294],[62.73352,50.25558],[62.73649,50.25951],[62.73459,50.26488],[62.72901,50.26543],[62.72635,50.26858],[62.72413,50.26949],[62.72373,50.27171],[62.72533,50.27377],[62.72069,50.27541],[62.72125,50.27837],[62.71657,50.28002],[62.71426,50.2797],[62.71369,50.28405],[62.71142,50.2858],[62.70893,50.29],[62.6992,50.29121],[62.69653,50.29444],[62.68825,50.29623],[62.69005,50.30033],[62.69237,50.29848],[62.69481,50.3002],[62.69073,50.3051],[62.68507,50.30675],[62.68233,50.30566],[62.67829,50.30784],[62.6755,50.30716],[62.67121,50.30927],[62.66777,50.30979],[62.67173,50.31292],[62.67086,50.31829],[62.66572,50.31849],[62.66455,50.32355],[62.66722,50.32508],[62.66246,50.33035],[62.66443,50.33282],[62.6634,50.33763],[62.65606,50.3382],[62.65275,50.34105],[62.65005,50.34464],[62.64293,50.34377],[62.64232,50.34508],[62.64473,50.34741],[62.6395,50.34994],[62.64178,50.35522],[62.64371,50.35634],[62.63962,50.35841],[62.64159,50.36099],[62.63932,50.3637],[62.64199,50.36508],[62.64014,50.36895],[62.64293,50.37336],[62.64281,50.37668],[62.63644,50.38039],[62.63709,50.38275],[62.63327,50.38674],[62.631,50.38733],[62.62864,50.39031],[62.62225,50.38905],[62.61409,50.38994],[62.60889,50.39531],[62.60932,50.39678],[62.60323,50.39815],[62.60216,50.4007],[62.59971,50.4025],[62.59581,50.40265],[62.5922,50.40425],[62.59104,50.40803],[62.58783,50.40913],[62.58345,50.40661],[62.57611,50.40737],[62.57126,50.41073],[62.56775,50.4117],[62.55761,50.41631],[62.55675,50.41793],[62.55972,50.42291],[62.55758,50.42505],[62.55456,50.43116],[62.55482,50.43244],[62.54985,50.43617],[62.55091,50.44373],[62.5419,50.44797],[62.54027,50.45619],[62.53736,50.45883],[62.52904,50.46033],[62.52645,50.46286],[62.52303,50.46257],[62.51749,50.46762],[62.51517,50.4732],[62.5101,50.47398],[62.50702,50.47787],[62.508,50.48026],[62.50448,50.48307],[62.50332,50.48556],[62.50495,50.48747],[62.5013,50.49001],[62.50336,50.49345],[62.50123,50.49646],[62.501,50.50079],[62.50366,50.50297],[62.50835,50.50432],[62.51148,50.50415],[62.5232,50.50863],[62.5268,50.51089],[62.52851,50.51561],[62.52526,50.5201],[62.49463,50.55622],[62.49704,50.5907],[62.4398,50.68871],[62.35876,50.6642],[62.28992,50.6491],[62.26693,50.64151],[62.22954,50.67602],[62.27646,50.72184],[62.26326,50.75613],[62.23571,50.78559],[62.22184,50.81362],[62.27649,50.80156],[62.31147,50.84144],[62.43026,50.85283],[62.25667,50.96381],[62.22858,50.97842],[62.20849,51.01304],[62.27558,51.04116],[62.28303,51.08016],[62.18108,51.12943],[62.13116,51.13876],[62.10419,51.12889],[62.081,51.11135],[62.07325,51.07305],[62.04646,51.07973],[61.99474,51.08934],[61.9977,51.10839],[61.95194,51.14121],[61.9421,51.16092],[61.9342,51.18669],[61.9312,51.20155],[61.92407,51.2206],[61.92017,51.24202],[61.91366,51.26246],[61.90415,51.27437],[61.8709,51.30302],[61.85215,51.31707],[61.78709,51.26913],[61.68956,51.25568]]]]},"properties":{"area_code":"aktobe","area_name":"Aktobe","boundary_source_name":"Aktobe Region","area_unit_id":"kz-region-2009-geoboundaries-adm1:aktobe","boundary_set_id":"kz-region-2009-geoboundaries-adm1","boundary_level":"region","boundary_vintage":"2009 census 16-region frame (geoBoundaries ADM1, 2017)","land_area_sq_km":300076.94047777413}},
{"type":"Feature","geometry":{"type":"Polygon","coordinates":[[[75.82352,42.94025],[75.82891,42.94011],[75.83547,42.93676],[75.83934,42.93755],[75.84354,42.9404],[75.84801,42.94231],[75.85577,42.94293],[75.85995,42.94274],[75.8673,42.94347],[75.87091,42.94451],[75.87426,42.94427],[75.87877,42.94499],[75.88273,42.94406],[75.89603,42.9446],[75.90498,42.94896],[75.90954,42.94965],[75.91591,42.94915],[75.92075,42.95378],[75.92627,42.95572],[75.93151,42.95617],[75.93722,42.95572],[75.93967,42.9539],[75.94225,42.94991],[75.95002,42.94545],[75.95145,42.94299],[75.95185,42.93967],[75.94874,42.93593],[75.94891,42.93326],[75.95274,42.93276],[75.95599,42.93376],[75.96514,42.92995],[75.97548,42.92968],[75.98314,42.92997],[75.98865,42.92862],[75.99504,42.92862],[76.00817,42.92524],[76.01146,42.92276],[76.01544,42.92226],[76.01812,42.92044],[76.01967,42.91592],[76.02375,42.91235],[76.02827,42.91104],[76.03826,42.91449],[76.04165,42.91438],[76.04453,42.91629],[76.04855,42.91509],[76.05179,42.91641],[76.05825,42.91561],[76.06178,42.91613],[76.0666,42.91997],[76.07013,42.92172],[76.07411,42.92224],[76.07809,42.92173],[76.08211,42.91893],[76.08818,42.91802],[76.09211,42.91974],[76.09723,42.92339],[76.10414,42.92289],[76.10871,42.92308],[76.11354,42.92505],[76.11751,42.92276],[76.12099,42.9224],[76.12542,42.92327],[76.13139,42.9258],[76.13437,42.92492],[76.14631,42.92676],[76.15158,42.9269],[76.15759,42.92771],[76.16123,42.92899],[76.17028,42.92903],[76.17789,42.93064],[76.18545,42.93173],[76.19529,42.93079],[76.19698,42.92849],[76.19791,42.92112],[76.20029,42.9166],[76.20332,42.91652],[76.21098,42.91915],[76.2163,42.91952],[76.21979,42.92152],[76.22883,42.92021],[76.23868,42.92126],[76.24702,42.91882],[76.2524,42.92015],[76.2586,42.91835],[76.26496,42.91915],[76.26929,42.91643],[76.27503,42.91665],[76.27755,42.91512],[76.2819,42.91415],[76.28461,42.91469],[76.28855,42.91163],[76.29342,42.91052],[76.30207,42.91094],[76.30521,42.90559],[76.308,42.9037],[76.30898,42.9008],[76.30636,42.89587],[76.30102,42.89326],[76.29982,42.88811],[76.30254,42.88389],[76.30359,42.87897],[76.30278,42.87688],[76.30589,42.8733],[76.31273,42.87191],[76.32473,42.87101],[76.32901,42.86322],[76.33691,42.86291],[76.34385,42.86076],[76.35226,42.86254],[76.3535,42.86477],[76.35621,42.86509],[76.3611,42.86718],[76.36932,42.86567],[76.37163,42.86618],[76.37374,42.86849],[76.37878,42.87018],[76.38342,42.87075],[76.39049,42.87542],[76.39409,42.87543],[76.40267,42.87415],[76.40537,42.87329],[76.40865,42.87414],[76.41856,42.87339],[76.42293,42.87455],[76.43287,42.87823],[76.4356,42.88333],[76.43759,42.88567],[76.4425,42.88638],[76.44797,42.88364],[76.45137,42.88302],[76.45483,42.88421],[76.45823,42.88435],[76.46278,42.88651],[76.46544,42.8866],[76.47316,42.88532],[76.47724,42.88417],[76.47917,42.88461],[76.48588,42.88834],[76.48608,42.89039],[76.48892,42.89345],[76.49163,42.89893],[76.49277,42.90311],[76.49817,42.90353],[76.50301,42.90592],[76.50247,42.91011],[76.50335,42.91466],[76.50484,42.91558],[76.50423,42.9182],[76.50825,42.91934],[76.51785,42.91968],[76.52259,42.92225],[76.52693,42.92011],[76.53448,42.91865],[76.54002,42.91645],[76.54553,42.91185],[76.54952,42.90984],[76.55338,42.91045],[76.55784,42.90894],[76.56453,42.90848],[76.56799,42.90943],[76.57142,42.909],[76.57465,42.90629],[76.58056,42.90583],[76.58437,42.90612],[76.58895,42.90872],[76.59383,42.90885],[76.5987,42.91167],[76.60139,42.91561],[76.60516,42.91578],[76.60761,42.91427],[76.61146,42.91399],[76.61777,42.91173],[76.62902,42.90581],[76.63544,42.90793],[76.64131,42.90822],[76.64751,42.91085],[76.64986,42.91322],[76.65407,42.91019],[76.6617,42.90774],[76.66783,42.90851],[76.67057,42.90946],[76.67605,42.90962],[76.68698,42.90761],[76.68755,42.90572],[76.69256,42.90591],[76.70117,42.90522],[76.70889,42.90415],[76.71055,42.90641],[76.71543,42.90829],[76.7201,42.90782],[76.72528,42.90981],[76.73144,42.91578],[76.73602,42.91777],[76.73911,42.91808],[76.74399,42.92007],[76.74923,42.92151],[76.75049,42.9254],[76.75097,42.93041],[76.75553,42.93435],[76.75426,42.93792],[76.74952,42.94142],[76.74896,42.94277],[76.75588,42.94977],[76.76143,42.95007],[76.77228,42.95269],[76.78045,42.9565],[76.79124,42.95397],[76.79872,42.94758],[76.80244,42.94705],[76.80361,42.94902],[76.81143,42.95331],[76.81765,42.95368],[76.82274,42.95509],[76.82519,42.95816],[76.82781,42.96285],[76.83491,42.96704],[76.83659,42.9697],[76.8361,42.97405],[76.83367,42.97668],[76.83364,42.9789],[76.83679,42.98341],[76.84486,42.98438],[76.84773,42.98303],[76.85135,42.97867],[76.85984,42.97704],[76.86552,42.97306],[76.86981,42.97271],[76.87276,42.97089],[76.87529,42.9712],[76.87964,42.97548],[76.88201,42.97639],[76.88551,42.97413],[76.89254,42.97297],[76.89715,42.96977],[76.89936,42.96551],[76.90153,42.96942],[76.90588,42.97216],[76.91158,42.97144],[76.91519,42.96711],[76.91806,42.96592],[76.92572,42.96926],[76.93388,42.97109],[76.93389,42.97291],[76.9358,42.97669],[76.93852,42.98016],[76.94403,42.98244],[76.94737,42.98096],[76.95743,42.97888],[76.95882,42.98132],[76.96386,42.98381],[76.96729,42.98453],[76.9719,42.98671],[76.97593,42.98639],[76.98413,42.98152],[76.99179,42.98517],[76.99668,42.98472],[77.0003,42.98509],[77.00447,42.98309],[77.00686,42.97733],[77.00687,42.97578],[77.00933,42.97141],[77.0111,42.96978],[77.01366,42.96418],[77.02024,42.96023],[77.02125,42.95604],[77.02649,42.95284],[77.03343,42.95371],[77.03447,42.9523],[77.03419,42.94731],[77.03925,42.94752],[77.04237,42.94892],[77.05332,42.95639],[77.05305,42.95888],[77.05522,42.96153],[77.06075,42.96524],[77.06263,42.97388],[77.06232,42.97637],[77.06832,42.97708],[77.07506,42.97625],[77.07767,42.97695],[77.08101,42.97954],[77.08436,42.98102],[77.0944,42.97766],[77.09612,42.97577],[77.10041,42.97597],[77.10262,42.97454],[77.10693,42.97466],[77.11315,42.97578],[77.11718,42.97494],[77.11989,42.97183],[77.12389,42.9696],[77.13015,42.97078],[77.13289,42.97227],[77.13704,42.97325],[77.15141,42.97281],[77.15497,42.97225],[77.15674,42.96933],[77.15426,42.96705],[77.15251,42.96364],[77.1563,42.95678],[77.15122,42.95021],[77.15161,42.94867],[77.15878,42.9431],[77.17168,42.94446],[77.17849,42.94699],[77.18059,42.94662],[77.18218,42.94403],[77.18532,42.94259],[77.18939,42.94203],[77.19132,42.94046],[77.19493,42.93942],[77.20068,42.93442],[77.20501,42.93159],[77.2087,42.93031],[77.21154,42.92732],[77.21728,42.9277],[77.22375,42.92737],[77.22568,42.92346],[77.22277,42.921],[77.22295,42.91567],[77.22493,42.9141],[77.23003,42.9136],[77.23363,42.91206],[77.23706,42.91185],[77.24164,42.91274],[77.24824,42.91193],[77.25232,42.91253],[77.25532,42.91192],[77.26509,42.91221],[77.27088,42.91362],[77.27408,42.91238],[77.27708,42.91233],[77.28559,42.91027],[77.28678,42.90929],[77.29486,42.90758],[77.29732,42.90964],[77.29612,42.91416],[77.29725,42.91588],[77.30201,42.91654],[77.30869,42.9155],[77.31234,42.91268],[77.31744,42.91218],[77.32255,42.91359],[77.32313,42.91214],[77.32774,42.90942],[77.33248,42.90851],[77.33469,42.90636],[77.33879,42.90546],[77.34288,42.9028],[77.34953,42.90021],[77.3505,42.89851],[77.35372,42.89896],[77.35837,42.90166],[77.36318,42.9026],[77.36742,42.9069],[77.37047,42.90817],[77.37859,42.90968],[77.38341,42.91284],[77.389,42.91366],[77.40405,42.91946],[77.4049,42.92259],[77.41397,42.92516],[77.41755,42.92717],[77.42241,42.92849],[77.43596,42.92547],[77.44029,42.92598],[77.4498,42.9297],[77.45511,42.9286],[77.45937,42.93054],[77.46328,42.93487],[77.47031,42.93884],[77.47306,42.93916],[77.47635,42.93819],[77.4815,42.92536],[77.48676,42.92469],[77.48964,42.92529],[77.49821,42.92526],[77.50125,42.92718],[77.50511,42.92717],[77.50865,42.92984],[77.51632,42.93031],[77.51924,42.92903],[77.52445,42.93224],[77.52653,42.93629],[77.53269,42.9378],[77.53989,42.93799],[77.54297,42.9393],[77.54991,42.93949],[77.55282,42.94082],[77.55584,42.93727],[77.55884,42.93669],[77.5645,42.93721],[77.56883,42.93578],[77.5632,42.93074],[77.55939,42.92899],[77.56438,42.92545],[77.56854,42.92426],[77.57604,42.92426],[77.57957,42.91989],[77.58074,42.91561],[77.58687,42.91528],[77.59856,42.91596],[77.60198,42.91736],[77.60697,42.91407],[77.61318,42.91412],[77.61518,42.91577],[77.61822,42.91642],[77.62258,42.91949],[77.62494,42.91931],[77.63013,42.91681],[77.63584,42.91579],[77.64024,42.91725],[77.64616,42.91649],[77.65375,42.91367],[77.65594,42.91144],[77.65812,42.91154],[77.66133,42.91395],[77.66617,42.91337],[77.67045,42.91795],[77.67597,42.91712],[77.68151,42.91373],[77.68785,42.91224],[77.69313,42.90881],[77.69279,42.90667],[77.69699,42.90391],[77.70179,42.90594],[77.70504,42.9062],[77.7074,42.90431],[77.71074,42.90458],[77.71532,42.90841],[77.71857,42.90987],[77.72101,42.90975],[77.73023,42.90451],[77.73614,42.90702],[77.74179,42.90709],[77.74658,42.90934],[77.7623,42.90574],[77.76435,42.90796],[77.7706,42.91258],[77.77947,42.9148],[77.78442,42.91387],[77.78845,42.91159],[77.79222,42.9112],[77.79625,42.90825],[77.79791,42.90569],[77.80163,42.90526],[77.80386,42.9036],[77.81066,42.90234],[77.81148,42.89941],[77.81476,42.8954],[77.8136,42.8931],[77.81669,42.88728],[77.82051,42.88631],[77.82247,42.88478],[77.83097,42.88453],[77.83494,42.88236],[77.84074,42.88188],[77.84998,42.88689],[77.85827,42.88771],[77.87309,42.88821],[77.87587,42.88531],[77.88261,42.88366],[77.885,42.88056],[77.89163,42.87982],[77.89995,42.87821],[77.90257,42.87614],[77.90328,42.87411],[77.91112,42.87073],[77.91652,42.87453],[77.9203,42.875],[77.92384,42.87428],[77.92854,42.87643],[77.93071,42.87905],[77.9339,42.88121],[77.93657,42.87873],[77.94076,42.87623],[77.94352,42.86798],[77.94375,42.86415],[77.94231,42.86185],[77.94313,42.86],[77.94768,42.85902],[77.94906,42.85658],[77.95241,42.85487],[77.95631,42.85542],[77.96085,42.854],[77.96467,42.85385],[77.96756,42.85095],[77.97258,42.85128],[77.97542,42.85361],[77.98062,42.85457],[77.98418,42.85594],[77.98618,42.85815],[77.99015,42.86023],[77.99687,42.86142],[77.99951,42.8613],[78.00154,42.86272],[78.00076,42.86614],[78.00218,42.87065],[78.00932,42.86845],[78.02439,42.86444],[78.03339,42.86553],[78.03498,42.86524],[78.0385,42.86017],[78.04352,42.85939],[78.04853,42.85347],[78.05258,42.85021],[78.05434,42.84763],[78.06113,42.84975],[78.06563,42.8502],[78.06961,42.85161],[78.07932,42.84924],[78.08248,42.84965],[78.08539,42.85139],[78.09026,42.84967],[78.09288,42.84983],[78.09864,42.85537],[78.099,42.85705],[78.10654,42.85994],[78.10784,42.86335],[78.11667,42.86459],[78.12126,42.86083],[78.12374,42.85987],[78.13141,42.85925],[78.13618,42.85959],[78.14209,42.85707],[78.14606,42.85806],[78.14959,42.85762],[78.15267,42.86003],[78.15954,42.86149],[78.16237,42.86124],[78.16472,42.85969],[78.17154,42.86029],[78.17312,42.86315],[78.17992,42.86591],[78.17661,42.87275],[78.18262,42.87819],[78.18776,42.87989],[78.19783,42.88199],[78.20459,42.87559],[78.2096,42.87144],[78.2155,42.86962],[78.21657,42.87181],[78.2201,42.87238],[78.22109,42.8757],[78.22304,42.87702],[78.23027,42.87597],[78.23326,42.87486],[78.24061,42.87832],[78.24385,42.87438],[78.24683,42.87198],[78.25274,42.8722],[78.25732,42.87351],[78.26059,42.8728],[78.26315,42.8708],[78.27109,42.86919],[78.27092,42.86431],[78.2741,42.86348],[78.27903,42.86459],[78.28477,42.86428],[78.2943,42.86151],[78.29765,42.86125],[78.30232,42.85873],[78.30488,42.85873],[78.307,42.85724],[78.31459,42.85693],[78.3264,42.85741],[78.33002,42.85586],[78.33443,42.85677],[78.34184,42.85477],[78.35031,42.85517],[78.35878,42.86162],[78.3624,42.86332],[78.36231,42.86806],[78.36814,42.87125],[78.36955,42.87314],[78.36647,42.8756],[78.37018,42.88263],[78.37001,42.88672],[78.37866,42.88914],[78.38289,42.88648],[78.38474,42.88427],[78.39012,42.88103],[78.39374,42.87993],[78.40891,42.87709],[78.41067,42.87702],[78.41474,42.87989],[78.41818,42.87846],[78.42347,42.8784],[78.42797,42.87925],[78.43088,42.8788],[78.43468,42.87978],[78.44078,42.88342],[78.44193,42.88764],[78.4482,42.88862],[78.45102,42.88661],[78.45481,42.88655],[78.45932,42.88915],[78.46171,42.89156],[78.46278,42.89435],[78.46481,42.89643],[78.47169,42.8952],[78.47769,42.8928],[78.48096,42.89293],[78.48546,42.89462],[78.48644,42.89657],[78.49183,42.90067],[78.49952,42.89962],[78.50477,42.89179],[78.51042,42.89006],[78.51326,42.88845],[78.5212,42.88893],[78.52482,42.88771],[78.52978,42.88461],[78.53058,42.88228],[78.53694,42.881],[78.53801,42.87828],[78.54218,42.87427],[78.54202,42.86908],[78.54555,42.86884],[78.55545,42.86569],[78.56436,42.86409],[78.56754,42.86468],[78.57152,42.86275],[78.5754,42.86276],[78.58124,42.85811],[78.58248,42.85513],[78.58196,42.85182],[78.58382,42.84988],[78.58877,42.84749],[78.59415,42.84718],[78.60023,42.84947],[78.60199,42.8518],[78.60657,42.85376],[78.61301,42.85475],[78.6176,42.85353],[78.62316,42.85069],[78.62335,42.84816],[78.62512,42.84641],[78.632,42.84442],[78.63535,42.84462],[78.63818,42.843],[78.64189,42.84236],[78.64366,42.83607],[78.64622,42.83352],[78.6472,42.83115],[78.64614,42.82957],[78.64809,42.82682],[78.65223,42.82498],[78.65471,42.82085],[78.66186,42.81895],[78.66415,42.81488],[78.66997,42.8143],[78.6742,42.81542],[78.67764,42.81457],[78.68258,42.81517],[78.68522,42.81715],[78.6921,42.81459],[78.69439,42.81473],[78.6995,42.81894],[78.70347,42.82078],[78.70373,42.82407],[78.70955,42.82611],[78.71925,42.82435],[78.72622,42.82258],[78.73036,42.8193],[78.73433,42.81503],[78.739,42.81951],[78.74147,42.81859],[78.75337,42.81891],[78.76378,42.81673],[78.77436,42.81507],[78.77674,42.8141],[78.77754,42.81183],[78.78655,42.8006],[78.79106,42.8023],[78.79413,42.80426],[78.79767,42.80876],[78.80117,42.80941],[78.80461,42.80721],[78.80796,42.80774],[78.81325,42.80691],[78.81704,42.80711],[78.82269,42.80543],[78.82939,42.8048],[78.83133,42.80278],[78.83759,42.79948],[78.84465,42.79683],[78.85189,42.79492],[78.8584,42.79867],[78.86571,42.8007],[78.86668,42.7981],[78.86933,42.79634],[78.87224,42.79655],[78.8814,42.79494],[78.88669,42.79339],[78.88995,42.7891],[78.89718,42.78931],[78.90318,42.78856],[78.9093,42.78578],[78.91498,42.78173],[78.92073,42.78041],[78.92688,42.77719],[78.93049,42.77427],[78.93534,42.77544],[78.93903,42.77525],[78.94494,42.7763],[78.94864,42.77637],[78.96724,42.78185],[78.97041,42.78075],[78.9764,42.7805],[78.9786,42.77822],[78.98653,42.77602],[78.99693,42.77602],[78.99884,42.77724],[79.02299,42.77717],[79.02481,42.7705],[79.02921,42.7626],[79.03389,42.76003],[79.04415,42.76278],[79.04726,42.76674],[79.05674,42.77548],[79.06929,42.77663],[79.10694,42.78107],[79.15205,42.79442],[79.16552,42.79703],[79.19937,42.80422],[79.19758,42.80074],[79.1969,42.79734],[79.19195,42.78619],[79.18785,42.78002],[79.18278,42.77516],[79.18127,42.77053],[79.17771,42.76873],[79.17748,42.76553],[79.17324,42.75915],[79.174,42.75778],[79.17207,42.75505],[79.17001,42.75502],[79.1712,42.75073],[79.17039,42.7486],[79.17006,42.74343],[79.17121,42.74316],[79.17155,42.73115],[79.17059,42.72911],[79.17355,42.72365],[79.17211,42.72257],[79.1739,42.71831],[79.17725,42.71748],[79.1782,42.71362],[79.18213,42.70644],[79.18273,42.70423],[79.18125,42.70287],[79.18201,42.69754],[79.18334,42.69676],[79.1849,42.69291],[79.18797,42.68795],[79.19092,42.68733],[79.19351,42.68452],[79.19414,42.68247],[79.19907,42.67887],[79.20042,42.67486],[79.2039,42.67209],[79.20504,42.66813],[79.21021,42.66415],[79.2125,42.66063],[79.21659,42.6561],[79.21932,42.65523],[79.22511,42.65127],[79.22831,42.65012],[79.23303,42.64423],[79.24057,42.64034],[79.24087,42.6383],[79.24361,42.6358],[79.24554,42.63658],[79.24992,42.63627],[79.25197,42.63506],[79.25674,42.62822],[79.2597,42.6259],[79.26914,42.62512],[79.26895,42.62307],[79.27112,42.62167],[79.27608,42.62176],[79.27897,42.62316],[79.28653,42.62301],[79.29526,42.62028],[79.29852,42.62014],[79.30049,42.61659],[79.3045,42.61245],[79.31251,42.60773],[79.31639,42.6069],[79.3171,42.60339],[79.31897,42.60216],[79.33284,42.60407],[79.33915,42.60447],[79.3422,42.60406],[79.34627,42.60228],[79.35174,42.59799],[79.35694,42.59504],[79.35969,42.59119],[79.36287,42.58844],[79.36904,42.58608],[79.37751,42.58005],[79.37928,42.57774],[79.38035,42.57389],[79.38145,42.56579],[79.38525,42.56168],[79.38895,42.5606],[79.39072,42.55855],[79.39538,42.55644],[79.39911,42.55027],[79.40606,42.5465],[79.40941,42.54374],[79.41451,42.54279],[79.41961,42.54087],[79.42403,42.53631],[79.426,42.52738],[79.42584,42.52404],[79.42884,42.52134],[79.42877,42.51813],[79.43247,42.51518],[79.4395,42.51442],[79.44204,42.51481],[79.4496,42.51155],[79.45172,42.50827],[79.45158,42.50068],[79.46044,42.49893],[79.46867,42.49586],[79.47734,42.49323],[79.4804,42.49004],[79.48811,42.48846],[79.49117,42.48636],[79.49298,42.48128],[79.49464,42.47919],[79.49953,42.47534],[79.50143,42.47058],[79.50088,42.46582],[79.50295,42.46106],[79.50488,42.45989],[79.51758,42.45738],[79.52643,42.4573],[79.53363,42.45917],[79.5368,42.46137],[79.5403,42.45934],[79.54389,42.45842],[79.55064,42.45854],[79.55496,42.46178],[79.55696,42.45911],[79.56098,42.4574],[79.56984,42.45829],[79.57196,42.45971],[79.57643,42.45905],[79.58186,42.45962],[79.58335,42.45812],[79.59524,42.4545],[79.60314,42.45493],[79.60813,42.45472],[79.61156,42.45601],[79.61439,42.45848],[79.62148,42.45612],[79.62647,42.4557],[79.63391,42.45372],[79.64075,42.45461],[79.64269,42.45604],[79.64325,42.45982],[79.64198,42.46497],[79.6441,42.46796],[79.65522,42.4756],[79.66366,42.47909],[79.67332,42.4801],[79.68506,42.47771],[79.69007,42.47912],[79.69682,42.47929],[79.6967,42.47538],[79.70359,42.47053],[79.70665,42.46922],[79.71164,42.46829],[79.71946,42.4706],[79.72577,42.4696],[79.73083,42.46678],[79.73573,42.46552],[79.74152,42.46556],[79.74817,42.46396],[79.74884,42.46051],[79.74818,42.45575],[79.74939,42.45262],[79.75327,42.45273],[79.75785,42.45196],[79.76099,42.45233],[79.76668,42.45521],[79.77131,42.45599],[79.77327,42.45502],[79.78063,42.45367],[79.78172,42.4517],[79.78706,42.44664],[79.79043,42.44635],[79.79572,42.44724],[79.80677,42.44804],[79.81248,42.44706],[79.81605,42.44401],[79.82693,42.44232],[79.83112,42.4421],[79.83806,42.44295],[79.8427,42.44279],[79.85731,42.44527],[79.86575,42.43792],[79.86854,42.43691],[79.8728,42.43729],[79.87618,42.44003],[79.891,42.4396],[79.89389,42.44073],[79.89912,42.4372],[79.90833,42.44018],[79.91067,42.43927],[79.91425,42.4398],[79.91808,42.44255],[79.92026,42.4423],[79.92404,42.43627],[79.92932,42.43754],[79.93434,42.43699],[79.94261,42.43857],[79.94419,42.4382],[79.94665,42.4342],[79.95153,42.43326],[79.9602,42.43369],[79.96411,42.4366],[79.96691,42.43459],[79.96778,42.43222],[79.96686,42.42907],[79.96438,42.42573],[79.96423,42.42143],[79.9661,42.4172],[79.96856,42.41364],[79.96897,42.41149],[79.97126,42.40893],[79.97028,42.40539],[79.96824,42.40205],[79.97034,42.39739],[79.97506,42.39303],[79.97601,42.38994],[79.97784,42.38754],[79.97843,42.38379],[79.98022,42.37967],[79.98213,42.3776],[79.98819,42.377],[79.99258,42.37776],[80.00054,42.37793],[80.0013,42.36889],[80.00126,42.36475],[80.00405,42.36189],[80.01303,42.35978],[80.01337,42.35454],[80.01888,42.34817],[80.0257,42.34472],[80.03027,42.34292],[80.03707,42.34273],[80.04094,42.34402],[80.04497,42.34359],[80.05066,42.34135],[80.05896,42.34073],[80.0641,42.3413],[80.07427,42.3399],[80.07621,42.34035],[80.08166,42.33938],[80.08311,42.33536],[80.08492,42.33333],[80.08259,42.32905],[80.07969,42.32544],[80.08078,42.32342],[80.08573,42.31904],[80.0925,42.31687],[80.09974,42.31681],[80.10626,42.31569],[80.11083,42.31118],[80.11432,42.3087],[80.12231,42.30529],[80.12958,42.30044],[80.13539,42.29392],[80.1392,42.29039],[80.14191,42.28581],[80.13816,42.28345],[80.12919,42.28103],[80.11804,42.27626],[80.1744,42.21084],[80.17484,42.21289],[80.17846,42.21772],[80.17818,42.22079],[80.18178,42.22307],[80.18462,42.22322],[80.19519,42.22774],[80.19917,42.229],[80.20836,42.22942],[80.21118,42.2287],[80.21696,42.22845],[80.21864,42.22453],[80.22287,42.22087],[80.22874,42.21742],[80.23252,42.21847],[80.23832,42.21876],[80.2433,42.21811],[80.24996,42.21933],[80.25117,42.22109],[80.26031,42.22266],[80.27098,42.22636],[80.27347,42.22786],[80.2751,42.23056],[80.27889,42.23173],[80.28365,42.23544],[80.28464,42.23812],[80.28506,42.24415],[80.2804,42.24762],[80.28583,42.25399],[80.28933,42.26008],[80.28918,42.26175],[80.28414,42.27199],[80.28274,42.27363],[80.28166,42.27804],[80.27958,42.28129],[80.2756,42.28326],[80.26831,42.28339],[80.26281,42.29005],[80.25948,42.29285],[80.26057,42.29726],[80.26017,42.30447],[80.26844,42.30759],[80.27165,42.31385],[80.27835,42.31409],[80.28386,42.31844],[80.28284,42.32111],[80.27915,42.32425],[80.27564,42.32418],[80.26866,42.32705],[80.26353,42.32833],[80.26045,42.33091],[80.25184,42.33528],[80.24766,42.34098],[80.24541,42.34157],[80.24046,42.34027],[80.23765,42.34033],[80.23669,42.34737],[80.23207,42.34881],[80.23013,42.35314],[80.22987,42.35694],[80.22657,42.35848],[80.22894,42.36342],[80.22709,42.36555],[80.22838,42.36908],[80.23133,42.37185],[80.23245,42.37424],[80.2379,42.38073],[80.23708,42.38309],[80.23877,42.38701],[80.23801,42.3898],[80.23519,42.39212],[80.23083,42.39239],[80.22749,42.39781],[80.23108,42.39922],[80.2328,42.40149],[80.23326,42.40427],[80.23032,42.40536],[80.22462,42.40984],[80.22296,42.40949],[80.21808,42.41092],[80.2145,42.41306],[80.21498,42.41435],[80.21445,42.42236],[80.2152,42.42381],[80.21221,42.42533],[80.20779,42.42621],[80.2045,42.42854],[80.21027,42.43651],[80.21052,42.43914],[80.20935,42.44293],[80.21206,42.44771],[80.2123,42.45402],[80.20808,42.45851],[80.20891,42.46235],[80.20735,42.46772],[80.21027,42.47121],[80.21683,42.47267],[80.21888,42.4805],[80.2218,42.48196],[80.22656,42.48599],[80.22803,42.48799],[80.23038,42.48832],[80.23517,42.49105],[80.23492,42.49275],[80.23641,42.49685],[80.235,42.49915],[80.23897,42.50105],[80.24229,42.50548],[80.2441,42.50422],[80.25156,42.50137],[80.2594,42.50014],[80.26545,42.50284],[80.26743,42.5047],[80.27133,42.51084],[80.27169,42.51388],[80.2742,42.51504],[80.27498,42.51762],[80.27387,42.52003],[80.26945,42.5179],[80.26194,42.51602],[80.25852,42.51623],[80.25249,42.5181],[80.25139,42.52173],[80.24888,42.52393],[80.24157,42.52643],[80.23626,42.52716],[80.23437,42.52662],[80.22663,42.52949],[80.22391,42.53194],[80.22058,42.53294],[80.21116,42.54498],[80.20891,42.54828],[80.2019,42.55516],[80.20032,42.55844],[80.2,42.56226],[80.19727,42.56446],[80.19209,42.56715],[80.18875,42.57189],[80.18642,42.57838],[80.18265,42.58081],[80.1804,42.58688],[80.17909,42.58797],[80.1782,42.59222],[80.17947,42.59466],[80.17743,42.60113],[80.17802,42.60362],[80.17262,42.60869],[80.17122,42.61174],[80.16728,42.61749],[80.16531,42.62196],[80.16269,42.62488],[80.16215,42.63204],[80.16509,42.63596],[80.16792,42.64088],[80.16757,42.64514],[80.16835,42.6482],[80.17081,42.65132],[80.17319,42.65289],[80.1746,42.6554],[80.17351,42.65885],[80.17487,42.66378],[80.17443,42.66642],[80.17672,42.67137],[80.17913,42.67329],[80.18417,42.67567],[80.18695,42.67885],[80.19166,42.68245],[80.19867,42.68499],[80.2025,42.68576],[80.20357,42.68808],[80.20758,42.68921],[80.21503,42.68972],[80.21821,42.69207],[80.22676,42.69351],[80.22865,42.69687],[80.22554,42.70281],[80.2229,42.71271],[80.24211,42.75656],[80.25481,42.78396],[80.25595,42.794],[80.26155,42.8258],[80.25994,42.82747],[80.26355,42.82895],[80.26398,42.82665],[80.2702,42.83034],[80.27163,42.83211],[80.27573,42.83247],[80.27453,42.83477],[80.27734,42.83798],[80.28139,42.83548],[80.28404,42.83657],[80.28744,42.8354],[80.29153,42.83539],[80.29041,42.83174],[80.2929,42.8296],[80.29604,42.83429],[80.30032,42.83243],[80.30454,42.83429],[80.30681,42.83799],[80.31122,42.83506],[80.3202,42.83713],[80.32364,42.8386],[80.32421,42.83518],[80.32897,42.83782],[80.33096,42.83375],[80.32569,42.82889],[80.32902,42.8276],[80.33041,42.82486],[80.33281,42.82536],[80.33296,42.82767],[80.3395,42.82827],[80.3422,42.82793],[80.34357,42.83063],[80.34903,42.83049],[80.34952,42.82856],[80.35237,42.82712],[80.35585,42.8283],[80.35482,42.8316],[80.35641,42.83413],[80.36,42.83229],[80.36046,42.83518],[80.36307,42.83553],[80.36382,42.83128],[80.36595,42.82976],[80.36894,42.82976],[80.3705,42.832],[80.37811,42.83083],[80.38149,42.83374],[80.38403,42.83341],[80.38484,42.83555],[80.38857,42.83468],[80.38828,42.83759],[80.39015,42.83894],[80.39604,42.83413],[80.40575,42.83299],[80.40597,42.82963],[80.41001,42.83116],[80.4066,42.83411],[80.4146,42.83712],[80.42025,42.8415],[80.41928,42.84393],[80.42333,42.8452],[80.42045,42.84833],[80.42175,42.85025],[80.42655,42.84968],[80.42623,42.852],[80.4233,42.85283],[80.42302,42.85441],[80.42693,42.85648],[80.43248,42.85398],[80.43204,42.85158],[80.43888,42.85389],[80.43721,42.85689],[80.4428,42.85648],[80.44238,42.86],[80.4459,42.86126],[80.45148,42.85911],[80.45199,42.85727],[80.45641,42.85502],[80.46053,42.85542],[80.46032,42.86051],[80.46213,42.8638],[80.46819,42.86257],[80.47195,42.86292],[80.47151,42.86473],[80.47554,42.86473],[80.47597,42.86596],[80.47296,42.86769],[80.47429,42.86912],[80.47813,42.86958],[80.48058,42.86764],[80.48464,42.87002],[80.48629,42.87283],[80.49281,42.87232],[80.49642,42.86981],[80.49867,42.87038],[80.50028,42.87256],[80.49743,42.87801],[80.50384,42.88112],[80.50762,42.88004],[80.50965,42.87796],[80.5082,42.87345],[80.51289,42.87403],[80.51391,42.87734],[80.51611,42.87833],[80.52718,42.87798],[80.52882,42.87933],[80.52823,42.88293],[80.53324,42.88301],[80.53787,42.88065],[80.53994,42.88141],[80.5419,42.88587],[80.54453,42.88641],[80.54671,42.88479],[80.54691,42.88146],[80.54907,42.8789],[80.55172,42.87905],[80.55258,42.88082],[80.55186,42.88378],[80.55287,42.88639],[80.55519,42.88696],[80.5612,42.88668],[80.56498,42.88957],[80.56769,42.88957],[80.57454,42.88759],[80.57616,42.88888],[80.57085,42.89199],[80.57116,42.89501],[80.57674,42.89585],[80.58078,42.89087],[80.58115,42.895],[80.58444,42.89645],[80.58681,42.89532],[80.58937,42.89237],[80.59387,42.89147],[80.59583,42.89236],[80.60008,42.89234],[80.59652,42.89891],[80.59824,42.90039],[80.59387,42.90491],[80.59524,42.90661],[80.59219,42.91065],[80.59148,42.91351],[80.58044,42.91633],[80.57309,42.92018],[80.57013,42.92028],[80.56841,42.92358],[80.56509,42.92606],[80.55693,42.93064],[80.54969,42.93285],[80.542,42.9343],[80.53964,42.93593],[80.53288,42.93718],[80.52761,42.93737],[80.51977,42.93932],[80.51659,42.93866],[80.50715,42.93921],[80.50228,42.94138],[80.49938,42.9419],[80.49409,42.94422],[80.49085,42.94371],[80.48529,42.94478],[80.48362,42.94674],[80.48147,42.9466],[80.47533,42.94997],[80.47495,42.95161],[80.46955,42.95437],[80.45799,42.95916],[80.45441,42.96142],[80.44853,42.96387],[80.44006,42.96627],[80.43447,42.97179],[80.42212,42.97941],[80.41544,42.98318],[80.41484,42.98573],[80.41084,42.98695],[80.4079,42.98875],[80.40274,42.99028],[80.4003,42.99306],[80.3982,42.99343],[80.39377,42.99625],[80.38776,43.00289],[80.38862,43.00338],[80.38752,43.00777],[80.38406,43.01393],[80.38181,43.01628],[80.38056,43.01944],[80.38083,43.02241],[80.39165,43.02619],[80.39418,43.02885],[80.39451,43.03561],[80.39762,43.03886],[80.39784,43.04505],[80.40535,43.05013],[80.40789,43.05402],[80.40852,43.05736],[80.41443,43.05766],[80.4192,43.05987],[80.42236,43.06258],[80.42562,43.06258],[80.43688,43.0663],[80.43882,43.06767],[80.44225,43.06735],[80.4477,43.07118],[80.45858,43.07575],[80.46267,43.07428],[80.46461,43.07201],[80.47286,43.07287],[80.474,43.07079],[80.47757,43.06954],[80.48505,43.07044],[80.48593,43.07239],[80.49066,43.07288],[80.49936,43.07878],[80.50288,43.07879],[80.50638,43.08002],[80.50911,43.08475],[80.51279,43.08621],[80.51867,43.08692],[80.52582,43.09129],[80.52758,43.09465],[80.53365,43.09537],[80.53559,43.09851],[80.5383,43.09971],[80.54039,43.09863],[80.54834,43.09748],[80.55276,43.10081],[80.55578,43.10194],[80.55855,43.10886],[80.56063,43.11024],[80.56053,43.11574],[80.56431,43.11696],[80.56797,43.11717],[80.57232,43.1189],[80.57631,43.12473],[80.57672,43.12702],[80.58004,43.12869],[80.58659,43.13641],[80.59071,43.13821],[80.6025,43.13517],[80.60558,43.13947],[80.60844,43.14209],[80.61193,43.14207],[80.61496,43.1431],[80.62115,43.14182],[80.62277,43.14034],[80.62692,43.14033],[80.62944,43.14202],[80.63012,43.14468],[80.63258,43.14686],[80.63737,43.14815],[80.64201,43.1453],[80.64702,43.14754],[80.65753,43.14994],[80.66536,43.14863],[80.67133,43.14384],[80.67508,43.14328],[80.67999,43.14478],[80.68232,43.14374],[80.68761,43.1442],[80.68992,43.14319],[80.69866,43.1431],[80.70418,43.14583],[80.70641,43.14488],[80.70918,43.14213],[80.71006,43.13888],[80.71517,43.1345],[80.71806,43.13398],[80.72387,43.13421],[80.72478,43.13574],[80.73363,43.14203],[80.73726,43.14337],[80.74161,43.1467],[80.74803,43.1468],[80.7509,43.14536],[80.7565,43.14629],[80.76684,43.14555],[80.76732,43.14315],[80.77012,43.1412],[80.7725,43.14096],[80.77623,43.13893],[80.78131,43.13782],[80.78472,43.1407],[80.78829,43.14182],[80.78898,43.14425],[80.78816,43.14695],[80.79166,43.15284],[80.79293,43.15662],[80.79217,43.16032],[80.79718,43.16578],[80.79521,43.17128],[80.79705,43.17361],[80.80327,43.17464],[80.80728,43.17727],[80.79743,43.18421],[80.79577,43.18689],[80.79517,43.19001],[80.79272,43.19504],[80.78926,43.19748],[80.78608,43.20192],[80.78837,43.20656],[80.78684,43.2088],[80.78519,43.21372],[80.78278,43.21545],[80.78309,43.22794],[80.78532,43.23416],[80.78656,43.23606],[80.78958,43.23699],[80.78517,43.2416],[80.78162,43.24857],[80.77657,43.25054],[80.77257,43.25536],[80.7718,43.25919],[80.7652,43.26676],[80.76529,43.27141],[80.76932,43.27611],[80.7698,43.27778],[80.77412,43.27917],[80.77099,43.29021],[80.77494,43.29664],[80.77434,43.2989],[80.77633,43.30234],[80.77859,43.30379],[80.77944,43.308],[80.77853,43.31138],[80.77453,43.31331],[80.76982,43.31418],[80.76649,43.31632],[80.76002,43.31556],[80.75292,43.31745],[80.74988,43.31743],[80.74563,43.31577],[80.73924,43.31708],[80.73116,43.31691],[80.72869,43.31761],[80.72548,43.31692],[80.72039,43.31719],[80.71854,43.31812],[80.71165,43.31764],[80.70466,43.31941],[80.69818,43.31628],[80.69269,43.32031],[80.69107,43.32063],[80.68798,43.32421],[80.68498,43.32577],[80.68317,43.32868],[80.68358,43.33327],[80.68552,43.33763],[80.68899,43.3389],[80.69485,43.34274],[80.69585,43.3458],[80.70201,43.3497],[80.70487,43.35288],[80.70625,43.35632],[80.70609,43.35988],[80.70487,43.36447],[80.71099,43.36761],[80.71656,43.37248],[80.72086,43.37371],[80.72343,43.37589],[80.72564,43.3791],[80.72849,43.38581],[80.7312,43.39036],[80.73509,43.39315],[80.73334,43.39749],[80.73328,43.40264],[80.73653,43.41097],[80.73433,43.41384],[80.73289,43.41749],[80.73421,43.42291],[80.73521,43.42433],[80.73474,43.4323],[80.7359,43.43475],[80.73914,43.43613],[80.74157,43.43971],[80.75111,43.44494],[80.75608,43.44675],[80.7567,43.45035],[80.75528,43.45469],[80.75348,43.45715],[80.75286,43.46455],[80.75098,43.46904],[80.7139,43.53296],[80.68564,43.57973],[80.67378,43.59745],[80.63126,43.66255],[80.62647,43.67016],[80.62394,43.67277],[80.61916,43.6803],[80.58772,43.72428],[80.52277,43.82191],[80.52143,43.82446],[80.52305,43.82717],[80.52049,43.83257],[80.52513,43.83544],[80.52089,43.83897],[80.52016,43.84186],[80.52221,43.84371],[80.52055,43.84776],[80.52181,43.85026],[80.5207,43.85471],[80.5215,43.85724],[80.51886,43.85915],[80.51757,43.86174],[80.51826,43.86339],[80.51264,43.86465],[80.51082,43.86432],[80.5066,43.86961],[80.50817,43.87114],[80.50475,43.87498],[80.5057,43.87705],[80.51207,43.8807],[80.51287,43.88256],[80.51128,43.88591],[80.51183,43.88795],[80.50936,43.88871],[80.51183,43.89238],[80.51183,43.89612],[80.51011,43.89887],[80.50909,43.90287],[80.50699,43.90596],[80.50341,43.90874],[80.50041,43.91213],[80.49726,43.9145],[80.494,43.91464],[80.48891,43.91867],[80.48903,43.92334],[80.48622,43.92537],[80.48407,43.92967],[80.47818,43.9309],[80.47597,43.93435],[80.47442,43.93474],[80.47361,43.93881],[80.47637,43.9429],[80.47816,43.94736],[80.47707,43.95219],[80.47985,43.95513],[80.48299,43.95665],[80.48091,43.95838],[80.47786,43.95825],[80.47374,43.96299],[80.47463,43.96611],[80.47354,43.96729],[80.46881,43.9682],[80.4645,43.97132],[80.46175,43.97762],[80.45603,43.97831],[80.45803,43.9809],[80.45496,43.98198],[80.45627,43.9861],[80.45193,43.98895],[80.45199,43.99174],[80.45385,43.99236],[80.45319,43.99493],[80.44994,43.99638],[80.45356,43.99933],[80.45103,43.99995],[80.45193,44.0036],[80.44922,44.00458],[80.451,44.00724],[80.44586,44.00791],[80.45117,44.01184],[80.45306,44.01461],[80.4494,44.01451],[80.45068,44.01699],[80.45413,44.01803],[80.45493,44.02016],[80.45197,44.02321],[80.45524,44.02522],[80.45196,44.02703],[80.45838,44.03002],[80.45397,44.03296],[80.45189,44.0324],[80.44886,44.03368],[80.44845,44.03611],[80.45085,44.03821],[80.44975,44.04145],[80.45291,44.04264],[80.45548,44.04535],[80.44887,44.05034],[80.45071,44.05333],[80.45077,44.05573],[80.44693,44.05645],[80.446,44.05996],[80.4473,44.06109],[80.44508,44.06323],[80.4459,44.06623],[80.445,44.0679],[80.43985,44.0686],[80.44517,44.0744],[80.41598,44.0976],[80.39426,44.11203],[80.39552,44.1167],[80.39786,44.12266],[80.39954,44.12435],[80.40022,44.12814],[80.40165,44.12923],[80.40041,44.13157],[80.40263,44.13869],[80.40553,44.14175],[80.40444,44.14367],[80.40525,44.14917],[80.40352,44.15097],[80.40264,44.15537],[80.40342,44.15648],[80.40251,44.16156],[80.40135,44.16413],[80.4021,44.16678],[80.39963,44.16986],[80.39809,44.17715],[80.39879,44.18062],[80.39772,44.18347],[80.39903,44.19248],[80.39692,44.19718],[80.39747,44.20219],[80.39923,44.20368],[80.40085,44.21117],[80.40151,44.22428],[80.40374,44.23237],[80.404,44.23921],[80.40296,44.24146],[80.4057,44.24893],[80.40452,44.26055],[80.40492,44.26483],[80.40526,44.27803],[80.40494,44.28229],[80.40576,44.28964],[80.40539,44.29301],[80.39985,44.30008],[80.39853,44.3042],[80.39534,44.3079],[80.3949,44.31005],[80.39282,44.31116],[80.39205,44.31481],[80.39252,44.32033],[80.39037,44.32348],[80.39133,44.32529],[80.39068,44.3334],[80.38785,44.33972],[80.3871,44.34435],[80.38738,44.34763],[80.38606,44.34892],[80.38651,44.35554],[80.3848,44.35987],[80.38445,44.36454],[80.38519,44.3665],[80.38433,44.37213],[80.38508,44.37355],[80.38399,44.37765],[80.38093,44.38233],[80.37818,44.39541],[80.37859,44.40346],[80.37664,44.40896],[80.37711,44.41133],[80.37363,44.41593],[80.37087,44.41773],[80.37213,44.42007],[80.37152,44.42587],[80.36884,44.42934],[80.36696,44.43661],[80.36686,44.44121],[80.36372,44.44318],[80.35881,44.44765],[80.35787,44.45175],[80.35563,44.45603],[80.34941,44.46047],[80.35132,44.46983],[80.35045,44.47432],[80.34897,44.4758],[80.3487,44.47999],[80.34692,44.48269],[80.3517,44.48673],[80.35521,44.49134],[80.36126,44.49468],[80.36325,44.4974],[80.36332,44.49967],[80.36631,44.50313],[80.37035,44.51111],[80.36946,44.52077],[80.36759,44.52339],[80.36821,44.52553],[80.37139,44.52794],[80.37049,44.53186],[80.37374,44.53337],[80.37706,44.53667],[80.37707,44.54254],[80.37882,44.54439],[80.37858,44.54653],[80.38109,44.55131],[80.37983,44.55275],[80.38531,44.55724],[80.38495,44.56037],[80.38771,44.56415],[80.39041,44.56476],[80.39356,44.56733],[80.39233,44.57102],[80.39202,44.5762],[80.39398,44.5832],[80.39174,44.58871],[80.39127,44.59147],[80.39926,44.59495],[80.39926,44.59629],[80.40224,44.59947],[80.40395,44.59957],[80.40857,44.60469],[80.41048,44.61039],[80.4061,44.61269],[80.4048,44.61725],[80.40187,44.62012],[80.39895,44.62088],[80.39932,44.62291],[80.39716,44.62881],[80.39557,44.62914],[80.38274,44.63731],[80.38218,44.6415],[80.3774,44.64316],[80.37308,44.64935],[80.36876,44.65308],[80.36637,44.656],[80.35991,44.65829],[80.35544,44.66142],[80.35055,44.66571],[80.34948,44.66956],[80.34752,44.67303],[80.34441,44.67574],[80.34391,44.6803],[80.33912,44.68541],[80.33793,44.689],[80.33369,44.69006],[80.32498,44.69502],[80.3134,44.70332],[80.29151,44.70854],[80.2861,44.70921],[80.27889,44.71293],[80.27486,44.71349],[80.26344,44.717],[80.25884,44.71921],[80.2561,44.71864],[80.24828,44.71991],[80.24265,44.7217],[80.23789,44.7209],[80.2294,44.72481],[80.22528,44.72806],[80.2193,44.73046],[80.21063,44.73666],[80.20598,44.74136],[80.20275,44.74194],[80.19762,44.74578],[80.19636,44.74803],[80.19281,44.7497],[80.19092,44.75201],[80.19678,44.75756],[80.19675,44.7619],[80.19347,44.76406],[80.19177,44.76817],[80.1885,44.77087],[80.18511,44.77642],[80.18211,44.77985],[80.17687,44.78269],[80.17586,44.78536],[80.17591,44.79044],[80.17224,44.79436],[80.1684,44.79519],[80.16539,44.79767],[80.16479,44.80116],[80.16699,44.80363],[80.16446,44.80971],[80.16205,44.81161],[80.16217,44.81657],[80.16489,44.8222],[80.16786,44.82626],[80.16663,44.828],[80.1669,44.83614],[80.16513,44.84053],[80.16258,44.84193],[80.15677,44.84164],[80.15333,44.83882],[80.15362,44.8352],[80.14832,44.83149],[80.14769,44.82809],[80.14618,44.82669],[80.1359,44.82463],[80.13188,44.82452],[80.12776,44.82308],[80.12509,44.82027],[80.12476,44.81702],[80.11742,44.81301],[80.1142,44.80978],[80.10977,44.80976],[80.10674,44.81093],[80.10287,44.81101],[80.0961,44.81357],[80.0839,44.8119],[80.0781,44.81273],[80.07314,44.8097],[80.06664,44.80914],[80.05937,44.80783],[80.05384,44.80236],[80.04506,44.80055],[80.04153,44.80086],[80.03399,44.80405],[80.02539,44.80187],[80.01943,44.79843],[80.01843,44.79537],[80.01948,44.79317],[80.01317,44.79256],[80.00631,44.79019],[80.00069,44.79029],[79.99538,44.79208],[79.99359,44.79438],[79.9933,44.79907],[79.99714,44.80341],[79.99788,44.80616],[79.99728,44.80951],[79.99963,44.81603],[79.9987,44.81922],[79.99671,44.82034],[79.99518,44.82359],[79.9884,44.82441],[79.98195,44.831],[79.9777,44.83159],[79.97414,44.83363],[79.97059,44.83731],[79.96827,44.8381],[79.96676,44.84165],[79.95898,44.84368],[79.9571,44.84608],[79.95793,44.84876],[79.95585,44.8503],[79.95144,44.85022],[79.94926,44.84862],[79.94472,44.85004],[79.94482,44.8532],[79.94609,44.85482],[79.94665,44.86039],[79.94567,44.86265],[79.94607,44.86625],[79.95228,44.86846],[79.95148,44.86963],[79.95423,44.87344],[79.96148,44.87552],[79.9642,44.87897],[79.96295,44.88195],[79.95861,44.88139],[79.95325,44.882],[79.94948,44.88363],[79.94462,44.88417],[79.94114,44.8866],[79.93959,44.88591],[79.93215,44.88748],[79.93007,44.88916],[79.92961,44.89288],[79.9261,44.893],[79.91705,44.8973],[79.91475,44.90073],[79.90979,44.90113],[79.90627,44.90064],[79.90324,44.90137],[79.90207,44.89966],[79.89369,44.89498],[79.88592,44.89356],[79.88856,44.90246],[79.88472,44.90649],[79.88582,44.90739],[79.88199,44.91068],[79.88676,44.91479],[79.88978,44.91618],[79.89121,44.91843],[79.89623,44.91963],[79.90268,44.92447],[79.90471,44.92869],[79.91478,44.9273],[79.92404,44.93167],[79.92748,44.93182],[79.92954,44.93303],[79.935,44.93286],[79.93842,44.93692],[79.94376,44.93782],[79.9475,44.94401],[79.94715,44.94591],[79.94447,44.94767],[79.94387,44.94954],[79.94521,44.95224],[79.95205,44.95294],[79.95537,44.95651],[79.95572,44.96137],[79.96276,44.96301],[79.96593,44.96505],[79.96958,44.96606],[79.97411,44.96286],[79.98083,44.96477],[79.98575,44.96904],[79.98746,44.9733],[79.98877,44.9786],[79.9924,44.97838],[80.00209,44.98027],[80.01299,44.98019],[80.01386,44.98435],[80.01844,44.98835],[80.01846,44.99031],[80.02848,44.99375],[80.03116,44.99668],[80.03395,44.99651],[80.03379,44.99973],[80.03996,45.00339],[80.04599,45.00165],[80.05113,45.00572],[80.05314,45.01236],[80.05651,45.01412],[80.0602,45.01261],[80.06225,45.01342],[80.06752,45.01242],[80.0753,45.00947],[80.07622,45.00757],[80.08202,45.00723],[80.0855,45.0058],[80.09408,45.00732],[80.09727,45.00708],[80.09588,45.01364],[80.09556,45.01915],[80.09406,45.02387],[80.09372,45.02746],[80.08755,45.03047],[80.08672,45.03303],[80.09121,45.03751],[80.08933,45.04191],[80.08973,45.04672],[80.0941,45.04782],[80.10548,45.04534],[80.10803,45.04573],[80.1122,45.04837],[80.11445,45.04723],[80.11799,45.04128],[80.1233,45.03946],[80.12834,45.03929],[80.12864,45.04303],[80.13106,45.04595],[80.13384,45.04628],[80.13449,45.04807],[80.13857,45.05231],[80.13953,45.05735],[80.14621,45.05409],[80.15237,45.0527],[80.15407,45.05146],[80.1562,45.04748],[80.16113,45.04306],[80.16787,45.03878],[80.17029,45.03828],[80.17372,45.03913],[80.17802,45.04155],[80.18232,45.04173],[80.18234,45.03936],[80.18604,45.03406],[80.19164,45.02837],[80.19485,45.02724],[80.20173,45.02999],[80.2054,45.02865],[80.20754,45.02663],[80.21353,45.02325],[80.22154,45.02676],[80.22821,45.03191],[80.23121,45.033],[80.23547,45.02933],[80.2403,45.02768],[80.24626,45.0326],[80.25004,45.03747],[80.25515,45.0411],[80.25685,45.04524],[80.26022,45.04773],[80.26073,45.05396],[80.26672,45.05359],[80.27149,45.05567],[80.27682,45.05904],[80.28653,45.0613],[80.28821,45.06368],[80.2934,45.0665],[80.29667,45.06543],[80.30342,45.06707],[80.30793,45.06661],[80.31289,45.06727],[80.31704,45.07003],[80.32544,45.0696],[80.32713,45.06843],[80.32963,45.06262],[80.32879,45.05913],[80.33073,45.05481],[80.33425,45.053],[80.33772,45.04686],[80.34492,45.04106],[80.3529,45.03974],[80.36216,45.03976],[80.36291,45.04074],[80.36876,45.04239],[80.37525,45.04082],[80.37868,45.04126],[80.38207,45.04003],[80.38703,45.04488],[80.39233,45.04444],[80.39837,45.04715],[80.40331,45.04763],[80.40485,45.05007],[80.40734,45.05774],[80.41169,45.05847],[80.41956,45.06195],[80.42802,45.06707],[80.42855,45.06871],[80.43205,45.07207],[80.43791,45.07502],[80.4406,45.07974],[80.44196,45.08574],[80.44343,45.08722],[80.44157,45.08993],[80.44183,45.09155],[80.43739,45.09725],[80.44622,45.10069],[80.44881,45.1046],[80.45493,45.10597],[80.45894,45.10878],[80.46269,45.11259],[80.46562,45.1121],[80.4695,45.11322],[80.47693,45.11376],[80.4796,45.11519],[80.481,45.1194],[80.48542,45.12461],[80.48889,45.12649],[80.49124,45.12543],[80.49204,45.1224],[80.49389,45.12194],[80.49707,45.11904],[80.49868,45.11501],[80.50216,45.11224],[80.50554,45.11154],[80.50791,45.10952],[80.50904,45.10688],[80.51169,45.10597],[80.51742,45.10556],[80.52503,45.10666],[80.52816,45.10839],[80.53356,45.10796],[80.53893,45.1098],[80.54711,45.11089],[80.55843,45.11083],[80.56154,45.11281],[80.57155,45.11049],[80.57585,45.11023],[80.57999,45.10638],[80.58816,45.10513],[80.58988,45.10564],[80.59476,45.10479],[80.60091,45.10456],[80.60267,45.10722],[80.60734,45.10925],[80.60997,45.10825],[80.61435,45.10849],[80.61862,45.11188],[80.61939,45.11512],[80.62427,45.11777],[80.62703,45.11746],[80.63065,45.1152],[80.63454,45.11477],[80.63739,45.11619],[80.63716,45.11903],[80.64594,45.12146],[80.65554,45.12147],[80.65886,45.12413],[80.66685,45.12453],[80.6708,45.12677],[80.67779,45.12866],[80.67869,45.13246],[80.68612,45.13416],[80.69556,45.13266],[80.69795,45.13351],[80.7006,45.13684],[80.70476,45.14344],[80.71212,45.14636],[80.71497,45.146],[80.71975,45.14866],[80.7245,45.15031],[80.72616,45.15389],[80.73025,45.1547],[80.73147,45.1571],[80.73686,45.15778],[80.74297,45.1597],[80.7506,45.15692],[80.75645,45.15347],[80.76306,45.15173],[80.76705,45.14767],[80.77263,45.14389],[80.77745,45.14352],[80.78151,45.14517],[80.78704,45.15014],[80.79164,45.14931],[80.79486,45.15034],[80.80378,45.14679],[80.81354,45.14473],[80.81558,45.14379],[80.82799,45.14179],[80.83518,45.13957],[80.84282,45.13222],[80.84953,45.12765],[80.85434,45.12611],[80.85943,45.12539],[80.864,45.12598],[80.86579,45.12751],[80.87539,45.12997],[80.87708,45.13099],[80.8812,45.12949],[80.88942,45.12473],[80.89481,45.12456],[80.89828,45.12511],[80.89996,45.12938],[80.90399,45.13214],[80.90662,45.13701],[80.91117,45.13851],[80.9147,45.14376],[80.92141,45.14517],[80.92301,45.14904],[80.92694,45.15266],[80.92667,45.15505],[80.92957,45.15774],[80.93694,45.15807],[80.9429,45.1595],[80.94588,45.16143],[80.95168,45.1604],[80.95691,45.16763],[80.96017,45.16709],[80.9678,45.16731],[80.9723,45.16371],[80.9833,45.16097],[80.98803,45.16095],[80.99193,45.15915],[80.99656,45.15828],[81.00648,45.16254],[81.01036,45.16172],[81.01618,45.16454],[81.02466,45.16351],[81.02734,45.16593],[81.03226,45.16665],[81.03563,45.1664],[81.04378,45.17015],[81.0506,45.17528],[81.0554,45.1778],[81.05733,45.1773],[81.06415,45.17257],[81.07003,45.17238],[81.07577,45.17848],[81.07502,45.18419],[81.0784,45.18707],[81.08351,45.19455],[81.0876,45.19639],[81.09356,45.19603],[81.09954,45.19961],[81.10711,45.19939],[81.10909,45.20108],[81.10764,45.2029],[81.10752,45.20715],[81.1038,45.21015],[81.10175,45.21287],[81.10085,45.21759],[81.10661,45.22189],[81.11141,45.21732],[81.1196,45.21517],[81.12357,45.21572],[81.1297,45.21821],[81.13345,45.21757],[81.13391,45.21445],[81.13694,45.20996],[81.14252,45.21044],[81.14817,45.20902],[81.15575,45.20516],[81.1615,45.20559],[81.16365,45.20682],[81.16647,45.21037],[81.16976,45.21281],[81.17019,45.21522],[81.16861,45.21702],[81.16654,45.2243],[81.17272,45.226],[81.17512,45.22521],[81.18144,45.22701],[81.18749,45.23248],[81.18974,45.23201],[81.19362,45.23422],[81.20352,45.23682],[81.20607,45.2367],[81.21105,45.23388],[81.22179,45.23767],[81.22186,45.24185],[81.22094,45.24472],[81.22849,45.24817],[81.23035,45.24555],[81.23529,45.24201],[81.23847,45.2406],[81.24376,45.24004],[81.24924,45.24136],[81.25222,45.23888],[81.25926,45.23674],[81.26553,45.23729],[81.26988,45.2369],[81.27678,45.23953],[81.28193,45.2394],[81.28852,45.24248],[81.2927,45.24623],[81.29886,45.2481],[81.30229,45.24635],[81.30651,45.24679],[81.30768,45.24987],[81.30711,45.25409],[81.31439,45.25384],[81.32471,45.25539],[81.32699,45.25693],[81.33079,45.25587],[81.33848,45.25771],[81.34375,45.25846],[81.35166,45.26097],[81.35657,45.25932],[81.36084,45.26048],[81.36507,45.25881],[81.36761,45.25542],[81.37485,45.25289],[81.37824,45.25379],[81.38046,45.26177],[81.38215,45.26425],[81.38927,45.26901],[81.39028,45.27114],[81.40165,45.27592],[81.40235,45.27883],[81.40768,45.28054],[81.41553,45.28035],[81.42096,45.28364],[81.42439,45.28192],[81.42791,45.27909],[81.435,45.27947],[81.43832,45.27732],[81.43523,45.27316],[81.43732,45.26798],[81.44005,45.26702],[81.44644,45.26318],[81.45183,45.26219],[81.45691,45.26422],[81.46056,45.26449],[81.46575,45.26615],[81.46947,45.27082],[81.47293,45.27171],[81.47679,45.27558],[81.47857,45.27419],[81.48551,45.2739],[81.48917,45.27513],[81.49418,45.27533],[81.49718,45.27733],[81.49856,45.28132],[81.50684,45.28154],[81.51481,45.28021],[81.52153,45.28248],[81.5236,45.28866],[81.52544,45.29101],[81.52926,45.29372],[81.53021,45.29574],[81.52704,45.30005],[81.53051,45.30403],[81.53467,45.30585],[81.53954,45.30533],[81.5462,45.30167],[81.548,45.30149],[81.55188,45.30468],[81.56448,45.30575],[81.56729,45.3054],[81.57342,45.30735],[81.57427,45.30882],[81.5709,45.31539],[81.56775,45.31929],[81.56927,45.32175],[81.56878,45.32533],[81.57937,45.3279],[81.58298,45.33108],[81.58689,45.33234],[81.58793,45.33659],[81.5921,45.34055],[81.59942,45.34196],[81.60359,45.34137],[81.61269,45.34187],[81.61507,45.34632],[81.61939,45.35158],[81.62447,45.35167],[81.63235,45.35659],[81.6395,45.35613],[81.64272,45.35371],[81.65029,45.35052],[81.65446,45.35159],[81.66292,45.35077],[81.6677,45.35151],[81.6735,45.35326],[81.67827,45.35624],[81.67746,45.36142],[81.67936,45.36449],[81.68777,45.36459],[81.69491,45.36915],[81.70095,45.36589],[81.7021,45.36296],[81.70537,45.36044],[81.71056,45.35874],[81.71373,45.35892],[81.72209,45.36315],[81.72911,45.36337],[81.7337,45.36575],[81.73087,45.37111],[81.73133,45.37446],[81.73427,45.37449],[81.73707,45.37304],[81.74374,45.37336],[81.74826,45.37297],[81.75199,45.37494],[81.75856,45.37217],[81.76581,45.37521],[81.7678,45.37783],[81.77683,45.37333],[81.78342,45.36898],[81.78537,45.36688],[81.79011,45.36395],[81.79201,45.36044],[81.79465,45.35881],[81.79794,45.35829],[81.8022,45.35602],[81.80662,45.35534],[81.80856,45.35165],[81.8169,45.34419],[81.82108,45.33692],[81.8271,45.3337],[81.82767,45.33163],[81.83111,45.32739],[81.83102,45.32151],[81.83012,45.31808],[81.83161,45.31578],[81.83566,45.31189],[81.84013,45.311],[81.84364,45.30887],[81.84409,45.30411],[81.84847,45.30332],[81.85464,45.30089],[81.85544,45.29524],[81.85984,45.2935],[81.86882,45.28783],[81.87427,45.28597],[81.8787,45.28371],[81.88239,45.27949],[81.88491,45.27863],[81.88584,45.27503],[81.88769,45.27325],[81.8894,45.26939],[81.89189,45.26738],[81.89736,45.26058],[81.9003,45.25609],[81.9037,45.25309],[81.90779,45.24778],[81.90934,45.24307],[81.91744,45.23434],[81.91984,45.23041],[81.92203,45.22889],[81.92968,45.23129],[81.93771,45.23516],[81.94305,45.23619],[81.9484,45.23584],[81.95201,45.23461],[81.9597,45.23558],[81.96482,45.23435],[81.97067,45.23393],[81.97592,45.23601],[81.97822,45.23808],[81.98353,45.2362],[81.98748,45.23561],[81.9967,45.23245],[82.00344,45.23446],[82.00921,45.23356],[82.01471,45.23745],[82.0186,45.23842],[82.02239,45.23845],[82.02573,45.24081],[82.02875,45.2404],[82.03239,45.24347],[82.03908,45.24566],[82.03985,45.24663],[82.04106,45.25305],[82.04431,45.25417],[82.05101,45.25184],[82.05608,45.24836],[82.06216,45.24656],[82.06499,45.24651],[82.06708,45.24903],[82.07153,45.24893],[82.07363,45.24624],[82.07732,45.24721],[82.08137,45.2457],[82.08502,45.24663],[82.0901,45.24525],[82.08797,45.24287],[82.08726,45.23803],[82.08328,45.23574],[82.08182,45.23231],[82.08175,45.22287],[82.08334,45.22068],[82.08783,45.2185],[82.09719,45.2087],[82.10013,45.2023],[82.10392,45.20149],[82.10732,45.20239],[82.11258,45.20173],[82.11669,45.20339],[82.12052,45.20582],[82.12373,45.2091],[82.1239,45.21086],[82.13153,45.2141],[82.13674,45.21457],[82.14078,45.21757],[82.14608,45.21809],[82.15122,45.2218],[82.15593,45.22246],[82.15902,45.22159],[82.16366,45.22231],[82.16782,45.22131],[82.17211,45.22134],[82.17394,45.2226],[82.18072,45.22336],[82.18384,45.22513],[82.1881,45.22334],[82.19131,45.22325],[82.1977,45.22742],[82.20488,45.2303],[82.20798,45.23206],[82.212,45.23232],[82.21685,45.23418],[82.22336,45.23352],[82.22921,45.23383],[82.23345,45.23467],[82.23666,45.23304],[82.24042,45.23318],[82.24295,45.23052],[82.24745,45.23456],[82.25073,45.23571],[82.25395,45.23418],[82.25738,45.23388],[82.26006,45.23523],[82.26011,45.23712],[82.26319,45.23764],[82.2677,45.2413],[82.27587,45.2408],[82.27894,45.23861],[82.28229,45.23799],[82.28325,45.23556],[82.28991,45.23296],[82.29155,45.22987],[82.29876,45.22311],[82.30182,45.22192],[82.30994,45.22178],[82.31318,45.22089],[82.31568,45.218],[82.32056,45.21498],[82.32269,45.21072],[82.32706,45.20954],[82.33407,45.21044],[82.33642,45.20771],[82.3407,45.20907],[82.34642,45.20757],[82.35156,45.20464],[82.35717,45.20254],[82.36015,45.20277],[82.36257,45.20107],[82.36683,45.20222],[82.37475,45.20161],[82.3788,45.19994],[82.38373,45.19959],[82.39069,45.19485],[82.39456,45.19468],[82.3977,45.19296],[82.40453,45.19242],[82.40651,45.1933],[82.41079,45.19202],[82.41648,45.19232],[82.42266,45.18946],[82.42886,45.18756],[82.43208,45.18782],[82.43988,45.18707],[82.44589,45.18696],[82.44879,45.18541],[82.45422,45.18749],[82.45581,45.18734],[82.46283,45.18219],[82.4689,45.17962],[82.47225,45.17734],[82.47493,45.17704],[82.51372,45.18907],[82.55359,45.2016],[82.5601,45.20348],[82.56968,45.21002],[82.58164,45.21962],[82.58193,45.22206],[82.58375,45.26293],[82.58773,45.34472],[82.54283,45.42096],[82.43774,45.4597],[82.39726,45.47905],[82.3143,45.51871],[82.27996,45.53514],[82.26822,45.53572],[82.23644,45.55589],[82.17327,45.60995],[82.13958,45.62208],[82.12078,45.64809],[82.12439,45.76132],[82.09676,45.7787],[82.08447,45.7945],[82.06304,45.81755],[82.02666,45.85002],[82.00261,45.8664],[81.97796,45.88065],[81.96171,45.91179],[81.88485,46.10366],[81.75992,46.18652],[81.5369,46.36582],[81.51268,46.41706],[81.55659,46.45741],[81.56393,46.47683],[81.58513,46.49651],[81.60285,46.51928],[81.57483,46.49733],[81.55989,46.48717],[81.55483,46.4864],[81.52264,46.49101],[81.50822,46.4916],[81.49518,46.49485],[81.48591,46.4916],[81.4726,46.49539],[81.46951,46.49373],[81.46934,46.48428],[81.44574,46.47281],[81.43844,46.46749],[81.42368,46.45312],[81.41201,46.43905],[81.40883,46.43745],[81.39948,46.4342],[81.38068,46.44082],[81.37776,46.44502],[81.40261,46.48039],[81.41136,46.4902],[81.42819,46.50367],[81.436,46.51106],[81.43651,46.51596],[81.44488,46.52049],[81.43973,46.52652],[81.42145,46.52374],[81.41201,46.52079],[81.41312,46.51051],[81.40188,46.50697],[81.38892,46.49361],[81.383,46.48959],[81.38059,46.48262],[81.37373,46.47913],[81.36978,46.46761],[81.36557,46.45939],[81.35501,46.45702],[81.34995,46.45438],[81.33952,46.45254],[81.33978,46.45518],[81.33765,46.47083],[81.32735,46.49305],[81.3145,46.509],[81.30955,46.5128],[81.30504,46.51479],[81.29852,46.51479],[81.29204,46.51326],[81.28335,46.50942],[81.2794,46.50692],[81.25527,46.48971],[81.20231,46.51276],[81.14232,46.56005],[81.10464,46.5656],[80.86322,46.56277],[80.59103,46.667],[80.33886,46.7504],[80.23715,46.78376],[80.22026,46.80152],[80.21659,46.80452],[80.19819,46.80924],[80.19075,46.83619],[80.19098,46.86619],[80.15562,46.88033],[80.00825,46.91475],[79.9159,46.87158],[79.57728,46.77956],[79.26293,47.08167],[78.81685,47.04725],[78.76826,47.13334],[78.64181,47.14103],[78.59199,47.18099],[78.47226,47.23396],[78.30341,47.33089],[78.14204,47.19103],[78.01431,47.28256],[77.86726,47.16999],[77.60862,47.20951],[77.4655,47.16099],[77.54981,46.64371],[77.55513,46.6369],[77.55557,46.62121],[77.39667,46.60772],[77.33848,46.61343],[77.28242,46.58479],[77.26355,46.54276],[77.14913,46.53076],[77.10357,46.54337],[77.10601,46.5697],[77.07249,46.62277],[77.00399,46.64658],[76.97709,46.63314],[76.97482,46.62031],[76.94196,46.61741],[76.91867,46.62579],[76.8785,46.63222],[76.83308,46.67798],[76.82,46.67108],[76.87061,46.62211],[76.89308,46.61588],[76.94664,46.55186],[76.93185,46.53834],[76.83858,46.58502],[76.70073,46.62752],[76.69704,46.64688],[76.60461,46.66557],[76.52519,46.64258],[76.52723,46.61892],[76.53767,46.59343],[76.48143,46.62709],[76.43353,46.64336],[76.40313,46.62247],[76.38973,46.61555],[76.37743,46.62206],[76.38524,46.64884],[76.36743,46.69105],[76.31693,46.65479],[76.22522,46.63851],[76.04909,46.73814],[75.88591,46.72474],[75.60986,46.69353],[75.52225,46.70749],[75.32704,46.68206],[75.01894,46.5573],[74.74356,46.52639],[74.16572,46.13833],[74.08252,46.04037],[74.06057,46.00105],[74.01473,45.89036],[73.90152,45.74653],[73.98423,45.38162],[74.03099,45.28801],[73.75268,45.28884],[73.72202,45.22076],[73.75504,45.10435],[73.89301,45.12516],[74.0875,45.12714],[74.11816,44.968],[74.13939,44.95339],[74.13349,44.91332],[74.19658,44.89494],[74.23668,44.87196],[74.30567,44.84898],[74.38932,44.79526],[74.40258,44.80121],[74.52264,44.69873],[74.51223,44.66692],[74.52006,44.58313],[74.49379,44.52613],[74.51074,44.5228],[74.51973,44.48582],[74.751,44.35781],[74.94146,44.34361],[74.97018,44.33357],[74.98547,44.32656],[74.99764,44.32662],[75.00423,44.31701],[75.0365,44.30848],[75.04816,44.2998],[75.09283,44.27735],[75.11283,44.26043],[75.12675,44.25998],[75.21376,44.19424],[75.26211,44.16865],[75.30708,44.14804],[75.31403,44.08334],[75.31579,44.01841],[75.30948,44.00679],[75.31164,43.99653],[75.30684,43.9873],[75.27631,43.95432],[75.27302,43.94871],[75.27542,43.9292],[75.27694,43.89181],[75.28453,43.87735],[75.28525,43.86127],[75.26949,43.84373],[75.26813,43.82459],[75.24352,43.81092],[75.19834,43.77346],[74.99731,43.65097],[74.99719,43.61029],[75.03126,43.59887],[75.08539,43.5691],[75.13295,43.56631],[75.18407,43.54332],[75.18093,43.59072],[75.23873,43.59051],[75.24238,43.53675],[75.30544,43.52895],[75.34319,43.53425],[75.38869,43.53486],[75.40483,43.50572],[75.41922,43.47609],[75.41896,43.47105],[75.34979,43.40482],[75.30757,43.38774],[75.29414,43.37572],[75.285,43.34329],[75.28185,43.33453],[75.27771,43.31538],[75.27867,43.28025],[75.28112,43.26311],[75.33063,43.25288],[75.29454,43.21327],[75.33056,43.19529],[75.3372,43.17032],[75.33803,43.1607],[75.34391,43.14985],[75.34943,43.146],[75.35974,43.14504],[75.37317,43.13812],[75.40112,43.12538],[75.40519,43.12718],[75.42318,43.12053],[75.43482,43.12316],[75.44693,43.12263],[75.45388,43.12351],[75.46216,43.12193],[75.47055,43.11878],[75.47835,43.1137],[75.48497,43.10728],[75.4997,43.10464],[75.51169,43.09694],[75.53256,43.08257],[75.55318,43.08555],[75.56254,43.08292],[75.56709,43.07924],[75.57693,43.07749],[75.58628,43.07259],[75.5966,43.07066],[75.61099,43.05892],[75.63233,43.05612],[75.64169,43.05121],[75.65152,43.05033],[75.65611,43.04365],[75.60122,42.99917],[75.57765,42.98895],[75.54623,42.98847],[75.54677,42.9816],[75.65608,42.98071],[75.65656,42.97527],[75.69489,42.96157],[75.70351,42.96107],[75.71155,42.96121],[75.71574,42.96059],[75.7236,42.95664],[75.72804,42.95719],[75.74207,42.96033],[75.74633,42.95985],[75.75381,42.96029],[75.75736,42.96287],[75.76012,42.96678],[75.76335,42.9688],[75.76526,42.97144],[75.76917,42.97261],[75.77379,42.97276],[75.77342,42.96985],[75.77497,42.96399],[75.77306,42.95182],[75.77278,42.94069],[75.78138,42.93793],[75.78587,42.93759],[75.79054,42.93929],[75.80085,42.9382],[75.80575,42.9396],[75.80654,42.94076],[75.81298,42.94253],[75.82352,42.94025]],[[76.73828,43.31445],[76.7536,43.31797],[76.76031,43.314],[76.7724,43.31675],[76.77349,43.31865],[76.78266,43.3199],[76.78481,43.32543],[76.78671,43.32545],[76.79082,43.32936],[76.80101,43.32937],[76.80183,43.33338],[76.80382,43.33783],[76.80652,43.34567],[76.81129,43.35087],[76.81339,43.3547],[76.81891,43.35412],[76.82461,43.35287],[76.83013,43.35296],[76.83507,43.35407],[76.8428,43.35469],[76.8493,43.35351],[76.84765,43.35148],[76.84903,43.3486],[76.85587,43.34276],[76.85315,43.34021],[76.85104,43.33652],[76.85193,43.33495],[76.85902,43.33357],[76.86017,43.33648],[76.86263,43.33642],[76.86579,43.3469],[76.87219,43.34724],[76.87652,43.34375],[76.87929,43.34309],[76.87814,43.34098],[76.88041,43.33913],[76.88061,43.33689],[76.87801,43.33114],[76.87633,43.32953],[76.88031,43.32781],[76.88216,43.33097],[76.88657,43.33532],[76.89039,43.3362],[76.89038,43.33913],[76.89259,43.34355],[76.9013,43.34773],[76.90432,43.34983],[76.90564,43.35202],[76.90885,43.35128],[76.91171,43.35505],[76.91509,43.35736],[76.91714,43.35986],[76.92262,43.36437],[76.92433,43.36691],[76.9246,43.36936],[76.92735,43.37077],[76.92992,43.37421],[76.92713,43.37466],[76.9292,43.37982],[76.93156,43.37949],[76.93095,43.37714],[76.93432,43.37667],[76.93632,43.37921],[76.93803,43.37857],[76.94078,43.38113],[76.94441,43.38122],[76.95,43.37947],[76.95594,43.37889],[76.95772,43.38172],[76.96308,43.37938],[76.96741,43.3838],[76.97124,43.38449],[76.97159,43.38679],[76.97874,43.38877],[76.98045,43.39231],[76.97915,43.39387],[76.98291,43.40123],[76.98713,43.40333],[76.98801,43.40186],[76.9923,43.39919],[76.99664,43.39926],[77.0004,43.39788],[77.00262,43.39322],[77.00742,43.39212],[77.00524,43.38866],[77.00868,43.38721],[77.01611,43.38607],[77.01116,43.38041],[77.01097,43.37787],[77.0123,43.37506],[77.01162,43.37057],[77.01288,43.36906],[77.01272,43.36374],[77.01154,43.35977],[77.02221,43.36248],[77.04484,43.36295],[77.06785,43.37444],[77.07303,43.37151],[77.07602,43.37294],[77.07758,43.37135],[77.10048,43.38266],[77.10084,43.38229],[77.07477,43.3694],[77.06492,43.36196],[77.0602,43.35962],[77.05724,43.35955],[77.04472,43.35315],[77.04736,43.34868],[77.03861,43.34616],[77.037,43.349],[77.03186,43.34676],[77.04124,43.33769],[77.02619,43.32024],[77.02618,43.31944],[77.04072,43.31019],[77.02888,43.30435],[77.01843,43.29728],[77.01957,43.29296],[77.01017,43.29049],[77.01212,43.28047],[77.01367,43.27751],[77.01433,43.27323],[77.01358,43.26983],[77.01448,43.26611],[77.01142,43.26509],[77.00703,43.26655],[77.00564,43.26204],[77.00875,43.26189],[77.01412,43.25957],[77.01678,43.25961],[77.02374,43.25145],[77.02679,43.24912],[77.02874,43.24958],[77.03236,43.24618],[77.03532,43.24155],[77.03966,43.23724],[77.0421,43.23562],[77.04501,43.23117],[77.04754,43.23018],[77.04964,43.22681],[77.05223,43.22588],[77.05912,43.21677],[77.06881,43.19693],[77.07176,43.19452],[77.09685,43.18398],[77.09861,43.17605],[77.10281,43.17519],[77.10544,43.17566],[77.10662,43.17764],[77.11302,43.1804],[77.11482,43.18387],[77.11387,43.1897],[77.11338,43.19926],[77.11428,43.20151],[77.11965,43.20407],[77.12438,43.201],[77.13822,43.19809],[77.14423,43.19103],[77.14549,43.18786],[77.14701,43.17816],[77.13489,43.16654],[77.12828,43.16898],[77.12222,43.16684],[77.12098,43.158],[77.11925,43.15709],[77.11681,43.15364],[77.11707,43.15164],[77.10937,43.15101],[77.10686,43.15448],[77.10086,43.1581],[77.09792,43.15827],[77.09282,43.16057],[77.08813,43.16078],[77.08542,43.15879],[77.08063,43.15954],[77.07652,43.16289],[77.06978,43.16502],[77.06735,43.1622],[77.0632,43.16042],[77.06023,43.16005],[77.06179,43.15713],[77.06675,43.15141],[77.06294,43.14491],[77.06608,43.14402],[77.06863,43.14077],[77.07125,43.13892],[77.07551,43.13821],[77.07819,43.1345],[77.07834,43.13277],[77.08794,43.12764],[77.09233,43.128],[77.09717,43.12428],[77.10738,43.11766],[77.11256,43.1159],[77.11323,43.11386],[77.1203,43.11766],[77.12102,43.117],[77.1136,43.11302],[77.11372,43.10994],[77.10945,43.11053],[77.10975,43.11285],[77.10184,43.11242],[77.09821,43.11521],[77.09179,43.11212],[77.09016,43.11241],[77.08729,43.11649],[77.07992,43.11498],[77.08003,43.10114],[77.08963,43.07094],[77.07718,43.03407],[77.05694,43.03284],[77.03243,43.03816],[77.02991,43.04314],[76.9938,43.04734],[76.99197,43.04478],[76.98621,43.0433],[76.97989,43.04459],[76.96652,43.04962],[76.9635,43.04685],[76.95787,43.04342],[76.94961,43.03954],[76.94482,43.03379],[76.94348,43.03377],[76.94154,43.0387],[76.93689,43.0409],[76.93678,43.04433],[76.93949,43.04625],[76.94227,43.0468],[76.9432,43.04884],[76.94724,43.04803],[76.95717,43.05302],[76.96208,43.05735],[76.9667,43.06508],[76.96761,43.06926],[76.96658,43.07368],[76.96235,43.07781],[76.9566,43.08206],[76.9455,43.08427],[76.93703,43.08504],[76.9308,43.08514],[76.909,43.07978],[76.90535,43.08015],[76.9007,43.08395],[76.89987,43.09426],[76.89885,43.1021],[76.89942,43.10846],[76.89886,43.11361],[76.89659,43.11937],[76.89441,43.12148],[76.89515,43.12609],[76.88996,43.12722],[76.87559,43.12712],[76.87438,43.12603],[76.87047,43.12667],[76.86683,43.13137],[76.86419,43.13262],[76.86144,43.13077],[76.85914,43.13309],[76.85286,43.13483],[76.85359,43.12992],[76.85143,43.12764],[76.8512,43.12347],[76.84325,43.12148],[76.84247,43.12399],[76.83279,43.12408],[76.8332,43.13113],[76.83568,43.13389],[76.82362,43.13641],[76.80807,43.13574],[76.80874,43.14454],[76.80556,43.14595],[76.79958,43.14637],[76.79857,43.14901],[76.79866,43.15374],[76.79377,43.15755],[76.79202,43.15691],[76.78135,43.15778],[76.77818,43.15855],[76.77946,43.16129],[76.78611,43.16264],[76.78567,43.16532],[76.78946,43.16726],[76.79317,43.1674],[76.78976,43.17499],[76.79261,43.1753],[76.79164,43.1784],[76.79173,43.18218],[76.79018,43.1863],[76.79128,43.19005],[76.78985,43.19646],[76.78431,43.19647],[76.78439,43.1982],[76.78218,43.20165],[76.77862,43.19972],[76.7756,43.2077],[76.77187,43.21514],[76.77188,43.21803],[76.78064,43.2182],[76.77881,43.22253],[76.77256,43.22148],[76.77158,43.22651],[76.76955,43.23037],[76.78588,43.23223],[76.77765,43.24482],[76.7791,43.24535],[76.77576,43.24954],[76.78299,43.25214],[76.78413,43.25098],[76.7888,43.25326],[76.78843,43.25586],[76.78938,43.25943],[76.79192,43.26088],[76.7868,43.26588],[76.78745,43.26707],[76.79748,43.2718],[76.79964,43.27436],[76.79808,43.28245],[76.79619,43.28685],[76.79177,43.28856],[76.78961,43.28526],[76.79098,43.28403],[76.78532,43.2816],[76.78163,43.28807],[76.78008,43.28939],[76.77202,43.29199],[76.755,43.29704],[76.75404,43.29705],[76.75213,43.30316],[76.74822,43.30309],[76.74636,43.30622],[76.73944,43.31073],[76.73828,43.31445]],[[77.12734,43.36453],[77.13169,43.3672],[77.13456,43.36388],[77.13952,43.36371],[77.14584,43.36127],[77.15041,43.36035],[77.15332,43.35779],[77.15735,43.35897],[77.1607,43.35742],[77.16434,43.35372],[77.16673,43.34754],[77.16406,43.34242],[77.16057,43.33984],[77.15608,43.33856],[77.15293,43.33853],[77.14946,43.33455],[77.14624,43.3331],[77.14371,43.33546],[77.13702,43.33932],[77.13924,43.34005],[77.1383,43.34215],[77.13946,43.34411],[77.14228,43.34442],[77.14055,43.34958],[77.13777,43.35167],[77.13138,43.35963],[77.13161,43.36306],[77.12734,43.36453]]]},"properties":{"area_code":"almaty_region","area_name":"Almaty Region","boundary_source_name":"Almaty Region","area_unit_id":"kz-region-2009-geoboundaries-adm1:almaty_region","boundary_set_id":"kz-region-2009-geoboundaries-adm1","boundary_level":"region","boundary_vintage":"2009 census 16-region frame (geoBoundaries ADM1, 2017)","land_area_sq_km":223047.34698047632}},
{"type":"Feature","geometry":{"type":"Polygon","coordinates":[[[53.63054,49.24035],[53.61409,49.22739],[53.59955,49.21728],[53.58815,49.20828],[53.55486,49.1853],[53.5411,49.17757],[53.51831,49.16726],[53.38624,49.10009],[53.39279,49.09416],[53.3966,49.09273],[53.40615,49.08777],[53.42544,49.06221],[53.41539,49.05166],[53.3805,49.04246],[53.36734,49.03842],[53.30738,49.0233],[53.29008,49.02103],[53.2729,49.01949],[53.26326,49.01769],[53.24124,49.01831],[53.22413,49.01952],[53.22091,49.01942],[53.18553,49.02116],[53.13217,49.02218],[53.10676,49.02352],[53.08747,49.02383],[53.06955,49.02526],[53.05313,49.02451],[53.04211,49.02648],[52.99983,49.02722],[52.97949,49.02846],[52.96029,49.02791],[52.94339,49.02929],[52.92614,49.03129],[52.91937,49.03398],[52.91389,49.03515],[52.89212,49.03714],[52.8788,49.04001],[52.84184,49.04603],[52.82552,49.04808],[52.79992,49.01902],[52.78216,48.98132],[52.77928,48.98063],[52.70615,48.99596],[52.70695,48.98086],[52.70937,48.97162],[52.71035,48.95987],[52.71013,48.95273],[52.71192,48.9267],[52.71035,48.91871],[52.71276,48.91115],[52.71188,48.88403],[52.7127,48.86896],[52.71245,48.86029],[52.71434,48.83743],[52.71323,48.80327],[52.71556,48.79261],[52.7149,48.77459],[52.71583,48.76201],[52.71446,48.76098],[52.66813,48.76018],[52.65465,48.75932],[52.63822,48.75955],[52.62757,48.76329],[52.61262,48.76619],[52.60408,48.74786],[52.601,48.74281],[52.59522,48.7306],[52.59224,48.72257],[52.58647,48.71373],[52.58492,48.70733],[52.5833,48.69789],[52.58036,48.6886],[52.57857,48.68018],[52.57844,48.67214],[52.57702,48.66978],[52.57396,48.66065],[52.56968,48.65262],[52.56403,48.64553],[52.56107,48.63839],[52.55765,48.63314],[52.55336,48.62344],[52.53661,48.59186],[52.53889,48.57936],[52.55103,48.53732],[52.55349,48.52326],[52.55599,48.51394],[52.53605,48.40498],[52.42836,48.4033],[52.20826,48.48629],[52.16461,48.48236],[52.06973,48.4659],[51.93904,48.52478],[51.81272,48.5139],[51.81561,48.5715],[51.85033,48.58746],[51.82353,48.62372],[51.39967,48.67205],[51.28064,48.63596],[51.07328,48.62652],[51.01739,48.51065],[50.92487,48.47286],[50.88381,48.48642],[50.79019,48.42724],[50.72736,48.42612],[50.17693,48.17961],[49.974,48.04002],[49.80552,48.04278],[49.7509,48.01298],[49.43884,48.02431],[49.44681,47.9205],[48.95633,48.051],[48.679,48.10306],[47.79552,48.16901],[47.28558,48.22233],[47.16785,48.21822],[47.11123,48.23373],[47.10363,48.212],[47.11373,48.17656],[47.12556,48.15829],[47.0952,48.11],[47.0919,48.10352],[47.21152,48.08225],[47.20056,48.05438],[47.15933,48.06181],[47.14974,48.03594],[47.04991,47.99751],[47.10041,47.92729],[47.18091,47.85366],[47.12149,47.83147],[47.19408,47.7605],[47.21432,47.753],[47.38463,47.68156],[47.41147,47.76332],[47.41508,47.83771],[47.65267,47.7582],[47.73494,47.75712],[47.8053,47.75591],[47.86644,47.75501],[47.96343,47.75108],[48.03072,47.76293],[48.11372,47.74326],[48.21335,47.69051],[48.3269,47.5524],[48.39738,47.47517],[48.45302,47.41085],[48.52064,47.41157],[48.71105,47.09534],[48.91579,46.88022],[48.91982,46.87298],[48.99713,46.74308],[48.92149,46.69351],[48.75214,46.68398],[48.71444,46.7195],[48.67966,46.7091],[48.67532,46.71663],[48.65473,46.72621],[48.62914,46.70819],[48.61793,46.70374],[48.60142,46.71264],[48.54898,46.71139],[48.53526,46.70615],[48.54278,46.69178],[48.55207,46.68849],[48.54481,46.68641],[48.52945,46.68269],[48.50612,46.67643],[48.49041,46.67459],[48.48719,46.67291],[48.48344,46.67261],[48.47789,46.67058],[48.49208,46.66353],[48.49344,46.65914],[48.49691,46.65909],[48.50339,46.65602],[48.50771,46.65309],[48.51174,46.65138],[48.51834,46.6496],[48.52756,46.64909],[48.53317,46.64957],[48.53931,46.64932],[48.55474,46.64474],[48.56028,46.64187],[48.56174,46.64012],[48.56203,46.63691],[48.56059,46.63412],[48.55197,46.62965],[48.54965,46.6244],[48.54993,46.62132],[48.55191,46.61817],[48.56188,46.61144],[48.56627,46.60924],[48.57368,46.60646],[48.58034,46.60639],[48.58543,46.60842],[48.59668,46.60892],[48.60521,46.60701],[48.61036,46.60287],[48.61401,46.60189],[48.6139,46.60009],[48.60137,46.60044],[48.59882,46.59991],[48.59306,46.59714],[48.5853,46.59882],[48.57749,46.59634],[48.57283,46.59163],[48.56955,46.59069],[48.56708,46.58728],[48.56391,46.58756],[48.55736,46.58582],[48.55562,46.58382],[48.55589,46.5788],[48.54993,46.57537],[48.54854,46.57162],[48.5494,46.57022],[48.54774,46.56634],[48.54499,46.5633],[48.54528,46.56025],[48.54983,46.55617],[48.55519,46.55553],[48.56288,46.556],[48.56837,46.55709],[48.57416,46.55989],[48.57708,46.56057],[48.58296,46.56034],[48.58657,46.5591],[48.59613,46.55733],[48.60309,46.557],[48.61532,46.55809],[48.62038,46.5591],[48.62897,46.56172],[48.63313,46.56125],[48.63823,46.55904],[48.64416,46.55927],[48.64816,46.56015],[48.65688,46.55776],[48.66823,46.55585],[48.67566,46.55671],[48.67879,46.55939],[48.68287,46.56087],[48.68643,46.56007],[48.69402,46.56048],[48.69901,46.56275],[48.7024,46.56306],[48.71463,46.56076],[48.72074,46.55824],[48.72622,46.55395],[48.74039,46.55126],[48.74824,46.55028],[48.75474,46.54706],[48.76274,46.54098],[48.76898,46.53922],[48.77537,46.53905],[48.77935,46.53969],[48.78141,46.54166],[48.78469,46.5423],[48.78801,46.54085],[48.78693,46.5332],[48.78775,46.53123],[48.78821,46.52515],[48.79187,46.51838],[48.79909,46.51177],[48.80916,46.50058],[48.81458,46.49595],[48.81688,46.49183],[48.81774,46.48818],[48.81972,46.48538],[48.82666,46.48017],[48.83198,46.47847],[48.83813,46.47744],[48.85896,46.47867],[48.87322,46.48133],[48.87868,46.48156],[48.88563,46.47817],[48.89289,46.4712],[48.89865,46.46353],[48.90369,46.45972],[48.91201,46.45073],[48.91794,46.45024],[48.93621,46.4458],[48.95025,46.43656],[48.95609,46.43537],[48.97257,46.4349],[48.98596,46.43301],[49.00175,46.42756],[49.02613,46.41478],[49.03228,46.40975],[49.03712,46.40292],[49.04492,46.39659],[49.05329,46.39307],[49.06686,46.39095],[49.07488,46.39121],[49.08393,46.39015],[49.10184,46.38523],[49.10451,46.385],[49.1128,46.38794],[49.1189,46.38785],[49.12106,46.38952],[49.12395,46.38991],[49.13034,46.38804],[49.13819,46.38381],[49.14459,46.38222],[49.14939,46.3834],[49.16045,46.38389],[49.16304,46.38336],[49.1798,46.37714],[49.19129,46.36996],[49.26256,46.29417],[49.2669,46.29227],[49.31419,46.27284],[49.33831,46.28744],[49.37816,46.25927],[49.44973,46.2437],[49.53502,46.18852],[49.6496,46.23109],[49.7543,46.19924],[49.83968,46.19278],[49.87175,46.29158],[49.86952,46.35117],[49.92565,46.44238],[49.91731,46.52858],[49.93826,46.57595],[50.03868,46.58103],[50.09562,46.67907],[50.12343,46.70238],[50.14282,46.70474],[50.15432,46.71533],[50.16497,46.72227],[50.17269,46.73122],[50.17973,46.74286],[50.19724,46.7491],[50.21235,46.7638],[50.229,46.7658],[50.24016,46.74816],[50.23037,46.73439],[50.22642,46.71992],[50.23363,46.69084],[50.24222,46.69237],[50.24786,46.71273],[50.27294,46.7391],[50.28925,46.76227],[50.29526,46.77755],[50.30899,46.79565],[50.32702,46.81387],[50.34247,46.81293],[50.35706,46.81504],[50.3586,46.82326],[50.36598,46.83795],[50.37422,46.84088],[50.38984,46.83419],[50.41353,46.83536],[50.42263,46.86166],[50.41542,46.87316],[50.42393,46.90151],[50.41911,46.91197],[50.45894,46.90552],[50.47382,46.91025],[50.4931,46.93],[50.48598,46.95948],[50.48765,46.96549],[50.49478,46.96578],[50.50086,46.9592],[50.51574,46.93931],[50.50652,46.92757],[50.49436,46.90853],[50.49206,46.89707],[50.49868,46.87375],[50.50949,46.87082],[50.51293,46.87645],[50.51928,46.87997],[50.55052,46.88548],[50.56992,46.88982],[50.58022,46.9039],[50.59429,46.92536],[50.6221,46.96192],[50.62639,46.96052],[50.62725,46.95138],[50.64116,46.94646],[50.6506,46.95642],[50.66588,46.96345],[50.67549,46.96989],[50.68442,46.98277],[50.69643,46.99038],[50.70416,46.96965],[50.71703,46.96321],[50.72596,46.97047],[50.73849,46.99975],[50.75686,47.01871],[50.76286,47.01345],[50.76338,46.99249],[50.77316,46.97996],[50.78724,46.9802],[50.79092,47.01056],[50.79489,47.01728],[50.79776,47.02811],[50.83301,47.03467],[50.84253,47.03555],[50.84579,47.04026],[50.89074,47.06785],[50.96476,47.0691],[50.99148,47.06874],[50.99317,47.06532],[50.99645,47.06468],[51.00043,47.06769],[51.00927,47.06914],[51.01261,47.06921],[51.0157,47.07117],[51.05433,47.08081],[51.10549,47.08011],[51.15355,47.09787],[51.19235,47.11984],[51.21466,47.121],[51.23629,47.13245],[51.25208,47.13011],[51.27474,47.11072],[51.34203,47.096],[51.34238,47.09927],[51.33242,47.11516],[51.33585,47.11703],[51.3362,47.12427],[51.341,47.12918],[51.34924,47.12708],[51.35989,47.12287],[51.37156,47.11703],[51.38392,47.10675],[51.39788,47.11485],[51.42423,47.10274],[51.44817,47.08539],[51.47146,47.08106],[51.49298,47.08195],[51.52988,47.06969],[51.57117,47.0664],[51.58611,47.07059],[51.57996,47.0845],[51.56794,47.096],[51.56416,47.10512],[51.56004,47.11703],[51.55833,47.12544],[51.55798,47.13385],[51.56348,47.13876],[51.57549,47.13876],[51.59163,47.13105],[51.60742,47.11867],[51.61807,47.11376],[51.62871,47.11189],[51.63317,47.11914],[51.6445,47.11914],[51.68433,47.10371],[51.69188,47.10839],[51.70321,47.11026],[51.71969,47.11049],[51.74166,47.10465],[51.75262,47.09841],[51.75794,47.11056],[51.77099,47.115],[51.77442,47.10355],[51.76996,47.0963],[51.77668,47.09764],[51.7612,47.08497],[51.7554,47.07707],[51.75193,47.07596],[51.74132,47.05719],[51.70493,47.02303],[51.70115,47.0043],[51.71866,46.98674],[51.73789,46.98018],[51.73171,46.96496],[51.73308,46.95722],[51.72832,46.949],[51.73413,46.94336],[51.70242,46.92367],[51.69844,46.92237],[51.69628,46.92],[51.70193,46.91662],[51.70715,46.92068],[51.70399,46.92254],[51.70454,46.92455],[51.73445,46.94305],[51.73507,46.94205],[51.7413,46.94036],[51.75742,46.94087],[51.75791,46.93989],[51.76571,46.93918],[51.77856,46.93989],[51.78558,46.94464],[51.78798,46.94113],[51.79691,46.94394],[51.79811,46.93902],[51.81098,46.93445],[51.82094,46.93421],[51.8218,46.9355],[51.84034,46.92812],[51.84566,46.93128],[51.84926,46.92964],[51.85802,46.93538],[51.85527,46.94182],[51.87075,46.94832],[51.88002,46.94902],[51.90714,46.96167],[51.92843,46.9605],[51.92912,46.9673],[51.92774,46.97573],[51.93358,46.97573],[51.94354,46.97667],[51.95349,46.97128],[51.96997,46.96378],[51.98267,46.96378],[51.99194,46.97878],[51.98782,46.99634],[51.98748,47.0043],[52.01563,47.00828],[52.04035,47.01273],[52.10764,46.98252],[52.13202,46.99236],[52.16052,46.994],[52.20343,46.97456],[52.22746,46.9673],[52.26866,46.98838],[52.31535,46.98651],[52.34145,47.01133],[52.30911,47.05905],[52.32044,47.06759],[52.36765,47.03648],[52.38093,47.04736],[52.42316,47.04736],[52.47932,47.01209],[52.51261,46.99888],[52.52499,46.99265],[52.55367,46.98948],[52.58452,46.99822],[52.60924,46.98838],[52.64975,46.98089],[52.69507,46.97948],[52.73146,46.97081],[52.75206,46.97503],[52.75858,46.9769],[52.77987,46.97128],[52.80871,46.96683],[52.81214,46.98323],[52.81523,46.99915],[52.82759,47.00711],[52.84647,47.00852],[52.86536,47.00618],[52.88149,47.00899],[52.9069,46.99985],[52.92063,46.98815],[52.94158,46.96706],[52.97556,46.9523],[52.98621,46.9298],[52.99376,46.91948],[53.00475,46.91901],[53.01882,46.91198],[53.03977,46.90916],[53.05041,46.90471],[53.05178,46.90119],[53.06105,46.90283],[53.07135,46.90306],[53.07341,46.89931],[53.07375,46.89157],[53.09264,46.88735],[53.09573,46.89087],[53.10191,46.89087],[53.10328,46.88336],[53.10328,46.87444],[53.11392,46.86975],[53.11667,46.85801],[53.12422,46.8566],[53.12457,46.85003],[53.12766,46.84275],[53.13418,46.83852],[53.13658,46.82959],[53.13384,46.82184],[53.13212,46.81432],[53.13555,46.80986],[53.13727,46.80469],[53.13452,46.80281],[53.13899,46.80069],[53.14894,46.79999],[53.151,46.80234],[53.15856,46.80751],[53.15959,46.80375],[53.15718,46.79787],[53.14723,46.78894],[53.14208,46.78471],[53.13864,46.7793],[53.13864,46.77495],[53.13212,46.7686],[53.11942,46.76131],[53.11839,46.75191],[53.12251,46.74038],[53.12628,46.73426],[53.14379,46.7305],[53.14791,46.72838],[53.15753,46.73308],[53.16611,46.7432],[53.17126,46.74203],[53.17572,46.73426],[53.17744,46.72814],[53.16988,46.71849],[53.16542,46.70978],[53.16817,46.70555],[53.17709,46.70555],[53.2001,46.70814],[53.20799,46.70437],[53.20044,46.70084],[53.19289,46.68859],[53.19289,46.68058],[53.20422,46.67375],[53.21692,46.67116],[53.22379,46.6754],[53.23306,46.67517],[53.23718,46.66645],[53.24095,46.65443],[53.24267,46.64618],[53.23649,46.64618],[53.22516,46.64548],[53.21761,46.63841],[53.22276,46.63298],[53.22894,46.6278],[53.23134,46.62237],[53.23958,46.61884],[53.24988,46.61318],[53.23615,46.60327],[53.23477,46.59997],[53.22962,46.59997],[53.22447,46.6028],[53.2128,46.60068],[53.21074,46.59454],[53.21143,46.58723],[53.2152,46.58393],[53.2255,46.58133],[53.22653,46.57331],[53.21791,46.56011],[53.21075,46.55469],[53.2108,46.5504],[53.22502,46.54516],[53.22608,46.5417],[53.23254,46.53503],[53.26013,46.53484],[53.27666,46.54096],[53.38034,46.48993],[53.38412,46.4748],[53.41296,46.41661],[53.40472,46.38488],[53.40712,46.37849],[53.41536,46.3683],[53.40781,46.35408],[53.41124,46.34081],[53.40746,46.32446],[53.39751,46.30027],[53.38068,46.28485],[53.36455,46.27892],[53.35665,46.27678],[53.35219,46.26658],[53.34807,46.24426],[53.34532,46.21077],[53.30412,46.18511],[53.27048,46.14754],[53.2516,46.11399],[53.24782,46.10399],[53.2413,46.08352],[53.2413,46.05875],[53.24988,46.04398],[53.23546,46.03516],[53.19357,46.01513],[53.19179,46.01206],[53.684,46.0156],[53.68447,46.01886],[53.89254,46.1257],[53.8953,46.12735],[53.96856,46.19244],[53.97173,46.24613],[53.99872,46.24661],[54.04905,46.24256],[54.07447,46.24138],[54.07786,46.24105],[54.10372,46.25293],[54.24521,46.24918],[54.30769,46.25703],[54.47368,46.29235],[54.50475,46.30105],[54.53088,46.29576],[54.69276,46.32305],[54.79475,46.35113],[54.83258,46.36354],[54.97136,46.36833],[54.99872,46.37425],[55.08959,46.37953],[55.27048,46.36736],[55.48792,46.52013],[55.52314,46.48798],[55.60265,46.42109],[55.62843,46.41557],[55.64426,46.41583],[55.65738,46.41965],[55.66768,46.41708],[55.69805,46.39968],[55.70757,46.40173],[55.71864,46.40865],[55.74038,46.40962],[55.74424,46.40732],[55.75003,46.40794],[55.76329,46.40536],[55.76805,46.40643],[55.77629,46.40519],[55.78903,46.41033],[55.79482,46.41051],[55.80434,46.40776],[55.81798,46.40119],[55.82583,46.39427],[55.83085,46.38051],[55.83111,46.36462],[55.82493,46.3497],[55.83291,46.34144],[55.83175,46.33744],[55.84449,46.33149],[55.85839,46.31362],[55.86016,46.30527],[55.85337,46.29442],[55.82043,46.27601],[55.82133,46.2608],[55.83703,46.25119],[55.84462,46.2527],[55.86536,46.24797],[55.88425,46.2406],[55.90249,46.23731],[55.90431,46.24323],[55.93579,46.25393],[55.95692,46.26001],[55.96684,46.25334],[55.97309,46.24835],[55.97453,46.23231],[55.97771,46.22425],[55.98146,46.21046],[55.98818,46.21165],[55.99807,46.21268],[56.02221,46.21585],[56.04476,46.21148],[56.05697,46.20181],[56.12174,46.15454],[56.20152,46.13575],[56.2713,46.15146],[56.28617,46.15158],[56.32455,46.14598],[56.33344,46.14566],[56.35094,46.14583],[56.36988,46.1346],[56.43672,46.13484],[56.46663,46.13219],[56.47182,46.14914],[56.46479,46.17633],[56.44243,46.20296],[56.44063,46.24032],[56.41061,46.27829],[56.38868,46.29253],[56.31556,46.37605],[56.28754,46.51338],[55.95307,46.59296],[55.73825,46.62891],[55.45037,46.72599],[55.23286,46.87382],[55.19452,46.95163],[55.1248,47.03042],[55.11984,47.06435],[55.00198,47.20236],[55.01124,47.2811],[55.02046,47.32361],[55.02577,47.37445],[55.0412,47.43071],[55.06821,47.45392],[55.07139,47.47582],[55.0686,47.54178],[55.07433,47.55447],[55.06581,47.58933],[55.09192,47.72679],[55.11713,47.77056],[55.12152,47.77888],[55.11927,47.7865],[55.11112,47.82476],[55.10506,47.86472],[55.10259,47.89681],[55.09912,47.95627],[55.08906,47.96982],[55.06312,47.99998],[55.02937,48.02991],[54.991,48.06041],[54.94285,48.09276],[54.93863,48.09721],[54.94422,48.12634],[54.95459,48.16764],[54.94549,48.19253],[54.96935,48.27042],[54.91934,48.30646],[54.91096,48.31709],[54.89635,48.34045],[54.88359,48.35803],[54.87921,48.36531],[54.88454,48.39721],[54.88663,48.41275],[54.89097,48.43597],[54.89454,48.45086],[54.89669,48.46439],[54.8882,48.47503],[54.89886,48.47793],[54.90402,48.4834],[54.91175,48.5258],[54.91869,48.55456],[54.93207,48.56033],[54.92873,48.57481],[54.91231,48.70944],[54.84376,48.72436],[54.82285,48.72766],[54.77926,48.73754],[54.75332,48.74151],[54.74905,48.74503],[54.74262,48.76736],[54.73821,48.77449],[54.69783,48.79437],[54.68393,48.80039],[54.6568,48.79986],[54.65275,48.79797],[54.63786,48.77156],[54.63499,48.77062],[54.62116,48.77216],[54.59516,48.77714],[54.57877,48.77935],[54.58178,48.74533],[54.58136,48.72554],[54.57795,48.71188],[54.57273,48.70634],[54.54204,48.64009],[54.46031,48.6419],[54.45593,48.64722],[54.45025,48.65247],[54.35523,48.67909],[54.33438,48.68848],[54.31766,48.69709],[54.30257,48.70306],[54.28452,48.70712],[54.20508,48.72049],[54.17612,48.72432],[54.15513,48.73548],[54.02702,48.76281],[54.02908,48.77368],[54.04345,48.80736],[54.01686,48.8691],[54.01328,48.8793],[54.01184,48.88193],[54.018,48.9146],[54.02713,48.94536],[54.0267,48.95257],[54.01289,48.97839],[54.00432,49.00737],[54.00401,49.01228],[54.00719,49.02689],[54.01183,49.0402],[54.01429,49.04571],[54.01255,49.05203],[54.00927,49.06091],[54.00738,49.06917],[53.99891,49.0774],[53.98816,49.08947],[53.99033,49.1255],[53.9896,49.13618],[53.99172,49.17212],[53.97813,49.17159],[53.94763,49.16774],[53.91317,49.16425],[53.91291,49.16053],[53.90793,49.14638],[53.90253,49.12313],[53.89632,49.1116],[53.88331,49.09848],[53.87909,49.09766],[53.86567,49.10157],[53.83882,49.11308],[53.82035,49.12335],[53.82053,49.12704],[53.82636,49.13131],[53.83222,49.14024],[53.83237,49.14394],[53.80743,49.1481],[53.77962,49.1541],[53.75138,49.16082],[53.72838,49.16961],[53.72693,49.17063],[53.6921,49.18304],[53.66552,49.19712],[53.65495,49.20535],[53.6431,49.21745],[53.63729,49.22948],[53.63054,49.24035]]]},"properties":{"area_code":"atyrau","area_name":"Atyrau","boundary_source_name":"Atyrau Region","area_unit_id":"kz-region-2009-geoboundaries-adm1:atyrau","boundary_set_id":"kz-region-2009-geoboundaries-adm1","boundary_level":"region","boundary_vintage":"2009 census 16-region frame (geoBoundaries ADM1, 2017)","land_area_sq_km":111902.40877243596}},
{"type":"Feature","geometry":{"type":"Polygon","coordinates":[[[54.54369,50.52742],[54.46624,50.56663],[54.41394,50.62095],[54.4394,50.66095],[54.44505,50.68589],[54.4499,50.69633],[54.45463,50.71391],[54.45953,50.72113],[54.45727,50.72284],[54.461,50.72783],[54.46307,50.72919],[54.46367,50.73193],[54.46236,50.73465],[54.46302,50.74241],[54.46456,50.74481],[54.46308,50.74631],[54.46445,50.75037],[54.4663,50.7519],[54.46586,50.75948],[54.46777,50.76604],[54.46955,50.76704],[54.47026,50.77043],[54.47448,50.77645],[54.4736,50.77841],[54.48148,50.78484],[54.48309,50.789],[54.48655,50.78949],[54.48994,50.79398],[54.49793,50.79578],[54.50115,50.79926],[54.50303,50.79946],[54.50798,50.80482],[54.51539,50.8073],[54.51682,50.81138],[54.51852,50.81186],[54.51492,50.81649],[54.51507,50.81802],[54.51972,50.82018],[54.52051,50.82192],[54.52544,50.8227],[54.52871,50.83001],[54.5286,50.83264],[54.53424,50.84892],[54.51931,50.85458],[54.4527,50.85086],[54.4415,50.88203],[54.44136,50.87939],[54.43714,50.87729],[54.43089,50.87889],[54.42564,50.87835],[54.42221,50.87585],[54.41901,50.87545],[54.41379,50.87627],[54.4093,50.87951],[54.40305,50.88151],[54.39454,50.88127],[54.38618,50.88378],[54.37592,50.8849],[54.37038,50.88365],[54.36605,50.88342],[54.36181,50.88429],[54.35687,50.88627],[54.35368,50.89055],[54.34574,50.89655],[54.34706,50.90089],[54.338,50.90347],[54.33288,50.89876],[54.3181,50.89877],[54.3152,50.90847],[54.30381,50.90847],[54.30583,50.90421],[54.29906,50.89625],[54.29328,50.89851],[54.28796,50.90225],[54.28183,50.91085],[54.27977,50.91788],[54.28116,50.92427],[54.2873,50.93171],[54.28799,50.93755],[54.2873,50.94091],[54.28267,50.94404],[54.27752,50.94448],[54.27287,50.94594],[54.27228,50.94961],[54.27731,50.94989],[54.27834,50.94629],[54.28091,50.94566],[54.2873,50.94696],[54.2885,50.94923],[54.28426,50.95082],[54.28248,50.95259],[54.27814,50.95296],[54.27603,50.9515],[54.27179,50.95143],[54.26893,50.95029],[54.26415,50.94992],[54.25858,50.95136],[54.25552,50.95613],[54.25089,50.95832],[54.24699,50.95664],[54.24645,50.95378],[54.24296,50.95346],[54.24038,50.95561],[54.23783,50.95568],[54.23539,50.9537],[54.23135,50.95364],[54.22539,50.95544],[54.21853,50.95926],[54.21744,50.962],[54.21378,50.96284],[54.21143,50.96113],[54.20765,50.9607],[54.19958,50.96394],[54.19478,50.96708],[54.19151,50.97075],[54.19031,50.97475],[54.19783,50.98256],[54.20323,50.98419],[54.20483,50.98574],[54.20411,50.98794],[54.20101,50.98896],[54.19694,50.99249],[54.19024,50.99528],[54.18627,50.99624],[54.18151,50.99506],[54.17927,50.99272],[54.17235,50.99224],[54.17212,50.99624],[54.1741,50.99807],[54.1807,51.00068],[54.17683,51.00596],[54.17621,51.01038],[54.16936,51.01145],[54.15914,51.00858],[54.15805,51.00992],[54.16027,51.01265],[54.16512,51.01569],[54.17138,51.01817],[54.17267,51.02054],[54.16793,51.02542],[54.16801,51.02958],[54.174,51.03114],[54.1809,51.0281],[54.18043,51.02375],[54.18304,51.02359],[54.18713,51.02609],[54.19169,51.02758],[54.19406,51.02938],[54.19443,51.03168],[54.1891,51.03601],[54.182,51.04265],[54.17124,51.04507],[54.16846,51.04677],[54.166,51.05404],[54.1614,51.05689],[54.16051,51.05985],[54.1617,51.06453],[54.16086,51.06629],[54.15636,51.06704],[54.1452,51.06381],[54.14286,51.06221],[54.14207,51.0599],[54.14583,51.05656],[54.14996,51.05574],[54.14943,51.05352],[54.14259,51.05117],[54.1387,51.05155],[54.13678,51.05354],[54.13869,51.05653],[54.13589,51.05874],[54.1325,51.05972],[54.12969,51.06412],[54.13446,51.0661],[54.14027,51.06957],[54.15078,51.07228],[54.15197,51.07405],[54.14978,51.07855],[54.15109,51.08398],[54.14963,51.0912],[54.14501,51.09862],[54.1396,51.10275],[54.13876,51.1065],[54.13701,51.10824],[54.1311,51.11015],[54.12405,51.11322],[54.11722,51.11531],[54.10292,51.11836],[54.09082,51.11692],[54.07787,51.12012],[54.06431,51.12497],[54.05436,51.1296],[54.042,51.13617],[54.03822,51.13951],[54.03667,51.14231],[54.03822,51.14446],[54.04234,51.14522],[54.05556,51.1492],[54.05487,51.15297],[54.05127,51.15394],[54.04268,51.15243],[54.03462,51.15394],[54.02981,51.15835],[54.02792,51.16223],[54.02294,51.16287],[54.01865,51.16072],[54.01402,51.15975],[54.01007,51.16148],[54.00251,51.16266],[53.99427,51.16923],[53.98998,51.16944],[53.98346,51.16589],[53.97831,51.16449],[53.97265,51.16546],[53.97093,51.16697],[53.97093,51.17471],[53.96956,51.17708],[53.96578,51.1773],[53.95891,51.18063],[53.94896,51.183],[53.93522,51.18537],[53.93224,51.18754],[53.93287,51.19298],[53.92428,51.19302],[53.92064,51.19205],[53.91417,51.19173],[53.91407,51.18914],[53.9108,51.18556],[53.90454,51.18924],[53.90454,51.18475],[53.90045,51.18109],[53.89332,51.18109],[53.8957,51.18452],[53.89103,51.1866],[53.89029,51.19748],[53.88242,51.20048],[53.87177,51.19273],[53.86782,51.19348],[53.86765,51.19865],[53.86473,51.20091],[53.85907,51.20005],[53.8577,51.19875],[53.85855,51.19628],[53.85409,51.1894],[53.84705,51.19079],[53.84413,51.19327],[53.83796,51.1923],[53.83555,51.19596],[53.83075,51.198],[53.82302,51.19327],[53.81907,51.19338],[53.81959,51.19596],[53.82182,51.19875],[53.82491,51.20069],[53.82525,51.20317],[53.82216,51.2037],[53.81821,51.20241],[53.81427,51.20295],[53.81375,51.20489],[53.81066,51.20833],[53.8098,51.21446],[53.8062,51.21456],[53.80142,51.21203],[53.79411,51.21419],[53.7824,51.21361],[53.7825,51.2105],[53.78589,51.20934],[53.78474,51.20625],[53.78136,51.20589],[53.77787,51.20879],[53.77239,51.21087],[53.7715,51.21466],[53.76749,51.21444],[53.76791,51.21137],[53.76423,51.2096],[53.75878,51.21314],[53.75681,51.21079],[53.75825,51.20897],[53.75845,51.20585],[53.75228,51.20555],[53.74745,51.20391],[53.74214,51.20505],[53.73597,51.20736],[53.73638,51.20907],[53.741,51.21259],[53.74429,51.21397],[53.73837,51.21734],[53.73462,51.21559],[53.734,51.21293],[53.72749,51.21452],[53.72493,51.21627],[53.72242,51.21517],[53.72031,51.21697],[53.72291,51.22233],[53.71671,51.22434],[53.71208,51.22716],[53.70639,51.22494],[53.70406,51.22738],[53.69936,51.22568],[53.69864,51.22342],[53.69465,51.22111],[53.69146,51.22316],[53.69595,51.22469],[53.69706,51.22717],[53.69347,51.23094],[53.69257,51.23638],[53.6886,51.23296],[53.68494,51.23287],[53.68661,51.23031],[53.68731,51.22599],[53.68301,51.22583],[53.67751,51.22672],[53.67328,51.22574],[53.66724,51.22926],[53.66126,51.23117],[53.66027,51.23416],[53.66368,51.23866],[53.65845,51.23827],[53.65677,51.24022],[53.66039,51.24288],[53.65788,51.24421],[53.65665,51.24854],[53.66026,51.25203],[53.65912,51.25529],[53.66277,51.25522],[53.67008,51.25741],[53.66978,51.25986],[53.66019,51.25712],[53.65979,51.25988],[53.65667,51.26029],[53.65347,51.26215],[53.64552,51.26233],[53.64691,51.26493],[53.64731,51.26853],[53.6537,51.26471],[53.65496,51.26729],[53.65043,51.26822],[53.65029,51.27061],[53.64589,51.27091],[53.64828,51.27426],[53.6445,51.27462],[53.64473,51.27692],[53.63816,51.2749],[53.6336,51.27464],[53.63396,51.27085],[53.63084,51.27046],[53.62851,51.27381],[53.62583,51.2754],[53.62313,51.27504],[53.62115,51.27733],[53.61801,51.27857],[53.6198,51.28017],[53.6245,51.28162],[53.62508,51.28284],[53.61947,51.28419],[53.61872,51.28703],[53.61433,51.28666],[53.60857,51.28947],[53.6134,51.29398],[53.60857,51.29449],[53.6082,51.29214],[53.6045,51.29269],[53.60446,51.2968],[53.60612,51.29852],[53.60309,51.30215],[53.59741,51.30451],[53.59562,51.30619],[53.5982,51.31057],[53.60221,51.31241],[53.60234,51.31638],[53.60839,51.31499],[53.60716,51.3183],[53.60427,51.31978],[53.60473,51.32216],[53.61034,51.32417],[53.61375,51.32613],[53.61593,51.32578],[53.62063,51.32728],[53.61974,51.32947],[53.61675,51.33046],[53.61558,51.33237],[53.62294,51.33259],[53.62032,51.33849],[53.62451,51.34029],[53.62207,51.3426],[53.61369,51.34336],[53.61845,51.34662],[53.61428,51.34767],[53.61502,51.35077],[53.61949,51.35643],[53.61416,51.35551],[53.61088,51.35379],[53.61103,51.35096],[53.60291,51.35106],[53.59882,51.35425],[53.59528,51.3553],[53.5953,51.35811],[53.59981,51.36043],[53.6003,51.36317],[53.60559,51.36606],[53.60523,51.3693],[53.6096,51.37143],[53.61395,51.36934],[53.6183,51.36827],[53.61959,51.36556],[53.62202,51.36496],[53.62434,51.36742],[53.62674,51.36648],[53.62747,51.37245],[53.63215,51.3731],[53.63204,51.37519],[53.63576,51.37721],[53.6326,51.37882],[53.62907,51.37742],[53.62608,51.37895],[53.62969,51.38053],[53.63316,51.3832],[53.62648,51.38681],[53.62924,51.39142],[53.62863,51.39328],[53.62546,51.39416],[53.62099,51.39335],[53.61632,51.39599],[53.61235,51.39726],[53.60626,51.3968],[53.60169,51.3951],[53.59651,51.39684],[53.59359,51.39973],[53.59242,51.40354],[53.58801,51.40619],[53.58478,51.40966],[53.58315,51.41276],[53.57422,51.41495],[53.57079,51.41452],[53.56725,51.41557],[53.56679,51.41801],[53.56969,51.42118],[53.57522,51.42458],[53.57569,51.42602],[53.57377,51.43063],[53.57042,51.43316],[53.56452,51.43198],[53.55811,51.42793],[53.55313,51.42585],[53.54506,51.42781],[53.54,51.43052],[53.53409,51.43074],[53.53241,51.42879],[53.52482,51.42537],[53.52004,51.42534],[53.51863,51.4266],[53.51778,51.43179],[53.51887,51.43314],[53.51635,51.43513],[53.50921,51.4347],[53.50459,51.43336],[53.50276,51.43093],[53.49847,51.43032],[53.49597,51.43126],[53.48746,51.4388],[53.48255,51.44116],[53.48124,51.44322],[53.48212,51.44774],[53.48409,51.44906],[53.48976,51.44919],[53.49148,51.45165],[53.48719,51.45422],[53.48169,51.45401],[53.47539,51.45242],[53.46725,51.43884],[53.4373,51.43854],[53.43939,51.44009],[53.43774,51.44324],[53.44037,51.44534],[53.43491,51.44727],[53.43435,51.45117],[53.43708,51.45318],[53.43743,51.45913],[53.43441,51.46369],[53.4348,51.46855],[53.42917,51.47198],[53.42582,51.47226],[53.42066,51.47571],[53.41997,51.47843],[53.42759,51.48091],[53.42368,51.48231],[53.42116,51.4811],[53.41554,51.48261],[53.41239,51.4792],[53.4076,51.48254],[53.40814,51.48626],[53.40375,51.488],[53.40075,51.48718],[53.39922,51.48932],[53.39358,51.49026],[53.37004,51.4883],[53.36833,51.49136],[53.36527,51.49332],[53.36213,51.48846],[53.35894,51.48978],[53.35182,51.4901],[53.35047,51.49285],[53.3457,51.48936],[53.33871,51.48964],[53.33858,51.49437],[53.33037,51.49267],[53.33037,51.49985],[53.31189,51.49985],[53.29746,51.49806],[53.29654,51.5012],[53.29054,51.50065],[53.2859,51.49766],[53.28556,51.49349],[53.28676,51.48836],[53.2847,51.48494],[53.28195,51.48323],[53.27612,51.48206],[53.27337,51.4828],[53.27097,51.48569],[53.26702,51.48815],[53.26049,51.49093],[53.25775,51.49563],[53.25964,51.50012],[53.26358,51.50343],[53.26324,51.5061],[53.26049,51.50909],[53.255,51.51187],[53.24951,51.51219],[53.24401,51.5107],[53.23938,51.51059],[53.22736,51.51155],[53.21827,51.51027],[53.20814,51.50397],[53.20264,51.5029],[53.19955,51.50343],[53.19475,51.50632],[53.18222,51.51209],[53.17827,51.51625],[53.17896,51.51924],[53.18102,51.52095],[53.19526,51.52661],[53.19664,51.52875],[53.19475,51.53302],[53.18874,51.53537],[53.18205,51.53441],[53.17724,51.53088],[53.17398,51.52544],[53.17398,51.51978],[53.16969,51.51753],[53.1611,51.51871],[53.15578,51.52394],[53.14926,51.52522],[53.14411,51.52309],[53.1405,51.51732],[53.14376,51.50621],[53.14497,51.5045],[53.14943,51.50236],[53.15904,51.50065],[53.16145,51.49958],[53.16299,51.49681],[53.1611,51.49264],[53.15578,51.4874],[53.15218,51.48622],[53.14411,51.48516],[53.14033,51.48548],[53.13072,51.48783],[53.12231,51.49114],[53.11527,51.49114],[53.10119,51.48783],[53.09381,51.48911],[53.09158,51.49071],[53.08832,51.4951],[53.08025,51.50258],[53.07424,51.50471],[53.07047,51.50471],[53.06549,51.50258],[53.06291,51.49926],[53.06171,51.49328],[53.05639,51.48965],[53.0509,51.48932],[53.04472,51.49018],[53.03974,51.48911],[53.0363,51.48387],[53.03442,51.48238],[53.02669,51.48056],[53.01571,51.48045],[53.01193,51.47981],[53.00815,51.47757],[53.00455,51.47297],[53.00043,51.47211],[52.99699,51.47318],[52.98996,51.47874],[52.98704,51.48002],[52.97914,51.48163],[52.97124,51.48548],[52.96764,51.48441],[52.96644,51.48152],[52.9685,51.47746],[52.97262,51.47511],[52.97777,51.47382],[52.97794,51.4704],[52.97124,51.4689],[52.96095,51.47094],[52.95648,51.47318],[52.95202,51.47671],[52.94618,51.47714],[52.94155,51.47393],[52.94206,51.47062],[52.94635,51.46794],[52.95459,51.46591],[52.95751,51.46463],[52.9594,51.46174],[52.95717,51.4581],[52.95494,51.45639],[52.95013,51.45511],[52.94721,51.45554],[52.94326,51.45768],[52.94206,51.46495],[52.93623,51.47115],[52.9364,51.47575],[52.93777,51.47778],[52.93657,51.4812],[52.93382,51.48238],[52.92816,51.4827],[52.92301,51.48131],[52.9182,51.48163],[52.91648,51.48291],[52.91666,51.48687],[52.91786,51.48847],[52.92747,51.49392],[52.92781,51.49552],[52.92472,51.49798],[52.92129,51.4982],[52.91442,51.49734],[52.91116,51.49627],[52.90859,51.49296],[52.90842,51.48794],[52.90653,51.48099],[52.9043,51.47746],[52.90001,51.47628],[52.8952,51.47778],[52.89056,51.48195],[52.88953,51.48419],[52.89005,51.4889],[52.88885,51.49082],[52.88306,51.49028],[52.88012,51.48775],[52.88023,51.48436],[52.882,51.48012],[52.88065,51.47673],[52.87717,51.47495],[52.87173,51.47466],[52.86846,51.47583],[52.86463,51.47948],[52.86448,51.48166],[52.87014,51.4878],[52.88708,51.49356],[52.89034,51.49494],[52.89709,51.49467],[52.90001,51.49734],[52.90001,51.50119],[52.89606,51.50535],[52.8928,51.50653],[52.88816,51.50674],[52.87735,51.50247],[52.8734,51.50012],[52.86396,51.49317],[52.86035,51.49146],[52.85363,51.49129],[52.85101,51.49239],[52.84542,51.49905],[52.84507,51.50365],[52.84284,51.50568],[52.83838,51.506],[52.83477,51.50397],[52.83306,51.50012],[52.83477,51.49723],[52.8413,51.49082],[52.84078,51.48836],[52.83756,51.48633],[52.83151,51.48697],[52.82825,51.48836],[52.8255,51.49125],[52.82585,51.49926],[52.82362,51.50172],[52.81923,51.5015],[52.81486,51.49884],[52.81356,51.4924],[52.81116,51.49113],[52.80765,51.49222],[52.80787,51.49502],[52.8104,51.49862],[52.8092,51.50343],[52.80544,51.50544],[52.80194,51.50586],[52.79762,51.50411],[52.79581,51.4998],[52.78963,51.49884],[52.78654,51.50151],[52.78791,51.50674],[52.79478,51.51048],[52.79478,51.51273],[52.79031,51.51369],[52.7831,51.51198],[52.78087,51.50888],[52.78225,51.50161],[52.77933,51.50055],[52.77349,51.50215],[52.77143,51.50589],[52.77332,51.51444],[52.77538,51.51807],[52.77504,51.5201],[52.77126,51.52202],[52.76714,51.52127],[52.76491,51.51839],[52.76388,51.51347],[52.75718,51.50888],[52.75701,51.50268],[52.75924,51.4998],[52.75804,51.49627],[52.75324,51.4951],[52.74688,51.49595],[52.745,51.49723],[52.74173,51.50386],[52.73779,51.50482],[52.7347,51.50322],[52.73503,51.49718],[52.74,51.49513],[52.74828,51.49471],[52.75231,51.49121],[52.7511,51.48869],[52.74713,51.48627],[52.73723,51.48384],[52.72531,51.48583],[52.7251,51.49013],[52.72845,51.4924],[52.73459,51.49429],[52.73478,51.49546],[52.7256,51.4983],[52.72147,51.49747],[52.72199,51.49307],[52.72028,51.4859],[52.7177,51.48377],[52.71083,51.48227],[52.69607,51.47735],[52.6935,51.47746],[52.68132,51.47967],[52.67521,51.4782],[52.67187,51.47511],[52.67221,51.4704],[52.67616,51.46816],[52.68917,51.46571],[52.6914,51.46111],[52.69092,51.45874],[52.68783,51.45671],[52.68251,51.45639],[52.67633,51.45842],[52.67341,51.46056],[52.66895,51.46634],[52.66243,51.47147],[52.66225,51.47307],[52.66552,51.48206],[52.66449,51.48719],[52.65922,51.49007],[52.65196,51.49036],[52.64766,51.48847],[52.6456,51.48494],[52.64183,51.47511],[52.64526,51.46784],[52.64337,51.46409],[52.63874,51.46238],[52.63307,51.46356],[52.62878,51.46677],[52.62536,51.4737],[52.62075,51.47428],[52.61737,51.47254],[52.61408,51.46773],[52.61545,51.4638],[52.62312,51.46067],[52.62466,51.45789],[52.6226,51.45554],[52.61711,51.45479],[52.61127,51.45618],[52.60526,51.45639],[52.59557,51.45331],[52.5917,51.45349],[52.58572,51.45574],[52.58307,51.45831],[52.58333,51.46035],[52.58964,51.46559],[52.59685,51.46901],[52.59788,51.47083],[52.59565,51.47505],[52.58905,51.47758],[52.58358,51.47757],[52.58129,51.47652],[52.57632,51.47174],[52.57265,51.46709],[52.56544,51.46356],[52.56386,51.45995],[52.56544,51.45479],[52.55275,51.45871],[52.54588,51.46011],[52.54235,51.46164],[52.53776,51.46499],[52.53577,51.46742],[52.53568,51.46989],[52.53897,51.47365],[52.54341,51.47563],[52.55403,51.47812],[52.554,51.48344],[52.54915,51.48552],[52.54856,51.49056],[52.54308,51.49056],[52.54098,51.49228],[52.54205,51.49483],[52.53867,51.49521],[52.5338,51.49446],[52.53375,51.4969],[52.5292,51.49559],[52.52722,51.49615],[52.53031,51.49936],[52.52302,51.49842],[52.51752,51.49918],[52.51966,51.50158],[52.50875,51.50259],[52.50975,51.50381],[52.5049,51.50589],[52.50911,51.50849],[52.50651,51.5103],[52.50347,51.51721],[52.50443,51.52068],[52.5088,51.52262],[52.50816,51.52911],[52.50961,51.53234],[52.50705,51.53301],[52.50649,51.53521],[52.50335,51.53502],[52.50417,51.53977],[52.50613,51.54126],[52.50212,51.5427],[52.50469,51.54507],[52.50226,51.54622],[52.49681,51.54712],[52.4954,51.55142],[52.48529,51.57],[52.47385,51.58879],[52.46294,51.60605],[52.45035,51.62082],[52.45043,51.62325],[52.4334,51.62873],[52.42941,51.63058],[52.43045,51.63309],[52.42654,51.63392],[52.42148,51.63656],[52.41921,51.63995],[52.41606,51.64007],[52.38437,51.68319],[52.37623,51.71752],[52.38022,51.71788],[52.3632,51.77225],[52.35867,51.7759],[52.31951,51.76634],[52.31856,51.76326],[52.32263,51.75847],[52.32588,51.75737],[52.32635,51.75476],[52.33008,51.75459],[52.33023,51.75176],[52.3349,51.74574],[52.33536,51.74332],[52.28037,51.73255],[52.2404,51.72395],[52.23341,51.73576],[52.17985,51.73327],[52.17915,51.72694],[52.17626,51.72679],[52.17397,51.68733],[52.16953,51.6842],[52.16199,51.68668],[52.12127,51.67138],[52.11384,51.66786],[52.09006,51.65838],[52.07473,51.67404],[52.05899,51.66817],[52.04874,51.6695],[52.04439,51.66713],[51.999,51.66722],[51.99888,51.68324],[51.89409,51.68341],[51.89412,51.67419],[51.85661,51.67381],[51.86014,51.67094],[51.86252,51.6663],[51.86168,51.66282],[51.86464,51.66109],[51.86231,51.6566],[51.86231,51.65469],[51.85956,51.64983],[51.85567,51.64849],[51.84964,51.6476],[51.84614,51.64979],[51.84396,51.64943],[51.83734,51.64321],[51.8374,51.6406],[51.83284,51.63854],[51.82846,51.6386],[51.82337,51.63584],[51.82398,51.63262],[51.82033,51.63046],[51.82113,51.62903],[51.81589,51.6263],[51.81709,51.62396],[51.8119,51.62135],[51.80585,51.61949],[51.80566,51.61803],[51.80114,51.61511],[51.80101,51.61329],[51.79631,51.61117],[51.79115,51.60519],[51.78609,51.60456],[51.78519,51.60173],[51.78779,51.59877],[51.79076,51.59765],[51.79788,51.59794],[51.7983,51.59677],[51.79354,51.59521],[51.79621,51.59243],[51.79213,51.58799],[51.77107,51.58202],[51.78848,51.54733],[51.79397,51.53603],[51.80526,51.51375],[51.81355,51.49702],[51.73073,51.48075],[51.73859,51.46513],[51.65587,51.44861],[51.64079,51.47666],[51.62986,51.47497],[51.64295,51.50135],[51.65711,51.5051],[51.64,51.53846],[51.61284,51.53344],[51.60413,51.55078],[51.57681,51.54552],[51.5851,51.52836],[51.55693,51.52311],[51.56616,51.5058],[51.49065,51.49036],[51.49382,51.48778],[51.49268,51.48466],[51.48733,51.48729],[51.48561,51.48647],[51.47408,51.4864],[51.46961,51.48579],[51.43389,51.47617],[51.43154,51.47485],[51.38018,51.47615],[51.38004,51.48582],[51.28655,51.48778],[51.28561,51.53191],[51.27906,51.53177],[51.27427,51.5303],[51.26504,51.52852],[51.25826,51.52819],[51.25114,51.52676],[51.24773,51.52523],[51.24791,51.53228],[51.24533,51.53291],[51.24694,51.54265],[51.24628,51.5504],[51.24355,51.55351],[51.24523,51.55601],[51.24044,51.56312],[51.38033,51.56343],[51.38021,51.64124],[51.30371,51.64106],[51.27238,51.68458],[51.26829,51.68499],[51.26514,51.68394],[51.25171,51.68669],[51.25238,51.6842],[51.23994,51.68412],[51.23882,51.68696],[51.23579,51.68693],[51.2346,51.68437],[51.23087,51.68418],[51.22912,51.68204],[51.22393,51.68052],[51.21542,51.68158],[51.21493,51.67823],[51.21234,51.67764],[51.20874,51.67854],[51.20694,51.67453],[51.20475,51.67386],[51.20076,51.67613],[51.19699,51.67462],[51.19941,51.67262],[51.20738,51.67062],[51.20657,51.66917],[51.20235,51.66712],[51.19845,51.66718],[51.1956,51.66841],[51.19168,51.66684],[51.18825,51.66821],[51.18365,51.66733],[51.18131,51.66916],[51.17796,51.66876],[51.17627,51.67261],[51.1718,51.67472],[51.17249,51.67606],[51.16889,51.67745],[51.16676,51.67577],[51.15886,51.67589],[51.1569,51.6776],[51.1542,51.67624],[51.15536,51.67244],[51.1518,51.67091],[51.14755,51.67301],[51.13733,51.67544],[51.13622,51.67397],[51.13201,51.67258],[51.12891,51.67339],[51.12709,51.6761],[51.12347,51.67439],[51.11936,51.6741],[51.11635,51.67727],[51.11217,51.67636],[51.11395,51.67331],[51.10868,51.67183],[51.10602,51.67464],[51.09827,51.67474],[51.09574,51.67295],[51.09826,51.67015],[51.09547,51.6686],[51.09054,51.66939],[51.08809,51.66888],[51.08455,51.66635],[51.07393,51.66957],[51.07041,51.66812],[51.06769,51.67051],[51.06919,51.67303],[51.06171,51.67196],[51.05864,51.67489],[51.05968,51.67734],[51.05667,51.68057],[51.05289,51.67994],[51.04499,51.67708],[51.0457,51.68071],[51.04322,51.68303],[51.04058,51.68353],[51.03792,51.68675],[51.03502,51.68471],[51.03545,51.68199],[51.03172,51.68185],[51.03095,51.67929],[51.02188,51.67971],[51.01741,51.6771],[51.01482,51.67667],[51.01103,51.67327],[51.00192,51.67341],[50.99763,51.67136],[50.99537,51.67595],[50.993,51.67445],[50.9888,51.67577],[50.98298,51.676],[50.98012,51.67502],[50.97815,51.6781],[50.97517,51.67779],[50.96881,51.68107],[50.96527,51.68024],[50.96399,51.67828],[50.96051,51.67771],[50.95816,51.68001],[50.95074,51.68034],[50.94636,51.67867],[50.94533,51.6805],[50.93977,51.67985],[50.93645,51.68058],[50.92997,51.67941],[50.92819,51.68098],[50.92223,51.67937],[50.92041,51.6819],[50.91556,51.68082],[50.90823,51.68265],[50.90194,51.6828],[50.89361,51.68138],[50.88842,51.70409],[50.87141,51.75346],[50.76816,51.77304],[50.76705,51.73456],[50.76719,51.71638],[50.78741,51.68478],[50.81146,51.66995],[50.81088,51.66863],[50.83258,51.64916],[50.81257,51.64917],[50.81203,51.58504],[50.76665,51.58559],[50.76772,51.5748],[50.67891,51.57455],[50.6822,51.57749],[50.6791,51.57988],[50.68205,51.58574],[50.68496,51.58726],[50.6871,51.58566],[50.70029,51.58694],[50.69721,51.5893],[50.69915,51.59192],[50.69854,51.59455],[50.7024,51.59419],[50.70506,51.59528],[50.70986,51.59567],[50.70903,51.59802],[50.71344,51.60104],[50.71652,51.60079],[50.72117,51.60176],[50.72284,51.60348],[50.72595,51.60319],[50.72711,51.60555],[50.73394,51.60598],[50.73519,51.60852],[50.73245,51.6105],[50.73283,51.61457],[50.72933,51.61611],[50.73331,51.61749],[50.73084,51.62103],[50.73239,51.62616],[50.73071,51.62852],[50.63602,51.62915],[50.63591,51.64308],[50.62609,51.64305],[50.62497,51.64678],[50.58514,51.64585],[50.58677,51.59061],[50.57215,51.58999],[50.5673,51.58831],[50.5629,51.59128],[50.56044,51.59751],[50.55692,51.60057],[50.55275,51.59972],[50.5489,51.60083],[50.53772,51.58903],[50.53818,51.52396],[50.53947,51.52301],[50.53887,51.51555],[50.53766,51.51056],[50.54347,51.50106],[50.54779,51.4983],[50.54735,51.49334],[50.54931,51.49107],[50.5561,51.48829],[50.55394,51.48617],[50.55633,51.48418],[50.55692,51.48128],[50.55462,51.48027],[50.55401,51.47702],[50.55585,51.47273],[50.55137,51.46827],[50.54692,51.46516],[50.54259,51.46445],[50.49851,51.46649],[50.49686,51.42776],[50.37191,51.42765],[50.37261,51.42425],[50.37627,51.42193],[50.37964,51.42123],[50.38137,51.4189],[50.38412,51.41765],[50.38327,51.41577],[50.38648,51.41325],[50.38916,51.40957],[50.3936,51.40755],[50.39666,51.40726],[50.39958,51.40547],[50.40395,51.40436],[50.3382,51.38201],[50.37391,51.33294],[50.35757,51.32648],[50.26742,51.29049],[50.25251,51.2839],[50.25134,51.2813],[50.10181,51.26025],[50.03868,51.25125],[50.03826,51.25094],[50.00624,51.24239],[49.9111,51.20107],[49.84785,51.15465],[49.83418,51.14705],[49.77629,51.10718],[49.77593,51.10714],[49.67075,51.10879],[49.6514,51.10933],[49.56284,51.10999],[49.5335,51.10662],[49.49064,51.09865],[49.47866,51.10787],[49.45658,51.12618],[49.44001,51.11551],[49.44245,51.11161],[49.4317,51.09016],[49.39371,51.09033],[49.39741,51.04919],[49.3389,50.98725],[49.37501,50.98122],[49.4078,50.96161],[49.40562,50.95906],[49.40847,50.95345],[49.41314,50.95113],[49.41185,50.94932],[49.41243,50.94179],[49.4152,50.9338],[49.41939,50.93201],[49.42093,50.92928],[49.42329,50.92852],[49.42386,50.92628],[49.42926,50.92001],[49.42764,50.91501],[49.43024,50.91236],[49.42737,50.91091],[49.42883,50.90932],[49.42797,50.90708],[49.43695,50.90118],[49.43833,50.89778],[49.44271,50.89417],[49.44093,50.89116],[49.44278,50.88698],[49.44201,50.88374],[49.44344,50.88067],[49.44019,50.87972],[49.44355,50.87729],[49.44165,50.87352],[49.44158,50.8701],[49.43474,50.86804],[49.4349,50.86581],[49.43015,50.86192],[49.42956,50.8589],[49.42683,50.85694],[49.42716,50.85322],[49.42291,50.84869],[49.41986,50.84912],[49.30413,50.83012],[49.26216,50.82316],[49.21665,50.79913],[49.12603,50.78478],[49.10576,50.76983],[49.0093,50.68257],[48.99924,50.68771],[48.97902,50.67158],[48.9666,50.6613],[48.95377,50.65132],[48.81395,50.59548],[48.77864,50.60719],[48.77541,50.60803],[48.7718,50.60765],[48.76955,50.60928],[48.76431,50.6081],[48.75911,50.6106],[48.75401,50.60859],[48.75245,50.60947],[48.74818,50.60841],[48.74561,50.60979],[48.74291,50.6088],[48.73826,50.60991],[48.73739,50.60606],[48.73126,50.60429],[48.7282,50.60474],[48.72612,50.60301],[48.72329,50.60304],[48.72201,50.60508],[48.71594,50.60556],[48.70861,50.60819],[48.70618,50.60798],[48.6983,50.61013],[48.69584,50.61019],[48.68905,50.61235],[48.68876,50.61432],[48.68579,50.61529],[48.68192,50.6188],[48.67658,50.62157],[48.67675,50.62545],[48.67489,50.62721],[48.67048,50.62759],[48.6684,50.62941],[48.66753,50.63211],[48.66359,50.63344],[48.66354,50.63528],[48.65912,50.63496],[48.65748,50.63594],[48.6567,50.63983],[48.65003,50.64375],[48.64923,50.64515],[48.64439,50.64512],[48.64033,50.64672],[48.63744,50.6507],[48.63401,50.6483],[48.62798,50.65146],[48.62729,50.65385],[48.62464,50.65529],[48.61919,50.65603],[48.6187,50.65719],[48.60952,50.65955],[48.60621,50.66193],[48.57063,50.63237],[48.57713,50.63002],[48.57725,50.62615],[48.58283,50.6253],[48.58648,50.62087],[48.59275,50.61841],[48.59479,50.6159],[48.60199,50.61373],[48.60883,50.61505],[48.61243,50.61275],[48.61123,50.61093],[48.61798,50.61186],[48.62035,50.61095],[48.62551,50.61116],[48.63048,50.61034],[48.63552,50.60654],[48.63953,50.60447],[48.64613,50.60625],[48.64697,50.60396],[48.65036,50.60289],[48.65219,50.60106],[48.64936,50.5964],[48.65047,50.59436],[48.64887,50.59235],[48.65014,50.58956],[48.64641,50.58729],[48.65174,50.58521],[48.65306,50.58345],[48.65785,50.58302],[48.65916,50.57965],[48.66425,50.57791],[48.6631,50.57659],[48.66604,50.57246],[48.66567,50.56945],[48.66041,50.56359],[48.65841,50.56259],[48.65848,50.55706],[48.65567,50.55634],[48.65758,50.55418],[48.65598,50.55146],[48.65944,50.55053],[48.66136,50.54511],[48.65946,50.54263],[48.65852,50.5279],[48.66555,50.49889],[48.67018,50.48327],[48.67785,50.46102],[48.73207,50.25716],[48.79392,50.20479],[48.80902,50.17043],[48.76322,50.0978],[48.76846,50.09905],[48.77528,50.09934],[48.7806,50.10077],[48.78866,50.10069],[48.79297,50.09697],[48.80366,50.09718],[48.81879,50.09634],[48.83227,50.09438],[48.84457,50.09168],[48.84799,50.09132],[48.85222,50.08865],[48.85159,50.08499],[48.85897,50.08153],[48.86264,50.07929],[48.86411,50.07713],[48.86447,50.07245],[48.86387,50.0695],[48.86518,50.05543],[48.86928,50.04811],[48.87237,50.04494],[48.88033,50.04127],[48.88218,50.03724],[48.87971,50.03403],[48.88083,50.02996],[48.88879,50.02647],[48.89753,50.02395],[48.90027,50.02242],[48.90337,50.01847],[48.78777,49.94873],[48.74562,49.92135],[48.659,49.89715],[48.58198,49.87363],[48.50121,49.84806],[48.45044,49.83509],[48.44236,49.80197],[48.43987,49.80121],[48.43556,49.80454],[48.43076,49.80642],[48.42835,49.80609],[48.42319,49.81061],[48.42221,49.81365],[48.41496,49.81606],[48.41308,49.81849],[48.40878,49.82026],[48.40793,49.82292],[48.40192,49.82857],[48.39797,49.83023],[48.39557,49.83599],[48.3887,49.83687],[48.37891,49.83516],[48.36724,49.82912],[48.3657,49.82691],[48.36003,49.82458],[48.35385,49.82757],[48.35402,49.83134],[48.34355,49.83654],[48.34475,49.84119],[48.34304,49.84828],[48.3396,49.85093],[48.33463,49.8485],[48.33154,49.8485],[48.32484,49.85359],[48.32433,49.85735],[48.32192,49.86167],[48.31724,49.86782],[48.31619,49.8713],[48.31308,49.87254],[48.31077,49.87192],[48.30913,49.86909],[48.30575,49.86726],[48.30388,49.86477],[48.29844,49.86345],[48.29849,49.86057],[48.2924,49.85928],[48.28038,49.85948],[48.27548,49.86012],[48.26896,49.85968],[48.26557,49.85753],[48.26309,49.85786],[48.25949,49.86103],[48.25437,49.86433],[48.24833,49.8669],[48.23957,49.86986],[48.23613,49.86964],[48.23093,49.86782],[48.22619,49.86806],[48.22505,49.86945],[48.22836,49.87375],[48.22574,49.87891],[48.23012,49.88202],[48.23291,49.88814],[48.2326,49.88979],[48.23458,49.89477],[48.23443,49.89735],[48.23249,49.90145],[48.22579,49.90589],[48.22019,49.90893],[48.22019,49.91232],[48.21846,49.91315],[48.21663,49.91964],[48.21233,49.92248],[48.20737,49.92816],[48.19978,49.92988],[48.19794,49.93106],[48.19519,49.93802],[48.19249,49.94096],[48.19174,49.9442],[48.18875,49.9454],[48.18467,49.94557],[48.18165,49.94699],[48.17288,49.94772],[48.1709,49.95177],[48.16509,49.95556],[48.16203,49.95575],[48.15974,49.9587],[48.15911,49.96564],[48.16156,49.96789],[48.15745,49.97105],[48.15655,49.97272],[48.15809,49.97538],[48.15529,49.98085],[48.15036,49.98237],[48.14478,49.986],[48.14049,49.98967],[48.13916,49.99419],[48.13163,49.99802],[48.13236,50.00305],[48.13036,50.00489],[48.1298,50.0075],[48.13202,50.01168],[48.13077,50.01414],[48.1251,50.01826],[48.12526,50.02012],[48.12803,50.02432],[48.12941,50.02852],[48.12757,50.04022],[48.12839,50.04179],[48.12545,50.04754],[48.12373,50.0524],[48.11953,50.05593],[48.1142,50.05906],[48.11266,50.06143],[48.11407,50.06686],[48.1086,50.07442],[48.10758,50.08094],[48.10812,50.08581],[48.10466,50.09052],[48.09944,50.09428],[48.09521,50.10001],[48.09053,50.10173],[48.07763,50.10425],[48.07202,50.10483],[48.06838,50.10644],[48.06398,50.11057],[48.06098,50.11203],[48.05688,50.11248],[48.04895,50.11168],[48.04686,50.11282],[48.04697,50.1174],[48.04933,50.12013],[48.05076,50.12508],[48.04734,50.12797],[48.04288,50.12684],[48.03922,50.12727],[48.03788,50.12865],[48.03844,50.13392],[48.03611,50.13598],[48.02745,50.13565],[48.02361,50.1368],[48.01933,50.14106],[48.01182,50.14094],[48.00909,50.1421],[48.00585,50.14646],[48.0043,50.15078],[47.99905,50.1546],[47.99847,50.15763],[47.99989,50.16078],[47.99905,50.16909],[47.99604,50.17274],[47.98586,50.17733],[47.98526,50.18048],[47.98816,50.18413],[47.9871,50.18639],[47.97501,50.19062],[47.97164,50.19108],[47.96789,50.19311],[47.96465,50.1989],[47.95715,50.20851],[47.95226,50.21091],[47.95028,50.21308],[47.95062,50.22],[47.95268,50.22241],[47.9532,50.22637],[47.94839,50.22955],[47.93723,50.23263],[47.9362,50.23625],[47.93878,50.24251],[47.93775,50.24448],[47.93191,50.24789],[47.92025,50.25148],[47.9132,50.25261],[47.90582,50.25853],[47.89518,50.26479],[47.89157,50.26556],[47.88574,50.26852],[47.88179,50.27433],[47.87183,50.28311],[47.87011,50.28596],[47.86599,50.28936],[47.85981,50.29243],[47.85466,50.29792],[47.85312,50.30186],[47.84917,50.30428],[47.83733,50.31042],[47.82789,50.31228],[47.82226,50.31178],[47.81945,50.31302],[47.81934,50.31613],[47.82462,50.31875],[47.82651,50.32434],[47.8284,50.32773],[47.82789,50.33033],[47.82185,50.33142],[47.81656,50.33004],[47.81123,50.3296],[47.8078,50.33036],[47.80402,50.33409],[47.80025,50.33475],[47.79235,50.33277],[47.78669,50.33398],[47.78394,50.33803],[47.78158,50.33964],[47.76634,50.3395],[47.76245,50.34098],[47.76162,50.34647],[47.75836,50.34965],[47.74628,50.35408],[47.74408,50.35774],[47.74513,50.36215],[47.74142,50.36388],[47.73967,50.36804],[47.74437,50.37041],[47.74663,50.37289],[47.74332,50.37837],[47.74007,50.37992],[47.73398,50.38122],[47.73328,50.38447],[47.73172,50.38599],[47.72566,50.38807],[47.71513,50.38836],[47.70707,50.39049],[47.69814,50.39211],[47.68925,50.3958],[47.68551,50.40031],[47.67697,50.40075],[47.67417,50.40289],[47.66997,50.40469],[47.66339,50.40855],[47.66148,50.41215],[47.66122,50.41554],[47.66307,50.41748],[47.67229,50.41733],[47.67481,50.41891],[47.67476,50.42086],[47.6694,50.42304],[47.66194,50.42311],[47.6553,50.42156],[47.65145,50.42377],[47.6521,50.42514],[47.6564,50.42738],[47.65246,50.42975],[47.6483,50.4296],[47.64575,50.43088],[47.64541,50.43342],[47.64062,50.43486],[47.64275,50.43778],[47.64236,50.44067],[47.64966,50.44181],[47.64991,50.44695],[47.6463,50.44797],[47.64383,50.44464],[47.63884,50.44224],[47.6304,50.44369],[47.62488,50.44819],[47.62614,50.44922],[47.64058,50.45032],[47.63647,50.4524],[47.63668,50.45574],[47.63296,50.45664],[47.62473,50.46006],[47.61528,50.45743],[47.61084,50.45977],[47.61215,50.46368],[47.54183,50.46091],[47.5342,50.45634],[47.52019,50.44424],[47.51432,50.4395],[47.50521,50.43333],[47.48719,50.42576],[47.47341,50.42091],[47.46254,50.40945],[47.43293,50.37936],[47.42674,50.37399],[47.42521,50.37166],[47.41814,50.36395],[47.41517,50.35282],[47.41253,50.35151],[47.41269,50.34689],[47.40995,50.34123],[47.40551,50.33903],[47.40668,50.33637],[47.40396,50.33505],[47.40021,50.33559],[47.39882,50.33375],[47.3911,50.3337],[47.39044,50.33179],[47.38295,50.32956],[47.38306,50.3281],[47.37773,50.32849],[47.37364,50.33292],[47.37016,50.33252],[47.36643,50.32956],[47.36373,50.32908],[47.35646,50.3305],[47.35357,50.3289],[47.34739,50.33018],[47.34747,50.32841],[47.34094,50.33021],[47.33678,50.32738],[47.32865,50.32358],[47.32426,50.31918],[47.32494,50.31737],[47.31845,50.31506],[47.31558,50.31135],[47.31087,50.30905],[47.30803,50.30867],[47.30744,50.3061],[47.30493,50.30359],[47.30013,50.3033],[47.29146,50.2827],[47.30065,50.26316],[47.33497,50.23801],[47.2573,50.19175],[47.31677,50.15237],[47.35265,50.09404],[47.24456,49.99343],[47.18236,49.93503],[47.1259,49.9191],[46.95735,49.8714],[46.92958,49.87475],[46.90247,49.86385],[46.89345,49.8302],[46.87009,49.74289],[46.85777,49.6436],[46.84427,49.60656],[46.83715,49.60662],[46.83887,49.56578],[46.82926,49.56565],[46.81125,49.4608],[46.80585,49.4293],[46.78209,49.33983],[46.838,49.31913],[46.91452,49.28284],[46.99612,49.23238],[47.05114,49.16559],[47.02868,49.0893],[46.97192,49.02743],[46.89257,48.98211],[46.79167,48.95194],[46.77916,48.95141],[46.68852,48.78878],[46.62167,48.66807],[46.53583,48.51283],[46.49216,48.43362],[46.64462,48.38566],[46.67676,48.38948],[46.74654,48.35399],[46.88917,48.32719],[46.90899,48.31939],[46.93126,48.31661],[47.12376,48.26953],[47.11123,48.23373],[47.16785,48.21822],[47.28558,48.22233],[47.79552,48.16901],[48.679,48.10306],[48.95633,48.051],[49.44681,47.9205],[49.43884,48.02431],[49.7509,48.01298],[49.80552,48.04278],[49.974,48.04002],[50.17693,48.17961],[50.72736,48.42612],[50.79019,48.42724],[50.88381,48.48642],[50.92487,48.47286],[51.01739,48.51065],[51.07328,48.62652],[51.28064,48.63596],[51.39967,48.67205],[51.82353,48.62372],[51.85033,48.58746],[51.81561,48.5715],[51.81272,48.5139],[51.93904,48.52478],[52.06973,48.4659],[52.16461,48.48236],[52.20826,48.48629],[52.42836,48.4033],[52.53605,48.40498],[52.55599,48.51394],[52.55349,48.52326],[52.55103,48.53732],[52.53889,48.57936],[52.53661,48.59186],[52.55336,48.62344],[52.55765,48.63314],[52.56107,48.63839],[52.56403,48.64553],[52.56968,48.65262],[52.57396,48.66065],[52.57702,48.66978],[52.57844,48.67214],[52.57857,48.68018],[52.58036,48.6886],[52.5833,48.69789],[52.58492,48.70733],[52.58647,48.71373],[52.59224,48.72257],[52.59522,48.7306],[52.601,48.74281],[52.60408,48.74786],[52.61262,48.76619],[52.62757,48.76329],[52.63822,48.75955],[52.65465,48.75932],[52.66813,48.76018],[52.71446,48.76098],[52.71583,48.76201],[52.7149,48.77459],[52.71556,48.79261],[52.71323,48.80327],[52.71434,48.83743],[52.71245,48.86029],[52.7127,48.86896],[52.71188,48.88403],[52.71276,48.91115],[52.71035,48.91871],[52.71192,48.9267],[52.71013,48.95273],[52.71035,48.95987],[52.70937,48.97162],[52.70695,48.98086],[52.70615,48.99596],[52.77928,48.98063],[52.78216,48.98132],[52.79992,49.01902],[52.82552,49.04808],[52.84184,49.04603],[52.8788,49.04001],[52.89212,49.03714],[52.91389,49.03515],[52.91937,49.03398],[52.92614,49.03129],[52.94339,49.02929],[52.96029,49.02791],[52.97949,49.02846],[52.99983,49.02722],[53.04211,49.02648],[53.05313,49.02451],[53.06955,49.02526],[53.08747,49.02383],[53.10676,49.02352],[53.13217,49.02218],[53.18553,49.02116],[53.22091,49.01942],[53.22413,49.01952],[53.24124,49.01831],[53.26326,49.01769],[53.2729,49.01949],[53.29008,49.02103],[53.30738,49.0233],[53.36734,49.03842],[53.3805,49.04246],[53.41539,49.05166],[53.42544,49.06221],[53.40615,49.08777],[53.3966,49.09273],[53.39279,49.09416],[53.38624,49.10009],[53.51831,49.16726],[53.5411,49.17757],[53.55486,49.1853],[53.58815,49.20828],[53.59955,49.21728],[53.61409,49.22739],[53.63054,49.24035],[53.66385,49.27774],[53.72983,49.42492],[53.69501,49.47745],[53.75695,49.45729],[53.79783,49.52508],[53.87519,49.5703],[53.97287,49.57009],[53.99132,49.61866],[54.11468,49.62035],[54.20059,49.61027],[54.29891,49.64799],[54.27539,49.67595],[54.34532,49.73257],[54.36637,49.76828],[54.47709,49.76834],[54.41859,49.81489],[54.51492,49.92437],[54.51112,49.9539],[54.55598,50.01258],[54.54336,50.06283],[54.47543,50.0835],[54.47235,50.1089],[54.42518,50.11824],[54.42145,50.20342],[54.4398,50.27321],[54.36504,50.34024],[54.46475,50.4032],[54.46383,50.4157],[54.49992,50.46717],[54.56524,50.51646],[54.54369,50.52742]]]},"properties":{"area_code":"west_kazakhstan","area_name":"West Kazakhstan","boundary_source_name":"West Kazakhstan Region","area_unit_id":"kz-region-2009-geoboundaries-adm1:west_kazakhstan","boundary_set_id":"kz-region-2009-geoboundaries-adm1","boundary_level":"region","boundary_vintage":"2009 census 16-region frame (geoBoundaries ADM1, 2017)","land_area_sq_km":153330.82023759975}},
{"type":"Feature","geometry":{"type":"Polygon","coordinates":[[[74.06057,46.00105],[73.72832,46.00161],[73.68223,46.00082],[73.58057,46.00097],[73.54474,46.00031],[72.8071,46.00155],[72.09187,46.00269],[71.54896,46.00534],[71.32604,46.00726],[69.06711,45.99989],[69.24996,45.76915],[69.26659,45.76936],[69.2916,45.70141],[69.35864,45.49744],[69.36773,45.48519],[69.37985,45.46489],[69.46436,45.33841],[69.53883,45.15489],[69.59251,44.95593],[69.65267,44.88798],[69.66755,44.82058],[69.69843,44.71115],[69.71699,44.65391],[69.82479,44.16056],[69.76818,44.12479],[69.76423,44.09879],[69.74429,44.06869],[69.70678,44.02728],[69.73365,43.98749],[69.71448,43.95875],[69.70168,43.92608],[69.69301,43.8771],[69.68632,43.85147],[69.68271,43.8418],[69.67977,43.82005],[69.67898,43.80357],[69.68159,43.77621],[69.68039,43.76348],[69.66387,43.74221],[69.64463,43.72489],[69.63824,43.709],[69.61586,43.67648],[69.60077,43.64217],[69.55726,43.55588],[69.52916,43.52387],[69.52427,43.51782],[69.51577,43.50902],[69.49162,43.49568],[69.4878,43.48877],[69.4655,43.4697],[69.45982,43.46587],[69.45049,43.46376],[69.44497,43.45712],[69.44033,43.44774],[69.43816,43.44461],[69.43394,43.43131],[69.45755,43.426],[69.48304,43.42126],[69.48673,43.42301],[69.5084,43.42298],[69.54243,43.41198],[69.53759,43.40215],[69.53825,43.39523],[69.52995,43.3779],[69.52692,43.36962],[69.52809,43.35937],[69.53228,43.34806],[69.53535,43.33061],[69.52944,43.30942],[69.5399,43.29847],[69.56129,43.29223],[69.56196,43.29686],[69.59087,43.30001],[69.62079,43.30598],[69.62666,43.30328],[69.6316,43.29737],[69.63736,43.28383],[69.63125,43.26343],[69.63334,43.2578],[69.63451,43.25029],[69.64808,43.2495],[69.65654,43.25571],[69.67294,43.26084],[69.69126,43.26152],[69.71384,43.26046],[69.72248,43.25825],[69.73107,43.25937],[69.75909,43.24307],[69.7639,43.2414],[69.7689,43.24189],[69.77302,43.24304],[69.7765,43.24275],[69.78169,43.2437],[69.78927,43.24267],[69.80508,43.23609],[69.80638,43.23295],[69.80929,43.23071],[69.80756,43.22805],[69.8212,43.22671],[69.82139,43.23356],[69.83615,43.24925],[69.84186,43.26168],[69.84838,43.2679],[69.86958,43.26337],[69.88594,43.25841],[69.90472,43.22954],[69.91343,43.23299],[69.91565,43.22658],[69.90909,43.22324],[69.91694,43.21129],[69.94233,43.20709],[69.95309,43.20788],[69.96185,43.21204],[69.97397,43.21319],[69.97962,43.21501],[69.98964,43.21255],[70.00026,43.20498],[69.99532,43.20515],[69.99455,43.20004],[70.0025,43.19737],[70.009,43.18197],[70.00346,43.1747],[70.00435,43.17046],[70.04783,43.14891],[70.05615,43.1491],[70.06239,43.14798],[70.06676,43.15024],[70.07325,43.14956],[70.07267,43.12999],[70.0639,43.11693],[70.07414,43.11075],[70.10252,43.08914],[70.12449,43.07376],[70.14998,43.09256],[70.17274,43.06861],[70.16692,43.06602],[70.17728,43.0541],[70.14457,43.02824],[70.1742,43.01913],[70.18623,43.00084],[70.18594,42.9982],[70.19823,43.00653],[70.19887,43.00212],[70.19542,42.99792],[70.20382,42.99122],[70.19881,42.98669],[70.1906,42.98439],[70.19201,42.98297],[70.19471,42.9735],[70.2064,42.96941],[70.20718,42.96658],[70.19877,42.95362],[70.21455,42.94411],[70.2246,42.94285],[70.22807,42.9362],[70.22906,42.93091],[70.22879,42.92364],[70.22394,42.91724],[70.22492,42.91123],[70.22128,42.904],[70.22483,42.90063],[70.22733,42.89356],[70.23597,42.88426],[70.25129,42.87797],[70.23129,42.87576],[70.22089,42.87198],[70.20897,42.86139],[70.20194,42.85642],[70.20239,42.85297],[70.20122,42.85075],[70.20955,42.84185],[70.2103,42.83617],[70.21595,42.82775],[70.19387,42.81119],[70.20794,42.80415],[70.22448,42.79894],[70.23443,42.79372],[70.22773,42.77893],[70.21476,42.76279],[70.20658,42.74703],[70.21189,42.74404],[70.2256,42.73335],[70.23651,42.73023],[70.23801,42.72059],[70.27792,42.71737],[70.29453,42.7191],[70.30306,42.7147],[70.30732,42.70798],[70.3129,42.70851],[70.3252,42.69484],[70.32319,42.69307],[70.34602,42.69622],[70.37981,42.68524],[70.39056,42.67027],[70.40974,42.65477],[70.41527,42.65539],[70.42694,42.64883],[70.44597,42.648],[70.46618,42.6334],[70.49103,42.61708],[70.50224,42.61248],[70.51654,42.60374],[70.51832,42.60237],[70.50258,42.59742],[70.52466,42.5845],[70.53016,42.58554],[70.53535,42.58803],[70.54134,42.5866],[70.54203,42.5857],[70.55684,42.55588],[70.57032,42.5469],[70.58425,42.54842],[70.60601,42.53935],[70.61986,42.53159],[70.6243,42.51938],[70.62708,42.51616],[70.63098,42.51432],[70.63484,42.5102],[70.6364,42.50947],[70.64393,42.50142],[70.64889,42.48901],[70.65136,42.48766],[70.65396,42.48167],[70.65592,42.4688],[70.6669,42.45219],[70.69137,42.4504],[70.7219,42.4588],[70.73942,42.45115],[70.74423,42.45059],[70.77141,42.45032],[70.78706,42.43874],[70.79344,42.4142],[70.77887,42.39262],[70.78347,42.38902],[70.80764,42.36832],[70.82369,42.34325],[70.8356,42.33934],[70.84313,42.32625],[70.8508,42.32565],[70.85577,42.32406],[70.85724,42.3228],[70.86558,42.32012],[70.87229,42.32625],[70.87808,42.32669],[70.88132,42.32755],[70.88316,42.33119],[70.88661,42.33542],[70.88131,42.34303],[70.88241,42.34828],[70.887,42.35139],[70.8891,42.35753],[70.89403,42.36369],[70.89794,42.36643],[70.90703,42.36486],[70.90998,42.36571],[70.91427,42.36913],[70.92079,42.37153],[70.92506,42.37641],[70.93046,42.38064],[70.93161,42.3834],[70.93186,42.38986],[70.93287,42.39156],[70.93774,42.39461],[70.94587,42.39509],[70.95471,42.39878],[70.95531,42.40206],[70.94618,42.40725],[70.93605,42.41169],[70.93324,42.41654],[70.93403,42.41998],[70.9369,42.42128],[70.9514,42.43029],[70.95346,42.43288],[70.95548,42.43765],[70.95501,42.43924],[70.95833,42.44586],[70.95865,42.45044],[70.95995,42.45233],[70.95858,42.45481],[70.95919,42.45704],[70.96359,42.46149],[70.96651,42.4681],[70.96632,42.47152],[70.96989,42.47496],[70.97118,42.47826],[70.97566,42.48201],[70.97894,42.48755],[70.98012,42.49756],[70.98174,42.4978],[71.01169,42.4905],[71.07548,42.47263],[71.07727,42.47295],[71.08086,42.47565],[71.08897,42.48438],[71.04398,42.53404],[71.00037,42.55833],[71.00008,42.56087],[71.0017,42.58549],[71.00334,42.58829],[71.01175,42.58979],[71.04237,42.59796],[71.05221,42.59955],[71.05717,42.59965],[71.0787,42.59893],[71.08857,42.59975],[71.10133,42.59973],[71.11748,42.60088],[71.12711,42.60202],[71.13969,42.60267],[71.15247,42.60425],[71.15668,42.60519],[71.15871,42.60013],[71.15851,42.59761],[71.16032,42.59333],[71.16293,42.59293],[71.16913,42.60206],[71.17123,42.60241],[71.1754,42.60581],[71.17649,42.60794],[71.17974,42.6104],[71.18034,42.61591],[71.18167,42.61874],[71.1789,42.62047],[71.1777,42.62473],[71.17953,42.628],[71.17894,42.63015],[71.18241,42.63663],[71.1812,42.63855],[71.18261,42.64444],[71.18195,42.64968],[71.18239,42.65211],[71.18095,42.65692],[71.18178,42.6636],[71.17723,42.66704],[71.17688,42.66916],[71.17874,42.67094],[71.17817,42.6741],[71.20703,42.68348],[71.22736,42.6929],[71.24459,42.7131],[71.25851,42.73604],[71.26108,42.7436],[71.27035,42.75545],[71.26911,42.77262],[71.27713,42.7804],[71.28021,42.78013],[71.29579,42.78113],[71.36699,42.78535],[71.3844,42.79296],[71.38926,42.79593],[71.3949,42.79788],[71.39591,42.79744],[71.40737,42.79651],[71.40866,42.79577],[71.41806,42.79565],[71.42095,42.79623],[71.42863,42.79526],[71.43119,42.79341],[71.43821,42.79133],[71.44575,42.79027],[71.44792,42.78914],[71.45593,42.78802],[71.4641,42.78544],[71.47026,42.78473],[71.46866,42.78739],[71.49649,42.79441],[71.49911,42.79536],[71.50465,42.7916],[71.50833,42.79193],[71.52157,42.79707],[71.52195,42.79805],[71.5267,42.79997],[71.53411,42.8015],[71.55717,42.78929],[71.57061,42.77486],[71.58332,42.77131],[71.60119,42.77196],[71.62087,42.76502],[71.6274,42.76477],[71.63722,42.76714],[71.66495,42.78219],[71.67538,42.78984],[71.7053,42.7942],[71.71532,42.79839],[71.72924,42.79973],[71.76052,42.80755],[71.77357,42.81343],[71.79108,42.81716],[71.79838,42.82013],[71.80643,42.82655],[71.818,42.83124],[71.82857,42.83133],[71.83457,42.82967],[71.86364,42.83281],[71.90477,42.8198],[71.92635,42.81767],[71.93896,42.81414],[71.94795,42.80295],[71.95408,42.79877],[71.98468,42.78407],[72.02097,42.7734],[72.03773,42.77386],[72.05693,42.76889],[72.08861,42.74435],[72.12037,42.7365],[72.12834,42.73855],[72.14506,42.73968],[72.16608,42.75443],[72.17445,42.75465],[72.18209,42.75097],[72.19112,42.75051],[72.21193,42.75701],[72.22556,42.75782],[72.23196,42.76028],[72.26145,42.76081],[72.28202,42.75927],[72.284,42.7568],[72.30096,42.75288],[72.3297,42.74238],[72.38005,42.72784],[72.40183,42.7199],[72.40446,42.71653],[72.41561,42.71016],[72.49894,42.68514],[72.52203,42.68225],[72.52742,42.67939],[72.53983,42.67923],[72.54954,42.67716],[72.55947,42.67693],[72.58803,42.68399],[72.60674,42.68144],[72.62622,42.67547],[72.6673,42.65692],[72.70867,42.64569],[72.73197,42.64436],[72.74428,42.63891],[72.77285,42.61342],[72.78909,42.59384],[72.79085,42.58816],[72.79735,42.58051],[72.81424,42.56782],[72.82309,42.56297],[72.83909,42.55735],[72.87951,42.55244],[72.88972,42.54395],[72.90111,42.53732],[72.91079,42.53499],[72.94252,42.53965],[72.97198,42.54314],[72.99441,42.54526],[73.00642,42.54701],[73.02323,42.54859],[73.04285,42.54973],[73.06736,42.54523],[73.08295,42.54589],[73.09456,42.54858],[73.12009,42.55193],[73.13688,42.54946],[73.15548,42.54764],[73.17571,42.5409],[73.20216,42.53398],[73.22352,42.52866],[73.25166,42.52939],[73.27798,42.52445],[73.29667,42.5204],[73.3097,42.51792],[73.31517,42.51097],[73.31957,42.50255],[73.31834,42.49198],[73.3178,42.47615],[73.3147,42.45799],[73.32044,42.45002],[73.3293,42.44452],[73.34296,42.44002],[73.35689,42.43632],[73.37851,42.43429],[73.3969,42.4304],[73.41298,42.42795],[73.43855,42.42598],[73.44901,42.42319],[73.45583,42.42074],[73.47201,42.41815],[73.48716,42.41759],[73.49496,42.42197],[73.50116,42.42501],[73.51225,42.43327],[73.51548,42.43484],[73.519,42.44459],[73.51315,42.4528],[73.50795,42.45802],[73.49553,42.46288],[73.47927,42.46866],[73.46653,42.48461],[73.46198,42.49155],[73.44873,42.50849],[73.44481,42.51839],[73.43911,42.53151],[73.43292,42.5489],[73.43651,42.57459],[73.44228,42.60568],[73.44215,42.62836],[73.44389,42.64268],[73.45132,42.65197],[73.46308,42.67098],[73.46563,42.69421],[73.46546,42.73143],[73.47129,42.73747],[73.47496,42.74462],[73.48737,42.75256],[73.50102,42.76556],[73.50646,42.7728],[73.51,42.78174],[73.50557,42.79282],[73.50822,42.80492],[73.51055,42.82253],[73.51133,42.82613],[73.51118,42.83454],[73.5097,42.83778],[73.50977,42.84267],[73.5215,42.8624],[73.52186,42.87476],[73.52275,42.88523],[73.5192,42.898],[73.51502,42.90736],[73.51352,42.91569],[73.51263,42.92597],[73.51587,42.93513],[73.52341,42.93998],[73.53405,42.94605],[73.54744,42.9614],[73.55731,42.98228],[73.55869,42.99073],[73.55756,43],[73.55151,43.00295],[73.54609,43.00816],[73.54705,43.01691],[73.55938,43.02886],[73.59743,43.03765],[73.61215,43.04091],[73.62903,43.04802],[73.64052,43.0515],[73.66066,43.06503],[73.68105,43.0699],[73.69973,43.07578],[73.74283,43.09452],[73.7597,43.10375],[73.766,43.10659],[73.79315,43.11131],[73.80636,43.11329],[73.82957,43.12624],[73.83786,43.12786],[73.85064,43.12488],[73.87442,43.11873],[73.88724,43.11769],[73.89966,43.11879],[73.91209,43.12391],[73.92114,43.13166],[73.92802,43.1393],[73.9426,43.15738],[73.95252,43.17333],[73.95735,43.18033],[73.9637,43.19947],[73.95329,43.20821],[73.96913,43.22265],[73.97038,43.22259],[73.97757,43.21801],[73.98535,43.21208],[73.999,43.2039],[74.01357,43.19469],[74.01759,43.19362],[74.01919,43.19],[74.04221,43.17211],[74.04747,43.17435],[74.05063,43.17714],[74.05323,43.17776],[74.06111,43.18211],[74.06361,43.18204],[74.07392,43.18682],[74.07658,43.18681],[74.09591,43.18942],[74.10092,43.18982],[74.14034,43.19455],[74.15561,43.19709],[74.17013,43.19879],[74.18739,43.19705],[74.18877,43.19567],[74.19234,43.19604],[74.21085,43.19589],[74.22204,43.20525],[74.20577,43.23264],[74.19674,43.24813],[74.19269,43.25553],[74.20094,43.26492],[74.20428,43.2668],[74.21203,43.26541],[74.21602,43.26221],[74.21527,43.26032],[74.22475,43.25643],[74.22662,43.25391],[74.23052,43.25195],[74.23352,43.25207],[74.23479,43.25363],[74.23837,43.25401],[74.24307,43.2527],[74.2444,43.25377],[74.24968,43.25466],[74.25376,43.2523],[74.2612,43.24619],[74.25949,43.24401],[74.26367,43.24363],[74.27157,43.24646],[74.27459,43.24543],[74.27867,43.24744],[74.27923,43.24935],[74.28197,43.24964],[74.28287,43.24651],[74.28677,43.24565],[74.29167,43.24251],[74.29379,43.24187],[74.30323,43.22134],[74.30843,43.21632],[74.31533,43.21907],[74.31761,43.21898],[74.31911,43.2157],[74.32241,43.21713],[74.32739,43.21662],[74.33173,43.21948],[74.33417,43.21853],[74.33419,43.21654],[74.33085,43.2131],[74.33679,43.2113],[74.34048,43.2115],[74.34211,43.20891],[74.34065,43.20739],[74.34201,43.20497],[74.34866,43.20498],[74.35254,43.20209],[74.35333,43.19865],[74.35928,43.19752],[74.37052,43.20068],[74.37346,43.20004],[74.37323,43.19682],[74.37612,43.19644],[74.38458,43.19737],[74.38692,43.1948],[74.39093,43.19403],[74.39104,43.18967],[74.39262,43.18936],[74.39825,43.19186],[74.4047,43.1884],[74.40359,43.18505],[74.39962,43.18396],[74.40262,43.18033],[74.4029,43.17878],[74.40612,43.1785],[74.40762,43.17534],[74.41307,43.17714],[74.41554,43.17438],[74.41385,43.17169],[74.41612,43.17017],[74.42033,43.17142],[74.4202,43.1728],[74.42445,43.17399],[74.4276,43.16817],[74.4302,43.16524],[74.43202,43.16541],[74.44517,43.16152],[74.45395,43.15742],[74.45929,43.15955],[74.46195,43.15873],[74.47524,43.15284],[74.48003,43.15701],[74.48781,43.15701],[74.49032,43.15583],[74.4962,43.15734],[74.50024,43.15172],[74.50796,43.14636],[74.51425,43.1438],[74.51573,43.1448],[74.52062,43.14531],[74.5232,43.14323],[74.53365,43.14038],[74.53542,43.13678],[74.53826,43.13673],[74.53742,43.13925],[74.54144,43.14134],[74.54568,43.14005],[74.5499,43.1417],[74.55087,43.13846],[74.55389,43.13726],[74.55683,43.13849],[74.56344,43.13928],[74.5644,43.138],[74.56489,43.13062],[74.566,43.13016],[74.57053,43.13283],[74.57406,43.1315],[74.57748,43.13287],[74.58365,43.12866],[74.58409,43.12601],[74.58149,43.12393],[74.58434,43.12108],[74.58693,43.11606],[74.58973,43.11666],[74.59293,43.11272],[74.60114,43.10842],[74.59866,43.10398],[74.59864,43.10229],[74.60339,43.10153],[74.60537,43.09834],[74.60764,43.09656],[74.61382,43.08864],[74.61536,43.08513],[74.62194,43.08207],[74.63339,43.08041],[74.63516,43.07693],[74.64006,43.06345],[74.6431,43.06204],[74.64391,43.05977],[74.65806,43.05496],[74.66362,43.05241],[74.67181,43.04148],[74.68585,43.03886],[74.69447,43.03773],[74.69955,43.03343],[74.70939,43.02011],[74.71703,43.01646],[74.72129,43.01192],[74.72713,43.00468],[74.73387,43.00094],[74.73828,43.0007],[74.73854,42.99652],[74.74123,42.99573],[74.74777,42.99153],[74.75169,42.98981],[74.75555,42.9927],[74.76207,42.99431],[74.76548,42.99331],[74.77122,42.99366],[74.77428,42.9931],[74.77755,42.99523],[74.7776,42.99781],[74.77961,42.99965],[74.78481,43.00167],[74.78911,43.00055],[74.79427,43.00114],[74.79847,42.99864],[74.80151,43.00039],[74.80638,42.99703],[74.8081,42.99688],[74.80892,43.00034],[74.8155,43.00196],[74.82002,43.00074],[74.82667,42.99987],[74.82969,43.00091],[74.83024,43.00325],[74.83229,43.00392],[74.83991,43.00195],[74.84748,43.00108],[74.84935,42.99894],[74.8533,42.99985],[74.85587,42.99894],[74.8575,42.99673],[74.86211,42.99697],[74.87095,42.99447],[74.87398,42.99271],[74.87262,42.98871],[74.8799,42.98324],[74.88474,42.98422],[74.89637,42.98043],[74.89654,42.97768],[74.90026,42.97737],[74.90215,42.97526],[74.90471,42.97432],[74.90576,42.97175],[74.91644,42.97161],[74.92292,42.96915],[74.92675,42.96517],[74.92305,42.96267],[74.9277,42.96215],[74.92933,42.96412],[74.93749,42.96364],[74.95105,42.95623],[74.95322,42.95394],[74.95612,42.95496],[74.96047,42.95362],[74.96938,42.94912],[74.97009,42.94692],[74.97538,42.94461],[74.98048,42.94591],[74.98572,42.94308],[74.98886,42.94347],[74.99589,42.94183],[74.99748,42.93978],[75.0024,42.9358],[75.00653,42.9345],[75.00863,42.93234],[75.01386,42.93202],[75.01905,42.92953],[75.02151,42.9294],[75.02541,42.92578],[75.02897,42.92485],[75.03054,42.92271],[75.03373,42.92245],[75.03691,42.92064],[75.04224,42.92107],[75.04528,42.9226],[75.05152,42.92286],[75.06313,42.91893],[75.06541,42.91505],[75.07184,42.91305],[75.08186,42.91442],[75.08776,42.91119],[75.0922,42.91032],[75.09833,42.90718],[75.10693,42.90027],[75.11811,42.8959],[75.12077,42.89335],[75.1286,42.89131],[75.13686,42.88535],[75.15219,42.88088],[75.15571,42.88087],[75.16295,42.87936],[75.16593,42.87984],[75.17022,42.8771],[75.17831,42.87558],[75.18336,42.87603],[75.18579,42.87512],[75.19093,42.87505],[75.19703,42.87189],[75.19718,42.86518],[75.2055,42.86193],[75.21281,42.8598],[75.21725,42.85928],[75.22108,42.85608],[75.22536,42.85558],[75.2313,42.85355],[75.23854,42.85423],[75.24366,42.8553],[75.24498,42.85658],[75.25396,42.85884],[75.25802,42.85891],[75.26182,42.86066],[75.2698,42.86051],[75.27209,42.8593],[75.28512,42.85853],[75.29127,42.86059],[75.29739,42.86119],[75.30095,42.86005],[75.30332,42.85749],[75.30669,42.85641],[75.31621,42.85587],[75.3245,42.85597],[75.33643,42.85545],[75.34476,42.85142],[75.34696,42.84974],[75.35479,42.84823],[75.35784,42.84808],[75.36819,42.85082],[75.37353,42.85096],[75.37715,42.84914],[75.4052,42.84371],[75.40863,42.84379],[75.41898,42.83957],[75.4234,42.84033],[75.42538,42.84167],[75.42899,42.84094],[75.43213,42.84188],[75.43984,42.84113],[75.4432,42.83878],[75.4551,42.83607],[75.46818,42.83624],[75.47178,42.83842],[75.47573,42.83864],[75.48085,42.84283],[75.48254,42.84343],[75.48919,42.84261],[75.49266,42.84159],[75.50171,42.83991],[75.50522,42.83801],[75.50878,42.83761],[75.51804,42.83447],[75.52984,42.83403],[75.54721,42.83118],[75.55231,42.82985],[75.55678,42.83115],[75.56121,42.83019],[75.5703,42.83046],[75.57798,42.82747],[75.58439,42.827],[75.59518,42.8237],[75.60059,42.82299],[75.62972,42.81598],[75.63597,42.81554],[75.64215,42.81368],[75.65112,42.81158],[75.66235,42.80773],[75.67397,42.80433],[75.6817,42.80417],[75.68955,42.80322],[75.71157,42.79719],[75.71681,42.79734],[75.76143,42.83349],[75.76834,42.84678],[75.77243,42.85414],[75.77731,42.87313],[75.78631,42.89916],[75.80119,42.91775],[75.81151,42.9253],[75.81767,42.93102],[75.82335,42.93874],[75.82352,42.94025],[75.81298,42.94253],[75.80654,42.94076],[75.80575,42.9396],[75.80085,42.9382],[75.79054,42.93929],[75.78587,42.93759],[75.78138,42.93793],[75.77278,42.94069],[75.77306,42.95182],[75.77497,42.96399],[75.77342,42.96985],[75.77379,42.97276],[75.76917,42.97261],[75.76526,42.97144],[75.76335,42.9688],[75.76012,42.96678],[75.75736,42.96287],[75.75381,42.96029],[75.74633,42.95985],[75.74207,42.96033],[75.72804,42.95719],[75.7236,42.95664],[75.71574,42.96059],[75.71155,42.96121],[75.70351,42.96107],[75.69489,42.96157],[75.65656,42.97527],[75.65608,42.98071],[75.54677,42.9816],[75.54623,42.98847],[75.57765,42.98895],[75.60122,42.99917],[75.65611,43.04365],[75.65152,43.05033],[75.64169,43.05121],[75.63233,43.05612],[75.61099,43.05892],[75.5966,43.07066],[75.58628,43.07259],[75.57693,43.07749],[75.56709,43.07924],[75.56254,43.08292],[75.55318,43.08555],[75.53256,43.08257],[75.51169,43.09694],[75.4997,43.10464],[75.48497,43.10728],[75.47835,43.1137],[75.47055,43.11878],[75.46216,43.12193],[75.45388,43.12351],[75.44693,43.12263],[75.43482,43.12316],[75.42318,43.12053],[75.40519,43.12718],[75.40112,43.12538],[75.37317,43.13812],[75.35974,43.14504],[75.34943,43.146],[75.34391,43.14985],[75.33803,43.1607],[75.3372,43.17032],[75.33056,43.19529],[75.29454,43.21327],[75.33063,43.25288],[75.28112,43.26311],[75.27867,43.28025],[75.27771,43.31538],[75.28185,43.33453],[75.285,43.34329],[75.29414,43.37572],[75.30757,43.38774],[75.34979,43.40482],[75.41896,43.47105],[75.41922,43.47609],[75.40483,43.50572],[75.38869,43.53486],[75.34319,43.53425],[75.30544,43.52895],[75.24238,43.53675],[75.23873,43.59051],[75.18093,43.59072],[75.18407,43.54332],[75.13295,43.56631],[75.08539,43.5691],[75.03126,43.59887],[74.99719,43.61029],[74.99731,43.65097],[75.19834,43.77346],[75.24352,43.81092],[75.26813,43.82459],[75.26949,43.84373],[75.28525,43.86127],[75.28453,43.87735],[75.27694,43.89181],[75.27542,43.9292],[75.27302,43.94871],[75.27631,43.95432],[75.30684,43.9873],[75.31164,43.99653],[75.30948,44.00679],[75.31579,44.01841],[75.31403,44.08334],[75.30708,44.14804],[75.26211,44.16865],[75.21376,44.19424],[75.12675,44.25998],[75.11283,44.26043],[75.09283,44.27735],[75.04816,44.2998],[75.0365,44.30848],[75.00423,44.31701],[74.99764,44.32662],[74.98547,44.32656],[74.97018,44.33357],[74.94146,44.34361],[74.751,44.35781],[74.51973,44.48582],[74.51074,44.5228],[74.49379,44.52613],[74.52006,44.58313],[74.51223,44.66692],[74.52264,44.69873],[74.40258,44.80121],[74.38932,44.79526],[74.30567,44.84898],[74.23668,44.87196],[74.19658,44.89494],[74.13349,44.91332],[74.13939,44.95339],[74.11816,44.968],[74.0875,45.12714],[73.89301,45.12516],[73.75504,45.10435],[73.72202,45.22076],[73.75268,45.28884],[74.03099,45.28801],[73.98423,45.38162],[73.90152,45.74653],[74.01473,45.89036],[74.06057,46.00105]]]},"properties":{"area_code":"jambyl","area_name":"Jambyl","boundary_source_name":"Jambyl Region","area_unit_id":"kz-region-2009-geoboundaries-adm1:jambyl","boundary_set_id":"kz-region-2009-geoboundaries-adm1","boundary_level":"region","boundary_vintage":"2009 census 16-region frame (geoBoundaries ADM1, 2017)","land_area_sq_km":144326.90866739143}},
{"type":"Feature","geometry":{"type":"Polygon","coordinates":[[[67.93867,50.55301],[68.00892,50.53809],[67.99134,50.51269],[68.09202,50.46491],[68.09042,50.44049],[68.01691,50.39263],[68.01691,50.36613],[67.96418,50.31718],[67.86031,50.29779],[67.74685,50.24774],[67.63019,50.2365],[67.59934,50.22316],[67.60622,50.18843],[67.57586,50.16285],[67.63818,50.11881],[67.39912,49.91545],[67.37375,49.93818],[67.08699,49.69052],[67.05815,49.66701],[67.04172,49.64748],[67.01173,49.63428],[66.99939,49.63079],[66.83702,49.57874],[66.65144,49.45668],[66.59718,49.32436],[66.54218,49.27041],[66.41243,49.24152],[66.3,49.15728],[66.07309,48.99315],[65.81501,48.98663],[65.7754,48.98218],[65.77197,48.97076],[65.7533,48.88674],[65.74934,48.88343],[65.74227,48.88374],[65.74351,48.88065],[65.74251,48.87867],[65.73684,48.87559],[65.73304,48.87461],[65.72953,48.87476],[65.72593,48.87911],[65.72381,48.87945],[65.71476,48.8771],[65.7106,48.87785],[65.70788,48.8773],[65.69527,48.87769],[65.68582,48.87409],[65.67974,48.87476],[65.67718,48.87682],[65.6738,48.87713],[65.66588,48.87547],[65.66178,48.87239],[65.65071,48.87162],[65.64416,48.86929],[65.63747,48.86796],[65.63135,48.86484],[65.63202,48.86209],[65.48613,48.82833],[64.74581,48.93774],[64.69802,48.67566],[64.46867,48.67473],[64.53071,48.59973],[64.49083,48.56554],[64.5453,48.52892],[64.57863,48.51077],[64.52178,48.5036],[64.22746,48.46178],[64.28285,48.34771],[64.05603,48.19909],[64.01607,48.17028],[64.1201,48.00234],[64.21545,47.92414],[64.27717,47.89954],[64.16324,47.81508],[64.01467,47.70323],[63.96589,47.69283],[63.84456,47.63818],[63.83341,47.62821],[63.6532,47.51545],[63.22546,47.36067],[63.20374,47.33331],[63.14569,47.29647],[62.99929,47.21979],[62.95009,47.19077],[63.01832,47.19921],[63.40709,47.11348],[63.37062,47.06416],[63.20783,47.03127],[63.21297,47.03016],[63.30313,46.97151],[63.44727,46.93653],[63.5089,46.92886],[63.53382,46.91979],[63.73954,46.83011],[63.74662,46.83135],[63.76083,46.84012],[63.77139,46.83957],[63.78586,46.83416],[63.78984,46.83203],[63.80392,46.8308],[63.81596,46.83346],[63.83079,46.83561],[63.84863,46.83564],[63.90218,46.82294],[64.02997,46.79516],[64.17891,46.74203],[64.44728,46.68887],[64.94177,46.50135],[65.14084,46.47655],[65.37256,46.31171],[65.55063,46.23607],[65.58596,46.21271],[65.69824,46.20989],[65.89257,46.178],[66.00265,46.17596],[66.04123,46.18025],[66.39,46.16247],[66.67693,46.15862],[66.90166,46.17247],[67.13767,46.14322],[67.13905,46.1382],[67.1412,46.13628],[67.14572,46.13516],[67.15302,46.13717],[67.15819,46.13614],[67.15763,46.12647],[67.15055,46.12006],[67.14937,46.11469],[67.14384,46.10764],[67.14943,46.09732],[67.1572,46.08892],[67.15574,46.08464],[67.1594,46.07807],[67.15884,46.07441],[67.15606,46.07005],[67.15598,46.06668],[67.16107,46.06269],[67.16342,46.05694],[67.17769,46.05352],[67.1791,46.05084],[67.18169,46.04988],[67.18258,46.04466],[67.17891,46.04198],[67.16733,46.03904],[67.16544,46.03455],[67.16093,46.03072],[67.16149,46.02714],[67.16371,46.02514],[67.16693,46.02455],[67.16929,46.02083],[67.16787,46.01925],[67.1711,46.01704],[67.17062,46.00969],[67.17434,46.00604],[67.17498,46.00053],[67.65232,46.00007],[68.23794,46.00031],[68.99785,45.99961],[69.06711,45.99989],[71.32604,46.00726],[71.54896,46.00534],[72.09187,46.00269],[72.8071,46.00155],[73.54474,46.00031],[73.58057,46.00097],[73.68223,46.00082],[73.72832,46.00161],[74.06057,46.00105],[74.08252,46.04037],[74.16572,46.13833],[74.74356,46.52639],[75.01894,46.5573],[75.32704,46.68206],[75.52225,46.70749],[75.60986,46.69353],[75.88591,46.72474],[76.04909,46.73814],[76.22522,46.63851],[76.31693,46.65479],[76.36743,46.69105],[76.38524,46.64884],[76.37743,46.62206],[76.38973,46.61555],[76.40313,46.62247],[76.43353,46.64336],[76.48143,46.62709],[76.53767,46.59343],[76.52723,46.61892],[76.52519,46.64258],[76.60461,46.66557],[76.69704,46.64688],[76.70073,46.62752],[76.83858,46.58502],[76.93185,46.53834],[76.94664,46.55186],[76.89308,46.61588],[76.87061,46.62211],[76.82,46.67108],[76.83308,46.67798],[76.8785,46.63222],[76.91867,46.62579],[76.94196,46.61741],[76.97482,46.62031],[76.97709,46.63314],[77.00399,46.64658],[77.07249,46.62277],[77.10601,46.5697],[77.10357,46.54337],[77.14913,46.53076],[77.26355,46.54276],[77.28242,46.58479],[77.33848,46.61343],[77.39667,46.60772],[77.55557,46.62121],[77.55513,46.6369],[77.54981,46.64371],[77.4655,47.16099],[77.38772,47.15021],[77.33239,47.16478],[77.2881,47.18458],[77.23023,47.17525],[77.17172,47.08262],[77.13844,47.081],[76.88332,47.18068],[76.83394,47.22858],[76.78336,47.24716],[76.84871,47.29048],[76.84938,47.32164],[76.87216,47.44254],[76.97808,47.4401],[77.05646,47.4177],[77.04597,47.47524],[77.03488,47.49619],[77.01468,47.57305],[77.00975,47.61443],[76.9709,47.64522],[76.97548,47.6715],[76.98778,47.70236],[77.00196,47.71687],[77.01063,47.742],[77.04709,47.83699],[77.03998,47.85791],[77.08005,47.85515],[77.09444,47.85159],[77.11984,47.85396],[77.12199,47.86495],[77.12334,47.86935],[77.1416,47.94345],[77.194,47.9587],[77.16798,48.01988],[77.19718,48.02794],[77.21892,48.03313],[77.33787,48.07302],[77.30602,48.09103],[77.29281,48.10007],[77.25402,48.10432],[77.22719,48.10806],[77.16289,48.10487],[77.05971,48.17572],[77.04662,48.20152],[77.04856,48.21594],[77.06012,48.23709],[77.11674,48.2382],[77.14699,48.24435],[77.15487,48.26977],[77.0934,48.27159],[77.03205,48.27785],[76.98169,48.28642],[76.94896,48.31987],[76.93722,48.32958],[76.88504,48.34898],[76.84139,48.36935],[76.82674,48.40458],[76.85702,48.40561],[76.86347,48.40392],[76.86833,48.40411],[76.88381,48.40772],[76.89044,48.41168],[76.89167,48.41509],[76.89782,48.42179],[76.9006,48.42695],[76.9013,48.43156],[76.9011,48.43726],[76.90518,48.4568],[76.90119,48.47034],[76.90409,48.48282],[76.96011,48.50218],[76.98604,48.49908],[77.15751,48.49083],[77.31661,48.62992],[77.31303,48.63323],[77.3111,48.63333],[77.3104,48.63767],[77.30598,48.63731],[77.30329,48.6392],[77.30231,48.64505],[77.30074,48.65016],[77.30495,48.65143],[77.30177,48.65451],[77.30364,48.65617],[77.30316,48.66035],[77.30482,48.66136],[77.30447,48.66411],[77.31042,48.66633],[77.31089,48.67018],[77.31482,48.67206],[77.31565,48.67625],[77.31763,48.6785],[77.31818,48.68719],[77.316,48.69233],[77.31175,48.69476],[77.3119,48.69873],[77.30836,48.70459],[77.31112,48.71026],[77.31387,48.71156],[77.31563,48.71441],[77.31534,48.71715],[77.31901,48.71819],[77.31565,48.72128],[77.31537,48.72393],[77.31276,48.72725],[77.31631,48.72844],[77.31631,48.73049],[77.31321,48.73238],[77.31529,48.73407],[77.31636,48.73796],[77.33165,48.74186],[77.31443,48.78188],[77.28939,48.85446],[77.17929,48.84617],[77.15646,48.84312],[77.13174,48.84244],[77.03801,48.83419],[76.99716,48.82967],[76.89055,48.81995],[76.88386,48.81408],[76.83305,48.84843],[76.83455,48.86964],[76.85103,48.89041],[76.83661,48.94546],[76.83545,49.01308],[76.91828,49.03592],[76.93861,49.01661],[77.03455,49.04345],[76.9863,49.09471],[76.90538,49.12538],[76.90305,49.1892],[76.75231,49.27037],[76.66785,49.28865],[76.67016,49.3223],[76.59,49.38246],[76.60482,49.44014],[76.84169,49.51433],[77.15943,49.498],[77.15119,49.52497],[77.10484,49.61559],[77.16703,49.68342],[77.17698,49.70607],[77.18265,49.75655],[77.1454,49.77208],[77.15106,49.81784],[77.16188,49.86191],[77.14643,49.87817],[77.16585,49.92867],[77.17072,49.93011],[77.17501,49.93345],[77.17926,49.9353],[77.18327,49.93903],[77.18887,49.94295],[77.19247,49.94404],[77.20086,49.94452],[77.20316,49.94541],[77.21488,49.94123],[77.22624,49.9424],[77.229,49.94359],[77.23179,49.94319],[77.27703,49.9703],[77.34492,49.99382],[77.41766,50.01599],[77.44581,50.02131],[77.47607,50.0507],[77.49324,50.05814],[77.511,50.07111],[77.67854,50.16072],[77.69575,50.19287],[77.70228,50.20397],[77.69717,50.22185],[77.60032,50.27831],[77.64339,50.36117],[77.64591,50.46462],[77.56676,50.49951],[77.45045,50.55073],[77.37848,50.54806],[77.25313,50.5672],[77.07699,50.6675],[77.06174,50.6597],[77.01087,50.65476],[76.98639,50.65645],[76.84539,50.63981],[76.78148,50.59136],[76.74195,50.49533],[76.6506,50.27265],[76.6045,50.29885],[76.52604,50.33051],[76.46723,50.32768],[76.37129,50.32661],[76.32976,50.32867],[76.31998,50.3286],[76.32638,50.31482],[76.30221,50.31069],[76.27253,50.30478],[76.26605,50.28758],[76.26685,50.2629],[76.22296,50.23572],[76.21616,50.21274],[76.10661,50.25772],[76.03666,50.25721],[76.02159,50.25127],[75.99262,50.24783],[75.97823,50.24319],[75.9683,50.23814],[75.92908,50.22105],[75.91214,50.2203],[75.85689,50.20824],[75.84786,50.20406],[75.81658,50.2035],[75.7942,50.20432],[75.77639,50.20333],[75.7703,50.20937],[75.7554,50.22167],[75.73434,50.2225],[75.72707,50.23391],[75.70469,50.23424],[75.69654,50.23163],[75.68922,50.22272],[75.67265,50.22008],[75.642,50.18923],[75.59081,50.18154],[75.57025,50.18089],[75.51016,50.18257],[75.44125,50.1876],[75.39205,50.18074],[75.3499,50.17462],[75.32948,50.1728],[75.24893,50.13675],[75.07819,50.06025],[75.06245,50.04905],[75.01243,50.0296],[75.00992,50.02264],[74.94496,50.01344],[74.91258,50.03799],[74.87284,50.04037],[74.84506,50.04069],[74.83778,50.05267],[74.8303,50.06394],[74.81806,50.08105],[74.81659,50.08558],[74.81325,50.09188],[74.80331,50.10676],[74.81227,50.11171],[74.82168,50.11618],[74.84107,50.11948],[74.84591,50.1237],[74.86527,50.13443],[74.87587,50.14508],[74.88312,50.1512],[74.88974,50.15796],[74.89947,50.16426],[74.91888,50.17453],[74.93632,50.18442],[74.98386,50.1883],[74.99957,50.20059],[75.06706,50.21336],[75.07098,50.20549],[75.11626,50.21806],[75.1092,50.22516],[75.12121,50.22976],[75.13047,50.23153],[75.13984,50.25482],[75.09697,50.27639],[75.03886,50.29428],[75.01866,50.30272],[74.99165,50.31994],[74.9723,50.32987],[74.95974,50.34674],[74.97323,50.35173],[74.9716,50.36232],[74.96649,50.37306],[74.96766,50.3891],[74.96612,50.41197],[74.95532,50.4283],[74.93912,50.4455],[74.91414,50.46783],[74.87126,50.45443],[74.82652,50.48274],[74.75847,50.54575],[74.72527,50.5286],[74.72826,50.52216],[74.72296,50.51322],[74.70896,50.48039],[74.67776,50.47891],[74.64509,50.46645],[74.63212,50.48878],[74.60078,50.51584],[74.59682,50.55461],[74.62757,50.58896],[74.62783,50.60749],[74.61315,50.61233],[74.60598,50.61534],[74.58099,50.62866],[74.56923,50.62933],[74.55548,50.63218],[74.52672,50.63613],[74.51805,50.63836],[74.48115,50.64513],[74.47153,50.64958],[74.45023,50.66333],[74.40003,50.66229],[74.36816,50.63712],[74.31802,50.62467],[74.30324,50.61949],[74.28667,50.61685],[74.2435,50.62035],[74.11181,50.61521],[74.05792,50.61231],[74.03811,50.61182],[74.0222,50.61022],[73.99397,50.61076],[73.96412,50.62595],[73.8942,50.66442],[73.88077,50.69771],[73.92283,50.73226],[73.94421,50.74931],[73.94339,50.75472],[73.93558,50.7606],[73.92121,50.77965],[73.99357,50.83255],[73.99483,50.82974],[73.99925,50.83131],[74.00135,50.83419],[74.00769,50.8367],[74.02687,50.8387],[74.03625,50.84386],[74.0396,50.84658],[74.04309,50.84468],[74.04481,50.84205],[74.04749,50.8446],[74.05603,50.84347],[74.06025,50.84375],[74.06219,50.84193],[74.06275,50.83775],[74.06681,50.8383],[74.06572,50.84258],[74.05935,50.84736],[74.05569,50.84882],[74.05368,50.85284],[74.05745,50.85576],[74.06258,50.85825],[74.06512,50.85781],[74.06607,50.86443],[74.05764,50.86464],[74.05294,50.86535],[74.05062,50.86704],[74.05185,50.87036],[74.05735,50.87411],[74.06125,50.87514],[74.06833,50.87481],[74.07216,50.87797],[74.0706,50.88048],[74.06215,50.88385],[74.06028,50.88399],[74.0558,50.89108],[74.05455,50.89759],[74.05676,50.90146],[74.04784,50.90398],[74.04803,50.9075],[74.05032,50.90971],[74.06345,50.91469],[74.06267,50.91769],[74.06645,50.91773],[74.07789,50.91601],[74.08108,50.91937],[74.08495,50.9207],[74.08393,50.92295],[74.08086,50.92336],[74.08009,50.92694],[74.08449,50.93066],[74.08798,50.93241],[74.08519,50.93405],[74.08484,50.93648],[74.08827,50.93848],[74.09325,50.93878],[74.09489,50.94336],[74.09368,50.94939],[74.09117,50.95229],[74.08749,50.95183],[74.0849,50.95382],[74.07306,50.95305],[74.07146,50.95594],[74.07389,50.96039],[74.07424,50.96427],[74.07112,50.9647],[74.06601,50.96132],[74.05879,50.95813],[74.0605,50.95556],[74.05469,50.94968],[74.05796,50.94789],[74.05524,50.94542],[74.05425,50.94154],[74.0499,50.93951],[74.04602,50.93941],[74.04052,50.94197],[74.03286,50.94223],[74.03329,50.94644],[74.0294,50.94532],[74.0229,50.94178],[74.01547,50.94416],[74.01449,50.94781],[74.01187,50.94713],[74.0043,50.9493],[74.00102,50.94929],[73.99029,50.95275],[74.0033,50.97056],[74.00586,50.97513],[74.00911,50.97582],[74.01653,50.99145],[74.01826,50.99667],[74.01672,50.99786],[74.01963,51.00035],[74.02393,51.00056],[74.02719,51.00186],[74.02547,51.00402],[74.02221,51.00337],[74.01809,51.00391],[74.01723,51.00532],[74.01963,51.00866],[74.01912,51.01137],[74.01277,51.01525],[74.01122,51.02076],[74.00092,51.02627],[73.99972,51.03566],[74.00058,51.04494],[74.04864,51.09844],[74.04401,51.10459],[74.0459,51.11795],[74.04041,51.11795],[74.03717,51.12159],[74.03375,51.12227],[74.02122,51.1357],[74.0162,51.14423],[74.01637,51.15217],[74.01706,51.15748],[74.01116,51.1591],[74.00405,51.16274],[74.00422,51.16433],[74.00076,51.16725],[73.99979,51.16924],[74.00017,51.17795],[74.00919,51.18756],[74.01012,51.19178],[74.01495,51.19662],[74.01932,51.19812],[74.02551,51.19754],[74.0293,51.19846],[74.03077,51.20173],[73.98686,51.21111],[73.67107,51.27862],[73.53496,51.30751],[73.51214,51.30628],[73.50108,51.30618],[73.4755,51.30979],[73.44081,51.29648],[73.42944,51.25557],[73.41729,51.26685],[73.40107,51.29013],[73.39366,51.30346],[73.37562,51.30049],[73.36135,51.29689],[73.35998,51.2843],[73.35258,51.28229],[73.33719,51.27896],[73.32526,51.27813],[73.3212,51.27504],[73.31685,51.27597],[73.31089,51.27382],[73.30414,51.27431],[73.2993,51.27619],[73.29187,51.2766],[73.28357,51.2744],[73.27648,51.27521],[73.26595,51.27466],[73.22333,51.30477],[73.20898,51.29505],[73.20407,51.28843],[73.19634,51.28952],[73.17447,51.28425],[73.15622,51.27673],[73.16921,51.26144],[73.19672,51.2159],[73.2482,51.23156],[73.26545,51.206],[73.28092,51.17441],[73.28984,51.16854],[73.31246,51.15137],[73.32,51.12104],[73.33376,51.1211],[73.34095,51.12445],[73.347,51.12504],[73.36136,51.16295],[73.388,51.16014],[73.43783,51.1791],[73.57726,51.12276],[73.57807,51.1209],[73.57445,51.11997],[73.57024,51.11639],[73.56675,51.11661],[73.55948,51.11529],[73.55527,51.11677],[73.55425,51.11436],[73.54739,51.11354],[73.5419,51.11132],[73.54124,51.10638],[73.53643,51.10631],[73.53595,51.1051],[73.53141,51.10358],[73.53008,51.09972],[73.52519,51.09682],[73.51891,51.09638],[73.51084,51.09852],[73.50752,51.09776],[73.49877,51.09282],[73.49808,51.09105],[73.49945,51.08727],[73.49584,51.08634],[73.49411,51.0843],[73.4895,51.08293],[73.4882,51.08005],[73.48402,51.07796],[73.48518,51.0754],[73.47878,51.0722],[73.47692,51.06606],[73.47303,51.06399],[73.46542,51.06143],[73.46335,51.06177],[73.45638,51.05999],[73.45696,51.05749],[73.4489,51.05598],[73.44387,51.05689],[73.44089,51.0555],[73.43472,51.05084],[73.42998,51.04915],[73.42677,51.04657],[73.42728,51.04375],[73.42174,51.04024],[73.42337,51.03847],[73.41716,51.03571],[73.41418,51.03113],[73.40909,51.03008],[73.40509,51.02779],[73.39934,51.02687],[73.39809,51.02478],[73.39425,51.02537],[73.38732,51.02496],[73.38613,51.02389],[73.37955,51.02452],[73.37962,51.02301],[73.37513,51.02199],[73.37402,51.02333],[73.36694,51.02099],[73.36048,51.02101],[73.35645,51.02027],[73.35506,51.01858],[73.34924,51.01941],[73.3482,51.01804],[73.34022,51.01722],[73.33903,51.01534],[73.32957,51.01334],[73.32687,51.01356],[73.32089,51.01208],[73.31389,51.01281],[73.31459,51.01657],[73.30849,51.0153],[73.30489,51.01525],[73.30194,51.01284],[73.29845,51.01283],[73.2861,51.01012],[73.28354,51.01117],[73.27233,51.00855],[73.26863,51.0086],[73.25742,51.00527],[73.24569,51.00339],[73.23807,51.00141],[73.23532,51.00251],[73.22795,51.00077],[73.22458,51.00148],[73.21999,51.00121],[73.21013,50.99883],[73.20629,50.99861],[73.20157,50.99714],[73.19622,50.99819],[73.18997,50.99736],[73.18645,50.99469],[73.18155,50.99512],[73.17566,50.99292],[73.17037,50.99388],[73.1692,50.92163],[73.05041,50.89268],[73.00514,50.88314],[72.98298,50.86338],[72.97961,50.8617],[72.79236,50.88739],[72.77653,50.873],[72.77411,50.87022],[72.76966,50.85951],[72.75244,50.84567],[72.72176,50.83563],[72.71691,50.81859],[72.70161,50.80506],[72.68656,50.78574],[72.67648,50.76961],[72.66244,50.74963],[72.52445,50.73446],[72.51919,50.71161],[72.51554,50.71176],[72.51364,50.71336],[72.51298,50.71884],[72.51155,50.7212],[72.50503,50.72326],[72.50547,50.73428],[72.49491,50.74424],[72.48171,50.74024],[72.47537,50.73694],[72.46437,50.72697],[72.45459,50.72035],[72.44811,50.71439],[72.43844,50.70682],[72.41057,50.68821],[72.39923,50.67779],[72.40003,50.66937],[72.40317,50.6638],[72.40466,50.65874],[72.40326,50.65658],[72.42461,50.64102],[72.42878,50.63854],[72.46135,50.62345],[72.47276,50.61633],[72.47537,50.61395],[72.4787,50.60801],[72.44583,50.56493],[72.379,50.55606],[72.2668,50.59369],[72.23616,50.56188],[72.16995,50.53926],[72.19443,50.45638],[72.20279,50.4552],[72.18483,50.45109],[72.11707,50.44526],[72.12284,50.40952],[72.10507,50.41178],[72.1021,50.41305],[72.0818,50.42699],[72.05898,50.44503],[72.03893,50.45578],[72.024,50.45928],[72.01702,50.46248],[72.01173,50.46694],[71.93655,50.46629],[71.92238,50.46554],[71.89423,50.46635],[71.87562,50.46573],[71.80864,50.46505],[71.79968,50.42409],[71.71023,50.42905],[71.72096,50.44524],[71.73992,50.45277],[71.75357,50.4668],[71.77302,50.49],[71.77983,50.5056],[71.78696,50.55574],[71.81644,50.58926],[71.80659,50.59885],[71.80147,50.61],[71.78775,50.61572],[71.76915,50.61727],[71.75909,50.62646],[71.79263,50.6525],[71.82104,50.66334],[71.83661,50.6827],[71.81775,50.70271],[71.79512,50.69382],[71.76252,50.72472],[71.73567,50.75434],[71.71359,50.74671],[71.67611,50.75015],[71.65851,50.7549],[71.65337,50.78523],[71.65155,50.78889],[71.55537,50.77332],[71.54111,50.79184],[71.5268,50.79362],[71.51162,50.78292],[71.50082,50.77788],[71.4932,50.76922],[71.47952,50.76446],[71.47675,50.75973],[71.45807,50.75184],[71.45035,50.75466],[71.43915,50.75168],[71.414,50.74561],[71.40575,50.74742],[71.40736,50.75006],[71.33542,50.72176],[71.34019,50.70144],[71.32809,50.67522],[71.33143,50.65155],[71.22879,50.6517],[71.21161,50.60633],[71.1274,50.60922],[71.05838,50.55679],[71.05632,50.55343],[71.0639,50.50748],[70.95174,50.47721],[70.94868,50.47163],[70.92058,50.46859],[70.85371,50.47701],[70.84257,50.46059],[70.8237,50.45094],[70.79565,50.4405],[70.78283,50.43877],[70.76949,50.44133],[70.77032,50.4167],[70.76999,50.39221],[70.75192,50.28716],[70.75057,50.25025],[70.73,50.23116],[70.69153,50.26965],[70.67208,50.28504],[70.64877,50.29277],[70.62677,50.28786],[70.48648,50.23926],[70.47529,50.23474],[70.49975,50.20781],[70.54832,50.14898],[70.52783,50.13319],[70.50024,50.12311],[70.43843,50.09678],[70.40342,50.09286],[70.39644,50.09065],[70.39496,50.09274],[70.38804,50.09282],[70.37814,50.08581],[70.36085,50.08296],[70.35498,50.08494],[70.35021,50.08423],[70.34907,50.07903],[70.34574,50.07296],[70.33754,50.06961],[70.32573,50.07179],[70.32024,50.07338],[70.30827,50.06957],[70.30658,50.06538],[70.29892,50.06013],[70.2886,50.05859],[70.28591,50.06142],[70.27942,50.06263],[70.27163,50.05966],[70.26908,50.06046],[70.26349,50.05861],[70.26205,50.05621],[70.25292,50.05503],[70.24742,50.05611],[70.23809,50.05481],[70.2302,50.04823],[70.22523,50.04735],[70.21956,50.04735],[70.21218,50.05319],[70.20377,50.05231],[70.20033,50.05054],[70.1969,50.04613],[70.19364,50.04492],[70.18386,50.04437],[70.17802,50.04095],[70.17441,50.04073],[70.17287,50.04194],[70.16841,50.04073],[70.16652,50.04272],[70.16102,50.04426],[70.15914,50.04316],[70.15175,50.04183],[70.14815,50.03919],[70.14575,50.03919],[70.14008,50.0415],[70.13648,50.04062],[70.13322,50.04128],[70.12841,50.04404],[70.12274,50.04536],[70.11948,50.04889],[70.11828,50.05352],[70.11519,50.05539],[70.11399,50.06002],[70.1109,50.06696],[70.11296,50.06972],[70.11759,50.07291],[70.11965,50.07567],[70.13064,50.07655],[70.13716,50.07886],[70.13836,50.08239],[70.13476,50.08701],[70.12875,50.09076],[70.12412,50.09263],[70.11931,50.09924],[70.11691,50.10111],[70.11759,50.10562],[70.11433,50.10915],[70.11485,50.11157],[70.11914,50.11498],[70.12154,50.11817],[70.12618,50.12004],[70.13081,50.12379],[70.13236,50.12599],[70.1327,50.12951],[70.13476,50.13281],[70.13476,50.13644],[70.13665,50.13908],[70.13596,50.14249],[70.13287,50.14557],[70.13665,50.15008],[70.14918,50.15481],[70.1509,50.16053],[70.14969,50.16482],[70.14643,50.16933],[70.14472,50.17043],[70.1454,50.17307],[70.14763,50.17395],[70.14935,50.17691],[70.14935,50.17944],[70.15141,50.18285],[70.15587,50.18428],[70.16463,50.18549],[70.16755,50.19065],[70.17012,50.19263],[70.17321,50.19868],[70.17184,50.20076],[70.16583,50.20142],[70.16308,50.20296],[70.15896,50.20999],[70.15536,50.21186],[70.14386,50.21669],[70.14111,50.21647],[70.13407,50.21263],[70.13304,50.2112],[70.1339,50.20824],[70.13047,50.20615],[70.12412,50.2056],[70.1224,50.20373],[70.11725,50.20219],[70.11656,50.20043],[70.11141,50.20043],[70.10506,50.20186],[70.0927,50.20076],[70.08378,50.20219],[70.08223,50.20417],[70.08498,50.20922],[70.09133,50.21296],[70.09785,50.21615],[70.09802,50.21856],[70.09579,50.22856],[70.09442,50.23218],[70.08618,50.24118],[70.08429,50.24228],[70.07794,50.24371],[70.07296,50.25271],[70.07004,50.25611],[70.06163,50.25765],[70.05768,50.25699],[70.05253,50.25337],[70.04412,50.24964],[70.03022,50.24536],[70.02902,50.24448],[70.02301,50.24448],[70.01889,50.24678],[70.01219,50.24722],[70.01013,50.24656],[70.00275,50.24206],[69.99159,50.23833],[69.98438,50.2369],[69.97733,50.2369],[69.97647,50.23541],[69.9661,50.23439],[69.96149,50.23261],[69.94858,50.23192],[69.7961,50.20871],[69.73924,50.19559],[69.73643,50.19539],[69.734,50.19837],[69.72944,50.20107],[69.72202,50.20133],[69.71458,50.19986],[69.7143,50.19712],[69.71107,50.1962],[69.70878,50.19753],[69.70656,50.1954],[69.70178,50.19373],[69.69836,50.19014],[69.69039,50.19106],[69.68509,50.18986],[69.68161,50.19039],[69.67905,50.19235],[69.67934,50.19472],[69.67436,50.19571],[69.67127,50.1934],[69.66595,50.19417],[69.66269,50.19571],[69.65668,50.19527],[69.65188,50.19285],[69.64776,50.19351],[69.63454,50.19857],[69.62802,50.19747],[69.62596,50.19483],[69.62149,50.19395],[69.61583,50.19626],[69.61222,50.19846],[69.60742,50.1989],[69.60126,50.19758],[69.60074,50.28237],[69.58454,50.28899],[69.51878,50.29517],[69.48553,50.36151],[69.44706,50.37698],[69.42118,50.3336],[69.3722,50.38762],[69.26617,50.35827],[69.24502,50.30002],[69.29364,50.30337],[69.30407,50.24603],[69.25938,50.23483],[69.21419,50.23725],[69.18454,50.25997],[69.16458,50.23248],[69.15285,50.17815],[69.10904,50.19697],[69.08133,50.19502],[69.0813,50.17921],[69.05054,50.19059],[68.96513,50.17627],[68.85195,50.20533],[68.82425,50.20233],[68.78889,50.22134],[68.7503,50.21405],[68.75171,50.23925],[68.71624,50.24411],[68.67393,50.24401],[68.69061,50.27665],[68.72978,50.30194],[68.73685,50.42003],[68.76056,50.47097],[68.7495,50.51244],[68.77335,50.54806],[68.79239,50.56015],[68.80128,50.79953],[68.51239,50.80408],[68.47755,50.77752],[68.48154,50.767],[68.47786,50.7629],[68.46115,50.75831],[68.43127,50.7557],[68.40495,50.74644],[68.3728,50.73907],[68.36239,50.73129],[68.33054,50.72329],[68.3278,50.7116],[68.25591,50.65707],[68.21818,50.65006],[68.21058,50.64184],[68.17591,50.6344],[68.14512,50.61889],[68.11599,50.61903],[68.08167,50.63036],[68.04612,50.66107],[68.02911,50.6554],[67.98783,50.66049],[67.94696,50.65319],[67.91676,50.65695],[67.89076,50.65638],[67.90144,50.65467],[67.90537,50.65274],[67.90566,50.65088],[67.90132,50.6478],[67.90154,50.64497],[67.90711,50.64084],[67.91299,50.64008],[67.91629,50.63702],[67.91502,50.63291],[67.91647,50.63094],[67.92103,50.62786],[67.92059,50.62471],[67.91666,50.62121],[67.91709,50.61838],[67.9276,50.61526],[67.93527,50.6092],[67.93642,50.60358],[67.94115,50.60089],[67.94284,50.59583],[67.93801,50.59163],[67.93784,50.58505],[67.93353,50.58007],[67.93758,50.57686],[67.93784,50.57434],[67.93469,50.57234],[67.93306,50.56992],[67.9343,50.56711],[67.93439,50.56309],[67.93617,50.55624],[67.93867,50.55301]]]},"properties":{"area_code":"karaganda","area_name":"Karaganda","boundary_source_name":"Karaganda Region","area_unit_id":"kz-region-2009-geoboundaries-adm1:karaganda","boundary_set_id":"kz-region-2009-geoboundaries-adm1","boundary_level":"region","boundary_vintage":"2009 census 16-region frame (geoBoundaries ADM1, 2017)","land_area_sq_km":427615.6659391098}},
{"type":"Feature","geometry":{"type":"Polygon","coordinates":[[[66.00679,52.43435],[66.02085,52.74223],[66.01859,52.75179],[66.01877,52.76092],[66.12868,52.7644],[66.1254,52.82878],[66.11838,52.89355],[66.30791,52.88625],[66.32136,52.96994],[66.19548,52.9746],[66.10854,52.97863],[66.07071,52.98159],[66.05903,53.01982],[66.05051,53.06072],[66.20693,53.09343],[66.20022,53.11093],[66.40214,53.08951],[66.40042,53.15486],[66.2572,53.19373],[66.25728,53.23974],[66.25744,53.33166],[66.2505,53.33894],[66.24927,53.50339],[66.1109,53.50271],[66.10532,53.60588],[66.10859,53.61945],[66.13057,53.6441],[66.15924,53.67111],[66.17371,53.67088],[66.17926,53.80558],[66.09167,53.80506],[66.04751,53.80324],[66.03835,53.85522],[66.03297,53.89848],[66.02533,53.93267],[66.00213,53.92756],[65.97716,53.9689],[65.96311,53.99905],[66.14982,54.07523],[66.31773,54.10202],[66.26681,54.18329],[66.1911,54.18343],[66.03168,54.25146],[66.05995,54.25572],[66.08509,54.25847],[66.17689,54.29346],[66.0849,54.41927],[66.08688,54.42105],[66.10703,54.44388],[66.09173,54.45671],[66.07383,54.46964],[66.0823,54.47175],[66.09528,54.4807],[66.10991,54.48946],[66.10366,54.50081],[66.07887,54.57127],[66.07958,54.58813],[66.07744,54.60465],[66.07541,54.64049],[65.99864,54.62515],[65.96419,54.63782],[65.98178,54.71704],[65.90581,54.70614],[65.86957,54.70063],[65.84529,54.69724],[65.83077,54.65316],[65.7997,54.62402],[65.78225,54.6249],[65.77968,54.61234],[65.74729,54.60742],[65.71378,54.61669],[65.67509,54.62812],[65.63309,54.64078],[65.62762,54.63894],[65.61355,54.64025],[65.59448,54.63712],[65.57039,54.63696],[65.55375,54.63616],[65.55003,54.63689],[65.53052,54.64952],[65.48955,54.65554],[65.46484,54.64226],[65.45645,54.62438],[65.49482,54.59665],[65.49572,54.57844],[65.50383,54.57092],[65.48109,54.56574],[65.4647,54.56645],[65.42588,54.58122],[65.3794,54.57339],[65.37315,54.57613],[65.3579,54.5774],[65.32863,54.57001],[65.30603,54.5684],[65.26361,54.54662],[65.23801,54.5494],[65.21445,54.54139],[65.21246,54.53177],[65.22334,54.49007],[65.21448,54.47715],[65.21831,54.47035],[65.20128,54.46585],[65.20091,54.45218],[65.22201,54.43699],[65.22907,54.41486],[65.23919,54.37575],[65.26272,54.36242],[65.23413,54.3422],[65.22196,54.33429],[65.19094,54.34286],[65.15002,54.33716],[65.12111,54.33039],[65.10424,54.33453],[65.08684,54.34845],[65.0702,54.36552],[65.05552,54.37568],[65.03575,54.3873],[64.99918,54.40695],[64.99379,54.41035],[64.98831,54.41214],[64.98288,54.41496],[64.97479,54.42418],[64.95609,54.41722],[64.93079,54.41276],[64.90669,54.40069],[64.85447,54.38693],[64.84468,54.38422],[64.80202,54.36829],[64.7832,54.36354],[64.73865,54.35392],[64.70973,54.36157],[64.69714,54.36464],[64.67514,54.36158],[64.65852,54.36055],[64.63507,54.37367],[64.63021,54.3827],[64.62912,54.39253],[64.62415,54.39223],[64.61549,54.39802],[64.61666,54.39417],[64.61464,54.39304],[64.61094,54.39367],[64.60798,54.39141],[64.6053,54.39146],[64.60444,54.38827],[64.60082,54.38612],[64.59829,54.38163],[64.59234,54.3811],[64.59339,54.37848],[64.59631,54.37851],[64.59978,54.37505],[64.59744,54.37311],[64.59474,54.37414],[64.5914,54.37298],[64.58872,54.37536],[64.58608,54.37459],[64.58713,54.37112],[64.58345,54.37028],[64.58202,54.37241],[64.58245,54.37503],[64.57662,54.37414],[64.57747,54.37207],[64.57434,54.37059],[64.57093,54.37088],[64.5639,54.367],[64.56613,54.36353],[64.55314,54.36232],[64.55102,54.36387],[64.54544,54.36489],[64.5434,54.36306],[64.53971,54.3635],[64.53857,54.36168],[64.54022,54.35798],[64.53455,54.35709],[64.53038,54.35894],[64.52793,54.35649],[64.52292,54.35438],[64.51378,54.35784],[64.50904,54.3567],[64.50421,54.35975],[64.50341,54.36269],[64.50069,54.36377],[64.49163,54.36426],[64.48173,54.36656],[64.47859,54.36473],[64.48019,54.36271],[64.47697,54.36096],[64.46739,54.36132],[64.46326,54.35978],[64.46279,54.35563],[64.45991,54.35396],[64.46403,54.3504],[64.46323,54.34601],[64.45721,54.34271],[64.45175,54.33665],[64.45656,54.33389],[64.45374,54.33247],[64.44791,54.33317],[64.44256,54.3327],[64.43479,54.33004],[64.41941,54.32646],[64.40996,54.32688],[64.39998,54.32828],[64.38008,54.33366],[64.36988,54.33412],[64.35894,54.33669],[64.3559,54.33677],[64.35064,54.33476],[64.34216,54.33455],[64.33753,54.33237],[64.33245,54.33294],[64.33307,54.33053],[64.32668,54.33089],[64.32318,54.32987],[64.31592,54.33105],[64.31335,54.33032],[64.309,54.3322],[64.30666,54.33049],[64.29691,54.33062],[64.29349,54.32919],[64.28464,54.32826],[64.2824,54.32732],[64.27632,54.32945],[64.27172,54.32739],[64.26664,54.32695],[64.25475,54.32159],[64.24941,54.32184],[64.23922,54.3193],[64.23494,54.31727],[64.23149,54.31695],[64.23131,54.32105],[64.22872,54.32124],[64.22717,54.32361],[64.20969,54.32191],[64.21036,54.31952],[64.20828,54.3162],[64.20374,54.31432],[64.19797,54.31417],[64.19342,54.3149],[64.19007,54.31333],[64.19032,54.31101],[64.18467,54.3088],[64.18288,54.30943],[64.1761,54.30893],[64.17107,54.30705],[64.16695,54.30859],[64.13359,54.31024],[64.09852,54.31084],[64.09767,54.3146],[64.08931,54.31391],[64.08295,54.31725],[64.07565,54.3183],[64.07112,54.31789],[64.07208,54.31602],[64.07643,54.31495],[64.07866,54.31295],[64.06853,54.31094],[64.06665,54.30874],[64.07008,54.30814],[64.07162,54.30283],[64.06802,54.29863],[64.06218,54.29452],[64.04279,54.2844],[64.02888,54.2834],[64.02253,54.2847],[64.01738,54.28791],[64.01738,54.28991],[64.0124,54.29001],[64.01189,54.29151],[64.01583,54.29572],[64.0203,54.29883],[64.01824,54.30293],[64.02459,54.30554],[64.01978,54.30664],[64.01309,54.30423],[64.0033,54.30223],[63.99884,54.30033],[63.98682,54.30123],[63.98156,54.29898],[63.98193,54.29466],[63.98646,54.29184],[63.98185,54.29101],[63.97618,54.29191],[63.97532,54.28911],[63.97824,54.28199],[63.97824,54.27869],[63.98408,54.27157],[64.01189,54.24821],[64.01978,54.23456],[64.02127,54.23033],[64.01748,54.22242],[64.0124,54.21891],[64.00622,54.2157],[64.0045,54.21138],[63.99609,54.20837],[63.97498,54.20235],[63.96931,54.20184],[63.96142,54.20034],[63.95129,54.20204],[63.95078,54.20526],[63.9446,54.20395],[63.94202,54.20596],[63.93898,54.20135],[63.93378,54.19954],[63.92776,54.20002],[63.93105,54.20461],[63.91829,54.20048],[63.91405,54.19811],[63.90852,54.20206],[63.89772,54.21643],[63.87936,54.22494],[63.8422,54.24725],[63.82534,54.25773],[63.82029,54.26114],[63.81472,54.26614],[63.80327,54.27124],[63.79797,54.27074],[63.79283,54.2715],[63.79389,54.26894],[63.78717,54.2668],[63.78107,54.26712],[63.77077,54.26654],[63.76736,54.26534],[63.75972,54.26705],[63.75765,54.26374],[63.75273,54.26099],[63.74814,54.26136],[63.74385,54.25987],[63.74013,54.25992],[63.73844,54.26211],[63.7344,54.26069],[63.7323,54.26305],[63.728,54.2609],[63.72395,54.25546],[63.71727,54.25294],[63.70955,54.25214],[63.70661,54.25405],[63.70389,54.25401],[63.70319,54.25022],[63.68067,54.24664],[63.6769,54.2466],[63.67292,54.24451],[63.6709,54.24512],[63.66417,54.24283],[63.66273,54.24438],[63.65774,54.24367],[63.65408,54.241],[63.6456,54.24277],[63.64704,54.23971],[63.64357,54.23705],[63.63667,54.23474],[63.63437,54.23309],[63.62321,54.22818],[63.61331,54.22923],[63.60914,54.22795],[63.60729,54.22586],[63.59872,54.22282],[63.58848,54.21976],[63.57902,54.2177],[63.57646,54.21925],[63.56879,54.21768],[63.56623,54.21804],[63.56247,54.21533],[63.55662,54.21615],[63.55326,54.21545],[63.54994,54.21256],[63.5385,54.20943],[63.53456,54.21024],[63.53221,54.21356],[63.52789,54.21619],[63.5233,54.21431],[63.51978,54.21073],[63.51851,54.20695],[63.51603,54.206],[63.51051,54.20745],[63.5078,54.20939],[63.50816,54.21141],[63.50275,54.21216],[63.50128,54.21479],[63.4928,54.21571],[63.4928,54.21257],[63.49138,54.2096],[63.48813,54.21108],[63.48715,54.20752],[63.48137,54.20417],[63.47255,54.20272],[63.45683,54.19607],[63.45374,54.19766],[63.4438,54.19736],[63.43469,54.19636],[63.42974,54.19707],[63.42626,54.19443],[63.42248,54.19615],[63.41411,54.19581],[63.41144,54.19145],[63.40365,54.18889],[63.39697,54.1882],[63.38542,54.19104],[63.37781,54.19188],[63.37128,54.18859],[63.36478,54.18732],[63.36272,54.18865],[63.35722,54.18845],[63.35244,54.19191],[63.34652,54.19502],[63.34103,54.19488],[63.33737,54.19782],[63.33714,54.20078],[63.33398,54.20075],[63.32699,54.20209],[63.32591,54.20044],[63.3202,54.19939],[63.3175,54.19762],[63.31416,54.19862],[63.31334,54.1954],[63.30428,54.19631],[63.30278,54.19492],[63.29734,54.19689],[63.29546,54.19585],[63.28975,54.19515],[63.28641,54.19636],[63.27939,54.19556],[63.27545,54.19629],[63.2705,54.19254],[63.26539,54.193],[63.26049,54.19137],[63.25674,54.19219],[63.25491,54.19108],[63.24988,54.19155],[63.24851,54.19481],[63.23581,54.19487],[63.23307,54.19724],[63.22792,54.19598],[63.22295,54.19639],[63.2209,54.19421],[63.2253,54.19104],[63.22311,54.18913],[63.21527,54.18778],[63.21518,54.18889],[63.20584,54.1858],[63.1864,54.1861],[63.18231,54.19101],[63.17919,54.19072],[63.1706,54.19363],[63.16746,54.1913],[63.161,54.19053],[63.15787,54.18949],[63.15327,54.1835],[63.151,54.18263],[63.15253,54.1793],[63.15446,54.17893],[63.15505,54.17568],[63.15303,54.17284],[63.15025,54.16382],[63.15128,54.16272],[63.15785,54.16265],[63.16057,54.16013],[63.15961,54.15827],[63.16566,54.15528],[63.16547,54.15345],[63.16907,54.15301],[63.16716,54.15082],[63.1618,54.14929],[63.16436,54.14729],[63.16213,54.1454],[63.15599,54.14274],[63.15444,54.13887],[63.15821,54.13662],[63.15552,54.13413],[63.15878,54.13219],[63.15843,54.12975],[63.15175,54.12289],[63.14914,54.12218],[63.14598,54.1236],[63.1434,54.12194],[63.13907,54.12343],[63.1272,54.12149],[63.12403,54.11918],[63.11669,54.11912],[63.1111,54.11582],[63.1046,54.11559],[63.09933,54.11152],[63.09298,54.11186],[63.09269,54.10847],[63.07957,54.10412],[63.07571,54.10531],[63.0719,54.10528],[63.06892,54.10287],[63.05121,54.10069],[63.04245,54.10138],[63.03867,54.10359],[63.0326,54.10319],[63.02889,54.10504],[63.02435,54.1053],[63.01485,54.10804],[63.00243,54.10852],[63.00272,54.10684],[62.99797,54.1067],[62.99461,54.10531],[62.99012,54.10672],[62.98805,54.10558],[62.9847,54.10777],[62.98041,54.10852],[62.98069,54.11053],[62.97585,54.11159],[62.96899,54.10795],[62.96246,54.10739],[62.95686,54.10842],[62.95263,54.11318],[62.94865,54.11374],[62.9455,54.1124],[62.94001,54.11565],[62.93617,54.11639],[62.92914,54.11297],[62.92162,54.11567],[62.91929,54.11791],[62.905,54.1179],[62.90167,54.11586],[62.89955,54.11253],[62.89398,54.115],[62.89196,54.11736],[62.8865,54.11852],[62.87597,54.11844],[62.8762,54.11682],[62.87313,54.11359],[62.8666,54.11596],[62.85902,54.11771],[62.85466,54.11477],[62.843,54.11614],[62.84042,54.11382],[62.83597,54.11319],[62.83051,54.1134],[62.82348,54.11534],[62.8214,54.11302],[62.814,54.11121],[62.80606,54.11181],[62.80797,54.10886],[62.80456,54.10783],[62.80249,54.10371],[62.79628,54.1028],[62.79857,54.10083],[62.79024,54.09826],[62.78839,54.09869],[62.78439,54.09602],[62.78031,54.09709],[62.77798,54.09459],[62.77354,54.09614],[62.77157,54.09447],[62.76528,54.09243],[62.76278,54.09443],[62.75775,54.09514],[62.75536,54.09399],[62.75192,54.09491],[62.74811,54.09302],[62.7416,54.09116],[62.7388,54.09308],[62.73292,54.09342],[62.73087,54.09192],[62.72529,54.09053],[62.72407,54.09159],[62.72786,54.09367],[62.72264,54.09442],[62.71866,54.09167],[62.71037,54.09491],[62.70912,54.09607],[62.69541,54.09579],[62.6892,54.09435],[62.6864,54.09276],[62.67805,54.09231],[62.67294,54.09087],[62.66786,54.09068],[62.66208,54.09237],[62.66297,54.08939],[62.65998,54.08815],[62.65881,54.08598],[62.64627,54.08148],[62.64323,54.08113],[62.64142,54.08379],[62.63911,54.08335],[62.63306,54.07805],[62.62621,54.07702],[62.6173,54.07305],[62.61205,54.07192],[62.60456,54.07307],[62.59672,54.07182],[62.59388,54.06951],[62.59277,54.06541],[62.58893,54.06297],[62.58631,54.06004],[62.58244,54.05989],[62.57349,54.05761],[62.56869,54.04667],[62.5771,54.03806],[62.58095,54.00584],[62.58369,54.00608],[62.58836,54.00366],[62.59504,53.99551],[62.59375,53.99387],[62.59441,53.98974],[62.58739,53.98675],[62.5872,53.98264],[62.58423,53.97546],[62.58457,53.97188],[62.57838,53.97019],[62.58471,53.96503],[62.58274,53.96335],[62.57837,53.96345],[62.57957,53.95932],[62.57795,53.95745],[62.57048,53.95619],[62.56808,53.95417],[62.56701,53.95025],[62.56262,53.94868],[62.56245,53.94124],[62.56007,53.93816],[62.5543,53.93369],[62.54523,53.93062],[62.5396,53.9305],[62.53694,53.92832],[62.52618,53.9237],[62.52388,53.91829],[62.51661,53.91353],[62.51058,53.91322],[62.4748,53.93145],[62.46396,53.92689],[62.44583,53.92713],[62.43555,53.94277],[62.39468,54.00339],[62.45671,54.01378],[62.46422,54.01655],[62.48669,54.02772],[62.49391,54.03248],[62.41926,54.04721],[62.40154,54.04673],[62.39831,54.04825],[62.39413,54.04722],[62.3894,54.0478],[62.3847,54.04612],[62.38117,54.04374],[62.37497,54.04202],[62.36482,54.03809],[62.36141,54.03936],[62.35553,54.03696],[62.35188,54.03755],[62.35167,54.03997],[62.34523,54.03766],[62.34921,54.03448],[62.33922,54.03227],[62.33218,54.03204],[62.33055,54.03357],[62.32206,54.0321],[62.31442,54.03312],[62.30937,54.03213],[62.29524,54.03319],[62.29334,54.03537],[62.28373,54.03441],[62.27955,54.03645],[62.27751,54.03416],[62.26938,54.03347],[62.26559,54.03438],[62.25912,54.0341],[62.25805,54.03656],[62.24206,54.03495],[62.23341,54.0337],[62.2297,54.03375],[62.22595,54.0354],[62.22744,54.03912],[62.22248,54.03853],[62.21742,54.03935],[62.2133,54.03898],[62.2108,54.03735],[62.20858,54.03305],[62.20577,54.0312],[62.19417,54.03184],[62.19126,54.03076],[62.1901,54.0336],[62.1845,54.03237],[62.18178,54.03032],[62.17546,54.02857],[62.17199,54.03214],[62.16825,54.03173],[62.16642,54.03419],[62.16897,54.03582],[62.16545,54.03739],[62.16278,54.0352],[62.15893,54.03595],[62.15358,54.03345],[62.14446,54.03493],[62.14432,54.03717],[62.13978,54.03605],[62.1302,54.0377],[62.13195,54.04146],[62.11918,54.04115],[62.10822,54.04602],[62.10592,54.04443],[62.09892,54.04265],[62.09292,54.04365],[62.08981,54.04313],[62.08796,54.045],[62.08911,54.04774],[62.0837,54.049],[62.07626,54.04956],[62.07226,54.04913],[62.0713,54.04202],[62.06849,54.03973],[62.06156,54.04071],[62.06023,54.03808],[62.05227,54.03808],[62.05027,54.04086],[62.04445,54.03969],[62.03934,54.03686],[62.03967,54.03456],[62.03638,54.03456],[62.02891,54.03702],[62.02496,54.03677],[62.01911,54.03781],[62.01329,54.03985],[62.00606,54.03781],[62.01575,54.00879],[62.02599,53.98579],[62.04419,53.94849],[61.93196,53.95024],[61.92677,53.95501],[61.85745,53.96206],[61.8624,53.96761],[61.86239,53.96987],[61.86691,53.971],[61.86985,53.97376],[61.87168,53.97709],[61.87431,53.97784],[61.87643,53.98131],[61.87428,53.98399],[61.87767,53.98604],[61.87844,53.98895],[61.88386,53.99359],[61.88603,53.99823],[61.88451,54.00019],[61.89021,54.00278],[61.89297,54.00908],[61.88954,54.01267],[61.87978,54.01479],[61.87522,54.01624],[61.86429,54.01605],[61.85933,54.01306],[61.85815,54.00882],[61.85408,54.00792],[61.85026,54.00844],[61.84455,54.01177],[61.84431,54.01333],[61.84871,54.01962],[61.84758,54.02173],[61.85272,54.02505],[61.85245,54.02914],[61.85059,54.03083],[61.84591,54.03172],[61.83245,54.02616],[61.82579,54.02396],[61.82209,54.02037],[61.81866,54.01915],[61.7822,53.98456],[61.74609,54.00039],[61.74101,54.01614],[61.72578,54.0299],[61.71278,54.02219],[61.70065,54.01886],[61.68084,54.01716],[61.66723,54.01707],[61.66551,54.0195],[61.66675,54.02701],[61.66018,54.02982],[61.65219,54.02237],[61.64349,54.01892],[61.64018,54.01576],[61.63941,54.01203],[61.63788,54.01024],[61.63207,54.00763],[61.6319,54.00406],[61.63021,54.00002],[61.62354,53.99517],[61.61929,53.99383],[61.61385,53.99047],[61.61354,53.98753],[61.6172,53.98429],[61.61616,53.97779],[61.61335,53.97376],[61.61404,53.97144],[61.61179,53.96847],[61.57187,53.9685],[61.56978,54.00787],[61.54127,54.00798],[61.54463,54.01026],[61.55096,54.01214],[61.48,54.02997],[61.48336,54.05054],[61.47356,54.07027],[61.48071,54.07522],[61.48007,54.08297],[61.47565,54.08313],[61.47167,54.08204],[61.46659,54.08216],[61.46338,54.08332],[61.45346,54.0826],[61.44852,54.08368],[61.44114,54.08329],[61.43654,54.08365],[61.43117,54.08258],[61.42456,54.08441],[61.41888,54.08239],[61.40709,54.08656],[61.40027,54.08686],[61.39486,54.08448],[61.38484,54.08539],[61.37931,54.08469],[61.3719,54.0819],[61.36696,54.08099],[61.36566,54.07878],[61.35996,54.07455],[61.3545,54.07582],[61.34953,54.07512],[61.34616,54.07375],[61.34099,54.07657],[61.33898,54.07862],[61.33336,54.07917],[61.32612,54.07871],[61.31787,54.07711],[61.30947,54.07209],[61.3012,54.0708],[61.29968,54.07237],[61.29357,54.07388],[61.26595,54.0412],[61.25282,54.0384],[61.24559,54.03766],[61.24247,54.02848],[61.25995,54.01453],[61.26242,54.01089],[61.25808,54.00934],[61.27289,53.99139],[61.26415,53.96874],[61.26755,53.96143],[61.26916,53.95612],[61.27993,53.92886],[61.20651,53.91814],[61.17185,53.94252],[61.18059,53.97223],[61.09996,53.97456],[61.09968,53.97059],[61.08006,53.97052],[61.08763,53.96377],[61.08826,53.95621],[61.07988,53.94463],[61.06456,53.94493],[61.05565,53.95869],[61.03698,53.95857],[61.02843,53.95528],[60.99726,53.93603],[60.99553,53.92051],[60.99538,53.90662],[61.03652,53.9085],[61.05747,53.89413],[61.13536,53.90424],[61.17969,53.85239],[61.20759,53.84705],[61.21043,53.8383],[61.23673,53.84173],[61.23261,53.82113],[61.22719,53.79567],[61.19618,53.77986],[61.16958,53.77248],[61.13401,53.73774],[61.11518,53.72155],[61.05841,53.72143],[61.04228,53.65297],[60.99845,53.65075],[60.9953,53.67294],[60.89634,53.66761],[60.90043,53.6278],[61.01876,53.61985],[61.03074,53.61888],[61.09016,53.61503],[61.12091,53.61549],[61.12674,53.58967],[61.16278,53.57761],[61.16214,53.57476],[61.16877,53.57474],[61.1713,53.57397],[61.18825,53.57234],[61.19388,53.56898],[61.20079,53.5664],[61.20847,53.56624],[61.21555,53.56364],[61.22007,53.56374],[61.22833,53.56484],[61.22783,53.56717],[61.23158,53.56697],[61.24182,53.56405],[61.24741,53.56506],[61.25122,53.56456],[61.25786,53.5654],[61.26289,53.56405],[61.26606,53.56421],[61.26992,53.56683],[61.27217,53.56712],[61.27504,53.56477],[61.27994,53.56368],[61.28757,53.56516],[61.29008,53.56453],[61.29206,53.56209],[61.29714,53.56284],[61.30688,53.55989],[61.31097,53.56151],[61.31536,53.56087],[61.31798,53.56184],[61.323,53.56018],[61.32451,53.5609],[61.33077,53.55852],[61.33434,53.55902],[61.33872,53.5578],[61.34636,53.56002],[61.34951,53.55871],[61.35234,53.56067],[61.35765,53.56141],[61.38452,53.59367],[61.3909,53.60188],[61.50704,53.59582],[61.51044,53.58989],[61.55276,53.59266],[61.56417,53.53875],[61.58094,53.5405],[61.59232,53.526],[61.55851,53.50736],[61.56079,53.50506],[61.56831,53.50446],[61.56602,53.49725],[61.55546,53.49786],[61.55611,53.50223],[61.5487,53.5071],[61.53128,53.50482],[61.51574,53.49269],[61.5175,53.47347],[61.50542,53.47302],[61.48989,53.47585],[61.4648,53.46165],[61.45425,53.46835],[61.42634,53.46239],[61.42752,53.45575],[61.36632,53.46736],[61.36745,53.48021],[61.3577,53.49328],[61.31385,53.507],[61.32428,53.51703],[61.32207,53.51949],[61.31493,53.51695],[61.30651,53.51482],[61.30373,53.51275],[61.29756,53.51171],[61.29482,53.51237],[61.29296,53.51511],[61.28772,53.51222],[61.28269,53.51242],[61.27719,53.51035],[61.27377,53.5103],[61.27101,53.50828],[61.26679,53.50905],[61.25865,53.50804],[61.25653,53.50642],[61.24193,53.49191],[61.22912,53.48413],[61.22098,53.45522],[61.22185,53.44319],[61.21667,53.43722],[61.2157,53.4314],[61.20322,53.42899],[61.20384,53.42488],[61.15471,53.40555],[61.16907,53.35688],[61.17705,53.31096],[61.22514,53.28283],[61.28852,53.28566],[61.34094,53.28491],[61.40036,53.27369],[61.45647,53.23865],[61.52671,53.21525],[61.63016,53.22328],[61.63834,53.25009],[61.6636,53.26526],[61.6731,53.2659],[61.70183,53.24982],[61.71983,53.24474],[61.73151,53.23905],[61.74995,53.2066],[61.78336,53.1843],[61.91505,53.14181],[62.02511,53.14246],[62.11886,53.11197],[62.14703,53.0683],[62.13027,52.98936],[62.03001,52.95095],[61.96069,52.95003],[61.89869,52.97935],[61.84972,53.00397],[61.84232,52.99791],[61.84126,52.99517],[61.83418,52.99286],[61.82842,52.99346],[61.81796,52.99381],[61.81572,52.99729],[61.8116,52.99811],[61.80215,52.99656],[61.79636,52.99769],[61.78671,52.99646],[61.7702,52.99623],[61.76444,52.99676],[61.75594,52.99622],[61.74406,52.99294],[61.73514,52.99148],[61.71656,52.99144],[61.70963,52.99253],[61.7041,52.99586],[61.70177,52.99821],[61.6732,52.96853],[61.6576,52.96722],[61.63213,52.95393],[61.57301,53.00101],[61.55715,53.01212],[61.55101,53.01164],[61.54792,53.01216],[61.53904,53.01515],[61.53406,53.01618],[61.52393,53.01515],[61.51312,53.01959],[61.51243,53.02124],[61.50814,53.02258],[61.4932,53.03043],[61.47295,53.03518],[61.46969,53.03621],[61.38909,52.99196],[61.30592,52.99622],[61.25043,53.03591],[61.24086,53.0295],[61.23743,53.02898],[61.23142,53.02506],[61.22558,53.02434],[61.21322,53.02455],[61.20035,53.01969],[61.1952,53.01577],[61.19211,53.01102],[61.18421,53.00957],[61.18044,53.00813],[61.17546,53.00461],[61.16567,53.00089],[61.16121,53.00048],[61.15761,53.00141],[61.15091,52.99966],[61.1437,52.99873],[61.13289,52.99263],[61.12276,52.98839],[61.12023,52.98597],[61.11606,52.97733],[61.11572,52.97454],[61.11225,52.96921],[61.10417,52.96768],[61.09219,52.9671],[61.08534,52.97322],[61.08155,52.97469],[61.07025,52.97523],[61.06467,52.97624],[61.06064,52.97912],[61.04929,52.98082],[61.04447,52.9796],[61.03736,52.97973],[61.03426,52.97811],[61.02679,52.97723],[61.01679,52.97822],[61.00796,52.97828],[61.0291,52.95088],[61.05491,52.93946],[61.07666,52.92817],[61.07332,52.92324],[61.06937,52.92159],[61.06439,52.92169],[61.06251,52.91952],[61.04688,52.91703],[61.04448,52.91548],[61.04517,52.91237],[61.03779,52.90658],[61.03727,52.90378],[61.03435,52.90306],[61.02543,52.89829],[61.01478,52.89446],[61.01169,52.89519],[61.00706,52.89332],[60.99985,52.88887],[60.99161,52.88669],[60.9868,52.88659],[60.98423,52.88524],[60.98354,52.88296],[60.98028,52.88079],[60.97788,52.87768],[60.97822,52.87437],[60.97616,52.87022],[60.97376,52.86763],[60.97067,52.86649],[60.96586,52.86649],[60.9602,52.85789],[60.95196,52.85416],[60.94097,52.84794],[60.93479,52.84732],[60.93153,52.84628],[60.92552,52.84607],[60.9099,52.83995],[60.90235,52.83446],[60.89737,52.83321],[60.89342,52.83456],[60.89088,52.83408],[60.88792,52.83069],[60.88345,52.83051],[60.87222,52.83278],[60.88526,52.82167],[60.83415,52.77415],[60.82308,52.77531],[60.73381,52.761],[60.71222,52.76453],[60.71489,52.66261],[60.74436,52.65147],[60.74425,52.63179],[60.7492,52.62909],[60.75609,52.62858],[60.76146,52.62669],[60.7686,52.62756],[60.77884,52.63041],[60.78623,52.63067],[60.79924,52.62868],[60.80554,52.63153],[60.80931,52.63057],[60.81102,52.63185],[60.8171,52.6312],[60.82286,52.63508],[60.83093,52.63696],[60.83316,52.63904],[60.83608,52.63748],[60.84003,52.63821],[60.84341,52.64111],[60.84144,52.52173],[60.98097,52.50769],[60.9826,52.49274],[60.99118,52.42363],[61.06735,52.3476],[61.06058,52.34511],[61.04683,52.33825],[61.03274,52.3302],[61.01971,52.32958],[61.01065,52.32607],[61.0084,52.3187],[61.00559,52.31459],[60.99725,52.30954],[60.99043,52.30778],[60.98847,52.30621],[60.98643,52.30123],[60.98632,52.29854],[60.98182,52.29309],[60.97895,52.28832],[60.97306,52.28373],[60.96418,52.2801],[60.96331,52.27708],[60.95782,52.27477],[60.95232,52.27067],[60.94547,52.2675],[60.94082,52.26637],[60.93327,52.26342],[60.92778,52.26395],[60.92314,52.26143],[60.91576,52.25838],[60.90941,52.25691],[60.90272,52.25447],[60.8967,52.25145],[60.89327,52.25134],[60.88332,52.24932],[60.87937,52.24955],[60.87456,52.24829],[60.86731,52.24371],[60.86125,52.24139],[60.84984,52.23925],[60.84503,52.234],[60.83835,52.23176],[60.83679,52.23011],[60.82718,52.22937],[60.82512,52.228],[60.81706,52.22871],[60.81328,52.2279],[60.80246,52.22811],[60.79817,52.22737],[60.79268,52.2279],[60.78924,52.22969],[60.78358,52.23011],[60.78049,52.22906],[60.77873,52.22635],[60.77947,52.22368],[60.77614,52.22103],[60.77663,52.21874],[60.77453,52.21712],[60.77484,52.21433],[60.772,52.20815],[60.76664,52.20265],[60.76346,52.20178],[60.7584,52.19398],[60.7442,52.18315],[60.74251,52.17948],[60.73797,52.17614],[60.72735,52.17042],[60.72432,52.16226],[60.72005,52.15959],[60.71665,52.15606],[60.59765,52.15655],[60.51039,52.15692],[60.41192,52.10186],[60.39056,52.08807],[60.34025,52.05485],[60.26157,52.01632],[60.1981,51.99078],[60.00169,51.9933],[60.00339,51.97117],[59.99345,51.96498],[60.00185,51.95462],[60.00962,51.94011],[60.03031,51.93585],[60.03272,51.91352],[60.07452,51.88827],[60.0597,51.87],[60.14422,51.87032],[60.14324,51.85916],[60.15695,51.85766],[60.1594,51.87277],[60.15559,51.87311],[60.16176,51.89219],[60.14838,51.89383],[60.14472,51.90041],[60.14472,51.90672],[60.32054,51.83151],[60.42886,51.79832],[60.51846,51.79792],[60.51847,51.77492],[60.50695,51.77342],[60.50491,51.77169],[60.50074,51.77117],[60.49762,51.77187],[60.49016,51.77028],[60.48581,51.76846],[60.48233,51.76798],[60.47545,51.7685],[60.47479,51.76638],[60.47704,51.76317],[60.47111,51.75912],[60.4663,51.75944],[60.46345,51.75637],[60.46181,51.75279],[60.45661,51.74867],[60.45489,51.74446],[60.45566,51.74238],[60.45161,51.73846],[60.45387,51.7357],[60.45307,51.73435],[60.44871,51.73413],[60.44571,51.73086],[60.44149,51.72902],[60.43624,51.72517],[60.43505,51.72298],[60.43183,51.72237],[60.43125,51.71934],[60.42389,51.71719],[60.4212,51.7153],[60.41702,51.71424],[60.41743,51.71252],[60.41237,51.71244],[60.41054,51.71119],[60.40608,51.71091],[60.40463,51.7089],[60.39982,51.70621],[60.39505,51.70766],[60.39002,51.70535],[60.3886,51.70243],[60.38553,51.70051],[60.38212,51.70022],[60.37959,51.6979],[60.37156,51.69583],[60.36217,51.69255],[60.35467,51.69038],[60.35325,51.68901],[60.357,51.68429],[60.35825,51.6804],[60.36379,51.67657],[60.36685,51.67704],[60.3737,51.67529],[60.37786,51.67567],[60.38592,51.67191],[60.38639,51.67045],[60.39078,51.66851],[60.39386,51.66613],[60.39409,51.66438],[60.3975,51.66327],[60.39672,51.66176],[60.3985,51.6581],[60.4009,51.65657],[60.4112,51.65342],[60.41554,51.647],[60.42212,51.6474],[60.52616,51.63813],[60.53803,51.61801],[60.93563,51.61526],[60.93122,51.60975],[60.93008,51.60631],[60.93544,51.60421],[60.9334,51.60044],[60.93054,51.59971],[60.92401,51.59289],[60.92339,51.59016],[60.92023,51.58753],[60.92135,51.58185],[60.91548,51.57833],[60.91353,51.57201],[60.9092,51.56773],[60.91109,51.56246],[60.91114,51.55957],[60.90961,51.55703],[60.91061,51.55325],[60.91558,51.5492],[60.9177,51.54542],[60.91703,51.54164],[60.92106,51.54075],[60.92514,51.53605],[60.9255,51.53376],[60.92893,51.531],[60.9317,51.53024],[60.93244,51.52621],[60.93636,51.52373],[60.93967,51.52402],[60.94346,51.52165],[60.9437,51.51722],[60.94658,51.51584],[60.94681,51.51062],[60.94552,51.50883],[60.947,51.50616],[60.94968,51.50449],[60.95255,51.50107],[60.95164,51.49836],[60.95455,51.49452],[60.9524,51.49342],[60.95169,51.49095],[60.95776,51.49044],[60.95977,51.49184],[60.96359,51.49235],[60.96316,51.4891],[60.9689,51.48729],[60.9764,51.49089],[60.97956,51.49098],[60.98314,51.48857],[60.98572,51.48892],[60.99093,51.48797],[60.99438,51.48431],[60.99265,51.48118],[60.99256,51.47841],[60.99447,51.47684],[60.99493,51.47389],[60.99824,51.47363],[60.99987,51.46866],[61.00879,51.46837],[61.01187,51.46722],[61.01307,51.46485],[61.01654,51.46262],[61.02015,51.46157],[61.02312,51.46218],[61.02193,51.46627],[61.02499,51.46541],[61.027,51.46657],[61.03038,51.46612],[61.03543,51.46388],[61.03972,51.46361],[61.04133,51.46488],[61.05732,51.46417],[61.06159,51.46636],[61.06436,51.46402],[61.06979,51.46369],[61.08092,51.46647],[61.08239,51.4677],[61.08739,51.46806],[61.09017,51.46699],[61.09265,51.46424],[61.0974,51.46277],[61.0997,51.46111],[61.10206,51.45763],[61.10095,51.45423],[61.10346,51.45248],[61.10505,51.44862],[61.10756,51.44777],[61.11034,51.44895],[61.11036,51.45186],[61.11279,51.45347],[61.1166,51.4535],[61.1242,51.4547],[61.12987,51.45784],[61.13369,51.45713],[61.13182,51.45453],[61.13558,51.45448],[61.13742,51.45277],[61.14262,51.4529],[61.14227,51.45478],[61.14568,51.4561],[61.1488,51.45326],[61.15322,51.45383],[61.15358,51.45633],[61.16595,51.45441],[61.17163,51.45501],[61.17993,51.45434],[61.18465,51.45544],[61.18886,51.45748],[61.19136,51.45686],[61.19759,51.45795],[61.2004,51.46072],[61.20298,51.46107],[61.20692,51.45828],[61.20944,51.45421],[61.21598,51.45118],[61.2172,51.44915],[61.22094,51.44899],[61.22395,51.45032],[61.23145,51.45063],[61.23532,51.45141],[61.23817,51.44881],[61.24814,51.44629],[61.252,51.44375],[61.25272,51.44069],[61.25666,51.44088],[61.26165,51.44369],[61.26666,51.44285],[61.26911,51.44052],[61.2746,51.43965],[61.2777,51.43734],[61.28153,51.43851],[61.29289,51.43962],[61.30268,51.43836],[61.30518,51.43959],[61.31097,51.44019],[61.31706,51.44369],[61.31906,51.44376],[61.32529,51.44144],[61.3308,51.4421],[61.33612,51.44132],[61.3418,51.43849],[61.34822,51.4399],[61.35327,51.43902],[61.35632,51.43535],[61.35991,51.4343],[61.36041,51.43147],[61.3656,51.42925],[61.36678,51.42668],[61.37381,51.42554],[61.38084,51.42759],[61.39003,51.42726],[61.38925,51.42302],[61.39088,51.41983],[61.3983,51.42001],[61.40121,51.41799],[61.40636,51.41652],[61.41205,51.41935],[61.41935,51.41956],[61.4217,51.42307],[61.42707,51.42108],[61.43095,51.42097],[61.43165,51.41772],[61.44002,51.41458],[61.4432,51.41152],[61.44785,51.40955],[61.45407,51.40873],[61.46198,51.40985],[61.46633,51.40735],[61.47073,51.40974],[61.47571,51.41092],[61.48715,51.40999],[61.49595,51.40853],[61.50053,51.40926],[61.50523,51.407],[61.52739,51.36629],[61.54901,51.32338],[61.57738,51.30972],[61.68956,51.25568],[61.78709,51.26913],[61.85215,51.31707],[61.8709,51.30302],[61.90415,51.27437],[61.91366,51.26246],[61.92017,51.24202],[61.92407,51.2206],[61.9312,51.20155],[61.9342,51.18669],[61.9421,51.16092],[61.95194,51.14121],[61.9977,51.10839],[61.99474,51.08934],[62.04646,51.07973],[62.07325,51.07305],[62.081,51.11135],[62.10419,51.12889],[62.13116,51.13876],[62.18108,51.12943],[62.28303,51.08016],[62.27558,51.04116],[62.20849,51.01304],[62.22858,50.97842],[62.25667,50.96381],[62.43026,50.85283],[62.31147,50.84144],[62.27649,50.80156],[62.22184,50.81362],[62.23571,50.78559],[62.26326,50.75613],[62.27646,50.72184],[62.22954,50.67602],[62.26693,50.64151],[62.28992,50.6491],[62.35876,50.6642],[62.4398,50.68871],[62.49704,50.5907],[62.49463,50.55622],[62.52526,50.5201],[62.52851,50.51561],[62.5268,50.51089],[62.5232,50.50863],[62.51148,50.50415],[62.50835,50.50432],[62.50366,50.50297],[62.501,50.50079],[62.50123,50.49646],[62.50336,50.49345],[62.5013,50.49001],[62.50495,50.48747],[62.50332,50.48556],[62.50448,50.48307],[62.508,50.48026],[62.50702,50.47787],[62.5101,50.47398],[62.51517,50.4732],[62.51749,50.46762],[62.52303,50.46257],[62.52645,50.46286],[62.52904,50.46033],[62.53736,50.45883],[62.54027,50.45619],[62.5419,50.44797],[62.55091,50.44373],[62.54985,50.43617],[62.55482,50.43244],[62.55456,50.43116],[62.55758,50.42505],[62.55972,50.42291],[62.55675,50.41793],[62.55761,50.41631],[62.56775,50.4117],[62.57126,50.41073],[62.57611,50.40737],[62.58345,50.40661],[62.58783,50.40913],[62.59104,50.40803],[62.5922,50.40425],[62.59581,50.40265],[62.59971,50.4025],[62.60216,50.4007],[62.60323,50.39815],[62.60932,50.39678],[62.60889,50.39531],[62.61409,50.38994],[62.62225,50.38905],[62.62864,50.39031],[62.631,50.38733],[62.63327,50.38674],[62.63709,50.38275],[62.63644,50.38039],[62.64281,50.37668],[62.64293,50.37336],[62.64014,50.36895],[62.64199,50.36508],[62.63932,50.3637],[62.64159,50.36099],[62.63962,50.35841],[62.64371,50.35634],[62.64178,50.35522],[62.6395,50.34994],[62.64473,50.34741],[62.64232,50.34508],[62.64293,50.34377],[62.65005,50.34464],[62.65275,50.34105],[62.65606,50.3382],[62.6634,50.33763],[62.66443,50.33282],[62.66246,50.33035],[62.66722,50.32508],[62.66455,50.32355],[62.66572,50.31849],[62.67086,50.31829],[62.67173,50.31292],[62.66777,50.30979],[62.67121,50.30927],[62.6755,50.30716],[62.67829,50.30784],[62.68233,50.30566],[62.68507,50.30675],[62.69073,50.3051],[62.69481,50.3002],[62.69237,50.29848],[62.69005,50.30033],[62.68825,50.29623],[62.69653,50.29444],[62.6992,50.29121],[62.70893,50.29],[62.71142,50.2858],[62.71369,50.28405],[62.71426,50.2797],[62.71657,50.28002],[62.72125,50.27837],[62.72069,50.27541],[62.72533,50.27377],[62.72373,50.27171],[62.72413,50.26949],[62.72635,50.26858],[62.72901,50.26543],[62.73459,50.26488],[62.73649,50.25951],[62.73352,50.25558],[62.73545,50.25294],[62.73511,50.25047],[62.72691,50.24583],[62.72755,50.24411],[62.73116,50.24287],[62.72443,50.23736],[62.72464,50.23491],[62.72855,50.23344],[62.72476,50.23085],[62.72997,50.23047],[62.73022,50.22575],[62.72824,50.22379],[62.73263,50.22048],[62.73631,50.22033],[62.7403,50.2172],[62.73967,50.21543],[62.73606,50.2132],[62.73768,50.21121],[62.74099,50.2111],[62.74648,50.20968],[62.74978,50.20734],[62.74949,50.2048],[62.75391,50.20301],[62.75863,50.19623],[62.76387,50.19705],[62.76777,50.19386],[62.77274,50.19572],[62.77442,50.1927],[62.77739,50.19433],[62.78048,50.19312],[62.78437,50.19319],[62.78566,50.18982],[62.79171,50.18858],[62.79274,50.18638],[62.78953,50.18573],[62.78708,50.18709],[62.78464,50.18449],[62.78575,50.18182],[62.78128,50.18143],[62.78364,50.17885],[62.78207,50.17729],[62.7842,50.17324],[62.78588,50.17199],[62.79034,50.17151],[62.79412,50.16656],[62.7976,50.16303],[62.79923,50.1644],[62.79755,50.16651],[62.80146,50.17029],[62.80626,50.1703],[62.81296,50.16634],[62.81609,50.16522],[62.81974,50.16599],[62.82205,50.16431],[62.82047,50.16267],[62.82059,50.15719],[62.82227,50.15436],[62.82326,50.15034],[62.82789,50.1493],[62.8282,50.14639],[62.83497,50.14457],[62.83429,50.14287],[62.83634,50.1392],[62.83592,50.13596],[62.84163,50.13498],[62.84334,50.13153],[62.84652,50.12897],[62.84785,50.12473],[62.8466,50.1222],[62.84192,50.12157],[62.84897,50.11418],[62.85081,50.11125],[62.85591,50.11081],[62.859,50.10751],[62.86112,50.10287],[62.86378,50.10498],[62.86626,50.10407],[62.86674,50.10171],[62.87287,50.10102],[62.87939,50.09493],[62.8805,50.09251],[62.88437,50.09306],[62.88591,50.08865],[62.88488,50.08667],[62.88119,50.08529],[62.87561,50.08111],[62.8757,50.07956],[62.8793,50.0789],[62.88411,50.07692],[62.88291,50.06926],[62.88565,50.06756],[62.88274,50.06563],[62.88365,50.0644],[62.88093,50.06188],[62.88445,50.06133],[62.88703,50.05835],[62.89123,50.0578],[62.89231,50.05393],[62.88983,50.05354],[62.88926,50.05058],[62.89223,50.04814],[62.89132,50.04513],[62.89206,50.04268],[62.89429,50.04075],[62.89098,50.03857],[62.8999,50.03686],[62.90153,50.03559],[62.90522,50.03543],[62.90591,50.03305],[62.90891,50.03339],[62.91252,50.02693],[62.91115,50.02545],[62.91441,50.02385],[62.91329,50.02138],[62.91632,50.01849],[62.91966,50.02013],[62.92588,50.01903],[62.93473,50.01186],[62.93463,50.01033],[62.93877,50.0085],[62.94438,50.00457],[62.94914,50.00457],[62.94954,50.00313],[62.9455,50.00004],[62.94823,49.99907],[62.95303,49.99583],[62.94803,49.99348],[62.94636,49.99055],[62.94717,49.98766],[62.94044,49.98807],[62.94216,49.98448],[62.9415,49.98128],[62.94871,49.96771],[62.94696,49.95993],[62.94853,49.95512],[62.94145,49.95339],[62.93903,49.94862],[62.9332,49.94328],[62.9305,49.94239],[62.92606,49.94302],[62.92049,49.94021],[62.91969,49.93815],[62.92529,49.93316],[62.91976,49.93348],[62.92231,49.92925],[62.91689,49.92898],[62.92144,49.92651],[62.91732,49.92409],[62.91976,49.92144],[62.91685,49.92085],[62.91052,49.91643],[62.91481,49.91562],[62.91841,49.91349],[62.91973,49.91153],[62.93014,49.90769],[62.93196,49.90475],[62.92489,49.9048],[62.92923,49.90228],[62.92369,49.90129],[62.92278,49.8999],[62.93025,49.89824],[62.92752,49.89662],[62.93126,49.89539],[62.93611,49.89256],[62.93338,49.88973],[62.93035,49.88494],[62.92602,49.88176],[62.92358,49.88135],[62.92326,49.88645],[62.91791,49.88553],[62.90731,49.8858],[62.90451,49.8875],[62.89883,49.88582],[62.89648,49.88273],[62.79067,49.93689],[62.73959,49.94019],[62.65829,49.90846],[62.63769,49.88542],[62.59873,49.86251],[62.59369,49.84361],[62.59632,49.80652],[62.57404,49.76462],[62.55509,49.7353],[62.52625,49.71945],[62.48375,49.70047],[62.43796,49.68366],[62.4521,49.62497],[62.45084,49.5802],[62.47317,49.56205],[62.43366,49.55701],[62.41894,49.56086],[62.36734,49.57777],[62.32119,49.52011],[62.30484,49.49727],[62.33861,49.47754],[62.45074,49.372],[62.50364,49.30635],[62.54745,49.25327],[62.52127,49.23764],[62.49633,49.24383],[62.37609,49.23563],[62.36143,49.2008],[62.39647,49.1973],[62.44575,49.19825],[62.49061,49.12386],[62.54879,49.01813],[62.58423,48.99427],[62.6347,48.97537],[62.72784,48.926],[62.78456,48.89239],[62.78977,48.88565],[62.84544,48.84881],[62.9532,48.88994],[62.9714,48.90333],[63.01106,48.92185],[63.02038,48.9294],[63.13017,48.86341],[63.12546,48.83556],[63.04927,48.75807],[63.07602,48.69712],[63.07871,48.68244],[63.41676,48.60177],[63.4646,48.56497],[63.46731,48.56376],[63.50834,48.55493],[63.54192,48.5464],[63.58574,48.53432],[63.7708,48.454],[63.84449,48.38546],[63.90298,48.29755],[63.97221,48.22],[64.01607,48.17028],[64.05603,48.19909],[64.28285,48.34771],[64.22746,48.46178],[64.52178,48.5036],[64.57863,48.51077],[64.5453,48.52892],[64.49083,48.56554],[64.53071,48.59973],[64.46867,48.67473],[64.69802,48.67566],[64.74581,48.93774],[65.48613,48.82833],[65.63202,48.86209],[65.63135,48.86484],[65.63747,48.86796],[65.64416,48.86929],[65.65071,48.87162],[65.66178,48.87239],[65.66588,48.87547],[65.6738,48.87713],[65.67718,48.87682],[65.67974,48.87476],[65.68582,48.87409],[65.69527,48.87769],[65.70788,48.8773],[65.7106,48.87785],[65.71476,48.8771],[65.72381,48.87945],[65.72593,48.87911],[65.72953,48.87476],[65.73304,48.87461],[65.73684,48.87559],[65.74251,48.87867],[65.74351,48.88065],[65.74227,48.88374],[65.74934,48.88343],[65.7533,48.88674],[65.77197,48.97076],[65.7754,48.98218],[65.81501,48.98663],[66.07309,48.99315],[66.3,49.15728],[66.41243,49.24152],[66.54218,49.27041],[66.59718,49.32436],[66.65144,49.45668],[66.83702,49.57874],[66.99939,49.63079],[67.01173,49.63428],[67.04172,49.64748],[67.05815,49.66701],[67.08699,49.69052],[67.37375,49.93818],[67.39912,49.91545],[67.63818,50.11881],[67.57586,50.16285],[67.60622,50.18843],[67.59934,50.22316],[67.63019,50.2365],[67.74685,50.24774],[67.86031,50.29779],[67.96418,50.31718],[68.01691,50.36613],[68.01691,50.39263],[68.09042,50.44049],[68.09202,50.46491],[67.99134,50.51269],[68.00892,50.53809],[67.93867,50.55301],[67.9233,50.54592],[67.9201,50.53782],[67.89998,50.52755],[67.86475,50.51683],[67.83851,50.49914],[67.78239,50.48516],[67.74888,50.48841],[67.72505,50.48383],[67.68499,50.48684],[67.65096,50.48118],[67.60511,50.48418],[67.59207,50.48993],[67.56398,50.49233],[67.55627,50.48589],[67.49971,50.47356],[67.31584,50.42877],[67.13189,50.38392],[67.10837,50.43639],[67.06595,50.53084],[67.09563,50.5461],[67.1108,50.62215],[66.9909,50.65819],[66.88256,50.64979],[66.85016,50.64504],[66.72449,50.6115],[66.66632,50.63586],[66.64003,50.62704],[66.49551,50.6731],[66.43314,50.71065],[66.3156,50.68543],[66.24064,50.82737],[66.21854,50.82251],[66.2018,50.82513],[66.17843,50.80015],[66.1565,50.80986],[66.13275,50.78814],[66.10955,50.7982],[66.11681,50.80481],[66.09185,50.81485],[66.10188,50.82327],[66.09522,50.82663],[66.09351,50.82575],[66.08428,50.8294],[66.088,50.87174],[66.06115,50.88369],[66.07066,50.8876],[66.05281,50.90232],[66.02761,50.92063],[66.00302,50.93871],[65.98953,50.94659],[65.99444,50.94935],[65.97757,50.95469],[65.97607,50.95222],[65.94989,50.95941],[65.94172,50.94255],[65.86194,50.96438],[65.82461,50.88525],[65.8195,50.88234],[65.81649,50.88191],[65.8097,50.87718],[65.80835,50.87481],[65.7983,50.86721],[65.79608,50.86056],[65.79376,50.85942],[65.78929,50.85445],[65.77429,50.85201],[65.76352,50.85211],[65.75232,50.84786],[65.74717,50.84809],[65.74362,50.85074],[65.73385,50.85191],[65.72875,50.85386],[65.72064,50.85366],[65.70834,50.84868],[65.70711,50.84657],[65.70005,50.8451],[65.69311,50.8461],[65.68808,50.84539],[65.68302,50.84662],[65.67582,50.84754],[65.66672,50.84743],[65.66269,50.84687],[65.66061,50.84441],[65.65582,50.84158],[65.64278,50.83889],[65.63423,50.8348],[65.6319,50.83304],[65.62796,50.82735],[65.62119,50.82678],[65.60463,50.8309],[65.58512,50.88863],[65.58529,50.89562],[65.57936,50.89637],[65.61421,51.00611],[65.61581,51.02972],[65.61206,51.03263],[65.61004,51.05456],[65.62611,51.06849],[65.63296,51.08237],[65.56066,51.13624],[65.45041,51.18573],[65.42606,51.20337],[65.48159,51.24315],[65.40318,51.30194],[65.39603,51.31257],[65.39807,51.31336],[65.39511,51.3164],[65.38801,51.32676],[65.5467,51.40349],[65.46151,51.44008],[65.53717,51.51405],[65.56916,51.58338],[65.57733,51.62816],[65.52091,51.68433],[65.38314,51.6849],[65.35242,51.79349],[65.50584,51.79833],[65.51776,51.79568],[65.52849,51.80193],[65.76048,51.87244],[65.76851,51.92051],[65.81657,51.99384],[65.82751,52.01632],[65.8497,52.08081],[65.86469,52.0807],[65.86814,52.08268],[65.8658,52.0887],[65.8546,52.09306],[65.86895,52.14087],[65.98532,52.19621],[65.99865,52.20464],[66.00679,52.43435]]]},"properties":{"area_code":"kostanay","area_name":"Kostanay","boundary_source_name":"Kostanay Region","area_unit_id":"kz-region-2009-geoboundaries-adm1:kostanay","boundary_set_id":"kz-region-2009-geoboundaries-adm1","boundary_level":"region","boundary_vintage":"2009 census 16-region frame (geoBoundaries ADM1, 2017)","land_area_sq_km":196087.51894597063}},
{"type":"Feature","geometry":{"type":"Polygon","coordinates":[[[59.0966,45.3229],[59.49791,45.15132],[59.56165,45.13216],[59.55924,45.14479],[59.56133,45.15791],[59.56663,45.17152],[59.57918,45.19598],[59.57638,45.20372],[59.57921,45.22815],[59.59556,45.25682],[59.5949,45.2611],[59.58505,45.27707],[59.5854,45.28698],[59.59086,45.29864],[59.59562,45.31197],[59.60831,45.32295],[59.61321,45.3253],[59.62055,45.32584],[59.62767,45.32778],[59.6282,45.33567],[59.62623,45.3502],[59.62235,45.3558],[59.62194,45.36444],[59.61658,45.3688],[59.61709,45.37961],[59.61558,45.38577],[59.62485,45.39495],[59.64035,45.39699],[59.65081,45.40134],[59.65281,45.40561],[59.65231,45.4283],[59.65347,45.43253],[59.65966,45.43858],[59.66553,45.4397],[59.67201,45.43869],[59.67491,45.43675],[59.67959,45.43592],[59.68358,45.43782],[59.68218,45.4423],[59.67768,45.44574],[59.66516,45.4497],[59.65564,45.4547],[59.65406,45.45796],[59.65544,45.46132],[59.65972,45.46226],[59.66033,45.46846],[59.65819,45.47161],[59.65328,45.47344],[59.64761,45.47379],[59.63886,45.47619],[59.62222,45.48542],[59.59637,45.49718],[59.58602,45.4998],[59.57435,45.50694],[59.56932,45.50864],[59.56136,45.50961],[59.55404,45.52706],[59.55054,45.5294],[59.53281,45.53201],[59.50922,45.53144],[59.49112,45.53173],[59.47747,45.53217],[59.47325,45.533],[59.46412,45.53715],[59.44258,45.5488],[59.42664,45.56273],[59.41518,45.57582],[59.40807,45.58655],[59.39908,45.59519],[59.39409,45.60287],[59.38922,45.6152],[59.3933,45.62396],[59.39804,45.62592],[59.3968,45.62961],[59.40009,45.63483],[59.40597,45.63882],[59.4178,45.64381],[59.44259,45.64754],[59.45312,45.64804],[59.46526,45.64531],[59.47138,45.64154],[59.47682,45.63229],[59.48596,45.61895],[59.49096,45.60754],[59.51831,45.58323],[59.52296,45.57669],[59.52031,45.56434],[59.523,45.55384],[59.52977,45.54933],[59.54069,45.5444],[59.54897,45.53571],[59.55946,45.53081],[59.57719,45.529],[59.61477,45.53827],[59.62832,45.5383],[59.64997,45.53036],[59.68267,45.51048],[59.7006,45.49922],[59.7151,45.49289],[59.72676,45.48219],[59.74198,45.475],[59.76618,45.46103],[59.79716,45.45233],[59.83311,45.42672],[59.86404,45.38211],[59.86971,45.37157],[59.88286,45.3643],[59.88212,45.35365],[59.88051,45.34836],[59.87957,45.34067],[59.88415,45.33323],[59.89233,45.32761],[59.89163,45.30229],[59.88509,45.28966],[59.88628,45.28627],[59.87177,45.22547],[59.86639,45.2123],[59.86978,45.19776],[59.87778,45.1838],[59.87668,45.17894],[59.87343,45.17674],[59.87215,45.1728],[59.87179,45.15986],[59.87586,45.15232],[59.87735,45.14752],[59.87236,45.14451],[59.87114,45.13867],[59.87458,45.1334],[59.87464,45.12046],[59.87003,45.11354],[59.87173,45.0975],[59.86964,45.0814],[59.86908,45.0638],[59.86585,45.04072],[59.99137,45.00299],[60.5702,44.66715],[60.83013,44.51038],[60.99042,44.41259],[61.06421,44.37281],[61.10657,44.36043],[61.13776,44.22579],[61.25243,44.13577],[61.42545,43.99948],[61.92799,43.57204],[62.00405,43.5054],[62.2425,43.51855],[63.34908,43.65048],[63.85763,43.59926],[64.53486,43.57069],[64.63992,43.61468],[64.72308,43.64939],[64.93226,43.73537],[65.00216,43.7154],[65.18486,43.49516],[65.49547,43.33291],[65.53213,43.31509],[65.55926,43.28947],[65.64386,43.15542],[65.74182,42.99985],[65.84416,42.85825],[66.09669,42.93814],[66.09502,42.56616],[66.07068,42.33794],[66.14853,42.32271],[66.57748,42.57775],[66.98489,42.81633],[67.06004,42.86079],[67.12427,42.89853],[67.22428,42.95125],[67.82529,43.17838],[67.8253,43.18072],[67.82858,43.18447],[67.83417,43.18443],[67.83718,43.18534],[67.83847,43.1892],[67.84148,43.19151],[67.84455,43.1925],[67.85262,43.19381],[67.85555,43.19553],[67.85916,43.20035],[67.86567,43.20627],[67.86906,43.20802],[67.87409,43.21179],[67.87531,43.21596],[67.87447,43.21777],[67.87086,43.22034],[67.86428,43.22042],[67.85393,43.2182],[67.84502,43.21677],[67.83972,43.21675],[67.8338,43.21841],[67.83142,43.22253],[67.82486,43.22722],[67.8215,43.22805],[67.81464,43.22809],[67.80887,43.22531],[67.80107,43.22273],[67.79633,43.22207],[67.78816,43.22332],[67.7859,43.22715],[67.78734,43.23131],[67.79286,43.23512],[67.79657,43.23614],[67.80538,43.23975],[67.81154,43.24115],[67.8181,43.24389],[67.82284,43.24505],[67.82649,43.24738],[67.83035,43.25177],[67.82868,43.2556],[67.82502,43.2563],[67.81052,43.25497],[67.80683,43.2556],[67.80264,43.25809],[67.79955,43.25877],[67.79375,43.25866],[67.78863,43.25635],[67.78376,43.2561],[67.78256,43.25756],[67.78225,43.26168],[67.78445,43.26675],[67.78346,43.27091],[67.78018,43.27312],[67.77104,43.27303],[67.76773,43.27514],[67.76758,43.27793],[67.76917,43.27964],[67.77499,43.28075],[67.78215,43.28297],[67.78662,43.2864],[67.7905,43.2875],[67.79373,43.28731],[67.79948,43.28436],[67.80332,43.28471],[67.80913,43.28654],[67.81401,43.29062],[67.81453,43.29463],[67.81212,43.29724],[67.80495,43.2985],[67.79725,43.30342],[67.79092,43.31095],[67.79044,43.31726],[67.79294,43.32148],[67.79889,43.32273],[67.79902,43.32434],[67.79358,43.32925],[67.78409,43.33359],[67.77874,43.33529],[67.77223,43.33534],[67.75614,43.33299],[67.75151,43.33194],[67.74797,43.33238],[67.74272,43.33528],[67.73373,43.33664],[67.72923,43.33848],[67.72219,43.34414],[67.71507,43.34656],[67.71405,43.34782],[67.71424,43.35161],[67.71699,43.35514],[67.72251,43.35822],[67.72577,43.35896],[67.73303,43.35815],[67.73869,43.35322],[67.74143,43.35178],[67.74661,43.35137],[67.74886,43.35326],[67.7488,43.35621],[67.74442,43.3622],[67.74247,43.3632],[67.73235,43.36638],[67.72134,43.36762],[67.71527,43.36787],[67.70819,43.36745],[67.69676,43.36415],[67.69335,43.36275],[67.69022,43.3587],[67.68679,43.35642],[67.68423,43.35351],[67.68164,43.34849],[67.68099,43.34484],[67.68187,43.33787],[67.67922,43.33137],[67.68027,43.32258],[67.68171,43.32046],[67.68674,43.31685],[67.68752,43.3134],[67.68552,43.3108],[67.68024,43.30978],[67.67537,43.3112],[67.6716,43.31597],[67.66913,43.31816],[67.66427,43.31967],[67.66236,43.32144],[67.65943,43.32766],[67.65882,43.33471],[67.65992,43.33866],[67.65948,43.34259],[67.66229,43.35143],[67.66501,43.35541],[67.66685,43.36271],[67.66717,43.36714],[67.66541,43.37079],[67.66073,43.3742],[67.65013,43.37672],[67.66406,43.38307],[67.72504,43.40728],[67.7507,43.47182],[67.73412,43.48018],[67.77502,43.53659],[67.79355,43.56379],[67.81384,43.56305],[67.82568,43.59879],[67.82861,43.61968],[67.83821,43.63922],[67.82636,43.71789],[67.82392,43.74366],[67.84569,43.74211],[67.86561,43.73608],[67.8838,43.72889],[67.89878,43.70501],[67.90898,43.7027],[67.91898,43.7019],[67.931,43.70583],[67.93537,43.70612],[67.97146,43.73695],[67.96892,43.74227],[67.97194,43.77051],[67.97872,43.79471],[67.97929,43.80247],[67.95495,43.86998],[67.92112,43.87552],[67.92163,43.88645],[67.93951,43.90848],[67.9656,43.93502],[68.02635,43.96249],[68.03411,43.9783],[68.04406,43.99414],[68.05048,44.0003],[68.05966,44.02083],[68.0603,44.0265],[68.03985,44.03283],[68.00422,44.06299],[67.95803,44.0783],[67.9162,44.09865],[67.90637,44.11571],[67.88696,44.13228],[67.80693,44.16616],[67.78659,44.20333],[67.75642,44.22215],[67.74104,44.26384],[67.73338,44.27198],[67.63069,44.31119],[67.5956,44.29871],[67.58299,44.29505],[67.55933,44.31202],[67.4824,44.35256],[67.46203,44.36776],[67.48741,44.42187],[67.50899,44.43343],[67.50855,44.46708],[67.51612,44.5491],[67.52595,44.64914],[67.52685,44.67846],[67.51062,44.81344],[67.52229,44.83662],[67.50635,45.0484],[67.50904,45.07047],[67.51621,45.14777],[67.39088,45.18177],[67.32523,45.22236],[67.21706,45.27189],[67.1786,45.29721],[67.17455,45.30015],[67.17259,45.30011],[67.1679,45.30224],[67.16797,45.30388],[67.17202,45.30704],[67.1679,45.31324],[67.17825,45.31438],[67.17861,45.32123],[67.16699,45.33488],[67.16736,45.34365],[67.16817,45.3512],[67.18169,45.35724],[67.18329,45.36753],[67.1943,45.37209],[67.20305,45.38277],[67.22002,45.38745],[67.24033,45.39564],[67.24587,45.40615],[67.2424,45.41352],[67.24712,45.41822],[67.24546,45.42112],[67.23746,45.42376],[67.23346,45.43104],[67.23904,45.44343],[67.25267,45.45451],[67.26383,45.46956],[67.25816,45.48858],[67.26468,45.50314],[67.25971,45.51433],[67.26177,45.52708],[67.25771,45.55111],[67.24484,45.56441],[67.25675,45.57167],[67.25353,45.58405],[67.26228,45.59642],[67.27481,45.60387],[67.29078,45.61396],[67.28926,45.63408],[67.28725,45.63579],[67.28923,45.63838],[67.29833,45.65813],[67.28563,45.66605],[67.29352,45.6874],[67.31893,45.69759],[67.33592,45.71701],[67.33438,45.72635],[67.3421,45.74229],[67.3615,45.75259],[67.36545,45.7575],[67.35635,45.77535],[67.34811,45.79366],[67.33266,45.79869],[67.32605,45.80289],[67.32562,45.81065],[67.31704,45.8158],[67.31859,45.82094],[67.31481,45.8341],[67.30412,45.8488],[67.29501,45.85203],[67.27831,45.84724],[67.27131,45.85617],[67.26709,45.86639],[67.25147,45.87595],[67.23741,45.88612],[67.24139,45.89926],[67.20402,45.91562],[67.17525,45.93417],[67.16307,45.95565],[67.17942,45.97462],[67.16732,45.99435],[67.17498,46.00053],[67.17434,46.00604],[67.17062,46.00969],[67.1711,46.01704],[67.16787,46.01925],[67.16929,46.02083],[67.16693,46.02455],[67.16371,46.02514],[67.16149,46.02714],[67.16093,46.03072],[67.16544,46.03455],[67.16733,46.03904],[67.17891,46.04198],[67.18258,46.04466],[67.18169,46.04988],[67.1791,46.05084],[67.17769,46.05352],[67.16342,46.05694],[67.16107,46.06269],[67.15598,46.06668],[67.15606,46.07005],[67.15884,46.07441],[67.1594,46.07807],[67.15574,46.08464],[67.1572,46.08892],[67.14943,46.09732],[67.14384,46.10764],[67.14937,46.11469],[67.15055,46.12006],[67.15763,46.12647],[67.15819,46.13614],[67.15302,46.13717],[67.14572,46.13516],[67.1412,46.13628],[67.13905,46.1382],[67.13767,46.14322],[66.90166,46.17247],[66.67693,46.15862],[66.39,46.16247],[66.04123,46.18025],[66.00265,46.17596],[65.89257,46.178],[65.69824,46.20989],[65.58596,46.21271],[65.55063,46.23607],[65.37256,46.31171],[65.14084,46.47655],[64.94177,46.50135],[64.44728,46.68887],[64.17891,46.74203],[64.02997,46.79516],[63.90218,46.82294],[63.84863,46.83564],[63.83079,46.83561],[63.81596,46.83346],[63.80392,46.8308],[63.78984,46.83203],[63.78586,46.83416],[63.77139,46.83957],[63.76083,46.84012],[63.74662,46.83135],[63.73954,46.83011],[63.53382,46.91979],[63.5089,46.92886],[63.44727,46.93653],[63.30313,46.97151],[63.21297,47.03016],[63.20783,47.03127],[63.37062,47.06416],[63.40709,47.11348],[63.01832,47.19921],[62.95009,47.19077],[62.89008,47.17735],[62.86015,47.21465],[62.58708,47.24094],[62.58117,47.24235],[62.60573,47.32845],[62.33262,47.53113],[62.21253,47.54556],[62.07583,47.72331],[61.92486,47.82773],[61.3598,47.81879],[61.35159,47.8154],[61.32102,47.79603],[61.31422,47.79005],[61.00102,47.2347],[60.93696,47.13124],[60.93096,47.12685],[60.9235,47.11034],[60.70246,47.10408],[60.53133,47.11671],[60.495,47.12181],[60.48443,47.0018],[60.47442,46.91081],[60.32726,46.91325],[60.1642,46.89916],[60.12961,46.89487],[60.01322,46.81536],[59.76926,46.66253],[59.56139,46.49996],[59.4998,46.44215],[59.47382,46.41358],[59.29397,46.2357],[59.11181,46.05298],[59.0306,46.00704],[59.04011,45.90956],[59.04509,45.90362],[59.04819,45.90178],[59.0511,45.90194],[59.0531,45.90542],[59.0578,45.91652],[59.05868,45.92113],[59.0604,45.92573],[59.06391,45.93175],[59.0658,45.93748],[59.06811,45.94124],[59.07376,45.94518],[59.07961,45.94727],[59.08621,45.94852],[59.09889,45.9501],[59.10211,45.95083],[59.11318,45.95209],[59.1179,45.9518],[59.12907,45.95025],[59.13188,45.95046],[59.14128,45.94961],[59.16342,45.94484],[59.16834,45.94318],[59.1738,45.93879],[59.17846,45.92937],[59.18223,45.92981],[59.18507,45.93566],[59.18614,45.94196],[59.18924,45.9482],[59.19877,45.96065],[59.2091,45.96811],[59.22221,45.9756],[59.22719,45.98142],[59.23759,45.99226],[59.24404,45.99693],[59.25187,46.00018],[59.27021,46.00581],[59.28353,46.00791],[59.28994,46.00772],[59.29403,46.00691],[59.30181,46.00396],[59.30678,46.00075],[59.31066,45.99641],[59.31271,45.99225],[59.31248,45.98671],[59.31036,45.97807],[59.30807,45.96586],[59.29243,45.93528],[59.27689,45.91574],[59.25774,45.89808],[59.24063,45.88135],[59.22234,45.87058],[59.2167,45.86644],[59.19069,45.86328],[59.17496,45.86451],[59.16841,45.86384],[59.14781,45.86462],[59.13491,45.86988],[59.09847,45.87853],[59.08828,45.87865],[59.08297,45.88069],[59.08011,45.87987],[59.0826,45.87105],[59.08272,45.86471],[59.08193,45.86046],[59.08038,45.85893],[59.07801,45.85315],[59.07431,45.84996],[59.06639,45.83642],[59.06323,45.82786],[59.05385,45.80849],[59.05028,45.80541],[59.06382,45.6666],[59.0966,45.3229]]]},"properties":{"area_code":"kyzylorda","area_name":"Kyzylorda","boundary_source_name":"Kyzylorda Region","area_unit_id":"kz-region-2009-geoboundaries-adm1:kyzylorda","boundary_set_id":"kz-region-2009-geoboundaries-adm1","boundary_level":"region","boundary_vintage":"2009 census 16-region frame (geoBoundaries ADM1, 2017)","land_area_sq_km":225064.42439607618}},
{"type":"Feature","geometry":{"type":"MultiPolygon","coordinates":[[[[56.46663,46.13219],[56.43672,46.13484],[56.36988,46.1346],[56.35094,46.14583],[56.33344,46.14566],[56.32455,46.14598],[56.28617,46.15158],[56.2713,46.15146],[56.20152,46.13575],[56.12174,46.15454],[56.05697,46.20181],[56.04476,46.21148],[56.02221,46.21585],[55.99807,46.21268],[55.98818,46.21165],[55.98146,46.21046],[55.97771,46.22425],[55.97453,46.23231],[55.97309,46.24835],[55.96684,46.25334],[55.95692,46.26001],[55.93579,46.25393],[55.90431,46.24323],[55.90249,46.23731],[55.88425,46.2406],[55.86536,46.24797],[55.84462,46.2527],[55.83703,46.25119],[55.82133,46.2608],[55.82043,46.27601],[55.85337,46.29442],[55.86016,46.30527],[55.85839,46.31362],[55.84449,46.33149],[55.83175,46.33744],[55.83291,46.34144],[55.82493,46.3497],[55.83111,46.36462],[55.83085,46.38051],[55.82583,46.39427],[55.81798,46.40119],[55.80434,46.40776],[55.79482,46.41051],[55.78903,46.41033],[55.77629,46.40519],[55.76805,46.40643],[55.76329,46.40536],[55.75003,46.40794],[55.74424,46.40732],[55.74038,46.40962],[55.71864,46.40865],[55.70757,46.40173],[55.69805,46.39968],[55.66768,46.41708],[55.65738,46.41965],[55.64426,46.41583],[55.62843,46.41557],[55.60265,46.42109],[55.52314,46.48798],[55.48792,46.52013],[55.27048,46.36736],[55.08959,46.37953],[54.99872,46.37425],[54.97136,46.36833],[54.83258,46.36354],[54.79475,46.35113],[54.69276,46.32305],[54.53088,46.29576],[54.50475,46.30105],[54.47368,46.29235],[54.30769,46.25703],[54.24521,46.24918],[54.10372,46.25293],[54.07786,46.24105],[54.07447,46.24138],[54.04905,46.24256],[53.99872,46.24661],[53.97173,46.24613],[53.96856,46.19244],[53.8953,46.12735],[53.89254,46.1257],[53.68447,46.01886],[53.684,46.0156],[53.19179,46.01206],[53.17125,45.97662],[53.17023,45.93783],[53.16093,45.92811],[53.16878,45.92231],[53.17423,45.91568],[53.18294,45.91223],[53.19795,45.90896],[53.2077,45.9039],[53.22163,45.90024],[53.22798,45.89996],[53.25692,45.89041],[53.25702,45.88896],[53.24954,45.8848],[53.22807,45.88679],[53.21177,45.88918],[53.18766,45.8986],[53.17825,45.90712],[53.1588,45.9204],[53.15329,45.92686],[53.14359,45.93017],[53.12375,45.91685],[53.0976,45.90095],[53.08813,45.9007],[53.0763,45.89689],[53.05654,45.89171],[53.04782,45.89195],[53.04942,45.88502],[53.05479,45.87969],[53.06057,45.87303],[53.0584,45.87002],[53.05968,45.86042],[53.0662,45.85563],[53.07478,45.85277],[53.09023,45.84966],[53.10259,45.85157],[53.09853,45.76087],[53.45484,45.69376],[53.45038,45.66737],[53.49055,45.6513],[53.50806,45.65442],[53.50325,45.63329],[53.51115,45.6028],[53.5472,45.5706],[53.57947,45.55666],[53.61002,45.51674],[53.6217,45.49966],[53.64264,45.49557],[53.70204,45.5165],[53.76315,45.51193],[53.75937,45.56195],[53.73946,45.57853],[53.83765,45.6393],[53.86408,45.65082],[53.89567,45.67529],[53.92725,45.7266],[53.9688,45.76973],[54.08896,45.77356],[54.13908,45.79654],[54.21187,45.79152],[54.26817,45.75104],[54.34989,45.68081],[54.39898,45.64746],[54.39349,45.62297],[54.37151,45.60664],[54.36636,45.59511],[54.3722,45.58045],[54.42816,45.56267],[54.48721,45.54849],[54.54043,45.52107],[54.56893,45.48931],[54.5806,45.4532],[54.59467,45.42646],[54.61562,45.41176],[54.6757,45.39609],[54.71037,45.38259],[54.76977,45.35654],[54.79689,45.3341],[54.80959,45.29933],[54.82195,45.27711],[54.85663,45.26165],[54.90435,45.2515],[54.94383,45.23409],[54.90057,45.19878],[54.84461,45.1816],[54.79689,45.16393],[54.75535,45.12131],[54.72308,45.09587],[54.64858,45.04956],[54.53837,44.99812],[54.50507,45.00588],[54.43713,44.99424],[54.42567,44.99703],[54.41606,45.00058],[54.41316,45.00241],[54.40955,45.0027],[54.40594,45.00189],[54.40138,44.99909],[54.38387,44.99642],[54.37129,44.99729],[54.35807,44.99975],[54.34127,45.00854],[54.3331,45.00999],[54.32,45.00982],[54.29944,45.00682],[54.28382,45.00501],[54.27504,45.00176],[54.26714,45.01025],[54.26665,45.0226],[54.27229,45.0452],[54.27244,45.04953],[54.27507,45.05449],[54.27511,45.05974],[54.27193,45.05992],[54.26717,45.05745],[54.26519,45.05467],[54.25172,45.04866],[54.24794,45.04657],[54.24287,45.04781],[54.24062,45.04698],[54.23562,45.0487],[54.22787,45.04731],[54.22341,45.04908],[54.21439,45.04857],[54.20853,45.05025],[54.19779,45.05077],[54.18509,45.05514],[54.16586,45.04762],[54.14458,45.03719],[54.12226,45.03768],[54.12572,45.03416],[54.1173,45.02252],[54.11833,45.02045],[54.10922,45.00831],[54.09619,44.99132],[54.08126,44.97918],[54.06767,44.97286],[54.03471,44.96558],[54.01396,44.96194],[53.97414,44.94845],[53.95594,44.93983],[53.93998,44.93813],[53.93827,44.93915],[53.93363,44.93898],[53.93328,44.93703],[53.9235,44.9329],[53.91749,44.92962],[53.8914,44.92427],[53.87782,44.92475],[53.8555,44.92816],[53.81327,44.92718],[53.7937,44.93423],[53.78512,44.94031],[53.77516,44.94517],[53.75335,44.94641],[53.75011,44.94231],[53.74631,44.93898],[53.73999,44.93585],[53.7324,44.9345],[53.72513,44.93148],[53.72065,44.93093],[53.70718,44.91357],[53.66942,44.88828],[53.62479,44.86468],[53.59355,44.82013],[53.58187,44.80527],[53.56917,44.8004],[53.55441,44.79504],[53.5496,44.77555],[53.54651,44.73922],[53.54617,44.70458],[53.53552,44.6792],[53.51527,44.64965],[53.4854,44.62498],[53.47373,44.60885],[53.46068,44.59418],[53.43527,44.58514],[53.42944,44.569],[53.43905,44.55652],[53.42875,44.54184],[53.42463,44.53107],[53.43047,44.52471],[53.42532,44.51516],[53.41776,44.50586],[53.41776,44.49827],[53.41055,44.49092],[53.36318,44.45001],[53.34738,44.43334],[53.34326,44.42034],[53.32507,44.39925],[53.31202,44.3838],[53.30927,44.3757],[53.30344,44.37325],[53.28661,44.36956],[53.27151,44.37226],[53.24885,44.3757],[53.21932,44.3811],[53.16851,44.39729],[53.12113,44.42721],[53.16062,44.46177],[53.20559,44.52373],[53.23855,44.57389],[53.28455,44.63475],[53.3158,44.677],[53.37485,44.76117],[53.39236,44.78213],[53.42188,44.84789],[53.43905,44.8749],[53.47991,44.93545],[53.52694,44.98622],[53.57535,45.02603],[53.63406,45.05077],[53.67182,45.06145],[53.75456,45.08957],[53.82494,45.11041],[53.89842,45.13221],[53.94167,45.14916],[53.95541,45.16684],[53.9815,45.19394],[54.0251,45.23143],[54.03265,45.25754],[53.99317,45.26068],[53.97017,45.24666],[53.96468,45.23602],[53.93412,45.22659],[53.92313,45.21547],[53.9221,45.20894],[53.88159,45.18184],[53.85069,45.17846],[53.83215,45.21692],[53.78924,45.21668],[53.75113,45.24569],[53.73808,45.25609],[53.70204,45.24642],[53.65157,45.26648],[53.62101,45.28146],[53.60384,45.28895],[53.55818,45.29112],[53.50909,45.28919],[53.4545,45.29233],[53.42326,45.28291],[53.35356,45.22732],[53.26945,45.20676],[53.23512,45.17894],[53.20525,45.17531],[53.14036,45.17483],[53.09092,45.18063],[53.02844,45.18354],[52.9299,45.18693],[52.87188,45.19104],[52.77129,45.21644],[52.72288,45.24062],[52.68683,45.25295],[52.70365,45.27832],[52.66692,45.29426],[52.6319,45.2974],[52.60855,45.29474],[52.54298,45.30754],[52.4932,45.32227],[52.45612,45.32179],[52.41904,45.3172],[52.39638,45.31647],[52.37578,45.30875],[52.32359,45.31913],[52.30814,45.31261],[52.29063,45.31189],[52.28772,45.31489],[52.25575,45.32441],[52.25135,45.32331],[52.25516,45.33107],[52.25419,45.33228],[52.23696,45.3377],[52.20141,45.3509],[52.19808,45.35446],[52.17913,45.35694],[52.1604,45.35609],[52.1482,45.35492],[52.12811,45.37108],[52.11691,45.37776],[52.09911,45.38793],[52.08521,45.39275],[52.0637,45.3997],[52.05814,45.40127],[52.01804,45.41007],[51.95658,45.41537],[51.91092,45.41754],[51.8735,45.41706],[51.81229,45.4116],[51.78869,45.40894],[51.78145,45.40988],[51.77445,45.40946],[51.76891,45.40862],[51.75983,45.40831],[51.75228,45.40763],[51.72724,45.40284],[51.69497,45.38837],[51.64313,45.36812],[51.58511,45.34182],[51.52537,45.32806],[51.50889,45.32879],[51.47902,45.32589],[51.4749,45.32685],[51.45876,45.3242],[51.45258,45.31961],[51.42958,45.31092],[51.41104,45.30585],[51.38804,45.30585],[51.37705,45.29885],[51.36916,45.29329],[51.35645,45.27663],[51.34032,45.2672],[51.32109,45.25005],[51.30275,45.23789],[51.28916,45.21958],[51.26135,45.19539],[51.24728,45.16926],[51.25037,45.14795],[51.2538,45.1092],[51.25998,45.08205],[51.26238,45.04738],[51.27783,45.01414],[51.26204,44.98646],[51.22874,44.95562],[51.22874,44.93399],[51.20711,44.90676],[51.19338,44.88585],[51.21672,44.82062],[51.22256,44.79407],[51.25208,44.76434],[51.28367,44.69214],[51.29268,44.65752],[51.30916,44.60638],[51.29814,44.6007],[51.30084,44.59793],[51.30375,44.59804],[51.30353,44.59538],[51.30888,44.59691],[51.31448,44.59741],[51.3387,44.59706],[51.34928,44.59759],[51.35728,44.59908],[51.36454,44.59968],[51.38729,44.59999],[51.40203,44.60053],[51.4117,44.6018],[51.43215,44.60133],[51.43956,44.59997],[51.45155,44.59638],[51.51988,44.56606],[51.56348,44.55432],[51.5779,44.54331],[51.5906,44.53548],[51.59747,44.52691],[51.59781,44.51981],[51.59933,44.5069],[51.59549,44.50466],[51.58942,44.50208],[51.58246,44.50018],[51.57378,44.49998],[51.55503,44.5034],[51.54178,44.50656],[51.53772,44.50675],[51.53219,44.50804],[51.53098,44.50737],[51.51197,44.5111],[51.50894,44.51072],[51.50252,44.50764],[51.4955,44.50708],[51.48466,44.51004],[51.48031,44.51407],[51.4778,44.52061],[51.46825,44.52598],[51.45567,44.52846],[51.4501,44.53157],[51.45317,44.52704],[51.45901,44.52141],[51.46002,44.51853],[51.4596,44.51579],[51.45781,44.51299],[51.45169,44.50863],[51.44679,44.50735],[51.44011,44.50835],[51.4363,44.50638],[51.43191,44.50661],[51.42275,44.50278],[51.41869,44.50306],[51.40739,44.50767],[51.40136,44.51137],[51.39805,44.51595],[51.39704,44.51847],[51.39365,44.5197],[51.38623,44.52527],[51.38327,44.52495],[51.37808,44.52079],[51.37387,44.51967],[51.371,44.52001],[51.36408,44.51848],[51.3593,44.51613],[51.35285,44.51554],[51.34765,44.51649],[51.34396,44.52008],[51.34413,44.52334],[51.35029,44.52702],[51.35407,44.52804],[51.3592,44.53254],[51.36469,44.54429],[51.32864,44.53988],[51.30515,44.54297],[51.29837,44.54222],[51.29357,44.54096],[51.29212,44.54178],[51.29015,44.53684],[51.28378,44.53237],[51.28296,44.53117],[51.27349,44.52482],[51.26578,44.52093],[51.26425,44.5209],[51.25885,44.51826],[51.25558,44.51794],[51.25546,44.51413],[51.25328,44.51059],[51.2333,44.4935],[51.22587,44.4886],[51.21195,44.48078],[51.20601,44.47807],[51.19897,44.47544],[51.19452,44.47452],[51.1827,44.47338],[51.17675,44.47483],[51.17097,44.47469],[51.132,44.47588],[51.1142,44.47367],[51.09883,44.47474],[51.07795,44.48205],[51.07511,44.48547],[51.06904,44.48836],[51.06692,44.49171],[51.05112,44.49822],[51.05051,44.50064],[51.03696,44.50817],[51.01334,44.51418],[51.00455,44.51957],[50.997,44.53107],[50.99597,44.54013],[50.99648,44.54505],[50.99902,44.55013],[51.0034,44.55512],[51.00742,44.55835],[50.99839,44.55688],[50.98972,44.55455],[50.97893,44.55339],[50.9589,44.5587],[50.94859,44.56728],[50.94206,44.57658],[50.91322,44.59736],[50.89022,44.61276],[50.87649,44.61374],[50.86825,44.61912],[50.8528,44.62205],[50.84044,44.62351],[50.82911,44.62767],[50.8243,44.63255],[50.80336,44.6328],[50.79443,44.61814],[50.78036,44.60714],[50.76834,44.60592],[50.75873,44.60421],[50.74225,44.60323],[50.71513,44.61081],[50.69693,44.60641],[50.67778,44.60818],[50.66448,44.6091],[50.66138,44.61119],[50.65739,44.60985],[50.64928,44.60904],[50.64127,44.61136],[50.63992,44.61328],[50.62576,44.61375],[50.61794,44.61921],[50.61088,44.62793],[50.60772,44.62788],[50.59808,44.63443],[50.5946,44.63197],[50.57745,44.62587],[50.56648,44.62094],[50.56272,44.62021],[50.55602,44.62039],[50.55207,44.62114],[50.54552,44.62359],[50.53429,44.6257],[50.52713,44.62965],[50.52206,44.62797],[50.51727,44.62844],[50.50961,44.6256],[50.50663,44.62553],[50.50345,44.6269],[50.49636,44.62397],[50.49228,44.62359],[50.49075,44.62461],[50.48557,44.62445],[50.48304,44.62335],[50.47324,44.6249],[50.47026,44.62367],[50.46628,44.62377],[50.46274,44.62524],[50.45419,44.6265],[50.44958,44.62642],[50.44116,44.62753],[50.43483,44.63017],[50.42932,44.63188],[50.41691,44.63656],[50.4067,44.63473],[50.39995,44.63461],[50.39185,44.63647],[50.38597,44.63696],[50.38022,44.63931],[50.37655,44.64252],[50.36902,44.63987],[50.35994,44.64132],[50.35221,44.64051],[50.34531,44.64094],[50.33498,44.64371],[50.33035,44.64367],[50.32825,44.64454],[50.32114,44.64531],[50.31835,44.64506],[50.31187,44.64591],[50.30993,44.6407],[50.30857,44.63972],[50.30763,44.63606],[50.30557,44.6333],[50.30543,44.62919],[50.30351,44.62277],[50.2984,44.61281],[50.29317,44.60899],[50.29402,44.60739],[50.28843,44.59803],[50.28776,44.59374],[50.28594,44.59105],[50.2837,44.5824],[50.28283,44.57714],[50.27897,44.57405],[50.27245,44.56416],[50.27701,44.56156],[50.27528,44.55689],[50.27087,44.55201],[50.26832,44.54742],[50.27046,44.54629],[50.2683,44.54417],[50.26173,44.54239],[50.25526,44.54258],[50.24898,44.5467],[50.25188,44.55295],[50.25129,44.55541],[50.25513,44.55847],[50.25459,44.56151],[50.25018,44.56317],[50.24332,44.56689],[50.23869,44.57008],[50.23294,44.57254],[50.22915,44.57859],[50.22585,44.58508],[50.22555,44.58993],[50.2267,44.5925],[50.22921,44.59394],[50.23096,44.59663],[50.22921,44.59821],[50.22685,44.59638],[50.22349,44.58743],[50.22389,44.58529],[50.22675,44.58144],[50.23045,44.57423],[50.23261,44.56742],[50.23887,44.5454],[50.24082,44.52901],[50.24072,44.52209],[50.24134,44.51614],[50.2434,44.49068],[50.24512,44.45123],[50.24546,44.42672],[50.24443,44.40931],[50.24855,44.38551],[50.25589,44.37601],[50.26756,44.36521],[50.2703,44.35564],[50.28163,44.35147],[50.31172,44.33151],[50.33782,44.32095],[50.38897,44.30375],[50.42845,44.29368],[50.47102,44.29491],[50.50879,44.29147],[50.58157,44.28532],[50.63136,44.27844],[50.67908,44.26959],[50.7062,44.26345],[50.73161,44.25484],[50.77418,44.24107],[50.80885,44.21966],[50.83838,44.19702],[50.84628,44.18348],[50.85726,44.15073],[50.8734,44.11106],[50.87615,44.08591],[50.87615,44.07802],[50.87462,44.06265],[50.87125,44.05821],[50.86944,44.05271],[50.86975,44.04748],[50.86815,44.04411],[50.86946,44.04039],[50.86789,44.03482],[50.87328,44.02617],[50.87343,44.02349],[50.87727,44.02169],[50.88339,44.01734],[50.89268,44.01283],[50.90292,44.00941],[50.91048,44.0099],[50.92249,44.00694],[50.92902,44.00447],[50.93863,43.99632],[50.95374,43.98027],[50.9764,43.95877],[50.99425,43.93677],[50.99974,43.90784],[51.00523,43.89027],[51.00764,43.87592],[51.01485,43.85364],[51.01897,43.83185],[51.02393,43.8104],[51.02745,43.80817],[51.0284,43.80532],[51.03123,43.80074],[51.03131,43.79739],[51.04239,43.78692],[51.04316,43.78469],[51.05845,43.77065],[51.07174,43.75736],[51.08271,43.73713],[51.08267,43.73137],[51.08464,43.73099],[51.08979,43.72615],[51.09063,43.72307],[51.09328,43.7223],[51.09783,43.71896],[51.10022,43.71629],[51.10639,43.70627],[51.10762,43.70569],[51.11021,43.70125],[51.1141,43.69615],[51.11549,43.68945],[51.1172,43.68453],[51.11964,43.68075],[51.12244,43.67836],[51.12368,43.67393],[51.13042,43.66744],[51.13216,43.66474],[51.13237,43.66124],[51.13567,43.65782],[51.1374,43.65476],[51.14117,43.65057],[51.15218,43.63957],[51.15503,43.63524],[51.16156,43.63078],[51.16261,43.62772],[51.1657,43.62585],[51.16953,43.63017],[51.17729,43.62989],[51.18219,43.62862],[51.18577,43.62878],[51.1964,43.6245],[51.20273,43.62306],[51.20824,43.6209],[51.21117,43.61831],[51.21364,43.61473],[51.21645,43.61491],[51.22001,43.61149],[51.21776,43.61001],[51.22037,43.60574],[51.21755,43.60475],[51.21924,43.59957],[51.22177,43.59567],[51.2243,43.59434],[51.22889,43.59388],[51.23941,43.59069],[51.24857,43.58455],[51.24931,43.58223],[51.27885,43.60045],[51.2792,43.6002],[51.24816,43.58111],[51.25059,43.58184],[51.25682,43.57829],[51.26159,43.57306],[51.26444,43.57065],[51.26924,43.56448],[51.27339,43.55685],[51.2785,43.54852],[51.28123,43.54046],[51.28385,43.53495],[51.28566,43.528],[51.28544,43.52364],[51.28706,43.51821],[51.29323,43.50798],[51.2959,43.4964],[51.29542,43.49144],[51.30053,43.48214],[51.302,43.47859],[51.30507,43.47418],[51.30928,43.4663],[51.31275,43.45884],[51.31496,43.45032],[51.31484,43.44236],[51.31618,43.43178],[51.31665,43.4253],[51.31732,43.39163],[51.31478,43.35611],[51.30839,43.31449],[51.28573,43.242],[51.27131,43.19046],[51.26731,43.1702],[51.26719,43.15966],[51.26856,43.15315],[51.27268,43.14889],[51.27886,43.14664],[51.28436,43.14614],[51.30152,43.14739],[51.37309,43.15713],[51.40674,43.15889],[51.44675,43.16217],[51.46666,43.16417],[51.48177,43.16392],[51.49042,43.16067],[51.49221,43.16503],[51.49673,43.16859],[51.50311,43.17167],[51.51566,43.17374],[51.55764,43.17619],[51.58133,43.17995],[51.59335,43.18245],[51.62219,43.1852],[51.63764,43.18495],[51.64947,43.18405],[51.65728,43.18186],[51.66088,43.17973],[51.66226,43.17623],[51.66475,43.1761],[51.66784,43.17197],[51.6656,43.17034],[51.66758,43.16759],[51.66682,43.15991],[51.67162,43.13386],[51.67013,43.12946],[51.67218,43.12358],[51.6718,43.12137],[51.66915,43.11611],[51.66205,43.11232],[51.65792,43.11109],[51.65745,43.10495],[51.66073,43.1035],[51.72106,43.06543],[51.7451,43.05188],[51.76511,43.03351],[51.78046,43.01173],[51.78898,43.00016],[51.79144,42.98737],[51.79991,42.98067],[51.80356,42.97575],[51.80837,42.95554],[51.82303,42.9429],[51.84981,42.90343],[51.88071,42.86922],[51.89925,42.84128],[51.90508,42.83323],[51.91367,42.83071],[51.92236,42.82954],[51.93303,42.83032],[51.94459,42.83271],[51.97037,42.84465],[52.0226,42.85857],[52.07755,42.871],[52.13996,42.88045],[52.18474,42.87548],[52.22408,42.86354],[52.25054,42.84216],[52.26953,42.81231],[52.27817,42.8039],[52.28745,42.7901],[52.28723,42.78616],[52.28928,42.78352],[52.29247,42.7824],[52.29776,42.78561],[52.30087,42.79122],[52.31566,42.80982],[52.34076,42.82624],[52.37808,42.83321],[52.42556,42.83818],[52.47237,42.83569],[52.51667,42.82577],[52.52754,42.8237],[52.53481,42.82185],[52.54065,42.81959],[52.55109,42.8185],[52.56323,42.81488],[52.56583,42.81501],[52.59177,42.80932],[52.61261,42.80283],[52.62453,42.78934],[52.63035,42.77998],[52.63438,42.76847],[52.63503,42.75936],[52.63207,42.74941],[52.63261,42.74636],[52.64127,42.75036],[52.65543,42.75409],[52.66467,42.7532],[52.67053,42.74374],[52.69319,42.74042],[52.70198,42.74173],[52.71131,42.74076],[52.73743,42.73277],[52.74864,42.71703],[52.75775,42.68851],[52.75957,42.66023],[52.75231,42.62473],[52.73453,42.59402],[52.71784,42.57638],[52.70702,42.57296],[52.70256,42.57254],[52.69885,42.57468],[52.69683,42.57783],[52.6938,42.58825],[52.68888,42.59926],[52.6812,42.61838],[52.6781,42.62327],[52.66996,42.64107],[52.6646,42.64523],[52.66386,42.6471],[52.6594,42.65102],[52.65692,42.65154],[52.65308,42.65544],[52.64943,42.65696],[52.64977,42.66124],[52.64612,42.66491],[52.6376,42.67178],[52.63395,42.67233],[52.63221,42.6762],[52.62902,42.67711],[52.62881,42.67909],[52.62138,42.67996],[52.61524,42.68173],[52.59893,42.69111],[52.59376,42.69623],[52.58862,42.69994],[52.57961,42.70984],[52.57171,42.72274],[52.57208,42.72681],[52.57385,42.73265],[52.5758,42.73672],[52.58084,42.74296],[52.57474,42.74285],[52.56984,42.74137],[52.56515,42.73874],[52.56182,42.73327],[52.5595,42.73066],[52.55666,42.73102],[52.55604,42.73372],[52.55245,42.73626],[52.5507,42.7335],[52.5532,42.7268],[52.55359,42.72317],[52.55547,42.71748],[52.56029,42.71271],[52.56896,42.70769],[52.57575,42.70206],[52.58398,42.69231],[52.59212,42.68578],[52.60307,42.67908],[52.61695,42.66807],[52.62663,42.6616],[52.63495,42.6548],[52.64968,42.64005],[52.65252,42.63579],[52.65871,42.62801],[52.66688,42.61397],[52.67506,42.59496],[52.67848,42.58164],[52.68177,42.5649],[52.68262,42.55019],[52.68138,42.5442],[52.68049,42.54364],[52.67525,42.52166],[52.67212,42.49965],[52.66341,42.47771],[52.65397,42.45308],[52.642,42.42443],[52.63039,42.40889],[52.61841,42.39495],[52.59701,42.34938],[52.57632,42.31048],[52.55346,42.2772],[52.53604,42.2619],[52.52371,42.24578],[52.50883,42.22939],[52.4896,42.21085],[52.46166,42.19042],[52.45404,42.18128],[52.44569,42.16649],[52.43589,42.14551],[52.42827,42.11456],[52.42356,42.08656],[52.42392,42.0801],[52.43626,42.07848],[52.4446,42.07229],[52.44823,42.06555],[52.44642,42.05316],[52.43989,42.0351],[52.43916,42.02244],[52.44751,42.01516],[52.45367,42.00815],[52.45875,42.00518],[52.46383,42.00114],[52.47327,41.99035],[52.4798,41.98091],[52.48597,41.96175],[52.4925,41.95393],[52.4954,41.94044],[52.4954,41.921],[52.49431,41.91398],[52.49649,41.8994],[52.48923,41.86995],[52.47,41.82724],[52.45259,41.79668],[52.44428,41.78228],[52.44302,41.77621],[52.44196,41.77449],[52.44348,41.77116],[52.4429,41.7685],[52.44529,41.7655],[52.44628,41.76176],[52.45072,41.76244],[52.49677,41.7973],[52.54046,41.82737],[52.58457,41.85703],[52.65583,41.90645],[52.72001,41.94807],[52.79872,42.00092],[52.84868,42.03491],[52.8848,42.05931],[52.90923,42.07677],[52.9343,42.09279],[52.95351,42.10304],[52.97632,42.11665],[52.98479,42.12118],[52.99877,42.12519],[53.05856,42.14189],[53.101,42.15442],[53.14651,42.16794],[53.16724,42.17419],[53.23521,42.19416],[53.27499,42.20513],[53.31819,42.21757],[53.35052,42.22703],[53.3808,42.23521],[53.406,42.24292],[53.4472,42.25432],[53.5167,42.27361],[53.54738,42.28251],[53.57056,42.28892],[53.623,42.29717],[53.6654,42.30347],[53.70405,42.30797],[53.74186,42.31324],[53.81512,42.32402],[53.85396,42.32899],[53.90849,42.33583],[53.99815,42.34811],[54.06233,42.35672],[54.1505,42.36857],[54.16618,42.37225],[54.18206,42.3747],[54.21637,42.37921],[54.21781,42.37909],[54.2431,42.36351],[54.29589,42.33316],[54.39269,42.27822],[54.45216,42.24324],[54.50179,42.21432],[54.54901,42.18665],[54.6137,42.14879],[54.68336,42.10809],[54.7647,42.06096],[54.77948,42.05255],[54.80086,42.03302],[54.81756,42.0183],[54.83629,42.00432],[54.869,41.97818],[54.8919,41.95946],[54.91209,41.94099],[54.92893,41.92833],[54.94741,41.91061],[54.95211,41.90631],[54.95236,41.89143],[54.95195,41.87959],[54.9481,41.85717],[54.94802,41.84507],[54.94998,41.83321],[54.95766,41.82133],[54.96401,41.81022],[54.97542,41.80135],[54.98582,41.79198],[54.99923,41.78108],[55.01834,41.7587],[55.03294,41.74261],[55.04621,41.72348],[55.06623,41.69934],[55.07813,41.68147],[55.09071,41.65981],[55.10227,41.63891],[55.10871,41.6301],[55.11281,41.618],[55.11554,41.6112],[55.11961,41.60465],[55.12366,41.60038],[55.13716,41.59159],[55.1581,41.5702],[55.16859,41.55585],[55.17939,41.54351],[55.20165,41.52389],[55.21143,41.51458],[55.21684,41.50425],[55.24011,41.472],[55.25527,41.45412],[55.2684,41.43799],[55.28353,41.42414],[55.29833,41.40776],[55.31546,41.39088],[55.33761,41.38031],[55.34533,41.37427],[55.3497,41.36292],[55.35943,41.35637],[55.37519,41.34477],[55.38323,41.33999],[55.38792,41.34049],[55.3896,41.33747],[55.39228,41.33646],[55.3953,41.33848],[55.39831,41.33722],[55.39999,41.3352],[55.39697,41.33369],[55.39767,41.32935],[55.39366,41.32636],[55.39509,41.32417],[55.39906,41.32334],[55.40011,41.32005],[55.39829,41.31815],[55.4048,41.31812],[55.40769,41.31702],[55.40874,41.31428],[55.41308,41.31317],[55.41522,41.3107],[55.41446,41.30634],[55.41008,41.30307],[55.41041,41.29952],[55.41221,41.29815],[55.41254,41.29569],[55.41469,41.29322],[55.42628,41.29454],[55.42988,41.29261],[55.43094,41.28987],[55.43054,41.28578],[55.42906,41.28333],[55.43047,41.27949],[55.43555,41.28084],[55.43781,41.28985],[55.43929,41.29339],[55.44219,41.29365],[55.44902,41.28898],[55.45152,41.28651],[55.4504,41.28241],[55.45108,41.27859],[55.44815,41.27532],[55.45062,41.2693],[55.4553,41.26709],[55.46074,41.26871],[55.46439,41.27142],[55.47235,41.27166],[55.47702,41.26891],[55.48236,41.26123],[55.49066,41.25955],[55.49353,41.25708],[55.49566,41.25379],[55.49961,41.25159],[55.50834,41.25592],[55.51268,41.25617],[55.52427,41.25802],[55.53257,41.25661],[55.53727,41.25659],[55.54273,41.25929],[55.54493,41.26201],[55.54685,41.27129],[55.54902,41.27155],[55.55367,41.26688],[55.55703,41.27561],[55.5567,41.27834],[55.55458,41.28245],[55.54628,41.28495],[55.54524,41.28797],[55.5467,41.28932],[55.55104,41.28957],[55.55393,41.28874],[55.55895,41.28544],[55.56079,41.28761],[55.55757,41.29118],[55.55652,41.29364],[55.55798,41.29473],[55.56702,41.29441],[55.56845,41.29303],[55.56767,41.28867],[55.57127,41.28701],[55.57482,41.2818],[55.57116,41.27827],[55.57258,41.2758],[55.57687,41.27195],[55.58048,41.27111],[55.57982,41.27658],[55.58235,41.27602],[55.58412,41.27328],[55.58805,41.26916],[55.59203,41.26941],[55.58811,41.2738],[55.5885,41.27598],[55.59574,41.27649],[55.59496,41.2724],[55.60003,41.27291],[55.60217,41.26989],[55.60285,41.26689],[55.60174,41.26443],[55.60276,41.25951],[55.60201,41.25733],[55.59731,41.25735],[55.59939,41.25024],[55.60193,41.25105],[55.6073,41.24719],[55.60988,41.25073],[55.60678,41.26276],[55.609,41.26658],[55.61302,41.27038],[55.61739,41.27254],[55.61995,41.27471],[55.62429,41.27496],[55.62829,41.2763],[55.6334,41.28009],[55.63561,41.28281],[55.64032,41.2836],[55.645,41.28166],[55.64928,41.27699],[55.65256,41.27861],[55.6577,41.28486],[55.66604,41.2859],[55.66964,41.28506],[55.67329,41.28722],[55.68127,41.28881],[55.68233,41.28689],[55.68299,41.28224],[55.6877,41.28249],[55.68849,41.28713],[55.69822,41.28488],[55.70365,41.28512],[55.70617,41.28428],[55.70758,41.28154],[55.71009,41.27961],[55.71332,41.27849],[55.71626,41.2812],[55.71917,41.28255],[55.72384,41.28033],[55.72709,41.27949],[55.72891,41.2803],[55.7286,41.2844],[55.72428,41.2858],[55.72178,41.28745],[55.72253,41.28991],[55.7215,41.29319],[55.7226,41.29428],[55.728,41.29287],[55.73311,41.29557],[55.73746,41.29636],[55.7378,41.29472],[55.74106,41.2947],[55.74334,41.30206],[55.74442,41.30205],[55.74943,41.29846],[55.75157,41.29626],[55.75626,41.29541],[55.76169,41.29565],[55.76629,41.28851],[55.77382,41.28408],[55.80055,41.28115],[55.81172,41.27834],[55.81502,41.28159],[55.81655,41.2865],[55.81521,41.29361],[55.81636,41.29715],[55.83204,41.30496],[55.83979,41.31392],[55.84635,41.31687],[55.87072,41.32405],[55.87671,41.33179],[55.97204,41.3258],[56.00115,41.32404],[56.00179,41.32428],[55.99858,43.75327],[55.99866,44.15659],[55.99873,44.43675],[55.99839,44.63153],[55.998,44.86378],[55.99779,44.87981],[55.99845,44.89051],[55.99918,44.89635],[55.99897,44.89999],[55.99874,45.00031],[56.65271,45.15662],[56.74411,45.17725],[56.65942,45.65294],[56.64483,45.6669],[56.60578,45.92613],[56.5598,46.00009],[56.55253,46.00587],[56.5165,46.09736],[56.50944,46.10204],[56.4901,46.11605],[56.46663,46.13219]]],[[[50.01242,45.0001],[50.00799,44.98887],[50.00413,44.97538],[50.00467,44.96681],[50.0066,44.95362],[50.00946,44.94244],[50.0142,44.9309],[50.02073,44.91749],[50.0381,44.88942],[50.04492,44.8798],[50.05497,44.86948],[50.06496,44.86017],[50.07515,44.85336],[50.08682,44.84657],[50.09931,44.84188],[50.11115,44.83795],[50.12272,44.83485],[50.13688,44.83261],[50.15189,44.83131],[50.16539,44.82941],[50.17766,44.82613],[50.18635,44.82079],[50.19259,44.81615],[50.19737,44.81602],[50.19908,44.81954],[50.19911,44.82291],[50.2009,44.8356],[50.20514,44.84098],[50.2121,44.84535],[50.21487,44.84824],[50.21438,44.84998],[50.21027,44.85224],[50.20198,44.85406],[50.19663,44.85373],[50.18634,44.85013],[50.17715,44.84527],[50.17123,44.84324],[50.15705,44.84042],[50.15359,44.84017],[50.14757,44.84103],[50.132,44.84621],[50.11587,44.8539],[50.11009,44.85608],[50.1052,44.85713],[50.09714,44.8596],[50.09242,44.86332],[50.08835,44.86535],[50.08012,44.87097],[50.07097,44.87868],[50.06937,44.88158],[50.06848,44.886],[50.0687,44.89082],[50.06996,44.89429],[50.07173,44.89616],[50.07426,44.9016],[50.07884,44.90675],[50.07706,44.91085],[50.07524,44.908],[50.06905,44.90804],[50.06702,44.90905],[50.06281,44.90865],[50.06117,44.90655],[50.05717,44.90754],[50.05424,44.90967],[50.05171,44.91273],[50.04689,44.92386],[50.0451,44.9296],[50.04365,44.9413],[50.04026,44.95057],[50.03917,44.95707],[50.03726,44.96374],[50.03319,44.96861],[50.03005,44.96887],[50.02778,44.97663],[50.02882,44.98427],[50.03196,44.98901],[50.03021,45.00262],[50.03068,45.0087],[50.03466,45.01378],[50.04652,45.02113],[50.05107,45.02487],[50.05389,45.03091],[50.05992,45.03462],[50.0621,45.03398],[50.0658,45.03462],[50.08196,45.03401],[50.09274,45.03493],[50.1008,45.03509],[50.1021,45.03673],[50.08653,45.04333],[50.08,45.04561],[50.07794,45.0484],[50.07086,45.04975],[50.06325,45.04772],[50.06169,45.04459],[50.05334,45.04432],[50.04571,45.04158],[50.03823,45.03765],[50.03334,45.03716],[50.03316,45.03462],[50.02959,45.02698],[50.02739,45.02437],[50.02483,45.01974],[50.02216,45.01728],[50.02135,45.01435],[50.01774,45.00772],[50.01242,45.0001]]],[[[50.37344,44.8306],[50.37148,44.83108],[50.36524,44.82704],[50.35946,44.82463],[50.35833,44.82311],[50.35938,44.81986],[50.35759,44.81022],[50.35807,44.80552],[50.3626,44.79557],[50.36242,44.79074],[50.36414,44.78545],[50.36214,44.78534],[50.36102,44.78251],[50.36189,44.7791],[50.36555,44.77533],[50.36915,44.77258],[50.36981,44.76996],[50.37236,44.76646],[50.37548,44.76612],[50.37486,44.76918],[50.37561,44.77712],[50.3741,44.78639],[50.37386,44.79153],[50.37051,44.79423],[50.3689,44.8139],[50.37161,44.81698],[50.37061,44.81846],[50.37285,44.82023],[50.37418,44.82429],[50.37456,44.8285],[50.37344,44.8306]]],[[[50.6251,44.81749],[50.61427,44.81523],[50.61008,44.81613],[50.60728,44.81839],[50.60464,44.81899],[50.60219,44.82246],[50.60037,44.82246],[50.59704,44.82772],[50.59145,44.83466],[50.59038,44.83768],[50.58719,44.84089],[50.58626,44.84342],[50.58084,44.84882],[50.57763,44.84836],[50.57534,44.84329],[50.5757,44.84021],[50.57768,44.83618],[50.57764,44.8334],[50.58075,44.82642],[50.57983,44.82254],[50.57998,44.81751],[50.58196,44.81343],[50.58202,44.80338],[50.57954,44.79779],[50.57291,44.79023],[50.56738,44.78205],[50.56731,44.77755],[50.56886,44.7736],[50.57256,44.77068],[50.57871,44.76814],[50.57958,44.77326],[50.57913,44.77861],[50.58086,44.78168],[50.58439,44.78561],[50.59178,44.79231],[50.59695,44.79273],[50.60611,44.79595],[50.61043,44.79856],[50.61728,44.7987],[50.62619,44.80586],[50.62936,44.8077],[50.63252,44.8074],[50.63994,44.80883],[50.64513,44.81203],[50.64665,44.81636],[50.64403,44.81971],[50.64021,44.82054],[50.63232,44.8197],[50.6251,44.81749]]],[[[50.88741,44.82271],[50.89531,44.82021],[50.89799,44.82189],[50.90799,44.81867],[50.9105,44.82002],[50.91488,44.81932],[50.91661,44.82047],[50.9203,44.8199],[50.928,44.82216],[50.93183,44.8204],[50.93434,44.82208],[50.93342,44.82394],[50.93403,44.82721],[50.928,44.83322],[50.9223,44.83411],[50.91983,44.83327],[50.91552,44.83344],[50.90494,44.83798],[50.90287,44.84204],[50.89646,44.84736],[50.89351,44.84784],[50.887,44.84661],[50.88375,44.84423],[50.88107,44.84361],[50.87954,44.84024],[50.88029,44.83769],[50.88209,44.83666],[50.881,44.83026],[50.883,44.82711],[50.88741,44.82271]]],[[[51.12209,44.84829],[51.13348,44.83704],[51.15288,44.8304],[51.15884,44.83165],[51.16115,44.83377],[51.15925,44.83791],[51.15016,44.84925],[51.14528,44.85714],[51.13986,44.85974],[51.13362,44.85916],[51.1309,44.86175],[51.12426,44.86099],[51.12155,44.85858],[51.1172,44.8581],[51.11693,44.85281],[51.12209,44.84829]]],[[[50.96362,44.83605],[50.96891,44.83499],[50.97529,44.83634],[50.97813,44.83562],[50.97881,44.83812],[50.98431,44.84168],[50.98844,44.84101],[50.98878,44.84389],[50.99041,44.84726],[50.98715,44.84865],[50.98464,44.85216],[50.98064,44.85389],[50.98125,44.85543],[50.97895,44.85702],[50.97271,44.85831],[50.96741,44.85477],[50.96317,44.84882],[50.96355,44.84389],[50.96173,44.84226],[50.9612,44.83671],[50.96362,44.83605]]],[[[51.05616,44.86217],[51.06349,44.86275],[51.06695,44.86071],[51.07136,44.86554],[51.08311,44.86608],[51.08646,44.87233],[51.08585,44.88371],[51.0822,44.88705],[51.07472,44.88878],[51.07083,44.88144],[51.0715,44.8739],[51.06656,44.87594],[51.06158,44.8724],[51.05707,44.87522],[51.05918,44.87811],[51.05381,44.88001],[51.04968,44.88412],[51.04503,44.88181],[51.03582,44.88229],[51.03918,44.87842],[51.04743,44.88039],[51.05079,44.87791],[51.04748,44.87427],[51.04815,44.87104],[51.04508,44.8687],[51.04868,44.86431],[51.05285,44.86601],[51.05592,44.86564],[51.05616,44.86217]]],[[[53.14828,45.5197],[53.16547,45.51368],[53.18731,45.5074],[53.1934,45.50439],[53.20952,45.50289],[53.21095,45.49686],[53.22527,45.49435],[53.22671,45.50088],[53.21883,45.51167],[53.22062,45.52447],[53.24461,45.54529],[53.24282,45.56159],[53.2353,45.56786],[53.22778,45.56234],[53.20558,45.56635],[53.16583,45.5666],[53.13646,45.55632],[53.13037,45.54328],[53.14828,45.5197]]],[[[51.12163,45.0001],[51.10572,44.99033],[51.09459,44.98002],[51.09037,44.97093],[51.08865,44.96156],[51.07752,44.97133],[51.07254,44.96319],[51.06659,44.96523],[51.05566,44.95695],[51.05815,44.94907],[51.04933,44.93753],[51.0499,44.93129],[51.05316,44.92327],[51.05968,44.91608],[51.07062,44.90806],[51.08424,44.90725],[51.09843,44.90589],[51.10323,44.89257],[51.09881,44.88252],[51.09459,44.8662],[51.10082,44.85612],[51.11133,44.85583],[51.11357,44.86218],[51.12356,44.86484],[51.1297,44.87803],[51.1372,44.88024],[51.14351,44.89053],[51.16061,44.91081],[51.16557,44.93129],[51.16365,44.9469],[51.17151,44.95763],[51.16357,44.96602],[51.16493,44.97388],[51.17099,44.98275],[51.16883,44.98696],[51.16868,44.99832],[51.1706,45.0053],[51.17421,45.01274],[51.17784,45.01354],[51.18215,45.0123],[51.18374,45.01023],[51.189,45.01031],[51.19473,45.01438],[51.20487,45.01604],[51.2085,45.01323],[51.20904,45.00872],[51.20697,45.00069],[51.20409,44.99285],[51.20955,44.99101],[51.21524,44.99491],[51.21638,44.99831],[51.22237,45.00031],[51.23093,45.00209],[51.23812,45.00725],[51.24249,45.01236],[51.24129,45.01735],[51.23836,45.02497],[51.23443,45.03053],[51.2339,45.03623],[51.23026,45.04128],[51.22436,45.04266],[51.21501,45.04189],[51.2118,45.03914],[51.21343,45.03643],[51.20993,45.03572],[51.20111,45.03615],[51.17846,45.03351],[51.16729,45.02925],[51.15003,45.02152],[51.12471,45.00199],[51.12163,45.0001]]],[[[50.71933,44.89503],[50.72087,44.89549],[50.72264,44.8987],[50.72605,44.9008],[50.72695,44.90308],[50.72997,44.90365],[50.72994,44.90825],[50.73342,44.914],[50.733,44.91878],[50.73055,44.92152],[50.72415,44.92564],[50.71417,44.92938],[50.70262,44.93202],[50.69744,44.93457],[50.68878,44.92819],[50.68711,44.92582],[50.69145,44.92364],[50.69763,44.92152],[50.69947,44.92236],[50.70313,44.91808],[50.70712,44.91628],[50.70951,44.91083],[50.70895,44.90997],[50.71172,44.90568],[50.71163,44.90365],[50.71404,44.89905],[50.71668,44.89588],[50.71933,44.89503]]],[[[50.45891,44.90947],[50.46315,44.91012],[50.46592,44.91586],[50.46797,44.91798],[50.46656,44.91982],[50.46943,44.92375],[50.46788,44.92683],[50.46214,44.93115],[50.45618,44.92983],[50.45363,44.93089],[50.45099,44.92571],[50.4544,44.91908],[50.45639,44.91739],[50.4557,44.91575],[50.45891,44.90947]]],[[[50.24688,45.0001],[50.2458,44.99489],[50.24408,44.99226],[50.23979,44.99037],[50.23864,44.98713],[50.24103,44.98139],[50.24427,44.98011],[50.24771,44.98369],[50.25105,44.98517],[50.25534,44.98355],[50.25868,44.9791],[50.26393,44.97545],[50.26651,44.97647],[50.2709,44.96836],[50.27443,44.94784],[50.2668,44.94473],[50.26355,44.94007],[50.2626,44.93683],[50.26527,44.93419],[50.26641,44.92838],[50.26431,44.92311],[50.26174,44.91412],[50.25942,44.9],[50.25697,44.89425],[50.25672,44.89063],[50.25725,44.88404],[50.25658,44.87992],[50.2584,44.87708],[50.27939,44.86964],[50.28006,44.87241],[50.27882,44.87694],[50.27033,44.88093],[50.2667,44.88438],[50.26737,44.89026],[50.26661,44.89297],[50.26813,44.89702],[50.27233,44.8981],[50.2772,44.90081],[50.28197,44.90243],[50.29504,44.9148],[50.31069,44.92041],[50.31795,44.92696],[50.33073,44.94345],[50.3314,44.95088],[50.32902,44.96431],[50.3293,44.97093],[50.33322,44.97518],[50.34524,44.99138],[50.35431,45.01365],[50.35822,45.04434],[50.35564,45.04879],[50.35135,45.05],[50.34639,45.05465],[50.32759,45.06207],[50.31671,45.06106],[50.31461,45.06234],[50.30055,45.0539],[50.29158,45.04493],[50.28442,45.03913],[50.28003,45.04223],[50.27507,45.04217],[50.26963,45.0454],[50.26934,45.04736],[50.26028,45.04554],[50.25541,45.04122],[50.24291,45.03421],[50.24113,45.03121],[50.23881,45.03144],[50.23699,45.02922],[50.23413,45.0218],[50.23537,45.01829],[50.24527,45.01813],[50.25004,45.01543],[50.24688,45.0001]]]]},"properties":{"area_code":"mangystau","area_name":"Mangystau","boundary_source_name":"Mangystau Region","area_unit_id":"kz-region-2009-geoboundaries-adm1:mangystau","boundary_set_id":"kz-region-2009-geoboundaries-adm1","boundary_level":"region","boundary_vintage":"2009 census 16-region frame (geoBoundaries ADM1, 2017)","land_area_sq_km":155681.4745788091}},
{"type":"Feature","geometry":{"type":"Polygon","coordinates":[[[69.06711,45.99989],[68.99785,45.99961],[68.23794,46.00031],[67.65232,46.00007],[67.17498,46.00053],[67.16732,45.99435],[67.17942,45.97462],[67.16307,45.95565],[67.17525,45.93417],[67.20402,45.91562],[67.24139,45.89926],[67.23741,45.88612],[67.25147,45.87595],[67.26709,45.86639],[67.27131,45.85617],[67.27831,45.84724],[67.29501,45.85203],[67.30412,45.8488],[67.31481,45.8341],[67.31859,45.82094],[67.31704,45.8158],[67.32562,45.81065],[67.32605,45.80289],[67.33266,45.79869],[67.34811,45.79366],[67.35635,45.77535],[67.36545,45.7575],[67.3615,45.75259],[67.3421,45.74229],[67.33438,45.72635],[67.33592,45.71701],[67.31893,45.69759],[67.29352,45.6874],[67.28563,45.66605],[67.29833,45.65813],[67.28923,45.63838],[67.28725,45.63579],[67.28926,45.63408],[67.29078,45.61396],[67.27481,45.60387],[67.26228,45.59642],[67.25353,45.58405],[67.25675,45.57167],[67.24484,45.56441],[67.25771,45.55111],[67.26177,45.52708],[67.25971,45.51433],[67.26468,45.50314],[67.25816,45.48858],[67.26383,45.46956],[67.25267,45.45451],[67.23904,45.44343],[67.23346,45.43104],[67.23746,45.42376],[67.24546,45.42112],[67.24712,45.41822],[67.2424,45.41352],[67.24587,45.40615],[67.24033,45.39564],[67.22002,45.38745],[67.20305,45.38277],[67.1943,45.37209],[67.18329,45.36753],[67.18169,45.35724],[67.16817,45.3512],[67.16736,45.34365],[67.16699,45.33488],[67.17861,45.32123],[67.17825,45.31438],[67.1679,45.31324],[67.17202,45.30704],[67.16797,45.30388],[67.1679,45.30224],[67.17259,45.30011],[67.17455,45.30015],[67.1786,45.29721],[67.21706,45.27189],[67.32523,45.22236],[67.39088,45.18177],[67.51621,45.14777],[67.50904,45.07047],[67.50635,45.0484],[67.52229,44.83662],[67.51062,44.81344],[67.52685,44.67846],[67.52595,44.64914],[67.51612,44.5491],[67.50855,44.46708],[67.50899,44.43343],[67.48741,44.42187],[67.46203,44.36776],[67.4824,44.35256],[67.55933,44.31202],[67.58299,44.29505],[67.5956,44.29871],[67.63069,44.31119],[67.73338,44.27198],[67.74104,44.26384],[67.75642,44.22215],[67.78659,44.20333],[67.80693,44.16616],[67.88696,44.13228],[67.90637,44.11571],[67.9162,44.09865],[67.95803,44.0783],[68.00422,44.06299],[68.03985,44.03283],[68.0603,44.0265],[68.05966,44.02083],[68.05048,44.0003],[68.04406,43.99414],[68.03411,43.9783],[68.02635,43.96249],[67.9656,43.93502],[67.93951,43.90848],[67.92163,43.88645],[67.92112,43.87552],[67.95495,43.86998],[67.97929,43.80247],[67.97872,43.79471],[67.97194,43.77051],[67.96892,43.74227],[67.97146,43.73695],[67.93537,43.70612],[67.931,43.70583],[67.91898,43.7019],[67.90898,43.7027],[67.89878,43.70501],[67.8838,43.72889],[67.86561,43.73608],[67.84569,43.74211],[67.82392,43.74366],[67.82636,43.71789],[67.83821,43.63922],[67.82861,43.61968],[67.82568,43.59879],[67.81384,43.56305],[67.79355,43.56379],[67.77502,43.53659],[67.73412,43.48018],[67.7507,43.47182],[67.72504,43.40728],[67.66406,43.38307],[67.65013,43.37672],[67.66073,43.3742],[67.66541,43.37079],[67.66717,43.36714],[67.66685,43.36271],[67.66501,43.35541],[67.66229,43.35143],[67.65948,43.34259],[67.65992,43.33866],[67.65882,43.33471],[67.65943,43.32766],[67.66236,43.32144],[67.66427,43.31967],[67.66913,43.31816],[67.6716,43.31597],[67.67537,43.3112],[67.68024,43.30978],[67.68552,43.3108],[67.68752,43.3134],[67.68674,43.31685],[67.68171,43.32046],[67.68027,43.32258],[67.67922,43.33137],[67.68187,43.33787],[67.68099,43.34484],[67.68164,43.34849],[67.68423,43.35351],[67.68679,43.35642],[67.69022,43.3587],[67.69335,43.36275],[67.69676,43.36415],[67.70819,43.36745],[67.71527,43.36787],[67.72134,43.36762],[67.73235,43.36638],[67.74247,43.3632],[67.74442,43.3622],[67.7488,43.35621],[67.74886,43.35326],[67.74661,43.35137],[67.74143,43.35178],[67.73869,43.35322],[67.73303,43.35815],[67.72577,43.35896],[67.72251,43.35822],[67.71699,43.35514],[67.71424,43.35161],[67.71405,43.34782],[67.71507,43.34656],[67.72219,43.34414],[67.72923,43.33848],[67.73373,43.33664],[67.74272,43.33528],[67.74797,43.33238],[67.75151,43.33194],[67.75614,43.33299],[67.77223,43.33534],[67.77874,43.33529],[67.78409,43.33359],[67.79358,43.32925],[67.79902,43.32434],[67.79889,43.32273],[67.79294,43.32148],[67.79044,43.31726],[67.79092,43.31095],[67.79725,43.30342],[67.80495,43.2985],[67.81212,43.29724],[67.81453,43.29463],[67.81401,43.29062],[67.80913,43.28654],[67.80332,43.28471],[67.79948,43.28436],[67.79373,43.28731],[67.7905,43.2875],[67.78662,43.2864],[67.78215,43.28297],[67.77499,43.28075],[67.76917,43.27964],[67.76758,43.27793],[67.76773,43.27514],[67.77104,43.27303],[67.78018,43.27312],[67.78346,43.27091],[67.78445,43.26675],[67.78225,43.26168],[67.78256,43.25756],[67.78376,43.2561],[67.78863,43.25635],[67.79375,43.25866],[67.79955,43.25877],[67.80264,43.25809],[67.80683,43.2556],[67.81052,43.25497],[67.82502,43.2563],[67.82868,43.2556],[67.83035,43.25177],[67.82649,43.24738],[67.82284,43.24505],[67.8181,43.24389],[67.81154,43.24115],[67.80538,43.23975],[67.79657,43.23614],[67.79286,43.23512],[67.78734,43.23131],[67.7859,43.22715],[67.78816,43.22332],[67.79633,43.22207],[67.80107,43.22273],[67.80887,43.22531],[67.81464,43.22809],[67.8215,43.22805],[67.82486,43.22722],[67.83142,43.22253],[67.8338,43.21841],[67.83972,43.21675],[67.84502,43.21677],[67.85393,43.2182],[67.86428,43.22042],[67.87086,43.22034],[67.87447,43.21777],[67.87531,43.21596],[67.87409,43.21179],[67.86906,43.20802],[67.86567,43.20627],[67.85916,43.20035],[67.85555,43.19553],[67.85262,43.19381],[67.84455,43.1925],[67.84148,43.19151],[67.83847,43.1892],[67.83718,43.18534],[67.83417,43.18443],[67.82858,43.18447],[67.8253,43.18072],[67.82529,43.17838],[67.22428,42.95125],[67.12427,42.89853],[67.06004,42.86079],[66.98489,42.81633],[66.57748,42.57775],[66.14853,42.32271],[66.07068,42.33794],[66.00194,42.36074],[65.99871,41.93718],[66.53239,41.87744],[66.57148,41.68866],[66.60663,41.49359],[66.64564,41.3448],[66.70658,41.14159],[66.7562,41.14126],[66.99947,41.14082],[67.01701,41.13732],[67.31381,41.13436],[67.36429,41.12708],[67.5741,41.16858],[67.68723,41.17262],[67.69849,41.17634],[67.73305,41.18313],[67.81039,41.15726],[67.86481,41.13514],[67.87911,41.14325],[67.89203,41.15243],[67.90665,41.15244],[67.9202,41.15136],[67.92395,41.15082],[67.94327,41.15001],[67.94661,41.15056],[67.96556,41.15008],[67.96864,41.14097],[67.97206,41.13378],[67.97752,41.1206],[67.98181,41.10766],[67.9863,41.0961],[67.98849,41.08558],[67.98815,41.08194],[67.98566,41.07731],[67.98624,41.07261],[67.98578,41.06856],[67.98401,41.06459],[67.98553,41.0548],[67.98632,41.05214],[67.98738,41.04026],[67.98648,41.03154],[67.98341,41.02879],[67.98357,41.02605],[68.0204,41.02044],[68.02043,41.01821],[68.0242,41.01828],[68.02488,41.02119],[68.02372,41.02382],[68.02542,41.03186],[68.02335,41.03656],[68.02429,41.03809],[68.02893,41.03919],[68.037,41.04392],[68.04177,41.04471],[68.04756,41.04173],[68.0516,41.04239],[68.0546,41.0476],[68.05575,41.05274],[68.06042,41.06559],[68.06251,41.06838],[68.06356,41.07181],[68.06774,41.07752],[68.07092,41.08025],[68.08051,41.08191],[68.08541,41.08058],[68.08882,41.07491],[68.10175,41.06795],[68.10563,41.06657],[68.1125,41.06717],[68.11355,41.06256],[68.11271,41.06088],[68.11478,41.05465],[68.11902,41.04706],[68.12703,41.04465],[68.12675,41.04082],[68.1277,41.0385],[68.12715,41.03222],[68.11351,41.03513],[68.11066,41.03604],[68.10874,41.03409],[68.0885,41.03074],[68.08089,41.02536],[68.08004,41.02555],[68.07369,41.02172],[68.06293,41.02164],[68.05666,41.02115],[68.04893,41.01896],[68.05771,41.00568],[68.06831,41.00806],[68.08232,41.00121],[68.07761,40.99482],[68.07849,40.98788],[68.08796,40.97007],[68.08434,40.96595],[68.08424,40.96343],[68.07661,40.96018],[68.08255,40.95313],[68.07504,40.9496],[68.07163,40.95334],[68.06653,40.95056],[68.0645,40.94852],[68.06327,40.94564],[68.08428,40.94176],[68.09148,40.94202],[68.09674,40.9364],[68.09572,40.93607],[68.0887,40.92554],[68.08162,40.92332],[68.07317,40.92459],[68.07248,40.91673],[68.05409,40.91328],[68.04876,40.90975],[68.0392,40.90932],[68.03329,40.90569],[68.03188,40.90304],[68.02757,40.90243],[68.02577,40.901],[68.01016,40.89372],[68.01222,40.89051],[68.00656,40.88567],[68.0077,40.88321],[68.0072,40.87009],[68.00597,40.86064],[67.9992,40.85998],[67.99473,40.86044],[67.99229,40.85922],[67.98817,40.86033],[67.98067,40.86121],[67.97476,40.86129],[67.97216,40.85992],[67.96956,40.85583],[67.97182,40.85386],[67.9707,40.85059],[67.97542,40.84482],[67.97814,40.84369],[67.97936,40.84114],[67.97793,40.83918],[67.97593,40.83388],[67.97752,40.83125],[68.01578,40.80551],[68.02349,40.8007],[68.07258,40.79057],[68.07722,40.78885],[68.14128,40.73881],[68.16807,40.71933],[68.19971,40.699],[68.21781,40.6875],[68.24842,40.67577],[68.29705,40.65691],[68.30374,40.65347],[68.36183,40.6223],[68.37114,40.61744],[68.38765,40.61724],[68.4064,40.6159],[68.41116,40.61469],[68.43071,40.60043],[68.43526,40.59694],[68.47811,40.58697],[68.47947,40.58621],[68.49274,40.57243],[68.50216,40.57973],[68.52337,40.581],[68.53159,40.5834],[68.53531,40.57946],[68.55273,40.57888],[68.56305,40.57921],[68.58177,40.56865],[68.61042,40.57707],[68.64126,40.59965],[68.66209,40.59924],[68.66312,40.59955],[68.6604,40.60568],[68.65851,40.60855],[68.6537,40.61285],[68.62181,40.63049],[68.62712,40.63459],[68.63718,40.63432],[68.64242,40.63817],[68.64262,40.64585],[68.64783,40.64947],[68.64861,40.6763],[68.65352,40.67991],[68.65094,40.68213],[68.64624,40.68245],[68.64605,40.68614],[68.63629,40.68631],[68.64369,40.69167],[68.64379,40.69405],[68.63501,40.701],[68.63415,40.69763],[68.61888,40.69793],[68.6189,40.69998],[68.6092,40.70768],[68.58385,40.70832],[68.58557,40.76688],[68.5859,40.77999],[68.5852,40.78141],[68.57336,40.7909],[68.56915,40.7959],[68.56229,40.80583],[68.56243,40.84145],[68.56444,40.84898],[68.5737,40.85124],[68.5796,40.85378],[68.58475,40.8571],[68.59046,40.86509],[68.58856,40.87765],[68.5862,40.88603],[68.57673,40.89691],[68.57661,40.90641],[68.58107,40.91692],[68.58068,40.92061],[68.5823,40.9248],[68.57907,40.92505],[68.57307,40.92802],[68.56799,40.9344],[68.56239,40.93575],[68.55868,40.93788],[68.55522,40.9425],[68.55076,40.94418],[68.54876,40.94666],[68.54522,40.94569],[68.54086,40.94575],[68.52328,40.94262],[68.51747,40.94236],[68.51746,40.94772],[68.52012,40.95076],[68.51566,40.95302],[68.51701,40.95638],[68.51479,40.95892],[68.5135,40.9626],[68.50647,40.95933],[68.50049,40.95826],[68.49654,40.95916],[68.49108,40.95618],[68.48491,40.95532],[68.48295,40.9525],[68.47662,40.95073],[68.47161,40.95211],[68.46641,40.95443],[68.46493,40.95642],[68.46519,40.96299],[68.49825,40.97343],[68.49734,40.97922],[68.50204,40.98621],[68.5041,40.99074],[68.50445,40.99991],[68.50674,41.00321],[68.51346,41.00991],[68.52299,41.01469],[68.52849,41.01404],[68.53116,41.01617],[68.53628,41.01278],[68.54699,41.01044],[68.55534,41.00738],[68.55917,41.00704],[68.56286,41.00781],[68.57122,41.01175],[68.57555,41.0162],[68.57865,41.02084],[68.58347,41.02504],[68.58954,41.02885],[68.5983,41.03106],[68.60269,41.03135],[68.60791,41.02917],[68.60956,41.02497],[68.60876,41.01429],[68.6094,41.01191],[68.6171,41.00366],[68.61943,41.00177],[68.62852,40.99735],[68.63324,40.99665],[68.6404,40.99706],[68.65073,40.99674],[68.66219,40.99492],[68.6686,40.9922],[68.67237,40.98925],[68.67336,40.98756],[68.67331,40.98381],[68.67014,40.98083],[68.66721,40.97944],[68.65457,40.97567],[68.64042,40.97495],[68.63342,40.9733],[68.63098,40.972],[68.62773,40.96859],[68.62682,40.96534],[68.62859,40.96052],[68.63545,40.95015],[68.6404,40.94482],[68.64368,40.94285],[68.64926,40.94249],[68.65554,40.94637],[68.66064,40.95225],[68.66571,40.95721],[68.67664,40.96235],[68.68084,40.96246],[68.68372,40.96384],[68.68979,40.96523],[68.69737,40.96751],[68.70208,40.96601],[68.70452,40.96722],[68.71125,40.96477],[68.71985,40.96896],[68.72651,40.96994],[68.72861,40.96967],[68.73225,40.972],[68.73297,40.97355],[68.73813,40.97593],[68.74184,40.98149],[68.74437,40.97995],[68.74833,40.9814],[68.74885,40.98312],[68.7472,40.98535],[68.74906,40.98735],[68.74784,40.9903],[68.75042,40.99183],[68.75109,40.99369],[68.75482,40.994],[68.75419,40.99595],[68.75809,40.99764],[68.75418,41.00104],[68.75343,41.00393],[68.75753,41.00359],[68.76094,41.00656],[68.75679,41.00783],[68.75646,41.01028],[68.75336,41.01367],[68.74742,41.00548],[68.74231,41.00575],[68.73295,41.01478],[68.72202,41.02851],[68.71455,41.03076],[68.71376,41.03218],[68.72192,41.04746],[68.72603,41.05317],[68.73215,41.05814],[68.74903,41.07045],[68.76647,41.08687],[68.78525,41.10042],[68.79093,41.10551],[68.79505,41.10781],[68.80009,41.11183],[68.80389,41.11578],[68.8042,41.11915],[68.80793,41.11815],[68.81533,41.12086],[68.82883,41.12852],[68.83705,41.13396],[68.84038,41.13427],[68.85232,41.14096],[68.85809,41.14227],[68.86056,41.14348],[68.87957,41.15881],[68.88596,41.16219],[68.89764,41.16479],[68.90516,41.16937],[68.91314,41.1724],[68.91478,41.17766],[68.9154,41.18213],[68.91947,41.18151],[68.92708,41.18267],[68.9323,41.18256],[68.93368,41.18612],[68.93799,41.1899],[68.94419,41.19352],[68.95105,41.19536],[68.96498,41.2016],[68.98094,41.20963],[68.98656,41.21062],[68.9881,41.21352],[68.99154,41.21408],[68.99352,41.2174],[68.99734,41.22546],[68.993,41.23041],[68.99753,41.23651],[69.00116,41.23884],[69.00451,41.23455],[69.00713,41.23275],[69.01171,41.22768],[69.01655,41.22688],[69.02361,41.22445],[69.02918,41.22476],[69.02676,41.22853],[69.0262,41.23094],[69.02779,41.23494],[69.0287,41.2393],[69.02646,41.24285],[69.021,41.24589],[69.02526,41.25053],[69.0358,41.25268],[69.03949,41.25521],[69.03922,41.25778],[69.04085,41.26147],[69.04014,41.26474],[69.03794,41.26646],[69.02901,41.26828],[69.02248,41.27191],[69.01722,41.27341],[69.01778,41.27671],[69.01622,41.2779],[69.01558,41.2841],[69.0134,41.28957],[69.01678,41.29667],[69.01889,41.29877],[69.02612,41.29882],[69.02941,41.30384],[69.03599,41.30283],[69.04429,41.31062],[69.04072,41.3205],[69.03862,41.32299],[69.03869,41.32596],[69.04314,41.33469],[69.04549,41.34128],[69.04742,41.34907],[69.04328,41.35063],[69.03575,41.35021],[69.02496,41.35181],[69.02223,41.35324],[69.02196,41.35535],[69.0237,41.35712],[69.02895,41.35909],[69.03395,41.36354],[69.0414,41.36592],[69.04529,41.3646],[69.04939,41.36442],[69.05218,41.36861],[69.0597,41.36958],[69.06028,41.37147],[69.06407,41.37113],[69.06698,41.3736],[69.07903,41.37706],[69.08182,41.37417],[69.08497,41.37212],[69.08558,41.37055],[69.0886,41.36858],[69.08379,41.36565],[69.08405,41.36247],[69.08282,41.35817],[69.08565,41.35712],[69.08973,41.35695],[69.09659,41.35821],[69.09781,41.36232],[69.09794,41.3687],[69.09896,41.37103],[69.10106,41.37201],[69.10124,41.3756],[69.10558,41.38167],[69.10532,41.38294],[69.10854,41.38502],[69.1127,41.39077],[69.11658,41.39237],[69.12286,41.39191],[69.12762,41.38906],[69.12949,41.39083],[69.14543,41.39292],[69.15069,41.39239],[69.15179,41.38647],[69.15565,41.38698],[69.15967,41.39103],[69.1616,41.39437],[69.16674,41.39498],[69.16834,41.4004],[69.17354,41.40082],[69.1751,41.40296],[69.17071,41.40299],[69.16851,41.40456],[69.16598,41.40902],[69.15942,41.42497],[69.14999,41.4271],[69.15415,41.42997],[69.15333,41.43151],[69.15674,41.43447],[69.16193,41.43322],[69.16679,41.43501],[69.17097,41.43402],[69.17359,41.43971],[69.17531,41.43676],[69.17754,41.43855],[69.18022,41.44282],[69.18083,41.4452],[69.18557,41.44815],[69.18474,41.45133],[69.18652,41.45273],[69.19031,41.45152],[69.19387,41.45421],[69.19808,41.4519],[69.20045,41.4528],[69.20239,41.45537],[69.20582,41.45391],[69.20907,41.45553],[69.21062,41.45772],[69.21351,41.4576],[69.21737,41.4593],[69.22282,41.45984],[69.22676,41.46285],[69.23036,41.45942],[69.23487,41.45862],[69.23854,41.45966],[69.23998,41.46197],[69.24441,41.46216],[69.24761,41.4655],[69.25006,41.46632],[69.25243,41.46212],[69.25836,41.4555],[69.26447,41.452],[69.2713,41.45237],[69.2784,41.44965],[69.2813,41.44596],[69.28521,41.44437],[69.28712,41.44159],[69.29258,41.43723],[69.29528,41.43785],[69.30115,41.43775],[69.30102,41.43948],[69.30599,41.43855],[69.31685,41.44279],[69.3225,41.44992],[69.32716,41.4497],[69.33697,41.4575],[69.33742,41.45903],[69.3412,41.45862],[69.34237,41.46038],[69.34533,41.46113],[69.34754,41.46361],[69.35331,41.46634],[69.35431,41.46848],[69.35467,41.47268],[69.35845,41.47168],[69.35992,41.46977],[69.36328,41.46954],[69.36572,41.46806],[69.37098,41.46655],[69.37976,41.46538],[69.38446,41.46651],[69.39031,41.46665],[69.39465,41.46775],[69.39669,41.46738],[69.40247,41.46812],[69.40496,41.46947],[69.41075,41.47032],[69.41176,41.46816],[69.41662,41.46539],[69.41667,41.46329],[69.42262,41.46371],[69.42379,41.46221],[69.42935,41.46204],[69.43385,41.46108],[69.4456,41.46416],[69.4497,41.46397],[69.45227,41.46254],[69.45716,41.4647],[69.46057,41.46736],[69.45731,41.46887],[69.45839,41.4718],[69.45787,41.47586],[69.45489,41.48425],[69.45454,41.48817],[69.45133,41.48801],[69.44497,41.48948],[69.44137,41.48788],[69.43838,41.48785],[69.4374,41.48953],[69.43398,41.4917],[69.43404,41.49298],[69.42512,41.49855],[69.40029,41.5035],[69.39779,41.50758],[69.40162,41.51416],[69.40285,41.518],[69.407,41.52436],[69.41995,41.53511],[69.42775,41.54061],[69.43835,41.55562],[69.44179,41.55997],[69.45096,41.56478],[69.45494,41.56615],[69.45579,41.56916],[69.4607,41.56881],[69.46874,41.56208],[69.4748,41.55985],[69.48111,41.55048],[69.48405,41.55052],[69.50098,41.54713],[69.52705,41.56305],[69.5499,41.56937],[69.54996,41.57286],[69.53901,41.57798],[69.53884,41.58151],[69.53759,41.58459],[69.53889,41.58866],[69.54057,41.58996],[69.5498,41.59178],[69.55102,41.59524],[69.55476,41.59722],[69.55706,41.59697],[69.55966,41.59945],[69.56017,41.60355],[69.56391,41.60626],[69.56595,41.61172],[69.56586,41.61473],[69.57156,41.61716],[69.57561,41.62548],[69.57647,41.62951],[69.58237,41.63415],[69.59639,41.64367],[69.59833,41.64585],[69.60548,41.64883],[69.60966,41.64978],[69.61135,41.65512],[69.61398,41.65779],[69.61636,41.66214],[69.61777,41.66306],[69.63106,41.66316],[69.63447,41.66484],[69.6386,41.66803],[69.64426,41.66803],[69.65189,41.66932],[69.65501,41.66852],[69.65863,41.6699],[69.66566,41.67046],[69.66853,41.66866],[69.67191,41.66985],[69.67558,41.6743],[69.67952,41.67698],[69.6824,41.67747],[69.69137,41.67339],[69.6962,41.67323],[69.7053,41.67817],[69.70797,41.67818],[69.71294,41.67688],[69.71541,41.67828],[69.71532,41.68347],[69.71761,41.68622],[69.72062,41.68582],[69.72514,41.68793],[69.72706,41.69292],[69.73094,41.69445],[69.7373,41.69859],[69.74332,41.6991],[69.74562,41.70083],[69.75111,41.69926],[69.75483,41.69912],[69.75884,41.69703],[69.76487,41.69934],[69.76675,41.69934],[69.77467,41.69733],[69.77963,41.69991],[69.78719,41.69996],[69.79267,41.7043],[69.79747,41.70735],[69.80425,41.70905],[69.81188,41.7092],[69.8174,41.71156],[69.82666,41.71416],[69.83235,41.71798],[69.83952,41.71998],[69.84444,41.71996],[69.84679,41.72109],[69.8521,41.71887],[69.85885,41.71733],[69.86157,41.71377],[69.86607,41.71069],[69.86968,41.70947],[69.87427,41.70976],[69.87754,41.70801],[69.88229,41.7066],[69.88961,41.70793],[69.89432,41.70676],[69.89637,41.70908],[69.9014,41.70906],[69.90747,41.71269],[69.91551,41.71308],[69.92363,41.71685],[69.92149,41.71923],[69.92245,41.72225],[69.92184,41.72422],[69.92474,41.72654],[69.92987,41.72591],[69.93363,41.7261],[69.93926,41.72535],[69.94321,41.72841],[69.94805,41.72978],[69.95768,41.73377],[69.95763,41.73593],[69.9596,41.73824],[69.96067,41.74159],[69.95984,41.7464],[69.95733,41.75033],[69.95999,41.75378],[69.96618,41.75981],[69.97185,41.76401],[69.97366,41.77666],[69.97568,41.77843],[69.99203,41.78433],[69.99753,41.78597],[70.00685,41.79071],[70.00768,41.79447],[70.00495,41.79771],[70.0073,41.79914],[70.01354,41.79853],[70.02124,41.7985],[70.02194,41.79786],[70.02106,41.78951],[70.01993,41.78714],[70.02061,41.78513],[70.02307,41.78473],[70.02846,41.78524],[70.03679,41.78108],[70.04766,41.78072],[70.05097,41.78245],[70.0493,41.78837],[70.05119,41.79248],[70.0518,41.79722],[70.05096,41.79939],[70.05644,41.80431],[70.05863,41.80488],[70.06782,41.8047],[70.07322,41.80745],[70.07693,41.80867],[70.07842,41.81201],[70.0802,41.81335],[70.0841,41.81419],[70.08659,41.8186],[70.08948,41.82133],[70.09442,41.82231],[70.09518,41.8258],[70.1004,41.83521],[70.10412,41.83811],[70.11027,41.83819],[70.11763,41.83742],[70.1202,41.84057],[70.13457,41.84432],[70.13737,41.84424],[70.1419,41.84227],[70.14565,41.83861],[70.14676,41.83658],[70.15321,41.83977],[70.15384,41.842],[70.15622,41.84445],[70.15772,41.84946],[70.16319,41.8501],[70.16582,41.85322],[70.1701,41.85613],[70.1726,41.85492],[70.17587,41.85531],[70.18335,41.86192],[70.18453,41.86439],[70.18285,41.86935],[70.18112,41.87225],[70.18192,41.87555],[70.181,41.87963],[70.18111,41.8831],[70.18512,41.88298],[70.18912,41.88507],[70.19706,41.88727],[70.19482,41.89088],[70.19682,41.89752],[70.19508,41.90186],[70.198,41.90529],[70.2078,41.90332],[70.21416,41.90724],[70.2167,41.91295],[70.22048,41.91327],[70.22738,41.91723],[70.22842,41.92119],[70.22528,41.92304],[70.22352,41.92838],[70.22768,41.93072],[70.22805,41.93463],[70.23162,41.93551],[70.2345,41.93797],[70.2398,41.93945],[70.24097,41.94297],[70.24604,41.94364],[70.25161,41.94643],[70.25349,41.94839],[70.25898,41.94931],[70.26144,41.95432],[70.26547,41.95239],[70.26807,41.95206],[70.27131,41.95319],[70.27391,41.9529],[70.27672,41.95457],[70.27952,41.95501],[70.28121,41.95673],[70.28807,41.95787],[70.28993,41.95943],[70.29106,41.96246],[70.29837,41.96303],[70.30492,41.96421],[70.30887,41.96818],[70.31709,41.96809],[70.31818,41.97044],[70.32536,41.97014],[70.32808,41.97075],[70.32908,41.97299],[70.33525,41.97471],[70.33624,41.97765],[70.33549,41.98156],[70.33685,41.98471],[70.3343,41.9869],[70.3338,41.98942],[70.33006,41.99707],[70.33067,42.00638],[70.33304,42.01497],[70.33276,42.01819],[70.33121,42.02207],[70.32441,42.02616],[70.32322,42.0302],[70.32021,42.03703],[70.32248,42.04019],[70.32948,42.04106],[70.33174,42.0434],[70.33206,42.04755],[70.33477,42.04732],[70.34038,42.04855],[70.34291,42.05015],[70.35095,42.05077],[70.35561,42.05755],[70.36216,42.05776],[70.36472,42.05909],[70.37223,42.0644],[70.37255,42.06861],[70.37791,42.06963],[70.38097,42.07109],[70.3872,42.07111],[70.39229,42.06842],[70.39635,42.06824],[70.40088,42.0694],[70.41017,42.07474],[70.4117,42.07768],[70.41637,42.07806],[70.41957,42.07992],[70.42293,42.08344],[70.4325,42.08799],[70.43889,42.08936],[70.44212,42.09182],[70.44444,42.09135],[70.45006,42.08861],[70.45434,42.0857],[70.45902,42.08499],[70.46387,42.0931],[70.46737,42.09428],[70.4692,42.09773],[70.4743,42.10135],[70.47598,42.10931],[70.48472,42.10616],[70.49162,42.10418],[70.49476,42.09968],[70.50138,42.09914],[70.50239,42.09585],[70.5062,42.09204],[70.50676,42.08953],[70.51323,42.08809],[70.51362,42.08431],[70.51742,42.08203],[70.5275,42.08522],[70.52981,42.08489],[70.5396,42.07932],[70.54553,42.07398],[70.54741,42.07044],[70.54992,42.06771],[70.55092,42.05993],[70.55163,42.05777],[70.55652,42.05414],[70.55752,42.05215],[70.55653,42.05002],[70.55756,42.04809],[70.55853,42.04303],[70.5532,42.03962],[70.55176,42.03707],[70.5487,42.03501],[70.55241,42.03037],[70.55518,42.02893],[70.55822,42.02609],[70.55943,42.02351],[70.56761,42.02204],[70.57194,42.02036],[70.57652,42.02043],[70.57966,42.01614],[70.58241,42.01447],[70.58704,42.01019],[70.59293,42.01023],[70.60656,42.00685],[70.61008,42.00875],[70.61284,42.01133],[70.62325,42.01475],[70.63442,42.01543],[70.63799,42.01682],[70.64097,42.01999],[70.63859,42.0237],[70.6384,42.02569],[70.64146,42.02843],[70.64336,42.0335],[70.64743,42.03859],[70.65106,42.04159],[70.6524,42.04816],[70.65488,42.05357],[70.65571,42.06139],[70.65815,42.06319],[70.66026,42.06796],[70.66507,42.0711],[70.66617,42.07759],[70.67124,42.08152],[70.6727,42.08438],[70.67878,42.08838],[70.67929,42.0906],[70.67798,42.09351],[70.6787,42.0982],[70.68046,42.10014],[70.68234,42.10672],[70.68629,42.11539],[70.68717,42.12109],[70.69332,42.12526],[70.69505,42.12734],[70.70724,42.13032],[70.70786,42.13377],[70.71116,42.13559],[70.7118,42.13718],[70.71468,42.13863],[70.71463,42.14211],[70.71988,42.14527],[70.7258,42.14782],[70.72621,42.15056],[70.72457,42.15266],[70.72599,42.15726],[70.7365,42.16443],[70.73757,42.16577],[70.74423,42.16705],[70.74936,42.16578],[70.75158,42.16898],[70.75555,42.17095],[70.75406,42.17274],[70.75348,42.17596],[70.74898,42.17775],[70.74096,42.17894],[70.73909,42.18191],[70.73969,42.18439],[70.74592,42.18868],[70.75213,42.1938],[70.75663,42.19213],[70.76133,42.19181],[70.76801,42.19357],[70.76918,42.19869],[70.77064,42.20096],[70.77895,42.20278],[70.78413,42.2055],[70.79001,42.20645],[70.79207,42.20911],[70.79384,42.20945],[70.79845,42.20747],[70.80486,42.20631],[70.81725,42.20328],[70.82068,42.20046],[70.82639,42.19929],[70.83156,42.19519],[70.83595,42.19445],[70.83919,42.19585],[70.84956,42.19759],[70.85264,42.20305],[70.85288,42.20567],[70.85455,42.2079],[70.86289,42.21112],[70.86611,42.21184],[70.87899,42.21183],[70.88365,42.21069],[70.88742,42.2124],[70.88884,42.21513],[70.88748,42.2171],[70.8879,42.22],[70.89492,42.2211],[70.89832,42.22262],[70.90151,42.22555],[70.90534,42.22565],[70.90979,42.22677],[70.91169,42.22837],[70.91056,42.23171],[70.9125,42.23522],[70.91617,42.23709],[70.9217,42.236],[70.92651,42.23754],[70.9255,42.24293],[70.92893,42.24588],[70.92959,42.24786],[70.9348,42.25065],[70.93602,42.25348],[70.93826,42.25553],[70.94011,42.25918],[70.9433,42.26347],[70.94063,42.26624],[70.93357,42.26974],[70.92822,42.26659],[70.92267,42.2674],[70.92044,42.26635],[70.91799,42.26271],[70.91227,42.26123],[70.90877,42.2622],[70.90349,42.2615],[70.89086,42.26325],[70.89068,42.26648],[70.89521,42.27271],[70.8946,42.27664],[70.89269,42.27802],[70.89168,42.28147],[70.8838,42.2861],[70.88233,42.28785],[70.87218,42.29158],[70.86874,42.29643],[70.8652,42.29982],[70.86927,42.30502],[70.87016,42.31025],[70.86783,42.31539],[70.86894,42.3185],[70.86558,42.32012],[70.85724,42.3228],[70.85577,42.32406],[70.8508,42.32565],[70.84313,42.32625],[70.8356,42.33934],[70.82369,42.34325],[70.80764,42.36832],[70.78347,42.38902],[70.77887,42.39262],[70.79344,42.4142],[70.78706,42.43874],[70.77141,42.45032],[70.74423,42.45059],[70.73942,42.45115],[70.7219,42.4588],[70.69137,42.4504],[70.6669,42.45219],[70.65592,42.4688],[70.65396,42.48167],[70.65136,42.48766],[70.64889,42.48901],[70.64393,42.50142],[70.6364,42.50947],[70.63484,42.5102],[70.63098,42.51432],[70.62708,42.51616],[70.6243,42.51938],[70.61986,42.53159],[70.60601,42.53935],[70.58425,42.54842],[70.57032,42.5469],[70.55684,42.55588],[70.54203,42.5857],[70.54134,42.5866],[70.53535,42.58803],[70.53016,42.58554],[70.52466,42.5845],[70.50258,42.59742],[70.51832,42.60237],[70.51654,42.60374],[70.50224,42.61248],[70.49103,42.61708],[70.46618,42.6334],[70.44597,42.648],[70.42694,42.64883],[70.41527,42.65539],[70.40974,42.65477],[70.39056,42.67027],[70.37981,42.68524],[70.34602,42.69622],[70.32319,42.69307],[70.3252,42.69484],[70.3129,42.70851],[70.30732,42.70798],[70.30306,42.7147],[70.29453,42.7191],[70.27792,42.71737],[70.23801,42.72059],[70.23651,42.73023],[70.2256,42.73335],[70.21189,42.74404],[70.20658,42.74703],[70.21476,42.76279],[70.22773,42.77893],[70.23443,42.79372],[70.22448,42.79894],[70.20794,42.80415],[70.19387,42.81119],[70.21595,42.82775],[70.2103,42.83617],[70.20955,42.84185],[70.20122,42.85075],[70.20239,42.85297],[70.20194,42.85642],[70.20897,42.86139],[70.22089,42.87198],[70.23129,42.87576],[70.25129,42.87797],[70.23597,42.88426],[70.22733,42.89356],[70.22483,42.90063],[70.22128,42.904],[70.22492,42.91123],[70.22394,42.91724],[70.22879,42.92364],[70.22906,42.93091],[70.22807,42.9362],[70.2246,42.94285],[70.21455,42.94411],[70.19877,42.95362],[70.20718,42.96658],[70.2064,42.96941],[70.19471,42.9735],[70.19201,42.98297],[70.1906,42.98439],[70.19881,42.98669],[70.20382,42.99122],[70.19542,42.99792],[70.19887,43.00212],[70.19823,43.00653],[70.18594,42.9982],[70.18623,43.00084],[70.1742,43.01913],[70.14457,43.02824],[70.17728,43.0541],[70.16692,43.06602],[70.17274,43.06861],[70.14998,43.09256],[70.12449,43.07376],[70.10252,43.08914],[70.07414,43.11075],[70.0639,43.11693],[70.07267,43.12999],[70.07325,43.14956],[70.06676,43.15024],[70.06239,43.14798],[70.05615,43.1491],[70.04783,43.14891],[70.00435,43.17046],[70.00346,43.1747],[70.009,43.18197],[70.0025,43.19737],[69.99455,43.20004],[69.99532,43.20515],[70.00026,43.20498],[69.98964,43.21255],[69.97962,43.21501],[69.97397,43.21319],[69.96185,43.21204],[69.95309,43.20788],[69.94233,43.20709],[69.91694,43.21129],[69.90909,43.22324],[69.91565,43.22658],[69.91343,43.23299],[69.90472,43.22954],[69.88594,43.25841],[69.86958,43.26337],[69.84838,43.2679],[69.84186,43.26168],[69.83615,43.24925],[69.82139,43.23356],[69.8212,43.22671],[69.80756,43.22805],[69.80929,43.23071],[69.80638,43.23295],[69.80508,43.23609],[69.78927,43.24267],[69.78169,43.2437],[69.7765,43.24275],[69.77302,43.24304],[69.7689,43.24189],[69.7639,43.2414],[69.75909,43.24307],[69.73107,43.25937],[69.72248,43.25825],[69.71384,43.26046],[69.69126,43.26152],[69.67294,43.26084],[69.65654,43.25571],[69.64808,43.2495],[69.63451,43.25029],[69.63334,43.2578],[69.63125,43.26343],[69.63736,43.28383],[69.6316,43.29737],[69.62666,43.30328],[69.62079,43.30598],[69.59087,43.30001],[69.56196,43.29686],[69.56129,43.29223],[69.5399,43.29847],[69.52944,43.30942],[69.53535,43.33061],[69.53228,43.34806],[69.52809,43.35937],[69.52692,43.36962],[69.52995,43.3779],[69.53825,43.39523],[69.53759,43.40215],[69.54243,43.41198],[69.5084,43.42298],[69.48673,43.42301],[69.48304,43.42126],[69.45755,43.426],[69.43394,43.43131],[69.43816,43.44461],[69.44033,43.44774],[69.44497,43.45712],[69.45049,43.46376],[69.45982,43.46587],[69.4655,43.4697],[69.4878,43.48877],[69.49162,43.49568],[69.51577,43.50902],[69.52427,43.51782],[69.52916,43.52387],[69.55726,43.55588],[69.60077,43.64217],[69.61586,43.67648],[69.63824,43.709],[69.64463,43.72489],[69.66387,43.74221],[69.68039,43.76348],[69.68159,43.77621],[69.67898,43.80357],[69.67977,43.82005],[69.68271,43.8418],[69.68632,43.85147],[69.69301,43.8771],[69.70168,43.92608],[69.71448,43.95875],[69.73365,43.98749],[69.70678,44.02728],[69.74429,44.06869],[69.76423,44.09879],[69.76818,44.12479],[69.82479,44.16056],[69.71699,44.65391],[69.69843,44.71115],[69.66755,44.82058],[69.65267,44.88798],[69.59251,44.95593],[69.53883,45.15489],[69.46436,45.33841],[69.37985,45.46489],[69.36773,45.48519],[69.35864,45.49744],[69.2916,45.70141],[69.26659,45.76936],[69.24996,45.76915],[69.06711,45.99989]]]},"properties":{"area_code":"south_kazakhstan","area_name":"South Kazakhstan","boundary_source_name":"South Kazakhstan Region","area_unit_id":"kz-region-2009-geoboundaries-adm1:south_kazakhstan","boundary_set_id":"kz-region-2009-geoboundaries-adm1","boundary_level":"region","boundary_vintage":"2009 census 16-region frame (geoBoundaries ADM1, 2017)","land_area_sq_km":117386.46962008627}},
{"type":"Feature","geometry":{"type":"Polygon","coordinates":[[[73.67107,51.27862],[73.98686,51.21111],[74.03077,51.20173],[74.0293,51.19846],[74.02551,51.19754],[74.01932,51.19812],[74.01495,51.19662],[74.01012,51.19178],[74.00919,51.18756],[74.00017,51.17795],[73.99979,51.16924],[74.00076,51.16725],[74.00422,51.16433],[74.00405,51.16274],[74.01116,51.1591],[74.01706,51.15748],[74.01637,51.15217],[74.0162,51.14423],[74.02122,51.1357],[74.03375,51.12227],[74.03717,51.12159],[74.04041,51.11795],[74.0459,51.11795],[74.04401,51.10459],[74.04864,51.09844],[74.00058,51.04494],[73.99972,51.03566],[74.00092,51.02627],[74.01122,51.02076],[74.01277,51.01525],[74.01912,51.01137],[74.01963,51.00866],[74.01723,51.00532],[74.01809,51.00391],[74.02221,51.00337],[74.02547,51.00402],[74.02719,51.00186],[74.02393,51.00056],[74.01963,51.00035],[74.01672,50.99786],[74.01826,50.99667],[74.01653,50.99145],[74.00911,50.97582],[74.00586,50.97513],[74.0033,50.97056],[73.99029,50.95275],[74.00102,50.94929],[74.0043,50.9493],[74.01187,50.94713],[74.01449,50.94781],[74.01547,50.94416],[74.0229,50.94178],[74.0294,50.94532],[74.03329,50.94644],[74.03286,50.94223],[74.04052,50.94197],[74.04602,50.93941],[74.0499,50.93951],[74.05425,50.94154],[74.05524,50.94542],[74.05796,50.94789],[74.05469,50.94968],[74.0605,50.95556],[74.05879,50.95813],[74.06601,50.96132],[74.07112,50.9647],[74.07424,50.96427],[74.07389,50.96039],[74.07146,50.95594],[74.07306,50.95305],[74.0849,50.95382],[74.08749,50.95183],[74.09117,50.95229],[74.09368,50.94939],[74.09489,50.94336],[74.09325,50.93878],[74.08827,50.93848],[74.08484,50.93648],[74.08519,50.93405],[74.08798,50.93241],[74.08449,50.93066],[74.08009,50.92694],[74.08086,50.92336],[74.08393,50.92295],[74.08495,50.9207],[74.08108,50.91937],[74.07789,50.91601],[74.06645,50.91773],[74.06267,50.91769],[74.06345,50.91469],[74.05032,50.90971],[74.04803,50.9075],[74.04784,50.90398],[74.05676,50.90146],[74.05455,50.89759],[74.0558,50.89108],[74.06028,50.88399],[74.06215,50.88385],[74.0706,50.88048],[74.07216,50.87797],[74.06833,50.87481],[74.06125,50.87514],[74.05735,50.87411],[74.05185,50.87036],[74.05062,50.86704],[74.05294,50.86535],[74.05764,50.86464],[74.06607,50.86443],[74.06512,50.85781],[74.06258,50.85825],[74.05745,50.85576],[74.05368,50.85284],[74.05569,50.84882],[74.05935,50.84736],[74.06572,50.84258],[74.06681,50.8383],[74.06275,50.83775],[74.06219,50.84193],[74.06025,50.84375],[74.05603,50.84347],[74.04749,50.8446],[74.04481,50.84205],[74.04309,50.84468],[74.0396,50.84658],[74.03625,50.84386],[74.02687,50.8387],[74.00769,50.8367],[74.00135,50.83419],[73.99925,50.83131],[73.99483,50.82974],[73.99357,50.83255],[73.92121,50.77965],[73.93558,50.7606],[73.94339,50.75472],[73.94421,50.74931],[73.92283,50.73226],[73.88077,50.69771],[73.8942,50.66442],[73.96412,50.62595],[73.99397,50.61076],[74.0222,50.61022],[74.03811,50.61182],[74.05792,50.61231],[74.11181,50.61521],[74.2435,50.62035],[74.28667,50.61685],[74.30324,50.61949],[74.31802,50.62467],[74.36816,50.63712],[74.40003,50.66229],[74.45023,50.66333],[74.47153,50.64958],[74.48115,50.64513],[74.51805,50.63836],[74.52672,50.63613],[74.55548,50.63218],[74.56923,50.62933],[74.58099,50.62866],[74.60598,50.61534],[74.61315,50.61233],[74.62783,50.60749],[74.62757,50.58896],[74.59682,50.55461],[74.60078,50.51584],[74.63212,50.48878],[74.64509,50.46645],[74.67776,50.47891],[74.70896,50.48039],[74.72296,50.51322],[74.72826,50.52216],[74.72527,50.5286],[74.75847,50.54575],[74.82652,50.48274],[74.87126,50.45443],[74.91414,50.46783],[74.93912,50.4455],[74.95532,50.4283],[74.96612,50.41197],[74.96766,50.3891],[74.96649,50.37306],[74.9716,50.36232],[74.97323,50.35173],[74.95974,50.34674],[74.9723,50.32987],[74.99165,50.31994],[75.01866,50.30272],[75.03886,50.29428],[75.09697,50.27639],[75.13984,50.25482],[75.13047,50.23153],[75.12121,50.22976],[75.1092,50.22516],[75.11626,50.21806],[75.07098,50.20549],[75.06706,50.21336],[74.99957,50.20059],[74.98386,50.1883],[74.93632,50.18442],[74.91888,50.17453],[74.89947,50.16426],[74.88974,50.15796],[74.88312,50.1512],[74.87587,50.14508],[74.86527,50.13443],[74.84591,50.1237],[74.84107,50.11948],[74.82168,50.11618],[74.81227,50.11171],[74.80331,50.10676],[74.81325,50.09188],[74.81659,50.08558],[74.81806,50.08105],[74.8303,50.06394],[74.83778,50.05267],[74.84506,50.04069],[74.87284,50.04037],[74.91258,50.03799],[74.94496,50.01344],[75.00992,50.02264],[75.01243,50.0296],[75.06245,50.04905],[75.07819,50.06025],[75.24893,50.13675],[75.32948,50.1728],[75.3499,50.17462],[75.39205,50.18074],[75.44125,50.1876],[75.51016,50.18257],[75.57025,50.18089],[75.59081,50.18154],[75.642,50.18923],[75.67265,50.22008],[75.68922,50.22272],[75.69654,50.23163],[75.70469,50.23424],[75.72707,50.23391],[75.73434,50.2225],[75.7554,50.22167],[75.7703,50.20937],[75.77639,50.20333],[75.7942,50.20432],[75.81658,50.2035],[75.84786,50.20406],[75.85689,50.20824],[75.91214,50.2203],[75.92908,50.22105],[75.9683,50.23814],[75.97823,50.24319],[75.99262,50.24783],[76.02159,50.25127],[76.03666,50.25721],[76.10661,50.25772],[76.21616,50.21274],[76.22296,50.23572],[76.26685,50.2629],[76.26605,50.28758],[76.27253,50.30478],[76.30221,50.31069],[76.32638,50.31482],[76.31998,50.3286],[76.32976,50.32867],[76.37129,50.32661],[76.46723,50.32768],[76.52604,50.33051],[76.6045,50.29885],[76.6506,50.27265],[76.74195,50.49533],[76.78148,50.59136],[76.84539,50.63981],[76.98639,50.65645],[77.01087,50.65476],[77.06174,50.6597],[77.07699,50.6675],[77.25313,50.5672],[77.37848,50.54806],[77.45045,50.55073],[77.56676,50.49951],[77.64591,50.46462],[77.64339,50.36117],[77.60032,50.27831],[77.69717,50.22185],[77.75559,50.23527],[77.80306,50.19222],[78.03021,50.1263],[78.11969,50.10031],[78.16042,50.09166],[78.41432,50.03774],[78.50291,50.04496],[78.61343,50.08843],[78.65211,50.13173],[78.70995,50.19637],[78.76156,50.26623],[78.81981,50.32105],[78.78875,50.42224],[78.78002,50.4506],[78.70485,50.47282],[78.69499,50.59398],[78.70987,50.63519],[78.69631,50.66029],[78.71897,50.70149],[78.71219,50.70786],[78.68813,50.69821],[78.6829,50.69522],[78.6084,50.68409],[78.60536,50.68544],[78.52374,50.68099],[78.45769,50.73658],[78.45733,50.74254],[78.45777,50.75974],[78.45161,50.76934],[78.47384,50.77952],[78.46989,50.78324],[78.47754,50.79349],[78.47938,50.79977],[78.47219,50.80576],[78.46739,50.81248],[78.46498,50.81921],[78.46704,50.82658],[78.46739,50.83049],[78.45983,50.83938],[78.45091,50.84176],[78.4358,50.84328],[78.42461,50.84227],[78.41431,50.84097],[78.40044,50.84848],[78.38808,50.85303],[78.37057,50.8526],[78.36542,50.85368],[78.35821,50.85975],[78.34963,50.87189],[78.33624,50.88012],[78.31598,50.88337],[78.29126,50.8825],[78.27822,50.8825],[78.26929,50.88727],[78.26139,50.90221],[78.24938,50.9139],[78.24526,50.92342],[78.24217,50.93835],[78.22878,50.95371],[78.22134,50.95703],[78.20765,50.96079],[78.2018,50.9649],[78.1962,50.98133],[78.19474,50.99174],[78.19423,51.0014],[78.19107,51.00824],[78.18835,51.01557],[78.18067,51.02321],[78.172,51.02598],[78.15992,51.02651],[78.14545,51.02533],[78.13446,51.0251],[78.12938,51.02638],[78.12451,51.02979],[78.12361,51.03372],[78.13305,51.05032],[78.13455,51.05895],[78.12938,51.06638],[78.12043,51.07104],[78.11318,51.07289],[78.10567,51.07301],[78.09863,51.07251],[78.08998,51.07262],[78.08166,51.07774],[78.07978,51.07984],[78.07394,51.0902],[78.07428,51.10141],[78.06913,51.10917],[78.06379,51.12723],[78.06879,51.14214],[78.0755,51.14738],[78.08202,51.1487],[78.08912,51.1481],[78.10897,51.14972],[78.11322,51.14861],[78.1191,51.15497],[78.15549,51.17222],[78.17451,51.17869],[78.19374,51.18563],[78.21223,51.18652],[78.24428,51.18879],[78.26198,51.1926],[78.28631,51.20034],[78.31025,51.21149],[78.32439,51.23391],[78.34015,51.24476],[78.37583,51.22661],[78.39065,51.21889],[78.41966,51.22133],[78.4306,51.22342],[78.45061,51.22411],[78.48384,51.22995],[78.51372,51.23117],[78.54218,51.23773],[78.57245,51.2495],[78.63206,51.27336],[78.6415,51.29175],[78.67308,51.29402],[78.68824,51.29582],[78.69586,51.29345],[78.69693,51.3016],[78.69719,51.30786],[78.6981,51.31189],[78.7188,51.3098],[78.72862,51.30724],[78.76347,51.30092],[78.78477,51.29883],[78.78329,51.37335],[78.78995,51.38253],[78.74746,51.38143],[78.74025,51.46765],[78.72079,51.46557],[78.70342,51.46588],[78.68013,51.47007],[78.67146,51.49106],[78.67977,51.49618],[78.70822,51.49533],[78.73635,51.49607],[78.80861,51.49563],[78.82457,51.49376],[78.83322,51.49121],[78.8471,51.49046],[78.85432,51.48809],[78.85589,51.48518],[78.83777,51.47561],[78.84163,51.45394],[78.91923,51.45786],[78.95285,51.45357],[78.98337,51.44926],[79.00147,51.4591],[79.02902,51.47944],[79.082,51.51129],[79.10135,51.5254],[79.06154,51.58682],[79.11064,51.59361],[79.13429,51.60129],[79.15045,51.60607],[79.20239,51.61909],[79.23048,51.63586],[79.24565,51.64585],[79.24854,51.65183],[79.24565,51.6577],[79.2462,51.66174],[79.23755,51.66635],[79.23082,51.67096],[79.23296,51.67718],[79.23087,51.68074],[79.23229,51.68212],[79.23949,51.68446],[79.25919,51.68844],[79.24803,51.69215],[79.25086,51.69768],[79.25503,51.69971],[79.27369,51.70247],[79.30351,51.70446],[79.33253,51.7072],[79.33906,51.70866],[79.27628,51.78933],[79.2105,51.873],[79.17341,51.9296],[79.15923,51.94542],[79.14692,51.96058],[79.11191,52.00309],[79.08167,52.03644],[79.07336,52.0454],[79.04981,52.07013],[79.03972,52.08144],[79.01459,52.10818],[78.987,52.13808],[78.98237,52.14265],[78.96038,52.1663],[78.93602,52.19206],[78.88854,52.24313],[78.87349,52.25988],[78.76379,52.37759],[78.62633,52.53215],[78.61858,52.54137],[78.5471,52.6187],[78.5424,52.6249],[78.53619,52.6343],[78.51432,52.65829],[78.4792,52.6964],[78.3786,52.80764],[78.34181,52.84677],[78.32298,52.86631],[78.306,52.88445],[78.26663,52.92389],[78.21255,52.97798],[78.16145,53.02612],[78.11849,53.06864],[78.0578,53.1309],[78.0416,53.1485],[78.03239,53.15806],[77.96171,53.23013],[77.94029,53.25249],[77.92043,53.27562],[77.90651,53.29141],[77.83868,53.32791],[77.70538,53.3995],[77.62241,53.44329],[77.57798,53.4674],[77.56261,53.47583],[77.49604,53.51177],[77.42548,53.54948],[77.33913,53.59493],[77.23972,53.64579],[77.16622,53.68206],[77.09263,53.71885],[77.08556,53.72201],[77.03242,53.74851],[76.99962,53.76464],[76.89285,53.81769],[76.82902,53.84946],[76.76523,53.88204],[76.69069,53.92029],[76.61878,53.95756],[76.53783,53.99985],[76.52939,54.01719],[76.5041,54.03179],[76.49828,54.07125],[76.43491,54.12257],[76.44044,54.16733],[76.58268,54.14879],[76.61628,54.162],[76.6166,54.15328],[76.63362,54.13703],[76.64502,54.12445],[76.67136,54.13266],[76.69535,54.147],[76.75647,54.16183],[76.74937,54.18303],[76.77011,54.19057],[76.78956,54.19945],[76.81096,54.21714],[76.82784,54.22488],[76.83546,54.26268],[76.82871,54.27415],[76.86477,54.28617],[76.87051,54.2976],[76.87857,54.30176],[76.87716,54.30804],[76.8602,54.36114],[76.82075,54.36811],[76.78808,54.36004],[76.78072,54.37765],[76.83488,54.38861],[76.87459,54.39825],[76.87758,54.40294],[76.93564,54.41569],[76.95246,54.41577],[76.93625,54.42563],[76.93953,54.43792],[76.92896,54.45777],[76.8748,54.44829],[76.84414,54.43967],[76.8266,54.42893],[76.79553,54.41902],[76.72976,54.41803],[76.73047,54.40274],[76.69128,54.37501],[76.67481,54.345],[76.64567,54.33678],[76.60759,54.33562],[76.59816,54.34309],[76.57537,54.33949],[76.54471,54.32771],[76.47592,54.31824],[76.35206,54.334],[76.25729,54.35927],[76.22929,54.32322],[76.18648,54.30155],[76.22782,54.2761],[76.20139,54.2598],[76.15668,54.24761],[75.9334,54.18766],[75.76407,54.14289],[75.75469,54.14004],[75.68878,54.12263],[75.59811,54.09879],[75.52901,54.11507],[75.37559,54.0701],[75.43519,54.00948],[75.44081,54.00847],[75.44107,53.97233],[75.41086,53.97232],[75.41094,53.95964],[75.37746,53.95956],[75.33168,53.94232],[75.30435,53.92877],[75.29365,53.92054],[75.2798,53.91659],[75.26613,53.90966],[75.21746,53.8761],[75.15998,53.84818],[75.14835,53.84688],[75.13651,53.83674],[75.04658,53.7927],[75.03888,53.79369],[75.03036,53.79587],[75.02637,53.80282],[74.98414,53.81159],[74.97406,53.82263],[74.92971,53.82244],[74.92085,53.82206],[74.8858,53.8231],[74.8569,53.8184],[74.8022,53.8245],[74.7946,53.8245],[74.7811,53.7977],[74.7751,53.7834],[74.7632,53.7437],[74.7541,53.7446],[74.6874,53.7534],[74.6737,53.7553],[74.6426,53.6724],[74.6335,53.669],[74.5942,53.6741],[74.532,53.681],[74.479,53.688],[74.45842,53.69093],[74.45654,53.68743],[74.45521,53.68223],[74.4256,53.606],[74.42104,53.59332],[74.4515,53.5889],[74.44855,53.58089],[74.48754,53.57558],[74.4865,53.5694],[74.45332,53.53784],[74.43662,53.51576],[74.3945,53.4603],[74.3906,53.45598],[74.3007,53.4885],[74.29145,53.49149],[74.30098,53.50964],[74.30474,53.51776],[74.2685,53.52363],[74.27784,53.54283],[74.28685,53.56078],[74.24599,53.56737],[74.23469,53.56967],[74.24262,53.58796],[74.19514,53.59612],[74.16294,53.60138],[74.15014,53.56547],[74.1471,53.5558],[74.1411,53.5558],[74.0863,53.56233],[74.0526,53.56652],[74.06788,53.61539],[74.07175,53.62959],[74.03322,53.63469],[73.9078,53.6502],[73.90115,53.65122],[73.82135,53.57839],[73.74793,53.60707],[73.66676,53.61328],[73.64551,53.55292],[73.59403,53.55931],[73.58018,53.51962],[73.55059,53.50227],[73.47079,53.45509],[73.43872,53.4355],[73.51893,53.35719],[73.58061,53.29993],[73.58735,53.29055],[73.58978,53.28188],[73.5843,53.26297],[73.5419,53.26099],[73.43103,53.29233],[73.43003,53.29222],[73.4255,53.27745],[73.4199,53.26435],[73.41868,53.2594],[73.41532,53.25039],[73.41313,53.24042],[73.41151,53.22521],[73.40985,53.21254],[73.41117,53.21122],[73.41094,53.20612],[73.40977,53.19898],[73.40753,53.19276],[73.40608,53.18399],[73.40673,53.18026],[73.40578,53.1668],[73.4082,53.16005],[73.40725,53.15709],[73.40992,53.15568],[73.41432,53.1449],[73.41883,53.13899],[73.42214,53.1381],[73.42395,53.14073],[73.41914,53.14482],[73.41868,53.14713],[73.41577,53.15007],[73.41853,53.15346],[73.42167,53.15104],[73.4205,53.14872],[73.42212,53.14524],[73.42754,53.14258],[73.43025,53.13969],[73.42842,53.13182],[73.43053,53.12659],[73.43498,53.12351],[73.51552,53.13733],[73.65335,53.20796],[73.68627,53.19013],[73.73458,53.19919],[73.77636,53.16569],[73.74456,53.14666],[73.73206,53.12623],[73.6625,53.09817],[73.64881,53.06248],[73.57645,53.00813],[73.56795,52.98038],[73.53701,52.95291],[73.51397,52.95435],[73.51052,52.95421],[73.50936,52.9506],[73.51384,52.94959],[73.5085,52.94622],[73.50429,52.93899],[73.50859,52.93767],[73.5236,52.93978],[73.53602,52.94078],[73.61181,52.98432],[73.65345,52.94432],[73.6679,52.93279],[73.62238,52.89636],[73.6085,52.89265],[73.59173,52.88205],[73.61616,52.87276],[73.62157,52.85662],[73.62881,52.81424],[73.66318,52.81216],[73.66605,52.81178],[73.68188,52.80608],[73.68836,52.79822],[73.68925,52.8029],[73.70197,52.80658],[73.73205,52.81579],[73.73831,52.82208],[73.7508,52.81962],[73.76679,52.80956],[73.79042,52.8337],[73.85642,52.90108],[73.86485,52.8981],[73.86961,52.89362],[73.88729,52.89972],[73.8989,52.90439],[73.91544,52.9097],[73.97929,52.92797],[73.98985,52.93048],[74.03496,52.83324],[73.98386,52.83002],[73.98619,52.76234],[73.91811,52.76144],[73.92052,52.69378],[73.92199,52.65255],[73.85401,52.65187],[73.81294,52.67896],[73.80384,52.69356],[73.77365,52.69809],[73.7498,52.6985],[73.7335,52.71247],[73.7274,52.71208],[73.72071,52.71051],[73.71502,52.71242],[73.7115,52.71198],[73.70232,52.70688],[73.70172,52.70042],[73.69295,52.69334],[73.66883,52.69219],[73.74657,52.62696],[73.92212,52.62643],[73.92188,52.59283],[73.92154,52.54374],[74.0004,52.54352],[74.00037,52.45268],[74.00035,52.3187],[74.00038,51.93212],[74.0302,51.9321],[74.02752,51.89164],[73.96907,51.89299],[73.93217,51.87667],[73.90504,51.84952],[73.85558,51.81967],[73.83656,51.80628],[73.82683,51.81523],[73.8223,51.81343],[73.81883,51.80916],[73.81474,51.8077],[73.80907,51.80318],[73.81019,51.79915],[73.80926,51.79599],[73.81705,51.79663],[73.82131,51.79595],[73.82198,51.79214],[73.821,51.79041],[73.81661,51.7899],[73.81706,51.78311],[73.81453,51.78064],[73.81597,51.77881],[73.81275,51.77586],[73.81379,51.77267],[73.81605,51.77046],[73.81337,51.76969],[73.81391,51.76633],[73.80982,51.76383],[73.81038,51.76158],[73.80881,51.75824],[73.80643,51.7561],[73.80019,51.75421],[73.79806,51.75235],[73.79989,51.74601],[73.799,51.74157],[73.80061,51.73836],[73.79679,51.73619],[73.79868,51.7317],[73.79235,51.73011],[73.79118,51.72735],[73.79534,51.71987],[73.79498,51.71812],[73.79115,51.71501],[73.78773,51.71416],[73.79056,51.71194],[73.79033,51.70995],[73.78774,51.70748],[73.78642,51.70382],[73.7892,51.70289],[73.78972,51.70058],[73.79321,51.69913],[73.79029,51.69489],[73.78923,51.69007],[73.78709,51.68949],[73.79046,51.68665],[73.79306,51.68589],[73.79372,51.68104],[73.79702,51.67809],[73.79523,51.67564],[73.80027,51.67362],[73.80488,51.66723],[73.80277,51.66437],[73.8032,51.66008],[73.79914,51.6547],[73.79671,51.65602],[73.79334,51.65559],[73.79034,51.65307],[73.78689,51.65168],[73.78613,51.64805],[73.78739,51.64653],[73.78483,51.64294],[73.78222,51.64132],[73.78557,51.63718],[73.7851,51.63378],[73.77911,51.63128],[73.77786,51.62743],[73.792,51.62518],[73.90084,51.62883],[74.00731,51.64301],[74.01994,51.61943],[74.03693,51.59892],[74.06543,51.59506],[74.09936,51.59465],[74.16981,51.57806],[74.25067,51.56184],[74.25351,51.5393],[74.26004,51.52349],[74.16286,51.53015],[74.13427,51.51289],[74.07822,51.50866],[74.04703,51.50915],[73.98559,51.50128],[73.81576,51.44021],[73.81118,51.43887],[73.81195,51.42685],[73.80414,51.42423],[73.8087,51.41089],[73.8184,51.40461],[73.81433,51.39407],[73.80307,51.39013],[73.79747,51.38154],[73.78327,51.37466],[73.73169,51.36087],[73.71861,51.34649],[73.70095,51.33916],[73.69865,51.31983],[73.69052,51.31074],[73.68564,51.28739],[73.67107,51.27862]]]},"properties":{"area_code":"pavlodar","area_name":"Pavlodar","boundary_source_name":"Pavlodar Region","area_unit_id":"kz-region-2009-geoboundaries-adm1:pavlodar","boundary_set_id":"kz-region-2009-geoboundaries-adm1","boundary_level":"region","boundary_vintage":"2009 census 16-region frame (geoBoundaries ADM1, 2017)","land_area_sq_km":124575.1069628367}},
{"type":"Feature","geometry":{"type":"Polygon","coordinates":[[[73.92188,52.59283],[73.92212,52.62643],[73.74657,52.62696],[73.66883,52.69219],[73.69295,52.69334],[73.70172,52.70042],[73.70232,52.70688],[73.7115,52.71198],[73.71502,52.71242],[73.72071,52.71051],[73.7274,52.71208],[73.7335,52.71247],[73.7498,52.6985],[73.77365,52.69809],[73.80384,52.69356],[73.81294,52.67896],[73.85401,52.65187],[73.92199,52.65255],[73.92052,52.69378],[73.91811,52.76144],[73.98619,52.76234],[73.98386,52.83002],[74.03496,52.83324],[73.98985,52.93048],[73.97929,52.92797],[73.91544,52.9097],[73.8989,52.90439],[73.88729,52.89972],[73.86961,52.89362],[73.86485,52.8981],[73.85642,52.90108],[73.79042,52.8337],[73.76679,52.80956],[73.7508,52.81962],[73.73831,52.82208],[73.73205,52.81579],[73.70197,52.80658],[73.68925,52.8029],[73.68836,52.79822],[73.68188,52.80608],[73.66605,52.81178],[73.66318,52.81216],[73.62881,52.81424],[73.62157,52.85662],[73.61616,52.87276],[73.59173,52.88205],[73.6085,52.89265],[73.62238,52.89636],[73.6679,52.93279],[73.65345,52.94432],[73.61181,52.98432],[73.53602,52.94078],[73.5236,52.93978],[73.50859,52.93767],[73.50429,52.93899],[73.5085,52.94622],[73.51384,52.94959],[73.50936,52.9506],[73.51052,52.95421],[73.51397,52.95435],[73.53701,52.95291],[73.56795,52.98038],[73.57645,53.00813],[73.64881,53.06248],[73.6625,53.09817],[73.73206,53.12623],[73.74456,53.14666],[73.77636,53.16569],[73.73458,53.19919],[73.68627,53.19013],[73.65335,53.20796],[73.51552,53.13733],[73.43498,53.12351],[73.43053,53.12659],[73.42842,53.13182],[73.43025,53.13969],[73.42754,53.14258],[73.42212,53.14524],[73.4205,53.14872],[73.42167,53.15104],[73.41853,53.15346],[73.41577,53.15007],[73.41868,53.14713],[73.41914,53.14482],[73.42395,53.14073],[73.42214,53.1381],[73.41883,53.13899],[73.41432,53.1449],[73.40992,53.15568],[73.40725,53.15709],[73.4082,53.16005],[73.40578,53.1668],[73.40673,53.18026],[73.40608,53.18399],[73.40753,53.19276],[73.40977,53.19898],[73.41094,53.20612],[73.41117,53.21122],[73.40985,53.21254],[73.41151,53.22521],[73.41313,53.24042],[73.41532,53.25039],[73.41868,53.2594],[73.4199,53.26435],[73.4255,53.27745],[73.43003,53.29222],[73.43103,53.29233],[73.5419,53.26099],[73.5843,53.26297],[73.58978,53.28188],[73.58735,53.29055],[73.58061,53.29993],[73.51893,53.35719],[73.43872,53.4355],[73.42897,53.43941],[73.42035,53.44332],[73.3625,53.46747],[73.38712,53.48873],[73.38889,53.49472],[73.39371,53.50858],[73.39788,53.52215],[73.3893,53.5236],[73.35576,53.53156],[73.34608,53.53411],[73.34682,53.5432],[73.3417,53.5448],[73.3083,53.5514],[73.23843,53.56758],[73.24664,53.58436],[73.25137,53.59785],[73.27771,53.63955],[73.25541,53.64125],[73.25434,53.65923],[73.25306,53.67406],[73.28432,53.67489],[73.32272,53.67607],[73.34178,53.71789],[73.34794,53.74124],[73.35557,53.76616],[73.35151,53.77436],[73.3427,53.7881],[73.38703,53.79172],[73.4013,53.79301],[73.43417,53.8025],[73.44913,53.80732],[73.42916,53.82303],[73.42924,53.84818],[73.4416,53.8634],[73.45309,53.8761],[73.48015,53.87435],[73.4973,53.87369],[73.53742,53.87097],[73.57167,53.86913],[73.60647,53.86535],[73.66412,53.85968],[73.69108,53.85607],[73.69435,53.86531],[73.7435,53.9827],[73.7493,53.9952],[73.7629,54.04139],[73.76788,54.05382],[73.70012,54.04884],[73.70366,54.06595],[73.63003,54.07092],[73.65797,54.04638],[73.60962,54.00841],[73.59228,54.01065],[73.58574,54.01196],[73.57815,54.01448],[73.5188,54.00325],[73.52199,53.96535],[73.5374,53.9499],[73.5375,53.9462],[73.5225,53.9399],[73.5104,53.9378],[73.45863,53.96369],[73.41651,53.97483],[73.40451,53.97851],[73.40479,53.95503],[73.4035,53.9452],[73.3,53.9431],[73.2938,53.9448],[73.2845,53.95],[73.19918,53.96932],[73.16903,53.97326],[73.11396,53.98017],[73.06697,53.98554],[73.07221,54.03004],[73.05773,54.032],[73.05968,54.04015],[72.99319,54.04795],[72.97866,54.04949],[72.99458,54.09841],[72.83167,54.09798],[72.82567,54.12068],[72.77043,54.12138],[72.76347,54.12174],[72.72374,54.12312],[72.60879,54.13684],[72.61285,54.12196],[72.58,54.1187],[72.5602,54.1164],[72.5483,54.0847],[72.5414,54.0728],[72.5309,54.043],[72.5648,54.0392],[72.5717,54.051],[72.5964,54.0461],[72.6744,54.0449],[72.7146,54.007],[72.7149,54.0017],[72.7122,53.9962],[72.7066,53.9584],[72.7038,53.9549],[72.6931,53.9554],[72.6362,53.9651],[72.5668,53.979],[72.556,53.9797],[72.5303,53.9504],[72.49327,53.90347],[72.4305,53.9141],[72.3752,53.9462],[72.401,53.9719],[72.4082,53.9784],[72.4168,53.9874],[72.4246,54.0093],[72.4298,54.0247],[72.4331,54.0447],[72.3977,54.05],[72.4068,54.0746],[72.3712,54.0818],[72.3764,54.0963],[72.3789,54.1054],[72.4327,54.1011],[72.4393,54.1182],[72.49135,54.11237],[72.48942,54.10767],[72.5132,54.10475],[72.51587,54.11205],[72.50737,54.1404],[72.43828,54.14842],[72.41918,54.15103],[72.38242,54.16438],[72.34363,54.17868],[72.29903,54.18681],[72.33795,54.24581],[72.3214,54.2465],[72.2914,54.2498],[72.2971,54.2806],[72.30049,54.29382],[72.27977,54.31721],[72.24169,54.3316],[72.19343,54.35812],[72.18888,54.35462],[72.09882,54.36178],[72.0126,54.3693],[72.0324,54.3515],[72.0424,54.3411],[72.0443,54.3358],[72.042,54.3249],[72.0482,54.3249],[72.0633,54.3282],[72.0756,54.3285],[72.0835,54.326],[72.1013,54.3122],[72.1046,54.3101],[72.1263,54.3065],[72.1328,54.302],[72.1347,54.2965],[72.1315,54.2759],[72.1161,54.2764],[72.1119,54.2709],[72.1069,54.2546],[72.1018,54.2401],[72.0975,54.2148],[72.1318,54.2058],[72.1724,54.1949],[72.1897,54.189],[72.2101,54.1815],[72.2148,54.1808],[72.2255,54.1801],[72.2197,54.1753],[72.2014,54.1517],[72.1832,54.127],[72.1743,54.1223],[72.1008,54.1459],[72.1105,54.1605],[72.1113,54.1702],[72.0738,54.1801],[72.0765,54.1857],[72.0607,54.1922],[72.0576,54.1932],[72.0617,54.2005],[72.0207,54.2157],[71.981,54.2298],[71.9512,54.2413],[71.9348,54.2264],[71.9134,54.2269],[71.8814,54.2313],[71.8237,54.2388],[71.7949,54.2449],[71.7555,54.2522],[71.7394,54.2177],[71.7265,54.1846],[71.741,54.1716],[71.7669,54.1468],[71.749,54.131],[71.7227,54.1038],[71.6756,54.1083],[71.6749,54.0976],[71.6611,54.0972],[71.6199,54.0972],[71.6118,54.1145],[71.5732,54.1088],[71.5331,54.1034],[71.4899,54.0971],[71.4911,54.1178],[71.4897,54.1448],[71.49097,54.1585],[71.42934,54.16375],[71.41926,54.1645],[71.38437,54.16759],[71.38683,54.18138],[71.36731,54.1823],[71.32132,54.18411],[71.2961,54.18494],[71.29407,54.17949],[71.28015,54.15667],[71.27488,54.14744],[71.26702,54.14362],[71.2595,54.13882],[71.24125,54.12881],[71.23762,54.12733],[71.21369,54.11418],[71.18635,54.09836],[71.1794,54.0946],[71.13161,54.12374],[71.12366,54.12906],[71.12322,54.12994],[71.1353,54.1598],[71.1048,54.162],[71.107,54.1736],[71.1105,54.1834],[71.0556,54.188],[71.0563,54.2024],[71.0732,54.2021],[71.0725,54.2192],[71.0739,54.247],[71.0736,54.2723],[71.0429,54.2727],[70.9999,54.2725],[71.0017,54.3084],[70.9983,54.3338],[71.0674,54.3316],[71.112,54.3326],[71.1113,54.3191],[71.1632,54.3119],[71.1999,54.3077],[71.2071,54.3273],[71.1979,54.3284],[71.1975,54.3501],[71.2267,54.3494],[71.2285,54.3539],[71.2289,54.361],[71.2342,54.4021],[71.2003,54.4029],[71.2017,54.4289],[71.2039,54.4415],[71.2049,54.4585],[71.1739,54.4571],[71.1731,54.4709],[71.1744,54.4943],[71.1726,54.5184],[71.1723,54.5418],[71.1688,54.5645],[71.1724,54.5734],[71.1821,54.582],[71.2113,54.6067],[71.2468,54.6042],[71.2884,54.6016],[71.2893,54.6457],[71.2933,54.66],[71.2936,54.6662],[71.2409,54.6656],[71.2389,54.6861],[71.211,54.6866],[71.2103,54.7019],[71.1574,54.7002],[71.0984,54.6994],[71.0956,54.704],[71.0992,54.7136],[71.0827,54.7249],[71.0726,54.7396],[71.0518,54.7597],[71.0355,54.7742],[71.0331,54.7896],[71.0289,54.7986],[71.0126,54.8131],[71.0287,54.8246],[71.0222,54.8499],[71.0114,54.8519],[70.9946,54.8584],[70.9601,54.8859],[70.97436,54.90286],[70.9966,54.9321],[71.003,54.9546],[71.0092,54.9651],[70.9864,54.9779],[70.9804,54.9817],[70.9868,54.9852],[70.9963,54.9878],[70.9957,55.0067],[71.0072,55.0181],[71.006,55.0254],[71.0083,55.0406],[71.0057,55.0505],[70.9916,55.0509],[70.9924,55.0669],[71.0132,55.0755],[71.0245,55.0825],[71.0153,55.0863],[70.977,55.104],[70.9248,55.1256],[70.9298,55.164],[70.8942,55.1745],[70.8819,55.1801],[70.8715,55.1928],[70.8431,55.2245],[70.8223,55.2519],[70.8043,55.2694],[70.8267,55.2779],[70.8161,55.288],[70.7924,55.2864],[70.7547,55.2871],[70.6996,55.287],[70.6627,55.2695],[70.6241,55.2503],[70.5991,55.2533],[70.5034,55.2678],[70.478,55.27294],[70.47512,55.28171],[70.4612,55.28583],[70.42991,55.2658],[70.41041,55.25408],[70.40124,55.21459],[70.3663,55.2058],[70.3426,55.2025],[70.29498,55.19292],[70.2598,55.1665],[70.2294,55.1471],[70.2011,55.1474],[70.1795,55.1583],[70.1358,55.1677],[70.1063,55.1761],[70.0939,55.1834],[70.0631,55.207],[70.0364,55.2064],[69.9736,55.2078],[69.9517,55.2097],[69.9378,55.2206],[69.9132,55.2469],[69.8932,55.2668],[69.8841,55.2794],[69.8671,55.2957],[69.8609,55.2984],[69.814,55.3158],[69.7937,55.323],[69.7875,55.3268],[69.7829,55.3358],[69.73805,55.33838],[69.74747,55.34489],[69.73273,55.34807],[69.71037,55.3517],[69.68383,55.35071],[69.68372,55.36018],[69.67635,55.4804],[69.67384,55.47956],[69.66902,55.44843],[69.65471,55.44232],[69.65609,55.43542],[69.5848,55.4343],[69.58182,55.41666],[69.62145,55.39583],[69.63692,55.38108],[69.63452,55.36676],[69.66059,55.35994],[69.65983,55.34957],[69.56333,55.35067],[69.54993,55.35107],[69.53863,55.33637],[69.4945,55.3364],[69.4552,55.3421],[69.4568,55.3464],[69.4506,55.351],[69.4349,55.3536],[69.416,55.3556],[69.4144,55.361],[69.4208,55.3672],[69.4272,55.3745],[69.4225,55.3807],[69.4131,55.3825],[69.3895,55.3889],[69.3627,55.389],[69.3479,55.3823],[69.3499,55.3752],[69.3467,55.3666],[69.34267,55.36448],[69.334,55.353],[69.3197,55.346],[69.3086,55.3424],[69.2519,55.3354],[69.2061,55.3301],[69.1999,55.3399],[69.1842,55.3633],[69.1733,55.3822],[69.1591,55.3866],[69.126,55.401],[69.1087,55.4074],[69.0724,55.4173],[69.0471,55.4236],[69.025,55.4236],[68.9855,55.4227],[68.9855,55.4416],[68.946,55.4407],[68.935,55.4398],[68.9245,55.4054],[68.9193,55.3832],[68.9193,55.3678],[68.9225,55.3645],[68.9824,55.3644],[68.9871,55.3444],[68.9919,55.3401],[69.0029,55.3257],[69.006,55.3069],[69.0092,55.2853],[68.9887,55.2837],[68.9856,55.2907],[68.9619,55.3257],[68.9399,55.3185],[68.9068,55.3275],[68.85,55.3436],[68.8153,55.3597],[68.79,55.3678],[68.7521,55.3768],[68.7379,55.3677],[68.7175,55.3541],[68.71427,55.34752],[68.72266,55.33581],[68.72265,55.3255],[68.70291,55.32562],[68.7029,55.31499],[68.71025,55.30741],[68.69687,55.28884],[68.67474,55.27719],[68.63551,55.26532],[68.6368,55.24219],[68.65945,55.2358],[68.64538,55.21746],[68.64915,55.20855],[68.62019,55.19827],[68.60025,55.20087],[68.59533,55.21944],[68.55707,55.21528],[68.55909,55.20913],[68.52273,55.20514],[68.49269,55.20038],[68.44519,55.19653],[68.41124,55.20089],[68.3588,55.20646],[68.35537,55.19364],[68.35389,55.181],[68.33378,55.18031],[68.31837,55.18614],[68.30459,55.20348],[68.28074,55.2044],[68.23999,55.18715],[68.17743,55.19889],[68.1775,55.17767],[68.21018,55.1777],[68.21918,55.15484],[68.19075,55.15178],[68.1921,55.15022],[68.20481,55.14032],[68.24071,55.11268],[68.24429,55.11397],[68.25891,55.11359],[68.25673,55.10059],[68.26345,55.09337],[68.2722,55.08481],[68.28759,55.07979],[68.29372,55.08118],[68.31555,55.07669],[68.31617,55.07167],[68.31279,55.06754],[68.26164,55.05978],[68.23774,55.05377],[68.23811,55.0147],[68.21876,55.00439],[68.204,54.99682],[68.19671,54.99011],[68.21661,54.98297],[68.22633,54.97724],[68.23406,54.97736],[68.23513,54.96905],[68.20672,54.96595],[68.16213,54.96188],[68.14847,54.96081],[68.10339,54.95667],[68.03256,54.95046],[68.00145,54.95892],[67.91086,54.98369],[67.87235,54.97854],[67.81946,54.97123],[67.80853,54.95273],[67.80134,54.94096],[67.79875,54.92539],[67.77353,54.88596],[67.69837,54.87082],[67.69174,54.86332],[67.64347,54.86533],[67.56353,54.84439],[67.53325,54.85309],[67.53237,54.85688],[67.52639,54.85919],[67.51724,54.86192],[67.49576,54.86093],[67.47572,54.85846],[67.46157,54.86407],[67.42099,54.85868],[67.39852,54.8554],[67.35354,54.86409],[67.33305,54.87331],[67.31101,54.86781],[67.29026,54.86232],[67.28633,54.84347],[67.28235,54.82591],[67.23972,54.81896],[67.22131,54.81429],[67.15232,54.80927],[67.1287,54.8092],[67.1069,54.8087],[67.0992,54.8069],[67.0902,54.8014],[67.0722,54.7867],[67.0616,54.7803],[67.0524,54.7783],[67.007,54.7839],[66.9976,54.7857],[66.979,54.7852],[66.923,54.7814],[66.8639,54.7759],[66.8264,54.7703],[66.792,54.7649],[66.7617,54.7508],[66.7313,54.7386],[66.719,54.7367],[66.6973,54.7362],[66.6705,54.7419],[66.65212,54.7433],[66.38172,54.70372],[66.35151,54.69753],[66.07541,54.64049],[66.07744,54.60465],[66.07958,54.58813],[66.07887,54.57127],[66.10366,54.50081],[66.10991,54.48946],[66.09528,54.4807],[66.0823,54.47175],[66.07383,54.46964],[66.09173,54.45671],[66.10703,54.44388],[66.08688,54.42105],[66.0849,54.41927],[66.17689,54.29346],[66.08509,54.25847],[66.05995,54.25572],[66.03168,54.25146],[66.1911,54.18343],[66.26681,54.18329],[66.31773,54.10202],[66.14982,54.07523],[65.96311,53.99905],[65.97716,53.9689],[66.00213,53.92756],[66.02533,53.93267],[66.03297,53.89848],[66.03835,53.85522],[66.04751,53.80324],[66.09167,53.80506],[66.17926,53.80558],[66.17371,53.67088],[66.15924,53.67111],[66.13057,53.6441],[66.10859,53.61945],[66.10532,53.60588],[66.1109,53.50271],[66.24927,53.50339],[66.2505,53.33894],[66.25744,53.33166],[66.25728,53.23974],[66.2572,53.19373],[66.40042,53.15486],[66.40214,53.08951],[66.20022,53.11093],[66.20693,53.09343],[66.05051,53.06072],[66.05903,53.01982],[66.07071,52.98159],[66.10854,52.97863],[66.19548,52.9746],[66.32136,52.96994],[66.30791,52.88625],[66.11838,52.89355],[66.1254,52.82878],[66.12868,52.7644],[66.01877,52.76092],[66.01859,52.75179],[66.02085,52.74223],[66.00679,52.43435],[66.05992,52.44796],[66.0782,52.45168],[66.23999,52.33222],[66.35487,52.35998],[66.38847,52.36194],[66.44239,52.3658],[66.49064,52.37533],[66.54121,52.36862],[66.56544,52.30474],[66.5628,52.30192],[66.5555,52.30121],[66.5492,52.29625],[66.54417,52.29335],[66.54218,52.29009],[66.54204,52.2818],[66.62365,52.27348],[66.78098,52.28121],[66.82862,52.26051],[66.91238,52.24332],[66.93136,52.24464],[66.95554,52.24767],[66.98544,52.2507],[67.00393,52.24688],[67.02471,52.24435],[67.05724,52.24365],[67.09997,52.25698],[67.13819,52.2473],[67.17431,52.23895],[67.29718,52.20696],[67.29687,52.31537],[67.29655,52.42345],[67.29905,52.42808],[67.42248,52.42873],[67.4287,52.42733],[67.53793,52.42652],[67.5957,52.37273],[67.69505,52.35948],[67.73336,52.34693],[67.80591,52.30516],[67.86011,52.27378],[67.90332,52.32679],[67.88071,52.337],[67.9139,52.37664],[67.96955,52.35125],[67.97901,52.35159],[67.98456,52.35474],[67.96887,52.36268],[68.00033,52.37952],[67.99529,52.40183],[68.05104,52.46086],[68.03913,52.48354],[67.99605,52.48326],[67.99169,52.52653],[67.99011,52.53521],[67.99039,52.54426],[68.14001,52.54516],[68.14971,52.56024],[68.15696,52.57618],[68.16134,52.59384],[68.2287,52.60678],[68.33812,52.60566],[68.34107,52.61535],[68.36105,52.65705],[68.39326,52.65613],[68.41488,52.7039],[68.41597,52.70774],[68.41185,52.7083],[68.40581,52.71213],[68.40279,52.71635],[68.42014,52.72079],[68.45594,52.73594],[68.48398,52.75075],[68.49529,52.75585],[68.50357,52.73841],[68.53907,52.73763],[68.55557,52.7669],[68.56131,52.77351],[68.56299,52.78226],[68.57374,52.78214],[68.59496,52.7839],[68.63173,52.80096],[68.65772,52.79161],[68.67689,52.79503],[68.68164,52.81243],[68.68361,52.81235],[68.68784,52.82771],[68.65045,52.85367],[68.64031,52.86322],[68.65517,52.86981],[68.66598,52.87006],[68.63964,52.9384],[68.62101,52.97047],[68.62848,52.98295],[68.66469,52.99365],[68.7012,53.0077],[68.74322,53.03364],[68.77342,53.07724],[68.7842,53.09121],[68.74007,53.09487],[68.7369,53.09415],[68.72679,53.10011],[68.71667,53.10758],[68.70231,53.11488],[68.74267,53.1255],[68.75208,53.19553],[68.72605,53.19659],[68.72784,53.20688],[68.69621,53.20967],[68.70598,53.26654],[68.67867,53.27058],[68.66598,53.27353],[68.65958,53.27448],[68.64276,53.27538],[68.63813,53.27521],[68.59861,53.2695],[68.59372,53.26952],[68.57923,53.27226],[68.57944,53.2997],[68.57333,53.29892],[68.55664,53.30687],[68.54753,53.31789],[68.54951,53.32736],[68.52932,53.32666],[68.51903,53.37961],[68.50073,53.39335],[68.50704,53.40816],[68.48115,53.46053],[68.50379,53.47444],[68.53149,53.46226],[68.55995,53.46395],[68.5639,53.48497],[68.58466,53.48152],[68.59455,53.48908],[68.60421,53.5088],[68.62064,53.51231],[68.65003,53.50432],[68.65678,53.529],[68.65249,53.52947],[68.65264,53.55248],[68.74836,53.55064],[68.75159,53.55334],[68.76296,53.55392],[68.7695,53.5663],[68.75671,53.57111],[68.74808,53.57855],[68.75541,53.5959],[68.73616,53.60927],[68.73284,53.63271],[68.72941,53.64175],[68.81838,53.63446],[68.81823,53.64788],[68.89939,53.64404],[68.89688,53.62628],[68.89156,53.61474],[69.02788,53.61484],[69.02811,53.6765],[69.13573,53.67723],[69.13535,53.59641],[69.24091,53.59624],[69.24076,53.56937],[69.27105,53.56924],[69.27084,53.5557],[69.30578,53.55748],[69.30542,53.50726],[69.34439,53.51143],[69.36807,53.51641],[69.37424,53.5195],[69.41838,53.52762],[69.42786,53.55083],[69.41084,53.55123],[69.41014,53.57221],[69.37986,53.57262],[69.37952,53.59843],[69.41869,53.60286],[69.42764,53.60275],[69.43931,53.63492],[69.47889,53.63547],[69.48393,53.64941],[69.54566,53.64921],[69.54559,53.67926],[69.63409,53.67984],[69.63656,53.6777],[69.63901,53.6797],[69.64307,53.68002],[69.64382,53.6833],[69.64709,53.68317],[69.64829,53.67861],[69.65556,53.68003],[69.65767,53.68175],[69.66218,53.68073],[69.65803,53.67727],[69.68074,53.67712],[69.68077,53.66827],[69.80296,53.66829],[69.80287,53.63223],[69.84069,53.63218],[69.83999,53.51863],[69.87072,53.51912],[69.87415,53.52998],[69.91085,53.52031],[69.91354,53.5241],[69.92866,53.52088],[69.94255,53.52112],[69.97818,53.52303],[69.99617,53.51602],[70.01524,53.50957],[70.03361,53.5092],[70.05547,53.51035],[70.0739,53.50743],[70.07443,53.50042],[70.07031,53.48731],[70.07409,53.46811],[70.07207,53.46332],[70.07107,53.43334],[70.06479,53.42991],[70.05183,53.42912],[70.03095,53.42574],[70.00937,53.41845],[70.01423,53.3799],[69.9974,53.3624],[70.0109,53.36048],[70.20983,53.35847],[70.21009,53.36753],[70.23385,53.36737],[70.29632,53.2922],[70.30839,53.26339],[70.31604,53.25056],[70.31887,53.22757],[70.36007,53.22139],[70.45551,53.23382],[70.4555,53.26561],[70.44698,53.27968],[70.44785,53.32166],[70.53425,53.33366],[70.55638,53.33427],[70.58434,53.33366],[70.58365,53.43013],[70.89021,53.42858],[71.02321,53.42767],[71.02316,53.42102],[71.0634,53.42172],[71.01195,53.33098],[71.0781,53.3302],[71.12988,53.32945],[71.14452,53.32854],[71.1425,53.31623],[71.17199,53.31673],[71.19473,53.31593],[71.22323,53.30771],[71.24904,53.30393],[71.27019,53.31613],[71.29265,53.32643],[71.31546,53.32601],[71.39346,53.34871],[71.40515,53.35914],[71.4061,53.37044],[71.43257,53.38468],[71.45369,53.39005],[71.51289,53.39865],[71.5272,53.40761],[71.57283,53.42323],[71.60588,53.40159],[71.60908,53.38346],[71.63281,53.31062],[71.64189,53.30916],[71.66842,53.29706],[71.73954,53.21254],[71.69651,53.13427],[71.71959,53.07573],[71.6066,53.0418],[71.62287,53.03073],[71.66889,52.94531],[71.74262,52.97867],[71.7787,52.9826],[71.76186,52.94127],[71.77312,52.9264],[71.77271,52.91449],[71.79864,52.89629],[71.81064,52.90048],[71.82257,52.89275],[71.91488,52.85449],[72.10536,52.86533],[72.20417,52.89235],[72.20327,52.96721],[72.20273,53.01255],[72.4493,52.97784],[72.45905,52.98075],[72.46958,52.98016],[72.49061,52.98436],[72.52848,52.98608],[72.53829,52.98387],[72.5583,52.98853],[72.5807,52.99629],[72.60484,53.00096],[72.64666,53.01443],[72.66917,53.01218],[72.6935,53.01469],[72.73783,53.01181],[72.75294,53.01914],[72.86936,53.02746],[72.87863,53.01013],[72.89737,52.93219],[72.93125,52.92263],[72.93006,52.90952],[72.91224,52.71438],[73.06457,52.74935],[73.11815,52.73007],[73.20748,52.71734],[73.24651,52.70443],[73.32009,52.70942],[73.39163,52.69913],[73.42473,52.6539],[73.49318,52.66599],[73.5273,52.60877],[73.52913,52.60279],[73.546,52.60238],[73.92188,52.59283]]]},"properties":{"area_code":"north_kazakhstan","area_name":"North Kazakhstan","boundary_source_name":"North Kazakhstan Region","area_unit_id":"kz-region-2009-geoboundaries-adm1:north_kazakhstan","boundary_set_id":"kz-region-2009-geoboundaries-adm1","boundary_level":"region","boundary_vintage":"2009 census 16-region frame (geoBoundaries ADM1, 2017)","land_area_sq_km":98029.46402300488}},
{"type":"Feature","geometry":{"type":"Polygon","coordinates":[[[82.27996,45.53514],[82.27025,45.55054],[82.2682,45.56053],[82.26594,45.56845],[82.26603,45.57161],[82.26259,45.59131],[82.25791,45.61658],[82.2697,45.62732],[82.27576,45.63211],[82.27722,45.63507],[82.28268,45.6494],[82.28456,45.66126],[82.28459,45.66962],[82.28408,45.67544],[82.28261,45.67895],[82.28243,45.68342],[82.28608,45.70295],[82.28812,45.70879],[82.29907,45.71956],[82.31032,45.73796],[82.31346,45.75403],[82.31495,45.75844],[82.31858,45.7641],[82.32836,45.77138],[82.3376,45.78079],[82.34189,45.79244],[82.34508,45.79568],[82.34284,45.81129],[82.3438,45.82477],[82.34621,45.83375],[82.34541,45.83895],[82.33852,45.85016],[82.33504,45.86091],[82.33374,45.86622],[82.33269,45.87436],[82.32995,45.88695],[82.33443,45.89141],[82.33532,45.89637],[82.33902,45.90148],[82.3407,45.90809],[82.34064,45.91484],[82.33881,45.92375],[82.33513,45.93389],[82.33566,45.93916],[82.3757,45.96412],[82.39159,45.96589],[82.41039,45.9691],[82.42653,45.96739],[82.45611,45.97717],[82.48108,46.05988],[82.49312,46.09509],[82.5119,46.15463],[82.55172,46.214],[82.55615,46.22188],[82.56339,46.23388],[82.57251,46.24775],[82.58171,46.26],[82.60801,46.2984],[82.62181,46.32099],[82.63749,46.34728],[82.65464,46.37743],[82.67378,46.40867],[82.68295,46.42298],[82.6933,46.44088],[82.70598,46.45997],[82.71316,46.47328],[82.72163,46.48505],[82.72486,46.49172],[82.7273,46.49795],[82.7343,46.50781],[82.73978,46.51816],[82.74149,46.52517],[82.74498,46.53565],[82.75018,46.54831],[82.75396,46.55317],[82.75517,46.56182],[82.76607,46.59048],[82.76918,46.59992],[82.77261,46.6191],[82.77422,46.63672],[82.77335,46.65892],[82.77773,46.66439],[82.78645,46.68094],[82.78762,46.69224],[82.81019,46.72578],[82.82528,46.74782],[82.83302,46.75715],[82.83709,46.7631],[82.83984,46.76819],[82.85201,46.78623],[82.86026,46.7957],[82.8626,46.79887],[82.86501,46.80391],[82.86671,46.81656],[82.8715,46.82553],[82.87596,46.84071],[82.88726,46.86779],[82.89012,46.87554],[82.89408,46.8839],[82.90177,46.89518],[82.90797,46.90812],[82.91776,46.92588],[82.91931,46.9279],[82.91918,46.93593],[82.91982,46.93908],[82.92224,46.94033],[82.9208,46.94387],[82.92201,46.9449],[82.92068,46.94923],[82.92151,46.95268],[82.92424,46.95842],[82.92502,46.96315],[82.92726,46.96609],[82.92919,46.96674],[82.93241,46.97201],[82.93043,46.97653],[82.9328,46.97988],[82.93182,46.98244],[82.93167,46.98658],[82.92961,46.99055],[82.93061,46.99458],[82.93343,46.99945],[82.93478,46.9998],[82.93659,47.00487],[82.93519,47.00737],[82.93787,47.00976],[82.937,47.01199],[82.93824,47.01631],[82.94299,47.01866],[82.95125,47.0199],[82.95493,47.02301],[82.96275,47.03279],[82.96519,47.03395],[82.96872,47.0399],[82.96897,47.04904],[82.97409,47.05042],[82.97574,47.05359],[82.97943,47.05475],[82.99195,47.06264],[82.9931,47.06435],[82.99298,47.06912],[82.99595,47.07373],[82.99712,47.08009],[82.99864,47.0818],[82.99902,47.08971],[83.00069,47.09141],[83.00244,47.09645],[83.00222,47.09892],[83.00602,47.10352],[83.00601,47.1051],[83.00856,47.10945],[83.00835,47.1123],[83.01041,47.11443],[83.00928,47.11597],[83.00364,47.11976],[83.00314,47.12085],[83.00797,47.12625],[83.01811,47.13039],[83.01957,47.13285],[83.01805,47.13496],[83.01965,47.13615],[83.01869,47.14172],[83.01143,47.14296],[83.01229,47.14716],[83.02104,47.15277],[83.02444,47.15683],[83.02371,47.16026],[83.02806,47.16199],[83.02622,47.16508],[83.02697,47.16738],[83.02602,47.16975],[83.02895,47.172],[83.02964,47.17393],[83.02706,47.1789],[83.0271,47.18199],[83.02404,47.18704],[83.0279,47.19135],[83.02802,47.19428],[83.02515,47.2017],[83.02732,47.20409],[83.0279,47.20679],[83.02587,47.2122],[83.02359,47.21514],[83.02743,47.21619],[83.02868,47.21988],[83.03233,47.22371],[83.04116,47.2151],[83.04269,47.21546],[83.04745,47.2221],[83.05048,47.22328],[83.05163,47.22528],[83.05648,47.22553],[83.06322,47.22774],[83.07276,47.22749],[83.08095,47.22834],[83.08479,47.22795],[83.09223,47.22381],[83.0957,47.22417],[83.09994,47.22607],[83.10994,47.2293],[83.11758,47.22949],[83.1302,47.23305],[83.13676,47.23395],[83.14277,47.23392],[83.15089,47.23465],[83.15764,47.229],[83.16283,47.22577],[83.17464,47.2202],[83.18115,47.22017],[83.184,47.21933],[83.19087,47.21941],[83.19469,47.2177],[83.20046,47.21633],[83.20356,47.21339],[83.20716,47.212],[83.20857,47.20939],[83.20711,47.2046],[83.20796,47.20216],[83.20688,47.1989],[83.20905,47.19597],[83.21201,47.19464],[83.21492,47.1907],[83.22177,47.18773],[83.22348,47.1887],[83.23199,47.18929],[83.23648,47.18907],[83.23799,47.1876],[83.23535,47.18236],[83.23934,47.17921],[83.2535,47.17633],[83.26097,47.17679],[83.26505,47.17596],[83.27978,47.17519],[83.28439,47.17691],[83.28845,47.18199],[83.29307,47.182],[83.29908,47.18014],[83.30098,47.17864],[83.30707,47.17755],[83.3089,47.17612],[83.31458,47.17405],[83.31812,47.17143],[83.32665,47.17144],[83.3366,47.17019],[83.33937,47.17233],[83.34636,47.17267],[83.35398,47.17456],[83.35427,47.17671],[83.36115,47.17804],[83.36489,47.17778],[83.36521,47.17567],[83.36176,47.17107],[83.36425,47.16779],[83.36532,47.16299],[83.37298,47.15842],[83.37946,47.15539],[83.38204,47.15154],[83.38628,47.15022],[83.38782,47.14839],[83.38734,47.14429],[83.38807,47.14184],[83.39188,47.13941],[83.39491,47.1365],[83.39948,47.13485],[83.40729,47.12845],[83.40981,47.12268],[83.4131,47.12117],[83.41347,47.11599],[83.42875,47.11455],[83.42958,47.11552],[83.42797,47.12011],[83.42989,47.12325],[83.44076,47.12535],[83.44336,47.12651],[83.44571,47.12912],[83.44924,47.1314],[83.45361,47.13098],[83.45754,47.13207],[83.46276,47.12785],[83.4664,47.12765],[83.46306,47.12125],[83.4649,47.11903],[83.46858,47.11813],[83.48034,47.11774],[83.48424,47.11311],[83.48162,47.10978],[83.4863,47.10916],[83.49386,47.10996],[83.49948,47.10738],[83.50539,47.10961],[83.50892,47.10749],[83.50976,47.10383],[83.51191,47.09957],[83.51483,47.09747],[83.51658,47.09411],[83.52001,47.09475],[83.52049,47.09291],[83.52423,47.09245],[83.5271,47.0897],[83.52498,47.08522],[83.53592,47.08299],[83.54291,47.08358],[83.54751,47.08248],[83.54888,47.08028],[83.55639,47.07992],[83.56601,47.07812],[83.56426,47.06989],[83.56016,47.06351],[83.56015,47.05995],[83.56511,47.05636],[83.56938,47.05628],[83.57269,47.05992],[83.57797,47.06054],[83.58223,47.05943],[83.58423,47.05989],[83.59022,47.05892],[83.59564,47.05658],[83.60385,47.05463],[83.60687,47.05134],[83.60672,47.04685],[83.61343,47.04861],[83.61727,47.04886],[83.62365,47.04815],[83.6253,47.04597],[83.63498,47.04466],[83.64014,47.04318],[83.64274,47.04398],[83.65551,47.04171],[83.65994,47.03982],[83.66563,47.03898],[83.66719,47.03789],[83.67224,47.03857],[83.67511,47.03689],[83.6802,47.03518],[83.68853,47.03529],[83.69347,47.03584],[83.69872,47.03258],[83.70061,47.02972],[83.70103,47.02265],[83.7023,47.02072],[83.69844,47.01924],[83.6992,47.01739],[83.70706,47.01751],[83.70876,47.02063],[83.712,47.02389],[83.71875,47.02581],[83.72773,47.02654],[83.73275,47.02758],[83.73718,47.03153],[83.74024,47.03307],[83.74783,47.03266],[83.74919,47.02946],[83.75371,47.027],[83.75413,47.02543],[83.75796,47.02419],[83.76259,47.02682],[83.76958,47.02684],[83.77818,47.02437],[83.78351,47.02427],[83.78628,47.02179],[83.7937,47.01692],[83.79595,47.01823],[83.80691,47.01585],[83.81228,47.01644],[83.81486,47.01399],[83.81904,47.01241],[83.82498,47.01161],[83.82912,47.01038],[83.83209,47.00857],[83.83728,47.00335],[83.83535,47.00068],[83.83447,46.99686],[83.83631,46.99482],[83.84001,46.99678],[83.85104,46.99512],[83.85924,46.99794],[83.86238,46.99616],[83.86523,46.99634],[83.87083,46.99504],[83.87005,46.98995],[83.87197,46.98682],[83.8755,46.98619],[83.87937,46.98656],[83.88576,46.98535],[83.89039,46.98835],[83.89349,46.98726],[83.8962,46.98412],[83.90252,46.98275],[83.90496,46.97978],[83.90317,46.97561],[83.91119,46.97428],[83.91531,46.97411],[83.9214,46.9767],[83.92216,46.97969],[83.92622,46.98473],[83.93068,46.98566],[83.93368,46.98448],[83.94007,46.98685],[83.94444,46.99018],[83.94977,46.99124],[83.95521,46.99021],[83.95752,46.98845],[83.9593,46.98342],[83.96072,46.98244],[83.96746,46.98401],[83.97886,46.99136],[83.98223,46.99243],[83.98472,46.99526],[83.99118,46.99389],[83.99547,46.99206],[84.00755,46.98927],[84.00938,46.98708],[84.01028,46.98317],[84.01414,46.98206],[84.01713,46.98362],[84.02015,46.98303],[84.02497,46.98077],[84.02557,46.97887],[84.03261,46.97789],[84.03427,46.97616],[84.03953,46.97494],[84.04312,46.97307],[84.0447,46.97091],[84.05078,46.96909],[84.05494,46.96845],[84.05813,46.96978],[84.05928,46.97246],[84.06401,46.97151],[84.07058,46.97142],[84.0755,46.97026],[84.0788,46.96829],[84.08381,46.96883],[84.09121,46.96844],[84.10111,46.96937],[84.10747,46.96916],[84.11174,46.96736],[84.11525,46.96694],[84.11999,46.96909],[84.12462,46.96701],[84.12641,46.96739],[84.13121,46.97171],[84.13893,46.97372],[84.14136,46.97343],[84.14664,46.97639],[84.14868,46.97868],[84.15216,46.98038],[84.15835,46.98086],[84.15927,46.98828],[84.16335,46.98967],[84.16535,46.99166],[84.16544,46.99389],[84.16968,46.99506],[84.1774,46.99319],[84.17744,46.99709],[84.18087,46.99792],[84.18695,46.99737],[84.18803,46.99978],[84.19129,46.99886],[84.19564,46.99897],[84.19786,47.00122],[84.20114,47.00228],[84.20445,47.00079],[84.20995,47.00141],[84.21369,47.00085],[84.21944,46.99853],[84.2262,46.9972],[84.22736,46.99947],[84.23854,47.00371],[84.25723,47.00049],[84.26855,47.00159],[84.28513,46.99967],[84.29531,46.99797],[84.31561,47.00007],[84.33865,47.00113],[84.34911,47.00035],[84.35682,47.00039],[84.38235,46.99969],[84.39534,47.00083],[84.40254,47.00314],[84.41357,47.00811],[84.42426,47.00872],[84.44337,47.00869],[84.45136,47.00484],[84.46412,46.99543],[84.48237,46.98872],[84.49013,46.98807],[84.49628,46.98645],[84.5043,46.98213],[84.51415,46.98018],[84.54144,46.98752],[84.55446,46.993],[84.56133,46.9953],[84.57121,46.99792],[84.59495,46.99871],[84.60828,46.99984],[84.61766,46.99993],[84.63045,46.99921],[84.63978,46.99997],[84.64739,47.00137],[84.65438,47.00206],[84.67773,47.00373],[84.69691,47.00756],[84.70614,47.00993],[84.7223,47.01549],[84.73621,47.01407],[84.74667,47.00848],[84.75229,47.00491],[84.75486,46.99907],[84.76179,46.99895],[84.7689,46.99577],[84.76947,46.99392],[84.77447,46.99181],[84.77669,46.98936],[84.77669,46.98484],[84.78065,46.98188],[84.78067,46.97673],[84.78276,46.97345],[84.78596,46.97358],[84.79196,46.97011],[84.79596,46.96684],[84.8001,46.96562],[84.8105,46.96077],[84.81384,46.95734],[84.81773,46.95956],[84.82415,46.96033],[84.82751,46.95983],[84.83643,46.95664],[84.84009,46.95711],[84.84145,46.95542],[84.84727,46.95382],[84.84951,46.95118],[84.85086,46.9476],[84.85812,46.94694],[84.86125,46.94407],[84.85833,46.9391],[84.85896,46.93284],[84.85801,46.92833],[84.86331,46.92603],[84.86466,46.92437],[84.86884,46.92227],[84.87154,46.91765],[84.87632,46.91376],[84.87749,46.9116],[84.88099,46.90971],[84.88743,46.9087],[84.88916,46.90635],[84.89546,46.90473],[84.89586,46.90088],[84.90566,46.89847],[84.90623,46.89602],[84.91312,46.89105],[84.91456,46.888],[84.91383,46.88514],[84.91518,46.88037],[84.92074,46.87777],[84.9229,46.87574],[84.93011,46.87566],[84.93289,46.87108],[84.93657,46.86858],[84.94001,46.86505],[84.94423,46.86285],[84.952,46.86332],[84.95352,46.86422],[84.96311,46.86637],[84.96574,46.86801],[84.96368,46.87029],[84.96584,46.87267],[84.97829,46.87224],[84.97955,46.87444],[84.97642,46.87748],[84.9773,46.88128],[84.97414,46.8845],[84.97339,46.88673],[84.97449,46.88915],[84.97897,46.89163],[84.97835,46.89529],[84.98015,46.89709],[84.97909,46.90335],[84.98005,46.90828],[84.98259,46.91302],[84.98288,46.91511],[84.99166,46.92],[84.99597,46.92117],[85.00126,46.92115],[85.00201,46.9251],[85.00615,46.92646],[85.01359,46.92349],[85.01766,46.92455],[85.02342,46.92276],[85.02596,46.9237],[85.03007,46.9232],[85.03358,46.92173],[85.03605,46.92307],[85.04197,46.92442],[85.04707,46.92666],[85.0495,46.92857],[85.05344,46.92725],[85.06108,46.92776],[85.06398,46.9257],[85.06633,46.92566],[85.06797,46.92866],[85.07507,46.93121],[85.07826,46.93118],[85.07763,46.93759],[85.08266,46.94072],[85.08294,46.94454],[85.08523,46.94963],[85.08143,46.95159],[85.0785,46.95558],[85.07884,46.95789],[85.08487,46.95871],[85.08993,46.95773],[85.09568,46.96152],[85.09559,46.96419],[85.09733,46.96541],[85.10065,46.96508],[85.10668,46.96743],[85.10891,46.96749],[85.11134,46.97071],[85.11692,46.97099],[85.11866,46.96982],[85.12146,46.97186],[85.12796,46.9753],[85.12695,46.97827],[85.12862,46.98116],[85.13407,46.98137],[85.1455,46.98929],[85.15312,46.98656],[85.1597,46.98703],[85.16684,46.98655],[85.16892,46.98862],[85.17597,46.99217],[85.17765,46.9939],[85.17843,46.99774],[85.17585,47.00085],[85.17561,47.00345],[85.17728,47.00433],[85.18203,47.00417],[85.18779,47.00668],[85.18842,47.01011],[85.19041,47.01022],[85.19409,47.01264],[85.19373,47.01609],[85.19748,47.02061],[85.19941,47.0217],[85.20006,47.02449],[85.20329,47.02794],[85.20453,47.03237],[85.20896,47.03548],[85.21182,47.03938],[85.21068,47.04415],[85.21357,47.04739],[85.2142,47.05057],[85.2169,47.05237],[85.22002,47.05281],[85.22429,47.05217],[85.22607,47.04958],[85.2291,47.04993],[85.23381,47.04923],[85.23749,47.05058],[85.24084,47.05374],[85.24819,47.05248],[85.25347,47.05307],[85.26146,47.04988],[85.26575,47.05146],[85.26818,47.05413],[85.27343,47.05465],[85.27539,47.05723],[85.2724,47.06395],[85.27286,47.06629],[85.27636,47.06877],[85.27733,47.06575],[85.28234,47.06347],[85.28402,47.06464],[85.28961,47.06304],[85.29936,47.06498],[85.30163,47.05918],[85.3049,47.05688],[85.30424,47.05504],[85.30605,47.05177],[85.30833,47.04995],[85.31247,47.04908],[85.31874,47.04458],[85.32352,47.04292],[85.32697,47.04419],[85.33159,47.04737],[85.3362,47.04693],[85.33956,47.04809],[85.34187,47.05408],[85.34641,47.05486],[85.35063,47.05242],[85.35672,47.05199],[85.36203,47.05289],[85.36562,47.05262],[85.37231,47.05019],[85.37591,47.04742],[85.38242,47.04604],[85.38885,47.04834],[85.39427,47.04826],[85.40593,47.05167],[85.40791,47.05319],[85.40971,47.05702],[85.41252,47.05995],[85.41604,47.06055],[85.42406,47.06062],[85.42738,47.05731],[85.43267,47.05757],[85.43832,47.06051],[85.44432,47.06073],[85.4509,47.06015],[85.45483,47.0608],[85.46035,47.06399],[85.46628,47.05998],[85.47504,47.05734],[85.4811,47.05312],[85.48528,47.05253],[85.49218,47.05336],[85.49699,47.0533],[85.50021,47.0553],[85.50526,47.05625],[85.51647,47.05453],[85.52419,47.05251],[85.52936,47.05164],[85.53195,47.04908],[85.5376,47.04856],[85.54051,47.05106],[85.54699,47.05341],[85.55153,47.05192],[85.55265,47.0504],[85.55901,47.05042],[85.56083,47.05991],[85.56233,47.0632],[85.56524,47.06563],[85.56693,47.07163],[85.57599,47.08929],[85.57761,47.09508],[85.5766,47.09815],[85.57972,47.11153],[85.58631,47.11385],[85.58274,47.11988],[85.58015,47.12003],[85.57704,47.12291],[85.57467,47.1236],[85.57434,47.12583],[85.57651,47.12987],[85.57564,47.13163],[85.57713,47.13567],[85.57666,47.13772],[85.57893,47.13919],[85.57959,47.14163],[85.58723,47.14632],[85.59013,47.14756],[85.59316,47.15173],[85.60035,47.15504],[85.60217,47.15673],[85.6084,47.15937],[85.6116,47.16184],[85.61327,47.16557],[85.61825,47.16768],[85.62417,47.17156],[85.62521,47.17399],[85.62751,47.17402],[85.6287,47.17798],[85.63232,47.18114],[85.63563,47.18186],[85.63991,47.18402],[85.64229,47.18804],[85.64419,47.19329],[85.64647,47.19434],[85.64644,47.1989],[85.64993,47.20557],[85.65371,47.20718],[85.65861,47.21106],[85.65868,47.2126],[85.66681,47.21632],[85.67209,47.21695],[85.675,47.21881],[85.6771,47.21863],[85.68227,47.22283],[85.6857,47.22872],[85.68689,47.23305],[85.68538,47.23678],[85.68675,47.23747],[85.68863,47.24136],[85.68712,47.24215],[85.68765,47.24513],[85.6827,47.24648],[85.68064,47.24805],[85.68017,47.25104],[85.68453,47.25553],[85.68578,47.25988],[85.68776,47.26303],[85.69212,47.26581],[85.69261,47.26945],[85.69517,47.27177],[85.69386,47.27436],[85.69553,47.27944],[85.69814,47.2836],[85.69871,47.28801],[85.6958,47.2928],[85.69245,47.29544],[85.69218,47.29707],[85.6838,47.30515],[85.68433,47.30894],[85.67744,47.3103],[85.67431,47.31215],[85.67434,47.31448],[85.67266,47.31793],[85.6752,47.32288],[85.67803,47.32563],[85.68219,47.32794],[85.68667,47.33334],[85.68557,47.34011],[85.68686,47.35168],[85.68833,47.35649],[85.68684,47.3599],[85.68793,47.36501],[85.69658,47.36568],[85.69903,47.36847],[85.69969,47.37243],[85.7013,47.37452],[85.70098,47.37721],[85.70296,47.38007],[85.70211,47.38202],[85.69605,47.38607],[85.69293,47.38729],[85.69224,47.38909],[85.68793,47.39244],[85.68509,47.39718],[85.68563,47.39869],[85.68328,47.40489],[85.68633,47.40983],[85.6844,47.41402],[85.68435,47.42183],[85.68266,47.42861],[85.68342,47.42984],[85.67982,47.4326],[85.68025,47.4341],[85.67491,47.43768],[85.67451,47.44078],[85.67176,47.44274],[85.67117,47.44508],[85.66587,47.44954],[85.66008,47.45163],[85.64992,47.45324],[85.65021,47.45513],[85.64611,47.45921],[85.64268,47.46089],[85.63899,47.46468],[85.63892,47.46874],[85.63577,47.47079],[85.63719,47.47215],[85.63314,47.47349],[85.63079,47.47868],[85.6285,47.47984],[85.62673,47.48492],[85.62426,47.48601],[85.62373,47.48798],[85.6211,47.48958],[85.61516,47.4917],[85.61625,47.49263],[85.61335,47.49505],[85.61355,47.49779],[85.61215,47.49911],[85.60901,47.50518],[85.6079,47.50966],[85.61002,47.51223],[85.60946,47.52015],[85.60791,47.524],[85.60987,47.52577],[85.60881,47.53095],[85.61515,47.54125],[85.61817,47.54389],[85.61799,47.54853],[85.62678,47.55698],[85.6289,47.56385],[85.62862,47.57755],[85.63236,47.58159],[85.63422,47.5854],[85.63587,47.5864],[85.62357,47.64515],[85.612,47.70041],[85.60083,47.75373],[85.58952,47.80773],[85.57008,47.90056],[85.55304,47.98195],[85.54752,47.98216],[85.54199,47.98386],[85.53942,47.98565],[85.54077,47.98897],[85.53991,47.99154],[85.53969,47.99651],[85.54453,48.00103],[85.54718,48.01017],[85.54507,48.01407],[85.54044,48.01769],[85.53948,48.02059],[85.53321,48.02277],[85.52957,48.02314],[85.52645,48.02466],[85.5273,48.02706],[85.53259,48.03034],[85.5322,48.03367],[85.52892,48.03511],[85.53144,48.03885],[85.52982,48.03975],[85.53014,48.04462],[85.53366,48.04446],[85.53616,48.04565],[85.53588,48.04841],[85.53786,48.04913],[85.54182,48.05325],[85.53957,48.05585],[85.53893,48.05925],[85.54253,48.0625],[85.53843,48.06935],[85.53541,48.06962],[85.53509,48.07171],[85.54162,48.07497],[85.53963,48.07697],[85.54334,48.07852],[85.54751,48.0788],[85.54818,48.08047],[85.54474,48.08355],[85.54578,48.09226],[85.54926,48.09322],[85.55009,48.0955],[85.54545,48.09609],[85.54326,48.09822],[85.54862,48.10258],[85.54494,48.10518],[85.55322,48.10778],[85.55066,48.10938],[85.54758,48.11427],[85.5514,48.11483],[85.5515,48.11699],[85.54954,48.1199],[85.55055,48.12196],[85.54949,48.12806],[85.55407,48.12933],[85.55452,48.1263],[85.55869,48.12869],[85.55855,48.13168],[85.56375,48.13227],[85.5591,48.13536],[85.55561,48.13591],[85.5534,48.13835],[85.55397,48.1402],[85.55758,48.14483],[85.56086,48.14451],[85.56333,48.14611],[85.56004,48.14771],[85.56303,48.153],[85.56611,48.15348],[85.56788,48.15653],[85.57343,48.15669],[85.57756,48.16037],[85.57973,48.16589],[85.58397,48.17122],[85.58707,48.17926],[85.5885,48.18658],[85.58891,48.19389],[85.59212,48.19897],[85.60371,48.20008],[85.6066,48.20515],[85.6105,48.21047],[85.62168,48.20427],[85.62352,48.21001],[85.62671,48.216],[85.63123,48.22314],[85.63708,48.23123],[85.64475,48.23661],[85.65379,48.24224],[85.66392,48.24583],[85.66648,48.25067],[85.66758,48.25776],[85.6729,48.26219],[85.67546,48.26702],[85.67695,48.27298],[85.68604,48.27746],[85.68424,48.28885],[85.68805,48.29712],[85.69747,48.30184],[85.69366,48.31228],[85.69785,48.31965],[85.69592,48.32533],[85.69532,48.33239],[85.70377,48.3355],[85.70497,48.34031],[85.7095,48.34791],[85.71727,48.35123],[85.71744,48.35603],[85.7137,48.36441],[85.7226,48.36501],[85.73061,48.3713],[85.73385,48.3766],[85.74126,48.3806],[85.74792,48.38641],[85.75152,48.39126],[85.75539,48.39817],[85.76311,48.40331],[85.77358,48.40827],[85.77826,48.41199],[85.78677,48.41418],[85.80486,48.41765],[85.82671,48.42163],[85.8382,48.42729],[85.84538,48.42831],[85.86183,48.42947],[85.87595,48.42853],[85.88976,48.42668],[85.89999,48.42888],[85.90885,48.43129],[85.92953,48.43332],[85.93331,48.4333],[85.95156,48.43481],[85.96188,48.43499],[85.97184,48.43403],[85.98285,48.43397],[86.00762,48.43498],[86.01691,48.43493],[86.02895,48.43555],[86.05165,48.43519],[86.08086,48.43365],[86.09668,48.43332],[86.11663,48.43343],[86.13621,48.43171],[86.1582,48.43042],[86.16782,48.43035],[86.17815,48.43074],[86.19663,48.43058],[86.20457,48.43077],[86.21378,48.43197],[86.22114,48.43399],[86.23278,48.43549],[86.23926,48.43739],[86.25457,48.44327],[86.26784,48.44867],[86.27698,48.45425],[86.28302,48.46002],[86.28768,48.466],[86.30157,48.4746],[86.30387,48.47873],[86.30409,48.48375],[86.30191,48.48852],[86.31055,48.48725],[86.32119,48.48782],[86.33726,48.4921],[86.34309,48.49284],[86.35107,48.48973],[86.35896,48.49073],[86.3651,48.4933],[86.3688,48.49653],[86.37215,48.5009],[86.37595,48.4998],[86.38297,48.49371],[86.38723,48.48828],[86.39599,48.48129],[86.40401,48.47613],[86.4082,48.47459],[86.41122,48.4745],[86.42126,48.47658],[86.43028,48.47993],[86.43929,48.48282],[86.49017,48.50386],[86.49412,48.50671],[86.58327,48.53994],[86.58663,48.54054],[86.5891,48.54226],[86.58914,48.54406],[86.59229,48.54594],[86.59428,48.54879],[86.59357,48.55174],[86.59661,48.55547],[86.59743,48.55827],[86.59519,48.55985],[86.59698,48.56254],[86.59494,48.56475],[86.59473,48.56719],[86.59656,48.56903],[86.59696,48.57201],[86.59392,48.57497],[86.59772,48.57616],[86.59867,48.5811],[86.60116,48.58205],[86.60138,48.58452],[86.60694,48.58511],[86.61009,48.58787],[86.60982,48.59073],[86.61192,48.59714],[86.61822,48.59782],[86.62808,48.6039],[86.62943,48.60691],[86.63302,48.60998],[86.63434,48.6127],[86.63274,48.62022],[86.63349,48.62444],[86.63563,48.62678],[86.64033,48.62882],[86.64491,48.62965],[86.64928,48.62915],[86.65711,48.62958],[86.66935,48.63137],[86.66995,48.63386],[86.67672,48.6336],[86.682,48.63893],[86.68447,48.63883],[86.69177,48.6432],[86.68875,48.64735],[86.68901,48.64833],[86.69418,48.64966],[86.69473,48.65216],[86.69759,48.65266],[86.69922,48.65722],[86.6977,48.66118],[86.69999,48.66305],[86.69929,48.66467],[86.70047,48.66894],[86.70541,48.67253],[86.70919,48.67406],[86.71039,48.67587],[86.71556,48.67732],[86.71786,48.67928],[86.72604,48.68316],[86.7267,48.68555],[86.73108,48.68774],[86.73469,48.69053],[86.73561,48.69375],[86.7399,48.69817],[86.74323,48.69837],[86.74891,48.70482],[86.76118,48.7121],[86.76292,48.71422],[86.76832,48.71713],[86.76947,48.71971],[86.7728,48.72022],[86.77244,48.72488],[86.77418,48.72774],[86.77614,48.72842],[86.77632,48.73276],[86.77773,48.73604],[86.77544,48.73999],[86.77426,48.7452],[86.77202,48.74809],[86.77346,48.75012],[86.76996,48.7521],[86.7676,48.75834],[86.76147,48.76355],[86.75863,48.76807],[86.7577,48.77113],[86.75132,48.77773],[86.75145,48.78299],[86.75401,48.78547],[86.75331,48.7877],[86.75678,48.78852],[86.75758,48.7928],[86.7592,48.79428],[86.75913,48.79905],[86.76037,48.79996],[86.76085,48.80408],[86.76761,48.80861],[86.77522,48.81024],[86.78077,48.81219],[86.79331,48.8182],[86.79489,48.82012],[86.79983,48.82266],[86.80396,48.82386],[86.80462,48.82587],[86.80864,48.82655],[86.81026,48.8281],[86.817,48.83055],[86.81922,48.83313],[86.81697,48.83884],[86.81914,48.84107],[86.81772,48.84525],[86.81879,48.84753],[86.81561,48.85458],[86.81659,48.85611],[86.81338,48.85865],[86.80684,48.86206],[86.80647,48.86374],[86.80043,48.86713],[86.79689,48.87028],[86.79069,48.87144],[86.78358,48.87527],[86.7818,48.88118],[86.77848,48.88635],[86.7742,48.88981],[86.77142,48.88971],[86.7684,48.89204],[86.75647,48.89392],[86.75109,48.89695],[86.753,48.89914],[86.7506,48.90424],[86.74637,48.90781],[86.74421,48.9111],[86.74201,48.91184],[86.74014,48.91469],[86.7406,48.9191],[86.73822,48.92014],[86.73544,48.9235],[86.73559,48.92737],[86.73367,48.9312],[86.73379,48.93317],[86.7314,48.93877],[86.73022,48.93992],[86.73162,48.94552],[86.73002,48.94681],[86.73151,48.94945],[86.72707,48.95064],[86.72782,48.95299],[86.7263,48.95432],[86.72795,48.9565],[86.7272,48.96107],[86.7288,48.96465],[86.72901,48.9687],[86.73126,48.97083],[86.72926,48.97694],[86.72643,48.97936],[86.72688,48.98222],[86.73013,48.98336],[86.7298,48.98538],[86.72639,48.98799],[86.72991,48.98955],[86.72861,48.99218],[86.7293,48.99439],[86.73459,48.997],[86.73495,48.99915],[86.73752,49.00101],[86.74198,49.00624],[86.7463,49.00759],[86.7481,49.0096],[86.74916,49.01454],[86.75074,49.0159],[86.75668,49.01694],[86.76169,49.02078],[86.76458,49.02194],[86.76403,49.02361],[86.76627,49.02561],[86.7731,49.02756],[86.7751,49.02654],[86.78089,49.02731],[86.78377,49.03039],[86.78575,49.03037],[86.79274,49.03642],[86.79527,49.0392],[86.80142,49.03923],[86.80328,49.04119],[86.80697,49.04128],[86.80956,49.04349],[86.81722,49.04469],[86.81937,49.04669],[86.8236,49.04875],[86.82989,49.04927],[86.83185,49.05209],[86.83488,49.05402],[86.83861,49.05831],[86.83953,49.0606],[86.84244,49.06088],[86.8475,49.0653],[86.84695,49.06918],[86.84423,49.07217],[86.84607,49.07573],[86.84443,49.07792],[86.84322,49.08519],[86.84211,49.08757],[86.84405,49.08935],[86.84209,49.09307],[86.84269,49.09636],[86.84432,49.09723],[86.84354,49.10063],[86.84629,49.10218],[86.85283,49.11057],[86.85786,49.11242],[86.86254,49.1177],[86.87192,49.12051],[86.87568,49.12242],[86.8754,49.1255],[86.87801,49.12794],[86.88368,49.13002],[86.88715,49.13258],[86.89137,49.1329],[86.89631,49.13482],[86.89924,49.13418],[86.90792,49.13464],[86.91724,49.1341],[86.92276,49.13243],[86.92919,49.13127],[86.93313,49.13156],[86.93689,49.13081],[86.94071,49.13156],[86.94369,49.13002],[86.94549,49.13149],[86.95008,49.13187],[86.95357,49.13116],[86.9549,49.13263],[86.96351,49.13409],[86.96881,49.13344],[86.97617,49.13653],[86.98302,49.13855],[86.98604,49.14029],[86.99605,49.14264],[87.00486,49.14203],[87.00699,49.14085],[87.01831,49.13977],[87.02521,49.13755],[87.03469,49.1351],[87.04328,49.13135],[87.05185,49.13027],[87.05634,49.12926],[87.06026,49.12983],[87.06533,49.12726],[87.06688,49.13017],[87.07479,49.13232],[87.07691,49.13135],[87.08247,49.13106],[87.08703,49.1363],[87.08973,49.13803],[87.09479,49.13848],[87.10057,49.14005],[87.10032,49.14754],[87.10414,49.15112],[87.11806,49.15259],[87.12525,49.15264],[87.13031,49.15118],[87.13849,49.15077],[87.1411,49.1523],[87.15003,49.15075],[87.15326,49.14521],[87.16867,49.13888],[87.17466,49.13963],[87.17902,49.13896],[87.18453,49.13902],[87.18914,49.14227],[87.1933,49.14193],[87.19917,49.14319],[87.20402,49.14101],[87.20739,49.13568],[87.21325,49.13284],[87.21583,49.12835],[87.21355,49.12278],[87.22361,49.11968],[87.22737,49.11946],[87.22799,49.1153],[87.23705,49.11295],[87.24908,49.1127],[87.25352,49.11171],[87.25869,49.11415],[87.2628,49.11457],[87.27411,49.11461],[87.27694,49.11763],[87.27873,49.11776],[87.28579,49.11587],[87.28628,49.12079],[87.29514,49.12894],[87.29723,49.13368],[87.29647,49.13757],[87.29414,49.13943],[87.29518,49.14276],[87.29765,49.14504],[87.29941,49.14913],[87.29541,49.1525],[87.28996,49.156],[87.29168,49.15852],[87.29313,49.16316],[87.30273,49.16956],[87.30381,49.17218],[87.30152,49.1826],[87.29974,49.18457],[87.29269,49.1901],[87.29159,49.20177],[87.31563,49.23108],[87.30824,49.23437],[87.30418,49.23525],[87.2881,49.23319],[87.28628,49.23382],[87.27891,49.23421],[87.27375,49.23277],[87.26932,49.23257],[87.26263,49.23692],[87.25526,49.24017],[87.25331,49.24026],[87.24616,49.2378],[87.23995,49.23916],[87.23348,49.24431],[87.22858,49.24591],[87.221,49.24633],[87.21893,49.24761],[87.2078,49.25173],[87.20344,49.25116],[87.19832,49.2525],[87.18951,49.24925],[87.18163,49.24849],[87.18005,49.24754],[87.17418,49.24666],[87.16836,49.24816],[87.16578,49.25017],[87.15312,49.24924],[87.14032,49.24614],[87.13673,49.24832],[87.13352,49.2519],[87.12827,49.25605],[87.12472,49.25564],[87.11534,49.25327],[87.10324,49.25498],[87.09867,49.25387],[87.09517,49.25215],[87.08628,49.25206],[87.0815,49.2531],[87.07277,49.25333],[87.0645,49.25477],[87.05976,49.25447],[87.04951,49.25072],[87.0438,49.25048],[87.03694,49.25085],[87.03072,49.25288],[87.02529,49.25728],[87.01853,49.26902],[87.00605,49.29886],[86.99956,49.29755],[86.98214,49.30089],[86.97997,49.30328],[86.97506,49.30416],[86.97099,49.30585],[86.96999,49.30731],[86.96408,49.31167],[86.96097,49.3171],[86.95877,49.3186],[86.96271,49.32541],[86.95946,49.32981],[86.95515,49.33304],[86.95413,49.33524],[86.94304,49.33852],[86.94037,49.33972],[86.93565,49.3438],[86.9318,49.34499],[86.92647,49.34888],[86.92696,49.35267],[86.92497,49.35825],[86.9271,49.35978],[86.9231,49.36233],[86.92472,49.36982],[86.93104,49.36865],[86.93678,49.36892],[86.93967,49.37272],[86.9492,49.37994],[86.94521,49.38578],[86.94507,49.39148],[86.93644,49.39801],[86.93627,49.40019],[86.93852,49.40335],[86.94433,49.4035],[86.94503,49.40563],[86.94777,49.40642],[86.94733,49.40962],[86.9438,49.4109],[86.93734,49.41693],[86.93287,49.41769],[86.93012,49.42006],[86.92373,49.41868],[86.92092,49.41687],[86.91444,49.41664],[86.91173,49.41861],[86.91188,49.42119],[86.9065,49.42764],[86.90243,49.42925],[86.8973,49.42971],[86.89371,49.43091],[86.8911,49.43024],[86.88022,49.4341],[86.86831,49.43482],[86.86526,49.43957],[86.85756,49.44432],[86.85108,49.44459],[86.84825,49.44741],[86.84705,49.4517],[86.84412,49.45275],[86.83338,49.45225],[86.83631,49.45651],[86.83626,49.45888],[86.83833,49.46122],[86.83605,49.46627],[86.83367,49.46675],[86.83095,49.46975],[86.83178,49.4749],[86.83426,49.47713],[86.82972,49.48174],[86.83329,49.48529],[86.84071,49.4887],[86.84481,49.48981],[86.8473,49.49488],[86.85038,49.49541],[86.85541,49.49914],[86.85364,49.50138],[86.85334,49.50588],[86.85105,49.51062],[86.84635,49.51253],[86.84493,49.51464],[86.83758,49.51606],[86.83438,49.51835],[86.82482,49.52303],[86.8186,49.5273],[86.81485,49.53232],[86.82519,49.5367],[86.82736,49.53874],[86.82717,49.54543],[86.82384,49.54728],[86.81805,49.54814],[86.81299,49.54772],[86.80926,49.54931],[86.80443,49.54916],[86.80084,49.55058],[86.79837,49.55412],[86.79023,49.55277],[86.77471,49.55755],[86.77743,49.56185],[86.77719,49.56348],[86.76457,49.56184],[86.75963,49.56369],[86.7588,49.56877],[86.75228,49.56764],[86.74774,49.56893],[86.74422,49.56888],[86.73951,49.57117],[86.7339,49.57146],[86.72613,49.57069],[86.72138,49.56822],[86.71043,49.56809],[86.69662,49.57026],[86.6824,49.56906],[86.68097,49.5638],[86.67555,49.56146],[86.6659,49.56027],[86.6439,49.56281],[86.62956,49.56568],[86.61825,49.57038],[86.61024,49.58453],[86.60249,49.60555],[86.59758,49.60952],[86.60076,49.61091],[86.60858,49.6171],[86.61136,49.62397],[86.61555,49.62852],[86.61919,49.62902],[86.6217,49.63099],[86.63569,49.63193],[86.65916,49.64379],[86.65287,49.64975],[86.65326,49.65249],[86.66323,49.65681],[86.66633,49.66284],[86.66573,49.6655],[86.67336,49.6686],[86.67815,49.6693],[86.68191,49.66866],[86.6847,49.67068],[86.68424,49.67515],[86.6972,49.67841],[86.70067,49.68065],[86.69972,49.68497],[86.70494,49.68667],[86.70947,49.68726],[86.7164,49.68296],[86.71983,49.67809],[86.72419,49.67665],[86.72941,49.6782],[86.73486,49.68565],[86.73842,49.68842],[86.74965,49.68982],[86.75547,49.68962],[86.75607,49.68841],[86.7615,49.68797],[86.76772,49.68913],[86.77066,49.69195],[86.77892,49.69602],[86.77846,49.70315],[86.77515,49.70564],[86.7709,49.71056],[86.77105,49.71326],[86.76866,49.71798],[86.76634,49.72494],[86.7637,49.72556],[86.76149,49.73037],[86.75834,49.73101],[86.75639,49.73396],[86.75802,49.73713],[86.75531,49.73905],[86.753,49.74239],[86.75768,49.74488],[86.75875,49.74641],[86.76282,49.74816],[86.76531,49.75181],[86.76447,49.75814],[86.76844,49.76029],[86.77138,49.76382],[86.77454,49.76966],[86.77629,49.77421],[86.77603,49.77755],[86.77803,49.78247],[86.78273,49.78914],[86.78284,49.79379],[86.77942,49.79449],[86.77458,49.79358],[86.77227,49.79213],[86.76123,49.79027],[86.7551,49.79178],[86.75097,49.79065],[86.74651,49.7866],[86.74318,49.78736],[86.73586,49.78715],[86.73247,49.78805],[86.7317,49.79041],[86.72851,49.79286],[86.7225,49.79415],[86.71534,49.79422],[86.7133,49.79548],[86.71083,49.80121],[86.69769,49.80842],[86.68837,49.8109],[86.68506,49.81092],[86.67621,49.80758],[86.67136,49.80837],[86.66414,49.80868],[86.66104,49.81216],[86.65388,49.81256],[86.64889,49.81064],[86.64886,49.80842],[86.64338,49.80627],[86.64005,49.80797],[86.63642,49.80797],[86.63155,49.8069],[86.62882,49.80508],[86.62225,49.80527],[86.61976,49.80445],[86.60804,49.80733],[86.60104,49.80762],[86.58991,49.80707],[86.5903,49.80102],[86.59485,49.79841],[86.59669,49.79595],[86.59563,49.7906],[86.59995,49.78482],[86.60477,49.7843],[86.60295,49.77987],[86.60589,49.77506],[86.61058,49.77204],[86.6105,49.76893],[86.6081,49.76552],[86.60925,49.76377],[86.60554,49.75845],[86.6046,49.75428],[86.60338,49.75338],[86.60182,49.74815],[86.60241,49.74405],[86.59957,49.74274],[86.59502,49.74268],[86.59308,49.74032],[86.58601,49.73967],[86.58175,49.73542],[86.57842,49.73392],[86.57847,49.73008],[86.58229,49.72414],[86.57683,49.72208],[86.57382,49.71932],[86.56543,49.71602],[86.56431,49.71458],[86.55878,49.71304],[86.54863,49.71145],[86.54534,49.70774],[86.53948,49.70546],[86.53417,49.70453],[86.52656,49.70204],[86.52374,49.69745],[86.51828,49.69333],[86.51355,49.69106],[86.50924,49.69095],[86.50836,49.67822],[86.50608,49.67465],[86.48845,49.65791],[86.4691,49.64553],[86.45627,49.63832],[86.44775,49.63777],[86.42861,49.62935],[86.42565,49.62429],[86.42,49.60759],[86.40783,49.606],[86.39455,49.60339],[86.38678,49.60137],[86.37135,49.59362],[86.36182,49.5924],[86.35073,49.59191],[86.33979,49.59322],[86.3314,49.5932],[86.32267,49.59761],[86.31591,49.59928],[86.29923,49.59596],[86.28661,49.59185],[86.2716,49.5827],[86.2691,49.5781],[86.26866,49.57182],[86.26625,49.56862],[86.26602,49.56606],[86.26838,49.56113],[86.2683,49.55776],[86.26624,49.55566],[86.26831,49.55047],[86.267,49.54654],[86.26032,49.54346],[86.25505,49.53872],[86.25383,49.5339],[86.23941,49.52544],[86.23875,49.51768],[86.23521,49.51365],[86.2305,49.50225],[86.22827,49.49519],[86.21716,49.47776],[86.2079,49.46992],[86.20204,49.46611],[86.17391,49.47898],[86.17187,49.48328],[86.17061,49.49764],[86.16634,49.5033],[86.15944,49.50773],[86.1411,49.51279],[86.11292,49.52438],[86.08911,49.52438],[86.07729,49.52168],[86.05796,49.5231],[86.0372,49.52185],[86.03327,49.51678],[86.03241,49.51232],[86.03284,49.50807],[86.02451,49.50373],[86.01027,49.49972],[86.00909,49.49768],[85.99903,49.49286],[85.98646,49.48895],[85.96899,49.48712],[85.96316,49.49094],[85.96018,49.49856],[85.95339,49.50275],[85.95504,49.50774],[85.95125,49.50897],[85.95026,49.51046],[85.94444,49.51329],[85.94312,49.51762],[85.94034,49.51837],[85.93836,49.52326],[85.93783,49.5279],[85.92941,49.53587],[85.93208,49.53744],[85.9325,49.5397],[85.93622,49.54245],[85.94138,49.54495],[85.94681,49.55016],[85.94945,49.55378],[85.94976,49.55603],[85.94428,49.56133],[85.93821,49.5621],[85.92793,49.5588],[85.92115,49.56438],[85.91727,49.56517],[85.90552,49.56341],[85.90044,49.56211],[85.89018,49.56196],[85.88489,49.56401],[85.88374,49.56691],[85.84106,49.54765],[85.83316,49.54461],[85.82623,49.54425],[85.816,49.54699],[85.8055,49.55735],[85.80565,49.56163],[85.80991,49.56588],[85.80145,49.56701],[85.79002,49.57248],[85.7841,49.57321],[85.78061,49.575],[85.76599,49.57281],[85.76178,49.57311],[85.75689,49.57715],[85.70052,49.56538],[85.69393,49.56412],[85.68413,49.55894],[85.68188,49.55692],[85.67769,49.5504],[85.62723,49.57779],[85.62284,49.58588],[85.62285,49.59421],[85.62342,49.59872],[85.62165,49.60087],[85.61084,49.60632],[85.60722,49.60927],[85.59912,49.61256],[85.58991,49.61438],[85.5837,49.61367],[85.57962,49.61036],[85.57815,49.60749],[85.57395,49.60412],[85.56674,49.60308],[85.55631,49.59544],[85.55329,49.59441],[85.54533,49.59694],[85.53945,49.59731],[85.53254,49.59849],[85.52701,49.59767],[85.52388,49.59568],[85.49021,49.59813],[85.38844,49.6348],[85.32126,49.59085],[85.25752,49.58852],[85.25865,49.59922],[85.25498,49.604],[85.25919,49.6126],[85.26467,49.61979],[85.25451,49.62726],[85.23452,49.62589],[85.21012,49.62709],[85.2145,49.63136],[85.21635,49.63702],[85.20995,49.64171],[85.20929,49.6444],[85.20533,49.64808],[85.20346,49.65232],[85.20457,49.6563],[85.21009,49.66184],[85.2083,49.66405],[85.20831,49.67276],[85.21412,49.67525],[85.21263,49.68019],[85.2132,49.68675],[85.21494,49.68907],[85.21293,49.69389],[85.208,49.6978],[85.20918,49.70181],[85.20564,49.70781],[85.2068,49.71135],[85.20683,49.71541],[85.21335,49.71515],[85.21553,49.71853],[85.20774,49.72917],[85.2038,49.73087],[85.2025,49.73441],[85.19831,49.73794],[85.20279,49.73995],[85.20405,49.74177],[85.20337,49.74527],[85.1974,49.74726],[85.19239,49.75051],[85.18196,49.75452],[85.17529,49.75456],[85.17283,49.75805],[85.17386,49.75961],[85.17186,49.76272],[85.16696,49.76539],[85.1657,49.76908],[85.15902,49.76782],[85.15059,49.76726],[85.14793,49.76913],[85.14895,49.7704],[85.14815,49.77377],[85.14313,49.77863],[85.14487,49.78112],[85.1395,49.78538],[85.14036,49.78813],[85.13968,49.79065],[85.14349,49.7931],[85.14457,49.79642],[85.13556,49.80035],[85.13244,49.80412],[85.13235,49.80811],[85.12859,49.81286],[85.12334,49.81456],[85.12128,49.81796],[85.1162,49.81766],[85.11027,49.81968],[85.10844,49.82329],[85.10161,49.82421],[85.09975,49.82814],[85.10493,49.83442],[85.10519,49.83858],[85.10436,49.84116],[85.1055,49.84312],[85.10083,49.84533],[85.10043,49.85212],[85.08744,49.85801],[85.08458,49.86018],[85.08039,49.86858],[85.06978,49.87592],[85.0597,49.88504],[85.05466,49.88633],[85.04173,49.88628],[85.03441,49.88889],[85.02327,49.89105],[85.01967,49.89464],[85.0115,49.89829],[85.00476,49.89828],[85.00398,49.89991],[85.00063,49.90089],[85.0001,49.90337],[84.99521,49.90559],[84.98549,49.90677],[84.98414,49.91332],[84.98759,49.92064],[84.98714,49.92342],[84.9837,49.93168],[84.98365,49.93456],[84.97811,49.94253],[84.9793,49.94564],[84.98493,49.94992],[84.97853,49.95361],[84.97295,49.95428],[84.99463,49.96823],[84.99305,49.9725],[84.98943,49.97411],[84.98201,49.97514],[84.97805,49.97629],[84.97969,49.98031],[84.98358,49.98397],[84.99347,49.98883],[84.99969,49.99052],[85.00846,49.99535],[85.02529,49.99992],[85.03216,49.99906],[85.0329,50.00357],[85.03783,50.00907],[85.04926,50.0104],[85.03537,50.01888],[85.03738,50.02019],[85.03663,50.02686],[85.03253,50.0326],[85.03398,50.03659],[85.03352,50.04183],[85.03948,50.04842],[85.03554,50.05249],[85.02613,50.05407],[85.02414,50.06022],[85.00625,50.05817],[84.98645,50.06447],[84.97483,50.06696],[84.9663,50.0725],[84.9516,50.0912],[84.94583,50.09661],[84.94269,50.09701],[84.93668,50.09588],[84.92874,50.09285],[84.92399,50.09216],[84.91839,50.09306],[84.90857,50.09559],[84.90528,50.09541],[84.89636,50.10023],[84.88659,50.10422],[84.88383,50.10196],[84.87685,50.10208],[84.87488,50.09757],[84.87278,50.09599],[84.86437,50.09607],[84.86036,50.0931],[84.85636,50.09211],[84.8507,50.0939],[84.84125,50.09885],[84.8335,50.1051],[84.83258,50.11428],[84.81661,50.1167],[84.81391,50.12077],[84.81427,50.12497],[84.81323,50.12882],[84.81511,50.1319],[84.81342,50.13616],[84.82537,50.14298],[84.81754,50.1452],[84.80634,50.14668],[84.80523,50.1472],[84.79169,50.14432],[84.78547,50.14461],[84.78118,50.14295],[84.77479,50.13932],[84.75772,50.1369],[84.74927,50.14],[84.73236,50.15373],[84.72718,50.16423],[84.71052,50.17312],[84.69947,50.17783],[84.69467,50.18292],[84.69201,50.18862],[84.67858,50.19136],[84.67143,50.19328],[84.6627,50.19374],[84.66067,50.19527],[84.66137,50.19832],[84.65849,50.19978],[84.64982,50.20011],[84.63393,50.20714],[84.62819,50.21068],[84.61203,50.21083],[84.60556,50.21193],[84.59867,50.21007],[84.58117,50.20807],[84.56966,50.20125],[84.56959,50.19796],[84.56752,50.19684],[84.56265,50.19839],[84.5541,50.20345],[84.5478,50.20479],[84.54136,50.2074],[84.53669,50.2057],[84.53026,50.20604],[84.52788,50.20845],[84.52407,50.20924],[84.52011,50.213],[84.51578,50.21506],[84.51249,50.22072],[84.50849,50.22445],[84.50933,50.22575],[84.50281,50.23147],[84.49813,50.23247],[84.4949,50.23506],[84.49003,50.23767],[84.48498,50.23926],[84.48201,50.2386],[84.47695,50.23883],[84.47652,50.24067],[84.4568,50.24726],[84.44697,50.24635],[84.43384,50.23608],[84.43156,50.23002],[84.42393,50.22689],[84.42167,50.22484],[84.41593,50.21705],[84.41257,50.21645],[84.41252,50.21203],[84.40985,50.20923],[84.40329,50.20967],[84.39921,50.21375],[84.39107,50.21583],[84.37655,50.21447],[84.3714,50.21168],[84.37112,50.20929],[84.36683,50.20646],[84.36252,50.20546],[84.36183,50.20867],[84.35746,50.21381],[84.3474,50.21838],[84.33673,50.22165],[84.33427,50.2256],[84.32908,50.22646],[84.32585,50.22858],[84.32597,50.23298],[84.32359,50.23599],[84.32498,50.2389],[84.32086,50.24019],[84.31941,50.24243],[84.32009,50.24431],[84.31832,50.24703],[84.31071,50.24681],[84.30809,50.24825],[84.30325,50.24772],[84.3005,50.24845],[84.29691,50.25136],[84.29394,50.25228],[84.2902,50.25614],[84.28065,50.26154],[84.2786,50.26424],[84.27879,50.267],[84.27475,50.26826],[84.2715,50.2713],[84.26573,50.27322],[84.26483,50.27611],[84.26059,50.27886],[84.25992,50.28251],[84.25496,50.28611],[84.25605,50.28931],[84.25159,50.29014],[84.2507,50.29513],[84.25185,50.29717],[84.25971,50.30105],[84.26033,50.30735],[84.26223,50.31015],[84.26322,50.31443],[84.26643,50.31735],[84.27077,50.31892],[84.27203,50.32066],[84.26932,50.32291],[84.26595,50.32273],[84.26176,50.32557],[84.26224,50.32803],[84.26603,50.3326],[84.26605,50.33526],[84.26954,50.33834],[84.26907,50.34135],[84.26598,50.34834],[84.2662,50.35063],[84.2691,50.35188],[84.26829,50.35658],[84.2622,50.36463],[84.25509,50.36954],[84.24934,50.37088],[84.24203,50.37685],[84.23969,50.38752],[84.24166,50.39067],[84.24573,50.39275],[84.24477,50.39882],[84.24199,50.40866],[84.23576,50.41452],[84.22837,50.42598],[84.22671,50.43077],[84.21645,50.43423],[84.21505,50.43873],[84.21176,50.44568],[84.20654,50.45414],[84.20397,50.46897],[84.20459,50.47035],[84.20891,50.47274],[84.21259,50.47357],[84.23002,50.48117],[84.23257,50.48307],[84.23341,50.48653],[84.23562,50.48975],[84.2345,50.49339],[84.23751,50.50098],[84.23531,50.50421],[84.23831,50.50828],[84.2439,50.51068],[84.24871,50.51557],[84.24324,50.51762],[84.24191,50.52374],[84.23824,50.52959],[84.23463,50.53222],[84.23207,50.53559],[84.23058,50.54024],[84.223,50.5406],[84.21866,50.54158],[84.21564,50.54333],[84.20872,50.54355],[84.19673,50.54162],[84.19017,50.54549],[84.18043,50.54898],[84.17615,50.55161],[84.17094,50.55053],[84.16914,50.55174],[84.16878,50.55446],[84.17003,50.55674],[84.16971,50.55986],[84.17208,50.56341],[84.16826,50.56564],[84.16686,50.5675],[84.16751,50.57015],[84.16003,50.57061],[84.15345,50.57208],[84.15175,50.57394],[84.15291,50.58174],[84.1558,50.5835],[84.15687,50.58734],[84.15191,50.59258],[84.15019,50.59846],[84.14527,50.60284],[84.14496,50.60597],[84.13755,50.60523],[84.13106,50.6074],[84.12805,50.60688],[84.11849,50.60815],[84.11529,50.60919],[84.11357,50.61133],[84.11439,50.61479],[84.10926,50.61941],[84.10782,50.62309],[84.10383,50.62398],[84.09551,50.6281],[84.09406,50.63111],[84.08262,50.63361],[84.08073,50.63485],[84.08042,50.63988],[84.0755,50.64135],[84.0739,50.64392],[84.0743,50.65068],[84.07089,50.65313],[84.07148,50.65873],[84.0578,50.66268],[84.05538,50.66512],[84.05148,50.66693],[84.04956,50.66923],[84.05007,50.672],[84.04604,50.67411],[84.0451,50.67613],[84.04102,50.67697],[84.03922,50.68035],[84.03465,50.68299],[84.03357,50.68534],[84.02961,50.68805],[84.02598,50.69228],[84.02517,50.69622],[84.02322,50.69786],[84.01702,50.69964],[84.00587,50.70542],[83.98927,50.70871],[83.98725,50.70998],[83.98634,50.71416],[83.98113,50.71692],[83.97995,50.72009],[83.97575,50.72117],[83.96611,50.72799],[83.96547,50.73287],[83.96371,50.7364],[83.96051,50.73952],[83.95104,50.7464],[83.95014,50.75072],[83.95201,50.75596],[83.95026,50.75926],[83.95169,50.76357],[83.95466,50.76568],[83.95825,50.76632],[83.96228,50.769],[83.96702,50.77357],[83.97622,50.77994],[83.97661,50.78291],[83.97303,50.7865],[83.97348,50.78982],[83.97266,50.7954],[83.96693,50.79669],[83.96479,50.79836],[83.96434,50.801],[83.95593,50.80346],[83.95093,50.80431],[83.94713,50.80657],[83.93527,50.81027],[83.91049,50.81626],[83.90307,50.82456],[83.89559,50.83005],[83.88823,50.83172],[83.87626,50.8385],[83.87528,50.84046],[83.877,50.84721],[83.85735,50.85546],[83.85128,50.85509],[83.84714,50.85818],[83.84736,50.86084],[83.84946,50.8638],[83.83633,50.86995],[83.8366,50.87374],[83.83367,50.88002],[83.82818,50.88034],[83.82116,50.88303],[83.81532,50.88251],[83.81143,50.88371],[83.80661,50.88283],[83.80218,50.88383],[83.80049,50.88638],[83.79741,50.88782],[83.79017,50.88758],[83.77117,50.88974],[83.76552,50.8891],[83.76274,50.89038],[83.75464,50.89007],[83.74335,50.89419],[83.73406,50.89233],[83.72695,50.89315],[83.72109,50.89255],[83.71603,50.8934],[83.7116,50.89335],[83.70357,50.89621],[83.70025,50.89898],[83.69953,50.90143],[83.69508,50.90489],[83.69262,50.90896],[83.68472,50.91341],[83.67785,50.91545],[83.67708,50.91715],[83.68087,50.92184],[83.67861,50.92796],[83.67109,50.93127],[83.66568,50.93303],[83.66292,50.93689],[83.6565,50.93953],[83.65621,50.94285],[83.65204,50.94539],[83.65118,50.9521],[83.6487,50.95478],[83.64405,50.95301],[83.63797,50.9498],[83.63729,50.94661],[83.63381,50.94398],[83.63023,50.9436],[83.62751,50.94471],[83.62698,50.94987],[83.62157,50.9501],[83.61632,50.95407],[83.60987,50.95478],[83.60568,50.95902],[83.60125,50.95918],[83.5977,50.96073],[83.59432,50.95591],[83.59351,50.94943],[83.58901,50.94743],[83.58429,50.94672],[83.57917,50.9482],[83.57527,50.95289],[83.57228,50.95488],[83.56333,50.95625],[83.56047,50.95759],[83.5517,50.95916],[83.54314,50.959],[83.53759,50.96087],[83.51227,50.94855],[83.50692,50.94972],[83.50108,50.9525],[83.50439,50.95793],[83.50131,50.96817],[83.50241,50.97401],[83.49951,50.97663],[83.48882,50.97924],[83.47821,50.97681],[83.44748,50.97714],[83.43022,50.98671],[83.43689,50.99538],[83.43981,51.00495],[83.43245,51.00938],[83.42491,51.01049],[83.41716,51.01007],[83.41238,51.011],[83.40716,51.01319],[83.40431,51.01314],[83.39521,51.00989],[83.38711,51.00374],[83.37947,51.00142],[83.37467,51.00163],[83.37078,51.00058],[83.36957,50.99869],[83.3663,50.99861],[83.35823,51.00196],[83.3582,51.00755],[83.34592,51.0094],[83.32982,51.00905],[83.32011,51.01051],[83.29156,51.00896],[83.28444,51.01504],[83.27714,51.01334],[83.26837,51.00603],[83.25802,51.00342],[83.22568,51.00118],[83.20604,50.99336],[83.20205,50.99334],[83.17962,51.0038],[83.17748,51.00836],[83.17504,51.01157],[83.16093,51.01239],[83.15213,51.01201],[83.1463,51.01008],[83.13978,51.01167],[83.12102,51.011],[83.12203,51.0048],[83.11919,51.00124],[83.12021,50.99449],[83.12231,50.98452],[83.11864,50.98375],[83.11478,50.97835],[83.11449,50.96949],[83.11248,50.96595],[83.10587,50.96257],[83.1005,50.95812],[83.09239,50.95534],[83.09169,50.95087],[83.08863,50.94886],[83.08029,50.94558],[83.07285,50.9413],[83.05896,50.93461],[83.05296,50.93266],[83.04733,50.93323],[83.03889,50.93009],[83.02903,50.92897],[83.00599,50.9252],[82.99608,50.91336],[82.98996,50.90228],[82.98936,50.89716],[82.98432,50.88894],[82.97964,50.88385],[82.97598,50.88564],[82.97154,50.88926],[82.96179,50.89329],[82.94227,50.89474],[82.93098,50.89816],[82.92669,50.89866],[82.92324,50.90076],[82.91495,50.90441],[82.91105,50.90768],[82.90086,50.90614],[82.89587,50.90483],[82.88912,50.9065],[82.88681,50.90513],[82.88547,50.89797],[82.87889,50.89753],[82.8702,50.89924],[82.86631,50.90442],[82.84781,50.90966],[82.83799,50.91803],[82.79421,50.91807],[82.78764,50.92073],[82.78127,50.91999],[82.77803,50.9234],[82.77363,50.92454],[82.77135,50.92713],[82.73282,50.92727],[82.73006,50.9253],[82.7288,50.92286],[82.73316,50.91536],[82.73325,50.91259],[82.73141,50.90721],[82.72791,50.90453],[82.71734,50.90093],[82.71876,50.89756],[82.71745,50.894],[82.72539,50.87683],[82.72908,50.86691],[82.73068,50.8573],[82.73919,50.85043],[82.70647,50.8319],[82.71069,50.82816],[82.70927,50.8257],[82.70997,50.82251],[82.70394,50.81634],[82.70153,50.8122],[82.69682,50.80985],[82.68868,50.81076],[82.68204,50.80823],[82.67769,50.80885],[82.67511,50.80795],[82.67497,50.80598],[82.67989,50.80199],[82.68022,50.80059],[82.67317,50.79701],[82.66801,50.79325],[82.66335,50.79288],[82.65442,50.79545],[82.64705,50.79433],[82.63761,50.7877],[82.63042,50.77909],[82.62344,50.77798],[82.60546,50.776],[82.60331,50.77378],[82.56747,50.74684],[82.53681,50.74705],[82.50227,50.74178],[82.48521,50.74226],[82.48086,50.75171],[82.47182,50.75612],[82.41071,50.76467],[82.40829,50.76384],[82.38072,50.77572],[82.37783,50.78043],[82.3666,50.77789],[82.36222,50.78285],[82.35731,50.7846],[82.35077,50.77563],[82.34645,50.77494],[82.34353,50.773],[82.34237,50.77028],[82.33746,50.77022],[82.33532,50.76792],[82.33191,50.7674],[82.32644,50.76442],[82.32723,50.76288],[82.32133,50.76125],[82.31674,50.75296],[82.30516,50.75579],[82.29586,50.76938],[82.27038,50.76979],[82.26422,50.76573],[82.26359,50.76427],[82.25702,50.76113],[82.25351,50.75407],[82.25003,50.75193],[82.24914,50.74889],[82.24344,50.74736],[82.24123,50.74758],[82.23702,50.74559],[82.23412,50.74285],[82.23013,50.7419],[82.22902,50.7394],[82.22408,50.73685],[82.22244,50.73692],[82.21702,50.74123],[82.21583,50.74125],[82.21191,50.73692],[82.20418,50.73663],[82.19945,50.73491],[82.18915,50.73522],[82.18551,50.73703],[82.1847,50.73476],[82.18135,50.73375],[82.17976,50.73179],[82.1727,50.73006],[82.17239,50.73864],[82.17463,50.7399],[82.1753,50.74527],[82.17216,50.7468],[82.16639,50.74584],[82.15893,50.74695],[82.15594,50.74434],[82.15238,50.74377],[82.14681,50.7451],[82.14723,50.74733],[82.07838,50.75084],[82.06113,50.75737],[82.06292,50.7658],[82.04814,50.76937],[82.03597,50.76911],[82.02629,50.77916],[82.01257,50.78575],[81.99718,50.78794],[81.99193,50.78475],[81.98199,50.78475],[81.96504,50.78953],[81.90607,50.79548],[81.88542,50.80431],[81.79678,50.77198],[81.7904,50.78978],[81.79126,50.79434],[81.79002,50.79539],[81.78919,50.80261],[81.78954,50.80925],[81.78873,50.81504],[81.78957,50.81657],[81.77586,50.82092],[81.75543,50.7818],[81.72783,50.76013],[81.65972,50.75269],[81.5825,50.74239],[81.5288,50.7517],[81.52597,50.75172],[81.52506,50.75795],[81.51405,50.75866],[81.51301,50.75698],[81.50747,50.75707],[81.50648,50.75441],[81.50264,50.75317],[81.44934,50.75593],[81.46105,50.80208],[81.48599,50.82418],[81.47172,50.84341],[81.47168,50.86257],[81.43922,50.86276],[81.43562,50.86315],[81.43576,50.87237],[81.42125,50.87243],[81.42133,50.88178],[81.44273,50.89188],[81.44284,50.91077],[81.43556,50.91081],[81.43541,50.92986],[81.41352,50.92986],[81.41343,50.95995],[81.41259,50.97574],[81.30993,50.97568],[81.29296,50.97457],[81.28907,50.97397],[81.26641,50.96176],[81.23223,50.96326],[81.21991,50.95861],[81.19092,50.95107],[81.17918,50.9576],[81.15755,50.95106],[81.05976,50.9479],[81.06597,50.96718],[81.08222,50.99777],[81.08962,51.02159],[81.09588,51.03144],[81.10293,51.06057],[81.10659,51.06626],[81.11625,51.06444],[81.14182,51.0791],[81.15538,51.10143],[81.1562,51.1048],[81.15952,51.11165],[81.17291,51.14163],[81.17322,51.1436],[81.16495,51.15402],[81.17698,51.16171],[81.17617,51.16667],[81.17584,51.17385],[81.17444,51.1828],[81.16653,51.18495],[81.16216,51.19168],[81.15857,51.19462],[81.14636,51.21188],[81.11516,51.21152],[81.11478,51.20878],[81.11242,51.20282],[81.10702,51.19134],[81.10253,51.18016],[81.04709,51.18146],[81.04602,51.18963],[80.9198,51.21902],[80.94061,51.25926],[80.91003,51.25871],[80.8558,51.27693],[80.85358,51.27584],[80.83009,51.28119],[80.75219,51.298],[80.67767,51.31675],[80.63511,51.26279],[80.6347,51.2068],[80.56526,51.20695],[80.54787,51.20648],[80.49255,51.204],[80.44709,51.20829],[80.44074,51.19046],[80.43739,51.17673],[80.4342,51.15535],[80.43365,51.13516],[80.43648,51.119],[80.4532,51.11782],[80.45452,51.10916],[80.48222,51.10943],[80.48214,51.03494],[80.48224,50.96869],[80.4774,50.96513],[80.46863,50.96339],[80.43975,50.95993],[80.42108,50.96205],[80.37597,50.92712],[80.3251,50.92753],[80.32446,50.91789],[80.2454,50.91854],[80.24419,50.89931],[80.19295,50.90037],[80.19234,50.85086],[80.18571,50.85086],[80.18492,50.82737],[80.08304,50.82817],[80.08341,50.85295],[80.06798,50.85289],[80.06731,50.84656],[80.06305,50.84657],[80.06304,50.83507],[80.06393,50.8091],[80.07955,50.73878],[80.07587,50.73821],[80.00473,50.8346],[79.9517,50.90581],[79.91901,50.95028],[79.89896,50.977],[79.84307,51.04339],[79.73165,51.19101],[79.72048,51.21718],[79.53269,51.46646],[79.40914,51.61557],[79.33906,51.70866],[79.33253,51.7072],[79.30351,51.70446],[79.27369,51.70247],[79.25503,51.69971],[79.25086,51.69768],[79.24803,51.69215],[79.25919,51.68844],[79.23949,51.68446],[79.23229,51.68212],[79.23087,51.68074],[79.23296,51.67718],[79.23082,51.67096],[79.23755,51.66635],[79.2462,51.66174],[79.24565,51.6577],[79.24854,51.65183],[79.24565,51.64585],[79.23048,51.63586],[79.20239,51.61909],[79.15045,51.60607],[79.13429,51.60129],[79.11064,51.59361],[79.06154,51.58682],[79.10135,51.5254],[79.082,51.51129],[79.02902,51.47944],[79.00147,51.4591],[78.98337,51.44926],[78.95285,51.45357],[78.91923,51.45786],[78.84163,51.45394],[78.83777,51.47561],[78.85589,51.48518],[78.85432,51.48809],[78.8471,51.49046],[78.83322,51.49121],[78.82457,51.49376],[78.80861,51.49563],[78.73635,51.49607],[78.70822,51.49533],[78.67977,51.49618],[78.67146,51.49106],[78.68013,51.47007],[78.70342,51.46588],[78.72079,51.46557],[78.74025,51.46765],[78.74746,51.38143],[78.78995,51.38253],[78.78329,51.37335],[78.78477,51.29883],[78.76347,51.30092],[78.72862,51.30724],[78.7188,51.3098],[78.6981,51.31189],[78.69719,51.30786],[78.69693,51.3016],[78.69586,51.29345],[78.68824,51.29582],[78.67308,51.29402],[78.6415,51.29175],[78.63206,51.27336],[78.57245,51.2495],[78.54218,51.23773],[78.51372,51.23117],[78.48384,51.22995],[78.45061,51.22411],[78.4306,51.22342],[78.41966,51.22133],[78.39065,51.21889],[78.37583,51.22661],[78.34015,51.24476],[78.32439,51.23391],[78.31025,51.21149],[78.28631,51.20034],[78.26198,51.1926],[78.24428,51.18879],[78.21223,51.18652],[78.19374,51.18563],[78.17451,51.17869],[78.15549,51.17222],[78.1191,51.15497],[78.11322,51.14861],[78.10897,51.14972],[78.08912,51.1481],[78.08202,51.1487],[78.0755,51.14738],[78.06879,51.14214],[78.06379,51.12723],[78.06913,51.10917],[78.07428,51.10141],[78.07394,51.0902],[78.07978,51.07984],[78.08166,51.07774],[78.08998,51.07262],[78.09863,51.07251],[78.10567,51.07301],[78.11318,51.07289],[78.12043,51.07104],[78.12938,51.06638],[78.13455,51.05895],[78.13305,51.05032],[78.12361,51.03372],[78.12451,51.02979],[78.12938,51.02638],[78.13446,51.0251],[78.14545,51.02533],[78.15992,51.02651],[78.172,51.02598],[78.18067,51.02321],[78.18835,51.01557],[78.19107,51.00824],[78.19423,51.0014],[78.19474,50.99174],[78.1962,50.98133],[78.2018,50.9649],[78.20765,50.96079],[78.22134,50.95703],[78.22878,50.95371],[78.24217,50.93835],[78.24526,50.92342],[78.24938,50.9139],[78.26139,50.90221],[78.26929,50.88727],[78.27822,50.8825],[78.29126,50.8825],[78.31598,50.88337],[78.33624,50.88012],[78.34963,50.87189],[78.35821,50.85975],[78.36542,50.85368],[78.37057,50.8526],[78.38808,50.85303],[78.40044,50.84848],[78.41431,50.84097],[78.42461,50.84227],[78.4358,50.84328],[78.45091,50.84176],[78.45983,50.83938],[78.46739,50.83049],[78.46704,50.82658],[78.46498,50.81921],[78.46739,50.81248],[78.47219,50.80576],[78.47938,50.79977],[78.47754,50.79349],[78.46989,50.78324],[78.47384,50.77952],[78.45161,50.76934],[78.45777,50.75974],[78.45733,50.74254],[78.45769,50.73658],[78.52374,50.68099],[78.60536,50.68544],[78.6084,50.68409],[78.6829,50.69522],[78.68813,50.69821],[78.71219,50.70786],[78.71897,50.70149],[78.69631,50.66029],[78.70987,50.63519],[78.69499,50.59398],[78.70485,50.47282],[78.78002,50.4506],[78.78875,50.42224],[78.81981,50.32105],[78.76156,50.26623],[78.70995,50.19637],[78.65211,50.13173],[78.61343,50.08843],[78.50291,50.04496],[78.41432,50.03774],[78.16042,50.09166],[78.11969,50.10031],[78.03021,50.1263],[77.80306,50.19222],[77.75559,50.23527],[77.69717,50.22185],[77.70228,50.20397],[77.69575,50.19287],[77.67854,50.16072],[77.511,50.07111],[77.49324,50.05814],[77.47607,50.0507],[77.44581,50.02131],[77.41766,50.01599],[77.34492,49.99382],[77.27703,49.9703],[77.23179,49.94319],[77.229,49.94359],[77.22624,49.9424],[77.21488,49.94123],[77.20316,49.94541],[77.20086,49.94452],[77.19247,49.94404],[77.18887,49.94295],[77.18327,49.93903],[77.17926,49.9353],[77.17501,49.93345],[77.17072,49.93011],[77.16585,49.92867],[77.14643,49.87817],[77.16188,49.86191],[77.15106,49.81784],[77.1454,49.77208],[77.18265,49.75655],[77.17698,49.70607],[77.16703,49.68342],[77.10484,49.61559],[77.15119,49.52497],[77.15943,49.498],[76.84169,49.51433],[76.60482,49.44014],[76.59,49.38246],[76.67016,49.3223],[76.66785,49.28865],[76.75231,49.27037],[76.90305,49.1892],[76.90538,49.12538],[76.9863,49.09471],[77.03455,49.04345],[76.93861,49.01661],[76.91828,49.03592],[76.83545,49.01308],[76.83661,48.94546],[76.85103,48.89041],[76.83455,48.86964],[76.83305,48.84843],[76.88386,48.81408],[76.89055,48.81995],[76.99716,48.82967],[77.03801,48.83419],[77.13174,48.84244],[77.15646,48.84312],[77.17929,48.84617],[77.28939,48.85446],[77.31443,48.78188],[77.33165,48.74186],[77.31636,48.73796],[77.31529,48.73407],[77.31321,48.73238],[77.31631,48.73049],[77.31631,48.72844],[77.31276,48.72725],[77.31537,48.72393],[77.31565,48.72128],[77.31901,48.71819],[77.31534,48.71715],[77.31563,48.71441],[77.31387,48.71156],[77.31112,48.71026],[77.30836,48.70459],[77.3119,48.69873],[77.31175,48.69476],[77.316,48.69233],[77.31818,48.68719],[77.31763,48.6785],[77.31565,48.67625],[77.31482,48.67206],[77.31089,48.67018],[77.31042,48.66633],[77.30447,48.66411],[77.30482,48.66136],[77.30316,48.66035],[77.30364,48.65617],[77.30177,48.65451],[77.30495,48.65143],[77.30074,48.65016],[77.30231,48.64505],[77.30329,48.6392],[77.30598,48.63731],[77.3104,48.63767],[77.3111,48.63333],[77.31303,48.63323],[77.31661,48.62992],[77.15751,48.49083],[76.98604,48.49908],[76.96011,48.50218],[76.90409,48.48282],[76.90119,48.47034],[76.90518,48.4568],[76.9011,48.43726],[76.9013,48.43156],[76.9006,48.42695],[76.89782,48.42179],[76.89167,48.41509],[76.89044,48.41168],[76.88381,48.40772],[76.86833,48.40411],[76.86347,48.40392],[76.85702,48.40561],[76.82674,48.40458],[76.84139,48.36935],[76.88504,48.34898],[76.93722,48.32958],[76.94896,48.31987],[76.98169,48.28642],[77.03205,48.27785],[77.0934,48.27159],[77.15487,48.26977],[77.14699,48.24435],[77.11674,48.2382],[77.06012,48.23709],[77.04856,48.21594],[77.04662,48.20152],[77.05971,48.17572],[77.16289,48.10487],[77.22719,48.10806],[77.25402,48.10432],[77.29281,48.10007],[77.30602,48.09103],[77.33787,48.07302],[77.21892,48.03313],[77.19718,48.02794],[77.16798,48.01988],[77.194,47.9587],[77.1416,47.94345],[77.12334,47.86935],[77.12199,47.86495],[77.11984,47.85396],[77.09444,47.85159],[77.08005,47.85515],[77.03998,47.85791],[77.04709,47.83699],[77.01063,47.742],[77.00196,47.71687],[76.98778,47.70236],[76.97548,47.6715],[76.9709,47.64522],[77.00975,47.61443],[77.01468,47.57305],[77.03488,47.49619],[77.04597,47.47524],[77.05646,47.4177],[76.97808,47.4401],[76.87216,47.44254],[76.84938,47.32164],[76.84871,47.29048],[76.78336,47.24716],[76.83394,47.22858],[76.88332,47.18068],[77.13844,47.081],[77.17172,47.08262],[77.23023,47.17525],[77.2881,47.18458],[77.33239,47.16478],[77.38772,47.15021],[77.4655,47.16099],[77.60862,47.20951],[77.86726,47.16999],[78.01431,47.28256],[78.14204,47.19103],[78.30341,47.33089],[78.47226,47.23396],[78.59199,47.18099],[78.64181,47.14103],[78.76826,47.13334],[78.81685,47.04725],[79.26293,47.08167],[79.57728,46.77956],[79.9159,46.87158],[80.00825,46.91475],[80.15562,46.88033],[80.19098,46.86619],[80.19075,46.83619],[80.19819,46.80924],[80.21659,46.80452],[80.22026,46.80152],[80.23715,46.78376],[80.33886,46.7504],[80.59103,46.667],[80.86322,46.56277],[81.10464,46.5656],[81.14232,46.56005],[81.20231,46.51276],[81.25527,46.48971],[81.2794,46.50692],[81.28335,46.50942],[81.29204,46.51326],[81.29852,46.51479],[81.30504,46.51479],[81.30955,46.5128],[81.3145,46.509],[81.32735,46.49305],[81.33765,46.47083],[81.33978,46.45518],[81.33952,46.45254],[81.34995,46.45438],[81.35501,46.45702],[81.36557,46.45939],[81.36978,46.46761],[81.37373,46.47913],[81.38059,46.48262],[81.383,46.48959],[81.38892,46.49361],[81.40188,46.50697],[81.41312,46.51051],[81.41201,46.52079],[81.42145,46.52374],[81.43973,46.52652],[81.44488,46.52049],[81.43651,46.51596],[81.436,46.51106],[81.42819,46.50367],[81.41136,46.4902],[81.40261,46.48039],[81.37776,46.44502],[81.38068,46.44082],[81.39948,46.4342],[81.40883,46.43745],[81.41201,46.43905],[81.42368,46.45312],[81.43844,46.46749],[81.44574,46.47281],[81.46934,46.48428],[81.46951,46.49373],[81.4726,46.49539],[81.48591,46.4916],[81.49518,46.49485],[81.50822,46.4916],[81.52264,46.49101],[81.55483,46.4864],[81.55989,46.48717],[81.57483,46.49733],[81.60285,46.51928],[81.58513,46.49651],[81.56393,46.47683],[81.55659,46.45741],[81.51268,46.41706],[81.5369,46.36582],[81.75992,46.18652],[81.88485,46.10366],[81.96171,45.91179],[81.97796,45.88065],[82.00261,45.8664],[82.02666,45.85002],[82.06304,45.81755],[82.08447,45.7945],[82.09676,45.7787],[82.12439,45.76132],[82.12078,45.64809],[82.13958,45.62208],[82.17327,45.60995],[82.23644,45.55589],[82.26822,45.53572],[82.27996,45.53514]]]},"properties":{"area_code":"east_kazakhstan","area_name":"East Kazakhstan","boundary_source_name":"East Kazakhstan Region","area_unit_id":"kz-region-2009-geoboundaries-adm1:east_kazakhstan","boundary_set_id":"kz-region-2009-geoboundaries-adm1","boundary_level":"region","boundary_vintage":"2009 census 16-region frame (geoBoundaries ADM1, 2017)","land_area_sq_km":282069.2887846248}},
{"type":"Feature","geometry":{"type":"MultiPolygon","coordinates":[[[[71.22217,51.09871],[71.2261,51.09976],[71.24517,51.06859],[71.25083,51.06804],[71.25587,51.06296],[71.25605,51.05969],[71.25471,51.05502],[71.25617,51.05313],[71.25543,51.0504],[71.25768,51.04748],[71.26166,51.04456],[71.26311,51.04243],[71.26846,51.0392],[71.26932,51.03505],[71.27224,51.03331],[71.27969,51.02639],[71.28662,51.02242],[71.28954,51.02158],[71.30302,51.02272],[71.30783,51.02221],[71.31236,51.02331],[71.31847,51.02375],[71.33175,51.02147],[71.33554,51.01909],[71.38011,51.01299],[71.38179,51.01298],[71.40038,51.0101],[71.40295,51.00906],[71.41444,51.00712],[71.43832,51.00354],[71.45419,51.00068],[71.45475,51.00491],[71.45719,51.00695],[71.45971,51.01232],[71.4625,51.01659],[71.47402,51.0224],[71.47565,51.02158],[71.47888,51.02413],[71.47755,51.02499],[71.49243,51.03436],[71.50157,51.03915],[71.49801,51.04258],[71.50259,51.04547],[71.53418,51.04719],[71.54576,51.0487],[71.5477,51.05091],[71.55609,51.04869],[71.56444,51.05729],[71.57974,51.07032],[71.5883,51.07463],[71.60378,51.08578],[71.61513,51.09938],[71.63496,51.09467],[71.65885,51.08928],[71.67911,51.08532],[71.68064,51.0904],[71.68313,51.0916],[71.6889,51.09135],[71.69393,51.09355],[71.69635,51.0893],[71.69936,51.08943],[71.70085,51.09211],[71.70864,51.09319],[71.71019,51.09546],[71.70674,51.09679],[71.71096,51.0986],[71.71799,51.09956],[71.72259,51.10149],[71.72327,51.10302],[71.72811,51.1029],[71.73001,51.09951],[71.73566,51.0965],[71.73904,51.09744],[71.73897,51.10016],[71.74233,51.10141],[71.74103,51.1042],[71.70447,51.1116],[71.71491,51.13138],[71.71106,51.13209],[71.69212,51.13957],[71.6849,51.14057],[71.67329,51.14014],[71.67324,51.14104],[71.64539,51.13993],[71.64312,51.14233],[71.62187,51.18858],[71.5879,51.1986],[71.58343,51.20272],[71.57427,51.22038],[71.61881,51.24848],[71.60211,51.26858],[71.59412,51.27765],[71.5767,51.26295],[71.56694,51.25748],[71.56599,51.25288],[71.56251,51.24855],[71.55868,51.24852],[71.55506,51.24693],[71.55224,51.24294],[71.50336,51.25408],[71.46953,51.26139],[71.49834,51.28364],[71.4985,51.29011],[71.49088,51.28862],[71.47588,51.28641],[71.4685,51.27845],[71.45039,51.2716],[71.42814,51.27465],[71.41377,51.27066],[71.40011,51.26734],[71.38509,51.30233],[71.35558,51.29769],[71.36421,51.27571],[71.36639,51.27118],[71.34669,51.2673],[71.34213,51.26707],[71.34082,51.2687],[71.33488,51.26662],[71.31913,51.25283],[71.30397,51.23698],[71.30156,51.23319],[71.27347,51.24124],[71.25565,51.23873],[71.24621,51.22663],[71.24769,51.22431],[71.24613,51.22103],[71.24104,51.21528],[71.24118,51.21186],[71.23817,51.20854],[71.24156,51.20754],[71.24046,51.20557],[71.24162,51.20328],[71.24045,51.20136],[71.24464,51.1992],[71.24316,51.19693],[71.24877,51.19501],[71.24922,51.19374],[71.25711,51.19039],[71.26233,51.18968],[71.27182,51.18936],[71.26996,51.18503],[71.27493,51.18216],[71.27637,51.18016],[71.28079,51.18064],[71.2819,51.17931],[71.26538,51.17426],[71.25297,51.17589],[71.25441,51.15813],[71.24276,51.15756],[71.24258,51.15231],[71.23856,51.15223],[71.23614,51.14955],[71.2398,51.13878],[71.22591,51.10102],[71.22217,51.09871]]],[[[71.64153,51.33167],[71.65131,51.32152],[71.65643,51.31822],[71.66664,51.31309],[71.67187,51.30943],[71.67423,51.31114],[71.67042,51.31377],[71.67332,51.31566],[71.67249,51.31745],[71.68424,51.32565],[71.6866,51.32889],[71.69383,51.33371],[71.69737,51.33534],[71.69992,51.33888],[71.70391,51.34283],[71.70633,51.3476],[71.70113,51.34977],[71.69774,51.34659],[71.69271,51.34888],[71.6951,51.35111],[71.68387,51.35094],[71.66781,51.33988],[71.64153,51.33167]]],[[[71.74039,51.16606],[71.74686,51.16215],[71.76088,51.14572],[71.76614,51.14469],[71.78242,51.15046],[71.78519,51.1573],[71.78511,51.16557],[71.74039,51.16606]]]]},"properties":{"area_code":"astana","area_name":"Astana","boundary_source_name":"Astana","area_unit_id":"kz-region-2009-geoboundaries-adm1:astana","boundary_set_id":"kz-region-2009-geoboundaries-adm1","boundary_level":"region","boundary_vintage":"2009 census 16-region frame (geoBoundaries ADM1, 2017)","land_area_sq_km":709.5513314677135}},
{"type":"Feature","geometry":{"type":"MultiPolygon","coordinates":[[[[76.73828,43.31445],[76.73944,43.31073],[76.74636,43.30622],[76.74822,43.30309],[76.75213,43.30316],[76.75404,43.29705],[76.755,43.29704],[76.77202,43.29199],[76.78008,43.28939],[76.78163,43.28807],[76.78532,43.2816],[76.79098,43.28403],[76.78961,43.28526],[76.79177,43.28856],[76.79619,43.28685],[76.79808,43.28245],[76.79964,43.27436],[76.79748,43.2718],[76.78745,43.26707],[76.7868,43.26588],[76.79192,43.26088],[76.78938,43.25943],[76.78843,43.25586],[76.7888,43.25326],[76.78413,43.25098],[76.78299,43.25214],[76.77576,43.24954],[76.7791,43.24535],[76.77765,43.24482],[76.78588,43.23223],[76.76955,43.23037],[76.77158,43.22651],[76.77256,43.22148],[76.77881,43.22253],[76.78064,43.2182],[76.77188,43.21803],[76.77187,43.21514],[76.7756,43.2077],[76.77862,43.19972],[76.78218,43.20165],[76.78439,43.1982],[76.78431,43.19647],[76.78985,43.19646],[76.79128,43.19005],[76.79018,43.1863],[76.79173,43.18218],[76.79164,43.1784],[76.79261,43.1753],[76.78976,43.17499],[76.79317,43.1674],[76.78946,43.16726],[76.78567,43.16532],[76.78611,43.16264],[76.77946,43.16129],[76.77818,43.15855],[76.78135,43.15778],[76.79202,43.15691],[76.79377,43.15755],[76.79866,43.15374],[76.79857,43.14901],[76.79958,43.14637],[76.80556,43.14595],[76.80874,43.14454],[76.80807,43.13574],[76.82362,43.13641],[76.83568,43.13389],[76.8332,43.13113],[76.83279,43.12408],[76.84247,43.12399],[76.84325,43.12148],[76.8512,43.12347],[76.85143,43.12764],[76.85359,43.12992],[76.85286,43.13483],[76.85914,43.13309],[76.86144,43.13077],[76.86419,43.13262],[76.86683,43.13137],[76.87047,43.12667],[76.87438,43.12603],[76.87559,43.12712],[76.88996,43.12722],[76.89515,43.12609],[76.89441,43.12148],[76.89659,43.11937],[76.89886,43.11361],[76.89942,43.10846],[76.89885,43.1021],[76.89987,43.09426],[76.9007,43.08395],[76.90535,43.08015],[76.909,43.07978],[76.9308,43.08514],[76.93703,43.08504],[76.9455,43.08427],[76.9566,43.08206],[76.96235,43.07781],[76.96658,43.07368],[76.96761,43.06926],[76.9667,43.06508],[76.96208,43.05735],[76.95717,43.05302],[76.94724,43.04803],[76.9432,43.04884],[76.94227,43.0468],[76.93949,43.04625],[76.93678,43.04433],[76.93689,43.0409],[76.94154,43.0387],[76.94348,43.03377],[76.94482,43.03379],[76.94961,43.03954],[76.95787,43.04342],[76.9635,43.04685],[76.96652,43.04962],[76.97989,43.04459],[76.98621,43.0433],[76.99197,43.04478],[76.9938,43.04734],[77.02991,43.04314],[77.03243,43.03816],[77.05694,43.03284],[77.07718,43.03407],[77.08963,43.07094],[77.08003,43.10114],[77.07992,43.11498],[77.08729,43.11649],[77.09016,43.11241],[77.09179,43.11212],[77.09821,43.11521],[77.10184,43.11242],[77.10975,43.11285],[77.10945,43.11053],[77.11372,43.10994],[77.1136,43.11302],[77.12102,43.117],[77.1203,43.11766],[77.11323,43.11386],[77.11256,43.1159],[77.10738,43.11766],[77.09717,43.12428],[77.09233,43.128],[77.08794,43.12764],[77.07834,43.13277],[77.07819,43.1345],[77.07551,43.13821],[77.07125,43.13892],[77.06863,43.14077],[77.06608,43.14402],[77.06294,43.14491],[77.06675,43.15141],[77.06179,43.15713],[77.06023,43.16005],[77.0632,43.16042],[77.06735,43.1622],[77.06978,43.16502],[77.07652,43.16289],[77.08063,43.15954],[77.08542,43.15879],[77.08813,43.16078],[77.09282,43.16057],[77.09792,43.15827],[77.10086,43.1581],[77.10686,43.15448],[77.10937,43.15101],[77.11707,43.15164],[77.11681,43.15364],[77.11925,43.15709],[77.12098,43.158],[77.12222,43.16684],[77.12828,43.16898],[77.13489,43.16654],[77.14701,43.17816],[77.14549,43.18786],[77.14423,43.19103],[77.13822,43.19809],[77.12438,43.201],[77.11965,43.20407],[77.11428,43.20151],[77.11338,43.19926],[77.11387,43.1897],[77.11482,43.18387],[77.11302,43.1804],[77.10662,43.17764],[77.10544,43.17566],[77.10281,43.17519],[77.09861,43.17605],[77.09685,43.18398],[77.07176,43.19452],[77.06881,43.19693],[77.05912,43.21677],[77.05223,43.22588],[77.04964,43.22681],[77.04754,43.23018],[77.04501,43.23117],[77.0421,43.23562],[77.03966,43.23724],[77.03532,43.24155],[77.03236,43.24618],[77.02874,43.24958],[77.02679,43.24912],[77.02374,43.25145],[77.01678,43.25961],[77.01412,43.25957],[77.00875,43.26189],[77.00564,43.26204],[77.00703,43.26655],[77.01142,43.26509],[77.01448,43.26611],[77.01358,43.26983],[77.01433,43.27323],[77.01367,43.27751],[77.01212,43.28047],[77.01017,43.29049],[77.01957,43.29296],[77.01843,43.29728],[77.02888,43.30435],[77.04072,43.31019],[77.02618,43.31944],[77.02619,43.32024],[77.04124,43.33769],[77.03186,43.34676],[77.037,43.349],[77.03861,43.34616],[77.04736,43.34868],[77.04472,43.35315],[77.05724,43.35955],[77.0602,43.35962],[77.06492,43.36196],[77.07477,43.3694],[77.10084,43.38229],[77.10048,43.38266],[77.07758,43.37135],[77.07602,43.37294],[77.07303,43.37151],[77.06785,43.37444],[77.04484,43.36295],[77.02221,43.36248],[77.01154,43.35977],[77.01272,43.36374],[77.01288,43.36906],[77.01162,43.37057],[77.0123,43.37506],[77.01097,43.37787],[77.01116,43.38041],[77.01611,43.38607],[77.00868,43.38721],[77.00524,43.38866],[77.00742,43.39212],[77.00262,43.39322],[77.0004,43.39788],[76.99664,43.39926],[76.9923,43.39919],[76.98801,43.40186],[76.98713,43.40333],[76.98291,43.40123],[76.97915,43.39387],[76.98045,43.39231],[76.97874,43.38877],[76.97159,43.38679],[76.97124,43.38449],[76.96741,43.3838],[76.96308,43.37938],[76.95772,43.38172],[76.95594,43.37889],[76.95,43.37947],[76.94441,43.38122],[76.94078,43.38113],[76.93803,43.37857],[76.93632,43.37921],[76.93432,43.37667],[76.93095,43.37714],[76.93156,43.37949],[76.9292,43.37982],[76.92713,43.37466],[76.92992,43.37421],[76.92735,43.37077],[76.9246,43.36936],[76.92433,43.36691],[76.92262,43.36437],[76.91714,43.35986],[76.91509,43.35736],[76.91171,43.35505],[76.90885,43.35128],[76.90564,43.35202],[76.90432,43.34983],[76.9013,43.34773],[76.89259,43.34355],[76.89038,43.33913],[76.89039,43.3362],[76.88657,43.33532],[76.88216,43.33097],[76.88031,43.32781],[76.87633,43.32953],[76.87801,43.33114],[76.88061,43.33689],[76.88041,43.33913],[76.87814,43.34098],[76.87929,43.34309],[76.87652,43.34375],[76.87219,43.34724],[76.86579,43.3469],[76.86263,43.33642],[76.86017,43.33648],[76.85902,43.33357],[76.85193,43.33495],[76.85104,43.33652],[76.85315,43.34021],[76.85587,43.34276],[76.84903,43.3486],[76.84765,43.35148],[76.8493,43.35351],[76.8428,43.35469],[76.83507,43.35407],[76.83013,43.35296],[76.82461,43.35287],[76.81891,43.35412],[76.81339,43.3547],[76.81129,43.35087],[76.80652,43.34567],[76.80382,43.33783],[76.80183,43.33338],[76.80101,43.32937],[76.79082,43.32936],[76.78671,43.32545],[76.78481,43.32543],[76.78266,43.3199],[76.77349,43.31865],[76.7724,43.31675],[76.76031,43.314],[76.7536,43.31797],[76.73828,43.31445]]],[[[77.12734,43.36453],[77.13161,43.36306],[77.13138,43.35963],[77.13777,43.35167],[77.14055,43.34958],[77.14228,43.34442],[77.13946,43.34411],[77.1383,43.34215],[77.13924,43.34005],[77.13702,43.33932],[77.14371,43.33546],[77.14624,43.3331],[77.14946,43.33455],[77.15293,43.33853],[77.15608,43.33856],[77.16057,43.33984],[77.16406,43.34242],[77.16673,43.34754],[77.16434,43.35372],[77.1607,43.35742],[77.15735,43.35897],[77.15332,43.35779],[77.15041,43.36035],[77.14584,43.36127],[77.13952,43.36371],[77.13456,43.36388],[77.13169,43.3672],[77.12734,43.36453]]]]},"properties":{"area_code":"almaty","area_name":"Almaty","boundary_source_name":"Almaty","area_unit_id":"kz-region-2009-geoboundaries-adm1:almaty","boundary_set_id":"kz-region-2009-geoboundaries-adm1","boundary_level":"region","boundary_vintage":"2009 census 16-region frame (geoBoundaries ADM1, 2017)","land_area_sq_km":704.02522832132}}
]}