"country_code","boundary_set_id","boundary_level","area_unit_id","area_code","area_name","year","population_total","population_total_basis","printed_population_total","religion_universe_deviation","religious_affiliation_count","religious_affiliation_percent","no_religion_count","no_religion_percent","place_count","places_per_10000_residents","place_density_per_sq_km","land_area_sq_km","site_snapshot_date","place_count_basis","source_dataset_ids","quality_flag","composition"
"MY","my-osm-adm2-2020-derived","administrative_district","MY-DIST-001","MY-DOSM-alor-gajah","Alor Gajah",1991,116103,"Agama/ Religion",116653,-550,115752,99.6976822304333,351,0.302317769566678,,,,,,,"my-dosm-census-religion-1991-2020","no_religion_line_fused_with_unknown_as_printed;dosm_printed_2020_reporting_frame;religion_universe_differs_from_printed_population_total","Islam=79402;Christianity=1387;Buddhism=19735;Hinduism=10651;Others=4577;No Religion/Unknown=351"
"MY","my-osm-adm2-2020-derived","administrative_district","MY-DIST-001","MY-DOSM-alor-gajah","Alor Gajah",2000,132317,"Agama/ Religion",132317,0,131698,99.5321840730972,619,0.467815926902817,,,,,,,"my-dosm-census-religion-1991-2020","no_religion_line_fused_with_unknown_as_printed;dosm_printed_2020_reporting_frame","Islam=99333;Christianity=1521;Buddhism=16934;Hinduism=10591;Others=3319;No Religion/Unknown=619"
"MY","my-osm-adm2-2020-derived","administrative_district","MY-DIST-001","MY-DOSM-alor-gajah","Alor Gajah",2010,173712,"Agama/ Religion",173712,0,172657,99.392672929907,1055,0.607327070093028,,,,,,,"my-dosm-census-religion-1991-2020","no_religion_line_fused_with_unknown_as_printed;dosm_printed_2020_reporting_frame","Islam=133328;Christianity=1837;Buddhism=24007;Hinduism=12805;Others=680;No Religion/Unknown=1055"
"MY","my-osm-adm2-2020-derived","administrative_district","MY-DIST-001","MY-DOSM-alor-gajah","Alor Gajah",2020,249356,"Agama/ Religion",249356,0,242010,97.0540111326778,7346,2.94598886732222,,,,,,,"my-dosm-census-religion-1991-2020","no_religion_line_fused_with_unknown_as_printed;dosm_printed_2020_reporting_frame","Islam=191253;Christianity=2712;Buddhism=28284;Hinduism=18679;Others=1082;No Religion/Unknown=7346"
"MY","my-osm-adm2-2020-derived","administrative_district","MY-DIST-002","MY-DOSM-asajaya","Asajaya",1991,,"Agama/ Religion",,,,,,,,,,,,,"my-dosm-census-religion-1991-2020","no_religion_line_fused_with_unknown_as_printed;dosm_printed_2020_reporting_frame;source_cell_unavailable_as_printed",
"MY","my-osm-adm2-2020-derived","administrative_district","MY-DIST-002","MY-DOSM-asajaya","Asajaya",2000,28513,"Agama/ Religion",28513,0,28026,98.2920071546312,487,1.70799284536878,,,,,,,"my-dosm-census-religion-1991-2020","no_religion_line_fused_with_unknown_as_printed;dosm_printed_2020_reporting_frame","Islam=23659;Christianity=2042;Buddhism=1553;Hinduism=4;Others=768;No Religion/Unknown=487"
"MY","my-osm-adm2-2020-derived","administrative_district","MY-DIST-002","MY-DOSM-asajaya","Asajaya",2010,31190,"Agama/ Religion",31190,0,29324,94.0173132414235,1866,5.98268675857647,,,,,,,"my-dosm-census-religion-1991-2020","no_religion_line_fused_with_unknown_as_printed;dosm_printed_2020_reporting_frame;partial_category_null_as_printed","Islam=26534;Christianity=2597;Buddhism=30;Others=163;No Religion/Unknown=1866"
"MY","my-osm-adm2-2020-derived","administrative_district","MY-DIST-002","MY-DOSM-asajaya","Asajaya",2020,33606,"Agama/ Religion",33606,0,33602,99.988097363566,4,0.0119026364339701,,,,,,,"my-dosm-census-religion-1991-2020","no_religion_line_fused_with_unknown_as_printed;dosm_printed_2020_reporting_frame","Islam=29688;Christianity=2680;Buddhism=1197;Hinduism=1;Others=36;No Religion/Unknown=4"
"MY","my-osm-adm2-2020-derived","administrative_district","MY-DIST-003","MY-DOSM-bachok","Bachok",1991,98552,"Agama/ Religion",98557,-5,98549,99.9969559217469,3,0.00304407825310496,,,,,,,"my-dosm-census-religion-1991-2020","no_religion_line_fused_with_unknown_as_printed;dosm_printed_2020_reporting_frame;religion_universe_differs_from_printed_population_total","Islam=97230;Christianity=9;Buddhism=1255;Hinduism=16;Others=39;No Religion/Unknown=3"
"MY","my-osm-adm2-2020-derived","administrative_district","MY-DIST-003","MY-DOSM-bachok","Bachok",2000,109384,"Agama/ Religion",109384,0,109383,99.9990857895122,1,0.000914210487822716,,,,,,,"my-dosm-census-religion-1991-2020","no_religion_line_fused_with_unknown_as_printed;dosm_printed_2020_reporting_frame","Islam=108141;Christianity=5;Buddhism=1202;Hinduism=5;Others=30;No Religion/Unknown=1"
"MY","my-osm-adm2-2020-derived","administrative_district","MY-DIST-003","MY-DOSM-bachok","Bachok",2010,126350,"Agama/ Religion",126350,0,126347,99.997625643055,3,0.00237435694499406,,,,,,,"my-dosm-census-religion-1991-2020","no_religion_line_fused_with_unknown_as_printed;dosm_printed_2020_reporting_frame","Islam=124723;Christianity=85;Buddhism=1507;Hinduism=24;Others=8;No Religion/Unknown=3"
"MY","my-osm-adm2-2020-derived","administrative_district","MY-DIST-003","MY-DOSM-bachok","Bachok",2020,157288,"Agama/ Religion",157288,0,157000,99.8168963938762,288,0.183103606123798,,,,,,,"my-dosm-census-religion-1991-2020","no_religion_line_fused_with_unknown_as_printed;dosm_printed_2020_reporting_frame","Islam=155139;Christianity=160;Buddhism=1583;Hinduism=100;Others=18;No Religion/Unknown=288"
"MY","my-osm-adm2-2020-derived","administrative_district","MY-DIST-004","MY-DOSM-bagan-datuk","Bagan Datuk",1991,,"Agama/ Religion",,,,,,,,,,,,,"my-dosm-census-religion-1991-2020","no_religion_line_fused_with_unknown_as_printed;dosm_printed_2020_reporting_frame;source_cell_unavailable_as_printed",
"MY","my-osm-adm2-2020-derived","administrative_district","MY-DIST-004","MY-DOSM-bagan-datuk","Bagan Datuk",2000,,"Agama/ Religion",,,,,,,,,,,,,"my-dosm-census-religion-1991-2020","no_religion_line_fused_with_unknown_as_printed;dosm_printed_2020_reporting_frame;source_cell_unavailable_as_printed",
"MY","my-osm-adm2-2020-derived","administrative_district","MY-DIST-004","MY-DOSM-bagan-datuk","Bagan Datuk",2010,,"Agama/ Religion",,,,,,,,,,,,,"my-dosm-census-religion-1991-2020","no_religion_line_fused_with_unknown_as_printed;dosm_printed_2020_reporting_frame;source_cell_unavailable_as_printed",
"MY","my-osm-adm2-2020-derived","administrative_district","MY-DIST-004","MY-DOSM-bagan-datuk","Bagan Datuk",2020,82785,"Agama/ Religion",82785,0,81210,98.0974814277949,1575,1.90251857220511,,,,,,,"my-dosm-census-religion-1991-2020","no_religion_line_fused_with_unknown_as_printed;dosm_printed_2020_reporting_frame","Islam=47074;Christianity=865;Buddhism=15164;Hinduism=17800;Others=307;No Religion/Unknown=1575"
"MY","my-osm-adm2-2020-derived","administrative_district","MY-DIST-005","MY-DOSM-baling","Baling",1991,114418,"Agama/ Religion",114485,-67,114190,99.8007306542677,228,0.199269345732315,,,,,,,"my-dosm-census-religion-1991-2020","no_religion_line_fused_with_unknown_as_printed;dosm_printed_2020_reporting_frame;religion_universe_differs_from_printed_population_total","Islam=98302;Christianity=347;Buddhism=6764;Hinduism=7171;Others=1606;No Religion/Unknown=228"
"MY","my-osm-adm2-2020-derived","administrative_district","MY-DIST-005","MY-DOSM-baling","Baling",2000,124830,"Agama/ Religion",124830,0,124708,99.9022670832332,122,0.0977329167668028,,,,,,,"my-dosm-census-religion-1991-2020","no_religion_line_fused_with_unknown_as_printed;dosm_printed_2020_reporting_frame","Islam=111863;Christianity=310;Buddhism=6084;Hinduism=5420;Others=1031;No Religion/Unknown=122"
"MY","my-osm-adm2-2020-derived","administrative_district","MY-DIST-005","MY-DOSM-baling","Baling",2010,132304,"Agama/ Religion",132304,0,132223,99.9387773612287,81,0.0612226387713145,,,,,,,"my-dosm-census-religion-1991-2020","no_religion_line_fused_with_unknown_as_printed;dosm_printed_2020_reporting_frame","Islam=120209;Christianity=376;Buddhism=6308;Hinduism=5033;Others=297;No Religion/Unknown=81"
"MY","my-osm-adm2-2020-derived","administrative_district","MY-DIST-005","MY-DOSM-baling","Baling",2020,142643,"Agama/ Religion",142643,0,141332,99.0809223025315,1311,0.919077697468505,,,,,,,"my-dosm-census-religion-1991-2020","no_religion_line_fused_with_unknown_as_printed;dosm_printed_2020_reporting_frame","Islam=130000;Christianity=403;Buddhism=6054;Hinduism=4635;Others=240;No Religion/Unknown=1311"
"MY","my-osm-adm2-2020-derived","administrative_district","MY-DIST-006","MY-DOSM-bandar-baharu","Bandar Baharu",1991,33006,"Agama/ Religion",33006,0,32904,99.6909652790402,102,0.309034720959825,,,,,,,"my-dosm-census-religion-1991-2020","no_religion_line_fused_with_unknown_as_printed;dosm_printed_2020_reporting_frame","Islam=24448;Christianity=144;Buddhism=2836;Hinduism=2565;Others=2911;No Religion/Unknown=102"
"MY","my-osm-adm2-2020-derived","administrative_district","MY-DIST-006","MY-DOSM-bandar-baharu","Bandar Baharu",2000,37963,"Agama/ Religion",37963,0,37850,99.7023417538129,113,0.297658246187077,,,,,,,"my-dosm-census-religion-1991-2020","no_religion_line_fused_with_unknown_as_printed;dosm_printed_2020_reporting_frame","Islam=29922;Christianity=111;Buddhism=3659;Hinduism=2783;Others=1375;No Religion/Unknown=113"
"MY","my-osm-adm2-2020-derived","administrative_district","MY-DIST-006","MY-DOSM-bandar-baharu","Bandar Baharu",2010,41352,"Agama/ Religion",41352,0,41292,99.8549042367963,60,0.145095763203714,,,,,,,"my-dosm-census-religion-1991-2020","no_religion_line_fused_with_unknown_as_printed;dosm_printed_2020_reporting_frame","Islam=33959;Christianity=144;Buddhism=4592;Hinduism=2566;Others=31;No Religion/Unknown=60"
"MY","my-osm-adm2-2020-derived","administrative_district","MY-DIST-006","MY-DOSM-bandar-baharu","Bandar Baharu",2020,44412,"Agama/ Religion",44412,0,44125,99.3537782581284,287,0.646221741871566,,,,,,,"my-dosm-census-religion-1991-2020","no_religion_line_fused_with_unknown_as_printed;dosm_printed_2020_reporting_frame","Islam=37316;Christianity=86;Buddhism=3540;Hinduism=2563;Others=620;No Religion/Unknown=287"
"MY","my-osm-adm2-2020-derived","administrative_district","MY-DIST-007","MY-DOSM-barat-daya","Barat Daya",1991,122359,"Agama/ Religion",122764,-405,121890,99.616701672946,469,0.383298327053997,,,,,,,"my-dosm-census-religion-1991-2020","no_religion_line_fused_with_unknown_as_printed;dosm_printed_2020_reporting_frame;religion_universe_differs_from_printed_population_total","Islam=72659;Christianity=3642;Buddhism=29776;Hinduism=7010;Others=8803;No Religion/Unknown=469"
"MY","my-osm-adm2-2020-derived","administrative_district","MY-DIST-007","MY-DOSM-barat-daya","Barat Daya",2000,159129,"Agama/ Religion",159129,0,158368,99.5217716443891,761,0.478228355610857,,,,,,,"my-dosm-census-religion-1991-2020","no_religion_line_fused_with_unknown_as_printed;dosm_printed_2020_reporting_frame","Islam=101390;Christianity=4779;Buddhism=39473;Hinduism=8707;Others=4019;No Religion/Unknown=761"
"MY","my-osm-adm2-2020-derived","administrative_district","MY-DIST-007","MY-DOSM-barat-daya","Barat Daya",2010,197131,"Agama/ Religion",197131,0,192785,97.7953746493449,4346,2.20462535065515,,,,,,,"my-dosm-census-religion-1991-2020","no_religion_line_fused_with_unknown_as_printed;dosm_printed_2020_reporting_frame","Islam=120371;Christianity=34839;Buddhism=12710;Hinduism=10866;Others=13999;No Religion/Unknown=4346"
"MY","my-osm-adm2-2020-derived","administrative_district","MY-DIST-007","MY-DOSM-barat-daya","Barat Daya",2020,237738,"Agama/ Religion",237738,0,236261,99.378727843256,1477,0.621272156743979,,,,,,,"my-dosm-census-religion-1991-2020","no_religion_line_fused_with_unknown_as_printed;dosm_printed_2020_reporting_frame","Islam=137789;Christianity=13887;Buddhism=67214;Hinduism=12094;Others=5277;No Religion/Unknown=1477"
"MY","my-osm-adm2-2020-derived","administrative_district","MY-DIST-008","MY-DOSM-batang-padang","Batang Padang",1991,152844,"Agama/ Religion",154686,-1842,148887,97.4110858129858,3957,2.58891418701421,,,,,,,"my-dosm-census-religion-1991-2020","no_religion_line_fused_with_unknown_as_printed;dosm_printed_2020_reporting_frame;religion_universe_differs_from_printed_population_total","Islam=77519;Christianity=4476;Buddhism=22080;Hinduism=21185;Others=23627;No Religion/Unknown=3957"
"MY","my-osm-adm2-2020-derived","administrative_district","MY-DIST-008","MY-DOSM-batang-padang","Batang Padang",2000,152201,"Agama/ Religion",152201,0,147825,97.1248546330182,4376,2.87514536698182,,,,,,,"my-dosm-census-religion-1991-2020","no_religion_line_fused_with_unknown_as_printed;dosm_printed_2020_reporting_frame","Islam=80781;Christianity=6335;Buddhism=24624;Hinduism=20054;Others=16031;No Religion/Unknown=4376"
"MY","my-osm-adm2-2020-derived","administrative_district","MY-DIST-008","MY-DOSM-batang-padang","Batang Padang",2010,175318,"Agama/ Religion",175318,0,165004,94.1169760093088,10314,5.8830239906912,,,,,,,"my-dosm-census-religion-1991-2020","no_religion_line_fused_with_unknown_as_printed;dosm_printed_2020_reporting_frame","Islam=100417;Christianity=8496;Buddhism=30346;Hinduism=20489;Others=5256;No Religion/Unknown=10314"
"MY","my-osm-adm2-2020-derived","administrative_district","MY-DIST-008","MY-DOSM-batang-padang","Batang Padang",2020,124049,"Agama/ Religion",124049,0,113509,91.5033575441962,10540,8.49664245580376,,,,,,,"my-dosm-census-religion-1991-2020","no_religion_line_fused_with_unknown_as_printed;dosm_printed_2020_reporting_frame","Islam=70046;Christianity=7111;Buddhism=20605;Hinduism=12361;Others=3386;No Religion/Unknown=10540"
"MY","my-osm-adm2-2020-derived","administrative_district","MY-DIST-009","MY-DOSM-batu-pahat","Batu Pahat",1991,293730,"Agama/ Religion",294056,-326,291347,99.1887107207299,2383,0.811289279270078,,,,,,,"my-dosm-census-religion-1991-2020","no_religion_line_fused_with_unknown_as_printed;dosm_printed_2020_reporting_frame;religion_universe_differs_from_printed_population_total","Islam=184458;Christianity=3377;Buddhism=78549;Hinduism=4401;Others=20562;No Religion/Unknown=2383"
"MY","my-osm-adm2-2020-derived","administrative_district","MY-DIST-009","MY-DOSM-batu-pahat","Batu Pahat",2000,336509,"Agama/ Religion",336509,0,335358,99.6579586281496,1151,0.342041371850381,,,,,,,"my-dosm-census-religion-1991-2020","no_religion_line_fused_with_unknown_as_printed;dosm_printed_2020_reporting_frame","Islam=225280;Christianity=3639;Buddhism=89968;Hinduism=4723;Others=11748;No Religion/Unknown=1151"
"MY","my-osm-adm2-2020-derived","administrative_district","MY-DIST-009","MY-DOSM-batu-pahat","Batu Pahat",2010,401902,"Agama/ Religion",401902,0,399406,99.3789530781136,2496,0.62104692188643,,,,,,,"my-dosm-census-religion-1991-2020","no_religion_line_fused_with_unknown_as_printed;dosm_printed_2020_reporting_frame","Islam=267911;Christianity=5118;Buddhism=116380;Hinduism=6824;Others=3173;No Religion/Unknown=2496"
"MY","my-osm-adm2-2020-derived","administrative_district","MY-DIST-009","MY-DOSM-batu-pahat","Batu Pahat",2020,495338,"Agama/ Religion",495338,0,494253,99.7809576491204,1085,0.219042350879601,,,,,,,"my-dosm-census-religion-1991-2020","no_religion_line_fused_with_unknown_as_printed;dosm_printed_2020_reporting_frame","Islam=330803;Christianity=14565;Buddhism=129831;Hinduism=13484;Others=5570;No Religion/Unknown=1085"
"MY","my-osm-adm2-2020-derived","administrative_district","MY-DIST-010","MY-DOSM-bau","Bau",1991,35958,"Agama/ Religion",35958,0,34939,97.1661382724289,1019,2.83386172757106,,,,,,,"my-dosm-census-religion-1991-2020","no_religion_line_fused_with_unknown_as_printed;dosm_printed_2020_reporting_frame","Islam=3491;Christianity=18926;Buddhism=5088;Hinduism=22;Others=7412;No Religion/Unknown=1019"
"MY","my-osm-adm2-2020-derived","administrative_district","MY-DIST-010","MY-DOSM-bau","Bau",2000,41824,"Agama/ Religion",41824,0,41328,98.814078041316,496,1.18592195868401,,,,,,,"my-dosm-census-religion-1991-2020","no_religion_line_fused_with_unknown_as_printed;dosm_printed_2020_reporting_frame","Islam=3961;Christianity=26310;Buddhism=5622;Hinduism=12;Others=5423;No Religion/Unknown=496"
"MY","my-osm-adm2-2020-derived","administrative_district","MY-DIST-010","MY-DOSM-bau","Bau",2010,52760,"Agama/ Religion",52760,0,52360,99.2418498862775,400,0.758150113722517,,,,,,,"my-dosm-census-religion-1991-2020","no_religion_line_fused_with_unknown_as_printed;dosm_printed_2020_reporting_frame","Islam=5107;Christianity=32824;Buddhism=8013;Hinduism=23;Others=6393;No Religion/Unknown=400"
"MY","my-osm-adm2-2020-derived","administrative_district","MY-DIST-010","MY-DOSM-bau","Bau",2020,52643,"Agama/ Religion",52643,0,52242,99.2382652964307,401,0.761734703569325,,,,,,,"my-dosm-census-religion-1991-2020","no_religion_line_fused_with_unknown_as_printed;dosm_printed_2020_reporting_frame","Islam=6234;Christianity=38422;Buddhism=7219;Hinduism=14;Others=353;No Religion/Unknown=401"
"MY","my-osm-adm2-2020-derived","administrative_district","MY-DIST-011","MY-DOSM-beaufort","Beaufort",1991,48699,"Agama/ Religion",48742,-43,47572,97.685784102343,1127,2.31421589765704,,,,,,,"my-dosm-census-religion-1991-2020","no_religion_line_fused_with_unknown_as_printed;dosm_printed_2020_reporting_frame;religion_universe_differs_from_printed_population_total","Islam=36450;Christianity=7188;Buddhism=2969;Hinduism=63;Others=902;No Religion/Unknown=1127"
"MY","my-osm-adm2-2020-derived","administrative_district","MY-DIST-011","MY-DOSM-beaufort","Beaufort",2000,62200,"Agama/ Religion",62200,0,61824,99.395498392283,376,0.604501607717042,,,,,,,"my-dosm-census-religion-1991-2020","no_religion_line_fused_with_unknown_as_printed;dosm_printed_2020_reporting_frame","Islam=47651;Christianity=10301;Buddhism=3128;Hinduism=50;Others=694;No Religion/Unknown=376"
"MY","my-osm-adm2-2020-derived","administrative_district","MY-DIST-011","MY-DOSM-beaufort","Beaufort",2010,64350,"Agama/ Religion",64350,0,63037,97.959595959596,1313,2.04040404040404,,,,,,,"my-dosm-census-religion-1991-2020","no_religion_line_fused_with_unknown_as_printed;dosm_printed_2020_reporting_frame","Islam=49409;Christianity=10673;Buddhism=2808;Hinduism=35;Others=112;No Religion/Unknown=1313"
"MY","my-osm-adm2-2020-derived","administrative_district","MY-DIST-011","MY-DOSM-beaufort","Beaufort",2020,75716,"Agama/ Religion",75716,0,75506,99.7226477891067,210,0.277352210893338,,,,,,,"my-dosm-census-religion-1991-2020","no_religion_line_fused_with_unknown_as_printed;dosm_printed_2020_reporting_frame","Islam=60739;Christianity=10464;Buddhism=4070;Hinduism=165;Others=68;No Religion/Unknown=210"
"MY","my-osm-adm2-2020-derived","administrative_district","MY-DIST-012","MY-DOSM-belaga","Belaga",1991,22230,"Agama/ Religion",22284,-54,21474,96.5991902834008,756,3.40080971659919,,,,,,,"my-dosm-census-religion-1991-2020","no_religion_line_fused_with_unknown_as_printed;dosm_printed_2020_reporting_frame;religion_universe_differs_from_printed_population_total","Islam=990;Christianity=14740;Buddhism=663;Hinduism=9;Others=5072;No Religion/Unknown=756"
"MY","my-osm-adm2-2020-derived","administrative_district","MY-DIST-012","MY-DOSM-belaga","Belaga",2000,22896,"Agama/ Religion",22896,0,22227,97.0780922431866,669,2.92190775681342,,,,,,,"my-dosm-census-religion-1991-2020","no_religion_line_fused_with_unknown_as_printed;dosm_printed_2020_reporting_frame","Islam=2264;Christianity=18142;Buddhism=710;Hinduism=9;Others=1102;No Religion/Unknown=669"
"MY","my-osm-adm2-2020-derived","administrative_district","MY-DIST-012","MY-DOSM-belaga","Belaga",2010,35247,"Agama/ Religion",35247,0,25467,72.2529576985275,9780,27.7470423014725,,,,,,,"my-dosm-census-religion-1991-2020","no_religion_line_fused_with_unknown_as_printed;dosm_printed_2020_reporting_frame","Islam=3733;Christianity=19281;Buddhism=2184;Hinduism=80;Others=189;No Religion/Unknown=9780"
"MY","my-osm-adm2-2020-derived","administrative_district","MY-DIST-012","MY-DOSM-belaga","Belaga",2020,22502,"Agama/ Religion",22502,0,21828,97.0047106923829,674,2.9952893076171,,,,,,,"my-dosm-census-religion-1991-2020","no_religion_line_fused_with_unknown_as_printed;dosm_printed_2020_reporting_frame","Islam=2294;Christianity=19394;Buddhism=125;Hinduism=5;Others=10;No Religion/Unknown=674"
"MY","my-osm-adm2-2020-derived","administrative_district","MY-DIST-013","MY-DOSM-beluran","Beluran",1991,54495,"Agama/ Religion",54539,-44,51863,95.1701991008349,2632,4.82980089916506,,,,,,,"my-dosm-census-religion-1991-2020","no_religion_line_fused_with_unknown_as_printed;dosm_printed_2020_reporting_frame;religion_universe_differs_from_printed_population_total","Islam=32485;Christianity=18594;Buddhism=512;Hinduism=134;Others=138;No Religion/Unknown=2632"
"MY","my-osm-adm2-2020-derived","administrative_district","MY-DIST-013","MY-DOSM-beluran","Beluran",2000,75586,"Agama/ Religion",75586,0,71770,94.95144603498,3816,5.04855396501998,,,,,,,"my-dosm-census-religion-1991-2020","no_religion_line_fused_with_unknown_as_printed;dosm_printed_2020_reporting_frame","Islam=46393;Christianity=24849;Buddhism=313;Hinduism=67;Others=148;No Religion/Unknown=3816"
"MY","my-osm-adm2-2020-derived","administrative_district","MY-DIST-013","MY-DOSM-beluran","Beluran",2010,104484,"Agama/ Religion",104484,0,102427,98.0312775161747,2057,1.96872248382527,,,,,,,"my-dosm-census-religion-1991-2020","no_religion_line_fused_with_unknown_as_printed;dosm_printed_2020_reporting_frame","Islam=71578;Christianity=30325;Buddhism=467;Hinduism=40;Others=17;No Religion/Unknown=2057"
"MY","my-osm-adm2-2020-derived","administrative_district","MY-DIST-013","MY-DOSM-beluran","Beluran",2020,77125,"Agama/ Religion",77125,0,76718,99.4722852512156,407,0.527714748784441,,,,,,,"my-dosm-census-religion-1991-2020","no_religion_line_fused_with_unknown_as_printed;dosm_printed_2020_reporting_frame","Islam=63648;Christianity=12755;Buddhism=140;Hinduism=168;Others=7;No Religion/Unknown=407"
"MY","my-osm-adm2-2020-derived","administrative_district","MY-DIST-014","MY-DOSM-beluru","Beluru",1991,,"Agama/ Religion",,,,,,,,,,,,,"my-dosm-census-religion-1991-2020","no_religion_line_fused_with_unknown_as_printed;dosm_printed_2020_reporting_frame;source_cell_unavailable_as_printed",
"MY","my-osm-adm2-2020-derived","administrative_district","MY-DIST-014","MY-DOSM-beluru","Beluru",2000,,"Agama/ Religion",,,,,,,,,,,,,"my-dosm-census-religion-1991-2020","no_religion_line_fused_with_unknown_as_printed;dosm_printed_2020_reporting_frame;source_cell_unavailable_as_printed",
"MY","my-osm-adm2-2020-derived","administrative_district","MY-DIST-014","MY-DOSM-beluru","Beluru",2010,,"Agama/ Religion",,,,,,,,,,,,,"my-dosm-census-religion-1991-2020","no_religion_line_fused_with_unknown_as_printed;dosm_printed_2020_reporting_frame;source_cell_unavailable_as_printed",
"MY","my-osm-adm2-2020-derived","administrative_district","MY-DIST-014","MY-DOSM-beluru","Beluru",2020,28695,"Agama/ Religion",28695,0,27648,96.3512807109253,1047,3.64871928907475,,,,,,,"my-dosm-census-religion-1991-2020","no_religion_line_fused_with_unknown_as_printed;dosm_printed_2020_reporting_frame","Islam=10972;Christianity=15855;Buddhism=250;Hinduism=3;Others=568;No Religion/Unknown=1047"
"MY","my-osm-adm2-2020-derived","administrative_district","MY-DIST-015","MY-DOSM-bentong","Bentong",1991,81258,"Agama/ Religion",83965,-2707,78834,97.0169091043343,2424,2.98309089566566,,,,,,,"my-dosm-census-religion-1991-2020","no_religion_line_fused_with_unknown_as_printed;dosm_printed_2020_reporting_frame;religion_universe_differs_from_printed_population_total","Islam=41936;Christianity=922;Buddhism=17485;Hinduism=7920;Others=10571;No Religion/Unknown=2424"
"MY","my-osm-adm2-2020-derived","administrative_district","MY-DIST-015","MY-DOSM-bentong","Bentong",2000,96689,"Agama/ Religion",96689,0,95375,98.6410036301958,1314,1.35899636980422,,,,,,,"my-dosm-census-religion-1991-2020","no_religion_line_fused_with_unknown_as_printed;dosm_printed_2020_reporting_frame","Islam=52222;Christianity=1560;Buddhism=23669;Hinduism=9021;Others=8903;No Religion/Unknown=1314"
"MY","my-osm-adm2-2020-derived","administrative_district","MY-DIST-015","MY-DOSM-bentong","Bentong",2010,114397,"Agama/ Religion",114397,0,111093,97.1118123727021,3304,2.88818762729792,,,,,,,"my-dosm-census-religion-1991-2020","no_religion_line_fused_with_unknown_as_printed;dosm_printed_2020_reporting_frame","Islam=63021;Christianity=1608;Buddhism=35475;Hinduism=9459;Others=1530;No Religion/Unknown=3304"
"MY","my-osm-adm2-2020-derived","administrative_district","MY-DIST-015","MY-DOSM-bentong","Bentong",2020,116799,"Agama/ Religion",116799,0,113228,96.9426108100241,3571,3.05738918997594,,,,,,,"my-dosm-census-religion-1991-2020","no_religion_line_fused_with_unknown_as_printed;dosm_printed_2020_reporting_frame","Islam=69049;Christianity=1954;Buddhism=31709;Hinduism=9835;Others=681;No Religion/Unknown=3571"
"MY","my-osm-adm2-2020-derived","administrative_district","MY-DIST-016","MY-DOSM-bera","Bera",1991,,"Agama/ Religion",,,,,,,,,,,,,"my-dosm-census-religion-1991-2020","no_religion_line_fused_with_unknown_as_printed;dosm_printed_2020_reporting_frame;source_cell_unavailable_as_printed",
"MY","my-osm-adm2-2020-derived","administrative_district","MY-DIST-016","MY-DOSM-bera","Bera",2000,77685,"Agama/ Religion",77685,0,77275,99.472227585763,410,0.527772414236983,,,,,,,"my-dosm-census-religion-1991-2020","no_religion_line_fused_with_unknown_as_printed;dosm_printed_2020_reporting_frame","Islam=49329;Christianity=530;Buddhism=13270;Hinduism=3678;Others=10468;No Religion/Unknown=410"
"MY","my-osm-adm2-2020-derived","administrative_district","MY-DIST-016","MY-DOSM-bera","Bera",2010,94105,"Agama/ Religion",94105,0,88413,93.951437224377,5692,6.04856277562297,,,,,,,"my-dosm-census-religion-1991-2020","no_religion_line_fused_with_unknown_as_printed;dosm_printed_2020_reporting_frame","Islam=59423;Christianity=8676;Buddhism=13019;Hinduism=4396;Others=2899;No Religion/Unknown=5692"
"MY","my-osm-adm2-2020-derived","administrative_district","MY-DIST-016","MY-DOSM-bera","Bera",2020,98137,"Agama/ Religion",98137,0,92281,94.0328316537086,5856,5.96716834629141,,,,,,,"my-dosm-census-religion-1991-2020","no_religion_line_fused_with_unknown_as_printed;dosm_printed_2020_reporting_frame","Islam=61072;Christianity=1134;Buddhism=25279;Hinduism=3973;Others=823;No Religion/Unknown=5856"
"MY","my-osm-adm2-2020-derived","administrative_district","MY-DIST-017","MY-DOSM-besut","Besut",1991,107689,"Agama/ Religion",107900,-211,107678,99.9897854005516,11,0.0102145994484116,,,,,,,"my-dosm-census-religion-1991-2020","no_religion_line_fused_with_unknown_as_printed;dosm_printed_2020_reporting_frame;religion_universe_differs_from_printed_population_total","Islam=105961;Christianity=49;Buddhism=1447;Hinduism=38;Others=183;No Religion/Unknown=11"
"MY","my-osm-adm2-2020-derived","administrative_district","MY-DIST-017","MY-DOSM-besut","Besut",2000,120199,"Agama/ Religion",120199,0,120185,99.9883526485245,14,0.0116473514754698,,,,,,,"my-dosm-census-religion-1991-2020","no_religion_line_fused_with_unknown_as_printed;dosm_printed_2020_reporting_frame","Islam=118668;Christianity=33;Buddhism=1411;Hinduism=25;Others=48;No Religion/Unknown=14"
"MY","my-osm-adm2-2020-derived","administrative_district","MY-DIST-017","MY-DOSM-besut","Besut",2010,136563,"Agama/ Religion",136563,0,136539,99.9824256936359,24,0.0175743063640957,,,,,,,"my-dosm-census-religion-1991-2020","no_religion_line_fused_with_unknown_as_printed;dosm_printed_2020_reporting_frame","Islam=134304;Christianity=145;Buddhism=1882;Hinduism=143;Others=65;No Religion/Unknown=24"
"MY","my-osm-adm2-2020-derived","administrative_district","MY-DIST-017","MY-DOSM-besut","Besut",2020,154168,"Agama/ Religion",154168,0,154152,99.9896217113798,16,0.0103782886202065,,,,,,,"my-dosm-census-religion-1991-2020","no_religion_line_fused_with_unknown_as_printed;dosm_printed_2020_reporting_frame","Islam=152217;Christianity=236;Buddhism=1544;Hinduism=139;Others=16;No Religion/Unknown=16"
"MY","my-osm-adm2-2020-derived","administrative_district","MY-DIST-018","MY-DOSM-betong","Betong",1991,43961,"Agama/ Religion",43993,-32,41998,95.5346784650031,1963,4.46532153499693,,,,,,,"my-dosm-census-religion-1991-2020","no_religion_line_fused_with_unknown_as_printed;dosm_printed_2020_reporting_frame;religion_universe_differs_from_printed_population_total","Islam=23794;Christianity=9296;Buddhism=1424;Hinduism=15;Others=7469;No Religion/Unknown=1963"
"MY","my-osm-adm2-2020-derived","administrative_district","MY-DIST-018","MY-DOSM-betong","Betong",2000,50392,"Agama/ Religion",50392,0,48400,96.046991585966,1992,3.95300841403397,,,,,,,"my-dosm-census-religion-1991-2020","no_religion_line_fused_with_unknown_as_printed;dosm_printed_2020_reporting_frame","Islam=29802;Christianity=12364;Buddhism=1112;Hinduism=3;Others=5119;No Religion/Unknown=1992"
"MY","my-osm-adm2-2020-derived","administrative_district","MY-DIST-018","MY-DOSM-betong","Betong",2010,60728,"Agama/ Religion",60728,0,59955,98.7271110525623,773,1.27288894743776,,,,,,,"my-dosm-census-religion-1991-2020","no_religion_line_fused_with_unknown_as_printed;dosm_printed_2020_reporting_frame","Islam=36753;Christianity=17104;Buddhism=1989;Hinduism=10;Others=4099;No Religion/Unknown=773"
"MY","my-osm-adm2-2020-derived","administrative_district","MY-DIST-018","MY-DOSM-betong","Betong",2020,36303,"Agama/ Religion",36303,0,36214,99.7548411976972,89,0.24515880230284,,,,,,,"my-dosm-census-religion-1991-2020","no_religion_line_fused_with_unknown_as_printed;dosm_printed_2020_reporting_frame","Islam=15591;Christianity=19654;Buddhism=907;Hinduism=7;Others=55;No Religion/Unknown=89"
"MY","my-osm-adm2-2020-derived","administrative_district","MY-DIST-019","MY-DOSM-bintulu","Bintulu",1991,85526,"Agama/ Religion",86132,-606,75334,88.0831559993452,10192,11.9168440006548,,,,,,,"my-dosm-census-religion-1991-2020","no_religion_line_fused_with_unknown_as_printed;dosm_printed_2020_reporting_frame;religion_universe_differs_from_printed_population_total","Islam=23796;Christianity=30403;Buddhism=5886;Hinduism=147;Others=15102;No Religion/Unknown=10192"
"MY","my-osm-adm2-2020-derived","administrative_district","MY-DIST-019","MY-DOSM-bintulu","Bintulu",2000,139012,"Agama/ Religion",139012,0,131351,94.4889649814404,7661,5.51103501855955,,,,,,,"my-dosm-census-religion-1991-2020","no_religion_line_fused_with_unknown_as_printed;dosm_printed_2020_reporting_frame","Islam=48355;Christianity=58423;Buddhism=10465;Hinduism=99;Others=14009;No Religion/Unknown=7661"
"MY","my-osm-adm2-2020-derived","administrative_district","MY-DIST-019","MY-DOSM-bintulu","Bintulu",2010,183402,"Agama/ Religion",183402,0,173637,94.6756305820002,9765,5.3243694179998,,,,,,,"my-dosm-census-religion-1991-2020","no_religion_line_fused_with_unknown_as_printed;dosm_printed_2020_reporting_frame","Islam=61898;Christianity=81968;Buddhism=16348;Hinduism=339;Others=13084;No Religion/Unknown=9765"
"MY","my-osm-adm2-2020-derived","administrative_district","MY-DIST-019","MY-DOSM-bintulu","Bintulu",2020,178646,"Agama/ Religion",178646,0,175838,98.428176393538,2808,1.57182360646194,,,,,,,"my-dosm-census-religion-1991-2020","no_religion_line_fused_with_unknown_as_printed;dosm_printed_2020_reporting_frame","Islam=58255;Christianity=104771;Buddhism=11742;Hinduism=347;Others=723;No Religion/Unknown=2808"
"MY","my-osm-adm2-2020-derived","administrative_district","MY-DIST-020","MY-DOSM-bukit-mabong","Bukit Mabong",1991,,"Agama/ Religion",,,,,,,,,,,,,"my-dosm-census-religion-1991-2020","no_religion_line_fused_with_unknown_as_printed;dosm_printed_2020_reporting_frame;source_cell_unavailable_as_printed",
"MY","my-osm-adm2-2020-derived","administrative_district","MY-DIST-020","MY-DOSM-bukit-mabong","Bukit Mabong",2000,,"Agama/ Religion",,,,,,,,,,,,,"my-dosm-census-religion-1991-2020","no_religion_line_fused_with_unknown_as_printed;dosm_printed_2020_reporting_frame;source_cell_unavailable_as_printed",
"MY","my-osm-adm2-2020-derived","administrative_district","MY-DIST-020","MY-DOSM-bukit-mabong","Bukit Mabong",2010,,"Agama/ Religion",,,,,,,,,,,,,"my-dosm-census-religion-1991-2020","no_religion_line_fused_with_unknown_as_printed;dosm_printed_2020_reporting_frame;source_cell_unavailable_as_printed",
"MY","my-osm-adm2-2020-derived","administrative_district","MY-DIST-020","MY-DOSM-bukit-mabong","Bukit Mabong",2020,10155,"Agama/ Religion",10155,0,10017,98.6410635155096,138,1.3589364844904,,,,,,,"my-dosm-census-religion-1991-2020","no_religion_line_fused_with_unknown_as_printed;dosm_printed_2020_reporting_frame","Islam=660;Christianity=9239;Buddhism=100;Hinduism=6;Others=12;No Religion/Unknown=138"
"MY","my-osm-adm2-2020-derived","administrative_district","MY-DIST-021","MY-DOSM-cameron-highlands","Cameron Highlands",1991,25109,"Agama/ Religion",25555,-446,24585,97.9130988888446,524,2.08690111115536,,,,,,,"my-dosm-census-religion-1991-2020","no_religion_line_fused_with_unknown_as_printed;dosm_printed_2020_reporting_frame;religion_universe_differs_from_printed_population_total","Islam=5380;Christianity=742;Buddhism=8276;Hinduism=6375;Others=3812;No Religion/Unknown=524"
"MY","my-osm-adm2-2020-derived","administrative_district","MY-DIST-021","MY-DOSM-cameron-highlands","Cameron Highlands",2000,28077,"Agama/ Religion",28077,0,27652,98.4863055169712,425,1.51369448302881,,,,,,,"my-dosm-census-religion-1991-2020","no_religion_line_fused_with_unknown_as_printed;dosm_printed_2020_reporting_frame","Islam=8190;Christianity=1174;Buddhism=10183;Hinduism=4695;Others=3410;No Religion/Unknown=425"
"MY","my-osm-adm2-2020-derived","administrative_district","MY-DIST-021","MY-DOSM-cameron-highlands","Cameron Highlands",2010,36978,"Agama/ Religion",36978,0,33552,90.7350316404349,3426,9.26496835956515,,,,,,,"my-dosm-census-religion-1991-2020","no_religion_line_fused_with_unknown_as_printed;dosm_printed_2020_reporting_frame","Islam=10559;Christianity=1350;Buddhism=12753;Hinduism=6747;Others=2143;No Religion/Unknown=3426"
"MY","my-osm-adm2-2020-derived","administrative_district","MY-DIST-021","MY-DOSM-cameron-highlands","Cameron Highlands",2020,39004,"Agama/ Religion",39004,0,35568,91.1906471131166,3436,8.8093528868834,,,,,,,"my-dosm-census-religion-1991-2020","no_religion_line_fused_with_unknown_as_printed;dosm_printed_2020_reporting_frame","Islam=15549;Christianity=1700;Buddhism=11748;Hinduism=4870;Others=1701;No Religion/Unknown=3436"
"MY","my-osm-adm2-2020-derived","administrative_district","MY-DIST-022","MY-DOSM-dalat","Dalat",1991,24252,"Agama/ Religion",24296,-44,23116,95.3158502391555,1136,4.68414976084447,,,,,,,"my-dosm-census-religion-1991-2020","no_religion_line_fused_with_unknown_as_printed;dosm_printed_2020_reporting_frame;religion_universe_differs_from_printed_population_total","Islam=8787;Christianity=6681;Buddhism=424;Hinduism=5;Others=7219;No Religion/Unknown=1136"
"MY","my-osm-adm2-2020-derived","administrative_district","MY-DIST-022","MY-DOSM-dalat","Dalat",2000,23462,"Agama/ Religion",23462,0,22864,97.4511976813571,598,2.54880231864291,,,,,,,"my-dosm-census-religion-1991-2020","no_religion_line_fused_with_unknown_as_printed;dosm_printed_2020_reporting_frame","Islam=7837;Christianity=7943;Buddhism=540;Hinduism=2;Others=6542;No Religion/Unknown=598"
"MY","my-osm-adm2-2020-derived","administrative_district","MY-DIST-022","MY-DOSM-dalat","Dalat",2010,18523,"Agama/ Religion",18523,0,16904,91.2595151973222,1619,8.74048480267775,,,,,,,"my-dosm-census-religion-1991-2020","no_religion_line_fused_with_unknown_as_printed;dosm_printed_2020_reporting_frame;partial_category_null_as_printed","Islam=8644;Christianity=6134;Buddhism=723;Others=1403;No Religion/Unknown=1619"
"MY","my-osm-adm2-2020-derived","administrative_district","MY-DIST-022","MY-DOSM-dalat","Dalat",2020,21147,"Agama/ Religion",21147,0,19653,92.9351681089516,1494,7.06483189104838,,,,,,,"my-dosm-census-religion-1991-2020","no_religion_line_fused_with_unknown_as_printed;dosm_printed_2020_reporting_frame","Islam=12363;Christianity=6745;Buddhism=520;Hinduism=2;Others=23;No Religion/Unknown=1494"
"MY","my-osm-adm2-2020-derived","administrative_district","MY-DIST-023","MY-DOSM-daro","Daro",1991,20026,"Agama/ Religion",20059,-33,19716,98.4520123839009,310,1.54798761609907,,,,,,,"my-dosm-census-religion-1991-2020","no_religion_line_fused_with_unknown_as_printed;dosm_printed_2020_reporting_frame;religion_universe_differs_from_printed_population_total","Islam=18130;Christianity=721;Buddhism=493;Hinduism=8;Others=364;No Religion/Unknown=310"
"MY","my-osm-adm2-2020-derived","administrative_district","MY-DIST-023","MY-DOSM-daro","Daro",2000,14851,"Agama/ Religion",14851,0,14705,99.0169012187731,146,0.983098781226853,,,,,,,"my-dosm-census-religion-1991-2020","no_religion_line_fused_with_unknown_as_printed;dosm_printed_2020_reporting_frame;partial_category_null_as_printed","Islam=13564;Christianity=836;Buddhism=279;Others=26;No Religion/Unknown=146"
"MY","my-osm-adm2-2020-derived","administrative_district","MY-DIST-023","MY-DOSM-daro","Daro",2010,29975,"Agama/ Religion",29975,0,29428,98.1751459549625,547,1.82485404503753,,,,,,,"my-dosm-census-religion-1991-2020","no_religion_line_fused_with_unknown_as_printed;dosm_printed_2020_reporting_frame","Islam=23200;Christianity=2253;Buddhism=314;Hinduism=20;Others=3641;No Religion/Unknown=547"
"MY","my-osm-adm2-2020-derived","administrative_district","MY-DIST-023","MY-DOSM-daro","Daro",2020,19477,"Agama/ Religion",19477,0,19471,99.9691944344612,6,0.0308055655388407,,,,,,,"my-dosm-census-religion-1991-2020","no_religion_line_fused_with_unknown_as_printed;dosm_printed_2020_reporting_frame","Islam=17495;Christianity=1807;Buddhism=124;Hinduism=3;Others=42;No Religion/Unknown=6"
"MY","my-osm-adm2-2020-derived","administrative_district","MY-DIST-024","MY-DOSM-dungun","Dungun",1991,102635,"Agama/ Religion",102897,-262,102501,99.8694402494276,134,0.130559750572417,,,,,,,"my-dosm-census-religion-1991-2020","no_religion_line_fused_with_unknown_as_printed;dosm_printed_2020_reporting_frame;religion_universe_differs_from_printed_population_total","Islam=99239;Christianity=220;Buddhism=2716;Hinduism=136;Others=190;No Religion/Unknown=134"
"MY","my-osm-adm2-2020-derived","administrative_district","MY-DIST-024","MY-DOSM-dungun","Dungun",2000,128709,"Agama/ Religion",128709,0,128623,99.933182605723,86,0.0668173942770125,,,,,,,"my-dosm-census-religion-1991-2020","no_religion_line_fused_with_unknown_as_printed;dosm_printed_2020_reporting_frame","Islam=124083;Christianity=769;Buddhism=3349;Hinduism=292;Others=130;No Religion/Unknown=86"
"MY","my-osm-adm2-2020-derived","administrative_district","MY-DIST-024","MY-DOSM-dungun","Dungun",2010,149851,"Agama/ Religion",149851,0,149772,99.9472809657593,79,0.0527190342406791,,,,,,,"my-dosm-census-religion-1991-2020","no_religion_line_fused_with_unknown_as_printed;dosm_printed_2020_reporting_frame","Islam=145932;Christianity=196;Buddhism=3248;Hinduism=230;Others=166;No Religion/Unknown=79"
"MY","my-osm-adm2-2020-derived","administrative_district","MY-DIST-024","MY-DOSM-dungun","Dungun",2020,158130,"Agama/ Religion",158130,0,158045,99.9462467589958,85,0.053753241004237,,,,,,,"my-dosm-census-religion-1991-2020","no_religion_line_fused_with_unknown_as_printed;dosm_printed_2020_reporting_frame","Islam=154244;Christianity=456;Buddhism=3067;Hinduism=194;Others=84;No Religion/Unknown=85"
"MY","my-osm-adm2-2020-derived","administrative_district","MY-DIST-025","MY-DOSM-gombak","Gombak",1991,352592,"Agama/ Religion",352649,-57,348745,98.9089372419113,3847,1.09106275808867,,,,,,,"my-dosm-census-religion-1991-2020","no_religion_line_fused_with_unknown_as_printed;dosm_printed_2020_reporting_frame;religion_universe_differs_from_printed_population_total","Islam=220128;Christianity=10599;Buddhism=37938;Hinduism=62105;Others=17975;No Religion/Unknown=3847"
"MY","my-osm-adm2-2020-derived","administrative_district","MY-DIST-025","MY-DOSM-gombak","Gombak",2000,537525,"Agama/ Religion",537525,0,534065,99.3563090088833,3460,0.643690991116692,,,,,,,"my-dosm-census-religion-1991-2020","no_religion_line_fused_with_unknown_as_printed;dosm_printed_2020_reporting_frame","Islam=333508;Christianity=16144;Buddhism=57801;Hinduism=111113;Others=15499;No Religion/Unknown=3460"
"MY","my-osm-adm2-2020-derived","administrative_district","MY-DIST-025","MY-DOSM-gombak","Gombak",2010,668694,"Agama/ Religion",668694,0,660482,98.7719345470424,8212,1.22806545295756,,,,,,,"my-dosm-census-religion-1991-2020","no_religion_line_fused_with_unknown_as_printed;dosm_printed_2020_reporting_frame","Islam=432452;Christianity=17853;Buddhism=137128;Hinduism=66671;Others=6378;No Religion/Unknown=8212"
"MY","my-osm-adm2-2020-derived","administrative_district","MY-DIST-025","MY-DOSM-gombak","Gombak",2020,942400,"Agama/ Religion",942400,0,936638,99.3885823429542,5762,0.61141765704584,,,,,,,"my-dosm-census-religion-1991-2020","no_religion_line_fused_with_unknown_as_printed;dosm_printed_2020_reporting_frame","Islam=627052;Christianity=38928;Buddhism=172400;Hinduism=89997;Others=8261;No Religion/Unknown=5762"
"MY","my-osm-adm2-2020-derived","administrative_district","MY-DIST-026","MY-DOSM-gua-musang","Gua Musang",1991,63717,"Agama/ Religion",63816,-99,63443,99.5699734764662,274,0.430026523533751,,,,,,,"my-dosm-census-religion-1991-2020","no_religion_line_fused_with_unknown_as_printed;dosm_printed_2020_reporting_frame;religion_universe_differs_from_printed_population_total","Islam=52874;Christianity=290;Buddhism=3692;Hinduism=364;Others=6223;No Religion/Unknown=274"
"MY","my-osm-adm2-2020-derived","administrative_district","MY-DIST-026","MY-DOSM-gua-musang","Gua Musang",2000,74988,"Agama/ Religion",74988,0,74822,99.7786312476663,166,0.221368752333707,,,,,,,"my-dosm-census-religion-1991-2020","no_religion_line_fused_with_unknown_as_printed;dosm_printed_2020_reporting_frame","Islam=63761;Christianity=202;Buddhism=3538;Hinduism=247;Others=7074;No Religion/Unknown=166"
"MY","my-osm-adm2-2020-derived","administrative_district","MY-DIST-026","MY-DOSM-gua-musang","Gua Musang",2010,86189,"Agama/ Religion",86189,0,81362,94.3995173397997,4827,5.60048266020026,,,,,,,"my-dosm-census-religion-1991-2020","no_religion_line_fused_with_unknown_as_printed;dosm_printed_2020_reporting_frame","Islam=73610;Christianity=1159;Buddhism=3967;Hinduism=360;Others=2266;No Religion/Unknown=4827"
"MY","my-osm-adm2-2020-derived","administrative_district","MY-DIST-026","MY-DOSM-gua-musang","Gua Musang",2020,101886,"Agama/ Religion",101886,0,97238,95.438038592152,4648,4.56196140784799,,,,,,,"my-dosm-census-religion-1991-2020","no_religion_line_fused_with_unknown_as_printed;dosm_printed_2020_reporting_frame","Islam=87932;Christianity=1465;Buddhism=4654;Hinduism=765;Others=2422;No Religion/Unknown=4648"
"MY","my-osm-adm2-2020-derived","administrative_district","MY-DIST-027","MY-DOSM-hilir-perak","Hilir Perak",1991,201742,"Agama/ Religion",202059,-317,201078,99.6708667506023,664,0.329133249397746,,,,,,,"my-dosm-census-religion-1991-2020","no_religion_line_fused_with_unknown_as_printed;dosm_printed_2020_reporting_frame;religion_universe_differs_from_printed_population_total","Islam=102999;Christianity=3449;Buddhism=39381;Hinduism=38008;Others=17241;No Religion/Unknown=664"
"MY","my-osm-adm2-2020-derived","administrative_district","MY-DIST-027","MY-DOSM-hilir-perak","Hilir Perak",2000,190868,"Agama/ Religion",190868,0,190598,99.8585409812017,270,0.141459018798332,,,,,,,"my-dosm-census-religion-1991-2020","no_religion_line_fused_with_unknown_as_printed;dosm_printed_2020_reporting_frame","Islam=103257;Christianity=3657;Buddhism=41569;Hinduism=32142;Others=9973;No Religion/Unknown=270"
"MY","my-osm-adm2-2020-derived","administrative_district","MY-DIST-027","MY-DOSM-hilir-perak","Hilir Perak",2010,202593,"Agama/ Religion",202593,0,200945,99.1865464255922,1648,0.813453574407803,,,,,,,"my-dosm-census-religion-1991-2020","no_religion_line_fused_with_unknown_as_printed;dosm_printed_2020_reporting_frame","Islam=108757;Christianity=4290;Buddhism=51280;Hinduism=33283;Others=3335;No Religion/Unknown=1648"
"MY","my-osm-adm2-2020-derived","administrative_district","MY-DIST-027","MY-DOSM-hilir-perak","Hilir Perak",2020,141959,"Agama/ Religion",141959,0,132893,93.6136490113343,9066,6.38635098866574,,,,,,,"my-dosm-census-religion-1991-2020","no_religion_line_fused_with_unknown_as_printed;dosm_printed_2020_reporting_frame","Islam=76369;Christianity=2491;Buddhism=35854;Hinduism=16963;Others=1216;No Religion/Unknown=9066"
"MY","my-osm-adm2-2020-derived","administrative_district","MY-DIST-029","MY-DOSM-hulu-perak","Hulu Perak",1991,81534,"Agama/ Religion",81636,-102,78999,96.8908676135109,2535,3.10913238648907,,,,,,,"my-dosm-census-religion-1991-2020","no_religion_line_fused_with_unknown_as_printed;dosm_printed_2020_reporting_frame;religion_universe_differs_from_printed_population_total","Islam=60264;Christianity=473;Buddhism=10463;Hinduism=2601;Others=5198;No Religion/Unknown=2535"
"MY","my-osm-adm2-2020-derived","administrative_district","MY-DIST-029","MY-DOSM-hulu-perak","Hulu Perak",2000,82551,"Agama/ Religion",82551,0,78349,94.9098133275187,4202,5.09018667248125,,,,,,,"my-dosm-census-religion-1991-2020","no_religion_line_fused_with_unknown_as_printed;dosm_printed_2020_reporting_frame","Islam=64273;Christianity=844;Buddhism=8343;Hinduism=1727;Others=3162;No Religion/Unknown=4202"
"MY","my-osm-adm2-2020-derived","administrative_district","MY-DIST-029","MY-DOSM-hulu-perak","Hulu Perak",2010,89926,"Agama/ Religion",89926,0,86699,96.4114938949803,3227,3.58850610501968,,,,,,,"my-dosm-census-religion-1991-2020","no_religion_line_fused_with_unknown_as_printed;dosm_printed_2020_reporting_frame","Islam=71608;Christianity=6593;Buddhism=4066;Hinduism=1506;Others=2926;No Religion/Unknown=3227"
"MY","my-osm-adm2-2020-derived","administrative_district","MY-DIST-029","MY-DOSM-hulu-perak","Hulu Perak",2020,95076,"Agama/ Religion",95076,0,88238,92.8078589759771,6838,7.19214102402289,,,,,,,"my-dosm-census-religion-1991-2020","no_religion_line_fused_with_unknown_as_printed;dosm_printed_2020_reporting_frame","Islam=76536;Christianity=1499;Buddhism=7920;Hinduism=1374;Others=909;No Religion/Unknown=6838"
"MY","my-osm-adm2-2020-derived","administrative_district","MY-DIST-032","MY-DOSM-jasin","Jasin",1991,92771,"Agama/ Religion",92771,0,92460,99.664765929008,311,0.335234070992013,,,,,,,"my-dosm-census-religion-1991-2020","no_religion_line_fused_with_unknown_as_printed;dosm_printed_2020_reporting_frame","Islam=64092;Christianity=1467;Buddhism=14713;Hinduism=8691;Others=3497;No Religion/Unknown=311"
"MY","my-osm-adm2-2020-derived","administrative_district","MY-DIST-032","MY-DOSM-jasin","Jasin",2000,101659,"Agama/ Religion",101659,0,101249,99.5966908980022,410,0.403309101997856,,,,,,,"my-dosm-census-religion-1991-2020","no_religion_line_fused_with_unknown_as_printed;dosm_printed_2020_reporting_frame","Islam=73860;Christianity=1436;Buddhism=14806;Hinduism=9967;Others=1180;No Religion/Unknown=410"
"MY","my-osm-adm2-2020-derived","administrative_district","MY-DIST-032","MY-DOSM-jasin","Jasin",2010,131539,"Agama/ Religion",131539,0,129910,98.7615840169075,1629,1.23841598309247,,,,,,,"my-dosm-census-religion-1991-2020","no_religion_line_fused_with_unknown_as_printed;dosm_printed_2020_reporting_frame","Islam=98835;Christianity=1487;Buddhism=16246;Hinduism=12882;Others=460;No Religion/Unknown=1629"
"MY","my-osm-adm2-2020-derived","administrative_district","MY-DIST-032","MY-DOSM-jasin","Jasin",2020,151937,"Agama/ Religion",151937,0,146016,96.1029900550886,5921,3.89700994491138,,,,,,,"my-dosm-census-religion-1991-2020","no_religion_line_fused_with_unknown_as_printed;dosm_printed_2020_reporting_frame","Islam=118087;Christianity=1642;Buddhism=13097;Hinduism=12542;Others=648;No Religion/Unknown=5921"
"MY","my-osm-adm2-2020-derived","administrative_district","MY-DIST-033","MY-DOSM-jelebu","Jelebu",1991,39973,"Agama/ Religion",40012,-39,39327,98.3839091386686,646,1.6160908613314,,,,,,,"my-dosm-census-religion-1991-2020","no_religion_line_fused_with_unknown_as_printed;dosm_printed_2020_reporting_frame;religion_universe_differs_from_printed_population_total","Islam=23500;Christianity=566;Buddhism=7499;Hinduism=2036;Others=5726;No Religion/Unknown=646"
"MY","my-osm-adm2-2020-derived","administrative_district","MY-DIST-033","MY-DOSM-jelebu","Jelebu",2000,37194,"Agama/ Religion",37194,0,36766,98.8492767650696,428,1.15072323493037,,,,,,,"my-dosm-census-religion-1991-2020","no_religion_line_fused_with_unknown_as_printed;dosm_printed_2020_reporting_frame","Islam=23171;Christianity=378;Buddhism=8057;Hinduism=1709;Others=3451;No Religion/Unknown=428"
"MY","my-osm-adm2-2020-derived","administrative_district","MY-DIST-033","MY-DOSM-jelebu","Jelebu",2010,38299,"Agama/ Religion",38299,0,36184,94.4776626021567,2115,5.52233739784329,,,,,,,"my-dosm-census-religion-1991-2020","no_religion_line_fused_with_unknown_as_printed;dosm_printed_2020_reporting_frame","Islam=25021;Christianity=410;Buddhism=8803;Hinduism=1647;Others=303;No Religion/Unknown=2115"
"MY","my-osm-adm2-2020-derived","administrative_district","MY-DIST-033","MY-DOSM-jelebu","Jelebu",2020,46053,"Agama/ Religion",46053,0,43218,93.844049247606,2835,6.15595075239398,,,,,,,"my-dosm-census-religion-1991-2020","no_religion_line_fused_with_unknown_as_printed;dosm_printed_2020_reporting_frame","Islam=30842;Christianity=666;Buddhism=9832;Hinduism=1739;Others=139;No Religion/Unknown=2835"
"MY","my-osm-adm2-2020-derived","administrative_district","MY-DIST-034","MY-DOSM-jeli","Jeli",1991,32720,"Agama/ Religion",32720,0,32705,99.9541564792176,15,0.0458435207823961,,,,,,,"my-dosm-census-religion-1991-2020","no_religion_line_fused_with_unknown_as_printed;dosm_printed_2020_reporting_frame","Islam=32021;Christianity=73;Buddhism=303;Hinduism=43;Others=265;No Religion/Unknown=15"
"MY","my-osm-adm2-2020-derived","administrative_district","MY-DIST-034","MY-DOSM-jeli","Jeli",2000,35988,"Agama/ Religion",35988,0,35981,99.9805490719129,7,0.0194509280871402,,,,,,,"my-dosm-census-religion-1991-2020","no_religion_line_fused_with_unknown_as_printed;dosm_printed_2020_reporting_frame","Islam=35803;Christianity=73;Buddhism=65;Hinduism=27;Others=13;No Religion/Unknown=7"
"MY","my-osm-adm2-2020-derived","administrative_district","MY-DIST-034","MY-DOSM-jeli","Jeli",2010,39170,"Agama/ Religion",39170,0,39159,99.9719172836354,11,0.0280827163645647,,,,,,,"my-dosm-census-religion-1991-2020","no_religion_line_fused_with_unknown_as_printed;dosm_printed_2020_reporting_frame","Islam=38902;Christianity=130;Buddhism=72;Hinduism=43;Others=12;No Religion/Unknown=11"
"MY","my-osm-adm2-2020-derived","administrative_district","MY-DIST-034","MY-DOSM-jeli","Jeli",2020,54656,"Agama/ Religion",54656,0,54342,99.4254976580796,314,0.574502341920375,,,,,,,"my-dosm-census-religion-1991-2020","no_religion_line_fused_with_unknown_as_printed;dosm_printed_2020_reporting_frame","Islam=53827;Christianity=243;Buddhism=115;Hinduism=149;Others=8;No Religion/Unknown=314"
"MY","my-osm-adm2-2020-derived","administrative_district","MY-DIST-035","MY-DOSM-jempol","Jempol",1991,121883,"Agama/ Religion",122033,-150,121258,99.4872131470345,625,0.512786852965549,,,,,,,"my-dosm-census-religion-1991-2020","no_religion_line_fused_with_unknown_as_printed;dosm_printed_2020_reporting_frame;religion_universe_differs_from_printed_population_total","Islam=81835;Christianity=1265;Buddhism=16924;Hinduism=15330;Others=5904;No Religion/Unknown=625"
"MY","my-osm-adm2-2020-derived","administrative_district","MY-DIST-035","MY-DOSM-jempol","Jempol",2000,125010,"Agama/ Religion",125010,0,124395,99.5080393568515,615,0.491960643148548,,,,,,,"my-dosm-census-religion-1991-2020","no_religion_line_fused_with_unknown_as_printed;dosm_printed_2020_reporting_frame","Islam=87149;Christianity=1164;Buddhism=18157;Hinduism=14792;Others=3133;No Religion/Unknown=615"
"MY","my-osm-adm2-2020-derived","administrative_district","MY-DIST-035","MY-DOSM-jempol","Jempol",2010,112740,"Agama/ Religion",112740,0,109939,97.5155224410147,2801,2.48447755898528,,,,,,,"my-dosm-census-religion-1991-2020","no_religion_line_fused_with_unknown_as_printed;dosm_printed_2020_reporting_frame","Islam=76735;Christianity=811;Buddhism=18653;Hinduism=13316;Others=424;No Religion/Unknown=2801"
"MY","my-osm-adm2-2020-derived","administrative_district","MY-DIST-035","MY-DOSM-jempol","Jempol",2020,127199,"Agama/ Religion",127199,0,124898,98.1910235143358,2301,1.8089764856642,,,,,,,"my-dosm-census-religion-1991-2020","no_religion_line_fused_with_unknown_as_printed;dosm_printed_2020_reporting_frame","Islam=86474;Christianity=1986;Buddhism=19458;Hinduism=15912;Others=1068;No Religion/Unknown=2301"
"MY","my-osm-adm2-2020-derived","administrative_district","MY-DIST-036","MY-DOSM-jerantut","Jerantut",1991,74383,"Agama/ Religion",74547,-164,73957,99.4272884933385,426,0.572711506661468,,,,,,,"my-dosm-census-religion-1991-2020","no_religion_line_fused_with_unknown_as_printed;dosm_printed_2020_reporting_frame;religion_universe_differs_from_printed_population_total","Islam=60470;Christianity=264;Buddhism=7674;Hinduism=2426;Others=3123;No Religion/Unknown=426"
"MY","my-osm-adm2-2020-derived","administrative_district","MY-DIST-036","MY-DOSM-jerantut","Jerantut",2000,80685,"Agama/ Religion",80685,0,80039,99.1993555183739,646,0.800644481626077,,,,,,,"my-dosm-census-religion-1991-2020","no_religion_line_fused_with_unknown_as_printed;dosm_printed_2020_reporting_frame","Islam=66322;Christianity=403;Buddhism=8861;Hinduism=2348;Others=2105;No Religion/Unknown=646"
"MY","my-osm-adm2-2020-derived","administrative_district","MY-DIST-036","MY-DOSM-jerantut","Jerantut",2010,88035,"Agama/ Religion",88035,0,86885,98.6937013687738,1150,1.30629863122622,,,,,,,"my-dosm-census-religion-1991-2020","no_religion_line_fused_with_unknown_as_printed;dosm_printed_2020_reporting_frame","Islam=72686;Christianity=488;Buddhism=9622;Hinduism=2823;Others=1266;No Religion/Unknown=1150"
"MY","my-osm-adm2-2020-derived","administrative_district","MY-DIST-036","MY-DOSM-jerantut","Jerantut",2020,96006,"Agama/ Religion",96006,0,93338,97.2210070203946,2668,2.77899297960544,,,,,,,"my-dosm-census-religion-1991-2020","no_religion_line_fused_with_unknown_as_printed;dosm_printed_2020_reporting_frame","Islam=78418;Christianity=648;Buddhism=11037;Hinduism=3035;Others=200;No Religion/Unknown=2668"
"MY","my-osm-adm2-2020-derived","administrative_district","MY-DIST-037","MY-DOSM-johor-bahru","Johor Bahru",1991,702683,"Agama/ Religion",704471,-1788,694582,98.84713306,8101,1.15286693999997,,,,,,,"my-dosm-census-religion-1991-2020","no_religion_line_fused_with_unknown_as_printed;dosm_printed_2020_reporting_frame;religion_universe_differs_from_printed_population_total","Islam=376354;Christianity=19029;Buddhism=196853;Hinduism=55420;Others=46926;No Religion/Unknown=8101"
"MY","my-osm-adm2-2020-derived","administrative_district","MY-DIST-037","MY-DOSM-johor-bahru","Johor Bahru",2000,1081978,"Agama/ Religion",1081978,0,1069000,98.8005301401692,12978,1.19946985983079,,,,,,,"my-dosm-census-religion-1991-2020","no_religion_line_fused_with_unknown_as_printed;dosm_printed_2020_reporting_frame","Islam=577765;Christianity=35139;Buddhism=336341;Hinduism=90901;Others=28854;No Religion/Unknown=12978"
"MY","my-osm-adm2-2020-derived","administrative_district","MY-DIST-037","MY-DOSM-johor-bahru","Johor Bahru",2010,1334188,"Agama/ Religion",1334188,0,1314288,98.508456079653,19900,1.49154392034706,,,,,,,"my-dosm-census-religion-1991-2020","no_religion_line_fused_with_unknown_as_printed;dosm_printed_2020_reporting_frame","Islam=681428;Christianity=45536;Buddhism=457761;Hinduism=122074;Others=7489;No Religion/Unknown=19900"
"MY","my-osm-adm2-2020-derived","administrative_district","MY-DIST-037","MY-DOSM-johor-bahru","Johor Bahru",2020,1711191,"Agama/ Religion",1711191,0,1696417,99.1366247251184,14774,0.863375274881647,,,,,,,"my-dosm-census-religion-1991-2020","no_religion_line_fused_with_unknown_as_printed;dosm_printed_2020_reporting_frame","Islam=883183;Christianity=75957;Buddhism=566112;Hinduism=156071;Others=15094;No Religion/Unknown=14774"
"MY","my-osm-adm2-2020-derived","administrative_district","MY-DIST-038","MY-DOSM-julau","Julau",1991,28090,"Agama/ Religion",28104,-14,26727,95.1477394090424,1363,4.85226059095764,,,,,,,"my-dosm-census-religion-1991-2020","no_religion_line_fused_with_unknown_as_printed;dosm_printed_2020_reporting_frame;religion_universe_differs_from_printed_population_total","Islam=393;Christianity=11371;Buddhism=292;Hinduism=21;Others=14650;No Religion/Unknown=1363"
"MY","my-osm-adm2-2020-derived","administrative_district","MY-DIST-038","MY-DOSM-julau","Julau",2000,31723,"Agama/ Religion",31723,0,30508,96.1699713141884,1215,3.83002868581156,,,,,,,"my-dosm-census-religion-1991-2020","no_religion_line_fused_with_unknown_as_printed;dosm_printed_2020_reporting_frame","Islam=436;Christianity=15654;Buddhism=280;Hinduism=7;Others=14131;No Religion/Unknown=1215"
"MY","my-osm-adm2-2020-derived","administrative_district","MY-DIST-038","MY-DOSM-julau","Julau",2010,15449,"Agama/ Religion",15449,0,14718,95.2683021554793,731,4.73169784452068,,,,,,,"my-dosm-census-religion-1991-2020","no_religion_line_fused_with_unknown_as_printed;dosm_printed_2020_reporting_frame;partial_category_null_as_printed","Islam=395;Christianity=9828;Buddhism=164;Others=4331;No Religion/Unknown=731"
"MY","my-osm-adm2-2020-derived","administrative_district","MY-DIST-038","MY-DOSM-julau","Julau",2020,15333,"Agama/ Religion",15333,0,14896,97.1499380421314,437,2.85006195786865,,,,,,,"my-dosm-census-religion-1991-2020","no_religion_line_fused_with_unknown_as_printed;dosm_printed_2020_reporting_frame;partial_category_null_as_printed","Islam=343;Christianity=14164;Buddhism=193;Others=196;No Religion/Unknown=437"
"MY","my-osm-adm2-2020-derived","administrative_district","MY-DIST-039","MY-DOSM-kabong","Kabong",1991,,"Agama/ Religion",,,,,,,,,,,,,"my-dosm-census-religion-1991-2020","no_religion_line_fused_with_unknown_as_printed;dosm_printed_2020_reporting_frame;source_cell_unavailable_as_printed",
"MY","my-osm-adm2-2020-derived","administrative_district","MY-DIST-039","MY-DOSM-kabong","Kabong",2000,,"Agama/ Religion",,,,,,,,,,,,,"my-dosm-census-religion-1991-2020","no_religion_line_fused_with_unknown_as_printed;dosm_printed_2020_reporting_frame;source_cell_unavailable_as_printed",
"MY","my-osm-adm2-2020-derived","administrative_district","MY-DIST-039","MY-DOSM-kabong","Kabong",2010,,"Agama/ Religion",,,,,,,,,,,,,"my-dosm-census-religion-1991-2020","no_religion_line_fused_with_unknown_as_printed;dosm_printed_2020_reporting_frame;source_cell_unavailable_as_printed",
"MY","my-osm-adm2-2020-derived","administrative_district","MY-DIST-039","MY-DOSM-kabong","Kabong",2020,18404,"Agama/ Religion",18404,0,17758,96.4898935014127,646,3.51010649858726,,,,,,,"my-dosm-census-religion-1991-2020","no_religion_line_fused_with_unknown_as_printed;dosm_printed_2020_reporting_frame","Islam=9344;Christianity=7764;Buddhism=577;Hinduism=1;Others=72;No Religion/Unknown=646"
"MY","my-osm-adm2-2020-derived","administrative_district","MY-DIST-040","MY-DOSM-kalabakan","Kalabakan",1991,,"Agama/ Religion",,,,,,,,,,,,,"my-dosm-census-religion-1991-2020","no_religion_line_fused_with_unknown_as_printed;dosm_printed_2020_reporting_frame;source_cell_unavailable_as_printed",
"MY","my-osm-adm2-2020-derived","administrative_district","MY-DIST-040","MY-DOSM-kalabakan","Kalabakan",2000,,"Agama/ Religion",,,,,,,,,,,,,"my-dosm-census-religion-1991-2020","no_religion_line_fused_with_unknown_as_printed;dosm_printed_2020_reporting_frame;source_cell_unavailable_as_printed",
"MY","my-osm-adm2-2020-derived","administrative_district","MY-DIST-040","MY-DOSM-kalabakan","Kalabakan",2010,,"Agama/ Religion",,,,,,,,,,,,,"my-dosm-census-religion-1991-2020","no_religion_line_fused_with_unknown_as_printed;dosm_printed_2020_reporting_frame;source_cell_unavailable_as_printed",
"MY","my-osm-adm2-2020-derived","administrative_district","MY-DIST-040","MY-DOSM-kalabakan","Kalabakan",2020,48195,"Agama/ Religion",48195,0,48054,99.707438530968,141,0.292561469032057,,,,,,,"my-dosm-census-religion-1991-2020","no_religion_line_fused_with_unknown_as_printed;dosm_printed_2020_reporting_frame","Islam=44363;Christianity=3594;Buddhism=30;Hinduism=66;Others=1;No Religion/Unknown=141"
"MY","my-osm-adm2-2020-derived","administrative_district","MY-DIST-041","MY-DOSM-kampar","Kampar",1991,,"Agama/ Religion",,,,,,,,,,,,,"my-dosm-census-religion-1991-2020","no_religion_line_fused_with_unknown_as_printed;dosm_printed_2020_reporting_frame;source_cell_unavailable_as_printed",
"MY","my-osm-adm2-2020-derived","administrative_district","MY-DIST-041","MY-DOSM-kampar","Kampar",2000,,"Agama/ Religion",,,,,,,,,,,,,"my-dosm-census-religion-1991-2020","no_religion_line_fused_with_unknown_as_printed;dosm_printed_2020_reporting_frame;source_cell_unavailable_as_printed",
"MY","my-osm-adm2-2020-derived","administrative_district","MY-DIST-041","MY-DOSM-kampar","Kampar",2010,96303,"Agama/ Religion",96303,0,91909,95.4373176328879,4394,4.56268236711214,,,,,,,"my-dosm-census-religion-1991-2020","no_religion_line_fused_with_unknown_as_printed;dosm_printed_2020_reporting_frame","Islam=31901;Christianity=33726;Buddhism=1100;Hinduism=9222;Others=15960;No Religion/Unknown=4394"
"MY","my-osm-adm2-2020-derived","administrative_district","MY-DIST-041","MY-DOSM-kampar","Kampar",2020,98732,"Agama/ Religion",98732,0,95002,96.2220961795568,3730,3.77790382044322,,,,,,,"my-dosm-census-religion-1991-2020","no_religion_line_fused_with_unknown_as_printed;dosm_printed_2020_reporting_frame","Islam=35059;Christianity=4909;Buddhism=45197;Hinduism=8588;Others=1249;No Religion/Unknown=3730"
"MY","my-osm-adm2-2020-derived","administrative_district","MY-DIST-042","MY-DOSM-kanowit","Kanowit",1991,25301,"Agama/ Religion",25380,-79,24676,97.5297419074345,625,2.47025809256551,,,,,,,"my-dosm-census-religion-1991-2020","no_religion_line_fused_with_unknown_as_printed;dosm_printed_2020_reporting_frame;religion_universe_differs_from_printed_population_total","Islam=751;Christianity=11127;Buddhism=1452;Hinduism=15;Others=11331;No Religion/Unknown=625"
"MY","my-osm-adm2-2020-derived","administrative_district","MY-DIST-042","MY-DOSM-kanowit","Kanowit",2000,27143,"Agama/ Religion",27143,0,24212,89.2016357808643,2931,10.7983642191357,,,,,,,"my-dosm-census-religion-1991-2020","no_religion_line_fused_with_unknown_as_printed;dosm_printed_2020_reporting_frame","Islam=1071;Christianity=14787;Buddhism=1917;Hinduism=14;Others=6423;No Religion/Unknown=2931"
"MY","my-osm-adm2-2020-derived","administrative_district","MY-DIST-042","MY-DOSM-kanowit","Kanowit",2010,28259,"Agama/ Religion",28259,0,26032,92.1193248168725,2227,7.8806751831275,,,,,,,"my-dosm-census-religion-1991-2020","no_religion_line_fused_with_unknown_as_printed;dosm_printed_2020_reporting_frame","Islam=1422;Christianity=15429;Buddhism=2079;Hinduism=51;Others=7051;No Religion/Unknown=2227"
"MY","my-osm-adm2-2020-derived","administrative_district","MY-DIST-042","MY-DOSM-kanowit","Kanowit",2020,24700,"Agama/ Religion",24700,0,24233,98.1093117408907,467,1.89068825910931,,,,,,,"my-dosm-census-religion-1991-2020","no_religion_line_fused_with_unknown_as_printed;dosm_printed_2020_reporting_frame","Islam=1765;Christianity=20955;Buddhism=1465;Hinduism=16;Others=32;No Religion/Unknown=467"
"MY","my-osm-adm2-2020-derived","administrative_district","MY-DIST-043","MY-DOSM-kapit","Kapit",1991,55171,"Agama/ Religion",55608,-437,52257,94.7182396548911,2914,5.28176034510884,,,,,,,"my-dosm-census-religion-1991-2020","no_religion_line_fused_with_unknown_as_printed;dosm_printed_2020_reporting_frame;religion_universe_differs_from_printed_population_total","Islam=2233;Christianity=24220;Buddhism=1883;Hinduism=21;Others=23900;No Religion/Unknown=2914"
"MY","my-osm-adm2-2020-derived","administrative_district","MY-DIST-043","MY-DOSM-kapit","Kapit",2000,56709,"Agama/ Religion",56709,0,54018,95.2547214727821,2691,4.7452785272179,,,,,,,"my-dosm-census-religion-1991-2020","no_religion_line_fused_with_unknown_as_printed;dosm_printed_2020_reporting_frame","Islam=3614;Christianity=37370;Buddhism=1913;Hinduism=21;Others=11100;No Religion/Unknown=2691"
"MY","my-osm-adm2-2020-derived","administrative_district","MY-DIST-043","MY-DOSM-kapit","Kapit",2010,55304,"Agama/ Religion",55304,0,51194,92.5683494864748,4110,7.43165051352524,,,,,,,"my-dosm-census-religion-1991-2020","no_religion_line_fused_with_unknown_as_printed;dosm_printed_2020_reporting_frame","Islam=2997;Christianity=44405;Buddhism=2613;Hinduism=74;Others=1105;No Religion/Unknown=4110"
"MY","my-osm-adm2-2020-derived","administrative_district","MY-DIST-043","MY-DOSM-kapit","Kapit",2020,36030,"Agama/ Religion",36030,0,36012,99.9500416319733,18,0.0499583680266445,,,,,,,"my-dosm-census-religion-1991-2020","no_religion_line_fused_with_unknown_as_printed;dosm_printed_2020_reporting_frame","Islam=2351;Christianity=32269;Buddhism=1266;Hinduism=10;Others=116;No Religion/Unknown=18"
"MY","my-osm-adm2-2020-derived","administrative_district","MY-DIST-044","MY-DOSM-kecil-lojing","Kecil Lojing",1991,,"Agama/ Religion",,,,,,,,,,,,,"my-dosm-census-religion-1991-2020","no_religion_line_fused_with_unknown_as_printed;dosm_printed_2020_reporting_frame;source_cell_unavailable_as_printed",
"MY","my-osm-adm2-2020-derived","administrative_district","MY-DIST-044","MY-DOSM-kecil-lojing","Kecil Lojing",2000,,"Agama/ Religion",,,,,,,,,,,,,"my-dosm-census-religion-1991-2020","no_religion_line_fused_with_unknown_as_printed;dosm_printed_2020_reporting_frame;source_cell_unavailable_as_printed",
"MY","my-osm-adm2-2020-derived","administrative_district","MY-DIST-044","MY-DOSM-kecil-lojing","Kecil Lojing",2010,,"Agama/ Religion",,,,,,,,,,,,,"my-dosm-census-religion-1991-2020","no_religion_line_fused_with_unknown_as_printed;dosm_printed_2020_reporting_frame;source_cell_unavailable_as_printed",
"MY","my-osm-adm2-2020-derived","administrative_district","MY-DIST-044","MY-DOSM-kecil-lojing","Kecil Lojing",2020,10609,"Agama/ Religion",10609,0,6796,64.0588179847299,3813,35.94118201527,,,,,,,"my-dosm-census-religion-1991-2020","no_religion_line_fused_with_unknown_as_printed;dosm_printed_2020_reporting_frame","Islam=6126;Christianity=352;Buddhism=33;Hinduism=15;Others=270;No Religion/Unknown=3813"
"MY","my-osm-adm2-2020-derived","administrative_district","MY-DIST-045","MY-DOSM-kemaman","Kemaman",1991,111540,"Agama/ Religion",111901,-361,111326,99.8081405773713,214,0.191859422628653,,,,,,,"my-dosm-census-religion-1991-2020","no_religion_line_fused_with_unknown_as_printed;dosm_printed_2020_reporting_frame;religion_universe_differs_from_printed_population_total","Islam=101387;Christianity=1213;Buddhism=6246;Hinduism=980;Others=1500;No Religion/Unknown=214"
"MY","my-osm-adm2-2020-derived","administrative_district","MY-DIST-045","MY-DOSM-kemaman","Kemaman",2000,137070,"Agama/ Religion",137070,0,136842,99.8336616327424,228,0.166338367257606,,,,,,,"my-dosm-census-religion-1991-2020","no_religion_line_fused_with_unknown_as_printed;dosm_printed_2020_reporting_frame","Islam=129762;Christianity=810;Buddhism=5155;Hinduism=714;Others=401;No Religion/Unknown=228"
"MY","my-osm-adm2-2020-derived","administrative_district","MY-DIST-045","MY-DOSM-kemaman","Kemaman",2010,166750,"Agama/ Religion",166750,0,166444,99.8164917541229,306,0.183508245877061,,,,,,,"my-dosm-census-religion-1991-2020","no_religion_line_fused_with_unknown_as_printed;dosm_printed_2020_reporting_frame","Islam=158408;Christianity=486;Buddhism=6613;Hinduism=762;Others=175;No Religion/Unknown=306"
"MY","my-osm-adm2-2020-derived","administrative_district","MY-DIST-045","MY-DOSM-kemaman","Kemaman",2020,215582,"Agama/ Religion",215582,0,215371,99.902125409357,211,0.0978745906430036,,,,,,,"my-dosm-census-religion-1991-2020","no_religion_line_fused_with_unknown_as_printed;dosm_printed_2020_reporting_frame","Islam=205706;Christianity=631;Buddhism=8031;Hinduism=937;Others=66;No Religion/Unknown=211"
"MY","my-osm-adm2-2020-derived","administrative_district","MY-DIST-046","MY-DOSM-keningau","Keningau",1991,88285,"Agama/ Religion",88456,-171,84368,95.5632327122388,3917,4.43676728776123,,,,,,,"my-dosm-census-religion-1991-2020","no_religion_line_fused_with_unknown_as_printed;dosm_printed_2020_reporting_frame;religion_universe_differs_from_printed_population_total","Islam=31155;Christianity=46682;Buddhism=4940;Hinduism=72;Others=1519;No Religion/Unknown=3917"
"MY","my-osm-adm2-2020-derived","administrative_district","MY-DIST-046","MY-DOSM-keningau","Keningau",2000,145984,"Agama/ Religion",145984,0,144397,98.9128945637878,1587,1.08710543621219,,,,,,,"my-dosm-census-religion-1991-2020","no_religion_line_fused_with_unknown_as_printed;dosm_printed_2020_reporting_frame","Islam=60181;Christianity=76886;Buddhism=6565;Hinduism=100;Others=665;No Religion/Unknown=1587"
"MY","my-osm-adm2-2020-derived","administrative_district","MY-DIST-046","MY-DOSM-keningau","Keningau",2010,173103,"Agama/ Religion",173103,0,171771,99.230515935599,1332,0.769484064400964,,,,,,,"my-dosm-census-religion-1991-2020","no_religion_line_fused_with_unknown_as_printed;dosm_printed_2020_reporting_frame","Islam=69460;Christianity=94701;Buddhism=7416;Hinduism=109;Others=85;No Religion/Unknown=1332"
"MY","my-osm-adm2-2020-derived","administrative_district","MY-DIST-046","MY-DOSM-keningau","Keningau",2020,150927,"Agama/ Religion",150927,0,150684,99.838995010833,243,0.161004989166948,,,,,,,"my-dosm-census-religion-1991-2020","no_religion_line_fused_with_unknown_as_printed;dosm_printed_2020_reporting_frame","Islam=64706;Christianity=79581;Buddhism=5895;Hinduism=451;Others=51;No Religion/Unknown=243"
"MY","my-osm-adm2-2020-derived","administrative_district","MY-DIST-047","MY-DOSM-kerian","Kerian",1991,148688,"Agama/ Religion",148720,-32,148546,99.9044980092543,142,0.0955019907457226,,,,,,,"my-dosm-census-religion-1991-2020","no_religion_line_fused_with_unknown_as_printed;dosm_printed_2020_reporting_frame;religion_universe_differs_from_printed_population_total","Islam=102737;Christianity=1540;Buddhism=16901;Hinduism=13002;Others=14366;No Religion/Unknown=142"
"MY","my-osm-adm2-2020-derived","administrative_district","MY-DIST-047","MY-DOSM-kerian","Kerian",2000,152911,"Agama/ Religion",152911,0,152848,99.9587995631446,63,0.0412004368554257,,,,,,,"my-dosm-census-religion-1991-2020","no_religion_line_fused_with_unknown_as_printed;dosm_printed_2020_reporting_frame","Islam=110888;Christianity=1358;Buddhism=19743;Hinduism=11614;Others=9245;No Religion/Unknown=63"
"MY","my-osm-adm2-2020-derived","administrative_district","MY-DIST-047","MY-DOSM-kerian","Kerian",2010,176975,"Agama/ Religion",176975,0,176660,99.8220087582992,315,0.177991241700805,,,,,,,"my-dosm-census-religion-1991-2020","no_religion_line_fused_with_unknown_as_printed;dosm_printed_2020_reporting_frame","Islam=132639;Christianity=1185;Buddhism=28379;Hinduism=12755;Others=1702;No Religion/Unknown=315"
"MY","my-osm-adm2-2020-derived","administrative_district","MY-DIST-047","MY-DOSM-kerian","Kerian",2020,166352,"Agama/ Religion",166352,0,164058,98.6209964412811,2294,1.37900355871886,,,,,,,"my-dosm-census-religion-1991-2020","no_religion_line_fused_with_unknown_as_printed;dosm_printed_2020_reporting_frame","Islam=127804;Christianity=1096;Buddhism=24271;Hinduism=9738;Others=1149;No Religion/Unknown=2294"
"MY","my-osm-adm2-2020-derived","administrative_district","MY-DIST-048","MY-DOSM-kinabatangan","Kinabatangan",1991,59072,"Agama/ Religion",59072,0,58996,99.8713434452871,76,0.128656554712893,,,,,,,"my-dosm-census-religion-1991-2020","no_religion_line_fused_with_unknown_as_printed;dosm_printed_2020_reporting_frame","Islam=45451;Christianity=12851;Buddhism=390;Hinduism=93;Others=211;No Religion/Unknown=76"
"MY","my-osm-adm2-2020-derived","administrative_district","MY-DIST-048","MY-DOSM-kinabatangan","Kinabatangan",2000,88697,"Agama/ Religion",88697,0,87775,98.9605059923109,922,1.0394940076891,,,,,,,"my-dosm-census-religion-1991-2020","no_religion_line_fused_with_unknown_as_printed;dosm_printed_2020_reporting_frame","Islam=78806;Christianity=8681;Buddhism=151;Hinduism=93;Others=44;No Religion/Unknown=922"
"MY","my-osm-adm2-2020-derived","administrative_district","MY-DIST-048","MY-DOSM-kinabatangan","Kinabatangan",2010,146987,"Agama/ Religion",146987,0,146153,99.4326028832482,834,0.567397116751822,,,,,,,"my-dosm-census-religion-1991-2020","no_religion_line_fused_with_unknown_as_printed;dosm_printed_2020_reporting_frame","Islam=132356;Christianity=12435;Buddhism=250;Hinduism=106;Others=1006;No Religion/Unknown=834"
"MY","my-osm-adm2-2020-derived","administrative_district","MY-DIST-048","MY-DOSM-kinabatangan","Kinabatangan",2020,143112,"Agama/ Religion",143112,0,143077,99.9755436301638,35,0.0244563698362122,,,,,,,"my-dosm-census-religion-1991-2020","no_religion_line_fused_with_unknown_as_printed;dosm_printed_2020_reporting_frame","Islam=131304;Christianity=11525;Buddhism=109;Hinduism=127;Others=12;No Religion/Unknown=35"
"MY","my-osm-adm2-2020-derived","administrative_district","MY-DIST-049","MY-DOSM-kinta","Kinta",1991,624401,"Agama/ Religion",627899,-3498,614855,98.4711747739033,9546,1.52882522609669,,,,,,,"my-dosm-census-religion-1991-2020","no_religion_line_fused_with_unknown_as_printed;dosm_printed_2020_reporting_frame;religion_universe_differs_from_printed_population_total","Islam=206425;Christianity=28272;Buddhism=220650;Hinduism=67768;Others=91740;No Religion/Unknown=9546"
"MY","my-osm-adm2-2020-derived","administrative_district","MY-DIST-049","MY-DOSM-kinta","Kinta",2000,703493,"Agama/ Religion",703493,0,697788,99.1890466571807,5705,0.810953342819332,,,,,,,"my-dosm-census-religion-1991-2020","no_religion_line_fused_with_unknown_as_printed;dosm_printed_2020_reporting_frame","Islam=267195;Christianity=31452;Buddhism=255968;Hinduism=80705;Others=62468;No Religion/Unknown=5705"
"MY","my-osm-adm2-2020-derived","administrative_district","MY-DIST-049","MY-DOSM-kinta","Kinta",2010,749474,"Agama/ Religion",749474,0,739756,98.7033572879113,9718,1.29664271208874,,,,,,,"my-dosm-census-religion-1991-2020","no_religion_line_fused_with_unknown_as_printed;dosm_printed_2020_reporting_frame","Islam=308953;Christianity=25643;Buddhism=296410;Hinduism=90070;Others=18680;No Religion/Unknown=9718"
"MY","my-osm-adm2-2020-derived","administrative_district","MY-DIST-049","MY-DOSM-kinta","Kinta",2020,888767,"Agama/ Religion",888767,0,847318,95.336347996719,41449,4.66365200328095,,,,,,,"my-dosm-census-religion-1991-2020","no_religion_line_fused_with_unknown_as_printed;dosm_printed_2020_reporting_frame","Islam=409834;Christianity=35533;Buddhism=298133;Hinduism=91733;Others=12085;No Religion/Unknown=41449"
"MY","my-osm-adm2-2020-derived","administrative_district","MY-DIST-050","MY-DOSM-klang","Klang",1991,406594,"Agama/ Religion",406994,-400,404465,99.4763818452806,2129,0.52361815471945,,,,,,,"my-dosm-census-religion-1991-2020","no_religion_line_fused_with_unknown_as_printed;dosm_printed_2020_reporting_frame;religion_universe_differs_from_printed_population_total","Islam=177610;Christianity=15454;Buddhism=69897;Hinduism=113166;Others=28338;No Religion/Unknown=2129"
"MY","my-osm-adm2-2020-derived","administrative_district","MY-DIST-050","MY-DOSM-klang","Klang",2000,643436,"Agama/ Religion",643436,0,640647,99.5665458569306,2789,0.433454143069396,,,,,,,"my-dosm-census-religion-1991-2020","no_religion_line_fused_with_unknown_as_printed;dosm_printed_2020_reporting_frame","Islam=321123;Christianity=23203;Buddhism=109144;Hinduism=172068;Others=15109;No Religion/Unknown=2789"
"MY","my-osm-adm2-2020-derived","administrative_district","MY-DIST-050","MY-DOSM-klang","Klang",2010,842146,"Agama/ Religion",842146,0,824049,97.8510852037533,18097,2.14891479624673,,,,,,,"my-dosm-census-religion-1991-2020","no_religion_line_fused_with_unknown_as_printed;dosm_printed_2020_reporting_frame","Islam=421718;Christianity=29111;Buddhism=204538;Hinduism=156310;Others=12372;No Religion/Unknown=18097"
"MY","my-osm-adm2-2020-derived","administrative_district","MY-DIST-050","MY-DOSM-klang","Klang",2020,1088942,"Agama/ Religion",1088942,0,1083279,99.4799539369406,5663,0.520046063059373,,,,,,,"my-dosm-census-religion-1991-2020","no_religion_line_fused_with_unknown_as_printed;dosm_printed_2020_reporting_frame","Islam=606824;Christianity=41352;Buddhism=232623;Hinduism=184432;Others=18048;No Religion/Unknown=5663"
"MY","my-osm-adm2-2020-derived","administrative_district","MY-DIST-051","MY-DOSM-kluang","Kluang",1991,224054,"Agama/ Religion",224424,-370,222715,99.4023762128773,1339,0.597623787122747,,,,,,,"my-dosm-census-religion-1991-2020","no_religion_line_fused_with_unknown_as_printed;dosm_printed_2020_reporting_frame;religion_universe_differs_from_printed_population_total","Islam=117636;Christianity=3642;Buddhism=63821;Hinduism=22044;Others=15572;No Religion/Unknown=1339"
"MY","my-osm-adm2-2020-derived","administrative_district","MY-DIST-051","MY-DOSM-kluang","Kluang",2000,255601,"Agama/ Religion",255601,0,254222,99.4604872437901,1379,0.539512756209874,,,,,,,"my-dosm-census-religion-1991-2020","no_religion_line_fused_with_unknown_as_printed;dosm_printed_2020_reporting_frame","Islam=144879;Christianity=3934;Buddhism=71240;Hinduism=22915;Others=11254;No Religion/Unknown=1379"
"MY","my-osm-adm2-2020-derived","administrative_district","MY-DIST-051","MY-DOSM-kluang","Kluang",2010,288364,"Agama/ Religion",288364,0,281077,97.4729855321746,7287,2.52701446782539,,,,,,,"my-dosm-census-religion-1991-2020","no_religion_line_fused_with_unknown_as_printed;dosm_printed_2020_reporting_frame","Islam=162446;Christianity=5101;Buddhism=86974;Hinduism=24172;Others=2384;No Religion/Unknown=7287"
"MY","my-osm-adm2-2020-derived","administrative_district","MY-DIST-051","MY-DOSM-kluang","Kluang",2020,323762,"Agama/ Religion",323762,0,322057,99.473378592917,1705,0.526621407082981,,,,,,,"my-dosm-census-religion-1991-2020","no_religion_line_fused_with_unknown_as_printed;dosm_printed_2020_reporting_frame","Islam=193955;Christianity=6792;Buddhism=91720;Hinduism=28316;Others=1274;No Religion/Unknown=1705"
"MY","my-osm-adm2-2020-derived","administrative_district","MY-DIST-052","MY-DOSM-kota-belud","Kota Belud",1991,58257,"Agama/ Religion",58259,-2,56446,96.8913606948521,1811,3.10863930514788,,,,,,,"my-dosm-census-religion-1991-2020","no_religion_line_fused_with_unknown_as_printed;dosm_printed_2020_reporting_frame;religion_universe_differs_from_printed_population_total","Islam=32335;Christianity=22653;Buddhism=958;Hinduism=168;Others=332;No Religion/Unknown=1811"
"MY","my-osm-adm2-2020-derived","administrative_district","MY-DIST-052","MY-DOSM-kota-belud","Kota Belud",2000,72357,"Agama/ Religion",72357,0,71137,98.3139157234269,1220,1.6860842765731,,,,,,,"my-dosm-census-religion-1991-2020","no_religion_line_fused_with_unknown_as_printed;dosm_printed_2020_reporting_frame","Islam=42512;Christianity=27431;Buddhism=918;Hinduism=32;Others=244;No Religion/Unknown=1220"
"MY","my-osm-adm2-2020-derived","administrative_district","MY-DIST-052","MY-DOSM-kota-belud","Kota Belud",2010,91272,"Agama/ Religion",91272,0,90885,99.5759926373915,387,0.424007362608467,,,,,,,"my-dosm-census-religion-1991-2020","no_religion_line_fused_with_unknown_as_printed;dosm_printed_2020_reporting_frame","Islam=54776;Christianity=34885;Buddhism=1085;Hinduism=16;Others=123;No Religion/Unknown=387"
"MY","my-osm-adm2-2020-derived","administrative_district","MY-DIST-052","MY-DOSM-kota-belud","Kota Belud",2020,107243,"Agama/ Religion",107243,0,107060,99.8293594919948,183,0.170640508005184,,,,,,,"my-dosm-census-religion-1991-2020","no_religion_line_fused_with_unknown_as_printed;dosm_printed_2020_reporting_frame","Islam=69752;Christianity=36700;Buddhism=454;Hinduism=137;Others=17;No Religion/Unknown=183"
"MY","my-osm-adm2-2020-derived","administrative_district","MY-DIST-053","MY-DOSM-kota-bharu","Kota Bharu",1991,365828,"Agama/ Religion",366770,-942,365245,99.8406354899024,583,0.159364510097642,,,,,,,"my-dosm-census-religion-1991-2020","no_religion_line_fused_with_unknown_as_printed;dosm_printed_2020_reporting_frame;religion_universe_differs_from_printed_population_total","Islam=338095;Christianity=1894;Buddhism=22874;Hinduism=1249;Others=1133;No Religion/Unknown=583"
"MY","my-osm-adm2-2020-derived","administrative_district","MY-DIST-053","MY-DOSM-kota-bharu","Kota Bharu",2000,398835,"Agama/ Religion",398835,0,398624,99.9470959168578,211,0.0529040831421515,,,,,,,"my-dosm-census-religion-1991-2020","no_religion_line_fused_with_unknown_as_printed;dosm_printed_2020_reporting_frame","Islam=374638;Christianity=1471;Buddhism=20627;Hinduism=1140;Others=748;No Religion/Unknown=211"
"MY","my-osm-adm2-2020-derived","administrative_district","MY-DIST-053","MY-DOSM-kota-bharu","Kota Bharu",2010,468438,"Agama/ Religion",468438,0,468289,99.9681921620364,149,0.0318078379636152,,,,,,,"my-dosm-census-religion-1991-2020","no_religion_line_fused_with_unknown_as_printed;dosm_printed_2020_reporting_frame","Islam=442711;Christianity=2007;Buddhism=21915;Hinduism=1391;Others=265;No Religion/Unknown=149"
"MY","my-osm-adm2-2020-derived","administrative_district","MY-DIST-053","MY-DOSM-kota-bharu","Kota Bharu",2020,555757,"Agama/ Religion",555757,0,551721,99.2737833261659,4036,0.726216673834068,,,,,,,"my-dosm-census-religion-1991-2020","no_religion_line_fused_with_unknown_as_printed;dosm_printed_2020_reporting_frame","Islam=531584;Christianity=2916;Buddhism=15692;Hinduism=1189;Others=340;No Religion/Unknown=4036"
"MY","my-osm-adm2-2020-derived","administrative_district","MY-DIST-054","MY-DOSM-kota-kinabalu","Kota Kinabalu",1991,207442,"Agama/ Religion",209175,-1733,201473,97.1225692000656,5969,2.87743079993444,,,,,,,"my-dosm-census-religion-1991-2020","no_religion_line_fused_with_unknown_as_printed;dosm_printed_2020_reporting_frame;religion_universe_differs_from_printed_population_total","Islam=105379;Christianity=61129;Buddhism=31788;Hinduism=650;Others=2527;No Religion/Unknown=5969"
"MY","my-osm-adm2-2020-derived","administrative_district","MY-DIST-054","MY-DOSM-kota-kinabalu","Kota Kinabalu",2000,355435,"Agama/ Religion",355435,0,350909,98.7266307482381,4526,1.27336925176193,,,,,,,"my-dosm-census-religion-1991-2020","no_religion_line_fused_with_unknown_as_printed;dosm_printed_2020_reporting_frame","Islam=197744;Christianity=107106;Buddhism=42523;Hinduism=823;Others=2713;No Religion/Unknown=4526"
"MY","my-osm-adm2-2020-derived","administrative_district","MY-DIST-054","MY-DOSM-kota-kinabalu","Kota Kinabalu",2010,452058,"Agama/ Religion",452058,0,447234,98.9328802941215,4824,1.06711970587845,,,,,,,"my-dosm-census-religion-1991-2020","no_religion_line_fused_with_unknown_as_printed;dosm_printed_2020_reporting_frame","Islam=266881;Christianity=125106;Buddhism=53345;Hinduism=1035;Others=867;No Religion/Unknown=4824"
"MY","my-osm-adm2-2020-derived","administrative_district","MY-DIST-054","MY-DOSM-kota-kinabalu","Kota Kinabalu",2020,500421,"Agama/ Religion",500421,0,497449,99.4061000637463,2972,0.593899936253674,,,,,,,"my-dosm-census-religion-1991-2020","no_religion_line_fused_with_unknown_as_printed;dosm_printed_2020_reporting_frame","Islam=304838;Christianity=148336;Buddhism=41865;Hinduism=1482;Others=928;No Religion/Unknown=2972"
"MY","my-osm-adm2-2020-derived","administrative_district","MY-DIST-055","MY-DOSM-kota-marudu","Kota Marudu",1991,42723,"Agama/ Religion",42747,-24,35542,83.1917234276619,7181,16.8082765723381,,,,,,,"my-dosm-census-religion-1991-2020","no_religion_line_fused_with_unknown_as_printed;dosm_printed_2020_reporting_frame;religion_universe_differs_from_printed_population_total","Islam=12018;Christianity=21011;Buddhism=1041;Hinduism=14;Others=1458;No Religion/Unknown=7181"
"MY","my-osm-adm2-2020-derived","administrative_district","MY-DIST-055","MY-DOSM-kota-marudu","Kota Marudu",2000,58862,"Agama/ Religion",58862,0,51599,87.6609697257993,7263,12.3390302742007,,,,,,,"my-dosm-census-religion-1991-2020","no_religion_line_fused_with_unknown_as_printed;dosm_printed_2020_reporting_frame","Islam=17510;Christianity=31890;Buddhism=1114;Hinduism=14;Others=1071;No Religion/Unknown=7263"
"MY","my-osm-adm2-2020-derived","administrative_district","MY-DIST-055","MY-DOSM-kota-marudu","Kota Marudu",2010,66374,"Agama/ Religion",66374,0,63730,96.0165124898304,2644,3.98348751016964,,,,,,,"my-dosm-census-religion-1991-2020","no_religion_line_fused_with_unknown_as_printed;dosm_printed_2020_reporting_frame","Islam=20727;Christianity=41633;Buddhism=907;Hinduism=7;Others=456;No Religion/Unknown=2644"
"MY","my-osm-adm2-2020-derived","administrative_district","MY-DIST-055","MY-DOSM-kota-marudu","Kota Marudu",2020,69528,"Agama/ Religion",69528,0,68778,98.9212978943735,750,1.07870210562651,,,,,,,"my-dosm-census-religion-1991-2020","no_religion_line_fused_with_unknown_as_printed;dosm_printed_2020_reporting_frame","Islam=27363;Christianity=40559;Buddhism=670;Hinduism=95;Others=91;No Religion/Unknown=750"
"MY","my-osm-adm2-2020-derived","administrative_district","MY-DIST-056","MY-DOSM-kota-setar","Kota Setar",1991,321867,"Agama/ Religion",322354,-487,321156,99.7791013058189,711,0.220898694181137,,,,,,,"my-dosm-census-religion-1991-2020","no_religion_line_fused_with_unknown_as_printed;dosm_printed_2020_reporting_frame;religion_universe_differs_from_printed_population_total","Islam=232825;Christianity=2346;Buddhism=65178;Hinduism=8282;Others=12525;No Religion/Unknown=711"
"MY","my-osm-adm2-2020-derived","administrative_district","MY-DIST-056","MY-DOSM-kota-setar","Kota Setar",2000,354513,"Agama/ Religion",354513,0,354117,99.8882974672297,396,0.111702532770307,,,,,,,"my-dosm-census-religion-1991-2020","no_religion_line_fused_with_unknown_as_printed;dosm_printed_2020_reporting_frame","Islam=267477;Christianity=2288;Buddhism=68886;Hinduism=7714;Others=7752;No Religion/Unknown=396"
"MY","my-osm-adm2-2020-derived","administrative_district","MY-DIST-056","MY-DOSM-kota-setar","Kota Setar",2010,357176,"Agama/ Religion",357176,0,356777,99.888290366654,399,0.111709633346025,,,,,,,"my-dosm-census-religion-1991-2020","no_religion_line_fused_with_unknown_as_printed;dosm_printed_2020_reporting_frame","Islam=267659;Christianity=2007;Buddhism=78555;Hinduism=7007;Others=1549;No Religion/Unknown=399"
"MY","my-osm-adm2-2020-derived","administrative_district","MY-DIST-056","MY-DOSM-kota-setar","Kota Setar",2020,374051,"Agama/ Religion",374051,0,366358,97.9433285835354,7693,2.0566714164646,,,,,,,"my-dosm-census-religion-1991-2020","no_religion_line_fused_with_unknown_as_printed;dosm_printed_2020_reporting_frame","Islam=274649;Christianity=2342;Buddhism=81226;Hinduism=6538;Others=1603;No Religion/Unknown=7693"
"MY","my-osm-adm2-2020-derived","administrative_district","MY-DIST-057","MY-DOSM-kota-tinggi","Kota Tinggi",1991,174061,"Agama/ Religion",174425,-364,173641,99.7587052814818,420,0.241294718518221,,,,,,,"my-dosm-census-religion-1991-2020","no_religion_line_fused_with_unknown_as_printed;dosm_printed_2020_reporting_frame;religion_universe_differs_from_printed_population_total","Islam=148829;Christianity=1229;Buddhism=14168;Hinduism=5167;Others=4248;No Religion/Unknown=420"
"MY","my-osm-adm2-2020-derived","administrative_district","MY-DIST-057","MY-DOSM-kota-tinggi","Kota Tinggi",2000,192336,"Agama/ Religion",192336,0,191948,99.7982696947009,388,0.20173030529906,,,,,,,"my-dosm-census-religion-1991-2020","no_religion_line_fused_with_unknown_as_printed;dosm_printed_2020_reporting_frame","Islam=167015;Christianity=1200;Buddhism=15597;Hinduism=4847;Others=3289;No Religion/Unknown=388"
"MY","my-osm-adm2-2020-derived","administrative_district","MY-DIST-057","MY-DOSM-kota-tinggi","Kota Tinggi",2010,187824,"Agama/ Religion",187824,0,186822,99.4665218502428,1002,0.53347814975722,,,,,,,"my-dosm-census-religion-1991-2020","no_religion_line_fused_with_unknown_as_printed;dosm_printed_2020_reporting_frame","Islam=160223;Christianity=1512;Buddhism=18846;Hinduism=5166;Others=1075;No Religion/Unknown=1002"
"MY","my-osm-adm2-2020-derived","administrative_district","MY-DIST-057","MY-DOSM-kota-tinggi","Kota Tinggi",2020,222382,"Agama/ Religion",222382,0,221658,99.6744340818951,724,0.325565918104883,,,,,,,"my-dosm-census-religion-1991-2020","no_religion_line_fused_with_unknown_as_printed;dosm_printed_2020_reporting_frame","Islam=194191;Christianity=2326;Buddhism=18315;Hinduism=6281;Others=545;No Religion/Unknown=724"
"MY","my-osm-adm2-2020-derived","administrative_district","MY-DIST-058","MY-DOSM-kuala-kangsar","Kuala Kangsar",1991,146648,"Agama/ Religion",146684,-36,144958,98.8475806011674,1690,1.15241939883258,,,,,,,"my-dosm-census-religion-1991-2020","no_religion_line_fused_with_unknown_as_printed;dosm_printed_2020_reporting_frame;religion_universe_differs_from_printed_population_total","Islam=82577;Christianity=1493;Buddhism=23091;Hinduism=18640;Others=19157;No Religion/Unknown=1690"
"MY","my-osm-adm2-2020-derived","administrative_district","MY-DIST-058","MY-DOSM-kuala-kangsar","Kuala Kangsar",2000,144418,"Agama/ Religion",144418,0,143569,99.4121231425446,849,0.587876857455442,,,,,,,"my-dosm-census-religion-1991-2020","no_religion_line_fused_with_unknown_as_printed;dosm_printed_2020_reporting_frame","Islam=87495;Christianity=1267;Buddhism=25210;Hinduism=18240;Others=11357;No Religion/Unknown=849"
"MY","my-osm-adm2-2020-derived","administrative_district","MY-DIST-058","MY-DOSM-kuala-kangsar","Kuala Kangsar",2010,155592,"Agama/ Religion",155592,0,152718,98.1528613296313,2874,1.84713867036866,,,,,,,"my-dosm-census-religion-1991-2020","no_religion_line_fused_with_unknown_as_printed;dosm_printed_2020_reporting_frame","Islam=96917;Christianity=1198;Buddhism=33310;Hinduism=19237;Others=2056;No Religion/Unknown=2874"
"MY","my-osm-adm2-2020-derived","administrative_district","MY-DIST-058","MY-DOSM-kuala-kangsar","Kuala Kangsar",2020,176060,"Agama/ Religion",176060,0,170816,97.021469953425,5244,2.97853004657503,,,,,,,"my-dosm-census-religion-1991-2020","no_religion_line_fused_with_unknown_as_printed;dosm_printed_2020_reporting_frame","Islam=113144;Christianity=1478;Buddhism=33832;Hinduism=21472;Others=890;No Religion/Unknown=5244"
"MY","my-osm-adm2-2020-derived","administrative_district","MY-DIST-059","MY-DOSM-kuala-krai","Kuala Krai",1991,90756,"Agama/ Religion",90830,-74,90678,99.9140552690731,78,0.0859447309268809,,,,,,,"my-dosm-census-religion-1991-2020","no_religion_line_fused_with_unknown_as_printed;dosm_printed_2020_reporting_frame;religion_universe_differs_from_printed_population_total","Islam=84571;Christianity=175;Buddhism=4250;Hinduism=1524;Others=158;No Religion/Unknown=78"
"MY","my-osm-adm2-2020-derived","administrative_district","MY-DIST-059","MY-DOSM-kuala-krai","Kuala Krai",2000,91771,"Agama/ Religion",91771,0,91747,99.9738479476087,24,0.0261520523912783,,,,,,,"my-dosm-census-religion-1991-2020","no_religion_line_fused_with_unknown_as_printed;dosm_printed_2020_reporting_frame","Islam=86917;Christianity=128;Buddhism=3604;Hinduism=1003;Others=95;No Religion/Unknown=24"
"MY","my-osm-adm2-2020-derived","administrative_district","MY-DIST-059","MY-DOSM-kuala-krai","Kuala Krai",2010,104234,"Agama/ Religion",104234,0,104193,99.9606654258687,41,0.0393345741312815,,,,,,,"my-dosm-census-religion-1991-2020","no_religion_line_fused_with_unknown_as_printed;dosm_printed_2020_reporting_frame","Islam=99073;Christianity=122;Buddhism=4106;Hinduism=857;Others=35;No Religion/Unknown=41"
"MY","my-osm-adm2-2020-derived","administrative_district","MY-DIST-059","MY-DOSM-kuala-krai","Kuala Krai",2020,105007,"Agama/ Religion",105007,0,104433,99.4533697753483,574,0.54663022465169,,,,,,,"my-dosm-census-religion-1991-2020","no_religion_line_fused_with_unknown_as_printed;dosm_printed_2020_reporting_frame","Islam=99601;Christianity=275;Buddhism=3562;Hinduism=922;Others=73;No Religion/Unknown=574"
"MY","my-osm-adm2-2020-derived","administrative_district","MY-DIST-060","MY-DOSM-kuala-langat","Kuala Langat",1991,130021,"Agama/ Religion",130090,-69,128700,98.9840102752632,1321,1.01598972473677,,,,,,,"my-dosm-census-religion-1991-2020","no_religion_line_fused_with_unknown_as_printed;dosm_printed_2020_reporting_frame;religion_universe_differs_from_printed_population_total","Islam=70985;Christianity=1399;Buddhism=20011;Hinduism=25616;Others=10689;No Religion/Unknown=1321"
"MY","my-osm-adm2-2020-derived","administrative_district","MY-DIST-060","MY-DOSM-kuala-langat","Kuala Langat",2000,192176,"Agama/ Religion",192176,0,190849,99.3094871367913,1327,0.690512863208725,,,,,,,"my-dosm-census-religion-1991-2020","no_religion_line_fused_with_unknown_as_printed;dosm_printed_2020_reporting_frame","Islam=110854;Christianity=2201;Buddhism=29778;Hinduism=36143;Others=11873;No Religion/Unknown=1327"
"MY","my-osm-adm2-2020-derived","administrative_district","MY-DIST-060","MY-DOSM-kuala-langat","Kuala Langat",2010,220214,"Agama/ Religion",220214,0,216325,98.2339905728064,3889,1.76600942719355,,,,,,,"my-dosm-census-religion-1991-2020","no_religion_line_fused_with_unknown_as_printed;dosm_printed_2020_reporting_frame","Islam=141897;Christianity=2546;Buddhism=38014;Hinduism=32024;Others=1844;No Religion/Unknown=3889"
"MY","my-osm-adm2-2020-derived","administrative_district","MY-DIST-060","MY-DOSM-kuala-langat","Kuala Langat",2020,307449,"Agama/ Religion",307449,0,303362,98.6706738353353,4087,1.32932616466471,,,,,,,"my-dosm-census-religion-1991-2020","no_religion_line_fused_with_unknown_as_printed;dosm_printed_2020_reporting_frame","Islam=210834;Christianity=5316;Buddhism=47634;Hinduism=31983;Others=7595;No Religion/Unknown=4087"
"MY","my-osm-adm2-2020-derived","administrative_district","MY-DIST-061","MY-DOSM-kuala-muda","Kuala Muda",1991,254245,"Agama/ Religion",254372,-127,253755,99.8072725127338,490,0.19272748726622,,,,,,,"my-dosm-census-religion-1991-2020","no_religion_line_fused_with_unknown_as_printed;dosm_printed_2020_reporting_frame;religion_universe_differs_from_printed_population_total","Islam=154357;Christianity=3691;Buddhism=37340;Hinduism=36545;Others=21822;No Religion/Unknown=490"
"MY","my-osm-adm2-2020-derived","administrative_district","MY-DIST-061","MY-DOSM-kuala-muda","Kuala Muda",2000,339898,"Agama/ Religion",339898,0,339018,99.7410988002283,880,0.258901199771696,,,,,,,"my-dosm-census-religion-1991-2020","no_religion_line_fused_with_unknown_as_printed;dosm_printed_2020_reporting_frame","Islam=219731;Christianity=4429;Buddhism=55863;Hinduism=44813;Others=14182;No Religion/Unknown=880"
"MY","my-osm-adm2-2020-derived","administrative_district","MY-DIST-061","MY-DOSM-kuala-muda","Kuala Muda",2010,443488,"Agama/ Religion",443488,0,440965,99.4311007287683,2523,0.568899271231691,,,,,,,"my-dosm-census-religion-1991-2020","no_religion_line_fused_with_unknown_as_printed;dosm_printed_2020_reporting_frame","Islam=291946;Christianity=5752;Buddhism=83214;Hinduism=56971;Others=3082;No Religion/Unknown=2523"
"MY","my-osm-adm2-2020-derived","administrative_district","MY-DIST-061","MY-DOSM-kuala-muda","Kuala Muda",2020,544984,"Agama/ Religion",544984,0,525503,96.4253996447602,19481,3.57460035523979,,,,,,,"my-dosm-census-religion-1991-2020","no_religion_line_fused_with_unknown_as_printed;dosm_printed_2020_reporting_frame","Islam=376394;Christianity=5990;Buddhism=81498;Hinduism=57755;Others=3866;No Religion/Unknown=19481"
"MY","my-osm-adm2-2020-derived","administrative_district","MY-DIST-062","MY-DOSM-kuala-nerus","Kuala Nerus",1991,,"Agama/ Religion",,,,,,,,,,,,,"my-dosm-census-religion-1991-2020","no_religion_line_fused_with_unknown_as_printed;dosm_printed_2020_reporting_frame;source_cell_unavailable_as_printed",
"MY","my-osm-adm2-2020-derived","administrative_district","MY-DIST-062","MY-DOSM-kuala-nerus","Kuala Nerus",2000,,"Agama/ Religion",,,,,,,,,,,,,"my-dosm-census-religion-1991-2020","no_religion_line_fused_with_unknown_as_printed;dosm_printed_2020_reporting_frame;source_cell_unavailable_as_printed",
"MY","my-osm-adm2-2020-derived","administrative_district","MY-DIST-062","MY-DOSM-kuala-nerus","Kuala Nerus",2010,,"Agama/ Religion",,,,,,,,,,,,,"my-dosm-census-religion-1991-2020","no_religion_line_fused_with_unknown_as_printed;dosm_printed_2020_reporting_frame;source_cell_unavailable_as_printed",
"MY","my-osm-adm2-2020-derived","administrative_district","MY-DIST-062","MY-DOSM-kuala-nerus","Kuala Nerus",2020,145642,"Agama/ Religion",145642,0,145513,99.9114266489062,129,0.0885733510937779,,,,,,,"my-dosm-census-religion-1991-2020","no_religion_line_fused_with_unknown_as_printed;dosm_printed_2020_reporting_frame","Islam=142898;Christianity=347;Buddhism=1692;Hinduism=511;Others=65;No Religion/Unknown=129"
"MY","my-osm-adm2-2020-derived","administrative_district","MY-DIST-063","MY-DOSM-kuala-penyu","Kuala Penyu",1991,14264,"Agama/ Religion",14271,-7,13973,97.9598990465508,291,2.04010095344924,,,,,,,"my-dosm-census-religion-1991-2020","no_religion_line_fused_with_unknown_as_printed;dosm_printed_2020_reporting_frame;religion_universe_differs_from_printed_population_total","Islam=8452;Christianity=3129;Buddhism=1352;Hinduism=10;Others=1030;No Religion/Unknown=291"
"MY","my-osm-adm2-2020-derived","administrative_district","MY-DIST-063","MY-DOSM-kuala-penyu","Kuala Penyu",2000,16558,"Agama/ Religion",16558,0,16360,98.8042034062085,198,1.19579659379152,,,,,,,"my-dosm-census-religion-1991-2020","no_religion_line_fused_with_unknown_as_printed;dosm_printed_2020_reporting_frame","Islam=10219;Christianity=4281;Buddhism=1268;Hinduism=6;Others=586;No Religion/Unknown=198"
"MY","my-osm-adm2-2020-derived","administrative_district","MY-DIST-063","MY-DOSM-kuala-penyu","Kuala Penyu",2010,18958,"Agama/ Religion",18958,0,18817,99.2562506593522,141,0.743749340647748,,,,,,,"my-dosm-census-religion-1991-2020","no_religion_line_fused_with_unknown_as_printed;dosm_printed_2020_reporting_frame","Islam=12276;Christianity=5188;Buddhism=1259;Hinduism=12;Others=82;No Religion/Unknown=141"
"MY","my-osm-adm2-2020-derived","administrative_district","MY-DIST-063","MY-DOSM-kuala-penyu","Kuala Penyu",2020,23710,"Agama/ Religion",23710,0,23700,99.9578237030789,10,0.0421762969211303,,,,,,,"my-dosm-census-religion-1991-2020","no_religion_line_fused_with_unknown_as_printed;dosm_printed_2020_reporting_frame","Islam=15256;Christianity=7937;Buddhism=492;Hinduism=6;Others=9;No Religion/Unknown=10"
"MY","my-osm-adm2-2020-derived","administrative_district","MY-DIST-064","MY-DOSM-kuala-pilah","Kuala Pilah",1991,68164,"Agama/ Religion",68180,-16,67862,99.5569508831641,302,0.443049116835866,,,,,,,"my-dosm-census-religion-1991-2020","no_religion_line_fused_with_unknown_as_printed;dosm_printed_2020_reporting_frame;religion_universe_differs_from_printed_population_total","Islam=49372;Christianity=464;Buddhism=9524;Hinduism=5300;Others=3202;No Religion/Unknown=302"
"MY","my-osm-adm2-2020-derived","administrative_district","MY-DIST-064","MY-DOSM-kuala-pilah","Kuala Pilah",2000,63541,"Agama/ Religion",63541,0,63101,99.3075337183866,440,0.692466281613446,,,,,,,"my-dosm-census-religion-1991-2020","no_religion_line_fused_with_unknown_as_printed;dosm_printed_2020_reporting_frame","Islam=48964;Christianity=366;Buddhism=8428;Hinduism=3548;Others=1795;No Religion/Unknown=440"
"MY","my-osm-adm2-2020-derived","administrative_district","MY-DIST-064","MY-DOSM-kuala-pilah","Kuala Pilah",2010,63874,"Agama/ Religion",63874,0,62536,97.9052509628331,1338,2.09474903716692,,,,,,,"my-dosm-census-religion-1991-2020","no_religion_line_fused_with_unknown_as_printed;dosm_printed_2020_reporting_frame","Islam=49820;Christianity=291;Buddhism=8629;Hinduism=3629;Others=167;No Religion/Unknown=1338"
"MY","my-osm-adm2-2020-derived","administrative_district","MY-DIST-064","MY-DOSM-kuala-pilah","Kuala Pilah",2020,70331,"Agama/ Religion",70331,0,69511,98.8340845430891,820,1.16591545691089,,,,,,,"my-dosm-census-religion-1991-2020","no_religion_line_fused_with_unknown_as_printed;dosm_printed_2020_reporting_frame","Islam=55825;Christianity=515;Buddhism=9032;Hinduism=3610;Others=529;No Religion/Unknown=820"
"MY","my-osm-adm2-2020-derived","administrative_district","MY-DIST-065","MY-DOSM-kuala-selangor","Kuala Selangor",1991,122957,"Agama/ Religion",123052,-95,122767,99.8454744341518,190,0.154525565848223,,,,,,,"my-dosm-census-religion-1991-2020","no_religion_line_fused_with_unknown_as_printed;dosm_printed_2020_reporting_frame;religion_universe_differs_from_printed_population_total","Islam=78190;Christianity=1519;Buddhism=21100;Hinduism=17967;Others=3991;No Religion/Unknown=190"
"MY","my-osm-adm2-2020-derived","administrative_district","MY-DIST-065","MY-DOSM-kuala-selangor","Kuala Selangor",2000,161168,"Agama/ Religion",161168,0,161006,99.89948376849,162,0.100516231509977,,,,,,,"my-dosm-census-religion-1991-2020","no_religion_line_fused_with_unknown_as_printed;dosm_printed_2020_reporting_frame","Islam=108859;Christianity=1655;Buddhism=27650;Hinduism=17312;Others=5530;No Religion/Unknown=162"
"MY","my-osm-adm2-2020-derived","administrative_district","MY-DIST-065","MY-DOSM-kuala-selangor","Kuala Selangor",2010,205257,"Agama/ Religion",205257,0,204596,99.6779646979153,661,0.322035302084704,,,,,,,"my-dosm-census-religion-1991-2020","no_religion_line_fused_with_unknown_as_printed;dosm_printed_2020_reporting_frame","Islam=154010;Christianity=1982;Buddhism=17952;Hinduism=29775;Others=877;No Religion/Unknown=661"
"MY","my-osm-adm2-2020-derived","administrative_district","MY-DIST-065","MY-DOSM-kuala-selangor","Kuala Selangor",2020,281711,"Agama/ Religion",281711,0,280181,99.4568902172794,1530,0.54310978272059,,,,,,,"my-dosm-census-religion-1991-2020","no_religion_line_fused_with_unknown_as_printed;dosm_printed_2020_reporting_frame","Islam=229543;Christianity=2960;Buddhism=20938;Hinduism=25844;Others=896;No Religion/Unknown=1530"
"MY","my-osm-adm2-2020-derived","administrative_district","MY-DIST-066","MY-DOSM-kuala-terengganu","Kuala Terengganu",1991,273698,"Agama/ Religion",274489,-791,273266,99.8421617987709,432,0.157838201229092,,,,,,,"my-dosm-census-religion-1991-2020","no_religion_line_fused_with_unknown_as_printed;dosm_printed_2020_reporting_frame;religion_universe_differs_from_printed_population_total","Islam=256152;Christianity=2850;Buddhism=13033;Hinduism=776;Others=455;No Religion/Unknown=432"
"MY","my-osm-adm2-2020-derived","administrative_district","MY-DIST-066","MY-DOSM-kuala-terengganu","Kuala Terengganu",2000,298304,"Agama/ Religion",298304,0,298057,99.9171985625402,247,0.0828014374597726,,,,,,,"my-dosm-census-religion-1991-2020","no_religion_line_fused_with_unknown_as_printed;dosm_printed_2020_reporting_frame","Islam=286153;Christianity=785;Buddhism=10034;Hinduism=432;Others=653;No Religion/Unknown=247"
"MY","my-osm-adm2-2020-derived","administrative_district","MY-DIST-066","MY-DOSM-kuala-terengganu","Kuala Terengganu",2010,337553,"Agama/ Religion",337553,0,337335,99.9354175492441,218,0.0645824507558813,,,,,,,"my-dosm-census-religion-1991-2020","no_religion_line_fused_with_unknown_as_printed;dosm_printed_2020_reporting_frame","Islam=324363;Christianity=1105;Buddhism=11057;Hinduism=613;Others=197;No Religion/Unknown=218"
"MY","my-osm-adm2-2020-derived","administrative_district","MY-DIST-066","MY-DOSM-kuala-terengganu","Kuala Terengganu",2020,229781,"Agama/ Religion",229781,0,229407,99.8372363250225,374,0.162763674977479,,,,,,,"my-dosm-census-religion-1991-2020","no_religion_line_fused_with_unknown_as_printed;dosm_printed_2020_reporting_frame","Islam=220678;Christianity=825;Buddhism=6988;Hinduism=814;Others=102;No Religion/Unknown=374"
"MY","my-osm-adm2-2020-derived","administrative_district","MY-DIST-067","MY-DOSM-kuantan","Kuantan",1991,253978,"Agama/ Religion",255974,-1996,251910,99.185756246604,2068,0.814243753395963,,,,,,,"my-dosm-census-religion-1991-2020","no_religion_line_fused_with_unknown_as_printed;dosm_printed_2020_reporting_frame;religion_universe_differs_from_printed_population_total","Islam=185870;Christianity=3735;Buddhism=46085;Hinduism=9098;Others=7122;No Religion/Unknown=2068"
"MY","my-osm-adm2-2020-derived","administrative_district","MY-DIST-067","MY-DOSM-kuantan","Kuantan",2000,344319,"Agama/ Religion",344319,0,342089,99.3523447733061,2230,0.647655226693851,,,,,,,"my-dosm-census-religion-1991-2020","no_religion_line_fused_with_unknown_as_printed;dosm_printed_2020_reporting_frame","Islam=259363;Christianity=5733;Buddhism=59491;Hinduism=11963;Others=5539;No Religion/Unknown=2230"
"MY","my-osm-adm2-2020-derived","administrative_district","MY-DIST-067","MY-DOSM-kuantan","Kuantan",2010,443796,"Agama/ Religion",443796,0,440270,99.2054908110934,3526,0.794509188906615,,,,,,,"my-dosm-census-religion-1991-2020","no_religion_line_fused_with_unknown_as_printed;dosm_printed_2020_reporting_frame","Islam=347961;Christianity=6301;Buddhism=72536;Hinduism=12313;Others=1159;No Religion/Unknown=3526"
"MY","my-osm-adm2-2020-derived","administrative_district","MY-DIST-067","MY-DOSM-kuantan","Kuantan",2020,548014,"Agama/ Religion",548014,0,543785,99.2283043863843,4229,0.771695613615711,,,,,,,"my-dosm-census-religion-1991-2020","no_religion_line_fused_with_unknown_as_printed;dosm_printed_2020_reporting_frame","Islam=449679;Christianity=8421;Buddhism=70498;Hinduism=13613;Others=1574;No Religion/Unknown=4229"
"MY","my-osm-adm2-2020-derived","administrative_district","MY-DIST-068","MY-DOSM-kubang-pasu","Kubang Pasu",1991,157922,"Agama/ Religion",157963,-41,157307,99.6105672420562,615,0.389432757943795,,,,,,,"my-dosm-census-religion-1991-2020","no_religion_line_fused_with_unknown_as_printed;dosm_printed_2020_reporting_frame;religion_universe_differs_from_printed_population_total","Islam=135374;Christianity=521;Buddhism=14945;Hinduism=3773;Others=2694;No Religion/Unknown=615"
"MY","my-osm-adm2-2020-derived","administrative_district","MY-DIST-068","MY-DOSM-kubang-pasu","Kubang Pasu",2000,185856,"Agama/ Religion",185856,0,185780,99.9591081267218,76,0.0408918732782369,,,,,,,"my-dosm-census-religion-1991-2020","no_religion_line_fused_with_unknown_as_printed;dosm_printed_2020_reporting_frame","Islam=162324;Christianity=1006;Buddhism=17108;Hinduism=4065;Others=1277;No Religion/Unknown=76"
"MY","my-osm-adm2-2020-derived","administrative_district","MY-DIST-068","MY-DOSM-kubang-pasu","Kubang Pasu",2010,214479,"Agama/ Religion",214479,0,214365,99.9468479431553,114,0.0531520568447261,,,,,,,"my-dosm-census-religion-1991-2020","no_religion_line_fused_with_unknown_as_printed;dosm_printed_2020_reporting_frame","Islam=188657;Christianity=1054;Buddhism=19718;Hinduism=4579;Others=357;No Religion/Unknown=114"
"MY","my-osm-adm2-2020-derived","administrative_district","MY-DIST-068","MY-DOSM-kubang-pasu","Kubang Pasu",2020,237759,"Agama/ Religion",237759,0,235237,98.9392620258329,2522,1.06073797416712,,,,,,,"my-dosm-census-religion-1991-2020","no_religion_line_fused_with_unknown_as_printed;dosm_printed_2020_reporting_frame","Islam=212015;Christianity=1885;Buddhism=16649;Hinduism=4488;Others=200;No Religion/Unknown=2522"
"MY","my-osm-adm2-2020-derived","administrative_district","MY-DIST-069","MY-DOSM-kuching","Kuching",1991,367914,"Agama/ Religion",369200,-1286,353890,96.18823964296,14024,3.81176035703996,,,,,,,"my-dosm-census-religion-1991-2020","no_religion_line_fused_with_unknown_as_printed;dosm_printed_2020_reporting_frame;religion_universe_differs_from_printed_population_total","Islam=136170;Christianity=98385;Buddhism=77871;Hinduism=1515;Others=39949;No Religion/Unknown=14024"
"MY","my-osm-adm2-2020-derived","administrative_district","MY-DIST-069","MY-DOSM-kuching","Kuching",2000,494109,"Agama/ Religion",494109,0,480095,97.1637836995481,14014,2.83621630045192,,,,,,,"my-dosm-census-religion-1991-2020","no_religion_line_fused_with_unknown_as_printed;dosm_printed_2020_reporting_frame","Islam=195396;Christianity=149116;Buddhism=105843;Hinduism=1777;Others=27963;No Religion/Unknown=14014"
"MY","my-osm-adm2-2020-derived","administrative_district","MY-DIST-069","MY-DOSM-kuching","Kuching",2010,598617,"Agama/ Religion",598617,0,591167,98.7554646794194,7450,1.2445353205806,,,,,,,"my-dosm-census-religion-1991-2020","no_religion_line_fused_with_unknown_as_printed;dosm_printed_2020_reporting_frame","Islam=228007;Christianity=150610;Buddhism=174184;Hinduism=1792;Others=36574;No Religion/Unknown=7450"
"MY","my-osm-adm2-2020-derived","administrative_district","MY-DIST-069","MY-DOSM-kuching","Kuching",2020,609205,"Agama/ Religion",609205,0,600693,98.6027691827874,8512,1.3972308172126,,,,,,,"my-dosm-census-religion-1991-2020","no_religion_line_fused_with_unknown_as_printed;dosm_printed_2020_reporting_frame","Islam=247593;Christianity=199223;Buddhism=149807;Hinduism=1644;Others=2426;No Religion/Unknown=8512"
"MY","my-osm-adm2-2020-derived","administrative_district","MY-DIST-070","MY-DOSM-kudat","Kudat",1991,55957,"Agama/ Religion",56047,-90,54312,97.0602426863484,1645,2.93975731365155,,,,,,,"my-dosm-census-religion-1991-2020","no_religion_line_fused_with_unknown_as_printed;dosm_printed_2020_reporting_frame;religion_universe_differs_from_printed_population_total","Islam=26675;Christianity=24288;Buddhism=2234;Hinduism=38;Others=1077;No Religion/Unknown=1645"
"MY","my-osm-adm2-2020-derived","administrative_district","MY-DIST-070","MY-DOSM-kudat","Kudat",2000,70276,"Agama/ Religion",70276,0,69033,98.231259604986,1243,1.76874039501395,,,,,,,"my-dosm-census-religion-1991-2020","no_religion_line_fused_with_unknown_as_printed;dosm_printed_2020_reporting_frame","Islam=36352;Christianity=29734;Buddhism=2036;Hinduism=31;Others=880;No Religion/Unknown=1243"
"MY","my-osm-adm2-2020-derived","administrative_district","MY-DIST-070","MY-DOSM-kudat","Kudat",2010,83140,"Agama/ Religion",83140,0,80558,96.8943949963916,2582,3.10560500360837,,,,,,,"my-dosm-census-religion-1991-2020","no_religion_line_fused_with_unknown_as_printed;dosm_printed_2020_reporting_frame","Islam=45185;Christianity=33725;Buddhism=1522;Hinduism=19;Others=107;No Religion/Unknown=2582"
"MY","my-osm-adm2-2020-derived","administrative_district","MY-DIST-070","MY-DOSM-kudat","Kudat",2020,86410,"Agama/ Religion",86410,0,85987,99.5104733248467,423,0.489526675153339,,,,,,,"my-dosm-census-religion-1991-2020","no_religion_line_fused_with_unknown_as_printed;dosm_printed_2020_reporting_frame","Islam=50087;Christianity=32042;Buddhism=3605;Hinduism=93;Others=160;No Religion/Unknown=423"
"MY","my-osm-adm2-2020-derived","administrative_district","MY-DIST-071","MY-DOSM-kulai","Kulai",1991,,"Agama/ Religion",,,,,,,,,,,,,"my-dosm-census-religion-1991-2020","no_religion_line_fused_with_unknown_as_printed;dosm_printed_2020_reporting_frame;source_cell_unavailable_as_printed",
"MY","my-osm-adm2-2020-derived","administrative_district","MY-DIST-071","MY-DOSM-kulai","Kulai",2000,,"Agama/ Religion",,,,,,,,,,,,,"my-dosm-census-religion-1991-2020","no_religion_line_fused_with_unknown_as_printed;dosm_printed_2020_reporting_frame;source_cell_unavailable_as_printed",
"MY","my-osm-adm2-2020-derived","administrative_district","MY-DIST-071","MY-DOSM-kulai","Kulai",2010,245294,"Agama/ Religion",245294,0,240875,98.1984883445987,4419,1.80151165540127,,,,,,,"my-dosm-census-religion-1991-2020","no_religion_line_fused_with_unknown_as_printed;dosm_printed_2020_reporting_frame","Islam=124762;Christianity=24998;Buddhism=64793;Hinduism=24446;Others=1876;No Religion/Unknown=4419"
"MY","my-osm-adm2-2020-derived","administrative_district","MY-DIST-071","MY-DOSM-kulai","Kulai",2020,329497,"Agama/ Religion",329497,0,324879,98.5984697887993,4618,1.40153021120071,,,,,,,"my-dosm-census-religion-1991-2020","no_religion_line_fused_with_unknown_as_printed;dosm_printed_2020_reporting_frame","Islam=181646;Christianity=9741;Buddhism=91809;Hinduism=37923;Others=3760;No Religion/Unknown=4618"
"MY","my-osm-adm2-2020-derived","administrative_district","MY-DIST-072","MY-DOSM-kulim","Kulim",1991,128323,"Agama/ Religion",128356,-33,128147,99.8628460992963,176,0.137153900703693,,,,,,,"my-dosm-census-religion-1991-2020","no_religion_line_fused_with_unknown_as_printed;dosm_printed_2020_reporting_frame;religion_universe_differs_from_printed_population_total","Islam=75273;Christianity=2144;Buddhism=19269;Hinduism=24043;Others=7418;No Religion/Unknown=176"
"MY","my-osm-adm2-2020-derived","administrative_district","MY-DIST-072","MY-DOSM-kulim","Kulim",2000,190952,"Agama/ Religion",190952,0,190737,99.8874062591646,215,0.112593740835393,,,,,,,"my-dosm-census-religion-1991-2020","no_religion_line_fused_with_unknown_as_printed;dosm_printed_2020_reporting_frame","Islam=118051;Christianity=3108;Buddhism=29848;Hinduism=33973;Others=5757;No Religion/Unknown=215"
"MY","my-osm-adm2-2020-derived","administrative_district","MY-DIST-072","MY-DOSM-kulim","Kulim",2010,281260,"Agama/ Religion",281260,0,277697,98.7332005973121,3563,1.2667994026879,,,,,,,"my-dosm-census-religion-1991-2020","no_religion_line_fused_with_unknown_as_printed;dosm_printed_2020_reporting_frame","Islam=177623;Christianity=4315;Buddhism=44737;Hinduism=48335;Others=2687;No Religion/Unknown=3563"
"MY","my-osm-adm2-2020-derived","administrative_district","MY-DIST-072","MY-DOSM-kulim","Kulim",2020,337699,"Agama/ Religion",337699,0,329862,97.6792942827785,7837,2.32070571722155,,,,,,,"my-dosm-census-religion-1991-2020","no_religion_line_fused_with_unknown_as_printed;dosm_printed_2020_reporting_frame","Islam=230686;Christianity=3810;Buddhism=46281;Hinduism=46502;Others=2583;No Religion/Unknown=7837"
"MY","my-osm-adm2-2020-derived","administrative_district","MY-DIST-073","MY-DOSM-kunak","Kunak",1991,39873,"Agama/ Religion",39873,0,39849,99.939808893236,24,0.0601911067639756,,,,,,,"my-dosm-census-religion-1991-2020","no_religion_line_fused_with_unknown_as_printed;dosm_printed_2020_reporting_frame","Islam=36213;Christianity=3076;Buddhism=433;Hinduism=61;Others=66;No Religion/Unknown=24"
"MY","my-osm-adm2-2020-derived","administrative_district","MY-DIST-073","MY-DOSM-kunak","Kunak",2000,48591,"Agama/ Religion",48591,0,48576,99.9691300858184,15,0.0308699141816386,,,,,,,"my-dosm-census-religion-1991-2020","no_religion_line_fused_with_unknown_as_printed;dosm_printed_2020_reporting_frame","Islam=44799;Christianity=3382;Buddhism=275;Hinduism=40;Others=80;No Religion/Unknown=15"
"MY","my-osm-adm2-2020-derived","administrative_district","MY-DIST-073","MY-DOSM-kunak","Kunak",2010,61094,"Agama/ Religion",61094,0,60990,99.8297705175631,104,0.1702294824369,,,,,,,"my-dosm-census-religion-1991-2020","no_religion_line_fused_with_unknown_as_printed;dosm_printed_2020_reporting_frame","Islam=56534;Christianity=4236;Buddhism=170;Hinduism=36;Others=14;No Religion/Unknown=104"
"MY","my-osm-adm2-2020-derived","administrative_district","MY-DIST-073","MY-DOSM-kunak","Kunak",2020,68893,"Agama/ Religion",68893,0,68889,99.9941938948805,4,0.00580610511953319,,,,,,,"my-dosm-census-religion-1991-2020","no_religion_line_fused_with_unknown_as_printed;dosm_printed_2020_reporting_frame","Islam=66126;Christianity=2350;Buddhism=350;Hinduism=33;Others=30;No Religion/Unknown=4"
"MY","my-osm-adm2-2020-derived","administrative_district","MY-DIST-074","MY-DOSM-lahad-datu","Lahad Datu",1991,117877,"Agama/ Religion",118096,-219,117303,99.5130517403734,574,0.48694825962656,,,,,,,"my-dosm-census-religion-1991-2020","no_religion_line_fused_with_unknown_as_printed;dosm_printed_2020_reporting_frame;religion_universe_differs_from_printed_population_total","Islam=94591;Christianity=16179;Buddhism=4910;Hinduism=223;Others=1400;No Religion/Unknown=574"
"MY","my-osm-adm2-2020-derived","administrative_district","MY-DIST-074","MY-DOSM-lahad-datu","Lahad Datu",2000,156297,"Agama/ Religion",156297,0,155859,99.7197642949001,438,0.280235705099906,,,,,,,"my-dosm-census-religion-1991-2020","no_religion_line_fused_with_unknown_as_printed;dosm_printed_2020_reporting_frame","Islam=127755;Christianity=20379;Buddhism=6971;Hinduism=219;Others=535;No Religion/Unknown=438"
"MY","my-osm-adm2-2020-derived","administrative_district","MY-DIST-074","MY-DOSM-lahad-datu","Lahad Datu",2010,199830,"Agama/ Religion",199830,0,195365,97.7656007606465,4465,2.23439923935345,,,,,,,"my-dosm-census-religion-1991-2020","no_religion_line_fused_with_unknown_as_printed;dosm_printed_2020_reporting_frame","Islam=162480;Christianity=24419;Buddhism=8095;Hinduism=150;Others=221;No Religion/Unknown=4465"
"MY","my-osm-adm2-2020-derived","administrative_district","MY-DIST-074","MY-DOSM-lahad-datu","Lahad Datu",2020,229138,"Agama/ Religion",229138,0,228595,99.7630249020241,543,0.236975097975892,,,,,,,"my-dosm-census-religion-1991-2020","no_religion_line_fused_with_unknown_as_printed;dosm_printed_2020_reporting_frame","Islam=202382;Christianity=18379;Buddhism=7471;Hinduism=202;Others=161;No Religion/Unknown=543"
"MY","my-osm-adm2-2020-derived","administrative_district","MY-DIST-075","MY-DOSM-langkawi","Langkawi",1991,42165,"Agama/ Religion",42938,-773,42113,99.87667496739,52,0.123325032609985,,,,,,,"my-dosm-census-religion-1991-2020","no_religion_line_fused_with_unknown_as_printed;dosm_printed_2020_reporting_frame;religion_universe_differs_from_printed_population_total","Islam=38413;Christianity=201;Buddhism=2223;Hinduism=883;Others=393;No Religion/Unknown=52"
"MY","my-osm-adm2-2020-derived","administrative_district","MY-DIST-075","MY-DOSM-langkawi","Langkawi",2000,69681,"Agama/ Religion",69681,0,69609,99.896671976579,72,0.103328023421019,,,,,,,"my-dosm-census-religion-1991-2020","no_religion_line_fused_with_unknown_as_printed;dosm_printed_2020_reporting_frame","Islam=63525;Christianity=526;Buddhism=3924;Hinduism=1345;Others=289;No Religion/Unknown=72"
"MY","my-osm-adm2-2020-derived","administrative_district","MY-DIST-075","MY-DOSM-langkawi","Langkawi",2010,92784,"Agama/ Religion",92784,0,86989,93.7543110881186,5795,6.24568891188136,,,,,,,"my-dosm-census-religion-1991-2020","no_religion_line_fused_with_unknown_as_printed;dosm_printed_2020_reporting_frame","Islam=79908;Christianity=673;Buddhism=4714;Hinduism=1628;Others=66;No Religion/Unknown=5795"
"MY","my-osm-adm2-2020-derived","administrative_district","MY-DIST-075","MY-DOSM-langkawi","Langkawi",2020,94138,"Agama/ Religion",94138,0,92588,98.3534810597208,1550,1.64651894027916,,,,,,,"my-dosm-census-religion-1991-2020","no_religion_line_fused_with_unknown_as_printed;dosm_printed_2020_reporting_frame","Islam=85490;Christianity=940;Buddhism=4523;Hinduism=1579;Others=56;No Religion/Unknown=1550"
"MY","my-osm-adm2-2020-derived","administrative_district","MY-DIST-076","MY-DOSM-larut-dan-matang","Larut dan Matang",1991,270386,"Agama/ Religion",271882,-1496,269466,99.6597456968926,920,0.340254303107409,,,,,,,"my-dosm-census-religion-1991-2020","no_religion_line_fused_with_unknown_as_printed;dosm_printed_2020_reporting_frame;religion_universe_differs_from_printed_population_total","Islam=159533;Christianity=5479;Buddhism=51195;Hinduism=26859;Others=26400;No Religion/Unknown=920"
"MY","my-osm-adm2-2020-derived","administrative_district","MY-DIST-076","MY-DOSM-larut-dan-matang","Larut dan Matang",2000,273641,"Agama/ Religion",273641,0,273160,99.8242222473971,481,0.175777752602863,,,,,,,"my-dosm-census-religion-1991-2020","no_religion_line_fused_with_unknown_as_printed;dosm_printed_2020_reporting_frame","Islam=173097;Christianity=5142;Buddhism=53188;Hinduism=26844;Others=14889;No Religion/Unknown=481"
"MY","my-osm-adm2-2020-derived","administrative_district","MY-DIST-076","MY-DOSM-larut-dan-matang","Larut dan Matang",2010,326476,"Agama/ Religion",326476,0,325238,99.6207990786459,1238,0.379200921354096,,,,,,,"my-dosm-census-religion-1991-2020","no_religion_line_fused_with_unknown_as_printed;dosm_printed_2020_reporting_frame","Islam=203049;Christianity=4705;Buddhism=81247;Hinduism=32416;Others=3821;No Religion/Unknown=1238"
"MY","my-osm-adm2-2020-derived","administrative_district","MY-DIST-076","MY-DOSM-larut-dan-matang","Larut dan Matang",2020,269584,"Agama/ Religion",269584,0,262863,97.5068995192593,6721,2.4931004807407,,,,,,,"my-dosm-census-religion-1991-2020","no_religion_line_fused_with_unknown_as_printed;dosm_printed_2020_reporting_frame","Islam=173751;Christianity=4475;Buddhism=58345;Hinduism=23456;Others=2836;No Religion/Unknown=6721"
"MY","my-osm-adm2-2020-derived","administrative_district","MY-DIST-077","MY-DOSM-lawas","Lawas",1991,29143,"Agama/ Religion",29276,-133,28923,99.2451017396974,220,0.754898260302646,,,,,,,"my-dosm-census-religion-1991-2020","no_religion_line_fused_with_unknown_as_printed;dosm_printed_2020_reporting_frame;religion_universe_differs_from_printed_population_total","Islam=12514;Christianity=14233;Buddhism=1498;Hinduism=13;Others=665;No Religion/Unknown=220"
"MY","my-osm-adm2-2020-derived","administrative_district","MY-DIST-077","MY-DOSM-lawas","Lawas",2000,32726,"Agama/ Religion",32726,0,32543,99.4408115871173,183,0.559188412882723,,,,,,,"my-dosm-census-religion-1991-2020","no_religion_line_fused_with_unknown_as_printed;dosm_printed_2020_reporting_frame","Islam=15311;Christianity=15196;Buddhism=1897;Hinduism=3;Others=136;No Religion/Unknown=183"
"MY","my-osm-adm2-2020-derived","administrative_district","MY-DIST-077","MY-DOSM-lawas","Lawas",2010,37212,"Agama/ Religion",37212,0,32731,87.958185531549,4481,12.041814468451,,,,,,,"my-dosm-census-religion-1991-2020","no_religion_line_fused_with_unknown_as_printed;dosm_printed_2020_reporting_frame","Islam=18343;Christianity=14244;Buddhism=58;Hinduism=60;Others=26;No Religion/Unknown=4481"
"MY","my-osm-adm2-2020-derived","administrative_district","MY-DIST-077","MY-DOSM-lawas","Lawas",2020,36604,"Agama/ Religion",36604,0,36586,99.950825046443,18,0.0491749535569883,,,,,,,"my-dosm-census-religion-1991-2020","no_religion_line_fused_with_unknown_as_printed;dosm_printed_2020_reporting_frame","Islam=19773;Christianity=15389;Buddhism=1379;Hinduism=21;Others=24;No Religion/Unknown=18"
"MY","my-osm-adm2-2020-derived","administrative_district","MY-DIST-078","MY-DOSM-limbang","Limbang",1991,33624,"Agama/ Religion",33899,-275,31379,93.3232215084464,2245,6.67677849155365,,,,,,,"my-dosm-census-religion-1991-2020","no_religion_line_fused_with_unknown_as_printed;dosm_printed_2020_reporting_frame;religion_universe_differs_from_printed_population_total","Islam=13135;Christianity=13139;Buddhism=2120;Hinduism=21;Others=2964;No Religion/Unknown=2245"
"MY","my-osm-adm2-2020-derived","administrative_district","MY-DIST-078","MY-DOSM-limbang","Limbang",2000,39817,"Agama/ Religion",39817,0,39116,98.2394454629932,701,1.76055453700681,,,,,,,"my-dosm-census-religion-1991-2020","no_religion_line_fused_with_unknown_as_printed;dosm_printed_2020_reporting_frame","Islam=15684;Christianity=17890;Buddhism=3046;Hinduism=13;Others=2483;No Religion/Unknown=701"
"MY","my-osm-adm2-2020-derived","administrative_district","MY-DIST-078","MY-DOSM-limbang","Limbang",2010,46980,"Agama/ Religion",46980,0,44106,93.882503192848,2874,6.11749680715198,,,,,,,"my-dosm-census-religion-1991-2020","no_religion_line_fused_with_unknown_as_printed;dosm_printed_2020_reporting_frame","Islam=18975;Christianity=19963;Buddhism=181;Hinduism=36;Others=4951;No Religion/Unknown=2874"
"MY","my-osm-adm2-2020-derived","administrative_district","MY-DIST-078","MY-DOSM-limbang","Limbang",2020,45061,"Agama/ Religion",45061,0,44716,99.234371185726,345,0.765628814273984,,,,,,,"my-dosm-census-religion-1991-2020","no_religion_line_fused_with_unknown_as_printed;dosm_printed_2020_reporting_frame","Islam=20256;Christianity=21041;Buddhism=3024;Hinduism=21;Others=374;No Religion/Unknown=345"
"MY","my-osm-adm2-2020-derived","administrative_district","MY-DIST-079","MY-DOSM-lipis","Lipis",1991,68171,"Agama/ Religion",68276,-105,67487,98.9966408003403,684,1.00335919965968,,,,,,,"my-dosm-census-religion-1991-2020","no_religion_line_fused_with_unknown_as_printed;dosm_printed_2020_reporting_frame;religion_universe_differs_from_printed_population_total","Islam=50152;Christianity=688;Buddhism=5806;Hinduism=3762;Others=7079;No Religion/Unknown=684"
"MY","my-osm-adm2-2020-derived","administrative_district","MY-DIST-079","MY-DOSM-lipis","Lipis",2000,73557,"Agama/ Religion",73557,0,73262,99.5989504737822,295,0.401049526217763,,,,,,,"my-dosm-census-religion-1991-2020","no_religion_line_fused_with_unknown_as_printed;dosm_printed_2020_reporting_frame","Islam=55936;Christianity=418;Buddhism=6404;Hinduism=3088;Others=7416;No Religion/Unknown=295"
"MY","my-osm-adm2-2020-derived","administrative_district","MY-DIST-079","MY-DOSM-lipis","Lipis",2010,86484,"Agama/ Religion",86484,0,79681,92.1338050968965,6803,7.86619490310346,,,,,,,"my-dosm-census-religion-1991-2020","no_religion_line_fused_with_unknown_as_printed;dosm_printed_2020_reporting_frame","Islam=64322;Christianity=3760;Buddhism=7332;Hinduism=2848;Others=1419;No Religion/Unknown=6803"
"MY","my-osm-adm2-2020-derived","administrative_district","MY-DIST-079","MY-DOSM-lipis","Lipis",2020,96620,"Agama/ Religion",96620,0,88409,91.501759470089,8211,8.49824052991099,,,,,,,"my-dosm-census-religion-1991-2020","no_religion_line_fused_with_unknown_as_printed;dosm_printed_2020_reporting_frame","Islam=71797;Christianity=4114;Buddhism=7014;Hinduism=3321;Others=2163;No Religion/Unknown=8211"
"MY","my-osm-adm2-2020-derived","administrative_district","MY-DIST-080","MY-DOSM-lubok-antu","Lubok Antu",1991,22205,"Agama/ Religion",22234,-29,20346,91.6280117090745,1859,8.37198829092547,,,,,,,"my-dosm-census-religion-1991-2020","no_religion_line_fused_with_unknown_as_printed;dosm_printed_2020_reporting_frame;religion_universe_differs_from_printed_population_total","Islam=773;Christianity=10382;Buddhism=825;Hinduism=4;Others=8362;No Religion/Unknown=1859"
"MY","my-osm-adm2-2020-derived","administrative_district","MY-DIST-080","MY-DOSM-lubok-antu","Lubok Antu",2000,23255,"Agama/ Religion",23255,0,21083,90.6600731025586,2172,9.33992689744141,,,,,,,"my-dosm-census-religion-1991-2020","no_religion_line_fused_with_unknown_as_printed;dosm_printed_2020_reporting_frame","Islam=936;Christianity=16423;Buddhism=1500;Hinduism=6;Others=2218;No Religion/Unknown=2172"
"MY","my-osm-adm2-2020-derived","administrative_district","MY-DIST-080","MY-DOSM-lubok-antu","Lubok Antu",2010,27363,"Agama/ Religion",27363,0,27240,99.5504878851003,123,0.449512114899682,,,,,,,"my-dosm-census-religion-1991-2020","no_religion_line_fused_with_unknown_as_printed;dosm_printed_2020_reporting_frame","Islam=1106;Christianity=20957;Buddhism=1480;Hinduism=37;Others=3660;No Religion/Unknown=123"
"MY","my-osm-adm2-2020-derived","administrative_district","MY-DIST-080","MY-DOSM-lubok-antu","Lubok Antu",2020,24573,"Agama/ Religion",24573,0,24355,99.1128474341757,218,0.887152565824279,,,,,,,"my-dosm-census-religion-1991-2020","no_religion_line_fused_with_unknown_as_printed;dosm_printed_2020_reporting_frame","Islam=1512;Christianity=21632;Buddhism=1088;Hinduism=5;Others=118;No Religion/Unknown=218"
"MY","my-osm-adm2-2020-derived","administrative_district","MY-DIST-081","MY-DOSM-lundu","Lundu",1991,24434,"Agama/ Religion",24493,-59,23507,96.2061062453958,927,3.79389375460424,,,,,,,"my-dosm-census-religion-1991-2020","no_religion_line_fused_with_unknown_as_printed;dosm_printed_2020_reporting_frame;religion_universe_differs_from_printed_population_total","Islam=8456;Christianity=8317;Buddhism=2199;Hinduism=21;Others=4514;No Religion/Unknown=927"
"MY","my-osm-adm2-2020-derived","administrative_district","MY-DIST-081","MY-DOSM-lundu","Lundu",2000,27345,"Agama/ Religion",27345,0,26774,97.9118668860852,571,2.08813311391479,,,,,,,"my-dosm-census-religion-1991-2020","no_religion_line_fused_with_unknown_as_printed;dosm_printed_2020_reporting_frame","Islam=9849;Christianity=11617;Buddhism=2446;Hinduism=12;Others=2850;No Religion/Unknown=571"
"MY","my-osm-adm2-2020-derived","administrative_district","MY-DIST-081","MY-DOSM-lundu","Lundu",2010,32568,"Agama/ Religion",32568,0,31433,96.514984033407,1135,3.48501596659297,,,,,,,"my-dosm-census-religion-1991-2020","no_religion_line_fused_with_unknown_as_printed;dosm_printed_2020_reporting_frame","Islam=12648;Christianity=13185;Buddhism=3112;Hinduism=12;Others=2476;No Religion/Unknown=1135"
"MY","my-osm-adm2-2020-derived","administrative_district","MY-DIST-081","MY-DOSM-lundu","Lundu",2020,33479,"Agama/ Religion",33479,0,33236,99.2741718689328,243,0.725828131067236,,,,,,,"my-dosm-census-religion-1991-2020","no_religion_line_fused_with_unknown_as_printed;dosm_printed_2020_reporting_frame","Islam=13423;Christianity=16651;Buddhism=2607;Hinduism=18;Others=537;No Religion/Unknown=243"
"MY","my-osm-adm2-2020-derived","administrative_district","MY-DIST-082","MY-DOSM-machang","Machang",1991,71584,"Agama/ Religion",71584,0,71567,99.9762516763523,17,0.0237483236477425,,,,,,,"my-dosm-census-religion-1991-2020","no_religion_line_fused_with_unknown_as_printed;dosm_printed_2020_reporting_frame","Islam=68500;Christianity=60;Buddhism=2819;Hinduism=149;Others=39;No Religion/Unknown=17"
"MY","my-osm-adm2-2020-derived","administrative_district","MY-DIST-082","MY-DOSM-machang","Machang",2000,77762,"Agama/ Religion",77762,0,77749,99.9832823229855,13,0.0167176770144801,,,,,,,"my-dosm-census-religion-1991-2020","no_religion_line_fused_with_unknown_as_printed;dosm_printed_2020_reporting_frame","Islam=75035;Christianity=33;Buddhism=2501;Hinduism=127;Others=53;No Religion/Unknown=13"
"MY","my-osm-adm2-2020-derived","administrative_district","MY-DIST-082","MY-DOSM-machang","Machang",2010,89118,"Agama/ Religion",89118,0,89109,99.9899010300949,9,0.0100989699050697,,,,,,,"my-dosm-census-religion-1991-2020","no_religion_line_fused_with_unknown_as_printed;dosm_printed_2020_reporting_frame","Islam=86174;Christianity=113;Buddhism=2455;Hinduism=359;Others=8;No Religion/Unknown=9"
"MY","my-osm-adm2-2020-derived","administrative_district","MY-DIST-082","MY-DOSM-machang","Machang",2020,110008,"Agama/ Religion",110008,0,109978,99.9727292560541,30,0.0272707439458948,,,,,,,"my-dosm-census-religion-1991-2020","no_religion_line_fused_with_unknown_as_printed;dosm_printed_2020_reporting_frame","Islam=107648;Christianity=207;Buddhism=1960;Hinduism=117;Others=46;No Religion/Unknown=30"
"MY","my-osm-adm2-2020-derived","administrative_district","MY-DIST-083","MY-DOSM-manjung","Manjung",1991,167829,"Agama/ Religion",168331,-502,165884,98.8410822920949,1945,1.15891770790507,,,,,,,"my-dosm-census-religion-1991-2020","no_religion_line_fused_with_unknown_as_printed;dosm_printed_2020_reporting_frame;religion_universe_differs_from_printed_population_total","Islam=75125;Christianity=9572;Buddhism=34693;Hinduism=23990;Others=22504;No Religion/Unknown=1945"
"MY","my-osm-adm2-2020-derived","administrative_district","MY-DIST-083","MY-DOSM-manjung","Manjung",2000,191132,"Agama/ Religion",191132,0,190106,99.4631982085679,1026,0.536801791432099,,,,,,,"my-dosm-census-religion-1991-2020","no_religion_line_fused_with_unknown_as_printed;dosm_printed_2020_reporting_frame","Islam=99826;Christianity=9997;Buddhism=43935;Hinduism=25615;Others=10733;No Religion/Unknown=1026"
"MY","my-osm-adm2-2020-derived","administrative_district","MY-DIST-083","MY-DOSM-manjung","Manjung",2010,227071,"Agama/ Religion",227071,0,225426,99.2755569843793,1645,0.724443015620665,,,,,,,"my-dosm-census-religion-1991-2020","no_religion_line_fused_with_unknown_as_printed;dosm_printed_2020_reporting_frame","Islam=126343;Christianity=11484;Buddhism=56357;Hinduism=28527;Others=2715;No Religion/Unknown=1645"
"MY","my-osm-adm2-2020-derived","administrative_district","MY-DIST-083","MY-DOSM-manjung","Manjung",2020,246977,"Agama/ Religion",246977,0,238618,96.6154743154221,8359,3.38452568457792,,,,,,,"my-dosm-census-religion-1991-2020","no_religion_line_fused_with_unknown_as_printed;dosm_printed_2020_reporting_frame","Islam=138851;Christianity=10447;Buddhism=55177;Hinduism=28322;Others=5821;No Religion/Unknown=8359"
"MY","my-osm-adm2-2020-derived","administrative_district","MY-DIST-084","MY-DOSM-maradong","Maradong",1991,26908,"Agama/ Religion",26957,-49,22031,81.875278727516,4877,18.124721272484,,,,,,,"my-dosm-census-religion-1991-2020","no_religion_line_fused_with_unknown_as_printed;dosm_printed_2020_reporting_frame;religion_universe_differs_from_printed_population_total","Islam=5626;Christianity=9068;Buddhism=823;Hinduism=34;Others=6480;No Religion/Unknown=4877"
"MY","my-osm-adm2-2020-derived","administrative_district","MY-DIST-084","MY-DOSM-maradong","Maradong",2000,28942,"Agama/ Religion",28942,0,24111,83.3079953009467,4831,16.6920046990533,,,,,,,"my-dosm-census-religion-1991-2020","no_religion_line_fused_with_unknown_as_printed;dosm_printed_2020_reporting_frame","Islam=6313;Christianity=11402;Buddhism=2107;Hinduism=8;Others=4281;No Religion/Unknown=4831"
"MY","my-osm-adm2-2020-derived","administrative_district","MY-DIST-084","MY-DOSM-maradong","Maradong",2010,28713,"Agama/ Religion",28713,0,27859,97.025737470832,854,2.97426252916797,,,,,,,"my-dosm-census-religion-1991-2020","no_religion_line_fused_with_unknown_as_printed;dosm_printed_2020_reporting_frame","Islam=6290;Christianity=10841;Buddhism=3297;Hinduism=38;Others=7393;No Religion/Unknown=854"
"MY","my-osm-adm2-2020-derived","administrative_district","MY-DIST-084","MY-DOSM-maradong","Maradong",2020,20299,"Agama/ Religion",20299,0,18404,90.6645647568846,1895,9.33543524311543,,,,,,,"my-dosm-census-religion-1991-2020","no_religion_line_fused_with_unknown_as_printed;dosm_printed_2020_reporting_frame","Islam=4552;Christianity=11357;Buddhism=2282;Hinduism=2;Others=211;No Religion/Unknown=1895"
"MY","my-osm-adm2-2020-derived","administrative_district","MY-DIST-085","MY-DOSM-maran","Maran",1991,110240,"Agama/ Religion",110264,-24,110067,99.8430696661829,173,0.156930333817126,,,,,,,"my-dosm-census-religion-1991-2020","no_religion_line_fused_with_unknown_as_printed;dosm_printed_2020_reporting_frame;religion_universe_differs_from_printed_population_total","Islam=102219;Christianity=283;Buddhism=4070;Hinduism=2139;Others=1356;No Religion/Unknown=173"
"MY","my-osm-adm2-2020-derived","administrative_district","MY-DIST-085","MY-DOSM-maran","Maran",2000,112606,"Agama/ Religion",112606,0,112158,99.6021526384029,448,0.397847361597073,,,,,,,"my-dosm-census-religion-1991-2020","no_religion_line_fused_with_unknown_as_printed;dosm_printed_2020_reporting_frame","Islam=105262;Christianity=385;Buddhism=2680;Hinduism=1463;Others=2368;No Religion/Unknown=448"
"MY","my-osm-adm2-2020-derived","administrative_district","MY-DIST-085","MY-DOSM-maran","Maran",2010,111056,"Agama/ Religion",111056,0,109393,98.5025572684051,1663,1.49744273159487,,,,,,,"my-dosm-census-religion-1991-2020","no_religion_line_fused_with_unknown_as_printed;dosm_printed_2020_reporting_frame","Islam=104550;Christianity=301;Buddhism=3216;Hinduism=1184;Others=142;No Religion/Unknown=1663"
"MY","my-osm-adm2-2020-derived","administrative_district","MY-DIST-085","MY-DOSM-maran","Maran",2020,112330,"Agama/ Religion",112330,0,109838,97.7815365441111,2492,2.2184634558889,,,,,,,"my-dosm-census-religion-1991-2020","no_religion_line_fused_with_unknown_as_printed;dosm_printed_2020_reporting_frame","Islam=105100;Christianity=299;Buddhism=2884;Hinduism=1523;Others=32;No Religion/Unknown=2492"
"MY","my-osm-adm2-2020-derived","administrative_district","MY-DIST-086","MY-DOSM-marang","Marang",1991,69433,"Agama/ Religion",69637,-204,69366,99.9035040974753,67,0.0964959025247361,,,,,,,"my-dosm-census-religion-1991-2020","no_religion_line_fused_with_unknown_as_printed;dosm_printed_2020_reporting_frame;religion_universe_differs_from_printed_population_total","Islam=67334;Christianity=146;Buddhism=1670;Hinduism=88;Others=128;No Religion/Unknown=67"
"MY","my-osm-adm2-2020-derived","administrative_district","MY-DIST-086","MY-DOSM-marang","Marang",2000,83284,"Agama/ Religion",83284,0,83269,99.9819893376879,15,0.0180106623120888,,,,,,,"my-dosm-census-religion-1991-2020","no_religion_line_fused_with_unknown_as_printed;dosm_printed_2020_reporting_frame","Islam=81776;Christianity=52;Buddhism=1299;Hinduism=61;Others=81;No Religion/Unknown=15"
"MY","my-osm-adm2-2020-derived","administrative_district","MY-DIST-086","MY-DOSM-marang","Marang",2010,95283,"Agama/ Religion",95283,0,95230,99.9443762266092,53,0.0556237733908462,,,,,,,"my-dosm-census-religion-1991-2020","no_religion_line_fused_with_unknown_as_printed;dosm_printed_2020_reporting_frame","Islam=93147;Christianity=215;Buddhism=1659;Hinduism=172;Others=37;No Religion/Unknown=53"
"MY","my-osm-adm2-2020-derived","administrative_district","MY-DIST-086","MY-DOSM-marang","Marang",2020,116605,"Agama/ Religion",116605,0,116518,99.9253891342567,87,0.0746108657433215,,,,,,,"my-dosm-census-religion-1991-2020","no_religion_line_fused_with_unknown_as_printed;dosm_printed_2020_reporting_frame","Islam=114807;Christianity=312;Buddhism=1259;Hinduism=79;Others=61;No Religion/Unknown=87"
"MY","my-osm-adm2-2020-derived","administrative_district","MY-DIST-087","MY-DOSM-marudi","Marudi",1991,71545,"Agama/ Religion",71958,-413,67941,94.962610944161,3604,5.03738905583898,,,,,,,"my-dosm-census-religion-1991-2020","no_religion_line_fused_with_unknown_as_printed;dosm_printed_2020_reporting_frame;religion_universe_differs_from_printed_population_total","Islam=8068;Christianity=39810;Buddhism=2210;Hinduism=34;Others=17819;No Religion/Unknown=3604"
"MY","my-osm-adm2-2020-derived","administrative_district","MY-DIST-087","MY-DOSM-marudi","Marudi",2000,71713,"Agama/ Religion",71713,0,67626,94.3008938407262,4087,5.69910615927377,,,,,,,"my-dosm-census-religion-1991-2020","no_religion_line_fused_with_unknown_as_printed;dosm_printed_2020_reporting_frame","Islam=7192;Christianity=49597;Buddhism=3142;Hinduism=29;Others=7666;No Religion/Unknown=4087"
"MY","my-osm-adm2-2020-derived","administrative_district","MY-DIST-087","MY-DOSM-marudi","Marudi",2010,62883,"Agama/ Religion",62883,0,52832,84.0163478205556,10051,15.9836521794444,,,,,,,"my-dosm-census-religion-1991-2020","no_religion_line_fused_with_unknown_as_printed;dosm_printed_2020_reporting_frame","Islam=8397;Christianity=39156;Buddhism=110;Hinduism=43;Others=5126;No Religion/Unknown=10051"
"MY","my-osm-adm2-2020-derived","administrative_district","MY-DIST-087","MY-DOSM-marudi","Marudi",2020,18838,"Agama/ Religion",18838,0,18751,99.5381675337085,87,0.461832466291538,,,,,,,"my-dosm-census-religion-1991-2020","no_religion_line_fused_with_unknown_as_printed;dosm_printed_2020_reporting_frame","Islam=4999;Christianity=12204;Buddhism=1461;Hinduism=8;Others=79;No Religion/Unknown=87"
"MY","my-osm-adm2-2020-derived","administrative_district","MY-DIST-088","MY-DOSM-matu","Matu",1991,,"Agama/ Religion",,,,,,,,,,,,,"my-dosm-census-religion-1991-2020","no_religion_line_fused_with_unknown_as_printed;dosm_printed_2020_reporting_frame;source_cell_unavailable_as_printed",
"MY","my-osm-adm2-2020-derived","administrative_district","MY-DIST-088","MY-DOSM-matu","Matu",2000,11183,"Agama/ Religion",11183,0,10975,98.1400339801484,208,1.85996601985156,,,,,,,"my-dosm-census-religion-1991-2020","no_religion_line_fused_with_unknown_as_printed;dosm_printed_2020_reporting_frame;partial_category_null_as_printed","Islam=9530;Christianity=1076;Buddhism=359;Others=10;No Religion/Unknown=208"
"MY","my-osm-adm2-2020-derived","administrative_district","MY-DIST-088","MY-DOSM-matu","Matu",2010,16952,"Agama/ Religion",16952,0,15775,93.056866446437,1177,6.943133553563,,,,,,,"my-dosm-census-religion-1991-2020","no_religion_line_fused_with_unknown_as_printed;dosm_printed_2020_reporting_frame;partial_category_null_as_printed","Islam=10780;Christianity=4964;Buddhism=3;Others=28;No Religion/Unknown=1177"
"MY","my-osm-adm2-2020-derived","administrative_district","MY-DIST-088","MY-DOSM-matu","Matu",2020,16316,"Agama/ Religion",16316,0,16221,99.4177494483942,95,0.582250551605786,,,,,,,"my-dosm-census-religion-1991-2020","no_religion_line_fused_with_unknown_as_printed;dosm_printed_2020_reporting_frame;partial_category_null_as_printed","Islam=12345;Christianity=3685;Buddhism=174;Others=17;No Religion/Unknown=95"
"MY","my-osm-adm2-2020-derived","administrative_district","MY-DIST-089","MY-DOSM-melaka-tengah","Melaka Tengah",1991,294850,"Agama/ Religion",296897,-2047,293458,99.5278955401051,1392,0.472104459894862,,,,,,,"my-dosm-census-religion-1991-2020","no_religion_line_fused_with_unknown_as_printed;dosm_printed_2020_reporting_frame;religion_universe_differs_from_printed_population_total","Islam=156247;Christianity=15537;Buddhism=100521;Hinduism=10832;Others=10321;No Religion/Unknown=1392"
"MY","my-osm-adm2-2020-derived","administrative_district","MY-DIST-089","MY-DOSM-melaka-tengah","Melaka Tengah",2000,371263,"Agama/ Religion",371263,0,369878,99.6269490899982,1385,0.373050910001805,,,,,,,"my-dosm-census-religion-1991-2020","no_religion_line_fused_with_unknown_as_printed;dosm_printed_2020_reporting_frame","Islam=216420;Christianity=19311;Buddhism=114969;Hinduism=13303;Others=5875;No Religion/Unknown=1385"
"MY","my-osm-adm2-2020-derived","administrative_district","MY-DIST-089","MY-DOSM-melaka-tengah","Melaka Tengah",2010,484885,"Agama/ Religion",484885,0,482420,99.4916320364622,2465,0.508367963537746,,,,,,,"my-dosm-census-religion-1991-2020","no_religion_line_fused_with_unknown_as_printed;dosm_printed_2020_reporting_frame","Islam=289800;Christianity=20554;Buddhism=150888;Hinduism=19278;Others=1900;No Religion/Unknown=2465"
"MY","my-osm-adm2-2020-derived","administrative_district","MY-DIST-089","MY-DOSM-melaka-tengah","Melaka Tengah",2020,597135,"Agama/ Religion",597135,0,575160,96.3199276545505,21975,3.68007234544952,,,,,,,"my-dosm-census-religion-1991-2020","no_religion_line_fused_with_unknown_as_printed;dosm_printed_2020_reporting_frame","Islam=378361;Christianity=21928;Buddhism=150336;Hinduism=21419;Others=3116;No Religion/Unknown=21975"
"MY","my-osm-adm2-2020-derived","administrative_district","MY-DIST-090","MY-DOSM-mersing","Mersing",1991,63246,"Agama/ Religion",63643,-397,62648,99.0544856591721,598,0.945514340827878,,,,,,,"my-dosm-census-religion-1991-2020","no_religion_line_fused_with_unknown_as_printed;dosm_printed_2020_reporting_frame;religion_universe_differs_from_printed_population_total","Islam=51501;Christianity=229;Buddhism=7059;Hinduism=708;Others=3151;No Religion/Unknown=598"
"MY","my-osm-adm2-2020-derived","administrative_district","MY-DIST-090","MY-DOSM-mersing","Mersing",2000,67605,"Agama/ Religion",67605,0,67434,99.7470601286887,171,0.252939871311294,,,,,,,"my-dosm-census-religion-1991-2020","no_religion_line_fused_with_unknown_as_printed;dosm_printed_2020_reporting_frame","Islam=57349;Christianity=539;Buddhism=6003;Hinduism=644;Others=2899;No Religion/Unknown=171"
"MY","my-osm-adm2-2020-derived","administrative_district","MY-DIST-090","MY-DOSM-mersing","Mersing",2010,69028,"Agama/ Religion",69028,0,66459,96.2783218404126,2569,3.72167815958741,,,,,,,"my-dosm-census-religion-1991-2020","no_religion_line_fused_with_unknown_as_printed;dosm_printed_2020_reporting_frame","Islam=57489;Christianity=890;Buddhism=7379;Hinduism=630;Others=71;No Religion/Unknown=2569"
"MY","my-osm-adm2-2020-derived","administrative_district","MY-DIST-090","MY-DOSM-mersing","Mersing",2020,78195,"Agama/ Religion",78195,0,77091,98.5881450220602,1104,1.41185497793977,,,,,,,"my-dosm-census-religion-1991-2020","no_religion_line_fused_with_unknown_as_printed;dosm_printed_2020_reporting_frame","Islam=67527;Christianity=992;Buddhism=6953;Hinduism=1128;Others=491;No Religion/Unknown=1104"
"MY","my-osm-adm2-2020-derived","administrative_district","MY-DIST-091","MY-DOSM-miri","Miri",1991,160133,"Agama/ Religion",161373,-1240,146264,91.3390743944096,13869,8.66092560559035,,,,,,,"my-dosm-census-religion-1991-2020","no_religion_line_fused_with_unknown_as_printed;dosm_printed_2020_reporting_frame;religion_universe_differs_from_printed_population_total","Islam=49773;Christianity=56078;Buddhism=26831;Hinduism=282;Others=13300;No Religion/Unknown=13869"
"MY","my-osm-adm2-2020-derived","administrative_district","MY-DIST-091","MY-DOSM-miri","Miri",2000,221055,"Agama/ Religion",221055,0,212209,95.9982809707991,8846,4.00171902920088,,,,,,,"my-dosm-census-religion-1991-2020","no_religion_line_fused_with_unknown_as_printed;dosm_printed_2020_reporting_frame","Islam=72398;Christianity=89394;Buddhism=36319;Hinduism=312;Others=13786;No Religion/Unknown=8846"
"MY","my-osm-adm2-2020-derived","administrative_district","MY-DIST-091","MY-DOSM-miri","Miri",2010,290274,"Agama/ Religion",290274,0,279939,96.4395708881953,10335,3.56042911180471,,,,,,,"my-dosm-census-religion-1991-2020","no_religion_line_fused_with_unknown_as_printed;dosm_printed_2020_reporting_frame","Islam=92932;Christianity=159871;Buddhism=19318;Hinduism=551;Others=7267;No Religion/Unknown=10335"
"MY","my-osm-adm2-2020-derived","administrative_district","MY-DIST-091","MY-DOSM-miri","Miri",2020,248877,"Agama/ Religion",248877,0,243140,97.6948452448398,5737,2.30515475516018,,,,,,,"my-dosm-census-religion-1991-2020","no_religion_line_fused_with_unknown_as_printed;dosm_printed_2020_reporting_frame","Islam=70749;Christianity=127372;Buddhism=43923;Hinduism=353;Others=743;No Religion/Unknown=5737"
"MY","my-osm-adm2-2020-derived","administrative_district","MY-DIST-092","MY-DOSM-muallim","Muallim",1991,,"Agama/ Religion",,,,,,,,,,,,,"my-dosm-census-religion-1991-2020","no_religion_line_fused_with_unknown_as_printed;dosm_printed_2020_reporting_frame;source_cell_unavailable_as_printed",
"MY","my-osm-adm2-2020-derived","administrative_district","MY-DIST-092","MY-DOSM-muallim","Muallim",2000,,"Agama/ Religion",,,,,,,,,,,,,"my-dosm-census-religion-1991-2020","no_religion_line_fused_with_unknown_as_printed;dosm_printed_2020_reporting_frame;source_cell_unavailable_as_printed",
"MY","my-osm-adm2-2020-derived","administrative_district","MY-DIST-092","MY-DOSM-muallim","Muallim",2010,,"Agama/ Religion",,,,,,,,,,,,,"my-dosm-census-religion-1991-2020","no_religion_line_fused_with_unknown_as_printed;dosm_printed_2020_reporting_frame;source_cell_unavailable_as_printed",
"MY","my-osm-adm2-2020-derived","administrative_district","MY-DIST-092","MY-DOSM-muallim","Muallim",2020,76688,"Agama/ Religion",76688,0,74828,97.5745879407469,1860,2.42541205925308,,,,,,,"my-dosm-census-religion-1991-2020","no_religion_line_fused_with_unknown_as_printed;dosm_printed_2020_reporting_frame","Islam=55526;Christianity=4758;Buddhism=6218;Hinduism=7269;Others=1057;No Religion/Unknown=1860"
"MY","my-osm-adm2-2020-derived","administrative_district","MY-DIST-093","MY-DOSM-muar","Muar",1991,299741,"Agama/ Religion",301804,-2063,298113,99.456864426288,1628,0.543135573711971,,,,,,,"my-dosm-census-religion-1991-2020","no_religion_line_fused_with_unknown_as_printed;dosm_printed_2020_reporting_frame;religion_universe_differs_from_printed_population_total","Islam=171661;Christianity=3190;Buddhism=92168;Hinduism=10211;Others=20883;No Religion/Unknown=1628"
"MY","my-osm-adm2-2020-derived","administrative_district","MY-DIST-093","MY-DOSM-muar","Muar",2000,330355,"Agama/ Religion",330355,0,328940,99.5716728973377,1415,0.428327102662288,,,,,,,"my-dosm-census-religion-1991-2020","no_religion_line_fused_with_unknown_as_printed;dosm_printed_2020_reporting_frame","Islam=203987;Christianity=3439;Buddhism=97478;Hinduism=10128;Others=13908;No Religion/Unknown=1415"
"MY","my-osm-adm2-2020-derived","administrative_district","MY-DIST-093","MY-DOSM-muar","Muar",2010,239027,"Agama/ Religion",239027,0,236473,98.9315014621779,2554,1.06849853782209,,,,,,,"my-dosm-census-religion-1991-2020","no_religion_line_fused_with_unknown_as_printed;dosm_printed_2020_reporting_frame","Islam=139857;Christianity=2344;Buddhism=86046;Hinduism=6906;Others=1320;No Religion/Unknown=2554"
"MY","my-osm-adm2-2020-derived","administrative_district","MY-DIST-093","MY-DOSM-muar","Muar",2020,314776,"Agama/ Religion",314776,0,313873,99.713129336417,903,0.286870663582992,,,,,,,"my-dosm-census-religion-1991-2020","no_religion_line_fused_with_unknown_as_printed;dosm_printed_2020_reporting_frame","Islam=196033;Christianity=5137;Buddhism=101002;Hinduism=10155;Others=1546;No Religion/Unknown=903"
"MY","my-osm-adm2-2020-derived","administrative_district","MY-DIST-094","MY-DOSM-mukah","Mukah",1991,41743,"Agama/ Religion",41831,-88,38648,92.5855832115564,3095,7.41441678844357,,,,,,,"my-dosm-census-religion-1991-2020","no_religion_line_fused_with_unknown_as_printed;dosm_printed_2020_reporting_frame;religion_universe_differs_from_printed_population_total","Islam=9796;Christianity=13181;Buddhism=1044;Hinduism=13;Others=14614;No Religion/Unknown=3095"
"MY","my-osm-adm2-2020-derived","administrative_district","MY-DIST-094","MY-DOSM-mukah","Mukah",2000,44837,"Agama/ Religion",44837,0,39998,89.2075741017463,4839,10.7924258982537,,,,,,,"my-dosm-census-religion-1991-2020","no_religion_line_fused_with_unknown_as_printed;dosm_printed_2020_reporting_frame","Islam=11161;Christianity=17742;Buddhism=1183;Hinduism=15;Others=9897;No Religion/Unknown=4839"
"MY","my-osm-adm2-2020-derived","administrative_district","MY-DIST-094","MY-DOSM-mukah","Mukah",2010,41481,"Agama/ Religion",41481,0,38343,92.4350907644464,3138,7.56490923555363,,,,,,,"my-dosm-census-religion-1991-2020","no_religion_line_fused_with_unknown_as_printed;dosm_printed_2020_reporting_frame","Islam=17551;Christianity=14683;Buddhism=2082;Hinduism=41;Others=3986;No Religion/Unknown=3138"
"MY","my-osm-adm2-2020-derived","administrative_district","MY-DIST-094","MY-DOSM-mukah","Mukah",2020,42275,"Agama/ Religion",42275,0,40478,95.7492607924305,1797,4.25073920756949,,,,,,,"my-dosm-census-religion-1991-2020","no_religion_line_fused_with_unknown_as_printed;dosm_printed_2020_reporting_frame","Islam=19930;Christianity=17566;Buddhism=1708;Hinduism=58;Others=1216;No Religion/Unknown=1797"
"MY","my-osm-adm2-2020-derived","administrative_district","MY-DIST-095","MY-DOSM-nabawan","Nabawan",1991,19882,"Agama/ Religion",19999,-117,19657,98.8683231063273,225,1.13167689367267,,,,,,,"my-dosm-census-religion-1991-2020","no_religion_line_fused_with_unknown_as_printed;dosm_printed_2020_reporting_frame;partial_category_null_as_printed;religion_universe_differs_from_printed_population_total","Islam=5206;Christianity=13956;Buddhism=486;Hinduism=9;No Religion/Unknown=225"
"MY","my-osm-adm2-2020-derived","administrative_district","MY-DIST-095","MY-DOSM-nabawan","Nabawan",2000,22943,"Agama/ Religion",23944,-1001,22840,99.5510613258946,103,0.448938674105392,,,,,,,"my-dosm-census-religion-1991-2020","no_religion_line_fused_with_unknown_as_printed;dosm_printed_2020_reporting_frame;religion_universe_differs_from_printed_population_total","Islam=4354;Christianity=18177;Buddhism=201;Hinduism=2;Others=106;No Religion/Unknown=103"
"MY","my-osm-adm2-2020-derived","administrative_district","MY-DIST-095","MY-DOSM-nabawan","Nabawan",2010,32913,"Agama/ Religion",31807,1106,30660,93.1546805213745,2253,6.84531947862547,,,,,,,"my-dosm-census-religion-1991-2020","no_religion_line_fused_with_unknown_as_printed;dosm_printed_2020_reporting_frame;religion_universe_differs_from_printed_population_total","Islam=7623;Christianity=21738;Buddhism=186;Hinduism=6;Others=1107;No Religion/Unknown=2253"
"MY","my-osm-adm2-2020-derived","administrative_district","MY-DIST-095","MY-DOSM-nabawan","Nabawan",2020,28350,"Agama/ Religion",28349,1,28338,99.957671957672,12,0.0423280423280423,,,,,,,"my-dosm-census-religion-1991-2020","no_religion_line_fused_with_unknown_as_printed;dosm_printed_2020_reporting_frame;religion_universe_differs_from_printed_population_total","Islam=7471;Christianity=20768;Buddhism=22;Hinduism=76;Others=1;No Religion/Unknown=12"
"MY","my-osm-adm2-2020-derived","administrative_district","MY-DIST-097","MY-DOSM-pakan","Pakan",1991,,"Agama/ Religion",,,,,,,,,,,,,"my-dosm-census-religion-1991-2020","no_religion_line_fused_with_unknown_as_printed;dosm_printed_2020_reporting_frame;source_cell_unavailable_as_printed",
"MY","my-osm-adm2-2020-derived","administrative_district","MY-DIST-097","MY-DOSM-pakan","Pakan",2000,,"Agama/ Religion",,,,,,,,,,,,,"my-dosm-census-religion-1991-2020","no_religion_line_fused_with_unknown_as_printed;dosm_printed_2020_reporting_frame;source_cell_unavailable_as_printed",
"MY","my-osm-adm2-2020-derived","administrative_district","MY-DIST-097","MY-DOSM-pakan","Pakan",2010,15139,"Agama/ Religion",15139,0,14635,96.6708501222009,504,3.32914987779906,,,,,,,"my-dosm-census-religion-1991-2020","no_religion_line_fused_with_unknown_as_printed;dosm_printed_2020_reporting_frame","Islam=241;Christianity=14126;Buddhism=3;Hinduism=15;Others=250;No Religion/Unknown=504"
"MY","my-osm-adm2-2020-derived","administrative_district","MY-DIST-097","MY-DOSM-pakan","Pakan",2020,15462,"Agama/ Religion",15462,0,14084,91.0878282240331,1378,8.91217177596689,,,,,,,"my-dosm-census-religion-1991-2020","no_religion_line_fused_with_unknown_as_printed;dosm_printed_2020_reporting_frame;partial_category_null_as_printed","Islam=204;Christianity=13654;Buddhism=62;Others=164;No Religion/Unknown=1378"
"MY","my-osm-adm2-2020-derived","administrative_district","MY-DIST-098","MY-DOSM-papar","Papar",1991,59457,"Agama/ Religion",59473,-16,58161,97.8202734749483,1296,2.17972652505172,,,,,,,"my-dosm-census-religion-1991-2020","no_religion_line_fused_with_unknown_as_printed;dosm_printed_2020_reporting_frame;religion_universe_differs_from_printed_population_total","Islam=36732;Christianity=17416;Buddhism=3106;Hinduism=101;Others=806;No Religion/Unknown=1296"
"MY","my-osm-adm2-2020-derived","administrative_district","MY-DIST-098","MY-DOSM-papar","Papar",2000,88626,"Agama/ Religion",88626,0,87966,99.2552975424819,660,0.74470245751811,,,,,,,"my-dosm-census-religion-1991-2020","no_religion_line_fused_with_unknown_as_printed;dosm_printed_2020_reporting_frame","Islam=57952;Christianity=25796;Buddhism=3596;Hinduism=82;Others=540;No Religion/Unknown=660"
"MY","my-osm-adm2-2020-derived","administrative_district","MY-DIST-098","MY-DOSM-papar","Papar",2010,124420,"Agama/ Religion",124420,0,119462,96.0151101109146,4958,3.98488988908536,,,,,,,"my-dosm-census-religion-1991-2020","no_religion_line_fused_with_unknown_as_printed;dosm_printed_2020_reporting_frame","Islam=84350;Christianity=30492;Buddhism=4066;Hinduism=31;Others=523;No Religion/Unknown=4958"
"MY","my-osm-adm2-2020-derived","administrative_district","MY-DIST-098","MY-DOSM-papar","Papar",2020,150667,"Agama/ Religion",150667,0,150531,99.9097347129763,136,0.0902652870237013,,,,,,,"my-dosm-census-religion-1991-2020","no_religion_line_fused_with_unknown_as_printed;dosm_printed_2020_reporting_frame","Islam=105614;Christianity=40381;Buddhism=4330;Hinduism=89;Others=117;No Religion/Unknown=136"
"MY","my-osm-adm2-2020-derived","administrative_district","MY-DIST-099","MY-DOSM-pasir-mas","Pasir Mas",1991,150026,"Agama/ Religion",150035,-9,149993,99.9780038126725,33,0.0219961873275299,,,,,,,"my-dosm-census-religion-1991-2020","no_religion_line_fused_with_unknown_as_printed;dosm_printed_2020_reporting_frame;religion_universe_differs_from_printed_population_total","Islam=145681;Christianity=67;Buddhism=4096;Hinduism=82;Others=67;No Religion/Unknown=33"
"MY","my-osm-adm2-2020-derived","administrative_district","MY-DIST-099","MY-DOSM-pasir-mas","Pasir Mas",2000,162312,"Agama/ Religion",162312,0,162308,99.9975356104293,4,0.00246438957070334,,,,,,,"my-dosm-census-religion-1991-2020","no_religion_line_fused_with_unknown_as_printed;dosm_printed_2020_reporting_frame","Islam=158378;Christianity=50;Buddhism=3824;Hinduism=12;Others=44;No Religion/Unknown=4"
"MY","my-osm-adm2-2020-derived","administrative_district","MY-DIST-099","MY-DOSM-pasir-mas","Pasir Mas",2010,180878,"Agama/ Religion",180878,0,180861,99.9906013998386,17,0.00939860016143478,,,,,,,"my-dosm-census-religion-1991-2020","no_religion_line_fused_with_unknown_as_printed;dosm_printed_2020_reporting_frame","Islam=176789;Christianity=102;Buddhism=3902;Hinduism=19;Others=49;No Religion/Unknown=17"
"MY","my-osm-adm2-2020-derived","administrative_district","MY-DIST-099","MY-DOSM-pasir-mas","Pasir Mas",2020,230424,"Agama/ Religion",230424,0,229868,99.7587056903795,556,0.241294309620526,,,,,,,"my-dosm-census-religion-1991-2020","no_religion_line_fused_with_unknown_as_printed;dosm_printed_2020_reporting_frame","Islam=225777;Christianity=231;Buddhism=3849;Hinduism=5;Others=6;No Religion/Unknown=556"
"MY","my-osm-adm2-2020-derived","administrative_district","MY-DIST-100","MY-DOSM-pasir-puteh","Pasir Puteh",1991,96327,"Agama/ Religion",96348,-21,96323,99.9958474778619,4,0.00415252213813365,,,,,,,"my-dosm-census-religion-1991-2020","no_religion_line_fused_with_unknown_as_printed;dosm_printed_2020_reporting_frame;religion_universe_differs_from_printed_population_total","Islam=94466;Christianity=20;Buddhism=1787;Hinduism=11;Others=39;No Religion/Unknown=4"
"MY","my-osm-adm2-2020-derived","administrative_district","MY-DIST-100","MY-DOSM-pasir-puteh","Pasir Puteh",2000,104404,"Agama/ Religion",104404,0,104403,99.9990421822919,1,0.000957817708133788,,,,,,,"my-dosm-census-religion-1991-2020","no_religion_line_fused_with_unknown_as_printed;dosm_printed_2020_reporting_frame","Islam=102893;Christianity=7;Buddhism=1479;Hinduism=4;Others=20;No Religion/Unknown=1"
"MY","my-osm-adm2-2020-derived","administrative_district","MY-DIST-100","MY-DOSM-pasir-puteh","Pasir Puteh",2010,113191,"Agama/ Religion",113191,0,113178,99.9885149879407,13,0.0114850120592627,,,,,,,"my-dosm-census-religion-1991-2020","no_religion_line_fused_with_unknown_as_printed;dosm_printed_2020_reporting_frame","Islam=111561;Christianity=52;Buddhism=1538;Hinduism=9;Others=18;No Religion/Unknown=13"
"MY","my-osm-adm2-2020-derived","administrative_district","MY-DIST-100","MY-DOSM-pasir-puteh","Pasir Puteh",2020,136157,"Agama/ Religion",136157,0,136091,99.9515265465602,66,0.0484734534397791,,,,,,,"my-dosm-census-religion-1991-2020","no_religion_line_fused_with_unknown_as_printed;dosm_printed_2020_reporting_frame","Islam=134566;Christianity=166;Buddhism=1244;Hinduism=42;Others=73;No Religion/Unknown=66"
"MY","my-osm-adm2-2020-derived","administrative_district","MY-DIST-101","MY-DOSM-pekan","Pekan",1991,86109,"Agama/ Religion",86179,-70,85481,99.2706917976054,628,0.729308202394639,,,,,,,"my-dosm-census-religion-1991-2020","no_religion_line_fused_with_unknown_as_printed;dosm_printed_2020_reporting_frame;religion_universe_differs_from_printed_population_total","Islam=77198;Christianity=158;Buddhism=1217;Hinduism=661;Others=6247;No Religion/Unknown=628"
"MY","my-osm-adm2-2020-derived","administrative_district","MY-DIST-101","MY-DOSM-pekan","Pekan",2000,97751,"Agama/ Religion",97751,0,96635,98.8583237000133,1116,1.1416762999867,,,,,,,"my-dosm-census-religion-1991-2020","no_religion_line_fused_with_unknown_as_printed;dosm_printed_2020_reporting_frame","Islam=86912;Christianity=134;Buddhism=1054;Hinduism=458;Others=8077;No Religion/Unknown=1116"
"MY","my-osm-adm2-2020-derived","administrative_district","MY-DIST-101","MY-DOSM-pekan","Pekan",2010,105587,"Agama/ Religion",105587,0,97286,92.1382367147471,8301,7.86176328525292,,,,,,,"my-dosm-census-religion-1991-2020","no_religion_line_fused_with_unknown_as_printed;dosm_printed_2020_reporting_frame","Islam=92148;Christianity=260;Buddhism=1276;Hinduism=361;Others=3241;No Religion/Unknown=8301"
"MY","my-osm-adm2-2020-derived","administrative_district","MY-DIST-101","MY-DOSM-pekan","Pekan",2020,121158,"Agama/ Religion",121158,0,108736,89.7472721570181,12422,10.2527278429819,,,,,,,"my-dosm-census-religion-1991-2020","no_religion_line_fused_with_unknown_as_printed;dosm_printed_2020_reporting_frame","Islam=104598;Christianity=555;Buddhism=1748;Hinduism=1711;Others=124;No Religion/Unknown=12422"
"MY","my-osm-adm2-2020-derived","administrative_district","MY-DIST-102","MY-DOSM-penampang","Penampang",1991,86897,"Agama/ Religion",86941,-44,84939,97.7467576556153,1958,2.25324234438473,,,,,,,"my-dosm-census-religion-1991-2020","no_religion_line_fused_with_unknown_as_printed;dosm_printed_2020_reporting_frame;religion_universe_differs_from_printed_population_total","Islam=34409;Christianity=39839;Buddhism=8784;Hinduism=307;Others=1600;No Religion/Unknown=1958"
"MY","my-osm-adm2-2020-derived","administrative_district","MY-DIST-102","MY-DOSM-penampang","Penampang",2000,131072,"Agama/ Religion",131072,0,129379,98.7083435058594,1693,1.29165649414062,,,,,,,"my-dosm-census-religion-1991-2020","no_religion_line_fused_with_unknown_as_printed;dosm_printed_2020_reporting_frame","Islam=54680;Christianity=59084;Buddhism=14072;Hinduism=221;Others=1322;No Religion/Unknown=1693"
"MY","my-osm-adm2-2020-derived","administrative_district","MY-DIST-102","MY-DOSM-penampang","Penampang",2010,121934,"Agama/ Religion",121934,0,114764,94.1197697114833,7170,5.88023028851674,,,,,,,"my-dosm-census-religion-1991-2020","no_religion_line_fused_with_unknown_as_printed;dosm_printed_2020_reporting_frame","Islam=31696;Christianity=65566;Buddhism=16811;Hinduism=280;Others=411;No Religion/Unknown=7170"
"MY","my-osm-adm2-2020-derived","administrative_district","MY-DIST-102","MY-DOSM-penampang","Penampang",2020,162174,"Agama/ Religion",162174,0,161185,99.3901611849002,989,0.609838815099831,,,,,,,"my-dosm-census-religion-1991-2020","no_religion_line_fused_with_unknown_as_printed;dosm_printed_2020_reporting_frame","Islam=53607;Christianity=83339;Buddhism=23294;Hinduism=284;Others=661;No Religion/Unknown=989"
"MY","my-osm-adm2-2020-derived","administrative_district","MY-DIST-104","MY-DOSM-perak-tengah","Perak Tengah",1991,75571,"Agama/ Religion",75574,-3,75048,99.3079355837557,523,0.692064416244327,,,,,,,"my-dosm-census-religion-1991-2020","no_religion_line_fused_with_unknown_as_printed;dosm_printed_2020_reporting_frame;religion_universe_differs_from_printed_population_total","Islam=69745;Christianity=173;Buddhism=876;Hinduism=2626;Others=1628;No Religion/Unknown=523"
"MY","my-osm-adm2-2020-derived","administrative_district","MY-DIST-104","MY-DOSM-perak-tengah","Perak Tengah",2000,82153,"Agama/ Religion",82153,0,81860,99.643348386547,293,0.356651613452948,,,,,,,"my-dosm-census-religion-1991-2020","no_religion_line_fused_with_unknown_as_printed;dosm_printed_2020_reporting_frame","Islam=77325;Christianity=272;Buddhism=931;Hinduism=1676;Others=1656;No Religion/Unknown=293"
"MY","my-osm-adm2-2020-derived","administrative_district","MY-DIST-104","MY-DOSM-perak-tengah","Perak Tengah",2010,99854,"Agama/ Religion",99854,0,97377,97.5193782923068,2477,2.48062170769323,,,,,,,"my-dosm-census-religion-1991-2020","no_religion_line_fused_with_unknown_as_printed;dosm_printed_2020_reporting_frame","Islam=94173;Christianity=1528;Buddhism=145;Hinduism=1429;Others=102;No Religion/Unknown=2477"
"MY","my-osm-adm2-2020-derived","administrative_district","MY-DIST-104","MY-DOSM-perak-tengah","Perak Tengah",2020,94573,"Agama/ Religion",94573,0,92037,97.318473560107,2536,2.68152643989299,,,,,,,"my-dosm-census-religion-1991-2020","no_religion_line_fused_with_unknown_as_printed;dosm_printed_2020_reporting_frame","Islam=88669;Christianity=887;Buddhism=793;Hinduism=1352;Others=336;No Religion/Unknown=2536"
"MY","my-osm-adm2-2020-derived","administrative_district","MY-DIST-106","MY-DOSM-petaling","Petaling",1991,632330,"Agama/ Religion",633165,-835,622545,98.4525485110623,9785,1.54745148893774,,,,,,,"my-dosm-census-religion-1991-2020","no_religion_line_fused_with_unknown_as_printed;dosm_printed_2020_reporting_frame;religion_universe_differs_from_printed_population_total","Islam=299833;Christianity=45827;Buddhism=85987;Hinduism=160828;Others=30070;No Religion/Unknown=9785"
"MY","my-osm-adm2-2020-derived","administrative_district","MY-DIST-106","MY-DOSM-petaling","Petaling",2000,1184180,"Agama/ Religion",1184180,0,1168823,98.703153236839,15357,1.29684676316101,,,,,,,"my-dosm-census-religion-1991-2020","no_religion_line_fused_with_unknown_as_printed;dosm_printed_2020_reporting_frame","Islam=605991;Christianity=87063;Buddhism=131305;Hinduism=324774;Others=19690;No Religion/Unknown=15357"
"MY","my-osm-adm2-2020-derived","administrative_district","MY-DIST-106","MY-DOSM-petaling","Petaling",2010,1765495,"Agama/ Religion",1765495,0,1737805,98.4316013356028,27690,1.56839866439724,,,,,,,"my-dosm-census-religion-1991-2020","no_religion_line_fused_with_unknown_as_printed;dosm_printed_2020_reporting_frame","Islam=944710;Christianity=107937;Buddhism=499287;Hinduism=170005;Others=15866;No Religion/Unknown=27690"
"MY","my-osm-adm2-2020-derived","administrative_district","MY-DIST-106","MY-DOSM-petaling","Petaling",2020,2298130,"Agama/ Religion",2298130,0,2276719,99.0683294678717,21411,0.931670532128296,,,,,,,"my-dosm-census-religion-1991-2020","no_religion_line_fused_with_unknown_as_printed;dosm_printed_2020_reporting_frame","Islam=1227247;Christianity=175618;Buddhism=625077;Hinduism=222562;Others=26215;No Religion/Unknown=21411"
"MY","my-osm-adm2-2020-derived","administrative_district","MY-DIST-107","MY-DOSM-pitas","Pitas",1991,24229,"Agama/ Religion",24240,-11,19999,82.5415824012547,4230,17.4584175987453,,,,,,,"my-dosm-census-religion-1991-2020","no_religion_line_fused_with_unknown_as_printed;dosm_printed_2020_reporting_frame;partial_category_null_as_printed;religion_universe_differs_from_printed_population_total","Islam=10524;Christianity=9285;Buddhism=103;Others=87;No Religion/Unknown=4230"
"MY","my-osm-adm2-2020-derived","administrative_district","MY-DIST-107","MY-DOSM-pitas","Pitas",2000,32413,"Agama/ Religion",32408,5,31148,96.0972449325888,1265,3.90275506741122,,,,,,,"my-dosm-census-religion-1991-2020","no_religion_line_fused_with_unknown_as_printed;dosm_printed_2020_reporting_frame;religion_universe_differs_from_printed_population_total","Islam=16230;Christianity=13774;Buddhism=33;Hinduism=5;Others=1106;No Religion/Unknown=1265"
"MY","my-osm-adm2-2020-derived","administrative_district","MY-DIST-107","MY-DOSM-pitas","Pitas",2010,37808,"Agama/ Religion",37808,0,37186,98.3548455353364,622,1.64515446466356,,,,,,,"my-dosm-census-religion-1991-2020","no_religion_line_fused_with_unknown_as_printed;dosm_printed_2020_reporting_frame;partial_category_null_as_printed","Islam=18626;Christianity=18063;Buddhism=103;Others=394;No Religion/Unknown=622"
"MY","my-osm-adm2-2020-derived","administrative_district","MY-DIST-107","MY-DOSM-pitas","Pitas",2020,36660,"Agama/ Religion",36660,0,36122,98.5324604473541,538,1.46753955264594,,,,,,,"my-dosm-census-religion-1991-2020","no_religion_line_fused_with_unknown_as_printed;dosm_printed_2020_reporting_frame","Islam=21984;Christianity=13765;Buddhism=115;Hinduism=110;Others=148;No Religion/Unknown=538"
"MY","my-osm-adm2-2020-derived","administrative_district","MY-DIST-108","MY-DOSM-pokok-sena","Pokok Sena",1991,,"Agama/ Religion",,,,,,,,,,,,,"my-dosm-census-religion-1991-2020","no_religion_line_fused_with_unknown_as_printed;dosm_printed_2020_reporting_frame;source_cell_unavailable_as_printed",
"MY","my-osm-adm2-2020-derived","administrative_district","MY-DIST-108","MY-DOSM-pokok-sena","Pokok Sena",2000,,"Agama/ Religion",,,,,,,,,,,,,"my-dosm-census-religion-1991-2020","no_religion_line_fused_with_unknown_as_printed;dosm_printed_2020_reporting_frame;source_cell_unavailable_as_printed",
"MY","my-osm-adm2-2020-derived","administrative_district","MY-DIST-108","MY-DOSM-pokok-sena","Pokok Sena",2010,48347,"Agama/ Religion",48347,0,48270,99.8407346888121,77,0.159265311187871,,,,,,,"my-dosm-census-religion-1991-2020","no_religion_line_fused_with_unknown_as_printed;dosm_printed_2020_reporting_frame","Islam=43929;Christianity=179;Buddhism=3279;Hinduism=825;Others=58;No Religion/Unknown=77"
"MY","my-osm-adm2-2020-derived","administrative_district","MY-DIST-108","MY-DOSM-pokok-sena","Pokok Sena",2020,49812,"Agama/ Religion",49812,0,48863,98.0948365855617,949,1.90516341443829,,,,,,,"my-dosm-census-religion-1991-2020","no_religion_line_fused_with_unknown_as_printed;dosm_printed_2020_reporting_frame","Islam=44940;Christianity=290;Buddhism=2628;Hinduism=885;Others=120;No Religion/Unknown=949"
"MY","my-osm-adm2-2020-derived","administrative_district","MY-DIST-109","MY-DOSM-pontian","Pontian",1991,129266,"Agama/ Religion",129356,-90,128926,99.7369764671298,340,0.263023532870206,,,,,,,"my-dosm-census-religion-1991-2020","no_religion_line_fused_with_unknown_as_printed;dosm_printed_2020_reporting_frame;religion_universe_differs_from_printed_population_total","Islam=84883;Christianity=653;Buddhism=29420;Hinduism=1152;Others=12818;No Religion/Unknown=340"
"MY","my-osm-adm2-2020-derived","administrative_district","MY-DIST-109","MY-DOSM-pontian","Pontian",2000,142697,"Agama/ Religion",142697,0,142477,99.8458271722601,220,0.154172827739896,,,,,,,"my-dosm-census-religion-1991-2020","no_religion_line_fused_with_unknown_as_printed;dosm_printed_2020_reporting_frame","Islam=98108;Christianity=820;Buddhism=34170;Hinduism=1213;Others=8166;No Religion/Unknown=220"
"MY","my-osm-adm2-2020-derived","administrative_district","MY-DIST-109","MY-DOSM-pontian","Pontian",2010,149938,"Agama/ Religion",149938,0,148622,99.122303885606,1316,0.87769611439395,,,,,,,"my-dosm-census-religion-1991-2020","no_religion_line_fused_with_unknown_as_printed;dosm_printed_2020_reporting_frame","Islam=103477;Christianity=1055;Buddhism=40028;Hinduism=2205;Others=1857;No Religion/Unknown=1316"
"MY","my-osm-adm2-2020-derived","administrative_district","MY-DIST-109","MY-DOSM-pontian","Pontian",2020,173318,"Agama/ Religion",173318,0,173084,99.8649880566358,234,0.135011943364221,,,,,,,"my-dosm-census-religion-1991-2020","no_religion_line_fused_with_unknown_as_printed;dosm_printed_2020_reporting_frame","Islam=125176;Christianity=1894;Buddhism=41562;Hinduism=3326;Others=1126;No Religion/Unknown=234"
"MY","my-osm-adm2-2020-derived","administrative_district","MY-DIST-110","MY-DOSM-port-dickson","Port Dickson",1991,91659,"Agama/ Religion",92171,-512,91021,99.303941784222,638,0.696058215778047,,,,,,,"my-dosm-census-religion-1991-2020","no_religion_line_fused_with_unknown_as_printed;dosm_printed_2020_reporting_frame;religion_universe_differs_from_printed_population_total","Islam=41012;Christianity=2500;Buddhism=21181;Hinduism=18917;Others=7411;No Religion/Unknown=638"
"MY","my-osm-adm2-2020-derived","administrative_district","MY-DIST-110","MY-DOSM-port-dickson","Port Dickson",2000,106630,"Agama/ Religion",106630,0,106489,99.8677670449217,141,0.132232955078308,,,,,,,"my-dosm-census-religion-1991-2020","no_religion_line_fused_with_unknown_as_printed;dosm_printed_2020_reporting_frame","Islam=53582;Christianity=3105;Buddhism=24717;Hinduism=20382;Others=4703;No Religion/Unknown=141"
"MY","my-osm-adm2-2020-derived","administrative_district","MY-DIST-110","MY-DOSM-port-dickson","Port Dickson",2010,110991,"Agama/ Religion",110991,0,110689,99.7279058662414,302,0.272094133758593,,,,,,,"my-dosm-census-religion-1991-2020","no_religion_line_fused_with_unknown_as_printed;dosm_printed_2020_reporting_frame","Islam=59019;Christianity=3181;Buddhism=26078;Hinduism=20748;Others=1663;No Religion/Unknown=302"
"MY","my-osm-adm2-2020-derived","administrative_district","MY-DIST-110","MY-DOSM-port-dickson","Port Dickson",2020,128689,"Agama/ Religion",128689,0,128235,99.6472114943779,454,0.352788505622081,,,,,,,"my-dosm-census-religion-1991-2020","no_religion_line_fused_with_unknown_as_printed;dosm_printed_2020_reporting_frame","Islam=71939;Christianity=2448;Buddhism=29892;Hinduism=22240;Others=1716;No Religion/Unknown=454"
"MY","my-osm-adm2-2020-derived","administrative_district","MY-DIST-111","MY-DOSM-pusa","Pusa",1991,,"Agama/ Religion",,,,,,,,,,,,,"my-dosm-census-religion-1991-2020","no_religion_line_fused_with_unknown_as_printed;dosm_printed_2020_reporting_frame;source_cell_unavailable_as_printed",
"MY","my-osm-adm2-2020-derived","administrative_district","MY-DIST-111","MY-DOSM-pusa","Pusa",2000,,"Agama/ Religion",,,,,,,,,,,,,"my-dosm-census-religion-1991-2020","no_religion_line_fused_with_unknown_as_printed;dosm_printed_2020_reporting_frame;source_cell_unavailable_as_printed",
"MY","my-osm-adm2-2020-derived","administrative_district","MY-DIST-111","MY-DOSM-pusa","Pusa",2010,,"Agama/ Religion",,,,,,,,,,,,,"my-dosm-census-religion-1991-2020","no_religion_line_fused_with_unknown_as_printed;dosm_printed_2020_reporting_frame;source_cell_unavailable_as_printed",
"MY","my-osm-adm2-2020-derived","administrative_district","MY-DIST-111","MY-DOSM-pusa","Pusa",2020,19557,"Agama/ Religion",19557,0,19542,99.9233011198037,15,0.0766988801963491,,,,,,,"my-dosm-census-religion-1991-2020","no_religion_line_fused_with_unknown_as_printed;dosm_printed_2020_reporting_frame","Islam=18403;Christianity=1011;Buddhism=117;Hinduism=3;Others=8;No Religion/Unknown=15"
"MY","my-osm-adm2-2020-derived","administrative_district","MY-DIST-112","MY-DOSM-putatan","Putatan",1991,,"Agama/ Religion",,,,,,,,,,,,,"my-dosm-census-religion-1991-2020","no_religion_line_fused_with_unknown_as_printed;dosm_printed_2020_reporting_frame;source_cell_unavailable_as_printed",
"MY","my-osm-adm2-2020-derived","administrative_district","MY-DIST-112","MY-DOSM-putatan","Putatan",2000,,"Agama/ Religion",,,,,,,,,,,,,"my-dosm-census-religion-1991-2020","no_religion_line_fused_with_unknown_as_printed;dosm_printed_2020_reporting_frame;source_cell_unavailable_as_printed",
"MY","my-osm-adm2-2020-derived","administrative_district","MY-DIST-112","MY-DOSM-putatan","Putatan",2010,54733,"Agama/ Religion",54733,0,51062,93.2928945974092,3671,6.70710540259076,,,,,,,"my-dosm-census-religion-1991-2020","no_religion_line_fused_with_unknown_as_printed;dosm_printed_2020_reporting_frame","Islam=40475;Christianity=8846;Buddhism=1596;Hinduism=69;Others=76;No Religion/Unknown=3671"
"MY","my-osm-adm2-2020-derived","administrative_district","MY-DIST-112","MY-DOSM-putatan","Putatan",2020,68811,"Agama/ Religion",68811,0,68731,99.883739518391,80,0.116260481609045,,,,,,,"my-dosm-census-religion-1991-2020","no_religion_line_fused_with_unknown_as_printed;dosm_printed_2020_reporting_frame","Islam=54835;Christianity=11866;Buddhism=1893;Hinduism=86;Others=51;No Religion/Unknown=80"
"MY","my-osm-adm2-2020-derived","administrative_district","MY-DIST-113","MY-DOSM-ranau","Ranau",1991,49200,"Agama/ Religion",49358,-158,48093,97.75,1107,2.25,,,,,,,"my-dosm-census-religion-1991-2020","no_religion_line_fused_with_unknown_as_printed;dosm_printed_2020_reporting_frame;religion_universe_differs_from_printed_population_total","Islam=22199;Christianity=24627;Buddhism=902;Hinduism=18;Others=347;No Religion/Unknown=1107"
"MY","my-osm-adm2-2020-derived","administrative_district","MY-DIST-113","MY-DOSM-ranau","Ranau",2000,70685,"Agama/ Religion",70685,0,70290,99.4411827120323,395,0.558817287967744,,,,,,,"my-dosm-census-religion-1991-2020","no_religion_line_fused_with_unknown_as_printed;dosm_printed_2020_reporting_frame","Islam=31306;Christianity=37796;Buddhism=802;Hinduism=14;Others=372;No Religion/Unknown=395"
"MY","my-osm-adm2-2020-derived","administrative_district","MY-DIST-113","MY-DOSM-ranau","Ranau",2010,94092,"Agama/ Religion",94092,0,93006,98.8458104833567,1086,1.15418951664329,,,,,,,"my-dosm-census-religion-1991-2020","no_religion_line_fused_with_unknown_as_printed;dosm_printed_2020_reporting_frame","Islam=41426;Christianity=50636;Buddhism=839;Hinduism=18;Others=87;No Religion/Unknown=1086"
"MY","my-osm-adm2-2020-derived","administrative_district","MY-DIST-113","MY-DOSM-ranau","Ranau",2020,85077,"Agama/ Religion",85077,0,85039,99.9553345792635,38,0.0446654207365093,,,,,,,"my-dosm-census-religion-1991-2020","no_religion_line_fused_with_unknown_as_printed;dosm_printed_2020_reporting_frame","Islam=38567;Christianity=45666;Buddhism=717;Hinduism=72;Others=17;No Religion/Unknown=38"
"MY","my-osm-adm2-2020-derived","administrative_district","MY-DIST-114","MY-DOSM-raub","Raub",1991,72750,"Agama/ Religion",73085,-335,71916,98.8536082474227,834,1.14639175257732,,,,,,,"my-dosm-census-religion-1991-2020","no_religion_line_fused_with_unknown_as_printed;dosm_printed_2020_reporting_frame;religion_universe_differs_from_printed_population_total","Islam=38413;Christianity=551;Buddhism=21261;Hinduism=5501;Others=6190;No Religion/Unknown=834"
"MY","my-osm-adm2-2020-derived","administrative_district","MY-DIST-114","MY-DOSM-raub","Raub",2000,79488,"Agama/ Religion",79488,0,78533,98.7985607890499,955,1.20143921095008,,,,,,,"my-dosm-census-religion-1991-2020","no_religion_line_fused_with_unknown_as_printed;dosm_printed_2020_reporting_frame","Islam=44604;Christianity=1644;Buddhism=20135;Hinduism=5480;Others=6670;No Religion/Unknown=955"
"MY","my-osm-adm2-2020-derived","administrative_district","MY-DIST-114","MY-DOSM-raub","Raub",2010,91731,"Agama/ Religion",91731,0,90316,98.4574462286468,1415,1.5425537713532,,,,,,,"my-dosm-census-religion-1991-2020","no_religion_line_fused_with_unknown_as_printed;dosm_printed_2020_reporting_frame","Islam=54615;Christianity=1437;Buddhism=26278;Hinduism=5413;Others=2573;No Religion/Unknown=1415"
"MY","my-osm-adm2-2020-derived","administrative_district","MY-DIST-114","MY-DOSM-raub","Raub",2020,96139,"Agama/ Religion",96139,0,93779,97.5452209821196,2360,2.45477901788036,,,,,,,"my-dosm-census-religion-1991-2020","no_religion_line_fused_with_unknown_as_printed;dosm_printed_2020_reporting_frame","Islam=54342;Christianity=1585;Buddhism=29297;Hinduism=6299;Others=2256;No Religion/Unknown=2360"
"MY","my-osm-adm2-2020-derived","administrative_district","MY-DIST-115","MY-DOSM-rembau","Rembau",1991,34817,"Agama/ Religion",34823,-6,34719,99.7185283051383,98,0.281471694861705,,,,,,,"my-dosm-census-religion-1991-2020","no_religion_line_fused_with_unknown_as_printed;dosm_printed_2020_reporting_frame;religion_universe_differs_from_printed_population_total","Islam=27147;Christianity=190;Buddhism=3247;Hinduism=3449;Others=686;No Religion/Unknown=98"
"MY","my-osm-adm2-2020-derived","administrative_district","MY-DIST-115","MY-DOSM-rembau","Rembau",2000,36848,"Agama/ Religion",36848,0,36724,99.6634824142423,124,0.336517585757707,,,,,,,"my-dosm-census-religion-1991-2020","no_religion_line_fused_with_unknown_as_printed;dosm_printed_2020_reporting_frame","Islam=30210;Christianity=262;Buddhism=2312;Hinduism=3200;Others=740;No Religion/Unknown=124"
"MY","my-osm-adm2-2020-derived","administrative_district","MY-DIST-115","MY-DOSM-rembau","Rembau",2010,41988,"Agama/ Religion",41988,0,41471,98.7686958178527,517,1.23130418214728,,,,,,,"my-dosm-census-religion-1991-2020","no_religion_line_fused_with_unknown_as_printed;dosm_printed_2020_reporting_frame","Islam=35513;Christianity=261;Buddhism=2175;Hinduism=3430;Others=92;No Religion/Unknown=517"
"MY","my-osm-adm2-2020-derived","administrative_district","MY-DIST-115","MY-DOSM-rembau","Rembau",2020,47296,"Agama/ Religion",47296,0,46696,98.7313937753721,600,1.26860622462788,,,,,,,"my-dosm-census-religion-1991-2020","no_religion_line_fused_with_unknown_as_printed;dosm_printed_2020_reporting_frame","Islam=40068;Christianity=332;Buddhism=2205;Hinduism=3912;Others=179;No Religion/Unknown=600"
"MY","my-osm-adm2-2020-derived","administrative_district","MY-DIST-116","MY-DOSM-rompin","Rompin",1991,80159,"Agama/ Religion",80251,-92,78944,98.4842625282252,1215,1.51573747177485,,,,,,,"my-dosm-census-religion-1991-2020","no_religion_line_fused_with_unknown_as_printed;dosm_printed_2020_reporting_frame;religion_universe_differs_from_printed_population_total","Islam=70451;Christianity=186;Buddhism=1401;Hinduism=1181;Others=5725;No Religion/Unknown=1215"
"MY","my-osm-adm2-2020-derived","administrative_district","MY-DIST-116","MY-DOSM-rompin","Rompin",2000,102033,"Agama/ Religion",102033,0,101188,99.1718365626807,845,0.828163437319299,,,,,,,"my-dosm-census-religion-1991-2020","no_religion_line_fused_with_unknown_as_printed;dosm_printed_2020_reporting_frame","Islam=90370;Christianity=275;Buddhism=1974;Hinduism=939;Others=7630;No Religion/Unknown=845"
"MY","my-osm-adm2-2020-derived","administrative_district","MY-DIST-116","MY-DOSM-rompin","Rompin",2010,109848,"Agama/ Religion",109848,0,99674,90.7381108440755,10174,9.26188915592455,,,,,,,"my-dosm-census-religion-1991-2020","no_religion_line_fused_with_unknown_as_printed;dosm_printed_2020_reporting_frame","Islam=93988;Christianity=560;Buddhism=2727;Hinduism=1115;Others=1284;No Religion/Unknown=10174"
"MY","my-osm-adm2-2020-derived","administrative_district","MY-DIST-116","MY-DOSM-rompin","Rompin",2020,98065,"Agama/ Religion",98065,0,84928,86.6037832050171,13137,13.3962167949829,,,,,,,"my-dosm-census-religion-1991-2020","no_religion_line_fused_with_unknown_as_printed;dosm_printed_2020_reporting_frame","Islam=80854;Christianity=626;Buddhism=1999;Hinduism=1206;Others=243;No Religion/Unknown=13137"
"MY","my-osm-adm2-2020-derived","administrative_district","MY-DIST-117","MY-DOSM-sabak-bernam","Sabak Bernam",1991,99739,"Agama/ Religion",99824,-85,99541,99.8014818676746,198,0.198518132325369,,,,,,,"my-dosm-census-religion-1991-2020","no_religion_line_fused_with_unknown_as_printed;dosm_printed_2020_reporting_frame;religion_universe_differs_from_printed_population_total","Islam=72642;Christianity=358;Buddhism=3859;Hinduism=19041;Others=3641;No Religion/Unknown=198"
"MY","my-osm-adm2-2020-derived","administrative_district","MY-DIST-117","MY-DOSM-sabak-bernam","Sabak Bernam",2000,113245,"Agama/ Religion",113245,0,113182,99.9443684047861,63,0.0556315952139167,,,,,,,"my-dosm-census-religion-1991-2020","no_religion_line_fused_with_unknown_as_printed;dosm_printed_2020_reporting_frame","Islam=83044;Christianity=259;Buddhism=4397;Hinduism=21039;Others=4443;No Religion/Unknown=63"
"MY","my-osm-adm2-2020-derived","administrative_district","MY-DIST-117","MY-DOSM-sabak-bernam","Sabak Bernam",2010,103709,"Agama/ Religion",103709,0,103585,99.8804346778004,124,0.119565322199616,,,,,,,"my-dosm-census-religion-1991-2020","no_religion_line_fused_with_unknown_as_printed;dosm_printed_2020_reporting_frame","Islam=79447;Christianity=355;Buddhism=19193;Hinduism=3603;Others=987;No Religion/Unknown=124"
"MY","my-osm-adm2-2020-derived","administrative_district","MY-DIST-117","MY-DOSM-sabak-bernam","Sabak Bernam",2020,107057,"Agama/ Religion",107057,0,106673,99.6413125718075,384,0.358687428192458,,,,,,,"my-dosm-census-religion-1991-2020","no_religion_line_fused_with_unknown_as_printed;dosm_printed_2020_reporting_frame","Islam=81410;Christianity=663;Buddhism=18579;Hinduism=3941;Others=2080;No Religion/Unknown=384"
"MY","my-osm-adm2-2020-derived","administrative_district","MY-DIST-118","MY-DOSM-samarahan","Samarahan",1991,46573,"Agama/ Religion",46583,-10,45589,97.8871878556245,984,2.1128121443755,,,,,,,"my-dosm-census-religion-1991-2020","no_religion_line_fused_with_unknown_as_printed;dosm_printed_2020_reporting_frame;religion_universe_differs_from_printed_population_total","Islam=31422;Christianity=7269;Buddhism=3640;Hinduism=213;Others=3045;No Religion/Unknown=984"
"MY","my-osm-adm2-2020-derived","administrative_district","MY-DIST-118","MY-DOSM-samarahan","Samarahan",2000,46966,"Agama/ Religion",46966,0,46670,99.3697568453775,296,0.630243154622493,,,,,,,"my-dosm-census-religion-1991-2020","no_religion_line_fused_with_unknown_as_printed;dosm_printed_2020_reporting_frame","Islam=28065;Christianity=11484;Buddhism=4710;Hinduism=129;Others=2282;No Religion/Unknown=296"
"MY","my-osm-adm2-2020-derived","administrative_district","MY-DIST-118","MY-DOSM-samarahan","Samarahan",2010,85495,"Agama/ Religion",85495,0,85222,99.6806830808819,273,0.319316919118077,,,,,,,"my-dosm-census-religion-1991-2020","no_religion_line_fused_with_unknown_as_printed;dosm_printed_2020_reporting_frame","Islam=43646;Christianity=23650;Buddhism=13860;Hinduism=198;Others=3868;No Religion/Unknown=273"
"MY","my-osm-adm2-2020-derived","administrative_district","MY-DIST-118","MY-DOSM-samarahan","Samarahan",2020,128284,"Agama/ Religion",128284,0,127778,99.6055626578529,506,0.394437342147111,,,,,,,"my-dosm-census-religion-1991-2020","no_religion_line_fused_with_unknown_as_printed;dosm_printed_2020_reporting_frame","Islam=63679;Christianity=46621;Buddhism=16611;Hinduism=504;Others=363;No Religion/Unknown=506"
"MY","my-osm-adm2-2020-derived","administrative_district","MY-DIST-119","MY-DOSM-sandakan","Sandakan",1991,222402,"Agama/ Religion",222817,-415,220937,99.3412829021322,1465,0.658717097867825,,,,,,,"my-dosm-census-religion-1991-2020","no_religion_line_fused_with_unknown_as_printed;dosm_printed_2020_reporting_frame;religion_universe_differs_from_printed_population_total","Islam=160585;Christianity=22539;Buddhism=31314;Hinduism=450;Others=6049;No Religion/Unknown=1465"
"MY","my-osm-adm2-2020-derived","administrative_district","MY-DIST-119","MY-DOSM-sandakan","Sandakan",2000,348930,"Agama/ Religion",348930,0,347314,99.5368698592841,1616,0.463130140715903,,,,,,,"my-dosm-census-religion-1991-2020","no_religion_line_fused_with_unknown_as_printed;dosm_printed_2020_reporting_frame","Islam=262151;Christianity=37110;Buddhism=45157;Hinduism=463;Others=2433;No Religion/Unknown=1616"
"MY","my-osm-adm2-2020-derived","administrative_district","MY-DIST-119","MY-DOSM-sandakan","Sandakan",2010,396290,"Agama/ Religion",396290,0,394323,99.5036463196144,1967,0.496353680385576,,,,,,,"my-dosm-census-religion-1991-2020","no_religion_line_fused_with_unknown_as_printed;dosm_printed_2020_reporting_frame","Islam=302829;Christianity=40384;Buddhism=49958;Hinduism=480;Others=672;No Religion/Unknown=1967"
"MY","my-osm-adm2-2020-derived","administrative_district","MY-DIST-119","MY-DOSM-sandakan","Sandakan",2020,439050,"Agama/ Religion",439050,0,436590,99.4396993508712,2460,0.560300649128801,,,,,,,"my-dosm-census-religion-1991-2020","no_religion_line_fused_with_unknown_as_printed;dosm_printed_2020_reporting_frame","Islam=353165;Christianity=39280;Buddhism=42897;Hinduism=416;Others=832;No Religion/Unknown=2460"
"MY","my-osm-adm2-2020-derived","administrative_district","MY-DIST-120","MY-DOSM-saratok","Saratok",1991,37892,"Agama/ Religion",37939,-47,33769,89.119075266547,4123,10.880924733453,,,,,,,"my-dosm-census-religion-1991-2020","no_religion_line_fused_with_unknown_as_printed;dosm_printed_2020_reporting_frame;religion_universe_differs_from_printed_population_total","Islam=14302;Christianity=9997;Buddhism=1471;Hinduism=21;Others=7978;No Religion/Unknown=4123"
"MY","my-osm-adm2-2020-derived","administrative_district","MY-DIST-120","MY-DOSM-saratok","Saratok",2000,42035,"Agama/ Religion",42035,0,40008,95.1778280004758,2027,4.82217199952421,,,,,,,"my-dosm-census-religion-1991-2020","no_religion_line_fused_with_unknown_as_printed;dosm_printed_2020_reporting_frame","Islam=17792;Christianity=14235;Buddhism=2079;Hinduism=22;Others=5880;No Religion/Unknown=2027"
"MY","my-osm-adm2-2020-derived","administrative_district","MY-DIST-120","MY-DOSM-saratok","Saratok",2010,45015,"Agama/ Religion",45015,0,41614,92.4447406420082,3401,7.55525935799178,,,,,,,"my-dosm-census-religion-1991-2020","no_religion_line_fused_with_unknown_as_printed;dosm_printed_2020_reporting_frame","Islam=18459;Christianity=16359;Buddhism=2261;Hinduism=13;Others=4522;No Religion/Unknown=3401"
"MY","my-osm-adm2-2020-derived","administrative_district","MY-DIST-120","MY-DOSM-saratok","Saratok",2020,23105,"Agama/ Religion",23105,0,22994,99.5195845055183,111,0.480415494481714,,,,,,,"my-dosm-census-religion-1991-2020","no_religion_line_fused_with_unknown_as_printed;dosm_printed_2020_reporting_frame","Islam=6771;Christianity=15065;Buddhism=1115;Hinduism=3;Others=40;No Religion/Unknown=111"
"MY","my-osm-adm2-2020-derived","administrative_district","MY-DIST-121","MY-DOSM-sarikei","Sarikei",1991,49035,"Agama/ Religion",49631,-596,38289,78.0850412970327,10746,21.9149587029673,,,,,,,"my-dosm-census-religion-1991-2020","no_religion_line_fused_with_unknown_as_printed;dosm_printed_2020_reporting_frame;religion_universe_differs_from_printed_population_total","Islam=14521;Christianity=12861;Buddhism=6827;Hinduism=22;Others=4058;No Religion/Unknown=10746"
"MY","my-osm-adm2-2020-derived","administrative_district","MY-DIST-121","MY-DOSM-sarikei","Sarikei",2000,57096,"Agama/ Religion",57096,0,49791,87.2057587221522,7305,12.7942412778478,,,,,,,"my-dosm-census-religion-1991-2020","no_religion_line_fused_with_unknown_as_printed;dosm_printed_2020_reporting_frame","Islam=18855;Christianity=17931;Buddhism=7480;Hinduism=17;Others=5508;No Religion/Unknown=7305"
"MY","my-osm-adm2-2020-derived","administrative_district","MY-DIST-121","MY-DOSM-sarikei","Sarikei",2010,56228,"Agama/ Religion",56228,0,53400,94.9704773422494,2828,5.02952265775059,,,,,,,"my-dosm-census-religion-1991-2020","no_religion_line_fused_with_unknown_as_printed;dosm_printed_2020_reporting_frame","Islam=14606;Christianity=17001;Buddhism=13032;Hinduism=46;Others=8715;No Religion/Unknown=2828"
"MY","my-osm-adm2-2020-derived","administrative_district","MY-DIST-121","MY-DOSM-sarikei","Sarikei",2020,44039,"Agama/ Religion",44039,0,40091,91.0352187833511,3948,8.96478121664888,,,,,,,"my-dosm-census-religion-1991-2020","no_religion_line_fused_with_unknown_as_printed;dosm_printed_2020_reporting_frame","Islam=11531;Christianity=20070;Buddhism=8317;Hinduism=16;Others=157;No Religion/Unknown=3948"
"MY","my-osm-adm2-2020-derived","administrative_district","MY-DIST-122","MY-DOSM-sebauh","Sebauh",1991,,"Agama/ Religion",,,,,,,,,,,,,"my-dosm-census-religion-1991-2020","no_religion_line_fused_with_unknown_as_printed;dosm_printed_2020_reporting_frame;source_cell_unavailable_as_printed",
"MY","my-osm-adm2-2020-derived","administrative_district","MY-DIST-122","MY-DOSM-sebauh","Sebauh",2000,,"Agama/ Religion",,,,,,,,,,,,,"my-dosm-census-religion-1991-2020","no_religion_line_fused_with_unknown_as_printed;dosm_printed_2020_reporting_frame;source_cell_unavailable_as_printed",
"MY","my-osm-adm2-2020-derived","administrative_district","MY-DIST-122","MY-DOSM-sebauh","Sebauh",2010,,"Agama/ Religion",,,,,,,,,,,,,"my-dosm-census-religion-1991-2020","no_religion_line_fused_with_unknown_as_printed;dosm_printed_2020_reporting_frame;source_cell_unavailable_as_printed",
"MY","my-osm-adm2-2020-derived","administrative_district","MY-DIST-122","MY-DOSM-sebauh","Sebauh",2020,29606,"Agama/ Religion",29606,0,29572,99.885158413835,34,0.114841586164967,,,,,,,"my-dosm-census-religion-1991-2020","no_religion_line_fused_with_unknown_as_printed;dosm_printed_2020_reporting_frame","Islam=10606;Christianity=18653;Buddhism=194;Hinduism=8;Others=111;No Religion/Unknown=34"
"MY","my-osm-adm2-2020-derived","administrative_district","MY-DIST-123","MY-DOSM-seberang-perai-selatan","Seberang Perai Selatan",1991,84769,"Agama/ Religion",84771,-2,84405,99.5705977420991,364,0.429402257900884,,,,,,,"my-dosm-census-religion-1991-2020","no_religion_line_fused_with_unknown_as_printed;dosm_printed_2020_reporting_frame;religion_universe_differs_from_printed_population_total","Islam=32704;Christianity=1950;Buddhism=25909;Hinduism=11668;Others=12174;No Religion/Unknown=364"
"MY","my-osm-adm2-2020-derived","administrative_district","MY-DIST-123","MY-DOSM-seberang-perai-selatan","Seberang Perai Selatan",2000,117722,"Agama/ Religion",117722,0,117540,99.8453984811675,182,0.154601518832504,,,,,,,"my-dosm-census-religion-1991-2020","no_religion_line_fused_with_unknown_as_printed;dosm_printed_2020_reporting_frame","Islam=48182;Christianity=2642;Buddhism=35216;Hinduism=20047;Others=11453;No Religion/Unknown=182"
"MY","my-osm-adm2-2020-derived","administrative_district","MY-DIST-123","MY-DOSM-seberang-perai-selatan","Seberang Perai Selatan",2010,166685,"Agama/ Religion",166685,0,165647,99.377268500465,1038,0.622731499535051,,,,,,,"my-dosm-census-religion-1991-2020","no_religion_line_fused_with_unknown_as_printed;dosm_printed_2020_reporting_frame","Islam=70438;Christianity=3573;Buddhism=55890;Hinduism=28000;Others=7746;No Religion/Unknown=1038"
"MY","my-osm-adm2-2020-derived","administrative_district","MY-DIST-123","MY-DOSM-seberang-perai-selatan","Seberang Perai Selatan",2020,184007,"Agama/ Religion",184007,0,176454,95.8952648540545,7553,4.10473514594553,,,,,,,"my-dosm-census-religion-1991-2020","no_religion_line_fused_with_unknown_as_printed;dosm_printed_2020_reporting_frame","Islam=79647;Christianity=3606;Buddhism=60669;Hinduism=28873;Others=3659;No Religion/Unknown=7553"
"MY","my-osm-adm2-2020-derived","administrative_district","MY-DIST-124","MY-DOSM-seberang-perai-tengah","Seberang Perai Tengah",1991,236142,"Agama/ Religion",236270,-128,234417,99.2695073303351,1725,0.730492669664863,,,,,,,"my-dosm-census-religion-1991-2020","no_religion_line_fused_with_unknown_as_printed;dosm_printed_2020_reporting_frame;religion_universe_differs_from_printed_population_total","Islam=100299;Christianity=7109;Buddhism=71189;Hinduism=24253;Others=31567;No Religion/Unknown=1725"
"MY","my-osm-adm2-2020-derived","administrative_district","MY-DIST-124","MY-DOSM-seberang-perai-tengah","Seberang Perai Tengah",2000,294051,"Agama/ Religion",294051,0,292978,99.6350973130511,1073,0.364902686948863,,,,,,,"my-dosm-census-religion-1991-2020","no_religion_line_fused_with_unknown_as_printed;dosm_printed_2020_reporting_frame","Islam=144231;Christianity=8754;Buddhism=82333;Hinduism=27837;Others=29823;No Religion/Unknown=1073"
"MY","my-osm-adm2-2020-derived","administrative_district","MY-DIST-124","MY-DOSM-seberang-perai-tengah","Seberang Perai Tengah",2010,362820,"Agama/ Religion",362820,0,360222,99.283942450802,2598,0.716057549197949,,,,,,,"my-dosm-census-religion-1991-2020","no_religion_line_fused_with_unknown_as_printed;dosm_printed_2020_reporting_frame","Islam=184205;Christianity=8836;Buddhism=124145;Hinduism=34156;Others=8880;No Religion/Unknown=2598"
"MY","my-osm-adm2-2020-derived","administrative_district","MY-DIST-124","MY-DOSM-seberang-perai-tengah","Seberang Perai Tengah",2020,422990,"Agama/ Religion",422990,0,409676,96.8524078583418,13314,3.1475921416582,,,,,,,"my-dosm-census-religion-1991-2020","no_religion_line_fused_with_unknown_as_printed;dosm_printed_2020_reporting_frame","Islam=207103;Christianity=12625;Buddhism=143930;Hinduism=39024;Others=6994;No Religion/Unknown=13314"
"MY","my-osm-adm2-2020-derived","administrative_district","MY-DIST-125","MY-DOSM-seberang-perai-utara","Seberang Perai Utara",1991,224070,"Agama/ Religion",224647,-577,223343,99.6755478198777,727,0.324452180122283,,,,,,,"my-dosm-census-religion-1991-2020","no_religion_line_fused_with_unknown_as_printed;dosm_printed_2020_reporting_frame;religion_universe_differs_from_printed_population_total","Islam=121868;Christianity=3436;Buddhism=42686;Hinduism=20089;Others=35264;No Religion/Unknown=727"
"MY","my-osm-adm2-2020-derived","administrative_district","MY-DIST-125","MY-DOSM-seberang-perai-utara","Seberang Perai Utara",2000,243938,"Agama/ Religion",243938,0,243338,99.7540358615714,600,0.245964138428617,,,,,,,"my-dosm-census-religion-1991-2020","no_religion_line_fused_with_unknown_as_printed;dosm_printed_2020_reporting_frame","Islam=146037;Christianity=3141;Buddhism=54911;Hinduism=19022;Others=20227;No Religion/Unknown=600"
"MY","my-osm-adm2-2020-derived","administrative_district","MY-DIST-125","MY-DOSM-seberang-perai-utara","Seberang Perai Utara",2010,288692,"Agama/ Religion",288692,0,287388,99.5483075388303,1304,0.45169246116969,,,,,,,"my-dosm-census-religion-1991-2020","no_religion_line_fused_with_unknown_as_printed;dosm_printed_2020_reporting_frame","Islam=175833;Christianity=3780;Buddhism=78000;Hinduism=20350;Others=9425;No Religion/Unknown=1304"
"MY","my-osm-adm2-2020-derived","administrative_district","MY-DIST-125","MY-DOSM-seberang-perai-utara","Seberang Perai Utara",2020,339095,"Agama/ Religion",339095,0,338045,99.6903522611658,1050,0.30964773883425,,,,,,,"my-dosm-census-religion-1991-2020","no_religion_line_fused_with_unknown_as_printed;dosm_printed_2020_reporting_frame","Islam=212750;Christianity=5362;Buddhism=90860;Hinduism=23298;Others=5775;No Religion/Unknown=1050"
"MY","my-osm-adm2-2020-derived","administrative_district","MY-DIST-126","MY-DOSM-segamat","Segamat",1991,177219,"Agama/ Religion",177561,-342,175855,99.2303308336014,1364,0.769669166398637,,,,,,,"my-dosm-census-religion-1991-2020","no_religion_line_fused_with_unknown_as_printed;dosm_printed_2020_reporting_frame;religion_universe_differs_from_printed_population_total","Islam=87326;Christianity=2725;Buddhism=55160;Hinduism=17354;Others=13290;No Religion/Unknown=1364"
"MY","my-osm-adm2-2020-derived","administrative_district","MY-DIST-126","MY-DOSM-segamat","Segamat",2000,177916,"Agama/ Religion",177916,0,177484,99.7571887857191,432,0.242811214280897,,,,,,,"my-dosm-census-religion-1991-2020","no_religion_line_fused_with_unknown_as_printed;dosm_printed_2020_reporting_frame","Islam=96449;Christianity=2443;Buddhism=55606;Hinduism=15117;Others=7869;No Religion/Unknown=432"
"MY","my-osm-adm2-2020-derived","administrative_district","MY-DIST-126","MY-DOSM-segamat","Segamat",2010,182985,"Agama/ Religion",182985,0,180945,98.8851545208624,2040,1.11484547913763,,,,,,,"my-dosm-census-religion-1991-2020","no_religion_line_fused_with_unknown_as_printed;dosm_printed_2020_reporting_frame","Islam=104577;Christianity=1916;Buddhism=56666;Hinduism=14321;Others=3465;No Religion/Unknown=2040"
"MY","my-osm-adm2-2020-derived","administrative_district","MY-DIST-126","MY-DOSM-segamat","Segamat",2020,197762,"Agama/ Religion",197762,0,195755,98.9851437586594,2007,1.0148562413406,,,,,,,"my-dosm-census-religion-1991-2020","no_religion_line_fused_with_unknown_as_printed;dosm_printed_2020_reporting_frame","Islam=113382;Christianity=2099;Buddhism=62404;Hinduism=16807;Others=1063;No Religion/Unknown=2007"
"MY","my-osm-adm2-2020-derived","administrative_district","MY-DIST-127","MY-DOSM-selama","Selama",1991,,"Agama/ Religion",,,,,,,,,,,,,"my-dosm-census-religion-1991-2020","no_religion_line_fused_with_unknown_as_printed;dosm_printed_2020_reporting_frame;source_cell_unavailable_as_printed",
"MY","my-osm-adm2-2020-derived","administrative_district","MY-DIST-127","MY-DOSM-selama","Selama",2000,,"Agama/ Religion",,,,,,,,,,,,,"my-dosm-census-religion-1991-2020","no_religion_line_fused_with_unknown_as_printed;dosm_printed_2020_reporting_frame;source_cell_unavailable_as_printed",
"MY","my-osm-adm2-2020-derived","administrative_district","MY-DIST-127","MY-DOSM-selama","Selama",2010,,"Agama/ Religion",,,,,,,,,,,,,"my-dosm-census-religion-1991-2020","no_religion_line_fused_with_unknown_as_printed;dosm_printed_2020_reporting_frame;source_cell_unavailable_as_printed",
"MY","my-osm-adm2-2020-derived","administrative_district","MY-DIST-127","MY-DOSM-selama","Selama",2020,34439,"Agama/ Religion",34439,0,34247,99.4424925230117,192,0.557507476988298,,,,,,,"my-dosm-census-religion-1991-2020","no_religion_line_fused_with_unknown_as_printed;dosm_printed_2020_reporting_frame","Islam=31370;Christianity=37;Buddhism=1402;Hinduism=1410;Others=28;No Religion/Unknown=192"
"MY","my-osm-adm2-2020-derived","administrative_district","MY-DIST-128","MY-DOSM-selangau","Selangau",1991,,"Agama/ Religion",,,,,,,,,,,,,"my-dosm-census-religion-1991-2020","no_religion_line_fused_with_unknown_as_printed;dosm_printed_2020_reporting_frame;source_cell_unavailable_as_printed",
"MY","my-osm-adm2-2020-derived","administrative_district","MY-DIST-128","MY-DOSM-selangau","Selangau",2000,,"Agama/ Religion",,,,,,,,,,,,,"my-dosm-census-religion-1991-2020","no_religion_line_fused_with_unknown_as_printed;dosm_printed_2020_reporting_frame;source_cell_unavailable_as_printed",
"MY","my-osm-adm2-2020-derived","administrative_district","MY-DIST-128","MY-DOSM-selangau","Selangau",2010,22318,"Agama/ Religion",22318,0,16902,75.732592526212,5416,24.267407473788,,,,,,,"my-dosm-census-religion-1991-2020","no_religion_line_fused_with_unknown_as_printed;dosm_printed_2020_reporting_frame","Islam=1249;Christianity=14673;Buddhism=16;Hinduism=6;Others=958;No Religion/Unknown=5416"
"MY","my-osm-adm2-2020-derived","administrative_district","MY-DIST-128","MY-DOSM-selangau","Selangau",2020,19844,"Agama/ Religion",19844,0,17359,87.4773231203386,2485,12.5226768796614,,,,,,,"my-dosm-census-religion-1991-2020","no_religion_line_fused_with_unknown_as_printed;dosm_printed_2020_reporting_frame","Islam=1419;Christianity=15510;Buddhism=50;Hinduism=1;Others=379;No Religion/Unknown=2485"
"MY","my-osm-adm2-2020-derived","administrative_district","MY-DIST-129","MY-DOSM-semporna","Semporna",1991,91761,"Agama/ Religion",91828,-67,91001,99.1717614236985,760,0.828238576301479,,,,,,,"my-dosm-census-religion-1991-2020","no_religion_line_fused_with_unknown_as_printed;dosm_printed_2020_reporting_frame;religion_universe_differs_from_printed_population_total","Islam=87799;Christianity=2161;Buddhism=692;Hinduism=55;Others=294;No Religion/Unknown=760"
"MY","my-osm-adm2-2020-derived","administrative_district","MY-DIST-129","MY-DOSM-semporna","Semporna",2000,108526,"Agama/ Religion",108526,0,107669,99.2103274791294,857,0.789672520870575,,,,,,,"my-dosm-census-religion-1991-2020","no_religion_line_fused_with_unknown_as_printed;dosm_printed_2020_reporting_frame","Islam=105001;Christianity=1945;Buddhism=603;Hinduism=14;Others=106;No Religion/Unknown=857"
"MY","my-osm-adm2-2020-derived","administrative_district","MY-DIST-129","MY-DOSM-semporna","Semporna",2010,133164,"Agama/ Religion",133164,0,131909,99.0575530924274,1255,0.942446907572617,,,,,,,"my-dosm-census-religion-1991-2020","no_religion_line_fused_with_unknown_as_printed;dosm_printed_2020_reporting_frame","Islam=129138;Christianity=2230;Buddhism=366;Hinduism=16;Others=159;No Religion/Unknown=1255"
"MY","my-osm-adm2-2020-derived","administrative_district","MY-DIST-129","MY-DOSM-semporna","Semporna",2020,166587,"Agama/ Religion",166587,0,164704,98.8696596973353,1883,1.13034030266467,,,,,,,"my-dosm-census-religion-1991-2020","no_religion_line_fused_with_unknown_as_printed;dosm_printed_2020_reporting_frame","Islam=161797;Christianity=2084;Buddhism=663;Hinduism=86;Others=74;No Religion/Unknown=1883"
"MY","my-osm-adm2-2020-derived","administrative_district","MY-DIST-130","MY-DOSM-sepang","Sepang",1991,54617,"Agama/ Religion",54671,-54,52570,96.2520826848783,2047,3.74791731512167,,,,,,,"my-dosm-census-religion-1991-2020","no_religion_line_fused_with_unknown_as_printed;dosm_printed_2020_reporting_frame;religion_universe_differs_from_printed_population_total","Islam=27376;Christianity=1046;Buddhism=13507;Hinduism=7250;Others=3391;No Religion/Unknown=2047"
"MY","my-osm-adm2-2020-derived","administrative_district","MY-DIST-130","MY-DOSM-sepang","Sepang",2000,108640,"Agama/ Religion",108640,0,107514,98.9635493372607,1126,1.03645066273932,,,,,,,"my-dosm-census-religion-1991-2020","no_religion_line_fused_with_unknown_as_printed;dosm_printed_2020_reporting_frame","Islam=71840;Christianity=1862;Buddhism=18566;Hinduism=12474;Others=2772;No Religion/Unknown=1126"
"MY","my-osm-adm2-2020-derived","administrative_district","MY-DIST-130","MY-DOSM-sepang","Sepang",2010,207354,"Agama/ Religion",207354,0,202914,97.8587343383778,4440,2.14126566162215,,,,,,,"my-dosm-census-religion-1991-2020","no_religion_line_fused_with_unknown_as_printed;dosm_printed_2020_reporting_frame","Islam=140255;Christianity=5712;Buddhism=28313;Hinduism=26809;Others=1825;No Religion/Unknown=4440"
"MY","my-osm-adm2-2020-derived","administrative_district","MY-DIST-130","MY-DOSM-sepang","Sepang",2020,325244,"Agama/ Religion",325244,0,320447,98.5251073040548,4797,1.4748926959452,,,,,,,"my-dosm-census-religion-1991-2020","no_religion_line_fused_with_unknown_as_printed;dosm_printed_2020_reporting_frame","Islam=221158;Christianity=10544;Buddhism=52919;Hinduism=31214;Others=4612;No Religion/Unknown=4797"
"MY","my-osm-adm2-2020-derived","administrative_district","MY-DIST-131","MY-DOSM-seremban","Seremban",1991,263174,"Agama/ Religion",263383,-209,260935,99.1492320669975,2239,0.8507679330025,,,,,,,"my-dosm-census-religion-1991-2020","no_religion_line_fused_with_unknown_as_printed;dosm_printed_2020_reporting_frame;religion_universe_differs_from_printed_population_total","Islam=108883;Christianity=11360;Buddhism=78599;Hinduism=43594;Others=18499;No Religion/Unknown=2239"
"MY","my-osm-adm2-2020-derived","administrative_district","MY-DIST-131","MY-DOSM-seremban","Seremban",2000,383530,"Agama/ Religion",383530,0,381041,99.3510286027169,2489,0.648971397283133,,,,,,,"my-dosm-census-religion-1991-2020","no_religion_line_fused_with_unknown_as_printed;dosm_printed_2020_reporting_frame","Islam=191594;Christianity=16071;Buddhism=94374;Hinduism=61791;Others=17211;No Religion/Unknown=2489"
"MY","my-osm-adm2-2020-derived","administrative_district","MY-DIST-131","MY-DOSM-seremban","Seremban",2010,536147,"Agama/ Religion",536147,0,523632,97.6657521164904,12515,2.33424788350956,,,,,,,"my-dosm-census-religion-1991-2020","no_religion_line_fused_with_unknown_as_printed;dosm_printed_2020_reporting_frame","Islam=297344;Christianity=16825;Buddhism=126326;Hinduism=78563;Others=4574;No Religion/Unknown=12515"
"MY","my-osm-adm2-2020-derived","administrative_district","MY-DIST-131","MY-DOSM-seremban","Seremban",2020,692283,"Agama/ Religion",692283,0,688056,99.3894115556788,4227,0.610588444321181,,,,,,,"my-dosm-census-religion-1991-2020","no_religion_line_fused_with_unknown_as_printed;dosm_printed_2020_reporting_frame","Islam=411915;Christianity=23152;Buddhism=148411;Hinduism=98714;Others=5864;No Religion/Unknown=4227"
"MY","my-osm-adm2-2020-derived","administrative_district","MY-DIST-132","MY-DOSM-serian","Serian",1991,71856,"Agama/ Religion",71874,-18,68664,95.5577822311289,3192,4.44221776887108,,,,,,,"my-dosm-census-religion-1991-2020","no_religion_line_fused_with_unknown_as_printed;dosm_printed_2020_reporting_frame;religion_universe_differs_from_printed_population_total","Islam=8555;Christianity=49430;Buddhism=3346;Hinduism=60;Others=7273;No Religion/Unknown=3192"
"MY","my-osm-adm2-2020-derived","administrative_district","MY-DIST-132","MY-DOSM-serian","Serian",2000,79632,"Agama/ Religion",79632,0,78801,98.956449668475,831,1.04355033152501,,,,,,,"my-dosm-census-religion-1991-2020","no_religion_line_fused_with_unknown_as_printed;dosm_printed_2020_reporting_frame","Islam=10547;Christianity=58090;Buddhism=7025;Hinduism=30;Others=3109;No Religion/Unknown=831"
"MY","my-osm-adm2-2020-derived","administrative_district","MY-DIST-132","MY-DOSM-serian","Serian",2010,89078,"Agama/ Religion",89078,0,88807,99.6957722445497,271,0.30422775545028,,,,,,,"my-dosm-census-religion-1991-2020","no_religion_line_fused_with_unknown_as_printed;dosm_printed_2020_reporting_frame","Islam=13235;Christianity=61770;Buddhism=6630;Hinduism=28;Others=7144;No Religion/Unknown=271"
"MY","my-osm-adm2-2020-derived","administrative_district","MY-DIST-132","MY-DOSM-serian","Serian",2020,85345,"Agama/ Religion",85345,0,85277,99.9203233932861,68,0.0796766067139258,,,,,,,"my-dosm-census-religion-1991-2020","no_religion_line_fused_with_unknown_as_printed;dosm_printed_2020_reporting_frame","Islam=13619;Christianity=58786;Buddhism=12171;Hinduism=60;Others=641;No Religion/Unknown=68"
"MY","my-osm-adm2-2020-derived","administrative_district","MY-DIST-133","MY-DOSM-setiu","Setiu",1991,42420,"Agama/ Religion",42434,-14,42419,99.997642621405,1,0.00235737859500236,,,,,,,"my-dosm-census-religion-1991-2020","no_religion_line_fused_with_unknown_as_printed;dosm_printed_2020_reporting_frame;religion_universe_differs_from_printed_population_total","Islam=42207;Christianity=16;Buddhism=182;Hinduism=3;Others=11;No Religion/Unknown=1"
"MY","my-osm-adm2-2020-derived","administrative_district","MY-DIST-133","MY-DOSM-setiu","Setiu",2000,50346,"Agama/ Religion",50346,0,50345,99.9980137448854,1,0.00198625511460692,,,,,,,"my-dosm-census-religion-1991-2020","no_religion_line_fused_with_unknown_as_printed;dosm_printed_2020_reporting_frame","Islam=50203;Christianity=12;Buddhism=54;Hinduism=8;Others=68;No Religion/Unknown=1"
"MY","my-osm-adm2-2020-derived","administrative_district","MY-DIST-133","MY-DOSM-setiu","Setiu",2010,54563,"Agama/ Religion",54563,0,54563,100,,,,,,,,,"my-dosm-census-religion-1991-2020","no_religion_line_fused_with_unknown_as_printed;dosm_printed_2020_reporting_frame;partial_category_null_as_printed","Islam=54398;Christianity=15;Buddhism=132;Hinduism=18"
"MY","my-osm-adm2-2020-derived","administrative_district","MY-DIST-133","MY-DOSM-setiu","Setiu",2020,59651,"Agama/ Religion",59651,0,59641,99.9832358216962,10,0.0167641783038004,,,,,,,"my-dosm-census-religion-1991-2020","no_religion_line_fused_with_unknown_as_printed;dosm_printed_2020_reporting_frame","Islam=59438;Christianity=54;Buddhism=76;Hinduism=50;Others=23;No Religion/Unknown=10"
"MY","my-osm-adm2-2020-derived","administrative_district","MY-DIST-134","MY-DOSM-sibu","Sibu",1991,169246,"Agama/ Religion",170399,-1153,139451,82.3954480460395,29795,17.6045519539605,,,,,,,"my-dosm-census-religion-1991-2020","no_religion_line_fused_with_unknown_as_printed;dosm_printed_2020_reporting_frame;religion_universe_differs_from_printed_population_total","Islam=30722;Christianity=76597;Buddhism=16140;Hinduism=207;Others=15785;No Religion/Unknown=29795"
"MY","my-osm-adm2-2020-derived","administrative_district","MY-DIST-134","MY-DOSM-sibu","Sibu",2000,210118,"Agama/ Religion",210118,0,189693,90.27927164736,20425,9.72072835263995,,,,,,,"my-dosm-census-religion-1991-2020","no_religion_line_fused_with_unknown_as_printed;dosm_printed_2020_reporting_frame","Islam=40179;Christianity=109747;Buddhism=27115;Hinduism=125;Others=12527;No Religion/Unknown=20425"
"MY","my-osm-adm2-2020-derived","administrative_district","MY-DIST-134","MY-DOSM-sibu","Sibu",2010,240165,"Agama/ Religion",240165,0,224754,93.5831615764162,15411,6.41683842358379,,,,,,,"my-dosm-census-religion-1991-2020","no_religion_line_fused_with_unknown_as_printed;dosm_printed_2020_reporting_frame","Islam=49990;Christianity=119773;Buddhism=40556;Hinduism=254;Others=14181;No Religion/Unknown=15411"
"MY","my-osm-adm2-2020-derived","administrative_district","MY-DIST-134","MY-DOSM-sibu","Sibu",2020,248064,"Agama/ Religion",248064,0,234488,94.5272187822497,13576,5.47278121775026,,,,,,,"my-dosm-census-religion-1991-2020","no_religion_line_fused_with_unknown_as_printed;dosm_printed_2020_reporting_frame","Islam=50017;Christianity=149067;Buddhism=34328;Hinduism=212;Others=864;No Religion/Unknown=13576"
"MY","my-osm-adm2-2020-derived","administrative_district","MY-DIST-135","MY-DOSM-sik","Sik",1991,54443,"Agama/ Religion",54466,-23,54399,99.9191815293059,44,0.0808184706941205,,,,,,,"my-dosm-census-religion-1991-2020","no_religion_line_fused_with_unknown_as_printed;dosm_printed_2020_reporting_frame;religion_universe_differs_from_printed_population_total","Islam=50332;Christianity=13;Buddhism=3927;Hinduism=21;Others=106;No Religion/Unknown=44"
"MY","my-osm-adm2-2020-derived","administrative_district","MY-DIST-135","MY-DOSM-sik","Sik",2000,59556,"Agama/ Religion",59556,0,59548,99.9865672644234,8,0.0134327355766002,,,,,,,"my-dosm-census-religion-1991-2020","no_religion_line_fused_with_unknown_as_printed;dosm_printed_2020_reporting_frame","Islam=55391;Christianity=14;Buddhism=3880;Hinduism=15;Others=248;No Religion/Unknown=8"
"MY","my-osm-adm2-2020-derived","administrative_district","MY-DIST-135","MY-DOSM-sik","Sik",2010,66387,"Agama/ Religion",66387,0,66074,99.528522150421,313,0.471477849578984,,,,,,,"my-dosm-census-religion-1991-2020","no_religion_line_fused_with_unknown_as_printed;dosm_printed_2020_reporting_frame","Islam=61171;Christianity=19;Buddhism=4760;Hinduism=48;Others=76;No Religion/Unknown=313"
"MY","my-osm-adm2-2020-derived","administrative_district","MY-DIST-135","MY-DOSM-sik","Sik",2020,67925,"Agama/ Religion",67925,0,67214,98.9532572690467,711,1.04674273095326,,,,,,,"my-dosm-census-religion-1991-2020","no_religion_line_fused_with_unknown_as_printed;dosm_printed_2020_reporting_frame","Islam=63010;Christianity=42;Buddhism=4087;Hinduism=55;Others=20;No Religion/Unknown=711"
"MY","my-osm-adm2-2020-derived","administrative_district","MY-DIST-136","MY-DOSM-simunjan","Simunjan",1991,45929,"Agama/ Religion",45971,-42,43162,93.9754838990616,2767,6.0245161009384,,,,,,,"my-dosm-census-religion-1991-2020","no_religion_line_fused_with_unknown_as_printed;dosm_printed_2020_reporting_frame;religion_universe_differs_from_printed_population_total","Islam=26925;Christianity=11580;Buddhism=1073;Hinduism=12;Others=3572;No Religion/Unknown=2767"
"MY","my-osm-adm2-2020-derived","administrative_district","MY-DIST-136","MY-DOSM-simunjan","Simunjan",2000,37287,"Agama/ Religion",37287,0,36023,96.6100785796658,1264,3.38992142033416,,,,,,,"my-dosm-census-religion-1991-2020","no_religion_line_fused_with_unknown_as_printed;dosm_printed_2020_reporting_frame","Islam=19995;Christianity=13300;Buddhism=1002;Hinduism=5;Others=1721;No Religion/Unknown=1264"
"MY","my-osm-adm2-2020-derived","administrative_district","MY-DIST-136","MY-DOSM-simunjan","Simunjan",2010,38324,"Agama/ Religion",38324,0,37987,99.120655463939,337,0.879344536060954,,,,,,,"my-dosm-census-religion-1991-2020","no_religion_line_fused_with_unknown_as_printed;dosm_printed_2020_reporting_frame","Islam=22184;Christianity=12854;Buddhism=818;Hinduism=6;Others=2125;No Religion/Unknown=337"
"MY","my-osm-adm2-2020-derived","administrative_district","MY-DIST-136","MY-DOSM-simunjan","Simunjan",2020,36211,"Agama/ Religion",36211,0,36139,99.8011653917318,72,0.198834608268206,,,,,,,"my-dosm-census-religion-1991-2020","no_religion_line_fused_with_unknown_as_printed;dosm_printed_2020_reporting_frame","Islam=22283;Christianity=13108;Buddhism=610;Hinduism=12;Others=126;No Religion/Unknown=72"
"MY","my-osm-adm2-2020-derived","administrative_district","MY-DIST-137","MY-DOSM-sipitang","Sipitang",1991,24308,"Agama/ Religion",24349,-41,24239,99.716142833635,69,0.283857166364983,,,,,,,"my-dosm-census-religion-1991-2020","no_religion_line_fused_with_unknown_as_printed;dosm_printed_2020_reporting_frame;religion_universe_differs_from_printed_population_total","Islam=14724;Christianity=8244;Buddhism=1076;Hinduism=120;Others=75;No Religion/Unknown=69"
"MY","my-osm-adm2-2020-derived","administrative_district","MY-DIST-137","MY-DOSM-sipitang","Sipitang",2000,29256,"Agama/ Religion",29256,0,29221,99.8803664205633,35,0.119633579436697,,,,,,,"my-dosm-census-religion-1991-2020","no_religion_line_fused_with_unknown_as_printed;dosm_printed_2020_reporting_frame","Islam=17132;Christianity=11237;Buddhism=751;Hinduism=19;Others=82;No Religion/Unknown=35"
"MY","my-osm-adm2-2020-derived","administrative_district","MY-DIST-137","MY-DOSM-sipitang","Sipitang",2010,34862,"Agama/ Religion",34862,0,34635,99.3488612242556,227,0.651138775744364,,,,,,,"my-dosm-census-religion-1991-2020","no_religion_line_fused_with_unknown_as_printed;dosm_printed_2020_reporting_frame","Islam=21321;Christianity=12278;Buddhism=958;Hinduism=49;Others=29;No Religion/Unknown=227"
"MY","my-osm-adm2-2020-derived","administrative_district","MY-DIST-137","MY-DOSM-sipitang","Sipitang",2020,37828,"Agama/ Religion",37828,0,37791,99.9021888548165,37,0.097811145183462,,,,,,,"my-dosm-census-religion-1991-2020","no_religion_line_fused_with_unknown_as_printed;dosm_printed_2020_reporting_frame","Islam=26785;Christianity=10543;Buddhism=442;Hinduism=18;Others=3;No Religion/Unknown=37"
"MY","my-osm-adm2-2020-derived","administrative_district","MY-DIST-138","MY-DOSM-song","Song",1991,17488,"Agama/ Religion",17576,-88,17158,98.1129917657823,330,1.88700823421775,,,,,,,"my-dosm-census-religion-1991-2020","no_religion_line_fused_with_unknown_as_printed;dosm_printed_2020_reporting_frame;religion_universe_differs_from_printed_population_total","Islam=605;Christianity=6451;Buddhism=444;Hinduism=8;Others=9650;No Religion/Unknown=330"
"MY","my-osm-adm2-2020-derived","administrative_district","MY-DIST-138","MY-DOSM-song","Song",2000,19236,"Agama/ Religion",19236,0,17835,92.7167810355583,1401,7.28321896444167,,,,,,,"my-dosm-census-religion-1991-2020","no_religion_line_fused_with_unknown_as_printed;dosm_printed_2020_reporting_frame","Islam=873;Christianity=9829;Buddhism=417;Hinduism=4;Others=6712;No Religion/Unknown=1401"
"MY","my-osm-adm2-2020-derived","administrative_district","MY-DIST-138","MY-DOSM-song","Song",2010,20105,"Agama/ Religion",20105,0,16212,80.6366575478737,3893,19.3633424521263,,,,,,,"my-dosm-census-religion-1991-2020","no_religion_line_fused_with_unknown_as_printed;dosm_printed_2020_reporting_frame","Islam=997;Christianity=14096;Buddhism=739;Hinduism=42;Others=338;No Religion/Unknown=3893"
"MY","my-osm-adm2-2020-derived","administrative_district","MY-DIST-138","MY-DOSM-song","Song",2020,9961,"Agama/ Religion",9961,0,9837,98.7551450657565,124,1.24485493424355,,,,,,,"my-dosm-census-religion-1991-2020","no_religion_line_fused_with_unknown_as_printed;dosm_printed_2020_reporting_frame","Islam=690;Christianity=7899;Buddhism=236;Hinduism=2;Others=1010;No Religion/Unknown=124"
"MY","my-osm-adm2-2020-derived","administrative_district","MY-DIST-139","MY-DOSM-sri-aman","Sri Aman",1991,58432,"Agama/ Religion",58639,-207,54398,93.0962486308872,4034,6.90375136911281,,,,,,,"my-dosm-census-religion-1991-2020","no_religion_line_fused_with_unknown_as_printed;dosm_printed_2020_reporting_frame;religion_universe_differs_from_printed_population_total","Islam=15369;Christianity=27032;Buddhism=2907;Hinduism=28;Others=9062;No Religion/Unknown=4034"
"MY","my-osm-adm2-2020-derived","administrative_district","MY-DIST-139","MY-DOSM-sri-aman","Sri Aman",2000,62775,"Agama/ Religion",62775,0,61033,97.2250099561927,1742,2.77499004380725,,,,,,,"my-dosm-census-religion-1991-2020","no_religion_line_fused_with_unknown_as_printed;dosm_printed_2020_reporting_frame","Islam=18530;Christianity=34240;Buddhism=5167;Hinduism=19;Others=3077;No Religion/Unknown=1742"
"MY","my-osm-adm2-2020-derived","administrative_district","MY-DIST-139","MY-DOSM-sri-aman","Sri Aman",2010,64500,"Agama/ Religion",64500,0,64343,99.7565891472868,157,0.243410852713178,,,,,,,"my-dosm-census-religion-1991-2020","no_religion_line_fused_with_unknown_as_printed;dosm_printed_2020_reporting_frame","Islam=17207;Christianity=30060;Buddhism=7124;Hinduism=56;Others=9896;No Religion/Unknown=157"
"MY","my-osm-adm2-2020-derived","administrative_district","MY-DIST-139","MY-DOSM-sri-aman","Sri Aman",2020,61238,"Agama/ Religion",61238,0,60601,98.9597962049708,637,1.04020379502923,,,,,,,"my-dosm-census-religion-1991-2020","no_religion_line_fused_with_unknown_as_printed;dosm_printed_2020_reporting_frame","Islam=16407;Christianity=38675;Buddhism=5381;Hinduism=26;Others=112;No Religion/Unknown=637"
"MY","my-osm-adm2-2020-derived","administrative_district","MY-DIST-140","MY-DOSM-subis","Subis",1991,,"Agama/ Religion",,,,,,,,,,,,,"my-dosm-census-religion-1991-2020","no_religion_line_fused_with_unknown_as_printed;dosm_printed_2020_reporting_frame;source_cell_unavailable_as_printed",
"MY","my-osm-adm2-2020-derived","administrative_district","MY-DIST-140","MY-DOSM-subis","Subis",2000,,"Agama/ Religion",,,,,,,,,,,,,"my-dosm-census-religion-1991-2020","no_religion_line_fused_with_unknown_as_printed;dosm_printed_2020_reporting_frame;source_cell_unavailable_as_printed",
"MY","my-osm-adm2-2020-derived","administrative_district","MY-DIST-140","MY-DOSM-subis","Subis",2010,,"Agama/ Religion",,,,,,,,,,,,,"my-dosm-census-religion-1991-2020","no_religion_line_fused_with_unknown_as_printed;dosm_printed_2020_reporting_frame;source_cell_unavailable_as_printed",
"MY","my-osm-adm2-2020-derived","administrative_district","MY-DIST-140","MY-DOSM-subis","Subis",2020,57289,"Agama/ Religion",57289,0,54058,94.3601738553649,3231,5.6398261446351,,,,,,,"my-dosm-census-religion-1991-2020","no_religion_line_fused_with_unknown_as_printed;dosm_printed_2020_reporting_frame","Islam=26089;Christianity=25283;Buddhism=1494;Hinduism=20;Others=1172;No Religion/Unknown=3231"
"MY","my-osm-adm2-2020-derived","administrative_district","MY-DIST-141","MY-DOSM-tambunan","Tambunan",1991,19696,"Agama/ Religion",19726,-30,18111,91.9526807473599,1585,8.04731925264013,,,,,,,"my-dosm-census-religion-1991-2020","no_religion_line_fused_with_unknown_as_printed;dosm_printed_2020_reporting_frame;religion_universe_differs_from_printed_population_total","Islam=3030;Christianity=14743;Buddhism=218;Hinduism=17;Others=103;No Religion/Unknown=1585"
"MY","my-osm-adm2-2020-derived","administrative_district","MY-DIST-141","MY-DOSM-tambunan","Tambunan",2000,27825,"Agama/ Religion",27825,0,27225,97.8436657681941,600,2.15633423180593,,,,,,,"my-dosm-census-religion-1991-2020","no_religion_line_fused_with_unknown_as_printed;dosm_printed_2020_reporting_frame","Islam=4831;Christianity=21896;Buddhism=182;Hinduism=13;Others=303;No Religion/Unknown=600"
"MY","my-osm-adm2-2020-derived","administrative_district","MY-DIST-141","MY-DOSM-tambunan","Tambunan",2010,35667,"Agama/ Religion",35667,0,35297,98.9626265175092,370,1.03737348249082,,,,,,,"my-dosm-census-religion-1991-2020","no_religion_line_fused_with_unknown_as_printed;dosm_printed_2020_reporting_frame;partial_category_null_as_printed","Islam=9154;Christianity=25892;Buddhism=248;Hinduism=3;No Religion/Unknown=370"
"MY","my-osm-adm2-2020-derived","administrative_district","MY-DIST-141","MY-DOSM-tambunan","Tambunan",2020,31573,"Agama/ Religion",31573,0,31539,99.8923130522915,34,0.107686947708485,,,,,,,"my-dosm-census-religion-1991-2020","no_religion_line_fused_with_unknown_as_printed;dosm_printed_2020_reporting_frame","Islam=6236;Christianity=25181;Buddhism=75;Hinduism=46;Others=1;No Religion/Unknown=34"
"MY","my-osm-adm2-2020-derived","administrative_district","MY-DIST-142","MY-DOSM-tampin","Tampin",1991,72251,"Agama/ Religion",72295,-44,72071,99.75086850009,180,0.249131499910036,,,,,,,"my-dosm-census-religion-1991-2020","no_religion_line_fused_with_unknown_as_printed;dosm_printed_2020_reporting_frame;religion_universe_differs_from_printed_population_total","Islam=45442;Christianity=977;Buddhism=14815;Hinduism=9480;Others=1357;No Religion/Unknown=180"
"MY","my-osm-adm2-2020-derived","administrative_district","MY-DIST-142","MY-DOSM-tampin","Tampin",2000,77021,"Agama/ Religion",77021,0,76755,99.6546396437335,266,0.345360356266473,,,,,,,"my-dosm-census-religion-1991-2020","no_religion_line_fused_with_unknown_as_printed;dosm_printed_2020_reporting_frame","Islam=48131;Christianity=1363;Buddhism=15184;Hinduism=10282;Others=1795;No Religion/Unknown=266"
"MY","my-osm-adm2-2020-derived","administrative_district","MY-DIST-142","MY-DOSM-tampin","Tampin",2010,82165,"Agama/ Religion",82165,0,82029,99.8344794012049,136,0.165520598795107,,,,,,,"my-dosm-census-religion-1991-2020","no_religion_line_fused_with_unknown_as_printed;dosm_printed_2020_reporting_frame","Islam=50388;Christianity=1957;Buddhism=18331;Hinduism=10972;Others=381;No Religion/Unknown=136"
"MY","my-osm-adm2-2020-derived","administrative_district","MY-DIST-142","MY-DOSM-tampin","Tampin",2020,88123,"Agama/ Religion",88123,0,87887,99.7321925036597,236,0.267807496340342,,,,,,,"my-dosm-census-religion-1991-2020","no_religion_line_fused_with_unknown_as_printed;dosm_printed_2020_reporting_frame","Islam=54492;Christianity=2224;Buddhism=19453;Hinduism=11427;Others=291;No Religion/Unknown=236"
"MY","my-osm-adm2-2020-derived","administrative_district","MY-DIST-143","MY-DOSM-tanah-merah","Tanah Merah",1991,94584,"Agama/ Religion",94611,-27,94549,99.9629958555358,35,0.03700414446418,,,,,,,"my-dosm-census-religion-1991-2020","no_religion_line_fused_with_unknown_as_printed;dosm_printed_2020_reporting_frame;religion_universe_differs_from_printed_population_total","Islam=89551;Christianity=74;Buddhism=3992;Hinduism=826;Others=106;No Religion/Unknown=35"
"MY","my-osm-adm2-2020-derived","administrative_district","MY-DIST-143","MY-DOSM-tanah-merah","Tanah Merah",2000,101509,"Agama/ Religion",101509,0,101500,99.9911337910924,9,0.00886620890758455,,,,,,,"my-dosm-census-religion-1991-2020","no_religion_line_fused_with_unknown_as_printed;dosm_printed_2020_reporting_frame","Islam=96923;Christianity=37;Buddhism=4039;Hinduism=459;Others=42;No Religion/Unknown=9"
"MY","my-osm-adm2-2020-derived","administrative_district","MY-DIST-143","MY-DOSM-tanah-merah","Tanah Merah",2010,115949,"Agama/ Religion",115949,0,115721,99.8033618228704,228,0.1966381771296,,,,,,,"my-dosm-census-religion-1991-2020","no_religion_line_fused_with_unknown_as_printed;dosm_printed_2020_reporting_frame","Islam=110730;Christianity=284;Buddhism=4303;Hinduism=362;Others=42;No Religion/Unknown=228"
"MY","my-osm-adm2-2020-derived","administrative_district","MY-DIST-143","MY-DOSM-tanah-merah","Tanah Merah",2020,150766,"Agama/ Religion",150766,0,149600,99.2266160805487,1166,0.773383919451335,,,,,,,"my-dosm-census-religion-1991-2020","no_religion_line_fused_with_unknown_as_printed;dosm_printed_2020_reporting_frame","Islam=143648;Christianity=484;Buddhism=5017;Hinduism=434;Others=17;No Religion/Unknown=1166"
"MY","my-osm-adm2-2020-derived","administrative_district","MY-DIST-144","MY-DOSM-tangkak","Tangkak",1991,,"Agama/ Religion",,,,,,,,,,,,,"my-dosm-census-religion-1991-2020","no_religion_line_fused_with_unknown_as_printed;dosm_printed_2020_reporting_frame;source_cell_unavailable_as_printed",
"MY","my-osm-adm2-2020-derived","administrative_district","MY-DIST-144","MY-DOSM-tangkak","Tangkak",2000,,"Agama/ Religion",,,,,,,,,,,,,"my-dosm-census-religion-1991-2020","no_religion_line_fused_with_unknown_as_printed;dosm_printed_2020_reporting_frame;source_cell_unavailable_as_printed",
"MY","my-osm-adm2-2020-derived","administrative_district","MY-DIST-144","MY-DOSM-tangkak","Tangkak",2010,131890,"Agama/ Religion",131890,0,130950,99.2872848585943,940,0.712715141405717,,,,,,,"my-dosm-census-religion-1991-2020","no_religion_line_fused_with_unknown_as_printed;dosm_printed_2020_reporting_frame","Islam=78977;Christianity=18734;Buddhism=18753;Hinduism=6365;Others=8121;No Religion/Unknown=940"
"MY","my-osm-adm2-2020-derived","administrative_district","MY-DIST-144","MY-DOSM-tangkak","Tangkak",2020,163449,"Agama/ Religion",163449,0,162951,99.695317805554,498,0.304682194445974,,,,,,,"my-dosm-census-religion-1991-2020","no_religion_line_fused_with_unknown_as_printed;dosm_printed_2020_reporting_frame","Islam=108783;Christianity=1963;Buddhism=41096;Hinduism=9226;Others=1883;No Religion/Unknown=498"
"MY","my-osm-adm2-2020-derived","administrative_district","MY-DIST-145","MY-DOSM-tanjung-manis","Tanjung Manis",1991,,"Agama/ Religion",,,,,,,,,,,,,"my-dosm-census-religion-1991-2020","no_religion_line_fused_with_unknown_as_printed;dosm_printed_2020_reporting_frame;source_cell_unavailable_as_printed",
"MY","my-osm-adm2-2020-derived","administrative_district","MY-DIST-145","MY-DOSM-tanjung-manis","Tanjung Manis",2000,,"Agama/ Religion",,,,,,,,,,,,,"my-dosm-census-religion-1991-2020","no_religion_line_fused_with_unknown_as_printed;dosm_printed_2020_reporting_frame;source_cell_unavailable_as_printed",
"MY","my-osm-adm2-2020-derived","administrative_district","MY-DIST-145","MY-DOSM-tanjung-manis","Tanjung Manis",2010,,"Agama/ Religion",,,,,,,,,,,,,"my-dosm-census-religion-1991-2020","no_religion_line_fused_with_unknown_as_printed;dosm_printed_2020_reporting_frame;source_cell_unavailable_as_printed",
"MY","my-osm-adm2-2020-derived","administrative_district","MY-DIST-145","MY-DOSM-tanjung-manis","Tanjung Manis",2020,7946,"Agama/ Religion",7946,0,7729,97.2690661968286,217,2.73093380317141,,,,,,,"my-dosm-census-religion-1991-2020","no_religion_line_fused_with_unknown_as_printed;dosm_printed_2020_reporting_frame","Islam=6317;Christianity=1241;Buddhism=47;Hinduism=2;Others=122;No Religion/Unknown=217"
"MY","my-osm-adm2-2020-derived","administrative_district","MY-DIST-146","MY-DOSM-tatau","Tatau",1991,21123,"Agama/ Religion",21124,-1,19074,90.2996733418549,2049,9.70032665814515,,,,,,,"my-dosm-census-religion-1991-2020","no_religion_line_fused_with_unknown_as_printed;dosm_printed_2020_reporting_frame;religion_universe_differs_from_printed_population_total","Islam=2354;Christianity=7645;Buddhism=690;Hinduism=9;Others=8376;No Religion/Unknown=2049"
"MY","my-osm-adm2-2020-derived","administrative_district","MY-DIST-146","MY-DOSM-tatau","Tatau",2000,23241,"Agama/ Religion",23241,0,21583,92.8660556774665,1658,7.13394432253345,,,,,,,"my-dosm-census-religion-1991-2020","no_religion_line_fused_with_unknown_as_printed;dosm_printed_2020_reporting_frame","Islam=4327;Christianity=10985;Buddhism=863;Hinduism=3;Others=5405;No Religion/Unknown=1658"
"MY","my-osm-adm2-2020-derived","administrative_district","MY-DIST-146","MY-DOSM-tatau","Tatau",2010,29592,"Agama/ Religion",29592,0,26465,89.4329548526629,3127,10.5670451473371,,,,,,,"my-dosm-census-religion-1991-2020","no_religion_line_fused_with_unknown_as_printed;dosm_printed_2020_reporting_frame","Islam=5323;Christianity=15731;Buddhism=1114;Hinduism=44;Others=4253;No Religion/Unknown=3127"
"MY","my-osm-adm2-2020-derived","administrative_district","MY-DIST-146","MY-DOSM-tatau","Tatau",2020,31920,"Agama/ Religion",31920,0,31539,98.8063909774436,381,1.19360902255639,,,,,,,"my-dosm-census-religion-1991-2020","no_religion_line_fused_with_unknown_as_printed;dosm_printed_2020_reporting_frame","Islam=5960;Christianity=24764;Buddhism=660;Hinduism=7;Others=148;No Religion/Unknown=381"
"MY","my-osm-adm2-2020-derived","administrative_district","MY-DIST-147","MY-DOSM-tawau","Tawau",1991,243332,"Agama/ Religion",244728,-1396,242144,99.5117781467296,1188,0.488221853270429,,,,,,,"my-dosm-census-religion-1991-2020","no_religion_line_fused_with_unknown_as_printed;dosm_printed_2020_reporting_frame;religion_universe_differs_from_printed_population_total","Islam=187399;Christianity=26757;Buddhism=23099;Hinduism=528;Others=4361;No Religion/Unknown=1188"
"MY","my-osm-adm2-2020-derived","administrative_district","MY-DIST-147","MY-DOSM-tawau","Tawau",2000,305080,"Agama/ Religion",305080,0,304289,99.7407237445916,791,0.259276255408417,,,,,,,"my-dosm-census-religion-1991-2020","no_religion_line_fused_with_unknown_as_printed;dosm_printed_2020_reporting_frame","Islam=244228;Christianity=32677;Buddhism=24959;Hinduism=307;Others=2118;No Religion/Unknown=791"
"MY","my-osm-adm2-2020-derived","administrative_district","MY-DIST-147","MY-DOSM-tawau","Tawau",2010,397673,"Agama/ Religion",397673,0,396279,99.6494607378424,1394,0.350539262157602,,,,,,,"my-dosm-census-religion-1991-2020","no_religion_line_fused_with_unknown_as_printed;dosm_printed_2020_reporting_frame","Islam=325222;Christianity=41437;Buddhism=29070;Hinduism=303;Others=247;No Religion/Unknown=1394"
"MY","my-osm-adm2-2020-derived","administrative_district","MY-DIST-147","MY-DOSM-tawau","Tawau",2020,372615,"Agama/ Religion",372615,0,371021,99.5722126055043,1594,0.427787394495659,,,,,,,"my-dosm-census-religion-1991-2020","no_religion_line_fused_with_unknown_as_printed;dosm_printed_2020_reporting_frame","Islam=312211;Christianity=28253;Buddhism=29984;Hinduism=331;Others=242;No Religion/Unknown=1594"
"MY","my-osm-adm2-2020-derived","administrative_district","MY-DIST-148","MY-DOSM-tebedu","Tebedu",1991,,"Agama/ Religion",,,,,,,,,,,,,"my-dosm-census-religion-1991-2020","no_religion_line_fused_with_unknown_as_printed;dosm_printed_2020_reporting_frame;source_cell_unavailable_as_printed",
"MY","my-osm-adm2-2020-derived","administrative_district","MY-DIST-148","MY-DOSM-tebedu","Tebedu",2000,,"Agama/ Religion",,,,,,,,,,,,,"my-dosm-census-religion-1991-2020","no_religion_line_fused_with_unknown_as_printed;dosm_printed_2020_reporting_frame;source_cell_unavailable_as_printed",
"MY","my-osm-adm2-2020-derived","administrative_district","MY-DIST-148","MY-DOSM-tebedu","Tebedu",2010,,"Agama/ Religion",,,,,,,,,,,,,"my-dosm-census-religion-1991-2020","no_religion_line_fused_with_unknown_as_printed;dosm_printed_2020_reporting_frame;source_cell_unavailable_as_printed",
"MY","my-osm-adm2-2020-derived","administrative_district","MY-DIST-148","MY-DOSM-tebedu","Tebedu",2020,25232,"Agama/ Religion",25232,0,25231,99.9960367786937,1,0.00396322130627774,,,,,,,"my-dosm-census-religion-1991-2020","no_religion_line_fused_with_unknown_as_printed;dosm_printed_2020_reporting_frame;partial_category_null_as_printed","Islam=1667;Christianity=23488;Buddhism=74;Others=2;No Religion/Unknown=1"
"MY","my-osm-adm2-2020-derived","administrative_district","MY-DIST-149","MY-DOSM-telang-usan","Telang Usan",1991,,"Agama/ Religion",,,,,,,,,,,,,"my-dosm-census-religion-1991-2020","no_religion_line_fused_with_unknown_as_printed;dosm_printed_2020_reporting_frame;source_cell_unavailable_as_printed",
"MY","my-osm-adm2-2020-derived","administrative_district","MY-DIST-149","MY-DOSM-telang-usan","Telang Usan",2000,,"Agama/ Religion",,,,,,,,,,,,,"my-dosm-census-religion-1991-2020","no_religion_line_fused_with_unknown_as_printed;dosm_printed_2020_reporting_frame;source_cell_unavailable_as_printed",
"MY","my-osm-adm2-2020-derived","administrative_district","MY-DIST-149","MY-DOSM-telang-usan","Telang Usan",2010,,"Agama/ Religion",,,,,,,,,,,,,"my-dosm-census-religion-1991-2020","no_religion_line_fused_with_unknown_as_printed;dosm_printed_2020_reporting_frame;source_cell_unavailable_as_printed",
"MY","my-osm-adm2-2020-derived","administrative_district","MY-DIST-149","MY-DOSM-telang-usan","Telang Usan",2020,17406,"Agama/ Religion",17406,0,17406,100,,,,,,,,,"my-dosm-census-religion-1991-2020","no_religion_line_fused_with_unknown_as_printed;dosm_printed_2020_reporting_frame;partial_category_null_as_printed","Islam=406;Christianity=16919;Buddhism=74;Others=7"
"MY","my-osm-adm2-2020-derived","administrative_district","MY-DIST-150","MY-DOSM-telupid","Telupid",1991,,"Agama/ Religion",,,,,,,,,,,,,"my-dosm-census-religion-1991-2020","no_religion_line_fused_with_unknown_as_printed;dosm_printed_2020_reporting_frame;source_cell_unavailable_as_printed",
"MY","my-osm-adm2-2020-derived","administrative_district","MY-DIST-150","MY-DOSM-telupid","Telupid",2000,,"Agama/ Religion",,,,,,,,,,,,,"my-dosm-census-religion-1991-2020","no_religion_line_fused_with_unknown_as_printed;dosm_printed_2020_reporting_frame;source_cell_unavailable_as_printed",
"MY","my-osm-adm2-2020-derived","administrative_district","MY-DIST-150","MY-DOSM-telupid","Telupid",2010,,"Agama/ Religion",,,,,,,,,,,,,"my-dosm-census-religion-1991-2020","no_religion_line_fused_with_unknown_as_printed;dosm_printed_2020_reporting_frame;source_cell_unavailable_as_printed",
"MY","my-osm-adm2-2020-derived","administrative_district","MY-DIST-150","MY-DOSM-telupid","Telupid",2020,29241,"Agama/ Religion",29241,0,29214,99.9076638965836,27,0.0923361034164358,,,,,,,"my-dosm-census-religion-1991-2020","no_religion_line_fused_with_unknown_as_printed;dosm_printed_2020_reporting_frame;partial_category_null_as_printed","Islam=15754;Christianity=13383;Buddhism=54;Hinduism=23;No Religion/Unknown=27"
"MY","my-osm-adm2-2020-derived","administrative_district","MY-DIST-151","MY-DOSM-temerloh","Temerloh",1991,186432,"Agama/ Religion",186907,-475,184611,99.023236354274,1821,0.976763645726056,,,,,,,"my-dosm-census-religion-1991-2020","no_religion_line_fused_with_unknown_as_printed;dosm_printed_2020_reporting_frame;religion_universe_differs_from_printed_population_total","Islam=124474;Christianity=1760;Buddhism=28942;Hinduism=13036;Others=16399;No Religion/Unknown=1821"
"MY","my-osm-adm2-2020-derived","administrative_district","MY-DIST-151","MY-DOSM-temerloh","Temerloh",2000,136214,"Agama/ Religion",136214,0,134869,99.0125831412336,1345,0.987416858766353,,,,,,,"my-dosm-census-religion-1991-2020","no_religion_line_fused_with_unknown_as_printed;dosm_printed_2020_reporting_frame","Islam=96731;Christianity=1891;Buddhism=19030;Hinduism=11129;Others=6088;No Religion/Unknown=1345"
"MY","my-osm-adm2-2020-derived","administrative_district","MY-DIST-151","MY-DOSM-temerloh","Temerloh",2010,158724,"Agama/ Religion",158724,0,155352,97.8755575716338,3372,2.12444242836622,,,,,,,"my-dosm-census-religion-1991-2020","no_religion_line_fused_with_unknown_as_printed;dosm_printed_2020_reporting_frame","Islam=115704;Christianity=2197;Buddhism=23676;Hinduism=11510;Others=2265;No Religion/Unknown=3372"
"MY","my-osm-adm2-2020-derived","administrative_district","MY-DIST-151","MY-DOSM-temerloh","Temerloh",2020,169023,"Agama/ Religion",169023,0,162771,96.3010951172326,6252,3.69890488276743,,,,,,,"my-dosm-census-religion-1991-2020","no_religion_line_fused_with_unknown_as_printed;dosm_printed_2020_reporting_frame","Islam=126947;Christianity=3128;Buddhism=22464;Hinduism=9623;Others=609;No Religion/Unknown=6252"
"MY","my-osm-adm2-2020-derived","administrative_district","MY-DIST-152","MY-DOSM-tenom","Tenom",1991,37893,"Agama/ Religion",37954,-61,36517,96.3687224553348,1376,3.63127754466524,,,,,,,"my-dosm-census-religion-1991-2020","no_religion_line_fused_with_unknown_as_printed;dosm_printed_2020_reporting_frame;religion_universe_differs_from_printed_population_total","Islam=9537;Christianity=24039;Buddhism=2085;Hinduism=43;Others=813;No Religion/Unknown=1376"
"MY","my-osm-adm2-2020-derived","administrative_district","MY-DIST-152","MY-DOSM-tenom","Tenom",2000,46106,"Agama/ Religion",46106,0,45346,98.3516245174164,760,1.64837548258361,,,,,,,"my-dosm-census-religion-1991-2020","no_religion_line_fused_with_unknown_as_printed;dosm_printed_2020_reporting_frame","Islam=10610;Christianity=31747;Buddhism=2600;Hinduism=47;Others=342;No Religion/Unknown=760"
"MY","my-osm-adm2-2020-derived","administrative_district","MY-DIST-152","MY-DOSM-tenom","Tenom",2010,55553,"Agama/ Religion",55553,0,55303,99.5499792990478,250,0.450020700952244,,,,,,,"my-dosm-census-religion-1991-2020","no_religion_line_fused_with_unknown_as_printed;dosm_printed_2020_reporting_frame","Islam=14713;Christianity=37484;Buddhism=3067;Hinduism=25;Others=14;No Religion/Unknown=250"
"MY","my-osm-adm2-2020-derived","administrative_district","MY-DIST-152","MY-DOSM-tenom","Tenom",2020,51328,"Agama/ Religion",51328,0,51277,99.9006390274314,51,0.0993609725685786,,,,,,,"my-dosm-census-religion-1991-2020","no_religion_line_fused_with_unknown_as_printed;dosm_printed_2020_reporting_frame","Islam=13678;Christianity=36144;Buddhism=1410;Hinduism=20;Others=25;No Religion/Unknown=51"
"MY","my-osm-adm2-2020-derived","administrative_district","MY-DIST-153","MY-DOSM-timur-laut","Timur Laut",1991,388365,"Agama/ Religion",395714,-7349,383874,98.8436136109073,4491,1.15638638909273,,,,,,,"my-dosm-census-religion-1991-2020","no_religion_line_fused_with_unknown_as_printed;dosm_printed_2020_reporting_frame;religion_universe_differs_from_printed_population_total","Islam=94477;Christianity=20142;Buddhism=186755;Hinduism=28922;Others=53578;No Religion/Unknown=4491"
"MY","my-osm-adm2-2020-derived","administrative_district","MY-DIST-153","MY-DOSM-timur-laut","Timur Laut",2000,416369,"Agama/ Religion",416369,0,411160,98.748946247199,5209,1.251053752801,,,,,,,"my-dosm-census-religion-1991-2020","no_religion_line_fused_with_unknown_as_printed;dosm_printed_2020_reporting_frame","Islam=107888;Christianity=25268;Buddhism=201179;Hinduism=31176;Others=45649;No Religion/Unknown=5209"
"MY","my-osm-adm2-2020-derived","administrative_district","MY-DIST-153","MY-DOSM-timur-laut","Timur Laut",2010,510996,"Agama/ Religion",510996,0,504177,98.6655472841275,6819,1.33445271587253,,,,,,,"my-dosm-census-religion-1991-2020","no_religion_line_fused_with_unknown_as_printed;dosm_printed_2020_reporting_frame","Islam=131025;Christianity=27061;Buddhism=272607;Hinduism=39298;Others=34186;No Religion/Unknown=6819"
"MY","my-osm-adm2-2020-derived","administrative_district","MY-DIST-153","MY-DOSM-timur-laut","Timur Laut",2020,556575,"Agama/ Religion",556575,0,549800,98.7827336836904,6775,1.21726631630957,,,,,,,"my-dosm-census-religion-1991-2020","no_religion_line_fused_with_unknown_as_printed;dosm_printed_2020_reporting_frame","Islam=154898;Christianity=39865;Buddhism=292135;Hinduism=42582;Others=20320;No Religion/Unknown=6775"
"MY","my-osm-adm2-2020-derived","administrative_district","MY-DIST-154","MY-DOSM-tongod","Tongod",1991,,"Agama/ Religion",,,,,,,,,,,,,"my-dosm-census-religion-1991-2020","no_religion_line_fused_with_unknown_as_printed;dosm_printed_2020_reporting_frame;source_cell_unavailable_as_printed",
"MY","my-osm-adm2-2020-derived","administrative_district","MY-DIST-154","MY-DOSM-tongod","Tongod",2000,23730,"Agama/ Religion",23730,0,23668,99.7387273493468,62,0.261272650653182,,,,,,,"my-dosm-census-religion-1991-2020","no_religion_line_fused_with_unknown_as_printed;dosm_printed_2020_reporting_frame","Islam=7061;Christianity=16461;Buddhism=127;Hinduism=3;Others=16;No Religion/Unknown=62"
"MY","my-osm-adm2-2020-derived","administrative_district","MY-DIST-154","MY-DOSM-tongod","Tongod",2010,35341,"Agama/ Religion",35341,0,33213,93.9786650066495,2128,6.0213349933505,,,,,,,"my-dosm-census-religion-1991-2020","no_religion_line_fused_with_unknown_as_printed;dosm_printed_2020_reporting_frame","Islam=13972;Christianity=18984;Buddhism=227;Hinduism=24;Others=6;No Religion/Unknown=2128"
"MY","my-osm-adm2-2020-derived","administrative_district","MY-DIST-154","MY-DOSM-tongod","Tongod",2020,42742,"Agama/ Religion",42742,0,42723,99.9555472369098,19,0.0444527630901689,,,,,,,"my-dosm-census-religion-1991-2020","no_religion_line_fused_with_unknown_as_printed;dosm_printed_2020_reporting_frame","Islam=22663;Christianity=19740;Buddhism=164;Hinduism=148;Others=8;No Religion/Unknown=19"
"MY","my-osm-adm2-2020-derived","administrative_district","MY-DIST-155","MY-DOSM-tuaran","Tuaran",1991,63986,"Agama/ Religion",63995,-9,62386,97.4994530053449,1600,2.50054699465508,,,,,,,"my-dosm-census-religion-1991-2020","no_religion_line_fused_with_unknown_as_printed;dosm_printed_2020_reporting_frame;religion_universe_differs_from_printed_population_total","Islam=28866;Christianity=29985;Buddhism=2814;Hinduism=52;Others=669;No Religion/Unknown=1600"
"MY","my-osm-adm2-2020-derived","administrative_district","MY-DIST-155","MY-DOSM-tuaran","Tuaran",2000,81215,"Agama/ Religion",81215,0,80490,99.1073077633442,725,0.89269223665579,,,,,,,"my-dosm-census-religion-1991-2020","no_religion_line_fused_with_unknown_as_printed;dosm_printed_2020_reporting_frame","Islam=39276;Christianity=37835;Buddhism=2899;Hinduism=55;Others=425;No Religion/Unknown=725"
"MY","my-osm-adm2-2020-derived","administrative_district","MY-DIST-155","MY-DOSM-tuaran","Tuaran",2010,102411,"Agama/ Religion",102411,0,98131,95.820761441642,4280,4.17923855835799,,,,,,,"my-dosm-census-religion-1991-2020","no_religion_line_fused_with_unknown_as_printed;dosm_printed_2020_reporting_frame","Islam=55340;Christianity=40095;Buddhism=2523;Hinduism=66;Others=107;No Religion/Unknown=4280"
"MY","my-osm-adm2-2020-derived","administrative_district","MY-DIST-155","MY-DOSM-tuaran","Tuaran",2020,135665,"Agama/ Religion",135665,0,135610,99.9594589614123,55,0.0405410385876976,,,,,,,"my-dosm-census-religion-1991-2020","no_religion_line_fused_with_unknown_as_printed;dosm_printed_2020_reporting_frame","Islam=84285;Christianity=49119;Buddhism=2030;Hinduism=118;Others=58;No Religion/Unknown=55"
"MY","my-osm-adm2-2020-derived","administrative_district","MY-DIST-156","MY-DOSM-tumpat","Tumpat",1991,115910,"Agama/ Religion",116044,-134,115889,99.9818824950393,21,0.0181175049607454,,,,,,,"my-dosm-census-religion-1991-2020","no_religion_line_fused_with_unknown_as_printed;dosm_printed_2020_reporting_frame;religion_universe_differs_from_printed_population_total","Islam=106513;Christianity=255;Buddhism=8864;Hinduism=84;Others=173;No Religion/Unknown=21"
"MY","my-osm-adm2-2020-derived","administrative_district","MY-DIST-156","MY-DOSM-tumpat","Tumpat",2000,130414,"Agama/ Religion",130414,0,130409,99.9961660557916,5,0.00383394420844388,,,,,,,"my-dosm-census-religion-1991-2020","no_religion_line_fused_with_unknown_as_printed;dosm_printed_2020_reporting_frame","Islam=120545;Christianity=197;Buddhism=9553;Hinduism=61;Others=53;No Religion/Unknown=5"
"MY","my-osm-adm2-2020-derived","administrative_district","MY-DIST-156","MY-DOSM-tumpat","Tumpat",2010,147179,"Agama/ Religion",147179,0,147101,99.947003308896,78,0.0529966911040298,,,,,,,"my-dosm-census-religion-1991-2020","no_religion_line_fused_with_unknown_as_printed;dosm_printed_2020_reporting_frame","Islam=135814;Christianity=158;Buddhism=11024;Hinduism=75;Others=30;No Religion/Unknown=78"
"MY","my-osm-adm2-2020-derived","administrative_district","MY-DIST-156","MY-DOSM-tumpat","Tumpat",2020,179943,"Agama/ Religion",179943,0,179899,99.9755478123628,44,0.0244521876371962,,,,,,,"my-dosm-census-religion-1991-2020","no_religion_line_fused_with_unknown_as_printed;dosm_printed_2020_reporting_frame","Islam=166415;Christianity=351;Buddhism=13016;Hinduism=83;Others=34;No Religion/Unknown=44"
"MY","my-osm-adm2-2020-derived","administrative_district","MY-DIST-028","MY-DOSM-hulu-langat","Hulu Langat",1991,413782,"Agama/ Religion",413900,-118,409323,98.922379417181,4459,1.07762058281897,,,,,,,"my-dosm-census-religion-1991-2020","no_religion_line_fused_with_unknown_as_printed;dosm_printed_2020_reporting_frame;religion_universe_differs_from_printed_population_total","Islam=225024;Christianity=13270;Buddhism=36472;Hinduism=104317;Others=30240;No Religion/Unknown=4459"
"MY","my-osm-adm2-2020-derived","administrative_district","MY-DIST-028","MY-DOSM-hulu-langat","Hulu Langat",2000,864451,"Agama/ Religion",864451,0,856414,99.070276973478,8037,0.929723026522035,,,,,,,"my-dosm-census-religion-1991-2020","no_religion_line_fused_with_unknown_as_printed;dosm_printed_2020_reporting_frame","Islam=482926;Christianity=31498;Buddhism=75397;Hinduism=247316;Others=19277;No Religion/Unknown=8037"
"MY","my-osm-adm2-2020-derived","administrative_district","MY-DIST-028","MY-DOSM-hulu-langat","Hulu Langat",2010,1138198,"Agama/ Religion",1138198,0,1126205,98.9463168974115,11993,1.05368310258848,,,,,,,"my-dosm-census-religion-1991-2020","no_religion_line_fused_with_unknown_as_printed;dosm_printed_2020_reporting_frame","Islam=643857;Christianity=37671;Buddhism=334653;Hinduism=102083;Others=7941;No Religion/Unknown=11993"
"MY","my-osm-adm2-2020-derived","administrative_district","MY-DIST-028","MY-DOSM-hulu-langat","Hulu Langat",2020,1400461,"Agama/ Religion",1400461,0,1391937,99.391343279106,8524,0.608656720894048,,,,,,,"my-dosm-census-religion-1991-2020","no_religion_line_fused_with_unknown_as_printed;dosm_printed_2020_reporting_frame","Islam=889562;Christianity=64196;Buddhism=317630;Hinduism=101610;Others=18939;No Religion/Unknown=8524"
"MY","my-osm-adm2-2020-derived","administrative_district","MY-DIST-030","MY-DOSM-hulu-selangor","Hulu Selangor",1991,82740,"Agama/ Religion",82814,-74,80644,97.4667633550882,2096,2.53323664491177,,,,,,,"my-dosm-census-religion-1991-2020","no_religion_line_fused_with_unknown_as_printed;dosm_printed_2020_reporting_frame;religion_universe_differs_from_printed_population_total","Islam=39951;Christianity=1128;Buddhism=18671;Hinduism=11980;Others=8914;No Religion/Unknown=2096"
"MY","my-osm-adm2-2020-derived","administrative_district","MY-DIST-030","MY-DOSM-hulu-selangor","Hulu Selangor",2000,147996,"Agama/ Religion",147996,0,143931,97.2533041433552,4065,2.74669585664477,,,,,,,"my-dosm-census-religion-1991-2020","no_religion_line_fused_with_unknown_as_printed;dosm_printed_2020_reporting_frame","Islam=88531;Christianity=2558;Buddhism=24006;Hinduism=20996;Others=7840;No Religion/Unknown=4065"
"MY","my-osm-adm2-2020-derived","administrative_district","MY-DIST-030","MY-DOSM-hulu-selangor","Hulu Selangor",2010,194387,"Agama/ Religion",194387,0,192669,99.1161960419164,1718,0.883803958083617,,,,,,,"my-dosm-census-religion-1991-2020","no_religion_line_fused_with_unknown_as_printed;dosm_printed_2020_reporting_frame","Islam=135189;Christianity=2848;Buddhism=22598;Hinduism=30587;Others=1447;No Religion/Unknown=1718"
"MY","my-osm-adm2-2020-derived","administrative_district","MY-DIST-030","MY-DOSM-hulu-selangor","Hulu Selangor",2020,243029,"Agama/ Religion",243029,0,240101,98.7952055104535,2928,1.20479448954652,,,,,,,"my-dosm-census-religion-1991-2020","no_religion_line_fused_with_unknown_as_printed;dosm_printed_2020_reporting_frame","Islam=180094;Christianity=4505;Buddhism=24754;Hinduism=29507;Others=1241;No Religion/Unknown=2928"
"MY","my-osm-adm2-2020-derived","administrative_district","MY-DIST-096","MY-DOSM-padang-terap","Padang Terap",1991,50726,"Agama/ Religion",50726,0,50713,99.9743721168632,13,0.0256278831368529,,,,,,,"my-dosm-census-religion-1991-2020","no_religion_line_fused_with_unknown_as_printed;dosm_printed_2020_reporting_frame","Islam=46525;Christianity=45;Buddhism=3861;Hinduism=102;Others=180;No Religion/Unknown=13"
"MY","my-osm-adm2-2020-derived","administrative_district","MY-DIST-096","MY-DOSM-padang-terap","Padang Terap",2000,55847,"Agama/ Religion",55847,0,55841,99.9892563611295,6,0.0107436388704854,,,,,,,"my-dosm-census-religion-1991-2020","no_religion_line_fused_with_unknown_as_printed;dosm_printed_2020_reporting_frame","Islam=51480;Christianity=16;Buddhism=4273;Hinduism=27;Others=45;No Religion/Unknown=6"
"MY","my-osm-adm2-2020-derived","administrative_district","MY-DIST-096","MY-DOSM-padang-terap","Padang Terap",2010,61970,"Agama/ Religion",61970,0,61956,99.9774084234307,14,0.0225915765693077,,,,,,,"my-dosm-census-religion-1991-2020","no_religion_line_fused_with_unknown_as_printed;dosm_printed_2020_reporting_frame","Islam=57028;Christianity=64;Buddhism=4772;Hinduism=76;Others=16;No Religion/Unknown=14"
"MY","my-osm-adm2-2020-derived","administrative_district","MY-DIST-096","MY-DOSM-padang-terap","Padang Terap",2020,65698,"Agama/ Religion",65698,0,65503,99.7031873116381,195,0.296812688361898,,,,,,,"my-dosm-census-religion-1991-2020","no_religion_line_fused_with_unknown_as_printed;dosm_printed_2020_reporting_frame","Islam=58752;Christianity=206;Buddhism=6467;Hinduism=67;Others=11;No Religion/Unknown=195"
"MY","my-osm-adm2-2020-derived","administrative_district","MY-DIST-160","MY-DOSM-yan","Yan",1991,60448,"Agama/ Religion",60483,-35,60394,99.9106670195871,54,0.0893329804129169,,,,,,,"my-dosm-census-religion-1991-2020","no_religion_line_fused_with_unknown_as_printed;dosm_printed_2020_reporting_frame;religion_universe_differs_from_printed_population_total","Islam=54555;Christianity=23;Buddhism=4328;Hinduism=105;Others=1383;No Religion/Unknown=54"
"MY","my-osm-adm2-2020-derived","administrative_district","MY-DIST-160","MY-DOSM-yan","Yan",2000,62217,"Agama/ Religion",62217,0,62167,99.9196361123166,50,0.0803638876834306,,,,,,,"my-dosm-census-religion-1991-2020","no_religion_line_fused_with_unknown_as_printed;dosm_printed_2020_reporting_frame","Islam=57422;Christianity=27;Buddhism=3934;Hinduism=103;Others=681;No Religion/Unknown=50"
"MY","my-osm-adm2-2020-derived","administrative_district","MY-DIST-160","MY-DOSM-yan","Yan",2010,66606,"Agama/ Religion",66606,0,66437,99.7462691048854,169,0.253730895114554,,,,,,,"my-dosm-census-religion-1991-2020","no_religion_line_fused_with_unknown_as_printed;dosm_printed_2020_reporting_frame","Islam=61933;Christianity=43;Buddhism=4330;Hinduism=73;Others=58;No Religion/Unknown=169"
"MY","my-osm-adm2-2020-derived","administrative_district","MY-DIST-160","MY-DOSM-yan","Yan",2020,73384,"Agama/ Religion",73384,0,73150,99.6811294015044,234,0.318870598495585,,,,,,,"my-dosm-census-religion-1991-2020","no_religion_line_fused_with_unknown_as_printed;dosm_printed_2020_reporting_frame","Islam=70332;Christianity=72;Buddhism=2673;Hinduism=36;Others=37;No Religion/Unknown=234"
"MY","my-osm-adm2-2020-derived","administrative_district","MY-DIST-105","MY-DOSM-perlis","Perlis",1991,183635,"Agama/ Religion",183824,-189,183450,99.8992566776486,185,0.100743322351404,,,,,,,"my-dosm-census-religion-1991-2020","no_religion_line_fused_with_unknown_as_printed;dosm_printed_2020_reporting_frame;religion_universe_differs_from_printed_population_total","Islam=154098;Christianity=1041;Buddhism=19323;Hinduism=2406;Others=6582;No Religion/Unknown=185"
"MY","my-osm-adm2-2020-derived","administrative_district","MY-DIST-105","MY-DOSM-perlis","Perlis",2000,198288,"Agama/ Religion",198288,0,198139,99.9248567739853,149,0.0751432260146857,,,,,,,"my-dosm-census-religion-1991-2020","no_religion_line_fused_with_unknown_as_printed;dosm_printed_2020_reporting_frame","Islam=170950;Christianity=1017;Buddhism=21258;Hinduism=1919;Others=2995;No Religion/Unknown=149"
"MY","my-osm-adm2-2020-derived","administrative_district","MY-DIST-105","MY-DOSM-perlis","Perlis",2010,225630,"Agama/ Religion",225630,0,224636,99.559455746133,994,0.44054425386695,,,,,,,"my-dosm-census-religion-1991-2020","no_religion_line_fused_with_unknown_as_printed;dosm_printed_2020_reporting_frame","Islam=198275;Christianity=1345;Buddhism=22386;Hinduism=1889;Others=741;No Religion/Unknown=994"
"MY","my-osm-adm2-2020-derived","administrative_district","MY-DIST-105","MY-DOSM-perlis","Perlis",2020,284885,"Agama/ Religion",284885,0,282142,99.0371553433842,2743,0.962844656615827,,,,,,,"my-dosm-census-religion-1991-2020","no_religion_line_fused_with_unknown_as_printed;dosm_printed_2020_reporting_frame","Islam=250129;Christianity=1670;Buddhism=26199;Hinduism=3619;Others=525;No Religion/Unknown=2743"
"MY","my-osm-adm2-2020-derived","administrative_district","MY-DIST-157","MY-DOSM-w-p-kuala-lumpur","W.P. Kuala Lumpur",1991,1130961,"Agama/ Religion",1145342,-14381,1112948,98.407283717122,18013,1.59271628287801,,,,,,,"my-dosm-census-religion-1991-2020","no_religion_line_fused_with_unknown_as_printed;dosm_printed_2020_reporting_frame;religion_universe_differs_from_printed_population_total","Islam=482268;Christianity=57360;Buddhism=387480;Hinduism=102232;Others=83608;No Religion/Unknown=18013"
"MY","my-osm-adm2-2020-derived","administrative_district","MY-DIST-157","MY-DOSM-w-p-kuala-lumpur","W.P. Kuala Lumpur",2000,1305792,"Agama/ Religion",1305792,0,1277296,97.8177228838896,28496,2.18227711611038,,,,,,,"my-dosm-census-religion-1991-2020","no_religion_line_fused_with_unknown_as_printed;dosm_printed_2020_reporting_frame","Islam=601013;Christianity=71757;Buddhism=450300;Hinduism=109814;Others=44412;No Religion/Unknown=28496"
"MY","my-osm-adm2-2020-derived","administrative_district","MY-DIST-157","MY-DOSM-w-p-kuala-lumpur","W.P. Kuala Lumpur",2010,1588750,"Agama/ Religion",1588750,0,1557347,98.0234146341463,31403,1.97658536585366,,,,,,,"my-dosm-census-religion-1991-2020","no_religion_line_fused_with_unknown_as_printed;dosm_printed_2020_reporting_frame","Islam=736144;Christianity=92242;Buddhism=567318;Hinduism=134736;Others=26907;No Religion/Unknown=31403"
"MY","my-osm-adm2-2020-derived","administrative_district","MY-DIST-157","MY-DOSM-w-p-kuala-lumpur","W.P. Kuala Lumpur",2020,1982112,"Agama/ Religion",1982112,0,1862922,93.9867171986245,119190,6.0132828013755,,,,,,,"my-dosm-census-religion-1991-2020","no_religion_line_fused_with_unknown_as_printed;dosm_printed_2020_reporting_frame","Islam=897637;Christianity=127695;Buddhism=639619;Hinduism=162926;Others=35045;No Religion/Unknown=119190"
"MY","my-osm-adm2-2020-derived","administrative_district","MY-DIST-158","MY-DOSM-w-p-labuan","W.P. Labuan",1991,53674,"Agama/ Religion",54241,-567,53276,99.258486418005,398,0.741513581995007,,,,,,,"my-dosm-census-religion-1991-2020","no_religion_line_fused_with_unknown_as_printed;dosm_printed_2020_reporting_frame;religion_universe_differs_from_printed_population_total","Islam=39526;Christianity=6595;Buddhism=6092;Hinduism=312;Others=751;No Religion/Unknown=398"
"MY","my-osm-adm2-2020-derived","administrative_district","MY-DIST-158","MY-DOSM-w-p-labuan","W.P. Labuan",2000,70871,"Agama/ Religion",70871,0,70500,99.4765136656742,371,0.523486334325747,,,,,,,"my-dosm-census-religion-1991-2020","no_religion_line_fused_with_unknown_as_printed;dosm_printed_2020_reporting_frame","Islam=54124;Christianity=8911;Buddhism=6676;Hinduism=306;Others=483;No Religion/Unknown=371"
"MY","my-osm-adm2-2020-derived","administrative_district","MY-DIST-158","MY-DOSM-w-p-labuan","W.P. Labuan",2010,83920,"Agama/ Religion",83920,0,82168,97.9122974261201,1752,2.08770257387989,,,,,,,"my-dosm-census-religion-1991-2020","no_religion_line_fused_with_unknown_as_printed;dosm_printed_2020_reporting_frame","Islam=63797;Christianity=10426;Buddhism=7489;Hinduism=345;Others=111;No Religion/Unknown=1752"
"MY","my-osm-adm2-2020-derived","administrative_district","MY-DIST-158","MY-DOSM-w-p-labuan","W.P. Labuan",2020,95120,"Agama/ Religion",95120,0,95054,99.930613961312,66,0.0693860386879731,,,,,,,"my-dosm-census-religion-1991-2020","no_religion_line_fused_with_unknown_as_printed;dosm_printed_2020_reporting_frame","Islam=73460;Christianity=13118;Buddhism=7676;Hinduism=612;Others=188;No Religion/Unknown=66"
"MY","my-osm-adm2-2020-derived","administrative_district","MY-DIST-159","MY-DOSM-w-p-putrajaya","W.P. Putrajaya",1991,,"Agama/ Religion",,,,,,,,,,,,,"my-dosm-census-religion-1991-2020","no_religion_line_fused_with_unknown_as_printed;dosm_printed_2020_reporting_frame;source_cell_unavailable_as_printed",
"MY","my-osm-adm2-2020-derived","administrative_district","MY-DIST-159","MY-DOSM-w-p-putrajaya","W.P. Putrajaya",2000,,"Agama/ Religion",,,,,,,,,,,,,"my-dosm-census-religion-1991-2020","no_religion_line_fused_with_unknown_as_printed;dosm_printed_2020_reporting_frame;source_cell_unavailable_as_printed",
"MY","my-osm-adm2-2020-derived","administrative_district","MY-DIST-159","MY-DOSM-w-p-putrajaya","W.P. Putrajaya",2010,68169,"Agama/ Religion",68361,-192,68169,100,,,,,,,,,"my-dosm-census-religion-1991-2020","no_religion_line_fused_with_unknown_as_printed;dosm_printed_2020_reporting_frame;partial_category_null_as_printed;religion_universe_differs_from_printed_population_total","Islam=66573;Christianity=588;Buddhism=260;Hinduism=668;Others=80"
"MY","my-osm-adm2-2020-derived","administrative_district","MY-DIST-159","MY-DOSM-w-p-putrajaya","W.P. Putrajaya",2020,108795,"Agama/ Religion",109202,-407,108795,100,,,,,,,,,"my-dosm-census-religion-1991-2020","no_religion_line_fused_with_unknown_as_printed;dosm_printed_2020_reporting_frame;partial_category_null_as_printed;religion_universe_differs_from_printed_population_total","Islam=106132;Christianity=880;Buddhism=533;Hinduism=1152;Others=98"
"MY","my-osm-adm2-2020-derived","administrative_district","MY-DIST-103","MY-DOSM-pendang","Pendang",1991,,"Agama/ Religion",,,,,,,,,,,,,"my-dosm-census-religion-1991-2020","no_religion_line_fused_with_unknown_as_printed;dosm_printed_2020_reporting_frame;historical_wave_unpublished_at_district_grain",
"MY","my-osm-adm2-2020-derived","administrative_district","MY-DIST-103","MY-DOSM-pendang","Pendang",2000,,"Agama/ Religion",,,,,,,,,,,,,"my-dosm-census-religion-1991-2020","no_religion_line_fused_with_unknown_as_printed;dosm_printed_2020_reporting_frame;historical_wave_unpublished_at_district_grain",
"MY","my-osm-adm2-2020-derived","administrative_district","MY-DIST-103","MY-DOSM-pendang","Pendang",2010,,"Agama/ Religion",,,,,,,,,,,,,"my-dosm-census-religion-1991-2020","no_religion_line_fused_with_unknown_as_printed;dosm_printed_2020_reporting_frame;historical_wave_unpublished_at_district_grain",
"MY","my-osm-adm2-2020-derived","administrative_district","MY-DIST-103","MY-DOSM-pendang","Pendang",2020,98922,"Agama/ Religion",98922,0,98400,99.4723115181658,522,0.527688481834172,,,,,,,"my-dosm-census-religion-1991-2020","no_religion_line_fused_with_unknown_as_printed;dosm_printed_2020_reporting_frame;no_religion_slot_documented_combine_of_separate_no_religion_and_unknown_lines","Islam=89036;Christianity=207;Buddhism=8350;Hinduism=347;Others=460;No Religion=16;Unknown=506"
"MY","my-osm-adm2-2020-derived","administrative_district","MY-DIST-031","MY-DOSM-hulu-terengganu","Hulu Terengganu",1991,,"Agama/ Religion",,,,,,,,,,,,,"my-dosm-census-religion-1991-2020","no_religion_line_fused_with_unknown_as_printed;dosm_printed_2020_reporting_frame;historical_wave_unpublished_at_district_grain",
"MY","my-osm-adm2-2020-derived","administrative_district","MY-DIST-031","MY-DOSM-hulu-terengganu","Hulu Terengganu",2000,,"Agama/ Religion",,,,,,,,,,,,,"my-dosm-census-religion-1991-2020","no_religion_line_fused_with_unknown_as_printed;dosm_printed_2020_reporting_frame;historical_wave_unpublished_at_district_grain",
"MY","my-osm-adm2-2020-derived","administrative_district","MY-DIST-031","MY-DOSM-hulu-terengganu","Hulu Terengganu",2010,,"Agama/ Religion",,,,,,,,,,,,,"my-dosm-census-religion-1991-2020","no_religion_line_fused_with_unknown_as_printed;dosm_printed_2020_reporting_frame;historical_wave_unpublished_at_district_grain",
"MY","my-osm-adm2-2020-derived","administrative_district","MY-DIST-031","MY-DOSM-hulu-terengganu","Hulu Terengganu",2020,69881,"Agama/ Religion",69881,0,69651,99.6708690488116,230,0.329130951188449,,,,,,,"my-dosm-census-religion-1991-2020","no_religion_line_fused_with_unknown_as_printed;dosm_printed_2020_reporting_frame;no_religion_slot_documented_combine_of_separate_no_religion_and_unknown_lines","Islam=68776;Christianity=67;Buddhism=725;Hinduism=79;Others=4;No Religion=3;Unknown=227"
