{"type":"FeatureCollection", "features": [
{"type":"Feature","geometry":{"type":"MultiPolygon","coordinates":[[[[-13.77147,9.84445],[-13.76994,9.84842],[-13.78306,9.84458],[-13.78859,9.84086],[-13.79042,9.83786],[-13.78786,9.83558],[-13.77147,9.84445]]],[[[-13.72499,9.85815],[-13.71923,9.86279],[-13.72295,9.86415],[-13.73263,9.85809],[-13.73203,9.8552],[-13.72499,9.85815]]],[[[-14.03888,10.10868],[-14.041,10.11211],[-14.04825,10.11756],[-14.05547,10.12094],[-14.0597,10.12643],[-14.06294,10.12594],[-14.0728,10.11251],[-14.0723,10.10952],[-14.06385,10.09902],[-14.05828,10.09861],[-14.03888,10.10868]]],[[[-14.57512,10.76872],[-14.57633,10.77285],[-14.58086,10.76176],[-14.57805,10.76041],[-14.57512,10.76872]]],[[[-14.87325,10.85641],[-14.8721,10.85781],[-14.87523,10.86651],[-14.87071,10.87692],[-14.87286,10.88126],[-14.87195,10.88357],[-14.87339,10.88678],[-14.87086,10.88934],[-14.88075,10.89819],[-14.88564,10.89836],[-14.88863,10.89556],[-14.89255,10.89402],[-14.89653,10.88324],[-14.8873,10.87795],[-14.88489,10.8736],[-14.88054,10.86254],[-14.87627,10.85615],[-14.87325,10.85641]]],[[[-14.89765,10.81633],[-14.89093,10.81917],[-14.88763,10.83439],[-14.88167,10.84136],[-14.88125,10.84459],[-14.88667,10.8505],[-14.88774,10.8613],[-14.88528,10.87007],[-14.88761,10.87459],[-14.89477,10.87654],[-14.89923,10.88153],[-14.90201,10.88666],[-14.90134,10.88874],[-14.8969,10.89425],[-14.8869,10.90663],[-14.88937,10.91787],[-14.89638,10.92009],[-14.90191,10.91542],[-14.90647,10.908],[-14.90912,10.8967],[-14.91436,10.88789],[-14.92537,10.87488],[-14.93458,10.86718],[-14.93709,10.86301],[-14.93162,10.84331],[-14.93002,10.83756],[-14.93298,10.83246],[-14.92386,10.82889],[-14.91765,10.81563],[-14.9118,10.81293],[-14.90341,10.81166],[-14.89765,10.81633]]],[[[-14.85335,10.90335],[-14.85466,10.91529],[-14.86164,10.93453],[-14.86495,10.93863],[-14.87245,10.94269],[-14.87735,10.94309],[-14.88592,10.93999],[-14.88773,10.93583],[-14.88549,10.92413],[-14.87653,10.91503],[-14.87876,10.90672],[-14.87686,10.90399],[-14.87005,10.89878],[-14.8626,10.89887],[-14.85983,10.90074],[-14.85881,10.90027],[-14.85492,10.8985],[-14.85335,10.90335]]],[[[-14.80282,10.94006],[-14.80287,10.94374],[-14.81262,10.94132],[-14.81537,10.93807],[-14.81441,10.93578],[-14.81044,10.93491],[-14.80282,10.94006]]],[[[-14.89763,10.94606],[-14.89794,10.95227],[-14.9006,10.95983],[-14.90662,10.95792],[-14.91261,10.95278],[-14.91235,10.95003],[-14.90906,10.94754],[-14.89971,10.94466],[-14.89763,10.94606]]],[[[-14.92307,10.89561],[-14.90461,10.92689],[-14.90535,10.93079],[-14.9115,10.93831],[-14.9169,10.94192],[-14.92471,10.95218],[-14.93364,10.95897],[-14.95433,10.97505],[-14.96131,10.97497],[-14.96941,10.96715],[-14.98528,10.96158],[-14.99418,10.9549],[-15,10.95317],[-15.00143,10.95177],[-15.00615,10.94822],[-15.00921,10.93932],[-15.01366,10.93236],[-15.01756,10.92874],[-15.02396,10.92596],[-15.03048,10.92327],[-15.03563,10.92209],[-15.04742,10.91938],[-15.05892,10.90865],[-15.06285,10.90676],[-15.06698,10.90234],[-15.06787,10.89911],[-15.07799,10.89024],[-15.08206,10.88099],[-15.0849,10.86941],[-15.08626,10.86391],[-15.08452,10.85542],[-15.07856,10.84515],[-15.0729,10.83878],[-15.05062,10.81249],[-15.03202,10.79052],[-15.02167,10.78145],[-15.01514,10.7779],[-15.01464,10.77763],[-15,10.77551],[-14.99645,10.77498],[-14.98225,10.77297],[-14.96993,10.77427],[-14.96293,10.77229],[-14.95293,10.77287],[-14.95185,10.77886],[-14.94177,10.79164],[-14.94137,10.79647],[-14.9487,10.80582],[-14.95383,10.8069],[-14.95689,10.80963],[-14.96129,10.80819],[-14.96294,10.80978],[-14.96044,10.81464],[-14.97444,10.81746],[-14.97888,10.82448],[-14.97202,10.83547],[-14.96418,10.83438],[-14.9619,10.83786],[-14.96359,10.84267],[-14.96779,10.84354],[-14.96573,10.84632],[-14.96769,10.85435],[-14.97137,10.85957],[-14.97182,10.86022],[-14.97088,10.86719],[-14.97157,10.87515],[-14.97777,10.88383],[-14.97644,10.88686],[-14.97372,10.88723],[-14.97043,10.88698],[-14.96666,10.88289],[-14.96208,10.86688],[-14.95864,10.8632],[-14.95317,10.86157],[-14.94944,10.86396],[-14.94532,10.86981],[-14.94328,10.87466],[-14.93338,10.8826],[-14.92307,10.89561]]],[[[-14.70722,11.00442],[-14.70561,11.00627],[-14.70916,11.01083],[-14.70966,11.01428],[-14.71431,11.01308],[-14.71774,11.00775],[-14.71677,11.00477],[-14.71466,11.00364],[-14.70722,11.00442]]],[[[-14.90134,11.001],[-14.91444,11.02436],[-14.91891,11.02735],[-14.93052,11.04484],[-14.95156,11.0081],[-14.95361,11.00452],[-14.95382,11.00415],[-14.95385,11.00393],[-14.95393,11.00336],[-14.95401,11.00279],[-14.9541,11.00223],[-14.9542,11.00167],[-14.9543,11.00111],[-14.95441,11.00055],[-14.95453,10.99999],[-14.95465,10.99943],[-14.95479,10.99888],[-14.95492,10.99832],[-14.95507,10.99777],[-14.95522,10.99722],[-14.95538,10.99667],[-14.95555,10.99613],[-14.95572,10.99558],[-14.9559,10.99504],[-14.95609,10.9945],[-14.95629,10.99396],[-14.95649,10.99343],[-14.95669,10.9929],[-14.95691,10.99237],[-14.95713,10.99184],[-14.95736,10.99132],[-14.95759,10.9908],[-14.95783,10.99028],[-14.95808,10.98977],[-14.95833,10.98925],[-14.95859,10.98875],[-14.95886,10.98824],[-14.95913,10.98774],[-14.95941,10.98724],[-14.9597,10.98675],[-14.95999,10.98626],[-14.96029,10.98577],[-14.96059,10.98529],[-14.9609,10.98481],[-14.96122,10.98433],[-14.96154,10.98386],[-14.96187,10.98339],[-14.9622,10.98293],[-14.96254,10.98247],[-14.96289,10.98202],[-14.96324,10.98157],[-14.96359,10.98112],[-14.96598,10.97814],[-14.96277,10.97978],[-14.95701,10.97982],[-14.94664,10.97423],[-14.92948,10.96155],[-14.92243,10.95635],[-14.91776,10.95479],[-14.90231,10.96625],[-14.90073,10.97041],[-14.90134,11.001]]],[[[-12.56314,12.3674],[-12.56406,12.36852],[-12.56458,12.36856],[-12.5657,12.36976],[-12.57705,12.38185],[-12.58437,12.39538],[-12.58977,12.39927],[-12.60595,12.40518],[-12.61627,12.41896],[-12.62174,12.42627],[-12.63394,12.43128],[-12.64776,12.43305],[-12.67281,12.4334],[-12.7147,12.43204],[-12.71868,12.43042],[-12.73763,12.42941],[-12.73957,12.43002],[-12.74852,12.43287],[-12.75545,12.43507],[-12.75877,12.44218],[-12.7612,12.45827],[-12.76967,12.46628],[-12.77183,12.4709],[-12.7766,12.47189],[-12.78156,12.47626],[-12.78682,12.47563],[-12.80015,12.4728],[-12.81047,12.47596],[-12.83418,12.48688],[-12.83759,12.49112],[-12.84173,12.49627],[-12.84181,12.51054],[-12.84559,12.51558],[-12.86881,12.52304],[-12.87399,12.52692],[-12.87919,12.53495],[-12.88765,12.54065],[-12.89327,12.5397],[-12.90007,12.54197],[-12.90523,12.54194],[-12.92253,12.53701],[-12.93091,12.53052],[-12.93262,12.52747],[-12.93647,12.5206],[-12.94049,12.48746],[-12.93955,12.48746],[-12.94815,12.47706],[-12.96702,12.46269],[-12.96865,12.46167],[-12.97405,12.46358],[-12.9889,12.4689],[-13.0024,12.47374],[-13.00399,12.47434],[-13.01645,12.47732],[-13.02854,12.47798],[-13.03975,12.47493],[-13.05099,12.47395],[-13.05877,12.47707],[-13.0606,12.47781],[-13.06578,12.48238],[-13.07121,12.49132],[-13.07315,12.50212],[-13.07229,12.51524],[-13.07659,12.52971],[-13.07497,12.53386],[-13.06565,12.54196],[-13.06014,12.56062],[-13.0525,12.57538],[-13.0509,12.58206],[-13.05188,12.59056],[-13.05621,12.61009],[-13.05673,12.61929],[-13.06543,12.625],[-13.07347,12.63899],[-13.07769,12.63988],[-13.08003,12.63918],[-13.08794,12.62994],[-13.09728,12.62575],[-13.1008,12.62687],[-13.10277,12.62834],[-13.11092,12.63441],[-13.11912,12.63505],[-13.1305,12.64056],[-13.13415,12.64233],[-13.13906,12.64161],[-13.14511,12.63491],[-13.15264,12.63969],[-13.15349,12.63965],[-13.17184,12.63866],[-13.17956,12.63655],[-13.18465,12.62778],[-13.1877,12.62776],[-13.19712,12.6369],[-13.2091,12.6419],[-13.21077,12.64649],[-13.21335,12.64877],[-13.22155,12.64826],[-13.23297,12.63968],[-13.23719,12.63989],[-13.24706,12.64466],[-13.26301,12.64916],[-13.27496,12.64909],[-13.28786,12.65246],[-13.29067,12.65175],[-13.29489,12.64714],[-13.29532,12.64666],[-13.29742,12.64642],[-13.30466,12.64246],[-13.32409,12.64172],[-13.33325,12.64461],[-13.33602,12.65212],[-13.33854,12.6548],[-13.34231,12.65389],[-13.34631,12.64971],[-13.35017,12.65344],[-13.3509,12.65957],[-13.39306,12.66212],[-13.45208,12.66598],[-13.45308,12.66605],[-13.45629,12.66568],[-13.46174,12.66506],[-13.46738,12.66686],[-13.57874,12.67498],[-13.58023,12.67499],[-13.70827,12.67621],[-13.70837,12.67462],[-13.70845,12.67395],[-13.71167,12.64377],[-13.71111,12.59944],[-13.70058,12.57174],[-13.67731,12.5202],[-13.67571,12.51617],[-13.67557,12.516],[-13.67541,12.51584],[-13.67526,12.51568],[-13.6751,12.51553],[-13.67493,12.51538],[-13.67476,12.51524],[-13.67458,12.5151],[-13.6744,12.51497],[-13.67422,12.51484],[-13.67403,12.51473],[-13.67384,12.51461],[-13.67364,12.51451],[-13.67344,12.51441],[-13.67324,12.51431],[-13.67303,12.51423],[-13.67282,12.51415],[-13.67261,12.51408],[-13.6724,12.51401],[-13.67219,12.51395],[-13.67197,12.5139],[-13.67175,12.51385],[-13.67153,12.51382],[-13.67131,12.51378],[-13.67109,12.51376],[-13.67087,12.51375],[-13.67065,12.51374],[-13.67042,12.51373],[-13.6702,12.51374],[-13.66998,12.51375],[-13.66976,12.51377],[-13.66954,12.5138],[-13.66932,12.51383],[-13.6691,12.51387],[-13.66888,12.51392],[-13.66866,12.51398],[-13.66845,12.51404],[-13.66824,12.51411],[-13.66803,12.51419],[-13.66782,12.51427],[-13.66762,12.51436],[-13.66742,12.51446],[-13.66722,12.51456],[-13.66703,12.51467],[-13.66684,12.51478],[-13.66665,12.51491],[-13.66647,12.51503],[-13.66629,12.51517],[-13.66611,12.51531],[-13.66595,12.51545],[-13.66578,12.5156],[-13.66562,12.51576],[-13.66547,12.51592],[-13.66532,12.51608],[-13.66518,12.51625],[-13.66512,12.51632],[-13.66507,12.51632],[-13.6648,12.51628],[-13.66454,12.51624],[-13.66427,12.51619],[-13.66401,12.51613],[-13.66375,12.51607],[-13.66356,12.51601],[-13.66349,12.51599],[-13.66323,12.51592],[-13.66297,12.51583],[-13.66272,12.51574],[-13.66247,12.51564],[-13.66222,12.51553],[-13.66197,12.51542],[-13.66173,12.5153],[-13.66149,12.51518],[-13.66126,12.51505],[-13.66103,12.51491],[-13.6608,12.51476],[-13.66058,12.51461],[-13.66036,12.51446],[-13.66014,12.5143],[-13.65993,12.51413],[-13.65972,12.51395],[-13.65952,12.51378],[-13.65932,12.51359],[-13.65913,12.5134],[-13.65894,12.51321],[-13.65876,12.51301],[-13.65859,12.5128],[-13.65842,12.5126],[-13.65825,12.51238],[-13.65809,12.51216],[-13.65794,12.51194],[-13.65779,12.51172],[-13.65765,12.51149],[-13.65752,12.51125],[-13.65739,12.51102],[-13.65727,12.51078],[-13.65715,12.51053],[-13.64807,12.49139],[-13.6471,12.48933],[-13.64702,12.48893],[-13.64693,12.48853],[-13.64684,12.48813],[-13.64674,12.48774],[-13.64663,12.48734],[-13.64652,12.48695],[-13.6464,12.48656],[-13.64627,12.48617],[-13.64614,12.48578],[-13.646,12.4854],[-13.64585,12.48502],[-13.64569,12.48464],[-13.64553,12.48426],[-13.64537,12.48389],[-13.64519,12.48352],[-13.64501,12.48315],[-13.64482,12.48279],[-13.64463,12.48243],[-13.64443,12.48207],[-13.64422,12.48172],[-13.64401,12.48137],[-13.64379,12.48102],[-13.64357,12.48068],[-13.64334,12.48034],[-13.6431,12.48001],[-13.64286,12.47968],[-13.64261,12.47936],[-13.64236,12.47903],[-13.6421,12.47872],[-13.64183,12.47841],[-13.64156,12.4781],[-13.64129,12.4778],[-13.64101,12.4775],[-13.64072,12.47721],[-13.63531,12.46767],[-13.63187,12.46036],[-13.63199,12.45995],[-13.63228,12.45898],[-13.63257,12.45802],[-13.63287,12.45707],[-13.63318,12.45611],[-13.6335,12.45516],[-13.63382,12.45421],[-13.63415,12.45326],[-13.63448,12.45231],[-13.63482,12.45137],[-13.63517,12.45042],[-13.63553,12.44949],[-13.63589,12.44855],[-13.63626,12.44761],[-13.63664,12.44668],[-13.63702,12.44575],[-13.63741,12.44483],[-13.6378,12.44391],[-13.6382,12.44299],[-13.63861,12.44207],[-13.63871,12.44186],[-13.63903,12.44115],[-13.63945,12.44024],[-13.63988,12.43933],[-13.64031,12.43843],[-13.64075,12.43753],[-13.6412,12.43663],[-13.64166,12.43573],[-13.64212,12.43484],[-13.64258,12.43395],[-13.64306,12.43307],[-13.64354,12.43218],[-13.64402,12.4313],[-13.64451,12.43043],[-13.64501,12.42956],[-13.64552,12.42869],[-13.64603,12.42782],[-13.64654,12.42696],[-13.64707,12.42611],[-13.6476,12.42525],[-13.64813,12.4244],[-13.64867,12.42356],[-13.64922,12.42272],[-13.64978,12.42188],[-13.65034,12.42105],[-13.6509,12.42022],[-13.65147,12.41939],[-13.65205,12.41857],[-13.65263,12.41775],[-13.65322,12.41694],[-13.65382,12.41613],[-13.65442,12.41532],[-13.65502,12.41452],[-13.65514,12.41436],[-13.65533,12.41428],[-13.65573,12.41408],[-13.65613,12.41387],[-13.65653,12.41365],[-13.65693,12.41343],[-13.65732,12.4132],[-13.65766,12.413],[-13.6577,12.41297],[-13.65809,12.41273],[-13.65847,12.41249],[-13.65884,12.41223],[-13.65922,12.41198],[-13.65958,12.41171],[-13.65995,12.41144],[-13.66031,12.41117],[-13.66066,12.41089],[-13.66101,12.4106],[-13.66136,12.41031],[-13.6617,12.41001],[-13.66203,12.40971],[-13.66237,12.4094],[-13.66269,12.40909],[-13.66301,12.40877],[-13.66333,12.40844],[-13.66364,12.40811],[-13.66395,12.40778],[-13.66425,12.40744],[-13.66454,12.4071],[-13.66483,12.40675],[-13.66511,12.4064],[-13.66539,12.40604],[-13.66566,12.40568],[-13.66593,12.40531],[-13.66619,12.40494],[-13.66645,12.40457],[-13.66669,12.40419],[-13.66694,12.40381],[-13.66717,12.40342],[-13.6674,12.40304],[-13.66763,12.40264],[-13.66785,12.40225],[-13.66806,12.40185],[-13.66826,12.40144],[-13.66846,12.40104],[-13.66865,12.40063],[-13.66884,12.40021],[-13.66902,12.3998],[-13.66919,12.39938],[-13.66936,12.39896],[-13.66952,12.39853],[-13.66967,12.39811],[-13.66981,12.39768],[-13.66995,12.39725],[-13.67008,12.39682],[-13.67021,12.39638],[-13.67033,12.39594],[-13.67044,12.39551],[-13.67054,12.39506],[-13.67064,12.39462],[-13.67073,12.39418],[-13.67081,12.39373],[-13.67088,12.39329],[-13.67095,12.39284],[-13.67101,12.39239],[-13.67107,12.39194],[-13.67111,12.39149],[-13.67115,12.39104],[-13.67119,12.39059],[-13.67121,12.39014],[-13.67123,12.38969],[-13.67124,12.38923],[-13.67124,12.38878],[-13.67124,12.38833],[-13.67123,12.38788],[-13.67121,12.38742],[-13.67119,12.38697],[-13.67115,12.38652],[-13.67111,12.38607],[-13.67107,12.38562],[-13.67101,12.38517],[-13.67095,12.38472],[-13.67088,12.38428],[-13.67081,12.38383],[-13.67073,12.38338],[-13.67066,12.38306],[-13.6705,12.38264],[-13.67027,12.38207],[-13.67004,12.38149],[-13.6698,12.38092],[-13.66955,12.38035],[-13.6693,12.37979],[-13.66903,12.37923],[-13.66877,12.37867],[-13.66849,12.37811],[-13.66821,12.37756],[-13.66792,12.37701],[-13.66763,12.37646],[-13.66733,12.37592],[-13.66703,12.37538],[-13.66671,12.37484],[-13.6664,12.37431],[-13.66607,12.37378],[-13.66574,12.37326],[-13.6654,12.37274],[-13.66506,12.37222],[-13.66471,12.37171],[-13.66436,12.3712],[-13.664,12.3707],[-13.66363,12.37019],[-13.66326,12.3697],[-13.66288,12.36921],[-13.6625,12.36872],[-13.66211,12.36824],[-13.66171,12.36776],[-13.66131,12.36728],[-13.66091,12.36682],[-13.6605,12.36635],[-13.66008,12.36589],[-13.65966,12.36544],[-13.65923,12.36499],[-13.6588,12.36454],[-13.65836,12.3641],[-13.65792,12.36367],[-13.65775,12.36349],[-13.65759,12.36331],[-13.65743,12.36312],[-13.65728,12.36293],[-13.65713,12.36273],[-13.65699,12.36253],[-13.65686,12.36233],[-13.65673,12.36212],[-13.65661,12.36191],[-13.6565,12.3617],[-13.65639,12.36148],[-13.65629,12.36126],[-13.65619,12.36103],[-13.6561,12.36081],[-13.65602,12.36058],[-13.65595,12.36034],[-13.65588,12.36011],[-13.65582,12.35988],[-13.65576,12.35964],[-13.65572,12.35944],[-13.65572,12.3594],[-13.65568,12.35916],[-13.65564,12.35892],[-13.65562,12.35867],[-13.6556,12.35843],[-13.65559,12.35819],[-13.65559,12.35794],[-13.65559,12.3577],[-13.6556,12.35746],[-13.65562,12.35721],[-13.65564,12.35697],[-13.65568,12.35673],[-13.65572,12.35649],[-13.65576,12.35625],[-13.65582,12.35601],[-13.65588,12.35578],[-13.65595,12.35554],[-13.65602,12.35531],[-13.6561,12.35508],[-13.65619,12.35486],[-13.65629,12.35463],[-13.65639,12.35441],[-13.6565,12.35419],[-13.65661,12.35398],[-13.65673,12.35377],[-13.65686,12.35356],[-13.65699,12.35336],[-13.65713,12.35316],[-13.65728,12.35296],[-13.65743,12.35277],[-13.65759,12.35258],[-13.65775,12.3524],[-13.65792,12.35222],[-13.65809,12.35205],[-13.65827,12.35189],[-13.65845,12.35173],[-13.65864,12.35157],[-13.65883,12.35142],[-13.65903,12.35128],[-13.65923,12.35114],[-13.65943,12.35101],[-13.65964,12.35088],[-13.65981,12.35078],[-13.65985,12.35076],[-13.66007,12.35065],[-13.66029,12.35054],[-13.66051,12.35044],[-13.66074,12.35035],[-13.66096,12.35026],[-13.66119,12.35018],[-13.66143,12.35011],[-13.66166,12.35004],[-13.6619,12.34998],[-13.66213,12.34993],[-13.66237,12.34988],[-13.66261,12.34984],[-13.66286,12.34981],[-13.6629,12.34981],[-13.663,12.34975],[-13.66329,12.34958],[-13.66356,12.3494],[-13.66384,12.34922],[-13.66411,12.34904],[-13.66437,12.34884],[-13.66464,12.34864],[-13.66489,12.34844],[-13.66514,12.34823],[-13.66539,12.34801],[-13.66564,12.34779],[-13.66587,12.34756],[-13.66611,12.34733],[-13.66634,12.34709],[-13.66656,12.34685],[-13.66678,12.3466],[-13.66699,12.34635],[-13.66719,12.3461],[-13.66739,12.34584],[-13.66759,12.34557],[-13.66778,12.3453],[-13.66796,12.34503],[-13.66814,12.34475],[-13.66831,12.34447],[-13.66848,12.34419],[-13.66863,12.3439],[-13.66879,12.34361],[-13.66893,12.34331],[-13.66907,12.34302],[-13.66921,12.34271],[-13.66933,12.34241],[-13.66945,12.3421],[-13.66956,12.3418],[-13.66967,12.34148],[-13.66977,12.34117],[-13.66986,12.34086],[-13.66995,12.34054],[-13.67003,12.34022],[-13.6701,12.3399],[-13.67016,12.33957],[-13.67022,12.33925],[-13.67027,12.33893],[-13.67031,12.3386],[-13.67035,12.33827],[-13.67038,12.33795],[-13.6704,12.33762],[-13.67041,12.33729],[-13.67042,12.33696],[-13.67042,12.33663],[-13.67041,12.3363],[-13.6704,12.33597],[-13.67038,12.33565],[-13.67035,12.33532],[-13.67031,12.33499],[-13.67027,12.33466],[-13.67022,12.33434],[-13.67016,12.33402],[-13.6701,12.33369],[-13.67003,12.33337],[-13.66995,12.33305],[-13.66986,12.33274],[-13.66977,12.33242],[-13.66967,12.33211],[-13.66956,12.33179],[-13.66945,12.33149],[-13.66933,12.33118],[-13.66921,12.33088],[-13.66907,12.33058],[-13.669,12.33041],[-13.66883,12.33022],[-13.66864,12.32998],[-13.66845,12.32973],[-13.66826,12.32948],[-13.66808,12.32922],[-13.66791,12.32896],[-13.66774,12.3287],[-13.66758,12.32843],[-13.66742,12.32816],[-13.66727,12.32788],[-13.66713,12.3276],[-13.66699,12.32732],[-13.66686,12.32704],[-13.66674,12.32675],[-13.66662,12.32646],[-13.66651,12.32617],[-13.66641,12.32587],[-13.66632,12.32557],[-13.66623,12.32527],[-13.66614,12.32497],[-13.66607,12.32467],[-13.666,12.32436],[-13.66594,12.32406],[-13.66589,12.32375],[-13.66584,12.32344],[-13.6658,12.32313],[-13.66577,12.32282],[-13.66574,12.3225],[-13.66572,12.32219],[-13.66571,12.32188],[-13.66571,12.32157],[-13.66571,12.32125],[-13.66572,12.32094],[-13.66574,12.32063],[-13.66577,12.32032],[-13.6658,12.32],[-13.66584,12.31969],[-13.66589,12.31938],[-13.66594,12.31908],[-13.666,12.31877],[-13.66607,12.31846],[-13.66614,12.31816],[-13.66623,12.31786],[-13.66632,12.31756],[-13.66641,12.31726],[-13.66651,12.31696],[-13.66662,12.31667],[-13.66674,12.31638],[-13.66686,12.31609],[-13.66699,12.31581],[-13.66713,12.31553],[-13.66727,12.31525],[-13.66742,12.31497],[-13.66758,12.3147],[-13.66774,12.31443],[-13.66791,12.31417],[-13.66808,12.31391],[-13.66826,12.31365],[-13.66845,12.3134],[-13.66864,12.31315],[-13.66883,12.31291],[-13.66904,12.31267],[-13.66925,12.31244],[-13.66946,12.31221],[-13.66968,12.31198],[-13.6699,12.31177],[-13.67013,12.31155],[-13.67036,12.31134],[-13.6706,12.31114],[-13.67085,12.31094],[-13.67109,12.31075],[-13.67127,12.31062],[-13.67134,12.31057],[-13.6716,12.31039],[-13.67186,12.31021],[-13.67213,12.31005],[-13.67239,12.30988],[-13.67266,12.30973],[-13.67294,12.30958],[-13.67322,12.30944],[-13.6735,12.3093],[-13.67379,12.30917],[-13.67407,12.30905],[-13.67436,12.30893],[-13.67466,12.30882],[-13.67495,12.30872],[-13.67525,12.30862],[-13.67555,12.30853],[-13.67585,12.30845],[-13.67616,12.30838],[-13.67646,12.30831],[-13.67676,12.30825],[-13.67679,12.30824],[-13.67722,12.30813],[-13.67765,12.30801],[-13.67807,12.30789],[-13.6785,12.30776],[-13.67892,12.30762],[-13.67934,12.30747],[-13.67976,12.30732],[-13.68018,12.30716],[-13.68059,12.307],[-13.681,12.30683],[-13.68141,12.30665],[-13.68182,12.30646],[-13.68222,12.30627],[-13.68262,12.30607],[-13.68301,12.30587],[-13.68341,12.30566],[-13.68379,12.30544],[-13.68418,12.30521],[-13.68456,12.30498],[-13.68494,12.30475],[-13.68531,12.30451],[-13.68568,12.30426],[-13.68605,12.304],[-13.68641,12.30374],[-13.68677,12.30348],[-13.68712,12.30321],[-13.68747,12.30293],[-13.68781,12.30265],[-13.68815,12.30236],[-13.68849,12.30206],[-13.68882,12.30177],[-13.68914,12.30146],[-13.68946,12.30115],[-13.68978,12.30084],[-13.69009,12.30052],[-13.69039,12.30019],[-13.69069,12.29986],[-13.6909,12.29962],[-13.69098,12.29953],[-13.69127,12.29919],[-13.69155,12.29884],[-13.69183,12.29849],[-13.6921,12.29814],[-13.69237,12.29778],[-13.69263,12.29742],[-13.69288,12.29706],[-13.69313,12.29669],[-13.69337,12.29631],[-13.69361,12.29594],[-13.69384,12.29555],[-13.69406,12.29517],[-13.69428,12.29478],[-13.69602,12.29494],[-13.69729,12.29426],[-13.69857,12.29291],[-13.69939,12.29089],[-13.69953,12.29033],[-13.69999,12.2885],[-13.70163,12.28172],[-13.70367,12.27375],[-13.7049,12.26988],[-13.70707,12.26401],[-13.70766,12.2626],[-13.70806,12.26197],[-13.7086,12.26113],[-13.71007,12.25902],[-13.71189,12.25658],[-13.71384,12.25398],[-13.71385,12.25398],[-13.71394,12.25361],[-13.71949,12.24689],[-13.71984,12.24831],[-13.72145,12.24781],[-13.72427,12.24745],[-13.72822,12.24736],[-13.72915,12.24734],[-13.73067,12.24804],[-13.73173,12.2488],[-13.73284,12.25004],[-13.73345,12.251],[-13.73475,12.25305],[-13.73542,12.25503],[-13.73757,12.25914],[-13.73871,12.2611],[-13.74314,12.2685],[-13.74408,12.2699],[-13.74649,12.27167],[-13.74832,12.27287],[-13.7506,12.2742],[-13.75351,12.27559],[-13.7554,12.27641],[-13.75673,12.27685],[-13.75857,12.27717],[-13.76078,12.27723],[-13.76217,12.27711],[-13.76394,12.2759],[-13.76495,12.27483],[-13.76677,12.27193],[-13.76765,12.27053],[-13.76995,12.26686],[-13.77197,12.26313],[-13.77254,12.26155],[-13.77368,12.25592],[-13.77412,12.25402],[-13.77507,12.25282],[-13.77627,12.25181],[-13.77729,12.25156],[-13.79714,12.25105],[-13.79892,12.25137],[-13.80024,12.25193],[-13.80157,12.25301],[-13.80341,12.25478],[-13.80505,12.25668],[-13.8062,12.25815],[-13.80638,12.25839],[-13.80688,12.25946],[-13.80695,12.26098],[-13.80688,12.26237],[-13.80682,12.26351],[-13.80638,12.26439],[-13.80587,12.26522],[-13.80379,12.26661],[-13.80081,12.26824],[-13.80056,12.26838],[-13.79873,12.26933],[-13.79752,12.26983],[-13.79632,12.27078],[-13.79512,12.27198],[-13.7943,12.27306],[-13.79392,12.27477],[-13.79354,12.27869],[-13.79348,12.28027],[-13.79335,12.28431],[-13.79335,12.2864],[-13.79392,12.2902],[-13.79525,12.29399],[-13.79588,12.29526],[-13.79664,12.29633],[-13.79765,12.29703],[-13.79892,12.29766],[-13.79974,12.29772],[-13.80037,12.29747],[-13.80132,12.29652],[-13.80265,12.29456],[-13.80293,12.294],[-13.80473,12.29051],[-13.8065,12.28564],[-13.80783,12.28191],[-13.81536,12.26952],[-13.822,12.25927],[-13.82263,12.25832],[-13.82352,12.25782],[-13.82466,12.25788],[-13.82567,12.25857],[-13.82602,12.25888],[-13.82662,12.2594],[-13.8275,12.26054],[-13.82794,12.26142],[-13.8294,12.26654],[-13.83009,12.2692],[-13.8306,12.27135],[-13.83066,12.27293],[-13.83035,12.27654],[-13.83003,12.27989],[-13.83028,12.28134],[-13.83098,12.28286],[-13.83155,12.28362],[-13.83256,12.28406],[-13.83433,12.28463],[-13.83572,12.28469],[-13.83718,12.28457],[-13.84331,12.28387],[-13.85172,12.28254],[-13.85381,12.2821],[-13.85596,12.28128],[-13.85999,12.27906],[-13.86216,12.27786],[-13.86323,12.27711],[-13.86412,12.2759],[-13.86443,12.27489],[-13.86431,12.27407],[-13.8633,12.27325],[-13.86001,12.27078],[-13.85767,12.26914],[-13.85609,12.26793],[-13.85451,12.26654],[-13.85343,12.26515],[-13.85286,12.26401],[-13.85242,12.26231],[-13.85229,12.26136],[-13.85229,12.25889],[-13.85261,12.25592],[-13.85311,12.25358],[-13.85685,12.24302],[-13.85792,12.24144],[-13.85893,12.24112],[-13.86241,12.24087],[-13.86537,12.24058],[-13.88847,12.23834],[-13.90591,12.23664],[-13.91503,12.23574],[-13.91693,12.23543],[-13.9187,12.2348],[-13.92066,12.23378],[-13.92148,12.23252],[-13.92192,12.22986],[-13.92224,12.2267],[-13.92249,12.2236],[-13.92357,12.21987],[-13.92527,12.21538],[-13.92679,12.21272],[-13.9292,12.20912],[-13.93103,12.20691],[-13.93476,12.20298],[-13.9364,12.2021],[-13.93767,12.20197],[-13.93931,12.20235],[-13.94178,12.20242],[-13.94501,12.20223],[-13.94845,12.20177],[-13.95696,12.20064],[-13.95704,12.20042],[-13.95715,12.20014],[-13.95822,12.18085],[-13.95784,12.18003],[-13.95734,12.17927],[-13.95671,12.17889],[-13.95411,12.17737],[-13.94874,12.16751],[-13.94931,12.16472],[-13.9495,12.16175],[-13.94956,12.15973],[-13.94886,12.15789],[-13.94728,12.15473],[-13.94576,12.15277],[-13.94153,12.1486],[-13.93764,12.14506],[-13.93499,12.14288],[-13.92891,12.14263],[-13.90029,12.13706],[-13.89421,12.13579],[-13.88838,12.13402],[-13.88458,12.13275],[-13.88154,12.12971],[-13.88002,12.12743],[-13.88053,12.12363],[-13.88053,12.11527],[-13.87952,12.11249],[-13.87597,12.10843],[-13.87268,12.10514],[-13.86558,12.10058],[-13.85723,12.09704],[-13.84557,12.09222],[-13.8395,12.0907],[-13.83519,12.09045],[-13.83215,12.08969],[-13.82151,12.08589],[-13.81898,12.08412],[-13.81594,12.08083],[-13.81341,12.07525],[-13.81214,12.06943],[-13.81005,12.05827],[-13.81005,12.05825],[-13.80767,12.05062],[-13.80726,12.05012],[-13.80705,12.05007],[-13.80667,12.04999],[-13.80629,12.0499],[-13.80592,12.0498],[-13.80555,12.04969],[-13.80518,12.04958],[-13.80481,12.04946],[-13.80444,12.04934],[-13.80408,12.0492],[-13.80372,12.04907],[-13.80336,12.04892],[-13.803,12.04877],[-13.80265,12.04861],[-13.8023,12.04844],[-13.80195,12.04827],[-13.80161,12.04809],[-13.80127,12.04791],[-13.80093,12.04771],[-13.8006,12.04752],[-13.80027,12.04731],[-13.79995,12.0471],[-13.79963,12.04689],[-13.79931,12.04667],[-13.799,12.04644],[-13.79869,12.0462],[-13.79838,12.04596],[-13.79808,12.04572],[-13.79779,12.04547],[-13.7975,12.04521],[-13.79721,12.04495],[-13.79693,12.04469],[-13.79666,12.04441],[-13.79639,12.04414],[-13.79612,12.04386],[-13.79586,12.04357],[-13.79561,12.04328],[-13.79536,12.04298],[-13.79512,12.04268],[-13.79488,12.04238],[-13.79465,12.04207],[-13.79442,12.04175],[-13.7942,12.04143],[-13.78426,12.03609],[-13.76957,12.02898],[-13.76211,12.02596],[-13.74709,12.02213],[-13.71753,12.01691],[-13.71715,12.01684],[-13.71678,12.01677],[-13.71641,12.01668],[-13.71604,12.0166],[-13.71567,12.0165],[-13.71531,12.0164],[-13.71494,12.01629],[-13.71458,12.01617],[-13.71422,12.01605],[-13.71386,12.01592],[-13.71351,12.01578],[-13.71316,12.01563],[-13.71281,12.01548],[-13.71246,12.01533],[-13.71212,12.01516],[-13.71178,12.01499],[-13.71144,12.01482],[-13.71111,12.01463],[-13.71078,12.01444],[-13.71045,12.01425],[-13.71013,12.01405],[-13.70981,12.01384],[-13.70949,12.01363],[-13.70918,12.01341],[-13.70888,12.01318],[-13.70857,12.01295],[-13.70828,12.01271],[-13.70798,12.01247],[-13.70769,12.01222],[-13.70741,12.01197],[-13.70713,12.01171],[-13.70686,12.01145],[-13.70659,12.01118],[-13.70632,12.0109],[-13.70607,12.01063],[-13.70581,12.01034],[-13.70557,12.01005],[-13.70532,12.00976],[-13.70509,12.00946],[-13.70485,12.00916],[-13.70463,12.00885],[-13.70441,12.00854],[-13.7042,12.00823],[-13.70399,12.00791],[-13.70379,12.00759],[-13.70359,12.00726],[-13.7034,12.00693],[-13.70322,12.0066],[-13.70304,12.00626],[-13.70287,12.00592],[-13.70271,12.00558],[-13.70269,12.00553],[-13.70269,12.0055],[-13.7027,12.00526],[-13.70272,12.00502],[-13.70274,12.00478],[-13.70278,12.00454],[-13.70282,12.00431],[-13.70286,12.00407],[-13.70292,12.00384],[-13.70298,12.0036],[-13.70305,12.00337],[-13.70312,12.00314],[-13.7032,12.00292],[-13.70329,12.00269],[-13.70338,12.00247],[-13.70349,12.00225],[-13.70359,12.00204],[-13.70371,12.00183],[-13.70383,12.00162],[-13.70396,12.00142],[-13.70409,12.00121],[-13.70423,12.00102],[-13.70437,12.00083],[-13.70452,12.00064],[-13.70468,12.00046],[-13.70484,12.00028],[-13.70501,12.0001],[-13.70518,11.99994],[-13.70537,11.99977],[-13.70554,11.99962],[-13.70573,11.99946],[-13.70592,11.99932],[-13.70611,11.99918],[-13.70631,11.99904],[-13.70652,11.99891],[-13.70672,11.99879],[-13.70693,11.99867],[-13.70715,11.99856],[-13.70737,11.99846],[-13.70759,11.99836],[-13.70768,11.99833],[-13.70769,11.99826],[-13.70805,11.99703],[-13.7084,11.99579],[-13.70874,11.99455],[-13.70907,11.99331],[-13.7094,11.99207],[-13.70972,11.99083],[-13.71003,11.98958],[-13.71034,11.98833],[-13.71064,11.98708],[-13.71093,11.98583],[-13.71122,11.98458],[-13.71149,11.98332],[-13.71176,11.98207],[-13.71203,11.98081],[-13.71229,11.97955],[-13.71254,11.97829],[-13.71278,11.97703],[-13.71301,11.97576],[-13.71324,11.9745],[-13.71347,11.97323],[-13.71368,11.97197],[-13.71389,11.9707],[-13.71409,11.96943],[-13.71428,11.96816],[-13.71447,11.96689],[-13.71448,11.96677],[-13.71465,11.96561],[-13.71482,11.96434],[-13.71498,11.96307],[-13.71514,11.96179],[-13.71529,11.96052],[-13.71544,11.95924],[-13.71557,11.95796],[-13.7157,11.95668],[-13.71582,11.9554],[-13.71594,11.95412],[-13.71605,11.95284],[-13.71615,11.95156],[-13.71624,11.95028],[-13.71633,11.949],[-13.71641,11.94771],[-13.71648,11.94643],[-13.71654,11.94515],[-13.7166,11.94386],[-13.71665,11.94258],[-13.71669,11.9413],[-13.71673,11.94001],[-13.71676,11.93873],[-13.71678,11.93744],[-13.71679,11.93616],[-13.7168,11.93487],[-13.7168,11.93359],[-13.7168,11.93338],[-13.71676,11.93316],[-13.71665,11.93244],[-13.71655,11.93172],[-13.71645,11.93099],[-13.71636,11.93027],[-13.71628,11.92955],[-13.71621,11.92882],[-13.71614,11.92809],[-13.71608,11.92737],[-13.71602,11.92664],[-13.71598,11.92591],[-13.71594,11.92519],[-13.7159,11.92446],[-13.71588,11.92373],[-13.71586,11.923],[-13.71585,11.92227],[-13.71585,11.92154],[-13.71585,11.92081],[-13.71586,11.92008],[-13.71588,11.91936],[-13.7159,11.91863],[-13.71594,11.9179],[-13.71598,11.91717],[-13.71602,11.91644],[-13.71608,11.91572],[-13.71614,11.91499],[-13.71621,11.91426],[-13.71628,11.91354],[-13.71636,11.91282],[-13.71645,11.91209],[-13.71655,11.91137],[-13.71665,11.91065],[-13.71676,11.90993],[-13.71688,11.90921],[-13.71701,11.90849],[-13.71714,11.90777],[-13.71728,11.90706],[-13.71743,11.90634],[-13.71758,11.90563],[-13.71774,11.90492],[-13.71791,11.90421],[-13.71808,11.9035],[-13.71826,11.9028],[-13.71845,11.90209],[-13.71865,11.90139],[-13.71885,11.90069],[-13.71902,11.90012],[-13.71906,11.89999],[-13.71927,11.89929],[-13.7195,11.8986],[-13.71973,11.89791],[-13.71996,11.89722],[-13.72021,11.89653],[-13.72046,11.89585],[-13.72071,11.89516],[-13.72098,11.89449],[-13.72125,11.89381],[-13.72152,11.89313],[-13.72171,11.88858],[-13.72175,11.88263],[-13.72045,11.87009],[-13.71792,11.85768],[-13.71622,11.85312],[-13.71535,11.84867],[-13.71458,11.8447],[-13.71458,11.84363],[-13.71462,11.83387],[-13.71462,11.8245],[-13.71437,11.8098],[-13.71412,11.80626],[-13.71336,11.80324],[-13.71339,11.79225],[-13.7134,11.79004],[-13.71354,11.78988],[-13.71383,11.78956],[-13.71411,11.78923],[-13.71438,11.7889],[-13.71465,11.78856],[-13.71492,11.78821],[-13.71518,11.78787],[-13.71543,11.78751],[-13.71568,11.78716],[-13.71592,11.7868],[-13.71615,11.78643],[-13.71638,11.78607],[-13.7166,11.78569],[-13.71682,11.78532],[-13.71703,11.78494],[-13.71723,11.78456],[-13.71743,11.78417],[-13.71762,11.78378],[-13.71781,11.78339],[-13.71799,11.783],[-13.71816,11.7826],[-13.71832,11.7822],[-13.71848,11.7818],[-13.71863,11.78139],[-13.71878,11.78098],[-13.71892,11.78057],[-13.71905,11.78016],[-13.71917,11.77974],[-13.71929,11.77932],[-13.7194,11.77891],[-13.7195,11.77848],[-13.7196,11.77806],[-13.71969,11.77764],[-13.71977,11.77721],[-13.71985,11.77679],[-13.71991,11.77636],[-13.71998,11.77593],[-13.72003,11.7755],[-13.72008,11.77507],[-13.72148,11.76092],[-13.71766,11.75352],[-13.71745,11.75324],[-13.71723,11.75295],[-13.71703,11.75266],[-13.71683,11.75236],[-13.71664,11.75207],[-13.71645,11.75176],[-13.71627,11.75146],[-13.71609,11.75115],[-13.71592,11.75084],[-13.71576,11.75052],[-13.7156,11.7502],[-13.71545,11.74988],[-13.71531,11.74955],[-13.71517,11.74922],[-13.71507,11.74895],[-13.71504,11.74889],[-13.71492,11.74856],[-13.7148,11.74822],[-13.71469,11.74788],[-13.71459,11.74754],[-13.7145,11.7472],[-13.71441,11.74685],[-13.71432,11.74651],[-13.71425,11.74616],[-13.71418,11.74581],[-13.71412,11.74546],[-13.71407,11.74511],[-13.71402,11.74476],[-13.71398,11.7444],[-13.71395,11.74405],[-13.71392,11.74369],[-13.71391,11.74334],[-13.7139,11.74298],[-13.71344,11.71289],[-13.71343,11.71169],[-13.71343,11.7105],[-13.71343,11.71003],[-13.71347,11.70991],[-13.71352,11.70978],[-13.71355,11.7097],[-13.71364,11.70949],[-13.71374,11.70928],[-13.71384,11.70907],[-13.71394,11.70887],[-13.71406,11.70867],[-13.71418,11.70848],[-13.71555,11.70633],[-13.7165,11.70532],[-13.71919,11.70522],[-13.72093,11.70517],[-13.72144,11.70523],[-13.72196,11.70529],[-13.72247,11.70533],[-13.72298,11.70537],[-13.72349,11.70541],[-13.72401,11.70543],[-13.72452,11.70545],[-13.72504,11.70546],[-13.72555,11.70546],[-13.72607,11.70546],[-13.72658,11.70545],[-13.72709,11.70543],[-13.72761,11.70541],[-13.72812,11.70537],[-13.72863,11.70533],[-13.72915,11.70529],[-13.72966,11.70523],[-13.73017,11.70517],[-13.73068,11.7051],[-13.73119,11.70503],[-13.7317,11.70494],[-13.7322,11.70486],[-13.73271,11.70476],[-13.73321,11.70465],[-13.73371,11.70454],[-13.73421,11.70443],[-13.73471,11.7043],[-13.73521,11.70417],[-13.73571,11.70403],[-13.7362,11.70388],[-13.73669,11.70373],[-13.73689,11.70366],[-13.73718,11.70357],[-13.73767,11.7034],[-13.73815,11.70323],[-13.73863,11.70305],[-13.73911,11.70286],[-13.73959,11.70267],[-13.74006,11.70247],[-13.74053,11.70226],[-13.7406,11.70223],[-13.741,11.70205],[-13.74147,11.70183],[-13.74193,11.7016],[-13.74239,11.70137],[-13.74284,11.70113],[-13.74329,11.70089],[-13.74374,11.70063],[-13.74419,11.70038],[-13.74463,11.70011],[-13.74507,11.69984],[-13.7455,11.69956],[-13.74593,11.69928],[-13.74636,11.69899],[-13.74678,11.6987],[-13.74719,11.6984],[-13.74761,11.69809],[-13.74802,11.69778],[-13.74842,11.69746],[-13.74882,11.69714],[-13.74922,11.69681],[-13.74961,11.69647],[-13.74999,11.69613],[-13.75245,11.69391],[-13.75261,11.69377],[-13.75276,11.69361],[-13.75282,11.69354],[-13.7529,11.69346],[-13.75304,11.6933],[-13.75318,11.69313],[-13.7533,11.69296],[-13.75343,11.69278],[-13.75354,11.69261],[-13.75365,11.69242],[-13.75376,11.69224],[-13.75386,11.69205],[-13.75395,11.69185],[-13.75403,11.69166],[-13.75411,11.69146],[-13.75418,11.69126],[-13.75425,11.69105],[-13.7543,11.69085],[-13.75435,11.69064],[-13.7544,11.69043],[-13.75443,11.69022],[-13.75446,11.69001],[-13.75448,11.6898],[-13.7545,11.68958],[-13.75821,11.68489],[-13.75829,11.6848],[-13.75838,11.68471],[-13.75847,11.68462],[-13.75857,11.68454],[-13.75867,11.68447],[-13.75878,11.68441],[-13.75889,11.68435],[-13.759,11.68429],[-13.75912,11.68424],[-13.75923,11.6842],[-13.75935,11.68417],[-13.75948,11.68414],[-13.7596,11.68412],[-13.75972,11.68411],[-13.75985,11.68411],[-13.75997,11.68411],[-13.7601,11.68412],[-13.76753,11.68367],[-13.77185,11.68337],[-13.77227,11.68525],[-13.77415,11.6882],[-13.7756,11.69049],[-13.77567,11.69058],[-13.77574,11.69068],[-13.77583,11.69077],[-13.77591,11.69085],[-13.77601,11.69093],[-13.7761,11.69101],[-13.7762,11.69108],[-13.77631,11.69114],[-13.77642,11.69119],[-13.77653,11.69124],[-13.77664,11.69129],[-13.77676,11.69132],[-13.77688,11.69135],[-13.777,11.69137],[-13.77712,11.69139],[-13.77724,11.69139],[-13.77736,11.69139],[-13.77749,11.69139],[-13.77761,11.69137],[-13.77773,11.69135],[-13.77785,11.69132],[-13.77796,11.69129],[-13.77808,11.69124],[-13.77819,11.69119],[-13.7783,11.69114],[-13.77837,11.6911],[-13.77986,11.68724],[-13.78247,11.68671],[-13.78357,11.68649],[-13.78862,11.69021],[-13.78931,11.6909],[-13.79002,11.69162],[-13.79328,11.69232],[-13.79602,11.69294],[-13.79901,11.69362],[-13.79903,11.69376],[-13.80013,11.70637],[-13.80016,11.70649],[-13.80018,11.70661],[-13.8002,11.70673],[-13.8002,11.70685],[-13.8002,11.70698],[-13.80019,11.70702],[-13.80012,11.70715],[-13.80005,11.70727],[-13.79998,11.70739],[-13.7999,11.70751],[-13.79981,11.70762],[-13.79972,11.70773],[-13.79962,11.70783],[-13.79952,11.70793],[-13.79941,11.70802],[-13.7993,11.7081],[-13.79918,11.70818],[-13.79906,11.70826],[-13.79894,11.70832],[-13.79881,11.70838],[-13.79868,11.70844],[-13.79855,11.70849],[-13.79841,11.70853],[-13.79827,11.70856],[-13.79814,11.70859],[-13.798,11.70861],[-13.79394,11.70906],[-13.79386,11.70905],[-13.79378,11.70905],[-13.7937,11.70905],[-13.79361,11.70906],[-13.79353,11.70908],[-13.79346,11.70911],[-13.79338,11.70914],[-13.79331,11.70918],[-13.79324,11.70922],[-13.79317,11.70927],[-13.79311,11.70933],[-13.79305,11.70939],[-13.793,11.70945],[-13.79296,11.70952],[-13.79292,11.7096],[-13.79289,11.70967],[-13.79286,11.70975],[-13.79285,11.70983],[-13.79284,11.70991],[-13.79283,11.71],[-13.79271,11.7133],[-13.79357,11.71458],[-13.7956,11.71694],[-13.79577,11.71698],[-13.79593,11.71701],[-13.79609,11.71703],[-13.79625,11.71704],[-13.79641,11.71705],[-13.79658,11.71705],[-13.79674,11.71704],[-13.7969,11.71703],[-13.79706,11.71701],[-13.79722,11.71698],[-13.79738,11.71694],[-13.79754,11.7169],[-13.79769,11.71685],[-13.79784,11.71679],[-13.79799,11.71673],[-13.80151,11.71509],[-13.8021,11.71251],[-13.8026,11.71054],[-13.80481,11.70862],[-13.80587,11.70809],[-13.80689,11.70758],[-13.81991,11.7042],[-13.82001,11.70418],[-13.82012,11.70416],[-13.82022,11.70416],[-13.82032,11.70416],[-13.82043,11.70416],[-13.82053,11.70418],[-13.82063,11.7042],[-13.82073,11.70423],[-13.82083,11.70426],[-13.82093,11.70431],[-13.82102,11.70436],[-13.82111,11.70441],[-13.82119,11.70447],[-13.82127,11.70454],[-13.82135,11.70461],[-13.82142,11.70469],[-13.82148,11.70477],[-13.82154,11.70486],[-13.82159,11.70495],[-13.82164,11.70504],[-13.82168,11.70514],[-13.82171,11.70524],[-13.82174,11.70534],[-13.82175,11.70544],[-13.82176,11.70555],[-13.82177,11.70565],[-13.82176,11.70576],[-13.82416,11.71059],[-13.82677,11.71583],[-13.82803,11.71768],[-13.82952,11.71766],[-13.83211,11.71781],[-13.83219,11.71783],[-13.83227,11.71786],[-13.83234,11.71789],[-13.83241,11.71793],[-13.83248,11.71798],[-13.83255,11.71803],[-13.83261,11.71809],[-13.83266,11.71815],[-13.83271,11.71822],[-13.83275,11.71829],[-13.83279,11.71837],[-13.83282,11.71844],[-13.83284,11.71853],[-13.83285,11.71861],[-13.83358,11.72464],[-13.83359,11.72475],[-13.83358,11.72485],[-13.83357,11.72496],[-13.83355,11.72506],[-13.83353,11.72517],[-13.8335,11.72527],[-13.83346,11.72537],[-13.83341,11.72546],[-13.83336,11.72556],[-13.8333,11.72565],[-13.83324,11.72573],[-13.83317,11.72581],[-13.83309,11.72589],[-13.83301,11.72596],[-13.83293,11.72602],[-13.83284,11.72608],[-13.83274,11.72613],[-13.83265,11.72618],[-13.83147,11.72672],[-13.83124,11.72682],[-13.83101,11.72691],[-13.83077,11.72699],[-13.83054,11.72707],[-13.8303,11.72714],[-13.83005,11.72721],[-13.82981,11.72726],[-13.82956,11.72732],[-13.82932,11.72736],[-13.82907,11.72739],[-13.82882,11.72742],[-13.82857,11.72744],[-13.82832,11.72746],[-13.82807,11.72747],[-13.82782,11.72747],[-13.8277,11.72746],[-13.82762,11.72746],[-13.82744,11.72745],[-13.82726,11.72745],[-13.82708,11.72745],[-13.8269,11.72747],[-13.82673,11.72749],[-13.82655,11.72751],[-13.82637,11.72755],[-13.8262,11.72759],[-13.82602,11.72764],[-13.82585,11.72769],[-13.82568,11.72775],[-13.82551,11.72782],[-13.82535,11.7279],[-13.82519,11.72798],[-13.82388,11.72868],[-13.82379,11.72873],[-13.82372,11.72878],[-13.82364,11.72884],[-13.82358,11.72891],[-13.82351,11.72898],[-13.82345,11.72906],[-13.8234,11.72913],[-13.82336,11.72922],[-13.82332,11.7293],[-13.82329,11.72939],[-13.82326,11.72948],[-13.82324,11.72958],[-13.82323,11.72967],[-13.82323,11.72977],[-13.82323,11.72986],[-13.82367,11.73377],[-13.82374,11.7339],[-13.82381,11.73401],[-13.82389,11.73413],[-13.82397,11.73424],[-13.82406,11.73435],[-13.82416,11.73445],[-13.82426,11.73454],[-13.82735,11.73736],[-13.8315,11.74105],[-13.83156,11.7411],[-13.83162,11.74115],[-13.83169,11.74119],[-13.83177,11.74122],[-13.84159,11.74516],[-13.84174,11.74519],[-13.84188,11.74522],[-13.84203,11.74523],[-13.84218,11.74524],[-13.84229,11.74525],[-13.85468,11.74596],[-13.86099,11.73774],[-13.86356,11.72905],[-13.86293,11.72791],[-13.85969,11.72211],[-13.8562,11.72044],[-13.8547,11.71973],[-13.85197,11.72341],[-13.85102,11.72757],[-13.85102,11.72763],[-13.85102,11.72775],[-13.85101,11.72786],[-13.851,11.72797],[-13.85098,11.72808],[-13.85095,11.72819],[-13.85091,11.7283],[-13.85087,11.72841],[-13.85082,11.72851],[-13.85077,11.72861],[-13.8507,11.7287],[-13.85064,11.72879],[-13.85056,11.72888],[-13.85049,11.72896],[-13.8504,11.72904],[-13.85032,11.72911],[-13.85022,11.72918],[-13.85013,11.72924],[-13.85003,11.72929],[-13.84992,11.72934],[-13.84982,11.72938],[-13.84971,11.72941],[-13.8496,11.72944],[-13.84949,11.72946],[-13.84937,11.72947],[-13.84926,11.72948],[-13.84915,11.72947],[-13.84911,11.72947],[-13.84889,11.7291],[-13.84848,11.72841],[-13.84808,11.72773],[-13.84768,11.72704],[-13.84729,11.72635],[-13.84691,11.72565],[-13.84653,11.72496],[-13.84616,11.72425],[-13.8458,11.72355],[-13.84544,11.72283],[-13.84706,11.71555],[-13.85588,11.70364],[-13.85546,11.69453],[-13.85879,11.68716],[-13.85882,11.6871],[-13.85889,11.68699],[-13.85896,11.68688],[-13.85904,11.68677],[-13.85912,11.68667],[-13.85921,11.68658],[-13.8593,11.68649],[-13.8594,11.68641],[-13.85951,11.68633],[-13.85961,11.68626],[-13.86794,11.67302],[-13.87091,11.66791],[-13.86889,11.66399],[-13.8861,11.66467],[-13.89421,11.66467],[-13.89851,11.66442],[-13.90231,11.66568],[-13.90636,11.66771],[-13.91396,11.67227],[-13.917,11.67429],[-13.9203,11.67657],[-13.92283,11.67759],[-13.92663,11.67759],[-13.92967,11.67607],[-13.93499,11.671],[-13.93853,11.66517],[-13.94157,11.66011],[-13.94474,11.65617],[-13.94526,11.656],[-13.94577,11.65583],[-13.94629,11.65568],[-13.94681,11.65552],[-13.94733,11.65538],[-13.94785,11.65524],[-13.94837,11.65511],[-13.9489,11.65499],[-13.94943,11.65487],[-13.94996,11.65476],[-13.98737,11.64586],[-13.99731,11.64338],[-13.99742,11.64338],[-13.99778,11.64339],[-13.99814,11.64342],[-13.9985,11.64345],[-13.99886,11.64348],[-13.99922,11.64352],[-13.99957,11.64357],[-13.99993,11.64363],[-14.00028,11.6437],[-14.00063,11.64377],[-14.00099,11.64385],[-14.00134,11.64393],[-14.00168,11.64402],[-14.00203,11.64412],[-14.00237,11.64423],[-14.00271,11.64434],[-14.00305,11.64446],[-14.00339,11.64459],[-14.00373,11.64472],[-14.00406,11.64486],[-14.00439,11.64501],[-14.00471,11.64517],[-14.00503,11.64533],[-14.00535,11.64549],[-14.00547,11.64555],[-14.00572,11.6457],[-14.00653,11.64616],[-14.00734,11.64662],[-14.00815,11.64706],[-14.00896,11.64751],[-14.00978,11.64794],[-14.01061,11.64837],[-14.01143,11.64879],[-14.01226,11.64921],[-14.01309,11.64962],[-14.01393,11.65002],[-14.01477,11.65042],[-14.01561,11.65081],[-14.01645,11.65119],[-14.0173,11.65157],[-14.01815,11.65194],[-14.019,11.65231],[-14.02732,11.65305],[-14.03666,11.65466],[-14.04385,11.64893],[-14.0573,11.64787],[-14.05975,11.64698],[-14.06172,11.64529],[-14.06188,11.64499],[-14.06204,11.6447],[-14.06221,11.64442],[-14.06238,11.64413],[-14.06256,11.64386],[-14.06275,11.64358],[-14.06294,11.64331],[-14.06314,11.64304],[-14.06335,11.64278],[-14.06355,11.64252],[-14.06377,11.64227],[-14.06399,11.64202],[-14.06422,11.64178],[-14.06445,11.64154],[-14.06468,11.6413],[-14.06492,11.64108],[-14.06554,11.6405],[-14.06919,11.6371],[-14.06942,11.6369],[-14.08164,11.62616],[-14.08173,11.62607],[-14.08184,11.62599],[-14.08194,11.62592],[-14.08206,11.62585],[-14.08217,11.62579],[-14.08229,11.62573],[-14.08241,11.62568],[-14.08253,11.62564],[-14.08266,11.6256],[-14.08279,11.62558],[-14.08291,11.62555],[-14.08304,11.62554],[-14.08317,11.62553],[-14.0833,11.62553],[-14.08344,11.62554],[-14.08356,11.62555],[-14.08369,11.62558],[-14.08382,11.6256],[-14.08395,11.62564],[-14.08407,11.62568],[-14.08419,11.62573],[-14.0939,11.62973],[-14.09993,11.63174],[-14.1045,11.63309],[-14.10486,11.63312],[-14.10522,11.63316],[-14.10557,11.63321],[-14.10593,11.63326],[-14.10628,11.63333],[-14.10664,11.6334],[-14.10699,11.63347],[-14.10734,11.63356],[-14.10769,11.63365],[-14.10804,11.63375],[-14.10838,11.63385],[-14.10873,11.63396],[-14.10907,11.63408],[-14.1094,11.63421],[-14.10974,11.63434],[-14.11007,11.63448],[-14.1104,11.63462],[-14.11073,11.63477],[-14.11105,11.63493],[-14.11138,11.63509],[-14.11169,11.63527],[-14.11201,11.63544],[-14.11232,11.63563],[-14.11262,11.63582],[-14.11293,11.63601],[-14.11323,11.63621],[-14.11352,11.63642],[-14.11381,11.63663],[-14.1141,11.63685],[-14.11438,11.63708],[-14.11466,11.63731],[-14.12221,11.64367],[-14.12239,11.64382],[-14.12256,11.64398],[-14.12272,11.64414],[-14.12288,11.64431],[-14.12304,11.64448],[-14.12319,11.64466],[-14.12333,11.64484],[-14.12347,11.64503],[-14.1236,11.64522],[-14.12372,11.64541],[-14.12384,11.64561],[-14.12396,11.64581],[-14.12407,11.64602],[-14.12417,11.64622],[-14.12426,11.64643],[-14.12435,11.64665],[-14.12443,11.64687],[-14.1245,11.64708],[-14.12457,11.64731],[-14.12463,11.64753],[-14.12468,11.64775],[-14.12473,11.64798],[-14.12477,11.64821],[-14.1248,11.64844],[-14.12483,11.64867],[-14.12485,11.6489],[-14.12486,11.64913],[-14.12486,11.64936],[-14.12486,11.64959],[-14.12486,11.64963],[-14.12499,11.64976],[-14.12536,11.65012],[-14.12573,11.65048],[-14.12612,11.65083],[-14.1265,11.65117],[-14.12689,11.65151],[-14.12729,11.65184],[-14.12769,11.65217],[-14.12809,11.65249],[-14.1285,11.65281],[-14.12891,11.65312],[-14.12933,11.65342],[-14.12975,11.65372],[-14.13018,11.65401],[-14.13061,11.6543],[-14.13104,11.65458],[-14.13148,11.65486],[-14.13192,11.65512],[-14.13236,11.65539],[-14.13281,11.65564],[-14.13327,11.65589],[-14.13372,11.65614],[-14.13418,11.65637],[-14.13464,11.6566],[-14.13511,11.65683],[-14.13558,11.65705],[-14.13605,11.65726],[-14.13652,11.65746],[-14.137,11.65766],[-14.13748,11.65785],[-14.13796,11.65804],[-14.13845,11.65822],[-14.13893,11.65839],[-14.13942,11.65855],[-14.13992,11.65871],[-14.14041,11.65886],[-14.14091,11.659],[-14.1414,11.65914],[-14.1419,11.65927],[-14.14241,11.65939],[-14.14253,11.65942],[-14.14291,11.65944],[-14.14362,11.65946],[-14.14432,11.65948],[-14.14503,11.65949],[-14.14573,11.6595],[-14.14644,11.65949],[-14.14714,11.65948],[-14.14785,11.65946],[-14.14855,11.65944],[-14.14926,11.65941],[-14.14996,11.65937],[-14.15066,11.65932],[-14.15137,11.65927],[-14.15207,11.65921],[-14.15277,11.65914],[-14.15347,11.65906],[-14.15417,11.65898],[-14.15487,11.65889],[-14.15557,11.65879],[-14.15627,11.65869],[-14.15696,11.65858],[-14.15766,11.65846],[-14.15835,11.65833],[-14.15905,11.6582],[-14.15974,11.65806],[-14.16043,11.65792],[-14.16112,11.65776],[-14.1618,11.6576],[-14.16249,11.65744],[-14.17259,11.65673],[-14.1784,11.65697],[-14.17957,11.65697],[-14.1796,11.65698],[-14.17991,11.65705],[-14.18022,11.65712],[-14.18052,11.6572],[-14.18082,11.65728],[-14.18113,11.65737],[-14.18142,11.65747],[-14.18172,11.65758],[-14.18202,11.65769],[-14.18231,11.65781],[-14.1826,11.65794],[-14.18288,11.65807],[-14.18316,11.65821],[-14.18344,11.65836],[-14.18372,11.65851],[-14.18399,11.65867],[-14.18426,11.65883],[-14.18452,11.659],[-14.18478,11.65918],[-14.18504,11.65936],[-14.18529,11.65955],[-14.18554,11.65975],[-14.18579,11.65995],[-14.18602,11.66015],[-14.18626,11.66036],[-14.18649,11.66058],[-14.18671,11.6608],[-14.18693,11.66103],[-14.18714,11.66126],[-14.18735,11.6615],[-14.18755,11.66174],[-14.18775,11.66198],[-14.18794,11.66223],[-14.18813,11.66249],[-14.18831,11.66275],[-14.18848,11.66301],[-14.18865,11.66328],[-14.18881,11.66355],[-14.19413,11.66659],[-14.2057,11.67198],[-14.20677,11.67248],[-14.20696,11.6724],[-14.21357,11.66976],[-14.22336,11.66813],[-14.23073,11.67097],[-14.23362,11.67175],[-14.23532,11.6722],[-14.2356,11.6721],[-14.23592,11.67197],[-14.23625,11.67183],[-14.23657,11.67168],[-14.23689,11.67153],[-14.2372,11.67137],[-14.23751,11.67121],[-14.23782,11.67104],[-14.23812,11.67086],[-14.23842,11.67068],[-14.23872,11.67049],[-14.23901,11.67029],[-14.2393,11.67009],[-14.23959,11.66989],[-14.23987,11.66967],[-14.24009,11.66949],[-14.24014,11.66945],[-14.24042,11.66923],[-14.24068,11.669],[-14.24094,11.66876],[-14.2412,11.66852],[-14.24145,11.66828],[-14.2417,11.66803],[-14.24194,11.66777],[-14.24218,11.66751],[-14.24241,11.66724],[-14.24264,11.66697],[-14.24286,11.6667],[-14.24307,11.66642],[-14.24328,11.66614],[-14.24348,11.66585],[-14.24368,11.66556],[-14.24387,11.66526],[-14.24936,11.66458],[-14.2541,11.66545],[-14.25489,11.66557],[-14.25568,11.66568],[-14.25648,11.66579],[-14.25728,11.66589],[-14.25807,11.66598],[-14.25887,11.66606],[-14.25967,11.66614],[-14.26047,11.66621],[-14.26127,11.66627],[-14.26207,11.66633],[-14.26287,11.66638],[-14.26368,11.66642],[-14.26448,11.66645],[-14.26528,11.66648],[-14.26578,11.66649],[-14.26617,11.66623],[-14.26704,11.66564],[-14.26791,11.66503],[-14.26878,11.66442],[-14.26964,11.66381],[-14.2705,11.66319],[-14.27135,11.66256],[-14.2722,11.66193],[-14.27304,11.66129],[-14.27388,11.66065],[-14.27472,11.66],[-14.27555,11.65934],[-14.27638,11.65868],[-14.2772,11.65801],[-14.27802,11.65734],[-14.27883,11.65667],[-14.27964,11.65598],[-14.28044,11.65529],[-14.28124,11.6546],[-14.28204,11.6539],[-14.28283,11.6532],[-14.28361,11.65249],[-14.28439,11.65177],[-14.28517,11.65105],[-14.28594,11.65032],[-14.2867,11.64959],[-14.28722,11.64909],[-14.28747,11.64886],[-14.28822,11.64811],[-14.28897,11.64737],[-14.28972,11.64662],[-14.29046,11.64586],[-14.29119,11.6451],[-14.29192,11.64433],[-14.29265,11.64356],[-14.29337,11.64278],[-14.29408,11.642],[-14.29479,11.64121],[-14.29549,11.64042],[-14.29619,11.63963],[-14.29624,11.63957],[-14.29697,11.63872],[-14.29781,11.63773],[-14.29865,11.63673],[-14.29948,11.63573],[-14.30031,11.63472],[-14.30113,11.63371],[-14.30195,11.63269],[-14.30276,11.63167],[-14.30356,11.63064],[-14.30436,11.62961],[-14.30516,11.62858],[-14.30594,11.62754],[-14.30673,11.6265],[-14.3075,11.62545],[-14.30827,11.6244],[-14.30904,11.62334],[-14.3098,11.62228],[-14.31774,11.61105],[-14.31832,11.61023],[-14.31889,11.60941],[-14.31945,11.60859],[-14.32001,11.60776],[-14.32056,11.60693],[-14.3211,11.60609],[-14.32164,11.60525],[-14.32217,11.6044],[-14.3227,11.60356],[-14.32322,11.6027],[-14.32373,11.60185],[-14.32393,11.60152],[-14.32419,11.60136],[-14.32519,11.60072],[-14.32619,11.60009],[-14.3272,11.59947],[-14.32821,11.59886],[-14.32922,11.59825],[-14.33024,11.59765],[-14.33126,11.59705],[-14.33228,11.59646],[-14.33262,11.59627],[-14.33331,11.59588],[-14.33434,11.5953],[-14.33538,11.59473],[-14.33642,11.59416],[-14.33746,11.5936],[-14.33851,11.59305],[-14.33956,11.5925],[-14.34061,11.59196],[-14.34166,11.59143],[-14.34215,11.59119],[-14.34336,11.59057],[-14.34556,11.58945],[-14.34775,11.58832],[-14.34993,11.58719],[-14.35212,11.58605],[-14.3543,11.5849],[-14.35648,11.58375],[-14.35865,11.58259],[-14.36082,11.58142],[-14.36299,11.58025],[-14.36515,11.57907],[-14.36731,11.57788],[-14.36947,11.57669],[-14.37163,11.57549],[-14.37378,11.57429],[-14.37592,11.57308],[-14.37807,11.57186],[-14.3802,11.57064],[-14.4047,11.55683],[-14.40616,11.556],[-14.43838,11.53784],[-14.44513,11.53406],[-14.44796,11.53252],[-14.45078,11.53098],[-14.45359,11.52943],[-14.45641,11.52787],[-14.45922,11.52631],[-14.46202,11.52474],[-14.46483,11.52316],[-14.46763,11.52158],[-14.47042,11.51999],[-14.47322,11.5184],[-14.47601,11.5168],[-14.47879,11.51519],[-14.48157,11.51358],[-14.48435,11.51196],[-14.48713,11.51033],[-14.4899,11.5087],[-14.49266,11.50706],[-14.49543,11.50542],[-14.49819,11.50377],[-14.49939,11.50305],[-14.51734,11.49301],[-14.56955,11.49927],[-14.57071,11.49939],[-14.57261,11.49959],[-14.57451,11.49979],[-14.57641,11.49997],[-14.57831,11.50015],[-14.58022,11.50032],[-14.58212,11.50048],[-14.58402,11.50064],[-14.58593,11.50079],[-14.58783,11.50093],[-14.58974,11.50106],[-14.59164,11.50119],[-14.59355,11.50131],[-14.59546,11.50142],[-14.59736,11.50153],[-14.59927,11.50163],[-14.60118,11.50172],[-14.60309,11.50181],[-14.605,11.50188],[-14.6069,11.50195],[-14.60881,11.50202],[-14.61072,11.50207],[-14.61263,11.50212],[-14.61454,11.50216],[-14.61645,11.5022],[-14.61836,11.50222],[-14.62027,11.50224],[-14.62218,11.50226],[-14.62409,11.50226],[-14.62471,11.50226],[-14.67143,11.49193],[-14.70129,11.46212],[-14.72032,11.43547],[-14.72544,11.42649],[-14.73577,11.41589],[-14.75005,11.39639],[-14.76188,11.37939],[-14.77977,11.35339],[-14.78657,11.33436],[-14.78812,11.33053],[-14.79718,11.30819],[-14.80773,11.27991],[-14.81353,11.26706],[-14.82834,11.2342],[-14.82854,11.23378],[-14.8291,11.23255],[-14.82965,11.23131],[-14.8302,11.23007],[-14.83074,11.22883],[-14.83128,11.22758],[-14.83181,11.22634],[-14.83233,11.22509],[-14.83284,11.22383],[-14.83335,11.22258],[-14.83385,11.22132],[-14.83435,11.22006],[-14.83484,11.21879],[-14.83532,11.21753],[-14.83579,11.21626],[-14.83626,11.21499],[-14.83672,11.21371],[-14.83718,11.21244],[-14.83763,11.21116],[-14.83807,11.20988],[-14.8385,11.20859],[-14.83893,11.20731],[-14.83935,11.20602],[-14.83976,11.20473],[-14.84017,11.20344],[-14.84057,11.20214],[-14.84096,11.20085],[-14.84135,11.19955],[-14.8414,11.19939],[-14.85255,11.17953],[-14.88458,11.12522],[-14.91956,11.06398],[-14.92561,11.05341],[-14.91805,11.04488],[-14.90328,11.03457],[-14.89891,11.03701],[-14.8941,11.03391],[-14.89546,11.0335],[-14.89845,11.03048],[-14.89932,11.02541],[-14.89055,11.01286],[-14.89015,11.01162],[-14.88643,11.00003],[-14.88649,10.98645],[-14.88117,10.96995],[-14.87316,10.96223],[-14.8699,10.96204],[-14.86783,10.96436],[-14.86431,10.96188],[-14.8592,10.96263],[-14.8481,10.9692],[-14.83798,10.97875],[-14.83126,10.98113],[-14.82321,10.9895],[-14.81484,10.99029],[-14.81214,10.99192],[-14.80927,10.99055],[-14.80908,10.99046],[-14.79848,10.98542],[-14.80119,10.97826],[-14.79905,10.97461],[-14.79484,10.97304],[-14.7874,10.97336],[-14.77627,10.97671],[-14.76904,10.97633],[-14.75663,10.96958],[-14.75104,10.96987],[-14.72716,10.99752],[-14.7235,11.00331],[-14.72354,11.00676],[-14.72995,11.01386],[-14.7277,11.01915],[-14.69713,11.03788],[-14.68573,11.03801],[-14.68339,11.04211],[-14.67101,11.039],[-14.67125,11.0345],[-14.66982,11.03198],[-14.65909,11.0298],[-14.65599,11.02339],[-14.65759,11.02085],[-14.66464,11.02652],[-14.6821,11.02609],[-14.69161,11.02369],[-14.69391,11.02067],[-14.69216,11.0108],[-14.69417,11.00295],[-14.69829,10.99693],[-14.70267,10.99366],[-14.71266,10.99216],[-14.71752,10.98935],[-14.72921,10.9738],[-14.74093,10.96147],[-14.74483,10.96002],[-14.74603,10.95958],[-14.75255,10.95927],[-14.76118,10.96147],[-14.76956,10.96092],[-14.77349,10.95903],[-14.7859,10.94554],[-14.79356,10.94407],[-14.7968,10.94197],[-14.79771,10.93962],[-14.80522,10.93326],[-14.81279,10.93319],[-14.81635,10.93001],[-14.8173,10.92469],[-14.81496,10.90838],[-14.81607,10.89833],[-14.81444,10.89519],[-14.81579,10.88948],[-14.81555,10.88535],[-14.81418,10.88486],[-14.80978,10.87456],[-14.80681,10.86548],[-14.80769,10.86179],[-14.80409,10.85263],[-14.80632,10.84432],[-14.80579,10.83881],[-14.80937,10.82726],[-14.80909,10.82313],[-14.80743,10.82108],[-14.80142,10.82345],[-14.79537,10.82375],[-14.79191,10.82655],[-14.78304,10.82389],[-14.777,10.82488],[-14.76859,10.83445],[-14.76141,10.84743],[-14.75413,10.83619],[-14.7554,10.82743],[-14.75878,10.81819],[-14.75802,10.8136],[-14.76073,10.80667],[-14.76176,10.79538],[-14.76784,10.77631],[-14.77883,10.76413],[-14.78184,10.76295],[-14.78907,10.76401],[-14.78996,10.76078],[-14.78705,10.75116],[-14.7751,10.72438],[-14.76849,10.71618],[-14.76241,10.71326],[-14.75975,10.70524],[-14.74818,10.68996],[-14.74382,10.69484],[-14.74224,10.70046],[-14.74181,10.70199],[-14.74256,10.70636],[-14.74332,10.71187],[-14.74413,10.72106],[-14.73987,10.73445],[-14.74015,10.73859],[-14.73624,10.74712],[-14.73083,10.74895],[-14.72823,10.75344],[-14.72686,10.75553],[-14.72223,10.75765],[-14.71397,10.76718],[-14.70774,10.77116],[-14.69152,10.77686],[-14.67974,10.7839],[-14.67215,10.79111],[-14.66897,10.79759],[-14.6645,10.80982],[-14.65623,10.80023],[-14.66619,10.77876],[-14.6694,10.77527],[-14.67448,10.7713],[-14.69395,10.76534],[-14.70386,10.75809],[-14.70569,10.75485],[-14.70713,10.73878],[-14.71227,10.72142],[-14.71543,10.71334],[-14.71725,10.70941],[-14.72024,10.70707],[-14.72317,10.69899],[-14.70306,10.69002],[-14.68835,10.69661],[-14.68493,10.69045],[-14.69172,10.68221],[-14.69102,10.67892],[-14.69469,10.67855],[-14.69565,10.67393],[-14.69765,10.67392],[-14.70061,10.67877],[-14.70711,10.67824],[-14.71102,10.67405],[-14.71143,10.66991],[-14.70708,10.6557],[-14.70867,10.65223],[-14.7058,10.64605],[-14.70666,10.6382],[-14.7065,10.63489],[-14.70327,10.63254],[-14.69533,10.63974],[-14.69012,10.64018],[-14.68854,10.64256],[-14.6619,10.66955],[-14.65268,10.67678],[-14.63695,10.68363],[-14.6291,10.70879],[-14.60989,10.73768],[-14.60524,10.74588],[-14.59371,10.76645],[-14.59227,10.77396],[-14.58578,10.7854],[-14.57337,10.80462],[-14.56444,10.81185],[-14.56075,10.81465],[-14.55295,10.8265],[-14.54727,10.82207],[-14.541,10.81716],[-14.54653,10.81205],[-14.55498,10.78452],[-14.55895,10.77902],[-14.56093,10.76888],[-14.57478,10.73813],[-14.58877,10.72096],[-14.59515,10.7164],[-14.60037,10.71476],[-14.6033,10.71045],[-14.61152,10.69869],[-14.6118,10.69243],[-14.61735,10.68081],[-14.61474,10.67306],[-14.61689,10.65763],[-14.6208,10.6453],[-14.6221,10.64561],[-14.62501,10.63568],[-14.6274,10.62117],[-14.62373,10.6058],[-14.62019,10.60032],[-14.61737,10.59851],[-14.6025,10.59844],[-14.59554,10.5999],[-14.59385,10.59394],[-14.59767,10.59333],[-14.60656,10.58805],[-14.61831,10.57872],[-14.62105,10.57455],[-14.62453,10.57405],[-14.62839,10.56596],[-14.63326,10.56498],[-14.63676,10.56609],[-14.64044,10.56283],[-14.643,10.56257],[-14.64597,10.55794],[-14.65086,10.55927],[-14.65465,10.5652],[-14.65812,10.56402],[-14.66082,10.55593],[-14.65982,10.54951],[-14.65791,10.54585],[-14.65465,10.54496],[-14.65295,10.53854],[-14.65794,10.52814],[-14.66235,10.5274],[-14.66436,10.52047],[-14.66852,10.51813],[-14.66916,10.51375],[-14.66747,10.50779],[-14.666,10.50183],[-14.66258,10.48691],[-14.66708,10.47467],[-14.66539,10.46848],[-14.66069,10.46463],[-14.65676,10.46582],[-14.65353,10.46839],[-14.65153,10.47623],[-14.63126,10.47139],[-14.62334,10.46964],[-14.59105,10.46977],[-14.58247,10.4717],[-14.57716,10.47452],[-14.57418,10.478],[-14.56897,10.4907],[-14.56279,10.49859],[-14.55563,10.50304],[-14.54567,10.50586],[-14.54485,10.50316],[-14.54384,10.49982],[-14.54266,10.49591],[-14.54265,10.49589],[-14.54252,10.49547],[-14.54232,10.49481],[-14.54215,10.49424],[-14.54823,10.49419],[-14.55198,10.4879],[-14.55456,10.46878],[-14.5519,10.43937],[-14.55578,10.43266],[-14.55213,10.41821],[-14.54293,10.40543],[-14.5351,10.39102],[-14.50558,10.36811],[-14.49456,10.35788],[-14.48514,10.34648],[-14.47928,10.34171],[-14.47509,10.34015],[-14.46345,10.33928],[-14.46355,10.32601],[-14.45608,10.30102],[-14.47115,10.25556],[-14.47064,10.25142],[-14.46548,10.24642],[-14.46381,10.24275],[-14.46538,10.23745],[-14.46276,10.23127],[-14.46363,10.22551],[-14.46003,10.22086],[-14.45939,10.22003],[-14.45837,10.21154],[-14.45648,10.20833],[-14.45438,10.20767],[-14.44906,10.20933],[-14.43735,10.22118],[-14.42974,10.22563],[-14.42394,10.22661],[-14.41788,10.2246],[-14.41348,10.22488],[-14.40175,10.23558],[-14.39177,10.23591],[-14.3792,10.23305],[-14.36824,10.22833],[-14.35635,10.22223],[-14.34934,10.21863],[-14.31709,10.1978],[-14.3124,10.19302],[-14.29926,10.17935],[-14.29477,10.1718],[-14.28423,10.16202],[-14.26765,10.15229],[-14.26273,10.15321],[-14.25431,10.14291],[-14.25337,10.14175],[-14.25308,10.13427],[-14.24977,10.12809],[-14.23804,10.11533],[-14.21891,10.10494],[-14.20938,10.10296],[-14.20428,10.10416],[-14.20084,10.10741],[-14.19399,10.11612],[-14.19433,10.1181],[-14.19168,10.11943],[-14.18433,10.12826],[-14.18001,10.11489],[-14.18503,10.10434],[-14.18868,10.0981],[-14.18908,10.09142],[-14.18622,10.08432],[-14.17517,10.06971],[-14.16396,10.06177],[-14.15951,10.0579],[-14.14669,10.05112],[-14.14156,10.04864],[-14.1376,10.04707],[-14.12834,10.0483],[-14.114,10.0528],[-14.10194,10.05361],[-14.09109,10.05922],[-14.08553,10.0602],[-14.07862,10.06578],[-14.08052,10.07036],[-14.08697,10.07614],[-14.08467,10.08027],[-14.07943,10.07819],[-14.07737,10.08073],[-14.08143,10.08969],[-14.08423,10.09447],[-14.08711,10.10479],[-14.08746,10.11698],[-14.08549,10.12918],[-14.08676,10.14136],[-14.08385,10.15219],[-14.07932,10.13982],[-14.07562,10.141],[-14.07339,10.15086],[-14.06963,10.14611],[-14.06126,10.14435],[-14.05663,10.146],[-14.04811,10.1532],[-14.04626,10.14716],[-14.04404,10.1399],[-14.0417,10.13763],[-14.04276,10.13389],[-14.04606,10.13184],[-14.05021,10.12858],[-14.0518,10.12489],[-14.04921,10.12146],[-14.03547,10.11653],[-14.031,10.11616],[-14.03172,10.10817],[-14.03211,10.10391],[-14.03555,10.09974],[-14.038,10.08891],[-14.05356,10.06577],[-14.0563,10.06362],[-14.05836,10.05791],[-14.06064,10.05352],[-14.065,10.04773],[-14.0681,10.03207],[-14.06714,10.02863],[-14.03669,10],[-14.03274,9.99629],[-14.02927,9.99724],[-14.02781,10],[-14.02744,10.0007],[-14.02601,10],[-14.01711,9.99565],[-14.00993,9.98752],[-13.98987,9.97528],[-13.98033,9.97192],[-13.97314,9.97221],[-13.96875,9.97386],[-13.96016,9.97146],[-13.95423,9.96302],[-13.9552,9.96225],[-13.95212,9.95515],[-13.90945,9.92907],[-13.87818,9.90611],[-13.86788,9.89562],[-13.85889,9.88413],[-13.84374,9.86478],[-13.82666,9.8463],[-13.82156,9.84611],[-13.81432,9.83996],[-13.80805,9.83909],[-13.80154,9.83616],[-13.79668,9.83781],[-13.78956,9.84545],[-13.78795,9.84707],[-13.775,9.85086],[-13.76698,9.84998],[-13.75324,9.85402],[-13.73407,9.86268],[-13.72507,9.86827],[-13.71771,9.87545],[-13.707,9.89922],[-13.70335,9.90402],[-13.70334,9.90404],[-13.70173,9.90616],[-13.70149,9.90781],[-13.70148,9.90783],[-13.69931,9.92273],[-13.6929,9.93382],[-13.69252,9.93956],[-13.68954,9.93904],[-13.68424,9.93813],[-13.67751,9.95639],[-13.68722,9.96036],[-13.69285,9.95814],[-13.69299,9.958],[-13.6933,9.95856],[-13.70075,9.96428],[-13.72216,9.97133],[-13.729,9.97208],[-13.74038,9.97332],[-13.75102,9.98037],[-13.80382,10.00524],[-13.81619,10.01561],[-13.84239,10.03197],[-13.86434,10.05631],[-13.87032,10.06669],[-13.88868,10.08504],[-13.90171,10.10286],[-13.9065,10.10871],[-13.90637,10.12414],[-13.90105,10.13026],[-13.87032,10.1526],[-13.86328,10.15048],[-13.83535,10.1663],[-13.81486,10.19955],[-13.80941,10.22309],[-13.8009,10.22961],[-13.77097,10.26286],[-13.76799,10.27884],[-13.75712,10.27777],[-13.74359,10.27777],[-13.73119,10.27666],[-13.71991,10.27],[-13.69285,10.27666],[-13.67228,10.28923],[-13.66524,10.27895],[-13.65486,10.2759],[-13.64236,10.26299],[-13.62494,10.25222],[-13.60898,10.25049],[-13.59408,10.25289],[-13.58331,10.25794],[-13.55738,10.31008],[-13.55272,10.3259],[-13.55059,10.33734],[-13.54142,10.34705],[-13.53038,10.35131],[-13.522,10.35835],[-13.50311,10.38229],[-13.50324,10.39307],[-13.49925,10.39639],[-13.49899,10.40304],[-13.50737,10.41182],[-13.51927,10.42779],[-13.50855,10.45254],[-13.49776,10.45254],[-13.49719,10.46258],[-13.49265,10.46984],[-13.48527,10.47877],[-13.48129,10.47989],[-13.47902,10.47989],[-13.47504,10.47766],[-13.46993,10.47542],[-13.46709,10.47598],[-13.46198,10.47598],[-13.45971,10.47877],[-13.45233,10.48603],[-13.44552,10.49329],[-13.44154,10.49552],[-13.43245,10.49663],[-13.41883,10.49105],[-13.41656,10.49161],[-13.41144,10.49608],[-13.40463,10.49998],[-13.40065,10.50612],[-13.39627,10.51689],[-13.39618,10.51689],[-13.39604,10.5174],[-13.38873,10.54309],[-13.38474,10.55453],[-13.38461,10.56158],[-13.39645,10.57834],[-13.40323,10.58406],[-13.40057,10.59656],[-13.39578,10.60015],[-13.38607,10.61491],[-13.37743,10.61983],[-13.37211,10.62755],[-13.37277,10.6314],[-13.35708,10.64484],[-13.35083,10.66053],[-13.35095,10.66024],[-13.35104,10.66023],[-13.36701,10.68181],[-13.36967,10.68311],[-13.37633,10.68508],[-13.38365,10.68508],[-13.38498,10.689],[-13.39429,10.69815],[-13.40162,10.6975],[-13.40361,10.69619],[-13.40694,10.69358],[-13.4116,10.68965],[-13.41559,10.68769],[-13.42291,10.68769],[-13.42557,10.68508],[-13.43223,10.68246],[-13.44021,10.68377],[-13.44354,10.68311],[-13.44395,10.6835],[-13.4434,10.68407],[-13.44473,10.68899],[-13.44619,10.71852],[-13.43568,10.73754],[-13.43648,10.76148],[-13.4398,10.7656],[-13.44007,10.77292],[-13.45191,10.7785],[-13.46467,10.7918],[-13.4688,10.79978],[-13.466,10.80164],[-13.46687,10.80184],[-13.47944,10.8047],[-13.49207,10.80337],[-13.51748,10.79021],[-13.56802,10.74086],[-13.59914,10.71573],[-13.59967,10.71147],[-13.65247,10.66825],[-13.66817,10.66612],[-13.67162,10.67277],[-13.67561,10.67423],[-13.67974,10.68221],[-13.68426,10.68314],[-13.68373,10.68593],[-13.68679,10.68793],[-13.68373,10.69471],[-13.69809,10.7011],[-13.70806,10.6975],[-13.71604,10.7261],[-13.72243,10.72996],[-13.74531,10.7277],[-13.75196,10.7249],[-13.76366,10.72956],[-13.78161,10.75257],[-13.79491,10.75563],[-13.80396,10.74126],[-13.81566,10.74113],[-13.82072,10.73302],[-13.82803,10.72943],[-13.84785,10.73169],[-13.86168,10.73927],[-13.867,10.73607],[-13.87485,10.72663],[-13.8787,10.71586],[-13.88083,10.68487],[-13.88602,10.68154],[-13.89945,10.68806],[-13.90358,10.68593],[-13.90437,10.68128],[-13.89892,10.66997],[-13.9065,10.66279],[-13.91887,10.66559],[-13.95717,10.70987],[-13.97101,10.72078],[-13.97925,10.72011],[-13.98072,10.73568],[-13.97726,10.73993],[-13.97167,10.76427],[-13.94321,10.80417],[-13.93084,10.82665],[-13.92765,10.8462],[-13.9198,10.86189],[-13.87498,10.87825],[-13.85184,10.8986],[-13.8118,10.91124],[-13.77696,10.93744],[-13.76898,10.9534],[-13.77004,10.96364],[-13.77377,10.95792],[-13.76938,10.97454],[-13.7727,10.98186],[-13.81832,11.03626],[-13.81646,11.04942],[-13.80835,11.05421],[-13.80063,11.05315],[-13.79837,11.08015],[-13.78813,11.08547],[-13.76273,11.09358],[-13.74398,11.11965],[-13.7457,11.13534],[-13.74012,11.1517],[-13.74677,11.17684],[-13.75741,11.19],[-13.78068,11.19333],[-13.78853,11.19812],[-13.78121,11.21062],[-13.77217,11.21966],[-13.77151,11.22857],[-13.7735,11.23389],[-13.78161,11.23669],[-13.79318,11.25198],[-13.79997,11.24999],[-13.80821,11.25743],[-13.81021,11.26515],[-13.82856,11.2706],[-13.83082,11.28084],[-13.84186,11.28802],[-13.84293,11.29667],[-13.83242,11.29122],[-13.81766,11.29295],[-13.80662,11.29853],[-13.79611,11.30851],[-13.78454,11.31436],[-13.75355,11.32487],[-13.73865,11.33444],[-13.7324,11.33311],[-13.70275,11.33723],[-13.69463,11.33484],[-13.68572,11.32753],[-13.63558,11.33285],[-13.626,11.3375],[-13.59754,11.35679],[-13.57679,11.38006],[-13.57093,11.38089],[-13.55605,11.38299],[-13.52772,11.38166],[-13.51295,11.3782],[-13.50457,11.37873],[-13.47997,11.37394],[-13.46946,11.3782],[-13.443,11.37807],[-13.43621,11.37314],[-13.42943,11.35838],[-13.44991,11.30625],[-13.44725,11.29148],[-13.42996,11.29135],[-13.41573,11.2964],[-13.39379,11.31409],[-13.36971,11.32367],[-13.34817,11.33737],[-13.32516,11.33923],[-13.31399,11.34694],[-13.29516,11.34777],[-13.28379,11.34827],[-13.27568,11.34521],[-13.2673,11.32992],[-13.28286,11.28922],[-13.28233,11.27925],[-13.27209,11.26382],[-13.26424,11.22937],[-13.25906,11.18229],[-13.23392,11.14382],[-13.23254,11.09956],[-13.21553,11.05891],[-13.2137,11.05887],[-13.20812,11.06179],[-13.20173,11.06299],[-13.19751,11.06465],[-13.19735,11.06472],[-13.20454,11.08782],[-13.21703,11.11778],[-13.22096,11.13295],[-13.21702,11.13359],[-13.21308,11.13553],[-13.20651,11.13617],[-13.19797,11.13682],[-13.19206,11.1381],[-13.18746,11.1394],[-13.18287,11.14197],[-13.1763,11.14584],[-13.16907,11.14842],[-13.15856,11.15358],[-13.15003,11.15809],[-13.1428,11.16196],[-13.13558,11.16454],[-13.13426,11.16647],[-13.13163,11.17034],[-13.12901,11.17292],[-13.1231,11.17549],[-13.1185,11.17807],[-13.11193,11.17485],[-13.1093,11.17485],[-13.10668,11.17485],[-13.10405,11.1742],[-13.10077,11.1742],[-13.09354,11.17678],[-13.08829,11.17807],[-13.07975,11.1813],[-13.06989,11.18387],[-13.06464,11.1871],[-13.06201,11.1871],[-13.05807,11.18645],[-13.05413,11.18581],[-13.04888,11.18452],[-13.03968,11.18387],[-13.0364,11.18516],[-13.0226,11.18968],[-13.01669,11.1871],[-13.01144,11.19032],[-13.00224,11.19097],[-12.99699,11.18968],[-12.99636,11.18952],[-12.99568,11.19006],[-12.985,11.20055],[-12.97555,11.21535],[-12.97599,11.22648],[-12.9843,11.24207],[-12.98996,11.25327],[-12.99106,11.26676],[-12.97725,11.27795],[-12.95641,11.29291],[-12.9734,11.31255],[-12.98428,11.33201],[-12.96549,11.35697],[-12.94595,11.37393],[-12.93049,11.38497],[-12.91912,11.39054],[-12.89952,11.39924],[-12.90366,11.40158],[-12.90035,11.40471],[-12.88788,11.42226],[-12.87093,11.43934],[-12.85252,11.44477],[-12.83381,11.45642],[-12.81896,11.46238],[-12.79694,11.46637],[-12.78784,11.47436],[-12.78147,11.48819],[-12.76425,11.4938],[-12.75798,11.50954],[-12.75834,11.52574],[-12.75306,11.53103],[-12.73871,11.53399],[-12.72908,11.54453],[-12.71014,11.55985],[-12.70376,11.56634],[-12.69697,11.55926],[-12.69408,11.56374],[-12.69998,11.5714],[-12.70651,11.58253],[-12.71116,11.59395],[-12.70735,11.59535],[-12.70119,11.60655],[-12.70139,11.61601],[-12.70789,11.62372],[-12.72179,11.61175],[-12.72534,11.62113],[-12.73295,11.62102],[-12.73367,11.62547],[-12.74108,11.6248],[-12.74397,11.63079],[-12.75025,11.62748],[-12.7502,11.6386],[-12.76371,11.64182],[-12.76994,11.64977],[-12.77046,11.66356],[-12.77797,11.67242],[-12.78226,11.67829],[-12.78382,11.68629],[-12.79591,11.6818],[-12.80909,11.68635],[-12.81856,11.69615],[-12.81906,11.70613],[-12.80458,11.71253],[-12.79303,11.71969],[-12.78883,11.72327],[-12.7877,11.73909],[-12.78153,11.75444],[-12.7981,11.77524],[-12.79985,11.78548],[-12.80138,11.79447],[-12.7971,11.81317],[-12.80246,11.83343],[-12.79529,11.83595],[-12.78352,11.84009],[-12.77111,11.84044],[-12.76304,11.85482],[-12.76033,11.86324],[-12.76929,11.89699],[-12.78831,11.91539],[-12.80841,11.93604],[-12.80971,11.93804],[-12.80586,11.94373],[-12.79951,11.95068],[-12.792,11.96135],[-12.77543,11.9782],[-12.78793,11.98978],[-12.79956,11.99549],[-12.81391,11.99813],[-12.82169,12.00292],[-12.82345,12.01779],[-12.82611,12.02672],[-12.82831,12.04498],[-12.82977,12.05693],[-12.81778,12.06172],[-12.8193,12.07728],[-12.80676,12.09812],[-12.80931,12.11247],[-12.81588,12.12264],[-12.81215,12.13238],[-12.81761,12.13595],[-12.81944,12.14013],[-12.82676,12.14425],[-12.82631,12.14489],[-12.81544,12.16014],[-12.80402,12.17558],[-12.78739,12.19769],[-12.7688,12.22195],[-12.75121,12.25392],[-12.72136,12.27195],[-12.69496,12.28753],[-12.65843,12.30642],[-12.63078,12.31756],[-12.60727,12.33512],[-12.5647,12.35455],[-12.56121,12.36503],[-12.56314,12.3674]]]]},"properties":{"area_code":"boke","area_name":"Boké","area_unit_id":"gn-region-2014-geoboundaries-adm1:boke","boundary_set_id":"gn-region-2014-geoboundaries-adm1","boundary_level":"region","boundary_vintage":"2017","boundary_source":"geoBoundaries GIN ADM1; source World Food Programme, OCHA ROWCA","boundary_licence":"CC BY 3.0 IGO"}},
{"type":"Feature","geometry":{"type":"MultiPolygon","coordinates":[[[[-13.78686,9.46592],[-13.79013,9.46957],[-13.79891,9.46743],[-13.80351,9.46372],[-13.80485,9.4575],[-13.80183,9.45684],[-13.79883,9.45801],[-13.79604,9.45688],[-13.79262,9.46289],[-13.78753,9.46247],[-13.78686,9.46592]]],[[[-13.75334,9.44275],[-13.75059,9.44713],[-13.74561,9.46005],[-13.74728,9.46601],[-13.74616,9.47154],[-13.74761,9.47819],[-13.75576,9.48433],[-13.76008,9.50269],[-13.76427,9.50541],[-13.76959,9.50491],[-13.77256,9.50006],[-13.77183,9.49616],[-13.76482,9.48817],[-13.76104,9.47854],[-13.75729,9.47398],[-13.75563,9.46801],[-13.75581,9.4648],[-13.75664,9.45008],[-13.75983,9.4443],[-13.75656,9.44111],[-13.75334,9.44275]]],[[[-13.83279,9.45015],[-13.83121,9.45499],[-13.8336,9.46324],[-13.83135,9.47039],[-13.82471,9.47964],[-13.8155,9.48523],[-13.80544,9.50025],[-13.79923,9.50628],[-13.79461,9.50701],[-13.79324,9.50932],[-13.79535,9.51206],[-13.80578,9.51335],[-13.80788,9.51517],[-13.81155,9.51193],[-13.81502,9.51121],[-13.81914,9.5052],[-13.82481,9.49205],[-13.83104,9.48924],[-13.83447,9.48438],[-13.83862,9.48182],[-13.84382,9.46684],[-13.84099,9.46157],[-13.84095,9.45698],[-13.83931,9.45469],[-13.83676,9.45402],[-13.83464,9.44921],[-13.83279,9.45015]]],[[[-13.54767,9.74004],[-13.55378,9.73259],[-13.56017,9.73033],[-13.56669,9.73685],[-13.57028,9.75055],[-13.58563,9.7533],[-13.5918,9.75088],[-13.60079,9.74529],[-13.60814,9.73627],[-13.60416,9.73124],[-13.60114,9.73034],[-13.60047,9.73083],[-13.59867,9.72905],[-13.59784,9.72467],[-13.60226,9.72597],[-13.60874,9.72408],[-13.6178,9.72677],[-13.6215,9.72629],[-13.62426,9.72373],[-13.62901,9.70899],[-13.63276,9.6839],[-13.62691,9.67659],[-13.62528,9.66968],[-13.62451,9.6658],[-13.62611,9.6628],[-13.6298,9.66093],[-13.63113,9.65433],[-13.63337,9.6432],[-13.63264,9.63385],[-13.63418,9.62803],[-13.63808,9.62386],[-13.64592,9.61966],[-13.65369,9.60627],[-13.65628,9.60512],[-13.65739,9.60463],[-13.66035,9.59863],[-13.66143,9.58828],[-13.66921,9.57719],[-13.67007,9.57091],[-13.67184,9.55786],[-13.67737,9.55414],[-13.69345,9.53792],[-13.69599,9.53153],[-13.6972,9.52847],[-13.69912,9.52362],[-13.70926,9.5178],[-13.72176,9.51678],[-13.72519,9.51216],[-13.727,9.50663],[-13.72582,9.50319],[-13.72372,9.50136],[-13.71631,9.50142],[-13.70316,9.50796],[-13.70066,9.51304],[-13.68693,9.52202],[-13.66795,9.53444],[-13.66152,9.54092],[-13.65019,9.54377],[-13.64514,9.54863],[-13.64213,9.54935],[-13.63918,9.55649],[-13.63383,9.55424],[-13.63248,9.55443],[-13.62713,9.55521],[-13.62699,9.55565],[-13.62714,9.55644],[-13.62711,9.55636],[-13.62705,9.55632],[-13.62694,9.55638],[-13.62681,9.55626],[-13.62654,9.55716],[-13.62532,9.5612],[-13.61977,9.56239],[-13.61679,9.56563],[-13.60705,9.56432],[-13.60351,9.56235],[-13.60074,9.55886],[-13.59485,9.55143],[-13.59558,9.549],[-13.58646,9.53643],[-13.56989,9.51977],[-13.55937,9.50536],[-13.55354,9.49989],[-13.54332,9.49537],[-13.54318,9.49537],[-13.53336,9.49567],[-13.52645,9.49962],[-13.5207,9.50518],[-13.51154,9.51904],[-13.50737,9.51448],[-13.50019,9.52258],[-13.49399,9.53945],[-13.493,9.54213],[-13.4958,9.55038],[-13.49952,9.55158],[-13.50298,9.57459],[-13.49048,9.60026],[-13.47438,9.61861],[-13.46627,9.62433],[-13.46029,9.63656],[-13.46002,9.64734],[-13.46494,9.65372],[-13.48848,9.67301],[-13.49487,9.67806],[-13.49979,9.6887],[-13.49974,9.68908],[-13.49886,9.69548],[-13.47931,9.71769],[-13.47518,9.72195],[-13.47505,9.73286],[-13.47744,9.74323],[-13.50152,9.73698],[-13.53703,9.74257],[-13.54767,9.74004]]]]},"properties":{"area_code":"conakry","area_name":"Conakry","area_unit_id":"gn-region-2014-geoboundaries-adm1:conakry","boundary_set_id":"gn-region-2014-geoboundaries-adm1","boundary_level":"region","boundary_vintage":"2017","boundary_source":"geoBoundaries GIN ADM1; source World Food Programme, OCHA ROWCA","boundary_licence":"CC BY 3.0 IGO"}},
{"type":"Feature","geometry":{"type":"Polygon","coordinates":[[[-10.08678,12.17766],[-10.09096,12.17974],[-10.09914,12.17932],[-10.10734,12.17615],[-10.11295,12.17572],[-10.13141,12.17811],[-10.14313,12.17311],[-10.14897,12.17268],[-10.16762,12.18427],[-10.18374,12.18711],[-10.18677,12.18966],[-10.19093,12.19888],[-10.19369,12.2001],[-10.19513,12.20074],[-10.21065,12.20101],[-10.2136,12.20106],[-10.22388,12.20295],[-10.23793,12.19864],[-10.24331,12.19936],[-10.2461,12.2019],[-10.24748,12.20628],[-10.24628,12.2134],[-10.24838,12.21525],[-10.25375,12.21528],[-10.26712,12.20706],[-10.27645,12.21285],[-10.283,12.21265],[-10.28745,12.20968],[-10.28888,12.2044],[-10.28565,12.19473],[-10.28894,12.19128],[-10.29362,12.19085],[-10.29922,12.19294],[-10.30475,12.2116],[-10.30939,12.21875],[-10.31289,12.22061],[-10.32014,12.22133],[-10.3274,12.21906],[-10.33658,12.22495],[-10.33932,12.22548],[-10.34121,12.22042],[-10.34006,12.21559],[-10.33215,12.20244],[-10.33195,12.19439],[-10.33501,12.18727],[-10.3516,12.19309],[-10.35815,12.19219],[-10.36096,12.1899],[-10.36055,12.17564],[-10.36336,12.17197],[-10.37109,12.16877],[-10.37109,12.16763],[-10.38115,12.1695],[-10.39614,12.17637],[-10.39671,12.17632],[-10.40405,12.17579],[-10.41072,12.17258],[-10.41445,12.16685],[-10.41246,12.14501],[-10.41403,12.14108],[-10.4341,12.13334],[-10.43967,12.13005],[-10.44898,12.12011],[-10.4564,12.11653],[-10.46748,12.11781],[-10.47696,12.12076],[-10.49449,12.12266],[-10.50314,12.12177],[-10.51063,12.11835],[-10.5165,12.11285],[-10.51863,12.10642],[-10.51483,12.10035],[-10.50723,12.09051],[-10.50515,12.08383],[-10.50704,12.08038],[-10.51872,12.07882],[-10.52154,12.07607],[-10.52367,12.06894],[-10.52045,12.05582],[-10.52139,12.05306],[-10.52031,12.04999],[-10.52146,12.04617],[-10.52294,12.04124],[-10.53104,12.03354],[-10.53269,12.03171],[-10.55864,12.02651],[-10.57095,12.02727],[-10.57828,12.02198],[-10.57901,12.01393],[-10.57203,12.00562],[-10.56364,12.00053],[-10.56295,11.99777],[-10.56436,11.99593],[-10.57278,11.99366],[-10.57701,11.98609],[-10.58192,11.98449],[-10.58893,11.98544],[-10.59948,11.9742],[-10.60555,11.97399],[-10.61278,11.97678],[-10.62075,11.96921],[-10.6257,11.95772],[-10.62839,11.94687],[-10.63019,11.93957],[-10.63348,11.93475],[-10.64027,11.92948],[-10.64146,11.9235],[-10.64009,11.91315],[-10.64244,11.91016],[-10.65133,11.90582],[-10.65951,11.90378],[-10.66256,11.90054],[-10.66282,11.89906],[-10.67222,11.89388],[-10.69021,11.893],[-10.69722,11.89601],[-10.71703,11.9156],[-10.73129,11.91656],[-10.73549,11.91933],[-10.74247,11.93384],[-10.74921,11.94155],[-10.75133,11.94398],[-10.74545,11.96283],[-10.74987,11.97388],[-10.75637,11.99378],[-10.76134,11.99921],[-10.77773,12.01095],[-10.78601,12.02469],[-10.79231,12.02977],[-10.79509,12.0376],[-10.79415,12.04151],[-10.78898,12.04839],[-10.78497,12.06587],[-10.78448,12.07391],[-10.78717,12.10222],[-10.78743,12.10498],[-10.79023,12.10936],[-10.79629,12.11352],[-10.81522,12.11586],[-10.829,12.12142],[-10.8451,12.13158],[-10.8703,12.15396],[-10.87683,12.16111],[-10.87915,12.16801],[-10.88005,12.1767],[-10.88029,12.17906],[-10.88635,12.18758],[-10.89052,12.20232],[-10.89216,12.20393],[-10.89918,12.19912],[-10.90292,12.20097],[-10.9078,12.21271],[-10.91061,12.21432],[-10.91832,12.21434],[-10.9286,12.22242],[-10.9328,12.22335],[-10.94006,12.21761],[-10.9438,12.21739],[-10.95292,12.22155],[-10.96718,12.22112],[-10.97298,12.21874],[-10.97444,12.21814],[-10.98568,12.20874],[-10.99223,12.20737],[-11.00743,12.20786],[-11.01538,12.20557],[-11.02005,12.21018],[-11.02309,12.21111],[-11.03314,12.21067],[-11.03945,12.21804],[-11.04482,12.22104],[-11.04833,12.21713],[-11.05023,12.20173],[-11.05516,12.19184],[-11.05516,12.18517],[-11.06056,12.17506],[-11.06199,12.16241],[-11.06738,12.1546],[-11.07278,12.13529],[-11.08215,12.12909],[-11.09244,12.12382],[-11.09945,12.12199],[-11.10341,12.11921],[-11.10437,12.11855],[-11.10648,12.11394],[-11.10392,12.10221],[-11.1058,12.09715],[-11.10931,12.09486],[-11.13432,12.09512],[-11.13946,12.09306],[-11.14228,12.08985],[-11.14416,12.07881],[-11.13811,12.05948],[-11.14256,12.05051],[-11.14451,12.04864],[-11.15215,12.04132],[-11.16069,12.03618],[-11.16659,12.03262],[-11.16552,12.03104],[-11.16111,12.02456],[-11.15484,12.01085],[-11.15278,11.9921],[-11.15444,11.97938],[-11.15555,11.95577],[-11.15992,11.94159],[-11.15221,11.93216],[-11.14289,11.92508],[-11.1285,11.91732],[-11.12317,11.92003],[-11.11256,11.9209],[-11.10088,11.91984],[-11.09321,11.90983],[-11.08257,11.89695],[-11.06866,11.89241],[-11.05284,11.88946],[-11.04788,11.88329],[-11.05964,11.87753],[-11.07172,11.86909],[-11.0768,11.85575],[-11.07354,11.83729],[-11.07257,11.81099],[-11.07475,11.78532],[-11.07034,11.74988],[-11.07997,11.73027],[-11.08967,11.70696],[-11.10083,11.69177],[-11.12171,11.69472],[-11.14149,11.68657],[-11.15573,11.66837],[-11.16498,11.65456],[-11.16524,11.64716],[-11.1585,11.64357],[-11.14988,11.6387],[-11.14416,11.62847],[-11.14963,11.62412],[-11.16009,11.61332],[-11.16622,11.60382],[-11.17612,11.5989],[-11.19234,11.58948],[-11.20899,11.58524],[-11.21332,11.57396],[-11.21318,11.56217],[-11.20291,11.5518],[-11.19632,11.53704],[-11.17556,11.53713],[-11.16838,11.53786],[-11.15202,11.53589],[-11.13659,11.53037],[-11.12765,11.52264],[-11.12105,11.5176],[-11.12,11.50505],[-11.12697,11.50142],[-11.12569,11.49229],[-11.12328,11.47875],[-11.13143,11.46599],[-11.14309,11.46223],[-11.16025,11.44719],[-11.17104,11.43831],[-11.18068,11.43104],[-11.18992,11.42407],[-11.21217,11.42306],[-11.22375,11.41886],[-11.23999,11.40658],[-11.26774,11.4014],[-11.28983,11.36747],[-11.31788,11.33712],[-11.33695,11.30838],[-11.33679,11.26749],[-11.32093,11.22732],[-11.30674,11.17814],[-11.27904,11.14102],[-11.25461,11.1474],[-11.23135,11.11863],[-11.20803,11.10046],[-11.17423,11.08819],[-11.14888,11.07815],[-11.13717,11.07479],[-11.15547,11.05524],[-11.17945,11.04114],[-11.20291,11.03135],[-11.2149,11.0231],[-11.23088,11.01546],[-11.23938,11.00997],[-11.27833,10.98964],[-11.31472,10.98416],[-11.35014,10.97142],[-11.38054,10.96863],[-11.389,10.97037],[-11.41732,10.98341],[-11.45408,10.99347],[-11.47029,10.98054],[-11.50867,10.94322],[-11.5258,10.90574],[-11.52446,10.87629],[-11.49842,10.87797],[-11.45703,10.85016],[-11.43742,10.82663],[-11.44831,10.79455],[-11.44613,10.7646],[-11.46138,10.73252],[-11.44831,10.72396],[-11.45823,10.70275],[-11.46211,10.68207],[-11.47906,10.665],[-11.47893,10.6377],[-11.49207,10.61254],[-11.50741,10.60769],[-11.51748,10.57397],[-11.51914,10.57068],[-11.51516,10.55985],[-11.52065,10.53963],[-11.52683,10.51571],[-11.52793,10.49223],[-11.50701,10.49199],[-11.48862,10.48508],[-11.46528,10.47221],[-11.44244,10.45743],[-11.41657,10.45316],[-11.39865,10.45157],[-11.39375,10.43452],[-11.39039,10.41127],[-11.38731,10.39356],[-11.3846,10.37443],[-11.38464,10.36576],[-11.38273,10.35075],[-11.37883,10.3347],[-11.37798,10.30527],[-11.37609,10.28544],[-11.38121,10.25911],[-11.39177,10.23972],[-11.38793,10.21066],[-11.39505,10.18199],[-11.40211,10.16488],[-11.4102,10.14299],[-11.43028,10.11188],[-11.43796,10.08338],[-11.47042,10.05496],[-11.4693,10.02637],[-11.46874,10.02023],[-11.47136,10.01479],[-11.47411,10.00928],[-11.47563,10.00298],[-11.47759,9.99969],[-11.44652,9.99922],[-11.31897,9.99844],[-11.31394,9.9984],[-11.27899,9.99907],[-11.27132,9.99921],[-11.25149,9.99959],[-11.20675,10.00043],[-11.20595,10],[-11.19469,9.99109],[-11.17497,9.97581],[-11.17126,9.96615],[-11.16959,9.95759],[-11.1671,9.94477],[-11.16456,9.91258],[-11.16016,9.89051],[-11.1563,9.88299],[-11.15437,9.87923],[-11.15379,9.87873],[-11.15282,9.87789],[-11.14277,9.86911],[-11.09734,9.84792],[-11.09618,9.84562],[-11.06976,9.82812],[-11.04876,9.80757],[-11.03871,9.79774],[-11.02563,9.77853],[-11.01255,9.75931],[-11.00398,9.7508],[-11.00027,9.74604],[-10.98384,9.72502],[-10.97952,9.71766],[-10.97736,9.71398],[-10.9769,9.71284],[-10.97415,9.70599],[-10.9717,9.6999],[-10.97089,9.69788],[-10.96791,9.67374],[-10.96573,9.66959],[-10.96282,9.66407],[-10.95471,9.65786],[-10.94713,9.6567],[-10.94406,9.65623],[-10.93293,9.65644],[-10.92622,9.65459],[-10.9233,9.65183],[-10.92136,9.64999],[-10.92113,9.64585],[-10.9209,9.64171],[-10.91489,9.63297],[-10.91264,9.61503],[-10.91126,9.60411],[-10.91099,9.60193],[-10.90868,9.5994],[-10.90405,9.59433],[-10.89977,9.5941],[-10.89548,9.59386],[-10.87813,9.57383],[-10.8594,9.55817],[-10.85901,9.55343],[-10.85894,9.55265],[-10.87007,9.54324],[-10.87379,9.5375],[-10.86044,9.52717],[-10.85713,9.5246],[-10.83096,9.52065],[-10.82749,9.51788],[-10.82634,9.5142],[-10.83052,9.50731],[-10.84443,9.5009],[-10.84837,9.4954],[-10.84861,9.49103],[-10.84076,9.47653],[-10.84077,9.47102],[-10.84889,9.46161],[-10.8489,9.45471],[-10.84384,9.44379],[-10.84336,9.44275],[-10.83549,9.43814],[-10.82716,9.43537],[-10.81607,9.42569],[-10.80635,9.42016],[-10.80197,9.4144],[-10.80452,9.40728],[-10.8124,9.40132],[-10.81659,9.39191],[-10.81474,9.38661],[-10.80966,9.38086],[-10.80457,9.38085],[-10.79923,9.39072],[-10.78973,9.39001],[-10.78331,9.38559],[-10.78002,9.38333],[-10.77007,9.3817],[-10.76011,9.38604],[-10.74831,9.38487],[-10.74092,9.37543],[-10.73838,9.37404],[-10.73713,9.37508],[-10.73098,9.38019],[-10.72499,9.37167],[-10.71111,9.34847],[-10.71021,9.33789],[-10.7116,9.33468],[-10.70744,9.33008],[-10.68941,9.32452],[-10.66884,9.3093],[-10.66331,9.30055],[-10.66148,9.28997],[-10.66752,9.27472],[-10.67102,9.26587],[-10.67522,9.25025],[-10.67466,9.24122],[-10.67289,9.24032],[-10.67466,9.24121],[-10.67462,9.24062],[-10.67455,9.23945],[-10.66347,9.22655],[-10.6644,9.22655],[-10.66412,9.21943],[-10.66374,9.21001],[-10.66653,9.20557],[-10.66792,9.20335],[-10.67903,9.19832],[-10.68273,9.19856],[-10.68662,9.19714],[-10.69523,9.194],[-10.70604,9.19233],[-10.70842,9.19196],[-10.71149,9.19625],[-10.71304,9.1984],[-10.7176,9.19763],[-10.71836,9.1975],[-10.71938,9.1947],[-10.72348,9.18349],[-10.72205,9.18038],[-10.71426,9.16348],[-10.71454,9.14398],[-10.71454,9.14395],[-10.72613,9.13111],[-10.72616,9.11663],[-10.73013,9.09137],[-10.73184,9.08766],[-10.73205,9.08719],[-10.73339,9.08425],[-10.72993,9.07919],[-10.7082,9.07546],[-10.69717,9.07742],[-10.67512,9.08135],[-10.67089,9.08141],[-10.66032,9.08155],[-10.63306,9.06953],[-10.62266,9.06766],[-10.62197,9.0695],[-10.61963,9.06878],[-10.61729,9.06805],[-10.61296,9.06671],[-10.61295,9.06671],[-10.60604,9.06241],[-10.59971,9.05848],[-10.59166,9.06175],[-10.58244,9.05579],[-10.57734,9.05249],[-10.57465,9.05076],[-10.57202,9.05549],[-10.56277,9.06442],[-10.55279,9.0664],[-10.54368,9.06714],[-10.52739,9.06959],[-10.49961,9.07048],[-10.48866,9.06623],[-10.4769,9.07016],[-10.46685,9.08093],[-10.4593,9.09551],[-10.45426,9.10945],[-10.45397,9.10043],[-10.45393,9.09417],[-10.45334,9.08925],[-10.4465,9.0787],[-10.43879,9.07208],[-10.43477,9.06174],[-10.43469,9.05464],[-10.43564,9.0495],[-10.43655,9.04421],[-10.44404,9.03691],[-10.45639,9.0276],[-10.46457,9.01611],[-10.46841,9.00834],[-10.46702,9.00029],[-10.4676,8.9806],[-10.45448,8.98075],[-10.44732,8.98244],[-10.44322,8.98311],[-10.43752,8.98457],[-10.43095,8.98586],[-10.42536,8.98849],[-10.41889,8.98876],[-10.4118,8.99023],[-10.40022,8.99258],[-10.38929,8.99624],[-10.38242,8.99578],[-10.37504,9.00005],[-10.3685,9.00316],[-10.36203,9.00398],[-10.3507,9.00884],[-10.34328,9.01326],[-10.34117,9.02062],[-10.33956,9.0305],[-10.33941,9.04139],[-10.33934,9.04635],[-10.33777,9.05305],[-10.334,9.0614],[-10.32713,9.06691],[-10.31105,9.06686],[-10.29881,9.05992],[-10.29307,9.04991],[-10.28529,9.03823],[-10.28288,9.03193],[-10.28229,9.03022],[-10.27952,9.02206],[-10.28278,9.01684],[-10.28183,9.01128],[-10.2804,9.00383],[-10.27975,8.9928],[-10.28192,8.98418],[-10.28303,8.97566],[-10.27929,8.97074],[-10.27841,8.9593],[-10.27459,8.95609],[-10.27382,8.95611],[-10.26351,8.95638],[-10.25654,8.95352],[-10.25144,8.94828],[-10.2454,8.94926],[-10.23228,8.9509],[-10.22522,8.95031],[-10.21976,8.94796],[-10.21539,8.93963],[-10.2135,8.93012],[-10.21034,8.92085],[-10.20547,8.91592],[-10.19492,8.91507],[-10.18738,8.91503],[-10.18554,8.90377],[-10.18643,8.89374],[-10.18581,8.88722],[-10.18364,8.88633],[-10.17973,8.88472],[-10.16953,8.88704],[-10.16444,8.89204],[-10.15551,8.89845],[-10.14969,8.90786],[-10.14593,8.91563],[-10.13584,8.91847],[-10.12904,8.92378],[-10.12666,8.92631],[-10.12399,8.92915],[-10.11759,8.92857],[-10.11021,8.9271],[-10.11001,8.92706],[-10.10613,8.91913],[-10.10874,8.90966],[-10.10935,8.90093],[-10.10905,8.89216],[-10.10801,8.8825],[-10.10245,8.87996],[-10.09354,8.87718],[-10.08358,8.87333],[-10.07483,8.87082],[-10.07023,8.87509],[-10.05933,8.88285],[-10.04469,8.88732],[-10.03242,8.89329],[-10.0286,8.89688],[-10.02619,8.90366],[-10.02135,8.91417],[-10.01959,8.92249],[-10.01589,8.92891],[-10.01618,8.93841],[-10.01679,8.94588],[-10.00952,8.95207],[-10.00011,8.95156],[-9.99486,8.94195],[-9.99626,8.92211],[-10.0012,8.90989],[-10.00106,8.89993],[-9.99898,8.88865],[-9.99545,8.87701],[-9.99444,8.86552],[-9.99594,8.85765],[-9.99593,8.85092],[-9.99008,8.84203],[-9.98906,8.82864],[-9.9896,8.81796],[-9.98468,8.81181],[-9.97202,8.80827],[-9.96654,8.81452],[-9.95819,8.8195],[-9.95213,8.8095],[-9.94135,8.8166],[-9.93745,8.81441],[-9.9255,8.81955],[-9.91339,8.82677],[-9.90426,8.83052],[-9.89988,8.83572],[-9.89888,8.84469],[-9.88319,8.84695],[-9.87888,8.84927],[-9.8735,8.84283],[-9.86566,8.83859],[-9.86019,8.83651],[-9.85744,8.83537],[-9.8545,8.8362],[-9.84133,8.83991],[-9.83111,8.84372],[-9.82316,8.84373],[-9.80916,8.84508],[-9.80355,8.84648],[-9.79672,8.86774],[-9.78216,8.87853],[-9.76215,8.89292],[-9.74033,8.88033],[-9.72213,8.87853],[-9.71023,8.87853],[-9.7094,8.87853],[-9.69303,8.88932],[-9.66756,8.89112],[-9.65483,8.88932],[-9.61344,8.87472],[-9.61368,8.87557],[-9.62014,8.89124],[-9.64891,8.92741],[-9.65494,8.93641],[-9.64521,8.9418],[-9.63401,8.95175],[-9.62728,8.97361],[-9.62881,8.99227],[-9.64055,9.01078],[-9.65855,9.0219],[-9.67915,9.02796],[-9.69797,9.03037],[-9.70359,9.03879],[-9.70782,9.04302],[-9.71566,9.05515],[-9.71941,9.06554],[-9.71906,9.07373],[-9.70662,9.08197],[-9.68855,9.08659],[-9.67575,9.09089],[-9.66546,9.09734],[-9.6622,9.10177],[-9.66058,9.10397],[-9.66071,9.11588],[-9.67094,9.12307],[-9.6857,9.1269],[-9.69955,9.12941],[-9.71874,9.13474],[-9.7226,9.14662],[-9.72124,9.15748],[-9.72041,9.16414],[-9.72507,9.17599],[-9.73514,9.18685],[-9.73839,9.18943],[-9.74635,9.19778],[-9.74169,9.20988],[-9.73965,9.2254],[-9.73032,9.22784],[-9.72263,9.23363],[-9.70957,9.2379],[-9.68107,9.24416],[-9.66037,9.2416],[-9.64963,9.25312],[-9.64899,9.28391],[-9.65204,9.29663],[-9.64972,9.30111],[-9.6466,9.30785],[-9.64033,9.31747],[-9.63146,9.32639],[-9.6164,9.33528],[-9.6049,9.34132],[-9.59789,9.35561],[-9.60675,9.37837],[-9.60698,9.3793],[-9.61688,9.38998],[-9.62272,9.39967],[-9.62497,9.40998],[-9.62643,9.42675],[-9.64043,9.43936],[-9.65133,9.45842],[-9.67345,9.47176],[-9.70707,9.48441],[-9.73564,9.49531],[-9.76125,9.50248],[-9.78089,9.5086],[-9.80164,9.51563],[-9.81203,9.51869],[-9.8297,9.52656],[-9.84253,9.53697],[-9.85094,9.54834],[-9.86517,9.55581],[-9.8712,9.55897],[-9.8593,9.56058],[-9.86986,9.57817],[-9.88533,9.59256],[-9.88331,9.59733],[-9.87165,9.6125],[-9.87962,9.62951],[-9.89412,9.6295],[-9.90176,9.63537],[-9.91193,9.64425],[-9.92781,9.65482],[-9.95146,9.66314],[-9.97529,9.66804],[-10.00478,9.65843],[-10.02555,9.64468],[-10.04416,9.6228],[-10.06625,9.61002],[-10.07979,9.61609],[-10.09392,9.62431],[-10.099,9.63477],[-10.09951,9.65051],[-10.10448,9.66573],[-10.1073,9.67126],[-10.11824,9.68113],[-10.12593,9.6852],[-10.13303,9.69109],[-10.14486,9.70026],[-10.16064,9.69925],[-10.17211,9.68262],[-10.17343,9.671],[-10.17933,9.65379],[-10.19079,9.64033],[-10.20115,9.62615],[-10.21635,9.61574],[-10.22023,9.60991],[-10.22107,9.60007],[-10.2258,9.59011],[-10.23685,9.57982],[-10.23902,9.57628],[-10.24187,9.57162],[-10.2523,9.56629],[-10.26548,9.55989],[-10.27097,9.55584],[-10.28165,9.5462],[-10.29487,9.54363],[-10.30786,9.54561],[-10.3255,9.54715],[-10.33308,9.54524],[-10.34274,9.54249],[-10.36909,9.54703],[-10.37363,9.5522],[-10.38337,9.56336],[-10.39695,9.56735],[-10.40416,9.56941],[-10.4159,9.56331],[-10.41888,9.56177],[-10.4212,9.58309],[-10.4282,9.59491],[-10.42536,9.61259],[-10.41167,9.62678],[-10.40585,9.64008],[-10.4034,9.65463],[-10.40444,9.67283],[-10.40369,9.6863],[-10.40317,9.6957],[-10.40975,9.69858],[-10.41184,9.72124],[-10.41424,9.73414],[-10.40489,9.75766],[-10.3934,9.76051],[-10.38773,9.77483],[-10.3668,9.78299],[-10.36892,9.80548],[-10.37512,9.81727],[-10.37259,9.83812],[-10.3727,9.85262],[-10.37206,9.85457],[-10.36886,9.86441],[-10.36108,9.86373],[-10.35061,9.86415],[-10.34038,9.87409],[-10.34155,9.88169],[-10.33536,9.88605],[-10.32766,9.8949],[-10.33432,9.91159],[-10.33754,9.92823],[-10.34344,9.94723],[-10.34604,9.96282],[-10.3525,9.97573],[-10.35964,9.98664],[-10.36043,9.99289],[-10.36158,10.00199],[-10.3532,10.01489],[-10.3497,10.02027],[-10.32738,10.04277],[-10.32076,10.05846],[-10.32952,10.07845],[-10.32577,10.0895],[-10.32547,10.09087],[-10.32327,10.10081],[-10.30514,10.09511],[-10.2922,10.1046],[-10.28557,10.11052],[-10.28037,10.12364],[-10.26575,10.12531],[-10.25323,10.13931],[-10.25938,10.14727],[-10.25498,10.15458],[-10.24116,10.15614],[-10.22855,10.15824],[-10.23734,10.17549],[-10.22049,10.1792],[-10.21145,10.19321],[-10.20188,10.20617],[-10.21617,10.2262],[-10.22795,10.24279],[-10.23679,10.25565],[-10.22683,10.28578],[-10.2257,10.29321],[-10.23596,10.28811],[-10.23649,10.29286],[-10.22571,10.30389],[-10.22688,10.31938],[-10.23286,10.3218],[-10.24126,10.32752],[-10.23945,10.33856],[-10.22147,10.33773],[-10.1958,10.32458],[-10.17978,10.32702],[-10.16692,10.34094],[-10.16927,10.35235],[-10.15706,10.35412],[-10.15359,10.36564],[-10.16143,10.37526],[-10.1518,10.39078],[-10.15294,10.40743],[-10.14581,10.40116],[-10.13508,10.40184],[-10.12522,10.41466],[-10.12852,10.42325],[-10.12937,10.42545],[-10.14586,10.42164],[-10.14977,10.43507],[-10.15269,10.44216],[-10.15412,10.45203],[-10.15061,10.46189],[-10.14586,10.46271],[-10.14008,10.46343],[-10.13259,10.45965],[-10.12334,10.45322],[-10.11694,10.45606],[-10.11662,10.46602],[-10.11862,10.48079],[-10.116,10.48438],[-10.10989,10.49274],[-10.12495,10.49618],[-10.1395,10.49852],[-10.13312,10.50649],[-10.13202,10.51378],[-10.13553,10.5214],[-10.13797,10.52672],[-10.1382,10.53606],[-10.14542,10.53706],[-10.1459,10.52953],[-10.14872,10.51411],[-10.15351,10.49516],[-10.16726,10.48256],[-10.17538,10.48836],[-10.18002,10.48793],[-10.18062,10.47333],[-10.18729,10.46824],[-10.19525,10.46153],[-10.18713,10.44809],[-10.19356,10.44502],[-10.20232,10.46311],[-10.21417,10.48503],[-10.22591,10.48914],[-10.23709,10.48475],[-10.23223,10.50136],[-10.2337,10.51051],[-10.21941,10.51546],[-10.21289,10.52463],[-10.22104,10.52761],[-10.23785,10.51979],[-10.25352,10.51908],[-10.27751,10.5211],[-10.29288,10.52706],[-10.29186,10.5341],[-10.29252,10.55061],[-10.29507,10.55531],[-10.30257,10.54622],[-10.31045,10.53888],[-10.3222,10.53181],[-10.33207,10.52858],[-10.335,10.5203],[-10.33725,10.51005],[-10.34524,10.51072],[-10.35433,10.51203],[-10.35293,10.5186],[-10.35208,10.53148],[-10.36357,10.53732],[-10.37721,10.53983],[-10.38579,10.52791],[-10.39225,10.53829],[-10.40112,10.54703],[-10.4041,10.5429],[-10.4078,10.52816],[-10.41423,10.51207],[-10.419,10.51137],[-10.42058,10.51266],[-10.42277,10.51324],[-10.4314,10.51557],[-10.43833,10.52113],[-10.44369,10.52413],[-10.45154,10.52671],[-10.45782,10.52975],[-10.46733,10.53156],[-10.46739,10.53598],[-10.46752,10.54549],[-10.44749,10.55691],[-10.44844,10.56707],[-10.45033,10.5869],[-10.45516,10.61454],[-10.4615,10.64176],[-10.47434,10.66293],[-10.48718,10.68362],[-10.49506,10.70125],[-10.50094,10.72074],[-10.50909,10.75101],[-10.51169,10.76064],[-10.53161,10.76037],[-10.55405,10.75634],[-10.56802,10.75152],[-10.5825,10.74335],[-10.5865,10.74012],[-10.60242,10.74405],[-10.61836,10.7446],[-10.64229,10.73966],[-10.66894,10.73532],[-10.67323,10.73699],[-10.67441,10.74074],[-10.6781,10.74335],[-10.67881,10.74645],[-10.6828,10.74942],[-10.68566,10.75256],[-10.6868,10.75552],[-10.68951,10.75943],[-10.69251,10.76265],[-10.69486,10.76558],[-10.69809,10.76763],[-10.70125,10.77023],[-10.70371,10.77261],[-10.70635,10.77492],[-10.70907,10.778],[-10.71342,10.78086],[-10.71614,10.78262],[-10.71897,10.78409],[-10.72224,10.78539],[-10.72634,10.78854],[-10.72998,10.78965],[-10.7328,10.79261],[-10.73637,10.79318],[-10.7388,10.79574],[-10.74068,10.79659],[-10.74526,10.7988],[-10.74751,10.79991],[-10.75199,10.80073],[-10.75483,10.80187],[-10.75883,10.80251],[-10.7632,10.80276],[-10.76669,10.80456],[-10.76923,10.80596],[-10.77346,10.80649],[-10.77647,10.80836],[-10.77934,10.80885],[-10.78952,10.81121],[-10.79026,10.81138],[-10.79324,10.81253],[-10.79946,10.81453],[-10.80211,10.81709],[-10.80673,10.81693],[-10.80887,10.81905],[-10.8129,10.82126],[-10.81613,10.82317],[-10.81969,10.8257],[-10.82235,10.82593],[-10.82584,10.82766],[-10.82725,10.8283],[-10.8278,10.82855],[-10.83019,10.8303],[-10.83285,10.83068],[-10.83528,10.83288],[-10.83905,10.83603],[-10.84366,10.83889],[-10.84561,10.84178],[-10.84852,10.84288],[-10.8523,10.84476],[-10.85553,10.84736],[-10.85891,10.84847],[-10.86123,10.85081],[-10.86479,10.85305],[-10.8676,10.85317],[-10.8705,10.85537],[-10.87548,10.85671],[-10.87951,10.85851],[-10.88311,10.86035],[-10.88799,10.8611],[-10.89348,10.86313],[-10.89756,10.86421],[-10.90009,10.86706],[-10.90416,10.8693],[-10.90637,10.87262],[-10.90879,10.87584],[-10.90851,10.87984],[-10.90649,10.8831],[-10.9029,10.88596],[-10.89949,10.88831],[-10.89594,10.89135],[-10.89217,10.89402],[-10.89002,10.8943],[-10.88535,10.89548],[-10.88232,10.89536],[-10.87765,10.89573],[-10.87608,10.89736],[-10.87512,10.89958],[-10.87294,10.90324],[-10.86873,10.9073],[-10.86442,10.90884],[-10.86117,10.9094],[-10.85906,10.90914],[-10.85603,10.90912],[-10.85128,10.91194],[-10.84897,10.91374],[-10.84276,10.91477],[-10.84191,10.91797],[-10.83678,10.92194],[-10.8321,10.92359],[-10.82665,10.92644],[-10.82351,10.92751],[-10.82008,10.92812],[-10.81544,10.92991],[-10.81681,10.93221],[-10.81757,10.934],[-10.81474,10.93737],[-10.81184,10.94099],[-10.80984,10.94575],[-10.80578,10.94846],[-10.80244,10.95139],[-10.79804,10.95566],[-10.79718,10.95929],[-10.79887,10.96341],[-10.79942,10.96778],[-10.79882,10.97164],[-10.79947,10.9779],[-10.79897,10.98249],[-10.79401,10.9877],[-10.79537,10.99226],[-10.79276,10.99552],[-10.79109,10.99967],[-10.78996,11.00078],[-10.77331,11.01431],[-10.75802,11.0244],[-10.74632,11.03037],[-10.73725,11.05058],[-10.72741,11.05513],[-10.71814,11.05878],[-10.71555,11.07729],[-10.71448,11.0931],[-10.71685,11.1028],[-10.72247,11.11564],[-10.7255,11.12935],[-10.72063,11.13326],[-10.72092,11.14441],[-10.71594,11.14028],[-10.70345,11.15466],[-10.69938,11.15748],[-10.69003,11.15872],[-10.68984,11.1634],[-10.68775,11.16274],[-10.68398,11.16154],[-10.67711,11.1575],[-10.66514,11.15469],[-10.66588,11.16538],[-10.66608,11.17354],[-10.6593,11.17479],[-10.66314,11.18348],[-10.65279,11.18432],[-10.64525,11.1818],[-10.63387,11.17912],[-10.64131,11.19147],[-10.64499,11.19921],[-10.63836,11.19825],[-10.62603,11.19133],[-10.60981,11.18903],[-10.58971,11.18372],[-10.5689,11.18316],[-10.54505,11.18621],[-10.53728,11.18637],[-10.51255,11.19707],[-10.44323,11.2556],[-10.46462,11.27127],[-10.46824,11.27433],[-10.47206,11.27964],[-10.47628,11.28549],[-10.47576,11.29452],[-10.46837,11.3032],[-10.4458,11.31057],[-10.41072,11.31278],[-10.39065,11.31943],[-10.38023,11.32263],[-10.37162,11.33091],[-10.36583,11.34028],[-10.36101,11.34807],[-10.35211,11.35504],[-10.34503,11.36822],[-10.3494,11.37364],[-10.3544,11.38175],[-10.3529,11.39201],[-10.35162,11.40166],[-10.35,11.40343],[-10.34591,11.40791],[-10.33584,11.39453],[-10.32914,11.40104],[-10.32786,11.41224],[-10.32521,11.42377],[-10.32123,11.43062],[-10.31879,11.42415],[-10.31732,11.40502],[-10.32295,11.39046],[-10.33152,11.38156],[-10.33317,11.37355],[-10.32038,11.37035],[-10.30026,11.37978],[-10.30119,11.38639],[-10.29672,11.40303],[-10.29413,11.41075],[-10.28898,11.4141],[-10.27437,11.39932],[-10.26672,11.39516],[-10.25559,11.40241],[-10.24721,11.40571],[-10.24371,11.41154],[-10.25481,11.42374],[-10.24853,11.42553],[-10.24391,11.42439],[-10.23926,11.42296],[-10.23314,11.42304],[-10.22213,11.41614],[-10.21757,11.40107],[-10.20303,11.40489],[-10.19504,11.41422],[-10.19331,11.39615],[-10.18984,11.38409],[-10.18219,11.38199],[-10.17065,11.38742],[-10.15524,11.39103],[-10.15249,11.38292],[-10.16349,11.37194],[-10.16911,11.36144],[-10.16478,11.35304],[-10.15222,11.35074],[-10.13788,11.35035],[-10.12707,11.35056],[-10.12408,11.35436],[-10.13564,11.36878],[-10.13161,11.377],[-10.12103,11.39074],[-10.11548,11.38491],[-10.10326,11.37855],[-10.08524,11.38221],[-10.07264,11.38818],[-10.06799,11.39512],[-10.06336,11.3967],[-10.06412,11.3918],[-10.06782,11.38322],[-10.06896,11.37441],[-10.07696,11.36505],[-10.08197,11.35879],[-10.0777,11.35431],[-10.07098,11.35653],[-10.05727,11.36427],[-10.05007,11.37567],[-10.04873,11.38753],[-10.04858,11.39703],[-10.04189,11.40176],[-10.03097,11.40795],[-10.03051,11.41165],[-10.02909,11.41716],[-10.02321,11.4204],[-10.01979,11.41359],[-10.0155,11.41056],[-10.01394,11.40947],[-10.01021,11.40789],[-10.00475,11.40696],[-10.00633,11.41144],[-10.008,11.42211],[-10.01079,11.43661],[-10.01073,11.44321],[-10.01143,11.44651],[-10.01136,11.45311],[-10.00963,11.46286],[-10.02094,11.46814],[-10.02776,11.47506],[-10.03123,11.47838],[-10.04856,11.48303],[-10.05176,11.48672],[-10.05549,11.49104],[-10.06198,11.4919],[-10.07929,11.49357],[-10.0857,11.49498],[-10.09951,11.49979],[-10.10999,11.5027],[-10.12126,11.5005],[-10.13039,11.50094],[-10.13989,11.50939],[-10.14673,11.5223],[-10.17218,11.53463],[-10.1932,11.53424],[-10.21281,11.53758],[-10.2219,11.54095],[-10.2243,11.54641],[-10.23304,11.5636],[-10.23932,11.57146],[-10.24708,11.57682],[-10.26172,11.58496],[-10.26553,11.58835],[-10.26507,11.59321],[-10.26564,11.60599],[-10.26031,11.61994],[-10.25866,11.63952],[-10.26056,11.65223],[-10.25748,11.6602],[-10.25608,11.67184],[-10.25766,11.68153],[-10.25326,11.68823],[-10.24377,11.69509],[-10.23882,11.69398],[-10.22814,11.70381],[-10.22662,11.71545],[-10.23182,11.7285],[-10.22301,11.7392],[-10.21926,11.75138],[-10.22452,11.75851],[-10.24497,11.75818],[-10.24623,11.7747],[-10.23648,11.78972],[-10.22324,11.80426],[-10.21103,11.81756],[-10.2107,11.82953],[-10.21182,11.84224],[-10.1982,11.85173],[-10.18238,11.86905],[-10.18401,11.88291],[-10.19303,11.90722],[-10.16803,11.92092],[-10.1595,11.93219],[-10.16693,11.94113],[-10.17582,11.9559],[-10.17875,11.96661],[-10.18511,11.98948],[-10.19363,12.01709],[-10.19079,12.02981],[-10.20978,12.05404],[-10.22127,12.07618],[-10.21095,12.09691],[-10.19144,12.11407],[-10.16596,12.1286],[-10.142,12.13982],[-10.11235,12.15232],[-10.08678,12.17766]]]},"properties":{"area_code":"faranah","area_name":"Faranah","area_unit_id":"gn-region-2014-geoboundaries-adm1:faranah","boundary_set_id":"gn-region-2014-geoboundaries-adm1","boundary_level":"region","boundary_vintage":"2017","boundary_source":"geoBoundaries GIN ADM1; source World Food Programme, OCHA ROWCA","boundary_licence":"CC BY 3.0 IGO"}},
{"type":"Feature","geometry":{"type":"Polygon","coordinates":[[[-9.61344,8.87472],[-9.56506,8.86767],[-9.53686,8.86857],[-9.48229,8.87756],[-9.43318,8.89464],[-9.40225,8.89644],[-9.37406,8.87763],[-9.34677,8.86767],[-9.32131,8.85064],[-9.30402,8.82991],[-9.27492,8.80474],[-9.25491,8.78496],[-9.22308,8.78049],[-9.21307,8.76967],[-9.19761,8.76608],[-9.17578,8.76428],[-9.16305,8.7661],[-9.13758,8.78049],[-9.11484,8.78406],[-9.09574,8.78765],[-9.06482,8.79848],[-9.04117,8.79308],[-9.01025,8.79308],[-8.98842,8.78589],[-8.97386,8.78049],[-8.95774,8.77472],[-8.94902,8.77263],[-8.94212,8.7751],[-8.9377,8.77679],[-8.93135,8.78187],[-8.88434,8.81231],[-8.87022,8.82397],[-8.86051,8.83198],[-8.8414,8.84695],[-8.83723,8.8515],[-8.8308,8.85916],[-8.81576,8.88809],[-8.79738,8.91124],[-8.79501,8.91422],[-8.76631,8.92461],[-8.7188,8.94207],[-8.70596,8.95486],[-8.69978,8.96102],[-8.70263,8.98637],[-8.72312,9.01442],[-8.7289,9.04152],[-8.7271,9.06768],[-8.72221,9.0872],[-8.71747,9.10029],[-8.71539,9.11389],[-8.70905,9.13793],[-8.69358,9.16207],[-8.68898,9.1659],[-8.66333,9.18728],[-8.66257,9.21953],[-8.64453,9.24584],[-8.63878,9.28874],[-8.62339,9.30449],[-8.62286,9.31681],[-8.62044,9.33731],[-8.62102,9.35851],[-8.62193,9.37978],[-8.62604,9.40003],[-8.63135,9.42103],[-8.63456,9.443],[-8.63453,9.45567],[-8.63452,9.46333],[-8.62187,9.47782],[-8.61975,9.49795],[-8.61661,9.5026],[-8.61177,9.48762],[-8.60491,9.46108],[-8.59084,9.45662],[-8.58395,9.43506],[-8.57757,9.44148],[-8.55786,9.44576],[-8.55403,9.47797],[-8.54186,9.48511],[-8.53416,9.47357],[-8.52136,9.49052],[-8.51312,9.49743],[-8.49681,9.49121],[-8.48485,9.51258],[-8.49469,9.53517],[-8.48355,9.54433],[-8.46177,9.54194],[-8.43891,9.53256],[-8.42656,9.54107],[-8.39201,9.56706],[-8.35245,9.58112],[-8.23716,9.5872],[-8.14727,9.58395],[-8.1499,9.58635],[-8.15228,9.58852],[-8.15293,9.58911],[-8.1506,9.59742],[-8.1476,9.60813],[-8.14491,9.61135],[-8.1436,9.61291],[-8.14427,9.61521],[-8.14743,9.61834],[-8.15228,9.62313],[-8.15179,9.62542],[-8.14622,9.62558],[-8.14221,9.63151],[-8.13358,9.63669],[-8.13276,9.64703],[-8.1278,9.65478],[-8.12774,9.65938],[-8.12998,9.66374],[-8.13,9.66378],[-8.13668,9.66662],[-8.13527,9.66844],[-8.13063,9.66884],[-8.13023,9.66961],[-8.12945,9.67113],[-8.13328,9.67968],[-8.1332,9.68612],[-8.13344,9.68644],[-8.13639,9.69052],[-8.13161,9.70196],[-8.12512,9.70234],[-8.12498,9.70268],[-8.12393,9.70532],[-8.12319,9.70853],[-8.1271,9.7295],[-8.12425,9.73544],[-8.12523,9.73657],[-8.1295,9.74148],[-8.12546,9.74942],[-8.12356,9.75313],[-8.12505,9.75436],[-8.12976,9.75827],[-8.12921,9.7592],[-8.12786,9.76146],[-8.11947,9.76244],[-8.11533,9.76292],[-8.11532,9.76293],[-8.11346,9.76473],[-8.12069,9.77908],[-8.12063,9.78439],[-8.12055,9.79103],[-8.1096,9.79527],[-8.10934,9.79779],[-8.11703,9.80316],[-8.11807,9.80388],[-8.11873,9.80688],[-8.11612,9.81167],[-8.1062,9.80787],[-8.10451,9.81336],[-8.10509,9.82234],[-8.10217,9.83068],[-8.10213,9.83081],[-8.10148,9.83264],[-8.10451,9.83284],[-8.10685,9.83299],[-8.11141,9.83622],[-8.113,9.83877],[-8.10906,9.8451],[-8.10874,9.84561],[-8.10939,9.8493],[-8.10769,9.85571],[-8.10904,9.86155],[-8.10945,9.86332],[-8.11334,9.86728],[-8.114,9.86754],[-8.1175,9.86894],[-8.12306,9.86855],[-8.12665,9.86711],[-8.13028,9.86565],[-8.13245,9.86574],[-8.13793,9.86597],[-8.14345,9.86972],[-8.1441,9.87387],[-8.14177,9.88187],[-8.1407,9.88555],[-8.13998,9.88601],[-8.1386,9.88691],[-8.13402,9.88225],[-8.13079,9.88106],[-8.12869,9.88241],[-8.1248,9.89712],[-8.12452,9.90099],[-8.12793,9.90609],[-8.13507,9.90963],[-8.13224,9.91396],[-8.13286,9.9159],[-8.13335,9.91742],[-8.14217,9.91684],[-8.14648,9.91376],[-8.15294,9.90915],[-8.15497,9.90904],[-8.15642,9.90897],[-8.15904,9.91093],[-8.16078,9.91224],[-8.16547,9.92678],[-8.16378,9.93003],[-8.1631,9.93135],[-8.15541,9.93448],[-8.15394,9.93578],[-8.15236,9.9372],[-8.1529,9.93869],[-8.15303,9.93905],[-8.15656,9.9406],[-8.16595,9.94472],[-8.16651,9.94632],[-8.16684,9.94726],[-8.16401,9.95114],[-8.14826,9.94876],[-8.13314,9.95517],[-8.13009,9.95647],[-8.12363,9.95363],[-8.12248,9.95388],[-8.12061,9.95429],[-8.11812,9.95729],[-8.11778,9.9577],[-8.11738,9.97103],[-8.12149,9.97614],[-8.12729,9.97644],[-8.13852,9.96853],[-8.14014,9.96899],[-8.14361,9.96997],[-8.15027,9.97488],[-8.15183,9.97973],[-8.15083,9.98279],[-8.15063,9.9834],[-8.14922,9.98488],[-8.14781,9.98635],[-8.1373,9.9922],[-8.13715,9.99321],[-8.13614,10],[-8.13587,10.00182],[-8.13544,10.00464],[-8.13498,10.00774],[-8.13233,10.00905],[-8.13101,10.0097],[-8.13143,10.01385],[-8.12449,10.02312],[-8.11292,10.03856],[-8.10772,10.04551],[-8.10668,10.0469],[-8.10607,10.04738],[-8.09895,10.05302],[-8.08079,10.05829],[-8.07916,10.05876],[-8.05363,10.06966],[-8.0451,10.0733],[-8.04215,10.0755],[-8.0245,10.08869],[-8.0185,10.095],[-8.0165,10.0971],[-8.01389,10.10247],[-8.01127,10.10785],[-8.00599,10.12227],[-8.00243,10.12899],[-7.98817,10.15586],[-7.98599,10.16411],[-7.9813,10.17312],[-7.98052,10.17462],[-7.97855,10.17511],[-7.97814,10.17965],[-7.96335,10.19476],[-7.95745,10.20079],[-7.95496,10.20535],[-7.95246,10.20992],[-7.95055,10.23336],[-7.95007,10.23447],[-7.94721,10.24113],[-7.9481,10.24735],[-7.9487,10.2515],[-7.95944,10.28544],[-7.96095,10.29489],[-7.96862,10.31361],[-7.98009,10.32571],[-7.99527,10.33831],[-8.00683,10.34305],[-8.02162,10.34576],[-8.05111,10.35117],[-8.07083,10.35262],[-8.07088,10.35263],[-8.08082,10.35336],[-8.08418,10.35482],[-8.09169,10.35809],[-8.10861,10.38105],[-8.11428,10.39285],[-8.11525,10.40154],[-8.11597,10.40805],[-8.11885,10.42027],[-8.11981,10.42139],[-8.12045,10.42213],[-8.12225,10.42261],[-8.12764,10.42405],[-8.14068,10.42122],[-8.14818,10.41601],[-8.16047,10.40429],[-8.1628,10.40208],[-8.16392,10.40101],[-8.17323,10.39905],[-8.18266,10.39916],[-8.1895,10.39924],[-8.19576,10.40023],[-8.20202,10.40122],[-8.22539,10.41],[-8.22912,10.41377],[-8.2316,10.41628],[-8.24063,10.44029],[-8.2423,10.45687],[-8.24272,10.46102],[-8.24426,10.46433],[-8.24476,10.46541],[-8.24629,10.46626],[-8.25701,10.47221],[-8.26184,10.47687],[-8.26407,10.48517],[-8.26227,10.50079],[-8.26616,10.50635],[-8.27376,10.51288],[-8.2767,10.52073],[-8.27735,10.52721],[-8.27774,10.53109],[-8.27254,10.56025],[-8.27318,10.57549],[-8.27325,10.57698],[-8.27328,10.57773],[-8.27805,10.5879],[-8.28155,10.58818],[-8.28502,10.58844],[-8.28915,10.59309],[-8.28964,10.60256],[-8.2903,10.61564],[-8.29512,10.62144],[-8.30147,10.63623],[-8.30111,10.64796],[-8.29688,10.67344],[-8.29668,10.68126],[-8.29648,10.68908],[-8.29659,10.68931],[-8.2967,10.68955],[-8.30557,10.70827],[-8.30688,10.71634],[-8.29557,10.75094],[-8.29785,10.75557],[-8.3115,10.75451],[-8.31345,10.75436],[-8.31948,10.75557],[-8.31949,10.75558],[-8.32552,10.75679],[-8.32896,10.76189],[-8.32932,10.77086],[-8.32793,10.77403],[-8.3267,10.77682],[-8.32351,10.78289],[-8.32011,10.78935],[-8.31672,10.7958],[-8.30752,10.80743],[-8.3062,10.8219],[-8.30466,10.82384],[-8.30006,10.82966],[-8.28653,10.83273],[-8.28542,10.83369],[-8.28207,10.83659],[-8.28064,10.83914],[-8.27874,10.84253],[-8.2756,10.85308],[-8.27678,10.86155],[-8.28049,10.88814],[-8.28164,10.89639],[-8.28169,10.91318],[-8.27899,10.92557],[-8.28778,10.95836],[-8.2913,10.97148],[-8.287,10.98155],[-8.28708,10.99513],[-8.29323,11.00784],[-8.29557,11.00829],[-8.29579,11.00833],[-8.29888,11.01382],[-8.30584,11.02616],[-8.31298,11.0336],[-8.31732,11.04123],[-8.31939,11.04355],[-8.32353,11.0482],[-8.34778,11.06802],[-8.371,11.07448],[-8.38193,11.07598],[-8.38993,11.0687],[-8.39158,11.06776],[-8.39651,11.06496],[-8.39907,11.06351],[-8.40561,11.0622],[-8.41126,11.06597],[-8.41578,11.06898],[-8.42553,11.07207],[-8.43724,11.07298],[-8.44602,11.07367],[-8.47286,11.06865],[-8.48244,11.06507],[-8.48531,11.05837],[-8.48626,11.05614],[-8.49666,11.04086],[-8.50187,11.03321],[-8.50305,11.03147],[-8.51367,10.99501],[-8.51446,10.98604],[-8.51404,10.98204],[-8.51318,10.97384],[-8.51506,10.97202],[-8.52701,10.97451],[-8.53598,10.97637],[-8.56407,10.9617],[-8.56472,10.96152],[-8.5713,10.9597],[-8.57357,10.95832],[-8.57724,10.95607],[-8.58091,10.95382],[-8.59049,10.95024],[-8.59246,10.95135],[-8.59836,10.95469],[-8.60074,10.95514],[-8.60284,10.95553],[-8.60743,10.95639],[-8.61138,10.95787],[-8.61225,10.9586],[-8.61828,10.96366],[-8.62181,10.96506],[-8.62246,10.96532],[-8.62711,10.96471],[-8.62898,10.96447],[-8.6354,10.96141],[-8.66104,10.94916],[-8.66563,10.94959],[-8.66792,10.94981],[-8.67196,10.95019],[-8.67726,10.95531],[-8.67775,10.95646],[-8.68022,10.96224],[-8.68056,10.96626],[-8.68063,10.96707],[-8.67772,10.97808],[-8.68236,11.00275],[-8.68137,11.0078],[-8.68098,11.00847],[-8.67924,11.01146],[-8.66048,11.0246],[-8.65037,11.0337],[-8.64767,11.04678],[-8.64808,11.05231],[-8.64774,11.05363],[-8.64763,11.05407],[-8.64516,11.06378],[-8.6305,11.07697],[-8.62494,11.08197],[-8.62068,11.08906],[-8.62064,11.09281],[-8.62063,11.09343],[-8.62175,11.0973],[-8.62512,11.10889],[-8.6253,11.11395],[-8.62449,11.11565],[-8.62245,11.1199],[-8.6175,11.12491],[-8.61141,11.12784],[-8.60712,11.1278],[-8.6028,11.12775],[-8.5856,11.12457],[-8.58116,11.12591],[-8.57741,11.12933],[-8.57692,11.12977],[-8.57099,11.13983],[-8.5643,11.15494],[-8.56759,11.16338],[-8.57088,11.17181],[-8.57329,11.18587],[-8.57162,11.19321],[-8.57084,11.19665],[-8.56858,11.20065],[-8.56633,11.20465],[-8.55881,11.21055],[-8.55863,11.21059],[-8.5581,11.21073],[-8.5525,11.2121],[-8.53074,11.21009],[-8.52992,11.21001],[-8.52442,11.2142],[-8.52174,11.21624],[-8.51771,11.21931],[-8.51235,11.21948],[-8.50584,11.21798],[-8.4977,11.21611],[-8.49256,11.21766],[-8.49012,11.21938],[-8.48646,11.22196],[-8.48574,11.22359],[-8.48454,11.22631],[-8.48474,11.22999],[-8.49164,11.23766],[-8.49252,11.24296],[-8.49339,11.24826],[-8.49842,11.25706],[-8.49871,11.25898],[-8.49929,11.26282],[-8.49799,11.26787],[-8.49734,11.27039],[-8.4933,11.27748],[-8.48458,11.28612],[-8.47919,11.28883],[-8.46707,11.28915],[-8.45015,11.28045],[-8.44681,11.27926],[-8.4223,11.27048],[-8.41252,11.26991],[-8.41219,11.27001],[-8.40667,11.27169],[-8.39401,11.27222],[-8.39385,11.27223],[-8.38239,11.27555],[-8.37699,11.27917],[-8.3738,11.28514],[-8.37199,11.28855],[-8.36695,11.30751],[-8.36443,11.31699],[-8.36483,11.31935],[-8.36509,11.3209],[-8.36947,11.32464],[-8.37396,11.32424],[-8.40167,11.32178],[-8.41816,11.32749],[-8.42046,11.32998],[-8.42138,11.33097],[-8.42159,11.33328],[-8.42179,11.33558],[-8.42111,11.33821],[-8.41599,11.35346],[-8.41079,11.36007],[-8.39745,11.36498],[-8.38393,11.36483],[-8.37589,11.36748],[-8.38155,11.37525],[-8.39687,11.38231],[-8.4068,11.38129],[-8.40901,11.38106],[-8.41014,11.38006],[-8.41183,11.37856],[-8.42349,11.37845],[-8.43068,11.38244],[-8.43405,11.38316],[-8.43743,11.38389],[-8.44819,11.38078],[-8.44981,11.38094],[-8.45634,11.38156],[-8.46633,11.38557],[-8.47632,11.38959],[-8.47729,11.38981],[-8.47825,11.39003],[-8.48566,11.3917],[-8.49121,11.39296],[-8.49588,11.39567],[-8.5021,11.39928],[-8.5089,11.41891],[-8.51723,11.42589],[-8.5247,11.43013],[-8.52674,11.43128],[-8.52856,11.43567],[-8.52689,11.43934],[-8.51838,11.44289],[-8.51775,11.44315],[-8.52086,11.44971],[-8.52552,11.45956],[-8.52565,11.46969],[-8.52918,11.47386],[-8.53095,11.47595],[-8.53179,11.47631],[-8.53431,11.47739],[-8.53536,11.47783],[-8.54455,11.46896],[-8.56567,11.45898],[-8.57011,11.44957],[-8.57188,11.4458],[-8.57634,11.44332],[-8.5817,11.44338],[-8.58688,11.44818],[-8.5919,11.45283],[-8.59601,11.45664],[-8.60277,11.45694],[-8.61072,11.45496],[-8.61187,11.45364],[-8.61263,11.45276],[-8.61768,11.45823],[-8.62021,11.46097],[-8.63218,11.47354],[-8.63406,11.47552],[-8.63568,11.47722],[-8.64166,11.48695],[-8.64635,11.4901],[-8.64791,11.49115],[-8.65413,11.49926],[-8.65774,11.51241],[-8.66534,11.52283],[-8.67039,11.55601],[-8.67129,11.559],[-8.6731,11.565],[-8.68565,11.57042],[-8.68886,11.5762],[-8.68931,11.57909],[-8.69062,11.58749],[-8.68287,11.61709],[-8.68234,11.62467],[-8.68507,11.63114],[-8.68878,11.63367],[-8.69157,11.63557],[-8.70207,11.63613],[-8.71963,11.62963],[-8.7309,11.63015],[-8.7337,11.63028],[-8.76013,11.6068],[-8.7622,11.60854],[-8.77343,11.61794],[-8.77588,11.61822],[-8.77996,11.61869],[-8.78529,11.62173],[-8.79159,11.62225],[-8.79371,11.62055],[-8.79583,11.61884],[-8.7971,11.61594],[-8.79773,11.61449],[-8.80471,11.61685],[-8.80877,11.61988],[-8.81283,11.62291],[-8.82214,11.62621],[-8.82341,11.62629],[-8.85432,11.62834],[-8.85433,11.62835],[-8.85208,11.63822],[-8.84612,11.6644],[-8.84471,11.67059],[-8.84448,11.67159],[-8.84426,11.67257],[-8.82399,11.76162],[-8.82225,11.7693],[-8.81077,11.83422],[-8.80159,11.88615],[-8.79714,11.9113],[-8.79491,11.92387],[-8.79568,11.92684],[-8.79785,11.93516],[-8.80135,11.93589],[-8.80173,11.94555],[-8.80737,11.95307],[-8.81443,11.96246],[-8.8162,11.9726],[-8.80783,11.99392],[-8.80682,11.99857],[-8.80589,12.00287],[-8.80539,12.00517],[-8.81239,12.01405],[-8.83101,12.03094],[-8.83233,12.039],[-8.83536,12.03995],[-8.83672,12.03918],[-8.84218,12.03611],[-8.84591,12.03683],[-8.84767,12.03869],[-8.8503,12.04148],[-8.8559,12.04199],[-8.85912,12.03939],[-8.86179,12.03722],[-8.86845,12.02601],[-8.86998,12.02464],[-8.87151,12.02328],[-8.87244,12.02346],[-8.87525,12.024],[-8.88309,12.03443],[-8.8896,12.03725],[-8.89612,12.04008],[-8.90151,12.03909],[-8.90689,12.03811],[-8.90667,12.04068],[-8.90663,12.04109],[-8.9082,12.0411],[-8.91294,12.04115],[-8.91538,12.05429],[-8.9193,12.05985],[-8.91827,12.06214],[-8.9162,12.06672],[-8.91565,12.0795],[-8.91499,12.09501],[-8.91005,12.09452],[-8.90985,12.0945],[-8.90824,12.09527],[-8.90704,12.09585],[-8.90585,12.09743],[-8.90325,12.10088],[-8.90129,12.10983],[-8.90133,12.13008],[-8.89548,12.14659],[-8.89644,12.15083],[-8.89668,12.15189],[-8.89807,12.15294],[-8.90503,12.15818],[-8.90537,12.15979],[-8.90571,12.1614],[-8.90283,12.16874],[-8.91003,12.17317],[-8.91231,12.17997],[-8.91413,12.18541],[-8.92209,12.18433],[-8.92263,12.18492],[-8.92463,12.18711],[-8.9247,12.18823],[-8.92484,12.19034],[-8.92351,12.1934],[-8.92244,12.19584],[-8.92452,12.19862],[-8.92496,12.19842],[-8.93063,12.19591],[-8.93644,12.19896],[-8.93928,12.19576],[-8.93911,12.19355],[-8.93866,12.18748],[-8.94101,12.18566],[-8.94569,12.18524],[-8.95267,12.18922],[-8.95501,12.18901],[-8.95678,12.18742],[-8.95855,12.18582],[-8.95963,12.18628],[-8.96392,12.18812],[-8.9646,12.18841],[-8.97331,12.18251],[-8.97859,12.19291],[-8.97714,12.19772],[-8.97865,12.20092],[-8.97944,12.20258],[-8.97826,12.20996],[-8.97797,12.21181],[-8.9929,12.22144],[-8.99336,12.2364],[-8.99382,12.25136],[-8.99042,12.26606],[-8.98702,12.28074],[-8.98564,12.28285],[-8.98289,12.28706],[-8.98227,12.28801],[-8.98133,12.28943],[-8.96743,12.30036],[-8.96337,12.30624],[-8.96033,12.31065],[-8.95944,12.31402],[-8.95767,12.32075],[-8.96015,12.33204],[-8.9664,12.34376],[-8.9689,12.34845],[-8.97202,12.35142],[-8.9884,12.36701],[-8.99043,12.36809],[-8.99236,12.36911],[-8.99803,12.37518],[-9.00234,12.37978],[-9.00817,12.38376],[-9.00867,12.3841],[-9.0091,12.38464],[-9.01302,12.38953],[-9.025,12.41287],[-9.03428,12.42307],[-9.04571,12.42845],[-9.06579,12.43379],[-9.08588,12.43913],[-9.08859,12.44118],[-9.09356,12.44494],[-9.10383,12.4494],[-9.10667,12.4545],[-9.11233,12.45842],[-9.11419,12.45859],[-9.11794,12.45893],[-9.12493,12.46221],[-9.1304,12.46559],[-9.13588,12.46897],[-9.14679,12.47919],[-9.15446,12.48408],[-9.15788,12.48509],[-9.15829,12.48521],[-9.16034,12.48582],[-9.16171,12.48622],[-9.17152,12.48664],[-9.18136,12.48707],[-9.18254,12.48616],[-9.18394,12.48652],[-9.18815,12.48759],[-9.1947,12.48707],[-9.20126,12.48655],[-9.20632,12.48778],[-9.20969,12.4886],[-9.21108,12.48893],[-9.2201,12.49375],[-9.22552,12.49664],[-9.23536,12.49558],[-9.24517,12.49842],[-9.24912,12.5019],[-9.25192,12.50239],[-9.25333,12.50263],[-9.27445,12.49567],[-9.27832,12.48865],[-9.28063,12.48444],[-9.28417,12.48194],[-9.28861,12.48221],[-9.29421,12.48432],[-9.31258,12.49942],[-9.31959,12.50063],[-9.32021,12.49673],[-9.32083,12.49282],[-9.32536,12.48273],[-9.33008,12.47794],[-9.33329,12.47731],[-9.3357,12.47683],[-9.33895,12.481],[-9.33955,12.49296],[-9.34376,12.49392],[-9.34893,12.49166],[-9.35546,12.49366],[-9.362,12.49567],[-9.36414,12.49132],[-9.3666,12.47639],[-9.36967,12.47342],[-9.38513,12.47216],[-9.38953,12.4679],[-9.39173,12.46577],[-9.39386,12.46534],[-9.39792,12.46451],[-9.40158,12.46377],[-9.40464,12.4615],[-9.40537,12.45771],[-9.4061,12.45392],[-9.4036,12.44447],[-9.40227,12.44423],[-9.39963,12.44375],[-9.39233,12.44944],[-9.38862,12.44958],[-9.38741,12.44963],[-9.38665,12.44905],[-9.38439,12.44731],[-9.38179,12.44024],[-9.37659,12.42609],[-9.37156,12.41966],[-9.36988,12.41752],[-9.36778,12.41659],[-9.36558,12.41803],[-9.36119,12.42091],[-9.35944,12.42055],[-9.35769,12.42019],[-9.35584,12.41718],[-9.35588,12.41258],[-9.35828,12.40501],[-9.34799,12.40401],[-9.3451,12.40205],[-9.34077,12.39912],[-9.33708,12.39265],[-9.33622,12.38252],[-9.33416,12.37699],[-9.32952,12.37273],[-9.32859,12.37188],[-9.32789,12.37153],[-9.32439,12.36978],[-9.31458,12.36809],[-9.31388,12.36854],[-9.31247,12.36945],[-9.30036,12.36199],[-9.29758,12.35852],[-9.29691,12.3546],[-9.29927,12.35232],[-9.30197,12.35165],[-9.30466,12.35099],[-9.30702,12.34825],[-9.30752,12.34457],[-9.30408,12.33557],[-9.30426,12.33312],[-9.30435,12.33189],[-9.30863,12.32318],[-9.31288,12.31862],[-9.3166,12.32118],[-9.32012,12.31983],[-9.32249,12.31662],[-9.32325,12.31289],[-9.3237,12.31065],[-9.32005,12.28543],[-9.31883,12.27703],[-9.3198,12.27289],[-9.32385,12.26896],[-9.32993,12.26308],[-9.34186,12.26294],[-9.34452,12.25216],[-9.34035,12.24752],[-9.34039,12.24294],[-9.34039,12.24292],[-9.34088,12.24305],[-9.34963,12.24535],[-9.35392,12.24648],[-9.35953,12.24675],[-9.36197,12.24603],[-9.36563,12.24496],[-9.3819,12.2494],[-9.38733,12.25088],[-9.38812,12.25167],[-9.39128,12.25482],[-9.40138,12.24961],[-9.40558,12.25033],[-9.41135,12.25934],[-9.41441,12.26023],[-9.41462,12.26029],[-9.42493,12.25807],[-9.44159,12.25106],[-9.44688,12.25068],[-9.45743,12.24993],[-9.46195,12.2496],[-9.4739,12.24578],[-9.47928,12.24582],[-9.48796,12.2422],[-9.48977,12.24029],[-9.49055,12.23946],[-9.49957,12.22251],[-9.50079,12.22128],[-9.50522,12.21679],[-9.52694,12.20506],[-9.52917,12.20386],[-9.54141,12.19268],[-9.5432,12.19292],[-9.54678,12.1934],[-9.54819,12.19254],[-9.55313,12.18954],[-9.55964,12.19014],[-9.5615,12.19031],[-9.56682,12.1908],[-9.56948,12.19104],[-9.57165,12.19025],[-9.57815,12.18788],[-9.58043,12.18772],[-9.58423,12.18746],[-9.58717,12.18561],[-9.58893,12.1845],[-9.59505,12.18358],[-9.59692,12.1833],[-9.60064,12.18274],[-9.60252,12.18142],[-9.60486,12.17978],[-9.61188,12.1796],[-9.61915,12.17597],[-9.62243,12.17564],[-9.6257,12.17532],[-9.6304,12.17282],[-9.63699,12.1662],[-9.6396,12.16138],[-9.66405,12.14085],[-9.66923,12.13435],[-9.67135,12.13168],[-9.67772,12.12369],[-9.67941,12.11969],[-9.68081,12.11635],[-9.68046,12.09955],[-9.67783,12.0881],[-9.67655,12.08253],[-9.67569,12.07882],[-9.67974,12.06665],[-9.68421,12.063],[-9.69217,12.06121],[-9.69594,12.05755],[-9.69718,12.05369],[-9.69808,12.0509],[-9.69772,12.03525],[-9.69976,12.02382],[-9.71106,12.02467],[-9.73366,12.02638],[-9.74789,12.02902],[-9.76566,12.03232],[-9.76963,12.03188],[-9.79062,12.04051],[-9.79835,12.04699],[-9.80994,12.05672],[-9.81601,12.05767],[-9.8191,12.0561],[-9.81926,12.05602],[-9.81963,12.05583],[-9.82539,12.05289],[-9.86208,12.05861],[-9.86369,12.05886],[-9.87191,12.05656],[-9.8766,12.05524],[-9.88009,12.05733],[-9.8829,12.05712],[-9.88492,12.05874],[-9.88895,12.06199],[-9.90823,12.08165],[-9.9088,12.0832],[-9.91148,12.09046],[-9.91444,12.09848],[-9.9198,12.10082],[-9.93689,12.09677],[-9.94179,12.09749],[-9.94626,12.10092],[-9.95297,12.10607],[-9.95858,12.10541],[-9.96346,12.10259],[-9.97077,12.09835],[-9.97274,12.10039],[-9.981,12.10898],[-9.98246,12.1124],[-9.98306,12.1138],[-9.98616,12.1156],[-9.9903,12.11801],[-9.99578,12.12483],[-10,12.12723],[-10.0017,12.12819],[-10.02437,12.12878],[-10.03043,12.1318],[-10.03926,12.14174],[-10.0451,12.14269],[-10.05282,12.14043],[-10.05652,12.14782],[-10.05932,12.14967],[-10.0619,12.14807],[-10.06335,12.13865],[-10.06709,12.13913],[-10.07243,12.14652],[-10.07663,12.14723],[-10.07812,12.15119],[-10.07871,12.15276],[-10.0813,12.16942],[-10.08165,12.17164],[-10.08443,12.17649],[-10.08678,12.17766],[-10.11235,12.15232],[-10.142,12.13982],[-10.16596,12.1286],[-10.19144,12.11407],[-10.21095,12.09691],[-10.22127,12.07618],[-10.20978,12.05404],[-10.19079,12.02981],[-10.19363,12.01709],[-10.18511,11.98948],[-10.17875,11.96661],[-10.17582,11.9559],[-10.16693,11.94113],[-10.1595,11.93219],[-10.16803,11.92092],[-10.19303,11.90722],[-10.18401,11.88291],[-10.18238,11.86905],[-10.1982,11.85173],[-10.21182,11.84224],[-10.2107,11.82953],[-10.21103,11.81756],[-10.22324,11.80426],[-10.23648,11.78972],[-10.24623,11.7747],[-10.24497,11.75818],[-10.22452,11.75851],[-10.21926,11.75138],[-10.22301,11.7392],[-10.23182,11.7285],[-10.22662,11.71545],[-10.22814,11.70381],[-10.23882,11.69398],[-10.24377,11.69509],[-10.25326,11.68823],[-10.25766,11.68153],[-10.25608,11.67184],[-10.25748,11.6602],[-10.26056,11.65223],[-10.25866,11.63952],[-10.26031,11.61994],[-10.26564,11.60599],[-10.26507,11.59321],[-10.26553,11.58835],[-10.26172,11.58496],[-10.24708,11.57682],[-10.23932,11.57146],[-10.23304,11.5636],[-10.2243,11.54641],[-10.2219,11.54095],[-10.21281,11.53758],[-10.1932,11.53424],[-10.17218,11.53463],[-10.14673,11.5223],[-10.13989,11.50939],[-10.13039,11.50094],[-10.12126,11.5005],[-10.10999,11.5027],[-10.09951,11.49979],[-10.0857,11.49498],[-10.07929,11.49357],[-10.06198,11.4919],[-10.05549,11.49104],[-10.05176,11.48672],[-10.04856,11.48303],[-10.03123,11.47838],[-10.02776,11.47506],[-10.02094,11.46814],[-10.00963,11.46286],[-10.01136,11.45311],[-10.01143,11.44651],[-10.01073,11.44321],[-10.01079,11.43661],[-10.008,11.42211],[-10.00633,11.41144],[-10.00475,11.40696],[-10.01021,11.40789],[-10.01394,11.40947],[-10.0155,11.41056],[-10.01979,11.41359],[-10.02321,11.4204],[-10.02909,11.41716],[-10.03051,11.41165],[-10.03097,11.40795],[-10.04189,11.40176],[-10.04858,11.39703],[-10.04873,11.38753],[-10.05007,11.37567],[-10.05727,11.36427],[-10.07098,11.35653],[-10.0777,11.35431],[-10.08197,11.35879],[-10.07696,11.36505],[-10.06896,11.37441],[-10.06782,11.38322],[-10.06412,11.3918],[-10.06336,11.3967],[-10.06799,11.39512],[-10.07264,11.38818],[-10.08524,11.38221],[-10.10326,11.37855],[-10.11548,11.38491],[-10.12103,11.39074],[-10.13161,11.377],[-10.13564,11.36878],[-10.12408,11.35436],[-10.12707,11.35056],[-10.13788,11.35035],[-10.15222,11.35074],[-10.16478,11.35304],[-10.16911,11.36144],[-10.16349,11.37194],[-10.15249,11.38292],[-10.15524,11.39103],[-10.17065,11.38742],[-10.18219,11.38199],[-10.18984,11.38409],[-10.19331,11.39615],[-10.19504,11.41422],[-10.20303,11.40489],[-10.21757,11.40107],[-10.22213,11.41614],[-10.23314,11.42304],[-10.23926,11.42296],[-10.24391,11.42439],[-10.24853,11.42553],[-10.25481,11.42374],[-10.24371,11.41154],[-10.24721,11.40571],[-10.25559,11.40241],[-10.26672,11.39516],[-10.27437,11.39932],[-10.28898,11.4141],[-10.29413,11.41075],[-10.29672,11.40303],[-10.30119,11.38639],[-10.30026,11.37978],[-10.32038,11.37035],[-10.33317,11.37355],[-10.33152,11.38156],[-10.32295,11.39046],[-10.31732,11.40502],[-10.31879,11.42415],[-10.32123,11.43062],[-10.32521,11.42377],[-10.32786,11.41224],[-10.32914,11.40104],[-10.33584,11.39453],[-10.34591,11.40791],[-10.35,11.40343],[-10.35162,11.40166],[-10.3529,11.39201],[-10.3544,11.38175],[-10.3494,11.37364],[-10.34503,11.36822],[-10.35211,11.35504],[-10.36101,11.34807],[-10.36583,11.34028],[-10.37162,11.33091],[-10.38023,11.32263],[-10.39065,11.31943],[-10.41072,11.31278],[-10.4458,11.31057],[-10.46837,11.3032],[-10.47576,11.29452],[-10.47628,11.28549],[-10.47206,11.27964],[-10.46824,11.27433],[-10.46462,11.27127],[-10.44323,11.2556],[-10.51255,11.19707],[-10.53728,11.18637],[-10.54505,11.18621],[-10.5689,11.18316],[-10.58971,11.18372],[-10.60981,11.18903],[-10.62603,11.19133],[-10.63836,11.19825],[-10.64499,11.19921],[-10.64131,11.19147],[-10.63387,11.17912],[-10.64525,11.1818],[-10.65279,11.18432],[-10.66314,11.18348],[-10.6593,11.17479],[-10.66608,11.17354],[-10.66588,11.16538],[-10.66514,11.15469],[-10.67711,11.1575],[-10.68398,11.16154],[-10.68775,11.16274],[-10.68984,11.1634],[-10.69003,11.15872],[-10.69938,11.15748],[-10.70345,11.15466],[-10.71594,11.14028],[-10.72092,11.14441],[-10.72063,11.13326],[-10.7255,11.12935],[-10.72247,11.11564],[-10.71685,11.1028],[-10.71448,11.0931],[-10.71555,11.07729],[-10.71814,11.05878],[-10.72741,11.05513],[-10.73725,11.05058],[-10.74632,11.03037],[-10.75802,11.0244],[-10.77331,11.01431],[-10.78996,11.00078],[-10.79109,10.99967],[-10.79276,10.99552],[-10.79537,10.99226],[-10.79401,10.9877],[-10.79897,10.98249],[-10.79947,10.9779],[-10.79882,10.97164],[-10.79942,10.96778],[-10.79887,10.96341],[-10.79718,10.95929],[-10.79804,10.95566],[-10.80244,10.95139],[-10.80578,10.94846],[-10.80984,10.94575],[-10.81184,10.94099],[-10.81474,10.93737],[-10.81757,10.934],[-10.81681,10.93221],[-10.81544,10.92991],[-10.82008,10.92812],[-10.82351,10.92751],[-10.82665,10.92644],[-10.8321,10.92359],[-10.83678,10.92194],[-10.84191,10.91797],[-10.84276,10.91477],[-10.84897,10.91374],[-10.85128,10.91194],[-10.85603,10.90912],[-10.85906,10.90914],[-10.86117,10.9094],[-10.86442,10.90884],[-10.86873,10.9073],[-10.87294,10.90324],[-10.87512,10.89958],[-10.87608,10.89736],[-10.87765,10.89573],[-10.88232,10.89536],[-10.88535,10.89548],[-10.89002,10.8943],[-10.89217,10.89402],[-10.89594,10.89135],[-10.89949,10.88831],[-10.9029,10.88596],[-10.90649,10.8831],[-10.90851,10.87984],[-10.90879,10.87584],[-10.90637,10.87262],[-10.90416,10.8693],[-10.90009,10.86706],[-10.89756,10.86421],[-10.89348,10.86313],[-10.88799,10.8611],[-10.88311,10.86035],[-10.87951,10.85851],[-10.87548,10.85671],[-10.8705,10.85537],[-10.8676,10.85317],[-10.86479,10.85305],[-10.86123,10.85081],[-10.85891,10.84847],[-10.85553,10.84736],[-10.8523,10.84476],[-10.84852,10.84288],[-10.84561,10.84178],[-10.84366,10.83889],[-10.83905,10.83603],[-10.83528,10.83288],[-10.83285,10.83068],[-10.83019,10.8303],[-10.8278,10.82855],[-10.82725,10.8283],[-10.82584,10.82766],[-10.82235,10.82593],[-10.81969,10.8257],[-10.81613,10.82317],[-10.8129,10.82126],[-10.80887,10.81905],[-10.80673,10.81693],[-10.80211,10.81709],[-10.79946,10.81453],[-10.79324,10.81253],[-10.79026,10.81138],[-10.78952,10.81121],[-10.77934,10.80885],[-10.77647,10.80836],[-10.77346,10.80649],[-10.76923,10.80596],[-10.76669,10.80456],[-10.7632,10.80276],[-10.75883,10.80251],[-10.75483,10.80187],[-10.75199,10.80073],[-10.74751,10.79991],[-10.74526,10.7988],[-10.74068,10.79659],[-10.7388,10.79574],[-10.73637,10.79318],[-10.7328,10.79261],[-10.72998,10.78965],[-10.72634,10.78854],[-10.72224,10.78539],[-10.71897,10.78409],[-10.71614,10.78262],[-10.71342,10.78086],[-10.70907,10.778],[-10.70635,10.77492],[-10.70371,10.77261],[-10.70125,10.77023],[-10.69809,10.76763],[-10.69486,10.76558],[-10.69251,10.76265],[-10.68951,10.75943],[-10.6868,10.75552],[-10.68566,10.75256],[-10.6828,10.74942],[-10.67881,10.74645],[-10.6781,10.74335],[-10.67441,10.74074],[-10.67323,10.73699],[-10.66894,10.73532],[-10.64229,10.73966],[-10.61836,10.7446],[-10.60242,10.74405],[-10.5865,10.74012],[-10.5825,10.74335],[-10.56802,10.75152],[-10.55405,10.75634],[-10.53161,10.76037],[-10.51169,10.76064],[-10.50909,10.75101],[-10.50094,10.72074],[-10.49506,10.70125],[-10.48718,10.68362],[-10.47434,10.66293],[-10.4615,10.64176],[-10.45516,10.61454],[-10.45033,10.5869],[-10.44844,10.56707],[-10.44749,10.55691],[-10.46752,10.54549],[-10.46739,10.53598],[-10.46733,10.53156],[-10.45782,10.52975],[-10.45154,10.52671],[-10.44369,10.52413],[-10.43833,10.52113],[-10.4314,10.51557],[-10.42277,10.51324],[-10.42058,10.51266],[-10.419,10.51137],[-10.41423,10.51207],[-10.4078,10.52816],[-10.4041,10.5429],[-10.40112,10.54703],[-10.39225,10.53829],[-10.38579,10.52791],[-10.37721,10.53983],[-10.36357,10.53732],[-10.35208,10.53148],[-10.35293,10.5186],[-10.35433,10.51203],[-10.34524,10.51072],[-10.33725,10.51005],[-10.335,10.5203],[-10.33207,10.52858],[-10.3222,10.53181],[-10.31045,10.53888],[-10.30257,10.54622],[-10.29507,10.55531],[-10.29252,10.55061],[-10.29186,10.5341],[-10.29288,10.52706],[-10.27751,10.5211],[-10.25352,10.51908],[-10.23785,10.51979],[-10.22104,10.52761],[-10.21289,10.52463],[-10.21941,10.51546],[-10.2337,10.51051],[-10.23223,10.50136],[-10.23709,10.48475],[-10.22591,10.48914],[-10.21417,10.48503],[-10.20232,10.46311],[-10.19356,10.44502],[-10.18713,10.44809],[-10.19525,10.46153],[-10.18729,10.46824],[-10.18062,10.47333],[-10.18002,10.48793],[-10.17538,10.48836],[-10.16726,10.48256],[-10.15351,10.49516],[-10.14872,10.51411],[-10.1459,10.52953],[-10.14542,10.53706],[-10.1382,10.53606],[-10.13797,10.52672],[-10.13553,10.5214],[-10.13202,10.51378],[-10.13312,10.50649],[-10.1395,10.49852],[-10.12495,10.49618],[-10.10989,10.49274],[-10.116,10.48438],[-10.11862,10.48079],[-10.11662,10.46602],[-10.11694,10.45606],[-10.12334,10.45322],[-10.13259,10.45965],[-10.14008,10.46343],[-10.14586,10.46271],[-10.15061,10.46189],[-10.15412,10.45203],[-10.15269,10.44216],[-10.14977,10.43507],[-10.14586,10.42164],[-10.12937,10.42545],[-10.12852,10.42325],[-10.12522,10.41466],[-10.13508,10.40184],[-10.14581,10.40116],[-10.15294,10.40743],[-10.1518,10.39078],[-10.16143,10.37526],[-10.15359,10.36564],[-10.15706,10.35412],[-10.16927,10.35235],[-10.16692,10.34094],[-10.17978,10.32702],[-10.1958,10.32458],[-10.22147,10.33773],[-10.23945,10.33856],[-10.24126,10.32752],[-10.23286,10.3218],[-10.22688,10.31938],[-10.22571,10.30389],[-10.23649,10.29286],[-10.23596,10.28811],[-10.2257,10.29321],[-10.22683,10.28578],[-10.23679,10.25565],[-10.22795,10.24279],[-10.21617,10.2262],[-10.20188,10.20617],[-10.21145,10.19321],[-10.22049,10.1792],[-10.23734,10.17549],[-10.22855,10.15824],[-10.24116,10.15614],[-10.25498,10.15458],[-10.25938,10.14727],[-10.25323,10.13931],[-10.26575,10.12531],[-10.28037,10.12364],[-10.28557,10.11052],[-10.2922,10.1046],[-10.30514,10.09511],[-10.32327,10.10081],[-10.32547,10.09087],[-10.32577,10.0895],[-10.32952,10.07845],[-10.32076,10.05846],[-10.32738,10.04277],[-10.3497,10.02027],[-10.3532,10.01489],[-10.36158,10.00199],[-10.36043,9.99289],[-10.35964,9.98664],[-10.3525,9.97573],[-10.34604,9.96282],[-10.34344,9.94723],[-10.33754,9.92823],[-10.33432,9.91159],[-10.32766,9.8949],[-10.33536,9.88605],[-10.34155,9.88169],[-10.34038,9.87409],[-10.35061,9.86415],[-10.36108,9.86373],[-10.36886,9.86441],[-10.37206,9.85457],[-10.3727,9.85262],[-10.37259,9.83812],[-10.37512,9.81727],[-10.36892,9.80548],[-10.3668,9.78299],[-10.38773,9.77483],[-10.3934,9.76051],[-10.40489,9.75766],[-10.41424,9.73414],[-10.41184,9.72124],[-10.40975,9.69858],[-10.40317,9.6957],[-10.40369,9.6863],[-10.40444,9.67283],[-10.4034,9.65463],[-10.40585,9.64008],[-10.41167,9.62678],[-10.42536,9.61259],[-10.4282,9.59491],[-10.4212,9.58309],[-10.41888,9.56177],[-10.4159,9.56331],[-10.40416,9.56941],[-10.39695,9.56735],[-10.38337,9.56336],[-10.37363,9.5522],[-10.36909,9.54703],[-10.34274,9.54249],[-10.33308,9.54524],[-10.3255,9.54715],[-10.30786,9.54561],[-10.29487,9.54363],[-10.28165,9.5462],[-10.27097,9.55584],[-10.26548,9.55989],[-10.2523,9.56629],[-10.24187,9.57162],[-10.23902,9.57628],[-10.23685,9.57982],[-10.2258,9.59011],[-10.22107,9.60007],[-10.22023,9.60991],[-10.21635,9.61574],[-10.20115,9.62615],[-10.19079,9.64033],[-10.17933,9.65379],[-10.17343,9.671],[-10.17211,9.68262],[-10.16064,9.69925],[-10.14486,9.70026],[-10.13303,9.69109],[-10.12593,9.6852],[-10.11824,9.68113],[-10.1073,9.67126],[-10.10448,9.66573],[-10.09951,9.65051],[-10.099,9.63477],[-10.09392,9.62431],[-10.07979,9.61609],[-10.06625,9.61002],[-10.04416,9.6228],[-10.02555,9.64468],[-10.00478,9.65843],[-9.97529,9.66804],[-9.95146,9.66314],[-9.92781,9.65482],[-9.91193,9.64425],[-9.90176,9.63537],[-9.89412,9.6295],[-9.87962,9.62951],[-9.87165,9.6125],[-9.88331,9.59733],[-9.88533,9.59256],[-9.86986,9.57817],[-9.8593,9.56058],[-9.8712,9.55897],[-9.86517,9.55581],[-9.85094,9.54834],[-9.84253,9.53697],[-9.8297,9.52656],[-9.81203,9.51869],[-9.80164,9.51563],[-9.78089,9.5086],[-9.76125,9.50248],[-9.73564,9.49531],[-9.70707,9.48441],[-9.67345,9.47176],[-9.65133,9.45842],[-9.64043,9.43936],[-9.62643,9.42675],[-9.62497,9.40998],[-9.62272,9.39967],[-9.61688,9.38998],[-9.60698,9.3793],[-9.60675,9.37837],[-9.59789,9.35561],[-9.6049,9.34132],[-9.6164,9.33528],[-9.63146,9.32639],[-9.64033,9.31747],[-9.6466,9.30785],[-9.64972,9.30111],[-9.65204,9.29663],[-9.64899,9.28391],[-9.64963,9.25312],[-9.66037,9.2416],[-9.68107,9.24416],[-9.70957,9.2379],[-9.72263,9.23363],[-9.73032,9.22784],[-9.73965,9.2254],[-9.74169,9.20988],[-9.74635,9.19778],[-9.73839,9.18943],[-9.73514,9.18685],[-9.72507,9.17599],[-9.72041,9.16414],[-9.72124,9.15748],[-9.7226,9.14662],[-9.71874,9.13474],[-9.69955,9.12941],[-9.6857,9.1269],[-9.67094,9.12307],[-9.66071,9.11588],[-9.66058,9.10397],[-9.6622,9.10177],[-9.66546,9.09734],[-9.67575,9.09089],[-9.68855,9.08659],[-9.70662,9.08197],[-9.71906,9.07373],[-9.71941,9.06554],[-9.71566,9.05515],[-9.70782,9.04302],[-9.70359,9.03879],[-9.69797,9.03037],[-9.67915,9.02796],[-9.65855,9.0219],[-9.64055,9.01078],[-9.62881,8.99227],[-9.62728,8.97361],[-9.63401,8.95175],[-9.64521,8.9418],[-9.65494,8.93641],[-9.64891,8.92741],[-9.62014,8.89124],[-9.61368,8.87557],[-9.61344,8.87472]]]},"properties":{"area_code":"kankan","area_name":"Kankan","area_unit_id":"gn-region-2014-geoboundaries-adm1:kankan","boundary_set_id":"gn-region-2014-geoboundaries-adm1","boundary_level":"region","boundary_vintage":"2017","boundary_source":"geoBoundaries GIN ADM1; source World Food Programme, OCHA ROWCA","boundary_licence":"CC BY 3.0 IGO"}},
{"type":"Feature","geometry":{"type":"MultiPolygon","coordinates":[[[[-13.68424,9.93813],[-13.68374,9.93804],[-13.68131,9.9346],[-13.68501,9.93227],[-13.68407,9.90169],[-13.693,9.88783],[-13.70174,9.87949],[-13.70303,9.87676],[-13.71132,9.85918],[-13.72049,9.84738],[-13.73962,9.83275],[-13.74417,9.82259],[-13.74876,9.81658],[-13.75057,9.81151],[-13.74758,9.8061],[-13.75591,9.79503],[-13.7594,9.78569],[-13.76004,9.7797],[-13.75789,9.7719],[-13.75507,9.76641],[-13.73886,9.752],[-13.7308,9.74591],[-13.72069,9.74271],[-13.69899,9.73903],[-13.68927,9.74002],[-13.67132,9.75603],[-13.66577,9.75768],[-13.65635,9.76741],[-13.65035,9.77113],[-13.64622,9.77576],[-13.63985,9.79121],[-13.64411,9.80221],[-13.6539,9.8095],[-13.66381,9.82283],[-13.66343,9.82957],[-13.65678,9.82684],[-13.65492,9.82122],[-13.65211,9.81802],[-13.64443,9.81348],[-13.63885,9.81214],[-13.6251,9.82199],[-13.62936,9.81428],[-13.63207,9.80483],[-13.63019,9.80048],[-13.61442,9.79991],[-13.61161,9.79776],[-13.61259,9.79456],[-13.61693,9.79506],[-13.62245,9.78973],[-13.62313,9.78743],[-13.61934,9.77711],[-13.61561,9.77346],[-13.59608,9.76579],[-13.57501,9.76755],[-13.5682,9.77033],[-13.56987,9.7651],[-13.56602,9.76757],[-13.56549,9.77103],[-13.55924,9.77754],[-13.55977,9.78286],[-13.55538,9.78739],[-13.55285,9.78326],[-13.55711,9.76956],[-13.56469,9.7564],[-13.5627,9.75028],[-13.54767,9.74004],[-13.53703,9.74257],[-13.50152,9.73698],[-13.47744,9.74323],[-13.47505,9.73286],[-13.47518,9.72195],[-13.47931,9.71769],[-13.49886,9.69548],[-13.49974,9.68908],[-13.49979,9.6887],[-13.49487,9.67806],[-13.48848,9.67301],[-13.46494,9.65372],[-13.46002,9.64734],[-13.46029,9.63656],[-13.46627,9.62433],[-13.47438,9.61861],[-13.49048,9.60026],[-13.50298,9.57459],[-13.49952,9.55158],[-13.4958,9.55038],[-13.493,9.54213],[-13.49399,9.53945],[-13.50019,9.52258],[-13.50737,9.51448],[-13.50419,9.51099],[-13.50817,9.50228],[-13.51253,9.49627],[-13.51798,9.48198],[-13.52142,9.47654],[-13.51734,9.45739],[-13.51146,9.44548],[-13.4977,9.4311],[-13.49025,9.42096],[-13.48066,9.41053],[-13.47438,9.40667],[-13.46696,9.40511],[-13.44941,9.41029],[-13.44665,9.41283],[-13.44202,9.4131],[-13.43552,9.41038],[-13.42408,9.4102],[-13.42438,9.40677],[-13.42123,9.40105],[-13.4211,9.40114],[-13.42013,9.39906],[-13.42454,9.39506],[-13.42404,9.39046],[-13.42805,9.36745],[-13.43151,9.36536],[-13.43257,9.35179],[-13.42716,9.33942],[-13.42757,9.33183],[-13.41726,9.31328],[-13.4116,9.29838],[-13.4097,9.29058],[-13.41202,9.28524],[-13.41311,9.28274],[-13.41263,9.2793],[-13.39708,9.27251],[-13.38992,9.27347],[-13.38785,9.27602],[-13.38462,9.27673],[-13.37071,9.27222],[-13.35708,9.2753],[-13.35527,9.28129],[-13.35581,9.29346],[-13.35237,9.29831],[-13.35453,9.30887],[-13.34497,9.33307],[-13.33967,9.33586],[-13.32463,9.33855],[-13.32261,9.33328],[-13.31965,9.32552],[-13.31989,9.32543],[-13.32547,9.32331],[-13.32845,9.31892],[-13.32978,9.31041],[-13.32416,9.29941],[-13.32711,9.29135],[-13.32657,9.27963],[-13.32417,9.26678],[-13.32208,9.26495],[-13.3239,9.26035],[-13.30989,9.24067],[-13.31057,9.23814],[-13.31348,9.2241],[-13.31368,9.21927],[-13.31845,9.2066],[-13.32002,9.19786],[-13.31882,9.19212],[-13.31619,9.19149],[-13.31205,9.19092],[-13.32591,9.17967],[-13.3207,9.17061],[-13.31516,9.1625],[-13.31003,9.15679],[-13.29222,9.15529],[-13.28503,9.15235],[-13.28041,9.15261],[-13.27697,9.157],[-13.27402,9.16575],[-13.27496,9.16804],[-13.27254,9.1869],[-13.27049,9.19312],[-13.26249,9.19095],[-13.26053,9.19042],[-13.25804,9.16263],[-13.25159,9.1668],[-13.2497,9.16015],[-13.24966,9.15934],[-13.24897,9.14448],[-13.25189,9.14106],[-13.25652,9.14127],[-13.2655,9.13524],[-13.26868,9.12694],[-13.27579,9.11794],[-13.28474,9.108],[-13.29303,9.10197],[-13.29365,9.09186],[-13.30443,9.07777],[-13.31067,9.07865],[-13.32356,9.0703],[-13.3247,9.06707],[-13.32436,9.06361],[-13.3213,9.05921],[-13.32142,9.05791],[-13.30763,9.03754],[-13.30071,9.04154],[-13.28857,9.05257],[-13.28143,9.05652],[-13.27639,9.06207],[-13.26787,9.06741],[-13.24758,9.07513],[-13.23625,9.07544],[-13.21564,9.07167],[-13.20687,9.07265],[-13.18836,9.08457],[-13.17947,9.09029],[-13.17416,9.0924],[-13.16306,9.09155],[-13.15146,9.08588],[-13.12306,9.0578],[-13.10751,9.04963],[-13.08762,9.04837],[-13.07865,9.05023],[-13.06938,9.05216],[-13.05832,9.05843],[-13.05085,9.08261],[-13.0437,9.08656],[-13.03608,9.08821],[-13.03259,9.08809],[-13.01851,9.08763],[-13.01182,9.09088],[-13.00215,9.09737],[-12.99161,9.11283],[-12.98777,9.11982],[-12.98086,9.13243],[-12.97339,9.1589],[-12.9732,9.1651],[-12.97023,9.17178],[-12.95619,9.1822],[-12.95415,9.1898],[-12.95754,9.22277],[-12.96209,9.22922],[-12.96153,9.238],[-12.95253,9.25872],[-12.94844,9.2615],[-12.94381,9.27558],[-12.94193,9.27796],[-12.93508,9.28665],[-12.92652,9.28648],[-12.91654,9.28263],[-12.90074,9.27099],[-12.8931,9.27034],[-12.88111,9.27799],[-12.87636,9.29664],[-12.8729,9.29826],[-12.86825,9.2953],[-12.85715,9.29582],[-12.8446,9.28693],[-12.8408,9.28531],[-12.83433,9.28927],[-12.83134,9.2911],[-12.82509,9.2909],[-12.81722,9.28629],[-12.81651,9.28588],[-12.81212,9.28682],[-12.8066,9.29351],[-12.79413,9.29747],[-12.78951,9.30071],[-12.78837,9.30393],[-12.78957,9.31266],[-12.78796,9.31589],[-12.78519,9.31682],[-12.78152,9.32396],[-12.77856,9.3334],[-12.77882,9.34006],[-12.77698,9.3426],[-12.75685,9.34223],[-12.75339,9.345],[-12.75087,9.34961],[-12.75159,9.35558],[-12.75651,9.36624],[-12.75817,9.37693],[-12.75776,9.38842],[-12.75224,9.39649],[-12.724,9.39523],[-12.7168,9.39044],[-12.71217,9.38953],[-12.7113,9.40149],[-12.70879,9.41093],[-12.70349,9.41554],[-12.6984,9.41626],[-12.69119,9.40801],[-12.68887,9.40733],[-12.6868,9.40918],[-12.68658,9.41217],[-12.68614,9.41769],[-12.68338,9.42114],[-12.6855,9.43079],[-12.67997,9.43518],[-12.67998,9.43886],[-12.68393,9.44298],[-12.68026,9.45058],[-12.67938,9.46001],[-12.67847,9.46369],[-12.67269,9.46693],[-12.67131,9.46923],[-12.67203,9.47544],[-12.65475,9.50243],[-12.65484,9.50529],[-12.65307,9.50835],[-12.65065,9.50885],[-12.64973,9.51412],[-12.64973,9.51413],[-12.64929,9.51667],[-12.65118,9.52448],[-12.65861,9.5318],[-12.66047,9.53203],[-12.65749,9.53916],[-12.64803,9.54794],[-12.64417,9.54917],[-12.64294,9.54957],[-12.63437,9.54822],[-12.63277,9.5526],[-12.63651,9.56109],[-12.63629,9.56546],[-12.63076,9.57214],[-12.62377,9.59326],[-12.62115,9.60115],[-12.61492,9.60623],[-12.60008,9.60077],[-12.59174,9.59988],[-12.59174,9.59993],[-12.59063,9.61253],[-12.58536,9.62887],[-12.58548,9.63194],[-12.58556,9.63388],[-12.58562,9.6353],[-12.58796,9.64219],[-12.59149,9.65413],[-12.58966,9.66057],[-12.58712,9.66311],[-12.58319,9.66359],[-12.57853,9.65809],[-12.57553,9.65994],[-12.57418,9.67005],[-12.56957,9.67743],[-12.56797,9.68387],[-12.56893,9.69238],[-12.56666,9.70273],[-12.5567,9.70346],[-12.54745,9.70901],[-12.53994,9.71666],[-12.53614,9.72054],[-12.53359,9.72009],[-12.52891,9.70907],[-12.52566,9.70587],[-12.52241,9.70542],[-12.51941,9.70727],[-12.51928,9.71143],[-12.5192,9.71416],[-12.52809,9.73643],[-12.52556,9.74173],[-12.52302,9.74335],[-12.50911,9.74294],[-12.50727,9.74593],[-12.50844,9.74938],[-12.51842,9.75394],[-12.51866,9.75647],[-12.51243,9.76339],[-12.51132,9.77512],[-12.5014,9.78917],[-12.50031,9.80802],[-12.49731,9.81034],[-12.49128,9.81128],[-12.49017,9.826],[-12.49228,9.82898],[-12.49668,9.82988],[-12.49947,9.83217],[-12.50064,9.8347],[-12.49887,9.83932],[-12.49901,9.84365],[-12.4801,9.85547],[-12.4569,9.85464],[-12.45251,9.85719],[-12.4435,9.86619],[-12.43752,9.87748],[-12.43174,9.88163],[-12.39373,9.88776],[-12.38804,9.889],[-12.37126,9.89267],[-12.36593,9.89568],[-12.35318,9.89618],[-12.28921,9.90882],[-12.28736,9.91089],[-12.26455,9.91611],[-12.22711,9.92465],[-12.2227,9.92443],[-12.21526,9.91871],[-12.21293,9.91412],[-12.20502,9.90702],[-12.17738,9.89744],[-12.15692,9.8821],[-12.15296,9.88005],[-12.14827,9.87764],[-12.15875,9.93462],[-12.16766,9.95324],[-12.17271,9.97518],[-12.1642,9.99952],[-12.13827,10.00777],[-12.12842,10.02492],[-12.1251,10.03862],[-12.13348,10.07693],[-12.1384,10.0889],[-12.14651,10.09967],[-12.15675,10.12574],[-12.16513,10.13585],[-12.18601,10.15101],[-12.19453,10.17388],[-12.19506,10.18253],[-12.20317,10.1929],[-12.21009,10.19689],[-12.21767,10.20487],[-12.22711,10.22589],[-12.22618,10.23639],[-12.22924,10.25036],[-12.22738,10.2586],[-12.23004,10.27071],[-12.23577,10.27313],[-12.24201,10.27576],[-12.25863,10.27816],[-12.27033,10.27536],[-12.28443,10.27536],[-12.33245,10.28667],[-12.34295,10.28427],[-12.3621,10.26525],[-12.37341,10.26472],[-12.38618,10.26885],[-12.40147,10.26885],[-12.41557,10.27164],[-12.4185,10.2739],[-12.41863,10.28507],[-12.42289,10.30183],[-12.4314,10.31899],[-12.43938,10.32218],[-12.44323,10.35969],[-12.44204,10.36673],[-12.42727,10.38389],[-12.40959,10.45358],[-12.39562,10.47061],[-12.39972,10.48109],[-12.40134,10.48524],[-12.40985,10.49056],[-12.41956,10.49189],[-12.42767,10.50027],[-12.44417,10.50013],[-12.45161,10.50612],[-12.44457,10.52726],[-12.45773,10.54402],[-12.46664,10.54934],[-12.48367,10.54655],[-12.49072,10.54775],[-12.49776,10.55373],[-12.50096,10.55985],[-12.50654,10.5649],[-12.50854,10.57421],[-12.50747,10.60507],[-12.49245,10.61864],[-12.49618,10.62576],[-12.4983,10.62981],[-12.50375,10.63553],[-12.51732,10.63021],[-12.52397,10.62209],[-12.53394,10.61983],[-12.54365,10.61265],[-12.55921,10.60268],[-12.57251,10.58339],[-12.58315,10.58007],[-12.60669,10.56198],[-12.61773,10.55666],[-12.62505,10.55852],[-12.63742,10.55892],[-12.64203,10.55672],[-12.64965,10.55307],[-12.68636,10.51982],[-12.69873,10.5121],[-12.70059,10.50559],[-12.71589,10.49042],[-12.72586,10.4847],[-12.74514,10.48125],[-12.75352,10.48776],[-12.75432,10.49362],[-12.75845,10.49827],[-12.7651,10.49574],[-12.77188,10.50426],[-12.78012,10.51662],[-12.79741,10.51676],[-12.8038,10.52647],[-12.81577,10.53338],[-12.8284,10.53418],[-12.84237,10.52966],[-12.85434,10.53086],[-12.86458,10.5387],[-12.87269,10.54456],[-12.8816,10.54682],[-12.89903,10.52899],[-12.91671,10.51569],[-12.9227,10.51343],[-12.94704,10.51796],[-12.9509,10.53139],[-12.95223,10.54921],[-12.95462,10.55892],[-12.96167,10.56956],[-12.97391,10.57701],[-12.97909,10.58791],[-12.98175,10.60281],[-12.97417,10.61159],[-12.97124,10.61212],[-12.96872,10.60613],[-12.96393,10.60587],[-12.95808,10.62901],[-12.94052,10.65761],[-12.94278,10.66319],[-12.95302,10.66638],[-12.95302,10.68806],[-12.9481,10.69923],[-12.93573,10.71506],[-12.93081,10.72903],[-12.93866,10.73993],[-12.94531,10.74485],[-12.95515,10.75775],[-12.9622,10.79606],[-12.95688,10.80377],[-12.96353,10.80949],[-12.96659,10.81973],[-12.95888,10.84527],[-12.96034,10.86509],[-12.9477,10.89714],[-12.94518,10.93584],[-12.93294,10.95473],[-12.90754,10.96364],[-12.90089,10.97508],[-12.89943,10.98665],[-12.88972,10.99702],[-12.86006,11.00912],[-12.85394,11.03054],[-12.84543,11.02947],[-12.82707,11.0175],[-12.82295,11.02668],[-12.81776,11.05514],[-12.81165,11.06738],[-12.81005,11.07642],[-12.79608,11.08334],[-12.79582,11.08347],[-12.7893,11.09291],[-12.78771,11.10302],[-12.78877,11.11114],[-12.79688,11.11699],[-12.83718,11.12736],[-12.84755,11.13907],[-12.85899,11.14412],[-12.87083,11.14359],[-12.87974,11.13946],[-12.89291,11.12138],[-12.911,11.10555],[-12.92563,11.09863],[-12.95249,11.10542],[-12.95888,11.11114],[-12.9618,11.12284],[-12.96127,11.15542],[-12.96885,11.17285],[-12.9751,11.18322],[-12.97653,11.18191],[-12.97663,11.18323],[-12.98648,11.1871],[-12.99636,11.18952],[-12.99699,11.18968],[-13.00224,11.19097],[-13.01144,11.19032],[-13.01669,11.1871],[-13.0226,11.18968],[-13.0364,11.18516],[-13.03968,11.18387],[-13.04888,11.18452],[-13.05413,11.18581],[-13.05807,11.18645],[-13.06201,11.1871],[-13.06464,11.1871],[-13.06989,11.18387],[-13.07975,11.1813],[-13.08829,11.17807],[-13.09354,11.17678],[-13.10077,11.1742],[-13.10405,11.1742],[-13.10668,11.17485],[-13.1093,11.17485],[-13.11193,11.17485],[-13.1185,11.17807],[-13.1231,11.17549],[-13.12901,11.17292],[-13.13163,11.17034],[-13.13426,11.16647],[-13.13558,11.16454],[-13.1428,11.16196],[-13.15003,11.15809],[-13.15856,11.15358],[-13.16907,11.14842],[-13.1763,11.14584],[-13.18287,11.14197],[-13.18746,11.1394],[-13.19206,11.1381],[-13.19797,11.13682],[-13.20651,11.13617],[-13.21308,11.13553],[-13.21702,11.13359],[-13.22096,11.13295],[-13.21703,11.11778],[-13.20454,11.08782],[-13.19735,11.06472],[-13.19751,11.06465],[-13.20173,11.06299],[-13.20812,11.06179],[-13.2137,11.05887],[-13.21553,11.05891],[-13.23254,11.09956],[-13.23392,11.14382],[-13.25906,11.18229],[-13.26424,11.22937],[-13.27209,11.26382],[-13.28233,11.27925],[-13.28286,11.28922],[-13.2673,11.32992],[-13.27568,11.34521],[-13.28379,11.34827],[-13.29516,11.34777],[-13.31399,11.34694],[-13.32516,11.33923],[-13.34817,11.33737],[-13.36971,11.32367],[-13.39379,11.31409],[-13.41573,11.2964],[-13.42996,11.29135],[-13.44725,11.29148],[-13.44991,11.30625],[-13.42943,11.35838],[-13.43621,11.37314],[-13.443,11.37807],[-13.46946,11.3782],[-13.47997,11.37394],[-13.50457,11.37873],[-13.51295,11.3782],[-13.52772,11.38166],[-13.55605,11.38299],[-13.57093,11.38089],[-13.57679,11.38006],[-13.59754,11.35679],[-13.626,11.3375],[-13.63558,11.33285],[-13.68572,11.32753],[-13.69463,11.33484],[-13.70275,11.33723],[-13.7324,11.33311],[-13.73865,11.33444],[-13.75355,11.32487],[-13.78454,11.31436],[-13.79611,11.30851],[-13.80662,11.29853],[-13.81766,11.29295],[-13.83242,11.29122],[-13.84293,11.29667],[-13.84186,11.28802],[-13.83082,11.28084],[-13.82856,11.2706],[-13.81021,11.26515],[-13.80821,11.25743],[-13.79997,11.24999],[-13.79318,11.25198],[-13.78161,11.23669],[-13.7735,11.23389],[-13.77151,11.22857],[-13.77217,11.21966],[-13.78121,11.21062],[-13.78853,11.19812],[-13.78068,11.19333],[-13.75741,11.19],[-13.74677,11.17684],[-13.74012,11.1517],[-13.7457,11.13534],[-13.74398,11.11965],[-13.76273,11.09358],[-13.78813,11.08547],[-13.79837,11.08015],[-13.80063,11.05315],[-13.80835,11.05421],[-13.81646,11.04942],[-13.81832,11.03626],[-13.7727,10.98186],[-13.76938,10.97454],[-13.77377,10.95792],[-13.77004,10.96364],[-13.76898,10.9534],[-13.77696,10.93744],[-13.8118,10.91124],[-13.85184,10.8986],[-13.87498,10.87825],[-13.9198,10.86189],[-13.92765,10.8462],[-13.93084,10.82665],[-13.94321,10.80417],[-13.97167,10.76427],[-13.97726,10.73993],[-13.98072,10.73568],[-13.97925,10.72011],[-13.97101,10.72078],[-13.95717,10.70987],[-13.91887,10.66559],[-13.9065,10.66279],[-13.89892,10.66997],[-13.90437,10.68128],[-13.90358,10.68593],[-13.89945,10.68806],[-13.88602,10.68154],[-13.88083,10.68487],[-13.8787,10.71586],[-13.87485,10.72663],[-13.867,10.73607],[-13.86168,10.73927],[-13.84785,10.73169],[-13.82803,10.72943],[-13.82072,10.73302],[-13.81566,10.74113],[-13.80396,10.74126],[-13.79491,10.75563],[-13.78161,10.75257],[-13.76366,10.72956],[-13.75196,10.7249],[-13.74531,10.7277],[-13.72243,10.72996],[-13.71604,10.7261],[-13.70806,10.6975],[-13.69809,10.7011],[-13.68373,10.69471],[-13.68679,10.68793],[-13.68373,10.68593],[-13.68426,10.68314],[-13.67974,10.68221],[-13.67561,10.67423],[-13.67162,10.67277],[-13.66817,10.66612],[-13.65247,10.66825],[-13.59967,10.71147],[-13.59914,10.71573],[-13.56802,10.74086],[-13.51748,10.79021],[-13.49207,10.80337],[-13.47944,10.8047],[-13.46687,10.80184],[-13.466,10.80164],[-13.4688,10.79978],[-13.46467,10.7918],[-13.45191,10.7785],[-13.44007,10.77292],[-13.4398,10.7656],[-13.43648,10.76148],[-13.43568,10.73754],[-13.44619,10.71852],[-13.44473,10.68899],[-13.4434,10.68407],[-13.44395,10.6835],[-13.44354,10.68311],[-13.44021,10.68377],[-13.43223,10.68246],[-13.42557,10.68508],[-13.42291,10.68769],[-13.41559,10.68769],[-13.4116,10.68965],[-13.40694,10.69358],[-13.40361,10.69619],[-13.40162,10.6975],[-13.39429,10.69815],[-13.38498,10.689],[-13.38365,10.68508],[-13.37633,10.68508],[-13.36967,10.68311],[-13.36701,10.68181],[-13.35104,10.66023],[-13.35095,10.66024],[-13.35083,10.66053],[-13.35708,10.64484],[-13.37277,10.6314],[-13.37211,10.62755],[-13.37743,10.61983],[-13.38607,10.61491],[-13.39578,10.60015],[-13.40057,10.59656],[-13.40323,10.58406],[-13.39645,10.57834],[-13.38461,10.56158],[-13.38474,10.55453],[-13.38873,10.54309],[-13.39604,10.5174],[-13.39618,10.51689],[-13.39627,10.51689],[-13.40065,10.50612],[-13.40463,10.49998],[-13.41144,10.49608],[-13.41656,10.49161],[-13.41883,10.49105],[-13.43245,10.49663],[-13.44154,10.49552],[-13.44552,10.49329],[-13.45233,10.48603],[-13.45971,10.47877],[-13.46198,10.47598],[-13.46709,10.47598],[-13.46993,10.47542],[-13.47504,10.47766],[-13.47902,10.47989],[-13.48129,10.47989],[-13.48527,10.47877],[-13.49265,10.46984],[-13.49719,10.46258],[-13.49776,10.45254],[-13.50855,10.45254],[-13.51927,10.42779],[-13.50737,10.41182],[-13.49899,10.40304],[-13.49925,10.39639],[-13.50324,10.39307],[-13.50311,10.38229],[-13.522,10.35835],[-13.53038,10.35131],[-13.54142,10.34705],[-13.55059,10.33734],[-13.55272,10.3259],[-13.55738,10.31008],[-13.58331,10.25794],[-13.59408,10.25289],[-13.60898,10.25049],[-13.62494,10.25222],[-13.64236,10.26299],[-13.65486,10.2759],[-13.66524,10.27895],[-13.67228,10.28923],[-13.69285,10.27666],[-13.71991,10.27],[-13.73119,10.27666],[-13.74359,10.27777],[-13.75712,10.27777],[-13.76799,10.27884],[-13.77097,10.26286],[-13.8009,10.22961],[-13.80941,10.22309],[-13.81486,10.19955],[-13.83535,10.1663],[-13.86328,10.15048],[-13.87032,10.1526],[-13.90105,10.13026],[-13.90637,10.12414],[-13.9065,10.10871],[-13.90171,10.10286],[-13.88868,10.08504],[-13.87032,10.06669],[-13.86434,10.05631],[-13.84239,10.03197],[-13.81619,10.01561],[-13.80382,10.00524],[-13.75102,9.98037],[-13.74038,9.97332],[-13.729,9.97208],[-13.72216,9.97133],[-13.70075,9.96428],[-13.6933,9.95856],[-13.69299,9.958],[-13.69285,9.95814],[-13.68722,9.96036],[-13.67751,9.95639],[-13.68424,9.93813]]],[[[-13.32015,9.14776],[-13.32062,9.15006],[-13.3241,9.15141],[-13.31859,9.15788],[-13.31977,9.16063],[-13.32323,9.159],[-13.32689,9.153],[-13.32569,9.14635],[-13.32015,9.14776]]],[[[-13.4202,9.27074],[-13.42138,9.27349],[-13.43042,9.27688],[-13.43412,9.27639],[-13.43568,9.26857],[-13.43474,9.26651],[-13.42989,9.26654],[-13.42802,9.26494],[-13.42179,9.26614],[-13.4202,9.27074]]],[[[-13.76504,9.82404],[-13.76183,9.8282],[-13.75371,9.836],[-13.75194,9.83771],[-13.73302,9.84889],[-13.73101,9.85092],[-13.73367,9.85189],[-13.74785,9.84694],[-13.76146,9.83947],[-13.77234,9.838],[-13.77858,9.83473],[-13.7845,9.8225],[-13.7849,9.81514],[-13.77879,9.80461],[-13.77067,9.80422],[-13.76504,9.82404]]],[[[-13.69536,9.89287],[-13.68847,9.90074],[-13.68664,9.90705],[-13.68886,9.92051],[-13.69638,9.90528],[-13.69516,9.90217],[-13.6984,9.89653],[-13.69744,9.89216],[-13.69536,9.89287]]]]},"properties":{"area_code":"kindia","area_name":"Kindia","area_unit_id":"gn-region-2014-geoboundaries-adm1:kindia","boundary_set_id":"gn-region-2014-geoboundaries-adm1","boundary_level":"region","boundary_vintage":"2017","boundary_source":"geoBoundaries GIN ADM1; source World Food Programme, OCHA ROWCA","boundary_licence":"CC BY 3.0 IGO"}},
{"type":"Feature","geometry":{"type":"Polygon","coordinates":[[[-12.99636,11.18952],[-12.98648,11.1871],[-12.97663,11.18323],[-12.97653,11.18191],[-12.9751,11.18322],[-12.96885,11.17285],[-12.96127,11.15542],[-12.9618,11.12284],[-12.95888,11.11114],[-12.95249,11.10542],[-12.92563,11.09863],[-12.911,11.10555],[-12.89291,11.12138],[-12.87974,11.13946],[-12.87083,11.14359],[-12.85899,11.14412],[-12.84755,11.13907],[-12.83718,11.12736],[-12.79688,11.11699],[-12.78877,11.11114],[-12.77761,11.12397],[-12.77606,11.13295],[-12.76387,11.14989],[-12.75898,11.16461],[-12.75735,11.17858],[-12.7577,11.18712],[-12.75513,11.19639],[-12.74967,11.20415],[-12.74105,11.21319],[-12.7328,11.21327],[-12.7312,11.22007],[-12.73124,11.23179],[-12.72819,11.23555],[-12.72076,11.23679],[-12.71412,11.23844],[-12.70807,11.24094],[-12.7013,11.25839],[-12.69055,11.26034],[-12.67935,11.26272],[-12.66528,11.27129],[-12.65586,11.2816],[-12.65161,11.2904],[-12.64706,11.2999],[-12.65147,11.30402],[-12.65575,11.30581],[-12.66014,11.31143],[-12.65627,11.31584],[-12.64641,11.31638],[-12.63886,11.32385],[-12.63725,11.32854],[-12.62438,11.32297],[-12.60782,11.32734],[-12.60351,11.3283],[-12.5961,11.32992],[-12.58087,11.33787],[-12.56818,11.33772],[-12.56339,11.32324],[-12.55329,11.31668],[-12.5406,11.31565],[-12.52893,11.30592],[-12.52295,11.29294],[-12.50766,11.29587],[-12.49701,11.28577],[-12.49645,11.27366],[-12.50342,11.25726],[-12.50306,11.24559],[-12.50215,11.23212],[-12.49738,11.2244],[-12.49669,11.20892],[-12.49327,11.19806],[-12.4913,11.19213],[-12.48858,11.18033],[-12.48677,11.1721],[-12.48488,11.16697],[-12.4797,11.15565],[-12.47499,11.15104],[-12.46439,11.14767],[-12.45527,11.14719],[-12.44507,11.14547],[-12.43858,11.13901],[-12.43533,11.13577],[-12.42472,11.1313],[-12.41634,11.14186],[-12.41252,11.15784],[-12.4045,11.16365],[-12.39877,11.17345],[-12.39529,11.18123],[-12.38665,11.17986],[-12.3804,11.17569],[-12.36776,11.17383],[-12.32492,11.18155],[-12.29254,11.19367],[-12.27695,11.1929],[-12.2649,11.18538],[-12.25642,11.16672],[-12.24472,11.14895],[-12.23732,11.14351],[-12.21822,11.15264],[-12.20899,11.16225],[-12.20836,11.16342],[-12.19075,11.17387],[-12.17251,11.18549],[-12.16214,11.19194],[-12.14971,11.21729],[-12.14208,11.24426],[-12.13413,11.27354],[-12.12022,11.2868],[-12.09903,11.29282],[-12.07362,11.29361],[-12.06354,11.2955],[-12.05055,11.29792],[-12.03171,11.28821],[-12.01167,11.29091],[-12.00272,11.27885],[-11.99651,11.26001],[-11.98129,11.25646],[-11.97734,11.24609],[-11.97174,11.23212],[-11.96156,11.21837],[-11.95714,11.21671],[-11.91391,11.20472],[-11.89596,11.19544],[-11.87887,11.17787],[-11.8733,11.15701],[-11.87181,11.14492],[-11.87842,11.14553],[-11.8783,11.1437],[-11.88957,11.11863],[-11.89515,11.09979],[-11.89488,11.08489],[-11.88746,11.06802],[-11.88221,11.05219],[-11.86614,11.02861],[-11.86313,11.02553],[-11.83218,11.00748],[-11.80486,10.99861],[-11.78317,10.99685],[-11.76651,10.99303],[-11.75292,10.99319],[-11.74293,10.98745],[-11.70851,11.01972],[-11.70426,11.03368],[-11.6884,11.04127],[-11.67897,11.04933],[-11.67359,11.05346],[-11.66789,11.05967],[-11.66125,11.06864],[-11.65807,11.072],[-11.64953,11.08119],[-11.64329,11.08419],[-11.62386,11.07508],[-11.61207,11.07768],[-11.59515,11.08443],[-11.5774,11.09649],[-11.56115,11.10985],[-11.53899,11.13983],[-11.50555,11.18538],[-11.46415,11.20518],[-11.44666,11.21746],[-11.40558,11.22761],[-11.39091,11.23287],[-11.3857,11.23219],[-11.38752,11.23853],[-11.38939,11.24923],[-11.39283,11.26924],[-11.37983,11.26738],[-11.36631,11.25984],[-11.34621,11.25633],[-11.35173,11.2692],[-11.33679,11.26749],[-11.33695,11.30838],[-11.31788,11.33712],[-11.28983,11.36747],[-11.26774,11.4014],[-11.23999,11.40658],[-11.22375,11.41886],[-11.21217,11.42306],[-11.18992,11.42407],[-11.18068,11.43104],[-11.17104,11.43831],[-11.16025,11.44719],[-11.14309,11.46223],[-11.13143,11.46599],[-11.12328,11.47875],[-11.12569,11.49229],[-11.12697,11.50142],[-11.12,11.50505],[-11.12105,11.5176],[-11.12765,11.52264],[-11.13659,11.53037],[-11.15202,11.53589],[-11.16838,11.53786],[-11.17556,11.53713],[-11.19632,11.53704],[-11.20291,11.5518],[-11.21318,11.56217],[-11.21332,11.57396],[-11.20899,11.58524],[-11.19234,11.58948],[-11.17612,11.5989],[-11.16622,11.60382],[-11.16009,11.61332],[-11.14963,11.62412],[-11.14416,11.62847],[-11.14988,11.6387],[-11.1585,11.64357],[-11.16524,11.64716],[-11.16498,11.65456],[-11.15573,11.66837],[-11.14149,11.68657],[-11.12171,11.69472],[-11.10083,11.69177],[-11.08967,11.70696],[-11.07997,11.73027],[-11.07034,11.74988],[-11.07475,11.78532],[-11.07257,11.81099],[-11.07354,11.83729],[-11.0768,11.85575],[-11.07172,11.86909],[-11.05964,11.87753],[-11.04788,11.88329],[-11.05284,11.88946],[-11.06866,11.89241],[-11.08257,11.89695],[-11.09321,11.90983],[-11.10088,11.91984],[-11.11256,11.9209],[-11.12317,11.92003],[-11.1285,11.91732],[-11.14289,11.92508],[-11.15221,11.93216],[-11.15992,11.94159],[-11.15555,11.95577],[-11.15444,11.97938],[-11.15278,11.9921],[-11.15484,12.01085],[-11.16111,12.02456],[-11.16552,12.03104],[-11.16659,12.03262],[-11.17274,12.02893],[-11.17882,12.02042],[-11.1842,12.01744],[-11.19202,12.01453],[-11.21259,12.01776],[-11.22404,12.01202],[-11.2383,11.99592],[-11.24695,11.99247],[-11.25747,11.99248],[-11.2971,12.01324],[-11.30453,12.01713],[-11.30457,12.01715],[-11.3124,12.02125],[-11.35518,12.05392],[-11.36176,12.05994],[-11.36035,12.07904],[-11.37095,12.09925],[-11.376,12.10389],[-11.38511,12.10827],[-11.39796,12.10827],[-11.41105,12.11173],[-11.43305,12.11955],[-11.43956,12.12187],[-11.46411,12.13361],[-11.46902,12.13867],[-11.47322,12.14902],[-11.47845,12.15625],[-11.48164,12.16068],[-11.4945,12.17847],[-11.4959,12.18606],[-11.4945,12.19595],[-11.49777,12.20952],[-11.49775,12.20953],[-11.49777,12.20953],[-11.49239,12.21459],[-11.49154,12.21614],[-11.49019,12.2186],[-11.48257,12.23253],[-11.47649,12.2385],[-11.46316,12.24172],[-11.45871,12.24908],[-11.4531,12.25299],[-11.45193,12.26587],[-11.44982,12.27116],[-11.44327,12.27323],[-11.43859,12.27783],[-11.43485,12.2868],[-11.43367,12.29738],[-11.43788,12.30474],[-11.43748,12.3091],[-11.43671,12.31739],[-11.43974,12.33465],[-11.45004,12.35052],[-11.44863,12.3549],[-11.44185,12.35765],[-11.43997,12.3634],[-11.43974,12.37076],[-11.43966,12.37861],[-11.43719,12.38197],[-11.43213,12.38349],[-11.42593,12.38548],[-11.41633,12.39537],[-11.41399,12.39513],[-11.41282,12.39122],[-11.4147,12.38295],[-11.41283,12.37788],[-11.40862,12.37765],[-11.40253,12.3834],[-11.39949,12.38202],[-11.39294,12.38385],[-11.38861,12.38369],[-11.3803,12.38338],[-11.37375,12.38936],[-11.37515,12.39465],[-11.37468,12.40224],[-11.38052,12.41122],[-11.37946,12.41356],[-11.40071,12.41528],[-11.40867,12.41758],[-11.43302,12.43161],[-11.45971,12.44149],[-11.47792,12.44183],[-11.53135,12.44284],[-11.55007,12.44029],[-11.58144,12.43314],[-11.60039,12.42807],[-11.60039,12.42692],[-11.60372,12.42664],[-11.63901,12.42366],[-11.64815,12.42549],[-11.66383,12.4234],[-11.67201,12.41995],[-11.68791,12.40958],[-11.70335,12.39691],[-11.71247,12.39345],[-11.72264,12.39229],[-11.76161,12.38786],[-11.78573,12.39358],[-11.81382,12.39284],[-11.8494,12.39738],[-11.85001,12.39762],[-11.86065,12.40174],[-11.88246,12.41918],[-11.88714,12.41986],[-11.89395,12.42721],[-11.90332,12.43087],[-11.91268,12.43039],[-11.93186,12.42529],[-11.93419,12.42207],[-11.95874,12.40706],[-11.96067,12.40643],[-11.97768,12.40082],[-11.99874,12.39686],[-12.01676,12.39659],[-12.02496,12.39956],[-12.03622,12.40689],[-12.03716,12.4108],[-12.04961,12.42319],[-12.073,12.41899],[-12.0757,12.4175],[-12.08209,12.42134],[-12.08865,12.42202],[-12.09684,12.42131],[-12.1132,12.41231],[-12.13001,12.39502],[-12.13982,12.38856],[-12.15919,12.36805],[-12.16598,12.36849],[-12.17251,12.36273],[-12.17564,12.36161],[-12.17836,12.36064],[-12.18568,12.36093],[-12.18914,12.35864],[-12.21067,12.35811],[-12.23476,12.35506],[-12.29201,12.33118],[-12.29785,12.32702],[-12.30565,12.32407],[-12.30953,12.32261],[-12.33078,12.31149],[-12.34363,12.30731],[-12.35322,12.30728],[-12.36003,12.31139],[-12.36802,12.32148],[-12.36874,12.32539],[-12.3765,12.33341],[-12.37745,12.33686],[-12.38993,12.35614],[-12.40037,12.36547],[-12.40402,12.36874],[-12.41435,12.37445],[-12.43451,12.38242],[-12.44953,12.39157],[-12.47414,12.39906],[-12.48936,12.40061],[-12.4966,12.39759],[-12.50568,12.39733],[-12.5062,12.39732],[-12.51761,12.38945],[-12.54376,12.37141],[-12.55545,12.3679],[-12.56208,12.36838],[-12.56314,12.3674],[-12.56121,12.36503],[-12.5647,12.35455],[-12.60727,12.33512],[-12.63078,12.31756],[-12.65843,12.30642],[-12.69496,12.28753],[-12.72136,12.27195],[-12.75121,12.25392],[-12.7688,12.22195],[-12.78739,12.19769],[-12.80402,12.17558],[-12.81544,12.16014],[-12.82631,12.14489],[-12.82676,12.14425],[-12.81944,12.14013],[-12.81761,12.13595],[-12.81215,12.13238],[-12.81588,12.12264],[-12.80931,12.11247],[-12.80676,12.09812],[-12.8193,12.07728],[-12.81778,12.06172],[-12.82977,12.05693],[-12.82831,12.04498],[-12.82611,12.02672],[-12.82345,12.01779],[-12.82169,12.00292],[-12.81391,11.99813],[-12.79956,11.99549],[-12.78793,11.98978],[-12.77543,11.9782],[-12.792,11.96135],[-12.79951,11.95068],[-12.80586,11.94373],[-12.80971,11.93804],[-12.80841,11.93604],[-12.78831,11.91539],[-12.76929,11.89699],[-12.76033,11.86324],[-12.76304,11.85482],[-12.77111,11.84044],[-12.78352,11.84009],[-12.79529,11.83595],[-12.80246,11.83343],[-12.7971,11.81317],[-12.80138,11.79447],[-12.79985,11.78548],[-12.7981,11.77524],[-12.78153,11.75444],[-12.7877,11.73909],[-12.78883,11.72327],[-12.79303,11.71969],[-12.80458,11.71253],[-12.81906,11.70613],[-12.81856,11.69615],[-12.80909,11.68635],[-12.79591,11.6818],[-12.78382,11.68629],[-12.78226,11.67829],[-12.77797,11.67242],[-12.77046,11.66356],[-12.76994,11.64977],[-12.76371,11.64182],[-12.7502,11.6386],[-12.75025,11.62748],[-12.74397,11.63079],[-12.74108,11.6248],[-12.73367,11.62547],[-12.73295,11.62102],[-12.72534,11.62113],[-12.72179,11.61175],[-12.70789,11.62372],[-12.70139,11.61601],[-12.70119,11.60655],[-12.70735,11.59535],[-12.71116,11.59395],[-12.70651,11.58253],[-12.69998,11.5714],[-12.69408,11.56374],[-12.69697,11.55926],[-12.70376,11.56634],[-12.71014,11.55985],[-12.72908,11.54453],[-12.73871,11.53399],[-12.75306,11.53103],[-12.75834,11.52574],[-12.75798,11.50954],[-12.76425,11.4938],[-12.78147,11.48819],[-12.78784,11.47436],[-12.79694,11.46637],[-12.81896,11.46238],[-12.83381,11.45642],[-12.85252,11.44477],[-12.87093,11.43934],[-12.88788,11.42226],[-12.90035,11.40471],[-12.90366,11.40158],[-12.89952,11.39924],[-12.91912,11.39054],[-12.93049,11.38497],[-12.94595,11.37393],[-12.96549,11.35697],[-12.98428,11.33201],[-12.9734,11.31255],[-12.95641,11.29291],[-12.97725,11.27795],[-12.99106,11.26676],[-12.98996,11.25327],[-12.9843,11.24207],[-12.97599,11.22648],[-12.97555,11.21535],[-12.985,11.20055],[-12.99568,11.19006],[-12.99636,11.18952]]]},"properties":{"area_code":"labe","area_name":"Labé","area_unit_id":"gn-region-2014-geoboundaries-adm1:labe","boundary_set_id":"gn-region-2014-geoboundaries-adm1","boundary_level":"region","boundary_vintage":"2017","boundary_source":"geoBoundaries GIN ADM1; source World Food Programme, OCHA ROWCA","boundary_licence":"CC BY 3.0 IGO"}},
{"type":"Feature","geometry":{"type":"Polygon","coordinates":[[[-11.33679,11.26749],[-11.35173,11.2692],[-11.34621,11.25633],[-11.36631,11.25984],[-11.37983,11.26738],[-11.39283,11.26924],[-11.38939,11.24923],[-11.38752,11.23853],[-11.3857,11.23219],[-11.39091,11.23287],[-11.40558,11.22761],[-11.44666,11.21746],[-11.46415,11.20518],[-11.50555,11.18538],[-11.53899,11.13983],[-11.56115,11.10985],[-11.5774,11.09649],[-11.59515,11.08443],[-11.61207,11.07768],[-11.62386,11.07508],[-11.64329,11.08419],[-11.64953,11.08119],[-11.65807,11.072],[-11.66125,11.06864],[-11.66789,11.05967],[-11.67359,11.05346],[-11.67897,11.04933],[-11.6884,11.04127],[-11.70426,11.03368],[-11.70851,11.01972],[-11.74293,10.98745],[-11.75292,10.99319],[-11.76651,10.99303],[-11.78317,10.99685],[-11.80486,10.99861],[-11.83218,11.00748],[-11.86313,11.02553],[-11.86614,11.02861],[-11.88221,11.05219],[-11.88746,11.06802],[-11.89488,11.08489],[-11.89515,11.09979],[-11.88957,11.11863],[-11.8783,11.1437],[-11.87842,11.14553],[-11.87181,11.14492],[-11.8733,11.15701],[-11.87887,11.17787],[-11.89596,11.19544],[-11.91391,11.20472],[-11.95714,11.21671],[-11.96156,11.21837],[-11.97174,11.23212],[-11.97734,11.24609],[-11.98129,11.25646],[-11.99651,11.26001],[-12.00272,11.27885],[-12.01167,11.29091],[-12.03171,11.28821],[-12.05055,11.29792],[-12.06354,11.2955],[-12.07362,11.29361],[-12.09903,11.29282],[-12.12022,11.2868],[-12.13413,11.27354],[-12.14208,11.24426],[-12.14971,11.21729],[-12.16214,11.19194],[-12.17251,11.18549],[-12.19075,11.17387],[-12.20836,11.16342],[-12.20899,11.16225],[-12.21822,11.15264],[-12.23732,11.14351],[-12.24472,11.14895],[-12.25642,11.16672],[-12.2649,11.18538],[-12.27695,11.1929],[-12.29254,11.19367],[-12.32492,11.18155],[-12.36776,11.17383],[-12.3804,11.17569],[-12.38665,11.17986],[-12.39529,11.18123],[-12.39877,11.17345],[-12.4045,11.16365],[-12.41252,11.15784],[-12.41634,11.14186],[-12.42472,11.1313],[-12.43533,11.13577],[-12.43858,11.13901],[-12.44507,11.14547],[-12.45527,11.14719],[-12.46439,11.14767],[-12.47499,11.15104],[-12.4797,11.15565],[-12.48488,11.16697],[-12.48677,11.1721],[-12.48858,11.18033],[-12.4913,11.19213],[-12.49327,11.19806],[-12.49669,11.20892],[-12.49738,11.2244],[-12.50215,11.23212],[-12.50306,11.24559],[-12.50342,11.25726],[-12.49645,11.27366],[-12.49701,11.28577],[-12.50766,11.29587],[-12.52295,11.29294],[-12.52893,11.30592],[-12.5406,11.31565],[-12.55329,11.31668],[-12.56339,11.32324],[-12.56818,11.33772],[-12.58087,11.33787],[-12.5961,11.32992],[-12.60351,11.3283],[-12.60782,11.32734],[-12.62438,11.32297],[-12.63725,11.32854],[-12.63886,11.32385],[-12.64641,11.31638],[-12.65627,11.31584],[-12.66014,11.31143],[-12.65575,11.30581],[-12.65147,11.30402],[-12.64706,11.2999],[-12.65161,11.2904],[-12.65586,11.2816],[-12.66528,11.27129],[-12.67935,11.26272],[-12.69055,11.26034],[-12.7013,11.25839],[-12.70807,11.24094],[-12.71412,11.23844],[-12.72076,11.23679],[-12.72819,11.23555],[-12.73124,11.23179],[-12.7312,11.22007],[-12.7328,11.21327],[-12.74105,11.21319],[-12.74967,11.20415],[-12.75513,11.19639],[-12.7577,11.18712],[-12.75735,11.17858],[-12.75898,11.16461],[-12.76387,11.14989],[-12.77606,11.13295],[-12.77761,11.12397],[-12.78877,11.11114],[-12.78771,11.10302],[-12.7893,11.09291],[-12.79582,11.08347],[-12.79608,11.08334],[-12.81005,11.07642],[-12.81165,11.06738],[-12.81776,11.05514],[-12.82295,11.02668],[-12.82707,11.0175],[-12.84543,11.02947],[-12.85394,11.03054],[-12.86006,11.00912],[-12.88972,10.99702],[-12.89943,10.98665],[-12.90089,10.97508],[-12.90754,10.96364],[-12.93294,10.95473],[-12.94518,10.93584],[-12.9477,10.89714],[-12.96034,10.86509],[-12.95888,10.84527],[-12.96659,10.81973],[-12.96353,10.80949],[-12.95688,10.80377],[-12.9622,10.79606],[-12.95515,10.75775],[-12.94531,10.74485],[-12.93866,10.73993],[-12.93081,10.72903],[-12.93573,10.71506],[-12.9481,10.69923],[-12.95302,10.68806],[-12.95302,10.66638],[-12.94278,10.66319],[-12.94052,10.65761],[-12.95808,10.62901],[-12.96393,10.60587],[-12.96872,10.60613],[-12.97124,10.61212],[-12.97417,10.61159],[-12.98175,10.60281],[-12.97909,10.58791],[-12.97391,10.57701],[-12.96167,10.56956],[-12.95462,10.55892],[-12.95223,10.54921],[-12.9509,10.53139],[-12.94704,10.51796],[-12.9227,10.51343],[-12.91671,10.51569],[-12.89903,10.52899],[-12.8816,10.54682],[-12.87269,10.54456],[-12.86458,10.5387],[-12.85434,10.53086],[-12.84237,10.52966],[-12.8284,10.53418],[-12.81577,10.53338],[-12.8038,10.52647],[-12.79741,10.51676],[-12.78012,10.51662],[-12.77188,10.50426],[-12.7651,10.49574],[-12.75845,10.49827],[-12.75432,10.49362],[-12.75352,10.48776],[-12.74514,10.48125],[-12.72586,10.4847],[-12.71589,10.49042],[-12.70059,10.50559],[-12.69873,10.5121],[-12.68636,10.51982],[-12.64965,10.55307],[-12.64203,10.55672],[-12.63742,10.55892],[-12.62505,10.55852],[-12.61773,10.55666],[-12.60669,10.56198],[-12.58315,10.58007],[-12.57251,10.58339],[-12.55921,10.60268],[-12.54365,10.61265],[-12.53394,10.61983],[-12.52397,10.62209],[-12.51732,10.63021],[-12.50375,10.63553],[-12.4983,10.62981],[-12.49618,10.62576],[-12.49245,10.61864],[-12.50747,10.60507],[-12.50854,10.57421],[-12.50654,10.5649],[-12.50096,10.55985],[-12.49776,10.55373],[-12.49072,10.54775],[-12.48367,10.54655],[-12.46664,10.54934],[-12.45773,10.54402],[-12.44457,10.52726],[-12.45161,10.50612],[-12.44417,10.50013],[-12.42767,10.50027],[-12.41956,10.49189],[-12.40985,10.49056],[-12.40134,10.48524],[-12.39972,10.48109],[-12.39562,10.47061],[-12.40959,10.45358],[-12.42727,10.38389],[-12.44204,10.36673],[-12.44323,10.35969],[-12.43938,10.32218],[-12.4314,10.31899],[-12.42289,10.30183],[-12.41863,10.28507],[-12.4185,10.2739],[-12.41557,10.27164],[-12.40147,10.26885],[-12.38618,10.26885],[-12.37341,10.26472],[-12.3621,10.26525],[-12.34295,10.28427],[-12.33245,10.28667],[-12.28443,10.27536],[-12.27033,10.27536],[-12.25863,10.27816],[-12.24201,10.27576],[-12.23577,10.27313],[-12.23004,10.27071],[-12.22738,10.2586],[-12.22924,10.25036],[-12.22618,10.23639],[-12.22711,10.22589],[-12.21767,10.20487],[-12.21009,10.19689],[-12.20317,10.1929],[-12.19506,10.18253],[-12.19453,10.17388],[-12.18601,10.15101],[-12.16513,10.13585],[-12.15675,10.12574],[-12.14651,10.09967],[-12.1384,10.0889],[-12.13348,10.07693],[-12.1251,10.03862],[-12.12842,10.02492],[-12.13827,10.00777],[-12.1642,9.99952],[-12.17271,9.97518],[-12.16766,9.95324],[-12.15875,9.93462],[-12.14827,9.87764],[-12.14266,9.87475],[-12.14182,9.87432],[-12.12651,9.87138],[-12.12002,9.87185],[-12.0975,9.87881],[-12.08248,9.88345],[-12.08205,9.88375],[-12.07948,9.88552],[-12.06364,9.88879],[-12.0614,9.88925],[-12.05445,9.89225],[-12.0475,9.89526],[-12.03156,9.8983],[-12.03097,9.89841],[-12.02919,9.89876],[-11.93788,9.92655],[-11.92559,9.92887],[-11.91864,9.93256],[-11.91332,9.93399],[-11.90977,9.93495],[-11.90658,9.93581],[-11.89825,9.94571],[-11.89139,9.98619],[-11.8892,9.99065],[-11.88798,9.99312],[-11.88585,9.99746],[-11.82868,9.99745],[-11.79868,9.99744],[-11.76868,9.99743],[-11.73481,10],[-11.72553,9.99795],[-11.70146,9.99836],[-11.65337,9.99918],[-11.61439,9.99807],[-11.59953,9.99879],[-11.58468,9.99951],[-11.57588,9.99956],[-11.57399,9.99958],[-11.56531,9.99874],[-11.56358,9.99857],[-11.5014,10],[-11.49839,10],[-11.47759,9.99969],[-11.47563,10.00298],[-11.47411,10.00928],[-11.47136,10.01479],[-11.46874,10.02023],[-11.4693,10.02637],[-11.47042,10.05496],[-11.43796,10.08338],[-11.43028,10.11188],[-11.4102,10.14299],[-11.40211,10.16488],[-11.39505,10.18199],[-11.38793,10.21066],[-11.39177,10.23972],[-11.38121,10.25911],[-11.37609,10.28544],[-11.37798,10.30527],[-11.37883,10.3347],[-11.38273,10.35075],[-11.38464,10.36576],[-11.3846,10.37443],[-11.38731,10.39356],[-11.39039,10.41127],[-11.39375,10.43452],[-11.39865,10.45157],[-11.41657,10.45316],[-11.44244,10.45743],[-11.46528,10.47221],[-11.48862,10.48508],[-11.50701,10.49199],[-11.52793,10.49223],[-11.52683,10.51571],[-11.52065,10.53963],[-11.51516,10.55985],[-11.51914,10.57068],[-11.51748,10.57397],[-11.50741,10.60769],[-11.49207,10.61254],[-11.47893,10.6377],[-11.47906,10.665],[-11.46211,10.68207],[-11.45823,10.70275],[-11.44831,10.72396],[-11.46138,10.73252],[-11.44613,10.7646],[-11.44831,10.79455],[-11.43742,10.82663],[-11.45703,10.85016],[-11.49842,10.87797],[-11.52446,10.87629],[-11.5258,10.90574],[-11.50867,10.94322],[-11.47029,10.98054],[-11.45408,10.99347],[-11.41732,10.98341],[-11.389,10.97037],[-11.38054,10.96863],[-11.35014,10.97142],[-11.31472,10.98416],[-11.27833,10.98964],[-11.23938,11.00997],[-11.23088,11.01546],[-11.2149,11.0231],[-11.20291,11.03135],[-11.17945,11.04114],[-11.15547,11.05524],[-11.13717,11.07479],[-11.14888,11.07815],[-11.17423,11.08819],[-11.20803,11.10046],[-11.23135,11.11863],[-11.25461,11.1474],[-11.27904,11.14102],[-11.30674,11.17814],[-11.32093,11.22732],[-11.33679,11.26749]]]},"properties":{"area_code":"mamou","area_name":"Mamou","area_unit_id":"gn-region-2014-geoboundaries-adm1:mamou","boundary_set_id":"gn-region-2014-geoboundaries-adm1","boundary_level":"region","boundary_vintage":"2017","boundary_source":"geoBoundaries GIN ADM1; source World Food Programme, OCHA ROWCA","boundary_licence":"CC BY 3.0 IGO"}},
{"type":"Feature","geometry":{"type":"Polygon","coordinates":[[[-10.59971,9.05848],[-10.59402,9.05494],[-10.5848,9.0432],[-10.58359,9.03637],[-10.58372,9.03604],[-10.58544,9.03157],[-10.58619,9.01618],[-10.58681,9.01444],[-10.58759,9.01227],[-10.59176,9.0093],[-10.59278,9.00692],[-10.59432,9.00334],[-10.59734,8.98114],[-10.59735,8.9811],[-10.59835,8.97371],[-10.59807,8.97114],[-10.59723,8.96337],[-10.59817,8.95901],[-10.595,8.93786],[-10.59262,8.93362],[-10.59202,8.93256],[-10.59365,8.92636],[-10.59325,8.91495],[-10.59302,8.90867],[-10.59609,8.88961],[-10.59553,8.88663],[-10.59329,8.87471],[-10.58957,8.85485],[-10.58678,8.83995],[-10.58772,8.83467],[-10.58381,8.82287],[-10.58338,8.82156],[-10.58524,8.81789],[-10.58532,8.81722],[-10.5869,8.80434],[-10.5841,8.8021],[-10.58345,8.80158],[-10.58196,8.80167],[-10.57998,8.80179],[-10.5786,8.80041],[-10.57756,8.79937],[-10.5763,8.79811],[-10.57148,8.80096],[-10.57052,8.80153],[-10.56705,8.80106],[-10.56269,8.79369],[-10.53575,8.77246],[-10.52749,8.75704],[-10.52717,8.75447],[-10.52702,8.75334],[-10.52547,8.74095],[-10.52318,8.7375],[-10.5114,8.73883],[-10.51026,8.73538],[-10.51766,8.7299],[-10.51218,8.72253],[-10.50686,8.71538],[-10.51035,8.70942],[-10.49399,8.70201],[-10.48457,8.68934],[-10.48276,8.68014],[-10.47514,8.6808],[-10.46939,8.67458],[-10.47868,8.65968],[-10.48171,8.65235],[-10.47978,8.64876],[-10.4785,8.64636],[-10.47921,8.64039],[-10.48006,8.63955],[-10.48176,8.63788],[-10.4984,8.63128],[-10.50088,8.62684],[-10.50212,8.62463],[-10.51576,8.61802],[-10.51815,8.61543],[-10.52294,8.61024],[-10.52617,8.60979],[-10.52618,8.60979],[-10.52801,8.61101],[-10.53101,8.61302],[-10.54417,8.61169],[-10.55009,8.60657],[-10.55157,8.60529],[-10.552,8.6051],[-10.55286,8.60473],[-10.55943,8.60187],[-10.56638,8.59569],[-10.57229,8.59658],[-10.57583,8.59711],[-10.57805,8.59629],[-10.57953,8.59574],[-10.58092,8.59356],[-10.58231,8.59139],[-10.58121,8.57508],[-10.58307,8.57164],[-10.59023,8.56937],[-10.59486,8.56456],[-10.6023,8.54965],[-10.60492,8.54793],[-10.60784,8.546],[-10.60985,8.54548],[-10.61811,8.54333],[-10.62239,8.54168],[-10.62349,8.53525],[-10.62404,8.53204],[-10.62935,8.51722],[-10.63112,8.51228],[-10.63116,8.51212],[-10.63289,8.50428],[-10.62947,8.49463],[-10.63005,8.49267],[-10.63063,8.49072],[-10.63443,8.49223],[-10.63823,8.49373],[-10.63922,8.49292],[-10.63962,8.49259],[-10.63962,8.49254],[-10.63988,8.48705],[-10.63945,8.48339],[-10.63942,8.48318],[-10.64243,8.47974],[-10.64774,8.47838],[-10.64959,8.47632],[-10.64996,8.4689],[-10.64996,8.46885],[-10.65033,8.46139],[-10.65153,8.45733],[-10.65196,8.45589],[-10.65184,8.44942],[-10.65176,8.44509],[-10.65279,8.44109],[-10.65713,8.42421],[-10.65347,8.41616],[-10.65214,8.40031],[-10.65286,8.38975],[-10.6531,8.38791],[-10.65656,8.38517],[-10.66441,8.38221],[-10.66928,8.37511],[-10.67528,8.37099],[-10.69191,8.36393],[-10.69607,8.35957],[-10.69776,8.35405],[-10.69979,8.34741],[-10.70106,8.33874],[-10.70191,8.33296],[-10.70607,8.3248],[-10.71628,8.30476],[-10.71227,8.28285],[-10.7122,8.28247],[-10.7129,8.28185],[-10.71705,8.27812],[-10.71892,8.27101],[-10.71408,8.27054],[-10.70605,8.27217],[-10.7007,8.27325],[-10.70053,8.27994],[-10.70018,8.29346],[-10.69847,8.30004],[-10.69762,8.30332],[-10.69584,8.30463],[-10.69138,8.3079],[-10.68788,8.32258],[-10.67399,8.34091],[-10.66841,8.34091],[-10.66282,8.3409],[-10.65668,8.3409],[-10.63328,8.33455],[-10.5971,8.33226],[-10.5881,8.32696],[-10.58646,8.32599],[-10.58234,8.31144],[-10.58188,8.31086],[-10.57958,8.30799],[-10.5676,8.30725],[-10.56092,8.30516],[-10.55354,8.30766],[-10.53967,8.31765],[-10.52118,8.33097],[-10.51217,8.33599],[-10.49043,8.35542],[-10.48416,8.36757],[-10.4778,8.37213],[-10.47144,8.3767],[-10.46639,8.38546],[-10.46471,8.38839],[-10.46343,8.38912],[-10.45269,8.39523],[-10.44575,8.40347],[-10.43135,8.42982],[-10.42861,8.43274],[-10.42556,8.436],[-10.41724,8.44056],[-10.41004,8.44841],[-10.40843,8.45017],[-10.40145,8.46553],[-10.39932,8.46847],[-10.3938,8.47606],[-10.39212,8.48074],[-10.3896,8.48775],[-10.38871,8.48902],[-10.38598,8.49288],[-10.38597,8.49288],[-10.3727,8.48706],[-10.36399,8.48814],[-10.3534,8.49164],[-10.34689,8.49607],[-10.34312,8.49766],[-10.33557,8.50084],[-10.33141,8.50289],[-10.3314,8.50289],[-10.3272,8.50117],[-10.32173,8.49894],[-10.30196,8.48868],[-10.28875,8.48528],[-10.28686,8.4848],[-10.28102,8.48862],[-10.27818,8.49048],[-10.2694,8.49159],[-10.26227,8.48765],[-10.25187,8.49128],[-10.25069,8.49131],[-10.24851,8.49138],[-10.2485,8.49138],[-10.24519,8.49147],[-10.24151,8.48733],[-10.23464,8.49476],[-10.23201,8.49761],[-10.22948,8.49668],[-10.22933,8.4953],[-10.22924,8.49452],[-10.22903,8.49255],[-10.23114,8.48498],[-10.23086,8.48442],[-10.22954,8.48176],[-10.21811,8.48092],[-10.21258,8.48047],[-10.2079,8.48643],[-10.2032,8.49242],[-10.19974,8.49309],[-10.19325,8.49949],[-10.18526,8.50425],[-10.17425,8.5108],[-10.17104,8.51271],[-10.16584,8.51413],[-10.16493,8.51438],[-10.16365,8.51473],[-10.16244,8.5193],[-10.16129,8.52368],[-10.15805,8.52642],[-10.14609,8.51924],[-10.14239,8.52244],[-10.13824,8.52196],[-10.13106,8.52386],[-10.13055,8.524],[-10.12553,8.52534],[-10.12168,8.5233],[-10.1207,8.52278],[-10.11695,8.52225],[-10.10894,8.52111],[-10.10066,8.51533],[-10.09373,8.51805],[-10.08681,8.51801],[-10.08339,8.51603],[-10.0832,8.51592],[-10.08083,8.51454],[-10.07958,8.51097],[-10.07833,8.5074],[-10.07187,8.50668],[-10.07156,8.50664],[-10.06542,8.50596],[-10.0609,8.5016],[-10.05486,8.49579],[-10.05257,8.49326],[-10.05251,8.49291],[-10.05238,8.49221],[-10.05189,8.48958],[-10.05452,8.47638],[-10.05645,8.46669],[-10.05664,8.46572],[-10.05815,8.46314],[-10.06269,8.45541],[-10.06285,8.45453],[-10.06419,8.44712],[-10.06738,8.42961],[-10.06744,8.42926],[-10.06731,8.42811],[-10.06678,8.42352],[-10.06263,8.4212],[-10.05526,8.42093],[-10.03768,8.43048],[-10.02845,8.43135],[-10.02656,8.43215],[-10.02314,8.43361],[-10.0164,8.44184],[-10.01294,8.44205],[-10.00673,8.43949],[-10.00385,8.43948],[-10.00375,8.43948],[-10,8.43946],[-9.99866,8.43945],[-9.99496,8.44127],[-9.98846,8.44702],[-9.988,8.44743],[-9.97972,8.45768],[-9.9776,8.46031],[-9.97361,8.46526],[-9.96505,8.46783],[-9.9646,8.46796],[-9.9543,8.47637],[-9.94559,8.48347],[-9.94426,8.48369],[-9.94028,8.48436],[-9.93865,8.48641],[-9.93448,8.49167],[-9.93195,8.49274],[-9.91944,8.49802],[-9.89613,8.50018],[-9.89532,8.49967],[-9.89448,8.50041],[-9.89176,8.49742],[-9.88878,8.49554],[-9.88509,8.49552],[-9.87563,8.49661],[-9.87254,8.4979],[-9.86946,8.49919],[-9.86754,8.5],[-9.86176,8.50043],[-9.85899,8.50064],[-9.84928,8.49011],[-9.84877,8.48956],[-9.84866,8.48944],[-9.84685,8.48748],[-9.84504,8.48814],[-9.845,8.48815],[-9.83987,8.49754],[-9.83761,8.49933],[-9.8373,8.49958],[-9.83371,8.501],[-9.83268,8.5014],[-9.80431,8.5026],[-9.80014,8.50532],[-9.79528,8.50851],[-9.79449,8.51113],[-9.7941,8.51241],[-9.79569,8.51586],[-9.79728,8.51649],[-9.79983,8.5175],[-9.80002,8.52416],[-9.80188,8.52417],[-9.80194,8.52417],[-9.80371,8.52418],[-9.80439,8.52625],[-9.80107,8.53243],[-9.80078,8.53297],[-9.79996,8.53449],[-9.79741,8.53608],[-9.79604,8.53481],[-9.79424,8.53312],[-9.7942,8.53308],[-9.79276,8.53319],[-9.79143,8.53329],[-9.78953,8.5352],[-9.78191,8.54288],[-9.77905,8.54798],[-9.77439,8.55089],[-9.77296,8.55179],[-9.76884,8.55107],[-9.75936,8.54942],[-9.7536,8.54617],[-9.74584,8.53097],[-9.73571,8.52032],[-9.73529,8.51988],[-9.73484,8.51643],[-9.73783,8.51207],[-9.74159,8.50659],[-9.74512,8.49398],[-9.74285,8.48685],[-9.72314,8.464],[-9.72,8.44768],[-9.71748,8.44445],[-9.71264,8.44442],[-9.70915,8.44945],[-9.70717,8.47401],[-9.70488,8.48012],[-9.70459,8.48088],[-9.69841,8.48608],[-9.69184,8.4916],[-9.69184,8.49087],[-9.69184,8.49068],[-9.67106,8.49354],[-9.66047,8.48865],[-9.65245,8.47896],[-9.63361,8.46598],[-9.62812,8.4586],[-9.62784,8.45796],[-9.62746,8.45707],[-9.62493,8.45123],[-9.62504,8.45113],[-9.63235,8.44438],[-9.63449,8.44084],[-9.63538,8.43935],[-9.64372,8.43343],[-9.6558,8.42065],[-9.65922,8.41151],[-9.65931,8.41126],[-9.65774,8.40413],[-9.65475,8.40227],[-9.64552,8.4029],[-9.63419,8.40765],[-9.63349,8.40769],[-9.62288,8.40827],[-9.614,8.40749],[-9.60605,8.40679],[-9.59796,8.41064],[-9.59326,8.4154],[-9.59006,8.41863],[-9.58469,8.42984],[-9.5826,8.43106],[-9.58257,8.43107],[-9.5796,8.4328],[-9.57719,8.43228],[-9.57695,8.43223],[-9.57407,8.43161],[-9.5706,8.42522],[-9.57019,8.42447],[-9.56818,8.41366],[-9.56584,8.41023],[-9.56339,8.40665],[-9.56109,8.40328],[-9.54225,8.38977],[-9.53331,8.38335],[-9.48696,8.38097],[-9.48007,8.37679],[-9.47978,8.37631],[-9.47733,8.37218],[-9.47759,8.36774],[-9.4776,8.3676],[-9.47786,8.36323],[-9.4802,8.35664],[-9.48159,8.35478],[-9.4818,8.3545],[-9.48618,8.3486],[-9.48944,8.3445],[-9.5156,8.32999],[-9.51768,8.32825],[-9.52017,8.32617],[-9.51457,8.31985],[-9.51217,8.31829],[-9.50102,8.31103],[-9.50049,8.3057],[-9.50016,8.3023],[-9.50415,8.29108],[-9.50326,8.28556],[-9.50271,8.28482],[-9.49915,8.28002],[-9.4944,8.27714],[-9.49433,8.2771],[-9.49111,8.27515],[-9.49032,8.27303],[-9.48817,8.26732],[-9.48918,8.26452],[-9.48928,8.26423],[-9.5166,8.2427],[-9.51609,8.23844],[-9.51602,8.23788],[-9.51602,8.23697],[-9.50984,8.23073],[-9.51112,8.21008],[-9.51268,8.20657],[-9.51276,8.20638],[-9.51417,8.20321],[-9.5165,8.20111],[-9.51684,8.2008],[-9.51973,8.19819],[-9.52024,8.19548],[-9.52164,8.18811],[-9.51985,8.17937],[-9.5148,8.17589],[-9.50418,8.17927],[-9.50197,8.17862],[-9.50096,8.17833],[-9.49501,8.17094],[-9.48972,8.16976],[-9.48164,8.17154],[-9.46944,8.16939],[-9.4667,8.16779],[-9.46453,8.16652],[-9.46347,8.1659],[-9.46172,8.15166],[-9.46322,8.13445],[-9.46233,8.12939],[-9.45929,8.12688],[-9.45729,8.12523],[-9.45926,8.1055],[-9.45588,8.09376],[-9.44902,8.08637],[-9.44845,8.08395],[-9.44836,8.08357],[-9.44767,8.08062],[-9.44725,8.08016],[-9.44493,8.07762],[-9.44474,8.07142],[-9.44519,8.07041],[-9.45059,8.05838],[-9.45383,8.05369],[-9.4558,8.05085],[-9.45756,8.04832],[-9.45803,8.04764],[-9.45875,8.04573],[-9.46037,8.04146],[-9.46012,8.0383],[-9.4601,8.03801],[-9.45995,8.03618],[-9.45907,8.03516],[-9.45675,8.03248],[-9.45475,8.03218],[-9.45353,8.032],[-9.44078,8.04316],[-9.43038,8.04814],[-9.42968,8.04808],[-9.42762,8.04789],[-9.42782,8.04154],[-9.42791,8.03871],[-9.4281,8.038],[-9.42832,8.03719],[-9.43122,8.02633],[-9.42987,8.02174],[-9.4216,8.01709],[-9.42135,8.01432],[-9.42118,8.01249],[-9.42133,8],[-9.41178,7.98639],[-9.41055,7.98227],[-9.4105,7.98208],[-9.40973,7.97951],[-9.41183,7.97263],[-9.41259,7.97212],[-9.41553,7.97017],[-9.41573,7.97004],[-9.42315,7.96511],[-9.43243,7.94794],[-9.42861,7.92475],[-9.4245,7.91418],[-9.43033,7.89815],[-9.42396,7.87264],[-9.42348,7.86229],[-9.41703,7.85218],[-9.41532,7.85062],[-9.41091,7.84661],[-9.40769,7.83834],[-9.40664,7.83565],[-9.40625,7.83525],[-9.39586,7.82459],[-9.3904,7.8092],[-9.38783,7.8068],[-9.38719,7.8062],[-9.38642,7.80608],[-9.38282,7.8055],[-9.37868,7.80296],[-9.36949,7.80368],[-9.35936,7.79611],[-9.35475,7.78031],[-9.35598,7.77825],[-9.35632,7.77768],[-9.35635,7.77764],[-9.35677,7.77694],[-9.35731,7.77534],[-9.35739,7.7751],[-9.35533,7.7728],[-9.34911,7.77415],[-9.3482,7.77002],[-9.34971,7.76339],[-9.35055,7.7597],[-9.34985,7.75697],[-9.34981,7.75681],[-9.34972,7.75647],[-9.34896,7.7535],[-9.34757,7.75217],[-9.34733,7.75193],[-9.34392,7.74866],[-9.34728,7.74234],[-9.35111,7.73515],[-9.35187,7.7184],[-9.3609,7.70795],[-9.36095,7.7079],[-9.36274,7.70583],[-9.36378,7.70393],[-9.36924,7.69392],[-9.37067,7.68199],[-9.36945,7.67385],[-9.36939,7.67344],[-9.3682,7.66546],[-9.37219,7.64574],[-9.36951,7.63885],[-9.36924,7.63816],[-9.36897,7.63778],[-9.36509,7.63248],[-9.36455,7.63175],[-9.36447,7.63164],[-9.36351,7.63033],[-9.35662,7.62801],[-9.35604,7.62736],[-9.35456,7.6257],[-9.35715,7.61217],[-9.35769,7.61133],[-9.37637,7.58242],[-9.37737,7.57451],[-9.37851,7.56544],[-9.3897,7.5458],[-9.39938,7.5288],[-9.39939,7.52851],[-9.39951,7.52399],[-9.39958,7.52111],[-9.39965,7.51848],[-9.40024,7.51745],[-9.40545,7.5084],[-9.41026,7.4951],[-9.41068,7.49394],[-9.41871,7.47173],[-9.4298,7.46167],[-9.43397,7.45412],[-9.4358,7.45319],[-9.44389,7.4491],[-9.45128,7.44202],[-9.45335,7.43867],[-9.45364,7.4382],[-9.45638,7.43378],[-9.46089,7.41886],[-9.46698,7.39871],[-9.47107,7.38517],[-9.47195,7.3844],[-9.47754,7.37946],[-9.47846,7.37656],[-9.4787,7.37579],[-9.47826,7.3687],[-9.47784,7.36201],[-9.46815,7.36886],[-9.46237,7.37595],[-9.45655,7.39177],[-9.45196,7.39568],[-9.44662,7.40022],[-9.41571,7.41777],[-9.41086,7.42349],[-9.40935,7.42322],[-9.40833,7.42303],[-9.40655,7.42109],[-9.40558,7.42003],[-9.40514,7.41892],[-9.40314,7.41394],[-9.40079,7.40808],[-9.39696,7.38855],[-9.39608,7.38861],[-9.39397,7.38876],[-9.39102,7.39071],[-9.39095,7.39075],[-9.38913,7.39196],[-9.38604,7.39165],[-9.3843,7.39148],[-9.38237,7.39231],[-9.38061,7.39307],[-9.37273,7.40544],[-9.36494,7.41017],[-9.36074,7.41273],[-9.35978,7.42168],[-9.35351,7.42656],[-9.35008,7.42922],[-9.34728,7.42907],[-9.34525,7.42897],[-9.34211,7.42747],[-9.33744,7.42526],[-9.33413,7.42473],[-9.33008,7.42409],[-9.32541,7.42543],[-9.32534,7.42544],[-9.32456,7.42567],[-9.32337,7.42698],[-9.32063,7.43002],[-9.31073,7.42915],[-9.30958,7.42905],[-9.3048,7.42553],[-9.30457,7.42536],[-9.30018,7.42213],[-9.29527,7.42264],[-9.29311,7.41829],[-9.29009,7.41221],[-9.2889,7.40564],[-9.28887,7.40549],[-9.2883,7.40234],[-9.28995,7.3927],[-9.28859,7.38811],[-9.28322,7.38483],[-9.2813,7.38365],[-9.27459,7.37955],[-9.27073,7.37976],[-9.26676,7.37998],[-9.26534,7.38062],[-9.2591,7.38344],[-9.23528,7.38789],[-9.22732,7.38938],[-9.21727,7.38666],[-9.21696,7.38658],[-9.21178,7.38518],[-9.20775,7.38328],[-9.2021,7.38062],[-9.20223,7.3791],[-9.2038,7.36066],[-9.20545,7.35692],[-9.20591,7.35587],[-9.20612,7.35539],[-9.20614,7.35134],[-9.20614,7.35126],[-9.20476,7.34854],[-9.20135,7.34182],[-9.20134,7.34122],[-9.20133,7.34002],[-9.20123,7.32351],[-9.20121,7.3207],[-9.19547,7.31155],[-9.19544,7.3115],[-9.19024,7.30321],[-9.18479,7.30031],[-9.18198,7.29881],[-9.16068,7.27668],[-9.15379,7.27344],[-9.13668,7.27396],[-9.134,7.27404],[-9.12065,7.27651],[-9.1192,7.27563],[-9.11606,7.27373],[-9.1137,7.25734],[-9.11361,7.25671],[-9.11064,7.25228],[-9.10494,7.25019],[-9.10455,7.24735],[-9.10394,7.24294],[-9.10228,7.24006],[-9.09535,7.22791],[-9.09415,7.22582],[-9.09564,7.22299],[-9.09644,7.21872],[-9.09652,7.21831],[-9.09994,7.21377],[-9.10462,7.20756],[-9.1058,7.20114],[-9.10464,7.19463],[-9.10445,7.19355],[-9.09245,7.20108],[-9.08648,7.20224],[-9.08636,7.20227],[-9.0844,7.20265],[-9.06698,7.20105],[-9.066,7.20096],[-9.06494,7.20176],[-9.0533,7.21055],[-9.04648,7.21452],[-9.04636,7.21459],[-9.04039,7.21807],[-9.036,7.22241],[-9.03181,7.23272],[-9.02939,7.23449],[-9.0168,7.24367],[-9.0065,7.24309],[-9.00427,7.24296],[-9.00369,7.24293],[-8.99285,7.24977],[-8.97652,7.24832],[-8.96439,7.25156],[-8.96385,7.2517],[-8.95855,7.2542],[-8.95669,7.25787],[-8.95712,7.26361],[-8.95318,7.26979],[-8.94835,7.26931],[-8.94508,7.26446],[-8.94447,7.26355],[-8.94429,7.2635],[-8.94102,7.26262],[-8.93779,7.26513],[-8.93779,7.26516],[-8.93776,7.27087],[-8.93338,7.27337],[-8.93347,7.27356],[-8.93771,7.28257],[-8.93701,7.28555],[-8.92896,7.28414],[-8.92088,7.28766],[-8.91904,7.28846],[-8.91723,7.28821],[-8.9156,7.28798],[-8.91191,7.28185],[-8.91172,7.28154],[-8.90646,7.27279],[-8.90687,7.26915],[-8.90719,7.26636],[-8.90578,7.26311],[-8.90559,7.26268],[-8.90284,7.26106],[-8.86351,7.25813],[-8.84807,7.26333],[-8.83668,7.27905],[-8.83348,7.28347],[-8.83346,7.2876],[-8.83422,7.28902],[-8.83573,7.29185],[-8.83734,7.29487],[-8.83825,7.29658],[-8.83777,7.30185],[-8.83337,7.30734],[-8.83325,7.30951],[-8.83325,7.30954],[-8.83311,7.31193],[-8.83768,7.31884],[-8.83722,7.32529],[-8.83719,7.32573],[-8.84199,7.33241],[-8.84608,7.34276],[-8.84593,7.34557],[-8.84583,7.34735],[-8.83539,7.36452],[-8.83238,7.36804],[-8.81549,7.38784],[-8.81128,7.40136],[-8.8103,7.4016],[-8.80668,7.40249],[-8.80541,7.4036],[-8.80282,7.40586],[-8.80081,7.40761],[-8.79925,7.40897],[-8.79674,7.41116],[-8.79214,7.40976],[-8.78845,7.41204],[-8.78747,7.41185],[-8.78247,7.41086],[-8.77994,7.41223],[-8.77762,7.42266],[-8.77429,7.43768],[-8.77633,7.44343],[-8.77539,7.44802],[-8.77239,7.4503],[-8.75718,7.45436],[-8.7463,7.46877],[-8.72698,7.48943],[-8.72686,7.48956],[-8.72643,7.48996],[-8.7153,7.50029],[-8.71386,7.50213],[-8.70905,7.5083],[-8.70672,7.51425],[-8.70848,7.51904],[-8.71239,7.52966],[-8.71173,7.53349],[-8.71128,7.53614],[-8.71074,7.53929],[-8.71162,7.54664],[-8.71945,7.5453],[-8.72174,7.54714],[-8.72253,7.5516],[-8.72264,7.5522],[-8.72085,7.55851],[-8.71374,7.5836],[-8.7126,7.59271],[-8.71158,7.6008],[-8.70413,7.61775],[-8.70433,7.62417],[-8.70583,7.62955],[-8.70727,7.63474],[-8.70713,7.63624],[-8.70679,7.64002],[-8.70203,7.64515],[-8.70101,7.64625],[-8.70038,7.64668],[-8.68758,7.6554],[-8.67662,7.66881],[-8.6703,7.68793],[-8.66612,7.69309],[-8.66337,7.69434],[-8.66314,7.69444],[-8.65936,7.69616],[-8.63996,7.69548],[-8.63883,7.69544],[-8.6007,7.69409],[-8.57195,7.69307],[-8.56558,7.69284],[-8.5655,7.69284],[-8.55973,7.69263],[-8.55811,7.68533],[-8.55799,7.68477],[-8.55617,7.67657],[-8.55475,7.64966],[-8.56524,7.6259],[-8.5625,7.62314],[-8.56246,7.6231],[-8.5591,7.61972],[-8.55396,7.61454],[-8.54458,7.6051],[-8.48715,7.57121],[-8.48128,7.56469],[-8.47218,7.55459],[-8.44089,7.58653],[-8.41743,7.60816],[-8.40548,7.61121],[-8.40155,7.61152],[-8.39302,7.61219],[-8.38813,7.60911],[-8.38474,7.60698],[-8.38167,7.59765],[-8.3811,7.59231],[-8.37969,7.57901],[-8.37455,7.5759],[-8.36935,7.57275],[-8.36441,7.57355],[-8.35688,7.57476],[-8.35242,7.57652],[-8.34648,7.57886],[-8.32414,7.59804],[-8.3225,7.59945],[-8.31278,7.60042],[-8.30278,7.60142],[-8.29898,7.59712],[-8.29865,7.59675],[-8.29921,7.59404],[-8.29971,7.59158],[-8.29767,7.58484],[-8.29273,7.58018],[-8.29245,7.57991],[-8.29229,7.57976],[-8.28941,7.57704],[-8.25728,7.56757],[-8.23557,7.55194],[-8.23372,7.55126],[-8.22987,7.54984],[-8.21491,7.53373],[-8.20504,7.53575],[-8.19358,7.54501],[-8.18691,7.55563],[-8.17997,7.56668],[-8.17705,7.57265],[-8.17263,7.58166],[-8.17205,7.61211],[-8.17204,7.61286],[-8.17204,7.61299],[-8.17191,7.61995],[-8.15725,7.64421],[-8.14892,7.64934],[-8.1437,7.65553],[-8.14259,7.66647],[-8.14055,7.6865],[-8.13986,7.69328],[-8.12915,7.70488],[-8.12368,7.7108],[-8.11271,7.71329],[-8.10133,7.71587],[-8.09404,7.72204],[-8.09275,7.73567],[-8.09129,7.75101],[-8.086,7.76857],[-8.07135,7.79023],[-8.07026,7.79954],[-8.07177,7.80834],[-8.07409,7.81068],[-8.08107,7.8177],[-8.0823,7.81895],[-8.08313,7.81978],[-8.11466,7.84477],[-8.11639,7.85435],[-8.11718,7.85875],[-8.11661,7.8624],[-8.11557,7.86909],[-8.10753,7.88392],[-8.10718,7.88457],[-8.10618,7.88563],[-8.10553,7.88633],[-8.09413,7.89848],[-8.08478,7.91271],[-8.08261,7.91601],[-8.07522,7.93874],[-8.06577,7.95835],[-8.06549,7.95929],[-8.0622,7.97034],[-8.05337,8],[-8.06354,8.01108],[-8.06213,8.01385],[-8.05764,8.02272],[-8.04742,8.02994],[-8.0456,8.03072],[-8.04074,8.0328],[-8.03708,8.03176],[-8.03153,8.03019],[-8.02965,8.02968],[-8.02731,8.03116],[-8.02432,8.03306],[-8.02039,8.03276],[-8.00982,8.03195],[-8.0082,8.03358],[-8.00329,8.03853],[-8.00028,8.03918],[-7.99522,8.03725],[-7.98905,8.0349],[-7.98726,8.0312],[-7.9918,8.01818],[-7.99067,8.01679],[-7.98845,8.01742],[-7.98605,8.01811],[-7.98429,8.01096],[-7.98223,8.01048],[-7.98047,8.01169],[-7.9727,8.01701],[-7.95963,8.01294],[-7.95675,8.01011],[-7.95372,8.00713],[-7.95052,8.00722],[-7.94819,8.00728],[-7.94558,8.01299],[-7.94639,8.01465],[-7.94693,8.01576],[-7.94674,8.01871],[-7.94634,8.02517],[-7.94736,8.02649],[-7.95042,8.0305],[-7.94662,8.03917],[-7.94658,8.04239],[-7.95411,8.04455],[-7.96333,8.0472],[-7.96959,8.06197],[-7.98111,8.07934],[-7.98707,8.08171],[-7.99322,8.08684],[-8.01064,8.09395],[-8.01272,8.09848],[-8.01445,8.10226],[-8.01015,8.11482],[-8.01061,8.11534],[-8.01434,8.11953],[-8.01445,8.12004],[-8.01543,8.12459],[-8.00933,8.1337],[-8.00762,8.14217],[-8.00844,8.14749],[-8.00997,8.15736],[-8.00953,8.16022],[-8.00898,8.16378],[-7.99999,8.17235],[-7.99592,8.17624],[-7.99514,8.17843],[-7.9933,8.18356],[-7.99365,8.19275],[-7.99842,8.19854],[-8.00418,8.19862],[-8.00499,8.1977],[-8.00699,8.19543],[-8.01324,8.19192],[-8.01418,8.19139],[-8.01793,8.18638],[-8.02368,8.1876],[-8.0272,8.19297],[-8.03477,8.2045],[-8.03753,8.20505],[-8.0396,8.20547],[-8.04333,8.20207],[-8.05142,8.18036],[-8.05278,8.17871],[-8.06451,8.16444],[-8.06855,8.16176],[-8.06893,8.16151],[-8.08483,8.16592],[-8.08908,8.1671],[-8.09373,8.17306],[-8.09469,8.1736],[-8.10174,8.17753],[-8.10291,8.18131],[-8.10374,8.18398],[-8.11094,8.18875],[-8.12638,8.19617],[-8.16672,8.19641],[-8.17016,8.19731],[-8.17959,8.19977],[-8.18942,8.20655],[-8.2074,8.22742],[-8.21908,8.23398],[-8.2243,8.23344],[-8.22508,8.23336],[-8.23031,8.22603],[-8.23809,8.22751],[-8.24399,8.22863],[-8.24572,8.23178],[-8.24666,8.23348],[-8.24745,8.23493],[-8.24806,8.23602],[-8.24849,8.24688],[-8.24873,8.25284],[-8.24877,8.25371],[-8.24757,8.25703],[-8.24638,8.26034],[-8.2394,8.26702],[-8.23286,8.27327],[-8.23111,8.278],[-8.23024,8.28036],[-8.23175,8.2891],[-8.23159,8.29076],[-8.23069,8.30034],[-8.2376,8.32017],[-8.23797,8.32776],[-8.22907,8.34476],[-8.22877,8.34533],[-8.22857,8.34595],[-8.2276,8.34895],[-8.22566,8.35494],[-8.22574,8.35768],[-8.22582,8.36068],[-8.23005,8.37392],[-8.2368,8.39505],[-8.23728,8.39898],[-8.23837,8.4078],[-8.23804,8.41176],[-8.23789,8.41367],[-8.23975,8.42917],[-8.24052,8.43093],[-8.24559,8.44255],[-8.2435,8.44472],[-8.24284,8.44675],[-8.24272,8.4471],[-8.24158,8.45044],[-8.24224,8.45544],[-8.24243,8.45687],[-8.24134,8.45942],[-8.24077,8.46076],[-8.23541,8.46575],[-8.23379,8.46573],[-8.23356,8.46265],[-8.23339,8.46044],[-8.23042,8.45896],[-8.22675,8.45863],[-8.22258,8.45825],[-8.22105,8.45923],[-8.22049,8.4596],[-8.22338,8.46813],[-8.22121,8.47041],[-8.21513,8.47268],[-8.21357,8.47419],[-8.20599,8.48163],[-8.20592,8.4817],[-8.19676,8.49537],[-8.1983,8.50159],[-8.19809,8.50176],[-8.1969,8.50272],[-8.187,8.501],[-8.18412,8.49972],[-8.18379,8.49958],[-8.17824,8.50043],[-8.17526,8.49925],[-8.17243,8.49578],[-8.16957,8.49228],[-8.16491,8.49511],[-8.16214,8.49679],[-8.15831,8.49634],[-8.15776,8.49628],[-8.15726,8.49534],[-8.15641,8.49373],[-8.15692,8.49236],[-8.15753,8.49072],[-8.1576,8.49053],[-8.15703,8.48665],[-8.15696,8.48616],[-8.1569,8.48612],[-8.1533,8.48405],[-8.15167,8.48781],[-8.15092,8.48953],[-8.14699,8.4904],[-8.14324,8.49518],[-8.14213,8.49492],[-8.1391,8.49421],[-8.1341,8.48794],[-8.13008,8.48729],[-8.1295,8.4872],[-8.12777,8.48813],[-8.12532,8.48944],[-8.12094,8.4887],[-8.11977,8.48134],[-8.11966,8.48065],[-8.10903,8.48811],[-8.1036,8.49193],[-8.10175,8.49622],[-8.09838,8.50404],[-8.09536,8.50584],[-8.09253,8.50417],[-8.08184,8.49786],[-8.0769,8.49931],[-8.07149,8.50264],[-8.06959,8.50382],[-8.06624,8.50591],[-8.06513,8.50661],[-8.06313,8.5058],[-8.05985,8.50448],[-8.05712,8.50213],[-8.05551,8.50075],[-8.0519,8.49889],[-8.05118,8.49852],[-8.04497,8.49533],[-8.03783,8.49363],[-8.03112,8.49584],[-8.02862,8.49561],[-8.02259,8.49505],[-8.01142,8.4885],[-8.00977,8.48753],[-8.00683,8.48846],[-8.00282,8.48974],[-7.99798,8.48945],[-7.99065,8.48522],[-7.98528,8.48381],[-7.98514,8.48377],[-7.98049,8.48624],[-7.98046,8.48632],[-7.97809,8.49333],[-7.97544,8.49531],[-7.97087,8.49874],[-7.96764,8.49893],[-7.9631,8.49336],[-7.96254,8.49349],[-7.95731,8.49467],[-7.95134,8.49382],[-7.95018,8.49365],[-7.9445,8.49899],[-7.9427,8.50068],[-7.93808,8.50108],[-7.92921,8.49131],[-7.92507,8.48981],[-7.91544,8.48631],[-7.91317,8.48329],[-7.91367,8.48281],[-7.91481,8.48171],[-7.92122,8.48024],[-7.92337,8.47975],[-7.91857,8.47624],[-7.91255,8.46595],[-7.9118,8.46467],[-7.91172,8.46318],[-7.91143,8.458],[-7.91328,8.45711],[-7.91527,8.46048],[-7.91712,8.46359],[-7.91944,8.4627],[-7.91998,8.46102],[-7.92304,8.4515],[-7.92125,8.44734],[-7.91108,8.44904],[-7.91041,8.44835],[-7.90972,8.44765],[-7.9091,8.43802],[-7.90895,8.43569],[-7.89678,8.43348],[-7.89261,8.43272],[-7.88475,8.43492],[-7.88427,8.43327],[-7.88408,8.43261],[-7.88746,8.4214],[-7.8866,8.41703],[-7.87639,8.42148],[-7.86476,8.42077],[-7.85242,8.42002],[-7.84756,8.42179],[-7.83288,8.43285],[-7.83099,8.43604],[-7.83353,8.44833],[-7.83771,8.46851],[-7.83619,8.47546],[-7.835,8.48088],[-7.83414,8.48242],[-7.8317,8.4868],[-7.82727,8.49019],[-7.82276,8.48232],[-7.82099,8.48179],[-7.81583,8.48042],[-7.81139,8.48021],[-7.80826,8.48006],[-7.8078,8.47976],[-7.80368,8.47701],[-7.79916,8.47029],[-7.79365,8.46838],[-7.7891,8.46432],[-7.78841,8.46371],[-7.78038,8.44362],[-7.77752,8.4379],[-7.76421,8.41125],[-7.75366,8.3839],[-7.75174,8.37892],[-7.7508,8.37813],[-7.74513,8.37332],[-7.71698,8.37477],[-7.70559,8.37279],[-7.69536,8.37102],[-7.69458,8.37129],[-7.68957,8.37301],[-7.68784,8.37273],[-7.68335,8.372],[-7.68012,8.3731],[-7.67687,8.37421],[-7.66278,8.37539],[-7.65173,8.37455],[-7.64397,8.37665],[-7.64107,8.37743],[-7.6497,8.38788],[-7.65074,8.39301],[-7.65143,8.3964],[-7.6546,8.40058],[-7.66603,8.409],[-7.66999,8.41975],[-7.67311,8.42823],[-7.6756,8.43262],[-7.68015,8.44065],[-7.68113,8.44666],[-7.68143,8.44848],[-7.68083,8.45111],[-7.67996,8.45489],[-7.67575,8.45943],[-7.67452,8.46268],[-7.67169,8.47016],[-7.66713,8.47782],[-7.66626,8.47928],[-7.66018,8.4854],[-7.65942,8.49067],[-7.66013,8.49728],[-7.66106,8.50585],[-7.66339,8.51064],[-7.66601,8.51602],[-7.67506,8.5251],[-7.67808,8.52813],[-7.67893,8.53],[-7.68291,8.53878],[-7.68433,8.54192],[-7.68436,8.54199],[-7.68756,8.54479],[-7.69702,8.58029],[-7.69799,8.58089],[-7.69931,8.5817],[-7.70035,8.58789],[-7.70166,8.59574],[-7.70416,8.59899],[-7.70662,8.60514],[-7.71154,8.61746],[-7.71206,8.62096],[-7.71281,8.62598],[-7.72293,8.65667],[-7.72392,8.65966],[-7.72682,8.66728],[-7.73609,8.68256],[-7.73808,8.68971],[-7.75067,8.71675],[-7.75217,8.72345],[-7.75263,8.72551],[-7.75416,8.72771],[-7.75649,8.73107],[-7.76209,8.74447],[-7.76358,8.75437],[-7.76394,8.75501],[-7.76787,8.762],[-7.77266,8.76712],[-7.77397,8.76781],[-7.77615,8.76896],[-7.7816,8.77183],[-7.78608,8.77259],[-7.79036,8.77332],[-7.8124,8.76602],[-7.82395,8.76594],[-7.83296,8.77047],[-7.84553,8.77679],[-7.85542,8.77734],[-7.86122,8.77767],[-7.87442,8.77531],[-7.89673,8.76695],[-7.90111,8.76531],[-7.91589,8.76549],[-7.92061,8.76731],[-7.92578,8.76929],[-7.94043,8.77935],[-7.94705,8.78656],[-7.96131,8.8104],[-7.96256,8.82167],[-7.96084,8.83229],[-7.95778,8.85114],[-7.95657,8.85856],[-7.95482,8.86936],[-7.95207,8.87916],[-7.94589,8.90119],[-7.93626,8.92671],[-7.93036,8.94235],[-7.91987,8.96189],[-7.91712,8.967],[-7.91744,8.96891],[-7.9176,8.96987],[-7.92078,8.98865],[-7.91828,9.00401],[-7.91619,9.00652],[-7.91342,9.00983],[-7.90632,9.01834],[-7.90009,9.02423],[-7.89602,9.02809],[-7.87707,9.0356],[-7.86512,9.04034],[-7.85379,9.05927],[-7.85141,9.0614],[-7.8509,9.06186],[-7.84987,9.06279],[-7.84093,9.07083],[-7.81303,9.08219],[-7.80381,9.07954],[-7.80265,9.07836],[-7.80153,9.07721],[-7.79457,9.07448],[-7.79002,9.0727],[-7.7849,9.07178],[-7.77757,9.07047],[-7.76491,9.06617],[-7.75909,9.0671],[-7.75425,9.06787],[-7.73727,9.07523],[-7.7372,9.0755],[-7.73653,9.07805],[-7.74096,9.08311],[-7.7416,9.08384],[-7.74644,9.08563],[-7.75517,9.08886],[-7.76154,9.09653],[-7.77055,9.09711],[-7.77092,9.09738],[-7.77765,9.10226],[-7.78641,9.10549],[-7.788,9.10608],[-7.80142,9.12258],[-7.80197,9.12278],[-7.80809,9.12496],[-7.81197,9.12916],[-7.8126,9.13341],[-7.81302,9.13629],[-7.81206,9.14054],[-7.82722,9.14901],[-7.83018,9.14943],[-7.83784,9.15053],[-7.83889,9.15249],[-7.8392,9.15307],[-7.83206,9.16884],[-7.83314,9.17483],[-7.84003,9.17859],[-7.8433,9.1784],[-7.853,9.17784],[-7.86738,9.1692],[-7.87025,9.16748],[-7.87087,9.16696],[-7.88188,9.15767],[-7.90781,9.17295],[-7.9149,9.17901],[-7.91629,9.18135],[-7.91688,9.18234],[-7.91988,9.18689],[-7.92293,9.20095],[-7.92601,9.21295],[-7.92584,9.2156],[-7.92573,9.21731],[-7.9203,9.22704],[-7.91554,9.23556],[-7.90647,9.25728],[-7.90201,9.26231],[-7.90083,9.26364],[-7.89533,9.27759],[-7.89322,9.27914],[-7.89135,9.28052],[-7.88745,9.29061],[-7.88614,9.29724],[-7.8848,9.30411],[-7.88556,9.30776],[-7.88654,9.31241],[-7.88648,9.32849],[-7.88645,9.33654],[-7.8878,9.34044],[-7.88845,9.34231],[-7.88754,9.34575],[-7.88748,9.34598],[-7.88669,9.34674],[-7.88279,9.35051],[-7.87922,9.35805],[-7.87851,9.35973],[-7.87564,9.36651],[-7.872,9.37003],[-7.86649,9.37535],[-7.86256,9.39254],[-7.85972,9.39756],[-7.85821,9.40627],[-7.85608,9.40992],[-7.85709,9.41169],[-7.85766,9.4127],[-7.85555,9.41721],[-7.85552,9.41727],[-7.85639,9.42165],[-7.8554,9.42646],[-7.85132,9.42567],[-7.85032,9.42548],[-7.84899,9.42864],[-7.84888,9.42891],[-7.84998,9.43774],[-7.85729,9.43339],[-7.85792,9.43302],[-7.86532,9.43334],[-7.87223,9.43619],[-7.88043,9.43577],[-7.88312,9.43563],[-7.88525,9.43221],[-7.88697,9.42419],[-7.89065,9.41849],[-7.89169,9.41689],[-7.89401,9.41623],[-7.91574,9.41949],[-7.91813,9.41829],[-7.93714,9.40873],[-7.94253,9.40603],[-7.96812,9.396],[-7.97305,9.39546],[-7.98319,9.39435],[-7.98354,9.39456],[-7.98755,9.39692],[-7.99935,9.39799],[-8.01134,9.40158],[-8.01276,9.40152],[-8.02884,9.40089],[-8.04702,9.40018],[-8.0539,9.401],[-8.06033,9.40176],[-8.07353,9.41986],[-8.08111,9.42432],[-8.08359,9.42964],[-8.08547,9.43179],[-8.09888,9.44707],[-8.10155,9.45561],[-8.10661,9.4582],[-8.10727,9.46049],[-8.10839,9.46443],[-8.11161,9.46585],[-8.11459,9.47079],[-8.11524,9.47187],[-8.11538,9.47294],[-8.11608,9.47832],[-8.1185,9.48085],[-8.12317,9.48576],[-8.12402,9.49151],[-8.12861,9.49525],[-8.13406,9.50382],[-8.13333,9.50657],[-8.13763,9.5149],[-8.13593,9.52132],[-8.13413,9.52346],[-8.13287,9.52496],[-8.13891,9.52877],[-8.14252,9.53105],[-8.14595,9.53157],[-8.14923,9.53206],[-8.14953,9.53423],[-8.14986,9.53666],[-8.14872,9.53951],[-8.14748,9.54261],[-8.15093,9.55313],[-8.15194,9.55623],[-8.15127,9.55851],[-8.15073,9.56035],[-8.15111,9.56238],[-8.15182,9.56611],[-8.14994,9.56862],[-8.14772,9.56917],[-8.14645,9.56949],[-8.14432,9.5736],[-8.14628,9.58305],[-8.14727,9.58395],[-8.23716,9.5872],[-8.35245,9.58112],[-8.39201,9.56706],[-8.42656,9.54107],[-8.43891,9.53256],[-8.46177,9.54194],[-8.48355,9.54433],[-8.49469,9.53517],[-8.48485,9.51258],[-8.49681,9.49121],[-8.51312,9.49743],[-8.52136,9.49052],[-8.53416,9.47357],[-8.54186,9.48511],[-8.55403,9.47797],[-8.55786,9.44576],[-8.57757,9.44148],[-8.58395,9.43506],[-8.59084,9.45662],[-8.60491,9.46108],[-8.61177,9.48762],[-8.61661,9.5026],[-8.61975,9.49795],[-8.62187,9.47782],[-8.63452,9.46333],[-8.63453,9.45567],[-8.63456,9.443],[-8.63135,9.42103],[-8.62604,9.40003],[-8.62193,9.37978],[-8.62102,9.35851],[-8.62044,9.33731],[-8.62286,9.31681],[-8.62339,9.30449],[-8.63878,9.28874],[-8.64453,9.24584],[-8.66257,9.21953],[-8.66333,9.18728],[-8.68898,9.1659],[-8.69358,9.16207],[-8.70905,9.13793],[-8.71539,9.11389],[-8.71747,9.10029],[-8.72221,9.0872],[-8.7271,9.06768],[-8.7289,9.04152],[-8.72312,9.01442],[-8.70263,8.98637],[-8.69978,8.96102],[-8.70596,8.95486],[-8.7188,8.94207],[-8.76631,8.92461],[-8.79501,8.91422],[-8.79738,8.91124],[-8.81576,8.88809],[-8.8308,8.85916],[-8.83723,8.8515],[-8.8414,8.84695],[-8.86051,8.83198],[-8.87022,8.82397],[-8.88434,8.81231],[-8.93135,8.78187],[-8.9377,8.77679],[-8.94212,8.7751],[-8.94902,8.77263],[-8.95774,8.77472],[-8.97386,8.78049],[-8.98842,8.78589],[-9.01025,8.79308],[-9.04117,8.79308],[-9.06482,8.79848],[-9.09574,8.78765],[-9.11484,8.78406],[-9.13758,8.78049],[-9.16305,8.7661],[-9.17578,8.76428],[-9.19761,8.76608],[-9.21307,8.76967],[-9.22308,8.78049],[-9.25491,8.78496],[-9.27492,8.80474],[-9.30402,8.82991],[-9.32131,8.85064],[-9.34677,8.86767],[-9.37406,8.87763],[-9.40225,8.89644],[-9.43318,8.89464],[-9.48229,8.87756],[-9.53686,8.86857],[-9.56506,8.86767],[-9.61344,8.87472],[-9.65483,8.88932],[-9.66756,8.89112],[-9.69303,8.88932],[-9.7094,8.87853],[-9.71023,8.87853],[-9.72213,8.87853],[-9.74033,8.88033],[-9.76215,8.89292],[-9.78216,8.87853],[-9.79672,8.86774],[-9.80355,8.84648],[-9.80916,8.84508],[-9.82316,8.84373],[-9.83111,8.84372],[-9.84133,8.83991],[-9.8545,8.8362],[-9.85744,8.83537],[-9.86019,8.83651],[-9.86566,8.83859],[-9.8735,8.84283],[-9.87888,8.84927],[-9.88319,8.84695],[-9.89888,8.84469],[-9.89988,8.83572],[-9.90426,8.83052],[-9.91339,8.82677],[-9.9255,8.81955],[-9.93745,8.81441],[-9.94135,8.8166],[-9.95213,8.8095],[-9.95819,8.8195],[-9.96654,8.81452],[-9.97202,8.80827],[-9.98468,8.81181],[-9.9896,8.81796],[-9.98906,8.82864],[-9.99008,8.84203],[-9.99593,8.85092],[-9.99594,8.85765],[-9.99444,8.86552],[-9.99545,8.87701],[-9.99898,8.88865],[-10.00106,8.89993],[-10.0012,8.90989],[-9.99626,8.92211],[-9.99486,8.94195],[-10.00011,8.95156],[-10.00952,8.95207],[-10.01679,8.94588],[-10.01618,8.93841],[-10.01589,8.92891],[-10.01959,8.92249],[-10.02135,8.91417],[-10.02619,8.90366],[-10.0286,8.89688],[-10.03242,8.89329],[-10.04469,8.88732],[-10.05933,8.88285],[-10.07023,8.87509],[-10.07483,8.87082],[-10.08358,8.87333],[-10.09354,8.87718],[-10.10245,8.87996],[-10.10801,8.8825],[-10.10905,8.89216],[-10.10935,8.90093],[-10.10874,8.90966],[-10.10613,8.91913],[-10.11001,8.92706],[-10.11021,8.9271],[-10.11759,8.92857],[-10.12399,8.92915],[-10.12666,8.92631],[-10.12904,8.92378],[-10.13584,8.91847],[-10.14593,8.91563],[-10.14969,8.90786],[-10.15551,8.89845],[-10.16444,8.89204],[-10.16953,8.88704],[-10.17973,8.88472],[-10.18364,8.88633],[-10.18581,8.88722],[-10.18643,8.89374],[-10.18554,8.90377],[-10.18738,8.91503],[-10.19492,8.91507],[-10.20547,8.91592],[-10.21034,8.92085],[-10.2135,8.93012],[-10.21539,8.93963],[-10.21976,8.94796],[-10.22522,8.95031],[-10.23228,8.9509],[-10.2454,8.94926],[-10.25144,8.94828],[-10.25654,8.95352],[-10.26351,8.95638],[-10.27382,8.95611],[-10.27459,8.95609],[-10.27841,8.9593],[-10.27929,8.97074],[-10.28303,8.97566],[-10.28192,8.98418],[-10.27975,8.9928],[-10.2804,9.00383],[-10.28183,9.01128],[-10.28278,9.01684],[-10.27952,9.02206],[-10.28229,9.03022],[-10.28288,9.03193],[-10.28529,9.03823],[-10.29307,9.04991],[-10.29881,9.05992],[-10.31105,9.06686],[-10.32713,9.06691],[-10.334,9.0614],[-10.33777,9.05305],[-10.33934,9.04635],[-10.33941,9.04139],[-10.33956,9.0305],[-10.34117,9.02062],[-10.34328,9.01326],[-10.3507,9.00884],[-10.36203,9.00398],[-10.3685,9.00316],[-10.37504,9.00005],[-10.38242,8.99578],[-10.38929,8.99624],[-10.40022,8.99258],[-10.4118,8.99023],[-10.41889,8.98876],[-10.42536,8.98849],[-10.43095,8.98586],[-10.43752,8.98457],[-10.44322,8.98311],[-10.44732,8.98244],[-10.45448,8.98075],[-10.4676,8.9806],[-10.46702,9.00029],[-10.46841,9.00834],[-10.46457,9.01611],[-10.45639,9.0276],[-10.44404,9.03691],[-10.43655,9.04421],[-10.43564,9.0495],[-10.43469,9.05464],[-10.43477,9.06174],[-10.43879,9.07208],[-10.4465,9.0787],[-10.45334,9.08925],[-10.45393,9.09417],[-10.45397,9.10043],[-10.45426,9.10945],[-10.4593,9.09551],[-10.46685,9.08093],[-10.4769,9.07016],[-10.48866,9.06623],[-10.49961,9.07048],[-10.52739,9.06959],[-10.54368,9.06714],[-10.55279,9.0664],[-10.56277,9.06442],[-10.57202,9.05549],[-10.57465,9.05076],[-10.57734,9.05249],[-10.58244,9.05579],[-10.59166,9.06175],[-10.59971,9.05848]]]},"properties":{"area_code":"nzerekore","area_name":"N'Zérékoré","area_unit_id":"gn-region-2014-geoboundaries-adm1:nzerekore","boundary_set_id":"gn-region-2014-geoboundaries-adm1","boundary_level":"region","boundary_vintage":"2017","boundary_source":"geoBoundaries GIN ADM1; source World Food Programme, OCHA ROWCA","boundary_licence":"CC BY 3.0 IGO"}}
]}