{"type":"FeatureCollection", "features": [
{"type":"Feature","geometry":{"type":"MultiPolygon","coordinates":[[[[-172.50723,-8.57541],[-172.50714,-8.57541],[-172.50714,-8.57532],[-172.50696,-8.57532],[-172.50687,-8.57532],[-172.50687,-8.57523],[-172.50669,-8.57523],[-172.50669,-8.57514],[-172.50642,-8.57514],[-172.50642,-8.57505],[-172.50633,-8.57505],[-172.50633,-8.57497],[-172.50624,-8.57497],[-172.50624,-8.57488],[-172.50615,-8.57488],[-172.50615,-8.5747],[-172.50615,-8.57461],[-172.50606,-8.57461],[-172.50606,-8.57452],[-172.50599,-8.5745],[-172.50596,-8.57445],[-172.50581,-8.57441],[-172.50578,-8.57436],[-172.50572,-8.57432],[-172.50569,-8.57427],[-172.5056,-8.57421],[-172.50569,-8.57415],[-172.50572,-8.5741],[-172.50578,-8.57406],[-172.50581,-8.57401],[-172.50587,-8.57397],[-172.5059,-8.57392],[-172.5062,-8.57388],[-172.50626,-8.57397],[-172.5064,-8.57401],[-172.50642,-8.57408],[-172.5066,-8.57408],[-172.50669,-8.57408],[-172.50669,-8.57417],[-172.50678,-8.57417],[-172.50687,-8.57417],[-172.50687,-8.57425],[-172.50696,-8.57425],[-172.50696,-8.57434],[-172.50705,-8.57434],[-172.50714,-8.57434],[-172.50714,-8.57443],[-172.50723,-8.57443],[-172.50723,-8.57452],[-172.50741,-8.57452],[-172.50768,-8.57452],[-172.50768,-8.57461],[-172.50813,-8.57461],[-172.50813,-8.5747],[-172.50831,-8.5747],[-172.50831,-8.57479],[-172.50849,-8.57479],[-172.50849,-8.57497],[-172.50858,-8.57497],[-172.50858,-8.57505],[-172.50858,-8.57514],[-172.50867,-8.57514],[-172.50867,-8.57532],[-172.50876,-8.57532],[-172.50876,-8.5755],[-172.50867,-8.5755],[-172.50867,-8.57559],[-172.50849,-8.57559],[-172.50849,-8.57568],[-172.50831,-8.57568],[-172.50831,-8.57576],[-172.50813,-8.57576],[-172.50813,-8.57585],[-172.50723,-8.57585],[-172.50723,-8.57541]]],[[[-172.48089,-8.57428],[-172.4808,-8.57419],[-172.48085,-8.57361],[-172.48093,-8.5737],[-172.48098,-8.57374],[-172.48102,-8.57406],[-172.48107,-8.5741],[-172.48111,-8.57428],[-172.48102,-8.57437],[-172.48098,-8.5745],[-172.48091,-8.57452],[-172.48089,-8.57428]]],[[[-172.48019,-8.57408],[-172.48019,-8.57443],[-172.4801,-8.57443],[-172.4801,-8.57408],[-172.48019,-8.57408]]],[[[-172.48229,-8.57406],[-172.48237,-8.57413],[-172.48226,-8.57417],[-172.48229,-8.57406]]],[[[-172.47831,-8.57292],[-172.47849,-8.57292],[-172.47849,-8.57301],[-172.47858,-8.57301],[-172.47858,-8.5731],[-172.47867,-8.5731],[-172.47867,-8.57328],[-172.47858,-8.57328],[-172.47858,-8.57346],[-172.47849,-8.57346],[-172.47849,-8.57354],[-172.47822,-8.57354],[-172.47822,-8.57346],[-172.47813,-8.57346],[-172.47813,-8.5731],[-172.47822,-8.5731],[-172.47822,-8.57301],[-172.47831,-8.57301],[-172.47831,-8.57292]]],[[[-172.47381,-8.57274],[-172.4739,-8.57274],[-172.47399,-8.57274],[-172.47399,-8.57283],[-172.47408,-8.57283],[-172.47417,-8.57283],[-172.47417,-8.57292],[-172.47417,-8.57301],[-172.47426,-8.57301],[-172.47435,-8.57301],[-172.47435,-8.5731],[-172.47435,-8.57319],[-172.47444,-8.57319],[-172.47444,-8.57354],[-172.47435,-8.57354],[-172.47435,-8.5739],[-172.47435,-8.57399],[-172.47426,-8.57399],[-172.47426,-8.57408],[-172.47435,-8.57408],[-172.47435,-8.57434],[-172.47444,-8.57434],[-172.47444,-8.57443],[-172.47446,-8.5745],[-172.47451,-8.57454],[-172.47455,-8.57477],[-172.47464,-8.57483],[-172.47455,-8.57489],[-172.47451,-8.57521],[-172.47444,-8.57523],[-172.47444,-8.57532],[-172.47426,-8.57532],[-172.47426,-8.57541],[-172.47381,-8.57541],[-172.47381,-8.57532],[-172.47354,-8.57532],[-172.47354,-8.57523],[-172.47337,-8.57523],[-172.47337,-8.57497],[-172.47345,-8.57497],[-172.47345,-8.5747],[-172.47354,-8.5747],[-172.47354,-8.57461],[-172.47354,-8.57408],[-172.47363,-8.57408],[-172.47363,-8.57346],[-172.47363,-8.57319],[-172.47363,-8.57292],[-172.47372,-8.57292],[-172.47372,-8.57283],[-172.47381,-8.57283],[-172.47381,-8.57274]]],[[[-172.47689,-8.5741],[-172.47694,-8.57406],[-172.47698,-8.57401],[-172.47703,-8.57397],[-172.47707,-8.57383],[-172.47712,-8.57379],[-172.47716,-8.57338],[-172.47721,-8.57335],[-172.47727,-8.57326],[-172.47734,-8.57335],[-172.47739,-8.57338],[-172.47743,-8.57359],[-172.47734,-8.57365],[-172.4773,-8.57403],[-172.47739,-8.5741],[-172.47743,-8.57492],[-172.47734,-8.57498],[-172.4773,-8.57557],[-172.47725,-8.57561],[-172.47721,-8.57566],[-172.47705,-8.57568],[-172.47669,-8.57568],[-172.47669,-8.57559],[-172.4766,-8.57559],[-172.4766,-8.5755],[-172.47651,-8.5755],[-172.47651,-8.57541],[-172.47651,-8.57488],[-172.4766,-8.57488],[-172.4766,-8.57452],[-172.47669,-8.57452],[-172.47669,-8.57434],[-172.47678,-8.57434],[-172.47678,-8.57425],[-172.47687,-8.57425],[-172.47689,-8.5741]]],[[[-172.48019,-8.57408],[-172.48019,-8.5739],[-172.47992,-8.5739],[-172.47992,-8.57381],[-172.47983,-8.57381],[-172.47983,-8.57363],[-172.47974,-8.57363],[-172.47967,-8.57365],[-172.4796,-8.57374],[-172.47945,-8.57369],[-172.47954,-8.57361],[-172.47956,-8.57354],[-172.47947,-8.57354],[-172.47947,-8.57346],[-172.47956,-8.57346],[-172.47956,-8.57328],[-172.47965,-8.57328],[-172.47965,-8.57319],[-172.47974,-8.57319],[-172.47981,-8.57317],[-172.47985,-8.57303],[-172.48016,-8.57299],[-172.48021,-8.57317],[-172.48026,-8.57321],[-172.4803,-8.57353],[-172.48039,-8.57359],[-172.4803,-8.57365],[-172.48026,-8.57385],[-172.48039,-8.57394],[-172.4803,-8.57401],[-172.48026,-8.57406],[-172.48019,-8.57408]]],[[[-172.48253,-8.57443],[-172.48264,-8.57446],[-172.48256,-8.57454],[-172.48253,-8.57443]]],[[[-172.48208,-8.57505],[-172.48208,-8.57488],[-172.48208,-8.5747],[-172.4821,-8.57441],[-172.48219,-8.5745],[-172.48233,-8.57454],[-172.48235,-8.5747],[-172.48244,-8.5747],[-172.48244,-8.57479],[-172.48262,-8.57479],[-172.48262,-8.57497],[-172.48271,-8.57497],[-172.48271,-8.57648],[-172.48282,-8.57651],[-172.48277,-8.57694],[-172.48269,-8.57685],[-172.48262,-8.57683],[-172.48262,-8.57701],[-172.48235,-8.57701],[-172.48235,-8.57692],[-172.4819,-8.57692],[-172.4819,-8.57683],[-172.48181,-8.57683],[-172.48163,-8.57683],[-172.48163,-8.57674],[-172.48154,-8.57674],[-172.48154,-8.57612],[-172.48163,-8.57612],[-172.48163,-8.57594],[-172.48172,-8.57594],[-172.48172,-8.57585],[-172.48181,-8.57585],[-172.48181,-8.57568],[-172.4819,-8.57568],[-172.4819,-8.5755],[-172.48199,-8.5755],[-172.48199,-8.57523],[-172.48208,-8.57523],[-172.48208,-8.57505]]],[[[-172.47507,-8.57523],[-172.47507,-8.57461],[-172.47525,-8.57461],[-172.47525,-8.57523],[-172.47507,-8.57523]]],[[[-172.4799,-8.57459],[-172.47997,-8.5745],[-172.48003,-8.57459],[-172.48012,-8.57465],[-172.48003,-8.57472],[-172.47999,-8.57512],[-172.47994,-8.57516],[-172.4799,-8.57521],[-172.47985,-8.57525],[-172.47981,-8.57539],[-172.47976,-8.57543],[-172.47972,-8.57548],[-172.47961,-8.57552],[-172.47954,-8.57543],[-172.4794,-8.57539],[-172.47937,-8.57534],[-172.47931,-8.5753],[-172.47928,-8.57492],[-172.47937,-8.57486],[-172.4794,-8.57481],[-172.47954,-8.57477],[-172.47958,-8.57472],[-172.47974,-8.5747],[-172.47974,-8.57461],[-172.47983,-8.57461],[-172.4799,-8.57459]]],[[[-172.48244,-8.57434],[-172.48233,-8.57431],[-172.48241,-8.57423],[-172.48244,-8.57434]]],[[[-172.47806,-8.57428],[-172.4781,-8.57423],[-172.47819,-8.57414],[-172.47833,-8.57421],[-172.47828,-8.57454],[-172.47816,-8.57442],[-172.4781,-8.57459],[-172.47804,-8.57461],[-172.47806,-8.57428]]],[[[-172.48253,-8.57443],[-172.48244,-8.57443],[-172.48244,-8.57434],[-172.48253,-8.57434],[-172.48253,-8.57443]]],[[[-172.48202,-8.57424],[-172.4821,-8.57431],[-172.48199,-8.57434],[-172.48202,-8.57424]]],[[[-172.51145,-8.56377],[-172.51136,-8.56377],[-172.51136,-8.56368],[-172.51129,-8.56367],[-172.51126,-8.56361],[-172.5112,-8.56358],[-172.51117,-8.56352],[-172.51111,-8.56349],[-172.51108,-8.56337],[-172.51117,-8.56331],[-172.5112,-8.56326],[-172.51129,-8.5632],[-172.5112,-8.56313],[-172.51117,-8.56293],[-172.51126,-8.56287],[-172.51129,-8.56264],[-172.51143,-8.5626],[-172.51147,-8.56246],[-172.51169,-8.56242],[-172.51174,-8.5626],[-172.51179,-8.56264],[-172.51183,-8.56284],[-172.51174,-8.5629],[-172.5117,-8.56304],[-172.51165,-8.56308],[-172.51161,-8.56367],[-172.51154,-8.56368],[-172.51154,-8.56377],[-172.51145,-8.56377]]],[[[-172.47193,-8.55693],[-172.47193,-8.55702],[-172.47184,-8.55702],[-172.47175,-8.55702],[-172.47175,-8.55711],[-172.47085,-8.55711],[-172.47085,-8.55738],[-172.47094,-8.55738],[-172.47094,-8.55747],[-172.47103,-8.55747],[-172.47112,-8.55747],[-172.47112,-8.55755],[-172.47121,-8.55755],[-172.47121,-8.55764],[-172.4713,-8.55764],[-172.47148,-8.55764],[-172.47148,-8.55773],[-172.47157,-8.55773],[-172.47157,-8.55791],[-172.47166,-8.55791],[-172.47166,-8.55809],[-172.47157,-8.55809],[-172.47157,-8.55818],[-172.47148,-8.55818],[-172.47148,-8.55827],[-172.47139,-8.55827],[-172.47139,-8.55844],[-172.4713,-8.55844],[-172.4713,-8.55862],[-172.47121,-8.55862],[-172.47121,-8.55871],[-172.47085,-8.55871],[-172.47085,-8.55862],[-172.47076,-8.55862],[-172.47076,-8.55853],[-172.47067,-8.55853],[-172.47067,-8.55844],[-172.47051,-8.55842],[-172.47047,-8.55837],[-172.47015,-8.55834],[-172.47009,-8.55825],[-172.47002,-8.55834],[-172.46995,-8.55835],[-172.46977,-8.55835],[-172.46977,-8.55827],[-172.46959,-8.55827],[-172.46959,-8.55818],[-172.4695,-8.55818],[-172.4695,-8.55809],[-172.46896,-8.55809],[-172.46896,-8.55818],[-172.46842,-8.55818],[-172.46842,-8.55827],[-172.46833,-8.55827],[-172.46833,-8.55835],[-172.46824,-8.55835],[-172.46824,-8.55853],[-172.46815,-8.55853],[-172.46815,-8.55871],[-172.46806,-8.55871],[-172.46806,-8.55889],[-172.46798,-8.55889],[-172.46798,-8.55898],[-172.46789,-8.55898],[-172.46789,-8.55915],[-172.4678,-8.55915],[-172.4678,-8.55924],[-172.46771,-8.55924],[-172.46771,-8.55942],[-172.46762,-8.55942],[-172.46762,-8.5596],[-172.46753,-8.5596],[-172.46753,-8.56004],[-172.46744,-8.56004],[-172.46744,-8.56031],[-172.46735,-8.56031],[-172.46735,-8.56049],[-172.46744,-8.56049],[-172.46744,-8.56057],[-172.46762,-8.56057],[-172.46762,-8.56066],[-172.46798,-8.56066],[-172.46798,-8.56057],[-172.46815,-8.56057],[-172.46815,-8.56049],[-172.46824,-8.56049],[-172.46833,-8.56049],[-172.46833,-8.56057],[-172.46842,-8.56057],[-172.46842,-8.56066],[-172.46842,-8.56075],[-172.46851,-8.56075],[-172.46851,-8.56093],[-172.4686,-8.56093],[-172.4686,-8.56102],[-172.46869,-8.56102],[-172.46869,-8.5612],[-172.46878,-8.5612],[-172.46878,-8.56155],[-172.46887,-8.56155],[-172.46887,-8.56191],[-172.46896,-8.56191],[-172.46896,-8.56208],[-172.46905,-8.56208],[-172.46905,-8.56235],[-172.46914,-8.56235],[-172.46914,-8.56271],[-172.46905,-8.56271],[-172.46905,-8.5628],[-172.46896,-8.5628],[-172.46896,-8.56297],[-172.46887,-8.56297],[-172.46887,-8.56306],[-172.4686,-8.56306],[-172.4686,-8.56315],[-172.46851,-8.56315],[-172.46851,-8.56324],[-172.46842,-8.56324],[-172.46842,-8.56342],[-172.46833,-8.56342],[-172.46833,-8.5636],[-172.46842,-8.5636],[-172.46842,-8.56377],[-172.46851,-8.56377],[-172.46851,-8.56395],[-172.4686,-8.56395],[-172.4686,-8.56404],[-172.46869,-8.56404],[-172.46869,-8.56422],[-172.46878,-8.56422],[-172.46878,-8.56439],[-172.46887,-8.56439],[-172.46887,-8.56466],[-172.46905,-8.56466],[-172.46905,-8.56475],[-172.46914,-8.56475],[-172.46921,-8.56477],[-172.46925,-8.56482],[-172.46934,-8.56488],[-172.46925,-8.56495],[-172.46921,-8.56506],[-172.4693,-8.56512],[-172.46934,-8.56586],[-172.46925,-8.56592],[-172.46923,-8.56617],[-172.46932,-8.56617],[-172.46932,-8.56644],[-172.46941,-8.56644],[-172.46941,-8.56653],[-172.4695,-8.56653],[-172.4695,-8.56697],[-172.46959,-8.56697],[-172.46959,-8.56715],[-172.46968,-8.56715],[-172.46968,-8.56733],[-172.46977,-8.56733],[-172.46977,-8.5675],[-172.46986,-8.5675],[-172.46986,-8.56848],[-172.46977,-8.56848],[-172.46977,-8.56866],[-172.46968,-8.56866],[-172.46968,-8.56884],[-172.46959,-8.56884],[-172.46959,-8.56892],[-172.4695,-8.56892],[-172.4695,-8.5691],[-172.46941,-8.5691],[-172.46941,-8.56919],[-172.46932,-8.56919],[-172.46932,-8.56928],[-172.46923,-8.56928],[-172.46923,-8.56937],[-172.46914,-8.56937],[-172.46914,-8.56955],[-172.46905,-8.56955],[-172.46905,-8.56964],[-172.46896,-8.56964],[-172.46896,-8.56972],[-172.46887,-8.56972],[-172.46887,-8.56981],[-172.46878,-8.56981],[-172.46878,-8.5699],[-172.46869,-8.5699],[-172.46869,-8.56999],[-172.4686,-8.56999],[-172.4686,-8.57008],[-172.46851,-8.57008],[-172.46851,-8.57026],[-172.46842,-8.57026],[-172.46842,-8.57043],[-172.46833,-8.57043],[-172.46833,-8.57061],[-172.46824,-8.57061],[-172.46824,-8.57079],[-172.46815,-8.57079],[-172.46815,-8.57115],[-172.46806,-8.57115],[-172.46806,-8.57123],[-172.46789,-8.57123],[-172.46789,-8.5715],[-172.4678,-8.5715],[-172.4678,-8.57159],[-172.46762,-8.57159],[-172.46762,-8.57168],[-172.46762,-8.57186],[-172.46753,-8.57186],[-172.46753,-8.57203],[-172.46744,-8.57203],[-172.46744,-8.57221],[-172.46735,-8.57221],[-172.46735,-8.57248],[-172.46744,-8.57248],[-172.46744,-8.57274],[-172.46744,-8.57292],[-172.46753,-8.57292],[-172.46753,-8.57301],[-172.46762,-8.57301],[-172.46762,-8.57319],[-172.46771,-8.57319],[-172.46771,-8.57328],[-172.46789,-8.57328],[-172.46789,-8.57337],[-172.46798,-8.57337],[-172.46798,-8.57346],[-172.46824,-8.57346],[-172.46824,-8.57354],[-172.46896,-8.57354],[-172.46905,-8.57354],[-172.46968,-8.57354],[-172.46968,-8.57363],[-172.46995,-8.57363],[-172.46995,-8.57354],[-172.47004,-8.57354],[-172.47004,-8.57346],[-172.47013,-8.57346],[-172.47013,-8.57337],[-172.47022,-8.57337],[-172.47022,-8.57319],[-172.47031,-8.57319],[-172.47031,-8.57301],[-172.47049,-8.57301],[-172.47049,-8.57292],[-172.47058,-8.57292],[-172.47058,-8.57283],[-172.47067,-8.57283],[-172.47076,-8.57283],[-172.47076,-8.57274],[-172.47085,-8.57274],[-172.47085,-8.57266],[-172.47094,-8.57266],[-172.47094,-8.57257],[-172.47094,-8.57248],[-172.47103,-8.57248],[-172.47103,-8.57239],[-172.47112,-8.57239],[-172.47112,-8.5723],[-172.4713,-8.5723],[-172.4713,-8.57221],[-172.47175,-8.57221],[-172.47175,-8.5723],[-172.47211,-8.5723],[-172.47211,-8.57239],[-172.47247,-8.57239],[-172.47247,-8.57248],[-172.47256,-8.57248],[-172.47256,-8.57221],[-172.47274,-8.57221],[-172.47274,-8.5723],[-172.47301,-8.5723],[-172.47301,-8.57257],[-172.47292,-8.57257],[-172.47292,-8.57274],[-172.47292,-8.57283],[-172.47283,-8.57283],[-172.47283,-8.57301],[-172.47274,-8.57301],[-172.47274,-8.57328],[-172.47265,-8.57328],[-172.47265,-8.57346],[-172.47256,-8.57346],[-172.47256,-8.57354],[-172.47247,-8.57354],[-172.47247,-8.57381],[-172.47238,-8.57381],[-172.47238,-8.57434],[-172.47238,-8.57505],[-172.47229,-8.57505],[-172.47229,-8.57514],[-172.4722,-8.57514],[-172.4722,-8.57523],[-172.47211,-8.57523],[-172.47211,-8.57532],[-172.47157,-8.57532],[-172.47157,-8.57541],[-172.47085,-8.57541],[-172.47076,-8.57541],[-172.47076,-8.5755],[-172.47058,-8.5755],[-172.46986,-8.5755],[-172.46762,-8.5755],[-172.46762,-8.57541],[-172.4669,-8.57541],[-172.4669,-8.57532],[-172.466,-8.57532],[-172.466,-8.57541],[-172.46555,-8.57541],[-172.46555,-8.57532],[-172.46546,-8.57532],[-172.46546,-8.57523],[-172.46528,-8.57523],[-172.46528,-8.57514],[-172.46519,-8.57514],[-172.46519,-8.57505],[-172.4651,-8.57505],[-172.4651,-8.57497],[-172.46492,-8.57497],[-172.46492,-8.57479],[-172.46483,-8.57479],[-172.46483,-8.57346],[-172.46492,-8.57346],[-172.46492,-8.57337],[-172.46492,-8.57301],[-172.46501,-8.57301],[-172.46501,-8.57274],[-172.4651,-8.57274],[-172.4651,-8.57239],[-172.46519,-8.57239],[-172.46519,-8.57203],[-172.46528,-8.57203],[-172.46528,-8.57186],[-172.46537,-8.57186],[-172.46537,-8.5715],[-172.46546,-8.5715],[-172.46546,-8.57132],[-172.46546,-8.57123],[-172.46546,-8.57097],[-172.46555,-8.57097],[-172.46555,-8.57079],[-172.46564,-8.57079],[-172.46564,-8.5707],[-172.46564,-8.57052],[-172.46564,-8.57026],[-172.46573,-8.57026],[-172.46573,-8.56999],[-172.46582,-8.56999],[-172.46582,-8.56981],[-172.46582,-8.56972],[-172.46591,-8.56972],[-172.46591,-8.56955],[-172.466,-8.56955],[-172.466,-8.56919],[-172.46609,-8.56919],[-172.46609,-8.56884],[-172.46618,-8.56884],[-172.46618,-8.56848],[-172.46627,-8.56848],[-172.46627,-8.56839],[-172.46627,-8.56813],[-172.46636,-8.56813],[-172.46638,-8.5677],[-172.46643,-8.56766],[-172.46647,-8.56726],[-172.46652,-8.56722],[-172.46656,-8.5669],[-172.46661,-8.56686],[-172.46665,-8.56628],[-172.4667,-8.56624],[-172.46674,-8.56477],[-172.46679,-8.56473],[-172.46683,-8.56462],[-172.4667,-8.56453],[-172.46679,-8.56446],[-172.46683,-8.56426],[-172.46674,-8.5642],[-172.4667,-8.56344],[-172.46665,-8.5634],[-172.46661,-8.56317],[-172.46656,-8.56313],[-172.46652,-8.56281],[-172.46647,-8.56278],[-172.46643,-8.56246],[-172.46638,-8.56242],[-172.46634,-8.5621],[-172.46629,-8.56207],[-172.46625,-8.56184],[-172.4662,-8.5618],[-172.46618,-8.56155],[-172.46609,-8.56155],[-172.46609,-8.56137],[-172.46609,-8.56129],[-172.466,-8.56129],[-172.466,-8.5612],[-172.466,-8.56102],[-172.46591,-8.56102],[-172.46591,-8.56066],[-172.46582,-8.56066],[-172.46582,-8.5604],[-172.46573,-8.5604],[-172.46573,-8.55986],[-172.46564,-8.55986],[-172.46564,-8.558],[-172.46573,-8.558],[-172.46573,-8.55782],[-172.46582,-8.55782],[-172.46582,-8.55764],[-172.46591,-8.55764],[-172.46591,-8.55747],[-172.466,-8.55747],[-172.466,-8.55738],[-172.46609,-8.55738],[-172.46609,-8.5572],[-172.46627,-8.5572],[-172.46627,-8.55711],[-172.46636,-8.55711],[-172.46636,-8.55702],[-172.46645,-8.55702],[-172.46645,-8.55693],[-172.46654,-8.55693],[-172.46654,-8.55684],[-172.46663,-8.55684],[-172.46663,-8.55676],[-172.4669,-8.55676],[-172.4669,-8.55667],[-172.46699,-8.55667],[-172.46699,-8.55658],[-172.46717,-8.55658],[-172.46717,-8.55649],[-172.46726,-8.55649],[-172.46726,-8.5564],[-172.46735,-8.5564],[-172.46735,-8.55631],[-172.46744,-8.55631],[-172.46753,-8.55631],[-172.46753,-8.55622],[-172.46771,-8.55622],[-172.46771,-8.55613],[-172.46789,-8.55613],[-172.46789,-8.55604],[-172.46806,-8.55604],[-172.46806,-8.55596],[-172.46824,-8.55596],[-172.46824,-8.55587],[-172.46842,-8.55587],[-172.46842,-8.55578],[-172.4686,-8.55578],[-172.4686,-8.55569],[-172.46887,-8.55569],[-172.46887,-8.5556],[-172.46905,-8.5556],[-172.46905,-8.55551],[-172.46923,-8.55551],[-172.46923,-8.55542],[-172.46941,-8.55542],[-172.46941,-8.55533],[-172.46959,-8.55533],[-172.46959,-8.55524],[-172.46986,-8.55524],[-172.46986,-8.55516],[-172.47004,-8.55516],[-172.47004,-8.55507],[-172.47031,-8.55507],[-172.47031,-8.55498],[-172.47049,-8.55498],[-172.47049,-8.55489],[-172.47067,-8.55489],[-172.47067,-8.5548],[-172.47076,-8.5548],[-172.47076,-8.55471],[-172.47085,-8.55471],[-172.47103,-8.55471],[-172.47103,-8.55462],[-172.47121,-8.55462],[-172.47121,-8.55453],[-172.4713,-8.55453],[-172.4713,-8.55445],[-172.47139,-8.55445],[-172.47139,-8.55436],[-172.47166,-8.55436],[-172.47166,-8.55427],[-172.47193,-8.55427],[-172.47193,-8.55418],[-172.47202,-8.55418],[-172.47202,-8.55409],[-172.4722,-8.55409],[-172.4722,-8.554],[-172.47238,-8.554],[-172.47238,-8.55391],[-172.47256,-8.55391],[-172.47256,-8.55382],[-172.47283,-8.55382],[-172.47283,-8.55373],[-172.47292,-8.55373],[-172.47292,-8.55365],[-172.47301,-8.55365],[-172.47301,-8.55356],[-172.47319,-8.55356],[-172.47319,-8.55347],[-172.47337,-8.55347],[-172.47337,-8.55338],[-172.47345,-8.55338],[-172.47345,-8.55329],[-172.47363,-8.55329],[-172.47363,-8.5532],[-172.47372,-8.5532],[-172.47372,-8.55311],[-172.4739,-8.55311],[-172.4739,-8.55302],[-172.47408,-8.55302],[-172.47408,-8.55294],[-172.47417,-8.55294],[-172.47417,-8.55285],[-172.47426,-8.55285],[-172.47426,-8.55276],[-172.47444,-8.55276],[-172.47444,-8.55267],[-172.47453,-8.55267],[-172.47453,-8.55258],[-172.47471,-8.55258],[-172.47471,-8.55249],[-172.4748,-8.55249],[-172.47489,-8.55249],[-172.47489,-8.5524],[-172.47498,-8.5524],[-172.47498,-8.55231],[-172.47507,-8.55231],[-172.47516,-8.55231],[-172.47516,-8.55222],[-172.47534,-8.55222],[-172.47534,-8.55214],[-172.47543,-8.55214],[-172.47543,-8.55205],[-172.47561,-8.55205],[-172.47561,-8.55196],[-172.4757,-8.55196],[-172.4757,-8.55187],[-172.47588,-8.55187],[-172.47588,-8.55178],[-172.47615,-8.55178],[-172.47615,-8.55169],[-172.47633,-8.55169],[-172.47633,-8.5516],[-172.47633,-8.55151],[-172.47642,-8.55151],[-172.47642,-8.55143],[-172.47651,-8.55143],[-172.47651,-8.55134],[-172.4766,-8.55134],[-172.4766,-8.55125],[-172.47669,-8.55125],[-172.47669,-8.55116],[-172.47687,-8.55116],[-172.47687,-8.55107],[-172.47696,-8.55107],[-172.47696,-8.55098],[-172.47705,-8.55098],[-172.47705,-8.55089],[-172.47714,-8.55089],[-172.47714,-8.5508],[-172.47723,-8.5508],[-172.47732,-8.5508],[-172.47732,-8.55071],[-172.47741,-8.55071],[-172.47741,-8.55063],[-172.4775,-8.55063],[-172.4775,-8.55054],[-172.47759,-8.55054],[-172.47777,-8.55054],[-172.47777,-8.55045],[-172.47786,-8.55045],[-172.47786,-8.55036],[-172.47795,-8.55036],[-172.47795,-8.55027],[-172.47804,-8.55027],[-172.47806,-8.5502],[-172.47833,-8.55015],[-172.47821,-8.55005],[-172.47828,-8.54998],[-172.47833,-8.54994],[-172.47846,-8.54989],[-172.47851,-8.54976],[-172.47858,-8.54974],[-172.47858,-8.54965],[-172.47867,-8.54965],[-172.47867,-8.54956],[-172.47875,-8.54956],[-172.47875,-8.54947],[-172.47884,-8.54947],[-172.47884,-8.54938],[-172.47902,-8.54938],[-172.47902,-8.54929],[-172.47911,-8.54929],[-172.4792,-8.54929],[-172.47936,-8.54927],[-172.47941,-8.54905],[-172.47945,-8.54901],[-172.4795,-8.54896],[-172.47954,-8.54892],[-172.47958,-8.54887],[-172.47963,-8.54883],[-172.47967,-8.54878],[-172.47972,-8.54874],[-172.47976,-8.54869],[-172.4799,-8.54865],[-172.47994,-8.5486],[-172.47999,-8.54856],[-172.48003,-8.54852],[-172.48008,-8.54847],[-172.48012,-8.54843],[-172.48026,-8.54838],[-172.4803,-8.54834],[-172.48035,-8.54829],[-172.48039,-8.54825],[-172.48044,-8.54821],[-172.48048,-8.54816],[-172.48053,-8.54812],[-172.48057,-8.54807],[-172.48062,-8.54803],[-172.48066,-8.54798],[-172.4808,-8.54794],[-172.48084,-8.54789],[-172.48098,-8.54785],[-172.48102,-8.5478],[-172.48107,-8.54776],[-172.48111,-8.54772],[-172.48116,-8.54767],[-172.4812,-8.54763],[-172.48125,-8.54758],[-172.48129,-8.54754],[-172.48134,-8.5475],[-172.48138,-8.54736],[-172.48152,-8.54732],[-172.48156,-8.54727],[-172.48161,-8.54723],[-172.48165,-8.54718],[-172.4817,-8.54714],[-172.48174,-8.54709],[-172.48179,-8.54705],[-172.48183,-8.547],[-172.48188,-8.54696],[-172.48192,-8.54692],[-172.48197,-8.54687],[-172.48201,-8.54683],[-172.48206,-8.54678],[-172.4821,-8.54674],[-172.48215,-8.5467],[-172.48219,-8.54665],[-172.48233,-8.54661],[-172.48237,-8.54656],[-172.48242,-8.54652],[-172.48246,-8.54647],[-172.4826,-8.54643],[-172.48264,-8.54629],[-172.48269,-8.54625],[-172.48273,-8.54621],[-172.48278,-8.54616],[-172.48282,-8.54612],[-172.48296,-8.54607],[-172.483,-8.54603],[-172.48314,-8.54598],[-172.48318,-8.54594],[-172.48322,-8.5459],[-172.48327,-8.54576],[-172.48331,-8.54572],[-172.48336,-8.54567],[-172.4834,-8.54563],[-172.48345,-8.54558],[-172.48372,-8.54553],[-172.48359,-8.54542],[-172.48376,-8.54536],[-172.48381,-8.54532],[-172.48385,-8.54527],[-172.4839,-8.54523],[-172.48394,-8.54519],[-172.48399,-8.54514],[-172.48403,-8.5451],[-172.48408,-8.54505],[-172.48412,-8.54501],[-172.48417,-8.54496],[-172.48421,-8.54492],[-172.48426,-8.54487],[-172.4843,-8.54483],[-172.48435,-8.54478],[-172.48439,-8.54474],[-172.48444,-8.5447],[-172.48448,-8.54465],[-172.48453,-8.54461],[-172.48457,-8.54456],[-172.48462,-8.54452],[-172.48466,-8.54447],[-172.48471,-8.54443],[-172.48475,-8.54439],[-172.4848,-8.54434],[-172.48484,-8.5443],[-172.48489,-8.54416],[-172.48493,-8.54412],[-172.48497,-8.54398],[-172.48502,-8.54394],[-172.48506,-8.5439],[-172.48511,-8.54385],[-172.48515,-8.54381],[-172.4852,-8.54376],[-172.48524,-8.54372],[-172.48529,-8.54368],[-172.48533,-8.54363],[-172.48538,-8.54359],[-172.48542,-8.54354],[-172.48547,-8.5435],[-172.48551,-8.54345],[-172.48556,-8.54341],[-172.4856,-8.54336],[-172.48574,-8.54332],[-172.48578,-8.54327],[-172.48583,-8.54323],[-172.48587,-8.54318],[-172.48592,-8.54314],[-172.48596,-8.5431],[-172.48603,-8.54307],[-172.48603,-8.54299],[-172.48612,-8.54299],[-172.48621,-8.54299],[-172.48648,-8.54299],[-172.48648,-8.54307],[-172.48657,-8.54307],[-172.48657,-8.54316],[-172.48666,-8.54316],[-172.48666,-8.54325],[-172.48675,-8.54325],[-172.48675,-8.54334],[-172.48684,-8.54334],[-172.48684,-8.54352],[-172.48693,-8.54352],[-172.48693,-8.5437],[-172.48702,-8.5437],[-172.48702,-8.54414],[-172.48711,-8.54414],[-172.48711,-8.54432],[-172.4872,-8.54432],[-172.4872,-8.54485],[-172.48711,-8.54485],[-172.48711,-8.54512],[-172.48702,-8.54512],[-172.48702,-8.54538],[-172.48693,-8.54538],[-172.48693,-8.54565],[-172.48684,-8.54565],[-172.48684,-8.54574],[-172.48675,-8.54574],[-172.48675,-8.54583],[-172.48657,-8.54583],[-172.48657,-8.54592],[-172.48648,-8.54592],[-172.48648,-8.54601],[-172.48639,-8.54601],[-172.48639,-8.5461],[-172.48621,-8.5461],[-172.48621,-8.54627],[-172.48603,-8.54627],[-172.48603,-8.54645],[-172.48576,-8.54645],[-172.48576,-8.54654],[-172.48567,-8.54654],[-172.48567,-8.54663],[-172.48567,-8.54681],[-172.48558,-8.54681],[-172.48558,-8.54698],[-172.48549,-8.54698],[-172.48549,-8.54707],[-172.4854,-8.54707],[-172.48531,-8.54707],[-172.48531,-8.54716],[-172.48522,-8.54716],[-172.48522,-8.54725],[-172.48513,-8.54725],[-172.48513,-8.54734],[-172.48495,-8.54734],[-172.48495,-8.54743],[-172.48486,-8.54743],[-172.48486,-8.54752],[-172.48468,-8.54752],[-172.48468,-8.54761],[-172.48459,-8.54761],[-172.48459,-8.54778],[-172.4845,-8.54778],[-172.4845,-8.54787],[-172.48441,-8.54787],[-172.48441,-8.54796],[-172.48432,-8.54796],[-172.48432,-8.54814],[-172.48423,-8.54814],[-172.48423,-8.54832],[-172.48414,-8.54832],[-172.48414,-8.54849],[-172.48397,-8.54849],[-172.48397,-8.54858],[-172.48388,-8.54858],[-172.48388,-8.54867],[-172.48361,-8.54867],[-172.48352,-8.54867],[-172.48325,-8.54867],[-172.48325,-8.54876],[-172.48298,-8.54876],[-172.48298,-8.54885],[-172.4828,-8.54885],[-172.4828,-8.54894],[-172.48271,-8.54894],[-172.48271,-8.54903],[-172.48262,-8.54903],[-172.48262,-8.5492],[-172.48253,-8.5492],[-172.48253,-8.54929],[-172.48244,-8.54929],[-172.48244,-8.54938],[-172.48244,-8.54947],[-172.48235,-8.54947],[-172.48235,-8.54965],[-172.48226,-8.54965],[-172.48226,-8.55],[-172.48217,-8.55],[-172.48217,-8.55027],[-172.48208,-8.55027],[-172.48208,-8.55063],[-172.48199,-8.55063],[-172.48199,-8.55089],[-172.4819,-8.55089],[-172.4819,-8.55098],[-172.48181,-8.55098],[-172.48183,-8.55105],[-172.48192,-8.55111],[-172.48183,-8.55118],[-172.48179,-8.55132],[-172.48174,-8.55135],[-172.4817,-8.55141],[-172.48123,-8.55144],[-172.48116,-8.55135],[-172.48111,-8.55132],[-172.48107,-8.5512],[-172.48116,-8.55114],[-172.4812,-8.55109],[-172.48125,-8.55105],[-172.48127,-8.55098],[-172.48118,-8.55098],[-172.48118,-8.5508],[-172.481,-8.5508],[-172.48091,-8.5508],[-172.48091,-8.55071],[-172.48082,-8.55071],[-172.48073,-8.55071],[-172.48073,-8.55063],[-172.48064,-8.55063],[-172.48064,-8.55054],[-172.48055,-8.55054],[-172.48055,-8.55045],[-172.48037,-8.55045],[-172.48037,-8.55036],[-172.48028,-8.55036],[-172.48028,-8.55027],[-172.48019,-8.55027],[-172.48019,-8.55009],[-172.4801,-8.55009],[-172.4801,-8.54991],[-172.48001,-8.54991],[-172.48001,-8.54983],[-172.47992,-8.54983],[-172.47992,-8.54974],[-172.47983,-8.54974],[-172.47983,-8.54956],[-172.47974,-8.54956],[-172.47974,-8.54947],[-172.47956,-8.54947],[-172.47956,-8.54938],[-172.47938,-8.54938],[-172.47938,-8.55018],[-172.47947,-8.55018],[-172.47947,-8.55036],[-172.47947,-8.55045],[-172.47956,-8.55045],[-172.47956,-8.55063],[-172.47965,-8.55063],[-172.47965,-8.55071],[-172.47974,-8.55071],[-172.47974,-8.55089],[-172.47983,-8.55089],[-172.47983,-8.55098],[-172.47992,-8.55098],[-172.47992,-8.55125],[-172.48001,-8.55125],[-172.48001,-8.55143],[-172.47992,-8.55143],[-172.47992,-8.55151],[-172.47992,-8.55169],[-172.47983,-8.55169],[-172.47983,-8.55187],[-172.47974,-8.55187],[-172.47974,-8.55205],[-172.47983,-8.55205],[-172.47992,-8.55205],[-172.47992,-8.55214],[-172.47983,-8.55214],[-172.47983,-8.55222],[-172.47992,-8.55222],[-172.47992,-8.55249],[-172.47956,-8.55249],[-172.47947,-8.55249],[-172.47947,-8.55258],[-172.47938,-8.55258],[-172.47938,-8.55267],[-172.47929,-8.55267],[-172.47929,-8.55276],[-172.4792,-8.55276],[-172.4792,-8.55285],[-172.47911,-8.55285],[-172.47911,-8.55294],[-172.47902,-8.55294],[-172.47902,-8.55302],[-172.47893,-8.55302],[-172.47893,-8.55311],[-172.47884,-8.55311],[-172.47884,-8.5532],[-172.47875,-8.5532],[-172.47875,-8.55329],[-172.47858,-8.55329],[-172.47858,-8.55338],[-172.47849,-8.55338],[-172.47849,-8.55347],[-172.47831,-8.55347],[-172.47822,-8.55347],[-172.47822,-8.55356],[-172.47795,-8.55356],[-172.47795,-8.55365],[-172.47786,-8.55365],[-172.47786,-8.55373],[-172.47777,-8.55373],[-172.47777,-8.55382],[-172.47768,-8.55382],[-172.47768,-8.55391],[-172.47759,-8.55391],[-172.47759,-8.554],[-172.47741,-8.554],[-172.47741,-8.55409],[-172.47732,-8.55409],[-172.47732,-8.55418],[-172.47723,-8.55418],[-172.47723,-8.55427],[-172.47714,-8.55427],[-172.47714,-8.55436],[-172.47705,-8.55436],[-172.47705,-8.55445],[-172.47696,-8.55445],[-172.47696,-8.55462],[-172.47687,-8.55462],[-172.47687,-8.5548],[-172.47678,-8.5548],[-172.47678,-8.55489],[-172.47669,-8.55489],[-172.47669,-8.55507],[-172.4766,-8.55507],[-172.4766,-8.55516],[-172.47651,-8.55516],[-172.47651,-8.55524],[-172.47642,-8.55524],[-172.47642,-8.55533],[-172.47633,-8.55533],[-172.47633,-8.55542],[-172.47624,-8.55542],[-172.47624,-8.55551],[-172.47615,-8.55551],[-172.47615,-8.5556],[-172.47606,-8.5556],[-172.47606,-8.55569],[-172.47588,-8.55569],[-172.47588,-8.55578],[-172.47579,-8.55578],[-172.47579,-8.55587],[-172.4757,-8.55587],[-172.4757,-8.55596],[-172.47543,-8.55596],[-172.47543,-8.55604],[-172.47507,-8.55604],[-172.47507,-8.55613],[-172.47498,-8.55613],[-172.47498,-8.55622],[-172.47489,-8.55622],[-172.47487,-8.55629],[-172.47482,-8.55633],[-172.47478,-8.55638],[-172.47473,-8.55642],[-172.47469,-8.55647],[-172.47464,-8.55651],[-172.4746,-8.55656],[-172.47455,-8.5566],[-172.47451,-8.55665],[-172.47446,-8.55669],[-172.47442,-8.55673],[-172.47437,-8.55678],[-172.47433,-8.55682],[-172.47428,-8.55686],[-172.47424,-8.55691],[-172.47419,-8.55695],[-172.47415,-8.557],[-172.4741,-8.55704],[-172.47406,-8.55709],[-172.47392,-8.55713],[-172.47388,-8.55718],[-172.47366,-8.55722],[-172.47358,-8.55731],[-172.47303,-8.55727],[-172.47298,-8.55722],[-172.47285,-8.55718],[-172.47281,-8.55713],[-172.47276,-8.55709],[-172.47272,-8.55704],[-172.47267,-8.557],[-172.47263,-8.55695],[-172.47258,-8.55691],[-172.47254,-8.55686],[-172.4724,-8.55682],[-172.47236,-8.55678],[-172.47222,-8.55673],[-172.47214,-8.55665],[-172.47211,-8.55676],[-172.47211,-8.55684],[-172.47202,-8.55684],[-172.47202,-8.55693],[-172.47193,-8.55693]],[[-172.47022,-8.57381],[-172.47013,-8.57381],[-172.47004,-8.57381],[-172.47004,-8.5739],[-172.46977,-8.5739],[-172.46977,-8.57408],[-172.47022,-8.57408],[-172.47022,-8.57399],[-172.47031,-8.57399],[-172.47031,-8.5739],[-172.47022,-8.5739],[-172.47022,-8.57381]]],[[[-172.47354,-8.5699],[-172.47399,-8.5699],[-172.47399,-8.56999],[-172.47408,-8.56999],[-172.47408,-8.57026],[-172.47399,-8.57026],[-172.47399,-8.5707],[-172.4739,-8.5707],[-172.4739,-8.57079],[-172.47363,-8.57079],[-172.47363,-8.57088],[-172.47354,-8.57088],[-172.47354,-8.57097],[-172.47337,-8.57097],[-172.47337,-8.57043],[-172.47345,-8.57043],[-172.47345,-8.57026],[-172.47354,-8.57026],[-172.47354,-8.5699]]],[[[-172.51091,-8.56724],[-172.51127,-8.56724],[-172.51127,-8.56733],[-172.51136,-8.56733],[-172.51136,-8.5675],[-172.51136,-8.56795],[-172.51145,-8.56795],[-172.51145,-8.56839],[-172.51154,-8.56839],[-172.51154,-8.56857],[-172.51145,-8.56857],[-172.51145,-8.56866],[-172.51145,-8.56892],[-172.51136,-8.56892],[-172.51136,-8.5691],[-172.51118,-8.5691],[-172.51109,-8.5691],[-172.511,-8.5691],[-172.51082,-8.5691],[-172.51082,-8.56901],[-172.51056,-8.56901],[-172.51056,-8.56892],[-172.51011,-8.56892],[-172.50984,-8.56892],[-172.50975,-8.56892],[-172.50975,-8.56901],[-172.50948,-8.56901],[-172.50948,-8.5691],[-172.50939,-8.5691],[-172.50939,-8.56919],[-172.50876,-8.56919],[-172.50876,-8.56875],[-172.50876,-8.56813],[-172.50885,-8.56813],[-172.50885,-8.56804],[-172.50894,-8.56804],[-172.50894,-8.56795],[-172.50903,-8.56795],[-172.50912,-8.56795],[-172.50912,-8.56786],[-172.5093,-8.56786],[-172.5093,-8.56777],[-172.50948,-8.56777],[-172.50948,-8.56768],[-172.50975,-8.56768],[-172.50975,-8.56759],[-172.50993,-8.56759],[-172.51011,-8.56759],[-172.51011,-8.5675],[-172.51029,-8.5675],[-172.51029,-8.56741],[-172.51056,-8.56741],[-172.51056,-8.56733],[-172.51091,-8.56733],[-172.51091,-8.56724]]],[[[-172.49555,-8.53295],[-172.49573,-8.53295],[-172.49591,-8.53295],[-172.496,-8.53295],[-172.49618,-8.53295],[-172.49627,-8.53295],[-172.49627,-8.53304],[-172.49645,-8.53304],[-172.49645,-8.53313],[-172.49654,-8.53313],[-172.49654,-8.53321],[-172.49663,-8.53321],[-172.49663,-8.5333],[-172.49672,-8.5333],[-172.49672,-8.53339],[-172.49681,-8.53339],[-172.49681,-8.53348],[-172.4969,-8.53348],[-172.4969,-8.53375],[-172.49699,-8.53375],[-172.49699,-8.53392],[-172.49708,-8.53392],[-172.49708,-8.53401],[-172.49717,-8.53401],[-172.49717,-8.5341],[-172.49726,-8.5341],[-172.49726,-8.53419],[-172.49735,-8.53419],[-172.49735,-8.53428],[-172.49744,-8.53428],[-172.49744,-8.53437],[-172.49762,-8.53437],[-172.49762,-8.53446],[-172.4978,-8.53446],[-172.4978,-8.53455],[-172.49789,-8.53455],[-172.49789,-8.53464],[-172.49807,-8.53464],[-172.49807,-8.53472],[-172.49816,-8.53472],[-172.49816,-8.53481],[-172.49834,-8.53481],[-172.49834,-8.5349],[-172.49843,-8.5349],[-172.49843,-8.53499],[-172.49852,-8.53499],[-172.49852,-8.53508],[-172.49861,-8.53508],[-172.49861,-8.53517],[-172.4987,-8.53517],[-172.4987,-8.53526],[-172.49888,-8.53526],[-172.49888,-8.53535],[-172.49897,-8.53535],[-172.49897,-8.53543],[-172.49906,-8.53543],[-172.49906,-8.53552],[-172.49915,-8.53552],[-172.49915,-8.53561],[-172.49924,-8.53561],[-172.49924,-8.5357],[-172.49933,-8.5357],[-172.49933,-8.53579],[-172.49942,-8.53579],[-172.49942,-8.53588],[-172.49951,-8.53588],[-172.49951,-8.53597],[-172.49969,-8.53597],[-172.49969,-8.53606],[-172.49978,-8.53606],[-172.49978,-8.53615],[-172.49996,-8.53615],[-172.49996,-8.53623],[-172.50005,-8.53623],[-172.50005,-8.53632],[-172.50022,-8.53632],[-172.50022,-8.53641],[-172.50031,-8.53641],[-172.50031,-8.5365],[-172.50049,-8.5365],[-172.50049,-8.53659],[-172.50067,-8.53659],[-172.50067,-8.53668],[-172.50076,-8.53668],[-172.50076,-8.53677],[-172.50094,-8.53677],[-172.50094,-8.53686],[-172.50121,-8.53686],[-172.50121,-8.53695],[-172.50148,-8.53695],[-172.50148,-8.53703],[-172.50166,-8.53703],[-172.50166,-8.53712],[-172.50184,-8.53712],[-172.50184,-8.53721],[-172.50193,-8.53721],[-172.50193,-8.5373],[-172.50211,-8.5373],[-172.50211,-8.53739],[-172.5022,-8.53739],[-172.5022,-8.53748],[-172.50229,-8.53748],[-172.50229,-8.53757],[-172.50247,-8.53757],[-172.50247,-8.53766],[-172.50265,-8.53766],[-172.50265,-8.53774],[-172.50274,-8.53774],[-172.50274,-8.53783],[-172.50283,-8.53783],[-172.50283,-8.53792],[-172.50292,-8.53792],[-172.50292,-8.53801],[-172.50301,-8.53801],[-172.50301,-8.5381],[-172.5031,-8.5381],[-172.5031,-8.53828],[-172.50319,-8.53828],[-172.50319,-8.53846],[-172.50328,-8.53846],[-172.50328,-8.53908],[-172.50319,-8.53908],[-172.50319,-8.53917],[-172.5031,-8.53917],[-172.5031,-8.53925],[-172.50247,-8.53925],[-172.50247,-8.53917],[-172.50238,-8.53917],[-172.50238,-8.53908],[-172.5022,-8.53908],[-172.5022,-8.53899],[-172.50202,-8.53899],[-172.50202,-8.5389],[-172.50193,-8.5389],[-172.50193,-8.53881],[-172.50184,-8.53881],[-172.50184,-8.53872],[-172.50175,-8.53872],[-172.50175,-8.53863],[-172.50157,-8.53863],[-172.50157,-8.53854],[-172.50148,-8.53854],[-172.50148,-8.53846],[-172.50139,-8.53846],[-172.50139,-8.53837],[-172.50121,-8.53837],[-172.50121,-8.53828],[-172.50112,-8.53828],[-172.50112,-8.53819],[-172.50103,-8.53819],[-172.50103,-8.5381],[-172.50094,-8.5381],[-172.50094,-8.53801],[-172.50076,-8.53801],[-172.50076,-8.53792],[-172.50067,-8.53792],[-172.50067,-8.53783],[-172.50049,-8.53783],[-172.50049,-8.53774],[-172.50031,-8.53774],[-172.50031,-8.53766],[-172.49987,-8.53766],[-172.49987,-8.53774],[-172.49924,-8.53774],[-172.49924,-8.53766],[-172.49915,-8.53766],[-172.49915,-8.53757],[-172.49906,-8.53757],[-172.49906,-8.53748],[-172.49888,-8.53748],[-172.49888,-8.53739],[-172.49879,-8.53739],[-172.49879,-8.5373],[-172.49852,-8.5373],[-172.49852,-8.53721],[-172.49807,-8.53721],[-172.49807,-8.53712],[-172.49798,-8.53712],[-172.49798,-8.53703],[-172.49798,-8.53695],[-172.49789,-8.53695],[-172.49789,-8.53659],[-172.49789,-8.5365],[-172.4978,-8.5365],[-172.4978,-8.53632],[-172.4978,-8.53623],[-172.49771,-8.53623],[-172.49771,-8.53588],[-172.49762,-8.53588],[-172.49762,-8.53579],[-172.49753,-8.53579],[-172.49753,-8.5357],[-172.49744,-8.5357],[-172.49744,-8.53561],[-172.49735,-8.53561],[-172.49735,-8.53552],[-172.49726,-8.53552],[-172.49726,-8.53543],[-172.49699,-8.53543],[-172.49699,-8.53535],[-172.49654,-8.53535],[-172.49654,-8.53526],[-172.49636,-8.53526],[-172.49636,-8.53517],[-172.49618,-8.53517],[-172.49618,-8.53508],[-172.49609,-8.53508],[-172.49609,-8.53499],[-172.49582,-8.53499],[-172.49582,-8.5349],[-172.49555,-8.5349],[-172.49555,-8.53481],[-172.49448,-8.53481],[-172.49448,-8.5349],[-172.49439,-8.5349],[-172.49439,-8.53499],[-172.4943,-8.53499],[-172.4943,-8.53535],[-172.49421,-8.53535],[-172.49421,-8.53561],[-172.49412,-8.53561],[-172.49412,-8.53579],[-172.49403,-8.53579],[-172.49403,-8.53588],[-172.49394,-8.53588],[-172.49394,-8.53597],[-172.49385,-8.53597],[-172.49385,-8.53615],[-172.49376,-8.53615],[-172.49376,-8.53632],[-172.49367,-8.53632],[-172.49367,-8.5365],[-172.49358,-8.5365],[-172.49358,-8.53668],[-172.49349,-8.53668],[-172.49349,-8.53686],[-172.4934,-8.53686],[-172.4934,-8.53703],[-172.49331,-8.53703],[-172.49331,-8.53712],[-172.49322,-8.53712],[-172.49322,-8.5373],[-172.49313,-8.5373],[-172.49313,-8.53748],[-172.49313,-8.53757],[-172.49304,-8.53757],[-172.49304,-8.53766],[-172.49295,-8.53766],[-172.49295,-8.53783],[-172.49295,-8.53801],[-172.49286,-8.53801],[-172.49277,-8.53801],[-172.49277,-8.53819],[-172.49259,-8.53819],[-172.49259,-8.53828],[-172.4925,-8.53828],[-172.4925,-8.53837],[-172.49252,-8.53853],[-172.49261,-8.53859],[-172.49257,-8.53888],[-172.49252,-8.53892],[-172.49248,-8.53897],[-172.49243,-8.53901],[-172.49239,-8.53915],[-172.49234,-8.53918],[-172.4923,-8.53924],[-172.49225,-8.53927],[-172.49221,-8.53933],[-172.49207,-8.53936],[-172.49201,-8.53945],[-172.49194,-8.53936],[-172.49187,-8.53934],[-172.49178,-8.53934],[-172.49178,-8.53943],[-172.4916,-8.53943],[-172.4916,-8.53952],[-172.49124,-8.53952],[-172.49124,-8.53961],[-172.49106,-8.53961],[-172.49106,-8.5397],[-172.49097,-8.5397],[-172.49097,-8.53979],[-172.49095,-8.53995],[-172.4909,-8.53998],[-172.49084,-8.54007],[-172.49077,-8.53998],[-172.4907,-8.53997],[-172.49061,-8.53997],[-172.49061,-8.54005],[-172.49052,-8.54005],[-172.49052,-8.54014],[-172.49043,-8.54014],[-172.49043,-8.54023],[-172.49034,-8.54023],[-172.49034,-8.54032],[-172.49025,-8.54032],[-172.49025,-8.54041],[-172.49016,-8.54041],[-172.49016,-8.5405],[-172.49007,-8.5405],[-172.49007,-8.54103],[-172.49007,-8.54112],[-172.48998,-8.54112],[-172.49001,-8.54119],[-172.49008,-8.54125],[-172.49001,-8.54132],[-172.48996,-8.54137],[-172.48989,-8.54143],[-172.48996,-8.5415],[-172.49001,-8.54181],[-172.49008,-8.54188],[-172.49001,-8.54194],[-172.48996,-8.54225],[-172.48992,-8.5423],[-172.48987,-8.54243],[-172.48983,-8.54247],[-172.48978,-8.54252],[-172.48974,-8.54256],[-172.48965,-8.54265],[-172.48962,-8.54245],[-172.48953,-8.54245],[-172.48953,-8.54263],[-172.48944,-8.54263],[-172.48944,-8.54281],[-172.48936,-8.54281],[-172.48936,-8.5429],[-172.48927,-8.5429],[-172.48927,-8.54307],[-172.48918,-8.54307],[-172.48918,-8.54325],[-172.48909,-8.54325],[-172.48909,-8.54334],[-172.489,-8.54334],[-172.489,-8.54352],[-172.48882,-8.54352],[-172.48882,-8.5437],[-172.48846,-8.5437],[-172.48846,-8.54361],[-172.48828,-8.54361],[-172.48828,-8.54352],[-172.4881,-8.54352],[-172.4881,-8.54343],[-172.48801,-8.54343],[-172.48801,-8.54334],[-172.48783,-8.54334],[-172.48783,-8.54325],[-172.48774,-8.54325],[-172.48774,-8.54316],[-172.48765,-8.54316],[-172.48765,-8.54307],[-172.48756,-8.54307],[-172.48756,-8.54299],[-172.48747,-8.54299],[-172.48747,-8.5429],[-172.48738,-8.5429],[-172.48738,-8.54281],[-172.48729,-8.54281],[-172.48729,-8.54272],[-172.4872,-8.54272],[-172.4872,-8.54263],[-172.48711,-8.54263],[-172.48711,-8.54254],[-172.48702,-8.54254],[-172.48702,-8.54245],[-172.48684,-8.54245],[-172.48684,-8.54236],[-172.48675,-8.54236],[-172.48675,-8.54201],[-172.48684,-8.54201],[-172.48684,-8.54183],[-172.48693,-8.54183],[-172.48693,-8.54174],[-172.48702,-8.54174],[-172.48702,-8.54165],[-172.4872,-8.54165],[-172.4872,-8.54148],[-172.48729,-8.54148],[-172.48729,-8.54139],[-172.48738,-8.54139],[-172.48738,-8.54121],[-172.48747,-8.54121],[-172.48747,-8.54112],[-172.48756,-8.54112],[-172.48756,-8.54094],[-172.48765,-8.54094],[-172.48765,-8.54085],[-172.48774,-8.54085],[-172.48774,-8.54068],[-172.48783,-8.54068],[-172.48783,-8.54059],[-172.48792,-8.54059],[-172.48792,-8.54041],[-172.48801,-8.54041],[-172.48801,-8.54032],[-172.4881,-8.54032],[-172.4881,-8.54014],[-172.48819,-8.54014],[-172.48819,-8.53997],[-172.48828,-8.53997],[-172.48828,-8.53988],[-172.48837,-8.53988],[-172.48837,-8.5397],[-172.48855,-8.5397],[-172.48855,-8.53961],[-172.48864,-8.53961],[-172.48864,-8.53952],[-172.48873,-8.53952],[-172.48873,-8.53943],[-172.48882,-8.53943],[-172.48882,-8.53934],[-172.48891,-8.53934],[-172.48891,-8.53925],[-172.48891,-8.53917],[-172.489,-8.53917],[-172.489,-8.53908],[-172.48909,-8.53908],[-172.48909,-8.53899],[-172.48918,-8.53899],[-172.48918,-8.5389],[-172.48927,-8.5389],[-172.48927,-8.53881],[-172.48936,-8.53881],[-172.48936,-8.53872],[-172.48944,-8.53872],[-172.48944,-8.53863],[-172.48953,-8.53863],[-172.48953,-8.53846],[-172.48962,-8.53846],[-172.48962,-8.53837],[-172.48971,-8.53837],[-172.48971,-8.53828],[-172.4898,-8.53828],[-172.4898,-8.53819],[-172.48989,-8.53819],[-172.48989,-8.5381],[-172.48998,-8.5381],[-172.48998,-8.53801],[-172.49007,-8.53801],[-172.49007,-8.53783],[-172.49016,-8.53783],[-172.49016,-8.53774],[-172.49025,-8.53774],[-172.49025,-8.53766],[-172.49043,-8.53766],[-172.49043,-8.53757],[-172.49043,-8.53748],[-172.49052,-8.53748],[-172.49052,-8.53739],[-172.49061,-8.53739],[-172.49061,-8.53721],[-172.4907,-8.53721],[-172.4907,-8.53712],[-172.49079,-8.53712],[-172.49079,-8.53695],[-172.49088,-8.53695],[-172.49088,-8.53686],[-172.49097,-8.53686],[-172.49097,-8.53677],[-172.49106,-8.53677],[-172.49106,-8.53659],[-172.49115,-8.53659],[-172.49115,-8.5365],[-172.49124,-8.5365],[-172.49124,-8.53641],[-172.49133,-8.53641],[-172.49133,-8.53623],[-172.49142,-8.53623],[-172.49142,-8.53615],[-172.49151,-8.53615],[-172.49151,-8.53606],[-172.4916,-8.53606],[-172.4916,-8.53597],[-172.49169,-8.53597],[-172.49169,-8.53588],[-172.49178,-8.53588],[-172.49178,-8.53579],[-172.49178,-8.5357],[-172.49187,-8.5357],[-172.49187,-8.53561],[-172.49196,-8.53561],[-172.49196,-8.53552],[-172.49205,-8.53552],[-172.49205,-8.53535],[-172.49214,-8.53535],[-172.49214,-8.53526],[-172.49223,-8.53526],[-172.49223,-8.53508],[-172.49232,-8.53508],[-172.49232,-8.53499],[-172.49241,-8.53499],[-172.49241,-8.53481],[-172.4925,-8.53481],[-172.4925,-8.53472],[-172.49259,-8.53472],[-172.49259,-8.53455],[-172.49268,-8.53455],[-172.49268,-8.53446],[-172.49277,-8.53446],[-172.49277,-8.53437],[-172.49286,-8.53437],[-172.49286,-8.53428],[-172.49295,-8.53428],[-172.49295,-8.53419],[-172.49304,-8.53419],[-172.49304,-8.5341],[-172.49322,-8.5341],[-172.49322,-8.53401],[-172.49331,-8.53401],[-172.4934,-8.53401],[-172.49349,-8.53401],[-172.49349,-8.53392],[-172.49376,-8.53392],[-172.49376,-8.53384],[-172.49394,-8.53384],[-172.49394,-8.53375],[-172.49421,-8.53375],[-172.49421,-8.53366],[-172.49448,-8.53366],[-172.49448,-8.53357],[-172.49474,-8.53357],[-172.49474,-8.53348],[-172.49492,-8.53348],[-172.49492,-8.53339],[-172.49501,-8.53339],[-172.49501,-8.5333],[-172.49519,-8.5333],[-172.49519,-8.53313],[-172.49528,-8.53313],[-172.49528,-8.53304],[-172.49555,-8.53304],[-172.49555,-8.53295]]],[[[-172.51397,-8.5325],[-172.51442,-8.5325],[-172.51469,-8.5325],[-172.51469,-8.53259],[-172.51478,-8.53259],[-172.51478,-8.53268],[-172.51487,-8.53268],[-172.51523,-8.53268],[-172.51523,-8.53277],[-172.51559,-8.53277],[-172.51559,-8.53268],[-172.51595,-8.53268],[-172.51595,-8.53277],[-172.51612,-8.53277],[-172.51612,-8.53286],[-172.5163,-8.53286],[-172.51675,-8.53286],[-172.51675,-8.53295],[-172.5172,-8.53295],[-172.5172,-8.53304],[-172.51763,-8.53302],[-172.51767,-8.53297],[-172.51789,-8.53293],[-172.51795,-8.53315],[-172.51803,-8.53306],[-172.51825,-8.53302],[-172.5183,-8.53319],[-172.51844,-8.53323],[-172.51848,-8.53328],[-172.51853,-8.53332],[-172.51857,-8.53337],[-172.51871,-8.53341],[-172.51875,-8.53346],[-172.5188,-8.5335],[-172.51884,-8.53355],[-172.51889,-8.53359],[-172.51893,-8.53364],[-172.51907,-8.53368],[-172.51911,-8.53373],[-172.51925,-8.53377],[-172.51929,-8.53382],[-172.51943,-8.53386],[-172.51947,-8.5339],[-172.51961,-8.53395],[-172.51965,-8.53399],[-172.5197,-8.53403],[-172.51974,-8.53408],[-172.51979,-8.53412],[-172.51983,-8.53417],[-172.52006,-8.53421],[-172.5201,-8.53435],[-172.52015,-8.53439],[-172.52019,-8.53458],[-172.5201,-8.53466],[-172.52008,-8.53472],[-172.52026,-8.53472],[-172.52026,-8.53481],[-172.52035,-8.53481],[-172.52035,-8.5349],[-172.52035,-8.53499],[-172.52035,-8.53526],[-172.52017,-8.53526],[-172.52017,-8.53535],[-172.52026,-8.53535],[-172.52026,-8.53606],[-172.52017,-8.53606],[-172.52017,-8.53641],[-172.52008,-8.53641],[-172.52008,-8.53677],[-172.51999,-8.53677],[-172.51999,-8.53703],[-172.51997,-8.53746],[-172.51992,-8.5375],[-172.51988,-8.53808],[-172.51983,-8.53812],[-172.51979,-8.53843],[-172.51974,-8.53848],[-172.5197,-8.53861],[-172.51965,-8.53865],[-172.51961,-8.53879],[-172.51956,-8.53883],[-172.51952,-8.53897],[-172.51947,-8.53901],[-172.51943,-8.53906],[-172.51938,-8.5391],[-172.51934,-8.53923],[-172.51929,-8.53928],[-172.51925,-8.53932],[-172.5192,-8.53936],[-172.51916,-8.53941],[-172.51911,-8.53945],[-172.51907,-8.5395],[-172.51902,-8.53954],[-172.51898,-8.53959],[-172.51893,-8.53963],[-172.51889,-8.53968],[-172.51884,-8.53972],[-172.5188,-8.53977],[-172.51875,-8.53981],[-172.51871,-8.53986],[-172.51866,-8.5399],[-172.51862,-8.53995],[-172.51857,-8.53999],[-172.51853,-8.54012],[-172.51839,-8.54016],[-172.51835,-8.54021],[-172.5183,-8.54025],[-172.51826,-8.5403],[-172.51821,-8.54034],[-172.51817,-8.54039],[-172.51812,-8.54043],[-172.51808,-8.54048],[-172.51803,-8.54052],[-172.51799,-8.54057],[-172.51794,-8.54061],[-172.5179,-8.54074],[-172.51785,-8.54079],[-172.51781,-8.54101],[-172.51776,-8.54105],[-172.51772,-8.5411],[-172.51767,-8.54114],[-172.51763,-8.54128],[-172.51758,-8.54132],[-172.51754,-8.54137],[-172.51736,-8.54142],[-172.51749,-8.54153],[-172.51731,-8.54159],[-172.51727,-8.54163],[-172.51722,-8.54167],[-172.51718,-8.54195],[-172.51727,-8.54203],[-172.51731,-8.54222],[-172.51722,-8.5423],[-172.51718,-8.54243],[-172.51713,-8.54247],[-172.51709,-8.5427],[-172.51704,-8.54274],[-172.517,-8.54305],[-172.51677,-8.5431],[-172.51673,-8.54314],[-172.51668,-8.54318],[-172.51664,-8.54323],[-172.51582,-8.54327],[-172.51574,-8.54318],[-172.51498,-8.54314],[-172.51494,-8.54301],[-172.51489,-8.54297],[-172.51485,-8.54224],[-172.51494,-8.54217],[-172.51498,-8.54185],[-172.51503,-8.54181],[-172.51507,-8.54159],[-172.51512,-8.54154],[-172.51516,-8.54132],[-172.51521,-8.54128],[-172.51525,-8.54123],[-172.5153,-8.54119],[-172.51534,-8.54105],[-172.51539,-8.54101],[-172.51543,-8.54096],[-172.51548,-8.54092],[-172.51552,-8.54087],[-172.51557,-8.54083],[-172.51561,-8.54079],[-172.51565,-8.54074],[-172.5157,-8.5407],[-172.51574,-8.54066],[-172.51579,-8.54061],[-172.51583,-8.54057],[-172.51588,-8.54052],[-172.51592,-8.54048],[-172.51597,-8.54034],[-172.51601,-8.5403],[-172.51606,-8.54025],[-172.5161,-8.54021],[-172.51615,-8.54016],[-172.51619,-8.54012],[-172.51624,-8.54007],[-172.51628,-8.54003],[-172.51633,-8.5399],[-172.51637,-8.53986],[-172.51642,-8.53981],[-172.51646,-8.53977],[-172.5165,-8.53963],[-172.51655,-8.53959],[-172.51659,-8.53936],[-172.51664,-8.53932],[-172.51668,-8.53919],[-172.51673,-8.53915],[-172.51677,-8.53901],[-172.51682,-8.53897],[-172.51686,-8.53865],[-172.51691,-8.53861],[-172.51695,-8.53821],[-172.517,-8.53817],[-172.51704,-8.53785],[-172.51709,-8.53781],[-172.51713,-8.53759],[-172.51718,-8.53755],[-172.51725,-8.53747],[-172.51731,-8.53755],[-172.51736,-8.53759],[-172.5174,-8.53764],[-172.51745,-8.53768],[-172.51749,-8.53772],[-172.51778,-8.53777],[-172.51785,-8.53768],[-172.5179,-8.53764],[-172.51794,-8.53759],[-172.51799,-8.53755],[-172.51803,-8.53736],[-172.51794,-8.53728],[-172.5179,-8.53718],[-172.51799,-8.5371],[-172.51803,-8.53688],[-172.51808,-8.53684],[-172.51812,-8.53638],[-172.51803,-8.5363],[-172.51799,-8.53581],[-172.51794,-8.53577],[-172.5179,-8.53554],[-172.51785,-8.5355],[-172.51783,-8.53543],[-172.51774,-8.53543],[-172.51774,-8.53535],[-172.51765,-8.53535],[-172.51765,-8.53526],[-172.5172,-8.53526],[-172.5172,-8.53517],[-172.51702,-8.53517],[-172.51702,-8.53508],[-172.51693,-8.53508],[-172.51693,-8.53499],[-172.51684,-8.53499],[-172.51684,-8.53481],[-172.51675,-8.53481],[-172.51675,-8.53455],[-172.51666,-8.53455],[-172.51666,-8.53446],[-172.51657,-8.53446],[-172.51657,-8.53437],[-172.51648,-8.53437],[-172.51648,-8.53428],[-172.51639,-8.53428],[-172.51639,-8.53419],[-172.5163,-8.53419],[-172.5163,-8.5341],[-172.51612,-8.5341],[-172.51612,-8.53401],[-172.51514,-8.53401],[-172.51514,-8.5341],[-172.51505,-8.5341],[-172.51505,-8.53428],[-172.51496,-8.53428],[-172.51496,-8.53437],[-172.51469,-8.53437],[-172.51469,-8.53446],[-172.5146,-8.53446],[-172.51442,-8.53446],[-172.51442,-8.53455],[-172.51424,-8.53455],[-172.51424,-8.53464],[-172.51415,-8.53464],[-172.51406,-8.53464],[-172.51406,-8.53472],[-172.5137,-8.53472],[-172.5137,-8.53464],[-172.51334,-8.53464],[-172.51334,-8.53472],[-172.5128,-8.53472],[-172.5128,-8.53464],[-172.51253,-8.53464],[-172.51253,-8.53472],[-172.51244,-8.53472],[-172.51244,-8.53481],[-172.51217,-8.53481],[-172.51217,-8.5349],[-172.51181,-8.5349],[-172.51172,-8.5349],[-172.51154,-8.5349],[-172.51154,-8.53499],[-172.51136,-8.53499],[-172.51136,-8.53508],[-172.51127,-8.53508],[-172.51127,-8.53517],[-172.51118,-8.53517],[-172.51118,-8.53526],[-172.511,-8.53526],[-172.511,-8.53535],[-172.51082,-8.53535],[-172.51082,-8.53543],[-172.51073,-8.53543],[-172.51073,-8.53552],[-172.51056,-8.53552],[-172.51056,-8.53561],[-172.51047,-8.53561],[-172.51047,-8.53579],[-172.51038,-8.53579],[-172.51038,-8.53588],[-172.51029,-8.53588],[-172.51029,-8.53597],[-172.50993,-8.53597],[-172.50993,-8.53606],[-172.5093,-8.53606],[-172.5093,-8.53597],[-172.50921,-8.53597],[-172.50921,-8.53588],[-172.50912,-8.53588],[-172.50912,-8.53579],[-172.50903,-8.53579],[-172.50903,-8.53552],[-172.50894,-8.53552],[-172.50894,-8.53543],[-172.50894,-8.53517],[-172.50894,-8.53499],[-172.50894,-8.5349],[-172.50894,-8.53481],[-172.50885,-8.53481],[-172.50885,-8.53455],[-172.50876,-8.53455],[-172.50876,-8.53446],[-172.50849,-8.53446],[-172.50849,-8.53455],[-172.50849,-8.53464],[-172.5084,-8.53464],[-172.5084,-8.53472],[-172.5084,-8.53517],[-172.50831,-8.53517],[-172.50831,-8.53526],[-172.50822,-8.53526],[-172.50822,-8.53552],[-172.50831,-8.53552],[-172.50831,-8.5357],[-172.50822,-8.5357],[-172.50822,-8.53588],[-172.50795,-8.53588],[-172.50795,-8.53579],[-172.50786,-8.53579],[-172.50786,-8.5357],[-172.50777,-8.5357],[-172.50777,-8.53561],[-172.50768,-8.53561],[-172.50768,-8.53535],[-172.50759,-8.53535],[-172.50759,-8.53526],[-172.5075,-8.53526],[-172.5075,-8.53508],[-172.50741,-8.53508],[-172.50741,-8.53472],[-172.50732,-8.53472],[-172.50732,-8.53384],[-172.50741,-8.53384],[-172.50741,-8.53375],[-172.50759,-8.53375],[-172.50759,-8.53366],[-172.50786,-8.53366],[-172.50786,-8.53357],[-172.50822,-8.53357],[-172.50822,-8.53348],[-172.50858,-8.53348],[-172.50858,-8.53339],[-172.50885,-8.53339],[-172.50885,-8.5333],[-172.50921,-8.5333],[-172.50921,-8.53321],[-172.5093,-8.53321],[-172.50957,-8.53321],[-172.50957,-8.53313],[-172.50984,-8.53313],[-172.50984,-8.53304],[-172.5102,-8.53304],[-172.5102,-8.53295],[-172.51029,-8.53295],[-172.51056,-8.53295],[-172.51056,-8.53286],[-172.51073,-8.53286],[-172.51091,-8.53286],[-172.51091,-8.53277],[-172.51118,-8.53277],[-172.51127,-8.53277],[-172.51197,-8.53275],[-172.51201,-8.5327],[-172.51278,-8.53266],[-172.51285,-8.53257],[-172.51291,-8.53266],[-172.51298,-8.53268],[-172.51316,-8.53268],[-172.51325,-8.53268],[-172.51325,-8.53277],[-172.51334,-8.53277],[-172.51334,-8.53268],[-172.51352,-8.53268],[-172.51352,-8.53259],[-172.51397,-8.53259],[-172.51397,-8.5325]]],[[[-172.51568,-8.54467],[-172.5157,-8.54461],[-172.51574,-8.54456],[-172.51582,-8.54448],[-172.51586,-8.54458],[-172.51595,-8.54458],[-172.51595,-8.54467],[-172.51586,-8.54467],[-172.51583,-8.54501],[-172.51579,-8.54505],[-172.51574,-8.54527],[-172.5157,-8.54532],[-172.51565,-8.54545],[-172.51561,-8.5455],[-172.51556,-8.54581],[-172.51552,-8.54585],[-172.51547,-8.54625],[-172.51543,-8.54629],[-172.51538,-8.54643],[-172.51534,-8.54647],[-172.51529,-8.54696],[-172.51525,-8.54701],[-172.5152,-8.54714],[-172.51516,-8.54718],[-172.51511,-8.54749],[-172.51507,-8.54754],[-172.51502,-8.54776],[-172.51498,-8.5478],[-172.51489,-8.54789],[-172.51485,-8.54731],[-172.51493,-8.54723],[-172.51498,-8.54701],[-172.51502,-8.54696],[-172.51507,-8.54674],[-172.51511,-8.5467],[-172.51516,-8.54567],[-172.5152,-8.54563],[-172.51525,-8.54541],[-172.51529,-8.54536],[-172.51534,-8.54514],[-172.51538,-8.5451],[-172.51543,-8.54487],[-172.51547,-8.54483],[-172.51552,-8.54478],[-172.51556,-8.54474],[-172.51561,-8.5447],[-172.51568,-8.54467]]],[[[-172.5022,-8.53375],[-172.50229,-8.53375],[-172.50238,-8.53375],[-172.50247,-8.53375],[-172.50283,-8.53375],[-172.50283,-8.53384],[-172.50328,-8.53384],[-172.50346,-8.53384],[-172.50346,-8.5341],[-172.50337,-8.5341],[-172.50337,-8.53428],[-172.50328,-8.53428],[-172.50328,-8.53543],[-172.50337,-8.53543],[-172.50337,-8.53552],[-172.50337,-8.53632],[-172.50328,-8.53632],[-172.50328,-8.5365],[-172.5031,-8.5365],[-172.5031,-8.53641],[-172.50292,-8.53641],[-172.50292,-8.53632],[-172.50283,-8.53632],[-172.50283,-8.53623],[-172.50274,-8.53623],[-172.50274,-8.53615],[-172.50265,-8.53615],[-172.50265,-8.53606],[-172.50256,-8.53606],[-172.50256,-8.53597],[-172.50247,-8.53597],[-172.50247,-8.53579],[-172.50238,-8.53579],[-172.50238,-8.5357],[-172.50229,-8.5357],[-172.50229,-8.53552],[-172.5022,-8.53552],[-172.5022,-8.53543],[-172.5022,-8.53535],[-172.5022,-8.53526],[-172.50211,-8.53526],[-172.50211,-8.53508],[-172.50202,-8.53508],[-172.50202,-8.53392],[-172.50202,-8.53384],[-172.50211,-8.53384],[-172.5022,-8.53384],[-172.5022,-8.53375]]],[[[-172.50771,-8.57139],[-172.50779,-8.57147],[-172.50768,-8.5715],[-172.50771,-8.57139]]],[[[-172.50986,-8.57131],[-172.51013,-8.57135],[-172.51004,-8.57143],[-172.50999,-8.57148],[-172.50984,-8.5715],[-172.50986,-8.57131]]],[[[-172.47861,-8.57246],[-172.47869,-8.57254],[-172.47858,-8.57257],[-172.47861,-8.57246]]],[[[-172.47723,-8.57257],[-172.47714,-8.57257],[-172.47714,-8.57239],[-172.47705,-8.57239],[-172.47705,-8.57194],[-172.47723,-8.57195],[-172.47723,-8.57203],[-172.47732,-8.57203],[-172.47732,-8.57212],[-172.47741,-8.57212],[-172.47741,-8.57221],[-172.47759,-8.57221],[-172.47759,-8.57257],[-172.4775,-8.57257],[-172.4775,-8.57274],[-172.47732,-8.57274],[-172.47732,-8.57266],[-172.47723,-8.57266],[-172.47723,-8.57257]]],[[[-172.50939,-8.57177],[-172.50941,-8.57237],[-172.50946,-8.57241],[-172.5095,-8.57264],[-172.50959,-8.5727],[-172.50955,-8.57281],[-172.5095,-8.57285],[-172.50946,-8.57299],[-172.50937,-8.57306],[-172.50941,-8.57326],[-172.50946,-8.5733],[-172.5095,-8.57344],[-172.50968,-8.57348],[-172.50964,-8.57353],[-172.50941,-8.57356],[-172.50937,-8.5737],[-172.50923,-8.57374],[-172.50916,-8.57383],[-172.5091,-8.57374],[-172.50905,-8.5737],[-172.50901,-8.57365],[-172.50858,-8.57363],[-172.50768,-8.57363],[-172.50741,-8.57363],[-172.50741,-8.57354],[-172.50723,-8.57354],[-172.50723,-8.57346],[-172.50705,-8.57346],[-172.50705,-8.57319],[-172.50714,-8.57319],[-172.50714,-8.57301],[-172.50732,-8.57301],[-172.50732,-8.57292],[-172.50741,-8.57292],[-172.50741,-8.57283],[-172.5075,-8.57283],[-172.5075,-8.57257],[-172.50759,-8.57257],[-172.50759,-8.5723],[-172.50752,-8.57228],[-172.50748,-8.57218],[-172.50757,-8.5721],[-172.50761,-8.57206],[-172.50766,-8.57201],[-172.5077,-8.57197],[-172.50784,-8.57192],[-172.50788,-8.57179],[-172.50793,-8.57175],[-172.50797,-8.5717],[-172.50811,-8.57166],[-172.50815,-8.57152],[-172.5082,-8.57148],[-172.50824,-8.57143],[-172.50829,-8.57139],[-172.50833,-8.57126],[-172.50851,-8.5712],[-172.50838,-8.57109],[-172.50861,-8.57104],[-172.50869,-8.57112],[-172.50883,-8.57117],[-172.50887,-8.57121],[-172.50906,-8.57126],[-172.50914,-8.57117],[-172.50919,-8.57112],[-172.50926,-8.57104],[-172.50932,-8.57121],[-172.50937,-8.57126],[-172.50941,-8.57139],[-172.50955,-8.57143],[-172.50959,-8.57153],[-172.5095,-8.57161],[-172.50946,-8.57175],[-172.50939,-8.57177]],[[-172.50885,-8.57239],[-172.50876,-8.57239],[-172.50876,-8.57221],[-172.50867,-8.57221],[-172.50867,-8.57212],[-172.50813,-8.57212],[-172.50813,-8.57221],[-172.50813,-8.5723],[-172.50804,-8.5723],[-172.50804,-8.57257],[-172.50795,-8.57257],[-172.50795,-8.57274],[-172.50804,-8.57274],[-172.50804,-8.57283],[-172.50813,-8.57283],[-172.50813,-8.57292],[-172.50831,-8.57292],[-172.50831,-8.57283],[-172.50849,-8.57283],[-172.50849,-8.57274],[-172.50858,-8.57274],[-172.50858,-8.57266],[-172.50867,-8.57266],[-172.50867,-8.57257],[-172.50885,-8.57257],[-172.50885,-8.57239]]],[[[-172.47514,-8.57057],[-172.47528,-8.5705],[-172.47536,-8.57059],[-172.47541,-8.57063],[-172.47545,-8.57068],[-172.4755,-8.57072],[-172.47557,-8.57079],[-172.47567,-8.57068],[-172.47572,-8.57103],[-172.47552,-8.57106],[-172.4755,-8.57099],[-172.47545,-8.57095],[-172.47541,-8.5709],[-172.47518,-8.57086],[-172.47514,-8.57057]]],[[[-172.47381,-8.57186],[-172.47372,-8.57186],[-172.47372,-8.57177],[-172.47363,-8.57177],[-172.47363,-8.5715],[-172.47363,-8.57123],[-172.47399,-8.57123],[-172.47399,-8.5715],[-172.47399,-8.57186],[-172.4739,-8.57186],[-172.4739,-8.57203],[-172.47381,-8.57203],[-172.47381,-8.57186]]],[[[-172.47509,-8.57125],[-172.47514,-8.57122],[-172.47518,-8.57116],[-172.47523,-8.57113],[-172.4753,-8.57104],[-172.47536,-8.57113],[-172.4755,-8.57116],[-172.47552,-8.57132],[-172.47552,-8.57141],[-172.47543,-8.57141],[-172.47543,-8.5715],[-172.47543,-8.57168],[-172.47534,-8.57168],[-172.47534,-8.57177],[-172.47525,-8.57177],[-172.47525,-8.57195],[-172.47498,-8.57195],[-172.47498,-8.57186],[-172.47489,-8.57186],[-172.47489,-8.5715],[-172.47498,-8.5715],[-172.47498,-8.57141],[-172.47498,-8.57132],[-172.47507,-8.57132],[-172.47509,-8.57125]]],[[[-172.49728,-8.58111],[-172.49733,-8.58108],[-172.49737,-8.58102],[-172.49742,-8.58099],[-172.49746,-8.58094],[-172.49751,-8.5809],[-172.49755,-8.58085],[-172.4976,-8.58081],[-172.49764,-8.58076],[-172.49769,-8.58072],[-172.49773,-8.58067],[-172.49778,-8.58063],[-172.49782,-8.58049],[-172.49787,-8.58045],[-172.49791,-8.5804],[-172.49796,-8.58037],[-172.498,-8.58022],[-172.49805,-8.58019],[-172.49809,-8.58014],[-172.49814,-8.5801],[-172.4982,-8.58001],[-172.49827,-8.5801],[-172.49832,-8.58014],[-172.49836,-8.58062],[-172.49818,-8.58067],[-172.49814,-8.58072],[-172.49809,-8.58076],[-172.49805,-8.5809],[-172.498,-8.58094],[-172.49796,-8.58116],[-172.49791,-8.5812],[-172.49787,-8.58134],[-172.49782,-8.58138],[-172.49778,-8.58143],[-172.49764,-8.58147],[-172.4976,-8.58152],[-172.49753,-8.58154],[-172.49753,-8.58163],[-172.49726,-8.58163],[-172.49726,-8.58154],[-172.49717,-8.58154],[-172.49717,-8.58145],[-172.49717,-8.58136],[-172.49726,-8.58136],[-172.49728,-8.58111]]],[[[-172.49846,-8.57992],[-172.49854,-8.58],[-172.49843,-8.58003],[-172.49846,-8.57992]]],[[[-172.50894,-8.58029],[-172.50903,-8.58029],[-172.50903,-8.58038],[-172.50912,-8.58038],[-172.5093,-8.58038],[-172.5093,-8.58065],[-172.50912,-8.58065],[-172.50912,-8.58083],[-172.50903,-8.58083],[-172.50896,-8.58085],[-172.50888,-8.58094],[-172.50885,-8.58083],[-172.50876,-8.58083],[-172.50876,-8.58074],[-172.50867,-8.58074],[-172.50867,-8.58056],[-172.50867,-8.58047],[-172.50876,-8.58047],[-172.50876,-8.58038],[-172.50885,-8.58038],[-172.50894,-8.58038],[-172.50894,-8.58029]]],[[[-172.49978,-8.58029],[-172.50005,-8.58029],[-172.50005,-8.5818],[-172.49996,-8.5818],[-172.49996,-8.58207],[-172.49987,-8.58207],[-172.49987,-8.58216],[-172.49978,-8.58216],[-172.49978,-8.58225],[-172.49969,-8.58225],[-172.49969,-8.58243],[-172.4996,-8.58243],[-172.49958,-8.5825],[-172.49952,-8.58253],[-172.49946,-8.58262],[-172.4994,-8.58253],[-172.49908,-8.5825],[-172.49904,-8.58245],[-172.4989,-8.58241],[-172.49886,-8.58236],[-172.49854,-8.58232],[-172.4985,-8.58227],[-172.49845,-8.58223],[-172.49841,-8.58218],[-172.49836,-8.58214],[-172.49832,-8.58209],[-172.49818,-8.58205],[-172.49814,-8.58194],[-172.49823,-8.58188],[-172.49827,-8.58173],[-172.49834,-8.58172],[-172.49834,-8.58163],[-172.49852,-8.58163],[-172.49852,-8.58145],[-172.49861,-8.58145],[-172.49861,-8.58136],[-172.4987,-8.58136],[-172.4987,-8.58127],[-172.49879,-8.58127],[-172.49879,-8.58109],[-172.49888,-8.58109],[-172.49888,-8.58101],[-172.49897,-8.58101],[-172.49897,-8.58092],[-172.49906,-8.58092],[-172.49906,-8.58083],[-172.49924,-8.58083],[-172.49924,-8.58074],[-172.49933,-8.58074],[-172.49933,-8.58065],[-172.49942,-8.58065],[-172.49942,-8.58056],[-172.49951,-8.58056],[-172.49951,-8.58047],[-172.49969,-8.58047],[-172.49969,-8.58038],[-172.49978,-8.58038],[-172.49978,-8.58029]]],[[[-172.49879,-8.57923],[-172.49879,-8.57905],[-172.49879,-8.57896],[-172.49888,-8.57896],[-172.49888,-8.57905],[-172.49897,-8.57905],[-172.49897,-8.57923],[-172.49879,-8.57923]]],[[[-172.49196,-8.57887],[-172.49196,-8.5787],[-172.49205,-8.5787],[-172.49205,-8.57887],[-172.49196,-8.57887]]],[[[-172.49627,-8.58101],[-172.49591,-8.58101],[-172.49591,-8.58092],[-172.49573,-8.58092],[-172.49573,-8.58065],[-172.49566,-8.58063],[-172.49562,-8.58051],[-172.49584,-8.58044],[-172.49571,-8.58033],[-172.49589,-8.58027],[-172.49593,-8.58023],[-172.49607,-8.58019],[-172.49611,-8.58014],[-172.49616,-8.5801],[-172.4962,-8.58005],[-172.49625,-8.58001],[-172.49629,-8.57996],[-172.49634,-8.57992],[-172.49638,-8.57987],[-172.49643,-8.57983],[-172.49647,-8.57978],[-172.49652,-8.57974],[-172.49656,-8.57969],[-172.49675,-8.57965],[-172.49683,-8.57974],[-172.49691,-8.57981],[-172.49683,-8.57987],[-172.49679,-8.58027],[-172.49674,-8.58032],[-172.4967,-8.58045],[-172.49665,-8.58049],[-172.49661,-8.58072],[-172.49656,-8.58076],[-172.49652,-8.58081],[-172.49647,-8.58085],[-172.49643,-8.5809],[-172.49636,-8.58092],[-172.49636,-8.58101],[-172.49627,-8.58101]]],[[[-172.49441,-8.57987],[-172.49445,-8.57983],[-172.4945,-8.57969],[-172.49454,-8.57965],[-172.49462,-8.57957],[-172.49468,-8.57979],[-172.49459,-8.57987],[-172.49454,-8.57992],[-172.4945,-8.57996],[-172.49445,-8.58001],[-172.49439,-8.58003],[-172.49441,-8.57987]]],[[[-172.50015,-8.58253],[-172.50021,-8.5825],[-172.50024,-8.58236],[-172.5003,-8.58232],[-172.50033,-8.58227],[-172.50039,-8.58223],[-172.50042,-8.58218],[-172.50048,-8.58214],[-172.50051,-8.58209],[-172.50057,-8.58205],[-172.5006,-8.582],[-172.50066,-8.58196],[-172.50069,-8.58191],[-172.50083,-8.58188],[-172.50087,-8.58182],[-172.50099,-8.58179],[-172.50105,-8.58188],[-172.5011,-8.58191],[-172.50114,-8.58196],[-172.50119,-8.582],[-172.50123,-8.58205],[-172.50128,-8.58209],[-172.50132,-8.58232],[-172.50141,-8.58238],[-172.50132,-8.58245],[-172.50128,-8.58294],[-172.50123,-8.58298],[-172.50119,-8.58303],[-172.50114,-8.58307],[-172.5011,-8.58321],[-172.50103,-8.58323],[-172.50103,-8.5834],[-172.50049,-8.5834],[-172.50049,-8.58331],[-172.5004,-8.58331],[-172.5004,-8.58323],[-172.50022,-8.58323],[-172.50022,-8.58305],[-172.50013,-8.58305],[-172.50013,-8.58296],[-172.50005,-8.58296],[-172.50005,-8.58278],[-172.50005,-8.58269],[-172.50013,-8.58269],[-172.50015,-8.58253]]],[[[-172.50184,-8.58207],[-172.50175,-8.58207],[-172.50175,-8.58198],[-172.50166,-8.58198],[-172.50166,-8.58189],[-172.50157,-8.58189],[-172.50157,-8.5818],[-172.50148,-8.5818],[-172.50148,-8.58172],[-172.50139,-8.58172],[-172.50139,-8.58154],[-172.5013,-8.58154],[-172.5013,-8.58136],[-172.50121,-8.58136],[-172.50121,-8.58109],[-172.50148,-8.58109],[-172.50148,-8.58118],[-172.50166,-8.58118],[-172.50166,-8.58127],[-172.50175,-8.58127],[-172.50175,-8.58136],[-172.50184,-8.58136],[-172.50184,-8.58145],[-172.50193,-8.58145],[-172.50193,-8.58154],[-172.50202,-8.58154],[-172.50202,-8.58172],[-172.50211,-8.58172],[-172.50211,-8.5818],[-172.5022,-8.5818],[-172.5022,-8.58198],[-172.50238,-8.58198],[-172.50247,-8.58198],[-172.50247,-8.58207],[-172.50247,-8.5826],[-172.50256,-8.5826],[-172.50256,-8.58287],[-172.50265,-8.58287],[-172.50265,-8.58296],[-172.50274,-8.58296],[-172.50274,-8.58314],[-172.50292,-8.58314],[-172.50292,-8.58331],[-172.50301,-8.58331],[-172.50301,-8.58349],[-172.5031,-8.58349],[-172.5031,-8.58358],[-172.50319,-8.58358],[-172.50319,-8.58367],[-172.50328,-8.58367],[-172.50328,-8.58376],[-172.50337,-8.58376],[-172.50337,-8.58385],[-172.50346,-8.58385],[-172.50346,-8.58394],[-172.50364,-8.58394],[-172.50364,-8.58403],[-172.50382,-8.58403],[-172.50382,-8.58411],[-172.50391,-8.58411],[-172.50391,-8.5842],[-172.504,-8.5842],[-172.504,-8.58429],[-172.50409,-8.58429],[-172.50409,-8.58447],[-172.50418,-8.58447],[-172.50418,-8.58456],[-172.50427,-8.58456],[-172.50427,-8.58474],[-172.50445,-8.58474],[-172.50445,-8.58482],[-172.50508,-8.58482],[-172.50508,-8.58491],[-172.50526,-8.58491],[-172.50526,-8.585],[-172.50543,-8.585],[-172.50543,-8.58509],[-172.50615,-8.58509],[-172.50615,-8.585],[-172.50624,-8.585],[-172.50624,-8.58491],[-172.50633,-8.58491],[-172.50633,-8.58482],[-172.50651,-8.58482],[-172.50651,-8.58474],[-172.5066,-8.58474],[-172.5066,-8.58456],[-172.50669,-8.58456],[-172.50669,-8.58438],[-172.50678,-8.58438],[-172.50678,-8.58349],[-172.50669,-8.58349],[-172.50669,-8.5834],[-172.50606,-8.5834],[-172.50606,-8.58331],[-172.50588,-8.58331],[-172.50588,-8.58323],[-172.50543,-8.58323],[-172.50543,-8.58287],[-172.50543,-8.5826],[-172.50543,-8.58225],[-172.50552,-8.58225],[-172.50552,-8.58216],[-172.50561,-8.58216],[-172.50561,-8.58198],[-172.5057,-8.58198],[-172.5057,-8.58189],[-172.50588,-8.58189],[-172.50588,-8.5818],[-172.50597,-8.5818],[-172.50597,-8.58189],[-172.50606,-8.58189],[-172.50615,-8.58189],[-172.50615,-8.58198],[-172.50633,-8.58198],[-172.50633,-8.58207],[-172.50642,-8.58207],[-172.50642,-8.58216],[-172.50651,-8.58216],[-172.50651,-8.58225],[-172.5066,-8.58225],[-172.5066,-8.58234],[-172.50669,-8.58234],[-172.50669,-8.58243],[-172.50678,-8.58243],[-172.50678,-8.58252],[-172.50687,-8.58252],[-172.50687,-8.5826],[-172.50696,-8.5826],[-172.50696,-8.58269],[-172.50705,-8.58269],[-172.50705,-8.58278],[-172.50714,-8.58278],[-172.50714,-8.58287],[-172.50723,-8.58287],[-172.50723,-8.58296],[-172.50732,-8.58296],[-172.50732,-8.58305],[-172.50741,-8.58305],[-172.50741,-8.58314],[-172.5075,-8.58314],[-172.5075,-8.58323],[-172.50759,-8.58323],[-172.50759,-8.58331],[-172.50777,-8.58331],[-172.50777,-8.58305],[-172.50786,-8.58305],[-172.50786,-8.58331],[-172.50795,-8.58331],[-172.50795,-8.5834],[-172.50795,-8.58349],[-172.50804,-8.58349],[-172.50804,-8.58367],[-172.50813,-8.58367],[-172.50813,-8.58394],[-172.50804,-8.58394],[-172.50804,-8.58403],[-172.50795,-8.58403],[-172.50795,-8.58411],[-172.50786,-8.58411],[-172.50786,-8.5842],[-172.50777,-8.5842],[-172.50777,-8.58429],[-172.50768,-8.58429],[-172.50768,-8.58438],[-172.50759,-8.58438],[-172.50759,-8.58447],[-172.5075,-8.58447],[-172.5075,-8.58456],[-172.50732,-8.58456],[-172.50732,-8.58465],[-172.50723,-8.58465],[-172.50723,-8.58474],[-172.50705,-8.58474],[-172.50705,-8.58482],[-172.50696,-8.58482],[-172.50696,-8.58491],[-172.50678,-8.58491],[-172.50678,-8.585],[-172.50669,-8.585],[-172.50669,-8.58509],[-172.5066,-8.58509],[-172.5066,-8.58518],[-172.50651,-8.58518],[-172.50651,-8.58527],[-172.50642,-8.58527],[-172.50642,-8.58536],[-172.50633,-8.58536],[-172.50633,-8.58545],[-172.50615,-8.58545],[-172.50615,-8.58554],[-172.50606,-8.58554],[-172.50606,-8.58562],[-172.50517,-8.58562],[-172.50517,-8.58554],[-172.50499,-8.58554],[-172.50499,-8.58545],[-172.5049,-8.58545],[-172.5049,-8.58536],[-172.50472,-8.58536],[-172.50472,-8.58527],[-172.50463,-8.58527],[-172.50463,-8.58518],[-172.50454,-8.58518],[-172.50454,-8.58509],[-172.50445,-8.58509],[-172.50445,-8.585],[-172.50436,-8.585],[-172.50436,-8.58491],[-172.50427,-8.58491],[-172.50427,-8.58482],[-172.50409,-8.58482],[-172.50409,-8.58474],[-172.50391,-8.58474],[-172.50391,-8.58465],[-172.50373,-8.58465],[-172.50373,-8.58456],[-172.50355,-8.58456],[-172.50355,-8.58447],[-172.50337,-8.58447],[-172.50337,-8.58438],[-172.50319,-8.58438],[-172.50319,-8.58429],[-172.50301,-8.58429],[-172.50301,-8.5842],[-172.50274,-8.5842],[-172.50274,-8.58411],[-172.50238,-8.58411],[-172.50238,-8.58403],[-172.50211,-8.58403],[-172.50211,-8.58394],[-172.50193,-8.58394],[-172.50193,-8.58385],[-172.50184,-8.58385],[-172.50157,-8.58385],[-172.50157,-8.58367],[-172.50157,-8.58349],[-172.50148,-8.58349],[-172.50148,-8.5834],[-172.50157,-8.5834],[-172.50157,-8.58314],[-172.50166,-8.58314],[-172.50166,-8.58305],[-172.50166,-8.58287],[-172.50175,-8.58287],[-172.50175,-8.5826],[-172.50184,-8.5826],[-172.50184,-8.58207]]],[[[-172.47849,-8.57585],[-172.47831,-8.57585],[-172.47831,-8.57559],[-172.47833,-8.57534],[-172.47837,-8.5753],[-172.47846,-8.57521],[-172.47849,-8.57541],[-172.47858,-8.57541],[-172.47858,-8.57568],[-172.47864,-8.5757],[-172.47869,-8.5758],[-172.4786,-8.57587],[-172.47852,-8.57596],[-172.47849,-8.57585]]],[[[-172.48594,-8.57727],[-172.48587,-8.5773],[-172.48583,-8.57734],[-172.48551,-8.57738],[-172.48547,-8.57743],[-172.48537,-8.57747],[-172.48529,-8.57738],[-172.48502,-8.57733],[-172.48511,-8.57725],[-172.48515,-8.57703],[-172.4852,-8.57699],[-172.48524,-8.57685],[-172.48529,-8.57681],[-172.48531,-8.57674],[-172.48531,-8.57665],[-172.4854,-8.57665],[-172.4854,-8.57656],[-172.48549,-8.57656],[-172.48549,-8.57648],[-172.48558,-8.57648],[-172.48558,-8.57639],[-172.48567,-8.57639],[-172.48569,-8.57632],[-172.48574,-8.57628],[-172.48578,-8.57609],[-172.48569,-8.57601],[-172.48565,-8.57538],[-172.48574,-8.5753],[-172.4858,-8.57512],[-172.48587,-8.57521],[-172.48592,-8.57525],[-172.48596,-8.57539],[-172.48601,-8.57543],[-172.48605,-8.57557],[-172.4861,-8.57561],[-172.48614,-8.5758],[-172.48605,-8.57587],[-172.48601,-8.5761],[-172.48596,-8.57614],[-172.48592,-8.57677],[-172.48601,-8.57685],[-172.48605,-8.57713],[-172.48596,-8.57721],[-172.48594,-8.57727]]],[[[-172.49313,-8.57612],[-172.49313,-8.57603],[-172.49331,-8.57603],[-172.49331,-8.57612],[-172.49313,-8.57612]]],[[[-172.48875,-8.5757],[-172.4888,-8.57566],[-172.48884,-8.57552],[-172.48889,-8.57548],[-172.48894,-8.5753],[-172.48902,-8.57539],[-172.48906,-8.57543],[-172.48911,-8.57548],[-172.48933,-8.57552],[-172.48938,-8.57557],[-172.48951,-8.57561],[-172.48956,-8.57566],[-172.4896,-8.5757],[-172.48965,-8.57574],[-172.48971,-8.57576],[-172.48973,-8.57569],[-172.48982,-8.57563],[-172.4897,-8.57554],[-172.48979,-8.57548],[-172.48982,-8.57543],[-172.48996,-8.57539],[-172.49,-8.57572],[-172.48991,-8.57578],[-172.48988,-8.57601],[-172.4898,-8.57603],[-172.4898,-8.5763],[-172.48971,-8.5763],[-172.48971,-8.57665],[-172.48962,-8.57665],[-172.48962,-8.57754],[-172.48971,-8.57754],[-172.48971,-8.5779],[-172.48962,-8.5779],[-172.48962,-8.57825],[-172.48953,-8.57825],[-172.48953,-8.57834],[-172.48944,-8.57834],[-172.48944,-8.57843],[-172.48927,-8.57843],[-172.48927,-8.57834],[-172.48918,-8.57834],[-172.48864,-8.57834],[-172.48864,-8.57825],[-172.48828,-8.57825],[-172.48828,-8.57816],[-172.4881,-8.57816],[-172.4881,-8.57807],[-172.48792,-8.57807],[-172.48792,-8.57799],[-172.48783,-8.57799],[-172.48783,-8.57781],[-172.48774,-8.57781],[-172.48774,-8.57763],[-172.48783,-8.57763],[-172.48783,-8.57745],[-172.48792,-8.57745],[-172.48792,-8.57736],[-172.48801,-8.57736],[-172.48801,-8.57727],[-172.4881,-8.57727],[-172.4881,-8.57719],[-172.48828,-8.57719],[-172.48828,-8.57701],[-172.48837,-8.57701],[-172.48837,-8.57683],[-172.48846,-8.57683],[-172.48846,-8.57674],[-172.48855,-8.57674],[-172.48855,-8.57665],[-172.48864,-8.57665],[-172.48864,-8.57656],[-172.48873,-8.57656],[-172.48873,-8.57648],[-172.48875,-8.5757]]],[[[-172.47766,-8.57569],[-172.47757,-8.57563],[-172.47766,-8.57557],[-172.4777,-8.57525],[-172.47775,-8.57521],[-172.47779,-8.57481],[-172.47793,-8.57477],[-172.47797,-8.57472],[-172.47802,-8.57468],[-172.47804,-8.57514],[-172.47804,-8.57541],[-172.47804,-8.57559],[-172.47804,-8.57568],[-172.47802,-8.57575],[-172.47772,-8.57578],[-172.47766,-8.57569]]],[[[-172.4808,-8.57481],[-172.48071,-8.57473],[-172.48088,-8.57468],[-172.48093,-8.57484],[-172.48082,-8.57488],[-172.4808,-8.57481]]],[[[-172.48376,-8.57721],[-172.48345,-8.57717],[-172.48341,-8.57712],[-172.48323,-8.57706],[-172.48332,-8.57699],[-172.48336,-8.57685],[-172.48341,-8.57681],[-172.48345,-8.57667],[-172.4835,-8.57663],[-172.48354,-8.5765],[-172.48359,-8.57645],[-172.48363,-8.57632],[-172.48367,-8.57628],[-172.48372,-8.5757],[-172.48376,-8.57566],[-172.48381,-8.57534],[-172.48385,-8.5753],[-172.4839,-8.57516],[-172.48394,-8.57512],[-172.48399,-8.57507],[-172.48403,-8.57503],[-172.4841,-8.57496],[-172.48417,-8.57503],[-172.48421,-8.57507],[-172.48426,-8.57521],[-172.4843,-8.57525],[-172.48435,-8.57589],[-172.48426,-8.57596],[-172.48421,-8.57677],[-172.4843,-8.57685],[-172.48435,-8.5769],[-172.48442,-8.57696],[-172.48432,-8.57705],[-172.48443,-8.57715],[-172.48426,-8.57721],[-172.48421,-8.57725],[-172.48379,-8.57727],[-172.48376,-8.57721]]],[[[-172.48003,-8.57578],[-172.48008,-8.57575],[-172.48012,-8.57569],[-172.48017,-8.57566],[-172.48021,-8.57561],[-172.48026,-8.57557],[-172.4803,-8.57552],[-172.48035,-8.57548],[-172.48039,-8.57534],[-172.48044,-8.5753],[-172.48048,-8.57525],[-172.48053,-8.57521],[-172.48057,-8.57516],[-172.48062,-8.57512],[-172.48066,-8.57507],[-172.48071,-8.57504],[-172.48078,-8.57495],[-172.48084,-8.57504],[-172.48089,-8.57507],[-172.48093,-8.57619],[-172.48102,-8.57625],[-172.48093,-8.57632],[-172.48089,-8.57655],[-172.48073,-8.57656],[-172.48073,-8.57665],[-172.48064,-8.57665],[-172.48028,-8.57665],[-172.48028,-8.57656],[-172.4801,-8.57656],[-172.4801,-8.57648],[-172.47992,-8.57648],[-172.47992,-8.57639],[-172.47983,-8.57639],[-172.47983,-8.57603],[-172.47992,-8.57603],[-172.47992,-8.57594],[-172.47992,-8.57585],[-172.48001,-8.57585],[-172.48003,-8.57578]]],[[[-172.50887,-8.57827],[-172.50919,-8.57823],[-172.50923,-8.57818],[-172.50937,-8.57814],[-172.50941,-8.57809],[-172.5096,-8.57805],[-172.50968,-8.57814],[-172.50982,-8.57818],[-172.50986,-8.57859],[-172.50991,-8.57863],[-172.50995,-8.57891],[-172.50986,-8.57898],[-172.50982,-8.5793],[-172.50977,-8.57934],[-172.50973,-8.57939],[-172.50965,-8.57945],[-172.50973,-8.57952],[-172.50977,-8.57971],[-172.50968,-8.57978],[-172.50964,-8.57983],[-172.50959,-8.57987],[-172.50952,-8.57995],[-172.50946,-8.57987],[-172.50932,-8.57983],[-172.50928,-8.57978],[-172.50896,-8.57974],[-172.50892,-8.57969],[-172.50887,-8.57965],[-172.50883,-8.57925],[-172.50806,-8.57921],[-172.50804,-8.57887],[-172.50795,-8.57887],[-172.50795,-8.57878],[-172.50788,-8.57881],[-172.50784,-8.57894],[-172.50774,-8.57898],[-172.50766,-8.57889],[-172.50761,-8.57885],[-172.50757,-8.57875],[-172.50766,-8.57868],[-172.5077,-8.57863],[-172.50784,-8.57859],[-172.50791,-8.57851],[-172.50801,-8.57863],[-172.50806,-8.57845],[-172.50811,-8.57841],[-172.50815,-8.57836],[-172.50829,-8.57832],[-172.50833,-8.57827],[-172.50861,-8.57823],[-172.50869,-8.57832],[-172.50879,-8.57836],[-172.50887,-8.57827]]],[[[-172.48594,-8.57727],[-172.48605,-8.57731],[-172.48597,-8.57738],[-172.48594,-8.57727]]],[[[-172.49322,-8.57985],[-172.49322,-8.57976],[-172.49313,-8.57976],[-172.49313,-8.57967],[-172.49304,-8.57967],[-172.49304,-8.57932],[-172.49306,-8.57907],[-172.49311,-8.57903],[-172.49315,-8.57898],[-172.49329,-8.57894],[-172.49333,-8.57889],[-172.49356,-8.57885],[-172.4936,-8.5788],[-172.49374,-8.57877],[-172.4938,-8.57868],[-172.49387,-8.57877],[-172.49392,-8.5788],[-172.49396,-8.57901],[-172.49387,-8.57907],[-172.49383,-8.57939],[-172.49378,-8.57942],[-172.49374,-8.57965],[-172.49369,-8.57969],[-172.49365,-8.57974],[-172.49358,-8.57976],[-172.49358,-8.57985],[-172.49322,-8.57985]]],[[[-172.49034,-8.57825],[-172.49043,-8.57825],[-172.49043,-8.57843],[-172.49034,-8.57843],[-172.49034,-8.57852],[-172.49025,-8.57852],[-172.49025,-8.57834],[-172.49034,-8.57834],[-172.49034,-8.57825]]],[[[-172.49474,-8.57648],[-172.49501,-8.57648],[-172.49519,-8.57648],[-172.49519,-8.57656],[-172.49501,-8.57656],[-172.49501,-8.57683],[-172.49492,-8.57683],[-172.49492,-8.57692],[-172.49474,-8.57692],[-172.49474,-8.57701],[-172.49457,-8.57701],[-172.49457,-8.57656],[-172.49474,-8.57656],[-172.49474,-8.57648]]],[[[-172.48747,-8.57656],[-172.48747,-8.5763],[-172.48756,-8.5763],[-172.48756,-8.57656],[-172.48747,-8.57656]]],[[[-172.4963,-8.57699],[-172.49638,-8.57707],[-172.49627,-8.5771],[-172.4963,-8.57699]]],[[[-172.50687,-8.57719],[-172.50669,-8.57719],[-172.50669,-8.5771],[-172.5066,-8.5771],[-172.5066,-8.57701],[-172.50651,-8.57701],[-172.50651,-8.57692],[-172.5064,-8.57689],[-172.50649,-8.57681],[-172.50653,-8.57676],[-172.50726,-8.57672],[-172.50734,-8.57681],[-172.50766,-8.57685],[-172.5077,-8.5769],[-172.50784,-8.57694],[-172.50788,-8.57704],[-172.50779,-8.57712],[-172.50775,-8.57717],[-172.50741,-8.57719],[-172.50714,-8.57719],[-172.50714,-8.57727],[-172.50687,-8.57727],[-172.50687,-8.57719]]]]},"properties":{"area_code":"TK-ATA","area_name":"Atafu","boundary_source_name":"geoBoundaries TKL ADM0 (land-cover), longitude-clustered to atoll","area_unit_id":"tk-atoll-2022-geoboundaries-adm0-split:TK-ATA","boundary_set_id":"tk-atoll-2022-geoboundaries-adm0-split","boundary_level":"atoll","boundary_vintage":"2022","boundary_source":"geoBoundaries TKL ADM0; Sentinel-2 10m Land Cover raster-to-polygon dissolve","boundary_licence":"CC BY 4.0","land_area_sq_km":3.1041630108528353}},
{"type":"Feature","geometry":{"type":"MultiPolygon","coordinates":[[[[-171.78644,-9.11887],[-171.78635,-9.11879],[-171.78631,-9.11849],[-171.78649,-9.11844],[-171.78653,-9.11839],[-171.78675,-9.11835],[-171.7868,-9.11853],[-171.78685,-9.11857],[-171.78689,-9.11867],[-171.7868,-9.11874],[-171.78676,-9.11911],[-171.78685,-9.11919],[-171.78689,-9.11924],[-171.78694,-9.11928],[-171.78698,-9.11968],[-171.78703,-9.11972],[-171.78707,-9.11995],[-171.78712,-9.11999],[-171.78716,-9.12012],[-171.78721,-9.12016],[-171.78725,-9.12038],[-171.78707,-9.12043],[-171.78703,-9.12048],[-171.78698,-9.12052],[-171.78694,-9.12057],[-171.78689,-9.12061],[-171.78685,-9.12065],[-171.7868,-9.1207],[-171.78676,-9.12074],[-171.78671,-9.12078],[-171.78667,-9.12083],[-171.78662,-9.12087],[-171.78658,-9.12092],[-171.78644,-9.12096],[-171.7864,-9.12101],[-171.78635,-9.12105],[-171.78631,-9.1211],[-171.78617,-9.12114],[-171.78613,-9.12119],[-171.78608,-9.12123],[-171.78604,-9.12128],[-171.78591,-9.12132],[-171.78583,-9.12141],[-171.78577,-9.12123],[-171.78573,-9.12119],[-171.7857,-9.12103],[-171.7857,-9.12076],[-171.78561,-9.12076],[-171.78561,-9.12014],[-171.78561,-9.11997],[-171.78553,-9.11997],[-171.78553,-9.11979],[-171.78544,-9.11979],[-171.78544,-9.11934],[-171.78535,-9.11934],[-171.78535,-9.11908],[-171.78526,-9.11908],[-171.78526,-9.1189],[-171.78526,-9.11864],[-171.78526,-9.11855],[-171.78535,-9.11855],[-171.78544,-9.11855],[-171.78545,-9.11848],[-171.78569,-9.11844],[-171.78575,-9.11835],[-171.78581,-9.11844],[-171.78596,-9.11848],[-171.78597,-9.11855],[-171.78597,-9.11864],[-171.78615,-9.11864],[-171.78615,-9.1189],[-171.78633,-9.1189],[-171.78644,-9.11887]]],[[[-171.78511,-9.11809],[-171.78519,-9.11816],[-171.78508,-9.11819],[-171.78511,-9.11809]]],[[[-171.78669,-9.12156],[-171.78678,-9.12156],[-171.78687,-9.12156],[-171.78687,-9.12165],[-171.78698,-9.12168],[-171.78689,-9.12176],[-171.78685,-9.12181],[-171.78671,-9.12185],[-171.78667,-9.1219],[-171.78662,-9.12194],[-171.78658,-9.12207],[-171.78637,-9.12211],[-171.78633,-9.12201],[-171.78633,-9.12183],[-171.78642,-9.12183],[-171.78642,-9.12174],[-171.78651,-9.12174],[-171.7866,-9.12174],[-171.7866,-9.12165],[-171.78669,-9.12165],[-171.78669,-9.12156]]],[[[-171.78762,-9.12119],[-171.7877,-9.12127],[-171.78779,-9.12136],[-171.78759,-9.12138],[-171.78762,-9.12119]]],[[[-171.78463,-9.11642],[-171.7849,-9.11642],[-171.7849,-9.11668],[-171.78481,-9.11668],[-171.78481,-9.11677],[-171.78463,-9.11677],[-171.78463,-9.11642]]],[[[-171.86152,-9.11784],[-171.86161,-9.11784],[-171.86161,-9.11801],[-171.8617,-9.11801],[-171.8617,-9.1181],[-171.86179,-9.1181],[-171.86179,-9.11846],[-171.86188,-9.11846],[-171.86188,-9.11872],[-171.8619,-9.11897],[-171.86204,-9.11901],[-171.86208,-9.11915],[-171.86213,-9.11919],[-171.86217,-9.11932],[-171.86222,-9.11937],[-171.86226,-9.1195],[-171.86231,-9.11954],[-171.86235,-9.11968],[-171.8624,-9.11972],[-171.86244,-9.12026],[-171.86235,-9.12034],[-171.86231,-9.12048],[-171.86217,-9.12052],[-171.86213,-9.12057],[-171.86203,-9.12061],[-171.86195,-9.12052],[-171.8619,-9.12048],[-171.86186,-9.12043],[-171.86181,-9.12039],[-171.86177,-9.12034],[-171.86159,-9.12029],[-171.86168,-9.12021],[-171.86172,-9.12007],[-171.86186,-9.12003],[-171.8619,-9.12],[-171.86167,-9.11995],[-171.86159,-9.12003],[-171.86154,-9.12007],[-171.8615,-9.12012],[-171.86129,-9.12016],[-171.86125,-9.12005],[-171.86116,-9.12005],[-171.86116,-9.11997],[-171.86107,-9.11997],[-171.86107,-9.11988],[-171.86098,-9.11988],[-171.86098,-9.11979],[-171.86071,-9.11979],[-171.86071,-9.11988],[-171.86035,-9.11988],[-171.86035,-9.11979],[-171.86026,-9.11979],[-171.86026,-9.11961],[-171.86018,-9.11961],[-171.86018,-9.11934],[-171.86009,-9.11934],[-171.86009,-9.11917],[-171.86,-9.11917],[-171.86,-9.1189],[-171.85991,-9.1189],[-171.85991,-9.11864],[-171.85982,-9.11864],[-171.85982,-9.11846],[-171.85973,-9.11846],[-171.85973,-9.11828],[-171.85964,-9.11828],[-171.85964,-9.1181],[-171.85955,-9.1181],[-171.85955,-9.11801],[-171.85946,-9.11801],[-171.85946,-9.11784],[-171.85937,-9.11784],[-171.85937,-9.11775],[-171.85928,-9.11775],[-171.85928,-9.11766],[-171.85919,-9.11766],[-171.85919,-9.11757],[-171.85901,-9.11757],[-171.85901,-9.11748],[-171.85892,-9.11748],[-171.85892,-9.11739],[-171.85874,-9.11739],[-171.85874,-9.1173],[-171.85838,-9.1173],[-171.85838,-9.11722],[-171.85775,-9.11722],[-171.85775,-9.11704],[-171.85784,-9.11704],[-171.85784,-9.11686],[-171.85793,-9.11686],[-171.85793,-9.1166],[-171.85802,-9.1166],[-171.85802,-9.11651],[-171.85793,-9.11651],[-171.85793,-9.11624],[-171.85811,-9.11624],[-171.85811,-9.11615],[-171.8582,-9.11615],[-171.8582,-9.11606],[-171.85829,-9.11606],[-171.85829,-9.11597],[-171.85847,-9.11597],[-171.85847,-9.11589],[-171.85892,-9.11589],[-171.85892,-9.11597],[-171.85955,-9.11597],[-171.85955,-9.11589],[-171.85982,-9.11589],[-171.85982,-9.11597],[-171.86,-9.11597],[-171.86,-9.11606],[-171.85973,-9.11606],[-171.85973,-9.11615],[-171.85991,-9.11615],[-171.85991,-9.11624],[-171.86009,-9.11624],[-171.86009,-9.11633],[-171.86018,-9.11633],[-171.86018,-9.11642],[-171.86026,-9.11642],[-171.86026,-9.11651],[-171.86035,-9.11651],[-171.86035,-9.1166],[-171.86053,-9.1166],[-171.86053,-9.11677],[-171.86062,-9.11677],[-171.86062,-9.11686],[-171.86071,-9.11686],[-171.86071,-9.11695],[-171.8608,-9.11695],[-171.8608,-9.11704],[-171.86089,-9.11704],[-171.86089,-9.11713],[-171.86098,-9.11713],[-171.86098,-9.11722],[-171.86107,-9.11722],[-171.86107,-9.1173],[-171.86116,-9.1173],[-171.86116,-9.11739],[-171.86125,-9.11739],[-171.86125,-9.11757],[-171.86134,-9.11757],[-171.86134,-9.11775],[-171.86143,-9.11775],[-171.86152,-9.11775],[-171.86152,-9.11784]]],[[[-171.78537,-9.11812],[-171.78541,-9.11808],[-171.78547,-9.11791],[-171.78555,-9.11799],[-171.78573,-9.11805],[-171.78561,-9.11815],[-171.78568,-9.11821],[-171.78573,-9.11826],[-171.78535,-9.11828],[-171.78537,-9.11812]]],[[[-171.78488,-9.11777],[-171.78479,-9.1177],[-171.78488,-9.11764],[-171.78491,-9.1175],[-171.78497,-9.11746],[-171.785,-9.11741],[-171.78506,-9.11738],[-171.78509,-9.11732],[-171.78521,-9.11729],[-171.78527,-9.11737],[-171.78542,-9.11741],[-171.78545,-9.11773],[-171.78509,-9.11777],[-171.78506,-9.11782],[-171.7849,-9.11784],[-171.78488,-9.11777]]],[[[-171.78858,-9.12786],[-171.78885,-9.12786],[-171.78885,-9.12795],[-171.78939,-9.12795],[-171.78957,-9.12795],[-171.78957,-9.12804],[-171.78957,-9.1283],[-171.78948,-9.1283],[-171.78948,-9.12839],[-171.78912,-9.12839],[-171.78885,-9.12839],[-171.78885,-9.12848],[-171.78858,-9.12848],[-171.78858,-9.12839],[-171.78849,-9.12839],[-171.78849,-9.1283],[-171.7884,-9.1283],[-171.7884,-9.12804],[-171.78849,-9.12804],[-171.78849,-9.12795],[-171.78858,-9.12795],[-171.78858,-9.12786]]],[[[-171.78975,-9.12795],[-171.78964,-9.12792],[-171.78972,-9.12784],[-171.78975,-9.12795]]],[[[-171.86071,-9.1283],[-171.86089,-9.1283],[-171.86089,-9.12848],[-171.86062,-9.12848],[-171.86062,-9.12839],[-171.86071,-9.12839],[-171.86071,-9.1283]]],[[[-171.78975,-9.12795],[-171.78984,-9.12795],[-171.78984,-9.12813],[-171.78975,-9.12813],[-171.78975,-9.12795]]],[[[-171.78822,-9.12413],[-171.78867,-9.12413],[-171.78867,-9.12422],[-171.78885,-9.12422],[-171.78885,-9.12449],[-171.78894,-9.12449],[-171.78894,-9.12502],[-171.78894,-9.12511],[-171.78885,-9.12511],[-171.78876,-9.12511],[-171.78876,-9.1252],[-171.78858,-9.1252],[-171.78858,-9.12529],[-171.78795,-9.12529],[-171.78795,-9.1252],[-171.78786,-9.1252],[-171.78786,-9.12538],[-171.78777,-9.12538],[-171.78777,-9.12564],[-171.7875,-9.12564],[-171.7875,-9.12555],[-171.78741,-9.12555],[-171.78741,-9.12546],[-171.78732,-9.12546],[-171.78732,-9.12511],[-171.78723,-9.12511],[-171.78723,-9.12493],[-171.78723,-9.12458],[-171.78732,-9.12458],[-171.78732,-9.12449],[-171.78741,-9.12449],[-171.78741,-9.1244],[-171.78786,-9.1244],[-171.78786,-9.12431],[-171.78795,-9.12431],[-171.78795,-9.12422],[-171.78822,-9.12422],[-171.78822,-9.12413]]],[[[-171.78752,-9.123],[-171.78766,-9.12296],[-171.78774,-9.12287],[-171.78779,-9.12305],[-171.7875,-9.12307],[-171.78752,-9.123]]],[[[-171.78941,-9.12682],[-171.78946,-9.12677],[-171.78954,-9.12669],[-171.78959,-9.12695],[-171.78939,-9.12697],[-171.78941,-9.12682]]],[[[-171.78813,-9.12653],[-171.78831,-9.12653],[-171.78831,-9.12662],[-171.78849,-9.12662],[-171.78849,-9.12671],[-171.78867,-9.12671],[-171.78894,-9.12671],[-171.78894,-9.12688],[-171.78912,-9.12688],[-171.78912,-9.12706],[-171.78867,-9.12706],[-171.78867,-9.12715],[-171.78849,-9.12715],[-171.78849,-9.12724],[-171.7884,-9.12724],[-171.7884,-9.12733],[-171.78804,-9.12733],[-171.78804,-9.12724],[-171.78804,-9.12715],[-171.78795,-9.12715],[-171.78795,-9.12706],[-171.78786,-9.12706],[-171.78786,-9.12688],[-171.78795,-9.12688],[-171.78795,-9.12662],[-171.78813,-9.12662],[-171.78813,-9.12653]]],[[[-171.81283,-9.11243],[-171.81283,-9.11252],[-171.81265,-9.11252],[-171.81265,-9.1126],[-171.81256,-9.1126],[-171.81256,-9.11269],[-171.81229,-9.11269],[-171.81229,-9.1126],[-171.81212,-9.1126],[-171.81212,-9.11243],[-171.81283,-9.11243]]],[[[-171.82281,-9.11243],[-171.8227,-9.1124],[-171.82277,-9.11232],[-171.82281,-9.11243]]],[[[-171.78409,-9.11322],[-171.78463,-9.11322],[-171.78463,-9.11331],[-171.7849,-9.11331],[-171.7849,-9.1134],[-171.78499,-9.1134],[-171.78508,-9.1134],[-171.78508,-9.11358],[-171.7849,-9.11358],[-171.78472,-9.11358],[-171.78472,-9.11367],[-171.78427,-9.11367],[-171.78427,-9.11385],[-171.78418,-9.11385],[-171.78418,-9.11393],[-171.784,-9.11393],[-171.784,-9.11402],[-171.78391,-9.11402],[-171.78391,-9.11411],[-171.78382,-9.11411],[-171.78382,-9.11429],[-171.78337,-9.11429],[-171.78337,-9.1142],[-171.78328,-9.1142],[-171.78328,-9.11402],[-171.78337,-9.11402],[-171.78337,-9.11393],[-171.78321,-9.11391],[-171.78317,-9.11387],[-171.78312,-9.11383],[-171.78308,-9.11369],[-171.78299,-9.11361],[-171.7831,-9.11358],[-171.7831,-9.11349],[-171.78328,-9.11349],[-171.78328,-9.1134],[-171.78346,-9.1134],[-171.78346,-9.11331],[-171.78409,-9.11331],[-171.78409,-9.11322]]],[[[-171.78294,-9.11271],[-171.78299,-9.11267],[-171.78305,-9.1126],[-171.78312,-9.11267],[-171.78321,-9.11275],[-171.78303,-9.1128],[-171.78299,-9.11285],[-171.78292,-9.11287],[-171.78294,-9.11271]]],[[[-171.78517,-9.11101],[-171.78524,-9.11099],[-171.78527,-9.11094],[-171.78533,-9.1109],[-171.78536,-9.11085],[-171.78542,-9.11081],[-171.78545,-9.11067],[-171.7855,-9.11063],[-171.78554,-9.11087],[-171.78545,-9.11094],[-171.78542,-9.11117],[-171.78536,-9.1112],[-171.7853,-9.11129],[-171.78524,-9.1112],[-171.78518,-9.11117],[-171.78517,-9.11101]]],[[[-171.78517,-9.11101],[-171.78508,-9.11101],[-171.78508,-9.1111],[-171.7849,-9.1111],[-171.78472,-9.1111],[-171.78472,-9.11101],[-171.78454,-9.11101],[-171.78454,-9.11092],[-171.78445,-9.11092],[-171.78445,-9.11083],[-171.78436,-9.11083],[-171.78436,-9.11065],[-171.78427,-9.11065],[-171.78427,-9.11056],[-171.78418,-9.11056],[-171.78418,-9.11048],[-171.78409,-9.11048],[-171.78409,-9.11039],[-171.78391,-9.11039],[-171.78391,-9.1103],[-171.78382,-9.1103],[-171.78382,-9.11021],[-171.78364,-9.11021],[-171.78364,-9.11012],[-171.78346,-9.11012],[-171.78346,-9.11003],[-171.78319,-9.11003],[-171.78319,-9.10994],[-171.78301,-9.10994],[-171.78301,-9.10985],[-171.78292,-9.10985],[-171.78292,-9.10994],[-171.78274,-9.10994],[-171.78274,-9.10897],[-171.78265,-9.10897],[-171.78265,-9.10879],[-171.78256,-9.10879],[-171.78256,-9.1087],[-171.78247,-9.1087],[-171.78247,-9.10861],[-171.78238,-9.10861],[-171.78238,-9.10852],[-171.78229,-9.10852],[-171.78229,-9.10844],[-171.7822,-9.10844],[-171.7822,-9.10835],[-171.78211,-9.10835],[-171.78211,-9.10826],[-171.78193,-9.10826],[-171.78193,-9.10817],[-171.78184,-9.10817],[-171.78184,-9.10826],[-171.78175,-9.10826],[-171.78175,-9.10817],[-171.78166,-9.10817],[-171.78166,-9.10808],[-171.78157,-9.10808],[-171.78157,-9.10799],[-171.78157,-9.10773],[-171.78148,-9.10773],[-171.78148,-9.10737],[-171.78139,-9.10737],[-171.78139,-9.10719],[-171.7813,-9.10719],[-171.7813,-9.10693],[-171.78121,-9.10693],[-171.78121,-9.10675],[-171.78112,-9.10675],[-171.78112,-9.10657],[-171.78103,-9.10657],[-171.78103,-9.10639],[-171.78094,-9.10639],[-171.78094,-9.10631],[-171.78085,-9.10631],[-171.78085,-9.10613],[-171.78076,-9.10613],[-171.78076,-9.10604],[-171.78067,-9.10604],[-171.78067,-9.10577],[-171.78058,-9.10577],[-171.78058,-9.1056],[-171.78049,-9.1056],[-171.78049,-9.10506],[-171.78031,-9.10506],[-171.78031,-9.10427],[-171.7804,-9.10427],[-171.7804,-9.10409],[-171.78049,-9.10409],[-171.78049,-9.10382],[-171.78058,-9.10382],[-171.78058,-9.10373],[-171.78076,-9.10373],[-171.78076,-9.10347],[-171.78085,-9.10347],[-171.78085,-9.10329],[-171.78094,-9.10329],[-171.78094,-9.10311],[-171.78103,-9.10311],[-171.78103,-9.10285],[-171.78112,-9.10285],[-171.78112,-9.10276],[-171.78121,-9.10276],[-171.78121,-9.10267],[-171.7813,-9.10267],[-171.7813,-9.10258],[-171.78139,-9.10258],[-171.78139,-9.10249],[-171.78148,-9.10249],[-171.78148,-9.1024],[-171.78211,-9.1024],[-171.78211,-9.10249],[-171.78238,-9.10249],[-171.78238,-9.10258],[-171.78247,-9.10258],[-171.78265,-9.10258],[-171.78265,-9.10267],[-171.78301,-9.10267],[-171.78301,-9.10276],[-171.78337,-9.10276],[-171.78337,-9.10285],[-171.78373,-9.10285],[-171.78373,-9.10294],[-171.78391,-9.10294],[-171.78391,-9.10302],[-171.78418,-9.10302],[-171.78418,-9.10311],[-171.78445,-9.10311],[-171.78445,-9.1032],[-171.78463,-9.1032],[-171.78463,-9.10329],[-171.78481,-9.10329],[-171.78481,-9.10347],[-171.7849,-9.10347],[-171.7849,-9.10356],[-171.78508,-9.10356],[-171.78508,-9.10365],[-171.78517,-9.10365],[-171.78517,-9.10373],[-171.78526,-9.10373],[-171.78526,-9.10382],[-171.78544,-9.10382],[-171.78544,-9.10391],[-171.78553,-9.10391],[-171.78553,-9.104],[-171.78561,-9.104],[-171.78561,-9.10409],[-171.7857,-9.10409],[-171.7857,-9.10418],[-171.78579,-9.10418],[-171.78579,-9.10427],[-171.78588,-9.10427],[-171.78597,-9.10427],[-171.78597,-9.10435],[-171.78606,-9.10435],[-171.78606,-9.10444],[-171.78615,-9.10444],[-171.78615,-9.10453],[-171.78624,-9.10453],[-171.78624,-9.10462],[-171.78642,-9.10462],[-171.78642,-9.10471],[-171.78651,-9.10471],[-171.78651,-9.1048],[-171.7866,-9.1048],[-171.7866,-9.10498],[-171.78669,-9.10498],[-171.78669,-9.10506],[-171.78678,-9.10506],[-171.78678,-9.10515],[-171.78687,-9.10515],[-171.78687,-9.10524],[-171.78705,-9.10524],[-171.78705,-9.10533],[-171.78714,-9.10533],[-171.78714,-9.10542],[-171.78723,-9.10542],[-171.78723,-9.10551],[-171.78741,-9.10551],[-171.78741,-9.1056],[-171.7875,-9.1056],[-171.7875,-9.10577],[-171.78759,-9.10577],[-171.78759,-9.10595],[-171.78768,-9.10595],[-171.78768,-9.10604],[-171.78777,-9.10604],[-171.78777,-9.10622],[-171.78786,-9.10622],[-171.78786,-9.10648],[-171.78795,-9.10648],[-171.78795,-9.10693],[-171.78804,-9.10693],[-171.78804,-9.1071],[-171.78804,-9.10737],[-171.78813,-9.10737],[-171.78813,-9.10764],[-171.78822,-9.10764],[-171.78822,-9.10808],[-171.78813,-9.10808],[-171.78813,-9.10826],[-171.78804,-9.10826],[-171.78804,-9.10844],[-171.78795,-9.10844],[-171.78795,-9.10852],[-171.78786,-9.10852],[-171.78786,-9.10861],[-171.78741,-9.10861],[-171.78741,-9.10852],[-171.78723,-9.10852],[-171.78723,-9.10844],[-171.78705,-9.10844],[-171.78705,-9.10835],[-171.78696,-9.10835],[-171.78696,-9.10826],[-171.78642,-9.10826],[-171.78642,-9.10808],[-171.78624,-9.10808],[-171.78624,-9.10817],[-171.78597,-9.10817],[-171.78597,-9.10799],[-171.78553,-9.10799],[-171.78553,-9.10764],[-171.78561,-9.10764],[-171.78561,-9.10746],[-171.7857,-9.10746],[-171.7857,-9.1071],[-171.78561,-9.1071],[-171.78561,-9.10702],[-171.78553,-9.10702],[-171.78553,-9.10693],[-171.78544,-9.10693],[-171.78544,-9.10684],[-171.78526,-9.10684],[-171.78526,-9.10675],[-171.78508,-9.10675],[-171.78508,-9.10666],[-171.78499,-9.10666],[-171.7849,-9.10666],[-171.7849,-9.10657],[-171.78481,-9.10657],[-171.78481,-9.10648],[-171.78481,-9.10639],[-171.78472,-9.10639],[-171.78472,-9.10631],[-171.78463,-9.10631],[-171.78463,-9.10613],[-171.78454,-9.10613],[-171.78454,-9.10595],[-171.78445,-9.10595],[-171.78445,-9.10577],[-171.78436,-9.10577],[-171.78436,-9.10569],[-171.78427,-9.10569],[-171.78427,-9.1056],[-171.78409,-9.1056],[-171.78409,-9.10551],[-171.78391,-9.10551],[-171.78391,-9.10542],[-171.78364,-9.10542],[-171.78364,-9.10533],[-171.78337,-9.10533],[-171.78328,-9.10533],[-171.78328,-9.10524],[-171.78319,-9.10524],[-171.78319,-9.10515],[-171.78312,-9.10513],[-171.78308,-9.10508],[-171.78303,-9.10505],[-171.78296,-9.10496],[-171.78258,-9.10499],[-171.78254,-9.10505],[-171.78249,-9.10508],[-171.78245,-9.10513],[-171.7824,-9.10517],[-171.78236,-9.10531],[-171.78231,-9.10535],[-171.78227,-9.1054],[-171.78222,-9.10544],[-171.78218,-9.10549],[-171.78204,-9.10553],[-171.782,-9.10584],[-171.78191,-9.10591],[-171.782,-9.10597],[-171.78202,-9.10631],[-171.78211,-9.10631],[-171.78211,-9.10639],[-171.78211,-9.10648],[-171.7822,-9.10648],[-171.7822,-9.10666],[-171.78229,-9.10666],[-171.78229,-9.10675],[-171.78229,-9.10684],[-171.78238,-9.10684],[-171.78238,-9.10693],[-171.78256,-9.10693],[-171.78256,-9.10702],[-171.78283,-9.10702],[-171.78283,-9.1071],[-171.78319,-9.1071],[-171.78319,-9.10719],[-171.78346,-9.10719],[-171.78346,-9.10728],[-171.78364,-9.10728],[-171.78364,-9.10737],[-171.78382,-9.10737],[-171.78382,-9.10746],[-171.78391,-9.10746],[-171.78391,-9.10755],[-171.784,-9.10755],[-171.784,-9.10764],[-171.78427,-9.10764],[-171.78427,-9.10773],[-171.78436,-9.10773],[-171.78436,-9.10781],[-171.78445,-9.10781],[-171.78445,-9.10826],[-171.78436,-9.10826],[-171.78436,-9.10861],[-171.78427,-9.10861],[-171.78427,-9.10914],[-171.78436,-9.10914],[-171.78436,-9.10941],[-171.78445,-9.10941],[-171.78445,-9.1095],[-171.78454,-9.1095],[-171.78454,-9.10968],[-171.78463,-9.10968],[-171.78463,-9.10977],[-171.78472,-9.10977],[-171.78472,-9.10985],[-171.78481,-9.10985],[-171.78481,-9.10994],[-171.7849,-9.10994],[-171.7849,-9.11003],[-171.78499,-9.11003],[-171.78499,-9.11012],[-171.78508,-9.11012],[-171.78508,-9.11021],[-171.78517,-9.11021],[-171.78517,-9.11039],[-171.78526,-9.11039],[-171.78526,-9.11048],[-171.78535,-9.11048],[-171.78535,-9.11056],[-171.78526,-9.11056],[-171.78526,-9.11065],[-171.78526,-9.11083],[-171.78517,-9.11083],[-171.78517,-9.11101]]],[[[-171.81283,-9.11243],[-171.81285,-9.11236],[-171.81291,-9.11232],[-171.81297,-9.11223],[-171.81303,-9.11232],[-171.8138,-9.11236],[-171.81384,-9.11241],[-171.81422,-9.11244],[-171.81429,-9.11236],[-171.81393,-9.11232],[-171.81389,-9.11227],[-171.81366,-9.11223],[-171.81362,-9.11218],[-171.81351,-9.11214],[-171.81344,-9.11223],[-171.81324,-9.11227],[-171.81317,-9.11218],[-171.81267,-9.11214],[-171.81264,-9.11209],[-171.81168,-9.11205],[-171.81165,-9.112],[-171.8107,-9.11196],[-171.81066,-9.11191],[-171.81043,-9.11188],[-171.81039,-9.11182],[-171.80998,-9.11179],[-171.80994,-9.11174],[-171.80989,-9.1117],[-171.80985,-9.11165],[-171.80971,-9.11161],[-171.80967,-9.11156],[-171.80962,-9.11152],[-171.80958,-9.11147],[-171.80953,-9.11143],[-171.80949,-9.11138],[-171.80935,-9.11134],[-171.80931,-9.11129],[-171.80917,-9.11125],[-171.80915,-9.11118],[-171.8089,-9.11117],[-171.80886,-9.11111],[-171.80881,-9.11108],[-171.80877,-9.11103],[-171.80868,-9.11096],[-171.80877,-9.1109],[-171.80884,-9.11081],[-171.8089,-9.1109],[-171.80931,-9.11094],[-171.80935,-9.11099],[-171.80949,-9.11103],[-171.80953,-9.11108],[-171.80967,-9.11111],[-171.80971,-9.11117],[-171.81003,-9.1112],[-171.81007,-9.11125],[-171.8103,-9.11129],[-171.81034,-9.11134],[-171.81057,-9.11138],[-171.81061,-9.11143],[-171.8109,-9.11147],[-171.81099,-9.11134],[-171.81106,-9.11143],[-171.81165,-9.11147],[-171.81168,-9.11152],[-171.81174,-9.11156],[-171.81177,-9.11161],[-171.81192,-9.11165],[-171.81195,-9.1117],[-171.81219,-9.11174],[-171.81222,-9.11179],[-171.81274,-9.11181],[-171.81272,-9.11174],[-171.81259,-9.1117],[-171.81254,-9.11166],[-171.81272,-9.11161],[-171.81276,-9.11156],[-171.81305,-9.11152],[-171.81312,-9.11161],[-171.81317,-9.11165],[-171.81321,-9.1117],[-171.81326,-9.11174],[-171.8133,-9.11187],[-171.81371,-9.11191],[-171.81375,-9.11196],[-171.81407,-9.112],[-171.81411,-9.11204],[-171.81384,-9.11209],[-171.8138,-9.11214],[-171.81452,-9.11218],[-171.81456,-9.11223],[-171.81492,-9.11227],[-171.81501,-9.11219],[-171.81483,-9.11214],[-171.81479,-9.11209],[-171.81456,-9.11205],[-171.81452,-9.11202],[-171.8147,-9.11196],[-171.81474,-9.11183],[-171.81488,-9.11178],[-171.81494,-9.11171],[-171.81501,-9.11178],[-171.81538,-9.11183],[-171.81548,-9.11171],[-171.81555,-9.11178],[-171.81569,-9.11183],[-171.81573,-9.11187],[-171.81587,-9.11191],[-171.81591,-9.11196],[-171.81632,-9.112],[-171.81636,-9.11214],[-171.81641,-9.11218],[-171.81645,-9.11223],[-171.81747,-9.11227],[-171.81753,-9.11209],[-171.81799,-9.11205],[-171.81806,-9.11214],[-171.8182,-9.11218],[-171.81824,-9.11223],[-171.81838,-9.11227],[-171.81842,-9.11232],[-171.8188,-9.11236],[-171.81887,-9.11227],[-171.81892,-9.11223],[-171.81896,-9.11218],[-171.81901,-9.11214],[-171.81905,-9.11209],[-171.81925,-9.11205],[-171.81932,-9.11214],[-171.81955,-9.11218],[-171.81959,-9.11223],[-171.81964,-9.11227],[-171.81968,-9.11232],[-171.81973,-9.11236],[-171.81977,-9.11241],[-171.81982,-9.11245],[-171.81986,-9.11249],[-171.82,-9.11254],[-171.82004,-9.11258],[-171.82009,-9.11262],[-171.82013,-9.11267],[-171.82027,-9.11271],[-171.82033,-9.11279],[-171.8204,-9.11271],[-171.82045,-9.11267],[-171.82049,-9.11262],[-171.82063,-9.11258],[-171.82067,-9.11245],[-171.82072,-9.11241],[-171.82079,-9.11232],[-171.82085,-9.11246],[-171.82073,-9.11256],[-171.82081,-9.11262],[-171.82085,-9.11267],[-171.82126,-9.11271],[-171.82131,-9.11289],[-171.82142,-9.11276],[-171.82149,-9.11298],[-171.82157,-9.11289],[-171.82171,-9.11285],[-171.82175,-9.1128],[-171.82207,-9.11276],[-171.82211,-9.11271],[-171.82251,-9.11267],[-171.82256,-9.11262],[-171.8226,-9.11258],[-171.82265,-9.11254],[-171.82278,-9.11249],[-171.82281,-9.11243],[-171.82296,-9.11241],[-171.82305,-9.11232],[-171.82307,-9.11249],[-171.82287,-9.11255],[-171.82292,-9.11258],[-171.82314,-9.11263],[-171.82323,-9.11271],[-171.8235,-9.11267],[-171.82355,-9.11263],[-171.82386,-9.11258],[-171.8239,-9.11254],[-171.82395,-9.11249],[-171.824,-9.11223],[-171.82417,-9.11228],[-171.82404,-9.1124],[-171.82408,-9.11249],[-171.8244,-9.11254],[-171.82448,-9.11263],[-171.82467,-9.11258],[-171.82475,-9.11249],[-171.82485,-9.11254],[-171.82493,-9.11262],[-171.825,-9.11241],[-171.82539,-9.11245],[-171.82545,-9.11263],[-171.82557,-9.11258],[-171.82565,-9.1125],[-171.8257,-9.11267],[-171.82602,-9.11271],[-171.82606,-9.11276],[-171.82611,-9.1128],[-171.82619,-9.11289],[-171.82629,-9.11285],[-171.82633,-9.1128],[-171.82647,-9.11276],[-171.82652,-9.11258],[-171.82683,-9.11263],[-171.82688,-9.1128],[-171.8271,-9.11276],[-171.82718,-9.11267],[-171.82722,-9.11293],[-171.82705,-9.11298],[-171.82701,-9.11303],[-171.82687,-9.11307],[-171.8268,-9.11314],[-171.8267,-9.11303],[-171.8266,-9.11307],[-171.82656,-9.11311],[-171.82615,-9.11316],[-171.82611,-9.1132],[-171.82606,-9.11325],[-171.82602,-9.11329],[-171.82597,-9.11333],[-171.82593,-9.11338],[-171.82588,-9.11342],[-171.82586,-9.11349],[-171.8257,-9.11351],[-171.82564,-9.11369],[-171.82552,-9.11365],[-171.82547,-9.11348],[-171.82537,-9.11358],[-171.8253,-9.11351],[-171.82507,-9.11347],[-171.82503,-9.11342],[-171.82498,-9.11338],[-171.82492,-9.11331],[-171.82485,-9.11338],[-171.82471,-9.11342],[-171.82467,-9.11347],[-171.82462,-9.11351],[-171.82454,-9.1136],[-171.82444,-9.11356],[-171.8244,-9.11351],[-171.82435,-9.11347],[-171.82431,-9.11342],[-171.82426,-9.11338],[-171.82421,-9.11312],[-171.82413,-9.1132],[-171.82408,-9.11325],[-171.82404,-9.11329],[-171.8239,-9.11333],[-171.82386,-9.11338],[-171.82373,-9.11342],[-171.82368,-9.11347],[-171.82364,-9.11351],[-171.82359,-9.11356],[-171.82355,-9.1136],[-171.8235,-9.11382],[-171.82346,-9.11387],[-171.82338,-9.11395],[-171.82332,-9.11378],[-171.82328,-9.11374],[-171.82323,-9.11351],[-171.82319,-9.11347],[-171.82314,-9.11342],[-171.8231,-9.11338],[-171.82301,-9.11329],[-171.82283,-9.11333],[-171.82278,-9.11338],[-171.82274,-9.11342],[-171.82265,-9.11351],[-171.82247,-9.11347],[-171.82242,-9.11342],[-171.82238,-9.11338],[-171.82233,-9.11333],[-171.82229,-9.11329],[-171.82224,-9.11325],[-171.82166,-9.1132],[-171.82158,-9.11311],[-171.82121,-9.11316],[-171.82113,-9.11325],[-171.82067,-9.1132],[-171.82063,-9.11316],[-171.82058,-9.11311],[-171.82051,-9.11304],[-171.82045,-9.11311],[-171.82022,-9.11316],[-171.82014,-9.11325],[-171.81932,-9.1132],[-171.81928,-9.11316],[-171.81896,-9.11311],[-171.81888,-9.11303],[-171.81878,-9.11307],[-171.8187,-9.11316],[-171.81807,-9.11311],[-171.81802,-9.11307],[-171.81798,-9.11303],[-171.81793,-9.11298],[-171.81789,-9.11294],[-171.81784,-9.11289],[-171.81771,-9.11285],[-171.81766,-9.1128],[-171.81762,-9.11276],[-171.81753,-9.11267],[-171.81717,-9.11271],[-171.81708,-9.1128],[-171.81492,-9.11276],[-171.81486,-9.11258],[-171.81438,-9.11263],[-171.8143,-9.11271],[-171.81384,-9.11267],[-171.8138,-9.11263],[-171.81357,-9.11258],[-171.81353,-9.11254],[-171.81304,-9.11249],[-171.81299,-9.11245],[-171.81283,-9.11243]]],[[[-171.80832,-9.11094],[-171.80823,-9.11086],[-171.8084,-9.11081],[-171.80845,-9.11097],[-171.80834,-9.11101],[-171.80832,-9.11094]]],[[[-171.82254,-9.11393],[-171.82264,-9.11396],[-171.82257,-9.11404],[-171.82254,-9.11393]]],[[[-171.82119,-9.11393],[-171.82119,-9.11385],[-171.82146,-9.11385],[-171.82146,-9.11393],[-171.82119,-9.11393]]],[[[-171.8594,-9.11578],[-171.85948,-9.11585],[-171.85937,-9.11589],[-171.8594,-9.11578]]],[[[-171.78358,-9.11498],[-171.78366,-9.11506],[-171.78355,-9.11509],[-171.78358,-9.11498]]],[[[-171.82586,-9.11358],[-171.82583,-9.11369],[-171.82575,-9.11361],[-171.82586,-9.11358]]],[[[-171.82586,-9.11358],[-171.82586,-9.11349],[-171.82595,-9.11349],[-171.82595,-9.11358],[-171.82586,-9.11358]]],[[[-171.82254,-9.11393],[-171.82243,-9.1139],[-171.8225,-9.11383],[-171.82254,-9.11393]]],[[[-171.82559,-9.11385],[-171.82559,-9.11376],[-171.82577,-9.11376],[-171.82577,-9.11385],[-171.82559,-9.11385]]],[[[-171.86691,-9.1801],[-171.86763,-9.1801],[-171.86763,-9.18019],[-171.86772,-9.18019],[-171.86772,-9.18089],[-171.86763,-9.18089],[-171.86763,-9.18098],[-171.86745,-9.18098],[-171.86745,-9.18107],[-171.86682,-9.18107],[-171.86682,-9.18098],[-171.86673,-9.18098],[-171.86673,-9.18089],[-171.86664,-9.18089],[-171.86664,-9.18036],[-171.86673,-9.18036],[-171.86673,-9.18027],[-171.86682,-9.18027],[-171.86682,-9.18019],[-171.86691,-9.18019],[-171.86691,-9.1801]]],[[[-171.86583,-9.17726],[-171.86592,-9.17726],[-171.86592,-9.17744],[-171.86583,-9.17744],[-171.86583,-9.17726]]],[[[-171.86578,-9.18363],[-171.86585,-9.1837],[-171.86574,-9.18373],[-171.86578,-9.18363]]],[[[-171.86637,-9.18231],[-171.86628,-9.18231],[-171.86628,-9.18205],[-171.86664,-9.18205],[-171.86664,-9.18214],[-171.86682,-9.18214],[-171.86691,-9.18214],[-171.86691,-9.18222],[-171.86691,-9.18231],[-171.86673,-9.18231],[-171.86673,-9.1824],[-171.86637,-9.1824],[-171.86637,-9.18231]]],[[[-171.86709,-9.17593],[-171.86745,-9.17593],[-171.86745,-9.17602],[-171.86763,-9.17602],[-171.86763,-9.17611],[-171.86781,-9.17611],[-171.86781,-9.17619],[-171.8679,-9.17619],[-171.8679,-9.17637],[-171.8679,-9.17717],[-171.86799,-9.17717],[-171.86799,-9.17752],[-171.86799,-9.17823],[-171.8679,-9.17823],[-171.8679,-9.17841],[-171.86781,-9.17841],[-171.86781,-9.1785],[-171.86781,-9.17859],[-171.86772,-9.17859],[-171.86772,-9.17868],[-171.86709,-9.17868],[-171.86709,-9.17894],[-171.867,-9.17894],[-171.867,-9.17903],[-171.86691,-9.17903],[-171.86691,-9.17921],[-171.86655,-9.17921],[-171.86655,-9.1793],[-171.86637,-9.1793],[-171.86637,-9.17921],[-171.86628,-9.17921],[-171.86619,-9.17921],[-171.86619,-9.1793],[-171.8661,-9.1793],[-171.8661,-9.17939],[-171.86601,-9.17939],[-171.86601,-9.17877],[-171.86592,-9.17877],[-171.86592,-9.1785],[-171.8661,-9.1785],[-171.8661,-9.17815],[-171.86601,-9.17815],[-171.86601,-9.17788],[-171.86582,-9.17785],[-171.86586,-9.17759],[-171.86595,-9.17768],[-171.86601,-9.1777],[-171.86601,-9.17699],[-171.8661,-9.17699],[-171.8661,-9.17682],[-171.86619,-9.17682],[-171.86619,-9.17664],[-171.86628,-9.17664],[-171.86628,-9.17646],[-171.86637,-9.17646],[-171.86637,-9.17628],[-171.86646,-9.17628],[-171.86646,-9.17619],[-171.86664,-9.17619],[-171.86664,-9.17611],[-171.867,-9.17611],[-171.867,-9.17602],[-171.86709,-9.17602],[-171.86709,-9.17593]]],[[[-171.86631,-9.17573],[-171.86639,-9.17581],[-171.86628,-9.17584],[-171.86631,-9.17573]]],[[[-171.86583,-9.17726],[-171.86574,-9.17726],[-171.86574,-9.17708],[-171.86583,-9.17708],[-171.86583,-9.17726]]],[[[-171.86583,-9.17708],[-171.86587,-9.17698],[-171.86594,-9.17705],[-171.86583,-9.17708]]],[[[-171.77007,-9.21512],[-171.7707,-9.21512],[-171.7707,-9.21521],[-171.77106,-9.21521],[-171.77106,-9.2153],[-171.77115,-9.2153],[-171.77115,-9.21539],[-171.77124,-9.21539],[-171.77124,-9.21566],[-171.77133,-9.21566],[-171.77133,-9.21592],[-171.77124,-9.21592],[-171.77124,-9.21601],[-171.77115,-9.21601],[-171.77115,-9.21619],[-171.77106,-9.21619],[-171.77106,-9.21628],[-171.77079,-9.21628],[-171.77079,-9.21637],[-171.77043,-9.21637],[-171.77043,-9.21645],[-171.77025,-9.21645],[-171.77025,-9.21654],[-171.77007,-9.21654],[-171.77007,-9.21663],[-171.76998,-9.21663],[-171.76998,-9.21672],[-171.7698,-9.21672],[-171.7698,-9.21681],[-171.76971,-9.21681],[-171.76954,-9.21681],[-171.76945,-9.21681],[-171.76945,-9.21654],[-171.76954,-9.21654],[-171.76954,-9.21637],[-171.76954,-9.21619],[-171.7692,-9.21617],[-171.76915,-9.21568],[-171.76907,-9.2156],[-171.76924,-9.21555],[-171.76929,-9.2155],[-171.76936,-9.21548],[-171.76945,-9.21548],[-171.76945,-9.21539],[-171.76954,-9.21539],[-171.76954,-9.2153],[-171.76971,-9.2153],[-171.76971,-9.21521],[-171.77007,-9.21521],[-171.77007,-9.21512]]],[[[-171.84059,-9.21042],[-171.84061,-9.21036],[-171.84066,-9.21031],[-171.8407,-9.21018],[-171.84093,-9.21014],[-171.84101,-9.21005],[-171.84106,-9.21023],[-171.84111,-9.21027],[-171.84115,-9.21037],[-171.84106,-9.21044],[-171.84102,-9.21049],[-171.84097,-9.21053],[-171.84093,-9.21058],[-171.84086,-9.2106],[-171.84086,-9.21069],[-171.84077,-9.21069],[-171.84077,-9.21087],[-171.84077,-9.21096],[-171.84068,-9.21096],[-171.84023,-9.21096],[-171.84023,-9.21104],[-171.84014,-9.21104],[-171.84014,-9.21113],[-171.83996,-9.21113],[-171.83996,-9.21131],[-171.84005,-9.21131],[-171.84005,-9.2114],[-171.84014,-9.2114],[-171.84014,-9.21149],[-171.84021,-9.21151],[-171.84025,-9.21156],[-171.84034,-9.21162],[-171.84025,-9.21168],[-171.84021,-9.21174],[-171.84016,-9.21177],[-171.84012,-9.21182],[-171.83971,-9.21186],[-171.83967,-9.21191],[-171.83962,-9.21195],[-171.83956,-9.21204],[-171.8395,-9.21195],[-171.83944,-9.21191],[-171.83941,-9.21186],[-171.83932,-9.2118],[-171.83941,-9.21174],[-171.83942,-9.21167],[-171.83933,-9.21167],[-171.83933,-9.21122],[-171.83942,-9.21122],[-171.83942,-9.21113],[-171.8396,-9.21113],[-171.8396,-9.21122],[-171.83978,-9.21122],[-171.83978,-9.21104],[-171.83987,-9.21104],[-171.83987,-9.21096],[-171.83996,-9.21096],[-171.83996,-9.21087],[-171.84014,-9.21087],[-171.84014,-9.21078],[-171.84023,-9.21078],[-171.84023,-9.21069],[-171.84032,-9.21069],[-171.84032,-9.2106],[-171.84041,-9.2106],[-171.8405,-9.2106],[-171.8405,-9.21051],[-171.84059,-9.21051],[-171.84059,-9.21042]]],[[[-171.77027,-9.21789],[-171.77032,-9.21785],[-171.7704,-9.21776],[-171.77054,-9.21782],[-171.77045,-9.21789],[-171.77041,-9.21794],[-171.77025,-9.21796],[-171.77027,-9.21789]]],[[[-171.83466,-9.21592],[-171.83502,-9.21592],[-171.83502,-9.21601],[-171.83511,-9.21601],[-171.83511,-9.21619],[-171.8352,-9.21619],[-171.8352,-9.21707],[-171.83511,-9.21707],[-171.83511,-9.21725],[-171.83511,-9.21752],[-171.83502,-9.21752],[-171.83502,-9.2177],[-171.83484,-9.2177],[-171.83484,-9.21778],[-171.83475,-9.21778],[-171.83475,-9.21787],[-171.83448,-9.21787],[-171.83448,-9.21796],[-171.83403,-9.21796],[-171.83403,-9.21805],[-171.83367,-9.21805],[-171.83367,-9.21814],[-171.83341,-9.21814],[-171.83341,-9.21823],[-171.83323,-9.21823],[-171.83323,-9.21832],[-171.83305,-9.21832],[-171.83305,-9.21849],[-171.83278,-9.21849],[-171.83278,-9.21858],[-171.8326,-9.21858],[-171.8326,-9.21867],[-171.83251,-9.21867],[-171.83251,-9.21876],[-171.83197,-9.21876],[-171.83197,-9.21885],[-171.83161,-9.21885],[-171.83161,-9.21894],[-171.83134,-9.21894],[-171.83134,-9.21885],[-171.83116,-9.21885],[-171.83116,-9.21876],[-171.83107,-9.21876],[-171.83107,-9.21867],[-171.83089,-9.21867],[-171.83089,-9.2184],[-171.83107,-9.2184],[-171.83107,-9.21832],[-171.83125,-9.21832],[-171.83143,-9.21832],[-171.83143,-9.21814],[-171.83161,-9.21814],[-171.83161,-9.21805],[-171.83188,-9.21805],[-171.83188,-9.21796],[-171.83224,-9.21796],[-171.83224,-9.21787],[-171.83242,-9.21787],[-171.83242,-9.21778],[-171.83251,-9.21778],[-171.83251,-9.2177],[-171.83269,-9.2177],[-171.83269,-9.21761],[-171.83278,-9.21761],[-171.83287,-9.21761],[-171.83287,-9.21752],[-171.83296,-9.21752],[-171.83296,-9.21743],[-171.83314,-9.21743],[-171.83314,-9.21734],[-171.83323,-9.21734],[-171.83332,-9.21734],[-171.83332,-9.21725],[-171.83341,-9.21725],[-171.83341,-9.21716],[-171.83358,-9.21716],[-171.83358,-9.21707],[-171.83367,-9.21707],[-171.83376,-9.21707],[-171.83376,-9.21699],[-171.83385,-9.21699],[-171.83385,-9.2169],[-171.83394,-9.2169],[-171.83394,-9.21681],[-171.83403,-9.21681],[-171.83403,-9.21672],[-171.83412,-9.21672],[-171.83412,-9.21663],[-171.83421,-9.21663],[-171.83421,-9.21654],[-171.8343,-9.21654],[-171.8343,-9.21637],[-171.83439,-9.21637],[-171.83439,-9.21628],[-171.83448,-9.21628],[-171.83448,-9.21619],[-171.83457,-9.21619],[-171.83457,-9.21601],[-171.83466,-9.21601],[-171.83466,-9.21592]]],[[[-171.86294,-9.18739],[-171.86262,-9.18735],[-171.86258,-9.1873],[-171.86253,-9.18726],[-171.86249,-9.18721],[-171.8624,-9.18713],[-171.86272,-9.18708],[-171.8628,-9.18717],[-171.86294,-9.18721],[-171.86298,-9.18726],[-171.86303,-9.1873],[-171.86307,-9.18742],[-171.86296,-9.18746],[-171.86294,-9.18739]]],[[[-171.86332,-9.1863],[-171.86332,-9.18622],[-171.86323,-9.18622],[-171.86323,-9.18613],[-171.86305,-9.18613],[-171.86305,-9.18604],[-171.86287,-9.18604],[-171.86287,-9.18586],[-171.86332,-9.18586],[-171.86332,-9.18595],[-171.86359,-9.18595],[-171.86359,-9.18604],[-171.86368,-9.18604],[-171.86368,-9.18622],[-171.86395,-9.18622],[-171.86395,-9.1863],[-171.86332,-9.1863]]],[[[-171.8615,-9.18863],[-171.86136,-9.18859],[-171.86132,-9.18845],[-171.86124,-9.18838],[-171.86138,-9.18832],[-171.86145,-9.18841],[-171.8615,-9.18845],[-171.86154,-9.1885],[-171.86172,-9.18855],[-171.86163,-9.18863],[-171.86159,-9.18868],[-171.86152,-9.1887],[-171.8615,-9.18863]]],[[[-171.85948,-9.18845],[-171.85953,-9.18841],[-171.85957,-9.18836],[-171.85962,-9.18833],[-171.85965,-9.18818],[-171.85971,-9.18815],[-171.85977,-9.18806],[-171.85983,-9.18815],[-171.85998,-9.18818],[-171.86001,-9.18824],[-171.86007,-9.18827],[-171.8601,-9.18833],[-171.86016,-9.18836],[-171.86019,-9.1885],[-171.86025,-9.18854],[-171.86028,-9.18903],[-171.86034,-9.18907],[-171.86037,-9.18936],[-171.86028,-9.18943],[-171.86025,-9.18948],[-171.86019,-9.18952],[-171.86016,-9.18957],[-171.8601,-9.1896],[-171.86007,-9.18966],[-171.86001,-9.18969],[-171.85998,-9.18992],[-171.85992,-9.18996],[-171.85989,-9.1901],[-171.85983,-9.19014],[-171.8598,-9.19036],[-171.85974,-9.1904],[-171.85971,-9.19054],[-171.85965,-9.19058],[-171.85962,-9.19072],[-171.85957,-9.19076],[-171.85953,-9.19081],[-171.85948,-9.19085],[-171.85944,-9.1909],[-171.85939,-9.19093],[-171.85935,-9.19107],[-171.8593,-9.19111],[-171.85926,-9.19125],[-171.85921,-9.19129],[-171.85917,-9.19134],[-171.85912,-9.19138],[-171.85908,-9.19143],[-171.85903,-9.19147],[-171.85899,-9.19152],[-171.85894,-9.19155],[-171.8589,-9.19161],[-171.85885,-9.19164],[-171.85881,-9.19169],[-171.85876,-9.19173],[-171.85872,-9.19178],[-171.85865,-9.1918],[-171.85856,-9.1918],[-171.85856,-9.19189],[-171.85847,-9.19189],[-171.85847,-9.19198],[-171.85838,-9.19198],[-171.85838,-9.19207],[-171.85829,-9.19207],[-171.85829,-9.19216],[-171.8582,-9.19216],[-171.8582,-9.19225],[-171.85811,-9.19225],[-171.85811,-9.19233],[-171.85802,-9.19233],[-171.85802,-9.19242],[-171.85793,-9.19242],[-171.85793,-9.19251],[-171.85775,-9.19251],[-171.85775,-9.1926],[-171.85766,-9.1926],[-171.85766,-9.19269],[-171.85757,-9.19269],[-171.85757,-9.19278],[-171.85739,-9.19278],[-171.85739,-9.19287],[-171.8573,-9.19287],[-171.85721,-9.19287],[-171.85721,-9.19295],[-171.85703,-9.19295],[-171.85703,-9.19313],[-171.85676,-9.19313],[-171.85676,-9.19322],[-171.85667,-9.19322],[-171.85658,-9.19322],[-171.85658,-9.1934],[-171.85649,-9.1934],[-171.85649,-9.19358],[-171.8564,-9.19358],[-171.8564,-9.19366],[-171.85631,-9.19366],[-171.85631,-9.19375],[-171.85622,-9.19375],[-171.85622,-9.19384],[-171.85613,-9.19384],[-171.85613,-9.19402],[-171.85586,-9.19402],[-171.85586,-9.1942],[-171.85577,-9.1942],[-171.85577,-9.19429],[-171.85568,-9.19429],[-171.85568,-9.19437],[-171.85559,-9.19437],[-171.85559,-9.19446],[-171.8555,-9.19446],[-171.8555,-9.19455],[-171.85541,-9.19455],[-171.85541,-9.19464],[-171.85532,-9.19464],[-171.85532,-9.19473],[-171.85523,-9.19473],[-171.85523,-9.19482],[-171.85496,-9.19482],[-171.85496,-9.19491],[-171.85487,-9.19491],[-171.85487,-9.19508],[-171.85479,-9.19508],[-171.85479,-9.19517],[-171.85461,-9.19517],[-171.85461,-9.19526],[-171.85452,-9.19526],[-171.85452,-9.19535],[-171.85434,-9.19535],[-171.85434,-9.19544],[-171.85425,-9.19544],[-171.85416,-9.19544],[-171.85416,-9.19553],[-171.85407,-9.19553],[-171.85407,-9.19562],[-171.85398,-9.19562],[-171.85398,-9.1957],[-171.85389,-9.1957],[-171.85389,-9.19579],[-171.8538,-9.19579],[-171.85378,-9.19586],[-171.85373,-9.1959],[-171.85369,-9.19604],[-171.85364,-9.19608],[-171.8536,-9.19613],[-171.85355,-9.19617],[-171.85351,-9.19622],[-171.85346,-9.19625],[-171.85342,-9.19631],[-171.85337,-9.19634],[-171.85333,-9.19639],[-171.85328,-9.19643],[-171.85324,-9.19648],[-171.85319,-9.19652],[-171.85315,-9.19666],[-171.8531,-9.1967],[-171.85306,-9.19675],[-171.85301,-9.19679],[-171.85297,-9.19684],[-171.85292,-9.19688],[-171.85288,-9.19693],[-171.85283,-9.19696],[-171.85279,-9.19702],[-171.85274,-9.19705],[-171.8527,-9.1971],[-171.85265,-9.19714],[-171.85261,-9.19719],[-171.85256,-9.19723],[-171.85252,-9.19737],[-171.85247,-9.19741],[-171.85243,-9.19746],[-171.85238,-9.1975],[-171.85234,-9.19755],[-171.85229,-9.19758],[-171.85225,-9.19764],[-171.8522,-9.19767],[-171.85216,-9.19773],[-171.85211,-9.19776],[-171.85207,-9.19781],[-171.85202,-9.19785],[-171.85198,-9.1979],[-171.85193,-9.19794],[-171.85189,-9.19808],[-171.85175,-9.19812],[-171.85171,-9.19817],[-171.85166,-9.19821],[-171.85162,-9.19826],[-171.85157,-9.19829],[-171.85153,-9.19835],[-171.85148,-9.19838],[-171.85144,-9.19843],[-171.85139,-9.19847],[-171.85135,-9.19852],[-171.8513,-9.19856],[-171.85126,-9.19861],[-171.85121,-9.19865],[-171.85117,-9.1987],[-171.85112,-9.19874],[-171.85108,-9.19879],[-171.85103,-9.19883],[-171.85099,-9.19888],[-171.85094,-9.19891],[-171.8509,-9.19897],[-171.85085,-9.199],[-171.85081,-9.19906],[-171.85076,-9.19909],[-171.85072,-9.19914],[-171.85067,-9.19918],[-171.85063,-9.19923],[-171.85058,-9.19927],[-171.85054,-9.19932],[-171.85049,-9.19936],[-171.85045,-9.19941],[-171.8504,-9.19945],[-171.85036,-9.1995],[-171.85031,-9.19954],[-171.85027,-9.19959],[-171.85022,-9.19962],[-171.85019,-9.19968],[-171.85004,-9.19971],[-171.85001,-9.19976],[-171.84995,-9.1998],[-171.84992,-9.19985],[-171.84986,-9.19989],[-171.84983,-9.19994],[-171.84977,-9.19998],[-171.84974,-9.20003],[-171.84968,-9.20007],[-171.84965,-9.20012],[-171.84959,-9.20016],[-171.84956,-9.20021],[-171.84941,-9.20025],[-171.84938,-9.2003],[-171.84932,-9.20033],[-171.84929,-9.20047],[-171.84923,-9.20051],[-171.8492,-9.20056],[-171.84914,-9.2006],[-171.84911,-9.20074],[-171.84905,-9.20078],[-171.84902,-9.20092],[-171.84896,-9.20095],[-171.84893,-9.20109],[-171.84888,-9.20113],[-171.84884,-9.20127],[-171.84879,-9.20131],[-171.84875,-9.20145],[-171.8487,-9.20149],[-171.84866,-9.20154],[-171.84861,-9.20158],[-171.84857,-9.20163],[-171.84852,-9.20166],[-171.84848,-9.20172],[-171.84791,-9.20175],[-171.84785,-9.20166],[-171.84762,-9.20163],[-171.84758,-9.20158],[-171.84738,-9.20154],[-171.84731,-9.20162],[-171.84749,-9.20166],[-171.84753,-9.20172],[-171.84767,-9.20175],[-171.84771,-9.2018],[-171.84785,-9.20184],[-171.84789,-9.20189],[-171.84803,-9.20193],[-171.84807,-9.20198],[-171.84812,-9.20202],[-171.84816,-9.20222],[-171.84807,-9.20228],[-171.84803,-9.20242],[-171.84798,-9.20246],[-171.84794,-9.20251],[-171.84789,-9.20255],[-171.84785,-9.20269],[-171.8478,-9.20273],[-171.84776,-9.20278],[-171.84771,-9.20282],[-171.84767,-9.20287],[-171.84762,-9.20291],[-171.84758,-9.20296],[-171.84753,-9.20299],[-171.84749,-9.20313],[-171.84744,-9.20317],[-171.8474,-9.20322],[-171.84735,-9.20326],[-171.84731,-9.2034],[-171.84726,-9.20344],[-171.84722,-9.20349],[-171.84708,-9.20353],[-171.84704,-9.20358],[-171.84699,-9.20361],[-171.84695,-9.20367],[-171.8469,-9.2037],[-171.84686,-9.20375],[-171.84681,-9.20379],[-171.84677,-9.20384],[-171.84672,-9.20388],[-171.84668,-9.20393],[-171.84663,-9.20397],[-171.84659,-9.20402],[-171.84645,-9.20406],[-171.84641,-9.20411],[-171.84636,-9.20415],[-171.84632,-9.2042],[-171.84618,-9.20424],[-171.84614,-9.20429],[-171.84609,-9.20432],[-171.84605,-9.20438],[-171.846,-9.20441],[-171.84596,-9.20446],[-171.84591,-9.2045],[-171.84587,-9.20455],[-171.84582,-9.20459],[-171.84578,-9.20473],[-171.84573,-9.20477],[-171.84569,-9.20482],[-171.84564,-9.20486],[-171.8456,-9.20491],[-171.84555,-9.20494],[-171.84551,-9.205],[-171.84546,-9.20503],[-171.84542,-9.20509],[-171.84528,-9.20512],[-171.84524,-9.20517],[-171.84519,-9.20521],[-171.84515,-9.20526],[-171.84405,-9.2053],[-171.84399,-9.20521],[-171.84375,-9.20517],[-171.84372,-9.20512],[-171.84349,-9.20509],[-171.84345,-9.20488],[-171.84354,-9.20482],[-171.84357,-9.20477],[-171.84381,-9.20473],[-171.84384,-9.20468],[-171.8439,-9.20464],[-171.84393,-9.20459],[-171.84399,-9.20455],[-171.84402,-9.2045],[-171.84408,-9.20446],[-171.84411,-9.20441],[-171.84417,-9.20438],[-171.8442,-9.20424],[-171.84435,-9.2042],[-171.84438,-9.20415],[-171.84444,-9.20411],[-171.84447,-9.20406],[-171.84453,-9.20402],[-171.84456,-9.20397],[-171.84462,-9.20393],[-171.84465,-9.20388],[-171.84471,-9.20384],[-171.84474,-9.20379],[-171.8448,-9.20375],[-171.84483,-9.2037],[-171.84489,-9.20367],[-171.84492,-9.20361],[-171.84497,-9.20358],[-171.84501,-9.20344],[-171.84506,-9.2034],[-171.8451,-9.20326],[-171.84515,-9.20322],[-171.84519,-9.20317],[-171.84524,-9.20313],[-171.84528,-9.20308],[-171.84533,-9.20305],[-171.84537,-9.20291],[-171.84542,-9.20287],[-171.84546,-9.20282],[-171.84551,-9.20278],[-171.84555,-9.20264],[-171.8456,-9.2026],[-171.84564,-9.20228],[-171.84569,-9.20225],[-171.84573,-9.2022],[-171.84578,-9.20216],[-171.84582,-9.20202],[-171.84587,-9.20198],[-171.84591,-9.20193],[-171.84596,-9.20189],[-171.846,-9.20166],[-171.84605,-9.20163],[-171.84609,-9.20149],[-171.84677,-9.20145],[-171.84681,-9.2014],[-171.84645,-9.20136],[-171.84641,-9.20131],[-171.84618,-9.20127],[-171.84614,-9.20107],[-171.84623,-9.20101],[-171.84627,-9.20078],[-171.84632,-9.20074],[-171.84636,-9.2006],[-171.8465,-9.20056],[-171.84657,-9.20047],[-171.84666,-9.2006],[-171.84672,-9.20051],[-171.84695,-9.20047],[-171.84699,-9.20042],[-171.84722,-9.20039],[-171.84726,-9.20033],[-171.8474,-9.2003],[-171.84744,-9.20025],[-171.84758,-9.20021],[-171.84762,-9.19998],[-171.84776,-9.19994],[-171.8478,-9.19989],[-171.84785,-9.19985],[-171.84789,-9.19971],[-171.84794,-9.19968],[-171.84798,-9.19962],[-171.84803,-9.19959],[-171.84807,-9.19945],[-171.84812,-9.19941],[-171.84816,-9.19927],[-171.84821,-9.19923],[-171.84825,-9.19909],[-171.84848,-9.19906],[-171.84852,-9.199],[-171.84893,-9.19897],[-171.84896,-9.19891],[-171.8492,-9.19888],[-171.84923,-9.19883],[-171.84929,-9.19879],[-171.84932,-9.19847],[-171.84938,-9.19843],[-171.84941,-9.19838],[-171.84953,-9.19835],[-171.84959,-9.19843],[-171.84971,-9.19847],[-171.84977,-9.19838],[-171.84983,-9.19835],[-171.84986,-9.19821],[-171.85001,-9.19817],[-171.85004,-9.19813],[-171.84986,-9.19808],[-171.84983,-9.19797],[-171.84992,-9.1979],[-171.84995,-9.19767],[-171.85001,-9.19764],[-171.85004,-9.19758],[-171.8501,-9.19755],[-171.85013,-9.1975],[-171.85019,-9.19746],[-171.85022,-9.19741],[-171.85054,-9.19737],[-171.85058,-9.19732],[-171.85081,-9.19728],[-171.85085,-9.19723],[-171.85099,-9.19719],[-171.85103,-9.19714],[-171.85126,-9.1971],[-171.8513,-9.19705],[-171.85144,-9.19702],[-171.85148,-9.19696],[-171.85162,-9.19693],[-171.85166,-9.19688],[-171.85171,-9.19684],[-171.85175,-9.19679],[-171.85189,-9.19675],[-171.85193,-9.1967],[-171.85225,-9.19666],[-171.85229,-9.19661],[-171.85234,-9.19657],[-171.85238,-9.19652],[-171.85243,-9.19648],[-171.85247,-9.19634],[-171.85261,-9.19631],[-171.85265,-9.19625],[-171.85279,-9.19622],[-171.85283,-9.19617],[-171.85288,-9.19613],[-171.85292,-9.19608],[-171.85297,-9.19604],[-171.85301,-9.19599],[-171.85306,-9.19595],[-171.8531,-9.19581],[-171.85315,-9.19577],[-171.85319,-9.19572],[-171.85333,-9.19569],[-171.85337,-9.19563],[-171.85342,-9.1956],[-171.85346,-9.19555],[-171.85362,-9.19553],[-171.85364,-9.19546],[-171.85369,-9.19542],[-171.85376,-9.19533],[-171.8538,-9.19544],[-171.85389,-9.19544],[-171.85389,-9.19535],[-171.85398,-9.19535],[-171.85398,-9.19526],[-171.85407,-9.19526],[-171.85407,-9.19517],[-171.85416,-9.19517],[-171.85416,-9.19508],[-171.85434,-9.19508],[-171.85434,-9.19499],[-171.85443,-9.19499],[-171.85443,-9.19491],[-171.85461,-9.19491],[-171.85461,-9.19482],[-171.8547,-9.19482],[-171.8547,-9.19473],[-171.85479,-9.19473],[-171.85479,-9.19464],[-171.85479,-9.19455],[-171.85487,-9.19455],[-171.85487,-9.19437],[-171.85496,-9.19437],[-171.85496,-9.19429],[-171.85505,-9.19429],[-171.85505,-9.1942],[-171.85523,-9.1942],[-171.85523,-9.19411],[-171.85532,-9.19411],[-171.85532,-9.19402],[-171.85541,-9.19402],[-171.85541,-9.19393],[-171.8555,-9.19393],[-171.8555,-9.19375],[-171.85559,-9.19375],[-171.85559,-9.19358],[-171.85577,-9.19358],[-171.85577,-9.19349],[-171.85586,-9.19349],[-171.85586,-9.1934],[-171.85595,-9.1934],[-171.85595,-9.19331],[-171.85604,-9.19331],[-171.85604,-9.19322],[-171.85622,-9.19322],[-171.85622,-9.19313],[-171.85631,-9.19313],[-171.85631,-9.19304],[-171.8564,-9.19304],[-171.8564,-9.19295],[-171.85649,-9.19295],[-171.85649,-9.19287],[-171.85658,-9.19287],[-171.85658,-9.19278],[-171.85667,-9.19278],[-171.85667,-9.19269],[-171.85676,-9.19269],[-171.85676,-9.1926],[-171.85685,-9.1926],[-171.85685,-9.19251],[-171.85694,-9.19251],[-171.85694,-9.19242],[-171.85703,-9.19242],[-171.85703,-9.19233],[-171.85721,-9.19233],[-171.85721,-9.19225],[-171.8573,-9.19225],[-171.8573,-9.19216],[-171.85739,-9.19216],[-171.85739,-9.19207],[-171.85739,-9.19198],[-171.85748,-9.19198],[-171.85748,-9.19189],[-171.85757,-9.19189],[-171.85757,-9.1918],[-171.85766,-9.1918],[-171.85766,-9.19171],[-171.85775,-9.19171],[-171.85775,-9.19162],[-171.85784,-9.19162],[-171.85784,-9.19154],[-171.85793,-9.19154],[-171.85793,-9.19145],[-171.85802,-9.19145],[-171.85802,-9.19118],[-171.85811,-9.19118],[-171.85811,-9.191],[-171.8582,-9.191],[-171.8582,-9.19092],[-171.85829,-9.19092],[-171.85829,-9.19074],[-171.85838,-9.19074],[-171.85838,-9.19047],[-171.85847,-9.19047],[-171.85847,-9.18985],[-171.85856,-9.18985],[-171.85856,-9.18976],[-171.85865,-9.18976],[-171.85865,-9.1895],[-171.85874,-9.1895],[-171.85874,-9.18941],[-171.85883,-9.18941],[-171.85883,-9.18932],[-171.85892,-9.18932],[-171.85892,-9.18923],[-171.85901,-9.18923],[-171.85901,-9.18914],[-171.8591,-9.18914],[-171.8591,-9.18896],[-171.85919,-9.18896],[-171.85919,-9.18888],[-171.85928,-9.18888],[-171.85928,-9.18879],[-171.85937,-9.18879],[-171.85937,-9.18861],[-171.85946,-9.18861],[-171.85948,-9.18845]]],[[[-171.78867,-9.13327],[-171.78903,-9.13327],[-171.78903,-9.13336],[-171.78921,-9.13336],[-171.78921,-9.13345],[-171.78939,-9.13345],[-171.78982,-9.13347],[-171.78986,-9.13385],[-171.78977,-9.13391],[-171.78973,-9.13396],[-171.78905,-9.134],[-171.78901,-9.13414],[-171.78896,-9.13418],[-171.78892,-9.13423],[-171.78878,-9.13426],[-171.78874,-9.13432],[-171.78845,-9.13435],[-171.78838,-9.13426],[-171.78829,-9.1342],[-171.78838,-9.13414],[-171.7884,-9.13398],[-171.78831,-9.13398],[-171.78831,-9.13389],[-171.78831,-9.1338],[-171.7884,-9.1338],[-171.7884,-9.13354],[-171.78849,-9.13354],[-171.78849,-9.13336],[-171.78867,-9.13336],[-171.78867,-9.13327]]],[[[-171.78968,-9.1324],[-171.78988,-9.13236],[-171.78995,-9.13245],[-171.79003,-9.13252],[-171.78995,-9.13258],[-171.78991,-9.13263],[-171.78986,-9.13267],[-171.78982,-9.13272],[-171.78966,-9.13274],[-171.78968,-9.1324]]],[[[-171.7868,-9.14318],[-171.78676,-9.14305],[-171.78671,-9.14301],[-171.78667,-9.14282],[-171.78676,-9.14274],[-171.7868,-9.14269],[-171.78732,-9.14267],[-171.78795,-9.14267],[-171.78795,-9.14276],[-171.7884,-9.14276],[-171.7884,-9.14285],[-171.78858,-9.14285],[-171.78858,-9.14294],[-171.78867,-9.14294],[-171.78867,-9.1432],[-171.78858,-9.1432],[-171.78858,-9.14329],[-171.78849,-9.14329],[-171.78849,-9.14347],[-171.7884,-9.14347],[-171.7884,-9.14356],[-171.78822,-9.14356],[-171.78822,-9.14391],[-171.78831,-9.14391],[-171.78831,-9.14418],[-171.78822,-9.14418],[-171.78822,-9.14444],[-171.78813,-9.14444],[-171.78813,-9.1448],[-171.78804,-9.1448],[-171.78804,-9.14533],[-171.78795,-9.14533],[-171.78795,-9.14613],[-171.78786,-9.14613],[-171.78786,-9.14719],[-171.78777,-9.14719],[-171.78777,-9.14755],[-171.78768,-9.14755],[-171.78768,-9.14773],[-171.78759,-9.14773],[-171.78759,-9.14782],[-171.78761,-9.14797],[-171.7877,-9.14805],[-171.78766,-9.14833],[-171.78761,-9.14837],[-171.78757,-9.14842],[-171.78748,-9.14849],[-171.78759,-9.14852],[-171.78777,-9.14852],[-171.78777,-9.1487],[-171.78768,-9.1487],[-171.78759,-9.1487],[-171.78759,-9.1495],[-171.7875,-9.1495],[-171.7875,-9.14985],[-171.78741,-9.14985],[-171.78741,-9.14994],[-171.78723,-9.14994],[-171.78723,-9.15003],[-171.78723,-9.15012],[-171.78696,-9.15012],[-171.78644,-9.1501],[-171.7864,-9.15005],[-171.78635,-9.15001],[-171.78631,-9.1497],[-171.78626,-9.14966],[-171.78623,-9.14928],[-171.78631,-9.14922],[-171.78635,-9.14857],[-171.78626,-9.14851],[-171.78623,-9.14795],[-171.78635,-9.14786],[-171.78626,-9.1478],[-171.78624,-9.14551],[-171.78624,-9.14542],[-171.78633,-9.14542],[-171.78633,-9.14515],[-171.78633,-9.14391],[-171.78642,-9.14391],[-171.78642,-9.14365],[-171.78651,-9.14365],[-171.78651,-9.14356],[-171.7866,-9.14356],[-171.7866,-9.14347],[-171.78669,-9.14347],[-171.78669,-9.14338],[-171.78687,-9.14338],[-171.78689,-9.14331],[-171.78698,-9.14324],[-171.7868,-9.14318]]],[[[-171.78822,-9.13487],[-171.7884,-9.13487],[-171.7884,-9.13495],[-171.78858,-9.13495],[-171.78858,-9.13504],[-171.78867,-9.13504],[-171.78867,-9.13513],[-171.78894,-9.13513],[-171.78894,-9.13522],[-171.78955,-9.13524],[-171.78959,-9.13529],[-171.78968,-9.13535],[-171.78959,-9.13542],[-171.78955,-9.13565],[-171.7895,-9.13568],[-171.78946,-9.13573],[-171.7893,-9.13575],[-171.7893,-9.13593],[-171.78937,-9.13595],[-171.78941,-9.13609],[-171.78946,-9.13613],[-171.7895,-9.13627],[-171.78959,-9.13633],[-171.7895,-9.13639],[-171.78946,-9.13662],[-171.78941,-9.13666],[-171.78937,-9.13689],[-171.78932,-9.13692],[-171.78928,-9.13715],[-171.78923,-9.13719],[-171.78919,-9.13724],[-171.78912,-9.13726],[-171.78912,-9.13753],[-171.78903,-9.13753],[-171.78903,-9.13762],[-171.78912,-9.13762],[-171.78912,-9.13779],[-171.78921,-9.13779],[-171.78921,-9.13797],[-171.7893,-9.13797],[-171.7893,-9.13824],[-171.78921,-9.13824],[-171.78921,-9.13841],[-171.78912,-9.13841],[-171.78912,-9.13859],[-171.78903,-9.13859],[-171.78903,-9.13895],[-171.78894,-9.13895],[-171.78894,-9.13957],[-171.78885,-9.13957],[-171.78885,-9.14001],[-171.78876,-9.14001],[-171.78876,-9.14187],[-171.78867,-9.14187],[-171.78867,-9.14196],[-171.78858,-9.14196],[-171.78858,-9.14205],[-171.78813,-9.14205],[-171.78813,-9.14196],[-171.78777,-9.14196],[-171.78777,-9.14187],[-171.7875,-9.14187],[-171.7875,-9.14178],[-171.78732,-9.14178],[-171.78732,-9.1417],[-171.78723,-9.1417],[-171.78714,-9.1417],[-171.78714,-9.14161],[-171.78705,-9.14161],[-171.78705,-9.14107],[-171.78714,-9.14107],[-171.78714,-9.14081],[-171.78723,-9.14081],[-171.78723,-9.14054],[-171.78723,-9.13983],[-171.78732,-9.13983],[-171.78732,-9.13974],[-171.78723,-9.13974],[-171.78723,-9.13966],[-171.78732,-9.13966],[-171.78732,-9.13921],[-171.78732,-9.13895],[-171.78723,-9.13895],[-171.78723,-9.13815],[-171.78732,-9.13815],[-171.78732,-9.13797],[-171.78741,-9.13797],[-171.78741,-9.13788],[-171.7875,-9.13788],[-171.7875,-9.1377],[-171.78759,-9.1377],[-171.78759,-9.13744],[-171.78768,-9.13744],[-171.78768,-9.13726],[-171.78777,-9.13726],[-171.78777,-9.13708],[-171.78786,-9.13708],[-171.78786,-9.13699],[-171.78795,-9.13699],[-171.78795,-9.13629],[-171.78786,-9.13629],[-171.78786,-9.13531],[-171.78795,-9.13531],[-171.78795,-9.13513],[-171.78804,-9.13513],[-171.78804,-9.13504],[-171.78813,-9.13504],[-171.78813,-9.13495],[-171.78822,-9.13495],[-171.78822,-9.13487]]],[[[-171.78849,-9.12892],[-171.78885,-9.12892],[-171.78885,-9.12901],[-171.78894,-9.12901],[-171.78894,-9.1291],[-171.78912,-9.1291],[-171.78921,-9.1291],[-171.78921,-9.12901],[-171.78975,-9.12901],[-171.78975,-9.1291],[-171.78984,-9.1291],[-171.78984,-9.12928],[-171.78975,-9.12928],[-171.78975,-9.12972],[-171.78966,-9.12972],[-171.78966,-9.13017],[-171.78948,-9.13017],[-171.78948,-9.13025],[-171.78921,-9.13025],[-171.78921,-9.13017],[-171.78912,-9.13017],[-171.78912,-9.13025],[-171.78903,-9.13025],[-171.78903,-9.13034],[-171.78903,-9.13043],[-171.78885,-9.13043],[-171.78885,-9.13052],[-171.78876,-9.13052],[-171.78858,-9.13052],[-171.78858,-9.13043],[-171.78849,-9.13043],[-171.78849,-9.12946],[-171.7884,-9.12946],[-171.7884,-9.12901],[-171.78849,-9.12901],[-171.78849,-9.12892]]],[[[-171.86053,-9.12892],[-171.86053,-9.12875],[-171.86062,-9.12875],[-171.86062,-9.12892],[-171.86053,-9.12892]]],[[[-171.78903,-9.13229],[-171.78921,-9.13229],[-171.78921,-9.13238],[-171.7893,-9.13238],[-171.7893,-9.13247],[-171.7893,-9.13265],[-171.78903,-9.13265],[-171.78901,-9.13272],[-171.78896,-9.13276],[-171.78888,-9.13285],[-171.78885,-9.13265],[-171.78885,-9.13247],[-171.78885,-9.13238],[-171.78903,-9.13238],[-171.78903,-9.13229]]],[[[-171.78901,-9.13059],[-171.78907,-9.13051],[-171.78914,-9.13059],[-171.78919,-9.13063],[-171.78923,-9.13068],[-171.78959,-9.13072],[-171.78953,-9.1309],[-171.78946,-9.13081],[-171.78921,-9.13079],[-171.78921,-9.13088],[-171.7893,-9.13088],[-171.78939,-9.13088],[-171.78939,-9.13096],[-171.78948,-9.13096],[-171.78966,-9.13096],[-171.78966,-9.13105],[-171.78948,-9.13105],[-171.78948,-9.13114],[-171.78957,-9.13114],[-171.78957,-9.13141],[-171.78948,-9.13141],[-171.78948,-9.13158],[-171.78939,-9.13158],[-171.78939,-9.13167],[-171.78921,-9.13167],[-171.78921,-9.13176],[-171.78912,-9.13176],[-171.7891,-9.13183],[-171.78901,-9.13191],[-171.78932,-9.13197],[-171.78923,-9.13205],[-171.78919,-9.1321],[-171.78914,-9.13214],[-171.7891,-9.13218],[-171.78861,-9.13223],[-171.78858,-9.13212],[-171.78858,-9.13194],[-171.78885,-9.13194],[-171.78885,-9.13185],[-171.78867,-9.13185],[-171.78867,-9.13176],[-171.78858,-9.13176],[-171.78858,-9.13158],[-171.78849,-9.13158],[-171.78849,-9.13088],[-171.78858,-9.13088],[-171.78858,-9.13061],[-171.78885,-9.13061],[-171.78901,-9.13059]]],[[[-171.86332,-9.16866],[-171.86368,-9.16866],[-171.86368,-9.16875],[-171.86377,-9.16875],[-171.86377,-9.16892],[-171.86323,-9.16892],[-171.86323,-9.16875],[-171.86332,-9.16875],[-171.86332,-9.16866]]],[[[-171.86341,-9.16733],[-171.86341,-9.16724],[-171.86359,-9.16724],[-171.86359,-9.16733],[-171.86341,-9.16733]]],[[[-171.86572,-9.17453],[-171.86559,-9.17449],[-171.86554,-9.174],[-171.8659,-9.17396],[-171.86595,-9.17391],[-171.86599,-9.17387],[-171.86603,-9.17382],[-171.86608,-9.17378],[-171.86612,-9.17373],[-171.86628,-9.17371],[-171.8663,-9.17364],[-171.86644,-9.1736],[-171.86651,-9.17352],[-171.86657,-9.1736],[-171.86671,-9.17364],[-171.86673,-9.17389],[-171.86673,-9.17407],[-171.86682,-9.17407],[-171.86682,-9.17415],[-171.86691,-9.17415],[-171.86691,-9.17424],[-171.867,-9.17424],[-171.867,-9.17433],[-171.86709,-9.17433],[-171.86709,-9.17442],[-171.86718,-9.17442],[-171.86718,-9.1746],[-171.86727,-9.1746],[-171.86727,-9.17469],[-171.86736,-9.17469],[-171.86736,-9.17495],[-171.86727,-9.17495],[-171.86727,-9.17504],[-171.86718,-9.17504],[-171.86718,-9.17513],[-171.867,-9.17513],[-171.867,-9.17522],[-171.86682,-9.17522],[-171.86682,-9.17531],[-171.86673,-9.17531],[-171.86673,-9.1754],[-171.86664,-9.1754],[-171.86664,-9.17549],[-171.86664,-9.17566],[-171.86664,-9.17575],[-171.86655,-9.17575],[-171.86655,-9.17566],[-171.86628,-9.17566],[-171.86628,-9.17557],[-171.86621,-9.17555],[-171.86616,-9.17538],[-171.86608,-9.17546],[-171.86598,-9.17551],[-171.8659,-9.17542],[-171.86586,-9.17538],[-171.86581,-9.17533],[-171.86577,-9.17529],[-171.86572,-9.17453]]],[[[-171.866,-9.17346],[-171.86567,-9.17343],[-171.86564,-9.17311],[-171.86558,-9.17307],[-171.86555,-9.17302],[-171.86549,-9.17298],[-171.86546,-9.17216],[-171.86555,-9.1721],[-171.86558,-9.17204],[-171.86564,-9.17201],[-171.86567,-9.17196],[-171.86588,-9.17192],[-171.86594,-9.17201],[-171.86618,-9.17204],[-171.86621,-9.17219],[-171.86626,-9.17222],[-171.8663,-9.17227],[-171.86635,-9.17231],[-171.86639,-9.17263],[-171.86644,-9.17267],[-171.86648,-9.17298],[-171.86657,-9.17305],[-171.86648,-9.17311],[-171.86644,-9.17316],[-171.86639,-9.1732],[-171.86635,-9.17343],[-171.8663,-9.17346],[-171.86626,-9.17352],[-171.86601,-9.17353],[-171.866,-9.17346]]],[[[-171.78553,-9.15624],[-171.78588,-9.15624],[-171.78622,-9.15626],[-171.78626,-9.15631],[-171.78649,-9.15635],[-171.78653,-9.1564],[-171.78667,-9.15644],[-171.78671,-9.15649],[-171.78694,-9.15653],[-171.78698,-9.15657],[-171.78712,-9.15662],[-171.78716,-9.15666],[-171.78721,-9.1567],[-171.78725,-9.15675],[-171.7873,-9.15679],[-171.78734,-9.15698],[-171.78725,-9.15706],[-171.78721,-9.1572],[-171.78716,-9.15724],[-171.78712,-9.15737],[-171.78707,-9.15741],[-171.78703,-9.15755],[-171.78698,-9.15759],[-171.78694,-9.15808],[-171.78689,-9.15812],[-171.78685,-9.15897],[-171.7868,-9.15901],[-171.78676,-9.15924],[-171.78671,-9.15928],[-171.78667,-9.15941],[-171.78662,-9.15945],[-171.78658,-9.15959],[-171.78653,-9.15963],[-171.78649,-9.15986],[-171.78644,-9.1599],[-171.7864,-9.1603],[-171.78635,-9.16034],[-171.78631,-9.16128],[-171.78626,-9.16132],[-171.78622,-9.16172],[-171.78617,-9.16176],[-171.78613,-9.1619],[-171.78608,-9.16194],[-171.78604,-9.16207],[-171.786,-9.16211],[-171.78595,-9.16225],[-171.78591,-9.16229],[-171.78586,-9.16243],[-171.78582,-9.16247],[-171.78577,-9.16261],[-171.78573,-9.16265],[-171.78568,-9.16278],[-171.78564,-9.16282],[-171.78559,-9.16287],[-171.78555,-9.16291],[-171.7855,-9.16314],[-171.78546,-9.16318],[-171.78541,-9.1634],[-171.78537,-9.16344],[-171.78532,-9.16367],[-171.78528,-9.16371],[-171.78523,-9.16447],[-171.78519,-9.16451],[-171.78515,-9.16482],[-171.7851,-9.16486],[-171.78506,-9.16509],[-171.78501,-9.16513],[-171.78497,-9.16562],[-171.78492,-9.16566],[-171.78488,-9.1658],[-171.78483,-9.16584],[-171.78479,-9.16589],[-171.78474,-9.16593],[-171.7847,-9.16615],[-171.78465,-9.16619],[-171.78461,-9.16642],[-171.78456,-9.16646],[-171.78452,-9.16668],[-171.78447,-9.16673],[-171.78443,-9.16704],[-171.78438,-9.16708],[-171.78434,-9.16757],[-171.78429,-9.16761],[-171.78425,-9.16784],[-171.7842,-9.16788],[-171.78416,-9.1681],[-171.78411,-9.16814],[-171.78407,-9.16828],[-171.78402,-9.16832],[-171.78398,-9.16846],[-171.78393,-9.1685],[-171.78389,-9.16872],[-171.78384,-9.16877],[-171.7838,-9.16952],[-171.78375,-9.16956],[-171.78371,-9.17023],[-171.78366,-9.17027],[-171.78362,-9.17068],[-171.78357,-9.17072],[-171.78353,-9.1713],[-171.78348,-9.17134],[-171.78344,-9.17165],[-171.78339,-9.17169],[-171.78335,-9.17201],[-171.7833,-9.17205],[-171.78326,-9.17218],[-171.78308,-9.17224],[-171.78321,-9.17235],[-171.78303,-9.1724],[-171.78299,-9.17263],[-171.78294,-9.17267],[-171.7829,-9.17289],[-171.78285,-9.17293],[-171.78281,-9.17307],[-171.78276,-9.17311],[-171.78272,-9.17325],[-171.78267,-9.17329],[-171.78263,-9.17334],[-171.78258,-9.17338],[-171.78254,-9.17351],[-171.78249,-9.17355],[-171.78245,-9.1736],[-171.7824,-9.17364],[-171.78236,-9.17378],[-171.78231,-9.17382],[-171.78227,-9.17387],[-171.78222,-9.17391],[-171.78218,-9.17405],[-171.78213,-9.17409],[-171.78209,-9.17413],[-171.78204,-9.17418],[-171.782,-9.17422],[-171.78195,-9.17426],[-171.78191,-9.1744],[-171.78186,-9.17444],[-171.78182,-9.17467],[-171.78177,-9.17471],[-171.78173,-9.17484],[-171.78168,-9.17488],[-171.78164,-9.17502],[-171.78159,-9.17506],[-171.78155,-9.17529],[-171.78148,-9.17531],[-171.78148,-9.17549],[-171.78139,-9.17549],[-171.78139,-9.17557],[-171.78139,-9.17566],[-171.7813,-9.17566],[-171.7813,-9.17584],[-171.7813,-9.17593],[-171.78121,-9.17593],[-171.78121,-9.17602],[-171.78121,-9.17619],[-171.78112,-9.17619],[-171.78112,-9.17646],[-171.78103,-9.17646],[-171.78103,-9.17655],[-171.78094,-9.17655],[-171.78094,-9.17673],[-171.78085,-9.17673],[-171.78085,-9.17682],[-171.78076,-9.17682],[-171.78076,-9.17699],[-171.78067,-9.17699],[-171.78067,-9.17717],[-171.78058,-9.17717],[-171.78058,-9.17726],[-171.78058,-9.17735],[-171.78049,-9.17735],[-171.78049,-9.17744],[-171.7804,-9.17744],[-171.7804,-9.17752],[-171.78031,-9.17752],[-171.78031,-9.17761],[-171.78023,-9.17761],[-171.78023,-9.17788],[-171.78014,-9.17788],[-171.78014,-9.17806],[-171.78005,-9.17806],[-171.78005,-9.17832],[-171.77996,-9.17832],[-171.77996,-9.17859],[-171.77987,-9.17859],[-171.77987,-9.17894],[-171.77978,-9.17894],[-171.77978,-9.17921],[-171.77978,-9.1793],[-171.77969,-9.1793],[-171.77969,-9.17948],[-171.7796,-9.17948],[-171.7796,-9.17956],[-171.7796,-9.17974],[-171.77951,-9.17974],[-171.77951,-9.17992],[-171.77942,-9.17992],[-171.77942,-9.18019],[-171.77933,-9.18019],[-171.77933,-9.18045],[-171.77924,-9.18045],[-171.77924,-9.18107],[-171.77915,-9.18107],[-171.77915,-9.18178],[-171.77906,-9.18178],[-171.77906,-9.18205],[-171.77897,-9.18205],[-171.77897,-9.18222],[-171.77888,-9.18222],[-171.77888,-9.18267],[-171.77879,-9.18267],[-171.77879,-9.18293],[-171.7787,-9.18293],[-171.7787,-9.18311],[-171.77861,-9.18311],[-171.77861,-9.1832],[-171.77852,-9.1832],[-171.77852,-9.18347],[-171.77843,-9.18347],[-171.77843,-9.18444],[-171.77834,-9.18444],[-171.77834,-9.18453],[-171.77825,-9.18453],[-171.77825,-9.18471],[-171.77816,-9.18471],[-171.77816,-9.1848],[-171.77807,-9.1848],[-171.77807,-9.18489],[-171.77798,-9.18489],[-171.77798,-9.18515],[-171.77789,-9.18515],[-171.77789,-9.18533],[-171.7778,-9.18533],[-171.7778,-9.18559],[-171.77771,-9.18559],[-171.77771,-9.18595],[-171.77762,-9.18595],[-171.77762,-9.1863],[-171.77753,-9.1863],[-171.77753,-9.18648],[-171.77744,-9.18648],[-171.77744,-9.18666],[-171.77735,-9.18666],[-171.77735,-9.18684],[-171.77726,-9.18684],[-171.77726,-9.18692],[-171.77717,-9.18692],[-171.77717,-9.1871],[-171.77708,-9.1871],[-171.77708,-9.18719],[-171.77699,-9.18719],[-171.77699,-9.18728],[-171.7769,-9.18728],[-171.7769,-9.18737],[-171.77681,-9.18737],[-171.77681,-9.18755],[-171.77672,-9.18755],[-171.77672,-9.18781],[-171.77663,-9.18781],[-171.77663,-9.18799],[-171.77654,-9.18799],[-171.77654,-9.18817],[-171.77645,-9.18817],[-171.77645,-9.18852],[-171.77636,-9.18852],[-171.77636,-9.18861],[-171.77636,-9.1887],[-171.77636,-9.18879],[-171.77636,-9.18888],[-171.77627,-9.18888],[-171.77627,-9.18896],[-171.77618,-9.18896],[-171.77618,-9.18914],[-171.77609,-9.18914],[-171.77609,-9.18959],[-171.776,-9.18959],[-171.776,-9.18994],[-171.77591,-9.18994],[-171.77591,-9.19029],[-171.77582,-9.19029],[-171.77582,-9.19056],[-171.77573,-9.19056],[-171.77573,-9.19083],[-171.77564,-9.19083],[-171.77564,-9.19092],[-171.77564,-9.191],[-171.77555,-9.191],[-171.77555,-9.19109],[-171.77555,-9.19118],[-171.77546,-9.19118],[-171.77546,-9.19127],[-171.77546,-9.19162],[-171.77537,-9.19162],[-171.77537,-9.19207],[-171.77528,-9.19207],[-171.77528,-9.19225],[-171.77519,-9.19225],[-171.77519,-9.1926],[-171.7751,-9.1926],[-171.7751,-9.19287],[-171.77501,-9.19287],[-171.77501,-9.19304],[-171.77493,-9.19304],[-171.77493,-9.19322],[-171.77484,-9.19322],[-171.77484,-9.19331],[-171.77475,-9.19331],[-171.77475,-9.19349],[-171.77466,-9.19349],[-171.77466,-9.19366],[-171.77457,-9.19366],[-171.77457,-9.19393],[-171.77448,-9.19393],[-171.77448,-9.1942],[-171.77439,-9.1942],[-171.77439,-9.19437],[-171.7743,-9.19437],[-171.7743,-9.19455],[-171.77421,-9.19455],[-171.77421,-9.19473],[-171.77412,-9.19473],[-171.77412,-9.19482],[-171.77403,-9.19482],[-171.77403,-9.19499],[-171.77394,-9.19499],[-171.77394,-9.19508],[-171.77385,-9.19508],[-171.77385,-9.19535],[-171.77376,-9.19535],[-171.77376,-9.19553],[-171.77367,-9.19553],[-171.77367,-9.1957],[-171.77358,-9.1957],[-171.77358,-9.19588],[-171.77349,-9.19588],[-171.77349,-9.19606],[-171.7734,-9.19606],[-171.7734,-9.19632],[-171.77331,-9.19632],[-171.77331,-9.19686],[-171.77322,-9.19686],[-171.77322,-9.19703],[-171.77313,-9.19703],[-171.77313,-9.19721],[-171.77304,-9.19721],[-171.77304,-9.19739],[-171.77295,-9.19739],[-171.77295,-9.19748],[-171.77286,-9.19748],[-171.77286,-9.19757],[-171.77277,-9.19757],[-171.77277,-9.19774],[-171.77268,-9.19774],[-171.77268,-9.19792],[-171.77259,-9.19792],[-171.77259,-9.19819],[-171.7725,-9.19819],[-171.7725,-9.19836],[-171.77241,-9.19836],[-171.77241,-9.19854],[-171.77232,-9.19854],[-171.77232,-9.19872],[-171.77223,-9.19872],[-171.77223,-9.1989],[-171.77214,-9.1989],[-171.77214,-9.19916],[-171.77205,-9.19916],[-171.77205,-9.19934],[-171.77196,-9.19934],[-171.77196,-9.19952],[-171.77187,-9.19952],[-171.77187,-9.19978],[-171.77178,-9.19978],[-171.77178,-9.19996],[-171.7716,-9.19996],[-171.7716,-9.20023],[-171.77151,-9.20023],[-171.77151,-9.20032],[-171.77151,-9.2004],[-171.77142,-9.2004],[-171.77142,-9.20058],[-171.77133,-9.20058],[-171.77133,-9.20067],[-171.77124,-9.20067],[-171.77124,-9.20085],[-171.77115,-9.20085],[-171.77115,-9.20094],[-171.77115,-9.20102],[-171.77106,-9.20102],[-171.77106,-9.2012],[-171.77097,-9.2012],[-171.77097,-9.20129],[-171.77097,-9.20138],[-171.77088,-9.20138],[-171.77088,-9.20156],[-171.77079,-9.20156],[-171.77079,-9.20165],[-171.77079,-9.20173],[-171.7707,-9.20173],[-171.7707,-9.20182],[-171.7707,-9.20191],[-171.77061,-9.20191],[-171.77061,-9.20209],[-171.77052,-9.20209],[-171.77052,-9.20227],[-171.77043,-9.20227],[-171.77043,-9.20253],[-171.77034,-9.20253],[-171.77034,-9.20262],[-171.77034,-9.20271],[-171.77025,-9.20271],[-171.77025,-9.20298],[-171.77016,-9.20298],[-171.77016,-9.20324],[-171.77007,-9.20324],[-171.77007,-9.20351],[-171.76998,-9.20351],[-171.76998,-9.20377],[-171.76989,-9.20377],[-171.76989,-9.20395],[-171.7698,-9.20395],[-171.7698,-9.20422],[-171.76971,-9.20422],[-171.76971,-9.20448],[-171.76962,-9.20448],[-171.76962,-9.20475],[-171.76954,-9.20475],[-171.76954,-9.20501],[-171.76945,-9.20501],[-171.76945,-9.20537],[-171.76936,-9.20537],[-171.76936,-9.20564],[-171.76927,-9.20564],[-171.76927,-9.2059],[-171.76918,-9.2059],[-171.76918,-9.20617],[-171.76909,-9.20617],[-171.76909,-9.20634],[-171.769,-9.20635],[-171.769,-9.20661],[-171.76891,-9.20661],[-171.76891,-9.20697],[-171.76891,-9.20705],[-171.76882,-9.20705],[-171.76882,-9.20732],[-171.76873,-9.20732],[-171.76873,-9.2075],[-171.76864,-9.2075],[-171.76864,-9.20759],[-171.76864,-9.20768],[-171.76855,-9.20768],[-171.76855,-9.20776],[-171.76855,-9.20794],[-171.76846,-9.20794],[-171.76846,-9.20803],[-171.76846,-9.20821],[-171.76837,-9.20821],[-171.76837,-9.20874],[-171.76828,-9.20874],[-171.76828,-9.20883],[-171.76819,-9.20883],[-171.76819,-9.20892],[-171.76819,-9.20989],[-171.76828,-9.20989],[-171.76828,-9.21016],[-171.76837,-9.21016],[-171.76837,-9.21034],[-171.76846,-9.21034],[-171.76846,-9.21113],[-171.76855,-9.21113],[-171.76855,-9.21167],[-171.76864,-9.21167],[-171.76864,-9.21193],[-171.76873,-9.21193],[-171.76873,-9.21211],[-171.76882,-9.21211],[-171.76882,-9.21229],[-171.76891,-9.21229],[-171.76891,-9.21246],[-171.769,-9.21246],[-171.769,-9.21255],[-171.76909,-9.21255],[-171.76909,-9.21273],[-171.76918,-9.21273],[-171.76918,-9.21282],[-171.76927,-9.21282],[-171.76927,-9.213],[-171.76936,-9.213],[-171.76936,-9.21308],[-171.76945,-9.21308],[-171.76945,-9.21326],[-171.76971,-9.21326],[-171.76971,-9.21344],[-171.7698,-9.21344],[-171.7698,-9.21353],[-171.76989,-9.21353],[-171.76989,-9.21362],[-171.76998,-9.21362],[-171.76998,-9.2137],[-171.77007,-9.2137],[-171.77007,-9.21379],[-171.77016,-9.21379],[-171.77016,-9.21406],[-171.76989,-9.21406],[-171.76989,-9.21415],[-171.76927,-9.21415],[-171.76927,-9.21424],[-171.769,-9.21424],[-171.769,-9.21415],[-171.76864,-9.21415],[-171.76855,-9.21415],[-171.76855,-9.21406],[-171.76846,-9.21406],[-171.76846,-9.21397],[-171.76846,-9.21379],[-171.76837,-9.21379],[-171.76837,-9.2137],[-171.76828,-9.2137],[-171.76828,-9.21362],[-171.76819,-9.21362],[-171.76819,-9.21353],[-171.7672,-9.21353],[-171.76702,-9.21353],[-171.76702,-9.21344],[-171.76684,-9.21344],[-171.76684,-9.21335],[-171.76675,-9.21335],[-171.76675,-9.21326],[-171.76666,-9.21326],[-171.76666,-9.21317],[-171.76657,-9.21317],[-171.76657,-9.213],[-171.76657,-9.21291],[-171.76648,-9.21291],[-171.76648,-9.21273],[-171.76639,-9.21273],[-171.76639,-9.21264],[-171.76639,-9.2122],[-171.7663,-9.2122],[-171.7663,-9.21211],[-171.7663,-9.21167],[-171.76621,-9.21167],[-171.76621,-9.21149],[-171.76612,-9.21149],[-171.76612,-9.21122],[-171.76603,-9.21122],[-171.76603,-9.21069],[-171.76594,-9.21069],[-171.76594,-9.20998],[-171.76603,-9.20998],[-171.76603,-9.20963],[-171.76612,-9.20963],[-171.76612,-9.20927],[-171.76621,-9.20927],[-171.76621,-9.20892],[-171.7663,-9.20892],[-171.7663,-9.20856],[-171.76639,-9.20856],[-171.76639,-9.2083],[-171.76648,-9.2083],[-171.76648,-9.20812],[-171.76657,-9.20812],[-171.76657,-9.20794],[-171.76666,-9.20794],[-171.76666,-9.20759],[-171.76675,-9.20759],[-171.76675,-9.20741],[-171.76675,-9.20732],[-171.76684,-9.20732],[-171.76684,-9.20705],[-171.76684,-9.20697],[-171.76693,-9.20697],[-171.76693,-9.20661],[-171.76702,-9.20661],[-171.76702,-9.20617],[-171.76711,-9.20617],[-171.76711,-9.20599],[-171.7672,-9.20599],[-171.7672,-9.2059],[-171.7672,-9.20564],[-171.76729,-9.20564],[-171.76729,-9.20555],[-171.76729,-9.20537],[-171.76738,-9.20537],[-171.76738,-9.20501],[-171.76747,-9.20501],[-171.76747,-9.20466],[-171.76756,-9.20466],[-171.76756,-9.20439],[-171.76765,-9.20439],[-171.76765,-9.20422],[-171.76774,-9.20422],[-171.76774,-9.20404],[-171.76783,-9.20404],[-171.76783,-9.20377],[-171.76792,-9.20377],[-171.76792,-9.2036],[-171.76801,-9.2036],[-171.76801,-9.20333],[-171.7681,-9.20333],[-171.7681,-9.20315],[-171.76819,-9.20315],[-171.76819,-9.20298],[-171.76828,-9.20298],[-171.76828,-9.2028],[-171.76837,-9.2028],[-171.76837,-9.20262],[-171.76846,-9.20262],[-171.76846,-9.20253],[-171.76846,-9.20244],[-171.76855,-9.20244],[-171.76855,-9.20209],[-171.76864,-9.20209],[-171.76864,-9.20182],[-171.76873,-9.20182],[-171.76873,-9.20165],[-171.76882,-9.20165],[-171.76882,-9.20156],[-171.76882,-9.20138],[-171.76891,-9.20138],[-171.76891,-9.20129],[-171.76891,-9.20111],[-171.769,-9.20111],[-171.769,-9.20102],[-171.769,-9.20085],[-171.76909,-9.20085],[-171.76909,-9.20076],[-171.76909,-9.20058],[-171.76918,-9.20058],[-171.76918,-9.20049],[-171.76918,-9.2004],[-171.76927,-9.2004],[-171.76927,-9.20023],[-171.76936,-9.20023],[-171.76936,-9.20005],[-171.76945,-9.20005],[-171.76945,-9.19987],[-171.76945,-9.19969],[-171.76954,-9.19969],[-171.76954,-9.19952],[-171.76962,-9.19952],[-171.76962,-9.19934],[-171.76971,-9.19934],[-171.76971,-9.19925],[-171.76971,-9.19916],[-171.7698,-9.19916],[-171.7698,-9.19907],[-171.76989,-9.19907],[-171.76989,-9.1989],[-171.76998,-9.1989],[-171.76998,-9.19863],[-171.77007,-9.19863],[-171.77007,-9.19845],[-171.77016,-9.19845],[-171.77016,-9.19828],[-171.77025,-9.19828],[-171.77025,-9.1981],[-171.77034,-9.1981],[-171.77034,-9.19792],[-171.77034,-9.19774],[-171.77043,-9.19774],[-171.77043,-9.19765],[-171.77043,-9.19748],[-171.77052,-9.19748],[-171.77052,-9.19739],[-171.77061,-9.19739],[-171.77063,-9.19714],[-171.77072,-9.19708],[-171.7706,-9.19699],[-171.77068,-9.19693],[-171.77072,-9.19679],[-171.77077,-9.19675],[-171.77081,-9.1967],[-171.77086,-9.19666],[-171.7709,-9.19661],[-171.77095,-9.19657],[-171.77099,-9.19643],[-171.77104,-9.19639],[-171.77108,-9.19625],[-171.77113,-9.19622],[-171.77117,-9.19617],[-171.77124,-9.19615],[-171.77124,-9.19606],[-171.77133,-9.19606],[-171.77133,-9.19588],[-171.77142,-9.19588],[-171.77142,-9.1957],[-171.77151,-9.1957],[-171.77151,-9.19562],[-171.7716,-9.19562],[-171.7716,-9.19544],[-171.7716,-9.19535],[-171.77169,-9.19535],[-171.77169,-9.19526],[-171.77169,-9.19517],[-171.77178,-9.19517],[-171.77178,-9.19508],[-171.77178,-9.19499],[-171.77187,-9.19499],[-171.77187,-9.19482],[-171.77196,-9.19482],[-171.77196,-9.19464],[-171.77205,-9.19464],[-171.77205,-9.19455],[-171.77214,-9.19455],[-171.77214,-9.19429],[-171.77223,-9.19429],[-171.77223,-9.19411],[-171.77223,-9.19402],[-171.77232,-9.19402],[-171.77232,-9.19384],[-171.77241,-9.19384],[-171.77241,-9.19366],[-171.7725,-9.19366],[-171.7725,-9.19358],[-171.7725,-9.1934],[-171.77259,-9.1934],[-171.77259,-9.19331],[-171.77259,-9.19322],[-171.77268,-9.19322],[-171.77268,-9.19313],[-171.77277,-9.19313],[-171.77277,-9.19295],[-171.77295,-9.19295],[-171.77295,-9.19278],[-171.77295,-9.19269],[-171.77304,-9.19269],[-171.77304,-9.1926],[-171.77304,-9.19242],[-171.77313,-9.19242],[-171.77313,-9.19225],[-171.77322,-9.19225],[-171.77322,-9.19216],[-171.77331,-9.19216],[-171.77331,-9.19198],[-171.7734,-9.19198],[-171.7734,-9.1918],[-171.77349,-9.1918],[-171.77349,-9.19171],[-171.77358,-9.19171],[-171.77358,-9.19154],[-171.77367,-9.19154],[-171.77367,-9.19136],[-171.77376,-9.19136],[-171.77376,-9.19118],[-171.77385,-9.19118],[-171.77385,-9.191],[-171.77394,-9.191],[-171.77394,-9.19083],[-171.77403,-9.19083],[-171.77403,-9.19065],[-171.77412,-9.19065],[-171.77412,-9.19047],[-171.77421,-9.19047],[-171.77421,-9.19021],[-171.7743,-9.19021],[-171.7743,-9.19003],[-171.77439,-9.19003],[-171.77439,-9.18985],[-171.77448,-9.18985],[-171.77448,-9.18976],[-171.77448,-9.18959],[-171.77457,-9.18959],[-171.77457,-9.18941],[-171.77466,-9.18941],[-171.77466,-9.18932],[-171.77466,-9.18914],[-171.77475,-9.18914],[-171.77475,-9.18888],[-171.77484,-9.18888],[-171.77484,-9.18879],[-171.77493,-9.18879],[-171.77493,-9.1887],[-171.77493,-9.18861],[-171.77501,-9.18861],[-171.77501,-9.18843],[-171.7751,-9.18843],[-171.7751,-9.18834],[-171.7751,-9.18826],[-171.77519,-9.18825],[-171.77519,-9.18817],[-171.77519,-9.18799],[-171.77528,-9.18799],[-171.77528,-9.18781],[-171.77537,-9.18781],[-171.77537,-9.18763],[-171.77546,-9.18763],[-171.77546,-9.18746],[-171.77555,-9.18746],[-171.77555,-9.18728],[-171.77564,-9.18728],[-171.77564,-9.1871],[-171.77564,-9.18701],[-171.77573,-9.18701],[-171.77573,-9.18692],[-171.77573,-9.18675],[-171.77582,-9.18675],[-171.77582,-9.18666],[-171.77582,-9.18657],[-171.77591,-9.18657],[-171.77591,-9.18648],[-171.77591,-9.18639],[-171.776,-9.18639],[-171.776,-9.1863],[-171.776,-9.18613],[-171.77609,-9.18613],[-171.77609,-9.18604],[-171.77609,-9.18595],[-171.77618,-9.18595],[-171.77618,-9.18586],[-171.77618,-9.18568],[-171.77627,-9.18568],[-171.77627,-9.18551],[-171.77636,-9.18551],[-171.77636,-9.18542],[-171.77636,-9.18533],[-171.77636,-9.18515],[-171.77645,-9.18515],[-171.77645,-9.1848],[-171.77654,-9.1848],[-171.77654,-9.18462],[-171.77663,-9.18462],[-171.77663,-9.18435],[-171.77672,-9.18435],[-171.77672,-9.18409],[-171.77681,-9.18409],[-171.77681,-9.18382],[-171.7769,-9.18382],[-171.7769,-9.18347],[-171.77699,-9.18347],[-171.77699,-9.18329],[-171.77708,-9.18329],[-171.77708,-9.18302],[-171.77717,-9.18302],[-171.77717,-9.18285],[-171.77726,-9.18285],[-171.77726,-9.18258],[-171.77735,-9.18258],[-171.77735,-9.18249],[-171.77735,-9.1824],[-171.77735,-9.18222],[-171.77744,-9.18222],[-171.77744,-9.18196],[-171.77753,-9.18196],[-171.77753,-9.18152],[-171.77762,-9.18152],[-171.77762,-9.18107],[-171.77771,-9.18107],[-171.77771,-9.18019],[-171.7778,-9.18019],[-171.7778,-9.17992],[-171.77789,-9.17992],[-171.77789,-9.17965],[-171.77798,-9.17965],[-171.77798,-9.17956],[-171.77798,-9.17948],[-171.77807,-9.17948],[-171.77807,-9.1793],[-171.77807,-9.17921],[-171.77816,-9.17921],[-171.77816,-9.17894],[-171.77825,-9.17894],[-171.77825,-9.17877],[-171.77825,-9.17859],[-171.77834,-9.17859],[-171.77834,-9.17841],[-171.77834,-9.17832],[-171.77843,-9.17832],[-171.77843,-9.17815],[-171.77852,-9.17815],[-171.77852,-9.17788],[-171.77861,-9.17788],[-171.77861,-9.1777],[-171.7787,-9.1777],[-171.7787,-9.17744],[-171.77879,-9.17744],[-171.77879,-9.17717],[-171.77879,-9.17708],[-171.77888,-9.17708],[-171.77888,-9.17682],[-171.77897,-9.17682],[-171.77897,-9.17664],[-171.77906,-9.17664],[-171.77906,-9.17637],[-171.77906,-9.17628],[-171.77915,-9.17628],[-171.77915,-9.17593],[-171.77924,-9.17593],[-171.77924,-9.17575],[-171.77933,-9.17575],[-171.77933,-9.17566],[-171.77942,-9.17566],[-171.77942,-9.17557],[-171.77942,-9.17549],[-171.77951,-9.17549],[-171.77951,-9.1754],[-171.77951,-9.17531],[-171.7796,-9.17531],[-171.7796,-9.17513],[-171.77969,-9.17513],[-171.77969,-9.17504],[-171.77978,-9.17504],[-171.77978,-9.17486],[-171.77987,-9.17486],[-171.77987,-9.17469],[-171.77996,-9.17469],[-171.77996,-9.17451],[-171.78005,-9.17451],[-171.78005,-9.17433],[-171.78014,-9.17433],[-171.78014,-9.17415],[-171.78014,-9.17407],[-171.78023,-9.17407],[-171.78023,-9.17398],[-171.78023,-9.17389],[-171.78031,-9.17389],[-171.78031,-9.1738],[-171.78031,-9.17371],[-171.7804,-9.17371],[-171.7804,-9.17362],[-171.78049,-9.17362],[-171.78049,-9.17345],[-171.78058,-9.17345],[-171.78058,-9.17327],[-171.78067,-9.17327],[-171.78067,-9.17318],[-171.78076,-9.17318],[-171.78076,-9.173],[-171.78085,-9.173],[-171.78085,-9.17291],[-171.78085,-9.17282],[-171.78094,-9.17282],[-171.78094,-9.17274],[-171.78103,-9.17274],[-171.78103,-9.17256],[-171.78112,-9.17256],[-171.78112,-9.17229],[-171.78121,-9.17229],[-171.78121,-9.17212],[-171.7813,-9.17212],[-171.7813,-9.17194],[-171.78139,-9.17194],[-171.78139,-9.17167],[-171.78148,-9.17167],[-171.78148,-9.17141],[-171.78157,-9.17141],[-171.78157,-9.17132],[-171.78157,-9.17114],[-171.78166,-9.17114],[-171.78166,-9.17105],[-171.78166,-9.17096],[-171.78175,-9.17096],[-171.78175,-9.17087],[-171.78175,-9.1707],[-171.78184,-9.1707],[-171.78184,-9.17043],[-171.78193,-9.17043],[-171.78193,-9.17008],[-171.78202,-9.17008],[-171.78202,-9.16972],[-171.78211,-9.16972],[-171.78211,-9.16928],[-171.7822,-9.16928],[-171.7822,-9.16919],[-171.78229,-9.16919],[-171.78229,-9.16901],[-171.78238,-9.16901],[-171.78238,-9.16875],[-171.78247,-9.16875],[-171.78247,-9.16848],[-171.78256,-9.16848],[-171.78256,-9.1683],[-171.78256,-9.16821],[-171.78265,-9.16821],[-171.78265,-9.16812],[-171.78274,-9.16812],[-171.78274,-9.16786],[-171.78283,-9.16786],[-171.78283,-9.16759],[-171.78292,-9.16759],[-171.78292,-9.16741],[-171.78292,-9.16724],[-171.78301,-9.16724],[-171.78301,-9.16715],[-171.78301,-9.16706],[-171.7831,-9.16706],[-171.7831,-9.16679],[-171.78319,-9.16679],[-171.78319,-9.16635],[-171.78328,-9.16635],[-171.78328,-9.16608],[-171.78337,-9.16608],[-171.78337,-9.16564],[-171.78346,-9.16564],[-171.78346,-9.16529],[-171.78355,-9.16529],[-171.78355,-9.16502],[-171.78355,-9.16493],[-171.78364,-9.16493],[-171.78364,-9.16467],[-171.78373,-9.16467],[-171.78373,-9.1644],[-171.78382,-9.1644],[-171.78382,-9.16413],[-171.78382,-9.16404],[-171.78382,-9.16396],[-171.78391,-9.16396],[-171.78391,-9.16387],[-171.78391,-9.16378],[-171.78391,-9.16369],[-171.784,-9.16369],[-171.784,-9.16351],[-171.784,-9.16334],[-171.78409,-9.16334],[-171.78409,-9.16325],[-171.78409,-9.16298],[-171.78418,-9.16298],[-171.78418,-9.1628],[-171.78418,-9.16245],[-171.78427,-9.16245],[-171.78427,-9.16201],[-171.78436,-9.16201],[-171.78436,-9.16174],[-171.78436,-9.16156],[-171.78445,-9.16156],[-171.78445,-9.1613],[-171.78454,-9.1613],[-171.78454,-9.16103],[-171.78454,-9.16085],[-171.78463,-9.16085],[-171.78463,-9.16076],[-171.78463,-9.16059],[-171.78472,-9.16059],[-171.78472,-9.16041],[-171.78472,-9.16032],[-171.78481,-9.16032],[-171.78481,-9.16014],[-171.78481,-9.15988],[-171.7849,-9.15988],[-171.7849,-9.15934],[-171.78499,-9.15934],[-171.78499,-9.15855],[-171.78508,-9.15855],[-171.78508,-9.1581],[-171.78517,-9.1581],[-171.78517,-9.15766],[-171.78526,-9.15766],[-171.78526,-9.15748],[-171.78535,-9.15748],[-171.78535,-9.1573],[-171.78544,-9.1573],[-171.78544,-9.15713],[-171.78544,-9.15642],[-171.78553,-9.15642],[-171.78553,-9.15624]]],[[[-171.78651,-9.15065],[-171.78687,-9.15065],[-171.78687,-9.15074],[-171.78714,-9.15074],[-171.78714,-9.15083],[-171.78723,-9.15083],[-171.78723,-9.15119],[-171.78714,-9.15119],[-171.78714,-9.15136],[-171.78723,-9.15136],[-171.78723,-9.15145],[-171.78723,-9.15163],[-171.78723,-9.15181],[-171.78732,-9.15181],[-171.78732,-9.15225],[-171.78741,-9.15225],[-171.78741,-9.15243],[-171.7875,-9.15243],[-171.7875,-9.15287],[-171.78759,-9.15287],[-171.78759,-9.15323],[-171.78768,-9.15323],[-171.78768,-9.15349],[-171.78777,-9.15349],[-171.78777,-9.15367],[-171.78768,-9.15367],[-171.78768,-9.15491],[-171.78759,-9.15491],[-171.78759,-9.15509],[-171.7875,-9.15509],[-171.7875,-9.15562],[-171.78741,-9.15562],[-171.78741,-9.1558],[-171.78678,-9.1558],[-171.78678,-9.15571],[-171.78642,-9.15571],[-171.78642,-9.15562],[-171.78624,-9.15562],[-171.78615,-9.15562],[-171.78615,-9.15553],[-171.78588,-9.15553],[-171.78588,-9.15544],[-171.78579,-9.15544],[-171.78579,-9.15535],[-171.7857,-9.15535],[-171.7857,-9.15482],[-171.78579,-9.15482],[-171.78579,-9.15456],[-171.78588,-9.15456],[-171.78588,-9.15438],[-171.78597,-9.15438],[-171.78597,-9.15323],[-171.78606,-9.15323],[-171.78606,-9.15216],[-171.78615,-9.15216],[-171.78615,-9.15189],[-171.78624,-9.15189],[-171.78624,-9.15163],[-171.78633,-9.15163],[-171.78633,-9.15119],[-171.78624,-9.15119],[-171.78624,-9.15083],[-171.78633,-9.15083],[-171.78633,-9.15074],[-171.78651,-9.15074],[-171.78651,-9.15065]]],[[[-171.86035,-9.16032],[-171.86053,-9.16032],[-171.86053,-9.16041],[-171.86062,-9.16041],[-171.8608,-9.16041],[-171.8608,-9.1605],[-171.86089,-9.1605],[-171.86089,-9.16059],[-171.86098,-9.16059],[-171.86098,-9.16076],[-171.86107,-9.16076],[-171.86107,-9.16085],[-171.86116,-9.16085],[-171.86116,-9.16094],[-171.86134,-9.16094],[-171.86134,-9.16103],[-171.86143,-9.16103],[-171.86143,-9.16112],[-171.86152,-9.16112],[-171.86152,-9.1613],[-171.86161,-9.1613],[-171.86161,-9.16138],[-171.8617,-9.16138],[-171.8617,-9.16165],[-171.86179,-9.16165],[-171.86179,-9.16183],[-171.86188,-9.16183],[-171.86188,-9.16201],[-171.86197,-9.16201],[-171.86197,-9.16254],[-171.86206,-9.16254],[-171.86206,-9.16263],[-171.86206,-9.1628],[-171.86215,-9.1628],[-171.86215,-9.16298],[-171.86224,-9.16298],[-171.86224,-9.16307],[-171.86224,-9.16316],[-171.86233,-9.16316],[-171.86233,-9.16325],[-171.86224,-9.16325],[-171.86224,-9.16334],[-171.86233,-9.16334],[-171.86233,-9.16342],[-171.86233,-9.1636],[-171.86242,-9.1636],[-171.86242,-9.16396],[-171.86251,-9.16396],[-171.86251,-9.16413],[-171.86251,-9.16458],[-171.86242,-9.16458],[-171.86242,-9.16467],[-171.86244,-9.16482],[-171.86258,-9.16486],[-171.86262,-9.16491],[-171.86276,-9.16495],[-171.8628,-9.16509],[-171.86289,-9.16515],[-171.86285,-9.16527],[-171.86276,-9.16533],[-171.86289,-9.16542],[-171.86285,-9.16553],[-171.86276,-9.1656],[-171.86285,-9.16566],[-171.86289,-9.16571],[-171.86294,-9.16575],[-171.86298,-9.1658],[-171.86303,-9.16584],[-171.86307,-9.16589],[-171.86312,-9.16593],[-171.86316,-9.16598],[-171.86321,-9.16601],[-171.86325,-9.16633],[-171.8633,-9.16637],[-171.86334,-9.16642],[-171.86343,-9.16648],[-171.86339,-9.16678],[-171.86332,-9.16679],[-171.86332,-9.16733],[-171.86314,-9.16733],[-171.86314,-9.16724],[-171.86296,-9.16724],[-171.86296,-9.16715],[-171.86287,-9.16715],[-171.86287,-9.16706],[-171.86269,-9.16706],[-171.86269,-9.16679],[-171.86278,-9.16679],[-171.86278,-9.16653],[-171.86269,-9.16653],[-171.86269,-9.16644],[-171.8626,-9.16644],[-171.8626,-9.16635],[-171.86251,-9.16635],[-171.86251,-9.16617],[-171.86242,-9.16617],[-171.86242,-9.16608],[-171.86233,-9.16608],[-171.86233,-9.166],[-171.86224,-9.166],[-171.86224,-9.16582],[-171.86215,-9.16582],[-171.86215,-9.16564],[-171.86206,-9.16564],[-171.86206,-9.16546],[-171.86197,-9.16546],[-171.86197,-9.16529],[-171.86188,-9.16529],[-171.86188,-9.16511],[-171.86179,-9.16511],[-171.86179,-9.16493],[-171.8617,-9.16493],[-171.8617,-9.16475],[-171.86161,-9.16475],[-171.86161,-9.16458],[-171.86152,-9.16458],[-171.86152,-9.16431],[-171.86143,-9.16431],[-171.86143,-9.16413],[-171.86134,-9.16413],[-171.86134,-9.16396],[-171.86125,-9.16396],[-171.86125,-9.16378],[-171.86116,-9.16378],[-171.86116,-9.1636],[-171.86107,-9.1636],[-171.86107,-9.16342],[-171.86098,-9.16342],[-171.86098,-9.16325],[-171.86089,-9.16325],[-171.86089,-9.16298],[-171.86071,-9.16298],[-171.86071,-9.1628],[-171.86062,-9.1628],[-171.86062,-9.16271],[-171.86062,-9.16245],[-171.86053,-9.16245],[-171.86053,-9.16227],[-171.86062,-9.16227],[-171.86062,-9.16218],[-171.86044,-9.16218],[-171.86044,-9.16209],[-171.86026,-9.16209],[-171.86026,-9.16201],[-171.86018,-9.16201],[-171.86018,-9.16183],[-171.86009,-9.16183],[-171.86009,-9.16174],[-171.86,-9.16174],[-171.86,-9.16156],[-171.85991,-9.16156],[-171.85991,-9.1613],[-171.85982,-9.1613],[-171.85982,-9.16094],[-171.85982,-9.16076],[-171.85991,-9.16076],[-171.85991,-9.16067],[-171.85991,-9.16059],[-171.86,-9.16059],[-171.86,-9.1605],[-171.86018,-9.1605],[-171.86018,-9.16041],[-171.86035,-9.16041],[-171.86035,-9.16032]]],[[[-171.86009,-9.15961],[-171.86009,-9.15988],[-171.86,-9.15988],[-171.86,-9.15997],[-171.85991,-9.15997],[-171.85991,-9.16014],[-171.85982,-9.16014],[-171.85982,-9.16023],[-171.85955,-9.16023],[-171.85955,-9.16032],[-171.85937,-9.16032],[-171.85928,-9.16032],[-171.85928,-9.16023],[-171.85919,-9.16023],[-171.85919,-9.16005],[-171.85919,-9.15997],[-171.8591,-9.15997],[-171.8591,-9.15988],[-171.8591,-9.15979],[-171.85908,-9.15954],[-171.85903,-9.1595],[-171.85899,-9.15901],[-171.85894,-9.15897],[-171.8589,-9.15874],[-171.85885,-9.15871],[-171.85881,-9.15848],[-171.85876,-9.15844],[-171.85872,-9.15812],[-171.85867,-9.15808],[-171.85863,-9.15786],[-171.85858,-9.15782],[-171.85854,-9.1575],[-171.85849,-9.15746],[-171.85845,-9.15723],[-171.8584,-9.1572],[-171.85836,-9.15688],[-171.85831,-9.15684],[-171.85827,-9.15661],[-171.85822,-9.15658],[-171.85818,-9.15635],[-171.85813,-9.15631],[-171.85809,-9.15582],[-171.858,-9.15575],[-171.85809,-9.15569],[-171.85813,-9.15564],[-171.85818,-9.1556],[-171.8582,-9.15553],[-171.85811,-9.15553],[-171.85811,-9.15535],[-171.85802,-9.15535],[-171.85802,-9.15509],[-171.85793,-9.15509],[-171.85793,-9.15447],[-171.85784,-9.15447],[-171.85784,-9.15331],[-171.85775,-9.15331],[-171.85775,-9.15278],[-171.85784,-9.15278],[-171.85784,-9.15234],[-171.85793,-9.15234],[-171.85793,-9.15154],[-171.85802,-9.15154],[-171.85802,-9.15145],[-171.85802,-9.15127],[-171.85811,-9.15127],[-171.85811,-9.15092],[-171.85811,-9.15083],[-171.8582,-9.15083],[-171.8582,-9.15065],[-171.85847,-9.15065],[-171.85849,-9.15049],[-171.85854,-9.15046],[-171.85858,-9.15032],[-171.85867,-9.15025],[-171.85858,-9.15019],[-171.85854,-9.14996],[-171.85849,-9.14993],[-171.85847,-9.14968],[-171.85838,-9.14968],[-171.85838,-9.14959],[-171.85847,-9.14959],[-171.85847,-9.14915],[-171.85838,-9.14915],[-171.85838,-9.14861],[-171.85829,-9.14861],[-171.85829,-9.14844],[-171.85838,-9.14844],[-171.85838,-9.14737],[-171.85829,-9.14737],[-171.85829,-9.14675],[-171.8582,-9.14675],[-171.8582,-9.14648],[-171.85811,-9.14648],[-171.85811,-9.14631],[-171.85802,-9.14631],[-171.85802,-9.14613],[-171.85793,-9.14613],[-171.85793,-9.14578],[-171.85802,-9.14578],[-171.85802,-9.14551],[-171.85811,-9.14551],[-171.85811,-9.14489],[-171.85802,-9.14489],[-171.85802,-9.14462],[-171.85793,-9.14462],[-171.85793,-9.14444],[-171.85802,-9.14444],[-171.85802,-9.14374],[-171.85793,-9.14374],[-171.85793,-9.14365],[-171.85784,-9.14365],[-171.85775,-9.14365],[-171.85775,-9.14356],[-171.85766,-9.14356],[-171.85766,-9.14276],[-171.85775,-9.14276],[-171.85775,-9.14241],[-171.85784,-9.14241],[-171.85784,-9.14214],[-171.85793,-9.14214],[-171.85793,-9.14196],[-171.85802,-9.14196],[-171.85802,-9.14178],[-171.85811,-9.14178],[-171.85811,-9.1417],[-171.85811,-9.14152],[-171.8582,-9.14152],[-171.8582,-9.14107],[-171.85829,-9.14107],[-171.85829,-9.14099],[-171.85829,-9.14054],[-171.85829,-9.14001],[-171.85838,-9.14001],[-171.85838,-9.13983],[-171.85847,-9.13983],[-171.85847,-9.13921],[-171.85856,-9.13921],[-171.85856,-9.13895],[-171.85865,-9.13895],[-171.85865,-9.13877],[-171.85883,-9.13877],[-171.85883,-9.13868],[-171.85892,-9.13868],[-171.85892,-9.13859],[-171.85901,-9.13859],[-171.85901,-9.1385],[-171.85901,-9.13841],[-171.85901,-9.13824],[-171.8591,-9.13824],[-171.8591,-9.13815],[-171.85919,-9.13815],[-171.85919,-9.13806],[-171.85928,-9.13806],[-171.85928,-9.13797],[-171.85937,-9.13797],[-171.85937,-9.13762],[-171.85937,-9.13753],[-171.85928,-9.13753],[-171.85928,-9.13735],[-171.85937,-9.13735],[-171.85937,-9.13726],[-171.85928,-9.13726],[-171.85928,-9.13708],[-171.85937,-9.13708],[-171.85937,-9.13691],[-171.85937,-9.13682],[-171.85946,-9.13682],[-171.85946,-9.13673],[-171.85955,-9.13673],[-171.85955,-9.13664],[-171.85955,-9.13655],[-171.85964,-9.13655],[-171.85964,-9.13646],[-171.85955,-9.13646],[-171.85955,-9.13637],[-171.85946,-9.13637],[-171.85946,-9.1362],[-171.85939,-9.13618],[-171.85935,-9.13604],[-171.85926,-9.13597],[-171.85935,-9.13591],[-171.85937,-9.13584],[-171.85919,-9.13584],[-171.85919,-9.13558],[-171.85928,-9.13558],[-171.85928,-9.13549],[-171.85937,-9.13549],[-171.85937,-9.1354],[-171.85946,-9.1354],[-171.85946,-9.13513],[-171.85946,-9.13478],[-171.85937,-9.13478],[-171.85937,-9.1346],[-171.85946,-9.1346],[-171.85946,-9.13451],[-171.85955,-9.13451],[-171.85955,-9.13433],[-171.85964,-9.13433],[-171.85964,-9.13425],[-171.85973,-9.13425],[-171.8597,-9.13365],[-171.85966,-9.1336],[-171.85961,-9.13347],[-171.85957,-9.13343],[-171.85952,-9.13316],[-171.85961,-9.13307],[-171.85966,-9.13294],[-171.85979,-9.13289],[-171.85984,-9.13276],[-171.85988,-9.13272],[-171.85993,-9.13267],[-171.85997,-9.13263],[-171.86002,-9.13258],[-171.86006,-9.13254],[-171.86011,-9.13249],[-171.86015,-9.13245],[-171.86024,-9.13236],[-171.86029,-9.1328],[-171.86033,-9.13285],[-171.86038,-9.13365],[-171.86029,-9.13373],[-171.86024,-9.13387],[-171.8602,-9.13391],[-171.86015,-9.13409],[-171.86024,-9.13418],[-171.86029,-9.13542],[-171.8602,-9.13551],[-171.86015,-9.13573],[-171.86011,-9.13577],[-171.86006,-9.13609],[-171.86002,-9.13613],[-171.85997,-9.13644],[-171.85993,-9.13648],[-171.85988,-9.13706],[-171.85984,-9.13711],[-171.85979,-9.13786],[-171.85975,-9.1379],[-171.8597,-9.13848],[-171.85966,-9.13852],[-171.85961,-9.1391],[-171.85957,-9.13915],[-171.85955,-9.13939],[-171.85955,-9.13948],[-171.85964,-9.13948],[-171.85964,-9.14001],[-171.85955,-9.14001],[-171.85955,-9.14072],[-171.85946,-9.14072],[-171.85946,-9.1409],[-171.85937,-9.1409],[-171.85937,-9.14116],[-171.85928,-9.14116],[-171.85928,-9.14152],[-171.85934,-9.1415],[-171.85943,-9.14141],[-171.85948,-9.14167],[-171.85957,-9.14176],[-171.85951,-9.14189],[-171.85939,-9.14185],[-171.85934,-9.14172],[-171.85928,-9.1417],[-171.85928,-9.14232],[-171.85946,-9.14232],[-171.85946,-9.14241],[-171.85955,-9.14241],[-171.85955,-9.14276],[-171.85946,-9.14276],[-171.85946,-9.14294],[-171.85946,-9.14329],[-171.85946,-9.14427],[-171.85946,-9.14524],[-171.85937,-9.14524],[-171.85937,-9.14728],[-171.85946,-9.14728],[-171.85946,-9.14808],[-171.85946,-9.14915],[-171.85937,-9.14915],[-171.85937,-9.14941],[-171.85946,-9.14941],[-171.85946,-9.14994],[-171.85955,-9.14994],[-171.85955,-9.15048],[-171.85964,-9.15048],[-171.85964,-9.15181],[-171.85955,-9.15181],[-171.85955,-9.15198],[-171.85955,-9.15207],[-171.85955,-9.15278],[-171.85946,-9.15278],[-171.85946,-9.15296],[-171.85946,-9.15367],[-171.85955,-9.15367],[-171.85955,-9.15385],[-171.85964,-9.15385],[-171.85964,-9.15402],[-171.85973,-9.15402],[-171.85973,-9.1542],[-171.85973,-9.15447],[-171.85964,-9.15447],[-171.85964,-9.155],[-171.85973,-9.155],[-171.85973,-9.15509],[-171.85973,-9.15518],[-171.85979,-9.1552],[-171.85984,-9.15524],[-171.85988,-9.15529],[-171.85993,-9.15533],[-171.85997,-9.15537],[-171.86002,-9.15542],[-171.86006,-9.15546],[-171.86011,-9.15613],[-171.86015,-9.15617],[-171.8602,-9.1564],[-171.86027,-9.15646],[-171.8602,-9.15653],[-171.86015,-9.15666],[-171.86006,-9.15674],[-171.86011,-9.15711],[-171.8602,-9.15719],[-171.86014,-9.15741],[-171.86006,-9.15733],[-171.85991,-9.1573],[-171.85991,-9.15748],[-171.86,-9.15748],[-171.86,-9.15819],[-171.86009,-9.15819],[-171.86009,-9.15934],[-171.86018,-9.15934],[-171.86018,-9.15961],[-171.86009,-9.15961]]],[[[-171.8041,-9.22853],[-171.80405,-9.22849],[-171.80401,-9.22835],[-171.80396,-9.22832],[-171.80392,-9.22818],[-171.80387,-9.22814],[-171.80383,-9.22791],[-171.80378,-9.22787],[-171.80374,-9.22764],[-171.80369,-9.22761],[-171.80365,-9.2272],[-171.80425,-9.22716],[-171.80432,-9.22725],[-171.80437,-9.22729],[-171.80441,-9.22734],[-171.80446,-9.22738],[-171.8045,-9.22761],[-171.80455,-9.22764],[-171.80459,-9.22805],[-171.80468,-9.22811],[-171.80459,-9.22818],[-171.80455,-9.22829],[-171.80468,-9.22838],[-171.80459,-9.22844],[-171.80455,-9.22849],[-171.8045,-9.22853],[-171.80446,-9.22858],[-171.80412,-9.2286],[-171.8041,-9.22853]]],[[[-171.77683,-9.22641],[-171.77688,-9.22636],[-171.77692,-9.22632],[-171.77706,-9.22627],[-171.7771,-9.22623],[-171.77715,-9.22619],[-171.77723,-9.2261],[-171.77728,-9.22635],[-171.7771,-9.22641],[-171.77706,-9.22645],[-171.77681,-9.22647],[-171.77683,-9.22641]]],[[[-171.78982,-9.22977],[-171.78977,-9.22974],[-171.78973,-9.2296],[-171.78968,-9.22956],[-171.78964,-9.22942],[-171.78959,-9.22938],[-171.78955,-9.22924],[-171.7895,-9.2292],[-171.78946,-9.22897],[-171.78941,-9.22894],[-171.78937,-9.22882],[-171.78946,-9.22876],[-171.7895,-9.22862],[-171.78982,-9.22858],[-171.78988,-9.2285],[-171.78995,-9.22858],[-171.79,-9.22862],[-171.79004,-9.22867],[-171.79009,-9.22871],[-171.79013,-9.22894],[-171.79018,-9.22897],[-171.79022,-9.22953],[-171.79013,-9.2296],[-171.79009,-9.22982],[-171.79004,-9.22986],[-171.79,-9.22991],[-171.78984,-9.22993],[-171.78982,-9.22977]]],[[[-171.80311,-9.22906],[-171.80306,-9.22903],[-171.80302,-9.22897],[-171.80297,-9.22894],[-171.80293,-9.2288],[-171.80288,-9.22876],[-171.80284,-9.22853],[-171.80279,-9.22849],[-171.80275,-9.22818],[-171.8027,-9.22814],[-171.80266,-9.22791],[-171.80261,-9.22787],[-171.80257,-9.22764],[-171.80252,-9.22761],[-171.80248,-9.22748],[-171.80266,-9.22743],[-171.80273,-9.22734],[-171.80279,-9.22743],[-171.80284,-9.22747],[-171.80288,-9.22752],[-171.80293,-9.22756],[-171.80297,-9.22761],[-171.80302,-9.22764],[-171.80306,-9.22779],[-171.80311,-9.22782],[-171.80315,-9.22805],[-171.8032,-9.22809],[-171.80324,-9.22823],[-171.80329,-9.22827],[-171.80333,-9.22858],[-171.80338,-9.22862],[-171.80342,-9.22902],[-171.80324,-9.22906],[-171.8032,-9.22912],[-171.80313,-9.22913],[-171.80311,-9.22906]]],[[[-171.81715,-9.22337],[-171.81742,-9.22337],[-171.81742,-9.22346],[-171.81751,-9.22346],[-171.81751,-9.22355],[-171.81759,-9.22355],[-171.81759,-9.22381],[-171.81759,-9.2239],[-171.81768,-9.2239],[-171.81768,-9.22443],[-171.81759,-9.22443],[-171.81759,-9.22461],[-171.81751,-9.22461],[-171.81751,-9.22479],[-171.81742,-9.22479],[-171.81742,-9.22488],[-171.81733,-9.22488],[-171.81733,-9.22497],[-171.81715,-9.22497],[-171.81715,-9.22505],[-171.8167,-9.22505],[-171.8167,-9.22497],[-171.81652,-9.22497],[-171.81634,-9.22497],[-171.81634,-9.22488],[-171.81625,-9.22488],[-171.81625,-9.22479],[-171.81616,-9.22479],[-171.81616,-9.22461],[-171.81607,-9.22461],[-171.81607,-9.2239],[-171.81616,-9.2239],[-171.81616,-9.22381],[-171.81634,-9.22381],[-171.81634,-9.22372],[-171.81652,-9.22372],[-171.81652,-9.22364],[-171.8167,-9.22364],[-171.8167,-9.22355],[-171.81688,-9.22355],[-171.81688,-9.22346],[-171.81715,-9.22346],[-171.81715,-9.22337]]],[[[-171.77349,-9.21929],[-171.77358,-9.21929],[-171.77358,-9.21938],[-171.77358,-9.21956],[-171.7736,-9.21963],[-171.77365,-9.21966],[-171.77369,-9.2198],[-171.77377,-9.21987],[-171.77369,-9.21993],[-171.77365,-9.22007],[-171.7736,-9.22011],[-171.77356,-9.22025],[-171.77351,-9.22029],[-171.77347,-9.22034],[-171.77342,-9.22037],[-171.77338,-9.22043],[-171.77333,-9.22046],[-171.77329,-9.22051],[-171.77324,-9.22055],[-171.7732,-9.2206],[-171.77315,-9.22064],[-171.77311,-9.22069],[-171.77297,-9.22073],[-171.77293,-9.22087],[-171.77279,-9.22091],[-171.77275,-9.22096],[-171.77246,-9.22099],[-171.77239,-9.22091],[-171.77234,-9.22087],[-171.7723,-9.22082],[-171.77225,-9.22078],[-171.77221,-9.22064],[-171.77216,-9.2206],[-171.77212,-9.22055],[-171.77207,-9.22051],[-171.77203,-9.2204],[-171.77212,-9.22034],[-171.77216,-9.22029],[-171.7723,-9.22025],[-171.77234,-9.2202],[-171.77248,-9.22016],[-171.77252,-9.22011],[-171.77257,-9.22007],[-171.77261,-9.22002],[-171.77275,-9.21998],[-171.77279,-9.21984],[-171.77284,-9.2198],[-171.77288,-9.21975],[-171.77293,-9.21972],[-171.77297,-9.21966],[-171.77311,-9.21963],[-171.77315,-9.21958],[-171.77338,-9.21954],[-171.7734,-9.21947],[-171.7734,-9.21938],[-171.77349,-9.21938],[-171.77349,-9.21929]]],[[[-171.80879,-9.22594],[-171.80906,-9.22594],[-171.80933,-9.22594],[-171.80951,-9.22594],[-171.80951,-9.22621],[-171.8096,-9.22621],[-171.8096,-9.22709],[-171.80951,-9.22709],[-171.80951,-9.22718],[-171.80915,-9.22718],[-171.80915,-9.22709],[-171.80897,-9.22709],[-171.80897,-9.22701],[-171.80888,-9.22701],[-171.80888,-9.22692],[-171.80879,-9.22692],[-171.80879,-9.22683],[-171.8087,-9.22683],[-171.8087,-9.22665],[-171.80861,-9.22665],[-171.80861,-9.22603],[-171.80879,-9.22603],[-171.80879,-9.22594]]],[[[-171.77832,-9.2249],[-171.77823,-9.22482],[-171.7784,-9.22477],[-171.77863,-9.22482],[-171.77854,-9.2249],[-171.7785,-9.22495],[-171.77834,-9.22497],[-171.77832,-9.2249]]]]},"properties":{"area_code":"TK-NUK","area_name":"Nukunonu","boundary_source_name":"geoBoundaries TKL ADM0 (land-cover), longitude-clustered to atoll","area_unit_id":"tk-atoll-2022-geoboundaries-adm0-split:TK-NUK","boundary_set_id":"tk-atoll-2022-geoboundaries-adm0-split","boundary_level":"atoll","boundary_vintage":"2022","boundary_source":"geoBoundaries TKL ADM0; Sentinel-2 10m Land Cover raster-to-polygon dissolve","boundary_licence":"CC BY 4.0","land_area_sq_km":3.6000769150658978}},
{"type":"Feature","geometry":{"type":"MultiPolygon","coordinates":[[[[-171.19731,-9.39553],[-171.19803,-9.39553],[-171.19803,-9.39561],[-171.19839,-9.39561],[-171.19839,-9.3957],[-171.19866,-9.3957],[-171.19866,-9.39579],[-171.19911,-9.39579],[-171.19928,-9.39579],[-171.19928,-9.39588],[-171.19946,-9.39588],[-171.19946,-9.39597],[-171.19946,-9.39606],[-171.19946,-9.39615],[-171.19919,-9.39615],[-171.19919,-9.39623],[-171.19911,-9.39623],[-171.19884,-9.39623],[-171.19884,-9.39632],[-171.19839,-9.39632],[-171.19839,-9.3965],[-171.1983,-9.3965],[-171.19794,-9.3965],[-171.19794,-9.39659],[-171.19776,-9.39659],[-171.19776,-9.3965],[-171.19758,-9.3965],[-171.19758,-9.39641],[-171.19749,-9.39641],[-171.19749,-9.39623],[-171.1974,-9.39623],[-171.1974,-9.39615],[-171.19731,-9.39615],[-171.19731,-9.39597],[-171.19722,-9.39597],[-171.19722,-9.3957],[-171.19731,-9.3957],[-171.19731,-9.39553]]],[[[-171.23737,-9.39428],[-171.23764,-9.39428],[-171.23764,-9.39437],[-171.23782,-9.39437],[-171.23791,-9.39437],[-171.23791,-9.39446],[-171.238,-9.39446],[-171.238,-9.39455],[-171.23807,-9.39457],[-171.23811,-9.39462],[-171.23816,-9.39466],[-171.2382,-9.39471],[-171.23825,-9.39475],[-171.23829,-9.39489],[-171.23834,-9.39492],[-171.23838,-9.39506],[-171.23847,-9.39513],[-171.23838,-9.39519],[-171.23834,-9.39533],[-171.23818,-9.39535],[-171.23809,-9.39535],[-171.23809,-9.39544],[-171.23791,-9.39544],[-171.23791,-9.39553],[-171.23773,-9.39553],[-171.23773,-9.39544],[-171.23764,-9.39544],[-171.23746,-9.39544],[-171.23746,-9.39535],[-171.23719,-9.39535],[-171.23719,-9.39526],[-171.23701,-9.39526],[-171.23701,-9.39517],[-171.23683,-9.39517],[-171.23683,-9.39508],[-171.23674,-9.39508],[-171.23674,-9.39499],[-171.23665,-9.39499],[-171.23665,-9.39482],[-171.23656,-9.39482],[-171.23656,-9.39464],[-171.23665,-9.39464],[-171.23665,-9.39455],[-171.23692,-9.39455],[-171.23692,-9.39446],[-171.23701,-9.39446],[-171.23719,-9.39446],[-171.23719,-9.39437],[-171.23737,-9.39437],[-171.23737,-9.39428]]],[[[-171.1974,-9.39765],[-171.19776,-9.39765],[-171.19776,-9.39774],[-171.19794,-9.39774],[-171.19794,-9.39783],[-171.19803,-9.39783],[-171.19803,-9.39792],[-171.19839,-9.39792],[-171.19839,-9.39801],[-171.19857,-9.39801],[-171.19857,-9.3981],[-171.19875,-9.3981],[-171.19875,-9.39818],[-171.19893,-9.39818],[-171.19893,-9.39827],[-171.19911,-9.39827],[-171.19911,-9.39836],[-171.19928,-9.39836],[-171.19928,-9.39845],[-171.19937,-9.39845],[-171.19946,-9.39845],[-171.19946,-9.39854],[-171.19955,-9.39854],[-171.19955,-9.39872],[-171.19964,-9.39872],[-171.19964,-9.3988],[-171.19973,-9.3988],[-171.19973,-9.39898],[-171.19982,-9.39898],[-171.19982,-9.3988],[-171.19991,-9.3988],[-171.19991,-9.39898],[-171.2,-9.39898],[-171.2,-9.39951],[-171.19991,-9.39951],[-171.19991,-9.39978],[-171.19982,-9.39978],[-171.19982,-9.39969],[-171.19964,-9.39969],[-171.19964,-9.39978],[-171.19955,-9.39978],[-171.19928,-9.39978],[-171.19928,-9.39969],[-171.19902,-9.39969],[-171.19902,-9.3996],[-171.19866,-9.3996],[-171.19866,-9.39951],[-171.19812,-9.39951],[-171.19812,-9.39942],[-171.19776,-9.39942],[-171.19758,-9.39942],[-171.19758,-9.39934],[-171.19749,-9.39934],[-171.19749,-9.39907],[-171.1974,-9.39907],[-171.1974,-9.3988],[-171.1974,-9.39836],[-171.1974,-9.39801],[-171.19731,-9.39801],[-171.19731,-9.39774],[-171.1974,-9.39774],[-171.1974,-9.39765]]],[[[-171.23502,-9.39586],[-171.23506,-9.39581],[-171.23529,-9.39577],[-171.23535,-9.39568],[-171.23542,-9.39577],[-171.23556,-9.39581],[-171.2356,-9.39586],[-171.23567,-9.39588],[-171.2357,-9.39577],[-171.23578,-9.39586],[-171.23592,-9.3959],[-171.23596,-9.39595],[-171.23609,-9.39599],[-171.23614,-9.39604],[-171.23618,-9.39608],[-171.23623,-9.39612],[-171.23627,-9.39617],[-171.23632,-9.3963],[-171.23636,-9.39634],[-171.23641,-9.39639],[-171.23645,-9.39643],[-171.2365,-9.39657],[-171.23654,-9.39661],[-171.23659,-9.39666],[-171.23663,-9.3967],[-171.23665,-9.39677],[-171.23674,-9.39677],[-171.23674,-9.39694],[-171.23665,-9.39694],[-171.23665,-9.39703],[-171.23656,-9.39703],[-171.23656,-9.39712],[-171.23647,-9.39712],[-171.23647,-9.39721],[-171.23639,-9.39721],[-171.23639,-9.3973],[-171.23621,-9.3973],[-171.23621,-9.39721],[-171.23594,-9.39721],[-171.23594,-9.39712],[-171.23585,-9.39712],[-171.23585,-9.39703],[-171.23576,-9.39703],[-171.23576,-9.39694],[-171.23567,-9.39694],[-171.23567,-9.39677],[-171.23558,-9.39677],[-171.23558,-9.39668],[-171.23549,-9.39668],[-171.23549,-9.39659],[-171.2354,-9.39659],[-171.2354,-9.39641],[-171.23531,-9.39641],[-171.23531,-9.39632],[-171.23513,-9.39632],[-171.23513,-9.39615],[-171.23506,-9.39613],[-171.23502,-9.39599],[-171.23493,-9.39592],[-171.23502,-9.39586]]],[[[-171.19738,-9.39124],[-171.1975,-9.39114],[-171.19742,-9.39107],[-171.1974,-9.39101],[-171.1974,-9.39065],[-171.19758,-9.39065],[-171.19819,-9.39067],[-171.19823,-9.39081],[-171.19831,-9.39087],[-171.19823,-9.39094],[-171.19819,-9.39099],[-171.19796,-9.39103],[-171.19792,-9.39107],[-171.19778,-9.39111],[-171.19774,-9.39116],[-171.1976,-9.3912],[-171.19752,-9.39129],[-171.19738,-9.39124]]],[[[-171.20063,-9.38852],[-171.20063,-9.38843],[-171.20081,-9.38843],[-171.20081,-9.38852],[-171.20063,-9.38852]]],[[[-171.19756,-9.39315],[-171.19748,-9.39309],[-171.19756,-9.39302],[-171.1976,-9.39298],[-171.19765,-9.39293],[-171.19772,-9.39285],[-171.19776,-9.39295],[-171.19785,-9.39295],[-171.1983,-9.39295],[-171.1983,-9.39313],[-171.19839,-9.39313],[-171.19839,-9.39322],[-171.19893,-9.39322],[-171.19893,-9.39313],[-171.19955,-9.39313],[-171.19955,-9.39304],[-171.19991,-9.39304],[-171.19991,-9.39295],[-171.20018,-9.39295],[-171.20027,-9.39295],[-171.20036,-9.39295],[-171.20036,-9.39287],[-171.20045,-9.39287],[-171.20045,-9.39304],[-171.20036,-9.39304],[-171.20036,-9.39313],[-171.20027,-9.39313],[-171.20027,-9.39322],[-171.20009,-9.39322],[-171.2,-9.39322],[-171.2,-9.39331],[-171.19955,-9.39331],[-171.19955,-9.3934],[-171.19928,-9.3934],[-171.19928,-9.39349],[-171.19857,-9.39349],[-171.19857,-9.39358],[-171.19848,-9.39358],[-171.19823,-9.3936],[-171.19819,-9.39364],[-171.19805,-9.39368],[-171.19801,-9.39373],[-171.1977,-9.39377],[-171.19765,-9.3936],[-171.1976,-9.39355],[-171.19756,-9.39315]]],[[[-171.19928,-9.39171],[-171.19955,-9.39171],[-171.19955,-9.3918],[-171.19973,-9.3918],[-171.19973,-9.39189],[-171.19998,-9.39191],[-171.20002,-9.39214],[-171.20011,-9.3922],[-171.20002,-9.39226],[-171.19998,-9.39232],[-171.19993,-9.39235],[-171.19989,-9.3924],[-171.19982,-9.39242],[-171.19982,-9.39251],[-171.19973,-9.39251],[-171.19964,-9.39251],[-171.19964,-9.3926],[-171.19955,-9.3926],[-171.19955,-9.39269],[-171.19937,-9.39269],[-171.19937,-9.39278],[-171.19866,-9.39278],[-171.19866,-9.39287],[-171.19857,-9.39287],[-171.19827,-9.39284],[-171.19836,-9.39276],[-171.19839,-9.39269],[-171.1983,-9.39269],[-171.1983,-9.39242],[-171.1983,-9.39225],[-171.19812,-9.39225],[-171.19776,-9.39225],[-171.19776,-9.39233],[-171.19758,-9.39233],[-171.19758,-9.39189],[-171.19767,-9.39189],[-171.19776,-9.39189],[-171.19821,-9.39189],[-171.19857,-9.39189],[-171.19875,-9.39189],[-171.19875,-9.3918],[-171.19919,-9.3918],[-171.19928,-9.3918],[-171.19928,-9.39171]]],[[[-171.19857,-9.40678],[-171.19848,-9.40678],[-171.19848,-9.40589],[-171.19857,-9.40589],[-171.19857,-9.40625],[-171.19866,-9.40625],[-171.19866,-9.40634],[-171.19875,-9.40634],[-171.19875,-9.40643],[-171.19893,-9.40643],[-171.19893,-9.40651],[-171.19911,-9.40651],[-171.19911,-9.4066],[-171.19937,-9.4066],[-171.19937,-9.40678],[-171.19928,-9.40678],[-171.19928,-9.40696],[-171.19919,-9.40696],[-171.19919,-9.40705],[-171.19875,-9.40705],[-171.19875,-9.40687],[-171.19857,-9.40687],[-171.19857,-9.40678]]],[[[-171.19643,-9.40641],[-171.19639,-9.40558],[-171.19648,-9.40552],[-171.19652,-9.40529],[-171.19657,-9.40526],[-171.19661,-9.4052],[-171.19681,-9.40517],[-171.19688,-9.40526],[-171.19704,-9.40527],[-171.19731,-9.40527],[-171.19731,-9.40536],[-171.19767,-9.40536],[-171.19767,-9.40545],[-171.19785,-9.40545],[-171.19785,-9.40554],[-171.19803,-9.40554],[-171.19803,-9.40563],[-171.19812,-9.40563],[-171.19812,-9.40581],[-171.19821,-9.40581],[-171.19821,-9.40589],[-171.1983,-9.40589],[-171.1983,-9.40651],[-171.19821,-9.40651],[-171.19821,-9.4066],[-171.19794,-9.4066],[-171.19794,-9.40651],[-171.19749,-9.40651],[-171.19749,-9.40643],[-171.19713,-9.40643],[-171.19661,-9.40644],[-171.19654,-9.40653],[-171.19648,-9.40644],[-171.19643,-9.40641]]],[[[-171.1963,-9.40738],[-171.19634,-9.40689],[-171.19639,-9.40685],[-171.19644,-9.40667],[-171.19652,-9.40676],[-171.19675,-9.4068],[-171.19679,-9.40685],[-171.19711,-9.40689],[-171.19715,-9.40694],[-171.19729,-9.40698],[-171.19731,-9.40705],[-171.19758,-9.40705],[-171.19758,-9.40714],[-171.19767,-9.40714],[-171.19767,-9.40722],[-171.19776,-9.40722],[-171.19776,-9.40731],[-171.19785,-9.40731],[-171.19785,-9.4074],[-171.19803,-9.4074],[-171.19812,-9.4074],[-171.19812,-9.40731],[-171.19821,-9.40731],[-171.19821,-9.40722],[-171.19839,-9.40722],[-171.19839,-9.40731],[-171.19857,-9.40731],[-171.19857,-9.4074],[-171.19866,-9.4074],[-171.19866,-9.40749],[-171.19875,-9.40749],[-171.19875,-9.40767],[-171.19884,-9.40767],[-171.19884,-9.40784],[-171.19875,-9.40784],[-171.19875,-9.40811],[-171.19866,-9.40811],[-171.19866,-9.4082],[-171.19857,-9.4082],[-171.19857,-9.40838],[-171.19848,-9.40838],[-171.19848,-9.40855],[-171.19839,-9.40855],[-171.19839,-9.40891],[-171.19848,-9.40891],[-171.19848,-9.40908],[-171.19839,-9.40908],[-171.19839,-9.40935],[-171.19857,-9.40935],[-171.19857,-9.40944],[-171.19866,-9.40944],[-171.19866,-9.40953],[-171.19875,-9.40953],[-171.19875,-9.40971],[-171.19866,-9.40971],[-171.19866,-9.40979],[-171.1983,-9.40979],[-171.19821,-9.40979],[-171.19821,-9.40988],[-171.19794,-9.40988],[-171.19792,-9.40995],[-171.19724,-9.40999],[-171.19717,-9.41008],[-171.19708,-9.40995],[-171.19697,-9.40999],[-171.19693,-9.41004],[-171.1965,-9.41006],[-171.19634,-9.41004],[-171.1963,-9.40999],[-171.19625,-9.40995],[-171.19621,-9.4099],[-171.19616,-9.40986],[-171.19612,-9.40834],[-171.19621,-9.40827],[-171.19625,-9.40742],[-171.1963,-9.40738]]],[[[-171.22543,-9.40589],[-171.22614,-9.40589],[-171.22614,-9.40607],[-171.2265,-9.40607],[-171.2265,-9.40616],[-171.22677,-9.40616],[-171.22677,-9.40625],[-171.22695,-9.40625],[-171.22695,-9.40634],[-171.22704,-9.40634],[-171.22704,-9.40643],[-171.22713,-9.40643],[-171.22713,-9.40651],[-171.22722,-9.40651],[-171.22722,-9.40687],[-171.22713,-9.40687],[-171.22713,-9.40696],[-171.22695,-9.40696],[-171.22695,-9.40705],[-171.22659,-9.40705],[-171.22659,-9.40749],[-171.2265,-9.40749],[-171.2265,-9.40758],[-171.22596,-9.40758],[-171.22596,-9.40749],[-171.22587,-9.40749],[-171.22587,-9.4074],[-171.2257,-9.4074],[-171.2257,-9.40731],[-171.22561,-9.40731],[-171.22561,-9.40722],[-171.22552,-9.40722],[-171.22552,-9.40714],[-171.22543,-9.40714],[-171.22543,-9.40696],[-171.22534,-9.40696],[-171.22534,-9.40687],[-171.22525,-9.40687],[-171.22525,-9.40669],[-171.22516,-9.40669],[-171.22516,-9.4066],[-171.22507,-9.4066],[-171.22507,-9.40634],[-171.22516,-9.40634],[-171.22516,-9.40625],[-171.22525,-9.40625],[-171.22525,-9.40616],[-171.22534,-9.40616],[-171.22534,-9.40607],[-171.22543,-9.40607],[-171.22543,-9.40589]]],[[[-171.23369,-9.39898],[-171.23369,-9.39889],[-171.2336,-9.39889],[-171.23351,-9.39889],[-171.23351,-9.39872],[-171.23353,-9.39856],[-171.23382,-9.39852],[-171.23389,-9.39861],[-171.23394,-9.39865],[-171.23398,-9.3987],[-171.23407,-9.39876],[-171.23398,-9.39882],[-171.23394,-9.39887],[-171.23389,-9.39891],[-171.23385,-9.39896],[-171.23378,-9.39898],[-171.23369,-9.39898]]],[[[-171.23297,-9.3981],[-171.23297,-9.39801],[-171.23279,-9.39801],[-171.23279,-9.39792],[-171.23261,-9.39792],[-171.23261,-9.39783],[-171.23315,-9.39783],[-171.23315,-9.3981],[-171.23297,-9.3981]]],[[[-171.23165,-9.40118],[-171.23173,-9.40125],[-171.23162,-9.40129],[-171.23165,-9.40118]]],[[[-171.19794,-9.40067],[-171.19821,-9.40067],[-171.19821,-9.40084],[-171.1983,-9.40084],[-171.1983,-9.40093],[-171.19848,-9.40093],[-171.19848,-9.40102],[-171.19857,-9.40102],[-171.19857,-9.40111],[-171.19866,-9.40111],[-171.19866,-9.4012],[-171.19884,-9.4012],[-171.19902,-9.4012],[-171.19902,-9.40129],[-171.19919,-9.40129],[-171.19919,-9.40137],[-171.19928,-9.40137],[-171.19928,-9.40146],[-171.19928,-9.40191],[-171.19919,-9.40191],[-171.19919,-9.40235],[-171.19911,-9.40235],[-171.19911,-9.40244],[-171.19902,-9.40244],[-171.19902,-9.40253],[-171.19893,-9.40253],[-171.19893,-9.40262],[-171.19875,-9.40262],[-171.19848,-9.40262],[-171.19839,-9.40262],[-171.19839,-9.4027],[-171.19821,-9.4027],[-171.19821,-9.40279],[-171.19794,-9.40279],[-171.19794,-9.40288],[-171.19758,-9.40288],[-171.19758,-9.40297],[-171.19749,-9.40297],[-171.19749,-9.40341],[-171.1974,-9.40341],[-171.1974,-9.40359],[-171.19731,-9.40359],[-171.19731,-9.40368],[-171.19731,-9.40403],[-171.19758,-9.40403],[-171.19758,-9.40394],[-171.19767,-9.40394],[-171.19767,-9.40377],[-171.19767,-9.40368],[-171.19776,-9.40368],[-171.19785,-9.40368],[-171.19785,-9.40359],[-171.19803,-9.40359],[-171.19803,-9.4035],[-171.19812,-9.4035],[-171.19812,-9.40341],[-171.19848,-9.40341],[-171.19848,-9.40332],[-171.19875,-9.40332],[-171.19875,-9.40341],[-171.19882,-9.40339],[-171.19885,-9.40334],[-171.199,-9.40331],[-171.19903,-9.40325],[-171.19909,-9.40322],[-171.19915,-9.40313],[-171.19921,-9.40322],[-171.19927,-9.40325],[-171.1993,-9.40346],[-171.19921,-9.40352],[-171.19918,-9.40366],[-171.19912,-9.4037],[-171.19909,-9.40384],[-171.19903,-9.40387],[-171.199,-9.40393],[-171.19894,-9.40396],[-171.19891,-9.40401],[-171.19877,-9.40405],[-171.19875,-9.40386],[-171.19866,-9.40386],[-171.19866,-9.40394],[-171.19857,-9.40394],[-171.19857,-9.40403],[-171.19848,-9.40403],[-171.19848,-9.40412],[-171.19839,-9.40412],[-171.19839,-9.40421],[-171.1983,-9.40421],[-171.19821,-9.40421],[-171.19821,-9.4043],[-171.19803,-9.4043],[-171.19803,-9.40439],[-171.19794,-9.40439],[-171.19742,-9.40437],[-171.19738,-9.40432],[-171.19697,-9.40428],[-171.19693,-9.40423],[-171.19684,-9.40415],[-171.1972,-9.4041],[-171.19724,-9.40406],[-171.19679,-9.40401],[-171.19675,-9.40397],[-171.19661,-9.40392],[-171.19657,-9.40388],[-171.19652,-9.40383],[-171.19648,-9.40312],[-171.19657,-9.40304],[-171.19661,-9.40273],[-171.19666,-9.40268],[-171.1967,-9.40228],[-171.19675,-9.40224],[-171.19679,-9.40148],[-171.19684,-9.40144],[-171.19688,-9.40131],[-171.19711,-9.40126],[-171.19718,-9.40118],[-171.19722,-9.40129],[-171.19731,-9.40129],[-171.19731,-9.4012],[-171.19758,-9.4012],[-171.19758,-9.40111],[-171.19749,-9.40111],[-171.19749,-9.40093],[-171.1974,-9.40093],[-171.1974,-9.40084],[-171.19776,-9.40084],[-171.19794,-9.40084],[-171.19794,-9.40067]]],[[[-171.19333,-9.37791],[-171.19329,-9.37787],[-171.19325,-9.37774],[-171.19342,-9.37769],[-171.19347,-9.37764],[-171.1936,-9.3776],[-171.19365,-9.37755],[-171.19375,-9.37751],[-171.19383,-9.3776],[-171.19401,-9.37766],[-171.19392,-9.37773],[-171.19387,-9.37787],[-171.19374,-9.37791],[-171.19369,-9.37796],[-171.19356,-9.378],[-171.19351,-9.37804],[-171.19336,-9.37807],[-171.19333,-9.37791]]],[[[-171.19524,-9.37691],[-171.19524,-9.377],[-171.19506,-9.377],[-171.19506,-9.37691],[-171.19524,-9.37691]]],[[[-171.19558,-9.37902],[-171.19562,-9.37897],[-171.19567,-9.37893],[-171.19571,-9.37888],[-171.19594,-9.37884],[-171.19601,-9.37876],[-171.19616,-9.37881],[-171.19607,-9.37888],[-171.19603,-9.37902],[-171.19598,-9.37906],[-171.19594,-9.37911],[-171.19589,-9.37915],[-171.19585,-9.3792],[-171.19562,-9.37924],[-171.19558,-9.37929],[-171.19544,-9.37933],[-171.1954,-9.37937],[-171.19526,-9.37941],[-171.19519,-9.3795],[-171.19504,-9.37945],[-171.19513,-9.37937],[-171.19517,-9.37924],[-171.19524,-9.37922],[-171.19524,-9.37913],[-171.19533,-9.37913],[-171.19533,-9.37904],[-171.19542,-9.37904],[-171.19551,-9.37904],[-171.19558,-9.37902]]],[[[-171.19702,-9.37787],[-171.19706,-9.37782],[-171.1972,-9.37778],[-171.19726,-9.37769],[-171.19733,-9.37778],[-171.19749,-9.3778],[-171.19767,-9.3778],[-171.19767,-9.37807],[-171.19758,-9.37807],[-171.19758,-9.37789],[-171.19749,-9.37789],[-171.19747,-9.37822],[-171.19742,-9.37826],[-171.19738,-9.37831],[-171.19733,-9.37835],[-171.19729,-9.3784],[-171.19706,-9.37844],[-171.19702,-9.37849],[-171.1969,-9.37853],[-171.19684,-9.37844],[-171.19661,-9.3784],[-171.19657,-9.37809],[-171.19675,-9.37805],[-171.19679,-9.378],[-171.19693,-9.37796],[-171.19697,-9.37791],[-171.19702,-9.37787]]],[[[-171.19528,-9.37503],[-171.19594,-9.37507],[-171.19598,-9.37512],[-171.19621,-9.37516],[-171.19625,-9.37521],[-171.1963,-9.37525],[-171.19634,-9.3753],[-171.19639,-9.37534],[-171.19643,-9.37538],[-171.19648,-9.37543],[-171.19652,-9.37547],[-171.19657,-9.37552],[-171.19661,-9.37556],[-171.1967,-9.37564],[-171.19666,-9.37574],[-171.19661,-9.37578],[-171.19657,-9.37583],[-171.19652,-9.37587],[-171.19648,-9.37592],[-171.19643,-9.37596],[-171.19639,-9.37601],[-171.1963,-9.37609],[-171.19661,-9.37614],[-171.19657,-9.37627],[-171.19652,-9.37631],[-171.19648,-9.37636],[-171.19643,-9.3764],[-171.19639,-9.37645],[-171.19634,-9.37649],[-171.1963,-9.37654],[-171.19607,-9.37658],[-171.19603,-9.37663],[-171.1958,-9.37667],[-171.19572,-9.37676],[-171.19544,-9.37671],[-171.1954,-9.37667],[-171.19526,-9.37663],[-171.19522,-9.37658],[-171.19506,-9.37656],[-171.19479,-9.37656],[-171.19443,-9.37656],[-171.19434,-9.37656],[-171.19434,-9.37665],[-171.19425,-9.37665],[-171.19425,-9.37674],[-171.19407,-9.37674],[-171.19407,-9.37682],[-171.19389,-9.37682],[-171.19389,-9.37691],[-171.19363,-9.37691],[-171.19363,-9.377],[-171.19354,-9.377],[-171.19351,-9.37707],[-171.19347,-9.37711],[-171.19342,-9.37716],[-171.19338,-9.3772],[-171.19333,-9.37725],[-171.19329,-9.37729],[-171.19322,-9.37736],[-171.19316,-9.37729],[-171.19311,-9.37725],[-171.19307,-9.37711],[-171.19293,-9.37707],[-171.19289,-9.37702],[-171.19284,-9.37698],[-171.1928,-9.37676],[-171.19271,-9.37668],[-171.19289,-9.37663],[-171.19293,-9.37658],[-171.19309,-9.37656],[-171.19336,-9.37656],[-171.19345,-9.37656],[-171.19345,-9.37647],[-171.19363,-9.37647],[-171.19363,-9.37638],[-171.19372,-9.37638],[-171.19372,-9.3762],[-171.19372,-9.37612],[-171.19363,-9.37612],[-171.19363,-9.37603],[-171.19354,-9.37603],[-171.19354,-9.37594],[-171.19345,-9.37594],[-171.19345,-9.37567],[-171.19336,-9.37567],[-171.19336,-9.37541],[-171.19345,-9.37541],[-171.19345,-9.37532],[-171.19372,-9.37532],[-171.19372,-9.37541],[-171.1938,-9.37541],[-171.19398,-9.37541],[-171.19398,-9.37532],[-171.19416,-9.37532],[-171.19416,-9.37523],[-171.19443,-9.37523],[-171.19443,-9.37514],[-171.19515,-9.37514],[-171.19524,-9.37514],[-171.19528,-9.37503]]],[[[-171.19186,-9.37388],[-171.19194,-9.37396],[-171.19183,-9.37399],[-171.19186,-9.37388]]],[[[-171.19524,-9.37691],[-171.19527,-9.37681],[-171.19535,-9.37688],[-171.19524,-9.37691]]],[[[-171.25777,-9.37603],[-171.25785,-9.37603],[-171.25812,-9.37603],[-171.25812,-9.37612],[-171.25821,-9.37612],[-171.2583,-9.37612],[-171.2583,-9.37629],[-171.25837,-9.37627],[-171.25845,-9.37618],[-171.2585,-9.37636],[-171.25864,-9.3764],[-171.25868,-9.37645],[-171.25873,-9.37649],[-171.25877,-9.37654],[-171.25882,-9.37658],[-171.25886,-9.3768],[-171.25891,-9.37684],[-171.25895,-9.37716],[-171.25903,-9.37722],[-171.25895,-9.37729],[-171.25891,-9.37734],[-171.25868,-9.37738],[-171.25861,-9.37747],[-171.25855,-9.37729],[-171.2585,-9.37725],[-171.25848,-9.37709],[-171.25839,-9.37709],[-171.25839,-9.377],[-171.2583,-9.377],[-171.2583,-9.37691],[-171.25812,-9.37691],[-171.25812,-9.37682],[-171.25803,-9.37682],[-171.25803,-9.37674],[-171.25794,-9.37674],[-171.25794,-9.37656],[-171.25785,-9.37656],[-171.25785,-9.37647],[-171.25777,-9.37647],[-171.25777,-9.37638],[-171.25777,-9.37603]]],[[[-171.24959,-9.38418],[-171.24914,-9.38418],[-171.24914,-9.38409],[-171.24887,-9.38409],[-171.24887,-9.38418],[-171.24905,-9.38418],[-171.24905,-9.38427],[-171.24923,-9.38427],[-171.24923,-9.38436],[-171.24932,-9.38436],[-171.24932,-9.38445],[-171.2495,-9.38445],[-171.2495,-9.38454],[-171.24959,-9.38454],[-171.24959,-9.38507],[-171.2495,-9.38507],[-171.2495,-9.38516],[-171.24941,-9.38516],[-171.24941,-9.38533],[-171.24923,-9.38533],[-171.24923,-9.38542],[-171.24914,-9.38542],[-171.24914,-9.38586],[-171.24905,-9.38586],[-171.24905,-9.38595],[-171.24869,-9.38595],[-171.24869,-9.38604],[-171.2486,-9.38604],[-171.2486,-9.38613],[-171.24851,-9.38613],[-171.24851,-9.38622],[-171.24842,-9.38622],[-171.24842,-9.38631],[-171.24815,-9.38631],[-171.24815,-9.3864],[-171.24788,-9.3864],[-171.24788,-9.38631],[-171.24681,-9.38631],[-171.24681,-9.38622],[-171.24663,-9.38622],[-171.24663,-9.38613],[-171.24654,-9.38613],[-171.24654,-9.38604],[-171.24645,-9.38604],[-171.24645,-9.38578],[-171.24636,-9.38578],[-171.24636,-9.3856],[-171.24627,-9.3856],[-171.24627,-9.38551],[-171.24618,-9.38551],[-171.24618,-9.38498],[-171.24627,-9.38498],[-171.24627,-9.38489],[-171.24636,-9.38489],[-171.24636,-9.3848],[-171.24645,-9.3848],[-171.24645,-9.38471],[-171.24663,-9.38471],[-171.24663,-9.38454],[-171.24681,-9.38454],[-171.24681,-9.38445],[-171.2469,-9.38445],[-171.2469,-9.38436],[-171.24699,-9.38436],[-171.24699,-9.38427],[-171.24707,-9.38427],[-171.24707,-9.38409],[-171.24716,-9.38409],[-171.24716,-9.384],[-171.24725,-9.384],[-171.24725,-9.38391],[-171.24734,-9.38391],[-171.24734,-9.38383],[-171.24743,-9.38383],[-171.24743,-9.38374],[-171.24761,-9.38374],[-171.24761,-9.38383],[-171.2477,-9.38383],[-171.2477,-9.38391],[-171.24788,-9.38391],[-171.24788,-9.384],[-171.24797,-9.384],[-171.24797,-9.38409],[-171.24806,-9.38409],[-171.24806,-9.38418],[-171.24815,-9.38418],[-171.24815,-9.38427],[-171.24842,-9.38427],[-171.24842,-9.38391],[-171.24851,-9.38391],[-171.24851,-9.38374],[-171.2486,-9.38374],[-171.2486,-9.38356],[-171.24878,-9.38356],[-171.24878,-9.38347],[-171.24923,-9.38347],[-171.24923,-9.38356],[-171.24941,-9.38356],[-171.24941,-9.38374],[-171.24932,-9.38374],[-171.24932,-9.38391],[-171.2495,-9.38391],[-171.2495,-9.384],[-171.24959,-9.384],[-171.24959,-9.38418]]],[[[-171.19569,-9.38338],[-171.19614,-9.38338],[-171.19614,-9.38356],[-171.19605,-9.38356],[-171.19605,-9.38374],[-171.19596,-9.38374],[-171.19596,-9.38391],[-171.19587,-9.38391],[-171.19587,-9.38409],[-171.19569,-9.38409],[-171.19569,-9.38418],[-171.19551,-9.38418],[-171.19551,-9.38409],[-171.19542,-9.38409],[-171.19542,-9.38391],[-171.19533,-9.38391],[-171.19533,-9.38365],[-171.19524,-9.38365],[-171.19524,-9.38356],[-171.19542,-9.38356],[-171.19542,-9.38347],[-171.19569,-9.38347],[-171.19569,-9.38338]]],[[[-171.19711,-9.38527],[-171.19702,-9.38518],[-171.19738,-9.38513],[-171.19744,-9.38507],[-171.19769,-9.38509],[-171.1976,-9.38518],[-171.19756,-9.38522],[-171.19751,-9.38527],[-171.19747,-9.38531],[-171.19733,-9.38535],[-171.19729,-9.3854],[-171.19713,-9.38542],[-171.19711,-9.38527]]],[[[-171.24959,-9.38418],[-171.2497,-9.38421],[-171.24962,-9.38429],[-171.24959,-9.38418]]],[[[-171.25474,-9.37973],[-171.25482,-9.37981],[-171.25471,-9.37984],[-171.25474,-9.37973]]],[[[-171.19398,-9.37957],[-171.19383,-9.37955],[-171.19378,-9.37934],[-171.19405,-9.37928],[-171.1941,-9.37924],[-171.19441,-9.3792],[-171.19446,-9.37951],[-171.19437,-9.37959],[-171.19432,-9.37964],[-171.19419,-9.37968],[-171.19411,-9.37976],[-171.19387,-9.37972],[-171.19396,-9.37964],[-171.19398,-9.37957]]],[[[-171.19497,-9.38143],[-171.19497,-9.38134],[-171.19533,-9.38134],[-171.19533,-9.38143],[-171.1956,-9.38143],[-171.1956,-9.38152],[-171.19569,-9.38152],[-171.19605,-9.38152],[-171.19605,-9.38161],[-171.19596,-9.38161],[-171.19596,-9.38179],[-171.19578,-9.38179],[-171.19578,-9.38188],[-171.1956,-9.38188],[-171.19542,-9.38188],[-171.19542,-9.38197],[-171.19524,-9.38196],[-171.19524,-9.38188],[-171.19506,-9.38188],[-171.19506,-9.38179],[-171.19497,-9.38179],[-171.19497,-9.3817],[-171.19497,-9.38143]]],[[[-171.19812,-9.38072],[-171.19848,-9.38072],[-171.19848,-9.38081],[-171.19857,-9.38081],[-171.19857,-9.3809],[-171.19866,-9.3809],[-171.19872,-9.38088],[-171.19881,-9.38079],[-171.19886,-9.38106],[-171.1989,-9.3811],[-171.19895,-9.38128],[-171.19886,-9.38137],[-171.19881,-9.3815],[-171.19877,-9.38154],[-171.19872,-9.38159],[-171.19866,-9.38161],[-171.19857,-9.38161],[-171.19857,-9.3817],[-171.19839,-9.3817],[-171.19839,-9.38179],[-171.1983,-9.38179],[-171.1983,-9.38188],[-171.19812,-9.38188],[-171.19812,-9.38196],[-171.19776,-9.38196],[-171.19767,-9.38196],[-171.19758,-9.38196],[-171.1974,-9.38196],[-171.1974,-9.38205],[-171.19713,-9.38205],[-171.19713,-9.38214],[-171.19695,-9.38214],[-171.19695,-9.38223],[-171.19668,-9.38223],[-171.19668,-9.38232],[-171.19641,-9.38232],[-171.19641,-9.38241],[-171.19632,-9.38241],[-171.19632,-9.3825],[-171.19614,-9.3825],[-171.19614,-9.38241],[-171.19605,-9.38241],[-171.19605,-9.38232],[-171.19605,-9.38223],[-171.19605,-9.38205],[-171.19623,-9.38205],[-171.19641,-9.38205],[-171.19641,-9.38214],[-171.19659,-9.38214],[-171.19659,-9.38205],[-171.19668,-9.38205],[-171.19668,-9.38196],[-171.19677,-9.38196],[-171.19677,-9.38188],[-171.19695,-9.38188],[-171.19695,-9.38179],[-171.19704,-9.38179],[-171.19704,-9.3817],[-171.19722,-9.3817],[-171.19722,-9.38126],[-171.19731,-9.38126],[-171.19731,-9.38117],[-171.19749,-9.38117],[-171.19749,-9.38108],[-171.19758,-9.38108],[-171.19758,-9.38099],[-171.19776,-9.38099],[-171.19776,-9.3809],[-171.19794,-9.3809],[-171.19794,-9.38081],[-171.19812,-9.38081],[-171.19812,-9.38072]]],[[[-171.20108,-9.43505],[-171.20117,-9.43505],[-171.20117,-9.43532],[-171.20126,-9.43532],[-171.20153,-9.43532],[-171.20153,-9.43567],[-171.20153,-9.43603],[-171.20153,-9.4362],[-171.20144,-9.4362],[-171.20144,-9.43629],[-171.20126,-9.43629],[-171.20126,-9.43638],[-171.20117,-9.43638],[-171.20117,-9.43647],[-171.20108,-9.43647],[-171.20108,-9.43656],[-171.20099,-9.43656],[-171.20099,-9.43665],[-171.2009,-9.43665],[-171.2009,-9.43682],[-171.20072,-9.43682],[-171.20072,-9.43691],[-171.20063,-9.43691],[-171.20063,-9.437],[-171.20054,-9.437],[-171.20054,-9.43709],[-171.20045,-9.43709],[-171.20045,-9.43718],[-171.20036,-9.43718],[-171.20036,-9.43727],[-171.20036,-9.43735],[-171.20027,-9.43735],[-171.20027,-9.43744],[-171.20018,-9.43744],[-171.20018,-9.43753],[-171.2,-9.43753],[-171.2,-9.43744],[-171.19982,-9.43744],[-171.19982,-9.43727],[-171.19973,-9.43727],[-171.19973,-9.43709],[-171.19964,-9.43709],[-171.19964,-9.43673],[-171.19982,-9.43673],[-171.19982,-9.43656],[-171.19991,-9.43656],[-171.19991,-9.43647],[-171.2,-9.43647],[-171.2,-9.43638],[-171.20009,-9.43638],[-171.20009,-9.43629],[-171.20018,-9.43629],[-171.20018,-9.4362],[-171.20027,-9.4362],[-171.20027,-9.43611],[-171.20045,-9.43611],[-171.20045,-9.43603],[-171.20054,-9.43603],[-171.20054,-9.43576],[-171.20063,-9.43576],[-171.20063,-9.43567],[-171.20072,-9.43567],[-171.20072,-9.43549],[-171.2009,-9.43549],[-171.2009,-9.43532],[-171.20099,-9.43532],[-171.20099,-9.43523],[-171.20108,-9.43523],[-171.20108,-9.43505]]],[[[-171.20102,-9.43486],[-171.2011,-9.43493],[-171.20099,-9.43496],[-171.20102,-9.43486]]],[[[-171.20198,-9.43975],[-171.20191,-9.43973],[-171.20187,-9.43968],[-171.20182,-9.43964],[-171.20178,-9.43959],[-171.20173,-9.43955],[-171.20169,-9.4395],[-171.20164,-9.43946],[-171.2016,-9.43932],[-171.20151,-9.43925],[-171.20162,-9.43922],[-171.20162,-9.43913],[-171.20162,-9.43904],[-171.20171,-9.43904],[-171.20171,-9.43895],[-171.2018,-9.43895],[-171.2018,-9.43886],[-171.20189,-9.43886],[-171.20189,-9.43877],[-171.20198,-9.43877],[-171.20198,-9.43868],[-171.20207,-9.43868],[-171.20207,-9.43851],[-171.20216,-9.43851],[-171.20216,-9.43833],[-171.20225,-9.43833],[-171.20225,-9.43824],[-171.20234,-9.43824],[-171.20234,-9.43815],[-171.20243,-9.43815],[-171.20243,-9.43806],[-171.20252,-9.43806],[-171.20252,-9.43789],[-171.20261,-9.43789],[-171.20261,-9.4378],[-171.2027,-9.4378],[-171.2027,-9.43762],[-171.20279,-9.43762],[-171.20279,-9.43665],[-171.20288,-9.43665],[-171.20288,-9.43638],[-171.20297,-9.43638],[-171.20297,-9.43629],[-171.20315,-9.43629],[-171.20315,-9.43638],[-171.20342,-9.43638],[-171.20342,-9.43647],[-171.20378,-9.43647],[-171.20378,-9.43656],[-171.20387,-9.43656],[-171.20387,-9.43665],[-171.20405,-9.43665],[-171.20405,-9.43673],[-171.20423,-9.43673],[-171.20423,-9.43682],[-171.20432,-9.43682],[-171.20432,-9.43691],[-171.20449,-9.43691],[-171.20449,-9.437],[-171.20458,-9.437],[-171.20458,-9.43709],[-171.20476,-9.43709],[-171.20476,-9.43718],[-171.20494,-9.43718],[-171.20494,-9.43727],[-171.20503,-9.43727],[-171.20503,-9.43735],[-171.20521,-9.43735],[-171.20521,-9.43744],[-171.2053,-9.43744],[-171.2053,-9.43753],[-171.20539,-9.43753],[-171.20539,-9.4378],[-171.20548,-9.4378],[-171.20548,-9.43789],[-171.20557,-9.43789],[-171.20557,-9.43797],[-171.20575,-9.43797],[-171.20575,-9.43806],[-171.20584,-9.43806],[-171.20584,-9.43815],[-171.20593,-9.43815],[-171.20593,-9.43824],[-171.20602,-9.43824],[-171.20602,-9.43833],[-171.20611,-9.43833],[-171.20611,-9.43842],[-171.2062,-9.43842],[-171.2062,-9.43851],[-171.20629,-9.43851],[-171.20629,-9.43859],[-171.20638,-9.43859],[-171.20638,-9.43868],[-171.20647,-9.43868],[-171.20647,-9.43877],[-171.20656,-9.43877],[-171.20656,-9.43886],[-171.20665,-9.43886],[-171.20665,-9.43895],[-171.20683,-9.43895],[-171.20683,-9.43904],[-171.2071,-9.43904],[-171.2071,-9.43913],[-171.20737,-9.43913],[-171.20737,-9.43922],[-171.20746,-9.43922],[-171.20746,-9.4393],[-171.20755,-9.4393],[-171.20755,-9.43939],[-171.20764,-9.43939],[-171.20764,-9.43948],[-171.20773,-9.43948],[-171.20773,-9.43957],[-171.20782,-9.43957],[-171.20782,-9.43966],[-171.20791,-9.43966],[-171.20791,-9.43975],[-171.208,-9.43975],[-171.208,-9.43992],[-171.20791,-9.43992],[-171.20791,-9.44037],[-171.20782,-9.44037],[-171.20782,-9.44134],[-171.20791,-9.44134],[-171.20791,-9.44196],[-171.20782,-9.44196],[-171.20782,-9.44214],[-171.20773,-9.44214],[-171.20773,-9.44223],[-171.20773,-9.44232],[-171.20764,-9.44232],[-171.20764,-9.44241],[-171.20764,-9.44249],[-171.20755,-9.44249],[-171.20755,-9.44258],[-171.20755,-9.44267],[-171.20746,-9.44267],[-171.20746,-9.44294],[-171.20737,-9.44294],[-171.20737,-9.44311],[-171.20728,-9.44311],[-171.20728,-9.4432],[-171.20719,-9.4432],[-171.20719,-9.44329],[-171.2071,-9.44329],[-171.2071,-9.44338],[-171.20683,-9.44338],[-171.20683,-9.44347],[-171.20593,-9.44347],[-171.20593,-9.44338],[-171.20557,-9.44338],[-171.20557,-9.44329],[-171.20539,-9.44329],[-171.20539,-9.4432],[-171.20512,-9.4432],[-171.20512,-9.44311],[-171.20503,-9.44311],[-171.20503,-9.44303],[-171.20494,-9.44303],[-171.20494,-9.44294],[-171.20485,-9.44294],[-171.20485,-9.44285],[-171.20476,-9.44285],[-171.20476,-9.44276],[-171.20467,-9.44276],[-171.20467,-9.44249],[-171.20458,-9.44249],[-171.20458,-9.44241],[-171.20449,-9.44241],[-171.20449,-9.44223],[-171.2044,-9.44223],[-171.2044,-9.44214],[-171.20423,-9.44214],[-171.20423,-9.44205],[-171.20414,-9.44205],[-171.20414,-9.44196],[-171.20405,-9.44196],[-171.20405,-9.44187],[-171.20396,-9.44187],[-171.20396,-9.44178],[-171.20387,-9.44178],[-171.20387,-9.4417],[-171.20378,-9.4417],[-171.20378,-9.44161],[-171.20369,-9.44161],[-171.20369,-9.44152],[-171.2036,-9.44152],[-171.2036,-9.44143],[-171.20351,-9.44143],[-171.20351,-9.44134],[-171.20342,-9.44134],[-171.20342,-9.44125],[-171.20333,-9.44125],[-171.20333,-9.44116],[-171.20315,-9.44116],[-171.20315,-9.44108],[-171.20297,-9.44108],[-171.20297,-9.44099],[-171.20288,-9.44099],[-171.20288,-9.4409],[-171.20279,-9.4409],[-171.20279,-9.44081],[-171.2027,-9.44081],[-171.2027,-9.44072],[-171.20261,-9.44072],[-171.20261,-9.44063],[-171.20252,-9.44063],[-171.20252,-9.44054],[-171.20243,-9.44054],[-171.20243,-9.44046],[-171.20234,-9.44046],[-171.20234,-9.44028],[-171.20225,-9.44028],[-171.20225,-9.43992],[-171.20234,-9.43992],[-171.20234,-9.43975],[-171.20243,-9.43975],[-171.20243,-9.43957],[-171.20225,-9.43957],[-171.20225,-9.43966],[-171.20216,-9.43966],[-171.20216,-9.43975],[-171.20207,-9.43975],[-171.20207,-9.43984],[-171.20198,-9.43984],[-171.20198,-9.43975]],[[-171.20629,-9.43992],[-171.2062,-9.43992],[-171.2062,-9.43984],[-171.20611,-9.43984],[-171.20611,-9.43975],[-171.20602,-9.43975],[-171.20602,-9.43966],[-171.20521,-9.43966],[-171.20521,-9.43957],[-171.20503,-9.43957],[-171.20503,-9.43975],[-171.20494,-9.43975],[-171.20494,-9.43992],[-171.20485,-9.43992],[-171.20485,-9.44001],[-171.20476,-9.44001],[-171.20476,-9.4401],[-171.20423,-9.4401],[-171.20423,-9.44028],[-171.20414,-9.44028],[-171.20414,-9.44063],[-171.20423,-9.44063],[-171.20423,-9.44099],[-171.20432,-9.44099],[-171.20432,-9.44116],[-171.2044,-9.44116],[-171.2044,-9.44125],[-171.20449,-9.44125],[-171.20449,-9.44134],[-171.20494,-9.44134],[-171.20494,-9.44143],[-171.20512,-9.44143],[-171.20512,-9.44152],[-171.20593,-9.44152],[-171.20593,-9.44143],[-171.20611,-9.44143],[-171.20611,-9.44134],[-171.20629,-9.44134],[-171.20629,-9.44125],[-171.20638,-9.44125],[-171.20638,-9.44116],[-171.20647,-9.44116],[-171.20647,-9.44108],[-171.20656,-9.44108],[-171.20656,-9.4409],[-171.20665,-9.4409],[-171.20665,-9.44054],[-171.20656,-9.44054],[-171.20656,-9.44028],[-171.20647,-9.44028],[-171.20647,-9.4401],[-171.20638,-9.4401],[-171.20638,-9.44001],[-171.20629,-9.44001],[-171.20629,-9.43992]]],[[[-171.20234,-9.43585],[-171.20243,-9.43585],[-171.20243,-9.43629],[-171.20234,-9.43629],[-171.20234,-9.43638],[-171.20243,-9.43638],[-171.20243,-9.43647],[-171.20234,-9.43647],[-171.20234,-9.43656],[-171.20234,-9.437],[-171.20225,-9.437],[-171.20225,-9.43744],[-171.20216,-9.43744],[-171.20216,-9.43753],[-171.20207,-9.43753],[-171.20207,-9.43771],[-171.20198,-9.43771],[-171.20198,-9.4378],[-171.20189,-9.4378],[-171.20189,-9.43797],[-171.2018,-9.43797],[-171.2018,-9.43815],[-171.20171,-9.43815],[-171.20171,-9.43833],[-171.20162,-9.43833],[-171.20162,-9.43851],[-171.20153,-9.43851],[-171.20153,-9.43859],[-171.20144,-9.43859],[-171.20126,-9.43859],[-171.20126,-9.43868],[-171.2009,-9.43868],[-171.2009,-9.43859],[-171.20081,-9.43859],[-171.20081,-9.43851],[-171.20054,-9.43851],[-171.20054,-9.43842],[-171.20045,-9.43842],[-171.20045,-9.43824],[-171.20036,-9.43824],[-171.20036,-9.4378],[-171.20045,-9.4378],[-171.20045,-9.43762],[-171.20063,-9.43762],[-171.20065,-9.43755],[-171.20079,-9.43751],[-171.20083,-9.43746],[-171.20088,-9.43742],[-171.20092,-9.43737],[-171.20097,-9.43733],[-171.20101,-9.43729],[-171.20115,-9.43725],[-171.20119,-9.4372],[-171.20124,-9.43716],[-171.20128,-9.43702],[-171.20133,-9.43698],[-171.20137,-9.43693],[-171.20142,-9.43689],[-171.20146,-9.43675],[-171.20151,-9.43671],[-171.20155,-9.43649],[-171.2016,-9.43645],[-171.20164,-9.4364],[-171.20169,-9.43636],[-171.20174,-9.43618],[-171.20182,-9.43627],[-171.20189,-9.43629],[-171.20198,-9.43629],[-171.20198,-9.4362],[-171.20207,-9.4362],[-171.20207,-9.43611],[-171.20225,-9.43611],[-171.20225,-9.43603],[-171.20234,-9.43603],[-171.20234,-9.43585]]],[[[-171.19919,-9.43434],[-171.19923,-9.43424],[-171.1993,-9.43431],[-171.19919,-9.43434]]],[[[-171.20108,-9.43408],[-171.20108,-9.43416],[-171.20099,-9.43416],[-171.20099,-9.43434],[-171.20081,-9.43434],[-171.20081,-9.43425],[-171.20072,-9.43425],[-171.20072,-9.43443],[-171.20063,-9.43443],[-171.20063,-9.43505],[-171.20054,-9.43505],[-171.20054,-9.43514],[-171.20045,-9.43514],[-171.20045,-9.43532],[-171.20036,-9.43532],[-171.20036,-9.4354],[-171.20027,-9.4354],[-171.20027,-9.43549],[-171.20018,-9.43549],[-171.20018,-9.43558],[-171.20009,-9.43558],[-171.20009,-9.43576],[-171.2,-9.43576],[-171.2,-9.43603],[-171.19991,-9.43603],[-171.19991,-9.43611],[-171.19973,-9.43611],[-171.19973,-9.43603],[-171.19964,-9.43603],[-171.19964,-9.43585],[-171.19937,-9.43585],[-171.19937,-9.43576],[-171.19928,-9.43576],[-171.19928,-9.43558],[-171.19919,-9.43558],[-171.19919,-9.43549],[-171.19911,-9.43549],[-171.19911,-9.43523],[-171.19919,-9.43523],[-171.19919,-9.43514],[-171.19928,-9.43514],[-171.19928,-9.43496],[-171.19937,-9.43496],[-171.19937,-9.43487],[-171.19946,-9.43487],[-171.19946,-9.43478],[-171.19964,-9.43478],[-171.19964,-9.4347],[-171.19973,-9.4347],[-171.19973,-9.43461],[-171.19991,-9.43461],[-171.19991,-9.43452],[-171.2,-9.43452],[-171.20009,-9.43452],[-171.20009,-9.43443],[-171.20018,-9.43443],[-171.20018,-9.43434],[-171.20027,-9.43434],[-171.20027,-9.43425],[-171.20036,-9.43425],[-171.20036,-9.43416],[-171.20054,-9.43416],[-171.20054,-9.43408],[-171.20063,-9.43408],[-171.20063,-9.43399],[-171.20081,-9.43399],[-171.20081,-9.43408],[-171.20108,-9.43408]]],[[[-171.19911,-9.43443],[-171.19911,-9.43461],[-171.19893,-9.43461],[-171.19893,-9.43443],[-171.19911,-9.43443]]],[[[-171.19911,-9.43443],[-171.19911,-9.43434],[-171.19919,-9.43434],[-171.19919,-9.43443],[-171.19911,-9.43443]]],[[[-171.18671,-9.36034],[-171.18671,-9.36087],[-171.18662,-9.36087],[-171.18662,-9.36122],[-171.18671,-9.36122],[-171.18671,-9.36131],[-171.18689,-9.36131],[-171.18689,-9.3614],[-171.18698,-9.3614],[-171.18698,-9.36131],[-171.18716,-9.36131],[-171.18716,-9.36122],[-171.18725,-9.36122],[-171.18725,-9.36114],[-171.18734,-9.36114],[-171.18734,-9.36105],[-171.18743,-9.36105],[-171.18743,-9.36096],[-171.18752,-9.36096],[-171.18752,-9.36087],[-171.18761,-9.36087],[-171.18761,-9.3606],[-171.18779,-9.3606],[-171.18779,-9.36052],[-171.18788,-9.36052],[-171.18788,-9.36043],[-171.18806,-9.36043],[-171.18806,-9.36034],[-171.18859,-9.36034],[-171.18859,-9.36025],[-171.18895,-9.36025],[-171.18895,-9.36016],[-171.18922,-9.36016],[-171.18922,-9.36025],[-171.1894,-9.36025],[-171.1894,-9.36034],[-171.18949,-9.36034],[-171.18958,-9.36034],[-171.18958,-9.36025],[-171.18976,-9.36025],[-171.18976,-9.36034],[-171.18985,-9.36034],[-171.18985,-9.36043],[-171.18994,-9.36043],[-171.18994,-9.36052],[-171.19003,-9.36052],[-171.19003,-9.3606],[-171.19012,-9.3606],[-171.19012,-9.36069],[-171.19021,-9.36069],[-171.19021,-9.36096],[-171.1903,-9.36096],[-171.1903,-9.36105],[-171.19039,-9.36105],[-171.19039,-9.36122],[-171.1903,-9.36122],[-171.1903,-9.36131],[-171.19021,-9.36131],[-171.19021,-9.3614],[-171.19012,-9.3614],[-171.19012,-9.36149],[-171.19003,-9.36149],[-171.19003,-9.36158],[-171.18994,-9.36158],[-171.18994,-9.36167],[-171.18985,-9.36167],[-171.18985,-9.36185],[-171.18958,-9.36185],[-171.18949,-9.36185],[-171.1894,-9.36185],[-171.1894,-9.36193],[-171.18931,-9.36193],[-171.18931,-9.36202],[-171.18913,-9.36202],[-171.18913,-9.36211],[-171.18904,-9.36211],[-171.18886,-9.36211],[-171.18886,-9.3622],[-171.18868,-9.3622],[-171.18868,-9.36229],[-171.18841,-9.36229],[-171.18833,-9.36229],[-171.18833,-9.36238],[-171.18815,-9.36238],[-171.18815,-9.36247],[-171.18797,-9.36247],[-171.18797,-9.36255],[-171.18788,-9.36255],[-171.1877,-9.36255],[-171.1877,-9.36264],[-171.18743,-9.36264],[-171.18689,-9.36264],[-171.18689,-9.36273],[-171.18671,-9.36273],[-171.18671,-9.36282],[-171.1868,-9.36282],[-171.1868,-9.36291],[-171.18671,-9.36291],[-171.18671,-9.363],[-171.18662,-9.363],[-171.18662,-9.36309],[-171.18653,-9.36309],[-171.18653,-9.36318],[-171.18644,-9.36318],[-171.18644,-9.36326],[-171.18635,-9.36326],[-171.18635,-9.36335],[-171.18626,-9.36335],[-171.18626,-9.36344],[-171.18617,-9.36344],[-171.18617,-9.36353],[-171.1859,-9.36353],[-171.1859,-9.36344],[-171.18581,-9.36344],[-171.18581,-9.36326],[-171.18572,-9.36326],[-171.18572,-9.36318],[-171.18563,-9.36318],[-171.18563,-9.36309],[-171.18554,-9.36309],[-171.18554,-9.363],[-171.18545,-9.363],[-171.18545,-9.36291],[-171.18536,-9.36291],[-171.18536,-9.36273],[-171.18545,-9.36273],[-171.18545,-9.36264],[-171.18572,-9.36264],[-171.18572,-9.36255],[-171.1859,-9.36255],[-171.1859,-9.36247],[-171.18608,-9.36247],[-171.18608,-9.36238],[-171.18608,-9.3622],[-171.18599,-9.3622],[-171.18599,-9.36202],[-171.1859,-9.36202],[-171.1859,-9.36185],[-171.18581,-9.36185],[-171.18581,-9.36176],[-171.18572,-9.36176],[-171.18572,-9.36158],[-171.18563,-9.36158],[-171.18563,-9.36149],[-171.18554,-9.36149],[-171.18554,-9.3614],[-171.18545,-9.3614],[-171.18545,-9.36131],[-171.18536,-9.36131],[-171.18536,-9.36122],[-171.18527,-9.36122],[-171.18527,-9.36105],[-171.18509,-9.36105],[-171.18509,-9.36096],[-171.185,-9.36096],[-171.185,-9.36087],[-171.18491,-9.36087],[-171.18491,-9.36069],[-171.18482,-9.36069],[-171.18482,-9.3606],[-171.18464,-9.3606],[-171.18464,-9.36052],[-171.1841,-9.36052],[-171.1841,-9.3606],[-171.18401,-9.3606],[-171.18401,-9.36087],[-171.18401,-9.36096],[-171.18392,-9.36096],[-171.18365,-9.36096],[-171.18365,-9.36087],[-171.18356,-9.36087],[-171.18356,-9.36078],[-171.18347,-9.36078],[-171.18347,-9.3606],[-171.18338,-9.3606],[-171.18338,-9.36052],[-171.18329,-9.36052],[-171.18329,-9.36043],[-171.1832,-9.36043],[-171.1832,-9.36034],[-171.18311,-9.36034],[-171.18311,-9.36016],[-171.18303,-9.36016],[-171.18303,-9.36007],[-171.18294,-9.36007],[-171.18294,-9.3599],[-171.18285,-9.3599],[-171.18285,-9.35981],[-171.18276,-9.35981],[-171.18276,-9.35972],[-171.18267,-9.35972],[-171.18267,-9.35963],[-171.18258,-9.35963],[-171.18258,-9.35954],[-171.18249,-9.35954],[-171.1824,-9.35954],[-171.1824,-9.35945],[-171.18231,-9.35945],[-171.18231,-9.35936],[-171.18222,-9.35936],[-171.18222,-9.35928],[-171.18213,-9.35928],[-171.18213,-9.35919],[-171.18213,-9.3591],[-171.18204,-9.3591],[-171.18204,-9.35892],[-171.18195,-9.35892],[-171.18195,-9.3583],[-171.18204,-9.3583],[-171.18204,-9.35777],[-171.18213,-9.35777],[-171.18213,-9.35733],[-171.18222,-9.35733],[-171.18222,-9.35688],[-171.18231,-9.35688],[-171.18231,-9.35662],[-171.1824,-9.35662],[-171.1824,-9.35635],[-171.18249,-9.35635],[-171.18249,-9.35617],[-171.18258,-9.35617],[-171.18258,-9.356],[-171.18267,-9.356],[-171.18267,-9.35591],[-171.18267,-9.35582],[-171.18276,-9.35582],[-171.18276,-9.35573],[-171.18285,-9.35573],[-171.18285,-9.35564],[-171.18285,-9.35555],[-171.18294,-9.35555],[-171.18294,-9.35546],[-171.18294,-9.35537],[-171.18303,-9.35538],[-171.18303,-9.35529],[-171.18311,-9.35529],[-171.18311,-9.35511],[-171.1832,-9.35511],[-171.1832,-9.35502],[-171.18329,-9.35502],[-171.18329,-9.35484],[-171.18338,-9.35484],[-171.18338,-9.35467],[-171.18347,-9.35467],[-171.18347,-9.35458],[-171.18347,-9.3544],[-171.18356,-9.3544],[-171.18356,-9.35413],[-171.18365,-9.35413],[-171.18365,-9.35396],[-171.18374,-9.35396],[-171.18374,-9.35378],[-171.18383,-9.35378],[-171.18383,-9.35369],[-171.18392,-9.35369],[-171.18392,-9.3536],[-171.18401,-9.3536],[-171.18401,-9.35351],[-171.1841,-9.35351],[-171.1841,-9.35342],[-171.18419,-9.35342],[-171.18419,-9.35334],[-171.18428,-9.35334],[-171.18428,-9.35316],[-171.18437,-9.35316],[-171.18437,-9.35307],[-171.18455,-9.35307],[-171.18455,-9.35298],[-171.18464,-9.35298],[-171.18464,-9.3528],[-171.18473,-9.3528],[-171.18473,-9.35263],[-171.18482,-9.35263],[-171.18482,-9.35254],[-171.18491,-9.35254],[-171.18491,-9.35227],[-171.185,-9.35227],[-171.185,-9.35218],[-171.185,-9.3521],[-171.18509,-9.3521],[-171.18509,-9.35183],[-171.18518,-9.35183],[-171.18518,-9.35165],[-171.18527,-9.35165],[-171.18527,-9.35156],[-171.18536,-9.35156],[-171.18536,-9.35147],[-171.18545,-9.35147],[-171.18545,-9.35139],[-171.18554,-9.35139],[-171.18554,-9.3513],[-171.18563,-9.3513],[-171.18563,-9.35121],[-171.18572,-9.35121],[-171.18572,-9.35112],[-171.18581,-9.35112],[-171.18581,-9.35094],[-171.1859,-9.35094],[-171.1859,-9.35077],[-171.18599,-9.35077],[-171.18599,-9.35068],[-171.18608,-9.35068],[-171.18608,-9.3505],[-171.18617,-9.3505],[-171.18617,-9.35041],[-171.18626,-9.35041],[-171.18626,-9.35023],[-171.18635,-9.35023],[-171.18635,-9.35015],[-171.18644,-9.35015],[-171.18644,-9.35006],[-171.18653,-9.35006],[-171.18653,-9.34997],[-171.18662,-9.34997],[-171.18662,-9.34979],[-171.18671,-9.34979],[-171.18671,-9.3497],[-171.1868,-9.3497],[-171.1868,-9.34952],[-171.18689,-9.34952],[-171.18689,-9.34944],[-171.18698,-9.34944],[-171.18698,-9.34935],[-171.18707,-9.34935],[-171.18707,-9.34926],[-171.18716,-9.34926],[-171.18716,-9.34917],[-171.18725,-9.34917],[-171.18725,-9.34899],[-171.18734,-9.34899],[-171.18734,-9.3489],[-171.18743,-9.3489],[-171.18743,-9.34873],[-171.18752,-9.34873],[-171.18752,-9.34864],[-171.18761,-9.34864],[-171.18761,-9.34846],[-171.18761,-9.34837],[-171.1877,-9.34837],[-171.1877,-9.34828],[-171.1877,-9.3482],[-171.18779,-9.3482],[-171.18779,-9.34811],[-171.18788,-9.34811],[-171.18788,-9.34802],[-171.18797,-9.34802],[-171.18797,-9.34793],[-171.18806,-9.34793],[-171.18806,-9.34775],[-171.18815,-9.34775],[-171.18815,-9.34766],[-171.18824,-9.34766],[-171.18824,-9.34749],[-171.18833,-9.34749],[-171.18833,-9.3474],[-171.18841,-9.3474],[-171.18841,-9.34731],[-171.18841,-9.34722],[-171.1885,-9.34722],[-171.1885,-9.34713],[-171.18859,-9.34713],[-171.18859,-9.34704],[-171.18868,-9.34704],[-171.18868,-9.34695],[-171.18877,-9.34695],[-171.18877,-9.34687],[-171.18886,-9.34687],[-171.18886,-9.34678],[-171.18886,-9.34669],[-171.18895,-9.34669],[-171.18895,-9.3466],[-171.18904,-9.3466],[-171.18904,-9.34651],[-171.18913,-9.34651],[-171.18913,-9.34633],[-171.18922,-9.34633],[-171.18922,-9.34625],[-171.18922,-9.34616],[-171.18931,-9.34616],[-171.18931,-9.34607],[-171.1894,-9.34607],[-171.1894,-9.34598],[-171.1894,-9.34589],[-171.18949,-9.34589],[-171.18949,-9.3458],[-171.18958,-9.3458],[-171.18958,-9.34562],[-171.18967,-9.34562],[-171.18967,-9.34554],[-171.18976,-9.34554],[-171.18976,-9.34545],[-171.18985,-9.34545],[-171.18985,-9.34536],[-171.18994,-9.34536],[-171.18994,-9.34527],[-171.19003,-9.34527],[-171.19003,-9.34518],[-171.19012,-9.34518],[-171.19012,-9.34509],[-171.19021,-9.34509],[-171.19021,-9.345],[-171.1903,-9.345],[-171.1903,-9.34492],[-171.19039,-9.34492],[-171.19039,-9.34474],[-171.19048,-9.34474],[-171.19048,-9.34465],[-171.19057,-9.34465],[-171.19057,-9.34447],[-171.19066,-9.34447],[-171.19066,-9.34438],[-171.19075,-9.34438],[-171.19075,-9.34421],[-171.19084,-9.34421],[-171.19084,-9.34403],[-171.19093,-9.34403],[-171.19093,-9.34394],[-171.19102,-9.34394],[-171.19102,-9.34376],[-171.19111,-9.34376],[-171.19111,-9.34367],[-171.1912,-9.34367],[-171.1912,-9.3435],[-171.19129,-9.3435],[-171.19129,-9.34341],[-171.19138,-9.34341],[-171.19138,-9.34332],[-171.19165,-9.34332],[-171.19165,-9.34314],[-171.19174,-9.34314],[-171.19174,-9.34297],[-171.19183,-9.34297],[-171.19183,-9.34288],[-171.19192,-9.34288],[-171.19192,-9.3427],[-171.19201,-9.3427],[-171.19201,-9.34261],[-171.1921,-9.34261],[-171.1921,-9.34252],[-171.19219,-9.34252],[-171.19219,-9.34243],[-171.19228,-9.34243],[-171.19228,-9.34235],[-171.19237,-9.34235],[-171.19237,-9.34226],[-171.19246,-9.34226],[-171.19246,-9.34217],[-171.19255,-9.34217],[-171.19255,-9.34208],[-171.19264,-9.34208],[-171.19264,-9.3419],[-171.19273,-9.3419],[-171.19273,-9.34181],[-171.19282,-9.34181],[-171.19282,-9.34164],[-171.19291,-9.34164],[-171.19291,-9.34155],[-171.193,-9.34155],[-171.193,-9.34137],[-171.19309,-9.34137],[-171.19309,-9.34128],[-171.19318,-9.34128],[-171.19318,-9.34119],[-171.19327,-9.34119],[-171.19327,-9.3411],[-171.19336,-9.3411],[-171.19336,-9.34093],[-171.19345,-9.34093],[-171.19345,-9.34084],[-171.19354,-9.34084],[-171.19354,-9.34075],[-171.19363,-9.34075],[-171.19363,-9.34066],[-171.19372,-9.34066],[-171.19372,-9.34057],[-171.19372,-9.34048],[-171.1938,-9.34048],[-171.1938,-9.3404],[-171.19389,-9.3404],[-171.19389,-9.34022],[-171.19398,-9.34022],[-171.19398,-9.34013],[-171.19398,-9.34004],[-171.19407,-9.34004],[-171.19407,-9.33995],[-171.19416,-9.33995],[-171.19416,-9.33986],[-171.19425,-9.33986],[-171.19425,-9.33977],[-171.19434,-9.33977],[-171.19434,-9.33969],[-171.19443,-9.33969],[-171.19443,-9.3396],[-171.19452,-9.3396],[-171.19452,-9.33951],[-171.19461,-9.33951],[-171.19461,-9.33942],[-171.1947,-9.33942],[-171.1947,-9.33924],[-171.19479,-9.33924],[-171.19479,-9.33915],[-171.19488,-9.33915],[-171.19488,-9.33907],[-171.19497,-9.33907],[-171.19497,-9.33898],[-171.19506,-9.33898],[-171.19506,-9.3388],[-171.19515,-9.3388],[-171.19515,-9.33871],[-171.19524,-9.33871],[-171.19524,-9.33862],[-171.19533,-9.33862],[-171.19533,-9.33853],[-171.19542,-9.33853],[-171.19542,-9.33836],[-171.19551,-9.33836],[-171.19551,-9.33827],[-171.1956,-9.33827],[-171.1956,-9.33818],[-171.19569,-9.33818],[-171.19569,-9.33809],[-171.19578,-9.33809],[-171.19578,-9.338],[-171.19587,-9.338],[-171.19587,-9.33791],[-171.19596,-9.33791],[-171.19596,-9.33774],[-171.19605,-9.33774],[-171.19605,-9.33765],[-171.19614,-9.33765],[-171.19614,-9.33756],[-171.19623,-9.33756],[-171.19623,-9.33747],[-171.1965,-9.33747],[-171.19648,-9.3374],[-171.19639,-9.33732],[-171.19679,-9.33727],[-171.19688,-9.33736],[-171.19704,-9.33738],[-171.19704,-9.33712],[-171.19695,-9.33712],[-171.19695,-9.33658],[-171.19704,-9.33658],[-171.19704,-9.33641],[-171.19749,-9.33641],[-171.19749,-9.33632],[-171.19767,-9.33632],[-171.19767,-9.33614],[-171.19776,-9.33614],[-171.19776,-9.33605],[-171.19776,-9.33579],[-171.19785,-9.33579],[-171.19785,-9.3357],[-171.19803,-9.3357],[-171.19803,-9.33561],[-171.19812,-9.33561],[-171.19812,-9.33552],[-171.19821,-9.33552],[-171.19821,-9.33534],[-171.1983,-9.33534],[-171.1983,-9.33525],[-171.19848,-9.33525],[-171.19848,-9.33517],[-171.19857,-9.33517],[-171.19857,-9.33508],[-171.19866,-9.33508],[-171.19866,-9.33499],[-171.19875,-9.33499],[-171.19884,-9.33499],[-171.19884,-9.3349],[-171.19893,-9.3349],[-171.19893,-9.33481],[-171.19902,-9.33481],[-171.19902,-9.33472],[-171.19955,-9.33472],[-171.19955,-9.33481],[-171.19964,-9.33481],[-171.19964,-9.3349],[-171.19982,-9.3349],[-171.19982,-9.33499],[-171.19991,-9.33499],[-171.19991,-9.33508],[-171.2,-9.33508],[-171.2,-9.33517],[-171.20016,-9.33519],[-171.20024,-9.33527],[-171.20027,-9.33508],[-171.20018,-9.33508],[-171.20018,-9.3349],[-171.20009,-9.3349],[-171.20009,-9.33481],[-171.2,-9.33481],[-171.2,-9.33437],[-171.20009,-9.33437],[-171.20009,-9.33428],[-171.20018,-9.33428],[-171.20018,-9.33419],[-171.20027,-9.33419],[-171.20027,-9.3341],[-171.20063,-9.3341],[-171.20063,-9.33401],[-171.20108,-9.33401],[-171.20108,-9.3341],[-171.20117,-9.3341],[-171.20117,-9.33437],[-171.20126,-9.33437],[-171.20126,-9.33446],[-171.20135,-9.33446],[-171.20135,-9.33472],[-171.20144,-9.33472],[-171.20144,-9.33508],[-171.20144,-9.33517],[-171.20135,-9.33517],[-171.20135,-9.33525],[-171.20126,-9.33525],[-171.20126,-9.33534],[-171.20117,-9.33534],[-171.20117,-9.33543],[-171.20108,-9.33543],[-171.20108,-9.33552],[-171.20099,-9.33552],[-171.20099,-9.33561],[-171.20063,-9.33561],[-171.20054,-9.33561],[-171.20054,-9.3357],[-171.20063,-9.3357],[-171.20063,-9.33587],[-171.20054,-9.33587],[-171.20054,-9.33605],[-171.20045,-9.33605],[-171.20045,-9.33614],[-171.20036,-9.33614],[-171.20036,-9.33623],[-171.20027,-9.33623],[-171.20027,-9.33632],[-171.20018,-9.33632],[-171.20018,-9.33641],[-171.2,-9.33641],[-171.2,-9.33649],[-171.19991,-9.33649],[-171.19991,-9.33658],[-171.19973,-9.33658],[-171.19973,-9.33667],[-171.19964,-9.33667],[-171.19964,-9.33676],[-171.19955,-9.33676],[-171.19955,-9.33685],[-171.19946,-9.33685],[-171.19946,-9.33694],[-171.19928,-9.33694],[-171.19928,-9.33703],[-171.19919,-9.33703],[-171.19919,-9.33712],[-171.19911,-9.33712],[-171.19911,-9.3372],[-171.19902,-9.3372],[-171.19902,-9.33729],[-171.19893,-9.33729],[-171.19893,-9.33738],[-171.19884,-9.33738],[-171.19884,-9.33756],[-171.19875,-9.33756],[-171.19875,-9.33765],[-171.19866,-9.33765],[-171.19866,-9.33774],[-171.19857,-9.33774],[-171.19857,-9.33782],[-171.19848,-9.33782],[-171.19848,-9.33791],[-171.19839,-9.33791],[-171.19839,-9.33809],[-171.19821,-9.33809],[-171.19821,-9.33818],[-171.19812,-9.33818],[-171.19812,-9.33836],[-171.19803,-9.33836],[-171.19803,-9.33862],[-171.19794,-9.33862],[-171.19794,-9.3388],[-171.19785,-9.3388],[-171.19785,-9.33889],[-171.19776,-9.33889],[-171.19776,-9.33907],[-171.19767,-9.33907],[-171.19767,-9.33915],[-171.19749,-9.33915],[-171.19749,-9.33924],[-171.1974,-9.33924],[-171.1974,-9.33933],[-171.19722,-9.33933],[-171.19722,-9.33942],[-171.19713,-9.33942],[-171.19713,-9.33951],[-171.19704,-9.33951],[-171.19704,-9.33969],[-171.19695,-9.33969],[-171.19695,-9.33977],[-171.19686,-9.33977],[-171.19686,-9.33986],[-171.19677,-9.33986],[-171.19677,-9.34004],[-171.19668,-9.34004],[-171.19668,-9.34013],[-171.19659,-9.34013],[-171.19659,-9.34022],[-171.1965,-9.34022],[-171.1965,-9.34031],[-171.19641,-9.34031],[-171.19641,-9.3404],[-171.19632,-9.3404],[-171.19632,-9.34048],[-171.19623,-9.34048],[-171.19623,-9.34057],[-171.19614,-9.34057],[-171.19614,-9.34066],[-171.19605,-9.34066],[-171.19605,-9.34075],[-171.19596,-9.34075],[-171.19596,-9.34084],[-171.19587,-9.34084],[-171.19587,-9.34093],[-171.19569,-9.34093],[-171.19569,-9.34102],[-171.19551,-9.34102],[-171.19551,-9.3411],[-171.19542,-9.3411],[-171.19542,-9.34119],[-171.19533,-9.34119],[-171.19533,-9.34128],[-171.19524,-9.34128],[-171.19524,-9.34146],[-171.19515,-9.34146],[-171.19515,-9.34164],[-171.19506,-9.34164],[-171.19506,-9.34172],[-171.19497,-9.34172],[-171.19497,-9.34181],[-171.19488,-9.34181],[-171.19488,-9.34199],[-171.19479,-9.34199],[-171.19479,-9.34208],[-171.1947,-9.34208],[-171.1947,-9.34217],[-171.19461,-9.34217],[-171.19461,-9.34235],[-171.19452,-9.34235],[-171.19452,-9.34243],[-171.19443,-9.34243],[-171.19443,-9.34261],[-171.19434,-9.34261],[-171.19434,-9.34279],[-171.19425,-9.34279],[-171.19425,-9.34297],[-171.19416,-9.34297],[-171.19416,-9.34314],[-171.19407,-9.34314],[-171.19407,-9.34323],[-171.19398,-9.34323],[-171.19398,-9.3435],[-171.19389,-9.3435],[-171.19389,-9.34359],[-171.1938,-9.34359],[-171.1938,-9.34376],[-171.19372,-9.34376],[-171.19372,-9.34394],[-171.19363,-9.34394],[-171.19363,-9.34412],[-171.19354,-9.34412],[-171.19354,-9.34421],[-171.19345,-9.34421],[-171.19345,-9.3443],[-171.19336,-9.3443],[-171.19336,-9.34438],[-171.19327,-9.34438],[-171.19327,-9.34447],[-171.19318,-9.34447],[-171.19318,-9.34456],[-171.19309,-9.34456],[-171.19309,-9.34465],[-171.193,-9.34465],[-171.193,-9.34474],[-171.19291,-9.34474],[-171.19291,-9.34492],[-171.19282,-9.34492],[-171.19282,-9.34509],[-171.19273,-9.34509],[-171.19273,-9.34518],[-171.19264,-9.34518],[-171.19264,-9.34527],[-171.19237,-9.34527],[-171.19237,-9.34536],[-171.1921,-9.34536],[-171.1921,-9.34545],[-171.19192,-9.34545],[-171.19192,-9.34554],[-171.19183,-9.34554],[-171.19183,-9.3458],[-171.19192,-9.3458],[-171.19192,-9.34607],[-171.19183,-9.34607],[-171.19183,-9.34616],[-171.19174,-9.34616],[-171.19174,-9.34625],[-171.19165,-9.34625],[-171.19165,-9.34642],[-171.19156,-9.34642],[-171.19156,-9.34651],[-171.19147,-9.34651],[-171.19147,-9.3466],[-171.19138,-9.3466],[-171.19138,-9.34669],[-171.1912,-9.34669],[-171.1912,-9.34678],[-171.19111,-9.34678],[-171.19111,-9.34687],[-171.19102,-9.34687],[-171.19102,-9.34695],[-171.19093,-9.34695],[-171.19093,-9.34713],[-171.19084,-9.34713],[-171.19084,-9.34722],[-171.19075,-9.34722],[-171.19075,-9.34731],[-171.19066,-9.34731],[-171.19066,-9.3474],[-171.19048,-9.3474],[-171.19048,-9.34749],[-171.19039,-9.34749],[-171.19039,-9.34766],[-171.1903,-9.34766],[-171.1903,-9.34784],[-171.19021,-9.34784],[-171.19021,-9.34811],[-171.19012,-9.34811],[-171.19012,-9.3482],[-171.1894,-9.3482],[-171.1894,-9.34828],[-171.18931,-9.34828],[-171.18931,-9.34846],[-171.1894,-9.34846],[-171.1894,-9.34873],[-171.18949,-9.34873],[-171.18949,-9.3489],[-171.1894,-9.3489],[-171.1894,-9.34899],[-171.18904,-9.34899],[-171.18895,-9.34899],[-171.18886,-9.34899],[-171.18886,-9.34917],[-171.18895,-9.34917],[-171.18895,-9.34944],[-171.18904,-9.34944],[-171.18904,-9.34952],[-171.18913,-9.34952],[-171.18913,-9.34979],[-171.18913,-9.34997],[-171.18904,-9.34997],[-171.18904,-9.35006],[-171.18904,-9.35015],[-171.18895,-9.35015],[-171.18895,-9.35023],[-171.18886,-9.35023],[-171.18886,-9.35032],[-171.18868,-9.35032],[-171.18868,-9.35041],[-171.1885,-9.35041],[-171.1885,-9.3505],[-171.18833,-9.3505],[-171.18833,-9.35059],[-171.18761,-9.35059],[-171.18761,-9.35068],[-171.18763,-9.35075],[-171.18768,-9.35078],[-171.18772,-9.35092],[-171.1878,-9.35099],[-171.18772,-9.35105],[-171.18768,-9.3511],[-171.18761,-9.35112],[-171.18759,-9.35137],[-171.18754,-9.3514],[-171.1875,-9.35155],[-171.18745,-9.35158],[-171.18741,-9.35163],[-171.18736,-9.35167],[-171.18732,-9.35172],[-171.18727,-9.35176],[-171.18723,-9.35181],[-171.18718,-9.35185],[-171.18714,-9.35199],[-171.18709,-9.35203],[-171.18705,-9.35225],[-171.187,-9.35229],[-171.18696,-9.35243],[-171.18691,-9.35247],[-171.18687,-9.35252],[-171.18682,-9.35256],[-171.18678,-9.35261],[-171.18673,-9.35265],[-171.18669,-9.3527],[-171.18664,-9.35273],[-171.1866,-9.35287],[-171.18651,-9.35294],[-171.18655,-9.35323],[-171.18664,-9.35329],[-171.1866,-9.35358],[-171.18655,-9.35362],[-171.18651,-9.35367],[-171.18646,-9.35371],[-171.18642,-9.35376],[-171.18637,-9.3538],[-171.18633,-9.35385],[-171.1861,-9.35389],[-171.18603,-9.35397],[-171.18594,-9.35385],[-171.18583,-9.35389],[-171.18579,-9.35394],[-171.18552,-9.35398],[-171.18556,-9.35429],[-171.18565,-9.35436],[-171.18561,-9.35482],[-171.18556,-9.35486],[-171.18552,-9.35491],[-171.18538,-9.35495],[-171.18534,-9.355],[-171.1852,-9.35504],[-171.18516,-9.35509],[-171.18473,-9.35511],[-171.18464,-9.35511],[-171.18455,-9.35511],[-171.18455,-9.3552],[-171.18446,-9.3552],[-171.18446,-9.35529],[-171.18428,-9.35529],[-171.1843,-9.35545],[-171.18444,-9.35548],[-171.18448,-9.35562],[-171.18453,-9.35566],[-171.18457,-9.35571],[-171.18462,-9.35575],[-171.18466,-9.3558],[-171.18471,-9.35584],[-171.18475,-9.35589],[-171.1848,-9.35593],[-171.18484,-9.35607],[-171.18489,-9.3561],[-171.18493,-9.35615],[-171.18498,-9.35619],[-171.18502,-9.35624],[-171.18507,-9.35628],[-171.18511,-9.35651],[-171.1852,-9.35657],[-171.18511,-9.35663],[-171.18507,-9.35669],[-171.18502,-9.35672],[-171.18498,-9.35677],[-171.18493,-9.35681],[-171.18489,-9.35686],[-171.18484,-9.3569],[-171.1848,-9.35722],[-171.18475,-9.35725],[-171.18471,-9.35748],[-171.18466,-9.35752],[-171.18462,-9.35766],[-171.18457,-9.3577],[-171.18453,-9.35775],[-171.18444,-9.35781],[-171.18448,-9.35819],[-171.18453,-9.35823],[-171.18457,-9.35828],[-171.18462,-9.35832],[-171.18466,-9.35846],[-171.18471,-9.3585],[-171.18475,-9.35864],[-171.1848,-9.35867],[-171.18484,-9.35881],[-171.18489,-9.35885],[-171.18493,-9.3589],[-171.18498,-9.35894],[-171.18502,-9.35899],[-171.18507,-9.35903],[-171.18511,-9.35917],[-171.18516,-9.3592],[-171.1852,-9.35935],[-171.18525,-9.35938],[-171.18529,-9.35943],[-171.18534,-9.35947],[-171.18538,-9.35952],[-171.18543,-9.35956],[-171.18547,-9.3597],[-171.18552,-9.35974],[-171.18556,-9.35979],[-171.18561,-9.35983],[-171.18563,-9.3599],[-171.18581,-9.3599],[-171.18581,-9.35998],[-171.18599,-9.35998],[-171.18599,-9.36007],[-171.18617,-9.36007],[-171.18617,-9.36016],[-171.18635,-9.36016],[-171.18635,-9.36025],[-171.18653,-9.36025],[-171.18653,-9.36034],[-171.18671,-9.36034]]],[[[-171.21141,-9.32524],[-171.21204,-9.32524],[-171.21204,-9.32533],[-171.21231,-9.32533],[-171.21231,-9.32541],[-171.21249,-9.32541],[-171.21249,-9.3255],[-171.21258,-9.3255],[-171.21267,-9.3255],[-171.21267,-9.32559],[-171.21276,-9.32559],[-171.21276,-9.32568],[-171.21285,-9.32568],[-171.21292,-9.3257],[-171.21296,-9.32575],[-171.21301,-9.32579],[-171.21305,-9.32584],[-171.2131,-9.32588],[-171.21314,-9.32593],[-171.21319,-9.32597],[-171.21323,-9.3261],[-171.21337,-9.32614],[-171.21341,-9.32619],[-171.21346,-9.32623],[-171.2135,-9.32628],[-171.21364,-9.32632],[-171.21368,-9.32637],[-171.21377,-9.32644],[-171.21371,-9.32659],[-171.21364,-9.3265],[-171.21357,-9.32648],[-171.21357,-9.32666],[-171.21366,-9.32666],[-171.21366,-9.32674],[-171.21375,-9.32674],[-171.21375,-9.32692],[-171.21384,-9.32692],[-171.21384,-9.32701],[-171.21384,-9.3271],[-171.21393,-9.3271],[-171.21393,-9.32772],[-171.21384,-9.32772],[-171.21384,-9.3279],[-171.21375,-9.3279],[-171.21375,-9.32799],[-171.21366,-9.32799],[-171.21366,-9.32807],[-171.21249,-9.32807],[-171.21249,-9.32799],[-171.2124,-9.32799],[-171.2124,-9.3279],[-171.21231,-9.3279],[-171.21231,-9.32772],[-171.21222,-9.32772],[-171.21222,-9.32754],[-171.21213,-9.32754],[-171.21213,-9.32736],[-171.21195,-9.32736],[-171.21195,-9.32728],[-171.21177,-9.32728],[-171.21177,-9.32719],[-171.21168,-9.32719],[-171.21168,-9.3271],[-171.2106,-9.3271],[-171.2106,-9.32701],[-171.20997,-9.32701],[-171.20997,-9.3271],[-171.20926,-9.3271],[-171.20926,-9.32719],[-171.20908,-9.32719],[-171.20908,-9.32736],[-171.20899,-9.32736],[-171.20899,-9.32772],[-171.2089,-9.32772],[-171.2089,-9.3279],[-171.20881,-9.3279],[-171.20881,-9.32799],[-171.20872,-9.32799],[-171.20872,-9.32807],[-171.20863,-9.32807],[-171.20863,-9.32816],[-171.20854,-9.32816],[-171.20854,-9.32834],[-171.20845,-9.32834],[-171.20845,-9.32843],[-171.20836,-9.32843],[-171.20836,-9.32852],[-171.20827,-9.32852],[-171.20827,-9.32861],[-171.20755,-9.32861],[-171.20755,-9.32869],[-171.20728,-9.32869],[-171.20728,-9.32878],[-171.20701,-9.32878],[-171.20701,-9.32887],[-171.20692,-9.32887],[-171.20692,-9.32896],[-171.20683,-9.32896],[-171.20683,-9.32958],[-171.20674,-9.32958],[-171.20674,-9.32967],[-171.20665,-9.32967],[-171.20665,-9.32976],[-171.20656,-9.32976],[-171.20656,-9.32985],[-171.20638,-9.32985],[-171.20638,-9.32994],[-171.20629,-9.32994],[-171.20629,-9.33002],[-171.20611,-9.33002],[-171.20611,-9.33011],[-171.20602,-9.33011],[-171.20602,-9.3302],[-171.20584,-9.3302],[-171.20584,-9.33047],[-171.20575,-9.33047],[-171.20575,-9.33064],[-171.20566,-9.33064],[-171.20566,-9.33082],[-171.20557,-9.33082],[-171.20557,-9.33091],[-171.20548,-9.33091],[-171.20548,-9.331],[-171.20539,-9.331],[-171.20539,-9.33109],[-171.2053,-9.33109],[-171.2053,-9.33127],[-171.20512,-9.33127],[-171.20512,-9.33135],[-171.20503,-9.33135],[-171.20503,-9.33144],[-171.20494,-9.33144],[-171.20494,-9.33153],[-171.20476,-9.33153],[-171.20476,-9.33171],[-171.20467,-9.33171],[-171.20467,-9.33189],[-171.20458,-9.33189],[-171.20458,-9.33206],[-171.20449,-9.33206],[-171.20449,-9.33224],[-171.2044,-9.33224],[-171.2044,-9.33268],[-171.20432,-9.33268],[-171.20432,-9.33286],[-171.20423,-9.33286],[-171.20423,-9.33295],[-171.20414,-9.33295],[-171.20414,-9.33304],[-171.20405,-9.33304],[-171.20405,-9.33313],[-171.2036,-9.33313],[-171.2036,-9.33322],[-171.20342,-9.33322],[-171.20342,-9.3333],[-171.20333,-9.3333],[-171.20333,-9.33339],[-171.20324,-9.33339],[-171.20324,-9.33348],[-171.20315,-9.33348],[-171.20315,-9.33357],[-171.20306,-9.33357],[-171.20306,-9.33366],[-171.20297,-9.33366],[-171.20297,-9.33375],[-171.20288,-9.33375],[-171.20288,-9.33392],[-171.20279,-9.33392],[-171.20279,-9.33401],[-171.20279,-9.3341],[-171.2027,-9.3341],[-171.2027,-9.33419],[-171.20261,-9.33419],[-171.20261,-9.33428],[-171.20243,-9.33428],[-171.20243,-9.33446],[-171.20234,-9.33446],[-171.20234,-9.33454],[-171.20198,-9.33454],[-171.20198,-9.33446],[-171.20189,-9.33446],[-171.20189,-9.33437],[-171.20171,-9.33437],[-171.20171,-9.33428],[-171.20162,-9.33428],[-171.20162,-9.33419],[-171.20153,-9.33419],[-171.20153,-9.3341],[-171.20144,-9.3341],[-171.20144,-9.33401],[-171.20135,-9.33401],[-171.20135,-9.33392],[-171.20126,-9.33392],[-171.20126,-9.33384],[-171.20126,-9.33375],[-171.20117,-9.33375],[-171.20117,-9.33366],[-171.20108,-9.33366],[-171.20108,-9.33348],[-171.20099,-9.33348],[-171.20099,-9.33286],[-171.20108,-9.33286],[-171.20108,-9.33277],[-171.20117,-9.33277],[-171.20117,-9.33268],[-171.20126,-9.33268],[-171.20126,-9.33259],[-171.20135,-9.33259],[-171.20135,-9.33251],[-171.20144,-9.33251],[-171.20144,-9.33233],[-171.20153,-9.33233],[-171.20153,-9.33224],[-171.20162,-9.33224],[-171.20162,-9.33215],[-171.20171,-9.33215],[-171.20171,-9.33206],[-171.2018,-9.33206],[-171.2018,-9.33197],[-171.20189,-9.33197],[-171.20189,-9.33189],[-171.20198,-9.33189],[-171.20198,-9.3318],[-171.20216,-9.3318],[-171.20216,-9.33171],[-171.20234,-9.33171],[-171.20234,-9.33162],[-171.20243,-9.33162],[-171.20243,-9.33153],[-171.20252,-9.33153],[-171.20252,-9.33144],[-171.20261,-9.33144],[-171.20261,-9.33135],[-171.2027,-9.33135],[-171.2027,-9.33127],[-171.20279,-9.33127],[-171.20279,-9.33118],[-171.20297,-9.33118],[-171.20297,-9.33109],[-171.20306,-9.33109],[-171.20306,-9.331],[-171.20315,-9.331],[-171.20315,-9.33091],[-171.20333,-9.33091],[-171.20333,-9.33073],[-171.20342,-9.33073],[-171.20342,-9.33056],[-171.20351,-9.33056],[-171.20351,-9.33047],[-171.2036,-9.33047],[-171.2036,-9.33029],[-171.20369,-9.33029],[-171.20369,-9.33011],[-171.20378,-9.33011],[-171.20378,-9.33002],[-171.20387,-9.33002],[-171.20387,-9.32994],[-171.20396,-9.32994],[-171.20396,-9.32985],[-171.20405,-9.32985],[-171.20405,-9.32976],[-171.20414,-9.32976],[-171.20414,-9.32967],[-171.20423,-9.32967],[-171.20423,-9.32958],[-171.20432,-9.32958],[-171.20432,-9.32949],[-171.2044,-9.32949],[-171.2044,-9.3294],[-171.20449,-9.3294],[-171.20449,-9.32931],[-171.20458,-9.32931],[-171.20467,-9.32931],[-171.20467,-9.32923],[-171.20476,-9.32923],[-171.20476,-9.32914],[-171.20485,-9.32914],[-171.20494,-9.32914],[-171.20494,-9.32905],[-171.20503,-9.32905],[-171.20503,-9.32896],[-171.20512,-9.32896],[-171.20512,-9.32887],[-171.20521,-9.32887],[-171.20539,-9.32887],[-171.20539,-9.32878],[-171.20548,-9.32878],[-171.20548,-9.32869],[-171.20557,-9.32869],[-171.20557,-9.32861],[-171.20566,-9.32861],[-171.20566,-9.32852],[-171.20584,-9.32852],[-171.20584,-9.32843],[-171.20602,-9.32843],[-171.20602,-9.32834],[-171.20611,-9.32834],[-171.20611,-9.32825],[-171.2062,-9.32825],[-171.2062,-9.32816],[-171.20638,-9.32816],[-171.20638,-9.32799],[-171.20647,-9.32799],[-171.20647,-9.3279],[-171.20656,-9.3279],[-171.20656,-9.32781],[-171.20665,-9.32781],[-171.20665,-9.32772],[-171.20674,-9.32772],[-171.20683,-9.32772],[-171.20683,-9.32763],[-171.20692,-9.32763],[-171.20692,-9.32754],[-171.20701,-9.32754],[-171.20701,-9.32745],[-171.2071,-9.32745],[-171.2071,-9.32736],[-171.20719,-9.32736],[-171.20719,-9.32728],[-171.20728,-9.32728],[-171.20728,-9.32719],[-171.20737,-9.32719],[-171.20737,-9.3271],[-171.20755,-9.3271],[-171.20755,-9.32701],[-171.20764,-9.32701],[-171.20764,-9.32692],[-171.20764,-9.32683],[-171.20773,-9.32683],[-171.20782,-9.32683],[-171.20782,-9.32674],[-171.20791,-9.32674],[-171.20791,-9.32666],[-171.208,-9.32666],[-171.208,-9.32657],[-171.20818,-9.32657],[-171.20818,-9.32648],[-171.20827,-9.32648],[-171.20827,-9.32639],[-171.20845,-9.32639],[-171.20845,-9.3263],[-171.20863,-9.3263],[-171.20863,-9.32621],[-171.2089,-9.32621],[-171.2089,-9.32612],[-171.20917,-9.32612],[-171.20917,-9.32604],[-171.20944,-9.32604],[-171.20944,-9.32586],[-171.20971,-9.32586],[-171.20971,-9.32577],[-171.20997,-9.32577],[-171.20997,-9.32568],[-171.21015,-9.32568],[-171.21015,-9.32559],[-171.21042,-9.32559],[-171.21042,-9.3255],[-171.21069,-9.3255],[-171.21069,-9.32541],[-171.21078,-9.32541],[-171.21105,-9.32541],[-171.21105,-9.32533],[-171.21114,-9.32533],[-171.21141,-9.32533],[-171.21141,-9.32524]]],[[[-171.18518,-9.35874],[-171.18529,-9.35877],[-171.18521,-9.35885],[-171.18518,-9.35874]]],[[[-171.18518,-9.35874],[-171.18499,-9.35872],[-171.18503,-9.35846],[-171.18511,-9.35854],[-171.18516,-9.35859],[-171.18518,-9.35874]]],[[[-171.21328,-9.42098],[-171.21323,-9.42094],[-171.21319,-9.42089],[-171.21305,-9.42085],[-171.21301,-9.4208],[-171.21287,-9.42076],[-171.21283,-9.42071],[-171.21278,-9.42068],[-171.21274,-9.42062],[-171.21269,-9.42059],[-171.21265,-9.42045],[-171.21298,-9.42041],[-171.21305,-9.4205],[-171.21328,-9.42054],[-171.21332,-9.42059],[-171.21337,-9.42062],[-171.21341,-9.42068],[-171.21346,-9.42071],[-171.2135,-9.42085],[-171.21359,-9.42092],[-171.2135,-9.42098],[-171.21346,-9.42103],[-171.2133,-9.42105],[-171.21328,-9.42098]]],[[[-171.21599,-9.41786],[-171.21653,-9.41786],[-171.21653,-9.41795],[-171.21671,-9.41795],[-171.21671,-9.41804],[-171.2168,-9.41804],[-171.2168,-9.41821],[-171.21689,-9.41821],[-171.21689,-9.4183],[-171.21698,-9.4183],[-171.21698,-9.41839],[-171.21725,-9.41839],[-171.21725,-9.41848],[-171.21734,-9.41848],[-171.21734,-9.41857],[-171.21752,-9.41857],[-171.21752,-9.41883],[-171.21743,-9.41883],[-171.21743,-9.41901],[-171.21734,-9.41901],[-171.21734,-9.41919],[-171.21725,-9.41919],[-171.21725,-9.41936],[-171.21716,-9.41936],[-171.21716,-9.41945],[-171.21698,-9.41945],[-171.21698,-9.41954],[-171.21671,-9.41954],[-171.21671,-9.41963],[-171.21644,-9.41963],[-171.21644,-9.41954],[-171.21635,-9.41954],[-171.21635,-9.41936],[-171.21626,-9.41936],[-171.21626,-9.41919],[-171.21617,-9.41919],[-171.21617,-9.4191],[-171.21599,-9.4191],[-171.21599,-9.41901],[-171.21581,-9.41901],[-171.21581,-9.41892],[-171.21572,-9.41892],[-171.21572,-9.41874],[-171.21554,-9.41874],[-171.21554,-9.41866],[-171.21545,-9.41866],[-171.21545,-9.41857],[-171.21536,-9.41857],[-171.21536,-9.41848],[-171.21527,-9.41848],[-171.21527,-9.41839],[-171.21518,-9.41839],[-171.21518,-9.41821],[-171.21527,-9.41821],[-171.21527,-9.41812],[-171.21563,-9.41812],[-171.21563,-9.41804],[-171.21581,-9.41804],[-171.21581,-9.41795],[-171.21599,-9.41795],[-171.21599,-9.41786]]],[[[-171.20971,-9.42796],[-171.20962,-9.42796],[-171.20962,-9.42778],[-171.20971,-9.42778],[-171.20971,-9.42796]]],[[[-171.21408,-9.4216],[-171.21404,-9.42156],[-171.21402,-9.42149],[-171.21393,-9.42149],[-171.21393,-9.42131],[-171.21395,-9.42103],[-171.21404,-9.42112],[-171.21417,-9.42116],[-171.21422,-9.4212],[-171.21462,-9.42125],[-171.21467,-9.42129],[-171.21471,-9.42134],[-171.21476,-9.42143],[-171.21467,-9.42151],[-171.21462,-9.42165],[-171.21458,-9.42169],[-171.21453,-9.42174],[-171.21414,-9.42178],[-171.21408,-9.4216]]],[[[-171.19731,-9.41511],[-171.19731,-9.41529],[-171.19722,-9.41529],[-171.19722,-9.41547],[-171.19713,-9.41547],[-171.19713,-9.41555],[-171.19704,-9.41555],[-171.19704,-9.41573],[-171.19695,-9.41573],[-171.19695,-9.41582],[-171.19686,-9.41582],[-171.19686,-9.416],[-171.19677,-9.416],[-171.19677,-9.41626],[-171.19668,-9.41626],[-171.19668,-9.41644],[-171.19659,-9.41644],[-171.19659,-9.41662],[-171.1965,-9.41662],[-171.1965,-9.41679],[-171.19641,-9.41679],[-171.19641,-9.41697],[-171.19632,-9.41697],[-171.19632,-9.41706],[-171.19623,-9.41706],[-171.19623,-9.41715],[-171.19614,-9.41715],[-171.19614,-9.41733],[-171.19605,-9.41733],[-171.19605,-9.41742],[-171.19605,-9.41768],[-171.19612,-9.41766],[-171.19619,-9.41757],[-171.19625,-9.41772],[-171.19616,-9.41779],[-171.19612,-9.41784],[-171.19605,-9.41786],[-171.19596,-9.41786],[-171.19596,-9.41804],[-171.19587,-9.41804],[-171.19587,-9.41812],[-171.19578,-9.41812],[-171.19578,-9.41821],[-171.19569,-9.41821],[-171.19569,-9.41839],[-171.1956,-9.41839],[-171.1956,-9.41874],[-171.19569,-9.41874],[-171.19569,-9.41892],[-171.19578,-9.41892],[-171.19578,-9.41919],[-171.19569,-9.41919],[-171.19569,-9.41954],[-171.1956,-9.41954],[-171.1956,-9.41972],[-171.19569,-9.41972],[-171.19569,-9.41999],[-171.1956,-9.41999],[-171.1956,-9.42007],[-171.1956,-9.42016],[-171.19551,-9.42016],[-171.19551,-9.42025],[-171.19551,-9.42034],[-171.19542,-9.42034],[-171.19542,-9.42052],[-171.19533,-9.42052],[-171.19533,-9.42123],[-171.19515,-9.42123],[-171.19515,-9.42114],[-171.19506,-9.42114],[-171.19506,-9.42105],[-171.19461,-9.42105],[-171.19461,-9.42114],[-171.19452,-9.42114],[-171.19452,-9.42123],[-171.19443,-9.42123],[-171.19443,-9.42158],[-171.19452,-9.42158],[-171.19452,-9.42176],[-171.1947,-9.42176],[-171.1947,-9.42185],[-171.19479,-9.42185],[-171.19479,-9.42193],[-171.19497,-9.42193],[-171.19497,-9.42202],[-171.19506,-9.42202],[-171.19506,-9.4222],[-171.19497,-9.4222],[-171.19497,-9.42229],[-171.1947,-9.42229],[-171.1947,-9.42282],[-171.19479,-9.42282],[-171.19479,-9.42291],[-171.19497,-9.42291],[-171.19506,-9.42291],[-171.19506,-9.423],[-171.19524,-9.423],[-171.19524,-9.42326],[-171.19533,-9.42326],[-171.19533,-9.42362],[-171.19524,-9.42362],[-171.19524,-9.4238],[-171.19515,-9.4238],[-171.19515,-9.42388],[-171.19506,-9.42388],[-171.19506,-9.42415],[-171.19515,-9.42415],[-171.19515,-9.42424],[-171.19524,-9.42424],[-171.19524,-9.42442],[-171.19533,-9.42442],[-171.19533,-9.42477],[-171.19524,-9.42477],[-171.19524,-9.42495],[-171.19515,-9.42495],[-171.19515,-9.42504],[-171.19506,-9.42504],[-171.19506,-9.42548],[-171.19515,-9.42548],[-171.19515,-9.42557],[-171.19524,-9.42557],[-171.19524,-9.42566],[-171.19542,-9.42566],[-171.19542,-9.42575],[-171.19551,-9.42575],[-171.19551,-9.42592],[-171.1956,-9.42592],[-171.1956,-9.42628],[-171.19569,-9.42628],[-171.19569,-9.42645],[-171.19578,-9.42645],[-171.19578,-9.42654],[-171.19587,-9.42654],[-171.19587,-9.42663],[-171.19596,-9.42663],[-171.19596,-9.42672],[-171.19605,-9.42672],[-171.19605,-9.42681],[-171.19623,-9.42681],[-171.19623,-9.4269],[-171.19641,-9.4269],[-171.19641,-9.42699],[-171.1965,-9.42699],[-171.1965,-9.42725],[-171.19641,-9.42725],[-171.19641,-9.42734],[-171.19632,-9.42734],[-171.1963,-9.42741],[-171.19625,-9.42745],[-171.19621,-9.42768],[-171.19616,-9.42771],[-171.19612,-9.42777],[-171.19607,-9.4278],[-171.19603,-9.42785],[-171.19553,-9.42789],[-171.19549,-9.42794],[-171.1952,-9.42798],[-171.19513,-9.42789],[-171.19499,-9.42785],[-171.19495,-9.4278],[-171.1949,-9.42777],[-171.19486,-9.42771],[-171.19472,-9.42768],[-171.19468,-9.42762],[-171.19454,-9.42759],[-171.1945,-9.42754],[-171.19445,-9.4275],[-171.19441,-9.42745],[-171.19436,-9.42741],[-171.19433,-9.42736],[-171.19427,-9.42732],[-171.19424,-9.42727],[-171.19418,-9.42723],[-171.19415,-9.42638],[-171.19409,-9.42635],[-171.19406,-9.42612],[-171.194,-9.42608],[-171.19397,-9.42585],[-171.19391,-9.42582],[-171.19388,-9.4255],[-171.19382,-9.42546],[-171.19379,-9.42417],[-171.19373,-9.42413],[-171.1937,-9.42275],[-171.19364,-9.42271],[-171.19361,-9.42242],[-171.1937,-9.42236],[-171.19373,-9.42116],[-171.19379,-9.42112],[-171.19382,-9.42036],[-171.19388,-9.42032],[-171.19391,-9.41992],[-171.19397,-9.41988],[-171.194,-9.41965],[-171.19406,-9.41961],[-171.19409,-9.41912],[-171.19415,-9.41908],[-171.19418,-9.41867],[-171.19424,-9.41864],[-171.19427,-9.41832],[-171.19433,-9.41828],[-171.19436,-9.41797],[-171.19441,-9.41793],[-171.19445,-9.41761],[-171.1945,-9.41757],[-171.19454,-9.41708],[-171.19459,-9.41704],[-171.19463,-9.41664],[-171.19468,-9.4166],[-171.19472,-9.41637],[-171.19477,-9.41633],[-171.19481,-9.4161],[-171.19486,-9.41607],[-171.1949,-9.41584],[-171.19495,-9.4158],[-171.19499,-9.41557],[-171.19504,-9.41554],[-171.19508,-9.41522],[-171.19522,-9.41518],[-171.19526,-9.41495],[-171.19531,-9.41492],[-171.19535,-9.41478],[-171.1954,-9.41474],[-171.19544,-9.41442],[-171.19549,-9.41438],[-171.19553,-9.41415],[-171.19558,-9.41412],[-171.19562,-9.41398],[-171.19567,-9.41394],[-171.19571,-9.4138],[-171.19585,-9.41376],[-171.19589,-9.41371],[-171.19594,-9.41367],[-171.19598,-9.41353],[-171.19603,-9.4135],[-171.19607,-9.41309],[-171.19612,-9.41305],[-171.19616,-9.413],[-171.1963,-9.41297],[-171.19637,-9.41288],[-171.19643,-9.41297],[-171.19663,-9.413],[-171.1967,-9.41291],[-171.19686,-9.4129],[-171.19758,-9.4129],[-171.19758,-9.41281],[-171.19812,-9.41281],[-171.19812,-9.41272],[-171.19839,-9.41272],[-171.19839,-9.41263],[-171.19902,-9.41263],[-171.19902,-9.41272],[-171.19911,-9.41272],[-171.19913,-9.41243],[-171.19953,-9.41247],[-171.19957,-9.41252],[-171.19962,-9.41256],[-171.19966,-9.41261],[-171.19971,-9.41265],[-171.19975,-9.4127],[-171.1998,-9.41274],[-171.19984,-9.41279],[-171.19993,-9.41286],[-171.19989,-9.41314],[-171.19984,-9.41318],[-171.1998,-9.41323],[-171.19975,-9.41327],[-171.19971,-9.41332],[-171.19966,-9.41336],[-171.19961,-9.41354],[-171.19953,-9.41345],[-171.19949,-9.41341],[-171.19944,-9.41327],[-171.19937,-9.41325],[-171.19937,-9.4136],[-171.19928,-9.4136],[-171.19928,-9.41369],[-171.19919,-9.41369],[-171.19919,-9.41378],[-171.19884,-9.41378],[-171.19884,-9.41387],[-171.19866,-9.41387],[-171.19866,-9.41405],[-171.19857,-9.41405],[-171.19857,-9.41414],[-171.19839,-9.41414],[-171.19839,-9.41422],[-171.19821,-9.41422],[-171.19821,-9.41431],[-171.19794,-9.41431],[-171.19794,-9.4144],[-171.19767,-9.4144],[-171.19767,-9.41449],[-171.19758,-9.41449],[-171.19758,-9.41476],[-171.19749,-9.41476],[-171.19749,-9.41485],[-171.19731,-9.41485],[-171.19731,-9.41493],[-171.19722,-9.41493],[-171.19722,-9.41511],[-171.19731,-9.41511]],[[-171.19794,-9.41431],[-171.19794,-9.41422],[-171.19803,-9.41422],[-171.19803,-9.41405],[-171.19812,-9.41405],[-171.19812,-9.41387],[-171.19821,-9.41387],[-171.19821,-9.41378],[-171.19875,-9.41378],[-171.19875,-9.41369],[-171.19848,-9.41369],[-171.19848,-9.4136],[-171.19758,-9.4136],[-171.19758,-9.41369],[-171.1974,-9.41369],[-171.1974,-9.41387],[-171.19749,-9.41387],[-171.19749,-9.41405],[-171.19767,-9.41405],[-171.19767,-9.41414],[-171.19776,-9.41414],[-171.19776,-9.41422],[-171.19785,-9.41422],[-171.19785,-9.41431],[-171.19794,-9.41431]]],[[[-171.19863,-9.41084],[-171.19868,-9.41079],[-171.19926,-9.41075],[-171.19931,-9.4107],[-171.19944,-9.41066],[-171.19951,-9.41059],[-171.19958,-9.41066],[-171.1998,-9.4107],[-171.19985,-9.41084],[-171.19989,-9.41088],[-171.19994,-9.41092],[-171.20002,-9.41101],[-171.19958,-9.41106],[-171.19953,-9.4111],[-171.19949,-9.41114],[-171.19944,-9.41119],[-171.19931,-9.41123],[-171.19926,-9.41128],[-171.19904,-9.41132],[-171.19899,-9.41137],[-171.19875,-9.41139],[-171.19857,-9.41139],[-171.19857,-9.41148],[-171.19848,-9.41148],[-171.19848,-9.41157],[-171.1983,-9.41157],[-171.1983,-9.41165],[-171.19803,-9.41165],[-171.19803,-9.41174],[-171.19785,-9.41174],[-171.19785,-9.41183],[-171.19713,-9.41183],[-171.19713,-9.41174],[-171.19695,-9.41174],[-171.19695,-9.41165],[-171.19677,-9.41165],[-171.19677,-9.41157],[-171.19659,-9.41157],[-171.19641,-9.41157],[-171.19641,-9.41148],[-171.19632,-9.41148],[-171.19632,-9.41112],[-171.19623,-9.41112],[-171.19623,-9.41077],[-171.19632,-9.41077],[-171.19632,-9.41068],[-171.19659,-9.41068],[-171.19659,-9.41077],[-171.19668,-9.41077],[-171.19695,-9.41077],[-171.19695,-9.41068],[-171.19731,-9.41068],[-171.19731,-9.41077],[-171.19758,-9.41077],[-171.19758,-9.41086],[-171.19803,-9.41086],[-171.19803,-9.41095],[-171.19821,-9.41095],[-171.1983,-9.41095],[-171.1983,-9.41086],[-171.19857,-9.41086],[-171.19863,-9.41084]]],[[[-171.19635,-9.41713],[-171.19643,-9.41721],[-171.19632,-9.41724],[-171.19635,-9.41713]]],[[[-171.19731,-9.41511],[-171.19734,-9.41501],[-171.19742,-9.41508],[-171.19731,-9.41511]]],[[[-171.19866,-9.43213],[-171.19884,-9.43213],[-171.19893,-9.43213],[-171.19893,-9.43221],[-171.19902,-9.43221],[-171.19902,-9.4323],[-171.19919,-9.4323],[-171.19919,-9.43248],[-171.19928,-9.43248],[-171.19928,-9.43257],[-171.19937,-9.43257],[-171.19937,-9.43266],[-171.19946,-9.43266],[-171.19946,-9.43275],[-171.19964,-9.43275],[-171.19964,-9.43301],[-171.19955,-9.43301],[-171.19955,-9.4331],[-171.19946,-9.4331],[-171.19946,-9.43328],[-171.19937,-9.43328],[-171.19937,-9.43337],[-171.19928,-9.43337],[-171.19928,-9.43346],[-171.19919,-9.43346],[-171.19919,-9.43354],[-171.19902,-9.43354],[-171.19902,-9.43363],[-171.19884,-9.43363],[-171.19884,-9.43372],[-171.19875,-9.43372],[-171.19866,-9.43372],[-171.19866,-9.43381],[-171.19875,-9.43381],[-171.19875,-9.43416],[-171.19884,-9.43416],[-171.19884,-9.43452],[-171.19875,-9.43452],[-171.19875,-9.43461],[-171.19866,-9.43461],[-171.19866,-9.43452],[-171.19857,-9.43452],[-171.19848,-9.43452],[-171.19848,-9.43443],[-171.1983,-9.43443],[-171.1983,-9.43434],[-171.19821,-9.43434],[-171.19821,-9.43425],[-171.19812,-9.43425],[-171.19812,-9.43399],[-171.19803,-9.43399],[-171.19803,-9.43381],[-171.19794,-9.43381],[-171.19794,-9.43372],[-171.19785,-9.43372],[-171.19785,-9.43363],[-171.19776,-9.43363],[-171.19776,-9.4331],[-171.19785,-9.4331],[-171.19785,-9.43266],[-171.19794,-9.43266],[-171.19794,-9.43257],[-171.19803,-9.43257],[-171.19803,-9.43248],[-171.19812,-9.43248],[-171.19812,-9.43239],[-171.1983,-9.43239],[-171.1983,-9.4323],[-171.19848,-9.4323],[-171.19848,-9.43221],[-171.19866,-9.43221],[-171.19866,-9.43213]]],[[[-171.20825,-9.43162],[-171.2082,-9.43157],[-171.20816,-9.43153],[-171.20807,-9.43144],[-171.20839,-9.4314],[-171.20847,-9.43148],[-171.20852,-9.43153],[-171.20856,-9.43166],[-171.20827,-9.43168],[-171.20825,-9.43162]]],[[[-171.20108,-9.43408],[-171.20111,-9.43397],[-171.20119,-9.43404],[-171.20108,-9.43408]]],[[[-171.19713,-9.43248],[-171.19722,-9.43248],[-171.19722,-9.43337],[-171.19704,-9.43337],[-171.19704,-9.43328],[-171.19686,-9.43328],[-171.19686,-9.43319],[-171.19677,-9.43319],[-171.19677,-9.4331],[-171.19668,-9.4331],[-171.19668,-9.43292],[-171.19677,-9.43292],[-171.19677,-9.43283],[-171.19686,-9.43283],[-171.19686,-9.43275],[-171.19695,-9.43275],[-171.19695,-9.43266],[-171.19704,-9.43266],[-171.19704,-9.43257],[-171.19713,-9.43257],[-171.19713,-9.43248]]],[[[-171.19614,-9.42885],[-171.19632,-9.42885],[-171.19632,-9.42894],[-171.1965,-9.42894],[-171.1965,-9.42902],[-171.19695,-9.42902],[-171.19698,-9.42892],[-171.19706,-9.429],[-171.1972,-9.42904],[-171.19724,-9.42917],[-171.19713,-9.4292],[-171.19713,-9.42929],[-171.19713,-9.42938],[-171.19722,-9.42938],[-171.19722,-9.42947],[-171.19731,-9.42947],[-171.19731,-9.42956],[-171.1974,-9.42956],[-171.1974,-9.42973],[-171.19731,-9.42973],[-171.19731,-9.42982],[-171.1974,-9.42982],[-171.19749,-9.42982],[-171.19749,-9.42991],[-171.19747,-9.42998],[-171.19742,-9.43002],[-171.19734,-9.43011],[-171.19731,-9.43],[-171.19722,-9.43],[-171.19722,-9.43009],[-171.19704,-9.43009],[-171.19704,-9.43018],[-171.19686,-9.43018],[-171.19686,-9.43027],[-171.19668,-9.43026],[-171.19668,-9.43035],[-171.1965,-9.43035],[-171.1965,-9.43044],[-171.19623,-9.43044],[-171.19623,-9.43035],[-171.19614,-9.43035],[-171.19614,-9.43018],[-171.1958,-9.43016],[-171.19576,-9.43011],[-171.19562,-9.43007],[-171.19558,-9.43002],[-171.19553,-9.42998],[-171.19549,-9.42984],[-171.1954,-9.42978],[-171.19549,-9.42971],[-171.19553,-9.42966],[-171.19558,-9.42963],[-171.19562,-9.42957],[-171.19567,-9.42954],[-171.19571,-9.42949],[-171.19578,-9.42947],[-171.19578,-9.42929],[-171.19587,-9.42929],[-171.19587,-9.42902],[-171.19596,-9.42902],[-171.19596,-9.42894],[-171.19614,-9.42894],[-171.19614,-9.42885]]],[[[-171.20971,-9.42796],[-171.20981,-9.42799],[-171.20974,-9.42807],[-171.20971,-9.42796]]],[[[-171.20762,-9.43135],[-171.20748,-9.43131],[-171.20744,-9.43126],[-171.20739,-9.43122],[-171.20735,-9.43117],[-171.20721,-9.43113],[-171.20717,-9.43108],[-171.20712,-9.43104],[-171.20708,-9.43082],[-171.20699,-9.43074],[-171.20722,-9.43069],[-171.2073,-9.43078],[-171.20744,-9.43082],[-171.20748,-9.43086],[-171.20762,-9.43091],[-171.20766,-9.43095],[-171.20771,-9.431],[-171.20775,-9.43104],[-171.2078,-9.43108],[-171.20784,-9.43139],[-171.20764,-9.43142],[-171.20762,-9.43135]]],[[[-171.20888,-9.43082],[-171.20883,-9.43078],[-171.20879,-9.43073],[-171.20874,-9.43069],[-171.2087,-9.43064],[-171.20865,-9.4306],[-171.20861,-9.43055],[-171.20847,-9.43051],[-171.20843,-9.43046],[-171.20836,-9.43044],[-171.20809,-9.43044],[-171.20809,-9.43035],[-171.208,-9.43035],[-171.208,-9.43018],[-171.20791,-9.43018],[-171.20791,-9.43009],[-171.20793,-9.42993],[-171.20798,-9.42989],[-171.20804,-9.4298],[-171.2087,-9.42984],[-171.20874,-9.42989],[-171.20888,-9.42993],[-171.20892,-9.42998],[-171.20897,-9.43002],[-171.20901,-9.43007],[-171.20915,-9.43011],[-171.20918,-9.43016],[-171.20924,-9.43019],[-171.20927,-9.43025],[-171.20936,-9.43031],[-171.20933,-9.43051],[-171.20927,-9.43055],[-171.20924,-9.43069],[-171.20909,-9.43073],[-171.20906,-9.43078],[-171.20901,-9.43082],[-171.20894,-9.4309],[-171.20888,-9.43082]]],[[[-171.18895,-9.36663],[-171.1888,-9.36665],[-171.18872,-9.36674],[-171.18866,-9.36652],[-171.18875,-9.36643],[-171.1888,-9.3663],[-171.18884,-9.36626],[-171.18889,-9.36612],[-171.18897,-9.36604],[-171.1888,-9.36599],[-171.18873,-9.36592],[-171.18863,-9.36603],[-171.18857,-9.36581],[-171.18866,-9.36572],[-171.18871,-9.36545],[-171.18862,-9.36537],[-171.18857,-9.36527],[-171.18866,-9.36519],[-171.18871,-9.36506],[-171.18902,-9.36501],[-171.18907,-9.36648],[-171.18898,-9.36656],[-171.18895,-9.36663]]],[[[-171.19147,-9.36388],[-171.19192,-9.36388],[-171.19192,-9.36406],[-171.19183,-9.36406],[-171.19183,-9.36424],[-171.19174,-9.36424],[-171.19174,-9.36442],[-171.19165,-9.36442],[-171.19165,-9.3645],[-171.19138,-9.3645],[-171.19138,-9.36459],[-171.19102,-9.36459],[-171.19102,-9.3645],[-171.19084,-9.3645],[-171.19084,-9.36433],[-171.19093,-9.36433],[-171.19093,-9.36424],[-171.19102,-9.36424],[-171.19102,-9.36415],[-171.19111,-9.36415],[-171.19111,-9.36406],[-171.19129,-9.36406],[-171.19129,-9.36397],[-171.19147,-9.36397],[-171.19147,-9.36388]]],[[[-171.19118,-9.36635],[-171.19122,-9.3663],[-171.19136,-9.36626],[-171.1914,-9.36621],[-171.19145,-9.36617],[-171.19149,-9.36612],[-171.19162,-9.36608],[-171.19165,-9.36619],[-171.19174,-9.36619],[-171.19174,-9.36637],[-171.19156,-9.36637],[-171.19131,-9.36639],[-171.19124,-9.36647],[-171.19109,-9.36642],[-171.19118,-9.36635]]],[[[-171.18789,-9.36612],[-171.18795,-9.36608],[-171.18798,-9.36603],[-171.18822,-9.36599],[-171.18828,-9.36591],[-171.18834,-9.36599],[-171.18849,-9.36603],[-171.18852,-9.36607],[-171.18834,-9.36612],[-171.18831,-9.36617],[-171.18816,-9.36621],[-171.18813,-9.36626],[-171.18798,-9.3663],[-171.18795,-9.36635],[-171.18788,-9.36637],[-171.18788,-9.36654],[-171.18779,-9.36654],[-171.18779,-9.36672],[-171.18752,-9.36672],[-171.18752,-9.36654],[-171.18743,-9.36654],[-171.18743,-9.36628],[-171.18752,-9.36628],[-171.18752,-9.36619],[-171.1877,-9.36619],[-171.18779,-9.36619],[-171.18788,-9.36619],[-171.18789,-9.36612]]],[[[-171.18671,-9.36025],[-171.18662,-9.36025],[-171.18662,-9.36016],[-171.18671,-9.36016],[-171.18671,-9.36025]]],[[[-171.18662,-9.36016],[-171.18651,-9.36013],[-171.18659,-9.36005],[-171.18662,-9.36016]]],[[[-171.18768,-9.36514],[-171.18763,-9.36511],[-171.18759,-9.36497],[-171.18754,-9.36493],[-171.1875,-9.3647],[-171.18745,-9.36466],[-171.18741,-9.36437],[-171.1875,-9.36431],[-171.18754,-9.36426],[-171.18759,-9.36422],[-171.18763,-9.36417],[-171.18786,-9.36413],[-171.18789,-9.36408],[-171.18813,-9.36404],[-171.18816,-9.36399],[-171.18876,-9.36395],[-171.18879,-9.3639],[-171.18894,-9.36387],[-171.18897,-9.36381],[-171.18911,-9.36378],[-171.18915,-9.36373],[-171.18929,-9.36369],[-171.18933,-9.36364],[-171.18947,-9.3636],[-171.18951,-9.36355],[-171.18956,-9.36351],[-171.1896,-9.36346],[-171.18974,-9.36342],[-171.18978,-9.36337],[-171.18992,-9.36333],[-171.18996,-9.36328],[-171.19028,-9.36325],[-171.19035,-9.36316],[-171.19041,-9.36325],[-171.1905,-9.36331],[-171.19041,-9.36337],[-171.19037,-9.36351],[-171.19032,-9.36355],[-171.19028,-9.36369],[-171.19023,-9.36373],[-171.19019,-9.36378],[-171.19014,-9.36381],[-171.1901,-9.36387],[-171.19005,-9.3639],[-171.19001,-9.36395],[-171.18987,-9.36399],[-171.18983,-9.36404],[-171.18969,-9.36408],[-171.18965,-9.36413],[-171.18951,-9.36417],[-171.18947,-9.36422],[-171.18924,-9.36426],[-171.1892,-9.36431],[-171.18906,-9.36435],[-171.18903,-9.36449],[-171.18879,-9.36452],[-171.18876,-9.36457],[-171.1887,-9.36461],[-171.18867,-9.36466],[-171.18861,-9.3647],[-171.18858,-9.36475],[-171.18852,-9.36479],[-171.18849,-9.36484],[-171.18843,-9.36488],[-171.1884,-9.36493],[-171.18825,-9.36497],[-171.18822,-9.36502],[-171.18816,-9.36505],[-171.18813,-9.36511],[-171.18798,-9.36514],[-171.18795,-9.36528],[-171.1877,-9.3653],[-171.18768,-9.36514]]],[[[-171.18671,-9.36034],[-171.18671,-9.36025],[-171.18689,-9.36025],[-171.18689,-9.36034],[-171.18671,-9.36034]]],[[[-171.19082,-9.3706],[-171.19086,-9.37055],[-171.19136,-9.37051],[-171.1914,-9.37046],[-171.19154,-9.37042],[-171.19158,-9.37037],[-171.19163,-9.37034],[-171.19167,-9.37028],[-171.19181,-9.37025],[-171.19185,-9.3702],[-171.19199,-9.37016],[-171.19203,-9.37011],[-171.19226,-9.37007],[-171.1923,-9.37002],[-171.19244,-9.36998],[-171.19248,-9.36993],[-171.19271,-9.36989],[-171.19275,-9.36975],[-171.19289,-9.36972],[-171.19293,-9.36966],[-171.19316,-9.36963],[-171.19322,-9.36954],[-171.19328,-9.36963],[-171.19337,-9.36969],[-171.19328,-9.36975],[-171.19325,-9.36989],[-171.19319,-9.36993],[-171.19316,-9.36998],[-171.19311,-9.37002],[-171.19307,-9.37007],[-171.19302,-9.37011],[-171.19298,-9.37016],[-171.19293,-9.3702],[-171.19289,-9.37025],[-171.19284,-9.37028],[-171.1928,-9.37034],[-171.19275,-9.37037],[-171.19271,-9.37042],[-171.19266,-9.37046],[-171.19262,-9.37051],[-171.19257,-9.37055],[-171.19253,-9.3706],[-171.19239,-9.37064],[-171.19235,-9.37069],[-171.1923,-9.37073],[-171.19226,-9.37078],[-171.19221,-9.37082],[-171.19217,-9.37087],[-171.19203,-9.3709],[-171.19199,-9.37096],[-171.19185,-9.37099],[-171.19181,-9.37104],[-171.19176,-9.37108],[-171.19172,-9.37113],[-171.19158,-9.37117],[-171.19154,-9.37122],[-171.1914,-9.37126],[-171.19136,-9.37131],[-171.19122,-9.37135],[-171.19118,-9.3714],[-171.19102,-9.37142],[-171.19102,-9.37151],[-171.19093,-9.37151],[-171.19093,-9.3716],[-171.19084,-9.3716],[-171.19084,-9.37168],[-171.19066,-9.37168],[-171.19066,-9.37151],[-171.19048,-9.37151],[-171.19048,-9.37142],[-171.19039,-9.37142],[-171.19039,-9.37133],[-171.19021,-9.37133],[-171.19021,-9.37115],[-171.19003,-9.37115],[-171.19003,-9.37089],[-171.19021,-9.37089],[-171.19021,-9.3708],[-171.19048,-9.3708],[-171.19048,-9.37071],[-171.19066,-9.37071],[-171.19066,-9.37062],[-171.19075,-9.37062],[-171.19082,-9.3706]]],[[[-171.19023,-9.36949],[-171.19028,-9.36945],[-171.19032,-9.3694],[-171.19046,-9.36936],[-171.1905,-9.36931],[-171.19064,-9.36927],[-171.19068,-9.36922],[-171.19082,-9.36918],[-171.19086,-9.36913],[-171.19109,-9.36909],[-171.19116,-9.36902],[-171.1914,-9.36905],[-171.19131,-9.36913],[-171.19127,-9.36918],[-171.19122,-9.36922],[-171.19118,-9.36927],[-171.19104,-9.36931],[-171.191,-9.36936],[-171.19095,-9.3694],[-171.19091,-9.36945],[-171.19086,-9.36949],[-171.19082,-9.36954],[-171.19068,-9.36958],[-171.19064,-9.36962],[-171.19021,-9.36965],[-171.19012,-9.36965],[-171.19012,-9.36982],[-171.19003,-9.36982],[-171.19003,-9.36991],[-171.19001,-9.36998],[-171.18992,-9.37004],[-171.19005,-9.37013],[-171.18996,-9.3702],[-171.18992,-9.37034],[-171.18978,-9.37037],[-171.18974,-9.37042],[-171.1896,-9.37046],[-171.18958,-9.37009],[-171.18958,-9.37],[-171.18958,-9.36991],[-171.18967,-9.36991],[-171.18967,-9.36982],[-171.18976,-9.36982],[-171.18994,-9.36982],[-171.18994,-9.36965],[-171.19003,-9.36965],[-171.19003,-9.36956],[-171.19021,-9.36956],[-171.19023,-9.36949]]],[[[-171.26405,-9.37292],[-171.26468,-9.37292],[-171.26468,-9.37301],[-171.26504,-9.37301],[-171.26504,-9.3731],[-171.2654,-9.3731],[-171.2654,-9.37319],[-171.26549,-9.37319],[-171.26549,-9.37328],[-171.26567,-9.37328],[-171.26567,-9.37337],[-171.26594,-9.37337],[-171.26594,-9.37346],[-171.2663,-9.37346],[-171.2663,-9.37355],[-171.26657,-9.37355],[-171.26657,-9.37363],[-171.26675,-9.37363],[-171.26675,-9.37372],[-171.26684,-9.37372],[-171.26684,-9.37381],[-171.26738,-9.37381],[-171.26738,-9.37372],[-171.26756,-9.37372],[-171.26756,-9.37363],[-171.26774,-9.37363],[-171.26774,-9.37355],[-171.2681,-9.37355],[-171.2681,-9.37346],[-171.26828,-9.37346],[-171.26828,-9.37337],[-171.26935,-9.37337],[-171.26935,-9.37346],[-171.26944,-9.37346],[-171.26944,-9.37355],[-171.26953,-9.37355],[-171.26953,-9.37425],[-171.26962,-9.37425],[-171.26962,-9.37452],[-171.26971,-9.37452],[-171.26971,-9.37479],[-171.2698,-9.37479],[-171.2698,-9.37505],[-171.26989,-9.37505],[-171.26989,-9.37523],[-171.26998,-9.37523],[-171.26998,-9.37532],[-171.27007,-9.37532],[-171.27007,-9.37541],[-171.27016,-9.37541],[-171.27016,-9.37549],[-171.27025,-9.37549],[-171.27025,-9.37558],[-171.27034,-9.37558],[-171.27034,-9.37576],[-171.27043,-9.37576],[-171.27043,-9.37594],[-171.27052,-9.37594],[-171.27052,-9.37612],[-171.27061,-9.37612],[-171.27061,-9.37691],[-171.27052,-9.37691],[-171.27052,-9.37709],[-171.27043,-9.37709],[-171.27043,-9.37718],[-171.27034,-9.37718],[-171.27034,-9.37727],[-171.27025,-9.37727],[-171.27025,-9.37736],[-171.27007,-9.37736],[-171.27007,-9.37744],[-171.26989,-9.37744],[-171.26989,-9.37753],[-171.26971,-9.37753],[-171.26971,-9.37762],[-171.26944,-9.37762],[-171.26944,-9.37771],[-171.26819,-9.37771],[-171.26819,-9.37762],[-171.26792,-9.37762],[-171.26792,-9.37753],[-171.26765,-9.37753],[-171.26765,-9.37744],[-171.2672,-9.37744],[-171.2672,-9.37736],[-171.26666,-9.37736],[-171.26666,-9.37727],[-171.26639,-9.37727],[-171.26639,-9.37718],[-171.26612,-9.37718],[-171.26612,-9.37709],[-171.26567,-9.37709],[-171.26567,-9.377],[-171.26522,-9.377],[-171.26522,-9.37691],[-171.26486,-9.37691],[-171.26486,-9.37682],[-171.26432,-9.37682],[-171.26432,-9.37674],[-171.26387,-9.37674],[-171.26387,-9.37665],[-171.26351,-9.37665],[-171.26351,-9.37656],[-171.26315,-9.37656],[-171.26315,-9.37647],[-171.26306,-9.37647],[-171.26306,-9.37629],[-171.26289,-9.37629],[-171.26289,-9.3762],[-171.2628,-9.3762],[-171.2628,-9.37612],[-171.26271,-9.37612],[-171.26271,-9.37603],[-171.26244,-9.37603],[-171.26244,-9.37594],[-171.26226,-9.37594],[-171.26226,-9.37585],[-171.26199,-9.37585],[-171.26199,-9.37576],[-171.26154,-9.37576],[-171.26154,-9.37567],[-171.26136,-9.37567],[-171.26109,-9.37567],[-171.26109,-9.37576],[-171.261,-9.37576],[-171.26082,-9.37576],[-171.26048,-9.37574],[-171.26044,-9.37569],[-171.2603,-9.37565],[-171.26026,-9.3756],[-171.26021,-9.37557],[-171.26017,-9.37551],[-171.26012,-9.37548],[-171.26008,-9.37542],[-171.26003,-9.37539],[-171.25999,-9.37534],[-171.25994,-9.3753],[-171.2599,-9.37525],[-171.25985,-9.37521],[-171.25981,-9.37516],[-171.25976,-9.37512],[-171.25972,-9.37507],[-171.25967,-9.37503],[-171.25963,-9.37498],[-171.25958,-9.37494],[-171.25954,-9.37489],[-171.25949,-9.37486],[-171.25945,-9.37463],[-171.25936,-9.37456],[-171.25945,-9.3745],[-171.25949,-9.37445],[-171.25989,-9.37441],[-171.25992,-9.37452],[-171.2601,-9.37452],[-171.26073,-9.37452],[-171.26073,-9.37443],[-171.26109,-9.37443],[-171.26109,-9.37434],[-171.26136,-9.37434],[-171.26136,-9.37425],[-171.26163,-9.37425],[-171.26163,-9.37417],[-171.26181,-9.37417],[-171.26181,-9.37408],[-171.26226,-9.37408],[-171.26226,-9.37399],[-171.26244,-9.37399],[-171.26244,-9.3739],[-171.26271,-9.3739],[-171.26271,-9.37381],[-171.26289,-9.37381],[-171.26289,-9.37372],[-171.26306,-9.37372],[-171.26306,-9.37363],[-171.26324,-9.37363],[-171.26324,-9.37355],[-171.26333,-9.37355],[-171.26333,-9.37346],[-171.26342,-9.37346],[-171.26342,-9.37337],[-171.26351,-9.37337],[-171.26351,-9.37328],[-171.2636,-9.37328],[-171.2636,-9.37319],[-171.26369,-9.37319],[-171.26369,-9.3731],[-171.26387,-9.3731],[-171.26387,-9.37301],[-171.26405,-9.37301],[-171.26405,-9.37292]]],[[[-171.19118,-9.37268],[-171.19111,-9.37261],[-171.19118,-9.37255],[-171.19123,-9.37238],[-171.19149,-9.37242],[-171.1914,-9.3725],[-171.19136,-9.37255],[-171.19131,-9.37259],[-171.19127,-9.37273],[-171.1912,-9.37275],[-171.19118,-9.37268]]],[[[-171.18895,-9.36663],[-171.18904,-9.36663],[-171.18904,-9.3669],[-171.18931,-9.3669],[-171.18931,-9.36681],[-171.18949,-9.36681],[-171.18949,-9.36672],[-171.18967,-9.36672],[-171.18967,-9.36663],[-171.19048,-9.36663],[-171.19048,-9.36654],[-171.19084,-9.36654],[-171.19084,-9.36663],[-171.19093,-9.36663],[-171.19091,-9.36679],[-171.19086,-9.36683],[-171.19082,-9.36688],[-171.19059,-9.36692],[-171.19055,-9.36697],[-171.19041,-9.367],[-171.19037,-9.36714],[-171.19032,-9.36718],[-171.19028,-9.36732],[-171.19023,-9.36736],[-171.19019,-9.36741],[-171.19014,-9.36745],[-171.1901,-9.3675],[-171.18996,-9.36754],[-171.18992,-9.36759],[-171.18934,-9.36763],[-171.18929,-9.36745],[-171.18915,-9.36741],[-171.18909,-9.36732],[-171.189,-9.36745],[-171.18894,-9.36736],[-171.18888,-9.36732],[-171.18885,-9.36727],[-171.18879,-9.36723],[-171.18876,-9.36703],[-171.18885,-9.36697],[-171.18888,-9.36683],[-171.18894,-9.36679],[-171.18895,-9.36663]]],[[[-171.19093,-9.36663],[-171.19096,-9.36653],[-171.19104,-9.3666],[-171.19093,-9.36663]]],[[[-171.19239,-9.36869],[-171.19244,-9.36865],[-171.19248,-9.3686],[-171.19253,-9.36856],[-171.19257,-9.36842],[-171.19262,-9.36839],[-171.19266,-9.36825],[-171.19271,-9.36821],[-171.19275,-9.36807],[-171.1928,-9.36803],[-171.19284,-9.36798],[-171.19289,-9.36794],[-171.19293,-9.3678],[-171.19298,-9.36777],[-171.19304,-9.36768],[-171.19311,-9.36777],[-171.19316,-9.3678],[-171.19319,-9.36803],[-171.19325,-9.36807],[-171.19328,-9.36827],[-171.19319,-9.36833],[-171.19316,-9.36847],[-171.19311,-9.36851],[-171.19307,-9.36856],[-171.19302,-9.3686],[-171.19298,-9.36865],[-171.19284,-9.36869],[-171.1928,-9.36874],[-171.19237,-9.36876],[-171.19239,-9.36869]]],[[[-171.19183,-9.36699],[-171.19219,-9.36699],[-171.19219,-9.36752],[-171.1921,-9.36752],[-171.1921,-9.3677],[-171.19201,-9.3677],[-171.19201,-9.36778],[-171.19192,-9.36778],[-171.19192,-9.36787],[-171.19183,-9.36787],[-171.19183,-9.36796],[-171.19174,-9.36796],[-171.19174,-9.36805],[-171.19165,-9.36805],[-171.19165,-9.36814],[-171.19156,-9.36814],[-171.19156,-9.36823],[-171.19138,-9.36823],[-171.19138,-9.36832],[-171.19129,-9.36832],[-171.19129,-9.3684],[-171.19111,-9.3684],[-171.19111,-9.36849],[-171.19093,-9.36849],[-171.19093,-9.36858],[-171.19057,-9.36858],[-171.19057,-9.36867],[-171.19021,-9.36867],[-171.19021,-9.36876],[-171.18985,-9.36876],[-171.18985,-9.36867],[-171.18967,-9.36867],[-171.18967,-9.36832],[-171.18976,-9.36832],[-171.18976,-9.36823],[-171.18994,-9.36823],[-171.18994,-9.36814],[-171.19012,-9.36814],[-171.19012,-9.36805],[-171.19021,-9.36805],[-171.19021,-9.36796],[-171.19039,-9.36796],[-171.19039,-9.36787],[-171.19066,-9.36787],[-171.19066,-9.36778],[-171.19084,-9.36778],[-171.19084,-9.3677],[-171.19093,-9.3677],[-171.19093,-9.36761],[-171.19111,-9.36761],[-171.19111,-9.36752],[-171.1912,-9.36752],[-171.1912,-9.36743],[-171.19129,-9.36743],[-171.19129,-9.36734],[-171.19138,-9.36734],[-171.19138,-9.36725],[-171.19147,-9.36725],[-171.19147,-9.36716],[-171.19165,-9.36716],[-171.19165,-9.36707],[-171.19183,-9.36707],[-171.19183,-9.36699]]]]},"properties":{"area_code":"TK-FAK","area_name":"Fakaofo","boundary_source_name":"geoBoundaries TKL ADM0 (land-cover), longitude-clustered to atoll","area_unit_id":"tk-atoll-2022-geoboundaries-adm0-split:TK-FAK","boundary_set_id":"tk-atoll-2022-geoboundaries-adm0-split","boundary_level":"atoll","boundary_vintage":"2022","boundary_source":"geoBoundaries TKL ADM0; Sentinel-2 10m Land Cover raster-to-polygon dissolve","boundary_licence":"CC BY 4.0","land_area_sq_km":3.1056874590832098}}
]}