"country_code","boundary_set_id","boundary_level","area_unit_id","area_code","area_name","year","population_total","population_total_basis","religious_affiliation_count","religious_affiliation_percent","no_religion_count","no_religion_percent","place_count","places_per_10000_residents","place_density_per_sq_km","land_area_sq_km","site_snapshot_date","place_count_basis","source_dataset_ids","source_data_quality_flag","quality_flag"
"CA","ca-cd-2001-statcan","cd_2001","ca-cd-2001-statcan:1001","1001","Division No.  1",2001,240250,"total responses for religion, total age groups, 20% sample data, 2001 Census topic-based tabulation 95F0450XCB2001006",232620,96.82,7630,3.18,,,,10265.04,,,"statcan-2001-census-religion-age-95f0450xcb2001006|statcan-2001-cd-cartographic-boundary","00000",""
"CA","ca-cd-2001-statcan","cd_2001","ca-cd-2001-statcan:1002","1002","Division No.  2",2001,24260,"total responses for religion, total age groups, 20% sample data, 2001 Census topic-based tabulation 95F0450XCB2001006",24025,99.03,235,0.97,,,,6626.12,,,"statcan-2001-census-religion-age-95f0450xcb2001006|statcan-2001-cd-cartographic-boundary","00000",""
"CA","ca-cd-2001-statcan","cd_2001","ca-cd-2001-statcan:1003","1003","Division No.  3",2001,19255,"total responses for religion, total age groups, 20% sample data, 2001 Census topic-based tabulation 95F0450XCB2001006",19190,99.66,65,0.34,,,,22463.01,,,"statcan-2001-census-religion-age-95f0450xcb2001006|statcan-2001-cd-cartographic-boundary","00000",""
"CA","ca-cd-2001-statcan","cd_2001","ca-cd-2001-statcan:1004","1004","Division No.  4",2001,22015,"total responses for religion, total age groups, 20% sample data, 2001 Census topic-based tabulation 95F0450XCB2001006",21540,97.84,475,2.16,,,,7621.41,,,"statcan-2001-census-religion-age-95f0450xcb2001006|statcan-2001-cd-cartographic-boundary","00000",""
"CA","ca-cd-2001-statcan","cd_2001","ca-cd-2001-statcan:1005","1005","Division No.  5",2001,40050,"total responses for religion, total age groups, 20% sample data, 2001 Census topic-based tabulation 95F0450XCB2001006",39135,97.72,915,2.28,,,,11464.75,,,"statcan-2001-census-religion-age-95f0450xcb2001006|statcan-2001-cd-cartographic-boundary","00000",""
"CA","ca-cd-2001-statcan","cd_2001","ca-cd-2001-statcan:1006","1006","Division No.  6",2001,35835,"total responses for religion, total age groups, 20% sample data, 2001 Census topic-based tabulation 95F0450XCB2001006",35115,97.99,720,2.01,,,,17775.51,,,"statcan-2001-census-religion-age-95f0450xcb2001006|statcan-2001-cd-cartographic-boundary","00000",""
"CA","ca-cd-2001-statcan","cd_2001","ca-cd-2001-statcan:1007","1007","Division No.  7",2001,36990,"total responses for religion, total age groups, 20% sample data, 2001 Census topic-based tabulation 95F0450XCB2001006",36365,98.31,625,1.69,,,,10649.8,,,"statcan-2001-census-religion-age-95f0450xcb2001006|statcan-2001-cd-cartographic-boundary","00000",""
"CA","ca-cd-2001-statcan","cd_2001","ca-cd-2001-statcan:1008","1008","Division No.  8",2001,41755,"total responses for religion, total age groups, 20% sample data, 2001 Census topic-based tabulation 95F0450XCB2001006",40870,97.88,885,2.12,,,,10084.15,,,"statcan-2001-census-religion-age-95f0450xcb2001006|statcan-2001-cd-cartographic-boundary","00000",""
"CA","ca-cd-2001-statcan","cd_2001","ca-cd-2001-statcan:1009","1009","Division No.  9",2001,19910,"total responses for religion, total age groups, 20% sample data, 2001 Census topic-based tabulation 95F0450XCB2001006",19540,98.14,370,1.86,,,,14711.12,,,"statcan-2001-census-religion-age-95f0450xcb2001006|statcan-2001-cd-cartographic-boundary","00000",""
"CA","ca-cd-2001-statcan","cd_2001","ca-cd-2001-statcan:1010","1010","Division No. 10",2001,27765,"total responses for religion, total age groups, 20% sample data, 2001 Census topic-based tabulation 95F0450XCB2001006",26825,96.61,940,3.39,,,,289944.05,,,"statcan-2001-census-religion-age-95f0450xcb2001006|statcan-2001-cd-cartographic-boundary","00000",""
"CA","ca-cd-2001-statcan","cd_2001","ca-cd-2001-statcan:1101","1101","Kings County",2001,19060,"total responses for religion, total age groups, 20% sample data, 2001 Census topic-based tabulation 95F0450XCB2001006",17955,94.2,1105,5.8,,,,1761.36,,,"statcan-2001-census-religion-age-95f0450xcb2001006|statcan-2001-cd-cartographic-boundary","00000",""
"CA","ca-cd-2001-statcan","cd_2001","ca-cd-2001-statcan:1102","1102","Queens County",2001,70365,"total responses for religion, total age groups, 20% sample data, 2001 Census topic-based tabulation 95F0450XCB2001006",65095,92.51,5270,7.49,,,,2140.08,,,"statcan-2001-census-religion-age-95f0450xcb2001006|statcan-2001-cd-cartographic-boundary","00000",""
"CA","ca-cd-2001-statcan","cd_2001","ca-cd-2001-statcan:1103","1103","Prince County",2001,43960,"total responses for religion, total age groups, 20% sample data, 2001 Census topic-based tabulation 95F0450XCB2001006",41390,94.15,2570,5.85,,,,2123.27,,,"statcan-2001-census-religion-age-95f0450xcb2001006|statcan-2001-cd-cartographic-boundary","00000",""
"CA","ca-cd-2001-statcan","cd_2001","ca-cd-2001-statcan:1201","1201","Shelburne County",2001,16090,"total responses for religion, total age groups, 20% sample data, 2001 Census topic-based tabulation 95F0450XCB2001006",13910,86.45,2180,13.55,,,,2768.25,,,"statcan-2001-census-religion-age-95f0450xcb2001006|statcan-2001-cd-cartographic-boundary","00000",""
"CA","ca-cd-2001-statcan","cd_2001","ca-cd-2001-statcan:1202","1202","Yarmouth County",2001,26520,"total responses for religion, total age groups, 20% sample data, 2001 Census topic-based tabulation 95F0450XCB2001006",23240,87.63,3280,12.37,,,,2473.73,,,"statcan-2001-census-religion-age-95f0450xcb2001006|statcan-2001-cd-cartographic-boundary","00000",""
"CA","ca-cd-2001-statcan","cd_2001","ca-cd-2001-statcan:1203","1203","Digby County",2001,19245,"total responses for religion, total age groups, 20% sample data, 2001 Census topic-based tabulation 95F0450XCB2001006",17505,90.96,1740,9.04,,,,2801.57,,,"statcan-2001-census-religion-age-95f0450xcb2001006|statcan-2001-cd-cartographic-boundary","00000",""
"CA","ca-cd-2001-statcan","cd_2001","ca-cd-2001-statcan:1204","1204","Queens County",2001,11585,"total responses for religion, total age groups, 20% sample data, 2001 Census topic-based tabulation 95F0450XCB2001006",9490,81.92,2095,18.08,,,,2904.48,,,"statcan-2001-census-religion-age-95f0450xcb2001006|statcan-2001-cd-cartographic-boundary","00000",""
"CA","ca-cd-2001-statcan","cd_2001","ca-cd-2001-statcan:1205","1205","Annapolis County",2001,21470,"total responses for religion, total age groups, 20% sample data, 2001 Census topic-based tabulation 95F0450XCB2001006",17455,81.3,4015,18.7,,,,3516.11,,,"statcan-2001-census-religion-age-95f0450xcb2001006|statcan-2001-cd-cartographic-boundary","00000",""
"CA","ca-cd-2001-statcan","cd_2001","ca-cd-2001-statcan:1206","1206","Lunenburg County",2001,47005,"total responses for religion, total age groups, 20% sample data, 2001 Census topic-based tabulation 95F0450XCB2001006",40195,85.51,6810,14.49,,,,3268.99,,,"statcan-2001-census-religion-age-95f0450xcb2001006|statcan-2001-cd-cartographic-boundary","00000",""
"CA","ca-cd-2001-statcan","cd_2001","ca-cd-2001-statcan:1207","1207","Kings County",2001,58135,"total responses for religion, total age groups, 20% sample data, 2001 Census topic-based tabulation 95F0450XCB2001006",47420,81.57,10715,18.43,,,,2295.12,,,"statcan-2001-census-religion-age-95f0450xcb2001006|statcan-2001-cd-cartographic-boundary","00000",""
"CA","ca-cd-2001-statcan","cd_2001","ca-cd-2001-statcan:1208","1208","Hants County",2001,40175,"total responses for religion, total age groups, 20% sample data, 2001 Census topic-based tabulation 95F0450XCB2001006",34855,86.76,5320,13.24,,,,3259.92,,,"statcan-2001-census-religion-age-95f0450xcb2001006|statcan-2001-cd-cartographic-boundary","00000",""
"CA","ca-cd-2001-statcan","cd_2001","ca-cd-2001-statcan:1209","1209","Halifax County",2001,355945,"total responses for religion, total age groups, 20% sample data, 2001 Census topic-based tabulation 95F0450XCB2001006",310045,87.1,45900,12.9,,,,6215.39,,,"statcan-2001-census-religion-age-95f0450xcb2001006|statcan-2001-cd-cartographic-boundary","00000",""
"CA","ca-cd-2001-statcan","cd_2001","ca-cd-2001-statcan:1210","1210","Colchester County",2001,48785,"total responses for religion, total age groups, 20% sample data, 2001 Census topic-based tabulation 95F0450XCB2001006",40995,84.03,7790,15.97,,,,3796.26,,,"statcan-2001-census-religion-age-95f0450xcb2001006|statcan-2001-cd-cartographic-boundary","00000",""
"CA","ca-cd-2001-statcan","cd_2001","ca-cd-2001-statcan:1211","1211","Cumberland County",2001,31715,"total responses for religion, total age groups, 20% sample data, 2001 Census topic-based tabulation 95F0450XCB2001006",27075,85.37,4640,14.63,,,,4520.97,,,"statcan-2001-census-religion-age-95f0450xcb2001006|statcan-2001-cd-cartographic-boundary","00000",""
"CA","ca-cd-2001-statcan","cd_2001","ca-cd-2001-statcan:1212","1212","Pictou County",2001,46250,"total responses for religion, total age groups, 20% sample data, 2001 Census topic-based tabulation 95F0450XCB2001006",41345,89.39,4905,10.61,,,,2975.22,,,"statcan-2001-census-religion-age-95f0450xcb2001006|statcan-2001-cd-cartographic-boundary","00000",""
"CA","ca-cd-2001-statcan","cd_2001","ca-cd-2001-statcan:1213","1213","Guysborough County",2001,9720,"total responses for religion, total age groups, 20% sample data, 2001 Census topic-based tabulation 95F0450XCB2001006",9060,93.21,660,6.79,,,,4375.58,,,"statcan-2001-census-religion-age-95f0450xcb2001006|statcan-2001-cd-cartographic-boundary","00000",""
"CA","ca-cd-2001-statcan","cd_2001","ca-cd-2001-statcan:1214","1214","Antigonish County",2001,19390,"total responses for religion, total age groups, 20% sample data, 2001 Census topic-based tabulation 95F0450XCB2001006",18270,94.22,1120,5.78,,,,1571.57,,,"statcan-2001-census-religion-age-95f0450xcb2001006|statcan-2001-cd-cartographic-boundary","00000",""
"CA","ca-cd-2001-statcan","cd_2001","ca-cd-2001-statcan:1215","1215","Inverness County",2001,19660,"total responses for religion, total age groups, 20% sample data, 2001 Census topic-based tabulation 95F0450XCB2001006",19000,96.64,660,3.36,,,,4241.31,,,"statcan-2001-census-religion-age-95f0450xcb2001006|statcan-2001-cd-cartographic-boundary","00000",""
"CA","ca-cd-2001-statcan","cd_2001","ca-cd-2001-statcan:1216","1216","Richmond County",2001,10125,"total responses for religion, total age groups, 20% sample data, 2001 Census topic-based tabulation 95F0450XCB2001006",9825,97.04,300,2.96,,,,1407.51,,,"statcan-2001-census-religion-age-95f0450xcb2001006|statcan-2001-cd-cartographic-boundary","00000",""
"CA","ca-cd-2001-statcan","cd_2001","ca-cd-2001-statcan:1217","1217","Cape Breton County",2001,107875,"total responses for religion, total age groups, 20% sample data, 2001 Census topic-based tabulation 95F0450XCB2001006",103960,96.37,3915,3.63,,,,2736.85,,,"statcan-2001-census-religion-age-95f0450xcb2001006|statcan-2001-cd-cartographic-boundary","00000",""
"CA","ca-cd-2001-statcan","cd_2001","ca-cd-2001-statcan:1218","1218","Victoria County",2001,7865,"total responses for religion, total age groups, 20% sample data, 2001 Census topic-based tabulation 95F0450XCB2001006",7495,95.3,370,4.7,,,,3014.25,,,"statcan-2001-census-religion-age-95f0450xcb2001006|statcan-2001-cd-cartographic-boundary","00000",""
"CA","ca-cd-2001-statcan","cd_2001","ca-cd-2001-statcan:1301","1301","Saint John County",2001,75195,"total responses for religion, total age groups, 20% sample data, 2001 Census topic-based tabulation 95F0450XCB2001006",67395,89.63,7800,10.37,,,,1634.94,,,"statcan-2001-census-religion-age-95f0450xcb2001006|statcan-2001-cd-cartographic-boundary","00000",""
"CA","ca-cd-2001-statcan","cd_2001","ca-cd-2001-statcan:1302","1302","Charlotte County",2001,27020,"total responses for religion, total age groups, 20% sample data, 2001 Census topic-based tabulation 95F0450XCB2001006",23695,87.69,3325,12.31,,,,3676.13,,,"statcan-2001-census-religion-age-95f0450xcb2001006|statcan-2001-cd-cartographic-boundary","00000",""
"CA","ca-cd-2001-statcan","cd_2001","ca-cd-2001-statcan:1303","1303","Sunbury County",2001,25710,"total responses for religion, total age groups, 20% sample data, 2001 Census topic-based tabulation 95F0450XCB2001006",22535,87.65,3175,12.35,,,,2824.8,,,"statcan-2001-census-religion-age-95f0450xcb2001006|statcan-2001-cd-cartographic-boundary","00000",""
"CA","ca-cd-2001-statcan","cd_2001","ca-cd-2001-statcan:1304","1304","Queens County",2001,11635,"total responses for religion, total age groups, 20% sample data, 2001 Census topic-based tabulation 95F0450XCB2001006",10430,89.64,1205,10.36,,,,4092.92,,,"statcan-2001-census-religion-age-95f0450xcb2001006|statcan-2001-cd-cartographic-boundary","00000",""
"CA","ca-cd-2001-statcan","cd_2001","ca-cd-2001-statcan:1305","1305","Kings County",2001,63890,"total responses for religion, total age groups, 20% sample data, 2001 Census topic-based tabulation 95F0450XCB2001006",56815,88.93,7075,11.07,,,,3787.95,,,"statcan-2001-census-religion-age-95f0450xcb2001006|statcan-2001-cd-cartographic-boundary","00000",""
"CA","ca-cd-2001-statcan","cd_2001","ca-cd-2001-statcan:1306","1306","Albert County",2001,26465,"total responses for religion, total age groups, 20% sample data, 2001 Census topic-based tabulation 95F0450XCB2001006",23765,89.8,2700,10.2,,,,1900.75,,,"statcan-2001-census-religion-age-95f0450xcb2001006|statcan-2001-cd-cartographic-boundary","00000",""
"CA","ca-cd-2001-statcan","cd_2001","ca-cd-2001-statcan:1307","1307","Westmorland County",2001,122400,"total responses for religion, total age groups, 20% sample data, 2001 Census topic-based tabulation 95F0450XCB2001006",112545,91.95,9855,8.05,,,,3844.23,,,"statcan-2001-census-religion-age-95f0450xcb2001006|statcan-2001-cd-cartographic-boundary","00000",""
"CA","ca-cd-2001-statcan","cd_2001","ca-cd-2001-statcan:1308","1308","Kent County",2001,30970,"total responses for religion, total age groups, 20% sample data, 2001 Census topic-based tabulation 95F0450XCB2001006",30280,97.77,690,2.23,,,,4720.38,,,"statcan-2001-census-religion-age-95f0450xcb2001006|statcan-2001-cd-cartographic-boundary","00000",""
"CA","ca-cd-2001-statcan","cd_2001","ca-cd-2001-statcan:1309","1309","Northumberland County",2001,50160,"total responses for religion, total age groups, 20% sample data, 2001 Census topic-based tabulation 95F0450XCB2001006",48615,96.92,1545,3.08,,,,12526.71,,,"statcan-2001-census-religion-age-95f0450xcb2001006|statcan-2001-cd-cartographic-boundary","00000",""
"CA","ca-cd-2001-statcan","cd_2001","ca-cd-2001-statcan:1310","1310","York County",2001,86435,"total responses for religion, total age groups, 20% sample data, 2001 Census topic-based tabulation 95F0450XCB2001006",74615,86.32,11820,13.68,,,,9514.51,,,"statcan-2001-census-religion-age-95f0450xcb2001006|statcan-2001-cd-cartographic-boundary","00000",""
"CA","ca-cd-2001-statcan","cd_2001","ca-cd-2001-statcan:1311","1311","Carleton County",2001,26895,"total responses for religion, total age groups, 20% sample data, 2001 Census topic-based tabulation 95F0450XCB2001006",22800,84.77,4095,15.23,,,,3427.89,,,"statcan-2001-census-religion-age-95f0450xcb2001006|statcan-2001-cd-cartographic-boundary","00000",""
"CA","ca-cd-2001-statcan","cd_2001","ca-cd-2001-statcan:1312","1312","Victoria County",2001,20915,"total responses for religion, total age groups, 20% sample data, 2001 Census topic-based tabulation 95F0450XCB2001006",19115,91.39,1800,8.61,,,,5673.43,,,"statcan-2001-census-religion-age-95f0450xcb2001006|statcan-2001-cd-cartographic-boundary","00000",""
"CA","ca-cd-2001-statcan","cd_2001","ca-cd-2001-statcan:1313","1313","Madawaska County",2001,34850,"total responses for religion, total age groups, 20% sample data, 2001 Census topic-based tabulation 95F0450XCB2001006",34225,98.21,625,1.79,,,,3540.68,,,"statcan-2001-census-religion-age-95f0450xcb2001006|statcan-2001-cd-cartographic-boundary","00000",""
"CA","ca-cd-2001-statcan","cd_2001","ca-cd-2001-statcan:1314","1314","Restigouche County",2001,35410,"total responses for religion, total age groups, 20% sample data, 2001 Census topic-based tabulation 95F0450XCB2001006",34775,98.21,635,1.79,,,,8699.84,,,"statcan-2001-census-religion-age-95f0450xcb2001006|statcan-2001-cd-cartographic-boundary","00000",""
"CA","ca-cd-2001-statcan","cd_2001","ca-cd-2001-statcan:1315","1315","Gloucester County",2001,81760,"total responses for religion, total age groups, 20% sample data, 2001 Census topic-based tabulation 95F0450XCB2001006",80440,98.39,1320,1.61,,,,4815.88,,,"statcan-2001-census-religion-age-95f0450xcb2001006|statcan-2001-cd-cartographic-boundary","00000",""
"CA","ca-cd-2001-statcan","cd_2001","ca-cd-2001-statcan:2401","2401","Les <ce>les-de-la-Madeleine",2001,12570,"total responses for religion, total age groups, 20% sample data, 2001 Census topic-based tabulation 95F0450XCB2001006",12450,99.05,120,0.95,,,,246.58,,,"statcan-2001-census-religion-age-95f0450xcb2001006|statcan-2001-cd-cartographic-boundary","00000",""
"CA","ca-cd-2001-statcan","cd_2001","ca-cd-2001-statcan:2402","2402","Le Rocher-Perc<e9>",2001,19175,"total responses for religion, total age groups, 20% sample data, 2001 Census topic-based tabulation 95F0450XCB2001006",18970,98.93,205,1.07,,,,3180.12,,,"statcan-2001-census-religion-age-95f0450xcb2001006|statcan-2001-cd-cartographic-boundary","00000",""
"CA","ca-cd-2001-statcan","cd_2001","ca-cd-2001-statcan:2403","2403","La C<f4>te-de-Gasp<e9>",2001,18270,"total responses for religion, total age groups, 20% sample data, 2001 Census topic-based tabulation 95F0450XCB2001006",17925,98.11,345,1.89,,,,4141.24,,,"statcan-2001-census-religion-age-95f0450xcb2001006|statcan-2001-cd-cartographic-boundary","00000",""
"CA","ca-cd-2001-statcan","cd_2001","ca-cd-2001-statcan:2404","2404","La Haute-Gasp<e9>sie",2001,12495,"total responses for religion, total age groups, 20% sample data, 2001 Census topic-based tabulation 95F0450XCB2001006",12330,98.68,165,1.32,,,,5102.57,,,"statcan-2001-census-religion-age-95f0450xcb2001006|statcan-2001-cd-cartographic-boundary","00000",""
"CA","ca-cd-2001-statcan","cd_2001","ca-cd-2001-statcan:2405","2405","Bonaventure",2001,17990,"total responses for religion, total age groups, 20% sample data, 2001 Census topic-based tabulation 95F0450XCB2001006",17625,97.97,365,2.03,,,,4488.77,,,"statcan-2001-census-religion-age-95f0450xcb2001006|statcan-2001-cd-cartographic-boundary","00000",""
"CA","ca-cd-2001-statcan","cd_2001","ca-cd-2001-statcan:2406","2406","Avignon",2001,14965,"total responses for religion, total age groups, 20% sample data, 2001 Census topic-based tabulation 95F0450XCB2001006",14565,97.33,400,2.67,,,,3569.49,,,"statcan-2001-census-religion-age-95f0450xcb2001006|statcan-2001-cd-cartographic-boundary","00000",""
"CA","ca-cd-2001-statcan","cd_2001","ca-cd-2001-statcan:2407","2407","La Matap<e9>dia",2001,19390,"total responses for religion, total age groups, 20% sample data, 2001 Census topic-based tabulation 95F0450XCB2001006",19090,98.45,300,1.55,,,,5468.81,,,"statcan-2001-census-religion-age-95f0450xcb2001006|statcan-2001-cd-cartographic-boundary","00000",""
"CA","ca-cd-2001-statcan","cd_2001","ca-cd-2001-statcan:2408","2408","Matane",2001,22070,"total responses for religion, total age groups, 20% sample data, 2001 Census topic-based tabulation 95F0450XCB2001006",21535,97.58,535,2.42,,,,3344.92,,,"statcan-2001-census-religion-age-95f0450xcb2001006|statcan-2001-cd-cartographic-boundary","00000",""
"CA","ca-cd-2001-statcan","cd_2001","ca-cd-2001-statcan:2409","2409","La Mitis",2001,18705,"total responses for religion, total age groups, 20% sample data, 2001 Census topic-based tabulation 95F0450XCB2001006",18135,96.95,570,3.05,,,,2344.8,,,"statcan-2001-census-religion-age-95f0450xcb2001006|statcan-2001-cd-cartographic-boundary","00000",""
"CA","ca-cd-2001-statcan","cd_2001","ca-cd-2001-statcan:2410","2410","Rimouski-Neigette",2001,50980,"total responses for religion, total age groups, 20% sample data, 2001 Census topic-based tabulation 95F0450XCB2001006",49180,96.47,1800,3.53,,,,2808.56,,,"statcan-2001-census-religion-age-95f0450xcb2001006|statcan-2001-cd-cartographic-boundary","00000",""
"CA","ca-cd-2001-statcan","cd_2001","ca-cd-2001-statcan:2411","2411","Les Basques",2001,9585,"total responses for religion, total age groups, 20% sample data, 2001 Census topic-based tabulation 95F0450XCB2001006",9425,98.33,160,1.67,,,,1184.62,,,"statcan-2001-census-religion-age-95f0450xcb2001006|statcan-2001-cd-cartographic-boundary","00000",""
"CA","ca-cd-2001-statcan","cd_2001","ca-cd-2001-statcan:2412","2412","Rivi<e8>re-du-Loup",2001,31035,"total responses for religion, total age groups, 20% sample data, 2001 Census topic-based tabulation 95F0450XCB2001006",30490,98.24,545,1.76,,,,1323.58,,,"statcan-2001-census-religion-age-95f0450xcb2001006|statcan-2001-cd-cartographic-boundary","00000",""
"CA","ca-cd-2001-statcan","cd_2001","ca-cd-2001-statcan:2413","2413","T<e9>miscouata",2001,21910,"total responses for religion, total age groups, 20% sample data, 2001 Census topic-based tabulation 95F0450XCB2001006",21500,98.13,410,1.87,,,,4097.69,,,"statcan-2001-census-religion-age-95f0450xcb2001006|statcan-2001-cd-cartographic-boundary","00000",""
"CA","ca-cd-2001-statcan","cd_2001","ca-cd-2001-statcan:2414","2414","Kamouraska",2001,21870,"total responses for religion, total age groups, 20% sample data, 2001 Census topic-based tabulation 95F0450XCB2001006",21410,97.9,460,2.1,,,,2301.25,,,"statcan-2001-census-religion-age-95f0450xcb2001006|statcan-2001-cd-cartographic-boundary","00000",""
"CA","ca-cd-2001-statcan","cd_2001","ca-cd-2001-statcan:2415","2415","Charlevoix-Est",2001,16390,"total responses for religion, total age groups, 20% sample data, 2001 Census topic-based tabulation 95F0450XCB2001006",16160,98.6,230,1.4,,,,2425.26,,,"statcan-2001-census-religion-age-95f0450xcb2001006|statcan-2001-cd-cartographic-boundary","00000",""
"CA","ca-cd-2001-statcan","cd_2001","ca-cd-2001-statcan:2416","2416","Charlevoix",2001,12725,"total responses for religion, total age groups, 20% sample data, 2001 Census topic-based tabulation 95F0450XCB2001006",12555,98.66,170,1.34,,,,3922.68,,,"statcan-2001-census-religion-age-95f0450xcb2001006|statcan-2001-cd-cartographic-boundary","00000",""
"CA","ca-cd-2001-statcan","cd_2001","ca-cd-2001-statcan:2417","2417","L'Islet",2001,18940,"total responses for religion, total age groups, 20% sample data, 2001 Census topic-based tabulation 95F0450XCB2001006",18740,98.94,200,1.06,,,,2152.38,,,"statcan-2001-census-religion-age-95f0450xcb2001006|statcan-2001-cd-cartographic-boundary","00000",""
"CA","ca-cd-2001-statcan","cd_2001","ca-cd-2001-statcan:2418","2418","Montmagny",2001,22875,"total responses for religion, total age groups, 20% sample data, 2001 Census topic-based tabulation 95F0450XCB2001006",22395,97.9,480,2.1,,,,1745.56,,,"statcan-2001-census-religion-age-95f0450xcb2001006|statcan-2001-cd-cartographic-boundary","00010",""
"CA","ca-cd-2001-statcan","cd_2001","ca-cd-2001-statcan:2419","2419","Bellechasse",2001,28905,"total responses for religion, total age groups, 20% sample data, 2001 Census topic-based tabulation 95F0450XCB2001006",28365,98.13,540,1.87,,,,1671.73,,,"statcan-2001-census-religion-age-95f0450xcb2001006|statcan-2001-cd-cartographic-boundary","00000",""
"CA","ca-cd-2001-statcan","cd_2001","ca-cd-2001-statcan:2420","2420","L'<ce>le-d'Orl<e9>ans",2001,6705,"total responses for religion, total age groups, 20% sample data, 2001 Census topic-based tabulation 95F0450XCB2001006",6435,95.97,270,4.03,,,,196.18,,,"statcan-2001-census-religion-age-95f0450xcb2001006|statcan-2001-cd-cartographic-boundary","00000",""
"CA","ca-cd-2001-statcan","cd_2001","ca-cd-2001-statcan:2421","2421","La C<f4>te-de-Beaupr<e9>",2001,20570,"total responses for religion, total age groups, 20% sample data, 2001 Census topic-based tabulation 95F0450XCB2001006",19875,96.62,695,3.38,,,,5089.79,,,"statcan-2001-census-religion-age-95f0450xcb2001006|statcan-2001-cd-cartographic-boundary","00000",""
"CA","ca-cd-2001-statcan","cd_2001","ca-cd-2001-statcan:2422","2422","La Jacques-Cartier",2001,26380,"total responses for religion, total age groups, 20% sample data, 2001 Census topic-based tabulation 95F0450XCB2001006",24855,94.22,1525,5.78,,,,3384.13,,,"statcan-2001-census-religion-age-95f0450xcb2001006|statcan-2001-cd-cartographic-boundary","01000",""
"CA","ca-cd-2001-statcan","cd_2001","ca-cd-2001-statcan:2423","2423","Communaut<e9>-Urbaine-de-Qu<e9>bec",2001,501845,"total responses for religion, total age groups, 20% sample data, 2001 Census topic-based tabulation 95F0450XCB2001006",472075,94.07,29770,5.93,,,,597.59,,,"statcan-2001-census-religion-age-95f0450xcb2001006|statcan-2001-cd-cartographic-boundary","00000",""
"CA","ca-cd-2001-statcan","cd_2001","ca-cd-2001-statcan:2424","2424","Desjardins",2001,51110,"total responses for religion, total age groups, 20% sample data, 2001 Census topic-based tabulation 95F0450XCB2001006",48915,95.71,2195,4.29,,,,271.09,,,"statcan-2001-census-religion-age-95f0450xcb2001006|statcan-2001-cd-cartographic-boundary","00000",""
"CA","ca-cd-2001-statcan","cd_2001","ca-cd-2001-statcan:2425","2425","Les Chutes-de-la-Chaudi<e8>re",2001,78270,"total responses for religion, total age groups, 20% sample data, 2001 Census topic-based tabulation 95F0450XCB2001006",74760,95.52,3510,4.48,,,,468.71,,,"statcan-2001-census-religion-age-95f0450xcb2001006|statcan-2001-cd-cartographic-boundary","00000",""
"CA","ca-cd-2001-statcan","cd_2001","ca-cd-2001-statcan:2426","2426","La Nouvelle-Beauce",2001,25355,"total responses for religion, total age groups, 20% sample data, 2001 Census topic-based tabulation 95F0450XCB2001006",24790,97.77,565,2.23,,,,822.92,,,"statcan-2001-census-religion-age-95f0450xcb2001006|statcan-2001-cd-cartographic-boundary","00000",""
"CA","ca-cd-2001-statcan","cd_2001","ca-cd-2001-statcan:2427","2427","Robert-Cliche",2001,18285,"total responses for religion, total age groups, 20% sample data, 2001 Census topic-based tabulation 95F0450XCB2001006",18040,98.66,245,1.34,,,,865.33,,,"statcan-2001-census-religion-age-95f0450xcb2001006|statcan-2001-cd-cartographic-boundary","00000",""
"CA","ca-cd-2001-statcan","cd_2001","ca-cd-2001-statcan:2428","2428","Les Etchemins",2001,17300,"total responses for religion, total age groups, 20% sample data, 2001 Census topic-based tabulation 95F0450XCB2001006",16885,97.6,415,2.4,,,,1866.11,,,"statcan-2001-census-religion-age-95f0450xcb2001006|statcan-2001-cd-cartographic-boundary","00000",""
"CA","ca-cd-2001-statcan","cd_2001","ca-cd-2001-statcan:2429","2429","Beauce-Sartigan",2001,46950,"total responses for religion, total age groups, 20% sample data, 2001 Census topic-based tabulation 95F0450XCB2001006",45800,97.55,1150,2.45,,,,2026.58,,,"statcan-2001-census-religion-age-95f0450xcb2001006|statcan-2001-cd-cartographic-boundary","00000",""
"CA","ca-cd-2001-statcan","cd_2001","ca-cd-2001-statcan:2430","2430","Le Granit",2001,21400,"total responses for religion, total age groups, 20% sample data, 2001 Census topic-based tabulation 95F0450XCB2001006",20800,97.2,600,2.8,,,,2912.15,,,"statcan-2001-census-religion-age-95f0450xcb2001006|statcan-2001-cd-cartographic-boundary","00000",""
"CA","ca-cd-2001-statcan","cd_2001","ca-cd-2001-statcan:2431","2431","L'Amiante",2001,42255,"total responses for religion, total age groups, 20% sample data, 2001 Census topic-based tabulation 95F0450XCB2001006",41405,97.99,850,2.01,,,,2034.59,,,"statcan-2001-census-religion-age-95f0450xcb2001006|statcan-2001-cd-cartographic-boundary","00000",""
"CA","ca-cd-2001-statcan","cd_2001","ca-cd-2001-statcan:2432","2432","L'<c9>rable",2001,23200,"total responses for religion, total age groups, 20% sample data, 2001 Census topic-based tabulation 95F0450XCB2001006",22780,98.19,420,1.81,,,,1342.62,,,"statcan-2001-census-religion-age-95f0450xcb2001006|statcan-2001-cd-cartographic-boundary","00000",""
"CA","ca-cd-2001-statcan","cd_2001","ca-cd-2001-statcan:2433","2433","Lotbini<e8>re",2001,26330,"total responses for religion, total age groups, 20% sample data, 2001 Census topic-based tabulation 95F0450XCB2001006",25345,96.26,985,3.74,,,,1781.36,,,"statcan-2001-census-religion-age-95f0450xcb2001006|statcan-2001-cd-cartographic-boundary","00000",""
"CA","ca-cd-2001-statcan","cd_2001","ca-cd-2001-statcan:2434","2434","Portneuf",2001,43900,"total responses for religion, total age groups, 20% sample data, 2001 Census topic-based tabulation 95F0450XCB2001006",42605,97.05,1295,2.95,,,,4232.33,,,"statcan-2001-census-religion-age-95f0450xcb2001006|statcan-2001-cd-cartographic-boundary","00000",""
"CA","ca-cd-2001-statcan","cd_2001","ca-cd-2001-statcan:2435","2435","M<e9>kinac",2001,12575,"total responses for religion, total age groups, 20% sample data, 2001 Census topic-based tabulation 95F0450XCB2001006",12265,97.53,310,2.47,,,,5695.81,,,"statcan-2001-census-religion-age-95f0450xcb2001006|statcan-2001-cd-cartographic-boundary","00000",""
"CA","ca-cd-2001-statcan","cd_2001","ca-cd-2001-statcan:2436","2436","Le Centre-de-la-Mauricie",2001,63215,"total responses for religion, total age groups, 20% sample data, 2001 Census topic-based tabulation 95F0450XCB2001006",61540,97.35,1675,2.65,,,,1476.4,,,"statcan-2001-census-religion-age-95f0450xcb2001006|statcan-2001-cd-cartographic-boundary","00000",""
"CA","ca-cd-2001-statcan","cd_2001","ca-cd-2001-statcan:2437","2437","Francheville",2001,135535,"total responses for religion, total age groups, 20% sample data, 2001 Census topic-based tabulation 95F0450XCB2001006",131125,96.75,4410,3.25,,,,1278.42,,,"statcan-2001-census-religion-age-95f0450xcb2001006|statcan-2001-cd-cartographic-boundary","00000",""
"CA","ca-cd-2001-statcan","cd_2001","ca-cd-2001-statcan:2438","2438","B<e9>cancour",2001,18620,"total responses for religion, total age groups, 20% sample data, 2001 Census topic-based tabulation 95F0450XCB2001006",18030,96.83,590,3.17,,,,1256.86,,,"statcan-2001-census-religion-age-95f0450xcb2001006|statcan-2001-cd-cartographic-boundary","00000",""
"CA","ca-cd-2001-statcan","cd_2001","ca-cd-2001-statcan:2439","2439","Arthabaska",2001,62670,"total responses for religion, total age groups, 20% sample data, 2001 Census topic-based tabulation 95F0450XCB2001006",60765,96.96,1905,3.04,,,,1957.93,,,"statcan-2001-census-religion-age-95f0450xcb2001006|statcan-2001-cd-cartographic-boundary","00000",""
"CA","ca-cd-2001-statcan","cd_2001","ca-cd-2001-statcan:2440","2440","Asbestos",2001,14230,"total responses for religion, total age groups, 20% sample data, 2001 Census topic-based tabulation 95F0450XCB2001006",13440,94.45,790,5.55,,,,813.25,,,"statcan-2001-census-religion-age-95f0450xcb2001006|statcan-2001-cd-cartographic-boundary","00000",""
"CA","ca-cd-2001-statcan","cd_2001","ca-cd-2001-statcan:2441","2441","Le Haut-Saint-Fran<e7>ois",2001,21020,"total responses for religion, total age groups, 20% sample data, 2001 Census topic-based tabulation 95F0450XCB2001006",20130,95.77,890,4.23,,,,2373.31,,,"statcan-2001-census-religion-age-95f0450xcb2001006|statcan-2001-cd-cartographic-boundary","00001",""
"CA","ca-cd-2001-statcan","cd_2001","ca-cd-2001-statcan:2442","2442","Le Val-Saint-Fran<e7>ois",2001,27690,"total responses for religion, total age groups, 20% sample data, 2001 Census topic-based tabulation 95F0450XCB2001006",26130,94.37,1560,5.63,,,,1455.42,,,"statcan-2001-census-religion-age-95f0450xcb2001006|statcan-2001-cd-cartographic-boundary","00001",""
"CA","ca-cd-2001-statcan","cd_2001","ca-cd-2001-statcan:2443","2443","La R<e9>gion-Sherbrookoise",2001,137940,"total responses for religion, total age groups, 20% sample data, 2001 Census topic-based tabulation 95F0450XCB2001006",129695,94.02,8245,5.98,,,,450.65,,,"statcan-2001-census-religion-age-95f0450xcb2001006|statcan-2001-cd-cartographic-boundary","00001",""
"CA","ca-cd-2001-statcan","cd_2001","ca-cd-2001-statcan:2444","2444","Coaticook",2001,16225,"total responses for religion, total age groups, 20% sample data, 2001 Census topic-based tabulation 95F0450XCB2001006",15510,95.59,715,4.41,,,,1353.92,,,"statcan-2001-census-religion-age-95f0450xcb2001006|statcan-2001-cd-cartographic-boundary","00001",""
"CA","ca-cd-2001-statcan","cd_2001","ca-cd-2001-statcan:2445","2445","Memphr<e9>magog",2001,41200,"total responses for religion, total age groups, 20% sample data, 2001 Census topic-based tabulation 95F0450XCB2001006",38735,94.02,2465,5.98,,,,1478.23,,,"statcan-2001-census-religion-age-95f0450xcb2001006|statcan-2001-cd-cartographic-boundary","00001",""
"CA","ca-cd-2001-statcan","cd_2001","ca-cd-2001-statcan:2446","2446","Brome-Missisquoi",2001,44830,"total responses for religion, total age groups, 20% sample data, 2001 Census topic-based tabulation 95F0450XCB2001006",41715,93.05,3115,6.95,,,,1642.26,,,"statcan-2001-census-religion-age-95f0450xcb2001006|statcan-2001-cd-cartographic-boundary","00000",""
"CA","ca-cd-2001-statcan","cd_2001","ca-cd-2001-statcan:2447","2447","La Haute-Yamaska",2001,77535,"total responses for religion, total age groups, 20% sample data, 2001 Census topic-based tabulation 95F0450XCB2001006",73615,94.94,3920,5.06,,,,788.4,,,"statcan-2001-census-religion-age-95f0450xcb2001006|statcan-2001-cd-cartographic-boundary","00000",""
"CA","ca-cd-2001-statcan","cd_2001","ca-cd-2001-statcan:2448","2448","Acton",2001,14830,"total responses for religion, total age groups, 20% sample data, 2001 Census topic-based tabulation 95F0450XCB2001006",14360,96.83,470,3.17,,,,600.63,,,"statcan-2001-census-religion-age-95f0450xcb2001006|statcan-2001-cd-cartographic-boundary","00000",""
"CA","ca-cd-2001-statcan","cd_2001","ca-cd-2001-statcan:2449","2449","Drummond",2001,86025,"total responses for religion, total age groups, 20% sample data, 2001 Census topic-based tabulation 95F0450XCB2001006",83230,96.75,2795,3.25,,,,1670.22,,,"statcan-2001-census-religion-age-95f0450xcb2001006|statcan-2001-cd-cartographic-boundary","00001",""
"CA","ca-cd-2001-statcan","cd_2001","ca-cd-2001-statcan:2450","2450","Nicolet-Yamaska",2001,22830,"total responses for religion, total age groups, 20% sample data, 2001 Census topic-based tabulation 95F0450XCB2001006",22230,97.37,600,2.63,,,,1220.05,,,"statcan-2001-census-religion-age-95f0450xcb2001006|statcan-2001-cd-cartographic-boundary","00001",""
"CA","ca-cd-2001-statcan","cd_2001","ca-cd-2001-statcan:2451","2451","Maskinong<e9>",2001,22665,"total responses for religion, total age groups, 20% sample data, 2001 Census topic-based tabulation 95F0450XCB2001006",22030,97.2,635,2.8,,,,2055.68,,,"statcan-2001-census-religion-age-95f0450xcb2001006|statcan-2001-cd-cartographic-boundary","00000",""
"CA","ca-cd-2001-statcan","cd_2001","ca-cd-2001-statcan:2452","2452","D'Autray",2001,37580,"total responses for religion, total age groups, 20% sample data, 2001 Census topic-based tabulation 95F0450XCB2001006",36030,95.88,1550,4.12,,,,1221.67,,,"statcan-2001-census-religion-age-95f0450xcb2001006|statcan-2001-cd-cartographic-boundary","00001",""
"CA","ca-cd-2001-statcan","cd_2001","ca-cd-2001-statcan:2453","2453","Le Bas-Richelieu",2001,49200,"total responses for religion, total age groups, 20% sample data, 2001 Census topic-based tabulation 95F0450XCB2001006",48040,97.64,1160,2.36,,,,656.05,,,"statcan-2001-census-religion-age-95f0450xcb2001006|statcan-2001-cd-cartographic-boundary","00001",""
"CA","ca-cd-2001-statcan","cd_2001","ca-cd-2001-statcan:2454","2454","Les Maskoutains",2001,77020,"total responses for religion, total age groups, 20% sample data, 2001 Census topic-based tabulation 95F0450XCB2001006",74510,96.74,2510,3.26,,,,1347.51,,,"statcan-2001-census-religion-age-95f0450xcb2001006|statcan-2001-cd-cartographic-boundary","00000",""
"CA","ca-cd-2001-statcan","cd_2001","ca-cd-2001-statcan:2455","2455","Rouville",2001,29490,"total responses for religion, total age groups, 20% sample data, 2001 Census topic-based tabulation 95F0450XCB2001006",28380,96.24,1110,3.76,,,,504.88,,,"statcan-2001-census-religion-age-95f0450xcb2001006|statcan-2001-cd-cartographic-boundary","00001",""
"CA","ca-cd-2001-statcan","cd_2001","ca-cd-2001-statcan:2456","2456","Le Haut-Richelieu",2001,99630,"total responses for religion, total age groups, 20% sample data, 2001 Census topic-based tabulation 95F0450XCB2001006",95190,95.54,4440,4.46,,,,1023.32,,,"statcan-2001-census-religion-age-95f0450xcb2001006|statcan-2001-cd-cartographic-boundary","00000",""
"CA","ca-cd-2001-statcan","cd_2001","ca-cd-2001-statcan:2457","2457","La Vall<e9>e-du-Richelieu",2001,118630,"total responses for religion, total age groups, 20% sample data, 2001 Census topic-based tabulation 95F0450XCB2001006",112495,94.83,6135,5.17,,,,668.58,,,"statcan-2001-census-religion-age-95f0450xcb2001006|statcan-2001-cd-cartographic-boundary","00001",""
"CA","ca-cd-2001-statcan","cd_2001","ca-cd-2001-statcan:2458","2458","Champlain",2001,308955,"total responses for religion, total age groups, 20% sample data, 2001 Census topic-based tabulation 95F0450XCB2001006",285370,92.37,23585,7.63,,,,190.55,,,"statcan-2001-census-religion-age-95f0450xcb2001006|statcan-2001-cd-cartographic-boundary","00000",""
"CA","ca-cd-2001-statcan","cd_2001","ca-cd-2001-statcan:2459","2459","Lajemmerais",2001,99385,"total responses for religion, total age groups, 20% sample data, 2001 Census topic-based tabulation 95F0450XCB2001006",95850,96.44,3535,3.56,,,,497.4,,,"statcan-2001-census-religion-age-95f0450xcb2001006|statcan-2001-cd-cartographic-boundary","00000",""
"CA","ca-cd-2001-statcan","cd_2001","ca-cd-2001-statcan:2460","2460","L'Assomption",2001,103205,"total responses for religion, total age groups, 20% sample data, 2001 Census topic-based tabulation 95F0450XCB2001006",99725,96.63,3480,3.37,,,,294.55,,,"statcan-2001-census-religion-age-95f0450xcb2001006|statcan-2001-cd-cartographic-boundary","00000",""
"CA","ca-cd-2001-statcan","cd_2001","ca-cd-2001-statcan:2461","2461","Joliette",2001,52255,"total responses for religion, total age groups, 20% sample data, 2001 Census topic-based tabulation 95F0450XCB2001006",50100,95.88,2155,4.12,,,,434.57,,,"statcan-2001-census-religion-age-95f0450xcb2001006|statcan-2001-cd-cartographic-boundary","00001",""
"CA","ca-cd-2001-statcan","cd_2001","ca-cd-2001-statcan:2462","2462","Matawinie",2001,42600,"total responses for religion, total age groups, 20% sample data, 2001 Census topic-based tabulation 95F0450XCB2001006",40615,95.34,1985,4.66,,,,10814.22,,,"statcan-2001-census-religion-age-95f0450xcb2001006|statcan-2001-cd-cartographic-boundary","00001",""
"CA","ca-cd-2001-statcan","cd_2001","ca-cd-2001-statcan:2463","2463","Montcalm",2001,38285,"total responses for religion, total age groups, 20% sample data, 2001 Census topic-based tabulation 95F0450XCB2001006",36915,96.42,1370,3.58,,,,737.39,,,"statcan-2001-census-religion-age-95f0450xcb2001006|statcan-2001-cd-cartographic-boundary","00001",""
"CA","ca-cd-2001-statcan","cd_2001","ca-cd-2001-statcan:2464","2464","Les Moulins",2001,109415,"total responses for religion, total age groups, 20% sample data, 2001 Census topic-based tabulation 95F0450XCB2001006",105055,96.02,4360,3.98,,,,273.52,,,"statcan-2001-census-religion-age-95f0450xcb2001006|statcan-2001-cd-cartographic-boundary","00000",""
"CA","ca-cd-2001-statcan","cd_2001","ca-cd-2001-statcan:2465","2465","Laval",2001,339000,"total responses for religion, total age groups, 20% sample data, 2001 Census topic-based tabulation 95F0450XCB2001006",324235,95.64,14765,4.36,,,,273.46,,,"statcan-2001-census-religion-age-95f0450xcb2001006|statcan-2001-cd-cartographic-boundary","00000",""
"CA","ca-cd-2001-statcan","cd_2001","ca-cd-2001-statcan:2466","2466","Communaut<e9>-Urbaine-de-Montr<e9>al",2001,1782830,"total responses for religion, total age groups, 20% sample data, 2001 Census topic-based tabulation 95F0450XCB2001006",1605620,90.06,177210,9.94,,,,645.74,,,"statcan-2001-census-religion-age-95f0450xcb2001006|statcan-2001-cd-cartographic-boundary","01000",""
"CA","ca-cd-2001-statcan","cd_2001","ca-cd-2001-statcan:2467","2467","Roussillon",2001,137195,"total responses for religion, total age groups, 20% sample data, 2001 Census topic-based tabulation 95F0450XCB2001006",131360,95.75,5835,4.25,,,,500.04,,,"statcan-2001-census-religion-age-95f0450xcb2001006|statcan-2001-cd-cartographic-boundary","20000",""
"CA","ca-cd-2001-statcan","cd_2001","ca-cd-2001-statcan:2468","2468","Les Jardins-de-Napierville",2001,22515,"total responses for religion, total age groups, 20% sample data, 2001 Census topic-based tabulation 95F0450XCB2001006",21700,96.38,815,3.62,,,,831.88,,,"statcan-2001-census-religion-age-95f0450xcb2001006|statcan-2001-cd-cartographic-boundary","00000",""
"CA","ca-cd-2001-statcan","cd_2001","ca-cd-2001-statcan:2469","2469","Le Haut-Saint-Laurent",2001,21590,"total responses for religion, total age groups, 20% sample data, 2001 Census topic-based tabulation 95F0450XCB2001006",20280,93.93,1310,6.07,,,,1336.26,,,"statcan-2001-census-religion-age-95f0450xcb2001006|statcan-2001-cd-cartographic-boundary","20000",""
"CA","ca-cd-2001-statcan","cd_2001","ca-cd-2001-statcan:2470","2470","Beauharnois-Salaberry",2001,58060,"total responses for religion, total age groups, 20% sample data, 2001 Census topic-based tabulation 95F0450XCB2001006",55990,96.43,2070,3.57,,,,566.49,,,"statcan-2001-census-religion-age-95f0450xcb2001006|statcan-2001-cd-cartographic-boundary","00000",""
"CA","ca-cd-2001-statcan","cd_2001","ca-cd-2001-statcan:2471","2471","Vaudreuil-Soulanges",2001,101285,"total responses for religion, total age groups, 20% sample data, 2001 Census topic-based tabulation 95F0450XCB2001006",94945,93.74,6340,6.26,,,,1052.9,,,"statcan-2001-census-religion-age-95f0450xcb2001006|statcan-2001-cd-cartographic-boundary","00000",""
"CA","ca-cd-2001-statcan","cd_2001","ca-cd-2001-statcan:2472","2472","Deux-Montagnes",2001,80805,"total responses for religion, total age groups, 20% sample data, 2001 Census topic-based tabulation 95F0450XCB2001006",77480,95.89,3325,4.11,,,,318.99,,,"statcan-2001-census-religion-age-95f0450xcb2001006|statcan-2001-cd-cartographic-boundary","20000",""
"CA","ca-cd-2001-statcan","cd_2001","ca-cd-2001-statcan:2473","2473","Th<e9>r<e8>se-De Blainville",2001,129115,"total responses for religion, total age groups, 20% sample data, 2001 Census topic-based tabulation 95F0450XCB2001006",122920,95.2,6195,4.8,,,,216.29,,,"statcan-2001-census-religion-age-95f0450xcb2001006|statcan-2001-cd-cartographic-boundary","00000",""
"CA","ca-cd-2001-statcan","cd_2001","ca-cd-2001-statcan:2474","2474","Mirabel",2001,27110,"total responses for religion, total age groups, 20% sample data, 2001 Census topic-based tabulation 95F0450XCB2001006",25995,95.89,1115,4.11,,,,500.65,,,"statcan-2001-census-religion-age-95f0450xcb2001006|statcan-2001-cd-cartographic-boundary","00001",""
"CA","ca-cd-2001-statcan","cd_2001","ca-cd-2001-statcan:2475","2475","La Rivi<e8>re-du-Nord",2001,88750,"total responses for religion, total age groups, 20% sample data, 2001 Census topic-based tabulation 95F0450XCB2001006",84310,95,4440,5,,,,478.77,,,"statcan-2001-census-religion-age-95f0450xcb2001006|statcan-2001-cd-cartographic-boundary","00000",""
"CA","ca-cd-2001-statcan","cd_2001","ca-cd-2001-statcan:2476","2476","Argenteuil",2001,28225,"total responses for religion, total age groups, 20% sample data, 2001 Census topic-based tabulation 95F0450XCB2001006",26660,94.46,1565,5.54,,,,1376.16,,,"statcan-2001-census-religion-age-95f0450xcb2001006|statcan-2001-cd-cartographic-boundary","00001",""
"CA","ca-cd-2001-statcan","cd_2001","ca-cd-2001-statcan:2477","2477","Les Pays-d'en-Haut",2001,30460,"total responses for religion, total age groups, 20% sample data, 2001 Census topic-based tabulation 95F0450XCB2001006",27890,91.56,2570,8.44,,,,755.77,,,"statcan-2001-census-religion-age-95f0450xcb2001006|statcan-2001-cd-cartographic-boundary","00000",""
"CA","ca-cd-2001-statcan","cd_2001","ca-cd-2001-statcan:2478","2478","Les Laurentides",2001,37705,"total responses for religion, total age groups, 20% sample data, 2001 Census topic-based tabulation 95F0450XCB2001006",35020,92.88,2685,7.12,,,,2741.46,,,"statcan-2001-census-religion-age-95f0450xcb2001006|statcan-2001-cd-cartographic-boundary","20001",""
"CA","ca-cd-2001-statcan","cd_2001","ca-cd-2001-statcan:2479","2479","Antoine-Labelle",2001,32355,"total responses for religion, total age groups, 20% sample data, 2001 Census topic-based tabulation 95F0450XCB2001006",31105,96.14,1250,3.86,,,,16601.29,,,"statcan-2001-census-religion-age-95f0450xcb2001006|statcan-2001-cd-cartographic-boundary","00000",""
"CA","ca-cd-2001-statcan","cd_2001","ca-cd-2001-statcan:2480","2480","Papineau",2001,20090,"total responses for religion, total age groups, 20% sample data, 2001 Census topic-based tabulation 95F0450XCB2001006",19265,95.89,825,4.11,,,,3296.11,,,"statcan-2001-census-religion-age-95f0450xcb2001006|statcan-2001-cd-cartographic-boundary","00001",""
"CA","ca-cd-2001-statcan","cd_2001","ca-cd-2001-statcan:2481","2481","Communaut<e9>-Urbaine-de-l'Outaouais",2001,224750,"total responses for religion, total age groups, 20% sample data, 2001 Census topic-based tabulation 95F0450XCB2001006",209350,93.15,15400,6.85,,,,393.35,,,"statcan-2001-census-religion-age-95f0450xcb2001006|statcan-2001-cd-cartographic-boundary","01001",""
"CA","ca-cd-2001-statcan","cd_2001","ca-cd-2001-statcan:2482","2482","Les Collines-de-l'Outaouais",2001,35040,"total responses for religion, total age groups, 20% sample data, 2001 Census topic-based tabulation 95F0450XCB2001006",31915,91.08,3125,8.92,,,,2256.21,,,"statcan-2001-census-religion-age-95f0450xcb2001006|statcan-2001-cd-cartographic-boundary","00001",""
"CA","ca-cd-2001-statcan","cd_2001","ca-cd-2001-statcan:2483","2483","La Vall<e9>e-de-la-Gatineau",2001,18565,"total responses for religion, total age groups, 20% sample data, 2001 Census topic-based tabulation 95F0450XCB2001006",17800,95.88,765,4.12,,,,14389.64,,,"statcan-2001-census-religion-age-95f0450xcb2001006|statcan-2001-cd-cartographic-boundary","20110",""
"CA","ca-cd-2001-statcan","cd_2001","ca-cd-2001-statcan:2484","2484","Pontiac",2001,14375,"total responses for religion, total age groups, 20% sample data, 2001 Census topic-based tabulation 95F0450XCB2001006",13810,96.07,565,3.93,,,,14443.89,,,"statcan-2001-census-religion-age-95f0450xcb2001006|statcan-2001-cd-cartographic-boundary","00000",""
"CA","ca-cd-2001-statcan","cd_2001","ca-cd-2001-statcan:2485","2485","T<e9>miscamingue",2001,17280,"total responses for religion, total age groups, 20% sample data, 2001 Census topic-based tabulation 95F0450XCB2001006",16760,96.99,520,3.01,,,,19548.38,,,"statcan-2001-census-religion-age-95f0450xcb2001006|statcan-2001-cd-cartographic-boundary","00000",""
"CA","ca-cd-2001-statcan","cd_2001","ca-cd-2001-statcan:2486","2486","Rouyn-Noranda",2001,39265,"total responses for religion, total age groups, 20% sample data, 2001 Census topic-based tabulation 95F0450XCB2001006",37470,95.43,1795,4.57,,,,6528.83,,,"statcan-2001-census-religion-age-95f0450xcb2001006|statcan-2001-cd-cartographic-boundary","00000",""
"CA","ca-cd-2001-statcan","cd_2001","ca-cd-2001-statcan:2487","2487","Abitibi-Ouest",2001,21690,"total responses for religion, total age groups, 20% sample data, 2001 Census topic-based tabulation 95F0450XCB2001006",21025,96.93,665,3.07,,,,3628.61,,,"statcan-2001-census-religion-age-95f0450xcb2001006|statcan-2001-cd-cartographic-boundary","00000",""
"CA","ca-cd-2001-statcan","cd_2001","ca-cd-2001-statcan:2488","2488","Abitibi",2001,24270,"total responses for religion, total age groups, 20% sample data, 2001 Census topic-based tabulation 95F0450XCB2001006",23480,96.74,790,3.26,,,,7958.91,,,"statcan-2001-census-religion-age-95f0450xcb2001006|statcan-2001-cd-cartographic-boundary","00000",""
"CA","ca-cd-2001-statcan","cd_2001","ca-cd-2001-statcan:2489","2489","Vall<e9>e-de-l'Or",2001,41850,"total responses for religion, total age groups, 20% sample data, 2001 Census topic-based tabulation 95F0450XCB2001006",40490,96.75,1360,3.25,,,,27534.5,,,"statcan-2001-census-religion-age-95f0450xcb2001006|statcan-2001-cd-cartographic-boundary","00000",""
"CA","ca-cd-2001-statcan","cd_2001","ca-cd-2001-statcan:2490","2490","Le Haut-Saint-Maurice",2001,15715,"total responses for religion, total age groups, 20% sample data, 2001 Census topic-based tabulation 95F0450XCB2001006",15435,98.22,280,1.78,,,,29879.87,,,"statcan-2001-census-religion-age-95f0450xcb2001006|statcan-2001-cd-cartographic-boundary","00000",""
"CA","ca-cd-2001-statcan","cd_2001","ca-cd-2001-statcan:2491","2491","Le Domaine-du-Roy",2001,32150,"total responses for religion, total age groups, 20% sample data, 2001 Census topic-based tabulation 95F0450XCB2001006",31685,98.55,465,1.45,,,,19391.88,,,"statcan-2001-census-religion-age-95f0450xcb2001006|statcan-2001-cd-cartographic-boundary","00000",""
"CA","ca-cd-2001-statcan","cd_2001","ca-cd-2001-statcan:2492","2492","Maria-Chapdelaine",2001,26415,"total responses for religion, total age groups, 20% sample data, 2001 Census topic-based tabulation 95F0450XCB2001006",26085,98.75,330,1.25,,,,37989.04,,,"statcan-2001-census-religion-age-95f0450xcb2001006|statcan-2001-cd-cartographic-boundary","00000",""
"CA","ca-cd-2001-statcan","cd_2001","ca-cd-2001-statcan:2493","2493","Lac-Saint-Jean-Est",2001,50940,"total responses for religion, total age groups, 20% sample data, 2001 Census topic-based tabulation 95F0450XCB2001006",49560,97.29,1380,2.71,,,,3427,,,"statcan-2001-census-religion-age-95f0450xcb2001006|statcan-2001-cd-cartographic-boundary","00000",""
"CA","ca-cd-2001-statcan","cd_2001","ca-cd-2001-statcan:2494","2494","Le Fjord-du-Saguenay",2001,164810,"total responses for religion, total age groups, 20% sample data, 2001 Census topic-based tabulation 95F0450XCB2001006",160520,97.4,4290,2.6,,,,44868.5,,,"statcan-2001-census-religion-age-95f0450xcb2001006|statcan-2001-cd-cartographic-boundary","00000",""
"CA","ca-cd-2001-statcan","cd_2001","ca-cd-2001-statcan:2495","2495","La Haute-C<f4>te-Nord",2001,12790,"total responses for religion, total age groups, 20% sample data, 2001 Census topic-based tabulation 95F0450XCB2001006",12595,98.48,195,1.52,,,,12407.26,,,"statcan-2001-census-religion-age-95f0450xcb2001006|statcan-2001-cd-cartographic-boundary","00000",""
"CA","ca-cd-2001-statcan","cd_2001","ca-cd-2001-statcan:2496","2496","Manicouagan",2001,33370,"total responses for religion, total age groups, 20% sample data, 2001 Census topic-based tabulation 95F0450XCB2001006",32320,96.85,1050,3.15,,,,39492.25,,,"statcan-2001-census-religion-age-95f0450xcb2001006|statcan-2001-cd-cartographic-boundary","00000",""
"CA","ca-cd-2001-statcan","cd_2001","ca-cd-2001-statcan:2497","2497","Sept-Rivi<e8>res--Caniapiscau",2001,38530,"total responses for religion, total age groups, 20% sample data, 2001 Census topic-based tabulation 95F0450XCB2001006",37450,97.2,1080,2.8,,,,109321.55,,,"statcan-2001-census-religion-age-95f0450xcb2001006|statcan-2001-cd-cartographic-boundary","00000",""
"CA","ca-cd-2001-statcan","cd_2001","ca-cd-2001-statcan:2498","2498","Minganie--Basse-C<f4>te-Nord",2001,12220,"total responses for religion, total age groups, 20% sample data, 2001 Census topic-based tabulation 95F0450XCB2001006",12075,98.81,145,1.19,,,,103492.07,,,"statcan-2001-census-religion-age-95f0450xcb2001006|statcan-2001-cd-cartographic-boundary","00000",""
"CA","ca-cd-2001-statcan","cd_2001","ca-cd-2001-statcan:2499","2499","Nord-du-Qu<e9>bec",2001,38475,"total responses for religion, total age groups, 20% sample data, 2001 Census topic-based tabulation 95F0450XCB2001006",36735,95.48,1740,4.52,,,,819816.18,,,"statcan-2001-census-religion-age-95f0450xcb2001006|statcan-2001-cd-cartographic-boundary","00000",""
"CA","ca-cd-2001-statcan","cd_2001","ca-cd-2001-statcan:3501","3501","Stormont, Dundas and Glengarry United Counties",2001,107545,"total responses for religion, total age groups, 20% sample data, 2001 Census topic-based tabulation 95F0450XCB2001006",99405,92.43,8140,7.57,,,,3509.21,,,"statcan-2001-census-religion-age-95f0450xcb2001006|statcan-2001-cd-cartographic-boundary","20000",""
"CA","ca-cd-2001-statcan","cd_2001","ca-cd-2001-statcan:3502","3502","Prescott and Russell United Counties",2001,74980,"total responses for religion, total age groups, 20% sample data, 2001 Census topic-based tabulation 95F0450XCB2001006",71570,95.45,3410,4.55,,,,2133.26,,,"statcan-2001-census-religion-age-95f0450xcb2001006|statcan-2001-cd-cartographic-boundary","00000",""
"CA","ca-cd-2001-statcan","cd_2001","ca-cd-2001-statcan:3506","3506","Ottawa Division",2001,763790,"total responses for religion, total age groups, 20% sample data, 2001 Census topic-based tabulation 95F0450XCB2001006",643985,84.31,119805,15.69,,,,2985.62,,,"statcan-2001-census-religion-age-95f0450xcb2001006|statcan-2001-cd-cartographic-boundary","00000",""
"CA","ca-cd-2001-statcan","cd_2001","ca-cd-2001-statcan:3507","3507","Leeds and Grenville United Counties",2001,95180,"total responses for religion, total age groups, 20% sample data, 2001 Census topic-based tabulation 95F0450XCB2001006",81340,85.46,13840,14.54,,,,3746.14,,,"statcan-2001-census-religion-age-95f0450xcb2001006|statcan-2001-cd-cartographic-boundary","00000",""
"CA","ca-cd-2001-statcan","cd_2001","ca-cd-2001-statcan:3509","3509","Lanark County",2001,60955,"total responses for religion, total age groups, 20% sample data, 2001 Census topic-based tabulation 95F0450XCB2001006",50795,83.33,10160,16.67,,,,3307.65,,,"statcan-2001-census-religion-age-95f0450xcb2001006|statcan-2001-cd-cartographic-boundary","00000",""
"CA","ca-cd-2001-statcan","cd_2001","ca-cd-2001-statcan:3510","3510","Frontenac County",2001,135405,"total responses for religion, total age groups, 20% sample data, 2001 Census topic-based tabulation 95F0450XCB2001006",111350,82.23,24055,17.77,,,,4389.64,,,"statcan-2001-census-religion-age-95f0450xcb2001006|statcan-2001-cd-cartographic-boundary","00000",""
"CA","ca-cd-2001-statcan","cd_2001","ca-cd-2001-statcan:3511","3511","Lennox and Addington County",2001,37960,"total responses for religion, total age groups, 20% sample data, 2001 Census topic-based tabulation 95F0450XCB2001006",31300,82.46,6660,17.54,,,,3093.59,,,"statcan-2001-census-religion-age-95f0450xcb2001006|statcan-2001-cd-cartographic-boundary","00000",""
"CA","ca-cd-2001-statcan","cd_2001","ca-cd-2001-statcan:3512","3512","Hastings County",2001,124420,"total responses for religion, total age groups, 20% sample data, 2001 Census topic-based tabulation 95F0450XCB2001006",104410,83.92,20010,16.08,,,,6577.89,,,"statcan-2001-census-religion-age-95f0450xcb2001006|statcan-2001-cd-cartographic-boundary","20001",""
"CA","ca-cd-2001-statcan","cd_2001","ca-cd-2001-statcan:3513","3513","Prince Edward Division",2001,24360,"total responses for religion, total age groups, 20% sample data, 2001 Census topic-based tabulation 95F0450XCB2001006",19950,81.9,4410,18.1,,,,1194.27,,,"statcan-2001-census-religion-age-95f0450xcb2001006|statcan-2001-cd-cartographic-boundary","00000",""
"CA","ca-cd-2001-statcan","cd_2001","ca-cd-2001-statcan:3514","3514","Northumberland County",2001,75935,"total responses for religion, total age groups, 20% sample data, 2001 Census topic-based tabulation 95F0450XCB2001006",62300,82.04,13635,17.96,,,,2095.03,,,"statcan-2001-census-religion-age-95f0450xcb2001006|statcan-2001-cd-cartographic-boundary","00001",""
"CA","ca-cd-2001-statcan","cd_2001","ca-cd-2001-statcan:3515","3515","Peterborough County",2001,123605,"total responses for religion, total age groups, 20% sample data, 2001 Census topic-based tabulation 95F0450XCB2001006",101695,82.27,21910,17.73,,,,4383.13,,,"statcan-2001-census-religion-age-95f0450xcb2001006|statcan-2001-cd-cartographic-boundary","00000",""
"CA","ca-cd-2001-statcan","cd_2001","ca-cd-2001-statcan:3516","3516","Kawartha Lakes Division",2001,68460,"total responses for religion, total age groups, 20% sample data, 2001 Census topic-based tabulation 95F0450XCB2001006",54930,80.24,13530,19.76,,,,3466.57,,,"statcan-2001-census-religion-age-95f0450xcb2001006|statcan-2001-cd-cartographic-boundary","00000",""
"CA","ca-cd-2001-statcan","cd_2001","ca-cd-2001-statcan:3518","3518","Durham Regional Municipality",2001,502900,"total responses for religion, total age groups, 20% sample data, 2001 Census topic-based tabulation 95F0450XCB2001006",412870,82.1,90030,17.9,,,,2738.36,,,"statcan-2001-census-religion-age-95f0450xcb2001006|statcan-2001-cd-cartographic-boundary","00000",""
"CA","ca-cd-2001-statcan","cd_2001","ca-cd-2001-statcan:3519","3519","York Regional Municipality",2001,725665,"total responses for religion, total age groups, 20% sample data, 2001 Census topic-based tabulation 95F0450XCB2001006",599085,82.56,126580,17.44,,,,2191.1,,,"statcan-2001-census-religion-age-95f0450xcb2001006|statcan-2001-cd-cartographic-boundary","00000",""
"CA","ca-cd-2001-statcan","cd_2001","ca-cd-2001-statcan:3520","3520","Toronto Division",2001,2456800,"total responses for religion, total age groups, 20% sample data, 2001 Census topic-based tabulation 95F0450XCB2001006",1993630,81.15,463170,18.85,,,,664.75,,,"statcan-2001-census-religion-age-95f0450xcb2001006|statcan-2001-cd-cartographic-boundary","00000",""
"CA","ca-cd-2001-statcan","cd_2001","ca-cd-2001-statcan:3521","3521","Peel Regional Municipality",2001,985565,"total responses for religion, total age groups, 20% sample data, 2001 Census topic-based tabulation 95F0450XCB2001006",868825,88.16,116740,11.84,,,,1314.43,,,"statcan-2001-census-religion-age-95f0450xcb2001006|statcan-2001-cd-cartographic-boundary","00000",""
"CA","ca-cd-2001-statcan","cd_2001","ca-cd-2001-statcan:3522","3522","Dufferin County",2001,50360,"total responses for religion, total age groups, 20% sample data, 2001 Census topic-based tabulation 95F0450XCB2001006",39330,78.1,11030,21.9,,,,1564.29,,,"statcan-2001-census-religion-age-95f0450xcb2001006|statcan-2001-cd-cartographic-boundary","00000",""
"CA","ca-cd-2001-statcan","cd_2001","ca-cd-2001-statcan:3523","3523","Wellington County",2001,184840,"total responses for religion, total age groups, 20% sample data, 2001 Census topic-based tabulation 95F0450XCB2001006",150115,81.21,34725,18.79,,,,2829.15,,,"statcan-2001-census-religion-age-95f0450xcb2001006|statcan-2001-cd-cartographic-boundary","00001",""
"CA","ca-cd-2001-statcan","cd_2001","ca-cd-2001-statcan:3524","3524","Halton Regional Municipality",2001,372410,"total responses for religion, total age groups, 20% sample data, 2001 Census topic-based tabulation 95F0450XCB2001006",312150,83.82,60260,16.18,,,,1023.2,,,"statcan-2001-census-religion-age-95f0450xcb2001006|statcan-2001-cd-cartographic-boundary","00000",""
"CA","ca-cd-2001-statcan","cd_2001","ca-cd-2001-statcan:3525","3525","Hamilton Division",2001,484385,"total responses for religion, total age groups, 20% sample data, 2001 Census topic-based tabulation 95F0450XCB2001006",397180,82,87205,18,,,,1209.22,,,"statcan-2001-census-religion-age-95f0450xcb2001006|statcan-2001-cd-cartographic-boundary","00000",""
"CA","ca-cd-2001-statcan","cd_2001","ca-cd-2001-statcan:3526","3526","Niagara Regional Municipality",2001,404590,"total responses for religion, total age groups, 20% sample data, 2001 Census topic-based tabulation 95F0450XCB2001006",345265,85.34,59325,14.66,,,,1988.45,,,"statcan-2001-census-religion-age-95f0450xcb2001006|statcan-2001-cd-cartographic-boundary","00000",""
"CA","ca-cd-2001-statcan","cd_2001","ca-cd-2001-statcan:3528","3528","Haldimand-Norfolk Regional Municipality",2001,103330,"total responses for religion, total age groups, 20% sample data, 2001 Census topic-based tabulation 95F0450XCB2001006",85450,82.7,17880,17.3,,,,3085.72,,,"statcan-2001-census-religion-age-95f0450xcb2001006|statcan-2001-cd-cartographic-boundary","20000",""
"CA","ca-cd-2001-statcan","cd_2001","ca-cd-2001-statcan:3529","3529","Brant County",2001,116755,"total responses for religion, total age groups, 20% sample data, 2001 Census topic-based tabulation 95F0450XCB2001006",93625,80.19,23130,19.81,,,,1166.89,,,"statcan-2001-census-religion-age-95f0450xcb2001006|statcan-2001-cd-cartographic-boundary","20000",""
"CA","ca-cd-2001-statcan","cd_2001","ca-cd-2001-statcan:3530","3530","Waterloo Regional Municipality",2001,433875,"total responses for religion, total age groups, 20% sample data, 2001 Census topic-based tabulation 95F0450XCB2001006",366765,84.53,67110,15.47,,,,1455.98,,,"statcan-2001-census-religion-age-95f0450xcb2001006|statcan-2001-cd-cartographic-boundary","00000",""
"CA","ca-cd-2001-statcan","cd_2001","ca-cd-2001-statcan:3531","3531","Perth County",2001,72455,"total responses for religion, total age groups, 20% sample data, 2001 Census topic-based tabulation 95F0450XCB2001006",63500,87.64,8955,12.36,,,,2336.98,,,"statcan-2001-census-religion-age-95f0450xcb2001006|statcan-2001-cd-cartographic-boundary","00000",""
"CA","ca-cd-2001-statcan","cd_2001","ca-cd-2001-statcan:3532","3532","Oxford County",2001,97965,"total responses for religion, total age groups, 20% sample data, 2001 Census topic-based tabulation 95F0450XCB2001006",82245,83.95,15720,16.05,,,,2164.48,,,"statcan-2001-census-religion-age-95f0450xcb2001006|statcan-2001-cd-cartographic-boundary","00000",""
"CA","ca-cd-2001-statcan","cd_2001","ca-cd-2001-statcan:3534","3534","Elgin County",2001,80150,"total responses for religion, total age groups, 20% sample data, 2001 Census topic-based tabulation 95F0450XCB2001006",66385,82.83,13765,17.17,,,,1998.16,,,"statcan-2001-census-religion-age-95f0450xcb2001006|statcan-2001-cd-cartographic-boundary","00000",""
"CA","ca-cd-2001-statcan","cd_2001","ca-cd-2001-statcan:3536","3536","Chatham-Kent Division",2001,105850,"total responses for religion, total age groups, 20% sample data, 2001 Census topic-based tabulation 95F0450XCB2001006",92975,87.84,12875,12.16,,,,2642.9,,,"statcan-2001-census-religion-age-95f0450xcb2001006|statcan-2001-cd-cartographic-boundary","00000",""
"CA","ca-cd-2001-statcan","cd_2001","ca-cd-2001-statcan:3537","3537","Essex County",2001,371085,"total responses for religion, total age groups, 20% sample data, 2001 Census topic-based tabulation 95F0450XCB2001006",331145,89.24,39940,10.76,,,,1980.05,,,"statcan-2001-census-religion-age-95f0450xcb2001006|statcan-2001-cd-cartographic-boundary","00000",""
"CA","ca-cd-2001-statcan","cd_2001","ca-cd-2001-statcan:3538","3538","Lambton County",2001,125565,"total responses for religion, total age groups, 20% sample data, 2001 Census topic-based tabulation 95F0450XCB2001006",105655,84.14,19910,15.86,,,,3212.08,,,"statcan-2001-census-religion-age-95f0450xcb2001006|statcan-2001-cd-cartographic-boundary","00000",""
"CA","ca-cd-2001-statcan","cd_2001","ca-cd-2001-statcan:3539","3539","Middlesex County",2001,398565,"total responses for religion, total age groups, 20% sample data, 2001 Census topic-based tabulation 95F0450XCB2001006",321925,80.77,76640,19.23,,,,3523.31,,,"statcan-2001-census-religion-age-95f0450xcb2001006|statcan-2001-cd-cartographic-boundary","20000",""
"CA","ca-cd-2001-statcan","cd_2001","ca-cd-2001-statcan:3540","3540","Huron County",2001,58700,"total responses for religion, total age groups, 20% sample data, 2001 Census topic-based tabulation 95F0450XCB2001006",52250,89.01,6450,10.99,,,,3597.47,,,"statcan-2001-census-religion-age-95f0450xcb2001006|statcan-2001-cd-cartographic-boundary","00000",""
"CA","ca-cd-2001-statcan","cd_2001","ca-cd-2001-statcan:3541","3541","Bruce County",2001,62940,"total responses for religion, total age groups, 20% sample data, 2001 Census topic-based tabulation 95F0450XCB2001006",53235,84.58,9705,15.42,,,,4346.19,,,"statcan-2001-census-religion-age-95f0450xcb2001006|statcan-2001-cd-cartographic-boundary","00000",""
"CA","ca-cd-2001-statcan","cd_2001","ca-cd-2001-statcan:3542","3542","Grey County",2001,87670,"total responses for religion, total age groups, 20% sample data, 2001 Census topic-based tabulation 95F0450XCB2001006",70330,80.22,17340,19.78,,,,4738.21,,,"statcan-2001-census-religion-age-95f0450xcb2001006|statcan-2001-cd-cartographic-boundary","00001",""
"CA","ca-cd-2001-statcan","cd_2001","ca-cd-2001-statcan:3543","3543","Simcoe County",2001,372325,"total responses for religion, total age groups, 20% sample data, 2001 Census topic-based tabulation 95F0450XCB2001006",298670,80.22,73655,19.78,,,,5530.72,,,"statcan-2001-census-religion-age-95f0450xcb2001006|statcan-2001-cd-cartographic-boundary","00000",""
"CA","ca-cd-2001-statcan","cd_2001","ca-cd-2001-statcan:3544","3544","Muskoka District Municipality",2001,51705,"total responses for religion, total age groups, 20% sample data, 2001 Census topic-based tabulation 95F0450XCB2001006",40835,78.98,10870,21.02,,,,4639.94,,,"statcan-2001-census-religion-age-95f0450xcb2001006|statcan-2001-cd-cartographic-boundary","20000",""
"CA","ca-cd-2001-statcan","cd_2001","ca-cd-2001-statcan:3546","3546","Haliburton County",2001,14925,"total responses for religion, total age groups, 20% sample data, 2001 Census topic-based tabulation 95F0450XCB2001006",11560,77.45,3365,22.55,,,,4712.44,,,"statcan-2001-census-religion-age-95f0450xcb2001006|statcan-2001-cd-cartographic-boundary","00000",""
"CA","ca-cd-2001-statcan","cd_2001","ca-cd-2001-statcan:3547","3547","Renfrew County",2001,93760,"total responses for religion, total age groups, 20% sample data, 2001 Census topic-based tabulation 95F0450XCB2001006",84890,90.54,8870,9.46,,,,8293.39,,,"statcan-2001-census-religion-age-95f0450xcb2001006|statcan-2001-cd-cartographic-boundary","00000",""
"CA","ca-cd-2001-statcan","cd_2001","ca-cd-2001-statcan:3548","3548","Nipissing District",2001,81595,"total responses for religion, total age groups, 20% sample data, 2001 Census topic-based tabulation 95F0450XCB2001006",71190,87.25,10405,12.75,,,,20029.37,,,"statcan-2001-census-religion-age-95f0450xcb2001006|statcan-2001-cd-cartographic-boundary","20000",""
"CA","ca-cd-2001-statcan","cd_2001","ca-cd-2001-statcan:3549","3549","Parry Sound District",2001,39325,"total responses for religion, total age groups, 20% sample data, 2001 Census topic-based tabulation 95F0450XCB2001006",31475,80.04,7850,19.96,,,,10392.92,,,"statcan-2001-census-religion-age-95f0450xcb2001006|statcan-2001-cd-cartographic-boundary","00001",""
"CA","ca-cd-2001-statcan","cd_2001","ca-cd-2001-statcan:3551","3551","Manitoulin District",2001,12520,"total responses for religion, total age groups, 20% sample data, 2001 Census topic-based tabulation 95F0450XCB2001006",10630,84.9,1890,15.1,,,,5310.36,,,"statcan-2001-census-religion-age-95f0450xcb2001006|statcan-2001-cd-cartographic-boundary","01021",""
"CA","ca-cd-2001-statcan","cd_2001","ca-cd-2001-statcan:3552","3552","Sudbury District",2001,22820,"total responses for religion, total age groups, 20% sample data, 2001 Census topic-based tabulation 95F0450XCB2001006",20645,90.47,2175,9.53,,,,42561.9,,,"statcan-2001-census-religion-age-95f0450xcb2001006|statcan-2001-cd-cartographic-boundary","00001",""
"CA","ca-cd-2001-statcan","cd_2001","ca-cd-2001-statcan:3553","3553","Greater Sudbury Division",2001,153560,"total responses for religion, total age groups, 20% sample data, 2001 Census topic-based tabulation 95F0450XCB2001006",138425,90.14,15135,9.86,,,,3896.09,,,"statcan-2001-census-religion-age-95f0450xcb2001006|statcan-2001-cd-cartographic-boundary","00001",""
"CA","ca-cd-2001-statcan","cd_2001","ca-cd-2001-statcan:3554","3554","Timiskaming District",2001,33995,"total responses for religion, total age groups, 20% sample data, 2001 Census topic-based tabulation 95F0450XCB2001006",28790,84.69,5205,15.31,,,,14508.19,,,"statcan-2001-census-religion-age-95f0450xcb2001006|statcan-2001-cd-cartographic-boundary","00000",""
"CA","ca-cd-2001-statcan","cd_2001","ca-cd-2001-statcan:3556","3556","Cochrane District",2001,84295,"total responses for religion, total age groups, 20% sample data, 2001 Census topic-based tabulation 95F0450XCB2001006",78100,92.65,6195,7.35,,,,144411.61,,,"statcan-2001-census-religion-age-95f0450xcb2001006|statcan-2001-cd-cartographic-boundary","20010",""
"CA","ca-cd-2001-statcan","cd_2001","ca-cd-2001-statcan:3557","3557","Algoma District",2001,117200,"total responses for religion, total age groups, 20% sample data, 2001 Census topic-based tabulation 95F0450XCB2001006",101145,86.3,16055,13.7,,,,52844.39,,,"statcan-2001-census-religion-age-95f0450xcb2001006|statcan-2001-cd-cartographic-boundary","20000",""
"CA","ca-cd-2001-statcan","cd_2001","ca-cd-2001-statcan:3558","3558","Thunder Bay District",2001,149155,"total responses for religion, total age groups, 20% sample data, 2001 Census topic-based tabulation 95F0450XCB2001006",124695,83.6,24460,16.4,,,,118394.91,,,"statcan-2001-census-religion-age-95f0450xcb2001006|statcan-2001-cd-cartographic-boundary","20000",""
"CA","ca-cd-2001-statcan","cd_2001","ca-cd-2001-statcan:3559","3559","Rainy River District",2001,21875,"total responses for religion, total age groups, 20% sample data, 2001 Census topic-based tabulation 95F0450XCB2001006",17720,81.01,4155,18.99,,,,18477.49,,,"statcan-2001-census-religion-age-95f0450xcb2001006|statcan-2001-cd-cartographic-boundary","00011",""
"CA","ca-cd-2001-statcan","cd_2001","ca-cd-2001-statcan:3560","3560","Kenora District",2001,61460,"total responses for religion, total age groups, 20% sample data, 2001 Census topic-based tabulation 95F0450XCB2001006",48520,78.95,12940,21.05,,,,433296.28,,,"statcan-2001-census-religion-age-95f0450xcb2001006|statcan-2001-cd-cartographic-boundary","21021",""
"CA","ca-cd-2001-statcan","cd_2001","ca-cd-2001-statcan:4601","4601","Division No.  1",2001,16335,"total responses for religion, total age groups, 20% sample data, 2001 Census topic-based tabulation 95F0450XCB2001006",13295,81.39,3040,18.61,,,,15515.47,,,"statcan-2001-census-religion-age-95f0450xcb2001006|statcan-2001-cd-cartographic-boundary","00000",""
"CA","ca-cd-2001-statcan","cd_2001","ca-cd-2001-statcan:4602","4602","Division No.  2",2001,50480,"total responses for religion, total age groups, 20% sample data, 2001 Census topic-based tabulation 95F0450XCB2001006",44665,88.48,5815,11.52,,,,4403.93,,,"statcan-2001-census-religion-age-95f0450xcb2001006|statcan-2001-cd-cartographic-boundary","00000",""
"CA","ca-cd-2001-statcan","cd_2001","ca-cd-2001-statcan:4603","4603","Division No.  3",2001,41735,"total responses for religion, total age groups, 20% sample data, 2001 Census topic-based tabulation 95F0450XCB2001006",39225,93.99,2510,6.01,,,,5324.7,,,"statcan-2001-census-religion-age-95f0450xcb2001006|statcan-2001-cd-cartographic-boundary","00000",""
"CA","ca-cd-2001-statcan","cd_2001","ca-cd-2001-statcan:4604","4604","Division No.  4",2001,9815,"total responses for religion, total age groups, 20% sample data, 2001 Census topic-based tabulation 95F0450XCB2001006",8960,91.29,855,8.71,,,,4638.21,,,"statcan-2001-census-religion-age-95f0450xcb2001006|statcan-2001-cd-cartographic-boundary","00000",""
"CA","ca-cd-2001-statcan","cd_2001","ca-cd-2001-statcan:4605","4605","Division No.  5",2001,13625,"total responses for religion, total age groups, 20% sample data, 2001 Census topic-based tabulation 95F0450XCB2001006",11755,86.28,1870,13.72,,,,8457.48,,,"statcan-2001-census-religion-age-95f0450xcb2001006|statcan-2001-cd-cartographic-boundary","00000",""
"CA","ca-cd-2001-statcan","cd_2001","ca-cd-2001-statcan:4606","4606","Division No.  6",2001,9915,"total responses for religion, total age groups, 20% sample data, 2001 Census topic-based tabulation 95F0450XCB2001006",8340,84.11,1575,15.89,,,,4049.99,,,"statcan-2001-census-religion-age-95f0450xcb2001006|statcan-2001-cd-cartographic-boundary","00000",""
"CA","ca-cd-2001-statcan","cd_2001","ca-cd-2001-statcan:4607","4607","Division No.  7",2001,56215,"total responses for religion, total age groups, 20% sample data, 2001 Census topic-based tabulation 95F0450XCB2001006",44685,79.49,11530,20.51,,,,5778.13,,,"statcan-2001-census-religion-age-95f0450xcb2001006|statcan-2001-cd-cartographic-boundary","00000",""
"CA","ca-cd-2001-statcan","cd_2001","ca-cd-2001-statcan:4608","4608","Division No.  8",2001,14430,"total responses for religion, total age groups, 20% sample data, 2001 Census topic-based tabulation 95F0450XCB2001006",13145,91.09,1285,8.91,,,,5853.74,,,"statcan-2001-census-religion-age-95f0450xcb2001006|statcan-2001-cd-cartographic-boundary","00000",""
"CA","ca-cd-2001-statcan","cd_2001","ca-cd-2001-statcan:4609","4609","Division No.  9",2001,22520,"total responses for religion, total age groups, 20% sample data, 2001 Census topic-based tabulation 95F0450XCB2001006",18025,80.04,4495,19.96,,,,3066.57,,,"statcan-2001-census-religion-age-95f0450xcb2001006|statcan-2001-cd-cartographic-boundary","20000",""
"CA","ca-cd-2001-statcan","cd_2001","ca-cd-2001-statcan:4610","4610","Division No. 10",2001,9465,"total responses for religion, total age groups, 20% sample data, 2001 Census topic-based tabulation 95F0450XCB2001006",8375,88.48,1090,11.52,,,,1912.6,,,"statcan-2001-census-religion-age-95f0450xcb2001006|statcan-2001-cd-cartographic-boundary","00000",""
"CA","ca-cd-2001-statcan","cd_2001","ca-cd-2001-statcan:4611","4611","Division No. 11",2001,612165,"total responses for religion, total age groups, 20% sample data, 2001 Census topic-based tabulation 95F0450XCB2001006",481085,78.59,131080,21.41,,,,580.35,,,"statcan-2001-census-religion-age-95f0450xcb2001006|statcan-2001-cd-cartographic-boundary","00000",""
"CA","ca-cd-2001-statcan","cd_2001","ca-cd-2001-statcan:4612","4612","Division No. 12",2001,19140,"total responses for religion, total age groups, 20% sample data, 2001 Census topic-based tabulation 95F0450XCB2001006",15340,80.15,3800,19.85,,,,1847.28,,,"statcan-2001-census-religion-age-95f0450xcb2001006|statcan-2001-cd-cartographic-boundary","00000",""
"CA","ca-cd-2001-statcan","cd_2001","ca-cd-2001-statcan:4613","4613","Division No. 13",2001,41420,"total responses for religion, total age groups, 20% sample data, 2001 Census topic-based tabulation 95F0450XCB2001006",33380,80.59,8040,19.41,,,,1813.55,,,"statcan-2001-census-religion-age-95f0450xcb2001006|statcan-2001-cd-cartographic-boundary","00000",""
"CA","ca-cd-2001-statcan","cd_2001","ca-cd-2001-statcan:4614","4614","Division No. 14",2001,16910,"total responses for religion, total age groups, 20% sample data, 2001 Census topic-based tabulation 95F0450XCB2001006",13660,80.78,3250,19.22,,,,2869.79,,,"statcan-2001-census-religion-age-95f0450xcb2001006|statcan-2001-cd-cartographic-boundary","00000",""
"CA","ca-cd-2001-statcan","cd_2001","ca-cd-2001-statcan:4615","4615","Division No. 15",2001,21575,"total responses for religion, total age groups, 20% sample data, 2001 Census topic-based tabulation 95F0450XCB2001006",17900,82.97,3675,17.03,,,,9438.01,,,"statcan-2001-census-religion-age-95f0450xcb2001006|statcan-2001-cd-cartographic-boundary","00000",""
"CA","ca-cd-2001-statcan","cd_2001","ca-cd-2001-statcan:4616","4616","Division No. 16",2001,10200,"total responses for religion, total age groups, 20% sample data, 2001 Census topic-based tabulation 95F0450XCB2001006",8650,84.8,1550,15.2,,,,4859.9,,,"statcan-2001-census-religion-age-95f0450xcb2001006|statcan-2001-cd-cartographic-boundary","00000",""
"CA","ca-cd-2001-statcan","cd_2001","ca-cd-2001-statcan:4617","4617","Division No. 17",2001,22535,"total responses for religion, total age groups, 20% sample data, 2001 Census topic-based tabulation 95F0450XCB2001006",19675,87.31,2860,12.69,,,,14278.45,,,"statcan-2001-census-religion-age-95f0450xcb2001006|statcan-2001-cd-cartographic-boundary","00000",""
"CA","ca-cd-2001-statcan","cd_2001","ca-cd-2001-statcan:4618","4618","Division No. 18",2001,22335,"total responses for religion, total age groups, 20% sample data, 2001 Census topic-based tabulation 95F0450XCB2001006",17895,80.12,4440,19.88,,,,15268.68,,,"statcan-2001-census-religion-age-95f0450xcb2001006|statcan-2001-cd-cartographic-boundary","00000",""
"CA","ca-cd-2001-statcan","cd_2001","ca-cd-2001-statcan:4619","4619","Division No. 19",2001,15700,"total responses for religion, total age groups, 20% sample data, 2001 Census topic-based tabulation 95F0450XCB2001006",13440,85.61,2260,14.39,,,,84344.61,,,"statcan-2001-census-religion-age-95f0450xcb2001006|statcan-2001-cd-cartographic-boundary","00000",""
"CA","ca-cd-2001-statcan","cd_2001","ca-cd-2001-statcan:4620","4620","Division No. 20",2001,10860,"total responses for religion, total age groups, 20% sample data, 2001 Census topic-based tabulation 95F0450XCB2001006",9050,83.33,1810,16.67,,,,9921.34,,,"statcan-2001-census-religion-age-95f0450xcb2001006|statcan-2001-cd-cartographic-boundary","00000",""
"CA","ca-cd-2001-statcan","cd_2001","ca-cd-2001-statcan:4621","4621","Division No. 21",2001,22380,"total responses for religion, total age groups, 20% sample data, 2001 Census topic-based tabulation 95F0450XCB2001006",18500,82.66,3880,17.34,,,,59401.4,,,"statcan-2001-census-religion-age-95f0450xcb2001006|statcan-2001-cd-cartographic-boundary","00000",""
"CA","ca-cd-2001-statcan","cd_2001","ca-cd-2001-statcan:4622","4622","Division No. 22",2001,34980,"total responses for religion, total age groups, 20% sample data, 2001 Census topic-based tabulation 95F0450XCB2001006",30800,88.05,4180,11.95,,,,104021.49,,,"statcan-2001-census-religion-age-95f0450xcb2001006|statcan-2001-cd-cartographic-boundary","00000",""
"CA","ca-cd-2001-statcan","cd_2001","ca-cd-2001-statcan:4623","4623","Division No. 23",2001,8970,"total responses for religion, total age groups, 20% sample data, 2001 Census topic-based tabulation 95F0450XCB2001006",7990,89.07,980,10.93,,,,259931.44,,,"statcan-2001-census-religion-age-95f0450xcb2001006|statcan-2001-cd-cartographic-boundary","00000",""
"CA","ca-cd-2001-statcan","cd_2001","ca-cd-2001-statcan:4701","4701","Division No.  1",2001,29780,"total responses for religion, total age groups, 20% sample data, 2001 Census topic-based tabulation 95F0450XCB2001006",26125,87.73,3655,12.27,,,,15326.31,,,"statcan-2001-census-religion-age-95f0450xcb2001006|statcan-2001-cd-cartographic-boundary","00000",""
"CA","ca-cd-2001-statcan","cd_2001","ca-cd-2001-statcan:4702","4702","Division No.  2",2001,21080,"total responses for religion, total age groups, 20% sample data, 2001 Census topic-based tabulation 95F0450XCB2001006",18640,88.43,2440,11.57,,,,17240.73,,,"statcan-2001-census-religion-age-95f0450xcb2001006|statcan-2001-cd-cartographic-boundary","00000",""
"CA","ca-cd-2001-statcan","cd_2001","ca-cd-2001-statcan:4703","4703","Division No.  3",2001,14580,"total responses for religion, total age groups, 20% sample data, 2001 Census topic-based tabulation 95F0450XCB2001006",13120,89.99,1460,10.01,,,,18906.06,,,"statcan-2001-census-religion-age-95f0450xcb2001006|statcan-2001-cd-cartographic-boundary","00000",""
"CA","ca-cd-2001-statcan","cd_2001","ca-cd-2001-statcan:4704","4704","Division No.  4",2001,11535,"total responses for religion, total age groups, 20% sample data, 2001 Census topic-based tabulation 95F0450XCB2001006",10105,87.6,1430,12.4,,,,21626.86,,,"statcan-2001-census-religion-age-95f0450xcb2001006|statcan-2001-cd-cartographic-boundary","00000",""
"CA","ca-cd-2001-statcan","cd_2001","ca-cd-2001-statcan:4705","4705","Division No.  5",2001,31885,"total responses for religion, total age groups, 20% sample data, 2001 Census topic-based tabulation 95F0450XCB2001006",28220,88.51,3665,11.49,,,,14948.52,,,"statcan-2001-census-religion-age-95f0450xcb2001006|statcan-2001-cd-cartographic-boundary","00000",""
"CA","ca-cd-2001-statcan","cd_2001","ca-cd-2001-statcan:4706","4706","Division No.  6",2001,216155,"total responses for religion, total age groups, 20% sample data, 2001 Census topic-based tabulation 95F0450XCB2001006",177940,82.32,38215,17.68,,,,17812.44,,,"statcan-2001-census-religion-age-95f0450xcb2001006|statcan-2001-cd-cartographic-boundary","00000",""
"CA","ca-cd-2001-statcan","cd_2001","ca-cd-2001-statcan:4707","4707","Division No.  7",2001,45820,"total responses for religion, total age groups, 20% sample data, 2001 Census topic-based tabulation 95F0450XCB2001006",38705,84.47,7115,15.53,,,,19775.55,,,"statcan-2001-census-religion-age-95f0450xcb2001006|statcan-2001-cd-cartographic-boundary","00000",""
"CA","ca-cd-2001-statcan","cd_2001","ca-cd-2001-statcan:4708","4708","Division No.  8",2001,30315,"total responses for religion, total age groups, 20% sample data, 2001 Census topic-based tabulation 95F0450XCB2001006",25935,85.55,4380,14.45,,,,22588.16,,,"statcan-2001-census-religion-age-95f0450xcb2001006|statcan-2001-cd-cartographic-boundary","00000",""
"CA","ca-cd-2001-statcan","cd_2001","ca-cd-2001-statcan:4709","4709","Division No.  9",2001,36290,"total responses for religion, total age groups, 20% sample data, 2001 Census topic-based tabulation 95F0450XCB2001006",31880,87.85,4410,12.15,,,,15366.34,,,"statcan-2001-census-religion-age-95f0450xcb2001006|statcan-2001-cd-cartographic-boundary","00000",""
"CA","ca-cd-2001-statcan","cd_2001","ca-cd-2001-statcan:4710","4710","Division No. 10",2001,18955,"total responses for religion, total age groups, 20% sample data, 2001 Census topic-based tabulation 95F0450XCB2001006",15965,84.23,2990,15.77,,,,12897.34,,,"statcan-2001-census-religion-age-95f0450xcb2001006|statcan-2001-cd-cartographic-boundary","00000",""
"CA","ca-cd-2001-statcan","cd_2001","ca-cd-2001-statcan:4711","4711","Division No. 11",2001,234145,"total responses for religion, total age groups, 20% sample data, 2001 Census topic-based tabulation 95F0450XCB2001006",190635,81.42,43510,18.58,,,,17099.07,,,"statcan-2001-census-religion-age-95f0450xcb2001006|statcan-2001-cd-cartographic-boundary","00000",""
"CA","ca-cd-2001-statcan","cd_2001","ca-cd-2001-statcan:4712","4712","Division No. 12",2001,23375,"total responses for religion, total age groups, 20% sample data, 2001 Census topic-based tabulation 95F0450XCB2001006",20540,87.87,2835,12.13,,,,14082.26,,,"statcan-2001-census-religion-age-95f0450xcb2001006|statcan-2001-cd-cartographic-boundary","00001",""
"CA","ca-cd-2001-statcan","cd_2001","ca-cd-2001-statcan:4713","4713","Division No. 13",2001,23775,"total responses for religion, total age groups, 20% sample data, 2001 Census topic-based tabulation 95F0450XCB2001006",20890,87.87,2885,12.13,,,,17772.07,,,"statcan-2001-census-religion-age-95f0450xcb2001006|statcan-2001-cd-cartographic-boundary","00001",""
"CA","ca-cd-2001-statcan","cd_2001","ca-cd-2001-statcan:4714","4714","Division No. 14",2001,38835,"total responses for religion, total age groups, 20% sample data, 2001 Census topic-based tabulation 95F0450XCB2001006",31700,81.63,7135,18.37,,,,33910.89,,,"statcan-2001-census-religion-age-95f0450xcb2001006|statcan-2001-cd-cartographic-boundary","00000",""
"CA","ca-cd-2001-statcan","cd_2001","ca-cd-2001-statcan:4715","4715","Division No. 15",2001,78355,"total responses for religion, total age groups, 20% sample data, 2001 Census topic-based tabulation 95F0450XCB2001006",68930,87.97,9425,12.03,,,,20172.2,,,"statcan-2001-census-religion-age-95f0450xcb2001006|statcan-2001-cd-cartographic-boundary","00000",""
"CA","ca-cd-2001-statcan","cd_2001","ca-cd-2001-statcan:4716","4716","Division No. 16",2001,36990,"total responses for religion, total age groups, 20% sample data, 2001 Census topic-based tabulation 95F0450XCB2001006",31210,84.37,5780,15.63,,,,22791.26,,,"statcan-2001-census-religion-age-95f0450xcb2001006|statcan-2001-cd-cartographic-boundary","00000",""
"CA","ca-cd-2001-statcan","cd_2001","ca-cd-2001-statcan:4717","4717","Division No. 17",2001,39330,"total responses for religion, total age groups, 20% sample data, 2001 Census topic-based tabulation 95F0450XCB2001006",31715,80.64,7615,19.36,,,,23022.07,,,"statcan-2001-census-religion-age-95f0450xcb2001006|statcan-2001-cd-cartographic-boundary","20000",""
"CA","ca-cd-2001-statcan","cd_2001","ca-cd-2001-statcan:4718","4718","Division No. 18",2001,31955,"total responses for religion, total age groups, 20% sample data, 2001 Census topic-based tabulation 95F0450XCB2001006",29455,92.18,2500,7.82,,,,306871.26,,,"statcan-2001-census-religion-age-95f0450xcb2001006|statcan-2001-cd-cartographic-boundary","00000",""
"CA","ca-cd-2001-statcan","cd_2001","ca-cd-2001-statcan:4801","4801","Division No.  1",2001,66670,"total responses for religion, total age groups, 20% sample data, 2001 Census topic-based tabulation 95F0450XCB2001006",53880,80.82,12790,19.18,,,,20897.13,,,"statcan-2001-census-religion-age-95f0450xcb2001006|statcan-2001-cd-cartographic-boundary","00000",""
"CA","ca-cd-2001-statcan","cd_2001","ca-cd-2001-statcan:4802","4802","Division No.  2",2001,132110,"total responses for religion, total age groups, 20% sample data, 2001 Census topic-based tabulation 95F0450XCB2001006",106830,80.86,25280,19.14,,,,18035.96,,,"statcan-2001-census-religion-age-95f0450xcb2001006|statcan-2001-cd-cartographic-boundary","00000",""
"CA","ca-cd-2001-statcan","cd_2001","ca-cd-2001-statcan:4803","4803","Division No.  3",2001,36900,"total responses for religion, total age groups, 20% sample data, 2001 Census topic-based tabulation 95F0450XCB2001006",30960,83.9,5940,16.1,,,,13955.63,,,"statcan-2001-census-religion-age-95f0450xcb2001006|statcan-2001-cd-cartographic-boundary","00000",""
"CA","ca-cd-2001-statcan","cd_2001","ca-cd-2001-statcan:4804","4804","Division No.  4",2001,11100,"total responses for religion, total age groups, 20% sample data, 2001 Census topic-based tabulation 95F0450XCB2001006",9360,84.32,1740,15.68,,,,21877.76,,,"statcan-2001-census-religion-age-95f0450xcb2001006|statcan-2001-cd-cartographic-boundary","00000",""
"CA","ca-cd-2001-statcan","cd_2001","ca-cd-2001-statcan:4805","4805","Division No.  5",2001,46510,"total responses for religion, total age groups, 20% sample data, 2001 Census topic-based tabulation 95F0450XCB2001006",37320,80.24,9190,19.76,,,,16868.51,,,"statcan-2001-census-religion-age-95f0450xcb2001006|statcan-2001-cd-cartographic-boundary","00000",""
"CA","ca-cd-2001-statcan","cd_2001","ca-cd-2001-statcan:4806","4806","Division No.  6",2001,1012305,"total responses for religion, total age groups, 20% sample data, 2001 Census topic-based tabulation 95F0450XCB2001006",758215,74.9,254090,25.1,,,,12682.11,,,"statcan-2001-census-religion-age-95f0450xcb2001006|statcan-2001-cd-cartographic-boundary","00000",""
"CA","ca-cd-2001-statcan","cd_2001","ca-cd-2001-statcan:4807","4807","Division No.  7",2001,39665,"total responses for religion, total age groups, 20% sample data, 2001 Census topic-based tabulation 95F0450XCB2001006",32015,80.71,7650,19.29,,,,19563.58,,,"statcan-2001-census-religion-age-95f0450xcb2001006|statcan-2001-cd-cartographic-boundary","00000",""
"CA","ca-cd-2001-statcan","cd_2001","ca-cd-2001-statcan:4808","4808","Division No.  8",2001,150430,"total responses for religion, total age groups, 20% sample data, 2001 Census topic-based tabulation 95F0450XCB2001006",110260,73.3,40170,26.7,,,,10042.53,,,"statcan-2001-census-religion-age-95f0450xcb2001006|statcan-2001-cd-cartographic-boundary","00000",""
"CA","ca-cd-2001-statcan","cd_2001","ca-cd-2001-statcan:4809","4809","Division No.  9",2001,19450,"total responses for religion, total age groups, 20% sample data, 2001 Census topic-based tabulation 95F0450XCB2001006",12720,65.4,6730,34.6,,,,18633.52,,,"statcan-2001-census-religion-age-95f0450xcb2001006|statcan-2001-cd-cartographic-boundary","00000",""
"CA","ca-cd-2001-statcan","cd_2001","ca-cd-2001-statcan:4810","4810","Division No. 10",2001,81240,"total responses for religion, total age groups, 20% sample data, 2001 Census topic-based tabulation 95F0450XCB2001006",69025,84.96,12215,15.04,,,,20963.65,,,"statcan-2001-census-religion-age-95f0450xcb2001006|statcan-2001-cd-cartographic-boundary","00000",""
"CA","ca-cd-2001-statcan","cd_2001","ca-cd-2001-statcan:4811","4811","Division No. 11",2001,964145,"total responses for religion, total age groups, 20% sample data, 2001 Census topic-based tabulation 95F0450XCB2001006",734975,76.23,229170,23.77,,,,15977.99,,,"statcan-2001-census-religion-age-95f0450xcb2001006|statcan-2001-cd-cartographic-boundary","20000",""
"CA","ca-cd-2001-statcan","cd_2001","ca-cd-2001-statcan:4812","4812","Division No. 12",2001,57590,"total responses for religion, total age groups, 20% sample data, 2001 Census topic-based tabulation 95F0450XCB2001006",47925,83.22,9665,16.78,,,,31216.67,,,"statcan-2001-census-religion-age-95f0450xcb2001006|statcan-2001-cd-cartographic-boundary","20000",""
"CA","ca-cd-2001-statcan","cd_2001","ca-cd-2001-statcan:4813","4813","Division No. 13",2001,62905,"total responses for religion, total age groups, 20% sample data, 2001 Census topic-based tabulation 95F0450XCB2001006",47075,74.84,15830,25.16,,,,24290.05,,,"statcan-2001-census-religion-age-95f0450xcb2001006|statcan-2001-cd-cartographic-boundary","00000",""
"CA","ca-cd-2001-statcan","cd_2001","ca-cd-2001-statcan:4814","4814","Division No. 14",2001,26690,"total responses for religion, total age groups, 20% sample data, 2001 Census topic-based tabulation 95F0450XCB2001006",18960,71.04,7730,28.96,,,,26459.71,,,"statcan-2001-census-religion-age-95f0450xcb2001006|statcan-2001-cd-cartographic-boundary","00000",""
"CA","ca-cd-2001-statcan","cd_2001","ca-cd-2001-statcan:4815","4815","Division No. 15",2001,33795,"total responses for religion, total age groups, 20% sample data, 2001 Census topic-based tabulation 95F0450XCB2001006",22615,66.92,11180,33.08,,,,28109.23,,,"statcan-2001-census-religion-age-95f0450xcb2001006|statcan-2001-cd-cartographic-boundary","00000",""
"CA","ca-cd-2001-statcan","cd_2001","ca-cd-2001-statcan:4816","4816","Division No. 16",2001,42870,"total responses for religion, total age groups, 20% sample data, 2001 Census topic-based tabulation 95F0450XCB2001006",35750,83.39,7120,16.61,,,,99804.68,,,"statcan-2001-census-religion-age-95f0450xcb2001006|statcan-2001-cd-cartographic-boundary","00000",""
"CA","ca-cd-2001-statcan","cd_2001","ca-cd-2001-statcan:4817","4817","Division No. 17",2001,57195,"total responses for religion, total age groups, 20% sample data, 2001 Census topic-based tabulation 95F0450XCB2001006",45480,79.52,11715,20.48,,,,188086.97,,,"statcan-2001-census-religion-age-95f0450xcb2001006|statcan-2001-cd-cartographic-boundary","20000",""
"CA","ca-cd-2001-statcan","cd_2001","ca-cd-2001-statcan:4818","4818","Division No. 18",2001,14140,"total responses for religion, total age groups, 20% sample data, 2001 Census topic-based tabulation 95F0450XCB2001006",10205,72.17,3935,27.83,,,,32632.25,,,"statcan-2001-census-religion-age-95f0450xcb2001006|statcan-2001-cd-cartographic-boundary","00000",""
"CA","ca-cd-2001-statcan","cd_2001","ca-cd-2001-statcan:4819","4819","Division No. 19",2001,85445,"total responses for religion, total age groups, 20% sample data, 2001 Census topic-based tabulation 95F0450XCB2001006",62755,73.44,22690,26.56,,,,19788.06,,,"statcan-2001-census-religion-age-95f0450xcb2001006|statcan-2001-cd-cartographic-boundary","00000",""
"CA","ca-cd-2001-statcan","cd_2001","ca-cd-2001-statcan:5901","5901","East Kootenay Regional District",2001,55890,"total responses for religion, total age groups, 20% sample data, 2001 Census topic-based tabulation 95F0450XCB2001006",36760,65.77,19130,34.23,,,,27630.52,,,"statcan-2001-census-religion-age-95f0450xcb2001006|statcan-2001-cd-cartographic-boundary","00000",""
"CA","ca-cd-2001-statcan","cd_2001","ca-cd-2001-statcan:5903","5903","Central Kootenay Regional District",2001,56495,"total responses for religion, total age groups, 20% sample data, 2001 Census topic-based tabulation 95F0450XCB2001006",32865,58.17,23630,41.83,,,,23014.4,,,"statcan-2001-census-religion-age-95f0450xcb2001006|statcan-2001-cd-cartographic-boundary","00000",""
"CA","ca-cd-2001-statcan","cd_2001","ca-cd-2001-statcan:5905","5905","Kootenay Boundary Regional District",2001,31420,"total responses for religion, total age groups, 20% sample data, 2001 Census topic-based tabulation 95F0450XCB2001006",20425,65.01,10995,34.99,,,,8130.13,,,"statcan-2001-census-religion-age-95f0450xcb2001006|statcan-2001-cd-cartographic-boundary","00000",""
"CA","ca-cd-2001-statcan","cd_2001","ca-cd-2001-statcan:5907","5907","Okanagan-Similkameen Regional District",2001,75985,"total responses for religion, total age groups, 20% sample data, 2001 Census topic-based tabulation 95F0450XCB2001006",50920,67.01,25065,32.99,,,,10553.22,,,"statcan-2001-census-religion-age-95f0450xcb2001006|statcan-2001-cd-cartographic-boundary","00000",""
"CA","ca-cd-2001-statcan","cd_2001","ca-cd-2001-statcan:5909","5909","Fraser Valley Regional District",2001,233850,"total responses for religion, total age groups, 20% sample data, 2001 Census topic-based tabulation 95F0450XCB2001006",168490,72.05,65360,27.95,,,,13850.22,,,"statcan-2001-census-religion-age-95f0450xcb2001006|statcan-2001-cd-cartographic-boundary","00000",""
"CA","ca-cd-2001-statcan","cd_2001","ca-cd-2001-statcan:5915","5915","Greater Vancouver Regional District",2001,1967480,"total responses for religion, total age groups, 20% sample data, 2001 Census topic-based tabulation 95F0450XCB2001006",1274715,64.79,692765,35.21,,,,3086.25,,,"statcan-2001-census-religion-age-95f0450xcb2001006|statcan-2001-cd-cartographic-boundary","00000",""
"CA","ca-cd-2001-statcan","cd_2001","ca-cd-2001-statcan:5917","5917","Capital Regional District",2001,320705,"total responses for religion, total age groups, 20% sample data, 2001 Census topic-based tabulation 95F0450XCB2001006",197930,61.72,122775,38.28,,,,2368.97,,,"statcan-2001-census-religion-age-95f0450xcb2001006|statcan-2001-cd-cartographic-boundary","20000",""
"CA","ca-cd-2001-statcan","cd_2001","ca-cd-2001-statcan:5919","5919","Cowichan Valley Regional District",2001,71310,"total responses for religion, total age groups, 20% sample data, 2001 Census topic-based tabulation 95F0450XCB2001006",43055,60.38,28255,39.62,,,,3565.56,,,"statcan-2001-census-religion-age-95f0450xcb2001006|statcan-2001-cd-cartographic-boundary","00000",""
"CA","ca-cd-2001-statcan","cd_2001","ca-cd-2001-statcan:5921","5921","Nanaimo Regional District",2001,125555,"total responses for religion, total age groups, 20% sample data, 2001 Census topic-based tabulation 95F0450XCB2001006",74795,59.57,50760,40.43,,,,2065.4,,,"statcan-2001-census-religion-age-95f0450xcb2001006|statcan-2001-cd-cartographic-boundary","00000",""
"CA","ca-cd-2001-statcan","cd_2001","ca-cd-2001-statcan:5923","5923","Alberni-Clayoquot Regional District",2001,30135,"total responses for religion, total age groups, 20% sample data, 2001 Census topic-based tabulation 95F0450XCB2001006",16965,56.3,13170,43.7,,,,6901.89,,,"statcan-2001-census-religion-age-95f0450xcb2001006|statcan-2001-cd-cartographic-boundary","00010",""
"CA","ca-cd-2001-statcan","cd_2001","ca-cd-2001-statcan:5925","5925","Comox-Strathcona Regional District",2001,95585,"total responses for religion, total age groups, 20% sample data, 2001 Census topic-based tabulation 95F0450XCB2001006",55275,57.83,40310,42.17,,,,20488.95,,,"statcan-2001-census-religion-age-95f0450xcb2001006|statcan-2001-cd-cartographic-boundary","00000",""
"CA","ca-cd-2001-statcan","cd_2001","ca-cd-2001-statcan:5927","5927","Powell River Regional District",2001,19575,"total responses for religion, total age groups, 20% sample data, 2001 Census topic-based tabulation 95F0450XCB2001006",11360,58.03,8215,41.97,,,,5278.58,,,"statcan-2001-census-religion-age-95f0450xcb2001006|statcan-2001-cd-cartographic-boundary","00000",""
"CA","ca-cd-2001-statcan","cd_2001","ca-cd-2001-statcan:5929","5929","Sunshine Coast Regional District",2001,25450,"total responses for religion, total age groups, 20% sample data, 2001 Census topic-based tabulation 95F0450XCB2001006",14115,55.46,11335,44.54,,,,3813.79,,,"statcan-2001-census-religion-age-95f0450xcb2001006|statcan-2001-cd-cartographic-boundary","00000",""
"CA","ca-cd-2001-statcan","cd_2001","ca-cd-2001-statcan:5931","5931","Squamish-Lillooet Regional District",2001,32925,"total responses for religion, total age groups, 20% sample data, 2001 Census topic-based tabulation 95F0450XCB2001006",18485,56.14,14440,43.86,,,,16497.3,,,"statcan-2001-census-religion-age-95f0450xcb2001006|statcan-2001-cd-cartographic-boundary","21000",""
"CA","ca-cd-2001-statcan","cd_2001","ca-cd-2001-statcan:5933","5933","Thompson-Nicola Regional District",2001,118665,"total responses for religion, total age groups, 20% sample data, 2001 Census topic-based tabulation 95F0450XCB2001006",73455,61.9,45210,38.1,,,,44820.66,,,"statcan-2001-census-religion-age-95f0450xcb2001006|statcan-2001-cd-cartographic-boundary","20000",""
"CA","ca-cd-2001-statcan","cd_2001","ca-cd-2001-statcan:5935","5935","Central Okanagan Regional District",2001,145950,"total responses for religion, total age groups, 20% sample data, 2001 Census topic-based tabulation 95F0450XCB2001006",99740,68.34,46210,31.66,,,,3123.09,,,"statcan-2001-census-religion-age-95f0450xcb2001006|statcan-2001-cd-cartographic-boundary","00000",""
"CA","ca-cd-2001-statcan","cd_2001","ca-cd-2001-statcan:5937","5937","North Okanagan Regional District",2001,72370,"total responses for religion, total age groups, 20% sample data, 2001 Census topic-based tabulation 95F0450XCB2001006",45965,63.51,26405,36.49,,,,7639.59,,,"statcan-2001-census-religion-age-95f0450xcb2001006|statcan-2001-cd-cartographic-boundary","00000",""
"CA","ca-cd-2001-statcan","cd_2001","ca-cd-2001-statcan:5939","5939","Columbia-Shuswap Regional District",2001,47820,"total responses for religion, total age groups, 20% sample data, 2001 Census topic-based tabulation 95F0450XCB2001006",29990,62.71,17830,37.29,,,,29530.23,,,"statcan-2001-census-religion-age-95f0450xcb2001006|statcan-2001-cd-cartographic-boundary","00000",""
"CA","ca-cd-2001-statcan","cd_2001","ca-cd-2001-statcan:5941","5941","Cariboo Regional District",2001,65205,"total responses for religion, total age groups, 20% sample data, 2001 Census topic-based tabulation 95F0450XCB2001006",39190,60.1,26015,39.9,,,,81061.88,,,"statcan-2001-census-religion-age-95f0450xcb2001006|statcan-2001-cd-cartographic-boundary","00000",""
"CA","ca-cd-2001-statcan","cd_2001","ca-cd-2001-statcan:5943","5943","Mount Waddington Regional District",2001,13090,"total responses for religion, total age groups, 20% sample data, 2001 Census topic-based tabulation 95F0450XCB2001006",7325,55.96,5765,44.04,,,,20585.19,,,"statcan-2001-census-religion-age-95f0450xcb2001006|statcan-2001-cd-cartographic-boundary","00000",""
"CA","ca-cd-2001-statcan","cd_2001","ca-cd-2001-statcan:5945","5945","Central Coast Regional District",2001,3775,"total responses for religion, total age groups, 20% sample data, 2001 Census topic-based tabulation 95F0450XCB2001006",2190,58.01,1585,41.99,,,,25297.22,,,"statcan-2001-census-religion-age-95f0450xcb2001006|statcan-2001-cd-cartographic-boundary","01020",""
"CA","ca-cd-2001-statcan","cd_2001","ca-cd-2001-statcan:5947","5947","Skeena-Queen Charlotte Regional District",2001,21565,"total responses for religion, total age groups, 20% sample data, 2001 Census topic-based tabulation 95F0450XCB2001006",14555,67.49,7010,32.51,,,,19742.91,,,"statcan-2001-census-religion-age-95f0450xcb2001006|statcan-2001-cd-cartographic-boundary","00010",""
"CA","ca-cd-2001-statcan","cd_2001","ca-cd-2001-statcan:5949","5949","Kitimat-Stikine Regional District",2001,40720,"total responses for religion, total age groups, 20% sample data, 2001 Census topic-based tabulation 95F0450XCB2001006",28780,70.68,11940,29.32,,,,91345.17,,,"statcan-2001-census-religion-age-95f0450xcb2001006|statcan-2001-cd-cartographic-boundary","00010",""
"CA","ca-cd-2001-statcan","cd_2001","ca-cd-2001-statcan:5951","5951","Bulkley-Nechako Regional District",2001,40675,"total responses for religion, total age groups, 20% sample data, 2001 Census topic-based tabulation 95F0450XCB2001006",26180,64.36,14495,35.64,,,,75452.57,,,"statcan-2001-census-religion-age-95f0450xcb2001006|statcan-2001-cd-cartographic-boundary","00010",""
"CA","ca-cd-2001-statcan","cd_2001","ca-cd-2001-statcan:5953","5953","Fraser-Fort George Regional District",2001,94855,"total responses for religion, total age groups, 20% sample data, 2001 Census topic-based tabulation 95F0450XCB2001006",57765,60.9,37090,39.1,,,,50284.92,,,"statcan-2001-census-religion-age-95f0450xcb2001006|statcan-2001-cd-cartographic-boundary","00000",""
"CA","ca-cd-2001-statcan","cd_2001","ca-cd-2001-statcan:5955","5955","Peace River Regional District",2001,54790,"total responses for religion, total age groups, 20% sample data, 2001 Census topic-based tabulation 95F0450XCB2001006",35110,64.08,19680,35.92,,,,114611.71,,,"statcan-2001-census-religion-age-95f0450xcb2001006|statcan-2001-cd-cartographic-boundary","00000",""
"CA","ca-cd-2001-statcan","cd_2001","ca-cd-2001-statcan:5957","5957","Stikine Region",2001,1315,"total responses for religion, total age groups, 20% sample data, 2001 Census topic-based tabulation 95F0450XCB2001006",750,57.03,565,42.97,,,,128176.37,,,"statcan-2001-census-religion-age-95f0450xcb2001006|statcan-2001-cd-cartographic-boundary","01011",""
"CA","ca-cd-2001-statcan","cd_2001","ca-cd-2001-statcan:5959","5959","Northern Rockies Regional District",2001,5710,"total responses for religion, total age groups, 20% sample data, 2001 Census topic-based tabulation 95F0450XCB2001006",3425,59.98,2285,40.02,,,,81807.82,,,"statcan-2001-census-religion-age-95f0450xcb2001006|statcan-2001-cd-cartographic-boundary","01021",""
"CA","ca-cd-2001-statcan","cd_2001","ca-cd-2001-statcan:6001","6001","Yukon",2001,28520,"total responses for religion, total age groups, 20% sample data, 2001 Census topic-based tabulation 95F0450XCB2001006",17505,61.38,11015,38.62,,,,455682.08,,,"statcan-2001-census-religion-age-95f0450xcb2001006|statcan-2001-cd-cartographic-boundary","00010",""
"CA","ca-cd-2001-statcan","cd_2001","ca-cd-2001-statcan:6106","6106","Fort Smith Region",2001,28625,"total responses for religion, total age groups, 20% sample data, 2001 Census topic-based tabulation 95F0450XCB2001006",22830,79.76,5795,20.24,,,,726358.01,,,"statcan-2001-census-religion-age-95f0450xcb2001006|statcan-2001-cd-cartographic-boundary","00000",""
"CA","ca-cd-2001-statcan","cd_2001","ca-cd-2001-statcan:6107","6107","Inuvik Region",2001,8475,"total responses for religion, total age groups, 20% sample data, 2001 Census topic-based tabulation 95F0450XCB2001006",7665,90.44,810,9.56,,,,545649.31,,,"statcan-2001-census-religion-age-95f0450xcb2001006|statcan-2001-cd-cartographic-boundary","01001",""
"CA","ca-cd-2001-statcan","cd_2001","ca-cd-2001-statcan:6204","6204","Baffin Region",2001,14325,"total responses for religion, total age groups, 20% sample data, 2001 Census topic-based tabulation 95F0450XCB2001006",13195,92.11,1130,7.89,,,,1016150.98,,,"statcan-2001-census-religion-age-95f0450xcb2001006|statcan-2001-cd-cartographic-boundary","00001",""
"CA","ca-cd-2001-statcan","cd_2001","ca-cd-2001-statcan:6205","6205","Keewatin Region",2001,7525,"total responses for religion, total age groups, 20% sample data, 2001 Census topic-based tabulation 95F0450XCB2001006",7210,95.81,315,4.19,,,,509101.89,,,"statcan-2001-census-religion-age-95f0450xcb2001006|statcan-2001-cd-cartographic-boundary","00001",""
"CA","ca-cd-2001-statcan","cd_2001","ca-cd-2001-statcan:6208","6208","Kitikmeot Region",2001,4815,"total responses for religion, total age groups, 20% sample data, 2001 Census topic-based tabulation 95F0450XCB2001006",4610,95.74,205,4.26,,,,497200.11,,,"statcan-2001-census-religion-age-95f0450xcb2001006|statcan-2001-cd-cartographic-boundary","00001",""
