{"type":"FeatureCollection", "features": [
{"type":"Feature","geometry":{"type":"MultiPolygon","coordinates":[[[[-159.79038,-21.2004],[-159.7912,-21.2002],[-159.79234,-21.19974],[-159.79298,-21.19941],[-159.79379,-21.19915],[-159.79477,-21.19881],[-159.79816,-21.1987],[-159.80076,-21.19889],[-159.80147,-21.19943],[-159.8017,-21.19978],[-159.802,-21.20007],[-159.80252,-21.20032],[-159.80437,-21.20055],[-159.80536,-21.20038],[-159.80584,-21.20013],[-159.80644,-21.19993],[-159.80887,-21.19998],[-159.8112,-21.19981],[-159.8123,-21.20032],[-159.81257,-21.2004],[-159.8129,-21.20052],[-159.81369,-21.20093],[-159.81414,-21.20099],[-159.81419,-21.20103],[-159.81494,-21.20108],[-159.81658,-21.20152],[-159.81683,-21.2018],[-159.81683,-21.20189],[-159.81688,-21.20202],[-159.817,-21.20267],[-159.81722,-21.20291],[-159.81752,-21.20305],[-159.81858,-21.20364],[-159.8192,-21.20393],[-159.81984,-21.20463],[-159.82031,-21.20506],[-159.82065,-21.20544],[-159.82125,-21.20593],[-159.82137,-21.20615],[-159.82141,-21.20629],[-159.82159,-21.20629],[-159.82159,-21.20647],[-159.82181,-21.20652],[-159.82186,-21.20674],[-159.82195,-21.20674],[-159.82195,-21.20683],[-159.82214,-21.20709],[-159.82247,-21.20732],[-159.82235,-21.2074],[-159.82231,-21.20746],[-159.82231,-21.20791],[-159.82314,-21.20794],[-159.82321,-21.20809],[-159.8233,-21.20809],[-159.82383,-21.20838],[-159.82508,-21.20939],[-159.82582,-21.21036],[-159.82613,-21.21064],[-159.82651,-21.21116],[-159.8272,-21.21191],[-159.82742,-21.21211],[-159.82828,-21.2135],[-159.82846,-21.2137],[-159.82865,-21.21387],[-159.82946,-21.21505],[-159.82964,-21.21534],[-159.82988,-21.21555],[-159.83009,-21.21594],[-159.83026,-21.2164],[-159.8305,-21.21696],[-159.8308,-21.2181],[-159.83095,-21.21824],[-159.83114,-21.21951],[-159.83098,-21.22206],[-159.83089,-21.22277],[-159.8308,-21.22351],[-159.83057,-21.22416],[-159.83044,-21.22457],[-159.83027,-21.22473],[-159.83002,-21.22558],[-159.82972,-21.22672],[-159.82964,-21.22718],[-159.82954,-21.22762],[-159.82943,-21.2286],[-159.82919,-21.2296],[-159.82872,-21.23117],[-159.82854,-21.23369],[-159.82838,-21.23418],[-159.82828,-21.23427],[-159.82831,-21.23506],[-159.82818,-21.23518],[-159.82822,-21.23625],[-159.82819,-21.23701],[-159.82821,-21.23753],[-159.82803,-21.23813],[-159.82793,-21.23822],[-159.82784,-21.23903],[-159.82775,-21.23948],[-159.82764,-21.24005],[-159.82739,-21.24101],[-159.82714,-21.24206],[-159.82661,-21.24348],[-159.82636,-21.24375],[-159.82613,-21.24397],[-159.82517,-21.24536],[-159.82479,-21.24604],[-159.82462,-21.2462],[-159.82415,-21.24721],[-159.82381,-21.24814],[-159.82349,-21.2486],[-159.82326,-21.24909],[-159.82315,-21.24919],[-159.82263,-21.25008],[-159.82211,-21.25094],[-159.82193,-21.2513],[-159.82173,-21.25152],[-159.82149,-21.25174],[-159.82083,-21.25278],[-159.8202,-21.25395],[-159.82011,-21.25403],[-159.81981,-21.25449],[-159.8194,-21.25502],[-159.81903,-21.25547],[-159.81873,-21.25588],[-159.81818,-21.25626],[-159.81751,-21.25655],[-159.81697,-21.25672],[-159.81683,-21.25687],[-159.81594,-21.25735],[-159.81531,-21.25748],[-159.81279,-21.25758],[-159.81151,-21.25753],[-159.81032,-21.25763],[-159.80956,-21.25767],[-159.80951,-21.25773],[-159.80873,-21.25791],[-159.80777,-21.25817],[-159.80714,-21.25851],[-159.80646,-21.25862],[-159.80505,-21.25876],[-159.8043,-21.25897],[-159.80381,-21.25915],[-159.80354,-21.2592],[-159.80354,-21.25929],[-159.80336,-21.25929],[-159.80336,-21.25938],[-159.80327,-21.25938],[-159.80327,-21.25947],[-159.80318,-21.25947],[-159.80309,-21.25947],[-159.80302,-21.25956],[-159.80253,-21.25985],[-159.80209,-21.25997],[-159.80179,-21.26015],[-159.80119,-21.26028],[-159.8005,-21.26057],[-159.79995,-21.26089],[-159.79899,-21.26117],[-159.79872,-21.26138],[-159.79845,-21.26172],[-159.79766,-21.26203],[-159.79743,-21.26207],[-159.79743,-21.26216],[-159.79734,-21.26216],[-159.79712,-21.26231],[-159.79689,-21.26234],[-159.79685,-21.2624],[-159.79646,-21.26266],[-159.79617,-21.2627],[-159.79613,-21.26275],[-159.79568,-21.26302],[-159.79466,-21.26384],[-159.79415,-21.264],[-159.79385,-21.26411],[-159.79141,-21.26444],[-159.78994,-21.26478],[-159.78876,-21.2649],[-159.78822,-21.26501],[-159.78715,-21.26517],[-159.78562,-21.26526],[-159.78393,-21.26546],[-159.78292,-21.26542],[-159.78167,-21.26557],[-159.78085,-21.2658],[-159.78003,-21.26614],[-159.77918,-21.26617],[-159.77821,-21.26603],[-159.77794,-21.26603],[-159.77794,-21.26594],[-159.77785,-21.26594],[-159.77785,-21.26585],[-159.77767,-21.26576],[-159.77731,-21.26576],[-159.77731,-21.26585],[-159.77704,-21.26585],[-159.77704,-21.26594],[-159.77686,-21.26594],[-159.7764,-21.26602],[-159.77596,-21.26612],[-159.77581,-21.26606],[-159.77523,-21.26609],[-159.77304,-21.26661],[-159.772,-21.26678],[-159.77127,-21.26697],[-159.77025,-21.26706],[-159.76974,-21.26717],[-159.76904,-21.26741],[-159.76814,-21.26763],[-159.76765,-21.26796],[-159.76747,-21.26805],[-159.76724,-21.26817],[-159.76693,-21.2685],[-159.76645,-21.26888],[-159.76565,-21.26926],[-159.76511,-21.26963],[-159.76403,-21.27027],[-159.76334,-21.27079],[-159.7625,-21.27141],[-159.76098,-21.27197],[-159.75989,-21.27221],[-159.75912,-21.27217],[-159.75865,-21.27219],[-159.75849,-21.27236],[-159.75777,-21.27245],[-159.75686,-21.27258],[-159.75633,-21.27272],[-159.75578,-21.27283],[-159.75392,-21.27271],[-159.75313,-21.27274],[-159.75229,-21.27263],[-159.75067,-21.27254],[-159.75028,-21.27244],[-159.74904,-21.27224],[-159.7478,-21.27209],[-159.74726,-21.272],[-159.74624,-21.27184],[-159.74458,-21.27146],[-159.74376,-21.2711],[-159.74304,-21.27083],[-159.74241,-21.27056],[-159.74205,-21.27047],[-159.74092,-21.27005],[-159.73989,-21.26957],[-159.73952,-21.26946],[-159.73864,-21.26899],[-159.73796,-21.26867],[-159.7372,-21.26823],[-159.73702,-21.26814],[-159.73677,-21.26801],[-159.73629,-21.26768],[-159.73604,-21.26716],[-159.73585,-21.26698],[-159.73531,-21.2664],[-159.73522,-21.2649],[-159.73502,-21.26433],[-159.73472,-21.26405],[-159.73459,-21.26391],[-159.73441,-21.26374],[-159.73404,-21.26334],[-159.73347,-21.26289],[-159.73283,-21.26211],[-159.73246,-21.26079],[-159.73235,-21.26068],[-159.73177,-21.25886],[-159.73144,-21.25806],[-159.73104,-21.25769],[-159.73063,-21.25712],[-159.73001,-21.25655],[-159.72969,-21.2562],[-159.7286,-21.25556],[-159.72846,-21.25512],[-159.7285,-21.25421],[-159.72848,-21.25376],[-159.7285,-21.25335],[-159.72886,-21.25266],[-159.7291,-21.25244],[-159.72957,-21.25177],[-159.7297,-21.25085],[-159.7297,-21.25076],[-159.72989,-21.24872],[-159.72967,-21.2478],[-159.72944,-21.24731],[-159.72884,-21.24703],[-159.72912,-21.24694],[-159.72844,-21.24683],[-159.72813,-21.24649],[-159.72798,-21.24635],[-159.72785,-21.24586],[-159.72773,-21.24455],[-159.7274,-21.24433],[-159.72716,-21.24434],[-159.72675,-21.24421],[-159.72604,-21.24363],[-159.72534,-21.24352],[-159.72521,-21.24348],[-159.72474,-21.2434],[-159.72467,-21.24312],[-159.72471,-21.24226],[-159.72507,-21.24181],[-159.72559,-21.24149],[-159.72573,-21.24131],[-159.72588,-21.24119],[-159.72611,-21.24091],[-159.72628,-21.2406],[-159.72637,-21.24042],[-159.72655,-21.24033],[-159.72655,-21.24016],[-159.72664,-21.24016],[-159.72678,-21.23993],[-159.72687,-21.23975],[-159.72716,-21.23927],[-159.72741,-21.23904],[-159.72766,-21.23851],[-159.7279,-21.23714],[-159.72858,-21.23598],[-159.72875,-21.23553],[-159.72885,-21.23544],[-159.72884,-21.23517],[-159.72899,-21.23503],[-159.72947,-21.23373],[-159.72975,-21.23299],[-159.72996,-21.23189],[-159.73023,-21.23113],[-159.73037,-21.23086],[-159.73046,-21.23005],[-159.73055,-21.22996],[-159.73072,-21.2296],[-159.731,-21.22861],[-159.73132,-21.22782],[-159.73163,-21.22654],[-159.73181,-21.2261],[-159.7319,-21.22538],[-159.73199,-21.22511],[-159.73209,-21.22451],[-159.73194,-21.22384],[-159.73213,-21.22349],[-159.73226,-21.22322],[-159.73236,-21.22312],[-159.73232,-21.22199],[-159.73244,-21.22188],[-159.73255,-21.22127],[-159.73243,-21.22116],[-159.73253,-21.22107],[-159.73264,-21.22039],[-159.73306,-21.219],[-159.73311,-21.21896],[-159.73311,-21.21887],[-159.73311,-21.21878],[-159.73311,-21.2186],[-159.7332,-21.2186],[-159.7332,-21.21851],[-159.73325,-21.21803],[-159.73345,-21.21732],[-159.73365,-21.21716],[-159.7337,-21.21701],[-159.7339,-21.21662],[-159.73499,-21.21567],[-159.73603,-21.21523],[-159.73652,-21.21493],[-159.7372,-21.2146],[-159.73774,-21.21424],[-159.73804,-21.21404],[-159.73848,-21.21382],[-159.73908,-21.21334],[-159.73939,-21.21314],[-159.73971,-21.21298],[-159.73991,-21.21288],[-159.74079,-21.21217],[-159.74106,-21.21199],[-159.74188,-21.21137],[-159.7425,-21.21101],[-159.74278,-21.21082],[-159.74313,-21.21065],[-159.74358,-21.21042],[-159.74429,-21.20984],[-159.74495,-21.20937],[-159.74519,-21.20912],[-159.74551,-21.20881],[-159.74582,-21.20849],[-159.746,-21.20831],[-159.74659,-21.20771],[-159.74735,-21.20723],[-159.7478,-21.20687],[-159.74808,-21.20669],[-159.74863,-21.20611],[-159.74909,-21.20577],[-159.74979,-21.20543],[-159.75058,-21.2049],[-159.75103,-21.20463],[-159.75151,-21.20434],[-159.75175,-21.20409],[-159.75187,-21.20398],[-159.75274,-21.20373],[-159.75346,-21.20346],[-159.7542,-21.20318],[-159.75525,-21.20301],[-159.7558,-21.2029],[-159.75766,-21.20272],[-159.7592,-21.20289],[-159.76297,-21.20301],[-159.76415,-21.20337],[-159.76473,-21.20348],[-159.76572,-21.20365],[-159.76675,-21.20391],[-159.76779,-21.20416],[-159.7681,-21.20427],[-159.76855,-21.20436],[-159.769,-21.20445],[-159.76954,-21.20454],[-159.77114,-21.20503],[-159.77236,-21.20518],[-159.77377,-21.20515],[-159.77441,-21.20554],[-159.77475,-21.2057],[-159.77504,-21.2059],[-159.77524,-21.20611],[-159.77627,-21.20581],[-159.77732,-21.20527],[-159.77887,-21.20472],[-159.78003,-21.20398],[-159.78085,-21.204],[-159.78121,-21.20391],[-159.78196,-21.20379],[-159.78276,-21.20309],[-159.78364,-21.20292],[-159.78404,-21.20413],[-159.7842,-21.20428],[-159.78461,-21.20514],[-159.78524,-21.20476],[-159.78535,-21.20454],[-159.78544,-21.20445],[-159.7858,-21.20381],[-159.78579,-21.20355],[-159.78652,-21.20252],[-159.78651,-21.2022],[-159.78652,-21.20207],[-159.78725,-21.20193],[-159.78797,-21.20156],[-159.78821,-21.20131],[-159.7884,-21.20121],[-159.78925,-21.20078],[-159.78993,-21.20059],[-159.79038,-21.2004]]],[[[-159.72485,-21.25075],[-159.72591,-21.25025],[-159.72644,-21.25027],[-159.72661,-21.25046],[-159.72655,-21.25076],[-159.72655,-21.25085],[-159.72637,-21.25085],[-159.72597,-21.25177],[-159.72625,-21.25272],[-159.72669,-21.25304],[-159.72687,-21.25343],[-159.72665,-21.25406],[-159.72584,-21.2543],[-159.72487,-21.25396],[-159.72434,-21.25339],[-159.72416,-21.25263],[-159.72419,-21.25188],[-159.72485,-21.25075]]],[[[-159.72669,-21.24963],[-159.72618,-21.24947],[-159.72567,-21.24926],[-159.7249,-21.24901],[-159.7247,-21.24891],[-159.72447,-21.24867],[-159.72408,-21.24801],[-159.72399,-21.24792],[-159.72378,-21.24749],[-159.72381,-21.24559],[-159.72401,-21.24559],[-159.72444,-21.24604],[-159.72468,-21.24627],[-159.72659,-21.24642],[-159.72633,-21.24719],[-159.72624,-21.24776],[-159.72642,-21.24829],[-159.7273,-21.24872],[-159.72774,-21.24906],[-159.72746,-21.24961],[-159.72673,-21.24968],[-159.72669,-21.24963]]],[[[-159.7303,-21.26355],[-159.73058,-21.26317],[-159.73117,-21.26304],[-159.73104,-21.2636],[-159.73104,-21.26369],[-159.73095,-21.26369],[-159.73095,-21.26378],[-159.73077,-21.26378],[-159.73077,-21.26387],[-159.73069,-21.26387],[-159.7306,-21.26387],[-159.7306,-21.26396],[-159.73033,-21.26396],[-159.73033,-21.26378],[-159.73027,-21.26374],[-159.7303,-21.26355]]],[[[-159.7263,-21.25805],[-159.72606,-21.25754],[-159.72592,-21.2574],[-159.72579,-21.25669],[-159.72622,-21.25646],[-159.7266,-21.25706],[-159.72697,-21.25794],[-159.72695,-21.25838],[-159.72664,-21.25848],[-159.7263,-21.25805]]]]},"properties":{"area_code":"rarotonga","area_name":"Rarotonga","area_unit_id":"ck-island-2021-composite-geoboundaries-adm0-osm:rarotonga","boundary_set_id":"ck-island-2021-composite-geoboundaries-adm0-osm","boundary_level":"island","boundary_vintage":"2021","boundary_source":"geoBoundaries COK ADM0 (Sentinel-2 10m land cover, raster2polygon); parts clustered to island","boundary_licence":"CC BY 4.0","land_area_sq_km":67.5963}},
{"type":"Feature","geometry":{"type":"MultiPolygon","coordinates":[[[[-159.74865,-18.88344],[-159.74882,-18.88217],[-159.74961,-18.88182],[-159.75002,-18.88153],[-159.75058,-18.88132],[-159.75076,-18.88165],[-159.75022,-18.8823],[-159.74996,-18.88267],[-159.74986,-18.88275],[-159.74987,-18.88284],[-159.74977,-18.88293],[-159.74927,-18.88363],[-159.74874,-18.88369],[-159.74865,-18.88344]]],[[[-159.74875,-18.86879],[-159.74879,-18.86791],[-159.74901,-18.8677],[-159.74907,-18.86746],[-159.74937,-18.86731],[-159.74946,-18.86744],[-159.74987,-18.86748],[-159.75054,-18.86758],[-159.75103,-18.86775],[-159.75143,-18.86788],[-159.75166,-18.86809],[-159.75119,-18.86886],[-159.75095,-18.86937],[-159.75071,-18.86948],[-159.74945,-18.86943],[-159.7489,-18.86972],[-159.74875,-18.86879]]],[[[-159.73924,-18.89559],[-159.73903,-18.89535],[-159.73909,-18.89435],[-159.73996,-18.89358],[-159.74019,-18.89321],[-159.74048,-18.89295],[-159.74093,-18.89277],[-159.74118,-18.89246],[-159.74129,-18.89259],[-159.7419,-18.89263],[-159.74243,-18.89283],[-159.74261,-18.89302],[-159.74256,-18.8938],[-159.74198,-18.89417],[-159.74161,-18.89496],[-159.74093,-18.89544],[-159.74043,-18.89559],[-159.73993,-18.89577],[-159.73924,-18.89559]]],[[[-159.74284,-18.89171],[-159.74249,-18.89156],[-159.74179,-18.89111],[-159.74206,-18.89065],[-159.74279,-18.89039],[-159.74356,-18.89069],[-159.74366,-18.89124],[-159.7433,-18.89173],[-159.7429,-18.89178],[-159.74284,-18.89171]]],[[[-159.75451,-18.84892],[-159.75536,-18.84876],[-159.75602,-18.84884],[-159.75626,-18.84887],[-159.75638,-18.84893],[-159.75647,-18.84893],[-159.75647,-18.84902],[-159.75656,-18.8492],[-159.75665,-18.8492],[-159.75665,-18.84929],[-159.75722,-18.84975],[-159.75756,-18.84989],[-159.75772,-18.8501],[-159.75809,-18.85017],[-159.75831,-18.85058],[-159.75799,-18.85064],[-159.75799,-18.85073],[-159.7579,-18.85073],[-159.75778,-18.85079],[-159.75754,-18.85082],[-159.75754,-18.85091],[-159.75728,-18.85091],[-159.75723,-18.85097],[-159.75693,-18.85116],[-159.75643,-18.85132],[-159.7562,-18.85136],[-159.75615,-18.8514],[-159.75602,-18.85152],[-159.75511,-18.85147],[-159.75464,-18.85094],[-159.75451,-18.84892]]],[[[-159.76775,-18.82519],[-159.76814,-18.82503],[-159.76817,-18.82498],[-159.76841,-18.82486],[-159.76868,-18.82468],[-159.76881,-18.82453],[-159.76922,-18.82435],[-159.77147,-18.82412],[-159.77276,-18.82431],[-159.77318,-18.82441],[-159.77332,-18.82444],[-159.77344,-18.8245],[-159.77376,-18.82454],[-159.7748,-18.82485],[-159.77488,-18.82495],[-159.77511,-18.82507],[-159.77546,-18.82533],[-159.77587,-18.82584],[-159.77609,-18.82598],[-159.77628,-18.82606],[-159.77683,-18.8265],[-159.77725,-18.82708],[-159.77735,-18.82787],[-159.77753,-18.82886],[-159.77763,-18.82885],[-159.77771,-18.82931],[-159.77781,-18.82975],[-159.77785,-18.83007],[-159.77798,-18.83018],[-159.77843,-18.83101],[-159.7789,-18.83184],[-159.77908,-18.83201],[-159.7799,-18.83313],[-159.7805,-18.83397],[-159.78073,-18.83419],[-159.78103,-18.83452],[-159.78126,-18.83473],[-159.7817,-18.8352],[-159.78212,-18.83559],[-159.78237,-18.83587],[-159.78279,-18.83626],[-159.78329,-18.83679],[-159.78381,-18.83718],[-159.78413,-18.83752],[-159.78443,-18.83767],[-159.78455,-18.83791],[-159.78503,-18.83815],[-159.78512,-18.83833],[-159.78537,-18.83838],[-159.78678,-18.83954],[-159.78697,-18.83963],[-159.78731,-18.83986],[-159.78772,-18.84031],[-159.78805,-18.84062],[-159.7883,-18.84089],[-159.78849,-18.84098],[-159.78894,-18.84134],[-159.78926,-18.84155],[-159.78993,-18.84206],[-159.7902,-18.84219],[-159.79052,-18.84236],[-159.79087,-18.84274],[-159.79119,-18.84304],[-159.79182,-18.84349],[-159.79235,-18.84395],[-159.79298,-18.84441],[-159.794,-18.84532],[-159.79447,-18.84605],[-159.79456,-18.84632],[-159.79474,-18.84632],[-159.79474,-18.84641],[-159.79474,-18.8465],[-159.79482,-18.8465],[-159.79482,-18.84659],[-159.79482,-18.84686],[-159.79494,-18.84711],[-159.79488,-18.84737],[-159.79482,-18.8474],[-159.79478,-18.848],[-159.79452,-18.84835],[-159.7942,-18.84857],[-159.79392,-18.84894],[-159.79377,-18.84965],[-159.79366,-18.84974],[-159.79366,-18.84983],[-159.7937,-18.85089],[-159.79392,-18.85293],[-159.79418,-18.85343],[-159.79464,-18.85536],[-159.79478,-18.85589],[-159.79495,-18.85675],[-159.79529,-18.85758],[-159.79541,-18.85769],[-159.79569,-18.85834],[-159.79609,-18.85892],[-159.79645,-18.8597],[-159.79668,-18.86004],[-159.79688,-18.86023],[-159.79766,-18.86146],[-159.79803,-18.8621],[-159.79824,-18.86232],[-159.79851,-18.86258],[-159.79873,-18.8629],[-159.79908,-18.86348],[-159.7997,-18.86416],[-159.80027,-18.86425],[-159.8,-18.8645],[-159.7999,-18.86479],[-159.80008,-18.86514],[-159.80021,-18.86555],[-159.80043,-18.86575],[-159.79999,-18.86639],[-159.80015,-18.86722],[-159.80038,-18.86796],[-159.80103,-18.86934],[-159.80116,-18.86946],[-159.80125,-18.86964],[-159.80142,-18.86997],[-159.80147,-18.87013],[-159.80156,-18.87013],[-159.80156,-18.8704],[-159.80165,-18.8704],[-159.80165,-18.87049],[-159.80165,-18.87085],[-159.80157,-18.87133],[-159.80102,-18.8727],[-159.8008,-18.87306],[-159.80063,-18.87319],[-159.80012,-18.87414],[-159.79982,-18.87458],[-159.79977,-18.87462],[-159.79974,-18.87486],[-159.79968,-18.87498],[-159.79968,-18.87507],[-159.79959,-18.87507],[-159.79954,-18.87521],[-159.79905,-18.8759],[-159.79882,-18.8761],[-159.79813,-18.8771],[-159.79788,-18.87732],[-159.79772,-18.8776],[-159.79724,-18.87816],[-159.79693,-18.87835],[-159.79689,-18.87839],[-159.79664,-18.87877],[-159.79653,-18.87884],[-159.79653,-18.87893],[-159.79644,-18.87893],[-159.79644,-18.87902],[-159.79644,-18.87911],[-159.79635,-18.87911],[-159.79626,-18.87943],[-159.79587,-18.88007],[-159.79572,-18.88019],[-159.79524,-18.88141],[-159.79505,-18.88221],[-159.79496,-18.8823],[-159.7947,-18.88296],[-159.79459,-18.88418],[-159.79399,-18.8849],[-159.79368,-18.88587],[-159.79344,-18.88715],[-159.79316,-18.8876],[-159.7929,-18.88823],[-159.79279,-18.88833],[-159.79281,-18.88859],[-159.79271,-18.88868],[-159.79254,-18.88913],[-159.79186,-18.89034],[-159.79169,-18.89086],[-159.79175,-18.89238],[-159.79142,-18.89286],[-159.7904,-18.89306],[-159.78869,-18.89299],[-159.7875,-18.89281],[-159.78518,-18.89216],[-159.78445,-18.89178],[-159.78407,-18.89159],[-159.78274,-18.89075],[-159.78256,-18.89066],[-159.78234,-18.89054],[-159.78149,-18.88985],[-159.78103,-18.88949],[-159.77989,-18.88855],[-159.77915,-18.88837],[-159.77843,-18.88782],[-159.77789,-18.88724],[-159.7772,-18.8866],[-159.7765,-18.88575],[-159.77627,-18.88554],[-159.77603,-18.88528],[-159.77528,-18.88394],[-159.77493,-18.8832],[-159.77484,-18.88311],[-159.77426,-18.88219],[-159.7738,-18.88163],[-159.77377,-18.88122],[-159.77371,-18.88091],[-159.77367,-18.88077],[-159.77358,-18.88051],[-159.77349,-18.88023],[-159.77333,-18.88009],[-159.77342,-18.87921],[-159.77358,-18.87907],[-159.77378,-18.87855],[-159.77411,-18.87798],[-159.774,-18.87697],[-159.77414,-18.8766],[-159.77425,-18.87651],[-159.77431,-18.87632],[-159.77461,-18.87579],[-159.77461,-18.87534],[-159.7747,-18.87534],[-159.77474,-18.87511],[-159.77519,-18.87448],[-159.77534,-18.87347],[-159.77498,-18.87213],[-159.77464,-18.8715],[-159.77502,-18.87117],[-159.77515,-18.87102],[-159.775,-18.87059],[-159.77533,-18.87013],[-159.77533,-18.87004],[-159.77542,-18.87004],[-159.77542,-18.86986],[-159.77551,-18.86986],[-159.77562,-18.86961],[-159.77569,-18.86932],[-159.77557,-18.869],[-159.77588,-18.86826],[-159.77575,-18.86693],[-159.77595,-18.86622],[-159.77642,-18.86583],[-159.77677,-18.8654],[-159.77715,-18.86454],[-159.77722,-18.86429],[-159.77718,-18.86397],[-159.77704,-18.86339],[-159.77691,-18.86327],[-159.77663,-18.86281],[-159.77628,-18.86229],[-159.77609,-18.86182],[-159.77601,-18.86155],[-159.77529,-18.86],[-159.77539,-18.85927],[-159.77602,-18.85866],[-159.77638,-18.85792],[-159.77708,-18.85725],[-159.77744,-18.85629],[-159.77735,-18.85508],[-159.77717,-18.8549],[-159.77708,-18.85472],[-159.77644,-18.85383],[-159.776,-18.85311],[-159.77574,-18.85266],[-159.77556,-18.85249],[-159.77538,-18.85213],[-159.77529,-18.85176],[-159.77496,-18.85094],[-159.77484,-18.85059],[-159.77475,-18.85032],[-159.77451,-18.84973],[-159.77439,-18.84924],[-159.77421,-18.8488],[-159.7741,-18.84835],[-159.77324,-18.8464],[-159.77295,-18.84592],[-159.77286,-18.84583],[-159.77178,-18.84362],[-159.77142,-18.84314],[-159.77118,-18.8429],[-159.7705,-18.8419],[-159.76999,-18.84107],[-159.76989,-18.84098],[-159.76891,-18.83896],[-159.76864,-18.83856],[-159.76846,-18.83828],[-159.76837,-18.8382],[-159.76828,-18.83783],[-159.76788,-18.83724],[-159.76756,-18.83645],[-159.76765,-18.8355],[-159.76792,-18.83487],[-159.76809,-18.833],[-159.76848,-18.8327],[-159.76936,-18.83227],[-159.76936,-18.83204],[-159.769,-18.83186],[-159.76927,-18.83173],[-159.77142,-18.83154],[-159.77268,-18.83113],[-159.77269,-18.83075],[-159.77254,-18.83059],[-159.77178,-18.8304],[-159.77106,-18.83058],[-159.76959,-18.83021],[-159.76927,-18.8302],[-159.76922,-18.83016],[-159.76922,-18.83025],[-159.76904,-18.83025],[-159.76891,-18.83029],[-159.76864,-18.83038],[-159.76733,-18.83052],[-159.76711,-18.83083],[-159.76707,-18.83096],[-159.76702,-18.8312],[-159.76655,-18.83142],[-159.76572,-18.83195],[-159.76572,-18.83204],[-159.76554,-18.83204],[-159.76554,-18.83222],[-159.76545,-18.83222],[-159.76539,-18.83234],[-159.76527,-18.8324],[-159.76527,-18.83249],[-159.76518,-18.83249],[-159.76518,-18.83267],[-159.76509,-18.83267],[-159.76497,-18.83313],[-159.76447,-18.83348],[-159.76425,-18.8338],[-159.76419,-18.83384],[-159.76419,-18.83393],[-159.7641,-18.83393],[-159.76405,-18.8341],[-159.76382,-18.83468],[-159.76369,-18.83478],[-159.76365,-18.83483],[-159.76348,-18.83509],[-159.76338,-18.83546],[-159.76338,-18.83563],[-159.76329,-18.83563],[-159.76323,-18.83589],[-159.7629,-18.8365],[-159.7624,-18.83725],[-159.76194,-18.83808],[-159.76172,-18.83828],[-159.76163,-18.83838],[-159.76159,-18.83842],[-159.76129,-18.83897],[-159.76091,-18.83945],[-159.76078,-18.83968],[-159.76078,-18.83977],[-159.76069,-18.83977],[-159.76082,-18.84086],[-159.76072,-18.84195],[-159.76046,-18.84232],[-159.76038,-18.84251],[-159.76005,-18.84297],[-159.75979,-18.84345],[-159.75967,-18.84369],[-159.75955,-18.84375],[-159.75934,-18.84417],[-159.75931,-18.84432],[-159.75925,-18.84444],[-159.75925,-18.84525],[-159.75933,-18.84555],[-159.75947,-18.84575],[-159.75964,-18.84587],[-159.75984,-18.84618],[-159.75988,-18.84632],[-159.76025,-18.84652],[-159.76042,-18.84677],[-159.76057,-18.8468],[-159.7608,-18.84699],[-159.76063,-18.84734],[-159.76051,-18.8474],[-159.76047,-18.84754],[-159.7601,-18.84798],[-159.75993,-18.84826],[-159.75931,-18.84901],[-159.75871,-18.84919],[-159.75758,-18.8491],[-159.75715,-18.84894],[-159.75653,-18.84796],[-159.75647,-18.84731],[-159.75647,-18.84695],[-159.75641,-18.84674],[-159.75634,-18.84627],[-159.75623,-18.84593],[-159.75616,-18.84555],[-159.75605,-18.84548],[-159.75602,-18.84534],[-159.75602,-18.84516],[-159.75615,-18.84484],[-159.75629,-18.84472],[-159.75655,-18.84357],[-159.75683,-18.84282],[-159.75683,-18.84273],[-159.75692,-18.84273],[-159.75692,-18.84246],[-159.75701,-18.84246],[-159.75701,-18.84228],[-159.7571,-18.84228],[-159.75715,-18.84201],[-159.75732,-18.84152],[-159.75749,-18.84097],[-159.75786,-18.83996],[-159.75809,-18.83955],[-159.75822,-18.83925],[-159.7584,-18.8391],[-159.75864,-18.83871],[-159.75875,-18.83846],[-159.75885,-18.83829],[-159.7591,-18.83774],[-159.75916,-18.83752],[-159.75916,-18.83743],[-159.75925,-18.83743],[-159.75925,-18.83734],[-159.75925,-18.83725],[-159.75934,-18.83725],[-159.75934,-18.83716],[-159.75934,-18.83698],[-159.75943,-18.83698],[-159.75943,-18.83689],[-159.75952,-18.83689],[-159.75963,-18.83655],[-159.76015,-18.83571],[-159.76044,-18.83545],[-159.76078,-18.83483],[-159.76078,-18.83474],[-159.76078,-18.83465],[-159.76084,-18.83432],[-159.76144,-18.83335],[-159.76164,-18.83308],[-159.76174,-18.83285],[-159.76213,-18.8323],[-159.76233,-18.83213],[-159.76275,-18.83158],[-159.76294,-18.83115],[-159.7633,-18.83057],[-159.76367,-18.83026],[-159.76403,-18.82968],[-159.76415,-18.82957],[-159.76419,-18.82953],[-159.76419,-18.82944],[-159.76428,-18.82944],[-159.76428,-18.82935],[-159.76428,-18.82926],[-159.76437,-18.82926],[-159.76437,-18.82917],[-159.76446,-18.82917],[-159.76446,-18.82908],[-159.76455,-18.82908],[-159.76455,-18.82881],[-159.76464,-18.82881],[-159.76464,-18.82872],[-159.76473,-18.82872],[-159.76473,-18.82863],[-159.76482,-18.82863],[-159.76504,-18.82822],[-159.76514,-18.82814],[-159.76526,-18.82799],[-159.76541,-18.82787],[-159.76574,-18.8274],[-159.76604,-18.82715],[-159.76621,-18.82687],[-159.76631,-18.82679],[-159.76688,-18.82599],[-159.7674,-18.82555],[-159.76761,-18.82548],[-159.76761,-18.82539],[-159.7677,-18.82539],[-159.76775,-18.82519]]],[[[-159.74988,-18.86409],[-159.74982,-18.86393],[-159.74987,-18.86339],[-159.75018,-18.86284],[-159.75027,-18.86276],[-159.7503,-18.86252],[-159.75051,-18.86211],[-159.75063,-18.86205],[-159.75085,-18.86169],[-159.75096,-18.86079],[-159.75108,-18.8607],[-159.75121,-18.86036],[-159.7513,-18.85975],[-159.75144,-18.85898],[-159.75179,-18.85886],[-159.75206,-18.85926],[-159.75233,-18.85944],[-159.7526,-18.85949],[-159.75291,-18.85967],[-159.75358,-18.85977],[-159.75354,-18.86011],[-159.75266,-18.86021],[-159.75278,-18.86052],[-159.75302,-18.86055],[-159.75309,-18.86077],[-159.75268,-18.86141],[-159.7526,-18.86169],[-159.75265,-18.86215],[-159.75284,-18.86244],[-159.753,-18.86291],[-159.75318,-18.86303],[-159.75311,-18.86327],[-159.753,-18.86334],[-159.75286,-18.86388],[-159.75278,-18.86393],[-159.75278,-18.86411],[-159.75278,-18.8642],[-159.75269,-18.8642],[-159.75269,-18.86429],[-159.75269,-18.86438],[-159.7526,-18.86438],[-159.75255,-18.86458],[-159.75232,-18.86496],[-159.75215,-18.86537],[-159.75219,-18.86596],[-159.75224,-18.86627],[-159.75233,-18.86627],[-159.75233,-18.86636],[-159.75246,-18.86687],[-159.75192,-18.86699],[-159.75153,-18.8669],[-159.75087,-18.86685],[-159.74978,-18.86656],[-159.7496,-18.86628],[-159.74978,-18.86578],[-159.7499,-18.86537],[-159.74985,-18.86452],[-159.74988,-18.86409]]],[[[-159.75142,-18.8577],[-159.75152,-18.857],[-159.75162,-18.85693],[-159.75165,-18.85651],[-159.75181,-18.85603],[-159.75223,-18.8558],[-159.75242,-18.85576],[-159.75382,-18.85567],[-159.75463,-18.85584],[-159.75507,-18.85634],[-159.75535,-18.85652],[-159.75543,-18.85671],[-159.75507,-18.85688],[-159.75465,-18.85717],[-159.75422,-18.85773],[-159.75422,-18.85782],[-159.75413,-18.85782],[-159.75408,-18.8581],[-159.75386,-18.85847],[-159.75318,-18.85858],[-159.75256,-18.8584],[-159.75167,-18.85832],[-159.75142,-18.8577]]],[[[-159.74952,-18.92433],[-159.74931,-18.92427],[-159.74909,-18.9241],[-159.74919,-18.92383],[-159.74953,-18.92395],[-159.74967,-18.92432],[-159.74955,-18.92439],[-159.74952,-18.92433]]],[[[-159.73046,-18.91981],[-159.73103,-18.91951],[-159.73113,-18.91963],[-159.73122,-18.91963],[-159.73122,-18.9199],[-159.73122,-18.91999],[-159.73113,-18.91999],[-159.73091,-18.92104],[-159.73082,-18.92219],[-159.73047,-18.9234],[-159.73037,-18.9258],[-159.73046,-18.92855],[-159.73081,-18.93045],[-159.73083,-18.9309],[-159.73079,-18.932],[-159.73099,-18.93242],[-159.73116,-18.93258],[-159.73127,-18.93279],[-159.73143,-18.93313],[-159.73241,-18.93399],[-159.73271,-18.93413],[-159.73302,-18.93435],[-159.73414,-18.93503],[-159.73441,-18.93512],[-159.73446,-18.93517],[-159.73455,-18.93517],[-159.73455,-18.93526],[-159.73482,-18.93526],[-159.73502,-18.93518],[-159.73611,-18.93532],[-159.73592,-18.93551],[-159.73549,-18.93545],[-159.7351,-18.9355],[-159.73482,-18.93544],[-159.73467,-18.93547],[-159.73438,-18.93567],[-159.73392,-18.93571],[-159.73365,-18.93571],[-159.73301,-18.93575],[-159.7326,-18.93603],[-159.73244,-18.93638],[-159.73235,-18.93647],[-159.73207,-18.9369],[-159.73168,-18.93701],[-159.73038,-18.93674],[-159.72966,-18.93615],[-159.72911,-18.93593],[-159.72854,-18.9355],[-159.7283,-18.93473],[-159.72832,-18.93436],[-159.72829,-18.93382],[-159.72832,-18.93327],[-159.72821,-18.93288],[-159.72813,-18.93234],[-159.72791,-18.9314],[-159.72797,-18.93005],[-159.72791,-18.92857],[-159.72796,-18.92731],[-159.72792,-18.92645],[-159.72795,-18.92574],[-159.72794,-18.92547],[-159.72797,-18.92475],[-159.7283,-18.92347],[-159.7284,-18.92235],[-159.72858,-18.92219],[-159.72866,-18.92192],[-159.72919,-18.92041],[-159.73046,-18.91981]]],[[[-159.75795,-18.92946],[-159.75746,-18.92937],[-159.75707,-18.92915],[-159.75737,-18.92811],[-159.75762,-18.92752],[-159.75821,-18.92759],[-159.75866,-18.92785],[-159.75839,-18.92847],[-159.75831,-18.92938],[-159.75799,-18.92951],[-159.75795,-18.92946]]],[[[-159.74981,-18.92586],[-159.74947,-18.92567],[-159.74928,-18.9252],[-159.74928,-18.92502],[-159.74941,-18.92452],[-159.74951,-18.92444],[-159.75038,-18.92513],[-159.7503,-18.92591],[-159.74981,-18.92586]]],[[[-159.82761,-18.91361],[-159.8272,-18.91348],[-159.8263,-18.91178],[-159.82596,-18.91105],[-159.82577,-18.91088],[-159.82574,-18.91005],[-159.82657,-18.90984],[-159.82694,-18.91001],[-159.82694,-18.91015],[-159.82694,-18.91031],[-159.82729,-18.91069],[-159.82748,-18.91087],[-159.82757,-18.91096],[-159.82782,-18.9112],[-159.82824,-18.91193],[-159.82865,-18.91213],[-159.82843,-18.91254],[-159.82893,-18.91295],[-159.82954,-18.91292],[-159.82939,-18.91326],[-159.82915,-18.91352],[-159.82859,-18.91367],[-159.82842,-18.91361],[-159.82821,-18.91375],[-159.8277,-18.91379],[-159.82766,-18.9139],[-159.82761,-18.91379],[-159.8275,-18.91374],[-159.82761,-18.9137],[-159.82761,-18.91361]]],[[[-159.72903,-18.90306],[-159.72967,-18.90229],[-159.7301,-18.90216],[-159.73019,-18.90206],[-159.7305,-18.90192],[-159.73279,-18.90206],[-159.73308,-18.90226],[-159.73324,-18.90279],[-159.73334,-18.90287],[-159.73338,-18.90328],[-159.73338,-18.90337],[-159.7332,-18.90337],[-159.73317,-18.90352],[-159.73305,-18.90376],[-159.73302,-18.904],[-159.73302,-18.90409],[-159.73293,-18.90409],[-159.73281,-18.90422],[-159.73228,-18.90446],[-159.73129,-18.90534],[-159.73085,-18.90636],[-159.73055,-18.90773],[-159.73065,-18.90901],[-159.73086,-18.91013],[-159.731,-18.91042],[-159.73109,-18.91051],[-159.73126,-18.91088],[-159.7315,-18.91131],[-159.73085,-18.91135],[-159.7298,-18.91046],[-159.72956,-18.91033],[-159.72938,-18.91024],[-159.72867,-18.9098],[-159.72813,-18.90961],[-159.72799,-18.90957],[-159.7279,-18.90957],[-159.7279,-18.9093],[-159.72799,-18.9093],[-159.72795,-18.90889],[-159.72785,-18.90872],[-159.72769,-18.90836],[-159.72759,-18.9073],[-159.72779,-18.90618],[-159.72776,-18.90566],[-159.72778,-18.90527],[-159.72808,-18.90426],[-159.72822,-18.90413],[-159.72848,-18.90368],[-159.72903,-18.90306]]],[[[-159.73006,-18.9155],[-159.72979,-18.9155],[-159.72979,-18.91541],[-159.72925,-18.91541],[-159.72925,-18.91532],[-159.72876,-18.91527],[-159.72849,-18.9148],[-159.72867,-18.91464],[-159.7297,-18.9146],[-159.72975,-18.91452],[-159.73052,-18.91421],[-159.73069,-18.91442],[-159.73086,-18.91442],[-159.73116,-18.91462],[-159.73126,-18.91499],[-159.73104,-18.91505],[-159.73095,-18.91518],[-159.73056,-18.91528],[-159.73029,-18.91546],[-159.73015,-18.9155],[-159.7301,-18.91561],[-159.73006,-18.9155]]],[[[-159.83638,-18.91312],[-159.83663,-18.91302],[-159.8371,-18.91294],[-159.8376,-18.91315],[-159.8378,-18.91379],[-159.83767,-18.91388],[-159.83762,-18.91432],[-159.83749,-18.91442],[-159.83735,-18.91463],[-159.83714,-18.91469],[-159.83709,-18.91484],[-159.83663,-18.91504],[-159.83555,-18.91518],[-159.83467,-18.91509],[-159.83445,-18.91511],[-159.83317,-18.9148],[-159.83286,-18.91442],[-159.83253,-18.91389],[-159.83242,-18.91325],[-159.83278,-18.91303],[-159.83366,-18.91336],[-159.83484,-18.9132],[-159.83543,-18.91316],[-159.83579,-18.91316],[-159.83624,-18.91316],[-159.83638,-18.91312]]],[[[-159.73272,-18.94657],[-159.73324,-18.94617],[-159.73351,-18.94599],[-159.73362,-18.94799],[-159.7339,-18.94895],[-159.73387,-18.94969],[-159.73282,-18.95031],[-159.73243,-18.95048],[-159.73226,-18.95012],[-159.73212,-18.94999],[-159.73197,-18.94984],[-159.73157,-18.94881],[-159.73136,-18.94861],[-159.73122,-18.9483],[-159.73137,-18.94759],[-159.73171,-18.94726],[-159.73194,-18.94676],[-159.732,-18.94641],[-159.73216,-18.94627],[-159.73221,-18.94667],[-159.73272,-18.94657]]],[[[-159.73577,-18.93684],[-159.73636,-18.9366],[-159.73643,-18.9367],[-159.73681,-18.93673],[-159.73652,-18.93688],[-159.73643,-18.93688],[-159.73634,-18.93699],[-159.73599,-18.93705],[-159.73599,-18.93714],[-159.7359,-18.93714],[-159.73575,-18.93717],[-159.73527,-18.93741],[-159.73522,-18.93755],[-159.73464,-18.93825],[-159.73428,-18.93857],[-159.73355,-18.93843],[-159.73318,-18.93823],[-159.73307,-18.93773],[-159.73376,-18.93724],[-159.73446,-18.93714],[-159.73482,-18.93714],[-159.73486,-18.93709],[-159.73523,-18.93702],[-159.73549,-18.93691],[-159.73577,-18.93684]]]]},"properties":{"area_code":"aitutaki","area_name":"Aitutaki","area_unit_id":"ck-island-2021-composite-geoboundaries-adm0-osm:aitutaki","boundary_set_id":"ck-island-2021-composite-geoboundaries-adm0-osm","boundary_level":"island","boundary_vintage":"2021","boundary_source":"geoBoundaries COK ADM0 (Sentinel-2 10m land cover, raster2polygon); parts clustered to island","boundary_licence":"CC BY 4.0","land_area_sq_km":17.2787}},
{"type":"Feature","geometry":{"type":"Polygon","coordinates":[[[-157.91299,-21.89109],[-157.91362,-21.89113],[-157.91416,-21.8911],[-157.91493,-21.89157],[-157.9153,-21.89155],[-157.91579,-21.89129],[-157.91607,-21.8913],[-157.9164,-21.89148],[-157.91698,-21.89159],[-157.91796,-21.89147],[-157.91912,-21.89154],[-157.91945,-21.89166],[-157.92036,-21.89175],[-157.92089,-21.89184],[-157.92158,-21.89193],[-157.92251,-21.89229],[-157.92328,-21.89247],[-157.92494,-21.89273],[-157.92598,-21.89295],[-157.92655,-21.89319],[-157.92725,-21.89335],[-157.92823,-21.8935],[-157.92837,-21.89366],[-157.92898,-21.89394],[-157.93,-21.89426],[-157.9306,-21.89435],[-157.93064,-21.8944],[-157.93073,-21.8944],[-157.93096,-21.89444],[-157.93146,-21.89465],[-157.93195,-21.8948],[-157.93268,-21.89506],[-157.93329,-21.89516],[-157.93356,-21.89525],[-157.9344,-21.89537],[-157.935,-21.89561],[-157.93581,-21.89591],[-157.93644,-21.89606],[-157.93688,-21.89624],[-157.93743,-21.89641],[-157.93796,-21.8966],[-157.93848,-21.89676],[-157.93882,-21.89695],[-157.93913,-21.89705],[-157.93922,-21.89714],[-157.93985,-21.89731],[-157.94128,-21.89775],[-157.94182,-21.89795],[-157.94251,-21.89816],[-157.9433,-21.89844],[-157.94395,-21.8988],[-157.94525,-21.89933],[-157.94578,-21.89966],[-157.94623,-21.89992],[-157.94649,-21.90011],[-157.94695,-21.90037],[-157.94721,-21.90055],[-157.94748,-21.90068],[-157.94865,-21.90199],[-157.94882,-21.90214],[-157.9491,-21.90258],[-157.94966,-21.90339],[-157.95009,-21.90415],[-157.95018,-21.90423],[-157.95029,-21.90435],[-157.95076,-21.90558],[-157.95101,-21.90639],[-157.95169,-21.908],[-157.9518,-21.90809],[-157.95202,-21.90903],[-157.95234,-21.90962],[-157.9526,-21.91031],[-157.95265,-21.91057],[-157.9527,-21.9106],[-157.95295,-21.91096],[-157.95301,-21.9112],[-157.9534,-21.91146],[-157.95346,-21.91183],[-157.95369,-21.91291],[-157.95388,-21.91343],[-157.954,-21.91407],[-157.95411,-21.91417],[-157.95444,-21.91504],[-157.95461,-21.91577],[-157.95499,-21.91704],[-157.95517,-21.91704],[-157.95517,-21.91713],[-157.95517,-21.91731],[-157.95525,-21.91731],[-157.95525,-21.91748],[-157.95525,-21.91757],[-157.95534,-21.91757],[-157.95534,-21.91766],[-157.95534,-21.91784],[-157.95545,-21.91792],[-157.95552,-21.9182],[-157.95561,-21.9182],[-157.95561,-21.91838],[-157.95561,-21.91847],[-157.95569,-21.91853],[-157.95591,-21.91907],[-157.95611,-21.91941],[-157.95628,-21.91983],[-157.95637,-21.92014],[-157.95647,-21.9204],[-157.95651,-21.92072],[-157.95656,-21.92076],[-157.95664,-21.92086],[-157.95681,-21.92099],[-157.95696,-21.92153],[-157.95759,-21.92278],[-157.95768,-21.92278],[-157.95768,-21.92287],[-157.95817,-21.92391],[-157.95835,-21.92408],[-157.95853,-21.92459],[-157.95867,-21.92512],[-157.95867,-21.92521],[-157.95876,-21.92521],[-157.95876,-21.9253],[-157.95876,-21.92548],[-157.95881,-21.92552],[-157.95895,-21.92572],[-157.95935,-21.9273],[-157.95939,-21.92764],[-157.95961,-21.92858],[-157.9597,-21.92894],[-157.95992,-21.93006],[-157.96007,-21.9302],[-157.96006,-21.93038],[-157.96015,-21.93046],[-157.96024,-21.93083],[-157.96039,-21.93142],[-157.96069,-21.93271],[-157.96108,-21.93437],[-157.96116,-21.93641],[-157.96099,-21.93747],[-157.96078,-21.93792],[-157.96067,-21.93803],[-157.9604,-21.93898],[-157.96024,-21.93945],[-157.96004,-21.94007],[-157.95979,-21.94071],[-157.95967,-21.94082],[-157.95934,-21.94169],[-157.95884,-21.9431],[-157.95863,-21.9433],[-157.95849,-21.9436],[-157.95784,-21.94465],[-157.95628,-21.94609],[-157.95548,-21.94664],[-157.95521,-21.94677],[-157.95466,-21.94706],[-157.95395,-21.94733],[-157.95326,-21.94775],[-157.95202,-21.9483],[-157.95193,-21.9483],[-157.95193,-21.94839],[-157.95175,-21.94839],[-157.95166,-21.94839],[-157.95154,-21.94854],[-157.95053,-21.94897],[-157.95009,-21.94924],[-157.94995,-21.94929],[-157.94992,-21.94934],[-157.94982,-21.94932],[-157.9496,-21.94946],[-157.94951,-21.94947],[-157.94951,-21.94955],[-157.94933,-21.94955],[-157.94924,-21.94955],[-157.94924,-21.94964],[-157.94915,-21.94964],[-157.94915,-21.94973],[-157.94906,-21.94973],[-157.94897,-21.94973],[-157.94889,-21.94984],[-157.94861,-21.94991],[-157.94861,-21.95],[-157.94852,-21.95],[-157.94852,-21.95009],[-157.94843,-21.95009],[-157.94834,-21.95009],[-157.9483,-21.95014],[-157.94811,-21.95022],[-157.9476,-21.95052],[-157.94694,-21.9508],[-157.9462,-21.95139],[-157.94548,-21.95169],[-157.94497,-21.95212],[-157.94442,-21.95246],[-157.94368,-21.953],[-157.94337,-21.95313],[-157.9429,-21.95346],[-157.94246,-21.95383],[-157.94173,-21.95427],[-157.94122,-21.95469],[-157.94074,-21.95498],[-157.94012,-21.95544],[-157.93956,-21.95578],[-157.93912,-21.95614],[-157.93896,-21.95634],[-157.93882,-21.95638],[-157.93882,-21.95647],[-157.93873,-21.95647],[-157.93873,-21.95656],[-157.93864,-21.95656],[-157.93858,-21.95668],[-157.93846,-21.95674],[-157.93837,-21.95674],[-157.93822,-21.95692],[-157.93711,-21.95755],[-157.93676,-21.9578],[-157.93549,-21.95836],[-157.93531,-21.95836],[-157.93531,-21.95845],[-157.93522,-21.95845],[-157.93486,-21.95854],[-157.93482,-21.95858],[-157.93455,-21.95871],[-157.93331,-21.95908],[-157.9318,-21.95902],[-157.93033,-21.95876],[-157.9297,-21.95867],[-157.92871,-21.9584],[-157.92817,-21.95831],[-157.92797,-21.95821],[-157.92758,-21.95823],[-157.92665,-21.95795],[-157.92619,-21.95787],[-157.92584,-21.95777],[-157.92515,-21.95761],[-157.92485,-21.9575],[-157.92276,-21.9571],[-157.92197,-21.95687],[-157.92053,-21.95679],[-157.91946,-21.95669],[-157.91937,-21.9567],[-157.91884,-21.95668],[-157.91834,-21.9565],[-157.91749,-21.9563],[-157.91582,-21.95598],[-157.9146,-21.95589],[-157.91456,-21.95584],[-157.91438,-21.95584],[-157.91429,-21.95584],[-157.91405,-21.95576],[-157.91218,-21.95562],[-157.9102,-21.95553],[-157.90962,-21.95548],[-157.90814,-21.95535],[-157.90665,-21.95523],[-157.90589,-21.95508],[-157.90499,-21.95499],[-157.90437,-21.95481],[-157.90392,-21.95472],[-157.90383,-21.95463],[-157.90223,-21.95453],[-157.90158,-21.95454],[-157.90053,-21.95452],[-157.89809,-21.95471],[-157.89774,-21.95483],[-157.897,-21.95468],[-157.89604,-21.95488],[-157.89457,-21.95499],[-157.89431,-21.95508],[-157.89402,-21.95517],[-157.89334,-21.95516],[-157.89296,-21.95535],[-157.89215,-21.95544],[-157.89169,-21.95563],[-157.89098,-21.9558],[-157.89071,-21.95589],[-157.89007,-21.95599],[-157.88923,-21.95598],[-157.88861,-21.95599],[-157.88811,-21.95625],[-157.88756,-21.95635],[-157.88694,-21.95661],[-157.88653,-21.95674],[-157.88613,-21.95688],[-157.88553,-21.95687],[-157.88514,-21.95697],[-157.88361,-21.95709],[-157.88125,-21.95686],[-157.88075,-21.95661],[-157.88017,-21.95646],[-157.87984,-21.95625],[-157.87921,-21.95589],[-157.87865,-21.9555],[-157.87842,-21.95527],[-157.87784,-21.95479],[-157.87733,-21.95454],[-157.87706,-21.95418],[-157.87667,-21.9537],[-157.87652,-21.95355],[-157.87622,-21.95315],[-157.87558,-21.95184],[-157.87535,-21.95113],[-157.87526,-21.95086],[-157.87517,-21.95032],[-157.87508,-21.94995],[-157.8749,-21.94978],[-157.87491,-21.94907],[-157.87476,-21.94893],[-157.87496,-21.94874],[-157.87481,-21.94673],[-157.87481,-21.94663],[-157.87472,-21.9461],[-157.87463,-21.94448],[-157.87451,-21.94298],[-157.87463,-21.9416],[-157.87452,-21.94072],[-157.87463,-21.93918],[-157.87474,-21.9367],[-157.8749,-21.9364],[-157.87506,-21.9351],[-157.87517,-21.93478],[-157.87529,-21.93427],[-157.87562,-21.93379],[-157.87571,-21.93361],[-157.87581,-21.93351],[-157.87616,-21.93298],[-157.8762,-21.93294],[-157.8762,-21.93285],[-157.87629,-21.93285],[-157.87629,-21.93267],[-157.87638,-21.93267],[-157.87638,-21.93258],[-157.87647,-21.93258],[-157.87656,-21.93222],[-157.877,-21.93193],[-157.8775,-21.93118],[-157.8776,-21.9311],[-157.87775,-21.93089],[-157.87791,-21.93078],[-157.87834,-21.93026],[-157.87852,-21.92986],[-157.87886,-21.92956],[-157.87944,-21.92925],[-157.87944,-21.92916],[-157.87953,-21.92916],[-157.87962,-21.92908],[-157.88006,-21.9286],[-157.8803,-21.92849],[-157.88086,-21.92789],[-157.88172,-21.92709],[-157.88229,-21.92636],[-157.88255,-21.92624],[-157.88299,-21.92576],[-157.88344,-21.92544],[-157.88357,-21.9253],[-157.88371,-21.92517],[-157.88391,-21.92485],[-157.88433,-21.92454],[-157.88462,-21.92415],[-157.88492,-21.92388],[-157.88569,-21.92294],[-157.88623,-21.92259],[-157.88684,-21.92193],[-157.88722,-21.92158],[-157.88789,-21.92118],[-157.8881,-21.92085],[-157.8882,-21.92077],[-157.88846,-21.92049],[-157.88881,-21.92016],[-157.88915,-21.9197],[-157.88942,-21.91957],[-157.88999,-21.91896],[-157.89053,-21.91861],[-157.89089,-21.91816],[-157.89128,-21.91768],[-157.89152,-21.91717],[-157.89161,-21.91708],[-157.89209,-21.9165],[-157.89243,-21.91579],[-157.89338,-21.91496],[-157.89367,-21.91465],[-157.8939,-21.91443],[-157.8943,-21.91376],[-157.89455,-21.9134],[-157.89498,-21.913],[-157.89525,-21.9127],[-157.89556,-21.91223],[-157.89574,-21.91196],[-157.89592,-21.91169],[-157.89633,-21.91138],[-157.89664,-21.91097],[-157.89691,-21.91061],[-157.89712,-21.91028],[-157.89727,-21.90998],[-157.89762,-21.90931],[-157.8979,-21.90891],[-157.89808,-21.90864],[-157.89817,-21.90855],[-157.89861,-21.90783],[-157.8988,-21.90756],[-157.89906,-21.90711],[-157.89925,-21.90684],[-157.89998,-21.90545],[-157.9004,-21.90507],[-157.90113,-21.90369],[-157.90149,-21.90323],[-157.90239,-21.90163],[-157.90248,-21.90154],[-157.90282,-21.90101],[-157.90309,-21.90076],[-157.90324,-21.90051],[-157.90324,-21.90042],[-157.90332,-21.89996],[-157.9036,-21.89988],[-157.90366,-21.89934],[-157.90387,-21.89916],[-157.90387,-21.89907],[-157.90396,-21.89907],[-157.90411,-21.89877],[-157.90414,-21.89862],[-157.90414,-21.89853],[-157.90414,-21.89844],[-157.90423,-21.89844],[-157.90423,-21.89835],[-157.90427,-21.89812],[-157.90449,-21.89753],[-157.90469,-21.89737],[-157.90501,-21.89664],[-157.90522,-21.89646],[-157.90522,-21.89628],[-157.90531,-21.89628],[-157.90539,-21.89596],[-157.90558,-21.89584],[-157.90561,-21.89578],[-157.90572,-21.89571],[-157.90581,-21.89535],[-157.90603,-21.89503],[-157.90603,-21.89494],[-157.90612,-21.89494],[-157.90634,-21.89453],[-157.90667,-21.8941],[-157.90679,-21.894],[-157.90742,-21.89327],[-157.90761,-21.89311],[-157.90778,-21.89291],[-157.90818,-21.8926],[-157.90818,-21.89251],[-157.90827,-21.89251],[-157.90836,-21.89251],[-157.90844,-21.89241],[-157.9089,-21.89206],[-157.90905,-21.89203],[-157.90929,-21.89191],[-157.90944,-21.89188],[-157.90944,-21.89179],[-157.90962,-21.89179],[-157.90962,-21.8917],[-157.90971,-21.8917],[-157.90971,-21.89161],[-157.90989,-21.89161],[-157.91029,-21.89144],[-157.91102,-21.8913],[-157.91134,-21.89118],[-157.91208,-21.89123],[-157.91299,-21.89109]]]},"properties":{"area_code":"mangaia","area_name":"Mangaia","area_unit_id":"ck-island-2021-composite-geoboundaries-adm0-osm:mangaia","boundary_set_id":"ck-island-2021-composite-geoboundaries-adm0-osm","boundary_level":"island","boundary_vintage":"2021","boundary_source":"geoBoundaries COK ADM0 (Sentinel-2 10m land cover, raster2polygon); parts clustered to island","boundary_licence":"CC BY 4.0","land_area_sq_km":48.1009}},
{"type":"Feature","geometry":{"type":"Polygon","coordinates":[[[-158.12073,-19.96577],[-158.1223,-19.96567],[-158.1231,-19.96553],[-158.12418,-19.96567],[-158.12558,-19.96581],[-158.12589,-19.96586],[-158.12603,-19.96584],[-158.12638,-19.9659],[-158.12683,-19.96583],[-158.12737,-19.96605],[-158.12782,-19.96602],[-158.12912,-19.9661],[-158.13034,-19.96598],[-158.13064,-19.96587],[-158.13123,-19.96595],[-158.13132,-19.96607],[-158.13182,-19.96611],[-158.13249,-19.96622],[-158.13258,-19.96634],[-158.13267,-19.96634],[-158.13267,-19.96643],[-158.13276,-19.96643],[-158.13276,-19.96652],[-158.13285,-19.96652],[-158.13294,-19.96652],[-158.13294,-19.96661],[-158.13312,-19.96661],[-158.13364,-19.9667],[-158.13396,-19.96689],[-158.13437,-19.96706],[-158.13478,-19.96759],[-158.13524,-19.96791],[-158.13528,-19.96805],[-158.13537,-19.96805],[-158.13537,-19.96814],[-158.13546,-19.96814],[-158.13546,-19.96832],[-158.13551,-19.96836],[-158.13585,-19.96887],[-158.136,-19.96913],[-158.13618,-19.96978],[-158.13641,-19.97016],[-158.13651,-19.97064],[-158.13693,-19.97125],[-158.13709,-19.97137],[-158.13726,-19.97181],[-158.13744,-19.97285],[-158.1376,-19.97323],[-158.1379,-19.97373],[-158.13801,-19.97439],[-158.13811,-19.97474],[-158.13819,-19.97511],[-158.13829,-19.97528],[-158.13846,-19.97574],[-158.13861,-19.97599],[-158.13874,-19.97645],[-158.13883,-19.97725],[-158.13895,-19.97767],[-158.13914,-19.97783],[-158.13937,-19.97842],[-158.13941,-19.97874],[-158.13941,-19.97892],[-158.1395,-19.97892],[-158.1395,-19.97928],[-158.13964,-19.97959],[-158.13973,-19.97989],[-158.13991,-19.98022],[-158.1401,-19.98092],[-158.14028,-19.98143],[-158.14044,-19.98238],[-158.14053,-19.98312],[-158.14071,-19.98364],[-158.1408,-19.98463],[-158.14107,-19.98606],[-158.14119,-19.98761],[-158.14134,-19.98777],[-158.14152,-19.98794],[-158.14157,-19.98925],[-158.14135,-19.98946],[-158.14133,-19.98996],[-158.14143,-19.99109],[-158.14156,-19.99148],[-158.14135,-19.99228],[-158.14159,-19.99361],[-158.14174,-19.99543],[-158.14156,-19.99614],[-158.14143,-19.99675],[-158.14126,-19.99851],[-158.14076,-20.00009],[-158.14045,-20.00068],[-158.14021,-20.00155],[-158.14001,-20.00191],[-158.13973,-20.00259],[-158.13963,-20.00268],[-158.13953,-20.00289],[-158.13911,-20.00328],[-158.13876,-20.00388],[-158.13847,-20.00403],[-158.13818,-20.00416],[-158.13721,-20.00529],[-158.13679,-20.00559],[-158.13623,-20.00639],[-158.13559,-20.00672],[-158.13541,-20.00681],[-158.13537,-20.00686],[-158.13548,-20.0069],[-158.13537,-20.00695],[-158.13523,-20.00708],[-158.13497,-20.00762],[-158.13433,-20.00821],[-158.13405,-20.00834],[-158.13388,-20.00853],[-158.13349,-20.00871],[-158.133,-20.00925],[-158.13262,-20.00959],[-158.13231,-20.00993],[-158.13194,-20.01051],[-158.13099,-20.01138],[-158.13035,-20.01208],[-158.12997,-20.01242],[-158.12981,-20.0126],[-158.12901,-20.01384],[-158.12854,-20.01406],[-158.12824,-20.0147],[-158.12795,-20.01508],[-158.12764,-20.0155],[-158.12723,-20.01588],[-158.12688,-20.01643],[-158.12644,-20.017],[-158.12616,-20.01761],[-158.12581,-20.01793],[-158.12564,-20.01829],[-158.12544,-20.01858],[-158.12512,-20.01912],[-158.12483,-20.01973],[-158.12463,-20.01992],[-158.12374,-20.02155],[-158.12353,-20.02185],[-158.12333,-20.02204],[-158.12314,-20.02224],[-158.1223,-20.02379],[-158.12186,-20.02436],[-158.12103,-20.02589],[-158.12077,-20.02613],[-158.12036,-20.02664],[-158.12014,-20.02721],[-158.12003,-20.02742],[-158.11973,-20.0277],[-158.11949,-20.02796],[-158.11853,-20.02841],[-158.11737,-20.02855],[-158.11653,-20.02818],[-158.11622,-20.02785],[-158.1155,-20.02739],[-158.11493,-20.02712],[-158.11463,-20.02679],[-158.11349,-20.02574],[-158.11304,-20.02541],[-158.11231,-20.02476],[-158.11209,-20.0243],[-158.11134,-20.0237],[-158.1108,-20.02325],[-158.11022,-20.02282],[-158.10985,-20.02265],[-158.10909,-20.02199],[-158.10781,-20.02092],[-158.1058,-20.01967],[-158.10474,-20.0191],[-158.10418,-20.01871],[-158.10355,-20.01847],[-158.1022,-20.01771],[-158.10213,-20.01764],[-158.10204,-20.01764],[-158.10204,-20.01755],[-158.10142,-20.01736],[-158.10101,-20.01714],[-158.10047,-20.01697],[-158.10029,-20.01687],[-158.10002,-20.01675],[-158.09903,-20.01652],[-158.09796,-20.01613],[-158.09696,-20.01598],[-158.09634,-20.01579],[-158.0956,-20.01562],[-158.09472,-20.01553],[-158.09434,-20.01543],[-158.09422,-20.0153],[-158.09386,-20.01521],[-158.0936,-20.01521],[-158.09338,-20.01535],[-158.09312,-20.01543],[-158.09235,-20.01513],[-158.09198,-20.01467],[-158.09189,-20.01467],[-158.09162,-20.01467],[-158.09162,-20.01458],[-158.0913,-20.01454],[-158.09083,-20.01441],[-158.09019,-20.01367],[-158.08956,-20.0133],[-158.08907,-20.01273],[-158.08847,-20.01222],[-158.08819,-20.01209],[-158.08794,-20.0118],[-158.08741,-20.01143],[-158.08682,-20.01094],[-158.08663,-20.01086],[-158.08639,-20.01072],[-158.08569,-20.00991],[-158.0847,-20.00906],[-158.08425,-20.00848],[-158.08407,-20.00838],[-158.08398,-20.00821],[-158.08389,-20.00821],[-158.08389,-20.00812],[-158.08375,-20.00805],[-158.08371,-20.00785],[-158.08362,-20.00776],[-158.08349,-20.00762],[-158.08317,-20.00734],[-158.08256,-20.0065],[-158.08246,-20.00614],[-158.08231,-20.00607],[-158.08228,-20.00551],[-158.08232,-20.00546],[-158.08238,-20.00383],[-158.0825,-20.00349],[-158.08264,-20.00306],[-158.08286,-20.00214],[-158.08295,-20.00205],[-158.08304,-20.00178],[-158.0833,-20.00102],[-158.0834,-20.00043],[-158.08358,-20.00016],[-158.08357,-19.9999],[-158.08358,-19.99969],[-158.08383,-19.99899],[-158.08398,-19.99787],[-158.08416,-19.99771],[-158.0843,-19.99639],[-158.08475,-19.99568],[-158.08519,-19.99468],[-158.08542,-19.99448],[-158.08583,-19.99377],[-158.08615,-19.99348],[-158.08637,-19.99278],[-158.08668,-19.99249],[-158.08683,-19.99233],[-158.08707,-19.99182],[-158.08753,-19.99127],[-158.0878,-19.99091],[-158.08821,-19.99037],[-158.08879,-19.98984],[-158.08905,-19.98956],[-158.0895,-19.98914],[-158.0903,-19.98805],[-158.0907,-19.98776],[-158.09093,-19.9875],[-158.09165,-19.98659],[-158.0921,-19.98617],[-158.0923,-19.98586],[-158.09297,-19.98525],[-158.09348,-19.98492],[-158.09373,-19.98453],[-158.09402,-19.9841],[-158.09472,-19.98346],[-158.09485,-19.98332],[-158.09606,-19.9822],[-158.09629,-19.98209],[-158.09669,-19.98166],[-158.09771,-19.98077],[-158.09858,-19.97976],[-158.09901,-19.97936],[-158.09958,-19.9784],[-158.10079,-19.97741],[-158.10182,-19.97692],[-158.10228,-19.97634],[-158.10247,-19.97573],[-158.10275,-19.97532],[-158.10298,-19.9751],[-158.10311,-19.97496],[-158.10333,-19.97476],[-158.10365,-19.97428],[-158.10478,-19.97358],[-158.1051,-19.97336],[-158.10549,-19.97294],[-158.10593,-19.97253],[-158.10632,-19.97187],[-158.1068,-19.97128],[-158.10725,-19.97102],[-158.10725,-19.97093],[-158.10734,-19.97093],[-158.10753,-19.97065],[-158.10806,-19.9703],[-158.10815,-19.9703],[-158.10821,-19.97018],[-158.10863,-19.96997],[-158.10896,-19.96994],[-158.10922,-19.96978],[-158.10971,-19.96954],[-158.11065,-19.96942],[-158.11125,-19.96917],[-158.11191,-19.96899],[-158.11287,-19.9686],[-158.1134,-19.96818],[-158.11375,-19.96802],[-158.11421,-19.96765],[-158.11534,-19.96714],[-158.11583,-19.96702],[-158.11653,-19.96677],[-158.11772,-19.96666],[-158.11839,-19.96652],[-158.11918,-19.96637],[-158.11996,-19.96603],[-158.12023,-19.96594],[-158.12073,-19.96577]]]},"properties":{"area_code":"atiu","area_name":"Atiu","area_unit_id":"ck-island-2021-composite-geoboundaries-adm0-osm:atiu","boundary_set_id":"ck-island-2021-composite-geoboundaries-adm0-osm","boundary_level":"island","boundary_vintage":"2021","boundary_source":"geoBoundaries COK ADM0 (Sentinel-2 10m land cover, raster2polygon); parts clustered to island","boundary_licence":"CC BY 4.0","land_area_sq_km":28.2157}},
{"type":"Feature","geometry":{"type":"Polygon","coordinates":[[[-157.3494,-20.13394],[-157.34988,-20.13388],[-157.34993,-20.13384],[-157.35028,-20.13381],[-157.35145,-20.13329],[-157.35173,-20.13321],[-157.35235,-20.13293],[-157.35281,-20.13283],[-157.35371,-20.1329],[-157.35453,-20.13305],[-157.35509,-20.13379],[-157.35526,-20.13395],[-157.35577,-20.13482],[-157.3561,-20.1355],[-157.35622,-20.13717],[-157.35617,-20.13828],[-157.35617,-20.13855],[-157.35617,-20.13864],[-157.35617,-20.13873],[-157.35617,-20.13882],[-157.35622,-20.13895],[-157.3563,-20.13923],[-157.3564,-20.13949],[-157.3566,-20.14085],[-157.35684,-20.14165],[-157.35698,-20.14205],[-157.35712,-20.14311],[-157.35767,-20.14456],[-157.35788,-20.14474],[-157.35797,-20.14484],[-157.35797,-20.14493],[-157.35804,-20.14499],[-157.35828,-20.14558],[-157.35832,-20.1461],[-157.35846,-20.14622],[-157.3589,-20.14728],[-157.359,-20.14767],[-157.35918,-20.14812],[-157.35937,-20.14861],[-157.35971,-20.14926],[-157.3598,-20.14992],[-157.35991,-20.1504],[-157.36038,-20.15084],[-157.36025,-20.15223],[-157.36043,-20.15275],[-157.36055,-20.15324],[-157.36052,-20.15378],[-157.36064,-20.15454],[-157.36044,-20.15759],[-157.36054,-20.16011],[-157.36052,-20.16062],[-157.36034,-20.16078],[-157.36026,-20.1615],[-157.36016,-20.16204],[-157.36008,-20.16303],[-157.35998,-20.16384],[-157.35984,-20.16615],[-157.35972,-20.16626],[-157.35963,-20.16689],[-157.35954,-20.16734],[-157.35943,-20.16937],[-157.35927,-20.16968],[-157.35895,-20.17034],[-157.35865,-20.17129],[-157.35855,-20.17194],[-157.35835,-20.17232],[-157.35801,-20.17318],[-157.35785,-20.17333],[-157.35688,-20.17512],[-157.35674,-20.17526],[-157.35636,-20.17585],[-157.35609,-20.17642],[-157.35595,-20.17687],[-157.35585,-20.17715],[-157.35567,-20.17731],[-157.35532,-20.17794],[-157.35474,-20.17863],[-157.35441,-20.17893],[-157.3543,-20.17905],[-157.35371,-20.18006],[-157.35325,-20.18028],[-157.35299,-20.18068],[-157.3517,-20.18137],[-157.35114,-20.18214],[-157.35059,-20.18246],[-157.35026,-20.18297],[-157.34965,-20.18333],[-157.34939,-20.18351],[-157.34917,-20.18362],[-157.3486,-20.18423],[-157.34788,-20.18457],[-157.34755,-20.1848],[-157.3474,-20.18497],[-157.34669,-20.1853],[-157.34604,-20.18575],[-157.34566,-20.1858],[-157.3456,-20.18592],[-157.34548,-20.18598],[-157.3453,-20.18598],[-157.34526,-20.18604],[-157.34499,-20.18622],[-157.34476,-20.18625],[-157.34473,-20.18631],[-157.34431,-20.18652],[-157.34425,-20.18664],[-157.34413,-20.1867],[-157.34388,-20.18672],[-157.34366,-20.18695],[-157.34323,-20.18697],[-157.34323,-20.18706],[-157.34314,-20.18706],[-157.34314,-20.18715],[-157.34305,-20.18715],[-157.34283,-20.18729],[-157.34256,-20.18737],[-157.34208,-20.1877],[-157.34143,-20.18808],[-157.3411,-20.18819],[-157.34058,-20.18854],[-157.34007,-20.18867],[-157.33893,-20.18862],[-157.33861,-20.18845],[-157.33798,-20.18836],[-157.33731,-20.18813],[-157.33663,-20.18792],[-157.33564,-20.18722],[-157.33519,-20.18693],[-157.33468,-20.18651],[-157.33381,-20.1855],[-157.33334,-20.18535],[-157.33304,-20.18503],[-157.33284,-20.18485],[-157.33232,-20.18468],[-157.33192,-20.18454],[-157.33142,-20.18414],[-157.33097,-20.18396],[-157.33072,-20.18383],[-157.33025,-20.18333],[-157.32953,-20.18288],[-157.32898,-20.18246],[-157.32845,-20.18221],[-157.32809,-20.18202],[-157.32741,-20.18119],[-157.3272,-20.18109],[-157.32653,-20.18061],[-157.3263,-20.18036],[-157.32578,-20.17988],[-157.3252,-20.17917],[-157.32504,-20.17902],[-157.3248,-20.17876],[-157.32456,-20.17801],[-157.32397,-20.17699],[-157.32377,-20.17635],[-157.32379,-20.17577],[-157.32351,-20.17498],[-157.32342,-20.17383],[-157.32289,-20.17306],[-157.32307,-20.17255],[-157.32311,-20.17224],[-157.32302,-20.17224],[-157.32302,-20.17206],[-157.32298,-20.17192],[-157.32288,-20.17174],[-157.3228,-20.1712],[-157.32271,-20.17103],[-157.32262,-20.16995],[-157.32252,-20.16957],[-157.32234,-20.16922],[-157.32235,-20.16869],[-157.32234,-20.1682],[-157.32235,-20.16771],[-157.32217,-20.16683],[-157.32212,-20.16532],[-157.32203,-20.16532],[-157.32203,-20.16523],[-157.32199,-20.16473],[-157.32189,-20.16402],[-157.32185,-20.16236],[-157.32185,-20.16218],[-157.32177,-20.1621],[-157.32167,-20.16074],[-157.32162,-20.16007],[-157.32166,-20.15957],[-157.32176,-20.15948],[-157.3218,-20.15898],[-157.3219,-20.1589],[-157.32198,-20.15791],[-157.32218,-20.15736],[-157.3221,-20.15629],[-157.32218,-20.15523],[-157.32239,-20.1549],[-157.3223,-20.1549],[-157.3223,-20.15472],[-157.32235,-20.15459],[-157.32243,-20.15422],[-157.32253,-20.15415],[-157.32261,-20.15386],[-157.32271,-20.15361],[-157.32288,-20.15296],[-157.32302,-20.15274],[-157.32302,-20.15265],[-157.32293,-20.15265],[-157.32293,-20.15257],[-157.32297,-20.15189],[-157.3231,-20.15132],[-157.32326,-20.15087],[-157.32359,-20.15059],[-157.32365,-20.14987],[-157.32365,-20.14978],[-157.32374,-20.14978],[-157.32379,-20.14902],[-157.3243,-20.14769],[-157.32442,-20.14758],[-157.3245,-20.14731],[-157.3246,-20.14713],[-157.32469,-20.14674],[-157.32494,-20.14628],[-157.32528,-20.14535],[-157.32549,-20.14516],[-157.32576,-20.14474],[-157.32603,-20.14435],[-157.32627,-20.14398],[-157.32675,-20.14363],[-157.32692,-20.14344],[-157.32746,-20.14296],[-157.32819,-20.14273],[-157.32845,-20.14264],[-157.32886,-20.14259],[-157.32913,-20.14259],[-157.32917,-20.14254],[-157.32954,-20.14246],[-157.33085,-20.14184],[-157.33123,-20.14156],[-157.33187,-20.14139],[-157.33232,-20.14121],[-157.33245,-20.14104],[-157.33282,-20.14082],[-157.33313,-20.14086],[-157.3335,-20.14081],[-157.33435,-20.14047],[-157.3347,-20.14053],[-157.33476,-20.14041],[-157.33488,-20.14035],[-157.33494,-20.14028],[-157.33557,-20.13988],[-157.33592,-20.13973],[-157.33618,-20.13958],[-157.33645,-20.1395],[-157.33746,-20.13905],[-157.33757,-20.13918],[-157.33797,-20.13895],[-157.33816,-20.13887],[-157.33847,-20.1387],[-157.33865,-20.13864],[-157.33871,-20.13852],[-157.33889,-20.13843],[-157.33892,-20.13837],[-157.33903,-20.13824],[-157.33933,-20.13811],[-157.33959,-20.13796],[-157.33996,-20.13785],[-157.34031,-20.1376],[-157.34073,-20.13748],[-157.34129,-20.13727],[-157.34147,-20.13706],[-157.34174,-20.13683],[-157.34258,-20.13668],[-157.34308,-20.13632],[-157.34421,-20.13583],[-157.3456,-20.13563],[-157.3457,-20.13564],[-157.34611,-20.13559],[-157.3462,-20.13559],[-157.34638,-20.1355],[-157.34642,-20.13527],[-157.34666,-20.13494],[-157.34715,-20.13474],[-157.3474,-20.13459],[-157.34791,-20.13438],[-157.34873,-20.13416],[-157.34907,-20.13424],[-157.34916,-20.13424],[-157.3494,-20.13394]]]},"properties":{"area_code":"mauke","area_name":"Mauke","area_unit_id":"ck-island-2021-composite-geoboundaries-adm0-osm:mauke","boundary_set_id":"ck-island-2021-composite-geoboundaries-adm0-osm","boundary_level":"island","boundary_vintage":"2021","boundary_source":"geoBoundaries COK ADM0 (Sentinel-2 10m land cover, raster2polygon); parts clustered to island","boundary_licence":"CC BY 4.0","land_area_sq_km":18.8707}},
{"type":"Feature","geometry":{"type":"Polygon","coordinates":[[[-157.70666,-19.84001],[-157.70699,-19.8399],[-157.70732,-19.83986],[-157.70736,-19.83982],[-157.70785,-19.83958],[-157.70858,-19.8394],[-157.71214,-19.83964],[-157.71235,-19.83986],[-157.71329,-19.84],[-157.71369,-19.8401],[-157.71462,-19.84048],[-157.71469,-19.84067],[-157.71491,-19.84071],[-157.71575,-19.84119],[-157.71612,-19.8413],[-157.71621,-19.8413],[-157.71621,-19.84139],[-157.71661,-19.84144],[-157.71706,-19.8418],[-157.71743,-19.84196],[-157.71756,-19.8424],[-157.71787,-19.84267],[-157.71838,-19.84282],[-157.71877,-19.8435],[-157.71882,-19.84354],[-157.71886,-19.84349],[-157.71906,-19.84352],[-157.71949,-19.84423],[-157.71954,-19.84489],[-157.71976,-19.84574],[-157.71986,-19.84637],[-157.72004,-19.84722],[-157.72001,-19.84798],[-157.72017,-19.8505],[-157.72003,-19.85078],[-157.71999,-19.85082],[-157.71991,-19.85187],[-157.71985,-19.85293],[-157.71981,-19.85316],[-157.71981,-19.85414],[-157.71981,-19.85531],[-157.71984,-19.85554],[-157.72002,-19.8563],[-157.71977,-19.85649],[-157.71984,-19.85662],[-157.71998,-19.85672],[-157.71991,-19.85714],[-157.72011,-19.85729],[-157.72004,-19.85743],[-157.71993,-19.85751],[-157.71986,-19.8577],[-157.71981,-19.85774],[-157.71981,-19.85783],[-157.7199,-19.85783],[-157.7199,-19.8581],[-157.71995,-19.85841],[-157.71999,-19.85891],[-157.72004,-19.85895],[-157.72012,-19.85985],[-157.72029,-19.8603],[-157.72041,-19.86039],[-157.72034,-19.86088],[-157.7204,-19.86133],[-157.72063,-19.8615],[-157.72084,-19.86229],[-157.72088,-19.86268],[-157.72124,-19.86327],[-157.72139,-19.86383],[-157.72137,-19.86471],[-157.72149,-19.8656],[-157.72216,-19.86713],[-157.72245,-19.86799],[-157.72274,-19.86941],[-157.72313,-19.87155],[-157.72318,-19.87377],[-157.72317,-19.874],[-157.72319,-19.87502],[-157.72309,-19.87656],[-157.72286,-19.87723],[-157.72264,-19.87791],[-157.72252,-19.87802],[-157.72228,-19.87862],[-157.72194,-19.87964],[-157.72156,-19.88051],[-157.72147,-19.88087],[-157.72138,-19.88096],[-157.72133,-19.88109],[-157.72133,-19.88118],[-157.72124,-19.88118],[-157.7212,-19.8815],[-157.72085,-19.88235],[-157.72061,-19.88347],[-157.72041,-19.88391],[-157.72023,-19.88407],[-157.71987,-19.885],[-157.71976,-19.88545],[-157.71967,-19.88581],[-157.71956,-19.88627],[-157.71932,-19.88681],[-157.71898,-19.88742],[-157.71864,-19.88819],[-157.71864,-19.88828],[-157.71855,-19.88828],[-157.71832,-19.88868],[-157.71822,-19.8889],[-157.71791,-19.88918],[-157.7176,-19.88976],[-157.71737,-19.89026],[-157.71688,-19.89113],[-157.7167,-19.89129],[-157.71648,-19.89164],[-157.71608,-19.89219],[-157.71581,-19.89254],[-157.71554,-19.89291],[-157.71518,-19.89323],[-157.71491,-19.89362],[-157.71468,-19.89398],[-157.71426,-19.89455],[-157.7141,-19.8947],[-157.71406,-19.89475],[-157.71397,-19.89493],[-157.71379,-19.89502],[-157.71379,-19.8952],[-157.7137,-19.8952],[-157.7137,-19.89529],[-157.71361,-19.89529],[-157.71361,-19.89538],[-157.71352,-19.89538],[-157.71346,-19.8955],[-157.71334,-19.89556],[-157.7133,-19.8957],[-157.713,-19.89608],[-157.71199,-19.89652],[-157.71063,-19.897],[-157.70938,-19.89719],[-157.70805,-19.89701],[-157.70764,-19.89686],[-157.70718,-19.89677],[-157.70607,-19.89636],[-157.70552,-19.89601],[-157.70504,-19.8958],[-157.70494,-19.89569],[-157.70467,-19.89552],[-157.70424,-19.89522],[-157.704,-19.89493],[-157.70391,-19.89493],[-157.70391,-19.89484],[-157.70373,-19.89484],[-157.70373,-19.89475],[-157.70355,-19.89475],[-157.70355,-19.89466],[-157.70346,-19.89466],[-157.70337,-19.89466],[-157.70337,-19.89457],[-157.70328,-19.89457],[-157.70319,-19.89457],[-157.70319,-19.89448],[-157.70288,-19.89425],[-157.70202,-19.89367],[-157.70184,-19.89367],[-157.70184,-19.89358],[-157.70161,-19.89345],[-157.70114,-19.89306],[-157.70063,-19.89282],[-157.70045,-19.89273],[-157.70008,-19.89255],[-157.69878,-19.89175],[-157.69722,-19.89102],[-157.69669,-19.89085],[-157.69658,-19.89075],[-157.69646,-19.89062],[-157.69506,-19.89012],[-157.69436,-19.88982],[-157.69376,-19.88963],[-157.69338,-19.88959],[-157.69331,-19.88945],[-157.69308,-19.88941],[-157.69249,-19.88924],[-157.69214,-19.88918],[-157.69191,-19.88914],[-157.69164,-19.88897],[-157.6916,-19.88891],[-157.6912,-19.88886],[-157.69043,-19.88864],[-157.69034,-19.88864],[-157.69034,-19.88855],[-157.69016,-19.88855],[-157.69007,-19.88855],[-157.69007,-19.88846],[-157.68998,-19.88846],[-157.6898,-19.88846],[-157.6898,-19.88837],[-157.68944,-19.88837],[-157.68944,-19.88828],[-157.68894,-19.88824],[-157.68819,-19.88812],[-157.68753,-19.88786],[-157.68697,-19.8877],[-157.68647,-19.88748],[-157.68557,-19.88691],[-157.68531,-19.88657],[-157.68522,-19.88657],[-157.68522,-19.88648],[-157.68513,-19.88648],[-157.68513,-19.88639],[-157.68495,-19.8863],[-157.68486,-19.88612],[-157.68472,-19.88608],[-157.68396,-19.88547],[-157.68375,-19.88499],[-157.68369,-19.88478],[-157.68357,-19.88466],[-157.68311,-19.88392],[-157.68293,-19.88366],[-157.68272,-19.88333],[-157.68249,-19.88285],[-157.68239,-19.88275],[-157.68239,-19.88257],[-157.68229,-19.88248],[-157.68196,-19.88142],[-157.68169,-19.87978],[-157.68158,-19.87934],[-157.68159,-19.87902],[-157.68145,-19.87835],[-157.68124,-19.87794],[-157.68114,-19.87701],[-157.68104,-19.87674],[-157.68093,-19.87491],[-157.68096,-19.87415],[-157.68086,-19.87377],[-157.68078,-19.8726],[-157.68059,-19.8714],[-157.68061,-19.8709],[-157.68056,-19.86967],[-157.6804,-19.86877],[-157.67998,-19.86797],[-157.67971,-19.86728],[-157.67961,-19.86683],[-157.67988,-19.86632],[-157.68002,-19.86601],[-157.67985,-19.865],[-157.68,-19.86383],[-157.67986,-19.8637],[-157.67989,-19.86296],[-157.67976,-19.8617],[-157.6796,-19.86155],[-157.67963,-19.86079],[-157.67958,-19.85955],[-157.6797,-19.85922],[-157.67979,-19.85818],[-157.67977,-19.85772],[-157.67989,-19.85749],[-157.67976,-19.85686],[-157.67991,-19.85644],[-157.67987,-19.85546],[-157.67997,-19.85518],[-157.68014,-19.85464],[-157.68029,-19.8545],[-157.68014,-19.85437],[-157.68006,-19.85418],[-157.68024,-19.85401],[-157.68034,-19.8539],[-157.68052,-19.85331],[-157.68068,-19.85248],[-157.68079,-19.85209],[-157.68096,-19.85177],[-157.68104,-19.85149],[-157.68114,-19.85121],[-157.68132,-19.85105],[-157.68157,-19.8505],[-157.68189,-19.8499],[-157.68231,-19.84929],[-157.68305,-19.84871],[-157.68359,-19.84797],[-157.68392,-19.84781],[-157.68437,-19.84745],[-157.68488,-19.84707],[-157.68586,-19.84684],[-157.68625,-19.8467],[-157.68679,-19.84642],[-157.68706,-19.84629],[-157.68731,-19.84615],[-157.68783,-19.8458],[-157.68832,-19.84557],[-157.68876,-19.84533],[-157.68939,-19.84504],[-157.6898,-19.84498],[-157.69024,-19.8447],[-157.6907,-19.84462],[-157.69124,-19.84462],[-157.69131,-19.84448],[-157.69169,-19.84444],[-157.69173,-19.8443],[-157.69192,-19.84422],[-157.69228,-19.84396],[-157.6929,-19.84385],[-157.69322,-19.84399],[-157.69326,-19.84388],[-157.69331,-19.84399],[-157.69336,-19.84396],[-157.69367,-19.84389],[-157.69397,-19.84376],[-157.69447,-19.84363],[-157.69447,-19.84354],[-157.69456,-19.84354],[-157.69465,-19.84354],[-157.69465,-19.84345],[-157.69474,-19.84345],[-157.69482,-19.84335],[-157.69582,-19.8431],[-157.69591,-19.8431],[-157.69598,-19.84301],[-157.69663,-19.84283],[-157.69685,-19.84269],[-157.69748,-19.8426],[-157.69773,-19.84263],[-157.69816,-19.84256],[-157.69831,-19.84238],[-157.69928,-19.84182],[-157.69968,-19.84175],[-157.69968,-19.84166],[-157.69986,-19.84166],[-157.70004,-19.84166],[-157.70013,-19.84166],[-157.70037,-19.84163],[-157.70061,-19.84151],[-157.70094,-19.84148],[-157.70102,-19.84133],[-157.70148,-19.8413],[-157.70148,-19.84121],[-157.70157,-19.84121],[-157.70166,-19.84121],[-157.70169,-19.84115],[-157.70193,-19.84103],[-157.70193,-19.84094],[-157.7022,-19.84094],[-157.70266,-19.84086],[-157.70323,-19.84064],[-157.70369,-19.84054],[-157.70382,-19.84049],[-157.70382,-19.8404],[-157.70391,-19.8404],[-157.70394,-19.84034],[-157.70424,-19.84028],[-157.70436,-19.84022],[-157.70445,-19.84022],[-157.70445,-19.84031],[-157.70457,-19.84025],[-157.7048,-19.84022],[-157.70485,-19.84017],[-157.7053,-19.84009],[-157.70613,-19.83991],[-157.70624,-19.84004],[-157.70633,-19.84004],[-157.70638,-19.83993],[-157.70642,-19.84004],[-157.70666,-19.84001]]]},"properties":{"area_code":"mitiaro","area_name":"Mitiaro","area_unit_id":"ck-island-2021-composite-geoboundaries-adm0-osm:mitiaro","boundary_set_id":"ck-island-2021-composite-geoboundaries-adm0-osm","boundary_level":"island","boundary_vintage":"2021","boundary_source":"geoBoundaries COK ADM0 (Sentinel-2 10m land cover, raster2polygon); parts clustered to island","boundary_licence":"CC BY 4.0","land_area_sq_km":22.669}},
{"type":"Feature","geometry":{"type":"MultiPolygon","coordinates":[[[[-163.15829,-17.99754],[-163.15802,-17.99746],[-163.1581,-17.99719],[-163.15848,-17.99681],[-163.15857,-17.99641],[-163.15844,-17.99597],[-163.15818,-17.99552],[-163.15784,-17.99521],[-163.1574,-17.99493],[-163.15709,-17.99469],[-163.15695,-17.99449],[-163.15691,-17.99425],[-163.15709,-17.99386],[-163.15765,-17.99277],[-163.15841,-17.99186],[-163.15906,-17.9913],[-163.15959,-17.99099],[-163.1607,-17.99068],[-163.1619,-17.99054],[-163.1638,-17.99015],[-163.16493,-17.99039],[-163.16521,-17.99091],[-163.16509,-17.9915],[-163.16531,-17.99211],[-163.16525,-17.99252],[-163.16508,-17.99277],[-163.16419,-17.99399],[-163.16417,-17.99443],[-163.16439,-17.99497],[-163.16563,-17.99584],[-163.1672,-17.99611],[-163.16734,-17.99626],[-163.16721,-17.99651],[-163.16549,-17.99634],[-163.16358,-17.99625],[-163.16319,-17.99629],[-163.16274,-17.99648],[-163.16133,-17.997],[-163.16026,-17.9973],[-163.15928,-17.9973],[-163.15829,-17.99754]]],[[[-163.15466,-18.00267],[-163.15367,-18.00323],[-163.1532,-18.003],[-163.15305,-18.00277],[-163.15324,-18.0026],[-163.15386,-18.00268],[-163.15464,-18.00235],[-163.15466,-18.00267]]],[[[-163.11668,-18.04864],[-163.1169,-18.04832],[-163.11796,-18.04802],[-163.11864,-18.04781],[-163.11966,-18.04738],[-163.11993,-18.04732],[-163.12034,-18.04714],[-163.12047,-18.04739],[-163.11992,-18.04773],[-163.11965,-18.04815],[-163.11852,-18.04844],[-163.11803,-18.04865],[-163.11697,-18.04884],[-163.11668,-18.04864]]],[[[-163.12569,-18.05545],[-163.12565,-18.05506],[-163.12592,-18.05506],[-163.12584,-18.0553],[-163.12569,-18.05545]]],[[[-163.12287,-18.05705],[-163.12264,-18.05727],[-163.1222,-18.05711],[-163.12261,-18.0565],[-163.12323,-18.05629],[-163.12314,-18.05658],[-163.12287,-18.05705]]],[[[-163.11665,-18.04604],[-163.11669,-18.04561],[-163.1172,-18.04489],[-163.11768,-18.04471],[-163.11898,-18.04471],[-163.11971,-18.04436],[-163.12044,-18.04415],[-163.12087,-18.04415],[-163.12116,-18.04478],[-163.1206,-18.04531],[-163.12027,-18.04559],[-163.11988,-18.04556],[-163.11665,-18.04604]]],[[[-163.12265,-18.04676],[-163.12208,-18.04661],[-163.12167,-18.04639],[-163.12145,-18.04605],[-163.12141,-18.04562],[-163.12156,-18.04565],[-163.12161,-18.04582],[-163.12206,-18.0463],[-163.12239,-18.04649],[-163.12265,-18.04676]]],[[[-163.13422,-18.07156],[-163.13408,-18.07132],[-163.13403,-18.07113],[-163.13395,-18.07094],[-163.13399,-18.07062],[-163.13414,-18.07037],[-163.13437,-18.07011],[-163.13446,-18.06982],[-163.13455,-18.06961],[-163.13457,-18.06921],[-163.13463,-18.06885],[-163.13472,-18.06875],[-163.13499,-18.06856],[-163.13528,-18.06831],[-163.13542,-18.06806],[-163.13554,-18.06776],[-163.13572,-18.06754],[-163.13595,-18.06742],[-163.1362,-18.06738],[-163.13669,-18.06739],[-163.13704,-18.06748],[-163.13706,-18.06794],[-163.13718,-18.06823],[-163.1375,-18.06856],[-163.13788,-18.06892],[-163.1382,-18.0691],[-163.13863,-18.06925],[-163.13857,-18.0697],[-163.13794,-18.06985],[-163.13736,-18.0702],[-163.13691,-18.07073],[-163.13657,-18.0709],[-163.13606,-18.07105],[-163.13543,-18.07112],[-163.13484,-18.07133],[-163.13445,-18.07152],[-163.13422,-18.07156]]],[[[-163.18888,-18.05944],[-163.18867,-18.05937],[-163.18835,-18.05932],[-163.18782,-18.05934],[-163.18759,-18.05934],[-163.1874,-18.05926],[-163.18727,-18.05915],[-163.18721,-18.05903],[-163.18717,-18.05884],[-163.18717,-18.0584],[-163.18724,-18.05779],[-163.18725,-18.05729],[-163.18719,-18.0568],[-163.18721,-18.05659],[-163.1874,-18.05625],[-163.18748,-18.05603],[-163.18774,-18.05532],[-163.18791,-18.05483],[-163.188,-18.05436],[-163.1881,-18.05404],[-163.18823,-18.05376],[-163.18834,-18.05364],[-163.18853,-18.05344],[-163.18883,-18.05324],[-163.18908,-18.05309],[-163.18926,-18.05299],[-163.18939,-18.05295],[-163.18957,-18.05293],[-163.18968,-18.05297],[-163.19004,-18.05329],[-163.19107,-18.05369],[-163.19124,-18.05366],[-163.19266,-18.0542],[-163.19299,-18.05425],[-163.19333,-18.05417],[-163.19353,-18.05422],[-163.19373,-18.05428],[-163.19382,-18.05449],[-163.19383,-18.05465],[-163.19374,-18.0551],[-163.1938,-18.05564],[-163.19389,-18.05589],[-163.194,-18.05593],[-163.19406,-18.05611],[-163.19403,-18.05653],[-163.19402,-18.05681],[-163.19401,-18.05704],[-163.19393,-18.05721],[-163.19381,-18.05734],[-163.19339,-18.0577],[-163.19257,-18.05842],[-163.19194,-18.05887],[-163.19163,-18.05913],[-163.1912,-18.05938],[-163.19071,-18.05949],[-163.19031,-18.05965],[-163.18995,-18.0596],[-163.18935,-18.05955],[-163.18888,-18.05944]]],[[[-163.1257,-18.03143],[-163.12586,-18.03172],[-163.12626,-18.03211],[-163.12648,-18.03231],[-163.12665,-18.0326],[-163.12687,-18.03302],[-163.12706,-18.03336],[-163.12731,-18.03375],[-163.12736,-18.0339],[-163.12747,-18.03397],[-163.12756,-18.03392],[-163.12757,-18.03385],[-163.12749,-18.03366],[-163.12731,-18.03335],[-163.12714,-18.03308],[-163.12694,-18.03271],[-163.12664,-18.03228],[-163.12641,-18.03199],[-163.12649,-18.03176],[-163.12669,-18.0317],[-163.12699,-18.03176],[-163.12744,-18.03234],[-163.12761,-18.03268],[-163.12818,-18.03339],[-163.12855,-18.03374],[-163.12859,-18.03407],[-163.1285,-18.03432],[-163.12807,-18.03442],[-163.12789,-18.03448],[-163.12774,-18.03464],[-163.12766,-18.03462],[-163.12773,-18.03437],[-163.12747,-18.03451],[-163.12741,-18.03464],[-163.12719,-18.0348],[-163.12648,-18.03533],[-163.12614,-18.03564],[-163.12595,-18.03578],[-163.12566,-18.03583],[-163.12543,-18.03584],[-163.12534,-18.03565],[-163.12536,-18.0354],[-163.12557,-18.03526],[-163.1257,-18.03527],[-163.12584,-18.03536],[-163.12584,-18.0353],[-163.12563,-18.03498],[-163.12525,-18.03449],[-163.12523,-18.03414],[-163.12521,-18.03376],[-163.12501,-18.03337],[-163.12483,-18.03232],[-163.1247,-18.03189],[-163.12468,-18.03152],[-163.12477,-18.03136],[-163.1249,-18.0313],[-163.12505,-18.03135],[-163.12524,-18.03148],[-163.12539,-18.03145],[-163.12549,-18.03138],[-163.1257,-18.03143]]],[[[-163.13314,-18.03004],[-163.13311,-18.02996],[-163.13292,-18.02994],[-163.13213,-18.02932],[-163.13186,-18.02913],[-163.13171,-18.02894],[-163.13171,-18.02874],[-163.13183,-18.02854],[-163.13188,-18.02825],[-163.1321,-18.02827],[-163.13232,-18.02828],[-163.1325,-18.02835],[-163.13266,-18.02849],[-163.13296,-18.02876],[-163.13316,-18.02898],[-163.13316,-18.02909],[-163.1332,-18.02912],[-163.13335,-18.02923],[-163.1335,-18.0293],[-163.13346,-18.02946],[-163.13336,-18.0296],[-163.13329,-18.02978],[-163.13325,-18.02995],[-163.13319,-18.03004],[-163.13314,-18.03004]]],[[[-163.14038,-18.01737],[-163.14007,-18.0178],[-163.13942,-18.0176],[-163.13856,-18.0164],[-163.13852,-18.01612],[-163.13854,-18.01547],[-163.13883,-18.01563],[-163.13927,-18.01632],[-163.13948,-18.01676],[-163.13976,-18.01709],[-163.14038,-18.01737]]],[[[-163.14924,-18.00989],[-163.14876,-18.00989],[-163.14784,-18.00933],[-163.14754,-18.00894],[-163.14755,-18.00843],[-163.14859,-18.00918],[-163.14996,-18.00948],[-163.14924,-18.00989]]],[[[-163.13686,-18.01867],[-163.13631,-18.0188],[-163.13579,-18.0184],[-163.13579,-18.01815],[-163.13562,-18.01775],[-163.13618,-18.01755],[-163.13686,-18.01867]]],[[[-163.13799,-18.01841],[-163.13742,-18.01841],[-163.13719,-18.01789],[-163.13681,-18.01755],[-163.13673,-18.01694],[-163.13694,-18.0166],[-163.13734,-18.01744],[-163.138,-18.01792],[-163.13799,-18.01841]]],[[[-163.1195,-18.0417],[-163.11994,-18.04175],[-163.12039,-18.04202],[-163.12011,-18.04231],[-163.11961,-18.04263],[-163.11932,-18.04291],[-163.11903,-18.04297],[-163.11879,-18.04296],[-163.11853,-18.043],[-163.11819,-18.04307],[-163.11786,-18.04304],[-163.1175,-18.04304],[-163.11719,-18.04295],[-163.11709,-18.04252],[-163.11751,-18.04224],[-163.11803,-18.04216],[-163.11865,-18.04202],[-163.11912,-18.04183],[-163.1195,-18.0417]]],[[[-163.12166,-18.03953],[-163.12122,-18.03949],[-163.12107,-18.03929],[-163.12087,-18.03917],[-163.1207,-18.039],[-163.1206,-18.0389],[-163.12054,-18.03891],[-163.12057,-18.03901],[-163.1205,-18.03906],[-163.12004,-18.03901],[-163.11981,-18.0389],[-163.11956,-18.0387],[-163.11907,-18.03828],[-163.11881,-18.03811],[-163.11874,-18.03789],[-163.11852,-18.03763],[-163.11817,-18.03724],[-163.11792,-18.03695],[-163.11762,-18.03671],[-163.11728,-18.03653],[-163.1171,-18.03641],[-163.11703,-18.03609],[-163.11701,-18.03574],[-163.11709,-18.03538],[-163.11724,-18.03504],[-163.11725,-18.03473],[-163.11775,-18.03396],[-163.11789,-18.03365],[-163.11809,-18.03336],[-163.11827,-18.03312],[-163.11823,-18.03258],[-163.11842,-18.03239],[-163.11868,-18.03228],[-163.11924,-18.03224],[-163.11981,-18.03224],[-163.12011,-18.03243],[-163.12027,-18.03261],[-163.12033,-18.03256],[-163.12013,-18.0318],[-163.12031,-18.03169],[-163.12054,-18.0318],[-163.12083,-18.03213],[-163.12109,-18.03208],[-163.12124,-18.03232],[-163.12142,-18.03254],[-163.12154,-18.03251],[-163.12158,-18.03217],[-163.12181,-18.03207],[-163.12205,-18.03227],[-163.12218,-18.03259],[-163.12215,-18.03288],[-163.12237,-18.0332],[-163.12246,-18.03427],[-163.12251,-18.0347],[-163.12269,-18.03533],[-163.12275,-18.03563],[-163.12281,-18.03597],[-163.123,-18.03622],[-163.12325,-18.03628],[-163.12349,-18.03627],[-163.12377,-18.03625],[-163.12385,-18.03607],[-163.12398,-18.03592],[-163.12417,-18.03603],[-163.12414,-18.0362],[-163.12406,-18.03638],[-163.12401,-18.03653],[-163.12382,-18.03673],[-163.12357,-18.03702],[-163.12291,-18.03798],[-163.12268,-18.03814],[-163.12236,-18.03837],[-163.12188,-18.03897],[-163.12166,-18.03953]]],[[[-163.17603,-18.08886],[-163.17592,-18.0886],[-163.17572,-18.08827],[-163.17551,-18.08783],[-163.17631,-18.08809],[-163.1765,-18.08838],[-163.1763,-18.08887],[-163.17603,-18.08886]]],[[[-163.17411,-18.08687],[-163.17382,-18.08675],[-163.17361,-18.08659],[-163.17336,-18.08631],[-163.17324,-18.08584],[-163.17328,-18.08331],[-163.17283,-18.0822],[-163.17283,-18.08122],[-163.17309,-18.08039],[-163.17412,-18.07979],[-163.17476,-18.07923],[-163.17523,-18.07874],[-163.17527,-18.0786],[-163.17561,-18.07825],[-163.17612,-18.07887],[-163.17774,-18.07883],[-163.1781,-18.07937],[-163.17801,-18.07961],[-163.178,-18.08038],[-163.1775,-18.08157],[-163.17745,-18.08321],[-163.17701,-18.08475],[-163.17631,-18.08601],[-163.17477,-18.08683],[-163.1744,-18.08693],[-163.17411,-18.08687]]],[[[-163.17722,-18.07754],[-163.17776,-18.07755],[-163.17817,-18.07795],[-163.17775,-18.07806],[-163.17489,-18.07748],[-163.17502,-18.07715],[-163.17545,-18.07711],[-163.17587,-18.07712],[-163.17607,-18.07728],[-163.1767,-18.07743],[-163.1769,-18.07754],[-163.17722,-18.07754]]],[[[-163.13716,-18.07491],[-163.13763,-18.07401],[-163.13811,-18.0728],[-163.13836,-18.07273],[-163.13805,-18.07353],[-163.13793,-18.07403],[-163.1375,-18.0749],[-163.13732,-18.07512],[-163.13716,-18.07491]]],[[[-163.13597,-18.07438],[-163.13577,-18.07411],[-163.13659,-18.07327],[-163.13753,-18.07217],[-163.13797,-18.07202],[-163.13797,-18.07227],[-163.13764,-18.0727],[-163.13675,-18.07361],[-163.13656,-18.07393],[-163.13627,-18.07432],[-163.13597,-18.07438]]],[[[-163.15964,-18.09177],[-163.15903,-18.09171],[-163.15733,-18.09173],[-163.15681,-18.0915],[-163.15628,-18.09049],[-163.15529,-18.08918],[-163.15525,-18.08858],[-163.15539,-18.0883],[-163.1553,-18.08789],[-163.15505,-18.08757],[-163.15504,-18.08722],[-163.15531,-18.08686],[-163.15748,-18.08611],[-163.15747,-18.08662],[-163.15585,-18.08712],[-163.15594,-18.08755],[-163.15638,-18.08764],[-163.15637,-18.08867],[-163.15665,-18.08816],[-163.15719,-18.08791],[-163.15725,-18.08769],[-163.15755,-18.08757],[-163.1581,-18.08727],[-163.15874,-18.08744],[-163.15909,-18.08747],[-163.15917,-18.0871],[-163.15908,-18.0869],[-163.1592,-18.08637],[-163.15955,-18.08592],[-163.16044,-18.08526],[-163.16141,-18.08516],[-163.1624,-18.0853],[-163.16311,-18.08521],[-163.16345,-18.08507],[-163.16415,-18.08468],[-163.16455,-18.08441],[-163.16499,-18.0842],[-163.1652,-18.08463],[-163.16497,-18.08588],[-163.16468,-18.08636],[-163.164,-18.08706],[-163.16252,-18.08824],[-163.16124,-18.08928],[-163.16041,-18.08984],[-163.16022,-18.0906],[-163.16012,-18.09128],[-163.15964,-18.09177]]],[[[-163.11662,-18.04225],[-163.11625,-18.04212],[-163.11722,-18.04152],[-163.11804,-18.04124],[-163.11881,-18.04108],[-163.11932,-18.04125],[-163.11934,-18.04149],[-163.11882,-18.04166],[-163.11833,-18.04181],[-163.11766,-18.04187],[-163.11728,-18.04189],[-163.11695,-18.04197],[-163.11662,-18.04225]]],[[[-163.15677,-17.99881],[-163.15606,-17.99889],[-163.15568,-17.99879],[-163.15539,-17.99845],[-163.15505,-17.99833],[-163.15489,-17.99792],[-163.15492,-17.99754],[-163.15506,-17.99729],[-163.1554,-17.99727],[-163.15566,-17.99742],[-163.15588,-17.99761],[-163.15643,-17.99798],[-163.15675,-17.99811],[-163.15692,-17.99828],[-163.15692,-17.99846],[-163.15692,-17.99862],[-163.15685,-17.9988],[-163.15677,-17.99881]]],[[[-163.17555,-18.07623],[-163.17558,-18.07604],[-163.176,-18.07588],[-163.17777,-18.07626],[-163.17821,-18.07666],[-163.17738,-18.07654],[-163.17708,-18.07641],[-163.17669,-18.07638],[-163.17624,-18.07649],[-163.1761,-18.07651],[-163.17572,-18.07641],[-163.1756,-18.07638],[-163.17555,-18.07623]]],[[[-163.18012,-18.06194],[-163.18017,-18.06231],[-163.18007,-18.06253],[-163.17993,-18.06253],[-163.17981,-18.06232],[-163.17972,-18.06208],[-163.17976,-18.06196],[-163.18012,-18.06194]]],[[[-163.18013,-18.06281],[-163.18019,-18.06312],[-163.18019,-18.06353],[-163.18008,-18.0637],[-163.17987,-18.06385],[-163.1797,-18.06382],[-163.17962,-18.06372],[-163.17962,-18.06353],[-163.17954,-18.06336],[-163.17953,-18.06316],[-163.1796,-18.06293],[-163.17972,-18.0628],[-163.17991,-18.0628],[-163.18013,-18.06281]]],[[[-163.17961,-18.06449],[-163.17978,-18.06462],[-163.17969,-18.06494],[-163.17958,-18.06514],[-163.1793,-18.06528],[-163.17907,-18.06539],[-163.17866,-18.06539],[-163.17863,-18.06513],[-163.17872,-18.06494],[-163.17896,-18.0647],[-163.17922,-18.0646],[-163.17961,-18.06449]]],[[[-163.17875,-18.06665],[-163.17876,-18.06688],[-163.17896,-18.06697],[-163.17919,-18.06699],[-163.17925,-18.06713],[-163.17913,-18.06734],[-163.17892,-18.0675],[-163.17874,-18.06751],[-163.1785,-18.06741],[-163.1784,-18.0674],[-163.17829,-18.06754],[-163.17816,-18.06764],[-163.17802,-18.06765],[-163.17792,-18.06749],[-163.17789,-18.06734],[-163.17794,-18.0672],[-163.17799,-18.06703],[-163.17818,-18.06696],[-163.17838,-18.0669],[-163.17844,-18.06677],[-163.17855,-18.06669],[-163.17875,-18.06665]]],[[[-163.17611,-18.06967],[-163.1764,-18.06981],[-163.17658,-18.0699],[-163.17661,-18.07013],[-163.17619,-18.07031],[-163.17601,-18.07032],[-163.17579,-18.07031],[-163.17564,-18.07017],[-163.17548,-18.07002],[-163.1754,-18.06985],[-163.17538,-18.06966],[-163.17555,-18.06962],[-163.17576,-18.06971],[-163.17611,-18.06967]]],[[[-163.12144,-18.03979],[-163.12136,-18.04062],[-163.12079,-18.0404],[-163.11985,-18.03994],[-163.11764,-18.03977],[-163.11604,-18.03975],[-163.11553,-18.03949],[-163.11529,-18.03906],[-163.11525,-18.03819],[-163.11486,-18.03773],[-163.11533,-18.03724],[-163.11534,-18.03653],[-163.11534,-18.03589],[-163.11539,-18.03543],[-163.11584,-18.03497],[-163.11651,-18.03471],[-163.11677,-18.0347],[-163.1169,-18.03488],[-163.11688,-18.03519],[-163.11687,-18.03552],[-163.11691,-18.03588],[-163.11691,-18.0361],[-163.11698,-18.03642],[-163.11708,-18.03655],[-163.11738,-18.03674],[-163.11766,-18.03687],[-163.1179,-18.03707],[-163.11817,-18.0374],[-163.11834,-18.03769],[-163.11845,-18.03788],[-163.11848,-18.038],[-163.11864,-18.03835],[-163.11887,-18.03835],[-163.11912,-18.03857],[-163.11956,-18.03888],[-163.11954,-18.03896],[-163.11924,-18.03893],[-163.11924,-18.03902],[-163.11962,-18.03913],[-163.12,-18.03928],[-163.12056,-18.0394],[-163.1207,-18.03946],[-163.12065,-18.03959],[-163.12086,-18.03968],[-163.12106,-18.03976],[-163.12144,-18.03979]]],[[[-163.14549,-18.01093],[-163.14567,-18.01108],[-163.14593,-18.01146],[-163.14589,-18.01179],[-163.14564,-18.01193],[-163.14522,-18.01186],[-163.14502,-18.01147],[-163.14502,-18.0112],[-163.14515,-18.01101],[-163.14549,-18.01093]]],[[[-163.15745,-17.99741],[-163.15726,-17.99761],[-163.157,-17.99789],[-163.15701,-17.99759],[-163.15699,-17.99729],[-163.15685,-17.99701],[-163.15659,-17.99675],[-163.15642,-17.99665],[-163.15619,-17.99658],[-163.15599,-17.99654],[-163.15571,-17.99633],[-163.15592,-17.99567],[-163.1562,-17.99545],[-163.15634,-17.99509],[-163.15655,-17.99464],[-163.15671,-17.9946],[-163.15688,-17.99468],[-163.15734,-17.99501],[-163.15754,-17.99519],[-163.1577,-17.99543],[-163.15798,-17.99579],[-163.15807,-17.99624],[-163.1581,-17.99661],[-163.15805,-17.9969],[-163.15788,-17.99711],[-163.15766,-17.99726],[-163.15745,-17.99741]]]]},"properties":{"area_code":"palmerston","area_name":"Palmerston","area_unit_id":"ck-island-2021-composite-geoboundaries-adm0-osm:palmerston","boundary_set_id":"ck-island-2021-composite-geoboundaries-adm0-osm","boundary_level":"island","boundary_vintage":"2021","boundary_source":"OpenStreetMap coastline motu (place=island/islet closed ways), assembled via Overpass","boundary_licence":"ODbL 1.0","land_area_sq_km":2.9012}},
{"type":"Feature","geometry":{"type":"MultiPolygon","coordinates":[[[[-165.84875,-10.85402],[-165.8482,-10.85446],[-165.84758,-10.85445],[-165.84642,-10.85428],[-165.84613,-10.85418],[-165.84597,-10.8539],[-165.84596,-10.85358],[-165.84601,-10.85339],[-165.84602,-10.85318],[-165.84597,-10.85303],[-165.84584,-10.85295],[-165.84562,-10.85284],[-165.84544,-10.85276],[-165.84516,-10.85262],[-165.84505,-10.85256],[-165.8449,-10.85249],[-165.84473,-10.85246],[-165.84458,-10.85248],[-165.84345,-10.85293],[-165.84328,-10.8529],[-165.84266,-10.8526],[-165.84249,-10.85262],[-165.84181,-10.85297],[-165.84158,-10.85342],[-165.84148,-10.85393],[-165.84156,-10.85415],[-165.84179,-10.85442],[-165.84247,-10.8551],[-165.84274,-10.85568],[-165.84286,-10.85614],[-165.84289,-10.85673],[-165.84282,-10.8574],[-165.84271,-10.85806],[-165.84264,-10.85897],[-165.84233,-10.85933],[-165.84199,-10.85955],[-165.84149,-10.85976],[-165.84133,-10.85965],[-165.84058,-10.85838],[-165.83984,-10.85725],[-165.83932,-10.85657],[-165.8387,-10.856],[-165.83773,-10.85532],[-165.83651,-10.85439],[-165.83565,-10.85334],[-165.8352,-10.85241],[-165.83495,-10.85172],[-165.83462,-10.85085],[-165.83422,-10.85008],[-165.83347,-10.84885],[-165.83329,-10.84841],[-165.83313,-10.84802],[-165.83307,-10.84763],[-165.83311,-10.8473],[-165.83337,-10.84678],[-165.83391,-10.84633],[-165.83443,-10.84602],[-165.83531,-10.84567],[-165.83644,-10.84568],[-165.83772,-10.84591],[-165.83847,-10.84603],[-165.83963,-10.84635],[-165.84143,-10.8469],[-165.8444,-10.84775],[-165.84752,-10.8489],[-165.84953,-10.84988],[-165.84988,-10.85054],[-165.84965,-10.85123],[-165.84913,-10.85315],[-165.84875,-10.85402]]],[[[-165.8375,-10.90434],[-165.83757,-10.90423],[-165.83776,-10.90394],[-165.8384,-10.90292],[-165.8389,-10.90214],[-165.8397,-10.90107],[-165.84011,-10.90064],[-165.84028,-10.90047],[-165.84065,-10.90018],[-165.8409,-10.90019],[-165.84115,-10.9],[-165.84147,-10.89992],[-165.84181,-10.89995],[-165.84204,-10.90013],[-165.84195,-10.90023],[-165.84174,-10.9004],[-165.84169,-10.90063],[-165.84178,-10.90073],[-165.84161,-10.90077],[-165.84155,-10.90078],[-165.84145,-10.90082],[-165.8414,-10.90095],[-165.8414,-10.90108],[-165.8415,-10.90115],[-165.84158,-10.90109],[-165.84189,-10.90127],[-165.84202,-10.90129],[-165.84222,-10.90139],[-165.84235,-10.9016],[-165.8426,-10.90176],[-165.84262,-10.90189],[-165.84265,-10.90212],[-165.84256,-10.90243],[-165.8422,-10.90289],[-165.8419,-10.90333],[-165.84155,-10.9036],[-165.84151,-10.9039],[-165.84141,-10.90424],[-165.84126,-10.90448],[-165.84115,-10.90467],[-165.84116,-10.90483],[-165.84108,-10.90503],[-165.84081,-10.90534],[-165.84058,-10.90584],[-165.84017,-10.90664],[-165.83981,-10.90697],[-165.83955,-10.90738],[-165.83924,-10.90789],[-165.83881,-10.90833],[-165.83861,-10.90865],[-165.83837,-10.90876],[-165.8382,-10.90892],[-165.83824,-10.90916],[-165.83838,-10.90952],[-165.83875,-10.91003],[-165.83916,-10.91044],[-165.83997,-10.91101],[-165.84072,-10.91146],[-165.84116,-10.91166],[-165.84154,-10.91176],[-165.84229,-10.91189],[-165.843,-10.91186],[-165.84343,-10.91178],[-165.84378,-10.91165],[-165.84403,-10.91142],[-165.8444,-10.91095],[-165.84483,-10.91047],[-165.84522,-10.91033],[-165.84568,-10.91034],[-165.84619,-10.91055],[-165.84639,-10.91064],[-165.84694,-10.91082],[-165.8477,-10.91091],[-165.8482,-10.91083],[-165.84864,-10.91068],[-165.8491,-10.91032],[-165.84942,-10.90999],[-165.8497,-10.90951],[-165.8498,-10.90888],[-165.84985,-10.90833],[-165.84977,-10.90793],[-165.84978,-10.90749],[-165.84991,-10.90723],[-165.84999,-10.9072],[-165.85,-10.90734],[-165.85009,-10.90739],[-165.85065,-10.90736],[-165.85125,-10.90747],[-165.85171,-10.90788],[-165.85186,-10.90849],[-165.85187,-10.90898],[-165.85172,-10.90984],[-165.85148,-10.91063],[-165.85079,-10.91158],[-165.8502,-10.91246],[-165.84942,-10.91336],[-165.84868,-10.9142],[-165.84746,-10.91524],[-165.84654,-10.91558],[-165.84607,-10.91576],[-165.84493,-10.91583],[-165.84124,-10.91546],[-165.84012,-10.91536],[-165.83906,-10.91529],[-165.83686,-10.91506],[-165.83478,-10.91481],[-165.8329,-10.91446],[-165.83213,-10.91419],[-165.83195,-10.91407],[-165.8316,-10.91382],[-165.831,-10.91316],[-165.83073,-10.91252],[-165.83065,-10.912],[-165.83068,-10.91156],[-165.83083,-10.91111],[-165.83114,-10.91049],[-165.83225,-10.9094],[-165.83307,-10.90872],[-165.83376,-10.90809],[-165.83443,-10.90747],[-165.83454,-10.90737],[-165.83531,-10.90677],[-165.83552,-10.90661],[-165.83558,-10.90655],[-165.83606,-10.90609],[-165.83657,-10.90561],[-165.8372,-10.90475],[-165.8375,-10.90434]]],[[[-165.865,-10.8946],[-165.8651,-10.89424],[-165.86526,-10.89386],[-165.86536,-10.89367],[-165.86547,-10.89353],[-165.86562,-10.89339],[-165.8657,-10.89334],[-165.86576,-10.89327],[-165.86582,-10.89318],[-165.86592,-10.89299],[-165.86605,-10.89272],[-165.86615,-10.89259],[-165.86628,-10.89245],[-165.86645,-10.89234],[-165.86692,-10.89202],[-165.86731,-10.89183],[-165.86763,-10.89168],[-165.86794,-10.89154],[-165.86811,-10.8914],[-165.86821,-10.89129],[-165.86833,-10.89112],[-165.86852,-10.89097],[-165.86867,-10.89089],[-165.86888,-10.89087],[-165.86922,-10.8909],[-165.86969,-10.89102],[-165.87005,-10.89103],[-165.87039,-10.89099],[-165.87089,-10.89094],[-165.87147,-10.89096],[-165.87201,-10.89107],[-165.87236,-10.89123],[-165.87322,-10.89153],[-165.87352,-10.89166],[-165.87379,-10.89172],[-165.8741,-10.89179],[-165.87435,-10.89188],[-165.87519,-10.89211],[-165.87595,-10.8923],[-165.87664,-10.89252],[-165.87694,-10.89262],[-165.87722,-10.89266],[-165.87748,-10.8927],[-165.87771,-10.89276],[-165.87787,-10.89278],[-165.87811,-10.8928],[-165.87831,-10.8928],[-165.87857,-10.89282],[-165.87879,-10.89286],[-165.87915,-10.89287],[-165.87935,-10.89287],[-165.87946,-10.89289],[-165.87955,-10.89295],[-165.87961,-10.89301],[-165.87962,-10.89314],[-165.87946,-10.89344],[-165.87935,-10.89363],[-165.87916,-10.89385],[-165.87885,-10.89404],[-165.87804,-10.89439],[-165.87753,-10.89453],[-165.87726,-10.89457],[-165.87697,-10.89462],[-165.87665,-10.89469],[-165.87643,-10.89475],[-165.8762,-10.8948],[-165.87604,-10.89479],[-165.87586,-10.8948],[-165.87567,-10.89486],[-165.87549,-10.89494],[-165.87522,-10.895],[-165.87498,-10.89504],[-165.87443,-10.89507],[-165.874,-10.89508],[-165.87376,-10.89509],[-165.87348,-10.89514],[-165.87321,-10.89515],[-165.87294,-10.89516],[-165.87269,-10.89513],[-165.87241,-10.89512],[-165.87224,-10.89508],[-165.87207,-10.89504],[-165.87176,-10.89507],[-165.87161,-10.89508],[-165.87116,-10.89517],[-165.87058,-10.89528],[-165.86987,-10.89539],[-165.86935,-10.89551],[-165.8691,-10.89554],[-165.86877,-10.89555],[-165.86845,-10.89555],[-165.86802,-10.89561],[-165.8674,-10.89569],[-165.86648,-10.89586],[-165.86573,-10.89593],[-165.86556,-10.89592],[-165.86538,-10.89585],[-165.86525,-10.89576],[-165.86514,-10.89563],[-165.86504,-10.89552],[-165.86499,-10.89541],[-165.86496,-10.89529],[-165.86497,-10.89499],[-165.86497,-10.89475],[-165.865,-10.8946]]],[[[-165.84411,-10.87388],[-165.8439,-10.8737],[-165.8436,-10.87328],[-165.84338,-10.87288],[-165.84325,-10.87247],[-165.8431,-10.87188],[-165.84297,-10.87139],[-165.84294,-10.87115],[-165.84294,-10.87064],[-165.84294,-10.87041],[-165.84296,-10.87011],[-165.84294,-10.86985],[-165.84293,-10.86953],[-165.84298,-10.86915],[-165.84307,-10.86883],[-165.84312,-10.86868],[-165.84321,-10.86858],[-165.84339,-10.86849],[-165.84374,-10.86845],[-165.84404,-10.86848],[-165.84424,-10.8686],[-165.8444,-10.86867],[-165.84449,-10.86875],[-165.84451,-10.86882],[-165.84449,-10.86887],[-165.84442,-10.86895],[-165.84435,-10.86905],[-165.84434,-10.86924],[-165.84437,-10.8694],[-165.84447,-10.86951],[-165.84455,-10.86952],[-165.84462,-10.8695],[-165.84467,-10.86946],[-165.84472,-10.86943],[-165.84477,-10.86943],[-165.84481,-10.86946],[-165.84483,-10.86953],[-165.84483,-10.86964],[-165.8448,-10.87004],[-165.84481,-10.87028],[-165.84485,-10.87048],[-165.84487,-10.87057],[-165.84486,-10.87065],[-165.84481,-10.87071],[-165.84478,-10.87075],[-165.84476,-10.87082],[-165.84476,-10.8709],[-165.84477,-10.87095],[-165.84485,-10.87107],[-165.84486,-10.8712],[-165.84486,-10.87154],[-165.8449,-10.87165],[-165.84497,-10.87175],[-165.84505,-10.87181],[-165.8451,-10.87187],[-165.84513,-10.87195],[-165.84515,-10.87212],[-165.84516,-10.8723],[-165.84517,-10.87242],[-165.84514,-10.87253],[-165.84511,-10.87264],[-165.84514,-10.87271],[-165.84522,-10.87277],[-165.8453,-10.87282],[-165.84536,-10.87288],[-165.84538,-10.87295],[-165.84537,-10.87301],[-165.84526,-10.87308],[-165.84521,-10.87313],[-165.84518,-10.87323],[-165.84522,-10.87333],[-165.84525,-10.87348],[-165.84518,-10.87363],[-165.84493,-10.87382],[-165.84472,-10.87386],[-165.8444,-10.87392],[-165.84411,-10.87388]]],[[[-165.9235,-10.89316],[-165.92375,-10.89283],[-165.92389,-10.89254],[-165.92399,-10.89243],[-165.92406,-10.89231],[-165.92429,-10.89226],[-165.92467,-10.89216],[-165.92485,-10.89224],[-165.9249,-10.89244],[-165.9247,-10.89272],[-165.92402,-10.89301],[-165.9235,-10.89316]]],[[[-165.84435,-10.86367],[-165.84448,-10.86373],[-165.84447,-10.86384],[-165.84427,-10.86395],[-165.84411,-10.864],[-165.84404,-10.86412],[-165.84418,-10.8642],[-165.84436,-10.86425],[-165.84447,-10.86433],[-165.84442,-10.86452],[-165.84426,-10.86466],[-165.8441,-10.86471],[-165.8437,-10.86473],[-165.84331,-10.86462],[-165.84314,-10.86449],[-165.843,-10.86415],[-165.84299,-10.8639],[-165.84305,-10.86376],[-165.84348,-10.86361],[-165.84384,-10.86359],[-165.84406,-10.86361],[-165.84435,-10.86367]]],[[[-165.844,-10.86198],[-165.84432,-10.86187],[-165.84447,-10.86197],[-165.84451,-10.86225],[-165.84439,-10.86254],[-165.84411,-10.86279],[-165.8438,-10.86287],[-165.84337,-10.86292],[-165.84304,-10.86282],[-165.8428,-10.86263],[-165.84277,-10.86243],[-165.84298,-10.86218],[-165.84325,-10.86207],[-165.84359,-10.86203],[-165.844,-10.86198]]],[[[-165.84382,-10.86105],[-165.84418,-10.86107],[-165.84428,-10.86124],[-165.84419,-10.86153],[-165.84394,-10.8617],[-165.84358,-10.86181],[-165.84329,-10.86184],[-165.84303,-10.86184],[-165.84282,-10.86178],[-165.84273,-10.86165],[-165.84272,-10.86144],[-165.84291,-10.86133],[-165.8432,-10.86126],[-165.8434,-10.86115],[-165.84382,-10.86105]]],[[[-165.84837,-10.86159],[-165.84847,-10.86178],[-165.84858,-10.86205],[-165.84874,-10.86233],[-165.84901,-10.86256],[-165.84923,-10.86278],[-165.84941,-10.86295],[-165.84984,-10.86312],[-165.85018,-10.86318],[-165.85039,-10.86327],[-165.85055,-10.86337],[-165.85059,-10.86355],[-165.85058,-10.86375],[-165.85056,-10.86399],[-165.85058,-10.86419],[-165.8507,-10.86432],[-165.85073,-10.86441],[-165.85065,-10.86443],[-165.85046,-10.86439],[-165.85036,-10.86408],[-165.85045,-10.86369],[-165.85047,-10.8635],[-165.85029,-10.86337],[-165.84987,-10.8633],[-165.84954,-10.86319],[-165.84932,-10.86319],[-165.84931,-10.86337],[-165.84918,-10.86338],[-165.84902,-10.86317],[-165.84895,-10.86291],[-165.84877,-10.86265],[-165.84859,-10.86244],[-165.84846,-10.86215],[-165.84841,-10.86197],[-165.84826,-10.8618],[-165.84808,-10.86164],[-165.84816,-10.86155],[-165.84837,-10.86159]]],[[[-165.84802,-10.8613],[-165.8481,-10.8614],[-165.84804,-10.86153],[-165.8479,-10.86153],[-165.84776,-10.86157],[-165.84751,-10.86167],[-165.84737,-10.86167],[-165.84719,-10.86162],[-165.84691,-10.86161],[-165.84687,-10.86172],[-165.84671,-10.86181],[-165.84652,-10.86182],[-165.84643,-10.86182],[-165.84629,-10.86177],[-165.84624,-10.86185],[-165.84613,-10.86202],[-165.84609,-10.86218],[-165.84596,-10.86239],[-165.8457,-10.86254],[-165.84577,-10.86269],[-165.84577,-10.86288],[-165.8456,-10.86287],[-165.84543,-10.86264],[-165.84553,-10.86242],[-165.84577,-10.86223],[-165.84593,-10.8621],[-165.84604,-10.86191],[-165.846,-10.86181],[-165.84586,-10.86184],[-165.84564,-10.86184],[-165.84543,-10.86174],[-165.84518,-10.86174],[-165.84506,-10.86183],[-165.84496,-10.86185],[-165.84492,-10.86175],[-165.845,-10.86161],[-165.84526,-10.86157],[-165.84548,-10.8616],[-165.84568,-10.86166],[-165.84589,-10.86166],[-165.84629,-10.86159],[-165.8465,-10.86164],[-165.84656,-10.86166],[-165.8467,-10.86164],[-165.84684,-10.86151],[-165.84735,-10.86149],[-165.84751,-10.8615],[-165.84772,-10.86145],[-165.84788,-10.86134],[-165.84802,-10.8613]]],[[[-165.8454,-10.88863],[-165.84544,-10.88872],[-165.8457,-10.88892],[-165.8458,-10.88905],[-165.84574,-10.88932],[-165.84523,-10.88941],[-165.84471,-10.88941],[-165.84437,-10.88902],[-165.8441,-10.8886],[-165.84404,-10.88811],[-165.84404,-10.8877],[-165.84386,-10.88731],[-165.84377,-10.88683],[-165.84404,-10.88623],[-165.84418,-10.88557],[-165.84418,-10.88515],[-165.84417,-10.88467],[-165.8444,-10.88439],[-165.84473,-10.88434],[-165.84517,-10.88434],[-165.84549,-10.88445],[-165.84555,-10.88473],[-165.84537,-10.88494],[-165.8452,-10.88511],[-165.8453,-10.88538],[-165.84545,-10.88561],[-165.84545,-10.88594],[-165.84533,-10.88624],[-165.8455,-10.88651],[-165.84583,-10.88667],[-165.84598,-10.8868],[-165.84598,-10.88708],[-165.84567,-10.88735],[-165.84563,-10.88761],[-165.84552,-10.8878],[-165.8454,-10.88809],[-165.8454,-10.88836],[-165.8454,-10.88863]]],[[[-165.84588,-10.88331],[-165.84606,-10.88335],[-165.84612,-10.88343],[-165.84612,-10.88366],[-165.84594,-10.88371],[-165.84556,-10.88358],[-165.84528,-10.88345],[-165.84518,-10.88335],[-165.8453,-10.88325],[-165.84553,-10.88326],[-165.84588,-10.88331]]],[[[-165.84635,-10.88072],[-165.84627,-10.88122],[-165.84635,-10.88141],[-165.84653,-10.88168],[-165.84666,-10.88188],[-165.84656,-10.8821],[-165.84613,-10.8821],[-165.84584,-10.88211],[-165.8455,-10.88206],[-165.84519,-10.88192],[-165.84512,-10.88159],[-165.84521,-10.8812],[-165.84533,-10.88092],[-165.84575,-10.88065],[-165.84607,-10.88058],[-165.84625,-10.88064],[-165.84635,-10.88072]]],[[[-165.85215,-10.8872],[-165.8532,-10.88719],[-165.85383,-10.88741],[-165.85398,-10.88757],[-165.85391,-10.88773],[-165.85357,-10.88768],[-165.85288,-10.88746],[-165.85211,-10.88739],[-165.85166,-10.88743],[-165.85126,-10.88737],[-165.85094,-10.88701],[-165.85067,-10.88681],[-165.85001,-10.88658],[-165.84965,-10.88629],[-165.8492,-10.88607],[-165.84892,-10.88612],[-165.84863,-10.88614],[-165.84861,-10.88607],[-165.84872,-10.88594],[-165.8491,-10.8859],[-165.84947,-10.8859],[-165.84974,-10.88601],[-165.85013,-10.88629],[-165.85061,-10.88651],[-165.85092,-10.8867],[-165.85118,-10.88691],[-165.85143,-10.88712],[-165.85176,-10.88721],[-165.85215,-10.8872]]],[[[-165.85573,-10.89045],[-165.85614,-10.89052],[-165.85617,-10.89075],[-165.85578,-10.8909],[-165.85555,-10.8909],[-165.85521,-10.89078],[-165.8553,-10.89057],[-165.85573,-10.89045]]],[[[-165.85413,-10.8902],[-165.85433,-10.89036],[-165.85428,-10.89054],[-165.85389,-10.89052],[-165.85353,-10.89024],[-165.85303,-10.88999],[-165.85254,-10.88981],[-165.85219,-10.88976],[-165.8521,-10.88955],[-165.85237,-10.88937],[-165.85279,-10.88946],[-165.85312,-10.88965],[-165.85363,-10.88992],[-165.85413,-10.8902]]],[[[-165.84938,-10.88876],[-165.84967,-10.88879],[-165.84968,-10.88891],[-165.84948,-10.88906],[-165.84891,-10.88925],[-165.84859,-10.88925],[-165.84828,-10.88914],[-165.84806,-10.8891],[-165.84787,-10.88896],[-165.84793,-10.88886],[-165.84828,-10.88886],[-165.84849,-10.88891],[-165.84882,-10.88891],[-165.8492,-10.88889],[-165.84938,-10.88876]]],[[[-165.85244,-10.89175],[-165.85292,-10.892],[-165.85314,-10.89187],[-165.85336,-10.89187],[-165.85342,-10.8921],[-165.85312,-10.89228],[-165.85303,-10.89237],[-165.85303,-10.89265],[-165.85311,-10.89285],[-165.85338,-10.89302],[-165.85364,-10.89326],[-165.85366,-10.89351],[-165.85351,-10.89377],[-165.85322,-10.8939],[-165.85278,-10.89395],[-165.85255,-10.89381],[-165.85242,-10.8933],[-165.85232,-10.89296],[-165.8521,-10.89267],[-165.85162,-10.89257],[-165.8512,-10.89261],[-165.85091,-10.8927],[-165.8506,-10.89286],[-165.85049,-10.89309],[-165.85042,-10.89327],[-165.85037,-10.89343],[-165.85029,-10.89347],[-165.85017,-10.89344],[-165.85013,-10.89316],[-165.85011,-10.893],[-165.84969,-10.8928],[-165.84949,-10.89261],[-165.84951,-10.89244],[-165.84996,-10.89231],[-165.85027,-10.89218],[-165.85048,-10.89196],[-165.8507,-10.89171],[-165.85097,-10.89156],[-165.85128,-10.89149],[-165.85165,-10.89153],[-165.85209,-10.89168],[-165.85244,-10.89175]]],[[[-165.85644,-10.89378],[-165.85692,-10.894],[-165.85748,-10.89429],[-165.85783,-10.89473],[-165.85791,-10.89509],[-165.85786,-10.89538],[-165.8578,-10.8955],[-165.85761,-10.89523],[-165.85745,-10.89498],[-165.85703,-10.89474],[-165.85652,-10.89439],[-165.8563,-10.89418],[-165.85611,-10.89416],[-165.85571,-10.89442],[-165.85544,-10.89485],[-165.85508,-10.89519],[-165.85437,-10.89557],[-165.85399,-10.89582],[-165.85353,-10.89599],[-165.85308,-10.89586],[-165.85256,-10.89575],[-165.85224,-10.89579],[-165.85214,-10.89605],[-165.85212,-10.8964],[-165.85204,-10.89689],[-165.85162,-10.89728],[-165.85148,-10.89736],[-165.85117,-10.89734],[-165.8507,-10.8971],[-165.85066,-10.89671],[-165.85084,-10.89626],[-165.85089,-10.89579],[-165.85067,-10.89551],[-165.85029,-10.89533],[-165.85003,-10.89533],[-165.84933,-10.89556],[-165.84894,-10.89575],[-165.84825,-10.89594],[-165.84788,-10.8961],[-165.84753,-10.89632],[-165.84741,-10.89675],[-165.8475,-10.89715],[-165.84777,-10.89781],[-165.84798,-10.89813],[-165.84784,-10.89824],[-165.84755,-10.89814],[-165.84707,-10.89802],[-165.84688,-10.89808],[-165.84655,-10.89829],[-165.84629,-10.89869],[-165.84607,-10.8991],[-165.84566,-10.89997],[-165.84558,-10.90045],[-165.84577,-10.90084],[-165.84586,-10.90125],[-165.84599,-10.90151],[-165.84635,-10.90148],[-165.84663,-10.90129],[-165.84689,-10.9008],[-165.84706,-10.90059],[-165.84744,-10.90056],[-165.84774,-10.90068],[-165.84786,-10.90094],[-165.84787,-10.90132],[-165.84748,-10.90161],[-165.84718,-10.90174],[-165.84698,-10.90175],[-165.84663,-10.90175],[-165.84645,-10.90186],[-165.84629,-10.90206],[-165.84619,-10.90222],[-165.84606,-10.90235],[-165.84614,-10.90261],[-165.84632,-10.90267],[-165.84638,-10.90294],[-165.84634,-10.90313],[-165.84616,-10.9032],[-165.84607,-10.90303],[-165.84602,-10.90282],[-165.8459,-10.9025],[-165.84586,-10.9021],[-165.84572,-10.90171],[-165.84552,-10.9014],[-165.84535,-10.90084],[-165.84527,-10.90035],[-165.84529,-10.89999],[-165.84538,-10.89937],[-165.84558,-10.89868],[-165.84599,-10.89825],[-165.84635,-10.89792],[-165.84661,-10.89744],[-165.84679,-10.89696],[-165.84706,-10.89632],[-165.8477,-10.89587],[-165.8483,-10.89547],[-165.8492,-10.89521],[-165.84998,-10.89504],[-165.85047,-10.89515],[-165.85088,-10.8953],[-165.85131,-10.89559],[-165.85154,-10.89565],[-165.85181,-10.89552],[-165.85222,-10.89531],[-165.85272,-10.89535],[-165.85326,-10.89557],[-165.85376,-10.89548],[-165.85427,-10.89519],[-165.85464,-10.89496],[-165.85497,-10.89442],[-165.85524,-10.89406],[-165.85568,-10.89377],[-165.85606,-10.89365],[-165.85644,-10.89378]]],[[[-165.84871,-10.89882],[-165.84896,-10.89895],[-165.8493,-10.89911],[-165.84951,-10.89923],[-165.84961,-10.89941],[-165.84956,-10.89951],[-165.84938,-10.89951],[-165.84919,-10.89948],[-165.84891,-10.89948],[-165.84863,-10.89946],[-165.84848,-10.89936],[-165.84837,-10.89911],[-165.84833,-10.8989],[-165.8484,-10.89874],[-165.8485,-10.89874],[-165.84871,-10.89882]]],[[[-165.85281,-10.90109],[-165.85288,-10.9012],[-165.85274,-10.9013],[-165.85247,-10.9013],[-165.85232,-10.90131],[-165.85206,-10.90139],[-165.85186,-10.90142],[-165.85179,-10.90128],[-165.85177,-10.90106],[-165.85191,-10.90088],[-165.85213,-10.90086],[-165.85239,-10.9009],[-165.85281,-10.90109]]],[[[-165.85724,-10.90061],[-165.85724,-10.90077],[-165.85706,-10.901],[-165.85686,-10.90092],[-165.8569,-10.90073],[-165.85697,-10.90057],[-165.85724,-10.90061]]],[[[-165.84718,-10.90359],[-165.84766,-10.90378],[-165.84819,-10.90394],[-165.84877,-10.90417],[-165.84919,-10.90452],[-165.84948,-10.90489],[-165.84948,-10.90532],[-165.84946,-10.90573],[-165.84929,-10.90624],[-165.84904,-10.9066],[-165.84876,-10.90688],[-165.84829,-10.90726],[-165.84807,-10.90751],[-165.84766,-10.90772],[-165.84744,-10.90774],[-165.84724,-10.90749],[-165.84697,-10.90726],[-165.84657,-10.90737],[-165.84632,-10.90752],[-165.84612,-10.90755],[-165.84587,-10.90781],[-165.84597,-10.90824],[-165.84583,-10.90849],[-165.84557,-10.90819],[-165.84558,-10.90796],[-165.84569,-10.90762],[-165.84587,-10.90732],[-165.84587,-10.90711],[-165.84567,-10.90701],[-165.84536,-10.90705],[-165.84499,-10.90687],[-165.8449,-10.90675],[-165.84483,-10.9063],[-165.84491,-10.90602],[-165.84514,-10.90566],[-165.84487,-10.90537],[-165.8442,-10.90504],[-165.84382,-10.90455],[-165.84372,-10.90417],[-165.84375,-10.90378],[-165.84399,-10.90335],[-165.84438,-10.90304],[-165.84476,-10.90294],[-165.84506,-10.90295],[-165.84553,-10.90313],[-165.8458,-10.9033],[-165.84611,-10.90344],[-165.84673,-10.90353],[-165.84718,-10.90359]]]]},"properties":{"area_code":"pukapuka","area_name":"Pukapuka","area_unit_id":"ck-island-2021-composite-geoboundaries-adm0-osm:pukapuka","boundary_set_id":"ck-island-2021-composite-geoboundaries-adm0-osm","boundary_level":"island","boundary_vintage":"2021","boundary_source":"OpenStreetMap coastline motu (place=island/islet closed ways), assembled via Overpass","boundary_licence":"ODbL 1.0","land_area_sq_km":4.3747}},
{"type":"Feature","geometry":{"type":"Polygon","coordinates":[[[-165.4191,-11.55559],[-165.41973,-11.55583],[-165.42012,-11.55602],[-165.42071,-11.55638],[-165.4213,-11.55692],[-165.42154,-11.55725],[-165.42176,-11.5576],[-165.42184,-11.55789],[-165.42184,-11.55807],[-165.42179,-11.5584],[-165.42168,-11.55872],[-165.4214,-11.55907],[-165.42009,-11.56054],[-165.41916,-11.56147],[-165.41813,-11.56252],[-165.41707,-11.56366],[-165.41641,-11.56436],[-165.41552,-11.5653],[-165.4151,-11.56567],[-165.41456,-11.56607],[-165.41395,-11.5664],[-165.41337,-11.56653],[-165.41289,-11.56653],[-165.41229,-11.56642],[-165.41172,-11.56624],[-165.41127,-11.56607],[-165.41063,-11.56568],[-165.41022,-11.56537],[-165.4098,-11.56504],[-165.40938,-11.56456],[-165.40907,-11.56418],[-165.40873,-11.56374],[-165.40841,-11.5632],[-165.40827,-11.56276],[-165.40824,-11.56248],[-165.40821,-11.56206],[-165.40822,-11.5617],[-165.40832,-11.56123],[-165.40849,-11.56085],[-165.40874,-11.56034],[-165.40902,-11.55984],[-165.40969,-11.5589],[-165.41007,-11.55843],[-165.41041,-11.55801],[-165.4116,-11.55682],[-165.41198,-11.55649],[-165.41256,-11.55607],[-165.413,-11.55573],[-165.41346,-11.55544],[-165.41387,-11.55523],[-165.41451,-11.55489],[-165.41481,-11.55482],[-165.4154,-11.55474],[-165.41597,-11.55475],[-165.41635,-11.5548],[-165.41693,-11.55487],[-165.41728,-11.55494],[-165.41796,-11.55514],[-165.41858,-11.55536],[-165.4191,-11.55559]]]},"properties":{"area_code":"nassau","area_name":"Nassau","area_unit_id":"ck-island-2021-composite-geoboundaries-adm0-osm:nassau","boundary_set_id":"ck-island-2021-composite-geoboundaries-adm0-osm","boundary_level":"island","boundary_vintage":"2021","boundary_source":"OpenStreetMap coastline motu (place=island/islet closed ways), assembled via Overpass","boundary_licence":"ODbL 1.0","land_area_sq_km":1.246}},
{"type":"Feature","geometry":{"type":"MultiPolygon","coordinates":[[[[-160.9972,-10.46205],[-160.99632,-10.46147],[-160.99587,-10.46114],[-160.9956,-10.46088],[-160.99577,-10.46012],[-160.99604,-10.45976],[-160.99633,-10.45946],[-160.99677,-10.45931],[-160.99705,-10.45929],[-160.99746,-10.4594],[-160.99802,-10.45927],[-160.99818,-10.4592],[-160.99847,-10.45895],[-160.99875,-10.45861],[-160.99909,-10.45814],[-160.99948,-10.4582],[-160.99999,-10.45833],[-161.00084,-10.45844],[-161.00135,-10.45893],[-161.00175,-10.45928],[-161.00188,-10.45976],[-161.00189,-10.46002],[-161.00189,-10.46059],[-161.00184,-10.46089],[-161.0019,-10.46118],[-161.00184,-10.46131],[-161.00174,-10.4617],[-161.0017,-10.46227],[-161.00166,-10.46238],[-161.00152,-10.46257],[-161.00117,-10.46278],[-161.00043,-10.46272],[-160.99973,-10.46267],[-160.9991,-10.46254],[-160.99845,-10.46243],[-160.99782,-10.4624],[-160.9972,-10.46205]]],[[[-160.99272,-10.45958],[-160.99265,-10.45965],[-160.9925,-10.45966],[-160.9923,-10.45957],[-160.99202,-10.45944],[-160.99171,-10.45934],[-160.99156,-10.45924],[-160.99133,-10.45919],[-160.99134,-10.45889],[-160.99145,-10.45877],[-160.99158,-10.45861],[-160.99169,-10.45849],[-160.99182,-10.4583],[-160.99201,-10.45805],[-160.99223,-10.4576],[-160.99227,-10.4576],[-160.99236,-10.45774],[-160.99238,-10.45789],[-160.99235,-10.45792],[-160.99218,-10.45807],[-160.99208,-10.45818],[-160.99205,-10.45839],[-160.992,-10.45858],[-160.99197,-10.45886],[-160.99195,-10.45906],[-160.99202,-10.45916],[-160.99221,-10.45913],[-160.99235,-10.45931],[-160.99245,-10.45932],[-160.99263,-10.45898],[-160.99271,-10.45855],[-160.99279,-10.45836],[-160.99285,-10.45818],[-160.99297,-10.45793],[-160.99315,-10.45768],[-160.99328,-10.45765],[-160.99311,-10.45819],[-160.99297,-10.45855],[-160.99289,-10.4589],[-160.99272,-10.45958]]],[[[-161.00501,-10.45632],[-161.00478,-10.45615],[-161.00452,-10.45598],[-161.00447,-10.45572],[-161.0046,-10.45568],[-161.005,-10.45593],[-161.00522,-10.45614],[-161.00545,-10.45633],[-161.00563,-10.45645],[-161.0058,-10.45648],[-161.00629,-10.45677],[-161.00706,-10.45691],[-161.00736,-10.45735],[-161.00764,-10.45754],[-161.00765,-10.45791],[-161.00719,-10.45817],[-161.00699,-10.45816],[-161.0069,-10.45788],[-161.00671,-10.45775],[-161.00623,-10.45709],[-161.00587,-10.45681],[-161.00549,-10.45664],[-161.00501,-10.45632]]],[[[-161.0041,-10.45993],[-161.00375,-10.45929],[-161.0036,-10.45903],[-161.00338,-10.45885],[-161.0031,-10.45868],[-161.00297,-10.45849],[-161.00291,-10.45811],[-161.00287,-10.45769],[-161.00295,-10.45719],[-161.00311,-10.45668],[-161.00333,-10.45681],[-161.00349,-10.45694],[-161.00363,-10.45744],[-161.00391,-10.45771],[-161.00402,-10.45797],[-161.00406,-10.4586],[-161.00403,-10.45882],[-161.00456,-10.45963],[-161.00452,-10.4598],[-161.0043,-10.45986],[-161.0041,-10.45993]]],[[[-161.00248,-10.46029],[-161.00235,-10.46003],[-161.00221,-10.45971],[-161.00223,-10.45961],[-161.00227,-10.45959],[-161.00237,-10.45966],[-161.00245,-10.45979],[-161.00261,-10.46003],[-161.00262,-10.46029],[-161.00248,-10.46029]]],[[[-161.00858,-10.45665],[-161.00844,-10.45651],[-161.00829,-10.45608],[-161.00747,-10.45598],[-161.0073,-10.45604],[-161.00703,-10.45582],[-161.00698,-10.45556],[-161.00733,-10.455],[-161.00722,-10.4546],[-161.00726,-10.45434],[-161.00744,-10.45458],[-161.0078,-10.45488],[-161.00825,-10.45523],[-161.00895,-10.45613],[-161.00917,-10.45657],[-161.00876,-10.4568],[-161.00858,-10.45665]]],[[[-161.00234,-10.45797],[-161.00233,-10.45784],[-161.00232,-10.45774],[-161.0023,-10.45757],[-161.00224,-10.45725],[-161.00203,-10.45697],[-161.00233,-10.45669],[-161.00259,-10.45668],[-161.00268,-10.45692],[-161.00261,-10.45716],[-161.0025,-10.45756],[-161.0025,-10.4577],[-161.0025,-10.45784],[-161.00255,-10.4581],[-161.0026,-10.45849],[-161.00289,-10.45893],[-161.00286,-10.45906],[-161.00251,-10.45857],[-161.00235,-10.45831],[-161.00234,-10.45797]]],[[[-160.99009,-10.45743],[-160.99025,-10.45727],[-160.99029,-10.45712],[-160.9903,-10.45704],[-160.99032,-10.4568],[-160.99054,-10.45675],[-160.99048,-10.45713],[-160.99041,-10.45733],[-160.99041,-10.45756],[-160.99037,-10.45766],[-160.99001,-10.45767],[-160.98999,-10.45759],[-160.99009,-10.45743]]],[[[-161.00131,-10.45819],[-161.0012,-10.4581],[-161.00103,-10.45794],[-161.00101,-10.45779],[-161.00116,-10.45772],[-161.00132,-10.45782],[-161.00162,-10.45815],[-161.00176,-10.45831],[-161.00183,-10.45843],[-161.00189,-10.45859],[-161.00189,-10.45869],[-161.0018,-10.45866],[-161.00144,-10.45832],[-161.00131,-10.45819]]],[[[-160.9856,-10.45704],[-160.98545,-10.457],[-160.98531,-10.45697],[-160.98509,-10.45691],[-160.98491,-10.45683],[-160.98465,-10.45659],[-160.98444,-10.45655],[-160.98432,-10.45659],[-160.98417,-10.45653],[-160.98406,-10.45641],[-160.98393,-10.45633],[-160.98382,-10.45635],[-160.98368,-10.45637],[-160.98358,-10.45637],[-160.98353,-10.45626],[-160.98352,-10.45615],[-160.98352,-10.45602],[-160.98358,-10.45589],[-160.98366,-10.45586],[-160.98382,-10.45579],[-160.98383,-10.45568],[-160.984,-10.45544],[-160.98403,-10.45544],[-160.98413,-10.45541],[-160.98419,-10.45546],[-160.98416,-10.45564],[-160.98409,-10.45581],[-160.98397,-10.45598],[-160.98396,-10.45607],[-160.98402,-10.45612],[-160.98409,-10.45611],[-160.98414,-10.45602],[-160.98418,-10.45592],[-160.98422,-10.45581],[-160.98425,-10.45567],[-160.98437,-10.45531],[-160.98439,-10.45513],[-160.98451,-10.45487],[-160.98473,-10.45449],[-160.98483,-10.45441],[-160.98507,-10.45449],[-160.9851,-10.45467],[-160.98496,-10.45485],[-160.98487,-10.45499],[-160.98481,-10.45513],[-160.98478,-10.45535],[-160.98476,-10.45546],[-160.98471,-10.45608],[-160.98467,-10.45622],[-160.98471,-10.45637],[-160.98473,-10.45647],[-160.98489,-10.45654],[-160.98505,-10.4564],[-160.98509,-10.45642],[-160.98511,-10.4566],[-160.98513,-10.45673],[-160.98523,-10.45675],[-160.98533,-10.45667],[-160.98537,-10.45657],[-160.98541,-10.45628],[-160.98554,-10.45583],[-160.98554,-10.45569],[-160.98572,-10.45501],[-160.98575,-10.45486],[-160.98592,-10.45473],[-160.98565,-10.45604],[-160.98567,-10.45653],[-160.98574,-10.45679],[-160.98565,-10.45687],[-160.9856,-10.45704]]],[[[-160.98132,-10.45521],[-160.98129,-10.45536],[-160.98119,-10.45542],[-160.98115,-10.45542],[-160.9811,-10.4554],[-160.98093,-10.4552],[-160.98106,-10.45503],[-160.98115,-10.45493],[-160.9812,-10.45483],[-160.98119,-10.45474],[-160.98115,-10.45467],[-160.98149,-10.45321],[-160.98161,-10.45336],[-160.98138,-10.4546],[-160.98132,-10.4548],[-160.98133,-10.45484],[-160.98132,-10.45521]]],[[[-161.01184,-10.4532],[-161.01233,-10.45368],[-161.01182,-10.45431],[-161.01126,-10.45491],[-161.01078,-10.45431],[-161.00999,-10.45317],[-161.00963,-10.4528],[-161.00912,-10.45191],[-161.00906,-10.45178],[-161.00904,-10.4514],[-161.0093,-10.45155],[-161.01022,-10.45197],[-161.01063,-10.45251],[-161.01107,-10.45242],[-161.01152,-10.45287],[-161.01175,-10.45304],[-161.01184,-10.4532]]],[[[-161.03078,-10.4384],[-161.03058,-10.43822],[-161.0305,-10.43805],[-161.03084,-10.4377],[-161.03089,-10.43757],[-161.03092,-10.43758],[-161.03097,-10.43771],[-161.03098,-10.43786],[-161.03105,-10.43805],[-161.03128,-10.43832],[-161.0312,-10.43847],[-161.03078,-10.4384]]],[[[-160.95521,-10.43522],[-160.95539,-10.43517],[-160.95546,-10.43506],[-160.95561,-10.43501],[-160.95577,-10.43512],[-160.95576,-10.43566],[-160.95584,-10.43639],[-160.95609,-10.43701],[-160.95618,-10.43736],[-160.95617,-10.4375],[-160.95587,-10.43754],[-160.95553,-10.43762],[-160.95537,-10.43771],[-160.9551,-10.43776],[-160.95492,-10.43774],[-160.95484,-10.43766],[-160.95482,-10.43743],[-160.95476,-10.43721],[-160.95473,-10.43698],[-160.95474,-10.43686],[-160.95477,-10.4367],[-160.95481,-10.43651],[-160.95478,-10.43634],[-160.95478,-10.43608],[-160.95475,-10.43592],[-160.95476,-10.43578],[-160.95479,-10.43543],[-160.955,-10.43529],[-160.95521,-10.43522]]],[[[-161.03337,-10.44133],[-161.03316,-10.44109],[-161.03305,-10.44078],[-161.03301,-10.44043],[-161.033,-10.44007],[-161.03306,-10.43969],[-161.03325,-10.43934],[-161.03348,-10.43921],[-161.0337,-10.43917],[-161.03379,-10.43918],[-161.03396,-10.43923],[-161.03424,-10.43944],[-161.03434,-10.43962],[-161.03436,-10.43973],[-161.03435,-10.43987],[-161.03431,-10.44008],[-161.03431,-10.44018],[-161.03434,-10.44026],[-161.03439,-10.4403],[-161.03453,-10.44031],[-161.03479,-10.44028],[-161.0349,-10.44029],[-161.03499,-10.44032],[-161.03505,-10.44034],[-161.03528,-10.44044],[-161.03557,-10.4405],[-161.03568,-10.4405],[-161.03577,-10.44047],[-161.03598,-10.44043],[-161.03602,-10.44039],[-161.03603,-10.44033],[-161.03602,-10.44023],[-161.03602,-10.44013],[-161.03607,-10.43997],[-161.03611,-10.4397],[-161.03609,-10.4393],[-161.03599,-10.43875],[-161.03586,-10.43838],[-161.03573,-10.43811],[-161.03562,-10.4378],[-161.03555,-10.43753],[-161.03549,-10.43743],[-161.03547,-10.43735],[-161.03549,-10.43718],[-161.03549,-10.43705],[-161.03541,-10.43679],[-161.03521,-10.43648],[-161.03502,-10.43626],[-161.0348,-10.43591],[-161.03467,-10.4356],[-161.03473,-10.43532],[-161.03476,-10.43504],[-161.03486,-10.43468],[-161.03484,-10.4345],[-161.03456,-10.43452],[-161.03423,-10.43454],[-161.03407,-10.43455],[-161.03397,-10.43479],[-161.03402,-10.43495],[-161.03402,-10.43534],[-161.03404,-10.43562],[-161.03403,-10.43585],[-161.03417,-10.43603],[-161.03429,-10.4363],[-161.03434,-10.43674],[-161.03427,-10.43728],[-161.03418,-10.43777],[-161.03402,-10.4381],[-161.03377,-10.43844],[-161.03352,-10.43866],[-161.03302,-10.43887],[-161.03279,-10.43903],[-161.03267,-10.43913],[-161.03251,-10.43917],[-161.03239,-10.43913],[-161.03199,-10.43868],[-161.03179,-10.43845],[-161.03165,-10.43818],[-161.03162,-10.43802],[-161.03164,-10.43787],[-161.03169,-10.4378],[-161.0318,-10.43773],[-161.03192,-10.43769],[-161.03215,-10.43761],[-161.03243,-10.43745],[-161.03293,-10.43687],[-161.03315,-10.43653],[-161.03329,-10.43623],[-161.03345,-10.43584],[-161.03363,-10.43535],[-161.03379,-10.43467],[-161.03393,-10.43402],[-161.03403,-10.43363],[-161.0341,-10.4334],[-161.03419,-10.43322],[-161.03427,-10.43303],[-161.03434,-10.43281],[-161.0344,-10.43259],[-161.03443,-10.43248],[-161.03442,-10.43229],[-161.03443,-10.43193],[-161.03445,-10.43176],[-161.03446,-10.43159],[-161.03445,-10.43138],[-161.03442,-10.43131],[-161.03432,-10.43125],[-161.03427,-10.43122],[-161.03424,-10.43116],[-161.03423,-10.43109],[-161.03424,-10.43105],[-161.03429,-10.43094],[-161.03428,-10.43082],[-161.03428,-10.43077],[-161.03423,-10.4306],[-161.03415,-10.43005],[-161.03412,-10.42984],[-161.03408,-10.42971],[-161.03404,-10.42958],[-161.03397,-10.42933],[-161.03389,-10.42897],[-161.03379,-10.4285],[-161.03375,-10.42836],[-161.03366,-10.42798],[-161.0336,-10.42776],[-161.03356,-10.42766],[-161.03354,-10.4276],[-161.03352,-10.42744],[-161.0335,-10.4273],[-161.03346,-10.4272],[-161.03343,-10.42702],[-161.03339,-10.42664],[-161.03334,-10.42619],[-161.03326,-10.42583],[-161.03317,-10.42555],[-161.03314,-10.42538],[-161.03311,-10.42519],[-161.03309,-10.4251],[-161.03304,-10.42503],[-161.03302,-10.42495],[-161.03302,-10.42483],[-161.03303,-10.42474],[-161.03304,-10.42446],[-161.033,-10.42421],[-161.03297,-10.42419],[-161.03292,-10.42417],[-161.03287,-10.42414],[-161.03286,-10.42408],[-161.03286,-10.42399],[-161.03289,-10.42397],[-161.03296,-10.42396],[-161.03298,-10.42397],[-161.03301,-10.42399],[-161.03304,-10.424],[-161.03308,-10.42399],[-161.03311,-10.42395],[-161.03311,-10.4239],[-161.03312,-10.42383],[-161.03306,-10.42365],[-161.03301,-10.42361],[-161.03295,-10.4236],[-161.03283,-10.4236],[-161.03278,-10.42357],[-161.03278,-10.42353],[-161.0328,-10.4235],[-161.03285,-10.42347],[-161.03297,-10.42345],[-161.03303,-10.42343],[-161.03307,-10.42339],[-161.03309,-10.4233],[-161.03306,-10.42315],[-161.03304,-10.42306],[-161.03299,-10.42297],[-161.03296,-10.42291],[-161.03294,-10.4229],[-161.0329,-10.42291],[-161.03282,-10.42296],[-161.03279,-10.42296],[-161.03278,-10.42296],[-161.03272,-10.42291],[-161.0327,-10.42288],[-161.0327,-10.42285],[-161.03273,-10.4228],[-161.03278,-10.42264],[-161.03278,-10.42258],[-161.03278,-10.42252],[-161.03265,-10.42228],[-161.03261,-10.42227],[-161.03256,-10.42226],[-161.03252,-10.42226],[-161.03249,-10.42225],[-161.03246,-10.42222],[-161.03246,-10.42217],[-161.03248,-10.4221],[-161.03249,-10.42203],[-161.03249,-10.42195],[-161.03247,-10.42191],[-161.03244,-10.42188],[-161.03241,-10.42186],[-161.0324,-10.42184],[-161.03239,-10.42182],[-161.0324,-10.42178],[-161.0324,-10.42173],[-161.03241,-10.42165],[-161.03238,-10.42156],[-161.03221,-10.42107],[-161.03214,-10.42095],[-161.03205,-10.42083],[-161.03198,-10.42074],[-161.0319,-10.42058],[-161.03182,-10.42031],[-161.03179,-10.42011],[-161.03181,-10.41985],[-161.03181,-10.41964],[-161.03179,-10.4195],[-161.03176,-10.41934],[-161.03172,-10.41899],[-161.03169,-10.41877],[-161.03167,-10.41863],[-161.03165,-10.4185],[-161.03153,-10.41817],[-161.03142,-10.41784],[-161.03137,-10.41752],[-161.03134,-10.41723],[-161.03132,-10.41707],[-161.03134,-10.41675],[-161.03132,-10.41646],[-161.03125,-10.41601],[-161.03121,-10.41581],[-161.0312,-10.41572],[-161.03119,-10.41569],[-161.03119,-10.4156],[-161.03121,-10.41552],[-161.03119,-10.41518],[-161.03116,-10.41494],[-161.03111,-10.41467],[-161.0311,-10.41445],[-161.03109,-10.41353],[-161.03111,-10.41287],[-161.03111,-10.41283],[-161.03111,-10.41219],[-161.0311,-10.41203],[-161.0311,-10.41189],[-161.03109,-10.41172],[-161.03099,-10.41124],[-161.03087,-10.41087],[-161.03085,-10.41077],[-161.03082,-10.41062],[-161.03071,-10.41008],[-161.03061,-10.40978],[-161.03048,-10.4095],[-161.0303,-10.40913],[-161.03013,-10.40887],[-161.03012,-10.4088],[-161.03011,-10.40847],[-161.03002,-10.40806],[-161.02997,-10.4077],[-161.02989,-10.40746],[-161.02982,-10.40721],[-161.02962,-10.40669],[-161.02944,-10.40628],[-161.02925,-10.40588],[-161.02904,-10.40556],[-161.02866,-10.40499],[-161.02854,-10.40481],[-161.02849,-10.40468],[-161.0285,-10.40461],[-161.02854,-10.40455],[-161.02863,-10.40443],[-161.0288,-10.40425],[-161.02896,-10.40414],[-161.02906,-10.40409],[-161.02925,-10.40406],[-161.02952,-10.40412],[-161.02975,-10.40417],[-161.0301,-10.40426],[-161.03057,-10.40455],[-161.03103,-10.40499],[-161.03127,-10.40523],[-161.03178,-10.40603],[-161.03236,-10.40738],[-161.03261,-10.40815],[-161.03287,-10.40908],[-161.0332,-10.40997],[-161.03329,-10.41027],[-161.03331,-10.41062],[-161.03329,-10.41082],[-161.03329,-10.4113],[-161.03337,-10.41222],[-161.03355,-10.41288],[-161.03365,-10.41325],[-161.0337,-10.41381],[-161.03375,-10.41426],[-161.03389,-10.41503],[-161.03398,-10.4159],[-161.0342,-10.41691],[-161.03427,-10.41723],[-161.03439,-10.41774],[-161.03441,-10.41808],[-161.03442,-10.41844],[-161.03438,-10.41877],[-161.03466,-10.42094],[-161.03483,-10.42178],[-161.03489,-10.42216],[-161.03494,-10.42258],[-161.03501,-10.42298],[-161.03508,-10.42348],[-161.03513,-10.42377],[-161.03518,-10.42396],[-161.03536,-10.42435],[-161.03552,-10.42506],[-161.03565,-10.42581],[-161.03596,-10.42727],[-161.03625,-10.42834],[-161.03651,-10.42927],[-161.03672,-10.43026],[-161.03688,-10.43119],[-161.0371,-10.43222],[-161.03741,-10.43342],[-161.03766,-10.43448],[-161.03801,-10.43576],[-161.03822,-10.43665],[-161.03825,-10.43718],[-161.03822,-10.43776],[-161.03811,-10.43838],[-161.03794,-10.43911],[-161.03781,-10.43971],[-161.03777,-10.43994],[-161.03773,-10.44024],[-161.03768,-10.44075],[-161.03767,-10.44095],[-161.03758,-10.44112],[-161.03736,-10.44135],[-161.03688,-10.4418],[-161.03676,-10.44186],[-161.03655,-10.44192],[-161.03624,-10.44195],[-161.03585,-10.44192],[-161.0356,-10.44189],[-161.03533,-10.44185],[-161.03512,-10.44183],[-161.03471,-10.4418],[-161.03446,-10.44177],[-161.03416,-10.44172],[-161.03369,-10.44157],[-161.03337,-10.44133]]],[[[-161.02953,-10.43965],[-161.02944,-10.43951],[-161.0294,-10.43945],[-161.0293,-10.43935],[-161.02946,-10.43918],[-161.02969,-10.4395],[-161.02974,-10.43961],[-161.02973,-10.43976],[-161.02963,-10.43982],[-161.02953,-10.43965]]],[[[-160.9556,-10.43425],[-160.95547,-10.43415],[-160.95537,-10.43408],[-160.95527,-10.43404],[-160.95499,-10.43421],[-160.95497,-10.43438],[-160.95499,-10.43459],[-160.95495,-10.43492],[-160.95484,-10.43499],[-160.95476,-10.43471],[-160.95472,-10.4345],[-160.95466,-10.43428],[-160.95462,-10.43399],[-160.9546,-10.43388],[-160.95468,-10.43365],[-160.95468,-10.43341],[-160.95476,-10.43331],[-160.95483,-10.43328],[-160.95507,-10.43335],[-160.95546,-10.43353],[-160.95565,-10.43371],[-160.95577,-10.43393],[-160.95584,-10.43421],[-160.9556,-10.43425]]],[[[-160.99913,-10.38056],[-160.99926,-10.38034],[-160.99948,-10.37999],[-160.99971,-10.37952],[-160.99987,-10.37923],[-161.00003,-10.37895],[-161.0001,-10.37882],[-161.00018,-10.37872],[-161.0004,-10.37842],[-161.00063,-10.37806],[-161.00085,-10.37772],[-161.00103,-10.37739],[-161.00113,-10.3772],[-161.0013,-10.3769],[-161.00149,-10.37661],[-161.00168,-10.37629],[-161.00191,-10.3759],[-161.00212,-10.37553],[-161.00228,-10.37524],[-161.00241,-10.37499],[-161.00254,-10.37476],[-161.00263,-10.3746],[-161.00272,-10.37448],[-161.00289,-10.37428],[-161.00311,-10.37394],[-161.00336,-10.37354],[-161.00346,-10.37341],[-161.00351,-10.37332],[-161.00353,-10.37329],[-161.00357,-10.37326],[-161.00362,-10.37325],[-161.00364,-10.37324],[-161.00365,-10.37323],[-161.00379,-10.37307],[-161.00382,-10.37302],[-161.00387,-10.3729],[-161.0039,-10.37286],[-161.00402,-10.37272],[-161.00409,-10.37261],[-161.00412,-10.37257],[-161.00421,-10.37253],[-161.00423,-10.3725],[-161.00431,-10.37239],[-161.00444,-10.37223],[-161.00457,-10.37209],[-161.00464,-10.37202],[-161.00488,-10.37181],[-161.00509,-10.37163],[-161.00523,-10.37152],[-161.00527,-10.37149],[-161.00531,-10.37147],[-161.00535,-10.37146],[-161.0054,-10.37146],[-161.00544,-10.37145],[-161.00566,-10.37133],[-161.00582,-10.37124],[-161.00588,-10.37122],[-161.00594,-10.37118],[-161.006,-10.37112],[-161.00603,-10.37109],[-161.00609,-10.37108],[-161.00615,-10.37107],[-161.0062,-10.37103],[-161.00633,-10.3709],[-161.00637,-10.37087],[-161.00643,-10.37086],[-161.00656,-10.37085],[-161.00665,-10.37081],[-161.00674,-10.37074],[-161.00684,-10.37066],[-161.00697,-10.3706],[-161.0072,-10.37055],[-161.00744,-10.37051],[-161.00765,-10.37048],[-161.00789,-10.37047],[-161.00809,-10.37049],[-161.00847,-10.37055],[-161.00875,-10.37061],[-161.00912,-10.37069],[-161.00936,-10.37075],[-161.00956,-10.37083],[-161.00984,-10.37098],[-161.01013,-10.37111],[-161.01033,-10.37118],[-161.0105,-10.37122],[-161.01064,-10.37128],[-161.01075,-10.37135],[-161.01089,-10.37146],[-161.011,-10.37158],[-161.01117,-10.37174],[-161.01133,-10.37192],[-161.01145,-10.37208],[-161.01164,-10.37237],[-161.01181,-10.37254],[-161.01198,-10.37273],[-161.01214,-10.37296],[-161.01228,-10.37317],[-161.0124,-10.37345],[-161.01248,-10.37374],[-161.01254,-10.37395],[-161.01256,-10.37419],[-161.01255,-10.37444],[-161.01255,-10.37467],[-161.01257,-10.37468],[-161.01257,-10.37469],[-161.01256,-10.37486],[-161.01253,-10.37486],[-161.01253,-10.37487],[-161.01252,-10.37487],[-161.01252,-10.37502],[-161.01252,-10.37515],[-161.01253,-10.37531],[-161.01254,-10.37547],[-161.01255,-10.37557],[-161.01257,-10.37564],[-161.01259,-10.37572],[-161.01262,-10.37586],[-161.01264,-10.376],[-161.01266,-10.37616],[-161.01266,-10.3762],[-161.01265,-10.37623],[-161.01264,-10.37627],[-161.0126,-10.37643],[-161.01258,-10.37646],[-161.01255,-10.37647],[-161.01251,-10.37646],[-161.01249,-10.37643],[-161.01248,-10.37615],[-161.01246,-10.37598],[-161.01244,-10.37586],[-161.01241,-10.37572],[-161.01232,-10.37548],[-161.01228,-10.3753],[-161.01225,-10.37521],[-161.0122,-10.37516],[-161.01214,-10.37515],[-161.01208,-10.37516],[-161.01202,-10.3752],[-161.01181,-10.37546],[-161.01176,-10.37552],[-161.01173,-10.3756],[-161.01159,-10.37613],[-161.01159,-10.37614],[-161.01159,-10.37615],[-161.01162,-10.37618],[-161.01163,-10.3762],[-161.01163,-10.37622],[-161.01162,-10.37623],[-161.0116,-10.37625],[-161.01154,-10.37629],[-161.01153,-10.3763],[-161.01145,-10.37664],[-161.01145,-10.37666],[-161.01146,-10.37667],[-161.0115,-10.37669],[-161.01152,-10.37672],[-161.01152,-10.37675],[-161.01151,-10.37678],[-161.01149,-10.37681],[-161.01146,-10.37684],[-161.0113,-10.37695],[-161.01111,-10.37707],[-161.01108,-10.37709],[-161.01107,-10.3771],[-161.01105,-10.37714],[-161.01104,-10.37716],[-161.01103,-10.37717],[-161.01089,-10.37726],[-161.01086,-10.37728],[-161.01074,-10.37742],[-161.0107,-10.37744],[-161.01065,-10.37745],[-161.01043,-10.37747],[-161.0104,-10.37747],[-161.01035,-10.37746],[-161.01009,-10.37736],[-161.01006,-10.37734],[-161.00998,-10.37725],[-161.00996,-10.37723],[-161.00996,-10.3772],[-161.00997,-10.37698],[-161.00997,-10.37683],[-161.00997,-10.37681],[-161.00997,-10.37678],[-161.01,-10.37666],[-161.01,-10.37664],[-161.01,-10.37662],[-161.00999,-10.3766],[-161.00987,-10.37646],[-161.00986,-10.37644],[-161.00986,-10.37643],[-161.00986,-10.37641],[-161.00987,-10.3764],[-161.00998,-10.37637],[-161.00999,-10.37636],[-161.00999,-10.37635],[-161.00997,-10.37631],[-161.00997,-10.3763],[-161.00996,-10.3763],[-161.00988,-10.37632],[-161.00986,-10.37632],[-161.00984,-10.37632],[-161.00982,-10.3763],[-161.00977,-10.37622],[-161.00972,-10.37614],[-161.00972,-10.37613],[-161.00972,-10.37612],[-161.00976,-10.3761],[-161.00977,-10.3761],[-161.00981,-10.37617],[-161.00982,-10.37618],[-161.00983,-10.37618],[-161.00991,-10.37613],[-161.00991,-10.37612],[-161.0099,-10.3761],[-161.00989,-10.3761],[-161.00986,-10.37611],[-161.0098,-10.37601],[-161.0098,-10.376],[-161.0098,-10.37599],[-161.00986,-10.37595],[-161.00986,-10.37594],[-161.00986,-10.37593],[-161.00985,-10.37591],[-161.00984,-10.37591],[-161.00976,-10.37597],[-161.00975,-10.37597],[-161.0097,-10.37589],[-161.0097,-10.37588],[-161.00971,-10.37587],[-161.00977,-10.37579],[-161.00977,-10.37578],[-161.00977,-10.37577],[-161.00976,-10.37576],[-161.00966,-10.37575],[-161.00964,-10.37574],[-161.00962,-10.37572],[-161.00962,-10.37565],[-161.00961,-10.37563],[-161.00959,-10.37561],[-161.00957,-10.3756],[-161.00953,-10.37561],[-161.00948,-10.37565],[-161.00946,-10.37566],[-161.00945,-10.37565],[-161.00945,-10.37564],[-161.00944,-10.3756],[-161.00943,-10.37558],[-161.00939,-10.37555],[-161.00938,-10.37554],[-161.00938,-10.37553],[-161.00936,-10.37548],[-161.00936,-10.37547],[-161.00932,-10.37544],[-161.00931,-10.37543],[-161.00931,-10.37542],[-161.00934,-10.37539],[-161.00934,-10.37538],[-161.00933,-10.37537],[-161.00929,-10.37534],[-161.00928,-10.37534],[-161.00927,-10.37534],[-161.00921,-10.37543],[-161.0092,-10.37543],[-161.00916,-10.3754],[-161.00913,-10.37537],[-161.00912,-10.37537],[-161.00912,-10.37536],[-161.0092,-10.37525],[-161.00921,-10.37524],[-161.0092,-10.37523],[-161.00912,-10.37517],[-161.00911,-10.37516],[-161.00909,-10.37517],[-161.00902,-10.37524],[-161.009,-10.37525],[-161.00898,-10.37525],[-161.00896,-10.37523],[-161.00893,-10.3752],[-161.00893,-10.37519],[-161.00894,-10.37517],[-161.00895,-10.37517],[-161.00897,-10.37517],[-161.00898,-10.37517],[-161.00902,-10.37511],[-161.00902,-10.37509],[-161.00901,-10.37508],[-161.0089,-10.37499],[-161.00889,-10.37499],[-161.00888,-10.37499],[-161.00881,-10.37507],[-161.0088,-10.37507],[-161.00879,-10.37507],[-161.00875,-10.37503],[-161.00874,-10.37502],[-161.00874,-10.37501],[-161.00878,-10.37492],[-161.00879,-10.3749],[-161.00878,-10.37489],[-161.00873,-10.37486],[-161.0087,-10.37485],[-161.00863,-10.37484],[-161.00861,-10.37484],[-161.00859,-10.37485],[-161.00854,-10.37496],[-161.00851,-10.37497],[-161.0085,-10.37497],[-161.00842,-10.37492],[-161.00841,-10.3749],[-161.00841,-10.37488],[-161.00842,-10.37483],[-161.00843,-10.37479],[-161.00846,-10.37473],[-161.00846,-10.37469],[-161.00844,-10.37467],[-161.00839,-10.37464],[-161.00834,-10.37462],[-161.00831,-10.37461],[-161.00828,-10.37461],[-161.00822,-10.37459],[-161.00815,-10.37457],[-161.00813,-10.37457],[-161.00812,-10.37458],[-161.00809,-10.3746],[-161.00807,-10.37461],[-161.00805,-10.3746],[-161.00804,-10.37459],[-161.00804,-10.37457],[-161.00804,-10.37454],[-161.00803,-10.37453],[-161.00802,-10.37452],[-161.00795,-10.37448],[-161.00793,-10.37448],[-161.00787,-10.37446],[-161.00786,-10.37447],[-161.00783,-10.37448],[-161.00781,-10.37448],[-161.00779,-10.37448],[-161.00777,-10.37447],[-161.00774,-10.37444],[-161.00772,-10.37443],[-161.00758,-10.37438],[-161.00747,-10.37435],[-161.00726,-10.3743],[-161.00725,-10.3743],[-161.00725,-10.37431],[-161.00723,-10.37432],[-161.00722,-10.37432],[-161.00721,-10.37432],[-161.0072,-10.37432],[-161.00719,-10.37431],[-161.00717,-10.37429],[-161.00716,-10.37429],[-161.00704,-10.37427],[-161.00685,-10.37424],[-161.00683,-10.37424],[-161.00682,-10.37425],[-161.00682,-10.37429],[-161.00681,-10.3743],[-161.00679,-10.37432],[-161.00675,-10.37431],[-161.00673,-10.3743],[-161.00671,-10.37428],[-161.00671,-10.37424],[-161.0067,-10.37423],[-161.00669,-10.37422],[-161.00657,-10.3742],[-161.00647,-10.37419],[-161.00623,-10.37419],[-161.00614,-10.37418],[-161.00605,-10.37417],[-161.00602,-10.37418],[-161.00601,-10.37418],[-161.00601,-10.37419],[-161.006,-10.3742],[-161.006,-10.37421],[-161.00599,-10.37421],[-161.00595,-10.37421],[-161.00594,-10.37421],[-161.00594,-10.3742],[-161.00593,-10.37419],[-161.00593,-10.37414],[-161.00592,-10.37413],[-161.00591,-10.37413],[-161.0059,-10.37412],[-161.00584,-10.37412],[-161.00582,-10.37412],[-161.00581,-10.37411],[-161.0058,-10.37411],[-161.00579,-10.37407],[-161.00578,-10.37407],[-161.00574,-10.37407],[-161.00573,-10.37407],[-161.00567,-10.37409],[-161.00566,-10.3741],[-161.00546,-10.37423],[-161.00545,-10.37424],[-161.00545,-10.37426],[-161.0055,-10.37436],[-161.0055,-10.3744],[-161.0055,-10.37443],[-161.00546,-10.37449],[-161.00541,-10.37455],[-161.00539,-10.37459],[-161.00537,-10.37462],[-161.00535,-10.37467],[-161.00531,-10.37472],[-161.00527,-10.37477],[-161.00525,-10.37478],[-161.00524,-10.37478],[-161.00521,-10.37478],[-161.0052,-10.37478],[-161.00518,-10.37479],[-161.00518,-10.3748],[-161.00519,-10.37481],[-161.0052,-10.37483],[-161.00522,-10.37485],[-161.00522,-10.37486],[-161.00518,-10.37492],[-161.00514,-10.37497],[-161.00513,-10.37497],[-161.00511,-10.37497],[-161.00505,-10.37492],[-161.00502,-10.37492],[-161.00499,-10.37493],[-161.00493,-10.375],[-161.00488,-10.37508],[-161.00487,-10.37509],[-161.00488,-10.37509],[-161.00495,-10.37514],[-161.00495,-10.37515],[-161.00495,-10.37516],[-161.00489,-10.37524],[-161.00488,-10.37525],[-161.00487,-10.37525],[-161.00481,-10.37521],[-161.00479,-10.3752],[-161.00477,-10.37521],[-161.00467,-10.37535],[-161.00466,-10.37536],[-161.00467,-10.37537],[-161.00472,-10.3754],[-161.00472,-10.37541],[-161.00472,-10.37542],[-161.0047,-10.37546],[-161.00468,-10.37547],[-161.00466,-10.37548],[-161.00461,-10.37549],[-161.00459,-10.37549],[-161.00458,-10.3755],[-161.00444,-10.37571],[-161.00443,-10.37573],[-161.00441,-10.37574],[-161.00437,-10.37576],[-161.00436,-10.37577],[-161.00435,-10.37578],[-161.00433,-10.37585],[-161.00431,-10.37591],[-161.0043,-10.37594],[-161.0043,-10.37597],[-161.00429,-10.37599],[-161.00422,-10.37609],[-161.00412,-10.37619],[-161.00411,-10.37622],[-161.0041,-10.37624],[-161.0041,-10.37628],[-161.00409,-10.3763],[-161.00401,-10.37638],[-161.00395,-10.37645],[-161.00393,-10.37649],[-161.00384,-10.37664],[-161.00375,-10.37679],[-161.00368,-10.37693],[-161.00368,-10.37694],[-161.00369,-10.37695],[-161.00377,-10.377],[-161.00377,-10.37701],[-161.00377,-10.37702],[-161.00374,-10.37707],[-161.00374,-10.37708],[-161.00376,-10.37709],[-161.00374,-10.37713],[-161.00373,-10.37713],[-161.00366,-10.37709],[-161.00365,-10.37708],[-161.00366,-10.37707],[-161.00365,-10.37706],[-161.00358,-10.37706],[-161.00357,-10.37706],[-161.00351,-10.37712],[-161.00342,-10.37727],[-161.00337,-10.37737],[-161.00335,-10.37745],[-161.00335,-10.37746],[-161.00335,-10.37748],[-161.00338,-10.37749],[-161.00338,-10.3775],[-161.00338,-10.37751],[-161.00335,-10.37758],[-161.00332,-10.37768],[-161.00331,-10.37772],[-161.00331,-10.37778],[-161.00331,-10.37779],[-161.00332,-10.37779],[-161.00337,-10.37781],[-161.00338,-10.37782],[-161.00338,-10.37783],[-161.00338,-10.37784],[-161.00337,-10.37784],[-161.00332,-10.37785],[-161.00331,-10.37786],[-161.00331,-10.37787],[-161.00328,-10.37795],[-161.00328,-10.37798],[-161.00327,-10.37803],[-161.00327,-10.37809],[-161.00328,-10.37813],[-161.00334,-10.37819],[-161.00334,-10.37821],[-161.00334,-10.37822],[-161.00332,-10.37823],[-161.00326,-10.37826],[-161.00319,-10.37832],[-161.00313,-10.37839],[-161.00307,-10.37847],[-161.00305,-10.37852],[-161.00305,-10.37858],[-161.00306,-10.37866],[-161.00307,-10.37869],[-161.00306,-10.37872],[-161.00295,-10.37883],[-161.00284,-10.37893],[-161.00271,-10.37902],[-161.00265,-10.37909],[-161.00253,-10.37924],[-161.00236,-10.37952],[-161.00232,-10.3796],[-161.00229,-10.37967],[-161.00228,-10.37975],[-161.00227,-10.37982],[-161.00226,-10.37991],[-161.00216,-10.38003],[-161.00214,-10.38004],[-161.00212,-10.38003],[-161.00208,-10.38002],[-161.00205,-10.38002],[-161.00203,-10.38003],[-161.00199,-10.38009],[-161.00198,-10.38011],[-161.00198,-10.38013],[-161.00204,-10.38018],[-161.00205,-10.38019],[-161.00205,-10.3802],[-161.00202,-10.38033],[-161.00202,-10.38035],[-161.00197,-10.38042],[-161.00187,-10.38055],[-161.00174,-10.38067],[-161.00162,-10.38077],[-161.00149,-10.38089],[-161.00148,-10.38091],[-161.00148,-10.38092],[-161.0015,-10.38095],[-161.00151,-10.38096],[-161.0015,-10.38096],[-161.00147,-10.381],[-161.00146,-10.38101],[-161.00145,-10.38101],[-161.00141,-10.38098],[-161.0014,-10.38098],[-161.0014,-10.38099],[-161.0013,-10.38107],[-161.00129,-10.38109],[-161.00129,-10.38111],[-161.00136,-10.38118],[-161.00137,-10.38118],[-161.00139,-10.38117],[-161.00142,-10.3811],[-161.00143,-10.38109],[-161.00145,-10.38108],[-161.00146,-10.38109],[-161.00149,-10.38111],[-161.00151,-10.38114],[-161.00151,-10.38116],[-161.00151,-10.38118],[-161.0014,-10.38132],[-161.00139,-10.38132],[-161.00138,-10.38132],[-161.0013,-10.38124],[-161.00128,-10.38122],[-161.00125,-10.38115],[-161.00123,-10.38114],[-161.00122,-10.38114],[-161.00104,-10.38131],[-161.00084,-10.38151],[-161.00065,-10.38169],[-161.00056,-10.38186],[-161.00055,-10.38187],[-161.00053,-10.38187],[-161.00046,-10.38185],[-161.00045,-10.38185],[-161.00044,-10.38185],[-161.00042,-10.3819],[-161.00042,-10.38191],[-161.00043,-10.38192],[-161.00052,-10.38198],[-161.00055,-10.382],[-161.00055,-10.38202],[-161.00055,-10.38203],[-161.00054,-10.38204],[-161.00052,-10.38204],[-161.00041,-10.382],[-161.00038,-10.382],[-161.00037,-10.38201],[-161.00029,-10.38214],[-161.00026,-10.38226],[-161.00023,-10.38237],[-161.00022,-10.38249],[-161.00019,-10.38258],[-161.00016,-10.38268],[-161.00011,-10.3828],[-161.00009,-10.38282],[-161.00006,-10.38284],[-161.00004,-10.38285],[-161.00003,-10.38286],[-161.00002,-10.3829],[-161.00002,-10.38291],[-161.00003,-10.38292],[-161.00009,-10.38296],[-161.00009,-10.38298],[-161.00009,-10.38299],[-161.00008,-10.38299],[-161.00001,-10.38302],[-160.99999,-10.38304],[-160.99998,-10.38308],[-160.99993,-10.38322],[-160.99993,-10.38323],[-160.99994,-10.38324],[-160.99996,-10.38326],[-160.99996,-10.38327],[-160.99997,-10.38328],[-160.99996,-10.38332],[-160.99996,-10.38333],[-160.99994,-10.38335],[-160.99993,-10.38336],[-160.99984,-10.38332],[-160.99981,-10.38332],[-160.99979,-10.38333],[-160.99976,-10.3834],[-160.99974,-10.38346],[-160.99971,-10.38354],[-160.9997,-10.38356],[-160.99969,-10.38358],[-160.99965,-10.38365],[-160.99964,-10.38366],[-160.99965,-10.38368],[-160.9997,-10.38373],[-160.9997,-10.38374],[-160.99969,-10.38377],[-160.99968,-10.38378],[-160.9996,-10.38375],[-160.99959,-10.38375],[-160.99958,-10.38376],[-160.99945,-10.38387],[-160.99937,-10.38396],[-160.99931,-10.38404],[-160.99923,-10.38416],[-160.99914,-10.3843],[-160.9991,-10.38436],[-160.99906,-10.38441],[-160.99899,-10.38448],[-160.99895,-10.38454],[-160.99891,-10.38461],[-160.99889,-10.3847],[-160.99889,-10.38479],[-160.99891,-10.38491],[-160.99893,-10.38503],[-160.99893,-10.38513],[-160.99892,-10.38519],[-160.9989,-10.38529],[-160.99883,-10.38546],[-160.9987,-10.38566],[-160.99864,-10.3857],[-160.99856,-10.38575],[-160.99848,-10.38581],[-160.99845,-10.38585],[-160.99844,-10.3859],[-160.9984,-10.38608],[-160.99836,-10.38615],[-160.99832,-10.38621],[-160.99816,-10.38635],[-160.99802,-10.38644],[-160.99795,-10.3865],[-160.9979,-10.38656],[-160.99786,-10.38664],[-160.99781,-10.38678],[-160.99777,-10.38688],[-160.99771,-10.38701],[-160.9976,-10.38719],[-160.99753,-10.38729],[-160.99744,-10.38742],[-160.99736,-10.38754],[-160.99731,-10.38764],[-160.99727,-10.38773],[-160.99723,-10.38782],[-160.99719,-10.38788],[-160.99712,-10.38794],[-160.99703,-10.38802],[-160.99698,-10.3881],[-160.99691,-10.38821],[-160.99687,-10.38828],[-160.99683,-10.38835],[-160.99672,-10.38851],[-160.99665,-10.38861],[-160.99653,-10.38878],[-160.99645,-10.38891],[-160.9964,-10.389],[-160.99634,-10.38912],[-160.9963,-10.38922],[-160.99624,-10.38934],[-160.99621,-10.38939],[-160.99617,-10.38944],[-160.99612,-10.38948],[-160.99606,-10.38956],[-160.99595,-10.38969],[-160.99586,-10.38982],[-160.99566,-10.39008],[-160.99557,-10.39018],[-160.99549,-10.39024],[-160.99535,-10.39035],[-160.9953,-10.3904],[-160.99526,-10.39046],[-160.9952,-10.39058],[-160.99517,-10.39061],[-160.99513,-10.39064],[-160.99503,-10.3907],[-160.99499,-10.39072],[-160.99496,-10.39077],[-160.99494,-10.39082],[-160.99484,-10.39122],[-160.99475,-10.39145],[-160.99465,-10.39163],[-160.99464,-10.39167],[-160.99463,-10.39171],[-160.99464,-10.39186],[-160.99462,-10.39191],[-160.9946,-10.39195],[-160.99448,-10.39209],[-160.99428,-10.3923],[-160.99421,-10.39239],[-160.99409,-10.39256],[-160.99394,-10.39272],[-160.99381,-10.39284],[-160.99375,-10.39291],[-160.99369,-10.39298],[-160.99366,-10.39304],[-160.99362,-10.39313],[-160.99352,-10.39332],[-160.99349,-10.39336],[-160.99345,-10.39339],[-160.99331,-10.39347],[-160.99327,-10.39352],[-160.99317,-10.39366],[-160.99313,-10.39369],[-160.9931,-10.39371],[-160.99287,-10.39377],[-160.9928,-10.39379],[-160.99276,-10.39382],[-160.99272,-10.39386],[-160.99262,-10.39412],[-160.99259,-10.39421],[-160.99259,-10.39424],[-160.99261,-10.39428],[-160.99262,-10.39432],[-160.99262,-10.39435],[-160.99259,-10.39438],[-160.99256,-10.39441],[-160.99245,-10.39455],[-160.99239,-10.39462],[-160.99237,-10.39465],[-160.99236,-10.39469],[-160.99234,-10.39493],[-160.99232,-10.39498],[-160.9923,-10.39502],[-160.99225,-10.39505],[-160.99214,-10.3951],[-160.9921,-10.39513],[-160.99207,-10.39516],[-160.9919,-10.3955],[-160.99187,-10.39558],[-160.99178,-10.39582],[-160.99177,-10.39587],[-160.99174,-10.39592],[-160.99171,-10.39595],[-160.9915,-10.39611],[-160.99142,-10.39618],[-160.99136,-10.39624],[-160.99103,-10.39662],[-160.99086,-10.3968],[-160.99076,-10.39694],[-160.9907,-10.39709],[-160.99066,-10.39725],[-160.99062,-10.3975],[-160.99062,-10.39752],[-160.9906,-10.39753],[-160.99053,-10.39757],[-160.9905,-10.3976],[-160.99049,-10.39764],[-160.99051,-10.39784],[-160.9905,-10.39791],[-160.99048,-10.39797],[-160.99042,-10.39803],[-160.99034,-10.39807],[-160.99023,-10.39816],[-160.99006,-10.39829],[-160.98998,-10.39835],[-160.98991,-10.39843],[-160.98987,-10.39852],[-160.98981,-10.39865],[-160.98977,-10.3987],[-160.9897,-10.39874],[-160.98955,-10.39882],[-160.98945,-10.39887],[-160.98936,-10.39894],[-160.98928,-10.39904],[-160.98919,-10.39917],[-160.9891,-10.39931],[-160.98905,-10.3994],[-160.98901,-10.39944],[-160.98896,-10.39946],[-160.98888,-10.39948],[-160.98885,-10.39952],[-160.98883,-10.39956],[-160.98878,-10.3997],[-160.98875,-10.39977],[-160.98871,-10.39983],[-160.98856,-10.40003],[-160.98851,-10.40008],[-160.98845,-10.40011],[-160.9883,-10.40024],[-160.98825,-10.40028],[-160.98821,-10.40033],[-160.98809,-10.40055],[-160.98809,-10.40058],[-160.98809,-10.40062],[-160.98811,-10.40066],[-160.98811,-10.40068],[-160.9881,-10.40071],[-160.98803,-10.40077],[-160.98798,-10.40085],[-160.98794,-10.40097],[-160.98789,-10.40109],[-160.98787,-10.40112],[-160.98785,-10.40114],[-160.98774,-10.40122],[-160.98759,-10.40132],[-160.98757,-10.40135],[-160.98754,-10.4014],[-160.98745,-10.40156],[-160.98734,-10.40171],[-160.98723,-10.40181],[-160.98719,-10.40185],[-160.98716,-10.40189],[-160.98716,-10.40196],[-160.98715,-10.402],[-160.98713,-10.40204],[-160.98701,-10.40212],[-160.98697,-10.40216],[-160.98693,-10.40221],[-160.98682,-10.40235],[-160.98674,-10.4024],[-160.98663,-10.40246],[-160.98647,-10.40253],[-160.98639,-10.4026],[-160.98635,-10.40267],[-160.98633,-10.40274],[-160.9863,-10.40281],[-160.98627,-10.40287],[-160.98623,-10.40295],[-160.98609,-10.40311],[-160.98581,-10.40346],[-160.98551,-10.40381],[-160.98515,-10.40412],[-160.98485,-10.40439],[-160.98474,-10.4045],[-160.98469,-10.40459],[-160.98463,-10.40469],[-160.9846,-10.40473],[-160.98452,-10.4048],[-160.98443,-10.40491],[-160.98424,-10.40512],[-160.98403,-10.40531],[-160.98396,-10.40539],[-160.98389,-10.40551],[-160.9837,-10.40573],[-160.98361,-10.40586],[-160.98356,-10.40591],[-160.98339,-10.40605],[-160.98335,-10.4061],[-160.98324,-10.40623],[-160.9832,-10.40629],[-160.98306,-10.40651],[-160.98302,-10.40656],[-160.98283,-10.40676],[-160.98278,-10.40681],[-160.98274,-10.40688],[-160.98266,-10.40704],[-160.98263,-10.40709],[-160.98259,-10.40713],[-160.98238,-10.40729],[-160.98233,-10.40735],[-160.98227,-10.40743],[-160.98208,-10.40761],[-160.98196,-10.40773],[-160.9818,-10.40788],[-160.98153,-10.40811],[-160.98132,-10.40829],[-160.98113,-10.40842],[-160.98097,-10.40851],[-160.98087,-10.4086],[-160.98079,-10.40868],[-160.9807,-10.40877],[-160.98063,-10.40884],[-160.9805,-10.409],[-160.98035,-10.40919],[-160.9803,-10.40927],[-160.98024,-10.40939],[-160.98013,-10.4096],[-160.98007,-10.40967],[-160.97994,-10.40979],[-160.97976,-10.40995],[-160.97957,-10.41007],[-160.9795,-10.41014],[-160.97939,-10.4103],[-160.97929,-10.41045],[-160.97922,-10.41052],[-160.97915,-10.41057],[-160.97905,-10.4106],[-160.9788,-10.41071],[-160.97869,-10.41076],[-160.97861,-10.41079],[-160.97853,-10.41086],[-160.97833,-10.41108],[-160.97823,-10.4112],[-160.97801,-10.41142],[-160.97778,-10.41166],[-160.97751,-10.41194],[-160.97721,-10.41219],[-160.97689,-10.41247],[-160.97672,-10.41266],[-160.9765,-10.41292],[-160.97625,-10.41316],[-160.97609,-10.41335],[-160.97603,-10.41345],[-160.97597,-10.41353],[-160.97589,-10.41359],[-160.9758,-10.41363],[-160.97565,-10.41371],[-160.97552,-10.41381],[-160.97535,-10.41396],[-160.97504,-10.41427],[-160.97483,-10.41446],[-160.97465,-10.41464],[-160.97448,-10.41477],[-160.97431,-10.41485],[-160.97395,-10.41502],[-160.97379,-10.41511],[-160.9736,-10.41525],[-160.97337,-10.41542],[-160.97314,-10.41565],[-160.9729,-10.41589],[-160.9728,-10.41596],[-160.97263,-10.41608],[-160.97247,-10.41622],[-160.97229,-10.41641],[-160.97219,-10.41648],[-160.97191,-10.41668],[-160.97162,-10.41694],[-160.97154,-10.41699],[-160.97138,-10.4171],[-160.97113,-10.41729],[-160.97098,-10.41737],[-160.97085,-10.41745],[-160.97072,-10.41754],[-160.9705,-10.41768],[-160.9703,-10.41783],[-160.97006,-10.41802],[-160.96978,-10.41826],[-160.96946,-10.41848],[-160.96913,-10.41869],[-160.96885,-10.41888],[-160.96864,-10.41899],[-160.96839,-10.41912],[-160.9682,-10.41923],[-160.96815,-10.41928],[-160.96806,-10.41938],[-160.96798,-10.41942],[-160.9677,-10.41952],[-160.96766,-10.41954],[-160.96758,-10.41964],[-160.96753,-10.41968],[-160.96728,-10.41985],[-160.96715,-10.41995],[-160.96693,-10.42013],[-160.96671,-10.42026],[-160.96663,-10.42031],[-160.96639,-10.4205],[-160.96612,-10.42071],[-160.96581,-10.42094],[-160.96549,-10.42118],[-160.96518,-10.42139],[-160.96488,-10.42156],[-160.96469,-10.42167],[-160.96453,-10.42176],[-160.96445,-10.42184],[-160.96439,-10.42187],[-160.9643,-10.4219],[-160.9641,-10.42196],[-160.96391,-10.42207],[-160.96366,-10.4222],[-160.96348,-10.4223],[-160.96346,-10.42231],[-160.96344,-10.42234],[-160.9634,-10.42241],[-160.96337,-10.42244],[-160.96334,-10.42247],[-160.96314,-10.42258],[-160.96304,-10.42266],[-160.96283,-10.42281],[-160.96266,-10.42295],[-160.96255,-10.42307],[-160.96246,-10.42315],[-160.96232,-10.42323],[-160.96206,-10.42337],[-160.96194,-10.42344],[-160.96171,-10.42358],[-160.96144,-10.42377],[-160.96113,-10.42399],[-160.9608,-10.42418],[-160.96078,-10.42421],[-160.96078,-10.42423],[-160.96078,-10.42427],[-160.96077,-10.4243],[-160.96075,-10.42433],[-160.96056,-10.42445],[-160.9604,-10.42453],[-160.96013,-10.42466],[-160.96011,-10.42467],[-160.9601,-10.42469],[-160.9601,-10.42477],[-160.9601,-10.42481],[-160.96008,-10.42484],[-160.95988,-10.42501],[-160.95968,-10.42517],[-160.95948,-10.4253],[-160.95923,-10.42549],[-160.95889,-10.42572],[-160.95864,-10.4259],[-160.95829,-10.42618],[-160.95823,-10.42625],[-160.95811,-10.4264],[-160.95805,-10.42647],[-160.95796,-10.42652],[-160.95778,-10.42662],[-160.95773,-10.42665],[-160.95771,-10.42668],[-160.95762,-10.42683],[-160.95754,-10.42691],[-160.95741,-10.42704],[-160.95721,-10.4272],[-160.95706,-10.42732],[-160.957,-10.42738],[-160.9568,-10.42765],[-160.95674,-10.42775],[-160.95668,-10.42786],[-160.95661,-10.42801],[-160.95658,-10.42807],[-160.95656,-10.42816],[-160.95653,-10.42836],[-160.95648,-10.42863],[-160.95643,-10.4289],[-160.95643,-10.42898],[-160.95643,-10.42923],[-160.95643,-10.42937],[-160.95641,-10.42966],[-160.95643,-10.43],[-160.95643,-10.43011],[-160.95641,-10.43018],[-160.95636,-10.43026],[-160.95632,-10.43033],[-160.95628,-10.43042],[-160.95625,-10.43052],[-160.95623,-10.43064],[-160.95624,-10.43076],[-160.95627,-10.43089],[-160.95629,-10.43102],[-160.95628,-10.43128],[-160.95625,-10.43147],[-160.95622,-10.43167],[-160.95618,-10.43188],[-160.95617,-10.4321],[-160.95615,-10.43236],[-160.95614,-10.43255],[-160.95611,-10.43272],[-160.95609,-10.43281],[-160.95607,-10.43287],[-160.95607,-10.43292],[-160.95611,-10.43309],[-160.95614,-10.43316],[-160.95615,-10.43325],[-160.95615,-10.43328],[-160.95613,-10.4333],[-160.95606,-10.43334],[-160.95595,-10.43336],[-160.95593,-10.43336],[-160.9559,-10.43334],[-160.9559,-10.43331],[-160.9559,-10.43328],[-160.95593,-10.4332],[-160.95593,-10.43315],[-160.95593,-10.43309],[-160.95592,-10.43302],[-160.95589,-10.43294],[-160.95586,-10.43288],[-160.95578,-10.43277],[-160.95568,-10.43269],[-160.9556,-10.43266],[-160.95542,-10.43266],[-160.95515,-10.43265],[-160.95491,-10.43266],[-160.95459,-10.4327],[-160.95457,-10.4327],[-160.95456,-10.43272],[-160.95455,-10.43277],[-160.95454,-10.43279],[-160.95452,-10.4328],[-160.95442,-10.43279],[-160.95437,-10.43277],[-160.95435,-10.43272],[-160.95435,-10.43267],[-160.95437,-10.43262],[-160.95447,-10.43249],[-160.95449,-10.43247],[-160.95449,-10.43243],[-160.95448,-10.43241],[-160.95439,-10.43232],[-160.95437,-10.43228],[-160.95438,-10.43224],[-160.95439,-10.43221],[-160.95444,-10.43218],[-160.95446,-10.43214],[-160.95446,-10.43211],[-160.95446,-10.43193],[-160.95446,-10.43189],[-160.95448,-10.43186],[-160.95451,-10.43184],[-160.95459,-10.43182],[-160.95461,-10.4318],[-160.95462,-10.43178],[-160.95461,-10.43176],[-160.9545,-10.43168],[-160.95448,-10.43166],[-160.95446,-10.43164],[-160.95445,-10.43159],[-160.95447,-10.43143],[-160.95448,-10.43135],[-160.95451,-10.43128],[-160.95451,-10.43122],[-160.95448,-10.43116],[-160.95432,-10.43105],[-160.95428,-10.43101],[-160.95426,-10.43096],[-160.95425,-10.43089],[-160.95434,-10.43061],[-160.9544,-10.43039],[-160.95445,-10.43023],[-160.95446,-10.43017],[-160.95446,-10.43013],[-160.95444,-10.43008],[-160.95439,-10.42997],[-160.95438,-10.42991],[-160.95439,-10.42982],[-160.95444,-10.42963],[-160.95447,-10.4294],[-160.95449,-10.42923],[-160.95449,-10.42917],[-160.95448,-10.42913],[-160.95444,-10.42902],[-160.95443,-10.42898],[-160.95443,-10.42895],[-160.95444,-10.42888],[-160.95444,-10.42885],[-160.95444,-10.42883],[-160.95442,-10.42873],[-160.9544,-10.42859],[-160.95437,-10.42847],[-160.95437,-10.42841],[-160.95439,-10.42837],[-160.95441,-10.42829],[-160.95441,-10.42824],[-160.9544,-10.42815],[-160.95437,-10.42805],[-160.95436,-10.42803],[-160.95436,-10.428],[-160.95438,-10.42778],[-160.95439,-10.42765],[-160.95439,-10.42764],[-160.95441,-10.42763],[-160.95443,-10.42761],[-160.95444,-10.4276],[-160.95445,-10.42758],[-160.95448,-10.42744],[-160.95449,-10.42741],[-160.95451,-10.42739],[-160.95454,-10.42737],[-160.95455,-10.42734],[-160.95459,-10.42716],[-160.95467,-10.42691],[-160.95473,-10.42671],[-160.9548,-10.42649],[-160.95488,-10.42631],[-160.95497,-10.42612],[-160.95503,-10.42601],[-160.95509,-10.42593],[-160.95517,-10.42585],[-160.9553,-10.42571],[-160.9554,-10.42561],[-160.95558,-10.4254],[-160.95574,-10.42524],[-160.95586,-10.42514],[-160.95607,-10.42499],[-160.95633,-10.42476],[-160.95648,-10.42462],[-160.95662,-10.4245],[-160.95672,-10.42442],[-160.9568,-10.42439],[-160.95692,-10.42435],[-160.95705,-10.42429],[-160.95715,-10.42423],[-160.9573,-10.4241],[-160.9575,-10.42395],[-160.95779,-10.42368],[-160.95797,-10.42354],[-160.95819,-10.42339],[-160.95832,-10.42331],[-160.95845,-10.42321],[-160.95868,-10.42302],[-160.95872,-10.42301],[-160.95879,-10.42302],[-160.95884,-10.42302],[-160.95889,-10.423],[-160.95895,-10.42291],[-160.95899,-10.42287],[-160.95918,-10.4227],[-160.95949,-10.42246],[-160.95976,-10.42227],[-160.96006,-10.42205],[-160.96048,-10.42177],[-160.96079,-10.42155],[-160.96113,-10.42131],[-160.96131,-10.42119],[-160.96148,-10.42107],[-160.96164,-10.42095],[-160.96194,-10.42077],[-160.96244,-10.42046],[-160.96287,-10.4202],[-160.9633,-10.41995],[-160.9637,-10.4197],[-160.96397,-10.41952],[-160.96426,-10.4193],[-160.96491,-10.41888],[-160.96555,-10.41847],[-160.96607,-10.41813],[-160.96669,-10.41769],[-160.96713,-10.41737],[-160.96776,-10.41698],[-160.96845,-10.41651],[-160.96915,-10.41606],[-160.96919,-10.41602],[-160.96925,-10.41593],[-160.96929,-10.4159],[-160.96943,-10.41579],[-160.96986,-10.41548],[-160.9703,-10.41515],[-160.97074,-10.41484],[-160.9711,-10.41456],[-160.97141,-10.41432],[-160.97177,-10.41405],[-160.97226,-10.41367],[-160.97256,-10.41348],[-160.97287,-10.41326],[-160.97322,-10.41295],[-160.97378,-10.41245],[-160.9743,-10.41201],[-160.97464,-10.41175],[-160.97492,-10.41151],[-160.97526,-10.41119],[-160.97559,-10.41094],[-160.97588,-10.41066],[-160.97613,-10.41046],[-160.97648,-10.41019],[-160.97677,-10.40995],[-160.97714,-10.40963],[-160.97739,-10.40941],[-160.97773,-10.4091],[-160.97809,-10.40875],[-160.9784,-10.40845],[-160.97875,-10.40809],[-160.97898,-10.40787],[-160.97922,-10.40766],[-160.97953,-10.40736],[-160.97983,-10.40707],[-160.98009,-10.40679],[-160.98039,-10.40646],[-160.98069,-10.40615],[-160.98099,-10.40588],[-160.98131,-10.40557],[-160.9816,-10.40526],[-160.98187,-10.40499],[-160.98206,-10.40477],[-160.98218,-10.4046],[-160.98242,-10.40434],[-160.98259,-10.40416],[-160.98306,-10.40363],[-160.98327,-10.40339],[-160.9836,-10.40302],[-160.98387,-10.4027],[-160.98404,-10.40247],[-160.98425,-10.40218],[-160.98446,-10.40191],[-160.98462,-10.40173],[-160.98475,-10.40158],[-160.98499,-10.40126],[-160.98526,-10.40092],[-160.98558,-10.40055],[-160.98585,-10.40026],[-160.98606,-10.39999],[-160.98625,-10.3997],[-160.98655,-10.39934],[-160.9868,-10.399],[-160.98706,-10.39866],[-160.98731,-10.39832],[-160.9875,-10.39804],[-160.98773,-10.39771],[-160.98795,-10.39739],[-160.98819,-10.39711],[-160.98842,-10.3968],[-160.98866,-10.39648],[-160.98895,-10.39607],[-160.9891,-10.39585],[-160.98928,-10.39562],[-160.98952,-10.3953],[-160.98971,-10.39504],[-160.98987,-10.39478],[-160.98994,-10.3947],[-160.99002,-10.39463],[-160.99007,-10.39454],[-160.99014,-10.39439],[-160.99017,-10.39434],[-160.99024,-10.39426],[-160.99032,-10.39414],[-160.99045,-10.39392],[-160.9907,-10.39359],[-160.99076,-10.39352],[-160.99082,-10.39342],[-160.99103,-10.39319],[-160.99124,-10.39293],[-160.99129,-10.39288],[-160.99134,-10.39284],[-160.99144,-10.39279],[-160.99148,-10.39275],[-160.99149,-10.39271],[-160.9915,-10.39267],[-160.99149,-10.39264],[-160.99151,-10.3926],[-160.99154,-10.39256],[-160.99158,-10.39253],[-160.9917,-10.39234],[-160.99174,-10.39228],[-160.99176,-10.39221],[-160.99178,-10.39209],[-160.99181,-10.39202],[-160.99185,-10.39197],[-160.99203,-10.39174],[-160.99232,-10.39134],[-160.99237,-10.3913],[-160.99245,-10.39123],[-160.99248,-10.39117],[-160.99251,-10.39109],[-160.99254,-10.39102],[-160.99256,-10.39098],[-160.99264,-10.39088],[-160.99271,-10.39078],[-160.99275,-10.39066],[-160.99281,-10.39052],[-160.99304,-10.39016],[-160.99332,-10.38977],[-160.99353,-10.38944],[-160.99365,-10.38928],[-160.99371,-10.3892],[-160.99385,-10.38904],[-160.994,-10.3889],[-160.99405,-10.38884],[-160.99407,-10.38879],[-160.99409,-10.38874],[-160.99411,-10.38866],[-160.99412,-10.38859],[-160.99415,-10.38853],[-160.99437,-10.38817],[-160.99463,-10.38781],[-160.99486,-10.38745],[-160.99507,-10.38708],[-160.9953,-10.38676],[-160.9954,-10.38659],[-160.99549,-10.38644],[-160.99557,-10.38628],[-160.99562,-10.38618],[-160.99565,-10.38613],[-160.99586,-10.38585],[-160.99598,-10.38567],[-160.99604,-10.38552],[-160.99608,-10.3854],[-160.99612,-10.38533],[-160.99617,-10.38527],[-160.99625,-10.38519],[-160.99631,-10.38511],[-160.9964,-10.38498],[-160.99654,-10.38473],[-160.99678,-10.38429],[-160.99696,-10.38397],[-160.99706,-10.38378],[-160.99715,-10.38365],[-160.99733,-10.38342],[-160.99756,-10.38309],[-160.99773,-10.38283],[-160.99792,-10.38254],[-160.998,-10.38241],[-160.99815,-10.38211],[-160.99823,-10.38194],[-160.99827,-10.38184],[-160.99841,-10.38162],[-160.99852,-10.38144],[-160.99855,-10.38135],[-160.9986,-10.3812],[-160.99867,-10.38108],[-160.99876,-10.38097],[-160.99885,-10.38086],[-160.99904,-10.38068],[-160.99913,-10.38056]]],[[[-161.02438,-10.39647],[-161.02377,-10.39565],[-161.02333,-10.39491],[-161.02268,-10.39402],[-161.02298,-10.39353],[-161.02314,-10.39333],[-161.0236,-10.39327],[-161.02428,-10.39368],[-161.0247,-10.39374],[-161.02535,-10.3942],[-161.02557,-10.39445],[-161.02576,-10.39475],[-161.02619,-10.39521],[-161.02663,-10.39615],[-161.0267,-10.39693],[-161.02668,-10.39793],[-161.02643,-10.39836],[-161.02616,-10.3987],[-161.02598,-10.39892],[-161.02564,-10.39899],[-161.02538,-10.39884],[-161.02493,-10.39726],[-161.02438,-10.39647]]],[[[-160.97187,-10.4543],[-160.97188,-10.45423],[-160.97189,-10.45416],[-160.97193,-10.4541],[-160.97197,-10.45401],[-160.97221,-10.454],[-160.97232,-10.4541],[-160.97242,-10.45416],[-160.97253,-10.45411],[-160.97278,-10.45403],[-160.97274,-10.45379],[-160.97269,-10.45329],[-160.97275,-10.45313],[-160.97267,-10.45275],[-160.97263,-10.45223],[-160.97257,-10.45214],[-160.97266,-10.45192],[-160.9728,-10.45207],[-160.97295,-10.45277],[-160.97296,-10.45297],[-160.97316,-10.45352],[-160.97349,-10.45395],[-160.97358,-10.4543],[-160.97265,-10.45442],[-160.97239,-10.45433],[-160.97213,-10.4543],[-160.97187,-10.4543]]],[[[-160.95522,-10.44652],[-160.95508,-10.44653],[-160.95482,-10.44655],[-160.95458,-10.44637],[-160.95442,-10.44614],[-160.95408,-10.44571],[-160.95399,-10.44548],[-160.95398,-10.44516],[-160.95412,-10.44463],[-160.95398,-10.44397],[-160.95378,-10.44312],[-160.95392,-10.44276],[-160.9543,-10.44225],[-160.95455,-10.44147],[-160.95465,-10.4407],[-160.95455,-10.44042],[-160.95438,-10.44003],[-160.9544,-10.43973],[-160.95446,-10.43944],[-160.95452,-10.43903],[-160.95466,-10.43891],[-160.9548,-10.4389],[-160.95497,-10.43899],[-160.95571,-10.43902],[-160.95601,-10.43929],[-160.95604,-10.43969],[-160.95612,-10.44028],[-160.95639,-10.44105],[-160.95721,-10.44228],[-160.95763,-10.44258],[-160.95852,-10.44376],[-160.95863,-10.44424],[-160.95866,-10.44459],[-160.95838,-10.44488],[-160.95769,-10.44488],[-160.95732,-10.44515],[-160.95697,-10.44552],[-160.95664,-10.44552],[-160.95644,-10.44542],[-160.95627,-10.4453],[-160.95611,-10.44536],[-160.95598,-10.44565],[-160.95591,-10.44598],[-160.95585,-10.44628],[-160.9557,-10.44646],[-160.9553,-10.4465],[-160.95522,-10.44652]]],[[[-160.97379,-10.45354],[-160.97368,-10.453],[-160.97349,-10.45269],[-160.97339,-10.45206],[-160.97362,-10.45256],[-160.97394,-10.45326],[-160.9741,-10.45369],[-160.97419,-10.45414],[-160.97406,-10.45424],[-160.97383,-10.4542],[-160.97376,-10.4541],[-160.97381,-10.45388],[-160.97379,-10.4538],[-160.97379,-10.45354]]],[[[-161.0117,-10.44961],[-161.01162,-10.4497],[-161.01152,-10.44976],[-161.01114,-10.44955],[-161.01083,-10.44918],[-161.01117,-10.44898],[-161.01143,-10.44898],[-161.01176,-10.44925],[-161.01185,-10.44943],[-161.0117,-10.44961]]],[[[-161.01449,-10.45063],[-161.01418,-10.45104],[-161.01404,-10.45146],[-161.01297,-10.45134],[-161.01233,-10.4509],[-161.01198,-10.44999],[-161.01225,-10.44918],[-161.01295,-10.44915],[-161.01329,-10.44939],[-161.01385,-10.44998],[-161.014,-10.45017],[-161.01449,-10.45063]]],[[[-161.01829,-10.44805],[-161.01848,-10.44783],[-161.01815,-10.44731],[-161.01796,-10.44697],[-161.01797,-10.44688],[-161.01814,-10.44687],[-161.01831,-10.44698],[-161.01841,-10.44731],[-161.01882,-10.44767],[-161.01881,-10.44741],[-161.01856,-10.44698],[-161.01814,-10.44654],[-161.01832,-10.44633],[-161.01846,-10.44648],[-161.01855,-10.44658],[-161.01869,-10.44675],[-161.01882,-10.44693],[-161.01909,-10.44722],[-161.01945,-10.44705],[-161.01852,-10.44599],[-161.01863,-10.44593],[-161.01866,-10.44602],[-161.01925,-10.44638],[-161.01985,-10.44708],[-161.01965,-10.44729],[-161.01948,-10.44745],[-161.0185,-10.4483],[-161.01675,-10.44967],[-161.01378,-10.45254],[-161.01369,-10.45229],[-161.01568,-10.45041],[-161.01591,-10.45017],[-161.01636,-10.44975],[-161.01647,-10.44963],[-161.01661,-10.44949],[-161.0166,-10.44939],[-161.01665,-10.44925],[-161.01688,-10.4494],[-161.01702,-10.44936],[-161.01705,-10.44923],[-161.01706,-10.44898],[-161.01723,-10.44895],[-161.01745,-10.44883],[-161.01753,-10.44874],[-161.01753,-10.44867],[-161.01794,-10.44831],[-161.01809,-10.4484],[-161.01818,-10.44834],[-161.01838,-10.44816],[-161.01829,-10.44805]]],[[[-160.98721,-10.45752],[-160.98683,-10.45742],[-160.98688,-10.45728],[-160.98698,-10.45704],[-160.98702,-10.45698],[-160.98716,-10.45652],[-160.9872,-10.45635],[-160.98718,-10.45612],[-160.98718,-10.45595],[-160.98727,-10.45565],[-160.98752,-10.45559],[-160.9876,-10.45573],[-160.98756,-10.45613],[-160.98753,-10.4563],[-160.98743,-10.45649],[-160.98722,-10.45691],[-160.98725,-10.45705],[-160.98724,-10.45741],[-160.98721,-10.45752]]],[[[-160.98658,-10.45739],[-160.98606,-10.45721],[-160.98596,-10.45713],[-160.9859,-10.45709],[-160.9859,-10.45701],[-160.98601,-10.45683],[-160.98625,-10.45655],[-160.98632,-10.45642],[-160.98633,-10.45621],[-160.98635,-10.45605],[-160.98641,-10.45566],[-160.98669,-10.4552],[-160.98686,-10.45528],[-160.98673,-10.45581],[-160.98675,-10.45612],[-160.98672,-10.45624],[-160.98665,-10.45636],[-160.98656,-10.45659],[-160.98656,-10.45678],[-160.98672,-10.45704],[-160.98669,-10.45729],[-160.98658,-10.45739]]],[[[-160.98746,-10.45768],[-160.98754,-10.45758],[-160.98756,-10.45754],[-160.98772,-10.45729],[-160.98779,-10.4573],[-160.98781,-10.45754],[-160.98792,-10.45759],[-160.98796,-10.4575],[-160.98804,-10.45732],[-160.98812,-10.45716],[-160.98821,-10.457],[-160.98854,-10.45677],[-160.98859,-10.45645],[-160.9888,-10.45613],[-160.98906,-10.45625],[-160.9891,-10.45701],[-160.98901,-10.45743],[-160.98904,-10.45753],[-160.98915,-10.45765],[-160.98925,-10.45793],[-160.98924,-10.45815],[-160.98919,-10.45823],[-160.989,-10.45828],[-160.98856,-10.45809],[-160.98829,-10.45793],[-160.98746,-10.45768]]],[[[-160.97974,-10.45488],[-160.97977,-10.45461],[-160.97983,-10.45443],[-160.97988,-10.45438],[-160.97989,-10.45453],[-160.9799,-10.45465],[-160.97993,-10.45475],[-160.97994,-10.45485],[-160.9799,-10.45492],[-160.97983,-10.45496],[-160.97979,-10.45493],[-160.97974,-10.45488]]],[[[-160.98073,-10.4552],[-160.98034,-10.45512],[-160.98031,-10.455],[-160.98031,-10.45493],[-160.98035,-10.45485],[-160.98043,-10.45478],[-160.98051,-10.45473],[-160.98064,-10.45457],[-160.98069,-10.45439],[-160.98084,-10.45423],[-160.98088,-10.4543],[-160.98081,-10.4545],[-160.98071,-10.45473],[-160.98073,-10.45484],[-160.98077,-10.45496],[-160.98078,-10.45509],[-160.98073,-10.4552]]],[[[-160.98176,-10.45527],[-160.98182,-10.45538],[-160.98176,-10.45553],[-160.98152,-10.45548],[-160.98145,-10.45542],[-160.98149,-10.45526],[-160.98161,-10.45508],[-160.98166,-10.45497],[-160.98165,-10.45483],[-160.98161,-10.45477],[-160.9816,-10.45468],[-160.98164,-10.4545],[-160.98184,-10.45337],[-160.9819,-10.45332],[-160.98176,-10.45475],[-160.98175,-10.45498],[-160.98175,-10.45505],[-160.98177,-10.45513],[-160.98176,-10.45527]]],[[[-160.96927,-10.45463],[-160.96923,-10.45466],[-160.96909,-10.45462],[-160.96904,-10.4545],[-160.96902,-10.45423],[-160.96898,-10.45362],[-160.96904,-10.45288],[-160.96915,-10.45235],[-160.9692,-10.45198],[-160.96937,-10.45151],[-160.96943,-10.45162],[-160.96941,-10.45188],[-160.96937,-10.45215],[-160.96925,-10.45277],[-160.96927,-10.45437],[-160.96928,-10.4545],[-160.96927,-10.45463]]],[[[-160.9698,-10.45418],[-160.96986,-10.45403],[-160.96992,-10.45358],[-160.96991,-10.45343],[-160.96992,-10.45321],[-160.97003,-10.45225],[-160.97006,-10.45204],[-160.97015,-10.45195],[-160.97027,-10.4519],[-160.97032,-10.452],[-160.97029,-10.45225],[-160.97021,-10.45336],[-160.97028,-10.45366],[-160.97034,-10.45388],[-160.9704,-10.45404],[-160.97045,-10.45419],[-160.97055,-10.45427],[-160.97071,-10.45419],[-160.97072,-10.45404],[-160.97066,-10.45386],[-160.9706,-10.45377],[-160.97059,-10.45353],[-160.97068,-10.45363],[-160.97067,-10.45372],[-160.97078,-10.45389],[-160.97093,-10.45413],[-160.97079,-10.45437],[-160.97046,-10.45471],[-160.97025,-10.45471],[-160.96996,-10.45467],[-160.96979,-10.4544],[-160.9698,-10.45418]]],[[[-160.97116,-10.45396],[-160.97123,-10.45374],[-160.97119,-10.45297],[-160.97122,-10.45281],[-160.97125,-10.45271],[-160.97131,-10.45284],[-160.97133,-10.45337],[-160.97134,-10.45346],[-160.97137,-10.45362],[-160.97139,-10.45381],[-160.97142,-10.454],[-160.9715,-10.45403],[-160.97164,-10.45395],[-160.97173,-10.4542],[-160.97173,-10.45429],[-160.97155,-10.4544],[-160.97141,-10.45444],[-160.97127,-10.45453],[-160.97122,-10.45448],[-160.97119,-10.45442],[-160.97119,-10.45418],[-160.9712,-10.45402],[-160.97116,-10.45396]]],[[[-160.994,-10.4585],[-160.99395,-10.45875],[-160.99374,-10.45927],[-160.99356,-10.45961],[-160.99351,-10.45983],[-160.99337,-10.45986],[-160.99315,-10.45983],[-160.99309,-10.45975],[-160.99315,-10.45946],[-160.99339,-10.45906],[-160.99352,-10.45887],[-160.99371,-10.45868],[-160.99381,-10.45861],[-160.994,-10.4585]]],[[[-160.99415,-10.45924],[-160.99434,-10.45903],[-160.99463,-10.45881],[-160.99492,-10.4587],[-160.99501,-10.45881],[-160.99501,-10.45934],[-160.99501,-10.4596],[-160.99499,-10.45997],[-160.99491,-10.46033],[-160.99478,-10.46042],[-160.99427,-10.46033],[-160.99397,-10.46022],[-160.99374,-10.46007],[-160.99372,-10.45986],[-160.9939,-10.4596],[-160.99404,-10.45942],[-160.99415,-10.45924]]],[[[-160.96348,-10.45347],[-160.96335,-10.45339],[-160.96332,-10.45324],[-160.96339,-10.4531],[-160.96353,-10.45293],[-160.96379,-10.45255],[-160.96407,-10.45172],[-160.9642,-10.45153],[-160.96422,-10.45109],[-160.9643,-10.45072],[-160.9644,-10.45025],[-160.96443,-10.44975],[-160.96445,-10.44927],[-160.96497,-10.44935],[-160.96494,-10.45105],[-160.96487,-10.45133],[-160.96473,-10.45178],[-160.96517,-10.45265],[-160.96531,-10.45291],[-160.96542,-10.45339],[-160.96523,-10.45381],[-160.96442,-10.45398],[-160.96348,-10.45347]]],[[[-160.96266,-10.45141],[-160.96252,-10.45188],[-160.96236,-10.45204],[-160.96231,-10.45239],[-160.9617,-10.45243],[-160.96178,-10.4522],[-160.96188,-10.45208],[-160.962,-10.45188],[-160.96212,-10.45174],[-160.96228,-10.45159],[-160.96248,-10.45127],[-160.96273,-10.45094],[-160.96288,-10.45085],[-160.96266,-10.45141]]],[[[-160.96096,-10.45185],[-160.96102,-10.45165],[-160.96126,-10.45158],[-160.96145,-10.45137],[-160.96176,-10.45105],[-160.96185,-10.45063],[-160.96176,-10.4505],[-160.96169,-10.45076],[-160.9616,-10.45084],[-160.96142,-10.45112],[-160.96124,-10.45112],[-160.96115,-10.45085],[-160.9613,-10.4507],[-160.96143,-10.4505],[-160.9619,-10.44975],[-160.96236,-10.44953],[-160.96276,-10.44872],[-160.96311,-10.44884],[-160.96208,-10.45101],[-160.9618,-10.45138],[-160.96173,-10.45165],[-160.9617,-10.45188],[-160.9616,-10.45209],[-160.96136,-10.45217],[-160.96118,-10.45212],[-160.961,-10.45202],[-160.96096,-10.45185]]],[[[-160.95634,-10.44609],[-160.9564,-10.44614],[-160.95646,-10.44621],[-160.95648,-10.44634],[-160.95648,-10.44655],[-160.95633,-10.44662],[-160.95616,-10.4466],[-160.95608,-10.44653],[-160.95605,-10.44645],[-160.95609,-10.44629],[-160.95615,-10.44617],[-160.95623,-10.44611],[-160.95627,-10.44609],[-160.95631,-10.44609],[-160.95634,-10.44609]]],[[[-160.96249,-10.45297],[-160.96266,-10.45236],[-160.96281,-10.45217],[-160.96291,-10.45209],[-160.96314,-10.45186],[-160.96333,-10.45163],[-160.96343,-10.45134],[-160.96357,-10.45081],[-160.96373,-10.45037],[-160.96391,-10.44994],[-160.96404,-10.44954],[-160.96416,-10.44946],[-160.96423,-10.44952],[-160.96407,-10.44997],[-160.96394,-10.45032],[-160.96387,-10.45054],[-160.96327,-10.45255],[-160.96313,-10.45299],[-160.96295,-10.45312],[-160.96278,-10.45311],[-160.96267,-10.45306],[-160.96249,-10.45297]]],[[[-161.00495,-10.45654],[-161.00522,-10.45669],[-161.00551,-10.45687],[-161.00617,-10.45731],[-161.00637,-10.45756],[-161.00679,-10.45861],[-161.00622,-10.45888],[-161.00626,-10.45921],[-161.00609,-10.45941],[-161.00533,-10.45967],[-161.0051,-10.45943],[-161.00456,-10.45899],[-161.00445,-10.45884],[-161.00447,-10.45854],[-161.00444,-10.45796],[-161.00428,-10.4574],[-161.00419,-10.45691],[-161.00411,-10.45627],[-161.00419,-10.45603],[-161.0045,-10.45626],[-161.00473,-10.45641],[-161.00495,-10.45654]]],[[[-161.01216,-10.453],[-161.01182,-10.45272],[-161.01115,-10.45199],[-161.01089,-10.45174],[-161.01063,-10.45165],[-161.01055,-10.45139],[-161.01167,-10.4517],[-161.01245,-10.45199],[-161.01272,-10.45247],[-161.01294,-10.45289],[-161.01265,-10.45327],[-161.0124,-10.45332],[-161.01216,-10.453]]],[[[-161.011,-10.45507],[-161.01096,-10.45517],[-161.01078,-10.45539],[-161.00994,-10.45593],[-161.0094,-10.45568],[-161.00888,-10.4552],[-161.00857,-10.45484],[-161.00843,-10.45436],[-161.00833,-10.45407],[-161.00817,-10.45379],[-161.0081,-10.45303],[-161.00821,-10.45299],[-161.00844,-10.453],[-161.01015,-10.45431],[-161.01064,-10.45474],[-161.011,-10.45507]]],[[[-161.03076,-10.44213],[-161.03032,-10.44245],[-161.02983,-10.4426],[-161.02718,-10.4431],[-161.02472,-10.44412],[-161.02419,-10.44446],[-161.0236,-10.4447],[-161.02292,-10.44503],[-161.02057,-10.44635],[-161.02039,-10.44616],[-161.02073,-10.44602],[-161.02075,-10.44584],[-161.02089,-10.44569],[-161.02126,-10.44575],[-161.02106,-10.44532],[-161.02091,-10.44505],[-161.02079,-10.44492],[-161.02071,-10.44474],[-161.02083,-10.44465],[-161.02095,-10.44472],[-161.02105,-10.44485],[-161.02119,-10.44503],[-161.02126,-10.44523],[-161.02178,-10.44536],[-161.02178,-10.4449],[-161.0217,-10.44468],[-161.0216,-10.44451],[-161.02147,-10.44432],[-161.02136,-10.44406],[-161.02134,-10.44391],[-161.02148,-10.44392],[-161.02163,-10.44412],[-161.0218,-10.4443],[-161.02192,-10.44454],[-161.022,-10.44476],[-161.02213,-10.445],[-161.0223,-10.44497],[-161.02246,-10.44492],[-161.02251,-10.44481],[-161.02244,-10.44465],[-161.02227,-10.44435],[-161.02204,-10.44367],[-161.02204,-10.44354],[-161.02207,-10.44352],[-161.02223,-10.44387],[-161.0225,-10.44421],[-161.02276,-10.4446],[-161.02296,-10.4446],[-161.0231,-10.44451],[-161.02306,-10.44437],[-161.02303,-10.44412],[-161.02312,-10.44415],[-161.02325,-10.44432],[-161.02337,-10.44437],[-161.02359,-10.44419],[-161.02333,-10.44342],[-161.02346,-10.44316],[-161.02362,-10.44341],[-161.02396,-10.44399],[-161.02532,-10.44352],[-161.02534,-10.44347],[-161.02533,-10.44331],[-161.02553,-10.44355],[-161.02577,-10.44343],[-161.02589,-10.44327],[-161.02592,-10.44305],[-161.02619,-10.44288],[-161.02629,-10.44295],[-161.02644,-10.44277],[-161.02641,-10.44256],[-161.02656,-10.44293],[-161.0268,-10.44303],[-161.0272,-10.44297],[-161.02751,-10.44276],[-161.02748,-10.44236],[-161.02807,-10.44247],[-161.02865,-10.44232],[-161.02894,-10.44245],[-161.02905,-10.44235],[-161.0298,-10.44214],[-161.03002,-10.44228],[-161.03025,-10.44225],[-161.03043,-10.44213],[-161.03076,-10.44213]]],[[[-160.99538,-10.44689],[-160.99569,-10.44698],[-160.9957,-10.44735],[-160.99539,-10.44748],[-160.99509,-10.4474],[-160.99512,-10.44706],[-160.99538,-10.44689]]],[[[-160.99779,-10.44279],[-160.99788,-10.44429],[-160.9976,-10.4443],[-160.99733,-10.4441],[-160.99723,-10.44381],[-160.99728,-10.44331],[-160.99744,-10.44285],[-160.99758,-10.44267],[-160.99779,-10.44279]]],[[[-161.00174,-10.44304],[-161.00174,-10.44266],[-161.00182,-10.44244],[-161.00205,-10.44239],[-161.00227,-10.44247],[-161.00241,-10.44264],[-161.00236,-10.44289],[-161.00208,-10.44305],[-161.00174,-10.44304]]],[[[-161.00635,-10.44448],[-161.00618,-10.44425],[-161.0061,-10.44395],[-161.00616,-10.44376],[-161.00641,-10.44379],[-161.00653,-10.44395],[-161.00656,-10.4443],[-161.00635,-10.44448]]],[[[-161.00833,-10.43897],[-161.00813,-10.43876],[-161.00806,-10.43854],[-161.00813,-10.43836],[-161.00839,-10.43847],[-161.00858,-10.43867],[-161.00863,-10.43887],[-161.00833,-10.43897]]],[[[-161.00548,-10.43805],[-161.00524,-10.4378],[-161.00507,-10.43757],[-161.00517,-10.43741],[-161.00547,-10.43737],[-161.0057,-10.43753],[-161.00585,-10.43784],[-161.00548,-10.43805]]],[[[-161.00179,-10.43855],[-161.00179,-10.43895],[-161.00147,-10.43905],[-161.00121,-10.43874],[-161.00118,-10.43847],[-161.00144,-10.43843],[-161.00179,-10.43855]]],[[[-161.0045,-10.43525],[-161.0044,-10.43505],[-161.0044,-10.43487],[-161.00459,-10.43478],[-161.00485,-10.43495],[-161.00486,-10.43514],[-161.00467,-10.43527],[-161.0045,-10.43525]]],[[[-161.00036,-10.43471],[-161,-10.43476],[-160.99988,-10.43465],[-160.99988,-10.43437],[-160.99967,-10.43407],[-160.99974,-10.43386],[-160.99991,-10.43389],[-161.0001,-10.43414],[-161.00039,-10.43438],[-161.00036,-10.43471]]],[[[-160.99447,-10.43487],[-160.9949,-10.43487],[-160.99502,-10.43507],[-160.9949,-10.43525],[-160.99474,-10.43533],[-160.99441,-10.43538],[-160.9943,-10.4352],[-160.99447,-10.43487]]],[[[-160.99905,-10.43247],[-160.99931,-10.4325],[-160.99954,-10.4325],[-160.99973,-10.43272],[-160.99973,-10.43304],[-160.99964,-10.43343],[-160.99951,-10.43343],[-160.99939,-10.43342],[-160.99926,-10.43319],[-160.99922,-10.43315],[-160.99911,-10.43301],[-160.99905,-10.43247]]],[[[-161.00117,-10.42942],[-161.0012,-10.42979],[-161.00101,-10.42982],[-161.00082,-10.42982],[-161.00075,-10.42982],[-161.00072,-10.42968],[-161.00082,-10.42942],[-161.00117,-10.42942]]],[[[-161.0138,-10.4286],[-161.01406,-10.42869],[-161.01427,-10.42897],[-161.01428,-10.4292],[-161.01408,-10.42927],[-161.01375,-10.42921],[-161.01348,-10.42904],[-161.01348,-10.42884],[-161.0138,-10.4286]]],[[[-161.01307,-10.42379],[-161.01322,-10.42405],[-161.013,-10.42428],[-161.01279,-10.42417],[-161.01255,-10.42404],[-161.01251,-10.42385],[-161.01264,-10.42375],[-161.01307,-10.42379]]],[[[-161.01773,-10.42214],[-161.01798,-10.42226],[-161.01767,-10.42239],[-161.01746,-10.42231],[-161.01746,-10.42206],[-161.01773,-10.42214]]],[[[-161.00679,-10.41857],[-161.00701,-10.41839],[-161.00713,-10.41853],[-161.00723,-10.41874],[-161.00721,-10.41892],[-161.00701,-10.41886],[-161.00699,-10.41883],[-161.00679,-10.41857]]],[[[-161.00322,-10.42225],[-161.00318,-10.42231],[-161.00311,-10.42234],[-161.00304,-10.42235],[-161.00297,-10.42234],[-161.0029,-10.42231],[-161.00285,-10.42226],[-161.00282,-10.42219],[-161.00282,-10.42212],[-161.00284,-10.42205],[-161.00288,-10.42199],[-161.00293,-10.42195],[-161.003,-10.42192],[-161.00308,-10.42192],[-161.00314,-10.42195],[-161.0032,-10.42199],[-161.00324,-10.42205],[-161.00326,-10.42212],[-161.00325,-10.42219],[-161.00322,-10.42225]]],[[[-160.99684,-10.4216],[-160.99692,-10.42217],[-160.99667,-10.42247],[-160.99633,-10.4223],[-160.99632,-10.42202],[-160.99658,-10.42175],[-160.99684,-10.4216]]],[[[-160.9972,-10.42441],[-160.99774,-10.42451],[-160.99794,-10.42475],[-160.99796,-10.42499],[-160.99746,-10.42512],[-160.9971,-10.42499],[-160.99684,-10.42467],[-160.99685,-10.42436],[-160.9972,-10.42441]]],[[[-160.98591,-10.43068],[-160.9862,-10.43086],[-160.98627,-10.43122],[-160.98625,-10.43163],[-160.98588,-10.43163],[-160.98572,-10.43117],[-160.98562,-10.43086],[-160.98591,-10.43068]]],[[[-160.98807,-10.43803],[-160.98829,-10.43803],[-160.98841,-10.43819],[-160.9883,-10.43836],[-160.98802,-10.43832],[-160.98797,-10.43812],[-160.98807,-10.43803]]],[[[-161.01246,-10.4333],[-161.01256,-10.43382],[-161.0121,-10.43381],[-161.01201,-10.43325],[-161.01246,-10.4333]]],[[[-161.01364,-10.43667],[-161.01378,-10.43716],[-161.01373,-10.43742],[-161.01332,-10.43739],[-161.01312,-10.43712],[-161.01307,-10.4368],[-161.01329,-10.43675],[-161.01364,-10.43667]]],[[[-161.02305,-10.43713],[-161.02347,-10.43737],[-161.02366,-10.43746],[-161.02365,-10.43762],[-161.02336,-10.43766],[-161.02317,-10.4375],[-161.02305,-10.43713]]],[[[-161.00375,-10.44602],[-161.00382,-10.44626],[-161.00369,-10.4464],[-161.00334,-10.44632],[-161.00324,-10.44606],[-161.00327,-10.44581],[-161.00332,-10.44584],[-161.00375,-10.44602]]],[[[-160.98581,-10.44238],[-160.98564,-10.44265],[-160.98542,-10.44252],[-160.98533,-10.4423],[-160.98533,-10.44205],[-160.98561,-10.44208],[-160.98581,-10.44238]]],[[[-160.99189,-10.44056],[-160.99276,-10.44045],[-160.99336,-10.44052],[-160.99378,-10.44085],[-160.99368,-10.44109],[-160.99301,-10.44108],[-160.9925,-10.44097],[-160.99217,-10.44092],[-160.99178,-10.44108],[-160.99115,-10.44122],[-160.99108,-10.44101],[-160.99147,-10.44084],[-160.99189,-10.44056]]],[[[-160.9886,-10.42088],[-160.98897,-10.42086],[-160.9893,-10.42104],[-160.98932,-10.42131],[-160.98903,-10.42138],[-160.98856,-10.42135],[-160.98852,-10.4213],[-160.98834,-10.42108],[-160.9886,-10.42088]]],[[[-160.98373,-10.4174],[-160.98425,-10.41759],[-160.98443,-10.41792],[-160.98423,-10.41807],[-160.98386,-10.41807],[-160.98347,-10.41785],[-160.98347,-10.4176],[-160.98373,-10.4174]]],[[[-160.97081,-10.42523],[-160.97092,-10.42507],[-160.97119,-10.42511],[-160.97141,-10.42537],[-160.97138,-10.4256],[-160.97118,-10.42563],[-160.97096,-10.42556],[-160.97081,-10.42523]]],[[[-160.98561,-10.41892],[-160.98591,-10.41892],[-160.98613,-10.41923],[-160.98596,-10.41948],[-160.98545,-10.41928],[-160.98561,-10.41892]]],[[[-160.99595,-10.40633],[-160.9965,-10.4066],[-160.99658,-10.40697],[-160.99626,-10.40713],[-160.99566,-10.40696],[-160.9953,-10.40673],[-160.99534,-10.40647],[-160.99553,-10.40636],[-160.99595,-10.40633]]],[[[-161.00376,-10.4111],[-161.0037,-10.41104],[-161.00366,-10.41097],[-161.00365,-10.4109],[-161.00366,-10.41082],[-161.0037,-10.41074],[-161.00375,-10.41069],[-161.00383,-10.41066],[-161.00391,-10.41065],[-161.00399,-10.41067],[-161.00406,-10.41071],[-161.00411,-10.41077],[-161.00413,-10.41085],[-161.00414,-10.41092],[-161.00411,-10.411],[-161.00406,-10.41106],[-161.004,-10.41111],[-161.00392,-10.41113],[-161.00384,-10.41113],[-161.00376,-10.4111]]],[[[-160.99892,-10.41045],[-160.99886,-10.41041],[-160.99883,-10.41036],[-160.99881,-10.41029],[-160.99882,-10.41023],[-160.99885,-10.41017],[-160.99889,-10.41012],[-160.99895,-10.41009],[-160.99902,-10.41009],[-160.99908,-10.4101],[-160.99913,-10.41013],[-160.99917,-10.41018],[-160.9992,-10.41024],[-160.9992,-10.4103],[-160.99919,-10.41036],[-160.99915,-10.41041],[-160.9991,-10.41044],[-160.99905,-10.41047],[-160.99898,-10.41047],[-160.99892,-10.41045]]],[[[-161.01181,-10.41209],[-161.01215,-10.41244],[-161.0121,-10.41274],[-161.01173,-10.41298],[-161.01127,-10.41285],[-161.0112,-10.4124],[-161.01126,-10.41215],[-161.01181,-10.41209]]],[[[-161.01186,-10.40314],[-161.01221,-10.40327],[-161.01231,-10.40362],[-161.01212,-10.40377],[-161.01171,-10.40377],[-161.01138,-10.40358],[-161.01136,-10.40329],[-161.01186,-10.40314]]],[[[-161.01754,-10.40611],[-161.01794,-10.40631],[-161.0179,-10.40659],[-161.01754,-10.40674],[-161.01705,-10.40672],[-161.01692,-10.4063],[-161.01708,-10.40609],[-161.01754,-10.40611]]],[[[-161.00561,-10.40375],[-161.00555,-10.40369],[-161.00551,-10.40361],[-161.00551,-10.40353],[-161.00553,-10.40345],[-161.00558,-10.40339],[-161.00565,-10.40334],[-161.00573,-10.40332],[-161.00581,-10.40332],[-161.00588,-10.40335],[-161.00594,-10.4034],[-161.00598,-10.40347],[-161.00599,-10.40354],[-161.00599,-10.40362],[-161.00596,-10.40368],[-161.00591,-10.40374],[-161.00587,-10.40376],[-161.00584,-10.40378],[-161.00577,-10.4038],[-161.00568,-10.40379],[-161.00561,-10.40375]]],[[[-161.00161,-10.40057],[-161.00187,-10.40067],[-161.00201,-10.40083],[-161.00193,-10.40097],[-161.00174,-10.40098],[-161.00141,-10.40078],[-161.00137,-10.40053],[-161.00161,-10.40057]]]]},"properties":{"area_code":"manihiki","area_name":"Manihiki","area_unit_id":"ck-island-2021-composite-geoboundaries-adm0-osm:manihiki","boundary_set_id":"ck-island-2021-composite-geoboundaries-adm0-osm","boundary_level":"island","boundary_vintage":"2021","boundary_source":"OpenStreetMap coastline motu (place=island/islet closed ways), assembled via Overpass","boundary_licence":"ODbL 1.0","land_area_sq_km":5.2488}},
{"type":"Feature","geometry":{"type":"MultiPolygon","coordinates":[[[[-161.09811,-10.02901],[-161.09771,-10.02867],[-161.09747,-10.02842],[-161.09727,-10.02818],[-161.09721,-10.02802],[-161.09726,-10.02786],[-161.09802,-10.02716],[-161.09833,-10.02695],[-161.09857,-10.02685],[-161.09895,-10.0268],[-161.09931,-10.02685],[-161.09963,-10.027],[-161.09988,-10.02719],[-161.10009,-10.0274],[-161.1002,-10.02759],[-161.10025,-10.02788],[-161.10026,-10.02819],[-161.1002,-10.02837],[-161.09996,-10.02866],[-161.09954,-10.02904],[-161.09923,-10.02925],[-161.09902,-10.02934],[-161.09877,-10.02933],[-161.09847,-10.02923],[-161.09811,-10.02901]]],[[[-161.09778,-10.02979],[-161.09855,-10.02991],[-161.09897,-10.03001],[-161.09955,-10.03025],[-161.10038,-10.03062],[-161.10118,-10.03086],[-161.10189,-10.03094],[-161.1023,-10.03092],[-161.10273,-10.0308],[-161.10294,-10.03078],[-161.10322,-10.03081],[-161.10341,-10.03083],[-161.10333,-10.03055],[-161.10337,-10.0302],[-161.10338,-10.02997],[-161.1033,-10.02983],[-161.10325,-10.02969],[-161.10324,-10.02957],[-161.10318,-10.02944],[-161.10297,-10.02931],[-161.10283,-10.02926],[-161.10277,-10.0292],[-161.10285,-10.02918],[-161.10318,-10.02932],[-161.10327,-10.02937],[-161.10347,-10.02954],[-161.10361,-10.02974],[-161.10372,-10.02987],[-161.1038,-10.0301],[-161.10385,-10.03023],[-161.10372,-10.03029],[-161.10356,-10.03031],[-161.10351,-10.0304],[-161.10361,-10.03057],[-161.10361,-10.0307],[-161.10369,-10.03075],[-161.10376,-10.03068],[-161.10385,-10.03064],[-161.10387,-10.03055],[-161.10385,-10.03042],[-161.10389,-10.03039],[-161.10394,-10.03041],[-161.104,-10.03053],[-161.10417,-10.03094],[-161.1044,-10.03163],[-161.10451,-10.03238],[-161.10452,-10.03286],[-161.10435,-10.03341],[-161.10427,-10.03387],[-161.10417,-10.03432],[-161.104,-10.03463],[-161.10369,-10.03489],[-161.10303,-10.03517],[-161.10177,-10.03565],[-161.09928,-10.03633],[-161.09666,-10.03682],[-161.09546,-10.03717],[-161.09494,-10.03727],[-161.09443,-10.03732],[-161.09294,-10.03721],[-161.09222,-10.03712],[-161.09086,-10.03668],[-161.08973,-10.0362],[-161.08898,-10.03583],[-161.08828,-10.03546],[-161.08749,-10.03513],[-161.08696,-10.03471],[-161.08644,-10.03424],[-161.08607,-10.03385],[-161.08574,-10.03326],[-161.08548,-10.03272],[-161.08523,-10.03204],[-161.08516,-10.03163],[-161.08505,-10.03119],[-161.08476,-10.03007],[-161.08445,-10.02917],[-161.08401,-10.02785],[-161.0836,-10.02648],[-161.08347,-10.02589],[-161.08339,-10.02545],[-161.08348,-10.02525],[-161.08365,-10.02516],[-161.08464,-10.02486],[-161.08515,-10.02464],[-161.08598,-10.02416],[-161.08639,-10.02415],[-161.08681,-10.02439],[-161.08705,-10.0247],[-161.08722,-10.02524],[-161.08715,-10.02573],[-161.08707,-10.02635],[-161.08707,-10.02683],[-161.08714,-10.02716],[-161.08732,-10.02761],[-161.08767,-10.02811],[-161.08818,-10.02858],[-161.08887,-10.02903],[-161.08958,-10.02936],[-161.08999,-10.0296],[-161.09032,-10.0299],[-161.09072,-10.03036],[-161.09112,-10.03068],[-161.0915,-10.03083],[-161.0919,-10.03085],[-161.09236,-10.03072],[-161.09322,-10.03047],[-161.09362,-10.03029],[-161.09397,-10.03005],[-161.09427,-10.02972],[-161.09473,-10.02954],[-161.09521,-10.02941],[-161.09557,-10.02939],[-161.09643,-10.0295],[-161.09778,-10.02979]]],[[[-161.08126,-10.01621],[-161.08122,-10.0163],[-161.0811,-10.01642],[-161.08091,-10.01658],[-161.08074,-10.01672],[-161.08064,-10.01678],[-161.08054,-10.01677],[-161.08044,-10.01673],[-161.08038,-10.01664],[-161.08035,-10.01653],[-161.08039,-10.01643],[-161.08068,-10.01623],[-161.08083,-10.01614],[-161.08107,-10.01607],[-161.08117,-10.01607],[-161.08124,-10.01613],[-161.08126,-10.01621]]],[[[-161.08572,-10.02371],[-161.08574,-10.02379],[-161.08561,-10.02402],[-161.0854,-10.02415],[-161.08511,-10.02426],[-161.08474,-10.02433],[-161.08425,-10.02435],[-161.08417,-10.0243],[-161.08416,-10.02424],[-161.08421,-10.02417],[-161.08449,-10.0241],[-161.0846,-10.02402],[-161.08472,-10.02379],[-161.08486,-10.02366],[-161.08502,-10.02362],[-161.0854,-10.02363],[-161.08557,-10.02366],[-161.08572,-10.02371]]],[[[-161.08316,-10.01778],[-161.08307,-10.01789],[-161.08296,-10.018],[-161.08286,-10.01803],[-161.08278,-10.01802],[-161.08265,-10.01795],[-161.08259,-10.01784],[-161.08259,-10.01777],[-161.08265,-10.01767],[-161.08273,-10.0176],[-161.08279,-10.0175],[-161.08285,-10.01735],[-161.0829,-10.01725],[-161.08297,-10.01719],[-161.08306,-10.01717],[-161.08316,-10.01718],[-161.08325,-10.01721],[-161.0833,-10.01727],[-161.08334,-10.01736],[-161.08334,-10.0175],[-161.08328,-10.01764],[-161.08316,-10.01778]]],[[[-161.08553,-10.0221],[-161.0855,-10.02222],[-161.08538,-10.02236],[-161.08509,-10.02249],[-161.08491,-10.02251],[-161.08474,-10.0225],[-161.08439,-10.02242],[-161.08412,-10.02234],[-161.08391,-10.02225],[-161.0837,-10.02216],[-161.08352,-10.02214],[-161.08333,-10.02219],[-161.08313,-10.02232],[-161.0829,-10.02246],[-161.08276,-10.02249],[-161.08263,-10.02246],[-161.08252,-10.02234],[-161.08248,-10.02222],[-161.08248,-10.02201],[-161.08253,-10.02188],[-161.08264,-10.02184],[-161.0829,-10.02177],[-161.08342,-10.02172],[-161.08366,-10.02163],[-161.08388,-10.02149],[-161.0841,-10.02143],[-161.0843,-10.02146],[-161.08461,-10.02156],[-161.08489,-10.02172],[-161.08509,-10.02188],[-161.08531,-10.02198],[-161.08548,-10.02201],[-161.08553,-10.0221]]],[[[-161.0848,-10.02052],[-161.08503,-10.0207],[-161.0853,-10.02089],[-161.08534,-10.02101],[-161.08527,-10.0211],[-161.08499,-10.02114],[-161.08453,-10.02117],[-161.08415,-10.02112],[-161.08386,-10.02103],[-161.08369,-10.02101],[-161.08344,-10.02109],[-161.08324,-10.02117],[-161.08304,-10.02119],[-161.08287,-10.02111],[-161.08273,-10.02094],[-161.08262,-10.02082],[-161.0825,-10.02079],[-161.08229,-10.02086],[-161.08215,-10.02097],[-161.082,-10.02098],[-161.08188,-10.02088],[-161.08184,-10.02075],[-161.08188,-10.02065],[-161.08202,-10.0206],[-161.08212,-10.02052],[-161.08215,-10.02041],[-161.0821,-10.02033],[-161.082,-10.02029],[-161.08188,-10.0203],[-161.08182,-10.02026],[-161.08182,-10.02016],[-161.08188,-10.0201],[-161.082,-10.02005],[-161.08213,-10.02002],[-161.08219,-10.01993],[-161.08221,-10.01979],[-161.08215,-10.01958],[-161.08205,-10.01948],[-161.08197,-10.01944],[-161.08186,-10.01946],[-161.0817,-10.01954],[-161.08162,-10.01954],[-161.08159,-10.0195],[-161.08163,-10.01944],[-161.08191,-10.01934],[-161.08218,-10.01923],[-161.08255,-10.0191],[-161.08277,-10.01901],[-161.08302,-10.01883],[-161.08326,-10.01856],[-161.08337,-10.01851],[-161.08353,-10.01853],[-161.08376,-10.01864],[-161.08406,-10.01889],[-161.08429,-10.01917],[-161.08444,-10.01948],[-161.08452,-10.01983],[-161.08455,-10.02005],[-161.08461,-10.02026],[-161.0848,-10.02052]]],[[[-161.09643,-10.0015],[-161.09615,-10.00184],[-161.09594,-10.00191],[-161.09558,-10.00208],[-161.0949,-10.00252],[-161.09435,-10.0028],[-161.09416,-10.00284],[-161.0941,-10.00281],[-161.09412,-10.00271],[-161.09435,-10.00234],[-161.09463,-10.00201],[-161.09494,-10.00175],[-161.09522,-10.00161],[-161.09531,-10.00152],[-161.09532,-10.00142],[-161.09528,-10.00129],[-161.0952,-10.0011],[-161.09516,-10.00092],[-161.09519,-10.00064],[-161.09528,-10.00038],[-161.09524,-10.0001],[-161.09508,-9.99979],[-161.09473,-9.99945],[-161.09444,-9.99892],[-161.09417,-9.99854],[-161.09388,-9.99834],[-161.09358,-9.99827],[-161.0932,-9.99836],[-161.0928,-9.99863],[-161.0924,-9.9988],[-161.09194,-9.99909],[-161.09157,-9.9992],[-161.09116,-9.99935],[-161.09091,-9.9995],[-161.09068,-9.9996],[-161.09025,-9.9997],[-161.08989,-9.99979],[-161.08952,-10],[-161.08937,-10.00014],[-161.08932,-10.00021],[-161.0893,-10.00026],[-161.08929,-10.00031],[-161.08929,-10.00035],[-161.08926,-10.0004],[-161.08921,-10.00044],[-161.08914,-10.00047],[-161.0891,-10.0005],[-161.08909,-10.00054],[-161.08912,-10.00058],[-161.08924,-10.00067],[-161.08928,-10.00078],[-161.08926,-10.00085],[-161.08918,-10.00094],[-161.08886,-10.00111],[-161.08852,-10.00119],[-161.08821,-10.0011],[-161.08794,-10.00095],[-161.08774,-10.00097],[-161.0876,-10.00107],[-161.0873,-10.00116],[-161.08683,-10.00117],[-161.08633,-10.00126],[-161.08593,-10.00144],[-161.08531,-10.0017],[-161.08453,-10.00206],[-161.08348,-10.00254],[-161.08288,-10.00282],[-161.08235,-10.00308],[-161.08201,-10.00335],[-161.08186,-10.00351],[-161.08168,-10.0036],[-161.08154,-10.00365],[-161.08135,-10.00363],[-161.0812,-10.00361],[-161.08103,-10.00365],[-161.08067,-10.00386],[-161.08045,-10.00409],[-161.08,-10.00465],[-161.07971,-10.00507],[-161.07966,-10.00543],[-161.07974,-10.00577],[-161.07997,-10.0065],[-161.08014,-10.00721],[-161.08028,-10.00798],[-161.08056,-10.00879],[-161.08071,-10.00944],[-161.08082,-10.00997],[-161.0813,-10.01103],[-161.08192,-10.01207],[-161.08258,-10.01322],[-161.08298,-10.01385],[-161.0833,-10.01447],[-161.08346,-10.01504],[-161.08346,-10.01544],[-161.08332,-10.01573],[-161.08289,-10.01622],[-161.08262,-10.01637],[-161.08228,-10.01641],[-161.08175,-10.01629],[-161.08125,-10.01602],[-161.08092,-10.01581],[-161.08077,-10.01575],[-161.0806,-10.01576],[-161.08041,-10.01589],[-161.08026,-10.01599],[-161.08013,-10.016],[-161.08004,-10.0159],[-161.08,-10.01575],[-161.07997,-10.01569],[-161.07983,-10.01554],[-161.07969,-10.01528],[-161.07936,-10.01417],[-161.07872,-10.01261],[-161.07777,-10.01006],[-161.07719,-10.00862],[-161.07699,-10.00763],[-161.07692,-10.00673],[-161.077,-10.00609],[-161.07717,-10.00505],[-161.07749,-10.00404],[-161.07779,-10.00349],[-161.07847,-10.00251],[-161.07918,-10.00181],[-161.08102,-10.00054],[-161.08256,-9.99956],[-161.08444,-9.99859],[-161.0864,-9.99783],[-161.08899,-9.99687],[-161.08995,-9.99655],[-161.09134,-9.99617],[-161.09213,-9.99593],[-161.09296,-9.99573],[-161.09371,-9.99565],[-161.09459,-9.99562],[-161.09554,-9.9957],[-161.09633,-9.99599],[-161.09711,-9.99665],[-161.09738,-9.99717],[-161.09732,-9.99795],[-161.09722,-9.99931],[-161.09643,-10.0015]]],[[[-161.08476,-10.02285],[-161.08486,-10.02285],[-161.08484,-10.02291],[-161.08461,-10.02304],[-161.08425,-10.02314],[-161.08369,-10.02336],[-161.08346,-10.02349],[-161.08304,-10.0238],[-161.08289,-10.02389],[-161.0827,-10.02386],[-161.0826,-10.02373],[-161.08257,-10.0236],[-161.08263,-10.02353],[-161.08277,-10.02349],[-161.08313,-10.02346],[-161.0834,-10.02333],[-161.08361,-10.0232],[-161.08401,-10.02302],[-161.08427,-10.02293],[-161.08455,-10.02289],[-161.08476,-10.02285]]],[[[-161.08348,-10.02302],[-161.08346,-10.02313],[-161.08335,-10.02318],[-161.08297,-10.02324],[-161.08283,-10.02326],[-161.08253,-10.02333],[-161.0825,-10.02321],[-161.08276,-10.02311],[-161.08289,-10.02308],[-161.08314,-10.02306],[-161.08331,-10.02305],[-161.08348,-10.02302]]],[[[-161.1006,-10.01978],[-161.10049,-10.02025],[-161.10027,-10.02055],[-161.09979,-10.02087],[-161.09914,-10.02112],[-161.09863,-10.02135],[-161.09812,-10.02149],[-161.09774,-10.02153],[-161.09745,-10.02142],[-161.09732,-10.02124],[-161.09728,-10.02098],[-161.09728,-10.02039],[-161.09735,-10.02002],[-161.09744,-10.01968],[-161.09743,-10.0193],[-161.09735,-10.01871],[-161.09724,-10.018],[-161.09722,-10.01748],[-161.09726,-10.01706],[-161.09722,-10.01687],[-161.09714,-10.01678],[-161.09702,-10.01673],[-161.09696,-10.01669],[-161.09697,-10.01663],[-161.09702,-10.01656],[-161.09707,-10.01642],[-161.09706,-10.0163],[-161.09702,-10.01601],[-161.09684,-10.01542],[-161.09676,-10.01499],[-161.09674,-10.01458],[-161.09672,-10.01429],[-161.09673,-10.01409],[-161.09676,-10.01391],[-161.09685,-10.01368],[-161.09709,-10.01303],[-161.09714,-10.01274],[-161.09712,-10.01254],[-161.09703,-10.01227],[-161.097,-10.01206],[-161.097,-10.01184],[-161.09704,-10.01156],[-161.09703,-10.01139],[-161.09699,-10.01107],[-161.09697,-10.01074],[-161.09697,-10.0104],[-161.097,-10.01007],[-161.09698,-10.00976],[-161.09693,-10.00958],[-161.09686,-10.00941],[-161.09682,-10.00927],[-161.09681,-10.00919],[-161.09686,-10.00902],[-161.09687,-10.00887],[-161.09684,-10.00866],[-161.09684,-10.00842],[-161.09679,-10.00812],[-161.09681,-10.00793],[-161.09693,-10.0078],[-161.0971,-10.00774],[-161.09745,-10.00767],[-161.09761,-10.00763],[-161.09763,-10.00758],[-161.09761,-10.00754],[-161.09748,-10.00751],[-161.09732,-10.00749],[-161.09718,-10.00746],[-161.09709,-10.0074],[-161.09706,-10.00734],[-161.09709,-10.00722],[-161.09705,-10.00714],[-161.0969,-10.00707],[-161.09674,-10.00694],[-161.09657,-10.00669],[-161.09646,-10.00635],[-161.09611,-10.00549],[-161.09608,-10.00533],[-161.09612,-10.00513],[-161.09623,-10.00493],[-161.09625,-10.00477],[-161.09623,-10.00458],[-161.09615,-10.0041],[-161.09611,-10.00377],[-161.09599,-10.00356],[-161.09584,-10.00341],[-161.09567,-10.00332],[-161.09536,-10.00324],[-161.09524,-10.00315],[-161.09519,-10.003],[-161.09521,-10.00289],[-161.0953,-10.00276],[-161.09545,-10.00263],[-161.09582,-10.00243],[-161.09617,-10.00215],[-161.09619,-10.00199],[-161.09715,-10.00131],[-161.09807,-10.00127],[-161.09864,-10.00322],[-161.09907,-10.00712],[-161.09942,-10.01033],[-161.0995,-10.01194],[-161.09963,-10.01332],[-161.09962,-10.01393],[-161.09965,-10.01423],[-161.09986,-10.01506],[-161.10007,-10.01636],[-161.10023,-10.01745],[-161.10037,-10.01865],[-161.1006,-10.01978]]],[[[-161.09474,-10.02548],[-161.09475,-10.02593],[-161.09475,-10.02629],[-161.09467,-10.0269],[-161.09451,-10.02742],[-161.09432,-10.0277],[-161.0941,-10.02782],[-161.09399,-10.02777],[-161.09407,-10.02753],[-161.09418,-10.0273],[-161.09419,-10.02703],[-161.09412,-10.0269],[-161.09397,-10.0269],[-161.09377,-10.02695],[-161.09367,-10.02714],[-161.09357,-10.0273],[-161.09347,-10.02736],[-161.09339,-10.02731],[-161.09337,-10.02704],[-161.09341,-10.02677],[-161.09359,-10.02658],[-161.09378,-10.02656],[-161.09406,-10.02656],[-161.09419,-10.02652],[-161.09437,-10.02631],[-161.0944,-10.02615],[-161.09436,-10.02591],[-161.09432,-10.02576],[-161.09432,-10.02564],[-161.09437,-10.02553],[-161.09452,-10.02542],[-161.09474,-10.02548]]],[[[-161.10002,-10.02129],[-161.10098,-10.02173],[-161.10111,-10.02243],[-161.10108,-10.02294],[-161.10095,-10.02324],[-161.1007,-10.02356],[-161.10045,-10.02372],[-161.10009,-10.02385],[-161.0997,-10.0239],[-161.09941,-10.02404],[-161.0991,-10.02449],[-161.09848,-10.02546],[-161.09807,-10.02596],[-161.09763,-10.02627],[-161.09711,-10.02638],[-161.09651,-10.02639],[-161.09606,-10.02627],[-161.09567,-10.02613],[-161.09557,-10.02601],[-161.09557,-10.02588],[-161.09569,-10.02572],[-161.09586,-10.02564],[-161.09635,-10.02568],[-161.09683,-10.02573],[-161.09709,-10.02562],[-161.09734,-10.02534],[-161.09764,-10.02477],[-161.09782,-10.02375],[-161.09783,-10.02307],[-161.09775,-10.02269],[-161.09783,-10.02235],[-161.09822,-10.02187],[-161.09872,-10.02159],[-161.09923,-10.02143],[-161.10002,-10.02129]]]]},"properties":{"area_code":"rakahanga","area_name":"Rakahanga","area_unit_id":"ck-island-2021-composite-geoboundaries-adm0-osm:rakahanga","boundary_set_id":"ck-island-2021-composite-geoboundaries-adm0-osm","boundary_level":"island","boundary_vintage":"2021","boundary_source":"OpenStreetMap coastline motu (place=island/islet closed ways), assembled via Overpass","boundary_licence":"ODbL 1.0","land_area_sq_km":3.9019}},
{"type":"Feature","geometry":{"type":"MultiPolygon","coordinates":[[[[-158.01585,-9.02768],[-158.01568,-9.02742],[-158.01562,-9.02738],[-158.01544,-9.02729],[-158.01535,-9.02729],[-158.01535,-9.02711],[-158.01535,-9.02702],[-158.01524,-9.02698],[-158.01535,-9.02693],[-158.01535,-9.02684],[-158.01544,-9.02672],[-158.01553,-9.02684],[-158.01559,-9.02687],[-158.01571,-9.02711],[-158.01577,-9.02715],[-158.01593,-9.02744],[-158.01608,-9.02754],[-158.01615,-9.02777],[-158.01585,-9.02768]]],[[[-158.01872,-9.02716],[-158.01864,-9.02676],[-158.01901,-9.02647],[-158.01931,-9.02665],[-158.01904,-9.02733],[-158.01886,-9.02738],[-158.01872,-9.02716]]],[[[-158.01308,-9.0281],[-158.01333,-9.02815],[-158.01348,-9.02812],[-158.01339,-9.0285],[-158.0132,-9.02855],[-158.01304,-9.0283],[-158.01308,-9.0281]]],[[[-158.01243,-9.02807],[-158.0126,-9.02832],[-158.01239,-9.02837],[-158.01243,-9.02807]]],[[[-158.02288,-9.02461],[-158.02327,-9.02481],[-158.02425,-9.02493],[-158.02513,-9.02528],[-158.02528,-9.0259],[-158.02537,-9.02608],[-158.0252,-9.0264],[-158.02462,-9.02679],[-158.02308,-9.02684],[-158.02303,-9.0268],[-158.02285,-9.02671],[-158.02261,-9.02658],[-158.02233,-9.02601],[-158.0225,-9.02473],[-158.02276,-9.02473],[-158.02288,-9.02461]]],[[[-157.88195,-9.02711],[-157.88249,-9.02747],[-157.88258,-9.02747],[-157.88258,-9.02729],[-157.88258,-9.0272],[-157.88267,-9.0272],[-157.88264,-9.02687],[-157.88252,-9.02663],[-157.88249,-9.02648],[-157.88245,-9.02634],[-157.88235,-9.02607],[-157.88255,-9.0257],[-157.88384,-9.0246],[-157.88432,-9.02427],[-157.88483,-9.024],[-157.88495,-9.02382],[-157.88511,-9.02371],[-157.88528,-9.02348],[-157.88551,-9.02339],[-157.88555,-9.02334],[-157.88543,-9.02329],[-157.88555,-9.02325],[-157.88555,-9.02316],[-157.88573,-9.02316],[-157.88599,-9.02316],[-157.88608,-9.02316],[-157.88608,-9.02325],[-157.88623,-9.02328],[-157.88647,-9.0234],[-157.88662,-9.02343],[-157.88671,-9.02343],[-157.88671,-9.02352],[-157.88689,-9.02361],[-157.88675,-9.0239],[-157.88662,-9.02397],[-157.88601,-9.02487],[-157.88549,-9.02534],[-157.88524,-9.02602],[-157.88523,-9.02626],[-157.88541,-9.02761],[-157.88562,-9.02839],[-157.88568,-9.02949],[-157.8856,-9.03092],[-157.88591,-9.03228],[-157.8861,-9.03268],[-157.8864,-9.03317],[-157.88693,-9.03407],[-157.88738,-9.03479],[-157.8877,-9.0352],[-157.88833,-9.03591],[-157.88913,-9.03637],[-157.89018,-9.03684],[-157.89103,-9.03709],[-157.89125,-9.03724],[-157.89112,-9.03735],[-157.89112,-9.03744],[-157.89103,-9.03744],[-157.89103,-9.03753],[-157.89085,-9.03753],[-157.89076,-9.03753],[-157.89076,-9.03762],[-157.89058,-9.03762],[-157.89058,-9.03771],[-157.89004,-9.03771],[-157.89004,-9.03762],[-157.88972,-9.03758],[-157.88946,-9.03748],[-157.88874,-9.03726],[-157.88805,-9.03697],[-157.88682,-9.03565],[-157.8861,-9.03504],[-157.88524,-9.03463],[-157.88368,-9.03373],[-157.88321,-9.03322],[-157.88312,-9.03322],[-157.88312,-9.03313],[-157.88312,-9.03304],[-157.88303,-9.03304],[-157.88303,-9.03295],[-157.88294,-9.03295],[-157.88294,-9.03286],[-157.88285,-9.03286],[-157.88285,-9.03277],[-157.88285,-9.03259],[-157.88276,-9.03259],[-157.88276,-9.0325],[-157.8827,-9.03238],[-157.88267,-9.03214],[-157.88267,-9.03187],[-157.88273,-9.03137],[-157.88259,-9.03045],[-157.88267,-9.02918],[-157.88262,-9.02914],[-157.88236,-9.02879],[-157.88231,-9.02864],[-157.88222,-9.02864],[-157.88222,-9.02855],[-157.882,-9.02834],[-157.88195,-9.02711]]],[[[-158.02177,-9.02689],[-158.02173,-9.02608],[-158.02227,-9.02628],[-158.02249,-9.02696],[-158.02182,-9.02702],[-158.02177,-9.02689]]],[[[-158.00417,-9.02904],[-158.00408,-9.02896],[-158.00392,-9.02878],[-158.00377,-9.02826],[-158.00382,-9.0276],[-158.00449,-9.02703],[-158.00548,-9.02588],[-158.00585,-9.02591],[-158.00605,-9.02649],[-158.00564,-9.02715],[-158.0059,-9.02802],[-158.00586,-9.02851],[-158.00511,-9.02904],[-158.00421,-9.02909],[-158.00417,-9.02904]]],[[[-157.9579,-9.08117],[-157.95819,-9.08097],[-157.95835,-9.08112],[-157.95806,-9.08158],[-157.95786,-9.08164],[-157.9579,-9.08117]]],[[[-157.9223,-9.08107],[-157.92263,-9.08017],[-157.92281,-9.08037],[-157.92267,-9.08122],[-157.92238,-9.08128],[-157.9223,-9.08107]]],[[[-157.95958,-9.08375],[-157.95962,-9.08343],[-157.96029,-9.08335],[-157.96082,-9.08275],[-157.96107,-9.08277],[-157.961,-9.08379],[-157.961,-9.08424],[-157.96091,-9.08424],[-157.96077,-9.08446],[-157.96055,-9.08451],[-157.96051,-9.08463],[-157.96047,-9.08451],[-157.96033,-9.08447],[-157.96001,-9.08435],[-157.95958,-9.08375]]],[[[-157.96477,-9.08344],[-157.96465,-9.08277],[-157.96514,-9.08191],[-157.9653,-9.08159],[-157.9655,-9.08155],[-157.96559,-9.08155],[-157.96559,-9.08164],[-157.96573,-9.08171],[-157.96577,-9.08218],[-157.96608,-9.08231],[-157.96617,-9.08273],[-157.96586,-9.08287],[-157.96571,-9.08334],[-157.96573,-9.08357],[-157.96539,-9.08378],[-157.96477,-9.08344]]],[[[-157.95993,-9.07993],[-157.95971,-9.07977],[-157.9602,-9.07957],[-157.96041,-9.07962],[-157.9603,-9.07993],[-157.96,-9.08006],[-157.95993,-9.07993]]],[[[-157.98777,-9.05199],[-157.98767,-9.05207],[-157.98759,-9.05235],[-157.9878,-9.05226],[-157.98767,-9.05257],[-157.98759,-9.05244],[-157.98741,-9.05253],[-157.98734,-9.05282],[-157.98718,-9.0532],[-157.98715,-9.05334],[-157.98723,-9.05334],[-157.98723,-9.05352],[-157.98714,-9.0539],[-157.98693,-9.0542],[-157.98688,-9.05424],[-157.98688,-9.05433],[-157.98661,-9.05479],[-157.98652,-9.05487],[-157.98652,-9.05496],[-157.98643,-9.05496],[-157.98622,-9.05526],[-157.98598,-9.05532],[-157.98598,-9.05541],[-157.98598,-9.0555],[-157.98589,-9.0555],[-157.9858,-9.0555],[-157.9858,-9.05559],[-157.9858,-9.05568],[-157.98571,-9.05568],[-157.98571,-9.05577],[-157.98562,-9.05577],[-157.98562,-9.05586],[-157.98553,-9.05586],[-157.98553,-9.05595],[-157.98544,-9.05595],[-157.98509,-9.05641],[-157.98499,-9.05649],[-157.98493,-9.05661],[-157.98481,-9.05667],[-157.98481,-9.05676],[-157.98472,-9.05676],[-157.98464,-9.05706],[-157.98439,-9.05742],[-157.98418,-9.05747],[-157.98404,-9.05769],[-157.984,-9.05783],[-157.98396,-9.05807],[-157.98382,-9.05828],[-157.98362,-9.05857],[-157.98355,-9.05846],[-157.98346,-9.05846],[-157.98315,-9.05905],[-157.98278,-9.05949],[-157.98247,-9.05999],[-157.98247,-9.06008],[-157.98238,-9.06008],[-157.98238,-9.06017],[-157.98229,-9.06017],[-157.98227,-9.06033],[-157.982,-9.0606],[-157.98184,-9.06062],[-157.98168,-9.0609],[-157.98118,-9.06148],[-157.98089,-9.06173],[-157.98036,-9.06246],[-157.97974,-9.06354],[-157.97955,-9.0638],[-157.97924,-9.06439],[-157.97924,-9.06448],[-157.97915,-9.06448],[-157.97906,-9.06466],[-157.97902,-9.06489],[-157.97847,-9.06589],[-157.97834,-9.06601],[-157.97834,-9.06619],[-157.97825,-9.06619],[-157.97825,-9.06628],[-157.97816,-9.06628],[-157.97813,-9.06642],[-157.97795,-9.06669],[-157.97789,-9.06691],[-157.97789,-9.06709],[-157.9778,-9.06709],[-157.9778,-9.06727],[-157.97771,-9.06727],[-157.97771,-9.06736],[-157.97762,-9.06736],[-157.97762,-9.06745],[-157.97762,-9.06754],[-157.97753,-9.06754],[-157.97753,-9.06771],[-157.97744,-9.06771],[-157.97744,-9.0678],[-157.97744,-9.06789],[-157.97735,-9.06789],[-157.97721,-9.06811],[-157.97708,-9.06834],[-157.9772,-9.06839],[-157.97708,-9.06843],[-157.97708,-9.06861],[-157.9769,-9.06861],[-157.97681,-9.06861],[-157.9767,-9.06897],[-157.97602,-9.07003],[-157.97587,-9.07019],[-157.97571,-9.07034],[-157.9756,-9.07054],[-157.97474,-9.07263],[-157.9741,-9.0738],[-157.9738,-9.07423],[-157.97325,-9.07513],[-157.97273,-9.0758],[-157.97219,-9.07683],[-157.97205,-9.07712],[-157.97156,-9.07791],[-157.9712,-9.07836],[-157.97082,-9.07883],[-157.97057,-9.07907],[-157.97003,-9.0798],[-157.96967,-9.08025],[-157.96839,-9.08199],[-157.96818,-9.08243],[-157.96797,-9.08276],[-157.96774,-9.08308],[-157.96767,-9.08322],[-157.96747,-9.08326],[-157.96744,-9.08331],[-157.96711,-9.08353],[-157.96711,-9.08361],[-157.96684,-9.08361],[-157.96679,-9.08365],[-157.96638,-9.08371],[-157.9663,-9.08308],[-157.96622,-9.08271],[-157.96628,-9.08198],[-157.96609,-9.08076],[-157.96646,-9.07977],[-157.96761,-9.07925],[-157.96824,-9.07871],[-157.96886,-9.07782],[-157.96919,-9.0774],[-157.96956,-9.07681],[-157.96967,-9.07656],[-157.96992,-9.0762],[-157.97013,-9.07603],[-157.9703,-9.07583],[-157.97084,-9.07494],[-157.97098,-9.0749],[-157.97101,-9.07466],[-157.97128,-9.07434],[-157.9716,-9.07418],[-157.97163,-9.07403],[-157.97211,-9.07352],[-157.97223,-9.07328],[-157.97223,-9.07319],[-157.97232,-9.07319],[-157.97232,-9.0731],[-157.97232,-9.07301],[-157.97241,-9.07301],[-157.97241,-9.07284],[-157.97241,-9.07266],[-157.9725,-9.07266],[-157.9725,-9.07248],[-157.97254,-9.07219],[-157.97268,-9.07212],[-157.97272,-9.07198],[-157.97295,-9.07158],[-157.97295,-9.07149],[-157.97304,-9.07149],[-157.97304,-9.07131],[-157.97313,-9.07131],[-157.97313,-9.07113],[-157.97322,-9.07113],[-157.97322,-9.07104],[-157.97326,-9.07072],[-157.97353,-9.07009],[-157.97358,-9.07005],[-157.97358,-9.06996],[-157.97358,-9.06942],[-157.97367,-9.06942],[-157.97374,-9.06918],[-157.974,-9.06873],[-157.97453,-9.06812],[-157.97505,-9.06748],[-157.97525,-9.06732],[-157.97544,-9.06707],[-157.97583,-9.06598],[-157.97624,-9.06543],[-157.97655,-9.06488],[-157.97663,-9.06457],[-157.97663,-9.06448],[-157.97672,-9.06448],[-157.97678,-9.0643],[-157.97713,-9.06381],[-157.9773,-9.06353],[-157.97759,-9.06314],[-157.97784,-9.06272],[-157.9781,-9.06237],[-157.97857,-9.06202],[-157.97869,-9.06186],[-157.97879,-9.06179],[-157.97896,-9.06154],[-157.97933,-9.06134],[-157.97965,-9.06094],[-157.97987,-9.06062],[-157.97978,-9.06062],[-157.97978,-9.06026],[-157.97996,-9.06026],[-157.97999,-9.06002],[-157.98014,-9.05993],[-157.98026,-9.05957],[-157.9805,-9.05954],[-157.98054,-9.05949],[-157.98113,-9.05936],[-157.98113,-9.05909],[-157.98113,-9.059],[-157.98122,-9.059],[-157.98122,-9.05891],[-157.98122,-9.05882],[-157.98131,-9.05882],[-157.98149,-9.05846],[-157.98149,-9.05837],[-157.98158,-9.05837],[-157.98176,-9.05801],[-157.98176,-9.05792],[-157.98184,-9.05792],[-157.98205,-9.05763],[-157.98229,-9.05756],[-157.98229,-9.05738],[-157.98238,-9.05738],[-157.98259,-9.05701],[-157.98298,-9.05671],[-157.98337,-9.05667],[-157.98358,-9.05652],[-157.98373,-9.05631],[-157.98373,-9.05622],[-157.98382,-9.05622],[-157.98382,-9.05613],[-157.98391,-9.05613],[-157.98396,-9.05601],[-157.984,-9.05613],[-157.98442,-9.05592],[-157.98445,-9.05586],[-157.98451,-9.05574],[-157.98454,-9.05541],[-157.9844,-9.05537],[-157.98421,-9.05525],[-157.98427,-9.05483],[-157.98463,-9.05469],[-157.98467,-9.05455],[-157.98477,-9.05447],[-157.98487,-9.05434],[-157.98485,-9.0542],[-157.98486,-9.05408],[-157.9846,-9.05412],[-157.9845,-9.05406],[-157.98486,-9.05357],[-157.98503,-9.05329],[-157.98513,-9.0533],[-157.9853,-9.05302],[-157.98558,-9.05294],[-157.98557,-9.05285],[-157.98562,-9.05253],[-157.98553,-9.05247],[-157.98562,-9.05204],[-157.98592,-9.05159],[-157.98616,-9.05146],[-157.9862,-9.0514],[-157.98643,-9.05083],[-157.98663,-9.05021],[-157.98683,-9.0497],[-157.98701,-9.0488],[-157.9872,-9.04825],[-157.98718,-9.04759],[-157.98719,-9.04718],[-157.98753,-9.04652],[-157.98773,-9.04602],[-157.98833,-9.04471],[-157.98882,-9.04409],[-157.9891,-9.04324],[-157.98975,-9.04229],[-157.98984,-9.04211],[-157.98984,-9.04202],[-157.98993,-9.04202],[-157.98993,-9.04193],[-157.98993,-9.04184],[-157.99002,-9.04184],[-157.99002,-9.04175],[-157.99002,-9.04166],[-157.99011,-9.04166],[-157.99011,-9.04148],[-157.9902,-9.04148],[-157.9902,-9.04139],[-157.99029,-9.04139],[-157.99029,-9.04121],[-157.99038,-9.04121],[-157.99038,-9.04112],[-157.99047,-9.04112],[-157.99047,-9.04103],[-157.99047,-9.04086],[-157.99056,-9.04086],[-157.99056,-9.04077],[-157.99056,-9.04059],[-157.99065,-9.04059],[-157.99074,-9.04059],[-157.99074,-9.04041],[-157.99083,-9.04041],[-157.99083,-9.04032],[-157.99092,-9.04032],[-157.99115,-9.04001],[-157.99137,-9.03969],[-157.99137,-9.0396],[-157.99146,-9.0396],[-157.99146,-9.03951],[-157.99155,-9.03951],[-157.99155,-9.03942],[-157.99155,-9.03933],[-157.99164,-9.03933],[-157.99164,-9.03924],[-157.99173,-9.03924],[-157.99173,-9.03915],[-157.99173,-9.03906],[-157.99182,-9.03906],[-157.99182,-9.03897],[-157.99182,-9.03888],[-157.99191,-9.03888],[-157.99239,-9.03805],[-157.99285,-9.03749],[-157.99326,-9.03693],[-157.99366,-9.03632],[-157.99411,-9.03578],[-157.99481,-9.03493],[-157.9961,-9.03352],[-157.99644,-9.03336],[-157.99743,-9.03245],[-157.9978,-9.03247],[-157.99767,-9.03223],[-157.99791,-9.03187],[-157.9986,-9.03147],[-157.9992,-9.0311],[-157.99968,-9.03077],[-158.00042,-9.02997],[-158.00067,-9.02985],[-158.00112,-9.02961],[-158.00174,-9.03012],[-158.00188,-9.03021],[-158.00167,-9.02939],[-158.00211,-9.02941],[-158.00209,-9.02895],[-158.00234,-9.02872],[-158.00278,-9.02864],[-158.00287,-9.02846],[-158.00305,-9.02837],[-158.00308,-9.02832],[-158.00329,-9.02824],[-158.00372,-9.02889],[-158.0038,-9.02963],[-158.00367,-9.02972],[-158.0038,-9.03006],[-158.00282,-9.03068],[-158.00253,-9.03065],[-158.00242,-9.03052],[-158.00189,-9.03044],[-158.00179,-9.03079],[-158.00179,-9.03097],[-158.00191,-9.03104],[-158.00178,-9.03137],[-158.00165,-9.03146],[-158.00161,-9.03124],[-158.00152,-9.03124],[-158.0013,-9.03156],[-158.00086,-9.03195],[-157.99969,-9.03334],[-157.99858,-9.0342],[-157.99833,-9.03443],[-157.99813,-9.03465],[-157.9977,-9.03488],[-157.99757,-9.03493],[-157.99757,-9.03502],[-157.99748,-9.03502],[-157.99748,-9.03511],[-157.99739,-9.03511],[-157.99739,-9.0352],[-157.9973,-9.0352],[-157.9973,-9.03529],[-157.99721,-9.03529],[-157.99721,-9.03538],[-157.99712,-9.03538],[-157.9968,-9.03578],[-157.99608,-9.03641],[-157.99432,-9.03827],[-157.9933,-9.03964],[-157.99303,-9.04],[-157.99276,-9.04045],[-157.99256,-9.04075],[-157.99204,-9.04163],[-157.99191,-9.04175],[-157.99183,-9.04204],[-157.99173,-9.04211],[-157.99123,-9.04306],[-157.99101,-9.04327],[-157.99063,-9.04397],[-157.99028,-9.0449],[-157.98999,-9.0458],[-157.98952,-9.04692],[-157.98943,-9.04721],[-157.98914,-9.04776],[-157.98898,-9.04835],[-157.98887,-9.04882],[-157.98818,-9.05078],[-157.98813,-9.05101],[-157.98813,-9.05119],[-157.98804,-9.05119],[-157.98804,-9.05128],[-157.98804,-9.05146],[-157.98795,-9.05146],[-157.98786,-9.05163],[-157.98786,-9.05172],[-157.98777,-9.05172],[-157.98777,-9.05181],[-157.98777,-9.05199]]],[[[-157.92504,-9.08346],[-157.92404,-9.08274],[-157.92347,-9.08177],[-157.92359,-9.08133],[-157.92363,-9.08056],[-157.92369,-9.08043],[-157.92376,-9.0797],[-157.92392,-9.07963],[-157.92421,-9.08016],[-157.92435,-9.08038],[-157.92508,-9.081],[-157.9257,-9.08119],[-157.92579,-9.08119],[-157.92579,-9.08128],[-157.92588,-9.08128],[-157.92597,-9.08128],[-157.92606,-9.08128],[-157.92606,-9.08137],[-157.92633,-9.08137],[-157.92659,-9.08147],[-157.92705,-9.08155],[-157.92723,-9.08155],[-157.92768,-9.08155],[-157.92768,-9.08164],[-157.92772,-9.08168],[-157.92783,-9.08181],[-157.92778,-9.0825],[-157.92723,-9.08316],[-157.92663,-9.08354],[-157.92578,-9.08366],[-157.92504,-9.08346]]],[[[-157.96118,-9.08047],[-157.96122,-9.07974],[-157.96136,-9.07966],[-157.9614,-9.07961],[-157.96167,-9.07961],[-157.96156,-9.08055],[-157.96136,-9.08078],[-157.96118,-9.08047]]],[[[-157.92103,-8.97303],[-157.92148,-8.97213],[-157.92148,-8.97204],[-157.92157,-8.97204],[-157.92206,-8.97209],[-157.92211,-8.97276],[-157.92211,-8.97294],[-157.92202,-8.97294],[-157.92202,-8.97303],[-157.92202,-8.97321],[-157.92193,-8.97321],[-157.92193,-8.9733],[-157.92179,-8.97376],[-157.92115,-8.97476],[-157.92099,-8.97631],[-157.92082,-8.97649],[-157.92076,-8.976],[-157.92076,-8.97573],[-157.92085,-8.97573],[-157.92082,-8.9754],[-157.9207,-8.97506],[-157.92067,-8.97474],[-157.92067,-8.97456],[-157.92071,-8.97406],[-157.92086,-8.97345],[-157.92094,-8.97339],[-157.92094,-8.97321],[-157.92094,-8.97312],[-157.92094,-8.97303],[-157.92103,-8.97303]]],[[[-158.0533,-8.9719],[-158.05347,-8.97163],[-158.05389,-8.97156],[-158.05407,-8.97182],[-158.05348,-8.9719],[-158.05326,-8.97204],[-158.0533,-8.9719]]],[[[-158.03071,-9.01813],[-158.0308,-9.01813],[-158.03102,-9.01772],[-158.03116,-9.0175],[-158.03125,-9.01737],[-158.03134,-9.0175],[-158.03143,-9.01758],[-158.03112,-9.01835],[-158.03094,-9.0188],[-158.03076,-9.01925],[-158.03046,-9.02046],[-158.02982,-9.02181],[-158.02982,-9.0219],[-158.02973,-9.0219],[-158.02968,-9.02231],[-158.02959,-9.02239],[-158.02916,-9.02339],[-158.02901,-9.02352],[-158.02901,-9.02361],[-158.02866,-9.02425],[-158.02811,-9.02454],[-158.02739,-9.0246],[-158.02735,-9.02481],[-158.02661,-9.02475],[-158.02631,-9.0246],[-158.02603,-9.02454],[-158.02547,-9.02423],[-158.02536,-9.02312],[-158.025,-9.02231],[-158.02516,-9.02158],[-158.02562,-9.02085],[-158.02663,-9.02012],[-158.02703,-9.01944],[-158.02762,-9.01917],[-158.02833,-9.01877],[-158.02878,-9.01826],[-158.02897,-9.01809],[-158.02939,-9.01743],[-158.02951,-9.01674],[-158.02949,-9.01648],[-158.02959,-9.0162],[-158.02975,-9.01552],[-158.03009,-9.01471],[-158.03071,-9.014],[-158.0314,-9.01245],[-158.03165,-9.01161],[-158.03177,-9.01129],[-158.03207,-9.01104],[-158.03247,-9.01086],[-158.03304,-9.01041],[-158.03363,-9.0094],[-158.03377,-9.00907],[-158.0339,-9.00865],[-158.034,-9.00856],[-158.03415,-9.00821],[-158.03434,-9.00805],[-158.03458,-9.00798],[-158.03462,-9.00769],[-158.03503,-9.00707],[-158.03535,-9.00695],[-158.03538,-9.0069],[-158.03541,-9.00675],[-158.03559,-9.00639],[-158.03565,-9.00636],[-158.03568,-9.00612],[-158.03574,-9.006],[-158.03574,-9.00591],[-158.03583,-9.00591],[-158.03583,-9.00582],[-158.03583,-9.00573],[-158.03592,-9.00573],[-158.03592,-9.00564],[-158.03601,-9.00564],[-158.03601,-9.00555],[-158.0361,-9.00555],[-158.03632,-9.00523],[-158.03637,-9.00519],[-158.03641,-9.00496],[-158.03661,-9.00445],[-158.03677,-9.00388],[-158.03682,-9.00384],[-158.03688,-9.00351],[-158.03714,-9.00291],[-158.0374,-9.0022],[-158.03763,-9.00214],[-158.03795,-9.00174],[-158.03812,-9.00146],[-158.03817,-9.00142],[-158.03817,-9.00124],[-158.03826,-9.00124],[-158.03826,-9.00106],[-158.03835,-9.00106],[-158.03839,-9.00083],[-158.03858,-9.00039],[-158.03866,-9.00011],[-158.03892,-8.99949],[-158.03906,-8.99925],[-158.03923,-8.99911],[-158.03961,-8.9985],[-158.0401,-8.99787],[-158.04048,-8.99735],[-158.04068,-8.99729],[-158.04077,-8.99729],[-158.04077,-8.9972],[-158.04086,-8.9972],[-158.04095,-8.9972],[-158.04095,-8.99711],[-158.04104,-8.99711],[-158.04113,-8.99711],[-158.04128,-8.99689],[-158.04131,-8.99675],[-158.04131,-8.99666],[-158.0414,-8.99666],[-158.0414,-8.99657],[-158.04145,-8.99638],[-158.04181,-8.9959],[-158.04225,-8.99481],[-158.04247,-8.99455],[-158.04257,-8.99468],[-158.04311,-8.9944],[-158.04333,-8.99409],[-158.04338,-8.99405],[-158.04338,-8.99396],[-158.04347,-8.99396],[-158.04347,-8.99387],[-158.04347,-8.99378],[-158.04356,-8.99378],[-158.04365,-8.9936],[-158.04365,-8.99351],[-158.04374,-8.99351],[-158.04378,-8.99328],[-158.04392,-8.99306],[-158.04392,-8.99297],[-158.04401,-8.99297],[-158.04408,-8.99269],[-158.04419,-8.99262],[-158.04419,-8.99253],[-158.04419,-8.99244],[-158.04428,-8.99244],[-158.04428,-8.99226],[-158.04437,-8.99226],[-158.04442,-8.99195],[-158.04464,-8.9919],[-158.04472,-8.9918],[-158.04487,-8.99168],[-158.04538,-8.99108],[-158.04589,-8.99042],[-158.04625,-8.99037],[-158.04619,-8.99021],[-158.04642,-8.98985],[-158.0467,-8.98965],[-158.04676,-8.98953],[-158.04688,-8.98947],[-158.04696,-8.98919],[-158.04745,-8.98853],[-158.0476,-8.98794],[-158.0476,-8.98785],[-158.04769,-8.98785],[-158.04773,-8.98762],[-158.04795,-8.98674],[-158.04839,-8.98581],[-158.04868,-8.98561],[-158.04868,-8.98552],[-158.04877,-8.98552],[-158.04877,-8.98543],[-158.04877,-8.98534],[-158.04886,-8.98534],[-158.04886,-8.98525],[-158.04895,-8.98525],[-158.04899,-8.98511],[-158.04937,-8.98451],[-158.04994,-8.98407],[-158.05007,-8.98376],[-158.05021,-8.98352],[-158.0504,-8.98337],[-158.05067,-8.98302],[-158.05093,-8.98282],[-158.05127,-8.98235],[-158.0516,-8.98179],[-158.05194,-8.98134],[-158.05206,-8.98085],[-158.05228,-8.98022],[-158.05209,-8.98004],[-158.05195,-8.9799],[-158.05196,-8.97971],[-158.05232,-8.97973],[-158.05241,-8.97971],[-158.05223,-8.97955],[-158.05214,-8.97936],[-158.05252,-8.97937],[-158.05293,-8.97881],[-158.0531,-8.97736],[-158.05292,-8.97719],[-158.05296,-8.97632],[-158.05258,-8.97576],[-158.05188,-8.97554],[-158.05156,-8.97487],[-158.0518,-8.97429],[-158.05217,-8.97395],[-158.05304,-8.97399],[-158.05429,-8.97443],[-158.05501,-8.97451],[-158.05531,-8.97462],[-158.05584,-8.97582],[-158.05608,-8.97683],[-158.056,-8.97888],[-158.05555,-8.97972],[-158.05546,-8.97991],[-158.05534,-8.98014],[-158.05422,-8.98168],[-158.05321,-8.98278],[-158.05295,-8.98323],[-158.05252,-8.98376],[-158.05236,-8.9839],[-158.05228,-8.984],[-158.05213,-8.98412],[-158.05201,-8.98428],[-158.05155,-8.98462],[-158.05146,-8.98462],[-158.05146,-8.98471],[-158.05146,-8.9848],[-158.05137,-8.9848],[-158.05137,-8.98489],[-158.05128,-8.98489],[-158.05128,-8.98507],[-158.0512,-8.98507],[-158.0512,-8.98516],[-158.05111,-8.98516],[-158.05111,-8.98525],[-158.05102,-8.98525],[-158.05093,-8.98525],[-158.05088,-8.98542],[-158.05059,-8.98564],[-158.05013,-8.98625],[-158.05003,-8.98633],[-158.04999,-8.98647],[-158.04964,-8.9869],[-158.04934,-8.9874],[-158.04917,-8.98754],[-158.04913,-8.98758],[-158.04913,-8.98767],[-158.04904,-8.98767],[-158.04895,-8.98767],[-158.04895,-8.98776],[-158.04891,-8.98796],[-158.04877,-8.98803],[-158.04854,-8.98834],[-158.04832,-8.98866],[-158.04828,-8.98881],[-158.04801,-8.98925],[-158.04764,-8.98972],[-158.04727,-8.99036],[-158.04715,-8.99046],[-158.04715,-8.99064],[-158.04706,-8.99064],[-158.047,-8.99076],[-158.04688,-8.99082],[-158.04675,-8.99104],[-158.04616,-8.9919],[-158.04616,-8.99199],[-158.04607,-8.99199],[-158.04604,-8.99227],[-158.04589,-8.99235],[-158.04579,-8.99272],[-158.04536,-8.99306],[-158.04521,-8.99328],[-158.045,-8.99333],[-158.045,-8.99342],[-158.04506,-8.99356],[-158.04497,-8.99375],[-158.04482,-8.99378],[-158.04478,-8.99401],[-158.0445,-8.99441],[-158.0442,-8.99488],[-158.04353,-8.99566],[-158.0432,-8.99585],[-158.04317,-8.996],[-158.04311,-8.99612],[-158.04311,-8.99621],[-158.04302,-8.99621],[-158.04294,-8.99653],[-158.04275,-8.99666],[-158.04271,-8.99686],[-158.04257,-8.99693],[-158.04257,-8.99702],[-158.04248,-8.99702],[-158.04244,-8.99725],[-158.04145,-8.9989],[-158.04077,-9.0001],[-158.04047,-9.00077],[-158.03977,-9.0019],[-158.0395,-9.00213],[-158.03934,-9.00241],[-158.03934,-9.0025],[-158.03925,-9.0025],[-158.039,-9.00295],[-158.03861,-9.0036],[-158.03853,-9.00366],[-158.03837,-9.00422],[-158.03817,-9.00474],[-158.03813,-9.00497],[-158.0379,-9.00555],[-158.0379,-9.00564],[-158.03781,-9.00564],[-158.03781,-9.00573],[-158.03781,-9.00582],[-158.03772,-9.00582],[-158.03772,-9.00591],[-158.03772,-9.006],[-158.03763,-9.006],[-158.03754,-9.00618],[-158.03754,-9.00627],[-158.03745,-9.00627],[-158.03745,-9.00636],[-158.03745,-9.00645],[-158.03736,-9.00645],[-158.03736,-9.00672],[-158.03718,-9.00672],[-158.03712,-9.00684],[-158.03709,-9.00699],[-158.03703,-9.00718],[-158.03651,-9.00807],[-158.03618,-9.00877],[-158.03597,-9.0091],[-158.0357,-9.00946],[-158.03536,-9.00991],[-158.03515,-9.00991],[-158.03516,-9.01025],[-158.03507,-9.01054],[-158.03498,-9.01071],[-158.03466,-9.01158],[-158.03438,-9.01184],[-158.0339,-9.01262],[-158.03326,-9.01398],[-158.03282,-9.01439],[-158.03264,-9.01495],[-158.03186,-9.01662],[-158.03175,-9.01674],[-158.03161,-9.01687],[-158.03148,-9.01701],[-158.03143,-9.01705],[-158.03139,-9.01735],[-158.03134,-9.01714],[-158.03116,-9.01719],[-158.03064,-9.01796],[-158.03071,-9.01813]]],[[[-158.05479,-8.97357],[-158.05479,-8.97348],[-158.05506,-8.97348],[-158.05512,-8.97351],[-158.05533,-8.97393],[-158.05524,-8.97411],[-158.05537,-8.97422],[-158.05491,-8.97436],[-158.0547,-8.97411],[-158.05461,-8.97411],[-158.05461,-8.97402],[-158.05439,-8.97382],[-158.05461,-8.97375],[-158.05461,-8.97366],[-158.0547,-8.97366],[-158.05479,-8.97366],[-158.05479,-8.97357]]],[[[-157.92126,-8.96283],[-157.92084,-8.96271],[-157.921,-8.96227],[-157.92153,-8.96194],[-157.92206,-8.96233],[-157.92185,-8.96271],[-157.92143,-8.96283],[-157.9213,-8.96288],[-157.92126,-8.96283]]],[[[-157.92207,-8.96157],[-157.92198,-8.96125],[-157.92211,-8.96117],[-157.9222,-8.96117],[-157.92243,-8.96121],[-157.92256,-8.96159],[-157.92233,-8.96175],[-157.92207,-8.96157]]],[[[-158.04973,-8.96517],[-158.05,-8.96518],[-158.04998,-8.96567],[-158.04966,-8.96582],[-158.04877,-8.96603],[-158.04864,-8.96594],[-158.04877,-8.96585],[-158.04877,-8.96576],[-158.04886,-8.96576],[-158.04886,-8.96567],[-158.04895,-8.96567],[-158.04973,-8.96517]]],[[[-158.04899,-8.96324],[-158.0494,-8.96351],[-158.04924,-8.96414],[-158.04873,-8.96433],[-158.04841,-8.96425],[-158.0485,-8.96384],[-158.04859,-8.96378],[-158.04859,-8.9636],[-158.04868,-8.9636],[-158.04868,-8.96351],[-158.04877,-8.96351],[-158.04886,-8.96351],[-158.04886,-8.96342],[-158.04895,-8.96342],[-158.04899,-8.96324]]],[[[-157.89049,-9.01732],[-157.89049,-9.01759],[-157.8904,-9.01759],[-157.8904,-9.01768],[-157.89049,-9.01768],[-157.89058,-9.01768],[-157.89058,-9.01786],[-157.89053,-9.01802],[-157.89028,-9.01797],[-157.89009,-9.01758],[-157.8904,-9.0175],[-157.89032,-9.01735],[-157.89049,-9.01732]]],[[[-157.89049,-9.01732],[-157.89043,-9.01719],[-157.89051,-9.01692],[-157.89079,-9.01658],[-157.89126,-9.01642],[-157.89147,-9.01651],[-157.89178,-9.01677],[-157.89156,-9.01696],[-157.89156,-9.01705],[-157.89147,-9.01705],[-157.89138,-9.01705],[-157.89129,-9.01705],[-157.8912,-9.01705],[-157.89113,-9.01719],[-157.89094,-9.01723],[-157.89094,-9.01732],[-157.89076,-9.01732],[-157.89071,-9.01743],[-157.89067,-9.01732],[-157.89049,-9.01732]]],[[[-157.88789,-9.02057],[-157.88797,-9.02046],[-157.88801,-9.02033],[-157.88814,-9.02011],[-157.88892,-9.02059],[-157.88896,-9.02064],[-157.88907,-9.02069],[-157.88896,-9.02073],[-157.8889,-9.02085],[-157.88878,-9.02091],[-157.88869,-9.02091],[-157.88831,-9.02085],[-157.88802,-9.02099],[-157.88824,-9.02139],[-157.88805,-9.02191],[-157.88727,-9.02174],[-157.88759,-9.02224],[-157.88756,-9.0226],[-157.88716,-9.02284],[-157.88649,-9.02259],[-157.88644,-9.02235],[-157.88637,-9.02231],[-157.88656,-9.02193],[-157.88662,-9.0219],[-157.88662,-9.02181],[-157.88671,-9.02181],[-157.88671,-9.02172],[-157.8868,-9.02172],[-157.88687,-9.02148],[-157.88725,-9.02118],[-157.8873,-9.02101],[-157.88789,-9.02057]]],[[[-157.88878,-9.0193],[-157.88927,-9.01876],[-157.89004,-9.01912],[-157.89032,-9.01926],[-157.89024,-9.01944],[-157.88995,-9.01948],[-157.88986,-9.01948],[-157.88986,-9.01957],[-157.88986,-9.01965],[-157.88977,-9.01965],[-157.88968,-9.01965],[-157.88943,-9.02003],[-157.8892,-9.02023],[-157.88905,-9.02001],[-157.88891,-9.01994],[-157.88887,-9.01974],[-157.88856,-9.01948],[-157.88878,-9.0193]]],[[[-157.89807,-9.00353],[-157.89829,-9.00322],[-157.89892,-9.00327],[-157.89911,-9.00349],[-157.89931,-9.00353],[-157.89938,-9.00366],[-157.89951,-9.0039],[-157.89965,-9.00411],[-157.89965,-9.0042],[-157.89956,-9.0042],[-157.8995,-9.00472],[-157.89959,-9.00591],[-157.89933,-9.00613],[-157.89929,-9.00618],[-157.89929,-9.00627],[-157.89911,-9.00627],[-157.89896,-9.00633],[-157.89879,-9.00611],[-157.89857,-9.00639],[-157.8978,-9.00685],[-157.89776,-9.00699],[-157.89788,-9.00704],[-157.89767,-9.00708],[-157.89754,-9.00713],[-157.89726,-9.00694],[-157.897,-9.00696],[-157.89718,-9.00712],[-157.89727,-9.00726],[-157.89699,-9.00739],[-157.89701,-9.00789],[-157.89673,-9.00802],[-157.89664,-9.00811],[-157.89646,-9.00828],[-157.89555,-9.00838],[-157.89538,-9.00801],[-157.89592,-9.00713],[-157.89661,-9.00596],[-157.89677,-9.00591],[-157.89677,-9.00582],[-157.89691,-9.00559],[-157.89718,-9.00515],[-157.89731,-9.00487],[-157.89745,-9.00461],[-157.89767,-9.00411],[-157.89767,-9.00402],[-157.89776,-9.00402],[-157.89807,-9.00353]]],[[[-157.90971,-8.99181],[-157.90989,-8.99172],[-157.91004,-8.99142],[-157.91016,-8.99136],[-157.91016,-8.99127],[-157.91016,-8.991],[-157.91025,-8.991],[-157.91025,-8.99082],[-157.91034,-8.99082],[-157.91043,-8.99064],[-157.91061,-8.99055],[-157.91082,-8.9904],[-157.91097,-8.99019],[-157.91209,-8.9888],[-157.91243,-8.98828],[-157.91286,-8.98775],[-157.91317,-8.98745],[-157.91321,-8.98741],[-157.91321,-8.98732],[-157.9133,-8.98732],[-157.9133,-8.98723],[-157.91339,-8.98723],[-157.91339,-8.98714],[-157.91339,-8.98705],[-157.91347,-8.9866],[-157.91407,-8.98624],[-157.91411,-8.98588],[-157.91455,-8.98533],[-157.91465,-8.98525],[-157.91465,-8.98516],[-157.91498,-8.98445],[-157.91528,-8.98417],[-157.91528,-8.98408],[-157.91537,-8.98408],[-157.9154,-8.98375],[-157.91552,-8.98351],[-157.91555,-8.98327],[-157.91555,-8.98318],[-157.91555,-8.98309],[-157.91564,-8.98309],[-157.91568,-8.98268],[-157.91578,-8.98243],[-157.91586,-8.98205],[-157.91596,-8.9818],[-157.91604,-8.98134],[-157.91621,-8.9809],[-157.91631,-8.98044],[-157.91646,-8.98005],[-157.91658,-8.97936],[-157.91671,-8.97891],[-157.91717,-8.97878],[-157.91726,-8.97878],[-157.91726,-8.97887],[-157.9178,-8.97887],[-157.91788,-8.97887],[-157.91812,-8.97891],[-157.91828,-8.97919],[-157.91855,-8.97938],[-157.91877,-8.9797],[-157.91859,-8.97998],[-157.91844,-8.98037],[-157.9186,-8.98049],[-157.91864,-8.98024],[-157.91878,-8.98031],[-157.91894,-8.97947],[-157.92032,-8.97937],[-157.92016,-8.98025],[-157.91999,-8.98071],[-157.91982,-8.98134],[-157.91972,-8.98143],[-157.91943,-8.9827],[-157.91907,-8.98336],[-157.91874,-8.98422],[-157.9186,-8.98453],[-157.91849,-8.98496],[-157.9183,-8.9853],[-157.91824,-8.98534],[-157.91821,-8.98557],[-157.91796,-8.98583],[-157.91788,-8.98552],[-157.91804,-8.98436],[-157.91815,-8.98426],[-157.91815,-8.98399],[-157.91815,-8.98372],[-157.91798,-8.98377],[-157.9177,-8.98417],[-157.91734,-8.98409],[-157.91668,-8.98452],[-157.9164,-8.98459],[-157.91626,-8.98455],[-157.91604,-8.98484],[-157.916,-8.98507],[-157.91605,-8.98511],[-157.91624,-8.98537],[-157.9162,-8.98553],[-157.91603,-8.98565],[-157.91607,-8.98584],[-157.916,-8.98615],[-157.91613,-8.98608],[-157.91627,-8.98615],[-157.9165,-8.98606],[-157.91735,-8.98625],[-157.91762,-8.9866],[-157.91771,-8.9866],[-157.91771,-8.98669],[-157.9178,-8.98669],[-157.9178,-8.98696],[-157.91771,-8.98696],[-157.91771,-8.98705],[-157.91771,-8.98723],[-157.91762,-8.98723],[-157.91759,-8.98738],[-157.91753,-8.9875],[-157.91753,-8.98758],[-157.91744,-8.98758],[-157.91744,-8.98767],[-157.91735,-8.98767],[-157.91727,-8.98792],[-157.91701,-8.9882],[-157.9164,-8.98871],[-157.91632,-8.9888],[-157.91568,-8.98937],[-157.91522,-8.99022],[-157.91488,-8.99132],[-157.91471,-8.99147],[-157.91469,-8.99176],[-157.91471,-8.99219],[-157.91345,-8.99293],[-157.91308,-8.9932],[-157.91296,-8.99333],[-157.91171,-8.9939],[-157.91062,-8.99475],[-157.91025,-8.99486],[-157.91025,-8.99495],[-157.91016,-8.99495],[-157.90998,-8.99495],[-157.90998,-8.99504],[-157.90989,-8.99504],[-157.90989,-8.99513],[-157.90971,-8.99513],[-157.90968,-8.99528],[-157.90907,-8.99594],[-157.90862,-8.99606],[-157.90854,-8.99594],[-157.90842,-8.996],[-157.90827,-8.99603],[-157.90827,-8.99612],[-157.90818,-8.99612],[-157.90803,-8.99615],[-157.90791,-8.99621],[-157.90787,-8.99626],[-157.90759,-8.99639],[-157.90675,-8.99684],[-157.90675,-8.99693],[-157.90666,-8.99693],[-157.90666,-8.99702],[-157.90657,-8.99702],[-157.90639,-8.99711],[-157.9063,-8.99729],[-157.9063,-8.99738],[-157.90621,-8.99738],[-157.906,-8.99776],[-157.90571,-8.99788],[-157.90549,-8.99774],[-157.90557,-8.99804],[-157.90587,-8.99828],[-157.90593,-8.99879],[-157.90575,-8.99903],[-157.90556,-8.99905],[-157.90499,-8.99859],[-157.90459,-8.99854],[-157.9043,-8.99862],[-157.90423,-8.99872],[-157.90441,-8.99872],[-157.90441,-8.99881],[-157.90483,-8.99887],[-157.90531,-8.99908],[-157.9054,-8.99908],[-157.9054,-8.99917],[-157.90549,-8.99917],[-157.90549,-8.99926],[-157.90564,-8.99939],[-157.90561,-8.99974],[-157.90436,-8.99984],[-157.90414,-8.99989],[-157.90414,-8.99998],[-157.90405,-8.99998],[-157.90373,-8.99995],[-157.90351,-8.99989],[-157.90342,-8.99989],[-157.90342,-8.9998],[-157.90324,-8.9998],[-157.90324,-8.99971],[-157.90315,-8.99971],[-157.90315,-8.99962],[-157.90301,-8.99957],[-157.90198,-8.99981],[-157.90167,-9.0002],[-157.90154,-9.00052],[-157.90162,-9.00059],[-157.90171,-9.00128],[-157.90127,-9.00138],[-157.90092,-9.00194],[-157.90073,-9.00187],[-157.90042,-9.00192],[-157.90033,-9.00239],[-157.89992,-9.0025],[-157.89992,-9.00277],[-157.89974,-9.00277],[-157.89964,-9.00289],[-157.89944,-9.00299],[-157.89876,-9.00259],[-157.89881,-9.00222],[-157.8994,-9.00148],[-157.8996,-9.00101],[-157.89965,-9.00097],[-157.89976,-9.00061],[-157.90034,-8.9999],[-157.90046,-8.9998],[-157.90055,-8.99962],[-157.90055,-8.99953],[-157.90064,-8.99953],[-157.90082,-8.99917],[-157.90118,-8.99872],[-157.90118,-8.99863],[-157.90127,-8.99863],[-157.90133,-8.9986],[-157.90142,-8.99843],[-157.90154,-8.99836],[-157.90163,-8.99836],[-157.90163,-8.99827],[-157.90168,-8.99806],[-157.90189,-8.99801],[-157.90189,-8.99783],[-157.90207,-8.99783],[-157.90207,-8.99774],[-157.90237,-8.99735],[-157.90261,-8.99729],[-157.90277,-8.99706],[-157.90306,-8.99702],[-157.90306,-8.99693],[-157.90315,-8.99693],[-157.90315,-8.99684],[-157.90342,-8.99684],[-157.90351,-8.99684],[-157.90367,-8.9966],[-157.9041,-8.99644],[-157.90432,-8.9963],[-157.90441,-8.9963],[-157.90441,-8.99621],[-157.9045,-8.99621],[-157.9045,-8.99612],[-157.90455,-8.99593],[-157.90517,-8.99544],[-157.90563,-8.99525],[-157.90567,-8.99549],[-157.90595,-8.99542],[-157.90603,-8.99531],[-157.90581,-8.99526],[-157.90624,-8.99474],[-157.90648,-8.99468],[-157.90657,-8.9945],[-157.90693,-8.99432],[-157.90693,-8.99423],[-157.90702,-8.99423],[-157.90725,-8.99392],[-157.90755,-8.99387],[-157.90758,-8.99381],[-157.90776,-8.99372],[-157.9079,-8.99346],[-157.90818,-8.99342],[-157.90824,-8.9933],[-157.90836,-8.99324],[-157.90836,-8.99306],[-157.90854,-8.99306],[-157.9089,-8.99253],[-157.90928,-8.99227],[-157.90935,-8.99217],[-157.90929,-8.99212],[-157.90947,-8.99185],[-157.90962,-8.99181],[-157.90967,-8.99169],[-157.90971,-8.99181]]],[[[-157.89671,-9.0092],[-157.8969,-9.00905],[-157.89713,-9.00914],[-157.89731,-9.00914],[-157.89731,-9.00941],[-157.89713,-9.00941],[-157.89713,-9.00959],[-157.89704,-9.00959],[-157.89704,-9.00968],[-157.89704,-9.00977],[-157.89695,-9.00977],[-157.89684,-9.00998],[-157.89666,-9.00966],[-157.89677,-9.00959],[-157.89671,-9.0092]]],[[[-157.89367,-9.01294],[-157.89396,-9.0122],[-157.89426,-9.01164],[-157.89447,-9.01074],[-157.89457,-9.00991],[-157.8947,-9.00955],[-157.89506,-9.00886],[-157.89562,-9.00847],[-157.89616,-9.00884],[-157.89644,-9.00944],[-157.89659,-9.00958],[-157.89621,-9.00976],[-157.8961,-9.01004],[-157.89633,-9.0104],[-157.89652,-9.01044],[-157.89662,-9.01062],[-157.89651,-9.01067],[-157.8968,-9.01106],[-157.89687,-9.01156],[-157.89663,-9.01215],[-157.89599,-9.01301],[-157.89572,-9.01368],[-157.89552,-9.01392],[-157.89521,-9.01405],[-157.89489,-9.014],[-157.89489,-9.01409],[-157.89462,-9.01409],[-157.89462,-9.01418],[-157.89443,-9.01452],[-157.89408,-9.01498],[-157.894,-9.01547],[-157.89381,-9.01552],[-157.89372,-9.01552],[-157.89372,-9.01525],[-157.89368,-9.0147],[-157.89354,-9.01435],[-157.89328,-9.01423],[-157.89305,-9.01433],[-157.893,-9.01453],[-157.893,-9.01462],[-157.893,-9.01471],[-157.893,-9.0148],[-157.89291,-9.0148],[-157.8927,-9.01504],[-157.89233,-9.01479],[-157.89367,-9.01294]]],[[[-158.00955,-8.92218],[-158.00958,-8.92198],[-158.00978,-8.92192],[-158.00966,-8.92179],[-158.00947,-8.92169],[-158.00953,-8.92152],[-158.01109,-8.92172],[-158.01155,-8.92188],[-158.01171,-8.92205],[-158.0119,-8.92214],[-158.01257,-8.92273],[-158.01413,-8.92373],[-158.01423,-8.92396],[-158.014,-8.92416],[-158.014,-8.92425],[-158.01413,-8.92432],[-158.01397,-8.92472],[-158.01372,-8.92483],[-158.01365,-8.9247],[-158.01356,-8.9247],[-158.01356,-8.92461],[-158.01347,-8.92461],[-158.01347,-8.92452],[-158.01287,-8.92408],[-158.0125,-8.92361],[-158.01194,-8.92349],[-158.01146,-8.92321],[-158.0114,-8.92273],[-158.01133,-8.92224],[-158.01084,-8.9225],[-158.01068,-8.92255],[-158.01057,-8.92268],[-158.01041,-8.92228],[-158.00997,-8.92235],[-158.00955,-8.92218]]],[[[-158.03583,-8.92434],[-158.03601,-8.92414],[-158.03714,-8.92367],[-158.03857,-8.92304],[-158.03885,-8.92295],[-158.03907,-8.92282],[-158.03911,-8.92277],[-158.03965,-8.92254],[-158.03983,-8.92232],[-158.03997,-8.92228],[-158.03997,-8.92219],[-158.04006,-8.92219],[-158.04015,-8.92219],[-158.04018,-8.92213],[-158.04047,-8.92198],[-158.04071,-8.92177],[-158.04086,-8.92174],[-158.04086,-8.92165],[-158.04095,-8.92165],[-158.04095,-8.92156],[-158.04104,-8.92156],[-158.04113,-8.92156],[-158.04113,-8.92147],[-158.04122,-8.92147],[-158.0414,-8.92147],[-158.0414,-8.92138],[-158.04149,-8.92138],[-158.04149,-8.92129],[-158.04158,-8.92129],[-158.04167,-8.92129],[-158.04167,-8.9212],[-158.04176,-8.9212],[-158.04176,-8.92111],[-158.04185,-8.92111],[-158.04185,-8.92102],[-158.04194,-8.92102],[-158.04201,-8.92088],[-158.04221,-8.92084],[-158.04227,-8.92072],[-158.04275,-8.92048],[-158.04289,-8.92044],[-158.04324,-8.92016],[-158.04356,-8.91994],[-158.04356,-8.91985],[-158.04365,-8.91985],[-158.04374,-8.91985],[-158.04374,-8.91976],[-158.04392,-8.91976],[-158.04392,-8.91967],[-158.0441,-8.91967],[-158.0441,-8.91958],[-158.04419,-8.91958],[-158.04419,-8.91949],[-158.04446,-8.91949],[-158.04446,-8.9194],[-158.04464,-8.9194],[-158.04468,-8.91924],[-158.04496,-8.91902],[-158.04547,-8.91881],[-158.04598,-8.91877],[-158.04598,-8.91868],[-158.04607,-8.91868],[-158.04619,-8.91862],[-158.04696,-8.91856],[-158.04717,-8.919],[-158.04704,-8.91928],[-158.04697,-8.91931],[-158.04688,-8.91949],[-158.0467,-8.91958],[-158.04646,-8.92001],[-158.04567,-8.92071],[-158.04504,-8.92124],[-158.04482,-8.92165],[-158.04482,-8.92183],[-158.04491,-8.92183],[-158.04491,-8.9221],[-158.045,-8.92228],[-158.04509,-8.92302],[-158.04461,-8.92308],[-158.04459,-8.92286],[-158.04462,-8.9226],[-158.04455,-8.92255],[-158.04433,-8.9224],[-158.04419,-8.92237],[-158.04401,-8.92242],[-158.04346,-8.92273],[-158.04257,-8.92282],[-158.04239,-8.92282],[-158.04239,-8.92291],[-158.04221,-8.92291],[-158.04218,-8.92297],[-158.04182,-8.92315],[-158.04158,-8.92318],[-158.0414,-8.92318],[-158.0414,-8.92327],[-158.04122,-8.92327],[-158.04122,-8.92336],[-158.04104,-8.92336],[-158.04097,-8.92349],[-158.04077,-8.92354],[-158.04061,-8.92377],[-158.04007,-8.92412],[-158.03979,-8.92416],[-158.03979,-8.92425],[-158.03961,-8.92425],[-158.03952,-8.92425],[-158.03952,-8.92434],[-158.03934,-8.92434],[-158.03916,-8.92443],[-158.03916,-8.92452],[-158.03898,-8.92452],[-158.03898,-8.92461],[-158.0388,-8.92461],[-158.0388,-8.9247],[-158.03862,-8.9247],[-158.03817,-8.9247],[-158.03813,-8.92475],[-158.03736,-8.92488],[-158.03736,-8.92497],[-158.03727,-8.92497],[-158.03712,-8.9252],[-158.03682,-8.92524],[-158.03659,-8.92531],[-158.03627,-8.92559],[-158.03592,-8.92614],[-158.03592,-8.92623],[-158.03583,-8.92623],[-158.03573,-8.92657],[-158.03508,-8.92715],[-158.03393,-8.92779],[-158.03356,-8.92796],[-158.0335,-8.92749],[-158.03359,-8.92731],[-158.0335,-8.92725],[-158.03335,-8.92682],[-158.03326,-8.92708],[-158.03332,-8.92722],[-158.03332,-8.92749],[-158.03323,-8.92749],[-158.03319,-8.92769],[-158.03314,-8.92758],[-158.03296,-8.92758],[-158.03296,-8.92767],[-158.03278,-8.92767],[-158.03256,-8.92781],[-158.03233,-8.92785],[-158.03224,-8.92785],[-158.03207,-8.92791],[-158.03122,-8.92807],[-158.0304,-8.92797],[-158.03004,-8.92801],[-158.02945,-8.92787],[-158.02937,-8.92758],[-158.02919,-8.92749],[-158.02909,-8.92757],[-158.02892,-8.92776],[-158.02811,-8.92798],[-158.02752,-8.92777],[-158.02717,-8.92789],[-158.02694,-8.92794],[-158.02676,-8.92794],[-158.02676,-8.92785],[-158.02644,-8.92788],[-158.02622,-8.92794],[-158.02622,-8.92803],[-158.02613,-8.92803],[-158.02604,-8.92803],[-158.02604,-8.92812],[-158.02595,-8.92812],[-158.02595,-8.92821],[-158.02586,-8.92821],[-158.0255,-8.92821],[-158.02541,-8.92821],[-158.02541,-8.92812],[-158.02526,-8.92809],[-158.02514,-8.92803],[-158.02499,-8.928],[-158.02469,-8.92785],[-158.0246,-8.92785],[-158.02362,-8.92785],[-158.02362,-8.92776],[-158.02326,-8.92776],[-158.02308,-8.92767],[-158.02299,-8.92749],[-158.02263,-8.9274],[-158.02263,-8.92749],[-158.02236,-8.92749],[-158.022,-8.92758],[-158.022,-8.92767],[-158.02191,-8.92767],[-158.02155,-8.92767],[-158.02146,-8.92767],[-158.02146,-8.92758],[-158.02114,-8.92754],[-158.02056,-8.92737],[-158.0199,-8.92726],[-158.01939,-8.92705],[-158.0193,-8.92695],[-158.01895,-8.92677],[-158.01813,-8.92672],[-158.01795,-8.92633],[-158.01832,-8.92587],[-158.01838,-8.92575],[-158.0185,-8.92569],[-158.01857,-8.92555],[-158.01888,-8.92548],[-158.01913,-8.9256],[-158.01927,-8.92563],[-158.01939,-8.92569],[-158.01948,-8.92557],[-158.01957,-8.92569],[-158.02011,-8.92578],[-158.02038,-8.92578],[-158.02038,-8.92587],[-158.02047,-8.92587],[-158.02047,-8.92605],[-158.02083,-8.92614],[-158.02088,-8.92603],[-158.02092,-8.92614],[-158.02133,-8.92618],[-158.02186,-8.92628],[-158.02218,-8.92632],[-158.02221,-8.92626],[-158.02243,-8.9262],[-158.02254,-8.92641],[-158.02272,-8.92641],[-158.0229,-8.92641],[-158.02294,-8.92629],[-158.02299,-8.92641],[-158.02308,-8.92641],[-158.02317,-8.92641],[-158.02326,-8.92641],[-158.02391,-8.92627],[-158.02486,-8.92649],[-158.02478,-8.92668],[-158.02496,-8.92668],[-158.02496,-8.92677],[-158.02508,-8.92683],[-158.02532,-8.92686],[-158.02595,-8.92686],[-158.02601,-8.92663],[-158.02705,-8.92655],[-158.02757,-8.92668],[-158.02771,-8.92672],[-158.02793,-8.92685],[-158.02829,-8.92659],[-158.02838,-8.92659],[-158.02874,-8.9265],[-158.02874,-8.92641],[-158.0291,-8.92641],[-158.0291,-8.92632],[-158.02928,-8.92632],[-158.02969,-8.92619],[-158.03003,-8.92609],[-158.03049,-8.92601],[-158.03062,-8.92596],[-158.03139,-8.92583],[-158.03174,-8.92573],[-158.03247,-8.92556],[-158.0338,-8.92509],[-158.03386,-8.92515],[-158.03421,-8.92489],[-158.03478,-8.92466],[-158.03503,-8.92461],[-158.0352,-8.92461],[-158.03524,-8.92456],[-158.0355,-8.92438],[-158.03583,-8.92434]]],[[[-158.01733,-8.92623],[-158.01733,-8.92614],[-158.01707,-8.92607],[-158.01675,-8.92578],[-158.01688,-8.92569],[-158.01714,-8.92531],[-158.01799,-8.9252],[-158.01805,-8.92569],[-158.01802,-8.92585],[-158.01766,-8.92621],[-158.01742,-8.92623],[-158.01733,-8.92623]]],[[[-158.05075,-8.92442],[-158.05084,-8.92434],[-158.05095,-8.92395],[-158.05163,-8.92385],[-158.05173,-8.92398],[-158.05204,-8.92404],[-158.05222,-8.92433],[-158.05209,-8.92443],[-158.05205,-8.92463],[-158.05191,-8.9247],[-158.05191,-8.92479],[-158.05182,-8.92479],[-158.05182,-8.92488],[-158.05173,-8.92488],[-158.05169,-8.92504],[-158.05112,-8.92553],[-158.05062,-8.92582],[-158.05043,-8.92551],[-158.05061,-8.92502],[-158.05075,-8.92442]]],[[[-157.99855,-8.91689],[-157.99707,-8.91685],[-157.99708,-8.91672],[-157.99851,-8.91684],[-157.99855,-8.91689]]],[[[-158.00148,-8.91894],[-158.00193,-8.91855],[-158.00197,-8.9185],[-158.00201,-8.91845],[-158.00273,-8.91802],[-158.00314,-8.91797],[-158.00322,-8.91797],[-158.00322,-8.91806],[-158.0034,-8.91806],[-158.0034,-8.91815],[-158.00376,-8.91815],[-158.00385,-8.91815],[-158.00385,-8.91824],[-158.00394,-8.91824],[-158.00426,-8.91836],[-158.00478,-8.91874],[-158.00547,-8.91916],[-158.00583,-8.91922],[-158.00604,-8.91914],[-158.00641,-8.91963],[-158.00688,-8.92017],[-158.00664,-8.9203],[-158.00677,-8.92069],[-158.00646,-8.92106],[-158.00573,-8.92067],[-158.00499,-8.92011],[-158.00457,-8.91997],[-158.00403,-8.91967],[-158.00385,-8.91967],[-158.00327,-8.91974],[-158.00179,-8.91962],[-158.00144,-8.91943],[-158.00148,-8.91894]]],[[[-157.99855,-8.91689],[-157.99917,-8.91694],[-157.99967,-8.9173],[-158,-8.9175],[-158.00027,-8.91782],[-158.00035,-8.91824],[-158.00044,-8.91824],[-158.00044,-8.91832],[-158.00044,-8.91841],[-158.0005,-8.91845],[-158.00056,-8.91892],[-158.00006,-8.9191],[-157.99981,-8.91913],[-157.99932,-8.91909],[-157.99818,-8.919],[-157.99702,-8.91875],[-157.99564,-8.91891],[-157.99514,-8.91895],[-157.99506,-8.91906],[-157.9946,-8.91913],[-157.9946,-8.91922],[-157.99442,-8.91922],[-157.99269,-8.91962],[-157.9923,-8.91975],[-157.99116,-8.91999],[-157.99087,-8.9199],[-157.99056,-8.91967],[-157.99029,-8.91967],[-157.99034,-8.91985],[-157.99056,-8.92024],[-157.98964,-8.92089],[-157.98855,-8.9215],[-157.98782,-8.9216],[-157.98773,-8.9218],[-157.98734,-8.92197],[-157.98674,-8.92232],[-157.98647,-8.92251],[-157.98629,-8.92259],[-157.98571,-8.92307],[-157.98513,-8.92331],[-157.98481,-8.92336],[-157.98481,-8.92345],[-157.98463,-8.92345],[-157.98463,-8.92354],[-157.98445,-8.92354],[-157.9843,-8.92375],[-157.98409,-8.9238],[-157.98409,-8.92389],[-157.984,-8.92389],[-157.98377,-8.92438],[-157.98353,-8.92507],[-157.98325,-8.9253],[-157.9831,-8.92533],[-157.98301,-8.92533],[-157.98292,-8.92533],[-157.98292,-8.92524],[-157.98269,-8.92521],[-157.98247,-8.92515],[-157.98219,-8.92564],[-157.98198,-8.92565],[-157.98158,-8.9252],[-157.98132,-8.92552],[-157.98135,-8.92601],[-157.98131,-8.92605],[-157.98127,-8.92625],[-157.98083,-8.92647],[-157.98068,-8.9265],[-157.98068,-8.92659],[-157.9805,-8.92659],[-157.98041,-8.92659],[-157.98033,-8.92669],[-157.97982,-8.9269],[-157.97951,-8.92713],[-157.97951,-8.92722],[-157.97942,-8.92722],[-157.97942,-8.92731],[-157.97915,-8.92731],[-157.97915,-8.92722],[-157.97897,-8.92731],[-157.97897,-8.92749],[-157.97888,-8.92749],[-157.97888,-8.92758],[-157.97879,-8.92758],[-157.97873,-8.9277],[-157.97861,-8.92776],[-157.97831,-8.92791],[-157.9778,-8.92794],[-157.9778,-8.92803],[-157.97771,-8.92803],[-157.97771,-8.92812],[-157.97753,-8.92812],[-157.97753,-8.92821],[-157.97744,-8.92821],[-157.97721,-8.92833],[-157.97699,-8.92848],[-157.97699,-8.92857],[-157.9769,-8.92857],[-157.97681,-8.92857],[-157.97681,-8.92866],[-157.97672,-8.92866],[-157.97672,-8.92875],[-157.97654,-8.92901],[-157.97628,-8.92919],[-157.97628,-8.92928],[-157.97619,-8.92928],[-157.97589,-8.92943],[-157.97574,-8.92946],[-157.97574,-8.92955],[-157.97556,-8.92955],[-157.97547,-8.92973],[-157.97529,-8.92982],[-157.97463,-8.93058],[-157.97448,-8.93063],[-157.97448,-8.93072],[-157.97439,-8.93072],[-157.97439,-8.93081],[-157.97421,-8.93081],[-157.97421,-8.9309],[-157.97403,-8.9309],[-157.97367,-8.9309],[-157.97363,-8.93095],[-157.97312,-8.93114],[-157.97258,-8.93154],[-157.9725,-8.93144],[-157.97256,-8.93108],[-157.97253,-8.9309],[-157.97257,-8.93068],[-157.97245,-8.93059],[-157.97241,-8.93054],[-157.97223,-8.93054],[-157.97223,-8.93072],[-157.97214,-8.93072],[-157.97214,-8.93135],[-157.97236,-8.93168],[-157.97202,-8.93176],[-157.97151,-8.9318],[-157.97142,-8.9318],[-157.97138,-8.93185],[-157.96977,-8.93274],[-157.96924,-8.93348],[-157.9687,-8.93387],[-157.96814,-8.934],[-157.9671,-8.93448],[-157.96667,-8.93495],[-157.96635,-8.93525],[-157.96507,-8.93535],[-157.96496,-8.93521],[-157.96484,-8.93517],[-157.96496,-8.93512],[-157.96496,-8.93503],[-157.96505,-8.93503],[-157.96514,-8.93503],[-157.96514,-8.93494],[-157.96526,-8.9347],[-157.96561,-8.93452],[-157.96594,-8.93449],[-157.96594,-8.93431],[-157.9663,-8.93431],[-157.96662,-8.93392],[-157.96666,-8.93378],[-157.96666,-8.93351],[-157.96625,-8.93347],[-157.96603,-8.93333],[-157.96584,-8.93341],[-157.96551,-8.93333],[-157.96517,-8.93312],[-157.96514,-8.93297],[-157.96505,-8.93297],[-157.96505,-8.93288],[-157.96501,-8.93282],[-157.96485,-8.93271],[-157.96541,-8.93234],[-157.96544,-8.93229],[-157.9657,-8.93211],[-157.96586,-8.93207],[-157.96586,-8.93198],[-157.96594,-8.93198],[-157.96594,-8.93189],[-157.96621,-8.93189],[-157.96621,-8.9318],[-157.9663,-8.9318],[-157.96639,-8.9318],[-157.96639,-8.93171],[-157.96657,-8.93171],[-157.96693,-8.93162],[-157.96693,-8.93153],[-157.96702,-8.93153],[-157.96711,-8.93153],[-157.96726,-8.9315],[-157.96738,-8.93144],[-157.96778,-8.93121],[-157.96806,-8.93113],[-157.96859,-8.93091],[-157.96915,-8.93061],[-157.9698,-8.93036],[-157.97021,-8.93023],[-157.9704,-8.93013],[-157.97057,-8.93014],[-157.97066,-8.93005],[-157.97094,-8.92986],[-157.97111,-8.92987],[-157.9712,-8.92987],[-157.97129,-8.92987],[-157.97143,-8.92972],[-157.97233,-8.92921],[-157.9734,-8.92879],[-157.97509,-8.92804],[-157.97556,-8.92767],[-157.97623,-8.92735],[-157.97654,-8.92719],[-157.97722,-8.92691],[-157.97767,-8.92654],[-157.97866,-8.92601],[-157.97917,-8.92566],[-157.97978,-8.92537],[-157.981,-8.92466],[-157.98189,-8.92394],[-157.98252,-8.92349],[-157.98302,-8.92309],[-157.98321,-8.92288],[-157.984,-8.92228],[-157.98404,-8.92223],[-157.98436,-8.92198],[-157.98463,-8.92183],[-157.98467,-8.92169],[-157.98483,-8.92158],[-157.98494,-8.92142],[-157.98519,-8.92124],[-157.9854,-8.92116],[-157.98558,-8.92105],[-157.98562,-8.9212],[-157.98571,-8.9212],[-157.9858,-8.9212],[-157.98589,-8.9212],[-157.98589,-8.92111],[-157.98584,-8.92107],[-157.98575,-8.92097],[-157.98611,-8.9208],[-157.98706,-8.9203],[-157.98706,-8.92021],[-157.98715,-8.92021],[-157.98721,-8.91997],[-157.9875,-8.91976],[-157.98785,-8.9195],[-157.9886,-8.91918],[-157.98943,-8.91896],[-157.98948,-8.91913],[-157.98975,-8.91895],[-157.98975,-8.91886],[-157.98984,-8.91886],[-157.98984,-8.91877],[-157.98988,-8.91866],[-157.98993,-8.91877],[-157.99002,-8.91877],[-157.9902,-8.91877],[-157.99025,-8.91859],[-157.99063,-8.91836],[-157.99079,-8.91837],[-157.99108,-8.91821],[-157.99173,-8.91815],[-157.99182,-8.91815],[-157.99186,-8.9181],[-157.99244,-8.91777],[-157.99294,-8.91766],[-157.9932,-8.91756],[-157.99383,-8.91738],[-157.99415,-8.91734],[-157.99415,-8.91725],[-157.99424,-8.91725],[-157.99447,-8.91721],[-157.99464,-8.91711],[-157.99637,-8.91694],[-157.99649,-8.91707],[-157.99712,-8.91707],[-157.99749,-8.91698],[-157.99801,-8.91707],[-157.99874,-8.91714],[-157.99891,-8.91734],[-157.99918,-8.91734],[-157.99912,-8.91709],[-157.99895,-8.91712],[-157.99888,-8.91701],[-157.99859,-8.91694],[-157.99855,-8.91689]]],[[[-157.9273,-8.94864],[-157.92741,-8.94842],[-157.92765,-8.94854],[-157.92771,-8.94883],[-157.92741,-8.94887],[-157.9273,-8.94864]]],[[[-157.92929,-8.94545],[-157.92929,-8.94536],[-157.92905,-8.94524],[-157.92902,-8.94509],[-157.92898,-8.94505],[-157.92889,-8.94442],[-157.92878,-8.94412],[-157.92807,-8.9438],[-157.92788,-8.94358],[-157.92772,-8.94289],[-157.92739,-8.94197],[-157.92732,-8.94159],[-157.92737,-8.94093],[-157.92785,-8.94083],[-157.92822,-8.94104],[-157.92831,-8.94132],[-157.9284,-8.94132],[-157.9284,-8.94141],[-157.92855,-8.94166],[-157.92872,-8.94221],[-157.92925,-8.94307],[-157.92938,-8.9433],[-157.92966,-8.94338],[-157.92983,-8.94465],[-157.92979,-8.94513],[-157.92938,-8.94545],[-157.92929,-8.94545]]],[[[-157.92587,-8.95502],[-157.92601,-8.95502],[-157.9261,-8.95502],[-157.92622,-8.95503],[-157.92654,-8.95538],[-157.92679,-8.95549],[-157.92661,-8.95703],[-157.92666,-8.95793],[-157.92646,-8.95879],[-157.92638,-8.95934],[-157.92583,-8.96032],[-157.92567,-8.96067],[-157.92561,-8.96073],[-157.92519,-8.96125],[-157.92468,-8.96218],[-157.92386,-8.9631],[-157.92357,-8.9636],[-157.92327,-8.96386],[-157.9231,-8.96405],[-157.92301,-8.96414],[-157.92301,-8.96423],[-157.92292,-8.96423],[-157.92284,-8.96469],[-157.92269,-8.96508],[-157.92256,-8.96569],[-157.92247,-8.96576],[-157.92252,-8.96589],[-157.9223,-8.96676],[-157.9222,-8.96683],[-157.9222,-8.96692],[-157.92226,-8.96704],[-157.92229,-8.96764],[-157.92236,-8.96817],[-157.9226,-8.96876],[-157.92269,-8.96907],[-157.92251,-8.96939],[-157.92224,-8.96999],[-157.92194,-8.97011],[-157.92165,-8.96977],[-157.92173,-8.9687],[-157.92189,-8.96814],[-157.92202,-8.96755],[-157.92208,-8.96743],[-157.92211,-8.96692],[-157.92211,-8.96665],[-157.92211,-8.96621],[-157.92211,-8.96594],[-157.92217,-8.96532],[-157.92229,-8.96522],[-157.92237,-8.96458],[-157.92247,-8.9645],[-157.9226,-8.96337],[-157.92265,-8.96333],[-157.92259,-8.96321],[-157.92256,-8.96306],[-157.92256,-8.96297],[-157.92274,-8.96297],[-157.92274,-8.96288],[-157.92279,-8.96267],[-157.92301,-8.96252],[-157.92301,-8.96243],[-157.9231,-8.96243],[-157.92316,-8.96177],[-157.92301,-8.96135],[-157.92289,-8.96129],[-157.92283,-8.96117],[-157.92275,-8.96107],[-157.92255,-8.96093],[-157.92267,-8.96042],[-157.92283,-8.96019],[-157.92283,-8.9601],[-157.92292,-8.9601],[-157.92327,-8.95992],[-157.92336,-8.95964],[-157.92359,-8.959],[-157.92386,-8.95835],[-157.92395,-8.95807],[-157.92416,-8.95755],[-157.92472,-8.95666],[-157.92502,-8.95592],[-157.92537,-8.95513],[-157.92587,-8.95502]]],[[[-157.92733,-8.95117],[-157.92741,-8.95147],[-157.9275,-8.95165],[-157.92768,-8.95165],[-157.92782,-8.95172],[-157.92786,-8.95192],[-157.92786,-8.95201],[-157.92777,-8.95201],[-157.92771,-8.95234],[-157.92745,-8.95295],[-157.9273,-8.95343],[-157.92697,-8.95424],[-157.92623,-8.9542],[-157.92589,-8.95401],[-157.92593,-8.95335],[-157.92626,-8.95211],[-157.92638,-8.95179],[-157.92642,-8.95165],[-157.92655,-8.95133],[-157.9266,-8.95129],[-157.9266,-8.9512],[-157.92705,-8.9512],[-157.92705,-8.95129],[-157.92733,-8.95117]]],[[[-158.04969,-8.93095],[-158.05039,-8.93105],[-158.05031,-8.93211],[-158.05037,-8.9329],[-158.05026,-8.93391],[-158.04961,-8.9347],[-158.04989,-8.93521],[-158.0498,-8.93526],[-158.04958,-8.93512],[-158.04967,-8.93593],[-158.04953,-8.93687],[-158.04944,-8.93751],[-158.0491,-8.93863],[-158.04865,-8.93982],[-158.04854,-8.94002],[-158.04841,-8.94029],[-158.04812,-8.94084],[-158.0478,-8.94131],[-158.04707,-8.94149],[-158.04623,-8.94145],[-158.04612,-8.94056],[-158.04602,-8.94015],[-158.04603,-8.93966],[-158.04603,-8.93941],[-158.04604,-8.9393],[-158.04626,-8.93953],[-158.04639,-8.93938],[-158.04607,-8.93908],[-158.04612,-8.93774],[-158.04748,-8.93586],[-158.04799,-8.93539],[-158.04839,-8.93477],[-158.04871,-8.93375],[-158.04891,-8.93338],[-158.04913,-8.93269],[-158.04922,-8.93243],[-158.04917,-8.93202],[-158.04919,-8.93183],[-158.04936,-8.9314],[-158.0494,-8.93126],[-158.0494,-8.93117],[-158.04949,-8.93117],[-158.04949,-8.93108],[-158.04958,-8.93108],[-158.04969,-8.93095]]],[[[-158.05034,-8.92864],[-158.0503,-8.92821],[-158.05033,-8.92797],[-158.05039,-8.92785],[-158.05026,-8.92755],[-158.05044,-8.92727],[-158.05054,-8.927],[-158.05075,-8.92695],[-158.05086,-8.9268],[-158.05126,-8.92691],[-158.05123,-8.92709],[-158.05158,-8.92723],[-158.05133,-8.92808],[-158.05128,-8.92812],[-158.05124,-8.92837],[-158.05075,-8.92875],[-158.05034,-8.92864]]],[[[-157.96433,-8.93315],[-157.96433,-8.93324],[-157.96424,-8.93324],[-157.96424,-8.93333],[-157.96433,-8.93333],[-157.96442,-8.93333],[-157.96461,-8.93336],[-157.96472,-8.93354],[-157.9646,-8.9336],[-157.96446,-8.93395],[-157.96433,-8.93405],[-157.96433,-8.93414],[-157.96424,-8.93414],[-157.96424,-8.93423],[-157.96406,-8.93423],[-157.96397,-8.93423],[-157.96393,-8.93442],[-157.96379,-8.93449],[-157.96364,-8.93472],[-157.96384,-8.93498],[-157.96396,-8.93543],[-157.9642,-8.93535],[-157.9645,-8.93517],[-157.96464,-8.93535],[-157.96424,-8.93557],[-157.96424,-8.93566],[-157.96415,-8.93566],[-157.96399,-8.93598],[-157.96367,-8.93626],[-157.96352,-8.93629],[-157.96343,-8.93629],[-157.96343,-8.93638],[-157.96316,-8.93638],[-157.96316,-8.93629],[-157.96307,-8.93629],[-157.96244,-8.93665],[-157.96216,-8.93702],[-157.96155,-8.93714],[-157.96145,-8.93701],[-157.96136,-8.93701],[-157.96136,-8.93692],[-157.96127,-8.93692],[-157.96127,-8.93683],[-157.96113,-8.93679],[-157.96073,-8.93626],[-157.96047,-8.93611],[-157.96038,-8.93611],[-157.96038,-8.9362],[-157.96038,-8.93629],[-157.96038,-8.93647],[-157.9605,-8.93675],[-157.96032,-8.93687],[-157.96025,-8.93733],[-157.9602,-8.93737],[-157.96002,-8.93755],[-157.9588,-8.93813],[-157.958,-8.93856],[-157.95768,-8.93845],[-157.95746,-8.9385],[-157.95696,-8.93854],[-157.95658,-8.93869],[-157.95642,-8.93863],[-157.95639,-8.93869],[-157.95591,-8.93893],[-157.95493,-8.93887],[-157.95478,-8.93875],[-157.95409,-8.93872],[-157.95397,-8.93878],[-157.95373,-8.93881],[-157.95328,-8.93886],[-157.95299,-8.93883],[-157.95256,-8.9389],[-157.95251,-8.93893],[-157.95173,-8.93909],[-157.95166,-8.93899],[-157.95126,-8.93903],[-157.95067,-8.93899],[-157.9504,-8.93899],[-157.9504,-8.9389],[-157.95019,-8.93895],[-157.94951,-8.93899],[-157.94885,-8.93929],[-157.94765,-8.93945],[-157.94588,-8.93938],[-157.94582,-8.93845],[-157.94564,-8.93854],[-157.94561,-8.93871],[-157.94526,-8.93884],[-157.94483,-8.93863],[-157.94456,-8.93854],[-157.94405,-8.93836],[-157.9428,-8.93807],[-157.94176,-8.93746],[-157.94146,-8.93733],[-157.94138,-8.93723],[-157.94092,-8.93706],[-157.94048,-8.93678],[-157.9398,-8.9364],[-157.93962,-8.9362],[-157.93909,-8.93611],[-157.93784,-8.93606],[-157.93756,-8.93575],[-157.93706,-8.93571],[-157.93688,-8.9356],[-157.93624,-8.93535],[-157.93574,-8.93544],[-157.93486,-8.93602],[-157.93478,-8.93611],[-157.93438,-8.93648],[-157.93375,-8.9366],[-157.93338,-8.93627],[-157.93379,-8.93539],[-157.93402,-8.93491],[-157.93405,-8.93476],[-157.93414,-8.93444],[-157.93439,-8.93427],[-157.93537,-8.93419],[-157.9358,-8.93437],[-157.93608,-8.93444],[-157.93621,-8.93449],[-157.93626,-8.93438],[-157.9363,-8.93449],[-157.93639,-8.93449],[-157.93639,-8.9344],[-157.93648,-8.9344],[-157.93666,-8.9344],[-157.93666,-8.93449],[-157.93702,-8.93449],[-157.93711,-8.93449],[-157.93711,-8.93458],[-157.93729,-8.93458],[-157.93729,-8.93467],[-157.93768,-8.93474],[-157.93797,-8.93491],[-157.93814,-8.93489],[-157.93882,-8.93496],[-157.93926,-8.93503],[-157.9394,-8.93498],[-157.93979,-8.93507],[-157.93989,-8.93521],[-157.94025,-8.93526],[-157.94092,-8.93543],[-157.94052,-8.93548],[-157.94052,-8.93557],[-157.94096,-8.93563],[-157.94151,-8.93575],[-157.94158,-8.93563],[-157.94169,-8.93584],[-157.94219,-8.93588],[-157.94283,-8.93603],[-157.94351,-8.9363],[-157.94362,-8.93643],[-157.94438,-8.93663],[-157.94465,-8.93674],[-157.94469,-8.93669],[-157.94492,-8.93659],[-157.94537,-8.93665],[-157.94615,-8.93687],[-157.94695,-8.93696],[-157.9473,-8.93706],[-157.94799,-8.93718],[-157.94807,-8.93728],[-157.9485,-8.93731],[-157.94843,-8.93746],[-157.94855,-8.93752],[-157.94888,-8.93755],[-157.94906,-8.93755],[-157.94902,-8.9375],[-157.94884,-8.93735],[-157.94944,-8.93724],[-157.95027,-8.93742],[-157.9512,-8.93751],[-157.95139,-8.9375],[-157.95153,-8.93751],[-157.95162,-8.9375],[-157.9522,-8.93755],[-157.95224,-8.9375],[-157.95431,-8.93742],[-157.95534,-8.93737],[-157.95534,-8.93728],[-157.95543,-8.93728],[-157.9557,-8.93728],[-157.9557,-8.93719],[-157.95579,-8.93719],[-157.95584,-8.93715],[-157.95597,-8.93714],[-157.95665,-8.9369],[-157.95771,-8.9366],[-157.95822,-8.93656],[-157.95869,-8.93643],[-157.95924,-8.93602],[-157.95957,-8.93593],[-157.95964,-8.93565],[-157.96016,-8.93544],[-157.96032,-8.93534],[-157.96055,-8.9353],[-157.96055,-8.93521],[-157.96064,-8.93521],[-157.96069,-8.93516],[-157.96094,-8.93494],[-157.96172,-8.93449],[-157.96199,-8.93431],[-157.96221,-8.93417],[-157.96244,-8.93405],[-157.9625,-8.93395],[-157.96286,-8.93383],[-157.96301,-8.93372],[-157.96322,-8.93365],[-157.96337,-8.93354],[-157.96357,-8.93347],[-157.96373,-8.93336],[-157.96397,-8.93333],[-157.96415,-8.93324],[-157.96415,-8.93315],[-157.96424,-8.93315],[-157.96433,-8.93315]]],[[[-157.96433,-8.93315],[-157.96436,-8.93304],[-157.96444,-8.93312],[-157.96433,-8.93315]]]]},"properties":{"area_code":"penrhyn","area_name":"Penrhyn","area_unit_id":"ck-island-2021-composite-geoboundaries-adm0-osm:penrhyn","boundary_set_id":"ck-island-2021-composite-geoboundaries-adm0-osm","boundary_level":"island","boundary_vintage":"2021","boundary_source":"geoBoundaries COK ADM0 (Sentinel-2 10m land cover, raster2polygon); parts clustered to island","boundary_licence":"CC BY 4.0","land_area_sq_km":8.2057}}
]}