{"type":"FeatureCollection","crs":{"type":"name","properties":{"name":"urn:ogc:def:crs:OGC:1.3:CRS84"}},"features":[{"type":"Feature","properties":{"area_code":"77236927B63418931336998","area_name":"Aneityum","level":"area_council"},"geometry":{"type":"Polygon","coordinates":[[[169.832162,-20.25073],[169.835836,-20.251517],[169.847529,-20.241693],[169.847131,-20.243831],[169.84838,-20.244278],[169.84683,-20.244577],[169.851074,-20.248207],[169.850999,-20.25238],[169.856763,-20.249822],[169.858407,-20.250548],[169.863276,-20.245327],[169.868994,-20.248455],[169.870981,-20.247658],[169.871648,-20.244946],[169.874457,-20.245519],[169.875164,-20.243401],[169.878028,-20.242487],[169.877389,-20.238203],[169.878707,-20.235853],[169.886396,-20.232345],[169.887306,-20.228601],[169.888843,-20.227845],[169.888273,-20.225885],[169.891454,-20.224269],[169.889126,-20.221643],[169.889699,-20.219377],[169.89411,-20.217329],[169.894875,-20.214274],[169.898682,-20.212596],[169.896645,-20.20779],[169.900578,-20.203902],[169.899904,-20.195738],[169.904111,-20.19343],[169.901832,-20.191909],[169.900413,-20.184534],[169.897214,-20.178783],[169.893231,-20.174386],[169.892681,-20.168191],[169.88965,-20.166738],[169.887586,-20.162481],[169.885204,-20.161317],[169.881205,-20.162135],[169.877641,-20.160502],[169.876291,-20.1582],[169.87701,-20.154505],[169.875202,-20.155582],[169.864412,-20.154688],[169.859078,-20.151251],[169.856863,-20.146802],[169.852402,-20.145854],[169.846569,-20.140356],[169.83896,-20.135893],[169.832205,-20.134975],[169.828291,-20.137622],[169.82381,-20.134906],[169.814696,-20.136243],[169.811261,-20.135112],[169.793344,-20.135443],[169.787258,-20.136479],[169.786984,-20.137899],[169.786341,-20.136915],[169.779779,-20.140394],[169.777554,-20.144002],[169.77122,-20.137701],[169.768154,-20.14173],[169.754209,-20.146241],[169.75525,-20.147969],[169.75396,-20.150881],[169.748921,-20.153813],[169.744766,-20.159619],[169.745445,-20.163645],[169.742559,-20.173593],[169.744243,-20.181035],[169.742345,-20.186833],[169.746769,-20.191559],[169.748501,-20.200756],[169.754145,-20.204672],[169.756903,-20.213986],[169.765398,-20.217276],[169.76614,-20.219959],[169.764503,-20.224702],[169.770738,-20.234689],[169.77565,-20.232471],[169.780239,-20.232861],[169.782965,-20.236063],[169.780617,-20.242541],[169.781746,-20.243792],[169.786724,-20.240468],[169.790142,-20.229831],[169.789503,-20.234615],[169.793604,-20.234511],[169.796067,-20.236696],[169.802244,-20.237172],[169.804225,-20.240647],[169.80769,-20.240838],[169.81476,-20.23579],[169.819195,-20.24247],[169.826655,-20.241396],[169.829573,-20.249894],[169.832162,-20.25073]]]}},{"type":"Feature","properties":{"area_code":"77236927B97444346691075","area_name":"Aniwa","level":"area_council"},"geometry":{"type":"Polygon","coordinates":[[[169.605403,-19.238413],[169.60312,-19.233336],[169.603459,-19.22699],[169.600992,-19.223107],[169.598355,-19.229723],[169.598342,-19.23969],[169.593701,-19.248137],[169.593007,-19.254008],[169.589471,-19.260986],[169.590368,-19.265199],[169.589225,-19.26691],[169.593783,-19.276312],[169.60304,-19.272221],[169.604885,-19.269939],[169.607771,-19.260403],[169.608038,-19.248754],[169.614341,-19.229245],[169.613264,-19.217358],[169.606553,-19.211596],[169.604263,-19.213104],[169.603972,-19.21523],[169.606462,-19.216451],[169.606544,-19.214157],[169.607715,-19.215462],[169.607868,-19.218698],[169.610329,-19.220491],[169.610352,-19.225451],[169.610898,-19.22252],[169.613161,-19.222087],[169.611187,-19.223325],[169.611063,-19.226207],[169.612184,-19.226489],[169.608236,-19.229775],[169.612128,-19.231574],[169.609252,-19.232335],[169.611098,-19.234323],[169.608581,-19.235],[169.605698,-19.240392],[169.606563,-19.24561],[169.604992,-19.241258],[169.605403,-19.238413]]]}},{"type":"Feature","properties":{"area_code":"77236927B64905396997634","area_name":"Canal - Fanafo","level":"area_council"},"geometry":{"type":"MultiPolygon","coordinates":[[[[167.031009,-15.580091],[167.031868,-15.581174],[167.037004,-15.579321],[167.040882,-15.580882],[167.040813,-15.585971],[167.041839,-15.586781],[167.044203,-15.585009],[167.044902,-15.588013],[167.04637,-15.587648],[167.04651,-15.589966],[167.051309,-15.592776],[167.054287,-15.598161],[167.05565,-15.598425],[167.055978,-15.59528],[167.059585,-15.595524],[167.05644,-15.597623],[167.05712,-15.600049],[167.061542,-15.598521],[167.063046,-15.6003],[167.05695,-15.600305],[167.060437,-15.60349],[167.082045,-15.602504],[167.084393,-15.60096],[167.084186,-15.598864],[167.085694,-15.599576],[167.084846,-15.601959],[167.088224,-15.599525],[167.09043,-15.600875],[167.089554,-15.604265],[167.095925,-15.60457],[167.10145,-15.602844],[167.104245,-15.594716],[167.103036,-15.594008],[167.099978,-15.596327],[167.091018,-15.596589],[167.09183,-15.594399],[167.097966,-15.595133],[167.104032,-15.593455],[167.103757,-15.592162],[167.105294,-15.591576],[167.106303,-15.593662],[167.103902,-15.598478],[167.10759,-15.601826],[167.110241,-15.596782],[167.113558,-15.594371],[167.114298,-15.586854],[167.124265,-15.578062],[167.127469,-15.576859],[167.128736,-15.573374],[167.138236,-15.561616],[167.142196,-15.560369],[167.13081,-15.551416],[167.128788,-15.547627],[167.12594,-15.547377],[167.128959,-15.547357],[167.131072,-15.551136],[167.140675,-15.557229],[167.142836,-15.553682],[167.142272,-15.551381],[167.144767,-15.547498],[167.145063,-15.543904],[167.141298,-15.539424],[167.1378,-15.521027],[167.142147,-15.517597],[167.144884,-15.518278],[167.146553,-15.520758],[167.160536,-15.510423],[167.16151,-15.509819],[167.162625,-15.505389],[167.165251,-15.503153],[167.163814,-15.499194],[167.166873,-15.495873],[167.164704,-15.492931],[167.17015,-15.493478],[167.171045,-15.488405],[167.172388,-15.489578],[167.192283,-15.492417],[167.192685,-15.484628],[167.196537,-15.482772],[167.200072,-15.479934],[167.200878,-15.475929],[167.200174,-15.453099],[167.203206,-15.45311],[167.203182,-15.450942],[167.206266,-15.45092],[167.206375,-15.44932],[167.1968,-15.43148],[167.177708,-15.43746],[167.16471,-15.423456],[167.180883,-15.415478],[167.169919,-15.393562],[167.145349,-15.396718],[167.144221,-15.394475],[167.12216,-15.397704],[167.119677,-15.388376],[167.108296,-15.391778],[167.104688,-15.387186],[167.099438,-15.386983],[167.095734,-15.388536],[167.094477,-15.391565],[167.094979,-15.397027],[167.097266,-15.397394],[167.09644,-15.399769],[167.100278,-15.400736],[167.100182,-15.402693],[167.103723,-15.401729],[167.10355,-15.404369],[167.101374,-15.405185],[167.102974,-15.407085],[167.102711,-15.410453],[167.104064,-15.411114],[167.1033,-15.412738],[167.108872,-15.42239],[167.111775,-15.42337],[167.111876,-15.42664],[167.114935,-15.428359],[167.111024,-15.429684],[167.112125,-15.434905],[167.116965,-15.437154],[167.113021,-15.443954],[167.110719,-15.441528],[167.108373,-15.441961],[167.10859,-15.43801],[167.106664,-15.438535],[167.104026,-15.436351],[167.103675,-15.437976],[167.10145,-15.4382],[167.099494,-15.432237],[167.095368,-15.429159],[167.089664,-15.430631],[167.085841,-15.428612],[167.077131,-15.431106],[167.074118,-15.430732],[167.071716,-15.432318],[167.071689,-15.434496],[167.065883,-15.431274],[167.062026,-15.431102],[167.053588,-15.437424],[167.052268,-15.437025],[167.052924,-15.434241],[167.051358,-15.428666],[167.04955,-15.430983],[167.043312,-15.432432],[167.04229,-15.436435],[167.039107,-15.438249],[167.035503,-15.433217],[167.032936,-15.435035],[167.033925,-15.437917],[167.032616,-15.438336],[167.03126,-15.445437],[167.02642,-15.448983],[167.026247,-15.452454],[167.024024,-15.455253],[167.025506,-15.457923],[167.023841,-15.466568],[167.02528,-15.470273],[167.028635,-15.466456],[167.028202,-15.462303],[167.031707,-15.464128],[167.031274,-15.472143],[167.03425,-15.476096],[167.031613,-15.479996],[167.032631,-15.485015],[167.03024,-15.489862],[167.034281,-15.49301],[167.030658,-15.497444],[167.03133,-15.501721],[167.028083,-15.505691],[167.028735,-15.507465],[167.027134,-15.509404],[167.032718,-15.518172],[167.031622,-15.52035],[167.032812,-15.524148],[167.031398,-15.526967],[167.034546,-15.529983],[167.032233,-15.532945],[167.028692,-15.533014],[167.021063,-15.536825],[167.020785,-15.54416],[167.022581,-15.545395],[167.023074,-15.550171],[167.025241,-15.553029],[167.023971,-15.554048],[167.031054,-15.563574],[167.028668,-15.568747],[167.031767,-15.574908],[167.031009,-15.580091]]],[[[167.199162,-15.573415],[167.198824,-15.569224],[167.207814,-15.563851],[167.209007,-15.564639],[167.206788,-15.562185],[167.205213,-15.554405],[167.191205,-15.547698],[167.189655,-15.546],[167.189767,-15.542781],[167.191448,-15.540822],[167.199653,-15.538434],[167.213085,-15.539688],[167.217389,-15.537171],[167.213299,-15.532806],[167.198529,-15.529584],[167.184223,-15.535036],[167.1734,-15.543672],[167.167687,-15.545011],[167.160522,-15.551256],[167.158067,-15.555169],[167.156811,-15.561232],[167.131354,-15.584354],[167.124219,-15.598855],[167.127195,-15.600564],[167.126141,-15.602914],[167.128439,-15.60169],[167.129047,-15.603446],[167.131458,-15.601864],[167.131374,-15.605123],[167.132717,-15.604159],[167.133186,-15.605388],[167.13748,-15.60439],[167.139145,-15.605661],[167.143391,-15.605425],[167.152602,-15.609634],[167.158223,-15.608353],[167.185411,-15.608042],[167.188946,-15.608771],[167.189725,-15.610216],[167.193274,-15.609741],[167.196248,-15.612144],[167.217311,-15.606578],[167.222916,-15.601464],[167.226249,-15.595503],[167.229066,-15.586272],[167.228574,-15.577712],[167.220649,-15.573452],[167.203264,-15.575881],[167.199162,-15.573415]]],[[[167.271417,-15.592279],[167.281601,-15.586939],[167.287594,-15.58185],[167.296785,-15.569463],[167.29712,-15.561735],[167.293876,-15.548965],[167.290101,-15.541769],[167.286873,-15.539829],[167.283666,-15.540393],[167.282195,-15.542767],[167.281375,-15.549812],[167.276367,-15.563356],[167.272237,-15.56736],[167.25986,-15.573654],[167.25559,-15.580005],[167.264927,-15.5917],[167.271417,-15.592279]]],[[[167.242455,-15.589025],[167.242003,-15.59243],[167.243542,-15.595095],[167.246524,-15.594929],[167.248933,-15.592825],[167.248432,-15.586279],[167.245217,-15.586437],[167.242455,-15.589025]]],[[[167.041911,-15.588285],[167.041191,-15.591015],[167.043165,-15.591311],[167.043555,-15.58971],[167.041911,-15.588285]]]]}},{"type":"Feature","properties":{"area_code":"77236927B27410418950848","area_name":"Central Malekula","level":"area_council"},"geometry":{"type":"MultiPolygon","coordinates":[[[[167.564769,-16.196797],[167.56245,-16.195549],[167.556186,-16.197453],[167.549111,-16.190695],[167.547981,-16.187347],[167.549586,-16.184617],[167.549238,-16.174631],[167.547084,-16.168485],[167.5426,-16.163282],[167.539813,-16.162735],[167.534017,-16.166003],[167.533525,-16.166965],[167.535693,-16.167214],[167.537974,-16.174853],[167.53615,-16.176506],[167.531375,-16.176704],[167.525726,-16.174783],[167.519796,-16.169665],[167.516775,-16.164777],[167.516877,-16.158785],[167.514677,-16.156901],[167.510735,-16.158097],[167.506906,-16.162329],[167.500291,-16.163609],[167.4993,-16.161546],[167.493807,-16.158224],[167.491485,-16.154488],[167.490909,-16.148072],[167.492213,-16.146405],[167.495364,-16.146437],[167.499942,-16.144091],[167.503616,-16.133286],[167.502656,-16.127623],[167.499357,-16.124058],[167.494518,-16.12708],[167.496274,-16.129337],[167.494423,-16.132073],[167.496186,-16.13252],[167.489282,-16.130831],[167.492466,-16.126681],[167.489815,-16.126626],[167.486582,-16.124022],[167.48397,-16.111452],[167.471813,-16.097844],[167.467908,-16.098908],[167.472323,-16.107566],[167.474313,-16.108127],[167.472111,-16.111233],[167.47644,-16.115642],[167.477954,-16.131452],[167.481969,-16.136255],[167.480769,-16.138218],[167.486386,-16.141637],[167.485261,-16.143483],[167.484146,-16.141839],[167.480682,-16.14258],[167.478965,-16.139189],[167.473641,-16.137813],[167.472085,-16.141035],[167.468656,-16.140158],[167.460385,-16.125925],[167.455791,-16.123475],[167.452159,-16.118658],[167.447267,-16.115282],[167.432,-16.109347],[167.428612,-16.104854],[167.425573,-16.104659],[167.424973,-16.102227],[167.42186,-16.100447],[167.414768,-16.090978],[167.406862,-16.090839],[167.403103,-16.086052],[167.402587,-16.082861],[167.415058,-16.076766],[167.41875,-16.07334],[167.415616,-16.069818],[167.40644,-16.069966],[167.400648,-16.063627],[167.393659,-16.065613],[167.391284,-16.063838],[167.388786,-16.059165],[167.394685,-16.049127],[167.397373,-16.047282],[167.384517,-16.042394],[167.382319,-16.034807],[167.377204,-16.029019],[167.37953,-16.024282],[167.37884,-16.02079],[167.380347,-16.019196],[167.374277,-16.018514],[167.368218,-16.014556],[167.351202,-16.015746],[167.347458,-16.013642],[167.332981,-16.018511],[167.332008,-16.021322],[167.329844,-16.022362],[167.327897,-16.031512],[167.33125,-16.044403],[167.337464,-16.049801],[167.345042,-16.053431],[167.356109,-16.066666],[167.370159,-16.066985],[167.366418,-16.072867],[167.367372,-16.075571],[167.361571,-16.097108],[167.350228,-16.098846],[167.340218,-16.104236],[167.331663,-16.112076],[167.339512,-16.139775],[167.343617,-16.147178],[167.351831,-16.156136],[167.35517,-16.16468],[167.360899,-16.168832],[167.376249,-16.185015],[167.38319,-16.187222],[167.388921,-16.185096],[167.391401,-16.181037],[167.394569,-16.182999],[167.389783,-16.188947],[167.384805,-16.203961],[167.382087,-16.232575],[167.383053,-16.236901],[167.388718,-16.241351],[167.391312,-16.246894],[167.385734,-16.255059],[167.390512,-16.262251],[167.389685,-16.26526],[167.397697,-16.269178],[167.398801,-16.271714],[167.393665,-16.277693],[167.390677,-16.279016],[167.388856,-16.283424],[167.384197,-16.285493],[167.385467,-16.295144],[167.391226,-16.294767],[167.395795,-16.296779],[167.401587,-16.295819],[167.409577,-16.298158],[167.420571,-16.297445],[167.423199,-16.300726],[167.428178,-16.300732],[167.428358,-16.308467],[167.4365,-16.312872],[167.440471,-16.317089],[167.441485,-16.312164],[167.441055,-16.310308],[167.438803,-16.310709],[167.438404,-16.305786],[167.44361,-16.302699],[167.444303,-16.297682],[167.447127,-16.295188],[167.452915,-16.294891],[167.460121,-16.288574],[167.460073,-16.280355],[167.465199,-16.274283],[167.464788,-16.270598],[167.469831,-16.261335],[167.471933,-16.261369],[167.47446,-16.258702],[167.476569,-16.259174],[167.484421,-16.256467],[167.485473,-16.257715],[167.489,-16.256666],[167.490801,-16.257828],[167.49336,-16.254984],[167.498672,-16.260572],[167.514061,-16.255489],[167.522087,-16.254965],[167.528364,-16.251168],[167.533862,-16.244802],[167.540865,-16.231824],[167.545661,-16.227996],[167.54964,-16.220487],[167.558056,-16.21988],[167.559813,-16.217533],[167.559844,-16.211309],[167.562077,-16.207741],[167.561796,-16.203883],[167.564769,-16.196797]]],[[[167.443949,-16.084063],[167.453677,-16.09281],[167.458683,-16.095271],[167.462978,-16.095315],[167.466436,-16.092991],[167.464958,-16.089554],[167.462095,-16.087395],[167.443949,-16.084063]]],[[[167.453944,-16.07445],[167.458391,-16.073029],[167.458612,-16.070846],[167.456852,-16.069196],[167.450711,-16.066537],[167.445862,-16.069015],[167.444799,-16.071251],[167.447398,-16.074618],[167.450691,-16.075472],[167.453944,-16.07445]]],[[[167.412122,-16.058019],[167.413071,-16.055399],[167.411224,-16.054543],[167.406962,-16.060046],[167.412122,-16.058019]]],[[[167.462033,-16.115626],[167.463545,-16.115952],[167.463725,-16.114138],[167.460568,-16.110593],[167.462033,-16.115626]]],[[[167.459035,-16.120398],[167.458353,-16.122425],[167.461186,-16.123097],[167.459035,-16.120398]]]]}},{"type":"Feature","properties":{"area_code":"77236927B11071622458470","area_name":"Central Pentecost 1","level":"area_council"},"geometry":{"type":"Polygon","coordinates":[[[168.120712,-15.666668],[168.122798,-15.666576],[168.126082,-15.674425],[168.13227,-15.678354],[168.138553,-15.680982],[168.146534,-15.68005],[168.152162,-15.681012],[168.157778,-15.679522],[168.15977,-15.684243],[168.163247,-15.684328],[168.166168,-15.689188],[168.169686,-15.690184],[168.180971,-15.687185],[168.183811,-15.68904],[168.198827,-15.690983],[168.198666,-15.683514],[168.202704,-15.683681],[168.206182,-15.687115],[168.211243,-15.685345],[168.214986,-15.682682],[168.215622,-15.679599],[168.217929,-15.676159],[168.219027,-15.676458],[168.219444,-15.671461],[168.21615,-15.665699],[168.212026,-15.665754],[168.204924,-15.662171],[168.203302,-15.658726],[168.205212,-15.656339],[168.204394,-15.653332],[168.199081,-15.65],[168.200669,-15.647078],[168.202384,-15.646823],[168.20257,-15.643975],[168.200644,-15.641898],[168.196528,-15.641494],[168.19985,-15.638383],[168.198407,-15.634826],[168.19459,-15.634017],[168.19602,-15.62948],[168.194333,-15.627186],[168.192007,-15.629584],[168.186868,-15.629217],[168.175262,-15.635601],[168.173357,-15.631065],[168.173572,-15.622769],[168.168769,-15.615304],[168.170508,-15.610385],[168.16525,-15.613355],[168.164575,-15.615116],[168.160013,-15.616252],[168.158108,-15.618816],[168.156057,-15.615618],[168.156272,-15.612536],[168.149647,-15.60655],[168.146326,-15.605537],[168.14724,-15.609948],[168.143126,-15.607799],[168.140162,-15.608848],[168.136461,-15.607123],[168.126977,-15.607975],[168.126029,-15.614178],[168.120078,-15.621327],[168.124587,-15.626894],[168.11785,-15.639119],[168.109541,-15.643415],[168.112907,-15.647284],[168.117034,-15.65656],[168.12005,-15.659317],[168.120712,-15.666668]]]}},{"type":"Feature","properties":{"area_code":"77236927B86415153324425","area_name":"Central Pentecost 2","level":"area_council"},"geometry":{"type":"Polygon","coordinates":[[[168.120712,-15.666668],[168.115142,-15.670835],[168.111926,-15.679644],[168.113566,-15.683089],[168.119204,-15.686636],[168.121856,-15.69246],[168.123808,-15.693089],[168.125927,-15.700741],[168.124743,-15.704923],[168.128472,-15.707661],[168.134693,-15.719772],[168.134215,-15.726464],[168.130094,-15.732128],[168.131617,-15.737861],[168.138467,-15.739965],[168.139494,-15.739054],[168.138937,-15.740609],[168.142818,-15.744172],[168.143799,-15.751989],[168.142691,-15.760765],[168.140577,-15.764138],[168.150024,-15.77204],[168.163024,-15.763563],[168.165019,-15.760483],[168.168577,-15.76021],[168.171662,-15.757564],[168.175122,-15.760105],[168.179594,-15.759575],[168.186644,-15.765674],[168.192057,-15.763956],[168.193191,-15.75762],[168.197639,-15.757654],[168.20051,-15.765092],[168.203047,-15.765971],[168.203503,-15.769282],[168.207163,-15.774577],[168.207149,-15.780013],[168.209536,-15.783765],[168.213941,-15.782039],[168.216941,-15.788589],[168.217544,-15.79829],[168.21415,-15.805947],[168.216048,-15.807923],[168.216067,-15.811738],[168.214517,-15.813015],[168.215545,-15.814969],[168.211451,-15.814027],[168.211604,-15.810716],[168.209276,-15.809175],[168.204471,-15.816144],[168.206467,-15.816638],[168.206459,-15.818737],[168.209396,-15.822007],[168.209018,-15.828436],[168.218577,-15.837905],[168.218935,-15.840329],[168.215115,-15.844678],[168.219008,-15.847884],[168.226084,-15.849417],[168.226524,-15.85207],[168.224848,-15.8539],[168.227309,-15.862445],[168.23036,-15.865352],[168.230371,-15.869879],[168.229264,-15.87482],[168.225286,-15.876934],[168.228573,-15.878939],[168.230538,-15.876982],[168.237719,-15.877944],[168.239849,-15.881239],[168.245545,-15.879411],[168.247946,-15.882133],[168.251314,-15.880629],[168.257563,-15.880932],[168.261834,-15.883035],[168.264713,-15.882639],[168.265524,-15.88506],[168.269509,-15.884598],[168.271347,-15.879862],[168.268151,-15.859503],[168.268588,-15.853732],[168.266154,-15.851659],[168.267902,-15.847497],[168.263191,-15.841012],[168.257444,-15.841079],[168.256101,-15.836659],[168.253881,-15.834696],[168.254545,-15.827944],[168.252209,-15.824729],[168.249417,-15.823698],[168.252024,-15.820734],[168.248698,-15.816946],[168.24769,-15.811914],[168.247962,-15.808556],[168.249928,-15.80621],[168.247087,-15.804323],[168.246824,-15.796159],[168.248886,-15.792591],[168.24779,-15.78802],[168.244967,-15.786822],[168.245528,-15.783441],[168.243209,-15.778414],[168.244615,-15.774294],[168.241436,-15.771331],[168.240735,-15.767056],[168.238876,-15.765936],[168.239217,-15.760395],[168.236734,-15.759639],[168.233811,-15.753761],[168.230093,-15.751331],[168.231405,-15.748817],[168.228589,-15.743585],[168.230001,-15.740567],[168.227436,-15.738709],[168.225722,-15.734409],[168.224171,-15.718337],[168.222115,-15.715925],[168.223439,-15.712754],[168.220189,-15.711833],[168.223425,-15.708385],[168.22341,-15.702479],[168.221402,-15.701287],[168.221336,-15.698362],[168.217594,-15.692984],[168.213498,-15.692831],[168.214475,-15.688554],[168.211243,-15.685345],[168.206182,-15.687115],[168.202704,-15.683681],[168.198666,-15.683514],[168.198827,-15.690983],[168.183811,-15.68904],[168.180971,-15.687185],[168.169686,-15.690184],[168.166168,-15.689188],[168.163247,-15.684328],[168.15977,-15.684243],[168.157778,-15.679522],[168.152162,-15.681012],[168.146534,-15.68005],[168.138553,-15.680982],[168.13227,-15.678354],[168.126082,-15.674425],[168.122798,-15.666576],[168.120712,-15.666668]]]}},{"type":"Feature","properties":{"area_code":"77236927B82748520253825","area_name":"East Ambae","level":"area_council"},"geometry":{"type":"Polygon","coordinates":[[[167.936907,-15.37299],[167.940051,-15.359473],[167.947318,-15.349955],[167.947621,-15.34697],[167.966132,-15.329888],[167.970469,-15.322776],[167.970655,-15.318802],[167.974762,-15.315721],[167.976508,-15.313508],[167.976093,-15.311794],[167.978754,-15.3111],[167.980437,-15.307699],[167.986781,-15.303671],[167.993768,-15.292447],[167.993736,-15.288214],[167.989249,-15.275592],[167.982161,-15.278324],[167.981505,-15.28198],[167.978632,-15.283415],[167.977981,-15.280803],[167.976165,-15.280017],[167.977494,-15.275243],[167.975775,-15.278077],[167.970671,-15.278034],[167.968766,-15.28162],[167.969482,-15.284608],[167.973264,-15.288739],[167.965729,-15.297229],[167.961642,-15.300227],[167.944811,-15.306834],[167.937096,-15.312227],[167.926297,-15.320574],[167.915641,-15.336851],[167.902426,-15.345327],[167.889493,-15.356522],[167.872825,-15.364356],[167.901128,-15.367583],[167.912153,-15.370374],[167.92286,-15.371412],[167.927652,-15.370401],[167.936907,-15.37299]]]}},{"type":"Feature","properties":{"area_code":"77236927B67571127096265","area_name":"East Malo","level":"area_council"},"geometry":{"type":"MultiPolygon","coordinates":[[[[167.158676,-15.728258],[167.182443,-15.743594],[167.211064,-15.754498],[167.212931,-15.75126],[167.214503,-15.751367],[167.215432,-15.753985],[167.217133,-15.753928],[167.225364,-15.748826],[167.232088,-15.747696],[167.237361,-15.744427],[167.246208,-15.732281],[167.245434,-15.730895],[167.249294,-15.71883],[167.247969,-15.714583],[167.241386,-15.708106],[167.232229,-15.694945],[167.231237,-15.689518],[167.23745,-15.678074],[167.248639,-15.669804],[167.248211,-15.66728],[167.249717,-15.666196],[167.251976,-15.656951],[167.250084,-15.642265],[167.240958,-15.636445],[167.221731,-15.634452],[167.206362,-15.634575],[167.194214,-15.63026],[167.18933,-15.630706],[167.178064,-15.626456],[167.171823,-15.628247],[167.163364,-15.625673],[167.154447,-15.625879],[167.14406,-15.628321],[167.136093,-15.626857],[167.128641,-15.627689],[167.130128,-15.629374],[167.128903,-15.630727],[167.131286,-15.632159],[167.137511,-15.632184],[167.138427,-15.633946],[167.13723,-15.645604],[167.134423,-15.648365],[167.132421,-15.653557],[167.12785,-15.655164],[167.127321,-15.662845],[167.131192,-15.665482],[167.134533,-15.670911],[167.131857,-15.680831],[167.134367,-15.682333],[167.136295,-15.68606],[167.139333,-15.686147],[167.144998,-15.69262],[167.148759,-15.694589],[167.150968,-15.701502],[167.157043,-15.7038],[167.158683,-15.706684],[167.162155,-15.708014],[167.162681,-15.718358],[167.158676,-15.728258]]],[[[167.255719,-15.714812],[167.256568,-15.722648],[167.258051,-15.723656],[167.260135,-15.72214],[167.262489,-15.71535],[167.262306,-15.706895],[167.255719,-15.714812]]],[[[167.258184,-15.707467],[167.262007,-15.704055],[167.260908,-15.701328],[167.257535,-15.704869],[167.258184,-15.707467]]]]}},{"type":"Feature","properties":{"area_code":"77236927B80852571944001","area_name":"East Santo","level":"area_council"},"geometry":{"type":"MultiPolygon","coordinates":[[[[167.185346,-15.282581],[167.174415,-15.275083],[167.163744,-15.272594],[167.156712,-15.269282],[167.154491,-15.264434],[167.151714,-15.264086],[167.146886,-15.257012],[167.15026,-15.253259],[167.156293,-15.253806],[167.162882,-15.256485],[167.168207,-15.25578],[167.172861,-15.247557],[167.173414,-15.24142],[167.172711,-15.238102],[167.168122,-15.233393],[167.169484,-15.232216],[167.168596,-15.228546],[167.171644,-15.215087],[167.170884,-15.208456],[167.162447,-15.192899],[167.160146,-15.191946],[167.161358,-15.184891],[167.164254,-15.180797],[167.157526,-15.174963],[167.156868,-15.166671],[167.150422,-15.158328],[167.153606,-15.139923],[167.144648,-15.130537],[167.139127,-15.12981],[167.138176,-15.126297],[167.134773,-15.125941],[167.13309,-15.126711],[167.13067,-15.132694],[167.125174,-15.137831],[167.121808,-15.144157],[167.118348,-15.142895],[167.117148,-15.148319],[167.112257,-15.149755],[167.108907,-15.14782],[167.108216,-15.144187],[167.105886,-15.143187],[167.101889,-15.125909],[167.097202,-15.116906],[167.08857,-15.10535],[167.083854,-15.102427],[167.0817,-15.097766],[167.079388,-15.097902],[167.079893,-15.094456],[167.082898,-15.092411],[167.079024,-15.093041],[167.077406,-15.091237],[167.07912,-15.082876],[167.076483,-15.076367],[167.077058,-15.072507],[167.079057,-15.069966],[167.082759,-15.070199],[167.082072,-15.068517],[167.086009,-15.065256],[167.084453,-15.063919],[167.082011,-15.066003],[167.077781,-15.064121],[167.075641,-15.050694],[167.07334,-15.048084],[167.073938,-15.04491],[167.076323,-15.042653],[167.075762,-15.040521],[167.072107,-15.03877],[167.066604,-15.039825],[167.060575,-15.034077],[167.066753,-15.036921],[167.068525,-15.033708],[167.073854,-15.032384],[167.077094,-15.026763],[167.077302,-15.019946],[167.072853,-15.008095],[167.066931,-14.997733],[167.062261,-14.994051],[167.055652,-14.992574],[167.059767,-14.989532],[167.060544,-14.985875],[167.057107,-14.975446],[167.05343,-14.97341],[167.054052,-14.966893],[167.056163,-14.964558],[167.055756,-14.96265],[167.064715,-14.960052],[167.067846,-14.955197],[167.072967,-14.954745],[167.076652,-14.952685],[167.084319,-14.953853],[167.086711,-14.952628],[167.090133,-14.949383],[167.089993,-14.946676],[167.08797,-14.944819],[167.08182,-14.943129],[167.065247,-14.944411],[167.056396,-14.946491],[167.051263,-14.946041],[167.044106,-14.943805],[167.032441,-14.933631],[167.025845,-14.930884],[167.012545,-14.933983],[167.007347,-14.939229],[166.993255,-14.944904],[166.983933,-14.954101],[166.979908,-14.964599],[166.980384,-14.973398],[166.990011,-14.993543],[166.991538,-15.000992],[166.978887,-15.045348],[166.986426,-15.059473],[166.986217,-15.084931],[166.98888,-15.089519],[166.987922,-15.097136],[166.982832,-15.100568],[166.981764,-15.116359],[166.978681,-15.122838],[166.97968,-15.123781],[166.975181,-15.138627],[166.971322,-15.140752],[166.970946,-15.144822],[166.966128,-15.146739],[166.964693,-15.15103],[166.964941,-15.159215],[166.963078,-15.160908],[166.968252,-15.163004],[166.969198,-15.171002],[166.968017,-15.17413],[166.969776,-15.177752],[166.967856,-15.179676],[166.969418,-15.181383],[166.9696,-15.184856],[166.972937,-15.185812],[166.967603,-15.188823],[166.968312,-15.196737],[166.966023,-15.199504],[166.973307,-15.206475],[166.972006,-15.217823],[166.973774,-15.218096],[166.975506,-15.221348],[166.973295,-15.227209],[166.975903,-15.230204],[166.976331,-15.23414],[166.978516,-15.235156],[166.978819,-15.244547],[166.981154,-15.250115],[166.978917,-15.253442],[166.983894,-15.25488],[166.986611,-15.25411],[166.991462,-15.247457],[166.995432,-15.245791],[166.999312,-15.239115],[167.002029,-15.23708],[167.006768,-15.239622],[167.009359,-15.238031],[167.01319,-15.240495],[167.009516,-15.24426],[167.018344,-15.251383],[167.021151,-15.256603],[167.024834,-15.258228],[167.024604,-15.264402],[167.026433,-15.266314],[167.025567,-15.267872],[167.030983,-15.273981],[167.031397,-15.287545],[167.031971,-15.289306],[167.033861,-15.289578],[167.035028,-15.296552],[167.034734,-15.298755],[167.031463,-15.299919],[167.028513,-15.303908],[167.027562,-15.309031],[167.022856,-15.315155],[167.026662,-15.317619],[167.025917,-15.319194],[167.029161,-15.323461],[167.03286,-15.325668],[167.026945,-15.328817],[167.014242,-15.34006],[167.019679,-15.345315],[167.029066,-15.34874],[167.037809,-15.354109],[167.040188,-15.351404],[167.043199,-15.351475],[167.045697,-15.349803],[167.046052,-15.348129],[167.052475,-15.343258],[167.059229,-15.342721],[167.06407,-15.338732],[167.068172,-15.340813],[167.072356,-15.340548],[167.071487,-15.337593],[167.074028,-15.333765],[167.078308,-15.330888],[167.079597,-15.332498],[167.080506,-15.330077],[167.083884,-15.327723],[167.089782,-15.328599],[167.095607,-15.324717],[167.102995,-15.324738],[167.105583,-15.32616],[167.108698,-15.32229],[167.110563,-15.323795],[167.114088,-15.323188],[167.118857,-15.319949],[167.122405,-15.311593],[167.125621,-15.311919],[167.126153,-15.310356],[167.134031,-15.306016],[167.140853,-15.308435],[167.144915,-15.307615],[167.150238,-15.311192],[167.159662,-15.310703],[167.160853,-15.312951],[167.167,-15.31618],[167.165083,-15.309539],[167.166638,-15.3068],[167.166644,-15.301361],[167.164637,-15.29792],[167.161419,-15.29622],[167.163785,-15.296256],[167.172389,-15.291086],[167.177857,-15.28497],[167.185346,-15.282581]]],[[[167.1968,-15.271753],[167.198273,-15.269192],[167.197173,-15.265563],[167.192733,-15.259117],[167.18959,-15.257328],[167.185163,-15.25816],[167.180072,-15.261302],[167.177253,-15.266607],[167.178666,-15.270354],[167.183812,-15.272487],[167.1968,-15.271753]]],[[[167.082966,-15.039164],[167.086062,-15.040391],[167.087087,-15.044926],[167.095755,-15.04426],[167.099854,-15.039164],[167.100526,-15.030727],[167.098086,-15.028111],[167.089107,-15.027754],[167.085759,-15.032549],[167.086247,-15.03621],[167.082966,-15.039164]]],[[[167.120288,-15.103123],[167.118056,-15.107116],[167.119124,-15.110069],[167.121535,-15.111055],[167.134415,-15.107781],[167.136778,-15.10404],[167.129994,-15.100384],[167.128448,-15.101597],[167.122538,-15.101022],[167.120288,-15.103123]]],[[[167.083897,-15.070829],[167.085062,-15.072196],[167.087907,-15.071623],[167.086992,-15.06986],[167.083897,-15.070829]]],[[[167.080531,-15.052711],[167.081735,-15.054322],[167.082541,-15.051138],[167.079763,-15.051814],[167.080531,-15.052711]]],[[[167.078407,-15.042849],[167.07968,-15.044157],[167.080785,-15.042321],[167.078407,-15.042849]]]]}},{"type":"Feature","properties":{"area_code":"77236927B40148322010729","area_name":"Emau","level":"area_council"},"geometry":{"type":"Polygon","coordinates":[[[168.492647,-17.491663],[168.499693,-17.488952],[168.503414,-17.479645],[168.502631,-17.474492],[168.50423,-17.472169],[168.494481,-17.467784],[168.482532,-17.468136],[168.477251,-17.472747],[168.473067,-17.482404],[168.473342,-17.485895],[168.475081,-17.481542],[168.477253,-17.488277],[168.476265,-17.489475],[168.473386,-17.488281],[168.480251,-17.49571],[168.485568,-17.497174],[168.492647,-17.491663]]]}},{"type":"Feature","properties":{"area_code":"77236927B27814537301823","area_name":"Erakor","level":"area_council"},"geometry":{"type":"MultiPolygon","coordinates":[[[[168.305293,-17.691165],[168.3312,-17.703685],[168.329709,-17.706324],[168.323309,-17.702612],[168.324105,-17.704803],[168.322191,-17.705907],[168.323395,-17.710682],[168.322111,-17.715091],[168.325554,-17.716526],[168.329863,-17.721309],[168.336496,-17.724511],[168.334721,-17.72887],[168.337708,-17.728681],[168.347329,-17.733327],[168.352978,-17.734435],[168.357155,-17.73882],[168.357944,-17.742006],[168.363102,-17.743606],[168.362056,-17.747419],[168.363866,-17.748376],[168.375721,-17.758629],[168.386273,-17.75624],[168.390132,-17.751399],[168.389679,-17.748608],[168.392008,-17.748202],[168.392209,-17.746276],[168.390216,-17.744623],[168.392769,-17.741014],[168.390649,-17.737494],[168.391589,-17.732211],[168.414369,-17.71997],[168.414015,-17.716952],[168.416394,-17.713142],[168.414492,-17.710603],[168.419667,-17.705314],[168.420448,-17.700612],[168.424447,-17.699008],[168.416219,-17.687928],[168.412593,-17.686127],[168.411626,-17.681626],[168.413263,-17.679481],[168.409966,-17.678645],[168.413945,-17.674857],[168.417432,-17.675573],[168.418298,-17.672931],[168.421871,-17.675099],[168.426502,-17.674115],[168.424227,-17.668446],[168.427087,-17.660219],[168.432632,-17.654969],[168.432147,-17.651232],[168.43082,-17.64931],[168.428954,-17.650249],[168.424691,-17.648879],[168.41781,-17.652776],[168.414924,-17.651667],[168.410133,-17.653812],[168.409944,-17.651599],[168.412213,-17.649809],[168.407416,-17.646043],[168.404693,-17.646442],[168.398338,-17.642278],[168.395569,-17.642249],[168.38922,-17.637051],[168.383918,-17.639403],[168.383705,-17.635539],[168.379073,-17.628014],[168.369564,-17.623772],[168.365767,-17.624198],[168.365101,-17.631846],[168.362689,-17.633259],[168.362911,-17.638987],[168.366311,-17.642562],[168.36577,-17.646791],[168.36379,-17.650475],[168.359996,-17.650856],[168.358691,-17.654105],[168.361633,-17.654588],[168.363024,-17.660914],[168.357707,-17.665058],[168.355851,-17.668623],[168.35685,-17.67904],[168.353198,-17.681025],[168.349986,-17.681003],[168.348977,-17.6788],[168.343398,-17.675745],[168.341535,-17.676995],[168.337996,-17.67627],[168.333012,-17.67899],[168.330597,-17.68618],[168.325712,-17.691773],[168.319942,-17.685678],[168.314311,-17.686527],[168.312907,-17.689457],[168.309686,-17.688541],[168.309553,-17.690042],[168.305293,-17.691165]]],[[[168.342187,-17.786184],[168.341229,-17.762132],[168.351866,-17.758818],[168.354864,-17.755237],[168.346841,-17.746253],[168.342342,-17.743672],[168.339195,-17.738215],[168.335462,-17.737186],[168.330632,-17.740352],[168.330617,-17.743346],[168.321434,-17.756808],[168.318875,-17.763368],[168.315951,-17.763741],[168.312348,-17.768753],[168.314463,-17.777013],[168.313404,-17.783001],[168.311526,-17.784777],[168.312701,-17.797207],[168.314719,-17.797349],[168.316525,-17.795381],[168.325548,-17.780168],[168.328935,-17.779836],[168.330693,-17.781291],[168.330342,-17.788562],[168.332763,-17.783546],[168.336828,-17.78034],[168.34039,-17.781839],[168.341583,-17.786998],[168.342187,-17.786184]]],[[[168.3075,-17.775456],[168.307347,-17.776846],[168.309708,-17.777589],[168.309207,-17.774851],[168.311268,-17.772361],[168.3075,-17.775456]]]]}},{"type":"Feature","properties":{"area_code":"77236927B93199120734028","area_name":"Eratap","level":"area_council"},"geometry":{"type":"Polygon","coordinates":[[[168.363866,-17.748376],[168.361767,-17.751973],[168.358492,-17.755283],[168.354864,-17.755237],[168.351866,-17.758818],[168.341229,-17.762132],[168.342187,-17.786184],[168.347777,-17.777038],[168.352511,-17.778213],[168.35234,-17.781205],[168.345461,-17.783353],[168.347078,-17.786351],[168.349494,-17.786163],[168.351969,-17.789686],[168.353835,-17.788451],[168.357986,-17.791814],[168.353064,-17.795557],[168.355329,-17.79743],[168.354296,-17.800213],[168.351071,-17.798273],[168.348522,-17.7987],[168.351421,-17.806145],[168.35629,-17.805925],[168.364929,-17.801276],[168.375283,-17.787801],[168.374741,-17.789127],[168.382393,-17.79281],[168.383449,-17.791542],[168.378928,-17.801885],[168.375656,-17.814504],[168.376826,-17.818834],[168.384517,-17.825209],[168.415009,-17.824539],[168.419957,-17.821914],[168.421546,-17.823368],[168.427286,-17.823452],[168.436026,-17.821658],[168.436691,-17.807137],[168.43791,-17.804313],[168.441414,-17.803475],[168.440235,-17.790179],[168.438178,-17.789457],[168.437321,-17.783488],[168.432481,-17.78068],[168.429684,-17.774966],[168.42794,-17.762596],[168.424599,-17.756282],[168.424785,-17.742573],[168.426286,-17.740453],[168.424285,-17.735637],[168.426065,-17.730037],[168.421527,-17.728266],[168.414369,-17.71997],[168.391589,-17.732211],[168.390649,-17.737494],[168.392769,-17.741014],[168.390216,-17.744623],[168.392209,-17.746276],[168.392008,-17.748202],[168.389679,-17.748608],[168.390132,-17.751399],[168.386273,-17.75624],[168.375721,-17.758629],[168.363866,-17.748376]]]}},{"type":"Feature","properties":{"area_code":"77236927B17135940935596","area_name":"Eton","level":"area_council"},"geometry":{"type":"Polygon","coordinates":[[[168.414369,-17.71997],[168.421527,-17.728266],[168.426065,-17.730037],[168.424285,-17.735637],[168.426286,-17.740453],[168.424785,-17.742573],[168.424599,-17.756282],[168.42794,-17.762596],[168.429684,-17.774966],[168.432481,-17.78068],[168.437321,-17.783488],[168.438178,-17.789457],[168.440235,-17.790179],[168.441414,-17.803475],[168.43791,-17.804313],[168.436691,-17.807137],[168.436026,-17.821658],[168.445459,-17.815285],[168.447763,-17.812829],[168.448355,-17.809564],[168.451014,-17.810777],[168.450894,-17.808942],[168.454422,-17.805542],[168.454207,-17.800017],[168.455983,-17.796656],[168.450915,-17.796139],[168.448589,-17.794373],[168.451077,-17.793617],[168.452013,-17.79153],[168.451276,-17.793718],[168.449771,-17.79527],[168.456729,-17.795873],[168.454975,-17.800148],[168.456248,-17.81273],[168.461187,-17.813869],[168.465479,-17.80865],[168.46796,-17.809353],[168.468907,-17.808041],[168.472234,-17.812649],[168.475135,-17.811945],[168.482812,-17.817041],[168.490613,-17.81803],[168.498671,-17.81669],[168.502772,-17.809566],[168.503108,-17.807722],[168.501308,-17.806672],[168.502685,-17.804452],[168.509715,-17.806464],[168.517044,-17.806534],[168.520485,-17.804676],[168.525342,-17.804446],[168.529825,-17.801471],[168.545022,-17.798385],[168.55164,-17.793528],[168.556228,-17.788886],[168.56095,-17.776545],[168.559891,-17.774315],[168.5609,-17.771278],[168.558768,-17.768231],[168.559698,-17.766191],[168.557518,-17.764724],[168.559106,-17.763074],[168.557376,-17.761562],[168.562252,-17.760738],[168.565692,-17.750437],[168.565093,-17.744597],[168.562151,-17.742722],[168.561442,-17.740959],[168.563016,-17.738934],[168.561414,-17.738766],[168.566512,-17.737073],[168.567351,-17.734264],[168.577982,-17.720992],[168.578172,-17.719707],[168.574054,-17.718001],[168.578654,-17.718767],[168.580046,-17.717526],[168.584817,-17.711383],[168.586138,-17.706233],[168.590911,-17.70081],[168.589654,-17.699078],[168.591511,-17.69929],[168.595163,-17.692708],[168.595228,-17.690302],[168.593682,-17.694668],[168.59483,-17.690177],[168.593216,-17.6873],[168.585697,-17.684505],[168.575181,-17.684086],[168.565877,-17.685776],[168.559862,-17.681931],[168.55253,-17.681645],[168.546357,-17.683452],[168.541699,-17.681981],[168.542568,-17.679165],[168.545667,-17.678489],[168.544776,-17.676669],[168.546928,-17.674383],[168.543824,-17.667136],[168.536152,-17.662136],[168.532677,-17.657289],[168.527908,-17.655695],[168.526412,-17.651788],[168.523241,-17.650828],[168.523011,-17.646618],[168.517418,-17.642157],[168.512883,-17.643996],[168.50612,-17.638887],[168.507317,-17.633776],[168.503855,-17.629951],[168.505462,-17.629569],[168.505362,-17.628258],[168.501453,-17.626445],[168.501736,-17.624754],[168.499936,-17.623575],[168.503263,-17.621366],[168.504123,-17.615895],[168.503046,-17.610866],[168.499725,-17.60713],[168.498937,-17.595993],[168.496678,-17.593154],[168.490523,-17.591148],[168.489683,-17.596976],[168.487797,-17.599775],[168.48427,-17.601358],[168.476963,-17.599705],[168.469621,-17.601775],[168.465693,-17.600544],[168.451037,-17.603572],[168.448722,-17.607935],[168.443359,-17.609162],[168.441704,-17.611628],[168.436662,-17.613254],[168.435704,-17.61699],[168.429221,-17.614846],[168.425936,-17.617733],[168.41936,-17.617048],[168.418296,-17.61967],[168.41273,-17.618273],[168.40801,-17.613165],[168.403624,-17.611864],[168.403488,-17.608956],[168.39978,-17.605937],[168.398714,-17.607364],[168.396069,-17.606583],[168.393078,-17.60413],[168.388918,-17.603448],[168.386603,-17.600875],[168.379278,-17.603406],[168.372907,-17.601597],[168.369396,-17.602356],[168.367599,-17.605961],[168.364004,-17.618501],[168.36416,-17.623585],[168.365767,-17.624198],[168.369564,-17.623772],[168.379073,-17.628014],[168.383705,-17.635539],[168.383918,-17.639403],[168.38922,-17.637051],[168.395569,-17.642249],[168.398338,-17.642278],[168.404693,-17.646442],[168.407416,-17.646043],[168.412213,-17.649809],[168.409944,-17.651599],[168.410133,-17.653812],[168.414924,-17.651667],[168.41781,-17.652776],[168.424691,-17.648879],[168.428954,-17.650249],[168.43082,-17.64931],[168.432147,-17.651232],[168.432632,-17.654969],[168.427087,-17.660219],[168.424227,-17.668446],[168.426502,-17.674115],[168.421871,-17.675099],[168.418298,-17.672931],[168.417432,-17.675573],[168.413945,-17.674857],[168.409966,-17.678645],[168.413263,-17.679481],[168.411626,-17.681626],[168.412593,-17.686127],[168.416219,-17.687928],[168.424447,-17.699008],[168.420448,-17.700612],[168.419667,-17.705314],[168.414492,-17.710603],[168.416394,-17.713142],[168.414015,-17.716952],[168.414369,-17.71997]]]}},{"type":"Feature","properties":{"area_code":"77236927B67175476765241","area_name":"Futuna","level":"area_council"},"geometry":{"type":"Polygon","coordinates":[[[170.223085,-19.549097],[170.225362,-19.547674],[170.227641,-19.541522],[170.232024,-19.541669],[170.232978,-19.539394],[170.236091,-19.539756],[170.230314,-19.536423],[170.232497,-19.530576],[170.230419,-19.527872],[170.231777,-19.520569],[170.235091,-19.517416],[170.233631,-19.515599],[170.238069,-19.513082],[170.23814,-19.50934],[170.230248,-19.510102],[170.229591,-19.514708],[170.227791,-19.514424],[170.227489,-19.515879],[170.224313,-19.516871],[170.219295,-19.515871],[170.210678,-19.517246],[170.205084,-19.512271],[170.203652,-19.513358],[170.195773,-19.513397],[170.203521,-19.518788],[170.201939,-19.52524],[170.197621,-19.527439],[170.201144,-19.52935],[170.204276,-19.533964],[170.208959,-19.546125],[170.213325,-19.545099],[170.218533,-19.547604],[170.221249,-19.545415],[170.222692,-19.546186],[170.223085,-19.549097]]]}},{"type":"Feature","properties":{"area_code":"77236927B45015777626882","area_name":"Gaua","level":"area_council"},"geometry":{"type":"Polygon","coordinates":[[[167.538881,-14.202633],[167.525999,-14.196552],[167.513741,-14.202164],[167.502368,-14.203818],[167.499917,-14.207866],[167.497219,-14.209111],[167.492057,-14.209575],[167.489396,-14.208081],[167.483964,-14.213562],[167.480781,-14.213992],[167.46983,-14.210798],[167.464709,-14.207543],[167.464861,-14.215331],[167.463201,-14.218572],[167.456927,-14.218472],[167.448654,-14.221616],[167.448296,-14.227739],[167.437256,-14.225867],[167.432451,-14.228314],[167.430484,-14.238612],[167.426802,-14.243082],[167.425769,-14.254338],[167.420055,-14.259122],[167.424189,-14.264466],[167.423917,-14.273775],[167.428168,-14.278195],[167.427139,-14.281831],[167.423072,-14.285463],[167.423331,-14.290954],[167.426915,-14.300677],[167.429592,-14.304382],[167.432306,-14.304844],[167.430679,-14.309375],[167.433761,-14.312073],[167.434172,-14.315722],[167.429859,-14.321659],[167.429278,-14.326562],[167.427241,-14.329276],[167.428071,-14.332307],[167.416108,-14.350943],[167.418684,-14.355342],[167.421737,-14.354405],[167.423734,-14.357211],[167.428436,-14.357066],[167.432074,-14.358894],[167.434316,-14.366354],[167.44056,-14.36431],[167.450516,-14.365442],[167.453421,-14.363324],[167.461099,-14.363492],[167.463467,-14.361165],[167.465881,-14.363949],[167.471471,-14.362886],[167.470907,-14.361905],[167.472226,-14.361473],[167.475973,-14.361834],[167.477459,-14.360164],[167.483812,-14.36007],[167.485158,-14.361398],[167.487185,-14.360212],[167.491735,-14.364305],[167.494717,-14.363616],[167.496873,-14.366748],[167.501899,-14.367183],[167.505533,-14.369561],[167.505911,-14.368473],[167.509478,-14.368898],[167.514759,-14.367021],[167.523609,-14.37131],[167.531361,-14.370028],[167.537134,-14.372322],[167.544484,-14.372236],[167.547585,-14.369945],[167.550665,-14.370596],[167.555098,-14.367455],[167.556041,-14.368298],[167.561575,-14.365537],[167.565946,-14.359447],[167.570253,-14.358831],[167.56991,-14.356515],[167.574973,-14.355447],[167.576086,-14.352137],[167.577464,-14.352175],[167.577162,-14.348712],[167.579847,-14.347377],[167.58072,-14.342906],[167.583294,-14.339749],[167.586138,-14.322938],[167.589586,-14.317062],[167.58936,-14.311589],[167.590911,-14.309404],[167.595395,-14.307755],[167.601504,-14.299991],[167.604383,-14.29036],[167.60151,-14.2825],[167.605727,-14.278126],[167.605063,-14.275458],[167.607498,-14.275298],[167.608628,-14.272006],[167.610483,-14.271771],[167.609841,-14.26402],[167.608658,-14.26118],[167.605371,-14.259751],[167.602676,-14.248254],[167.59989,-14.248587],[167.596022,-14.244631],[167.603115,-14.238104],[167.602582,-14.235679],[167.593688,-14.226357],[167.593756,-14.221409],[167.58848,-14.215412],[167.581209,-14.217099],[167.578649,-14.213275],[167.573226,-14.209555],[167.56467,-14.210811],[167.555553,-14.20567],[167.555076,-14.203795],[167.550171,-14.20582],[167.545518,-14.203298],[167.538881,-14.202633]]]}},{"type":"Feature","properties":{"area_code":"77236927B32680405740537","area_name":"Ifira","level":"area_council"},"geometry":{"type":"MultiPolygon","coordinates":[[[[168.296427,-17.756552],[168.29522,-17.756021],[168.295664,-17.752616],[168.294494,-17.752389],[168.287136,-17.758591],[168.29599,-17.760935],[168.296427,-17.756552]]],[[[168.294968,-17.750986],[168.299689,-17.746699],[168.299184,-17.744879],[168.295284,-17.744554],[168.29159,-17.747405],[168.291737,-17.751132],[168.294968,-17.750986]]]]}},{"type":"Feature","properties":{"area_code":"77236927B85216783558225","area_name":"Luganville","level":"area_council"},"geometry":{"type":"MultiPolygon","coordinates":[[[[167.16151,-15.509819],[167.161235,-15.511195],[167.163727,-15.511188],[167.164892,-15.512785],[167.166623,-15.51133],[167.168966,-15.512077],[167.172854,-15.51777],[167.175191,-15.515231],[167.180139,-15.514743],[167.180613,-15.515719],[167.182698,-15.513912],[167.189688,-15.515771],[167.193133,-15.514507],[167.193372,-15.515551],[167.215768,-15.516911],[167.22678,-15.520324],[167.229721,-15.510598],[167.226923,-15.50725],[167.226619,-15.504633],[167.221243,-15.502586],[167.218983,-15.499578],[167.216044,-15.499856],[167.207977,-15.49528],[167.209187,-15.487402],[167.205291,-15.485153],[167.204932,-15.482589],[167.196537,-15.482772],[167.192685,-15.484628],[167.192283,-15.492417],[167.172388,-15.489578],[167.171045,-15.488405],[167.17015,-15.493478],[167.164704,-15.492931],[167.166873,-15.495873],[167.163814,-15.499194],[167.165251,-15.503153],[167.162625,-15.505389],[167.16151,-15.509819]]],[[[167.140675,-15.557229],[167.143327,-15.559506],[167.14512,-15.559526],[167.146077,-15.557648],[167.147119,-15.547113],[167.155103,-15.535059],[167.154887,-15.528467],[167.156447,-15.52514],[167.159427,-15.524748],[167.16466,-15.520453],[167.168536,-15.521327],[167.171494,-15.518515],[167.171642,-15.516453],[167.168022,-15.511969],[167.164753,-15.513548],[167.164187,-15.512069],[167.161367,-15.511628],[167.160536,-15.510423],[167.146553,-15.520758],[167.144884,-15.518278],[167.142147,-15.517597],[167.1378,-15.521027],[167.141298,-15.539424],[167.145063,-15.543904],[167.144767,-15.547498],[167.142272,-15.551381],[167.142836,-15.553682],[167.140675,-15.557229]]]]}},{"type":"Feature","properties":{"area_code":"77236927B14255204108964","area_name":"Makimae","level":"area_council"},"geometry":{"type":"MultiPolygon","coordinates":[[[[168.420279,-17.064582],[168.431908,-17.05713],[168.432985,-17.052224],[168.413626,-17.038918],[168.400125,-17.034489],[168.390809,-17.033419],[168.380542,-17.039944],[168.37582,-17.046673],[168.375099,-17.052206],[168.370831,-17.05686],[168.363387,-17.061661],[168.357296,-17.062402],[168.354092,-17.064234],[168.349262,-17.067732],[168.349886,-17.070509],[168.346593,-17.069921],[168.333544,-17.075352],[168.333444,-17.091361],[168.340949,-17.093464],[168.348606,-17.098607],[168.360072,-17.097739],[168.371414,-17.090768],[168.371502,-17.088847],[168.384082,-17.073767],[168.395301,-17.064184],[168.41416,-17.065702],[168.420279,-17.064582]]],[[[168.444384,-17.141626],[168.447183,-17.138313],[168.444442,-17.13318],[168.435186,-17.128822],[168.430328,-17.12932],[168.432002,-17.135852],[168.434767,-17.1396],[168.439945,-17.142415],[168.444384,-17.141626]]],[[[168.42161,-17.255703],[168.42563,-17.25889],[168.432009,-17.258303],[168.429426,-17.254167],[168.427619,-17.245313],[168.424075,-17.242157],[168.419721,-17.247929],[168.42161,-17.255703]]],[[[168.437121,-17.264173],[168.436445,-17.260321],[168.432907,-17.258409],[168.434605,-17.263697],[168.437121,-17.264173]]]]}},{"type":"Feature","properties":{"area_code":"77236927B16755152791685","area_name":"Malorua","level":"area_council"},"geometry":{"type":"MultiPolygon","coordinates":[[[[168.372907,-17.601597],[168.372409,-17.599335],[168.376305,-17.597075],[168.381485,-17.587807],[168.378199,-17.587024],[168.380946,-17.584418],[168.381568,-17.581081],[168.385111,-17.579161],[168.386138,-17.575208],[168.381443,-17.565107],[168.381806,-17.560682],[168.367813,-17.556138],[168.360597,-17.546119],[168.35638,-17.544444],[168.355067,-17.54214],[168.345675,-17.546238],[168.341235,-17.549941],[168.339937,-17.545919],[168.338089,-17.546136],[168.330752,-17.538757],[168.329003,-17.526939],[168.326905,-17.524237],[168.315574,-17.521703],[168.311353,-17.522549],[168.307361,-17.528251],[168.30136,-17.532441],[168.291473,-17.534286],[168.281415,-17.541908],[168.282129,-17.547096],[168.284661,-17.547483],[168.288545,-17.551773],[168.286448,-17.549871],[168.282774,-17.553301],[168.277849,-17.55451],[168.276169,-17.563896],[168.273763,-17.566382],[168.260392,-17.568344],[168.252736,-17.5717],[168.247997,-17.572213],[168.243474,-17.584641],[168.244788,-17.604787],[168.240816,-17.607466],[168.239838,-17.612375],[168.235793,-17.617096],[168.223612,-17.627263],[168.217147,-17.627499],[168.212523,-17.630606],[168.208925,-17.630303],[168.204878,-17.632176],[168.201348,-17.635555],[168.198406,-17.641631],[168.191488,-17.645279],[168.191342,-17.651165],[168.187343,-17.655334],[168.189068,-17.658279],[168.186395,-17.660819],[168.186991,-17.668078],[168.182353,-17.674871],[168.182092,-17.677986],[168.173232,-17.690237],[168.173187,-17.693383],[168.169546,-17.697221],[168.165148,-17.698524],[168.162947,-17.703939],[168.157466,-17.70801],[168.156958,-17.712001],[168.159909,-17.714014],[168.172421,-17.709746],[168.177163,-17.70673],[168.179703,-17.707033],[168.180135,-17.712133],[168.170952,-17.726972],[168.170078,-17.731896],[168.172292,-17.734064],[168.183874,-17.734008],[168.182875,-17.734707],[168.184583,-17.735682],[168.181265,-17.742741],[168.185069,-17.7438],[168.199148,-17.736963],[168.203645,-17.731412],[168.206386,-17.721367],[168.216386,-17.712275],[168.229311,-17.703497],[168.233094,-17.697211],[168.239722,-17.691494],[168.245286,-17.689306],[168.25033,-17.684606],[168.257765,-17.685523],[168.251595,-17.676356],[168.252948,-17.676167],[168.253923,-17.671554],[168.25853,-17.671085],[168.27447,-17.660954],[168.281634,-17.658095],[168.283736,-17.65653],[168.28428,-17.652689],[168.292705,-17.655834],[168.295475,-17.653486],[168.293019,-17.651762],[168.293839,-17.648982],[168.296352,-17.648046],[168.298173,-17.644067],[168.300797,-17.64497],[168.301665,-17.642925],[168.303055,-17.642987],[168.302354,-17.641862],[168.304958,-17.641173],[168.304862,-17.636535],[168.309248,-17.635527],[168.310816,-17.636656],[168.311255,-17.634383],[168.313504,-17.636105],[168.314506,-17.634035],[168.318537,-17.634612],[168.323072,-17.632261],[168.320873,-17.629369],[168.317783,-17.628825],[168.322058,-17.626104],[168.322904,-17.622777],[168.322489,-17.615599],[168.32044,-17.611897],[168.331174,-17.615033],[168.339305,-17.615685],[168.347278,-17.605919],[168.352895,-17.601401],[168.355475,-17.591351],[168.362594,-17.591893],[168.367301,-17.596074],[168.369043,-17.598639],[168.367599,-17.605961],[168.369396,-17.602356],[168.372907,-17.601597]]],[[[168.287907,-17.504954],[168.277918,-17.506084],[168.276139,-17.509756],[168.27277,-17.510264],[168.267495,-17.514682],[168.267977,-17.518964],[168.256198,-17.520861],[168.245484,-17.51969],[168.24226,-17.521982],[168.237318,-17.522625],[168.233593,-17.525907],[168.23371,-17.527766],[168.229769,-17.528986],[168.226845,-17.535885],[168.229041,-17.539252],[168.227701,-17.540582],[168.230969,-17.547633],[168.23062,-17.551448],[168.223387,-17.554084],[168.219526,-17.558288],[168.216378,-17.559204],[168.213426,-17.563737],[168.21338,-17.568802],[168.220019,-17.569915],[168.223267,-17.567848],[168.234592,-17.55763],[168.237635,-17.550983],[168.248179,-17.547824],[168.251413,-17.549786],[168.256642,-17.547282],[168.264765,-17.548284],[168.269957,-17.541638],[168.271184,-17.537513],[168.274072,-17.537459],[168.292243,-17.528123],[168.301172,-17.529342],[168.306216,-17.526581],[168.297312,-17.512086],[168.292301,-17.50666],[168.287907,-17.504954]]],[[[168.214758,-17.612624],[168.220876,-17.613688],[168.224137,-17.610179],[168.225512,-17.604972],[168.220163,-17.59705],[168.217944,-17.59098],[168.2137,-17.586566],[168.214199,-17.578584],[168.209396,-17.572434],[168.205645,-17.574206],[168.209114,-17.57576],[168.209905,-17.57784],[168.20601,-17.586616],[168.200238,-17.590533],[168.199495,-17.593917],[168.197469,-17.593732],[168.198011,-17.595139],[168.19534,-17.595753],[168.192237,-17.602676],[168.206112,-17.610425],[168.214758,-17.612624]]]]}},{"type":"Feature","properties":{"area_code":"77236927B59461179812420","area_name":"Mele","level":"area_council"},"geometry":{"type":"Polygon","coordinates":[[[168.365767,-17.624198],[168.36416,-17.623585],[168.364004,-17.618501],[168.367599,-17.605961],[168.369043,-17.598639],[168.367301,-17.596074],[168.362594,-17.591893],[168.355475,-17.591351],[168.352895,-17.601401],[168.347278,-17.605919],[168.339305,-17.615685],[168.331174,-17.615033],[168.32044,-17.611897],[168.322489,-17.615599],[168.322904,-17.622777],[168.322058,-17.626104],[168.317783,-17.628825],[168.320873,-17.629369],[168.323072,-17.632261],[168.318537,-17.634612],[168.314506,-17.634035],[168.313504,-17.636105],[168.311255,-17.634383],[168.310816,-17.636656],[168.309248,-17.635527],[168.304862,-17.636535],[168.304958,-17.641173],[168.302354,-17.641862],[168.303055,-17.642987],[168.301665,-17.642925],[168.300797,-17.64497],[168.298173,-17.644067],[168.296352,-17.648046],[168.293839,-17.648982],[168.293019,-17.651762],[168.295475,-17.653486],[168.292705,-17.655834],[168.28428,-17.652689],[168.283736,-17.65653],[168.281634,-17.658095],[168.27447,-17.660954],[168.25853,-17.671085],[168.253923,-17.671554],[168.252948,-17.676167],[168.251595,-17.676356],[168.257765,-17.685523],[168.265931,-17.689637],[168.267139,-17.693428],[168.265577,-17.695483],[168.270235,-17.69382],[168.277172,-17.696623],[168.289523,-17.707181],[168.28896,-17.704876],[168.292632,-17.703275],[168.292991,-17.700692],[168.298482,-17.697459],[168.295303,-17.691545],[168.297812,-17.691264],[168.297591,-17.693145],[168.299162,-17.693566],[168.299712,-17.692455],[168.303773,-17.692549],[168.304467,-17.690344],[168.305293,-17.691165],[168.309553,-17.690042],[168.309686,-17.688541],[168.312907,-17.689457],[168.314311,-17.686527],[168.319942,-17.685678],[168.325712,-17.691773],[168.330597,-17.68618],[168.333012,-17.67899],[168.337996,-17.67627],[168.341535,-17.676995],[168.343398,-17.675745],[168.348977,-17.6788],[168.349986,-17.681003],[168.353198,-17.681025],[168.35685,-17.67904],[168.355851,-17.668623],[168.357707,-17.665058],[168.363024,-17.660914],[168.361633,-17.654588],[168.358691,-17.654105],[168.359996,-17.650856],[168.36379,-17.650475],[168.36577,-17.646791],[168.366311,-17.642562],[168.362911,-17.638987],[168.362689,-17.633259],[168.365101,-17.631846],[168.365767,-17.624198]]]}},{"type":"Feature","properties":{"area_code":"77236927B6151956983543","area_name":"Merelava","level":"area_council"},"geometry":{"type":"MultiPolygon","coordinates":[[[[168.03886,-14.481686],[168.053148,-14.479416],[168.059448,-14.472922],[168.06312,-14.460048],[168.066464,-14.456959],[168.067836,-14.444757],[168.057212,-14.444574],[168.051856,-14.441197],[168.038431,-14.438805],[168.02961,-14.441003],[168.025195,-14.444667],[168.021282,-14.451291],[168.020212,-14.457557],[168.024745,-14.473932],[168.035244,-14.481813],[168.03886,-14.481686]]],[[[167.799086,-14.316525],[167.794758,-14.31979],[167.794004,-14.322286],[167.795119,-14.323369],[167.798345,-14.323133],[167.800421,-14.32095],[167.799086,-14.316525]]]]}},{"type":"Feature","properties":{"area_code":"77236927B24909731902413","area_name":"Middle Bush Tanna","level":"area_council"},"geometry":{"type":"Polygon","coordinates":[[[169.360621,-19.448067],[169.359095,-19.442734],[169.356251,-19.441684],[169.354301,-19.43832],[169.35129,-19.424957],[169.350174,-19.424786],[169.351101,-19.424151],[169.325896,-19.426675],[169.309958,-19.426689],[169.300707,-19.420245],[169.296027,-19.412331],[169.275275,-19.426821],[169.270007,-19.433997],[169.266964,-19.443158],[169.2645,-19.445719],[169.264866,-19.447789],[169.270536,-19.452101],[169.272182,-19.455209],[169.274926,-19.472291],[169.27328,-19.48316],[169.279053,-19.487244],[169.280857,-19.490172],[169.280456,-19.492909],[169.290378,-19.49579],[169.290628,-19.499995],[169.288107,-19.505948],[169.289888,-19.506505],[169.295205,-19.502569],[169.307132,-19.499165],[169.315807,-19.504954],[169.318246,-19.508363],[169.318088,-19.511266],[169.326044,-19.51479],[169.325569,-19.517701],[169.330497,-19.517704],[169.342553,-19.515007],[169.343072,-19.500852],[169.347325,-19.496128],[169.361691,-19.495327],[169.352617,-19.484811],[169.34723,-19.483119],[169.345151,-19.479021],[169.346285,-19.471979],[169.358855,-19.469932],[169.358761,-19.465299],[169.355642,-19.459775],[169.356587,-19.455496],[169.355159,-19.449575],[169.360621,-19.448067]]]}},{"type":"Feature","properties":{"area_code":"77236927B83033077011178","area_name":"Mota","level":"area_council"},"geometry":{"type":"Polygon","coordinates":[[[167.682433,-13.838073],[167.679917,-13.840085],[167.677349,-13.846464],[167.678005,-13.849849],[167.68348,-13.858505],[167.688581,-13.860433],[167.699762,-13.861203],[167.703822,-13.86096],[167.71028,-13.857316],[167.713284,-13.852351],[167.711132,-13.84899],[167.709848,-13.841028],[167.703667,-13.832633],[167.698741,-13.830375],[167.688387,-13.832766],[167.682433,-13.838073]]]}},{"type":"Feature","properties":{"area_code":"77236927B68296465422624","area_name":"Motalava","level":"area_council"},"geometry":{"type":"MultiPolygon","coordinates":[[[[167.619254,-13.708463],[167.62462,-13.710907],[167.636424,-13.70219],[167.642621,-13.699297],[167.663628,-13.698093],[167.671943,-13.695719],[167.676359,-13.692844],[167.678193,-13.687822],[167.685927,-13.683388],[167.692378,-13.683427],[167.696014,-13.680451],[167.70793,-13.681844],[167.710672,-13.678551],[167.71545,-13.678173],[167.716629,-13.664567],[167.712828,-13.653191],[167.713546,-13.647855],[167.710861,-13.64647],[167.706774,-13.648799],[167.693138,-13.652427],[167.685472,-13.653054],[167.683023,-13.652754],[167.681217,-13.650381],[167.676873,-13.649776],[167.663872,-13.650568],[167.659186,-13.649205],[167.656199,-13.650542],[167.654885,-13.652404],[167.656499,-13.657498],[167.65451,-13.658607],[167.656346,-13.663698],[167.655095,-13.671106],[167.651595,-13.676364],[167.645209,-13.682087],[167.64342,-13.681236],[167.643548,-13.682757],[167.640786,-13.684418],[167.632286,-13.695247],[167.621867,-13.701204],[167.617882,-13.705106],[167.619254,-13.708463]]],[[[167.53052,-13.609118],[167.531177,-13.615282],[167.534243,-13.616214],[167.536567,-13.62159],[167.537945,-13.621383],[167.539376,-13.616933],[167.536695,-13.615129],[167.532578,-13.60794],[167.53052,-13.609118]]],[[[167.627475,-13.717864],[167.630386,-13.72093],[167.632415,-13.721101],[167.634095,-13.717785],[167.633044,-13.713885],[167.627019,-13.712706],[167.625587,-13.715042],[167.627475,-13.717864]]],[[[167.523984,-13.615547],[167.527031,-13.614649],[167.526337,-13.605015],[167.524115,-13.60928],[167.523984,-13.615547]]],[[[167.53461,-13.595194],[167.532573,-13.598203],[167.53338,-13.600027],[167.530175,-13.604494],[167.530785,-13.606223],[167.533251,-13.606391],[167.536012,-13.597204],[167.53461,-13.595194]]],[[[167.521098,-13.622229],[167.521571,-13.629648],[167.523406,-13.626062],[167.521377,-13.620587],[167.521098,-13.622229]]],[[[167.64067,-13.245901],[167.639612,-13.245984],[167.639207,-13.249512],[167.642904,-13.246573],[167.642028,-13.245029],[167.64067,-13.245901]]],[[[167.505481,-13.599441],[167.506086,-13.600785],[167.508134,-13.598643],[167.507434,-13.597686],[167.505481,-13.599441]]]]}},{"type":"Feature","properties":{"area_code":"77236927B53678457839449","area_name":"Nguna","level":"area_council"},"geometry":{"type":"MultiPolygon","coordinates":[[[[168.327735,-17.440338],[168.332973,-17.447849],[168.33392,-17.453213],[168.335891,-17.454478],[168.346471,-17.47275],[168.362712,-17.482435],[168.382385,-17.484314],[168.387913,-17.482286],[168.388194,-17.478307],[168.380334,-17.463023],[168.376835,-17.460251],[168.36447,-17.440007],[168.360087,-17.436225],[168.355317,-17.428992],[168.355425,-17.422188],[168.350199,-17.413236],[168.34508,-17.411574],[168.337207,-17.413541],[168.325803,-17.42125],[168.328532,-17.426079],[168.326651,-17.429852],[168.323123,-17.431125],[168.326546,-17.435816],[168.327735,-17.440338]]],[[[168.403952,-17.503122],[168.407627,-17.504165],[168.415739,-17.501376],[168.418727,-17.503424],[168.419931,-17.500059],[168.418348,-17.49372],[168.408329,-17.485813],[168.40214,-17.483076],[168.39293,-17.483215],[168.391494,-17.485075],[168.399449,-17.493502],[168.40169,-17.501118],[168.403952,-17.503122]]],[[[168.40169,-17.521291],[168.403549,-17.519373],[168.408401,-17.518508],[168.408033,-17.513648],[168.402498,-17.516219],[168.40169,-17.521291]]]]}},{"type":"Feature","properties":{"area_code":"77236927B69269343415786","area_name":"North Ambae","level":"area_council"},"geometry":{"type":"Polygon","coordinates":[[[167.970671,-15.278034],[167.966475,-15.275068],[167.953706,-15.27532],[167.952178,-15.277845],[167.943703,-15.280524],[167.936422,-15.281486],[167.931594,-15.280216],[167.924505,-15.285632],[167.914796,-15.283966],[167.907011,-15.286166],[167.904047,-15.289176],[167.897196,-15.286959],[167.892162,-15.29241],[167.865793,-15.301473],[167.854135,-15.309126],[167.851455,-15.308369],[167.845577,-15.312102],[167.831083,-15.316594],[167.817224,-15.317059],[167.815937,-15.318958],[167.806147,-15.323901],[167.805735,-15.325825],[167.797,-15.330249],[167.784857,-15.342426],[167.79504,-15.355293],[167.802277,-15.361656],[167.815099,-15.367893],[167.831683,-15.372361],[167.83248,-15.367866],[167.835473,-15.366844],[167.845279,-15.367622],[167.872825,-15.364356],[167.889493,-15.356522],[167.902426,-15.345327],[167.915641,-15.336851],[167.926297,-15.320574],[167.937096,-15.312227],[167.944811,-15.306834],[167.961642,-15.300227],[167.965729,-15.297229],[167.973264,-15.288739],[167.969482,-15.284608],[167.968766,-15.28162],[167.970671,-15.278034]]]}},{"type":"Feature","properties":{"area_code":"77236927B87914906430322","area_name":"North Ambrym","level":"area_council"},"geometry":{"type":"Polygon","coordinates":[[[168.219757,-16.231392],[168.220418,-16.221124],[168.215487,-16.218622],[168.215108,-16.216153],[168.216684,-16.213645],[168.211152,-16.195141],[168.207199,-16.185357],[168.203142,-16.179505],[168.204469,-16.176649],[168.203821,-16.168022],[168.194468,-16.159799],[168.196771,-16.154918],[168.194699,-16.144261],[168.195786,-16.138937],[168.193032,-16.133346],[168.193336,-16.131012],[168.189956,-16.129228],[168.191928,-16.124469],[168.189636,-16.121947],[168.183524,-16.106969],[168.18036,-16.10652],[168.175152,-16.100643],[168.172325,-16.0995],[168.168792,-16.100541],[168.16611,-16.098503],[168.158187,-16.098878],[168.154831,-16.097438],[168.15235,-16.098999],[168.145433,-16.098607],[168.140344,-16.10085],[168.136734,-16.100711],[168.132674,-16.103202],[168.131444,-16.105215],[168.132073,-16.109112],[168.130065,-16.111757],[168.130549,-16.114528],[168.126604,-16.120763],[168.124785,-16.129791],[168.120242,-16.140947],[168.11306,-16.146412],[168.112201,-16.14998],[168.109159,-16.153309],[168.100206,-16.156529],[168.097992,-16.155249],[168.096245,-16.156666],[168.096351,-16.158951],[168.093629,-16.157809],[168.0916,-16.160446],[168.090849,-16.16687],[168.0886,-16.167338],[168.089081,-16.169057],[168.082776,-16.168391],[168.081473,-16.170785],[168.084366,-16.174475],[168.082002,-16.176264],[168.080347,-16.181615],[168.077717,-16.179306],[168.074431,-16.1787],[168.068284,-16.181217],[168.064005,-16.185099],[168.063025,-16.192226],[168.060601,-16.190517],[168.057366,-16.193553],[168.051472,-16.194151],[168.045705,-16.198838],[168.043379,-16.199412],[168.043267,-16.195578],[168.037775,-16.192566],[168.036402,-16.194658],[168.049477,-16.216763],[168.057505,-16.222787],[168.06375,-16.22644],[168.070959,-16.228236],[168.077548,-16.232732],[168.11048,-16.244395],[168.114563,-16.249793],[168.127737,-16.256677],[168.137145,-16.258168],[168.149678,-16.250641],[168.196374,-16.233587],[168.219757,-16.231392]]]}},{"type":"Feature","properties":{"area_code":"77236927B6539808470139","area_name":"North East Malekula","level":"area_council"},"geometry":{"type":"MultiPolygon","coordinates":[[[[167.397373,-16.047282],[167.40648,-16.033617],[167.401266,-16.01995],[167.406278,-16.015292],[167.406805,-16.012171],[167.403642,-16.009771],[167.39856,-16.014074],[167.390959,-16.01066],[167.382887,-16.002903],[167.379336,-15.992685],[167.367957,-15.980741],[167.364753,-15.979449],[167.361619,-15.980027],[167.35764,-15.97405],[167.35324,-15.974519],[167.34687,-15.970976],[167.34371,-15.97217],[167.346702,-15.969943],[167.343896,-15.96204],[167.340737,-15.95836],[167.338746,-15.958104],[167.33784,-15.954732],[167.33381,-15.950551],[167.327964,-15.937386],[167.327516,-15.931568],[167.324057,-15.933753],[167.323474,-15.933628],[167.321902,-15.930809],[167.322266,-15.929547],[167.32202,-15.928864],[167.321027,-15.927705],[167.321944,-15.928436],[167.322349,-15.929258],[167.321993,-15.930746],[167.323183,-15.93294],[167.324217,-15.933437],[167.328727,-15.928971],[167.336212,-15.926448],[167.33366,-15.918481],[167.331866,-15.918403],[167.330064,-15.915591],[167.324559,-15.912389],[167.321198,-15.91385],[167.302275,-15.908532],[167.284834,-15.897865],[167.282459,-15.898466],[167.281719,-15.89979],[167.281804,-15.900752],[167.280946,-15.901844],[167.276574,-15.90255],[167.281546,-15.900941],[167.281681,-15.900107],[167.278769,-15.899061],[167.279718,-15.896292],[167.27423,-15.894784],[167.265139,-15.887069],[167.225576,-15.878928],[167.219063,-15.879587],[167.219892,-15.884304],[167.225671,-15.891458],[167.226052,-15.901528],[167.231253,-15.906091],[167.231044,-15.916185],[167.235544,-15.919142],[167.236318,-15.922269],[167.235294,-15.923739],[167.237794,-15.926021],[167.238726,-15.93019],[167.238066,-15.93476],[167.241742,-15.939907],[167.241385,-15.942545],[167.243093,-15.942739],[167.241524,-15.943704],[167.241109,-15.949183],[167.2383,-15.95195],[167.233342,-15.952837],[167.228683,-15.956269],[167.225503,-15.968729],[167.230215,-15.968938],[167.234811,-15.966577],[167.238765,-15.966482],[167.240054,-15.962046],[167.241262,-15.96089],[167.243065,-15.961631],[167.243858,-15.963949],[167.241121,-15.965179],[167.239169,-15.973683],[167.237797,-15.974776],[167.237873,-15.978493],[167.247114,-15.98506],[167.253054,-15.984492],[167.254537,-15.990746],[167.257172,-15.994319],[167.259066,-15.9956],[167.262524,-15.99461],[167.262387,-15.997245],[167.258949,-15.996708],[167.261974,-16.001347],[167.266342,-16.003157],[167.272849,-16.000821],[167.279985,-16.007042],[167.29265,-16.025156],[167.302146,-16.03235],[167.316102,-16.040922],[167.325741,-16.044241],[167.33125,-16.044403],[167.327897,-16.031512],[167.329844,-16.022362],[167.332008,-16.021322],[167.332981,-16.018511],[167.347458,-16.013642],[167.351202,-16.015746],[167.368218,-16.014556],[167.374277,-16.018514],[167.380347,-16.019196],[167.37884,-16.02079],[167.37953,-16.024282],[167.377204,-16.029019],[167.382319,-16.034807],[167.384517,-16.042394],[167.397373,-16.047282]]],[[[167.383909,-15.987639],[167.38998,-15.993288],[167.393133,-15.993],[167.396054,-15.98997],[167.394595,-15.983871],[167.389483,-15.97959],[167.384631,-15.983591],[167.383909,-15.987639]]],[[[167.311822,-15.902249],[167.316976,-15.899993],[167.312943,-15.894601],[167.308646,-15.893276],[167.302061,-15.896809],[167.304876,-15.902802],[167.311822,-15.902249]]],[[[167.382581,-15.972883],[167.381424,-15.968532],[167.377377,-15.968871],[167.374153,-15.972666],[167.375342,-15.978129],[167.379673,-15.977781],[167.382581,-15.972883]]],[[[167.347683,-15.936747],[167.342552,-15.937665],[167.337718,-15.944133],[167.340825,-15.945225],[167.345264,-15.943926],[167.348079,-15.940211],[167.347683,-15.936747]]]]}},{"type":"Feature","properties":{"area_code":"77236927B73770222811595","area_name":"North Efate","level":"area_council"},"geometry":{"type":"Polygon","coordinates":[[[168.490523,-17.591148],[168.474687,-17.576758],[168.46815,-17.56891],[168.464591,-17.567376],[168.464752,-17.561912],[168.460915,-17.55789],[168.458005,-17.551254],[168.455944,-17.541483],[168.450916,-17.53574],[168.445938,-17.532966],[168.444446,-17.530006],[168.441798,-17.531367],[168.423813,-17.530327],[168.40218,-17.526444],[168.398448,-17.531553],[168.391099,-17.535674],[168.376604,-17.53994],[168.367251,-17.539238],[168.360962,-17.542534],[168.355067,-17.54214],[168.35638,-17.544444],[168.360597,-17.546119],[168.367813,-17.556138],[168.381806,-17.560682],[168.381443,-17.565107],[168.386138,-17.575208],[168.385111,-17.579161],[168.381568,-17.581081],[168.380946,-17.584418],[168.378199,-17.587024],[168.381485,-17.587807],[168.376305,-17.597075],[168.372409,-17.599335],[168.372907,-17.601597],[168.379278,-17.603406],[168.386603,-17.600875],[168.388918,-17.603448],[168.393078,-17.60413],[168.396069,-17.606583],[168.398714,-17.607364],[168.39978,-17.605937],[168.403488,-17.608956],[168.403624,-17.611864],[168.40801,-17.613165],[168.41273,-17.618273],[168.418296,-17.61967],[168.41936,-17.617048],[168.425936,-17.617733],[168.429221,-17.614846],[168.435704,-17.61699],[168.436662,-17.613254],[168.441704,-17.611628],[168.443359,-17.609162],[168.448722,-17.607935],[168.451037,-17.603572],[168.465693,-17.600544],[168.469621,-17.601775],[168.476963,-17.599705],[168.48427,-17.601358],[168.487797,-17.599775],[168.489683,-17.596976],[168.490523,-17.591148]]]}},{"type":"Feature","properties":{"area_code":"77236927B15473640252363","area_name":"North Erromango","level":"area_council"},"geometry":{"type":"Polygon","coordinates":[[[169.293311,-18.857466],[169.290475,-18.856866],[169.287642,-18.860628],[169.29063,-18.85538],[169.28901,-18.85379],[169.283133,-18.852385],[169.278461,-18.849221],[169.275685,-18.85383],[169.274419,-18.853966],[169.275673,-18.853676],[169.276623,-18.849232],[169.273538,-18.845353],[169.261969,-18.840052],[169.250445,-18.836768],[169.248804,-18.837497],[169.248702,-18.835739],[169.245143,-18.833015],[169.237731,-18.82971],[169.232376,-18.823204],[169.219823,-18.814297],[169.218239,-18.814639],[169.217764,-18.812496],[169.208435,-18.802085],[169.203533,-18.792914],[169.202427,-18.786781],[169.199918,-18.786904],[169.196245,-18.789859],[169.203788,-18.782519],[169.209968,-18.783746],[169.218651,-18.776854],[169.2278,-18.778096],[169.231678,-18.777499],[169.2342,-18.775093],[169.250812,-18.775172],[169.255226,-18.772776],[169.261083,-18.772135],[169.266685,-18.77279],[169.273332,-18.771552],[169.279208,-18.774073],[169.281629,-18.773208],[169.283096,-18.77026],[169.28036,-18.765222],[169.268995,-18.756171],[169.264404,-18.7475],[169.259267,-18.732075],[169.257085,-18.730726],[169.245513,-18.731886],[169.231594,-18.738067],[169.218794,-18.745835],[169.214096,-18.744772],[169.209198,-18.747016],[169.189669,-18.735762],[169.186367,-18.732664],[169.186565,-18.726838],[169.185075,-18.726403],[169.183436,-18.728037],[169.181989,-18.726803],[169.180095,-18.728505],[169.176076,-18.724915],[169.170979,-18.729737],[169.179723,-18.718831],[169.176135,-18.708925],[169.168706,-18.703178],[169.171537,-18.703656],[169.174769,-18.698615],[169.1736,-18.694938],[169.17463,-18.694265],[169.175691,-18.69556],[169.177523,-18.692744],[169.174765,-18.687439],[169.175634,-18.678738],[169.174223,-18.671722],[169.168908,-18.664639],[169.164199,-18.661266],[169.159699,-18.662045],[169.159437,-18.660816],[169.162097,-18.660006],[169.160808,-18.653492],[169.156633,-18.645833],[169.146277,-18.633974],[169.141028,-18.631334],[169.138015,-18.634773],[169.13871,-18.630313],[169.131969,-18.627765],[169.130125,-18.628917],[169.117811,-18.624035],[169.115385,-18.627798],[169.115255,-18.625231],[169.111182,-18.621401],[169.106847,-18.620576],[169.100684,-18.621564],[169.095295,-18.62506],[169.086345,-18.625916],[169.086132,-18.629162],[169.079213,-18.626573],[169.075368,-18.627656],[169.062291,-18.626952],[169.056865,-18.624558],[169.048548,-18.625787],[169.046703,-18.63197],[169.042693,-18.629775],[169.038518,-18.630396],[169.037701,-18.632644],[169.03523,-18.633593],[169.035595,-18.63642],[169.033955,-18.636213],[169.032055,-18.638967],[169.02976,-18.639315],[169.026115,-18.643735],[169.025912,-18.646382],[169.022996,-18.646085],[169.015106,-18.655483],[169.007741,-18.660123],[169.008581,-18.663826],[168.999586,-18.67513],[168.996264,-18.685468],[168.998982,-18.696145],[169.003605,-18.702401],[169.002227,-18.704731],[169.002475,-18.711062],[169.001317,-18.713627],[168.999836,-18.713546],[169.000335,-18.718261],[168.99752,-18.724857],[168.992292,-18.725068],[168.990849,-18.739895],[168.988951,-18.743356],[168.989872,-18.749758],[168.988699,-18.754357],[168.986056,-18.755861],[168.987693,-18.760806],[168.986376,-18.76444],[168.9903,-18.77132],[168.99938,-18.780187],[169.007084,-18.791801],[169.009977,-18.802031],[169.008618,-18.80321],[169.008745,-18.810936],[169.014938,-18.815368],[169.014717,-18.817274],[169.018502,-18.818774],[169.015105,-18.81871],[169.015516,-18.821721],[169.011444,-18.824917],[169.016774,-18.82783],[169.032244,-18.826783],[169.045502,-18.821029],[169.053789,-18.819988],[169.057772,-18.816581],[169.063932,-18.81486],[169.066442,-18.814859],[169.068706,-18.816852],[169.095252,-18.81278],[169.107639,-18.83506],[169.11539,-18.839651],[169.15802,-18.856164],[169.169643,-18.866248],[169.189015,-18.876341],[169.190952,-18.880933],[169.205486,-18.891941],[169.228743,-18.902031],[169.24512,-18.902865],[169.268388,-18.891208],[169.27295,-18.886892],[169.275689,-18.88085],[169.289831,-18.869193],[169.293311,-18.857466]]]}},{"type":"Feature","properties":{"area_code":"77236927B797015037992","area_name":"North Maewo","level":"area_council"},"geometry":{"type":"Polygon","coordinates":[[[168.142675,-15.124614],[168.147185,-15.121744],[168.148049,-15.119168],[168.144531,-15.111699],[168.139005,-15.110046],[168.136719,-15.099688],[168.133611,-15.0951],[168.135466,-15.091723],[168.135009,-15.088931],[168.130486,-15.085527],[168.131605,-15.084113],[168.129073,-15.08181],[168.128983,-15.075288],[168.125515,-15.071147],[168.128528,-15.066193],[168.123315,-15.057299],[168.125188,-15.052511],[168.128562,-15.05183],[168.129633,-15.049837],[168.129358,-15.046044],[168.127401,-15.043233],[168.128,-15.039533],[168.127221,-15.037171],[168.124263,-15.035351],[168.123717,-15.030226],[168.122141,-15.02827],[168.122702,-15.024606],[168.120555,-15.022082],[168.116262,-15.020389],[168.115269,-15.016054],[168.111423,-15.013743],[168.110272,-15.011241],[168.11023,-14.997096],[168.10619,-14.985702],[168.104611,-14.975616],[168.101052,-14.971391],[168.102226,-14.966559],[168.1004,-14.959653],[168.097092,-14.955478],[168.09718,-14.940059],[168.094034,-14.938447],[168.093203,-14.932358],[168.088557,-14.928085],[168.088744,-14.925284],[168.082757,-14.914077],[168.082527,-14.906341],[168.079892,-14.90136],[168.07532,-14.900001],[168.073273,-14.897071],[168.070738,-14.896488],[168.067713,-14.897046],[168.064223,-14.900214],[168.06092,-14.897965],[168.054474,-14.898732],[168.051492,-14.895384],[168.046211,-14.892658],[168.042186,-14.895481],[168.03804,-14.903649],[168.03985,-14.910174],[168.044293,-14.917006],[168.046668,-14.925872],[168.046071,-14.931363],[168.049425,-14.931397],[168.04907,-14.933454],[168.05245,-14.934954],[168.052299,-14.937819],[168.055762,-14.944149],[168.060636,-14.960372],[168.060962,-14.96517],[168.057761,-14.966829],[168.057191,-14.97175],[168.060968,-14.979016],[168.059941,-14.981851],[168.057242,-14.983028],[168.059503,-14.987986],[168.058161,-14.99487],[168.058957,-15.000785],[168.061466,-15.005339],[168.06518,-15.00772],[168.066505,-15.011607],[168.065393,-15.014587],[168.068921,-15.027727],[168.067551,-15.037224],[168.069169,-15.044968],[168.068906,-15.052598],[168.074397,-15.063384],[168.079241,-15.079273],[168.077575,-15.089282],[168.077915,-15.093817],[168.080534,-15.096518],[168.079492,-15.103848],[168.081022,-15.109267],[168.084176,-15.111749],[168.090521,-15.128182],[168.105807,-15.124944],[168.136025,-15.126125],[168.142675,-15.124614]]]}},{"type":"Feature","properties":{"area_code":"77236927B73444068942664","area_name":"North Pentecost","level":"area_council"},"geometry":{"type":"Polygon","coordinates":[[[168.194333,-15.627186],[168.191419,-15.622644],[168.194044,-15.619229],[168.19308,-15.615026],[168.188971,-15.613369],[168.192554,-15.610358],[168.190536,-15.611258],[168.18759,-15.607389],[168.18459,-15.597989],[168.190466,-15.591744],[168.190692,-15.586172],[168.196038,-15.582539],[168.198803,-15.578093],[168.197398,-15.570601],[168.198702,-15.565507],[168.196927,-15.55957],[168.198288,-15.551736],[168.194472,-15.54532],[168.192612,-15.53603],[168.193824,-15.53184],[168.191724,-15.525372],[168.194101,-15.518927],[168.192299,-15.513831],[168.189052,-15.511845],[168.171819,-15.512229],[168.169182,-15.506897],[168.161566,-15.502098],[168.160457,-15.496798],[168.161383,-15.489382],[168.159592,-15.482488],[168.162757,-15.477422],[168.162377,-15.472302],[168.168018,-15.467087],[168.167936,-15.459786],[168.168915,-15.457446],[168.170511,-15.457461],[168.168635,-15.451744],[168.162557,-15.450263],[168.163082,-15.448352],[168.159085,-15.450145],[168.152277,-15.448695],[168.149602,-15.449515],[168.140632,-15.45693],[168.14415,-15.462729],[168.141754,-15.469137],[168.143158,-15.471798],[168.141416,-15.474663],[168.141067,-15.484859],[168.138782,-15.493416],[168.137185,-15.494616],[168.139554,-15.495582],[168.141316,-15.50154],[168.139733,-15.510025],[168.143585,-15.522012],[168.142788,-15.527188],[168.138306,-15.534278],[168.138546,-15.53677],[168.139636,-15.538594],[168.141922,-15.538029],[168.147591,-15.54127],[168.150238,-15.545519],[168.142238,-15.553468],[168.133644,-15.554759],[168.131386,-15.55874],[168.131759,-15.560327],[168.134444,-15.561548],[168.134676,-15.566859],[168.131072,-15.570869],[168.12884,-15.576678],[168.129469,-15.581631],[168.126568,-15.584237],[168.12638,-15.590254],[168.123101,-15.596279],[168.125759,-15.599731],[168.126977,-15.607975],[168.136461,-15.607123],[168.140162,-15.608848],[168.143126,-15.607799],[168.14724,-15.609948],[168.146326,-15.605537],[168.149647,-15.60655],[168.156272,-15.612536],[168.156057,-15.615618],[168.158108,-15.618816],[168.160013,-15.616252],[168.164575,-15.615116],[168.16525,-15.613355],[168.170508,-15.610385],[168.168769,-15.615304],[168.173572,-15.622769],[168.173357,-15.631065],[168.175262,-15.635601],[168.186868,-15.629217],[168.192007,-15.629584],[168.194333,-15.627186]]]}},{"type":"Feature","properties":{"area_code":"77236927B16584952276885","area_name":"North Santo","level":"area_council"},"geometry":{"type":"Polygon","coordinates":[[[166.978681,-15.122838],[166.970325,-15.126887],[166.967883,-15.129624],[166.966393,-15.129077],[166.961751,-15.137791],[166.954767,-15.143944],[166.951336,-15.152957],[166.952313,-15.159048],[166.950539,-15.161072],[166.951795,-15.161],[166.922717,-15.17102],[166.913961,-15.170532],[166.905449,-15.167787],[166.902183,-15.171871],[166.901363,-15.171059],[166.903789,-15.168299],[166.901302,-15.167842],[166.885979,-15.171697],[166.873467,-15.17187],[166.859472,-15.167914],[166.840163,-15.166025],[166.829051,-15.160339],[166.826566,-15.161207],[166.828431,-15.159845],[166.822229,-15.153862],[166.819003,-15.133958],[166.814075,-15.123671],[166.816236,-15.114402],[166.814551,-15.098477],[166.808609,-15.08787],[166.80959,-15.07961],[166.807083,-15.072453],[166.809601,-15.067429],[166.810654,-15.057786],[166.811859,-15.053981],[166.811368,-15.056462],[166.812201,-15.055064],[166.81188,-15.050174],[166.793226,-15.026076],[166.788504,-15.017115],[166.789025,-15.004407],[166.793214,-14.995472],[166.795166,-14.986094],[166.794611,-14.984728],[166.792802,-14.984965],[166.794438,-14.984294],[166.789019,-14.973264],[166.7882,-14.96222],[166.783905,-14.950654],[166.786425,-14.932282],[166.782796,-14.920506],[166.782832,-14.911499],[166.778911,-14.905656],[166.77052,-14.878198],[166.766267,-14.869469],[166.76369,-14.857703],[166.762004,-14.857783],[166.763476,-14.857185],[166.761739,-14.851867],[166.756133,-14.840216],[166.75615,-14.834885],[166.760589,-14.826896],[166.755431,-14.823668],[166.752684,-14.817465],[166.750724,-14.817248],[166.745502,-14.821279],[166.73984,-14.819777],[166.737087,-14.817452],[166.732804,-14.808707],[166.732097,-14.809865],[166.731315,-14.808041],[166.721346,-14.807898],[166.717121,-14.805226],[166.708396,-14.792274],[166.705737,-14.783376],[166.701614,-14.778367],[166.695524,-14.775387],[166.694673,-14.76931],[166.689137,-14.760503],[166.688258,-14.754431],[166.683527,-14.752563],[166.681194,-14.748482],[166.682556,-14.739262],[166.681641,-14.737279],[166.678411,-14.735708],[166.674006,-14.727223],[166.667099,-14.725049],[166.654286,-14.716421],[166.649677,-14.70456],[166.652571,-14.697829],[166.651624,-14.695671],[166.648101,-14.691656],[166.643381,-14.690654],[166.642161,-14.688901],[166.640299,-14.689576],[166.637809,-14.693255],[166.633297,-14.694412],[166.631858,-14.697708],[166.628233,-14.700625],[166.619172,-14.705059],[166.612686,-14.711883],[166.610139,-14.716813],[166.607277,-14.718053],[166.608596,-14.723891],[166.606815,-14.7253],[166.607441,-14.726882],[166.604979,-14.727206],[166.602975,-14.729457],[166.603208,-14.73473],[166.605805,-14.73698],[166.599159,-14.745834],[166.602959,-14.750598],[166.602327,-14.757937],[166.603467,-14.76027],[166.609526,-14.765289],[166.614066,-14.764503],[166.616064,-14.768023],[166.619348,-14.769988],[166.621601,-14.777248],[166.621572,-14.786843],[166.625316,-14.789067],[166.625295,-14.791164],[166.636383,-14.796147],[166.639594,-14.794307],[166.641412,-14.796567],[166.648587,-14.796593],[166.65194,-14.798196],[166.655505,-14.796901],[166.659535,-14.799167],[166.656764,-14.803394],[166.657901,-14.813658],[166.656066,-14.819392],[166.658895,-14.821749],[166.660197,-14.827167],[166.657401,-14.829284],[166.657423,-14.834358],[166.650101,-14.835296],[166.64939,-14.839608],[166.651444,-14.844813],[166.65473,-14.846629],[166.655128,-14.849066],[166.657092,-14.848307],[166.661618,-14.851003],[166.661697,-14.856172],[166.665876,-14.857281],[166.667868,-14.855549],[166.669763,-14.856227],[166.674086,-14.865093],[166.675719,-14.863586],[166.679698,-14.867199],[166.687662,-14.865685],[166.689986,-14.862085],[166.69531,-14.86106],[166.69582,-14.867343],[166.698434,-14.871029],[166.696872,-14.874488],[166.699132,-14.879994],[166.699018,-14.886669],[166.701507,-14.891156],[166.706811,-14.895513],[166.707374,-14.899228],[166.70952,-14.899059],[166.712973,-14.907144],[166.713821,-14.9213],[166.716889,-14.929668],[166.720944,-14.934618],[166.722273,-14.942832],[166.721833,-14.948958],[166.717821,-14.953123],[166.718327,-14.955704],[166.716009,-14.957706],[166.719584,-14.961325],[166.719289,-14.964161],[166.714639,-14.967043],[166.711628,-14.976523],[166.707216,-14.979995],[166.70225,-14.981695],[166.700685,-14.985137],[166.698576,-14.984398],[166.692536,-14.98762],[166.688247,-14.993449],[166.686972,-14.992311],[166.684428,-14.992809],[166.683406,-14.9886],[166.679868,-14.987397],[166.675587,-14.987465],[166.671805,-14.990805],[166.668382,-14.991138],[166.670602,-15.001248],[166.672308,-15.002067],[166.67342,-15.006456],[166.67505,-15.006837],[166.675026,-15.008979],[166.678039,-15.011284],[166.682624,-15.012267],[166.682143,-15.017757],[166.680078,-15.02145],[166.681899,-15.024943],[166.691226,-15.021557],[166.694388,-15.022926],[166.696933,-15.022062],[166.701852,-15.023778],[166.704089,-15.027336],[166.702475,-15.033082],[166.696923,-15.033246],[166.695114,-15.037751],[166.692271,-15.038965],[166.690275,-15.04241],[166.693019,-15.050623],[166.693857,-15.049053],[166.699819,-15.047011],[166.706248,-15.049322],[166.719635,-15.062777],[166.721985,-15.070808],[166.728477,-15.072683],[166.736183,-15.07234],[166.746028,-15.083629],[166.744911,-15.089173],[166.742524,-15.091988],[166.743387,-15.09885],[166.742325,-15.101696],[166.744116,-15.10424],[166.744199,-15.1085],[166.747683,-15.112441],[166.745028,-15.116623],[166.742479,-15.117113],[166.742429,-15.12156],[166.744441,-15.122321],[166.742834,-15.125782],[166.74096,-15.12736],[166.735369,-15.12658],[166.733696,-15.12798],[166.733793,-15.130442],[166.735735,-15.135484],[166.741118,-15.136174],[166.740242,-15.144835],[166.74374,-15.149123],[166.743786,-15.152444],[166.749436,-15.158772],[166.748377,-15.160556],[166.750497,-15.161497],[166.748751,-15.164041],[166.745662,-15.164047],[166.745404,-15.168297],[166.745775,-15.173639],[166.751045,-15.182943],[166.752221,-15.19086],[166.754108,-15.194175],[166.752794,-15.208677],[166.755384,-15.215706],[166.757978,-15.216138],[166.762927,-15.221937],[166.764669,-15.230622],[166.770457,-15.239112],[166.773301,-15.240685],[166.772833,-15.247733],[166.776633,-15.248801],[166.776895,-15.250258],[166.777234,-15.259175],[166.768496,-15.266262],[166.767489,-15.269921],[166.770225,-15.273284],[166.770319,-15.28012],[166.763562,-15.281904],[166.767836,-15.291992],[166.764947,-15.293235],[166.76353,-15.296861],[166.760707,-15.296991],[166.760455,-15.295845],[166.757612,-15.299695],[166.755082,-15.29826],[166.750438,-15.302548],[166.747053,-15.303235],[166.74431,-15.308457],[166.743106,-15.320753],[166.736902,-15.321583],[166.739368,-15.329024],[166.737822,-15.331657],[166.740444,-15.332938],[166.741676,-15.3369],[166.736021,-15.337943],[166.730182,-15.345643],[166.731611,-15.346075],[166.733509,-15.351387],[166.73408,-15.357813],[166.741105,-15.361771],[166.748331,-15.360842],[166.755117,-15.368195],[166.763743,-15.364101],[166.770416,-15.359009],[166.787308,-15.351925],[166.791535,-15.34162],[166.810812,-15.341514],[166.815477,-15.345367],[166.819067,-15.351496],[166.822618,-15.352873],[166.822793,-15.355266],[166.825512,-15.354096],[166.830842,-15.356655],[166.835569,-15.354863],[166.838192,-15.366296],[166.848043,-15.367565],[166.855312,-15.365268],[166.861076,-15.36733],[166.867858,-15.363311],[166.869731,-15.364673],[166.871227,-15.362749],[166.874437,-15.364082],[166.880003,-15.360136],[166.882636,-15.354584],[166.888268,-15.353853],[166.893773,-15.349826],[166.896129,-15.349607],[166.899178,-15.344363],[166.901075,-15.346529],[166.908044,-15.349813],[166.909712,-15.349406],[166.911338,-15.352053],[166.913265,-15.351648],[166.917342,-15.353863],[166.92178,-15.34918],[166.919759,-15.34636],[166.923068,-15.346006],[166.925915,-15.342281],[166.939539,-15.343293],[166.942048,-15.341581],[166.943239,-15.343378],[166.949407,-15.342497],[166.951898,-15.3445],[166.954494,-15.343989],[166.953978,-15.349374],[166.960122,-15.354498],[166.961705,-15.358099],[166.961881,-15.369312],[166.968768,-15.37868],[166.97244,-15.379669],[166.97692,-15.376747],[166.978015,-15.372512],[166.983566,-15.37108],[166.989466,-15.374331],[166.993204,-15.382678],[166.995376,-15.382989],[166.994605,-15.381152],[166.996732,-15.378933],[167.00566,-15.374004],[167.012192,-15.380768],[167.015596,-15.38038],[167.016245,-15.381928],[167.019567,-15.382924],[167.019273,-15.384015],[167.023005,-15.384985],[167.026383,-15.379103],[167.029712,-15.378702],[167.030987,-15.369533],[167.033391,-15.368878],[167.033016,-15.367219],[167.037056,-15.363278],[167.035983,-15.360989],[167.039227,-15.356265],[167.037809,-15.354109],[167.029066,-15.34874],[167.019679,-15.345315],[167.014242,-15.34006],[167.026945,-15.328817],[167.03286,-15.325668],[167.029161,-15.323461],[167.025917,-15.319194],[167.026662,-15.317619],[167.022856,-15.315155],[167.027562,-15.309031],[167.028513,-15.303908],[167.031463,-15.299919],[167.034734,-15.298755],[167.035028,-15.296552],[167.033861,-15.289578],[167.031971,-15.289306],[167.031397,-15.287545],[167.030983,-15.273981],[167.025567,-15.267872],[167.026433,-15.266314],[167.024604,-15.264402],[167.024834,-15.258228],[167.021151,-15.256603],[167.018344,-15.251383],[167.009516,-15.24426],[167.01319,-15.240495],[167.009359,-15.238031],[167.006768,-15.239622],[167.002029,-15.23708],[166.999312,-15.239115],[166.995432,-15.245791],[166.991462,-15.247457],[166.986611,-15.25411],[166.983894,-15.25488],[166.978917,-15.253442],[166.981154,-15.250115],[166.978819,-15.244547],[166.978516,-15.235156],[166.976331,-15.23414],[166.975903,-15.230204],[166.973295,-15.227209],[166.975506,-15.221348],[166.973774,-15.218096],[166.972006,-15.217823],[166.973307,-15.206475],[166.966023,-15.199504],[166.968312,-15.196737],[166.967603,-15.188823],[166.972937,-15.185812],[166.9696,-15.184856],[166.969418,-15.181383],[166.967856,-15.179676],[166.969776,-15.177752],[166.968017,-15.17413],[166.969198,-15.171002],[166.968252,-15.163004],[166.963078,-15.160908],[166.964941,-15.159215],[166.964693,-15.15103],[166.966128,-15.146739],[166.970946,-15.144822],[166.971322,-15.140752],[166.975181,-15.138627],[166.97968,-15.123781],[166.978681,-15.122838]]]}},{"type":"Feature","properties":{"area_code":"77236927B7031422019545","area_name":"North Tanna","level":"area_council"},"geometry":{"type":"Polygon","coordinates":[[[169.351101,-19.424151],[169.351466,-19.419299],[169.350252,-19.417565],[169.351843,-19.408435],[169.346956,-19.402067],[169.349506,-19.3987],[169.346294,-19.397461],[169.346783,-19.39348],[169.344786,-19.388017],[169.347343,-19.381669],[169.345539,-19.372954],[169.347406,-19.370145],[169.346744,-19.357803],[169.350051,-19.350532],[169.347966,-19.347244],[169.351283,-19.345606],[169.352822,-19.342834],[169.359365,-19.341384],[169.360596,-19.33934],[169.362236,-19.328541],[169.359813,-19.321711],[169.358159,-19.320859],[169.352625,-19.322567],[169.346179,-19.320519],[169.343373,-19.32264],[169.339169,-19.31804],[169.334304,-19.318323],[169.33072,-19.316278],[169.326335,-19.320105],[169.316281,-19.318612],[169.31426,-19.316201],[169.309562,-19.316071],[169.303882,-19.321956],[169.295726,-19.323157],[169.289177,-19.32653],[169.272842,-19.330306],[169.265449,-19.336327],[169.267306,-19.337653],[169.250395,-19.343377],[169.247585,-19.348406],[169.248759,-19.359077],[169.246275,-19.364087],[169.249377,-19.369068],[169.250817,-19.384657],[169.249515,-19.389107],[169.251309,-19.388391],[169.249299,-19.390169],[169.284438,-19.391711],[169.297425,-19.390331],[169.296163,-19.392719],[169.296027,-19.412331],[169.300707,-19.420245],[169.309958,-19.426689],[169.325896,-19.426675],[169.351101,-19.424151]]]}},{"type":"Feature","properties":{"area_code":"77236927B34158198253981","area_name":"North Tongoa","level":"area_council"},"geometry":{"type":"Polygon","coordinates":[[[168.528326,-16.896177],[168.533198,-16.896754],[168.537502,-16.90024],[168.550737,-16.904514],[168.552054,-16.914166],[168.5633,-16.917495],[168.567287,-16.928486],[168.569643,-16.927014],[168.571453,-16.922665],[168.575052,-16.922311],[168.573523,-16.920053],[168.57504,-16.91662],[168.580952,-16.910731],[168.58403,-16.909927],[168.585555,-16.903696],[168.590044,-16.90187],[168.59517,-16.897333],[168.594553,-16.887444],[168.596872,-16.885142],[168.596826,-16.8829],[168.59076,-16.872847],[168.581779,-16.872378],[168.573409,-16.866605],[168.561182,-16.862504],[168.558459,-16.866392],[168.552936,-16.869914],[168.551906,-16.875484],[168.550069,-16.876808],[168.543034,-16.878992],[168.536412,-16.878173],[168.533247,-16.879147],[168.528326,-16.896177]]]}},{"type":"Feature","properties":{"area_code":"77236927B23242879306276","area_name":"North West Malekula","level":"area_council"},"geometry":{"type":"Polygon","coordinates":[[[167.33125,-16.044403],[167.325741,-16.044241],[167.316102,-16.040922],[167.302146,-16.03235],[167.29265,-16.025156],[167.279985,-16.007042],[167.272849,-16.000821],[167.266342,-16.003157],[167.261974,-16.001347],[167.258949,-15.996708],[167.262387,-15.997245],[167.262524,-15.99461],[167.259066,-15.9956],[167.257172,-15.994319],[167.254537,-15.990746],[167.253054,-15.984492],[167.247114,-15.98506],[167.237873,-15.978493],[167.237797,-15.974776],[167.239169,-15.973683],[167.241121,-15.965179],[167.243858,-15.963949],[167.243065,-15.961631],[167.241262,-15.96089],[167.240054,-15.962046],[167.238765,-15.966482],[167.234811,-15.966577],[167.230215,-15.968938],[167.225503,-15.968729],[167.228683,-15.956269],[167.233342,-15.952837],[167.2383,-15.95195],[167.241109,-15.949183],[167.241524,-15.943704],[167.243093,-15.942739],[167.241385,-15.942545],[167.241742,-15.939907],[167.238066,-15.93476],[167.238726,-15.93019],[167.237794,-15.926021],[167.235294,-15.923739],[167.236318,-15.922269],[167.235544,-15.919142],[167.231044,-15.916185],[167.231253,-15.906091],[167.226052,-15.901528],[167.225671,-15.891458],[167.219892,-15.884304],[167.219063,-15.879587],[167.21538,-15.881971],[167.211544,-15.888395],[167.20866,-15.887453],[167.189095,-15.893775],[167.183837,-15.900488],[167.180012,-15.902162],[167.1796,-15.90618],[167.176668,-15.90932],[167.174127,-15.925563],[167.17641,-15.937998],[167.181304,-15.948789],[167.18112,-15.957333],[167.183466,-15.965765],[167.186559,-15.97221],[167.191084,-15.976754],[167.191341,-15.979559],[167.184663,-15.986277],[167.184112,-15.988589],[167.186465,-15.989967],[167.18649,-15.992616],[167.180642,-15.994692],[167.182227,-15.998222],[167.18091,-16.003503],[167.173913,-16.012996],[167.176712,-16.02024],[167.174007,-16.028559],[167.169818,-16.032695],[167.169228,-16.035759],[167.16123,-16.042319],[167.158356,-16.047055],[167.159163,-16.049523],[167.157279,-16.065014],[167.155021,-16.068049],[167.153649,-16.076108],[167.154411,-16.079156],[167.157423,-16.08155],[167.155524,-16.088519],[167.158966,-16.09057],[167.165677,-16.090926],[167.173656,-16.0989],[167.176932,-16.106327],[167.178522,-16.115025],[167.176108,-16.121012],[167.182091,-16.126972],[167.187726,-16.136461],[167.191583,-16.139376],[167.191696,-16.141795],[167.1936,-16.140587],[167.193573,-16.136699],[167.200096,-16.135493],[167.204166,-16.137769],[167.209704,-16.13834],[167.21211,-16.140966],[167.214329,-16.140711],[167.219591,-16.145826],[167.222111,-16.145831],[167.222723,-16.144139],[167.228613,-16.144857],[167.232176,-16.148159],[167.230988,-16.151246],[167.237029,-16.156384],[167.23453,-16.156913],[167.239112,-16.162553],[167.252313,-16.165558],[167.257297,-16.164005],[167.263403,-16.156581],[167.285151,-16.143209],[167.292037,-16.134684],[167.292503,-16.132725],[167.290269,-16.131438],[167.294414,-16.124583],[167.304624,-16.122295],[167.308687,-16.119305],[167.312642,-16.119888],[167.313729,-16.118068],[167.317076,-16.118299],[167.327306,-16.110356],[167.331141,-16.11056],[167.331663,-16.112076],[167.340218,-16.104236],[167.350228,-16.098846],[167.361571,-16.097108],[167.367372,-16.075571],[167.366418,-16.072867],[167.370159,-16.066985],[167.356109,-16.066666],[167.345042,-16.053431],[167.337464,-16.049801],[167.33125,-16.044403]]]}},{"type":"Feature","properties":{"area_code":"77236927B11778048532769","area_name":"North West Santo","level":"area_council"},"geometry":{"type":"Polygon","coordinates":[[[166.640299,-14.689576],[166.644073,-14.685883],[166.643376,-14.681761],[166.636687,-14.680662],[166.637514,-14.675667],[166.635166,-14.67072],[166.623429,-14.66679],[166.623919,-14.655948],[166.620456,-14.654677],[166.618301,-14.650974],[166.622257,-14.646431],[166.619165,-14.64459],[166.614029,-14.64466],[166.608597,-14.651002],[166.603729,-14.65268],[166.603867,-14.656996],[166.595687,-14.658821],[166.593102,-14.662286],[166.589937,-14.662672],[166.585314,-14.670407],[166.576858,-14.671771],[166.574416,-14.677821],[166.573769,-14.676582],[166.570595,-14.68643],[166.575217,-14.687089],[166.572516,-14.695252],[166.576139,-14.699975],[166.574393,-14.699185],[166.572378,-14.702679],[166.569573,-14.7037],[166.570217,-14.705677],[166.566571,-14.705381],[166.565613,-14.70829],[166.559083,-14.714267],[166.559769,-14.717728],[166.556248,-14.719738],[166.554335,-14.728571],[166.556231,-14.737869],[166.554689,-14.738645],[166.55513,-14.740737],[166.552729,-14.744452],[166.554321,-14.752529],[166.556467,-14.75561],[166.55194,-14.759108],[166.551293,-14.761622],[166.553009,-14.763573],[166.551274,-14.765522],[166.550862,-14.769879],[166.553614,-14.774568],[166.553142,-14.779368],[166.548914,-14.787147],[166.551057,-14.796519],[166.549472,-14.8022],[166.550489,-14.810333],[166.549585,-14.821426],[166.547854,-14.83186],[166.546513,-14.832366],[166.547484,-14.833279],[166.545101,-14.835877],[166.546129,-14.836676],[166.543972,-14.838724],[166.544442,-14.842796],[166.541564,-14.846565],[166.552447,-14.861411],[166.554445,-14.879609],[166.561927,-14.896706],[166.563691,-14.905728],[166.568184,-14.911598],[166.567225,-14.913712],[166.571788,-14.924929],[166.570786,-14.927254],[166.572136,-14.932278],[166.57471,-14.934092],[166.578236,-14.947259],[166.580409,-14.950525],[166.578983,-14.953345],[166.593414,-14.969564],[166.598087,-14.979029],[166.606307,-14.990376],[166.608316,-14.996421],[166.606959,-15.000433],[166.609592,-15.006643],[166.612126,-15.020285],[166.613247,-15.034973],[166.612162,-15.038409],[166.613708,-15.047915],[166.611977,-15.049998],[166.612273,-15.054085],[166.615642,-15.06076],[166.617043,-15.068259],[166.622776,-15.078928],[166.628824,-15.077768],[166.635367,-15.073681],[166.640201,-15.072738],[166.645624,-15.067421],[166.655876,-15.067947],[166.663196,-15.071495],[166.665016,-15.069069],[166.665258,-15.065167],[166.671375,-15.064534],[166.672966,-15.063199],[166.675248,-15.06419],[166.680651,-15.063223],[166.681561,-15.058381],[166.682727,-15.058626],[166.683628,-15.056608],[166.685564,-15.056906],[166.693019,-15.050623],[166.690275,-15.04241],[166.692271,-15.038965],[166.695114,-15.037751],[166.696923,-15.033246],[166.702475,-15.033082],[166.704089,-15.027336],[166.701852,-15.023778],[166.696933,-15.022062],[166.694388,-15.022926],[166.691226,-15.021557],[166.681899,-15.024943],[166.680078,-15.02145],[166.682143,-15.017757],[166.682624,-15.012267],[166.678039,-15.011284],[166.675026,-15.008979],[166.67505,-15.006837],[166.67342,-15.006456],[166.672308,-15.002067],[166.670602,-15.001248],[166.668382,-14.991138],[166.671805,-14.990805],[166.675587,-14.987465],[166.679868,-14.987397],[166.683406,-14.9886],[166.684428,-14.992809],[166.686972,-14.992311],[166.688247,-14.993449],[166.692536,-14.98762],[166.698576,-14.984398],[166.700685,-14.985137],[166.70225,-14.981695],[166.707216,-14.979995],[166.711628,-14.976523],[166.714639,-14.967043],[166.719289,-14.964161],[166.719584,-14.961325],[166.716009,-14.957706],[166.718327,-14.955704],[166.717821,-14.953123],[166.721833,-14.948958],[166.722273,-14.942832],[166.720944,-14.934618],[166.716889,-14.929668],[166.713821,-14.9213],[166.712973,-14.907144],[166.70952,-14.899059],[166.707374,-14.899228],[166.706811,-14.895513],[166.701507,-14.891156],[166.699018,-14.886669],[166.699132,-14.879994],[166.696872,-14.874488],[166.698434,-14.871029],[166.69582,-14.867343],[166.69531,-14.86106],[166.689986,-14.862085],[166.687662,-14.865685],[166.679698,-14.867199],[166.675719,-14.863586],[166.674086,-14.865093],[166.669763,-14.856227],[166.667868,-14.855549],[166.665876,-14.857281],[166.661697,-14.856172],[166.661618,-14.851003],[166.657092,-14.848307],[166.655128,-14.849066],[166.65473,-14.846629],[166.651444,-14.844813],[166.64939,-14.839608],[166.650101,-14.835296],[166.657423,-14.834358],[166.657401,-14.829284],[166.660197,-14.827167],[166.658895,-14.821749],[166.656066,-14.819392],[166.657901,-14.813658],[166.656764,-14.803394],[166.659535,-14.799167],[166.655505,-14.796901],[166.65194,-14.798196],[166.648587,-14.796593],[166.641412,-14.796567],[166.639594,-14.794307],[166.636383,-14.796147],[166.625295,-14.791164],[166.625316,-14.789067],[166.621572,-14.786843],[166.621601,-14.777248],[166.619348,-14.769988],[166.616064,-14.768023],[166.614066,-14.764503],[166.609526,-14.765289],[166.603467,-14.76027],[166.602327,-14.757937],[166.602959,-14.750598],[166.599159,-14.745834],[166.605805,-14.73698],[166.603208,-14.73473],[166.602975,-14.729457],[166.604979,-14.727206],[166.607441,-14.726882],[166.606815,-14.7253],[166.608596,-14.723891],[166.607277,-14.718053],[166.610139,-14.716813],[166.612686,-14.711883],[166.619172,-14.705059],[166.628233,-14.700625],[166.631858,-14.697708],[166.633297,-14.694412],[166.637809,-14.693255],[166.640299,-14.689576]]]}},{"type":"Feature","properties":{"area_code":"77236927B20475273490027","area_name":"Paama","level":"area_council"},"geometry":{"type":"MultiPolygon","coordinates":[[[[168.213809,-16.489061],[168.211237,-16.499075],[168.216227,-16.506697],[168.221234,-16.510062],[168.228973,-16.511672],[168.236204,-16.509983],[168.238067,-16.511326],[168.241093,-16.508038],[168.24765,-16.507904],[168.253291,-16.503647],[168.256066,-16.494347],[168.253092,-16.487611],[168.252473,-16.482084],[168.253147,-16.462544],[168.255838,-16.450212],[168.259496,-16.445908],[168.261444,-16.440755],[168.259368,-16.43422],[168.254598,-16.43207],[168.245735,-16.432034],[168.236946,-16.429986],[168.233286,-16.431134],[168.229076,-16.435654],[168.227385,-16.447136],[168.225253,-16.449425],[168.224837,-16.453745],[168.219018,-16.461624],[168.218668,-16.473166],[168.213809,-16.489061]]],[[[168.336199,-16.483959],[168.326146,-16.48138],[168.312771,-16.484368],[168.309041,-16.490574],[168.309632,-16.494746],[168.306853,-16.498421],[168.307491,-16.505849],[168.312164,-16.511054],[168.317328,-16.522095],[168.324234,-16.528779],[168.343506,-16.535255],[168.362101,-16.534274],[168.363208,-16.529369],[168.367231,-16.529306],[168.36897,-16.527542],[168.369963,-16.519617],[168.369399,-16.515447],[168.365259,-16.510261],[168.365933,-16.506344],[168.362405,-16.497754],[168.357192,-16.48971],[168.351522,-16.484497],[168.336199,-16.483959]]]]}},{"type":"Feature","properties":{"area_code":"77236927B36499931511312","area_name":"Pango","level":"area_council"},"geometry":{"type":"Polygon","coordinates":[[[168.287136,-17.758591],[168.264411,-17.769337],[168.258498,-17.775302],[168.257735,-17.781034],[168.262994,-17.778804],[168.266217,-17.773241],[168.270533,-17.77182],[168.274572,-17.774525],[168.279199,-17.770888],[168.282921,-17.771943],[168.283837,-17.774363],[168.282276,-17.781019],[168.284513,-17.783634],[168.292823,-17.776001],[168.297107,-17.777831],[168.302018,-17.77411],[168.300056,-17.772226],[168.302942,-17.768251],[168.295842,-17.763524],[168.29599,-17.760935],[168.287136,-17.758591]]]}},{"type":"Feature","properties":{"area_code":"77236927B39670792397739","area_name":"Port Vila","level":"area_council"},"geometry":{"type":"MultiPolygon","coordinates":[[[[168.305293,-17.691165],[168.304467,-17.690344],[168.303773,-17.692549],[168.299712,-17.692455],[168.299162,-17.693566],[168.297591,-17.693145],[168.297812,-17.691264],[168.295303,-17.691545],[168.298482,-17.697459],[168.292991,-17.700692],[168.292632,-17.703275],[168.28896,-17.704876],[168.289523,-17.707181],[168.296333,-17.715164],[168.292498,-17.730207],[168.293207,-17.733454],[168.29614,-17.735882],[168.301925,-17.732658],[168.307123,-17.728056],[168.307241,-17.724089],[168.309591,-17.721278],[168.310894,-17.735529],[168.31387,-17.740979],[168.313477,-17.750357],[168.311622,-17.755732],[168.305418,-17.755663],[168.304835,-17.754402],[168.304017,-17.756166],[168.296427,-17.756552],[168.29599,-17.760935],[168.295842,-17.763524],[168.302942,-17.768251],[168.300056,-17.772226],[168.302018,-17.77411],[168.304102,-17.772986],[168.306046,-17.768689],[168.311218,-17.76735],[168.314855,-17.763061],[168.319285,-17.75191],[168.323927,-17.745411],[168.324462,-17.740962],[168.32698,-17.738371],[168.329287,-17.737506],[168.328183,-17.736465],[168.331073,-17.736769],[168.329659,-17.738056],[168.331123,-17.738793],[168.336187,-17.736527],[168.346404,-17.739453],[168.362687,-17.748923],[168.361767,-17.751973],[168.363866,-17.748376],[168.362056,-17.747419],[168.363102,-17.743606],[168.357944,-17.742006],[168.357155,-17.73882],[168.352978,-17.734435],[168.347329,-17.733327],[168.337708,-17.728681],[168.334721,-17.72887],[168.336496,-17.724511],[168.329863,-17.721309],[168.325554,-17.716526],[168.322111,-17.715091],[168.323395,-17.710682],[168.322191,-17.705907],[168.324105,-17.704803],[168.323309,-17.702612],[168.329709,-17.706324],[168.3312,-17.703685],[168.305293,-17.691165]]],[[[168.307962,-17.745632],[168.308332,-17.749051],[168.311143,-17.744847],[168.31049,-17.742267],[168.308411,-17.743115],[168.307962,-17.745632]]],[[[168.331901,-17.738998],[168.328577,-17.739199],[168.329011,-17.741615],[168.331901,-17.738998]]],[[[168.326003,-17.740752],[168.326277,-17.742415],[168.327191,-17.739755],[168.326574,-17.739066],[168.326003,-17.740752]]]]}},{"type":"Feature","properties":{"area_code":"77236927B86395134968187","area_name":"South Ambae","level":"area_council"},"geometry":{"type":"Polygon","coordinates":[[[167.872825,-15.364356],[167.845279,-15.367622],[167.835473,-15.366844],[167.83248,-15.367866],[167.831683,-15.372361],[167.828333,-15.377506],[167.813741,-15.390778],[167.795805,-15.398983],[167.803158,-15.402725],[167.813459,-15.411703],[167.817724,-15.41364],[167.80812,-15.419786],[167.794758,-15.424858],[167.769672,-15.439095],[167.756018,-15.444179],[167.751948,-15.447792],[167.753207,-15.457396],[167.756196,-15.464787],[167.762766,-15.468379],[167.769351,-15.466253],[167.772457,-15.467296],[167.77793,-15.465651],[167.78573,-15.466734],[167.788751,-15.469038],[167.793764,-15.468525],[167.79515,-15.469786],[167.816507,-15.467164],[167.821105,-15.470411],[167.824379,-15.470108],[167.825298,-15.472627],[167.823525,-15.473785],[167.823932,-15.475698],[167.826901,-15.474147],[167.832092,-15.476466],[167.83899,-15.474927],[167.841327,-15.470005],[167.843403,-15.469267],[167.845566,-15.470905],[167.851801,-15.470543],[167.857231,-15.466491],[167.861852,-15.458432],[167.867306,-15.456868],[167.870924,-15.451796],[167.87303,-15.45121],[167.87504,-15.447141],[167.881047,-15.444505],[167.888981,-15.435774],[167.890584,-15.431863],[167.896395,-15.427843],[167.898142,-15.424253],[167.905443,-15.421005],[167.912972,-15.410747],[167.918827,-15.408085],[167.921815,-15.402705],[167.929203,-15.397113],[167.935073,-15.385497],[167.936907,-15.37299],[167.927652,-15.370401],[167.92286,-15.371412],[167.912153,-15.370374],[167.901128,-15.367583],[167.872825,-15.364356]]]}},{"type":"Feature","properties":{"area_code":"77236927B97442931027551","area_name":"South East Ambrym","level":"area_council"},"geometry":{"type":"Polygon","coordinates":[[[168.137145,-16.258168],[168.140612,-16.275578],[168.141571,-16.326187],[168.137812,-16.33278],[168.136872,-16.346544],[168.138686,-16.373498],[168.150547,-16.367307],[168.159179,-16.360274],[168.166735,-16.359932],[168.170088,-16.361362],[168.174028,-16.359712],[168.176921,-16.361083],[168.183385,-16.359664],[168.188684,-16.362834],[168.196807,-16.355102],[168.208654,-16.351033],[168.217556,-16.351865],[168.219885,-16.354587],[168.225114,-16.356806],[168.233589,-16.358069],[168.238227,-16.356963],[168.242787,-16.358672],[168.242692,-16.360076],[168.247441,-16.357764],[168.26355,-16.356498],[168.270204,-16.354265],[168.274149,-16.355014],[168.275229,-16.353668],[168.285562,-16.351002],[168.292207,-16.343927],[168.29619,-16.343878],[168.298669,-16.340557],[168.30291,-16.338145],[168.304149,-16.332089],[168.309713,-16.330456],[168.31025,-16.322134],[168.314233,-16.316574],[168.31319,-16.311105],[168.31444,-16.309],[168.309649,-16.302215],[168.307683,-16.291541],[168.303991,-16.286791],[168.291809,-16.280202],[168.287523,-16.273006],[168.280048,-16.271651],[168.273505,-16.264733],[168.267431,-16.26131],[168.262015,-16.260424],[168.250402,-16.252252],[168.245905,-16.250852],[168.242787,-16.247584],[168.240772,-16.247938],[168.239619,-16.246455],[168.232681,-16.247079],[168.225652,-16.244856],[168.222327,-16.24163],[168.220824,-16.236935],[168.217114,-16.23375],[168.219757,-16.231392],[168.196374,-16.233587],[168.149678,-16.250641],[168.137145,-16.258168]]]}},{"type":"Feature","properties":{"area_code":"77236927B5490091431503","area_name":"South East Malekula","level":"area_council"},"geometry":{"type":"Polygon","coordinates":[[[167.522087,-16.254965],[167.532148,-16.265444],[167.540972,-16.265849],[167.545156,-16.267894],[167.54877,-16.270994],[167.550568,-16.275132],[167.552332,-16.274817],[167.555575,-16.278224],[167.559396,-16.279253],[167.557731,-16.284277],[167.55278,-16.286915],[167.547301,-16.287745],[167.546144,-16.289461],[167.561746,-16.305265],[167.563095,-16.309616],[167.565865,-16.309063],[167.568613,-16.310339],[167.57702,-16.317752],[167.584813,-16.316997],[167.595291,-16.320454],[167.599783,-16.320159],[167.604275,-16.317155],[167.609108,-16.318518],[167.608929,-16.322734],[167.615754,-16.32292],[167.616782,-16.331244],[167.622012,-16.33546],[167.624515,-16.340026],[167.625239,-16.346868],[167.628465,-16.348982],[167.629704,-16.351794],[167.629308,-16.361224],[167.632953,-16.387271],[167.630668,-16.398369],[167.646069,-16.395918],[167.692116,-16.395355],[167.711073,-16.397333],[167.712935,-16.402128],[167.720171,-16.401876],[167.724457,-16.403523],[167.727279,-16.402551],[167.729631,-16.406838],[167.731316,-16.40557],[167.733056,-16.406716],[167.734645,-16.403106],[167.739404,-16.407623],[167.734221,-16.41543],[167.737838,-16.418065],[167.737723,-16.419462],[167.744719,-16.4232],[167.744916,-16.429375],[167.753043,-16.428392],[167.754557,-16.424886],[167.759945,-16.422792],[167.761609,-16.425385],[167.76012,-16.428733],[167.770082,-16.431505],[167.774881,-16.429057],[167.77577,-16.42579],[167.778101,-16.425888],[167.784198,-16.419546],[167.787266,-16.41825],[167.790172,-16.419927],[167.792423,-16.416967],[167.791895,-16.414567],[167.789305,-16.412358],[167.785235,-16.412793],[167.783035,-16.410954],[167.782523,-16.407682],[167.782829,-16.403872],[167.78904,-16.397819],[167.78942,-16.39428],[167.784566,-16.389858],[167.78209,-16.385243],[167.780273,-16.372836],[167.776377,-16.371302],[167.778124,-16.361003],[167.775796,-16.350206],[167.766391,-16.33297],[167.763899,-16.332484],[167.7606,-16.334239],[167.759556,-16.342093],[167.753443,-16.343937],[167.744864,-16.341123],[167.738246,-16.3324],[167.734595,-16.330204],[167.724132,-16.326722],[167.721147,-16.327369],[167.717475,-16.325142],[167.717564,-16.320641],[167.709335,-16.308806],[167.700927,-16.311627],[167.694602,-16.310841],[167.689606,-16.299027],[167.683335,-16.295975],[167.677042,-16.296342],[167.67287,-16.288222],[167.674443,-16.284915],[167.682686,-16.281284],[167.691974,-16.269327],[167.690809,-16.270419],[167.68935,-16.268669],[167.679409,-16.265028],[167.667188,-16.264919],[167.660615,-16.271658],[167.656918,-16.270719],[167.653041,-16.271907],[167.64492,-16.266405],[167.634284,-16.26174],[167.625077,-16.255496],[167.61999,-16.249728],[167.616765,-16.235329],[167.612227,-16.228999],[167.60487,-16.22726],[167.604662,-16.224709],[167.596246,-16.218362],[167.589347,-16.218921],[167.584487,-16.217328],[167.574377,-16.216973],[167.570563,-16.211956],[167.571533,-16.206653],[167.568445,-16.203792],[167.564769,-16.196797],[167.561796,-16.203883],[167.562077,-16.207741],[167.559844,-16.211309],[167.559813,-16.217533],[167.558056,-16.21988],[167.54964,-16.220487],[167.545661,-16.227996],[167.540865,-16.231824],[167.533862,-16.244802],[167.528364,-16.251168],[167.522087,-16.254965]]]}},{"type":"Feature","properties":{"area_code":"77236927B70121045858985","area_name":"South East Santo","level":"area_council"},"geometry":{"type":"MultiPolygon","coordinates":[[[[167.196537,-15.482772],[167.204932,-15.482589],[167.205291,-15.485153],[167.209187,-15.487402],[167.207977,-15.49528],[167.216044,-15.499856],[167.218983,-15.499578],[167.221243,-15.502586],[167.226619,-15.504633],[167.226923,-15.50725],[167.229721,-15.510598],[167.22678,-15.520324],[167.244881,-15.525273],[167.258336,-15.5207],[167.259564,-15.512547],[167.257043,-15.497594],[167.256786,-15.476548],[167.255543,-15.474792],[167.254168,-15.475183],[167.253034,-15.479947],[167.255587,-15.483876],[167.252863,-15.486135],[167.251819,-15.49693],[167.24827,-15.499431],[167.245597,-15.499086],[167.239092,-15.492438],[167.230538,-15.479942],[167.230762,-15.473303],[167.234309,-15.467644],[167.235166,-15.462215],[167.232849,-15.459804],[167.228311,-15.458382],[167.224337,-15.459499],[167.221269,-15.462785],[167.216459,-15.460646],[167.218224,-15.455299],[167.216915,-15.453426],[167.219051,-15.452193],[167.217802,-15.450557],[167.218924,-15.448738],[167.217342,-15.445907],[167.214252,-15.444682],[167.214481,-15.441092],[167.212139,-15.439137],[167.210732,-15.434325],[167.208263,-15.433347],[167.209164,-15.431549],[167.206653,-15.428636],[167.204736,-15.421404],[167.20467,-15.406997],[167.200278,-15.397676],[167.194119,-15.392734],[167.194934,-15.386776],[167.193992,-15.38641],[167.193311,-15.38861],[167.187985,-15.391448],[167.187526,-15.389906],[167.191696,-15.389429],[167.187809,-15.38057],[167.190148,-15.377204],[167.185669,-15.371247],[167.187543,-15.371435],[167.187802,-15.364914],[167.189872,-15.361107],[167.188802,-15.358345],[167.192328,-15.357856],[167.192707,-15.355444],[167.185905,-15.35131],[167.181929,-15.345599],[167.180455,-15.332113],[167.178566,-15.329069],[167.182581,-15.326243],[167.185892,-15.325982],[167.192129,-15.336774],[167.199666,-15.341983],[167.206276,-15.343297],[167.20839,-15.338512],[167.208159,-15.326347],[167.206647,-15.315094],[167.202141,-15.30598],[167.200395,-15.297697],[167.191371,-15.286234],[167.185346,-15.282581],[167.177857,-15.28497],[167.172389,-15.291086],[167.163785,-15.296256],[167.161419,-15.29622],[167.164637,-15.29792],[167.166644,-15.301361],[167.166638,-15.3068],[167.165083,-15.309539],[167.167,-15.31618],[167.160853,-15.312951],[167.159662,-15.310703],[167.150238,-15.311192],[167.144915,-15.307615],[167.140853,-15.308435],[167.134031,-15.306016],[167.126153,-15.310356],[167.125621,-15.311919],[167.122405,-15.311593],[167.118857,-15.319949],[167.114088,-15.323188],[167.110563,-15.323795],[167.108698,-15.32229],[167.105583,-15.32616],[167.102995,-15.324738],[167.095607,-15.324717],[167.089782,-15.328599],[167.083884,-15.327723],[167.080506,-15.330077],[167.079597,-15.332498],[167.078308,-15.330888],[167.074028,-15.333765],[167.071487,-15.337593],[167.072356,-15.340548],[167.068172,-15.340813],[167.06407,-15.338732],[167.059229,-15.342721],[167.052475,-15.343258],[167.046052,-15.348129],[167.045697,-15.349803],[167.043199,-15.351475],[167.040188,-15.351404],[167.037809,-15.354109],[167.039227,-15.356265],[167.035983,-15.360989],[167.037056,-15.363278],[167.033016,-15.367219],[167.033391,-15.368878],[167.030987,-15.369533],[167.029712,-15.378702],[167.026383,-15.379103],[167.023005,-15.384985],[167.019273,-15.384015],[167.019567,-15.382924],[167.016245,-15.381928],[167.015596,-15.38038],[167.012192,-15.380768],[167.00566,-15.374004],[166.996732,-15.378933],[166.994605,-15.381152],[166.995376,-15.382989],[166.993204,-15.382678],[166.989466,-15.374331],[166.983566,-15.37108],[166.978015,-15.372512],[166.97692,-15.376747],[166.97244,-15.379669],[166.968768,-15.37868],[166.971777,-15.387008],[166.991097,-15.398727],[166.993174,-15.403688],[166.997132,-15.403702],[167.000583,-15.41061],[167.008097,-15.412996],[167.010008,-15.419055],[167.01413,-15.425375],[167.019712,-15.426535],[167.020213,-15.425378],[167.022737,-15.428102],[167.027872,-15.42722],[167.031136,-15.431012],[167.030069,-15.432617],[167.032936,-15.435035],[167.035503,-15.433217],[167.039107,-15.438249],[167.04229,-15.436435],[167.043312,-15.432432],[167.04955,-15.430983],[167.051358,-15.428666],[167.052924,-15.434241],[167.052268,-15.437025],[167.053588,-15.437424],[167.062026,-15.431102],[167.065883,-15.431274],[167.071689,-15.434496],[167.071716,-15.432318],[167.074118,-15.430732],[167.077131,-15.431106],[167.085841,-15.428612],[167.089664,-15.430631],[167.095368,-15.429159],[167.099494,-15.432237],[167.10145,-15.4382],[167.103675,-15.437976],[167.104026,-15.436351],[167.106664,-15.438535],[167.10859,-15.43801],[167.108373,-15.441961],[167.110719,-15.441528],[167.113021,-15.443954],[167.116965,-15.437154],[167.112125,-15.434905],[167.111024,-15.429684],[167.114935,-15.428359],[167.111876,-15.42664],[167.111775,-15.42337],[167.108872,-15.42239],[167.1033,-15.412738],[167.104064,-15.411114],[167.102711,-15.410453],[167.102974,-15.407085],[167.101374,-15.405185],[167.10355,-15.404369],[167.103723,-15.401729],[167.100182,-15.402693],[167.100278,-15.400736],[167.09644,-15.399769],[167.097266,-15.397394],[167.094979,-15.397027],[167.094477,-15.391565],[167.095734,-15.388536],[167.099438,-15.386983],[167.104688,-15.387186],[167.108296,-15.391778],[167.119677,-15.388376],[167.12216,-15.397704],[167.144221,-15.394475],[167.145349,-15.396718],[167.169919,-15.393562],[167.180883,-15.415478],[167.16471,-15.423456],[167.177708,-15.43746],[167.1968,-15.43148],[167.206375,-15.44932],[167.206266,-15.45092],[167.203182,-15.450942],[167.203206,-15.45311],[167.200174,-15.453099],[167.200878,-15.475929],[167.200072,-15.479934],[167.196537,-15.482772]]],[[[167.261005,-15.449008],[167.262596,-15.433643],[167.261643,-15.430297],[167.250825,-15.411454],[167.247846,-15.408738],[167.24379,-15.408158],[167.238189,-15.413035],[167.235533,-15.417933],[167.241711,-15.421169],[167.244809,-15.434723],[167.252463,-15.442922],[167.252831,-15.454561],[167.254622,-15.459069],[167.256679,-15.458573],[167.257215,-15.454222],[167.261005,-15.449008]]],[[[167.229707,-15.395489],[167.235479,-15.394447],[167.241196,-15.389314],[167.241493,-15.385177],[167.239042,-15.378889],[167.228696,-15.372976],[167.219417,-15.373543],[167.218011,-15.3745],[167.217245,-15.378895],[167.220831,-15.383356],[167.220843,-15.387255],[167.225623,-15.393974],[167.229707,-15.395489]]],[[[167.210915,-15.288879],[167.211546,-15.292902],[167.215418,-15.295644],[167.220815,-15.293707],[167.220228,-15.284729],[167.218522,-15.282037],[167.21338,-15.282971],[167.210915,-15.288879]]]]}},{"type":"Feature","properties":{"area_code":"77236927B82266009819224","area_name":"South Epi","level":"area_council"},"geometry":{"type":"Polygon","coordinates":[[[168.341221,-16.737221],[168.338637,-16.738384],[168.316244,-16.73703],[168.31483,-16.73545],[168.309173,-16.734097],[168.306345,-16.730933],[168.298567,-16.73071],[168.287488,-16.73387],[168.293381,-16.748089],[168.293401,-16.793401],[168.312292,-16.784064],[168.326568,-16.784246],[168.328944,-16.786561],[168.347668,-16.782544],[168.356292,-16.78338],[168.359552,-16.785662],[168.360052,-16.789543],[168.364583,-16.790703],[168.367924,-16.795877],[168.379091,-16.797285],[168.381785,-16.796353],[168.385751,-16.797776],[168.387188,-16.799691],[168.387047,-16.803781],[168.389356,-16.807079],[168.397017,-16.812596],[168.40067,-16.813635],[168.405803,-16.812001],[168.409886,-16.81516],[168.421756,-16.818721],[168.450761,-16.835507],[168.461414,-16.838424],[168.467456,-16.836241],[168.47184,-16.838103],[168.47527,-16.843204],[168.479538,-16.841821],[168.478153,-16.833738],[168.480561,-16.824718],[168.47164,-16.813488],[168.473094,-16.811375],[168.472959,-16.8003],[168.475775,-16.795864],[168.486359,-16.798902],[168.490972,-16.794651],[168.477196,-16.788357],[168.471142,-16.778834],[168.465011,-16.774539],[168.46127,-16.769561],[168.44653,-16.761239],[168.438665,-16.759815],[168.430674,-16.762888],[168.42159,-16.774047],[168.410638,-16.778979],[168.403492,-16.777046],[168.400428,-16.777641],[168.397704,-16.775258],[168.378686,-16.772849],[168.369332,-16.76722],[168.363036,-16.760825],[168.361292,-16.756757],[168.354982,-16.752096],[168.353764,-16.747935],[168.357244,-16.740971],[168.357058,-16.737482],[168.35441,-16.734414],[168.350104,-16.734059],[168.341221,-16.737221]]]}},{"type":"Feature","properties":{"area_code":"77236927B89058038610930","area_name":"South Erromango","level":"area_council"},"geometry":{"type":"Polygon","coordinates":[[[169.011444,-18.824917],[169.008351,-18.826866],[169.008476,-18.829835],[169.00672,-18.829962],[169.004851,-18.832965],[169.000329,-18.835858],[168.99977,-18.838922],[168.996933,-18.839061],[168.996366,-18.841715],[168.990414,-18.844029],[168.989067,-18.848514],[168.992046,-18.862087],[168.990452,-18.86963],[168.994198,-18.876519],[169.004317,-18.884461],[169.012857,-18.885361],[169.023917,-18.892748],[169.045853,-18.896898],[169.051539,-18.899184],[169.058932,-18.898959],[169.060639,-18.90914],[169.066305,-18.91583],[169.074231,-18.917938],[169.078559,-18.917371],[169.089698,-18.92119],[169.091921,-18.923373],[169.09195,-18.926092],[169.098644,-18.926661],[169.105983,-18.932274],[169.118222,-18.936923],[169.123095,-18.936881],[169.140608,-18.945133],[169.144266,-18.94564],[169.157737,-18.939239],[169.1609,-18.939254],[169.168613,-18.942869],[169.17292,-18.939627],[169.176582,-18.93955],[169.173644,-18.933788],[169.177235,-18.939072],[169.175282,-18.940717],[169.173138,-18.940089],[169.172254,-18.941551],[169.178804,-18.947708],[169.183747,-18.950301],[169.185043,-18.953526],[169.193032,-18.953158],[169.198227,-18.9581],[169.207282,-18.958735],[169.220499,-18.965451],[169.228132,-18.96606],[169.23344,-18.971166],[169.242926,-18.975822],[169.245207,-18.978927],[169.258517,-18.987309],[169.268954,-18.990334],[169.272555,-18.99351],[169.278277,-18.993412],[169.28559,-18.99625],[169.288356,-18.995486],[169.300659,-18.983837],[169.30767,-18.983849],[169.31411,-18.980801],[169.33076,-18.963262],[169.337947,-18.952114],[169.342417,-18.949743],[169.344274,-18.946791],[169.342567,-18.942763],[169.344386,-18.939781],[169.343321,-18.934621],[169.344801,-18.928032],[169.341862,-18.923042],[169.342913,-18.919941],[169.341011,-18.916578],[169.33798,-18.916502],[169.337404,-18.91519],[169.334849,-18.916731],[169.33694,-18.914712],[169.340013,-18.915559],[169.340905,-18.913207],[169.335224,-18.903271],[169.333739,-18.895145],[169.327759,-18.890401],[169.327394,-18.88836],[169.325362,-18.888389],[169.326044,-18.8869],[169.319921,-18.880516],[169.315964,-18.882712],[169.314409,-18.881525],[169.3105,-18.882144],[169.310291,-18.886688],[169.309998,-18.882193],[169.319156,-18.880166],[169.316273,-18.871703],[169.303821,-18.862352],[169.298149,-18.859426],[169.293996,-18.859285],[169.293311,-18.857466],[169.289831,-18.869193],[169.275689,-18.88085],[169.27295,-18.886892],[169.268388,-18.891208],[169.24512,-18.902865],[169.228743,-18.902031],[169.205486,-18.891941],[169.190952,-18.880933],[169.189015,-18.876341],[169.169643,-18.866248],[169.15802,-18.856164],[169.11539,-18.839651],[169.107639,-18.83506],[169.095252,-18.81278],[169.068706,-18.816852],[169.066442,-18.814859],[169.063932,-18.81486],[169.057772,-18.816581],[169.053789,-18.819988],[169.045502,-18.821029],[169.032244,-18.826783],[169.016774,-18.82783],[169.011444,-18.824917]]]}},{"type":"Feature","properties":{"area_code":"77236927B86135291775280","area_name":"South Maewo","level":"area_council"},"geometry":{"type":"Polygon","coordinates":[[[168.090521,-15.128182],[168.091961,-15.131499],[168.096736,-15.134156],[168.104709,-15.156009],[168.103988,-15.166409],[168.109519,-15.173943],[168.109856,-15.179988],[168.107592,-15.185276],[168.111534,-15.191008],[168.111152,-15.197071],[168.112731,-15.199679],[168.111348,-15.201577],[168.112449,-15.204171],[168.108838,-15.206709],[168.108844,-15.211068],[168.11169,-15.217448],[168.113843,-15.218025],[168.115853,-15.223831],[168.114601,-15.225307],[168.117413,-15.228527],[168.115606,-15.229715],[168.11725,-15.231581],[168.115092,-15.232403],[168.116909,-15.234036],[168.116481,-15.235975],[168.113764,-15.236799],[168.11856,-15.242849],[168.11543,-15.26123],[168.117924,-15.264076],[168.111571,-15.278255],[168.113287,-15.284373],[168.111819,-15.285277],[168.114161,-15.288762],[168.112612,-15.292151],[168.114309,-15.303126],[168.116039,-15.304225],[168.11994,-15.314468],[168.118889,-15.318922],[168.120444,-15.32124],[168.118816,-15.324248],[168.118581,-15.331173],[168.120041,-15.334294],[168.127263,-15.341297],[168.126116,-15.346664],[168.131767,-15.355229],[168.135489,-15.375111],[168.134409,-15.376951],[168.135321,-15.377868],[168.133227,-15.379396],[168.129107,-15.377588],[168.124926,-15.380861],[168.13573,-15.386845],[168.144406,-15.385989],[168.14446,-15.388821],[168.146407,-15.391215],[168.150558,-15.392825],[168.152849,-15.39184],[168.153902,-15.394088],[168.156234,-15.392174],[168.15868,-15.392855],[168.161598,-15.389737],[168.164837,-15.391234],[168.167258,-15.388895],[168.170313,-15.389468],[168.172073,-15.387726],[168.172002,-15.382642],[168.174661,-15.380731],[168.17231,-15.37712],[168.173249,-15.367825],[168.179801,-15.364399],[168.180467,-15.361386],[168.182669,-15.362218],[168.181821,-15.358617],[168.183516,-15.358195],[168.181972,-15.357823],[168.18287,-15.354271],[168.180605,-15.349847],[168.183484,-15.344692],[168.178915,-15.342247],[168.178674,-15.340037],[168.175002,-15.340326],[168.174421,-15.333598],[168.17671,-15.333329],[168.179747,-15.330337],[168.17919,-15.323131],[168.182319,-15.323016],[168.184683,-15.318595],[168.184053,-15.317502],[168.18688,-15.318316],[168.186979,-15.316481],[168.182893,-15.313544],[168.183658,-15.308715],[168.182117,-15.309546],[168.181375,-15.307076],[168.170874,-15.307189],[168.16836,-15.299859],[168.165729,-15.298433],[168.165965,-15.296103],[168.168905,-15.29339],[168.17412,-15.293519],[168.176043,-15.292015],[168.175413,-15.28961],[168.171828,-15.287648],[168.170162,-15.281793],[168.167789,-15.280542],[168.166985,-15.277946],[168.168627,-15.275234],[168.172916,-15.274773],[168.177432,-15.272008],[168.173644,-15.270603],[168.175579,-15.266187],[168.173597,-15.265022],[168.174063,-15.262993],[168.168223,-15.258787],[168.172461,-15.255864],[168.171925,-15.254049],[168.169356,-15.252968],[168.169488,-15.250039],[168.173916,-15.24549],[168.176028,-15.24521],[168.175656,-15.239544],[168.174028,-15.237858],[168.175842,-15.231333],[168.178632,-15.230555],[168.176764,-15.225131],[168.176809,-15.222446],[168.178458,-15.221941],[168.175466,-15.220955],[168.176145,-15.217689],[168.173925,-15.216305],[168.176013,-15.210082],[168.16631,-15.195561],[168.171863,-15.185591],[168.170423,-15.179504],[168.167128,-15.176234],[168.159937,-15.17344],[168.158322,-15.170824],[168.151923,-15.168717],[168.150221,-15.166206],[168.150874,-15.159452],[168.148192,-15.156352],[168.149456,-15.148399],[168.145844,-15.142312],[168.146626,-15.139663],[168.144381,-15.136007],[168.144745,-15.131853],[168.142565,-15.129626],[168.142675,-15.124614],[168.136025,-15.126125],[168.105807,-15.124944],[168.090521,-15.128182]]]}},{"type":"Feature","properties":{"area_code":"77236927B78933945874407","area_name":"South Malekula","level":"area_council"},"geometry":{"type":"MultiPolygon","coordinates":[[[[167.630668,-16.398369],[167.628053,-16.403387],[167.629859,-16.404729],[167.629455,-16.407267],[167.625706,-16.409269],[167.630205,-16.409507],[167.632732,-16.412866],[167.634646,-16.420321],[167.633888,-16.426224],[167.628786,-16.431599],[167.630054,-16.437002],[167.632817,-16.439433],[167.631801,-16.441031],[167.636509,-16.448473],[167.635215,-16.449424],[167.635902,-16.451989],[167.633294,-16.459225],[167.630569,-16.461743],[167.628761,-16.467777],[167.625314,-16.472277],[167.62576,-16.476318],[167.627396,-16.477322],[167.628494,-16.476049],[167.63136,-16.478338],[167.631936,-16.483005],[167.628217,-16.488769],[167.630245,-16.492817],[167.628027,-16.49532],[167.630499,-16.49957],[167.632413,-16.502854],[167.638627,-16.503611],[167.641368,-16.500006],[167.642203,-16.502251],[167.645852,-16.503512],[167.656768,-16.50114],[167.662583,-16.49801],[167.667386,-16.500274],[167.670284,-16.503973],[167.678999,-16.502866],[167.681489,-16.505181],[167.68514,-16.50451],[167.698021,-16.51167],[167.707806,-16.510979],[167.710441,-16.515172],[167.715372,-16.513452],[167.72058,-16.513944],[167.723717,-16.518633],[167.72259,-16.523964],[167.728177,-16.527027],[167.737127,-16.535271],[167.738552,-16.541819],[167.743917,-16.543776],[167.7476,-16.54721],[167.757762,-16.544477],[167.766055,-16.547517],[167.767655,-16.546423],[167.769106,-16.540418],[167.766354,-16.532182],[167.766443,-16.530046],[167.768511,-16.528307],[167.767381,-16.524183],[167.770455,-16.520625],[167.769881,-16.519044],[167.772539,-16.517722],[167.772539,-16.513284],[167.774704,-16.513208],[167.777846,-16.509129],[167.787267,-16.505828],[167.788332,-16.499993],[167.791386,-16.497688],[167.789976,-16.491356],[167.787243,-16.48923],[167.787407,-16.487736],[167.791388,-16.48728],[167.792841,-16.484539],[167.796223,-16.483886],[167.798321,-16.480179],[167.803031,-16.48695],[167.809073,-16.483678],[167.810431,-16.484917],[167.813609,-16.484466],[167.8136,-16.475255],[167.815614,-16.470525],[167.813166,-16.469205],[167.810958,-16.470751],[167.808837,-16.46719],[167.814633,-16.465613],[167.818397,-16.467779],[167.820419,-16.471434],[167.825097,-16.475234],[167.830094,-16.471631],[167.832554,-16.471724],[167.835225,-16.46841],[167.835345,-16.462873],[167.831387,-16.450212],[167.82866,-16.446035],[167.826055,-16.446666],[167.825273,-16.444694],[167.826525,-16.442422],[167.823935,-16.442588],[167.826126,-16.440751],[167.819808,-16.428882],[167.81609,-16.425731],[167.81529,-16.427016],[167.813262,-16.425857],[167.809306,-16.420579],[167.806785,-16.419808],[167.803885,-16.421613],[167.799346,-16.429093],[167.782785,-16.437223],[167.786351,-16.440138],[167.784437,-16.444424],[167.784928,-16.44703],[167.780104,-16.455977],[167.777638,-16.457422],[167.779513,-16.457925],[167.783959,-16.47107],[167.78241,-16.476057],[167.776011,-16.47817],[167.777529,-16.47604],[167.773811,-16.479169],[167.773182,-16.48338],[167.773526,-16.479272],[167.777212,-16.475491],[167.779035,-16.469643],[167.776012,-16.463591],[167.773641,-16.469807],[167.772032,-16.469902],[167.770284,-16.464747],[167.77101,-16.459278],[167.767551,-16.456231],[167.766249,-16.452467],[167.773318,-16.444012],[167.774661,-16.434339],[167.777256,-16.432689],[167.778436,-16.426449],[167.781726,-16.424245],[167.785961,-16.425272],[167.790172,-16.419927],[167.787266,-16.41825],[167.784198,-16.419546],[167.778101,-16.425888],[167.77577,-16.42579],[167.774881,-16.429057],[167.770082,-16.431505],[167.76012,-16.428733],[167.761609,-16.425385],[167.759945,-16.422792],[167.754557,-16.424886],[167.753043,-16.428392],[167.744916,-16.429375],[167.744719,-16.4232],[167.737723,-16.419462],[167.737838,-16.418065],[167.734221,-16.41543],[167.739404,-16.407623],[167.734645,-16.403106],[167.733056,-16.406716],[167.731316,-16.40557],[167.729631,-16.406838],[167.727279,-16.402551],[167.724457,-16.403523],[167.720171,-16.401876],[167.712935,-16.402128],[167.711073,-16.397333],[167.692116,-16.395355],[167.646069,-16.395918],[167.630668,-16.398369]]],[[[167.832893,-16.499283],[167.837824,-16.49416],[167.836239,-16.492717],[167.834413,-16.493104],[167.835853,-16.490382],[167.833208,-16.487897],[167.836256,-16.490086],[167.837271,-16.492747],[167.838335,-16.492351],[167.835142,-16.488089],[167.829059,-16.486391],[167.813861,-16.496125],[167.806634,-16.497513],[167.805871,-16.503608],[167.806699,-16.505211],[167.811157,-16.506675],[167.817369,-16.504232],[167.822978,-16.504968],[167.832893,-16.499283]]],[[[167.826563,-16.517267],[167.82474,-16.519304],[167.823492,-16.527537],[167.824513,-16.528583],[167.82791,-16.526482],[167.829344,-16.529622],[167.82985,-16.528698],[167.832314,-16.530754],[167.830918,-16.535851],[167.833598,-16.53323],[167.83416,-16.536692],[167.837085,-16.534222],[167.834776,-16.529855],[167.839642,-16.524564],[167.836005,-16.523689],[167.833687,-16.519429],[167.82827,-16.515649],[167.826563,-16.517267]]],[[[167.788954,-16.550094],[167.790296,-16.544014],[167.787234,-16.542544],[167.780078,-16.549432],[167.780938,-16.553466],[167.786441,-16.554365],[167.79011,-16.552682],[167.788954,-16.550094]]],[[[167.774275,-16.525261],[167.783436,-16.521538],[167.784953,-16.520273],[167.784354,-16.518718],[167.781047,-16.516414],[167.773105,-16.518222],[167.772636,-16.524782],[167.774275,-16.525261]]],[[[167.654946,-16.515005],[167.651698,-16.514554],[167.647161,-16.518042],[167.653779,-16.522288],[167.657114,-16.519173],[167.654946,-16.515005]]],[[[167.773124,-16.532479],[167.771076,-16.537601],[167.772427,-16.541186],[167.777007,-16.535829],[167.774778,-16.532532],[167.773124,-16.532479]]],[[[167.720627,-16.515747],[167.718568,-16.515295],[167.717699,-16.517153],[167.714376,-16.518222],[167.71413,-16.521472],[167.716186,-16.522456],[167.717555,-16.519354],[167.7207,-16.519255],[167.720627,-16.515747]]],[[[167.840226,-16.528205],[167.841261,-16.53009],[167.843746,-16.529588],[167.846975,-16.532536],[167.849477,-16.53287],[167.845767,-16.526511],[167.840226,-16.528205]]],[[[167.847053,-16.533476],[167.847088,-16.534788],[167.843458,-16.535164],[167.842749,-16.537141],[167.845654,-16.539289],[167.848801,-16.537164],[167.849467,-16.533633],[167.847053,-16.533476]]],[[[167.785534,-16.51908],[167.786086,-16.520842],[167.78825,-16.520435],[167.789608,-16.518239],[167.788849,-16.516532],[167.787145,-16.516586],[167.785534,-16.51908]]],[[[167.698012,-16.541821],[167.696347,-16.541851],[167.697193,-16.544157],[167.698012,-16.541821]]]]}},{"type":"Feature","properties":{"area_code":"77236927B26807877785061","area_name":"South Pentecost","level":"area_council"},"geometry":{"type":"Polygon","coordinates":[[[168.150024,-15.77204],[168.15576,-15.774685],[168.162092,-15.782272],[168.162837,-15.792608],[168.168411,-15.801503],[168.168019,-15.819928],[168.165954,-15.831477],[168.167326,-15.846664],[168.165675,-15.850123],[168.167324,-15.853995],[168.167054,-15.858207],[168.17087,-15.866209],[168.173368,-15.882588],[168.179167,-15.888109],[168.181603,-15.900395],[168.189056,-15.911471],[168.188634,-15.923187],[168.18462,-15.937983],[168.191963,-15.947082],[168.193998,-15.953361],[168.192162,-15.962132],[168.187711,-15.972247],[168.184782,-15.975446],[168.183698,-15.981802],[168.187008,-15.983296],[168.189574,-15.99075],[168.194463,-15.992845],[168.202032,-15.999639],[168.208617,-16.007688],[168.212198,-16.015649],[168.213732,-16.010799],[168.213125,-16.006779],[168.217602,-16.000237],[168.220816,-16.002215],[168.222783,-16.001363],[168.226417,-16.00284],[168.228264,-16.01173],[168.232244,-16.00824],[168.244952,-16.006166],[168.249303,-15.995291],[168.252498,-15.99617],[168.255758,-15.993773],[168.255184,-15.988288],[168.257323,-15.983453],[168.262169,-15.980046],[168.266315,-15.974697],[168.274999,-15.971896],[168.272463,-15.96757],[168.273775,-15.966686],[168.27212,-15.965746],[168.273643,-15.961102],[168.270076,-15.956883],[168.270953,-15.954447],[168.269521,-15.951017],[168.270647,-15.9496],[168.268293,-15.947538],[168.269045,-15.943823],[168.26064,-15.931672],[168.262799,-15.93206],[168.268704,-15.92912],[168.275422,-15.931268],[168.277001,-15.930436],[168.277454,-15.927268],[168.280725,-15.926295],[168.280398,-15.923645],[168.2828,-15.923137],[168.282787,-15.922081],[168.280127,-15.921775],[168.280515,-15.920496],[168.273834,-15.919996],[168.269788,-15.917666],[168.268881,-15.911664],[168.272175,-15.902832],[168.270926,-15.899022],[168.276011,-15.896732],[168.273188,-15.894324],[168.273967,-15.891131],[168.269509,-15.884598],[168.265524,-15.88506],[168.264713,-15.882639],[168.261834,-15.883035],[168.257563,-15.880932],[168.251314,-15.880629],[168.247946,-15.882133],[168.245545,-15.879411],[168.239849,-15.881239],[168.237719,-15.877944],[168.230538,-15.876982],[168.228573,-15.878939],[168.225286,-15.876934],[168.229264,-15.87482],[168.230371,-15.869879],[168.23036,-15.865352],[168.227309,-15.862445],[168.224848,-15.8539],[168.226524,-15.85207],[168.226084,-15.849417],[168.219008,-15.847884],[168.215115,-15.844678],[168.218935,-15.840329],[168.218577,-15.837905],[168.209018,-15.828436],[168.209396,-15.822007],[168.206459,-15.818737],[168.206467,-15.816638],[168.204471,-15.816144],[168.209276,-15.809175],[168.211604,-15.810716],[168.211451,-15.814027],[168.215545,-15.814969],[168.214517,-15.813015],[168.216067,-15.811738],[168.216048,-15.807923],[168.21415,-15.805947],[168.217544,-15.79829],[168.216941,-15.788589],[168.213941,-15.782039],[168.209536,-15.783765],[168.207149,-15.780013],[168.207163,-15.774577],[168.203503,-15.769282],[168.203047,-15.765971],[168.20051,-15.765092],[168.197639,-15.757654],[168.193191,-15.75762],[168.192057,-15.763956],[168.186644,-15.765674],[168.179594,-15.759575],[168.175122,-15.760105],[168.171662,-15.757564],[168.168577,-15.76021],[168.165019,-15.760483],[168.163024,-15.763563],[168.150024,-15.77204]]]}},{"type":"Feature","properties":{"area_code":"77236927B84597259035429","area_name":"South Santo","level":"area_council"},"geometry":{"type":"MultiPolygon","coordinates":[[[[167.021063,-15.536825],[167.014745,-15.537701],[167.013936,-15.541801],[167.010849,-15.543524],[166.9994,-15.539209],[166.998606,-15.535055],[166.995615,-15.531834],[166.996248,-15.528512],[166.993962,-15.527344],[166.995757,-15.524057],[166.994254,-15.518446],[166.996849,-15.514704],[166.994669,-15.510553],[166.996119,-15.509031],[166.996561,-15.499612],[166.994842,-15.49824],[166.995755,-15.495715],[166.989482,-15.491755],[166.991282,-15.482382],[166.988913,-15.483334],[166.983993,-15.481431],[166.981269,-15.486796],[166.975243,-15.482282],[166.974559,-15.4796],[166.976858,-15.479936],[166.976131,-15.477503],[166.978474,-15.473185],[166.975608,-15.467586],[166.973423,-15.469408],[166.973055,-15.467762],[166.969852,-15.466557],[166.967158,-15.468556],[166.963002,-15.467675],[166.957809,-15.471078],[166.953884,-15.471334],[166.953654,-15.468806],[166.950008,-15.465793],[166.935689,-15.466032],[166.928512,-15.46314],[166.925876,-15.463795],[166.92293,-15.461792],[166.916073,-15.461756],[166.912145,-15.456558],[166.906198,-15.452751],[166.890598,-15.449324],[166.885807,-15.451796],[166.870678,-15.452543],[166.865459,-15.460869],[166.860745,-15.461352],[166.855462,-15.457352],[166.853709,-15.458654],[166.847511,-15.456587],[166.848322,-15.454615],[166.846315,-15.450913],[166.843885,-15.449564],[166.844441,-15.448529],[166.83833,-15.446782],[166.835615,-15.45013],[166.827745,-15.451437],[166.826181,-15.453809],[166.830366,-15.459517],[166.831323,-15.464954],[166.834516,-15.467602],[166.832626,-15.473524],[166.831407,-15.472558],[166.83234,-15.471018],[166.830612,-15.470829],[166.83108,-15.468842],[166.826835,-15.468786],[166.827214,-15.465593],[166.825551,-15.464943],[166.812625,-15.465176],[166.809284,-15.467503],[166.805925,-15.467851],[166.805254,-15.46942],[166.804119,-15.466668],[166.795731,-15.466384],[166.790436,-15.461741],[166.78599,-15.462364],[166.785317,-15.470106],[166.787957,-15.476505],[166.784491,-15.479032],[166.783064,-15.482333],[166.788207,-15.482838],[166.790377,-15.491388],[166.793721,-15.495771],[166.794168,-15.50207],[166.792846,-15.504553],[166.795098,-15.51208],[166.793818,-15.514693],[166.795718,-15.514479],[166.796029,-15.515995],[166.794533,-15.517046],[166.795113,-15.519143],[166.793151,-15.519768],[166.79296,-15.522608],[166.789092,-15.526624],[166.789394,-15.529202],[166.78673,-15.531695],[166.79066,-15.534018],[166.791816,-15.536832],[166.784285,-15.544376],[166.784705,-15.54824],[166.782195,-15.554053],[166.783206,-15.555396],[166.779593,-15.558353],[166.770859,-15.56095],[166.765277,-15.569074],[166.764638,-15.571959],[166.766824,-15.574683],[166.770042,-15.575877],[166.769198,-15.580579],[166.774089,-15.583816],[166.778007,-15.584598],[166.78034,-15.59089],[166.779109,-15.591461],[166.779525,-15.593617],[166.777659,-15.594095],[166.779997,-15.598835],[166.77851,-15.612352],[166.779567,-15.614032],[166.777409,-15.624914],[166.775482,-15.628059],[166.770998,-15.627303],[166.768322,-15.630686],[166.765986,-15.631035],[166.771309,-15.638503],[166.774296,-15.65152],[166.776358,-15.652771],[166.778771,-15.651535],[166.785751,-15.655706],[166.791403,-15.655682],[166.792978,-15.658728],[166.798858,-15.662524],[166.804857,-15.663735],[166.807139,-15.666046],[166.812174,-15.666138],[166.815871,-15.669064],[166.821766,-15.669736],[166.837144,-15.668701],[166.841533,-15.666384],[166.84501,-15.65998],[166.847603,-15.659731],[166.850315,-15.656456],[166.851149,-15.654455],[166.847424,-15.650113],[166.845423,-15.642088],[166.8464,-15.63671],[166.848692,-15.633457],[166.850429,-15.633665],[166.859792,-15.628249],[166.87946,-15.62324],[166.88218,-15.623384],[166.885996,-15.62843],[166.89394,-15.631335],[166.904869,-15.625196],[166.907316,-15.619581],[166.907268,-15.615681],[166.90422,-15.611725],[166.902976,-15.612626],[166.900163,-15.61132],[166.898645,-15.606319],[166.901625,-15.600785],[166.911796,-15.593081],[166.924363,-15.58769],[166.938409,-15.587469],[166.9489,-15.583944],[166.967034,-15.581652],[166.978934,-15.583394],[166.971063,-15.58042],[166.97099,-15.573951],[166.975552,-15.574603],[166.971987,-15.565962],[166.975886,-15.574532],[166.974995,-15.575375],[166.971204,-15.574245],[166.971614,-15.580307],[166.97759,-15.581444],[166.983539,-15.585325],[166.985334,-15.584966],[166.990689,-15.588988],[166.993287,-15.584993],[166.998206,-15.582115],[167.003956,-15.581728],[167.006488,-15.584898],[167.01281,-15.583718],[167.022735,-15.586033],[167.026212,-15.582825],[167.030362,-15.582298],[167.027714,-15.58064],[167.030519,-15.581105],[167.031009,-15.580091],[167.031767,-15.574908],[167.028668,-15.568747],[167.031054,-15.563574],[167.023971,-15.554048],[167.025241,-15.553029],[167.023074,-15.550171],[167.022581,-15.545395],[167.020785,-15.54416],[167.021063,-15.536825]]],[[[166.961529,-15.635099],[166.956419,-15.626016],[166.952439,-15.623185],[166.94924,-15.623578],[166.94427,-15.631236],[166.946617,-15.636945],[166.952057,-15.640408],[166.959843,-15.639729],[166.961529,-15.635099]]],[[[167.031149,-15.610045],[167.024265,-15.608221],[167.022143,-15.610284],[167.023632,-15.612777],[167.028899,-15.613694],[167.032203,-15.616257],[167.03606,-15.615335],[167.036158,-15.614047],[167.031149,-15.610045]]],[[[166.990206,-15.59033],[166.985823,-15.590575],[166.986057,-15.593913],[166.994164,-15.59509],[166.997858,-15.592603],[166.993757,-15.590125],[166.990206,-15.59033]]],[[[167.02758,-15.58625],[167.025907,-15.586372],[167.026149,-15.58762],[167.031467,-15.590049],[167.029398,-15.586557],[167.02758,-15.58625]]],[[[167.015814,-15.610312],[167.012668,-15.612533],[167.016044,-15.61254],[167.017104,-15.611162],[167.015814,-15.610312]]],[[[166.982032,-15.603233],[166.979215,-15.603055],[166.980534,-15.605325],[166.982032,-15.603233]]]]}},{"type":"Feature","properties":{"area_code":"77236927B47218530990891","area_name":"South Tanna","level":"area_council"},"geometry":{"type":"Polygon","coordinates":[[[169.446609,-19.647418],[169.45061,-19.643787],[169.451141,-19.63941],[169.460632,-19.634213],[169.46276,-19.630572],[169.463769,-19.620414],[169.467411,-19.618957],[169.468716,-19.611256],[169.467903,-19.604287],[169.469513,-19.600617],[169.466236,-19.589524],[169.468067,-19.583189],[169.465857,-19.577251],[169.462797,-19.5788],[169.438985,-19.579123],[169.4304,-19.584086],[169.42708,-19.611378],[169.428797,-19.628854],[169.434979,-19.634679],[169.441275,-19.637048],[169.445511,-19.64169],[169.446609,-19.647418]]]}},{"type":"Feature","properties":{"area_code":"77236927B2761964185252","area_name":"South West Malekula","level":"area_council"},"geometry":{"type":"MultiPolygon","coordinates":[[[[167.385467,-16.295144],[167.386718,-16.29753],[167.38525,-16.300909],[167.382831,-16.301236],[167.380113,-16.310681],[167.384739,-16.316885],[167.382438,-16.320268],[167.38486,-16.323729],[167.385113,-16.330668],[167.383618,-16.335665],[167.380289,-16.339564],[167.380279,-16.342988],[167.37569,-16.349041],[167.377961,-16.350176],[167.381361,-16.347786],[167.385954,-16.351015],[167.387592,-16.355392],[167.387073,-16.359906],[167.389189,-16.363374],[167.385179,-16.368257],[167.387682,-16.367903],[167.389262,-16.36922],[167.390632,-16.374463],[167.39652,-16.373505],[167.403907,-16.378709],[167.406163,-16.389675],[167.404503,-16.396536],[167.406792,-16.407892],[167.404874,-16.411652],[167.407579,-16.415699],[167.40607,-16.418473],[167.400851,-16.42031],[167.399941,-16.422328],[167.406119,-16.42559],[167.413017,-16.432972],[167.419898,-16.437335],[167.42192,-16.443788],[167.425898,-16.445571],[167.429125,-16.450129],[167.432513,-16.450748],[167.439691,-16.45773],[167.440641,-16.466887],[167.443029,-16.469145],[167.442673,-16.47276],[167.44561,-16.476673],[167.445072,-16.481782],[167.442623,-16.486352],[167.442594,-16.489812],[167.435038,-16.498041],[167.438621,-16.498589],[167.442549,-16.49474],[167.445985,-16.493855],[167.445682,-16.501238],[167.448976,-16.500704],[167.449354,-16.508385],[167.455045,-16.509297],[167.453811,-16.511459],[167.448871,-16.510069],[167.445639,-16.51089],[167.438969,-16.506988],[167.439163,-16.503417],[167.436235,-16.503176],[167.436075,-16.501745],[167.439118,-16.501751],[167.438578,-16.49961],[167.43623,-16.499768],[167.433897,-16.497689],[167.428428,-16.498605],[167.421898,-16.492573],[167.419201,-16.492965],[167.417855,-16.494533],[167.417496,-16.50072],[167.420459,-16.505843],[167.417456,-16.51373],[167.419413,-16.521173],[167.42174,-16.528579],[167.43046,-16.537648],[167.434867,-16.537082],[167.43587,-16.539037],[167.442816,-16.542726],[167.445575,-16.547019],[167.451641,-16.552087],[167.45214,-16.5542],[167.457023,-16.558128],[167.459841,-16.556279],[167.462353,-16.557883],[167.461853,-16.561507],[167.459032,-16.560957],[167.458575,-16.562342],[167.461064,-16.568651],[167.464203,-16.570051],[167.46508,-16.568586],[167.467274,-16.568642],[167.471893,-16.570538],[167.484913,-16.567443],[167.490745,-16.570265],[167.491192,-16.569325],[167.491761,-16.57182],[167.489287,-16.575456],[167.493205,-16.574974],[167.495166,-16.578586],[167.49185,-16.582157],[167.490512,-16.586455],[167.495812,-16.589955],[167.501826,-16.587165],[167.50342,-16.577108],[167.501068,-16.572475],[167.506446,-16.568067],[167.512365,-16.567799],[167.515003,-16.56928],[167.514826,-16.575287],[167.518121,-16.575368],[167.51925,-16.582804],[167.523451,-16.584256],[167.525957,-16.581999],[167.53163,-16.581933],[167.534264,-16.579999],[167.535737,-16.575945],[167.53105,-16.569747],[167.533017,-16.56834],[167.534844,-16.570901],[167.537512,-16.571064],[167.539999,-16.568478],[167.540989,-16.560783],[167.539368,-16.556861],[167.542805,-16.55177],[167.540408,-16.549103],[167.543215,-16.545623],[167.550497,-16.543377],[167.556931,-16.543295],[167.561638,-16.544842],[167.564641,-16.548839],[167.561724,-16.551919],[167.561412,-16.554769],[167.564946,-16.556764],[167.571342,-16.555022],[167.585899,-16.546055],[167.587696,-16.534555],[167.581923,-16.532484],[167.576828,-16.527358],[167.573888,-16.526227],[167.573657,-16.523052],[167.576346,-16.516876],[167.580433,-16.512409],[167.586318,-16.51027],[167.590528,-16.5105],[167.591097,-16.508012],[167.59354,-16.507279],[167.59468,-16.501072],[167.589301,-16.499371],[167.590612,-16.498617],[167.594737,-16.50001],[167.594993,-16.493266],[167.598179,-16.489736],[167.605548,-16.487408],[167.607505,-16.491638],[167.612381,-16.496301],[167.617027,-16.497386],[167.624588,-16.503637],[167.62794,-16.502822],[167.630499,-16.49957],[167.628027,-16.49532],[167.630245,-16.492817],[167.628217,-16.488769],[167.631936,-16.483005],[167.63136,-16.478338],[167.628494,-16.476049],[167.627396,-16.477322],[167.62576,-16.476318],[167.625314,-16.472277],[167.628761,-16.467777],[167.630569,-16.461743],[167.633294,-16.459225],[167.635902,-16.451989],[167.635215,-16.449424],[167.636509,-16.448473],[167.631801,-16.441031],[167.632817,-16.439433],[167.630054,-16.437002],[167.628786,-16.431599],[167.633888,-16.426224],[167.634646,-16.420321],[167.632732,-16.412866],[167.630205,-16.409507],[167.625706,-16.409269],[167.629455,-16.407267],[167.629859,-16.404729],[167.628053,-16.403387],[167.630668,-16.398369],[167.632953,-16.387271],[167.629308,-16.361224],[167.629704,-16.351794],[167.628465,-16.348982],[167.625239,-16.346868],[167.624515,-16.340026],[167.622012,-16.33546],[167.616782,-16.331244],[167.615754,-16.32292],[167.608929,-16.322734],[167.609108,-16.318518],[167.604275,-16.317155],[167.599783,-16.320159],[167.595291,-16.320454],[167.584813,-16.316997],[167.57702,-16.317752],[167.568613,-16.310339],[167.565865,-16.309063],[167.563095,-16.309616],[167.561746,-16.305265],[167.546144,-16.289461],[167.547301,-16.287745],[167.55278,-16.286915],[167.557731,-16.284277],[167.559396,-16.279253],[167.555575,-16.278224],[167.552332,-16.274817],[167.550568,-16.275132],[167.54877,-16.270994],[167.545156,-16.267894],[167.540972,-16.265849],[167.532148,-16.265444],[167.522087,-16.254965],[167.514061,-16.255489],[167.498672,-16.260572],[167.49336,-16.254984],[167.490801,-16.257828],[167.489,-16.256666],[167.485473,-16.257715],[167.484421,-16.256467],[167.476569,-16.259174],[167.47446,-16.258702],[167.471933,-16.261369],[167.469831,-16.261335],[167.464788,-16.270598],[167.465199,-16.274283],[167.460073,-16.280355],[167.460121,-16.288574],[167.452915,-16.294891],[167.447127,-16.295188],[167.444303,-16.297682],[167.44361,-16.302699],[167.438404,-16.305786],[167.438803,-16.310709],[167.441055,-16.310308],[167.441485,-16.312164],[167.440471,-16.317089],[167.4365,-16.312872],[167.428358,-16.308467],[167.428178,-16.300732],[167.423199,-16.300726],[167.420571,-16.297445],[167.409577,-16.298158],[167.401587,-16.295819],[167.395795,-16.296779],[167.391226,-16.294767],[167.385467,-16.295144]]],[[[167.467114,-16.590611],[167.48079,-16.602161],[167.484832,-16.600935],[167.481689,-16.593118],[167.481918,-16.589072],[167.473224,-16.581272],[167.469151,-16.582024],[167.465266,-16.586294],[167.464644,-16.588577],[167.467114,-16.590611]]]]}},{"type":"Feature","properties":{"area_code":"77236927B40431360126678","area_name":"South West Tanna","level":"area_council"},"geometry":{"type":"Polygon","coordinates":[[[169.330497,-19.517704],[169.333584,-19.518766],[169.335306,-19.523022],[169.333109,-19.527443],[169.329844,-19.528784],[169.329675,-19.538287],[169.310324,-19.54234],[169.304949,-19.545714],[169.300171,-19.545941],[169.295469,-19.543898],[169.2925,-19.544906],[169.292856,-19.547089],[169.291194,-19.548716],[169.279561,-19.552225],[169.284889,-19.571193],[169.287986,-19.576452],[169.293004,-19.576841],[169.296474,-19.579717],[169.307025,-19.581884],[169.312495,-19.585961],[169.313802,-19.584292],[169.313116,-19.586948],[169.318197,-19.593256],[169.324524,-19.596427],[169.328956,-19.595045],[169.32509,-19.596815],[169.327792,-19.600775],[169.330598,-19.610645],[169.334813,-19.611473],[169.343301,-19.622223],[169.349454,-19.621949],[169.348822,-19.623013],[169.352837,-19.626949],[169.353413,-19.63204],[169.358227,-19.630693],[169.365231,-19.633682],[169.364321,-19.634286],[169.366863,-19.636177],[169.372256,-19.637139],[169.379166,-19.640875],[169.382059,-19.640739],[169.383933,-19.643002],[169.391211,-19.641983],[169.39828,-19.647873],[169.404722,-19.648583],[169.409179,-19.651673],[169.420405,-19.649812],[169.424943,-19.654108],[169.428579,-19.655109],[169.441948,-19.654971],[169.447599,-19.651627],[169.446609,-19.647418],[169.445511,-19.64169],[169.441275,-19.637048],[169.434979,-19.634679],[169.428797,-19.628854],[169.42708,-19.611378],[169.4304,-19.584086],[169.426821,-19.583133],[169.416792,-19.585692],[169.412405,-19.581954],[169.398407,-19.578411],[169.394646,-19.575261],[169.393184,-19.572898],[169.394436,-19.569275],[169.394849,-19.546354],[169.39758,-19.538294],[169.363322,-19.541376],[169.36635,-19.508356],[169.364862,-19.495421],[169.361691,-19.495327],[169.347325,-19.496128],[169.343072,-19.500852],[169.342553,-19.515007],[169.330497,-19.517704]]]}},{"type":"Feature","properties":{"area_code":"77236927B69606331838756","area_name":"Tongariki","level":"area_council"},"geometry":{"type":"MultiPolygon","coordinates":[[[[168.528326,-16.896177],[168.527993,-16.923162],[168.530492,-16.934437],[168.535344,-16.934433],[168.543794,-16.936999],[168.54877,-16.934629],[168.551866,-16.935378],[168.55926,-16.930298],[168.567287,-16.928486],[168.5633,-16.917495],[168.552054,-16.914166],[168.550737,-16.904514],[168.537502,-16.90024],[168.533198,-16.896754],[168.528326,-16.896177]]],[[[168.628602,-17.01073],[168.636784,-17.008838],[168.64074,-17.006256],[168.648784,-17.007143],[168.649531,-17.005281],[168.645425,-17.00023],[168.645866,-16.997308],[168.643948,-16.998271],[168.638227,-16.995568],[168.622254,-16.995174],[168.618541,-16.997804],[168.615468,-17.004687],[168.610531,-17.009795],[168.611689,-17.013946],[168.615672,-17.017543],[168.61833,-17.015235],[168.62174,-17.015122],[168.622485,-17.011092],[168.628602,-17.01073]]],[[[168.587883,-17.028419],[168.594068,-17.022704],[168.58959,-17.016065],[168.5824,-17.020331],[168.579949,-17.024041],[168.581756,-17.028092],[168.585356,-17.029264],[168.587883,-17.028419]]],[[[168.619658,-17.022185],[168.618392,-17.023386],[168.62095,-17.020998],[168.619658,-17.022185]]]]}},{"type":"Feature","properties":{"area_code":"77236927B65524271778963","area_name":"Ureparapara","level":"area_council"},"geometry":{"type":"Polygon","coordinates":[[[167.29029,-13.535636],[167.292682,-13.544029],[167.30007,-13.556164],[167.317795,-13.565755],[167.325631,-13.566813],[167.327186,-13.569714],[167.329667,-13.570095],[167.330337,-13.566931],[167.333057,-13.566421],[167.336355,-13.570274],[167.33867,-13.566449],[167.344392,-13.564869],[167.347872,-13.562002],[167.349975,-13.561829],[167.351904,-13.564879],[167.363788,-13.556368],[167.370323,-13.549442],[167.367476,-13.536953],[167.364557,-13.537255],[167.364768,-13.531891],[167.362146,-13.527135],[167.351895,-13.532141],[167.341902,-13.543282],[167.337813,-13.543837],[167.33397,-13.542452],[167.333275,-13.533785],[167.336677,-13.527212],[167.343073,-13.522953],[167.353192,-13.519628],[167.356039,-13.523817],[167.357599,-13.522995],[167.356314,-13.518242],[167.36172,-13.514057],[167.355352,-13.512663],[167.345303,-13.506216],[167.335375,-13.503725],[167.31705,-13.503249],[167.30573,-13.51046],[167.297155,-13.519906],[167.29029,-13.535636]]]}},{"type":"Feature","properties":{"area_code":"77236927B4251587034950","area_name":"Vanua Lava","level":"area_council"},"geometry":{"type":"MultiPolygon","coordinates":[[[[167.405902,-13.746444],[167.402942,-13.745764],[167.402973,-13.749767],[167.40508,-13.751627],[167.405297,-13.75383],[167.408332,-13.75361],[167.409789,-13.755758],[167.407973,-13.753977],[167.404693,-13.753928],[167.404651,-13.751649],[167.40243,-13.749446],[167.402446,-13.746441],[167.39665,-13.758272],[167.392738,-13.76116],[167.388128,-13.773233],[167.383474,-13.775619],[167.387307,-13.779668],[167.385582,-13.785069],[167.386681,-13.788608],[167.385271,-13.793869],[167.383343,-13.795821],[167.385446,-13.796391],[167.384143,-13.797584],[167.385259,-13.800978],[167.383717,-13.8024],[167.384416,-13.805054],[167.386298,-13.806061],[167.383771,-13.814166],[167.38164,-13.815312],[167.385212,-13.818346],[167.384031,-13.82228],[167.385042,-13.823668],[167.383295,-13.826817],[167.380393,-13.827417],[167.378025,-13.8301],[167.381071,-13.836398],[167.380067,-13.840294],[167.382909,-13.844779],[167.382144,-13.849199],[167.384701,-13.854131],[167.390218,-13.857701],[167.39006,-13.85949],[167.39368,-13.863532],[167.399153,-13.865467],[167.406675,-13.879086],[167.421369,-13.892006],[167.423378,-13.896915],[167.431301,-13.900405],[167.434433,-13.900455],[167.440093,-13.904122],[167.445717,-13.912372],[167.448427,-13.913851],[167.448339,-13.925872],[167.445173,-13.928991],[167.443604,-13.93577],[167.444002,-13.942566],[167.442701,-13.944694],[167.445749,-13.956983],[167.447558,-13.957945],[167.448519,-13.962411],[167.453062,-13.965234],[167.457927,-13.966691],[167.464977,-13.965956],[167.476254,-13.960139],[167.479574,-13.955093],[167.486166,-13.951585],[167.490265,-13.94604],[167.488538,-13.936336],[167.486406,-13.933952],[167.484087,-13.934112],[167.479701,-13.931216],[167.47665,-13.923069],[167.478645,-13.922249],[167.477814,-13.919462],[167.472863,-13.917624],[167.473816,-13.91077],[167.478017,-13.907803],[167.476488,-13.904278],[167.481525,-13.908974],[167.484928,-13.907232],[167.490893,-13.910702],[167.491952,-13.909474],[167.505962,-13.907732],[167.509193,-13.903787],[167.515029,-13.901277],[167.517298,-13.90169],[167.521136,-13.897937],[167.527655,-13.899886],[167.528575,-13.903073],[167.532619,-13.905463],[167.534272,-13.905029],[167.533138,-13.904396],[167.533451,-13.901452],[167.537468,-13.900485],[167.541312,-13.900863],[167.544796,-13.903178],[167.546265,-13.897752],[167.549118,-13.896061],[167.549545,-13.892517],[167.557352,-13.891227],[167.561346,-13.88573],[167.565326,-13.884027],[167.573816,-13.882221],[167.57898,-13.883183],[167.5837,-13.879247],[167.584037,-13.875141],[167.582868,-13.873165],[167.577108,-13.871375],[167.570716,-13.86477],[167.56825,-13.865904],[167.567526,-13.868752],[167.563822,-13.870952],[167.563321,-13.872883],[167.558256,-13.873326],[167.554701,-13.875623],[167.552027,-13.873872],[167.551087,-13.870658],[167.546652,-13.870732],[167.542647,-13.865918],[167.542678,-13.85594],[167.540058,-13.854097],[167.53944,-13.850445],[167.540657,-13.841582],[167.537386,-13.843213],[167.533277,-13.841539],[167.537695,-13.84252],[167.539652,-13.841601],[167.539008,-13.831232],[167.541067,-13.832082],[167.54363,-13.826055],[167.547884,-13.822271],[167.552869,-13.82132],[167.557125,-13.826278],[167.55788,-13.829638],[167.560255,-13.826963],[167.561069,-13.822188],[167.559442,-13.820036],[167.555487,-13.819668],[167.547337,-13.813907],[167.547662,-13.810409],[167.549769,-13.807909],[167.549104,-13.802387],[167.545034,-13.799206],[167.544576,-13.796542],[167.54156,-13.796728],[167.540451,-13.790666],[167.534316,-13.788568],[167.53458,-13.787022],[167.53793,-13.786689],[167.538402,-13.78465],[167.534619,-13.7838],[167.535151,-13.782214],[167.536976,-13.782114],[167.537028,-13.779971],[167.535311,-13.777038],[167.530992,-13.776619],[167.527404,-13.768667],[167.527244,-13.761569],[167.520953,-13.756095],[167.522462,-13.752631],[167.520017,-13.75133],[167.521972,-13.750339],[167.52248,-13.74732],[167.520683,-13.74486],[167.516616,-13.744347],[167.5096,-13.732852],[167.502754,-13.72593],[167.49896,-13.725668],[167.492727,-13.72113],[167.489883,-13.723456],[167.487375,-13.723255],[167.48498,-13.719557],[167.485496,-13.718145],[167.482598,-13.719827],[167.479647,-13.718214],[167.478064,-13.716478],[167.478614,-13.713876],[167.476791,-13.712352],[167.473125,-13.711717],[167.46923,-13.715251],[167.45374,-13.713401],[167.450048,-13.72021],[167.44416,-13.720069],[167.440061,-13.721835],[167.437752,-13.721041],[167.424292,-13.731187],[167.420679,-13.732111],[167.419565,-13.736107],[167.417753,-13.737505],[167.415769,-13.736625],[167.416005,-13.738711],[167.414457,-13.740297],[167.409919,-13.742084],[167.405902,-13.746444]]],[[[167.607265,-13.87546],[167.60777,-13.874532],[167.604315,-13.874235],[167.59728,-13.875949],[167.592067,-13.881299],[167.591753,-13.883963],[167.595533,-13.88519],[167.60311,-13.882215],[167.60483,-13.880397],[167.604345,-13.877027],[167.607265,-13.87546]]]]}},{"type":"Feature","properties":{"area_code":"77236927B71259350499613","area_name":"Varisu","level":"area_council"},"geometry":{"type":"Polygon","coordinates":[[[168.341221,-16.737221],[168.333734,-16.730945],[168.334407,-16.723693],[168.325322,-16.710461],[168.321113,-16.693006],[168.317236,-16.687455],[168.30719,-16.680202],[168.293412,-16.679183],[168.287887,-16.676926],[168.279197,-16.679839],[168.276097,-16.677766],[168.275756,-16.681347],[168.269575,-16.68374],[168.265881,-16.683257],[168.266025,-16.685598],[168.264503,-16.686563],[168.255701,-16.688098],[168.247066,-16.683205],[168.234786,-16.663975],[168.237594,-16.65705],[168.234213,-16.651695],[168.237669,-16.644625],[168.237088,-16.642693],[168.234451,-16.639055],[168.227511,-16.638211],[168.224509,-16.635299],[168.223181,-16.629247],[168.224649,-16.619758],[168.222261,-16.612582],[168.217452,-16.607649],[168.207504,-16.601853],[168.206422,-16.598343],[168.200423,-16.60256],[168.20181,-16.619421],[168.199806,-16.627888],[168.20122,-16.648333],[168.20016,-16.662112],[168.201927,-16.664035],[168.202988,-16.674311],[168.205345,-16.680634],[168.204992,-16.692945],[168.206406,-16.699387],[168.215009,-16.724008],[168.218073,-16.742643],[168.217013,-16.75134],[168.235869,-16.751248],[168.237754,-16.74786],[168.248833,-16.744251],[168.255668,-16.738157],[168.265803,-16.737257],[168.28301,-16.731612],[168.287488,-16.73387],[168.298567,-16.73071],[168.306345,-16.730933],[168.309173,-16.734097],[168.31483,-16.73545],[168.316244,-16.73703],[168.338637,-16.738384],[168.341221,-16.737221]]]}},{"type":"Feature","properties":{"area_code":"77236927B83961897513760","area_name":"Vermali","level":"area_council"},"geometry":{"type":"MultiPolygon","coordinates":[[[[168.206422,-16.598343],[168.207069,-16.59502],[168.211594,-16.590997],[168.21112,-16.589438],[168.206713,-16.585866],[168.205285,-16.579716],[168.203029,-16.580941],[168.19929,-16.579826],[168.198476,-16.573955],[168.191563,-16.567027],[168.18693,-16.566839],[168.183863,-16.564666],[168.180903,-16.565386],[168.176245,-16.572737],[168.171414,-16.571381],[168.152167,-16.572952],[168.156509,-16.577608],[168.160746,-16.588213],[168.164005,-16.588871],[168.166872,-16.593227],[168.166989,-16.597373],[168.159563,-16.601146],[168.158856,-16.610392],[168.16047,-16.614641],[168.156097,-16.617101],[168.156588,-16.618743],[168.154947,-16.620129],[168.151515,-16.621075],[168.15027,-16.626052],[168.147422,-16.628017],[168.146901,-16.630295],[168.141853,-16.632718],[168.13391,-16.640238],[168.134767,-16.64564],[168.131312,-16.649882],[168.133259,-16.653187],[168.1304,-16.658972],[168.130308,-16.666962],[168.128819,-16.670005],[168.149247,-16.669565],[168.157732,-16.661662],[168.163507,-16.658726],[168.173171,-16.658722],[168.179889,-16.662226],[168.180714,-16.665951],[168.183896,-16.667649],[168.20016,-16.662112],[168.20122,-16.648333],[168.199806,-16.627888],[168.20181,-16.619421],[168.200423,-16.60256],[168.206422,-16.598343]]],[[[168.13266,-16.580212],[168.128511,-16.582531],[168.129366,-16.591916],[168.131928,-16.589018],[168.137598,-16.587444],[168.139347,-16.584379],[168.136798,-16.581328],[168.13266,-16.580212]]]]}},{"type":"Feature","properties":{"area_code":"77236927B21234024058134","area_name":"Vermaul","level":"area_council"},"geometry":{"type":"Polygon","coordinates":[[[168.287488,-16.73387],[168.28301,-16.731612],[168.265803,-16.737257],[168.255668,-16.738157],[168.248833,-16.744251],[168.237754,-16.74786],[168.235869,-16.751248],[168.217013,-16.75134],[168.218073,-16.742643],[168.215009,-16.724008],[168.206406,-16.699387],[168.204992,-16.692945],[168.205345,-16.680634],[168.202988,-16.674311],[168.201927,-16.664035],[168.20016,-16.662112],[168.183896,-16.667649],[168.180714,-16.665951],[168.179889,-16.662226],[168.173171,-16.658722],[168.163507,-16.658726],[168.157732,-16.661662],[168.149247,-16.669565],[168.128819,-16.670005],[168.127601,-16.683295],[168.121296,-16.685095],[168.118205,-16.687525],[168.119043,-16.692919],[168.123078,-16.69564],[168.127796,-16.707237],[168.135306,-16.71826],[168.142946,-16.719404],[168.145875,-16.722832],[168.147592,-16.727687],[168.146664,-16.731503],[168.151044,-16.733758],[168.148448,-16.740097],[168.151081,-16.744513],[168.150922,-16.757641],[168.153381,-16.759337],[168.155379,-16.764313],[168.153822,-16.769357],[168.155855,-16.778903],[168.16103,-16.783281],[168.172519,-16.787376],[168.175759,-16.800334],[168.178516,-16.804038],[168.183076,-16.805707],[168.184537,-16.804553],[168.195154,-16.808146],[168.197917,-16.805735],[168.198971,-16.80798],[168.204298,-16.810472],[168.207815,-16.809092],[168.213355,-16.811108],[168.220219,-16.810472],[168.227489,-16.81412],[168.230615,-16.813251],[168.234452,-16.820863],[168.238284,-16.822477],[168.245247,-16.820106],[168.247236,-16.822661],[168.251769,-16.816501],[168.2586,-16.821414],[168.264934,-16.819784],[168.262469,-16.81184],[168.267509,-16.806191],[168.269529,-16.804691],[168.272236,-16.806127],[168.273532,-16.804004],[168.280402,-16.803571],[168.281899,-16.801134],[168.293401,-16.793401],[168.293381,-16.748089],[168.287488,-16.73387]]]}},{"type":"Feature","properties":{"area_code":"77236927B38715927177991","area_name":"West Ambae","level":"area_council"},"geometry":{"type":"Polygon","coordinates":[[[167.784857,-15.342426],[167.779439,-15.346484],[167.774435,-15.353825],[167.766842,-15.35907],[167.746744,-15.363315],[167.743585,-15.365173],[167.742253,-15.367954],[167.733936,-15.371239],[167.729665,-15.376453],[167.71935,-15.382852],[167.716711,-15.387524],[167.712164,-15.391553],[167.707924,-15.392713],[167.706871,-15.394771],[167.700671,-15.398397],[167.698646,-15.402385],[167.689842,-15.408546],[167.681464,-15.418133],[167.678146,-15.41866],[167.677791,-15.423646],[167.675503,-15.425971],[167.676224,-15.427818],[167.673418,-15.434067],[167.67517,-15.437803],[167.672831,-15.444191],[167.677157,-15.446013],[167.678092,-15.450614],[167.680789,-15.452518],[167.688299,-15.454192],[167.69623,-15.461798],[167.708439,-15.468999],[167.714791,-15.468921],[167.721794,-15.47113],[167.728062,-15.470366],[167.729302,-15.469037],[167.733877,-15.470618],[167.739153,-15.468137],[167.740133,-15.469765],[167.741936,-15.469427],[167.748418,-15.472933],[167.75411,-15.47089],[167.75999,-15.471863],[167.762766,-15.468379],[167.756196,-15.464787],[167.753207,-15.457396],[167.751948,-15.447792],[167.756018,-15.444179],[167.769672,-15.439095],[167.794758,-15.424858],[167.80812,-15.419786],[167.817724,-15.41364],[167.813459,-15.411703],[167.803158,-15.402725],[167.795805,-15.398983],[167.813741,-15.390778],[167.828333,-15.377506],[167.831683,-15.372361],[167.815099,-15.367893],[167.802277,-15.361656],[167.79504,-15.355293],[167.784857,-15.342426]]]}},{"type":"Feature","properties":{"area_code":"77236927B87876939805141","area_name":"West Ambrym","level":"area_council"},"geometry":{"type":"Polygon","coordinates":[[[168.036402,-16.194658],[168.030104,-16.195948],[168.022959,-16.194877],[168.017184,-16.196989],[168.008988,-16.195884],[168.003974,-16.199746],[167.998514,-16.196514],[167.990197,-16.198488],[167.986747,-16.1964],[167.984679,-16.199124],[167.980929,-16.200067],[167.973366,-16.20922],[167.967233,-16.210086],[167.960777,-16.213056],[167.947193,-16.214549],[167.941674,-16.218186],[167.930951,-16.214299],[167.918,-16.218496],[167.91167,-16.224783],[167.914011,-16.23414],[167.911663,-16.239107],[167.913882,-16.2454],[167.919033,-16.247984],[167.921496,-16.252007],[167.921923,-16.255365],[167.91937,-16.257702],[167.918968,-16.265361],[167.927923,-16.269686],[167.93366,-16.269642],[167.939705,-16.273888],[167.950876,-16.273867],[167.958606,-16.283345],[167.963976,-16.294276],[167.978902,-16.301245],[167.981994,-16.304118],[167.983083,-16.310213],[167.984744,-16.311506],[167.990181,-16.311512],[167.995337,-16.315202],[168.001489,-16.315118],[168.008622,-16.319036],[168.011837,-16.326267],[168.015036,-16.32528],[168.018558,-16.319648],[168.022583,-16.317467],[168.035807,-16.327331],[168.038492,-16.331066],[168.039228,-16.337048],[168.04872,-16.337932],[168.050277,-16.339993],[168.058258,-16.342587],[168.05885,-16.344471],[168.066844,-16.348731],[168.070537,-16.346725],[168.080818,-16.350137],[168.086124,-16.350192],[168.115784,-16.363767],[168.13,-16.373849],[168.133749,-16.375097],[168.138686,-16.373498],[168.136872,-16.346544],[168.137812,-16.33278],[168.141571,-16.326187],[168.140612,-16.275578],[168.137145,-16.258168],[168.127737,-16.256677],[168.114563,-16.249793],[168.11048,-16.244395],[168.077548,-16.232732],[168.070959,-16.228236],[168.06375,-16.22644],[168.057505,-16.222787],[168.049477,-16.216763],[168.036402,-16.194658]]]}},{"type":"Feature","properties":{"area_code":"77236927B10986826820410","area_name":"West Malo","level":"area_council"},"geometry":{"type":"Polygon","coordinates":[[[167.128641,-15.627689],[167.1227,-15.626825],[167.112363,-15.628894],[167.095404,-15.636678],[167.092378,-15.640131],[167.08927,-15.645326],[167.089353,-15.652655],[167.085669,-15.663493],[167.085275,-15.678519],[167.09022,-15.686621],[167.109949,-15.70606],[167.121588,-15.711995],[167.133579,-15.714242],[167.158676,-15.728258],[167.162681,-15.718358],[167.162155,-15.708014],[167.158683,-15.706684],[167.157043,-15.7038],[167.150968,-15.701502],[167.148759,-15.694589],[167.144998,-15.69262],[167.139333,-15.686147],[167.136295,-15.68606],[167.134367,-15.682333],[167.131857,-15.680831],[167.134533,-15.670911],[167.131192,-15.665482],[167.127321,-15.662845],[167.12785,-15.655164],[167.132421,-15.653557],[167.134423,-15.648365],[167.13723,-15.645604],[167.138427,-15.633946],[167.137511,-15.632184],[167.131286,-15.632159],[167.128903,-15.630727],[167.130128,-15.629374],[167.128641,-15.627689]]]}},{"type":"Feature","properties":{"area_code":"77236927B51416444743643","area_name":"West Santo","level":"area_council"},"geometry":{"type":"Polygon","coordinates":[[[167.032936,-15.435035],[167.030069,-15.432617],[167.031136,-15.431012],[167.027872,-15.42722],[167.022737,-15.428102],[167.020213,-15.425378],[167.019712,-15.426535],[167.01413,-15.425375],[167.010008,-15.419055],[167.008097,-15.412996],[167.000583,-15.41061],[166.997132,-15.403702],[166.993174,-15.403688],[166.991097,-15.398727],[166.971777,-15.387008],[166.968768,-15.37868],[166.961881,-15.369312],[166.961705,-15.358099],[166.960122,-15.354498],[166.953978,-15.349374],[166.954494,-15.343989],[166.951898,-15.3445],[166.949407,-15.342497],[166.943239,-15.343378],[166.942048,-15.341581],[166.939539,-15.343293],[166.925915,-15.342281],[166.923068,-15.346006],[166.919759,-15.34636],[166.92178,-15.34918],[166.917342,-15.353863],[166.913265,-15.351648],[166.911338,-15.352053],[166.909712,-15.349406],[166.908044,-15.349813],[166.901075,-15.346529],[166.899178,-15.344363],[166.896129,-15.349607],[166.893773,-15.349826],[166.888268,-15.353853],[166.882636,-15.354584],[166.880003,-15.360136],[166.874437,-15.364082],[166.871227,-15.362749],[166.869731,-15.364673],[166.867858,-15.363311],[166.861076,-15.36733],[166.855312,-15.365268],[166.848043,-15.367565],[166.838192,-15.366296],[166.835569,-15.354863],[166.830842,-15.356655],[166.825512,-15.354096],[166.822793,-15.355266],[166.822618,-15.352873],[166.819067,-15.351496],[166.815477,-15.345367],[166.810812,-15.341514],[166.791535,-15.34162],[166.787308,-15.351925],[166.770416,-15.359009],[166.763743,-15.364101],[166.755117,-15.368195],[166.748331,-15.360842],[166.741105,-15.361771],[166.73408,-15.357813],[166.733509,-15.351387],[166.731611,-15.346075],[166.730182,-15.345643],[166.736021,-15.337943],[166.741676,-15.3369],[166.740444,-15.332938],[166.737822,-15.331657],[166.739368,-15.329024],[166.736902,-15.321583],[166.743106,-15.320753],[166.74431,-15.308457],[166.747053,-15.303235],[166.750438,-15.302548],[166.755082,-15.29826],[166.757612,-15.299695],[166.760455,-15.295845],[166.760707,-15.296991],[166.76353,-15.296861],[166.764947,-15.293235],[166.767836,-15.291992],[166.763562,-15.281904],[166.770319,-15.28012],[166.770225,-15.273284],[166.767489,-15.269921],[166.768496,-15.266262],[166.777234,-15.259175],[166.776895,-15.250258],[166.776633,-15.248801],[166.772833,-15.247733],[166.773301,-15.240685],[166.770457,-15.239112],[166.764669,-15.230622],[166.762927,-15.221937],[166.757978,-15.216138],[166.755384,-15.215706],[166.752794,-15.208677],[166.754108,-15.194175],[166.752221,-15.19086],[166.751045,-15.182943],[166.745775,-15.173639],[166.745404,-15.168297],[166.745662,-15.164047],[166.748751,-15.164041],[166.750497,-15.161497],[166.748377,-15.160556],[166.749436,-15.158772],[166.743786,-15.152444],[166.74374,-15.149123],[166.740242,-15.144835],[166.741118,-15.136174],[166.735735,-15.135484],[166.733793,-15.130442],[166.733696,-15.12798],[166.735369,-15.12658],[166.74096,-15.12736],[166.742834,-15.125782],[166.744441,-15.122321],[166.742429,-15.12156],[166.742479,-15.117113],[166.745028,-15.116623],[166.747683,-15.112441],[166.744199,-15.1085],[166.744116,-15.10424],[166.742325,-15.101696],[166.743387,-15.09885],[166.742524,-15.091988],[166.744911,-15.089173],[166.746028,-15.083629],[166.736183,-15.07234],[166.728477,-15.072683],[166.721985,-15.070808],[166.719635,-15.062777],[166.706248,-15.049322],[166.699819,-15.047011],[166.693857,-15.049053],[166.693019,-15.050623],[166.685564,-15.056906],[166.683628,-15.056608],[166.682727,-15.058626],[166.681561,-15.058381],[166.680651,-15.063223],[166.675248,-15.06419],[166.672966,-15.063199],[166.671375,-15.064534],[166.665258,-15.065167],[166.665016,-15.069069],[166.663196,-15.071495],[166.655876,-15.067947],[166.645624,-15.067421],[166.640201,-15.072738],[166.635367,-15.073681],[166.628824,-15.077768],[166.622776,-15.078928],[166.626502,-15.097646],[166.634374,-15.112442],[166.634006,-15.117659],[166.637461,-15.12343],[166.637573,-15.128378],[166.635784,-15.129674],[166.637327,-15.13088],[166.638358,-15.136068],[166.635162,-15.143018],[166.637511,-15.147373],[166.636653,-15.149702],[166.634636,-15.149621],[166.636757,-15.151095],[166.638162,-15.155253],[166.636368,-15.159052],[166.63949,-15.161887],[166.650872,-15.184997],[166.65974,-15.211412],[166.658111,-15.214147],[166.660242,-15.213669],[166.661604,-15.215131],[166.669405,-15.230836],[166.673564,-15.245736],[166.672513,-15.26776],[166.668614,-15.284865],[166.662714,-15.29827],[166.665547,-15.312689],[166.666819,-15.338449],[166.662111,-15.352708],[166.660241,-15.354594],[166.660593,-15.358001],[166.647812,-15.379435],[166.646817,-15.386837],[166.647775,-15.397043],[166.65095,-15.401393],[166.657882,-15.404785],[166.665515,-15.415171],[166.669562,-15.432085],[166.698638,-15.471856],[166.707261,-15.488953],[166.710816,-15.508348],[166.721346,-15.527011],[166.724547,-15.530751],[166.731179,-15.53471],[166.735625,-15.544737],[166.745591,-15.549554],[166.747816,-15.553112],[166.755273,-15.553534],[166.755362,-15.55572],[166.758862,-15.558642],[166.758262,-15.565858],[166.760827,-15.56585],[166.765277,-15.569074],[166.770859,-15.56095],[166.779593,-15.558353],[166.783206,-15.555396],[166.782195,-15.554053],[166.784705,-15.54824],[166.784285,-15.544376],[166.791816,-15.536832],[166.79066,-15.534018],[166.78673,-15.531695],[166.789394,-15.529202],[166.789092,-15.526624],[166.79296,-15.522608],[166.793151,-15.519768],[166.795113,-15.519143],[166.794533,-15.517046],[166.796029,-15.515995],[166.795718,-15.514479],[166.793818,-15.514693],[166.795098,-15.51208],[166.792846,-15.504553],[166.794168,-15.50207],[166.793721,-15.495771],[166.790377,-15.491388],[166.788207,-15.482838],[166.783064,-15.482333],[166.784491,-15.479032],[166.787957,-15.476505],[166.785317,-15.470106],[166.78599,-15.462364],[166.790436,-15.461741],[166.795731,-15.466384],[166.804119,-15.466668],[166.805254,-15.46942],[166.805925,-15.467851],[166.809284,-15.467503],[166.812625,-15.465176],[166.825551,-15.464943],[166.827214,-15.465593],[166.826835,-15.468786],[166.83108,-15.468842],[166.830612,-15.470829],[166.83234,-15.471018],[166.831407,-15.472558],[166.832626,-15.473524],[166.834516,-15.467602],[166.831323,-15.464954],[166.830366,-15.459517],[166.826181,-15.453809],[166.827745,-15.451437],[166.835615,-15.45013],[166.83833,-15.446782],[166.844441,-15.448529],[166.843885,-15.449564],[166.846315,-15.450913],[166.848322,-15.454615],[166.847511,-15.456587],[166.853709,-15.458654],[166.855462,-15.457352],[166.860745,-15.461352],[166.865459,-15.460869],[166.870678,-15.452543],[166.885807,-15.451796],[166.890598,-15.449324],[166.906198,-15.452751],[166.912145,-15.456558],[166.916073,-15.461756],[166.92293,-15.461792],[166.925876,-15.463795],[166.928512,-15.46314],[166.935689,-15.466032],[166.950008,-15.465793],[166.953654,-15.468806],[166.953884,-15.471334],[166.957809,-15.471078],[166.963002,-15.467675],[166.967158,-15.468556],[166.969852,-15.466557],[166.973055,-15.467762],[166.973423,-15.469408],[166.975608,-15.467586],[166.978474,-15.473185],[166.976131,-15.477503],[166.976858,-15.479936],[166.974559,-15.4796],[166.975243,-15.482282],[166.981269,-15.486796],[166.983993,-15.481431],[166.988913,-15.483334],[166.991282,-15.482382],[166.989482,-15.491755],[166.995755,-15.495715],[166.994842,-15.49824],[166.996561,-15.499612],[166.996119,-15.509031],[166.994669,-15.510553],[166.996849,-15.514704],[166.994254,-15.518446],[166.995757,-15.524057],[166.993962,-15.527344],[166.996248,-15.528512],[166.995615,-15.531834],[166.998606,-15.535055],[166.9994,-15.539209],[167.010849,-15.543524],[167.013936,-15.541801],[167.014745,-15.537701],[167.021063,-15.536825],[167.028692,-15.533014],[167.032233,-15.532945],[167.034546,-15.529983],[167.031398,-15.526967],[167.032812,-15.524148],[167.031622,-15.52035],[167.032718,-15.518172],[167.027134,-15.509404],[167.028735,-15.507465],[167.028083,-15.505691],[167.03133,-15.501721],[167.030658,-15.497444],[167.034281,-15.49301],[167.03024,-15.489862],[167.032631,-15.485015],[167.031613,-15.479996],[167.03425,-15.476096],[167.031274,-15.472143],[167.031707,-15.464128],[167.028202,-15.462303],[167.028635,-15.466456],[167.02528,-15.470273],[167.023841,-15.466568],[167.025506,-15.457923],[167.024024,-15.455253],[167.026247,-15.452454],[167.02642,-15.448983],[167.03126,-15.445437],[167.032616,-15.438336],[167.033925,-15.437917],[167.032936,-15.435035]]]}},{"type":"Feature","properties":{"area_code":"77236927B19394632379581","area_name":"West Tanna","level":"area_council"},"geometry":{"type":"Polygon","coordinates":[[[169.296027,-19.412331],[169.296163,-19.392719],[169.297425,-19.390331],[169.284438,-19.391711],[169.249299,-19.390169],[169.246279,-19.395087],[169.248901,-19.395472],[169.245126,-19.39927],[169.244509,-19.404236],[169.241034,-19.407014],[169.237458,-19.414474],[169.238443,-19.416554],[169.236851,-19.416493],[169.235153,-19.418874],[169.225977,-19.433577],[169.225266,-19.438331],[169.223484,-19.439006],[169.223075,-19.445775],[169.220515,-19.448505],[169.220761,-19.453487],[169.225043,-19.465763],[169.227455,-19.467692],[169.225189,-19.468417],[169.225718,-19.470363],[169.234008,-19.483014],[169.237526,-19.495012],[169.251705,-19.524725],[169.255678,-19.528521],[169.260466,-19.527825],[169.262866,-19.530785],[169.267467,-19.529444],[169.267681,-19.527346],[169.269742,-19.526785],[169.267952,-19.527499],[169.267881,-19.529592],[169.265584,-19.530422],[169.265855,-19.533324],[169.266742,-19.532523],[169.267829,-19.533817],[169.266435,-19.537577],[169.269952,-19.540751],[169.271969,-19.547105],[169.276478,-19.547471],[169.279561,-19.552225],[169.291194,-19.548716],[169.292856,-19.547089],[169.2925,-19.544906],[169.295469,-19.543898],[169.300171,-19.545941],[169.304949,-19.545714],[169.310324,-19.54234],[169.329675,-19.538287],[169.329844,-19.528784],[169.333109,-19.527443],[169.335306,-19.523022],[169.333584,-19.518766],[169.330497,-19.517704],[169.325569,-19.517701],[169.326044,-19.51479],[169.318088,-19.511266],[169.318246,-19.508363],[169.315807,-19.504954],[169.307132,-19.499165],[169.295205,-19.502569],[169.289888,-19.506505],[169.288107,-19.505948],[169.290628,-19.499995],[169.290378,-19.49579],[169.280456,-19.492909],[169.280857,-19.490172],[169.279053,-19.487244],[169.27328,-19.48316],[169.274926,-19.472291],[169.272182,-19.455209],[169.270536,-19.452101],[169.264866,-19.447789],[169.2645,-19.445719],[169.266964,-19.443158],[169.270007,-19.433997],[169.275275,-19.426821],[169.296027,-19.412331]]]}},{"type":"Feature","properties":{"area_code":"77236927B67758893467366","area_name":"Whitesands","level":"area_council"},"geometry":{"type":"Polygon","coordinates":[[[169.361691,-19.495327],[169.364862,-19.495421],[169.36635,-19.508356],[169.363322,-19.541376],[169.39758,-19.538294],[169.394849,-19.546354],[169.394436,-19.569275],[169.393184,-19.572898],[169.394646,-19.575261],[169.398407,-19.578411],[169.412405,-19.581954],[169.416792,-19.585692],[169.426821,-19.583133],[169.4304,-19.584086],[169.438985,-19.579123],[169.462797,-19.5788],[169.465857,-19.577251],[169.472778,-19.56243],[169.476517,-19.561932],[169.479975,-19.557955],[169.481587,-19.557871],[169.483109,-19.553753],[169.485095,-19.553506],[169.482956,-19.550975],[169.483676,-19.547601],[169.496162,-19.542864],[169.501474,-19.542618],[169.503385,-19.540197],[169.50537,-19.536163],[169.503874,-19.532463],[169.507123,-19.524363],[169.505881,-19.520373],[169.502247,-19.520266],[169.499285,-19.524181],[169.500504,-19.527532],[169.499552,-19.529535],[169.497017,-19.531652],[169.492897,-19.531311],[169.490944,-19.528904],[169.495379,-19.520201],[169.489601,-19.517971],[169.488224,-19.513016],[169.484046,-19.513873],[169.483036,-19.512722],[169.478182,-19.512605],[169.468599,-19.514851],[169.461328,-19.513221],[169.459288,-19.509631],[169.461307,-19.506216],[169.456808,-19.501917],[169.455264,-19.497962],[169.449856,-19.493002],[169.44752,-19.493052],[169.445938,-19.49032],[169.440576,-19.487517],[169.435982,-19.488151],[169.434994,-19.486038],[169.432548,-19.485508],[169.43355,-19.481824],[169.429576,-19.475929],[169.411617,-19.477147],[169.401985,-19.471529],[169.399711,-19.47531],[169.397263,-19.476261],[169.391427,-19.474007],[169.390574,-19.475417],[169.386608,-19.474526],[169.38506,-19.472336],[169.379092,-19.471488],[169.375759,-19.467391],[169.373543,-19.467564],[169.371557,-19.465708],[169.36496,-19.457527],[169.360621,-19.448067],[169.355159,-19.449575],[169.356587,-19.455496],[169.355642,-19.459775],[169.358761,-19.465299],[169.358855,-19.469932],[169.346285,-19.471979],[169.345151,-19.479021],[169.34723,-19.483119],[169.352617,-19.484811],[169.361691,-19.495327]]]}}]}
