{"type":"FeatureCollection","attribution":"© OpenStreetMap contributors, ODbL 1.0","features":[{"type":"Feature","geometry":{"type":"Point","coordinates":[12.85888,42.4021]},"properties":{"osm_type":"way","osm_id":114671173,"name":"Cattedrale di Santa Maria Assunta","religion":"christian","denomination":"roman_catholic","start_date":"0598","end_date":null,"start_year":598,"end_year":null}},{"type":"Feature","geometry":{"type":"Point","coordinates":[13.14735,41.74949]},"properties":{"osm_type":"way","osm_id":163826406,"name":"San Pietro in Vineis","religion":"christian","denomination":"catholic","start_date":"0700..0800","end_date":null,"start_year":700,"end_year":null}},{"type":"Feature","geometry":{"type":"Point","coordinates":[10.91793,43.93335]},"properties":{"osm_type":"way","osm_id":61682813,"name":"Cattedrale di San Zeno","religion":"christian","denomination":"catholic","start_date":"0923","end_date":null,"start_year":923,"end_year":null}},{"type":"Feature","geometry":{"type":"Point","coordinates":[9.64543,45.49682]},"properties":{"osm_type":"way","osm_id":182212589,"name":"Chiesa dei Santi Fermo e Rustico","religion":"christian","denomination":"catholic","start_date":"~1000","end_date":null,"start_year":1000,"end_year":null}},{"type":"Feature","geometry":{"type":"Point","coordinates":[14.47296,41.48185]},"properties":{"osm_type":"way","osm_id":160425095,"name":"Concattedrale di San Bartolomeo","religion":"christian","denomination":"catholic","start_date":"1000","end_date":null,"start_year":1000,"end_year":null}},{"type":"Feature","geometry":{"type":"Point","coordinates":[12.61302,37.65168]},"properties":{"osm_type":"way","osm_id":44050046,"name":"Madonna delle Giummare","religion":"christian","denomination":"catholic","start_date":"1000s","end_date":null,"start_year":1000,"end_year":null}},{"type":"Feature","geometry":{"type":"Point","coordinates":[14.4663,41.4826]},"properties":{"osm_type":"way","osm_id":192993412,"name":"Santa Maria dei Rivoli","religion":"christian","denomination":null,"start_date":"1000","end_date":null,"start_year":1000,"end_year":null}},{"type":"Feature","geometry":{"type":"Point","coordinates":[11.57868,45.18159]},"properties":{"osm_type":"way","osm_id":365286306,"name":"Santa Maria del Prà","religion":"christian","denomination":null,"start_date":"1000","end_date":null,"start_year":1000,"end_year":null}},{"type":"Feature","geometry":{"type":"Point","coordinates":[16.55751,40.24432]},"properties":{"osm_type":"way","osm_id":1034171408,"name":"Santuario Santa Maria Regina D'Anglona","religion":"christian","denomination":"roman_catholic","start_date":"1000","end_date":null,"start_year":1000,"end_year":null}},{"type":"Feature","geometry":{"type":"Point","coordinates":[14.09999,42.23547]},"properties":{"osm_type":"way","osm_id":59516555,"name":"Abbazia di San Liberatore a Majella","religion":"christian","denomination":"roman_catholic","start_date":"1007","end_date":null,"start_year":1007,"end_year":null}},{"type":"Feature","geometry":{"type":"Point","coordinates":[10.40278,43.71695]},"properties":{"osm_type":"way","osm_id":159525352,"name":"Chiesa di San Michele in Borgo","religion":"christian","denomination":"catholic","start_date":"1016","end_date":null,"start_year":1016,"end_year":null}},{"type":"Feature","geometry":{"type":"Point","coordinates":[12.33672,45.44052]},"properties":{"osm_type":"way","osm_id":138801674,"name":"Chiesa dei Santi Apostoli","religion":"christian","denomination":"roman_catholic","start_date":"1021","end_date":null,"start_year":1021,"end_year":null}},{"type":"Feature","geometry":{"type":"Point","coordinates":[7.04505,45.1371]},"properties":{"osm_type":"way","osm_id":290505833,"name":"Cattedrale di San Giusto","religion":"christian","denomination":"catholic","start_date":"1027","end_date":null,"start_year":1027,"end_year":null}},{"type":"Feature","geometry":{"type":"Point","coordinates":[10.40782,43.72313]},"properties":{"osm_type":"way","osm_id":137827225,"name":"Chiesa di San Zeno","religion":"christian","denomination":"roman_catholic","start_date":"1029","end_date":null,"start_year":1029,"end_year":null}},{"type":"Feature","geometry":{"type":"Point","coordinates":[13.60211,43.56087]},"properties":{"osm_type":"way","osm_id":385300133,"name":"Santa Maria di Portonovo","religion":"christian","denomination":"roman_catholic","start_date":"1034","end_date":null,"start_year":1034,"end_year":null}},{"type":"Feature","geometry":{"type":"Point","coordinates":[12.69752,43.63557]},"properties":{"osm_type":"way","osm_id":382458908,"name":"Abbazia San Vincenzo al Furlo","religion":"christian","denomination":"roman_catholic","start_date":"1042","end_date":null,"start_year":1042,"end_year":null}},{"type":"Feature","geometry":{"type":"Point","coordinates":[12.10582,42.41367]},"properties":{"osm_type":"way","osm_id":414655790,"name":"San Pellegrino","religion":"christian","denomination":"catholic","start_date":"1045","end_date":null,"start_year":1045,"end_year":null}},{"type":"Feature","geometry":{"type":"Point","coordinates":[8.92882,44.40651]},"properties":{"osm_type":"way","osm_id":152634796,"name":"Chiesa dei Santi Cosma e Damiano","religion":"christian","denomination":"catholic","start_date":"1049","end_date":null,"start_year":1049,"end_year":null}},{"type":"Feature","geometry":{"type":"Point","coordinates":[10.98767,42.84587]},"properties":{"osm_type":"way","osm_id":308668477,"name":"Pieve di Santa Maria Assunta","religion":"christian","denomination":"catholic","start_date":"1051","end_date":null,"start_year":1051,"end_year":null}},{"type":"Feature","geometry":{"type":"Point","coordinates":[13.51679,43.28408]},"properties":{"osm_type":"way","osm_id":246441289,"name":"Abbazia San Claudio al Chienti","religion":"christian","denomination":"catholic","start_date":"1060","end_date":null,"start_year":1060,"end_year":null}},{"type":"Feature","geometry":{"type":"Point","coordinates":[7.06337,45.13057]},"properties":{"osm_type":"way","osm_id":289956794,"name":"San Costanzo","religion":"christian","denomination":"catholic","start_date":"1065","end_date":null,"start_year":1065,"end_year":null}},{"type":"Feature","geometry":{"type":"Point","coordinates":[7.01551,45.14206]},"properties":{"osm_type":"way","osm_id":190396508,"name":"San Vincenzo Martire","religion":"christian","denomination":"catholic","start_date":"1065","end_date":null,"start_year":1065,"end_year":null}},{"type":"Feature","geometry":{"type":"Point","coordinates":[7.05324,45.1394]},"properties":{"osm_type":"way","osm_id":265494189,"name":"Sant'Evasio","religion":"christian","denomination":"catholic","start_date":"1065","end_date":null,"start_year":1065,"end_year":null}},{"type":"Feature","geometry":{"type":"Point","coordinates":[9.30812,46.07519]},"properties":{"osm_type":"way","osm_id":293970458,"name":"Chiesa dei Santi Quirico e Giulitta","religion":"christian","denomination":"catholic","start_date":"1080","end_date":null,"start_year":1080,"end_year":null}},{"type":"Feature","geometry":{"type":"Point","coordinates":[12.10329,42.41584]},"properties":{"osm_type":"way","osm_id":412630566,"name":"San Silvestro","religion":"christian","denomination":"catholic","start_date":"1080","end_date":null,"start_year":1080,"end_year":null}},{"type":"Feature","geometry":{"type":"Point","coordinates":[10.82201,46.60827]},"properties":{"osm_type":"way","osm_id":102724098,"name":"Vigiliuskirche","religion":"christian","denomination":"catholic","start_date":"1080-09-29","end_date":null,"start_year":1080,"end_year":null}},{"type":"Feature","geometry":{"type":"Point","coordinates":[11.38066,43.25855]},"properties":{"osm_type":"way","osm_id":722697331,"name":"Chiesa di Sant'Ilario","religion":"christian","denomination":"catholic","start_date":"1081","end_date":null,"start_year":1081,"end_year":null}},{"type":"Feature","geometry":{"type":"Point","coordinates":[15.18633,37.73864]},"properties":{"osm_type":"way","osm_id":515766863,"name":"Santuario di Santa Maria la Strada","religion":"christian","denomination":"roman_catholic","start_date":"1081","end_date":null,"start_year":1081,"end_year":null}},{"type":"Feature","geometry":{"type":"Point","coordinates":[10.40453,43.71756]},"properties":{"osm_type":"way","osm_id":241614966,"name":"Chiesa di San Paolo all'Orto","religion":"christian","denomination":"catholic","start_date":"1086","end_date":null,"start_year":1086,"end_year":null}},{"type":"Feature","geometry":{"type":"Point","coordinates":[16.68977,41.10633]},"properties":{"osm_type":"way","osm_id":409194289,"name":"Concattedrale di Maria Santissima Assunta","religion":"christian","denomination":"roman_catholic","start_date":"1087","end_date":null,"start_year":1087,"end_year":null}},{"type":"Feature","geometry":{"type":"Point","coordinates":[15.49108,38.12417]},"properties":{"osm_type":"way","osm_id":204635135,"name":"Monastero di Santa Maria di Mili","religion":"christian","denomination":"catholic","start_date":"1090","end_date":null,"start_year":1090,"end_year":null}},{"type":"Feature","geometry":{"type":"Point","coordinates":[15.44041,38.04659]},"properties":{"osm_type":"way","osm_id":223509637,"name":"Badia dei Santi Pietro e Paolo","religion":"christian","denomination":null,"start_date":"1092","end_date":null,"start_year":1092,"end_year":null}},{"type":"Feature","geometry":{"type":"Point","coordinates":[12.59045,37.65112]},"properties":{"osm_type":"way","osm_id":34225394,"name":"Basilica Cattedrale del Santissimo Salvatore","religion":"christian","denomination":"catholic","start_date":"1093","end_date":null,"start_year":1093,"end_year":null}},{"type":"Feature","geometry":{"type":"Point","coordinates":[9.08055,45.80244]},"properties":{"osm_type":"way","osm_id":279352733,"name":"Basilica di Sant'Abbondio","religion":"christian","denomination":"catholic","start_date":"1095","end_date":null,"start_year":1095,"end_year":null}},{"type":"Feature","geometry":{"type":"Point","coordinates":[12.10987,42.41478]},"properties":{"osm_type":"way","osm_id":312931035,"name":"San Sisto","religion":"christian","denomination":"catholic","start_date":"1095","end_date":null,"start_year":1095,"end_year":null}},{"type":"Feature","geometry":{"type":"Point","coordinates":[9.51587,45.71664]},"properties":{"osm_type":"way","osm_id":133366883,"name":"Abbazia Rettoria di Sant'Egidio","religion":"christian","denomination":"catholic","start_date":"1096","end_date":null,"start_year":1096,"end_year":null}},{"type":"Feature","geometry":{"type":"Point","coordinates":[8.32336,44.36835]},"properties":{"osm_type":"way","osm_id":334302332,"name":"Abbazia di Ferrania","religion":"christian","denomination":"catholic","start_date":"1097","end_date":null,"start_year":1097,"end_year":null}},{"type":"Feature","geometry":{"type":"Point","coordinates":[10.39673,43.71676]},"properties":{"osm_type":"way","osm_id":253812707,"name":"Chiesa di San Nicola","religion":"christian","denomination":"roman_catholic","start_date":"1097","end_date":null,"start_year":1097,"end_year":null}},{"type":"Feature","geometry":{"type":"Point","coordinates":[15.5161,38.16404]},"properties":{"osm_type":"way","osm_id":191117953,"name":"Abbazia Basiliana di San Filippo il Grande","religion":"christian","denomination":"catholic","start_date":"1100","end_date":null,"start_year":1100,"end_year":null}},{"type":"Feature","geometry":{"type":"Point","coordinates":[15.27636,37.86122]},"properties":{"osm_type":"way","osm_id":473063589,"name":"Chiesa della Santissima Annunziata","religion":"christian","denomination":null,"start_date":"1100","end_date":null,"start_year":1100,"end_year":null}},{"type":"Feature","geometry":{"type":"Point","coordinates":[10.99122,45.44126]},"properties":{"osm_type":"way","osm_id":138828394,"name":"Chiesa di San Lorenzo","religion":"christian","denomination":null,"start_date":"1100","end_date":null,"start_year":1100,"end_year":null}},{"type":"Feature","geometry":{"type":"Point","coordinates":[12.59106,37.65318]},"properties":{"osm_type":"way","osm_id":34225413,"name":"Chiesa di San Michele","religion":"christian","denomination":"catholic","start_date":"1100s","end_date":null,"start_year":1100,"end_year":null}},{"type":"Feature","geometry":{"type":"Point","coordinates":[9.45317,45.96996]},"properties":{"osm_type":"way","osm_id":114956789,"name":"Chiesa di San Michele","religion":"christian","denomination":"roman_catholic","start_date":"~1100","end_date":null,"start_year":1100,"end_year":null}},{"type":"Feature","geometry":{"type":"Point","coordinates":[9.37014,46.33627]},"properties":{"osm_type":"way","osm_id":290738515,"name":"Chiesa parrocchiale di San Giacomo","religion":"christian","denomination":"roman_catholic","start_date":"1100","end_date":null,"start_year":1100,"end_year":null}},{"type":"Feature","geometry":{"type":"Point","coordinates":[12.71449,41.71978]},"properties":{"osm_type":"way","osm_id":238972367,"name":"Parrocchia Santa Maria del Pozzo","religion":"christian","denomination":"catholic","start_date":"1100-1200","end_date":null,"start_year":1100,"end_year":null}},{"type":"Feature","geometry":{"type":"Point","coordinates":[14.67191,41.53114]},"properties":{"osm_type":"way","osm_id":240003851,"name":"Santa Maria Assunta","religion":"christian","denomination":null,"start_date":"~1100","end_date":null,"start_year":1100,"end_year":null}},{"type":"Feature","geometry":{"type":"Point","coordinates":[13.16197,41.74284]},"properties":{"osm_type":"way","osm_id":161992191,"name":"Basilica Cattedrale di Santa Maria","religion":"christian","denomination":"catholic","start_date":"1104","end_date":null,"start_year":1104,"end_year":null}},{"type":"Feature","geometry":{"type":"Point","coordinates":[16.28474,38.35802]},"properties":{"osm_type":"node","osm_id":12757073373,"name":"Grotta del Saraceno","religion":"christian","denomination":null,"start_date":"1106","end_date":null,"start_year":1106,"end_year":null}},{"type":"Feature","geometry":{"type":"Point","coordinates":[10.40338,43.71837]},"properties":{"osm_type":"way","osm_id":48058463,"name":"Chiesa di Santa Cecilia","religion":"christian","denomination":"catholic","start_date":"1107","end_date":null,"start_year":1107,"end_year":null}},{"type":"Feature","geometry":{"type":"Point","coordinates":[8.61539,44.91797]},"properties":{"osm_type":"way","osm_id":1196723703,"name":"Chiesa di Santa Maria di Castello","religion":"christian","denomination":"roman_catholic","start_date":"1107","end_date":null,"start_year":1107,"end_year":null}},{"type":"Feature","geometry":{"type":"Point","coordinates":[16.32039,38.97638]},"properties":{"osm_type":"way","osm_id":308263822,"name":"Cattedrale dei Santi Pietro e Paolo","religion":"christian","denomination":"catholic","start_date":"1110","end_date":null,"start_year":1110,"end_year":null}},{"type":"Feature","geometry":{"type":"Point","coordinates":[10.40349,43.71446]},"properties":{"osm_type":"way","osm_id":457948331,"name":"Chiesa del Santo Sepolcro","religion":"christian","denomination":null,"start_date":"1113","end_date":null,"start_year":1113,"end_year":null}},{"type":"Feature","geometry":{"type":"Point","coordinates":[11.68101,46.71398]},"properties":{"osm_type":"way","osm_id":202306488,"name":"Hl. Johann Baptist","religion":"christian","denomination":"catholic","start_date":"1113","end_date":null,"start_year":1113,"end_year":null}},{"type":"Feature","geometry":{"type":"Point","coordinates":[18.16933,40.35173]},"properties":{"osm_type":"way","osm_id":299833831,"name":"Duomo di Lecce","religion":"christian","denomination":"catholic","start_date":"1114","end_date":null,"start_year":1114,"end_year":null}},{"type":"Feature","geometry":{"type":"Point","coordinates":[8.68942,40.67126]},"properties":{"osm_type":"way","osm_id":188564756,"name":"Basilica della Santissima Trinità di Saccargia","religion":"christian","denomination":"catholic","start_date":"1116","end_date":null,"start_year":1116,"end_year":null}},{"type":"Feature","geometry":{"type":"Point","coordinates":[10.39573,43.72329]},"properties":{"osm_type":"way","osm_id":22945163,"name":"Cattedrale di Santa Maria Assunta","religion":"christian","denomination":"roman_catholic","start_date":"1118","end_date":null,"start_year":1118,"end_year":null}},{"type":"Feature","geometry":{"type":"Point","coordinates":[10.40386,43.71632]},"properties":{"osm_type":"way","osm_id":105625234,"name":"Chiesa di San Pietro in Vinculis","religion":"christian","denomination":"roman_catholic","start_date":"1118","end_date":null,"start_year":1118,"end_year":null}},{"type":"Feature","geometry":{"type":"Point","coordinates":[8.55214,45.67707]},"properties":{"osm_type":"way","osm_id":72925875,"name":"Battistero di San Giovanni Battista","religion":"christian","denomination":"roman_catholic","start_date":"1120","end_date":null,"start_year":1120,"end_year":null}},{"type":"Feature","geometry":{"type":"Point","coordinates":[11.75118,42.25567]},"properties":{"osm_type":"way","osm_id":147428816,"name":"Santa Maria in Castello","religion":"christian","denomination":"catholic","start_date":"1121","end_date":null,"start_year":1121,"end_year":null}},{"type":"Feature","geometry":{"type":"Point","coordinates":[9.21098,45.71849]},"properties":{"osm_type":"way","osm_id":96694609,"name":"Chiesa dei Santi Nazaro e Celso","religion":"christian","denomination":"catholic","start_date":"1124","end_date":null,"start_year":1124,"end_year":null}},{"type":"Feature","geometry":{"type":"Point","coordinates":[8.93312,44.40822]},"properties":{"osm_type":"way","osm_id":153185240,"name":"Chiesa di San Matteo","religion":"christian","denomination":"catholic","start_date":"1125","end_date":null,"start_year":1125,"end_year":null}},{"type":"Feature","geometry":{"type":"Point","coordinates":[11.93973,45.26994]},"properties":{"osm_type":"way","osm_id":351011658,"name":"Chiesa Arcipretale di Sant'Agostino","religion":"christian","denomination":"roman_catholic","start_date":"1141","end_date":null,"start_year":1141,"end_year":null}},{"type":"Feature","geometry":{"type":"Point","coordinates":[13.36288,38.11475]},"properties":{"osm_type":"way","osm_id":86870886,"name":"Santa Maria dell’Ammiraglio (La Martorana)","religion":"christian","denomination":"greek_catholic","start_date":"1143","end_date":null,"start_year":1143,"end_year":null}},{"type":"Feature","geometry":{"type":"Point","coordinates":[10.54599,45.56348]},"properties":{"osm_type":"way","osm_id":198095096,"name":"Chiesa di Santa Maria in Valtenesi","religion":"christian","denomination":"catholic","start_date":"~1145","end_date":null,"start_year":1145,"end_year":null}},{"type":"Feature","geometry":{"type":"Point","coordinates":[12.10551,42.41701]},"properties":{"osm_type":"way","osm_id":312797325,"name":"Sant'Angelo in Spatha","religion":"christian","denomination":"catholic","start_date":"1145","end_date":null,"start_year":1145,"end_year":null}},{"type":"Feature","geometry":{"type":"Point","coordinates":[12.75464,37.68583]},"properties":{"osm_type":"way","osm_id":177857747,"name":"Chiesa della Santissima Trinità di Delia","religion":"christian","denomination":"catholic","start_date":"1150","end_date":null,"start_year":1150,"end_year":null}},{"type":"Feature","geometry":{"type":"Point","coordinates":[13.36247,38.11475]},"properties":{"osm_type":"way","osm_id":86870896,"name":"Chiesa di San Cataldo","religion":"christian","denomination":"roman_catholic","start_date":"1160","end_date":null,"start_year":1160,"end_year":null}},{"type":"Feature","geometry":{"type":"Point","coordinates":[14.69726,38.024]},"properties":{"osm_type":"way","osm_id":1286632862,"name":"Chiesa del Rosario","religion":"christian","denomination":"catholic","start_date":"1163","end_date":null,"start_year":1163,"end_year":null}},{"type":"Feature","geometry":{"type":"Point","coordinates":[11.00555,45.44666]},"properties":{"osm_type":"way","osm_id":264210227,"name":"Chiesa di San Giovanni in Valle","religion":"christian","denomination":"catholic","start_date":"1164","end_date":null,"start_year":1164,"end_year":null}},{"type":"Feature","geometry":{"type":"Point","coordinates":[14.49861,42.25479]},"properties":{"osm_type":"way","osm_id":100607575,"name":"Abbazia di San Giovanni in Venere","religion":"christian","denomination":"catholic","start_date":"1165","end_date":null,"start_year":1165,"end_year":null}},{"type":"Feature","geometry":{"type":"Point","coordinates":[8.62721,44.37822]},"properties":{"osm_type":"way","osm_id":203202400,"name":"San Jacopo","religion":"christian","denomination":"catholic","start_date":"1168","end_date":null,"start_year":1168,"end_year":null}},{"type":"Feature","geometry":{"type":"Point","coordinates":[8.59678,45.87744]},"properties":{"osm_type":"way","osm_id":264882532,"name":"Eremo di Santa Caterina del Sasso","religion":"christian","denomination":"roman_catholic","start_date":"1170","end_date":null,"start_year":1170,"end_year":null}},{"type":"Feature","geometry":{"type":"Point","coordinates":[11.57319,43.13401]},"properties":{"osm_type":"way","osm_id":424833424,"name":"Santa Maria a Pava","religion":"christian","denomination":"catholic","start_date":"1170","end_date":null,"start_year":1170,"end_year":null}},{"type":"Feature","geometry":{"type":"Point","coordinates":[11.8848,45.40729]},"properties":{"osm_type":"way","osm_id":131997423,"name":"Santa Sofia","religion":"christian","denomination":"catholic","start_date":"1170","end_date":null,"start_year":1170,"end_year":null}},{"type":"Feature","geometry":{"type":"Point","coordinates":[13.29229,38.08204]},"properties":{"osm_type":"way","osm_id":82665029,"name":"Duomo di Monreale","religion":"christian","denomination":"roman_catholic","start_date":"1172","end_date":null,"start_year":1172,"end_year":null}},{"type":"Feature","geometry":{"type":"Point","coordinates":[8.46501,45.47055]},"properties":{"osm_type":"way","osm_id":369880043,"name":"Oratorio di San Martino","religion":"christian","denomination":"catholic","start_date":"1175..1200","end_date":null,"start_year":1175,"end_year":null}},{"type":"Feature","geometry":{"type":"Point","coordinates":[7.51732,44.35261]},"properties":{"osm_type":"way","osm_id":281818330,"name":"Cappella della Crocetta","religion":"christian","denomination":"roman_catholic","start_date":"1180","end_date":null,"start_year":1180,"end_year":null}},{"type":"Feature","geometry":{"type":"Point","coordinates":[12.95188,41.58969]},"properties":{"osm_type":"node","osm_id":10991537543,"name":"chiesa rupestre di San Michele Arcangelo","religion":"christian","denomination":"roman_catholic","start_date":"1183","end_date":null,"start_year":1183,"end_year":null}},{"type":"Feature","geometry":{"type":"Point","coordinates":[9.66221,45.70321]},"properties":{"osm_type":"way","osm_id":79808361,"name":"Basilica di Santa Maria Maggiore","religion":"christian","denomination":"catholic","start_date":"1185","end_date":null,"start_year":1185,"end_year":null}},{"type":"Feature","geometry":{"type":"Point","coordinates":[11.15544,43.15245]},"properties":{"osm_type":"way","osm_id":722806046,"name":"Eremo di Montesiepi","religion":"christian","denomination":"catholic","start_date":"1185","end_date":null,"start_year":1185,"end_year":null}},{"type":"Feature","geometry":{"type":"Point","coordinates":[11.61026,45.54588]},"properties":{"osm_type":"node","osm_id":4402671642,"name":"Chiesetta di San Benedetto","religion":"christian","denomination":"catholic","start_date":"1186","end_date":null,"start_year":1186,"end_year":null}},{"type":"Feature","geometry":{"type":"Point","coordinates":[12.10501,42.41231]},"properties":{"osm_type":"way","osm_id":208963865,"name":"Sant'Andrea","religion":"christian","denomination":"catholic","start_date":"1187","end_date":null,"start_year":1187,"end_year":null}},{"type":"Feature","geometry":{"type":"Point","coordinates":[8.9316,44.40571]},"properties":{"osm_type":"way","osm_id":22719336,"name":"Chiesa di San Donato","religion":"christian","denomination":"catholic","start_date":"1189","end_date":null,"start_year":1189,"end_year":null}},{"type":"Feature","geometry":{"type":"Point","coordinates":[13.36899,38.11363]},"properties":{"osm_type":"way","osm_id":49769029,"name":"Parrocchia Santissima Trinità - Basilica la Magione","religion":"christian","denomination":"catholic","start_date":"1191","end_date":null,"start_year":1191,"end_year":null}},{"type":"Feature","geometry":{"type":"Point","coordinates":[13.35241,41.71655]},"properties":{"osm_type":"way","osm_id":169993369,"name":"Chiesa della Maddalena","religion":"christian","denomination":"catholic","start_date":"1196","end_date":null,"start_year":1196,"end_year":null}},{"type":"Feature","geometry":{"type":"Point","coordinates":[16.87017,41.13031]},"properties":{"osm_type":"way","osm_id":417998763,"name":"Basilica di San Nicola","religion":"christian","denomination":"roman_catholic","start_date":"1197","end_date":null,"start_year":1197,"end_year":null}},{"type":"Feature","geometry":{"type":"Point","coordinates":[13.75975,42.3207]},"properties":{"osm_type":"way","osm_id":770845569,"name":"Chiesa di San Pietro in Cryptis","religion":"christian","denomination":"roman_catholic","start_date":"1197","end_date":null,"start_year":1197,"end_year":null}},{"type":"Feature","geometry":{"type":"Point","coordinates":[7.19091,45.09531]},"properties":{"osm_type":"way","osm_id":158548068,"name":"Certosa di Montebenedetto","religion":"christian","denomination":"catholic","start_date":"1198","end_date":null,"start_year":1198,"end_year":null}},{"type":"Feature","geometry":{"type":"Point","coordinates":[12.54827,42.615]},"properties":{"osm_type":"node","osm_id":13069089503,"name":"Chiesa di San Giovanni Battista","religion":"christian","denomination":"catholic","start_date":"1199","end_date":null,"start_year":1199,"end_year":null}},{"type":"Feature","geometry":{"type":"Point","coordinates":[14.40548,41.55967]},"properties":{"osm_type":"way","osm_id":228908271,"name":"Chiesa di Sant'Antonio","religion":"christian","denomination":"catholic","start_date":"1200","end_date":null,"start_year":1200,"end_year":null}},{"type":"Feature","geometry":{"type":"Point","coordinates":[14.44863,41.6005]},"properties":{"osm_type":"way","osm_id":243431612,"name":"Chiesa di Santa Maria Assunta","religion":"christian","denomination":"catholic","start_date":"1200","end_date":null,"start_year":1200,"end_year":null}},{"type":"Feature","geometry":{"type":"Point","coordinates":[15.32094,40.80745]},"properties":{"osm_type":"way","osm_id":220064641,"name":"Chiesa di Santa Maria delle Grazie","religion":"christian","denomination":"catholic","start_date":"1200-1575","end_date":null,"start_year":1200,"end_year":null}},{"type":"Feature","geometry":{"type":"Point","coordinates":[13.02605,41.69231]},"properties":{"osm_type":"way","osm_id":244422241,"name":"Chiesa di Santo Stefano","religion":"christian","denomination":"catholic","start_date":"1200..1300","end_date":null,"start_year":1200,"end_year":null}},{"type":"Feature","geometry":{"type":"Point","coordinates":[13.24096,41.41475]},"properties":{"osm_type":"way","osm_id":181442765,"name":"San Giovanni","religion":"christian","denomination":"catholic","start_date":"1200","end_date":null,"start_year":1200,"end_year":null}},{"type":"Feature","geometry":{"type":"Point","coordinates":[12.994,42.02504]},"properties":{"osm_type":"way","osm_id":279524223,"name":"San Giovanni","religion":"christian","denomination":"catholic","start_date":"1200","end_date":null,"start_year":1200,"end_year":null}},{"type":"Feature","geometry":{"type":"Point","coordinates":[13.02466,41.69698]},"properties":{"osm_type":"way","osm_id":227669297,"name":"San Pietro","religion":"christian","denomination":"catholic","start_date":"1200..1300","end_date":null,"start_year":1200,"end_year":null}},{"type":"Feature","geometry":{"type":"Point","coordinates":[14.47368,41.48173]},"properties":{"osm_type":"way","osm_id":160484880,"name":"Santa Maria del Parco","religion":"christian","denomination":null,"start_date":"1200","end_date":null,"start_year":1200,"end_year":null}},{"type":"Feature","geometry":{"type":"Point","coordinates":[12.54189,38.01909]},"properties":{"osm_type":"way","osm_id":105440790,"name":"Santuario dell'Annunziata","religion":"christian","denomination":"catholic","start_date":"1200","end_date":null,"start_year":1200,"end_year":null}},{"type":"Feature","geometry":{"type":"Point","coordinates":[9.09893,45.86186]},"properties":{"osm_type":"way","osm_id":146294234,"name":"Chiesa dei Santi Martino e Agata","religion":"christian","denomination":"catholic","start_date":"before 1207","end_date":null,"start_year":1206,"end_year":null}},{"type":"Feature","geometry":{"type":"Point","coordinates":[13.79982,41.61941]},"properties":{"osm_type":"way","osm_id":169358737,"name":"Chiesa di Santa Maria Assunta","religion":"christian","denomination":"catholic","start_date":"1208","end_date":null,"start_year":1208,"end_year":null}},{"type":"Feature","geometry":{"type":"Point","coordinates":[13.24127,41.41418]},"properties":{"osm_type":"way","osm_id":181442766,"name":"San Michele arcangelo","religion":"christian","denomination":"catholic","start_date":"1210","end_date":null,"start_year":1210,"end_year":null}},{"type":"Feature","geometry":{"type":"Point","coordinates":[16.61267,40.6644]},"properties":{"osm_type":"way","osm_id":145667235,"name":"Chiesa dei Santi Pietro e Paolo","religion":"christian","denomination":"catholic","start_date":"1218","end_date":null,"start_year":1218,"end_year":null}},{"type":"Feature","geometry":{"type":"Point","coordinates":[8.41921,45.3288]},"properties":{"osm_type":"way","osm_id":168453654,"name":"Basilica di Sant'Andrea","religion":"christian","denomination":"catholic","start_date":"1219..1227","end_date":null,"start_year":1219,"end_year":null}},{"type":"Feature","geometry":{"type":"Point","coordinates":[10.28228,45.88877]},"properties":{"osm_type":"way","osm_id":194213920,"name":"Chiesa di San Glisente","religion":"christian","denomination":"catholic","start_date":"1222","end_date":null,"start_year":1222,"end_year":null}},{"type":"Feature","geometry":{"type":"Point","coordinates":[12.11224,42.41382]},"properties":{"osm_type":"way","osm_id":592481603,"name":"Santa Maria in Gradi","religion":"christian","denomination":"catholic","start_date":"1228","end_date":null,"start_year":1228,"end_year":null}},{"type":"Feature","geometry":{"type":"Point","coordinates":[16.61133,40.66681]},"properties":{"osm_type":"way","osm_id":145667236,"name":"Cattedrale della Madonna della Bruna e di Sant'Eustachio","religion":"christian","denomination":"catholic","start_date":"1230","end_date":null,"start_year":1230,"end_year":null}},{"type":"Feature","geometry":{"type":"Point","coordinates":[7.04687,45.13098]},"properties":{"osm_type":"way","osm_id":289954601,"name":"San Saturnino","religion":"christian","denomination":"catholic","start_date":"1231","end_date":null,"start_year":1231,"end_year":null}},{"type":"Feature","geometry":{"type":"Point","coordinates":[9.27749,45.58706]},"properties":{"osm_type":"way","osm_id":204480577,"name":"Chiesa di Santa Maria al Carrobiolo","religion":"christian","denomination":"catholic","start_date":"1232","end_date":null,"start_year":1232,"end_year":null}},{"type":"Feature","geometry":{"type":"Point","coordinates":[15.23323,38.26849]},"properties":{"osm_type":"node","osm_id":1513369666,"name":"Santuario di Sant'Antonio di Padova","religion":"christian","denomination":"catholic","start_date":"1232","end_date":null,"start_year":1232,"end_year":null}},{"type":"Feature","geometry":{"type":"Point","coordinates":[16.60793,40.66776]},"properties":{"osm_type":"way","osm_id":242363549,"name":"Chiesa di San Giovanni Battista","religion":"christian","denomination":"catholic","start_date":"1233","end_date":null,"start_year":1233,"end_year":null}},{"type":"Feature","geometry":{"type":"Point","coordinates":[13.56088,42.85468]},"properties":{"osm_type":"way","osm_id":982842996,"name":"Chiesa di Santa Maria delle Donne","religion":"christian","denomination":"catholic","start_date":"1233","end_date":null,"start_year":1233,"end_year":null}},{"type":"Feature","geometry":{"type":"Point","coordinates":[13.23726,46.06251]},"properties":{"osm_type":"way","osm_id":36686387,"name":"Cattedrale di Santa Maria Annunziata","religion":"christian","denomination":"catholic","start_date":"1236","end_date":null,"start_year":1236,"end_year":null}},{"type":"Feature","geometry":{"type":"Point","coordinates":[12.10328,42.42071]},"properties":{"osm_type":"way","osm_id":285498055,"name":"San Faustino e Giovita","religion":"christian","denomination":"catholic","start_date":"1236","end_date":null,"start_year":1236,"end_year":null}},{"type":"Feature","geometry":{"type":"Point","coordinates":[10.09778,45.73123]},"properties":{"osm_type":"way","osm_id":59846033,"name":"Chiesa dei Santi Pietro e Paolo","religion":"christian","denomination":"catholic","start_date":"1238","end_date":null,"start_year":1238,"end_year":null}},{"type":"Feature","geometry":{"type":"Point","coordinates":[14.16838,42.35149]},"properties":{"osm_type":"way","osm_id":915892586,"name":"Chiesa di San Francesco","religion":"christian","denomination":"roman_catholic","start_date":"1239","end_date":null,"start_year":1239,"end_year":null}},{"type":"Feature","geometry":{"type":"Point","coordinates":[16.57972,40.10982]},"properties":{"osm_type":"way","osm_id":305840004,"name":"Chiesa di Santa Maria in Cielo Assunta","religion":null,"denomination":null,"start_date":"1239","end_date":null,"start_year":1239,"end_year":null}},{"type":"Feature","geometry":{"type":"Point","coordinates":[9.11805,45.58825]},"properties":{"osm_type":"way","osm_id":266378094,"name":"Chiesa parrocchiale dei Santi Cosma e Damiano","religion":"christian","denomination":"roman_catholic","start_date":"1243","end_date":null,"start_year":1243,"end_year":null}},{"type":"Feature","geometry":{"type":"Point","coordinates":[12.86365,42.40082]},"properties":{"osm_type":"way","osm_id":114671946,"name":"Chiesa di San Francesco","religion":"christian","denomination":"catholic","start_date":"1245","end_date":null,"start_year":1245,"end_year":null}},{"type":"Feature","geometry":{"type":"Point","coordinates":[14.71272,41.61183]},"properties":{"osm_type":"way","osm_id":266933678,"name":"San Silvestro Papa","religion":"christian","denomination":"catholic","start_date":"1246","end_date":null,"start_year":1246,"end_year":null}},{"type":"Feature","geometry":{"type":"Point","coordinates":[13.48321,46.12409]},"properties":{"osm_type":"way","osm_id":36686129,"name":"Chiesa di San Quirino","religion":"christian","denomination":"catholic","start_date":"1250","end_date":null,"start_year":1250,"end_year":null}},{"type":"Feature","geometry":{"type":"Point","coordinates":[7.04773,45.13705]},"properties":{"osm_type":"way","osm_id":190387794,"name":"Madonna della Pace","religion":"christian","denomination":"catholic","start_date":"1250","end_date":null,"start_year":1250,"end_year":null}},{"type":"Feature","geometry":{"type":"Point","coordinates":[13.48902,46.15417]},"properties":{"osm_type":"way","osm_id":36686231,"name":"San Luca evangelista","religion":"christian","denomination":"catholic","start_date":"1250","end_date":null,"start_year":1250,"end_year":null}},{"type":"Feature","geometry":{"type":"Point","coordinates":[9.11996,45.57226]},"properties":{"osm_type":"way","osm_id":252480417,"name":"Santa Maria Assunta","religion":"christian","denomination":"roman_catholic","start_date":"1255","end_date":null,"start_year":1255,"end_year":null}},{"type":"Feature","geometry":{"type":"Point","coordinates":[13.9741,42.58032]},"properties":{"osm_type":"way","osm_id":310794335,"name":"Chiesa di San Nicola","religion":"christian","denomination":"catholic","start_date":"1256","end_date":null,"start_year":1256,"end_year":null}},{"type":"Feature","geometry":{"type":"Point","coordinates":[10.79999,45.14862]},"properties":{"osm_type":"way","osm_id":237837293,"name":"Chiesa di Santa Maria del Gradaro","religion":"christian","denomination":"catholic","start_date":"1256","end_date":null,"start_year":1256,"end_year":null}},{"type":"Feature","geometry":{"type":"Point","coordinates":[14.39033,42.23044]},"properties":{"osm_type":"way","osm_id":28525201,"name":"Santuario del Miracolo Eucaristico","religion":"christian","denomination":"catholic","start_date":"1258","end_date":null,"start_year":1258,"end_year":null}},{"type":"Feature","geometry":{"type":"Point","coordinates":[14.28337,37.56622]},"properties":{"osm_type":"way","osm_id":505270946,"name":"Chiesa del Santissimo Salvatore","religion":"christian","denomination":"roman_catholic","start_date":"1261","end_date":null,"start_year":1261,"end_year":null}},{"type":"Feature","geometry":{"type":"Point","coordinates":[10.21506,45.53797]},"properties":{"osm_type":"way","osm_id":197010555,"name":"Chiesa di San Francesco d'Assisi","religion":"christian","denomination":"catholic","start_date":"1265","end_date":null,"start_year":1265,"end_year":null}},{"type":"Feature","geometry":{"type":"Point","coordinates":[16.28622,41.32051]},"properties":{"osm_type":"way","osm_id":407428806,"name":"Cattedrale di Santa Maria Maggiore","religion":"christian","denomination":"catholic","start_date":"1267","end_date":null,"start_year":1267,"end_year":null}},{"type":"Feature","geometry":{"type":"Point","coordinates":[14.26443,40.84677]},"properties":{"osm_type":"way","osm_id":253354479,"name":"Chiesa di Sant'Eligio Maggiore","religion":"christian","denomination":"catholic","start_date":"1270","end_date":null,"start_year":1270,"end_year":null}},{"type":"Feature","geometry":{"type":"Point","coordinates":[13.97908,42.58042]},"properties":{"osm_type":"way","osm_id":310786346,"name":"Basilica concattedrale di Santa Maria Assunta","religion":"christian","denomination":"catholic","start_date":"1284","end_date":null,"start_year":1284,"end_year":null}},{"type":"Feature","geometry":{"type":"Point","coordinates":[17.94246,40.63983]},"properties":{"osm_type":"way","osm_id":422354213,"name":"Chiesa di San Paolo eremita","religion":"christian","denomination":"catholic","start_date":"1284","end_date":null,"start_year":1284,"end_year":null}},{"type":"Feature","geometry":{"type":"Point","coordinates":[13.23308,46.06414]},"properties":{"osm_type":"way","osm_id":36686381,"name":"Chiesa di San Pietro Martire","religion":"christian","denomination":"catholic","start_date":"1285","end_date":null,"start_year":1285,"end_year":null}},{"type":"Feature","geometry":{"type":"Point","coordinates":[14.181,42.30446]},"properties":{"osm_type":"way","osm_id":310782202,"name":"Chiesa di San Francesco","religion":"christian","denomination":"catholic","start_date":"1291","end_date":null,"start_year":1291,"end_year":null}},{"type":"Feature","geometry":{"type":"Point","coordinates":[16.86909,41.12854]},"properties":{"osm_type":"way","osm_id":417998768,"name":"Cattedrale di San Sabino","religion":"christian","denomination":null,"start_date":"1292","end_date":null,"start_year":1292,"end_year":null}},{"type":"Feature","geometry":{"type":"Point","coordinates":[9.45021,45.51335]},"properties":{"osm_type":"way","osm_id":204162348,"name":"Chiesa di San Francesco","religion":"christian","denomination":"catholic","start_date":"1295","end_date":null,"start_year":1295,"end_year":null}},{"type":"Feature","geometry":{"type":"Point","coordinates":[11.37226,46.50182]},"properties":{"osm_type":"way","osm_id":137323018,"name":"Santa Maddalena - St. Magdalena","religion":"christian","denomination":"roman_catholic","start_date":"1295","end_date":null,"start_year":1295,"end_year":null}},{"type":"Feature","geometry":{"type":"Point","coordinates":[11.64797,42.88551]},"properties":{"osm_type":"way","osm_id":728257138,"name":"Chiesa di Santa Maria dell'Ermeta","religion":"christian","denomination":"catholic","start_date":"1296","end_date":null,"start_year":1296,"end_year":null}},{"type":"Feature","geometry":{"type":"Point","coordinates":[14.14562,37.99227]},"properties":{"osm_type":"way","osm_id":1087663188,"name":"Chiesa di San Pietro","religion":"christian","denomination":"catholic","start_date":"1300","end_date":null,"start_year":1300,"end_year":null}},{"type":"Feature","geometry":{"type":"Point","coordinates":[14.20597,37.79695]},"properties":{"osm_type":"way","osm_id":190631103,"name":"Chiesa Madre San Nicolò di Bari","religion":"christian","denomination":"roman_catholic","start_date":"1300","end_date":null,"start_year":1300,"end_year":null}},{"type":"Feature","geometry":{"type":"Point","coordinates":[15.73436,40.93025]},"properties":{"osm_type":"way","osm_id":1217414039,"name":"Chiesa San Nicola Vescovo","religion":"christian","denomination":"catholic","start_date":"1300","end_date":null,"start_year":1300,"end_year":null}},{"type":"Feature","geometry":{"type":"Point","coordinates":[13.338,41.77607]},"properties":{"osm_type":"way","osm_id":170008336,"name":"Madonna della Concordia","religion":"christian","denomination":"catholic","start_date":"1300-1400","end_date":null,"start_year":1300,"end_year":null}},{"type":"Feature","geometry":{"type":"Point","coordinates":[13.24451,41.41434]},"properties":{"osm_type":"way","osm_id":181442764,"name":"San Francesco","religion":"christian","denomination":"catholic","start_date":"1300","end_date":null,"start_year":1300,"end_year":null}},{"type":"Feature","geometry":{"type":"Point","coordinates":[14.46992,41.48253]},"properties":{"osm_type":"way","osm_id":160484886,"name":"Santi Erasmo e Martino","religion":"christian","denomination":null,"start_date":"1300","end_date":null,"start_year":1300,"end_year":null}},{"type":"Feature","geometry":{"type":"Point","coordinates":[10.15522,44.08614]},"properties":{"osm_type":"way","osm_id":466516323,"name":"Chiesa di San Bartolomeo","religion":"christian","denomination":"roman_catholic","start_date":"1303","end_date":null,"start_year":1303,"end_year":null}},{"type":"Feature","geometry":{"type":"Point","coordinates":[13.23451,46.06864]},"properties":{"osm_type":"node","osm_id":9311165842,"name":"Chiesa di Santa Chiara","religion":"christian","denomination":"catholic","start_date":"1303","end_date":null,"start_year":1303,"end_year":null}},{"type":"Feature","geometry":{"type":"Point","coordinates":[12.47373,41.89482]},"properties":{"osm_type":"way","osm_id":127586110,"name":"Santa Barbara dei Librai","religion":"christian","denomination":"roman_catholic","start_date":"1306","end_date":null,"start_year":1306,"end_year":null}},{"type":"Feature","geometry":{"type":"Point","coordinates":[14.25217,40.84665]},"properties":{"osm_type":"way","osm_id":1425647393,"name":"Chiesa di Gesù Redentore e San Ludovico d'Angiò","religion":"christian","denomination":"roman_catholic","start_date":"1317","end_date":null,"start_year":1317,"end_year":null}},{"type":"Feature","geometry":{"type":"Point","coordinates":[12.59063,37.65158]},"properties":{"osm_type":"way","osm_id":34225407,"name":"Santa Caterina","religion":"christian","denomination":"catholic","start_date":"1318","end_date":null,"start_year":1318,"end_year":null}},{"type":"Feature","geometry":{"type":"Point","coordinates":[12.10448,42.41743]},"properties":{"osm_type":"way","osm_id":412669052,"name":"Santa Maria della salute","religion":"christian","denomination":"catholic","start_date":"1318","end_date":null,"start_year":1318,"end_year":null}},{"type":"Feature","geometry":{"type":"Point","coordinates":[14.73627,36.92673]},"properties":{"osm_type":"way","osm_id":212766165,"name":"Chiesa di Santa Maria dell'Itria","religion":"christian","denomination":null,"start_date":"1320","end_date":null,"start_year":1320,"end_year":null}},{"type":"Feature","geometry":{"type":"Point","coordinates":[11.30299,43.30964]},"properties":{"osm_type":"way","osm_id":194072102,"name":"Chiesa di Sant'Andrea a Galignano","religion":"christian","denomination":"catholic","start_date":"1324","end_date":null,"start_year":1324,"end_year":null}},{"type":"Feature","geometry":{"type":"Point","coordinates":[11.49034,43.0572]},"properties":{"osm_type":"way","osm_id":713911845,"name":"Chiesa di Sant'Egidio","religion":"christian","denomination":"catholic","start_date":"1325","end_date":null,"start_year":1325,"end_year":null}},{"type":"Feature","geometry":{"type":"Point","coordinates":[9.55324,46.12926]},"properties":{"osm_type":"way","osm_id":718291423,"name":"Chiesa di San Domenico","religion":"christian","denomination":null,"start_date":"before 1328","end_date":null,"start_year":1327,"end_year":null}},{"type":"Feature","geometry":{"type":"Point","coordinates":[10.99382,45.4433]},"properties":{"osm_type":"way","osm_id":138815134,"name":"Chiesa di Sant'Eufemia","religion":"christian","denomination":"catholic","start_date":"1331","end_date":null,"start_year":1331,"end_year":null}},{"type":"Feature","geometry":{"type":"Point","coordinates":[12.31625,45.43826]},"properties":{"osm_type":"way","osm_id":56054567,"name":"Sant'Andrea della Zirada","religion":"christian","denomination":"catholic","start_date":"1331","end_date":null,"start_year":1331,"end_year":null}},{"type":"Feature","geometry":{"type":"Point","coordinates":[11.96312,45.31805]},"properties":{"osm_type":"way","osm_id":1210566445,"name":"Chiesa dell’Assunta","religion":"christian","denomination":"catholic","start_date":"1333","end_date":null,"start_year":1333,"end_year":null}},{"type":"Feature","geometry":{"type":"Point","coordinates":[10.3014,45.95507]},"properties":{"osm_type":"way","osm_id":285990623,"name":"Chiesa di Sant'Antonio","religion":"christian","denomination":"catholic","start_date":"1334","end_date":"2025-09-01","start_year":1334,"end_year":2025}},{"type":"Feature","geometry":{"type":"Point","coordinates":[13.47125,43.29309]},"properties":{"osm_type":"way","osm_id":44063283,"name":"Chiesa delle Vergini","religion":"christian","denomination":"catholic","start_date":"1335","end_date":"1573","start_year":1335,"end_year":1573}},{"type":"Feature","geometry":{"type":"Point","coordinates":[9.19196,45.46279]},"properties":{"osm_type":"way","osm_id":204329261,"name":"Chiesa di San Gottardo in Corte","religion":"christian","denomination":"roman_catholic","start_date":"1336","end_date":null,"start_year":1336,"end_year":null}},{"type":"Feature","geometry":{"type":"Point","coordinates":[9.73021,44.10761]},"properties":{"osm_type":"way","osm_id":204991720,"name":"Chiesa di San Lorenzo","religion":"christian","denomination":"roman_catholic","start_date":"1338","end_date":null,"start_year":1338,"end_year":null}},{"type":"Feature","geometry":{"type":"Point","coordinates":[9.68723,45.36317]},"properties":{"osm_type":"way","osm_id":204729664,"name":"Duomo di Crema","religion":"christian","denomination":"catholic","start_date":"1341","end_date":null,"start_year":1341,"end_year":null}},{"type":"Feature","geometry":{"type":"Point","coordinates":[14.89385,37.56482]},"properties":{"osm_type":"way","osm_id":304169777,"name":"Chiesa di Santa Maria dell'Alto","religion":"christian","denomination":"roman_catholic","start_date":"1342","end_date":null,"start_year":1342,"end_year":null}},{"type":"Feature","geometry":{"type":"Point","coordinates":[12.10923,46.75516]},"properties":{"osm_type":"way","osm_id":217818532,"name":"Unsere Liebe Frau am Rain - Chiesa Madre di Santa Margherita","religion":"christian","denomination":"roman_catholic","start_date":"1343","end_date":null,"start_year":1343,"end_year":null}},{"type":"Feature","geometry":{"type":"Point","coordinates":[11.54029,46.63271]},"properties":{"osm_type":"way","osm_id":152651779,"name":"Sankt Michael - San Michele","religion":"christian","denomination":"catholic","start_date":"1344","end_date":null,"start_year":1344,"end_year":null}},{"type":"Feature","geometry":{"type":"Point","coordinates":[9.50312,45.31277]},"properties":{"osm_type":"way","osm_id":837228946,"name":"Chiesa di Sant'Agnese","religion":"christian","denomination":"roman_catholic","start_date":"1351","end_date":null,"start_year":1351,"end_year":null}},{"type":"Feature","geometry":{"type":"Point","coordinates":[14.21901,40.8306]},"properties":{"osm_type":"way","osm_id":183459538,"name":"Chiesa di Santa Maria di Piedigrotta","religion":"christian","denomination":"roman_catholic","start_date":"1353","end_date":null,"start_year":1353,"end_year":null}},{"type":"Feature","geometry":{"type":"Point","coordinates":[9.2742,45.58232]},"properties":{"osm_type":"way","osm_id":204483047,"name":"Chiesa di Santa Maria in Strada","religion":"christian","denomination":"catholic","start_date":"1357","end_date":null,"start_year":1357,"end_year":null}},{"type":"Feature","geometry":{"type":"Point","coordinates":[13.996,37.81201]},"properties":{"osm_type":"way","osm_id":1117110965,"name":"Chiesa di Sant'Antonio Abate","religion":"christian","denomination":null,"start_date":"1361","end_date":null,"start_year":1361,"end_year":null}},{"type":"Feature","geometry":{"type":"Point","coordinates":[9.33117,46.03392]},"properties":{"osm_type":"way","osm_id":700134950,"name":"Chiesa di Sant'Antonio Abate","religion":"christian","denomination":"catholic","start_date":"1362","end_date":null,"start_year":1362,"end_year":null}},{"type":"Feature","geometry":{"type":"Point","coordinates":[9.08131,45.61671]},"properties":{"osm_type":"way","osm_id":676064084,"name":"Oratorio dei Santi Ambrogio e Caterina","religion":"christian","denomination":"roman_catholic","start_date":"1367","end_date":null,"start_year":1367,"end_year":null}},{"type":"Feature","geometry":{"type":"Point","coordinates":[10.58723,44.54672]},"properties":{"osm_type":"way","osm_id":165330036,"name":"Santa Maria Assunta","religion":"christian","denomination":"catholic","start_date":"1367","end_date":null,"start_year":1367,"end_year":null}},{"type":"Feature","geometry":{"type":"Point","coordinates":[9.12221,45.67842]},"properties":{"osm_type":"way","osm_id":310675601,"name":"Oratorio di Santo Stefano","religion":"christian","denomination":"catholic","start_date":"1369","end_date":null,"start_year":1369,"end_year":null}},{"type":"Feature","geometry":{"type":"Point","coordinates":[11.32901,43.3178]},"properties":{"osm_type":"way","osm_id":418912842,"name":"Cattedrale di Santa Maria Assunta","religion":"christian","denomination":"roman_catholic","start_date":"1370","end_date":null,"start_year":1370,"end_year":null}},{"type":"Feature","geometry":{"type":"Point","coordinates":[8.42228,45.32357]},"properties":{"osm_type":"way","osm_id":46103727,"name":"Chiesa di Sant'Anna","religion":"christian","denomination":"catholic","start_date":"1370","end_date":null,"start_year":1370,"end_year":null}},{"type":"Feature","geometry":{"type":"Point","coordinates":[15.47653,38.07188]},"properties":{"osm_type":"way","osm_id":203985105,"name":"Monastero di San Placido Calonerò il Vecchio","religion":"christian","denomination":"catholic","start_date":"1376","end_date":null,"start_year":1376,"end_year":null}},{"type":"Feature","geometry":{"type":"Point","coordinates":[9.13208,45.67784]},"properties":{"osm_type":"way","osm_id":277037285,"name":"Oratorio di Mocchirolo","religion":"christian","denomination":"catholic","start_date":"1377","end_date":null,"start_year":1377,"end_year":null}},{"type":"Feature","geometry":{"type":"Point","coordinates":[8.73882,45.25215]},"properties":{"osm_type":"way","osm_id":279358045,"name":"Basilica di San Lorenzo Martire","religion":"christian","denomination":"catholic","start_date":"1380","end_date":null,"start_year":1380,"end_year":null}},{"type":"Feature","geometry":{"type":"Point","coordinates":[11.27132,45.54453]},"properties":{"osm_type":"way","osm_id":262745889,"name":"Chiesa di San Biagio","religion":"christian","denomination":"catholic","start_date":"1380","end_date":null,"start_year":1380,"end_year":null}},{"type":"Feature","geometry":{"type":"Point","coordinates":[8.91553,45.39907]},"properties":{"osm_type":"way","osm_id":316220548,"name":"Basilica di Santa Maria Nuova","religion":"christian","denomination":"roman_catholic","start_date":"1388","end_date":null,"start_year":1388,"end_year":null}},{"type":"Feature","geometry":{"type":"Point","coordinates":[10.24861,45.56991]},"properties":{"osm_type":"way","osm_id":422866813,"name":"Chiesa di San Cristoforo","religion":"christian","denomination":"catholic","start_date":"1388","end_date":null,"start_year":1388,"end_year":null}},{"type":"Feature","geometry":{"type":"Point","coordinates":[12.32917,45.44739]},"properties":{"osm_type":"way","osm_id":138842933,"name":"Chiesa di Sant'Alvise","religion":"christian","denomination":"catholic","start_date":"1388","end_date":null,"start_year":1388,"end_year":null}},{"type":"Feature","geometry":{"type":"Point","coordinates":[9.17163,45.47812]},"properties":{"osm_type":"way","osm_id":40285652,"name":"Chiesa di Sant'Ambrogio ad Nemus","religion":"christian","denomination":"catholic","start_date":"1389","end_date":null,"start_year":1389,"end_year":null}},{"type":"Feature","geometry":{"type":"Point","coordinates":[11.87567,45.40458]},"properties":{"osm_type":"way","osm_id":131987848,"name":"Chiesa di Santa Maria dei Servi","religion":"christian","denomination":"catholic","start_date":"1390","end_date":null,"start_year":1390,"end_year":null}},{"type":"Feature","geometry":{"type":"Point","coordinates":[13.08266,37.50843]},"properties":{"osm_type":"way","osm_id":249624099,"name":"Chiesa di San Leonardo","religion":"christian","denomination":null,"start_date":"1396","end_date":null,"start_year":1396,"end_year":null}},{"type":"Feature","geometry":{"type":"Point","coordinates":[11.89978,45.35269]},"properties":{"osm_type":"way","osm_id":131762271,"name":"Oratorio di San Michele","religion":"christian","denomination":"catholic","start_date":"1397","end_date":null,"start_year":1397,"end_year":null}},{"type":"Feature","geometry":{"type":"Point","coordinates":[16.67408,41.18835]},"properties":{"osm_type":"way","osm_id":410423318,"name":"Spirito Santo","religion":"christian","denomination":"catholic","start_date":"1397","end_date":null,"start_year":1397,"end_year":null}},{"type":"Feature","geometry":{"type":"Point","coordinates":[8.97128,45.56014]},"properties":{"osm_type":"way","osm_id":279334838,"name":"Chiesa della Beata Vergine Immacolata","religion":"christian","denomination":"roman_catholic","start_date":"1398","end_date":null,"start_year":1398,"end_year":null}},{"type":"Feature","geometry":{"type":"Point","coordinates":[15.48072,40.66838]},"properties":{"osm_type":"way","osm_id":221422725,"name":"Chiesa di San Pietro Apostolo","religion":"christian","denomination":null,"start_date":"1398","end_date":null,"start_year":1398,"end_year":null}},{"type":"Feature","geometry":{"type":"Point","coordinates":[14.70065,38.0741]},"properties":{"osm_type":"way","osm_id":404055032,"name":"Chiesa di Sant'Agostino","religion":"christian","denomination":"roman_catholic","start_date":"1398","end_date":null,"start_year":1398,"end_year":null}},{"type":"Feature","geometry":{"type":"Point","coordinates":[13.24216,41.41382]},"properties":{"osm_type":"way","osm_id":181623927,"name":"Auditorium Comunale San Marco","religion":"christian","denomination":"catholic","start_date":"1400","end_date":null,"start_year":1400,"end_year":null}},{"type":"Feature","geometry":{"type":"Point","coordinates":[16.42627,40.18863]},"properties":{"osm_type":"way","osm_id":538779643,"name":"Cappella Gentilizia dell'Icona","religion":"christian","denomination":"catholic","start_date":"1400","end_date":null,"start_year":1400,"end_year":null}},{"type":"Feature","geometry":{"type":"Point","coordinates":[7.60784,45.23366]},"properties":{"osm_type":"way","osm_id":591313034,"name":"Cappella Madonna di Loreto","religion":"christian","denomination":"catholic","start_date":"1400","end_date":null,"start_year":1400,"end_year":null}},{"type":"Feature","geometry":{"type":"Point","coordinates":[16.46953,40.24676]},"properties":{"osm_type":"way","osm_id":1031663534,"name":"Catterdrale dell'Annunziata","religion":"christian","denomination":null,"start_date":"1400","end_date":null,"start_year":1400,"end_year":null}},{"type":"Feature","geometry":{"type":"Point","coordinates":[14.20773,37.79603]},"properties":{"osm_type":"way","osm_id":190631154,"name":"Chiesa della Madonna della Catena","religion":"christian","denomination":"catholic","start_date":"1400","end_date":null,"start_year":1400,"end_year":null}},{"type":"Feature","geometry":{"type":"Point","coordinates":[14.20825,37.79478]},"properties":{"osm_type":"way","osm_id":190631159,"name":"Chiesa di San Cataldo","religion":"christian","denomination":"catholic","start_date":"1400","end_date":null,"start_year":1400,"end_year":null}},{"type":"Feature","geometry":{"type":"Point","coordinates":[14.09277,37.80722]},"properties":{"osm_type":"way","osm_id":1117186840,"name":"Chiesa di San Francesco","religion":"christian","denomination":null,"start_date":"1400","end_date":null,"start_year":1400,"end_year":null}},{"type":"Feature","geometry":{"type":"Point","coordinates":[12.8474,46.39655]},"properties":{"osm_type":"way","osm_id":36687655,"name":"Chiesa di San Martino","religion":"christian","denomination":"catholic","start_date":"1400","end_date":null,"start_year":1400,"end_year":null}},{"type":"Feature","geometry":{"type":"Point","coordinates":[14.20452,37.79903]},"properties":{"osm_type":"way","osm_id":187162377,"name":"Chiesa di San Paolo","religion":"christian","denomination":"catholic","start_date":"1400","end_date":null,"start_year":1400,"end_year":null}},{"type":"Feature","geometry":{"type":"Point","coordinates":[9.47003,45.49636]},"properties":{"osm_type":"way","osm_id":371961551,"name":"Chiesetta di Sant'Anna","religion":"christian","denomination":"catholic","start_date":"1400","end_date":null,"start_year":1400,"end_year":null}},{"type":"Feature","geometry":{"type":"Point","coordinates":[11.27589,45.54921]},"properties":{"osm_type":"way","osm_id":264652812,"name":"San Lorenzo Martire - Madonna delle Grazie","religion":"christian","denomination":"catholic","start_date":"1400","end_date":null,"start_year":1400,"end_year":null}},{"type":"Feature","geometry":{"type":"Point","coordinates":[10.57449,43.53307]},"properties":{"osm_type":"way","osm_id":364415968,"name":"Santuario Madonna dei Monti","religion":"christian","denomination":null,"start_date":"1400","end_date":null,"start_year":1400,"end_year":null}},{"type":"Feature","geometry":{"type":"Point","coordinates":[17.1241,40.84869]},"properties":{"osm_type":"way","osm_id":418449524,"name":"Chiesetta di Santo Stefano Piccolo","religion":"christian","denomination":null,"start_date":"1402","end_date":null,"start_year":1402,"end_year":null}},{"type":"Feature","geometry":{"type":"Point","coordinates":[11.0334,43.09149]},"properties":{"osm_type":"way","osm_id":724182585,"name":"Chiesa Parrocchiale di San Bartolomeo","religion":"christian","denomination":null,"start_date":"1404","end_date":null,"start_year":1404,"end_year":null}},{"type":"Feature","geometry":{"type":"Point","coordinates":[14.25069,40.84469]},"properties":{"osm_type":"way","osm_id":248688357,"name":"Chiesa di Sant'Anna dei Lombardi","religion":"christian","denomination":"catholic","start_date":"1411","end_date":null,"start_year":1411,"end_year":null}},{"type":"Feature","geometry":{"type":"Point","coordinates":[11.32927,43.31808]},"properties":{"osm_type":"node","osm_id":2812461391,"name":"Battistero di San Giovanni","religion":"christian","denomination":"roman_catholic","start_date":"1417...1431","end_date":null,"start_year":1417,"end_year":null}},{"type":"Feature","geometry":{"type":"Point","coordinates":[12.3526,45.45506]},"properties":{"osm_type":"way","osm_id":142022351,"name":"Chiesa di San Pietro Martire","religion":"christian","denomination":"catholic","start_date":"1417","end_date":null,"start_year":1417,"end_year":null}},{"type":"Feature","geometry":{"type":"Point","coordinates":[11.2768,45.54797]},"properties":{"osm_type":"way","osm_id":521197072,"name":"San Antonio Abate","religion":"christian","denomination":"catholic","start_date":"1418","end_date":null,"start_year":1418,"end_year":null}},{"type":"Feature","geometry":{"type":"Point","coordinates":[9.29859,46.01755]},"properties":{"osm_type":"way","osm_id":307365667,"name":"Chiesa di San Bernardo","religion":"christian","denomination":"catholic","start_date":"1419","end_date":null,"start_year":1419,"end_year":null}},{"type":"Feature","geometry":{"type":"Point","coordinates":[13.50049,46.17864]},"properties":{"osm_type":"way","osm_id":36686260,"name":"San Zenone","religion":"christian","denomination":"catholic","start_date":"1425","end_date":null,"start_year":1425,"end_year":null}},{"type":"Feature","geometry":{"type":"Point","coordinates":[9.73587,45.9674]},"properties":{"osm_type":"way","osm_id":764627840,"name":"Chiesa di San Lorenzo","religion":"christian","denomination":"catholic","start_date":"1432","end_date":null,"start_year":1432,"end_year":null}},{"type":"Feature","geometry":{"type":"Point","coordinates":[11.93219,45.57604]},"properties":{"osm_type":"way","osm_id":366545818,"name":"Santuario del Noce","religion":"christian","denomination":"catholic","start_date":"1432","end_date":null,"start_year":1432,"end_year":null}},{"type":"Feature","geometry":{"type":"Point","coordinates":[15.24293,38.22263]},"properties":{"osm_type":"way","osm_id":139107363,"name":"Chiesa di San Giacomo","religion":"christian","denomination":"catholic","start_date":"1434","end_date":null,"start_year":1434,"end_year":null}},{"type":"Feature","geometry":{"type":"Point","coordinates":[15.5532,38.19593]},"properties":{"osm_type":"way","osm_id":164424293,"name":"Chiesa di Sant'Eustochia Smeralda","religion":"christian","denomination":"catholic","start_date":"1434","end_date":null,"start_year":1434,"end_year":null}},{"type":"Feature","geometry":{"type":"Point","coordinates":[8.8649,45.75765]},"properties":{"osm_type":"way","osm_id":163595003,"name":"Collegiata dei Santi Stefano e Lorenzo","religion":"christian","denomination":"catholic","start_date":"1435","end_date":null,"start_year":1435,"end_year":null}},{"type":"Feature","geometry":{"type":"Point","coordinates":[14.25446,37.06566]},"properties":{"osm_type":"way","osm_id":172266075,"name":"Chiesa di Sant'Agostino","religion":"christian","denomination":"roman_catholic","start_date":"1439","end_date":null,"start_year":1439,"end_year":null}},{"type":"Feature","geometry":{"type":"Point","coordinates":[8.86523,45.75579]},"properties":{"osm_type":"way","osm_id":163594509,"name":"Chiesa di Villa","religion":"christian","denomination":"catholic","start_date":"1444","end_date":null,"start_year":1444,"end_year":null}},{"type":"Feature","geometry":{"type":"Point","coordinates":[8.85598,45.31508]},"properties":{"osm_type":"way","osm_id":202139362,"name":"Chiesa di San Cristoforo in San Pietro Martire","religion":"christian","denomination":"catholic","start_date":"1445","end_date":null,"start_year":1445,"end_year":null}},{"type":"Feature","geometry":{"type":"Point","coordinates":[9.18602,45.47046]},"properties":{"osm_type":"way","osm_id":43705671,"name":"Chiesa di Santa Maria del Carmine","religion":"christian","denomination":"catholic","start_date":"1446","end_date":null,"start_year":1446,"end_year":null}},{"type":"Feature","geometry":{"type":"Point","coordinates":[13.47172,46.12165]},"properties":{"osm_type":"way","osm_id":36686127,"name":"Chiesa di San Bartolomeo","religion":"christian","denomination":"catholic","start_date":"1450","end_date":null,"start_year":1450,"end_year":null}},{"type":"Feature","geometry":{"type":"Point","coordinates":[13.47451,46.16422]},"properties":{"osm_type":"way","osm_id":36686224,"name":"San Donato martire","religion":"christian","denomination":"catholic","start_date":"1450","end_date":null,"start_year":1450,"end_year":null}},{"type":"Feature","geometry":{"type":"Point","coordinates":[13.48957,46.18185]},"properties":{"osm_type":"way","osm_id":36686219,"name":"San Leonardo abate","religion":"christian","denomination":"catholic","start_date":"1450","end_date":null,"start_year":1450,"end_year":null}},{"type":"Feature","geometry":{"type":"Point","coordinates":[13.48534,46.19922]},"properties":{"osm_type":"way","osm_id":36687057,"name":"San Lorenzo martire","religion":"christian","denomination":"catholic","start_date":"1450","end_date":null,"start_year":1450,"end_year":null}},{"type":"Feature","geometry":{"type":"Point","coordinates":[12.14196,46.13864]},"properties":{"osm_type":"way","osm_id":256110071,"name":"San Michele Arcangelo","religion":"christian","denomination":"catholic","start_date":"1450","end_date":null,"start_year":1450,"end_year":null}},{"type":"Feature","geometry":{"type":"Point","coordinates":[13.49286,46.14623]},"properties":{"osm_type":"way","osm_id":36686114,"name":"Santa Dorotea","religion":"christian","denomination":"catholic","start_date":"1450","end_date":null,"start_year":1450,"end_year":null}},{"type":"Feature","geometry":{"type":"Point","coordinates":[12.82849,42.37936]},"properties":{"osm_type":"way","osm_id":115835827,"name":"Santi Francesco e Bernardino di Siena","religion":"christian","denomination":"catholic","start_date":"1450","end_date":null,"start_year":1450,"end_year":null}},{"type":"Feature","geometry":{"type":"Point","coordinates":[13.4619,46.14712]},"properties":{"osm_type":"way","osm_id":36686111,"name":"Santo Spirito","religion":"christian","denomination":"catholic","start_date":"1450","end_date":null,"start_year":1450,"end_year":null}},{"type":"Feature","geometry":{"type":"Point","coordinates":[6.788,45.04441]},"properties":{"osm_type":"way","osm_id":367963940,"name":"San Gregorio","religion":"christian","denomination":"catholic","start_date":"1451","end_date":null,"start_year":1451,"end_year":null}},{"type":"Feature","geometry":{"type":"Point","coordinates":[11.26551,45.5786]},"properties":{"osm_type":"way","osm_id":264661651,"name":"Chiesa di San Daniele","religion":"christian","denomination":"catholic","start_date":"1453","end_date":null,"start_year":1453,"end_year":null}},{"type":"Feature","geometry":{"type":"Point","coordinates":[10.53132,45.60675]},"properties":{"osm_type":"way","osm_id":68996255,"name":"Duomo Santa Maria Annunziata","religion":"christian","denomination":"roman_catholic","start_date":"1453","end_date":null,"start_year":1453,"end_year":null}},{"type":"Feature","geometry":{"type":"Point","coordinates":[9.30352,46.04326]},"properties":{"osm_type":"way","osm_id":673578547,"name":"Chiesa di Santa Marta","religion":"christian","denomination":"catholic","start_date":"1455","end_date":null,"start_year":1455,"end_year":null}},{"type":"Feature","geometry":{"type":"Point","coordinates":[9.34204,46.08122]},"properties":{"osm_type":"way","osm_id":468733752,"name":"Sant' Antonio Abate","religion":"christian","denomination":"catholic","start_date":"1455","end_date":null,"start_year":1455,"end_year":null}},{"type":"Feature","geometry":{"type":"Point","coordinates":[12.4955,46.05068]},"properties":{"osm_type":"way","osm_id":36687091,"name":"Chiesa di Sant'Antonio Abate","religion":"christian","denomination":"catholic","start_date":"1458","end_date":null,"start_year":1458,"end_year":null}},{"type":"Feature","geometry":{"type":"Point","coordinates":[13.45691,43.30081]},"properties":{"osm_type":"way","osm_id":43945530,"name":"Duomo San Giuliano","religion":"christian","denomination":"roman_catholic","start_date":"1459","end_date":null,"start_year":1459,"end_year":null}},{"type":"Feature","geometry":{"type":"Point","coordinates":[7.49346,44.84175]},"properties":{"osm_type":"way","osm_id":255296580,"name":"Pievania di Santa Caterina","religion":"christian","denomination":"catholic","start_date":"1459","end_date":null,"start_year":1459,"end_year":null}},{"type":"Feature","geometry":{"type":"Point","coordinates":[9.15312,45.18718]},"properties":{"osm_type":"way","osm_id":292443621,"name":"Chiesa di Santa Maria del Carmine","religion":"christian","denomination":"catholic","start_date":"1461","end_date":null,"start_year":1461,"end_year":null}},{"type":"Feature","geometry":{"type":"Point","coordinates":[8.20527,44.89937]},"properties":{"osm_type":"way","osm_id":127582555,"name":"Collegiata di San Secondo","religion":"christian","denomination":"catholic","start_date":"1462","end_date":null,"start_year":1462,"end_year":null}},{"type":"Feature","geometry":{"type":"Point","coordinates":[7.1097,45.1402]},"properties":{"osm_type":"way","osm_id":340200212,"name":"Madonna delle Grazie","religion":"christian","denomination":"catholic","start_date":"1462","end_date":null,"start_year":1462,"end_year":null}},{"type":"Feature","geometry":{"type":"Point","coordinates":[14.66569,41.61273]},"properties":{"osm_type":"way","osm_id":239848690,"name":"Chiesa di Santa Maria Vergine Assunta","religion":"christian","denomination":"roman_catholic","start_date":"1463","end_date":null,"start_year":1463,"end_year":null}},{"type":"Feature","geometry":{"type":"Point","coordinates":[9.28494,45.59167]},"properties":{"osm_type":"way","osm_id":204485048,"name":"Santuario di Santa Maria delle Grazie","religion":"christian","denomination":"catholic","start_date":"1463","end_date":null,"start_year":1463,"end_year":null}},{"type":"Feature","geometry":{"type":"Point","coordinates":[6.98244,45.20519]},"properties":{"osm_type":"way","osm_id":320539892,"name":"San Giorgio Martire","religion":"christian","denomination":"catholic","start_date":"1464","end_date":null,"start_year":1464,"end_year":null}},{"type":"Feature","geometry":{"type":"Point","coordinates":[15.2807,38.14236]},"properties":{"osm_type":"way","osm_id":364519745,"name":"Chiesa di Santa Maria dell'arco","religion":"christian","denomination":"catholic","start_date":"1466","end_date":null,"start_year":1466,"end_year":null}},{"type":"Feature","geometry":{"type":"Point","coordinates":[10.25064,45.54304]},"properties":{"osm_type":"way","osm_id":148131143,"name":"Chiesa di San Gottardo","religion":"christian","denomination":"catholic","start_date":"1469","end_date":null,"start_year":1469,"end_year":null}},{"type":"Feature","geometry":{"type":"Point","coordinates":[10.26857,45.78889]},"properties":{"osm_type":"way","osm_id":198001547,"name":"Chiesa di San Rocco","religion":"christian","denomination":"catholic","start_date":"1469","end_date":null,"start_year":1469,"end_year":null}},{"type":"Feature","geometry":{"type":"Point","coordinates":[10.34713,46.20614]},"properties":{"osm_type":"way","osm_id":266026505,"name":"Chiesa di San Brizio","religion":"christian","denomination":"catholic","start_date":"1470","end_date":null,"start_year":1470,"end_year":null}},{"type":"Feature","geometry":{"type":"Point","coordinates":[10.15648,45.59874]},"properties":{"osm_type":"way","osm_id":192929973,"name":"Pieve di Santa Maria Assunta","religion":"christian","denomination":"catholic","start_date":"1470","end_date":null,"start_year":1470,"end_year":null}},{"type":"Feature","geometry":{"type":"Point","coordinates":[10.22624,45.53767]},"properties":{"osm_type":"way","osm_id":197023894,"name":"Chiesa di San Clemente","religion":"christian","denomination":"catholic","start_date":"1471","end_date":null,"start_year":1471,"end_year":null}},{"type":"Feature","geometry":{"type":"Point","coordinates":[11.00011,45.44535]},"properties":{"osm_type":"way","osm_id":1193522172,"name":"Chiesa di Sant'Anastasia","religion":"christian","denomination":"roman_catholic","start_date":"1471","end_date":null,"start_year":1471,"end_year":null}},{"type":"Feature","geometry":{"type":"Point","coordinates":[8.48642,44.31338]},"properties":{"osm_type":"way","osm_id":507508177,"name":"Chiesa San Giacomo (rudere)","religion":"christian","denomination":"catholic","start_date":"1472","end_date":null,"start_year":1472,"end_year":null}},{"type":"Feature","geometry":{"type":"Point","coordinates":[10.22792,45.54071]},"properties":{"osm_type":"way","osm_id":1365296220,"name":"Chiesa del Santissimo Corpo di Cristo","religion":"christian","denomination":"catholic","start_date":"1473","end_date":null,"start_year":1473,"end_year":null}},{"type":"Feature","geometry":{"type":"Point","coordinates":[13.47296,46.15114]},"properties":{"osm_type":"way","osm_id":36686233,"name":"San Giovanni d'Antro","religion":"christian","denomination":"catholic","start_date":"1477","end_date":null,"start_year":1477,"end_year":null}},{"type":"Feature","geometry":{"type":"Point","coordinates":[15.899,40.33767]},"properties":{"osm_type":"way","osm_id":1038856548,"name":"Chiesa di Sant'Antonio","religion":"christian","denomination":null,"start_date":"1478","end_date":null,"start_year":1478,"end_year":null}},{"type":"Feature","geometry":{"type":"Point","coordinates":[7.77927,44.77037]},"properties":{"osm_type":"way","osm_id":322457546,"name":"Chiesa di Sant'Anna","religion":"christian","denomination":"roman_catholic","start_date":"1479","end_date":null,"start_year":1479,"end_year":null}},{"type":"Feature","geometry":{"type":"Point","coordinates":[11.24833,43.76745]},"properties":{"osm_type":"way","osm_id":24881563,"name":"Basilica di Santa Maria del Santo Spirito","religion":"christian","denomination":"catholic","start_date":"1481","end_date":null,"start_year":1481,"end_year":null}},{"type":"Feature","geometry":{"type":"Point","coordinates":[10.29758,45.6067]},"properties":{"osm_type":"way","osm_id":202193292,"name":"Chiesa di Sant'Antonio Abate di Seradello","religion":"christian","denomination":"catholic","start_date":"1481","end_date":null,"start_year":1481,"end_year":null}},{"type":"Feature","geometry":{"type":"Point","coordinates":[8.97842,45.40863]},"properties":{"osm_type":"way","osm_id":460033363,"name":"Oratorio della Beata Vergine Maria","religion":"christian","denomination":"catholic","start_date":"9/1482","end_date":null,"start_year":1482,"end_year":null}},{"type":"Feature","geometry":{"type":"Point","coordinates":[8.48252,44.30788]},"properties":{"osm_type":"way","osm_id":203048549,"name":"Cappella Sistina","religion":"christian","denomination":"catholic","start_date":"1483","end_date":null,"start_year":1483,"end_year":null}},{"type":"Feature","geometry":{"type":"Point","coordinates":[13.59036,45.78838]},"properties":{"osm_type":"way","osm_id":36684794,"name":"San Giovanni in Tuba / Cerkev Svetega Ivana","religion":"christian","denomination":null,"start_date":"1483","end_date":null,"start_year":1483,"end_year":null}},{"type":"Feature","geometry":{"type":"Point","coordinates":[8.06618,44.83627]},"properties":{"osm_type":"way","osm_id":672821168,"name":"Santi Cosma e Damiano","religion":"christian","denomination":"catholic","start_date":"1484","end_date":null,"start_year":1484,"end_year":null}},{"type":"Feature","geometry":{"type":"Point","coordinates":[9.20373,45.46525]},"properties":{"osm_type":"way","osm_id":164070432,"name":"Chiesa di Santa Maria della Passione","religion":"christian","denomination":"catholic","start_date":"1486","end_date":null,"start_year":1486,"end_year":null}},{"type":"Feature","geometry":{"type":"Point","coordinates":[12.64604,43.19803]},"properties":{"osm_type":"way","osm_id":703352779,"name":"Santuario della Madonna dell'Olmo","religion":"christian","denomination":"roman_catholic","start_date":"1486","end_date":null,"start_year":1486,"end_year":null}},{"type":"Feature","geometry":{"type":"Point","coordinates":[8.86377,45.71786]},"properties":{"osm_type":"way","osm_id":173586999,"name":"Chiesa di Santa Maria Rotonda","religion":"christian","denomination":"roman_catholic","start_date":"1488","end_date":null,"start_year":1488,"end_year":null}},{"type":"Feature","geometry":{"type":"Point","coordinates":[8.42375,45.32838]},"properties":{"osm_type":"way","osm_id":110330707,"name":"Chiesa di San Bernardino","religion":"christian","denomination":"catholic","start_date":"1489","end_date":null,"start_year":1489,"end_year":null}},{"type":"Feature","geometry":{"type":"Point","coordinates":[8.92873,45.59511]},"properties":{"osm_type":"way","osm_id":310677887,"name":"Chiesa di Sant'Erasmo","religion":"christian","denomination":"catholic","start_date":"1490","end_date":null,"start_year":1490,"end_year":null}},{"type":"Feature","geometry":{"type":"Point","coordinates":[9.21628,45.8169]},"properties":{"osm_type":"way","osm_id":200357568,"name":"Chiesa di Santa Maria Maddalena","religion":"christian","denomination":"catholic","start_date":"1490","end_date":null,"start_year":1490,"end_year":null}},{"type":"Feature","geometry":{"type":"Point","coordinates":[12.1554,46.74277]},"properties":{"osm_type":"way","osm_id":121289732,"name":"St. Magdalena im Moos Kirche - Chiesa di Santa Maddalena di Moos","religion":"christian","denomination":"roman_catholic","start_date":"1491","end_date":null,"start_year":1491,"end_year":null}},{"type":"Feature","geometry":{"type":"Point","coordinates":[13.70335,42.65864]},"properties":{"osm_type":"way","osm_id":241473411,"name":"Basilica Cattedrale di Santa Maria Assunta e San Berardo","religion":"christian","denomination":"catholic","start_date":"1493","end_date":null,"start_year":1493,"end_year":null}},{"type":"Feature","geometry":{"type":"Point","coordinates":[12.32041,45.44498]},"properties":{"osm_type":"way","osm_id":138843137,"name":"Chiesa di San Giobbe","religion":"christian","denomination":"catholic","start_date":"1493","end_date":null,"start_year":1493,"end_year":null}},{"type":"Feature","geometry":{"type":"Point","coordinates":[8.30891,44.18509]},"properties":{"osm_type":"way","osm_id":202484476,"name":"San Sebastiano","religion":"christian","denomination":"catholic","start_date":"1493","end_date":null,"start_year":1493,"end_year":null}},{"type":"Feature","geometry":{"type":"Point","coordinates":[9.72629,45.34254]},"properties":{"osm_type":"way","osm_id":76487076,"name":"Chiesa di San Pietro in Vincoli","religion":"christian","denomination":"catholic","start_date":"1494","end_date":null,"start_year":1494,"end_year":null}},{"type":"Feature","geometry":{"type":"Point","coordinates":[12.32523,45.43697]},"properties":{"osm_type":"way","osm_id":138843642,"name":"Chiesa di San Rocco","religion":"christian","denomination":"catholic","start_date":"1494","end_date":null,"start_year":1494,"end_year":null}},{"type":"Feature","geometry":{"type":"Point","coordinates":[10.91407,43.93289]},"properties":{"osm_type":"way","osm_id":394930378,"name":"Basilica della Madonna dell'Umiltà","religion":"christian","denomination":null,"start_date":"1495","end_date":null,"start_year":1495,"end_year":null}},{"type":"Feature","geometry":{"type":"Point","coordinates":[13.49462,46.14084]},"properties":{"osm_type":"way","osm_id":36686113,"name":"Chiesa di San Nicolò vescovo","religion":"christian","denomination":"catholic","start_date":"1498","end_date":null,"start_year":1498,"end_year":null}},{"type":"Feature","geometry":{"type":"Point","coordinates":[14.00088,37.81237]},"properties":{"osm_type":"way","osm_id":1117094729,"name":"Chiesa di Santa Maria delle Grazie","religion":"christian","denomination":null,"start_date":"1499","end_date":null,"start_year":1499,"end_year":null}},{"type":"Feature","geometry":{"type":"Point","coordinates":[9.02545,45.37834]},"properties":{"osm_type":"way","osm_id":457935017,"name":"Chiesa parrocchiale dei Santi Eugenio e Maria","religion":"christian","denomination":"roman_catholic","start_date":"1499","end_date":null,"start_year":1499,"end_year":null}},{"type":"Feature","geometry":{"type":"Point","coordinates":[14.09204,37.80813]},"properties":{"osm_type":"way","osm_id":1117173877,"name":"Chiesa del Monte di Pietà","religion":"christian","denomination":"catholic","start_date":"1500","end_date":null,"start_year":1500,"end_year":null}},{"type":"Feature","geometry":{"type":"Point","coordinates":[14.09512,37.80753]},"properties":{"osm_type":"way","osm_id":1117166641,"name":"Chiesa di Maria Santissima del Carmine","religion":"christian","denomination":"catholic","start_date":"1500","end_date":null,"start_year":1500,"end_year":null}},{"type":"Feature","geometry":{"type":"Point","coordinates":[13.43136,37.72184]},"properties":{"osm_type":"way","osm_id":1051598752,"name":"Chiesa di San Leonardo e dell'Ospedale","religion":"christian","denomination":null,"start_date":"1500","end_date":null,"start_year":1500,"end_year":null}},{"type":"Feature","geometry":{"type":"Point","coordinates":[13.60991,41.65015]},"properties":{"osm_type":"way","osm_id":171895882,"name":"Chiesa Madonna delle Grazie","religion":"christian","denomination":"catholic","start_date":"1500-1600","end_date":null,"start_year":1500,"end_year":null}},{"type":"Feature","geometry":{"type":"Point","coordinates":[16.56036,40.29172]},"properties":{"osm_type":"way","osm_id":1026404149,"name":"Chiesa Santa Maria dell'Episcopio","religion":"christian","denomination":null,"start_date":"1500","end_date":null,"start_year":1500,"end_year":null}},{"type":"Feature","geometry":{"type":"Point","coordinates":[14.20566,37.79528]},"properties":{"osm_type":"way","osm_id":190631114,"name":"Santa Maria di Gesù","religion":"christian","denomination":"catholic","start_date":"1500","end_date":null,"start_year":1500,"end_year":null}},{"type":"Feature","geometry":{"type":"Point","coordinates":[7.4932,44.64486]},"properties":{"osm_type":"way","osm_id":274874951,"name":"Cattedrale di Santa Maria Assunta","religion":"christian","denomination":"catholic","start_date":"1501","end_date":null,"start_year":1501,"end_year":null}},{"type":"Feature","geometry":{"type":"Point","coordinates":[10.45786,45.60525]},"properties":{"osm_type":"way","osm_id":1021667571,"name":"Chiesetta della Madonna di Valverde","religion":"christian","denomination":"catholic","start_date":"1502","end_date":null,"start_year":1502,"end_year":null}},{"type":"Feature","geometry":{"type":"Point","coordinates":[11.99269,45.22001]},"properties":{"osm_type":"way","osm_id":351742300,"name":"Duomo di San Michele Arcangelo","religion":"christian","denomination":"catholic","start_date":"29/09/1502","end_date":null,"start_year":1502,"end_year":null}},{"type":"Feature","geometry":{"type":"Point","coordinates":[11.33739,43.31808]},"properties":{"osm_type":"way","osm_id":47003836,"name":"Chiesa di Santo Spirito","religion":"christian","denomination":"catholic","start_date":"1504","end_date":null,"start_year":1504,"end_year":null}},{"type":"Feature","geometry":{"type":"Point","coordinates":[7.68541,45.07332]},"properties":{"osm_type":"way","osm_id":110679251,"name":"Cattedrale di San Giovanni Battista","religion":"christian","denomination":"catholic","start_date":"1505","end_date":null,"start_year":1505,"end_year":null}},{"type":"Feature","geometry":{"type":"Point","coordinates":[9.67236,45.3325]},"properties":{"osm_type":"way","osm_id":992553007,"name":"Chiesa","religion":"christian","denomination":"roman_catholic","start_date":"1505","end_date":null,"start_year":1505,"end_year":null}},{"type":"Feature","geometry":{"type":"Point","coordinates":[12.347,45.43436]},"properties":{"osm_type":"way","osm_id":138801077,"name":"Chiesa di San Giovanni in Bragora","religion":"christian","denomination":"catholic","start_date":"1505","end_date":null,"start_year":1505,"end_year":null}},{"type":"Feature","geometry":{"type":"Point","coordinates":[12.48371,41.89597]},"properties":{"osm_type":"way","osm_id":140031975,"name":"Santa Maria di Loreto","religion":"christian","denomination":"roman_catholic","start_date":"1507","end_date":null,"start_year":1507,"end_year":null}},{"type":"Feature","geometry":{"type":"Point","coordinates":[11.33149,43.32305]},"properties":{"osm_type":"way","osm_id":1193136273,"name":"Oratorio di San Rocco","religion":"christian","denomination":"roman_catholic","start_date":"1511","end_date":null,"start_year":1511,"end_year":null}},{"type":"Feature","geometry":{"type":"Point","coordinates":[9.42931,45.81116]},"properties":{"osm_type":"way","osm_id":174392317,"name":"Santuario di San Girolamo Emiliani","religion":"christian","denomination":"catholic","start_date":"1511","end_date":null,"start_year":1511,"end_year":null}},{"type":"Feature","geometry":{"type":"Point","coordinates":[13.80637,45.7187]},"properties":{"osm_type":"way","osm_id":36684690,"name":"Chiesa della Beata Vergine Assunta / Cerkev Blažene Device Marije Vnebovzete","religion":"christian","denomination":"catholic","start_date":"1512","end_date":null,"start_year":1512,"end_year":null}},{"type":"Feature","geometry":{"type":"Point","coordinates":[11.73223,45.41534]},"properties":{"osm_type":"way","osm_id":373761098,"name":"Santa Maria del Carmine","religion":"christian","denomination":"roman_catholic","start_date":"1512","end_date":null,"start_year":1512,"end_year":null}},{"type":"Feature","geometry":{"type":"Point","coordinates":[8.34293,46.26812]},"properties":{"osm_type":"way","osm_id":602183978,"name":"Cappella della Brenza","religion":"christian","denomination":"roman_catholic","start_date":"1515","end_date":null,"start_year":1515,"end_year":null}},{"type":"Feature","geometry":{"type":"Point","coordinates":[8.34839,46.26769]},"properties":{"osm_type":"way","osm_id":1192309732,"name":"Cappella della Motta","religion":"christian","denomination":"roman_catholic","start_date":"1515","end_date":null,"start_year":1515,"end_year":null}},{"type":"Feature","geometry":{"type":"Point","coordinates":[12.59427,37.65697]},"properties":{"osm_type":"way","osm_id":36191262,"name":"Madonna del Paradiso","religion":"christian","denomination":"catholic","start_date":"1515","end_date":null,"start_year":1515,"end_year":null}},{"type":"Feature","geometry":{"type":"Point","coordinates":[8.25687,45.8186]},"properties":{"osm_type":"node","osm_id":2315600175,"name":"Cappella V - L'arrivo dei Magi","religion":"christian","denomination":"catholic","start_date":"1516","end_date":null,"start_year":1516,"end_year":null}},{"type":"Feature","geometry":{"type":"Point","coordinates":[9.26949,45.82088]},"properties":{"osm_type":"way","osm_id":308789307,"name":"Chiesa di San Cristoforo","religion":"christian","denomination":"roman_catholic","start_date":"1517","end_date":null,"start_year":1517,"end_year":null}},{"type":"Feature","geometry":{"type":"Point","coordinates":[9.76464,45.29396]},"properties":{"osm_type":"way","osm_id":159400041,"name":"Chiesa Parrocchiale Santi Filippo e Giacomo","religion":"christian","denomination":"catholic","start_date":"1517","end_date":null,"start_year":1517,"end_year":null}},{"type":"Feature","geometry":{"type":"Point","coordinates":[13.23335,46.06558]},"properties":{"osm_type":"way","osm_id":36686399,"name":"Chiesa di San Cristoforo","religion":"christian","denomination":null,"start_date":"1518","end_date":null,"start_year":1518,"end_year":null}},{"type":"Feature","geometry":{"type":"Point","coordinates":[10.22043,45.54068]},"properties":{"osm_type":"way","osm_id":197021678,"name":"Chiesa Convento di San Giuseppe","religion":"christian","denomination":"catholic","start_date":"1519","end_date":null,"start_year":1519,"end_year":null}},{"type":"Feature","geometry":{"type":"Point","coordinates":[12.23228,46.7301]},"properties":{"osm_type":"way","osm_id":217214809,"name":"Lerschachkapelle - Capella di Lerschach","religion":"christian","denomination":"roman_catholic","start_date":"1519","end_date":null,"start_year":1519,"end_year":null}},{"type":"Feature","geometry":{"type":"Point","coordinates":[13.36954,38.11918]},"properties":{"osm_type":"way","osm_id":49772132,"name":"Chiesa di Santa Maria della Catena","religion":"christian","denomination":"catholic","start_date":"1520","end_date":null,"start_year":1520,"end_year":null}},{"type":"Feature","geometry":{"type":"Point","coordinates":[13.48072,46.14887]},"properties":{"osm_type":"way","osm_id":36686112,"name":"San Giacomo Apostolo","religion":"christian","denomination":"catholic","start_date":"1520","end_date":null,"start_year":1520,"end_year":null}},{"type":"Feature","geometry":{"type":"Point","coordinates":[10.72064,45.89682]},"properties":{"osm_type":"way","osm_id":84697530,"name":"chiesa dei Santi Stefano e Lorenzo sul Colle","religion":"christian","denomination":"catholic","start_date":"1521-01-01","end_date":null,"start_year":1521,"end_year":null}},{"type":"Feature","geometry":{"type":"Point","coordinates":[14.09398,37.80787]},"properties":{"osm_type":"way","osm_id":1078854520,"name":"Chiesa della Santissima Trinità","religion":"christian","denomination":"catholic","start_date":"1521","end_date":null,"start_year":1521,"end_year":null}},{"type":"Feature","geometry":{"type":"Point","coordinates":[9.59126,45.52223]},"properties":{"osm_type":"way","osm_id":452435271,"name":"Cappella sul luogo del Miracolo","religion":"christian","denomination":"roman_catholic","start_date":"1522","end_date":null,"start_year":1522,"end_year":null}},{"type":"Feature","geometry":{"type":"Point","coordinates":[7.4899,44.33176]},"properties":{"osm_type":"way","osm_id":345468592,"name":"Cappella di San Rocco","religion":"christian","denomination":"catholic","start_date":"1523","end_date":null,"start_year":1523,"end_year":null}},{"type":"Feature","geometry":{"type":"Point","coordinates":[12.47205,41.89972]},"properties":{"osm_type":"way","osm_id":52334111,"name":"Chiesa di Santa Maria dell'Anima","religion":"christian","denomination":"catholic","start_date":"1523","end_date":null,"start_year":1523,"end_year":null}},{"type":"Feature","geometry":{"type":"Point","coordinates":[12.58549,42.60947]},"properties":{"osm_type":"way","osm_id":1192709423,"name":"Chiesa di Santa Maria Assunta","religion":"christian","denomination":"catholic","start_date":"1525","end_date":null,"start_year":1525,"end_year":null}},{"type":"Feature","geometry":{"type":"Point","coordinates":[8.55354,45.93282]},"properties":{"osm_type":"way","osm_id":129796144,"name":"Chiesa di Madonna di Campagna","religion":"christian","denomination":"catholic","start_date":"1527","end_date":null,"start_year":1527,"end_year":null}},{"type":"Feature","geometry":{"type":"Point","coordinates":[16.42083,41.2761]},"properties":{"osm_type":"way","osm_id":407828410,"name":"Chiesa di San Rocco","religion":"christian","denomination":null,"start_date":"1528","end_date":null,"start_year":1528,"end_year":null}},{"type":"Feature","geometry":{"type":"Point","coordinates":[11.12353,46.44712]},"properties":{"osm_type":"way","osm_id":518334957,"name":"Natività di Maria","religion":"christian","denomination":null,"start_date":"1528","end_date":null,"start_year":1528,"end_year":null}},{"type":"Feature","geometry":{"type":"Point","coordinates":[10.2069,45.94695]},"properties":{"osm_type":"way","osm_id":232871683,"name":"Oratorio di Sant'Antonio","religion":"christian","denomination":"catholic","start_date":"1528","end_date":null,"start_year":1528,"end_year":null}},{"type":"Feature","geometry":{"type":"Point","coordinates":[10.15528,46.21795]},"properties":{"osm_type":"way","osm_id":131521507,"name":"Santuario Madonna di Tirano","religion":"christian","denomination":"catholic","start_date":"1528","end_date":null,"start_year":1528,"end_year":null}},{"type":"Feature","geometry":{"type":"Point","coordinates":[8.91915,45.5949]},"properties":{"osm_type":"way","osm_id":258517079,"name":"Basilica di San Magno","religion":"christian","denomination":"catholic","start_date":"1529","end_date":null,"start_year":1529,"end_year":null}},{"type":"Feature","geometry":{"type":"Point","coordinates":[10.78821,45.1509]},"properties":{"osm_type":"way","osm_id":93117625,"name":"Chiesa di San Sebastiano","religion":"christian","denomination":"catholic","start_date":"1529","end_date":null,"start_year":1529,"end_year":null}},{"type":"Feature","geometry":{"type":"Point","coordinates":[8.94021,45.68386]},"properties":{"osm_type":"way","osm_id":109584760,"name":"Chiesa di Santa Maria Assunta","religion":"christian","denomination":"catholic","start_date":"1529","end_date":null,"start_year":1529,"end_year":null}},{"type":"Feature","geometry":{"type":"Point","coordinates":[14.22021,40.82476]},"properties":{"osm_type":"way","osm_id":270118908,"name":"Chiesa di Santa Maria del Parto a Mergellina","religion":"christian","denomination":"catholic","start_date":"1529","end_date":null,"start_year":1529,"end_year":null}},{"type":"Feature","geometry":{"type":"Point","coordinates":[7.55617,44.32187]},"properties":{"osm_type":"node","osm_id":1769888534,"name":"Cappella di San Francesco","religion":"christian","denomination":"catholic","start_date":"before 1531","end_date":null,"start_year":1530,"end_year":null}},{"type":"Feature","geometry":{"type":"Point","coordinates":[9.44473,45.17392]},"properties":{"osm_type":"way","osm_id":804856249,"name":"Santuario di Santa Maria del Monte Aureto","religion":"christian","denomination":null,"start_date":"1530","end_date":null,"start_year":1530,"end_year":null}},{"type":"Feature","geometry":{"type":"Point","coordinates":[12.33335,45.4418]},"properties":{"osm_type":"way","osm_id":138801433,"name":"Chiesa di San Felice","religion":"christian","denomination":"catholic","start_date":"1531","end_date":null,"start_year":1531,"end_year":null}},{"type":"Feature","geometry":{"type":"Point","coordinates":[13.35119,43.43527]},"properties":{"osm_type":"way","osm_id":790961375,"name":"Chiesa di San Francesco","religion":"christian","denomination":"roman_catholic","start_date":"1531","end_date":null,"start_year":1531,"end_year":null}},{"type":"Feature","geometry":{"type":"Point","coordinates":[9.68687,45.36389]},"properties":{"osm_type":"way","osm_id":37594502,"name":"Chiesa di San Bernardino degli Osservanti","religion":"christian","denomination":"catholic","start_date":"1534","end_date":null,"start_year":1534,"end_year":null}},{"type":"Feature","geometry":{"type":"Point","coordinates":[12.33656,45.43669]},"properties":{"osm_type":"way","osm_id":138800353,"name":"Chiesa di San Salvador","religion":"christian","denomination":"catholic","start_date":"1534","end_date":null,"start_year":1534,"end_year":null}},{"type":"Feature","geometry":{"type":"Point","coordinates":[12.33506,45.44104]},"properties":{"osm_type":"way","osm_id":138801086,"name":"Chiesa di Santa Sofia","religion":"christian","denomination":"catholic","start_date":"1534","end_date":null,"start_year":1534,"end_year":null}},{"type":"Feature","geometry":{"type":"Point","coordinates":[10.39368,45.55946]},"properties":{"osm_type":"way","osm_id":197942781,"name":"Santuario della Beata Vergine di Paitone","religion":"christian","denomination":"catholic","start_date":"1534","end_date":null,"start_year":1534,"end_year":null}},{"type":"Feature","geometry":{"type":"Point","coordinates":[14.82873,37.78524]},"properties":{"osm_type":"way","osm_id":141323758,"name":"Santuario di Maria Santissima Annunziata","religion":"christian","denomination":"roman_catholic","start_date":"1535","end_date":null,"start_year":1535,"end_year":null}},{"type":"Feature","geometry":{"type":"Point","coordinates":[11.33827,43.31511]},"properties":{"osm_type":"way","osm_id":47191910,"name":"Basilica di San Clemente in Santa Maria dei Servi","religion":"christian","denomination":"catholic","start_date":"1537","end_date":null,"start_year":1537,"end_year":null}},{"type":"Feature","geometry":{"type":"Point","coordinates":[15.24356,38.2298]},"properties":{"osm_type":"way","osm_id":268946522,"name":"Chiesa della Madonna del Rosario","religion":"christian","denomination":"catholic","start_date":"1538","end_date":null,"start_year":1538,"end_year":null}},{"type":"Feature","geometry":{"type":"Point","coordinates":[10.57104,45.54789]},"properties":{"osm_type":"way","osm_id":133758252,"name":"Chiesa di San Giorgio","religion":"christian","denomination":"catholic","start_date":"1538","end_date":null,"start_year":1538,"end_year":null}},{"type":"Feature","geometry":{"type":"Point","coordinates":[14.19538,40.84787]},"properties":{"osm_type":"way","osm_id":259064546,"name":"Chiesa dei Santi Apostoli Pietro e Paolo","religion":"christian","denomination":"catholic","start_date":"1540","end_date":null,"start_year":1540,"end_year":null}},{"type":"Feature","geometry":{"type":"Point","coordinates":[14.25015,40.84063]},"properties":{"osm_type":"way","osm_id":248486206,"name":"Chiesa di San Giacomo degli Spagnoli","religion":"christian","denomination":"catholic","start_date":"1540","end_date":null,"start_year":1540,"end_year":null}},{"type":"Feature","geometry":{"type":"Point","coordinates":[9.64501,45.50077]},"properties":{"osm_type":"way","osm_id":263218185,"name":"Chiesa di Santa Liberata","religion":"christian","denomination":"catholic","start_date":"1540","end_date":null,"start_year":1540,"end_year":null}},{"type":"Feature","geometry":{"type":"Point","coordinates":[8.82737,45.81854]},"properties":{"osm_type":"way","osm_id":60349162,"name":"Basilica di San Vittore","religion":"christian","denomination":"catholic","start_date":"1542","end_date":null,"start_year":1542,"end_year":null}},{"type":"Feature","geometry":{"type":"Point","coordinates":[6.97762,45.13368]},"properties":{"osm_type":"way","osm_id":293897563,"name":"Cappella Santa Croce","religion":"christian","denomination":"catholic","start_date":"1542","end_date":null,"start_year":1542,"end_year":null}},{"type":"Feature","geometry":{"type":"Point","coordinates":[12.35742,45.4306]},"properties":{"osm_type":"way","osm_id":138803936,"name":"Chiesa di San Giuseppe di Castello","religion":"christian","denomination":"catholic","start_date":"1543","end_date":null,"start_year":1543,"end_year":null}},{"type":"Feature","geometry":{"type":"Point","coordinates":[8.25654,45.81931]},"properties":{"osm_type":"node","osm_id":2315600172,"name":"Cappella III - La Visitazione","religion":"christian","denomination":"catholic","start_date":"1544","end_date":null,"start_year":1544,"end_year":null}},{"type":"Feature","geometry":{"type":"Point","coordinates":[12.47646,41.89313]},"properties":{"osm_type":"way","osm_id":125374926,"name":"Santa Maria del Pianto ai Catinari","religion":"christian","denomination":"catholic","start_date":"1546","end_date":null,"start_year":1546,"end_year":null}},{"type":"Feature","geometry":{"type":"Point","coordinates":[15.12625,38.10465]},"properties":{"osm_type":"way","osm_id":194903293,"name":"Chiesa della Madonna del Carmine","religion":"christian","denomination":"catholic","start_date":"1547","end_date":null,"start_year":1547,"end_year":null}},{"type":"Feature","geometry":{"type":"Point","coordinates":[9.04794,45.23585]},"properties":{"osm_type":"way","osm_id":552695540,"name":"Cappella di Sant′Eustachio","religion":"christian","denomination":"roman_catholic","start_date":"1549","end_date":null,"start_year":1549,"end_year":null}},{"type":"Feature","geometry":{"type":"Point","coordinates":[15.49405,38.2506]},"properties":{"osm_type":"way","osm_id":255518855,"name":"Chiesa di Santa Maria delle Grazie","religion":"christian","denomination":"catholic","start_date":"1550","end_date":null,"start_year":1550,"end_year":null}},{"type":"Feature","geometry":{"type":"Point","coordinates":[15.95458,39.96535]},"properties":{"osm_type":"node","osm_id":10125727541,"name":"Cappellina I - Il Santo Sepolcro","religion":null,"denomination":"catholic","start_date":"1556","end_date":null,"start_year":1556,"end_year":null}},{"type":"Feature","geometry":{"type":"Point","coordinates":[13.60417,37.67987]},"properties":{"osm_type":"way","osm_id":441844311,"name":"Chiesa di San Francesco d'Assisi","religion":"christian","denomination":"catholic","start_date":"1556","end_date":null,"start_year":1556,"end_year":null}},{"type":"Feature","geometry":{"type":"Point","coordinates":[14.24475,40.83953]},"properties":{"osm_type":"way","osm_id":292550756,"name":"Chiesa di Santa Maria della Concordia","religion":"christian","denomination":"catholic","start_date":"1556","end_date":null,"start_year":1556,"end_year":null}},{"type":"Feature","geometry":{"type":"Point","coordinates":[9.06125,45.55926]},"properties":{"osm_type":"way","osm_id":411156057,"name":"Chiesa parrocchiale di San Bernardino da Siena","religion":"christian","denomination":"roman_catholic","start_date":"before 1558","end_date":null,"start_year":1557,"end_year":null}},{"type":"Feature","geometry":{"type":"Point","coordinates":[16.31292,39.78695]},"properties":{"osm_type":"way","osm_id":1385720327,"name":"Chiesa dei Cappuccini","religion":"christian","denomination":"catholic","start_date":"1560","end_date":null,"start_year":1560,"end_year":null}},{"type":"Feature","geometry":{"type":"Point","coordinates":[9.35408,46.17055]},"properties":{"osm_type":"way","osm_id":295119857,"name":"Chiesa della Santa Maria delle Grazie","religion":"christian","denomination":"roman_catholic","start_date":"1560","end_date":null,"start_year":1560,"end_year":null}},{"type":"Feature","geometry":{"type":"Point","coordinates":[8.98112,45.59183]},"properties":{"osm_type":"way","osm_id":1049587264,"name":"Chiesa di San Castriziano alla Regusella","religion":"christian","denomination":"roman_catholic","start_date":"1560","end_date":null,"start_year":1560,"end_year":null}},{"type":"Feature","geometry":{"type":"Point","coordinates":[16.48698,41.1137]},"properties":{"osm_type":"way","osm_id":409167466,"name":"Chiesa di San Domenico","religion":"christian","denomination":"catholic","start_date":"1560","end_date":null,"start_year":1560,"end_year":null}},{"type":"Feature","geometry":{"type":"Point","coordinates":[12.47856,41.89403]},"properties":{"osm_type":"way","osm_id":99368279,"name":"Santa Caterina dei Funari","religion":"christian","denomination":"catholic","start_date":"1564","end_date":null,"start_year":1564,"end_year":null}},{"type":"Feature","geometry":{"type":"Point","coordinates":[15.2458,38.23305]},"properties":{"osm_type":"way","osm_id":138226241,"name":"Chiesa di San Giuseppe","religion":"christian","denomination":"catholic","start_date":"1565","end_date":null,"start_year":1565,"end_year":null}},{"type":"Feature","geometry":{"type":"Point","coordinates":[15.2111,40.9544]},"properties":{"osm_type":"way","osm_id":1052987237,"name":"Chiesa di Santa Maria delle Grazi","religion":"christian","denomination":null,"start_date":"1565","end_date":null,"start_year":1565,"end_year":null}},{"type":"Feature","geometry":{"type":"Point","coordinates":[14.88308,38.11447]},"properties":{"osm_type":"way","osm_id":395313048,"name":"Chiesa di San Nicolò","religion":"christian","denomination":"catholic","start_date":"1566","end_date":null,"start_year":1566,"end_year":null}},{"type":"Feature","geometry":{"type":"Point","coordinates":[10.4654,45.62126]},"properties":{"osm_type":"way","osm_id":189666861,"name":"Santuario della Madonna della Neve","religion":"christian","denomination":"catholic","start_date":"~1566","end_date":null,"start_year":1566,"end_year":null}},{"type":"Feature","geometry":{"type":"Point","coordinates":[9.1884,45.53734]},"properties":{"osm_type":"way","osm_id":124113864,"name":"Chiesa parrocchiale dei Santi Nazario e Celso","religion":"christian","denomination":"roman_catholic","start_date":"1567","end_date":null,"start_year":1567,"end_year":null}},{"type":"Feature","geometry":{"type":"Point","coordinates":[12.47981,41.89592]},"properties":{"osm_type":"way","osm_id":25610962,"name":"Chiesa del Gesù","religion":"christian","denomination":"catholic","start_date":"1568","end_date":null,"start_year":1568,"end_year":null}},{"type":"Feature","geometry":{"type":"Point","coordinates":[9.42928,45.86921]},"properties":{"osm_type":"way","osm_id":167015928,"name":"Chiesa della Beata Vergine Assunta","religion":"christian","denomination":"roman_catholic","start_date":"before 1569","end_date":null,"start_year":1568,"end_year":null}},{"type":"Feature","geometry":{"type":"Point","coordinates":[12.68273,45.73307]},"properties":{"osm_type":"way","osm_id":193710131,"name":"Chiesetta del Rosario","religion":"christian","denomination":"roman_catholic","start_date":"1568","end_date":null,"start_year":1568,"end_year":null}},{"type":"Feature","geometry":{"type":"Point","coordinates":[9.40641,45.86795]},"properties":{"osm_type":"way","osm_id":308634986,"name":"Chiesa della Beata Vergine del Rosario","religion":"christian","denomination":"catholic","start_date":"1569","end_date":null,"start_year":1569,"end_year":null}},{"type":"Feature","geometry":{"type":"Point","coordinates":[10.79955,45.16024]},"properties":{"osm_type":"way","osm_id":38553141,"name":"Basilica Palatina Santa Barbara","religion":"christian","denomination":"catholic","start_date":"1572","end_date":null,"start_year":1572,"end_year":null}},{"type":"Feature","geometry":{"type":"Point","coordinates":[8.86495,44.89765]},"properties":{"osm_type":"way","osm_id":268548938,"name":"Cattedrale di Santa Maria Assunta","religion":"christian","denomination":"catholic","start_date":"1574","end_date":null,"start_year":1574,"end_year":null}},{"type":"Feature","geometry":{"type":"Point","coordinates":[15.24173,38.22037]},"properties":{"osm_type":"way","osm_id":270871878,"name":"Chiesa del Carmine","religion":"christian","denomination":"catholic","start_date":"1574","end_date":null,"start_year":1574,"end_year":null}},{"type":"Feature","geometry":{"type":"Point","coordinates":[13.24229,46.06792]},"properties":{"osm_type":"way","osm_id":98045496,"name":"Chiesa di San Valentino","religion":"christian","denomination":"catholic","start_date":"1574","end_date":null,"start_year":1574,"end_year":null}},{"type":"Feature","geometry":{"type":"Point","coordinates":[9.6306,45.48125]},"properties":{"osm_type":"way","osm_id":464501295,"name":"Basilica della Madonna del Fonte di Caravaggio","religion":"christian","denomination":"roman_catholic","start_date":"1575","end_date":null,"start_year":1575,"end_year":null}},{"type":"Feature","geometry":{"type":"Point","coordinates":[15.24099,38.22729]},"properties":{"osm_type":"way","osm_id":138753912,"name":"Chiesa di San Rocco","religion":"christian","denomination":"catholic","start_date":"1575","end_date":null,"start_year":1575,"end_year":null}},{"type":"Feature","geometry":{"type":"Point","coordinates":[10.32341,43.49787]},"properties":{"osm_type":"way","osm_id":86572792,"name":"Chiesa di Santa Lucia","religion":"christian","denomination":"catholic","start_date":"1575","end_date":null,"start_year":1575,"end_year":null}},{"type":"Feature","geometry":{"type":"Point","coordinates":[14.80002,37.27506]},"properties":{"osm_type":"way","osm_id":228724119,"name":"Chiesa di Santa Maria degli Angeli","religion":"christian","denomination":"roman_catholic","start_date":"1575","end_date":null,"start_year":1575,"end_year":null}},{"type":"Feature","geometry":{"type":"Point","coordinates":[12.07498,42.31333]},"properties":{"osm_type":"way","osm_id":383076276,"name":"Sant'Antonio da Padova","religion":"christian","denomination":"roman_catholic","start_date":"1575","end_date":null,"start_year":1575,"end_year":null}},{"type":"Feature","geometry":{"type":"Point","coordinates":[9.40024,45.84564]},"properties":{"osm_type":"way","osm_id":279340587,"name":"Chiesa dei Santi Materno e Lucia","religion":"christian","denomination":"catholic","start_date":"1576","end_date":null,"start_year":1576,"end_year":null}},{"type":"Feature","geometry":{"type":"Point","coordinates":[12.303,46.29098]},"properties":{"osm_type":"way","osm_id":106452621,"name":"Chiesa di San Gottado","religion":"christian","denomination":"catholic","start_date":"1576","end_date":null,"start_year":1576,"end_year":null}},{"type":"Feature","geometry":{"type":"Point","coordinates":[9.18534,45.46753]},"properties":{"osm_type":"way","osm_id":204613676,"name":"Chiesa di San Tomaso","religion":"christian","denomination":"catholic","start_date":"1576","end_date":null,"start_year":1576,"end_year":null}},{"type":"Feature","geometry":{"type":"Point","coordinates":[10.49347,45.39238]},"properties":{"osm_type":"way","osm_id":310668895,"name":"Basilica di San Sebastiano","religion":"christian","denomination":null,"start_date":"1577","end_date":null,"start_year":1577,"end_year":null}},{"type":"Feature","geometry":{"type":"Point","coordinates":[10.55631,45.6306]},"properties":{"osm_type":"way","osm_id":685459666,"name":"Chiesetta di San Martino","religion":"christian","denomination":"roman_catholic","start_date":"1578","end_date":null,"start_year":1578,"end_year":null}},{"type":"Feature","geometry":{"type":"Point","coordinates":[9.19055,45.58846]},"properties":{"osm_type":"way","osm_id":946531455,"name":"Chiesa di Santa Maria Assunta","religion":"christian","denomination":"roman_catholic","start_date":"1579","end_date":null,"start_year":1579,"end_year":null}},{"type":"Feature","geometry":{"type":"Point","coordinates":[8.69685,45.62598]},"properties":{"osm_type":"way","osm_id":289181236,"name":"Chiesa parrocchiale di San Giulio","religion":"christian","denomination":"roman_catholic","start_date":"1579","end_date":null,"start_year":1579,"end_year":null}},{"type":"Feature","geometry":{"type":"Point","coordinates":[8.25619,45.81881]},"properties":{"osm_type":"way","osm_id":222561019,"name":"Cappella XVIII - La Resurrezione di Lazzaro","religion":"christian","denomination":"catholic","start_date":"1580","end_date":null,"start_year":1580,"end_year":null}},{"type":"Feature","geometry":{"type":"Point","coordinates":[8.899,45.57885]},"properties":{"osm_type":"way","osm_id":310670929,"name":"Chiesa di San Bernardino","religion":"christian","denomination":"catholic","start_date":"1580","end_date":null,"start_year":1580,"end_year":null}},{"type":"Feature","geometry":{"type":"Point","coordinates":[14.83214,37.78473]},"properties":{"osm_type":"way","osm_id":228846660,"name":"Chiesa di San Giovanni","religion":"christian","denomination":"roman_catholic","start_date":"1580","end_date":null,"start_year":1580,"end_year":null}},{"type":"Feature","geometry":{"type":"Point","coordinates":[12.49059,41.89473]},"properties":{"osm_type":"way","osm_id":157407146,"name":"Chiesa di Santa Maria ai Monti","religion":"christian","denomination":"catholic","start_date":"1580","end_date":null,"start_year":1580,"end_year":null}},{"type":"Feature","geometry":{"type":"Point","coordinates":[11.92943,43.70739]},"properties":{"osm_type":"node","osm_id":6003270799,"name":"Cappella Loddi","religion":"christian","denomination":"roman_catholic","start_date":"1581","end_date":null,"start_year":1581,"end_year":null}},{"type":"Feature","geometry":{"type":"Point","coordinates":[15.35158,38.1583]},"properties":{"osm_type":"way","osm_id":218076602,"name":"Duomo di San Pietro Apostolo","religion":"christian","denomination":"catholic","start_date":"1581","end_date":null,"start_year":1581,"end_year":null}},{"type":"Feature","geometry":{"type":"Point","coordinates":[14.25659,40.85472]},"properties":{"osm_type":"way","osm_id":271302533,"name":"Chiesa del Gesù delle Monache","religion":null,"denomination":"catholic","start_date":"1582","end_date":null,"start_year":1582,"end_year":null}},{"type":"Feature","geometry":{"type":"Point","coordinates":[9.19155,45.46539]},"properties":{"osm_type":"way","osm_id":207099939,"name":"Chiesa di San Raffaele","religion":"christian","denomination":"roman_catholic","start_date":"1582","end_date":null,"start_year":1582,"end_year":null}},{"type":"Feature","geometry":{"type":"Point","coordinates":[9.30614,45.19532]},"properties":{"osm_type":"way","osm_id":258657203,"name":"Santuario Madonna della Colombina","religion":"christian","denomination":"roman_catholic","start_date":"1582","end_date":null,"start_year":1582,"end_year":null}},{"type":"Feature","geometry":{"type":"Point","coordinates":[9.68875,45.36198]},"properties":{"osm_type":"way","osm_id":200186338,"name":"Chiesa di San Giovanni Battista","religion":"christian","denomination":"catholic","start_date":"1583","end_date":null,"start_year":1583,"end_year":null}},{"type":"Feature","geometry":{"type":"Point","coordinates":[12.59499,42.92056]},"properties":{"osm_type":"way","osm_id":228535846,"name":"Santuario della Madonna delle Grazie","religion":"christian","denomination":"roman_catholic","start_date":"1583","end_date":null,"start_year":1583,"end_year":null}},{"type":"Feature","geometry":{"type":"Point","coordinates":[10.47274,45.29763]},"properties":{"osm_type":"way","osm_id":272052593,"name":"Chiesa dei Disciplini","religion":"christian","denomination":"catholic","start_date":"1587","end_date":null,"start_year":1587,"end_year":null}},{"type":"Feature","geometry":{"type":"Point","coordinates":[14.24665,40.84079]},"properties":{"osm_type":"way","osm_id":292555235,"name":"Chiesa dei Santi Francesco e Matteo","religion":"christian","denomination":"catholic","start_date":"1587","end_date":null,"start_year":1587,"end_year":null}},{"type":"Feature","geometry":{"type":"Point","coordinates":[11.88201,45.40839]},"properties":{"osm_type":"way","osm_id":131987668,"name":"Chiesa di San Gaetano","religion":"christian","denomination":"catholic","start_date":"1588","end_date":null,"start_year":1588,"end_year":null}},{"type":"Feature","geometry":{"type":"Point","coordinates":[12.49397,41.8945]},"properties":{"osm_type":"way","osm_id":44449059,"name":"Chiesa dei Santi Gioacchino e Anna ai Monti","religion":"christian","denomination":"catholic","start_date":"1589/1778","end_date":null,"start_year":1589,"end_year":null}},{"type":"Feature","geometry":{"type":"Point","coordinates":[9.08968,45.55203]},"properties":{"osm_type":"way","osm_id":414653486,"name":"Chiesa dell'Annunciazione della Beata Vergine e San Luigi Gonzaga","religion":"christian","denomination":"roman_catholic","start_date":"1589","end_date":null,"start_year":1589,"end_year":null}},{"type":"Feature","geometry":{"type":"Point","coordinates":[9.48762,46.13573]},"properties":{"osm_type":"way","osm_id":754604099,"name":"Chiesa di Sant'Abbondio","religion":"christian","denomination":"catholic","start_date":"1589","end_date":null,"start_year":1589,"end_year":null}},{"type":"Feature","geometry":{"type":"Point","coordinates":[8.27469,45.09502]},"properties":{"osm_type":"way","osm_id":1093780654,"name":"Cappella VI - Presentazione di Maria al Tempio","religion":"christian","denomination":"catholic","start_date":"1590","end_date":null,"start_year":1590,"end_year":null}},{"type":"Feature","geometry":{"type":"Point","coordinates":[14.95582,41.00959]},"properties":{"osm_type":"way","osm_id":1165348048,"name":"Chiesa dell'Immacolata Concezione","religion":"christian","denomination":"catholic","start_date":"1590","end_date":null,"start_year":1590,"end_year":null}},{"type":"Feature","geometry":{"type":"Point","coordinates":[8.2904,45.75025]},"properties":{"osm_type":"way","osm_id":289868237,"name":"Chiesa di Sant'Antonio Abate","religion":"christian","denomination":"roman_catholic","start_date":"1590","end_date":null,"start_year":1590,"end_year":null}},{"type":"Feature","geometry":{"type":"Point","coordinates":[10.47588,45.29774]},"properties":{"osm_type":"way","osm_id":273809494,"name":"Chiesa Prepositurale di Sant'Erasmo","religion":"christian","denomination":"catholic","start_date":"1590","end_date":null,"start_year":1590,"end_year":null}},{"type":"Feature","geometry":{"type":"Point","coordinates":[8.41038,45.79695]},"properties":{"osm_type":"way","osm_id":1098756241,"name":"Cappella XVIII - Sepolcro di San Francesco","religion":"christian","denomination":"catholic","start_date":"1591","end_date":null,"start_year":1591,"end_year":null}},{"type":"Feature","geometry":{"type":"Point","coordinates":[8.41026,45.79692]},"properties":{"osm_type":"way","osm_id":1098760268,"name":"Cappella XX - Canonizzazione di San Francesco","religion":"christian","denomination":"catholic","start_date":"1591","end_date":null,"start_year":1591,"end_year":null}},{"type":"Feature","geometry":{"type":"Point","coordinates":[8.40995,45.79787]},"properties":{"osm_type":"way","osm_id":768143812,"name":"Cappella I - La nascita di San Francesco","religion":"christian","denomination":"catholic","start_date":"1592","end_date":null,"start_year":1592,"end_year":null}},{"type":"Feature","geometry":{"type":"Point","coordinates":[8.41057,45.79757]},"properties":{"osm_type":"way","osm_id":425971645,"name":"Cappella XII - Cristo approva la regola francescana","religion":"christian","denomination":"catholic","start_date":"1592","end_date":null,"start_year":1592,"end_year":null}},{"type":"Feature","geometry":{"type":"Point","coordinates":[10.31188,46.12029]},"properties":{"osm_type":"way","osm_id":372193921,"name":"Chiesa di San Carlo","religion":"christian","denomination":"catholic","start_date":"1592","end_date":null,"start_year":1592,"end_year":null}},{"type":"Feature","geometry":{"type":"Point","coordinates":[8.82484,45.81557]},"properties":{"osm_type":"way","osm_id":847273248,"name":"Chiesa di Sant'Antonio","religion":"christian","denomination":"roman_catholic","start_date":"1593","end_date":null,"start_year":1593,"end_year":null}},{"type":"Feature","geometry":{"type":"Point","coordinates":[8.04757,45.75671]},"properties":{"osm_type":"way","osm_id":610923863,"name":"Oratorio di Prapolla","religion":"christian","denomination":"roman_catholic","start_date":"1594","end_date":null,"start_year":1594,"end_year":null}},{"type":"Feature","geometry":{"type":"Point","coordinates":[13.23195,46.06277]},"properties":{"osm_type":"way","osm_id":36686391,"name":"Chiesa della Presentazione di Maria al Tempio","religion":"christian","denomination":"catholic","start_date":"1595","end_date":null,"start_year":1595,"end_year":null}},{"type":"Feature","geometry":{"type":"Point","coordinates":[8.41008,45.79894]},"properties":{"osm_type":"way","osm_id":204058133,"name":"Cappella III - Rinuncia di san Francesco ai beni materiali","religion":"christian","denomination":"catholic","start_date":"1596","end_date":null,"start_year":1596,"end_year":null}},{"type":"Feature","geometry":{"type":"Point","coordinates":[13.23372,41.41251]},"properties":{"osm_type":"way","osm_id":751752437,"name":"Chiesa della Madonna della Pietà","religion":"christian","denomination":"catholic","start_date":"1596","end_date":null,"start_year":1596,"end_year":null}},{"type":"Feature","geometry":{"type":"Point","coordinates":[17.36027,40.83465]},"properties":{"osm_type":"way","osm_id":416952879,"name":"Chiesa di San Nicola","religion":"christian","denomination":null,"start_date":"1596","end_date":null,"start_year":1596,"end_year":null}},{"type":"Feature","geometry":{"type":"Point","coordinates":[11.33912,43.31655]},"properties":{"osm_type":"way","osm_id":47188200,"name":"Chiesa di San Raimondo","religion":"christian","denomination":"catholic","start_date":"1596","end_date":null,"start_year":1596,"end_year":null}},{"type":"Feature","geometry":{"type":"Point","coordinates":[14.88397,38.11247]},"properties":{"osm_type":"way","osm_id":1322834324,"name":"Chiesa di Santa Maria degli Angeli e Convento dei Frati Minori","religion":"christian","denomination":"roman_catholic","start_date":"1596","end_date":null,"start_year":1596,"end_year":null}},{"type":"Feature","geometry":{"type":"Point","coordinates":[16.5613,40.29292]},"properties":{"osm_type":"way","osm_id":1026404158,"name":"Cappella di Santa Maria d'Andria o del Buon Consiglio","religion":"christian","denomination":null,"start_date":"1597","end_date":null,"start_year":1597,"end_year":null}},{"type":"Feature","geometry":{"type":"Point","coordinates":[8.27554,45.0941]},"properties":{"osm_type":"way","osm_id":1093781854,"name":"Cappella IV - Concezione di Maria","religion":"christian","denomination":"catholic","start_date":"1598","end_date":null,"start_year":1598,"end_year":null}},{"type":"Feature","geometry":{"type":"Point","coordinates":[8.93332,44.40668]},"properties":{"osm_type":"way","osm_id":663873457,"name":"Chiesa del Gesù e dei Santi Ambrogio e Andrea","religion":"christian","denomination":"catholic","start_date":"1598","end_date":null,"start_year":1598,"end_year":null}},{"type":"Feature","geometry":{"type":"Point","coordinates":[8.35059,45.74039]},"properties":{"osm_type":"way","osm_id":272335673,"name":"Oratorio della Santa Croce","religion":"christian","denomination":"catholic","start_date":"1598","end_date":null,"start_year":1598,"end_year":null}},{"type":"Feature","geometry":{"type":"Point","coordinates":[10.22846,45.53311]},"properties":{"osm_type":"way","osm_id":197679621,"name":"Chiesa di San Gaetano","religion":"christian","denomination":"catholic","start_date":"1599","end_date":null,"start_year":1599,"end_year":null}},{"type":"Feature","geometry":{"type":"Point","coordinates":[7.98376,45.62342]},"properties":{"osm_type":"way","osm_id":220484495,"name":"Cappella I - Immacolata Concezione di Maria","religion":"christian","denomination":"catholic","start_date":"1600","end_date":null,"start_year":1600,"end_year":null}},{"type":"Feature","geometry":{"type":"Point","coordinates":[8.28016,45.09349]},"properties":{"osm_type":"way","osm_id":1094090211,"name":"Cappella II - Il riposo di Sant'Eusebio","religion":"christian","denomination":"catholic","start_date":"1600","end_date":null,"start_year":1600,"end_year":null}},{"type":"Feature","geometry":{"type":"Point","coordinates":[13.02351,41.69142]},"properties":{"osm_type":"way","osm_id":244423950,"name":"Chiesa del Gesù","religion":"christian","denomination":"catholic","start_date":"1600..1700","end_date":null,"start_year":1600,"end_year":null}},{"type":"Feature","geometry":{"type":"Point","coordinates":[14.20409,37.79804]},"properties":{"osm_type":"way","osm_id":187680581,"name":"Chiesa del Santissimo Salvatore","religion":"christian","denomination":"roman_catholic","start_date":"1600","end_date":null,"start_year":1600,"end_year":null}},{"type":"Feature","geometry":{"type":"Point","coordinates":[15.42548,38.21341]},"properties":{"osm_type":"way","osm_id":408862876,"name":"Chiesa della Madonna del Sabato","religion":"christian","denomination":"catholic","start_date":"1600","end_date":null,"start_year":1600,"end_year":null}},{"type":"Feature","geometry":{"type":"Point","coordinates":[10.88114,46.33261]},"properties":{"osm_type":"way","osm_id":154654872,"name":"Chiesa della Madonna di Loreto","religion":"christian","denomination":"roman_catholic","start_date":"1600","end_date":null,"start_year":1600,"end_year":null}},{"type":"Feature","geometry":{"type":"Point","coordinates":[15.5498,38.18589]},"properties":{"osm_type":"way","osm_id":164009163,"name":"Chiesa di San Paolino agli Orticoltori","religion":"christian","denomination":"catholic","start_date":"1600","end_date":null,"start_year":1600,"end_year":null}},{"type":"Feature","geometry":{"type":"Point","coordinates":[12.80692,43.68956]},"properties":{"osm_type":"node","osm_id":1754282034,"name":"Chiesa San Carlo","religion":"christian","denomination":"catholic","start_date":"~1600","end_date":null,"start_year":1600,"end_year":null}},{"type":"Feature","geometry":{"type":"Point","coordinates":[14.10721,37.79782]},"properties":{"osm_type":"way","osm_id":1078284206,"name":"Chiesa Santissimo Salvatore","religion":"christian","denomination":null,"start_date":"1600","end_date":null,"start_year":1600,"end_year":null}},{"type":"Feature","geometry":{"type":"Point","coordinates":[13.91895,40.70972]},"properties":{"osm_type":"way","osm_id":302939637,"name":"San Rocco","religion":"christian","denomination":"roman_catholic","start_date":"1600","end_date":null,"start_year":1600,"end_year":null}},{"type":"Feature","geometry":{"type":"Point","coordinates":[14.24131,40.85126]},"properties":{"osm_type":"way","osm_id":210821321,"name":"Basilica di Santa Maria della Pazienza","religion":"christian","denomination":"roman_catholic","start_date":"1601","end_date":null,"start_year":1601,"end_year":null}},{"type":"Feature","geometry":{"type":"Point","coordinates":[7.07194,45.14391]},"properties":{"osm_type":"way","osm_id":82651195,"name":"Madonna dell'Ecova","religion":"christian","denomination":"catholic","start_date":"1601","end_date":null,"start_year":1601,"end_year":null}},{"type":"Feature","geometry":{"type":"Point","coordinates":[7.68279,45.07281]},"properties":{"osm_type":"way","osm_id":191228009,"name":"Basilica del Corpus Domini","religion":"christian","denomination":"catholic","start_date":"1603","end_date":null,"start_year":1603,"end_year":null}},{"type":"Feature","geometry":{"type":"Point","coordinates":[9.40376,46.14795]},"properties":{"osm_type":"way","osm_id":211032951,"name":"Chiesa di Santa Barbara","religion":"christian","denomination":"roman_catholic","start_date":"1603-12-04","end_date":null,"start_year":1603,"end_year":null}},{"type":"Feature","geometry":{"type":"Point","coordinates":[10.31008,43.55004]},"properties":{"osm_type":"way","osm_id":1070318719,"name":"Chiesa di Santa Giulia","religion":"christian","denomination":"catholic","start_date":"1603","end_date":null,"start_year":1603,"end_year":null}},{"type":"Feature","geometry":{"type":"Point","coordinates":[11.54471,45.54808]},"properties":{"osm_type":"way","osm_id":329933822,"name":"ex Chiesa dei Santi Filippo e Giacomo","religion":"christian","denomination":"catholic","start_date":"1603","end_date":null,"start_year":1603,"end_year":null}},{"type":"Feature","geometry":{"type":"Point","coordinates":[8.48224,44.3075]},"properties":{"osm_type":"way","osm_id":203048552,"name":"Basilica cattedrale di Santa Maria Assunta","religion":"christian","denomination":"catholic","start_date":"1605","end_date":null,"start_year":1605,"end_year":null}},{"type":"Feature","geometry":{"type":"Point","coordinates":[8.79647,45.85112]},"properties":{"osm_type":"way","osm_id":77738660,"name":"Cappella I - L' Annunciazione","religion":null,"denomination":"catholic","start_date":"1605","end_date":null,"start_year":1605,"end_year":null}},{"type":"Feature","geometry":{"type":"Point","coordinates":[8.79684,45.85217]},"properties":{"osm_type":"way","osm_id":77738657,"name":"Cappella II - La Visitazione","religion":null,"denomination":"catholic","start_date":"1605","end_date":null,"start_year":1605,"end_year":null}},{"type":"Feature","geometry":{"type":"Point","coordinates":[8.2726,45.09507]},"properties":{"osm_type":"way","osm_id":1094260678,"name":"Cappella XV - Incoronazione di spine","religion":"christian","denomination":"catholic","start_date":"1605","end_date":null,"start_year":1605,"end_year":null}},{"type":"Feature","geometry":{"type":"Point","coordinates":[8.27365,45.09466]},"properties":{"osm_type":"way","osm_id":1094261973,"name":"Cappella XVII - Le Nozze di Cana","religion":"christian","denomination":"catholic","start_date":"1605","end_date":null,"start_year":1605,"end_year":null}},{"type":"Feature","geometry":{"type":"Point","coordinates":[10.0987,44.07853]},"properties":{"osm_type":"way","osm_id":269192941,"name":"Chiesa del Carmine","religion":"christian","denomination":"roman_catholic","start_date":"1605","end_date":null,"start_year":1605,"end_year":null}},{"type":"Feature","geometry":{"type":"Point","coordinates":[13.51149,43.62267]},"properties":{"osm_type":"way","osm_id":441979351,"name":"Chiesa del Gesù","religion":"christian","denomination":"roman_catholic","start_date":"1605..1743","end_date":null,"start_year":1605,"end_year":null}},{"type":"Feature","geometry":{"type":"Point","coordinates":[7.87559,45.46872]},"properties":{"osm_type":"way","osm_id":182193814,"name":"Chiesa di San Nicola da Tolentino","religion":"christian","denomination":"catholic","start_date":"1605","end_date":null,"start_year":1605,"end_year":null}},{"type":"Feature","geometry":{"type":"Point","coordinates":[9.00931,44.99281]},"properties":{"osm_type":"way","osm_id":1065971152,"name":"Collegiata di San Lorenzo (Duomo)","religion":"christian","denomination":"catholic","start_date":"1605","end_date":null,"start_year":1605,"end_year":null}},{"type":"Feature","geometry":{"type":"Point","coordinates":[8.47618,44.31095]},"properties":{"osm_type":"way","osm_id":203048557,"name":"Santa Maria Ausiliatrice","religion":"christian","denomination":"catholic","start_date":"1605","end_date":null,"start_year":1605,"end_year":null}},{"type":"Feature","geometry":{"type":"Point","coordinates":[8.40998,45.79838]},"properties":{"osm_type":"way","osm_id":204058126,"name":"Cappella II - Il Crocifisso parla a san Francesco nella chiesa di San Damiano","religion":"christian","denomination":"catholic","start_date":"1606","end_date":null,"start_year":1606,"end_year":null}},{"type":"Feature","geometry":{"type":"Point","coordinates":[8.79609,45.85304]},"properties":{"osm_type":"way","osm_id":77738651,"name":"Cappella VI - L' Orazione nell' Orto degli Ulivi","religion":null,"denomination":"catholic","start_date":"1606","end_date":null,"start_year":1606,"end_year":null}},{"type":"Feature","geometry":{"type":"Point","coordinates":[8.79479,45.8532]},"properties":{"osm_type":"way","osm_id":77738656,"name":"Cappella VII - La Flagellazione","religion":null,"denomination":"catholic","start_date":"1606","end_date":null,"start_year":1606,"end_year":null}},{"type":"Feature","geometry":{"type":"Point","coordinates":[8.85928,45.31695]},"properties":{"osm_type":"way","osm_id":453737197,"name":"Cattedrale di Sant'Ambrogio","religion":"christian","denomination":"catholic","start_date":"1606","end_date":null,"start_year":1606,"end_year":null}},{"type":"Feature","geometry":{"type":"Point","coordinates":[9.03049,45.5723]},"properties":{"osm_type":"way","osm_id":1027688675,"name":"Chiesa della Beata Vergine delle Grazie","religion":"christian","denomination":"roman_catholic","start_date":"1606","end_date":null,"start_year":1606,"end_year":null}},{"type":"Feature","geometry":{"type":"Point","coordinates":[10.31058,43.55181]},"properties":{"osm_type":"way","osm_id":1266847933,"name":"Chiesa della Santissima Annunziata","religion":"christian","denomination":"orthodox","start_date":"1606","end_date":null,"start_year":1606,"end_year":null}},{"type":"Feature","geometry":{"type":"Point","coordinates":[7.67805,45.074]},"properties":{"osm_type":"way","osm_id":318940271,"name":"Chiesa di San Dalmazzo","religion":"christian","denomination":"catholic","start_date":"1606","end_date":null,"start_year":1606,"end_year":null}},{"type":"Feature","geometry":{"type":"Point","coordinates":[13.73358,45.7017]},"properties":{"osm_type":"way","osm_id":36684683,"name":"Chiesa di San Gerolamo / Cerkev Svetega Hieronima","religion":"christian","denomination":"catholic","start_date":"1606","end_date":null,"start_year":1606,"end_year":null}},{"type":"Feature","geometry":{"type":"Point","coordinates":[8.79758,45.85377]},"properties":{"osm_type":"way","osm_id":77738652,"name":"Cappella V - La disputa di Gesù con i Dottori","religion":null,"denomination":"catholic","start_date":"1607","end_date":null,"start_year":1607,"end_year":null}},{"type":"Feature","geometry":{"type":"Point","coordinates":[8.41011,45.79737]},"properties":{"osm_type":"way","osm_id":204058129,"name":"Cappella XI - San Francesco ottiene da Gesù il privilegio dell'indulgenza della Porziuncola","religion":"christian","denomination":"catholic","start_date":"1607","end_date":null,"start_year":1607,"end_year":null}},{"type":"Feature","geometry":{"type":"Point","coordinates":[10.31031,43.55214]},"properties":{"osm_type":"way","osm_id":294488831,"name":"Chiesa della Madonna","religion":"christian","denomination":"catholic","start_date":"1607","end_date":null,"start_year":1607,"end_year":null}},{"type":"Feature","geometry":{"type":"Point","coordinates":[8.3652,45.16359]},"properties":{"osm_type":"way","osm_id":1317248609,"name":"Chiesa della Santissima Trinità","religion":"christian","denomination":"roman_catholic","start_date":"before 1608","end_date":null,"start_year":1607,"end_year":null}},{"type":"Feature","geometry":{"type":"Point","coordinates":[15.06059,38.06132]},"properties":{"osm_type":"way","osm_id":283159999,"name":"Chiesa Madre San Francesco d'Assisi","religion":"christian","denomination":"catholic","start_date":"1607","end_date":null,"start_year":1607,"end_year":null}},{"type":"Feature","geometry":{"type":"Point","coordinates":[8.30977,46.22324]},"properties":{"osm_type":"way","osm_id":754313672,"name":"Chiesa parrocchiale di San Giacomo","religion":"christian","denomination":"roman_catholic","start_date":"1607","end_date":null,"start_year":1607,"end_year":null}},{"type":"Feature","geometry":{"type":"Point","coordinates":[7.68063,45.07172]},"properties":{"osm_type":"way","osm_id":196497367,"name":"Chiesa di San Francesco d'Assisi","religion":"christian","denomination":"catholic","start_date":"1608","end_date":null,"start_year":1608,"end_year":null}},{"type":"Feature","geometry":{"type":"Point","coordinates":[8.27295,45.09407]},"properties":{"osm_type":"way","osm_id":1093782821,"name":"Cappella III - Maria prefigurata e profetata","religion":"christian","denomination":"catholic","start_date":"1609","end_date":null,"start_year":1609,"end_year":null}},{"type":"Feature","geometry":{"type":"Point","coordinates":[8.4105,45.79907]},"properties":{"osm_type":"way","osm_id":204058131,"name":"Cappella IV - Ispirazione di San Francesco alla vita evangelica","religion":"christian","denomination":"catholic","start_date":"1609","end_date":null,"start_year":1609,"end_year":null}},{"type":"Feature","geometry":{"type":"Point","coordinates":[10.2178,45.53748]},"properties":{"osm_type":"way","osm_id":232805599,"name":"Chiesa di Santa Maria al Mercato del Lino","religion":"christian","denomination":"catholic","start_date":"1609","end_date":null,"start_year":1609,"end_year":null}},{"type":"Feature","geometry":{"type":"Point","coordinates":[9.2963,45.28192]},"properties":{"osm_type":"way","osm_id":261289635,"name":"Chiesa parrocchiale della Natività di Maria Vergine","religion":"christian","denomination":"roman_catholic","start_date":"1609","end_date":null,"start_year":1609,"end_year":null}},{"type":"Feature","geometry":{"type":"Point","coordinates":[8.34981,45.7466]},"properties":{"osm_type":"way","osm_id":459664109,"name":"Chiesa parrocchiale di San Michele Arcangelo","religion":"christian","denomination":"catholic","start_date":"1609","end_date":null,"start_year":1609,"end_year":null}},{"type":"Feature","geometry":{"type":"Point","coordinates":[9.68403,45.36035]},"properties":{"osm_type":"way","osm_id":42303480,"name":"Santa Maria delle Grazie","religion":"christian","denomination":"catholic","start_date":"1609","end_date":null,"start_year":1609,"end_year":null}},{"type":"Feature","geometry":{"type":"Point","coordinates":[8.79502,45.85813]},"properties":{"osm_type":"way","osm_id":59003773,"name":"Cappella XIV - L' Assunzione di Maria","religion":null,"denomination":"catholic","start_date":"1610","end_date":null,"start_year":1610,"end_year":null}},{"type":"Feature","geometry":{"type":"Point","coordinates":[14.06217,37.49176]},"properties":{"osm_type":"way","osm_id":325187134,"name":"Chiesa di Sant'Agata al Collegio","religion":"christian","denomination":"catholic","start_date":"1610","end_date":null,"start_year":1610,"end_year":null}},{"type":"Feature","geometry":{"type":"Point","coordinates":[8.94852,45.55893]},"properties":{"osm_type":"way","osm_id":111533887,"name":"Chiesa parrocchiale dei Santi Gervasio e Protasio","religion":"christian","denomination":"roman_catholic","start_date":"1610","end_date":null,"start_year":1610,"end_year":null}},{"type":"Feature","geometry":{"type":"Point","coordinates":[11.35345,45.63843]},"properties":{"osm_type":"way","osm_id":464259884,"name":"Chiesa di San Bartolomeo Apostolo","religion":"christian","denomination":"catholic","start_date":"1611","end_date":null,"start_year":1611,"end_year":null}},{"type":"Feature","geometry":{"type":"Point","coordinates":[8.25595,45.83525]},"properties":{"osm_type":"way","osm_id":221831379,"name":"Chiesa di San Pantaleone","religion":"christian","denomination":"roman_catholic","start_date":"1611","end_date":null,"start_year":1611,"end_year":null}},{"type":"Feature","geometry":{"type":"Point","coordinates":[8.38622,45.7579]},"properties":{"osm_type":"way","osm_id":231493806,"name":"Chiesa Parrocchiale dei Santi Pietro e Paolo","religion":"christian","denomination":"catholic","start_date":"1611","end_date":null,"start_year":1611,"end_year":null}},{"type":"Feature","geometry":{"type":"Point","coordinates":[9.71132,45.28255]},"properties":{"osm_type":"way","osm_id":468545984,"name":"Oratorio del Rosario","religion":"christian","denomination":"roman_catholic","start_date":"1611","end_date":null,"start_year":1611,"end_year":null}},{"type":"Feature","geometry":{"type":"Point","coordinates":[6.87281,45.04445]},"properties":{"osm_type":"way","osm_id":376126068,"name":"San Bartolomeo","religion":"christian","denomination":"catholic","start_date":"1611","end_date":null,"start_year":1611,"end_year":null}},{"type":"Feature","geometry":{"type":"Point","coordinates":[8.41091,45.79926]},"properties":{"osm_type":"way","osm_id":204058135,"name":"Cappella V - Vestizione dei primi seguaci di san Francesco","religion":"christian","denomination":"catholic","start_date":"1612","end_date":null,"start_year":1612,"end_year":null}},{"type":"Feature","geometry":{"type":"Point","coordinates":[9.03919,45.62832]},"properties":{"osm_type":"way","osm_id":314987553,"name":"Chiesa di San Giacomo","religion":"christian","denomination":"roman_catholic","start_date":"1612","end_date":null,"start_year":1612,"end_year":null}},{"type":"Feature","geometry":{"type":"Point","coordinates":[7.73622,45.0189]},"properties":{"osm_type":"way","osm_id":230475963,"name":"Chiesa Parrocchiale di San Martino","religion":"christian","denomination":"catholic","start_date":"1612","end_date":null,"start_year":1612,"end_year":null}},{"type":"Feature","geometry":{"type":"Point","coordinates":[11.30913,46.00924]},"properties":{"osm_type":"way","osm_id":268750436,"name":"Chiesetta della Madonna del Pèzo","religion":"christian","denomination":"catholic","start_date":"1612","end_date":null,"start_year":1612,"end_year":null}},{"type":"Feature","geometry":{"type":"Point","coordinates":[15.45511,38.07463]},"properties":{"osm_type":"way","osm_id":292742913,"name":"Chiesa di Santa Maria della Scala","religion":"christian","denomination":"catholic","start_date":"1613","end_date":null,"start_year":1613,"end_year":null}},{"type":"Feature","geometry":{"type":"Point","coordinates":[7.00862,45.13639]},"properties":{"osm_type":"way","osm_id":282868204,"name":"San Giovanni","religion":"christian","denomination":"catholic","start_date":"1613","end_date":null,"start_year":1613,"end_year":null}},{"type":"Feature","geometry":{"type":"Point","coordinates":[8.25608,45.8183]},"properties":{"osm_type":"way","osm_id":222561210,"name":"Basilica dell'Assunta","religion":"christian","denomination":"catholic","start_date":"1614","end_date":null,"start_year":1614,"end_year":null}},{"type":"Feature","geometry":{"type":"Point","coordinates":[8.25641,45.81931]},"properties":{"osm_type":"node","osm_id":2315600173,"name":"Cappella IV - Primo Sogno di Giuseppe","religion":"christian","denomination":"catholic","start_date":"1614","end_date":null,"start_year":1614,"end_year":null}},{"type":"Feature","geometry":{"type":"Point","coordinates":[8.41136,45.79897]},"properties":{"osm_type":"way","osm_id":204058132,"name":"Cappella VI - San Francesco invia i primi discepoli a predicare","religion":"christian","denomination":"catholic","start_date":"1614","end_date":null,"start_year":1614,"end_year":null}},{"type":"Feature","geometry":{"type":"Point","coordinates":[9.11102,45.94017]},"properties":{"osm_type":"way","osm_id":180134079,"name":"Chiesa di Sant'Anna","religion":"christian","denomination":"catholic","start_date":"1614","end_date":null,"start_year":1614,"end_year":null}},{"type":"Feature","geometry":{"type":"Point","coordinates":[10.45821,45.82692]},"properties":{"osm_type":"way","osm_id":202606878,"name":"Chiesetta della Madonna della Neve","religion":"christian","denomination":"catholic","start_date":"1614","end_date":null,"start_year":1614,"end_year":null}},{"type":"Feature","geometry":{"type":"Point","coordinates":[14.09287,37.80656]},"properties":{"osm_type":"way","osm_id":1079221336,"name":"Chiesa di Maria Santissima della Fontana","religion":"christian","denomination":"catholic","start_date":"1615","end_date":null,"start_year":1615,"end_year":null}},{"type":"Feature","geometry":{"type":"Point","coordinates":[10.3145,45.52364]},"properties":{"osm_type":"way","osm_id":460535506,"name":"Santuario della Madonna di Valverde","religion":"christian","denomination":"catholic","start_date":"1615","end_date":null,"start_year":1615,"end_year":null}},{"type":"Feature","geometry":{"type":"Point","coordinates":[15.24279,38.22884]},"properties":{"osm_type":"way","osm_id":147081860,"name":"Chiesa del Santissimo Salvatore","religion":"christian","denomination":"catholic","start_date":"1616","end_date":null,"start_year":1616,"end_year":null}},{"type":"Feature","geometry":{"type":"Point","coordinates":[9.27486,45.26498]},"properties":{"osm_type":"way","osm_id":1050249011,"name":"Chiesa di San Giovanni Battista","religion":"christian","denomination":"roman_catholic","start_date":"1617","end_date":null,"start_year":1617,"end_year":null}},{"type":"Feature","geometry":{"type":"Point","coordinates":[12.33379,45.43576]},"properties":{"osm_type":"way","osm_id":138800554,"name":"Chiesa di San Luca","religion":"christian","denomination":"catholic","start_date":"1617","end_date":null,"start_year":1617,"end_year":null}},{"type":"Feature","geometry":{"type":"Point","coordinates":[7.39466,44.53496]},"properties":{"osm_type":"way","osm_id":139021576,"name":"Madonna di Peralba","religion":"christian","denomination":"roman_catholic","start_date":"1617","end_date":null,"start_year":1617,"end_year":null}},{"type":"Feature","geometry":{"type":"Point","coordinates":[12.58762,37.6533]},"properties":{"osm_type":"way","osm_id":37972125,"name":"San Nicolò da Bari","religion":"christian","denomination":"catholic","start_date":"1617","end_date":null,"start_year":1617,"end_year":null}},{"type":"Feature","geometry":{"type":"Point","coordinates":[8.79822,45.85278]},"properties":{"osm_type":"way","osm_id":77738653,"name":"Cappella IV - La Presentazione di Gesù al Tempio","religion":null,"denomination":"catholic","start_date":"1618","end_date":null,"start_year":1618,"end_year":null}},{"type":"Feature","geometry":{"type":"Point","coordinates":[8.3588,45.26918]},"properties":{"osm_type":"way","osm_id":288648784,"name":"Chiesa dei Santi Fabiano e Sebastiano","religion":"christian","denomination":"catholic","start_date":"1618","end_date":null,"start_year":1618,"end_year":null}},{"type":"Feature","geometry":{"type":"Point","coordinates":[15.89507,38.67737]},"properties":{"osm_type":"way","osm_id":1156910762,"name":"Chiesa del Santo Rosario","religion":"christian","denomination":"catholic","start_date":"1618","end_date":null,"start_year":1618,"end_year":null}},{"type":"Feature","geometry":{"type":"Point","coordinates":[15.38183,38.19136]},"properties":{"osm_type":"way","osm_id":1331663576,"name":"Chiesa dell'Immacolata","religion":"christian","denomination":"catholic","start_date":"1618","end_date":null,"start_year":1618,"end_year":null}},{"type":"Feature","geometry":{"type":"Point","coordinates":[9.41994,46.32617]},"properties":{"osm_type":"way","osm_id":208398776,"name":"Chiesa parrocchiale della Beata Vergine Assunta","religion":"christian","denomination":"roman_catholic","start_date":"1618","end_date":null,"start_year":1618,"end_year":null}},{"type":"Feature","geometry":{"type":"Point","coordinates":[12.43218,43.10691]},"properties":{"osm_type":"way","osm_id":86087473,"name":"Santa Maria Assunta","religion":"christian","denomination":"catholic","start_date":"1618","end_date":null,"start_year":1618,"end_year":null}},{"type":"Feature","geometry":{"type":"Point","coordinates":[9.40637,46.32646]},"properties":{"osm_type":"way","osm_id":215602809,"name":"Santuario della Madonna di Loreto","religion":"christian","denomination":"roman_catholic","start_date":"1618","end_date":null,"start_year":1618,"end_year":null}},{"type":"Feature","geometry":{"type":"Point","coordinates":[8.41086,45.79885]},"properties":{"osm_type":"way","osm_id":425968938,"name":"Cappella VII - Papa Innocenzo III approva la regola francescana","religion":"christian","denomination":"catholic","start_date":"1619-23","end_date":null,"start_year":1619,"end_year":null}},{"type":"Feature","geometry":{"type":"Point","coordinates":[8.2551,45.81899]},"properties":{"osm_type":"way","osm_id":222632652,"name":"Cappella XXVIII - Cristo al Tribunale di Erode","religion":"christian","denomination":"catholic","start_date":"1619","end_date":null,"start_year":1619,"end_year":null}},{"type":"Feature","geometry":{"type":"Point","coordinates":[7.54694,45.41585]},"properties":{"osm_type":"way","osm_id":203514476,"name":"Chiesa della Confraternita dei Disciplinati della Santissima Croce e San Giovanni Battista","religion":"christian","denomination":"catholic","start_date":"1619","end_date":null,"start_year":1619,"end_year":null}},{"type":"Feature","geometry":{"type":"Point","coordinates":[7.68182,45.06698]},"properties":{"osm_type":"way","osm_id":179479932,"name":"Chiesa di San Carlo Borromeo","religion":"christian","denomination":"catholic","start_date":"1619","end_date":null,"start_year":1619,"end_year":null}},{"type":"Feature","geometry":{"type":"Point","coordinates":[9.07824,45.59746]},"properties":{"osm_type":"way","osm_id":407283604,"name":"Santuario della Madonna delle Grazie","religion":"christian","denomination":"roman_catholic","start_date":"1619","end_date":null,"start_year":1619,"end_year":null}},{"type":"Feature","geometry":{"type":"Point","coordinates":[9.5909,45.52185]},"properties":{"osm_type":"way","osm_id":675504549,"name":"Santuario della Madonna delle Lacrime","religion":"christian","denomination":"roman_catholic","start_date":"1619","end_date":null,"start_year":1619,"end_year":null}},{"type":"Feature","geometry":{"type":"Point","coordinates":[9.27439,45.58164]},"properties":{"osm_type":"way","osm_id":204483144,"name":"Chiesa di Santa Maria Maddalena e Santa Teresa","religion":"christian","denomination":"catholic","start_date":"1620","end_date":null,"start_year":1620,"end_year":null}},{"type":"Feature","geometry":{"type":"Point","coordinates":[14.24988,40.84829]},"properties":{"osm_type":"way","osm_id":270240643,"name":"San Michele Arcangelo","religion":"christian","denomination":"catholic","start_date":"1620","end_date":null,"start_year":1620,"end_year":null}},{"type":"Feature","geometry":{"type":"Point","coordinates":[9.03308,45.40701]},"properties":{"osm_type":"way","osm_id":274303087,"name":"Santuario di Sant'Invenzio","religion":"christian","denomination":"roman_catholic","start_date":"1620","end_date":null,"start_year":1620,"end_year":null}},{"type":"Feature","geometry":{"type":"Point","coordinates":[11.63983,45.77002]},"properties":{"osm_type":"way","osm_id":243862243,"name":"Santuario Madonna di Capitelli","religion":"christian","denomination":"catholic","start_date":"1620","end_date":null,"start_year":1620,"end_year":null}},{"type":"Feature","geometry":{"type":"Point","coordinates":[15.24403,38.22766]},"properties":{"osm_type":"way","osm_id":147174003,"name":"Chiesa di Santa Maria Maggiore","religion":"christian","denomination":"catholic","start_date":"1621","end_date":null,"start_year":1621,"end_year":null}},{"type":"Feature","geometry":{"type":"Point","coordinates":[14.69988,37.15487]},"properties":{"osm_type":"way","osm_id":250931373,"name":"Chiesa Madre di Santa Margherita","religion":"christian","denomination":"roman_catholic","start_date":"1621","end_date":null,"start_year":1621,"end_year":null}},{"type":"Feature","geometry":{"type":"Point","coordinates":[9.13551,45.51256]},"properties":{"osm_type":"way","osm_id":287511303,"name":"Chiesa parrocchiale dei Santi Martiri Nazaro e Celso","religion":"christian","denomination":"roman_catholic","start_date":"1621","end_date":null,"start_year":1621,"end_year":null}},{"type":"Feature","geometry":{"type":"Point","coordinates":[8.41279,46.40898]},"properties":{"osm_type":"way","osm_id":304591999,"name":"Oratorio dei Santi Domenico e Antonio Abate","religion":"christian","denomination":"roman_catholic","start_date":"1621","end_date":null,"start_year":1621,"end_year":null}},{"type":"Feature","geometry":{"type":"Point","coordinates":[8.79526,45.85597]},"properties":{"osm_type":"way","osm_id":59003770,"name":"Cappella XI - La Resurrezione","religion":null,"denomination":"catholic","start_date":"1622","end_date":null,"start_year":1622,"end_year":null}},{"type":"Feature","geometry":{"type":"Point","coordinates":[15.23129,38.14975]},"properties":{"osm_type":"way","osm_id":1326260879,"name":"Chiesa di Gesù e Maria","religion":"christian","denomination":"catholic","start_date":"1622","end_date":null,"start_year":1622,"end_year":null}},{"type":"Feature","geometry":{"type":"Point","coordinates":[14.00105,37.81285]},"properties":{"osm_type":"way","osm_id":1117092407,"name":"Chiesa di San Gandolfo la Povera","religion":"christian","denomination":null,"start_date":"1622","end_date":null,"start_year":1622,"end_year":null}},{"type":"Feature","geometry":{"type":"Point","coordinates":[8.79575,45.85633]},"properties":{"osm_type":"way","osm_id":59003772,"name":"Cappella XIII - La discesa dello Spirito Santo","religion":null,"denomination":"catholic","start_date":"1623","end_date":null,"start_year":1623,"end_year":null}},{"type":"Feature","geometry":{"type":"Point","coordinates":[8.46505,45.70243]},"properties":{"osm_type":"way","osm_id":585408848,"name":"Chiesa della Madonna di Loreto","religion":"christian","denomination":"catholic","start_date":"1623","end_date":null,"start_year":1623,"end_year":null}},{"type":"Feature","geometry":{"type":"Point","coordinates":[12.32423,45.4467]},"properties":{"osm_type":"way","osm_id":138841129,"name":"Chiesa delle Cappuccine","religion":"christian","denomination":"catholic","start_date":"1623","end_date":null,"start_year":1623,"end_year":null}},{"type":"Feature","geometry":{"type":"Point","coordinates":[9.69236,45.36303]},"properties":{"osm_type":"way","osm_id":39261457,"name":"Chiesa di San Benedetto","religion":"christian","denomination":"catholic","start_date":"1623","end_date":null,"start_year":1623,"end_year":null}},{"type":"Feature","geometry":{"type":"Point","coordinates":[9.65368,44.14579]},"properties":{"osm_type":"way","osm_id":59034158,"name":"Chiesa di San Francesco","religion":"christian","denomination":"catholic","start_date":"1623","end_date":null,"start_year":1623,"end_year":null}},{"type":"Feature","geometry":{"type":"Point","coordinates":[8.30746,46.2297]},"properties":{"osm_type":"way","osm_id":754645368,"name":"Chiesa di San Rocco","religion":"christian","denomination":"roman_catholic","start_date":"1623","end_date":null,"start_year":1623,"end_year":null}},{"type":"Feature","geometry":{"type":"Point","coordinates":[9.26776,45.92426]},"properties":{"osm_type":"way","osm_id":71834575,"name":"Santuario della Madonna del Ghisallo","religion":"christian","denomination":"catholic","start_date":"1623","end_date":null,"start_year":1623,"end_year":null}},{"type":"Feature","geometry":{"type":"Point","coordinates":[8.79583,45.85507]},"properties":{"osm_type":"way","osm_id":59003774,"name":"Cappella XII -  L' Ascensione","religion":null,"denomination":"catholic","start_date":"1624","end_date":null,"start_year":1624,"end_year":null}},{"type":"Feature","geometry":{"type":"Point","coordinates":[9.44215,45.71156]},"properties":{"osm_type":"way","osm_id":303462776,"name":"Chiesa dei Santi Marcellino e Pietro","religion":"christian","denomination":"catholic","start_date":"1624","end_date":null,"start_year":1624,"end_year":null}},{"type":"Feature","geometry":{"type":"Point","coordinates":[10.30683,43.55196]},"properties":{"osm_type":"way","osm_id":76654897,"name":"Chiesa di San Giovanni Battista","religion":"christian","denomination":"catholic","start_date":"1624","end_date":null,"start_year":1624,"end_year":null}},{"type":"Feature","geometry":{"type":"Point","coordinates":[9.86518,46.21976]},"properties":{"osm_type":"way","osm_id":284315750,"name":"Chiesa dei Santi Gottardo e Donato","religion":"christian","denomination":"catholic","start_date":"1625","end_date":null,"start_year":1625,"end_year":null}},{"type":"Feature","geometry":{"type":"Point","coordinates":[7.04615,45.13529]},"properties":{"osm_type":"way","osm_id":265680391,"name":"San Carlo","religion":"christian","denomination":"catholic","start_date":"1625","end_date":null,"start_year":1625,"end_year":null}},{"type":"Feature","geometry":{"type":"Point","coordinates":[6.79176,45.04607]},"properties":{"osm_type":"way","osm_id":911213918,"name":"San Pancrazio","religion":"christian","denomination":"catholic","start_date":"1625","end_date":null,"start_year":1625,"end_year":null}},{"type":"Feature","geometry":{"type":"Point","coordinates":[9.64526,45.49785]},"properties":{"osm_type":"way","osm_id":263218112,"name":"Chiesa di Santa Elisabetta","religion":"christian","denomination":"catholic","start_date":"1626","end_date":null,"start_year":1626,"end_year":null}},{"type":"Feature","geometry":{"type":"Point","coordinates":[8.52936,45.82962]},"properties":{"osm_type":"way","osm_id":494976047,"name":"Chiesa e Complesso di San Salvatore","religion":"christian","denomination":"catholic","start_date":"1627","end_date":null,"start_year":1627,"end_year":null}},{"type":"Feature","geometry":{"type":"Point","coordinates":[12.15899,46.34232]},"properties":{"osm_type":"way","osm_id":183311339,"name":"Chiesetta di Sant'Andrea","religion":"christian","denomination":"catholic","start_date":"1628","end_date":null,"start_year":1628,"end_year":null}},{"type":"Feature","geometry":{"type":"Point","coordinates":[8.41044,45.79866]},"properties":{"osm_type":"way","osm_id":204058127,"name":"Cappella VIII - San Francesco appare ai frati su un carro di fuoco","religion":"christian","denomination":"catholic","start_date":"1629","end_date":null,"start_year":1629,"end_year":null}},{"type":"Feature","geometry":{"type":"Point","coordinates":[15.23802,38.22647]},"properties":{"osm_type":"way","osm_id":138254361,"name":"Chiesa di San Papino","religion":"christian","denomination":"catholic","start_date":"1629","end_date":null,"start_year":1629,"end_year":null}},{"type":"Feature","geometry":{"type":"Point","coordinates":[10.21679,45.53555]},"properties":{"osm_type":"way","osm_id":273787633,"name":"Chiesa di Sant'Orsola","religion":"christian","denomination":"catholic","start_date":"1629","end_date":null,"start_year":1629,"end_year":null}},{"type":"Feature","geometry":{"type":"Point","coordinates":[14.79363,37.27492]},"properties":{"osm_type":"way","osm_id":189193315,"name":"Chiesa di San Benedetto","religion":"christian","denomination":"roman_catholic","start_date":"1630","end_date":null,"start_year":1630,"end_year":null}},{"type":"Feature","geometry":{"type":"Point","coordinates":[8.03123,45.79818]},"properties":{"osm_type":"way","osm_id":277207273,"name":"Chiesa di San Carlo","religion":"christian","denomination":"roman_catholic","start_date":"1630","end_date":null,"start_year":1630,"end_year":null}},{"type":"Feature","geometry":{"type":"Point","coordinates":[9.18914,45.46853]},"properties":{"osm_type":"way","osm_id":131542798,"name":"Chiesa di San Giuseppe","religion":"christian","denomination":"catholic","start_date":"1630","end_date":null,"start_year":1630,"end_year":null}},{"type":"Feature","geometry":{"type":"Point","coordinates":[8.11495,44.23497]},"properties":{"osm_type":"way","osm_id":285055643,"name":"Chiesa di San Lorenzo","religion":"christian","denomination":"catholic","start_date":"1630","end_date":null,"start_year":1630,"end_year":null}},{"type":"Feature","geometry":{"type":"Point","coordinates":[14.71106,36.78957]},"properties":{"osm_type":"node","osm_id":3854972499,"name":"Chiesa rupestre di Piedigrotta","religion":"christian","denomination":"catholic","start_date":"1630","end_date":null,"start_year":1630,"end_year":null}},{"type":"Feature","geometry":{"type":"Point","coordinates":[15.21051,38.09959]},"properties":{"osm_type":"way","osm_id":1377422346,"name":"Duomo di Santa Maria Assunta","religion":"christian","denomination":"catholic","start_date":"~1630","end_date":null,"start_year":1630,"end_year":null}},{"type":"Feature","geometry":{"type":"Point","coordinates":[9.48919,45.1866]},"properties":{"osm_type":"way","osm_id":1215977580,"name":"Lazzaretto","religion":"christian","denomination":null,"start_date":"1630","end_date":null,"start_year":1630,"end_year":null}},{"type":"Feature","geometry":{"type":"Point","coordinates":[9.70986,45.29026]},"properties":{"osm_type":"way","osm_id":468530568,"name":"Oratorio di San Rocco","religion":"christian","denomination":"roman_catholic","start_date":"1630","end_date":null,"start_year":1630,"end_year":null}},{"type":"Feature","geometry":{"type":"Point","coordinates":[8.29099,46.01422]},"properties":{"osm_type":"way","osm_id":605304835,"name":"Oratorio di San Zenone","religion":"christian","denomination":"roman_catholic","start_date":"1630","end_date":null,"start_year":1630,"end_year":null}},{"type":"Feature","geometry":{"type":"Point","coordinates":[11.04192,45.38391]},"properties":{"osm_type":"way","osm_id":145992247,"name":"Santuario della Madonnina","religion":"christian","denomination":"catholic","start_date":"1630","end_date":null,"start_year":1630,"end_year":null}},{"type":"Feature","geometry":{"type":"Point","coordinates":[9.67284,45.33697]},"properties":{"osm_type":"way","osm_id":1068014211,"name":"Cappella della Madonna del Popolo","religion":"christian","denomination":null,"start_date":"1631","end_date":null,"start_year":1631,"end_year":null}},{"type":"Feature","geometry":{"type":"Point","coordinates":[8.40515,45.80006]},"properties":{"osm_type":"way","osm_id":172665263,"name":"Chiesa di San Rocco","religion":"christian","denomination":"catholic","start_date":"1631","end_date":null,"start_year":1631,"end_year":null}},{"type":"Feature","geometry":{"type":"Point","coordinates":[10.53608,43.72001]},"properties":{"osm_type":"way","osm_id":1208437711,"name":"Oratorio di San Rocco","religion":"christian","denomination":null,"start_date":"1631","end_date":null,"start_year":1631,"end_year":null}},{"type":"Feature","geometry":{"type":"Point","coordinates":[14.25843,40.84952]},"properties":{"osm_type":"way","osm_id":270655835,"name":"San Biagio Maggiore","religion":"christian","denomination":"catholic","start_date":"1631","end_date":null,"start_year":1631,"end_year":null}},{"type":"Feature","geometry":{"type":"Point","coordinates":[7.01244,45.14301]},"properties":{"osm_type":"way","osm_id":252924216,"name":"Sant'Andrea","religion":"christian","denomination":"catholic","start_date":"1631","end_date":null,"start_year":1631,"end_year":null}},{"type":"Feature","geometry":{"type":"Point","coordinates":[15.14062,37.84254]},"properties":{"osm_type":"way","osm_id":140266706,"name":"Chiesa di Gesù e Maria","religion":"christian","denomination":"roman_catholic","start_date":"1633","end_date":null,"start_year":1633,"end_year":null}},{"type":"Feature","geometry":{"type":"Point","coordinates":[8.25738,45.79251]},"properties":{"osm_type":"way","osm_id":225428597,"name":"Chiesa di San Bernardo e Santa Marta","religion":"christian","denomination":"roman_catholic","start_date":"1633","end_date":null,"start_year":1633,"end_year":null}},{"type":"Feature","geometry":{"type":"Point","coordinates":[11.38001,45.85781]},"properties":{"osm_type":"way","osm_id":241523708,"name":"Chiesetta di San Rocco","religion":"christian","denomination":"catholic","start_date":"1633","end_date":null,"start_year":1633,"end_year":null}},{"type":"Feature","geometry":{"type":"Point","coordinates":[8.501,45.90482]},"properties":{"osm_type":"way","osm_id":599411927,"name":"Oratorio di San Giuseppe","religion":"christian","denomination":"catholic","start_date":"1633","end_date":null,"start_year":1633,"end_year":null}},{"type":"Feature","geometry":{"type":"Point","coordinates":[13.5703,42.8599]},"properties":{"osm_type":"way","osm_id":718027991,"name":"Tempietto di Sant'Emidio Rosso","religion":"christian","denomination":"catholic","start_date":"1633","end_date":null,"start_year":1633,"end_year":null}},{"type":"Feature","geometry":{"type":"Point","coordinates":[8.41056,45.79823]},"properties":{"osm_type":"way","osm_id":255267029,"name":"Cappella IX - Vestizione di Santa Chiara","religion":"christian","denomination":"catholic","start_date":"1634","end_date":null,"start_year":1634,"end_year":null}},{"type":"Feature","geometry":{"type":"Point","coordinates":[13.11635,38.04508]},"properties":{"osm_type":"way","osm_id":556851552,"name":"Chiesa di San Leonardo","religion":"christian","denomination":"roman_catholic","start_date":"1634","end_date":null,"start_year":1634,"end_year":null}},{"type":"Feature","geometry":{"type":"Point","coordinates":[13.61559,42.49103]},"properties":{"osm_type":"way","osm_id":1335766358,"name":"San Rocco","religion":"christian","denomination":"catholic","start_date":"1634","end_date":null,"start_year":1634,"end_year":null}},{"type":"Feature","geometry":{"type":"Point","coordinates":[8.66864,46.06133]},"properties":{"osm_type":"way","osm_id":171529722,"name":"Chiesa della Madonna di Loreto e di Sant'Anna","religion":"christian","denomination":"catholic","start_date":"1635","end_date":null,"start_year":1635,"end_year":null}},{"type":"Feature","geometry":{"type":"Point","coordinates":[13.70175,37.57271]},"properties":{"osm_type":"way","osm_id":1121451448,"name":"Chiesa Madre Santa Maria della Luce","religion":"christian","denomination":null,"start_date":"1635","end_date":null,"start_year":1635,"end_year":null}},{"type":"Feature","geometry":{"type":"Point","coordinates":[8.66444,46.0338]},"properties":{"osm_type":"way","osm_id":297948800,"name":"Chiesa parrocchiale di San Martino","religion":"christian","denomination":"roman_catholic","start_date":"1635","end_date":null,"start_year":1635,"end_year":null}},{"type":"Feature","geometry":{"type":"Point","coordinates":[9.21539,46.03585]},"properties":{"osm_type":"way","osm_id":224728242,"name":"Chiesa di Santa Maria Maddalena","religion":"christian","denomination":"catholic","start_date":"1636","end_date":null,"start_year":1636,"end_year":null}},{"type":"Feature","geometry":{"type":"Point","coordinates":[8.3957,46.33188]},"properties":{"osm_type":"way","osm_id":821799423,"name":"Oratorio di San Carlo","religion":"christian","denomination":"roman_catholic","start_date":"1636","end_date":null,"start_year":1636,"end_year":null}},{"type":"Feature","geometry":{"type":"Point","coordinates":[7.51166,44.29423]},"properties":{"osm_type":"way","osm_id":386655989,"name":"Chiesa di San Donato","religion":"christian","denomination":"catholic","start_date":"1637","end_date":null,"start_year":1637,"end_year":null}},{"type":"Feature","geometry":{"type":"Point","coordinates":[8.2907,45.78553]},"properties":{"osm_type":"way","osm_id":605741018,"name":"Chiesa di San Rocco","religion":"christian","denomination":"roman_catholic","start_date":"1637","end_date":null,"start_year":1637,"end_year":null}},{"type":"Feature","geometry":{"type":"Point","coordinates":[9.00537,45.6105]},"properties":{"osm_type":"way","osm_id":656955813,"name":"Chiesa dei Santi Cosma e Damiano","religion":"christian","denomination":"roman_catholic","start_date":"1638","end_date":null,"start_year":1638,"end_year":null}},{"type":"Feature","geometry":{"type":"Point","coordinates":[8.21437,46.21275]},"properties":{"osm_type":"way","osm_id":601267456,"name":"Chiesa della Beata Vergine Annunciata","religion":"christian","denomination":"roman_catholic","start_date":"1638","end_date":null,"start_year":1638,"end_year":null}},{"type":"Feature","geometry":{"type":"Point","coordinates":[12.50399,38.01538]},"properties":{"osm_type":"way","osm_id":1317845308,"name":"Chiesa San Francesco d'Assisi","religion":"christian","denomination":"roman_catholic","start_date":"1638","end_date":null,"start_year":1638,"end_year":null}},{"type":"Feature","geometry":{"type":"Point","coordinates":[10.66224,45.6997]},"properties":{"osm_type":"way","osm_id":182701278,"name":"Eremo di San Valentino","religion":"christian","denomination":"catholic","start_date":"1638","end_date":null,"start_year":1638,"end_year":null}},{"type":"Feature","geometry":{"type":"Point","coordinates":[14.12228,40.82193]},"properties":{"osm_type":"way","osm_id":302040394,"name":"Chiesa della Santa Croce","religion":"christian","denomination":"roman_catholic","start_date":"1639","end_date":null,"start_year":1639,"end_year":null}},{"type":"Feature","geometry":{"type":"Point","coordinates":[8.4103,45.79774]},"properties":{"osm_type":"way","osm_id":204058136,"name":"Cappella X - Vittoria di san Francesco sulle tentazioni","religion":"christian","denomination":"catholic","start_date":"1640","end_date":null,"start_year":1640,"end_year":null}},{"type":"Feature","geometry":{"type":"Point","coordinates":[8.4122,45.79805]},"properties":{"osm_type":"way","osm_id":425971649,"name":"Cappella XVI - Ritorno di san Francesco ad Assisi","religion":"christian","denomination":"catholic","start_date":"1640","end_date":null,"start_year":1640,"end_year":null}},{"type":"Feature","geometry":{"type":"Point","coordinates":[15.24167,38.22781]},"properties":{"osm_type":"way","osm_id":138753910,"name":"Chiesa dell'Immacolata","religion":"christian","denomination":"catholic","start_date":"1640","end_date":null,"start_year":1640,"end_year":null}},{"type":"Feature","geometry":{"type":"Point","coordinates":[12.73616,42.73531]},"properties":{"osm_type":"way","osm_id":222174104,"name":"Chiesa di San Filippo Neri","religion":"christian","denomination":"catholic","start_date":"1640","end_date":null,"start_year":1640,"end_year":null}},{"type":"Feature","geometry":{"type":"Point","coordinates":[7.68218,45.06687]},"properties":{"osm_type":"way","osm_id":179479934,"name":"Chiesa di Santa Cristina","religion":"christian","denomination":"catholic","start_date":"1640","end_date":null,"start_year":1640,"end_year":null}},{"type":"Feature","geometry":{"type":"Point","coordinates":[10.23292,45.54953]},"properties":{"osm_type":"way","osm_id":466530429,"name":"Chiesa della Natività della Beata Vergine","religion":"christian","denomination":"catholic","start_date":"1641","end_date":null,"start_year":1641,"end_year":null}},{"type":"Feature","geometry":{"type":"Point","coordinates":[14.24881,40.83769]},"properties":{"osm_type":"way","osm_id":248515230,"name":"Chiesa di San Ferdinando","religion":"christian","denomination":"catholic","start_date":"1641","end_date":null,"start_year":1641,"end_year":null}},{"type":"Feature","geometry":{"type":"Point","coordinates":[10.14316,44.03527]},"properties":{"osm_type":"node","osm_id":1496673204,"name":"Chiesa di San Giovanni Decollato","religion":"christian","denomination":"catholic","start_date":"1641","end_date":null,"start_year":1641,"end_year":null}},{"type":"Feature","geometry":{"type":"Point","coordinates":[8.92514,45.596]},"properties":{"osm_type":"way","osm_id":265068628,"name":"Chiesa Madonnina dei Ronchi","religion":"christian","denomination":"catholic","start_date":"1641","end_date":null,"start_year":1641,"end_year":null}},{"type":"Feature","geometry":{"type":"Point","coordinates":[8.32703,46.26134]},"properties":{"osm_type":"way","osm_id":602188603,"name":"Oratorio di San Rocco","religion":"christian","denomination":"roman_catholic","start_date":"1641;restoration 1996","end_date":null,"start_year":1641,"end_year":null}},{"type":"Feature","geometry":{"type":"Point","coordinates":[8.33686,45.73672]},"properties":{"osm_type":"way","osm_id":604405019,"name":"Oratorio di Sant'Antonio Abate","religion":"christian","denomination":"roman_catholic","start_date":"1641","end_date":null,"start_year":1641,"end_year":null}},{"type":"Feature","geometry":{"type":"Point","coordinates":[7.00895,45.13908]},"properties":{"osm_type":"way","osm_id":197767928,"name":"San Rocco","religion":"christian","denomination":"catholic","start_date":"1641","end_date":null,"start_year":1641,"end_year":null}},{"type":"Feature","geometry":{"type":"Point","coordinates":[6.75647,45.0424]},"properties":{"osm_type":"way","osm_id":1266022681,"name":"Cappella dell'Addolorata","religion":"christian","denomination":"catholic","start_date":"1642","end_date":null,"start_year":1642,"end_year":null}},{"type":"Feature","geometry":{"type":"Point","coordinates":[14.31917,40.83912]},"properties":{"osm_type":"way","osm_id":1335000873,"name":"Chiesa dell'Annunziata","religion":"christian","denomination":"catholic","start_date":"1642","end_date":null,"start_year":1642,"end_year":null}},{"type":"Feature","geometry":{"type":"Point","coordinates":[14.18113,42.30423]},"properties":{"osm_type":"way","osm_id":1086621188,"name":"Chiesa di San Camillo de Lellis","religion":"christian","denomination":"catholic","start_date":"1642","end_date":null,"start_year":1642,"end_year":null}},{"type":"Feature","geometry":{"type":"Point","coordinates":[9.14716,45.62689]},"properties":{"osm_type":"way","osm_id":544320826,"name":"Oratorio della Beata Vergine del Transito","religion":"christian","denomination":"catholic","start_date":"1642","end_date":null,"start_year":1642,"end_year":null}},{"type":"Feature","geometry":{"type":"Point","coordinates":[8.33763,46.23066]},"properties":{"osm_type":"way","osm_id":469977960,"name":"Oratorio Sant'Antonio Abate","religion":"christian","denomination":"roman_catholic","start_date":"1642","end_date":null,"start_year":1642,"end_year":null}},{"type":"Feature","geometry":{"type":"Point","coordinates":[9.18577,45.55097]},"properties":{"osm_type":"way","osm_id":29372573,"name":"Santuario della Madonna della Cintura","religion":"christian","denomination":"roman_catholic","start_date":"1642","end_date":null,"start_year":1642,"end_year":null}},{"type":"Feature","geometry":{"type":"Point","coordinates":[12.26984,43.79826]},"properties":{"osm_type":"way","osm_id":223552788,"name":null,"religion":"christian","denomination":"catholic","start_date":"1642","end_date":null,"start_year":1642,"end_year":null}},{"type":"Feature","geometry":{"type":"Point","coordinates":[9.24498,45.39365]},"properties":{"osm_type":"way","osm_id":228671058,"name":"Chiesa di San Marziano","religion":"christian","denomination":"catholic","start_date":"1643","end_date":null,"start_year":1643,"end_year":null}},{"type":"Feature","geometry":{"type":"Point","coordinates":[7.00738,45.1402]},"properties":{"osm_type":"way","osm_id":197767929,"name":"Sant'Anna","religion":"christian","denomination":"catholic","start_date":"1643","end_date":null,"start_year":1643,"end_year":null}},{"type":"Feature","geometry":{"type":"Point","coordinates":[14.84503,37.29744]},"properties":{"osm_type":"way","osm_id":223173623,"name":"Chiesa di San Gregorio Magno e delle Anime del Purgatorio","religion":"christian","denomination":"roman_catholic","start_date":"1644","end_date":null,"start_year":1644,"end_year":null}},{"type":"Feature","geometry":{"type":"Point","coordinates":[14.84452,37.29898]},"properties":{"osm_type":"way","osm_id":223112664,"name":"Chiesa di Sant'Antonio di Padova","religion":"christian","denomination":"roman_catholic","start_date":"1644","end_date":null,"start_year":1644,"end_year":null}},{"type":"Feature","geometry":{"type":"Point","coordinates":[14.23432,40.83631]},"properties":{"osm_type":"way","osm_id":183403332,"name":"Chiesa dell'Ascensione a Chiaia","religion":"christian","denomination":"catholic","start_date":"1645","end_date":null,"start_year":1645,"end_year":null}},{"type":"Feature","geometry":{"type":"Point","coordinates":[8.97187,45.66031]},"properties":{"osm_type":"way","osm_id":307579733,"name":"Chiesa parrocchiale di Santa Maria Assunta","religion":"christian","denomination":"roman_catholic","start_date":"1645","end_date":null,"start_year":1645,"end_year":null}},{"type":"Feature","geometry":{"type":"Point","coordinates":[12.42785,43.23926]},"properties":{"osm_type":"way","osm_id":1015694167,"name":"Chiesa di Santa Maria della Misericordia","religion":"christian","denomination":"roman_catholic","start_date":"1646","end_date":null,"start_year":1646,"end_year":null}},{"type":"Feature","geometry":{"type":"Point","coordinates":[8.42291,45.33024]},"properties":{"osm_type":"node","osm_id":10076093616,"name":"Madonna dello Schiaffo","religion":"christian","denomination":"catholic","start_date":"1646","end_date":null,"start_year":1646,"end_year":null}},{"type":"Feature","geometry":{"type":"Point","coordinates":[8.50537,45.96167]},"properties":{"osm_type":"way","osm_id":460874498,"name":"Oratorio della Madonna di Loreto","religion":"christian","denomination":"roman_catholic","start_date":"1646","end_date":null,"start_year":1646,"end_year":null}},{"type":"Feature","geometry":{"type":"Point","coordinates":[8.29104,45.74032]},"properties":{"osm_type":"way","osm_id":289721325,"name":"Oratorio della Visitazione di Santa Elisabetta","religion":"christian","denomination":"roman_catholic","start_date":"1646","end_date":null,"start_year":1646,"end_year":null}},{"type":"Feature","geometry":{"type":"Point","coordinates":[8.61548,45.96194]},"properties":{"osm_type":"way","osm_id":198576142,"name":"Cappella I - Incoronazione di Maria Vergine","religion":"christian","denomination":"roman_catholic","start_date":"1647","end_date":null,"start_year":1647,"end_year":null}},{"type":"Feature","geometry":{"type":"Point","coordinates":[8.54918,45.83582]},"properties":{"osm_type":"way","osm_id":495262709,"name":"Oratorio della Madonna di Loreto","religion":"christian","denomination":"catholic","start_date":"1649","end_date":null,"start_year":1649,"end_year":null}},{"type":"Feature","geometry":{"type":"Point","coordinates":[12.47433,41.89603]},"properties":{"osm_type":"way","osm_id":25625603,"name":"Basilica di Sant'Andrea della Valle","religion":"christian","denomination":"roman_catholic","start_date":"1650","end_date":null,"start_year":1650,"end_year":null}},{"type":"Feature","geometry":{"type":"Point","coordinates":[9.1817,45.9742]},"properties":{"osm_type":"way","osm_id":265460118,"name":"Cappella II - La Visitazione","religion":"christian","denomination":"roman_catholic","start_date":"1650","end_date":null,"start_year":1650,"end_year":null}},{"type":"Feature","geometry":{"type":"Point","coordinates":[7.98042,45.62511]},"properties":{"osm_type":"way","osm_id":220484475,"name":"Cappella IX - Purificazione di Maria","religion":"christian","denomination":"catholic","start_date":"1650","end_date":null,"start_year":1650,"end_year":null}},{"type":"Feature","geometry":{"type":"Point","coordinates":[8.41186,45.79757]},"properties":{"osm_type":"way","osm_id":204058134,"name":"Cappella XVII - Agonia e morte di san Francesco","religion":"christian","denomination":"catholic","start_date":"1650","end_date":null,"start_year":1650,"end_year":null}},{"type":"Feature","geometry":{"type":"Point","coordinates":[8.27963,44.28716]},"properties":{"osm_type":"way","osm_id":202384722,"name":"San Bartolomeo (1650)","religion":"christian","denomination":"catholic","start_date":"1650","end_date":null,"start_year":1650,"end_year":null}},{"type":"Feature","geometry":{"type":"Point","coordinates":[8.91893,45.5877]},"properties":{"osm_type":"way","osm_id":265068634,"name":"Santuario della Madonna delle Grazie","religion":"christian","denomination":"catholic","start_date":"1650","end_date":null,"start_year":1650,"end_year":null}},{"type":"Feature","geometry":{"type":"Point","coordinates":[11.57937,45.44032]},"properties":{"osm_type":"way","osm_id":173123231,"name":"Capella Gentilizia","religion":"christian","denomination":null,"start_date":"1652","end_date":null,"start_year":1652,"end_year":null}},{"type":"Feature","geometry":{"type":"Point","coordinates":[7.15746,45.69622]},"properties":{"osm_type":"way","osm_id":582357992,"name":"Cappella di San Leonardo","religion":"christian","denomination":"catholic","start_date":"1652","end_date":null,"start_year":1652,"end_year":null}},{"type":"Feature","geometry":{"type":"Point","coordinates":[9.38559,45.70144]},"properties":{"osm_type":"way","osm_id":289103855,"name":"Chiesa di San Mauro e Beata Vergine della Consolata","religion":"christian","denomination":"catholic","start_date":"1652","end_date":null,"start_year":1652,"end_year":null}},{"type":"Feature","geometry":{"type":"Point","coordinates":[9.18159,45.46545]},"properties":{"osm_type":"way","osm_id":207104496,"name":"Chiesa di Santa Maria alla Porta","religion":"christian","denomination":"catholic","start_date":"1652","end_date":null,"start_year":1652,"end_year":null}},{"type":"Feature","geometry":{"type":"Point","coordinates":[7.48064,45.26849]},"properties":{"osm_type":"way","osm_id":88756539,"name":"San Giacinto","religion":"christian","denomination":"catholic","start_date":"1653","end_date":null,"start_year":1653,"end_year":null}},{"type":"Feature","geometry":{"type":"Point","coordinates":[7.68402,45.06473]},"properties":{"osm_type":"way","osm_id":158325081,"name":"Chiesa della Madonna degli Angeli","religion":"christian","denomination":"catholic","start_date":"1654","end_date":null,"start_year":1654,"end_year":null}},{"type":"Feature","geometry":{"type":"Point","coordinates":[9.09611,45.81998]},"properties":{"osm_type":"way","osm_id":111414275,"name":"Chiesa di Sant'Andrea Apostolo","religion":"christian","denomination":"catholic","start_date":"1654","end_date":null,"start_year":1654,"end_year":null}},{"type":"Feature","geometry":{"type":"Point","coordinates":[9.19363,45.46116]},"properties":{"osm_type":"way","osm_id":204328555,"name":"Chiesa di Sant'Antonio Abate","religion":"christian","denomination":"catholic","start_date":"1654","end_date":null,"start_year":1654,"end_year":null}},{"type":"Feature","geometry":{"type":"Point","coordinates":[9.32974,45.92748]},"properties":{"osm_type":"way","osm_id":286759503,"name":"Chiesa di Sant'Antonio da Padova","religion":"christian","denomination":"catholic","start_date":"1654","end_date":null,"start_year":1654,"end_year":null}},{"type":"Feature","geometry":{"type":"Point","coordinates":[14.11946,40.84617]},"properties":{"osm_type":"way","osm_id":736925328,"name":"Chiesa di San Vito","religion":"christian","denomination":null,"start_date":"1655","end_date":null,"start_year":1655,"end_year":null}},{"type":"Feature","geometry":{"type":"Point","coordinates":[12.58953,37.65296]},"properties":{"osm_type":"way","osm_id":41415544,"name":"Santa Veneranda","religion":"christian","denomination":"catholic","start_date":"1655","end_date":null,"start_year":1655,"end_year":null}},{"type":"Feature","geometry":{"type":"Point","coordinates":[8.34198,46.2739]},"properties":{"osm_type":"way","osm_id":823720999,"name":"Oratorio di San Giuseppe","religion":"christian","denomination":"roman_catholic","start_date":"1656","end_date":null,"start_year":1656,"end_year":null}},{"type":"Feature","geometry":{"type":"Point","coordinates":[7.69276,45.06698]},"properties":{"osm_type":"way","osm_id":288893799,"name":"Santissima Annunziata","religion":"christian","denomination":"catholic","start_date":"1656","end_date":null,"start_year":1656,"end_year":null}},{"type":"Feature","geometry":{"type":"Point","coordinates":[13.1866,43.58328]},"properties":{"osm_type":"way","osm_id":791271023,"name":"Santuario Madonna del Sole","religion":"christian","denomination":"roman_catholic","start_date":"1656","end_date":null,"start_year":1656,"end_year":null}},{"type":"Feature","geometry":{"type":"Point","coordinates":[7.54326,45.419]},"properties":{"osm_type":"way","osm_id":203511791,"name":"Cappella di Sant'Antonio da Padova, Santa Lucia e San Rocco","religion":"christian","denomination":"catholic","start_date":"1657","end_date":null,"start_year":1657,"end_year":null}},{"type":"Feature","geometry":{"type":"Point","coordinates":[14.25055,37.06512]},"properties":{"osm_type":"way","osm_id":217856716,"name":"Chiesa San Francesco d'Assisi","religion":"christian","denomination":"roman_catholic","start_date":"1659","end_date":null,"start_year":1659,"end_year":null}},{"type":"Feature","geometry":{"type":"Point","coordinates":[8.41103,45.7978]},"properties":{"osm_type":"way","osm_id":204057083,"name":"Cappella XIII - San Francesco ignudo per le vie di Assisi per umiltà","religion":"christian","denomination":"catholic","start_date":"1660","end_date":null,"start_year":1660,"end_year":null}},{"type":"Feature","geometry":{"type":"Point","coordinates":[8.79275,45.86051]},"properties":{"osm_type":"node","osm_id":6068085081,"name":"Cappella XV - L' incoronazione di Maria","religion":"christian","denomination":"roman_catholic","start_date":"1660","end_date":null,"start_year":1660,"end_year":null}},{"type":"Feature","geometry":{"type":"Point","coordinates":[9.30045,45.85037]},"properties":{"osm_type":"way","osm_id":60913399,"name":"Chiesa di San Miro al Monte","religion":"christian","denomination":"catholic","start_date":"1660","end_date":null,"start_year":1660,"end_year":null}},{"type":"Feature","geometry":{"type":"Point","coordinates":[9.3505,46.34894]},"properties":{"osm_type":"way","osm_id":626601407,"name":"Chiesa di San Rocco","religion":"christian","denomination":"roman_catholic","start_date":"1660","end_date":null,"start_year":1660,"end_year":null}},{"type":"Feature","geometry":{"type":"Point","coordinates":[10.17056,45.54934]},"properties":{"osm_type":"way","osm_id":507301147,"name":"Chiesa di Sant'Antonio di Padova","religion":"christian","denomination":"catholic","start_date":"1660","end_date":null,"start_year":1660,"end_year":null}},{"type":"Feature","geometry":{"type":"Point","coordinates":[8.23576,46.11666]},"properties":{"osm_type":"way","osm_id":343426301,"name":"Oratorio di Sant' Anna","religion":"christian","denomination":"catholic","start_date":"1662","end_date":null,"start_year":1662,"end_year":null}},{"type":"Feature","geometry":{"type":"Point","coordinates":[9.17943,45.97402]},"properties":{"osm_type":"way","osm_id":54198679,"name":"Cappella IX - La salita al Calvario","religion":"christian","denomination":"roman_catholic","start_date":"1663","end_date":null,"start_year":1663,"end_year":null}},{"type":"Feature","geometry":{"type":"Point","coordinates":[13.47756,43.48543]},"properties":{"osm_type":"way","osm_id":595935734,"name":"Chiesa antica della Misericordia","religion":"christian","denomination":"catholic","start_date":"1663","end_date":null,"start_year":1663,"end_year":null}},{"type":"Feature","geometry":{"type":"Point","coordinates":[15.21004,38.14466]},"properties":{"osm_type":"way","osm_id":1326492894,"name":"Chiesa del Santissimo Crocifisso","religion":"christian","denomination":"catholic","start_date":"1663","end_date":null,"start_year":1663,"end_year":null}},{"type":"Feature","geometry":{"type":"Point","coordinates":[8.27824,45.76662]},"properties":{"osm_type":"way","osm_id":294978406,"name":"Chiesa della Beata Panacea al Monte","religion":"christian","denomination":"roman_catholic","start_date":"1663","end_date":null,"start_year":1663,"end_year":null}},{"type":"Feature","geometry":{"type":"Point","coordinates":[17.97357,40.05351]},"properties":{"osm_type":"way","osm_id":426644129,"name":"Chiesa Santa Maria degli Angeli","religion":"christian","denomination":"catholic","start_date":"1663","end_date":null,"start_year":1663,"end_year":null}},{"type":"Feature","geometry":{"type":"Point","coordinates":[7.67024,44.27561]},"properties":{"osm_type":"way","osm_id":233640870,"name":"San Lorenzo","religion":"christian","denomination":"catholic","start_date":"1663","end_date":null,"start_year":1663,"end_year":null}},{"type":"Feature","geometry":{"type":"Point","coordinates":[9.17895,45.9743]},"properties":{"osm_type":"way","osm_id":54201510,"name":"Cappella XII - L'Ascensione","religion":"christian","denomination":"roman_catholic","start_date":"1664","end_date":null,"start_year":1664,"end_year":null}},{"type":"Feature","geometry":{"type":"Point","coordinates":[9.1784,45.97467]},"properties":{"osm_type":"way","osm_id":54202271,"name":"Cappella XIII - La discesa dello Spirito Santo","religion":"christian","denomination":"roman_catholic","start_date":"1664","end_date":null,"start_year":1664,"end_year":null}},{"type":"Feature","geometry":{"type":"Point","coordinates":[9.09943,45.38055]},"properties":{"osm_type":"way","osm_id":619706314,"name":"Chiesa parrocchiale dei Santi Pietro e Paolo","religion":"christian","denomination":"roman_catholic","start_date":"1664","end_date":null,"start_year":1664,"end_year":null}},{"type":"Feature","geometry":{"type":"Point","coordinates":[7.66382,44.26503]},"properties":{"osm_type":"way","osm_id":380137178,"name":"San Bartolomeo","religion":"christian","denomination":"catholic","start_date":"1664","end_date":null,"start_year":1664,"end_year":null}},{"type":"Feature","geometry":{"type":"Point","coordinates":[9.17735,45.97443]},"properties":{"osm_type":"way","osm_id":54202269,"name":"Cappella XIV - Assunzione della Vergine","religion":"christian","denomination":"roman_catholic","start_date":"1665","end_date":null,"start_year":1665,"end_year":null}},{"type":"Feature","geometry":{"type":"Point","coordinates":[8.66282,45.94644]},"properties":{"osm_type":"way","osm_id":461907120,"name":"Chiesa di Sant'Antonio di Padova","religion":"christian","denomination":"roman_catholic","start_date":"1665","end_date":null,"start_year":1665,"end_year":null}},{"type":"Feature","geometry":{"type":"Point","coordinates":[8.18038,46.20999]},"properties":{"osm_type":"way","osm_id":825407891,"name":"Oratorio della Visitazione della Vergine a Santa Elisabetta","religion":"christian","denomination":"roman_catholic","start_date":"1665","end_date":null,"start_year":1665,"end_year":null}},{"type":"Feature","geometry":{"type":"Point","coordinates":[9.17951,45.97457]},"properties":{"osm_type":"way","osm_id":54198681,"name":"Cappella VIII - Incoronazione di Spine","religion":"christian","denomination":"roman_catholic","start_date":"1666","end_date":null,"start_year":1666,"end_year":null}},{"type":"Feature","geometry":{"type":"Point","coordinates":[7.01004,45.14158]},"properties":{"osm_type":"way","osm_id":265832245,"name":"Immacolata Concezione","religion":"christian","denomination":"catholic","start_date":"1666","end_date":null,"start_year":1666,"end_year":null}},{"type":"Feature","geometry":{"type":"Point","coordinates":[8.38152,46.31502]},"properties":{"osm_type":"way","osm_id":821783781,"name":"Oratorio di San Giulio","religion":"christian","denomination":"roman_catholic","start_date":"1666","end_date":null,"start_year":1666,"end_year":null}},{"type":"Feature","geometry":{"type":"Point","coordinates":[9.02556,45.62626]},"properties":{"osm_type":"way","osm_id":112192973,"name":"Santuario della Beata Vergine dei Miracoli","religion":"christian","denomination":"catholic","start_date":"1666","end_date":null,"start_year":1666,"end_year":null}},{"type":"Feature","geometry":{"type":"Point","coordinates":[9.36447,46.32412]},"properties":{"osm_type":"way","osm_id":628820651,"name":"Chiesa dei Santi Giacomo e Cristoforo","religion":"christian","denomination":"roman_catholic","start_date":"1667","end_date":null,"start_year":1667,"end_year":null}},{"type":"Feature","geometry":{"type":"Point","coordinates":[8.04904,45.909]},"properties":{"osm_type":"way","osm_id":500358761,"name":"Chiesa della Madonna delle Grazie","religion":"christian","denomination":"roman_catholic","start_date":"1667","end_date":null,"start_year":1667,"end_year":null}},{"type":"Feature","geometry":{"type":"Point","coordinates":[7.68917,45.06834]},"properties":{"osm_type":"way","osm_id":219015350,"name":"Chiesa di San Francesco da Paola","religion":"christian","denomination":"catholic","start_date":"1667","end_date":null,"start_year":1667,"end_year":null}},{"type":"Feature","geometry":{"type":"Point","coordinates":[7.60643,45.31835]},"properties":{"osm_type":"way","osm_id":709673121,"name":"Chiesa di San Giacomo Apostolo","religion":"christian","denomination":"catholic","start_date":"1667","end_date":null,"start_year":1667,"end_year":null}},{"type":"Feature","geometry":{"type":"Point","coordinates":[9.37163,46.31203]},"properties":{"osm_type":"way","osm_id":641536514,"name":"Chiesa di Sant'Antonio di Padova","religion":"christian","denomination":"roman_catholic","start_date":"1667","end_date":null,"start_year":1667,"end_year":null}},{"type":"Feature","geometry":{"type":"Point","coordinates":[11.96578,45.28911]},"properties":{"osm_type":"way","osm_id":351900952,"name":"Chiesetta della Beata Vergine del Rosario","religion":"christian","denomination":"catholic","start_date":"1667","end_date":null,"start_year":1667,"end_year":null}},{"type":"Feature","geometry":{"type":"Point","coordinates":[13.85865,45.60807]},"properties":{"osm_type":"way","osm_id":170621202,"name":"Santissima Trinità / Presveta Trojica","religion":"christian","denomination":"catholic","start_date":"1667","end_date":null,"start_year":1667,"end_year":null}},{"type":"Feature","geometry":{"type":"Point","coordinates":[9.17951,45.97351]},"properties":{"osm_type":"way","osm_id":54200165,"name":"Cappella X - Crocifissione","religion":"christian","denomination":"roman_catholic","start_date":"1669","end_date":null,"start_year":1669,"end_year":null}},{"type":"Feature","geometry":{"type":"Point","coordinates":[7.52792,45.55851]},"properties":{"osm_type":"way","osm_id":389832726,"name":"Santuario di San Besso","religion":"christian","denomination":"catholic","start_date":"1669","end_date":null,"start_year":1669,"end_year":null}},{"type":"Feature","geometry":{"type":"Point","coordinates":[9.20578,45.97995]},"properties":{"osm_type":"way","osm_id":273618767,"name":"Chiesa della Pietà","religion":"christian","denomination":"catholic","start_date":"1670","end_date":null,"start_year":1670,"end_year":null}},{"type":"Feature","geometry":{"type":"Point","coordinates":[17.94568,40.6358]},"properties":{"osm_type":"way","osm_id":422354180,"name":"Chiesa delle Anime del Purgatorio","religion":"christian","denomination":null,"start_date":"1670","end_date":null,"start_year":1670,"end_year":null}},{"type":"Feature","geometry":{"type":"Point","coordinates":[9.4749,46.13245]},"properties":{"osm_type":"way","osm_id":754986585,"name":"Chiesa parrocchiale della Beata Vergine Immacolata","religion":"christian","denomination":"roman_catholic","start_date":"1670","end_date":null,"start_year":1670,"end_year":null}},{"type":"Feature","geometry":{"type":"Point","coordinates":[9.43525,45.68921]},"properties":{"osm_type":"way","osm_id":231930730,"name":"Madonna del Pianto","religion":"christian","denomination":null,"start_date":"1670","end_date":null,"start_year":1670,"end_year":null}},{"type":"Feature","geometry":{"type":"Point","coordinates":[7.95181,45.83833]},"properties":{"osm_type":"way","osm_id":208669700,"name":"Oratorio di San Pietro","religion":"christian","denomination":"roman_catholic","start_date":"1670","end_date":null,"start_year":1670,"end_year":null}},{"type":"Feature","geometry":{"type":"Point","coordinates":[7.28305,45.05472]},"properties":{"osm_type":"way","osm_id":397332901,"name":"San Rocco","religion":"christian","denomination":"catholic","start_date":"1670","end_date":null,"start_year":1670,"end_year":null}},{"type":"Feature","geometry":{"type":"Point","coordinates":[14.09161,37.80765]},"properties":{"osm_type":"way","osm_id":1117186845,"name":"Oratorio di Santa Maria Santissima del Rosario","religion":"christian","denomination":null,"start_date":"1671","end_date":null,"start_year":1671,"end_year":null}},{"type":"Feature","geometry":{"type":"Point","coordinates":[9.97563,45.29421]},"properties":{"osm_type":"way","osm_id":279335429,"name":"Santuario della Madonna della Neve","religion":"christian","denomination":"catholic","start_date":"1672","end_date":null,"start_year":1672,"end_year":null}},{"type":"Feature","geometry":{"type":"Point","coordinates":[7.67883,45.0674]},"properties":{"osm_type":"way","osm_id":285052959,"name":"Chiesa dell'Immacolata Concezione","religion":"christian","denomination":"catholic","start_date":"1673","end_date":null,"start_year":1673,"end_year":null}},{"type":"Feature","geometry":{"type":"Point","coordinates":[13.60596,37.68126]},"properties":{"osm_type":"node","osm_id":8022026052,"name":"Chiesa Santa Rosalia","religion":"christian","denomination":null,"start_date":"1673","end_date":null,"start_year":1673,"end_year":null}},{"type":"Feature","geometry":{"type":"Point","coordinates":[11.91718,45.3952]},"properties":{"osm_type":"way","osm_id":497426499,"name":"Antica Chiesa di San Gaetano","religion":"christian","denomination":"catholic","start_date":"1674","end_date":null,"start_year":1674,"end_year":null}},{"type":"Feature","geometry":{"type":"Point","coordinates":[11.70869,46.75845]},"properties":{"osm_type":"node","osm_id":825059397,"name":"Kreuzstöckl - Cappelletta Kreuzstöckl","religion":"christian","denomination":"catholic","start_date":"1676","end_date":null,"start_year":1676,"end_year":null}},{"type":"Feature","geometry":{"type":"Point","coordinates":[15.23467,38.21451]},"properties":{"osm_type":"way","osm_id":139107364,"name":"Chiesa di San Giovanni Battista","religion":"christian","denomination":"catholic","start_date":"1678","end_date":null,"start_year":1678,"end_year":null}},{"type":"Feature","geometry":{"type":"Point","coordinates":[9.16897,45.79774]},"properties":{"osm_type":"way","osm_id":113945762,"name":"Oratorio di Santa Elisabetta","religion":"christian","denomination":"catholic","start_date":"1679","end_date":null,"start_year":1679,"end_year":null}},{"type":"Feature","geometry":{"type":"Point","coordinates":[9.17996,45.97432]},"properties":{"osm_type":"way","osm_id":54195344,"name":"Cappella VI - Orazione di Cristo nell'orto del Getsemani","religion":"christian","denomination":"roman_catholic","start_date":"1680","end_date":null,"start_year":1680,"end_year":null}},{"type":"Feature","geometry":{"type":"Point","coordinates":[9.18005,45.97485]},"properties":{"osm_type":"way","osm_id":54196493,"name":"Cappella VII - La Flagellazione","religion":"christian","denomination":"roman_catholic","start_date":"1680","end_date":null,"start_year":1680,"end_year":null}},{"type":"Feature","geometry":{"type":"Point","coordinates":[7.68485,45.07211]},"properties":{"osm_type":"way","osm_id":191215489,"name":"Chiesa di San Lorenzo","religion":"christian","denomination":"catholic","start_date":"1680","end_date":null,"start_year":1680,"end_year":null}},{"type":"Feature","geometry":{"type":"Point","coordinates":[9.32475,46.04157]},"properties":{"osm_type":"way","osm_id":69231803,"name":"Oratorio di San Grato","religion":"christian","denomination":"catholic","start_date":"1680","end_date":null,"start_year":1680,"end_year":null}},{"type":"Feature","geometry":{"type":"Point","coordinates":[6.69041,45.06766]},"properties":{"osm_type":"way","osm_id":314227395,"name":"Santi Ubaldo e Antonio da Padova","religion":"christian","denomination":"catholic","start_date":"1680","end_date":null,"start_year":1680,"end_year":null}},{"type":"Feature","geometry":{"type":"Point","coordinates":[8.33739,46.27057]},"properties":{"osm_type":"way","osm_id":822804940,"name":"Oratorio di Sant'Antonio abate","religion":"christian","denomination":"catholic_apostolic","start_date":"1681","end_date":null,"start_year":1681,"end_year":null}},{"type":"Feature","geometry":{"type":"Point","coordinates":[14.73165,41.5068]},"properties":{"osm_type":"way","osm_id":1063685250,"name":"San Nicola","religion":"christian","denomination":"roman_catholic","start_date":"1681","end_date":null,"start_year":1681,"end_year":null}},{"type":"Feature","geometry":{"type":"Point","coordinates":[14.2489,40.84546]},"properties":{"osm_type":"way","osm_id":183334567,"name":"Chiesa di San Nicola alla Carità","religion":"christian","denomination":"catholic","start_date":"1682","end_date":null,"start_year":1682,"end_year":null}},{"type":"Feature","geometry":{"type":"Point","coordinates":[11.7585,46.14752]},"properties":{"osm_type":"way","osm_id":60254455,"name":"San Gottardo","religion":"christian","denomination":"catholic","start_date":"1682","end_date":null,"start_year":1682,"end_year":null}},{"type":"Feature","geometry":{"type":"Point","coordinates":[7.67939,45.06982]},"properties":{"osm_type":"way","osm_id":318933091,"name":"Chiesa di San Giuseppe","religion":"christian","denomination":"catholic","start_date":"1683","end_date":null,"start_year":1683,"end_year":null}},{"type":"Feature","geometry":{"type":"Point","coordinates":[8.32139,46.15069]},"properties":{"osm_type":"way","osm_id":519577531,"name":"Oratorio San Giuseppe e San Francesco Saverio","religion":"christian","denomination":"roman_catholic","start_date":"1683","end_date":null,"start_year":1683,"end_year":null}},{"type":"Feature","geometry":{"type":"Point","coordinates":[8.49513,45.78148]},"properties":{"osm_type":"way","osm_id":207970025,"name":"Chiesa di San Rocco","religion":"christian","denomination":"catholic","start_date":"1684","end_date":null,"start_year":1684,"end_year":null}},{"type":"Feature","geometry":{"type":"Point","coordinates":[7.49597,44.84352]},"properties":{"osm_type":"way","osm_id":376713690,"name":"San Bernardino","religion":"christian","denomination":"catholic","start_date":"1684","end_date":null,"start_year":1684,"end_year":null}},{"type":"Feature","geometry":{"type":"Point","coordinates":[12.33238,45.43564]},"properties":{"osm_type":"way","osm_id":166171823,"name":"Chiesa di San Beneto","religion":"christian","denomination":"catholic","start_date":"1685","end_date":null,"start_year":1685,"end_year":null}},{"type":"Feature","geometry":{"type":"Point","coordinates":[11.3388,43.31778]},"properties":{"osm_type":"way","osm_id":47088268,"name":"Chiesa Di San Gaetano Da Thiene","religion":"christian","denomination":"catholic","start_date":"1685","end_date":null,"start_year":1685,"end_year":null}},{"type":"Feature","geometry":{"type":"Point","coordinates":[15.53437,38.17348]},"properties":{"osm_type":"way","osm_id":279622048,"name":"Eremo Santa Maria degli Angeli","religion":"christian","denomination":"catholic","start_date":"1685","end_date":null,"start_year":1685,"end_year":null}},{"type":"Feature","geometry":{"type":"Point","coordinates":[9.4973,46.20668]},"properties":{"osm_type":"way","osm_id":184035616,"name":"Chiesa della Madonna delle Nevi","religion":"christian","denomination":"roman_catholic","start_date":"1686","end_date":null,"start_year":1686,"end_year":null}},{"type":"Feature","geometry":{"type":"Point","coordinates":[11.71439,44.35236]},"properties":{"osm_type":"way","osm_id":149935788,"name":"Chiesa del Pio Suffragio","religion":"christian","denomination":"catholic","start_date":"1687","end_date":null,"start_year":1687,"end_year":null}},{"type":"Feature","geometry":{"type":"Point","coordinates":[9.41696,45.86256]},"properties":{"osm_type":"way","osm_id":311843191,"name":"Chiesa di San Francesco","religion":"christian","denomination":"roman_catholic","start_date":"1688","end_date":null,"start_year":1688,"end_year":null}},{"type":"Feature","geometry":{"type":"Point","coordinates":[8.06278,45.85871]},"properties":{"osm_type":"way","osm_id":1084516396,"name":"Chiesa Parrocchiale di San Giacomo","religion":"christian","denomination":"catholic","start_date":"1688..1702","end_date":null,"start_year":1688,"end_year":null}},{"type":"Feature","geometry":{"type":"Point","coordinates":[13.57072,42.8485]},"properties":{"osm_type":"way","osm_id":787373841,"name":"Chiesa della Madonna del Ponte","religion":"christian","denomination":"catholic","start_date":"1689","end_date":null,"start_year":1689,"end_year":null}},{"type":"Feature","geometry":{"type":"Point","coordinates":[8.17133,46.04601]},"properties":{"osm_type":"way","osm_id":668665534,"name":"Oratorio di Sant'Antonio di Padova","religion":"christian","denomination":"roman_catholic","start_date":"1689","end_date":null,"start_year":1689,"end_year":null}},{"type":"Feature","geometry":{"type":"Point","coordinates":[8.67983,46.05818]},"properties":{"osm_type":"way","osm_id":199623056,"name":"Beata Vergine delle Grazie","religion":"christian","denomination":"roman_catholic","start_date":"1690","end_date":null,"start_year":1690,"end_year":null}},{"type":"Feature","geometry":{"type":"Point","coordinates":[8.60895,45.96493]},"properties":{"osm_type":"node","osm_id":559535585,"name":"Cappella della Sabbia Rossa","religion":"christian","denomination":null,"start_date":"1690","end_date":null,"start_year":1690,"end_year":null}},{"type":"Feature","geometry":{"type":"Point","coordinates":[14.09208,37.80849]},"properties":{"osm_type":"way","osm_id":1078840024,"name":"Chiesa di San Pietro","religion":"christian","denomination":"catholic","start_date":"1691","end_date":null,"start_year":1691,"end_year":null}},{"type":"Feature","geometry":{"type":"Point","coordinates":[11.25073,45.5685]},"properties":{"osm_type":"way","osm_id":264653703,"name":"San Antonio Abate","religion":"christian","denomination":"catholic","start_date":"1691","end_date":null,"start_year":1691,"end_year":null}},{"type":"Feature","geometry":{"type":"Point","coordinates":[9.7661,45.29531]},"properties":{"osm_type":"way","osm_id":173308786,"name":"Chiesa di San Giuseppe","religion":"christian","denomination":"catholic","start_date":"1692","end_date":null,"start_year":1692,"end_year":null}},{"type":"Feature","geometry":{"type":"Point","coordinates":[14.79337,37.27368]},"properties":{"osm_type":"way","osm_id":189192541,"name":"Chiesa Madre di San Nicolò e del Santissimo Salvatore","religion":"christian","denomination":"roman_catholic","start_date":"1693","end_date":null,"start_year":1693,"end_year":null}},{"type":"Feature","geometry":{"type":"Point","coordinates":[14.20356,37.37244]},"properties":{"osm_type":"way","osm_id":481531000,"name":"Chiesa di San Francesco","religion":"christian","denomination":"roman_catholic","start_date":"1694","end_date":null,"start_year":1694,"end_year":null}},{"type":"Feature","geometry":{"type":"Point","coordinates":[13.69576,42.88044]},"properties":{"osm_type":"way","osm_id":604400664,"name":"Chiesa della Madonna degli Angeli","religion":"christian","denomination":"catholic","start_date":"1695","end_date":null,"start_year":1695,"end_year":null}},{"type":"Feature","geometry":{"type":"Point","coordinates":[8.11856,45.79174]},"properties":{"osm_type":"way","osm_id":334178585,"name":"Santuario della Madonna della Neve","religion":"christian","denomination":"catholic","start_date":"1695","end_date":null,"start_year":1695,"end_year":null}},{"type":"Feature","geometry":{"type":"Point","coordinates":[10.22128,45.57399]},"properties":{"osm_type":"way","osm_id":169839572,"name":"Chiesa della Natività di Maria","religion":"christian","denomination":"catholic","start_date":"1696","end_date":null,"start_year":1696,"end_year":null}},{"type":"Feature","geometry":{"type":"Point","coordinates":[14.91202,41.51114]},"properties":{"osm_type":"way","osm_id":382297419,"name":"San Bartolomeo Apostolo","religion":"christian","denomination":"catholic","start_date":"1696","end_date":null,"start_year":1696,"end_year":null}},{"type":"Feature","geometry":{"type":"Point","coordinates":[14.09355,37.80649]},"properties":{"osm_type":"way","osm_id":1117246994,"name":"Chiesa del Santissimo Salvatore","religion":"christian","denomination":null,"start_date":"1697","end_date":null,"start_year":1697,"end_year":null}},{"type":"Feature","geometry":{"type":"Point","coordinates":[10.40881,43.52189]},"properties":{"osm_type":"way","osm_id":58760265,"name":"Chiesa di San Giovanni Gualberto","religion":"christian","denomination":"catholic","start_date":"1697","end_date":null,"start_year":1697,"end_year":null}},{"type":"Feature","geometry":{"type":"Point","coordinates":[10.99536,45.43969]},"properties":{"osm_type":"way","osm_id":138814229,"name":"Chiesa di San Nicolò","religion":"christian","denomination":null,"start_date":"1697","end_date":null,"start_year":1697,"end_year":null}},{"type":"Feature","geometry":{"type":"Point","coordinates":[9.94914,45.89153]},"properties":{"osm_type":"way","osm_id":133264948,"name":"Basilica di Santa Maria Assunta e San Giovanni Battista","religion":"christian","denomination":"catholic","start_date":"1698","end_date":null,"start_year":1698,"end_year":null}},{"type":"Feature","geometry":{"type":"Point","coordinates":[11.51994,46.85151]},"properties":{"osm_type":"way","osm_id":182526030,"name":"Marienkapelle - Capella della Madonna","religion":"christian","denomination":"roman_catholic","start_date":"1698","end_date":null,"start_year":1698,"end_year":null}},{"type":"Feature","geometry":{"type":"Point","coordinates":[11.88007,46.89119]},"properties":{"osm_type":"way","osm_id":251851120,"name":"Chiesa di Selva di Fuori","religion":"christian","denomination":"catholic","start_date":"1699","end_date":null,"start_year":1699,"end_year":null}},{"type":"Feature","geometry":{"type":"Point","coordinates":[9.46448,46.13737]},"properties":{"osm_type":"way","osm_id":296622446,"name":"San Carpoforo","religion":"christian","denomination":"catholic","start_date":"1699","end_date":null,"start_year":1699,"end_year":null}},{"type":"Feature","geometry":{"type":"Point","coordinates":[15.71659,38.25458]},"properties":{"osm_type":"way","osm_id":1218952030,"name":"Chiesa di Santa Maria di Porto Salvo","religion":"christian","denomination":null,"start_date":"1700","end_date":null,"start_year":1700,"end_year":null}},{"type":"Feature","geometry":{"type":"Point","coordinates":[12.8065,43.69012]},"properties":{"osm_type":"node","osm_id":1754282030,"name":"Chiesa Madonna del Popolo","religion":"christian","denomination":"catholic","start_date":"~1700","end_date":null,"start_year":1700,"end_year":null}},{"type":"Feature","geometry":{"type":"Point","coordinates":[8.32519,44.64773]},"properties":{"osm_type":"way","osm_id":295329852,"name":"Chiesa parrocchiale di Santa Giulia","religion":"christian","denomination":"catholic","start_date":"1700","end_date":null,"start_year":1700,"end_year":null}},{"type":"Feature","geometry":{"type":"Point","coordinates":[11.39291,46.49422]},"properties":{"osm_type":"way","osm_id":292599759,"name":"Maria Hilf","religion":"christian","denomination":"roman_catholic","start_date":"1700","end_date":null,"start_year":1700,"end_year":null}},{"type":"Feature","geometry":{"type":"Point","coordinates":[8.06511,44.83503]},"properties":{"osm_type":"way","osm_id":672821169,"name":"San Giuseppe","religion":"christian","denomination":"catholic","start_date":"1700","end_date":null,"start_year":1700,"end_year":null}},{"type":"Feature","geometry":{"type":"Point","coordinates":[13.00499,41.31762]},"properties":{"osm_type":"way","osm_id":1241974506,"name":"Sant'Andrea","religion":"christian","denomination":"catholic","start_date":"1700","end_date":null,"start_year":1700,"end_year":null}},{"type":"Feature","geometry":{"type":"Point","coordinates":[11.98094,46.99537]},"properties":{"osm_type":"way","osm_id":39345585,"name":null,"religion":"christian","denomination":"roman_catholic","start_date":"1700","end_date":null,"start_year":1700,"end_year":null}},{"type":"Feature","geometry":{"type":"Point","coordinates":[15.21351,38.14282]},"properties":{"osm_type":"way","osm_id":229102223,"name":"Chiesa dell'Immacolata","religion":"christian","denomination":"catholic","start_date":"1702","end_date":null,"start_year":1702,"end_year":null}},{"type":"Feature","geometry":{"type":"Point","coordinates":[15.17125,38.10943]},"properties":{"osm_type":"way","osm_id":481310589,"name":"Chiesa di San Filippo d'Agira","religion":"christian","denomination":"catholic","start_date":"1702","end_date":null,"start_year":1702,"end_year":null}},{"type":"Feature","geometry":{"type":"Point","coordinates":[14.79386,37.2707]},"properties":{"osm_type":"way","osm_id":228727756,"name":"Chiesa di San Giovanni Battista","religion":"christian","denomination":"roman_catholic","start_date":"1702","end_date":null,"start_year":1702,"end_year":null}},{"type":"Feature","geometry":{"type":"Point","coordinates":[14.79455,37.2717]},"properties":{"osm_type":"way","osm_id":228727754,"name":"Chiesa di San Sebastiano","religion":"christian","denomination":"roman_catholic","start_date":"1702","end_date":null,"start_year":1702,"end_year":null}},{"type":"Feature","geometry":{"type":"Point","coordinates":[13.87188,41.91924]},"properties":{"osm_type":"way","osm_id":489094110,"name":"Chiesa di Santa Maria dell'Annunziata (Madonna del Lago)","religion":"christian","denomination":null,"start_date":"1702","end_date":null,"start_year":1702,"end_year":null}},{"type":"Feature","geometry":{"type":"Point","coordinates":[10.27655,45.58026]},"properties":{"osm_type":"way","osm_id":168514896,"name":"Chiesa vecchia di San Francesco d'Assisi","religion":"christian","denomination":"catholic","start_date":"1702","end_date":null,"start_year":1702,"end_year":null}},{"type":"Feature","geometry":{"type":"Point","coordinates":[7.22313,45.10941]},"properties":{"osm_type":"way","osm_id":1154226889,"name":"Cappella di Sant'Anna","religion":"christian","denomination":"catholic","start_date":"1703","end_date":null,"start_year":1703,"end_year":null}},{"type":"Feature","geometry":{"type":"Point","coordinates":[8.91718,45.57647]},"properties":{"osm_type":"way","osm_id":238968578,"name":"Chiesa del crocifisso","religion":"christian","denomination":"catholic","start_date":"1703","end_date":null,"start_year":1703,"end_year":null}},{"type":"Feature","geometry":{"type":"Point","coordinates":[8.99095,45.33281]},"properties":{"osm_type":"way","osm_id":1296965149,"name":"Chiesa di Sant'Anna","religion":"christian","denomination":"roman_catholic","start_date":"1703","end_date":null,"start_year":1703,"end_year":null}},{"type":"Feature","geometry":{"type":"Point","coordinates":[9.70221,45.3355]},"properties":{"osm_type":"way","osm_id":279333667,"name":"Chiesa di Sant'Imerio","religion":"christian","denomination":"catholic","start_date":"1703","end_date":null,"start_year":1703,"end_year":null}},{"type":"Feature","geometry":{"type":"Point","coordinates":[8.25553,45.81899]},"properties":{"osm_type":"way","osm_id":222561191,"name":"Cappella XXIV - Gesù dinanzi al tribunale di Anna","religion":"christian","denomination":"catholic","start_date":"1704","end_date":null,"start_year":1704,"end_year":null}},{"type":"Feature","geometry":{"type":"Point","coordinates":[8.82807,45.5958]},"properties":{"osm_type":"way","osm_id":221959237,"name":"Chiesa di Madonna in Campagna","religion":"christian","denomination":"catholic","start_date":"1704","end_date":null,"start_year":1704,"end_year":null}},{"type":"Feature","geometry":{"type":"Point","coordinates":[9.46063,46.20963]},"properties":{"osm_type":"way","osm_id":373957817,"name":"Chiesa di San Colombano","religion":"christian","denomination":"roman_catholic","start_date":"1704","end_date":null,"start_year":1704,"end_year":null}},{"type":"Feature","geometry":{"type":"Point","coordinates":[15.06135,37.61888]},"properties":{"osm_type":"way","osm_id":229884683,"name":"Basilica di Santa Caterina d'Alessandria","religion":"christian","denomination":"roman_catholic","start_date":"1705","end_date":null,"start_year":1705,"end_year":null}},{"type":"Feature","geometry":{"type":"Point","coordinates":[9.52528,45.52613]},"properties":{"osm_type":"way","osm_id":181050041,"name":"Cappella del Revellino","religion":"christian","denomination":null,"start_date":"1705","end_date":null,"start_year":1705,"end_year":null}},{"type":"Feature","geometry":{"type":"Point","coordinates":[8.11676,46.06226]},"properties":{"osm_type":"way","osm_id":1177890347,"name":"Cappella di San Giuseppe","religion":"christian","denomination":"roman_catholic","start_date":"1705","end_date":null,"start_year":1705,"end_year":null}},{"type":"Feature","geometry":{"type":"Point","coordinates":[9.20048,45.98095]},"properties":{"osm_type":"way","osm_id":273618769,"name":"Chiesa di San Giuseppe","religion":"christian","denomination":"catholic","start_date":"1707","end_date":null,"start_year":1707,"end_year":null}},{"type":"Feature","geometry":{"type":"Point","coordinates":[7.89468,44.50181]},"properties":{"osm_type":"way","osm_id":373037368,"name":"Santuario di Mellea","religion":"christian","denomination":"roman_catholic","start_date":"1707","end_date":null,"start_year":1707,"end_year":null}},{"type":"Feature","geometry":{"type":"Point","coordinates":[9.19838,45.46454]},"properties":{"osm_type":"way","osm_id":44199287,"name":"Chiesa di Santa Maria della Sanità","religion":"christian","denomination":"catholic","start_date":"1708","end_date":null,"start_year":1708,"end_year":null}},{"type":"Feature","geometry":{"type":"Point","coordinates":[14.06144,41.51306]},"properties":{"osm_type":"way","osm_id":343278409,"name":"Santa Caterina","religion":"christian","denomination":"catholic","start_date":"1708","end_date":null,"start_year":1708,"end_year":null}},{"type":"Feature","geometry":{"type":"Point","coordinates":[16.56248,40.29165]},"properties":{"osm_type":"way","osm_id":1026428425,"name":"Cappella di San Nicola","religion":"christian","denomination":null,"start_date":"1709","end_date":null,"start_year":1709,"end_year":null}},{"type":"Feature","geometry":{"type":"Point","coordinates":[9.35688,46.0922]},"properties":{"osm_type":"way","osm_id":114178618,"name":"Chiesetta di San Sfirio","religion":"christian","denomination":"catholic","start_date":"1709","end_date":null,"start_year":1709,"end_year":null}},{"type":"Feature","geometry":{"type":"Point","coordinates":[8.42285,45.33029]},"properties":{"osm_type":"node","osm_id":10076134028,"name":"Altare di San Filippo Neri","religion":"christian","denomination":"catholic","start_date":"1710..1711","end_date":null,"start_year":1710,"end_year":null}},{"type":"Feature","geometry":{"type":"Point","coordinates":[14.24709,37.06668]},"properties":{"osm_type":"way","osm_id":178672519,"name":"Parrocchia Beata Vergine del Monte Carmelo","religion":"christian","denomination":"roman_catholic","start_date":"1710","end_date":null,"start_year":1710,"end_year":null}},{"type":"Feature","geometry":{"type":"Point","coordinates":[10.22974,45.6573]},"properties":{"osm_type":"way","osm_id":199114983,"name":"Chiesa di Sant'Antonio di Padova","religion":"christian","denomination":"catholic","start_date":"1711","end_date":null,"start_year":1711,"end_year":null}},{"type":"Feature","geometry":{"type":"Point","coordinates":[7.63182,45.36863]},"properties":{"osm_type":"way","osm_id":705125117,"name":"Cappella I - Gesù davanti a Pilato","religion":null,"denomination":"catholic","start_date":"1712","end_date":null,"start_year":1712,"end_year":null}},{"type":"Feature","geometry":{"type":"Point","coordinates":[7.62787,45.36545]},"properties":{"osm_type":"way","osm_id":200818442,"name":"Cappella VI - La Veronica","religion":null,"denomination":"catholic","start_date":"1712","end_date":null,"start_year":1712,"end_year":null}},{"type":"Feature","geometry":{"type":"Point","coordinates":[7.94992,44.53056]},"properties":{"osm_type":"way","osm_id":145026172,"name":"Chiesa dei Battuti","religion":"christian","denomination":"roman_catholic","start_date":"1712","end_date":null,"start_year":1712,"end_year":null}},{"type":"Feature","geometry":{"type":"Point","coordinates":[7.62982,45.36684]},"properties":{"osm_type":"way","osm_id":200818448,"name":"Cappella IV - Incontro con Maria","religion":"christian","denomination":"catholic","start_date":"1713","end_date":null,"start_year":1713,"end_year":null}},{"type":"Feature","geometry":{"type":"Point","coordinates":[14.24193,40.83522]},"properties":{"osm_type":"way","osm_id":183340573,"name":"Chiesa di Santa Caterina a Chiaia","religion":"christian","denomination":"catholic","start_date":"1713","end_date":null,"start_year":1713,"end_year":null}},{"type":"Feature","geometry":{"type":"Point","coordinates":[15.17919,37.80706]},"properties":{"osm_type":"way","osm_id":148634943,"name":"Chiesa di Santa Maria del Rosario","religion":"christian","denomination":"roman_catholic","start_date":"1713","end_date":null,"start_year":1713,"end_year":null}},{"type":"Feature","geometry":{"type":"Point","coordinates":[10.78885,45.30039]},"properties":{"osm_type":"way","osm_id":1255718240,"name":"Chiesa parrocchiale Malavicina","religion":"christian","denomination":"catholic","start_date":"1713","end_date":null,"start_year":1713,"end_year":null}},{"type":"Feature","geometry":{"type":"Point","coordinates":[7.63087,45.36782]},"properties":{"osm_type":"way","osm_id":200818432,"name":"Cappella II - Gesù condannato a morte","religion":"christian","denomination":"catholic","start_date":"1714","end_date":null,"start_year":1714,"end_year":null}},{"type":"Feature","geometry":{"type":"Point","coordinates":[7.63191,45.36772]},"properties":{"osm_type":"way","osm_id":200818444,"name":"Cappella XI - Crocifissione","religion":"christian","denomination":"catholic","start_date":"1714","end_date":null,"start_year":1714,"end_year":null}},{"type":"Feature","geometry":{"type":"Point","coordinates":[13.15865,43.18964]},"properties":{"osm_type":"way","osm_id":537364505,"name":"Madonna della Neve","religion":"christian","denomination":"roman_catholic","start_date":"1714","end_date":null,"start_year":1714,"end_year":null}},{"type":"Feature","geometry":{"type":"Point","coordinates":[7.63028,45.3672]},"properties":{"osm_type":"way","osm_id":705125116,"name":"Cappella III - Prima caduta","religion":"christian","denomination":"catholic","start_date":"1715","end_date":null,"start_year":1715,"end_year":null}},{"type":"Feature","geometry":{"type":"Point","coordinates":[7.62933,45.36603]},"properties":{"osm_type":"way","osm_id":200818436,"name":"Cappella VII - Seconda caduta","religion":"christian","denomination":"catholic","start_date":"1715","end_date":null,"start_year":1715,"end_year":null}},{"type":"Feature","geometry":{"type":"Point","coordinates":[7.63232,45.36828]},"properties":{"osm_type":"way","osm_id":200362929,"name":"Cappella XII - Morte di Gesù in croce","religion":null,"denomination":"catholic","start_date":"1715","end_date":null,"start_year":1715,"end_year":null}},{"type":"Feature","geometry":{"type":"Point","coordinates":[8.93289,45.63109]},"properties":{"osm_type":"way","osm_id":879855116,"name":"Chiesa di San Giuseppe alla Cascina Pagana","religion":"christian","denomination":"roman_catholic","start_date":"1715","end_date":null,"start_year":1715,"end_year":null}},{"type":"Feature","geometry":{"type":"Point","coordinates":[7.54954,44.39415]},"properties":{"osm_type":"way","osm_id":285484832,"name":"Chiesa di Santa Croce","religion":"christian","denomination":"catholic","start_date":"1715","end_date":null,"start_year":1715,"end_year":null}},{"type":"Feature","geometry":{"type":"Point","coordinates":[7.34537,45.09589]},"properties":{"osm_type":"way","osm_id":361465943,"name":"Santuario di Nostra Signora di Fatima","religion":"christian","denomination":"catholic","start_date":"1715","end_date":null,"start_year":1715,"end_year":null}},{"type":"Feature","geometry":{"type":"Point","coordinates":[7.00428,45.16319]},"properties":{"osm_type":"way","osm_id":290985842,"name":"Zapelâ Tithâbô","religion":"christian","denomination":"catholic","start_date":"1715","end_date":null,"start_year":1715,"end_year":null}},{"type":"Feature","geometry":{"type":"Point","coordinates":[11.35593,45.71434]},"properties":{"osm_type":"way","osm_id":255930277,"name":"Chiesa dell'Immacolata","religion":"christian","denomination":"catholic","start_date":"1716","end_date":null,"start_year":1716,"end_year":null}},{"type":"Feature","geometry":{"type":"Point","coordinates":[13.97679,42.58018]},"properties":{"osm_type":"way","osm_id":310794334,"name":"Chiesa di San Francesco","religion":"christian","denomination":"catholic","start_date":"1716","end_date":null,"start_year":1716,"end_year":null}},{"type":"Feature","geometry":{"type":"Point","coordinates":[11.21552,45.18973]},"properties":{"osm_type":"way","osm_id":208200130,"name":"Oratorio della Beata Vergine dello Spasimo","religion":"christian","denomination":"roman_catholic","start_date":"1716","end_date":null,"start_year":1716,"end_year":null}},{"type":"Feature","geometry":{"type":"Point","coordinates":[8.35536,45.26638]},"properties":{"osm_type":"way","osm_id":288643523,"name":"Chiesa della Beata Vergine Addolorata","religion":"christian","denomination":"roman_catholic","start_date":"1717","end_date":null,"start_year":1717,"end_year":null}},{"type":"Feature","geometry":{"type":"Point","coordinates":[10.39868,43.7147]},"properties":{"osm_type":"way","osm_id":253731973,"name":"Chiesa di Santa Maria Maddalena","religion":"christian","denomination":"catholic","start_date":"1717","end_date":null,"start_year":1717,"end_year":null}},{"type":"Feature","geometry":{"type":"Point","coordinates":[8.17669,46.04966]},"properties":{"osm_type":"way","osm_id":257896968,"name":"Oratorio di Cheggio","religion":"christian","denomination":"catholic","start_date":"1717","end_date":null,"start_year":1717,"end_year":null}},{"type":"Feature","geometry":{"type":"Point","coordinates":[8.4191,45.32425]},"properties":{"osm_type":"way","osm_id":119587066,"name":"Parrocchia Santo Discepolo, Protomartire e Arcidiacono Stefano","religion":"christian","denomination":"orthodox","start_date":"1717..1719","end_date":null,"start_year":1717,"end_year":null}},{"type":"Feature","geometry":{"type":"Point","coordinates":[8.19793,45.25718]},"properties":{"osm_type":"way","osm_id":723505131,"name":"Chiesa della Natività di Maria Vergine","religion":"christian","denomination":"roman_catholic","start_date":"1718..1720","end_date":null,"start_year":1718,"end_year":null}},{"type":"Feature","geometry":{"type":"Point","coordinates":[8.90511,45.87184]},"properties":{"osm_type":"way","osm_id":140422246,"name":"Chiesa di Santa Maria Nascente","religion":"christian","denomination":"catholic","start_date":"1718","end_date":null,"start_year":1718,"end_year":null}},{"type":"Feature","geometry":{"type":"Point","coordinates":[6.83473,45.00565]},"properties":{"osm_type":"way","osm_id":445236425,"name":"Cappella di Sant'Anna","religion":"christian","denomination":"catholic","start_date":"1720","end_date":null,"start_year":1720,"end_year":null}},{"type":"Feature","geometry":{"type":"Point","coordinates":[7.36411,45.09592]},"properties":{"osm_type":"way","osm_id":76706985,"name":"Cappella Madonna delle Grazie","religion":"christian","denomination":"catholic","start_date":"1720","end_date":null,"start_year":1720,"end_year":null}},{"type":"Feature","geometry":{"type":"Point","coordinates":[13.61864,41.64886]},"properties":{"osm_type":"way","osm_id":172092549,"name":"Chiesa della Santissima Trinità","religion":"christian","denomination":"catholic","start_date":"1720","end_date":null,"start_year":1720,"end_year":null}},{"type":"Feature","geometry":{"type":"Point","coordinates":[8.20024,44.89566]},"properties":{"osm_type":"way","osm_id":127582551,"name":"Chiesa di San Rocco","religion":"christian","denomination":"catholic","start_date":"1720","end_date":null,"start_year":1720,"end_year":null}},{"type":"Feature","geometry":{"type":"Point","coordinates":[14.16966,42.35233]},"properties":{"osm_type":"way","osm_id":137606296,"name":"Chiesa di Santa Chiara","religion":"christian","denomination":"catholic","start_date":"1720","end_date":null,"start_year":1720,"end_year":null}},{"type":"Feature","geometry":{"type":"Point","coordinates":[15.29649,38.17087]},"properties":{"osm_type":"way","osm_id":220207958,"name":"Chiesa di Santa Maria dell'Abbondanza","religion":"christian","denomination":"catholic","start_date":"1720","end_date":null,"start_year":1720,"end_year":null}},{"type":"Feature","geometry":{"type":"Point","coordinates":[10.25207,45.53797]},"properties":{"osm_type":"way","osm_id":167297997,"name":"Santuario della Madonna del Patrocinio","religion":"christian","denomination":"catholic","start_date":"1720","end_date":null,"start_year":1720,"end_year":null}},{"type":"Feature","geometry":{"type":"Point","coordinates":[11.57807,46.65279]},"properties":{"osm_type":"way","osm_id":223992305,"name":"St. Katharina","religion":"christian","denomination":"roman_catholic","start_date":"1720","end_date":null,"start_year":1720,"end_year":null}},{"type":"Feature","geometry":{"type":"Point","coordinates":[8.80349,45.66989]},"properties":{"osm_type":"way","osm_id":256157345,"name":"Chiesina di San Marco","religion":"christian","denomination":"catholic","start_date":"1721","end_date":null,"start_year":1721,"end_year":null}},{"type":"Feature","geometry":{"type":"Point","coordinates":[7.11658,45.14128]},"properties":{"osm_type":"way","osm_id":274864487,"name":"San Giovanni Battista","religion":"christian","denomination":"catholic","start_date":"1721","end_date":null,"start_year":1721,"end_year":null}},{"type":"Feature","geometry":{"type":"Point","coordinates":[9.42166,45.8628]},"properties":{"osm_type":"way","osm_id":167015929,"name":"Chiesa della Beata Vergine del Rosario","religion":"christian","denomination":"roman_catholic","start_date":"before 1724","end_date":null,"start_year":1723,"end_year":null}},{"type":"Feature","geometry":{"type":"Point","coordinates":[14.28755,42.4192]},"properties":{"osm_type":"way","osm_id":949807689,"name":"Chiesa di San Bernardino da Siena","religion":"christian","denomination":null,"start_date":"1723","end_date":null,"start_year":1723,"end_year":null}},{"type":"Feature","geometry":{"type":"Point","coordinates":[11.87804,45.41262]},"properties":{"osm_type":"way","osm_id":131996863,"name":"Oratorio della Beata Vergine Maria alle Porte Contarine","religion":"christian","denomination":"catholic","start_date":"1723","end_date":null,"start_year":1723,"end_year":null}},{"type":"Feature","geometry":{"type":"Point","coordinates":[10.37912,45.61348]},"properties":{"osm_type":"way","osm_id":324613409,"name":"Santuario della Madonna del Manghér","religion":"christian","denomination":"catholic","start_date":"1723-12-23","end_date":null,"start_year":1723,"end_year":null}},{"type":"Feature","geometry":{"type":"Point","coordinates":[7.87384,45.46215]},"properties":{"osm_type":"way","osm_id":178331319,"name":"Chiesa di San Gaudenzio","religion":"christian","denomination":"catholic","start_date":"1724","end_date":null,"start_year":1724,"end_year":null}},{"type":"Feature","geometry":{"type":"Point","coordinates":[11.61521,45.48177]},"properties":{"osm_type":"way","osm_id":140856820,"name":"Oratorio Beata Vergine del Carmine","religion":"christian","denomination":"catholic","start_date":"1724","end_date":null,"start_year":1724,"end_year":null}},{"type":"Feature","geometry":{"type":"Point","coordinates":[9.71159,45.28055]},"properties":{"osm_type":"way","osm_id":968537725,"name":"Oratorio della Santissima Trinità","religion":"christian","denomination":"roman_catholic","start_date":"1724","end_date":null,"start_year":1724,"end_year":null}},{"type":"Feature","geometry":{"type":"Point","coordinates":[9.06575,45.9909]},"properties":{"osm_type":"way","osm_id":195463175,"name":"Oratorio di San Giovanni Nepomuceno","religion":"christian","denomination":"catholic","start_date":"1724","end_date":null,"start_year":1724,"end_year":null}},{"type":"Feature","geometry":{"type":"Point","coordinates":[14.91106,36.78499]},"properties":{"osm_type":"way","osm_id":310067753,"name":"Basilica di Santa Maria Maggiore","religion":"christian","denomination":null,"start_date":"1725","end_date":null,"start_year":1725,"end_year":null}},{"type":"Feature","geometry":{"type":"Point","coordinates":[9.22468,46.01864]},"properties":{"osm_type":"way","osm_id":105392416,"name":"Chiesa dei Santi Pietro e Paolo","religion":"christian","denomination":"catholic","start_date":"1725","end_date":null,"start_year":1725,"end_year":null}},{"type":"Feature","geometry":{"type":"Point","coordinates":[8.18924,46.12208]},"properties":{"osm_type":"way","osm_id":917066589,"name":"Oratorio di San Martino","religion":"christian","denomination":"catholic","start_date":"1725","end_date":null,"start_year":1725,"end_year":null}},{"type":"Feature","geometry":{"type":"Point","coordinates":[9.28364,45.93105]},"properties":{"osm_type":"way","osm_id":312805752,"name":"S. Maria del Carmine","religion":"christian","denomination":"catholic","start_date":"1725","end_date":null,"start_year":1725,"end_year":null}},{"type":"Feature","geometry":{"type":"Point","coordinates":[11.87205,45.40042]},"properties":{"osm_type":"way","osm_id":131965524,"name":"Chiesa del Torresino","religion":"christian","denomination":"catholic","start_date":"1726","end_date":null,"start_year":1726,"end_year":null}},{"type":"Feature","geometry":{"type":"Point","coordinates":[8.33485,45.72406]},"properties":{"osm_type":"way","osm_id":380043315,"name":"Oratorio di San Giacomo","religion":"christian","denomination":"catholic","start_date":"1726","end_date":null,"start_year":1726,"end_year":null}},{"type":"Feature","geometry":{"type":"Point","coordinates":[12.68538,46.56683]},"properties":{"osm_type":"way","osm_id":196605493,"name":"Sant'Antonio","religion":"christian","denomination":"roman_catholic","start_date":"1726","end_date":null,"start_year":1726,"end_year":null}},{"type":"Feature","geometry":{"type":"Point","coordinates":[9.70938,45.28555]},"properties":{"osm_type":"way","osm_id":468530601,"name":"Santa Maria Maddalena Penitente","religion":"christian","denomination":"roman_catholic","start_date":"1726","end_date":null,"start_year":1726,"end_year":null}},{"type":"Feature","geometry":{"type":"Point","coordinates":[9.08719,45.66172]},"properties":{"osm_type":"way","osm_id":1043713647,"name":"Cappella delle Anime Purganti","religion":"christian","denomination":"roman_catholic","start_date":"1727","end_date":null,"start_year":1727,"end_year":null}},{"type":"Feature","geometry":{"type":"Point","coordinates":[6.74502,45.07061]},"properties":{"osm_type":"way","osm_id":805984107,"name":"Cappella Maria Ausiliatrice","religion":"christian","denomination":"catholic","start_date":"1727","end_date":null,"start_year":1727,"end_year":null}},{"type":"Feature","geometry":{"type":"Point","coordinates":[17.3582,40.83434]},"properties":{"osm_type":"way","osm_id":478475789,"name":"Chiesa dell’Assunta","religion":"christian","denomination":"catholic","start_date":"1727","end_date":null,"start_year":1727,"end_year":null}},{"type":"Feature","geometry":{"type":"Point","coordinates":[15.06814,36.8921]},"properties":{"osm_type":"way","osm_id":299846417,"name":"Chiesa di San Domenico","religion":"christian","denomination":"roman_catholic","start_date":"1727","end_date":null,"start_year":1727,"end_year":null}},{"type":"Feature","geometry":{"type":"Point","coordinates":[14.23206,41.85532]},"properties":{"osm_type":"way","osm_id":376271073,"name":"Chiesa di San Nicola","religion":"christian","denomination":"catholic","start_date":"1727","end_date":null,"start_year":1727,"end_year":null}},{"type":"Feature","geometry":{"type":"Point","coordinates":[9.17855,45.46027]},"properties":{"osm_type":"way","osm_id":190036557,"name":"San Bernardino alle Monache","religion":"christian","denomination":"catholic","start_date":"1727","end_date":null,"start_year":1727,"end_year":null}},{"type":"Feature","geometry":{"type":"Point","coordinates":[9.27441,45.85083]},"properties":{"osm_type":"way","osm_id":45784514,"name":"Basilica di Santo Stefano","religion":"christian","denomination":"catholic","start_date":"1728","end_date":null,"start_year":1728,"end_year":null}},{"type":"Feature","geometry":{"type":"Point","coordinates":[7.077,45.13082]},"properties":{"osm_type":"way","osm_id":329348161,"name":"Cappella della Consolata","religion":"christian","denomination":"catholic","start_date":"1728","end_date":null,"start_year":1728,"end_year":null}},{"type":"Feature","geometry":{"type":"Point","coordinates":[8.56252,44.37985]},"properties":{"osm_type":"way","osm_id":203203888,"name":"Cappella di Sant′Anna","religion":"christian","denomination":"catholic","start_date":"1728","end_date":null,"start_year":1728,"end_year":null}},{"type":"Feature","geometry":{"type":"Point","coordinates":[14.35559,42.20147]},"properties":{"osm_type":"way","osm_id":1308002033,"name":"Chiesa di Maria della Selva","religion":"christian","denomination":null,"start_date":"1728","end_date":null,"start_year":1728,"end_year":null}},{"type":"Feature","geometry":{"type":"Point","coordinates":[8.89648,45.58674]},"properties":{"osm_type":"way","osm_id":310677888,"name":"Chiesa di Santa Maria Maddalena","religion":"christian","denomination":"catholic","start_date":"1728","end_date":null,"start_year":1728,"end_year":null}},{"type":"Feature","geometry":{"type":"Point","coordinates":[12.47288,41.88863]},"properties":{"osm_type":"way","osm_id":203650352,"name":"Chiesa dei Santi Maria e Gallicano","religion":"christian","denomination":"roman_catholic","start_date":"1729","end_date":null,"start_year":1729,"end_year":null}},{"type":"Feature","geometry":{"type":"Point","coordinates":[14.03331,42.58769]},"properties":{"osm_type":"way","osm_id":561501899,"name":"Chiesa di Sant'Antonio","religion":"christian","denomination":null,"start_date":"1729","end_date":null,"start_year":1729,"end_year":null}},{"type":"Feature","geometry":{"type":"Point","coordinates":[9.36866,45.8254]},"properties":{"osm_type":"way","osm_id":1099739370,"name":"Oratorio dell'Angelo Custode","religion":"christian","denomination":"catholic","start_date":"1729","end_date":null,"start_year":1729,"end_year":null}},{"type":"Feature","geometry":{"type":"Point","coordinates":[8.29873,46.25697]},"properties":{"osm_type":"way","osm_id":601225688,"name":"Oratorio della Madonna di Salera","religion":"christian","denomination":"catholic","start_date":"1729","end_date":null,"start_year":1729,"end_year":null}},{"type":"Feature","geometry":{"type":"Point","coordinates":[10.52061,45.29558]},"properties":{"osm_type":"way","osm_id":453054973,"name":"Oratorio di Sant'Anna","religion":"christian","denomination":"catholic","start_date":"1729","end_date":null,"start_year":1729,"end_year":null}},{"type":"Feature","geometry":{"type":"Point","coordinates":[8.35639,46.28027]},"properties":{"osm_type":"way","osm_id":823850602,"name":null,"religion":"christian","denomination":"roman_catholic","start_date":"1729","end_date":null,"start_year":1729,"end_year":null}},{"type":"Feature","geometry":{"type":"Point","coordinates":[15.06939,36.89092]},"properties":{"osm_type":"way","osm_id":299846416,"name":"Chiesa di San Carlo al Corso","religion":"christian","denomination":"roman_catholic","start_date":"1730","end_date":null,"start_year":1730,"end_year":null}},{"type":"Feature","geometry":{"type":"Point","coordinates":[7.68863,45.06553]},"properties":{"osm_type":"way","osm_id":245035923,"name":"Chiesa di Santa Croce","religion":"christian","denomination":"orthodox","start_date":"1730","end_date":null,"start_year":1730,"end_year":null}},{"type":"Feature","geometry":{"type":"Point","coordinates":[10.23165,45.59613]},"properties":{"osm_type":"way","osm_id":681440515,"name":"Oratorio della Beata Vergine della Mercede","religion":"christian","denomination":"catholic","start_date":"1730","end_date":null,"start_year":1730,"end_year":null}},{"type":"Feature","geometry":{"type":"Point","coordinates":[10.28523,45.65059]},"properties":{"osm_type":"way","osm_id":199904616,"name":"Chiesa della Madonna della Neve","religion":"christian","denomination":"catholic","start_date":"1731","end_date":null,"start_year":1731,"end_year":null}},{"type":"Feature","geometry":{"type":"Point","coordinates":[14.0823,37.28439]},"properties":{"osm_type":"way","osm_id":1309343021,"name":"Chiesa della Madonna Santissima della Catena","religion":"christian","denomination":"catholic","start_date":"1732","end_date":null,"start_year":1732,"end_year":null}},{"type":"Feature","geometry":{"type":"Point","coordinates":[12.72154,46.56904]},"properties":{"osm_type":"way","osm_id":196603042,"name":"Chiesa di Sant'Osvaldo","religion":"christian","denomination":"roman_catholic","start_date":"1732","end_date":null,"start_year":1732,"end_year":null}},{"type":"Feature","geometry":{"type":"Point","coordinates":[12.18648,46.72796]},"properties":{"osm_type":"way","osm_id":520850461,"name":"St.-Johannes-Nepomuk Kirche in Maistatt - Chiesa di San Giovanni Nepomuceno a Bagni Pian di Maia","religion":"christian","denomination":"roman_catholic","start_date":"1732","end_date":null,"start_year":1732,"end_year":null}},{"type":"Feature","geometry":{"type":"Point","coordinates":[13.23064,46.06786]},"properties":{"osm_type":"way","osm_id":36686378,"name":"Chiesa del Santissimo Redentore","religion":"christian","denomination":null,"start_date":"1733","end_date":null,"start_year":1733,"end_year":null}},{"type":"Feature","geometry":{"type":"Point","coordinates":[15.41229,37.99277]},"properties":{"osm_type":"way","osm_id":122971078,"name":"Chiesa di San Francesco di Paola","religion":"christian","denomination":"catholic","start_date":"1733","end_date":null,"start_year":1733,"end_year":null}},{"type":"Feature","geometry":{"type":"Point","coordinates":[13.23986,46.06413]},"properties":{"osm_type":"way","osm_id":36686384,"name":"Chiesa di Sant'Antonio Abate","religion":"christian","denomination":"catholic","start_date":"1733","end_date":null,"start_year":1733,"end_year":null}},{"type":"Feature","geometry":{"type":"Point","coordinates":[12.33222,45.44293]},"properties":{"osm_type":"way","osm_id":138842110,"name":"Chiesa di Santa Fosca","religion":"christian","denomination":"catholic","start_date":"1733","end_date":null,"start_year":1733,"end_year":null}},{"type":"Feature","geometry":{"type":"Point","coordinates":[9.50413,45.31818]},"properties":{"osm_type":"way","osm_id":168505623,"name":"Chiesa di Santa Maria Maddalena","religion":"christian","denomination":"catholic","start_date":"1733","end_date":null,"start_year":1733,"end_year":null}},{"type":"Feature","geometry":{"type":"Point","coordinates":[10.27315,45.70882]},"properties":{"osm_type":"way","osm_id":390300315,"name":"Santel di Santa Croce","religion":"christian","denomination":"catholic","start_date":"1733","end_date":null,"start_year":1733,"end_year":null}},{"type":"Feature","geometry":{"type":"Point","coordinates":[10.14123,45.62246]},"properties":{"osm_type":"way","osm_id":562298141,"name":"Chiesa di San Giuseppe","religion":"christian","denomination":"catholic","start_date":"1734","end_date":null,"start_year":1734,"end_year":null}},{"type":"Feature","geometry":{"type":"Point","coordinates":[13.50794,38.07881]},"properties":{"osm_type":"way","osm_id":72134637,"name":"Santissimo Sepolcro","religion":"christian","denomination":"catholic","start_date":"1734","end_date":null,"start_year":1734,"end_year":null}},{"type":"Feature","geometry":{"type":"Point","coordinates":[14.7314,40.80573]},"properties":{"osm_type":"way","osm_id":365105185,"name":"Chiesa della Santissima Trinità","religion":"christian","denomination":"catholic","start_date":"1735","end_date":null,"start_year":1735,"end_year":null}},{"type":"Feature","geometry":{"type":"Point","coordinates":[9.32718,46.054]},"properties":{"osm_type":"way","osm_id":632583987,"name":"Chiesa di San Gregorio","religion":"christian","denomination":"catholic","start_date":"before 1736","end_date":null,"start_year":1735,"end_year":null}},{"type":"Feature","geometry":{"type":"Point","coordinates":[12.29658,42.62396]},"properties":{"osm_type":"way","osm_id":1240481442,"name":"Chiesa dei Santi Pietro e Cesareo","religion":"christian","denomination":"roman_catholic","start_date":"1736","end_date":null,"start_year":1736,"end_year":null}},{"type":"Feature","geometry":{"type":"Point","coordinates":[7.67613,45.0751]},"properties":{"osm_type":"way","osm_id":318931123,"name":"Chiesa della Madonna del Carmine","religion":"christian","denomination":"catholic","start_date":"1736","end_date":null,"start_year":1736,"end_year":null}},{"type":"Feature","geometry":{"type":"Point","coordinates":[9.28135,45.84921]},"properties":{"osm_type":"way","osm_id":356856863,"name":"Cappella di San Michele","religion":"christian","denomination":"roman_catholic","start_date":"1737","end_date":null,"start_year":1737,"end_year":null}},{"type":"Feature","geometry":{"type":"Point","coordinates":[10.25812,45.53341]},"properties":{"osm_type":"way","osm_id":259271863,"name":"Chiesa della Beata Vergine della Mercede","religion":"christian","denomination":"catholic","start_date":"1737","end_date":null,"start_year":1737,"end_year":null}},{"type":"Feature","geometry":{"type":"Point","coordinates":[8.25593,45.81647]},"properties":{"osm_type":"way","osm_id":682172488,"name":"Chiesa della Madonna del Cuore","religion":"christian","denomination":"catholic","start_date":"1737","end_date":null,"start_year":1737,"end_year":null}},{"type":"Feature","geometry":{"type":"Point","coordinates":[10.15685,45.62362]},"properties":{"osm_type":"way","osm_id":258574864,"name":"Chiesa di San Gerolamo","religion":"christian","denomination":"catholic","start_date":"1737","end_date":null,"start_year":1737,"end_year":null}},{"type":"Feature","geometry":{"type":"Point","coordinates":[14.20482,37.79887]},"properties":{"osm_type":"way","osm_id":187162341,"name":"Chiesa della Badia","religion":"christian","denomination":"catholic","start_date":"1738","end_date":null,"start_year":1738,"end_year":null}},{"type":"Feature","geometry":{"type":"Point","coordinates":[14.2535,37.06487]},"properties":{"osm_type":"way","osm_id":238707053,"name":"Chiesa di San Francesco di Paola","religion":"christian","denomination":"roman_catholic","start_date":"1738","end_date":null,"start_year":1738,"end_year":null}},{"type":"Feature","geometry":{"type":"Point","coordinates":[8.20054,44.89832]},"properties":{"osm_type":"way","osm_id":127582548,"name":"Chiesa di San Martino","religion":"christian","denomination":"catholic","start_date":"1738","end_date":null,"start_year":1738,"end_year":null}},{"type":"Feature","geometry":{"type":"Point","coordinates":[11.56835,45.4446]},"properties":{"osm_type":"way","osm_id":380939949,"name":"Oratorio sconsacrato di Villa Sermondi","religion":"christian","denomination":null,"start_date":"1738","end_date":null,"start_year":1738,"end_year":null}},{"type":"Feature","geometry":{"type":"Point","coordinates":[9.69351,45.33191]},"properties":{"osm_type":"way","osm_id":991327488,"name":"Chiesa di San Cristoforo","religion":"christian","denomination":null,"start_date":"1739","end_date":null,"start_year":1739,"end_year":null}},{"type":"Feature","geometry":{"type":"Point","coordinates":[10.31644,45.51866]},"properties":{"osm_type":"way","osm_id":460537237,"name":"Chiesa di San Pietro","religion":"christian","denomination":"catholic","start_date":"1739","end_date":null,"start_year":1739,"end_year":null}},{"type":"Feature","geometry":{"type":"Point","coordinates":[7.04258,45.13409]},"properties":{"osm_type":"way","osm_id":266161676,"name":"Madonna delle Grazie","religion":"christian","denomination":"catholic","start_date":"1739","end_date":null,"start_year":1739,"end_year":null}},{"type":"Feature","geometry":{"type":"Point","coordinates":[10.31952,45.54518]},"properties":{"osm_type":"way","osm_id":64977434,"name":"Chiesa dei Santi Faustino e Giovita","religion":"christian","denomination":"catholic","start_date":"1740","end_date":null,"start_year":1740,"end_year":null}},{"type":"Feature","geometry":{"type":"Point","coordinates":[13.04691,43.65021]},"properties":{"osm_type":"way","osm_id":456555569,"name":"Chiesa dell'Addolorata","religion":"christian","denomination":"roman_catholic","start_date":"1740..1755","end_date":null,"start_year":1740,"end_year":null}},{"type":"Feature","geometry":{"type":"Point","coordinates":[8.70942,45.59669]},"properties":{"osm_type":"way","osm_id":689324778,"name":"Oratorio della Beata Vergine della Consolazione","religion":"christian","denomination":"roman_catholic","start_date":"1740","end_date":null,"start_year":1740,"end_year":null}},{"type":"Feature","geometry":{"type":"Point","coordinates":[8.42465,45.32786]},"properties":{"osm_type":"way","osm_id":105953309,"name":"Chiesa di Santa Maria Maggiore","religion":"christian","denomination":"catholic","start_date":"1741","end_date":null,"start_year":1741,"end_year":null}},{"type":"Feature","geometry":{"type":"Point","coordinates":[7.11347,45.1304]},"properties":{"osm_type":"way","osm_id":340717530,"name":"Santi Simone e Giuda Taddeo","religion":"christian","denomination":"catholic","start_date":"1741","end_date":null,"start_year":1741,"end_year":null}},{"type":"Feature","geometry":{"type":"Point","coordinates":[17.30366,40.9508]},"properties":{"osm_type":"way","osm_id":452240392,"name":"Basilica Cattedrale Maria Santissima della Madia","religion":"christian","denomination":"catholic","start_date":"1742","end_date":"1772","start_year":1742,"end_year":1772}},{"type":"Feature","geometry":{"type":"Point","coordinates":[10.41596,45.57279]},"properties":{"osm_type":"way","osm_id":1009332172,"name":"Cappella di San Giuseppe","religion":"christian","denomination":"catholic","start_date":"1742","end_date":null,"start_year":1742,"end_year":null}},{"type":"Feature","geometry":{"type":"Point","coordinates":[15.54302,41.46501]},"properties":{"osm_type":"way","osm_id":405221485,"name":"Chiesa di San Giuseppe","religion":"christian","denomination":null,"start_date":"1742","end_date":null,"start_year":1742,"end_year":null}},{"type":"Feature","geometry":{"type":"Point","coordinates":[16.3293,39.54688]},"properties":{"osm_type":"way","osm_id":392064714,"name":"Chiesa di Sant'Atanasio il Grande","religion":"christian","denomination":"orthodox","start_date":"1742","end_date":null,"start_year":1742,"end_year":null}},{"type":"Feature","geometry":{"type":"Point","coordinates":[9.76356,45.29349]},"properties":{"osm_type":"way","osm_id":292444161,"name":"Santuario della Beata Vergine del Presepe","religion":"christian","denomination":"catholic","start_date":"1742","end_date":null,"start_year":1742,"end_year":null}},{"type":"Feature","geometry":{"type":"Point","coordinates":[12.49846,41.89759]},"properties":{"osm_type":"way","osm_id":131564482,"name":"Basilica di Santa Maria Maggiore","religion":"christian","denomination":"catholic","start_date":"1743","end_date":null,"start_year":1743,"end_year":null}},{"type":"Feature","geometry":{"type":"Point","coordinates":[8.42138,45.32313]},"properties":{"osm_type":"node","osm_id":3926866503,"name":"Chiesa dell'Immacolata Concezione","religion":"christian","denomination":"catholic","start_date":"1743","end_date":null,"start_year":1743,"end_year":null}},{"type":"Feature","geometry":{"type":"Point","coordinates":[8.55114,44.36303]},"properties":{"osm_type":"way","osm_id":204858077,"name":"Santuario di Nostra Signora della Croce di Castagnabuona","religion":"christian","denomination":"roman_catholic","start_date":"1743","end_date":null,"start_year":1743,"end_year":null}},{"type":"Feature","geometry":{"type":"Point","coordinates":[13.62577,45.9464]},"properties":{"osm_type":"way","osm_id":36685020,"name":"Cappella dell'Esaltazione della Croce","religion":"christian","denomination":"catholic","start_date":"1744","end_date":null,"start_year":1744,"end_year":null}},{"type":"Feature","geometry":{"type":"Point","coordinates":[9.21318,46.02618]},"properties":{"osm_type":"way","osm_id":312786362,"name":"Chiesa di Santa Caterina d'Alessandria","religion":"christian","denomination":"catholic","start_date":"1744","end_date":null,"start_year":1744,"end_year":null}},{"type":"Feature","geometry":{"type":"Point","coordinates":[9.15907,45.87767]},"properties":{"osm_type":"way","osm_id":230168200,"name":"Chiesa Parrocchiale della Santisssima Trinità","religion":"christian","denomination":"catholic","start_date":"1744","end_date":null,"start_year":1744,"end_year":null}},{"type":"Feature","geometry":{"type":"Point","coordinates":[7.09507,45.13051]},"properties":{"osm_type":"way","osm_id":284680663,"name":"Santa Croce","religion":"christian","denomination":"catholic","start_date":"1744","end_date":null,"start_year":1744,"end_year":null}},{"type":"Feature","geometry":{"type":"Point","coordinates":[14.95588,41.00822]},"properties":{"osm_type":"way","osm_id":659495684,"name":"Chiesa di San Marciano","religion":"christian","denomination":"catholic","start_date":"1745","end_date":null,"start_year":1745,"end_year":null}},{"type":"Feature","geometry":{"type":"Point","coordinates":[10.71665,44.59934]},"properties":{"osm_type":"way","osm_id":168535189,"name":"Oratorio Madonna della Tosse","religion":"christian","denomination":null,"start_date":"1746","end_date":null,"start_year":1746,"end_year":null}},{"type":"Feature","geometry":{"type":"Point","coordinates":[8.72971,45.90774]},"properties":{"osm_type":"way","osm_id":462375144,"name":"Chiesa di San Rocco","religion":"christian","denomination":"roman_catholic","start_date":"1747","end_date":null,"start_year":1747,"end_year":null}},{"type":"Feature","geometry":{"type":"Point","coordinates":[12.47367,41.90097]},"properties":{"osm_type":"way","osm_id":53638757,"name":"Basilica di Sant’Apollinare alle Terme","religion":"christian","denomination":"catholic","start_date":"1748","end_date":null,"start_year":1748,"end_year":null}},{"type":"Feature","geometry":{"type":"Point","coordinates":[8.49162,45.46624]},"properties":{"osm_type":"way","osm_id":758745029,"name":"Chiesa dei Santi Grato e Apollonia","religion":"christian","denomination":"roman_catholic","start_date":"1748","end_date":null,"start_year":1748,"end_year":null}},{"type":"Feature","geometry":{"type":"Point","coordinates":[8.87289,45.66861]},"properties":{"osm_type":"way","osm_id":437264747,"name":"Chiesa di San Gaudenzio","religion":"christian","denomination":"catholic","start_date":"1748","end_date":null,"start_year":1748,"end_year":null}},{"type":"Feature","geometry":{"type":"Point","coordinates":[7.6485,44.36259]},"properties":{"osm_type":"way","osm_id":233984715,"name":"Parrocchia di San Giacomo","religion":"christian","denomination":"roman_catholic","start_date":"1748","end_date":null,"start_year":1748,"end_year":null}},{"type":"Feature","geometry":{"type":"Point","coordinates":[8.09599,45.16102]},"properties":{"osm_type":"way","osm_id":458999544,"name":"Chiesa di San Giovanni Battista","religion":"christian","denomination":"catholic","start_date":"1749","end_date":null,"start_year":1749,"end_year":null}},{"type":"Feature","geometry":{"type":"Point","coordinates":[11.27453,45.31915]},"properties":{"osm_type":"way","osm_id":314344874,"name":"Chiesa di Santa Maria Assunta","religion":"christian","denomination":"roman_catholic","start_date":"1749-10","end_date":null,"start_year":1749,"end_year":null}},{"type":"Feature","geometry":{"type":"Point","coordinates":[8.92909,44.41316]},"properties":{"osm_type":"way","osm_id":179272609,"name":"Oratorio di San Filippo Neri","religion":"christian","denomination":"catholic","start_date":"1749","end_date":null,"start_year":1749,"end_year":null}},{"type":"Feature","geometry":{"type":"Point","coordinates":[8.41171,45.79776]},"properties":{"osm_type":"way","osm_id":767905993,"name":"Cappella XIV - San Francesco davanti al Sultano d'Egitto","religion":"christian","denomination":"catholic","start_date":"1750","end_date":null,"start_year":1750,"end_year":null}},{"type":"Feature","geometry":{"type":"Point","coordinates":[10.98478,45.43697]},"properties":{"osm_type":"way","osm_id":138814275,"name":"Chiesa degli Scalzi","religion":"christian","denomination":"catholic","start_date":"1750","end_date":null,"start_year":1750,"end_year":null}},{"type":"Feature","geometry":{"type":"Point","coordinates":[14.34757,38.01263]},"properties":{"osm_type":"way","osm_id":365834424,"name":"Chiesa del Calvario","religion":"christian","denomination":"catholic","start_date":"1750","end_date":null,"start_year":1750,"end_year":null}},{"type":"Feature","geometry":{"type":"Point","coordinates":[9.1911,45.97616]},"properties":{"osm_type":"way","osm_id":273618768,"name":"Chiesa della Santissima Trinità","religion":"christian","denomination":"catholic","start_date":"1750","end_date":null,"start_year":1750,"end_year":null}},{"type":"Feature","geometry":{"type":"Point","coordinates":[15.1696,38.08383]},"properties":{"osm_type":"way","osm_id":277962086,"name":"Chiesa di San Rocco","religion":"christian","denomination":"catholic","start_date":"1750","end_date":null,"start_year":1750,"end_year":null}},{"type":"Feature","geometry":{"type":"Point","coordinates":[8.20874,45.81949]},"properties":{"osm_type":"way","osm_id":223051694,"name":"Chiesa parrocchiale di San Lorenzo","religion":"christian","denomination":"catholic","start_date":"1750","end_date":null,"start_year":1750,"end_year":null}},{"type":"Feature","geometry":{"type":"Point","coordinates":[15.01893,41.01454]},"properties":{"osm_type":"way","osm_id":1198110531,"name":"La Chiesa Maria SS. ma Immacolata","religion":"christian","denomination":"catholic","start_date":"1750","end_date":null,"start_year":1750,"end_year":null}},{"type":"Feature","geometry":{"type":"Point","coordinates":[10.30748,45.61957]},"properties":{"osm_type":"way","osm_id":161236462,"name":"Santuario della Madonna delle Fontane","religion":"christian","denomination":"catholic","start_date":"1750","end_date":null,"start_year":1750,"end_year":null}},{"type":"Feature","geometry":{"type":"Point","coordinates":[9.23583,46.04924]},"properties":{"osm_type":"way","osm_id":225267792,"name":"Santuario della Madonna di Breglia","religion":"christian","denomination":"catholic","start_date":"1750","end_date":null,"start_year":1750,"end_year":null}},{"type":"Feature","geometry":{"type":"Point","coordinates":[11.22057,46.76077]},"properties":{"osm_type":"way","osm_id":318810872,"name":"Wallfahrtskirche Unserer lieben Frau","religion":"christian","denomination":"catholic","start_date":"1750","end_date":null,"start_year":1750,"end_year":null}},{"type":"Feature","geometry":{"type":"Point","coordinates":[16.55931,40.29214]},"properties":{"osm_type":"way","osm_id":1026441500,"name":"Cappella di San Leonardo","religion":"christian","denomination":null,"start_date":"1751","end_date":null,"start_year":1751,"end_year":null}},{"type":"Feature","geometry":{"type":"Point","coordinates":[10.15097,45.60473]},"properties":{"osm_type":"way","osm_id":207236626,"name":"Chiesa di San Vincenzo Ferreri","religion":"christian","denomination":"catholic","start_date":"1751","end_date":null,"start_year":1751,"end_year":null}},{"type":"Feature","geometry":{"type":"Point","coordinates":[13.35229,43.4365]},"properties":{"osm_type":"way","osm_id":790961374,"name":"Collegiata dell'Assunta","religion":"christian","denomination":"roman_catholic","start_date":"1751","end_date":null,"start_year":1751,"end_year":null}},{"type":"Feature","geometry":{"type":"Point","coordinates":[7.44113,44.34185]},"properties":{"osm_type":"way","osm_id":450673001,"name":"Confraternita di San Sebastiano","religion":"christian","denomination":"roman_catholic","start_date":"1751","end_date":null,"start_year":1751,"end_year":null}},{"type":"Feature","geometry":{"type":"Point","coordinates":[10.79511,45.15476]},"properties":{"osm_type":"way","osm_id":245717334,"name":"Sinagoga Norsa Torrazzo","religion":"jewish","denomination":null,"start_date":"1751","end_date":null,"start_year":1751,"end_year":null}},{"type":"Feature","geometry":{"type":"Point","coordinates":[7.67863,45.072]},"properties":{"osm_type":"way","osm_id":319749014,"name":"Chiesa di Santa Maria di Piazza","religion":"christian","denomination":"catholic","start_date":"1752","end_date":null,"start_year":1752,"end_year":null}},{"type":"Feature","geometry":{"type":"Point","coordinates":[7.01702,45.18909]},"properties":{"osm_type":"way","osm_id":427699310,"name":"Cappella dell'Addolorata","religion":"christian","denomination":"catholic","start_date":"1754","end_date":null,"start_year":1754,"end_year":null}},{"type":"Feature","geometry":{"type":"Point","coordinates":[8.17831,46.11912]},"properties":{"osm_type":"way","osm_id":681397512,"name":"Oratorio di Sant'Antonio di Padova","religion":"christian","denomination":"roman_catholic","start_date":"1754","end_date":null,"start_year":1754,"end_year":null}},{"type":"Feature","geometry":{"type":"Point","coordinates":[10.38726,45.61067]},"properties":{"osm_type":"way","osm_id":991109341,"name":null,"religion":"christian","denomination":"catholic","start_date":"1754","end_date":null,"start_year":1754,"end_year":null}},{"type":"Feature","geometry":{"type":"Point","coordinates":[9.03883,45.53299]},"properties":{"osm_type":"way","osm_id":24103955,"name":":Santuario dell'Addolorata","religion":"christian","denomination":"roman_catholic","start_date":"1755-04-04","end_date":null,"start_year":1755,"end_year":null}},{"type":"Feature","geometry":{"type":"Point","coordinates":[10.30822,43.55486]},"properties":{"osm_type":"way","osm_id":121984159,"name":"Chiesa di Santa Caterina","religion":"christian","denomination":"catholic","start_date":"1755","end_date":null,"start_year":1755,"end_year":null}},{"type":"Feature","geometry":{"type":"Point","coordinates":[8.44595,45.76322]},"properties":{"osm_type":"way","osm_id":226754421,"name":"Chiesa di San Giovanni Battista","religion":"christian","denomination":"catholic","start_date":"1756","end_date":null,"start_year":1756,"end_year":null}},{"type":"Feature","geometry":{"type":"Point","coordinates":[14.18193,42.46818]},"properties":{"osm_type":"way","osm_id":308934658,"name":"Basilica della Madonna dei Sette Dolori","religion":"christian","denomination":"catholic","start_date":"1757","end_date":null,"start_year":1757,"end_year":null}},{"type":"Feature","geometry":{"type":"Point","coordinates":[9.48528,45.93278]},"properties":{"osm_type":"way","osm_id":313090978,"name":"Chiesa di San Bartolomeo","religion":"christian","denomination":"catholic","start_date":"1757","end_date":null,"start_year":1757,"end_year":null}},{"type":"Feature","geometry":{"type":"Point","coordinates":[11.87626,45.40638]},"properties":{"osm_type":"way","osm_id":131987476,"name":"Chiesa di San Canziano","religion":"christian","denomination":"catholic","start_date":"1757","end_date":null,"start_year":1757,"end_year":null}},{"type":"Feature","geometry":{"type":"Point","coordinates":[10.55303,45.54993]},"properties":{"osm_type":"way","osm_id":223347208,"name":"Chiesa di Santa Maria Assunta","religion":"christian","denomination":"catholic","start_date":"1757","end_date":null,"start_year":1757,"end_year":null}},{"type":"Feature","geometry":{"type":"Point","coordinates":[13.2377,46.06213]},"properties":{"osm_type":"way","osm_id":98821445,"name":"Oratorio della Purità","religion":"christian","denomination":"catholic","start_date":"1757","end_date":null,"start_year":1757,"end_year":null}},{"type":"Feature","geometry":{"type":"Point","coordinates":[13.63384,43.09132]},"properties":{"osm_type":"way","osm_id":764484480,"name":"Santuario della Madonna delle Grazie","religion":"christian","denomination":"catholic","start_date":"1757","end_date":null,"start_year":1757,"end_year":null}},{"type":"Feature","geometry":{"type":"Point","coordinates":[9.50383,45.3156]},"properties":{"osm_type":"way","osm_id":310668128,"name":"Chiesa di San Filippo Neri","religion":"christian","denomination":"roman_catholic","start_date":"1758","end_date":null,"start_year":1758,"end_year":null}},{"type":"Feature","geometry":{"type":"Point","coordinates":[12.19888,44.42133]},"properties":{"osm_type":"way","osm_id":157757759,"name":"Chiesa di Sant'Apollinare in Veclo","religion":"christian","denomination":null,"start_date":"1758","end_date":null,"start_year":1758,"end_year":null}},{"type":"Feature","geometry":{"type":"Point","coordinates":[13.1252,38.13835]},"properties":{"osm_type":"way","osm_id":299584223,"name":"Madonna del Furi","religion":"christian","denomination":"catholic","start_date":"1758","end_date":null,"start_year":1758,"end_year":null}},{"type":"Feature","geometry":{"type":"Point","coordinates":[8.35909,45.74116]},"properties":{"osm_type":"way","osm_id":340579988,"name":"Oratorio di San Bernardo","religion":"christian","denomination":"roman_catholic","start_date":"1758","end_date":null,"start_year":1758,"end_year":null}},{"type":"Feature","geometry":{"type":"Point","coordinates":[7.63077,45.36691]},"properties":{"osm_type":"way","osm_id":200818430,"name":"Cappella IX - Terza caduta di Gesù","religion":"christian","denomination":"catholic","start_date":"1759","end_date":null,"start_year":1759,"end_year":null}},{"type":"Feature","geometry":{"type":"Point","coordinates":[7.63091,45.36742]},"properties":{"osm_type":"way","osm_id":200818428,"name":"Cappella X - Gesù spogliato e abbeverato di fiele","religion":"christian","denomination":"catholic","start_date":"1759","end_date":null,"start_year":1759,"end_year":null}},{"type":"Feature","geometry":{"type":"Point","coordinates":[8.9532,45.53936]},"properties":{"osm_type":"way","osm_id":110326899,"name":"Chiesa della Visitazione della Beata Vergine Maria a Santa Elisabetta","religion":"christian","denomination":"catholic","start_date":"1760","end_date":null,"start_year":1760,"end_year":null}},{"type":"Feature","geometry":{"type":"Point","coordinates":[13.23195,46.05914]},"properties":{"osm_type":"way","osm_id":36686483,"name":"Chiesa di San Giorgio","religion":"christian","denomination":null,"start_date":"1760","end_date":null,"start_year":1760,"end_year":null}},{"type":"Feature","geometry":{"type":"Point","coordinates":[15.0833,37.50127]},"properties":{"osm_type":"way","osm_id":129846360,"name":"Chiesa di Santa Chiara","religion":"christian","denomination":"roman_catholic","start_date":"1760","end_date":null,"start_year":1760,"end_year":null}},{"type":"Feature","geometry":{"type":"Point","coordinates":[12.13453,46.7512]},"properties":{"osm_type":"way","osm_id":1317717105,"name":"Gruber Stöckl","religion":"christian","denomination":"roman_catholic","start_date":"~1760","end_date":null,"start_year":1760,"end_year":null}},{"type":"Feature","geometry":{"type":"Point","coordinates":[8.98839,45.56671]},"properties":{"osm_type":"way","osm_id":398968461,"name":"Chiesa di Maria Santissima Bambina","religion":"christian","denomination":"roman_catholic","start_date":"1761","end_date":null,"start_year":1761,"end_year":null}},{"type":"Feature","geometry":{"type":"Point","coordinates":[9.44878,45.87081]},"properties":{"osm_type":"way","osm_id":122566074,"name":"Chiesa di Santa Maria della Neve","religion":"christian","denomination":"catholic","start_date":"1761","end_date":null,"start_year":1761,"end_year":null}},{"type":"Feature","geometry":{"type":"Point","coordinates":[9.37921,45.49292]},"properties":{"osm_type":"way","osm_id":325867587,"name":"Cappella Lazzaretto","religion":"christian","denomination":"catholic","start_date":"1762","end_date":null,"start_year":1762,"end_year":null}},{"type":"Feature","geometry":{"type":"Point","coordinates":[11.86984,45.39994]},"properties":{"osm_type":"way","osm_id":131966132,"name":"Chiesa delle Dimesse","religion":"christian","denomination":"roman_catholic","start_date":"1762","end_date":null,"start_year":1762,"end_year":null}},{"type":"Feature","geometry":{"type":"Point","coordinates":[13.24258,46.06595]},"properties":{"osm_type":"way","osm_id":36686396,"name":"Chiesa di San Basilio il Grande","religion":"christian","denomination":"orthodox","start_date":"1762","end_date":null,"start_year":1762,"end_year":null}},{"type":"Feature","geometry":{"type":"Point","coordinates":[9.22775,45.83878]},"properties":{"osm_type":"way","osm_id":103843249,"name":"Chiesa di Sant'Ambrogio","religion":"christian","denomination":"catholic","start_date":"1762","end_date":null,"start_year":1762,"end_year":null}},{"type":"Feature","geometry":{"type":"Point","coordinates":[8.14649,45.6541]},"properties":{"osm_type":"way","osm_id":624736475,"name":"Oratorio del Santissimo Nome di Maria","religion":"christian","denomination":"catholic","start_date":"1762","end_date":null,"start_year":1762,"end_year":null}},{"type":"Feature","geometry":{"type":"Point","coordinates":[7.85876,44.65453]},"properties":{"osm_type":"way","osm_id":383885775,"name":"Santuario della Madonna delle Grazie","religion":"christian","denomination":"roman_catholic","start_date":"1762","end_date":null,"start_year":1762,"end_year":null}},{"type":"Feature","geometry":{"type":"Point","coordinates":[9.43291,46.33183]},"properties":{"osm_type":"way","osm_id":208273785,"name":"Chiesa di Sant'Abbondio","religion":"christian","denomination":"roman_catholic","start_date":"1763","end_date":null,"start_year":1763,"end_year":null}},{"type":"Feature","geometry":{"type":"Point","coordinates":[8.16098,45.15515]},"properties":{"osm_type":"way","osm_id":1099641997,"name":"Chiesa parrocchiale dell'Assunzione di Maria Vergine","religion":"christian","denomination":"catholic","start_date":"1763","end_date":null,"start_year":1763,"end_year":null}},{"type":"Feature","geometry":{"type":"Point","coordinates":[7.67638,45.07622]},"properties":{"osm_type":"way","osm_id":319745202,"name":"Chiesa del Santo Sudario","religion":"christian","denomination":"catholic","start_date":"1764","end_date":null,"start_year":1764,"end_year":null}},{"type":"Feature","geometry":{"type":"Point","coordinates":[14.8267,38.15619]},"properties":{"osm_type":"way","osm_id":1315323202,"name":"Chiesa di Maria Santissima Annunziata","religion":"christian","denomination":"catholic","start_date":"1764","end_date":null,"start_year":1764,"end_year":null}},{"type":"Feature","geometry":{"type":"Point","coordinates":[14.25103,37.06636]},"properties":{"osm_type":"way","osm_id":178669530,"name":"Cattedrale Maria Santissima Assunta in Cielo","religion":"christian","denomination":"roman_catholic","start_date":"1766","end_date":null,"start_year":1766,"end_year":null}},{"type":"Feature","geometry":{"type":"Point","coordinates":[10.77711,46.05313]},"properties":{"osm_type":"way","osm_id":101164715,"name":"Chiesa parrocchiale di San Faustino","religion":"christian","denomination":"roman_catholic","start_date":"1766","end_date":null,"start_year":1766,"end_year":null}},{"type":"Feature","geometry":{"type":"Point","coordinates":[14.4933,36.78779]},"properties":{"osm_type":"way","osm_id":246235392,"name":"Chiesa della Madonna di Portosalvo","religion":"christian","denomination":"roman_catholic","start_date":"1767","end_date":null,"start_year":1767,"end_year":null}},{"type":"Feature","geometry":{"type":"Point","coordinates":[7.61763,44.33103]},"properties":{"osm_type":"way","osm_id":871665474,"name":"Confraternita di Santa Croce","religion":"christian","denomination":"catholic","start_date":"1767","end_date":null,"start_year":1767,"end_year":null}},{"type":"Feature","geometry":{"type":"Point","coordinates":[6.8405,45.05097]},"properties":{"osm_type":"way","osm_id":305527894,"name":null,"religion":"christian","denomination":"catholic","start_date":"1767","end_date":null,"start_year":1767,"end_year":null}},{"type":"Feature","geometry":{"type":"Point","coordinates":[9.29617,46.15131]},"properties":{"osm_type":"way","osm_id":313250205,"name":"Chiesa dei Santi Nabore e Felice","religion":"christian","denomination":"catholic","start_date":"1768","end_date":null,"start_year":1768,"end_year":null}},{"type":"Feature","geometry":{"type":"Point","coordinates":[7.92835,45.24171]},"properties":{"osm_type":"node","osm_id":5784414770,"name":"Chiesa di Sant'Eligio Vescovo","religion":"christian","denomination":"catholic","start_date":"1768","end_date":null,"start_year":1768,"end_year":null}},{"type":"Feature","geometry":{"type":"Point","coordinates":[6.72379,45.03083]},"properties":{"osm_type":"way","osm_id":504622451,"name":"Madonna della Sanità","religion":"christian","denomination":"catholic","start_date":"1768","end_date":null,"start_year":1768,"end_year":null}},{"type":"Feature","geometry":{"type":"Point","coordinates":[12.15025,46.74993]},"properties":{"osm_type":"way","osm_id":1317716971,"name":"Taler Kapelle - Capella Taler","religion":"christian","denomination":"roman_catholic","start_date":"1768","end_date":null,"start_year":1768,"end_year":null}},{"type":"Feature","geometry":{"type":"Point","coordinates":[10.22804,45.51816]},"properties":{"osm_type":"way","osm_id":209666697,"name":"Chiesa dei Santi Pietro e Paolo","religion":"christian","denomination":"catholic","start_date":"1769","end_date":null,"start_year":1769,"end_year":null}},{"type":"Feature","geometry":{"type":"Point","coordinates":[8.41924,45.32335]},"properties":{"osm_type":"way","osm_id":217856632,"name":"Chiesa di San Giuseppe","religion":"christian","denomination":"catholic","start_date":"1769","end_date":null,"start_year":1769,"end_year":null}},{"type":"Feature","geometry":{"type":"Point","coordinates":[9.0257,45.54233]},"properties":{"osm_type":"way","osm_id":795878536,"name":"Chiesa della Santissima Trinità","religion":"christian","denomination":"roman_catholic","start_date":"1770","end_date":null,"start_year":1770,"end_year":null}},{"type":"Feature","geometry":{"type":"Point","coordinates":[14.10779,37.79662]},"properties":{"osm_type":"way","osm_id":1078298224,"name":"Chiesa di San Giovanni Evangelista o Collegio","religion":"christian","denomination":"catholic","start_date":"1770","end_date":null,"start_year":1770,"end_year":null}},{"type":"Feature","geometry":{"type":"Point","coordinates":[9.08368,45.81178]},"properties":{"osm_type":"way","osm_id":171795848,"name":"Duomo di Como","religion":"christian","denomination":"catholic","start_date":"1770","end_date":null,"start_year":1770,"end_year":null}},{"type":"Feature","geometry":{"type":"Point","coordinates":[13.50625,38.07825]},"properties":{"osm_type":"way","osm_id":72121193,"name":"Chiesa della Natività di Maria","religion":"christian","denomination":"catholic","start_date":"1771","end_date":null,"start_year":1771,"end_year":null}},{"type":"Feature","geometry":{"type":"Point","coordinates":[8.31785,46.26271]},"properties":{"osm_type":"way","osm_id":602174138,"name":"Oratorio di Sant'Antonio di Padova","religion":"christian","denomination":"roman_catholic","start_date":"1771","end_date":null,"start_year":1771,"end_year":null}},{"type":"Feature","geometry":{"type":"Point","coordinates":[6.98203,45.20538]},"properties":{"osm_type":"way","osm_id":320539887,"name":"San Giuseppe","religion":"christian","denomination":"catholic","start_date":"1771","end_date":null,"start_year":1771,"end_year":null}},{"type":"Feature","geometry":{"type":"Point","coordinates":[7.18134,45.30392]},"properties":{"osm_type":"way","osm_id":433001694,"name":"Madonna del Carmine","religion":"christian","denomination":"catholic","start_date":"1772","end_date":null,"start_year":1772,"end_year":null}},{"type":"Feature","geometry":{"type":"Point","coordinates":[8.11403,46.05893]},"properties":{"osm_type":"way","osm_id":1178279415,"name":"San Giovanni Battista","religion":"christian","denomination":"roman_catholic","start_date":"1772","end_date":null,"start_year":1772,"end_year":null}},{"type":"Feature","geometry":{"type":"Point","coordinates":[7.62847,45.36604]},"properties":{"osm_type":"way","osm_id":200818438,"name":"Cappella V - Il Cireneo","religion":"christian","denomination":"catholic","start_date":"1773","end_date":null,"start_year":1773,"end_year":null}},{"type":"Feature","geometry":{"type":"Point","coordinates":[9.45265,45.82052]},"properties":{"osm_type":"way","osm_id":132866862,"name":"Chiesa di Santa Maria Assunta","religion":"christian","denomination":"catholic","start_date":"1773","end_date":null,"start_year":1773,"end_year":null}},{"type":"Feature","geometry":{"type":"Point","coordinates":[8.79089,45.88817]},"properties":{"osm_type":"way","osm_id":289225644,"name":"Chiesa dei Santi Pietro e Paolo","religion":"christian","denomination":"catholic","start_date":"1774","end_date":null,"start_year":1774,"end_year":null}},{"type":"Feature","geometry":{"type":"Point","coordinates":[12.30388,45.89053]},"properties":{"osm_type":"way","osm_id":97963890,"name":"Chiesa di Santa Maria delle Grazie","religion":"christian","denomination":"catholic","start_date":"1774","end_date":null,"start_year":1774,"end_year":null}},{"type":"Feature","geometry":{"type":"Point","coordinates":[8.69721,45.6252]},"properties":{"osm_type":"way","osm_id":289185410,"name":"Oratorio di Villa Malpensa","religion":"christian","denomination":"roman_catholic","start_date":"1774","end_date":null,"start_year":1774,"end_year":null}},{"type":"Feature","geometry":{"type":"Point","coordinates":[7.61117,45.31333]},"properties":{"osm_type":"way","osm_id":515863141,"name":"Santuario della Consolata","religion":"christian","denomination":"catholic","start_date":"1774","end_date":null,"start_year":1774,"end_year":null}},{"type":"Feature","geometry":{"type":"Point","coordinates":[16.48766,41.12113]},"properties":{"osm_type":"way","osm_id":298316144,"name":"Chiesa di San Michele Arcangelo","religion":"christian","denomination":"catholic","start_date":"1775","end_date":null,"start_year":1775,"end_year":null}},{"type":"Feature","geometry":{"type":"Point","coordinates":[14.74232,36.92655]},"properties":{"osm_type":"way","osm_id":160916407,"name":"Duomo di San Giorgio","religion":"christian","denomination":"roman_catholic","start_date":"1775","end_date":null,"start_year":1775,"end_year":null}},{"type":"Feature","geometry":{"type":"Point","coordinates":[6.9452,45.10919]},"properties":{"osm_type":"way","osm_id":400943793,"name":"Santi Giacomo e Filippo","religion":"christian","denomination":"catholic","start_date":"1775","end_date":null,"start_year":1775,"end_year":null}},{"type":"Feature","geometry":{"type":"Point","coordinates":[14.28244,42.21791]},"properties":{"osm_type":"way","osm_id":1315272611,"name":"Chiesa di San Nicola di Bari","religion":"christian","denomination":null,"start_date":"1776","end_date":null,"start_year":1776,"end_year":null}},{"type":"Feature","geometry":{"type":"Point","coordinates":[14.83279,37.78673]},"properties":{"osm_type":"way","osm_id":228845574,"name":"Chiesa del Sacro Cuore","religion":"christian","denomination":"roman_catholic","start_date":"1779","end_date":null,"start_year":1779,"end_year":null}},{"type":"Feature","geometry":{"type":"Point","coordinates":[12.67861,46.565]},"properties":{"osm_type":"way","osm_id":196604415,"name":"Chiesa di Santa Margherita","religion":"christian","denomination":"roman_catholic","start_date":"1779","end_date":null,"start_year":1779,"end_year":null}},{"type":"Feature","geometry":{"type":"Point","coordinates":[9.20596,45.64966]},"properties":{"osm_type":"way","osm_id":264199221,"name":"Basilica di San Giuseppe","religion":"christian","denomination":"catholic","start_date":"1781","end_date":null,"start_year":1781,"end_year":null}},{"type":"Feature","geometry":{"type":"Point","coordinates":[10.20696,45.94726]},"properties":{"osm_type":"way","osm_id":185577202,"name":"Chiesa dei Santi Martino e Giovanni Battista","religion":"christian","denomination":"catholic","start_date":"1781","end_date":null,"start_year":1781,"end_year":null}},{"type":"Feature","geometry":{"type":"Point","coordinates":[7.04546,45.13207]},"properties":{"osm_type":"way","osm_id":267303453,"name":"Cappella della Consolata","religion":"christian","denomination":"catholic","start_date":"1782","end_date":null,"start_year":1782,"end_year":null}},{"type":"Feature","geometry":{"type":"Point","coordinates":[10.24061,45.4768]},"properties":{"osm_type":"way","osm_id":409112222,"name":"Chiesa di Santa Maria Annunciata","religion":"christian","denomination":"catholic","start_date":"1782","end_date":null,"start_year":1782,"end_year":null}},{"type":"Feature","geometry":{"type":"Point","coordinates":[7.02351,45.13906]},"properties":{"osm_type":"way","osm_id":266121921,"name":"San Gregorio","religion":"christian","denomination":"catholic","start_date":"1782","end_date":null,"start_year":1782,"end_year":null}},{"type":"Feature","geometry":{"type":"Point","coordinates":[7.36255,44.34268]},"properties":{"osm_type":"node","osm_id":1531963988,"name":"Cappella Sant'Anna","religion":"christian","denomination":"catholic","start_date":"1783","end_date":null,"start_year":1783,"end_year":null}},{"type":"Feature","geometry":{"type":"Point","coordinates":[7.27476,44.68485]},"properties":{"osm_type":"way","osm_id":385596071,"name":"Parrocchia Santa Maria","religion":"christian","denomination":"catholic","start_date":"1783","end_date":null,"start_year":1783,"end_year":null}},{"type":"Feature","geometry":{"type":"Point","coordinates":[9.25605,45.65867]},"properties":{"osm_type":"way","osm_id":259823582,"name":"Chiesa di San Giovanni Evangelista","religion":"christian","denomination":"catholic","start_date":"1784","end_date":null,"start_year":1784,"end_year":null}},{"type":"Feature","geometry":{"type":"Point","coordinates":[7.41389,44.37143]},"properties":{"osm_type":"way","osm_id":386682629,"name":"Chiesa di Sant'Anna","religion":"christian","denomination":"catholic","start_date":"1784","end_date":null,"start_year":1784,"end_year":null}},{"type":"Feature","geometry":{"type":"Point","coordinates":[7.29147,45.13626]},"properties":{"osm_type":"way","osm_id":98331146,"name":"Parrocchia San Saturnino","religion":"christian","denomination":"catholic","start_date":"1784","end_date":null,"start_year":1784,"end_year":null}},{"type":"Feature","geometry":{"type":"Point","coordinates":[9.07372,45.84663]},"properties":{"osm_type":"way","osm_id":148101126,"name":"Chiesa di San Nicola","religion":"christian","denomination":"catholic","start_date":"1786","end_date":null,"start_year":1786,"end_year":null}},{"type":"Feature","geometry":{"type":"Point","coordinates":[14.73714,36.92643]},"properties":{"osm_type":"way","osm_id":211159897,"name":"Chiesa delle Anime del Purgatorio","religion":"christian","denomination":null,"start_date":"1787","end_date":null,"start_year":1787,"end_year":null}},{"type":"Feature","geometry":{"type":"Point","coordinates":[10.46531,43.61348]},"properties":{"osm_type":"way","osm_id":704362379,"name":"Chiesa di San Jacopo","religion":"christian","denomination":"roman_catholic","start_date":"1787","end_date":null,"start_year":1787,"end_year":null}},{"type":"Feature","geometry":{"type":"Point","coordinates":[10.79448,45.15334]},"properties":{"osm_type":"way","osm_id":247080032,"name":"Chiesa di Sant'Egidio","religion":"christian","denomination":"catholic","start_date":"1787","end_date":null,"start_year":1787,"end_year":null}},{"type":"Feature","geometry":{"type":"Point","coordinates":[7.69057,45.06386]},"properties":{"osm_type":"way","osm_id":191375045,"name":"Chiesa di San Michele Arcangelo","religion":"christian","denomination":"orthodox","start_date":"1788","end_date":null,"start_year":1788,"end_year":null}},{"type":"Feature","geometry":{"type":"Point","coordinates":[13.35645,38.12391]},"properties":{"osm_type":"way","osm_id":215618520,"name":"Santa Lucia al Monte","religion":"christian","denomination":"roman_catholic","start_date":"1789","end_date":null,"start_year":1789,"end_year":null}},{"type":"Feature","geometry":{"type":"Point","coordinates":[10.99951,45.43696]},"properties":{"osm_type":"way","osm_id":138919138,"name":"Chiesa dei Padri Filippini","religion":"christian","denomination":"catholic","start_date":"1791","end_date":null,"start_year":1791,"end_year":null}},{"type":"Feature","geometry":{"type":"Point","coordinates":[8.40993,45.53257]},"properties":{"osm_type":"way","osm_id":699445334,"name":"Oratorio di Sant'Agata","religion":"christian","denomination":"roman_catholic","start_date":"1791","end_date":null,"start_year":1791,"end_year":null}},{"type":"Feature","geometry":{"type":"Point","coordinates":[10.79298,45.1645]},"properties":{"osm_type":"way","osm_id":244214670,"name":"Chiesa di San Leonardo","religion":"christian","denomination":"catholic","start_date":"1793","end_date":null,"start_year":1793,"end_year":null}},{"type":"Feature","geometry":{"type":"Point","coordinates":[16.35211,39.56813]},"properties":{"osm_type":"way","osm_id":1365990555,"name":"Chiesa dei Santi Adriano e Natalia","religion":"christian","denomination":"greek_bizantin","start_date":"1794","end_date":null,"start_year":1794,"end_year":null}},{"type":"Feature","geometry":{"type":"Point","coordinates":[11.35783,43.34057]},"properties":{"osm_type":"way","osm_id":1196503680,"name":"Chiesa della Madonna del Bolgione","religion":"christian","denomination":null,"start_date":"1794","end_date":null,"start_year":1794,"end_year":null}},{"type":"Feature","geometry":{"type":"Point","coordinates":[8.20453,44.8976]},"properties":{"osm_type":"way","osm_id":127582549,"name":"Chiesa di San Paolo","religion":"christian","denomination":"catholic","start_date":"1794","end_date":null,"start_year":1794,"end_year":null}},{"type":"Feature","geometry":{"type":"Point","coordinates":[8.83134,45.46674]},"properties":{"osm_type":"way","osm_id":196489465,"name":"Chiesa parrocchiale di Santa Maria della Neve","religion":"christian","denomination":"roman_catholic","start_date":"1794","end_date":null,"start_year":1794,"end_year":null}},{"type":"Feature","geometry":{"type":"Point","coordinates":[13.84298,37.6536]},"properties":{"osm_type":"way","osm_id":488171507,"name":"Chiesa della Concezione","religion":"christian","denomination":"catholic","start_date":"1795","end_date":null,"start_year":1795,"end_year":null}},{"type":"Feature","geometry":{"type":"Point","coordinates":[8.92826,45.54983]},"properties":{"osm_type":"way","osm_id":45982225,"name":"Chiesa della Madonna della Neve","religion":"christian","denomination":"catholic","start_date":"1795","end_date":null,"start_year":1795,"end_year":null}},{"type":"Feature","geometry":{"type":"Point","coordinates":[7.20812,45.10296]},"properties":{"osm_type":"way","osm_id":158548072,"name":"Madonna della Neve","religion":"christian","denomination":"catholic","start_date":"1796","end_date":null,"start_year":1796,"end_year":null}},{"type":"Feature","geometry":{"type":"Point","coordinates":[12.16974,46.73948]},"properties":{"osm_type":"way","osm_id":121289735,"name":"Pfarrkirche St. Stephan - Chiesa parrochiale di Santo Stefano","religion":"christian","denomination":"roman_catholic","start_date":"1796","end_date":null,"start_year":1796,"end_year":null}},{"type":"Feature","geometry":{"type":"Point","coordinates":[9.68187,45.29305]},"properties":{"osm_type":"way","osm_id":572230107,"name":"Chiesa di San Pietro","religion":"christian","denomination":"roman_catholic","start_date":"1797","end_date":null,"start_year":1797,"end_year":null}},{"type":"Feature","geometry":{"type":"Point","coordinates":[13.91827,37.25839]},"properties":{"osm_type":"way","osm_id":1218829302,"name":"Chiesa di San Giovanni Battista","religion":"christian","denomination":"catholic","start_date":"1798","end_date":null,"start_year":1798,"end_year":null}},{"type":"Feature","geometry":{"type":"Point","coordinates":[14.24896,37.06695]},"properties":{"osm_type":"way","osm_id":178672530,"name":"Chiesa del Rosario","religion":"christian","denomination":"roman_catholic","start_date":"1800","end_date":null,"start_year":1800,"end_year":null}},{"type":"Feature","geometry":{"type":"Point","coordinates":[11.30942,45.81662]},"properties":{"osm_type":"way","osm_id":199815176,"name":"Chiesa di San Pietro Apostolo","religion":"christian","denomination":"catholic","start_date":"1803-11-22","end_date":null,"start_year":1803,"end_year":null}},{"type":"Feature","geometry":{"type":"Point","coordinates":[14.48679,41.50277]},"properties":{"osm_type":"way","osm_id":160484876,"name":"Sant'Emidio","religion":"christian","denomination":null,"start_date":"1805","end_date":null,"start_year":1805,"end_year":null}},{"type":"Feature","geometry":{"type":"Point","coordinates":[8.61848,44.91203]},"properties":{"osm_type":"way","osm_id":1195525494,"name":"Cattedrale dei Santi Pietro e Marco","religion":"christian","denomination":"roman_catholic","start_date":"1810","end_date":null,"start_year":1810,"end_year":null}},{"type":"Feature","geometry":{"type":"Point","coordinates":[8.80436,45.69676]},"properties":{"osm_type":"way","osm_id":290199101,"name":"Chiesa dei Santi Quirico e Giulitta","religion":"christian","denomination":"catholic","start_date":"1813","end_date":null,"start_year":1813,"end_year":null}},{"type":"Feature","geometry":{"type":"Point","coordinates":[15.24785,38.24163]},"properties":{"osm_type":"way","osm_id":265062208,"name":"Chiesa dell'Addolorata","religion":"christian","denomination":"catholic","start_date":"1813","end_date":null,"start_year":1813,"end_year":null}},{"type":"Feature","geometry":{"type":"Point","coordinates":[10.24366,45.59285]},"properties":{"osm_type":"way","osm_id":169639053,"name":"Chiesa di Sant'Apollonio","religion":"christian","denomination":"catholic","start_date":"1813","end_date":null,"start_year":1813,"end_year":null}},{"type":"Feature","geometry":{"type":"Point","coordinates":[7.09003,45.12689]},"properties":{"osm_type":"way","osm_id":354257539,"name":null,"religion":"christian","denomination":"catholic","start_date":"1814","end_date":null,"start_year":1814,"end_year":null}},{"type":"Feature","geometry":{"type":"Point","coordinates":[7.63216,45.36864]},"properties":{"osm_type":"way","osm_id":705149069,"name":"Cappella XIII - Deposizione","religion":null,"denomination":"catholic","start_date":"1815","end_date":null,"start_year":1815,"end_year":null}},{"type":"Feature","geometry":{"type":"Point","coordinates":[9.04276,45.45925]},"properties":{"osm_type":"way","osm_id":308560392,"name":"Chiesa di San Francesco di Monzoro","religion":"christian","denomination":"roman_catholic","start_date":"1815","end_date":null,"start_year":1815,"end_year":null}},{"type":"Feature","geometry":{"type":"Point","coordinates":[13.55662,43.38502]},"properties":{"osm_type":"way","osm_id":1384366251,"name":"Chiesa San Pietro","religion":"christian","denomination":"roman_catholic","start_date":"1815","end_date":null,"start_year":1815,"end_year":null}},{"type":"Feature","geometry":{"type":"Point","coordinates":[8.8318,45.76488]},"properties":{"osm_type":"way","osm_id":290211318,"name":"Chiesa di Sant'Ambrogio","religion":"christian","denomination":"catholic","start_date":"1817","end_date":null,"start_year":1817,"end_year":null}},{"type":"Feature","geometry":{"type":"Point","coordinates":[7.7797,45.49019]},"properties":{"osm_type":"way","osm_id":289936262,"name":"Chiesa di San Bartolomeo","religion":"christian","denomination":"catholic","start_date":"1818","end_date":null,"start_year":1818,"end_year":null}},{"type":"Feature","geometry":{"type":"Point","coordinates":[9.2271,45.83069]},"properties":{"osm_type":"way","osm_id":201837010,"name":"Chiesa di Santa Maria Annunciata","religion":"christian","denomination":"catholic","start_date":"1818","end_date":null,"start_year":1818,"end_year":null}},{"type":"Feature","geometry":{"type":"Point","coordinates":[9.40846,45.53122]},"properties":{"osm_type":"way","osm_id":206103448,"name":"Chiesa dei Santi Gervasio e Protasio","religion":"christian","denomination":"catholic","start_date":"1820","end_date":null,"start_year":1820,"end_year":null}},{"type":"Feature","geometry":{"type":"Point","coordinates":[9.06593,40.98145]},"properties":{"osm_type":"way","osm_id":305328375,"name":"Chiesa di San Giacomo","religion":"christian","denomination":"catholic","start_date":"1820","end_date":null,"start_year":1820,"end_year":null}},{"type":"Feature","geometry":{"type":"Point","coordinates":[7.08388,45.14059]},"properties":{"osm_type":"way","osm_id":274864459,"name":"San Giuliano","religion":"christian","denomination":"catholic","start_date":"1820","end_date":null,"start_year":1820,"end_year":null}},{"type":"Feature","geometry":{"type":"Point","coordinates":[7.83224,45.46882]},"properties":{"osm_type":"way","osm_id":199050991,"name":"Cappella della Madonna della Neve","religion":"christian","denomination":"catholic","start_date":"1821","end_date":null,"start_year":1821,"end_year":null}},{"type":"Feature","geometry":{"type":"Point","coordinates":[7.54258,44.31591]},"properties":{"osm_type":"node","osm_id":2263496395,"name":"Santa Brigida","religion":"christian","denomination":null,"start_date":"1822","end_date":null,"start_year":1822,"end_year":null}},{"type":"Feature","geometry":{"type":"Point","coordinates":[12.47684,41.85869]},"properties":{"osm_type":"way","osm_id":23370510,"name":"Basilica di San Paolo fuori le mura","religion":"christian","denomination":"roman_catholic","start_date":"1823","end_date":"1854","start_year":1823,"end_year":1854}},{"type":"Feature","geometry":{"type":"Point","coordinates":[13.63094,42.82121]},"properties":{"osm_type":"way","osm_id":1418343813,"name":"Chiesa di San Gennaro","religion":"christian","denomination":"catholic","start_date":"1823","end_date":null,"start_year":1823,"end_year":null}},{"type":"Feature","geometry":{"type":"Point","coordinates":[11.0862,44.21277]},"properties":{"osm_type":"way","osm_id":156993875,"name":"Oratorio di Santa Maria Ausiliatrice","religion":"christian","denomination":"catholic","start_date":"1824","end_date":null,"start_year":1824,"end_year":null}},{"type":"Feature","geometry":{"type":"Point","coordinates":[7.01343,45.13981]},"properties":{"osm_type":"way","osm_id":224085865,"name":"San Giuseppe","religion":"christian","denomination":"catholic","start_date":"1825","end_date":null,"start_year":1825,"end_year":null}},{"type":"Feature","geometry":{"type":"Point","coordinates":[7.32851,45.10101]},"properties":{"osm_type":"way","osm_id":105876754,"name":"San Pietro Apostolo","religion":"christian","denomination":"catholic","start_date":"1825","end_date":null,"start_year":1825,"end_year":null}},{"type":"Feature","geometry":{"type":"Point","coordinates":[13.5389,43.60409]},"properties":{"osm_type":"way","osm_id":904612100,"name":"Chiesa di Santa Croce","religion":"christian","denomination":"roman_catholic","start_date":"1826","end_date":null,"start_year":1826,"end_year":null}},{"type":"Feature","geometry":{"type":"Point","coordinates":[7.67693,45.07305]},"properties":{"osm_type":"way","osm_id":319751844,"name":"Chiesa della Misericordia","religion":"christian","denomination":"catholic","start_date":"1828","end_date":null,"start_year":1828,"end_year":null}},{"type":"Feature","geometry":{"type":"Point","coordinates":[13.84275,37.65476]},"properties":{"osm_type":"way","osm_id":488171506,"name":"Chiesa Madre di San Giuseppe","religion":"christian","denomination":"catholic","start_date":"1828","end_date":null,"start_year":1828,"end_year":null}},{"type":"Feature","geometry":{"type":"Point","coordinates":[12.95446,43.40296]},"properties":{"osm_type":"way","osm_id":1276780805,"name":"Tempio del Valadier","religion":"christian","denomination":"catholic","start_date":"1828","end_date":null,"start_year":1828,"end_year":null}},{"type":"Feature","geometry":{"type":"Point","coordinates":[14.26386,40.89296]},"properties":{"osm_type":"way","osm_id":1337180160,"name":"Santuario dell'Addolorata a Secondigliano","religion":"christian","denomination":"roman_catholic","start_date":"1830","end_date":null,"start_year":1830,"end_year":null}},{"type":"Feature","geometry":{"type":"Point","coordinates":[7.52459,45.83126]},"properties":{"osm_type":"way","osm_id":413843917,"name":"Cappella Champlaisant","religion":"christian","denomination":"catholic","start_date":"1832","end_date":null,"start_year":1832,"end_year":null}},{"type":"Feature","geometry":{"type":"Point","coordinates":[7.4952,44.84412]},"properties":{"osm_type":"way","osm_id":223308526,"name":"Santa Maria del Borgo","religion":"christian","denomination":"catholic","start_date":"1832","end_date":null,"start_year":1832,"end_year":null}},{"type":"Feature","geometry":{"type":"Point","coordinates":[7.48523,44.32855]},"properties":{"osm_type":"way","osm_id":290563892,"name":"Madonna delle Grazie","religion":"christian","denomination":"catholic","start_date":"1833","end_date":null,"start_year":1833,"end_year":null}},{"type":"Feature","geometry":{"type":"Point","coordinates":[13.24479,41.42087]},"properties":{"osm_type":"way","osm_id":751752435,"name":"Chiesa dell'Assunta","religion":"christian","denomination":"catholic","start_date":"1834","end_date":null,"start_year":1834,"end_year":null}},{"type":"Feature","geometry":{"type":"Point","coordinates":[12.11334,42.71628]},"properties":{"osm_type":"way","osm_id":117056248,"name":"San Giacomo all'Ospedale","religion":"christian","denomination":"catholic","start_date":"1835","end_date":null,"start_year":1835,"end_year":null}},{"type":"Feature","geometry":{"type":"Point","coordinates":[9.65094,45.54517]},"properties":{"osm_type":"way","osm_id":1107459300,"name":"Cappella dell'addolorata","religion":"christian","denomination":"roman_catholic","start_date":"1836","end_date":null,"start_year":1836,"end_year":null}},{"type":"Feature","geometry":{"type":"Point","coordinates":[8.97298,45.64362]},"properties":{"osm_type":"way","osm_id":574776138,"name":"Chiesa dei Santi Giulio Prete e Antonio Abate","religion":"christian","denomination":"roman_catholic","start_date":"1836","end_date":null,"start_year":1836,"end_year":null}},{"type":"Feature","geometry":{"type":"Point","coordinates":[10.24407,45.59405]},"properties":{"osm_type":"way","osm_id":169639242,"name":"Chiesa di San Rocco","religion":"christian","denomination":"catholic","start_date":"1836","end_date":null,"start_year":1836,"end_year":null}},{"type":"Feature","geometry":{"type":"Point","coordinates":[9.28747,45.80267]},"properties":{"osm_type":"way","osm_id":361901060,"name":"Oratorio di San Gaetano","religion":"christian","denomination":"roman_catholic","start_date":"1836","end_date":null,"start_year":1836,"end_year":null}},{"type":"Feature","geometry":{"type":"Point","coordinates":[8.01581,43.8755]},"properties":{"osm_type":"way","osm_id":225568803,"name":"Duomo di San Maurizio","religion":"christian","denomination":"catholic","start_date":"1837","end_date":null,"start_year":1837,"end_year":null}},{"type":"Feature","geometry":{"type":"Point","coordinates":[11.43288,43.32346]},"properties":{"osm_type":"way","osm_id":139884047,"name":null,"religion":"christian","denomination":"roman_catholic","start_date":"1837","end_date":null,"start_year":1837,"end_year":null}},{"type":"Feature","geometry":{"type":"Point","coordinates":[10.97923,45.44257]},"properties":{"osm_type":"way","osm_id":288170289,"name":"Basilica di San Zeno Maggiore","religion":"christian","denomination":"catholic","start_date":"1839","end_date":null,"start_year":1839,"end_year":null}},{"type":"Feature","geometry":{"type":"Point","coordinates":[8.24997,45.8179]},"properties":{"osm_type":"way","osm_id":223726116,"name":"Chiesa di Sant''Antonio di Padova","religion":"christian","denomination":"roman_catholic","start_date":"1839","end_date":null,"start_year":1839,"end_year":null}},{"type":"Feature","geometry":{"type":"Point","coordinates":[12.00328,45.48434]},"properties":{"osm_type":"way","osm_id":595027082,"name":"Chiesetta della Madonna Mora","religion":"christian","denomination":"catholic","start_date":"1839","end_date":null,"start_year":1839,"end_year":null}},{"type":"Feature","geometry":{"type":"Point","coordinates":[12.83773,45.77618]},"properties":{"osm_type":"way","osm_id":197218491,"name":"Duomo di Portogruaro","religion":"christian","denomination":null,"start_date":"1839","end_date":null,"start_year":1839,"end_year":null}},{"type":"Feature","geometry":{"type":"Point","coordinates":[7.38739,44.52203]},"properties":{"osm_type":"way","osm_id":379435912,"name":"Cappella di San Rocco","religion":"christian","denomination":"catholic","start_date":"1840","end_date":null,"start_year":1840,"end_year":null}},{"type":"Feature","geometry":{"type":"Point","coordinates":[6.77947,45.03306]},"properties":{"osm_type":"node","osm_id":428291734,"name":"Cappella Cote Rouge","religion":"christian","denomination":"catholic","start_date":"1841","end_date":null,"start_year":1841,"end_year":null}},{"type":"Feature","geometry":{"type":"Point","coordinates":[9.60275,45.4598]},"properties":{"osm_type":"way","osm_id":731899369,"name":"Chiesa Arcipretale dei Santi Pietro e Paolo","religion":"christian","denomination":"catholic","start_date":"1842","end_date":null,"start_year":1842,"end_year":null}},{"type":"Feature","geometry":{"type":"Point","coordinates":[14.09166,37.80497]},"properties":{"osm_type":"way","osm_id":1117200359,"name":"Chiesa dei Santi Marco e Biagio","religion":"christian","denomination":"catholic","start_date":"1842","end_date":null,"start_year":1842,"end_year":null}},{"type":"Feature","geometry":{"type":"Point","coordinates":[9.28143,45.58643]},"properties":{"osm_type":"way","osm_id":204484858,"name":"Chiesa di San Gerardo al Corpo","religion":"christian","denomination":"catholic","start_date":"1842","end_date":null,"start_year":1842,"end_year":null}},{"type":"Feature","geometry":{"type":"Point","coordinates":[12.33341,45.43745]},"properties":{"osm_type":"way","osm_id":138803603,"name":"Chiesa di San Silvestro","religion":"christian","denomination":"catholic","start_date":"1843","end_date":null,"start_year":1843,"end_year":null}},{"type":"Feature","geometry":{"type":"Point","coordinates":[9.18067,45.53903]},"properties":{"osm_type":"way","osm_id":136718528,"name":"Chiesa di San Vincenzo Diacono e Martire","religion":"christian","denomination":"roman_catholic","start_date":"~1843","end_date":null,"start_year":1843,"end_year":null}},{"type":"Feature","geometry":{"type":"Point","coordinates":[12.03003,44.22528]},"properties":{"osm_type":"way","osm_id":185888831,"name":"Chiesa di Santa Maria in Assunta in Laterano","religion":"christian","denomination":"catholic","start_date":"1844","end_date":null,"start_year":1844,"end_year":null}},{"type":"Feature","geometry":{"type":"Point","coordinates":[16.56138,40.29368]},"properties":{"osm_type":"way","osm_id":1026400046,"name":"Cappella di San Gennaro","religion":"christian","denomination":null,"start_date":"1846","end_date":null,"start_year":1846,"end_year":null}},{"type":"Feature","geometry":{"type":"Point","coordinates":[10.50898,43.49541]},"properties":{"osm_type":"way","osm_id":312807795,"name":"Chiesa di San Michele Arcangelo","religion":"christian","denomination":"catholic","start_date":"1846","end_date":null,"start_year":1846,"end_year":null}},{"type":"Feature","geometry":{"type":"Point","coordinates":[9.66838,45.70309]},"properties":{"osm_type":"way","osm_id":79920500,"name":"Chiesa di Sant'Andrea Apostolo","religion":"christian","denomination":"catholic","start_date":"1847","end_date":null,"start_year":1847,"end_year":null}},{"type":"Feature","geometry":{"type":"Point","coordinates":[10.8081,43.28181]},"properties":{"osm_type":"way","osm_id":263200250,"name":"Chiesa dei Santi Simone e Giuda","religion":"christian","denomination":"catholic","start_date":"1848","end_date":null,"start_year":1848,"end_year":null}},{"type":"Feature","geometry":{"type":"Point","coordinates":[8.95355,45.48702]},"properties":{"osm_type":"way","osm_id":409108486,"name":"Chiesa dell'Annunciazione di Maria Vergine","religion":"christian","denomination":"catholic","start_date":"1848","end_date":null,"start_year":1848,"end_year":null}},{"type":"Feature","geometry":{"type":"Point","coordinates":[11.41165,46.00665]},"properties":{"osm_type":"way","osm_id":290354480,"name":"Chiesa di Santa Maria Assunta","religion":"christian","denomination":"catholic","start_date":"1848","end_date":null,"start_year":1848,"end_year":null}},{"type":"Feature","geometry":{"type":"Point","coordinates":[9.21733,45.80966]},"properties":{"osm_type":"way","osm_id":307589730,"name":"Chiesa di Santa Marta","religion":"christian","denomination":"roman_catholic","start_date":"1848","end_date":null,"start_year":1848,"end_year":null}},{"type":"Feature","geometry":{"type":"Point","coordinates":[8.5756,44.84855]},"properties":{"osm_type":"way","osm_id":227319331,"name":"Santuario della Beata Vergine della Creta","religion":"christian","denomination":"catholic","start_date":"1848","end_date":null,"start_year":1848,"end_year":null}},{"type":"Feature","geometry":{"type":"Point","coordinates":[16.86913,41.12433]},"properties":{"osm_type":"way","osm_id":588404009,"name":"Chiesa di San Ferdinando","religion":"christian","denomination":"roman_catholic","start_date":"1849","end_date":null,"start_year":1849,"end_year":null}},{"type":"Feature","geometry":{"type":"Point","coordinates":[9.72553,45.34268]},"properties":{"osm_type":"way","osm_id":84018056,"name":"Chiesa del Sacro Cuore di Maria","religion":"christian","denomination":"catholic","start_date":"1850","end_date":null,"start_year":1850,"end_year":null}},{"type":"Feature","geometry":{"type":"Point","coordinates":[13.67657,43.03272]},"properties":{"osm_type":"way","osm_id":766796978,"name":"Chiesa di Santa Maria delle Grazie","religion":"christian","denomination":"catholic","start_date":"1850","end_date":null,"start_year":1850,"end_year":null}},{"type":"Feature","geometry":{"type":"Point","coordinates":[11.04403,44.61777]},"properties":{"osm_type":"way","osm_id":979706301,"name":"Beata Vergine dei Prati","religion":"christian","denomination":"catholic","start_date":"1851","end_date":null,"start_year":1851,"end_year":null}},{"type":"Feature","geometry":{"type":"Point","coordinates":[10.54215,44.84158]},"properties":{"osm_type":"way","osm_id":168218900,"name":"Chiesa di Santo Stefano","religion":"christian","denomination":"catholic","start_date":"1851","end_date":null,"start_year":1851,"end_year":null}},{"type":"Feature","geometry":{"type":"Point","coordinates":[7.24841,44.51268]},"properties":{"osm_type":"way","osm_id":237746434,"name":"San Marco","religion":"christian","denomination":"catholic","start_date":"1851","end_date":null,"start_year":1851,"end_year":null}},{"type":"Feature","geometry":{"type":"Point","coordinates":[8.32273,46.22124]},"properties":{"osm_type":"way","osm_id":755124236,"name":"Chiesa della Madonna del Divino Aiuto","religion":"christian","denomination":"roman_catholic","start_date":"1852","end_date":null,"start_year":1852,"end_year":null}},{"type":"Feature","geometry":{"type":"Point","coordinates":[11.21409,45.35075]},"properties":{"osm_type":"way","osm_id":248590578,"name":"Chiesa di San Francesco di Paola","religion":"christian","denomination":"roman_catholic","start_date":"1852","end_date":null,"start_year":1852,"end_year":null}},{"type":"Feature","geometry":{"type":"Point","coordinates":[11.27856,45.54303]},"properties":{"osm_type":"way","osm_id":262744766,"name":"Santa Maria Assunta e San Martino","religion":"christian","denomination":"catholic","start_date":"1852","end_date":null,"start_year":1852,"end_year":null}},{"type":"Feature","geometry":{"type":"Point","coordinates":[7.68797,45.062]},"properties":{"osm_type":"way","osm_id":117493775,"name":"Chiesa di San Massimo","religion":"christian","denomination":"catholic","start_date":"1853","end_date":null,"start_year":1853,"end_year":null}},{"type":"Feature","geometry":{"type":"Point","coordinates":[8.65147,45.87672]},"properties":{"osm_type":"way","osm_id":1330411280,"name":"Chiesa di Sant'Agostino","religion":"christian","denomination":"roman_catholic","start_date":"1853","end_date":null,"start_year":1853,"end_year":null}},{"type":"Feature","geometry":{"type":"Point","coordinates":[14.15204,42.51458]},"properties":{"osm_type":"node","osm_id":275589587,"name":"Chiesetta di Sant'Antonio","religion":"christian","denomination":"catholic","start_date":"1853","end_date":null,"start_year":1853,"end_year":null}},{"type":"Feature","geometry":{"type":"Point","coordinates":[12.3635,43.07516]},"properties":{"osm_type":"way","osm_id":222460662,"name":"Santuario di Santa Maria della Misericordia","religion":"christian","denomination":"catholic","start_date":"1853","end_date":null,"start_year":1853,"end_year":null}},{"type":"Feature","geometry":{"type":"Point","coordinates":[7.68376,45.0605]},"properties":{"osm_type":"way","osm_id":165222796,"name":"Tempio Valdese","religion":"christian","denomination":"evangelical","start_date":"1853-12-15","end_date":null,"start_year":1853,"end_year":null}},{"type":"Feature","geometry":{"type":"Point","coordinates":[15.36108,37.93932]},"properties":{"osm_type":"way","osm_id":372701524,"name":"Chiesa di Santa Maria di Portosalvo","religion":"christian","denomination":"catholic","start_date":"1854","end_date":null,"start_year":1854,"end_year":null}},{"type":"Feature","geometry":{"type":"Point","coordinates":[11.73362,45.9314]},"properties":{"osm_type":"way","osm_id":120673156,"name":"Nostra Signora di Pedancino","religion":"christian","denomination":"catholic","start_date":"1855","end_date":null,"start_year":1855,"end_year":null}},{"type":"Feature","geometry":{"type":"Point","coordinates":[10.31668,43.54558]},"properties":{"osm_type":"way","osm_id":77513217,"name":"Chiesa di Santa Maria del Soccorso","religion":"christian","denomination":"catholic","start_date":"1856-06-22","end_date":null,"start_year":1856,"end_year":null}},{"type":"Feature","geometry":{"type":"Point","coordinates":[11.75071,46.09713]},"properties":{"osm_type":"way","osm_id":148385528,"name":null,"religion":"christian","denomination":"catholic","start_date":"1856-09-04","end_date":null,"start_year":1856,"end_year":null}},{"type":"Feature","geometry":{"type":"Point","coordinates":[7.99685,45.33162]},"properties":{"osm_type":"way","osm_id":1086244516,"name":"Chiesa Parrocchiale di Sant'Eusebio","religion":"christian","denomination":"catholic","start_date":"1858","end_date":null,"start_year":1858,"end_year":null}},{"type":"Feature","geometry":{"type":"Point","coordinates":[9.16942,45.51742]},"properties":{"osm_type":"way","osm_id":88683403,"name":"Chiesa parrocchiale di Santa Giustina","religion":"christian","denomination":"roman_catholic","start_date":"1859","end_date":null,"start_year":1859,"end_year":null}},{"type":"Feature","geometry":{"type":"Point","coordinates":[9.42562,45.85367]},"properties":{"osm_type":"way","osm_id":273806390,"name":"Santuario della Madonna alla Rovinata","religion":"christian","denomination":"catholic","start_date":"1859","end_date":null,"start_year":1859,"end_year":null}},{"type":"Feature","geometry":{"type":"Point","coordinates":[8.99702,45.52657]},"properties":{"osm_type":"way","osm_id":191096458,"name":"Chiesa dei Santi Ippolito e Cassiano","religion":"christian","denomination":"catholic","start_date":"1860","end_date":null,"start_year":1860,"end_year":null}},{"type":"Feature","geometry":{"type":"Point","coordinates":[9.15925,45.85933]},"properties":{"osm_type":"way","osm_id":230277558,"name":"Chiesa di San Giorgio","religion":"christian","denomination":"catholic","start_date":"1860","end_date":null,"start_year":1860,"end_year":null}},{"type":"Feature","geometry":{"type":"Point","coordinates":[9.00999,45.72502]},"properties":{"osm_type":"way","osm_id":39467459,"name":"Chiesa di Santa Maria Assunta","religion":"christian","denomination":"catholic","start_date":"1860","end_date":null,"start_year":1860,"end_year":null}},{"type":"Feature","geometry":{"type":"Point","coordinates":[14.20041,40.80326]},"properties":{"osm_type":"way","osm_id":617030370,"name":"Chiesa di Santa Maria di Bellavista","religion":"christian","denomination":null,"start_date":"1860","end_date":null,"start_year":1860,"end_year":null}},{"type":"Feature","geometry":{"type":"Point","coordinates":[11.30075,45.31903]},"properties":{"osm_type":"way","osm_id":314346615,"name":"Oratorio della Maternità di Maria","religion":"christian","denomination":"roman_catholic","start_date":"~1860","end_date":null,"start_year":1860,"end_year":null}},{"type":"Feature","geometry":{"type":"Point","coordinates":[13.78548,45.68796]},"properties":{"osm_type":"way","osm_id":725915916,"name":"Pilj Lokvica","religion":"christian","denomination":null,"start_date":"1860","end_date":null,"start_year":1860,"end_year":null}},{"type":"Feature","geometry":{"type":"Point","coordinates":[12.99848,45.78354]},"properties":{"osm_type":"way","osm_id":36684860,"name":"Tempio Gaspari","religion":"christian","denomination":"catholic","start_date":"1860","end_date":null,"start_year":1860,"end_year":null}},{"type":"Feature","geometry":{"type":"Point","coordinates":[8.79379,45.65975]},"properties":{"osm_type":"way","osm_id":223910111,"name":"Basilica di Santa Maria Assunta","religion":"christian","denomination":"catholic","start_date":"1861","end_date":null,"start_year":1861,"end_year":null}},{"type":"Feature","geometry":{"type":"Point","coordinates":[7.22831,44.31365]},"properties":{"osm_type":"node","osm_id":1722362511,"name":"San Giuseppe","religion":"christian","denomination":null,"start_date":"1861","end_date":null,"start_year":1861,"end_year":null}},{"type":"Feature","geometry":{"type":"Point","coordinates":[13.7727,45.66532]},"properties":{"osm_type":"way","osm_id":36684714,"name":"Chiesa dei Santi Ermacora e Fortunato Martiri / Cerkev svetega Mohorja in Fortunata","religion":"christian","denomination":"catholic","start_date":"1862-07-13","end_date":null,"start_year":1862,"end_year":null}},{"type":"Feature","geometry":{"type":"Point","coordinates":[13.09607,37.89777]},"properties":{"osm_type":"way","osm_id":52364895,"name":"Sant'Antonio di Padova","religion":"christian","denomination":"catholic","start_date":"1862","end_date":null,"start_year":1862,"end_year":null}},{"type":"Feature","geometry":{"type":"Point","coordinates":[9.45913,45.98422]},"properties":{"osm_type":"node","osm_id":774879937,"name":null,"religion":"christian","denomination":"catholic","start_date":"1862","end_date":null,"start_year":1862,"end_year":null}},{"type":"Feature","geometry":{"type":"Point","coordinates":[14.27183,40.88264]},"properties":{"osm_type":"way","osm_id":609610876,"name":"Chiesa dell'Immacolata a Capodichino","religion":"christian","denomination":"roman_catholic","start_date":"1863","end_date":null,"start_year":1863,"end_year":null}},{"type":"Feature","geometry":{"type":"Point","coordinates":[10.41498,43.46374]},"properties":{"osm_type":"node","osm_id":1396345073,"name":"Chiesa di San Giuseppe","religion":"christian","denomination":"catholic","start_date":"1863","end_date":null,"start_year":1863,"end_year":null}},{"type":"Feature","geometry":{"type":"Point","coordinates":[15.2276,38.15063]},"properties":{"osm_type":"way","osm_id":228957534,"name":"Chiesa di Santa Maria Assunta","religion":"christian","denomination":"catholic","start_date":"1863","end_date":null,"start_year":1863,"end_year":null}},{"type":"Feature","geometry":{"type":"Point","coordinates":[9.02491,45.50141]},"properties":{"osm_type":"way","osm_id":238955173,"name":"Chiesa parrocchiale dei Santi Giacomo e Filippo","religion":"christian","denomination":"roman_catholic","start_date":"1863","end_date":null,"start_year":1863,"end_year":null}},{"type":"Feature","geometry":{"type":"Point","coordinates":[11.88952,45.40747]},"properties":{"osm_type":"way","osm_id":131997778,"name":"Chiesa della Beata Vergine Maria Immacolata","religion":"christian","denomination":"roman_catholic","start_date":"1864","end_date":null,"start_year":1864,"end_year":null}},{"type":"Feature","geometry":{"type":"Point","coordinates":[9.19561,45.476]},"properties":{"osm_type":"way","osm_id":40981436,"name":"Chiesa di San Bartolomeo","religion":"christian","denomination":"catholic","start_date":"1864","end_date":null,"start_year":1864,"end_year":null}},{"type":"Feature","geometry":{"type":"Point","coordinates":[15.20401,37.73242]},"properties":{"osm_type":"way","osm_id":230261805,"name":"Basilica di San Pietro","religion":"christian","denomination":"roman_catholic","start_date":"1865","end_date":null,"start_year":1865,"end_year":null}},{"type":"Feature","geometry":{"type":"Point","coordinates":[15.20022,37.73142]},"properties":{"osm_type":"way","osm_id":1202191485,"name":"Chiesa dell'Addolorata","religion":"christian","denomination":"roman_catholic","start_date":"1865","end_date":null,"start_year":1865,"end_year":null}},{"type":"Feature","geometry":{"type":"Point","coordinates":[9.12568,45.61823]},"properties":{"osm_type":"way","osm_id":1008080262,"name":"Chiesa di San Giuseppe Artigiano","religion":"christian","denomination":"roman_catholic","start_date":"1865","end_date":null,"start_year":1865,"end_year":null}},{"type":"Feature","geometry":{"type":"Point","coordinates":[12.29461,45.98784]},"properties":{"osm_type":"way","osm_id":152699643,"name":"Chiesa di San Gottardo","religion":"christian","denomination":"roman_catholic","start_date":"1865","end_date":null,"start_year":1865,"end_year":null}},{"type":"Feature","geometry":{"type":"Point","coordinates":[6.74694,45.11277]},"properties":{"osm_type":"way","osm_id":928791489,"name":"Madonna del Ponte","religion":"christian","denomination":"catholic","start_date":"1865","end_date":null,"start_year":1865,"end_year":null}},{"type":"Feature","geometry":{"type":"Point","coordinates":[15.20491,37.73341]},"properties":{"osm_type":"way","osm_id":1202191487,"name":"Santuario della Madonna della Sacra Lettera","religion":"christian","denomination":"roman_catholic","start_date":"1865","end_date":null,"start_year":1865,"end_year":null}},{"type":"Feature","geometry":{"type":"Point","coordinates":[7.48756,45.28013]},"properties":{"osm_type":"way","osm_id":703836453,"name":"Beata Vergine della Visitazione","religion":"christian","denomination":"catholic","start_date":"1866","end_date":null,"start_year":1866,"end_year":null}},{"type":"Feature","geometry":{"type":"Point","coordinates":[7.66471,45.07999]},"properties":{"osm_type":"way","osm_id":285493407,"name":"Chiesa di Nostra Signora del Suffragio","religion":"christian","denomination":"catholic","start_date":"1866","end_date":null,"start_year":1866,"end_year":null}},{"type":"Feature","geometry":{"type":"Point","coordinates":[7.69947,45.06964]},"properties":{"osm_type":"way","osm_id":115093501,"name":"Chiesa di Santa Giulia","religion":"christian","denomination":"catholic","start_date":"1866-06-23","end_date":null,"start_year":1866,"end_year":null}},{"type":"Feature","geometry":{"type":"Point","coordinates":[7.05607,45.13498]},"properties":{"osm_type":"way","osm_id":1318893128,"name":"Madonna della Misericordia","religion":"christian","denomination":"catholic","start_date":"1866","end_date":null,"start_year":1866,"end_year":null}},{"type":"Feature","geometry":{"type":"Point","coordinates":[13.24144,41.41366]},"properties":{"osm_type":"way","osm_id":181442767,"name":"San Pietro","religion":"christian","denomination":"catholic","start_date":"1867","end_date":null,"start_year":1867,"end_year":null}},{"type":"Feature","geometry":{"type":"Point","coordinates":[7.67601,45.08112]},"properties":{"osm_type":"way","osm_id":25298271,"name":"Basilica di Maria Ausiliatrice","religion":"christian","denomination":"roman_catholic","start_date":"1868","end_date":null,"start_year":1868,"end_year":null}},{"type":"Feature","geometry":{"type":"Point","coordinates":[7.28561,45.13527]},"properties":{"osm_type":"way","osm_id":716693949,"name":"Madonna delle Grazie","religion":"christian","denomination":"catholic","start_date":"1868","end_date":null,"start_year":1868,"end_year":null}},{"type":"Feature","geometry":{"type":"Point","coordinates":[16.4838,41.11601]},"properties":{"osm_type":"way","osm_id":409167467,"name":"Chiesa di San Giacomo al Corso","religion":"christian","denomination":"catholic","start_date":"1869","end_date":null,"start_year":1869,"end_year":null}},{"type":"Feature","geometry":{"type":"Point","coordinates":[8.20366,44.90166]},"properties":{"osm_type":"way","osm_id":127582552,"name":"Chiesa di San Silvestro","religion":"christian","denomination":"catholic","start_date":"1870","end_date":null,"start_year":1870,"end_year":null}},{"type":"Feature","geometry":{"type":"Point","coordinates":[9.04087,45.38508]},"properties":{"osm_type":"way","osm_id":385717090,"name":"Chiesa di Sant'Andrea","religion":"christian","denomination":"roman_catholic","start_date":"1870","end_date":null,"start_year":1870,"end_year":null}},{"type":"Feature","geometry":{"type":"Point","coordinates":[14.4438,41.49142]},"properties":{"osm_type":"way","osm_id":160484887,"name":"Santa Maria della Libera","religion":"christian","denomination":null,"start_date":"1870","end_date":null,"start_year":1870,"end_year":null}},{"type":"Feature","geometry":{"type":"Point","coordinates":[7.5098,44.25894]},"properties":{"osm_type":"way","osm_id":389807229,"name":"Cappella Madonna della Neve","religion":"christian","denomination":"catholic","start_date":"1871","end_date":null,"start_year":1871,"end_year":null}},{"type":"Feature","geometry":{"type":"Point","coordinates":[8.61402,44.91421]},"properties":{"osm_type":"way","osm_id":175227994,"name":"Sinagoga di Alessandria","religion":"jewish","denomination":null,"start_date":"1871","end_date":null,"start_year":1871,"end_year":null}},{"type":"Feature","geometry":{"type":"Point","coordinates":[16.5418,41.13008]},"properties":{"osm_type":"way","osm_id":409139668,"name":"Concattedrale San Michele Arcangelo","religion":"christian","denomination":"roman_catholic","start_date":"1872","end_date":null,"start_year":1872,"end_year":null}},{"type":"Feature","geometry":{"type":"Point","coordinates":[14.09154,37.80831]},"properties":{"osm_type":"way","osm_id":1079525084,"name":"Chiesa del Santissimo Sacramento","religion":"christian","denomination":"catholic","start_date":"1873","end_date":null,"start_year":1873,"end_year":null}},{"type":"Feature","geometry":{"type":"Point","coordinates":[9.23449,46.05391]},"properties":{"osm_type":"way","osm_id":312599602,"name":"Chiesa di San Gregorio","religion":"christian","denomination":"catholic","start_date":"1873","end_date":null,"start_year":1873,"end_year":null}},{"type":"Feature","geometry":{"type":"Point","coordinates":[7.45338,44.29529]},"properties":{"osm_type":"way","osm_id":174693206,"name":"Maria Vergine e San Lorenzo","religion":"christian","denomination":"catholic","start_date":"1873","end_date":null,"start_year":1873,"end_year":null}},{"type":"Feature","geometry":{"type":"Point","coordinates":[11.96559,45.94596]},"properties":{"osm_type":"way","osm_id":217889957,"name":"Chiesa S. Maria Ausiliatrice","religion":"christian","denomination":"catholic","start_date":"1875","end_date":null,"start_year":1875,"end_year":null}},{"type":"Feature","geometry":{"type":"Point","coordinates":[7.68566,44.31927]},"properties":{"osm_type":"way","osm_id":380137651,"name":"Cappella di Sant'Endimione","religion":"christian","denomination":"catholic","start_date":"1876","end_date":null,"start_year":1876,"end_year":null}},{"type":"Feature","geometry":{"type":"Point","coordinates":[8.70842,45.3102]},"properties":{"osm_type":"way","osm_id":1132144797,"name":"Beata Vergine delle Grazie","religion":"christian","denomination":"roman_catholic","start_date":"1878","end_date":null,"start_year":1878,"end_year":null}},{"type":"Feature","geometry":{"type":"Point","coordinates":[8.37585,45.10405]},"properties":{"osm_type":"node","osm_id":3346416555,"name":"Chiesetta di San Giovanni Battista","religion":"christian","denomination":"catholic","start_date":"1878","end_date":null,"start_year":1878,"end_year":null}},{"type":"Feature","geometry":{"type":"Point","coordinates":[9.15463,45.19134]},"properties":{"osm_type":"way","osm_id":970915465,"name":"Basilica San Pietro in Ciel d'Oro","religion":"christian","denomination":"roman_catholic","start_date":"1880","end_date":null,"start_year":1880,"end_year":null}},{"type":"Feature","geometry":{"type":"Point","coordinates":[9.15015,45.18962]},"properties":{"osm_type":"way","osm_id":149317698,"name":"Chiesa dei Santi Gervasio e Protasio Martiri","religion":"christian","denomination":null,"start_date":"1880","end_date":null,"start_year":1880,"end_year":null}},{"type":"Feature","geometry":{"type":"Point","coordinates":[9.16112,45.18229]},"properties":{"osm_type":"way","osm_id":149041774,"name":"Chiesa dei Santi Primo e Feliciano","religion":"christian","denomination":null,"start_date":"1880","end_date":null,"start_year":1880,"end_year":null}},{"type":"Feature","geometry":{"type":"Point","coordinates":[9.99139,44.09391]},"properties":{"osm_type":"way","osm_id":206085971,"name":"Chiesa di San Lazzaro","religion":"christian","denomination":"catholic","start_date":"1880","end_date":null,"start_year":1880,"end_year":null}},{"type":"Feature","geometry":{"type":"Point","coordinates":[9.15002,45.20538]},"properties":{"osm_type":"way","osm_id":149298189,"name":"Chiesa di San Siro","religion":"christian","denomination":"romanian_orthodox","start_date":"1880","end_date":null,"start_year":1880,"end_year":null}},{"type":"Feature","geometry":{"type":"Point","coordinates":[9.16712,45.22124]},"properties":{"osm_type":"way","osm_id":149307390,"name":"Chiesa di Santa Maria Assunta","religion":"christian","denomination":"catholic","start_date":"1880","end_date":null,"start_year":1880,"end_year":null}},{"type":"Feature","geometry":{"type":"Point","coordinates":[9.16232,45.21016]},"properties":{"osm_type":"way","osm_id":149370342,"name":"Chiesa Greco-Ortodossa di Sant’Ambrogio","religion":"christian","denomination":"greek_orthodox","start_date":"1880","end_date":null,"start_year":1880,"end_year":null}},{"type":"Feature","geometry":{"type":"Point","coordinates":[9.16207,45.18461]},"properties":{"osm_type":"way","osm_id":149317289,"name":"Monastero di santa Maria delle Cacce","religion":"christian","denomination":"catholic","start_date":"1880","end_date":null,"start_year":1880,"end_year":null}},{"type":"Feature","geometry":{"type":"Point","coordinates":[9.16196,45.18138]},"properties":{"osm_type":"way","osm_id":149311005,"name":"San Luca","religion":"christian","denomination":"catholic","start_date":"1880","end_date":null,"start_year":1880,"end_year":null}},{"type":"Feature","geometry":{"type":"Point","coordinates":[9.15835,45.18307]},"properties":{"osm_type":"way","osm_id":149369425,"name":"Santi Giacomo e Filippo","religion":"christian","denomination":null,"start_date":"1880","end_date":null,"start_year":1880,"end_year":null}},{"type":"Feature","geometry":{"type":"Point","coordinates":[9.04729,45.63704]},"properties":{"osm_type":"way","osm_id":292098652,"name":"Chiesa parrocchiale di San Giovanni Battista","religion":"christian","denomination":"roman_catholic","start_date":"1881","end_date":null,"start_year":1881,"end_year":null}},{"type":"Feature","geometry":{"type":"Point","coordinates":[13.50632,38.08403]},"properties":{"osm_type":"way","osm_id":177152547,"name":"San Pietro (chiesa vecchia)","religion":"christian","denomination":"catholic","start_date":"1881","end_date":null,"start_year":1881,"end_year":null}},{"type":"Feature","geometry":{"type":"Point","coordinates":[9.19317,45.45659]},"properties":{"osm_type":"way","osm_id":204612496,"name":"Basilica di San Calimero","religion":"christian","denomination":"catholic","start_date":"1882","end_date":null,"start_year":1882,"end_year":null}},{"type":"Feature","geometry":{"type":"Point","coordinates":[11.49398,46.07042]},"properties":{"osm_type":"way","osm_id":236110072,"name":"Chiesa della Madonna della neve","religion":"christian","denomination":"catholic","start_date":"1882","end_date":null,"start_year":1882,"end_year":null}},{"type":"Feature","geometry":{"type":"Point","coordinates":[7.68614,45.07964]},"properties":{"osm_type":"way","osm_id":256395579,"name":"Chiesa di San Gioacchino","religion":"christian","denomination":"catholic","start_date":"1882","end_date":null,"start_year":1882,"end_year":null}},{"type":"Feature","geometry":{"type":"Point","coordinates":[7.68528,45.05984]},"properties":{"osm_type":"way","osm_id":190586170,"name":"Chiesa di San Giovanni Evangelista","religion":"christian","denomination":"catholic","start_date":"1882","end_date":null,"start_year":1882,"end_year":null}},{"type":"Feature","geometry":{"type":"Point","coordinates":[16.8629,41.12331]},"properties":{"osm_type":"way","osm_id":417998772,"name":"Chiesa del Preziosissimo Sangue in San Rocco","religion":"christian","denomination":"catholic","start_date":"1883","end_date":null,"start_year":1883,"end_year":null}},{"type":"Feature","geometry":{"type":"Point","coordinates":[16.23099,38.59653]},"properties":{"osm_type":"way","osm_id":274761071,"name":"Santuario di San Domenico","religion":"christian","denomination":"catholic","start_date":"1883","end_date":null,"start_year":1883,"end_year":null}},{"type":"Feature","geometry":{"type":"Point","coordinates":[12.50057,41.89194]},"properties":{"osm_type":"way","osm_id":352627894,"name":"Chiesa di San Giuseppe di Cluny","religion":"christian","denomination":"catholic","start_date":"1884..1890","end_date":null,"start_year":1884,"end_year":null}},{"type":"Feature","geometry":{"type":"Point","coordinates":[11.98716,42.64741]},"properties":{"osm_type":"way","osm_id":437289123,"name":"Madonna dei Cacciatori","religion":"christian","denomination":null,"start_date":"1884","end_date":null,"start_year":1884,"end_year":null}},{"type":"Feature","geometry":{"type":"Point","coordinates":[7.55251,44.39212]},"properties":{"osm_type":"way","osm_id":667871903,"name":"Sinagoga di Cuneo","religion":"jewish","denomination":null,"start_date":"1884","end_date":null,"start_year":1884,"end_year":null}},{"type":"Feature","geometry":{"type":"Point","coordinates":[7.68214,45.06027]},"properties":{"osm_type":"way","osm_id":64903146,"name":"Tempio Israelitico","religion":"jewish","denomination":"catholic","start_date":"1884","end_date":null,"start_year":1884,"end_year":null}},{"type":"Feature","geometry":{"type":"Point","coordinates":[13.3486,46.18195]},"properties":{"osm_type":"way","osm_id":36686212,"name":"Madonna della Salute / Kapelica Marije Žanjice","religion":"christian","denomination":"catholic","start_date":"1885","end_date":null,"start_year":1885,"end_year":null}},{"type":"Feature","geometry":{"type":"Point","coordinates":[9.07675,45.56216]},"properties":{"osm_type":"way","osm_id":968283945,"name":"Cappella di San Vittore","religion":"christian","denomination":"roman_catholic","start_date":"1886","end_date":null,"start_year":1886,"end_year":null}},{"type":"Feature","geometry":{"type":"Point","coordinates":[9.15178,45.49177]},"properties":{"osm_type":"way","osm_id":401854072,"name":"Chiesa parrocchiale del Sacro Cuore di Gesù alla Cagnola","religion":"christian","denomination":"roman_catholic","start_date":"1886","end_date":null,"start_year":1886,"end_year":null}},{"type":"Feature","geometry":{"type":"Point","coordinates":[7.24164,44.31728]},"properties":{"osm_type":"way","osm_id":389970321,"name":"San Marco e San Grato","religion":"christian","denomination":"catholic","start_date":"1886","end_date":null,"start_year":1886,"end_year":null}},{"type":"Feature","geometry":{"type":"Point","coordinates":[9.31677,45.24193]},"properties":{"osm_type":"way","osm_id":656859613,"name":"Chiesa parrocchiale di San Martino Vescovo","religion":"christian","denomination":"roman_catholic","start_date":"1887","end_date":null,"start_year":1887,"end_year":null}},{"type":"Feature","geometry":{"type":"Point","coordinates":[9.18114,45.60916]},"properties":{"osm_type":"way","osm_id":488880518,"name":"Cappella della Madonna dei Boschi","religion":"christian","denomination":"roman_catholic","start_date":"1888","end_date":null,"start_year":1888,"end_year":null}},{"type":"Feature","geometry":{"type":"Point","coordinates":[15.23986,38.17982]},"properties":{"osm_type":"way","osm_id":138217413,"name":"Chiesa di San Marco","religion":"christian","denomination":"catholic","start_date":"1888","end_date":null,"start_year":1888,"end_year":null}},{"type":"Feature","geometry":{"type":"Point","coordinates":[6.68887,45.06394]},"properties":{"osm_type":"way","osm_id":697522867,"name":null,"religion":"christian","denomination":"catholic","start_date":"1888","end_date":null,"start_year":1888,"end_year":null}},{"type":"Feature","geometry":{"type":"Point","coordinates":[8.57173,45.93746]},"properties":{"osm_type":"way","osm_id":129792531,"name":"Basilica di San Vittore","religion":"christian","denomination":"catholic","start_date":"1889","end_date":null,"start_year":1889,"end_year":null}},{"type":"Feature","geometry":{"type":"Point","coordinates":[8.29181,45.63034]},"properties":{"osm_type":"way","osm_id":546862942,"name":"Cappella della Madonna di Oropa o del Pastorino","religion":"christian","denomination":"catholic","start_date":"1890","end_date":null,"start_year":1890,"end_year":null}},{"type":"Feature","geometry":{"type":"Point","coordinates":[13.45796,43.29081]},"properties":{"osm_type":"way","osm_id":227409927,"name":"Chiesa del Santissimo Sacramento","religion":"christian","denomination":"catholic","start_date":"1890","end_date":null,"start_year":1890,"end_year":null}},{"type":"Feature","geometry":{"type":"Point","coordinates":[15.38261,37.96204]},"properties":{"osm_type":"way","osm_id":1276364242,"name":"Chiesa della Madonna della Lettera","religion":"christian","denomination":"catholic","start_date":"1890","end_date":null,"start_year":1890,"end_year":null}},{"type":"Feature","geometry":{"type":"Point","coordinates":[15.54132,41.46598]},"properties":{"osm_type":"way","osm_id":405219811,"name":"Chiesa di Sant'Anna","religion":"christian","denomination":"roman_catholic","start_date":"1891","end_date":null,"start_year":1891,"end_year":null}},{"type":"Feature","geometry":{"type":"Point","coordinates":[8.92051,45.46589]},"properties":{"osm_type":"way","osm_id":274026028,"name":"Chiesa prepositurale di San Vittore Martire","religion":"christian","denomination":"catholic","start_date":"1891","end_date":null,"start_year":1891,"end_year":null}},{"type":"Feature","geometry":{"type":"Point","coordinates":[9.37054,45.53733]},"properties":{"osm_type":"way","osm_id":447854052,"name":"Parrocchiale Santi Nazaro e Celso","religion":"christian","denomination":"catholic","start_date":"1891-10-19","end_date":null,"start_year":1891,"end_year":null}},{"type":"Feature","geometry":{"type":"Point","coordinates":[10.63567,43.66265]},"properties":{"osm_type":"way","osm_id":312807792,"name":"Chiesa della Misericordia","religion":"christian","denomination":"catholic","start_date":"1892","end_date":null,"start_year":1892,"end_year":null}},{"type":"Feature","geometry":{"type":"Point","coordinates":[8.55379,45.92241]},"properties":{"osm_type":"way","osm_id":129794758,"name":"Chiesa di San Giuseppe","religion":"christian","denomination":"catholic","start_date":"1892","end_date":null,"start_year":1892,"end_year":null}},{"type":"Feature","geometry":{"type":"Point","coordinates":[7.05004,45.1351]},"properties":{"osm_type":"way","osm_id":265706755,"name":"San Niceta di Remesiana","religion":"christian","denomination":"orthodox","start_date":"1892","end_date":null,"start_year":1892,"end_year":null}},{"type":"Feature","geometry":{"type":"Point","coordinates":[9.19896,45.46026]},"properties":{"osm_type":"way","osm_id":204720649,"name":"Tempio Israelitico","religion":"jewish","denomination":null,"start_date":"1892","end_date":null,"start_year":1892,"end_year":null}},{"type":"Feature","geometry":{"type":"Point","coordinates":[13.44319,43.3014]},"properties":{"osm_type":"way","osm_id":44005784,"name":"Chiesa dell'Immacolata Concezione","religion":"christian","denomination":"catholic","start_date":"1893","end_date":"1905","start_year":1893,"end_year":1905}},{"type":"Feature","geometry":{"type":"Point","coordinates":[8.26886,45.93466]},"properties":{"osm_type":"node","osm_id":3116799083,"name":"Cappella di Sant'Anna","religion":"christian","denomination":"roman_catholic","start_date":"1893","end_date":null,"start_year":1893,"end_year":null}},{"type":"Feature","geometry":{"type":"Point","coordinates":[9.82562,44.5277]},"properties":{"osm_type":"way","osm_id":183338526,"name":"Cappella Immacolata Concezione","religion":"christian","denomination":"catholic","start_date":"1894","end_date":null,"start_year":1894,"end_year":null}},{"type":"Feature","geometry":{"type":"Point","coordinates":[9.40086,46.31267]},"properties":{"osm_type":"way","osm_id":630183326,"name":"Chiesa della Beata Vergine di Pompei","religion":"christian","denomination":"roman_catholic","start_date":"1894","end_date":null,"start_year":1894,"end_year":null}},{"type":"Feature","geometry":{"type":"Point","coordinates":[14.22902,40.8401]},"properties":{"osm_type":"way","osm_id":207483654,"name":"Chiesa di San Francesco d'Assisi","religion":"christian","denomination":"roman_catholic","start_date":"1894","end_date":null,"start_year":1894,"end_year":null}},{"type":"Feature","geometry":{"type":"Point","coordinates":[8.42091,45.32666]},"properties":{"osm_type":"way","osm_id":82261499,"name":"Chiesa Parrocchiale di San Bernardo","religion":"christian","denomination":"catholic","start_date":"1894..1896","end_date":null,"start_year":1894,"end_year":null}},{"type":"Feature","geometry":{"type":"Point","coordinates":[10.20918,45.78415]},"properties":{"osm_type":"way","osm_id":234996659,"name":"Chiesetta Alpina","religion":"christian","denomination":"catholic","start_date":"1894","end_date":null,"start_year":1894,"end_year":null}},{"type":"Feature","geometry":{"type":"Point","coordinates":[7.54396,44.38513]},"properties":{"osm_type":"way","osm_id":250734640,"name":"Chiesa del Sacro Cuore di Gesù","religion":"christian","denomination":"catholic","start_date":"1895","end_date":null,"start_year":1895,"end_year":null}},{"type":"Feature","geometry":{"type":"Point","coordinates":[15.17932,37.80605]},"properties":{"osm_type":"way","osm_id":259138650,"name":"Chiesa di Sant'Ignazio","religion":"christian","denomination":"roman_catholic","start_date":"1895","end_date":null,"start_year":1895,"end_year":null}},{"type":"Feature","geometry":{"type":"Point","coordinates":[14.65292,42.08428]},"properties":{"osm_type":"way","osm_id":310784464,"name":"Santuario della Madonna delle Grazie","religion":"christian","denomination":"catholic","start_date":"1895","end_date":null,"start_year":1895,"end_year":null}},{"type":"Feature","geometry":{"type":"Point","coordinates":[7.64504,45.86624]},"properties":{"osm_type":"way","osm_id":115701282,"name":"Cappella di Notre- Dame de Guèrison","religion":"christian","denomination":"catholic","start_date":"1896","end_date":null,"start_year":1896,"end_year":null}},{"type":"Feature","geometry":{"type":"Point","coordinates":[9.22696,45.59226]},"properties":{"osm_type":"way","osm_id":264932669,"name":"Chiesa dei Santi Pietro e Paolo","religion":"christian","denomination":"catholic","start_date":"1897","end_date":null,"start_year":1897,"end_year":null}},{"type":"Feature","geometry":{"type":"Point","coordinates":[7.67837,45.0547]},"properties":{"osm_type":"way","osm_id":194184780,"name":"Sacro Cuore di Maria","religion":"christian","denomination":"catholic","start_date":"1897","end_date":null,"start_year":1897,"end_year":null}},{"type":"Feature","geometry":{"type":"Point","coordinates":[12.50295,41.89262]},"properties":{"osm_type":"node","osm_id":3585887800,"name":"Cappella di Sant'Elena","religion":"christian","denomination":"catholic","start_date":"1898-1899","end_date":null,"start_year":1898,"end_year":null}},{"type":"Feature","geometry":{"type":"Point","coordinates":[13.83967,45.65682]},"properties":{"osm_type":"way","osm_id":36684596,"name":"Chiesetta dei Santi Cirillo e Metodio / Cerkvica Svetega Cirila in Metoda","religion":"christian","denomination":"catholic","start_date":"1898","end_date":null,"start_year":1898,"end_year":null}},{"type":"Feature","geometry":{"type":"Point","coordinates":[7.49154,44.27526]},"properties":{"osm_type":"way","osm_id":386657943,"name":"Cappella Madonna delle Piagge","religion":"christian","denomination":"catholic","start_date":"1899-08-06","end_date":null,"start_year":1899,"end_year":null}},{"type":"Feature","geometry":{"type":"Point","coordinates":[9.18402,45.46109]},"properties":{"osm_type":"way","osm_id":207376677,"name":"Chiesa di San Giorgio al Palazzo","religion":"christian","denomination":"catholic","start_date":"1899","end_date":null,"start_year":1899,"end_year":null}},{"type":"Feature","geometry":{"type":"Point","coordinates":[9.20797,46.02853]},"properties":{"osm_type":"way","osm_id":827138881,"name":"San Giovanni Battista","religion":"christian","denomination":"catholic","start_date":"1899","end_date":null,"start_year":1899,"end_year":null}},{"type":"Feature","geometry":{"type":"Point","coordinates":[9.21387,45.48471]},"properties":{"osm_type":"way","osm_id":39498212,"name":"Chiesa del Santissimo Redentore","religion":"christian","denomination":"catholic","start_date":"1900","end_date":null,"start_year":1900,"end_year":null}},{"type":"Feature","geometry":{"type":"Point","coordinates":[12.04153,45.77481]},"properties":{"osm_type":"way","osm_id":134244098,"name":"Tempietto","religion":"christian","denomination":"catholic","start_date":"1900","end_date":null,"start_year":1900,"end_year":null}},{"type":"Feature","geometry":{"type":"Point","coordinates":[12.49502,41.9115]},"properties":{"osm_type":"way","osm_id":359820971,"name":"Basilica di Santa Teresa d'Avila","religion":"christian","denomination":"roman_catholic","start_date":"1901","end_date":null,"start_year":1901,"end_year":null}},{"type":"Feature","geometry":{"type":"Point","coordinates":[15.55115,41.45851]},"properties":{"osm_type":"way","osm_id":405220393,"name":"Chiesa di San Luigi Gonzaga","religion":"christian","denomination":"catholic","start_date":"1901","end_date":null,"start_year":1901,"end_year":null}},{"type":"Feature","geometry":{"type":"Point","coordinates":[11.15764,46.66824]},"properties":{"osm_type":"way","osm_id":316911165,"name":"Synagoge und jüdisches Museum - Sinagoga e Museo ebraico","religion":"jewish","denomination":null,"start_date":"1901","end_date":null,"start_year":1901,"end_year":null}},{"type":"Feature","geometry":{"type":"Point","coordinates":[8.92301,45.59927]},"properties":{"osm_type":"way","osm_id":264000698,"name":"Chiesa del Santissimo Redentore","religion":"christian","denomination":"catholic","start_date":"1902","end_date":null,"start_year":1902,"end_year":null}},{"type":"Feature","geometry":{"type":"Point","coordinates":[15.3081,38.17851]},"properties":{"osm_type":"way","osm_id":459953318,"name":"Chiesa del Santissimo Redentore","religion":"christian","denomination":"catholic","start_date":"1902","end_date":null,"start_year":1902,"end_year":null}},{"type":"Feature","geometry":{"type":"Point","coordinates":[9.26853,45.66019]},"properties":{"osm_type":"way","osm_id":142350587,"name":"Chiesa di Sant'Antonino Martire","religion":"christian","denomination":"catholic","start_date":"1902","end_date":null,"start_year":1902,"end_year":null}},{"type":"Feature","geometry":{"type":"Point","coordinates":[11.53986,45.33624]},"properties":{"osm_type":"way","osm_id":361514250,"name":"Chiesa Parocchiale di San Pietro","religion":"christian","denomination":null,"start_date":"1902","end_date":null,"start_year":1902,"end_year":null}},{"type":"Feature","geometry":{"type":"Point","coordinates":[9.22604,44.34795]},"properties":{"osm_type":"way","osm_id":204757129,"name":null,"religion":"christian","denomination":"anglican","start_date":"1902","end_date":null,"start_year":1902,"end_year":null}},{"type":"Feature","geometry":{"type":"Point","coordinates":[8.88183,45.46479]},"properties":{"osm_type":"way","osm_id":47746646,"name":"Basilica di San Martino","religion":"christian","denomination":"catholic","start_date":"1903","end_date":null,"start_year":1903,"end_year":null}},{"type":"Feature","geometry":{"type":"Point","coordinates":[8.85,45.46097]},"properties":{"osm_type":"way","osm_id":718027955,"name":"Chiesa della Madonna del Buon Consiglio","religion":"christian","denomination":"roman_catholic","start_date":"1903","end_date":null,"start_year":1903,"end_year":null}},{"type":"Feature","geometry":{"type":"Point","coordinates":[15.37138,37.94987]},"properties":{"osm_type":"way","osm_id":569914620,"name":"Chiesa Sacra Famiglia","religion":"christian","denomination":"catholic","start_date":"1903","end_date":null,"start_year":1903,"end_year":null}},{"type":"Feature","geometry":{"type":"Point","coordinates":[9.35972,45.86389]},"properties":{"osm_type":"way","osm_id":221498069,"name":"Chiesetta di Sant'Isidoro di Preguda","religion":"christian","denomination":"catholic","start_date":"1903-04-26","end_date":null,"start_year":1903,"end_year":null}},{"type":"Feature","geometry":{"type":"Point","coordinates":[9.38898,45.85667]},"properties":{"osm_type":"way","osm_id":311838913,"name":"Basilica di San Nicolò","religion":"christian","denomination":"catholic","start_date":"1904","end_date":null,"start_year":1904,"end_year":null}},{"type":"Feature","geometry":{"type":"Point","coordinates":[7.51623,45.17841]},"properties":{"osm_type":"way","osm_id":1052081992,"name":"Cappella del Carmine","religion":"christian","denomination":"catholic","start_date":"1904","end_date":null,"start_year":1904,"end_year":null}},{"type":"Feature","geometry":{"type":"Point","coordinates":[14.16741,40.81548]},"properties":{"osm_type":"way","osm_id":226237952,"name":"Chiesa di Maria Santissima Desolata","religion":"christian","denomination":"catholic","start_date":"1905","end_date":null,"start_year":1905,"end_year":null}},{"type":"Feature","geometry":{"type":"Point","coordinates":[8.99831,45.55619]},"properties":{"osm_type":"way","osm_id":366672182,"name":"Chiesa parrocchiale di San Francesco d'Assisi","religion":"christian","denomination":"roman_catholic","start_date":"1905","end_date":null,"start_year":1905,"end_year":null}},{"type":"Feature","geometry":{"type":"Point","coordinates":[11.27042,45.31389]},"properties":{"osm_type":"way","osm_id":314349448,"name":"Oratorio di Sant'Antonio da Padova","religion":"christian","denomination":"roman_catholic","start_date":"1906","end_date":null,"start_year":1906,"end_year":null}},{"type":"Feature","geometry":{"type":"Point","coordinates":[8.34807,45.74347]},"properties":{"osm_type":"way","osm_id":290877846,"name":"Oratorio di San Rocco","religion":"christian","denomination":"roman_catholic","start_date":"1907","end_date":null,"start_year":1907,"end_year":null}},{"type":"Feature","geometry":{"type":"Point","coordinates":[8.91647,45.59841]},"properties":{"osm_type":"way","osm_id":265235615,"name":"Chiesa di San Domenico","religion":"christian","denomination":"catholic","start_date":"1908","end_date":null,"start_year":1908,"end_year":null}},{"type":"Feature","geometry":{"type":"Point","coordinates":[9.20512,45.47974]},"properties":{"osm_type":"way","osm_id":39822693,"name":"Chiesa di San Gregorio Magno","religion":"christian","denomination":"catholic","start_date":"1908","end_date":null,"start_year":1908,"end_year":null}},{"type":"Feature","geometry":{"type":"Point","coordinates":[8.55734,45.92502]},"properties":{"osm_type":"way","osm_id":542790433,"name":"Chiesa di san Luca Evangelista","religion":"christian","denomination":"romanian_orthodox","start_date":"1908","end_date":null,"start_year":1908,"end_year":null}},{"type":"Feature","geometry":{"type":"Point","coordinates":[9.00486,45.62525]},"properties":{"osm_type":"way","osm_id":651739940,"name":"Chiesa di Santa Maria delle Grazie alla Girola","religion":"christian","denomination":"catholic","start_date":"1908","end_date":null,"start_year":1908,"end_year":null}},{"type":"Feature","geometry":{"type":"Point","coordinates":[6.95497,44.35851]},"properties":{"osm_type":"node","osm_id":1817782344,"name":"Chiesa Parrocchiale di San Giacomo","religion":"christian","denomination":"catholic","start_date":"1908","end_date":null,"start_year":1908,"end_year":null}},{"type":"Feature","geometry":{"type":"Point","coordinates":[8.5503,45.76011]},"properties":{"osm_type":"way","osm_id":575848081,"name":"Maria Rosa mistica","religion":"christian","denomination":"catholic","start_date":"1908","end_date":null,"start_year":1908,"end_year":null}},{"type":"Feature","geometry":{"type":"Point","coordinates":[8.88007,44.41898]},"properties":{"osm_type":"way","osm_id":137265878,"name":"Nostra Signora di Lourdes","religion":"christian","denomination":"catholic","start_date":"1908","end_date":null,"start_year":1908,"end_year":null}},{"type":"Feature","geometry":{"type":"Point","coordinates":[13.4551,43.29711]},"properties":{"osm_type":"way","osm_id":627447917,"name":"Chiesa del Sacro Cuore","religion":"christian","denomination":null,"start_date":"8/9/1909","end_date":null,"start_year":1909,"end_year":null}},{"type":"Feature","geometry":{"type":"Point","coordinates":[9.17308,45.45191]},"properties":{"osm_type":"way","osm_id":21773667,"name":"Chiesa di Santa Maria delle Grazie al Naviglio","religion":"christian","denomination":"catholic","start_date":"1909","end_date":null,"start_year":1909,"end_year":null}},{"type":"Feature","geometry":{"type":"Point","coordinates":[9.46623,46.02471]},"properties":{"osm_type":"way","osm_id":301172809,"name":"Cappelletta dei Laghìt","religion":"christian","denomination":"catholic","start_date":"1910","end_date":null,"start_year":1910,"end_year":null}},{"type":"Feature","geometry":{"type":"Point","coordinates":[8.9068,45.59342]},"properties":{"osm_type":"way","osm_id":265235613,"name":"Chiesa dei Santi Martiri","religion":"christian","denomination":"roman_catholic","start_date":"1910","end_date":null,"start_year":1910,"end_year":null}},{"type":"Feature","geometry":{"type":"Point","coordinates":[14.44531,42.30071]},"properties":{"osm_type":"way","osm_id":850028006,"name":"Chiesa dell'Immacolata Concezione e San Vito Martire","religion":"christian","denomination":null,"start_date":"1910-01-01","end_date":null,"start_year":1910,"end_year":null}},{"type":"Feature","geometry":{"type":"Point","coordinates":[8.79131,45.66262]},"properties":{"osm_type":"way","osm_id":236058362,"name":"Chiesa di San Francesco","religion":"christian","denomination":"catholic","start_date":"1910","end_date":null,"start_year":1910,"end_year":null}},{"type":"Feature","geometry":{"type":"Point","coordinates":[9.15145,45.8649]},"properties":{"osm_type":"way","osm_id":1066369214,"name":"Chiesa di San Giuseppe","religion":"christian","denomination":"catholic","start_date":"1910","end_date":null,"start_year":1910,"end_year":null}},{"type":"Feature","geometry":{"type":"Point","coordinates":[8.9472,45.6519]},"properties":{"osm_type":"way","osm_id":871731649,"name":"Chiesa Nostra Signora del Sacro Cuore","religion":"christian","denomination":"roman_catholic","start_date":"1911","end_date":null,"start_year":1911,"end_year":null}},{"type":"Feature","geometry":{"type":"Point","coordinates":[11.29737,45.52556]},"properties":{"osm_type":"way","osm_id":263147769,"name":"Santo Rosario","religion":"christian","denomination":"catholic","start_date":"1911","end_date":null,"start_year":1911,"end_year":null}},{"type":"Feature","geometry":{"type":"Point","coordinates":[15.97412,40.35311]},"properties":{"osm_type":"way","osm_id":919786851,"name":"Santuario di Maria Santissima di Servigliano","religion":"christian","denomination":"roman_catholic","start_date":"1911","end_date":null,"start_year":1911,"end_year":null}},{"type":"Feature","geometry":{"type":"Point","coordinates":[12.58781,41.91236]},"properties":{"osm_type":"way","osm_id":556082668,"name":"Chiesa di Santa Maria Immacolata alla Cervelletta","religion":"christian","denomination":"roman_catholic","start_date":"1912","end_date":null,"start_year":1912,"end_year":null}},{"type":"Feature","geometry":{"type":"Point","coordinates":[9.41743,46.20718]},"properties":{"osm_type":"way","osm_id":377462603,"name":"Chiesetta","religion":"christian","denomination":"roman_catholic","start_date":"1912","end_date":null,"start_year":1912,"end_year":null}},{"type":"Feature","geometry":{"type":"Point","coordinates":[9.2039,45.48216]},"properties":{"osm_type":"way","osm_id":39824018,"name":"Santuario di San Camillo de Lellis","religion":"christian","denomination":"catholic","start_date":"1912","end_date":null,"start_year":1912,"end_year":null}},{"type":"Feature","geometry":{"type":"Point","coordinates":[9.14789,45.19873]},"properties":{"osm_type":"way","osm_id":149366533,"name":"Chiesa di San Matteo","religion":"christian","denomination":null,"start_date":"1913","end_date":null,"start_year":1913,"end_year":null}},{"type":"Feature","geometry":{"type":"Point","coordinates":[7.99467,45.3364]},"properties":{"osm_type":"way","osm_id":1086232734,"name":"Chiesa di San Sebastiano","religion":"christian","denomination":"catholic","start_date":"1913","end_date":null,"start_year":1913,"end_year":null}},{"type":"Feature","geometry":{"type":"Point","coordinates":[9.42665,45.67574]},"properties":{"osm_type":"way","osm_id":239538694,"name":"Oratorio di Sant'Enrico","religion":"christian","denomination":"catholic","start_date":"1913","end_date":null,"start_year":1913,"end_year":null}},{"type":"Feature","geometry":{"type":"Point","coordinates":[9.21319,45.61792]},"properties":{"osm_type":"way","osm_id":106513735,"name":"Santuario del Santo Crocifisso","religion":"christian","denomination":"catholic","start_date":"1913","end_date":null,"start_year":1913,"end_year":null}},{"type":"Feature","geometry":{"type":"Point","coordinates":[12.63778,46.1445]},"properties":{"osm_type":"way","osm_id":36687080,"name":"Chiesa di San Giovanni Battista","religion":"christian","denomination":"catholic","start_date":"1914","end_date":null,"start_year":1914,"end_year":null}},{"type":"Feature","geometry":{"type":"Point","coordinates":[9.07413,45.56816]},"properties":{"osm_type":"way","osm_id":136721174,"name":"Chiesa di Santa Maria Nascente","religion":"christian","denomination":"roman_catholic","start_date":"1914","end_date":null,"start_year":1914,"end_year":null}},{"type":"Feature","geometry":{"type":"Point","coordinates":[13.47496,46.46458]},"properties":{"osm_type":"node","osm_id":9215810340,"name":null,"religion":"christian","denomination":null,"start_date":"1915","end_date":null,"start_year":1915,"end_year":null}},{"type":"Feature","geometry":{"type":"Point","coordinates":[9.39249,45.90484]},"properties":{"osm_type":"way","osm_id":288187347,"name":"Chiesa del Sacro Cuore","religion":"christian","denomination":"catholic","start_date":"1917","end_date":null,"start_year":1917,"end_year":null}},{"type":"Feature","geometry":{"type":"Point","coordinates":[9.22076,45.46973]},"properties":{"osm_type":"way","osm_id":41854823,"name":"Chiesa di Santa Croce","religion":"christian","denomination":"catholic","start_date":"1917","end_date":null,"start_year":1917,"end_year":null}},{"type":"Feature","geometry":{"type":"Point","coordinates":[10.62578,46.10697]},"properties":{"osm_type":"way","osm_id":78271405,"name":"chiesetta dei prigionieri russi","religion":"christian","denomination":"russian_orthodox","start_date":"1917","end_date":null,"start_year":1917,"end_year":null}},{"type":"Feature","geometry":{"type":"Point","coordinates":[10.49174,46.17909]},"properties":{"osm_type":"way","osm_id":196780826,"name":"Chiesetta della Madonna dell'Adamello","religion":"christian","denomination":"catholic","start_date":"1917","end_date":null,"start_year":1917,"end_year":null}},{"type":"Feature","geometry":{"type":"Point","coordinates":[13.56459,45.8647]},"properties":{"osm_type":"way","osm_id":36380497,"name":"Cappella Ungherese","religion":"christian","denomination":"catholic","start_date":"1918","end_date":null,"start_year":1918,"end_year":null}},{"type":"Feature","geometry":{"type":"Point","coordinates":[11.40076,45.65614]},"properties":{"osm_type":"node","osm_id":5160819950,"name":"Sant'Antonio","religion":"christian","denomination":"catholic","start_date":"1919","end_date":null,"start_year":1919,"end_year":null}},{"type":"Feature","geometry":{"type":"Point","coordinates":[13.5263,43.6169]},"properties":{"osm_type":"way","osm_id":158618435,"name":"Chiesa del Sacro Cuore di Gesù (Servi di Maria)","religion":"christian","denomination":"catholic","start_date":"1920s","end_date":null,"start_year":1920,"end_year":null}},{"type":"Feature","geometry":{"type":"Point","coordinates":[9.38048,45.7053]},"properties":{"osm_type":"way","osm_id":142456746,"name":"Chiesa di San Giovanni Battista Martire","religion":"christian","denomination":"catholic","start_date":"1920","end_date":null,"start_year":1920,"end_year":null}},{"type":"Feature","geometry":{"type":"Point","coordinates":[15.16236,37.56864]},"properties":{"osm_type":"way","osm_id":60238226,"name":"Chiesa di Santa Maria la Nova","religion":"christian","denomination":"roman_catholic","start_date":"1920","end_date":null,"start_year":1920,"end_year":null}},{"type":"Feature","geometry":{"type":"Point","coordinates":[8.42794,45.32535]},"properties":{"osm_type":"way","osm_id":242352033,"name":"Chiesa Evangelica Metodista","religion":"christian","denomination":"methodist","start_date":"late 1920s","end_date":null,"start_year":1920,"end_year":null}},{"type":"Feature","geometry":{"type":"Point","coordinates":[17.93973,40.63681]},"properties":{"osm_type":"way","osm_id":313270303,"name":"Calvario","religion":"christian","denomination":"catholic","start_date":"1921","end_date":null,"start_year":1921,"end_year":null}},{"type":"Feature","geometry":{"type":"Point","coordinates":[8.75338,45.78379]},"properties":{"osm_type":"way","osm_id":423586310,"name":"Chiesa di San Giorgio","religion":"christian","denomination":"roman_catholic","start_date":"1921","end_date":null,"start_year":1921,"end_year":null}},{"type":"Feature","geometry":{"type":"Point","coordinates":[11.30923,45.93391]},"properties":{"osm_type":"way","osm_id":203393490,"name":"Chiesa di San Giovanni Battista","religion":"christian","denomination":"catholic","start_date":"1921","end_date":null,"start_year":1921,"end_year":null}},{"type":"Feature","geometry":{"type":"Point","coordinates":[9.25219,45.94728]},"properties":{"osm_type":"way","osm_id":367982458,"name":"Regina Pacis","religion":"christian","denomination":"catholic","start_date":"1921","end_date":null,"start_year":1921,"end_year":null}},{"type":"Feature","geometry":{"type":"Point","coordinates":[9.57736,46.17379]},"properties":{"osm_type":"node","osm_id":9504591655,"name":null,"religion":"christian","denomination":"catholic","start_date":"1921","end_date":null,"start_year":1921,"end_year":null}},{"type":"Feature","geometry":{"type":"Point","coordinates":[8.54926,45.75655]},"properties":{"osm_type":"way","osm_id":791022871,"name":"Cappella famiglia Bocchetta","religion":"christian","denomination":"catholic","start_date":"1923","end_date":null,"start_year":1923,"end_year":null}},{"type":"Feature","geometry":{"type":"Point","coordinates":[10.24434,45.59349]},"properties":{"osm_type":"way","osm_id":553139321,"name":"Oratorio della Madonna di Lourdes","religion":"christian","denomination":"catholic","start_date":"1923","end_date":null,"start_year":1923,"end_year":null}},{"type":"Feature","geometry":{"type":"Point","coordinates":[14.25064,38.0083]},"properties":{"osm_type":"way","osm_id":1088460371,"name":"Santuario Maria Santissima della Catena","religion":"christian","denomination":"roman_catholic","start_date":"1923","end_date":null,"start_year":1923,"end_year":null}},{"type":"Feature","geometry":{"type":"Point","coordinates":[11.58349,45.45825]},"properties":{"osm_type":"node","osm_id":769981273,"name":null,"religion":"christian","denomination":null,"start_date":"1923","end_date":null,"start_year":1923,"end_year":null}},{"type":"Feature","geometry":{"type":"Point","coordinates":[9.16611,45.46893]},"properties":{"osm_type":"way","osm_id":45420181,"name":"Chiesa di Santa Maria Segreta","religion":"christian","denomination":"catholic","start_date":"1924","end_date":null,"start_year":1924,"end_year":null}},{"type":"Feature","geometry":{"type":"Point","coordinates":[13.06074,45.6677]},"properties":{"osm_type":"way","osm_id":238233073,"name":"Chiesetta della Madonna del Soccorso","religion":"christian","denomination":"roman_catholic","start_date":"1924-12-03","end_date":null,"start_year":1924,"end_year":null}},{"type":"Feature","geometry":{"type":"Point","coordinates":[9.05583,45.85018]},"properties":{"osm_type":"way","osm_id":128009365,"name":"Chiesetta di Sant'Abbondio","religion":"christian","denomination":"catholic","start_date":"1924-08-31","end_date":null,"start_year":1924,"end_year":null}},{"type":"Feature","geometry":{"type":"Point","coordinates":[14.63773,41.56174]},"properties":{"osm_type":"way","osm_id":309711717,"name":"Maria Santissima di Pompei","religion":"christian","denomination":"catholic","start_date":"1924","end_date":null,"start_year":1924,"end_year":null}},{"type":"Feature","geometry":{"type":"Point","coordinates":[9.13678,45.88784]},"properties":{"osm_type":"node","osm_id":5538517012,"name":"Sanctus Carolus","religion":"christian","denomination":"catholic","start_date":"1924","end_date":null,"start_year":1924,"end_year":null}},{"type":"Feature","geometry":{"type":"Point","coordinates":[9.04352,45.65365]},"properties":{"osm_type":"way","osm_id":72457550,"name":"Chiesa della Beata Vergine del Carmine","religion":"christian","denomination":"roman_catholic","start_date":"1925","end_date":null,"start_year":1925,"end_year":null}},{"type":"Feature","geometry":{"type":"Point","coordinates":[9.10299,45.82586]},"properties":{"osm_type":"way","osm_id":111415243,"name":"Chiesa di San Maurizio","religion":"christian","denomination":"catholic","start_date":"1925","end_date":null,"start_year":1925,"end_year":null}},{"type":"Feature","geometry":{"type":"Point","coordinates":[9.23812,45.61129]},"properties":{"osm_type":"way","osm_id":225816381,"name":"Chiesa dei Santi Pietro e Paolo","religion":"christian","denomination":"catholic","start_date":"1926","end_date":null,"start_year":1926,"end_year":null}},{"type":"Feature","geometry":{"type":"Point","coordinates":[9.83513,46.2984]},"properties":{"osm_type":"way","osm_id":463465852,"name":"Chiesa di San Giuseppe","religion":"christian","denomination":"roman_catholic","start_date":"1926","end_date":null,"start_year":1926,"end_year":null}},{"type":"Feature","geometry":{"type":"Point","coordinates":[8.32737,44.20041]},"properties":{"osm_type":"way","osm_id":302330398,"name":"Madonna delle Grazie","religion":"christian","denomination":"catholic","start_date":"1926","end_date":null,"start_year":1926,"end_year":null}},{"type":"Feature","geometry":{"type":"Point","coordinates":[11.63399,45.88103]},"properties":{"osm_type":"way","osm_id":122681230,"name":"San Francesco","religion":"christian","denomination":"catholic","start_date":"15/08/1926","end_date":null,"start_year":1926,"end_year":null}},{"type":"Feature","geometry":{"type":"Point","coordinates":[10.7683,43.88773]},"properties":{"osm_type":"way","osm_id":159490359,"name":"Sant'Antonio","religion":"christian","denomination":null,"start_date":"1926","end_date":null,"start_year":1926,"end_year":null}},{"type":"Feature","geometry":{"type":"Point","coordinates":[9.06001,45.5742]},"properties":{"osm_type":"way","osm_id":134630877,"name":"Chiesa parrocchiale di San Giuseppe Artigiano","religion":"christian","denomination":"roman_catholic","start_date":"1927","end_date":null,"start_year":1927,"end_year":null}},{"type":"Feature","geometry":{"type":"Point","coordinates":[14.22195,42.19285]},"properties":{"osm_type":"way","osm_id":622140875,"name":"Santa Chiara","religion":"christian","denomination":null,"start_date":"1927","end_date":null,"start_year":1927,"end_year":null}},{"type":"Feature","geometry":{"type":"Point","coordinates":[9.75024,45.82891]},"properties":{"osm_type":"way","osm_id":163578498,"name":"Santuario Madonna della Neve","religion":"christian","denomination":"catholic","start_date":"1927","end_date":null,"start_year":1927,"end_year":null}},{"type":"Feature","geometry":{"type":"Point","coordinates":[9.04419,45.92806]},"properties":{"osm_type":"way","osm_id":123693419,"name":"Chiesa del Sacro Cuore di Gesù","religion":"christian","denomination":"catholic","start_date":"1928-06-16","end_date":null,"start_year":1928,"end_year":null}},{"type":"Feature","geometry":{"type":"Point","coordinates":[8.58346,45.97622]},"properties":{"osm_type":"way","osm_id":195014280,"name":"Chiesa della Madonna della neve","religion":"christian","denomination":"roman_catholic","start_date":"1928","end_date":null,"start_year":1928,"end_year":null}},{"type":"Feature","geometry":{"type":"Point","coordinates":[9.29695,45.57711]},"properties":{"osm_type":"way","osm_id":259994512,"name":"Chiesa di San Francesco","religion":"christian","denomination":"catholic","start_date":"1928","end_date":null,"start_year":1928,"end_year":null}},{"type":"Feature","geometry":{"type":"Point","coordinates":[10.44177,45.60432]},"properties":{"osm_type":"way","osm_id":326466094,"name":"Chiesa di San Giovanni Evangelista","religion":"christian","denomination":"catholic","start_date":"1928-12-08","end_date":null,"start_year":1928,"end_year":null}},{"type":"Feature","geometry":{"type":"Point","coordinates":[15.55795,38.20106]},"properties":{"osm_type":"way","osm_id":163537806,"name":"Chiesa di San Giuliano","religion":"christian","denomination":"catholic","start_date":"1928","end_date":null,"start_year":1928,"end_year":null}},{"type":"Feature","geometry":{"type":"Point","coordinates":[14.92894,38.05796]},"properties":{"osm_type":"way","osm_id":949031444,"name":"Chiesa Maria SS. del Tindari","religion":"christian","denomination":null,"start_date":"1928","end_date":null,"start_year":1928,"end_year":null}},{"type":"Feature","geometry":{"type":"Point","coordinates":[14.22337,40.85658]},"properties":{"osm_type":"way","osm_id":609577307,"name":"Monastero di Maria Santissima Assunta","religion":"christian","denomination":null,"start_date":"1928","end_date":null,"start_year":1928,"end_year":null}},{"type":"Feature","geometry":{"type":"Point","coordinates":[7.61732,45.83154]},"properties":{"osm_type":"way","osm_id":169304789,"name":"Cappella dell'Addolorata","religion":"christian","denomination":"catholic","start_date":"1929","end_date":null,"start_year":1929,"end_year":null}},{"type":"Feature","geometry":{"type":"Point","coordinates":[13.16948,43.6608]},"properties":{"osm_type":"node","osm_id":12248664133,"name":"Chiesa di Santa Teresa","religion":"christian","denomination":"roman_catholic","start_date":"1929-10","end_date":null,"start_year":1929,"end_year":null}},{"type":"Feature","geometry":{"type":"Point","coordinates":[9.0672,45.54191]},"properties":{"osm_type":"way","osm_id":254276711,"name":"Chiesa parrocchiale di San Maurizio","religion":"christian","denomination":"roman_catholic","start_date":"1929","end_date":null,"start_year":1929,"end_year":null}},{"type":"Feature","geometry":{"type":"Point","coordinates":[8.2536,45.78453]},"properties":{"osm_type":"way","osm_id":225430821,"name":"Santuario di Santa Maria Ausiliatrice","religion":"christian","denomination":"roman_catholic","start_date":"1929","end_date":null,"start_year":1929,"end_year":null}},{"type":"Feature","geometry":{"type":"Point","coordinates":[8.62013,45.90159]},"properties":{"osm_type":"way","osm_id":323813862,"name":"Chiesa di Santa Maria Ausiliatrice","religion":"christian","denomination":"roman_catholic","start_date":"1930","end_date":null,"start_year":1930,"end_year":null}},{"type":"Feature","geometry":{"type":"Point","coordinates":[8.96235,45.56911]},"properties":{"osm_type":"way","osm_id":112024727,"name":"Chiesa parrocchiale dei Santi Lorenzo e Sebastiano","religion":"christian","denomination":"roman_catholic","start_date":"1930","end_date":null,"start_year":1930,"end_year":null}},{"type":"Feature","geometry":{"type":"Point","coordinates":[9.91937,44.74444]},"properties":{"osm_type":"way","osm_id":641591826,"name":"Maestà di Varone","religion":"christian","denomination":"catholic","start_date":"1930's","end_date":null,"start_year":1930,"end_year":null}},{"type":"Feature","geometry":{"type":"Point","coordinates":[8.4562,45.88346]},"properties":{"osm_type":"way","osm_id":205774773,"name":"Oratorio della Madonna della Neve","religion":"christian","denomination":"catholic","start_date":"1930","end_date":null,"start_year":1930,"end_year":null}},{"type":"Feature","geometry":{"type":"Point","coordinates":[12.89459,45.96551]},"properties":{"osm_type":"way","osm_id":36685701,"name":"Madonna di Lourdes","religion":"christian","denomination":"catholic","start_date":"1931","end_date":null,"start_year":1931,"end_year":null}},{"type":"Feature","geometry":{"type":"Point","coordinates":[8.85917,44.88813]},"properties":{"osm_type":"way","osm_id":276164173,"name":"Santuario Madonna della Guardia","religion":"christian","denomination":"catholic","start_date":"1931","end_date":null,"start_year":1931,"end_year":null}},{"type":"Feature","geometry":{"type":"Point","coordinates":[15.55267,38.20766]},"properties":{"osm_type":"way","osm_id":167438673,"name":"Chiesa di San Domenico","religion":"christian","denomination":"catholic","start_date":"1932","end_date":null,"start_year":1932,"end_year":null}},{"type":"Feature","geometry":{"type":"Point","coordinates":[15.55578,38.18817]},"properties":{"osm_type":"way","osm_id":162602240,"name":"Chiesa di Santa Caterina di Valverde","religion":"christian","denomination":"catholic","start_date":"1932","end_date":null,"start_year":1932,"end_year":null}},{"type":"Feature","geometry":{"type":"Point","coordinates":[15.5516,38.20344]},"properties":{"osm_type":"way","osm_id":165336427,"name":"Chiesa di Santa Maria la Nuova","religion":"christian","denomination":"catholic","start_date":"1932","end_date":null,"start_year":1932,"end_year":null}},{"type":"Feature","geometry":{"type":"Point","coordinates":[13.59283,45.78814]},"properties":{"osm_type":"way","osm_id":36684796,"name":"Nuova chiesa di San Giovanni Battista / Nova cerkev svetega Janeza Krstnika","religion":"christian","denomination":"catholic","start_date":"1932","end_date":null,"start_year":1932,"end_year":null}},{"type":"Feature","geometry":{"type":"Point","coordinates":[15.55988,38.20436]},"properties":{"osm_type":"way","osm_id":163537841,"name":"Santa Maria di Porto Salvo","religion":"christian","denomination":"catholic","start_date":"1932","end_date":null,"start_year":1932,"end_year":null}},{"type":"Feature","geometry":{"type":"Point","coordinates":[9.39146,45.85104]},"properties":{"osm_type":"way","osm_id":169408196,"name":"Santuario di Nostra Signora della Vittoria","religion":"christian","denomination":"catholic","start_date":"1932","end_date":null,"start_year":1932,"end_year":null}},{"type":"Feature","geometry":{"type":"Point","coordinates":[8.74912,45.70826]},"properties":{"osm_type":"way","osm_id":425609961,"name":"Chiesa dei Santi Nazario e Celso","religion":"christian","denomination":"roman_catholic","start_date":"1933","end_date":null,"start_year":1933,"end_year":null}},{"type":"Feature","geometry":{"type":"Point","coordinates":[14.13318,40.82137]},"properties":{"osm_type":"way","osm_id":416446261,"name":"Chiesa del Sacro Cuore di Gesù","religion":"christian","denomination":"catholic","start_date":"1933","end_date":null,"start_year":1933,"end_year":null}},{"type":"Feature","geometry":{"type":"Point","coordinates":[8.91751,45.60415]},"properties":{"osm_type":"way","osm_id":265068630,"name":"Chiesa di Santa Teresa del Bambin Gesù","religion":"christian","denomination":"catholic","start_date":"1933","end_date":null,"start_year":1933,"end_year":null}},{"type":"Feature","geometry":{"type":"Point","coordinates":[8.44584,45.70021]},"properties":{"osm_type":"way","osm_id":434400125,"name":"Chiesa Parrocchiale di Santo Stefano","religion":"christian","denomination":"catholic","start_date":"1933","end_date":null,"start_year":1933,"end_year":null}},{"type":"Feature","geometry":{"type":"Point","coordinates":[9.22357,45.43669]},"properties":{"osm_type":"way","osm_id":181327476,"name":"San Michele Arcangelo e Santa Rita","religion":"christian","denomination":"roman_catholic","start_date":"1933","end_date":null,"start_year":1933,"end_year":null}},{"type":"Feature","geometry":{"type":"Point","coordinates":[9.14368,45.47005]},"properties":{"osm_type":"way","osm_id":112665810,"name":"Santi Protasio e Gervasio","religion":"christian","denomination":"catholic","start_date":"1933","end_date":null,"start_year":1933,"end_year":null}},{"type":"Feature","geometry":{"type":"Point","coordinates":[9.37994,45.64729]},"properties":{"osm_type":"way","osm_id":261206090,"name":"Chiesa dei Santi Cornelio e Cipriano","religion":"christian","denomination":"catholic","start_date":"1934","end_date":null,"start_year":1934,"end_year":null}},{"type":"Feature","geometry":{"type":"Point","coordinates":[15.54897,38.18996]},"properties":{"osm_type":"way","osm_id":188020815,"name":"Chiesa della Madonna della Mercede","religion":"christian","denomination":"catholic","start_date":"1934","end_date":null,"start_year":1934,"end_year":null}},{"type":"Feature","geometry":{"type":"Point","coordinates":[13.39624,42.34422]},"properties":{"osm_type":"way","osm_id":349526049,"name":"Chiesa di Cristo Re","religion":"christian","denomination":"roman_catholic","start_date":"1934","end_date":null,"start_year":1934,"end_year":null}},{"type":"Feature","geometry":{"type":"Point","coordinates":[15.64257,38.2648]},"properties":{"osm_type":"way","osm_id":153151998,"name":"Chiesa di Santa Maria della Sacra Lettera","religion":"christian","denomination":"catholic","start_date":"1934","end_date":null,"start_year":1934,"end_year":null}},{"type":"Feature","geometry":{"type":"Point","coordinates":[9.41304,45.862]},"properties":{"osm_type":"way","osm_id":311843299,"name":"Santuario della Madonna di Lourdes","religion":"christian","denomination":"catholic","start_date":"1934","end_date":null,"start_year":1934,"end_year":null}},{"type":"Feature","geometry":{"type":"Point","coordinates":[15.37448,37.95351]},"properties":{"osm_type":"way","osm_id":476747898,"name":"Santuario Madonna del Carmelo","religion":"christian","denomination":"catholic","start_date":"1934-12-09","end_date":null,"start_year":1934,"end_year":null}},{"type":"Feature","geometry":{"type":"Point","coordinates":[9.30073,46.03547]},"properties":{"osm_type":"way","osm_id":420072858,"name":"Cappella dell'Addolorata","religion":"christian","denomination":null,"start_date":"1935","end_date":null,"start_year":1935,"end_year":null}},{"type":"Feature","geometry":{"type":"Point","coordinates":[9.25288,45.57966]},"properties":{"osm_type":"way","osm_id":31140597,"name":"Chiesa del Sacro Cuore","religion":"christian","denomination":"catholic","start_date":"1935","end_date":null,"start_year":1935,"end_year":null}},{"type":"Feature","geometry":{"type":"Point","coordinates":[8.91144,45.57626]},"properties":{"osm_type":"way","osm_id":238968890,"name":"Chiesa della Beata Vergine Assunta","religion":"christian","denomination":null,"start_date":"1935","end_date":null,"start_year":1935,"end_year":null}},{"type":"Feature","geometry":{"type":"Point","coordinates":[8.6823,45.4764]},"properties":{"osm_type":"way","osm_id":237915175,"name":"Oratorio di Santa Maria Annunziata alla Scaglia","religion":"christian","denomination":"roman_catholic","start_date":"1935","end_date":null,"start_year":1935,"end_year":null}},{"type":"Feature","geometry":{"type":"Point","coordinates":[9.79206,44.10506]},"properties":{"osm_type":"way","osm_id":205838852,"name":"Santuario Nostra Signora della Guardia","religion":"christian","denomination":"catholic","start_date":"1935","end_date":null,"start_year":1935,"end_year":null}},{"type":"Feature","geometry":{"type":"Point","coordinates":[15.21673,38.14489]},"properties":{"osm_type":"way","osm_id":1327103413,"name":"Basilica di San Sebastiano","religion":"christian","denomination":"catholic","start_date":"1936","end_date":null,"start_year":1936,"end_year":null}},{"type":"Feature","geometry":{"type":"Point","coordinates":[9.18998,45.48721]},"properties":{"osm_type":"way","osm_id":290215602,"name":"Chiesa del Sacro Volto","religion":"christian","denomination":"catholic","start_date":"1936","end_date":null,"start_year":1936,"end_year":null}},{"type":"Feature","geometry":{"type":"Point","coordinates":[9.05325,45.61155]},"properties":{"osm_type":"way","osm_id":977009414,"name":"Chiesa di San Carlo","religion":"christian","denomination":"roman_catholic","start_date":"1936","end_date":null,"start_year":1936,"end_year":null}},{"type":"Feature","geometry":{"type":"Point","coordinates":[13.22781,46.06099]},"properties":{"osm_type":"way","osm_id":36686372,"name":"Chiesa di San Nicolò al Tempio Ossario","religion":"christian","denomination":"catholic","start_date":"1936","end_date":null,"start_year":1936,"end_year":null}},{"type":"Feature","geometry":{"type":"Point","coordinates":[15.55255,38.18137]},"properties":{"osm_type":"way","osm_id":220846137,"name":"Chiesa di San Nicolò all'Arcivescovado","religion":"christian","denomination":"catholic","start_date":"1936","end_date":null,"start_year":1936,"end_year":null}},{"type":"Feature","geometry":{"type":"Point","coordinates":[15.25242,38.19259]},"properties":{"osm_type":"way","osm_id":138217411,"name":"Chiesa di Santa Maria delle Grazie","religion":"christian","denomination":"catholic","start_date":"1936","end_date":null,"start_year":1936,"end_year":null}},{"type":"Feature","geometry":{"type":"Point","coordinates":[11.75676,46.50876]},"properties":{"osm_type":"way","osm_id":233233503,"name":null,"religion":"christian","denomination":"catholic","start_date":"1936-04-01","end_date":null,"start_year":1936,"end_year":null}},{"type":"Feature","geometry":{"type":"Point","coordinates":[9.18213,45.48471]},"properties":{"osm_type":"way","osm_id":28116111,"name":"Basilica di Sant'Antonio da Padova","religion":"christian","denomination":"catholic","start_date":"1937","end_date":null,"start_year":1937,"end_year":null}},{"type":"Feature","geometry":{"type":"Point","coordinates":[9.47657,45.66374]},"properties":{"osm_type":"way","osm_id":158325063,"name":"Chiesa di San Giuseppe","religion":"christian","denomination":null,"start_date":"1937","end_date":null,"start_year":1937,"end_year":null}},{"type":"Feature","geometry":{"type":"Point","coordinates":[13.58383,42.06345]},"properties":{"osm_type":"way","osm_id":502769996,"name":"Chiesa di San Giuseppe","religion":"christian","denomination":"catholic","start_date":"1937","end_date":null,"start_year":1937,"end_year":null}},{"type":"Feature","geometry":{"type":"Point","coordinates":[9.01656,45.54773]},"properties":{"osm_type":"way","osm_id":355905999,"name":"Chiesa parrocchiale di San Bernardo","religion":"christian","denomination":"roman_catholic","start_date":"1937","end_date":null,"start_year":1937,"end_year":null}},{"type":"Feature","geometry":{"type":"Point","coordinates":[10.31972,45.91238]},"properties":{"osm_type":"way","osm_id":227401324,"name":"Santèl di Parais","religion":"christian","denomination":"catholic","start_date":"1937","end_date":null,"start_year":1937,"end_year":null}},{"type":"Feature","geometry":{"type":"Point","coordinates":[7.04546,45.13769]},"properties":{"osm_type":"way","osm_id":794306718,"name":"Cappella del Seminario Vescovile","religion":"christian","denomination":"catholic","start_date":"1938","end_date":null,"start_year":1938,"end_year":null}},{"type":"Feature","geometry":{"type":"Point","coordinates":[8.40019,45.08015]},"properties":{"osm_type":"node","osm_id":7903266416,"name":"Cappellina \"Madonna sotto il Sasso\"","religion":"christian","denomination":"catholic","start_date":"1938-05","end_date":null,"start_year":1938,"end_year":null}},{"type":"Feature","geometry":{"type":"Point","coordinates":[8.92551,45.5713]},"properties":{"osm_type":"way","osm_id":201392503,"name":"Chiesa della Beata Vergine Assunta","religion":"christian","denomination":"catholic","start_date":"1938","end_date":null,"start_year":1938,"end_year":null}},{"type":"Feature","geometry":{"type":"Point","coordinates":[13.20044,41.3685]},"properties":{"osm_type":"way","osm_id":181451104,"name":"Chiesa della Divina Maternità di Maria","religion":"christian","denomination":"catholic","start_date":"1938","end_date":null,"start_year":1938,"end_year":null}},{"type":"Feature","geometry":{"type":"Point","coordinates":[8.93892,45.531]},"properties":{"osm_type":"way","osm_id":109870863,"name":"Chiesa di Sant'Anna","religion":"christian","denomination":"catholic","start_date":"1938","end_date":null,"start_year":1938,"end_year":null}},{"type":"Feature","geometry":{"type":"Point","coordinates":[9.19295,45.55655]},"properties":{"osm_type":"way","osm_id":338063048,"name":"Chiesa parrocchiale della Regina Pacis","religion":"christian","denomination":"roman_catholic","start_date":"1939","end_date":null,"start_year":1939,"end_year":null}},{"type":"Feature","geometry":{"type":"Point","coordinates":[9.94352,44.72284]},"properties":{"osm_type":"way","osm_id":182475666,"name":"Maestà del Bianco","religion":"christian","denomination":"catholic","start_date":"1939","end_date":null,"start_year":1939,"end_year":null}},{"type":"Feature","geometry":{"type":"Point","coordinates":[11.12179,45.92811]},"properties":{"osm_type":"way","osm_id":615522424,"name":"S. Giovanni Bosco","religion":"christian","denomination":"catholic","start_date":"1939","end_date":null,"start_year":1939,"end_year":null}},{"type":"Feature","geometry":{"type":"Point","coordinates":[7.57327,44.42766]},"properties":{"osm_type":"way","osm_id":489319679,"name":"Sant'Anna","religion":"christian","denomination":"roman_catholic","start_date":"1939","end_date":null,"start_year":1939,"end_year":null}},{"type":"Feature","geometry":{"type":"Point","coordinates":[9.10604,45.50347]},"properties":{"osm_type":"way","osm_id":491986804,"name":"Chiesa di S. Romano Levita e Martire alla Torrazza","religion":"christian","denomination":"roman_catholic","start_date":"1940","end_date":null,"start_year":1940,"end_year":null}},{"type":"Feature","geometry":{"type":"Point","coordinates":[15.52769,38.22223]},"properties":{"osm_type":"way","osm_id":215598556,"name":"Chiesa di San Michele","religion":"christian","denomination":"catholic","start_date":"1940","end_date":null,"start_year":1940,"end_year":null}},{"type":"Feature","geometry":{"type":"Point","coordinates":[12.48952,41.86772]},"properties":{"osm_type":"way","osm_id":363223377,"name":"Chiesa di Santa Galla","religion":"christian","denomination":"catholic","start_date":"1940-12-13","end_date":null,"start_year":1940,"end_year":null}},{"type":"Feature","geometry":{"type":"Point","coordinates":[9.17635,45.54909]},"properties":{"osm_type":"way","osm_id":28391618,"name":"Chiesa parrocchiale di San Martino e l'Immacolata","religion":"christian","denomination":"roman_catholic","start_date":"1940","end_date":null,"start_year":1940,"end_year":null}},{"type":"Feature","geometry":{"type":"Point","coordinates":[13.76292,37.91504]},"properties":{"osm_type":"way","osm_id":426733187,"name":"Sant'Anna (chiesa madre)","religion":"christian","denomination":"roman_catholic","start_date":"1940","end_date":null,"start_year":1940,"end_year":null}},{"type":"Feature","geometry":{"type":"Point","coordinates":[18.0928,40.07847]},"properties":{"osm_type":"way","osm_id":403157109,"name":"Santuario della Madonna del Montegrappa","religion":"christian","denomination":null,"start_date":"1940","end_date":null,"start_year":1940,"end_year":null}},{"type":"Feature","geometry":{"type":"Point","coordinates":[11.87697,45.40844]},"properties":{"osm_type":"way","osm_id":131997697,"name":"Chiesa di Sant'Andrea","religion":"christian","denomination":"catholic","start_date":"1941","end_date":null,"start_year":1941,"end_year":null}},{"type":"Feature","geometry":{"type":"Point","coordinates":[13.42695,42.03406]},"properties":{"osm_type":"way","osm_id":310793317,"name":"Cattedrale di San Bartolomeo Apostolo","religion":"christian","denomination":"roman_catholic","start_date":"1942-01-22","end_date":null,"start_year":1942,"end_year":null}},{"type":"Feature","geometry":{"type":"Point","coordinates":[8.85705,45.58613]},"properties":{"osm_type":"way","osm_id":284027485,"name":"Chiesa dei Santi Apostoli Pietro e Paolo","religion":"christian","denomination":"catholic","start_date":"1942","end_date":null,"start_year":1942,"end_year":null}},{"type":"Feature","geometry":{"type":"Point","coordinates":[8.55843,40.73443]},"properties":{"osm_type":"way","osm_id":217523619,"name":"Basilica del Sacro Cuore","religion":"christian","denomination":"catholic","start_date":"1943","end_date":null,"start_year":1943,"end_year":null}},{"type":"Feature","geometry":{"type":"Point","coordinates":[15.50738,38.10481]},"properties":{"osm_type":"way","osm_id":314549493,"name":"Chiesa della Madonna della Lettera","religion":"christian","denomination":"catholic","start_date":"1943","end_date":null,"start_year":1943,"end_year":null}},{"type":"Feature","geometry":{"type":"Point","coordinates":[8.32947,45.45989]},"properties":{"osm_type":"way","osm_id":1421112882,"name":"Chiesa di San Marco Evangelista","religion":"christian","denomination":"roman_catholic","start_date":"1943","end_date":null,"start_year":1943,"end_year":null}},{"type":"Feature","geometry":{"type":"Point","coordinates":[14.01993,42.24174]},"properties":{"osm_type":"way","osm_id":1060214734,"name":"Chiesa di Sant'Antonio e Santa Maria Goretti","religion":"christian","denomination":null,"start_date":"1943","end_date":null,"start_year":1943,"end_year":null}},{"type":"Feature","geometry":{"type":"Point","coordinates":[9.3195,46.15139]},"properties":{"osm_type":"way","osm_id":717079333,"name":"Chiesa della Madonna delle Grazie","religion":"christian","denomination":"catholic","start_date":"after 1944","end_date":null,"start_year":1945,"end_year":null}},{"type":"Feature","geometry":{"type":"Point","coordinates":[10.10518,45.60085]},"properties":{"osm_type":"way","osm_id":198462959,"name":"Chiesa di Cristo Re","religion":"christian","denomination":"catholic","start_date":"1946-10-19","end_date":null,"start_year":1946,"end_year":null}},{"type":"Feature","geometry":{"type":"Point","coordinates":[9.11148,45.6665]},"properties":{"osm_type":"way","osm_id":50058160,"name":"Chiesa parrocchiale di Sant'Anna","religion":"christian","denomination":"roman_catholic","start_date":"1946","end_date":null,"start_year":1946,"end_year":null}},{"type":"Feature","geometry":{"type":"Point","coordinates":[9.10474,45.86505]},"properties":{"osm_type":"way","osm_id":147218959,"name":"Chiesa Regina Pacis","religion":"christian","denomination":"catholic","start_date":"1946","end_date":null,"start_year":1946,"end_year":null}},{"type":"Feature","geometry":{"type":"Point","coordinates":[8.45186,45.58606]},"properties":{"osm_type":"way","osm_id":966774801,"name":"Chiesa della Madonna della Pace","religion":"christian","denomination":"catholic","start_date":"1947","end_date":null,"start_year":1947,"end_year":null}},{"type":"Feature","geometry":{"type":"Point","coordinates":[12.29074,45.88305]},"properties":{"osm_type":"way","osm_id":147086493,"name":"Chiesa di Sant'Antonio di Padova","religion":"christian","denomination":"catholic","start_date":"1947","end_date":null,"start_year":1947,"end_year":null}},{"type":"Feature","geometry":{"type":"Point","coordinates":[8.94728,45.55517]},"properties":{"osm_type":"way","osm_id":54966503,"name":"Santuario di San Felice","religion":"christian","denomination":"catholic","start_date":"1947","end_date":null,"start_year":1947,"end_year":null}},{"type":"Feature","geometry":{"type":"Point","coordinates":[10.49082,45.62744]},"properties":{"osm_type":"way","osm_id":1071661281,"name":null,"religion":"christian","denomination":"catholic","start_date":"1947","end_date":null,"start_year":1947,"end_year":null}},{"type":"Feature","geometry":{"type":"Point","coordinates":[10.23454,45.66222]},"properties":{"osm_type":"way","osm_id":455172556,"name":"Cappella Madonna di Lourdes","religion":"christian","denomination":"catholic","start_date":"1948-08-22","end_date":null,"start_year":1948,"end_year":null}},{"type":"Feature","geometry":{"type":"Point","coordinates":[12.52034,41.88122]},"properties":{"osm_type":"way","osm_id":500962461,"name":"Chiesa dei Santi Antonio di Padova e Annibale Maria","religion":"christian","denomination":"catholic","start_date":"1948","end_date":null,"start_year":1948,"end_year":null}},{"type":"Feature","geometry":{"type":"Point","coordinates":[14.11209,42.34977]},"properties":{"osm_type":"way","osm_id":1074152515,"name":"Chiesa di San Martino","religion":"christian","denomination":null,"start_date":"1948","end_date":null,"start_year":1948,"end_year":null}},{"type":"Feature","geometry":{"type":"Point","coordinates":[12.96202,42.71445]},"properties":{"osm_type":"way","osm_id":283779496,"name":"Santuario di Roccaporena","religion":"christian","denomination":"roman_catholic","start_date":"1948","end_date":null,"start_year":1948,"end_year":null}},{"type":"Feature","geometry":{"type":"Point","coordinates":[8.52024,44.33235]},"properties":{"osm_type":"node","osm_id":5055308180,"name":"Madonnetta","religion":"christian","denomination":"catholic","start_date":"1949","end_date":null,"start_year":1949,"end_year":null}},{"type":"Feature","geometry":{"type":"Point","coordinates":[11.29286,45.5446]},"properties":{"osm_type":"way","osm_id":263146858,"name":"Maternità della Madonna","religion":"christian","denomination":"catholic","start_date":"1949","end_date":null,"start_year":1949,"end_year":null}},{"type":"Feature","geometry":{"type":"Point","coordinates":[8.54393,44.34518]},"properties":{"osm_type":"node","osm_id":4625307888,"name":"Peregrinatio Mariae","religion":"christian","denomination":"catholic","start_date":"1949","end_date":null,"start_year":1949,"end_year":null}},{"type":"Feature","geometry":{"type":"Point","coordinates":[9.26328,45.5924]},"properties":{"osm_type":"way","osm_id":124948424,"name":"Santuario del Carmelo","religion":"christian","denomination":"catholic","start_date":"1949","end_date":null,"start_year":1949,"end_year":null}},{"type":"Feature","geometry":{"type":"Point","coordinates":[15.55149,38.20278]},"properties":{"osm_type":"way","osm_id":187908693,"name":"Santuario della Madonna di Lourdes","religion":"christian","denomination":"catholic","start_date":"1949","end_date":null,"start_year":1949,"end_year":null}},{"type":"Feature","geometry":{"type":"Point","coordinates":[9.62256,46.1444]},"properties":{"osm_type":"way","osm_id":219627580,"name":"Chiesa della Madonna delle Grazie","religion":"christian","denomination":"roman_catholic","start_date":"~1950","end_date":null,"start_year":1950,"end_year":null}},{"type":"Feature","geometry":{"type":"Point","coordinates":[7.6779,45.09495]},"properties":{"osm_type":"way","osm_id":318940272,"name":"Chiesa di Nostra Signora della Salute","religion":"christian","denomination":"catholic","start_date":"1950","end_date":null,"start_year":1950,"end_year":null}},{"type":"Feature","geometry":{"type":"Point","coordinates":[9.14319,45.59165]},"properties":{"osm_type":"way","osm_id":422411460,"name":"Chiesa parrocchiale del Sacro Cuore di Gesù","religion":"christian","denomination":"roman_catholic","start_date":"1950","end_date":null,"start_year":1950,"end_year":null}},{"type":"Feature","geometry":{"type":"Point","coordinates":[7.01236,45.18967]},"properties":{"osm_type":"way","osm_id":303363636,"name":"Madonna del Rocciamelone","religion":"christian","denomination":"catholic","start_date":"1950","end_date":null,"start_year":1950,"end_year":null}},{"type":"Feature","geometry":{"type":"Point","coordinates":[7.44825,44.36905]},"properties":{"osm_type":"way","osm_id":449595753,"name":null,"religion":"christian","denomination":"catholic","start_date":"1950","end_date":null,"start_year":1950,"end_year":null}},{"type":"Feature","geometry":{"type":"Point","coordinates":[9.14475,44.36136]},"properties":{"osm_type":"way","osm_id":204705344,"name":"Chiesa dei Santi Giovanni Battista e Giovanni Bono","religion":"christian","denomination":"catholic","start_date":"1951","end_date":null,"start_year":1951,"end_year":null}},{"type":"Feature","geometry":{"type":"Point","coordinates":[11.1913,45.35376]},"properties":{"osm_type":"way","osm_id":248685498,"name":"Chiesa di Sant'Andrea Apostolo e Santa Sofia Vedova","religion":"christian","denomination":"roman_catholic","start_date":"1951-11-27","end_date":null,"start_year":1951,"end_year":null}},{"type":"Feature","geometry":{"type":"Point","coordinates":[7.20331,44.34606]},"properties":{"osm_type":"way","osm_id":147076433,"name":"Chiesetta di San Giacomo Apostolo","religion":"christian","denomination":"catholic","start_date":"1951-07-29","end_date":null,"start_year":1951,"end_year":null}},{"type":"Feature","geometry":{"type":"Point","coordinates":[15.24127,38.22299]},"properties":{"osm_type":"way","osm_id":61490674,"name":"Duomo di Santo Stefano Protomartire","religion":"christian","denomination":"catholic","start_date":"1951","end_date":null,"start_year":1951,"end_year":null}},{"type":"Feature","geometry":{"type":"Point","coordinates":[8.93915,45.6006]},"properties":{"osm_type":"node","osm_id":927293824,"name":"Chiesa di San Giuseppe","religion":"christian","denomination":"catholic","start_date":"1952","end_date":null,"start_year":1952,"end_year":null}},{"type":"Feature","geometry":{"type":"Point","coordinates":[11.57268,45.62676]},"properties":{"osm_type":"way","osm_id":466481134,"name":"Chiesa di San Sebastiano","religion":"christian","denomination":"catholic","start_date":"1952-11-29","end_date":null,"start_year":1952,"end_year":null}},{"type":"Feature","geometry":{"type":"Point","coordinates":[9.23035,45.54406]},"properties":{"osm_type":"way","osm_id":338466123,"name":"Chiesa parrocchiale di Santa Maria Ausiliatrice","religion":"christian","denomination":"roman_catholic","start_date":"1952","end_date":null,"start_year":1952,"end_year":null}},{"type":"Feature","geometry":{"type":"Point","coordinates":[13.81277,41.48895]},"properties":{"osm_type":"way","osm_id":169256621,"name":null,"religion":"christian","denomination":"catholic","start_date":"1952","end_date":null,"start_year":1952,"end_year":null}},{"type":"Feature","geometry":{"type":"Point","coordinates":[10.21108,45.52291]},"properties":{"osm_type":"way","osm_id":150831667,"name":"Chiesa di San Giacinto","religion":"christian","denomination":"catholic","start_date":"1953","end_date":null,"start_year":1953,"end_year":null}},{"type":"Feature","geometry":{"type":"Point","coordinates":[13.61527,41.52485]},"properties":{"osm_type":"node","osm_id":12698161238,"name":"Chiesa Di San Vito","religion":"christian","denomination":null,"start_date":"1953","end_date":null,"start_year":1953,"end_year":null}},{"type":"Feature","geometry":{"type":"Point","coordinates":[9.91036,44.73751]},"properties":{"osm_type":"way","osm_id":182473291,"name":"Maestà dei Guardaschi","religion":"christian","denomination":"catholic","start_date":"1953","end_date":null,"start_year":1953,"end_year":null}},{"type":"Feature","geometry":{"type":"Point","coordinates":[11.88493,45.41535]},"properties":{"osm_type":"way","osm_id":131989477,"name":"Tempio della Pace","religion":"christian","denomination":"catholic","start_date":"1953","end_date":null,"start_year":1953,"end_year":null}},{"type":"Feature","geometry":{"type":"Point","coordinates":[8.73194,44.4256]},"properties":{"osm_type":"node","osm_id":4535698517,"name":"Ave Maria","religion":"christian","denomination":"catholic","start_date":"1954","end_date":null,"start_year":1954,"end_year":null}},{"type":"Feature","geometry":{"type":"Point","coordinates":[13.89625,45.62808]},"properties":{"osm_type":"way","osm_id":36684433,"name":"Chiesa della Beata Vergine Immacolata / Cerkev Brezmadežne Device Marije","religion":"christian","denomination":"catholic","start_date":"1954","end_date":null,"start_year":1954,"end_year":null}},{"type":"Feature","geometry":{"type":"Point","coordinates":[14.23917,40.848]},"properties":{"osm_type":"way","osm_id":414263742,"name":"Chiesa della Madonna del Buon Consiglio","religion":"christian","denomination":"roman_catholic","start_date":"1954","end_date":null,"start_year":1954,"end_year":null}},{"type":"Feature","geometry":{"type":"Point","coordinates":[10.9885,43.8303]},"properties":{"osm_type":"way","osm_id":229520221,"name":"Chiesa di Santa Maria Assunta","religion":"christian","denomination":"catholic","start_date":"1954","end_date":null,"start_year":1954,"end_year":null}},{"type":"Feature","geometry":{"type":"Point","coordinates":[9.29243,45.80394]},"properties":{"osm_type":"way","osm_id":242318971,"name":"Chiesa parrocchiale di Sant'Anna","religion":"christian","denomination":"roman_catholic","start_date":"1954","end_date":null,"start_year":1954,"end_year":null}},{"type":"Feature","geometry":{"type":"Point","coordinates":[12.59087,46.60262]},"properties":{"osm_type":"way","osm_id":623767383,"name":null,"religion":"christian","denomination":"catholic","start_date":"1954-09-08","end_date":null,"start_year":1954,"end_year":null}},{"type":"Feature","geometry":{"type":"Point","coordinates":[14.20896,42.4652]},"properties":{"osm_type":"way","osm_id":114412946,"name":"Chiesa dello Spirito Santo","religion":"christian","denomination":"catholic","start_date":"1955","end_date":null,"start_year":1955,"end_year":null}},{"type":"Feature","geometry":{"type":"Point","coordinates":[11.21058,45.33417]},"properties":{"osm_type":"way","osm_id":249861877,"name":"Chiesa di Santa Maria Regina","religion":"christian","denomination":"roman_catholic","start_date":"1955","end_date":null,"start_year":1955,"end_year":null}},{"type":"Feature","geometry":{"type":"Point","coordinates":[9.00813,45.61291]},"properties":{"osm_type":"way","osm_id":307578942,"name":"Chiesa parrocchiale dei Santi Apostoli Pietro e Paolo","religion":"christian","denomination":"roman_catholic","start_date":"1955","end_date":null,"start_year":1955,"end_year":null}},{"type":"Feature","geometry":{"type":"Point","coordinates":[8.95857,44.47201]},"properties":{"osm_type":"way","osm_id":204217652,"name":"Parrocchia Nostra Signora del Rosario di Pompei e San Bernardo","religion":"christian","denomination":"catholic","start_date":"1955","end_date":null,"start_year":1955,"end_year":null}},{"type":"Feature","geometry":{"type":"Point","coordinates":[9.22613,45.47963]},"properties":{"osm_type":"way","osm_id":40123818,"name":"Parrocchia San Pio X","religion":"christian","denomination":"catholic","start_date":"1955","end_date":null,"start_year":1955,"end_year":null}},{"type":"Feature","geometry":{"type":"Point","coordinates":[12.00787,46.51899]},"properties":{"osm_type":"way","osm_id":200335828,"name":null,"religion":"christian","denomination":"roman_catholic","start_date":"1955","end_date":null,"start_year":1955,"end_year":null}},{"type":"Feature","geometry":{"type":"Point","coordinates":[10.20501,46.01891]},"properties":{"osm_type":"way","osm_id":125983832,"name":"Chiesa di Maria Ausiliatrice e Santa Barbara","religion":"christian","denomination":"catholic","start_date":"1956/07/21","end_date":null,"start_year":1956,"end_year":null}},{"type":"Feature","geometry":{"type":"Point","coordinates":[7.52215,44.3669]},"properties":{"osm_type":"way","osm_id":281818236,"name":"Chiesa di San Rocco","religion":"christian","denomination":"catholic","start_date":"1956-08-19","end_date":null,"start_year":1956,"end_year":null}},{"type":"Feature","geometry":{"type":"Point","coordinates":[9.02793,45.61861]},"properties":{"osm_type":"way","osm_id":292099810,"name":"Chiesa parrocchiale di San Giuseppe Confessore","religion":"christian","denomination":"roman_catholic","start_date":"1956","end_date":null,"start_year":1956,"end_year":null}},{"type":"Feature","geometry":{"type":"Point","coordinates":[11.25069,45.56894]},"properties":{"osm_type":"way","osm_id":264652736,"name":"San Antonio Abate","religion":"christian","denomination":"catholic","start_date":"1956","end_date":null,"start_year":1956,"end_year":null}},{"type":"Feature","geometry":{"type":"Point","coordinates":[12.22554,46.14369]},"properties":{"osm_type":"way","osm_id":255726254,"name":"San Giovanni Bosco","religion":"christian","denomination":"catholic","start_date":"1956","end_date":null,"start_year":1956,"end_year":null}},{"type":"Feature","geometry":{"type":"Point","coordinates":[15.26822,37.82866]},"properties":{"osm_type":"way","osm_id":230723385,"name":"San Pancrazio","religion":"christian","denomination":"catholic","start_date":"1956","end_date":null,"start_year":1956,"end_year":null}},{"type":"Feature","geometry":{"type":"Point","coordinates":[8.87306,44.4156]},"properties":{"osm_type":"way","osm_id":674942011,"name":"Chiesa dei Santi Andrea e Ambrogio","religion":"christian","denomination":"catholic","start_date":"1957","end_date":null,"start_year":1957,"end_year":null}},{"type":"Feature","geometry":{"type":"Point","coordinates":[9.29472,45.47624]},"properties":{"osm_type":"way","osm_id":899338126,"name":"Chiesa della Madonna del Lago","religion":"christian","denomination":"roman_catholic","start_date":"1957","end_date":null,"start_year":1957,"end_year":null}},{"type":"Feature","geometry":{"type":"Point","coordinates":[8.95723,44.39427]},"properties":{"osm_type":"way","osm_id":132728680,"name":"Chiesa parrocchiale di Nostra Signora del Rosario","religion":"christian","denomination":"roman_catholic","start_date":"1957","end_date":null,"start_year":1957,"end_year":null}},{"type":"Feature","geometry":{"type":"Point","coordinates":[10.1862,45.04292]},"properties":{"osm_type":"way","osm_id":272046559,"name":"Santuario della Madonna della Fiducia","religion":"christian","denomination":"catholic","start_date":"1957","end_date":null,"start_year":1957,"end_year":null}},{"type":"Feature","geometry":{"type":"Point","coordinates":[8.6264,44.37478]},"properties":{"osm_type":"node","osm_id":5346273842,"name":"Bambino Gesù di Praga","religion":"christian","denomination":"catholic","start_date":"1958","end_date":null,"start_year":1958,"end_year":null}},{"type":"Feature","geometry":{"type":"Point","coordinates":[10.77016,43.88266]},"properties":{"osm_type":"way","osm_id":139460770,"name":"Basilica di Santa Maria Assunta","religion":"christian","denomination":null,"start_date":"1958","end_date":null,"start_year":1958,"end_year":null}},{"type":"Feature","geometry":{"type":"Point","coordinates":[7.6604,45.09901]},"properties":{"osm_type":"way","osm_id":285047344,"name":"Chiesa di San Giuseppe Benedetto Cottolengo","religion":"christian","denomination":"catholic","start_date":"1958","end_date":null,"start_year":1958,"end_year":null}},{"type":"Feature","geometry":{"type":"Point","coordinates":[10.75535,43.8867]},"properties":{"osm_type":"way","osm_id":174311650,"name":"Chiesa di Santa Rita da Cascia","religion":"christian","denomination":"catholic","start_date":"1958","end_date":null,"start_year":1958,"end_year":null}},{"type":"Feature","geometry":{"type":"Point","coordinates":[9.14054,45.4983]},"properties":{"osm_type":"way","osm_id":142690993,"name":"Chiesa parrocchiale di Santa Marcellina e San Giuseppe alla Certosa","religion":"christian","denomination":"roman_catholic","start_date":"1958","end_date":null,"start_year":1958,"end_year":null}},{"type":"Feature","geometry":{"type":"Point","coordinates":[9.1695,45.67324]},"properties":{"osm_type":"way","osm_id":420593871,"name":"Chiesa parrocchiale di Santa Maria Nascente","religion":"christian","denomination":"roman_catholic","start_date":"1958","end_date":null,"start_year":1958,"end_year":null}},{"type":"Feature","geometry":{"type":"Point","coordinates":[12.64742,41.81895]},"properties":{"osm_type":"way","osm_id":236008047,"name":"Parrocchia Sacri Cuori di Gesù e Maria","religion":"christian","denomination":"roman_catholic","start_date":"1958","end_date":null,"start_year":1958,"end_year":null}},{"type":"Feature","geometry":{"type":"Point","coordinates":[14.83054,40.69935]},"properties":{"osm_type":"way","osm_id":1083823638,"name":"San Matteo","religion":"christian","denomination":"catholic","start_date":"1958","end_date":null,"start_year":1958,"end_year":null}},{"type":"Feature","geometry":{"type":"Point","coordinates":[7.65602,45.0571]},"properties":{"osm_type":"way","osm_id":43139002,"name":"Santa Teresa del Bambino Gesù","religion":"christian","denomination":"catholic","start_date":"1958","end_date":null,"start_year":1958,"end_year":null}},{"type":"Feature","geometry":{"type":"Point","coordinates":[8.65892,45.83894]},"properties":{"osm_type":"way","osm_id":600629031,"name":"Chiesa della Beata Vergine Immacolata","religion":"christian","denomination":"roman_catholic","start_date":"1959","end_date":null,"start_year":1959,"end_year":null}},{"type":"Feature","geometry":{"type":"Point","coordinates":[14.24471,42.2284]},"properties":{"osm_type":"way","osm_id":928793286,"name":"Chiesa di Santa Maria ad Nives","religion":"christian","denomination":null,"start_date":"1959","end_date":null,"start_year":1959,"end_year":null}},{"type":"Feature","geometry":{"type":"Point","coordinates":[13.22881,46.07879]},"properties":{"osm_type":"way","osm_id":36686481,"name":"Chiesa di Santa Maria della Misericordia","religion":"christian","denomination":"catholic","start_date":"1959","end_date":null,"start_year":1959,"end_year":null}},{"type":"Feature","geometry":{"type":"Point","coordinates":[9.04842,45.62317]},"properties":{"osm_type":"way","osm_id":292098922,"name":"Chiesa parrocchiale della Regina Pacis","religion":"christian","denomination":"roman_catholic","start_date":"1959","end_date":null,"start_year":1959,"end_year":null}},{"type":"Feature","geometry":{"type":"Point","coordinates":[9.21958,45.49164]},"properties":{"osm_type":"way","osm_id":41518948,"name":"Chiesa parrocchiale di San Gabriele Arcangelo in Mater Dei","religion":"christian","denomination":"roman_catholic","start_date":"1959","end_date":null,"start_year":1959,"end_year":null}},{"type":"Feature","geometry":{"type":"Point","coordinates":[8.67146,45.63342]},"properties":{"osm_type":"way","osm_id":246513162,"name":"Chiesa parrocchiale di Santo Stefano","religion":"christian","denomination":"roman_catholic","start_date":"1959","end_date":null,"start_year":1959,"end_year":null}},{"type":"Feature","geometry":{"type":"Point","coordinates":[8.93954,44.41775]},"properties":{"osm_type":"way","osm_id":272135342,"name":"Parrocchia di San Paolo","religion":"christian","denomination":"roman_catholic","start_date":"1959","end_date":null,"start_year":1959,"end_year":null}},{"type":"Feature","geometry":{"type":"Point","coordinates":[14.22798,40.84888]},"properties":{"osm_type":"way","osm_id":79262486,"name":"San Giovanni Battista dei Fiorentini","religion":"christian","denomination":"catholic","start_date":"1959","end_date":null,"start_year":1959,"end_year":null}},{"type":"Feature","geometry":{"type":"Point","coordinates":[9.04629,45.51783]},"properties":{"osm_type":"node","osm_id":9438327065,"name":"Chiesa della Madonna di Fatima e San Francesco di Paola","religion":"christian","denomination":"roman_catholic","start_date":"1960s","end_date":null,"start_year":1960,"end_year":null}},{"type":"Feature","geometry":{"type":"Point","coordinates":[8.67924,45.76999]},"properties":{"osm_type":"way","osm_id":1363861579,"name":"Chiesa di San Rocco","religion":"christian","denomination":"roman_catholic","start_date":"1960","end_date":null,"start_year":1960,"end_year":null}},{"type":"Feature","geometry":{"type":"Point","coordinates":[8.66141,45.88585]},"properties":{"osm_type":"way","osm_id":1317552628,"name":"Chiesa di Santa Lucia","religion":"christian","denomination":"roman_catholic","start_date":"1960","end_date":null,"start_year":1960,"end_year":null}},{"type":"Feature","geometry":{"type":"Point","coordinates":[15.54693,38.17686]},"properties":{"osm_type":"way","osm_id":163055975,"name":"Chiesa di Santa Maria Consolata","religion":"christian","denomination":"catholic","start_date":"1960","end_date":null,"start_year":1960,"end_year":null}},{"type":"Feature","geometry":{"type":"Point","coordinates":[9.17912,45.51197]},"properties":{"osm_type":"way","osm_id":51353025,"name":"Chiesa parrocchiale dell'Annunciazione","religion":"christian","denomination":"roman_catholic","start_date":"1960","end_date":null,"start_year":1960,"end_year":null}},{"type":"Feature","geometry":{"type":"Point","coordinates":[10.34878,45.89491]},"properties":{"osm_type":"way","osm_id":131229705,"name":"Chiesetta degli Alpini","religion":"christian","denomination":"catholic","start_date":"1960","end_date":null,"start_year":1960,"end_year":null}},{"type":"Feature","geometry":{"type":"Point","coordinates":[10.99096,44.27233]},"properties":{"osm_type":"way","osm_id":156371136,"name":"Madonna di Brasa","religion":"christian","denomination":"catholic","start_date":"1960","end_date":null,"start_year":1960,"end_year":null}},{"type":"Feature","geometry":{"type":"Point","coordinates":[8.437,45.73864]},"properties":{"osm_type":"way","osm_id":824266882,"name":"Cappella di Santa Rita","religion":"christian","denomination":"catholic","start_date":"1961","end_date":null,"start_year":1961,"end_year":null}},{"type":"Feature","geometry":{"type":"Point","coordinates":[10.91966,43.92257]},"properties":{"osm_type":"way","osm_id":395329220,"name":"Chiesa del cimitero della Vergine","religion":"christian","denomination":null,"start_date":"1961","end_date":null,"start_year":1961,"end_year":null}},{"type":"Feature","geometry":{"type":"Point","coordinates":[10.54781,45.97666]},"properties":{"osm_type":"way","osm_id":82407847,"name":"Chiesa della Madonna della Neve","religion":"christian","denomination":"catholic","start_date":"1961","end_date":null,"start_year":1961,"end_year":null}},{"type":"Feature","geometry":{"type":"Point","coordinates":[10.49131,44.04159]},"properties":{"osm_type":"way","osm_id":1353106732,"name":"Chiesa di San Giuseppe Sposo della Beata Vergine Maria","religion":"christian","denomination":null,"start_date":"1961","end_date":null,"start_year":1961,"end_year":null}},{"type":"Feature","geometry":{"type":"Point","coordinates":[9.22376,45.55353]},"properties":{"osm_type":"way","osm_id":221842542,"name":"Chiesa parrocchiale di San Martino Vescovo","religion":"christian","denomination":"roman_catholic","start_date":"1961","end_date":null,"start_year":1961,"end_year":null}},{"type":"Feature","geometry":{"type":"Point","coordinates":[10.32441,45.52385]},"properties":{"osm_type":"way","osm_id":163792467,"name":"Chiesetta degli Alpini","religion":"christian","denomination":"catholic","start_date":"1961-04-21","end_date":null,"start_year":1961,"end_year":null}},{"type":"Feature","geometry":{"type":"Point","coordinates":[9.88069,44.75842]},"properties":{"osm_type":"way","osm_id":641594040,"name":"Maestà di Stuzzano","religion":"christian","denomination":"catholic","start_date":"1961","end_date":null,"start_year":1961,"end_year":null}},{"type":"Feature","geometry":{"type":"Point","coordinates":[10.90732,43.94878]},"properties":{"osm_type":"way","osm_id":310950052,"name":"Sacro Cuore Immacolato di Maria","religion":"christian","denomination":"catholic","start_date":"1961","end_date":null,"start_year":1961,"end_year":null}},{"type":"Feature","geometry":{"type":"Point","coordinates":[9.44923,46.4828]},"properties":{"osm_type":"way","osm_id":169604334,"name":"Chiesa dei Santi Giacomo e Anna","religion":"christian","denomination":"roman_catholic","start_date":"1962","end_date":null,"start_year":1962,"end_year":null}},{"type":"Feature","geometry":{"type":"Point","coordinates":[13.10403,45.66916]},"properties":{"osm_type":"way","osm_id":36684755,"name":"Chiesa del Cristo Redentore","religion":"christian","denomination":"roman_catholic","start_date":"1962","end_date":null,"start_year":1962,"end_year":null}},{"type":"Feature","geometry":{"type":"Point","coordinates":[9.11752,45.49628]},"properties":{"osm_type":"way","osm_id":329031964,"name":"Chiesa di Maria Regina Pacis","religion":"christian","denomination":"roman_catholic","start_date":"1962","end_date":null,"start_year":1962,"end_year":null}},{"type":"Feature","geometry":{"type":"Point","coordinates":[13.51528,43.60074]},"properties":{"osm_type":"way","osm_id":1349917622,"name":"Chiesa di Santa Maria delle Grazie","religion":"christian","denomination":"catholic","start_date":"1962","end_date":null,"start_year":1962,"end_year":null}},{"type":"Feature","geometry":{"type":"Point","coordinates":[12.32383,44.88799]},"properties":{"osm_type":"way","osm_id":203810244,"name":"Nostra Signora del Santissimo Sacramento","religion":"christian","denomination":"catholic","start_date":"1962","end_date":null,"start_year":1962,"end_year":null}},{"type":"Feature","geometry":{"type":"Point","coordinates":[11.22323,43.73652]},"properties":{"osm_type":"way","osm_id":88571836,"name":"Santi Giuseppe e Lucia al Galluzzo","religion":"christian","denomination":"catholic","start_date":"1962","end_date":null,"start_year":1962,"end_year":null}},{"type":"Feature","geometry":{"type":"Point","coordinates":[10.30914,43.54897]},"properties":{"osm_type":"way","osm_id":78845759,"name":"Sinagoga","religion":"jewish","denomination":null,"start_date":"1962","end_date":null,"start_year":1962,"end_year":null}},{"type":"Feature","geometry":{"type":"Point","coordinates":[13.00231,45.76888]},"properties":{"osm_type":"way","osm_id":36711990,"name":"Cappella dell'Ospedale","religion":"christian","denomination":null,"start_date":"1963","end_date":null,"start_year":1963,"end_year":null}},{"type":"Feature","geometry":{"type":"Point","coordinates":[9.63102,45.69341]},"properties":{"osm_type":"way","osm_id":30926757,"name":"Chiesa della Beata Vergine Immacolata","religion":"christian","denomination":"catholic","start_date":"1963","end_date":null,"start_year":1963,"end_year":null}},{"type":"Feature","geometry":{"type":"Point","coordinates":[9.16442,45.19268]},"properties":{"osm_type":"way","osm_id":850128280,"name":"Chiesa della Sacra Famiglia","religion":"christian","denomination":null,"start_date":"1963","end_date":null,"start_year":1963,"end_year":null}},{"type":"Feature","geometry":{"type":"Point","coordinates":[15.27205,37.83563]},"properties":{"osm_type":"way","osm_id":230723371,"name":"Parrocchia Maria Santissima Immacolata","religion":"christian","denomination":"catholic","start_date":"1963","end_date":null,"start_year":1963,"end_year":null}},{"type":"Feature","geometry":{"type":"Point","coordinates":[14.1674,42.50821]},"properties":{"osm_type":"way","osm_id":329131310,"name":"San Giovanni Bosco","religion":"christian","denomination":"catholic","start_date":"1963","end_date":null,"start_year":1963,"end_year":null}},{"type":"Feature","geometry":{"type":"Point","coordinates":[9.15736,45.19907]},"properties":{"osm_type":"way","osm_id":149316624,"name":"San Giuseppe","religion":"christian","denomination":"roman_catholic","start_date":"1963","end_date":null,"start_year":1963,"end_year":null}},{"type":"Feature","geometry":{"type":"Point","coordinates":[9.36459,45.96994]},"properties":{"osm_type":"way","osm_id":86559374,"name":"Cappella Votiva Caduti 89ª Brigata Poletti","religion":"christian","denomination":null,"start_date":"1964","end_date":null,"start_year":1964,"end_year":null}},{"type":"Feature","geometry":{"type":"Point","coordinates":[8.62873,44.9156]},"properties":{"osm_type":"way","osm_id":960023380,"name":"Chiesa del Cuore Immacolato di Maria","religion":"christian","denomination":"roman_catholic","start_date":"1964","end_date":null,"start_year":1964,"end_year":null}},{"type":"Feature","geometry":{"type":"Point","coordinates":[7.81634,44.39061]},"properties":{"osm_type":"way","osm_id":744320162,"name":"Chiesa del Sacro Cuore","religion":"christian","denomination":"catholic","start_date":"1964-04-25","end_date":null,"start_year":1964,"end_year":null}},{"type":"Feature","geometry":{"type":"Point","coordinates":[9.05379,45.41159]},"properties":{"osm_type":"way","osm_id":456788526,"name":"Chiesa di Maria Regina Mundi","religion":"christian","denomination":"roman_catholic","start_date":"1964","end_date":null,"start_year":1964,"end_year":null}},{"type":"Feature","geometry":{"type":"Point","coordinates":[9.1628,45.46264]},"properties":{"osm_type":"way","osm_id":52040581,"name":"Chiesa di San Francesco d'Assisi al Fopponino","religion":"christian","denomination":"catholic","start_date":"1964","end_date":null,"start_year":1964,"end_year":null}},{"type":"Feature","geometry":{"type":"Point","coordinates":[8.55523,44.35881]},"properties":{"osm_type":"way","osm_id":207530095,"name":"Chiesa di San Rocco","religion":"christian","denomination":"catholic","start_date":"1964","end_date":null,"start_year":1964,"end_year":null}},{"type":"Feature","geometry":{"type":"Point","coordinates":[11.42231,46.00821]},"properties":{"osm_type":"way","osm_id":248789175,"name":"chiesa di Sancta Maria ad Nives","religion":"christian","denomination":"catholic","start_date":"1964","end_date":null,"start_year":1964,"end_year":null}},{"type":"Feature","geometry":{"type":"Point","coordinates":[9.26296,45.44328]},"properties":{"osm_type":"way","osm_id":137403962,"name":"Chiesa parrocchiale del Sacro Cuore","religion":"christian","denomination":"roman_catholic","start_date":"1964","end_date":null,"start_year":1964,"end_year":null}},{"type":"Feature","geometry":{"type":"Point","coordinates":[9.15797,45.51433]},"properties":{"osm_type":"way","osm_id":26397803,"name":"Chiesa parrocchiale di San Filippo Neri","religion":"christian","denomination":"roman_catholic","start_date":"1964","end_date":null,"start_year":1964,"end_year":null}},{"type":"Feature","geometry":{"type":"Point","coordinates":[9.20853,45.5941]},"properties":{"osm_type":"way","osm_id":350341772,"name":"Chiesa parrocchiale di San Giuseppe","religion":"christian","denomination":"roman_catholic","start_date":"1964","end_date":null,"start_year":1964,"end_year":null}},{"type":"Feature","geometry":{"type":"Point","coordinates":[11.50501,47.00374]},"properties":{"osm_type":"way","osm_id":141897102,"name":"Pfarrkirche Maria am Wege - Chiesa parrocchiale Madonna della Strada","religion":"christian","denomination":"roman_catholic","start_date":"1964","end_date":null,"start_year":1964,"end_year":null}},{"type":"Feature","geometry":{"type":"Point","coordinates":[10.51874,46.28311]},"properties":{"osm_type":"way","osm_id":712705598,"name":null,"religion":"christian","denomination":"catholic","start_date":"1964","end_date":null,"start_year":1964,"end_year":null}},{"type":"Feature","geometry":{"type":"Point","coordinates":[9.20853,45.4506]},"properties":{"osm_type":"way","osm_id":310671508,"name":"Chiesa dei Santi Angeli Custodi","religion":"christian","denomination":"roman_catholic","start_date":"1965","end_date":null,"start_year":1965,"end_year":null}},{"type":"Feature","geometry":{"type":"Point","coordinates":[11.247,45.33593]},"properties":{"osm_type":"way","osm_id":249861909,"name":"Chiesa della Natività di Maria","religion":"christian","denomination":"roman_catholic","start_date":"1965-10-17","end_date":null,"start_year":1965,"end_year":null}},{"type":"Feature","geometry":{"type":"Point","coordinates":[9.12474,45.47192]},"properties":{"osm_type":"way","osm_id":135579082,"name":"Chiesa di San Giuseppe Calasanzio","religion":"christian","denomination":"catholic","start_date":"1965","end_date":null,"start_year":1965,"end_year":null}},{"type":"Feature","geometry":{"type":"Point","coordinates":[13.19268,45.82696]},"properties":{"osm_type":"way","osm_id":36685168,"name":"Chiesa di Sant'Antonio","religion":"christian","denomination":"catholic","start_date":"1965","end_date":null,"start_year":1965,"end_year":null}},{"type":"Feature","geometry":{"type":"Point","coordinates":[10.40533,43.70776]},"properties":{"osm_type":"way","osm_id":89902123,"name":"Chiesa di Santa Maria delle Grazie","religion":"christian","denomination":"catholic","start_date":"1965","end_date":null,"start_year":1965,"end_year":null}},{"type":"Feature","geometry":{"type":"Point","coordinates":[9.19697,45.53176]},"properties":{"osm_type":"way","osm_id":124355548,"name":"Chiesa parrocchiale della Madonna della Misericordia","religion":"christian","denomination":"roman_catholic","start_date":"1965","end_date":null,"start_year":1965,"end_year":null}},{"type":"Feature","geometry":{"type":"Point","coordinates":[9.15911,45.49376]},"properties":{"osm_type":"way","osm_id":167847545,"name":"Chiesa parrocchiale di San Gaetano","religion":"christian","denomination":"catholic","start_date":"1965","end_date":null,"start_year":1965,"end_year":null}},{"type":"Feature","geometry":{"type":"Point","coordinates":[8.95755,44.4119]},"properties":{"osm_type":"way","osm_id":42784551,"name":"Chiesa parrocchiale di San Giuseppe Benedetto Cottolengo","religion":"christian","denomination":"roman_catholic","start_date":"1965","end_date":null,"start_year":1965,"end_year":null}},{"type":"Feature","geometry":{"type":"Point","coordinates":[7.71131,45.02215]},"properties":{"osm_type":"way","osm_id":858862177,"name":"Sacra Famiglia","religion":"christian","denomination":"catholic","start_date":"1965","end_date":null,"start_year":1965,"end_year":null}},{"type":"Feature","geometry":{"type":"Point","coordinates":[11.23993,43.73977]},"properties":{"osm_type":"way","osm_id":102979682,"name":"Chiesa di San Felice ad Ema","religion":"christian","denomination":"catholic","start_date":"1966","end_date":null,"start_year":1966,"end_year":null}},{"type":"Feature","geometry":{"type":"Point","coordinates":[10.20528,45.72562]},"properties":{"osm_type":"way","osm_id":200220725,"name":"Chiesetta degli Alpini","religion":"christian","denomination":"catholic","start_date":"1966-07-10","end_date":null,"start_year":1966,"end_year":null}},{"type":"Feature","geometry":{"type":"Point","coordinates":[10.74737,42.92675]},"properties":{"osm_type":"way","osm_id":295423028,"name":"Nostra Signora di Lourdes","religion":"christian","denomination":"catholic","start_date":"1966","end_date":null,"start_year":1966,"end_year":null}},{"type":"Feature","geometry":{"type":"Point","coordinates":[7.69537,45.03417]},"properties":{"osm_type":"way","osm_id":772750653,"name":"Santa Maria della Valle","religion":"christian","denomination":"catholic","start_date":"1966","end_date":null,"start_year":1966,"end_year":null}},{"type":"Feature","geometry":{"type":"Point","coordinates":[9.17536,45.47966]},"properties":{"osm_type":"way","osm_id":42303813,"name":"Chiesa della Santissima Trinità","religion":"christian","denomination":"roman_catholic","start_date":"1967","end_date":null,"start_year":1967,"end_year":null}},{"type":"Feature","geometry":{"type":"Point","coordinates":[13.59171,42.85698]},"properties":{"osm_type":"way","osm_id":717382798,"name":"Chiesa di San Marcello","religion":"christian","denomination":"catholic","start_date":"1967-03-18","end_date":null,"start_year":1967,"end_year":null}},{"type":"Feature","geometry":{"type":"Point","coordinates":[14.25868,40.89446]},"properties":{"osm_type":"way","osm_id":1335184772,"name":"Chiesa di Sant'Antonio di Padova a Carbonelli","religion":"christian","denomination":"catholic","start_date":"1967","end_date":null,"start_year":1967,"end_year":null}},{"type":"Feature","geometry":{"type":"Point","coordinates":[13.59304,42.85258]},"properties":{"osm_type":"way","osm_id":718025684,"name":"Chiesa di Santa Maria Goretti","religion":"christian","denomination":"catholic","start_date":"1967-09-30","end_date":null,"start_year":1967,"end_year":null}},{"type":"Feature","geometry":{"type":"Point","coordinates":[9.19128,45.82735]},"properties":{"osm_type":"way","osm_id":370436563,"name":"Chiesetta di Santa Rita","religion":"christian","denomination":"catholic","start_date":"1967","end_date":null,"start_year":1967,"end_year":null}},{"type":"Feature","geometry":{"type":"Point","coordinates":[15.54197,38.19357]},"properties":{"osm_type":"way","osm_id":188174189,"name":"Parrocchia Santa Maria della Consolazione","religion":"christian","denomination":"catholic","start_date":"1967","end_date":null,"start_year":1967,"end_year":null}},{"type":"Feature","geometry":{"type":"Point","coordinates":[13.96412,42.67865]},"properties":{"osm_type":"way","osm_id":1202037794,"name":"Ave Maria","religion":"christian","denomination":null,"start_date":"1968","end_date":null,"start_year":1968,"end_year":null}},{"type":"Feature","geometry":{"type":"Point","coordinates":[12.05396,46.48225]},"properties":{"osm_type":"way","osm_id":200226274,"name":"Cappella di San Giovanni Gualberto","religion":"christian","denomination":"catholic","start_date":"1968","end_date":null,"start_year":1968,"end_year":null}},{"type":"Feature","geometry":{"type":"Point","coordinates":[10.20327,45.94472]},"properties":{"osm_type":"way","osm_id":254926469,"name":"Cappella di Santa Barbara","religion":"christian","denomination":"catholic","start_date":"1968","end_date":null,"start_year":1968,"end_year":null}},{"type":"Feature","geometry":{"type":"Point","coordinates":[9.17161,45.49801]},"properties":{"osm_type":"way","osm_id":207069973,"name":"Chiesa dei Santi Giovanni e Paolo","religion":"christian","denomination":"roman_catholic","start_date":"1968","end_date":null,"start_year":1968,"end_year":null}},{"type":"Feature","geometry":{"type":"Point","coordinates":[9.26642,45.58732]},"properties":{"osm_type":"way","osm_id":31140772,"name":"Chiesa di San Biagio","religion":"christian","denomination":"catholic","start_date":"1968","end_date":null,"start_year":1968,"end_year":null}},{"type":"Feature","geometry":{"type":"Point","coordinates":[9.16215,45.43088]},"properties":{"osm_type":"way","osm_id":191792195,"name":"Chiesa di San Giovanni Bono","religion":"christian","denomination":"catholic","start_date":"1968","end_date":null,"start_year":1968,"end_year":null}},{"type":"Feature","geometry":{"type":"Point","coordinates":[9.17402,45.42749]},"properties":{"osm_type":"way","osm_id":217338341,"name":"Chiesa di Sant'Antonio Maria Zaccaria","religion":"christian","denomination":"catholic","start_date":"1968","end_date":null,"start_year":1968,"end_year":null}},{"type":"Feature","geometry":{"type":"Point","coordinates":[9.53448,45.93322]},"properties":{"osm_type":"way","osm_id":42960393,"name":"Chiesa Maria Santissima Madre della Chiesa","religion":"christian","denomination":"catholic","start_date":"1968","end_date":null,"start_year":1968,"end_year":null}},{"type":"Feature","geometry":{"type":"Point","coordinates":[11.39265,46.49394]},"properties":{"osm_type":"way","osm_id":171896406,"name":"Pfarrkirche - Chiesa parrochiale","religion":"christian","denomination":"roman_catholic","start_date":"1968","end_date":null,"start_year":1968,"end_year":null}},{"type":"Feature","geometry":{"type":"Point","coordinates":[9.49525,45.96135]},"properties":{"osm_type":"way","osm_id":86352706,"name":"Chiesa della Regina dei Monti e delle Funivie","religion":"christian","denomination":"catholic","start_date":"1969","end_date":null,"start_year":1969,"end_year":null}},{"type":"Feature","geometry":{"type":"Point","coordinates":[16.46264,39.71286]},"properties":{"osm_type":"way","osm_id":1385743129,"name":"Chiesa di San Raffaele Arcangelo","religion":"christian","denomination":"catholic","start_date":"1969","end_date":null,"start_year":1969,"end_year":null}},{"type":"Feature","geometry":{"type":"Point","coordinates":[9.10379,45.83948]},"properties":{"osm_type":"way","osm_id":254749543,"name":"Chiesa parrocchiale di San Francesco","religion":"christian","denomination":"catholic","start_date":"1969","end_date":null,"start_year":1969,"end_year":null}},{"type":"Feature","geometry":{"type":"Point","coordinates":[8.88368,45.5155]},"properties":{"osm_type":"way","osm_id":1049724670,"name":"Chiesa parrocchiale di Santa Maria Nascente","religion":"christian","denomination":"roman_catholic","start_date":"1969","end_date":null,"start_year":1969,"end_year":null}},{"type":"Feature","geometry":{"type":"Point","coordinates":[13.8908,42.92099]},"properties":{"osm_type":"node","osm_id":6698569749,"name":"Parrocchia Sacra Famiglia","religion":"christian","denomination":"catholic","start_date":"1969","end_date":null,"start_year":1969,"end_year":null}},{"type":"Feature","geometry":{"type":"Point","coordinates":[7.14818,45.2706]},"properties":{"osm_type":"way","osm_id":378037762,"name":"Pilone di San Camillo","religion":"christian","denomination":"catholic","start_date":"1969","end_date":null,"start_year":1969,"end_year":null}},{"type":"Feature","geometry":{"type":"Point","coordinates":[12.92389,42.27248]},"properties":{"osm_type":"way","osm_id":513382526,"name":"Chiesa dei Santi Agapito e Giustino","religion":"christian","denomination":"catholic","start_date":"1970","end_date":null,"start_year":1970,"end_year":null}},{"type":"Feature","geometry":{"type":"Point","coordinates":[7.54131,44.37973]},"properties":{"osm_type":"way","osm_id":241088889,"name":"Chiesa del Cuore Immacolato di Maria","religion":"christian","denomination":"catholic","start_date":"1970","end_date":null,"start_year":1970,"end_year":null}},{"type":"Feature","geometry":{"type":"Point","coordinates":[9.29485,45.43803]},"properties":{"osm_type":"way","osm_id":364937852,"name":"Chiesa del Cuore Immacolato di Maria","religion":"christian","denomination":"roman_catholic","start_date":"1970s","end_date":null,"start_year":1970,"end_year":null}},{"type":"Feature","geometry":{"type":"Point","coordinates":[13.23316,43.51226]},"properties":{"osm_type":"way","osm_id":1116587252,"name":"Chiesa del Divino Amore","religion":"christian","denomination":"roman_catholic","start_date":"1970-12-19","end_date":null,"start_year":1970,"end_year":null}},{"type":"Feature","geometry":{"type":"Point","coordinates":[9.18997,45.52893]},"properties":{"osm_type":"way","osm_id":124266885,"name":"Chiesa di San Francesco","religion":"christian","denomination":"roman_catholic","start_date":"1970","end_date":null,"start_year":1970,"end_year":null}},{"type":"Feature","geometry":{"type":"Point","coordinates":[12.58146,41.86591]},"properties":{"osm_type":"way","osm_id":442182893,"name":"Chiesa di Santa Maria Regina Mundi","religion":"christian","denomination":"roman_catholic","start_date":"1970","end_date":null,"start_year":1970,"end_year":null}},{"type":"Feature","geometry":{"type":"Point","coordinates":[13.96055,42.64439]},"properties":{"osm_type":"way","osm_id":1041950171,"name":"Chiesa nuova di Santa Lucia","religion":"christian","denomination":null,"start_date":"1970-12-25","end_date":null,"start_year":1970,"end_year":null}},{"type":"Feature","geometry":{"type":"Point","coordinates":[8.89617,45.58356]},"properties":{"osm_type":"way","osm_id":310670930,"name":"Chiesa parrocchiale di San Paolo","religion":"christian","denomination":"catholic","start_date":"1970","end_date":null,"start_year":1970,"end_year":null}},{"type":"Feature","geometry":{"type":"Point","coordinates":[17.27045,40.46183]},"properties":{"osm_type":"way","osm_id":397709744,"name":"Concattedrale Gran Madre di Dio","religion":"christian","denomination":"catholic","start_date":"1970","end_date":null,"start_year":1970,"end_year":null}},{"type":"Feature","geometry":{"type":"Point","coordinates":[13.78296,45.62982]},"properties":{"osm_type":"way","osm_id":36684645,"name":"Chiesa cattolica parrocchiale San Gerolamo","religion":"christian","denomination":"catholic","start_date":"1971-12-12","end_date":null,"start_year":1971,"end_year":null}},{"type":"Feature","geometry":{"type":"Point","coordinates":[9.20721,45.45599]},"properties":{"osm_type":"way","osm_id":45546004,"name":"Chiesa dei Santi Silvestro e Martino","religion":"christian","denomination":"catholic","start_date":"1971","end_date":null,"start_year":1971,"end_year":null}},{"type":"Feature","geometry":{"type":"Point","coordinates":[8.87084,45.75567]},"properties":{"osm_type":"way","osm_id":228752898,"name":"Chiesa della Beata Vergine del Rosario","religion":"christian","denomination":"catholic","start_date":"1971","end_date":null,"start_year":1971,"end_year":null}},{"type":"Feature","geometry":{"type":"Point","coordinates":[8.85633,45.66749]},"properties":{"osm_type":"way","osm_id":42717926,"name":"Chiesa di Santa Maria Assunta","religion":"christian","denomination":"catholic","start_date":"1971","end_date":null,"start_year":1971,"end_year":null}},{"type":"Feature","geometry":{"type":"Point","coordinates":[9.19389,45.54138]},"properties":{"osm_type":"way","osm_id":27677499,"name":"Chiesa parrocchiale di San Carlo","religion":"christian","denomination":"roman_catholic","start_date":"1971","end_date":null,"start_year":1971,"end_year":null}},{"type":"Feature","geometry":{"type":"Point","coordinates":[10.8992,43.93102]},"properties":{"osm_type":"way","osm_id":252342246,"name":"Santa Maria Maggiore","religion":"christian","denomination":"catholic","start_date":"1971","end_date":null,"start_year":1971,"end_year":null}},{"type":"Feature","geometry":{"type":"Point","coordinates":[14.20223,42.45867]},"properties":{"osm_type":"way","osm_id":954227804,"name":"Chiesa Madonna Assunta e San Luigi Orione","religion":"christian","denomination":null,"start_date":"1972","end_date":null,"start_year":1972,"end_year":null}},{"type":"Feature","geometry":{"type":"Point","coordinates":[10.40608,45.58507]},"properties":{"osm_type":"way","osm_id":145112920,"name":"Chiesetta degli Alpini","religion":"christian","denomination":"catholic","start_date":"1972","end_date":null,"start_year":1972,"end_year":null}},{"type":"Feature","geometry":{"type":"Point","coordinates":[10.85969,45.88518]},"properties":{"osm_type":"way","osm_id":60878043,"name":"Santi Pietro e Paolo","religion":"christian","denomination":"roman_catholic","start_date":"1972","end_date":null,"start_year":1972,"end_year":null}},{"type":"Feature","geometry":{"type":"Point","coordinates":[13.92899,42.05178]},"properties":{"osm_type":"way","osm_id":1246957401,"name":"Chiesa di Cristo Re","religion":"christian","denomination":"catholic","start_date":"1973","end_date":null,"start_year":1973,"end_year":null}},{"type":"Feature","geometry":{"type":"Point","coordinates":[10.17835,45.59214]},"properties":{"osm_type":"way","osm_id":204404632,"name":"Chiesetta Alpina","religion":"christian","denomination":"catholic","start_date":"1973","end_date":null,"start_year":1973,"end_year":null}},{"type":"Feature","geometry":{"type":"Point","coordinates":[13.71425,42.86018]},"properties":{"osm_type":"way","osm_id":1310956267,"name":"Chiesa di Sant'Antonio di Padova","religion":"christian","denomination":"catholic","start_date":"1974-10-25","end_date":null,"start_year":1974,"end_year":null}},{"type":"Feature","geometry":{"type":"Point","coordinates":[14.22003,40.86341]},"properties":{"osm_type":"way","osm_id":310138165,"name":"Chiesa di Santa Maria di Costantinopoli","religion":"christian","denomination":null,"start_date":"1974","end_date":null,"start_year":1974,"end_year":null}},{"type":"Feature","geometry":{"type":"Point","coordinates":[17.11356,39.08465]},"properties":{"osm_type":"way","osm_id":88823769,"name":"Santissimo Salvatore","religion":"christian","denomination":"catholic","start_date":"1974","end_date":null,"start_year":1974,"end_year":null}},{"type":"Feature","geometry":{"type":"Point","coordinates":[9.82757,44.10832]},"properties":{"osm_type":"way","osm_id":205837080,"name":"Cattedrale di Cristo Re","religion":"christian","denomination":"catholic","start_date":"1975","end_date":null,"start_year":1975,"end_year":null}},{"type":"Feature","geometry":{"type":"Point","coordinates":[9.19904,45.17634]},"properties":{"osm_type":"way","osm_id":149300905,"name":"Chiesa di San Carlo Borromeo","religion":"christian","denomination":"roman_catholic","start_date":"1975","end_date":null,"start_year":1975,"end_year":null}},{"type":"Feature","geometry":{"type":"Point","coordinates":[9.26187,45.57178]},"properties":{"osm_type":"way","osm_id":31140716,"name":"Chiesa di San Giuseppe","religion":"christian","denomination":"catholic","start_date":"1975","end_date":null,"start_year":1975,"end_year":null}},{"type":"Feature","geometry":{"type":"Point","coordinates":[9.1784,45.1933]},"properties":{"osm_type":"way","osm_id":149289822,"name":"Chiesa di Sant'Alessandro Sauli","religion":"christian","denomination":"catholic","start_date":"1975","end_date":null,"start_year":1975,"end_year":null}},{"type":"Feature","geometry":{"type":"Point","coordinates":[12.51691,46.10616]},"properties":{"osm_type":"way","osm_id":36687076,"name":"Chiesa di Santa Maria Ausiliatrice","religion":"christian","denomination":"catholic","start_date":"1975","end_date":null,"start_year":1975,"end_year":null}},{"type":"Feature","geometry":{"type":"Point","coordinates":[10.40588,45.8008]},"properties":{"osm_type":"way","osm_id":197456961,"name":"Chiesetta Alpina di Cima Caldoline","religion":"christian","denomination":"catholic","start_date":"1975-07-06","end_date":null,"start_year":1975,"end_year":null}},{"type":"Feature","geometry":{"type":"Point","coordinates":[17.1208,39.07537]},"properties":{"osm_type":"way","osm_id":110021604,"name":"Santa Rita","religion":"christian","denomination":"catholic","start_date":"1975","end_date":null,"start_year":1975,"end_year":null}},{"type":"Feature","geometry":{"type":"Point","coordinates":[7.53337,44.38064]},"properties":{"osm_type":"way","osm_id":281831511,"name":"Chiesa di San Giovanni Bosco","religion":"christian","denomination":"catholic","start_date":"1976","end_date":null,"start_year":1976,"end_year":null}},{"type":"Feature","geometry":{"type":"Point","coordinates":[13.42617,43.61743]},"properties":{"osm_type":"way","osm_id":1354306537,"name":"Chiesa di San Marcellino","religion":"christian","denomination":"roman_catholic","start_date":"1976-12-18","end_date":null,"start_year":1976,"end_year":null}},{"type":"Feature","geometry":{"type":"Point","coordinates":[9.1911,45.58523]},"properties":{"osm_type":"way","osm_id":445338029,"name":"Chiesa parrocchiale della Beata Vergine Assunta","religion":"christian","denomination":"roman_catholic","start_date":"1976","end_date":null,"start_year":1976,"end_year":null}},{"type":"Feature","geometry":{"type":"Point","coordinates":[14.21365,37.08096]},"properties":{"osm_type":"way","osm_id":183455260,"name":"Parrocchia San Giovanni Evangelista","religion":"christian","denomination":"roman_catholic","start_date":"1976","end_date":null,"start_year":1976,"end_year":null}},{"type":"Feature","geometry":{"type":"Point","coordinates":[9.22748,46.00136]},"properties":{"osm_type":"way","osm_id":108796368,"name":"Cappelletta degli Alpini","religion":"christian","denomination":null,"start_date":"1977","end_date":null,"start_year":1977,"end_year":null}},{"type":"Feature","geometry":{"type":"Point","coordinates":[11.1985,45.71366]},"properties":{"osm_type":"way","osm_id":860680401,"name":"Chiesa Parrocchiale","religion":"christian","denomination":"catholic","start_date":"1977","end_date":null,"start_year":1977,"end_year":null}},{"type":"Feature","geometry":{"type":"Point","coordinates":[13.19666,43.68653]},"properties":{"osm_type":"way","osm_id":311281952,"name":"Madonna del Rosario","religion":"christian","denomination":"catholic","start_date":"1977","end_date":null,"start_year":1977,"end_year":null}},{"type":"Feature","geometry":{"type":"Point","coordinates":[10.26135,45.66865]},"properties":{"osm_type":"way","osm_id":188986728,"name":"Santuario di Santa Barbara","religion":"christian","denomination":"catholic","start_date":"1977-06-26","end_date":null,"start_year":1977,"end_year":null}},{"type":"Feature","geometry":{"type":"Point","coordinates":[9.10827,45.42112]},"properties":{"osm_type":"way","osm_id":398892600,"name":"Chiesa parrocchiale dei Santi Gervaso e Protaso","religion":"christian","denomination":"roman_catholic","start_date":"1978","end_date":null,"start_year":1978,"end_year":null}},{"type":"Feature","geometry":{"type":"Point","coordinates":[10.25275,45.67546]},"properties":{"osm_type":"way","osm_id":188083961,"name":"Chiesetta della Madonna al Campo di Gallo","religion":"christian","denomination":"catholic","start_date":"1978","end_date":null,"start_year":1978,"end_year":null}},{"type":"Feature","geometry":{"type":"Point","coordinates":[12.57407,42.94583]},"properties":{"osm_type":"way","osm_id":717509751,"name":null,"religion":"christian","denomination":"catholic","start_date":"1978","end_date":null,"start_year":1978,"end_year":null}},{"type":"Feature","geometry":{"type":"Point","coordinates":[13.28918,43.67494]},"properties":{"osm_type":"way","osm_id":252758156,"name":"Sant'Antonio di Padova","religion":"christian","denomination":"catholic","start_date":"1979-09-23","end_date":null,"start_year":1979,"end_year":null}},{"type":"Feature","geometry":{"type":"Point","coordinates":[11.02932,43.90435]},"properties":{"osm_type":"way","osm_id":395418920,"name":"Santa Maria Madre della Chiesa","religion":"christian","denomination":"catholic","start_date":"1979","end_date":null,"start_year":1979,"end_year":null}},{"type":"Feature","geometry":{"type":"Point","coordinates":[10.41456,43.72013]},"properties":{"osm_type":"way","osm_id":184568602,"name":"Chiesa di Santa Maria Madre della Chiesa","religion":"christian","denomination":"catholic","start_date":"1980","end_date":null,"start_year":1980,"end_year":null}},{"type":"Feature","geometry":{"type":"Point","coordinates":[9.1376,45.48654]},"properties":{"osm_type":"way","osm_id":49947480,"name":"Chiesa parrocchiale di Santa Maria Nascente","religion":"christian","denomination":"roman_catholic","start_date":"1980-05-31","end_date":null,"start_year":1980,"end_year":null}},{"type":"Feature","geometry":{"type":"Point","coordinates":[9.61104,45.31722]},"properties":{"osm_type":"way","osm_id":274032329,"name":"Santuario della Madonna delle Fontane","religion":"christian","denomination":"catholic","start_date":"1980","end_date":null,"start_year":1980,"end_year":null}},{"type":"Feature","geometry":{"type":"Point","coordinates":[8.94641,45.78899]},"properties":{"osm_type":"way","osm_id":468739812,"name":"Chiesa della visitazione della Beata Vergine Maria a Santa Elisabetta","religion":"christian","denomination":"catholic","start_date":"19/9/1981","end_date":null,"start_year":1981,"end_year":null}},{"type":"Feature","geometry":{"type":"Point","coordinates":[9.13774,45.51991]},"properties":{"osm_type":"way","osm_id":31010964,"name":"Chiesa parrocchiale della Resurrezione di Nostro Signore Gesù Cristo","religion":"christian","denomination":"roman_catholic","start_date":"1981","end_date":null,"start_year":1981,"end_year":null}},{"type":"Feature","geometry":{"type":"Point","coordinates":[9.07658,45.55604]},"properties":{"osm_type":"way","osm_id":422386296,"name":"Chiesa parrocchiale di Maria Aiuto dei Cristiani","religion":"christian","denomination":"roman_catholic","start_date":"1981-12-13","end_date":null,"start_year":1981,"end_year":null}},{"type":"Feature","geometry":{"type":"Point","coordinates":[12.55615,41.88119]},"properties":{"osm_type":"way","osm_id":224834965,"name":"Chiesa di San Gerardo Maiella","religion":"christian","denomination":"roman_catholic","start_date":"1982","end_date":null,"start_year":1982,"end_year":null}},{"type":"Feature","geometry":{"type":"Point","coordinates":[9.10931,45.43831]},"properties":{"osm_type":"way","osm_id":398835703,"name":"Chiesa parrocchiale di Sant'Antonio di Padova","religion":"christian","denomination":"roman_catholic","start_date":"1982","end_date":null,"start_year":1982,"end_year":null}},{"type":"Feature","geometry":{"type":"Point","coordinates":[9.15227,45.58329]},"properties":{"osm_type":"way","osm_id":466222018,"name":"Chiesa della Madonna del Rosario e San Giovanni Bosco","religion":"christian","denomination":"roman_catholic","start_date":"1983","end_date":null,"start_year":1983,"end_year":null}},{"type":"Feature","geometry":{"type":"Point","coordinates":[8.6811,45.86863]},"properties":{"osm_type":"way","osm_id":1088156994,"name":"Chiesa di Sant'Antonio di Padova","religion":"christian","denomination":"roman_catholic","start_date":"1983","end_date":null,"start_year":1983,"end_year":null}},{"type":"Feature","geometry":{"type":"Point","coordinates":[12.30115,46.26834]},"properties":{"osm_type":"way","osm_id":100964673,"name":"Chiesa di Santa Maria Immacolata","religion":"christian","denomination":"roman_catholic","start_date":"1983","end_date":null,"start_year":1983,"end_year":null}},{"type":"Feature","geometry":{"type":"Point","coordinates":[15.66274,38.15285]},"properties":{"osm_type":"way","osm_id":443505686,"name":"Chiesa di Santo Stefano da Nicea","religion":"christian","denomination":"catholic","start_date":"1983","end_date":null,"start_year":1983,"end_year":null}},{"type":"Feature","geometry":{"type":"Point","coordinates":[8.43276,45.31561]},"properties":{"osm_type":"way","osm_id":58152285,"name":"Chiesa Parrocchiale dello Spirito Santo","religion":"christian","denomination":"catholic","start_date":"1983","end_date":null,"start_year":1983,"end_year":null}},{"type":"Feature","geometry":{"type":"Point","coordinates":[11.42025,45.63902]},"properties":{"osm_type":"node","osm_id":5160926885,"name":"Capitello alla Regina del S. Rosario","religion":"christian","denomination":null,"start_date":"1984","end_date":null,"start_year":1984,"end_year":null}},{"type":"Feature","geometry":{"type":"Point","coordinates":[8.61272,45.43105]},"properties":{"osm_type":"way","osm_id":369261773,"name":"Chiesa di San Francesco","religion":"christian","denomination":"roman_catholic","start_date":"1984","end_date":null,"start_year":1984,"end_year":null}},{"type":"Feature","geometry":{"type":"Point","coordinates":[13.4783,42.88961]},"properties":{"osm_type":"way","osm_id":788501738,"name":"Chiesa di Sant'Antonio dei Guai","religion":"christian","denomination":"catholic","start_date":"1985","end_date":null,"start_year":1985,"end_year":null}},{"type":"Feature","geometry":{"type":"Point","coordinates":[15.23127,38.15198]},"properties":{"osm_type":"way","osm_id":1326200081,"name":"Chiesa di Santa Maria dell'Itria","religion":"christian","denomination":"catholic","start_date":"1985","end_date":null,"start_year":1985,"end_year":null}},{"type":"Feature","geometry":{"type":"Point","coordinates":[9.75377,45.78919]},"properties":{"osm_type":"way","osm_id":200508025,"name":"Chiesa di Santa Maria della Salute","religion":"christian","denomination":"catholic","start_date":"1985","end_date":null,"start_year":1985,"end_year":null}},{"type":"Feature","geometry":{"type":"Point","coordinates":[13.62024,42.84884]},"properties":{"osm_type":"way","osm_id":412756644,"name":"Chiesa dei Santi Simone e Giuda","religion":"christian","denomination":"catholic","start_date":"1986-05-04","end_date":null,"start_year":1986,"end_year":null}},{"type":"Feature","geometry":{"type":"Point","coordinates":[10.15384,45.84068]},"properties":{"osm_type":"way","osm_id":501501571,"name":"Chiesetta degli Alpini di Pian Camuno","religion":"christian","denomination":"catholic","start_date":"1986-06-04","end_date":null,"start_year":1986,"end_year":null}},{"type":"Feature","geometry":{"type":"Point","coordinates":[13.76465,37.91393]},"properties":{"osm_type":"way","osm_id":441770260,"name":"Nuova chiesa di Sant'Anna","religion":"christian","denomination":"roman_catholic","start_date":"1986","end_date":null,"start_year":1986,"end_year":null}},{"type":"Feature","geometry":{"type":"Point","coordinates":[9.17229,45.18907]},"properties":{"osm_type":"way","osm_id":149285308,"name":"Spirito Santo","religion":"christian","denomination":"roman_catholic","start_date":"1986","end_date":null,"start_year":1986,"end_year":null}},{"type":"Feature","geometry":{"type":"Point","coordinates":[10.25557,45.66001]},"properties":{"osm_type":"way","osm_id":759860293,"name":"Cappella di Sant'Uberto","religion":"christian","denomination":"catholic","start_date":"1987-03-21","end_date":null,"start_year":1987,"end_year":null}},{"type":"Feature","geometry":{"type":"Point","coordinates":[8.68232,45.69204]},"properties":{"osm_type":"way","osm_id":224540588,"name":"Madonna di Monte Berico","religion":"christian","denomination":"roman_catholic","start_date":"1987-07-04","end_date":null,"start_year":1987,"end_year":null}},{"type":"Feature","geometry":{"type":"Point","coordinates":[9.08628,45.56886]},"properties":{"osm_type":"way","osm_id":135456571,"name":"Chiesa parrocchiale di San Giovanni Battista","religion":"christian","denomination":"roman_catholic","start_date":"1989","end_date":null,"start_year":1989,"end_year":null}},{"type":"Feature","geometry":{"type":"Point","coordinates":[8.49584,44.47913]},"properties":{"osm_type":"way","osm_id":350237434,"name":"Beata Chiara Luce Badano","religion":"christian","denomination":"catholic","start_date":"1990","end_date":null,"start_year":1990,"end_year":null}},{"type":"Feature","geometry":{"type":"Point","coordinates":[15.09758,37.65908]},"properties":{"osm_type":"way","osm_id":45326581,"name":"Chiesa di Maria Santissima del Rosario","religion":"christian","denomination":"roman_catholic","start_date":"1990","end_date":null,"start_year":1990,"end_year":null}},{"type":"Feature","geometry":{"type":"Point","coordinates":[13.58701,45.78043]},"properties":{"osm_type":"way","osm_id":36684658,"name":"Chiesa di San Marco Evangelista / Cerkev Svetega Marka","religion":"christian","denomination":"catholic","start_date":"1990-05-20","end_date":null,"start_year":1990,"end_year":null}},{"type":"Feature","geometry":{"type":"Point","coordinates":[9.10008,45.20498]},"properties":{"osm_type":"way","osm_id":552868192,"name":"Chiesa di Santa Rita da Cascia","religion":"christian","denomination":"roman_catholic","start_date":"1990","end_date":null,"start_year":1990,"end_year":null}},{"type":"Feature","geometry":{"type":"Point","coordinates":[9.09065,45.34065]},"properties":{"osm_type":"way","osm_id":59835735,"name":"Chiesa parrocchiale dello Spirito Santo","religion":"christian","denomination":"roman_catholic","start_date":"1990","end_date":null,"start_year":1990,"end_year":null}},{"type":"Feature","geometry":{"type":"Point","coordinates":[8.88578,45.59712]},"properties":{"osm_type":"way","osm_id":264001259,"name":"Chiesa del Beato Cardinale Ferrari","religion":"christian","denomination":"catholic","start_date":"1991","end_date":null,"start_year":1991,"end_year":null}},{"type":"Feature","geometry":{"type":"Point","coordinates":[12.53992,41.87639]},"properties":{"osm_type":"way","osm_id":240248083,"name":"Chiesa di Santa Giulia Billiart","religion":"christian","denomination":"catholic","start_date":"1991","end_date":null,"start_year":1991,"end_year":null}},{"type":"Feature","geometry":{"type":"Point","coordinates":[12.33324,44.10412]},"properties":{"osm_type":"way","osm_id":185213253,"name":"Santa Cleofa","religion":"christian","denomination":"catholic","start_date":"1991","end_date":null,"start_year":1991,"end_year":null}},{"type":"Feature","geometry":{"type":"Point","coordinates":[9.13128,45.40908]},"properties":{"osm_type":"way","osm_id":396794677,"name":"Chiesa parrocchiale della Beata Vergine Maria","religion":"christian","denomination":"catholic","start_date":"1992","end_date":null,"start_year":1992,"end_year":null}},{"type":"Feature","geometry":{"type":"Point","coordinates":[11.98114,46.99596]},"properties":{"osm_type":"way","osm_id":136325686,"name":"Pfarrkirche Steinhaus - Chiesa parrochiale di Cadipietra","religion":"christian","denomination":"roman_catholic","start_date":"1992","end_date":null,"start_year":1992,"end_year":null}},{"type":"Feature","geometry":{"type":"Point","coordinates":[11.97503,46.55563]},"properties":{"osm_type":"way","osm_id":229003443,"name":"Capela de Sciarè - Sass Dlacia Kapelle - Capella Sass Dlacia","religion":"christian","denomination":"roman_catholic","start_date":"1993","end_date":null,"start_year":1993,"end_year":null}},{"type":"Feature","geometry":{"type":"Point","coordinates":[14.18195,42.48594]},"properties":{"osm_type":"way","osm_id":903767634,"name":"Chiesa di Gesù Bambino","religion":"christian","denomination":null,"start_date":"1993","end_date":null,"start_year":1993,"end_year":null}},{"type":"Feature","geometry":{"type":"Point","coordinates":[13.26212,46.07528]},"properties":{"osm_type":"way","osm_id":36152677,"name":"Chiesa di Gesù Buon Pastore","religion":"christian","denomination":"catholic","start_date":"1993","end_date":null,"start_year":1993,"end_year":null}},{"type":"Feature","geometry":{"type":"Point","coordinates":[14.80792,37.86022]},"properties":{"osm_type":"way","osm_id":521604491,"name":"Chiesa di San Sebastiano","religion":"christian","denomination":"roman_catholic","start_date":"1993-08-07","end_date":null,"start_year":1993,"end_year":null}},{"type":"Feature","geometry":{"type":"Point","coordinates":[9.02175,45.55568]},"properties":{"osm_type":"way","osm_id":1080118258,"name":"Chiesa parrocchiale di San Francesco d'Assisi","religion":"christian","denomination":"roman_catholic","start_date":"1994","end_date":null,"start_year":1994,"end_year":null}},{"type":"Feature","geometry":{"type":"Point","coordinates":[13.493,46.13075]},"properties":{"osm_type":"way","osm_id":36686117,"name":null,"religion":"christian","denomination":"catholic","start_date":"1994","end_date":null,"start_year":1994,"end_year":null}},{"type":"Feature","geometry":{"type":"Point","coordinates":[13.5905,43.4534]},"properties":{"osm_type":"node","osm_id":364432482,"name":"Chiesa della Madonna di Loreto all'Acquaviva","religion":"christian","denomination":"catholic","start_date":"1995-06-25","end_date":null,"start_year":1995,"end_year":null}},{"type":"Feature","geometry":{"type":"Point","coordinates":[14.49277,40.71039]},"properties":{"osm_type":"way","osm_id":734518350,"name":"Parrocchia Gesù Buon Pastore","religion":"christian","denomination":"roman_catholic","start_date":"1995","end_date":null,"start_year":1995,"end_year":null}},{"type":"Feature","geometry":{"type":"Point","coordinates":[9.07154,45.56551]},"properties":{"osm_type":"way","osm_id":135440487,"name":"Chiesa parrocchiale del Beato Ildefonso Schuster","religion":"christian","denomination":"roman_catholic","start_date":"1996","end_date":null,"start_year":1996,"end_year":null}},{"type":"Feature","geometry":{"type":"Point","coordinates":[9.28406,45.55023]},"properties":{"osm_type":"way","osm_id":71364192,"name":"Chiesa parrocchiale di San Carlo","religion":"christian","denomination":"roman_catholic","start_date":"1996","end_date":null,"start_year":1996,"end_year":null}},{"type":"Feature","geometry":{"type":"Point","coordinates":[8.49076,46.17572]},"properties":{"osm_type":"way","osm_id":1163810519,"name":null,"religion":"christian","denomination":"catholic","start_date":"1996","end_date":null,"start_year":1996,"end_year":null}},{"type":"Feature","geometry":{"type":"Point","coordinates":[14.34968,41.06519]},"properties":{"osm_type":"way","osm_id":1009108086,"name":"Cappella di San Giovanni","religion":"christian","denomination":"catholic","start_date":"1997","end_date":null,"start_year":1997,"end_year":null}},{"type":"Feature","geometry":{"type":"Point","coordinates":[9.54909,45.41448]},"properties":{"osm_type":"way","osm_id":279334181,"name":"Santuario di Santa Maria dell'Apparizione","religion":"christian","denomination":"catholic","start_date":"1997","end_date":null,"start_year":1997,"end_year":null}},{"type":"Feature","geometry":{"type":"Point","coordinates":[9.33737,45.82739]},"properties":{"osm_type":"way","osm_id":331605384,"name":"Chiesa della Madonna di Fatima","religion":"christian","denomination":"catholic","start_date":"1998","end_date":null,"start_year":1998,"end_year":null}},{"type":"Feature","geometry":{"type":"Point","coordinates":[10.3672,45.91509]},"properties":{"osm_type":"way","osm_id":498017221,"name":"Chiesa di San Giacomo Apostolo","religion":"christian","denomination":"catholic","start_date":"1998-08-16","end_date":null,"start_year":1998,"end_year":null}},{"type":"Feature","geometry":{"type":"Point","coordinates":[13.5071,38.08505]},"properties":{"osm_type":"way","osm_id":72120705,"name":"San Pietro Apostolo","religion":"christian","denomination":"catholic","start_date":"1998","end_date":null,"start_year":1998,"end_year":null}},{"type":"Feature","geometry":{"type":"Point","coordinates":[10.32652,43.50232]},"properties":{"osm_type":"way","osm_id":201836192,"name":"Santa Lucia","religion":"christian","denomination":"roman_catholic","start_date":"1998-10-24","end_date":null,"start_year":1998,"end_year":null}},{"type":"Feature","geometry":{"type":"Point","coordinates":[7.43626,44.38818]},"properties":{"osm_type":"node","osm_id":8595684687,"name":"Cappella Don Dalmasso","religion":"christian","denomination":"catholic","start_date":"1999","end_date":null,"start_year":1999,"end_year":null}},{"type":"Feature","geometry":{"type":"Point","coordinates":[9.10705,45.49871]},"properties":{"osm_type":"way","osm_id":328657264,"name":"Chiesa parrocchiale di Sant'Ambrogio ad Urbem","religion":"christian","denomination":"roman_catholic","start_date":"1999","end_date":null,"start_year":1999,"end_year":null}},{"type":"Feature","geometry":{"type":"Point","coordinates":[8.50157,44.3272]},"properties":{"osm_type":"node","osm_id":5052686919,"name":"Madonnetta","religion":"christian","denomination":"catholic","start_date":"1999","end_date":null,"start_year":1999,"end_year":null}},{"type":"Feature","geometry":{"type":"Point","coordinates":[10.28084,45.66569]},"properties":{"osm_type":"node","osm_id":5226654639,"name":null,"religion":"christian","denomination":"catholic","start_date":"1999-08-24","end_date":null,"start_year":1999,"end_year":null}},{"type":"Feature","geometry":{"type":"Point","coordinates":[11.39336,45.89724]},"properties":{"osm_type":"way","osm_id":241170041,"name":"Chiesetta di San Francesco","religion":"christian","denomination":null,"start_date":"2001-09-09","end_date":null,"start_year":2001,"end_year":null}},{"type":"Feature","geometry":{"type":"Point","coordinates":[8.59654,39.91184]},"properties":{"osm_type":"way","osm_id":279199017,"name":"Chiesa di San Paolo Apostolo","religion":"christian","denomination":"evangelical","start_date":"2002","end_date":null,"start_year":2002,"end_year":null}},{"type":"Feature","geometry":{"type":"Point","coordinates":[9.66729,45.97992]},"properties":{"osm_type":"way","osm_id":489505812,"name":null,"religion":"christian","denomination":"catholic","start_date":"2002","end_date":null,"start_year":2002,"end_year":null}},{"type":"Feature","geometry":{"type":"Point","coordinates":[13.10127,45.65613]},"properties":{"osm_type":"way","osm_id":36684756,"name":"Chiesa dei Santi Ermacora e Fortunato","religion":"christian","denomination":"roman_catholic","start_date":"2003","end_date":null,"start_year":2003,"end_year":null}},{"type":"Feature","geometry":{"type":"Point","coordinates":[11.80524,46.54951]},"properties":{"osm_type":"way","osm_id":237016903,"name":"San Mauriz","religion":"christian","denomination":"roman_catholic","start_date":"2003","end_date":null,"start_year":2003,"end_year":null}},{"type":"Feature","geometry":{"type":"Point","coordinates":[18.2528,39.83959]},"properties":{"osm_type":"way","osm_id":380079059,"name":"Chiesa del Beato Giovanni XXIII","religion":"christian","denomination":"roman_catholic","start_date":"2004","end_date":null,"start_year":2004,"end_year":null}},{"type":"Feature","geometry":{"type":"Point","coordinates":[14.12315,42.41652]},"properties":{"osm_type":"way","osm_id":1051292674,"name":"Chiesa di San Giacomo","religion":"christian","denomination":null,"start_date":"2004","end_date":null,"start_year":2004,"end_year":null}},{"type":"Feature","geometry":{"type":"Point","coordinates":[13.50993,38.07487]},"properties":{"osm_type":"way","osm_id":72220267,"name":"Maria Santissima del Carmelo","religion":"christian","denomination":"catholic","start_date":"2004","end_date":null,"start_year":2004,"end_year":null}},{"type":"Feature","geometry":{"type":"Point","coordinates":[8.37631,45.93489]},"properties":{"osm_type":"node","osm_id":11446046313,"name":null,"religion":"christian","denomination":"catholic","start_date":"2004","end_date":null,"start_year":2004,"end_year":null}},{"type":"Feature","geometry":{"type":"Point","coordinates":[10.1193,45.59783]},"properties":{"osm_type":"way","osm_id":372472261,"name":"Chiesa di Cristo Risorto","religion":"christian","denomination":"catholic","start_date":"2007-09-23","end_date":null,"start_year":2007,"end_year":null}},{"type":"Feature","geometry":{"type":"Point","coordinates":[8.50323,44.32843]},"properties":{"osm_type":"node","osm_id":6929589633,"name":"Madonnetta","religion":"christian","denomination":"catholic","start_date":"2007","end_date":null,"start_year":2007,"end_year":null}},{"type":"Feature","geometry":{"type":"Point","coordinates":[8.59224,39.896]},"properties":{"osm_type":"way","osm_id":279199014,"name":"Chiesa di San Giovanni Evangelista","religion":"christian","denomination":"catholic","start_date":"2009","end_date":null,"start_year":2009,"end_year":null}},{"type":"Feature","geometry":{"type":"Point","coordinates":[8.40861,45.3203]},"properties":{"osm_type":"way","osm_id":306267600,"name":"Sala del Regno dei Testimoni di Geova","religion":"christian","denomination":"jehovahs_witness","start_date":"2010","end_date":null,"start_year":2010,"end_year":null}},{"type":"Feature","geometry":{"type":"Point","coordinates":[13.72715,42.86739]},"properties":{"osm_type":"way","osm_id":447098080,"name":"Chiesa della Beata Teresa di Calcutta","religion":"christian","denomination":"catholic","start_date":"2011-09-05","end_date":null,"start_year":2011,"end_year":null}},{"type":"Feature","geometry":{"type":"Point","coordinates":[11.07415,45.99322]},"properties":{"osm_type":"way","osm_id":238892545,"name":"Chiesetta di San Maurizio","religion":"christian","denomination":"catholic","start_date":"2012","end_date":null,"start_year":2012,"end_year":null}},{"type":"Feature","geometry":{"type":"Point","coordinates":[11.87391,43.57912]},"properties":{"osm_type":"way","osm_id":177958112,"name":"San Giovanni Battista","religion":"christian","denomination":"catholic","start_date":"2012","end_date":null,"start_year":2012,"end_year":null}},{"type":"Feature","geometry":{"type":"Point","coordinates":[10.70318,43.88513]},"properties":{"osm_type":"way","osm_id":326896775,"name":"Santa Lucia Vergine e Martire","religion":"christian","denomination":null,"start_date":"2012","end_date":null,"start_year":2012,"end_year":null}},{"type":"Feature","geometry":{"type":"Point","coordinates":[8.93584,45.56438]},"properties":{"osm_type":"node","osm_id":8437385626,"name":null,"religion":"christian","denomination":"jehovahs_witness","start_date":"2012-09-05","end_date":null,"start_year":2012,"end_year":null}},{"type":"Feature","geometry":{"type":"Point","coordinates":[11.13674,43.42554]},"properties":{"osm_type":"way","osm_id":988827288,"name":"Moschea Al Redwan","religion":"muslim","denomination":null,"start_date":"2013-10","end_date":null,"start_year":2013,"end_year":null}},{"type":"Feature","geometry":{"type":"Point","coordinates":[13.50545,38.06279]},"properties":{"osm_type":"way","osm_id":364778416,"name":"San Domenico","religion":"christian","denomination":"catholic","start_date":"2013","end_date":null,"start_year":2013,"end_year":null}},{"type":"Feature","geometry":{"type":"Point","coordinates":[9.07529,45.42]},"properties":{"osm_type":"way","osm_id":428023313,"name":"Chiesa di Santa Gianna Beretta Molla","religion":"christian","denomination":"roman_catholic","start_date":"2014","end_date":null,"start_year":2014,"end_year":null}},{"type":"Feature","geometry":{"type":"Point","coordinates":[9.37491,45.52811]},"properties":{"osm_type":"way","osm_id":494834213,"name":"Tempietto Nostra Signora di Fatima","religion":"christian","denomination":"catholic","start_date":"2015","end_date":null,"start_year":2015,"end_year":null}},{"type":"Feature","geometry":{"type":"Point","coordinates":[8.5097,44.32938]},"properties":{"osm_type":"node","osm_id":4272765786,"name":"Edicola votiva di Stella Maris","religion":"christian","denomination":"catholic","start_date":"2016","end_date":null,"start_year":2016,"end_year":null}},{"type":"Feature","geometry":{"type":"Point","coordinates":[11.17223,46.6994]},"properties":{"osm_type":"way","osm_id":125694959,"name":"Kirche zu den Heiligen Mauritius und Korbinian","religion":"christian","denomination":"catholic","start_date":"2016-04-15","end_date":null,"start_year":2016,"end_year":null}},{"type":"Feature","geometry":{"type":"Point","coordinates":[18.37183,40.09362]},"properties":{"osm_type":"node","osm_id":9110093166,"name":"Sala Parrocchiale Don Cristoforo","religion":"christian","denomination":"catholic","start_date":"2016","end_date":null,"start_year":2016,"end_year":null}},{"type":"Feature","geometry":{"type":"Point","coordinates":[9.14666,45.51091]},"properties":{"osm_type":"way","osm_id":527739560,"name":"Chiesa parrocchiale di Pentecoste","religion":"christian","denomination":"roman_catholic","start_date":"2017","end_date":null,"start_year":2017,"end_year":null}},{"type":"Feature","geometry":{"type":"Point","coordinates":[11.16329,43.86121]},"properties":{"osm_type":"way","osm_id":493502832,"name":"Maria Santissima Madre di Dio","religion":"christian","denomination":null,"start_date":"2017-05-14","end_date":null,"start_year":2017,"end_year":null}},{"type":"Feature","geometry":{"type":"Point","coordinates":[13.0735,43.14002]},"properties":{"osm_type":"way","osm_id":1286175569,"name":null,"religion":"christian","denomination":"roman_catholic","start_date":"2018-09-16","end_date":null,"start_year":2018,"end_year":null}},{"type":"Feature","geometry":{"type":"Point","coordinates":[9.44224,46.32695]},"properties":{"osm_type":"way","osm_id":842774449,"name":"Capela di Moort","religion":"christian","denomination":null,"start_date":"2019-09-04","end_date":null,"start_year":2019,"end_year":null}},{"type":"Feature","geometry":{"type":"Point","coordinates":[13.70644,42.87072]},"properties":{"osm_type":"way","osm_id":670617403,"name":"Chiesa del Santissimo Crocifisso","religion":"christian","denomination":"catholic","start_date":"2019-01-19","end_date":null,"start_year":2019,"end_year":null}},{"type":"Feature","geometry":{"type":"Point","coordinates":[11.20499,46.84626]},"properties":{"osm_type":"way","osm_id":1300360258,"name":"Heilige Corona","religion":"christian","denomination":"catholic","start_date":"2020","end_date":null,"start_year":2020,"end_year":null}},{"type":"Feature","geometry":{"type":"Point","coordinates":[12.71903,42.75575]},"properties":{"osm_type":"way","osm_id":589845175,"name":"San Giovanni Paolo II","religion":"christian","denomination":"roman_catholic","start_date":"2020-10-22","end_date":null,"start_year":2020,"end_year":null}},{"type":"Feature","geometry":{"type":"Point","coordinates":[13.39733,41.77957]},"properties":{"osm_type":"way","osm_id":87464039,"name":"Certosa di Trisulti","religion":"christian","denomination":"catholic","start_date":"2021-11-09","end_date":null,"start_year":2021,"end_year":null}},{"type":"Feature","geometry":{"type":"Point","coordinates":[13.39723,41.77966]},"properties":{"osm_type":"way","osm_id":279099419,"name":"Chiesa di San Bartolomeo","religion":"christian","denomination":"catholic","start_date":"2021-11-09","end_date":null,"start_year":2021,"end_year":null}},{"type":"Feature","geometry":{"type":"Point","coordinates":[14.78645,42.06407]},"properties":{"osm_type":"way","osm_id":863076021,"name":"Chiesa Mater Misericordiae","religion":"christian","denomination":"catholic","start_date":"2021","end_date":null,"start_year":2021,"end_year":null}},{"type":"Feature","geometry":{"type":"Point","coordinates":[16.82328,41.13619]},"properties":{"osm_type":"way","osm_id":1235544605,"name":"Chiesa di San Girolamo","religion":"christian","denomination":"catholic","start_date":"2023-12-15","end_date":null,"start_year":2023,"end_year":null}},{"type":"Feature","geometry":{"type":"Point","coordinates":[14.41728,41.07639]},"properties":{"osm_type":"way","osm_id":1232429597,"name":"Oratorio \"Don Peppe Diana\"","religion":null,"denomination":null,"start_date":"2023-12-18","end_date":null,"start_year":2023,"end_year":null}},{"type":"Feature","geometry":{"type":"Point","coordinates":[10.24294,45.75493]},"properties":{"osm_type":"node","osm_id":11314898293,"name":null,"religion":"christian","denomination":"catholic","start_date":"2023","end_date":null,"start_year":2023,"end_year":null}},{"type":"Feature","geometry":{"type":"Point","coordinates":[14.25837,40.85207]},"properties":{"osm_type":"way","osm_id":123028910,"name":"Chiesa dei Girolamini","religion":"christian","denomination":"catholic","start_date":"2024-03-21","end_date":null,"start_year":2024,"end_year":null}},{"type":"Feature","geometry":{"type":"Point","coordinates":[14.18983,42.42301]},"properties":{"osm_type":"way","osm_id":677489592,"name":"Chiesa di San Rocco","religion":"christian","denomination":"roman_catholic","start_date":"2024-06-15","end_date":null,"start_year":2024,"end_year":null}},{"type":"Feature","geometry":{"type":"Point","coordinates":[14.30842,42.3436]},"properties":{"osm_type":"node","osm_id":12826058030,"name":null,"religion":"christian","denomination":"catholic","start_date":"2024","end_date":null,"start_year":2024,"end_year":null}},{"type":"Feature","geometry":{"type":"Point","coordinates":[12.50465,41.92563]},"properties":{"osm_type":"node","osm_id":4872441438,"name":"Chiesetta del Divino Amore","religion":"christian","denomination":null,"start_date":"2025-03-18","end_date":null,"start_year":2025,"end_year":null}},{"type":"Feature","geometry":{"type":"Point","coordinates":[15.00377,41.56253]},"properties":{"osm_type":"node","osm_id":12641016087,"name":"Shivananda Ashram","religion":"hindu","denomination":null,"start_date":"2025-03-06","end_date":null,"start_year":2025,"end_year":null}},{"type":"Feature","geometry":{"type":"Point","coordinates":[9.77647,45.47694]},"properties":{"osm_type":"node","osm_id":12798161625,"name":null,"religion":"christian","denomination":"catholic","start_date":"2025-04-28","end_date":null,"start_year":2025,"end_year":null}},{"type":"Feature","geometry":{"type":"Point","coordinates":[13.45381,43.29941]},"properties":{"osm_type":"way","osm_id":43969944,"name":"Chiesa Santa Maria della porta","religion":"christian","denomination":"catholic","start_date":"990","end_date":"1300","start_year":null,"end_year":1300}},{"type":"Feature","geometry":{"type":"Point","coordinates":[12.96637,42.33331]},"properties":{"osm_type":"way","osm_id":547930368,"name":"SS. Pietro e Paolo","religion":"christian","denomination":"catholic","start_date":null,"end_date":"1934","start_year":null,"end_year":1934}},{"type":"Feature","geometry":{"type":"Point","coordinates":[12.70371,42.95646]},"properties":{"osm_type":"way","osm_id":72878113,"name":"Cattedrale di San Feliciano","religion":"christian","denomination":"roman_catholic","start_date":null,"end_date":"2025-09-01","start_year":null,"end_year":2025}},{"type":"Feature","geometry":{"type":"Point","coordinates":[12.66152,41.72584]},"properties":{"osm_type":"way","osm_id":1127877264,"name":"Chiesa della Beata Maria Vergine","religion":"christian","denomination":null,"start_date":null,"end_date":"2025-09-01","start_year":null,"end_year":2025}},{"type":"Feature","geometry":{"type":"Point","coordinates":[16.50551,41.24131]},"properties":{"osm_type":"way","osm_id":871903544,"name":"Chiesa di San Nicola di Porta Ensita","religion":"christian","denomination":"catholic","start_date":null,"end_date":"2025-09-01","start_year":null,"end_year":2025}},{"type":"Feature","geometry":{"type":"Point","coordinates":[8.82107,45.95895]},"properties":{"osm_type":"way","osm_id":111204533,"name":"Chiesa di San Paolo","religion":"christian","denomination":"roman_catholic","start_date":null,"end_date":"2025-09-01","start_year":null,"end_year":2025}},{"type":"Feature","geometry":{"type":"Point","coordinates":[11.37108,43.21493]},"properties":{"osm_type":"way","osm_id":722698118,"name":"Chiesa di San Pietro Apostolo","religion":"christian","denomination":"catholic","start_date":null,"end_date":"2025-09-01","start_year":null,"end_year":2025}},{"type":"Feature","geometry":{"type":"Point","coordinates":[9.24953,45.97558]},"properties":{"osm_type":"way","osm_id":97553232,"name":"Chiesa di Sant'Andrea","religion":"christian","denomination":null,"start_date":null,"end_date":"2025-09-01","start_year":null,"end_year":2025}},{"type":"Feature","geometry":{"type":"Point","coordinates":[8.85835,45.76321]},"properties":{"osm_type":"way","osm_id":366140600,"name":"Chiesa di Santa Croce","religion":"christian","denomination":"roman_catholic","start_date":null,"end_date":"2025-09-01","start_year":null,"end_year":2025}},{"type":"Feature","geometry":{"type":"Point","coordinates":[8.93057,44.41509]},"properties":{"osm_type":"node","osm_id":2154071756,"name":"Ex abbazia di San Bernardino del Carmine","religion":"christian","denomination":"catholic","start_date":null,"end_date":"2025-09-01","start_year":null,"end_year":2025}},{"type":"Feature","geometry":{"type":"Point","coordinates":[9.18894,45.97789]},"properties":{"osm_type":"way","osm_id":265530080,"name":"Abbazia dell'Acquafredda","religion":"christian","denomination":"catholic","start_date":"C17","end_date":null,"start_year":null,"end_year":null}},{"type":"Feature","geometry":{"type":"Point","coordinates":[13.12884,43.50112]},"properties":{"osm_type":"way","osm_id":547054265,"name":"Abbazia di Santa Maria delle Moie","religion":"christian","denomination":"catholic","start_date":"C12","end_date":null,"start_year":null,"end_year":null}},{"type":"Feature","geometry":{"type":"Point","coordinates":[13.31208,43.26581]},"properties":{"osm_type":"way","osm_id":249677112,"name":"Abbazia di Santa Maria di Rambona","religion":"christian","denomination":"catholic","start_date":"891","end_date":null,"start_year":null,"end_year":null}},{"type":"Feature","geometry":{"type":"Point","coordinates":[9.21229,44.3334]},"properties":{"osm_type":"way","osm_id":204694164,"name":"Antico Oratorio di Nostra Signora Addolorata","religion":"christian","denomination":"catholic","start_date":"XIV sec","end_date":null,"start_year":null,"end_year":null}},{"type":"Feature","geometry":{"type":"Point","coordinates":[13.38432,45.67643]},"properties":{"osm_type":"way","osm_id":36684668,"name":"Auditorium San Rocco","religion":"christian","denomination":"catholic","start_date":"C16","end_date":null,"start_year":null,"end_year":null}},{"type":"Feature","geometry":{"type":"Point","coordinates":[9.42793,45.29718]},"properties":{"osm_type":"way","osm_id":122244924,"name":"Basilica dei Dodici Apostoli","religion":"christian","denomination":"catholic","start_date":"378","end_date":null,"start_year":null,"end_year":null}},{"type":"Feature","geometry":{"type":"Point","coordinates":[9.2394,45.68619]},"properties":{"osm_type":"way","osm_id":172653879,"name":"Basilica dei Santi Pietro e Paolo","religion":"christian","denomination":"catholic","start_date":"C11","end_date":null,"start_year":null,"end_year":null}},{"type":"Feature","geometry":{"type":"Point","coordinates":[12.49822,41.89462]},"properties":{"osm_type":"way","osm_id":52721562,"name":"Basilica di San Martino ai Monti","religion":"christian","denomination":"catholic","start_date":"C17","end_date":null,"start_year":null,"end_year":null}},{"type":"Feature","geometry":{"type":"Point","coordinates":[9.31931,45.83478]},"properties":{"osm_type":"way","osm_id":282849381,"name":"Basilica di San Pietro al Monte","religion":"christian","denomination":"catholic","start_date":"C10","end_date":null,"start_year":null,"end_year":null}},{"type":"Feature","geometry":{"type":"Point","coordinates":[12.19633,44.42054]},"properties":{"osm_type":"way","osm_id":157757738,"name":"Basilica di San Vitale","religion":"christian","denomination":"roman_catholic","start_date":"547","end_date":null,"start_year":null,"end_year":null}},{"type":"Feature","geometry":{"type":"Point","coordinates":[12.8633,42.40447]},"properties":{"osm_type":"way","osm_id":114665339,"name":"Basilica di Sant'Agostino","religion":"christian","denomination":"catholic","start_date":"C13","end_date":null,"start_year":null,"end_year":null}},{"type":"Feature","geometry":{"type":"Point","coordinates":[9.18149,45.45398]},"properties":{"osm_type":"way","osm_id":165882138,"name":"Basilica di Sant'Eustorgio","religion":"christian","denomination":"catholic","start_date":"C04","end_date":null,"start_year":null,"end_year":null}},{"type":"Feature","geometry":{"type":"Point","coordinates":[9.2245,45.75269]},"properties":{"osm_type":"way","osm_id":842269173,"name":"Battistero","religion":"christian","denomination":"catholic","start_date":"C18","end_date":null,"start_year":null,"end_year":null}},{"type":"Feature","geometry":{"type":"Point","coordinates":[11.25504,43.77315]},"properties":{"osm_type":"way","osm_id":166821303,"name":"Battistero di San Giovanni","religion":"christian","denomination":"catholic","start_date":"C11","end_date":null,"start_year":null,"end_year":null}},{"type":"Feature","geometry":{"type":"Point","coordinates":[9.64715,45.34585]},"properties":{"osm_type":"way","osm_id":842965797,"name":"Cappella dei Cazzulli","religion":"christian","denomination":"catholic","start_date":"C17","end_date":null,"start_year":null,"end_year":null}},{"type":"Feature","geometry":{"type":"Point","coordinates":[7.67951,45.0731]},"properties":{"osm_type":"node","osm_id":6499666999,"name":"Cappella dei Mercanti","religion":"christian","denomination":"roman_catholic","start_date":"C17","end_date":null,"start_year":null,"end_year":null}},{"type":"Feature","geometry":{"type":"Point","coordinates":[9.25062,45.80383]},"properties":{"osm_type":"way","osm_id":576904503,"name":"Cappella dei morti d'Ingera","religion":"christian","denomination":"catholic","start_date":"C16","end_date":null,"start_year":null,"end_year":null}},{"type":"Feature","geometry":{"type":"Point","coordinates":[8.34226,45.75593]},"properties":{"osm_type":"way","osm_id":674518723,"name":"Cappella del Palgo","religion":"christian","denomination":"roman_catholic","start_date":"C15","end_date":null,"start_year":null,"end_year":null}},{"type":"Feature","geometry":{"type":"Point","coordinates":[7.74727,44.33606]},"properties":{"osm_type":"way","osm_id":376772386,"name":"Cappella del Santissimo Crocifisso","religion":"christian","denomination":"roman_catholic","start_date":"C19","end_date":null,"start_year":null,"end_year":null}},{"type":"Feature","geometry":{"type":"Point","coordinates":[7.81928,44.38092]},"properties":{"osm_type":"way","osm_id":745285964,"name":"Cappella dell'Annunziata","religion":"christian","denomination":"catholic","start_date":"C14","end_date":null,"start_year":null,"end_year":null}},{"type":"Feature","geometry":{"type":"Point","coordinates":[13.09066,43.03911]},"properties":{"osm_type":"node","osm_id":4685562604,"name":"Cappella della Madonna del Bottone","religion":"christian","denomination":null,"start_date":"C18","end_date":null,"start_year":null,"end_year":null}},{"type":"Feature","geometry":{"type":"Point","coordinates":[9.29254,45.80321]},"properties":{"osm_type":"way","osm_id":455512838,"name":"Cappella della Madonna del Caravaggio","religion":"christian","denomination":"roman_catholic","start_date":"C17..C18","end_date":null,"start_year":null,"end_year":null}},{"type":"Feature","geometry":{"type":"Point","coordinates":[13.09471,43.02346]},"properties":{"osm_type":"node","osm_id":4685593270,"name":"Cappella della Madonna del Soldato e Convento","religion":"christian","denomination":"catholic","start_date":"C15","end_date":null,"start_year":null,"end_year":null}},{"type":"Feature","geometry":{"type":"Point","coordinates":[8.37973,45.4235]},"properties":{"osm_type":"way","osm_id":490091055,"name":"Cappella della Santissima Trinità","religion":"christian","denomination":"catholic","start_date":"C12","end_date":null,"start_year":null,"end_year":null}},{"type":"Feature","geometry":{"type":"Point","coordinates":[7.7178,44.38001]},"properties":{"osm_type":"way","osm_id":376775793,"name":"Cappella di San Bernardo","religion":"christian","denomination":"catholic","start_date":"C18","end_date":null,"start_year":null,"end_year":null}},{"type":"Feature","geometry":{"type":"Point","coordinates":[7.81167,44.37929]},"properties":{"osm_type":"way","osm_id":744149103,"name":"Cappella di San Bernolfo","religion":"christian","denomination":"catholic","start_date":"C12","end_date":null,"start_year":null,"end_year":null}},{"type":"Feature","geometry":{"type":"Point","coordinates":[7.39931,44.27826]},"properties":{"osm_type":"way","osm_id":365720315,"name":"Cappella di San Giuseppe","religion":"christian","denomination":"roman_catholic","start_date":"C17","end_date":null,"start_year":null,"end_year":null}},{"type":"Feature","geometry":{"type":"Point","coordinates":[13.13837,46.3331]},"properties":{"osm_type":"way","osm_id":36035150,"name":"Cappella di San Michele","religion":"christian","denomination":"catholic","start_date":"C13","end_date":null,"start_year":null,"end_year":null}},{"type":"Feature","geometry":{"type":"Point","coordinates":[6.89546,45.08825]},"properties":{"osm_type":"way","osm_id":760147516,"name":"Cappella di San Pancrazio","religion":"christian","denomination":"catholic","start_date":"C15","end_date":null,"start_year":null,"end_year":null}},{"type":"Feature","geometry":{"type":"Point","coordinates":[7.35541,45.09896]},"properties":{"osm_type":"way","osm_id":779831307,"name":"Cappella di San Rocco","religion":"christian","denomination":"catholic","start_date":"C16","end_date":null,"start_year":null,"end_year":null}},{"type":"Feature","geometry":{"type":"Point","coordinates":[14.42298,40.63108]},"properties":{"osm_type":"way","osm_id":1334826963,"name":"Cappella di Sant'Agostino","religion":"christian","denomination":null,"start_date":"C15","end_date":null,"start_year":null,"end_year":null}},{"type":"Feature","geometry":{"type":"Point","coordinates":[10.15078,45.73832]},"properties":{"osm_type":"way","osm_id":1066939357,"name":"Cappella di Sant'Antonio da Padova","religion":"christian","denomination":"catholic","start_date":"C19","end_date":null,"start_year":null,"end_year":null}},{"type":"Feature","geometry":{"type":"Point","coordinates":[9.19681,44.4102]},"properties":{"osm_type":"way","osm_id":204741755,"name":"Cappella di Santa Croce","religion":"christian","denomination":"catholic","start_date":"XVII secolo","end_date":null,"start_year":null,"end_year":null}},{"type":"Feature","geometry":{"type":"Point","coordinates":[14.42627,40.62295]},"properties":{"osm_type":"way","osm_id":749283314,"name":"Cappella di Santa Maria a Cerignano","religion":"christian","denomination":"roman_catholic","start_date":"C15","end_date":null,"start_year":null,"end_year":null}},{"type":"Feature","geometry":{"type":"Point","coordinates":[13.04828,43.02778]},"properties":{"osm_type":"node","osm_id":4685802402,"name":"Cappella di Santa Rita","religion":"christian","denomination":"catholic","start_date":"C18","end_date":null,"start_year":null,"end_year":null}},{"type":"Feature","geometry":{"type":"Point","coordinates":[10.82709,44.64944]},"properties":{"osm_type":"way","osm_id":1009724227,"name":"Cappella Fontanelli","religion":"christian","denomination":"catholic","start_date":"C19","end_date":null,"start_year":null,"end_year":null}},{"type":"Feature","geometry":{"type":"Point","coordinates":[9.11737,45.54188]},"properties":{"osm_type":"node","osm_id":9624331404,"name":"Cappella Madonna della Neve","religion":"christian","denomination":"roman_catholic","start_date":"C16..C17","end_date":null,"start_year":null,"end_year":null}},{"type":"Feature","geometry":{"type":"Point","coordinates":[13.23088,46.06411]},"properties":{"osm_type":"way","osm_id":36686390,"name":"Cappella Manin","religion":"christian","denomination":"catholic","start_date":"C18","end_date":null,"start_year":null,"end_year":null}},{"type":"Feature","geometry":{"type":"Point","coordinates":[13.1012,43.11626]},"properties":{"osm_type":"node","osm_id":4684981782,"name":"Cappella Maurizi","religion":"christian","denomination":null,"start_date":"C16","end_date":null,"start_year":null,"end_year":null}},{"type":"Feature","geometry":{"type":"Point","coordinates":[9.45317,45.97023]},"properties":{"osm_type":"way","osm_id":234051284,"name":"Cappella ossario","religion":"christian","denomination":null,"start_date":"C18","end_date":null,"start_year":null,"end_year":null}},{"type":"Feature","geometry":{"type":"Point","coordinates":[7.2655,45.11517]},"properties":{"osm_type":"way","osm_id":85191357,"name":"Cappella romanica di San Valeriano","religion":"christian","denomination":"catholic","start_date":"C12","end_date":null,"start_year":null,"end_year":null}},{"type":"Feature","geometry":{"type":"Point","coordinates":[14.9277,41.80437]},"properties":{"osm_type":"way","osm_id":336485105,"name":"Cappella San Primiano","religion":"christian","denomination":"catholic","start_date":"inizio XVIII sec.","end_date":null,"start_year":null,"end_year":null}},{"type":"Feature","geometry":{"type":"Point","coordinates":[6.96606,45.11933]},"properties":{"osm_type":"way","osm_id":367768577,"name":"Cappella Sant'Andrea","religion":"christian","denomination":"catholic","start_date":"C15","end_date":null,"start_year":null,"end_year":null}},{"type":"Feature","geometry":{"type":"Point","coordinates":[16.42324,40.19246]},"properties":{"osm_type":"way","osm_id":1036288052,"name":"Cappella Santa Maria della Neve","religion":"christian","denomination":"roman_catholic","start_date":"C15","end_date":null,"start_year":null,"end_year":null}},{"type":"Feature","geometry":{"type":"Point","coordinates":[10.23954,45.59212]},"properties":{"osm_type":"way","osm_id":292611926,"name":"Cappelletta dei Morti","religion":"christian","denomination":"catholic","start_date":"C17","end_date":null,"start_year":null,"end_year":null}},{"type":"Feature","geometry":{"type":"Point","coordinates":[9.2424,45.96945]},"properties":{"osm_type":"way","osm_id":951813078,"name":"Cappelletta Madonna di Caravaggio","religion":"christian","denomination":null,"start_date":"C20","end_date":null,"start_year":null,"end_year":null}},{"type":"Feature","geometry":{"type":"Point","coordinates":[9.21881,45.75295]},"properties":{"osm_type":"way","osm_id":945626238,"name":"Cappelletta ossario","religion":"christian","denomination":null,"start_date":"C17","end_date":null,"start_year":null,"end_year":null}},{"type":"Feature","geometry":{"type":"Point","coordinates":[8.24971,45.82243]},"properties":{"osm_type":"way","osm_id":221848338,"name":"Cappelletta Torotti","religion":"christian","denomination":"catholic","start_date":"C16","end_date":null,"start_year":null,"end_year":null}},{"type":"Feature","geometry":{"type":"Point","coordinates":[16.11729,39.55896]},"properties":{"osm_type":"way","osm_id":436257781,"name":"Cattedrale di San Marco Argentano","religion":"christian","denomination":"catholic","start_date":"C11","end_date":null,"start_year":null,"end_year":null}},{"type":"Feature","geometry":{"type":"Point","coordinates":[8.42264,45.33017]},"properties":{"osm_type":"way","osm_id":996119156,"name":"Cattedrale di Sant'Eusebio","religion":"christian","denomination":"catholic","start_date":"C16","end_date":null,"start_year":null,"end_year":null}},{"type":"Feature","geometry":{"type":"Point","coordinates":[11.91375,45.80187]},"properties":{"osm_type":"way","osm_id":145775179,"name":"Cattedrale di Santa Maria Assunta","religion":"christian","denomination":"catholic","start_date":"C5..C6","end_date":null,"start_year":null,"end_year":null}},{"type":"Feature","geometry":{"type":"Point","coordinates":[16.46824,38.48019]},"properties":{"osm_type":"way","osm_id":154078887,"name":"Cattolica di Stilo","religion":"christian","denomination":null,"start_date":"C9..C10","end_date":null,"start_year":null,"end_year":null}},{"type":"Feature","geometry":{"type":"Point","coordinates":[9.2374,45.99126]},"properties":{"osm_type":"way","osm_id":109560145,"name":"Chiesa Anglicana","religion":"christian","denomination":"anglican","start_date":"late C19","end_date":null,"start_year":null,"end_year":null}},{"type":"Feature","geometry":{"type":"Point","coordinates":[14.23574,40.83498]},"properties":{"osm_type":"way","osm_id":481369969,"name":"Chiesa anglicana","religion":"christian","denomination":"anglican","start_date":"C19","end_date":null,"start_year":null,"end_year":null}},{"type":"Feature","geometry":{"type":"Point","coordinates":[15.4153,38.1696]},"properties":{"osm_type":"way","osm_id":281859500,"name":"Chiesa Bizantina","religion":"christian","denomination":"catholic","start_date":"(sec.VI - IX)","end_date":null,"start_year":null,"end_year":null}},{"type":"Feature","geometry":{"type":"Point","coordinates":[13.08695,43.03661]},"properties":{"osm_type":"node","osm_id":4517131980,"name":"Chiesa castellare di Sant'Antonio","religion":"christian","denomination":"roman_catholic","start_date":"C13","end_date":null,"start_year":null,"end_year":null}},{"type":"Feature","geometry":{"type":"Point","coordinates":[8.19284,45.19502]},"properties":{"osm_type":"node","osm_id":2460290325,"name":"Chiesa Confraternita dei Santi Apostoli Pietro e Paolo","religion":"christian","denomination":"catholic","start_date":"C17","end_date":null,"start_year":null,"end_year":null}},{"type":"Feature","geometry":{"type":"Point","coordinates":[14.24466,40.85464]},"properties":{"osm_type":"way","osm_id":1334841511,"name":"Chiesa Cor Jesu","religion":"christian","denomination":"catholic","start_date":"C20","end_date":null,"start_year":null,"end_year":null}},{"type":"Feature","geometry":{"type":"Point","coordinates":[13.0554,42.98392]},"properties":{"osm_type":"node","osm_id":4517131982,"name":"Chiesa dei Santi Cosma e Damiano","religion":"christian","denomination":"roman_catholic","start_date":"C16","end_date":null,"start_year":null,"end_year":null}},{"type":"Feature","geometry":{"type":"Point","coordinates":[15.21882,38.14725]},"properties":{"osm_type":"way","osm_id":228931556,"name":"Chiesa dei Santi Cosma e Damiano","religion":"christian","denomination":"catholic","start_date":"C15","end_date":null,"start_year":null,"end_year":null}},{"type":"Feature","geometry":{"type":"Point","coordinates":[10.51714,46.27349]},"properties":{"osm_type":"way","osm_id":482334413,"name":"Chiesa dei Santi Fabiano e Sabastiano","religion":"christian","denomination":"catholic","start_date":"C17","end_date":null,"start_year":null,"end_year":null}},{"type":"Feature","geometry":{"type":"Point","coordinates":[12.30891,46.18328]},"properties":{"osm_type":"way","osm_id":113689153,"name":"Chiesa dei Santi Filippo e Giacomo","religion":"christian","denomination":"catholic","start_date":"C15","end_date":null,"start_year":null,"end_year":null}},{"type":"Feature","geometry":{"type":"Point","coordinates":[9.25458,45.97387]},"properties":{"osm_type":"way","osm_id":664656296,"name":"Chiesa dei Santi Gervasio e Protasio","religion":"christian","denomination":"catholic","start_date":"C16","end_date":null,"start_year":null,"end_year":null}},{"type":"Feature","geometry":{"type":"Point","coordinates":[9.12727,45.87331]},"properties":{"osm_type":"way","osm_id":186874236,"name":"Chiesa dei Santi Giacomo e Filippo","religion":"christian","denomination":"catholic","start_date":"C16","end_date":null,"start_year":null,"end_year":null}},{"type":"Feature","geometry":{"type":"Point","coordinates":[9.17428,45.96857]},"properties":{"osm_type":"way","osm_id":276871973,"name":"Chiesa dei Santi Giacomo e Filippo","religion":"christian","denomination":"catholic","start_date":"C11","end_date":null,"start_year":null,"end_year":null}},{"type":"Feature","geometry":{"type":"Point","coordinates":[9.47078,46.2189]},"properties":{"osm_type":"way","osm_id":109089255,"name":"Chiesa dei santi Giorgio ed Eufemia","religion":"christian","denomination":"catholic","start_date":"XV sec. (?)","end_date":null,"start_year":null,"end_year":null}},{"type":"Feature","geometry":{"type":"Point","coordinates":[9.10272,45.8401]},"properties":{"osm_type":"way","osm_id":254700020,"name":"Chiesa dei Santi Gordiano ed Epimaco","religion":"christian","denomination":"catholic","start_date":"C16","end_date":null,"start_year":null,"end_year":null}},{"type":"Feature","geometry":{"type":"Point","coordinates":[9.23296,45.99418]},"properties":{"osm_type":"way","osm_id":108706108,"name":"Chiesa dei Santi Nabore e Felice","religion":"christian","denomination":"catholic","start_date":"~C16","end_date":null,"start_year":null,"end_year":null}},{"type":"Feature","geometry":{"type":"Point","coordinates":[9.13163,45.91123]},"properties":{"osm_type":"way","osm_id":153698175,"name":"Chiesa dei Santi Nazaro e Celso","religion":"christian","denomination":"catholic","start_date":"before 17","end_date":null,"start_year":null,"end_year":null}},{"type":"Feature","geometry":{"type":"Point","coordinates":[13.51042,43.62363]},"properties":{"osm_type":"way","osm_id":447965730,"name":"Chiesa dei Santi Pellegrino e Teresa (o degli Scalzi)","religion":"christian","denomination":"catholic","start_date":"C18","end_date":null,"start_year":null,"end_year":null}},{"type":"Feature","geometry":{"type":"Point","coordinates":[13.05884,42.98438]},"properties":{"osm_type":"node","osm_id":4685803297,"name":"Chiesa dei Santi Pietro e Paolo","religion":"christian","denomination":"catholic","start_date":"C17","end_date":null,"start_year":null,"end_year":null}},{"type":"Feature","geometry":{"type":"Point","coordinates":[10.30317,45.53992]},"properties":{"osm_type":"way","osm_id":64977424,"name":"Chiesa dei Santi Pietro e Paolo","religion":"christian","denomination":"catholic","start_date":"C15","end_date":null,"start_year":null,"end_year":null}},{"type":"Feature","geometry":{"type":"Point","coordinates":[10.33974,46.21091]},"properties":{"osm_type":"way","osm_id":166961909,"name":"Chiesa dei Santi Pietro e Paolo","religion":"christian","denomination":"catholic","start_date":"C17","end_date":null,"start_year":null,"end_year":null}},{"type":"Feature","geometry":{"type":"Point","coordinates":[9.15331,45.91681]},"properties":{"osm_type":"way","osm_id":229266356,"name":"Chiesa dei Santi Pietro e Paolo","religion":"christian","denomination":"catholic","start_date":"C17","end_date":null,"start_year":null,"end_year":null}},{"type":"Feature","geometry":{"type":"Point","coordinates":[11.27188,45.31853]},"properties":{"osm_type":"way","osm_id":314349246,"name":"Chiesa dei Santi Pietro e Paolo Apostoli","religion":"christian","denomination":"roman_catholic","start_date":"C16","end_date":null,"start_year":null,"end_year":null}},{"type":"Feature","geometry":{"type":"Point","coordinates":[12.93984,42.94712]},"properties":{"osm_type":"node","osm_id":4687142668,"name":"Chiesa dei Santi Pietro, Paolo e Lucia","religion":"christian","denomination":"catholic","start_date":"C16","end_date":null,"start_year":null,"end_year":null}},{"type":"Feature","geometry":{"type":"Point","coordinates":[9.11717,45.86863]},"properties":{"osm_type":"way","osm_id":145171728,"name":"Chiesa dei Santi Quirico e Giulitta","religion":"christian","denomination":"catholic","start_date":"C17","end_date":null,"start_year":null,"end_year":null}},{"type":"Feature","geometry":{"type":"Point","coordinates":[9.19434,45.94624]},"properties":{"osm_type":"way","osm_id":229596586,"name":"Chiesa dei Santi Quirico e Giulitta","religion":"christian","denomination":"catholic","start_date":"C16","end_date":null,"start_year":null,"end_year":null}},{"type":"Feature","geometry":{"type":"Point","coordinates":[13.14933,42.94294]},"properties":{"osm_type":"way","osm_id":435273080,"name":"Chiesa dei Santi Rocco e Sebastiano","religion":"christian","denomination":"catholic","start_date":"C15","end_date":null,"start_year":null,"end_year":null}},{"type":"Feature","geometry":{"type":"Point","coordinates":[10.35097,45.51903]},"properties":{"osm_type":"way","osm_id":264800740,"name":"Chiesa dei Santi Rocco e Zeno","religion":"christian","denomination":"catholic","start_date":"~C11..C12","end_date":null,"start_year":null,"end_year":null}},{"type":"Feature","geometry":{"type":"Point","coordinates":[10.33708,46.21257]},"properties":{"osm_type":"way","osm_id":203299523,"name":"Chiesa dei Santi Sebastiano e Fabiano","religion":"christian","denomination":"catholic","start_date":"C18","end_date":null,"start_year":null,"end_year":null}},{"type":"Feature","geometry":{"type":"Point","coordinates":[7.87692,44.14783]},"properties":{"osm_type":"way","osm_id":375481953,"name":"Chiesa dei SS Gioachino e Anna","religion":"christian","denomination":"catholic","start_date":"C17","end_date":null,"start_year":null,"end_year":null}},{"type":"Feature","geometry":{"type":"Point","coordinates":[12.24087,45.66805]},"properties":{"osm_type":"way","osm_id":242711688,"name":"Chiesa del Beato Enrico","religion":"christian","denomination":"catholic","start_date":"C19","end_date":null,"start_year":null,"end_year":null}},{"type":"Feature","geometry":{"type":"Point","coordinates":[15.01155,37.9331]},"properties":{"osm_type":"way","osm_id":417407570,"name":"Chiesa del Carmine","religion":"christian","denomination":"catholic","start_date":"C18","end_date":null,"start_year":null,"end_year":null}},{"type":"Feature","geometry":{"type":"Point","coordinates":[13.04732,43.03598]},"properties":{"osm_type":"node","osm_id":4685809711,"name":"Chiesa del Cimitero","religion":"christian","denomination":"catholic","start_date":"C19","end_date":null,"start_year":null,"end_year":null}},{"type":"Feature","geometry":{"type":"Point","coordinates":[13.14347,42.94253]},"properties":{"osm_type":"node","osm_id":4485824452,"name":"Chiesa del Cimitero di Castelmurato","religion":"christian","denomination":"catholic","start_date":"C20","end_date":null,"start_year":null,"end_year":null}},{"type":"Feature","geometry":{"type":"Point","coordinates":[13.11282,43.07936]},"properties":{"osm_type":"node","osm_id":4686598809,"name":"Chiesa del Cimitero di Fiano","religion":"christian","denomination":"catholic","start_date":"C19","end_date":null,"start_year":null,"end_year":null}},{"type":"Feature","geometry":{"type":"Point","coordinates":[13.07445,43.1416]},"properties":{"osm_type":"node","osm_id":4684986025,"name":"Chiesa del Cimitero Urbano","religion":"christian","denomination":"catholic","start_date":"C20","end_date":null,"start_year":null,"end_year":null}},{"type":"Feature","geometry":{"type":"Point","coordinates":[15.29279,37.06072]},"properties":{"osm_type":"way","osm_id":175759912,"name":"Chiesa del Collegio dei Gesuiti","religion":"christian","denomination":"roman_catholic","start_date":"C17","end_date":null,"start_year":null,"end_year":null}},{"type":"Feature","geometry":{"type":"Point","coordinates":[12.96419,42.99539]},"properties":{"osm_type":"node","osm_id":4685620566,"name":"Chiesa del Pantano","religion":"christian","denomination":"catholic","start_date":"C16","end_date":null,"start_year":null,"end_year":null}},{"type":"Feature","geometry":{"type":"Point","coordinates":[13.08327,43.06367]},"properties":{"osm_type":"node","osm_id":4517131983,"name":"Chiesa del Rosario","religion":"christian","denomination":"roman_catholic","start_date":"C17","end_date":null,"start_year":null,"end_year":null}},{"type":"Feature","geometry":{"type":"Point","coordinates":[13.15066,42.90027]},"properties":{"osm_type":"node","osm_id":4685429518,"name":"Chiesa del Rosario","religion":"christian","denomination":null,"start_date":"C15","end_date":null,"start_year":null,"end_year":null}},{"type":"Feature","geometry":{"type":"Point","coordinates":[15.28275,38.14043]},"properties":{"osm_type":"way","osm_id":380313744,"name":"Chiesa del Rosario","religion":"christian","denomination":"catholic","start_date":"C16","end_date":null,"start_year":null,"end_year":null}},{"type":"Feature","geometry":{"type":"Point","coordinates":[17.35814,40.83526]},"properties":{"osm_type":"way","osm_id":662958733,"name":"Chiesa del Rosario","religion":"christian","denomination":"catholic","start_date":"C17","end_date":null,"start_year":null,"end_year":null}},{"type":"Feature","geometry":{"type":"Point","coordinates":[13.17385,43.03217]},"properties":{"osm_type":"node","osm_id":4517267115,"name":"Chiesa del Santissimo Crocifisso","religion":"christian","denomination":"catholic","start_date":"C19","end_date":null,"start_year":null,"end_year":null}},{"type":"Feature","geometry":{"type":"Point","coordinates":[13.11957,43.06666]},"properties":{"osm_type":"node","osm_id":4686602381,"name":"Chiesa del Santissimo Crocifisso","religion":"christian","denomination":null,"start_date":"C13","end_date":null,"start_year":null,"end_year":null}},{"type":"Feature","geometry":{"type":"Point","coordinates":[13.0879,42.92978]},"properties":{"osm_type":"node","osm_id":4687269469,"name":"Chiesa del Santissimo Crocifisso","religion":"christian","denomination":"catholic","start_date":"C15","end_date":null,"start_year":null,"end_year":null}},{"type":"Feature","geometry":{"type":"Point","coordinates":[13.03256,43.13996]},"properties":{"osm_type":"node","osm_id":4684984701,"name":"Chiesa del Santissimo Crocifisso di Palente","religion":"christian","denomination":"catholic","start_date":"C16","end_date":null,"start_year":null,"end_year":null}},{"type":"Feature","geometry":{"type":"Point","coordinates":[8.66511,45.50061]},"properties":{"osm_type":"way","osm_id":662033166,"name":"Chiesa del Santissimo Nome di Gesù","religion":"christian","denomination":"roman_catholic","start_date":"C16","end_date":null,"start_year":null,"end_year":null}},{"type":"Feature","geometry":{"type":"Point","coordinates":[8.22818,45.22081]},"properties":{"osm_type":"way","osm_id":75472165,"name":"Chiesa del Santissimo nome di Maria","religion":"christian","denomination":"roman_catholic","start_date":"C17","end_date":null,"start_year":null,"end_year":null}},{"type":"Feature","geometry":{"type":"Point","coordinates":[13.1133,42.99802]},"properties":{"osm_type":"way","osm_id":433836952,"name":"Chiesa del Santissimo Redentore e Santa Maria","religion":"christian","denomination":"catholic","start_date":"C13","end_date":null,"start_year":null,"end_year":null}},{"type":"Feature","geometry":{"type":"Point","coordinates":[13.30629,37.57989]},"properties":{"osm_type":"way","osm_id":688343786,"name":"Chiesa del Santissimo Rosario","religion":"christian","denomination":"catholic","start_date":"C17","end_date":null,"start_year":null,"end_year":null}},{"type":"Feature","geometry":{"type":"Point","coordinates":[13.48175,43.48577]},"properties":{"osm_type":"way","osm_id":596102309,"name":"Chiesa del Santissimo Sacramento","religion":"christian","denomination":"roman_catholic","start_date":"C17","end_date":null,"start_year":null,"end_year":null}},{"type":"Feature","geometry":{"type":"Point","coordinates":[14.41177,40.63333]},"properties":{"osm_type":"way","osm_id":749278178,"name":"Chiesa del Santissimo Sacramento","religion":"christian","denomination":"catholic","start_date":"C20","end_date":null,"start_year":null,"end_year":null}},{"type":"Feature","geometry":{"type":"Point","coordinates":[13.15649,43.08179]},"properties":{"osm_type":"node","osm_id":4520453632,"name":"Chiesa del Santissimo Salvatore","religion":"christian","denomination":"catholic","start_date":"C13","end_date":null,"start_year":null,"end_year":null}},{"type":"Feature","geometry":{"type":"Point","coordinates":[13.09532,43.17073]},"properties":{"osm_type":"node","osm_id":4684988025,"name":"Chiesa del Santissimo Salvatore","religion":"christian","denomination":"catholic","start_date":"C16","end_date":null,"start_year":null,"end_year":null}},{"type":"Feature","geometry":{"type":"Point","coordinates":[12.93027,42.98347]},"properties":{"osm_type":"node","osm_id":4687177479,"name":"Chiesa del Santissimo Salvatore","religion":"christian","denomination":null,"start_date":"C11","end_date":null,"start_year":null,"end_year":null}},{"type":"Feature","geometry":{"type":"Point","coordinates":[15.21115,38.09879]},"properties":{"osm_type":"way","osm_id":238484059,"name":"Chiesa del Santissimo Salvatore","religion":"christian","denomination":"roman_catholic","start_date":"C15","end_date":null,"start_year":null,"end_year":null}},{"type":"Feature","geometry":{"type":"Point","coordinates":[14.69762,38.07468]},"properties":{"osm_type":"way","osm_id":404055044,"name":"Chiesa del Santissimo Salvatore","religion":"christian","denomination":"catholic","start_date":"C 12","end_date":null,"start_year":null,"end_year":null}},{"type":"Feature","geometry":{"type":"Point","coordinates":[14.09134,42.56441]},"properties":{"osm_type":"way","osm_id":567356565,"name":"Chiesa del Santissimo Salvatore","religion":"christian","denomination":null,"start_date":"C12","end_date":null,"start_year":null,"end_year":null}},{"type":"Feature","geometry":{"type":"Point","coordinates":[13.23555,46.05908]},"properties":{"osm_type":"way","osm_id":36686393,"name":"Chiesa del Santo Spirito","religion":"christian","denomination":"catholic","start_date":"C18","end_date":null,"start_year":null,"end_year":null}},{"type":"Feature","geometry":{"type":"Point","coordinates":[9.16308,45.8678]},"properties":{"osm_type":"way","osm_id":220260672,"name":"Chiesa del Soldo","religion":"christian","denomination":"catholic","start_date":"C16","end_date":null,"start_year":null,"end_year":null}},{"type":"Feature","geometry":{"type":"Point","coordinates":[14.22032,40.85046]},"properties":{"osm_type":"way","osm_id":183993508,"name":"Chiesa dell'Addolorata alla Pigna","religion":"christian","denomination":"roman_catholic","start_date":"C19","end_date":null,"start_year":null,"end_year":null}},{"type":"Feature","geometry":{"type":"Point","coordinates":[14.95051,37.87787]},"properties":{"osm_type":"way","osm_id":127965953,"name":"Chiesa dell'Annunziata","religion":"christian","denomination":"roman_catholic","start_date":"C16","end_date":null,"start_year":null,"end_year":null}},{"type":"Feature","geometry":{"type":"Point","coordinates":[15.28301,38.14179]},"properties":{"osm_type":"way","osm_id":380313746,"name":"Chiesa dell'Annunziata","religion":"christian","denomination":"catholic","start_date":"C15","end_date":null,"start_year":null,"end_year":null}},{"type":"Feature","geometry":{"type":"Point","coordinates":[15.13604,37.90167]},"properties":{"osm_type":"way","osm_id":390808718,"name":"chiesa dell'Annunziata","religion":"christian","denomination":"catholic","start_date":"C16","end_date":null,"start_year":null,"end_year":null}},{"type":"Feature","geometry":{"type":"Point","coordinates":[14.2564,40.8506]},"properties":{"osm_type":"node","osm_id":12022544831,"name":"Chiesa dell'Arciconfraternita di Santa Maria della Sanità","religion":"christian","denomination":null,"start_date":"C17","end_date":null,"start_year":null,"end_year":null}},{"type":"Feature","geometry":{"type":"Point","coordinates":[9.13196,45.91494]},"properties":{"osm_type":"way","osm_id":153274184,"name":"Chiesa dell'Immacolata","religion":"christian","denomination":"catholic","start_date":"C18","end_date":null,"start_year":null,"end_year":null}},{"type":"Feature","geometry":{"type":"Point","coordinates":[15.1685,38.10979]},"properties":{"osm_type":"way","osm_id":243041645,"name":"Chiesa dell'Immacolata","religion":"christian","denomination":"catholic","start_date":"C16","end_date":null,"start_year":null,"end_year":null}},{"type":"Feature","geometry":{"type":"Point","coordinates":[13.08964,42.93162]},"properties":{"osm_type":"way","osm_id":433020800,"name":"Chiesa dell'Immacolata Concezione","religion":"christian","denomination":"catholic","start_date":"C16","end_date":null,"start_year":null,"end_year":null}},{"type":"Feature","geometry":{"type":"Point","coordinates":[9.07993,45.84864]},"properties":{"osm_type":"way","osm_id":148156130,"name":"Chiesa della Beata Vergine","religion":"christian","denomination":"catholic","start_date":"C16","end_date":null,"start_year":null,"end_year":null}},{"type":"Feature","geometry":{"type":"Point","coordinates":[8.71489,45.89004]},"properties":{"osm_type":"way","osm_id":1302650252,"name":"Chiesa della Beata Vergine Addolorata","religion":"christian","denomination":"roman_catholic","start_date":"C20","end_date":null,"start_year":null,"end_year":null}},{"type":"Feature","geometry":{"type":"Point","coordinates":[9.15469,45.8967]},"properties":{"osm_type":"way","osm_id":228760256,"name":"Chiesa della Beata Vergine Assunta","religion":"christian","denomination":"catholic","start_date":"C17","end_date":null,"start_year":null,"end_year":null}},{"type":"Feature","geometry":{"type":"Point","coordinates":[9.11365,45.36747]},"properties":{"osm_type":"way","osm_id":655785631,"name":"Chiesa della Beata Vergine Assunta","religion":"christian","denomination":"roman_catholic","start_date":"C4","end_date":null,"start_year":null,"end_year":null}},{"type":"Feature","geometry":{"type":"Point","coordinates":[13.24313,46.05867]},"properties":{"osm_type":"way","osm_id":36686388,"name":"Chiesa della Beata Vergine del Carmine","religion":"christian","denomination":"catholic","start_date":"C16","end_date":null,"start_year":null,"end_year":null}},{"type":"Feature","geometry":{"type":"Point","coordinates":[8.58425,40.48426]},"properties":{"osm_type":"way","osm_id":304535776,"name":"Chiesa della Beata Vergine Regina degli Angeli","religion":"christian","denomination":"catholic","start_date":"C14","end_date":null,"start_year":null,"end_year":null}},{"type":"Feature","geometry":{"type":"Point","coordinates":[10.14262,45.35528]},"properties":{"osm_type":"way","osm_id":1039372977,"name":"Chiesa della Disciplina","religion":"christian","denomination":"catholic","start_date":"C17","end_date":null,"start_year":null,"end_year":null}},{"type":"Feature","geometry":{"type":"Point","coordinates":[7.43649,44.38482]},"properties":{"osm_type":"way","osm_id":386682365,"name":"Chiesa della Madonna","religion":"christian","denomination":"catholic","start_date":"C12","end_date":null,"start_year":null,"end_year":null}},{"type":"Feature","geometry":{"type":"Point","coordinates":[13.08972,43.00708]},"properties":{"osm_type":"node","osm_id":4517133038,"name":"Chiesa della Madonna a Monte Aguzzo","religion":"christian","denomination":"roman_catholic","start_date":"C19","end_date":null,"start_year":null,"end_year":null}},{"type":"Feature","geometry":{"type":"Point","coordinates":[9.20699,45.94557]},"properties":{"osm_type":"way","osm_id":249654594,"name":"Chiesa della Madonna dei Ceppi","religion":"christian","denomination":"catholic","start_date":"C14","end_date":null,"start_year":null,"end_year":null}},{"type":"Feature","geometry":{"type":"Point","coordinates":[13.05855,43.05504]},"properties":{"osm_type":"node","osm_id":4685810214,"name":"Chiesa della Madonna dei Lumi","religion":"christian","denomination":"catholic","start_date":"C17","end_date":null,"start_year":null,"end_year":null}},{"type":"Feature","geometry":{"type":"Point","coordinates":[15.25606,38.20357]},"properties":{"osm_type":"way","osm_id":145459113,"name":"Chiesa della Madonna del Boschetto","religion":"christian","denomination":"catholic","start_date":"C12","end_date":null,"start_year":null,"end_year":null}},{"type":"Feature","geometry":{"type":"Point","coordinates":[8.23727,45.13509]},"properties":{"osm_type":"way","osm_id":1321652212,"name":"Chiesa della Madonna del Carmine","religion":"christian","denomination":"catholic","start_date":"C17","end_date":null,"start_year":null,"end_year":null}},{"type":"Feature","geometry":{"type":"Point","coordinates":[13.14882,42.88217]},"properties":{"osm_type":"way","osm_id":439068645,"name":"Chiesa della Madonna del Domo","religion":"christian","denomination":"roman_catholic","start_date":"C13","end_date":null,"start_year":null,"end_year":null}},{"type":"Feature","geometry":{"type":"Point","coordinates":[13.30823,37.81284]},"properties":{"osm_type":"way","osm_id":512112431,"name":"Chiesa della Madonna del Malpasso","religion":"christian","denomination":null,"start_date":"C17","end_date":null,"start_year":null,"end_year":null}},{"type":"Feature","geometry":{"type":"Point","coordinates":[13.11954,43.11624]},"properties":{"osm_type":"node","osm_id":4684989679,"name":"Chiesa della Madonna del Rosario","religion":"christian","denomination":"catholic","start_date":"C17","end_date":null,"start_year":null,"end_year":null}},{"type":"Feature","geometry":{"type":"Point","coordinates":[13.1909,42.85857]},"properties":{"osm_type":"way","osm_id":411655012,"name":"Chiesa della Madonna della Cona","religion":"christian","denomination":"catholic","start_date":"C17","end_date":null,"start_year":null,"end_year":null}},{"type":"Feature","geometry":{"type":"Point","coordinates":[7.87512,44.15286]},"properties":{"osm_type":"way","osm_id":375481959,"name":"Chiesa della Madonna della Neve","religion":"christian","denomination":"catholic","start_date":"C20","end_date":null,"start_year":null,"end_year":null}},{"type":"Feature","geometry":{"type":"Point","coordinates":[13.09578,43.06093]},"properties":{"osm_type":"way","osm_id":847489148,"name":"Chiesa della Madonna della Pecciana","religion":"christian","denomination":"catholic","start_date":"C18..C19","end_date":null,"start_year":null,"end_year":null}},{"type":"Feature","geometry":{"type":"Point","coordinates":[12.94436,42.9569]},"properties":{"osm_type":"node","osm_id":4687159587,"name":"Chiesa della Madonna della Pietà","religion":"christian","denomination":"catholic","start_date":"C19","end_date":null,"start_year":null,"end_year":null}},{"type":"Feature","geometry":{"type":"Point","coordinates":[13.06694,43.14275]},"properties":{"osm_type":"node","osm_id":4517131984,"name":"Chiesa della Madonna delle Carceri","religion":"christian","denomination":"roman_catholic","start_date":"C16","end_date":null,"start_year":null,"end_year":null}},{"type":"Feature","geometry":{"type":"Point","coordinates":[13.15725,42.89421]},"properties":{"osm_type":"node","osm_id":4685434811,"name":"Chiesa della Madonna delle Grazie","religion":"christian","denomination":null,"start_date":"C14","end_date":null,"start_year":null,"end_year":null}},{"type":"Feature","geometry":{"type":"Point","coordinates":[13.65937,37.99323]},"properties":{"osm_type":"way","osm_id":435655339,"name":"Chiesa della Madonna delle grazie","religion":"christian","denomination":"catholic","start_date":"C17","end_date":null,"start_year":null,"end_year":null}},{"type":"Feature","geometry":{"type":"Point","coordinates":[13.09994,42.90882]},"properties":{"osm_type":"way","osm_id":449594169,"name":"Chiesa della Madonna di Cardosa","religion":"christian","denomination":"roman_catholic","start_date":"C17","end_date":null,"start_year":null,"end_year":null}},{"type":"Feature","geometry":{"type":"Point","coordinates":[13.03837,43.06857]},"properties":{"osm_type":"node","osm_id":4517131986,"name":"Chiesa della Madonna di Loreto","religion":"christian","denomination":"roman_catholic","start_date":"C19","end_date":null,"start_year":null,"end_year":null}},{"type":"Feature","geometry":{"type":"Point","coordinates":[13.00112,43.08535]},"properties":{"osm_type":"way","osm_id":1289616407,"name":"Chiesa della Madonna di Loreto","religion":"christian","denomination":"roman_catholic","start_date":"C19","end_date":null,"start_year":null,"end_year":null}},{"type":"Feature","geometry":{"type":"Point","coordinates":[10.20054,45.94615]},"properties":{"osm_type":"way","osm_id":232839148,"name":"Chiesa della Madonna di Lourdes","religion":"christian","denomination":"catholic","start_date":"C17","end_date":null,"start_year":null,"end_year":null}},{"type":"Feature","geometry":{"type":"Point","coordinates":[13.20185,43.05128]},"properties":{"osm_type":"node","osm_id":4517133039,"name":"Chiesa della Madonna di Rio Bagno","religion":"christian","denomination":"roman_catholic","start_date":"C16","end_date":null,"start_year":null,"end_year":null}},{"type":"Feature","geometry":{"type":"Point","coordinates":[10.11904,45.75496]},"properties":{"osm_type":"way","osm_id":189758726,"name":"Chiesa della Madonna di San Cassiano","religion":"christian","denomination":"catholic","start_date":"C15","end_date":null,"start_year":null,"end_year":null}},{"type":"Feature","geometry":{"type":"Point","coordinates":[13.13757,42.94646]},"properties":{"osm_type":"way","osm_id":435117507,"name":"Chiesa della Madonna Immacolata","religion":"christian","denomination":"catholic","start_date":"C20","end_date":null,"start_year":null,"end_year":null}},{"type":"Feature","geometry":{"type":"Point","coordinates":[13.1793,42.8903]},"properties":{"osm_type":"node","osm_id":4685433578,"name":"Chiesa della Maina","religion":"christian","denomination":"catholic","start_date":"C17","end_date":null,"start_year":null,"end_year":null}},{"type":"Feature","geometry":{"type":"Point","coordinates":[13.11889,43.1455]},"properties":{"osm_type":"way","osm_id":449717254,"name":"Chiesa della Natività di Maria in Capolapiaggia","religion":"christian","denomination":"roman_catholic","start_date":"C18","end_date":null,"start_year":null,"end_year":null}},{"type":"Feature","geometry":{"type":"Point","coordinates":[11.6923,45.43063]},"properties":{"osm_type":"way","osm_id":373698526,"name":"Chiesa della Natività di Maria Santissima","religion":"christian","denomination":null,"start_date":"C19","end_date":null,"start_year":null,"end_year":null}},{"type":"Feature","geometry":{"type":"Point","coordinates":[13.14408,43.09002]},"properties":{"osm_type":"node","osm_id":4686610784,"name":"Chiesa della Pintura","religion":"christian","denomination":"catholic","start_date":"C18","end_date":null,"start_year":null,"end_year":null}},{"type":"Feature","geometry":{"type":"Point","coordinates":[13.02885,42.91428]},"properties":{"osm_type":"way","osm_id":439208734,"name":"Chiesa della Romita a Croce","religion":"christian","denomination":"catholic","start_date":"C13","end_date":null,"start_year":null,"end_year":null}},{"type":"Feature","geometry":{"type":"Point","coordinates":[13.15442,42.89764]},"properties":{"osm_type":"node","osm_id":4685440250,"name":"Chiesa della Romitoria","religion":"christian","denomination":"catholic","start_date":"C13","end_date":null,"start_year":null,"end_year":null}},{"type":"Feature","geometry":{"type":"Point","coordinates":[14.26582,40.84775]},"properties":{"osm_type":"way","osm_id":1187820878,"name":"Chiesa della Santa Croce e Purgatorio al Mercato","religion":"christian","denomination":"roman_catholic","start_date":"C18","end_date":null,"start_year":null,"end_year":null}},{"type":"Feature","geometry":{"type":"Point","coordinates":[13.09604,43.04578]},"properties":{"osm_type":"node","osm_id":4685568546,"name":"Chiesa della Santa Croce e San Vincenzo","religion":"christian","denomination":null,"start_date":"C17","end_date":null,"start_year":null,"end_year":null}},{"type":"Feature","geometry":{"type":"Point","coordinates":[13.1637,42.8867]},"properties":{"osm_type":"node","osm_id":4685442288,"name":"Chiesa della Santa Croce in Gualdo","religion":"christian","denomination":"catholic","start_date":"C17","end_date":null,"start_year":null,"end_year":null}},{"type":"Feature","geometry":{"type":"Point","coordinates":[17.0943,38.95925]},"properties":{"osm_type":"way","osm_id":261509933,"name":"Chiesa della Santissima Annunziata","religion":"christian","denomination":"catholic","start_date":"C16","end_date":null,"start_year":null,"end_year":null}},{"type":"Feature","geometry":{"type":"Point","coordinates":[13.06864,43.13618]},"properties":{"osm_type":"way","osm_id":430650006,"name":"Chiesa della Santissima Annunziata","religion":"christian","denomination":"catholic","start_date":"C19","end_date":null,"start_year":null,"end_year":null}},{"type":"Feature","geometry":{"type":"Point","coordinates":[8.42665,45.32316]},"properties":{"osm_type":"way","osm_id":1107713053,"name":"Chiesa della Santissima Annunziata","religion":"christian","denomination":"catholic","start_date":"C18","end_date":null,"start_year":null,"end_year":null}},{"type":"Feature","geometry":{"type":"Point","coordinates":[15.55625,38.19125]},"properties":{"osm_type":"way","osm_id":153580639,"name":"Chiesa della Santissima Annunziata dei Catalani","religion":"christian","denomination":"catholic","start_date":"C12","end_date":null,"start_year":null,"end_year":null}},{"type":"Feature","geometry":{"type":"Point","coordinates":[9.12877,45.94532]},"properties":{"osm_type":"way","osm_id":59048043,"name":"Chiesa della Santissima Trinità","religion":"christian","denomination":"catholic","start_date":"C20","end_date":null,"start_year":null,"end_year":null}},{"type":"Feature","geometry":{"type":"Point","coordinates":[9.8241,45.80594]},"properties":{"osm_type":"way","osm_id":61726089,"name":"Chiesa della Santissima Trinità","religion":"christian","denomination":"catholic","start_date":"C16","end_date":null,"start_year":null,"end_year":null}},{"type":"Feature","geometry":{"type":"Point","coordinates":[9.64668,45.33622]},"properties":{"osm_type":"way","osm_id":226847133,"name":"Chiesa della Santissima Trinità","religion":"christian","denomination":"catholic","start_date":"C17","end_date":null,"start_year":null,"end_year":null}},{"type":"Feature","geometry":{"type":"Point","coordinates":[8.19263,45.19569]},"properties":{"osm_type":"way","osm_id":238175526,"name":"Chiesa della Santissima Trinità","religion":"christian","denomination":"catholic","start_date":"C15","end_date":null,"start_year":null,"end_year":null}},{"type":"Feature","geometry":{"type":"Point","coordinates":[10.55194,45.55173]},"properties":{"osm_type":"way","osm_id":943926094,"name":"Chiesa della Santissima Trinità","religion":"christian","denomination":"catholic","start_date":"C15","end_date":null,"start_year":null,"end_year":null}},{"type":"Feature","geometry":{"type":"Point","coordinates":[13.06616,43.07266]},"properties":{"osm_type":"node","osm_id":4517133024,"name":"Chiesa della Villa della Maddalena","religion":"christian","denomination":"roman_catholic","start_date":"C17","end_date":null,"start_year":null,"end_year":null}},{"type":"Feature","geometry":{"type":"Point","coordinates":[11.30842,45.29422]},"properties":{"osm_type":"way","osm_id":314344882,"name":"Chiesa della Visitazione di Maria Santissima","religion":"christian","denomination":"roman_catholic","start_date":"C17","end_date":null,"start_year":null,"end_year":null}},{"type":"Feature","geometry":{"type":"Point","coordinates":[15.38126,38.19454]},"properties":{"osm_type":"way","osm_id":282044784,"name":"Chiesa delle Anime del Purgatorio","religion":"christian","denomination":"catholic","start_date":"C17","end_date":null,"start_year":null,"end_year":null}},{"type":"Feature","geometry":{"type":"Point","coordinates":[13.07685,43.14204]},"properties":{"osm_type":"node","osm_id":4684998994,"name":"Chiesa delle Mosse","religion":"christian","denomination":"catholic","start_date":"C13","end_date":null,"start_year":null,"end_year":null}},{"type":"Feature","geometry":{"type":"Point","coordinates":[12.96517,42.98353]},"properties":{"osm_type":"node","osm_id":4685623838,"name":"Chiesa dello Spirito Santo","religion":"christian","denomination":null,"start_date":"C19","end_date":null,"start_year":null,"end_year":null}},{"type":"Feature","geometry":{"type":"Point","coordinates":[12.62061,38.04123]},"properties":{"osm_type":"node","osm_id":463676658,"name":"Chiesa di Cristo Re","religion":"christian","denomination":"catholic","start_date":"C20","end_date":null,"start_year":null,"end_year":null}},{"type":"Feature","geometry":{"type":"Point","coordinates":[14.24418,40.85158]},"properties":{"osm_type":"way","osm_id":433010363,"name":"Chiesa di Gesù e Maria","religion":"christian","denomination":"catholic","start_date":"C16","end_date":null,"start_year":null,"end_year":null}},{"type":"Feature","geometry":{"type":"Point","coordinates":[12.95973,43.07578]},"properties":{"osm_type":"way","osm_id":1289616402,"name":"Chiesa di Maria Santissima","religion":"christian","denomination":"roman_catholic","start_date":"C13","end_date":null,"start_year":null,"end_year":null}},{"type":"Feature","geometry":{"type":"Point","coordinates":[14.70023,38.02196]},"properties":{"osm_type":"way","osm_id":366854512,"name":"Chiesa di Maria Santissima Assunta","religion":"christian","denomination":"catholic","start_date":"C16","end_date":null,"start_year":null,"end_year":null}},{"type":"Feature","geometry":{"type":"Point","coordinates":[14.43815,41.08072]},"properties":{"osm_type":"way","osm_id":977978920,"name":"Chiesa di Maria Santissima Assunta","religion":"christian","denomination":"catholic","start_date":"Metà del XVII secolo","end_date":null,"start_year":null,"end_year":null}},{"type":"Feature","geometry":{"type":"Point","coordinates":[14.08799,37.93249]},"properties":{"osm_type":"way","osm_id":172589715,"name":"Chiesa di Maria Santissima Assunta - Matrice Vecchia","religion":"christian","denomination":"catholic","start_date":"C14","end_date":null,"start_year":null,"end_year":null}},{"type":"Feature","geometry":{"type":"Point","coordinates":[13.03163,43.08031]},"properties":{"osm_type":"way","osm_id":450438687,"name":"Chiesa di Maria Santissima di Col de Venti","religion":"christian","denomination":"roman_catholic","start_date":"C19","end_date":null,"start_year":null,"end_year":null}},{"type":"Feature","geometry":{"type":"Point","coordinates":[7.89205,44.1527]},"properties":{"osm_type":"way","osm_id":375481963,"name":"Chiesa di Maria Vergine Assunta","religion":"christian","denomination":"roman_catholic","start_date":"C18","end_date":null,"start_year":null,"end_year":null}},{"type":"Feature","geometry":{"type":"Point","coordinates":[10.056,45.48192]},"properties":{"osm_type":"way","osm_id":681731176,"name":"Chiesa di Ognissanti","religion":"christian","denomination":"catholic","start_date":"C18","end_date":null,"start_year":null,"end_year":null}},{"type":"Feature","geometry":{"type":"Point","coordinates":[11.90152,45.30356]},"properties":{"osm_type":"way","osm_id":375903997,"name":"Chiesa di Ronchi del Volo","religion":"christian","denomination":"catholic","start_date":"C14","end_date":null,"start_year":null,"end_year":null}},{"type":"Feature","geometry":{"type":"Point","coordinates":[12.71154,41.81853]},"properties":{"osm_type":"way","osm_id":206922281,"name":"Chiesa di S. Antonio","religion":"christian","denomination":"roman_catholic","start_date":"C11","end_date":null,"start_year":null,"end_year":null}},{"type":"Feature","geometry":{"type":"Point","coordinates":[13.29191,37.59911]},"properties":{"osm_type":"way","osm_id":1221392370,"name":"Chiesa di San Antonio Abate","religion":"christian","denomination":"catholic","start_date":"C15","end_date":null,"start_year":null,"end_year":null}},{"type":"Feature","geometry":{"type":"Point","coordinates":[13.03368,43.13384]},"properties":{"osm_type":"node","osm_id":4685028138,"name":"Chiesa di San Barnaba in Raggiano","religion":"christian","denomination":"catholic","start_date":"C17","end_date":null,"start_year":null,"end_year":null}},{"type":"Feature","geometry":{"type":"Point","coordinates":[9.3366,45.90202]},"properties":{"osm_type":"way","osm_id":288158884,"name":"Chiesa di San Bartolomeo","religion":"christian","denomination":null,"start_date":"C12","end_date":null,"start_year":null,"end_year":null}},{"type":"Feature","geometry":{"type":"Point","coordinates":[10.35646,45.58367]},"properties":{"osm_type":"way","osm_id":313172580,"name":"Chiesa di San Bartolomeo Apostolo","religion":"christian","denomination":"catholic","start_date":"C8","end_date":null,"start_year":null,"end_year":null}},{"type":"Feature","geometry":{"type":"Point","coordinates":[14.70043,38.07398]},"properties":{"osm_type":"way","osm_id":404055020,"name":"Chiesa di San Basilio","religion":"christian","denomination":"roman_catholic","start_date":"C 14","end_date":null,"start_year":null,"end_year":null}},{"type":"Feature","geometry":{"type":"Point","coordinates":[9.06602,45.98975]},"properties":{"osm_type":"way","osm_id":195463173,"name":"Chiesa di San Benedetto","religion":"christian","denomination":"catholic","start_date":"C17","end_date":null,"start_year":null,"end_year":null}},{"type":"Feature","geometry":{"type":"Point","coordinates":[13.01152,43.0028]},"properties":{"osm_type":"way","osm_id":449691608,"name":"Chiesa di San Benedetto","religion":"christian","denomination":"roman_catholic","start_date":"C16","end_date":null,"start_year":null,"end_year":null}},{"type":"Feature","geometry":{"type":"Point","coordinates":[10.49671,45.63037]},"properties":{"osm_type":"way","osm_id":332889311,"name":"Chiesa di San Benedetto da Norcia","religion":"christian","denomination":"catholic","start_date":"C15","end_date":null,"start_year":null,"end_year":null}},{"type":"Feature","geometry":{"type":"Point","coordinates":[9.16482,45.99294]},"properties":{"osm_type":"way","osm_id":265706021,"name":"Chiesa di San Benedetto in Val Perlana","religion":"christian","denomination":"catholic","start_date":"C11","end_date":null,"start_year":null,"end_year":null}},{"type":"Feature","geometry":{"type":"Point","coordinates":[9.40077,46.32805]},"properties":{"osm_type":"way","osm_id":215768694,"name":"Chiesa di San Bernardino","religion":"christian","denomination":"roman_catholic","start_date":"C15","end_date":null,"start_year":null,"end_year":null}},{"type":"Feature","geometry":{"type":"Point","coordinates":[9.33293,46.08612]},"properties":{"osm_type":"way","osm_id":636512203,"name":"Chiesa di San Bernardino","religion":"christian","denomination":"catholic","start_date":"C15","end_date":null,"start_year":null,"end_year":null}},{"type":"Feature","geometry":{"type":"Point","coordinates":[9.64088,45.49276]},"properties":{"osm_type":"way","osm_id":665906382,"name":"Chiesa di San Bernardino","religion":"christian","denomination":"catholic","start_date":"C15","end_date":null,"start_year":null,"end_year":null}},{"type":"Feature","geometry":{"type":"Point","coordinates":[9.36648,45.70932]},"properties":{"osm_type":"way","osm_id":142456700,"name":"Chiesa di San Bernardo","religion":"christian","denomination":"catholic","start_date":"C16","end_date":null,"start_year":null,"end_year":null}},{"type":"Feature","geometry":{"type":"Point","coordinates":[9.22058,45.82448]},"properties":{"osm_type":"way","osm_id":201832116,"name":"Chiesa di San Bernardo","religion":"christian","denomination":"catholic","start_date":"~C17","end_date":null,"start_year":null,"end_year":null}},{"type":"Feature","geometry":{"type":"Point","coordinates":[10.26853,45.7707]},"properties":{"osm_type":"way","osm_id":292789447,"name":"Chiesa di San Bernardo","religion":"christian","denomination":"catholic","start_date":"C18","end_date":null,"start_year":null,"end_year":null}},{"type":"Feature","geometry":{"type":"Point","coordinates":[10.5612,45.55244]},"properties":{"osm_type":"way","osm_id":390394592,"name":"Chiesa di San Bernardo","religion":"christian","denomination":"roman_catholic","start_date":"C13","end_date":null,"start_year":null,"end_year":null}},{"type":"Feature","geometry":{"type":"Point","coordinates":[9.55374,46.11888]},"properties":{"osm_type":"way","osm_id":556715120,"name":"Chiesa di San Bernardo","religion":"christian","denomination":null,"start_date":"C16","end_date":null,"start_year":null,"end_year":null}},{"type":"Feature","geometry":{"type":"Point","coordinates":[8.97227,45.43813]},"properties":{"osm_type":"way","osm_id":609763809,"name":"Chiesa di San Bernardo","religion":"christian","denomination":"roman_catholic","start_date":"C15","end_date":null,"start_year":null,"end_year":null}},{"type":"Feature","geometry":{"type":"Point","coordinates":[8.69856,45.87158]},"properties":{"osm_type":"way","osm_id":124418740,"name":"Chiesa di San Bernardo e dell′Annunciazione","religion":"christian","denomination":"roman_catholic","start_date":"C14","end_date":null,"start_year":null,"end_year":null}},{"type":"Feature","geometry":{"type":"Point","coordinates":[13.04753,43.01402]},"properties":{"osm_type":"node","osm_id":4517132995,"name":"Chiesa di San Biagio","religion":"christian","denomination":"roman_catholic","start_date":"C15","end_date":null,"start_year":null,"end_year":null}},{"type":"Feature","geometry":{"type":"Point","coordinates":[13.09218,43.01562]},"properties":{"osm_type":"node","osm_id":4517133041,"name":"Chiesa di San Biagio","religion":"christian","denomination":"roman_catholic","start_date":"C17","end_date":null,"start_year":null,"end_year":null}},{"type":"Feature","geometry":{"type":"Point","coordinates":[13.04283,43.08172]},"properties":{"osm_type":"node","osm_id":4517133052,"name":"Chiesa di San Biagio","religion":"christian","denomination":"roman_catholic","start_date":"C15","end_date":null,"start_year":null,"end_year":null}},{"type":"Feature","geometry":{"type":"Point","coordinates":[11.77463,43.09075]},"properties":{"osm_type":"way","osm_id":800497053,"name":"Chiesa di San Biagio","religion":"christian","denomination":"catholic","start_date":"C16","end_date":null,"start_year":null,"end_year":null}},{"type":"Feature","geometry":{"type":"Point","coordinates":[13.03226,43.11546]},"properties":{"osm_type":"way","osm_id":450508082,"name":"Chiesa di San Biagio in Morro","religion":"christian","denomination":"roman_catholic","start_date":"C19","end_date":null,"start_year":null,"end_year":null}},{"type":"Feature","geometry":{"type":"Point","coordinates":[13.06362,43.18821]},"properties":{"osm_type":"node","osm_id":4685029841,"name":"Chiesa di San Biagio in Rocca d'Ajello","religion":"christian","denomination":"catholic","start_date":"C12..C18","end_date":null,"start_year":null,"end_year":null}},{"type":"Feature","geometry":{"type":"Point","coordinates":[8.01449,45.23547]},"properties":{"osm_type":"way","osm_id":964052618,"name":"Chiesa di San Bonaventura","religion":"christian","denomination":"roman_catholic","start_date":"C17","end_date":null,"start_year":null,"end_year":null}},{"type":"Feature","geometry":{"type":"Point","coordinates":[8.83994,45.68714]},"properties":{"osm_type":"way","osm_id":174766393,"name":"Chiesa di San Calimero","religion":"christian","denomination":"catholic","start_date":"C15","end_date":null,"start_year":null,"end_year":null}},{"type":"Feature","geometry":{"type":"Point","coordinates":[9.34307,45.82711]},"properties":{"osm_type":"way","osm_id":331605381,"name":"Chiesa di San Calocero","religion":"christian","denomination":"roman_catholic","start_date":"C9","end_date":null,"start_year":null,"end_year":null}},{"type":"Feature","geometry":{"type":"Point","coordinates":[13.06517,43.13214]},"properties":{"osm_type":"node","osm_id":4520351010,"name":"Chiesa di San Carlo Borromeo","religion":"christian","denomination":"catholic","start_date":"C17","end_date":null,"start_year":null,"end_year":null}},{"type":"Feature","geometry":{"type":"Point","coordinates":[10.18423,45.68994]},"properties":{"osm_type":"way","osm_id":199409585,"name":"Chiesa di San Carlo Borromeo","religion":"christian","denomination":"catholic","start_date":"C17","end_date":null,"start_year":null,"end_year":null}},{"type":"Feature","geometry":{"type":"Point","coordinates":[9.18782,45.45432]},"properties":{"osm_type":"way","osm_id":165090405,"name":"Chiesa di San Celso","religion":"christian","denomination":"catholic","start_date":"C11","end_date":null,"start_year":null,"end_year":null}},{"type":"Feature","geometry":{"type":"Point","coordinates":[12.47047,41.88669]},"properties":{"osm_type":"way","osm_id":182211430,"name":"Chiesa di San Cosimato","religion":"christian","denomination":"catholic","start_date":"C10","end_date":null,"start_year":null,"end_year":null}},{"type":"Feature","geometry":{"type":"Point","coordinates":[12.96309,42.99641]},"properties":{"osm_type":"node","osm_id":4517133044,"name":"Chiesa di San Cristoforo","religion":"christian","denomination":"roman_catholic","start_date":"C14","end_date":null,"start_year":null,"end_year":null}},{"type":"Feature","geometry":{"type":"Point","coordinates":[9.15593,45.54956]},"properties":{"osm_type":"way","osm_id":93933682,"name":"Chiesa di San Cristoforo","religion":"christian","denomination":"roman_catholic","start_date":"C11","end_date":null,"start_year":null,"end_year":null}},{"type":"Feature","geometry":{"type":"Point","coordinates":[15.29369,37.06244]},"properties":{"osm_type":"way","osm_id":176792424,"name":"Chiesa di San Cristoforo","religion":"christian","denomination":"roman_catholic","start_date":"C14","end_date":null,"start_year":null,"end_year":null}},{"type":"Feature","geometry":{"type":"Point","coordinates":[13.57893,42.85525]},"properties":{"osm_type":"way","osm_id":460324675,"name":"Chiesa di San Cristoforo","religion":"christian","denomination":"roman_catholic","start_date":"C16","end_date":null,"start_year":null,"end_year":null}},{"type":"Feature","geometry":{"type":"Point","coordinates":[13.0073,43.10276]},"properties":{"osm_type":"way","osm_id":1279407428,"name":"Chiesa di San Cristoforo","religion":"christian","denomination":"roman_catholic","start_date":"C14","end_date":null,"start_year":null,"end_year":null}},{"type":"Feature","geometry":{"type":"Point","coordinates":[11.87622,45.40104]},"properties":{"osm_type":"way","osm_id":131987864,"name":"Chiesa di San Daniele","religion":"christian","denomination":"catholic","start_date":"C12","end_date":null,"start_year":null,"end_year":null}},{"type":"Feature","geometry":{"type":"Point","coordinates":[9.42136,46.05275]},"properties":{"osm_type":"way","osm_id":299573149,"name":"Chiesa di San Dionigi","religion":"christian","denomination":"catholic","start_date":"C13","end_date":null,"start_year":null,"end_year":null}},{"type":"Feature","geometry":{"type":"Point","coordinates":[9.20409,45.79187]},"properties":{"osm_type":"way","osm_id":308781562,"name":"Chiesa di San Dionigi","religion":"christian","denomination":"catholic","start_date":"C13","end_date":null,"start_year":null,"end_year":null}},{"type":"Feature","geometry":{"type":"Point","coordinates":[13.30358,37.81241]},"properties":{"osm_type":"way","osm_id":1097019729,"name":"Chiesa di San Domenico","religion":"christian","denomination":null,"start_date":"mid C16","end_date":null,"start_year":null,"end_year":null}},{"type":"Feature","geometry":{"type":"Point","coordinates":[10.07972,45.61426]},"properties":{"osm_type":"way","osm_id":558922882,"name":"Chiesa di San Faustino","religion":"christian","denomination":"catholic","start_date":"C15","end_date":null,"start_year":null,"end_year":null}},{"type":"Feature","geometry":{"type":"Point","coordinates":[10.31464,45.53874]},"properties":{"osm_type":"way","osm_id":348014642,"name":"Chiesa di San Faustino al Monte","religion":"christian","denomination":"catholic","start_date":"C12","end_date":null,"start_year":null,"end_year":null}},{"type":"Feature","geometry":{"type":"Point","coordinates":[10.24033,45.74546]},"properties":{"osm_type":"way","osm_id":197030709,"name":"Chiesa di San Filastrio","religion":"christian","denomination":"catholic","start_date":"C14~C15","end_date":null,"start_year":null,"end_year":null}},{"type":"Feature","geometry":{"type":"Point","coordinates":[9.31569,46.11591]},"properties":{"osm_type":"way","osm_id":247034768,"name":"Chiesa di San Filippo","religion":"christian","denomination":"roman_catholic","start_date":"~C12","end_date":null,"start_year":null,"end_year":null}},{"type":"Feature","geometry":{"type":"Point","coordinates":[9.22863,45.92133]},"properties":{"osm_type":"way","osm_id":479916656,"name":"Chiesa di San Filippo e San Giacomo","religion":"christian","denomination":"catholic","start_date":"C20","end_date":null,"start_year":null,"end_year":null}},{"type":"Feature","geometry":{"type":"Point","coordinates":[13.06479,43.13464]},"properties":{"osm_type":"node","osm_id":4355786897,"name":"Chiesa di San Filippo Neri","religion":"christian","denomination":"catholic","start_date":"C18","end_date":null,"start_year":null,"end_year":null}},{"type":"Feature","geometry":{"type":"Point","coordinates":[13.16518,43.06084]},"properties":{"osm_type":"node","osm_id":4520455772,"name":"Chiesa di San Flaviano","religion":"christian","denomination":"catholic","start_date":"C14..C19","end_date":null,"start_year":null,"end_year":null}},{"type":"Feature","geometry":{"type":"Point","coordinates":[13.10075,43.06293]},"properties":{"osm_type":"node","osm_id":4686615292,"name":"Chiesa di San Flaviano","religion":"christian","denomination":null,"start_date":"C15","end_date":null,"start_year":null,"end_year":null}},{"type":"Feature","geometry":{"type":"Point","coordinates":[13.06257,42.97236]},"properties":{"osm_type":"node","osm_id":4687307884,"name":"Chiesa di San Fortunato","religion":"christian","denomination":null,"start_date":"C14","end_date":null,"start_year":null,"end_year":null}},{"type":"Feature","geometry":{"type":"Point","coordinates":[13.07821,43.07659]},"properties":{"osm_type":"node","osm_id":4517132999,"name":"Chiesa di San Francesco","religion":"christian","denomination":"roman_catholic","start_date":"C13","end_date":null,"start_year":null,"end_year":null}},{"type":"Feature","geometry":{"type":"Point","coordinates":[13.08796,42.93014]},"properties":{"osm_type":"way","osm_id":433006150,"name":"Chiesa di San Francesco","religion":"christian","denomination":"roman_catholic","start_date":"C13","end_date":null,"start_year":null,"end_year":null}},{"type":"Feature","geometry":{"type":"Point","coordinates":[7.99616,45.33101]},"properties":{"osm_type":"way","osm_id":1086232752,"name":"Chiesa di San Francesco","religion":"christian","denomination":"catholic","start_date":"C14","end_date":null,"start_year":null,"end_year":null}},{"type":"Feature","geometry":{"type":"Point","coordinates":[17.35724,40.8329]},"properties":{"osm_type":"way","osm_id":416923916,"name":"Chiesa di San Francesco da Paola","religion":"christian","denomination":null,"start_date":"C17","end_date":null,"start_year":null,"end_year":null}},{"type":"Feature","geometry":{"type":"Point","coordinates":[14.25619,40.85476]},"properties":{"osm_type":"way","osm_id":286637948,"name":"Chiesa di San Francesco dei Cocchieri","religion":"christian","denomination":"catholic","start_date":"C17","end_date":null,"start_year":null,"end_year":null}},{"type":"Feature","geometry":{"type":"Point","coordinates":[10.34126,45.57538]},"properties":{"osm_type":"way","osm_id":327053607,"name":"Chiesa di San Gaetano","religion":"christian","denomination":"catholic","start_date":"C17","end_date":null,"start_year":null,"end_year":null}},{"type":"Feature","geometry":{"type":"Point","coordinates":[13.21355,43.60132]},"properties":{"osm_type":"way","osm_id":791263557,"name":"Chiesa di San Gaudenzio","religion":"christian","denomination":"roman_catholic","start_date":"C18","end_date":null,"start_year":null,"end_year":null}},{"type":"Feature","geometry":{"type":"Point","coordinates":[13.063,43.1318]},"properties":{"osm_type":"node","osm_id":4517133033,"name":"Chiesa di San Giacomo","religion":"christian","denomination":"roman_catholic","start_date":"C19","end_date":null,"start_year":null,"end_year":null}},{"type":"Feature","geometry":{"type":"Point","coordinates":[13.03989,42.92224]},"properties":{"osm_type":"node","osm_id":4687315672,"name":"Chiesa di San Giacomo","religion":"christian","denomination":"catholic","start_date":"C15","end_date":null,"start_year":null,"end_year":null}},{"type":"Feature","geometry":{"type":"Point","coordinates":[10.31695,46.24649]},"properties":{"osm_type":"way","osm_id":199575649,"name":"Chiesa di San Giacomo","religion":"christian","denomination":"catholic","start_date":"C18","end_date":null,"start_year":null,"end_year":null}},{"type":"Feature","geometry":{"type":"Point","coordinates":[8.2498,45.81569]},"properties":{"osm_type":"way","osm_id":222943534,"name":"Chiesa di San Giacomo","religion":"christian","denomination":"catholic","start_date":"C14","end_date":null,"start_year":null,"end_year":null}},{"type":"Feature","geometry":{"type":"Point","coordinates":[13.08918,42.93132]},"properties":{"osm_type":"node","osm_id":4520867026,"name":"Chiesa di San Giacomo e convento","religion":"christian","denomination":"catholic","start_date":"C16","end_date":null,"start_year":null,"end_year":null}},{"type":"Feature","geometry":{"type":"Point","coordinates":[9.06021,45.98101]},"properties":{"osm_type":"way","osm_id":195594358,"name":"Chiesa di San Giorgio","religion":"christian","denomination":"catholic","start_date":"C17","end_date":null,"start_year":null,"end_year":null}},{"type":"Feature","geometry":{"type":"Point","coordinates":[9.3271,45.91084]},"properties":{"osm_type":"way","osm_id":286746570,"name":"Chiesa di San Giorgio","religion":"christian","denomination":"catholic","start_date":"C12","end_date":null,"start_year":null,"end_year":null}},{"type":"Feature","geometry":{"type":"Point","coordinates":[9.40857,45.86032]},"properties":{"osm_type":"way","osm_id":311843445,"name":"Chiesa di San Giorgio","religion":"christian","denomination":"catholic","start_date":"C16","end_date":null,"start_year":null,"end_year":null}},{"type":"Feature","geometry":{"type":"Point","coordinates":[11.25099,45.41899]},"properties":{"osm_type":"way","osm_id":222614084,"name":"Chiesa di San Giorgio de' Servi","religion":"christian","denomination":"catholic","start_date":"C13","end_date":null,"start_year":null,"end_year":null}},{"type":"Feature","geometry":{"type":"Point","coordinates":[10.18849,45.69838]},"properties":{"osm_type":"way","osm_id":194213094,"name":"Chiesa di San Giorgio Martire","religion":"christian","denomination":"catholic","start_date":"C11","end_date":null,"start_year":null,"end_year":null}},{"type":"Feature","geometry":{"type":"Point","coordinates":[13.04545,43.04367]},"properties":{"osm_type":"node","osm_id":4517133000,"name":"Chiesa di San Giovanni","religion":"christian","denomination":"roman_catholic","start_date":"C17","end_date":null,"start_year":null,"end_year":null}},{"type":"Feature","geometry":{"type":"Point","coordinates":[13.11022,43.08099]},"properties":{"osm_type":"node","osm_id":4517133001,"name":"Chiesa di San Giovanni","religion":"christian","denomination":"roman_catholic","start_date":"C14","end_date":null,"start_year":null,"end_year":null}},{"type":"Feature","geometry":{"type":"Point","coordinates":[9.12024,45.85819]},"properties":{"osm_type":"way","osm_id":218267553,"name":"Chiesa di San Giovanni","religion":"christian","denomination":"catholic","start_date":"C14","end_date":null,"start_year":null,"end_year":null}},{"type":"Feature","geometry":{"type":"Point","coordinates":[13.01585,42.93369]},"properties":{"osm_type":"way","osm_id":598071888,"name":"Chiesa di San Giovanni","religion":"christian","denomination":"catholic","start_date":"C13..C14","end_date":null,"start_year":null,"end_year":null}},{"type":"Feature","geometry":{"type":"Point","coordinates":[9.64106,45.5232]},"properties":{"osm_type":"way","osm_id":605859489,"name":"Chiesa di san Giovanni a Porta Latina","religion":"christian","denomination":"catholic","start_date":"C13","end_date":null,"start_year":null,"end_year":null}},{"type":"Feature","geometry":{"type":"Point","coordinates":[13.08549,42.92527]},"properties":{"osm_type":"node","osm_id":4517133002,"name":"Chiesa di San Giovanni Battista","religion":"christian","denomination":"roman_catholic","start_date":"C17","end_date":null,"start_year":null,"end_year":null}},{"type":"Feature","geometry":{"type":"Point","coordinates":[13.06488,43.13423]},"properties":{"osm_type":"node","osm_id":4517133051,"name":"Chiesa di San Giovanni Battista","religion":"christian","denomination":"roman_catholic","start_date":"C18","end_date":null,"start_year":null,"end_year":null}},{"type":"Feature","geometry":{"type":"Point","coordinates":[12.94353,42.95648]},"properties":{"osm_type":"node","osm_id":4687191643,"name":"Chiesa di San Giovanni Battista","religion":"christian","denomination":null,"start_date":"C16","end_date":null,"start_year":null,"end_year":null}},{"type":"Feature","geometry":{"type":"Point","coordinates":[9.65488,44.14664]},"properties":{"osm_type":"way","osm_id":28265709,"name":"Chiesa di San Giovanni Battista","religion":"christian","denomination":"catholic","start_date":"C14","end_date":null,"start_year":null,"end_year":null}},{"type":"Feature","geometry":{"type":"Point","coordinates":[9.24521,45.97511]},"properties":{"osm_type":"way","osm_id":113618518,"name":"Chiesa di San Giovanni Battista","religion":"christian","denomination":"catholic","start_date":"C10","end_date":null,"start_year":null,"end_year":null}},{"type":"Feature","geometry":{"type":"Point","coordinates":[10.51669,46.26856]},"properties":{"osm_type":"way","osm_id":370490126,"name":"Chiesa di San Giovanni Battista","religion":"christian","denomination":"catholic","start_date":"C17","end_date":null,"start_year":null,"end_year":null}},{"type":"Feature","geometry":{"type":"Point","coordinates":[8.89041,45.88935]},"properties":{"osm_type":"way","osm_id":420877054,"name":"Chiesa di San Giovanni Battista","religion":"christian","denomination":"catholic","start_date":"C13","end_date":null,"start_year":null,"end_year":null}},{"type":"Feature","geometry":{"type":"Point","coordinates":[13.82258,41.30134]},"properties":{"osm_type":"way","osm_id":424118454,"name":"Chiesa di San Giovanni Battista","religion":"christian","denomination":null,"start_date":"C11","end_date":null,"start_year":null,"end_year":null}},{"type":"Feature","geometry":{"type":"Point","coordinates":[13.18048,42.89586]},"properties":{"osm_type":"way","osm_id":439367098,"name":"Chiesa di San Giovanni Battista","religion":"christian","denomination":null,"start_date":"C14","end_date":null,"start_year":null,"end_year":null}},{"type":"Feature","geometry":{"type":"Point","coordinates":[8.0101,45.23595]},"properties":{"osm_type":"way","osm_id":963158789,"name":"Chiesa di San Giovanni Battista","religion":"christian","denomination":"roman_catholic","start_date":"C19","end_date":null,"start_year":null,"end_year":null}},{"type":"Feature","geometry":{"type":"Point","coordinates":[13.9781,42.58339]},"properties":{"osm_type":"way","osm_id":1068256812,"name":"Chiesa di San Giovanni Battista","religion":"christian","denomination":"catholic","start_date":"C14","end_date":null,"start_year":null,"end_year":null}},{"type":"Feature","geometry":{"type":"Point","coordinates":[12.32782,43.22422]},"properties":{"osm_type":"way","osm_id":1149611889,"name":"Chiesa di San Giovanni Battista","religion":"christian","denomination":"roman_catholic","start_date":"~C13","end_date":null,"start_year":null,"end_year":null}},{"type":"Feature","geometry":{"type":"Point","coordinates":[12.06947,45.3627]},"properties":{"osm_type":"way","osm_id":1364475200,"name":"Chiesa di San Giovanni Battista","religion":"christian","denomination":null,"start_date":"C18","end_date":null,"start_year":null,"end_year":null}},{"type":"Feature","geometry":{"type":"Point","coordinates":[13.85872,45.61502]},"properties":{"osm_type":"way","osm_id":36684435,"name":"Chiesa di San Giovanni Battista / Cerkev Svetega Janeza Krstnika","religion":"christian","denomination":"catholic","start_date":"C17","end_date":null,"start_year":null,"end_year":null}},{"type":"Feature","geometry":{"type":"Point","coordinates":[10.55171,45.54983]},"properties":{"osm_type":"way","osm_id":975710067,"name":"Chiesa di San Giovanni Battista Decollato","religion":"christian","denomination":"catholic","start_date":"C8..C11","end_date":null,"start_year":null,"end_year":null}},{"type":"Feature","geometry":{"type":"Point","coordinates":[12.26899,46.41608]},"properties":{"osm_type":"way","osm_id":383696286,"name":"Chiesa di San Giovanni Battista di Vinigo","religion":"christian","denomination":"catholic","start_date":"C15","end_date":null,"start_year":null,"end_year":null}},{"type":"Feature","geometry":{"type":"Point","coordinates":[9.40526,45.87991]},"properties":{"osm_type":"way","osm_id":308631104,"name":"Chiesa di San Giovanni Battista e San Giovanni Crisostomo","religion":"christian","denomination":"roman_catholic","start_date":"C13","end_date":null,"start_year":null,"end_year":null}},{"type":"Feature","geometry":{"type":"Point","coordinates":[12.91669,43.02817]},"properties":{"osm_type":"way","osm_id":1292159819,"name":"Chiesa di San Giovanni Battista o dei Santi Giovanni e Niccolò","religion":"christian","denomination":"roman_catholic","start_date":"C19","end_date":null,"start_year":null,"end_year":null}},{"type":"Feature","geometry":{"type":"Point","coordinates":[13.06797,43.08469]},"properties":{"osm_type":"node","osm_id":4685051779,"name":"Chiesa di San Giovanni decollato a Gaiano","religion":"christian","denomination":"catholic","start_date":"C16","end_date":null,"start_year":null,"end_year":null}},{"type":"Feature","geometry":{"type":"Point","coordinates":[13.04805,43.18135]},"properties":{"osm_type":"node","osm_id":4685050774,"name":"Chiesa di San Giovanni Decollato a Mecciano","religion":"christian","denomination":"catholic","start_date":"C15","end_date":null,"start_year":null,"end_year":null}},{"type":"Feature","geometry":{"type":"Point","coordinates":[13.0076,42.98499]},"properties":{"osm_type":"node","osm_id":4685768383,"name":"Chiesa di San Giovanni Evangelista","religion":"christian","denomination":"catholic","start_date":"C16","end_date":null,"start_year":null,"end_year":null}},{"type":"Feature","geometry":{"type":"Point","coordinates":[10.30918,46.13464]},"properties":{"osm_type":"way","osm_id":443028837,"name":"Chiesa di San Giovanni Nepomuceno","religion":"christian","denomination":"catholic","start_date":"C18","end_date":null,"start_year":null,"end_year":null}},{"type":"Feature","geometry":{"type":"Point","coordinates":[10.09915,45.72924]},"properties":{"osm_type":"way","osm_id":403929224,"name":"Chiesa di San Giovanni Nepomuceno e Rocco","religion":"christian","denomination":"catholic","start_date":"C18","end_date":null,"start_year":null,"end_year":null}},{"type":"Feature","geometry":{"type":"Point","coordinates":[13.07945,42.93674]},"properties":{"osm_type":"way","osm_id":546701820,"name":"Chiesa di San Girolamo e dei Frati Cappuccini","religion":"christian","denomination":"catholic","start_date":"C16","end_date":null,"start_year":null,"end_year":null}},{"type":"Feature","geometry":{"type":"Point","coordinates":[10.26493,45.77869]},"properties":{"osm_type":"way","osm_id":199730874,"name":"Chiesa di San Giuseppe","religion":"christian","denomination":"catholic","start_date":"C16","end_date":null,"start_year":null,"end_year":null}},{"type":"Feature","geometry":{"type":"Point","coordinates":[10.32576,46.1414]},"properties":{"osm_type":"way","osm_id":443025895,"name":"Chiesa di San Giuseppe","religion":"christian","denomination":"catholic","start_date":"C16","end_date":null,"start_year":null,"end_year":null}},{"type":"Feature","geometry":{"type":"Point","coordinates":[14.08641,37.28368]},"properties":{"osm_type":"way","osm_id":520939090,"name":"Chiesa di San Giuseppe","religion":"christian","denomination":"catholic","start_date":"C19","end_date":null,"start_year":null,"end_year":null}},{"type":"Feature","geometry":{"type":"Point","coordinates":[8.99147,45.53766]},"properties":{"osm_type":"way","osm_id":561558245,"name":"Chiesa di San Giuseppe","religion":"christian","denomination":"roman_catholic","start_date":"C17","end_date":null,"start_year":null,"end_year":null}},{"type":"Feature","geometry":{"type":"Point","coordinates":[17.35836,40.83408]},"properties":{"osm_type":"way","osm_id":662955761,"name":"Chiesa di San Giuseppe","religion":"christian","denomination":"catholic","start_date":"early C20","end_date":null,"start_year":null,"end_year":null}},{"type":"Feature","geometry":{"type":"Point","coordinates":[13.02705,43.11337]},"properties":{"osm_type":"way","osm_id":1289616414,"name":"Chiesa di San Giuseppe","religion":"christian","denomination":"catholic","start_date":"C18","end_date":null,"start_year":null,"end_year":null}},{"type":"Feature","geometry":{"type":"Point","coordinates":[13.05345,43.05647]},"properties":{"osm_type":"node","osm_id":4686486129,"name":"Chiesa di San Giuseppe in Lucciano","religion":"christian","denomination":null,"start_date":"C17","end_date":null,"start_year":null,"end_year":null}},{"type":"Feature","geometry":{"type":"Point","coordinates":[13.0723,42.99489]},"properties":{"osm_type":"node","osm_id":4686484410,"name":"Chiesa di San Giuseppe o di San Salvatore","religion":"christian","denomination":null,"start_date":"C19","end_date":null,"start_year":null,"end_year":null}},{"type":"Feature","geometry":{"type":"Point","coordinates":[13.13889,43.09433]},"properties":{"osm_type":"node","osm_id":4520791766,"name":"Chiesa di San Giusto in San Maroto","religion":"christian","denomination":"catholic","start_date":"C11","end_date":null,"start_year":null,"end_year":null}},{"type":"Feature","geometry":{"type":"Point","coordinates":[8.80651,45.86499]},"properties":{"osm_type":"way","osm_id":79433115,"name":"Chiesa di San Gottardo","religion":"christian","denomination":"catholic","start_date":"C15","end_date":null,"start_year":null,"end_year":null}},{"type":"Feature","geometry":{"type":"Point","coordinates":[8.23281,45.1535]},"properties":{"osm_type":"way","osm_id":1318496376,"name":"Chiesa di San Grato","religion":"christian","denomination":"roman_catholic","start_date":"C17","end_date":null,"start_year":null,"end_year":null}},{"type":"Feature","geometry":{"type":"Point","coordinates":[13.09359,43.04208]},"properties":{"osm_type":"node","osm_id":4685574919,"name":"Chiesa di San Gregorio","religion":"christian","denomination":"catholic","start_date":"C18","end_date":null,"start_year":null,"end_year":null}},{"type":"Feature","geometry":{"type":"Point","coordinates":[12.2488,45.66576]},"properties":{"osm_type":"way","osm_id":242711510,"name":"Chiesa di San Leonardo","religion":"christian","denomination":"catholic","start_date":"C19","end_date":null,"start_year":null,"end_year":null}},{"type":"Feature","geometry":{"type":"Point","coordinates":[9.31115,46.07729]},"properties":{"osm_type":"way","osm_id":293963093,"name":"Chiesa di San Leonardo","religion":"christian","denomination":null,"start_date":"C13","end_date":null,"start_year":null,"end_year":null}},{"type":"Feature","geometry":{"type":"Point","coordinates":[13.15338,42.89645]},"properties":{"osm_type":"node","osm_id":4520390103,"name":"Chiesa di San Liberatore","religion":"christian","denomination":"catholic","start_date":"C10","end_date":null,"start_year":null,"end_year":null}},{"type":"Feature","geometry":{"type":"Point","coordinates":[10.36507,45.63302]},"properties":{"osm_type":"way","osm_id":197458357,"name":"Chiesa di San Lino","religion":"christian","denomination":"catholic","start_date":"C17","end_date":null,"start_year":null,"end_year":null}},{"type":"Feature","geometry":{"type":"Point","coordinates":[12.99014,42.94365]},"properties":{"osm_type":"node","osm_id":4517133003,"name":"Chiesa di San Lorenzo","religion":"christian","denomination":"roman_catholic","start_date":"C13","end_date":null,"start_year":null,"end_year":null}},{"type":"Feature","geometry":{"type":"Point","coordinates":[13.16556,43.03838]},"properties":{"osm_type":"node","osm_id":4520400117,"name":"Chiesa di San Lorenzo","religion":"christian","denomination":"catholic","start_date":"C11","end_date":null,"start_year":null,"end_year":null}},{"type":"Feature","geometry":{"type":"Point","coordinates":[12.99399,42.9814]},"properties":{"osm_type":"node","osm_id":4685605507,"name":"Chiesa di San Lorenzo","religion":"christian","denomination":null,"start_date":"C16","end_date":null,"start_year":null,"end_year":null}},{"type":"Feature","geometry":{"type":"Point","coordinates":[9.2198,45.98229]},"properties":{"osm_type":"way","osm_id":101359487,"name":"Chiesa di San Lorenzo","religion":"christian","denomination":"catholic","start_date":"C18","end_date":null,"start_year":null,"end_year":null}},{"type":"Feature","geometry":{"type":"Point","coordinates":[8.42499,45.32452]},"properties":{"osm_type":"way","osm_id":183856893,"name":"Chiesa di San Lorenzo","religion":"christian","denomination":"catholic","start_date":"C18","end_date":null,"start_year":null,"end_year":null}},{"type":"Feature","geometry":{"type":"Point","coordinates":[9.15526,45.90937]},"properties":{"osm_type":"way","osm_id":225797430,"name":"Chiesa di San Lorenzo","religion":"christian","denomination":"catholic","start_date":"C17","end_date":null,"start_year":null,"end_year":null}},{"type":"Feature","geometry":{"type":"Point","coordinates":[9.26271,45.80912]},"properties":{"osm_type":"way","osm_id":575697762,"name":"Chiesa di San Lorenzo","religion":"christian","denomination":"catholic","start_date":"C13","end_date":null,"start_year":null,"end_year":null}},{"type":"Feature","geometry":{"type":"Point","coordinates":[10.15351,45.59443]},"properties":{"osm_type":"way","osm_id":664893955,"name":"Chiesa di San Lorenzo","religion":"christian","denomination":"catholic","start_date":"C15","end_date":null,"start_year":null,"end_year":null}},{"type":"Feature","geometry":{"type":"Point","coordinates":[10.12628,45.63228]},"properties":{"osm_type":"way","osm_id":956339944,"name":"Chiesa di San Lorenzo","religion":"christian","denomination":"catholic","start_date":"C17","end_date":null,"start_year":null,"end_year":null}},{"type":"Feature","geometry":{"type":"Point","coordinates":[13.12422,43.08675]},"properties":{"osm_type":"node","osm_id":4685532895,"name":"Chiesa di San Lorenzo in Colpolina","religion":"christian","denomination":"catholic","start_date":"C17","end_date":null,"start_year":null,"end_year":null}},{"type":"Feature","geometry":{"type":"Point","coordinates":[13.07807,43.17453]},"properties":{"osm_type":"node","osm_id":4685064433,"name":"Chiesa di San Lorenzo in Vallevegenana","religion":"christian","denomination":"catholic","start_date":"C14","end_date":null,"start_year":null,"end_year":null}},{"type":"Feature","geometry":{"type":"Point","coordinates":[10.27772,45.77328]},"properties":{"osm_type":"way","osm_id":198025355,"name":"Chiesa di San Lorenzo Martire","religion":"christian","denomination":"catholic","start_date":"C16","end_date":null,"start_year":null,"end_year":null}},{"type":"Feature","geometry":{"type":"Point","coordinates":[13.58046,37.31188]},"properties":{"osm_type":"way","osm_id":424884971,"name":"Chiesa di San Lorenzo o del Purgatorio","religion":"christian","denomination":"catholic","start_date":"C17","end_date":null,"start_year":null,"end_year":null}},{"type":"Feature","geometry":{"type":"Point","coordinates":[13.08583,43.11527]},"properties":{"osm_type":"way","osm_id":35019969,"name":"Chiesa di San Luca","religion":"christian","denomination":"catholic","start_date":"C14","end_date":null,"start_year":null,"end_year":null}},{"type":"Feature","geometry":{"type":"Point","coordinates":[9.08977,46.08605]},"properties":{"osm_type":"way","osm_id":209432385,"name":"Chiesa di San Lucio","religion":"christian","denomination":"roman_catholic","start_date":"C13","end_date":null,"start_year":null,"end_year":null}},{"type":"Feature","geometry":{"type":"Point","coordinates":[13.05172,43.11618]},"properties":{"osm_type":"node","osm_id":4685040168,"name":"Chiesa di San Macario","religion":"christian","denomination":"catholic","start_date":"C15","end_date":null,"start_year":null,"end_year":null}},{"type":"Feature","geometry":{"type":"Point","coordinates":[9.15865,45.51279]},"properties":{"osm_type":"way","osm_id":260475305,"name":"Chiesa di San Mamete","religion":"christian","denomination":"roman_catholic","start_date":"C13","end_date":null,"start_year":null,"end_year":null}},{"type":"Feature","geometry":{"type":"Point","coordinates":[13.09509,43.03342]},"properties":{"osm_type":"node","osm_id":4517133008,"name":"Chiesa di San Marco","religion":"christian","denomination":"roman_catholic","start_date":"C18","end_date":null,"start_year":null,"end_year":null}},{"type":"Feature","geometry":{"type":"Point","coordinates":[13.1326,43.0709]},"properties":{"osm_type":"node","osm_id":4517133007,"name":"Chiesa di San Marco in Colpolina","religion":"christian","denomination":"roman_catholic","start_date":"C11","end_date":null,"start_year":null,"end_year":null}},{"type":"Feature","geometry":{"type":"Point","coordinates":[13.00984,43.15007]},"properties":{"osm_type":"node","osm_id":4685096556,"name":"Chiesa di San Martino","religion":"christian","denomination":"catholic","start_date":"C15","end_date":null,"start_year":null,"end_year":null}},{"type":"Feature","geometry":{"type":"Point","coordinates":[13.07761,43.06998]},"properties":{"osm_type":"node","osm_id":4686632656,"name":"Chiesa di San Martino","religion":"christian","denomination":"catholic","start_date":"C19","end_date":null,"start_year":null,"end_year":null}},{"type":"Feature","geometry":{"type":"Point","coordinates":[9.2307,46.00464]},"properties":{"osm_type":"way","osm_id":108589511,"name":"Chiesa di San Martino","religion":"christian","denomination":"catholic","start_date":"~C16","end_date":null,"start_year":null,"end_year":null}},{"type":"Feature","geometry":{"type":"Point","coordinates":[10.38853,45.56623]},"properties":{"osm_type":"way","osm_id":197940993,"name":"Chiesa di San Martino","religion":"christian","denomination":"catholic","start_date":"C7","end_date":null,"start_year":null,"end_year":null}},{"type":"Feature","geometry":{"type":"Point","coordinates":[9.15047,45.60816]},"properties":{"osm_type":"way","osm_id":219651026,"name":"Chiesa di San Martino","religion":"christian","denomination":"roman_catholic","start_date":"C13","end_date":null,"start_year":null,"end_year":null}},{"type":"Feature","geometry":{"type":"Point","coordinates":[9.15371,45.89563]},"properties":{"osm_type":"way","osm_id":228760257,"name":"Chiesa di San Martino","religion":"christian","denomination":"catholic","start_date":"C10","end_date":null,"start_year":null,"end_year":null}},{"type":"Feature","geometry":{"type":"Point","coordinates":[9.37538,46.17778]},"properties":{"osm_type":"way","osm_id":290237782,"name":"Chiesa di San Martino","religion":"christian","denomination":"catholic","start_date":"C15","end_date":null,"start_year":null,"end_year":null}},{"type":"Feature","geometry":{"type":"Point","coordinates":[13.16471,42.88465]},"properties":{"osm_type":"way","osm_id":450469336,"name":"Chiesa di San Martino","religion":"christian","denomination":"roman_catholic","start_date":"C13","end_date":null,"start_year":null,"end_year":null}},{"type":"Feature","geometry":{"type":"Point","coordinates":[9.36236,46.03515]},"properties":{"osm_type":"way","osm_id":1334381053,"name":"Chiesa di San Martino","religion":"christian","denomination":"roman_catholic","start_date":"C11","end_date":null,"start_year":null,"end_year":null}},{"type":"Feature","geometry":{"type":"Point","coordinates":[13.15385,42.89545]},"properties":{"osm_type":"node","osm_id":4520379676,"name":"Chiesa di San Martino dei Gualdesi","religion":"christian","denomination":"catholic","start_date":"C14","end_date":null,"start_year":null,"end_year":null}},{"type":"Feature","geometry":{"type":"Point","coordinates":[13.15176,43.06511]},"properties":{"osm_type":"node","osm_id":4520425947,"name":"Chiesa di San Martino in Bolognesi","religion":"christian","denomination":"catholic","start_date":"C19","end_date":null,"start_year":null,"end_year":null}},{"type":"Feature","geometry":{"type":"Point","coordinates":[13.1344,43.15078]},"properties":{"osm_type":"node","osm_id":4685073655,"name":"Chiesa di San Martino in Pozzuolo","religion":"christian","denomination":"catholic","start_date":"C17","end_date":null,"start_year":null,"end_year":null}},{"type":"Feature","geometry":{"type":"Point","coordinates":[13.14629,43.0673]},"properties":{"osm_type":"way","osm_id":1424996161,"name":"Chiesa di San Martino in Tedico","religion":"christian","denomination":"roman_catholic","start_date":"C13..C14","end_date":null,"start_year":null,"end_year":null}},{"type":"Feature","geometry":{"type":"Point","coordinates":[12.03078,45.45582]},"properties":{"osm_type":"way","osm_id":38331956,"name":"Chiesa di San Martino Vescovo","religion":"christian","denomination":"catholic","start_date":"C12","end_date":null,"start_year":null,"end_year":null}},{"type":"Feature","geometry":{"type":"Point","coordinates":[13.96836,42.51807]},"properties":{"osm_type":"way","osm_id":1293938249,"name":"Chiesa di San Martino Vescovo","religion":"christian","denomination":null,"start_date":"C11","end_date":null,"start_year":null,"end_year":null}},{"type":"Feature","geometry":{"type":"Point","coordinates":[8.78331,44.79341]},"properties":{"osm_type":"way","osm_id":1374456470,"name":"Chiesa di San Martino Vescovo","religion":"christian","denomination":"roman_catholic","start_date":"C16","end_date":null,"start_year":null,"end_year":null}},{"type":"Feature","geometry":{"type":"Point","coordinates":[9.39259,45.78259]},"properties":{"osm_type":"way","osm_id":167231416,"name":"Chiesa di San Maurizio","religion":"christian","denomination":"catholic","start_date":"C14","end_date":null,"start_year":null,"end_year":null}},{"type":"Feature","geometry":{"type":"Point","coordinates":[13.1352,43.08623]},"properties":{"osm_type":"node","osm_id":4686741206,"name":"Chiesa di San Mauro","religion":"christian","denomination":"catholic","start_date":"C17","end_date":null,"start_year":null,"end_year":null}},{"type":"Feature","geometry":{"type":"Point","coordinates":[12.94988,43.09866]},"properties":{"osm_type":"node","osm_id":4687186492,"name":"Chiesa di San Mauro","religion":"christian","denomination":"catholic","start_date":"C16","end_date":null,"start_year":null,"end_year":null}},{"type":"Feature","geometry":{"type":"Point","coordinates":[8.59349,45.29052]},"properties":{"osm_type":"node","osm_id":639041941,"name":"Chiesa di San Michele","religion":"christian","denomination":"catholic","start_date":"C12","end_date":null,"start_year":null,"end_year":null}},{"type":"Feature","geometry":{"type":"Point","coordinates":[9.06675,45.98028]},"properties":{"osm_type":"way","osm_id":69768281,"name":"Chiesa di San Michele","religion":"christian","denomination":"catholic","start_date":"C17","end_date":null,"start_year":null,"end_year":null}},{"type":"Feature","geometry":{"type":"Point","coordinates":[9.08302,45.85047]},"properties":{"osm_type":"way","osm_id":137061036,"name":"Chiesa di San Michele","religion":"christian","denomination":"catholic","start_date":"late C13","end_date":null,"start_year":null,"end_year":null}},{"type":"Feature","geometry":{"type":"Point","coordinates":[10.84353,45.88671]},"properties":{"osm_type":"way","osm_id":245601922,"name":"Chiesa di San Michele","religion":"christian","denomination":"catholic","start_date":"C11","end_date":null,"start_year":null,"end_year":null}},{"type":"Feature","geometry":{"type":"Point","coordinates":[8.8892,39.67354]},"properties":{"osm_type":"way","osm_id":294445672,"name":"Chiesa di San Michele","religion":"christian","denomination":null,"start_date":"C13","end_date":null,"start_year":null,"end_year":null}},{"type":"Feature","geometry":{"type":"Point","coordinates":[13.05746,42.99149]},"properties":{"osm_type":"node","osm_id":485200173,"name":"Chiesa di San Michele Arcangelo","religion":"christian","denomination":"catholic","start_date":"C13","end_date":null,"start_year":null,"end_year":null}},{"type":"Feature","geometry":{"type":"Point","coordinates":[13.22831,42.99319]},"properties":{"osm_type":"node","osm_id":4520368603,"name":"Chiesa di San Michele Arcangelo","religion":"christian","denomination":"catholic","start_date":"C13..C20","end_date":null,"start_year":null,"end_year":null}},{"type":"Feature","geometry":{"type":"Point","coordinates":[13.08169,43.16546]},"properties":{"osm_type":"node","osm_id":4685102412,"name":"Chiesa di San Michele Arcangelo","religion":"christian","denomination":"catholic","start_date":"C18","end_date":null,"start_year":null,"end_year":null}},{"type":"Feature","geometry":{"type":"Point","coordinates":[13.0561,43.04546]},"properties":{"osm_type":"node","osm_id":4686508187,"name":"Chiesa di San Michele Arcangelo","religion":"christian","denomination":"catholic","start_date":"C19","end_date":null,"start_year":null,"end_year":null}},{"type":"Feature","geometry":{"type":"Point","coordinates":[12.91748,42.99842]},"properties":{"osm_type":"node","osm_id":4687198124,"name":"Chiesa di San Michele Arcangelo","religion":"christian","denomination":"catholic","start_date":"C16","end_date":null,"start_year":null,"end_year":null}},{"type":"Feature","geometry":{"type":"Point","coordinates":[10.09128,45.69379]},"properties":{"osm_type":"way","osm_id":197067248,"name":"Chiesa di San Michele Arcangelo","religion":"christian","denomination":"catholic","start_date":"C17","end_date":null,"start_year":null,"end_year":null}},{"type":"Feature","geometry":{"type":"Point","coordinates":[8.85715,45.75148]},"properties":{"osm_type":"way","osm_id":426081043,"name":"Chiesa di San Michele Arcangelo","religion":"christian","denomination":"roman_catholic","start_date":"C7","end_date":null,"start_year":null,"end_year":null}},{"type":"Feature","geometry":{"type":"Point","coordinates":[12.59634,43.77165]},"properties":{"osm_type":"way","osm_id":477552930,"name":"Chiesa di San Michele Arcangelo","religion":"christian","denomination":"catholic","start_date":"C13","end_date":null,"start_year":null,"end_year":null}},{"type":"Feature","geometry":{"type":"Point","coordinates":[10.82888,45.55582]},"properties":{"osm_type":"way","osm_id":186905212,"name":"Chiesa di San Michele Arcangelo di Gaium","religion":"christian","denomination":"catholic","start_date":"C16","end_date":null,"start_year":null,"end_year":null}},{"type":"Feature","geometry":{"type":"Point","coordinates":[12.95889,42.93666]},"properties":{"osm_type":"node","osm_id":4687329361,"name":"Chiesa di San Michele Arcangelo di Rasenna","religion":"christian","denomination":"catholic","start_date":"C13","end_date":null,"start_year":null,"end_year":null}},{"type":"Feature","geometry":{"type":"Point","coordinates":[13.01863,43.15539]},"properties":{"osm_type":"node","osm_id":4685099745,"name":"Chiesa di San Michele Arcangelo in Perito","religion":"christian","denomination":"catholic","start_date":"C15","end_date":null,"start_year":null,"end_year":null}},{"type":"Feature","geometry":{"type":"Point","coordinates":[9.1585,45.88237]},"properties":{"osm_type":"way","osm_id":220260673,"name":"Chiesa di San Miro","religion":"christian","denomination":"catholic","start_date":"C13","end_date":null,"start_year":null,"end_year":null}},{"type":"Feature","geometry":{"type":"Point","coordinates":[12.99765,43.01431]},"properties":{"osm_type":"node","osm_id":4517131981,"name":"Chiesa di San Niccolò","religion":"christian","denomination":"roman_catholic","start_date":"C14","end_date":null,"start_year":null,"end_year":null}},{"type":"Feature","geometry":{"type":"Point","coordinates":[14.15816,42.00198]},"properties":{"osm_type":"way","osm_id":1102608441,"name":"Chiesa di San Nicola di Bari","religion":"christian","denomination":null,"start_date":"C19","end_date":null,"start_year":null,"end_year":null}},{"type":"Feature","geometry":{"type":"Point","coordinates":[13.08881,43.04703]},"properties":{"osm_type":"node","osm_id":4685579480,"name":"Chiesa di San Nicola o di San Niccolò","religion":"christian","denomination":null,"start_date":"C17","end_date":null,"start_year":null,"end_year":null}},{"type":"Feature","geometry":{"type":"Point","coordinates":[9.30522,46.04418]},"properties":{"osm_type":"way","osm_id":1334378925,"name":"Chiesa di San Nicolao","religion":"christian","denomination":"roman_catholic","start_date":"~C13","end_date":null,"start_year":null,"end_year":null}},{"type":"Feature","geometry":{"type":"Point","coordinates":[13.21948,42.99688]},"properties":{"osm_type":"node","osm_id":4684971149,"name":"Chiesa di San Nicolò","religion":"christian","denomination":"catholic","start_date":"C19","end_date":null,"start_year":null,"end_year":null}},{"type":"Feature","geometry":{"type":"Point","coordinates":[13.03729,43.07188]},"properties":{"osm_type":"node","osm_id":4685641017,"name":"Chiesa di San Nicolò","religion":"christian","denomination":"catholic","start_date":"C15","end_date":null,"start_year":null,"end_year":null}},{"type":"Feature","geometry":{"type":"Point","coordinates":[11.87256,45.40873]},"properties":{"osm_type":"way","osm_id":131966085,"name":"Chiesa di San Nicolò","religion":"christian","denomination":"catholic","start_date":"C11-14-15-16","end_date":null,"start_year":null,"end_year":null}},{"type":"Feature","geometry":{"type":"Point","coordinates":[15.38027,38.19341]},"properties":{"osm_type":"way","osm_id":282042677,"name":"Chiesa di San Nicolò","religion":"christian","denomination":"catholic","start_date":"C17","end_date":null,"start_year":null,"end_year":null}},{"type":"Feature","geometry":{"type":"Point","coordinates":[13.32374,45.86089]},"properties":{"osm_type":"way","osm_id":36685273,"name":"Chiesa di San Nicolò / Glesie di San Nicolau","religion":"christian","denomination":"catholic","start_date":"C17","end_date":null,"start_year":null,"end_year":null}},{"type":"Feature","geometry":{"type":"Point","coordinates":[13.0943,43.096]},"properties":{"osm_type":"node","osm_id":4685073656,"name":"Chiesa di San Nicolò in Sentino","religion":"christian","denomination":"catholic","start_date":"C16","end_date":null,"start_year":null,"end_year":null}},{"type":"Feature","geometry":{"type":"Point","coordinates":[13.10196,43.15761]},"properties":{"osm_type":"way","osm_id":1292703828,"name":"Chiesa di San Nicolò o San Nicola","religion":"christian","denomination":"catholic","start_date":"C17","end_date":null,"start_year":null,"end_year":null}},{"type":"Feature","geometry":{"type":"Point","coordinates":[12.68554,42.26794]},"properties":{"osm_type":"way","osm_id":163229779,"name":"Chiesa di San Paolo","religion":"christian","denomination":"roman_catholic","start_date":"C13","end_date":null,"start_year":null,"end_year":null}},{"type":"Feature","geometry":{"type":"Point","coordinates":[12.29301,45.97704]},"properties":{"osm_type":"way","osm_id":1034548521,"name":"Chiesa di San Paolo al Piano","religion":"christian","denomination":"catholic","start_date":"18","end_date":null,"start_year":null,"end_year":null}},{"type":"Feature","geometry":{"type":"Point","coordinates":[13.15876,43.03792]},"properties":{"osm_type":"way","osm_id":178063929,"name":"Chiesa di San Paolo Apostolo","religion":"christian","denomination":"catholic","start_date":"C10","end_date":null,"start_year":null,"end_year":null}},{"type":"Feature","geometry":{"type":"Point","coordinates":[15.48707,38.06964]},"properties":{"osm_type":"way","osm_id":272259365,"name":"Chiesa di San Paolo Apostolo","religion":"christian","denomination":"catholic","start_date":"C18","end_date":null,"start_year":null,"end_year":null}},{"type":"Feature","geometry":{"type":"Point","coordinates":[13.05876,43.04149]},"properties":{"osm_type":"node","osm_id":4686512641,"name":"Chiesa di San Paterniano","religion":"christian","denomination":"catholic","start_date":"C13..C14","end_date":null,"start_year":null,"end_year":null}},{"type":"Feature","geometry":{"type":"Point","coordinates":[13.0794,42.97797]},"properties":{"osm_type":"node","osm_id":4517133019,"name":"Chiesa di San Pietro","religion":"christian","denomination":"roman_catholic","start_date":"C15","end_date":null,"start_year":null,"end_year":null}},{"type":"Feature","geometry":{"type":"Point","coordinates":[13.04513,43.17]},"properties":{"osm_type":"node","osm_id":4685366660,"name":"Chiesa di San Pietro","religion":"christian","denomination":"catholic","start_date":"C17..C19","end_date":null,"start_year":null,"end_year":null}},{"type":"Feature","geometry":{"type":"Point","coordinates":[9.15686,45.79844]},"properties":{"osm_type":"way","osm_id":113555772,"name":"Chiesa di San Pietro","religion":"christian","denomination":"catholic","start_date":"C11","end_date":null,"start_year":null,"end_year":null}},{"type":"Feature","geometry":{"type":"Point","coordinates":[11.86878,45.40871]},"properties":{"osm_type":"way","osm_id":131966283,"name":"Chiesa di San Pietro","religion":"christian","denomination":"catholic","start_date":"C14..17","end_date":null,"start_year":null,"end_year":null}},{"type":"Feature","geometry":{"type":"Point","coordinates":[8.25635,44.96035]},"properties":{"osm_type":"way","osm_id":169041826,"name":"Chiesa di San Pietro","religion":"christian","denomination":"catholic","start_date":"C12","end_date":null,"start_year":null,"end_year":null}},{"type":"Feature","geometry":{"type":"Point","coordinates":[13.17231,42.89252]},"properties":{"osm_type":"way","osm_id":439365026,"name":"Chiesa di San Pietro","religion":"christian","denomination":"catholic","start_date":"C17","end_date":null,"start_year":null,"end_year":null}},{"type":"Feature","geometry":{"type":"Point","coordinates":[9.31841,45.77308]},"properties":{"osm_type":"way","osm_id":876265594,"name":"Chiesa di San Pietro","religion":"christian","denomination":"roman_catholic","start_date":"C12","end_date":null,"start_year":null,"end_year":null}},{"type":"Feature","geometry":{"type":"Point","coordinates":[13.48969,42.35696]},"properties":{"osm_type":"way","osm_id":701443106,"name":"Chiesa di San Pietro al Morrone","religion":"christian","denomination":"roman_catholic","start_date":"C12","end_date":null,"start_year":null,"end_year":null}},{"type":"Feature","geometry":{"type":"Point","coordinates":[12.98699,42.8865]},"properties":{"osm_type":"node","osm_id":4687337231,"name":"Chiesa di San Pietro Apostolo","religion":"christian","denomination":"catholic","start_date":"C14","end_date":null,"start_year":null,"end_year":null}},{"type":"Feature","geometry":{"type":"Point","coordinates":[13.05745,43.10431]},"properties":{"osm_type":"node","osm_id":4685368407,"name":"Chiesa di San Pietro in Cignano","religion":"christian","denomination":"catholic","start_date":"C18","end_date":null,"start_year":null,"end_year":null}},{"type":"Feature","geometry":{"type":"Point","coordinates":[12.96375,42.98056]},"properties":{"osm_type":"node","osm_id":4685617523,"name":"Chiesa di San Pietro in Collattoni","religion":"christian","denomination":null,"start_date":"C19","end_date":null,"start_year":null,"end_year":null}},{"type":"Feature","geometry":{"type":"Point","coordinates":[13.08904,42.92786]},"properties":{"osm_type":"way","osm_id":433246984,"name":"Chiesa di San Pietro in San Giovanni","religion":"christian","denomination":"catholic","start_date":"C13","end_date":null,"start_year":null,"end_year":null}},{"type":"Feature","geometry":{"type":"Point","coordinates":[9.4435,45.95858]},"properties":{"osm_type":"way","osm_id":246718887,"name":"Chiesa di San Pietro Martire","religion":"christian","denomination":"catholic","start_date":"~C14","end_date":null,"start_year":null,"end_year":null}},{"type":"Feature","geometry":{"type":"Point","coordinates":[8.36833,45.16482]},"properties":{"osm_type":"way","osm_id":1316983445,"name":"Chiesa di San Pietro Martire","religion":"christian","denomination":"roman_catholic","start_date":"before C15","end_date":null,"start_year":null,"end_year":null}},{"type":"Feature","geometry":{"type":"Point","coordinates":[15.09013,37.50295]},"properties":{"osm_type":"way","osm_id":29424670,"name":"Chiesa di San Placido","religion":"christian","denomination":"roman_catholic","start_date":"C18","end_date":null,"start_year":null,"end_year":null}},{"type":"Feature","geometry":{"type":"Point","coordinates":[13.15632,43.03587]},"properties":{"osm_type":"node","osm_id":4520447488,"name":"Chiesa di San Rocco","religion":"christian","denomination":"catholic","start_date":"C20","end_date":null,"start_year":null,"end_year":null}},{"type":"Feature","geometry":{"type":"Point","coordinates":[13.06208,42.99882]},"properties":{"osm_type":"node","osm_id":4686518518,"name":"Chiesa di San Rocco","religion":"christian","denomination":"catholic","start_date":"C16","end_date":null,"start_year":null,"end_year":null}},{"type":"Feature","geometry":{"type":"Point","coordinates":[10.16071,45.59325]},"properties":{"osm_type":"way","osm_id":159959587,"name":"Chiesa di San Rocco","religion":"christian","denomination":"catholic","start_date":"C15","end_date":null,"start_year":null,"end_year":null}},{"type":"Feature","geometry":{"type":"Point","coordinates":[9.82541,45.79977]},"properties":{"osm_type":"way","osm_id":170983961,"name":"Chiesa di San Rocco","religion":"christian","denomination":"catholic","start_date":"C15","end_date":null,"start_year":null,"end_year":null}},{"type":"Feature","geometry":{"type":"Point","coordinates":[9.06988,45.97482]},"properties":{"osm_type":"way","osm_id":195652079,"name":"Chiesa di San Rocco","religion":"christian","denomination":"catholic","start_date":"C19","end_date":null,"start_year":null,"end_year":null}},{"type":"Feature","geometry":{"type":"Point","coordinates":[10.3931,45.5578]},"properties":{"osm_type":"way","osm_id":197943587,"name":"Chiesa di San Rocco","religion":"christian","denomination":"catholic","start_date":"C16","end_date":null,"start_year":null,"end_year":null}},{"type":"Feature","geometry":{"type":"Point","coordinates":[9.15937,45.87501]},"properties":{"osm_type":"way","osm_id":220260674,"name":"Chiesa di San Rocco","religion":"christian","denomination":"catholic","start_date":"C13","end_date":null,"start_year":null,"end_year":null}},{"type":"Feature","geometry":{"type":"Point","coordinates":[10.48293,44.07444]},"properties":{"osm_type":"way","osm_id":295264531,"name":"Chiesa di San Rocco","religion":"christian","denomination":"catholic","start_date":"C17","end_date":null,"start_year":null,"end_year":null}},{"type":"Feature","geometry":{"type":"Point","coordinates":[10.43705,45.58261]},"properties":{"osm_type":"way","osm_id":386181998,"name":"Chiesa di San Rocco","religion":"christian","denomination":"catholic","start_date":"C15","end_date":null,"start_year":null,"end_year":null}},{"type":"Feature","geometry":{"type":"Point","coordinates":[10.30777,46.12739]},"properties":{"osm_type":"way","osm_id":443025665,"name":"Chiesa di San Rocco","religion":"christian","denomination":"catholic","start_date":"C17","end_date":null,"start_year":null,"end_year":null}},{"type":"Feature","geometry":{"type":"Point","coordinates":[15.3543,38.15548]},"properties":{"osm_type":"way","osm_id":478441669,"name":"Chiesa di San Rocco","religion":"christian","denomination":"catholic","start_date":"C18","end_date":null,"start_year":null,"end_year":null}},{"type":"Feature","geometry":{"type":"Point","coordinates":[7.99362,45.32939]},"properties":{"osm_type":"way","osm_id":1086505314,"name":"Chiesa di San Rocco","religion":"christian","denomination":"catholic","start_date":"C16","end_date":null,"start_year":null,"end_year":null}},{"type":"Feature","geometry":{"type":"Point","coordinates":[13.69933,42.1253]},"properties":{"osm_type":"way","osm_id":1240401174,"name":"Chiesa di San Rocco","religion":"christian","denomination":null,"start_date":"C11","end_date":null,"start_year":null,"end_year":null}},{"type":"Feature","geometry":{"type":"Point","coordinates":[9.33582,46.03307]},"properties":{"osm_type":"way","osm_id":1334377856,"name":"Chiesa di San Rocco","religion":"christian","denomination":"roman_catholic","start_date":"C16","end_date":null,"start_year":null,"end_year":null}},{"type":"Feature","geometry":{"type":"Point","coordinates":[10.18922,45.63388]},"properties":{"osm_type":"way","osm_id":185056363,"name":"Chiesa di San Rocco al Monte","religion":"christian","denomination":"catholic","start_date":"C15","end_date":null,"start_year":null,"end_year":null}},{"type":"Feature","geometry":{"type":"Point","coordinates":[12.25859,43.15525]},"properties":{"osm_type":"way","osm_id":1267771888,"name":"Chiesa di San Rocco e Sant’Antonio Abate","religion":"christian","denomination":"catholic","start_date":"mid C14","end_date":null,"start_year":null,"end_year":null}},{"type":"Feature","geometry":{"type":"Point","coordinates":[17.09927,38.96077]},"properties":{"osm_type":"way","osm_id":300821011,"name":"Chiesa di San Rocco o del Carmine sec. XVI","religion":"christian","denomination":"catholic","start_date":"C16","end_date":null,"start_year":null,"end_year":null}},{"type":"Feature","geometry":{"type":"Point","coordinates":[13.80837,42.64606]},"properties":{"osm_type":"way","osm_id":585935270,"name":"Chiesa di San Salvatore","religion":"christian","denomination":null,"start_date":"C13","end_date":null,"start_year":null,"end_year":null}},{"type":"Feature","geometry":{"type":"Point","coordinates":[13.0511,43.16352]},"properties":{"osm_type":"node","osm_id":4685375353,"name":"Chiesa di San Savino","religion":"christian","denomination":"catholic","start_date":"C17","end_date":null,"start_year":null,"end_year":null}},{"type":"Feature","geometry":{"type":"Point","coordinates":[13.24942,43.52462]},"properties":{"osm_type":"way","osm_id":791062499,"name":"Chiesa di San Savino","religion":"christian","denomination":"roman_catholic","start_date":"C16","end_date":null,"start_year":null,"end_year":null}},{"type":"Feature","geometry":{"type":"Point","coordinates":[13.15419,42.8943]},"properties":{"osm_type":"node","osm_id":4520390101,"name":"Chiesa di San Sebastiano","religion":"christian","denomination":"catholic","start_date":"C16","end_date":null,"start_year":null,"end_year":null}},{"type":"Feature","geometry":{"type":"Point","coordinates":[13.07945,43.03968]},"properties":{"osm_type":"node","osm_id":4685583143,"name":"Chiesa di San Sebastiano","religion":"christian","denomination":null,"start_date":"C16","end_date":null,"start_year":null,"end_year":null}},{"type":"Feature","geometry":{"type":"Point","coordinates":[8.42683,45.32379]},"properties":{"osm_type":"way","osm_id":193697811,"name":"Chiesa di San Sebastiano","religion":"christian","denomination":"catholic","start_date":"C16","end_date":null,"start_year":null,"end_year":null}},{"type":"Feature","geometry":{"type":"Point","coordinates":[9.33619,46.02909]},"properties":{"osm_type":"way","osm_id":335602062,"name":"Chiesa di San Sebastiano","religion":"christian","denomination":"roman_catholic","start_date":"C15","end_date":null,"start_year":null,"end_year":null}},{"type":"Feature","geometry":{"type":"Point","coordinates":[13.97283,37.96453]},"properties":{"osm_type":"way","osm_id":1081735767,"name":"Chiesa di San Sebastiano","religion":"christian","denomination":null,"start_date":"C15","end_date":null,"start_year":null,"end_year":null}},{"type":"Feature","geometry":{"type":"Point","coordinates":[13.1022,43.0546]},"properties":{"osm_type":"node","osm_id":4686739428,"name":"Chiesa di San Sebastiano in Frontillo","religion":"christian","denomination":"catholic","start_date":"C19","end_date":null,"start_year":null,"end_year":null}},{"type":"Feature","geometry":{"type":"Point","coordinates":[14.03675,42.58792]},"properties":{"osm_type":"way","osm_id":561500543,"name":"Chiesa di San Silvestro","religion":"christian","denomination":null,"start_date":"C14","end_date":null,"start_year":null,"end_year":null}},{"type":"Feature","geometry":{"type":"Point","coordinates":[14.43789,42.23231]},"properties":{"osm_type":"way","osm_id":861303773,"name":"Chiesa di San Silvestro","religion":"christian","denomination":null,"start_date":"C11","end_date":null,"start_year":null,"end_year":null}},{"type":"Feature","geometry":{"type":"Point","coordinates":[13.14966,43.13622]},"properties":{"osm_type":"node","osm_id":4685377020,"name":"Chiesa di San Silvestro in Campolarzo","religion":"christian","denomination":"catholic","start_date":"C12","end_date":null,"start_year":null,"end_year":null}},{"type":"Feature","geometry":{"type":"Point","coordinates":[14.23665,42.4355]},"properties":{"osm_type":"way","osm_id":829186439,"name":"Chiesa di San Silvestro Papa","religion":"christian","denomination":"catholic","start_date":"C16","end_date":null,"start_year":null,"end_year":null}},{"type":"Feature","geometry":{"type":"Point","coordinates":[9.20667,46.03192]},"properties":{"osm_type":"way","osm_id":104909718,"name":"Chiesa di San Siro","religion":"christian","denomination":"catholic","start_date":"C14","end_date":null,"start_year":null,"end_year":null}},{"type":"Feature","geometry":{"type":"Point","coordinates":[9.28753,45.69438]},"properties":{"osm_type":"way","osm_id":141058718,"name":"Chiesa di San Siro","religion":"christian","denomination":"catholic","start_date":"C13","end_date":null,"start_year":null,"end_year":null}},{"type":"Feature","geometry":{"type":"Point","coordinates":[9.12555,45.94471]},"properties":{"osm_type":"way","osm_id":247179848,"name":"Chiesa di San Sisinnio","religion":"christian","denomination":"catholic","start_date":"C17","end_date":null,"start_year":null,"end_year":null}},{"type":"Feature","geometry":{"type":"Point","coordinates":[13.00679,43.14372]},"properties":{"osm_type":"node","osm_id":4685393849,"name":"Chiesa di San Venanzio in Mistrano","religion":"christian","denomination":"catholic","start_date":"C17","end_date":null,"start_year":null,"end_year":null}},{"type":"Feature","geometry":{"type":"Point","coordinates":[13.07018,43.13701]},"properties":{"osm_type":"node","osm_id":4685395112,"name":"Chiesa di San Venanzio Piccolo o Oratorio di San Venanzetto","religion":"christian","denomination":null,"start_date":"C15..C18","end_date":null,"start_year":null,"end_year":null}},{"type":"Feature","geometry":{"type":"Point","coordinates":[15.31476,37.97956]},"properties":{"osm_type":"way","osm_id":520519468,"name":"Chiesa di San Vito","religion":"christian","denomination":"catholic","start_date":"C18","end_date":null,"start_year":null,"end_year":null}},{"type":"Feature","geometry":{"type":"Point","coordinates":[12.97049,43.03469]},"properties":{"osm_type":"way","osm_id":850379558,"name":"Chiesa di San Vito Martire","religion":"christian","denomination":"catholic","start_date":"C17","end_date":null,"start_year":null,"end_year":null}},{"type":"Feature","geometry":{"type":"Point","coordinates":[9.15532,45.6643]},"properties":{"osm_type":"way","osm_id":244775829,"name":"Chiesa di San Vittore","religion":"christian","denomination":"catholic","start_date":"C16","end_date":null,"start_year":null,"end_year":null}},{"type":"Feature","geometry":{"type":"Point","coordinates":[13.14929,42.90205]},"properties":{"osm_type":"node","osm_id":4517133032,"name":"Chiesa di San Vittorino","religion":"christian","denomination":"roman_catholic","start_date":"C13","end_date":null,"start_year":null,"end_year":null}},{"type":"Feature","geometry":{"type":"Point","coordinates":[13.12096,45.68739]},"properties":{"osm_type":"way","osm_id":36684758,"name":"Chiesa di San Zaccaria","religion":"christian","denomination":"roman_catholic","start_date":"C15","end_date":null,"start_year":null,"end_year":null}},{"type":"Feature","geometry":{"type":"Point","coordinates":[9.08788,45.93233]},"properties":{"osm_type":"way","osm_id":181079667,"name":"Chiesa di San Zeno","religion":"christian","denomination":"catholic","start_date":"C12","end_date":null,"start_year":null,"end_year":null}},{"type":"Feature","geometry":{"type":"Point","coordinates":[10.10014,45.62184]},"properties":{"osm_type":"way","osm_id":59610705,"name":"Chiesa di San Zenone","religion":"christian","denomination":"catholic","start_date":"C18","end_date":null,"start_year":null,"end_year":null}},{"type":"Feature","geometry":{"type":"Point","coordinates":[10.33767,46.0866]},"properties":{"osm_type":"way","osm_id":72455038,"name":"Chiesa di San Zenone","religion":"christian","denomination":null,"start_date":"C12","end_date":null,"start_year":null,"end_year":null}},{"type":"Feature","geometry":{"type":"Point","coordinates":[9.09582,45.95941]},"properties":{"osm_type":"way","osm_id":274455791,"name":"Chiesa di Sant'Abbondio","religion":"christian","denomination":"catholic","start_date":"C15","end_date":null,"start_year":null,"end_year":null}},{"type":"Feature","geometry":{"type":"Point","coordinates":[13.0514,43.04557]},"properties":{"osm_type":"node","osm_id":4517131987,"name":"Chiesa di Sant'Agata","religion":"christian","denomination":"roman_catholic","start_date":"C13","end_date":null,"start_year":null,"end_year":null}},{"type":"Feature","geometry":{"type":"Point","coordinates":[9.36849,46.07628]},"properties":{"osm_type":"way","osm_id":1160712356,"name":"Chiesa di Sant'Agata","religion":"christian","denomination":"catholic","start_date":"C16","end_date":null,"start_year":null,"end_year":null}},{"type":"Feature","geometry":{"type":"Point","coordinates":[9.66059,45.70541]},"properties":{"osm_type":"way","osm_id":88851684,"name":"Chiesa di Sant'Agata nel Carmine","religion":"christian","denomination":"catholic","start_date":"C15","end_date":null,"start_year":null,"end_year":null}},{"type":"Feature","geometry":{"type":"Point","coordinates":[9.08502,45.81583]},"properties":{"osm_type":"way","osm_id":83258394,"name":"Chiesa di Sant'Agostino","religion":"christian","denomination":"catholic","start_date":"C14","end_date":null,"start_year":null,"end_year":null}},{"type":"Feature","geometry":{"type":"Point","coordinates":[13.08712,42.9316]},"properties":{"osm_type":"way","osm_id":433006148,"name":"Chiesa di Sant'Agostino e convento","religion":"christian","denomination":"catholic","start_date":"C14","end_date":null,"start_year":null,"end_year":null}},{"type":"Feature","geometry":{"type":"Point","coordinates":[8.65078,45.87681]},"properties":{"osm_type":"way","osm_id":614230510,"name":"Chiesa di Sant'Agostino vecchia","religion":"christian","denomination":"roman_catholic","start_date":"C11","end_date":null,"start_year":null,"end_year":null}},{"type":"Feature","geometry":{"type":"Point","coordinates":[9.27563,45.4827]},"properties":{"osm_type":"way","osm_id":95000469,"name":"Chiesa di Sant'Ambrogio","religion":"christian","denomination":"roman_catholic","start_date":"C16","end_date":null,"start_year":null,"end_year":null}},{"type":"Feature","geometry":{"type":"Point","coordinates":[9.06941,45.99959]},"properties":{"osm_type":"way","osm_id":195468061,"name":"Chiesa di Sant'Ambrogio","religion":"christian","denomination":"catholic","start_date":"C17","end_date":null,"start_year":null,"end_year":null}},{"type":"Feature","geometry":{"type":"Point","coordinates":[9.16366,45.86525]},"properties":{"osm_type":"way","osm_id":220260675,"name":"Chiesa di Sant'Ambrogio","religion":"christian","denomination":"catholic","start_date":"C17","end_date":null,"start_year":null,"end_year":null}},{"type":"Feature","geometry":{"type":"Point","coordinates":[13.06059,43.14415]},"properties":{"osm_type":"node","osm_id":4517131988,"name":"Chiesa di Sant'Anastasio in Fonte San Venanzio","religion":"christian","denomination":"roman_catholic","start_date":"C13","end_date":null,"start_year":null,"end_year":null}},{"type":"Feature","geometry":{"type":"Point","coordinates":[13.05156,43.05842]},"properties":{"osm_type":"node","osm_id":4685815333,"name":"Chiesa di Sant'Andrea","religion":"christian","denomination":null,"start_date":"C19","end_date":null,"start_year":null,"end_year":null}},{"type":"Feature","geometry":{"type":"Point","coordinates":[13.0847,42.94253]},"properties":{"osm_type":"node","osm_id":4687288114,"name":"Chiesa di Sant'Andrea","religion":"christian","denomination":"catholic","start_date":"C13","end_date":null,"start_year":null,"end_year":null}},{"type":"Feature","geometry":{"type":"Point","coordinates":[9.44524,45.9536]},"properties":{"osm_type":"way","osm_id":247136737,"name":"Chiesa di Sant'Andrea","religion":"christian","denomination":"catholic","start_date":"C13","end_date":null,"start_year":null,"end_year":null}},{"type":"Feature","geometry":{"type":"Point","coordinates":[9.40128,46.05903]},"properties":{"osm_type":"way","osm_id":316844811,"name":"Chiesa di Sant'Andrea","religion":"christian","denomination":"catholic","start_date":"C13","end_date":null,"start_year":null,"end_year":null}},{"type":"Feature","geometry":{"type":"Point","coordinates":[9.0152,45.55745]},"properties":{"osm_type":"way","osm_id":1034829471,"name":"Chiesa di Sant'Andrea","religion":"christian","denomination":"roman_catholic","start_date":"C12..C13","end_date":null,"start_year":null,"end_year":null}},{"type":"Feature","geometry":{"type":"Point","coordinates":[13.15529,42.93625]},"properties":{"osm_type":"node","osm_id":4517132989,"name":"Chiesa di Sant'Andrea Apostolo","religion":"christian","denomination":"roman_catholic","start_date":"C14","end_date":null,"start_year":null,"end_year":null}},{"type":"Feature","geometry":{"type":"Point","coordinates":[13.00248,43.05827]},"properties":{"osm_type":"way","osm_id":902817025,"name":"Chiesa di Sant'Andrea Apostolo","religion":"christian","denomination":"roman_catholic","start_date":"C17","end_date":null,"start_year":null,"end_year":null}},{"type":"Feature","geometry":{"type":"Point","coordinates":[11.71523,45.44704]},"properties":{"osm_type":"way","osm_id":373698527,"name":"Chiesa di Sant’Andrea Apostolo","religion":"christian","denomination":null,"start_date":"C18","end_date":null,"start_year":null,"end_year":null}},{"type":"Feature","geometry":{"type":"Point","coordinates":[13.00861,43.11481]},"properties":{"osm_type":"node","osm_id":4685018966,"name":"Chiesa di Sant'Andrea in Calcina","religion":"christian","denomination":"catholic","start_date":"C13","end_date":null,"start_year":null,"end_year":null}},{"type":"Feature","geometry":{"type":"Point","coordinates":[13.17442,43.02675]},"properties":{"osm_type":"node","osm_id":4684950261,"name":"Chiesa di Sant'Angelo o di San Michele Arcangelo","religion":"christian","denomination":"catholic","start_date":"C10","end_date":null,"start_year":null,"end_year":null}},{"type":"Feature","geometry":{"type":"Point","coordinates":[8.66614,45.84427]},"properties":{"osm_type":"way","osm_id":114892639,"name":"Chiesa di Sant'Anna","religion":"christian","denomination":"roman_catholic","start_date":"C20","end_date":null,"start_year":null,"end_year":null}},{"type":"Feature","geometry":{"type":"Point","coordinates":[10.12845,45.94849]},"properties":{"osm_type":"way","osm_id":232872237,"name":"Chiesa di Sant'Anna","religion":"christian","denomination":"catholic","start_date":"C17","end_date":null,"start_year":null,"end_year":null}},{"type":"Feature","geometry":{"type":"Point","coordinates":[9.28909,45.80147]},"properties":{"osm_type":"way","osm_id":308791107,"name":"Chiesa di Sant'Anna","religion":"christian","denomination":"roman_catholic","start_date":"C15..C16","end_date":null,"start_year":null,"end_year":null}},{"type":"Feature","geometry":{"type":"Point","coordinates":[8.97337,45.54063]},"properties":{"osm_type":"way","osm_id":366456126,"name":"Chiesa di Sant'Anna","religion":"christian","denomination":"roman_catholic","start_date":"C18","end_date":null,"start_year":null,"end_year":null}},{"type":"Feature","geometry":{"type":"Point","coordinates":[13.0655,43.12945]},"properties":{"osm_type":"way","osm_id":449887563,"name":"Chiesa di Sant'Anna","religion":"christian","denomination":"catholic","start_date":"C18","end_date":null,"start_year":null,"end_year":null}},{"type":"Feature","geometry":{"type":"Point","coordinates":[13.83422,42.89243]},"properties":{"osm_type":"way","osm_id":655278201,"name":"Chiesa di Sant'Anna","religion":"christian","denomination":"catholic","start_date":"C15","end_date":null,"start_year":null,"end_year":null}},{"type":"Feature","geometry":{"type":"Point","coordinates":[13.08138,42.97855]},"properties":{"osm_type":"node","osm_id":4685816072,"name":"Chiesa di Sant'Anna in Appennino","religion":"christian","denomination":"catholic","start_date":"C16","end_date":null,"start_year":null,"end_year":null}},{"type":"Feature","geometry":{"type":"Point","coordinates":[10.24836,45.56995]},"properties":{"osm_type":"way","osm_id":162972865,"name":"Chiesa di Sant'Antonino","religion":"christian","denomination":"catholic","start_date":"C16","end_date":null,"start_year":null,"end_year":null}},{"type":"Feature","geometry":{"type":"Point","coordinates":[9.64302,45.34152]},"properties":{"osm_type":"way","osm_id":225882931,"name":"Chiesa di Sant'Antonino","religion":"christian","denomination":null,"start_date":"C14","end_date":null,"start_year":null,"end_year":null}},{"type":"Feature","geometry":{"type":"Point","coordinates":[7.2729,45.10724]},"properties":{"osm_type":"way","osm_id":328640204,"name":"Chiesa di Sant'Antonino Martire","religion":"christian","denomination":"catholic","start_date":"C11","end_date":null,"start_year":null,"end_year":null}},{"type":"Feature","geometry":{"type":"Point","coordinates":[13.0837,42.9432]},"properties":{"osm_type":"node","osm_id":4517132992,"name":"Chiesa di Sant'Antonio","religion":"christian","denomination":"roman_catholic","start_date":"C14","end_date":null,"start_year":null,"end_year":null}},{"type":"Feature","geometry":{"type":"Point","coordinates":[13.12199,43.11239]},"properties":{"osm_type":"node","osm_id":4685026785,"name":"Chiesa di Sant'Antonio","religion":"christian","denomination":"catholic","start_date":"C13","end_date":null,"start_year":null,"end_year":null}},{"type":"Feature","geometry":{"type":"Point","coordinates":[13.11579,43.08086]},"properties":{"osm_type":"node","osm_id":4686611894,"name":"Chiesa di Sant'Antonio","religion":"christian","denomination":null,"start_date":"C18..C19","end_date":null,"start_year":null,"end_year":null}},{"type":"Feature","geometry":{"type":"Point","coordinates":[12.92418,42.99279]},"properties":{"osm_type":"node","osm_id":4687177866,"name":"Chiesa di Sant'Antonio","religion":"christian","denomination":null,"start_date":"C15","end_date":null,"start_year":null,"end_year":null}},{"type":"Feature","geometry":{"type":"Point","coordinates":[13.01359,42.93181]},"properties":{"osm_type":"node","osm_id":4687289813,"name":"Chiesa di Sant'Antonio","religion":"christian","denomination":"catholic","start_date":"C13","end_date":null,"start_year":null,"end_year":null}},{"type":"Feature","geometry":{"type":"Point","coordinates":[13.18355,42.8973]},"properties":{"osm_type":"way","osm_id":439346990,"name":"Chiesa di Sant'Antonio","religion":"christian","denomination":"catholic","start_date":"C14","end_date":null,"start_year":null,"end_year":null}},{"type":"Feature","geometry":{"type":"Point","coordinates":[7.5734,44.86288]},"properties":{"osm_type":"way","osm_id":462738919,"name":"Chiesa di Sant'Antonio","religion":"christian","denomination":"catholic","start_date":"~C17","end_date":null,"start_year":null,"end_year":null}},{"type":"Feature","geometry":{"type":"Point","coordinates":[8.42123,45.32785]},"properties":{"osm_type":"way","osm_id":121218017,"name":"Chiesa di Sant'Antonio Abate","religion":"christian","denomination":"catholic","start_date":"C17","end_date":null,"start_year":null,"end_year":null}},{"type":"Feature","geometry":{"type":"Point","coordinates":[9.07813,45.96727]},"properties":{"osm_type":"way","osm_id":195649181,"name":"Chiesa di Sant'Antonio Abate","religion":"christian","denomination":"catholic","start_date":"C18","end_date":null,"start_year":null,"end_year":null}},{"type":"Feature","geometry":{"type":"Point","coordinates":[15.46832,38.23608]},"properties":{"osm_type":"way","osm_id":270888142,"name":"Chiesa di Sant'Antonio Abate","religion":"christian","denomination":"catholic","start_date":"C17","end_date":null,"start_year":null,"end_year":null}},{"type":"Feature","geometry":{"type":"Point","coordinates":[9.25669,45.97165]},"properties":{"osm_type":"way","osm_id":382758189,"name":"Chiesa di Sant'Antonio Abate","religion":"christian","denomination":"catholic","start_date":"C16","end_date":null,"start_year":null,"end_year":null}},{"type":"Feature","geometry":{"type":"Point","coordinates":[9.42507,46.05205]},"properties":{"osm_type":"way","osm_id":316841010,"name":"Chiesa di Sant’Antonio Abate","religion":"christian","denomination":"catholic","start_date":"C15","end_date":null,"start_year":null,"end_year":null}},{"type":"Feature","geometry":{"type":"Point","coordinates":[17.35754,40.83623]},"properties":{"osm_type":"way","osm_id":416921552,"name":"Chiesa di Sant'Antonio Abate e chiostro","religion":"christian","denomination":null,"start_date":"C17","end_date":null,"start_year":null,"end_year":null}},{"type":"Feature","geometry":{"type":"Point","coordinates":[9.05754,45.99553]},"properties":{"osm_type":"way","osm_id":195468062,"name":"Chiesa di Sant'Antonio ai Monti","religion":"christian","denomination":"catholic","start_date":"C17","end_date":null,"start_year":null,"end_year":null}},{"type":"Feature","geometry":{"type":"Point","coordinates":[13.14467,42.94446]},"properties":{"osm_type":"node","osm_id":4517132993,"name":"Chiesa di Sant'Antonio da Padova","religion":"christian","denomination":"roman_catholic","start_date":"C17","end_date":null,"start_year":null,"end_year":null}},{"type":"Feature","geometry":{"type":"Point","coordinates":[13.03018,42.92373]},"properties":{"osm_type":"node","osm_id":4687294293,"name":"Chiesa di Sant'Antonio da Padova","religion":"christian","denomination":"catholic","start_date":"C14..C15","end_date":null,"start_year":null,"end_year":null}},{"type":"Feature","geometry":{"type":"Point","coordinates":[14.77751,38.06993]},"properties":{"osm_type":"way","osm_id":386594128,"name":"Chiesa di Sant'Antonio da Padova","religion":"christian","denomination":"catholic","start_date":"C16","end_date":null,"start_year":null,"end_year":null}},{"type":"Feature","geometry":{"type":"Point","coordinates":[13.87859,41.90446]},"properties":{"osm_type":"way","osm_id":823938957,"name":"Chiesa di Sant'Antonio da Padova","religion":"christian","denomination":null,"start_date":"C16","end_date":null,"start_year":null,"end_year":null}},{"type":"Feature","geometry":{"type":"Point","coordinates":[13.24362,46.06848]},"properties":{"osm_type":"way","osm_id":36686383,"name":"Chiesa di Sant'Antonio di Padova","religion":"christian","denomination":null,"start_date":"14th century","end_date":null,"start_year":null,"end_year":null}},{"type":"Feature","geometry":{"type":"Point","coordinates":[10.22722,45.52261]},"properties":{"osm_type":"way","osm_id":562333931,"name":"Chiesa di Sant'Antonio di Padova","religion":"christian","denomination":"catholic","start_date":"C17","end_date":null,"start_year":null,"end_year":null}},{"type":"Feature","geometry":{"type":"Point","coordinates":[12.03946,44.21957]},"properties":{"osm_type":"way","osm_id":185449838,"name":"Chiesa di Sant'Antonio Vecchio","religion":"christian","denomination":"catholic","start_date":"XII sec.","end_date":null,"start_year":null,"end_year":null}},{"type":"Feature","geometry":{"type":"Point","coordinates":[9.11565,44.37084]},"properties":{"osm_type":"way","osm_id":576400103,"name":"Chiesa di Sant'Apollinare","religion":"christian","denomination":"catholic","start_date":"XII secolo","end_date":null,"start_year":null,"end_year":null}},{"type":"Feature","geometry":{"type":"Point","coordinates":[13.06906,42.99746]},"properties":{"osm_type":"node","osm_id":4685820961,"name":"Chiesa di Sant'Apollonia","religion":"christian","denomination":null,"start_date":"C18","end_date":null,"start_year":null,"end_year":null}},{"type":"Feature","geometry":{"type":"Point","coordinates":[13.62327,42.93893]},"properties":{"osm_type":"way","osm_id":809584693,"name":"Chiesa di Sant'Egidio","religion":"christian","denomination":"catholic","start_date":"C17","end_date":null,"start_year":null,"end_year":null}},{"type":"Feature","geometry":{"type":"Point","coordinates":[12.90864,42.97256]},"properties":{"osm_type":"way","osm_id":1292159864,"name":"Chiesa di Sant'Egidio","religion":"christian","denomination":"roman_catholic","start_date":"C13..C18","end_date":null,"start_year":null,"end_year":null}},{"type":"Feature","geometry":{"type":"Point","coordinates":[15.55701,38.18774]},"properties":{"osm_type":"way","osm_id":162610738,"name":"Chiesa di Sant'Elia","religion":"christian","denomination":"catholic","start_date":"C15","end_date":null,"start_year":null,"end_year":null}},{"type":"Feature","geometry":{"type":"Point","coordinates":[13.01633,43.12427]},"properties":{"osm_type":"node","osm_id":4685040791,"name":"Chiesa di Sant'Erasmo","religion":"christian","denomination":"catholic","start_date":"C19","end_date":null,"start_year":null,"end_year":null}},{"type":"Feature","geometry":{"type":"Point","coordinates":[13.13485,42.94741]},"properties":{"osm_type":"way","osm_id":435117519,"name":"Chiesa di Sant'Ercolano","religion":"christian","denomination":"roman_catholic","start_date":"C13","end_date":null,"start_year":null,"end_year":null}},{"type":"Feature","geometry":{"type":"Point","coordinates":[9.1848,45.96757]},"properties":{"osm_type":"way","osm_id":265460113,"name":"Chiesa di Sant'Eufemia","religion":"christian","denomination":"catholic","start_date":"C12","end_date":null,"start_year":null,"end_year":null}},{"type":"Feature","geometry":{"type":"Point","coordinates":[9.44228,45.95174]},"properties":{"osm_type":"way","osm_id":551127353,"name":"Chiesa di Sant'Eusebio","religion":"christian","denomination":"catholic","start_date":"C16","end_date":null,"start_year":null,"end_year":null}},{"type":"Feature","geometry":{"type":"Point","coordinates":[9.20922,45.57086]},"properties":{"osm_type":"way","osm_id":145427228,"name":"Chiesa di Sant'Eusebio da Vercelli","religion":"christian","denomination":"roman_catholic","start_date":"C12","end_date":null,"start_year":null,"end_year":null}},{"type":"Feature","geometry":{"type":"Point","coordinates":[13.14011,42.91634]},"properties":{"osm_type":"node","osm_id":4687254338,"name":"Chiesa di Sant'Eustachio o di San Placido","religion":"christian","denomination":"catholic","start_date":"C14","end_date":null,"start_year":null,"end_year":null}},{"type":"Feature","geometry":{"type":"Point","coordinates":[13.11412,43.03733]},"properties":{"osm_type":"node","osm_id":4520447486,"name":"Chiesa di Sant'Ilario","religion":"christian","denomination":"catholic","start_date":"C19","end_date":null,"start_year":null,"end_year":null}},{"type":"Feature","geometry":{"type":"Point","coordinates":[13.04724,42.99397]},"properties":{"osm_type":"node","osm_id":4686487616,"name":"Chiesa di Sant'Ilario","religion":"christian","denomination":"catholic","start_date":"C16","end_date":null,"start_year":null,"end_year":null}},{"type":"Feature","geometry":{"type":"Point","coordinates":[16.58967,38.90835]},"properties":{"osm_type":"way","osm_id":311445114,"name":"Chiesa di Sant'Omobono","religion":null,"denomination":null,"start_date":"C12","end_date":null,"start_year":null,"end_year":null}},{"type":"Feature","geometry":{"type":"Point","coordinates":[14.18306,42.30543]},"properties":{"osm_type":"way","osm_id":984414298,"name":"Chiesa di Sant'Urbano","religion":"christian","denomination":"roman_catholic","start_date":"C11","end_date":null,"start_year":null,"end_year":null}},{"type":"Feature","geometry":{"type":"Point","coordinates":[13.07063,43.13849]},"properties":{"osm_type":"node","osm_id":4685004377,"name":"Chiesa di Santa Caterina","religion":"christian","denomination":"catholic","start_date":"C17","end_date":null,"start_year":null,"end_year":null}},{"type":"Feature","geometry":{"type":"Point","coordinates":[8.42284,45.32724]},"properties":{"osm_type":"way","osm_id":215497751,"name":"Chiesa di Santa Caterina","religion":"christian","denomination":"catholic","start_date":"late C14","end_date":null,"start_year":null,"end_year":null}},{"type":"Feature","geometry":{"type":"Point","coordinates":[15.27939,38.1472]},"properties":{"osm_type":"way","osm_id":394314908,"name":"Chiesa di Santa Caterina","religion":"christian","denomination":"catholic","start_date":"C16","end_date":null,"start_year":null,"end_year":null}},{"type":"Feature","geometry":{"type":"Point","coordinates":[13.05379,42.9915]},"properties":{"osm_type":"node","osm_id":4685824002,"name":"Chiesa di Santa Caterina d'Alessandria","religion":"christian","denomination":null,"start_date":"C13","end_date":null,"start_year":null,"end_year":null}},{"type":"Feature","geometry":{"type":"Point","coordinates":[10.55815,45.54592]},"properties":{"osm_type":"way","osm_id":208778338,"name":"Chiesa di Santa Caterina d'Alessandria","religion":"christian","denomination":"catholic","start_date":"C15","end_date":null,"start_year":null,"end_year":null}},{"type":"Feature","geometry":{"type":"Point","coordinates":[13.13239,43.10927]},"properties":{"osm_type":"node","osm_id":4685039697,"name":"Chiesa di Santa Croce","religion":"christian","denomination":"catholic","start_date":"C11..C19","end_date":null,"start_year":null,"end_year":null}},{"type":"Feature","geometry":{"type":"Point","coordinates":[12.93706,42.96068]},"properties":{"osm_type":"node","osm_id":4687186952,"name":"Chiesa di Santa Croce","religion":"christian","denomination":null,"start_date":"C13","end_date":null,"start_year":null,"end_year":null}},{"type":"Feature","geometry":{"type":"Point","coordinates":[13.08968,42.93064]},"properties":{"osm_type":"node","osm_id":4687301403,"name":"Chiesa di Santa Croce","religion":"christian","denomination":"catholic","start_date":"C14","end_date":null,"start_year":null,"end_year":null}},{"type":"Feature","geometry":{"type":"Point","coordinates":[8.19044,44.01765]},"properties":{"osm_type":"way","osm_id":225625929,"name":"Chiesa di Santa Croce","religion":"christian","denomination":"catholic","start_date":"~940","end_date":null,"start_year":null,"end_year":null}},{"type":"Feature","geometry":{"type":"Point","coordinates":[13.19033,43.05866]},"properties":{"osm_type":"node","osm_id":4517132997,"name":"Chiesa di Santa Croce a Podalla","religion":"christian","denomination":"roman_catholic","start_date":"C13","end_date":null,"start_year":null,"end_year":null}},{"type":"Feature","geometry":{"type":"Point","coordinates":[13.14728,42.93965]},"properties":{"osm_type":"node","osm_id":4687241538,"name":"Chiesa di Santa Croce Nuova","religion":"christian","denomination":"catholic","start_date":"C19","end_date":null,"start_year":null,"end_year":null}},{"type":"Feature","geometry":{"type":"Point","coordinates":[13.14738,42.93638]},"properties":{"osm_type":"node","osm_id":4687651504,"name":"Chiesa di Santa Croce Vecchia","religion":"christian","denomination":"catholic","start_date":"C14","end_date":null,"start_year":null,"end_year":null}},{"type":"Feature","geometry":{"type":"Point","coordinates":[13.08626,43.02674]},"properties":{"osm_type":"node","osm_id":4685571103,"name":"Chiesa di Santa Filomena","religion":"christian","denomination":null,"start_date":"C17","end_date":null,"start_year":null,"end_year":null}},{"type":"Feature","geometry":{"type":"Point","coordinates":[10.40053,45.55396]},"properties":{"osm_type":"way","osm_id":131475126,"name":"Chiesa di Santa Giulia","religion":"christian","denomination":"catholic","start_date":"C8","end_date":null,"start_year":null,"end_year":null}},{"type":"Feature","geometry":{"type":"Point","coordinates":[13.15199,42.87505]},"properties":{"osm_type":"node","osm_id":909576236,"name":"Chiesa di Santa Lucia","religion":"christian","denomination":null,"start_date":"C13","end_date":null,"start_year":null,"end_year":null}},{"type":"Feature","geometry":{"type":"Point","coordinates":[13.05851,43.08236]},"properties":{"osm_type":"node","osm_id":4517133006,"name":"Chiesa di Santa Lucia","religion":"christian","denomination":"roman_catholic","start_date":"C18","end_date":null,"start_year":null,"end_year":null}},{"type":"Feature","geometry":{"type":"Point","coordinates":[13.1117,43.11802]},"properties":{"osm_type":"node","osm_id":4685068205,"name":"Chiesa di Santa Lucia","religion":"christian","denomination":"catholic","start_date":"C15","end_date":null,"start_year":null,"end_year":null}},{"type":"Feature","geometry":{"type":"Point","coordinates":[10.6992,45.89108]},"properties":{"osm_type":"way","osm_id":67331991,"name":"Chiesa di Santa Lucia","religion":"christian","denomination":"catholic","start_date":"C14","end_date":null,"start_year":null,"end_year":null}},{"type":"Feature","geometry":{"type":"Point","coordinates":[15.43973,38.04487]},"properties":{"osm_type":"way","osm_id":223509638,"name":"Chiesa di Santa Lucia","religion":"christian","denomination":"catholic","start_date":"C18","end_date":null,"start_year":null,"end_year":null}},{"type":"Feature","geometry":{"type":"Point","coordinates":[15.47165,38.06538]},"properties":{"osm_type":"way","osm_id":224994454,"name":"Chiesa di Santa Lucia","religion":"christian","denomination":"catholic","start_date":"C18","end_date":null,"start_year":null,"end_year":null}},{"type":"Feature","geometry":{"type":"Point","coordinates":[11.30122,45.30946]},"properties":{"osm_type":"way","osm_id":314350309,"name":"Chiesa di Santa Lucia","religion":"christian","denomination":"roman_catholic","start_date":"C15","end_date":null,"start_year":null,"end_year":null}},{"type":"Feature","geometry":{"type":"Point","coordinates":[10.54131,45.55071]},"properties":{"osm_type":"way","osm_id":780247337,"name":"Chiesa di Santa Lucia","religion":"christian","denomination":"catholic","start_date":"C16","end_date":null,"start_year":null,"end_year":null}},{"type":"Feature","geometry":{"type":"Point","coordinates":[12.95137,43.07222]},"properties":{"osm_type":"way","osm_id":1288489007,"name":"Chiesa di Santa Lucia","religion":"christian","denomination":"roman_catholic","start_date":"C13","end_date":null,"start_year":null,"end_year":null}},{"type":"Feature","geometry":{"type":"Point","coordinates":[13.16433,43.05546]},"properties":{"osm_type":"node","osm_id":4520447487,"name":"Chiesa di Santa Lucia a Paninventre","religion":"christian","denomination":"catholic","start_date":"C19","end_date":null,"start_year":null,"end_year":null}},{"type":"Feature","geometry":{"type":"Point","coordinates":[13.12976,42.94372]},"properties":{"osm_type":"node","osm_id":4517133005,"name":"Chiesa di Santa Lucia di Sasso","religion":"christian","denomination":"roman_catholic","start_date":"C15..C17","end_date":null,"start_year":null,"end_year":null}},{"type":"Feature","geometry":{"type":"Point","coordinates":[9.14757,45.85976]},"properties":{"osm_type":"way","osm_id":218241161,"name":"Chiesa di Santa Margherita","religion":"christian","denomination":"catholic","start_date":"C16","end_date":null,"start_year":null,"end_year":null}},{"type":"Feature","geometry":{"type":"Point","coordinates":[11.3874,45.86084]},"properties":{"osm_type":"way","osm_id":241523261,"name":"Chiesa di Santa Margherita","religion":"christian","denomination":"catholic","start_date":"C11","end_date":null,"start_year":null,"end_year":null}},{"type":"Feature","geometry":{"type":"Point","coordinates":[13.18084,43.02159]},"properties":{"osm_type":"way","osm_id":436843477,"name":"Chiesa di Santa Margherita","religion":"christian","denomination":"roman_catholic","start_date":"C13..C15","end_date":null,"start_year":null,"end_year":null}},{"type":"Feature","geometry":{"type":"Point","coordinates":[15.45176,38.22337]},"properties":{"osm_type":"way","osm_id":254784240,"name":"Chiesa di Santa Margherita d'Antiochia","religion":"christian","denomination":"roman_catholic","start_date":"C17","end_date":null,"start_year":null,"end_year":null}},{"type":"Feature","geometry":{"type":"Point","coordinates":[13.17728,42.89242]},"properties":{"osm_type":"node","osm_id":4685456904,"name":"Chiesa di Santa Maria","religion":"christian","denomination":"catholic","start_date":"C13","end_date":null,"start_year":null,"end_year":null}},{"type":"Feature","geometry":{"type":"Point","coordinates":[9.05905,45.97995]},"properties":{"osm_type":"way","osm_id":195594359,"name":"Chiesa di Santa Maria","religion":"christian","denomination":"catholic","start_date":"C15","end_date":null,"start_year":null,"end_year":null}},{"type":"Feature","geometry":{"type":"Point","coordinates":[9.15827,45.91265]},"properties":{"osm_type":"way","osm_id":248601803,"name":"Chiesa di Santa Maria","religion":"christian","denomination":"catholic","start_date":"C15","end_date":null,"start_year":null,"end_year":null}},{"type":"Feature","geometry":{"type":"Point","coordinates":[8.74377,45.61574]},"properties":{"osm_type":"way","osm_id":386454642,"name":"Chiesa di Santa Maria","religion":"christian","denomination":"catholic","start_date":"C11","end_date":null,"start_year":null,"end_year":null}},{"type":"Feature","geometry":{"type":"Point","coordinates":[13.66317,43.06794]},"properties":{"osm_type":"way","osm_id":1204457621,"name":"Chiesa di Santa Maria ad Martires","religion":"christian","denomination":"catholic","start_date":"C16","end_date":null,"start_year":null,"end_year":null}},{"type":"Feature","geometry":{"type":"Point","coordinates":[9.82974,45.80413]},"properties":{"osm_type":"way","osm_id":170983962,"name":"Chiesa di Santa Maria ad Nives","religion":"christian","denomination":"catholic","start_date":"C17","end_date":null,"start_year":null,"end_year":null}},{"type":"Feature","geometry":{"type":"Point","coordinates":[13.50417,42.88144]},"properties":{"osm_type":"way","osm_id":787088659,"name":"Chiesa di Santa Maria Annunziata","religion":"christian","denomination":"catholic","start_date":"C16","end_date":null,"start_year":null,"end_year":null}},{"type":"Feature","geometry":{"type":"Point","coordinates":[13.14779,42.89766]},"properties":{"osm_type":"node","osm_id":4685460737,"name":"Chiesa di Santa Maria Apparente","religion":"christian","denomination":"catholic","start_date":"C16","end_date":null,"start_year":null,"end_year":null}},{"type":"Feature","geometry":{"type":"Point","coordinates":[14.69981,38.07221]},"properties":{"osm_type":"way","osm_id":404055019,"name":"Chiesa di Santa Maria Aracoeli","religion":"christian","denomination":"roman_catholic","start_date":"C 16","end_date":null,"start_year":null,"end_year":null}},{"type":"Feature","geometry":{"type":"Point","coordinates":[13.08551,43.05975]},"properties":{"osm_type":"node","osm_id":4517133012,"name":"Chiesa di Santa Maria Assunta","religion":"christian","denomination":"roman_catholic","start_date":"C12","end_date":null,"start_year":null,"end_year":null}},{"type":"Feature","geometry":{"type":"Point","coordinates":[13.12189,43.1603]},"properties":{"osm_type":"node","osm_id":4685081790,"name":"Chiesa di Santa Maria Assunta","religion":"christian","denomination":"catholic","start_date":"C17","end_date":null,"start_year":null,"end_year":null}},{"type":"Feature","geometry":{"type":"Point","coordinates":[13.04828,43.04365]},"properties":{"osm_type":"node","osm_id":4686498871,"name":"Chiesa di Santa Maria Assunta","religion":"christian","denomination":"catholic","start_date":"C16..C18","end_date":null,"start_year":null,"end_year":null}},{"type":"Feature","geometry":{"type":"Point","coordinates":[10.15403,45.59345]},"properties":{"osm_type":"way","osm_id":110387449,"name":"Chiesa di Santa Maria Assunta","religion":"christian","denomination":"catholic","start_date":"C18","end_date":null,"start_year":null,"end_year":null}},{"type":"Feature","geometry":{"type":"Point","coordinates":[12.3383,45.37244]},"properties":{"osm_type":"way","osm_id":146081882,"name":"Chiesa di Santa Maria Assunta","religion":"christian","denomination":"catholic","start_date":"c12","end_date":null,"start_year":null,"end_year":null}},{"type":"Feature","geometry":{"type":"Point","coordinates":[8.74949,45.99098]},"properties":{"osm_type":"way","osm_id":164207973,"name":"Chiesa di Santa Maria Assunta","religion":"christian","denomination":"catholic","start_date":"C17","end_date":null,"start_year":null,"end_year":null}},{"type":"Feature","geometry":{"type":"Point","coordinates":[9.83478,43.04921]},"properties":{"osm_type":"way","osm_id":176786494,"name":"Chiesa di Santa Maria Assunta","religion":"christian","denomination":"roman_catholic","start_date":"C11","end_date":null,"start_year":null,"end_year":null}},{"type":"Feature","geometry":{"type":"Point","coordinates":[8.53089,45.69158]},"properties":{"osm_type":"way","osm_id":251281760,"name":"Chiesa di Santa Maria Assunta","religion":"christian","denomination":"catholic","start_date":"C14..C15","end_date":null,"start_year":null,"end_year":null}},{"type":"Feature","geometry":{"type":"Point","coordinates":[15.30798,38.15981]},"properties":{"osm_type":"way","osm_id":278276020,"name":"Chiesa di Santa Maria Assunta","religion":"christian","denomination":"catholic","start_date":"C16","end_date":null,"start_year":null,"end_year":null}},{"type":"Feature","geometry":{"type":"Point","coordinates":[9.10912,46.07236]},"properties":{"osm_type":"way","osm_id":283023327,"name":"Chiesa di Santa Maria Assunta","religion":"christian","denomination":"catholic","start_date":"C16","end_date":null,"start_year":null,"end_year":null}},{"type":"Feature","geometry":{"type":"Point","coordinates":[13.13684,42.94447]},"properties":{"osm_type":"way","osm_id":435117362,"name":"Chiesa di Santa Maria Assunta","religion":"christian","denomination":"roman_catholic","start_date":"C14","end_date":null,"start_year":null,"end_year":null}},{"type":"Feature","geometry":{"type":"Point","coordinates":[10.3204,46.12691]},"properties":{"osm_type":"way","osm_id":443027283,"name":"Chiesa di Santa Maria Assunta","religion":"christian","denomination":"catholic","start_date":"C16","end_date":null,"start_year":null,"end_year":null}},{"type":"Feature","geometry":{"type":"Point","coordinates":[8.46596,45.35781]},"properties":{"osm_type":"way","osm_id":1211548507,"name":"Chiesa di Santa Maria Assunta","religion":"christian","denomination":"roman_catholic","start_date":"C15","end_date":null,"start_year":null,"end_year":null}},{"type":"Feature","geometry":{"type":"Point","coordinates":[17.1944,40.80674]},"properties":{"osm_type":"way","osm_id":411878883,"name":"Chiesa di Santa Maria Assunta di Barsento","religion":"christian","denomination":null,"start_date":"C11","end_date":null,"start_year":null,"end_year":null}},{"type":"Feature","geometry":{"type":"Point","coordinates":[13.0963,43.02498]},"properties":{"osm_type":"node","osm_id":4517133013,"name":"Chiesa di Santa Maria Assunta di Nemi","religion":"christian","denomination":"roman_catholic","start_date":"C15","end_date":null,"start_year":null,"end_year":null}},{"type":"Feature","geometry":{"type":"Point","coordinates":[11.87708,43.79441]},"properties":{"osm_type":"way","osm_id":433136516,"name":"Chiesa di Santa Maria Assunta e San Bartolomeo","religion":"christian","denomination":"catholic","start_date":"985","end_date":null,"start_year":null,"end_year":null}},{"type":"Feature","geometry":{"type":"Point","coordinates":[9.83458,45.79714]},"properties":{"osm_type":"way","osm_id":61697743,"name":"Chiesa di Santa Maria Assunta e Sant'Ippolito","religion":"christian","denomination":"catholic","start_date":"C17","end_date":null,"start_year":null,"end_year":null}},{"type":"Feature","geometry":{"type":"Point","coordinates":[13.13458,43.04982]},"properties":{"osm_type":"node","osm_id":4517133034,"name":"Chiesa di Santa Maria Assunta in Canonica","religion":"christian","denomination":"roman_catholic","start_date":"C12..C13","end_date":null,"start_year":null,"end_year":null}},{"type":"Feature","geometry":{"type":"Point","coordinates":[13.07711,42.98841]},"properties":{"osm_type":"node","osm_id":4517133014,"name":"Chiesa di Santa Maria Ausiliatrice","religion":"christian","denomination":"roman_catholic","start_date":"C14","end_date":null,"start_year":null,"end_year":null}},{"type":"Feature","geometry":{"type":"Point","coordinates":[14.15873,42.33912]},"properties":{"osm_type":"way","osm_id":1066068277,"name":"Chiesa di Santa Maria Calvona","religion":"christian","denomination":"catholic","start_date":"C17","end_date":null,"start_year":null,"end_year":null}},{"type":"Feature","geometry":{"type":"Point","coordinates":[13.15365,42.88616]},"properties":{"osm_type":"node","osm_id":4517133015,"name":"Chiesa di Santa Maria Castellare e Convento","religion":"christian","denomination":"roman_catholic","start_date":"~C13","end_date":null,"start_year":null,"end_year":null}},{"type":"Feature","geometry":{"type":"Point","coordinates":[8.63808,45.72028]},"properties":{"osm_type":"way","osm_id":405820753,"name":"Chiesa di Santa Maria d'Egro","religion":"christian","denomination":"roman_catholic","start_date":"C17","end_date":null,"start_year":null,"end_year":null}},{"type":"Feature","geometry":{"type":"Point","coordinates":[8.87149,45.73967]},"properties":{"osm_type":"way","osm_id":228900327,"name":"Chiesa di Santa Maria degli Angeli","religion":"christian","denomination":"catholic","start_date":"C15","end_date":null,"start_year":null,"end_year":null}},{"type":"Feature","geometry":{"type":"Point","coordinates":[9.18786,45.45454]},"properties":{"osm_type":"way","osm_id":165090412,"name":"Chiesa di Santa Maria dei Miracoli presso San Celso","religion":"christian","denomination":"catholic","start_date":"late C16","end_date":null,"start_year":null,"end_year":null}},{"type":"Feature","geometry":{"type":"Point","coordinates":[13.05497,43.12909]},"properties":{"osm_type":"node","osm_id":4520344061,"name":"Chiesa di Santa Maria dei Servi","religion":"christian","denomination":"catholic","start_date":"C17","end_date":null,"start_year":null,"end_year":null}},{"type":"Feature","geometry":{"type":"Point","coordinates":[15.21319,38.09425]},"properties":{"osm_type":"way","osm_id":238427382,"name":"Chiesa di Santa Maria del Gesù","religion":"christian","denomination":"catholic","start_date":"C15","end_date":null,"start_year":null,"end_year":null}},{"type":"Feature","geometry":{"type":"Point","coordinates":[15.43691,38.05128]},"properties":{"osm_type":"way","osm_id":222338929,"name":"Chiesa di Santa Maria del Piliero","religion":"christian","denomination":"catholic","start_date":"C16","end_date":null,"start_year":null,"end_year":null}},{"type":"Feature","geometry":{"type":"Point","coordinates":[13.10799,43.09963]},"properties":{"osm_type":"node","osm_id":4685092271,"name":"Chiesa di Santa Maria del Rosario","religion":"christian","denomination":"catholic","start_date":"C14","end_date":null,"start_year":null,"end_year":null}},{"type":"Feature","geometry":{"type":"Point","coordinates":[15.32693,38.17247]},"properties":{"osm_type":"way","osm_id":278696122,"name":"Chiesa di Santa Maria del Tindari","religion":"christian","denomination":"catholic","start_date":"C16","end_date":null,"start_year":null,"end_year":null}},{"type":"Feature","geometry":{"type":"Point","coordinates":[14.2556,40.88827]},"properties":{"osm_type":"way","osm_id":737178272,"name":"Chiesa di Santa Maria dell'Arco","religion":"christian","denomination":"roman_catholic","start_date":"C15","end_date":null,"start_year":null,"end_year":null}},{"type":"Feature","geometry":{"type":"Point","coordinates":[14.40406,42.22011]},"properties":{"osm_type":"way","osm_id":1411798178,"name":"Chiesa di Santa Maria dell'Iconicella","religion":"christian","denomination":null,"start_date":"C16","end_date":null,"start_year":null,"end_year":null}},{"type":"Feature","geometry":{"type":"Point","coordinates":[13.24208,43.33798]},"properties":{"osm_type":"node","osm_id":9972596218,"name":"Chiesa di Santa Maria dell'Ospedaletto","religion":"christian","denomination":"catholic","start_date":"C13","end_date":null,"start_year":null,"end_year":null}},{"type":"Feature","geometry":{"type":"Point","coordinates":[13.06321,42.97375]},"properties":{"osm_type":"node","osm_id":4520925628,"name":"Chiesa di Santa Maria della Cave","religion":"christian","denomination":"catholic","start_date":"C13..C20","end_date":null,"start_year":null,"end_year":null}},{"type":"Feature","geometry":{"type":"Point","coordinates":[8.96809,45.65106]},"properties":{"osm_type":"way","osm_id":568693888,"name":"Chiesa di Santa Maria della Neve","religion":"christian","denomination":"roman_catholic","start_date":"C13..C14","end_date":null,"start_year":null,"end_year":null}},{"type":"Feature","geometry":{"type":"Point","coordinates":[13.16714,42.87984]},"properties":{"osm_type":"node","osm_id":4685462825,"name":"Chiesa di Santa Maria della Piazza","religion":"christian","denomination":null,"start_date":"C16","end_date":null,"start_year":null,"end_year":null}},{"type":"Feature","geometry":{"type":"Point","coordinates":[13.02611,43.11975]},"properties":{"osm_type":"node","osm_id":4685084133,"name":"Chiesa di Santa Maria della Pietà in Palentuccio","religion":"christian","denomination":"catholic","start_date":"C17..C20","end_date":null,"start_year":null,"end_year":null}},{"type":"Feature","geometry":{"type":"Point","coordinates":[14.23828,40.85212]},"properties":{"osm_type":"way","osm_id":591817722,"name":"Chiesa di Santa Maria della Purità al Vomero","religion":"christian","denomination":"roman_catholic","start_date":"C19","end_date":null,"start_year":null,"end_year":null}},{"type":"Feature","geometry":{"type":"Point","coordinates":[11.30395,45.2868]},"properties":{"osm_type":"way","osm_id":314344719,"name":"Chiesa di Santa Maria della Salute","religion":"christian","denomination":"roman_catholic","start_date":"C18","end_date":null,"start_year":null,"end_year":null}},{"type":"Feature","geometry":{"type":"Point","coordinates":[10.22284,45.54062]},"properties":{"osm_type":"way","osm_id":198092855,"name":"Chiesa di Santa Maria delle Consolazioni","religion":"christian","denomination":"catholic","start_date":"843","end_date":null,"start_year":null,"end_year":null}},{"type":"Feature","geometry":{"type":"Point","coordinates":[13.03025,42.92415]},"properties":{"osm_type":"node","osm_id":4517133020,"name":"Chiesa di Santa Maria delle Grazie","religion":"christian","denomination":"roman_catholic","start_date":"C13","end_date":null,"start_year":null,"end_year":null}},{"type":"Feature","geometry":{"type":"Point","coordinates":[13.23057,42.98845]},"properties":{"osm_type":"node","osm_id":4518780844,"name":"Chiesa di Santa Maria delle Grazie","religion":"christian","denomination":"catholic","start_date":"C17","end_date":null,"start_year":null,"end_year":null}},{"type":"Feature","geometry":{"type":"Point","coordinates":[13.09966,43.113]},"properties":{"osm_type":"node","osm_id":4685088563,"name":"Chiesa di Santa Maria delle Grazie","religion":"christian","denomination":"catholic","start_date":"C15","end_date":null,"start_year":null,"end_year":null}},{"type":"Feature","geometry":{"type":"Point","coordinates":[13.15299,42.93539]},"properties":{"osm_type":"node","osm_id":4687260583,"name":"Chiesa di Santa Maria delle Grazie","religion":"christian","denomination":null,"start_date":"C16","end_date":null,"start_year":null,"end_year":null}},{"type":"Feature","geometry":{"type":"Point","coordinates":[8.25248,45.81754]},"properties":{"osm_type":"way","osm_id":223301621,"name":"Chiesa di Santa Maria delle Grazie","religion":"christian","denomination":"catholic","start_date":"C15","end_date":null,"start_year":null,"end_year":null}},{"type":"Feature","geometry":{"type":"Point","coordinates":[9.28361,46.01022]},"properties":{"osm_type":"way","osm_id":371887135,"name":"Chiesa di Santa Maria delle Grazie","religion":"christian","denomination":null,"start_date":"C17","end_date":null,"start_year":null,"end_year":null}},{"type":"Feature","geometry":{"type":"Point","coordinates":[13.08065,43.14323]},"properties":{"osm_type":"way","osm_id":450018345,"name":"Chiesa di Santa Maria delle Grazie a Mosse","religion":"christian","denomination":"catholic","start_date":"C17","end_date":null,"start_year":null,"end_year":null}},{"type":"Feature","geometry":{"type":"Point","coordinates":[13.03414,43.0213]},"properties":{"osm_type":"node","osm_id":4517133021,"name":"Chiesa di Santa Maria di Caspriano","religion":"christian","denomination":"roman_catholic","start_date":"C16","end_date":null,"start_year":null,"end_year":null}},{"type":"Feature","geometry":{"type":"Point","coordinates":[13.1462,43.0396]},"properties":{"osm_type":"node","osm_id":4517133022,"name":"Chiesa di Santa Maria di Loreto a Colle","religion":"christian","denomination":"roman_catholic","start_date":"C17","end_date":null,"start_year":null,"end_year":null}},{"type":"Feature","geometry":{"type":"Point","coordinates":[14.26529,40.85932]},"properties":{"osm_type":"way","osm_id":342081971,"name":"Chiesa di Santa Maria di Tutti i Santi","religion":"christian","denomination":"catholic","start_date":"C15","end_date":null,"start_year":null,"end_year":null}},{"type":"Feature","geometry":{"type":"Point","coordinates":[13.05119,43.0806]},"properties":{"osm_type":"way","osm_id":450195468,"name":"chiesa di Santa Maria di Varano","religion":"christian","denomination":"roman_catholic","start_date":"C16","end_date":null,"start_year":null,"end_year":null}},{"type":"Feature","geometry":{"type":"Point","coordinates":[9.18546,44.92218]},"properties":{"osm_type":"way","osm_id":281607580,"name":"Chiesa di Santa Maria e San Giorgio","religion":"christian","denomination":null,"start_date":"C16","end_date":null,"start_year":null,"end_year":null}},{"type":"Feature","geometry":{"type":"Point","coordinates":[9.10513,45.84115]},"properties":{"osm_type":"way","osm_id":254682288,"name":"Chiesa di Santa Maria Immacolata","religion":"christian","denomination":"catholic","start_date":"C18","end_date":null,"start_year":null,"end_year":null}},{"type":"Feature","geometry":{"type":"Point","coordinates":[13.07932,43.17444]},"properties":{"osm_type":"node","osm_id":4685077694,"name":"Chiesa di Santa Maria in Vallevegenana","religion":"christian","denomination":null,"start_date":"C14..C17","end_date":null,"start_year":null,"end_year":null}},{"type":"Feature","geometry":{"type":"Point","coordinates":[13.06361,43.13181]},"properties":{"osm_type":"way","osm_id":230604763,"name":"Chiesa di Santa Maria in Via","religion":"christian","denomination":"catholic","start_date":"C17","end_date":null,"start_year":null,"end_year":null}},{"type":"Feature","geometry":{"type":"Point","coordinates":[13.18889,43.09641]},"properties":{"osm_type":"node","osm_id":4517133016,"name":"Chiesa di Santa Maria Maddalena","religion":"christian","denomination":"roman_catholic","start_date":"C14","end_date":null,"start_year":null,"end_year":null}},{"type":"Feature","geometry":{"type":"Point","coordinates":[13.05319,42.99708]},"properties":{"osm_type":"node","osm_id":4517133017,"name":"Chiesa di Santa Maria Maddalena","religion":"christian","denomination":"roman_catholic","start_date":"C13","end_date":null,"start_year":null,"end_year":null}},{"type":"Feature","geometry":{"type":"Point","coordinates":[13.15368,43.05208]},"properties":{"osm_type":"node","osm_id":4520425946,"name":"Chiesa di Santa Maria Maddalena","religion":"christian","denomination":"catholic","start_date":"C19","end_date":null,"start_year":null,"end_year":null}},{"type":"Feature","geometry":{"type":"Point","coordinates":[9.22888,45.51358]},"properties":{"osm_type":"way","osm_id":25688569,"name":"Chiesa di Santa Maria Maddalena","religion":"christian","denomination":"catholic","start_date":"C16","end_date":null,"start_year":null,"end_year":null}},{"type":"Feature","geometry":{"type":"Point","coordinates":[8.83219,45.76856]},"properties":{"osm_type":"way","osm_id":458498685,"name":"Chiesa di Santa Maria Madre","religion":"christian","denomination":"catholic","start_date":"C15","end_date":null,"start_year":null,"end_year":null}},{"type":"Feature","geometry":{"type":"Point","coordinates":[10.26495,45.65124]},"properties":{"osm_type":"way","osm_id":266633314,"name":"Chiesa di Santa Maria Madre della Misericordia","religion":"christian","denomination":"catholic","start_date":"C17","end_date":null,"start_year":null,"end_year":null}},{"type":"Feature","geometry":{"type":"Point","coordinates":[7.39532,45.08164]},"properties":{"osm_type":"way","osm_id":331881146,"name":"Chiesa di Santa Maria Maggiore","religion":"christian","denomination":"roman_catholic","start_date":"C12","end_date":null,"start_year":null,"end_year":null}},{"type":"Feature","geometry":{"type":"Point","coordinates":[14.29076,42.4185]},"properties":{"osm_type":"way","osm_id":651084538,"name":"Chiesa di Santa Maria Maggiore","religion":"christian","denomination":null,"start_date":"C12","end_date":null,"start_year":null,"end_year":null}},{"type":"Feature","geometry":{"type":"Point","coordinates":[14.04324,42.39835]},"properties":{"osm_type":"way","osm_id":709008285,"name":"Chiesa di Santa Maria Maggiore","religion":"christian","denomination":null,"start_date":"C12","end_date":null,"start_year":null,"end_year":null}},{"type":"Feature","geometry":{"type":"Point","coordinates":[11.53749,45.54829]},"properties":{"osm_type":"way","osm_id":138906505,"name":"Chiesa di Santa Maria Nova","religion":"christian","denomination":"catholic","start_date":"C16","end_date":null,"start_year":null,"end_year":null}},{"type":"Feature","geometry":{"type":"Point","coordinates":[14.19058,40.82211]},"properties":{"osm_type":"way","osm_id":226553792,"name":"Chiesa di Santa Maria Solitaria e dei Santi Antonio e Isidoro","religion":"christian","denomination":"catholic","start_date":"C17","end_date":null,"start_year":null,"end_year":null}},{"type":"Feature","geometry":{"type":"Point","coordinates":[15.22577,38.18956]},"properties":{"osm_type":"way","osm_id":138069994,"name":"Chiesa di Santa Marina","religion":"christian","denomination":"catholic","start_date":"C12","end_date":null,"start_year":null,"end_year":null}},{"type":"Feature","geometry":{"type":"Point","coordinates":[13.06965,43.04292]},"properties":{"osm_type":"node","osm_id":4686491913,"name":"Chiesa di Santa Marina o Santa Maria","religion":"christian","denomination":"catholic","start_date":"C17","end_date":null,"start_year":null,"end_year":null}},{"type":"Feature","geometry":{"type":"Point","coordinates":[9.19441,45.94635]},"properties":{"osm_type":"way","osm_id":249487245,"name":"Chiesa di Santa Marta","religion":"christian","denomination":"catholic","start_date":"C14","end_date":null,"start_year":null,"end_year":null}},{"type":"Feature","geometry":{"type":"Point","coordinates":[13.06338,43.17461]},"properties":{"osm_type":"node","osm_id":4685361296,"name":"Chiesa di Santa Palazia","religion":"christian","denomination":null,"start_date":"C11..C12","end_date":null,"start_year":null,"end_year":null}},{"type":"Feature","geometry":{"type":"Point","coordinates":[13.15046,42.94547]},"properties":{"osm_type":"way","osm_id":449595023,"name":"Chiesa di Santa Scolastica","religion":"christian","denomination":"catholic","start_date":"C15..C20","end_date":null,"start_year":null,"end_year":null}},{"type":"Feature","geometry":{"type":"Point","coordinates":[9.11351,45.85692]},"properties":{"osm_type":"way","osm_id":218267554,"name":"Chiesa di Santa Tecla","religion":"christian","denomination":"catholic","start_date":"C19","end_date":null,"start_year":null,"end_year":null}},{"type":"Feature","geometry":{"type":"Point","coordinates":[13.55941,42.95275]},"properties":{"osm_type":"way","osm_id":245672317,"name":"Chiesa di Santa Viviana","religion":"christian","denomination":"catholic","start_date":"late C18","end_date":null,"start_year":null,"end_year":null}},{"type":"Feature","geometry":{"type":"Point","coordinates":[13.15351,42.89465]},"properties":{"osm_type":"node","osm_id":4517133030,"name":"Chiesa di Santo Spirito","religion":"christian","denomination":"roman_catholic","start_date":"C16","end_date":null,"start_year":null,"end_year":null}},{"type":"Feature","geometry":{"type":"Point","coordinates":[11.75515,42.25559]},"properties":{"osm_type":"way","osm_id":147409774,"name":"Chiesa di Santo Spirito","religion":"christian","denomination":"catholic","start_date":"C17","end_date":null,"start_year":null,"end_year":null}},{"type":"Feature","geometry":{"type":"Point","coordinates":[13.15179,42.93658]},"properties":{"osm_type":"node","osm_id":4517133031,"name":"Chiesa di Santo Stefano","religion":"christian","denomination":"roman_catholic","start_date":"C13..C14","end_date":null,"start_year":null,"end_year":null}},{"type":"Feature","geometry":{"type":"Point","coordinates":[13.15313,42.89579]},"properties":{"osm_type":"node","osm_id":4520379677,"name":"Chiesa di Santo Stefano","religion":"christian","denomination":"catholic","start_date":"C13","end_date":null,"start_year":null,"end_year":null}},{"type":"Feature","geometry":{"type":"Point","coordinates":[13.14831,43.14562]},"properties":{"osm_type":"node","osm_id":4685392193,"name":"Chiesa di Santo Stefano","religion":"christian","denomination":"catholic","start_date":"C17","end_date":null,"start_year":null,"end_year":null}},{"type":"Feature","geometry":{"type":"Point","coordinates":[13.0052,43.0073]},"properties":{"osm_type":"node","osm_id":4685763235,"name":"Chiesa di Santo Stefano","religion":"christian","denomination":"catholic","start_date":"C18","end_date":null,"start_year":null,"end_year":null}},{"type":"Feature","geometry":{"type":"Point","coordinates":[9.21576,45.74843]},"properties":{"osm_type":"way","osm_id":790337502,"name":"Chiesa di Santo Stefano","religion":"christian","denomination":"roman_catholic","start_date":"C13","end_date":null,"start_year":null,"end_year":null}},{"type":"Feature","geometry":{"type":"Point","coordinates":[7.88306,45.33278]},"properties":{"osm_type":"way","osm_id":86391024,"name":"Chiesa di Santo Stefano del Monte","religion":"christian","denomination":"catholic","start_date":"C11..C12","end_date":null,"start_year":null,"end_year":null}},{"type":"Feature","geometry":{"type":"Point","coordinates":[13.03073,42.9256]},"properties":{"osm_type":"node","osm_id":4687344685,"name":"Chiesa di Santo Stefano in Borgo Croce","religion":"christian","denomination":"catholic","start_date":"C14","end_date":null,"start_year":null,"end_year":null}},{"type":"Feature","geometry":{"type":"Point","coordinates":[11.04574,45.39253]},"properties":{"osm_type":"way","osm_id":289062853,"name":"Chiesa di Sorio","religion":"christian","denomination":"catholic","start_date":"C16","end_date":null,"start_year":null,"end_year":null}},{"type":"Feature","geometry":{"type":"Point","coordinates":[15.08231,37.50013]},"properties":{"osm_type":"way","osm_id":129846544,"name":"Chiesa Evangelica Valdese","religion":"christian","denomination":"evangelical","start_date":"C19","end_date":null,"start_year":null,"end_year":null}},{"type":"Feature","geometry":{"type":"Point","coordinates":[9.43896,45.98406]},"properties":{"osm_type":"way","osm_id":1327837527,"name":"Chiesa Immacolata Concezione","religion":"christian","denomination":"catholic","start_date":"C14","end_date":null,"start_year":null,"end_year":null}},{"type":"Feature","geometry":{"type":"Point","coordinates":[14.69413,38.07617]},"properties":{"osm_type":"way","osm_id":404055036,"name":"Chiesa Madonna Annunziata","religion":"christian","denomination":"catholic","start_date":"C 12","end_date":null,"start_year":null,"end_year":null}},{"type":"Feature","geometry":{"type":"Point","coordinates":[13.17385,43.04118]},"properties":{"osm_type":"node","osm_id":4520459830,"name":"Chiesa Madonna del Sasso Bianco","religion":"christian","denomination":"catholic","start_date":"C15","end_date":null,"start_year":null,"end_year":null}},{"type":"Feature","geometry":{"type":"Point","coordinates":[13.17826,43.02864]},"properties":{"osm_type":"way","osm_id":435148429,"name":"Chiesa Madonna del Vallone","religion":"christian","denomination":"catholic","start_date":"C17","end_date":null,"start_year":null,"end_year":null}},{"type":"Feature","geometry":{"type":"Point","coordinates":[13.30659,37.57832]},"properties":{"osm_type":"way","osm_id":643514162,"name":"Chiesa Madre","religion":"christian","denomination":"catholic","start_date":"C17","end_date":null,"start_year":null,"end_year":null}},{"type":"Feature","geometry":{"type":"Point","coordinates":[14.88227,38.11498]},"properties":{"osm_type":"way","osm_id":1322721279,"name":"Chiesa Madre","religion":"christian","denomination":"catholic","start_date":"C16","end_date":null,"start_year":null,"end_year":null}},{"type":"Feature","geometry":{"type":"Point","coordinates":[14.23893,37.98436]},"properties":{"osm_type":"way","osm_id":391720874,"name":"Chiesa Madre di Maria Santissima Assunta","religion":"christian","denomination":"catholic","start_date":"C16","end_date":null,"start_year":null,"end_year":null}},{"type":"Feature","geometry":{"type":"Point","coordinates":[14.11285,37.69504]},"properties":{"osm_type":"way","osm_id":186335882,"name":"Chiesa Madre Santa Maria Maddalena","religion":"christian","denomination":"catholic","start_date":"C18","end_date":null,"start_year":null,"end_year":null}},{"type":"Feature","geometry":{"type":"Point","coordinates":[17.35811,40.83413]},"properties":{"osm_type":"way","osm_id":416928986,"name":"Chiesa Matrice di San Giovanni Battista","religion":"christian","denomination":"catholic","start_date":"C17","end_date":null,"start_year":null,"end_year":null}},{"type":"Feature","geometry":{"type":"Point","coordinates":[12.92842,42.97264]},"properties":{"osm_type":"node","osm_id":4687206688,"name":"Chiesa nuova di San Martino","religion":"christian","denomination":"catholic","start_date":"C20","end_date":null,"start_year":null,"end_year":null}},{"type":"Feature","geometry":{"type":"Point","coordinates":[9.67009,44.91519]},"properties":{"osm_type":"way","osm_id":183720592,"name":"Chiesa parrocchiale dei Santi Mario e Giovanni Battista","religion":"christian","denomination":"roman_catholic","start_date":"C20","end_date":null,"start_year":null,"end_year":null}},{"type":"Feature","geometry":{"type":"Point","coordinates":[9.3044,46.04288]},"properties":{"osm_type":"way","osm_id":183904368,"name":"Chiesa parrocchiale dei Santi Nazaro e Celso","religion":"christian","denomination":"roman_catholic","start_date":"C14","end_date":null,"start_year":null,"end_year":null}},{"type":"Feature","geometry":{"type":"Point","coordinates":[9.13795,45.36901]},"properties":{"osm_type":"way","osm_id":331922893,"name":"Chiesa parrocchiale dei Santi Vincenzo e Bernardo","religion":"christian","denomination":"roman_catholic","start_date":"C16","end_date":null,"start_year":null,"end_year":null}},{"type":"Feature","geometry":{"type":"Point","coordinates":[9.34475,45.82728]},"properties":{"osm_type":"way","osm_id":331605383,"name":"Chiesa parrocchiale dei Santi Vito e Modesto","religion":"christian","denomination":"roman_catholic","start_date":"C13","end_date":null,"start_year":null,"end_year":null}},{"type":"Feature","geometry":{"type":"Point","coordinates":[7.39722,45.07899]},"properties":{"osm_type":"way","osm_id":331888324,"name":"Chiesa Parrocchiale dei Ss. Giovanni e Pietro","religion":"christian","denomination":"roman_catholic","start_date":"C13","end_date":null,"start_year":null,"end_year":null}},{"type":"Feature","geometry":{"type":"Point","coordinates":[9.4831,45.8763]},"properties":{"osm_type":"way","osm_id":123811055,"name":"Chiesa parrocchiale della Beata Vergine Assunta","religion":"christian","denomination":"roman_catholic","start_date":"C15","end_date":null,"start_year":null,"end_year":null}},{"type":"Feature","geometry":{"type":"Point","coordinates":[10.75223,46.06115]},"properties":{"osm_type":"way","osm_id":88220933,"name":"Chiesa parrocchiale di San Bartolomeo","religion":"christian","denomination":"roman_catholic","start_date":"C15","end_date":null,"start_year":null,"end_year":null}},{"type":"Feature","geometry":{"type":"Point","coordinates":[9.14013,45.59836]},"properties":{"osm_type":"way","osm_id":422411461,"name":"Chiesa parrocchiale di San Francesco","religion":"christian","denomination":"roman_catholic","start_date":"C13","end_date":null,"start_year":null,"end_year":null}},{"type":"Feature","geometry":{"type":"Point","coordinates":[8.34666,45.2852]},"properties":{"osm_type":"way","osm_id":241105822,"name":"Chiesa Parrocchiale di San Germano Vescovo","religion":"christian","denomination":"catholic","start_date":"C12","end_date":null,"start_year":null,"end_year":null}},{"type":"Feature","geometry":{"type":"Point","coordinates":[8.04585,45.56565]},"properties":{"osm_type":"way","osm_id":625827620,"name":"Chiesa parrocchiale di San Giacomo","religion":"christian","denomination":"catholic","start_date":"C13","end_date":null,"start_year":null,"end_year":null}},{"type":"Feature","geometry":{"type":"Point","coordinates":[7.32296,44.40854]},"properties":{"osm_type":"way","osm_id":311724298,"name":"Chiesa parrocchiale di San Giacomo Maggiore","religion":"christian","denomination":"catholic","start_date":"C18","end_date":null,"start_year":null,"end_year":null}},{"type":"Feature","geometry":{"type":"Point","coordinates":[8.80401,44.68796]},"properties":{"osm_type":"way","osm_id":823444466,"name":"Chiesa Parrocchiale di San Giacomo Maggiore","religion":"christian","denomination":"catholic","start_date":"C12","end_date":null,"start_year":null,"end_year":null}},{"type":"Feature","geometry":{"type":"Point","coordinates":[11.58553,45.44405]},"properties":{"osm_type":"way","osm_id":58073666,"name":"Chiesa parrocchiale di San Giorgio","religion":"christian","denomination":"catholic","start_date":"C15","end_date":null,"start_year":null,"end_year":null}},{"type":"Feature","geometry":{"type":"Point","coordinates":[9.28417,46.01009]},"properties":{"osm_type":"way","osm_id":556926594,"name":"Chiesa parrocchiale di San Giorgio","religion":"christian","denomination":"roman_catholic","start_date":"C12","end_date":null,"start_year":null,"end_year":null}},{"type":"Feature","geometry":{"type":"Point","coordinates":[11.58524,45.44404]},"properties":{"osm_type":"way","osm_id":1338967052,"name":"Chiesa parrocchiale di San Giorgio","religion":"christian","denomination":"catholic","start_date":"C15","end_date":null,"start_year":null,"end_year":null}},{"type":"Feature","geometry":{"type":"Point","coordinates":[9.35793,45.47367]},"properties":{"osm_type":"way","osm_id":290740383,"name":"Chiesa parrocchiale di San Giovanni Evangelista","religion":"christian","denomination":"roman_catholic","start_date":"C20","end_date":null,"start_year":null,"end_year":null}},{"type":"Feature","geometry":{"type":"Point","coordinates":[8.38373,45.40261]},"properties":{"osm_type":"way","osm_id":492315408,"name":"Chiesa Parrocchiale di San Lorenzo","religion":"christian","denomination":"roman_catholic","start_date":"mid C12","end_date":null,"start_year":null,"end_year":null}},{"type":"Feature","geometry":{"type":"Point","coordinates":[10.19611,45.70778]},"properties":{"osm_type":"way","osm_id":199410099,"name":"Chiesa parrocchiale di San Martino","religion":"christian","denomination":"catholic","start_date":"C17 ~ C18","end_date":null,"start_year":null,"end_year":null}},{"type":"Feature","geometry":{"type":"Point","coordinates":[9.45544,46.32482]},"properties":{"osm_type":"way","osm_id":587176376,"name":"Chiesa parrocchiale di San Martino","religion":"christian","denomination":"roman_catholic","start_date":"C11","end_date":null,"start_year":null,"end_year":null}},{"type":"Feature","geometry":{"type":"Point","coordinates":[9.29656,46.0128]},"properties":{"osm_type":"way","osm_id":671878976,"name":"Chiesa parrocchiale di San Martino","religion":"christian","denomination":"roman_catholic","start_date":"C17","end_date":null,"start_year":null,"end_year":null}},{"type":"Feature","geometry":{"type":"Point","coordinates":[8.41991,45.32353]},"properties":{"osm_type":"way","osm_id":217856633,"name":"Chiesa Parrocchiale di San Salvatore","religion":"christian","denomination":"catholic","start_date":"C17..C18","end_date":null,"start_year":null,"end_year":null}},{"type":"Feature","geometry":{"type":"Point","coordinates":[9.01344,45.41808]},"properties":{"osm_type":"way","osm_id":453936817,"name":"Chiesa parrocchiale di San Vito Martire","religion":"christian","denomination":"roman_catholic","start_date":"C13","end_date":null,"start_year":null,"end_year":null}},{"type":"Feature","geometry":{"type":"Point","coordinates":[8.42692,45.32612]},"properties":{"osm_type":"way","osm_id":94528990,"name":"Chiesa Parrocchiale di Sant'Agnese","religion":"christian","denomination":"catholic","start_date":"C13","end_date":null,"start_year":null,"end_year":null}},{"type":"Feature","geometry":{"type":"Point","coordinates":[9.21509,45.55647]},"properties":{"osm_type":"way","osm_id":141519199,"name":"Chiesa parrocchiale di Sant'Ambrogio","religion":"christian","denomination":"roman_catholic","start_date":"C15","end_date":null,"start_year":null,"end_year":null}},{"type":"Feature","geometry":{"type":"Point","coordinates":[9.11906,45.61476]},"properties":{"osm_type":"way","osm_id":505040999,"name":"Chiesa parrocchiale di Sant'Antonio da Padova","religion":"christian","denomination":"roman_catholic","start_date":"C13","end_date":null,"start_year":null,"end_year":null}},{"type":"Feature","geometry":{"type":"Point","coordinates":[9.75144,46.04381]},"properties":{"osm_type":"way","osm_id":868129589,"name":"Chiesa parrocchiale di Santa Maria Assunta","religion":"christian","denomination":"catholic","start_date":"17","end_date":null,"start_year":null,"end_year":null}},{"type":"Feature","geometry":{"type":"Point","coordinates":[10.75844,46.04669]},"properties":{"osm_type":"way","osm_id":87053478,"name":"Chiesa parrocchiale di Santa Maria Maddalena","religion":"christian","denomination":"roman_catholic","start_date":"C14","end_date":null,"start_year":null,"end_year":null}},{"type":"Feature","geometry":{"type":"Point","coordinates":[9.0051,45.54477]},"properties":{"osm_type":"way","osm_id":415358467,"name":"Chiesa parrocchiale di Santa Rita da Cascia","religion":"christian","denomination":"roman_catholic","start_date":"C20","end_date":null,"start_year":null,"end_year":null}},{"type":"Feature","geometry":{"type":"Point","coordinates":[9.52661,45.60186]},"properties":{"osm_type":"way","osm_id":493436659,"name":"Chiesa parrocchiale vecchia","religion":"christian","denomination":"catholic","start_date":"C16","end_date":null,"start_year":null,"end_year":null}},{"type":"Feature","geometry":{"type":"Point","coordinates":[9.04089,45.52865]},"properties":{"osm_type":"way","osm_id":173299065,"name":"Chiesa prepositurale di San Vittore Martire","religion":"christian","denomination":"roman_catholic","start_date":"C11","end_date":null,"start_year":null,"end_year":null}},{"type":"Feature","geometry":{"type":"Point","coordinates":[8.70756,39.95655]},"properties":{"osm_type":"way","osm_id":317409165,"name":"Chiesa romanica di San Giovanni (XII secolo)","religion":"christian","denomination":"catholic","start_date":"C12","end_date":null,"start_year":null,"end_year":null}},{"type":"Feature","geometry":{"type":"Point","coordinates":[12.92338,42.97177]},"properties":{"osm_type":"node","osm_id":4517133037,"name":"Chiesa rupestre Madonna del Sasso","religion":"christian","denomination":"roman_catholic","start_date":"C14","end_date":null,"start_year":null,"end_year":null}},{"type":"Feature","geometry":{"type":"Point","coordinates":[8.21206,44.31302]},"properties":{"osm_type":"way","osm_id":376242708,"name":"Chiesa S.S. Annunziata","religion":"christian","denomination":null,"start_date":"C13","end_date":null,"start_year":null,"end_year":null}},{"type":"Feature","geometry":{"type":"Point","coordinates":[8.88512,45.46569]},"properties":{"osm_type":"way","osm_id":48478703,"name":"Chiesa Santa Maria Assunta","religion":"christian","denomination":"catholic","start_date":"C14","end_date":null,"start_year":null,"end_year":null}},{"type":"Feature","geometry":{"type":"Point","coordinates":[13.79052,42.32717]},"properties":{"osm_type":"way","osm_id":1211286817,"name":"Chiesa Santa Maria delle Vicenne","religion":"christian","denomination":null,"start_date":"C10","end_date":null,"start_year":null,"end_year":null}},{"type":"Feature","geometry":{"type":"Point","coordinates":[9.28717,45.75565]},"properties":{"osm_type":"way","osm_id":194797469,"name":"Chiesa Santi Cosma e Damiano","religion":"christian","denomination":"catholic","start_date":"C14","end_date":null,"start_year":null,"end_year":null}},{"type":"Feature","geometry":{"type":"Point","coordinates":[12.33966,37.9879]},"properties":{"osm_type":"way","osm_id":720221679,"name":"Chiesa Santissima Maria di Trapani","religion":"christian","denomination":"catholic","start_date":"C19","end_date":null,"start_year":null,"end_year":null}},{"type":"Feature","geometry":{"type":"Point","coordinates":[13.97201,42.57983]},"properties":{"osm_type":"way","osm_id":1068715648,"name":"Chiesa Santo Spirito","religion":"christian","denomination":"catholic","start_date":"C16","end_date":null,"start_year":null,"end_year":null}},{"type":"Feature","geometry":{"type":"Point","coordinates":[9.49491,45.90204]},"properties":{"osm_type":"way","osm_id":79875584,"name":"Chiesa SS. Pietro e Paolo","religion":"christian","denomination":"catholic","start_date":"~C14","end_date":null,"start_year":null,"end_year":null}},{"type":"Feature","geometry":{"type":"Point","coordinates":[7.964,45.97088]},"properties":{"osm_type":"way","osm_id":236569263,"name":"Chiesa vecchia di Santa Maria","religion":"christian","denomination":"roman_catholic","start_date":"C13","end_date":null,"start_year":null,"end_year":null}},{"type":"Feature","geometry":{"type":"Point","coordinates":[12.00814,45.44135]},"properties":{"osm_type":"way","osm_id":372395568,"name":"Chiesetta dei Santi Pietro e Paolo","religion":"christian","denomination":null,"start_date":"C15","end_date":null,"start_year":null,"end_year":null}},{"type":"Feature","geometry":{"type":"Point","coordinates":[8.83008,45.79063]},"properties":{"osm_type":"way","osm_id":205979330,"name":"Chiesetta di Loreto dei padri Serviti","religion":"christian","denomination":"catholic","start_date":"C16","end_date":null,"start_year":null,"end_year":null}},{"type":"Feature","geometry":{"type":"Point","coordinates":[10.2026,45.95488]},"properties":{"osm_type":"way","osm_id":198184092,"name":"Chiesetta di San Fiorino","religion":"christian","denomination":"catholic","start_date":"C15","end_date":null,"start_year":null,"end_year":null}},{"type":"Feature","geometry":{"type":"Point","coordinates":[9.33332,46.05828]},"properties":{"osm_type":"way","osm_id":248660154,"name":"Chiesetta di San Girolamo","religion":"christian","denomination":"catholic","start_date":"C15","end_date":null,"start_year":null,"end_year":null}},{"type":"Feature","geometry":{"type":"Point","coordinates":[9.36822,45.6995]},"properties":{"osm_type":"way","osm_id":170892527,"name":"Chiesetta di San Giuseppe","religion":"christian","denomination":"catholic","start_date":"C17","end_date":null,"start_year":null,"end_year":null}},{"type":"Feature","geometry":{"type":"Point","coordinates":[9.15869,46.16537]},"properties":{"osm_type":"way","osm_id":225104829,"name":"Chiesetta di San Jorio","religion":"christian","denomination":"catholic","start_date":"C16","end_date":null,"start_year":null,"end_year":null}},{"type":"Feature","geometry":{"type":"Point","coordinates":[9.95373,45.86362]},"properties":{"osm_type":"way","osm_id":173100201,"name":"Chiesetta di San Lucio","religion":"christian","denomination":"catholic","start_date":"C16","end_date":null,"start_year":null,"end_year":null}},{"type":"Feature","geometry":{"type":"Point","coordinates":[11.65801,45.59998]},"properties":{"osm_type":"way","osm_id":366864819,"name":"Chiesetta di San Michele","religion":"christian","denomination":null,"start_date":"C13","end_date":null,"start_year":null,"end_year":null}},{"type":"Feature","geometry":{"type":"Point","coordinates":[10.51945,46.28327]},"properties":{"osm_type":"way","osm_id":167057258,"name":"Chiesetta di Sant'Apollonio","religion":"christian","denomination":"catholic","start_date":"C11","end_date":null,"start_year":null,"end_year":null}},{"type":"Feature","geometry":{"type":"Point","coordinates":[13.08757,42.93141]},"properties":{"osm_type":"way","osm_id":55334188,"name":"Collegiata di Maria Santissima","religion":"christian","denomination":"catholic","start_date":"C13","end_date":null,"start_year":null,"end_year":null}},{"type":"Feature","geometry":{"type":"Point","coordinates":[8.25456,45.81485]},"properties":{"osm_type":"node","osm_id":2323296163,"name":"Collegiata di San Gaudenzio","religion":"christian","denomination":"catholic","start_date":"C16","end_date":null,"start_year":null,"end_year":null}},{"type":"Feature","geometry":{"type":"Point","coordinates":[9.40685,46.32149]},"properties":{"osm_type":"way","osm_id":581190545,"name":"Collegiata di San Lorenzo","religion":"christian","denomination":"roman_catholic","start_date":"C5","end_date":null,"start_year":null,"end_year":null}},{"type":"Feature","geometry":{"type":"Point","coordinates":[14.06077,42.51919]},"properties":{"osm_type":"way","osm_id":998403820,"name":"Collegiata di San Michele Arcangelo","religion":"christian","denomination":"catholic","start_date":"C9","end_date":null,"start_year":null,"end_year":null}},{"type":"Feature","geometry":{"type":"Point","coordinates":[7.6642,44.74051]},"properties":{"osm_type":"way","osm_id":383214512,"name":"Confraternita dei Disciplinati","religion":"christian","denomination":"catholic","start_date":"C16","end_date":null,"start_year":null,"end_year":null}},{"type":"Feature","geometry":{"type":"Point","coordinates":[7.77624,45.20167]},"properties":{"osm_type":"way","osm_id":417795504,"name":"Confraternita dell'Immacolata Concezione","religion":"christian","denomination":"catholic","start_date":"C17","end_date":null,"start_year":null,"end_year":null}},{"type":"Feature","geometry":{"type":"Point","coordinates":[7.82186,44.3399]},"properties":{"osm_type":"node","osm_id":2028064568,"name":"Confraternita Santissima Annunziata","religion":"christian","denomination":null,"start_date":"C18","end_date":null,"start_year":null,"end_year":null}},{"type":"Feature","geometry":{"type":"Point","coordinates":[7.47574,44.51497]},"properties":{"osm_type":"way","osm_id":327222692,"name":"Confraternita Santissima Trinità (detta La Rossa)","religion":"christian","denomination":"catholic","start_date":"C17","end_date":null,"start_year":null,"end_year":null}},{"type":"Feature","geometry":{"type":"Point","coordinates":[13.0898,42.93166]},"properties":{"osm_type":"way","osm_id":433020819,"name":"Convento degli Apostolini","religion":"christian","denomination":"catholic","start_date":"C14","end_date":null,"start_year":null,"end_year":null}},{"type":"Feature","geometry":{"type":"Point","coordinates":[13.0714,43.13777]},"properties":{"osm_type":"node","osm_id":4520288481,"name":"Convento di San Domenico e Aula di San Sebastiano","religion":"christian","denomination":"catholic","start_date":"C13","end_date":null,"start_year":null,"end_year":null}},{"type":"Feature","geometry":{"type":"Point","coordinates":[13.1544,42.89521]},"properties":{"osm_type":"node","osm_id":4685491757,"name":"Convento di Sant'Agostino","religion":"christian","denomination":"catholic","start_date":"C16","end_date":null,"start_year":null,"end_year":null}},{"type":"Feature","geometry":{"type":"Point","coordinates":[17.099,38.95862]},"properties":{"osm_type":"node","osm_id":3047512447,"name":"Duomo","religion":"christian","denomination":"catholic","start_date":"C9","end_date":null,"start_year":null,"end_year":null}},{"type":"Feature","geometry":{"type":"Point","coordinates":[9.2758,45.5836]},"properties":{"osm_type":"way","osm_id":49804445,"name":"Duomo di Monza","religion":"christian","denomination":"catholic","start_date":"C14","end_date":null,"start_year":null,"end_year":null}},{"type":"Feature","geometry":{"type":"Point","coordinates":[13.23029,42.98905]},"properties":{"osm_type":"node","osm_id":4684976075,"name":"Edicola del Crocefisso o Cappellina Malvezzi","religion":"christian","denomination":"catholic","start_date":"C15","end_date":null,"start_year":null,"end_year":null}},{"type":"Feature","geometry":{"type":"Point","coordinates":[10.23937,45.66402]},"properties":{"osm_type":"way","osm_id":453047427,"name":"Eremo di San Bernardo","religion":"christian","denomination":"catholic","start_date":"C14","end_date":null,"start_year":null,"end_year":null}},{"type":"Feature","geometry":{"type":"Point","coordinates":[10.31176,45.66747]},"properties":{"osm_type":"way","osm_id":204932747,"name":"Eremo di San Vigilio","religion":"christian","denomination":"catholic","start_date":"C16","end_date":null,"start_year":null,"end_year":null}},{"type":"Feature","geometry":{"type":"Point","coordinates":[13.01464,43.04228]},"properties":{"osm_type":"node","osm_id":4686533570,"name":"Eremo di Sant'Angelo in Profoglio","religion":"christian","denomination":"roman_catholic","start_date":"C12","end_date":null,"start_year":null,"end_year":null}},{"type":"Feature","geometry":{"type":"Point","coordinates":[14.44378,41.46627]},"properties":{"osm_type":"way","osm_id":160283486,"name":"Eremo di Sant'Egidio","religion":"christian","denomination":null,"start_date":"900","end_date":null,"start_year":null,"end_year":null}},{"type":"Feature","geometry":{"type":"Point","coordinates":[10.75115,45.55609]},"properties":{"osm_type":"node","osm_id":894450661,"name":"Eremo Santi Fermo e Rustico","religion":"christian","denomination":null,"start_date":"C12","end_date":null,"start_year":null,"end_year":null}},{"type":"Feature","geometry":{"type":"Point","coordinates":[7.32501,45.69403]},"properties":{"osm_type":"way","osm_id":137220933,"name":"Ermitage de Saint-Grat","religion":"christian","denomination":"catholic","start_date":"XIIIe siècle","end_date":null,"start_year":null,"end_year":null}},{"type":"Feature","geometry":{"type":"Point","coordinates":[13.04703,43.03989]},"properties":{"osm_type":"node","osm_id":4517133049,"name":"Ex Convento di Sant'Agostino","religion":"christian","denomination":"roman_catholic","start_date":"C15","end_date":null,"start_year":null,"end_year":null}},{"type":"Feature","geometry":{"type":"Point","coordinates":[14.25056,40.84835]},"properties":{"osm_type":"node","osm_id":2758744626,"name":"Immacolata degli Operatori Sanitari","religion":"christian","denomination":"catholic","start_date":"C19","end_date":null,"start_year":null,"end_year":null}},{"type":"Feature","geometry":{"type":"Point","coordinates":[7.43562,44.38264]},"properties":{"osm_type":"way","osm_id":386682677,"name":"La Confraternita della B.V. Annunziata","religion":"christian","denomination":"catholic","start_date":"C17","end_date":null,"start_year":null,"end_year":null}},{"type":"Feature","geometry":{"type":"Point","coordinates":[8.37632,45.4938]},"properties":{"osm_type":"way","osm_id":606636003,"name":"Madonna del Bosco","religion":"christian","denomination":"catholic","start_date":"C17","end_date":null,"start_year":null,"end_year":null}},{"type":"Feature","geometry":{"type":"Point","coordinates":[11.82235,42.61959]},"properties":{"osm_type":"way","osm_id":1072369443,"name":"Madonna della Cava","religion":"christian","denomination":"roman_catholic","start_date":"C16","end_date":null,"start_year":null,"end_year":null}},{"type":"Feature","geometry":{"type":"Point","coordinates":[9.44225,45.95069]},"properties":{"osm_type":"way","osm_id":380493246,"name":"Madonna della Cintura","religion":"christian","denomination":"catholic","start_date":"C15","end_date":null,"start_year":null,"end_year":null}},{"type":"Feature","geometry":{"type":"Point","coordinates":[13.13001,43.14698]},"properties":{"osm_type":"way","osm_id":1288489019,"name":"Madonna della Misericordia","religion":"christian","denomination":"catholic","start_date":"C15","end_date":null,"start_year":null,"end_year":null}},{"type":"Feature","geometry":{"type":"Point","coordinates":[11.53927,45.31353]},"properties":{"osm_type":"way","osm_id":361487164,"name":"Madonna della Neve","religion":"christian","denomination":"catholic","start_date":"C15","end_date":null,"start_year":null,"end_year":null}},{"type":"Feature","geometry":{"type":"Point","coordinates":[13.1436,42.92081]},"properties":{"osm_type":"way","osm_id":449595058,"name":"Madonna di Pian della Croce","religion":"christian","denomination":"catholic","start_date":"C19","end_date":null,"start_year":null,"end_year":null}},{"type":"Feature","geometry":{"type":"Point","coordinates":[16.25627,38.3492]},"properties":{"osm_type":"way","osm_id":699618386,"name":"Monastero di Santa Barbara","religion":"christian","denomination":"catholic","start_date":"X secolo d.C.","end_date":null,"start_year":null,"end_year":null}},{"type":"Feature","geometry":{"type":"Point","coordinates":[16.36107,39.26267]},"properties":{"osm_type":"way","osm_id":1377769763,"name":"Monastero San Martino di Canale","religion":"christian","denomination":"roman_catholic","start_date":"IX secolo","end_date":null,"start_year":null,"end_year":null}},{"type":"Feature","geometry":{"type":"Point","coordinates":[11.63107,44.58862]},"properties":{"osm_type":"way","osm_id":1037345792,"name":"Oratorio Benni","religion":"christian","denomination":"roman_catholic","start_date":"C16","end_date":null,"start_year":null,"end_year":null}},{"type":"Feature","geometry":{"type":"Point","coordinates":[11.82731,45.33317]},"properties":{"osm_type":"way","osm_id":351643148,"name":"Oratorio della Beata Vergine del Rosario","religion":"christian","denomination":"catholic","start_date":"C18","end_date":null,"start_year":null,"end_year":null}},{"type":"Feature","geometry":{"type":"Point","coordinates":[7.97982,45.96275]},"properties":{"osm_type":"way","osm_id":236682135,"name":"Oratorio della Madonna Addolorata","religion":"christian","denomination":"roman_catholic","start_date":"C18","end_date":null,"start_year":null,"end_year":null}},{"type":"Feature","geometry":{"type":"Point","coordinates":[8.63516,45.87422]},"properties":{"osm_type":"way","osm_id":1330376402,"name":"Oratorio della Madonna del Rosario","religion":"christian","denomination":"roman_catholic","start_date":"C12","end_date":null,"start_year":null,"end_year":null}},{"type":"Feature","geometry":{"type":"Point","coordinates":[8.78172,44.79287]},"properties":{"osm_type":"node","osm_id":3019680917,"name":"Oratorio della Santissima Trinità o dei Battuti Rossi","religion":"christian","denomination":"roman_catholic","start_date":"C15","end_date":null,"start_year":null,"end_year":null}},{"type":"Feature","geometry":{"type":"Point","coordinates":[9.06557,45.99731]},"properties":{"osm_type":"way","osm_id":195468063,"name":"Oratorio della Vergine Assunta","religion":"christian","denomination":"catholic","start_date":"C17","end_date":null,"start_year":null,"end_year":null}},{"type":"Feature","geometry":{"type":"Point","coordinates":[9.07755,45.97038]},"properties":{"osm_type":"way","osm_id":195649182,"name":"Oratorio delle Sante Liberata e Faustina","religion":"christian","denomination":"catholic","start_date":"C17","end_date":null,"start_year":null,"end_year":null}},{"type":"Feature","geometry":{"type":"Point","coordinates":[8.87793,44.42639]},"properties":{"osm_type":"way","osm_id":25263473,"name":"Oratorio di Nostra Signora Assunta - Confraternita del Gonfalone","religion":"christian","denomination":"catholic","start_date":"C16","end_date":null,"start_year":null,"end_year":null}},{"type":"Feature","geometry":{"type":"Point","coordinates":[9.46905,46.22854]},"properties":{"osm_type":"way","osm_id":377422531,"name":"Oratorio di S. Antonio","religion":"christian","denomination":"roman_catholic","start_date":"XVIII sec.","end_date":null,"start_year":null,"end_year":null}},{"type":"Feature","geometry":{"type":"Point","coordinates":[8.3951,45.62693]},"properties":{"osm_type":"way","osm_id":547005600,"name":"Oratorio di San Bernardo","religion":"christian","denomination":"roman_catholic","start_date":"C15","end_date":null,"start_year":null,"end_year":null}},{"type":"Feature","geometry":{"type":"Point","coordinates":[7.98075,45.67455]},"properties":{"osm_type":"way","osm_id":538290366,"name":"Oratorio di San Defendente","religion":"christian","denomination":"catholic","start_date":"C17","end_date":null,"start_year":null,"end_year":null}},{"type":"Feature","geometry":{"type":"Point","coordinates":[9.43965,46.21476]},"properties":{"osm_type":"way","osm_id":108282792,"name":"Oratorio di San Fedele","religion":"christian","denomination":"roman_catholic","start_date":"C10","end_date":null,"start_year":null,"end_year":null}},{"type":"Feature","geometry":{"type":"Point","coordinates":[8.38849,45.50743]},"properties":{"osm_type":"way","osm_id":606775150,"name":"Oratorio di San Lorenzo","religion":"christian","denomination":"roman_catholic","start_date":"C18","end_date":null,"start_year":null,"end_year":null}},{"type":"Feature","geometry":{"type":"Point","coordinates":[11.88012,45.60668]},"properties":{"osm_type":"way","osm_id":369307886,"name":"Oratorio di San Massimo","religion":"christian","denomination":"catholic","start_date":"C7","end_date":null,"start_year":null,"end_year":null}},{"type":"Feature","geometry":{"type":"Point","coordinates":[10.92117,44.4914]},"properties":{"osm_type":"way","osm_id":150018856,"name":"Oratorio di San Michele","religion":"christian","denomination":"catholic","start_date":"C12","end_date":null,"start_year":null,"end_year":null}},{"type":"Feature","geometry":{"type":"Point","coordinates":[9.20515,45.80497]},"properties":{"osm_type":"way","osm_id":369459067,"name":"Oratorio di San Pietro","religion":"christian","denomination":"roman_catholic","start_date":"~C13","end_date":null,"start_year":null,"end_year":null}},{"type":"Feature","geometry":{"type":"Point","coordinates":[8.08965,45.82855]},"properties":{"osm_type":"way","osm_id":217444995,"name":"Oratorio di San Quirico","religion":"christian","denomination":"roman_catholic","start_date":"C17","end_date":null,"start_year":null,"end_year":null}},{"type":"Feature","geometry":{"type":"Point","coordinates":[9.91042,44.0741]},"properties":{"osm_type":"way","osm_id":205907511,"name":"Oratorio di San Rocco","religion":"christian","denomination":"catholic","start_date":"C16","end_date":null,"start_year":null,"end_year":null}},{"type":"Feature","geometry":{"type":"Point","coordinates":[9.70402,45.42788]},"properties":{"osm_type":"way","osm_id":394376283,"name":"Oratorio di San Rocco","religion":"christian","denomination":"catholic","start_date":"C16","end_date":null,"start_year":null,"end_year":null}},{"type":"Feature","geometry":{"type":"Point","coordinates":[8.0461,45.56832]},"properties":{"osm_type":"way","osm_id":625819769,"name":"Oratorio di San Rocco","religion":"christian","denomination":"catholic","start_date":"C18","end_date":null,"start_year":null,"end_year":null}},{"type":"Feature","geometry":{"type":"Point","coordinates":[7.98692,45.95835]},"properties":{"osm_type":"way","osm_id":236682075,"name":"Oratorio di San Rocco - Motta","religion":"christian","denomination":"catholic","start_date":"C18","end_date":null,"start_year":null,"end_year":null}},{"type":"Feature","geometry":{"type":"Point","coordinates":[8.3721,45.64711]},"properties":{"osm_type":"way","osm_id":439473627,"name":"Oratorio di San Sebastiano","religion":"christian","denomination":"catholic","start_date":"C18","end_date":null,"start_year":null,"end_year":null}},{"type":"Feature","geometry":{"type":"Point","coordinates":[9.17563,45.46272]},"properties":{"osm_type":"way","osm_id":139546731,"name":"Oratorio di San Sigismondo","religion":"christian","denomination":"catholic","start_date":"C11","end_date":null,"start_year":null,"end_year":null}},{"type":"Feature","geometry":{"type":"Point","coordinates":[10.40707,43.40425]},"properties":{"osm_type":"way","osm_id":123273815,"name":"Oratorio di Sant'Andrea","religion":"christian","denomination":"catholic","start_date":"C18","end_date":null,"start_year":null,"end_year":null}},{"type":"Feature","geometry":{"type":"Point","coordinates":[9.42507,45.49719]},"properties":{"osm_type":"way","osm_id":468708775,"name":"Oratorio di Sant'Antonio","religion":"christian","denomination":"catholic","start_date":"C16","end_date":null,"start_year":null,"end_year":null}},{"type":"Feature","geometry":{"type":"Point","coordinates":[11.6903,45.4314]},"properties":{"osm_type":"way","osm_id":373698113,"name":"Oratorio di Santa Eurosia","religion":"christian","denomination":"catholic","start_date":"C19","end_date":null,"start_year":null,"end_year":null}},{"type":"Feature","geometry":{"type":"Point","coordinates":[11.66986,44.62848]},"properties":{"osm_type":"way","osm_id":154205192,"name":"Oratorio Franzoni","religion":"christian","denomination":"roman_catholic","start_date":"C17","end_date":null,"start_year":null,"end_year":null}},{"type":"Feature","geometry":{"type":"Point","coordinates":[11.98988,45.21982]},"properties":{"osm_type":"way","osm_id":351744157,"name":"Oratorio Madonna della Rova","religion":"christian","denomination":"catholic","start_date":"C17","end_date":null,"start_year":null,"end_year":null}},{"type":"Feature","geometry":{"type":"Point","coordinates":[11.46468,45.27201]},"properties":{"osm_type":"way","osm_id":241606772,"name":"Oratorio Madonna della Salute","religion":"christian","denomination":"catholic","start_date":"C14","end_date":null,"start_year":null,"end_year":null}},{"type":"Feature","geometry":{"type":"Point","coordinates":[9.74338,45.42229]},"properties":{"osm_type":"node","osm_id":7114544322,"name":"Oratorio San Michele","religion":"christian","denomination":"catholic","start_date":"C17","end_date":null,"start_year":null,"end_year":null}},{"type":"Feature","geometry":{"type":"Point","coordinates":[9.65535,44.14792]},"properties":{"osm_type":"way","osm_id":28265710,"name":"Oratorio Santa Croce","religion":"christian","denomination":"catholic","start_date":"C16","end_date":null,"start_year":null,"end_year":null}},{"type":"Feature","geometry":{"type":"Point","coordinates":[8.01172,45.23514]},"properties":{"osm_type":"way","osm_id":1106020094,"name":"Oratorio Santa Elisabetta","religion":"christian","denomination":"catholic","start_date":"C18","end_date":null,"start_year":null,"end_year":null}},{"type":"Feature","geometry":{"type":"Point","coordinates":[8.80356,45.7232]},"properties":{"osm_type":"way","osm_id":625735705,"name":"Oratorio Visconteo","religion":"christian","denomination":"catholic","start_date":"C14","end_date":null,"start_year":null,"end_year":null}},{"type":"Feature","geometry":{"type":"Point","coordinates":[14.38761,42.23061]},"properties":{"osm_type":"way","osm_id":28524777,"name":"Parrocchia di Santa Maria Maggiore","religion":"christian","denomination":"catholic","start_date":"C13","end_date":null,"start_year":null,"end_year":null}},{"type":"Feature","geometry":{"type":"Point","coordinates":[7.44123,44.34163]},"properties":{"osm_type":"way","osm_id":389909484,"name":"Parrocchiale Sant'Antonio Abate","religion":"christian","denomination":"catholic","start_date":"C15..C16","end_date":null,"start_year":null,"end_year":null}},{"type":"Feature","geometry":{"type":"Point","coordinates":[12.17731,44.94565]},"properties":{"osm_type":"way","osm_id":204068310,"name":"Pieve di San Basilio","religion":"christian","denomination":"catholic","start_date":"C4","end_date":null,"start_year":null,"end_year":null}},{"type":"Feature","geometry":{"type":"Point","coordinates":[8.75888,44.75142]},"properties":{"osm_type":"way","osm_id":298213853,"name":"Pieve di San Martino","religion":"christian","denomination":"catholic","start_date":"C7","end_date":null,"start_year":null,"end_year":null}},{"type":"Feature","geometry":{"type":"Point","coordinates":[13.06427,42.99745]},"properties":{"osm_type":"node","osm_id":4517133055,"name":"Pieve di Sant'Oreste","religion":"christian","denomination":"roman_catholic","start_date":"C12","end_date":null,"start_year":null,"end_year":null}},{"type":"Feature","geometry":{"type":"Point","coordinates":[13.04815,43.04355]},"properties":{"osm_type":"node","osm_id":4686540976,"name":"Pieve di Santa Maria","religion":"christian","denomination":"catholic","start_date":"C13","end_date":null,"start_year":null,"end_year":null}},{"type":"Feature","geometry":{"type":"Point","coordinates":[12.98027,42.90197]},"properties":{"osm_type":"way","osm_id":299519541,"name":"Pieve di Santa Maria Annunziata in Mevale","religion":"christian","denomination":"roman_catholic","start_date":"C11","end_date":null,"start_year":null,"end_year":null}},{"type":"Feature","geometry":{"type":"Point","coordinates":[13.01399,42.93339]},"properties":{"osm_type":"way","osm_id":439208735,"name":"Pieve di Santa Maria Assunta","religion":"christian","denomination":"roman_catholic","start_date":"C12","end_date":null,"start_year":null,"end_year":null}},{"type":"Feature","geometry":{"type":"Point","coordinates":[10.90778,45.51781]},"properties":{"osm_type":"way","osm_id":153024528,"name":"Pieve Romanica","religion":"christian","denomination":null,"start_date":"~C10","end_date":null,"start_year":null,"end_year":null}},{"type":"Feature","geometry":{"type":"Point","coordinates":[10.31449,45.52373]},"properties":{"osm_type":"way","osm_id":457769849,"name":"Rotonda di Santa Maria di Valverde","religion":"christian","denomination":"catholic","start_date":"C11","end_date":null,"start_year":null,"end_year":null}},{"type":"Feature","geometry":{"type":"Point","coordinates":[17.09821,38.96082]},"properties":{"osm_type":"way","osm_id":305425502,"name":"Ruderi Chiesa Santa Caterina","religion":"christian","denomination":"catholic","start_date":"C16","end_date":null,"start_year":null,"end_year":null}},{"type":"Feature","geometry":{"type":"Point","coordinates":[8.89491,44.43016]},"properties":{"osm_type":"way","osm_id":143691420,"name":"San Bartolomeo della Certosa","religion":"christian","denomination":"catholic","start_date":"sec XIII - XVI","end_date":null,"start_year":null,"end_year":null}},{"type":"Feature","geometry":{"type":"Point","coordinates":[7.34637,44.26602]},"properties":{"osm_type":"way","osm_id":369261453,"name":"San Bernardo","religion":"christian","denomination":"catholic","start_date":"C16","end_date":null,"start_year":null,"end_year":null}},{"type":"Feature","geometry":{"type":"Point","coordinates":[8.20889,44.67254]},"properties":{"osm_type":"way","osm_id":371532408,"name":"San Bovo (Sec. XVIII)","religion":"christian","denomination":"catholic","start_date":"C18","end_date":null,"start_year":null,"end_year":null}},{"type":"Feature","geometry":{"type":"Point","coordinates":[7.21737,45.13481]},"properties":{"osm_type":"way","osm_id":198756523,"name":"San Desiderio","religion":"christian","denomination":"catholic","start_date":"C13","end_date":null,"start_year":null,"end_year":null}},{"type":"Feature","geometry":{"type":"Point","coordinates":[10.89082,44.55195]},"properties":{"osm_type":"way","osm_id":149810743,"name":"San Giacomo Maggiore","religion":"christian","denomination":"catholic","start_date":"C11","end_date":null,"start_year":null,"end_year":null}},{"type":"Feature","geometry":{"type":"Point","coordinates":[10.89817,44.70961]},"properties":{"osm_type":"way","osm_id":167118560,"name":"San Giorgio","religion":"christian","denomination":"catholic","start_date":"early C12","end_date":null,"start_year":null,"end_year":null}},{"type":"Feature","geometry":{"type":"Point","coordinates":[8.90573,39.7565]},"properties":{"osm_type":"way","osm_id":294225180,"name":"San Giorgio Martire","religion":"christian","denomination":"catholic","start_date":"C17","end_date":null,"start_year":null,"end_year":null}},{"type":"Feature","geometry":{"type":"Point","coordinates":[7.3143,44.40873]},"properties":{"osm_type":"way","osm_id":311722938,"name":"San Giovanni","religion":"christian","denomination":"catholic","start_date":"C17","end_date":null,"start_year":null,"end_year":null}},{"type":"Feature","geometry":{"type":"Point","coordinates":[7.41075,44.28188]},"properties":{"osm_type":"way","osm_id":554354343,"name":"San Giovanni","religion":"christian","denomination":"catholic","start_date":"late C15","end_date":null,"start_year":null,"end_year":null}},{"type":"Feature","geometry":{"type":"Point","coordinates":[9.18062,45.94485]},"properties":{"osm_type":"way","osm_id":249308008,"name":"San Giuseppe","religion":"christian","denomination":"catholic","start_date":"C17","end_date":null,"start_year":null,"end_year":null}},{"type":"Feature","geometry":{"type":"Point","coordinates":[7.90953,44.70669]},"properties":{"osm_type":"way","osm_id":702478715,"name":"San Grato","religion":"christian","denomination":"roman_catholic","start_date":"C 20","end_date":null,"start_year":null,"end_year":null}},{"type":"Feature","geometry":{"type":"Point","coordinates":[7.01285,45.13763]},"properties":{"osm_type":"way","osm_id":277445991,"name":"San Lorenzo","religion":"christian","denomination":"catholic","start_date":"C15","end_date":null,"start_year":null,"end_year":null}},{"type":"Feature","geometry":{"type":"Point","coordinates":[16.63668,39.57118]},"properties":{"osm_type":"way","osm_id":351685138,"name":"San Marco","religion":"christian","denomination":"orthodox","start_date":"IX-X secolo","end_date":null,"start_year":null,"end_year":null}},{"type":"Feature","geometry":{"type":"Point","coordinates":[7.39659,44.27692]},"properties":{"osm_type":"way","osm_id":365720277,"name":"San Martino","religion":"christian","denomination":"roman_catholic","start_date":"C12","end_date":null,"start_year":null,"end_year":null}},{"type":"Feature","geometry":{"type":"Point","coordinates":[11.08673,42.8832]},"properties":{"osm_type":"way","osm_id":722823683,"name":"San Niccolò","religion":"christian","denomination":"catholic","start_date":"XI secolo","end_date":null,"start_year":null,"end_year":null}},{"type":"Feature","geometry":{"type":"Point","coordinates":[8.78335,44.79174]},"properties":{"osm_type":"node","osm_id":3019680920,"name":"San Nicolò","religion":"christian","denomination":"catholic","start_date":"C13","end_date":null,"start_year":null,"end_year":null}},{"type":"Feature","geometry":{"type":"Point","coordinates":[7.39711,45.07573]},"properties":{"osm_type":"way","osm_id":375841980,"name":"San Pietro","religion":"christian","denomination":"catholic","start_date":"C9","end_date":null,"start_year":null,"end_year":null}},{"type":"Feature","geometry":{"type":"Point","coordinates":[17.12308,40.84944]},"properties":{"osm_type":"way","osm_id":418432779,"name":"San Pietro","religion":"christian","denomination":null,"start_date":"C11","end_date":null,"start_year":null,"end_year":null}},{"type":"Feature","geometry":{"type":"Point","coordinates":[13.11135,42.9993]},"properties":{"osm_type":"way","osm_id":433837004,"name":"San Pietro in Cupi","religion":"christian","denomination":"catholic","start_date":"C17..C18","end_date":null,"start_year":null,"end_year":null}},{"type":"Feature","geometry":{"type":"Point","coordinates":[12.66118,46.16644]},"properties":{"osm_type":"way","osm_id":36687069,"name":"San Rocco","religion":"christian","denomination":"catholic","start_date":"C12","end_date":null,"start_year":null,"end_year":null}},{"type":"Feature","geometry":{"type":"Point","coordinates":[7.27966,44.4194]},"properties":{"osm_type":"way","osm_id":348326541,"name":"San Rocco","religion":"christian","denomination":"catholic","start_date":"C17","end_date":null,"start_year":null,"end_year":null}},{"type":"Feature","geometry":{"type":"Point","coordinates":[11.82777,42.62249]},"properties":{"osm_type":"way","osm_id":1072369439,"name":"San Sebastiano","religion":"christian","denomination":"roman_catholic","start_date":"C15","end_date":null,"start_year":null,"end_year":null}},{"type":"Feature","geometry":{"type":"Point","coordinates":[6.67603,45.05038]},"properties":{"osm_type":"way","osm_id":367789193,"name":"San Sisto","religion":"christian","denomination":"catholic","start_date":"C15","end_date":null,"start_year":null,"end_year":null}},{"type":"Feature","geometry":{"type":"Point","coordinates":[12.33565,42.66201]},"properties":{"osm_type":"way","osm_id":376734610,"name":"San Vitale de Murellis","religion":"christian","denomination":"catholic","start_date":"C11","end_date":null,"start_year":null,"end_year":null}},{"type":"Feature","geometry":{"type":"Point","coordinates":[11.879,45.33927]},"properties":{"osm_type":"way","osm_id":131731320,"name":"Sant'Andrea Apostolo","religion":"christian","denomination":"catholic","start_date":"C16","end_date":null,"start_year":null,"end_year":null}},{"type":"Feature","geometry":{"type":"Point","coordinates":[14.26118,40.84685]},"properties":{"osm_type":"way","osm_id":294818723,"name":"Sant'Andrea Apostolo dei Gattoli","religion":"christian","denomination":"roman_catholic","start_date":"C19","end_date":null,"start_year":null,"end_year":null}},{"type":"Feature","geometry":{"type":"Point","coordinates":[7.02487,45.18675]},"properties":{"osm_type":"way","osm_id":427990533,"name":"Sant'Anna","religion":"christian","denomination":"catholic","start_date":"C15","end_date":null,"start_year":null,"end_year":null}},{"type":"Feature","geometry":{"type":"Point","coordinates":[9.17248,45.94179]},"properties":{"osm_type":"way","osm_id":229591453,"name":"Sant'Antonio","religion":"christian","denomination":"catholic","start_date":"C17","end_date":null,"start_year":null,"end_year":null}},{"type":"Feature","geometry":{"type":"Point","coordinates":[7.00844,45.14079]},"properties":{"osm_type":"way","osm_id":197767931,"name":"Sant'Antonio Abate","religion":"christian","denomination":"catholic","start_date":"C16","end_date":null,"start_year":null,"end_year":null}},{"type":"Feature","geometry":{"type":"Point","coordinates":[10.96209,44.45624]},"properties":{"osm_type":"way","osm_id":978756843,"name":"Sant’Antonio da Padova","religion":"christian","denomination":"catholic","start_date":"~15C","end_date":null,"start_year":null,"end_year":null}},{"type":"Feature","geometry":{"type":"Point","coordinates":[12.47572,41.89864]},"properties":{"osm_type":"way","osm_id":128740195,"name":"Sant’Eustachio in Campo Marzio","religion":"christian","denomination":"catholic","start_date":"C18","end_date":null,"start_year":null,"end_year":null}},{"type":"Feature","geometry":{"type":"Point","coordinates":[6.9811,45.20477]},"properties":{"osm_type":"way","osm_id":629204383,"name":"Santa Barbara","religion":"christian","denomination":"catholic","start_date":"C15","end_date":null,"start_year":null,"end_year":null}},{"type":"Feature","geometry":{"type":"Point","coordinates":[15.0882,37.50417]},"properties":{"osm_type":"way","osm_id":138242628,"name":"Santa Maria all'Ogninella","religion":"christian","denomination":"roman_catholic","start_date":"C18","end_date":null,"start_year":null,"end_year":null}},{"type":"Feature","geometry":{"type":"Point","coordinates":[8.92558,44.90542]},"properties":{"osm_type":"way","osm_id":167920400,"name":"Santa Maria Assunta","religion":"christian","denomination":"catholic","start_date":"~C11","end_date":null,"start_year":null,"end_year":null}},{"type":"Feature","geometry":{"type":"Point","coordinates":[14.25575,40.8542]},"properties":{"osm_type":"way","osm_id":283514882,"name":"Santa Maria della Consolazione","religion":"christian","denomination":"catholic","start_date":"C16","end_date":null,"start_year":null,"end_year":null}},{"type":"Feature","geometry":{"type":"Point","coordinates":[12.51385,42.52049]},"properties":{"osm_type":"node","osm_id":13063531835,"name":"Santa Maria della Rupe","religion":"christian","denomination":"catholic","start_date":"13C","end_date":null,"start_year":null,"end_year":null}},{"type":"Feature","geometry":{"type":"Point","coordinates":[14.71411,41.63618]},"properties":{"osm_type":"way","osm_id":261211563,"name":"Santa Maria della Strada","religion":"christian","denomination":"catholic","start_date":"C11..C12","end_date":null,"start_year":null,"end_year":null}},{"type":"Feature","geometry":{"type":"Point","coordinates":[13.1693,43.0285]},"properties":{"osm_type":"way","osm_id":436843429,"name":"Santa Maria di Rio Sacro","religion":"christian","denomination":"catholic","start_date":"C11","end_date":null,"start_year":null,"end_year":null}},{"type":"Feature","geometry":{"type":"Point","coordinates":[7.60738,45.24036]},"properties":{"osm_type":"way","osm_id":835122528,"name":"Santa Maria di Spinerano","religion":"christian","denomination":"catholic","start_date":"C11","end_date":null,"start_year":null,"end_year":null}},{"type":"Feature","geometry":{"type":"Point","coordinates":[9.3434,46.0323]},"properties":{"osm_type":"way","osm_id":629605533,"name":"Santa Maria Maddalena","religion":"christian","denomination":null,"start_date":"C16","end_date":null,"start_year":null,"end_year":null}},{"type":"Feature","geometry":{"type":"Point","coordinates":[8.78338,44.76201]},"properties":{"osm_type":"way","osm_id":1099662249,"name":"Santa Maria Maddalena","religion":"christian","denomination":"catholic","start_date":"C17","end_date":null,"start_year":null,"end_year":null}},{"type":"Feature","geometry":{"type":"Point","coordinates":[7.53542,45.31023]},"properties":{"osm_type":"way","osm_id":996270562,"name":"Santa Mariaq dei Battuti","religion":"christian","denomination":"catholic","start_date":"C16","end_date":null,"start_year":null,"end_year":null}},{"type":"Feature","geometry":{"type":"Point","coordinates":[9.3014,46.034]},"properties":{"osm_type":"way","osm_id":1334259128,"name":"Santi Filippo Neri e Francesco da Paola","religion":"christian","denomination":"catholic","start_date":"C13","end_date":null,"start_year":null,"end_year":null}},{"type":"Feature","geometry":{"type":"Point","coordinates":[9.08431,44.71908]},"properties":{"osm_type":"way","osm_id":662034653,"name":"Santi Matteo e Fortunato","religion":"christian","denomination":"catholic","start_date":"C9","end_date":null,"start_year":null,"end_year":null}},{"type":"Feature","geometry":{"type":"Point","coordinates":[7.77577,45.20161]},"properties":{"osm_type":"way","osm_id":417795500,"name":"Santi Pietro e Paolo Apostoli","religion":"christian","denomination":"catholic","start_date":"C18","end_date":null,"start_year":null,"end_year":null}},{"type":"Feature","geometry":{"type":"Point","coordinates":[9.23782,45.8767]},"properties":{"osm_type":"way","osm_id":655261802,"name":"Santi Valeria e Vitale","religion":"christian","denomination":"catholic","start_date":"C13","end_date":null,"start_year":null,"end_year":null}},{"type":"Feature","geometry":{"type":"Point","coordinates":[8.70733,39.9586]},"properties":{"osm_type":"way","osm_id":294225903,"name":"Santissima Trasfigurazione","religion":"christian","denomination":"catholic","start_date":"C15","end_date":null,"start_year":null,"end_year":null}},{"type":"Feature","geometry":{"type":"Point","coordinates":[7.03052,45.13931]},"properties":{"osm_type":"way","osm_id":224456849,"name":"Santo Stefano","religion":"christian","denomination":"catholic","start_date":"C13","end_date":null,"start_year":null,"end_year":null}},{"type":"Feature","geometry":{"type":"Point","coordinates":[7.01497,45.18925]},"properties":{"osm_type":"way","osm_id":274864436,"name":"Santo Stefano","religion":"christian","denomination":"catholic","start_date":"C16","end_date":null,"start_year":null,"end_year":null}},{"type":"Feature","geometry":{"type":"Point","coordinates":[13.03606,43.09129]},"properties":{"osm_type":"node","osm_id":4517133047,"name":"Santuario del Beato Rizzerio","religion":"christian","denomination":"roman_catholic","start_date":"C19","end_date":null,"start_year":null,"end_year":null}},{"type":"Feature","geometry":{"type":"Point","coordinates":[13.16833,43.05846]},"properties":{"osm_type":"way","osm_id":450632936,"name":"Santuario del Beato Ugolino","religion":"christian","denomination":"roman_catholic","start_date":"--secc. XII-XIII","end_date":null,"start_year":null,"end_year":null}},{"type":"Feature","geometry":{"type":"Point","coordinates":[8.77036,45.74676]},"properties":{"osm_type":"way","osm_id":378125274,"name":"Santuario del Cicloturista","religion":"christian","denomination":"roman_catholic","start_date":"C19","end_date":null,"start_year":null,"end_year":null}},{"type":"Feature","geometry":{"type":"Point","coordinates":[8.90413,45.71332]},"properties":{"osm_type":"way","osm_id":175992283,"name":"Santuario del Santissimo Crocifisso","religion":"christian","denomination":"catholic","start_date":"C12","end_date":null,"start_year":null,"end_year":null}},{"type":"Feature","geometry":{"type":"Point","coordinates":[9.15519,45.66493]},"properties":{"osm_type":"way","osm_id":244775836,"name":"Santuario del Santo Crocefisso","religion":"christian","denomination":"catholic","start_date":"C19","end_date":null,"start_year":null,"end_year":null}},{"type":"Feature","geometry":{"type":"Point","coordinates":[13.05236,43.65229]},"properties":{"osm_type":"way","osm_id":657902488,"name":"Santuario dell'Incancellata","religion":"christian","denomination":"catholic","start_date":"C16","end_date":null,"start_year":null,"end_year":null}},{"type":"Feature","geometry":{"type":"Point","coordinates":[9.06647,45.87354]},"properties":{"osm_type":"node","osm_id":1617213381,"name":"Santuario della Beata Vergine del Bisbino","religion":"christian","denomination":"catholic","start_date":"before C14","end_date":null,"start_year":null,"end_year":null}},{"type":"Feature","geometry":{"type":"Point","coordinates":[9.08052,45.57875]},"properties":{"osm_type":"way","osm_id":135463278,"name":"Santuario della Beata Vergine del Rosario","religion":"christian","denomination":"roman_catholic","start_date":"C17","end_date":null,"start_year":null,"end_year":null}},{"type":"Feature","geometry":{"type":"Point","coordinates":[10.30863,45.9303]},"properties":{"osm_type":"way","osm_id":131600178,"name":"Santuario della Beata Vergine della Consolazione","religion":"christian","denomination":"catholic","start_date":"C15","end_date":null,"start_year":null,"end_year":null}},{"type":"Feature","geometry":{"type":"Point","coordinates":[9.04307,45.49663]},"properties":{"osm_type":"way","osm_id":210982569,"name":"Santuario della Beata Vergine Maria","religion":"christian","denomination":"roman_catholic","start_date":"C15","end_date":null,"start_year":null,"end_year":null}},{"type":"Feature","geometry":{"type":"Point","coordinates":[9.4168,45.9909]},"properties":{"osm_type":"way","osm_id":426474308,"name":"Santuario della Madonna","religion":"christian","denomination":"catholic","start_date":"C16","end_date":null,"start_year":null,"end_year":null}},{"type":"Feature","geometry":{"type":"Point","coordinates":[7.39175,45.07011]},"properties":{"osm_type":"way","osm_id":375060245,"name":"Santuario della Madonna dei Laghi","religion":"christian","denomination":"roman_catholic","start_date":"C17","end_date":null,"start_year":null,"end_year":null}},{"type":"Feature","geometry":{"type":"Point","coordinates":[13.1427,43.0482]},"properties":{"osm_type":"node","osm_id":4517133018,"name":"Santuario della Madonna del Poggio","religion":"christian","denomination":"roman_catholic","start_date":"C16","end_date":null,"start_year":null,"end_year":null}},{"type":"Feature","geometry":{"type":"Point","coordinates":[8.26865,45.2561]},"properties":{"osm_type":"way","osm_id":651548984,"name":"Santuario della Madonna del Viri Veri","religion":"christian","denomination":"catholic","start_date":"late C16","end_date":null,"start_year":null,"end_year":null}},{"type":"Feature","geometry":{"type":"Point","coordinates":[10.11366,45.62282]},"properties":{"osm_type":"way","osm_id":58883461,"name":"Santuario della Madonna dell'Avello","religion":"christian","denomination":"catholic","start_date":"C15","end_date":null,"start_year":null,"end_year":null}},{"type":"Feature","geometry":{"type":"Point","coordinates":[9.28458,45.8199]},"properties":{"osm_type":"way","osm_id":86069389,"name":"Santuario della Madonna della Neve","religion":"christian","denomination":"catholic","start_date":"C16","end_date":null,"start_year":null,"end_year":null}},{"type":"Feature","geometry":{"type":"Point","coordinates":[10.09114,45.62671]},"properties":{"osm_type":"way","osm_id":59610711,"name":"Santuario della Madonna della Rosa","religion":"christian","denomination":"catholic","start_date":"C15","end_date":null,"start_year":null,"end_year":null}},{"type":"Feature","geometry":{"type":"Point","coordinates":[12.99933,42.98141]},"properties":{"osm_type":"node","osm_id":4517133045,"name":"Santuario della Madonna della Valle","religion":"christian","denomination":"roman_catholic","start_date":"C19","end_date":null,"start_year":null,"end_year":null}},{"type":"Feature","geometry":{"type":"Point","coordinates":[9.24179,45.47086]},"properties":{"osm_type":"way","osm_id":396582054,"name":"Santuario della Madonna delle Grazie all'Ortica","religion":"christian","denomination":"catholic","start_date":"XVI century","end_date":null,"start_year":null,"end_year":null}},{"type":"Feature","geometry":{"type":"Point","coordinates":[9.33079,46.10022]},"properties":{"osm_type":"way","osm_id":328463578,"name":"Santuario della Madonna di Bondo","religion":"christian","denomination":"catholic","start_date":"C17","end_date":null,"start_year":null,"end_year":null}},{"type":"Feature","geometry":{"type":"Point","coordinates":[10.36525,45.64108]},"properties":{"osm_type":"way","osm_id":203021776,"name":"Santuario della Madonna di Calchere","religion":"christian","denomination":"catholic","start_date":"C17","end_date":null,"start_year":null,"end_year":null}},{"type":"Feature","geometry":{"type":"Point","coordinates":[10.21306,45.58845]},"properties":{"osm_type":"way","osm_id":319556228,"name":"Santuario della Madonna di Calvarola","religion":"christian","denomination":"catholic","start_date":"C17","end_date":null,"start_year":null,"end_year":null}},{"type":"Feature","geometry":{"type":"Point","coordinates":[10.44588,46.246]},"properties":{"osm_type":"way","osm_id":264832841,"name":"Santuario della Madonna di Cortaiolo","religion":"christian","denomination":"catholic","start_date":"C16","end_date":null,"start_year":null,"end_year":null}},{"type":"Feature","geometry":{"type":"Point","coordinates":[7.98022,45.31788]},"properties":{"osm_type":"way","osm_id":1086398795,"name":"Santuario della Madonna di Miralta","religion":"christian","denomination":"catholic","start_date":"C10","end_date":null,"start_year":null,"end_year":null}},{"type":"Feature","geometry":{"type":"Point","coordinates":[7.48087,44.32614]},"properties":{"osm_type":"way","osm_id":282056646,"name":"Santuario della Madonna di Monserrato","religion":"christian","denomination":"roman_catholic","start_date":"C17","end_date":null,"start_year":null,"end_year":null}},{"type":"Feature","geometry":{"type":"Point","coordinates":[9.27038,45.93452]},"properties":{"osm_type":"way","osm_id":291236995,"name":"Santuario della Madonna di Sommaguggio","religion":"christian","denomination":"catholic","start_date":"C17","end_date":null,"start_year":null,"end_year":null}},{"type":"Feature","geometry":{"type":"Point","coordinates":[13.30157,43.62607]},"properties":{"osm_type":"way","osm_id":516651871,"name":"Santuario di Nostra Signora dei Lumi","religion":"christian","denomination":"roman_catholic","start_date":"C15","end_date":null,"start_year":null,"end_year":null}},{"type":"Feature","geometry":{"type":"Point","coordinates":[8.14662,44.02061]},"properties":{"osm_type":"way","osm_id":227313806,"name":"Santuario di Nostra Signora della Guardia","religion":"christian","denomination":"catholic","start_date":"~C12","end_date":null,"start_year":null,"end_year":null}},{"type":"Feature","geometry":{"type":"Point","coordinates":[7.41534,45.04086]},"properties":{"osm_type":"way","osm_id":350966655,"name":"Santuario di Nostra Signora della Stella","religion":"christian","denomination":"catholic","start_date":"C18","end_date":null,"start_year":null,"end_year":null}},{"type":"Feature","geometry":{"type":"Point","coordinates":[8.64341,45.88603]},"properties":{"osm_type":"way","osm_id":184211639,"name":"Santuario di San Clemente","religion":"christian","denomination":"roman_catholic","start_date":"C09","end_date":null,"start_year":null,"end_year":null}},{"type":"Feature","geometry":{"type":"Point","coordinates":[9.08102,45.63737]},"properties":{"osm_type":"way","osm_id":69083590,"name":"Santuario di San Damiano","religion":"christian","denomination":"roman_catholic","start_date":"C12","end_date":null,"start_year":null,"end_year":null}},{"type":"Feature","geometry":{"type":"Point","coordinates":[8.23978,45.12813]},"properties":{"osm_type":"way","osm_id":1321959149,"name":"Santuario di San Gottardo","religion":"christian","denomination":"catholic","start_date":"C18","end_date":null,"start_year":null,"end_year":null}},{"type":"Feature","geometry":{"type":"Point","coordinates":[13.10375,43.15286]},"properties":{"osm_type":"way","osm_id":455672981,"name":"Santuario di San Gregorio Magno in Dinazzano","religion":"christian","denomination":"roman_catholic","start_date":"C11","end_date":null,"start_year":null,"end_year":null}},{"type":"Feature","geometry":{"type":"Point","coordinates":[9.22168,45.55075]},"properties":{"osm_type":"way","osm_id":209428989,"name":"Santuario di San Martino","religion":"christian","denomination":"roman_catholic","start_date":"late C13","end_date":null,"start_year":null,"end_year":null}},{"type":"Feature","geometry":{"type":"Point","coordinates":[9.07351,45.99644]},"properties":{"osm_type":"way","osm_id":195463176,"name":"Santuario di San Pancrazio","religion":"christian","denomination":"catholic","start_date":"C11","end_date":null,"start_year":null,"end_year":null}},{"type":"Feature","geometry":{"type":"Point","coordinates":[7.47359,45.10774]},"properties":{"osm_type":"way","osm_id":67228056,"name":"Santuario di Sant'Abaco","religion":"christian","denomination":"catholic","start_date":"C16","end_date":null,"start_year":null,"end_year":null}},{"type":"Feature","geometry":{"type":"Point","coordinates":[8.01562,45.41447]},"properties":{"osm_type":"way","osm_id":75891191,"name":"Santuario di Sant'Antonio Abate","religion":"christian","denomination":"catholic","start_date":"before C12","end_date":null,"start_year":null,"end_year":null}},{"type":"Feature","geometry":{"type":"Point","coordinates":[10.22863,45.68234]},"properties":{"osm_type":"way","osm_id":148132651,"name":"Santuario di Sant'Emiliano e Tirso","religion":"christian","denomination":"catholic","start_date":"C12","end_date":null,"start_year":null,"end_year":null}},{"type":"Feature","geometry":{"type":"Point","coordinates":[10.26262,45.60924]},"properties":{"osm_type":"way","osm_id":202136547,"name":"Santuario di Sant'Onofrio","religion":"christian","denomination":"catholic","start_date":"C15","end_date":null,"start_year":null,"end_year":null}},{"type":"Feature","geometry":{"type":"Point","coordinates":[10.21067,45.70515]},"properties":{"osm_type":"way","osm_id":197029798,"name":"Santuario di Santa Maria Annunciata","religion":"christian","denomination":"catholic","start_date":"C17","end_date":null,"start_year":null,"end_year":null}},{"type":"Feature","geometry":{"type":"Point","coordinates":[13.1854,43.24098]},"properties":{"osm_type":"way","osm_id":612804305,"name":"Santuario di Santa Maria del Glorioso","religion":"christian","denomination":"catholic","start_date":"C16","end_date":null,"start_year":null,"end_year":null}},{"type":"Feature","geometry":{"type":"Point","coordinates":[11.17259,45.42423]},"properties":{"osm_type":"way","osm_id":188078794,"name":"Santuario di Santa Maria della Pieve","religion":"christian","denomination":"roman_catholic","start_date":"C11","end_date":null,"start_year":null,"end_year":null}},{"type":"Feature","geometry":{"type":"Point","coordinates":[8.87788,44.42702]},"properties":{"osm_type":"way","osm_id":354421047,"name":"Santuario di Santa Maria e San Michele Arcangelo","religion":"christian","denomination":"catholic","start_date":"C15","end_date":null,"start_year":null,"end_year":null}},{"type":"Feature","geometry":{"type":"Point","coordinates":[14.28521,40.89077]},"properties":{"osm_type":"way","osm_id":649688104,"name":"Santuario eucaristico di San Pietro Apostolo","religion":"christian","denomination":null,"start_date":"C9","end_date":null,"start_year":null,"end_year":null}},{"type":"Feature","geometry":{"type":"Point","coordinates":[7.61921,44.31202]},"properties":{"osm_type":"way","osm_id":378085028,"name":"Santuario Madonna dei Boschi","religion":"christian","denomination":"catholic","start_date":"C13","end_date":null,"start_year":null,"end_year":null}},{"type":"Feature","geometry":{"type":"Point","coordinates":[9.09386,45.56574]},"properties":{"osm_type":"way","osm_id":316768261,"name":"Santuario Madonna della Fametta","religion":"christian","denomination":"roman_catholic","start_date":"C19","end_date":null,"start_year":null,"end_year":null}},{"type":"Feature","geometry":{"type":"Point","coordinates":[13.03438,43.03399]},"properties":{"osm_type":"way","osm_id":881293832,"name":"Santuario Madonna di Carpineto","religion":"christian","denomination":"roman_catholic","start_date":"C14","end_date":null,"start_year":null,"end_year":null}},{"type":"Feature","geometry":{"type":"Point","coordinates":[8.76776,45.70918]},"properties":{"osm_type":"way","osm_id":369315007,"name":"Santuario Santa Maria della divina Grazia","religion":"christian","denomination":"roman_catholic","start_date":"C10","end_date":null,"start_year":null,"end_year":null}},{"type":"Feature","geometry":{"type":"Point","coordinates":[18.21316,39.95824]},"properties":{"osm_type":"way","osm_id":387144031,"name":"Santuario Santa Maria della Strada","religion":"christian","denomination":null,"start_date":"C13","end_date":null,"start_year":null,"end_year":null}},{"type":"Feature","geometry":{"type":"Point","coordinates":[13.0657,43.1352]},"properties":{"osm_type":"node","osm_id":4517133061,"name":"Tempio di San Francesco","religion":"christian","denomination":"roman_catholic","start_date":"C13","end_date":null,"start_year":null,"end_year":null}},{"type":"Feature","geometry":{"type":"Point","coordinates":[13.0722,43.1373]},"properties":{"osm_type":"node","osm_id":4517133062,"name":"Tempio ducale dell'Annunziata","religion":"christian","denomination":"roman_catholic","start_date":"C16","end_date":null,"start_year":null,"end_year":null}},{"type":"Feature","geometry":{"type":"Point","coordinates":[7.39264,44.27585]},"properties":{"osm_type":"way","osm_id":365720288,"name":"Visitazione di Maria","religion":"christian","denomination":"catholic","start_date":"C17","end_date":null,"start_year":null,"end_year":null}},{"type":"Feature","geometry":{"type":"Point","coordinates":[13.1021,43.14842]},"properties":{"osm_type":"node","osm_id":4517133046,"name":null,"religion":"christian","denomination":"roman_catholic","start_date":"C16","end_date":null,"start_year":null,"end_year":null}},{"type":"Feature","geometry":{"type":"Point","coordinates":[10.18104,45.56634]},"properties":{"osm_type":"way","osm_id":236778189,"name":null,"religion":"christian","denomination":"catholic","start_date":"C18","end_date":null,"start_year":null,"end_year":null}}]}
