"country_code","boundary_set_id","boundary_level","area_unit_id","area_code","area_name","year","population_total","population_total_basis","religious_affiliation_count","religious_affiliation_percent","no_religion_count","no_religion_percent","place_count","places_per_10000_residents","place_density_per_sq_km","land_area_sq_km","site_snapshot_date","place_count_basis","source_dataset_ids","quality_flag"
"ME","me-municipality-2003-2011-frame-geoboundaries-adm1-dissolved","municipality","me-municipality-2003-2011-frame-geoboundaries-adm1-dissolved:andrijevica","andrijevica","Andrijevica",2003,5785,"MONSTAT census population total; percentages use the total census population. This product follows the territorial coverage published by the Statistical Office of Montenegro (MONSTAT). The stable frame is the 21-municipality administrative division in force for the 2003 and 2011 censuses. The 2023 census reports 25 municipalities; the four units created after 2011 are summed back into their historical parents as complete partitions: Petnjica into Berane (created 2013), Gusinje into Plav (2014), and Tuzi (2018) and Zeta (2024) into Podgorica. In 2003 Montenegro was a constituent republic of the State Union of Serbia and Montenegro; the source reports it as Republika Crna Gora.",5655,97.7528,6,0.1037,,,,343.9897,,,"monstat-census-religion-municipality-2003-2023|geoboundaries-mne-adm1-dissolved-21","full_enumeration_census_affiliation;total_population_denominator;exact_within_and_national_reconciliation;This product follows the territorial coverage published by the Statistical Office of Montenegro (MONSTAT). The stable frame is the 21-municipality administrative division in force for the 2003 and 2011 censuses. The 2023 census reports 25 municipalities; the four units created after 2011 are summed back into their historical parents as complete partitions: Petnjica into Berane (created 2013), Gusinje into Plav (2014), and Tuzi (2018) and Zeta (2024) into Podgorica. In 2003 Montenegro was a constituent republic of the State Union of Serbia and Montenegro; the source reports it as Republika Crna Gora."
"ME","me-municipality-2003-2011-frame-geoboundaries-adm1-dissolved","municipality","me-municipality-2003-2011-frame-geoboundaries-adm1-dissolved:bar","bar","Bar",2003,40037,"MONSTAT census population total; percentages use the total census population. This product follows the territorial coverage published by the Statistical Office of Montenegro (MONSTAT). The stable frame is the 21-municipality administrative division in force for the 2003 and 2011 censuses. The 2023 census reports 25 municipalities; the four units created after 2011 are summed back into their historical parents as complete partitions: Petnjica into Berane (created 2013), Gusinje into Plav (2014), and Tuzi (2018) and Zeta (2024) into Podgorica. In 2003 Montenegro was a constituent republic of the State Union of Serbia and Montenegro; the source reports it as Republika Crna Gora.",38184,95.3718,417,1.0415,,,,627.2186,,,"monstat-census-religion-municipality-2003-2023|geoboundaries-mne-adm1-dissolved-21","full_enumeration_census_affiliation;total_population_denominator;exact_within_and_national_reconciliation;This product follows the territorial coverage published by the Statistical Office of Montenegro (MONSTAT). The stable frame is the 21-municipality administrative division in force for the 2003 and 2011 censuses. The 2023 census reports 25 municipalities; the four units created after 2011 are summed back into their historical parents as complete partitions: Petnjica into Berane (created 2013), Gusinje into Plav (2014), and Tuzi (2018) and Zeta (2024) into Podgorica. In 2003 Montenegro was a constituent republic of the State Union of Serbia and Montenegro; the source reports it as Republika Crna Gora."
"ME","me-municipality-2003-2011-frame-geoboundaries-adm1-dissolved","municipality","me-municipality-2003-2011-frame-geoboundaries-adm1-dissolved:berane","berane","Berane",2003,35068,"MONSTAT census population total; percentages use the total census population. This product follows the territorial coverage published by the Statistical Office of Montenegro (MONSTAT). The stable frame is the 21-municipality administrative division in force for the 2003 and 2011 censuses. The 2023 census reports 25 municipalities; the four units created after 2011 are summed back into their historical parents as complete partitions: Petnjica into Berane (created 2013), Gusinje into Plav (2014), and Tuzi (2018) and Zeta (2024) into Podgorica. In 2003 Montenegro was a constituent republic of the State Union of Serbia and Montenegro; the source reports it as Republika Crna Gora.",34158,97.405,117,0.3336,,,,708.3376,,,"monstat-census-religion-municipality-2003-2023|geoboundaries-mne-adm1-dissolved-21","full_enumeration_census_affiliation;total_population_denominator;exact_within_and_national_reconciliation;This product follows the territorial coverage published by the Statistical Office of Montenegro (MONSTAT). The stable frame is the 21-municipality administrative division in force for the 2003 and 2011 censuses. The 2023 census reports 25 municipalities; the four units created after 2011 are summed back into their historical parents as complete partitions: Petnjica into Berane (created 2013), Gusinje into Plav (2014), and Tuzi (2018) and Zeta (2024) into Podgorica. In 2003 Montenegro was a constituent republic of the State Union of Serbia and Montenegro; the source reports it as Republika Crna Gora."
"ME","me-municipality-2003-2011-frame-geoboundaries-adm1-dissolved","municipality","me-municipality-2003-2011-frame-geoboundaries-adm1-dissolved:bijelo_polje","bijelo_polje","Bijelo Polje",2003,50284,"MONSTAT census population total; percentages use the total census population. This product follows the territorial coverage published by the Statistical Office of Montenegro (MONSTAT). The stable frame is the 21-municipality administrative division in force for the 2003 and 2011 censuses. The 2023 census reports 25 municipalities; the four units created after 2011 are summed back into their historical parents as complete partitions: Petnjica into Berane (created 2013), Gusinje into Plav (2014), and Tuzi (2018) and Zeta (2024) into Podgorica. In 2003 Montenegro was a constituent republic of the State Union of Serbia and Montenegro; the source reports it as Republika Crna Gora.",49248,97.9397,100,0.1989,,,,955.3643,,,"monstat-census-religion-municipality-2003-2023|geoboundaries-mne-adm1-dissolved-21","full_enumeration_census_affiliation;total_population_denominator;exact_within_and_national_reconciliation;This product follows the territorial coverage published by the Statistical Office of Montenegro (MONSTAT). The stable frame is the 21-municipality administrative division in force for the 2003 and 2011 censuses. The 2023 census reports 25 municipalities; the four units created after 2011 are summed back into their historical parents as complete partitions: Petnjica into Berane (created 2013), Gusinje into Plav (2014), and Tuzi (2018) and Zeta (2024) into Podgorica. In 2003 Montenegro was a constituent republic of the State Union of Serbia and Montenegro; the source reports it as Republika Crna Gora."
"ME","me-municipality-2003-2011-frame-geoboundaries-adm1-dissolved","municipality","me-municipality-2003-2011-frame-geoboundaries-adm1-dissolved:budva","budva","Budva",2003,15909,"MONSTAT census population total; percentages use the total census population. This product follows the territorial coverage published by the Statistical Office of Montenegro (MONSTAT). The stable frame is the 21-municipality administrative division in force for the 2003 and 2011 censuses. The 2023 census reports 25 municipalities; the four units created after 2011 are summed back into their historical parents as complete partitions: Petnjica into Berane (created 2013), Gusinje into Plav (2014), and Tuzi (2018) and Zeta (2024) into Podgorica. In 2003 Montenegro was a constituent republic of the State Union of Serbia and Montenegro; the source reports it as Republika Crna Gora.",14959,94.0285,267,1.6783,,,,112.8501,,,"monstat-census-religion-municipality-2003-2023|geoboundaries-mne-adm1-dissolved-21","full_enumeration_census_affiliation;total_population_denominator;exact_within_and_national_reconciliation;This product follows the territorial coverage published by the Statistical Office of Montenegro (MONSTAT). The stable frame is the 21-municipality administrative division in force for the 2003 and 2011 censuses. The 2023 census reports 25 municipalities; the four units created after 2011 are summed back into their historical parents as complete partitions: Petnjica into Berane (created 2013), Gusinje into Plav (2014), and Tuzi (2018) and Zeta (2024) into Podgorica. In 2003 Montenegro was a constituent republic of the State Union of Serbia and Montenegro; the source reports it as Republika Crna Gora."
"ME","me-municipality-2003-2011-frame-geoboundaries-adm1-dissolved","municipality","me-municipality-2003-2011-frame-geoboundaries-adm1-dissolved:cetinje","cetinje","Cetinje",2003,18482,"MONSTAT census population total; percentages use the total census population. This product follows the territorial coverage published by the Statistical Office of Montenegro (MONSTAT). The stable frame is the 21-municipality administrative division in force for the 2003 and 2011 censuses. The 2023 census reports 25 municipalities; the four units created after 2011 are summed back into their historical parents as complete partitions: Petnjica into Berane (created 2013), Gusinje into Plav (2014), and Tuzi (2018) and Zeta (2024) into Podgorica. In 2003 Montenegro was a constituent republic of the State Union of Serbia and Montenegro; the source reports it as Republika Crna Gora.",17792,96.2666,150,0.8116,,,,915.3916,,,"monstat-census-religion-municipality-2003-2023|geoboundaries-mne-adm1-dissolved-21","full_enumeration_census_affiliation;total_population_denominator;exact_within_and_national_reconciliation;This product follows the territorial coverage published by the Statistical Office of Montenegro (MONSTAT). The stable frame is the 21-municipality administrative division in force for the 2003 and 2011 censuses. The 2023 census reports 25 municipalities; the four units created after 2011 are summed back into their historical parents as complete partitions: Petnjica into Berane (created 2013), Gusinje into Plav (2014), and Tuzi (2018) and Zeta (2024) into Podgorica. In 2003 Montenegro was a constituent republic of the State Union of Serbia and Montenegro; the source reports it as Republika Crna Gora."
"ME","me-municipality-2003-2011-frame-geoboundaries-adm1-dissolved","municipality","me-municipality-2003-2011-frame-geoboundaries-adm1-dissolved:danilovgrad","danilovgrad","Danilovgrad",2003,16523,"MONSTAT census population total; percentages use the total census population. This product follows the territorial coverage published by the Statistical Office of Montenegro (MONSTAT). The stable frame is the 21-municipality administrative division in force for the 2003 and 2011 censuses. The 2023 census reports 25 municipalities; the four units created after 2011 are summed back into their historical parents as complete partitions: Petnjica into Berane (created 2013), Gusinje into Plav (2014), and Tuzi (2018) and Zeta (2024) into Podgorica. In 2003 Montenegro was a constituent republic of the State Union of Serbia and Montenegro; the source reports it as Republika Crna Gora.",16031,97.0223,80,0.4842,,,,528.0448,,,"monstat-census-religion-municipality-2003-2023|geoboundaries-mne-adm1-dissolved-21","full_enumeration_census_affiliation;total_population_denominator;exact_within_and_national_reconciliation;This product follows the territorial coverage published by the Statistical Office of Montenegro (MONSTAT). The stable frame is the 21-municipality administrative division in force for the 2003 and 2011 censuses. The 2023 census reports 25 municipalities; the four units created after 2011 are summed back into their historical parents as complete partitions: Petnjica into Berane (created 2013), Gusinje into Plav (2014), and Tuzi (2018) and Zeta (2024) into Podgorica. In 2003 Montenegro was a constituent republic of the State Union of Serbia and Montenegro; the source reports it as Republika Crna Gora."
"ME","me-municipality-2003-2011-frame-geoboundaries-adm1-dissolved","municipality","me-municipality-2003-2011-frame-geoboundaries-adm1-dissolved:herceg_novi","herceg_novi","Herceg Novi",2003,33034,"MONSTAT census population total; percentages use the total census population. This product follows the territorial coverage published by the Statistical Office of Montenegro (MONSTAT). The stable frame is the 21-municipality administrative division in force for the 2003 and 2011 censuses. The 2023 census reports 25 municipalities; the four units created after 2011 are summed back into their historical parents as complete partitions: Petnjica into Berane (created 2013), Gusinje into Plav (2014), and Tuzi (2018) and Zeta (2024) into Podgorica. In 2003 Montenegro was a constituent republic of the State Union of Serbia and Montenegro; the source reports it as Republika Crna Gora.",30076,91.0456,770,2.3309,,,,233.7834,,,"monstat-census-religion-municipality-2003-2023|geoboundaries-mne-adm1-dissolved-21","full_enumeration_census_affiliation;total_population_denominator;exact_within_and_national_reconciliation;This product follows the territorial coverage published by the Statistical Office of Montenegro (MONSTAT). The stable frame is the 21-municipality administrative division in force for the 2003 and 2011 censuses. The 2023 census reports 25 municipalities; the four units created after 2011 are summed back into their historical parents as complete partitions: Petnjica into Berane (created 2013), Gusinje into Plav (2014), and Tuzi (2018) and Zeta (2024) into Podgorica. In 2003 Montenegro was a constituent republic of the State Union of Serbia and Montenegro; the source reports it as Republika Crna Gora."
"ME","me-municipality-2003-2011-frame-geoboundaries-adm1-dissolved","municipality","me-municipality-2003-2011-frame-geoboundaries-adm1-dissolved:kolasin","kolasin","Kolašin",2003,9949,"MONSTAT census population total; percentages use the total census population. This product follows the territorial coverage published by the Statistical Office of Montenegro (MONSTAT). The stable frame is the 21-municipality administrative division in force for the 2003 and 2011 censuses. The 2023 census reports 25 municipalities; the four units created after 2011 are summed back into their historical parents as complete partitions: Petnjica into Berane (created 2013), Gusinje into Plav (2014), and Tuzi (2018) and Zeta (2024) into Podgorica. In 2003 Montenegro was a constituent republic of the State Union of Serbia and Montenegro; the source reports it as Republika Crna Gora.",9722,97.7184,46,0.4624,,,,884.9965,,,"monstat-census-religion-municipality-2003-2023|geoboundaries-mne-adm1-dissolved-21","full_enumeration_census_affiliation;total_population_denominator;exact_within_and_national_reconciliation;This product follows the territorial coverage published by the Statistical Office of Montenegro (MONSTAT). The stable frame is the 21-municipality administrative division in force for the 2003 and 2011 censuses. The 2023 census reports 25 municipalities; the four units created after 2011 are summed back into their historical parents as complete partitions: Petnjica into Berane (created 2013), Gusinje into Plav (2014), and Tuzi (2018) and Zeta (2024) into Podgorica. In 2003 Montenegro was a constituent republic of the State Union of Serbia and Montenegro; the source reports it as Republika Crna Gora."
"ME","me-municipality-2003-2011-frame-geoboundaries-adm1-dissolved","municipality","me-municipality-2003-2011-frame-geoboundaries-adm1-dissolved:kotor","kotor","Kotor",2003,22947,"MONSTAT census population total; percentages use the total census population. This product follows the territorial coverage published by the Statistical Office of Montenegro (MONSTAT). The stable frame is the 21-municipality administrative division in force for the 2003 and 2011 censuses. The 2023 census reports 25 municipalities; the four units created after 2011 are summed back into their historical parents as complete partitions: Petnjica into Berane (created 2013), Gusinje into Plav (2014), and Tuzi (2018) and Zeta (2024) into Podgorica. In 2003 Montenegro was a constituent republic of the State Union of Serbia and Montenegro; the source reports it as Republika Crna Gora.",21170,92.2561,430,1.8739,,,,294.847,,,"monstat-census-religion-municipality-2003-2023|geoboundaries-mne-adm1-dissolved-21","full_enumeration_census_affiliation;total_population_denominator;exact_within_and_national_reconciliation;This product follows the territorial coverage published by the Statistical Office of Montenegro (MONSTAT). The stable frame is the 21-municipality administrative division in force for the 2003 and 2011 censuses. The 2023 census reports 25 municipalities; the four units created after 2011 are summed back into their historical parents as complete partitions: Petnjica into Berane (created 2013), Gusinje into Plav (2014), and Tuzi (2018) and Zeta (2024) into Podgorica. In 2003 Montenegro was a constituent republic of the State Union of Serbia and Montenegro; the source reports it as Republika Crna Gora."
"ME","me-municipality-2003-2011-frame-geoboundaries-adm1-dissolved","municipality","me-municipality-2003-2011-frame-geoboundaries-adm1-dissolved:mojkovac","mojkovac","Mojkovac",2003,10066,"MONSTAT census population total; percentages use the total census population. This product follows the territorial coverage published by the Statistical Office of Montenegro (MONSTAT). The stable frame is the 21-municipality administrative division in force for the 2003 and 2011 censuses. The 2023 census reports 25 municipalities; the four units created after 2011 are summed back into their historical parents as complete partitions: Petnjica into Berane (created 2013), Gusinje into Plav (2014), and Tuzi (2018) and Zeta (2024) into Podgorica. In 2003 Montenegro was a constituent republic of the State Union of Serbia and Montenegro; the source reports it as Republika Crna Gora.",9817,97.5263,30,0.298,,,,354.7891,,,"monstat-census-religion-municipality-2003-2023|geoboundaries-mne-adm1-dissolved-21","full_enumeration_census_affiliation;total_population_denominator;exact_within_and_national_reconciliation;This product follows the territorial coverage published by the Statistical Office of Montenegro (MONSTAT). The stable frame is the 21-municipality administrative division in force for the 2003 and 2011 censuses. The 2023 census reports 25 municipalities; the four units created after 2011 are summed back into their historical parents as complete partitions: Petnjica into Berane (created 2013), Gusinje into Plav (2014), and Tuzi (2018) and Zeta (2024) into Podgorica. In 2003 Montenegro was a constituent republic of the State Union of Serbia and Montenegro; the source reports it as Republika Crna Gora."
"ME","me-municipality-2003-2011-frame-geoboundaries-adm1-dissolved","municipality","me-municipality-2003-2011-frame-geoboundaries-adm1-dissolved:niksic","niksic","Nikšić",2003,75282,"MONSTAT census population total; percentages use the total census population. This product follows the territorial coverage published by the Statistical Office of Montenegro (MONSTAT). The stable frame is the 21-municipality administrative division in force for the 2003 and 2011 censuses. The 2023 census reports 25 municipalities; the four units created after 2011 are summed back into their historical parents as complete partitions: Petnjica into Berane (created 2013), Gusinje into Plav (2014), and Tuzi (2018) and Zeta (2024) into Podgorica. In 2003 Montenegro was a constituent republic of the State Union of Serbia and Montenegro; the source reports it as Republika Crna Gora.",71886,95.489,505,0.6708,,,,2022.4628,,,"monstat-census-religion-municipality-2003-2023|geoboundaries-mne-adm1-dissolved-21","full_enumeration_census_affiliation;total_population_denominator;exact_within_and_national_reconciliation;This product follows the territorial coverage published by the Statistical Office of Montenegro (MONSTAT). The stable frame is the 21-municipality administrative division in force for the 2003 and 2011 censuses. The 2023 census reports 25 municipalities; the four units created after 2011 are summed back into their historical parents as complete partitions: Petnjica into Berane (created 2013), Gusinje into Plav (2014), and Tuzi (2018) and Zeta (2024) into Podgorica. In 2003 Montenegro was a constituent republic of the State Union of Serbia and Montenegro; the source reports it as Republika Crna Gora."
"ME","me-municipality-2003-2011-frame-geoboundaries-adm1-dissolved","municipality","me-municipality-2003-2011-frame-geoboundaries-adm1-dissolved:plav","plav","Plav",2003,13805,"MONSTAT census population total; percentages use the total census population. This product follows the territorial coverage published by the Statistical Office of Montenegro (MONSTAT). The stable frame is the 21-municipality administrative division in force for the 2003 and 2011 censuses. The 2023 census reports 25 municipalities; the four units created after 2011 are summed back into their historical parents as complete partitions: Petnjica into Berane (created 2013), Gusinje into Plav (2014), and Tuzi (2018) and Zeta (2024) into Podgorica. In 2003 Montenegro was a constituent republic of the State Union of Serbia and Montenegro; the source reports it as Republika Crna Gora.",13740,99.5292,3,0.0217,,,,482.8162,,,"monstat-census-religion-municipality-2003-2023|geoboundaries-mne-adm1-dissolved-21","full_enumeration_census_affiliation;total_population_denominator;exact_within_and_national_reconciliation;This product follows the territorial coverage published by the Statistical Office of Montenegro (MONSTAT). The stable frame is the 21-municipality administrative division in force for the 2003 and 2011 censuses. The 2023 census reports 25 municipalities; the four units created after 2011 are summed back into their historical parents as complete partitions: Petnjica into Berane (created 2013), Gusinje into Plav (2014), and Tuzi (2018) and Zeta (2024) into Podgorica. In 2003 Montenegro was a constituent republic of the State Union of Serbia and Montenegro; the source reports it as Republika Crna Gora."
"ME","me-municipality-2003-2011-frame-geoboundaries-adm1-dissolved","municipality","me-municipality-2003-2011-frame-geoboundaries-adm1-dissolved:pljevlja","pljevlja","Pljevlja",2003,35806,"MONSTAT census population total; percentages use the total census population. This product follows the territorial coverage published by the Statistical Office of Montenegro (MONSTAT). The stable frame is the 21-municipality administrative division in force for the 2003 and 2011 censuses. The 2023 census reports 25 municipalities; the four units created after 2011 are summed back into their historical parents as complete partitions: Petnjica into Berane (created 2013), Gusinje into Plav (2014), and Tuzi (2018) and Zeta (2024) into Podgorica. In 2003 Montenegro was a constituent republic of the State Union of Serbia and Montenegro; the source reports it as Republika Crna Gora.",34763,97.0871,129,0.3603,,,,1369.327,,,"monstat-census-religion-municipality-2003-2023|geoboundaries-mne-adm1-dissolved-21","full_enumeration_census_affiliation;total_population_denominator;exact_within_and_national_reconciliation;This product follows the territorial coverage published by the Statistical Office of Montenegro (MONSTAT). The stable frame is the 21-municipality administrative division in force for the 2003 and 2011 censuses. The 2023 census reports 25 municipalities; the four units created after 2011 are summed back into their historical parents as complete partitions: Petnjica into Berane (created 2013), Gusinje into Plav (2014), and Tuzi (2018) and Zeta (2024) into Podgorica. In 2003 Montenegro was a constituent republic of the State Union of Serbia and Montenegro; the source reports it as Republika Crna Gora."
"ME","me-municipality-2003-2011-frame-geoboundaries-adm1-dissolved","municipality","me-municipality-2003-2011-frame-geoboundaries-adm1-dissolved:pluzine","pluzine","Plužine",2003,4272,"MONSTAT census population total; percentages use the total census population. This product follows the territorial coverage published by the Statistical Office of Montenegro (MONSTAT). The stable frame is the 21-municipality administrative division in force for the 2003 and 2011 censuses. The 2023 census reports 25 municipalities; the four units created after 2011 are summed back into their historical parents as complete partitions: Petnjica into Berane (created 2013), Gusinje into Plav (2014), and Tuzi (2018) and Zeta (2024) into Podgorica. In 2003 Montenegro was a constituent republic of the State Union of Serbia and Montenegro; the source reports it as Republika Crna Gora.",4143,96.9803,19,0.4448,,,,877.9225,,,"monstat-census-religion-municipality-2003-2023|geoboundaries-mne-adm1-dissolved-21","full_enumeration_census_affiliation;total_population_denominator;exact_within_and_national_reconciliation;This product follows the territorial coverage published by the Statistical Office of Montenegro (MONSTAT). The stable frame is the 21-municipality administrative division in force for the 2003 and 2011 censuses. The 2023 census reports 25 municipalities; the four units created after 2011 are summed back into their historical parents as complete partitions: Petnjica into Berane (created 2013), Gusinje into Plav (2014), and Tuzi (2018) and Zeta (2024) into Podgorica. In 2003 Montenegro was a constituent republic of the State Union of Serbia and Montenegro; the source reports it as Republika Crna Gora."
"ME","me-municipality-2003-2011-frame-geoboundaries-adm1-dissolved","municipality","me-municipality-2003-2011-frame-geoboundaries-adm1-dissolved:podgorica","podgorica","Podgorica",2003,169132,"MONSTAT census population total; percentages use the total census population. This product follows the territorial coverage published by the Statistical Office of Montenegro (MONSTAT). The stable frame is the 21-municipality administrative division in force for the 2003 and 2011 censuses. The 2023 census reports 25 municipalities; the four units created after 2011 are summed back into their historical parents as complete partitions: Petnjica into Berane (created 2013), Gusinje into Plav (2014), and Tuzi (2018) and Zeta (2024) into Podgorica. In 2003 Montenegro was a constituent republic of the State Union of Serbia and Montenegro; the source reports it as Republika Crna Gora.",161898,95.7229,2589,1.5308,,,,1465.0087,,,"monstat-census-religion-municipality-2003-2023|geoboundaries-mne-adm1-dissolved-21","full_enumeration_census_affiliation;total_population_denominator;exact_within_and_national_reconciliation;This product follows the territorial coverage published by the Statistical Office of Montenegro (MONSTAT). The stable frame is the 21-municipality administrative division in force for the 2003 and 2011 censuses. The 2023 census reports 25 municipalities; the four units created after 2011 are summed back into their historical parents as complete partitions: Petnjica into Berane (created 2013), Gusinje into Plav (2014), and Tuzi (2018) and Zeta (2024) into Podgorica. In 2003 Montenegro was a constituent republic of the State Union of Serbia and Montenegro; the source reports it as Republika Crna Gora."
"ME","me-municipality-2003-2011-frame-geoboundaries-adm1-dissolved","municipality","me-municipality-2003-2011-frame-geoboundaries-adm1-dissolved:rozaje","rozaje","Rožaje",2003,22693,"MONSTAT census population total; percentages use the total census population. This product follows the territorial coverage published by the Statistical Office of Montenegro (MONSTAT). The stable frame is the 21-municipality administrative division in force for the 2003 and 2011 censuses. The 2023 census reports 25 municipalities; the four units created after 2011 are summed back into their historical parents as complete partitions: Petnjica into Berane (created 2013), Gusinje into Plav (2014), and Tuzi (2018) and Zeta (2024) into Podgorica. In 2003 Montenegro was a constituent republic of the State Union of Serbia and Montenegro; the source reports it as Republika Crna Gora.",22544,99.3434,1,0.0044,,,,458.7052,,,"monstat-census-religion-municipality-2003-2023|geoboundaries-mne-adm1-dissolved-21","full_enumeration_census_affiliation;total_population_denominator;exact_within_and_national_reconciliation;This product follows the territorial coverage published by the Statistical Office of Montenegro (MONSTAT). The stable frame is the 21-municipality administrative division in force for the 2003 and 2011 censuses. The 2023 census reports 25 municipalities; the four units created after 2011 are summed back into their historical parents as complete partitions: Petnjica into Berane (created 2013), Gusinje into Plav (2014), and Tuzi (2018) and Zeta (2024) into Podgorica. In 2003 Montenegro was a constituent republic of the State Union of Serbia and Montenegro; the source reports it as Republika Crna Gora."
"ME","me-municipality-2003-2011-frame-geoboundaries-adm1-dissolved","municipality","me-municipality-2003-2011-frame-geoboundaries-adm1-dissolved:savnik","savnik","Šavnik",2003,2947,"MONSTAT census population total; percentages use the total census population. This product follows the territorial coverage published by the Statistical Office of Montenegro (MONSTAT). The stable frame is the 21-municipality administrative division in force for the 2003 and 2011 censuses. The 2023 census reports 25 municipalities; the four units created after 2011 are summed back into their historical parents as complete partitions: Petnjica into Berane (created 2013), Gusinje into Plav (2014), and Tuzi (2018) and Zeta (2024) into Podgorica. In 2003 Montenegro was a constituent republic of the State Union of Serbia and Montenegro; the source reports it as Republika Crna Gora.",2882,97.7944,8,0.2715,,,,529.2573,,,"monstat-census-religion-municipality-2003-2023|geoboundaries-mne-adm1-dissolved-21","full_enumeration_census_affiliation;total_population_denominator;exact_within_and_national_reconciliation;This product follows the territorial coverage published by the Statistical Office of Montenegro (MONSTAT). The stable frame is the 21-municipality administrative division in force for the 2003 and 2011 censuses. The 2023 census reports 25 municipalities; the four units created after 2011 are summed back into their historical parents as complete partitions: Petnjica into Berane (created 2013), Gusinje into Plav (2014), and Tuzi (2018) and Zeta (2024) into Podgorica. In 2003 Montenegro was a constituent republic of the State Union of Serbia and Montenegro; the source reports it as Republika Crna Gora."
"ME","me-municipality-2003-2011-frame-geoboundaries-adm1-dissolved","municipality","me-municipality-2003-2011-frame-geoboundaries-adm1-dissolved:tivat","tivat","Tivat",2003,13630,"MONSTAT census population total; percentages use the total census population. This product follows the territorial coverage published by the Statistical Office of Montenegro (MONSTAT). The stable frame is the 21-municipality administrative division in force for the 2003 and 2011 censuses. The 2023 census reports 25 municipalities; the four units created after 2011 are summed back into their historical parents as complete partitions: Petnjica into Berane (created 2013), Gusinje into Plav (2014), and Tuzi (2018) and Zeta (2024) into Podgorica. In 2003 Montenegro was a constituent republic of the State Union of Serbia and Montenegro; the source reports it as Republika Crna Gora.",12473,91.5114,247,1.8122,,,,42.3936,,,"monstat-census-religion-municipality-2003-2023|geoboundaries-mne-adm1-dissolved-21","full_enumeration_census_affiliation;total_population_denominator;exact_within_and_national_reconciliation;This product follows the territorial coverage published by the Statistical Office of Montenegro (MONSTAT). The stable frame is the 21-municipality administrative division in force for the 2003 and 2011 censuses. The 2023 census reports 25 municipalities; the four units created after 2011 are summed back into their historical parents as complete partitions: Petnjica into Berane (created 2013), Gusinje into Plav (2014), and Tuzi (2018) and Zeta (2024) into Podgorica. In 2003 Montenegro was a constituent republic of the State Union of Serbia and Montenegro; the source reports it as Republika Crna Gora."
"ME","me-municipality-2003-2011-frame-geoboundaries-adm1-dissolved","municipality","me-municipality-2003-2011-frame-geoboundaries-adm1-dissolved:ulcinj","ulcinj","Ulcinj",2003,20290,"MONSTAT census population total; percentages use the total census population. This product follows the territorial coverage published by the Statistical Office of Montenegro (MONSTAT). The stable frame is the 21-municipality administrative division in force for the 2003 and 2011 censuses. The 2023 census reports 25 municipalities; the four units created after 2011 are summed back into their historical parents as complete partitions: Petnjica into Berane (created 2013), Gusinje into Plav (2014), and Tuzi (2018) and Zeta (2024) into Podgorica. In 2003 Montenegro was a constituent republic of the State Union of Serbia and Montenegro; the source reports it as Republika Crna Gora.",20064,98.8862,59,0.2908,,,,238.1832,,,"monstat-census-religion-municipality-2003-2023|geoboundaries-mne-adm1-dissolved-21","full_enumeration_census_affiliation;total_population_denominator;exact_within_and_national_reconciliation;This product follows the territorial coverage published by the Statistical Office of Montenegro (MONSTAT). The stable frame is the 21-municipality administrative division in force for the 2003 and 2011 censuses. The 2023 census reports 25 municipalities; the four units created after 2011 are summed back into their historical parents as complete partitions: Petnjica into Berane (created 2013), Gusinje into Plav (2014), and Tuzi (2018) and Zeta (2024) into Podgorica. In 2003 Montenegro was a constituent republic of the State Union of Serbia and Montenegro; the source reports it as Republika Crna Gora."
"ME","me-municipality-2003-2011-frame-geoboundaries-adm1-dissolved","municipality","me-municipality-2003-2011-frame-geoboundaries-adm1-dissolved:zabljak","zabljak","Žabljak",2003,4204,"MONSTAT census population total; percentages use the total census population. This product follows the territorial coverage published by the Statistical Office of Montenegro (MONSTAT). The stable frame is the 21-municipality administrative division in force for the 2003 and 2011 censuses. The 2023 census reports 25 municipalities; the four units created after 2011 are summed back into their historical parents as complete partitions: Petnjica into Berane (created 2013), Gusinje into Plav (2014), and Tuzi (2018) and Zeta (2024) into Podgorica. In 2003 Montenegro was a constituent republic of the State Union of Serbia and Montenegro; the source reports it as Republika Crna Gora.",4061,96.5985,30,0.7136,,,,440.3617,,,"monstat-census-religion-municipality-2003-2023|geoboundaries-mne-adm1-dissolved-21","full_enumeration_census_affiliation;total_population_denominator;exact_within_and_national_reconciliation;This product follows the territorial coverage published by the Statistical Office of Montenegro (MONSTAT). The stable frame is the 21-municipality administrative division in force for the 2003 and 2011 censuses. The 2023 census reports 25 municipalities; the four units created after 2011 are summed back into their historical parents as complete partitions: Petnjica into Berane (created 2013), Gusinje into Plav (2014), and Tuzi (2018) and Zeta (2024) into Podgorica. In 2003 Montenegro was a constituent republic of the State Union of Serbia and Montenegro; the source reports it as Republika Crna Gora."
"ME","me-municipality-2003-2011-frame-geoboundaries-adm1-dissolved","municipality","me-municipality-2003-2011-frame-geoboundaries-adm1-dissolved:andrijevica","andrijevica","Andrijevica",2011,5071,"MONSTAT census population total; percentages use the total census population. This product follows the territorial coverage published by the Statistical Office of Montenegro (MONSTAT). The stable frame is the 21-municipality administrative division in force for the 2003 and 2011 censuses. The 2023 census reports 25 municipalities; the four units created after 2011 are summed back into their historical parents as complete partitions: Petnjica into Berane (created 2013), Gusinje into Plav (2014), and Tuzi (2018) and Zeta (2024) into Podgorica. In 2003 Montenegro was a constituent republic of the State Union of Serbia and Montenegro; the source reports it as Republika Crna Gora.",4986,98.3238,5,0.0986,,,,343.9897,,,"monstat-census-religion-municipality-2003-2023|geoboundaries-mne-adm1-dissolved-21","full_enumeration_census_affiliation;total_population_denominator;exact_within_and_national_reconciliation;This product follows the territorial coverage published by the Statistical Office of Montenegro (MONSTAT). The stable frame is the 21-municipality administrative division in force for the 2003 and 2011 censuses. The 2023 census reports 25 municipalities; the four units created after 2011 are summed back into their historical parents as complete partitions: Petnjica into Berane (created 2013), Gusinje into Plav (2014), and Tuzi (2018) and Zeta (2024) into Podgorica. In 2003 Montenegro was a constituent republic of the State Union of Serbia and Montenegro; the source reports it as Republika Crna Gora."
"ME","me-municipality-2003-2011-frame-geoboundaries-adm1-dissolved","municipality","me-municipality-2003-2011-frame-geoboundaries-adm1-dissolved:bar","bar","Bar",2011,42048,"MONSTAT census population total; percentages use the total census population. This product follows the territorial coverage published by the Statistical Office of Montenegro (MONSTAT). The stable frame is the 21-municipality administrative division in force for the 2003 and 2011 censuses. The 2023 census reports 25 municipalities; the four units created after 2011 are summed back into their historical parents as complete partitions: Petnjica into Berane (created 2013), Gusinje into Plav (2014), and Tuzi (2018) and Zeta (2024) into Podgorica. In 2003 Montenegro was a constituent republic of the State Union of Serbia and Montenegro; the source reports it as Republika Crna Gora.",40470,96.2471,449,1.0678,,,,627.2186,,,"monstat-census-religion-municipality-2003-2023|geoboundaries-mne-adm1-dissolved-21","full_enumeration_census_affiliation;total_population_denominator;exact_within_and_national_reconciliation;This product follows the territorial coverage published by the Statistical Office of Montenegro (MONSTAT). The stable frame is the 21-municipality administrative division in force for the 2003 and 2011 censuses. The 2023 census reports 25 municipalities; the four units created after 2011 are summed back into their historical parents as complete partitions: Petnjica into Berane (created 2013), Gusinje into Plav (2014), and Tuzi (2018) and Zeta (2024) into Podgorica. In 2003 Montenegro was a constituent republic of the State Union of Serbia and Montenegro; the source reports it as Republika Crna Gora."
"ME","me-municipality-2003-2011-frame-geoboundaries-adm1-dissolved","municipality","me-municipality-2003-2011-frame-geoboundaries-adm1-dissolved:berane","berane","Berane",2011,33970,"MONSTAT census population total; percentages use the total census population. This product follows the territorial coverage published by the Statistical Office of Montenegro (MONSTAT). The stable frame is the 21-municipality administrative division in force for the 2003 and 2011 censuses. The 2023 census reports 25 municipalities; the four units created after 2011 are summed back into their historical parents as complete partitions: Petnjica into Berane (created 2013), Gusinje into Plav (2014), and Tuzi (2018) and Zeta (2024) into Podgorica. In 2003 Montenegro was a constituent republic of the State Union of Serbia and Montenegro; the source reports it as Republika Crna Gora.",33302,98.0336,101,0.2973,,,,708.3376,,,"monstat-census-religion-municipality-2003-2023|geoboundaries-mne-adm1-dissolved-21","full_enumeration_census_affiliation;total_population_denominator;exact_within_and_national_reconciliation;This product follows the territorial coverage published by the Statistical Office of Montenegro (MONSTAT). The stable frame is the 21-municipality administrative division in force for the 2003 and 2011 censuses. The 2023 census reports 25 municipalities; the four units created after 2011 are summed back into their historical parents as complete partitions: Petnjica into Berane (created 2013), Gusinje into Plav (2014), and Tuzi (2018) and Zeta (2024) into Podgorica. In 2003 Montenegro was a constituent republic of the State Union of Serbia and Montenegro; the source reports it as Republika Crna Gora."
"ME","me-municipality-2003-2011-frame-geoboundaries-adm1-dissolved","municipality","me-municipality-2003-2011-frame-geoboundaries-adm1-dissolved:bijelo_polje","bijelo_polje","Bijelo Polje",2011,46051,"MONSTAT census population total; percentages use the total census population. This product follows the territorial coverage published by the Statistical Office of Montenegro (MONSTAT). The stable frame is the 21-municipality administrative division in force for the 2003 and 2011 censuses. The 2023 census reports 25 municipalities; the four units created after 2011 are summed back into their historical parents as complete partitions: Petnjica into Berane (created 2013), Gusinje into Plav (2014), and Tuzi (2018) and Zeta (2024) into Podgorica. In 2003 Montenegro was a constituent republic of the State Union of Serbia and Montenegro; the source reports it as Republika Crna Gora.",45544,98.899,85,0.1846,,,,955.3643,,,"monstat-census-religion-municipality-2003-2023|geoboundaries-mne-adm1-dissolved-21","full_enumeration_census_affiliation;total_population_denominator;exact_within_and_national_reconciliation;This product follows the territorial coverage published by the Statistical Office of Montenegro (MONSTAT). The stable frame is the 21-municipality administrative division in force for the 2003 and 2011 censuses. The 2023 census reports 25 municipalities; the four units created after 2011 are summed back into their historical parents as complete partitions: Petnjica into Berane (created 2013), Gusinje into Plav (2014), and Tuzi (2018) and Zeta (2024) into Podgorica. In 2003 Montenegro was a constituent republic of the State Union of Serbia and Montenegro; the source reports it as Republika Crna Gora."
"ME","me-municipality-2003-2011-frame-geoboundaries-adm1-dissolved","municipality","me-municipality-2003-2011-frame-geoboundaries-adm1-dissolved:budva","budva","Budva",2011,19218,"MONSTAT census population total; percentages use the total census population. This product follows the territorial coverage published by the Statistical Office of Montenegro (MONSTAT). The stable frame is the 21-municipality administrative division in force for the 2003 and 2011 censuses. The 2023 census reports 25 municipalities; the four units created after 2011 are summed back into their historical parents as complete partitions: Petnjica into Berane (created 2013), Gusinje into Plav (2014), and Tuzi (2018) and Zeta (2024) into Podgorica. In 2003 Montenegro was a constituent republic of the State Union of Serbia and Montenegro; the source reports it as Republika Crna Gora.",18271,95.0723,364,1.8941,,,,112.8501,,,"monstat-census-religion-municipality-2003-2023|geoboundaries-mne-adm1-dissolved-21","full_enumeration_census_affiliation;total_population_denominator;exact_within_and_national_reconciliation;This product follows the territorial coverage published by the Statistical Office of Montenegro (MONSTAT). The stable frame is the 21-municipality administrative division in force for the 2003 and 2011 censuses. The 2023 census reports 25 municipalities; the four units created after 2011 are summed back into their historical parents as complete partitions: Petnjica into Berane (created 2013), Gusinje into Plav (2014), and Tuzi (2018) and Zeta (2024) into Podgorica. In 2003 Montenegro was a constituent republic of the State Union of Serbia and Montenegro; the source reports it as Republika Crna Gora."
"ME","me-municipality-2003-2011-frame-geoboundaries-adm1-dissolved","municipality","me-municipality-2003-2011-frame-geoboundaries-adm1-dissolved:cetinje","cetinje","Cetinje",2011,16657,"MONSTAT census population total; percentages use the total census population. This product follows the territorial coverage published by the Statistical Office of Montenegro (MONSTAT). The stable frame is the 21-municipality administrative division in force for the 2003 and 2011 censuses. The 2023 census reports 25 municipalities; the four units created after 2011 are summed back into their historical parents as complete partitions: Petnjica into Berane (created 2013), Gusinje into Plav (2014), and Tuzi (2018) and Zeta (2024) into Podgorica. In 2003 Montenegro was a constituent republic of the State Union of Serbia and Montenegro; the source reports it as Republika Crna Gora.",15947,95.7375,252,1.5129,,,,915.3916,,,"monstat-census-religion-municipality-2003-2023|geoboundaries-mne-adm1-dissolved-21","full_enumeration_census_affiliation;total_population_denominator;exact_within_and_national_reconciliation;This product follows the territorial coverage published by the Statistical Office of Montenegro (MONSTAT). The stable frame is the 21-municipality administrative division in force for the 2003 and 2011 censuses. The 2023 census reports 25 municipalities; the four units created after 2011 are summed back into their historical parents as complete partitions: Petnjica into Berane (created 2013), Gusinje into Plav (2014), and Tuzi (2018) and Zeta (2024) into Podgorica. In 2003 Montenegro was a constituent republic of the State Union of Serbia and Montenegro; the source reports it as Republika Crna Gora."
"ME","me-municipality-2003-2011-frame-geoboundaries-adm1-dissolved","municipality","me-municipality-2003-2011-frame-geoboundaries-adm1-dissolved:danilovgrad","danilovgrad","Danilovgrad",2011,18472,"MONSTAT census population total; percentages use the total census population. This product follows the territorial coverage published by the Statistical Office of Montenegro (MONSTAT). The stable frame is the 21-municipality administrative division in force for the 2003 and 2011 censuses. The 2023 census reports 25 municipalities; the four units created after 2011 are summed back into their historical parents as complete partitions: Petnjica into Berane (created 2013), Gusinje into Plav (2014), and Tuzi (2018) and Zeta (2024) into Podgorica. In 2003 Montenegro was a constituent republic of the State Union of Serbia and Montenegro; the source reports it as Republika Crna Gora.",17769,96.1942,193,1.0448,,,,528.0448,,,"monstat-census-religion-municipality-2003-2023|geoboundaries-mne-adm1-dissolved-21","full_enumeration_census_affiliation;total_population_denominator;exact_within_and_national_reconciliation;This product follows the territorial coverage published by the Statistical Office of Montenegro (MONSTAT). The stable frame is the 21-municipality administrative division in force for the 2003 and 2011 censuses. The 2023 census reports 25 municipalities; the four units created after 2011 are summed back into their historical parents as complete partitions: Petnjica into Berane (created 2013), Gusinje into Plav (2014), and Tuzi (2018) and Zeta (2024) into Podgorica. In 2003 Montenegro was a constituent republic of the State Union of Serbia and Montenegro; the source reports it as Republika Crna Gora."
"ME","me-municipality-2003-2011-frame-geoboundaries-adm1-dissolved","municipality","me-municipality-2003-2011-frame-geoboundaries-adm1-dissolved:herceg_novi","herceg_novi","Herceg Novi",2011,30864,"MONSTAT census population total; percentages use the total census population. This product follows the territorial coverage published by the Statistical Office of Montenegro (MONSTAT). The stable frame is the 21-municipality administrative division in force for the 2003 and 2011 censuses. The 2023 census reports 25 municipalities; the four units created after 2011 are summed back into their historical parents as complete partitions: Petnjica into Berane (created 2013), Gusinje into Plav (2014), and Tuzi (2018) and Zeta (2024) into Podgorica. In 2003 Montenegro was a constituent republic of the State Union of Serbia and Montenegro; the source reports it as Republika Crna Gora.",28234,91.4787,803,2.6017,,,,233.7834,,,"monstat-census-religion-municipality-2003-2023|geoboundaries-mne-adm1-dissolved-21","full_enumeration_census_affiliation;total_population_denominator;exact_within_and_national_reconciliation;This product follows the territorial coverage published by the Statistical Office of Montenegro (MONSTAT). The stable frame is the 21-municipality administrative division in force for the 2003 and 2011 censuses. The 2023 census reports 25 municipalities; the four units created after 2011 are summed back into their historical parents as complete partitions: Petnjica into Berane (created 2013), Gusinje into Plav (2014), and Tuzi (2018) and Zeta (2024) into Podgorica. In 2003 Montenegro was a constituent republic of the State Union of Serbia and Montenegro; the source reports it as Republika Crna Gora."
"ME","me-municipality-2003-2011-frame-geoboundaries-adm1-dissolved","municipality","me-municipality-2003-2011-frame-geoboundaries-adm1-dissolved:kolasin","kolasin","Kolašin",2011,8380,"MONSTAT census population total; percentages use the total census population. This product follows the territorial coverage published by the Statistical Office of Montenegro (MONSTAT). The stable frame is the 21-municipality administrative division in force for the 2003 and 2011 censuses. The 2023 census reports 25 municipalities; the four units created after 2011 are summed back into their historical parents as complete partitions: Petnjica into Berane (created 2013), Gusinje into Plav (2014), and Tuzi (2018) and Zeta (2024) into Podgorica. In 2003 Montenegro was a constituent republic of the State Union of Serbia and Montenegro; the source reports it as Republika Crna Gora.",8152,97.2792,80,0.9547,,,,884.9965,,,"monstat-census-religion-municipality-2003-2023|geoboundaries-mne-adm1-dissolved-21","full_enumeration_census_affiliation;total_population_denominator;exact_within_and_national_reconciliation;This product follows the territorial coverage published by the Statistical Office of Montenegro (MONSTAT). The stable frame is the 21-municipality administrative division in force for the 2003 and 2011 censuses. The 2023 census reports 25 municipalities; the four units created after 2011 are summed back into their historical parents as complete partitions: Petnjica into Berane (created 2013), Gusinje into Plav (2014), and Tuzi (2018) and Zeta (2024) into Podgorica. In 2003 Montenegro was a constituent republic of the State Union of Serbia and Montenegro; the source reports it as Republika Crna Gora."
"ME","me-municipality-2003-2011-frame-geoboundaries-adm1-dissolved","municipality","me-municipality-2003-2011-frame-geoboundaries-adm1-dissolved:kotor","kotor","Kotor",2011,22601,"MONSTAT census population total; percentages use the total census population. This product follows the territorial coverage published by the Statistical Office of Montenegro (MONSTAT). The stable frame is the 21-municipality administrative division in force for the 2003 and 2011 censuses. The 2023 census reports 25 municipalities; the four units created after 2011 are summed back into their historical parents as complete partitions: Petnjica into Berane (created 2013), Gusinje into Plav (2014), and Tuzi (2018) and Zeta (2024) into Podgorica. In 2003 Montenegro was a constituent republic of the State Union of Serbia and Montenegro; the source reports it as Republika Crna Gora.",21042,93.1021,491,2.1725,,,,294.847,,,"monstat-census-religion-municipality-2003-2023|geoboundaries-mne-adm1-dissolved-21","full_enumeration_census_affiliation;total_population_denominator;exact_within_and_national_reconciliation;This product follows the territorial coverage published by the Statistical Office of Montenegro (MONSTAT). The stable frame is the 21-municipality administrative division in force for the 2003 and 2011 censuses. The 2023 census reports 25 municipalities; the four units created after 2011 are summed back into their historical parents as complete partitions: Petnjica into Berane (created 2013), Gusinje into Plav (2014), and Tuzi (2018) and Zeta (2024) into Podgorica. In 2003 Montenegro was a constituent republic of the State Union of Serbia and Montenegro; the source reports it as Republika Crna Gora."
"ME","me-municipality-2003-2011-frame-geoboundaries-adm1-dissolved","municipality","me-municipality-2003-2011-frame-geoboundaries-adm1-dissolved:mojkovac","mojkovac","Mojkovac",2011,8622,"MONSTAT census population total; percentages use the total census population. This product follows the territorial coverage published by the Statistical Office of Montenegro (MONSTAT). The stable frame is the 21-municipality administrative division in force for the 2003 and 2011 censuses. The 2023 census reports 25 municipalities; the four units created after 2011 are summed back into their historical parents as complete partitions: Petnjica into Berane (created 2013), Gusinje into Plav (2014), and Tuzi (2018) and Zeta (2024) into Podgorica. In 2003 Montenegro was a constituent republic of the State Union of Serbia and Montenegro; the source reports it as Republika Crna Gora.",8379,97.1816,74,0.8583,,,,354.7891,,,"monstat-census-religion-municipality-2003-2023|geoboundaries-mne-adm1-dissolved-21","full_enumeration_census_affiliation;total_population_denominator;exact_within_and_national_reconciliation;This product follows the territorial coverage published by the Statistical Office of Montenegro (MONSTAT). The stable frame is the 21-municipality administrative division in force for the 2003 and 2011 censuses. The 2023 census reports 25 municipalities; the four units created after 2011 are summed back into their historical parents as complete partitions: Petnjica into Berane (created 2013), Gusinje into Plav (2014), and Tuzi (2018) and Zeta (2024) into Podgorica. In 2003 Montenegro was a constituent republic of the State Union of Serbia and Montenegro; the source reports it as Republika Crna Gora."
"ME","me-municipality-2003-2011-frame-geoboundaries-adm1-dissolved","municipality","me-municipality-2003-2011-frame-geoboundaries-adm1-dissolved:niksic","niksic","Nikšić",2011,72443,"MONSTAT census population total; percentages use the total census population. This product follows the territorial coverage published by the Statistical Office of Montenegro (MONSTAT). The stable frame is the 21-municipality administrative division in force for the 2003 and 2011 censuses. The 2023 census reports 25 municipalities; the four units created after 2011 are summed back into their historical parents as complete partitions: Petnjica into Berane (created 2013), Gusinje into Plav (2014), and Tuzi (2018) and Zeta (2024) into Podgorica. In 2003 Montenegro was a constituent republic of the State Union of Serbia and Montenegro; the source reports it as Republika Crna Gora.",69179,95.4944,771,1.0643,,,,2022.4628,,,"monstat-census-religion-municipality-2003-2023|geoboundaries-mne-adm1-dissolved-21","full_enumeration_census_affiliation;total_population_denominator;exact_within_and_national_reconciliation;This product follows the territorial coverage published by the Statistical Office of Montenegro (MONSTAT). The stable frame is the 21-municipality administrative division in force for the 2003 and 2011 censuses. The 2023 census reports 25 municipalities; the four units created after 2011 are summed back into their historical parents as complete partitions: Petnjica into Berane (created 2013), Gusinje into Plav (2014), and Tuzi (2018) and Zeta (2024) into Podgorica. In 2003 Montenegro was a constituent republic of the State Union of Serbia and Montenegro; the source reports it as Republika Crna Gora."
"ME","me-municipality-2003-2011-frame-geoboundaries-adm1-dissolved","municipality","me-municipality-2003-2011-frame-geoboundaries-adm1-dissolved:plav","plav","Plav",2011,13108,"MONSTAT census population total; percentages use the total census population. This product follows the territorial coverage published by the Statistical Office of Montenegro (MONSTAT). The stable frame is the 21-municipality administrative division in force for the 2003 and 2011 censuses. The 2023 census reports 25 municipalities; the four units created after 2011 are summed back into their historical parents as complete partitions: Petnjica into Berane (created 2013), Gusinje into Plav (2014), and Tuzi (2018) and Zeta (2024) into Podgorica. In 2003 Montenegro was a constituent republic of the State Union of Serbia and Montenegro; the source reports it as Republika Crna Gora.",13038,99.466,7,0.0534,,,,482.8162,,,"monstat-census-religion-municipality-2003-2023|geoboundaries-mne-adm1-dissolved-21","full_enumeration_census_affiliation;total_population_denominator;exact_within_and_national_reconciliation;This product follows the territorial coverage published by the Statistical Office of Montenegro (MONSTAT). The stable frame is the 21-municipality administrative division in force for the 2003 and 2011 censuses. The 2023 census reports 25 municipalities; the four units created after 2011 are summed back into their historical parents as complete partitions: Petnjica into Berane (created 2013), Gusinje into Plav (2014), and Tuzi (2018) and Zeta (2024) into Podgorica. In 2003 Montenegro was a constituent republic of the State Union of Serbia and Montenegro; the source reports it as Republika Crna Gora."
"ME","me-municipality-2003-2011-frame-geoboundaries-adm1-dissolved","municipality","me-municipality-2003-2011-frame-geoboundaries-adm1-dissolved:pljevlja","pljevlja","Pljevlja",2011,30786,"MONSTAT census population total; percentages use the total census population. This product follows the territorial coverage published by the Statistical Office of Montenegro (MONSTAT). The stable frame is the 21-municipality administrative division in force for the 2003 and 2011 censuses. The 2023 census reports 25 municipalities; the four units created after 2011 are summed back into their historical parents as complete partitions: Petnjica into Berane (created 2013), Gusinje into Plav (2014), and Tuzi (2018) and Zeta (2024) into Podgorica. In 2003 Montenegro was a constituent republic of the State Union of Serbia and Montenegro; the source reports it as Republika Crna Gora.",29891,97.0928,129,0.419,,,,1369.327,,,"monstat-census-religion-municipality-2003-2023|geoboundaries-mne-adm1-dissolved-21","full_enumeration_census_affiliation;total_population_denominator;exact_within_and_national_reconciliation;This product follows the territorial coverage published by the Statistical Office of Montenegro (MONSTAT). The stable frame is the 21-municipality administrative division in force for the 2003 and 2011 censuses. The 2023 census reports 25 municipalities; the four units created after 2011 are summed back into their historical parents as complete partitions: Petnjica into Berane (created 2013), Gusinje into Plav (2014), and Tuzi (2018) and Zeta (2024) into Podgorica. In 2003 Montenegro was a constituent republic of the State Union of Serbia and Montenegro; the source reports it as Republika Crna Gora."
"ME","me-municipality-2003-2011-frame-geoboundaries-adm1-dissolved","municipality","me-municipality-2003-2011-frame-geoboundaries-adm1-dissolved:pluzine","pluzine","Plužine",2011,3246,"MONSTAT census population total; percentages use the total census population. This product follows the territorial coverage published by the Statistical Office of Montenegro (MONSTAT). The stable frame is the 21-municipality administrative division in force for the 2003 and 2011 censuses. The 2023 census reports 25 municipalities; the four units created after 2011 are summed back into their historical parents as complete partitions: Petnjica into Berane (created 2013), Gusinje into Plav (2014), and Tuzi (2018) and Zeta (2024) into Podgorica. In 2003 Montenegro was a constituent republic of the State Union of Serbia and Montenegro; the source reports it as Republika Crna Gora.",3158,97.289,27,0.8318,,,,877.9225,,,"monstat-census-religion-municipality-2003-2023|geoboundaries-mne-adm1-dissolved-21","full_enumeration_census_affiliation;total_population_denominator;exact_within_and_national_reconciliation;This product follows the territorial coverage published by the Statistical Office of Montenegro (MONSTAT). The stable frame is the 21-municipality administrative division in force for the 2003 and 2011 censuses. The 2023 census reports 25 municipalities; the four units created after 2011 are summed back into their historical parents as complete partitions: Petnjica into Berane (created 2013), Gusinje into Plav (2014), and Tuzi (2018) and Zeta (2024) into Podgorica. In 2003 Montenegro was a constituent republic of the State Union of Serbia and Montenegro; the source reports it as Republika Crna Gora."
"ME","me-municipality-2003-2011-frame-geoboundaries-adm1-dissolved","municipality","me-municipality-2003-2011-frame-geoboundaries-adm1-dissolved:podgorica","podgorica","Podgorica",2011,185937,"MONSTAT census population total; percentages use the total census population. This product follows the territorial coverage published by the Statistical Office of Montenegro (MONSTAT). The stable frame is the 21-municipality administrative division in force for the 2003 and 2011 censuses. The 2023 census reports 25 municipalities; the four units created after 2011 are summed back into their historical parents as complete partitions: Petnjica into Berane (created 2013), Gusinje into Plav (2014), and Tuzi (2018) and Zeta (2024) into Podgorica. In 2003 Montenegro was a constituent republic of the State Union of Serbia and Montenegro; the source reports it as Republika Crna Gora.",177431,95.4253,3923,2.1099,,,,1465.0087,,,"monstat-census-religion-municipality-2003-2023|geoboundaries-mne-adm1-dissolved-21","full_enumeration_census_affiliation;total_population_denominator;exact_within_and_national_reconciliation;This product follows the territorial coverage published by the Statistical Office of Montenegro (MONSTAT). The stable frame is the 21-municipality administrative division in force for the 2003 and 2011 censuses. The 2023 census reports 25 municipalities; the four units created after 2011 are summed back into their historical parents as complete partitions: Petnjica into Berane (created 2013), Gusinje into Plav (2014), and Tuzi (2018) and Zeta (2024) into Podgorica. In 2003 Montenegro was a constituent republic of the State Union of Serbia and Montenegro; the source reports it as Republika Crna Gora."
"ME","me-municipality-2003-2011-frame-geoboundaries-adm1-dissolved","municipality","me-municipality-2003-2011-frame-geoboundaries-adm1-dissolved:rozaje","rozaje","Rožaje",2011,22964,"MONSTAT census population total; percentages use the total census population. This product follows the territorial coverage published by the Statistical Office of Montenegro (MONSTAT). The stable frame is the 21-municipality administrative division in force for the 2003 and 2011 censuses. The 2023 census reports 25 municipalities; the four units created after 2011 are summed back into their historical parents as complete partitions: Petnjica into Berane (created 2013), Gusinje into Plav (2014), and Tuzi (2018) and Zeta (2024) into Podgorica. In 2003 Montenegro was a constituent republic of the State Union of Serbia and Montenegro; the source reports it as Republika Crna Gora.",22913,99.7779,3,0.0131,,,,458.7052,,,"monstat-census-religion-municipality-2003-2023|geoboundaries-mne-adm1-dissolved-21","full_enumeration_census_affiliation;total_population_denominator;exact_within_and_national_reconciliation;This product follows the territorial coverage published by the Statistical Office of Montenegro (MONSTAT). The stable frame is the 21-municipality administrative division in force for the 2003 and 2011 censuses. The 2023 census reports 25 municipalities; the four units created after 2011 are summed back into their historical parents as complete partitions: Petnjica into Berane (created 2013), Gusinje into Plav (2014), and Tuzi (2018) and Zeta (2024) into Podgorica. In 2003 Montenegro was a constituent republic of the State Union of Serbia and Montenegro; the source reports it as Republika Crna Gora."
"ME","me-municipality-2003-2011-frame-geoboundaries-adm1-dissolved","municipality","me-municipality-2003-2011-frame-geoboundaries-adm1-dissolved:savnik","savnik","Šavnik",2011,2070,"MONSTAT census population total; percentages use the total census population. This product follows the territorial coverage published by the Statistical Office of Montenegro (MONSTAT). The stable frame is the 21-municipality administrative division in force for the 2003 and 2011 censuses. The 2023 census reports 25 municipalities; the four units created after 2011 are summed back into their historical parents as complete partitions: Petnjica into Berane (created 2013), Gusinje into Plav (2014), and Tuzi (2018) and Zeta (2024) into Podgorica. In 2003 Montenegro was a constituent republic of the State Union of Serbia and Montenegro; the source reports it as Republika Crna Gora.",2032,98.1643,14,0.6763,,,,529.2573,,,"monstat-census-religion-municipality-2003-2023|geoboundaries-mne-adm1-dissolved-21","full_enumeration_census_affiliation;total_population_denominator;exact_within_and_national_reconciliation;This product follows the territorial coverage published by the Statistical Office of Montenegro (MONSTAT). The stable frame is the 21-municipality administrative division in force for the 2003 and 2011 censuses. The 2023 census reports 25 municipalities; the four units created after 2011 are summed back into their historical parents as complete partitions: Petnjica into Berane (created 2013), Gusinje into Plav (2014), and Tuzi (2018) and Zeta (2024) into Podgorica. In 2003 Montenegro was a constituent republic of the State Union of Serbia and Montenegro; the source reports it as Republika Crna Gora."
"ME","me-municipality-2003-2011-frame-geoboundaries-adm1-dissolved","municipality","me-municipality-2003-2011-frame-geoboundaries-adm1-dissolved:tivat","tivat","Tivat",2011,14031,"MONSTAT census population total; percentages use the total census population. This product follows the territorial coverage published by the Statistical Office of Montenegro (MONSTAT). The stable frame is the 21-municipality administrative division in force for the 2003 and 2011 censuses. The 2023 census reports 25 municipalities; the four units created after 2011 are summed back into their historical parents as complete partitions: Petnjica into Berane (created 2013), Gusinje into Plav (2014), and Tuzi (2018) and Zeta (2024) into Podgorica. In 2003 Montenegro was a constituent republic of the State Union of Serbia and Montenegro; the source reports it as Republika Crna Gora.",12898,91.925,258,1.8388,,,,42.3936,,,"monstat-census-religion-municipality-2003-2023|geoboundaries-mne-adm1-dissolved-21","full_enumeration_census_affiliation;total_population_denominator;exact_within_and_national_reconciliation;This product follows the territorial coverage published by the Statistical Office of Montenegro (MONSTAT). The stable frame is the 21-municipality administrative division in force for the 2003 and 2011 censuses. The 2023 census reports 25 municipalities; the four units created after 2011 are summed back into their historical parents as complete partitions: Petnjica into Berane (created 2013), Gusinje into Plav (2014), and Tuzi (2018) and Zeta (2024) into Podgorica. In 2003 Montenegro was a constituent republic of the State Union of Serbia and Montenegro; the source reports it as Republika Crna Gora."
"ME","me-municipality-2003-2011-frame-geoboundaries-adm1-dissolved","municipality","me-municipality-2003-2011-frame-geoboundaries-adm1-dissolved:ulcinj","ulcinj","Ulcinj",2011,19921,"MONSTAT census population total; percentages use the total census population. This product follows the territorial coverage published by the Statistical Office of Montenegro (MONSTAT). The stable frame is the 21-municipality administrative division in force for the 2003 and 2011 censuses. The 2023 census reports 25 municipalities; the four units created after 2011 are summed back into their historical parents as complete partitions: Petnjica into Berane (created 2013), Gusinje into Plav (2014), and Tuzi (2018) and Zeta (2024) into Podgorica. In 2003 Montenegro was a constituent republic of the State Union of Serbia and Montenegro; the source reports it as Republika Crna Gora.",19638,98.5794,56,0.2811,,,,238.1832,,,"monstat-census-religion-municipality-2003-2023|geoboundaries-mne-adm1-dissolved-21","full_enumeration_census_affiliation;total_population_denominator;exact_within_and_national_reconciliation;This product follows the territorial coverage published by the Statistical Office of Montenegro (MONSTAT). The stable frame is the 21-municipality administrative division in force for the 2003 and 2011 censuses. The 2023 census reports 25 municipalities; the four units created after 2011 are summed back into their historical parents as complete partitions: Petnjica into Berane (created 2013), Gusinje into Plav (2014), and Tuzi (2018) and Zeta (2024) into Podgorica. In 2003 Montenegro was a constituent republic of the State Union of Serbia and Montenegro; the source reports it as Republika Crna Gora."
"ME","me-municipality-2003-2011-frame-geoboundaries-adm1-dissolved","municipality","me-municipality-2003-2011-frame-geoboundaries-adm1-dissolved:zabljak","zabljak","Žabljak",2011,3569,"MONSTAT census population total; percentages use the total census population. This product follows the territorial coverage published by the Statistical Office of Montenegro (MONSTAT). The stable frame is the 21-municipality administrative division in force for the 2003 and 2011 censuses. The 2023 census reports 25 municipalities; the four units created after 2011 are summed back into their historical parents as complete partitions: Petnjica into Berane (created 2013), Gusinje into Plav (2014), and Tuzi (2018) and Zeta (2024) into Podgorica. In 2003 Montenegro was a constituent republic of the State Union of Serbia and Montenegro; the source reports it as Republika Crna Gora.",3457,96.8619,33,0.9246,,,,440.3617,,,"monstat-census-religion-municipality-2003-2023|geoboundaries-mne-adm1-dissolved-21","full_enumeration_census_affiliation;total_population_denominator;exact_within_and_national_reconciliation;This product follows the territorial coverage published by the Statistical Office of Montenegro (MONSTAT). The stable frame is the 21-municipality administrative division in force for the 2003 and 2011 censuses. The 2023 census reports 25 municipalities; the four units created after 2011 are summed back into their historical parents as complete partitions: Petnjica into Berane (created 2013), Gusinje into Plav (2014), and Tuzi (2018) and Zeta (2024) into Podgorica. In 2003 Montenegro was a constituent republic of the State Union of Serbia and Montenegro; the source reports it as Republika Crna Gora."
"ME","me-municipality-2003-2011-frame-geoboundaries-adm1-dissolved","municipality","me-municipality-2003-2011-frame-geoboundaries-adm1-dissolved:andrijevica","andrijevica","Andrijevica",2023,3910,"MONSTAT census population total; percentages use the total census population. This product follows the territorial coverage published by the Statistical Office of Montenegro (MONSTAT). The stable frame is the 21-municipality administrative division in force for the 2003 and 2011 censuses. The 2023 census reports 25 municipalities; the four units created after 2011 are summed back into their historical parents as complete partitions: Petnjica into Berane (created 2013), Gusinje into Plav (2014), and Tuzi (2018) and Zeta (2024) into Podgorica. In 2003 Montenegro was a constituent republic of the State Union of Serbia and Montenegro; the source reports it as Republika Crna Gora.",3836,98.1074,0,0,,,,343.9897,,,"monstat-census-religion-municipality-2003-2023|geoboundaries-mne-adm1-dissolved-21","full_enumeration_census_affiliation;total_population_denominator;population_total_exact;categories_25to21_aggregated_to_historic_parents;monstat_confidentiality_suppression_z;affiliation_and_no_religion_are_published_cell_lower_bounds;This product follows the territorial coverage published by the Statistical Office of Montenegro (MONSTAT). The stable frame is the 21-municipality administrative division in force for the 2003 and 2011 censuses. The 2023 census reports 25 municipalities; the four units created after 2011 are summed back into their historical parents as complete partitions: Petnjica into Berane (created 2013), Gusinje into Plav (2014), and Tuzi (2018) and Zeta (2024) into Podgorica. In 2003 Montenegro was a constituent republic of the State Union of Serbia and Montenegro; the source reports it as Republika Crna Gora."
"ME","me-municipality-2003-2011-frame-geoboundaries-adm1-dissolved","municipality","me-municipality-2003-2011-frame-geoboundaries-adm1-dissolved:bar","bar","Bar",2023,45812,"MONSTAT census population total; percentages use the total census population. This product follows the territorial coverage published by the Statistical Office of Montenegro (MONSTAT). The stable frame is the 21-municipality administrative division in force for the 2003 and 2011 censuses. The 2023 census reports 25 municipalities; the four units created after 2011 are summed back into their historical parents as complete partitions: Petnjica into Berane (created 2013), Gusinje into Plav (2014), and Tuzi (2018) and Zeta (2024) into Podgorica. In 2003 Montenegro was a constituent republic of the State Union of Serbia and Montenegro; the source reports it as Republika Crna Gora.",43144,94.1762,1264,2.7591,,,,627.2186,,,"monstat-census-religion-municipality-2003-2023|geoboundaries-mne-adm1-dissolved-21","full_enumeration_census_affiliation;total_population_denominator;population_total_exact;categories_25to21_aggregated_to_historic_parents;no_suppressed_cells_in_this_municipality;This product follows the territorial coverage published by the Statistical Office of Montenegro (MONSTAT). The stable frame is the 21-municipality administrative division in force for the 2003 and 2011 censuses. The 2023 census reports 25 municipalities; the four units created after 2011 are summed back into their historical parents as complete partitions: Petnjica into Berane (created 2013), Gusinje into Plav (2014), and Tuzi (2018) and Zeta (2024) into Podgorica. In 2003 Montenegro was a constituent republic of the State Union of Serbia and Montenegro; the source reports it as Republika Crna Gora."
"ME","me-municipality-2003-2011-frame-geoboundaries-adm1-dissolved","municipality","me-municipality-2003-2011-frame-geoboundaries-adm1-dissolved:berane","berane","Berane",2023,29602,"MONSTAT census population total; percentages use the total census population. This product follows the territorial coverage published by the Statistical Office of Montenegro (MONSTAT). The stable frame is the 21-municipality administrative division in force for the 2003 and 2011 censuses. The 2023 census reports 25 municipalities; the four units created after 2011 are summed back into their historical parents as complete partitions: Petnjica into Berane (created 2013), Gusinje into Plav (2014), and Tuzi (2018) and Zeta (2024) into Podgorica. In 2003 Montenegro was a constituent republic of the State Union of Serbia and Montenegro; the source reports it as Republika Crna Gora.",29089,98.267,158,0.5337,,,,708.3376,,,"monstat-census-religion-municipality-2003-2023|geoboundaries-mne-adm1-dissolved-21","full_enumeration_census_affiliation;total_population_denominator;population_total_exact;categories_25to21_aggregated_to_historic_parents;monstat_confidentiality_suppression_z;affiliation_and_no_religion_are_published_cell_lower_bounds;This product follows the territorial coverage published by the Statistical Office of Montenegro (MONSTAT). The stable frame is the 21-municipality administrative division in force for the 2003 and 2011 censuses. The 2023 census reports 25 municipalities; the four units created after 2011 are summed back into their historical parents as complete partitions: Petnjica into Berane (created 2013), Gusinje into Plav (2014), and Tuzi (2018) and Zeta (2024) into Podgorica. In 2003 Montenegro was a constituent republic of the State Union of Serbia and Montenegro; the source reports it as Republika Crna Gora."
"ME","me-municipality-2003-2011-frame-geoboundaries-adm1-dissolved","municipality","me-municipality-2003-2011-frame-geoboundaries-adm1-dissolved:bijelo_polje","bijelo_polje","Bijelo Polje",2023,38662,"MONSTAT census population total; percentages use the total census population. This product follows the territorial coverage published by the Statistical Office of Montenegro (MONSTAT). The stable frame is the 21-municipality administrative division in force for the 2003 and 2011 censuses. The 2023 census reports 25 municipalities; the four units created after 2011 are summed back into their historical parents as complete partitions: Petnjica into Berane (created 2013), Gusinje into Plav (2014), and Tuzi (2018) and Zeta (2024) into Podgorica. In 2003 Montenegro was a constituent republic of the State Union of Serbia and Montenegro; the source reports it as Republika Crna Gora.",38253,98.9421,114,0.2949,,,,955.3643,,,"monstat-census-religion-municipality-2003-2023|geoboundaries-mne-adm1-dissolved-21","full_enumeration_census_affiliation;total_population_denominator;population_total_exact;categories_25to21_aggregated_to_historic_parents;monstat_confidentiality_suppression_z;affiliation_and_no_religion_are_published_cell_lower_bounds;This product follows the territorial coverage published by the Statistical Office of Montenegro (MONSTAT). The stable frame is the 21-municipality administrative division in force for the 2003 and 2011 censuses. The 2023 census reports 25 municipalities; the four units created after 2011 are summed back into their historical parents as complete partitions: Petnjica into Berane (created 2013), Gusinje into Plav (2014), and Tuzi (2018) and Zeta (2024) into Podgorica. In 2003 Montenegro was a constituent republic of the State Union of Serbia and Montenegro; the source reports it as Republika Crna Gora."
"ME","me-municipality-2003-2011-frame-geoboundaries-adm1-dissolved","municipality","me-municipality-2003-2011-frame-geoboundaries-adm1-dissolved:budva","budva","Budva",2023,27445,"MONSTAT census population total; percentages use the total census population. This product follows the territorial coverage published by the Statistical Office of Montenegro (MONSTAT). The stable frame is the 21-municipality administrative division in force for the 2003 and 2011 censuses. The 2023 census reports 25 municipalities; the four units created after 2011 are summed back into their historical parents as complete partitions: Petnjica into Berane (created 2013), Gusinje into Plav (2014), and Tuzi (2018) and Zeta (2024) into Podgorica. In 2003 Montenegro was a constituent republic of the State Union of Serbia and Montenegro; the source reports it as Republika Crna Gora.",25150,91.6378,1452,5.2906,,,,112.8501,,,"monstat-census-religion-municipality-2003-2023|geoboundaries-mne-adm1-dissolved-21","full_enumeration_census_affiliation;total_population_denominator;population_total_exact;categories_25to21_aggregated_to_historic_parents;no_suppressed_cells_in_this_municipality;This product follows the territorial coverage published by the Statistical Office of Montenegro (MONSTAT). The stable frame is the 21-municipality administrative division in force for the 2003 and 2011 censuses. The 2023 census reports 25 municipalities; the four units created after 2011 are summed back into their historical parents as complete partitions: Petnjica into Berane (created 2013), Gusinje into Plav (2014), and Tuzi (2018) and Zeta (2024) into Podgorica. In 2003 Montenegro was a constituent republic of the State Union of Serbia and Montenegro; the source reports it as Republika Crna Gora."
"ME","me-municipality-2003-2011-frame-geoboundaries-adm1-dissolved","municipality","me-municipality-2003-2011-frame-geoboundaries-adm1-dissolved:cetinje","cetinje","Cetinje",2023,14494,"MONSTAT census population total; percentages use the total census population. This product follows the territorial coverage published by the Statistical Office of Montenegro (MONSTAT). The stable frame is the 21-municipality administrative division in force for the 2003 and 2011 censuses. The 2023 census reports 25 municipalities; the four units created after 2011 are summed back into their historical parents as complete partitions: Petnjica into Berane (created 2013), Gusinje into Plav (2014), and Tuzi (2018) and Zeta (2024) into Podgorica. In 2003 Montenegro was a constituent republic of the State Union of Serbia and Montenegro; the source reports it as Republika Crna Gora.",13662,94.2597,591,4.0775,,,,915.3916,,,"monstat-census-religion-municipality-2003-2023|geoboundaries-mne-adm1-dissolved-21","full_enumeration_census_affiliation;total_population_denominator;population_total_exact;categories_25to21_aggregated_to_historic_parents;monstat_confidentiality_suppression_z;affiliation_and_no_religion_are_published_cell_lower_bounds;This product follows the territorial coverage published by the Statistical Office of Montenegro (MONSTAT). The stable frame is the 21-municipality administrative division in force for the 2003 and 2011 censuses. The 2023 census reports 25 municipalities; the four units created after 2011 are summed back into their historical parents as complete partitions: Petnjica into Berane (created 2013), Gusinje into Plav (2014), and Tuzi (2018) and Zeta (2024) into Podgorica. In 2003 Montenegro was a constituent republic of the State Union of Serbia and Montenegro; the source reports it as Republika Crna Gora."
"ME","me-municipality-2003-2011-frame-geoboundaries-adm1-dissolved","municipality","me-municipality-2003-2011-frame-geoboundaries-adm1-dissolved:danilovgrad","danilovgrad","Danilovgrad",2023,18617,"MONSTAT census population total; percentages use the total census population. This product follows the territorial coverage published by the Statistical Office of Montenegro (MONSTAT). The stable frame is the 21-municipality administrative division in force for the 2003 and 2011 censuses. The 2023 census reports 25 municipalities; the four units created after 2011 are summed back into their historical parents as complete partitions: Petnjica into Berane (created 2013), Gusinje into Plav (2014), and Tuzi (2018) and Zeta (2024) into Podgorica. In 2003 Montenegro was a constituent republic of the State Union of Serbia and Montenegro; the source reports it as Republika Crna Gora.",17860,95.9338,301,1.6168,,,,528.0448,,,"monstat-census-religion-municipality-2003-2023|geoboundaries-mne-adm1-dissolved-21","full_enumeration_census_affiliation;total_population_denominator;population_total_exact;categories_25to21_aggregated_to_historic_parents;monstat_confidentiality_suppression_z;affiliation_and_no_religion_are_published_cell_lower_bounds;This product follows the territorial coverage published by the Statistical Office of Montenegro (MONSTAT). The stable frame is the 21-municipality administrative division in force for the 2003 and 2011 censuses. The 2023 census reports 25 municipalities; the four units created after 2011 are summed back into their historical parents as complete partitions: Petnjica into Berane (created 2013), Gusinje into Plav (2014), and Tuzi (2018) and Zeta (2024) into Podgorica. In 2003 Montenegro was a constituent republic of the State Union of Serbia and Montenegro; the source reports it as Republika Crna Gora."
"ME","me-municipality-2003-2011-frame-geoboundaries-adm1-dissolved","municipality","me-municipality-2003-2011-frame-geoboundaries-adm1-dissolved:herceg_novi","herceg_novi","Herceg Novi",2023,30824,"MONSTAT census population total; percentages use the total census population. This product follows the territorial coverage published by the Statistical Office of Montenegro (MONSTAT). The stable frame is the 21-municipality administrative division in force for the 2003 and 2011 censuses. The 2023 census reports 25 municipalities; the four units created after 2011 are summed back into their historical parents as complete partitions: Petnjica into Berane (created 2013), Gusinje into Plav (2014), and Tuzi (2018) and Zeta (2024) into Podgorica. In 2003 Montenegro was a constituent republic of the State Union of Serbia and Montenegro; the source reports it as Republika Crna Gora.",28004,90.8513,1341,4.3505,,,,233.7834,,,"monstat-census-religion-municipality-2003-2023|geoboundaries-mne-adm1-dissolved-21","full_enumeration_census_affiliation;total_population_denominator;population_total_exact;categories_25to21_aggregated_to_historic_parents;no_suppressed_cells_in_this_municipality;This product follows the territorial coverage published by the Statistical Office of Montenegro (MONSTAT). The stable frame is the 21-municipality administrative division in force for the 2003 and 2011 censuses. The 2023 census reports 25 municipalities; the four units created after 2011 are summed back into their historical parents as complete partitions: Petnjica into Berane (created 2013), Gusinje into Plav (2014), and Tuzi (2018) and Zeta (2024) into Podgorica. In 2003 Montenegro was a constituent republic of the State Union of Serbia and Montenegro; the source reports it as Republika Crna Gora."
"ME","me-municipality-2003-2011-frame-geoboundaries-adm1-dissolved","municipality","me-municipality-2003-2011-frame-geoboundaries-adm1-dissolved:kolasin","kolasin","Kolašin",2023,6700,"MONSTAT census population total; percentages use the total census population. This product follows the territorial coverage published by the Statistical Office of Montenegro (MONSTAT). The stable frame is the 21-municipality administrative division in force for the 2003 and 2011 censuses. The 2023 census reports 25 municipalities; the four units created after 2011 are summed back into their historical parents as complete partitions: Petnjica into Berane (created 2013), Gusinje into Plav (2014), and Tuzi (2018) and Zeta (2024) into Podgorica. In 2003 Montenegro was a constituent republic of the State Union of Serbia and Montenegro; the source reports it as Republika Crna Gora.",6432,96,117,1.7463,,,,884.9965,,,"monstat-census-religion-municipality-2003-2023|geoboundaries-mne-adm1-dissolved-21","full_enumeration_census_affiliation;total_population_denominator;population_total_exact;categories_25to21_aggregated_to_historic_parents;monstat_confidentiality_suppression_z;affiliation_and_no_religion_are_published_cell_lower_bounds;This product follows the territorial coverage published by the Statistical Office of Montenegro (MONSTAT). The stable frame is the 21-municipality administrative division in force for the 2003 and 2011 censuses. The 2023 census reports 25 municipalities; the four units created after 2011 are summed back into their historical parents as complete partitions: Petnjica into Berane (created 2013), Gusinje into Plav (2014), and Tuzi (2018) and Zeta (2024) into Podgorica. In 2003 Montenegro was a constituent republic of the State Union of Serbia and Montenegro; the source reports it as Republika Crna Gora."
"ME","me-municipality-2003-2011-frame-geoboundaries-adm1-dissolved","municipality","me-municipality-2003-2011-frame-geoboundaries-adm1-dissolved:kotor","kotor","Kotor",2023,22746,"MONSTAT census population total; percentages use the total census population. This product follows the territorial coverage published by the Statistical Office of Montenegro (MONSTAT). The stable frame is the 21-municipality administrative division in force for the 2003 and 2011 censuses. The 2023 census reports 25 municipalities; the four units created after 2011 are summed back into their historical parents as complete partitions: Petnjica into Berane (created 2013), Gusinje into Plav (2014), and Tuzi (2018) and Zeta (2024) into Podgorica. In 2003 Montenegro was a constituent republic of the State Union of Serbia and Montenegro; the source reports it as Republika Crna Gora.",21051,92.5481,765,3.3632,,,,294.847,,,"monstat-census-religion-municipality-2003-2023|geoboundaries-mne-adm1-dissolved-21","full_enumeration_census_affiliation;total_population_denominator;population_total_exact;categories_25to21_aggregated_to_historic_parents;monstat_confidentiality_suppression_z;affiliation_and_no_religion_are_published_cell_lower_bounds;This product follows the territorial coverage published by the Statistical Office of Montenegro (MONSTAT). The stable frame is the 21-municipality administrative division in force for the 2003 and 2011 censuses. The 2023 census reports 25 municipalities; the four units created after 2011 are summed back into their historical parents as complete partitions: Petnjica into Berane (created 2013), Gusinje into Plav (2014), and Tuzi (2018) and Zeta (2024) into Podgorica. In 2003 Montenegro was a constituent republic of the State Union of Serbia and Montenegro; the source reports it as Republika Crna Gora."
"ME","me-municipality-2003-2011-frame-geoboundaries-adm1-dissolved","municipality","me-municipality-2003-2011-frame-geoboundaries-adm1-dissolved:mojkovac","mojkovac","Mojkovac",2023,6728,"MONSTAT census population total; percentages use the total census population. This product follows the territorial coverage published by the Statistical Office of Montenegro (MONSTAT). The stable frame is the 21-municipality administrative division in force for the 2003 and 2011 censuses. The 2023 census reports 25 municipalities; the four units created after 2011 are summed back into their historical parents as complete partitions: Petnjica into Berane (created 2013), Gusinje into Plav (2014), and Tuzi (2018) and Zeta (2024) into Podgorica. In 2003 Montenegro was a constituent republic of the State Union of Serbia and Montenegro; the source reports it as Republika Crna Gora.",6561,97.5178,61,0.9067,,,,354.7891,,,"monstat-census-religion-municipality-2003-2023|geoboundaries-mne-adm1-dissolved-21","full_enumeration_census_affiliation;total_population_denominator;population_total_exact;categories_25to21_aggregated_to_historic_parents;monstat_confidentiality_suppression_z;affiliation_and_no_religion_are_published_cell_lower_bounds;This product follows the territorial coverage published by the Statistical Office of Montenegro (MONSTAT). The stable frame is the 21-municipality administrative division in force for the 2003 and 2011 censuses. The 2023 census reports 25 municipalities; the four units created after 2011 are summed back into their historical parents as complete partitions: Petnjica into Berane (created 2013), Gusinje into Plav (2014), and Tuzi (2018) and Zeta (2024) into Podgorica. In 2003 Montenegro was a constituent republic of the State Union of Serbia and Montenegro; the source reports it as Republika Crna Gora."
"ME","me-municipality-2003-2011-frame-geoboundaries-adm1-dissolved","municipality","me-municipality-2003-2011-frame-geoboundaries-adm1-dissolved:niksic","niksic","Nikšić",2023,65705,"MONSTAT census population total; percentages use the total census population. This product follows the territorial coverage published by the Statistical Office of Montenegro (MONSTAT). The stable frame is the 21-municipality administrative division in force for the 2003 and 2011 censuses. The 2023 census reports 25 municipalities; the four units created after 2011 are summed back into their historical parents as complete partitions: Petnjica into Berane (created 2013), Gusinje into Plav (2014), and Tuzi (2018) and Zeta (2024) into Podgorica. In 2003 Montenegro was a constituent republic of the State Union of Serbia and Montenegro; the source reports it as Republika Crna Gora.",63244,96.2545,1271,1.9344,,,,2022.4628,,,"monstat-census-religion-municipality-2003-2023|geoboundaries-mne-adm1-dissolved-21","full_enumeration_census_affiliation;total_population_denominator;population_total_exact;categories_25to21_aggregated_to_historic_parents;monstat_confidentiality_suppression_z;affiliation_and_no_religion_are_published_cell_lower_bounds;This product follows the territorial coverage published by the Statistical Office of Montenegro (MONSTAT). The stable frame is the 21-municipality administrative division in force for the 2003 and 2011 censuses. The 2023 census reports 25 municipalities; the four units created after 2011 are summed back into their historical parents as complete partitions: Petnjica into Berane (created 2013), Gusinje into Plav (2014), and Tuzi (2018) and Zeta (2024) into Podgorica. In 2003 Montenegro was a constituent republic of the State Union of Serbia and Montenegro; the source reports it as Republika Crna Gora."
"ME","me-municipality-2003-2011-frame-geoboundaries-adm1-dissolved","municipality","me-municipality-2003-2011-frame-geoboundaries-adm1-dissolved:plav","plav","Plav",2023,12983,"MONSTAT census population total; percentages use the total census population. This product follows the territorial coverage published by the Statistical Office of Montenegro (MONSTAT). The stable frame is the 21-municipality administrative division in force for the 2003 and 2011 censuses. The 2023 census reports 25 municipalities; the four units created after 2011 are summed back into their historical parents as complete partitions: Petnjica into Berane (created 2013), Gusinje into Plav (2014), and Tuzi (2018) and Zeta (2024) into Podgorica. In 2003 Montenegro was a constituent republic of the State Union of Serbia and Montenegro; the source reports it as Republika Crna Gora.",12826,98.7907,0,0,,,,482.8162,,,"monstat-census-religion-municipality-2003-2023|geoboundaries-mne-adm1-dissolved-21","full_enumeration_census_affiliation;total_population_denominator;population_total_exact;categories_25to21_aggregated_to_historic_parents;monstat_confidentiality_suppression_z;affiliation_and_no_religion_are_published_cell_lower_bounds;This product follows the territorial coverage published by the Statistical Office of Montenegro (MONSTAT). The stable frame is the 21-municipality administrative division in force for the 2003 and 2011 censuses. The 2023 census reports 25 municipalities; the four units created after 2011 are summed back into their historical parents as complete partitions: Petnjica into Berane (created 2013), Gusinje into Plav (2014), and Tuzi (2018) and Zeta (2024) into Podgorica. In 2003 Montenegro was a constituent republic of the State Union of Serbia and Montenegro; the source reports it as Republika Crna Gora."
"ME","me-municipality-2003-2011-frame-geoboundaries-adm1-dissolved","municipality","me-municipality-2003-2011-frame-geoboundaries-adm1-dissolved:pljevlja","pljevlja","Pljevlja",2023,24134,"MONSTAT census population total; percentages use the total census population. This product follows the territorial coverage published by the Statistical Office of Montenegro (MONSTAT). The stable frame is the 21-municipality administrative division in force for the 2003 and 2011 censuses. The 2023 census reports 25 municipalities; the four units created after 2011 are summed back into their historical parents as complete partitions: Petnjica into Berane (created 2013), Gusinje into Plav (2014), and Tuzi (2018) and Zeta (2024) into Podgorica. In 2003 Montenegro was a constituent republic of the State Union of Serbia and Montenegro; the source reports it as Republika Crna Gora.",23479,97.286,147,0.6091,,,,1369.327,,,"monstat-census-religion-municipality-2003-2023|geoboundaries-mne-adm1-dissolved-21","full_enumeration_census_affiliation;total_population_denominator;population_total_exact;categories_25to21_aggregated_to_historic_parents;monstat_confidentiality_suppression_z;affiliation_and_no_religion_are_published_cell_lower_bounds;This product follows the territorial coverage published by the Statistical Office of Montenegro (MONSTAT). The stable frame is the 21-municipality administrative division in force for the 2003 and 2011 censuses. The 2023 census reports 25 municipalities; the four units created after 2011 are summed back into their historical parents as complete partitions: Petnjica into Berane (created 2013), Gusinje into Plav (2014), and Tuzi (2018) and Zeta (2024) into Podgorica. In 2003 Montenegro was a constituent republic of the State Union of Serbia and Montenegro; the source reports it as Republika Crna Gora."
"ME","me-municipality-2003-2011-frame-geoboundaries-adm1-dissolved","municipality","me-municipality-2003-2011-frame-geoboundaries-adm1-dissolved:pluzine","pluzine","Plužine",2023,2177,"MONSTAT census population total; percentages use the total census population. This product follows the territorial coverage published by the Statistical Office of Montenegro (MONSTAT). The stable frame is the 21-municipality administrative division in force for the 2003 and 2011 censuses. The 2023 census reports 25 municipalities; the four units created after 2011 are summed back into their historical parents as complete partitions: Petnjica into Berane (created 2013), Gusinje into Plav (2014), and Tuzi (2018) and Zeta (2024) into Podgorica. In 2003 Montenegro was a constituent republic of the State Union of Serbia and Montenegro; the source reports it as Republika Crna Gora.",2137,98.1626,14,0.6431,,,,877.9225,,,"monstat-census-religion-municipality-2003-2023|geoboundaries-mne-adm1-dissolved-21","full_enumeration_census_affiliation;total_population_denominator;population_total_exact;categories_25to21_aggregated_to_historic_parents;monstat_confidentiality_suppression_z;affiliation_and_no_religion_are_published_cell_lower_bounds;This product follows the territorial coverage published by the Statistical Office of Montenegro (MONSTAT). The stable frame is the 21-municipality administrative division in force for the 2003 and 2011 censuses. The 2023 census reports 25 municipalities; the four units created after 2011 are summed back into their historical parents as complete partitions: Petnjica into Berane (created 2013), Gusinje into Plav (2014), and Tuzi (2018) and Zeta (2024) into Podgorica. In 2003 Montenegro was a constituent republic of the State Union of Serbia and Montenegro; the source reports it as Republika Crna Gora."
"ME","me-municipality-2003-2011-frame-geoboundaries-adm1-dissolved","municipality","me-municipality-2003-2011-frame-geoboundaries-adm1-dissolved:podgorica","podgorica","Podgorica",2023,208555,"MONSTAT census population total; percentages use the total census population. This product follows the territorial coverage published by the Statistical Office of Montenegro (MONSTAT). The stable frame is the 21-municipality administrative division in force for the 2003 and 2011 censuses. The 2023 census reports 25 municipalities; the four units created after 2011 are summed back into their historical parents as complete partitions: Petnjica into Berane (created 2013), Gusinje into Plav (2014), and Tuzi (2018) and Zeta (2024) into Podgorica. In 2003 Montenegro was a constituent republic of the State Union of Serbia and Montenegro; the source reports it as Republika Crna Gora.",195138,93.5667,8342,3.9999,,,,1465.0087,,,"monstat-census-religion-municipality-2003-2023|geoboundaries-mne-adm1-dissolved-21","full_enumeration_census_affiliation;total_population_denominator;population_total_exact;categories_25to21_aggregated_to_historic_parents;monstat_confidentiality_suppression_z;affiliation_and_no_religion_are_published_cell_lower_bounds;This product follows the territorial coverage published by the Statistical Office of Montenegro (MONSTAT). The stable frame is the 21-municipality administrative division in force for the 2003 and 2011 censuses. The 2023 census reports 25 municipalities; the four units created after 2011 are summed back into their historical parents as complete partitions: Petnjica into Berane (created 2013), Gusinje into Plav (2014), and Tuzi (2018) and Zeta (2024) into Podgorica. In 2003 Montenegro was a constituent republic of the State Union of Serbia and Montenegro; the source reports it as Republika Crna Gora."
"ME","me-municipality-2003-2011-frame-geoboundaries-adm1-dissolved","municipality","me-municipality-2003-2011-frame-geoboundaries-adm1-dissolved:rozaje","rozaje","Rožaje",2023,23184,"MONSTAT census population total; percentages use the total census population. This product follows the territorial coverage published by the Statistical Office of Montenegro (MONSTAT). The stable frame is the 21-municipality administrative division in force for the 2003 and 2011 censuses. The 2023 census reports 25 municipalities; the four units created after 2011 are summed back into their historical parents as complete partitions: Petnjica into Berane (created 2013), Gusinje into Plav (2014), and Tuzi (2018) and Zeta (2024) into Podgorica. In 2003 Montenegro was a constituent republic of the State Union of Serbia and Montenegro; the source reports it as Republika Crna Gora.",23093,99.6075,0,0,,,,458.7052,,,"monstat-census-religion-municipality-2003-2023|geoboundaries-mne-adm1-dissolved-21","full_enumeration_census_affiliation;total_population_denominator;population_total_exact;categories_25to21_aggregated_to_historic_parents;monstat_confidentiality_suppression_z;affiliation_and_no_religion_are_published_cell_lower_bounds;This product follows the territorial coverage published by the Statistical Office of Montenegro (MONSTAT). The stable frame is the 21-municipality administrative division in force for the 2003 and 2011 censuses. The 2023 census reports 25 municipalities; the four units created after 2011 are summed back into their historical parents as complete partitions: Petnjica into Berane (created 2013), Gusinje into Plav (2014), and Tuzi (2018) and Zeta (2024) into Podgorica. In 2003 Montenegro was a constituent republic of the State Union of Serbia and Montenegro; the source reports it as Republika Crna Gora."
"ME","me-municipality-2003-2011-frame-geoboundaries-adm1-dissolved","municipality","me-municipality-2003-2011-frame-geoboundaries-adm1-dissolved:savnik","savnik","Šavnik",2023,1569,"MONSTAT census population total; percentages use the total census population. This product follows the territorial coverage published by the Statistical Office of Montenegro (MONSTAT). The stable frame is the 21-municipality administrative division in force for the 2003 and 2011 censuses. The 2023 census reports 25 municipalities; the four units created after 2011 are summed back into their historical parents as complete partitions: Petnjica into Berane (created 2013), Gusinje into Plav (2014), and Tuzi (2018) and Zeta (2024) into Podgorica. In 2003 Montenegro was a constituent republic of the State Union of Serbia and Montenegro; the source reports it as Republika Crna Gora.",1534,97.7693,15,0.956,,,,529.2573,,,"monstat-census-religion-municipality-2003-2023|geoboundaries-mne-adm1-dissolved-21","full_enumeration_census_affiliation;total_population_denominator;population_total_exact;categories_25to21_aggregated_to_historic_parents;monstat_confidentiality_suppression_z;affiliation_and_no_religion_are_published_cell_lower_bounds;This product follows the territorial coverage published by the Statistical Office of Montenegro (MONSTAT). The stable frame is the 21-municipality administrative division in force for the 2003 and 2011 censuses. The 2023 census reports 25 municipalities; the four units created after 2011 are summed back into their historical parents as complete partitions: Petnjica into Berane (created 2013), Gusinje into Plav (2014), and Tuzi (2018) and Zeta (2024) into Podgorica. In 2003 Montenegro was a constituent republic of the State Union of Serbia and Montenegro; the source reports it as Republika Crna Gora."
"ME","me-municipality-2003-2011-frame-geoboundaries-adm1-dissolved","municipality","me-municipality-2003-2011-frame-geoboundaries-adm1-dissolved:tivat","tivat","Tivat",2023,16338,"MONSTAT census population total; percentages use the total census population. This product follows the territorial coverage published by the Statistical Office of Montenegro (MONSTAT). The stable frame is the 21-municipality administrative division in force for the 2003 and 2011 censuses. The 2023 census reports 25 municipalities; the four units created after 2011 are summed back into their historical parents as complete partitions: Petnjica into Berane (created 2013), Gusinje into Plav (2014), and Tuzi (2018) and Zeta (2024) into Podgorica. In 2003 Montenegro was a constituent republic of the State Union of Serbia and Montenegro; the source reports it as Republika Crna Gora.",15077,92.2818,654,4.0029,,,,42.3936,,,"monstat-census-religion-municipality-2003-2023|geoboundaries-mne-adm1-dissolved-21","full_enumeration_census_affiliation;total_population_denominator;population_total_exact;categories_25to21_aggregated_to_historic_parents;no_suppressed_cells_in_this_municipality;This product follows the territorial coverage published by the Statistical Office of Montenegro (MONSTAT). The stable frame is the 21-municipality administrative division in force for the 2003 and 2011 censuses. The 2023 census reports 25 municipalities; the four units created after 2011 are summed back into their historical parents as complete partitions: Petnjica into Berane (created 2013), Gusinje into Plav (2014), and Tuzi (2018) and Zeta (2024) into Podgorica. In 2003 Montenegro was a constituent republic of the State Union of Serbia and Montenegro; the source reports it as Republika Crna Gora."
"ME","me-municipality-2003-2011-frame-geoboundaries-adm1-dissolved","municipality","me-municipality-2003-2011-frame-geoboundaries-adm1-dissolved:ulcinj","ulcinj","Ulcinj",2023,20507,"MONSTAT census population total; percentages use the total census population. This product follows the territorial coverage published by the Statistical Office of Montenegro (MONSTAT). The stable frame is the 21-municipality administrative division in force for the 2003 and 2011 censuses. The 2023 census reports 25 municipalities; the four units created after 2011 are summed back into their historical parents as complete partitions: Petnjica into Berane (created 2013), Gusinje into Plav (2014), and Tuzi (2018) and Zeta (2024) into Podgorica. In 2003 Montenegro was a constituent republic of the State Union of Serbia and Montenegro; the source reports it as Republika Crna Gora.",20173,98.3713,107,0.5218,,,,238.1832,,,"monstat-census-religion-municipality-2003-2023|geoboundaries-mne-adm1-dissolved-21","full_enumeration_census_affiliation;total_population_denominator;population_total_exact;categories_25to21_aggregated_to_historic_parents;monstat_confidentiality_suppression_z;affiliation_and_no_religion_are_published_cell_lower_bounds;This product follows the territorial coverage published by the Statistical Office of Montenegro (MONSTAT). The stable frame is the 21-municipality administrative division in force for the 2003 and 2011 censuses. The 2023 census reports 25 municipalities; the four units created after 2011 are summed back into their historical parents as complete partitions: Petnjica into Berane (created 2013), Gusinje into Plav (2014), and Tuzi (2018) and Zeta (2024) into Podgorica. In 2003 Montenegro was a constituent republic of the State Union of Serbia and Montenegro; the source reports it as Republika Crna Gora."
"ME","me-municipality-2003-2011-frame-geoboundaries-adm1-dissolved","municipality","me-municipality-2003-2011-frame-geoboundaries-adm1-dissolved:zabljak","zabljak","Žabljak",2023,2941,"MONSTAT census population total; percentages use the total census population. This product follows the territorial coverage published by the Statistical Office of Montenegro (MONSTAT). The stable frame is the 21-municipality administrative division in force for the 2003 and 2011 censuses. The 2023 census reports 25 municipalities; the four units created after 2011 are summed back into their historical parents as complete partitions: Petnjica into Berane (created 2013), Gusinje into Plav (2014), and Tuzi (2018) and Zeta (2024) into Podgorica. In 2003 Montenegro was a constituent republic of the State Union of Serbia and Montenegro; the source reports it as Republika Crna Gora.",2852,96.9738,24,0.816,,,,440.3617,,,"monstat-census-religion-municipality-2003-2023|geoboundaries-mne-adm1-dissolved-21","full_enumeration_census_affiliation;total_population_denominator;population_total_exact;categories_25to21_aggregated_to_historic_parents;monstat_confidentiality_suppression_z;affiliation_and_no_religion_are_published_cell_lower_bounds;This product follows the territorial coverage published by the Statistical Office of Montenegro (MONSTAT). The stable frame is the 21-municipality administrative division in force for the 2003 and 2011 censuses. The 2023 census reports 25 municipalities; the four units created after 2011 are summed back into their historical parents as complete partitions: Petnjica into Berane (created 2013), Gusinje into Plav (2014), and Tuzi (2018) and Zeta (2024) into Podgorica. In 2003 Montenegro was a constituent republic of the State Union of Serbia and Montenegro; the source reports it as Republika Crna Gora."
