"gisjoin","year","boundary_year","area_name","source_area_name","state_name","state_code","county_name","county_code","population_total","population_reference_year","church_or_edifice_count","church_count_basis","church_seating_count","church_seating_per_100_population","churches_or_edifices_per_10000_residents","church_property_value","member_count","members_per_100_population","land_area_sq_km","quality_flag"
"G3101095",1870,1870,"'L''eau Qui Court', Nebraska","L'Eau Qui","Nebraska","310","L'Eau Qui Court","1095",261,1870,0,"total religious edifices from NHGIS table NT44 (AK8001)",0,0,0,0,,,3326.47,"wave_coverage_differs"
"G4500010",1870,1870,"Abbeville, South Carolina","Abbeville","South Carolina","450","Abbeville","0010",31129,1870,44,"total religious edifices from NHGIS table NT44 (AK8001)",24950,80.1503,14.1347,77000,,,2528.36,"wave_coverage_differs"
"G5100010",1870,1870,"Accomack, Virginia","Accomack","Virginia","510","Accomack","0010",20409,1870,39,"total religious edifices from NHGIS table NT44 (AK8001)",9100,44.5882,19.1092,67550,,,1191.02,"wave_coverage_differs"
"G1650015",1870,1870,"Ada, Idaho Territory","Ada","Idaho Territory","165","Ada","0015",2675,1870,7,"total religious edifices from NHGIS table NT44 (AK8001)",900,33.6449,26.1682,8000,,,9051.77,"wave_coverage_differs"
"G1900010",1870,1870,"Adair, Iowa","Adair","Iowa","190","Adair","0010",3982,1870,1,"total religious edifices from NHGIS table NT44 (AK8001)",275,6.9061,2.5113,2550,,,1477,"wave_coverage_differs"
"G2100010",1870,1870,"Adair, Kentucky","Adair","Kentucky","210","Adair","0010",11065,1870,39,"total religious edifices from NHGIS table NT44 (AK8001)",10250,92.6344,35.2463,35500,,,1067.57,"wave_coverage_differs"
"G2900010",1870,1870,"Adair, Missouri","Adair","Missouri","290","Adair","0010",11448,1870,13,"total religious edifices from NHGIS table NT44 (AK8001)",2450,21.4011,11.3557,68500,,,1474.83,"wave_coverage_differs"
"G1700010",1870,1870,"Adams, Illinois","Adams","Illinois","170","Adams","0010",56362,1870,88,"total religious edifices from NHGIS table NT44 (AK8001)",23830,42.2803,15.6134,777250,,,2257.19,"wave_coverage_differs"
"G1800010",1870,1870,"Adams, Indiana","Adams","Indiana","180","Adams","0010",11382,1870,13,"total religious edifices from NHGIS table NT44 (AK8001)",4500,39.5361,11.4215,20000,,,880.51,"wave_coverage_differs"
"G1900030",1870,1870,"Adams, Iowa","Adams","Iowa","190","Adams","0030",4614,1870,2,"total religious edifices from NHGIS table NT44 (AK8001)",450,9.7529,4.3346,3900,,,1102.05,"wave_coverage_differs"
"G2800010",1870,1870,"Adams, Mississippi","Adams","Mississippi","280","Adams","0010",19084,1870,14,"total religious edifices from NHGIS table NT44 (AK8001)",4850,25.414,7.336,134200,,,1262.72,"wave_coverage_differs"
"G3100010",1870,1870,"Adams, Nebraska","Adams","Nebraska","310","Adams","0010",19,1870,,"total religious edifices from NHGIS table NT44 (AK8001)",,,,,,,1740.12,"wave_coverage_differs"
"G3900010",1870,1870,"Adams, Ohio","Adams","Ohio","390","Adams","0010",20750,1870,50,"total religious edifices from NHGIS table NT44 (AK8001)",15750,75.9036,24.0964,96500,,,1517.18,"wave_coverage_differs"
"G4200010",1870,1870,"Adams, Pennsylvania","Adams","Pennsylvania","420","Adams","0010",30315,1870,73,"total religious edifices from NHGIS table NT44 (AK8001)",29600,97.6414,24.0805,238400,,,1351.37,"wave_coverage_differs"
"G5500010",1870,1870,"Adams, Wisconsin","Adams","Wisconsin","550","Adams","0010",6601,1870,4,"total religious edifices from NHGIS table NT44 (AK8001)",1300,19.694,6.0597,2800,,,1783.34,"wave_coverage_differs"
"G5000010",1870,1870,"Addison, Vermont","Addison","Vermont","500","Addison","0010",23484,1870,62,"total religious edifices from NHGIS table NT44 (AK8001)",20555,87.5277,26.401,275300,,,2091.97,"wave_coverage_differs"
"G2700010",1870,1870,"Aitkin, Minnesota","Aitkin","Minnesota","270","Aitkin","0010",178,1870,,"total religious edifices from NHGIS table NT44 (AK8001)",,,,,,,2489.79,"wave_coverage_differs"
"G1200010",1870,1870,"Alachua, Florida","Alachua","Florida","120","Alachua","0010",17328,1870,29,"total religious edifices from NHGIS table NT44 (AK8001)",4700,27.1237,16.7359,20000,,,3456.6,"wave_coverage_differs"
"G3700010",1870,1870,"Alamance, North Carolina","Alamance","North Carolina","370","Alamance","0010",11874,1870,26,"total religious edifices from NHGIS table NT44 (AK8001)",9860,83.0386,21.8966,33350,,,994.24,"wave_coverage_differs"
"G0600010",1870,1870,"Alameda, California","Alameda","California","060","Alameda","0010",24237,1870,28,"total religious edifices from NHGIS table NT44 (AK8001)",8000,33.0074,11.5526,158000,,,1928.1,"wave_coverage_differs"
"G3600010",1870,1870,"Albany, New York","Albany","New York","360","Albany","0010",133052,1870,141,"total religious edifices from NHGIS table NT44 (AK8001)",73720,55.4069,10.5974,2969925,,,1381.04,"wave_coverage_differs"
"G5650015",1870,1870,"Albany, Wyoming Territory","Albany","Wyoming Territory","565","Albany","0015",2021,1870,,"total religious edifices from NHGIS table NT44 (AK8001)",,,,,,,28493.13,"wave_coverage_differs"
"G5100030",1870,1870,"Albemarle, Virginia","Albemarle","Virginia","510","Albemarle","0030",27544,1870,56,"total religious edifices from NHGIS table NT44 (AK8001)",19050,69.1621,20.3311,156300,,,1907.31,"wave_coverage_differs"
"G2600010",1870,1870,"Alcona, Michigan","Alcona","Michigan","260","Alcona","0010",696,1870,2,"total religious edifices from NHGIS table NT44 (AK8001)",350,50.2874,28.7356,3200,,,1798.79,"wave_coverage_differs"
"G2800030",1870,1870,"Alcorn, Mississippi","Alcorn","Mississippi","280","Alcorn","0030",10431,1870,,"total religious edifices from NHGIS table NT44 (AK8001)",,,,,,,1039.52,"wave_coverage_differs"
"G1700030",1870,1870,"Alexander, Illinois","Alexander","Illinois","170","Alexander","0030",10564,1870,12,"total religious edifices from NHGIS table NT44 (AK8001)",3400,32.1848,11.3593,45300,,,654.01,"wave_coverage_differs"
"G3700030",1870,1870,"Alexander, North Carolina","Alexander","North Carolina","370","Alexander","0030",6868,1870,26,"total religious edifices from NHGIS table NT44 (AK8001)",8640,125.8008,37.8567,12600,,,681.59,"wave_coverage_differs"
"G5100035",1870,1870,"Alexandria, Virginia","Alexandria","Virginia","510","Alexandria","0035",16755,1870,20,"total religious edifices from NHGIS table NT44 (AK8001)",12205,72.8439,11.9367,299038,,,85.38,"wave_coverage_differs"
"G1900050",1870,1870,"Allamakee, Iowa","Allamakee","Iowa","190","Allamakee","0050",17868,1870,33,"total religious edifices from NHGIS table NT44 (AK8001)",8535,47.767,18.4688,81500,,,1706.21,"wave_coverage_differs"
"G2600050",1870,1870,"Allegan, Michigan","Allegan","Michigan","260","Allegan","0050",32105,1870,24,"total religious edifices from NHGIS table NT44 (AK8001)",5210,16.228,7.4755,99100,,,2182.07,"wave_coverage_differs"
"G2400010",1870,1870,"Allegany, Maryland","Allegany","Maryland","240","Allegany","0010",38536,1870,74,"total religious edifices from NHGIS table NT44 (AK8001)",26600,69.0264,19.2028,326000,,,2811.82,"wave_coverage_differs"
"G3600030",1870,1870,"Allegany, New York","Allegany","New York","360","Allegany","0030",40814,1870,86,"total religious edifices from NHGIS table NT44 (AK8001)",24703,60.5258,21.0712,202150,,,2679.05,"wave_coverage_differs"
"G3700050",1870,1870,"Alleghany, North Carolina","Alleghany","North Carolina","370","Alleghany","0050",3691,1870,19,"total religious edifices from NHGIS table NT44 (AK8001)",2925,79.2468,51.4766,2305,,,598.08,"wave_coverage_differs"
"G5100050",1870,1870,"Alleghany, Virginia","Alleghany","Virginia","510","Alleghany","0050",3674,1870,12,"total religious edifices from NHGIS table NT44 (AK8001)",3450,93.9031,32.6619,10450,,,1176.95,"wave_coverage_differs"
"G4200030",1870,1870,"Allegheny, Pennsylvania","Allegheny","Pennsylvania","420","Allegheny","0030",262204,1870,270,"total religious edifices from NHGIS table NT44 (AK8001)",129585,49.4214,10.2973,7494400,,,1928.72,"wave_coverage_differs"
"G1800030",1870,1870,"Allen, Indiana","Allen","Indiana","180","Allen","0030",43494,1870,41,"total religious edifices from NHGIS table NT44 (AK8001)",17950,41.2701,9.4266,928000,,,1709.45,"wave_coverage_differs"
"G2000010",1870,1870,"Allen, Kansas","Allen","Kansas","200","Allen","0010",7022,1870,7,"total religious edifices from NHGIS table NT44 (AK8001)",2000,28.4819,9.9687,36100,,,1308.78,"wave_coverage_differs"
"G2100030",1870,1870,"Allen, Kentucky","Allen","Kentucky","210","Allen","0030",10296,1870,32,"total religious edifices from NHGIS table NT44 (AK8001)",9600,93.2401,31.08,18000,,,911.2,"wave_coverage_differs"
"G3900030",1870,1870,"Allen, Ohio","Allen","Ohio","390","Allen","0030",23623,1870,72,"total religious edifices from NHGIS table NT44 (AK8001)",20700,87.6265,30.4788,149000,,,1053.73,"wave_coverage_differs"
"G2600070",1870,1870,"Alpena, Michigan","Alpena","Michigan","260","Alpena","0070",2756,1870,5,"total religious edifices from NHGIS table NT44 (AK8001)",1660,60.2322,18.1422,32000,,,1539.72,"wave_coverage_differs"
"G0600030",1870,1870,"Alpine, California","Alpine","California","060","Alpine","0030",685,1870,0,"total religious edifices from NHGIS table NT44 (AK8001)",0,0,0,0,,,1924.86,"wave_coverage_differs"
"G1650035",1870,1870,"Alturas, Idaho Territory","Alturas","Idaho Territory","165","Alturas","0035",689,1870,,"total religious edifices from NHGIS table NT44 (AK8001)",,,,,,,53993.56,"wave_coverage_differs"
"G0600050",1870,1870,"Amador, California","Amador","California","060","Amador","0050",9582,1870,12,"total religious edifices from NHGIS table NT44 (AK8001)",3175,33.135,12.5235,25750,,,1569.41,"wave_coverage_differs"
"G5100070",1870,1870,"Amelia, Virginia","Amelia","Virginia","510","Amelia","0070",9878,1870,20,"total religious edifices from NHGIS table NT44 (AK8001)",2050,20.7532,20.247,8750,,,928.57,"wave_coverage_differs"
"G5100090",1870,1870,"Amherst, Virginia","Amherst","Virginia","510","Amherst","0090",14900,1870,29,"total religious edifices from NHGIS table NT44 (AK8001)",5800,38.9262,19.4631,14100,,,1240.21,"wave_coverage_differs"
"G2800050",1870,1870,"Amite, Mississippi","Amite","Mississippi","280","Amite","0050",10973,1870,27,"total religious edifices from NHGIS table NT44 (AK8001)",9550,87.0318,24.6059,32000,,,1894.87,"wave_coverage_differs"
"G2000030",1870,1870,"Anderson, Kansas","Anderson","Kansas","200","Anderson","0030",5220,1870,9,"total religious edifices from NHGIS table NT44 (AK8001)",3100,59.387,17.2414,27500,,,1511.89,"wave_coverage_differs"
"G2100050",1870,1870,"Anderson, Kentucky","Anderson","Kentucky","210","Anderson","0050",5449,1870,26,"total religious edifices from NHGIS table NT44 (AK8001)",5600,102.7712,47.7152,39000,,,531.9,"wave_coverage_differs"
"G4500070",1870,1870,"Anderson, South Carolina","Anderson","South Carolina","450","Anderson","0070",24049,1870,60,"total religious edifices from NHGIS table NT44 (AK8001)",25200,104.7861,24.9491,74600,,,1961.7,"wave_coverage_differs"
"G4700010",1870,1870,"Anderson, Tennessee","Anderson","Tennessee","470","Anderson","0010",8704,1870,23,"total religious edifices from NHGIS table NT44 (AK8001)",2970,34.1222,26.4246,4925,,,915.68,"wave_coverage_differs"
"G4800010",1870,1870,"Anderson, Texas","Anderson","Texas","480","Anderson","0010",9229,1870,19,"total religious edifices from NHGIS table NT44 (AK8001)",5500,59.5948,20.5873,9000,,,2791.97,"wave_coverage_differs"
"G2900030",1870,1870,"Andrew, Missouri","Andrew","Missouri","290","Andrew","0030",15137,1870,10,"total religious edifices from NHGIS table NT44 (AK8001)",4650,30.7194,6.6063,32000,,,1130.33,"wave_coverage_differs"
"G2300010",1870,1870,"Androscoggin, Maine","Androscoggin","Maine","230","Androscoggin","0010",35866,1870,73,"total religious edifices from NHGIS table NT44 (AK8001)",24329,67.833,20.3535,497700,,,1287.87,"wave_coverage_differs"
"G4800050",1870,1870,"Angelina, Texas","Angelina","Texas","480","Angelina","0050",3985,1870,5,"total religious edifices from NHGIS table NT44 (AK8001)",1100,27.6035,12.5471,500,,,2239.56,"wave_coverage_differs"
"G2400030",1870,1870,"Anne Arundel, Maryland","Anne Arundel","Maryland","240","Anne Arundel","0030",24457,1870,59,"total religious edifices from NHGIS table NT44 (AK8001)",17725,72.4741,24.124,283700,,,1085.44,"wave_coverage_differs"
"G2700030",1870,1870,"Anoka, Minnesota","Anoka","Minnesota","270","Anoka","0030",3940,1870,7,"total religious edifices from NHGIS table NT44 (AK8001)",1700,43.1472,17.7665,24200,,,1155.49,"wave_coverage_differs"
"G3700070",1870,1870,"Anson, North Carolina","Anson","North Carolina","370","Anson","0070",12428,1870,30,"total religious edifices from NHGIS table NT44 (AK8001)",11550,92.9353,24.139,15550,,,1391.08,"wave_coverage_differs"
"G2600090",1870,1870,"Antrim, Michigan","Antrim","Michigan","260","Antrim","0090",1985,1870,,"total religious edifices from NHGIS table NT44 (AK8001)",,,,350,,,1354.13,"wave_coverage_differs"
"G1900070",1870,1870,"Appanoose, Iowa","Appanoose","Iowa","190","Appanoose","0070",16456,1870,23,"total religious edifices from NHGIS table NT44 (AK8001)",8900,54.0836,13.9767,38800,,,1337.07,"wave_coverage_differs"
"G1300010",1870,1870,"Appling, Georgia","Appling","Georgia","130","Appling","0010",5086,1870,22,"total religious edifices from NHGIS table NT44 (AK8001)",3715,73.0436,43.256,1535,,,3182.05,"wave_coverage_differs"
"G5100110",1870,1870,"Appomattox, Virginia","Appomattox","Virginia","510","Appomattox","0110",8950,1870,24,"total religious edifices from NHGIS table NT44 (AK8001)",9450,105.5866,26.8156,16100,,,866.95,"wave_coverage_differs"
"G0850015",1870,1870,"Arapahoe, Colorado Territory","Arapahoe","Colorado Territory","085","Arapahoe","0015",6829,1870,7,"total religious edifices from NHGIS table NT44 (AK8001)",2775,40.6355,10.2504,50000,,,12404.73,"wave_coverage_differs"
"G4800090",1870,1870,"Archer, Texas","Archer","Texas","480","Archer","0090",,1870,,"total religious edifices from NHGIS table NT44 (AK8001)",,,,,,,2396.82,"wave_coverage_differs"
"G0500010",1870,1870,"Arkansas, Arkansas","Arkansas","Arkansas","050","Arkansas","0010",8268,1870,6,"total religious edifices from NHGIS table NT44 (AK8001)",320,3.8703,7.2569,650,,,3212.07,"wave_coverage_differs"
"G4200050",1870,1870,"Armstrong, Pennsylvania","Armstrong","Pennsylvania","420","Armstrong","0050",43382,1870,113,"total religious edifices from NHGIS table NT44 (AK8001)",38183,88.0158,26.0477,390920,,,1719.59,"wave_coverage_differs"
"G2300030",1870,1870,"Aroostook, Maine","Aroostook","Maine","230","Aroostook","0030",29609,1870,31,"total religious edifices from NHGIS table NT44 (AK8001)",9230,31.173,10.4698,73600,,,17688.31,"wave_coverage_differs"
"G2200050",1870,1870,"Ascension, Louisiana","Ascension","Louisiana","220","Ascension","0050",11577,1870,4,"total religious edifices from NHGIS table NT44 (AK8001)",2000,17.2756,3.4551,21000,,,807.75,"wave_coverage_differs"
"G3700090",1870,1870,"Ashe, North Carolina","Ashe","North Carolina","370","Ashe","0090",9573,1870,36,"total religious edifices from NHGIS table NT44 (AK8001)",4400,45.9626,37.6058,8300,,,1112.13,"wave_coverage_differs"
"G3900050",1870,1870,"Ashland, Ohio","Ashland","Ohio","390","Ashland","0050",21933,1870,72,"total religious edifices from NHGIS table NT44 (AK8001)",21176,96.5486,32.8272,191600,,,1105.4,"wave_coverage_differs"
"G5500030",1870,1870,"Ashland, Wisconsin","Ashland","Wisconsin","550","Ashland","0030",221,1870,0,"total religious edifices from NHGIS table NT44 (AK8001)",0,0,0,0,,,4443.22,"wave_coverage_differs"
"G0500030",1870,1870,"Ashley, Arkansas","Ashley","Arkansas","050","Ashley","0030",8042,1870,26,"total religious edifices from NHGIS table NT44 (AK8001)",4400,54.7128,32.3303,6825,,,2432.47,"wave_coverage_differs"
"G3900070",1870,1870,"Ashtabula, Ohio","Ashtabula","Ohio","390","Ashtabula","0070",32517,1870,87,"total religious edifices from NHGIS table NT44 (AK8001)",29050,89.3379,26.7552,380600,,,1836.85,"wave_coverage_differs"
"G2200070",1870,1870,"Assumption, Louisiana","Assumption","Louisiana","220","Assumption","0070",13234,1870,8,"total religious edifices from NHGIS table NT44 (AK8001)",3450,26.0692,6.045,30500,,,944.13,"wave_coverage_differs"
"G4800130",1870,1870,"Atascosa, Texas","Atascosa","Texas","480","Atascosa","0130",2915,1870,,"total religious edifices from NHGIS table NT44 (AK8001)",,,,,,,3163.62,"wave_coverage_differs"
"G2000050",1870,1870,"Atchison, Kansas","Atchison","Kansas","200","Atchison","0050",15507,1870,10,"total religious edifices from NHGIS table NT44 (AK8001)",5700,36.7576,6.4487,74000,,,1107.39,"wave_coverage_differs"
"G2900050",1870,1870,"Atchison, Missouri","Atchison","Missouri","290","Atchison","0050",8440,1870,11,"total religious edifices from NHGIS table NT44 (AK8001)",3700,43.8389,13.0332,12800,,,1417.74,"wave_coverage_differs"
"G3900090",1870,1870,"Athens, Ohio","Athens","Ohio","390","Athens","0090",23768,1870,63,"total religious edifices from NHGIS table NT44 (AK8001)",18295,76.9732,26.5062,123000,,,1316.86,"wave_coverage_differs"
"G3400010",1870,1870,"Atlantic, New Jersey","Atlantic","New Jersey","340","Atlantic","0010",14093,1870,40,"total religious edifices from NHGIS table NT44 (AK8001)",11550,81.9556,28.3829,136125,,,1479.07,"wave_coverage_differs"
"G2800070",1870,1870,"Attala, Mississippi","Attala","Mississippi","280","Attala","0070",14776,1870,35,"total religious edifices from NHGIS table NT44 (AK8001)",7850,53.1267,23.6871,29700,,,1908.05,"wave_coverage_differs"
"G2900070",1870,1870,"Audrain, Missouri","Audrain","Missouri","290","Audrain","0070",12307,1870,19,"total religious edifices from NHGIS table NT44 (AK8001)",3050,24.7826,15.4384,34500,,,1804.76,"wave_coverage_differs"
"G1900090",1870,1870,"Audubon, Iowa","Audubon","Iowa","190","Audubon","0090",1212,1870,1,"total religious edifices from NHGIS table NT44 (AK8001)",300,24.7525,8.2508,2000,,,1148.42,"wave_coverage_differs"
"G3900110",1870,1870,"Auglaize, Ohio","Auglaize","Ohio","390","Auglaize","0110",20041,1870,41,"total religious edifices from NHGIS table NT44 (AK8001)",12000,59.8773,20.4581,115700,,,1040.93,"wave_coverage_differs"
"G5100150",1870,1870,"Augusta, Virginia","Augusta","Virginia","510","Augusta","0150",28763,1870,78,"total religious edifices from NHGIS table NT44 (AK8001)",23620,82.1194,27.1182,239350,,,2605.8,"wave_coverage_differs"
"G4800150",1870,1870,"Austin, Texas","Austin","Texas","480","Austin","0150",15087,1870,8,"total religious edifices from NHGIS table NT44 (AK8001)",2200,14.5821,5.3026,6600,,,2701.1,"wave_coverage_differs"
"G0100010",1870,1870,"Autauga, Alabama","Autauga","Alabama","010","Autauga","0010",11623,1870,23,"total religious edifices from NHGIS table NT44 (AK8001)",5580,48.0083,19.7884,44150,,,1565.33,"wave_coverage_differs"
"G2200090",1870,1870,"Avoyelles, Louisiana","Avoyelles","Louisiana","220","Avoyelles","0090",12926,1870,6,"total religious edifices from NHGIS table NT44 (AK8001)",2250,17.4068,4.6418,17500,,,2242.19,"wave_coverage_differs"
"G0100015",1870,1870,"Baker, Alabama","Baker","Alabama","010","Baker","0015",6194,1870,8,"total religious edifices from NHGIS table NT44 (AK8001)",1600,25.8314,12.9157,2300,,,1748.23,"wave_coverage_differs"
"G1200030",1870,1870,"Baker, Florida","Baker","Florida","120","Baker","0030",1325,1870,4,"total religious edifices from NHGIS table NT44 (AK8001)",1000,75.4717,30.1887,500,,,1532.12,"wave_coverage_differs"
"G1300070",1870,1870,"Baker, Georgia","Baker","Georgia","130","Baker","0070",6843,1870,6,"total religious edifices from NHGIS table NT44 (AK8001)",3000,43.8404,8.7681,3200,,,904.34,"wave_coverage_differs"
"G4100010",1870,1870,"Baker, Oregon","Baker","Oregon","410","Baker","0010",2804,1870,2,"total religious edifices from NHGIS table NT44 (AK8001)",200,7.1327,7.1327,800,,,26117.45,"wave_coverage_differs"
"G0100030",1870,1870,"Baldwin, Alabama","Baldwin","Alabama","010","Baldwin","0030",6004,1870,14,"total religious edifices from NHGIS table NT44 (AK8001)",1600,26.6489,23.3178,8250,,,4211.24,"wave_coverage_differs"
"G1300090",1870,1870,"Baldwin, Georgia","Baldwin","Georgia","130","Baldwin","0090",10618,1870,14,"total religious edifices from NHGIS table NT44 (AK8001)",4050,38.1428,13.1852,10350,,,687.24,"wave_coverage_differs"
"G2100070",1870,1870,"Ballard, Kentucky","Ballard","Kentucky","210","Ballard","0070",12576,1870,24,"total religious edifices from NHGIS table NT44 (AK8001)",4000,31.8066,19.084,10950,,,1225.09,"wave_coverage_differs"
"G2400050",1870,1870,"Baltimore, Maryland","Baltimore","Maryland","240","Baltimore","0050",330741,1870,289,"total religious edifices from NHGIS table NT44 (AK8001)",169720,51.3151,8.738,8130600,,,1746.58,"wave_coverage_differs"
"G2405100",1870,1870,"Baltimore City, Maryland","Baltimore City","Maryland","240","Baltimore City","5100",,1870,,"total religious edifices from NHGIS table NT44 (AK8001)",,,,,,,39.8,"wave_coverage_differs"
"G4800190",1870,1870,"Bandera, Texas","Bandera","Texas","480","Bandera","0190",649,1870,2,"total religious edifices from NHGIS table NT44 (AK8001)",700,107.8582,30.8166,2050,,,2515.26,"wave_coverage_differs"
"G1300110",1870,1870,"Banks, Georgia","Banks","Georgia","130","Banks","0110",4973,1870,16,"total religious edifices from NHGIS table NT44 (AK8001)",4700,94.5104,32.1737,13000,,,605.82,"wave_coverage_differs"
"G0100050",1870,1870,"Barbour, Alabama","Barbour","Alabama","010","Barbour","0050",29309,1870,39,"total religious edifices from NHGIS table NT44 (AK8001)",10420,35.5522,13.3065,92500,,,2343.7,"wave_coverage_differs"
"G5400010",1870,1870,"Barbour, West Virginia","Barbour","West Virginia","540","Barbour","0010",10312,1870,38,"total religious edifices from NHGIS table NT44 (AK8001)",10750,104.2475,36.8503,18000,,,890.52,"wave_coverage_differs"
"G2500010",1870,1870,"Barnstable, Massachusetts","Barnstable","Massachusetts","250","Barnstable","0010",32774,1870,77,"total religious edifices from NHGIS table NT44 (AK8001)",29880,91.1698,23.4942,377350,,,1082.43,"wave_coverage_differs"
"G4500110",1870,1870,"Barnwell, South Carolina","Barnwell","South Carolina","450","Barnwell","0110",35724,1870,68,"total religious edifices from NHGIS table NT44 (AK8001)",20975,58.714,19.0348,44182,,,4564.79,"wave_coverage_differs"
"G2100090",1870,1870,"Barren, Kentucky","Barren","Kentucky","210","Barren","0090",17780,1870,41,"total religious edifices from NHGIS table NT44 (AK8001)",13460,75.703,23.0596,36250,,,1295.4,"wave_coverage_differs"
"G5500050",1870,1870,"Barron, Wisconsin","Barron","Wisconsin","550","Barron","0050",538,1870,0,"total religious edifices from NHGIS table NT44 (AK8001)",0,0,0,0,,,2304.49,"wave_coverage_differs"
"G2600150",1870,1870,"Barry, Michigan","Barry","Michigan","260","Barry","0150",22199,1870,24,"total religious edifices from NHGIS table NT44 (AK8001)",6450,29.0554,10.8113,65500,,,1494.53,"wave_coverage_differs"
"G2900090",1870,1870,"Barry, Missouri","Barry","Missouri","290","Barry","0090",10373,1870,7,"total religious edifices from NHGIS table NT44 (AK8001)",1700,16.3887,6.7483,3000,,,2048.57,"wave_coverage_differs"
"G1800050",1870,1870,"Bartholomew, Indiana","Bartholomew","Indiana","180","Bartholomew","0050",21133,1870,49,"total religious edifices from NHGIS table NT44 (AK8001)",16750,79.2599,23.1865,168500,,,1060.65,"wave_coverage_differs"
"G2000090",1870,1870,"Barton, Kansas","Barton","Kansas","200","Barton","0090",2,1870,0,"total religious edifices from NHGIS table NT44 (AK8001)",0,0,0,0,,,2332.63,"wave_coverage_differs"
"G2900110",1870,1870,"Barton, Missouri","Barton","Missouri","290","Barton","0110",5087,1870,1,"total religious edifices from NHGIS table NT44 (AK8001)",150,2.9487,1.9658,1500,,,1545.5,"wave_coverage_differs"
"G1300150",1870,1870,"Bartow, Georgia","Bartow","Georgia","130","Bartow","0150",16566,1870,32,"total religious edifices from NHGIS table NT44 (AK8001)",15950,96.2815,19.3167,25000,,,1222.72,"wave_coverage_differs"
"G4800210",1870,1870,"Bastrop, Texas","Bastrop","Texas","480","Bastrop","0210",12290,1870,5,"total religious edifices from NHGIS table NT44 (AK8001)",1800,14.6461,4.0683,14000,,,2438.73,"wave_coverage_differs"
"G2900130",1870,1870,"Bates, Missouri","Bates","Missouri","290","Bates","0130",15960,1870,3,"total religious edifices from NHGIS table NT44 (AK8001)",500,3.1328,1.8797,6500,,,2205.07,"wave_coverage_differs"
"G2100110",1870,1870,"Bath, Kentucky","Bath","Kentucky","210","Bath","0110",10145,1870,25,"total religious edifices from NHGIS table NT44 (AK8001)",9700,95.6136,24.6427,38175,,,735.41,"wave_coverage_differs"
"G5100170",1870,1870,"Bath, Virginia","Bath","Virginia","510","Bath","0170",3795,1870,7,"total religious edifices from NHGIS table NT44 (AK8001)",1225,32.2793,18.4453,11300,,,1384.56,"wave_coverage_differs"
"G2600170",1870,1870,"Bay, Michigan","Bay","Michigan","260","Bay","0170",15900,1870,14,"total religious edifices from NHGIS table NT44 (AK8001)",4975,31.2893,8.805,131000,,,2008.27,"wave_coverage_differs"
"G5500070",1870,1870,"Bayfield, Wisconsin","Bayfield","Wisconsin","550","Bayfield","0070",344,1870,3,"total religious edifices from NHGIS table NT44 (AK8001)",430,125,87.2093,5335,,,3914.21,"wave_coverage_differs"
"G4800230",1870,1870,"Baylor, Texas","Baylor","Texas","480","Baylor","0230",,1870,,"total religious edifices from NHGIS table NT44 (AK8001)",,,,,,,2333.76,"wave_coverage_differs"
"G3700130",1870,1870,"Beaufort, North Carolina","Beaufort","North Carolina","370","Beaufort","0130",13011,1870,28,"total religious edifices from NHGIS table NT44 (AK8001)",5700,43.8091,21.5203,50060,,,2152.81,"wave_coverage_differs"
"G4500130",1870,1870,"Beaufort, South Carolina","Beaufort","South Carolina","450","Beaufort","0130",34359,1870,67,"total religious edifices from NHGIS table NT44 (AK8001)",18500,53.8432,19.5,140000,,,4861.37,"wave_coverage_differs"
"G4200070",1870,1870,"Beaver, Pennsylvania","Beaver","Pennsylvania","420","Beaver","0070",36148,1870,78,"total religious edifices from NHGIS table NT44 (AK8001)",28420,78.6212,21.578,351450,,,1149.83,"wave_coverage_differs"
"G4950015",1870,1870,"Beaver, Utah Territory","Beaver","Utah Territory","495","Beaver","0015",2007,1870,2,"total religious edifices from NHGIS table NT44 (AK8001)",800,39.8605,9.9651,8000,,,6713.94,"wave_coverage_differs"
"G3050015",1870,1870,"Beaverhead, Montana Territory","Beaverhead","Montana Territory","305","Beaverhead","0015",722,1870,1,"total religious edifices from NHGIS table NT44 (AK8001)",100,13.8504,13.8504,300,,,12650,"wave_coverage_differs"
"G2700050",1870,1870,"Becker, Minnesota","Becker","Minnesota","270","Becker","0050",308,1870,,"total religious edifices from NHGIS table NT44 (AK8001)",,,,,,,3743,"wave_coverage_differs"
"G4200090",1870,1870,"Bedford, Pennsylvania","Bedford","Pennsylvania","420","Bedford","0090",29635,1870,109,"total religious edifices from NHGIS table NT44 (AK8001)",38290,129.2053,36.7808,260750,,,2634.16,"wave_coverage_differs"
"G4700030",1870,1870,"Bedford, Tennessee","Bedford","Tennessee","470","Bedford","0030",24333,1870,55,"total religious edifices from NHGIS table NT44 (AK8001)",10700,43.9732,22.603,79300,,,1229.71,"wave_coverage_differs"
"G5100190",1870,1870,"Bedford, Virginia","Bedford","Virginia","510","Bedford","0190",25327,1870,53,"total religious edifices from NHGIS table NT44 (AK8001)",17500,69.0962,20.9263,62500,,,2037.82,"wave_coverage_differs"
"G4800250",1870,1870,"Bee, Texas","Bee","Texas","480","Bee","0250",1082,1870,3,"total religious edifices from NHGIS table NT44 (AK8001)",300,27.7264,27.7264,500,,,2280.06,"wave_coverage_differs"
"G3300010",1870,1870,"Belknap, New Hampshire","Belknap","New Hampshire","330","Belknap","0010",17681,1870,47,"total religious edifices from NHGIS table NT44 (AK8001)",12135,68.633,26.5822,158500,,,1213.61,"wave_coverage_differs"
"G4800270",1870,1870,"Bell, Texas","Bell","Texas","480","Bell","0270",9771,1870,3,"total religious edifices from NHGIS table NT44 (AK8001)",900,9.2109,3.0703,5000,,,2817.72,"wave_coverage_differs"
"G3900130",1870,1870,"Belmont, Ohio","Belmont","Ohio","390","Belmont","0130",39714,1870,89,"total religious edifices from NHGIS table NT44 (AK8001)",32320,81.3819,22.4102,278050,,,1401.89,"wave_coverage_differs"
"G2700070",1870,1870,"Beltrami, Minnesota","Beltrami","Minnesota","270","Beltrami","0070",80,1870,,"total religious edifices from NHGIS table NT44 (AK8001)",,,,,,,7839.54,"wave_coverage_differs"
"G5000030",1870,1870,"Bennington, Vermont","Bennington","Vermont","500","Bennington","0030",21325,1870,40,"total religious edifices from NHGIS table NT44 (AK8001)",12350,57.9132,18.7573,132800,,,1755.11,"wave_coverage_differs"
"G0850035",1870,1870,"Bent, Colorado Territory","Bent","Colorado Territory","085","Bent","0035",592,1870,,"total religious edifices from NHGIS table NT44 (AK8001)",,,,,,,12146.33,"wave_coverage_differs"
"G0500070",1870,1870,"Benton, Arkansas","Benton","Arkansas","050","Benton","0070",13831,1870,19,"total religious edifices from NHGIS table NT44 (AK8001)",6000,43.3808,13.7373,23000,,,2283.74,"wave_coverage_differs"
"G1800070",1870,1870,"Benton, Indiana","Benton","Indiana","180","Benton","0070",5615,1870,11,"total religious edifices from NHGIS table NT44 (AK8001)",3200,56.9902,19.5904,18000,,,1052.86,"wave_coverage_differs"
"G1900110",1870,1870,"Benton, Iowa","Benton","Iowa","190","Benton","0110",22454,1870,29,"total religious edifices from NHGIS table NT44 (AK8001)",8450,37.6325,12.9153,93450,,,1860.88,"wave_coverage_differs"
"G2700090",1870,1870,"Benton, Minnesota","Benton","Minnesota","270","Benton","0090",1558,1870,5,"total religious edifices from NHGIS table NT44 (AK8001)",1060,68.0359,32.0924,7100,,,1069.82,"wave_coverage_differs"
"G2900150",1870,1870,"Benton, Missouri","Benton","Missouri","290","Benton","0150",11322,1870,14,"total religious edifices from NHGIS table NT44 (AK8001)",4500,39.7456,12.3653,16000,,,1949.09,"wave_coverage_differs"
"G4100030",1870,1870,"Benton, Oregon","Benton","Oregon","410","Benton","0030",4584,1870,8,"total religious edifices from NHGIS table NT44 (AK8001)",2450,53.4468,17.452,7700,,,3410.72,"wave_coverage_differs"
"G4700050",1870,1870,"Benton, Tennessee","Benton","Tennessee","470","Benton","0050",8234,1870,45,"total religious edifices from NHGIS table NT44 (AK8001)",9300,112.9463,54.6514,12000,,,951.16,"wave_coverage_differs"
"G2600190",1870,1870,"Benzie, Michigan","Benzie","Michigan","260","Benzie","0190",2184,1870,4,"total religious edifices from NHGIS table NT44 (AK8001)",870,39.8352,18.315,12500,,,900.24,"wave_coverage_differs"
"G3400030",1870,1870,"Bergen, New Jersey","Bergen","New Jersey","340","Bergen","0030",30122,1870,39,"total religious edifices from NHGIS table NT44 (AK8001)",16050,53.2833,12.9473,505500,,,621.94,"wave_coverage_differs"
"G5400030",1870,1870,"Berkeley, West Virginia","Berkeley","West Virginia","540","Berkeley","0030",14900,1870,39,"total religious edifices from NHGIS table NT44 (AK8001)",10080,67.651,26.1745,121750,,,832.82,"wave_coverage_differs"
"G4200110",1870,1870,"Berks, Pennsylvania","Berks","Pennsylvania","420","Berks","0110",106701,1870,190,"total religious edifices from NHGIS table NT44 (AK8001)",88000,82.4735,17.8068,1685200,,,2242.56,"wave_coverage_differs"
"G2500030",1870,1870,"Berkshire, Massachusetts","Berkshire","Massachusetts","250","Berkshire","0030",64827,1870,102,"total religious edifices from NHGIS table NT44 (AK8001)",44715,68.9759,15.7342,838668,,,2450.92,"wave_coverage_differs"
"G3550035",1870,1870,"Bernalillo, New Mexico Territory","Bernalillo","New Mexico Territory","355","Bernalillo","0035",7591,1870,11,"total religious edifices from NHGIS table NT44 (AK8001)",11000,144.9084,14.4908,40000,,,5086.01,"wave_coverage_differs"
"G1300190",1870,1870,"Berrien, Georgia","Berrien","Georgia","130","Berrien","0190",4518,1870,11,"total religious edifices from NHGIS table NT44 (AK8001)",1700,37.6273,24.3471,2850,,,2189.43,"wave_coverage_differs"
"G2600210",1870,1870,"Berrien, Michigan","Berrien","Michigan","260","Berrien","0210",35104,1870,55,"total religious edifices from NHGIS table NT44 (AK8001)",16235,46.2483,15.6677,290975,,,1502.85,"wave_coverage_differs"
"G3700150",1870,1870,"Bertie, North Carolina","Bertie","North Carolina","370","Bertie","0150",12950,1870,25,"total religious edifices from NHGIS table NT44 (AK8001)",6365,49.1506,19.305,28500,,,1832.89,"wave_coverage_differs"
"G4800290",1870,1870,"Bexar, Texas","Bexar","Texas","480","Bexar","0290",16043,1870,6,"total religious edifices from NHGIS table NT44 (AK8001)",2800,17.4531,3.7399,65000,,,3650.37,"wave_coverage_differs"
"G4800295",1870,1870,"Bexar District, Texas","Bexar District","Texas","480","Bexar District","0295",1077,1870,,"total religious edifices from NHGIS table NT44 (AK8001)",,,,,,,75831.08,"wave_coverage_differs"
"G0100070",1870,1870,"Bibb, Alabama","Bibb","Alabama","010","Bibb","0070",7469,1870,16,"total religious edifices from NHGIS table NT44 (AK8001)",4400,58.9102,21.4219,5200,,,1600.09,"wave_coverage_differs"
"G1300210",1870,1870,"Bibb, Georgia","Bibb","Georgia","130","Bibb","0210",21255,1870,25,"total religious edifices from NHGIS table NT44 (AK8001)",11543,54.3072,11.7619,194000,,,624.06,"wave_coverage_differs"
"G2200130",1870,1870,"Bienville, Louisiana","Bienville","Louisiana","220","Bienville","0130",10636,1870,18,"total religious edifices from NHGIS table NT44 (AK8001)",3000,28.2061,16.9237,8500,,,2762.55,"wave_coverage_differs"
"G3050035",1870,1870,"Big Horn, Montana Territory","Big Horn","Montana Territory","305","Big Horn","0035",38,1870,,"total religious edifices from NHGIS table NT44 (AK8001)",,,,,,,85148.48,"wave_coverage_differs"
"G2700110",1870,1870,"Big Stone, Minnesota","Big Stone","Minnesota","270","Big Stone","0110",24,1870,,"total religious edifices from NHGIS table NT44 (AK8001)",,,,,,,1363.37,"wave_coverage_differs"
"G1900130",1870,1870,"Black Hawk, Iowa","Black Hawk","Iowa","190","Black Hawk","0130",21706,1870,19,"total religious edifices from NHGIS table NT44 (AK8001)",7200,33.1706,8.7533,89400,,,1483.25,"wave_coverage_differs"
"G3100075",1870,1870,"Blackbird, Nebraska","Blackbird","Nebraska","310","Blackbird","0075",31,1870,,"total religious edifices from NHGIS table NT44 (AK8001)",,,,,,,823.11,"wave_coverage_differs"
"G1800090",1870,1870,"Blackford, Indiana","Blackford","Indiana","180","Blackford","0090",6272,1870,13,"total religious edifices from NHGIS table NT44 (AK8001)",3700,58.9923,20.727,16500,,,428.86,"wave_coverage_differs"
"G3700170",1870,1870,"Bladen, North Carolina","Bladen","North Carolina","370","Bladen","0170",12831,1870,28,"total religious edifices from NHGIS table NT44 (AK8001)",5300,41.3062,21.8221,25550,,,2453.19,"wave_coverage_differs"
"G4200130",1870,1870,"Blair, Pennsylvania","Blair","Pennsylvania","420","Blair","0130",38051,1870,65,"total religious edifices from NHGIS table NT44 (AK8001)",25178,66.1691,17.0823,722225,,,1364.57,"wave_coverage_differs"
"G4800310",1870,1870,"Blanco, Texas","Blanco","Texas","480","Blanco","0310",1187,1870,3,"total religious edifices from NHGIS table NT44 (AK8001)",350,29.4861,25.2738,1100,,,1847.77,"wave_coverage_differs"
"G5100210",1870,1870,"Bland, Virginia","Bland","Virginia","510","Bland","0210",4000,1870,7,"total religious edifices from NHGIS table NT44 (AK8001)",1400,35,17.5,3550,,,921.95,"wave_coverage_differs"
"G4700070",1870,1870,"Bledsoe, Tennessee","Bledsoe","Tennessee","470","Bledsoe","0070",4870,1870,19,"total religious edifices from NHGIS table NT44 (AK8001)",6800,139.6304,39.0144,13000,,,1053.49,"wave_coverage_differs"
"G0100090",1870,1870,"Blount, Alabama","Blount","Alabama","010","Blount","0090",9945,1870,40,"total religious edifices from NHGIS table NT44 (AK8001)",6200,62.3429,40.2212,7300,,,2505.79,"wave_coverage_differs"
"G4700090",1870,1870,"Blount, Tennessee","Blount","Tennessee","470","Blount","0090",14237,1870,45,"total religious edifices from NHGIS table NT44 (AK8001)",23100,162.2533,31.6078,27900,,,1833.65,"wave_coverage_differs"
"G2700130",1870,1870,"Blue Earth, Minnesota","Blue Earth","Minnesota","270","Blue Earth","0130",17302,1870,12,"total religious edifices from NHGIS table NT44 (AK8001)",3220,18.6106,6.9356,55500,,,1982.88,"wave_coverage_differs"
"G1650075",1870,1870,"Boise, Idaho Territory","Boise","Idaho Territory","165","Boise","0075",3834,1870,1,"total religious edifices from NHGIS table NT44 (AK8001)",150,3.9124,2.6082,3000,,,7498.14,"wave_coverage_differs"
"G2800110",1870,1870,"Bolivar, Mississippi","Bolivar","Mississippi","280","Bolivar","0110",9732,1870,6,"total religious edifices from NHGIS table NT44 (AK8001)",1100,11.3029,6.1652,5200,,,2486.56,"wave_coverage_differs"
"G2900170",1870,1870,"Bollinger, Missouri","Bollinger","Missouri","290","Bollinger","0170",8162,1870,8,"total religious edifices from NHGIS table NT44 (AK8001)",1600,19.603,9.8015,7500,,,1409.54,"wave_coverage_differs"
"G0950075",1870,1870,"Bon Homme, Dakota Territory","Bon Homme","Dakota Territory","095","Bon Homme","0075",608,1870,,"total religious edifices from NHGIS table NT44 (AK8001)",,,,,,,1506.5,"wave_coverage_differs"
"G1700050",1870,1870,"Bond, Illinois","Bond","Illinois","170","Bond","0050",13152,1870,30,"total religious edifices from NHGIS table NT44 (AK8001)",7050,53.604,22.8102,62500,,,991.34,"wave_coverage_differs"
"G0500090",1870,1870,"Boone, Arkansas","Boone","Arkansas","050","Boone","0090",7032,1870,0,"total religious edifices from NHGIS table NT44 (AK8001)",0,0,0,0,,,1558.78,"wave_coverage_differs"
"G1700070",1870,1870,"Boone, Illinois","Boone","Illinois","170","Boone","0070",12942,1870,14,"total religious edifices from NHGIS table NT44 (AK8001)",6050,46.747,10.8175,135100,,,730.44,"wave_coverage_differs"
"G1800110",1870,1870,"Boone, Indiana","Boone","Indiana","180","Boone","0110",22593,1870,39,"total religious edifices from NHGIS table NT44 (AK8001)",12200,53.999,17.262,106800,,,1096.22,"wave_coverage_differs"
"G1900150",1870,1870,"Boone, Iowa","Boone","Iowa","190","Boone","0150",14584,1870,13,"total religious edifices from NHGIS table NT44 (AK8001)",4800,32.9128,8.9139,73625,,,1485.72,"wave_coverage_differs"
"G2100150",1870,1870,"Boone, Kentucky","Boone","Kentucky","210","Boone","0150",10696,1870,27,"total religious edifices from NHGIS table NT44 (AK8001)",8650,80.8714,25.2431,40600,,,665.24,"wave_coverage_differs"
"G2900190",1870,1870,"Boone, Missouri","Boone","Missouri","290","Boone","0190",20765,1870,40,"total religious edifices from NHGIS table NT44 (AK8001)",9200,44.3053,19.2632,114000,,,1789.4,"wave_coverage_differs"
"G5400050",1870,1870,"Boone, West Virginia","Boone","West Virginia","540","Boone","0050",4553,1870,2,"total religious edifices from NHGIS table NT44 (AK8001)",400,8.7854,4.3927,200,,,1303.27,"wave_coverage_differs"
"G4800350",1870,1870,"Bosque, Texas","Bosque","Texas","480","Bosque","0350",4981,1870,1,"total religious edifices from NHGIS table NT44 (AK8001)",100,2.0076,2.0076,100,,,2596.57,"wave_coverage_differs"
"G2200150",1870,1870,"Bossier, Louisiana","Bossier","Louisiana","220","Bossier","0150",12675,1870,12,"total religious edifices from NHGIS table NT44 (AK8001)",2900,22.8797,9.4675,8500,,,2933.37,"wave_coverage_differs"
"G5100230",1870,1870,"Botetourt, Virginia","Botetourt","Virginia","510","Botetourt","0230",11329,1870,32,"total religious edifices from NHGIS table NT44 (AK8001)",8200,72.3806,28.2461,37800,,,1428.77,"wave_coverage_differs"
"G0850055",1870,1870,"Boulder, Colorado Territory","Boulder","Colorado Territory","085","Boulder","0055",1939,1870,5,"total religious edifices from NHGIS table NT44 (AK8001)",725,37.3904,25.7865,13500,,,1945.47,"wave_coverage_differs"
"G2000110",1870,1870,"Bourbon, Kansas","Bourbon","Kansas","200","Bourbon","0110",15076,1870,7,"total religious edifices from NHGIS table NT44 (AK8001)",1970,13.0671,4.6431,32000,,,1655.25,"wave_coverage_differs"
"G2100170",1870,1870,"Bourbon, Kentucky","Bourbon","Kentucky","210","Bourbon","0170",14863,1870,22,"total religious edifices from NHGIS table NT44 (AK8001)",8650,58.1982,14.8019,212000,,,755.34,"wave_coverage_differs"
"G4800370",1870,1870,"Bowie, Texas","Bowie","Texas","480","Bowie","0370",4684,1870,5,"total religious edifices from NHGIS table NT44 (AK8001)",1600,34.1588,10.6746,5500,,,2391.45,"wave_coverage_differs"
"G4950035",1870,1870,"Box Elder, Utah Territory","Box Elder","Utah Territory","495","Box Elder","0035",4855,1870,9,"total religious edifices from NHGIS table NT44 (AK8001)",4160,85.6849,18.5376,11300,,,17428.77,"wave_coverage_differs"
"G2100190",1870,1870,"Boyd, Kentucky","Boyd","Kentucky","210","Boyd","0190",8573,1870,11,"total religious edifices from NHGIS table NT44 (AK8001)",3500,40.8258,12.831,3600,,,417.7,"wave_coverage_differs"
"G2100210",1870,1870,"Boyle, Kentucky","Boyle","Kentucky","210","Boyle","0210",9515,1870,15,"total religious edifices from NHGIS table NT44 (AK8001)",3900,40.9879,15.7646,88000,,,474.51,"wave_coverage_differs"
"G2100230",1870,1870,"Bracken, Kentucky","Bracken","Kentucky","210","Bracken","0230",11409,1870,24,"total religious edifices from NHGIS table NT44 (AK8001)",7100,62.2316,21.036,69000,,,542.25,"wave_coverage_differs"
"G1200070",1870,1870,"Bradford, Florida","Bradford","Florida","120","Bradford","0070",3671,1870,8,"total religious edifices from NHGIS table NT44 (AK8001)",2900,78.9975,21.7924,5000,,,1425.2,"wave_coverage_differs"
"G4200150",1870,1870,"Bradford, Pennsylvania","Bradford","Pennsylvania","420","Bradford","0150",53204,1870,74,"total religious edifices from NHGIS table NT44 (AK8001)",20000,37.5912,13.9087,224800,,,3007.15,"wave_coverage_differs"
"G0500110",1870,1870,"Bradley, Arkansas","Bradley","Arkansas","050","Bradley","0110",8646,1870,30,"total religious edifices from NHGIS table NT44 (AK8001)",3750,43.3727,34.6981,9050,,,2641.22,"wave_coverage_differs"
"G4700110",1870,1870,"Bradley, Tennessee","Bradley","Tennessee","470","Bradley","0110",11652,1870,42,"total religious edifices from NHGIS table NT44 (AK8001)",12950,111.1397,36.0453,27900,,,843.83,"wave_coverage_differs"
"G2600230",1870,1870,"Branch, Michigan","Branch","Michigan","260","Branch","0230",26226,1870,41,"total religious edifices from NHGIS table NT44 (AK8001)",10520,40.1129,15.6333,192250,,,1346.01,"wave_coverage_differs"
"G5400070",1870,1870,"Braxton, West Virginia","Braxton","West Virginia","540","Braxton","0070",6480,1870,7,"total religious edifices from NHGIS table NT44 (AK8001)",1500,23.1481,10.8025,2100,,,1337.14,"wave_coverage_differs"
"G4800390",1870,1870,"Brazoria, Texas","Brazoria","Texas","480","Brazoria","0390",7527,1870,6,"total religious edifices from NHGIS table NT44 (AK8001)",1400,18.5997,7.9713,12000,,,3737.45,"wave_coverage_differs"
"G4800410",1870,1870,"Brazos, Texas","Brazos","Texas","480","Brazos","0410",9205,1870,4,"total religious edifices from NHGIS table NT44 (AK8001)",1350,14.6659,4.3455,11000,,,1531.3,"wave_coverage_differs"
"G2100250",1870,1870,"Breathitt, Kentucky","Breathitt","Kentucky","210","Breathitt","0250",5672,1870,10,"total religious edifices from NHGIS table NT44 (AK8001)",1500,26.4457,17.6305,1600,,,1476.96,"wave_coverage_differs"
"G2100270",1870,1870,"Breckinridge, Kentucky","Breckinridge","Kentucky","210","Breckinridge","0270",13440,1870,25,"total religious edifices from NHGIS table NT44 (AK8001)",7300,54.3155,18.6012,17000,,,1516.3,"wave_coverage_differs"
"G1900170",1870,1870,"Bremer, Iowa","Bremer","Iowa","190","Bremer","0170",12528,1870,8,"total religious edifices from NHGIS table NT44 (AK8001)",2750,21.9508,6.3857,55700,,,1138.04,"wave_coverage_differs"
"G1200090",1870,1870,"Brevard, Florida","Brevard","Florida","120","Brevard","0090",1216,1870,0,"total religious edifices from NHGIS table NT44 (AK8001)",0,0,0,0,,,10523.48,"wave_coverage_differs"
"G2500050",1870,1870,"Bristol, Massachusetts","Bristol","Massachusetts","250","Bristol","0050",102886,1870,156,"total religious edifices from NHGIS table NT44 (AK8001)",70115,68.1482,15.1624,1495158,,,1483.05,"wave_coverage_differs"
"G4400010",1870,1870,"Bristol, Rhode Island","Bristol","Rhode Island","440","Bristol","0010",9421,1870,17,"total religious edifices from NHGIS table NT44 (AK8001)",11125,118.0873,18.0448,267800,,,65.86,"wave_coverage_differs"
"G5400090",1870,1870,"Brooke, West Virginia","Brooke","West Virginia","540","Brooke","0090",5464,1870,13,"total religious edifices from NHGIS table NT44 (AK8001)",5020,91.8741,23.7921,44600,,,238.82,"wave_coverage_differs"
"G0950135",1870,1870,"Brookings, Dakota Territory","Brookings","Dakota Territory","095","Brookings","0135",163,1870,,"total religious edifices from NHGIS table NT44 (AK8001)",,,,,,,3687.81,"wave_coverage_differs"
"G1300270",1870,1870,"Brooks, Georgia","Brooks","Georgia","130","Brooks","0270",8342,1870,15,"total religious edifices from NHGIS table NT44 (AK8001)",2150,25.7732,17.9813,12700,,,1269.81,"wave_coverage_differs"
"G3600070",1870,1870,"Broome, New York","Broome","New York","360","Broome","0070",44103,1870,68,"total religious edifices from NHGIS table NT44 (AK8001)",21860,49.5658,15.4185,270000,,,1853.23,"wave_coverage_differs"
"G1700090",1870,1870,"Brown, Illinois","Brown","Illinois","170","Brown","0090",12205,1870,9,"total religious edifices from NHGIS table NT44 (AK8001)",2350,19.2544,7.374,63000,,,795.66,"wave_coverage_differs"
"G1800130",1870,1870,"Brown, Indiana","Brown","Indiana","180","Brown","0130",8681,1870,27,"total religious edifices from NHGIS table NT44 (AK8001)",6900,79.4839,31.1024,16600,,,820.07,"wave_coverage_differs"
"G2000130",1870,1870,"Brown, Kansas","Brown","Kansas","200","Brown","0130",6823,1870,5,"total religious edifices from NHGIS table NT44 (AK8001)",1850,27.1142,7.3282,34500,,,1481.78,"wave_coverage_differs"
"G2700150",1870,1870,"Brown, Minnesota","Brown","Minnesota","270","Brown","0150",6396,1870,3,"total religious edifices from NHGIS table NT44 (AK8001)",900,14.0713,4.6904,15500,,,1601.88,"wave_coverage_differs"
"G3900150",1870,1870,"Brown, Ohio","Brown","Ohio","390","Brown","0150",30802,1870,79,"total religious edifices from NHGIS table NT44 (AK8001)",25820,83.8257,25.6477,279850,,,1311.31,"wave_coverage_differs"
"G4800490",1870,1870,"Brown, Texas","Brown","Texas","480","Brown","0490",544,1870,0,"total religious edifices from NHGIS table NT44 (AK8001)",0,0,0,0,,,3356.93,"wave_coverage_differs"
"G5500090",1870,1870,"Brown, Wisconsin","Brown","Wisconsin","550","Brown","0090",25168,1870,41,"total religious edifices from NHGIS table NT44 (AK8001)",12455,49.4874,16.2905,98700,,,1382.92,"wave_coverage_differs"
"G3700190",1870,1870,"Brunswick, North Carolina","Brunswick","North Carolina","370","Brunswick","0190",7754,1870,20,"total religious edifices from NHGIS table NT44 (AK8001)",5125,66.0949,25.7931,5300,,,2560.33,"wave_coverage_differs"
"G5100250",1870,1870,"Brunswick, Virginia","Brunswick","Virginia","510","Brunswick","0250",13427,1870,24,"total religious edifices from NHGIS table NT44 (AK8001)",4950,36.866,17.8744,17300,,,1474.7,"wave_coverage_differs"
"G1300290",1870,1870,"Bryan, Georgia","Bryan","Georgia","130","Bryan","0290",5252,1870,4,"total religious edifices from NHGIS table NT44 (AK8001)",1150,21.8964,7.6161,4500,,,1155.14,"wave_coverage_differs"
"G1900190",1870,1870,"Buchanan, Iowa","Buchanan","Iowa","190","Buchanan","0190",17034,1870,25,"total religious edifices from NHGIS table NT44 (AK8001)",9600,56.3579,14.6765,102950,,,1484.36,"wave_coverage_differs"
"G2900210",1870,1870,"Buchanan, Missouri","Buchanan","Missouri","290","Buchanan","0210",35109,1870,34,"total religious edifices from NHGIS table NT44 (AK8001)",15425,43.9346,9.6841,318900,,,1073.9,"wave_coverage_differs"
"G5100270",1870,1870,"Buchanan, Virginia","Buchanan","Virginia","510","Buchanan","0270",3777,1870,16,"total religious edifices from NHGIS table NT44 (AK8001)",3800,100.6089,42.3617,10000,,,1750.22,"wave_coverage_differs"
"G5100290",1870,1870,"Buckingham, Virginia","Buckingham","Virginia","510","Buckingham","0290",13371,1870,22,"total religious edifices from NHGIS table NT44 (AK8001)",8000,59.831,16.4535,18800,,,1511.4,"wave_coverage_differs"
"G4200170",1870,1870,"Bucks, Pennsylvania","Bucks","Pennsylvania","420","Bucks","0170",64336,1870,109,"total religious edifices from NHGIS table NT44 (AK8001)",44450,69.0904,16.9423,836600,,,1610.99,"wave_coverage_differs"
"G1900210",1870,1870,"Buena Vista, Iowa","Buena Vista","Iowa","190","Buena Vista","0210",1585,1870,0,"total religious edifices from NHGIS table NT44 (AK8001)",0,0,0,0,,,1502.77,"wave_coverage_differs"
"G0950195",1870,1870,"Buffalo, Dakota Territory","Buffalo","Dakota Territory","095","Buffalo","0195",246,1870,,"total religious edifices from NHGIS table NT44 (AK8001)",,,,,,,24115.96,"wave_coverage_differs"
"G3100190",1870,1870,"Buffalo, Nebraska","Buffalo","Nebraska","310","Buffalo","0190",193,1870,0,"total religious edifices from NHGIS table NT44 (AK8001)",0,0,0,0,,,2818.08,"wave_coverage_differs"
"G5500110",1870,1870,"Buffalo, Wisconsin","Buffalo","Wisconsin","550","Buffalo","0110",11123,1870,10,"total religious edifices from NHGIS table NT44 (AK8001)",2600,23.375,8.9904,26500,,,1837.84,"wave_coverage_differs"
"G2100290",1870,1870,"Bullitt, Kentucky","Bullitt","Kentucky","210","Bullitt","0290",7781,1870,17,"total religious edifices from NHGIS table NT44 (AK8001)",6175,79.36,21.8481,17100,,,777.91,"wave_coverage_differs"
"G1300310",1870,1870,"Bulloch, Georgia","Bulloch","Georgia","130","Bulloch","0310",5610,1870,14,"total religious edifices from NHGIS table NT44 (AK8001)",3300,58.8235,24.9554,3500,,,2113.11,"wave_coverage_differs"
"G0100110",1870,1870,"Bullock, Alabama","Bullock","Alabama","010","Bullock","0110",24474,1870,29,"total religious edifices from NHGIS table NT44 (AK8001)",7550,30.8491,11.8493,27600,,,1620.61,"wave_coverage_differs"
"G3700210",1870,1870,"Buncombe, North Carolina","Buncombe","North Carolina","370","Buncombe","0210",15412,1870,58,"total religious edifices from NHGIS table NT44 (AK8001)",15350,99.5977,37.633,38250,,,1597.52,"wave_coverage_differs"
"G1700110",1870,1870,"Bureau, Illinois","Bureau","Illinois","170","Bureau","0110",32415,1870,55,"total religious edifices from NHGIS table NT44 (AK8001)",15655,48.2955,16.9675,247000,,,2262.37,"wave_coverage_differs"
"G1300330",1870,1870,"Burke, Georgia","Burke","Georgia","130","Burke","0330",17679,1870,7,"total religious edifices from NHGIS table NT44 (AK8001)",1550,8.7675,3.9595,10000,,,2553.23,"wave_coverage_differs"
"G3700230",1870,1870,"Burke, North Carolina","Burke","North Carolina","370","Burke","0230",9777,1870,34,"total religious edifices from NHGIS table NT44 (AK8001)",10150,103.8151,34.7755,14650,,,1333.11,"wave_coverage_differs"
"G4800510",1870,1870,"Burleson, Texas","Burleson","Texas","480","Burleson","0510",8072,1870,5,"total religious edifices from NHGIS table NT44 (AK8001)",2300,28.4936,6.1943,6500,,,2689.27,"wave_coverage_differs"
"G3400050",1870,1870,"Burlington, New Jersey","Burlington","New Jersey","340","Burlington","0050",53639,1870,120,"total religious edifices from NHGIS table NT44 (AK8001)",43400,80.9113,22.3718,1185400,,,2233.73,"wave_coverage_differs"
"G4800530",1870,1870,"Burnet, Texas","Burnet","Texas","480","Burnet","0530",3688,1870,1,"total religious edifices from NHGIS table NT44 (AK8001)",400,10.846,2.7115,1000,,,2644.21,"wave_coverage_differs"
"G5500130",1870,1870,"Burnett, Wisconsin","Burnett","Wisconsin","550","Burnett","0130",706,1870,0,"total religious edifices from NHGIS table NT44 (AK8001)",0,0,0,0,,,4489.87,"wave_coverage_differs"
"G3100210",1870,1870,"Burt, Nebraska","Burt","Nebraska","310","Burt","0210",2847,1870,3,"total religious edifices from NHGIS table NT44 (AK8001)",600,21.0748,10.5374,3700,,,1263.29,"wave_coverage_differs"
"G0100130",1870,1870,"Butler, Alabama","Butler","Alabama","010","Butler","0130",14981,1870,30,"total religious edifices from NHGIS table NT44 (AK8001)",7750,51.7322,20.0254,21600,,,2015.43,"wave_coverage_differs"
"G1900230",1870,1870,"Butler, Iowa","Butler","Iowa","190","Butler","0230",9951,1870,9,"total religious edifices from NHGIS table NT44 (AK8001)",2370,23.8167,9.0443,28600,,,1506.74,"wave_coverage_differs"
"G2000150",1870,1870,"Butler, Kansas","Butler","Kansas","200","Butler","0150",3035,1870,3,"total religious edifices from NHGIS table NT44 (AK8001)",890,29.3245,9.8847,13500,,,3746.48,"wave_coverage_differs"
"G2100310",1870,1870,"Butler, Kentucky","Butler","Kentucky","210","Butler","0310",9404,1870,35,"total religious edifices from NHGIS table NT44 (AK8001)",8100,86.1336,37.2182,18800,,,1102.18,"wave_coverage_differs"
"G2900230",1870,1870,"Butler, Missouri","Butler","Missouri","290","Butler","0230",4298,1870,10,"total religious edifices from NHGIS table NT44 (AK8001)",1350,31.41,23.2666,4600,,,1835.96,"wave_coverage_differs"
"G3100230",1870,1870,"Butler, Nebraska","Butler","Nebraska","310","Butler","0230",1290,1870,0,"total religious edifices from NHGIS table NT44 (AK8001)",0,0,0,0,,,1511.84,"wave_coverage_differs"
"G3900170",1870,1870,"Butler, Ohio","Butler","Ohio","390","Butler","0170",39912,1870,95,"total religious edifices from NHGIS table NT44 (AK8001)",31605,79.1867,23.8024,369050,,,1217.7,"wave_coverage_differs"
"G4200190",1870,1870,"Butler, Pennsylvania","Butler","Pennsylvania","420","Butler","0190",36510,1870,86,"total religious edifices from NHGIS table NT44 (AK8001)",28159,77.1268,23.5552,287200,,,2058.46,"wave_coverage_differs"
"G0600070",1870,1870,"Butte, California","Butte","California","060","Butte","0070",11403,1870,6,"total religious edifices from NHGIS table NT44 (AK8001)",2400,21.0471,5.2618,11600,,,4300.13,"wave_coverage_differs"
"G1300350",1870,1870,"Butts, Georgia","Butts","Georgia","130","Butts","0350",6941,1870,14,"total religious edifices from NHGIS table NT44 (AK8001)",2850,41.0604,20.17,6700,,,484.65,"wave_coverage_differs"
"G3700250",1870,1870,"Cabarrus, North Carolina","Cabarrus","North Carolina","370","Cabarrus","0250",11954,1870,26,"total religious edifices from NHGIS table NT44 (AK8001)",9000,75.2886,21.75,40600,,,943.99,"wave_coverage_differs"
"G5400110",1870,1870,"Cabell, West Virginia","Cabell","West Virginia","540","Cabell","0110",6429,1870,13,"total religious edifices from NHGIS table NT44 (AK8001)",3800,59.1072,20.2209,16000,,,745.96,"wave_coverage_differs"
"G4950055",1870,1870,"Cache, Utah Territory","Cache","Utah Territory","495","Cache","0055",8229,1870,18,"total religious edifices from NHGIS table NT44 (AK8001)",6600,80.2042,21.8739,31000,,,3038.25,"wave_coverage_differs"
"G2200170",1870,1870,"Caddo, Louisiana","Caddo","Louisiana","220","Caddo","0170",21714,1870,21,"total religious edifices from NHGIS table NT44 (AK8001)",6250,28.7833,9.6712,160000,,,2585.66,"wave_coverage_differs"
"G0600090",1870,1870,"Calaveras, California","Calaveras","California","060","Calaveras","0090",8895,1870,7,"total religious edifices from NHGIS table NT44 (AK8001)",1600,17.9876,7.8696,10300,,,2685.63,"wave_coverage_differs"
"G2200190",1870,1870,"Calcasieu, Louisiana","Calcasieu","Louisiana","220","Calcasieu","0190",6733,1870,4,"total religious edifices from NHGIS table NT44 (AK8001)",500,7.4261,5.9409,1900,,,9543.1,"wave_coverage_differs"
"G2100330",1870,1870,"Caldwell, Kentucky","Caldwell","Kentucky","210","Caldwell","0330",10826,1870,20,"total religious edifices from NHGIS table NT44 (AK8001)",6700,61.888,18.474,33500,,,901.54,"wave_coverage_differs"
"G2200210",1870,1870,"Caldwell, Louisiana","Caldwell","Louisiana","220","Caldwell","0210",4820,1870,7,"total religious edifices from NHGIS table NT44 (AK8001)",1100,22.8216,14.5228,2800,,,1400.48,"wave_coverage_differs"
"G2900250",1870,1870,"Caldwell, Missouri","Caldwell","Missouri","290","Caldwell","0250",11390,1870,16,"total religious edifices from NHGIS table NT44 (AK8001)",1970,17.2959,14.0474,29000,,,1112.75,"wave_coverage_differs"
"G3700270",1870,1870,"Caldwell, North Carolina","Caldwell","North Carolina","370","Caldwell","0270",8476,1870,22,"total religious edifices from NHGIS table NT44 (AK8001)",7750,91.4346,25.9556,43000,,,1506.32,"wave_coverage_differs"
"G4800550",1870,1870,"Caldwell, Texas","Caldwell","Texas","480","Caldwell","0550",6572,1870,6,"total religious edifices from NHGIS table NT44 (AK8001)",2450,37.2794,9.1296,11200,,,1417.14,"wave_coverage_differs"
"G5000050",1870,1870,"Caledonia, Vermont","Caledonia","Vermont","500","Caledonia","0050",22235,1870,55,"total religious edifices from NHGIS table NT44 (AK8001)",19556,87.9514,24.7358,194100,,,1679.03,"wave_coverage_differs"
"G0100150",1870,1870,"Calhoun, Alabama","Calhoun","Alabama","010","Calhoun","0150",13980,1870,28,"total religious edifices from NHGIS table NT44 (AK8001)",10700,76.5379,20.0286,22000,,,1572.76,"wave_coverage_differs"
"G0500130",1870,1870,"Calhoun, Arkansas","Calhoun","Arkansas","050","Calhoun","0130",3853,1870,6,"total religious edifices from NHGIS table NT44 (AK8001)",2800,72.6706,15.5723,5000,,,1637.99,"wave_coverage_differs"
"G1200130",1870,1870,"Calhoun, Florida","Calhoun","Florida","120","Calhoun","0130",998,1870,7,"total religious edifices from NHGIS table NT44 (AK8001)",420,42.0842,70.1403,650,,,2896.17,"wave_coverage_differs"
"G1300370",1870,1870,"Calhoun, Georgia","Calhoun","Georgia","130","Calhoun","0370",5503,1870,13,"total religious edifices from NHGIS table NT44 (AK8001)",3600,65.4189,23.6235,6800,,,731.73,"wave_coverage_differs"
"G1700130",1870,1870,"Calhoun, Illinois","Calhoun","Illinois","170","Calhoun","0130",6562,1870,7,"total religious edifices from NHGIS table NT44 (AK8001)",2400,36.5742,10.6675,20500,,,734.75,"wave_coverage_differs"
"G1900250",1870,1870,"Calhoun, Iowa","Calhoun","Iowa","190","Calhoun","0250",1602,1870,,"total religious edifices from NHGIS table NT44 (AK8001)",,,,,,,1481.77,"wave_coverage_differs"
"G2600250",1870,1870,"Calhoun, Michigan","Calhoun","Michigan","260","Calhoun","0250",36569,1870,50,"total religious edifices from NHGIS table NT44 (AK8001)",16170,44.2178,13.6728,328850,,,1860.47,"wave_coverage_differs"
"G2800130",1870,1870,"Calhoun, Mississippi","Calhoun","Mississippi","280","Calhoun","0130",10561,1870,47,"total religious edifices from NHGIS table NT44 (AK8001)",19500,184.6416,44.5034,26000,,,1522.81,"wave_coverage_differs"
"G4800570",1870,1870,"Calhoun, Texas","Calhoun","Texas","480","Calhoun","0570",3443,1870,5,"total religious edifices from NHGIS table NT44 (AK8001)",1750,50.8278,14.5222,18000,,,1424.19,"wave_coverage_differs"
"G5400130",1870,1870,"Calhoun, West Virginia","Calhoun","West Virginia","540","Calhoun","0130",2939,1870,5,"total religious edifices from NHGIS table NT44 (AK8001)",1500,51.0378,17.0126,1275,,,726.94,"wave_coverage_differs"
"G4800590",1870,1870,"Callahan, Texas","Callahan","Texas","480","Callahan","0590",,1870,,"total religious edifices from NHGIS table NT44 (AK8001)",,,,,,,2334.26,"wave_coverage_differs"
"G2900270",1870,1870,"Callaway, Missouri","Callaway","Missouri","290","Callaway","0270",19202,1870,43,"total religious edifices from NHGIS table NT44 (AK8001)",16050,83.585,22.3935,89600,,,2194.61,"wave_coverage_differs"
"G2100350",1870,1870,"Calloway, Kentucky","Calloway","Kentucky","210","Calloway","0350",9410,1870,20,"total religious edifices from NHGIS table NT44 (AK8001)",2400,25.5048,21.254,31000,,,1063.86,"wave_coverage_differs"
"G5500150",1870,1870,"Calumet, Wisconsin","Calumet","Wisconsin","550","Calumet","0150",12335,1870,18,"total religious edifices from NHGIS table NT44 (AK8001)",4900,39.7244,14.5926,24900,,,1028.42,"wave_coverage_differs"
"G2400090",1870,1870,"Calvert, Maryland","Calvert","Maryland","240","Calvert","0090",9865,1870,16,"total religious edifices from NHGIS table NT44 (AK8001)",4700,47.6432,16.219,54000,,,561.71,"wave_coverage_differs"
"G4200210",1870,1870,"Cambria, Pennsylvania","Cambria","Pennsylvania","420","Cambria","0210",36569,1870,49,"total religious edifices from NHGIS table NT44 (AK8001)",20025,54.7595,13.3993,417100,,,1796.27,"wave_coverage_differs"
"G1300390",1870,1870,"Camden, Georgia","Camden","Georgia","130","Camden","0390",4615,1870,15,"total religious edifices from NHGIS table NT44 (AK8001)",1850,40.0867,32.5027,4750,,,1690.5,"wave_coverage_differs"
"G2900290",1870,1870,"Camden, Missouri","Camden","Missouri","290","Camden","0290",6108,1870,4,"total religious edifices from NHGIS table NT44 (AK8001)",550,9.0046,6.5488,2800,,,1828.71,"wave_coverage_differs"
"G3400070",1870,1870,"Camden, New Jersey","Camden","New Jersey","340","Camden","0070",46193,1870,52,"total religious edifices from NHGIS table NT44 (AK8001)",20000,43.2966,11.2571,530900,,,735.4,"wave_coverage_differs"
"G3700290",1870,1870,"Camden, North Carolina","Camden","North Carolina","370","Camden","0290",5361,1870,11,"total religious edifices from NHGIS table NT44 (AK8001)",5600,104.4581,20.5186,5500,,,625.31,"wave_coverage_differs"
"G2200230",1870,1870,"Cameron, Louisiana","Cameron","Louisiana","220","Cameron","0230",1591,1870,2,"total religious edifices from NHGIS table NT44 (AK8001)",200,12.5707,12.5707,300,,,4141.68,"wave_coverage_differs"
"G4200230",1870,1870,"Cameron, Pennsylvania","Cameron","Pennsylvania","420","Cameron","0230",4273,1870,4,"total religious edifices from NHGIS table NT44 (AK8001)",890,20.8285,9.3611,13450,,,1032.36,"wave_coverage_differs"
"G4800610",1870,1870,"Cameron, Texas","Cameron","Texas","480","Cameron","0610",10999,1870,5,"total religious edifices from NHGIS table NT44 (AK8001)",1700,15.456,4.5459,11500,,,6667.97,"wave_coverage_differs"
"G1300395",1870,1870,"Campbell, Georgia","Campbell","Georgia","130","Campbell","0395",9176,1870,27,"total religious edifices from NHGIS table NT44 (AK8001)",7300,79.5554,29.4246,13500,,,793.53,"wave_coverage_differs"
"G2100370",1870,1870,"Campbell, Kentucky","Campbell","Kentucky","210","Campbell","0370",27406,1870,27,"total religious edifices from NHGIS table NT44 (AK8001)",6950,25.3594,9.8519,312000,,,412.88,"wave_coverage_differs"
"G4700130",1870,1870,"Campbell, Tennessee","Campbell","Tennessee","470","Campbell","0130",7445,1870,23,"total religious edifices from NHGIS table NT44 (AK8001)",4850,65.1444,30.8932,14000,,,1246.5,"wave_coverage_differs"
"G5100310",1870,1870,"Campbell, Virginia","Campbell","Virginia","510","Campbell","0310",28384,1870,50,"total religious edifices from NHGIS table NT44 (AK8001)",12450,43.8627,17.6156,150800,,,1415.01,"wave_coverage_differs"
"G4700150",1870,1870,"Cannon, Tennessee","Cannon","Tennessee","470","Cannon","0150",10502,1870,19,"total religious edifices from NHGIS table NT44 (AK8001)",11100,105.6942,18.0918,14450,,,688.15,"wave_coverage_differs"
"G2900310",1870,1870,"Cape Girardeau, Missouri","Cape Girardeau","Missouri","290","Cape Girardeau","0310",17558,1870,36,"total religious edifices from NHGIS table NT44 (AK8001)",10400,59.2323,20.5035,90500,,,1518.51,"wave_coverage_differs"
"G3400090",1870,1870,"Cape May, New Jersey","Cape May","New Jersey","340","Cape May","0090",8349,1870,28,"total religious edifices from NHGIS table NT44 (AK8001)",6900,82.6446,33.537,169850,,,620.57,"wave_coverage_differs"
"G4200250",1870,1870,"Carbon, Pennsylvania","Carbon","Pennsylvania","420","Carbon","0250",28144,1870,34,"total religious edifices from NHGIS table NT44 (AK8001)",10550,37.4858,12.0807,230600,,,1003.66,"wave_coverage_differs"
"G5650035",1870,1870,"Carbon, Wyoming Territory","Carbon","Wyoming Territory","565","Carbon","0035",1368,1870,,"total religious edifices from NHGIS table NT44 (AK8001)",,,,,,,51656.57,"wave_coverage_differs"
"G2700170",1870,1870,"Carlton, Minnesota","Carlton","Minnesota","270","Carlton","0170",286,1870,,"total religious edifices from NHGIS table NT44 (AK8001)",,,,,,,2266.97,"wave_coverage_differs"
"G2400110",1870,1870,"Caroline, Maryland","Caroline","Maryland","240","Caroline","0110",12101,1870,28,"total religious edifices from NHGIS table NT44 (AK8001)",8150,67.3498,23.1386,42550,,,834.77,"wave_coverage_differs"
"G5100330",1870,1870,"Caroline, Virginia","Caroline","Virginia","510","Caroline","0330",15128,1870,30,"total religious edifices from NHGIS table NT44 (AK8001)",9400,62.1364,19.8308,36600,,,1395.81,"wave_coverage_differs"
"G0500150",1870,1870,"Carroll, Arkansas","Carroll","Arkansas","050","Carroll","0150",5780,1870,6,"total religious edifices from NHGIS table NT44 (AK8001)",700,12.1107,10.3806,800,,,1657.41,"wave_coverage_differs"
"G1300450",1870,1870,"Carroll, Georgia","Carroll","Georgia","130","Carroll","0450",11782,1870,40,"total religious edifices from NHGIS table NT44 (AK8001)",6200,52.6226,33.9501,6700,,,1426.35,"wave_coverage_differs"
"G1700150",1870,1870,"Carroll, Illinois","Carroll","Illinois","170","Carroll","0150",16705,1870,31,"total religious edifices from NHGIS table NT44 (AK8001)",9150,54.774,18.5573,129100,,,1207.9,"wave_coverage_differs"
"G1800150",1870,1870,"Carroll, Indiana","Carroll","Indiana","180","Carroll","0150",16152,1870,25,"total religious edifices from NHGIS table NT44 (AK8001)",7550,46.7434,15.478,53000,,,971.3,"wave_coverage_differs"
"G1900270",1870,1870,"Carroll, Iowa","Carroll","Iowa","190","Carroll","0270",2451,1870,1,"total religious edifices from NHGIS table NT44 (AK8001)",250,10.1999,4.08,3000,,,1476.98,"wave_coverage_differs"
"G2100410",1870,1870,"Carroll, Kentucky","Carroll","Kentucky","210","Carroll","0410",6189,1870,14,"total religious edifices from NHGIS table NT44 (AK8001)",5200,84.02,22.6208,44000,,,351.04,"wave_coverage_differs"
"G2200235",1870,1870,"Carroll, Louisiana","Carroll","Louisiana","220","Carroll","0235",10110,1870,17,"total religious edifices from NHGIS table NT44 (AK8001)",3150,31.1573,16.815,15750,,,2079.76,"wave_coverage_differs"
"G2400130",1870,1870,"Carroll, Maryland","Carroll","Maryland","240","Carroll","0130",28619,1870,81,"total religious edifices from NHGIS table NT44 (AK8001)",26355,92.0892,28.3029,339500,,,1172.47,"wave_coverage_differs"
"G2800150",1870,1870,"Carroll, Mississippi","Carroll","Mississippi","280","Carroll","0150",21047,1870,35,"total religious edifices from NHGIS table NT44 (AK8001)",8100,38.4853,16.6294,21450,,,2604.91,"wave_coverage_differs"
"G2900330",1870,1870,"Carroll, Missouri","Carroll","Missouri","290","Carroll","0330",17446,1870,26,"total religious edifices from NHGIS table NT44 (AK8001)",8000,45.8558,14.9031,57700,,,1818.33,"wave_coverage_differs"
"G3300030",1870,1870,"Carroll, New Hampshire","Carroll","New Hampshire","330","Carroll","0030",17332,1870,46,"total religious edifices from NHGIS table NT44 (AK8001)",10830,62.4856,26.5405,65700,,,2569.85,"wave_coverage_differs"
"G3900190",1870,1870,"Carroll, Ohio","Carroll","Ohio","390","Carroll","0190",14491,1870,56,"total religious edifices from NHGIS table NT44 (AK8001)",17440,120.3506,38.6447,106600,,,1033.23,"wave_coverage_differs"
"G4700170",1870,1870,"Carroll, Tennessee","Carroll","Tennessee","470","Carroll","0170",19447,1870,60,"total religious edifices from NHGIS table NT44 (AK8001)",19500,100.2725,30.8531,42000,,,1550.36,"wave_coverage_differs"
"G5100350",1870,1870,"Carroll, Virginia","Carroll","Virginia","510","Carroll","0350",9147,1870,13,"total religious edifices from NHGIS table NT44 (AK8001)",2218,24.2484,14.2123,3600,,,1249.32,"wave_coverage_differs"
"G2100430",1870,1870,"Carter, Kentucky","Carter","Kentucky","210","Carter","0430",7509,1870,35,"total religious edifices from NHGIS table NT44 (AK8001)",5200,69.2502,46.6107,22000,,,1067.28,"wave_coverage_differs"
"G2900350",1870,1870,"Carter, Missouri","Carter","Missouri","290","Carter","0350",1455,1870,5,"total religious edifices from NHGIS table NT44 (AK8001)",800,54.9828,34.3643,4000,,,1348.7,"wave_coverage_differs"
"G4700190",1870,1870,"Carter, Tennessee","Carter","Tennessee","470","Carter","0190",7909,1870,11,"total religious edifices from NHGIS table NT44 (AK8001)",4300,54.3684,13.9082,14100,,,1051.22,"wave_coverage_differs"
"G3700310",1870,1870,"Carteret, North Carolina","Carteret","North Carolina","370","Carteret","0310",9010,1870,15,"total religious edifices from NHGIS table NT44 (AK8001)",3300,36.626,16.6482,15000,,,1169.13,"wave_coverage_differs"
"G2700190",1870,1870,"Carver, Minnesota","Carver","Minnesota","270","Carver","0190",11586,1870,27,"total religious edifices from NHGIS table NT44 (AK8001)",5850,50.492,23.304,61000,,,974.13,"wave_coverage_differs"
"G2100450",1870,1870,"Casey, Kentucky","Casey","Kentucky","210","Casey","0450",8884,1870,17,"total religious edifices from NHGIS table NT44 (AK8001)",7100,79.919,19.1355,13000,,,1154.75,"wave_coverage_differs"
"G1700170",1870,1870,"Cass, Illinois","Cass","Illinois","170","Cass","0170",11580,1870,9,"total religious edifices from NHGIS table NT44 (AK8001)",2520,21.7617,7.772,45500,,,993.95,"wave_coverage_differs"
"G1800170",1870,1870,"Cass, Indiana","Cass","Indiana","180","Cass","0170",24193,1870,41,"total religious edifices from NHGIS table NT44 (AK8001)",12350,51.0478,16.9471,123500,,,1074.45,"wave_coverage_differs"
"G1900290",1870,1870,"Cass, Iowa","Cass","Iowa","190","Cass","0290",5464,1870,6,"total religious edifices from NHGIS table NT44 (AK8001)",1620,29.6486,10.981,15400,,,1463.21,"wave_coverage_differs"
"G2600270",1870,1870,"Cass, Michigan","Cass","Michigan","260","Cass","0270",21094,1870,38,"total religious edifices from NHGIS table NT44 (AK8001)",9600,45.5106,18.0146,92900,,,1316.51,"wave_coverage_differs"
"G2700210",1870,1870,"Cass, Minnesota","Cass","Minnesota","270","Cass","0210",380,1870,,"total religious edifices from NHGIS table NT44 (AK8001)",,,,,,,12790.46,"wave_coverage_differs"
"G3100250",1870,1870,"Cass, Nebraska","Cass","Nebraska","310","Cass","0250",8151,1870,7,"total religious edifices from NHGIS table NT44 (AK8001)",2300,28.2174,8.5879,30000,,,1465.66,"wave_coverage_differs"
"G2900370",1870,1870,"Cass/Van Buren, Missouri","Cass","Missouri","290","Cass","0370",19296,1870,39,"total religious edifices from NHGIS table NT44 (AK8001)",15325,79.4206,20.2114,105450,,,1819.44,"wave_coverage_differs"
"G3700330",1870,1870,"Caswell, North Carolina","Caswell","North Carolina","370","Caswell","0330",16081,1870,30,"total religious edifices from NHGIS table NT44 (AK8001)",10300,64.0507,18.6556,35750,,,1109.21,"wave_coverage_differs"
"G2200250",1870,1870,"Catahoula, Louisiana","Catahoula","Louisiana","220","Catahoula","0250",8475,1870,12,"total religious edifices from NHGIS table NT44 (AK8001)",550,6.4897,14.1593,7100,,,3677.65,"wave_coverage_differs"
"G3700350",1870,1870,"Catawba, North Carolina","Catawba","North Carolina","370","Catawba","0350",10984,1870,54,"total religious edifices from NHGIS table NT44 (AK8001)",11100,101.0561,49.1624,14900,,,1070.69,"wave_coverage_differs"
"G1300470",1870,1870,"Catoosa, Georgia","Catoosa","Georgia","130","Catoosa","0470",4409,1870,11,"total religious edifices from NHGIS table NT44 (AK8001)",2800,63.5065,24.949,6325,,,420.77,"wave_coverage_differs"
"G3600090",1870,1870,"Cattaraugus, New York","Cattaraugus","New York","360","Cattaraugus","0090",43909,1870,71,"total religious edifices from NHGIS table NT44 (AK8001)",20638,47.0018,16.1698,180650,,,3425.23,"wave_coverage_differs"
"G3600110",1870,1870,"Cayuga, New York","Cayuga","New York","360","Cayuga","0110",59550,1870,74,"total religious edifices from NHGIS table NT44 (AK8001)",36225,60.8312,12.4265,844900,,,1901.56,"wave_coverage_differs"
"G2400150",1870,1870,"Cecil, Maryland","Cecil","Maryland","240","Cecil","0150",25874,1870,42,"total religious edifices from NHGIS table NT44 (AK8001)",11050,42.707,16.2325,197000,,,925.16,"wave_coverage_differs"
"G1900310",1870,1870,"Cedar, Iowa","Cedar","Iowa","190","Cedar","0310",19731,1870,45,"total religious edifices from NHGIS table NT44 (AK8001)",12225,61.9583,22.8068,113250,,,1507.11,"wave_coverage_differs"
"G2900390",1870,1870,"Cedar, Missouri","Cedar","Missouri","290","Cedar","0390",9474,1870,4,"total religious edifices from NHGIS table NT44 (AK8001)",2100,22.1659,4.2221,6500,,,1291.49,"wave_coverage_differs"
"G3100270",1870,1870,"Cedar, Nebraska","Cedar","Nebraska","310","Cedar","0270",1032,1870,1,"total religious edifices from NHGIS table NT44 (AK8001)",60,5.814,9.6899,2000,,,2025.03,"wave_coverage_differs"
"G4200270",1870,1870,"Centre, Pennsylvania","Centre","Pennsylvania","420","Centre","0270",34418,1870,106,"total religious edifices from NHGIS table NT44 (AK8001)",33385,96.9987,30.7978,501200,,,2885.14,"wave_coverage_differs"
"G1900330",1870,1870,"Cerro Gordo, Iowa","Cerro Gordo","Iowa","190","Cerro Gordo","0330",4722,1870,3,"total religious edifices from NHGIS table NT44 (AK8001)",775,16.4125,6.3532,4800,,,1489.55,"wave_coverage_differs"
"G0100170",1870,1870,"Chambers, Alabama","Chambers","Alabama","010","Chambers","0170",17562,1870,24,"total religious edifices from NHGIS table NT44 (AK8001)",8700,49.5388,13.6659,12500,,,1561.23,"wave_coverage_differs"
"G4800710",1870,1870,"Chambers, Texas","Chambers","Texas","480","Chambers","0710",1503,1870,5,"total religious edifices from NHGIS table NT44 (AK8001)",1000,66.5336,33.2668,1300,,,1632.68,"wave_coverage_differs"
"G1700190",1870,1870,"Champaign, Illinois","Champaign","Illinois","170","Champaign","0190",32737,1870,32,"total religious edifices from NHGIS table NT44 (AK8001)",14525,44.3688,9.7749,200500,,,2585.83,"wave_coverage_differs"
"G3900210",1870,1870,"Champaign, Ohio","Champaign","Ohio","390","Champaign","0210",24188,1870,67,"total religious edifices from NHGIS table NT44 (AK8001)",22295,92.1738,27.6997,243578,,,1113.26,"wave_coverage_differs"
"G2900410",1870,1870,"Chariton, Missouri","Chariton","Missouri","290","Chariton","0410",19136,1870,12,"total religious edifices from NHGIS table NT44 (AK8001)",3650,19.074,6.2709,20000,,,1989.93,"wave_coverage_differs"
"G2400170",1870,1870,"Charles, Maryland","Charles","Maryland","240","Charles","0170",15738,1870,21,"total religious edifices from NHGIS table NT44 (AK8001)",3900,24.7808,13.3435,56000,,,1195.8,"wave_coverage_differs"
"G5100360",1870,1870,"Charles City, Virginia","Charles City","Virginia","510","Charles City","0360",4975,1870,13,"total religious edifices from NHGIS table NT44 (AK8001)",1450,29.1457,26.1307,8900,,,509.27,"wave_coverage_differs"
"G0950295",1870,1870,"Charles Mix, Dakota Territory","Charles Mix","Dakota Territory","095","Charles Mix","0295",152,1870,,"total religious edifices from NHGIS table NT44 (AK8001)",,,,,,,5165.81,"wave_coverage_differs"
"G4500190",1870,1870,"Charleston, South Carolina","Charleston","South Carolina","450","Charleston","0190",88863,1870,95,"total religious edifices from NHGIS table NT44 (AK8001)",50950,57.3354,10.6906,1573000,,,5440.55,"wave_coverage_differs"
"G2600290",1870,1870,"Charlevoix, Michigan","Charlevoix","Michigan","260","Charlevoix","0290",1724,1870,2,"total religious edifices from NHGIS table NT44 (AK8001)",250,14.5012,11.6009,2900,,,1100.54,"wave_coverage_differs"
"G5100370",1870,1870,"Charlotte, Virginia","Charlotte","Virginia","510","Charlotte","0370",14513,1870,31,"total religious edifices from NHGIS table NT44 (AK8001)",11000,75.7941,21.3602,26000,,,1236.77,"wave_coverage_differs"
"G1300490",1870,1870,"Charlton, Georgia","Charlton","Georgia","130","Charlton","0490",1897,1870,6,"total religious edifices from NHGIS table NT44 (AK8001)",850,44.8076,31.6289,200,,,2215.46,"wave_coverage_differs"
"G2000170",1870,1870,"Chase, Kansas","Chase","Kansas","200","Chase","0170",1975,1870,6,"total religious edifices from NHGIS table NT44 (AK8001)",1600,81.0127,30.3797,6000,,,2014.3,"wave_coverage_differs"
"G1300510",1870,1870,"Chatham, Georgia","Chatham","Georgia","130","Chatham","0510",41279,1870,27,"total religious edifices from NHGIS table NT44 (AK8001)",13250,32.0986,6.5409,571500,,,1197.67,"wave_coverage_differs"
"G3700370",1870,1870,"Chatham, North Carolina","Chatham","North Carolina","370","Chatham","0370",19723,1870,82,"total religious edifices from NHGIS table NT44 (AK8001)",23500,119.1502,41.5758,42660,,,2161.23,"wave_coverage_differs"
"G1300530",1870,1870,"Chattahoochee, Georgia","Chattahoochee","Georgia","130","Chattahoochee","0530",6059,1870,12,"total religious edifices from NHGIS table NT44 (AK8001)",2700,44.5618,19.8052,7000,,,641.52,"wave_coverage_differs"
"G1300550",1870,1870,"Chattooga, Georgia","Chattooga","Georgia","130","Chattooga","0550",6902,1870,21,"total religious edifices from NHGIS table NT44 (AK8001)",8350,120.9794,30.426,4100,,,813.07,"wave_coverage_differs"
"G3600130",1870,1870,"Chautauqua, New York","Chautauqua","New York","360","Chautauqua","0130",59327,1870,81,"total religious edifices from NHGIS table NT44 (AK8001)",28045,47.2719,13.6531,445900,,,2809.24,"wave_coverage_differs"
"G4700210",1870,1870,"Cheatham, Tennessee","Cheatham","Tennessee","470","Cheatham","0210",6678,1870,30,"total religious edifices from NHGIS table NT44 (AK8001)",8600,128.7811,44.9236,10100,,,795.84,"wave_coverage_differs"
"G2600310",1870,1870,"Cheboygan, Michigan","Cheboygan","Michigan","260","Cheboygan","0310",2196,1870,2,"total religious edifices from NHGIS table NT44 (AK8001)",500,22.7687,9.1075,8000,,,2061.38,"wave_coverage_differs"
"G3600150",1870,1870,"Chemung, New York","Chemung","New York","360","Chemung","0150",35281,1870,40,"total religious edifices from NHGIS table NT44 (AK8001)",14985,42.4733,11.3375,271650,,,1063.91,"wave_coverage_differs"
"G3600170",1870,1870,"Chenango, New York","Chenango","New York","360","Chenango","0170",40564,1870,105,"total religious edifices from NHGIS table NT44 (AK8001)",35169,86.7,25.885,333000,,,2327.44,"wave_coverage_differs"
"G0100190",1870,1870,"Cherokee, Alabama","Cherokee","Alabama","010","Cherokee","0190",11132,1870,57,"total religious edifices from NHGIS table NT44 (AK8001)",11050,99.2634,51.2037,11950,,,1514.34,"wave_coverage_differs"
"G1300570",1870,1870,"Cherokee, Georgia","Cherokee","Georgia","130","Cherokee","0570",10399,1870,33,"total religious edifices from NHGIS table NT44 (AK8001)",12900,124.0504,31.7338,11375,,,1125.17,"wave_coverage_differs"
"G1900350",1870,1870,"Cherokee, Iowa","Cherokee","Iowa","190","Cherokee","0350",1967,1870,,"total religious edifices from NHGIS table NT44 (AK8001)",,,,,,,1494.61,"wave_coverage_differs"
"G2000210",1870,1870,"Cherokee, Kansas","Cherokee","Kansas","200","Cherokee","0210",11038,1870,4,"total religious edifices from NHGIS table NT44 (AK8001)",725,6.5682,3.6238,10000,,,1530.74,"wave_coverage_differs"
"G3700390",1870,1870,"Cherokee, North Carolina","Cherokee","North Carolina","370","Cherokee","0390",8080,1870,38,"total religious edifices from NHGIS table NT44 (AK8001)",6650,82.302,47.0297,18700,,,1998.02,"wave_coverage_differs"
"G4800730",1870,1870,"Cherokee, Texas","Cherokee","Texas","480","Cherokee","0730",11079,1870,21,"total religious edifices from NHGIS table NT44 (AK8001)",8400,75.8191,18.9548,26000,,,2730.67,"wave_coverage_differs"
"G3300050",1870,1870,"Cheshire, New Hampshire","Cheshire","New Hampshire","330","Cheshire","0050",27265,1870,62,"total religious edifices from NHGIS table NT44 (AK8001)",26800,98.2945,22.7398,425680,,,1888.37,"wave_coverage_differs"
"G4200290",1870,1870,"Chester, Pennsylvania","Chester","Pennsylvania","420","Chester","0290",77805,1870,165,"total religious edifices from NHGIS table NT44 (AK8001)",57101,73.3899,21.2069,1006400,,,1966.59,"wave_coverage_differs"
"G4500230",1870,1870,"Chester, South Carolina","Chester","South Carolina","450","Chester","0230",18805,1870,31,"total religious edifices from NHGIS table NT44 (AK8001)",19450,103.4299,16.485,46500,,,1518.15,"wave_coverage_differs"
"G4500250",1870,1870,"Chesterfield, South Carolina","Chesterfield","South Carolina","450","Chesterfield","0250",10584,1870,24,"total religious edifices from NHGIS table NT44 (AK8001)",6600,62.3583,22.6757,41000,,,2086.88,"wave_coverage_differs"
"G5100410",1870,1870,"Chesterfield, Virginia","Chesterfield","Virginia","510","Chesterfield","0410",18470,1870,27,"total religious edifices from NHGIS table NT44 (AK8001)",5245,28.3974,14.6183,22850,,,1240.83,"wave_coverage_differs"
"G3100330",1870,1870,"Cheyenne, Nebraska","Cheyenne","Nebraska","310","Cheyenne","0330",190,1870,0,"total religious edifices from NHGIS table NT44 (AK8001)",0,0,0,0,,,18511.28,"wave_coverage_differs"
"G1900370",1870,1870,"Chickasaw, Iowa","Chickasaw","Iowa","190","Chickasaw","0370",10180,1870,8,"total religious edifices from NHGIS table NT44 (AK8001)",1525,14.9804,7.8585,17270,,,1309.65,"wave_coverage_differs"
"G2800170",1870,1870,"Chickasaw, Mississippi","Chickasaw","Mississippi","280","Chickasaw","0170",19899,1870,30,"total religious edifices from NHGIS table NT44 (AK8001)",7550,37.9416,15.0761,28200,,,1750.49,"wave_coverage_differs"
"G0500170",1870,1870,"Chicot, Arkansas","Chicot","Arkansas","050","Chicot","0170",7214,1870,3,"total religious edifices from NHGIS table NT44 (AK8001)",600,8.3172,4.1586,9000,,,2231.25,"wave_coverage_differs"
"G5350015",1870,1870,"Chihallis, Washington Territory","Chihallis","Washington Territory","535","Chihallis","0015",401,1870,,"total religious edifices from NHGIS table NT44 (AK8001)",,,,,,,5236.58,"wave_coverage_differs"
"G2600330",1870,1870,"Chippewa, Michigan","Chippewa","Michigan","260","Chippewa","0330",1689,1870,4,"total religious edifices from NHGIS table NT44 (AK8001)",700,41.4446,23.6827,6200,,,6029.49,"wave_coverage_differs"
"G2700230",1870,1870,"Chippewa, Minnesota","Chippewa","Minnesota","270","Chippewa","0230",1467,1870,,"total religious edifices from NHGIS table NT44 (AK8001)",,,,,,,2339.83,"wave_coverage_differs"
"G5500170",1870,1870,"Chippewa, Wisconsin","Chippewa","Wisconsin","550","Chippewa","0170",8311,1870,11,"total religious edifices from NHGIS table NT44 (AK8001)",3300,39.7064,13.2355,23900,,,10476.4,"wave_coverage_differs"
"G2700250",1870,1870,"Chisago, Minnesota","Chisago","Minnesota","270","Chisago","0250",4358,1870,3,"total religious edifices from NHGIS table NT44 (AK8001)",550,12.6205,6.8839,7200,,,1145.83,"wave_coverage_differs"
"G5000070",1870,1870,"Chittenden, Vermont","Chittenden","Vermont","500","Chittenden","0070",36480,1870,52,"total religious edifices from NHGIS table NT44 (AK8001)",27525,75.4523,14.2544,555900,,,1604.1,"wave_coverage_differs"
"G0100230",1870,1870,"Choctaw, Alabama","Choctaw","Alabama","010","Choctaw","0230",12676,1870,13,"total religious edifices from NHGIS table NT44 (AK8001)",2550,20.1168,10.2556,7600,,,2385.01,"wave_coverage_differs"
"G2800190",1870,1870,"Choctaw, Mississippi","Choctaw","Mississippi","280","Choctaw","0190",16988,1870,86,"total religious edifices from NHGIS table NT44 (AK8001)",25300,148.9287,50.624,49400,,,2302.18,"wave_coverage_differs"
"G3050055",1870,1870,"Choteau, Montana Territory","Chouteau","Montana Territory","305","Chouteau","0055",517,1870,,"total religious edifices from NHGIS table NT44 (AK8001)",,,,,,,55866.23,"wave_coverage_differs"
"G3700410",1870,1870,"Chowan, North Carolina","Chowan","North Carolina","370","Chowan","0410",6450,1870,15,"total religious edifices from NHGIS table NT44 (AK8001)",5150,79.845,23.2558,40300,,,447.68,"wave_coverage_differs"
"G1700210",1870,1870,"Christian, Illinois","Christian","Illinois","170","Christian","0210",20363,1870,27,"total religious edifices from NHGIS table NT44 (AK8001)",9825,48.2493,13.2593,91800,,,1853.51,"wave_coverage_differs"
"G2100470",1870,1870,"Christian, Kentucky","Christian","Kentucky","210","Christian","0470",23227,1870,33,"total religious edifices from NHGIS table NT44 (AK8001)",26400,113.6608,14.2076,70500,,,1875.22,"wave_coverage_differs"
"G2900430",1870,1870,"Christian, Missouri","Christian","Missouri","290","Christian","0430",6707,1870,8,"total religious edifices from NHGIS table NT44 (AK8001)",1575,23.4829,11.9278,4200,,,1460.3,"wave_coverage_differs"
"G3200010",1870,1870,"Churchill, Nevada","Churchill","Nevada","320","Churchill","0010",196,1870,,"total religious edifices from NHGIS table NT44 (AK8001)",,,,,,,13173.6,"wave_coverage_differs"
"G4100050",1870,1870,"Clackamas, Oregon","Clackamas","Oregon","410","Clackamas","0050",5993,1870,8,"total religious edifices from NHGIS table NT44 (AK8001)",1150,19.1891,13.3489,15500,,,4868.67,"wave_coverage_differs"
"G2200270",1870,1870,"Claiborne, Louisiana","Claiborne","Louisiana","220","Claiborne","0270",20240,1870,40,"total religious edifices from NHGIS table NT44 (AK8001)",7300,36.0672,19.7628,18000,,,2751.59,"wave_coverage_differs"
"G2800210",1870,1870,"Claiborne, Mississippi","Claiborne","Mississippi","280","Claiborne","0210",13386,1870,18,"total religious edifices from NHGIS table NT44 (AK8001)",5930,44.3,13.4469,103200,,,1266.18,"wave_coverage_differs"
"G4700250",1870,1870,"Claiborne, Tennessee","Claiborne","Tennessee","470","Claiborne","0250",9321,1870,25,"total religious edifices from NHGIS table NT44 (AK8001)",3830,41.09,26.8212,9200,,,1146.33,"wave_coverage_differs"
"G5350035",1870,1870,"Clallam, Washington Territory","Clallam","Washington Territory","535","Clallam","0035",408,1870,,"total religious edifices from NHGIS table NT44 (AK8001)",,,,,,,4568.18,"wave_coverage_differs"
"G2600350",1870,1870,"Clare, Michigan","Clare","Michigan","260","Clare","0350",366,1870,,"total religious edifices from NHGIS table NT44 (AK8001)",,,,,,,1490.09,"wave_coverage_differs"
"G4500270",1870,1870,"Clarendon, South Carolina","Clarendon","South Carolina","450","Clarendon","0270",14038,1870,39,"total religious edifices from NHGIS table NT44 (AK8001)",12150,86.5508,27.7817,36100,,,2077.08,"wave_coverage_differs"
"G4200310",1870,1870,"Clarion, Pennsylvania","Clarion","Pennsylvania","420","Clarion","0310",26537,1870,83,"total religious edifices from NHGIS table NT44 (AK8001)",23040,86.8222,31.2771,207850,,,1579.17,"wave_coverage_differs"
"G0500190",1870,1870,"Clark, Arkansas","Clark","Arkansas","050","Clark","0190",11953,1870,56,"total religious edifices from NHGIS table NT44 (AK8001)",12400,103.7396,46.8502,23550,,,2545.07,"wave_coverage_differs"
"G1700230",1870,1870,"Clark, Illinois","Clark","Illinois","170","Clark","0230",18719,1870,36,"total religious edifices from NHGIS table NT44 (AK8001)",10320,55.1312,19.2318,64050,,,1307.48,"wave_coverage_differs"
"G1800190",1870,1870,"Clark, Indiana","Clark","Indiana","180","Clark","0190",24770,1870,23,"total religious edifices from NHGIS table NT44 (AK8001)",9200,37.1417,9.2854,188000,,,973.89,"wave_coverage_differs"
"G2100490",1870,1870,"Clark, Kentucky","Clark","Kentucky","210","Clark","0490",10882,1870,27,"total religious edifices from NHGIS table NT44 (AK8001)",9700,89.138,24.8116,71300,,,661.71,"wave_coverage_differs"
"G2900450",1870,1870,"Clark, Missouri","Clark","Missouri","290","Clark","0450",13667,1870,27,"total religious edifices from NHGIS table NT44 (AK8001)",10300,75.364,19.7556,26000,,,1325.77,"wave_coverage_differs"
"G3900230",1870,1870,"Clark, Ohio","Clark","Ohio","390","Clark","0230",32070,1870,71,"total religious edifices from NHGIS table NT44 (AK8001)",26170,81.6027,22.1391,385530,,,1040.81,"wave_coverage_differs"
"G5350055",1870,1870,"Clark, Washington Territory","Clark","Washington Territory","535","Clark","0055",3081,1870,7,"total religious edifices from NHGIS table NT44 (AK8001)",1025,33.2684,22.7199,15150,,,3628.38,"wave_coverage_differs"
"G5500190",1870,1870,"Clark, Wisconsin","Clark","Wisconsin","550","Clark","0190",3450,1870,2,"total religious edifices from NHGIS table NT44 (AK8001)",350,10.1449,5.7971,3800,,,4186.1,"wave_coverage_differs"
"G0100250",1870,1870,"Clarke, Alabama","Clarke","Alabama","010","Clarke","0250",14663,1870,33,"total religious edifices from NHGIS table NT44 (AK8001)",6550,44.6703,22.5056,16500,,,3244.14,"wave_coverage_differs"
"G1300590",1870,1870,"Clarke, Georgia","Clarke","Georgia","130","Clarke","0590",12941,1870,20,"total religious edifices from NHGIS table NT44 (AK8001)",8300,64.1372,15.4548,68800,,,810.34,"wave_coverage_differs"
"G1900390",1870,1870,"Clarke, Iowa","Clarke","Iowa","190","Clarke","0390",8735,1870,17,"total religious edifices from NHGIS table NT44 (AK8001)",4500,51.5169,19.4619,40200,,,1118.24,"wave_coverage_differs"
"G2800230",1870,1870,"Clarke, Mississippi","Clarke","Mississippi","280","Clarke","0230",7505,1870,8,"total religious edifices from NHGIS table NT44 (AK8001)",2350,31.3125,10.6596,10400,,,1799.95,"wave_coverage_differs"
"G5100430",1870,1870,"Clarke, Virginia","Clarke","Virginia","510","Clarke","0430",6670,1870,14,"total religious edifices from NHGIS table NT44 (AK8001)",5050,75.7121,20.9895,35500,,,461.88,"wave_coverage_differs"
"G4100070",1870,1870,"Clatsop, Oregon","Clatsop","Oregon","410","Clatsop","0070",1255,1870,5,"total religious edifices from NHGIS table NT44 (AK8001)",1225,97.6096,39.8406,15000,,,1977.52,"wave_coverage_differs"
"G0100270",1870,1870,"Clay, Alabama","Clay","Alabama","010","Clay","0270",9560,1870,11,"total religious edifices from NHGIS table NT44 (AK8001)",2250,23.5356,11.5063,2750,,,1472.48,"wave_coverage_differs"
"G0950355",1870,1870,"Clay, Dakota Territory","Clay","Dakota Territory","095","Clay","0355",2621,1870,1,"total religious edifices from NHGIS table NT44 (AK8001)",200,7.6307,3.8153,1400,,,1080.63,"wave_coverage_differs"
"G1200190",1870,1870,"Clay, Florida","Clay","Florida","120","Clay","0190",2098,1870,5,"total religious edifices from NHGIS table NT44 (AK8001)",1100,52.4309,23.8322,1500,,,1507.58,"wave_coverage_differs"
"G1300610",1870,1870,"Clay, Georgia","Clay","Georgia","130","Clay","0610",5493,1870,13,"total religious edifices from NHGIS table NT44 (AK8001)",3750,68.2687,23.6665,14500,,,563.49,"wave_coverage_differs"
"G1700250",1870,1870,"Clay, Illinois","Clay","Illinois","170","Clay","0250",15875,1870,26,"total religious edifices from NHGIS table NT44 (AK8001)",9000,56.6929,16.378,60650,,,1216.23,"wave_coverage_differs"
"G1800210",1870,1870,"Clay, Indiana","Clay","Indiana","180","Clay","0210",19084,1870,41,"total religious edifices from NHGIS table NT44 (AK8001)",11400,59.7359,21.484,58500,,,933.23,"wave_coverage_differs"
"G1900410",1870,1870,"Clay, Iowa","Clay","Iowa","190","Clay","0410",1523,1870,,"total religious edifices from NHGIS table NT44 (AK8001)",,,,,,,1483.01,"wave_coverage_differs"
"G2000270",1870,1870,"Clay, Kansas","Clay","Kansas","200","Clay","0270",2942,1870,2,"total religious edifices from NHGIS table NT44 (AK8001)",550,18.6948,6.7981,8000,,,1698,"wave_coverage_differs"
"G2100510",1870,1870,"Clay, Kentucky","Clay","Kentucky","210","Clay","0510",8297,1870,16,"total religious edifices from NHGIS table NT44 (AK8001)",1600,19.2841,19.2841,2000,,,1802.95,"wave_coverage_differs"
"G2700270",1870,1870,"Clay, Minnesota","Clay","Minnesota","270","Clay","0270",92,1870,,"total religious edifices from NHGIS table NT44 (AK8001)",,,,,,,2726.34,"wave_coverage_differs"
"G2900470",1870,1870,"Clay, Missouri","Clay","Missouri","290","Clay","0470",15564,1870,41,"total religious edifices from NHGIS table NT44 (AK8001)",10700,68.7484,26.3428,52000,,,1058.27,"wave_coverage_differs"
"G3100350",1870,1870,"Clay, Nebraska","Clay","Nebraska","310","Clay","0350",54,1870,,"total religious edifices from NHGIS table NT44 (AK8001)",,,,,,,1485.46,"wave_coverage_differs"
"G3700430",1870,1870,"Clay, North Carolina","Clay","North Carolina","370","Clay","0430",2461,1870,12,"total religious edifices from NHGIS table NT44 (AK8001)",1900,77.2044,48.7607,4490,,,471.33,"wave_coverage_differs"
"G4800770",1870,1870,"Clay, Texas","Clay","Texas","480","Clay","0770",,1870,,"total religious edifices from NHGIS table NT44 (AK8001)",,,,,,,2892.39,"wave_coverage_differs"
"G5400150",1870,1870,"Clay, West Virginia","Clay","West Virginia","540","Clay","0150",2196,1870,2,"total religious edifices from NHGIS table NT44 (AK8001)",260,11.8397,9.1075,750,,,890.47,"wave_coverage_differs"
"G1300630",1870,1870,"Clayton, Georgia","Clayton","Georgia","130","Clayton","0630",5477,1870,12,"total religious edifices from NHGIS table NT44 (AK8001)",5900,107.7232,21.9098,11000,,,360.68,"wave_coverage_differs"
"G1900430",1870,1870,"Clayton, Iowa","Clayton","Iowa","190","Clayton","0430",27771,1870,27,"total religious edifices from NHGIS table NT44 (AK8001)",7000,25.2062,9.7224,113900,,,2052.99,"wave_coverage_differs"
"G0850075",1870,1870,"Clear Creek, Colorado Territory","Clear Creek","Colorado Territory","085","Clear Creek","0075",1596,1870,5,"total religious edifices from NHGIS table NT44 (AK8001)",1600,100.2506,31.3283,16400,,,1026.83,"wave_coverage_differs"
"G4200330",1870,1870,"Clearfield, Pennsylvania","Clearfield","Pennsylvania","420","Clearfield","0330",25741,1870,58,"total religious edifices from NHGIS table NT44 (AK8001)",18750,72.841,22.5321,192850,,,2988.68,"wave_coverage_differs"
"G0100290",1870,1870,"Cleburne, Alabama","Cleburne","Alabama","010","Cleburne","0290",8017,1870,6,"total religious edifices from NHGIS table NT44 (AK8001)",1900,23.6996,7.4841,3600,,,1446.84,"wave_coverage_differs"
"G3900250",1870,1870,"Clermont, Ohio","Clermont","Ohio","390","Clermont","0250",34268,1870,105,"total religious edifices from NHGIS table NT44 (AK8001)",32570,95.0449,30.6408,285200,,,1191.06,"wave_coverage_differs"
"G3700450",1870,1870,"Cleveland, North Carolina","Cleveland","North Carolina","370","Cleveland","0450",12696,1870,50,"total religious edifices from NHGIS table NT44 (AK8001)",9700,76.402,39.3825,15400,,,1201.95,"wave_coverage_differs"
"G1300650",1870,1870,"Clinch, Georgia","Clinch","Georgia","130","Clinch","0650",3945,1870,11,"total religious edifices from NHGIS table NT44 (AK8001)",1700,43.0925,27.8834,900,,,2347.25,"wave_coverage_differs"
"G1700270",1870,1870,"Clinton, Illinois","Clinton","Illinois","170","Clinton","0270",16285,1870,21,"total religious edifices from NHGIS table NT44 (AK8001)",11200,68.7749,12.8953,236000,,,1303.48,"wave_coverage_differs"
"G1800230",1870,1870,"Clinton, Indiana","Clinton","Indiana","180","Clinton","0230",17330,1870,34,"total religious edifices from NHGIS table NT44 (AK8001)",14300,82.5159,19.6192,67150,,,1049.61,"wave_coverage_differs"
"G1900450",1870,1870,"Clinton, Iowa","Clinton","Iowa","190","Clinton","0450",35357,1870,39,"total religious edifices from NHGIS table NT44 (AK8001)",11800,33.3739,11.0303,192400,,,1839.34,"wave_coverage_differs"
"G2100530",1870,1870,"Clinton, Kentucky","Clinton","Kentucky","210","Clinton","0530",6497,1870,18,"total religious edifices from NHGIS table NT44 (AK8001)",5800,89.272,27.7051,6350,,,532.15,"wave_coverage_differs"
"G2600370",1870,1870,"Clinton, Michigan","Clinton","Michigan","260","Clinton","0370",22845,1870,22,"total religious edifices from NHGIS table NT44 (AK8001)",7500,32.8299,9.6301,118000,,,1488.1,"wave_coverage_differs"
"G2900490",1870,1870,"Clinton, Missouri","Clinton","Missouri","290","Clinton","0490",14063,1870,24,"total religious edifices from NHGIS table NT44 (AK8001)",7000,49.776,17.0661,72000,,,1096.81,"wave_coverage_differs"
"G3600190",1870,1870,"Clinton, New York","Clinton","New York","360","Clinton","0190",47947,1870,53,"total religious edifices from NHGIS table NT44 (AK8001)",18305,38.1776,11.0539,284000,,,2894.38,"wave_coverage_differs"
"G3900270",1870,1870,"Clinton, Ohio","Clinton","Ohio","390","Clinton","0270",21914,1870,58,"total religious edifices from NHGIS table NT44 (AK8001)",16280,74.2904,26.4671,141000,,,1067.84,"wave_coverage_differs"
"G4200350",1870,1870,"Clinton, Pennsylvania","Clinton","Pennsylvania","420","Clinton","0350",23211,1870,32,"total religious edifices from NHGIS table NT44 (AK8001)",10550,45.4526,13.7866,188700,,,2320.18,"wave_coverage_differs"
"G2000290",1870,1870,"Cloud, Kansas","Cloud","Kansas","200","Cloud","0290",2323,1870,1,"total religious edifices from NHGIS table NT44 (AK8001)",300,12.9143,4.3048,4000,,,1859.58,"wave_coverage_differs"
"G2800270",1870,1870,"Coahoma, Mississippi","Coahoma","Mississippi","280","Coahoma","0270",7144,1870,12,"total religious edifices from NHGIS table NT44 (AK8001)",1200,16.7973,16.7973,8600,,,1563.68,"wave_coverage_differs"
"G1300670",1870,1870,"Cobb, Georgia","Cobb","Georgia","130","Cobb","0670",13814,1870,44,"total religious edifices from NHGIS table NT44 (AK8001)",18600,134.646,31.8517,50050,,,904.79,"wave_coverage_differs"
"G4700290",1870,1870,"Cocke, Tennessee","Cocke","Tennessee","470","Cocke","0290",12458,1870,18,"total religious edifices from NHGIS table NT44 (AK8001)",8300,66.6239,14.4485,9380,,,1147.68,"wave_coverage_differs"
"G0100310",1870,1870,"Coffee, Alabama","Coffee","Alabama","010","Coffee","0310",6171,1870,25,"total religious edifices from NHGIS table NT44 (AK8001)",5200,84.2651,40.5121,5750,,,1761.49,"wave_coverage_differs"
"G1300690",1870,1870,"Coffee, Georgia","Coffee","Georgia","130","Coffee","0690",3192,1870,11,"total religious edifices from NHGIS table NT44 (AK8001)",2150,67.3559,34.4612,670,,,2687.25,"wave_coverage_differs"
"G4700310",1870,1870,"Coffee, Tennessee","Coffee","Tennessee","470","Coffee","0310",10237,1870,12,"total religious edifices from NHGIS table NT44 (AK8001)",3600,35.1666,11.7222,14000,,,1106.66,"wave_coverage_differs"
"G2000310",1870,1870,"Coffey, Kansas","Coffey","Kansas","200","Coffey","0310",6201,1870,8,"total religious edifices from NHGIS table NT44 (AK8001)",1750,28.2213,12.9011,20200,,,1694.07,"wave_coverage_differs"
"G0100330",1870,1870,"Colbert (new), Alabama","Colbert","Alabama","010","Colbert","0330",12537,1870,30,"total religious edifices from NHGIS table NT44 (AK8001)",4900,39.0843,23.9292,8800,,,1428.06,"wave_coverage_differs"
"G2900510",1870,1870,"Cole, Missouri","Cole","Missouri","290","Cole","0510",10292,1870,23,"total religious edifices from NHGIS table NT44 (AK8001)",5800,56.3545,22.3475,85000,,,1029.02,"wave_coverage_differs"
"G4800830",1870,1870,"Coleman, Texas","Coleman","Texas","480","Coleman","0830",347,1870,,"total religious edifices from NHGIS table NT44 (AK8001)",,,,,,,3319.02,"wave_coverage_differs"
"G1700290",1870,1870,"Coles, Illinois","Coles","Illinois","170","Coles","0290",25235,1870,52,"total religious edifices from NHGIS table NT44 (AK8001)",19290,76.4415,20.6063,126000,,,1321.08,"wave_coverage_differs"
"G3100370",1870,1870,"Colfax, Nebraska","Colfax","Nebraska","310","Colfax","0370",1424,1870,2,"total religious edifices from NHGIS table NT44 (AK8001)",700,49.1573,14.0449,3000,,,1085.7,"wave_coverage_differs"
"G3550075",1870,1870,"Colfax, New Mexico Territory","Colfax","New Mexico Territory","355","Colfax","0075",1992,1870,1,"total religious edifices from NHGIS table NT44 (AK8001)",300,15.0602,5.0201,1500,,,15293.65,"wave_coverage_differs"
"G4500290",1870,1870,"Colleton, South Carolina","Colleton","South Carolina","450","Colleton","0290",25410,1870,71,"total religious edifices from NHGIS table NT44 (AK8001)",17300,68.0834,27.9418,158300,,,4791.46,"wave_coverage_differs"
"G4800850",1870,1870,"Collin, Texas","Collin","Texas","480","Collin","0850",14013,1870,3,"total religious edifices from NHGIS table NT44 (AK8001)",1200,8.5635,2.1409,5000,,,2294.99,"wave_coverage_differs"
"G4800890",1870,1870,"Colorado, Texas","Colorado","Texas","480","Colorado","0890",8326,1870,2,"total religious edifices from NHGIS table NT44 (AK8001)",1000,12.0106,2.4021,13000,,,2484.7,"wave_coverage_differs"
"G1300710",1870,1870,"Colquitt, Georgia","Colquitt","Georgia","130","Colquitt","0710",1654,1870,6,"total religious edifices from NHGIS table NT44 (AK8001)",2200,133.0109,36.2757,4300,,,1460.12,"wave_coverage_differs"
"G0500270",1870,1870,"Columbia, Arkansas","Columbia","Arkansas","050","Columbia","0270",11397,1870,41,"total religious edifices from NHGIS table NT44 (AK8001)",4100,35.9744,35.9744,4100,,,2466.09,"wave_coverage_differs"
"G1200230",1870,1870,"Columbia, Florida","Columbia","Florida","120","Columbia","0230",7335,1870,24,"total religious edifices from NHGIS table NT44 (AK8001)",3950,53.8514,32.7198,7100,,,2080.33,"wave_coverage_differs"
"G1300730",1870,1870,"Columbia, Georgia","Columbia","Georgia","130","Columbia","0730",13529,1870,24,"total religious edifices from NHGIS table NT44 (AK8001)",8400,62.0888,17.7397,39700,,,1234.56,"wave_coverage_differs"
"G3600210",1870,1870,"Columbia, New York","Columbia","New York","360","Columbia","0210",47044,1870,99,"total religious edifices from NHGIS table NT44 (AK8001)",34705,73.7714,21.0441,790540,,,1679,"wave_coverage_differs"
"G4100090",1870,1870,"Columbia, Oregon","Columbia","Oregon","410","Columbia","0090",863,1870,1,"total religious edifices from NHGIS table NT44 (AK8001)",200,23.175,11.5875,1500,,,2239.94,"wave_coverage_differs"
"G4200370",1870,1870,"Columbia, Pennsylvania","Columbia","Pennsylvania","420","Columbia","0370",28766,1870,80,"total religious edifices from NHGIS table NT44 (AK8001)",25200,87.6034,27.8106,280100,,,1268.45,"wave_coverage_differs"
"G5500210",1870,1870,"Columbia, Wisconsin","Columbia","Wisconsin","550","Columbia","0210",28802,1870,44,"total religious edifices from NHGIS table NT44 (AK8001)",9200,31.9422,15.2767,111000,,,2061.59,"wave_coverage_differs"
"G3900290",1870,1870,"Columbiana, Ohio","Columbiana","Ohio","390","Columbiana","0290",38299,1870,122,"total religious edifices from NHGIS table NT44 (AK8001)",36870,96.2688,31.8546,338500,,,1384.77,"wave_coverage_differs"
"G3700470",1870,1870,"Columbus, North Carolina","Columbus","North Carolina","370","Columbus","0470",8474,1870,30,"total religious edifices from NHGIS table NT44 (AK8001)",5800,68.4447,35.4024,9600,,,2094.5,"wave_coverage_differs"
"G0600110",1870,1870,"Colusa, California","Colusa","California","060","Colusa","0110",6165,1870,5,"total religious edifices from NHGIS table NT44 (AK8001)",1900,30.8191,8.1103,26500,,,5927.27,"wave_coverage_differs"
"G4800910",1870,1870,"Comal, Texas","Comal","Texas","480","Comal","0910",5283,1870,4,"total religious edifices from NHGIS table NT44 (AK8001)",1200,22.7144,7.5715,9200,,,1488.93,"wave_coverage_differs"
"G4800930",1870,1870,"Comanche, Texas","Comanche","Texas","480","Comanche","0930",1001,1870,2,"total religious edifices from NHGIS table NT44 (AK8001)",200,19.98,19.98,350,,,2588.35,"wave_coverage_differs"
"G4800950",1870,1870,"Concho, Texas","Concho","Texas","480","Concho","0950",,1870,,"total religious edifices from NHGIS table NT44 (AK8001)",,,,,,,2573.64,"wave_coverage_differs"
"G2200290",1870,1870,"Concordia, Louisiana","Concordia","Louisiana","220","Concordia","0290",9977,1870,7,"total religious edifices from NHGIS table NT44 (AK8001)",1800,18.0415,7.0161,3500,,,1964.97,"wave_coverage_differs"
"G0100350",1870,1870,"Conecuh, Alabama","Conecuh","Alabama","010","Conecuh","0350",9574,1870,35,"total religious edifices from NHGIS table NT44 (AK8001)",8250,86.1709,36.5573,16400,,,2129.58,"wave_coverage_differs"
"G0850095",1870,1870,"Conejos, Colorado Territory","Conejos","Colorado Territory","085","Conejos","0095",2504,1870,2,"total religious edifices from NHGIS table NT44 (AK8001)",3000,119.8083,7.9872,7000,,,24064.36,"wave_coverage_differs"
"G0600130",1870,1870,"Contra Costa, California","Contra Costa","California","060","Contra Costa","0130",8461,1870,16,"total religious edifices from NHGIS table NT44 (AK8001)",5500,65.0041,18.9103,28450,,,1914.81,"wave_coverage_differs"
"G0500290",1870,1870,"Conway, Arkansas","Conway","Arkansas","050","Conway","0290",8112,1870,35,"total religious edifices from NHGIS table NT44 (AK8001)",4500,55.4734,43.146,10500,,,2672.8,"wave_coverage_differs"
"G1700310",1870,1870,"Cook, Illinois","Cook","Illinois","170","Cook","0310",349966,1870,210,"total religious edifices from NHGIS table NT44 (AK8001)",139499,39.8607,6.0006,8427350,,,2480.87,"wave_coverage_differs"
"G4800970",1870,1870,"Cooke, Texas","Cooke","Texas","480","Cooke","0970",5315,1870,1,"total religious edifices from NHGIS table NT44 (AK8001)",500,9.4073,1.8815,1500,,,2327.05,"wave_coverage_differs"
"G2900530",1870,1870,"Cooper, Missouri","Cooper","Missouri","290","Cooper","0530",20692,1870,45,"total religious edifices from NHGIS table NT44 (AK8001)",17300,83.6072,21.7475,198500,,,1473.92,"wave_coverage_differs"
"G3300070",1870,1870,"Coos, New Hampshire","Coos","New Hampshire","330","Coos","0070",14932,1870,23,"total religious edifices from NHGIS table NT44 (AK8001)",5050,33.82,15.4032,49500,,,4738.54,"wave_coverage_differs"
"G4100110",1870,1870,"Coos, Oregon","Coos","Oregon","410","Coos","0110",1644,1870,,"total religious edifices from NHGIS table NT44 (AK8001)",,,,,,,4398.85,"wave_coverage_differs"
"G0100370",1870,1870,"Coosa, Alabama","Coosa","Alabama","010","Coosa","0370",11945,1870,67,"total religious edifices from NHGIS table NT44 (AK8001)",19450,162.8296,56.0904,28200,,,1725.55,"wave_coverage_differs"
"G2800290",1870,1870,"Copiah, Mississippi","Copiah","Mississippi","280","Copiah","0290",20608,1870,23,"total religious edifices from NHGIS table NT44 (AK8001)",11000,53.3773,11.1607,20000,,,2018.83,"wave_coverage_differs"
"G3600230",1870,1870,"Cortland, New York","Cortland","New York","360","Cortland","0230",25173,1870,54,"total religious edifices from NHGIS table NT44 (AK8001)",18575,73.7894,21.4516,192750,,,1298.93,"wave_coverage_differs"
"G4800990",1870,1870,"Coryell, Texas","Coryell","Texas","480","Coryell","0990",4124,1870,5,"total religious edifices from NHGIS table NT44 (AK8001)",1900,46.0718,12.1242,3800,,,2736.98,"wave_coverage_differs"
"G3900310",1870,1870,"Coshocton, Ohio","Coshocton","Ohio","390","Coshocton","0310",23600,1870,74,"total religious edifices from NHGIS table NT44 (AK8001)",21190,89.7881,31.3559,187150,,,1469.77,"wave_coverage_differs"
"G0850115",1870,1870,"Costilla, Colorado Territory","Costilla","Colorado Territory","085","Costilla","0115",1779,1870,5,"total religious edifices from NHGIS table NT44 (AK8001)",4000,224.8454,28.1057,13000,,,5092.07,"wave_coverage_differs"
"G2700330",1870,1870,"Cottonwood, Minnesota","Cottonwood","Minnesota","270","Cottonwood","0330",534,1870,,"total religious edifices from NHGIS table NT44 (AK8001)",,,,,,,1679.76,"wave_coverage_differs"
"G0100390",1870,1870,"Covington, Alabama","Covington","Alabama","010","Covington","0390",4868,1870,20,"total religious edifices from NHGIS table NT44 (AK8001)",3850,79.0879,41.0846,4050,,,2722.58,"wave_coverage_differs"
"G2800310",1870,1870,"Covington, Mississippi","Covington","Mississippi","280","Covington","0310",4753,1870,19,"total religious edifices from NHGIS table NT44 (AK8001)",5000,105.1967,39.9748,10500,,,1557.2,"wave_coverage_differs"
"G1300770",1870,1870,"Coweta, Georgia","Coweta","Georgia","130","Coweta","0770",15875,1870,34,"total religious edifices from NHGIS table NT44 (AK8001)",15555,97.9843,21.4173,33300,,,1157.71,"wave_coverage_differs"
"G2000350",1870,1870,"Cowley, Kansas","Cowley","Kansas","200","Cowley","0350",1175,1870,0,"total religious edifices from NHGIS table NT44 (AK8001)",0,0,0,0,,,2932.99,"wave_coverage_differs"
"G5350095",1870,1870,"Cowlitz, Washington Territory","Cowlitz","Washington Territory","535","Cowlitz","0095",730,1870,2,"total religious edifices from NHGIS table NT44 (AK8001)",300,41.0959,27.3973,2400,,,1090.33,"wave_coverage_differs"
"G5100450",1870,1870,"Craig, Virginia","Craig","Virginia","510","Craig","0450",2942,1870,9,"total religious edifices from NHGIS table NT44 (AK8001)",1575,53.535,30.5914,6500,,,856.29,"wave_coverage_differs"
"G0500310",1870,1870,"Craighead, Arkansas","Craighead","Arkansas","050","Craighead","0310",4577,1870,4,"total religious edifices from NHGIS table NT44 (AK8001)",775,16.9325,8.7393,900,,,1845.83,"wave_coverage_differs"
"G3700490",1870,1870,"Craven, North Carolina","Craven","North Carolina","370","Craven","0490",20516,1870,12,"total religious edifices from NHGIS table NT44 (AK8001)",5950,29.0018,5.8491,43900,,,2909.71,"wave_coverage_differs"
"G0500330",1870,1870,"Crawford, Arkansas","Crawford","Arkansas","050","Crawford","0330",8957,1870,10,"total religious edifices from NHGIS table NT44 (AK8001)",2000,22.3289,11.1645,12300,,,1389.28,"wave_coverage_differs"
"G1300790",1870,1870,"Crawford, Georgia","Crawford","Georgia","130","Crawford","0790",7557,1870,17,"total religious edifices from NHGIS table NT44 (AK8001)",3600,47.638,22.4957,5200,,,845.68,"wave_coverage_differs"
"G1700330",1870,1870,"Crawford, Illinois","Crawford","Illinois","170","Crawford","0330",13889,1870,33,"total religious edifices from NHGIS table NT44 (AK8001)",8880,63.9355,23.7598,38500,,,1154.65,"wave_coverage_differs"
"G1800250",1870,1870,"Crawford, Indiana","Crawford","Indiana","180","Crawford","0250",9851,1870,13,"total religious edifices from NHGIS table NT44 (AK8001)",3500,35.5294,13.1966,7100,,,800,"wave_coverage_differs"
"G1900470",1870,1870,"Crawford, Iowa","Crawford","Iowa","190","Crawford","0470",2530,1870,2,"total religious edifices from NHGIS table NT44 (AK8001)",600,23.7154,7.9051,11300,,,1851.94,"wave_coverage_differs"
"G2000370",1870,1870,"Crawford, Kansas","Crawford","Kansas","200","Crawford","0370",8160,1870,3,"total religious edifices from NHGIS table NT44 (AK8001)",850,10.4167,3.6765,5300,,,1541.08,"wave_coverage_differs"
"G2900550",1870,1870,"Crawford, Missouri","Crawford","Missouri","290","Crawford","0550",7982,1870,6,"total religious edifices from NHGIS table NT44 (AK8001)",900,11.2754,7.5169,9500,,,1926.31,"wave_coverage_differs"
"G3900330",1870,1870,"Crawford, Ohio","Crawford","Ohio","390","Crawford","0330",25556,1870,86,"total religious edifices from NHGIS table NT44 (AK8001)",26710,104.5156,33.6516,261900,,,1042.98,"wave_coverage_differs"
"G4200390",1870,1870,"Crawford, Pennsylvania","Crawford","Pennsylvania","420","Crawford","0390",63832,1870,103,"total religious edifices from NHGIS table NT44 (AK8001)",40210,62.9935,16.1361,652200,,,2687.64,"wave_coverage_differs"
"G5500230",1870,1870,"Crawford, Wisconsin","Crawford","Wisconsin","550","Crawford","0230",13075,1870,15,"total religious edifices from NHGIS table NT44 (AK8001)",4750,36.3289,11.4723,34000,,,1551.96,"wave_coverage_differs"
"G0100410",1870,1870,"Crenshaw, Alabama","Crenshaw","Alabama","010","Crenshaw","0410",11156,1870,14,"total religious edifices from NHGIS table NT44 (AK8001)",3100,27.7877,12.5493,4750,,,1560.73,"wave_coverage_differs"
"G0500350",1870,1870,"Crittenden, Arkansas","Crittenden","Arkansas","050","Crittenden","0350",3831,1870,1,"total religious edifices from NHGIS table NT44 (AK8001)",300,7.8309,2.6103,500,,,1898.67,"wave_coverage_differs"
"G2100550",1870,1870,"Crittenden, Kentucky","Crittenden","Kentucky","210","Crittenden","0550",9381,1870,27,"total religious edifices from NHGIS table NT44 (AK8001)",8600,91.6747,28.7816,14500,,,960.81,"wave_coverage_differs"
"G0500370",1870,1870,"Cross, Arkansas","Cross","Arkansas","050","Cross","0370",3915,1870,7,"total religious edifices from NHGIS table NT44 (AK8001)",1700,43.4227,17.8799,4800,,,1694.02,"wave_coverage_differs"
"G2700350",1870,1870,"Crow Wing, Minnesota","Crow Wing","Minnesota","270","Crow Wing","0350",200,1870,2,"total religious edifices from NHGIS table NT44 (AK8001)",275,137.5,100,2200,,,1423.18,"wave_coverage_differs"
"G5100470",1870,1870,"Culpeper, Virginia","Culpeper","Virginia","510","Culpeper","0470",12227,1870,23,"total religious edifices from NHGIS table NT44 (AK8001)",5800,47.436,18.8108,89300,,,990.78,"wave_coverage_differs"
"G1700350",1870,1870,"Cumberland, Illinois","Cumberland","Illinois","170","Cumberland","0350",12223,1870,15,"total religious edifices from NHGIS table NT44 (AK8001)",5000,40.9065,12.2719,19300,,,898.73,"wave_coverage_differs"
"G2100570",1870,1870,"Cumberland, Kentucky","Cumberland","Kentucky","210","Cumberland","0570",7690,1870,5,"total religious edifices from NHGIS table NT44 (AK8001)",1900,24.7074,6.502,6500,,,799.21,"wave_coverage_differs"
"G2300050",1870,1870,"Cumberland, Maine","Cumberland","Maine","230","Cumberland","0050",82021,1870,129,"total religious edifices from NHGIS table NT44 (AK8001)",58945,71.8657,15.7277,1531113,,,2497.1,"wave_coverage_differs"
"G3400110",1870,1870,"Cumberland, New Jersey","Cumberland","New Jersey","340","Cumberland","0110",34665,1870,71,"total religious edifices from NHGIS table NT44 (AK8001)",25858,74.594,20.4818,570250,,,1354.73,"wave_coverage_differs"
"G3700510",1870,1870,"Cumberland, North Carolina","Cumberland","North Carolina","370","Cumberland","0510",17035,1870,26,"total religious edifices from NHGIS table NT44 (AK8001)",10500,61.6378,15.2627,69000,,,2361.72,"wave_coverage_differs"
"G4200410",1870,1870,"Cumberland, Pennsylvania","Cumberland","Pennsylvania","420","Cumberland","0410",43912,1870,99,"total religious edifices from NHGIS table NT44 (AK8001)",39700,90.4081,22.5451,717200,,,1425.26,"wave_coverage_differs"
"G4700350",1870,1870,"Cumberland, Tennessee","Cumberland","Tennessee","470","Cumberland","0350",3461,1870,10,"total religious edifices from NHGIS table NT44 (AK8001)",3900,112.6842,28.8934,2800,,,1775.8,"wave_coverage_differs"
"G5100490",1870,1870,"Cumberland, Virginia","Cumberland","Virginia","510","Cumberland","0490",8142,1870,15,"total religious edifices from NHGIS table NT44 (AK8001)",3500,42.987,18.423,38500,,,776.37,"wave_coverage_differs"
"G3100390",1870,1870,"Cuming, Nebraska","Cuming","Nebraska","310","Cuming","0390",2964,1870,3,"total religious edifices from NHGIS table NT44 (AK8001)",850,28.6775,10.1215,4000,,,1305.77,"wave_coverage_differs"
"G3700530",1870,1870,"Currituck, North Carolina","Currituck","North Carolina","370","Currituck","0530",5131,1870,13,"total religious edifices from NHGIS table NT44 (AK8001)",2800,54.5703,25.3362,9000,,,837.38,"wave_coverage_differs"
"G4100150",1870,1870,"Curry, Oregon","Curry","Oregon","410","Curry","0150",504,1870,0,"total religious edifices from NHGIS table NT44 (AK8001)",0,0,0,0,,,4310.4,"wave_coverage_differs"
"G3900350",1870,1870,"Cuyahoga, Ohio","Cuyahoga","Ohio","390","Cuyahoga","0350",132010,1870,136,"total religious edifices from NHGIS table NT44 (AK8001)",73030,55.3216,10.3022,1610898,,,1189.72,"wave_coverage_differs"
"G1200250",1870,1870,"Dade, Florida","Dade","Florida","120","Dade","0250",85,1870,0,"total religious edifices from NHGIS table NT44 (AK8001)",0,0,0,0,,,18766.98,"wave_coverage_differs"
"G1300830",1870,1870,"Dade, Georgia","Dade","Georgia","130","Dade","0830",3033,1870,15,"total religious edifices from NHGIS table NT44 (AK8001)",3450,113.7488,49.456,4700,,,451.07,"wave_coverage_differs"
"G2900570",1870,1870,"Dade, Missouri","Dade","Missouri","290","Dade","0570",8683,1870,22,"total religious edifices from NHGIS table NT44 (AK8001)",7500,86.3757,25.3369,31500,,,1311.19,"wave_coverage_differs"
"G2700370",1870,1870,"Dakota, Minnesota","Dakota","Minnesota","270","Dakota","0370",16312,1870,23,"total religious edifices from NHGIS table NT44 (AK8001)",7200,44.1393,14.1,113500,,,1534.83,"wave_coverage_differs"
"G3100430",1870,1870,"Dakota, Nebraska","Dakota","Nebraska","310","Dakota","0430",2040,1870,3,"total religious edifices from NHGIS table NT44 (AK8001)",550,26.9608,14.7059,6000,,,692.62,"wave_coverage_differs"
"G0100450",1870,1870,"Dale, Alabama","Dale","Alabama","010","Dale","0450",11325,1870,29,"total religious edifices from NHGIS table NT44 (AK8001)",8500,75.0552,25.6071,9300,,,1660.89,"wave_coverage_differs"
"G0100470",1870,1870,"Dallas, Alabama","Dallas","Alabama","010","Dallas","0470",40705,1870,38,"total religious edifices from NHGIS table NT44 (AK8001)",10700,26.2867,9.3355,118700,,,2680.3,"wave_coverage_differs"
"G0500390",1870,1870,"Dallas, Arkansas","Dallas","Arkansas","050","Dallas","0390",5707,1870,25,"total religious edifices from NHGIS table NT44 (AK8001)",6850,120.028,43.8059,7050,,,2021.51,"wave_coverage_differs"
"G1900490",1870,1870,"Dallas, Iowa","Dallas","Iowa","190","Dallas","0490",12019,1870,14,"total religious edifices from NHGIS table NT44 (AK8001)",3080,25.6261,11.6482,27750,,,1532.49,"wave_coverage_differs"
"G2900590",1870,1870,"Dallas, Missouri","Dallas","Missouri","290","Dallas","0590",8383,1870,9,"total religious edifices from NHGIS table NT44 (AK8001)",3875,46.2245,10.736,8400,,,1405.97,"wave_coverage_differs"
"G4801130",1870,1870,"Dallas, Texas","Dallas","Texas","480","Dallas","1130",13314,1870,10,"total religious edifices from NHGIS table NT44 (AK8001)",3800,28.5414,7.5109,8000,,,2353.31,"wave_coverage_differs"
"G5500250",1870,1870,"Dane, Wisconsin","Dane","Wisconsin","550","Dane","0250",53096,1870,61,"total religious edifices from NHGIS table NT44 (AK8001)",22250,41.9052,11.4886,163200,,,3207.04,"wave_coverage_differs"
"G3700550",1870,1870,"Dare, North Carolina","Dare","North Carolina","370","Dare","0550",2778,1870,11,"total religious edifices from NHGIS table NT44 (AK8001)",2800,100.7919,39.5968,2800,,,849.35,"wave_coverage_differs"
"G3900370",1870,1870,"Darke, Ohio","Darke","Ohio","390","Darke","0370",32278,1870,61,"total religious edifices from NHGIS table NT44 (AK8001)",18650,57.7793,18.8983,120200,,,1553.34,"wave_coverage_differs"
"G4500310",1870,1870,"Darlington, South Carolina","Darlington","South Carolina","450","Darlington","0310",26243,1870,29,"total religious edifices from NHGIS table NT44 (AK8001)",10500,40.0107,11.0506,71600,,,2206.93,"wave_coverage_differs"
"G4200430",1870,1870,"Dauphin, Pennsylvania","Dauphin","Pennsylvania","420","Dauphin","0430",60740,1870,127,"total religious edifices from NHGIS table NT44 (AK8001)",47670,78.4821,20.9088,1294600,,,1445.43,"wave_coverage_differs"
"G3700570",1870,1870,"Davidson, North Carolina","Davidson","North Carolina","370","Davidson","0570",17414,1870,35,"total religious edifices from NHGIS table NT44 (AK8001)",9800,56.2766,20.0988,19350,,,1527.15,"wave_coverage_differs"
"G4700370",1870,1870,"Davidson, Tennessee","Davidson","Tennessee","470","Davidson","0370",62897,1870,82,"total religious edifices from NHGIS table NT44 (AK8001)",37850,60.1778,13.0372,987300,,,1355.67,"wave_coverage_differs"
"G3700590",1870,1870,"Davie, North Carolina","Davie","North Carolina","370","Davie","0590",9620,1870,20,"total religious edifices from NHGIS table NT44 (AK8001)",10900,113.3056,20.79,12000,,,691.62,"wave_coverage_differs"
"G1800270",1870,1870,"Daviess, Indiana","Daviess","Indiana","180","Daviess","0270",16747,1870,37,"total religious edifices from NHGIS table NT44 (AK8001)",9800,58.5179,22.0935,83800,,,1131.47,"wave_coverage_differs"
"G2100590",1870,1870,"Daviess, Kentucky","Daviess","Kentucky","210","Daviess","0590",20714,1870,41,"total religious edifices from NHGIS table NT44 (AK8001)",15500,74.8286,19.7934,119500,,,1233.34,"wave_coverage_differs"
"G2900610",1870,1870,"Daviess, Missouri","Daviess","Missouri","290","Daviess","0610",14410,1870,20,"total religious edifices from NHGIS table NT44 (AK8001)",5200,36.0861,13.8793,50000,,,1473.83,"wave_coverage_differs"
"G1900510",1870,1870,"Davis, Iowa","Davis","Iowa","190","Davis","0510",15565,1870,22,"total religious edifices from NHGIS table NT44 (AK8001)",7100,45.6152,14.1343,27600,,,1307.56,"wave_coverage_differs"
"G2000375",1870,1870,"Davis, Kansas","Davis","Kansas","200","Davis","0375",5526,1870,6,"total religious edifices from NHGIS table NT44 (AK8001)",1600,28.954,10.8578,35800,,,1028.45,"wave_coverage_differs"
"G4801135",1870,1870,"Davis, Texas","Davis","Texas","480","Davis","1135",8875,1870,5,"total religious edifices from NHGIS table NT44 (AK8001)",1800,20.2817,5.6338,3700,,,2487.22,"wave_coverage_differs"
"G4950115",1870,1870,"Davis, Utah Territory","Davis","Utah Territory","495","Davis","0115",4459,1870,5,"total religious edifices from NHGIS table NT44 (AK8001)",3000,67.2797,11.2133,50000,,,663.26,"wave_coverage_differs"
"G1300850",1870,1870,"Dawson, Georgia","Dawson","Georgia","130","Dawson","0850",4369,1870,18,"total religious edifices from NHGIS table NT44 (AK8001)",5200,119.0204,41.1994,3900,,,555.35,"wave_coverage_differs"
"G3050095",1870,1870,"Dawson, Montana Territory","Dawson","Montana Territory","305","Dawson","0095",177,1870,,"total religious edifices from NHGIS table NT44 (AK8001)",,,,,,,65822.71,"wave_coverage_differs"
"G3100470",1870,1870,"Dawson, Nebraska","Dawson","Nebraska","310","Dawson","0470",103,1870,,"total religious edifices from NHGIS table NT44 (AK8001)",,,,,,,5585.25,"wave_coverage_differs"
"G1700370",1870,1870,"De Kalb, Illinois","De Kalb","Illinois","170","DeKalb","0370",23265,1870,40,"total religious edifices from NHGIS table NT44 (AK8001)",11538,49.5938,17.1932,153850,,,1643.71,"wave_coverage_differs"
"G1800330",1870,1870,"De Kalb, Indiana","De Kalb","Indiana","180","DeKalb","0330",17167,1870,42,"total religious edifices from NHGIS table NT44 (AK8001)",11675,68.0084,24.4655,66300,,,942.39,"wave_coverage_differs"
"G2900630",1870,1870,"De Kalb, Missouri","De Kalb","Missouri","290","DeKalb","0630",9858,1870,7,"total religious edifices from NHGIS table NT44 (AK8001)",1950,19.7809,7.1008,8800,,,1102.86,"wave_coverage_differs"
"G4700410",1870,1870,"De Kalb, Tennessee","De Kalb","Tennessee","470","DeKalb","0410",11425,1870,13,"total religious edifices from NHGIS table NT44 (AK8001)",8500,74.3982,11.3786,12000,,,852.07,"wave_coverage_differs"
"G2200310",1870,1870,"De Soto, Louisiana","De Soto","Louisiana","220","De Soto","0310",14962,1870,4,"total religious edifices from NHGIS table NT44 (AK8001)",2800,18.7141,2.6734,12000,,,2316.98,"wave_coverage_differs"
"G2800330",1870,1870,"De Soto, Mississippi","De Soto","Mississippi","280","DeSoto","0330",32021,1870,41,"total religious edifices from NHGIS table NT44 (AK8001)",9300,29.0434,12.8041,37000,,,2237.19,"wave_coverage_differs"
"G1700390",1870,1870,"De Witt, Illinois","De Witt","Illinois","170","De Witt","0390",14768,1870,30,"total religious edifices from NHGIS table NT44 (AK8001)",9480,64.1928,20.3142,97300,,,1049.17,"wave_coverage_differs"
"G4801230",1870,1870,"De Witt, Texas","De Witt","Texas","480","DeWitt","1230",6443,1870,14,"total religious edifices from NHGIS table NT44 (AK8001)",4300,66.7391,21.729,15000,,,2358.16,"wave_coverage_differs"
"G1800290",1870,1870,"Dearborn, Indiana","Dearborn","Indiana","180","Dearborn","0290",24116,1870,45,"total religious edifices from NHGIS table NT44 (AK8001)",17950,74.4319,18.6598,394300,,,795.58,"wave_coverage_differs"
"G1300870",1870,1870,"Decatur, Georgia","Decatur","Georgia","130","Decatur","0870",15183,1870,42,"total religious edifices from NHGIS table NT44 (AK8001)",8975,59.1122,27.6625,24950,,,3015.86,"wave_coverage_differs"
"G1800310",1870,1870,"Decatur, Indiana","Decatur","Indiana","180","Decatur","0310",19053,1870,47,"total religious edifices from NHGIS table NT44 (AK8001)",14750,77.4156,24.668,223400,,,966.9,"wave_coverage_differs"
"G1900530",1870,1870,"Decatur, Iowa","Decatur","Iowa","190","Decatur","0530",12018,1870,9,"total religious edifices from NHGIS table NT44 (AK8001)",1575,13.1053,7.4888,15050,,,1381.71,"wave_coverage_differs"
"G4700390",1870,1870,"Decatur, Tennessee","Decatur","Tennessee","470","Decatur","0390",7772,1870,26,"total religious edifices from NHGIS table NT44 (AK8001)",5000,64.3335,33.4534,10700,,,906.13,"wave_coverage_differs"
"G3050115",1870,1870,"Deer Lodge, Montana Territory","Deer Lodge","Montana Territory","305","Deer Lodge","0115",4367,1870,1,"total religious edifices from NHGIS table NT44 (AK8001)",200,4.5798,2.2899,3000,,,30645.95,"wave_coverage_differs"
"G3900390",1870,1870,"Defiance, Ohio","Defiance","Ohio","390","Defiance","0390",15719,1870,24,"total religious edifices from NHGIS table NT44 (AK8001)",7100,45.1683,15.2681,50100,,,1072.74,"wave_coverage_differs"
"G0100490",1870,1870,"Dekalb, Alabama","Dekalb","Alabama","010","DeKalb","0490",7126,1870,25,"total religious edifices from NHGIS table NT44 (AK8001)",4150,58.2374,35.0828,4300,,,2099.25,"wave_coverage_differs"
"G1300890",1870,1870,"DeKalb, Georgia","De Kalb","Georgia","130","DeKalb","0890",10014,1870,30,"total religious edifices from NHGIS table NT44 (AK8001)",10650,106.3511,29.9581,22350,,,702.25,"wave_coverage_differs"
"G0600150",1870,1870,"Del Norte, California","Del Norte","California","060","Del Norte","0150",2022,1870,2,"total religious edifices from NHGIS table NT44 (AK8001)",375,18.546,9.8912,2100,,,3725.88,"wave_coverage_differs"
"G1800350",1870,1870,"Delaware, Indiana","Delaware","Indiana","180","Delaware","0350",19030,1870,32,"total religious edifices from NHGIS table NT44 (AK8001)",7900,41.5134,16.8156,104400,,,1025.4,"wave_coverage_differs"
"G1900550",1870,1870,"Delaware, Iowa","Delaware","Iowa","190","Delaware","0550",17432,1870,25,"total religious edifices from NHGIS table NT44 (AK8001)",7075,40.5863,14.3414,67800,,,1499.46,"wave_coverage_differs"
"G3600250",1870,1870,"Delaware, New York","Delaware","New York","360","Delaware","0250",42972,1870,78,"total religious edifices from NHGIS table NT44 (AK8001)",24125,56.1412,18.1514,252500,,,3802.15,"wave_coverage_differs"
"G3900410",1870,1870,"Delaware, Ohio","Delaware","Ohio","390","Delaware","0410",25175,1870,86,"total religious edifices from NHGIS table NT44 (AK8001)",27175,107.9444,34.1609,227250,,,1184.48,"wave_coverage_differs"
"G4200450",1870,1870,"Delaware, Pennsylvania","Delaware","Pennsylvania","420","Delaware","0450",39403,1870,61,"total religious edifices from NHGIS table NT44 (AK8001)",25520,64.7666,15.4811,561000,,,493.96,"wave_coverage_differs"
"G2600410",1870,1870,"Delta, Michigan","Delta","Michigan","260","Delta","0410",2542,1870,3,"total religious edifices from NHGIS table NT44 (AK8001)",650,25.5704,11.8017,3500,,,3056.37,"wave_coverage_differs"
"G2900650",1870,1870,"Dent, Missouri","Dent","Missouri","290","Dent","0650",6357,1870,3,"total religious edifices from NHGIS table NT44 (AK8001)",350,5.5057,4.7192,1300,,,1968.86,"wave_coverage_differs"
"G4801210",1870,1870,"Denton, Texas","Denton","Texas","480","Denton","1210",7251,1870,6,"total religious edifices from NHGIS table NT44 (AK8001)",1350,18.6181,8.2747,1800,,,2480.28,"wave_coverage_differs"
"G1900570",1870,1870,"Des Moines, Iowa","Des Moines","Iowa","190","Des Moines","0570",27256,1870,24,"total religious edifices from NHGIS table NT44 (AK8001)",8370,30.7088,8.8054,336850,,,1113.05,"wave_coverage_differs"
"G0500410",1870,1870,"Desha, Arkansas","Desha","Arkansas","050","Desha","0410",6125,1870,7,"total religious edifices from NHGIS table NT44 (AK8001)",5500,89.7959,11.4286,7500,,,1874.79,"wave_coverage_differs"
"G0950495",1870,1870,"Deuel, Dakota Territory","Deuel","Dakota Territory","095","Deuel","0495",37,1870,,"total religious edifices from NHGIS table NT44 (AK8001)",,,,,,,5488.76,"wave_coverage_differs"
"G1900590",1870,1870,"Dickinson, Iowa","Dickinson","Iowa","190","Dickinson","0590",1389,1870,,"total religious edifices from NHGIS table NT44 (AK8001)",,,,,,,1046.24,"wave_coverage_differs"
"G2000410",1870,1870,"Dickinson, Kansas","Dickinson","Kansas","200","Dickinson","0410",3043,1870,2,"total religious edifices from NHGIS table NT44 (AK8001)",500,16.4312,6.5725,6000,,,2206.52,"wave_coverage_differs"
"G4700430",1870,1870,"Dickson, Tennessee","Dickson","Tennessee","470","Dickson","0430",9340,1870,40,"total religious edifices from NHGIS table NT44 (AK8001)",7500,80.2998,42.8266,25900,,,1383.79,"wave_coverage_differs"
"G4801270",1870,1870,"Dimmit, Texas","Dimmit","Texas","480","Dimmit","1270",109,1870,,"total religious edifices from NHGIS table NT44 (AK8001)",,,,,,,3456.26,"wave_coverage_differs"
"G5100530",1870,1870,"Dinwiddie, Virginia","Dinwiddie","Virginia","510","Dinwiddie","0530",30702,1870,47,"total religious edifices from NHGIS table NT44 (AK8001)",16235,52.8793,15.3084,377350,,,1337.05,"wave_coverage_differs"
"G1100010",1870,1870,"District Of Columbia, District of Columbia","District Of Columbia","District Of Columbia","110","District Of Columbia","0010",131700,1870,112,"total religious edifices from NHGIS table NT44 (AK8001)",63655,48.3333,8.5042,3393100,,,159.23,"wave_coverage_differs"
"G3100510",1870,1870,"Dixon, Nebraska","Dixon","Nebraska","310","Dixon","0510",1345,1870,2,"total religious edifices from NHGIS table NT44 (AK8001)",450,33.4572,14.8699,1800,,,1212.7,"wave_coverage_differs"
"G5400170",1870,1870,"Doddridge, West Virginia","Doddridge","West Virginia","540","Doddridge","0170",7076,1870,28,"total religious edifices from NHGIS table NT44 (AK8001)",6050,85.5003,39.5704,14850,,,830.04,"wave_coverage_differs"
"G2700390",1870,1870,"Dodge, Minnesota","Dodge","Minnesota","270","Dodge","0390",8598,1870,7,"total religious edifices from NHGIS table NT44 (AK8001)",1916,22.2843,8.1414,22400,,,1138.53,"wave_coverage_differs"
"G3100530",1870,1870,"Dodge, Nebraska","Dodge","Nebraska","310","Dodge","0530",4212,1870,4,"total religious edifices from NHGIS table NT44 (AK8001)",1200,28.49,9.4967,14000,,,1408.52,"wave_coverage_differs"
"G5500270",1870,1870,"Dodge, Wisconsin","Dodge","Wisconsin","550","Dodge","0270",47035,1870,61,"total religious edifices from NHGIS table NT44 (AK8001)",16100,34.2298,12.9691,131575,,,2349.25,"wave_coverage_differs"
"G3550115",1870,1870,"Dona Ana, New Mexico Territory","Dona Ana","New Mexico Territory","355","Dona Ana","0115",5864,1870,6,"total religious edifices from NHGIS table NT44 (AK8001)",2500,42.633,10.2319,6000,,,58065.14,"wave_coverage_differs"
"G2000430",1870,1870,"Doniphan, Kansas","Doniphan","Kansas","200","Doniphan","0430",13969,1870,17,"total religious edifices from NHGIS table NT44 (AK8001)",5900,42.2364,12.1698,55000,,,1047.61,"wave_coverage_differs"
"G1300930",1870,1870,"Dooly, Georgia","Dooly","Georgia","130","Dooly","0930",9790,1870,18,"total religious edifices from NHGIS table NT44 (AK8001)",4100,41.8795,18.3861,13500,,,1811.78,"wave_coverage_differs"
"G5500290",1870,1870,"Door, Wisconsin","Door","Wisconsin","550","Door","0290",4919,1870,9,"total religious edifices from NHGIS table NT44 (AK8001)",1575,32.0187,18.2964,19900,,,1263.3,"wave_coverage_differs"
"G2400190",1870,1870,"Dorchester, Maryland","Dorchester","Maryland","240","Dorchester","0190",19458,1870,56,"total religious edifices from NHGIS table NT44 (AK8001)",8400,43.1699,28.7799,64300,,,1494.51,"wave_coverage_differs"
"G1300950",1870,1870,"Dougherty, Georgia","Dougherty","Georgia","130","Dougherty","0950",11517,1870,11,"total religious edifices from NHGIS table NT44 (AK8001)",2300,19.9705,9.5511,25100,,,866.65,"wave_coverage_differs"
"G0850135",1870,1870,"Douglas, Colorado Territory","Douglas","Colorado Territory","085","Douglas","0135",1388,1870,,"total religious edifices from NHGIS table NT44 (AK8001)",,,,,,,13171.03,"wave_coverage_differs"
"G1700410",1870,1870,"Douglas, Illinois","Douglas","Illinois","170","Douglas","0410",13484,1870,17,"total religious edifices from NHGIS table NT44 (AK8001)",3600,26.6983,12.6075,51500,,,1080.63,"wave_coverage_differs"
"G2000450",1870,1870,"Douglas, Kansas","Douglas","Kansas","200","Douglas","0450",20592,1870,21,"total religious edifices from NHGIS table NT44 (AK8001)",9800,47.5913,10.1981,214000,,,1229.28,"wave_coverage_differs"
"G2700410",1870,1870,"Douglas, Minnesota","Douglas","Minnesota","270","Douglas","0410",4239,1870,2,"total religious edifices from NHGIS table NT44 (AK8001)",400,9.4362,4.7181,1750,,,1864.7,"wave_coverage_differs"
"G2900670",1870,1870,"Douglas, Missouri","Douglas","Missouri","290","Douglas","0670",3915,1870,,"total religious edifices from NHGIS table NT44 (AK8001)",,,,,,,1546.41,"wave_coverage_differs"
"G3100550",1870,1870,"Douglas, Nebraska","Douglas","Nebraska","310","Douglas","0550",19982,1870,12,"total religious edifices from NHGIS table NT44 (AK8001)",4800,24.0216,6.0054,125500,,,878.91,"wave_coverage_differs"
"G3200050",1870,1870,"Douglas, Nevada","Douglas","Nevada","320","Douglas","0050",1215,1870,,"total religious edifices from NHGIS table NT44 (AK8001)",,,,,,,2197.07,"wave_coverage_differs"
"G4100190",1870,1870,"Douglas, Oregon","Douglas","Oregon","410","Douglas","0190",6066,1870,7,"total religious edifices from NHGIS table NT44 (AK8001)",3300,54.4016,11.5397,9000,,,13378.11,"wave_coverage_differs"
"G5500310",1870,1870,"Douglas, Wisconsin","Douglas","Wisconsin","550","Douglas","0310",1122,1870,3,"total religious edifices from NHGIS table NT44 (AK8001)",570,50.8021,26.738,7630,,,3453.52,"wave_coverage_differs"
"G0500430",1870,1870,"Drew, Arkansas","Drew","Arkansas","050","Drew","0430",9960,1870,15,"total religious edifices from NHGIS table NT44 (AK8001)",6850,68.7751,15.0602,7700,,,2893.57,"wave_coverage_differs"
"G1700430",1870,1870,"Du Page, Illinois","Du Page","Illinois","170","Dupage","0430",16685,1870,40,"total religious edifices from NHGIS table NT44 (AK8001)",12611,75.5829,23.9736,193950,,,871.5,"wave_coverage_differs"
"G1800370",1870,1870,"Dubois, Indiana","Dubois","Indiana","180","Dubois","0370",12597,1870,30,"total religious edifices from NHGIS table NT44 (AK8001)",10460,83.0356,23.8152,114200,,,1127.39,"wave_coverage_differs"
"G1900610",1870,1870,"Dubuque, Iowa","Dubuque","Iowa","190","Dubuque","0610",38969,1870,54,"total religious edifices from NHGIS table NT44 (AK8001)",19870,50.9892,13.8572,279900,,,1597.07,"wave_coverage_differs"
"G2500070",1870,1870,"Dukes, Massachusetts","Dukes","Massachusetts","250","Dukes","0070",3787,1870,15,"total religious edifices from NHGIS table NT44 (AK8001)",4535,119.7518,39.6092,64920,,,286.75,"wave_coverage_differs"
"G2900690",1870,1870,"Dunklin, Missouri","Dunklin","Missouri","290","Dunklin","0690",5982,1870,8,"total religious edifices from NHGIS table NT44 (AK8001)",2000,33.4336,13.3735,8200,,,1417.24,"wave_coverage_differs"
"G5500330",1870,1870,"Dunn, Wisconsin","Dunn","Wisconsin","550","Dunn","0330",9488,1870,11,"total religious edifices from NHGIS table NT44 (AK8001)",3175,33.4633,11.5936,28400,,,2237.41,"wave_coverage_differs"
"G3700610",1870,1870,"Duplin, North Carolina","Duplin","North Carolina","370","Duplin","0610",15542,1870,31,"total religious edifices from NHGIS table NT44 (AK8001)",5650,36.3531,19.946,14360,,,2125.4,"wave_coverage_differs"
"G3600270",1870,1870,"Dutchess, New York","Dutchess","New York","360","Dutchess","0270",74041,1870,135,"total religious edifices from NHGIS table NT44 (AK8001)",51875,70.0625,18.2331,1485300,,,2137.64,"wave_coverage_differs"
"G1200310",1870,1870,"Duval, Florida","Duval","Florida","120","Duval","0310",11921,1870,16,"total religious edifices from NHGIS table NT44 (AK8001)",8400,70.4639,13.4217,46600,,,2334.71,"wave_coverage_differs"
"G4801310",1870,1870,"Duval, Texas","Duval","Texas","480","Duval","1310",1083,1870,,"total religious edifices from NHGIS table NT44 (AK8001)",,,,,,,4088.21,"wave_coverage_differs"
"G4700450",1870,1870,"Dyer, Tennessee","Dyer","Tennessee","470","Dyer","0450",13706,1870,26,"total religious edifices from NHGIS table NT44 (AK8001)",8700,63.4758,18.9698,9000,,,1472.46,"wave_coverage_differs"
"G1300990",1870,1870,"Early, Georgia","Early","Georgia","130","Early","0990",6998,1870,12,"total religious edifices from NHGIS table NT44 (AK8001)",2550,36.439,17.1478,4200,,,1330.72,"wave_coverage_differs"
"G2200330",1870,1870,"East Baton Rouge, Louisiana","East Baton Rouge","Louisiana","220","East Baton Rouge","0330",17816,1870,12,"total religious edifices from NHGIS table NT44 (AK8001)",7200,40.4131,6.7355,62200,,,1217.92,"wave_coverage_differs"
"G2200370",1870,1870,"East Feliciana, Louisiana","East Feliciana","Louisiana","220","East Feliciana","0370",13499,1870,4,"total religious edifices from NHGIS table NT44 (AK8001)",1850,13.7047,2.9632,6500,,,1180.45,"wave_coverage_differs"
"G4801330",1870,1870,"Eastland, Texas","Eastland","Texas","480","Eastland","1330",88,1870,,"total religious edifices from NHGIS table NT44 (AK8001)",,,,,,,2413.61,"wave_coverage_differs"
"G2600450",1870,1870,"Eaton, Michigan","Eaton","Michigan","260","Eaton","0450",25171,1870,21,"total religious edifices from NHGIS table NT44 (AK8001)",7050,28.0084,8.3429,75950,,,1500.72,"wave_coverage_differs"
"G5500350",1870,1870,"Eau Claire, Wisconsin","Eau Claire","Wisconsin","550","Eau Claire","0350",10769,1870,12,"total religious edifices from NHGIS table NT44 (AK8001)",4200,39.0008,11.1431,34000,,,1671.17,"wave_coverage_differs"
"G1301010",1870,1870,"Echols, Georgia","Echols","Georgia","130","Echols","1010",1978,1870,6,"total religious edifices from NHGIS table NT44 (AK8001)",1350,68.2508,30.3337,3200,,,1097.03,"wave_coverage_differs"
"G1700450",1870,1870,"Edgar, Illinois","Edgar","Illinois","170","Edgar","0450",21450,1870,45,"total religious edifices from NHGIS table NT44 (AK8001)",13385,62.4009,20.979,94700,,,1616.14,"wave_coverage_differs"
"G3700650",1870,1870,"Edgecombe, North Carolina","Edgecombe","North Carolina","370","Edgecombe","0650",22970,1870,14,"total religious edifices from NHGIS table NT44 (AK8001)",5500,23.9443,6.0949,31800,,,1414.65,"wave_coverage_differs"
"G4500370",1870,1870,"Edgefield, South Carolina","Edgefield","South Carolina","450","Edgefield","0370",42486,1870,82,"total religious edifices from NHGIS table NT44 (AK8001)",56900,133.9265,19.3005,95500,,,4279.68,"wave_coverage_differs"
"G2100610",1870,1870,"Edmonson, Kentucky","Edmonson","Kentucky","210","Edmonson","0610",4459,1870,16,"total religious edifices from NHGIS table NT44 (AK8001)",6500,145.7726,35.8825,10000,,,797.2,"wave_coverage_differs"
"G1700470",1870,1870,"Edwards, Illinois","Edwards","Illinois","170","Edwards","0470",7565,1870,22,"total religious edifices from NHGIS table NT44 (AK8001)",8300,109.7158,29.0813,26000,,,576.77,"wave_coverage_differs"
"G4801370",1870,1870,"Edwards, Texas","Edwards","Texas","480","Edwards","1370",,1870,,"total religious edifices from NHGIS table NT44 (AK8001)",,,,,,,2568.42,"wave_coverage_differs"
"G1301030",1870,1870,"Effingham, Georgia","Effingham","Georgia","130","Effingham","1030",4214,1870,23,"total religious edifices from NHGIS table NT44 (AK8001)",4725,112.1262,54.58,15200,,,1250.77,"wave_coverage_differs"
"G1700490",1870,1870,"Effingham, Illinois","Effingham","Illinois","170","Effingham","0490",15653,1870,15,"total religious edifices from NHGIS table NT44 (AK8001)",6500,41.5256,9.5828,148750,,,1243.24,"wave_coverage_differs"
"G0600170",1870,1870,"El Dorado, California","El Dorado","California","060","El Dorado","0170",10309,1870,10,"total religious edifices from NHGIS table NT44 (AK8001)",2600,25.2207,9.7003,16000,,,4690.3,"wave_coverage_differs"
"G0850155",1870,1870,"El Paso, Colorado Territory","El Paso","Colorado Territory","085","El Paso","0155",987,1870,2,"total religious edifices from NHGIS table NT44 (AK8001)",375,37.9939,20.2634,3800,,,6829.64,"wave_coverage_differs"
"G4801410",1870,1870,"El Paso, Texas","El Paso","Texas","480","El Paso","1410",3671,1870,3,"total religious edifices from NHGIS table NT44 (AK8001)",1300,35.4127,8.1722,6500,,,11714.15,"wave_coverage_differs"
"G1301050",1870,1870,"Elbert, Georgia","Elbert","Georgia","130","Elbert","1050",9249,1870,22,"total religious edifices from NHGIS table NT44 (AK8001)",9100,98.389,23.7864,18250,,,969.21,"wave_coverage_differs"
"G5100550",1870,1870,"Elizabeth City, Virginia","Elizabeth City","Virginia","510","Elizabeth City","0550",8303,1870,13,"total religious edifices from NHGIS table NT44 (AK8001)",3700,44.5622,15.657,10500,,,136.2,"wave_coverage_differs"
"G4200470",1870,1870,"Elk, Pennsylvania","Elk","Pennsylvania","420","Elk","0470",8488,1870,8,"total religious edifices from NHGIS table NT44 (AK8001)",2660,31.3384,9.4251,38800,,,2155.32,"wave_coverage_differs"
"G1800390",1870,1870,"Elkhart, Indiana","Elkhart","Indiana","180","Elkhart","0390",26026,1870,48,"total religious edifices from NHGIS table NT44 (AK8001)",12850,49.3737,18.4431,148500,,,1211.68,"wave_coverage_differs"
"G3200070",1870,1870,"Elko, Nevada","Elko","Nevada","320","Elko","0070",3447,1870,1,"total religious edifices from NHGIS table NT44 (AK8001)",300,8.7032,2.9011,3500,,,36978.62,"wave_coverage_differs"
"G2100630",1870,1870,"Elliott, Kentucky","Elliott","Kentucky","210","Elliott","0630",4433,1870,17,"total religious edifices from NHGIS table NT44 (AK8001)",2550,57.5231,38.3487,6300,,,609.44,"wave_coverage_differs"
"G2000510",1870,1870,"Ellis, Kansas","Ellis","Kansas","200","Ellis","0510",1336,1870,0,"total religious edifices from NHGIS table NT44 (AK8001)",0,0,0,0,,,2331.86,"wave_coverage_differs"
"G4801390",1870,1870,"Ellis, Texas","Ellis","Texas","480","Ellis","1390",7514,1870,8,"total religious edifices from NHGIS table NT44 (AK8001)",2550,33.9367,10.6468,7000,,,2798.15,"wave_coverage_differs"
"G2000530",1870,1870,"Ellsworth, Kansas","Ellsworth","Kansas","200","Ellsworth","0530",1185,1870,0,"total religious edifices from NHGIS table NT44 (AK8001)",0,0,0,0,,,1873.29,"wave_coverage_differs"
"G0100510",1870,1870,"Elmore, Alabama","Elmore","Alabama","010","Elmore","0510",14477,1870,25,"total religious edifices from NHGIS table NT44 (AK8001)",6050,41.7904,17.2688,25150,,,1701.76,"wave_coverage_differs"
"G1301070",1870,1870,"Emanuel, Georgia","Emanuel","Georgia","130","Emanuel","1070",6134,1870,19,"total religious edifices from NHGIS table NT44 (AK8001)",6100,99.4457,30.9749,9000,,,2716.29,"wave_coverage_differs"
"G1900630",1870,1870,"Emmet, Iowa","Emmet","Iowa","190","Emmet","0630",1392,1870,1,"total religious edifices from NHGIS table NT44 (AK8001)",200,14.3678,7.1839,600,,,1042.53,"wave_coverage_differs"
"G2600470",1870,1870,"Emmet, Michigan","Emmet","Michigan","260","Emmet","0470",1211,1870,2,"total religious edifices from NHGIS table NT44 (AK8001)",440,36.3336,16.5153,3980,,,1132.85,"wave_coverage_differs"
"G4801415",1870,1870,"Encinal, Texas","Encinal","Texas","480","Encinal","1415",427,1870,,"total religious edifices from NHGIS table NT44 (AK8001)",,,,,,,4022.13,"wave_coverage_differs"
"G4801430",1870,1870,"Erath, Texas","Erath","Texas","480","Erath","1430",1801,1870,2,"total religious edifices from NHGIS table NT44 (AK8001)",300,16.6574,11.1049,250,,,2822.59,"wave_coverage_differs"
"G3600290",1870,1870,"Erie, New York","Erie","New York","360","Erie","0290",178699,1870,210,"total religious edifices from NHGIS table NT44 (AK8001)",80485,45.0394,11.7516,4306000,,,2710.18,"wave_coverage_differs"
"G3900430",1870,1870,"Erie, Ohio","Erie","Ohio","390","Erie","0430",28188,1870,48,"total religious edifices from NHGIS table NT44 (AK8001)",16875,59.8659,17.0285,226200,,,662.26,"wave_coverage_differs"
"G4200490",1870,1870,"Erie, Pennsylvania","Erie","Pennsylvania","420","Erie","0490",65973,1870,93,"total religious edifices from NHGIS table NT44 (AK8001)",34500,52.2941,14.0967,711100,,,2081.01,"wave_coverage_differs"
"G0100530",1870,1870,"Escambia, Alabama","Escambia","Alabama","010","Escambia","0530",4041,1870,7,"total religious edifices from NHGIS table NT44 (AK8001)",1800,44.5434,17.3224,1350,,,2519.44,"wave_coverage_differs"
"G1200330",1870,1870,"Escambia, Florida","Escambia","Florida","120","Escambia","0330",7817,1870,15,"total religious edifices from NHGIS table NT44 (AK8001)",3450,44.1346,19.1889,77700,,,1745.89,"wave_coverage_differs"
"G3200090",1870,1870,"Esmeralda, Nevada","Esmeralda","Nevada","320","Esmeralda","0090",1553,1870,,"total religious edifices from NHGIS table NT44 (AK8001)",,,,,,,19545.71,"wave_coverage_differs"
"G2500090",1870,1870,"Essex, Massachusetts","Essex","Massachusetts","250","Essex","0090",200843,1870,218,"total religious edifices from NHGIS table NT44 (AK8001)",124290,61.8842,10.8542,2870200,,,1337.48,"wave_coverage_differs"
"G3400130",1870,1870,"Essex, New Jersey","Essex","New Jersey","340","Essex","0130",143839,1870,151,"total religious edifices from NHGIS table NT44 (AK8001)",76250,53.0107,10.4978,4314700,,,331.62,"wave_coverage_differs"
"G3600310",1870,1870,"Essex, New York","Essex","New York","360","Essex","0310",29042,1870,47,"total religious edifices from NHGIS table NT44 (AK8001)",16865,58.0711,16.1835,145820,,,5024.87,"wave_coverage_differs"
"G5000090",1870,1870,"Essex, Vermont","Essex","Vermont","500","Essex","0090",6811,1870,17,"total religious edifices from NHGIS table NT44 (AK8001)",6210,91.176,24.9596,39700,,,1749.13,"wave_coverage_differs"
"G5100570",1870,1870,"Essex, Virginia","Essex","Virginia","510","Essex","0570",9927,1870,17,"total religious edifices from NHGIS table NT44 (AK8001)",4900,49.3603,17.125,33700,,,686.75,"wave_coverage_differs"
"G2100650",1870,1870,"Estill, Kentucky","Estill","Kentucky","210","Estill","0650",9198,1870,21,"total religious edifices from NHGIS table NT44 (AK8001)",8100,88.0626,22.8311,19700,,,662,"wave_coverage_differs"
"G0100550",1870,1870,"Etowah, Alabama","Etowah","Alabama","010","Etowah","0550",10109,1870,30,"total religious edifices from NHGIS table NT44 (AK8001)",8500,84.0835,29.6765,16400,,,1395.28,"wave_coverage_differs"
"G5100590",1870,1870,"Fairfax, Virginia","Fairfax","Virginia","510","Fairfax","0590",12952,1870,17,"total religious edifices from NHGIS table NT44 (AK8001)",4650,35.9018,13.1254,29700,,,1070.35,"wave_coverage_differs"
"G0900010",1870,1870,"Fairfield, Connecticut","Fairfield","Connecticut","090","Fairfield","0010",95276,1870,153,"total religious edifices from NHGIS table NT44 (AK8001)",57551,60.4045,16.0586,2358998,,,1670.14,"wave_coverage_differs"
"G3900450",1870,1870,"Fairfield, Ohio","Fairfield","Ohio","390","Fairfield","0450",31138,1870,119,"total religious edifices from NHGIS table NT44 (AK8001)",37150,119.3076,38.217,347900,,,1317.25,"wave_coverage_differs"
"G4500390",1870,1870,"Fairfield, South Carolina","Fairfield","South Carolina","450","Fairfield","0390",19888,1870,30,"total religious edifices from NHGIS table NT44 (AK8001)",4600,23.1295,15.0845,47500,,,1953.58,"wave_coverage_differs"
"G4801450",1870,1870,"Falls, Texas","Falls","Texas","480","Falls","1450",9851,1870,4,"total religious edifices from NHGIS table NT44 (AK8001)",1000,10.1513,4.0605,2400,,,2004.23,"wave_coverage_differs"
"G1301110",1870,1870,"Fannin, Georgia","Fannin","Georgia","130","Fannin","1110",5429,1870,14,"total religious edifices from NHGIS table NT44 (AK8001)",4775,87.9536,25.7874,1490,,,998.36,"wave_coverage_differs"
"G4801470",1870,1870,"Fannin, Texas","Fannin","Texas","480","Fannin","1470",13207,1870,14,"total religious edifices from NHGIS table NT44 (AK8001)",3600,27.2583,10.6004,5300,,,2328.07,"wave_coverage_differs"
"G2700430",1870,1870,"Faribault, Minnesota","Faribault","Minnesota","270","Faribault","0430",9940,1870,9,"total religious edifices from NHGIS table NT44 (AK8001)",3860,38.833,9.0543,24600,,,1869.72,"wave_coverage_differs"
"G5100610",1870,1870,"Fauquier, Virginia","Fauquier","Virginia","510","Fauquier","0610",19690,1870,42,"total religious edifices from NHGIS table NT44 (AK8001)",11780,59.8273,21.3306,94650,,,1686.9,"wave_coverage_differs"
"G0100570",1870,1870,"Fayette, Alabama","Fayette","Alabama","010","Fayette","0570",7136,1870,59,"total religious edifices from NHGIS table NT44 (AK8001)",9000,126.1211,82.6794,14300,,,1630.02,"wave_coverage_differs"
"G1301130",1870,1870,"Fayette, Georgia","Fayette","Georgia","130","Fayette","1130",8221,1870,25,"total religious edifices from NHGIS table NT44 (AK8001)",7150,86.9724,30.4099,12900,,,635.22,"wave_coverage_differs"
"G1700510",1870,1870,"Fayette, Illinois","Fayette","Illinois","170","Fayette","0510",19638,1870,36,"total religious edifices from NHGIS table NT44 (AK8001)",10300,52.4493,18.3318,141400,,,1878.61,"wave_coverage_differs"
"G1800410",1870,1870,"Fayette, Indiana","Fayette","Indiana","180","Fayette","0410",10476,1870,31,"total religious edifices from NHGIS table NT44 (AK8001)",8950,85.4334,29.5914,44900,,,557.27,"wave_coverage_differs"
"G1900650",1870,1870,"Fayette, Iowa","Fayette","Iowa","190","Fayette","0650",16973,1870,15,"total religious edifices from NHGIS table NT44 (AK8001)",4425,26.0708,8.8376,56750,,,1894.13,"wave_coverage_differs"
"G2100670",1870,1870,"Fayette, Kentucky","Fayette","Kentucky","210","Fayette","0670",26656,1870,30,"total religious edifices from NHGIS table NT44 (AK8001)",21100,79.1567,11.2545,690000,,,739.49,"wave_coverage_differs"
"G3900470",1870,1870,"Fayette, Ohio","Fayette","Ohio","390","Fayette","0470",17170,1870,40,"total religious edifices from NHGIS table NT44 (AK8001)",10650,62.0268,23.2964,89800,,,1054.16,"wave_coverage_differs"
"G4200510",1870,1870,"Fayette, Pennsylvania","Fayette","Pennsylvania","420","Fayette","0510",43284,1870,66,"total religious edifices from NHGIS table NT44 (AK8001)",21840,50.4574,15.2481,343300,,,2067.48,"wave_coverage_differs"
"G4700470",1870,1870,"Fayette, Tennessee","Fayette","Tennessee","470","Fayette","0470",26145,1870,29,"total religious edifices from NHGIS table NT44 (AK8001)",6390,24.4406,11.092,108500,,,1841.05,"wave_coverage_differs"
"G4801490",1870,1870,"Fayette, Texas","Fayette","Texas","480","Fayette","1490",16863,1870,11,"total religious edifices from NHGIS table NT44 (AK8001)",3600,21.3485,6.5232,15000,,,2588.36,"wave_coverage_differs"
"G5400190",1870,1870,"Fayette, West Virginia","Fayette","West Virginia","540","Fayette","0190",6647,1870,10,"total religious edifices from NHGIS table NT44 (AK8001)",2200,33.0976,15.0444,3250,,,1751.12,"wave_coverage_differs"
"G4700490",1870,1870,"Fentress, Tennessee","Fentress","Tennessee","470","Fentress","0490",4717,1870,8,"total religious edifices from NHGIS table NT44 (AK8001)",2100,44.5198,16.9599,4000,,,1577.39,"wave_coverage_differs"
"G2700450",1870,1870,"Fillmore, Minnesota","Fillmore","Minnesota","270","Fillmore","0450",24887,1870,30,"total religious edifices from NHGIS table NT44 (AK8001)",8900,35.7616,12.0545,75000,,,2232.8,"wave_coverage_differs"
"G3100590",1870,1870,"Fillmore, Nebraska","Fillmore","Nebraska","310","Fillmore","0590",238,1870,,"total religious edifices from NHGIS table NT44 (AK8001)",,,,,,,1493.19,"wave_coverage_differs"
"G2100690",1870,1870,"Fleming, Kentucky","Fleming","Kentucky","210","Fleming","0690",13398,1870,30,"total religious edifices from NHGIS table NT44 (AK8001)",10800,80.609,22.3914,66000,,,910,"wave_coverage_differs"
"G1301150",1870,1870,"Floyd, Georgia","Floyd","Georgia","130","Floyd","1150",17230,1870,46,"total religious edifices from NHGIS table NT44 (AK8001)",11800,68.4852,26.6976,57800,,,1329.19,"wave_coverage_differs"
"G1800430",1870,1870,"Floyd, Indiana","Floyd","Indiana","180","Floyd","0430",23300,1870,19,"total religious edifices from NHGIS table NT44 (AK8001)",7600,32.618,8.1545,303000,,,384.91,"wave_coverage_differs"
"G1900670",1870,1870,"Floyd, Iowa","Floyd","Iowa","190","Floyd","0670",10768,1870,10,"total religious edifices from NHGIS table NT44 (AK8001)",2075,19.2701,9.2868,38900,,,1298.57,"wave_coverage_differs"
"G2100710",1870,1870,"Floyd, Kentucky","Floyd","Kentucky","210","Floyd","0710",7877,1870,8,"total religious edifices from NHGIS table NT44 (AK8001)",1700,21.5818,10.1562,3000,,,1378.03,"wave_coverage_differs"
"G5100630",1870,1870,"Floyd, Virginia","Floyd","Virginia","510","Floyd","0630",9824,1870,21,"total religious edifices from NHGIS table NT44 (AK8001)",8600,87.5407,21.3762,11200,,,987.55,"wave_coverage_differs"
"G5100650",1870,1870,"Fluvanna, Virginia","Fluvanna","Virginia","510","Fluvanna","0650",9875,1870,15,"total religious edifices from NHGIS table NT44 (AK8001)",8400,85.0633,15.1899,28000,,,753.35,"wave_coverage_differs"
"G5500390",1870,1870,"Fond Du Lac, Wisconsin","Fond Du Lac","Wisconsin","550","Fond du Lac","0390",46273,1870,65,"total religious edifices from NHGIS table NT44 (AK8001)",19250,41.6009,14.0471,243358,,,1983.5,"wave_coverage_differs"
"G1700530",1870,1870,"Ford, Illinois","Ford","Illinois","170","Ford","0530",9103,1870,9,"total religious edifices from NHGIS table NT44 (AK8001)",2400,26.3649,9.8869,21500,,,1259.36,"wave_coverage_differs"
"G2000570",1870,1870,"Ford, Kansas","Ford","Kansas","200","Ford","0570",427,1870,0,"total religious edifices from NHGIS table NT44 (AK8001)",0,0,0,0,,,2383.35,"wave_coverage_differs"
"G4200530",1870,1870,"Forest, Pennsylvania","Forest","Pennsylvania","420","Forest","0530",4010,1870,10,"total religious edifices from NHGIS table NT44 (AK8001)",2250,56.1097,24.9377,18600,,,1116.99,"wave_coverage_differs"
"G1301170",1870,1870,"Forsyth, Georgia","Forsyth","Georgia","130","Forsyth","1170",7983,1870,26,"total religious edifices from NHGIS table NT44 (AK8001)",5200,65.1384,32.5692,8000,,,640.17,"wave_coverage_differs"
"G3700670",1870,1870,"Forsyth, North Carolina","Forsyth","North Carolina","370","Forsyth","0670",13050,1870,31,"total religious edifices from NHGIS table NT44 (AK8001)",7550,57.8544,23.7548,86925,,,975.15,"wave_coverage_differs"
"G4801570",1870,1870,"Fort Bend, Texas","Fort Bend","Texas","480","Fort Bend","1570",7114,1870,7,"total religious edifices from NHGIS table NT44 (AK8001)",1400,19.6795,9.8398,3060,,,2292.92,"wave_coverage_differs"
"G1800450",1870,1870,"Fountain, Indiana","Fountain","Indiana","180","Fountain","0450",16389,1870,44,"total religious edifices from NHGIS table NT44 (AK8001)",15350,93.6604,26.8473,98000,,,1030.53,"wave_coverage_differs"
"G0100590",1870,1870,"Franklin, Alabama","Franklin","Alabama","010","Franklin","0590",8006,1870,5,"total religious edifices from NHGIS table NT44 (AK8001)",1200,14.9888,6.2453,1800,,,1674.88,"wave_coverage_differs"
"G0500470",1870,1870,"Franklin, Arkansas","Franklin","Arkansas","050","Franklin","0470",9627,1870,45,"total religious edifices from NHGIS table NT44 (AK8001)",2250,23.3718,46.7435,3250,,,2151.92,"wave_coverage_differs"
"G1200370",1870,1870,"Franklin, Florida","Franklin","Florida","120","Franklin","0370",1256,1870,4,"total religious edifices from NHGIS table NT44 (AK8001)",950,75.6369,31.8471,3850,,,1350.67,"wave_coverage_differs"
"G1301190",1870,1870,"Franklin, Georgia","Franklin","Georgia","130","Franklin","1190",7893,1870,16,"total religious edifices from NHGIS table NT44 (AK8001)",5400,68.4151,20.2711,6000,,,1022.2,"wave_coverage_differs"
"G1700550",1870,1870,"Franklin, Illinois","Franklin","Illinois","170","Franklin","0550",12652,1870,20,"total religious edifices from NHGIS table NT44 (AK8001)",4900,38.7291,15.8078,8400,,,1117.39,"wave_coverage_differs"
"G1800470",1870,1870,"Franklin, Indiana","Franklin","Indiana","180","Franklin","0470",20223,1870,40,"total religious edifices from NHGIS table NT44 (AK8001)",16700,82.5792,19.7795,122700,,,1012.75,"wave_coverage_differs"
"G1900690",1870,1870,"Franklin, Iowa","Franklin","Iowa","190","Franklin","0690",4738,1870,2,"total religious edifices from NHGIS table NT44 (AK8001)",700,14.7742,4.2212,12000,,,1508.73,"wave_coverage_differs"
"G2000590",1870,1870,"Franklin, Kansas","Franklin","Kansas","200","Franklin","0590",10385,1870,9,"total religious edifices from NHGIS table NT44 (AK8001)",7100,68.3678,8.6663,29500,,,1494.78,"wave_coverage_differs"
"G2100730",1870,1870,"Franklin, Kentucky","Franklin","Kentucky","210","Franklin","0730",15300,1870,23,"total religious edifices from NHGIS table NT44 (AK8001)",9150,59.8039,15.0327,158000,,,548.78,"wave_coverage_differs"
"G2200410",1870,1870,"Franklin, Louisiana","Franklin","Louisiana","220","Franklin","0410",5078,1870,6,"total religious edifices from NHGIS table NT44 (AK8001)",1700,33.4777,11.8157,15000,,,1598.83,"wave_coverage_differs"
"G2300070",1870,1870,"Franklin, Maine","Franklin","Maine","230","Franklin","0070",18807,1870,41,"total religious edifices from NHGIS table NT44 (AK8001)",11950,63.5402,21.8004,121690,,,4517.15,"wave_coverage_differs"
"G2500110",1870,1870,"Franklin, Massachusetts","Franklin","Massachusetts","250","Franklin","0110",32635,1870,78,"total religious edifices from NHGIS table NT44 (AK8001)",25910,79.3933,23.9007,272440,,,1805.93,"wave_coverage_differs"
"G2800370",1870,1870,"Franklin, Mississippi","Franklin","Mississippi","280","Franklin","0370",7498,1870,13,"total religious edifices from NHGIS table NT44 (AK8001)",3400,45.3454,17.338,14500,,,1467.93,"wave_coverage_differs"
"G2900710",1870,1870,"Franklin, Missouri","Franklin","Missouri","290","Franklin","0710",30098,1870,19,"total religious edifices from NHGIS table NT44 (AK8001)",3600,11.9609,6.3127,24200,,,2410.4,"wave_coverage_differs"
"G3100610",1870,1870,"Franklin, Nebraska","Franklin","Nebraska","310","Franklin","0610",26,1870,,"total religious edifices from NHGIS table NT44 (AK8001)",,,,,,,1491.84,"wave_coverage_differs"
"G3600330",1870,1870,"Franklin, New York","Franklin","New York","360","Franklin","0330",30271,1870,37,"total religious edifices from NHGIS table NT44 (AK8001)",14663,48.4391,12.2229,183580,,,4391.89,"wave_coverage_differs"
"G3700690",1870,1870,"Franklin, North Carolina","Franklin","North Carolina","370","Franklin","0690",14134,1870,18,"total religious edifices from NHGIS table NT44 (AK8001)",8600,60.8462,12.7352,11600,,,1220.12,"wave_coverage_differs"
"G3900490",1870,1870,"Franklin, Ohio","Franklin","Ohio","390","Franklin","0490",63019,1870,111,"total religious edifices from NHGIS table NT44 (AK8001)",44950,71.3277,17.6137,921800,,,1407.66,"wave_coverage_differs"
"G4200550",1870,1870,"Franklin, Pennsylvania","Franklin","Pennsylvania","420","Franklin","0550",45365,1870,88,"total religious edifices from NHGIS table NT44 (AK8001)",31600,69.6572,19.3982,383700,,,2001.67,"wave_coverage_differs"
"G4700510",1870,1870,"Franklin, Tennessee","Franklin","Tennessee","470","Franklin","0510",14970,1870,17,"total religious edifices from NHGIS table NT44 (AK8001)",4800,32.0641,11.356,46600,,,1609.43,"wave_coverage_differs"
"G5000110",1870,1870,"Franklin, Vermont","Franklin","Vermont","500","Franklin","0110",30291,1870,56,"total religious edifices from NHGIS table NT44 (AK8001)",19898,65.6895,18.4873,326500,,,1792.22,"wave_coverage_differs"
"G5100670",1870,1870,"Franklin, Virginia","Franklin","Virginia","510","Franklin","0670",18264,1870,28,"total religious edifices from NHGIS table NT44 (AK8001)",9000,49.2773,15.3307,17000,,,1842.89,"wave_coverage_differs"
"G2400210",1870,1870,"Frederick, Maryland","Frederick","Maryland","240","Frederick","0210",47572,1870,129,"total religious edifices from NHGIS table NT44 (AK8001)",47035,98.8712,27.1168,983500,,,1728.33,"wave_coverage_differs"
"G5100690",1870,1870,"Frederick, Virginia","Frederick","Virginia","510","Frederick","0690",16596,1870,57,"total religious edifices from NHGIS table NT44 (AK8001)",17475,105.2965,34.3456,124700,,,1100.12,"wave_coverage_differs"
"G2700470",1870,1870,"Freeborn, Minnesota","Freeborn","Minnesota","270","Freeborn","0470",10578,1870,12,"total religious edifices from NHGIS table NT44 (AK8001)",2000,18.9072,11.3443,20000,,,1871.06,"wave_coverage_differs"
"G4801610",1870,1870,"Freestone, Texas","Freestone","Texas","480","Freestone","1610",8139,1870,3,"total religious edifices from NHGIS table NT44 (AK8001)",1000,12.2865,3.686,6700,,,2310.23,"wave_coverage_differs"
"G0850175",1870,1870,"Fremont, Colorado Territory","Fremont","Colorado Territory","085","Fremont","0175",1064,1870,3,"total religious edifices from NHGIS table NT44 (AK8001)",455,42.7632,28.1955,4890,,,6022.88,"wave_coverage_differs"
"G1900710",1870,1870,"Fremont, Iowa","Fremont","Iowa","190","Fremont","0710",11174,1870,8,"total religious edifices from NHGIS table NT44 (AK8001)",1750,15.6614,7.1595,22200,,,1338.09,"wave_coverage_differs"
"G0600190",1870,1870,"Fresno, California","Fresno","California","060","Fresno","0190",6336,1870,6,"total religious edifices from NHGIS table NT44 (AK8001)",1250,19.7285,9.4697,8400,,,22631.08,"wave_coverage_differs"
"G4801630",1870,1870,"Frio, Texas","Frio","Texas","480","Frio","1630",309,1870,,"total religious edifices from NHGIS table NT44 (AK8001)",,,,,,,2937.94,"wave_coverage_differs"
"G0500490",1870,1870,"Fulton, Arkansas","Fulton","Arkansas","050","Fulton","0490",4843,1870,9,"total religious edifices from NHGIS table NT44 (AK8001)",1500,30.9725,18.5835,2000,,,2811.8,"wave_coverage_differs"
"G1301210",1870,1870,"Fulton, Georgia","Fulton","Georgia","130","Fulton","1210",33446,1870,20,"total religious edifices from NHGIS table NT44 (AK8001)",13950,41.709,5.9798,424000,,,468.93,"wave_coverage_differs"
"G1700570",1870,1870,"Fulton, Illinois","Fulton","Illinois","170","Fulton","0570",38291,1870,65,"total religious edifices from NHGIS table NT44 (AK8001)",21390,55.8617,16.9753,279775,,,2285.85,"wave_coverage_differs"
"G1800490",1870,1870,"Fulton, Indiana","Fulton","Indiana","180","Fulton","0490",12726,1870,19,"total religious edifices from NHGIS table NT44 (AK8001)",7000,55.0055,14.9301,55700,,,961.57,"wave_coverage_differs"
"G2100750",1870,1870,"Fulton, Kentucky","Fulton","Kentucky","210","Fulton","0750",6161,1870,7,"total religious edifices from NHGIS table NT44 (AK8001)",975,15.8254,11.3618,14300,,,599.6,"wave_coverage_differs"
"G3600350",1870,1870,"Fulton, New York","Fulton","New York","360","Fulton","0350",27064,1870,45,"total religious edifices from NHGIS table NT44 (AK8001)",15370,56.7913,16.6273,202350,,,1380.11,"wave_coverage_differs"
"G3900510",1870,1870,"Fulton, Ohio","Fulton","Ohio","390","Fulton","0510",17789,1870,31,"total religious edifices from NHGIS table NT44 (AK8001)",9350,52.5606,17.4265,74750,,,1054.71,"wave_coverage_differs"
"G4200570",1870,1870,"Fulton, Pennsylvania","Fulton","Pennsylvania","420","Fulton","0570",9360,1870,40,"total religious edifices from NHGIS table NT44 (AK8001)",10775,115.1175,42.735,73800,,,1134.58,"wave_coverage_differs"
"G1200390",1870,1870,"Gadsden, Florida","Gadsden","Florida","120","Gadsden","0390",9802,1870,9,"total religious edifices from NHGIS table NT44 (AK8001)",2500,25.505,9.1818,9000,,,1405,"wave_coverage_differs"
"G3100670",1870,1870,"Gage, Nebraska","Gage","Nebraska","310","Gage","0670",3359,1870,3,"total religious edifices from NHGIS table NT44 (AK8001)",1000,29.7708,8.9312,14000,,,2227.28,"wave_coverage_differs"
"G1700590",1870,1870,"Gallatin, Illinois","Gallatin","Illinois","170","Gallatin","0590",11134,1870,22,"total religious edifices from NHGIS table NT44 (AK8001)",5450,48.9492,19.7593,42500,,,850.16,"wave_coverage_differs"
"G2100770",1870,1870,"Gallatin, Kentucky","Gallatin","Kentucky","210","Gallatin","0770",5074,1870,13,"total religious edifices from NHGIS table NT44 (AK8001)",4350,85.7312,25.6208,46500,,,275.22,"wave_coverage_differs"
"G3050135",1870,1870,"Gallatin, Montana Territory","Gallatin","Montana Territory","305","Gallatin","0135",1578,1870,1,"total religious edifices from NHGIS table NT44 (AK8001)",150,9.5057,6.3371,2000,,,27134.99,"wave_coverage_differs"
"G3900530",1870,1870,"Gallia, Ohio","Gallia","Ohio","390","Gallia","0530",25545,1870,80,"total religious edifices from NHGIS table NT44 (AK8001)",24280,95.048,31.3173,151600,,,1220.39,"wave_coverage_differs"
"G4801670",1870,1870,"Galveston, Texas","Galveston","Texas","480","Galveston","1670",15290,1870,9,"total religious edifices from NHGIS table NT44 (AK8001)",6000,39.2413,5.8862,199000,,,1040.43,"wave_coverage_differs"
"G2100790",1870,1870,"Garrard, Kentucky","Garrard","Kentucky","210","Garrard","0790",10376,1870,24,"total religious edifices from NHGIS table NT44 (AK8001)",6350,61.1989,23.1303,30000,,,605.29,"wave_coverage_differs"
"G2900730",1870,1870,"Gasconade, Missouri","Gasconade","Missouri","290","Gasconade","0730",10093,1870,15,"total religious edifices from NHGIS table NT44 (AK8001)",4600,45.5761,14.8618,37000,,,1362.53,"wave_coverage_differs"
"G3700710",1870,1870,"Gaston, North Carolina","Gaston","North Carolina","370","Gaston","0710",12602,1870,27,"total religious edifices from NHGIS table NT44 (AK8001)",10400,82.5266,21.4252,15400,,,953.82,"wave_coverage_differs"
"G3700730",1870,1870,"Gates, North Carolina","Gates","North Carolina","370","Gates","0730",7724,1870,21,"total religious edifices from NHGIS table NT44 (AK8001)",7400,95.8053,27.188,16500,,,894.26,"wave_coverage_differs"
"G3900550",1870,1870,"Geauga, Ohio","Geauga","Ohio","390","Geauga","0550",14190,1870,42,"total religious edifices from NHGIS table NT44 (AK8001)",13850,97.6039,29.5983,116400,,,1057.48,"wave_coverage_differs"
"G2600490",1870,1870,"Genesee, Michigan","Genesee","Michigan","260","Genesee","0490",33900,1870,51,"total religious edifices from NHGIS table NT44 (AK8001)",17735,52.3156,15.0442,265600,,,1682.43,"wave_coverage_differs"
"G3600370",1870,1870,"Genesee, New York","Genesee","New York","360","Genesee","0370",31606,1870,85,"total religious edifices from NHGIS table NT44 (AK8001)",27980,88.5275,26.8936,363000,,,1282.84,"wave_coverage_differs"
"G0100610",1870,1870,"Geneva, Alabama","Geneva","Alabama","010","Geneva","0610",2959,1870,17,"total religious edifices from NHGIS table NT44 (AK8001)",3400,114.9037,57.4518,2050,,,1714.24,"wave_coverage_differs"
"G2900750",1870,1870,"Gentry, Missouri","Gentry","Missouri","290","Gentry","0750",11607,1870,11,"total religious edifices from NHGIS table NT44 (AK8001)",2200,18.9541,9.477,17100,,,1273.54,"wave_coverage_differs"
"G4500430",1870,1870,"Georgetown, South Carolina","Georgetown","South Carolina","450","Georgetown","0430",16161,1870,24,"total religious edifices from NHGIS table NT44 (AK8001)",4800,29.7011,14.8506,18700,,,2169.36,"wave_coverage_differs"
"G1800510",1870,1870,"Gibson, Indiana","Gibson","Indiana","180","Gibson","0510",17371,1870,43,"total religious edifices from NHGIS table NT44 (AK8001)",13850,79.7306,24.7539,81400,,,1292.51,"wave_coverage_differs"
"G4700530",1870,1870,"Gibson, Tennessee","Gibson","Tennessee","470","Gibson","0530",25666,1870,59,"total religious edifices from NHGIS table NT44 (AK8001)",39200,152.7312,22.9876,68500,,,1723.48,"wave_coverage_differs"
"G4700550",1870,1870,"Giles, Tennessee","Giles","Tennessee","470","Giles","0550",32413,1870,58,"total religious edifices from NHGIS table NT44 (AK8001)",20140,62.1356,17.8941,149700,,,1685.25,"wave_coverage_differs"
"G5100710",1870,1870,"Giles, Virginia","Giles","Virginia","510","Giles","0710",5875,1870,10,"total religious edifices from NHGIS table NT44 (AK8001)",7800,132.766,17.0213,12400,,,940.64,"wave_coverage_differs"
"G4801710",1870,1870,"Gillespie, Texas","Gillespie","Texas","480","Gillespie","1710",3566,1870,4,"total religious edifices from NHGIS table NT44 (AK8001)",2400,67.3023,11.217,14000,,,2749.73,"wave_coverage_differs"
"G1301230",1870,1870,"Gilmer, Georgia","Gilmer","Georgia","130","Gilmer","1230",6644,1870,25,"total religious edifices from NHGIS table NT44 (AK8001)",8000,120.4094,37.6279,7000,,,1137.44,"wave_coverage_differs"
"G5400210",1870,1870,"Gilmer, West Virginia","Gilmer","West Virginia","540","Gilmer","0210",4338,1870,14,"total religious edifices from NHGIS table NT44 (AK8001)",5200,119.8709,32.2729,4000,,,880.8,"wave_coverage_differs"
"G0850195",1870,1870,"Gilpin, Colorado Territory","Gilpin","Colorado Territory","085","Gilpin","0195",5490,1870,7,"total religious edifices from NHGIS table NT44 (AK8001)",2050,37.3406,12.7505,66000,,,389.15,"wave_coverage_differs"
"G2600510",1870,1870,"Gladwin, Michigan","Gladwin","Michigan","260","Gladwin","0510",,1870,,"total religious edifices from NHGIS table NT44 (AK8001)",,,,,,,1336.3,"wave_coverage_differs"
"G1301250",1870,1870,"Glascock, Georgia","Glascock","Georgia","130","Glascock","1250",2736,1870,7,"total religious edifices from NHGIS table NT44 (AK8001)",2400,87.7193,25.5848,2600,,,374.13,"wave_coverage_differs"
"G3400150",1870,1870,"Gloucester, New Jersey","Gloucester","New Jersey","340","Gloucester","0150",21562,1870,59,"total religious edifices from NHGIS table NT44 (AK8001)",17010,78.8888,27.363,372500,,,696.63,"wave_coverage_differs"
"G5100730",1870,1870,"Gloucester, Virginia","Gloucester","Virginia","510","Gloucester","0730",10211,1870,10,"total religious edifices from NHGIS table NT44 (AK8001)",4900,47.9875,9.7934,16700,,,569.87,"wave_coverage_differs"
"G1301270",1870,1870,"Glynn, Georgia","Glynn","Georgia","130","Glynn","1270",5376,1870,6,"total religious edifices from NHGIS table NT44 (AK8001)",1250,23.2515,11.1607,3550,,,1105.19,"wave_coverage_differs"
"G4801750",1870,1870,"Goliad, Texas","Goliad","Texas","480","Goliad","1750",3628,1870,2,"total religious edifices from NHGIS table NT44 (AK8001)",400,11.0254,5.5127,700,,,2225.75,"wave_coverage_differs"
"G4801770",1870,1870,"Gonzales, Texas","Gonzales","Texas","480","Gonzales","1770",8951,1870,10,"total religious edifices from NHGIS table NT44 (AK8001)",2700,30.1642,11.1719,2500,,,2770.91,"wave_coverage_differs"
"G5100750",1870,1870,"Goochland, Virginia","Goochland","Virginia","510","Goochland","0750",10313,1870,17,"total religious edifices from NHGIS table NT44 (AK8001)",5500,53.3307,16.484,13250,,,749.15,"wave_coverage_differs"
"G2700490",1870,1870,"Goodhue, Minnesota","Goodhue","Minnesota","270","Goodhue","0490",22618,1870,42,"total religious edifices from NHGIS table NT44 (AK8001)",10860,48.0149,18.5693,172550,,,2021.22,"wave_coverage_differs"
"G1301290",1870,1870,"Gordon, Georgia","Gordon","Georgia","130","Gordon","1290",9268,1870,29,"total religious edifices from NHGIS table NT44 (AK8001)",10650,114.9115,31.2905,10500,,,931.09,"wave_coverage_differs"
"G3300090",1870,1870,"Grafton, New Hampshire","Grafton","New Hampshire","330","Grafton","0090",39103,1870,77,"total religious edifices from NHGIS table NT44 (AK8001)",24631,62.9901,19.6916,248700,,,4531.3,"wave_coverage_differs"
"G4700570",1870,1870,"Grainger, Tennessee","Grainger","Tennessee","470","Grainger","0570",12421,1870,34,"total religious edifices from NHGIS table NT44 (AK8001)",10439,84.0432,27.373,41325,,,850.09,"wave_coverage_differs"
"G5000130",1870,1870,"Grand Isle, Vermont","Grand Isle","Vermont","500","Grand Isle","0130",4082,1870,11,"total religious edifices from NHGIS table NT44 (AK8001)",3250,79.6178,26.9476,37300,,,504.2,"wave_coverage_differs"
"G2600550",1870,1870,"Grand Traverse, Michigan","Grand Traverse","Michigan","260","Grand Traverse","0550",4443,1870,4,"total religious edifices from NHGIS table NT44 (AK8001)",850,19.1312,9.0029,14900,,,1269.83,"wave_coverage_differs"
"G0500530",1870,1870,"Grant, Arkansas","Grant","Arkansas","050","Grant","0530",3943,1870,24,"total religious edifices from NHGIS table NT44 (AK8001)",6150,155.9726,60.8674,3625,,,1638.72,"wave_coverage_differs"
"G1800530",1870,1870,"Grant, Indiana","Grant","Indiana","180","Grant","0530",18487,1870,47,"total religious edifices from NHGIS table NT44 (AK8001)",13000,70.3197,25.4233,53550,,,1074.58,"wave_coverage_differs"
"G2100810",1870,1870,"Grant, Kentucky","Grant","Kentucky","210","Grant","0810",9529,1870,26,"total religious edifices from NHGIS table NT44 (AK8001)",6050,63.4904,27.2851,138500,,,651,"wave_coverage_differs"
"G2200430",1870,1870,"Grant, Louisiana","Grant","Louisiana","220","Grant","0430",4517,1870,15,"total religious edifices from NHGIS table NT44 (AK8001)",3500,77.4851,33.2079,6500,,,1721.4,"wave_coverage_differs"
"G2700510",1870,1870,"Grant, Minnesota","Grant","Minnesota","270","Grant","0510",340,1870,,"total religious edifices from NHGIS table NT44 (AK8001)",,,,,,,1490.48,"wave_coverage_differs"
"G3550155",1870,1870,"Grant, New Mexico Territory","Grant","New Mexico Territory","355","Grant","0155",1143,1870,,"total religious edifices from NHGIS table NT44 (AK8001)",,,,,,,24998.27,"wave_coverage_differs"
"G4100230",1870,1870,"Grant, Oregon","Grant","Oregon","410","Grant","0230",2251,1870,1,"total religious edifices from NHGIS table NT44 (AK8001)",150,6.6637,4.4425,1000,,,53238.05,"wave_coverage_differs"
"G5400230",1870,1870,"Grant, West Virginia","Grant","West Virginia","540","Grant","0230",4467,1870,12,"total religious edifices from NHGIS table NT44 (AK8001)",1850,41.4148,26.8637,11300,,,1243.94,"wave_coverage_differs"
"G5500430",1870,1870,"Grant, Wisconsin","Grant","Wisconsin","550","Grant","0430",37979,1870,58,"total religious edifices from NHGIS table NT44 (AK8001)",14650,38.5739,15.2716,152000,,,3064.74,"wave_coverage_differs"
"G3700770",1870,1870,"Granville, North Carolina","Granville","North Carolina","370","Granville","0770",24831,1870,29,"total religious edifices from NHGIS table NT44 (AK8001)",9700,39.0641,11.6789,31300,,,1943.75,"wave_coverage_differs"
"G2600570",1870,1870,"Gratiot, Michigan","Gratiot","Michigan","260","Gratiot","0570",11810,1870,17,"total religious edifices from NHGIS table NT44 (AK8001)",3875,32.8112,14.3946,35900,,,1480.46,"wave_coverage_differs"
"G2100830",1870,1870,"Graves, Kentucky","Graves","Kentucky","210","Graves","0830",19398,1870,46,"total religious edifices from NHGIS table NT44 (AK8001)",9300,47.9431,23.7138,47000,,,1441.91,"wave_coverage_differs"
"G2100850",1870,1870,"Grayson, Kentucky","Grayson","Kentucky","210","Grayson","0850",11580,1870,19,"total religious edifices from NHGIS table NT44 (AK8001)",6600,56.9948,16.4076,25500,,,1322.68,"wave_coverage_differs"
"G4801810",1870,1870,"Grayson, Texas","Grayson","Texas","480","Grayson","1810",14387,1870,6,"total religious edifices from NHGIS table NT44 (AK8001)",2000,13.9014,4.1704,6600,,,2536.11,"wave_coverage_differs"
"G5100770",1870,1870,"Grayson, Virginia","Grayson","Virginia","510","Grayson","0770",9587,1870,26,"total religious edifices from NHGIS table NT44 (AK8001)",6800,70.9294,27.1201,9400,,,1164.23,"wave_coverage_differs"
"G2100870",1870,1870,"Green, Kentucky","Green","Kentucky","210","Green","0870",9379,1870,24,"total religious edifices from NHGIS table NT44 (AK8001)",4740,50.5384,25.5891,13200,,,747.74,"wave_coverage_differs"
"G5500450",1870,1870,"Green, Wisconsin","Green","Wisconsin","550","Green","0450",23611,1870,29,"total religious edifices from NHGIS table NT44 (AK8001)",12450,52.7297,12.2824,188000,,,1513.75,"wave_coverage_differs"
"G5500470",1870,1870,"Green Lake, Wisconsin","Green Lake","Wisconsin","550","Green Lake","0470",13195,1870,37,"total religious edifices from NHGIS table NT44 (AK8001)",11450,86.7753,28.0409,79725,,,985,"wave_coverage_differs"
"G5400250",1870,1870,"Greenbrier, West Virginia","Greenbrier","West Virginia","540","Greenbrier","0250",11417,1870,35,"total religious edifices from NHGIS table NT44 (AK8001)",9225,80.8006,30.656,37430,,,2921.63,"wave_coverage_differs"
"G0100630",1870,1870,"Greene, Alabama","Greene","Alabama","010","Greene","0630",18399,1870,28,"total religious edifices from NHGIS table NT44 (AK8001)",8325,45.247,15.2182,56600,,,1709.25,"wave_coverage_differs"
"G0500550",1870,1870,"Greene, Arkansas","Greene","Arkansas","050","Greene","0550",7573,1870,26,"total religious edifices from NHGIS table NT44 (AK8001)",3900,51.4987,34.3325,3900,,,2350.03,"wave_coverage_differs"
"G1301330",1870,1870,"Greene, Georgia","Greene","Georgia","130","Greene","1330",12454,1870,19,"total religious edifices from NHGIS table NT44 (AK8001)",11100,89.128,15.2561,67000,,,1052.1,"wave_coverage_differs"
"G1700610",1870,1870,"Greene, Illinois","Greene","Illinois","170","Greene","0610",20277,1870,23,"total religious edifices from NHGIS table NT44 (AK8001)",6750,33.2889,11.3429,38700,,,1414.84,"wave_coverage_differs"
"G1800550",1870,1870,"Greene, Indiana","Greene","Indiana","180","Greene","0550",19514,1870,25,"total religious edifices from NHGIS table NT44 (AK8001)",6550,33.5656,12.8113,45500,,,1414.99,"wave_coverage_differs"
"G1900730",1870,1870,"Greene, Iowa","Greene","Iowa","190","Greene","0730",4627,1870,3,"total religious edifices from NHGIS table NT44 (AK8001)",700,15.1286,6.4837,11300,,,1479.44,"wave_coverage_differs"
"G2800410",1870,1870,"Greene, Mississippi","Greene","Mississippi","280","Greene","0410",2038,1870,16,"total religious edifices from NHGIS table NT44 (AK8001)",2700,132.4828,78.5083,5400,,,2239.74,"wave_coverage_differs"
"G2900770",1870,1870,"Greene, Missouri","Greene","Missouri","290","Greene","0770",21549,1870,23,"total religious edifices from NHGIS table NT44 (AK8001)",8900,41.3012,10.6733,84500,,,1755.66,"wave_coverage_differs"
"G3600390",1870,1870,"Greene, New York","Greene","New York","360","Greene","0390",31832,1870,79,"total religious edifices from NHGIS table NT44 (AK8001)",23422,73.58,24.8178,454300,,,1704.54,"wave_coverage_differs"
"G3700790",1870,1870,"Greene, North Carolina","Greene","North Carolina","370","Greene","0790",8687,1870,21,"total religious edifices from NHGIS table NT44 (AK8001)",4800,55.255,24.1741,10000,,,742.01,"wave_coverage_differs"
"G3900570",1870,1870,"Greene, Ohio","Greene","Ohio","390","Greene","0570",28038,1870,86,"total religious edifices from NHGIS table NT44 (AK8001)",26750,95.4062,30.6727,365600,,,1078.1,"wave_coverage_differs"
"G4200590",1870,1870,"Greene, Pennsylvania","Greene","Pennsylvania","420","Greene","0590",25887,1870,54,"total religious edifices from NHGIS table NT44 (AK8001)",16280,62.8887,20.8599,134850,,,1496.94,"wave_coverage_differs"
"G4700590",1870,1870,"Greene, Tennessee","Greene","Tennessee","470","Greene","0590",21668,1870,62,"total religious edifices from NHGIS table NT44 (AK8001)",26250,121.1464,28.6136,96450,,,1574.71,"wave_coverage_differs"
"G5100790",1870,1870,"Greene, Virginia","Greene","Virginia","510","Greene","0790",4634,1870,15,"total religious edifices from NHGIS table NT44 (AK8001)",3875,83.6211,32.3694,6100,,,406.29,"wave_coverage_differs"
"G5100810",1870,1870,"Greensville, Virginia","Greensville","Virginia","510","Greensville","0810",6362,1870,14,"total religious edifices from NHGIS table NT44 (AK8001)",2500,39.2958,22.0057,3475,,,786.77,"wave_coverage_differs"
"G2100890",1870,1870,"Greenup, Kentucky","Greenup","Kentucky","210","Greenup","0890",11463,1870,14,"total religious edifices from NHGIS table NT44 (AK8001)",4250,37.0758,12.2132,13750,,,918.24,"wave_coverage_differs"
"G4500450",1870,1870,"Greenville, South Carolina","Greenville","South Carolina","450","Greenville","0450",22262,1870,52,"total religious edifices from NHGIS table NT44 (AK8001)",20300,91.1868,23.3582,105000,,,2058.78,"wave_coverage_differs"
"G0850215",1870,1870,"Greenwood, Colorado Territory","Greenwood","Colorado Territory","085","Greenwood","0215",510,1870,,"total religious edifices from NHGIS table NT44 (AK8001)",,,,,,,16808.4,"wave_coverage_differs"
"G2000730",1870,1870,"Greenwood, Kansas","Greenwood","Kansas","200","Greenwood","0730",3484,1870,3,"total religious edifices from NHGIS table NT44 (AK8001)",700,20.0918,8.6108,6500,,,2985.37,"wave_coverage_differs"
"G2800430",1870,1870,"Grenada, Mississippi","Grenada","Mississippi","280","Grenada","0430",10571,1870,,"total religious edifices from NHGIS table NT44 (AK8001)",,,,,,,1163.94,"wave_coverage_differs"
"G4801850",1870,1870,"Grimes, Texas","Grimes","Texas","480","Grimes","1850",13218,1870,7,"total religious edifices from NHGIS table NT44 (AK8001)",1900,14.3743,5.2958,9000,,,2416.1,"wave_coverage_differs"
"G1700630",1870,1870,"Grundy, Illinois","Grundy","Illinois","170","Grundy","0630",14938,1870,12,"total religious edifices from NHGIS table NT44 (AK8001)",4600,30.7939,8.0332,101000,,,1114.91,"wave_coverage_differs"
"G1900750",1870,1870,"Grundy, Iowa","Grundy","Iowa","190","Grundy","0750",6399,1870,4,"total religious edifices from NHGIS table NT44 (AK8001)",750,11.7206,6.251,9300,,,1299.9,"wave_coverage_differs"
"G2900790",1870,1870,"Grundy, Missouri","Grundy","Missouri","290","Grundy","0790",10567,1870,9,"total religious edifices from NHGIS table NT44 (AK8001)",3700,35.0147,8.5171,19700,,,1134.49,"wave_coverage_differs"
"G4700610",1870,1870,"Grundy, Tennessee","Grundy","Tennessee","470","Grundy","0610",3250,1870,21,"total religious edifices from NHGIS table NT44 (AK8001)",5005,154,64.6154,12000,,,935.31,"wave_coverage_differs"
"G4801870",1870,1870,"Guadalupe, Texas","Guadalupe","Texas","480","Guadalupe","1870",7282,1870,7,"total religious edifices from NHGIS table NT44 (AK8001)",2800,38.451,9.6127,5570,,,1762.69,"wave_coverage_differs"
"G3900590",1870,1870,"Guernsey, Ohio","Guernsey","Ohio","390","Guernsey","0590",23838,1870,79,"total religious edifices from NHGIS table NT44 (AK8001)",24550,102.9868,33.1404,175800,,,1368.29,"wave_coverage_differs"
"G3700810",1870,1870,"Guilford, North Carolina","Guilford","North Carolina","370","Guilford","0810",21736,1870,60,"total religious edifices from NHGIS table NT44 (AK8001)",28900,132.9591,27.604,57760,,,1703.18,"wave_coverage_differs"
"G1900770",1870,1870,"Guthrie, Iowa","Guthrie","Iowa","190","Guthrie","0770",7061,1870,13,"total religious edifices from NHGIS table NT44 (AK8001)",4230,59.9065,18.411,26200,,,1536.06,"wave_coverage_differs"
"G1301350",1870,1870,"Gwinnett, Georgia","Gwinnett","Georgia","130","Gwinnett","1350",12431,1870,39,"total religious edifices from NHGIS table NT44 (AK8001)",13000,104.5773,31.3732,16250,,,1248.12,"wave_coverage_differs"
"G1301370",1870,1870,"Habersham, Georgia","Habersham","Georgia","130","Habersham","1370",6322,1870,31,"total religious edifices from NHGIS table NT44 (AK8001)",6450,102.0247,49.0351,9450,,,867.63,"wave_coverage_differs"
"G0100650",1870,1870,"Hale, Alabama","Hale","Alabama","010","Hale","0650",21792,1870,20,"total religious edifices from NHGIS table NT44 (AK8001)",6500,29.8275,9.1777,84100,,,1653.77,"wave_coverage_differs"
"G3700830",1870,1870,"Halifax, North Carolina","Halifax","North Carolina","370","Halifax","0830",20408,1870,27,"total religious edifices from NHGIS table NT44 (AK8001)",6850,33.5653,13.2301,22925,,,1893.75,"wave_coverage_differs"
"G5100830",1870,1870,"Halifax, Virginia","Halifax","Virginia","510","Halifax","0830",27828,1870,42,"total religious edifices from NHGIS table NT44 (AK8001)",10800,38.8098,15.0927,41200,,,2148.74,"wave_coverage_differs"
"G1301390",1870,1870,"Hall, Georgia","Hall","Georgia","130","Hall","1390",9607,1870,42,"total religious edifices from NHGIS table NT44 (AK8001)",4955,51.577,43.7181,8200,,,1092.02,"wave_coverage_differs"
"G3100790",1870,1870,"Hall, Nebraska","Hall","Nebraska","310","Hall","0790",1057,1870,1,"total religious edifices from NHGIS table NT44 (AK8001)",300,28.3822,9.4607,2000,,,2642.05,"wave_coverage_differs"
"G1200470",1870,1870,"Hamilton, Florida","Hamilton","Florida","120","Hamilton","0470",5749,1870,3,"total religious edifices from NHGIS table NT44 (AK8001)",150,2.6091,5.2183,150,,,1344.23,"wave_coverage_differs"
"G1700650",1870,1870,"Hamilton, Illinois","Hamilton","Illinois","170","Hamilton","0650",13014,1870,27,"total religious edifices from NHGIS table NT44 (AK8001)",9500,72.9983,20.7469,23100,,,1128.95,"wave_coverage_differs"
"G1800570",1870,1870,"Hamilton, Indiana","Hamilton","Indiana","180","Hamilton","0570",20882,1870,48,"total religious edifices from NHGIS table NT44 (AK8001)",17100,81.8887,22.9863,183500,,,1042.31,"wave_coverage_differs"
"G1900790",1870,1870,"Hamilton, Iowa","Hamilton","Iowa","190","Hamilton","0790",6055,1870,4,"total religious edifices from NHGIS table NT44 (AK8001)",1130,18.6623,6.6061,14600,,,1495.74,"wave_coverage_differs"
"G3100810",1870,1870,"Hamilton, Nebraska","Hamilton","Nebraska","310","Hamilton","0810",130,1870,,"total religious edifices from NHGIS table NT44 (AK8001)",,,,,,,1416.78,"wave_coverage_differs"
"G3600410",1870,1870,"Hamilton, New York","Hamilton","New York","360","Hamilton","0410",2960,1870,4,"total religious edifices from NHGIS table NT44 (AK8001)",675,22.8041,13.5135,3300,,,4620.43,"wave_coverage_differs"
"G3900610",1870,1870,"Hamilton, Ohio","Hamilton","Ohio","390","Hamilton","0610",260370,1870,214,"total religious edifices from NHGIS table NT44 (AK8001)",131050,50.3322,8.2191,5108879,,,1068.57,"wave_coverage_differs"
"G4700650",1870,1870,"Hamilton, Tennessee","Hamilton","Tennessee","470","Hamilton","0650",17241,1870,20,"total religious edifices from NHGIS table NT44 (AK8001)",3650,21.1705,11.6003,22600,,,1505.83,"wave_coverage_differs"
"G4801930",1870,1870,"Hamilton, Texas","Hamilton","Texas","480","Hamilton","1930",733,1870,,"total religious edifices from NHGIS table NT44 (AK8001)",,,,,,,2777.79,"wave_coverage_differs"
"G2500130",1870,1870,"Hampden, Massachusetts","Hampden","Massachusetts","250","Hampden","0130",78409,1870,101,"total religious edifices from NHGIS table NT44 (AK8001)",46260,58.9983,12.8812,1512570,,,1626.54,"wave_coverage_differs"
"G2500150",1870,1870,"Hampshire, Massachusetts","Hampshire","Massachusetts","250","Hampshire","0150",44388,1870,73,"total religious edifices from NHGIS table NT44 (AK8001)",33440,75.3357,16.4459,527025,,,1528.38,"wave_coverage_differs"
"G5400270",1870,1870,"Hampshire, West Virginia","Hampshire","West Virginia","540","Hampshire","0270",7643,1870,15,"total religious edifices from NHGIS table NT44 (AK8001)",3500,45.7935,19.6258,21000,,,1569.04,"wave_coverage_differs"
"G1301410",1870,1870,"Hancock, Georgia","Hancock","Georgia","130","Hancock","1410",11317,1870,23,"total religious edifices from NHGIS table NT44 (AK8001)",5900,52.134,20.3234,56000,,,1239.83,"wave_coverage_differs"
"G1700670",1870,1870,"Hancock, Illinois","Hancock","Illinois","170","Hancock","0670",35935,1870,23,"total religious edifices from NHGIS table NT44 (AK8001)",6100,16.9751,6.4004,77900,,,2109.24,"wave_coverage_differs"
"G1800590",1870,1870,"Hancock, Indiana","Hancock","Indiana","180","Hancock","0590",15123,1870,23,"total religious edifices from NHGIS table NT44 (AK8001)",4850,32.0704,15.2086,50500,,,795.19,"wave_coverage_differs"
"G1900810",1870,1870,"Hancock, Iowa","Hancock","Iowa","190","Hancock","0810",999,1870,,"total religious edifices from NHGIS table NT44 (AK8001)",,,,,,,1484.16,"wave_coverage_differs"
"G2100910",1870,1870,"Hancock, Kentucky","Hancock","Kentucky","210","Hancock","0910",6591,1870,17,"total religious edifices from NHGIS table NT44 (AK8001)",5900,89.516,25.7927,15000,,,515.95,"wave_coverage_differs"
"G2300090",1870,1870,"Hancock, Maine","Hancock","Maine","230","Hancock","0090",36495,1870,60,"total religious edifices from NHGIS table NT44 (AK8001)",17475,47.8833,16.4406,192250,,,4385.33,"wave_coverage_differs"
"G2800450",1870,1870,"Hancock, Mississippi","Hancock","Mississippi","280","Hancock","0450",4239,1870,7,"total religious edifices from NHGIS table NT44 (AK8001)",1500,35.3857,16.5133,8000,,,2571.3,"wave_coverage_differs"
"G3900630",1870,1870,"Hancock, Ohio","Hancock","Ohio","390","Hancock","0630",23847,1870,100,"total religious edifices from NHGIS table NT44 (AK8001)",25200,105.6737,41.934,143500,,,1382.17,"wave_coverage_differs"
"G4700670",1870,1870,"Hancock, Tennessee","Hancock","Tennessee","470","Hancock","0670",7148,1870,21,"total religious edifices from NHGIS table NT44 (AK8001)",7250,101.427,29.3788,2100,,,685.5,"wave_coverage_differs"
"G5400290",1870,1870,"Hancock, West Virginia","Hancock","West Virginia","540","Hancock","0290",4363,1870,9,"total religious edifices from NHGIS table NT44 (AK8001)",2650,60.738,20.628,27400,,,228.79,"wave_coverage_differs"
"G5100850",1870,1870,"Hanover, Virginia","Hanover","Virginia","510","Hanover","0850",16455,1870,36,"total religious edifices from NHGIS table NT44 (AK8001)",13700,83.2574,21.8778,28550,,,1226.64,"wave_coverage_differs"
"G1301430",1870,1870,"Haralson, Georgia","Haralson","Georgia","130","Haralson","1430",4004,1870,18,"total religious edifices from NHGIS table NT44 (AK8001)",2705,67.5574,44.955,1815,,,746.26,"wave_coverage_differs"
"G4700690",1870,1870,"Hardeman, Tennessee","Hardeman","Tennessee","470","Hardeman","0690",18074,1870,47,"total religious edifices from NHGIS table NT44 (AK8001)",11200,61.9675,26.0042,35400,,,1785.87,"wave_coverage_differs"
"G4801970",1870,1870,"Hardeman, Texas","Hardeman","Texas","480","Hardeman","1970",,1870,,"total religious edifices from NHGIS table NT44 (AK8001)",,,,,,,5128.39,"wave_coverage_differs"
"G1700690",1870,1870,"Hardin, Illinois","Hardin","Illinois","170","Hardin","0690",5113,1870,11,"total religious edifices from NHGIS table NT44 (AK8001)",1150,22.4917,21.5138,13000,,,470.31,"wave_coverage_differs"
"G1900830",1870,1870,"Hardin, Iowa","Hardin","Iowa","190","Hardin","0830",13684,1870,22,"total religious edifices from NHGIS table NT44 (AK8001)",5540,40.4852,16.0772,87200,,,1476.28,"wave_coverage_differs"
"G2100930",1870,1870,"Hardin, Kentucky","Hardin","Kentucky","210","Hardin","0930",15705,1870,20,"total religious edifices from NHGIS table NT44 (AK8001)",6800,43.2983,12.7348,26450,,,1631.73,"wave_coverage_differs"
"G3900650",1870,1870,"Hardin, Ohio","Hardin","Ohio","390","Hardin","0650",18714,1870,39,"total religious edifices from NHGIS table NT44 (AK8001)",11800,63.0544,20.84,103700,,,1218.97,"wave_coverage_differs"
"G4700710",1870,1870,"Hardin, Tennessee","Hardin","Tennessee","470","Hardin","0710",11768,1870,42,"total religious edifices from NHGIS table NT44 (AK8001)",25000,212.4405,35.69,24700,,,1543.42,"wave_coverage_differs"
"G4801990",1870,1870,"Hardin, Texas","Hardin","Texas","480","Hardin","1990",1460,1870,1,"total religious edifices from NHGIS table NT44 (AK8001)",200,13.6986,6.8493,500,,,2324.71,"wave_coverage_differs"
"G5400310",1870,1870,"Hardy, West Virginia","Hardy","West Virginia","540","Hardy","0310",5518,1870,9,"total religious edifices from NHGIS table NT44 (AK8001)",2450,44.4001,16.3103,24500,,,1513.81,"wave_coverage_differs"
"G2400250",1870,1870,"Harford, Maryland","Harford","Maryland","240","Harford","0250",22605,1870,75,"total religious edifices from NHGIS table NT44 (AK8001)",14900,65.9146,33.1785,186200,,,1153.21,"wave_coverage_differs"
"G2100950",1870,1870,"Harlan, Kentucky","Harlan","Kentucky","210","Harlan","0950",4415,1870,8,"total religious edifices from NHGIS table NT44 (AK8001)",1800,40.7701,18.12,800,,,1212.08,"wave_coverage_differs"
"G3700850",1870,1870,"Harnett, North Carolina","Harnett","North Carolina","370","Harnett","0850",8895,1870,15,"total religious edifices from NHGIS table NT44 (AK8001)",5100,57.3356,16.8634,5900,,,1529.49,"wave_coverage_differs"
"G1301450",1870,1870,"Harris, Georgia","Harris","Georgia","130","Harris","1450",13284,1870,30,"total religious edifices from NHGIS table NT44 (AK8001)",8200,61.7284,22.5836,10000,,,1225.56,"wave_coverage_differs"
"G4802010",1870,1870,"Harris, Texas","Harris","Texas","480","Harris","2010",17375,1870,10,"total religious edifices from NHGIS table NT44 (AK8001)",4050,23.3094,5.7554,79300,,,4563.31,"wave_coverage_differs"
"G1800610",1870,1870,"Harrison, Indiana","Harrison","Indiana","180","Harrison","0610",19913,1870,68,"total religious edifices from NHGIS table NT44 (AK8001)",16745,84.0908,34.1485,78477,,,1259.11,"wave_coverage_differs"
"G1900850",1870,1870,"Harrison, Iowa","Harrison","Iowa","190","Harrison","0850",8931,1870,11,"total religious edifices from NHGIS table NT44 (AK8001)",2100,23.5136,12.3166,19100,,,1817.16,"wave_coverage_differs"
"G2100970",1870,1870,"Harrison, Kentucky","Harrison","Kentucky","210","Harrison","0970",12993,1870,27,"total religious edifices from NHGIS table NT44 (AK8001)",8750,67.344,20.7804,68500,,,802.76,"wave_coverage_differs"
"G2800470",1870,1870,"Harrison, Mississippi","Harrison","Mississippi","280","Harrison","0470",5795,1870,10,"total religious edifices from NHGIS table NT44 (AK8001)",3000,51.7688,17.2563,32000,,,2625.11,"wave_coverage_differs"
"G2900810",1870,1870,"Harrison, Missouri","Harrison","Missouri","290","Harrison","0810",14635,1870,12,"total religious edifices from NHGIS table NT44 (AK8001)",3800,25.9652,8.1995,15200,,,1881.38,"wave_coverage_differs"
"G3100835",1870,1870,"Harrison, Nebraska","Harrison","Nebraska","310","Harrison","0835",631,1870,,"total religious edifices from NHGIS table NT44 (AK8001)",,,,,,,7564.19,"wave_coverage_differs"
"G3900670",1870,1870,"Harrison, Ohio","Harrison","Ohio","390","Harrison","0670",18682,1870,52,"total religious edifices from NHGIS table NT44 (AK8001)",16600,88.8556,27.8343,148000,,,1063.88,"wave_coverage_differs"
"G4802030",1870,1870,"Harrison, Texas","Harrison","Texas","480","Harrison","2030",13241,1870,41,"total religious edifices from NHGIS table NT44 (AK8001)",11300,85.341,30.9644,45000,,,2600.89,"wave_coverage_differs"
"G5400330",1870,1870,"Harrison, West Virginia","Harrison","West Virginia","540","Harrison","0330",16714,1870,57,"total religious edifices from NHGIS table NT44 (AK8001)",18850,112.7797,34.1031,74600,,,1078.77,"wave_coverage_differs"
"G1301470",1870,1870,"Hart, Georgia","Hart","Georgia","130","Hart","1470",6783,1870,18,"total religious edifices from NHGIS table NT44 (AK8001)",3900,57.4967,26.5369,6400,,,665.48,"wave_coverage_differs"
"G2100990",1870,1870,"Hart, Kentucky","Hart","Kentucky","210","Hart","0990",13687,1870,22,"total religious edifices from NHGIS table NT44 (AK8001)",12200,89.1357,16.0736,23800,,,1082.7,"wave_coverage_differs"
"G0900030",1870,1870,"Hartford, Connecticut","Hartford","Connecticut","090","Hartford","0030",109007,1870,158,"total religious edifices from NHGIS table NT44 (AK8001)",65603,60.1824,14.4945,3300805,,,1944.1,"wave_coverage_differs"
"G4802070",1870,1870,"Haskell, Texas","Haskell","Texas","480","Haskell","2070",,1870,,"total religious edifices from NHGIS table NT44 (AK8001)",,,,,,,3485.46,"wave_coverage_differs"
"G4700730",1870,1870,"Hawkins, Tennessee","Hawkins","Tennessee","470","Hawkins","0730",15837,1870,32,"total religious edifices from NHGIS table NT44 (AK8001)",8850,55.8818,20.2058,24800,,,1235.3,"wave_coverage_differs"
"G4802090",1870,1870,"Hays, Texas","Hays","Texas","480","Hays","2090",4088,1870,1,"total religious edifices from NHGIS table NT44 (AK8001)",400,9.7847,2.4462,2000,,,1760.99,"wave_coverage_differs"
"G3700870",1870,1870,"Haywood, North Carolina","Haywood","North Carolina","370","Haywood","0870",7921,1870,28,"total religious edifices from NHGIS table NT44 (AK8001)",5450,68.8044,35.3491,9725,,,1436.49,"wave_coverage_differs"
"G4700750",1870,1870,"Haywood, Tennessee","Haywood","Tennessee","470","Haywood","0750",25094,1870,41,"total religious edifices from NHGIS table NT44 (AK8001)",12950,51.606,16.3386,64000,,,1688.49,"wave_coverage_differs"
"G1301490",1870,1870,"Heard, Georgia","Heard","Georgia","130","Heard","1490",7866,1870,28,"total religious edifices from NHGIS table NT44 (AK8001)",7700,97.8897,35.5962,13350,,,785.69,"wave_coverage_differs"
"G0500570",1870,1870,"Hempstead, Arkansas","Hempstead","Arkansas","050","Hempstead","0570",13768,1870,25,"total religious edifices from NHGIS table NT44 (AK8001)",10600,76.9901,18.158,49000,,,2802.42,"wave_coverage_differs"
"G1700710",1870,1870,"Henderson, Illinois","Henderson","Illinois","170","Henderson","0710",12582,1870,21,"total religious edifices from NHGIS table NT44 (AK8001)",5770,45.8592,16.6905,60150,,,1023.61,"wave_coverage_differs"
"G2101010",1870,1870,"Henderson, Kentucky","Henderson","Kentucky","210","Henderson","1010",18457,1870,31,"total religious edifices from NHGIS table NT44 (AK8001)",10450,56.6181,16.7958,119000,,,1210.41,"wave_coverage_differs"
"G3700890",1870,1870,"Henderson, North Carolina","Henderson","North Carolina","370","Henderson","0890",7706,1870,34,"total religious edifices from NHGIS table NT44 (AK8001)",10500,136.2575,44.1215,21200,,,971.43,"wave_coverage_differs"
"G4700770",1870,1870,"Henderson, Tennessee","Henderson","Tennessee","470","Henderson","0770",14217,1870,43,"total religious edifices from NHGIS table NT44 (AK8001)",8600,60.491,30.2455,18600,,,1625.13,"wave_coverage_differs"
"G4802130",1870,1870,"Henderson, Texas","Henderson","Texas","480","Henderson","2130",6786,1870,4,"total religious edifices from NHGIS table NT44 (AK8001)",1050,15.473,5.8945,1400,,,2458.34,"wave_coverage_differs"
"G1800630",1870,1870,"Hendricks, Indiana","Hendricks","Indiana","180","Hendricks","0630",20277,1870,52,"total religious edifices from NHGIS table NT44 (AK8001)",15600,76.9345,25.6448,99800,,,1058.73,"wave_coverage_differs"
"G2700530",1870,1870,"Hennepin, Minnesota","Hennepin","Minnesota","270","Hennepin","0530",31566,1870,39,"total religious edifices from NHGIS table NT44 (AK8001)",10870,34.4358,12.3551,279800,,,1570.9,"wave_coverage_differs"
"G5100870",1870,1870,"Henrico, Virginia","Henrico","Virginia","510","Henrico","0870",66179,1870,56,"total religious edifices from NHGIS table NT44 (AK8001)",36640,55.365,8.4619,827500,,,707.55,"wave_coverage_differs"
"G0100670",1870,1870,"Henry, Alabama","Henry","Alabama","010","Henry","0670",14191,1870,31,"total religious edifices from NHGIS table NT44 (AK8001)",8400,59.1924,21.8448,10850,,,2561.12,"wave_coverage_differs"
"G1301510",1870,1870,"Henry, Georgia","Henry","Georgia","130","Henry","1510",10102,1870,27,"total religious edifices from NHGIS table NT44 (AK8001)",6750,66.8185,26.7274,8200,,,903.8,"wave_coverage_differs"
"G1700730",1870,1870,"Henry, Illinois","Henry","Illinois","170","Henry","0730",35506,1870,53,"total religious edifices from NHGIS table NT44 (AK8001)",16320,45.9641,14.9271,270550,,,2138.44,"wave_coverage_differs"
"G1800650",1870,1870,"Henry, Indiana","Henry","Indiana","180","Henry","0650",22986,1870,24,"total religious edifices from NHGIS table NT44 (AK8001)",10500,45.68,10.4411,73000,,,1022.61,"wave_coverage_differs"
"G1900870",1870,1870,"Henry, Iowa","Henry","Iowa","190","Henry","0870",21463,1870,48,"total religious edifices from NHGIS table NT44 (AK8001)",12880,60.0103,22.3641,172200,,,1130.69,"wave_coverage_differs"
"G2101030",1870,1870,"Henry, Kentucky","Henry","Kentucky","210","Henry","1030",11066,1870,37,"total religious edifices from NHGIS table NT44 (AK8001)",11100,100.3072,33.4357,55000,,,752.89,"wave_coverage_differs"
"G3900690",1870,1870,"Henry, Ohio","Henry","Ohio","390","Henry","0690",14028,1870,20,"total religious edifices from NHGIS table NT44 (AK8001)",6250,44.5537,14.2572,69500,,,1087.15,"wave_coverage_differs"
"G4700790",1870,1870,"Henry, Tennessee","Henry","Tennessee","470","Henry","0790",20380,1870,54,"total religious edifices from NHGIS table NT44 (AK8001)",14875,72.9882,26.4966,29350,,,1702.29,"wave_coverage_differs"
"G5100890",1870,1870,"Henry, Virginia","Henry","Virginia","510","Henry","0890",12303,1870,23,"total religious edifices from NHGIS table NT44 (AK8001)",5900,47.9558,18.6946,6450,,,1024.06,"wave_coverage_differs"
"G2900830",1870,1870,"Henry/Rives, Missouri","Henry","Missouri","290","Henry","0830",17401,1870,14,"total religious edifices from NHGIS table NT44 (AK8001)",3900,22.4125,8.0455,51000,,,1896.72,"wave_coverage_differs"
"G3600430",1870,1870,"Herkimer, New York","Herkimer","New York","360","Herkimer","0430",39929,1870,91,"total religious edifices from NHGIS table NT44 (AK8001)",32864,82.3061,22.7905,324300,,,3777.29,"wave_coverage_differs"
"G1200530",1870,1870,"Hernando, Florida","Hernando","Florida","120","Hernando","0530",2938,1870,4,"total religious edifices from NHGIS table NT44 (AK8001)",1150,39.1423,13.6147,2400,,,4829.89,"wave_coverage_differs"
"G3700910",1870,1870,"Hertford, North Carolina","Hertford","North Carolina","370","Hertford","0910",9273,1870,20,"total religious edifices from NHGIS table NT44 (AK8001)",5675,61.1992,21.568,15300,,,927.74,"wave_coverage_differs"
"G2101050",1870,1870,"Hickman, Kentucky","Hickman","Kentucky","210","Hickman","1050",8453,1870,18,"total religious edifices from NHGIS table NT44 (AK8001)",2900,34.3073,21.2942,23200,,,655.49,"wave_coverage_differs"
"G4700810",1870,1870,"Hickman, Tennessee","Hickman","Tennessee","470","Hickman","0810",9856,1870,23,"total religious edifices from NHGIS table NT44 (AK8001)",5000,50.7305,23.336,10800,,,1586.71,"wave_coverage_differs"
"G2900850",1870,1870,"Hickory, Missouri","Hickory","Missouri","290","Hickory","0850",6452,1870,10,"total religious edifices from NHGIS table NT44 (AK8001)",860,13.3292,15.4991,2800,,,1066.32,"wave_coverage_differs"
"G4802150",1870,1870,"Hidalgo, Texas","Hidalgo","Texas","480","Hidalgo","2150",2387,1870,0,"total religious edifices from NHGIS table NT44 (AK8001)",0,0,0,0,,,6495.28,"wave_coverage_differs"
"G3900710",1870,1870,"Highland, Ohio","Highland","Ohio","390","Highland","0710",29133,1870,101,"total religious edifices from NHGIS table NT44 (AK8001)",30400,104.349,34.6686,213000,,,1410.13,"wave_coverage_differs"
"G5100910",1870,1870,"Highland, Virginia","Highland","Virginia","510","Highland","0910",4151,1870,18,"total religious edifices from NHGIS table NT44 (AK8001)",3895,93.8328,43.363,14250,,,1077.06,"wave_coverage_differs"
"G4802170",1870,1870,"Hill, Texas","Hill","Texas","480","Hill","2170",7453,1870,7,"total religious edifices from NHGIS table NT44 (AK8001)",2050,27.5057,9.3922,7000,,,2553,"wave_coverage_differs"
"G1200570",1870,1870,"Hillsborough, Florida","Hillsborough","Florida","120","Hillsborough","0570",3216,1870,9,"total religious edifices from NHGIS table NT44 (AK8001)",1900,59.0796,27.9851,5100,,,3617.14,"wave_coverage_differs"
"G3300110",1870,1870,"Hillsborough, New Hampshire","Hillsborough","New Hampshire","330","Hillsborough","0110",64238,1870,72,"total religious edifices from NHGIS table NT44 (AK8001)",36676,57.0939,11.2083,819500,,,2310.85,"wave_coverage_differs"
"G2600590",1870,1870,"Hillsdale, Michigan","Hillsdale","Michigan","260","Hillsdale","0590",31684,1870,48,"total religious edifices from NHGIS table NT44 (AK8001)",13135,41.4563,15.1496,162235,,,1572.15,"wave_coverage_differs"
"G2800490",1870,1870,"Hinds, Mississippi","Hinds","Mississippi","280","Hinds","0490",30488,1870,30,"total religious edifices from NHGIS table NT44 (AK8001)",9350,30.6678,9.8399,136000,,,2272.18,"wave_coverage_differs"
"G3900730",1870,1870,"Hocking, Ohio","Hocking","Ohio","390","Hocking","0730",17925,1870,55,"total religious edifices from NHGIS table NT44 (AK8001)",14850,82.8452,30.6834,66400,,,1097.2,"wave_coverage_differs"
"G1200590",1870,1870,"Holmes, Florida","Holmes","Florida","120","Holmes","0590",1572,1870,5,"total religious edifices from NHGIS table NT44 (AK8001)",600,38.1679,31.8066,600,,,1209.28,"wave_coverage_differs"
"G2800510",1870,1870,"Holmes, Mississippi","Holmes","Mississippi","280","Holmes","0510",19370,1870,23,"total religious edifices from NHGIS table NT44 (AK8001)",5800,29.9432,11.874,26500,,,2188.59,"wave_coverage_differs"
"G3900750",1870,1870,"Holmes, Ohio","Holmes","Ohio","390","Holmes","0750",18177,1870,42,"total religious edifices from NHGIS table NT44 (AK8001)",13400,73.7195,23.1061,82500,,,1097.92,"wave_coverage_differs"
"G2900870",1870,1870,"Holt, Missouri","Holt","Missouri","290","Holt","0870",11652,1870,9,"total religious edifices from NHGIS table NT44 (AK8001)",2350,20.1682,7.724,17500,,,1214.74,"wave_coverage_differs"
"G4802210",1870,1870,"Hood, Texas","Hood","Texas","480","Hood","2210",2585,1870,,"total religious edifices from NHGIS table NT44 (AK8001)",,,,,,,1628.54,"wave_coverage_differs"
"G2101070",1870,1870,"Hopkins, Kentucky","Hopkins","Kentucky","210","Hopkins","1070",13827,1870,34,"total religious edifices from NHGIS table NT44 (AK8001)",14000,101.2512,24.5896,85500,,,1436.54,"wave_coverage_differs"
"G4802230",1870,1870,"Hopkins, Texas","Hopkins","Texas","480","Hopkins","2230",12651,1870,4,"total religious edifices from NHGIS table NT44 (AK8001)",800,6.3236,3.1618,1000,,,2528.12,"wave_coverage_differs"
"G4500510",1870,1870,"Horry, South Carolina","Horry","South Carolina","450","Horry","0510",10721,1870,17,"total religious edifices from NHGIS table NT44 (AK8001)",2900,27.0497,15.8567,8500,,,2963.81,"wave_coverage_differs"
"G0500590",1870,1870,"Hot Spring, Arkansas","Hot Spring","Arkansas","050","Hot Spring","0590",5877,1870,31,"total religious edifices from NHGIS table NT44 (AK8001)",2685,45.6866,52.748,8285,,,2264.35,"wave_coverage_differs"
"G2600610",1870,1870,"Houghton, Michigan","Houghton","Michigan","260","Houghton","0610",13879,1870,16,"total religious edifices from NHGIS table NT44 (AK8001)",5020,36.1698,11.5282,61000,,,5073.62,"wave_coverage_differs"
"G1301530",1870,1870,"Houston, Georgia","Houston","Georgia","130","Houston","1530",20406,1870,30,"total religious edifices from NHGIS table NT44 (AK8001)",17300,84.779,14.7016,36200,,,1556.75,"wave_coverage_differs"
"G2700550",1870,1870,"Houston, Minnesota","Houston","Minnesota","270","Houston","0550",14936,1870,27,"total religious edifices from NHGIS table NT44 (AK8001)",9250,61.9309,18.0771,36350,,,1473.29,"wave_coverage_differs"
"G4802250",1870,1870,"Houston, Texas","Houston","Texas","480","Houston","2250",8147,1870,6,"total religious edifices from NHGIS table NT44 (AK8001)",1600,19.6391,7.3647,7300,,,3202.33,"wave_coverage_differs"
"G1800670",1870,1870,"Howard, Indiana","Howard","Indiana","180","Howard","0670",15847,1870,38,"total religious edifices from NHGIS table NT44 (AK8001)",13600,85.8207,23.9793,158000,,,761.25,"wave_coverage_differs"
"G1900890",1870,1870,"Howard, Iowa","Howard","Iowa","190","Howard","0890",6282,1870,5,"total religious edifices from NHGIS table NT44 (AK8001)",1150,18.3063,7.9592,12850,,,1226.64,"wave_coverage_differs"
"G2000833",1870,1870,"Howard, Kansas","Howard","Kansas","200","Howard","0833",2794,1870,0,"total religious edifices from NHGIS table NT44 (AK8001)",0,0,0,0,,,3354.63,"wave_coverage_differs"
"G2400270",1870,1870,"Howard, Maryland","Howard","Maryland","240","Howard","0270",14150,1870,37,"total religious edifices from NHGIS table NT44 (AK8001)",7580,53.5689,26.1484,132400,,,656.28,"wave_coverage_differs"
"G2900890",1870,1870,"Howard, Missouri","Howard","Missouri","290","Howard","0890",17233,1870,40,"total religious edifices from NHGIS table NT44 (AK8001)",13750,79.7888,23.2113,196500,,,1221.68,"wave_coverage_differs"
"G2900910",1870,1870,"Howell, Missouri","Howell","Missouri","290","Howell","0910",4218,1870,4,"total religious edifices from NHGIS table NT44 (AK8001)",500,11.854,9.4832,800,,,1980.56,"wave_coverage_differs"
"G3400170",1870,1870,"Hudson, New Jersey","Hudson","New Jersey","340","Hudson","0170",129067,1870,78,"total religious edifices from NHGIS table NT44 (AK8001)",38465,29.8024,6.0434,1849700,,,125,"wave_coverage_differs"
"G0850235",1870,1870,"Huerfano, Colorado Territory","Huerfano","Colorado Territory","085","Huerfano","0235",2250,1870,1,"total religious edifices from NHGIS table NT44 (AK8001)",300,13.3333,4.4444,600,,,4126.44,"wave_coverage_differs"
"G0600230",1870,1870,"Humboldt, California","Humboldt","California","060","Humboldt","0230",6140,1870,10,"total religious edifices from NHGIS table NT44 (AK8001)",4550,74.1042,16.2866,11500,,,6217.68,"wave_coverage_differs"
"G1900910",1870,1870,"Humboldt, Iowa","Humboldt","Iowa","190","Humboldt","0910",2596,1870,,"total religious edifices from NHGIS table NT44 (AK8001)",,,,800,,,1128.37,"wave_coverage_differs"
"G3200130",1870,1870,"Humboldt, Nevada","Humboldt","Nevada","320","Humboldt","0130",1916,1870,,"total religious edifices from NHGIS table NT44 (AK8001)",,,,,,,44164.76,"wave_coverage_differs"
"G4700850",1870,1870,"Humphreys, Tennessee","Humphreys","Tennessee","470","Humphreys","0850",9326,1870,62,"total religious edifices from NHGIS table NT44 (AK8001)",18800,201.587,66.4808,32500,,,1532.45,"wave_coverage_differs"
"G4802310",1870,1870,"Hunt, Texas","Hunt","Texas","480","Hunt","2310",10291,1870,4,"total religious edifices from NHGIS table NT44 (AK8001)",1100,10.689,3.8869,1500,,,2420.93,"wave_coverage_differs"
"G3400190",1870,1870,"Hunterdon, New Jersey","Hunterdon","New Jersey","340","Hunterdon","0190",36963,1870,69,"total religious edifices from NHGIS table NT44 (AK8001)",33250,89.9548,18.6673,602000,,,1132.99,"wave_coverage_differs"
"G4200610",1870,1870,"Huntingdon, Pennsylvania","Huntingdon","Pennsylvania","420","Huntingdon","0610",31251,1870,83,"total religious edifices from NHGIS table NT44 (AK8001)",36000,115.1963,26.5592,284400,,,2303.29,"wave_coverage_differs"
"G1800690",1870,1870,"Huntington, Indiana","Huntington","Indiana","180","Huntington","0690",19036,1870,25,"total religious edifices from NHGIS table NT44 (AK8001)",9750,51.2187,13.133,130500,,,1004.2,"wave_coverage_differs"
"G2600630",1870,1870,"Huron, Michigan","Huron","Michigan","260","Huron","0630",9049,1870,10,"total religious edifices from NHGIS table NT44 (AK8001)",2200,24.3121,11.0509,19400,,,2172.26,"wave_coverage_differs"
"G3900770",1870,1870,"Huron, Ohio","Huron","Ohio","390","Huron","0770",28532,1870,81,"total religious edifices from NHGIS table NT44 (AK8001)",26300,92.1772,28.3892,376200,,,1281.54,"wave_coverage_differs"
"G0950815",1870,1870,"Hutchinson, Dakota Territory","Hutchinson","Dakota Territory","095","Hutchinson","0815",37,1870,,"total religious edifices from NHGIS table NT44 (AK8001)",,,,,,,1633.51,"wave_coverage_differs"
"G3700950",1870,1870,"Hyde, North Carolina","Hyde","North Carolina","370","Hyde","0950",6445,1870,11,"total religious edifices from NHGIS table NT44 (AK8001)",4000,62.0636,17.0675,12500,,,1855.61,"wave_coverage_differs"
"G2200450",1870,1870,"Iberia, Louisiana","Iberia","Louisiana","220","Iberia","0450",9042,1870,6,"total religious edifices from NHGIS table NT44 (AK8001)",1450,16.0363,6.6357,30500,,,1616.24,"wave_coverage_differs"
"G2200470",1870,1870,"Iberville, Louisiana","Iberville","Louisiana","220","Iberville","0470",12347,1870,13,"total religious edifices from NHGIS table NT44 (AK8001)",3900,31.5866,10.5289,40000,,,1690.89,"wave_coverage_differs"
"G1900930",1870,1870,"Ida, Iowa","Ida","Iowa","190","Ida","0930",226,1870,,"total religious edifices from NHGIS table NT44 (AK8001)",,,,,,,1119.01,"wave_coverage_differs"
"G1650115",1870,1870,"Idaho, Idaho Territory","Idaho","Idaho Territory","165","Idaho","0115",849,1870,,"total religious edifices from NHGIS table NT44 (AK8001)",,,,,,,22178.71,"wave_coverage_differs"
"G0500630",1870,1870,"Independence, Arkansas","Independence","Arkansas","050","Independence","0630",14566,1870,49,"total religious edifices from NHGIS table NT44 (AK8001)",10100,69.3396,33.64,34000,,,2736.72,"wave_coverage_differs"
"G4200630",1870,1870,"Indiana, Pennsylvania","Indiana","Pennsylvania","420","Indiana","0630",36138,1870,122,"total religious edifices from NHGIS table NT44 (AK8001)",43175,119.4726,33.7595,310550,,,2160.8,"wave_coverage_differs"
"G2600650",1870,1870,"Ingham, Michigan","Ingham","Michigan","260","Ingham","0650",25268,1870,26,"total religious edifices from NHGIS table NT44 (AK8001)",7470,29.5631,10.2897,88800,,,1452.24,"wave_coverage_differs"
"G0600270",1870,1870,"Inyo, California","Inyo","California","060","Inyo","0270",1956,1870,1,"total religious edifices from NHGIS table NT44 (AK8001)",300,15.3374,5.1125,750,,,12006.42,"wave_coverage_differs"
"G2600670",1870,1870,"Ionia, Michigan","Ionia","Michigan","260","Ionia","0670",27681,1870,29,"total religious edifices from NHGIS table NT44 (AK8001)",9500,34.3196,10.4765,174700,,,1502.31,"wave_coverage_differs"
"G2600690",1870,1870,"Iosco, Michigan","Iosco","Michigan","260","Iosco","0690",3163,1870,5,"total religious edifices from NHGIS table NT44 (AK8001)",1050,33.1963,15.8078,11800,,,1466.57,"wave_coverage_differs"
"G1900950",1870,1870,"Iowa, Iowa","Iowa","Iowa","190","Iowa","0950",16644,1870,17,"total religious edifices from NHGIS table NT44 (AK8001)",6450,38.7527,10.2139,60200,,,1521.6,"wave_coverage_differs"
"G5500490",1870,1870,"Iowa, Wisconsin","Iowa","Wisconsin","550","Iowa","0490",24544,1870,60,"total religious edifices from NHGIS table NT44 (AK8001)",16650,67.8374,24.4459,180850,,,1988.91,"wave_coverage_differs"
"G3700970",1870,1870,"Iredell, North Carolina","Iredell","North Carolina","370","Iredell","0970",16931,1870,67,"total religious edifices from NHGIS table NT44 (AK8001)",18625,110.0053,39.5724,28500,,,1547.1,"wave_coverage_differs"
"G2900930",1870,1870,"Iron, Missouri","Iron","Missouri","290","Iron","0930",6278,1870,9,"total religious edifices from NHGIS table NT44 (AK8001)",2200,35.043,14.3358,26500,,,1381.48,"wave_coverage_differs"
"G4950295",1870,1870,"Iron, Utah Territory","Iron","Utah Territory","495","Iron","0295",2277,1870,2,"total religious edifices from NHGIS table NT44 (AK8001)",1000,43.9174,8.7835,10000,,,29963.38,"wave_coverage_differs"
"G1700750",1870,1870,"Iroquois, Illinois","Iroquois","Illinois","170","Iroquois","0750",25782,1870,25,"total religious edifices from NHGIS table NT44 (AK8001)",8925,34.6172,9.6967,84800,,,2898.01,"wave_coverage_differs"
"G1301550",1870,1870,"Irwin, Georgia","Irwin","Georgia","130","Irwin","1550",1837,1870,,"total religious edifices from NHGIS table NT44 (AK8001)",,,,,,,2209.76,"wave_coverage_differs"
"G2600730",1870,1870,"Isabella, Michigan","Isabella","Michigan","260","Isabella","0730",4113,1870,5,"total religious edifices from NHGIS table NT44 (AK8001)",1150,27.9601,12.1566,9800,,,1496.19,"wave_coverage_differs"
"G2700590",1870,1870,"Isanti, Minnesota","Isanti","Minnesota","270","Isanti","0590",2035,1870,2,"total religious edifices from NHGIS table NT44 (AK8001)",550,27.027,9.828,1500,,,1169.79,"wave_coverage_differs"
"G5350115",1870,1870,"Island, Washington Territory","Island","Washington Territory","535","Island","0115",626,1870,1,"total religious edifices from NHGIS table NT44 (AK8001)",100,15.9744,15.9744,300,,,545.88,"wave_coverage_differs"
"G5100930",1870,1870,"Isle Of Wight, Virginia","Isle Of Wight","Virginia","510","Isle Of Wight","0930",8320,1870,22,"total religious edifices from NHGIS table NT44 (AK8001)",3250,39.0625,26.4423,13700,,,830.62,"wave_coverage_differs"
"G2800550",1870,1870,"Issaquena, Mississippi","Issaquena","Mississippi","280","Issaquena","0550",6887,1870,4,"total religious edifices from NHGIS table NT44 (AK8001)",1000,14.5201,5.808,5000,,,1896.77,"wave_coverage_differs"
"G2700610",1870,1870,"Itasca, Minnesota","Itasca","Minnesota","270","Itasca","0610",96,1870,,"total religious edifices from NHGIS table NT44 (AK8001)",,,,,,,16383.02,"wave_coverage_differs"
"G2800570",1870,1870,"Itawamba, Mississippi","Itawamba","Mississippi","280","Itawamba","0570",7812,1870,42,"total religious edifices from NHGIS table NT44 (AK8001)",6300,80.6452,53.7634,12600,,,1399.39,"wave_coverage_differs"
"G0500650",1870,1870,"Izard, Arkansas","Izard","Arkansas","050","Izard","0650",6806,1870,27,"total religious edifices from NHGIS table NT44 (AK8001)",10800,158.6835,39.6709,9100,,,2286.39,"wave_coverage_differs"
"G4802370",1870,1870,"Jack, Texas","Jack","Texas","480","Jack","2370",694,1870,,"total religious edifices from NHGIS table NT44 (AK8001)",,,,,,,2383.12,"wave_coverage_differs"
"G0100710",1870,1870,"Jackson, Alabama","Jackson","Alabama","010","Jackson","0710",19410,1870,36,"total religious edifices from NHGIS table NT44 (AK8001)",5300,27.3055,18.5471,7200,,,2916.62,"wave_coverage_differs"
"G0500670",1870,1870,"Jackson, Arkansas","Jackson","Arkansas","050","Jackson","0670",7268,1870,15,"total religious edifices from NHGIS table NT44 (AK8001)",4500,61.9152,20.6384,17650,,,1661.45,"wave_coverage_differs"
"G1200630",1870,1870,"Jackson, Florida","Jackson","Florida","120","Jackson","0630",9528,1870,40,"total religious edifices from NHGIS table NT44 (AK8001)",7200,75.5668,41.9815,24100,,,2474.52,"wave_coverage_differs"
"G1301570",1870,1870,"Jackson, Georgia","Jackson","Georgia","130","Jackson","1570",11181,1870,28,"total religious edifices from NHGIS table NT44 (AK8001)",9000,80.4937,25.0425,10600,,,1085.64,"wave_coverage_differs"
"G1700770",1870,1870,"Jackson, Illinois","Jackson","Illinois","170","Jackson","0770",19634,1870,16,"total religious edifices from NHGIS table NT44 (AK8001)",4900,24.9567,8.1491,27000,,,1560.2,"wave_coverage_differs"
"G1800710",1870,1870,"Jackson, Indiana","Jackson","Indiana","180","Jackson","0710",18974,1870,39,"total religious edifices from NHGIS table NT44 (AK8001)",10150,53.4943,20.5544,43000,,,1331.04,"wave_coverage_differs"
"G1900970",1870,1870,"Jackson, Iowa","Jackson","Iowa","190","Jackson","0970",22619,1870,31,"total religious edifices from NHGIS table NT44 (AK8001)",7275,32.1632,13.7053,106650,,,1682.47,"wave_coverage_differs"
"G2000850",1870,1870,"Jackson, Kansas","Jackson","Kansas","200","Jackson","0850",6053,1870,5,"total religious edifices from NHGIS table NT44 (AK8001)",1775,29.3243,8.2604,20600,,,1704.27,"wave_coverage_differs"
"G2101090",1870,1870,"Jackson, Kentucky","Jackson","Kentucky","210","Jackson","1090",4547,1870,12,"total religious edifices from NHGIS table NT44 (AK8001)",5000,109.9626,26.391,3700,,,897.7,"wave_coverage_differs"
"G2200490",1870,1870,"Jackson, Louisiana","Jackson","Louisiana","220","Jackson","0490",7646,1870,24,"total religious edifices from NHGIS table NT44 (AK8001)",5600,73.2409,31.389,42000,,,2298.46,"wave_coverage_differs"
"G2600750",1870,1870,"Jackson, Michigan","Jackson","Michigan","260","Jackson","0750",36047,1870,47,"total religious edifices from NHGIS table NT44 (AK8001)",15525,43.0688,13.0385,491776,,,1873.84,"wave_coverage_differs"
"G2700630",1870,1870,"Jackson, Minnesota","Jackson","Minnesota","270","Jackson","0630",1825,1870,1,"total religious edifices from NHGIS table NT44 (AK8001)",150,8.2192,5.4795,2000,,,1862.82,"wave_coverage_differs"
"G2800590",1870,1870,"Jackson, Mississippi","Jackson","Mississippi","280","Jackson","0590",4362,1870,25,"total religious edifices from NHGIS table NT44 (AK8001)",2470,56.6254,57.3132,5900,,,2832.88,"wave_coverage_differs"
"G2900950",1870,1870,"Jackson, Missouri","Jackson","Missouri","290","Jackson","0950",55041,1870,41,"total religious edifices from NHGIS table NT44 (AK8001)",12270,22.2925,7.449,318500,,,1596.18,"wave_coverage_differs"
"G3100935",1870,1870,"Jackson, Nebraska","Jackson","Nebraska","310","Jackson","0935",9,1870,,"total religious edifices from NHGIS table NT44 (AK8001)",,,,,,,9846.46,"wave_coverage_differs"
"G3700990",1870,1870,"Jackson, North Carolina","Jackson","North Carolina","370","Jackson","0990",6683,1870,22,"total religious edifices from NHGIS table NT44 (AK8001)",4400,65.8387,32.9193,3800,,,1995.87,"wave_coverage_differs"
"G3900790",1870,1870,"Jackson, Ohio","Jackson","Ohio","390","Jackson","0790",21759,1870,49,"total religious edifices from NHGIS table NT44 (AK8001)",12700,58.3667,22.5194,69150,,,1091.77,"wave_coverage_differs"
"G4100290",1870,1870,"Jackson, Oregon","Jackson","Oregon","410","Jackson","0290",4778,1870,4,"total religious edifices from NHGIS table NT44 (AK8001)",700,14.6505,8.3717,4800,,,30178.7,"wave_coverage_differs"
"G4700870",1870,1870,"Jackson, Tennessee","Jackson","Tennessee","470","Jackson","0870",12583,1870,,"total religious edifices from NHGIS table NT44 (AK8001)",,,,,,,1248.63,"wave_coverage_differs"
"G4802390",1870,1870,"Jackson, Texas","Jackson","Texas","480","Jackson","2390",2278,1870,2,"total religious edifices from NHGIS table NT44 (AK8001)",650,28.5338,8.7796,1800,,,2242.76,"wave_coverage_differs"
"G5400350",1870,1870,"Jackson, West Virginia","Jackson","West Virginia","540","Jackson","0350",10300,1870,21,"total religious edifices from NHGIS table NT44 (AK8001)",5100,49.5146,20.3883,15200,,,1221.52,"wave_coverage_differs"
"G5500530",1870,1870,"Jackson, Wisconsin","Jackson","Wisconsin","550","Jackson","0530",7687,1870,10,"total religious edifices from NHGIS table NT44 (AK8001)",3300,42.9296,13.009,23100,,,2935.32,"wave_coverage_differs"
"G5100950",1870,1870,"James City, Virginia","James City","Virginia","510","James City","0950",4425,1870,9,"total religious edifices from NHGIS table NT44 (AK8001)",2850,64.4068,20.339,27100,,,403.93,"wave_coverage_differs"
"G1301590",1870,1870,"Jasper, Georgia","Jasper","Georgia","130","Jasper","1590",10439,1870,25,"total religious edifices from NHGIS table NT44 (AK8001)",6850,65.6193,23.9487,23900,,,994.56,"wave_coverage_differs"
"G1700790",1870,1870,"Jasper, Illinois","Jasper","Illinois","170","Jasper","0790",11234,1870,11,"total religious edifices from NHGIS table NT44 (AK8001)",4100,36.4964,9.7917,8900,,,1290.13,"wave_coverage_differs"
"G1800730",1870,1870,"Jasper, Indiana","Jasper","Indiana","180","Jasper","0730",6354,1870,9,"total religious edifices from NHGIS table NT44 (AK8001)",2800,44.0667,14.1643,15000,,,1453.99,"wave_coverage_differs"
"G1900990",1870,1870,"Jasper, Iowa","Jasper","Iowa","190","Jasper","0990",22116,1870,34,"total religious edifices from NHGIS table NT44 (AK8001)",8860,40.0615,15.3735,81550,,,1898.34,"wave_coverage_differs"
"G2800610",1870,1870,"Jasper, Mississippi","Jasper","Mississippi","280","Jasper","0610",10884,1870,47,"total religious edifices from NHGIS table NT44 (AK8001)",11550,106.1191,43.1827,29000,,,1754.67,"wave_coverage_differs"
"G2900970",1870,1870,"Jasper, Missouri","Jasper","Missouri","290","Jasper","0970",14928,1870,11,"total religious edifices from NHGIS table NT44 (AK8001)",2550,17.082,7.3687,24500,,,1660.9,"wave_coverage_differs"
"G4802410",1870,1870,"Jasper, Texas","Jasper","Texas","480","Jasper","2410",4218,1870,9,"total religious edifices from NHGIS table NT44 (AK8001)",2200,52.1574,21.3371,2000,,,2511.44,"wave_coverage_differs"
"G1800750",1870,1870,"Jay, Indiana","Jay","Indiana","180","Jay","0750",15000,1870,22,"total religious edifices from NHGIS table NT44 (AK8001)",8200,54.6667,14.6667,25800,,,994.77,"wave_coverage_differs"
"G0950855",1870,1870,"Jayne, Dakota Territory","Jayne","Dakota Territory","095","Jayne","0855",5,1870,,"total religious edifices from NHGIS table NT44 (AK8001)",,,,,,,1793.85,"wave_coverage_differs"
"G0100730",1870,1870,"Jefferson, Alabama","Jefferson","Alabama","010","Jefferson","0730",12345,1870,40,"total religious edifices from NHGIS table NT44 (AK8001)",6800,55.083,32.4018,9700,,,2736.91,"wave_coverage_differs"
"G0500690",1870,1870,"Jefferson, Arkansas","Jefferson","Arkansas","050","Jefferson","0690",15733,1870,32,"total religious edifices from NHGIS table NT44 (AK8001)",5000,31.7803,20.3394,62500,,,2703.9,"wave_coverage_differs"
"G0850255",1870,1870,"Jefferson, Colorado Territory","Jefferson","Colorado Territory","085","Jefferson","0255",2390,1870,4,"total religious edifices from NHGIS table NT44 (AK8001)",825,34.5188,16.7364,14500,,,2113.61,"wave_coverage_differs"
"G1200650",1870,1870,"Jefferson, Florida","Jefferson","Florida","120","Jefferson","0650",13398,1870,6,"total religious edifices from NHGIS table NT44 (AK8001)",1250,9.3298,4.4783,21000,,,1560.58,"wave_coverage_differs"
"G1301630",1870,1870,"Jefferson, Georgia","Jefferson","Georgia","130","Jefferson","1630",12190,1870,25,"total religious edifices from NHGIS table NT44 (AK8001)",7900,64.8072,20.5086,17200,,,1375.16,"wave_coverage_differs"
"G1700810",1870,1870,"Jefferson, Illinois","Jefferson","Illinois","170","Jefferson","0810",17864,1870,42,"total religious edifices from NHGIS table NT44 (AK8001)",12750,71.3726,23.511,62050,,,1512.26,"wave_coverage_differs"
"G1800770",1870,1870,"Jefferson, Indiana","Jefferson","Indiana","180","Jefferson","0770",29741,1870,49,"total religious edifices from NHGIS table NT44 (AK8001)",13150,44.2151,16.4756,282000,,,940.26,"wave_coverage_differs"
"G1901010",1870,1870,"Jefferson, Iowa","Jefferson","Iowa","190","Jefferson","1010",17839,1870,43,"total religious edifices from NHGIS table NT44 (AK8001)",11450,64.1852,24.1045,97535,,,1131.5,"wave_coverage_differs"
"G2000870",1870,1870,"Jefferson, Kansas","Jefferson","Kansas","200","Jefferson","0870",12526,1870,13,"total religious edifices from NHGIS table NT44 (AK8001)",5200,41.5137,10.3784,45500,,,1441.85,"wave_coverage_differs"
"G2101110",1870,1870,"Jefferson, Kentucky","Jefferson","Kentucky","210","Jefferson","1110",118953,1870,105,"total religious edifices from NHGIS table NT44 (AK8001)",65500,55.0638,8.827,2505800,,,1034.08,"wave_coverage_differs"
"G2200510",1870,1870,"Jefferson, Louisiana","Jefferson","Louisiana","220","Jefferson","0510",17767,1870,13,"total religious edifices from NHGIS table NT44 (AK8001)",4200,23.6393,7.3169,39800,,,945.46,"wave_coverage_differs"
"G2800630",1870,1870,"Jefferson, Mississippi","Jefferson","Mississippi","280","Jefferson","0630",13848,1870,22,"total religious edifices from NHGIS table NT44 (AK8001)",6150,44.4107,15.8868,33500,,,1365.61,"wave_coverage_differs"
"G2900990",1870,1870,"Jefferson, Missouri","Jefferson","Missouri","290","Jefferson","0990",15380,1870,23,"total religious edifices from NHGIS table NT44 (AK8001)",5250,34.1352,14.9545,51800,,,1719.79,"wave_coverage_differs"
"G3050155",1870,1870,"Jefferson, Montana Territory","Jefferson","Montana Territory","305","Jefferson","0155",1531,1870,1,"total religious edifices from NHGIS table NT44 (AK8001)",300,19.595,6.5317,500,,,5820.79,"wave_coverage_differs"
"G3100950",1870,1870,"Jefferson, Nebraska","Jefferson","Nebraska","310","Jefferson","0950",2440,1870,2,"total religious edifices from NHGIS table NT44 (AK8001)",550,22.541,8.1967,5000,,,2980.15,"wave_coverage_differs"
"G3600450",1870,1870,"Jefferson, New York","Jefferson","New York","360","Jefferson","0450",65415,1870,127,"total religious edifices from NHGIS table NT44 (AK8001)",42481,64.9408,19.4145,505000,,,3333.51,"wave_coverage_differs"
"G3900810",1870,1870,"Jefferson, Ohio","Jefferson","Ohio","390","Jefferson","0810",29188,1870,81,"total religious edifices from NHGIS table NT44 (AK8001)",25750,88.2212,27.7511,270800,,,1064.29,"wave_coverage_differs"
"G4200650",1870,1870,"Jefferson, Pennsylvania","Jefferson","Pennsylvania","420","Jefferson","0650",21656,1870,58,"total religious edifices from NHGIS table NT44 (AK8001)",18705,86.3733,26.7824,163900,,,1701.05,"wave_coverage_differs"
"G4700890",1870,1870,"Jefferson, Tennessee","Jefferson","Tennessee","470","Jefferson","0890",19476,1870,45,"total religious edifices from NHGIS table NT44 (AK8001)",13925,71.4983,23.1054,43000,,,1142.34,"wave_coverage_differs"
"G4802450",1870,1870,"Jefferson, Texas","Jefferson","Texas","480","Jefferson","2450",1906,1870,1,"total religious edifices from NHGIS table NT44 (AK8001)",100,5.2466,5.2466,150,,,2478.4,"wave_coverage_differs"
"G5350135",1870,1870,"Jefferson, Washington Territory","Jefferson","Washington Territory","535","Jefferson","0135",1268,1870,2,"total religious edifices from NHGIS table NT44 (AK8001)",350,27.6025,15.7729,3200,,,5068.04,"wave_coverage_differs"
"G5400370",1870,1870,"Jefferson, West Virginia","Jefferson","West Virginia","540","Jefferson","0370",13219,1870,27,"total religious edifices from NHGIS table NT44 (AK8001)",12700,96.0738,20.4251,144000,,,548.26,"wave_coverage_differs"
"G5500550",1870,1870,"Jefferson, Wisconsin","Jefferson","Wisconsin","550","Jefferson","0550",34040,1870,43,"total religious edifices from NHGIS table NT44 (AK8001)",12370,36.3396,12.6322,157000,,,1509.29,"wave_coverage_differs"
"G1800790",1870,1870,"Jennings, Indiana","Jennings","Indiana","180","Jennings","0790",16218,1870,43,"total religious edifices from NHGIS table NT44 (AK8001)",25100,154.7663,26.5138,83000,,,979.91,"wave_coverage_differs"
"G1700830",1870,1870,"Jersey, Illinois","Jersey","Illinois","170","Jersey","0830",15054,1870,9,"total religious edifices from NHGIS table NT44 (AK8001)",2600,17.2712,5.9785,36000,,,976.62,"wave_coverage_differs"
"G2101130",1870,1870,"Jessamine, Kentucky","Jessamine","Kentucky","210","Jessamine","1130",8638,1870,21,"total religious edifices from NHGIS table NT44 (AK8001)",9800,113.4522,24.3112,62500,,,452.13,"wave_coverage_differs"
"G2000890",1870,1870,"Jewell, Kansas","Jewell","Kansas","200","Jewell","0890",207,1870,0,"total religious edifices from NHGIS table NT44 (AK8001)",0,0,0,0,,,2368.19,"wave_coverage_differs"
"G1700850",1870,1870,"Jo Daviess, Illinois","Jo Daviess","Illinois","170","Jo Daviess","0850",27820,1870,47,"total religious edifices from NHGIS table NT44 (AK8001)",14410,51.7973,16.8943,171900,,,1602.48,"wave_coverage_differs"
"G0500710",1870,1870,"Johnson, Arkansas","Johnson","Arkansas","050","Johnson","0710",9152,1870,31,"total religious edifices from NHGIS table NT44 (AK8001)",10600,115.8217,33.8724,36700,,,2174.83,"wave_coverage_differs"
"G1301670",1870,1870,"Johnson, Georgia","Johnson","Georgia","130","Johnson","1670",2964,1870,2,"total religious edifices from NHGIS table NT44 (AK8001)",1000,33.7382,6.7476,2000,,,723.63,"wave_coverage_differs"
"G1700870",1870,1870,"Johnson, Illinois","Johnson","Illinois","170","Johnson","0870",11248,1870,22,"total religious edifices from NHGIS table NT44 (AK8001)",8400,74.6799,19.559,10200,,,903.55,"wave_coverage_differs"
"G1800810",1870,1870,"Johnson, Indiana","Johnson","Indiana","180","Johnson","0810",18366,1870,57,"total religious edifices from NHGIS table NT44 (AK8001)",19750,107.5357,31.0356,178050,,,833.43,"wave_coverage_differs"
"G1901030",1870,1870,"Johnson, Iowa","Johnson","Iowa","190","Johnson","1030",24898,1870,32,"total religious edifices from NHGIS table NT44 (AK8001)",16050,64.463,12.8524,229600,,,1614.05,"wave_coverage_differs"
"G2000910",1870,1870,"Johnson, Kansas","Johnson","Kansas","200","Johnson","0910",13684,1870,10,"total religious edifices from NHGIS table NT44 (AK8001)",2200,16.0772,7.3078,30000,,,1242.93,"wave_coverage_differs"
"G2101150",1870,1870,"Johnson, Kentucky","Johnson","Kentucky","210","Johnson","1150",7494,1870,13,"total religious edifices from NHGIS table NT44 (AK8001)",2900,38.6976,17.3472,5300,,,928.12,"wave_coverage_differs"
"G2901010",1870,1870,"Johnson, Missouri","Johnson","Missouri","290","Johnson","1010",24648,1870,40,"total religious edifices from NHGIS table NT44 (AK8001)",11325,45.9469,16.2285,92950,,,2157.93,"wave_coverage_differs"
"G3100970",1870,1870,"Johnson, Nebraska","Johnson","Nebraska","310","Johnson","0970",3429,1870,7,"total religious edifices from NHGIS table NT44 (AK8001)",1800,52.4934,20.4141,13100,,,975.73,"wave_coverage_differs"
"G4700910",1870,1870,"Johnson, Tennessee","Johnson","Tennessee","470","Johnson","0910",5852,1870,9,"total religious edifices from NHGIS table NT44 (AK8001)",1500,25.6323,15.3794,12000,,,784.04,"wave_coverage_differs"
"G4802510",1870,1870,"Johnson, Texas","Johnson","Texas","480","Johnson","2510",4923,1870,3,"total religious edifices from NHGIS table NT44 (AK8001)",1100,22.3441,6.0938,1100,,,1569.13,"wave_coverage_differs"
"G3701010",1870,1870,"Johnston, North Carolina","Johnston","North Carolina","370","Johnston","1010",16897,1870,29,"total religious edifices from NHGIS table NT44 (AK8001)",6550,38.7643,17.1628,17550,,,2060.14,"wave_coverage_differs"
"G1301690",1870,1870,"Jones, Georgia","Jones","Georgia","130","Jones","1690",9436,1870,16,"total religious edifices from NHGIS table NT44 (AK8001)",3575,37.8868,16.9563,7400,,,1036.66,"wave_coverage_differs"
"G1901050",1870,1870,"Jones, Iowa","Jones","Iowa","190","Jones","1050",19731,1870,28,"total religious edifices from NHGIS table NT44 (AK8001)",8900,45.1067,14.1909,111500,,,1494.44,"wave_coverage_differs"
"G2800670",1870,1870,"Jones, Mississippi","Jones","Mississippi","280","Jones","0670",3313,1870,24,"total religious edifices from NHGIS table NT44 (AK8001)",3250,98.0984,72.4419,3500,,,1812.21,"wave_coverage_differs"
"G3701030",1870,1870,"Jones, North Carolina","Jones","North Carolina","370","Jones","1030",5002,1870,10,"total religious edifices from NHGIS table NT44 (AK8001)",1225,24.4902,19.992,7800,,,1227.4,"wave_coverage_differs"
"G4802530",1870,1870,"Jones, Texas","Jones","Texas","480","Jones","2530",,1870,,"total religious edifices from NHGIS table NT44 (AK8001)",,,,,,,2845.3,"wave_coverage_differs"
"G4100330",1870,1870,"Josephine, Oregon","Josephine","Oregon","410","Josephine","0330",1204,1870,2,"total religious edifices from NHGIS table NT44 (AK8001)",300,24.9169,16.6113,700,,,3870.97,"wave_coverage_differs"
"G2101155",1870,1870,"Josh Bell, Kentucky","Josh Bell","Kentucky","210","Josh Bell","1155",3731,1870,16,"total religious edifices from NHGIS table NT44 (AK8001)",4800,128.6518,42.8839,1350,,,925.94,"wave_coverage_differs"
"G4950315",1870,1870,"Juab, Utah Territory","Juab","Utah Territory","495","Juab","0315",2034,1870,5,"total religious edifices from NHGIS table NT44 (AK8001)",2000,98.3284,24.5821,20000,,,8968.84,"wave_coverage_differs"
"G5500570",1870,1870,"Juneau, Wisconsin","Juneau","Wisconsin","550","Juneau","0570",12372,1870,12,"total religious edifices from NHGIS table NT44 (AK8001)",4700,37.989,9.6993,27350,,,2082.42,"wave_coverage_differs"
"G4200670",1870,1870,"Juniata, Pennsylvania","Juniata","Pennsylvania","420","Juniata","0670",17390,1870,34,"total religious edifices from NHGIS table NT44 (AK8001)",13100,75.3306,19.5515,101600,,,1019.27,"wave_coverage_differs"
"G2600770",1870,1870,"Kalamazoo, Michigan","Kalamazoo","Michigan","260","Kalamazoo","0770",32054,1870,58,"total religious edifices from NHGIS table NT44 (AK8001)",19050,59.431,18.0945,313500,,,1502.96,"wave_coverage_differs"
"G2600790",1870,1870,"Kalkaska, Michigan","Kalkaska","Michigan","260","Kalkaska","0790",424,1870,,"total religious edifices from NHGIS table NT44 (AK8001)",,,,,,,1483.25,"wave_coverage_differs"
"G2700650",1870,1870,"Kanabec, Minnesota","Kanabec","Minnesota","270","Kanabec","0650",93,1870,,"total religious edifices from NHGIS table NT44 (AK8001)",,,,,,,1382.22,"wave_coverage_differs"
"G5400390",1870,1870,"Kanawha, West Virginia","Kanawha","West Virginia","540","Kanawha","0390",22349,1870,37,"total religious edifices from NHGIS table NT44 (AK8001)",7800,34.9009,16.5556,81000,,,2359.26,"wave_coverage_differs"
"G2700670",1870,1870,"Kandiyohi, Minnesota","Kandiyohi","Minnesota","270","Kandiyohi","0670",1760,1870,,"total religious edifices from NHGIS table NT44 (AK8001)",,,,,,,1123.04,"wave_coverage_differs"
"G1700890",1870,1870,"Kane, Illinois","Kane","Illinois","170","Kane","0890",39091,1870,62,"total religious edifices from NHGIS table NT44 (AK8001)",23325,59.6685,15.8604,514700,,,1357.69,"wave_coverage_differs"
"G4950335",1870,1870,"Kane, Utah Territory","Kane","Utah Territory","495","Kane","0335",1513,1870,6,"total religious edifices from NHGIS table NT44 (AK8001)",900,59.4845,39.6563,7000,,,22376.79,"wave_coverage_differs"
"G1700910",1870,1870,"Kankakee, Illinois","Kankakee","Illinois","170","Kankakee","0910",24352,1870,22,"total religious edifices from NHGIS table NT44 (AK8001)",6968,28.6137,9.0342,151400,,,1764.71,"wave_coverage_differs"
"G4802550",1870,1870,"Karnes, Texas","Karnes","Texas","480","Karnes","2550",1705,1870,0,"total religious edifices from NHGIS table NT44 (AK8001)",0,0,0,0,,,1951.68,"wave_coverage_differs"
"G4802570",1870,1870,"Kaufman, Texas","Kaufman","Texas","480","Kaufman","2570",6895,1870,9,"total religious edifices from NHGIS table NT44 (AK8001)",1600,23.2052,13.0529,3800,,,2474.82,"wave_coverage_differs"
"G3100990",1870,1870,"Kearney, Nebraska","Kearney","Nebraska","310","Kearney","0990",58,1870,,"total religious edifices from NHGIS table NT44 (AK8001)",,,,,,,4828.42,"wave_coverage_differs"
"G2800690",1870,1870,"Kemper, Mississippi","Kemper","Mississippi","280","Kemper","0690",12920,1870,22,"total religious edifices from NHGIS table NT44 (AK8001)",6150,47.6006,17.0279,33500,,,1986.65,"wave_coverage_differs"
"G1700930",1870,1870,"Kendall, Illinois","Kendall","Illinois","170","Kendall","0930",12399,1870,28,"total religious edifices from NHGIS table NT44 (AK8001)",7769,62.6583,22.5825,97200,,,834.76,"wave_coverage_differs"
"G4802590",1870,1870,"Kendall, Texas","Kendall","Texas","480","Kendall","2590",1536,1870,1,"total religious edifices from NHGIS table NT44 (AK8001)",400,26.0417,6.5104,1000,,,1717.24,"wave_coverage_differs"
"G2300110",1870,1870,"Kennebec, Maine","Kennebec","Maine","230","Kennebec","0110",53203,1870,114,"total religious edifices from NHGIS table NT44 (AK8001)",40455,76.0389,21.4274,499550,,,2463.89,"wave_coverage_differs"
"G5500590",1870,1870,"Kenosha, Wisconsin","Kenosha","Wisconsin","550","Kenosha","0590",13147,1870,29,"total religious edifices from NHGIS table NT44 (AK8001)",8885,67.582,22.0583,115600,,,721.14,"wave_coverage_differs"
"G1000010",1870,1870,"Kent, Delaware","Kent","Delaware","100","Kent","0010",29804,1870,61,"total religious edifices from NHGIS table NT44 (AK8001)",16113,54.0632,20.4671,162500,,,1546.18,"wave_coverage_differs"
"G2400290",1870,1870,"Kent, Maryland","Kent","Maryland","240","Kent","0290",17102,1870,31,"total religious edifices from NHGIS table NT44 (AK8001)",7750,45.3163,18.1265,96550,,,731.21,"wave_coverage_differs"
"G2600810",1870,1870,"Kent, Michigan","Kent","Michigan","260","Kent","0810",50403,1870,41,"total religious edifices from NHGIS table NT44 (AK8001)",17610,34.9384,8.1344,394900,,,2258.33,"wave_coverage_differs"
"G4400030",1870,1870,"Kent, Rhode Island","Kent","Rhode Island","440","Kent","0030",18595,1870,32,"total religious edifices from NHGIS table NT44 (AK8001)",11925,64.1301,17.2089,176800,,,450.62,"wave_coverage_differs"
"G2101170",1870,1870,"Kenton, Kentucky","Kenton","Kentucky","210","Kenton","1170",36096,1870,37,"total religious edifices from NHGIS table NT44 (AK8001)",21800,60.3945,10.2504,934500,,,426.28,"wave_coverage_differs"
"G1901070",1870,1870,"Keokuk, Iowa","Keokuk","Iowa","190","Keokuk","1070",19434,1870,25,"total religious edifices from NHGIS table NT44 (AK8001)",7000,36.0193,12.8641,54950,,,1501.99,"wave_coverage_differs"
"G0600290",1870,1870,"Kern, California","Kern","California","060","Kern","0290",2925,1870,2,"total religious edifices from NHGIS table NT44 (AK8001)",1000,34.188,6.8376,1800,,,23838.17,"wave_coverage_differs"
"G4802650",1870,1870,"Kerr, Texas","Kerr","Texas","480","Kerr","2650",1042,1870,1,"total religious edifices from NHGIS table NT44 (AK8001)",200,19.1939,9.5969,500,,,2983.43,"wave_coverage_differs"
"G4500550",1870,1870,"Kershaw, South Carolina","Kershaw","South Carolina","450","Kershaw","0550",11754,1870,16,"total religious edifices from NHGIS table NT44 (AK8001)",9700,82.5251,13.6124,41000,,,2163.31,"wave_coverage_differs"
"G5500610",1870,1870,"Kewaunee, Wisconsin","Kewaunee","Wisconsin","550","Kewaunee","0610",10128,1870,5,"total religious edifices from NHGIS table NT44 (AK8001)",900,8.8863,4.9368,5250,,,890.92,"wave_coverage_differs"
"G2600830",1870,1870,"Keweenaw, Michigan","Keweenaw","Michigan","260","Keweenaw","0830",4205,1870,11,"total religious edifices from NHGIS table NT44 (AK8001)",2700,64.2093,26.1593,31500,,,1457.54,"wave_coverage_differs"
"G4802670",1870,1870,"Kimble, Texas","Kimble","Texas","480","Kimble","2670",72,1870,,"total religious edifices from NHGIS table NT44 (AK8001)",,,,,,,3240.53,"wave_coverage_differs"
"G5350155",1870,1870,"King, Washington Territory","King","Washington Territory","535","King","0155",2120,1870,3,"total religious edifices from NHGIS table NT44 (AK8001)",375,17.6887,14.1509,8500,,,5579.27,"wave_coverage_differs"
"G5100970",1870,1870,"King And Queen, Virginia","King And Queen","Virginia","510","King And Queen","0970",9709,1870,23,"total religious edifices from NHGIS table NT44 (AK8001)",8650,89.0926,23.6894,44500,,,829.09,"wave_coverage_differs"
"G5100990",1870,1870,"King George, Virginia","King George","Virginia","510","King George","0990",5742,1870,13,"total religious edifices from NHGIS table NT44 (AK8001)",4950,86.2069,22.6402,18600,,,476.92,"wave_coverage_differs"
"G5101010",1870,1870,"King William, Virginia","King William","Virginia","510","King William","1010",7515,1870,14,"total religious edifices from NHGIS table NT44 (AK8001)",6700,89.155,18.6294,18900,,,737.04,"wave_coverage_differs"
"G3600470",1870,1870,"Kings, New York","Kings","New York","360","Kings","0470",419921,1870,262,"total religious edifices from NHGIS table NT44 (AK8001)",197125,46.9434,6.2393,12025000,,,185.47,"wave_coverage_differs"
"G4802710",1870,1870,"Kinney, Texas","Kinney","Texas","480","Kinney","2710",1204,1870,0,"total religious edifices from NHGIS table NT44 (AK8001)",0,0,0,0,,,4629.96,"wave_coverage_differs"
"G5350175",1870,1870,"Kitsap, Washington Territory","Kitsap","Washington Territory","535","Kitsap","0175",866,1870,,"total religious edifices from NHGIS table NT44 (AK8001)",,,,,,,1121.09,"wave_coverage_differs"
"G0600315",1870,1870,"Klamath, California","Klamath","California","060","Klamath","0315",1686,1870,3,"total religious edifices from NHGIS table NT44 (AK8001)",1000,59.312,17.7936,1300,,,5742.04,"wave_coverage_differs"
"G5350195",1870,1870,"Klikatat, Washington Territory","Klikatat","Washington Territory","535","Klikatat","0195",329,1870,,"total religious edifices from NHGIS table NT44 (AK8001)",,,,,,,10663.8,"wave_coverage_differs"
"G1700950",1870,1870,"Knox, Illinois","Knox","Illinois","170","Knox","0950",39522,1870,50,"total religious edifices from NHGIS table NT44 (AK8001)",20394,51.6016,12.6512,340850,,,1864.32,"wave_coverage_differs"
"G1800830",1870,1870,"Knox, Indiana","Knox","Indiana","180","Knox","0830",21562,1870,38,"total religious edifices from NHGIS table NT44 (AK8001)",15350,71.1901,17.6236,303100,,,1357.34,"wave_coverage_differs"
"G2101210",1870,1870,"Knox, Kentucky","Knox","Kentucky","210","Knox","1210",8294,1870,13,"total religious edifices from NHGIS table NT44 (AK8001)",5000,60.2845,15.674,14000,,,1003.87,"wave_coverage_differs"
"G2300130",1870,1870,"Knox, Maine","Knox","Maine","230","Knox","0130",30823,1870,46,"total religious edifices from NHGIS table NT44 (AK8001)",16640,53.9857,14.9239,208550,,,975.24,"wave_coverage_differs"
"G2901030",1870,1870,"Knox, Missouri","Knox","Missouri","290","Knox","1030",10974,1870,16,"total religious edifices from NHGIS table NT44 (AK8001)",2400,21.8699,14.5799,25500,,,1312.7,"wave_coverage_differs"
"G3900830",1870,1870,"Knox, Ohio","Knox","Ohio","390","Knox","0830",26333,1870,80,"total religious edifices from NHGIS table NT44 (AK8001)",25350,96.267,30.3801,242150,,,1371.74,"wave_coverage_differs"
"G4700930",1870,1870,"Knox, Tennessee","Knox","Tennessee","470","Knox","0930",28990,1870,52,"total religious edifices from NHGIS table NT44 (AK8001)",21000,72.4388,17.9372,120400,,,1362,"wave_coverage_differs"
"G4802750",1870,1870,"Knox, Texas","Knox","Texas","480","Knox","2750",,1870,,"total religious edifices from NHGIS table NT44 (AK8001)",,,,,,,3451.13,"wave_coverage_differs"
"G1800850",1870,1870,"Kosciusko, Indiana","Kosciusko","Indiana","180","Kosciusko","0850",23531,1870,50,"total religious edifices from NHGIS table NT44 (AK8001)",15650,66.508,21.2486,118500,,,1435.9,"wave_coverage_differs"
"G1901090",1870,1870,"Kossuth, Iowa","Kossuth","Iowa","190","Kossuth","1090",3351,1870,2,"total religious edifices from NHGIS table NT44 (AK8001)",375,11.1907,5.9684,7200,,,2523.49,"wave_coverage_differs"
"G5500630",1870,1870,"La Crosse, Wisconsin","La Crosse","Wisconsin","550","La Crosse","0630",20297,1870,24,"total religious edifices from NHGIS table NT44 (AK8001)",7400,36.4586,11.8244,177750,,,1243.08,"wave_coverage_differs"
"G1700990",1870,1870,"La Salle, Illinois","La Salle","Illinois","170","La Salle","0990",60792,1870,78,"total religious edifices from NHGIS table NT44 (AK8001)",25651,42.1947,12.8306,577400,,,2973.66,"wave_coverage_differs"
"G4802830",1870,1870,"La Salle, Texas","La Salle","Texas","480","La Salle","2830",69,1870,,"total religious edifices from NHGIS table NT44 (AK8001)",,,,,,,3869.94,"wave_coverage_differs"
"G2000990",1870,1870,"Labette, Kansas","Labette","Kansas","200","Labette","0990",9973,1870,6,"total religious edifices from NHGIS table NT44 (AK8001)",1550,15.542,6.0162,15000,,,1691.57,"wave_coverage_differs"
"G2700735",1870,1870,"Lac Qui Parle (old), Minnesota","Lac Qui Parle (Old)","Minnesota","270","Lac Qui Parle (old)","0735",145,1870,,"total religious edifices from NHGIS table NT44 (AK8001)",,,,,,,1130.44,"wave_coverage_differs"
"G2901050",1870,1870,"Laclede, Missouri","Laclede","Missouri","290","Laclede","1050",9380,1870,35,"total religious edifices from NHGIS table NT44 (AK8001)",6650,70.8955,37.3134,21100,,,1989.11,"wave_coverage_differs"
"G0500730",1870,1870,"Lafayette, Arkansas","Lafayette","Arkansas","050","Lafayette","0730",9139,1870,6,"total religious edifices from NHGIS table NT44 (AK8001)",2600,28.4495,6.5653,14000,,,2926.17,"wave_coverage_differs"
"G1200670",1870,1870,"Lafayette, Florida","Lafayette","Florida","120","Lafayette","0670",1783,1870,9,"total religious edifices from NHGIS table NT44 (AK8001)",1450,81.3236,50.4767,910,,,3334.87,"wave_coverage_differs"
"G2200550",1870,1870,"Lafayette, Louisiana","Lafayette","Louisiana","220","Lafayette","0550",10388,1870,4,"total religious edifices from NHGIS table NT44 (AK8001)",1700,16.365,3.8506,8800,,,684.63,"wave_coverage_differs"
"G2800710",1870,1870,"Lafayette, Mississippi","Lafayette","Mississippi","280","Lafayette","0710",18802,1870,27,"total religious edifices from NHGIS table NT44 (AK8001)",7050,37.496,14.3602,88000,,,1821.65,"wave_coverage_differs"
"G2901070",1870,1870,"Lafayette, Missouri","Lafayette","Missouri","290","Lafayette","1070",22623,1870,19,"total religious edifices from NHGIS table NT44 (AK8001)",12800,56.5796,8.3985,165000,,,1655.6,"wave_coverage_differs"
"G5500650",1870,1870,"Lafayette, Wisconsin","Lafayette","Wisconsin","550","Lafayette","0650",22659,1870,43,"total religious edifices from NHGIS table NT44 (AK8001)",10480,46.2509,18.977,140000,,,1643.52,"wave_coverage_differs"
"G2200570",1870,1870,"Lafourche, Louisiana","Lafourche","Louisiana","220","Lafourche","0570",14719,1870,9,"total religious edifices from NHGIS table NT44 (AK8001)",4200,28.5345,6.1145,33200,,,2096.18,"wave_coverage_differs"
"G1800870",1870,1870,"Lagrange, Indiana","Lagrange","Indiana","180","Lagrange","0870",14148,1870,21,"total religious edifices from NHGIS table NT44 (AK8001)",4650,32.8668,14.8431,39000,,,1001.56,"wave_coverage_differs"
"G0600330",1870,1870,"Lake, California","Lake","California","060","Lake","0330",2969,1870,5,"total religious edifices from NHGIS table NT44 (AK8001)",1773,59.7171,16.8407,2800,,,3722.84,"wave_coverage_differs"
"G1700970",1870,1870,"Lake, Illinois","Lake","Illinois","170","Lake","0970",21014,1870,28,"total religious edifices from NHGIS table NT44 (AK8001)",8118,38.6314,13.3245,129300,,,1218.79,"wave_coverage_differs"
"G1800890",1870,1870,"Lake, Indiana","Lake","Indiana","180","Lake","0890",12339,1870,16,"total religious edifices from NHGIS table NT44 (AK8001)",4930,39.9546,12.967,58000,,,1304.9,"wave_coverage_differs"
"G2600850",1870,1870,"Lake, Michigan","Lake","Michigan","260","Lake","0850",548,1870,,"total religious edifices from NHGIS table NT44 (AK8001)",,,,,,,1487.39,"wave_coverage_differs"
"G2700750",1870,1870,"Lake, Minnesota","Lake","Minnesota","270","Lake","0750",135,1870,,"total religious edifices from NHGIS table NT44 (AK8001)",,,,,,,9954,"wave_coverage_differs"
"G3900850",1870,1870,"Lake, Ohio","Lake","Ohio","390","Lake","0850",15935,1870,37,"total religious edifices from NHGIS table NT44 (AK8001)",13200,82.8365,23.2193,127200,,,598.88,"wave_coverage_differs"
"G4700950",1870,1870,"Lake, Tennessee","Lake","Tennessee","470","Lake","0950",2428,1870,6,"total religious edifices from NHGIS table NT44 (AK8001)",2500,102.9654,24.7117,3600,,,461.06,"wave_coverage_differs"
"G0850275",1870,1870,"Lake (Old), Colorado Territory","Lake","Colorado Territory","085","Lake","0275",522,1870,1,"total religious edifices from NHGIS table NT44 (AK8001)",100,19.1571,19.1571,800,,,43304.6,"wave_coverage_differs"
"G4802770",1870,1870,"Lamar, Texas","Lamar","Texas","480","Lamar","2770",15790,1870,3,"total religious edifices from NHGIS table NT44 (AK8001)",1500,9.4997,1.8999,12000,,,2704.07,"wave_coverage_differs"
"G5000150",1870,1870,"Lamoille, Vermont","Lamoille","Vermont","500","Lamoille","0150",12448,1870,26,"total religious edifices from NHGIS table NT44 (AK8001)",9500,76.3175,20.8869,95800,,,1200.94,"wave_coverage_differs"
"G4802810",1870,1870,"Lampasas, Texas","Lampasas","Texas","480","Lampasas","2810",1344,1870,0,"total religious edifices from NHGIS table NT44 (AK8001)",0,0,0,0,,,2167.21,"wave_coverage_differs"
"G3101090",1870,1870,"Lancaster, Nebraska","Lancaster","Nebraska","310","Lancaster","1090",7074,1870,10,"total religious edifices from NHGIS table NT44 (AK8001)",2650,37.4611,14.1363,59500,,,2192.11,"wave_coverage_differs"
"G4200710",1870,1870,"Lancaster, Pennsylvania","Lancaster","Pennsylvania","420","Lancaster","0710",121340,1870,208,"total religious edifices from NHGIS table NT44 (AK8001)",154525,127.3488,17.1419,1281260,,,2547.71,"wave_coverage_differs"
"G4500570",1870,1870,"Lancaster, South Carolina","Lancaster","South Carolina","450","Lancaster","0570",12087,1870,21,"total religious edifices from NHGIS table NT44 (AK8001)",8550,70.7372,17.374,23750,,,1323.72,"wave_coverage_differs"
"G5101030",1870,1870,"Lancaster, Virginia","Lancaster","Virginia","510","Lancaster","1030",5355,1870,13,"total religious edifices from NHGIS table NT44 (AK8001)",3400,63.4921,24.2764,19950,,,347.9,"wave_coverage_differs"
"G3200150",1870,1870,"Lander, Nevada","Lander","Nevada","320","Lander","0150",2815,1870,2,"total religious edifices from NHGIS table NT44 (AK8001)",850,30.1954,7.1048,29000,,,30064.94,"wave_coverage_differs"
"G4100390",1870,1870,"Lane, Oregon","Lane","Oregon","410","Lane","0390",6426,1870,6,"total religious edifices from NHGIS table NT44 (AK8001)",1650,25.6769,9.3371,8900,,,10668.57,"wave_coverage_differs"
"G2600870",1870,1870,"Lapeer, Michigan","Lapeer","Michigan","260","Lapeer","0870",21345,1870,22,"total religious edifices from NHGIS table NT44 (AK8001)",7475,35.0199,10.3069,59720,,,1716.76,"wave_coverage_differs"
"G1800910",1870,1870,"Laporte, Indiana","Laporte","Indiana","180","LaPorte","0910",27062,1870,40,"total religious edifices from NHGIS table NT44 (AK8001)",7000,25.8665,14.7809,245800,,,1563.94,"wave_coverage_differs"
"G5650095",1870,1870,"Laramie, Wyoming Territory","Laramie","Wyoming Territory","565","Laramie","0095",2957,1870,,"total religious edifices from NHGIS table NT44 (AK8001)",,,,,,,44785.08,"wave_coverage_differs"
"G0850295",1870,1870,"Larimer, Colorado Territory","Larimer","Colorado Territory","085","Larimer","0295",838,1870,,"total religious edifices from NHGIS table NT44 (AK8001)",,,,,,,6821.89,"wave_coverage_differs"
"G2101230",1870,1870,"Larue, Kentucky","Larue","Kentucky","210","Larue","1230",8235,1870,26,"total religious edifices from NHGIS table NT44 (AK8001)",6775,82.2708,31.5726,28600,,,683.34,"wave_coverage_differs"
"G0850315",1870,1870,"Las Animas, Colorado Territory","Las Animas","Colorado Territory","085","Las Animas","0315",4276,1870,2,"total religious edifices from NHGIS table NT44 (AK8001)",700,16.3704,4.6773,8700,,,18991.89,"wave_coverage_differs"
"G0600350",1870,1870,"Lassen, California","Lassen","California","060","Lassen","0350",1327,1870,1,"total religious edifices from NHGIS table NT44 (AK8001)",100,7.5358,7.5358,350,,,11418.9,"wave_coverage_differs"
"G0100770",1870,1870,"Lauderdale, Alabama","Lauderdale","Alabama","010","Lauderdale","0770",15091,1870,21,"total religious edifices from NHGIS table NT44 (AK8001)",5400,35.7829,13.9156,9500,,,1867.35,"wave_coverage_differs"
"G2800750",1870,1870,"Lauderdale, Mississippi","Lauderdale","Mississippi","280","Lauderdale","0750",13462,1870,39,"total religious edifices from NHGIS table NT44 (AK8001)",11900,88.397,28.9704,39000,,,1852.53,"wave_coverage_differs"
"G4700970",1870,1870,"Lauderdale, Tennessee","Lauderdale","Tennessee","470","Lauderdale","0970",10838,1870,41,"total religious edifices from NHGIS table NT44 (AK8001)",6550,60.4355,37.8299,16400,,,1315.09,"wave_coverage_differs"
"G2101250",1870,1870,"Laurel, Kentucky","Laurel","Kentucky","210","Laurel","1250",6016,1870,11,"total religious edifices from NHGIS table NT44 (AK8001)",1550,25.7646,18.2846,4800,,,1048.84,"wave_coverage_differs"
"G1301750",1870,1870,"Laurens, Georgia","Laurens","Georgia","130","Laurens","1750",7834,1870,18,"total religious edifices from NHGIS table NT44 (AK8001)",3600,45.9535,22.9768,13200,,,2057.83,"wave_coverage_differs"
"G4500590",1870,1870,"Laurens, South Carolina","Laurens","South Carolina","450","Laurens","0590",22536,1870,22,"total religious edifices from NHGIS table NT44 (AK8001)",9600,42.5985,9.7622,28900,,,1874.73,"wave_coverage_differs"
"G4802850",1870,1870,"Lavaca, Texas","Lavaca","Texas","480","Lavaca","2850",9168,1870,7,"total religious edifices from NHGIS table NT44 (AK8001)",1400,15.2705,7.6353,6000,,,2513.51,"wave_coverage_differs"
"G0100790",1870,1870,"Lawrence, Alabama","Lawrence","Alabama","010","Lawrence","0790",16658,1870,17,"total religious edifices from NHGIS table NT44 (AK8001)",3750,22.5117,10.2053,12000,,,2040.77,"wave_coverage_differs"
"G0500750",1870,1870,"Lawrence, Arkansas","Lawrence","Arkansas","050","Lawrence","0750",5981,1870,25,"total religious edifices from NHGIS table NT44 (AK8001)",5000,83.5981,41.799,5000,,,1531.04,"wave_coverage_differs"
"G1701010",1870,1870,"Lawrence, Illinois","Lawrence","Illinois","170","Lawrence","1010",12533,1870,29,"total religious edifices from NHGIS table NT44 (AK8001)",7500,59.842,23.1389,39500,,,969.01,"wave_coverage_differs"
"G1800930",1870,1870,"Lawrence, Indiana","Lawrence","Indiana","180","Lawrence","0930",14628,1870,57,"total religious edifices from NHGIS table NT44 (AK8001)",17700,121.0008,38.9664,77000,,,1169.49,"wave_coverage_differs"
"G2101270",1870,1870,"Lawrence, Kentucky","Lawrence","Kentucky","210","Lawrence","1270",8497,1870,14,"total religious edifices from NHGIS table NT44 (AK8001)",3950,46.487,16.4764,5890,,,1345.77,"wave_coverage_differs"
"G2800770",1870,1870,"Lawrence, Mississippi","Lawrence","Mississippi","280","Lawrence","0770",6720,1870,36,"total religious edifices from NHGIS table NT44 (AK8001)",10200,151.7857,53.5714,22000,,,1602.05,"wave_coverage_differs"
"G2901090",1870,1870,"Lawrence, Missouri","Lawrence","Missouri","290","Lawrence","1090",13067,1870,17,"total religious edifices from NHGIS table NT44 (AK8001)",4800,36.7338,13.0099,24600,,,1588.64,"wave_coverage_differs"
"G3900870",1870,1870,"Lawrence, Ohio","Lawrence","Ohio","390","Lawrence","0870",31380,1870,59,"total religious edifices from NHGIS table NT44 (AK8001)",18300,58.3174,18.8018,173310,,,1186.02,"wave_coverage_differs"
"G4200730",1870,1870,"Lawrence, Pennsylvania","Lawrence","Pennsylvania","420","Lawrence","0730",27298,1870,56,"total religious edifices from NHGIS table NT44 (AK8001)",21750,79.6762,20.5143,370550,,,939.44,"wave_coverage_differs"
"G4700990",1870,1870,"Lawrence, Tennessee","Lawrence","Tennessee","470","Lawrence","0990",7601,1870,20,"total religious edifices from NHGIS table NT44 (AK8001)",7500,98.6712,26.3123,8500,,,1574.32,"wave_coverage_differs"
"G2700790",1870,1870,"Le Sueur, Minnesota","Le Sueur","Minnesota","270","Le Sueur","0790",11607,1870,28,"total religious edifices from NHGIS table NT44 (AK8001)",5400,46.5236,24.1234,53000,,,1227.18,"wave_coverage_differs"
"G2800790",1870,1870,"Leake, Mississippi","Leake","Mississippi","280","Leake","0790",8496,1870,31,"total religious edifices from NHGIS table NT44 (AK8001)",9500,111.8173,36.4878,8700,,,1516.37,"wave_coverage_differs"
"G2001030",1870,1870,"Leavenworth, Kansas","Leavenworth","Kansas","200","Leavenworth","1030",32444,1870,40,"total religious edifices from NHGIS table NT44 (AK8001)",13800,42.5348,12.3289,637000,,,1214.78,"wave_coverage_differs"
"G4200750",1870,1870,"Lebanon, Pennsylvania","Lebanon","Pennsylvania","420","Lebanon","0750",34096,1870,72,"total religious edifices from NHGIS table NT44 (AK8001)",28550,83.7342,21.1168,408900,,,939.13,"wave_coverage_differs"
"G0100810",1870,1870,"Lee, Alabama","Lee","Alabama","010","Lee","0810",21750,1870,26,"total religious edifices from NHGIS table NT44 (AK8001)",5550,25.5172,11.954,19400,,,1560.39,"wave_coverage_differs"
"G1301770",1870,1870,"Lee, Georgia","Lee","Georgia","130","Lee","1770",9567,1870,8,"total religious edifices from NHGIS table NT44 (AK8001)",1600,16.7242,8.3621,5500,,,935.44,"wave_coverage_differs"
"G1701030",1870,1870,"Lee, Illinois","Lee","Illinois","170","Lee","1030",27171,1870,34,"total religious edifices from NHGIS table NT44 (AK8001)",11740,43.2078,12.5133,225100,,,1887.78,"wave_coverage_differs"
"G1901110",1870,1870,"Lee, Iowa","Lee","Iowa","190","Lee","1110",37210,1870,44,"total religious edifices from NHGIS table NT44 (AK8001)",16445,44.1951,11.8248,260670,,,1395.55,"wave_coverage_differs"
"G2101290",1870,1870,"Lee, Kentucky","Lee","Kentucky","210","Lee","1290",3055,1870,,"total religious edifices from NHGIS table NT44 (AK8001)",,,,,,,537.06,"wave_coverage_differs"
"G2800810",1870,1870,"Lee, Mississippi","Lee","Mississippi","280","Lee","0810",15955,1870,15,"total religious edifices from NHGIS table NT44 (AK8001)",2250,14.1022,9.4014,10000,,,1481.56,"wave_coverage_differs"
"G5101050",1870,1870,"Lee, Virginia","Lee","Virginia","510","Lee","1050",13268,1870,32,"total religious edifices from NHGIS table NT44 (AK8001)",14750,111.1697,24.1182,23400,,,1132.66,"wave_coverage_differs"
"G2600890",1870,1870,"Leelanau, Michigan","Leelanau","Michigan","260","Leelanau","0890",4576,1870,4,"total religious edifices from NHGIS table NT44 (AK8001)",775,16.9362,8.7413,7000,,,973.22,"wave_coverage_differs"
"G4200770",1870,1870,"Lehigh, Pennsylvania","Lehigh","Pennsylvania","420","Lehigh","0770",56796,1870,93,"total religious edifices from NHGIS table NT44 (AK8001)",42050,74.0369,16.3744,478500,,,902.12,"wave_coverage_differs"
"G1650155",1870,1870,"Lemhi, Idaho Territory","Lemhi","Idaho Territory","165","Lemhi","0155",988,1870,,"total religious edifices from NHGIS table NT44 (AK8001)",,,,,,,11018.87,"wave_coverage_differs"
"G2600910",1870,1870,"Lenawee, Michigan","Lenawee","Michigan","260","Lenawee","0910",45595,1870,71,"total religious edifices from NHGIS table NT44 (AK8001)",23595,51.7491,15.5719,298350,,,1972.04,"wave_coverage_differs"
"G3701070",1870,1870,"Lenoir, North Carolina","Lenoir","North Carolina","370","Lenoir","1070",10434,1870,22,"total religious edifices from NHGIS table NT44 (AK8001)",6450,61.8171,21.0849,13275,,,1039.99,"wave_coverage_differs"
"G1200730",1870,1870,"Leon, Florida","Leon","Florida","120","Leon","0730",15236,1870,50,"total religious edifices from NHGIS table NT44 (AK8001)",8900,58.4143,32.817,44550,,,1836.93,"wave_coverage_differs"
"G4802890",1870,1870,"Leon, Texas","Leon","Texas","480","Leon","2890",6523,1870,4,"total religious edifices from NHGIS table NT44 (AK8001)",1100,16.8634,6.1321,4000,,,2799,"wave_coverage_differs"
"G2101330",1870,1870,"Letcher, Kentucky","Letcher","Kentucky","210","Letcher","1330",4608,1870,10,"total religious edifices from NHGIS table NT44 (AK8001)",1362,29.5573,21.7014,16000,,,1050.7,"wave_coverage_differs"
"G1200750",1870,1870,"Levy, Florida","Levy","Florida","120","Levy","0750",2018,1870,7,"total religious edifices from NHGIS table NT44 (AK8001)",600,29.7324,34.6878,1300,,,2478.88,"wave_coverage_differs"
"G2101350",1870,1870,"Lewis, Kentucky","Lewis","Kentucky","210","Lewis","1350",9115,1870,17,"total religious edifices from NHGIS table NT44 (AK8001)",4300,47.175,18.6506,21600,,,1283.82,"wave_coverage_differs"
"G2901110",1870,1870,"Lewis, Missouri","Lewis","Missouri","290","Lewis","1110",15114,1870,35,"total religious edifices from NHGIS table NT44 (AK8001)",14050,92.9602,23.1573,65900,,,1322.96,"wave_coverage_differs"
"G3600490",1870,1870,"Lewis, New York","Lewis","New York","360","Lewis","0490",28699,1870,62,"total religious edifices from NHGIS table NT44 (AK8001)",22215,77.4069,21.6035,156400,,,3340.92,"wave_coverage_differs"
"G4701010",1870,1870,"Lewis, Tennessee","Lewis","Tennessee","470","Lewis","1010",1986,1870,7,"total religious edifices from NHGIS table NT44 (AK8001)",1700,85.5992,35.2467,3200,,,731.64,"wave_coverage_differs"
"G5350215",1870,1870,"Lewis, Washington Territory","Lewis","Washington Territory","535","Lewis","0215",888,1870,2,"total religious edifices from NHGIS table NT44 (AK8001)",450,50.6757,22.5225,3500,,,4861.18,"wave_coverage_differs"
"G5400410",1870,1870,"Lewis, West Virginia","Lewis","West Virginia","540","Lewis","0410",10175,1870,36,"total religious edifices from NHGIS table NT44 (AK8001)",13850,136.1179,35.3808,38500,,,1009.23,"wave_coverage_differs"
"G3050175",1870,1870,"Lewis and Clarke, Montana Territory","Lewis And Clark","Montana Territory","305","Lewis And Clark","0175",5040,1870,2,"total religious edifices from NHGIS table NT44 (AK8001)",700,13.8889,3.9683,26500,,,7744.99,"wave_coverage_differs"
"G4500630",1870,1870,"Lexington, South Carolina","Lexington","South Carolina","450","Lexington","0630",12988,1870,47,"total religious edifices from NHGIS table NT44 (AK8001)",14600,112.4115,36.1872,26000,,,2895.81,"wave_coverage_differs"
"G1200770",1870,1870,"Liberty, Florida","Liberty","Florida","120","Liberty","0770",1050,1870,4,"total religious edifices from NHGIS table NT44 (AK8001)",900,85.7143,38.0952,1300,,,2198.81,"wave_coverage_differs"
"G1301790",1870,1870,"Liberty, Georgia","Liberty","Georgia","130","Liberty","1790",7688,1870,21,"total religious edifices from NHGIS table NT44 (AK8001)",6800,88.4495,27.3153,27000,,,1778.86,"wave_coverage_differs"
"G4802910",1870,1870,"Liberty, Texas","Liberty","Texas","480","Liberty","2910",4414,1870,3,"total religious edifices from NHGIS table NT44 (AK8001)",900,20.3897,6.7966,2150,,,3318.03,"wave_coverage_differs"
"G3900890",1870,1870,"Licking, Ohio","Licking","Ohio","390","Licking","0890",35756,1870,123,"total religious edifices from NHGIS table NT44 (AK8001)",37400,104.5978,34.3998,277300,,,1780.59,"wave_coverage_differs"
"G0100830",1870,1870,"Limestone, Alabama","Limestone","Alabama","010","Limestone","0830",15017,1870,19,"total religious edifices from NHGIS table NT44 (AK8001)",11500,76.5799,12.6523,11500,,,1572.62,"wave_coverage_differs"
"G4802930",1870,1870,"Limestone, Texas","Limestone","Texas","480","Limestone","2930",8591,1870,5,"total religious edifices from NHGIS table NT44 (AK8001)",1000,11.6401,5.82,3000,,,2416.9,"wave_coverage_differs"
"G0950975",1870,1870,"Lincoln, Dakota Territory","Lincoln","Dakota Territory","095","Lincoln","0975",712,1870,,"total religious edifices from NHGIS table NT44 (AK8001)",,,,,,,2385.3,"wave_coverage_differs"
"G1301810",1870,1870,"Lincoln, Georgia","Lincoln","Georgia","130","Lincoln","1810",5413,1870,15,"total religious edifices from NHGIS table NT44 (AK8001)",5400,99.7598,27.7111,9200,,,674.61,"wave_coverage_differs"
"G2001050",1870,1870,"Lincoln, Kansas","Lincoln","Kansas","200","Lincoln","1050",516,1870,0,"total religious edifices from NHGIS table NT44 (AK8001)",0,0,0,0,,,1865.98,"wave_coverage_differs"
"G2101370",1870,1870,"Lincoln, Kentucky","Lincoln","Kentucky","210","Lincoln","1370",10947,1870,30,"total religious edifices from NHGIS table NT44 (AK8001)",6130,55.9971,27.4048,50000,,,871.18,"wave_coverage_differs"
"G2300150",1870,1870,"Lincoln, Maine","Lincoln","Maine","230","Lincoln","0150",25597,1870,50,"total religious edifices from NHGIS table NT44 (AK8001)",17830,69.6566,19.5335,153650,,,1232.47,"wave_coverage_differs"
"G2800850",1870,1870,"Lincoln, Mississippi","Lincoln","Mississippi","280","Lincoln","0850",10184,1870,,"total religious edifices from NHGIS table NT44 (AK8001)",,,,,,,1520.8,"wave_coverage_differs"
"G2901130",1870,1870,"Lincoln, Missouri","Lincoln","Missouri","290","Lincoln","1130",15960,1870,7,"total religious edifices from NHGIS table NT44 (AK8001)",1400,8.7719,4.386,6300,,,1658.79,"wave_coverage_differs"
"G3101110",1870,1870,"Lincoln, Nebraska","Lincoln","Nebraska","310","Lincoln","1110",17,1870,1,"total religious edifices from NHGIS table NT44 (AK8001)",300,1764.7059,588.2353,2000,,,1839.48,"wave_coverage_differs"
"G3200170",1870,1870,"Lincoln, Nevada","Lincoln","Nevada","320","Lincoln","0170",2985,1870,0,"total religious edifices from NHGIS table NT44 (AK8001)",0,0,0,0,,,13228.35,"wave_coverage_differs"
"G3550195",1870,1870,"Lincoln, New Mexico Territory","Lincoln","New Mexico Territory","355","Lincoln","0195",1803,1870,2,"total religious edifices from NHGIS table NT44 (AK8001)",500,27.7316,11.0926,3500,,,37011.71,"wave_coverage_differs"
"G3701090",1870,1870,"Lincoln, North Carolina","Lincoln","North Carolina","370","Lincoln","1090",9573,1870,35,"total religious edifices from NHGIS table NT44 (AK8001)",8875,92.7087,36.5612,53100,,,795.23,"wave_coverage_differs"
"G4701030",1870,1870,"Lincoln, Tennessee","Lincoln","Tennessee","470","Lincoln","1030",28050,1870,31,"total religious edifices from NHGIS table NT44 (AK8001)",12100,43.1373,11.0517,59600,,,1716.45,"wave_coverage_differs"
"G5400430",1870,1870,"Lincoln, West Virginia","Lincoln","West Virginia","540","Lincoln","0430",5053,1870,6,"total religious edifices from NHGIS table NT44 (AK8001)",1950,38.5909,11.8741,2250,,,1236.58,"wave_coverage_differs"
"G1901130",1870,1870,"Linn, Iowa","Linn","Iowa","190","Linn","1130",31080,1870,30,"total religious edifices from NHGIS table NT44 (AK8001)",8075,25.9813,9.6525,144200,,,1876.46,"wave_coverage_differs"
"G2001070",1870,1870,"Linn, Kansas","Linn","Kansas","200","Linn","1070",12174,1870,20,"total religious edifices from NHGIS table NT44 (AK8001)",7800,64.071,16.4285,107900,,,1570.49,"wave_coverage_differs"
"G2901150",1870,1870,"Linn, Missouri","Linn","Missouri","290","Linn","1150",15900,1870,16,"total religious edifices from NHGIS table NT44 (AK8001)",4300,27.044,10.0629,38000,,,1609.35,"wave_coverage_differs"
"G4100430",1870,1870,"Linn, Oregon","Linn","Oregon","410","Linn","0430",8717,1870,25,"total religious edifices from NHGIS table NT44 (AK8001)",9250,106.1145,28.6796,24900,,,6488.5,"wave_coverage_differs"
"G0900050",1870,1870,"Litchfield, Connecticut","Litchfield","Connecticut","090","Litchfield","0050",48727,1870,117,"total religious edifices from NHGIS table NT44 (AK8001)",33716,69.1937,24.0113,861909,,,2446.51,"wave_coverage_differs"
"G0500810",1870,1870,"Little River, Arkansas","Little River","Arkansas","050","Little River","0810",3236,1870,5,"total religious edifices from NHGIS table NT44 (AK8001)",180,5.5624,15.4512,800,,,1483.98,"wave_coverage_differs"
"G4802970",1870,1870,"Live Oak, Texas","Live Oak","Texas","480","Live Oak","2970",852,1870,2,"total religious edifices from NHGIS table NT44 (AK8001)",400,46.9484,23.4742,600,,,3033.28,"wave_coverage_differs"
"G1701050",1870,1870,"Livingston, Illinois","Livingston","Illinois","170","Livingston","1050",31471,1870,33,"total religious edifices from NHGIS table NT44 (AK8001)",10150,32.2519,10.4858,146000,,,2708.93,"wave_coverage_differs"
"G2101390",1870,1870,"Livingston, Kentucky","Livingston","Kentucky","210","Livingston","1390",8200,1870,22,"total religious edifices from NHGIS table NT44 (AK8001)",7850,95.7317,26.8293,14000,,,886.05,"wave_coverage_differs"
"G2200630",1870,1870,"Livingston, Louisiana","Livingston","Louisiana","220","Livingston","0630",4026,1870,14,"total religious edifices from NHGIS table NT44 (AK8001)",1700,42.2255,34.774,11000,,,1819.9,"wave_coverage_differs"
"G2600930",1870,1870,"Livingston, Michigan","Livingston","Michigan","260","Livingston","0930",19336,1870,24,"total religious edifices from NHGIS table NT44 (AK8001)",5960,30.8233,12.4121,72500,,,1516.19,"wave_coverage_differs"
"G2901170",1870,1870,"Livingston, Missouri","Livingston","Missouri","290","Livingston","1170",16730,1870,15,"total religious edifices from NHGIS table NT44 (AK8001)",4150,24.8057,8.9659,42000,,,1394.88,"wave_coverage_differs"
"G3600510",1870,1870,"Livingston, New York","Livingston","New York","360","Livingston","0510",38309,1870,91,"total religious edifices from NHGIS table NT44 (AK8001)",29900,78.0495,23.7542,330600,,,1658.71,"wave_coverage_differs"
"G4802990",1870,1870,"Llano, Texas","Llano","Texas","480","Llano","2990",1379,1870,4,"total religious edifices from NHGIS table NT44 (AK8001)",800,58.0131,29.0065,800,,,2502.42,"wave_coverage_differs"
"G1701070",1870,1870,"Logan, Illinois","Logan","Illinois","170","Logan","1070",23053,1870,23,"total religious edifices from NHGIS table NT44 (AK8001)",6450,27.979,9.977,108700,,,1603.01,"wave_coverage_differs"
"G2101410",1870,1870,"Logan, Kentucky","Logan","Kentucky","210","Logan","1410",20429,1870,53,"total religious edifices from NHGIS table NT44 (AK8001)",14800,72.446,25.9435,219550,,,1442.81,"wave_coverage_differs"
"G3900910",1870,1870,"Logan, Ohio","Logan","Ohio","390","Logan","0910",23028,1870,68,"total religious edifices from NHGIS table NT44 (AK8001)",20350,88.3707,29.5293,173600,,,1208.92,"wave_coverage_differs"
"G5400450",1870,1870,"Logan, West Virginia","Logan","West Virginia","540","Logan","0450",5124,1870,8,"total religious edifices from NHGIS table NT44 (AK8001)",700,13.6612,15.6128,3000,,,2277.53,"wave_coverage_differs"
"G3900930",1870,1870,"Lorain, Ohio","Lorain","Ohio","390","Lorain","0930",30308,1870,75,"total religious edifices from NHGIS table NT44 (AK8001)",27075,89.3328,24.7459,302950,,,1281.78,"wave_coverage_differs"
"G0600370",1870,1870,"Los Angeles, California","Los Angeles","California","060","Los Angeles","0370",15309,1870,13,"total religious edifices from NHGIS table NT44 (AK8001)",2840,18.5512,8.4917,192800,,,13142.74,"wave_coverage_differs"
"G5101070",1870,1870,"Loudoun, Virginia","Loudoun","Virginia","510","Loudoun","1070",20929,1870,46,"total religious edifices from NHGIS table NT44 (AK8001)",15300,73.1043,21.9791,149200,,,1349.91,"wave_coverage_differs"
"G1901150",1870,1870,"Louisa, Iowa","Louisa","Iowa","190","Louisa","1150",12877,1870,23,"total religious edifices from NHGIS table NT44 (AK8001)",7025,54.5546,17.8613,27200,,,1081.37,"wave_coverage_differs"
"G5101090",1870,1870,"Louisa, Virginia","Louisa","Virginia","510","Louisa","1090",16332,1870,43,"total religious edifices from NHGIS table NT44 (AK8001)",19750,120.9282,26.3287,40950,,,1323.11,"wave_coverage_differs"
"G0100850",1870,1870,"Lowndes, Alabama","Lowndes","Alabama","010","Lowndes","0850",25719,1870,58,"total religious edifices from NHGIS table NT44 (AK8001)",15625,60.7528,22.5514,33850,,,1877.22,"wave_coverage_differs"
"G1301850",1870,1870,"Lowndes, Georgia","Lowndes","Georgia","130","Lowndes","1850",8321,1870,31,"total religious edifices from NHGIS table NT44 (AK8001)",3600,43.264,37.2551,13000,,,1434.96,"wave_coverage_differs"
"G2800870",1870,1870,"Lowndes, Mississippi","Lowndes","Mississippi","280","Lowndes","0870",30502,1870,40,"total religious edifices from NHGIS table NT44 (AK8001)",11900,39.0138,13.1139,159200,,,1612.88,"wave_coverage_differs"
"G1901170",1870,1870,"Lucas, Iowa","Lucas","Iowa","190","Lucas","1170",10388,1870,11,"total religious edifices from NHGIS table NT44 (AK8001)",2850,27.4355,10.5891,35500,,,1125.13,"wave_coverage_differs"
"G3900950",1870,1870,"Lucas, Ohio","Lucas","Ohio","390","Lucas","0950",46722,1870,46,"total religious edifices from NHGIS table NT44 (AK8001)",19325,41.3617,9.8455,398800,,,886.11,"wave_coverage_differs"
"G1301870",1870,1870,"Lumpkin, Georgia","Lumpkin","Georgia","130","Lumpkin","1870",5161,1870,28,"total religious edifices from NHGIS table NT44 (AK8001)",6000,116.2565,54.2531,7700,,,758.12,"wave_coverage_differs"
"G5101110",1870,1870,"Lunenburg, Virginia","Lunenburg","Virginia","510","Lunenburg","1110",10403,1870,16,"total religious edifices from NHGIS table NT44 (AK8001)",975,9.3723,15.3802,1280,,,1119.85,"wave_coverage_differs"
"G4200790",1870,1870,"Luzerne, Pennsylvania","Luzerne","Pennsylvania","420","Luzerne","0790",160915,1870,161,"total religious edifices from NHGIS table NT44 (AK8001)",66970,41.6182,10.0053,1230750,,,3552.58,"wave_coverage_differs"
"G4200810",1870,1870,"Lycoming, Pennsylvania","Lycoming","Pennsylvania","420","Lycoming","0810",47626,1870,87,"total religious edifices from NHGIS table NT44 (AK8001)",28720,60.3032,18.2673,624150,,,3220.76,"wave_coverage_differs"
"G1901190",1870,1870,"Lyon, Iowa","Lyon","Iowa","190","Lyon","1190",221,1870,0,"total religious edifices from NHGIS table NT44 (AK8001)",0,0,0,0,,,1522.35,"wave_coverage_differs"
"G2001110",1870,1870,"Lyon, Kansas","Lyon","Kansas","200","Lyon","1110",8014,1870,11,"total religious edifices from NHGIS table NT44 (AK8001)",2750,34.3149,13.726,24500,,,2215.46,"wave_coverage_differs"
"G2101430",1870,1870,"Lyon, Kentucky","Lyon","Kentucky","210","Lyon","1430",6233,1870,13,"total religious edifices from NHGIS table NT44 (AK8001)",3050,48.9331,20.8567,9850,,,665.87,"wave_coverage_differs"
"G3200190",1870,1870,"Lyon, Nevada","Lyon","Nevada","320","Lyon","0190",1837,1870,1,"total religious edifices from NHGIS table NT44 (AK8001)",300,16.331,5.4437,3000,,,2580.38,"wave_coverage_differs"
"G2600970",1870,1870,"Mackinac, Michigan","Mackinac","Michigan","260","Mackinac","0970",1716,1870,3,"total religious edifices from NHGIS table NT44 (AK8001)",750,43.7063,17.4825,4700,,,3220.29,"wave_coverage_differs"
"G2600990",1870,1870,"Macomb, Michigan","Macomb","Michigan","260","Macomb","0990",27616,1870,40,"total religious edifices from NHGIS table NT44 (AK8001)",11025,39.9225,14.4844,124000,,,1253.73,"wave_coverage_differs"
"G0100870",1870,1870,"Macon, Alabama","Macon","Alabama","010","Macon","0870",17727,1870,37,"total religious edifices from NHGIS table NT44 (AK8001)",9310,52.5188,20.8721,77525,,,1583.35,"wave_coverage_differs"
"G1301930",1870,1870,"Macon, Georgia","Macon","Georgia","130","Macon","1930",11458,1870,27,"total religious edifices from NHGIS table NT44 (AK8001)",5350,46.6923,23.5643,7400,,,835.05,"wave_coverage_differs"
"G1701150",1870,1870,"Macon, Illinois","Macon","Illinois","170","Macon","1150",26481,1870,45,"total religious edifices from NHGIS table NT44 (AK8001)",15225,57.4941,16.9933,250600,,,1517.38,"wave_coverage_differs"
"G2901210",1870,1870,"Macon, Missouri","Macon","Missouri","290","Macon","1210",23230,1870,35,"total religious edifices from NHGIS table NT44 (AK8001)",11600,49.9354,15.0667,95700,,,2104.02,"wave_coverage_differs"
"G3701130",1870,1870,"Macon, North Carolina","Macon","North Carolina","370","Macon","1130",6615,1870,20,"total religious edifices from NHGIS table NT44 (AK8001)",5500,83.1444,30.2343,18500,,,2123.42,"wave_coverage_differs"
"G4701110",1870,1870,"Macon, Tennessee","Macon","Tennessee","470","Macon","1110",6633,1870,22,"total religious edifices from NHGIS table NT44 (AK8001)",3200,48.2436,33.1675,19000,,,820.02,"wave_coverage_differs"
"G1701170",1870,1870,"Macoupin, Illinois","Macoupin","Illinois","170","Macoupin","1170",32726,1870,75,"total religious edifices from NHGIS table NT44 (AK8001)",22753,69.5258,22.9176,268962,,,2247.2,"wave_coverage_differs"
"G0100890",1870,1870,"Madison, Alabama","Madison","Alabama","010","Madison","0890",31267,1870,26,"total religious edifices from NHGIS table NT44 (AK8001)",19200,61.4066,8.3155,87000,,,2104.95,"wave_coverage_differs"
"G0500870",1870,1870,"Madison, Arkansas","Madison","Arkansas","050","Madison","0870",8231,1870,24,"total religious edifices from NHGIS table NT44 (AK8001)",4650,56.4937,29.1581,7300,,,2170.02,"wave_coverage_differs"
"G1200790",1870,1870,"Madison, Florida","Madison","Florida","120","Madison","0790",11121,1870,11,"total religious edifices from NHGIS table NT44 (AK8001)",1700,15.2864,9.8912,9000,,,1858.29,"wave_coverage_differs"
"G1301950",1870,1870,"Madison, Georgia","Madison","Georgia","130","Madison","1950",5227,1870,16,"total religious edifices from NHGIS table NT44 (AK8001)",4600,88.0046,30.6103,7900,,,739.63,"wave_coverage_differs"
"G1701190",1870,1870,"Madison, Illinois","Madison","Illinois","170","Madison","1190",44131,1870,68,"total religious edifices from NHGIS table NT44 (AK8001)",23770,53.8624,15.4087,385400,,,1917.87,"wave_coverage_differs"
"G1800950",1870,1870,"Madison, Indiana","Madison","Indiana","180","Madison","0950",22770,1870,41,"total religious edifices from NHGIS table NT44 (AK8001)",13300,58.4102,18.0061,140000,,,1173.02,"wave_coverage_differs"
"G1901210",1870,1870,"Madison, Iowa","Madison","Iowa","190","Madison","1210",13884,1870,17,"total religious edifices from NHGIS table NT44 (AK8001)",4250,30.6108,12.2443,30900,,,1455.98,"wave_coverage_differs"
"G2101510",1870,1870,"Madison, Kentucky","Madison","Kentucky","210","Madison","1510",19543,1870,33,"total religious edifices from NHGIS table NT44 (AK8001)",10100,51.6809,16.8858,59500,,,1147.7,"wave_coverage_differs"
"G2200650",1870,1870,"Madison, Louisiana","Madison","Louisiana","220","Madison","0650",8600,1870,9,"total religious edifices from NHGIS table NT44 (AK8001)",1050,12.2093,10.4651,3000,,,1685.83,"wave_coverage_differs"
"G2800890",1870,1870,"Madison, Mississippi","Madison","Mississippi","280","Madison","0890",20948,1870,48,"total religious edifices from NHGIS table NT44 (AK8001)",12550,59.9103,22.9139,102950,,,1922.03,"wave_coverage_differs"
"G2901230",1870,1870,"Madison, Missouri","Madison","Missouri","290","Madison","1230",5849,1870,19,"total religious edifices from NHGIS table NT44 (AK8001)",3950,67.5329,32.4842,14600,,,1288.37,"wave_coverage_differs"
"G3050195",1870,1870,"Madison, Montana Territory","Madison","Montana Territory","305","Madison","0195",2684,1870,3,"total religious edifices from NHGIS table NT44 (AK8001)",1700,63.3383,11.1773,7000,,,11425.27,"wave_coverage_differs"
"G3101190",1870,1870,"Madison, Nebraska","Madison","Nebraska","310","Madison","1190",1133,1870,,"total religious edifices from NHGIS table NT44 (AK8001)",,,,,,,1490.41,"wave_coverage_differs"
"G3600530",1870,1870,"Madison, New York","Madison","New York","360","Madison","0530",43522,1870,94,"total religious edifices from NHGIS table NT44 (AK8001)",35125,80.7063,21.5983,293250,,,1712.71,"wave_coverage_differs"
"G3701150",1870,1870,"Madison, North Carolina","Madison","North Carolina","370","Madison","1150",8192,1870,17,"total religious edifices from NHGIS table NT44 (AK8001)",3650,44.5557,20.752,3400,,,1169.44,"wave_coverage_differs"
"G3900970",1870,1870,"Madison, Ohio","Madison","Ohio","390","Madison","0970",15633,1870,43,"total religious edifices from NHGIS table NT44 (AK8001)",11900,76.121,27.5059,115000,,,1210.36,"wave_coverage_differs"
"G4701130",1870,1870,"Madison, Tennessee","Madison","Tennessee","470","Madison","1130",23480,1870,40,"total religious edifices from NHGIS table NT44 (AK8001)",13200,56.2181,17.0358,86500,,,1701.98,"wave_coverage_differs"
"G4803130",1870,1870,"Madison, Texas","Madison","Texas","480","Madison","3130",4061,1870,3,"total religious edifices from NHGIS table NT44 (AK8001)",1100,27.0869,7.3873,1700,,,1223.57,"wave_coverage_differs"
"G5101130",1870,1870,"Madison, Virginia","Madison","Virginia","510","Madison","1130",8670,1870,23,"total religious edifices from NHGIS table NT44 (AK8001)",5850,67.474,26.5283,24300,,,833.65,"wave_coverage_differs"
"G2101530",1870,1870,"Magoffin, Kentucky","Magoffin","Kentucky","210","Magoffin","1530",4684,1870,4,"total religious edifices from NHGIS table NT44 (AK8001)",275,5.8711,8.5397,675,,,801.33,"wave_coverage_differs"
"G1901230",1870,1870,"Mahaska, Iowa","Mahaska","Iowa","190","Mahaska","1230",22508,1870,36,"total religious edifices from NHGIS table NT44 (AK8001)",14114,62.7066,15.9943,138540,,,1485.1,"wave_coverage_differs"
"G3900990",1870,1870,"Mahoning, Ohio","Mahoning","Ohio","390","Mahoning","0990",31001,1870,76,"total religious edifices from NHGIS table NT44 (AK8001)",23250,74.9976,24.5153,244000,,,1099.66,"wave_coverage_differs"
"G1200810",1870,1870,"Manatee, Florida","Manatee","Florida","120","Manatee","0810",1931,1870,8,"total religious edifices from NHGIS table NT44 (AK8001)",800,41.4293,41.4293,2000,,,11421.95,"wave_coverage_differs"
"G2601010",1870,1870,"Manistee, Michigan","Manistee","Michigan","260","Manistee","1010",6074,1870,6,"total religious edifices from NHGIS table NT44 (AK8001)",2000,32.9272,9.8782,37000,,,1443.02,"wave_coverage_differs"
"G2601015",1870,1870,"Manitou, Michigan","Manitou","Michigan","260","Manitou","1015",891,1870,1,"total religious edifices from NHGIS table NT44 (AK8001)",150,16.835,11.2233,1000,,,194.19,"wave_coverage_differs"
"G5500710",1870,1870,"Manitowoc, Wisconsin","Manitowoc","Wisconsin","550","Manitowoc","0710",33364,1870,38,"total religious edifices from NHGIS table NT44 (AK8001)",12550,37.6154,11.3895,134170,,,1542.39,"wave_coverage_differs"
"G5500730",1870,1870,"Marathon, Wisconsin","Marathon","Wisconsin","550","Marathon","0730",5885,1870,4,"total religious edifices from NHGIS table NT44 (AK8001)",800,13.5939,6.7969,1650,,,15477.91,"wave_coverage_differs"
"G0100910",1870,1870,"Marengo, Alabama","Marengo","Alabama","010","Marengo","0910",26151,1870,30,"total religious edifices from NHGIS table NT44 (AK8001)",11250,43.0194,11.4718,44200,,,2545.13,"wave_coverage_differs"
"G2901250",1870,1870,"Maries, Missouri","Maries","Missouri","290","Maries","1250",5916,1870,5,"total religious edifices from NHGIS table NT44 (AK8001)",1300,21.9743,8.4517,4800,,,1372.52,"wave_coverage_differs"
"G0600410",1870,1870,"Marin, California","Marin","California","060","Marin","0410",6903,1870,6,"total religious edifices from NHGIS table NT44 (AK8001)",1150,16.6594,8.6919,32300,,,1366.01,"wave_coverage_differs"
"G0100930",1870,1870,"Marion, Alabama","Marion","Alabama","010","Marion","0930",6059,1870,36,"total religious edifices from NHGIS table NT44 (AK8001)",7300,120.4819,59.4157,5000,,,1925.83,"wave_coverage_differs"
"G0500890",1870,1870,"Marion, Arkansas","Marion","Arkansas","050","Marion","0890",3979,1870,4,"total religious edifices from NHGIS table NT44 (AK8001)",600,15.0792,10.0528,1800,,,1705.69,"wave_coverage_differs"
"G1200830",1870,1870,"Marion, Florida","Marion","Florida","120","Marion","0830",10804,1870,20,"total religious edifices from NHGIS table NT44 (AK8001)",8200,75.8978,18.5117,10100,,,4748.54,"wave_coverage_differs"
"G1301970",1870,1870,"Marion, Georgia","Marion","Georgia","130","Marion","1970",8000,1870,19,"total religious edifices from NHGIS table NT44 (AK8001)",4850,60.625,23.75,14000,,,957.73,"wave_coverage_differs"
"G1701210",1870,1870,"Marion, Illinois","Marion","Illinois","170","Marion","1210",20622,1870,37,"total religious edifices from NHGIS table NT44 (AK8001)",12404,60.1494,17.942,68100,,,1491.91,"wave_coverage_differs"
"G1800970",1870,1870,"Marion, Indiana","Marion","Indiana","180","Marion","0970",71939,1870,91,"total religious edifices from NHGIS table NT44 (AK8001)",34325,47.714,12.6496,1705550,,,1043.78,"wave_coverage_differs"
"G1901250",1870,1870,"Marion, Iowa","Marion","Iowa","190","Marion","1250",24436,1870,31,"total religious edifices from NHGIS table NT44 (AK8001)",7350,30.0786,12.6862,74525,,,1477.6,"wave_coverage_differs"
"G2001150",1870,1870,"Marion, Kansas","Marion","Kansas","200","Marion","1150",768,1870,0,"total religious edifices from NHGIS table NT44 (AK8001)",0,0,0,0,,,2657.12,"wave_coverage_differs"
"G2101550",1870,1870,"Marion, Kentucky","Marion","Kentucky","210","Marion","1550",12838,1870,33,"total religious edifices from NHGIS table NT44 (AK8001)",17200,133.9773,25.7049,82750,,,898.01,"wave_coverage_differs"
"G2800910",1870,1870,"Marion, Mississippi","Marion","Mississippi","280","Marion","0910",4211,1870,10,"total religious edifices from NHGIS table NT44 (AK8001)",3000,71.242,23.7473,1950,,,3812.35,"wave_coverage_differs"
"G2901270",1870,1870,"Marion, Missouri","Marion","Missouri","290","Marion","1270",23780,1870,41,"total religious edifices from NHGIS table NT44 (AK8001)",12100,50.8831,17.2414,141000,,,1150.33,"wave_coverage_differs"
"G3901010",1870,1870,"Marion, Ohio","Marion","Ohio","390","Marion","1010",16184,1870,60,"total religious edifices from NHGIS table NT44 (AK8001)",17250,106.5868,37.0737,138200,,,1046.64,"wave_coverage_differs"
"G4100470",1870,1870,"Marion, Oregon","Marion","Oregon","410","Marion","0470",9965,1870,9,"total religious edifices from NHGIS table NT44 (AK8001)",2300,23.0808,9.0316,64200,,,3096.28,"wave_coverage_differs"
"G4500670",1870,1870,"Marion, South Carolina","Marion","South Carolina","450","Marion","0670",22160,1870,45,"total religious edifices from NHGIS table NT44 (AK8001)",9050,40.8394,20.3069,38100,,,3169.23,"wave_coverage_differs"
"G4701150",1870,1870,"Marion, Tennessee","Marion","Tennessee","470","Marion","1150",6841,1870,63,"total religious edifices from NHGIS table NT44 (AK8001)",7175,104.8823,92.0918,25000,,,1326.94,"wave_coverage_differs"
"G4803150",1870,1870,"Marion, Texas","Marion","Texas","480","Marion","3150",8562,1870,2,"total religious edifices from NHGIS table NT44 (AK8001)",400,4.6718,2.3359,1050,,,838.31,"wave_coverage_differs"
"G5400490",1870,1870,"Marion, West Virginia","Marion","West Virginia","540","Marion","0490",12107,1870,37,"total religious edifices from NHGIS table NT44 (AK8001)",10080,83.2576,30.5608,32400,,,806.83,"wave_coverage_differs"
"G0600430",1870,1870,"Mariposa, California","Mariposa","California","060","Mariposa","0430",4572,1870,3,"total religious edifices from NHGIS table NT44 (AK8001)",650,14.217,6.5617,2200,,,3704.74,"wave_coverage_differs"
"G4500690",1870,1870,"Marlboro, South Carolina","Marlboro","South Carolina","450","Marlboro","0690",11814,1870,23,"total religious edifices from NHGIS table NT44 (AK8001)",11800,99.8815,19.4684,27000,,,1256.85,"wave_coverage_differs"
"G2601030",1870,1870,"Marquette, Michigan","Marquette","Michigan","260","Marquette","1030",15033,1870,12,"total religious edifices from NHGIS table NT44 (AK8001)",5080,33.7923,7.9824,115500,,,8680.34,"wave_coverage_differs"
"G5500770",1870,1870,"Marquette, Wisconsin","Marquette","Wisconsin","550","Marquette","0770",8056,1870,25,"total religious edifices from NHGIS table NT44 (AK8001)",4125,51.2041,31.0328,33100,,,1202.54,"wave_coverage_differs"
"G0100950",1870,1870,"Marshall, Alabama","Marshall","Alabama","010","Marshall","0950",9871,1870,21,"total religious edifices from NHGIS table NT44 (AK8001)",3400,34.4443,21.2744,2400,,,1630.17,"wave_coverage_differs"
"G1701230",1870,1870,"Marshall, Illinois","Marshall","Illinois","170","Marshall","1230",16956,1870,33,"total religious edifices from NHGIS table NT44 (AK8001)",10415,61.4237,19.4621,125500,,,1032.16,"wave_coverage_differs"
"G1800990",1870,1870,"Marshall, Indiana","Marshall","Indiana","180","Marshall","0990",20211,1870,37,"total religious edifices from NHGIS table NT44 (AK8001)",9250,45.7672,18.3069,77500,,,1164.83,"wave_coverage_differs"
"G1901270",1870,1870,"Marshall, Iowa","Marshall","Iowa","190","Marshall","1270",17576,1870,24,"total religious edifices from NHGIS table NT44 (AK8001)",8400,47.7924,13.655,105152,,,1484.57,"wave_coverage_differs"
"G2001170",1870,1870,"Marshall, Kansas","Marshall","Kansas","200","Marshall","1170",6901,1870,5,"total religious edifices from NHGIS table NT44 (AK8001)",2000,28.9813,7.2453,7800,,,2344.23,"wave_coverage_differs"
"G2101570",1870,1870,"Marshall, Kentucky","Marshall","Kentucky","210","Marshall","1570",9455,1870,40,"total religious edifices from NHGIS table NT44 (AK8001)",2300,24.3258,42.3057,15000,,,881.18,"wave_coverage_differs"
"G2800930",1870,1870,"Marshall, Mississippi","Marshall","Mississippi","280","Marshall","0930",29416,1870,67,"total religious edifices from NHGIS table NT44 (AK8001)",15150,51.5026,22.7767,90700,,,2210.7,"wave_coverage_differs"
"G4701170",1870,1870,"Marshall, Tennessee","Marshall","Tennessee","470","Marshall","1170",16207,1870,42,"total religious edifices from NHGIS table NT44 (AK8001)",11800,72.808,25.9147,66000,,,886.22,"wave_coverage_differs"
"G5400510",1870,1870,"Marshall, West Virginia","Marshall","West Virginia","540","Marshall","0510",14941,1870,13,"total religious edifices from NHGIS table NT44 (AK8001)",8300,55.5518,8.7009,22000,,,808.48,"wave_coverage_differs"
"G1801010",1870,1870,"Martin, Indiana","Martin","Indiana","180","Martin","1010",11103,1870,19,"total religious edifices from NHGIS table NT44 (AK8001)",5600,50.4368,17.1125,11950,,,881.79,"wave_coverage_differs"
"G2700910",1870,1870,"Martin, Minnesota","Martin","Minnesota","270","Martin","0910",3867,1870,,"total religious edifices from NHGIS table NT44 (AK8001)",,,,,,,1889.6,"wave_coverage_differs"
"G3701170",1870,1870,"Martin, North Carolina","Martin","North Carolina","370","Martin","1170",9647,1870,16,"total religious edifices from NHGIS table NT44 (AK8001)",8000,82.9273,16.5855,7500,,,1195.41,"wave_coverage_differs"
"G1701250",1870,1870,"Mason, Illinois","Mason","Illinois","170","Mason","1250",16184,1870,24,"total religious edifices from NHGIS table NT44 (AK8001)",8855,54.7145,14.8295,79100,,,1459.36,"wave_coverage_differs"
"G2101610",1870,1870,"Mason, Kentucky","Mason","Kentucky","210","Mason","1610",18126,1870,45,"total religious edifices from NHGIS table NT44 (AK8001)",15300,84.4091,24.8262,84400,,,638.76,"wave_coverage_differs"
"G2601050",1870,1870,"Mason, Michigan","Mason","Michigan","260","Mason","1050",3263,1870,5,"total religious edifices from NHGIS table NT44 (AK8001)",675,20.6865,15.3233,9000,,,1321.77,"wave_coverage_differs"
"G4803190",1870,1870,"Mason, Texas","Mason","Texas","480","Mason","3190",678,1870,0,"total religious edifices from NHGIS table NT44 (AK8001)",0,0,0,0,,,2414.42,"wave_coverage_differs"
"G5350235",1870,1870,"Mason, Washington Territory","Mason","Washington Territory","535","Mason","0235",289,1870,,"total religious edifices from NHGIS table NT44 (AK8001)",,,,,,,2074.98,"wave_coverage_differs"
"G5400530",1870,1870,"Mason, West Virginia","Mason","West Virginia","540","Mason","0530",15978,1870,29,"total religious edifices from NHGIS table NT44 (AK8001)",7400,46.3137,18.15,50500,,,1151.79,"wave_coverage_differs"
"G1701270",1870,1870,"Massac, Illinois","Massac","Illinois","170","Massac","1270",9581,1870,14,"total religious edifices from NHGIS table NT44 (AK8001)",3525,36.7916,14.6123,13000,,,626.32,"wave_coverage_differs"
"G4803210",1870,1870,"Matagorda, Texas","Matagorda","Texas","480","Matagorda","3210",3377,1870,4,"total religious edifices from NHGIS table NT44 (AK8001)",1000,29.6121,11.8448,10000,,,2958.56,"wave_coverage_differs"
"G5101150",1870,1870,"Matthews, Virginia","Matthews","Virginia","510","Mathews","1150",6200,1870,9,"total religious edifices from NHGIS table NT44 (AK8001)",4200,67.7419,14.5161,10500,,,222.83,"wave_coverage_differs"
"G4701190",1870,1870,"Maury, Tennessee","Maury","Tennessee","470","Maury","1190",36289,1870,50,"total religious edifices from NHGIS table NT44 (AK8001)",15000,41.3348,13.7783,130300,,,1590.39,"wave_coverage_differs"
"G4803230",1870,1870,"Maverick, Texas","Maverick","Texas","480","Maverick","3230",1951,1870,0,"total religious edifices from NHGIS table NT44 (AK8001)",0,0,0,0,,,3345.71,"wave_coverage_differs"
"G2101450",1870,1870,"Mccracken, Kentucky","Mccracken","Kentucky","210","McCracken","1450",13988,1870,20,"total religious edifices from NHGIS table NT44 (AK8001)",6000,42.8939,14.298,163500,,,694.6,"wave_coverage_differs"
"G4803070",1870,1870,"Mcculloch, Texas","Mcculloch","Texas","480","McCulloch","3070",173,1870,,"total religious edifices from NHGIS table NT44 (AK8001)",,,,,,,2780.07,"wave_coverage_differs"
"G2901190",1870,1870,"Mcdonald, Missouri","Mcdonald","Missouri","290","McDonald","1190",5226,1870,6,"total religious edifices from NHGIS table NT44 (AK8001)",2400,45.9242,11.4811,6500,,,1247.06,"wave_coverage_differs"
"G1701090",1870,1870,"Mcdonough, Illinois","Mcdonough","Illinois","170","McDonough","1090",26509,1870,67,"total religious edifices from NHGIS table NT44 (AK8001)",20995,79.1995,25.2744,227100,,,1528.58,"wave_coverage_differs"
"G3701110",1870,1870,"Mcdowell, North Carolina","Mcdowell","North Carolina","370","McDowell","1110",7592,1870,30,"total religious edifices from NHGIS table NT44 (AK8001)",6000,79.0306,39.5153,12500,,,1268.06,"wave_coverage_differs"
"G5400470",1870,1870,"McDowell, West Virginia","Mcdowell","West Virginia","540","McDowell","0470",1952,1870,8,"total religious edifices from NHGIS table NT44 (AK8001)",800,40.9836,40.9836,800,,,1385.38,"wave_coverage_differs"
"G1701110",1870,1870,"Mchenry, Illinois","Mchenry","Illinois","170","McHenry","1110",23762,1870,41,"total religious edifices from NHGIS table NT44 (AK8001)",13829,58.198,17.2544,206750,,,1582.04,"wave_coverage_differs"
"G1301910",1870,1870,"Mcintosh, Georgia","Mcintosh","Georgia","130","McIntosh","1910",4491,1870,7,"total religious edifices from NHGIS table NT44 (AK8001)",3600,80.1603,15.5867,13700,,,1791.64,"wave_coverage_differs"
"G4200830",1870,1870,"Mckean, Pennsylvania","Mckean","Pennsylvania","420","McKean","0830",8825,1870,7,"total religious edifices from NHGIS table NT44 (AK8001)",2900,32.8612,7.932,26800,,,2548.98,"wave_coverage_differs"
"G1701130",1870,1870,"Mclean, Illinois","Mclean","Illinois","170","McLean","1130",53988,1870,87,"total religious edifices from NHGIS table NT44 (AK8001)",28470,52.7339,16.1147,464500,,,3072.43,"wave_coverage_differs"
"G2101490",1870,1870,"Mclean, Kentucky","Mclean","Kentucky","210","McLean","1490",7614,1870,23,"total religious edifices from NHGIS table NT44 (AK8001)",8500,111.6365,30.2075,30000,,,663.52,"wave_coverage_differs"
"G4803090",1870,1870,"Mclennan, Texas","Mclennan","Texas","480","McLennan","3090",13500,1870,3,"total religious edifices from NHGIS table NT44 (AK8001)",1000,7.4074,2.2222,1800,,,2745.99,"wave_coverage_differs"
"G2700850",1870,1870,"Mcleod, Minnesota","Mcleod","Minnesota","270","McLeod","0850",5643,1870,8,"total religious edifices from NHGIS table NT44 (AK8001)",1800,31.8979,14.1769,12500,,,1309.31,"wave_coverage_differs"
"G4701070",1870,1870,"McMinn, Tennessee","Mcminn","Tennessee","470","McMinn","1070",13969,1870,17,"total religious edifices from NHGIS table NT44 (AK8001)",5175,37.0463,12.1698,28150,,,1133.27,"wave_coverage_differs"
"G4803110",1870,1870,"Mcmullen, Texas","Mcmullen","Texas","480","McMullen","3110",230,1870,,"total religious edifices from NHGIS table NT44 (AK8001)",,,,,,,2995.98,"wave_coverage_differs"
"G4701090",1870,1870,"McNairy, Tennessee","Mcnairy","Tennessee","470","McNairy","1090",12726,1870,62,"total religious edifices from NHGIS table NT44 (AK8001)",6400,50.2907,48.7192,16200,,,1784.69,"wave_coverage_differs"
"G2001130",1870,1870,"Mcpherson, Kansas","Mcpherson","Kansas","200","McPherson","1130",738,1870,1,"total religious edifices from NHGIS table NT44 (AK8001)",300,40.6504,13.5501,1000,,,2799.5,"wave_coverage_differs"
"G2101630",1870,1870,"Meade, Kentucky","Meade","Kentucky","210","Meade","1630",9485,1870,14,"total religious edifices from NHGIS table NT44 (AK8001)",3600,37.9547,14.7601,20000,,,839.7,"wave_coverage_differs"
"G3050215",1870,1870,"Meagher (old), Montana Territory","Meagher","Montana Territory","305","Meagher","0215",1387,1870,,"total religious edifices from NHGIS table NT44 (AK8001)",,,,,,,28000.13,"wave_coverage_differs"
"G3701190",1870,1870,"Mecklenburg, North Carolina","Mecklenburg","North Carolina","370","Mecklenburg","1190",24299,1870,46,"total religious edifices from NHGIS table NT44 (AK8001)",21400,88.0695,18.9308,188000,,,1413.92,"wave_coverage_differs"
"G5101170",1870,1870,"Mecklenburg, Virginia","Mecklenburg","Virginia","510","Mecklenburg","1170",21318,1870,36,"total religious edifices from NHGIS table NT44 (AK8001)",11100,52.0687,16.8871,18850,,,1759.19,"wave_coverage_differs"
"G2601070",1870,1870,"Mecosta, Michigan","Mecosta","Michigan","260","Mecosta","1070",5642,1870,3,"total religious edifices from NHGIS table NT44 (AK8001)",1000,17.7242,5.3173,10200,,,1479.46,"wave_coverage_differs"
"G3901030",1870,1870,"Medina, Ohio","Medina","Ohio","390","Medina","1030",20092,1870,58,"total religious edifices from NHGIS table NT44 (AK8001)",20300,101.0352,28.8672,189850,,,1095.66,"wave_coverage_differs"
"G4803250",1870,1870,"Medina, Texas","Medina","Texas","480","Medina","3250",2078,1870,3,"total religious edifices from NHGIS table NT44 (AK8001)",1300,62.5602,14.437,44400,,,3059.29,"wave_coverage_differs"
"G2700930",1870,1870,"Meeker, Minnesota","Meeker","Minnesota","270","Meeker","0930",6090,1870,4,"total religious edifices from NHGIS table NT44 (AK8001)",1100,18.0624,6.5681,10500,,,1474.13,"wave_coverage_differs"
"G3901050",1870,1870,"Meigs, Ohio","Meigs","Ohio","390","Meigs","1050",31465,1870,89,"total religious edifices from NHGIS table NT44 (AK8001)",25050,79.6123,28.2854,165850,,,1121.47,"wave_coverage_differs"
"G4701210",1870,1870,"Meigs, Tennessee","Meigs","Tennessee","470","Meigs","1210",4511,1870,20,"total religious edifices from NHGIS table NT44 (AK8001)",3500,77.5881,44.3361,20000,,,554.53,"wave_coverage_differs"
"G1701290",1870,1870,"Menard, Illinois","Menard","Illinois","170","Menard","1290",11735,1870,25,"total religious edifices from NHGIS table NT44 (AK8001)",7750,66.0418,21.3038,72000,,,817.03,"wave_coverage_differs"
"G4803270",1870,1870,"Menard, Texas","Menard","Texas","480","Menard","3270",667,1870,0,"total religious edifices from NHGIS table NT44 (AK8001)",0,0,0,0,,,2336.86,"wave_coverage_differs"
"G0600450",1870,1870,"Mendocino, California","Mendocino","California","060","Mendocino","0450",7545,1870,13,"total religious edifices from NHGIS table NT44 (AK8001)",4450,58.9795,17.23,21400,,,9343.08,"wave_coverage_differs"
"G2101650",1870,1870,"Menifee, Kentucky","Menifee","Kentucky","210","Menifee","1650",1986,1870,1,"total religious edifices from NHGIS table NT44 (AK8001)",200,10.0705,5.0352,600,,,515.65,"wave_coverage_differs"
"G2601090",1870,1870,"Menominee, Michigan","Menominee","Michigan","260","Menominee","1090",1791,1870,2,"total religious edifices from NHGIS table NT44 (AK8001)",500,27.9174,11.1669,5500,,,3680.13,"wave_coverage_differs"
"G0600470",1870,1870,"Merced, California","Merced","California","060","Merced","0470",2807,1870,7,"total religious edifices from NHGIS table NT44 (AK8001)",700,24.9377,24.9377,5000,,,5108.44,"wave_coverage_differs"
"G1701310",1870,1870,"Mercer, Illinois","Mercer","Illinois","170","Mercer","1310",18769,1870,35,"total religious edifices from NHGIS table NT44 (AK8001)",11825,63.0028,18.6478,123700,,,1472.9,"wave_coverage_differs"
"G2101670",1870,1870,"Mercer, Kentucky","Mercer","Kentucky","210","Mercer","1670",13144,1870,21,"total religious edifices from NHGIS table NT44 (AK8001)",7000,53.2562,15.9769,8000,,,630.5,"wave_coverage_differs"
"G2901290",1870,1870,"Mercer, Missouri","Mercer","Missouri","290","Mercer","1290",11557,1870,5,"total religious edifices from NHGIS table NT44 (AK8001)",1000,8.6528,4.3264,10500,,,1178.72,"wave_coverage_differs"
"G3400210",1870,1870,"Mercer, New Jersey","Mercer","New Jersey","340","Mercer","0210",46386,1870,68,"total religious edifices from NHGIS table NT44 (AK8001)",31375,67.6389,14.6596,1061200,,,590.62,"wave_coverage_differs"
"G3901070",1870,1870,"Mercer, Ohio","Mercer","Ohio","390","Mercer","1070",17254,1870,29,"total religious edifices from NHGIS table NT44 (AK8001)",9900,57.378,16.8077,96500,,,1226.16,"wave_coverage_differs"
"G4200850",1870,1870,"Mercer, Pennsylvania","Mercer","Pennsylvania","420","Mercer","0850",49977,1870,93,"total religious edifices from NHGIS table NT44 (AK8001)",30260,60.5479,18.6086,391900,,,1767.92,"wave_coverage_differs"
"G5400550",1870,1870,"Mercer, West Virginia","Mercer","West Virginia","540","Mercer","0550",7064,1870,11,"total religious edifices from NHGIS table NT44 (AK8001)",2900,41.0532,15.5719,3000,,,1790.92,"wave_coverage_differs"
"G1301990",1870,1870,"Meriwether, Georgia","Meriwether","Georgia","130","Meriwether","1990",13756,1870,28,"total religious edifices from NHGIS table NT44 (AK8001)",5675,41.2547,20.3548,16250,,,1309.05,"wave_coverage_differs"
"G3101210",1870,1870,"Merrick, Nebraska","Merrick","Nebraska","310","Merrick","1210",557,1870,0,"total religious edifices from NHGIS table NT44 (AK8001)",0,0,0,0,,,1281.03,"wave_coverage_differs"
"G3300130",1870,1870,"Merrimack, New Hampshire","Merrimack","New Hampshire","330","Merrimack","0130",42151,1870,75,"total religious edifices from NHGIS table NT44 (AK8001)",25083,59.5075,17.7932,501500,,,2477.17,"wave_coverage_differs"
"G2101690",1870,1870,"Metcalfe, Kentucky","Metcalfe","Kentucky","210","Metcalfe","1690",7934,1870,34,"total religious edifices from NHGIS table NT44 (AK8001)",4250,53.5669,42.8535,6800,,,759.93,"wave_coverage_differs"
"G1801030",1870,1870,"Miami, Indiana","Miami","Indiana","180","Miami","1030",21052,1870,41,"total religious edifices from NHGIS table NT44 (AK8001)",10125,48.0952,19.4756,142800,,,977.43,"wave_coverage_differs"
"G2001210",1870,1870,"Miami, Kansas","Miami","Kansas","200","Miami","1210",11725,1870,7,"total religious edifices from NHGIS table NT44 (AK8001)",1375,11.7271,5.9701,23100,,,1528.8,"wave_coverage_differs"
"G3901090",1870,1870,"Miami, Ohio","Miami","Ohio","390","Miami","1090",32740,1870,85,"total religious edifices from NHGIS table NT44 (AK8001)",29950,91.4783,25.9621,380000,,,1060.98,"wave_coverage_differs"
"G0900070",1870,1870,"Middlesex, Connecticut","Middlesex","Connecticut","090","Middlesex","0070",36099,1870,78,"total religious edifices from NHGIS table NT44 (AK8001)",25552,70.7831,21.6072,797012,,,991.48,"wave_coverage_differs"
"G2500170",1870,1870,"Middlesex, Massachusetts","Middlesex","Massachusetts","250","Middlesex","0170",274353,1870,288,"total religious edifices from NHGIS table NT44 (AK8001)",144260,52.5819,10.4974,4397990,,,2206.09,"wave_coverage_differs"
"G3400230",1870,1870,"Middlesex, New Jersey","Middlesex","New Jersey","340","Middlesex","0230",45029,1870,62,"total religious edifices from NHGIS table NT44 (AK8001)",29700,65.9575,13.7689,950500,,,813.78,"wave_coverage_differs"
"G5101190",1870,1870,"Middlesex, Virginia","Middlesex","Virginia","510","Middlesex","1190",4981,1870,12,"total religious edifices from NHGIS table NT44 (AK8001)",3650,73.2785,24.0915,12700,,,340.45,"wave_coverage_differs"
"G2601110",1870,1870,"Midland, Michigan","Midland","Michigan","260","Midland","1110",3285,1870,5,"total religious edifices from NHGIS table NT44 (AK8001)",1800,54.7945,15.2207,24600,,,1367.69,"wave_coverage_differs"
"G4200870",1870,1870,"Mifflin, Pennsylvania","Mifflin","Pennsylvania","420","Mifflin","0870",17508,1870,33,"total religious edifices from NHGIS table NT44 (AK8001)",11150,63.6852,18.8485,126200,,,1073.92,"wave_coverage_differs"
"G4803310",1870,1870,"Milam, Texas","Milam","Texas","480","Milam","3310",8984,1870,6,"total religious edifices from NHGIS table NT44 (AK8001)",1900,21.1487,6.6785,6500,,,2646.41,"wave_coverage_differs"
"G4950375",1870,1870,"Millard, Utah Territory","Millard","Utah Territory","495","Millard","0375",2753,1870,6,"total religious edifices from NHGIS table NT44 (AK8001)",1400,50.8536,21.7944,6600,,,17635.19,"wave_coverage_differs"
"G2700950",1870,1870,"Mille Lacs, Minnesota","Mille Lacs","Minnesota","270","Mille Lacs","0950",1109,1870,1,"total religious edifices from NHGIS table NT44 (AK8001)",150,13.5257,9.0171,1000,,,1765.31,"wave_coverage_differs"
"G1302010",1870,1870,"Miller, Georgia","Miller","Georgia","130","Miller","2010",3091,1870,10,"total religious edifices from NHGIS table NT44 (AK8001)",2600,84.1152,32.352,4900,,,703.22,"wave_coverage_differs"
"G2901310",1870,1870,"Miller, Missouri","Miller","Missouri","290","Miller","1310",6616,1870,9,"total religious edifices from NHGIS table NT44 (AK8001)",4200,63.4825,13.6034,8200,,,1565.7,"wave_coverage_differs"
"G1901290",1870,1870,"Mills, Iowa","Mills","Iowa","190","Mills","1290",8718,1870,6,"total religious edifices from NHGIS table NT44 (AK8001)",1150,13.1911,6.8823,19800,,,1141.3,"wave_coverage_differs"
"G1302015",1870,1870,"Milton, Georgia","Milton","Georgia","130","Milton","2015",4284,1870,18,"total religious edifices from NHGIS table NT44 (AK8001)",7300,170.4015,42.0168,5600,,,376.19,"wave_coverage_differs"
"G5500790",1870,1870,"Milwaukee, Wisconsin","Milwaukee","Wisconsin","550","Milwaukee","0790",89930,1870,79,"total religious edifices from NHGIS table NT44 (AK8001)",30860,34.3156,8.7846,672625,,,628.32,"wave_coverage_differs"
"G5400570",1870,1870,"Mineral, West Virginia","Mineral","West Virginia","540","Mineral","0570",6332,1870,21,"total religious edifices from NHGIS table NT44 (AK8001)",4825,76.2003,33.1649,26535,,,953.16,"wave_coverage_differs"
"G0951195",1870,1870,"Minnehaha, Dakota Territory","Minnehaha","Dakota Territory","095","Minnehaha","1195",355,1870,,"total religious edifices from NHGIS table NT44 (AK8001)",,,,,,,3647.89,"wave_coverage_differs"
"G2601130",1870,1870,"Missaukee, Michigan","Missaukee","Michigan","260","Missaukee","1130",130,1870,,"total religious edifices from NHGIS table NT44 (AK8001)",,,,,,,1486.35,"wave_coverage_differs"
"G0500930",1870,1870,"Mississippi, Arkansas","Mississippi","Arkansas","050","Mississippi","0930",3633,1870,2,"total religious edifices from NHGIS table NT44 (AK8001)",200,5.5051,5.5051,2000,,,2382.35,"wave_coverage_differs"
"G2901330",1870,1870,"Mississippi, Missouri","Mississippi","Missouri","290","Mississippi","1330",4982,1870,25,"total religious edifices from NHGIS table NT44 (AK8001)",7000,140.5058,50.1807,50000,,,1109.21,"wave_coverage_differs"
"G3050235",1870,1870,"Missoula, Montana Territory","Missoula","Montana Territory","305","Missoula","0235",2554,1870,2,"total religious edifices from NHGIS table NT44 (AK8001)",700,27.408,7.8309,60000,,,50570.92,"wave_coverage_differs"
"G1302050",1870,1870,"Mitchell, Georgia","Mitchell","Georgia","130","Mitchell","2050",6633,1870,17,"total religious edifices from NHGIS table NT44 (AK8001)",4250,64.0736,25.6294,5300,,,1331.87,"wave_coverage_differs"
"G1901310",1870,1870,"Mitchell, Iowa","Mitchell","Iowa","190","Mitchell","1310",9582,1870,7,"total religious edifices from NHGIS table NT44 (AK8001)",1820,18.9939,7.3054,22200,,,1216.17,"wave_coverage_differs"
"G2001230",1870,1870,"Mitchell, Kansas","Mitchell","Kansas","200","Mitchell","1230",485,1870,0,"total religious edifices from NHGIS table NT44 (AK8001)",0,0,0,0,,,1862.61,"wave_coverage_differs"
"G3701210",1870,1870,"Mitchell, North Carolina","Mitchell","North Carolina","370","Mitchell","1210",4705,1870,23,"total religious edifices from NHGIS table NT44 (AK8001)",4500,95.6429,48.8842,2450,,,738.46,"wave_coverage_differs"
"G0100970",1870,1870,"Mobile, Alabama","Mobile","Alabama","010","Mobile","0970",49311,1870,68,"total religious edifices from NHGIS table NT44 (AK8001)",33155,67.2365,13.79,711290,,,3222.34,"wave_coverage_differs"
"G0450155",1870,1870,"Mohave, Arizona Territory","Mohave","Arizona Territory","045","Mohave","0155",179,1870,,"total religious edifices from NHGIS table NT44 (AK8001)",,,,,,,18910.13,"wave_coverage_differs"
"G2901350",1870,1870,"Moniteau, Missouri","Moniteau","Missouri","290","Moniteau","1350",11375,1870,20,"total religious edifices from NHGIS table NT44 (AK8001)",5100,44.8352,17.5824,50000,,,1084.81,"wave_coverage_differs"
"G3400250",1870,1870,"Monmouth, New Jersey","Monmouth","New Jersey","340","Monmouth","0250",46195,1870,89,"total religious edifices from NHGIS table NT44 (AK8001)",30175,65.3209,19.2662,794900,,,1251.89,"wave_coverage_differs"
"G0600510",1870,1870,"Mono, California","Mono","California","060","Mono","0510",430,1870,0,"total religious edifices from NHGIS table NT44 (AK8001)",0,0,0,0,,,11364.8,"wave_coverage_differs"
"G1901330",1870,1870,"Monona, Iowa","Monona","Iowa","190","Monona","1330",3654,1870,1,"total religious edifices from NHGIS table NT44 (AK8001)",300,8.2102,2.7367,7550,,,1810.3,"wave_coverage_differs"
"G2700955",1870,1870,"Monongalia, Minnesota","Monongalia","Minnesota","270","Monongalia","0955",3161,1870,,"total religious edifices from NHGIS table NT44 (AK8001)",,,,,,,1110.44,"wave_coverage_differs"
"G5400610",1870,1870,"Monongalia, West Virginia","Monongalia","West Virginia","540","Monongalia","0610",13547,1870,39,"total religious edifices from NHGIS table NT44 (AK8001)",9650,71.2335,28.7887,53400,,,947.61,"wave_coverage_differs"
"G0100990",1870,1870,"Monroe, Alabama","Monroe","Alabama","010","Monroe","0990",14214,1870,22,"total religious edifices from NHGIS table NT44 (AK8001)",5500,38.6942,15.4777,7700,,,2679.13,"wave_coverage_differs"
"G0500950",1870,1870,"Monroe, Arkansas","Monroe","Arkansas","050","Monroe","0950",8336,1870,6,"total religious edifices from NHGIS table NT44 (AK8001)",1200,14.3954,7.1977,10000,,,2610.25,"wave_coverage_differs"
"G1200870",1870,1870,"Monroe, Florida","Monroe","Florida","120","Monroe","0870",5657,1870,6,"total religious edifices from NHGIS table NT44 (AK8001)",1850,32.7028,10.6063,38500,,,10886.28,"wave_coverage_differs"
"G1302070",1870,1870,"Monroe, Georgia","Monroe","Georgia","130","Monroe","2070",17213,1870,43,"total religious edifices from NHGIS table NT44 (AK8001)",9300,54.0289,24.9811,21700,,,1255.05,"wave_coverage_differs"
"G1701330",1870,1870,"Monroe, Illinois","Monroe","Illinois","170","Monroe","1330",12982,1870,21,"total religious edifices from NHGIS table NT44 (AK8001)",13400,103.2198,16.1762,160500,,,1033.82,"wave_coverage_differs"
"G1801050",1870,1870,"Monroe, Indiana","Monroe","Indiana","180","Monroe","1050",14168,1870,30,"total religious edifices from NHGIS table NT44 (AK8001)",7750,54.7007,21.1745,87500,,,1065.29,"wave_coverage_differs"
"G1901350",1870,1870,"Monroe, Iowa","Monroe","Iowa","190","Monroe","1350",12724,1870,10,"total religious edifices from NHGIS table NT44 (AK8001)",3160,24.835,7.8592,44800,,,1124.85,"wave_coverage_differs"
"G2101710",1870,1870,"Monroe, Kentucky","Monroe","Kentucky","210","Monroe","1710",9231,1870,21,"total religious edifices from NHGIS table NT44 (AK8001)",3150,34.1241,22.7494,7500,,,860.15,"wave_coverage_differs"
"G2601150",1870,1870,"Monroe, Michigan","Monroe","Michigan","260","Monroe","1150",27483,1870,35,"total religious edifices from NHGIS table NT44 (AK8001)",11550,42.026,12.7351,203700,,,1441.79,"wave_coverage_differs"
"G2800950",1870,1870,"Monroe, Mississippi","Monroe","Mississippi","280","Monroe","0950",22631,1870,55,"total religious edifices from NHGIS table NT44 (AK8001)",16950,74.8973,24.3029,92500,,,2020.55,"wave_coverage_differs"
"G2901370",1870,1870,"Monroe, Missouri","Monroe","Missouri","290","Monroe","1370",17149,1870,36,"total religious edifices from NHGIS table NT44 (AK8001)",8470,49.3906,20.9925,45788,,,1735.72,"wave_coverage_differs"
"G3101215",1870,1870,"Monroe, Nebraska","Monroe","Nebraska","310","Monroe","1215",235,1870,,"total religious edifices from NHGIS table NT44 (AK8001)",,,,,,,9823.45,"wave_coverage_differs"
"G3600550",1870,1870,"Monroe, New York","Monroe","New York","360","Monroe","0550",117868,1870,163,"total religious edifices from NHGIS table NT44 (AK8001)",75945,64.4322,13.829,2585800,,,1725.7,"wave_coverage_differs"
"G3901110",1870,1870,"Monroe, Ohio","Monroe","Ohio","390","Monroe","1110",25779,1870,81,"total religious edifices from NHGIS table NT44 (AK8001)",22550,87.4743,31.4209,148350,,,1184.81,"wave_coverage_differs"
"G4200890",1870,1870,"Monroe, Pennsylvania","Monroe","Pennsylvania","420","Monroe","0890",18362,1870,34,"total religious edifices from NHGIS table NT44 (AK8001)",9550,52.0096,18.5165,160350,,,1598.46,"wave_coverage_differs"
"G4701230",1870,1870,"Monroe, Tennessee","Monroe","Tennessee","470","Monroe","1230",12589,1870,33,"total religious edifices from NHGIS table NT44 (AK8001)",13200,104.8534,26.2134,24000,,,1966.91,"wave_coverage_differs"
"G5400630",1870,1870,"Monroe, West Virginia","Monroe","West Virginia","540","Monroe","0630",11124,1870,32,"total religious edifices from NHGIS table NT44 (AK8001)",9600,86.2999,28.7666,32700,,,1226.72,"wave_coverage_differs"
"G5500810",1870,1870,"Monroe, Wisconsin","Monroe","Wisconsin","550","Monroe","0810",16550,1870,20,"total religious edifices from NHGIS table NT44 (AK8001)",3640,21.994,12.0846,43050,,,2313.99,"wave_coverage_differs"
"G4803370",1870,1870,"Montague, Texas","Montague","Texas","480","Montague","3370",890,1870,0,"total religious edifices from NHGIS table NT44 (AK8001)",0,0,0,0,,,2430.12,"wave_coverage_differs"
"G2601170",1870,1870,"Montcalm, Michigan","Montcalm","Michigan","260","Montcalm","1170",13629,1870,8,"total religious edifices from NHGIS table NT44 (AK8001)",2030,14.8947,5.8698,13200,,,1866.93,"wave_coverage_differs"
"G0600530",1870,1870,"Monterey, California","Monterey","California","060","Monterey","0530",9876,1870,16,"total religious edifices from NHGIS table NT44 (AK8001)",5900,59.7408,16.2009,58000,,,11505.37,"wave_coverage_differs"
"G0101010",1870,1870,"Montgomery, Alabama","Montgomery","Alabama","010","Montgomery","1010",43704,1870,37,"total religious edifices from NHGIS table NT44 (AK8001)",16150,36.9531,8.466,301950,,,2068.86,"wave_coverage_differs"
"G0500970",1870,1870,"Montgomery, Arkansas","Montgomery","Arkansas","050","Montgomery","0970",2984,1870,11,"total religious edifices from NHGIS table NT44 (AK8001)",2650,88.807,36.8633,4800,,,3034.36,"wave_coverage_differs"
"G1302090",1870,1870,"Montgomery, Georgia","Montgomery","Georgia","130","Montgomery","2090",3586,1870,18,"total religious edifices from NHGIS table NT44 (AK8001)",6600,184.0491,50.1952,7600,,,2024.26,"wave_coverage_differs"
"G1701350",1870,1870,"Montgomery, Illinois","Montgomery","Illinois","170","Montgomery","1350",25314,1870,47,"total religious edifices from NHGIS table NT44 (AK8001)",12150,47.9972,18.5668,153500,,,1838.05,"wave_coverage_differs"
"G1801070",1870,1870,"Montgomery, Indiana","Montgomery","Indiana","180","Montgomery","1070",23765,1870,49,"total religious edifices from NHGIS table NT44 (AK8001)",13850,58.279,20.6186,99400,,,1309.1,"wave_coverage_differs"
"G1901370",1870,1870,"Montgomery, Iowa","Montgomery","Iowa","190","Montgomery","1370",5934,1870,5,"total religious edifices from NHGIS table NT44 (AK8001)",1100,18.5372,8.426,12800,,,1100.82,"wave_coverage_differs"
"G2001250",1870,1870,"Montgomery, Kansas","Montgomery","Kansas","200","Montgomery","1250",7564,1870,0,"total religious edifices from NHGIS table NT44 (AK8001)",0,0,0,0,,,1687.33,"wave_coverage_differs"
"G2101730",1870,1870,"Montgomery, Kentucky","Montgomery","Kentucky","210","Montgomery","1730",7557,1870,15,"total religious edifices from NHGIS table NT44 (AK8001)",4250,56.2392,19.8491,51000,,,514.81,"wave_coverage_differs"
"G2400310",1870,1870,"Montgomery, Maryland","Montgomery","Maryland","240","Montgomery","0310",20563,1870,55,"total religious edifices from NHGIS table NT44 (AK8001)",15945,77.5422,26.7471,104900,,,1310.89,"wave_coverage_differs"
"G2901390",1870,1870,"Montgomery, Missouri","Montgomery","Missouri","290","Montgomery","1390",10405,1870,25,"total religious edifices from NHGIS table NT44 (AK8001)",21500,206.6314,24.0269,25500,,,1399.48,"wave_coverage_differs"
"G3600570",1870,1870,"Montgomery, New York","Montgomery","New York","360","Montgomery","0570",34457,1870,56,"total religious edifices from NHGIS table NT44 (AK8001)",20791,60.339,16.2521,293000,,,1063.23,"wave_coverage_differs"
"G3701230",1870,1870,"Montgomery, North Carolina","Montgomery","North Carolina","370","Montgomery","1230",7487,1870,26,"total religious edifices from NHGIS table NT44 (AK8001)",6650,88.8206,34.7269,12700,,,1299.64,"wave_coverage_differs"
"G3901130",1870,1870,"Montgomery, Ohio","Montgomery","Ohio","390","Montgomery","1130",64006,1870,109,"total religious edifices from NHGIS table NT44 (AK8001)",38400,59.9944,17.0297,893300,,,1202.61,"wave_coverage_differs"
"G4200910",1870,1870,"Montgomery, Pennsylvania","Montgomery","Pennsylvania","420","Montgomery","0910",81612,1870,144,"total religious edifices from NHGIS table NT44 (AK8001)",57000,69.8427,17.6445,1231800,,,1261.69,"wave_coverage_differs"
"G4701250",1870,1870,"Montgomery, Tennessee","Montgomery","Tennessee","470","Montgomery","1250",24747,1870,42,"total religious edifices from NHGIS table NT44 (AK8001)",21700,87.6874,16.9718,54500,,,1408.73,"wave_coverage_differs"
"G4803390",1870,1870,"Montgomery, Texas","Montgomery","Texas","480","Montgomery","3390",6483,1870,7,"total religious edifices from NHGIS table NT44 (AK8001)",1950,30.0787,10.7975,8000,,,2981.5,"wave_coverage_differs"
"G5101210",1870,1870,"Montgomery, Virginia","Montgomery","Virginia","510","Montgomery","1210",12556,1870,22,"total religious edifices from NHGIS table NT44 (AK8001)",4550,36.2377,17.5215,26100,,,1034.75,"wave_coverage_differs"
"G2601190",1870,1870,"Montmorency, Michigan","Montmorency","Michigan","260","Montmorency","1190",,1870,,"total religious edifices from NHGIS table NT44 (AK8001)",,,,,,,1457.25,"wave_coverage_differs"
"G4200930",1870,1870,"Montour, Pennsylvania","Montour","Pennsylvania","420","Montour","0930",15344,1870,40,"total religious edifices from NHGIS table NT44 (AK8001)",16210,105.6439,26.0688,258500,,,342.74,"wave_coverage_differs"
"G3701250",1870,1870,"Moore, North Carolina","Moore","North Carolina","370","Moore","1250",12040,1870,29,"total religious edifices from NHGIS table NT44 (AK8001)",11550,95.9302,24.0864,13800,,,2219.73,"wave_coverage_differs"
"G3550255",1870,1870,"Mora, New Mexico Territory","Mora","New Mexico Territory","355","Mora","0255",8056,1870,14,"total religious edifices from NHGIS table NT44 (AK8001)",6850,85.0298,17.3784,23000,,,12496.25,"wave_coverage_differs"
"G2200670",1870,1870,"Morehouse, Louisiana","Morehouse","Louisiana","220","Morehouse","0670",9387,1870,10,"total religious edifices from NHGIS table NT44 (AK8001)",4700,50.0692,10.653,10000,,,2085.54,"wave_coverage_differs"
"G0101030",1870,1870,"Morgan, Alabama","Morgan","Alabama","010","Morgan","1030",12187,1870,20,"total religious edifices from NHGIS table NT44 (AK8001)",3600,29.5397,16.4109,8700,,,1624.81,"wave_coverage_differs"
"G1302110",1870,1870,"Morgan, Georgia","Morgan","Georgia","130","Morgan","2110",10696,1870,24,"total religious edifices from NHGIS table NT44 (AK8001)",7350,68.7173,22.4383,51900,,,918.37,"wave_coverage_differs"
"G1701370",1870,1870,"Morgan, Illinois","Morgan","Illinois","170","Morgan","1370",28463,1870,19,"total religious edifices from NHGIS table NT44 (AK8001)",8750,30.7417,6.6753,486000,,,1482.24,"wave_coverage_differs"
"G1801090",1870,1870,"Morgan, Indiana","Morgan","Indiana","180","Morgan","1090",17528,1870,48,"total religious edifices from NHGIS table NT44 (AK8001)",17100,97.5582,27.3848,73000,,,1060.41,"wave_coverage_differs"
"G2101750",1870,1870,"Morgan, Kentucky","Morgan","Kentucky","210","Morgan","1750",5975,1870,11,"total religious edifices from NHGIS table NT44 (AK8001)",3500,58.5774,18.41,3600,,,1066.13,"wave_coverage_differs"
"G2901410",1870,1870,"Morgan, Missouri","Morgan","Missouri","290","Morgan","1410",8434,1870,14,"total religious edifices from NHGIS table NT44 (AK8001)",4900,58.0982,16.5995,11900,,,1589.85,"wave_coverage_differs"
"G3901150",1870,1870,"Morgan, Ohio","Morgan","Ohio","390","Morgan","1150",20363,1870,75,"total religious edifices from NHGIS table NT44 (AK8001)",22250,109.2668,36.8315,125000,,,1092.41,"wave_coverage_differs"
"G4701290",1870,1870,"Morgan, Tennessee","Morgan","Tennessee","470","Morgan","1290",2969,1870,15,"total religious edifices from NHGIS table NT44 (AK8001)",2780,93.6342,50.5221,6400,,,1325.78,"wave_coverage_differs"
"G4950395",1870,1870,"Morgan, Utah Territory","Morgan","Utah Territory","495","Morgan","0395",1972,1870,4,"total religious edifices from NHGIS table NT44 (AK8001)",2000,101.4199,20.284,20000,,,1581.93,"wave_coverage_differs"
"G5400650",1870,1870,"Morgan, West Virginia","Morgan","West Virginia","540","Morgan","0650",4315,1870,14,"total religious edifices from NHGIS table NT44 (AK8001)",3900,90.3824,32.445,15750,,,594.7,"wave_coverage_differs"
"G2001270",1870,1870,"Morris, Kansas","Morris","Kansas","200","Morris","1270",2225,1870,1,"total religious edifices from NHGIS table NT44 (AK8001)",300,13.4831,4.4944,4000,,,1820.47,"wave_coverage_differs"
"G3400270",1870,1870,"Morris, New Jersey","Morris","New Jersey","340","Morris","0270",43137,1870,75,"total religious edifices from NHGIS table NT44 (AK8001)",31750,73.6027,17.3865,743100,,,1246.63,"wave_coverage_differs"
"G2700970",1870,1870,"Morrison, Minnesota","Morrison","Minnesota","270","Morrison","0970",1681,1870,4,"total religious edifices from NHGIS table NT44 (AK8001)",800,47.5907,23.7954,2000,,,2987.4,"wave_coverage_differs"
"G3901170",1870,1870,"Morrow, Ohio","Morrow","Ohio","390","Morrow","1170",18583,1870,62,"total religious edifices from NHGIS table NT44 (AK8001)",17300,93.0958,33.3638,171500,,,1054.7,"wave_coverage_differs"
"G1701390",1870,1870,"Moultrie, Illinois","Moultrie","Illinois","170","Moultrie","1390",10385,1870,19,"total religious edifices from NHGIS table NT44 (AK8001)",8900,85.7005,18.2956,28100,,,892.17,"wave_coverage_differs"
"G2700990",1870,1870,"Mower, Minnesota","Mower","Minnesota","270","Mower","0990",10447,1870,18,"total religious edifices from NHGIS table NT44 (AK8001)",4400,42.1174,17.2298,52000,,,1842.95,"wave_coverage_differs"
"G2101770",1870,1870,"Muhlenberg, Kentucky","Muhlenberg","Kentucky","210","Muhlenberg","1770",12638,1870,33,"total religious edifices from NHGIS table NT44 (AK8001)",4700,37.1894,26.1117,44200,,,1226.89,"wave_coverage_differs"
"G4100510",1870,1870,"Multnomah, Oregon","Multnomah","Oregon","410","Multnomah","0510",11510,1870,15,"total religious edifices from NHGIS table NT44 (AK8001)",5250,45.6125,13.0321,256500,,,1205.86,"wave_coverage_differs"
"G1302130",1870,1870,"Murray, Georgia","Murray","Georgia","130","Murray","2130",6500,1870,20,"total religious edifices from NHGIS table NT44 (AK8001)",5900,90.7692,30.7692,9750,,,902.01,"wave_coverage_differs"
"G2701010",1870,1870,"Murray, Minnesota","Murray","Minnesota","270","Murray","1010",209,1870,,"total religious edifices from NHGIS table NT44 (AK8001)",,,,,,,1863.5,"wave_coverage_differs"
"G1901390",1870,1870,"Muscatine, Iowa","Muscatine","Iowa","190","Muscatine","1390",21688,1870,39,"total religious edifices from NHGIS table NT44 (AK8001)",11295,52.0795,17.9823,178000,,,1163.24,"wave_coverage_differs"
"G1302150",1870,1870,"Muscogee, Georgia","Muscogee","Georgia","130","Muscogee","2150",16663,1870,25,"total religious edifices from NHGIS table NT44 (AK8001)",10225,61.3635,15.0033,90600,,,572.4,"wave_coverage_differs"
"G2601210",1870,1870,"Muskegon, Michigan","Muskegon","Michigan","260","Muskegon","1210",14894,1870,11,"total religious edifices from NHGIS table NT44 (AK8001)",4100,27.5279,7.3855,50000,,,1366.29,"wave_coverage_differs"
"G3901190",1870,1870,"Muskingum, Ohio","Muskingum","Ohio","390","Muskingum","1190",44886,1870,133,"total religious edifices from NHGIS table NT44 (AK8001)",41150,91.6767,29.6306,408465,,,1741.99,"wave_coverage_differs"
"G4803470",1870,1870,"Nacogdoches, Texas","Nacogdoches","Texas","480","Nacogdoches","3470",9614,1870,5,"total religious edifices from NHGIS table NT44 (AK8001)",1800,18.7227,5.2007,6900,,,2561.87,"wave_coverage_differs"
"G5101230",1870,1870,"Nansemond, Virginia","Nansemond","Virginia","510","Nansemond","1230",11576,1870,27,"total religious edifices from NHGIS table NT44 (AK8001)",8025,69.3245,23.3241,34550,,,1061.9,"wave_coverage_differs"
"G2500190",1870,1870,"Nantucket, Massachusetts","Nantucket","Massachusetts","250","Nantucket","0190",4123,1870,9,"total religious edifices from NHGIS table NT44 (AK8001)",4020,97.5018,21.8288,28200,,,127.98,"wave_coverage_differs"
"G0600550",1870,1870,"Napa, California","Napa","California","060","Napa","0550",7163,1870,12,"total religious edifices from NHGIS table NT44 (AK8001)",3600,50.2583,16.7528,38100,,,1825.39,"wave_coverage_differs"
"G3701270",1870,1870,"Nash, North Carolina","Nash","North Carolina","370","Nash","1270",11077,1870,19,"total religious edifices from NHGIS table NT44 (AK8001)",5950,53.7149,17.1527,8000,,,1361.76,"wave_coverage_differs"
"G1200890",1870,1870,"Nassau, Florida","Nassau","Florida","120","Nassau","0890",4247,1870,8,"total religious edifices from NHGIS table NT44 (AK8001)",1750,41.2056,18.8368,14200,,,1674.95,"wave_coverage_differs"
"G2200690",1870,1870,"Natchitoches, Louisiana","Natchitoches","Louisiana","220","Natchitoches","0690",18265,1870,9,"total religious edifices from NHGIS table NT44 (AK8001)",1900,10.4024,4.9275,42100,,,4277.34,"wave_coverage_differs"
"G4803490",1870,1870,"Navarro, Texas","Navarro","Texas","480","Navarro","3490",8879,1870,3,"total religious edifices from NHGIS table NT44 (AK8001)",900,10.1363,3.3788,1500,,,2812.59,"wave_coverage_differs"
"G2101790",1870,1870,"Nelson, Kentucky","Nelson","Kentucky","210","Nelson","1790",14804,1870,43,"total religious edifices from NHGIS table NT44 (AK8001)",16450,111.1186,29.0462,677000,,,1098.35,"wave_coverage_differs"
"G5101250",1870,1870,"Nelson, Virginia","Nelson","Virginia","510","Nelson","1250",13898,1870,27,"total religious edifices from NHGIS table NT44 (AK8001)",6120,44.0351,19.4273,22750,,,1228.45,"wave_coverage_differs"
"G2001310",1870,1870,"Nemaha, Kansas","Nemaha","Kansas","200","Nemaha","1310",7339,1870,1,"total religious edifices from NHGIS table NT44 (AK8001)",200,2.7252,1.3626,1500,,,1863.33,"wave_coverage_differs"
"G3101270",1870,1870,"Nemaha, Nebraska","Nemaha","Nebraska","310","Nemaha","1270",7593,1870,4,"total religious edifices from NHGIS table NT44 (AK8001)",1150,15.1455,5.268,9000,,,1067.72,"wave_coverage_differs"
"G2001330",1870,1870,"Neosho, Kansas","Neosho","Kansas","200","Neosho","1330",10206,1870,6,"total religious edifices from NHGIS table NT44 (AK8001)",1300,12.7376,5.8789,20000,,,1496.48,"wave_coverage_differs"
"G2800990",1870,1870,"Neshoba, Mississippi","Neshoba","Mississippi","280","Neshoba","0990",7439,1870,32,"total religious edifices from NHGIS table NT44 (AK8001)",7250,97.4593,43.0165,5900,,,1483.08,"wave_coverage_differs"
"G2001350",1870,1870,"Ness, Kansas","Ness","Kansas","200","Ness","1350",2,1870,0,"total religious edifices from NHGIS table NT44 (AK8001)",0,0,0,0,,,2317.77,"wave_coverage_differs"
"G0600570",1870,1870,"Nevada, California","Nevada","California","060","Nevada","0570",19134,1870,16,"total religious edifices from NHGIS table NT44 (AK8001)",7000,36.5841,8.3621,60900,,,2522.61,"wave_coverage_differs"
"G1000030",1870,1870,"New Castle, Delaware","New Castle","Delaware","100","New Castle","0030",63515,1870,93,"total religious edifices from NHGIS table NT44 (AK8001)",44150,69.5111,14.6422,1525400,,,1121.83,"wave_coverage_differs"
"G3701290",1870,1870,"New Hanover, North Carolina","New Hanover","North Carolina","370","New Hanover","1290",27978,1870,27,"total religious edifices from NHGIS table NT44 (AK8001)",10875,38.8698,9.6504,399100,,,2966.47,"wave_coverage_differs"
"G0900090",1870,1870,"New Haven, Connecticut","New Haven","Connecticut","090","New Haven","0090",121257,1870,146,"total religious edifices from NHGIS table NT44 (AK8001)",74423,61.3763,12.0405,3549985,,,1601.53,"wave_coverage_differs"
"G5101270",1870,1870,"New Kent, Virginia","New Kent","Virginia","510","New Kent","1270",4381,1870,19,"total religious edifices from NHGIS table NT44 (AK8001)",3835,87.5371,43.3691,10175,,,567.73,"wave_coverage_differs"
"G0900110",1870,1870,"New London, Connecticut","New London","Connecticut","090","New London","0110",66570,1870,116,"total religious edifices from NHGIS table NT44 (AK8001)",41640,62.5507,17.4253,1470500,,,1688.58,"wave_coverage_differs"
"G2901430",1870,1870,"New Madrid, Missouri","New Madrid","Missouri","290","New Madrid","1430",6357,1870,11,"total religious edifices from NHGIS table NT44 (AK8001)",3950,62.1362,17.3038,14300,,,1805.39,"wave_coverage_differs"
"G3600610",1870,1870,"New York, New York","New York","New York","360","New York","0610",942292,1870,347,"total religious edifices from NHGIS table NT44 (AK8001)",290050,30.7813,3.6825,15963500,,,59.62,"wave_coverage_differs"
"G2601230",1870,1870,"Newaygo, Michigan","Newaygo","Michigan","260","Newaygo","1230",7294,1870,3,"total religious edifices from NHGIS table NT44 (AK8001)",500,6.8549,4.113,10500,,,2231.72,"wave_coverage_differs"
"G4500710",1870,1870,"Newberry, South Carolina","Newberry","South Carolina","450","Newberry","0710",20775,1870,45,"total religious edifices from NHGIS table NT44 (AK8001)",15350,73.8869,21.6606,64750,,,1593.3,"wave_coverage_differs"
"G4400050",1870,1870,"Newport, Rhode Island","Newport","Rhode Island","440","Newport","0050",20050,1870,48,"total religious edifices from NHGIS table NT44 (AK8001)",17399,86.7781,23.9401,351400,,,306.78,"wave_coverage_differs"
"G0501010",1870,1870,"Newton, Arkansas","Newton","Arkansas","050","Newton","1010",4374,1870,,"total religious edifices from NHGIS table NT44 (AK8001)",,,,,,,2165.81,"wave_coverage_differs"
"G1302170",1870,1870,"Newton, Georgia","Newton","Georgia","130","Newton","2170",14615,1870,37,"total religious edifices from NHGIS table NT44 (AK8001)",12600,86.2128,25.3165,40450,,,985.88,"wave_coverage_differs"
"G1801110",1870,1870,"Newton, Indiana","Newton","Indiana","180","Newton","1110",5829,1870,7,"total religious edifices from NHGIS table NT44 (AK8001)",2100,36.0268,12.0089,16700,,,1044.94,"wave_coverage_differs"
"G2801010",1870,1870,"Newton, Mississippi","Newton","Mississippi","280","Newton","1010",10067,1870,14,"total religious edifices from NHGIS table NT44 (AK8001)",4000,39.7338,13.9068,7500,,,1501.16,"wave_coverage_differs"
"G2901450",1870,1870,"Newton, Missouri","Newton","Missouri","290","Newton","1450",12821,1870,6,"total religious edifices from NHGIS table NT44 (AK8001)",1550,12.0895,4.6798,10700,,,1773.57,"wave_coverage_differs"
"G4803510",1870,1870,"Newton, Texas","Newton","Texas","480","Newton","3510",2187,1870,5,"total religious edifices from NHGIS table NT44 (AK8001)",900,41.1523,22.8624,1600,,,2433.9,"wave_coverage_differs"
"G1650175",1870,1870,"Nez Perce, Idaho Territory","Nez Perce","Idaho Territory","165","Nez Perce","0175",1607,1870,1,"total religious edifices from NHGIS table NT44 (AK8001)",100,6.2228,6.2228,1000,,,34613,"wave_coverage_differs"
"G3600630",1870,1870,"Niagara, New York","Niagara","New York","360","Niagara","0630",50437,1870,60,"total religious edifices from NHGIS table NT44 (AK8001)",24550,48.6746,11.896,421200,,,1355.45,"wave_coverage_differs"
"G2101810",1870,1870,"Nicholas, Kentucky","Nicholas","Kentucky","210","Nicholas","1810",9129,1870,20,"total religious edifices from NHGIS table NT44 (AK8001)",6100,66.82,21.9082,60500,,,509.96,"wave_coverage_differs"
"G5400670",1870,1870,"Nicholas, West Virginia","Nicholas","West Virginia","540","Nicholas","0670",4458,1870,11,"total religious edifices from NHGIS table NT44 (AK8001)",2950,66.1732,24.6747,6000,,,1745.97,"wave_coverage_differs"
"G2701030",1870,1870,"Nicollet, Minnesota","Nicollet","Minnesota","270","Nicollet","1030",8362,1870,20,"total religious edifices from NHGIS table NT44 (AK8001)",5850,69.9593,23.9177,41000,,,1208.79,"wave_coverage_differs"
"G1801130",1870,1870,"Noble, Indiana","Noble","Indiana","180","Noble","1130",20389,1870,14,"total religious edifices from NHGIS table NT44 (AK8001)",5300,25.9944,6.8664,48000,,,1081.47,"wave_coverage_differs"
"G3901210",1870,1870,"Noble, Ohio","Noble","Ohio","390","Noble","1210",19949,1870,57,"total religious edifices from NHGIS table NT44 (AK8001)",16850,84.4654,28.5729,69250,,,1047.83,"wave_coverage_differs"
"G2701050",1870,1870,"Nobles, Minnesota","Nobles","Minnesota","270","Nobles","1050",117,1870,,"total religious edifices from NHGIS table NT44 (AK8001)",,,,,,,1871.42,"wave_coverage_differs"
"G2901470",1870,1870,"Nodaway, Missouri","Nodaway","Missouri","290","Nodaway","1470",14751,1870,8,"total religious edifices from NHGIS table NT44 (AK8001)",3700,25.083,5.4234,22800,,,2273.71,"wave_coverage_differs"
"G2500210",1870,1870,"Norfolk, Massachusetts","Norfolk","Massachusetts","250","Norfolk","0210",89443,1870,124,"total religious edifices from NHGIS table NT44 (AK8001)",60990,68.1887,13.8636,1222535,,,1077.76,"wave_coverage_differs"
"G5101290",1870,1870,"Norfolk, Virginia","Norfolk","Virginia","510","Norfolk","1290",46702,1870,60,"total religious edifices from NHGIS table NT44 (AK8001)",29150,62.417,12.8474,617450,,,1102.41,"wave_coverage_differs"
"G3701310",1870,1870,"Northampton, North Carolina","Northampton","North Carolina","370","Northampton","1310",14749,1870,15,"total religious edifices from NHGIS table NT44 (AK8001)",6750,45.7658,10.1702,26500,,,1426.06,"wave_coverage_differs"
"G4200950",1870,1870,"Northampton, Pennsylvania","Northampton","Pennsylvania","420","Northampton","0950",61432,1870,103,"total religious edifices from NHGIS table NT44 (AK8001)",40350,65.6824,16.7665,817300,,,977.62,"wave_coverage_differs"
"G5101310",1870,1870,"Northampton, Virginia","Northampton","Virginia","510","Northampton","1310",8046,1870,18,"total religious edifices from NHGIS table NT44 (AK8001)",5400,67.1141,22.3714,19000,,,558.17,"wave_coverage_differs"
"G4200970",1870,1870,"Northumberland, Pennsylvania","Northumberland","Pennsylvania","420","Northumberland","0970",41444,1870,94,"total religious edifices from NHGIS table NT44 (AK8001)",37085,89.4822,22.6812,550500,,,1237.27,"wave_coverage_differs"
"G5101330",1870,1870,"Northumberland, Virginia","Northumberland","Virginia","510","Northumberland","1330",6863,1870,15,"total religious edifices from NHGIS table NT44 (AK8001)",3200,46.6268,21.8563,35000,,,502.64,"wave_coverage_differs"
"G5101350",1870,1870,"Nottoway, Virginia","Nottoway","Virginia","510","Nottoway","1350",9291,1870,15,"total religious edifices from NHGIS table NT44 (AK8001)",2800,30.1367,16.1447,15500,,,818.57,"wave_coverage_differs"
"G2801030",1870,1870,"Noxubee, Mississippi","Noxubee","Mississippi","280","Noxubee","1030",20905,1870,33,"total religious edifices from NHGIS table NT44 (AK8001)",17398,83.2241,15.7857,108500,,,1812.76,"wave_coverage_differs"
"G3101290",1870,1870,"Nuckolls, Nebraska","Nuckolls","Nebraska","310","Nuckolls","1290",8,1870,,"total religious edifices from NHGIS table NT44 (AK8001)",,,,,,,1491.36,"wave_coverage_differs"
"G4803550",1870,1870,"Nueces, Texas","Nueces","Texas","480","Nueces","3550",3975,1870,3,"total religious edifices from NHGIS table NT44 (AK8001)",1600,40.2516,7.5472,19500,,,6210.45,"wave_coverage_differs"
"G3200230",1870,1870,"Nye, Nevada","Nye","Nevada","320","Nye","0230",1087,1870,,"total religious edifices from NHGIS table NT44 (AK8001)",,,,,,,61379.73,"wave_coverage_differs"
"G1901410",1870,1870,"O Brien, Iowa","O Brien","Iowa","190","O Brien","1410",715,1870,,"total religious edifices from NHGIS table NT44 (AK8001)",,,,,,,1484.6,"wave_coverage_differs"
"G2601250",1870,1870,"Oakland, Michigan","Oakland","Michigan","260","Oakland","1250",40867,1870,63,"total religious edifices from NHGIS table NT44 (AK8001)",19440,47.5689,15.4159,249100,,,2349.74,"wave_coverage_differs"
"G4701310",1870,1870,"Obion, Tennessee","Obion","Tennessee","470","Obion","1310",15584,1870,52,"total religious edifices from NHGIS table NT44 (AK8001)",20260,130.0051,33.3676,41700,,,1438.87,"wave_coverage_differs"
"G3400290",1870,1870,"Ocean, New Jersey","Ocean","New Jersey","340","Ocean","0290",13628,1870,25,"total religious edifices from NHGIS table NT44 (AK8001)",7300,53.5662,18.3446,96600,,,1548.29,"wave_coverage_differs"
"G2601270",1870,1870,"Oceana, Michigan","Oceana","Michigan","260","Oceana","1270",7222,1870,10,"total religious edifices from NHGIS table NT44 (AK8001)",2400,33.2318,13.8466,10000,,,1414.35,"wave_coverage_differs"
"G4500730",1870,1870,"Oconee, South Carolina","Oconee","South Carolina","450","Oconee","0730",10536,1870,36,"total religious edifices from NHGIS table NT44 (AK8001)",10800,102.5057,34.1686,37200,,,1764.64,"wave_coverage_differs"
"G5500830",1870,1870,"Oconto, Wisconsin","Oconto","Wisconsin","550","Oconto","0830",8321,1870,9,"total religious edifices from NHGIS table NT44 (AK8001)",1850,22.2329,10.816,20500,,,12667.92,"wave_coverage_differs"
"G2601290",1870,1870,"Ogemaw, Michigan","Ogemaw","Michigan","260","Ogemaw","1290",12,1870,,"total religious edifices from NHGIS table NT44 (AK8001)",,,,,,,1489.1,"wave_coverage_differs"
"G1701410",1870,1870,"Ogle, Illinois","Ogle","Illinois","170","Ogle","1410",27492,1870,27,"total religious edifices from NHGIS table NT44 (AK8001)",8745,31.8093,9.821,127800,,,1976.38,"wave_coverage_differs"
"G1302210",1870,1870,"Oglethorpe, Georgia","Oglethorpe","Georgia","130","Oglethorpe","2210",11782,1870,23,"total religious edifices from NHGIS table NT44 (AK8001)",8800,74.6902,19.5213,34500,,,1144.68,"wave_coverage_differs"
"G1801150",1870,1870,"Ohio, Indiana","Ohio","Indiana","180","Ohio","1150",5837,1870,16,"total religious edifices from NHGIS table NT44 (AK8001)",4975,85.2321,27.4113,37500,,,226.28,"wave_coverage_differs"
"G2101830",1870,1870,"Ohio, Kentucky","Ohio","Kentucky","210","Ohio","1830",15561,1870,38,"total religious edifices from NHGIS table NT44 (AK8001)",12600,80.9717,24.42,42000,,,1574.82,"wave_coverage_differs"
"G5400690",1870,1870,"Ohio, West Virginia","Ohio","West Virginia","540","Ohio","0690",28831,1870,36,"total religious edifices from NHGIS table NT44 (AK8001)",16750,58.0972,12.4866,476000,,,282.39,"wave_coverage_differs"
"G2801050",1870,1870,"Oktibbeha, Mississippi","Oktibbeha","Mississippi","280","Oktibbeha","1050",14891,1870,39,"total religious edifices from NHGIS table NT44 (AK8001)",9850,66.1473,26.1903,53800,,,1663.57,"wave_coverage_differs"
"G2101850",1870,1870,"Oldham, Kentucky","Oldham","Kentucky","210","Oldham","1850",9027,1870,24,"total religious edifices from NHGIS table NT44 (AK8001)",16700,185.0006,26.5869,48500,,,508.47,"wave_coverage_differs"
"G2701090",1870,1870,"Olmsted, Minnesota","Olmsted","Minnesota","270","Olmsted","1090",19793,1870,26,"total religious edifices from NHGIS table NT44 (AK8001)",8550,43.1971,13.136,90000,,,1695.91,"wave_coverage_differs"
"G1650195",1870,1870,"Oneida, Idaho Territory","Oneida","Idaho Territory","165","Oneida","0195",1922,1870,2,"total religious edifices from NHGIS table NT44 (AK8001)",800,41.6233,10.4058,1200,,,32691.66,"wave_coverage_differs"
"G3600650",1870,1870,"Oneida, New York","Oneida","New York","360","Oneida","0650",110008,1870,196,"total religious edifices from NHGIS table NT44 (AK8001)",69146,62.8554,17.8169,931750,,,3256.3,"wave_coverage_differs"
"G3600670",1870,1870,"Onondaga, New York","Onondaga","New York","360","Onondaga","0670",104183,1870,116,"total religious edifices from NHGIS table NT44 (AK8001)",41305,39.6466,11.1343,1026300,,,2086.54,"wave_coverage_differs"
"G3701330",1870,1870,"Onslow, North Carolina","Onslow","North Carolina","370","Onslow","1330",7569,1870,15,"total religious edifices from NHGIS table NT44 (AK8001)",4500,59.453,19.8177,6100,,,1985.35,"wave_coverage_differs"
"G3600690",1870,1870,"Ontario, New York","Ontario","New York","360","Ontario","0690",45108,1870,75,"total religious edifices from NHGIS table NT44 (AK8001)",30440,67.4825,16.6268,753100,,,1715.52,"wave_coverage_differs"
"G2601310",1870,1870,"Ontonagon, Michigan","Ontonagon","Michigan","260","Ontonagon","1310",2845,1870,6,"total religious edifices from NHGIS table NT44 (AK8001)",1650,57.9965,21.0896,28000,,,6402.61,"wave_coverage_differs"
"G1200950",1870,1870,"Orange, Florida","Orange","Florida","120","Orange","0950",2195,1870,0,"total religious edifices from NHGIS table NT44 (AK8001)",0,0,0,0,,,6665.96,"wave_coverage_differs"
"G1801170",1870,1870,"Orange, Indiana","Orange","Indiana","180","Orange","1170",13497,1870,26,"total religious edifices from NHGIS table NT44 (AK8001)",6700,49.6407,19.2635,45500,,,1057.21,"wave_coverage_differs"
"G3600710",1870,1870,"Orange, New York","Orange","New York","360","Orange","0710",80902,1870,147,"total religious edifices from NHGIS table NT44 (AK8001)",58795,72.6743,18.1701,2050900,,,2172.1,"wave_coverage_differs"
"G3701350",1870,1870,"Orange, North Carolina","Orange","North Carolina","370","Orange","1350",17507,1870,48,"total religious edifices from NHGIS table NT44 (AK8001)",9750,55.692,27.4176,38150,,,1588.13,"wave_coverage_differs"
"G4803610",1870,1870,"Orange, Texas","Orange","Texas","480","Orange","3610",1255,1870,1,"total religious edifices from NHGIS table NT44 (AK8001)",200,15.9363,7.9681,300,,,945.77,"wave_coverage_differs"
"G5000170",1870,1870,"Orange, Vermont","Orange","Vermont","500","Orange","0170",23090,1870,58,"total religious edifices from NHGIS table NT44 (AK8001)",19210,83.1962,25.1191,193280,,,1793.12,"wave_coverage_differs"
"G5101370",1870,1870,"Orange, Virginia","Orange","Virginia","510","Orange","1370",10396,1870,25,"total religious edifices from NHGIS table NT44 (AK8001)",5000,48.0954,24.0477,27000,,,889.05,"wave_coverage_differs"
"G4500750",1870,1870,"Orangeburg, South Carolina","Orangeburg","South Carolina","450","Orangeburg","0750",16865,1870,54,"total religious edifices from NHGIS table NT44 (AK8001)",18150,107.6193,32.019,29500,,,3774.78,"wave_coverage_differs"
"G2901490",1870,1870,"Oregon, Missouri","Oregon","Missouri","290","Oregon","1490",3287,1870,12,"total religious edifices from NHGIS table NT44 (AK8001)",2350,71.4938,36.5075,15300,,,2050.1,"wave_coverage_differs"
"G2200710",1870,1870,"Orleans, Louisiana","Orleans","Louisiana","220","Orleans","0710",191418,1870,84,"total religious edifices from NHGIS table NT44 (AK8001)",74480,38.9096,4.3883,3058500,,,619.75,"wave_coverage_differs"
"G3600730",1870,1870,"Orleans, New York","Orleans","New York","360","Orleans","0730",27689,1870,62,"total religious edifices from NHGIS table NT44 (AK8001)",22105,79.8331,22.3916,361350,,,1017.49,"wave_coverage_differs"
"G5000190",1870,1870,"Orleans, Vermont","Orleans","Vermont","500","Orleans","0190",21035,1870,58,"total religious edifices from NHGIS table NT44 (AK8001)",20050,95.3173,27.5731,162200,,,1867.75,"wave_coverage_differs"
"G3200250",1870,1870,"Ormsby, Nevada","Ormsby","Nevada","320","Ormsby","0250",3668,1870,4,"total religious edifices from NHGIS table NT44 (AK8001)",1200,32.7154,10.9051,30000,,,407.25,"wave_coverage_differs"
"G2001390",1870,1870,"Osage, Kansas","Osage","Kansas","200","Osage","1390",7648,1870,4,"total religious edifices from NHGIS table NT44 (AK8001)",1200,15.6904,5.2301,13800,,,1864.42,"wave_coverage_differs"
"G2901510",1870,1870,"Osage, Missouri","Osage","Missouri","290","Osage","1510",10793,1870,14,"total religious edifices from NHGIS table NT44 (AK8001)",3260,30.2048,12.9714,51200,,,1588.82,"wave_coverage_differs"
"G2001410",1870,1870,"Osborne, Kansas","Osborne","Kansas","200","Osborne","1410",33,1870,0,"total religious edifices from NHGIS table NT44 (AK8001)",0,0,0,0,,,2316.38,"wave_coverage_differs"
"G1901430",1870,1870,"Osceola, Iowa","Osceola","Iowa","190","Osceola","1430",,1870,,"total religious edifices from NHGIS table NT44 (AK8001)",,,,,,,1034.42,"wave_coverage_differs"
"G2601330",1870,1870,"Osceola, Michigan","Osceola","Michigan","260","Osceola","1330",2093,1870,2,"total religious edifices from NHGIS table NT44 (AK8001)",350,16.7224,9.5557,3500,,,1484.3,"wave_coverage_differs"
"G2601350",1870,1870,"Oscoda, Michigan","Oscoda","Michigan","260","Oscoda","1350",70,1870,,"total religious edifices from NHGIS table NT44 (AK8001)",,,,,,,1480.44,"wave_coverage_differs"
"G3600750",1870,1870,"Oswego, New York","Oswego","New York","360","Oswego","0750",77941,1870,76,"total religious edifices from NHGIS table NT44 (AK8001)",25350,32.5246,9.751,504300,,,2628.17,"wave_coverage_differs"
"G3101310",1870,1870,"Otoe, Nebraska","Otoe","Nebraska","310","Otoe","1310",12345,1870,10,"total religious edifices from NHGIS table NT44 (AK8001)",2825,22.8838,8.1004,23900,,,1603.25,"wave_coverage_differs"
"G2601370",1870,1870,"Otsego, Michigan","Otsego","Michigan","260","Otsego","1370",,1870,,"total religious edifices from NHGIS table NT44 (AK8001)",,,,,,,1362.96,"wave_coverage_differs"
"G3600770",1870,1870,"Otsego, New York","Otsego","New York","360","Otsego","0770",48967,1870,117,"total religious edifices from NHGIS table NT44 (AK8001)",42535,86.8646,23.8936,359300,,,2629.27,"wave_coverage_differs"
"G2001430",1870,1870,"Ottawa, Kansas","Ottawa","Kansas","200","Ottawa","1430",2127,1870,0,"total religious edifices from NHGIS table NT44 (AK8001)",0,0,0,0,,,1868.26,"wave_coverage_differs"
"G2601390",1870,1870,"Ottawa, Michigan","Ottawa","Michigan","260","Ottawa","1390",26651,1870,38,"total religious edifices from NHGIS table NT44 (AK8001)",10691,40.1148,14.2584,147850,,,1494.61,"wave_coverage_differs"
"G3901230",1870,1870,"Ottawa, Ohio","Ottawa","Ohio","390","Ottawa","1230",13364,1870,27,"total religious edifices from NHGIS table NT44 (AK8001)",7050,52.7537,20.2035,34000,,,688.47,"wave_coverage_differs"
"G2701110",1870,1870,"Otter Tail, Minnesota","Otter Tail","Minnesota","270","Otter Tail","1110",1968,1870,,"total religious edifices from NHGIS table NT44 (AK8001)",,,,,,,5192.51,"wave_coverage_differs"
"G0501030",1870,1870,"Ouachita, Arkansas","Ouachita","Arkansas","050","Ouachita","1030",12975,1870,37,"total religious edifices from NHGIS table NT44 (AK8001)",10250,78.9981,28.5164,18000,,,2593.6,"wave_coverage_differs"
"G2200730",1870,1870,"Ouachita, Louisiana","Ouachita","Louisiana","220","Ouachita","0730",11582,1870,8,"total religious edifices from NHGIS table NT44 (AK8001)",2825,24.3913,6.9073,15775,,,1638.58,"wave_coverage_differs"
"G5500870",1870,1870,"Outagamie, Wisconsin","Outagamie","Wisconsin","550","Outagamie","0870",18430,1870,26,"total religious edifices from NHGIS table NT44 (AK8001)",8795,47.7211,14.1074,92300,,,1669.36,"wave_coverage_differs"
"G4701330",1870,1870,"Overton, Tennessee","Overton","Tennessee","470","Overton","1330",11297,1870,34,"total religious edifices from NHGIS table NT44 (AK8001)",9750,86.3061,30.0965,6830,,,1590.71,"wave_coverage_differs"
"G1801190",1870,1870,"Owen, Indiana","Owen","Indiana","180","Owen","1190",16137,1870,30,"total religious edifices from NHGIS table NT44 (AK8001)",8300,51.4346,18.5908,54200,,,1004.45,"wave_coverage_differs"
"G2101870",1870,1870,"Owen, Kentucky","Owen","Kentucky","210","Owen","1870",14309,1870,21,"total religious edifices from NHGIS table NT44 (AK8001)",11100,77.5736,14.6761,24300,,,942.9,"wave_coverage_differs"
"G2101890",1870,1870,"Owsley, Kentucky","Owsley","Kentucky","210","Owsley","1890",3889,1870,2,"total religious edifices from NHGIS table NT44 (AK8001)",800,20.5708,5.1427,1400,,,513.75,"wave_coverage_differs"
"G1650215",1870,1870,"Owyhee, Idaho Territory","Owyhee","Idaho Territory","165","Owyhee","0215",1713,1870,1,"total religious edifices from NHGIS table NT44 (AK8001)",200,11.6754,5.8377,5000,,,32346.44,"wave_coverage_differs"
"G2300170",1870,1870,"Oxford, Maine","Oxford","Maine","230","Oxford","0170",33488,1870,77,"total religious edifices from NHGIS table NT44 (AK8001)",21585,64.4559,22.9933,180100,,,5519.04,"wave_coverage_differs"
"G2901530",1870,1870,"Ozark, Missouri","Ozark","Missouri","290","Ozark","1530",3363,1870,15,"total religious edifices from NHGIS table NT44 (AK8001)",875,26.0184,44.603,1200,,,2379.96,"wave_coverage_differs"
"G5500890",1870,1870,"Ozaukee, Wisconsin","Ozaukee","Wisconsin","550","Ozaukee","0890",15564,1870,24,"total religious edifices from NHGIS table NT44 (AK8001)",6950,44.6543,15.4202,111900,,,609.55,"wave_coverage_differs"
"G5350255",1870,1870,"Pacific, Washington Territory","Pacific","Washington Territory","535","Pacific","0255",738,1870,,"total religious edifices from NHGIS table NT44 (AK8001)",,,,,,,2213.39,"wave_coverage_differs"
"G1901450",1870,1870,"Page, Iowa","Page","Iowa","190","Page","1450",9975,1870,7,"total religious edifices from NHGIS table NT44 (AK8001)",2300,23.0576,7.0175,29200,,,1386.85,"wave_coverage_differs"
"G5101390",1870,1870,"Page, Virginia","Page","Virginia","510","Page","1390",8462,1870,33,"total religious edifices from NHGIS table NT44 (AK8001)",9350,110.494,38.9979,23700,,,813.45,"wave_coverage_differs"
"G0450177",1870,1870,"Pah-Ute, Arizona Territory","Pah-Ute","Arizona Territory","045","Pah-Ute","0177",,1870,,"total religious edifices from NHGIS table NT44 (AK8001)",,,,,,,34189.26,"wave_coverage_differs"
"G1901470",1870,1870,"Palo Alto, Iowa","Palo Alto","Iowa","190","Palo Alto","1470",1336,1870,,"total religious edifices from NHGIS table NT44 (AK8001)",,,,,,,1474.83,"wave_coverage_differs"
"G4803630",1870,1870,"Palo Pinto, Texas","Palo Pinto","Texas","480","Palo Pinto","3630",,1870,,"total religious edifices from NHGIS table NT44 (AK8001)",,,,,,,2552.46,"wave_coverage_differs"
"G2801070",1870,1870,"Panola, Mississippi","Panola","Mississippi","280","Panola","1070",20754,1870,38,"total religious edifices from NHGIS table NT44 (AK8001)",9825,47.3403,18.3097,42850,,,1948.03,"wave_coverage_differs"
"G4803650",1870,1870,"Panola, Texas","Panola","Texas","480","Panola","3650",10119,1870,27,"total religious edifices from NHGIS table NT44 (AK8001)",5400,53.365,26.6825,4100,,,2127.19,"wave_coverage_differs"
"G0850335",1870,1870,"Park, Colorado Territory","Park","Colorado Territory","085","Park","0335",447,1870,1,"total religious edifices from NHGIS table NT44 (AK8001)",140,31.3199,22.3714,1200,,,5642.46,"wave_coverage_differs"
"G1801210",1870,1870,"Parke, Indiana","Parke","Indiana","180","Parke","1210",18166,1870,49,"total religious edifices from NHGIS table NT44 (AK8001)",19100,105.1415,26.9735,97900,,,1165.46,"wave_coverage_differs"
"G4803670",1870,1870,"Parker, Texas","Parker","Texas","480","Parker","3670",4186,1870,3,"total religious edifices from NHGIS table NT44 (AK8001)",650,15.528,7.1667,1800,,,2357.14,"wave_coverage_differs"
"G3701390",1870,1870,"Pasquotank, North Carolina","Pasquotank","North Carolina","370","Pasquotank","1390",8131,1870,20,"total religious edifices from NHGIS table NT44 (AK8001)",9600,118.0667,24.5972,58000,,,590.03,"wave_coverage_differs"
"G3400310",1870,1870,"Passaic, New Jersey","Passaic","New Jersey","340","Passaic","0310",46416,1870,57,"total religious edifices from NHGIS table NT44 (AK8001)",24780,53.3868,12.2802,1176875,,,510.5,"wave_coverage_differs"
"G5101410",1870,1870,"Patrick, Virginia","Patrick","Virginia","510","Patrick","1410",10161,1870,20,"total religious edifices from NHGIS table NT44 (AK8001)",974,9.5857,19.6831,6025,,,1258.36,"wave_coverage_differs"
"G1302230",1870,1870,"Paulding, Georgia","Paulding","Georgia","130","Paulding","2230",7639,1870,38,"total religious edifices from NHGIS table NT44 (AK8001)",7600,99.4895,49.7447,11600,,,813.96,"wave_coverage_differs"
"G3901250",1870,1870,"Paulding, Ohio","Paulding","Ohio","390","Paulding","1250",8544,1870,11,"total religious edifices from NHGIS table NT44 (AK8001)",2950,34.5272,12.8745,15200,,,1084.81,"wave_coverage_differs"
"G2001450",1870,1870,"Pawnee, Kansas","Pawnee","Kansas","200","Pawnee","1450",179,1870,0,"total religious edifices from NHGIS table NT44 (AK8001)",0,0,0,0,,,2328.06,"wave_coverage_differs"
"G3101330",1870,1870,"Pawnee, Nebraska","Pawnee","Nebraska","310","Pawnee","1330",4171,1870,2,"total religious edifices from NHGIS table NT44 (AK8001)",1000,23.9751,4.795,11000,,,1121.33,"wave_coverage_differs"
"G3109015",1870,1870,"Pawnee Reservation, Nebraska","Pawnee Reservation","Nebraska","310","Pawnee Reservation","9015",44,1870,,"total religious edifices from NHGIS table NT44 (AK8001)",,,,,,,1146,"wave_coverage_differs"
"G0951275",1870,1870,"Pembina, Dakota Territory","Pembina","Dakota Territory","095","Pembina","1275",1213,1870,2,"total religious edifices from NHGIS table NT44 (AK8001)",250,20.6101,16.488,3000,,,22838.39,"wave_coverage_differs"
"G2701115",1870,1870,"Pembina, Minnesota","Pembina","Minnesota","270","Pembina","1115",64,1870,,"total religious edifices from NHGIS table NT44 (AK8001)",,,,,,,18914.99,"wave_coverage_differs"
"G2901550",1870,1870,"Pemiscot, Missouri","Pemiscot","Missouri","290","Pemiscot","1550",2059,1870,8,"total religious edifices from NHGIS table NT44 (AK8001)",650,31.5687,38.8538,2100,,,1327.02,"wave_coverage_differs"
"G5400710",1870,1870,"Pendelton, West Virginia","Pendleton","West Virginia","540","Pendleton","0710",6455,1870,13,"total religious edifices from NHGIS table NT44 (AK8001)",1950,30.2091,20.1394,6100,,,1808.19,"wave_coverage_differs"
"G2101910",1870,1870,"Pendleton, Kentucky","Pendleton","Kentucky","210","Pendleton","1910",14030,1870,18,"total religious edifices from NHGIS table NT44 (AK8001)",3750,26.7284,12.8297,28000,,,729.22,"wave_coverage_differs"
"G2300190",1870,1870,"Penobscot, Maine","Penobscot","Maine","230","Penobscot","0190",75150,1870,89,"total religious edifices from NHGIS table NT44 (AK8001)",32092,42.7039,11.843,539950,,,9210.51,"wave_coverage_differs"
"G1701430",1870,1870,"Peoria, Illinois","Peoria","Illinois","170","Peoria","1430",47540,1870,58,"total religious edifices from NHGIS table NT44 (AK8001)",21935,46.1401,12.2003,482450,,,1633.26,"wave_coverage_differs"
"G5500910",1870,1870,"Pepin, Wisconsin","Pepin","Wisconsin","550","Pepin","0910",4659,1870,5,"total religious edifices from NHGIS table NT44 (AK8001)",1050,22.537,10.7319,13700,,,644.11,"wave_coverage_differs"
"G3701430",1870,1870,"Perquimans, North Carolina","Perquimans","North Carolina","370","Perquimans","1430",7945,1870,21,"total religious edifices from NHGIS table NT44 (AK8001)",6250,78.6658,26.4317,46900,,,640.37,"wave_coverage_differs"
"G0101050",1870,1870,"Perry, Alabama","Perry","Alabama","010","Perry","1050",24975,1870,51,"total religious edifices from NHGIS table NT44 (AK8001)",15550,62.2623,20.4204,54300,,,1921.38,"wave_coverage_differs"
"G0501050",1870,1870,"Perry, Arkansas","Perry","Arkansas","050","Perry","1050",2685,1870,14,"total religious edifices from NHGIS table NT44 (AK8001)",1200,44.6927,52.1415,1040,,,1513.58,"wave_coverage_differs"
"G1701450",1870,1870,"Perry, Illinois","Perry","Illinois","170","Perry","1450",13723,1870,30,"total religious edifices from NHGIS table NT44 (AK8001)",7925,57.7498,21.8611,28975,,,1157.38,"wave_coverage_differs"
"G1801230",1870,1870,"Perry, Indiana","Perry","Indiana","180","Perry","1230",14801,1870,23,"total religious edifices from NHGIS table NT44 (AK8001)",5700,38.5109,15.5395,38100,,,1000.91,"wave_coverage_differs"
"G2101930",1870,1870,"Perry, Kentucky","Perry","Kentucky","210","Perry","1930",4274,1870,13,"total religious edifices from NHGIS table NT44 (AK8001)",2950,69.022,30.4165,11800,,,1622.41,"wave_coverage_differs"
"G2801110",1870,1870,"Perry, Mississippi","Perry","Mississippi","280","Perry","1110",2694,1870,14,"total religious edifices from NHGIS table NT44 (AK8001)",1900,70.5271,51.9673,2300,,,2901.91,"wave_coverage_differs"
"G2901570",1870,1870,"Perry, Missouri","Perry","Missouri","290","Perry","1570",9877,1870,18,"total religious edifices from NHGIS table NT44 (AK8001)",16500,167.0548,18.2242,88500,,,1253.95,"wave_coverage_differs"
"G3901270",1870,1870,"Perry, Ohio","Perry","Ohio","390","Perry","1270",18453,1870,81,"total religious edifices from NHGIS table NT44 (AK8001)",25850,140.0856,43.8953,206000,,,1068.25,"wave_coverage_differs"
"G4200990",1870,1870,"Perry, Pennsylvania","Perry","Pennsylvania","420","Perry","0990",25447,1870,75,"total religious edifices from NHGIS table NT44 (AK8001)",23300,91.5629,29.473,132000,,,1439.44,"wave_coverage_differs"
"G4701350",1870,1870,"Perry, Tennessee","Perry","Tennessee","470","Perry","1350",6925,1870,12,"total religious edifices from NHGIS table NT44 (AK8001)",2400,34.657,17.3285,6100,,,1112.47,"wave_coverage_differs"
"G3701450",1870,1870,"Person, North Carolina","Person","North Carolina","370","Person","1450",11170,1870,29,"total religious edifices from NHGIS table NT44 (AK8001)",11700,104.7449,25.9624,13100,,,1046.56,"wave_coverage_differs"
"G2901590",1870,1870,"Pettis, Missouri","Pettis","Missouri","290","Pettis","1590",18706,1870,22,"total religious edifices from NHGIS table NT44 (AK8001)",4500,24.0565,11.7609,68000,,,1777.46,"wave_coverage_differs"
"G2901610",1870,1870,"Phelps, Missouri","Phelps","Missouri","290","Phelps","1610",10506,1870,4,"total religious edifices from NHGIS table NT44 (AK8001)",950,9.0425,3.8073,29000,,,1746.49,"wave_coverage_differs"
"G4201010",1870,1870,"Philadelphia, Pennsylvania","Philadelphia","Pennsylvania","420","Philadelphia","1010",674022,1870,424,"total religious edifices from NHGIS table NT44 (AK8001)",302239,44.8411,6.2906,18330668,,,369.63,"wave_coverage_differs"
"G0501070",1870,1870,"Phillips, Arkansas","Phillips","Arkansas","050","Phillips","1070",15372,1870,29,"total religious edifices from NHGIS table NT44 (AK8001)",35050,228.012,18.8655,111000,,,2102.26,"wave_coverage_differs"
"G1701470",1870,1870,"Piatt, Illinois","Piatt","Illinois","170","Piatt","1470",10953,1870,14,"total religious edifices from NHGIS table NT44 (AK8001)",5950,54.323,12.7819,52500,,,1138.19,"wave_coverage_differs"
"G3901290",1870,1870,"Pickaway, Ohio","Pickaway","Ohio","390","Pickaway","1290",24875,1870,72,"total religious edifices from NHGIS table NT44 (AK8001)",21100,84.8241,28.9447,162890,,,1311.99,"wave_coverage_differs"
"G0101070",1870,1870,"Pickens, Alabama","Pickens","Alabama","010","Pickens","1070",17690,1870,48,"total religious edifices from NHGIS table NT44 (AK8001)",9450,53.42,27.134,35700,,,2305.42,"wave_coverage_differs"
"G1302270",1870,1870,"Pickens, Georgia","Pickens","Georgia","130","Pickens","2270",5317,1870,24,"total religious edifices from NHGIS table NT44 (AK8001)",7300,137.2955,45.1382,3950,,,599.39,"wave_coverage_differs"
"G4500770",1870,1870,"Pickens, South Carolina","Pickens","South Carolina","450","Pickens","0770",10269,1870,30,"total religious edifices from NHGIS table NT44 (AK8001)",5600,54.5331,29.2141,6500,,,1305.94,"wave_coverage_differs"
"G1302290",1870,1870,"Pierce, Georgia","Pierce","Georgia","130","Pierce","2290",2778,1870,5,"total religious edifices from NHGIS table NT44 (AK8001)",3000,107.9914,17.9986,4000,,,1654.09,"wave_coverage_differs"
"G3101390",1870,1870,"Pierce, Nebraska","Pierce","Nebraska","310","Pierce","1390",152,1870,,"total religious edifices from NHGIS table NT44 (AK8001)",,,,,,,1116.25,"wave_coverage_differs"
"G5350275",1870,1870,"Pierce, Washington Territory","Pierce","Washington Territory","535","Pierce","0275",1409,1870,3,"total religious edifices from NHGIS table NT44 (AK8001)",400,28.3889,21.2917,7000,,,4378.72,"wave_coverage_differs"
"G5500930",1870,1870,"Pierce, Wisconsin","Pierce","Wisconsin","550","Pierce","0930",9958,1870,15,"total religious edifices from NHGIS table NT44 (AK8001)",3350,33.6413,15.0633,44000,,,1532.94,"wave_coverage_differs"
"G0101090",1870,1870,"Pike, Alabama","Pike","Alabama","010","Pike","1090",17423,1870,48,"total religious edifices from NHGIS table NT44 (AK8001)",13240,75.9915,27.5498,30700,,,1774.31,"wave_coverage_differs"
"G0501090",1870,1870,"Pike, Arkansas","Pike","Arkansas","050","Pike","1090",3788,1870,19,"total religious edifices from NHGIS table NT44 (AK8001)",2350,62.038,50.1584,3400,,,1878.74,"wave_coverage_differs"
"G1302310",1870,1870,"Pike, Georgia","Pike","Georgia","130","Pike","2310",10905,1870,29,"total religious edifices from NHGIS table NT44 (AK8001)",7300,66.9418,26.5933,8800,,,818.91,"wave_coverage_differs"
"G1701490",1870,1870,"Pike, Illinois","Pike","Illinois","170","Pike","1490",30768,1870,35,"total religious edifices from NHGIS table NT44 (AK8001)",12950,42.0892,11.3755,100400,,,2198.6,"wave_coverage_differs"
"G1801250",1870,1870,"Pike, Indiana","Pike","Indiana","180","Pike","1250",13779,1870,36,"total religious edifices from NHGIS table NT44 (AK8001)",7250,52.6163,26.1267,31700,,,883.46,"wave_coverage_differs"
"G2101950",1870,1870,"Pike, Kentucky","Pike","Kentucky","210","Pike","1950",9562,1870,24,"total religious edifices from NHGIS table NT44 (AK8001)",3980,41.6231,25.0994,24000,,,2083.97,"wave_coverage_differs"
"G2801130",1870,1870,"Pike, Mississippi","Pike","Mississippi","280","Pike","1130",11303,1870,31,"total religious edifices from NHGIS table NT44 (AK8001)",9000,79.6249,27.4263,31400,,,1922.12,"wave_coverage_differs"
"G2901630",1870,1870,"Pike, Missouri","Pike","Missouri","290","Pike","1630",23076,1870,38,"total religious edifices from NHGIS table NT44 (AK8001)",25050,108.5543,16.4673,105800,,,1773.4,"wave_coverage_differs"
"G3901310",1870,1870,"Pike, Ohio","Pike","Ohio","390","Pike","1310",15447,1870,45,"total religious edifices from NHGIS table NT44 (AK8001)",12550,81.2455,29.1319,73600,,,1149.86,"wave_coverage_differs"
"G4201030",1870,1870,"Pike, Pennsylvania","Pike","Pennsylvania","420","Pike","1030",8436,1870,6,"total religious edifices from NHGIS table NT44 (AK8001)",1500,17.7809,7.1124,20000,,,1467.4,"wave_coverage_differs"
"G0450195",1870,1870,"Pima, Arizona Territory","Pima","Arizona Territory","045","Pima","0195",5716,1870,2,"total religious edifices from NHGIS table NT44 (AK8001)",1200,20.9937,3.499,22000,,,69946.69,"wave_coverage_differs"
"G2701150",1870,1870,"Pine, Minnesota","Pine","Minnesota","270","Pine","1150",648,1870,,"total religious edifices from NHGIS table NT44 (AK8001)",,,,,,,3715.47,"wave_coverage_differs"
"G2300210",1870,1870,"Piscataquis, Maine","Piscataquis","Maine","230","Piscataquis","0210",14403,1870,22,"total religious edifices from NHGIS table NT44 (AK8001)",6400,44.4352,15.2746,39700,,,11336.98,"wave_coverage_differs"
"G3701470",1870,1870,"Pitt, North Carolina","Pitt","North Carolina","370","Pitt","1470",17276,1870,15,"total religious edifices from NHGIS table NT44 (AK8001)",4000,23.1535,8.6826,6150,,,1642.08,"wave_coverage_differs"
"G5101430",1870,1870,"Pittsylvania, Virginia","Pittsylvania","Virginia","510","Pittsylvania","1430",31343,1870,35,"total religious edifices from NHGIS table NT44 (AK8001)",11550,36.8503,11.1668,61800,,,2647.24,"wave_coverage_differs"
"G4950415",1870,1870,"Piute, Utah Territory","Piute","Utah Territory","495","Piute","0415",82,1870,,"total religious edifices from NHGIS table NT44 (AK8001)",,,,,,,11440.47,"wave_coverage_differs"
"G0600610",1870,1870,"Placer, California","Placer","California","060","Placer","0610",11357,1870,9,"total religious edifices from NHGIS table NT44 (AK8001)",2160,19.0191,7.9246,14000,,,3826.25,"wave_coverage_differs"
"G2200750",1870,1870,"Plaquemines, Louisiana","Plaquemines","Louisiana","220","Plaquemines","0750",10552,1870,3,"total religious edifices from NHGIS table NT44 (AK8001)",1250,11.8461,2.8431,23200,,,2771.63,"wave_coverage_differs"
"G2901650",1870,1870,"Platte, Missouri","Platte","Missouri","290","Platte","1650",17352,1870,19,"total religious edifices from NHGIS table NT44 (AK8001)",4475,25.7895,10.9497,30900,,,1105.52,"wave_coverage_differs"
"G3101410",1870,1870,"Platte, Nebraska","Platte","Nebraska","310","Platte","1410",1899,1870,3,"total religious edifices from NHGIS table NT44 (AK8001)",750,39.4945,15.7978,4000,,,1784.53,"wave_coverage_differs"
"G5400730",1870,1870,"Pleasants, West Virginia","Pleasants","West Virginia","540","Pleasants","0730",3012,1870,15,"total religious edifices from NHGIS table NT44 (AK8001)",1600,53.1208,49.8008,6000,,,348.49,"wave_coverage_differs"
"G0600630",1870,1870,"Plumas, California","Plumas","California","060","Plumas","0630",4489,1870,1,"total religious edifices from NHGIS table NT44 (AK8001)",300,6.683,2.2277,700,,,7037.13,"wave_coverage_differs"
"G1901490",1870,1870,"Plymouth, Iowa","Plymouth","Iowa","190","Plymouth","1490",2199,1870,4,"total religious edifices from NHGIS table NT44 (AK8001)",700,31.8327,18.1901,3400,,,2237.06,"wave_coverage_differs"
"G2500230",1870,1870,"Plymouth, Massachusetts","Plymouth","Massachusetts","250","Plymouth","0230",65365,1870,114,"total religious edifices from NHGIS table NT44 (AK8001)",42940,65.6926,17.4405,796359,,,1819.46,"wave_coverage_differs"
"G1901510",1870,1870,"Pocahontas, Iowa","Pocahontas","Iowa","190","Pocahontas","1510",1446,1870,,"total religious edifices from NHGIS table NT44 (AK8001)",,,,,,,1498.71,"wave_coverage_differs"
"G5400750",1870,1870,"Pocahontas, West Virginia","Pocahontas","West Virginia","540","Pocahontas","0750",4069,1870,9,"total religious edifices from NHGIS table NT44 (AK8001)",4600,113.0499,22.1185,11950,,,2439.32,"wave_coverage_differs"
"G0501110",1870,1870,"Poinsett, Arkansas","Poinsett","Arkansas","050","Poinsett","1110",1720,1870,4,"total religious edifices from NHGIS table NT44 (AK8001)",350,20.3488,23.2558,750,,,1977.8,"wave_coverage_differs"
"G2200770",1870,1870,"Pointe Coupee, Louisiana","Pointe Coupee","Louisiana","220","Pointe Coupee","0770",12981,1870,5,"total religious edifices from NHGIS table NT44 (AK8001)",1600,12.3257,3.8518,4400,,,1529.94,"wave_coverage_differs"
"G0501130",1870,1870,"Polk, Arkansas","Polk","Arkansas","050","Polk","1130",3376,1870,20,"total religious edifices from NHGIS table NT44 (AK8001)",1350,39.9882,59.2417,1500,,,2681.43,"wave_coverage_differs"
"G1201050",1870,1870,"Polk, Florida","Polk","Florida","120","Polk","1050",3169,1870,2,"total religious edifices from NHGIS table NT44 (AK8001)",100,3.1556,6.3111,200,,,4804.26,"wave_coverage_differs"
"G1302330",1870,1870,"Polk, Georgia","Polk","Georgia","130","Polk","2330",7822,1870,20,"total religious edifices from NHGIS table NT44 (AK8001)",4100,52.4163,25.5689,10500,,,808.45,"wave_coverage_differs"
"G1901530",1870,1870,"Polk, Iowa","Polk","Iowa","190","Polk","1530",27857,1870,32,"total religious edifices from NHGIS table NT44 (AK8001)",10515,37.7463,11.4872,259110,,,1532.07,"wave_coverage_differs"
"G2701190",1870,1870,"Polk, Minnesota","Polk","Minnesota","270","Polk","1190",0,1870,,"total religious edifices from NHGIS table NT44 (AK8001)",,,,,,,11676.09,"wave_coverage_differs"
"G2901670",1870,1870,"Polk, Missouri","Polk","Missouri","290","Polk","1670",12445,1870,8,"total religious edifices from NHGIS table NT44 (AK8001)",1600,12.8566,6.4283,8000,,,1663.93,"wave_coverage_differs"
"G3101430",1870,1870,"Polk, Nebraska","Polk","Nebraska","310","Polk","1430",136,1870,,"total religious edifices from NHGIS table NT44 (AK8001)",,,,,,,1140.95,"wave_coverage_differs"
"G3701490",1870,1870,"Polk, North Carolina","Polk","North Carolina","370","Polk","1490",4319,1870,9,"total religious edifices from NHGIS table NT44 (AK8001)",2450,56.7261,20.8382,5275,,,617.83,"wave_coverage_differs"
"G4100530",1870,1870,"Polk, Oregon","Polk","Oregon","410","Polk","0530",4701,1870,12,"total religious edifices from NHGIS table NT44 (AK8001)",3900,82.9611,25.5265,10700,,,1690.63,"wave_coverage_differs"
"G4701390",1870,1870,"Polk, Tennessee","Polk","Tennessee","470","Polk","1390",7369,1870,19,"total religious edifices from NHGIS table NT44 (AK8001)",4400,59.7096,25.7837,10800,,,1145.59,"wave_coverage_differs"
"G4803730",1870,1870,"Polk, Texas","Polk","Texas","480","Polk","3730",8707,1870,2,"total religious edifices from NHGIS table NT44 (AK8001)",600,6.891,2.297,700,,,3047.64,"wave_coverage_differs"
"G5500950",1870,1870,"Polk, Wisconsin","Polk","Wisconsin","550","Polk","0950",3422,1870,2,"total religious edifices from NHGIS table NT44 (AK8001)",500,14.6113,5.8445,2300,,,2477.09,"wave_coverage_differs"
"G2801150",1870,1870,"Pontotoc, Mississippi","Pontotoc","Mississippi","280","Pontotoc","1150",12525,1870,64,"total religious edifices from NHGIS table NT44 (AK8001)",18300,146.1078,51.0978,42000,,,1616.39,"wave_coverage_differs"
"G0501150",1870,1870,"Pope, Arkansas","Pope","Arkansas","050","Pope","1150",8386,1870,27,"total religious edifices from NHGIS table NT44 (AK8001)",3750,44.7174,32.1965,5400,,,2538.11,"wave_coverage_differs"
"G1701510",1870,1870,"Pope, Illinois","Pope","Illinois","170","Pope","1510",11437,1870,9,"total religious edifices from NHGIS table NT44 (AK8001)",4100,35.8486,7.8692,11800,,,970.43,"wave_coverage_differs"
"G2701210",1870,1870,"Pope, Minnesota","Pope","Minnesota","270","Pope","1210",2691,1870,2,"total religious edifices from NHGIS table NT44 (AK8001)",270,10.0334,7.4322,2300,,,1857.38,"wave_coverage_differs"
"G3901330",1870,1870,"Portage, Ohio","Portage","Ohio","390","Portage","1330",24584,1870,62,"total religious edifices from NHGIS table NT44 (AK8001)",20200,82.1673,25.2197,221000,,,1310.01,"wave_coverage_differs"
"G5500970",1870,1870,"Portage, Wisconsin","Portage","Wisconsin","550","Portage","0970",10634,1870,13,"total religious edifices from NHGIS table NT44 (AK8001)",4150,39.0258,12.2249,27500,,,2130.64,"wave_coverage_differs"
"G1801270",1870,1870,"Porter, Indiana","Porter","Indiana","180","Porter","1270",13942,1870,19,"total religious edifices from NHGIS table NT44 (AK8001)",4300,30.8421,13.6279,30000,,,1088.09,"wave_coverage_differs"
"G1801290",1870,1870,"Posey, Indiana","Posey","Indiana","180","Posey","1290",19185,1870,31,"total religious edifices from NHGIS table NT44 (AK8001)",9550,49.7785,16.1585,50500,,,1086.64,"wave_coverage_differs"
"G2001490",1870,1870,"Pottawatomie, Kansas","Pottawatomie","Kansas","200","Pottawatomie","1490",7848,1870,6,"total religious edifices from NHGIS table NT44 (AK8001)",2000,25.4842,7.6453,8000,,,2232.18,"wave_coverage_differs"
"G1901550",1870,1870,"Pottawattamie, Iowa","Pottawattamie","Iowa","190","Pottawattamie","1550",16893,1870,9,"total religious edifices from NHGIS table NT44 (AK8001)",3060,18.114,5.3277,142650,,,2484.11,"wave_coverage_differs"
"G4201050",1870,1870,"Potter, Pennsylvania","Potter","Pennsylvania","420","Potter","1050",11265,1870,7,"total religious edifices from NHGIS table NT44 (AK8001)",1790,15.8899,6.2139,20600,,,2800.85,"wave_coverage_differs"
"G2101970",1870,1870,"Powell, Kentucky","Powell","Kentucky","210","Powell","1970",2599,1870,4,"total religious edifices from NHGIS table NT44 (AK8001)",200,7.6953,15.3905,2000,,,473.72,"wave_coverage_differs"
"G1901570",1870,1870,"Poweshiek, Iowa","Poweshiek","Iowa","190","Poweshiek","1570",15581,1870,16,"total religious edifices from NHGIS table NT44 (AK8001)",5430,34.8501,10.2689,45000,,,1517.91,"wave_coverage_differs"
"G5101450",1870,1870,"Powhatan, Virginia","Powhatan","Virginia","510","Powhatan","1450",7667,1870,17,"total religious edifices from NHGIS table NT44 (AK8001)",4100,53.4759,22.1729,21800,,,679.46,"wave_coverage_differs"
"G0501170",1870,1870,"Prairie, Arkansas","Prairie","Arkansas","050","Prairie","1170",5604,1870,10,"total religious edifices from NHGIS table NT44 (AK8001)",1750,31.2277,17.8444,4400,,,2677.72,"wave_coverage_differs"
"G3901350",1870,1870,"Preble, Ohio","Preble","Ohio","390","Preble","1350",21809,1870,73,"total religious edifices from NHGIS table NT44 (AK8001)",24850,113.9438,33.4724,162005,,,1104.48,"wave_coverage_differs"
"G2801170",1870,1870,"Prentiss, Mississippi","Prentiss","Mississippi","280","Prentiss","1170",9348,1870,,"total religious edifices from NHGIS table NT44 (AK8001)",,,,,,,1070.05,"wave_coverage_differs"
"G4803770",1870,1870,"Presidio, Texas","Presidio","Texas","480","Presidio","3770",1636,1870,0,"total religious edifices from NHGIS table NT44 (AK8001)",0,0,0,0,,,71159.7,"wave_coverage_differs"
"G2601410",1870,1870,"Presque Isle, Michigan","Presque Isle","Michigan","260","Presque Isle","1410",355,1870,,"total religious edifices from NHGIS table NT44 (AK8001)",,,,,,,1773.78,"wave_coverage_differs"
"G5400770",1870,1870,"Preston, West Virginia","Preston","West Virginia","540","Preston","0770",14555,1870,38,"total religious edifices from NHGIS table NT44 (AK8001)",7900,54.2769,26.1079,24500,,,1687.05,"wave_coverage_differs"
"G5101470",1870,1870,"Prince Edward, Virginia","Prince Edward","Virginia","510","Prince Edward","1470",12004,1870,19,"total religious edifices from NHGIS table NT44 (AK8001)",6600,54.9817,15.8281,37050,,,916.44,"wave_coverage_differs"
"G5101490",1870,1870,"Prince George, Virginia","Prince George","Virginia","510","Prince George","1490",7820,1870,15,"total religious edifices from NHGIS table NT44 (AK8001)",2250,28.7724,19.1816,6250,,,789.36,"wave_coverage_differs"
"G2400330",1870,1870,"Prince Georges, Maryland","Prince Georges","Maryland","240","Prince Georges","0330",21138,1870,39,"total religious edifices from NHGIS table NT44 (AK8001)",14775,69.8978,18.4502,117200,,,1265.78,"wave_coverage_differs"
"G5101530",1870,1870,"Prince William, Virginia","Prince William","Virginia","510","Prince William","1530",7504,1870,13,"total religious edifices from NHGIS table NT44 (AK8001)",3200,42.6439,17.3241,18500,,,917.54,"wave_coverage_differs"
"G5101510",1870,1870,"Princess Anne, Virginia","Princess Anne","Virginia","510","Princess Anne","1510",8273,1870,20,"total religious edifices from NHGIS table NT44 (AK8001)",12200,147.4677,24.175,11850,,,701.28,"wave_coverage_differs"
"G4400070",1870,1870,"Providence, Rhode Island","Providence","Rhode Island","440","Providence","0070",149190,1870,139,"total religious edifices from NHGIS table NT44 (AK8001)",71248,47.7566,9.317,3179400,,,1113.84,"wave_coverage_differs"
"G0850355",1870,1870,"Pueblo, Colorado Territory","Pueblo","Colorado Territory","085","Pueblo","0355",2265,1870,2,"total religious edifices from NHGIS table NT44 (AK8001)",450,19.8675,8.83,6840,,,6210.25,"wave_coverage_differs"
"G0501190",1870,1870,"Pulaski, Arkansas","Pulaski","Arkansas","050","Pulaski","1190",32066,1870,14,"total religious edifices from NHGIS table NT44 (AK8001)",8000,24.9485,4.366,111000,,,3585.4,"wave_coverage_differs"
"G1302350",1870,1870,"Pulaski, Georgia","Pulaski","Georgia","130","Pulaski","2350",11940,1870,26,"total religious edifices from NHGIS table NT44 (AK8001)",5800,48.5762,21.7755,10000,,,2086.38,"wave_coverage_differs"
"G1701530",1870,1870,"Pulaski, Illinois","Pulaski","Illinois","170","Pulaski","1530",8752,1870,11,"total religious edifices from NHGIS table NT44 (AK8001)",3940,45.0183,12.5686,9300,,,526.24,"wave_coverage_differs"
"G1801310",1870,1870,"Pulaski, Indiana","Pulaski","Indiana","180","Pulaski","1310",7801,1870,14,"total religious edifices from NHGIS table NT44 (AK8001)",4870,62.4279,17.9464,31100,,,1125.43,"wave_coverage_differs"
"G2101990",1870,1870,"Pulaski, Kentucky","Pulaski","Kentucky","210","Pulaski","1990",17670,1870,45,"total religious edifices from NHGIS table NT44 (AK8001)",20000,113.1862,25.4669,22700,,,2191.06,"wave_coverage_differs"
"G2901690",1870,1870,"Pulaski, Missouri","Pulaski","Missouri","290","Pulaski","1690",4714,1870,10,"total religious edifices from NHGIS table NT44 (AK8001)",1900,40.3055,21.2134,6100,,,1428.24,"wave_coverage_differs"
"G5101550",1870,1870,"Pulaski, Virginia","Pulaski","Virginia","510","Pulaski","1550",6538,1870,16,"total religious edifices from NHGIS table NT44 (AK8001)",3600,55.0627,24.4723,19400,,,853.64,"wave_coverage_differs"
"G1201070",1870,1870,"Putnam, Florida","Putnam","Florida","120","Putnam","1070",3821,1870,9,"total religious edifices from NHGIS table NT44 (AK8001)",1300,34.0225,23.554,9000,,,2294.11,"wave_coverage_differs"
"G1302370",1870,1870,"Putnam, Georgia","Putnam","Georgia","130","Putnam","2370",10461,1870,15,"total religious edifices from NHGIS table NT44 (AK8001)",4550,43.4949,14.339,9750,,,934.15,"wave_coverage_differs"
"G1701550",1870,1870,"Putnam, Illinois","Putnam","Illinois","170","Putnam","1550",6280,1870,10,"total religious edifices from NHGIS table NT44 (AK8001)",3000,47.7707,15.9236,39400,,,446.05,"wave_coverage_differs"
"G1801330",1870,1870,"Putnam, Indiana","Putnam","Indiana","180","Putnam","1330",21514,1870,49,"total religious edifices from NHGIS table NT44 (AK8001)",10700,49.7351,22.7759,103000,,,1250.15,"wave_coverage_differs"
"G2901710",1870,1870,"Putnam, Missouri","Putnam","Missouri","290","Putnam","1710",11217,1870,10,"total religious edifices from NHGIS table NT44 (AK8001)",1630,14.5315,8.915,12000,,,1345.78,"wave_coverage_differs"
"G3600790",1870,1870,"Putnam, New York","Putnam","New York","360","Putnam","0790",15420,1870,29,"total religious edifices from NHGIS table NT44 (AK8001)",10800,70.0389,18.8067,235300,,,637.78,"wave_coverage_differs"
"G3901370",1870,1870,"Putnam, Ohio","Putnam","Ohio","390","Putnam","1370",17081,1870,41,"total religious edifices from NHGIS table NT44 (AK8001)",11850,69.3753,24.0033,97700,,,1254.33,"wave_coverage_differs"
"G4701410",1870,1870,"Putnam, Tennessee","Putnam","Tennessee","470","Putnam","1410",8698,1870,37,"total religious edifices from NHGIS table NT44 (AK8001)",10500,120.7174,42.5385,26500,,,1042.64,"wave_coverage_differs"
"G5400790",1870,1870,"Putnam, West Virginia","Putnam","West Virginia","540","Putnam","0790",7794,1870,14,"total religious edifices from NHGIS table NT44 (AK8001)",3500,44.9063,17.9625,10000,,,907.54,"wave_coverage_differs"
"G2400350",1870,1870,"Queen Annes, Maryland","Queen Anne's","Maryland","240","Queen Anne's","0350",16171,1870,49,"total religious edifices from NHGIS table NT44 (AK8001)",15900,98.3242,30.3012,118000,,,968.14,"wave_coverage_differs"
"G3600810",1870,1870,"Queens, New York","Queens","New York","360","Queens","0810",73803,1870,34,"total religious edifices from NHGIS table NT44 (AK8001)",18800,25.4732,4.6069,520900,,,1031.48,"wave_coverage_differs"
"G1302390",1870,1870,"Quitman, Georgia","Quitman","Georgia","130","Quitman","2390",4150,1870,11,"total religious edifices from NHGIS table NT44 (AK8001)",2700,65.0602,26.506,8000,,,412.95,"wave_coverage_differs"
"G1302410",1870,1870,"Rabun, Georgia","Rabun","Georgia","130","Rabun","2410",3256,1870,13,"total religious edifices from NHGIS table NT44 (AK8001)",1600,49.14,39.9263,1800,,,976.12,"wave_coverage_differs"
"G5501010",1870,1870,"Racine, Wisconsin","Racine","Wisconsin","550","Racine","1010",26740,1870,50,"total religious edifices from NHGIS table NT44 (AK8001)",14430,53.9641,18.6986,192658,,,881.82,"wave_coverage_differs"
"G5400810",1870,1870,"Raleigh, West Virginia","Raleigh","West Virginia","540","Raleigh","0810",3673,1870,4,"total religious edifices from NHGIS table NT44 (AK8001)",2900,78.9545,10.8903,10000,,,1313.59,"wave_coverage_differs"
"G2901730",1870,1870,"Ralls, Missouri","Ralls","Missouri","290","Ralls","1730",10510,1870,25,"total religious edifices from NHGIS table NT44 (AK8001)",4350,41.3892,23.7869,126000,,,1253.1,"wave_coverage_differs"
"G2701230",1870,1870,"Ramsey, Minnesota","Ramsey","Minnesota","270","Ramsey","1230",23085,1870,20,"total religious edifices from NHGIS table NT44 (AK8001)",7540,32.6619,8.6636,341200,,,428.85,"wave_coverage_differs"
"G0101110",1870,1870,"Randolph, Alabama","Randolph","Alabama","010","Randolph","1110",12006,1870,20,"total religious edifices from NHGIS table NT44 (AK8001)",3400,28.3192,16.6583,3950,,,1516.45,"wave_coverage_differs"
"G0501210",1870,1870,"Randolph, Arkansas","Randolph","Arkansas","050","Randolph","1210",7466,1870,12,"total religious edifices from NHGIS table NT44 (AK8001)",3100,41.5216,16.0729,8300,,,2552.57,"wave_coverage_differs"
"G1302430",1870,1870,"Randolph, Georgia","Randolph","Georgia","130","Randolph","2430",10561,1870,19,"total religious edifices from NHGIS table NT44 (AK8001)",6225,58.9433,17.9907,25500,,,1127.36,"wave_coverage_differs"
"G1701570",1870,1870,"Randolph, Illinois","Randolph","Illinois","170","Randolph","1570",20859,1870,26,"total religious edifices from NHGIS table NT44 (AK8001)",9074,43.5016,12.4646,61600,,,1546.97,"wave_coverage_differs"
"G1801350",1870,1870,"Randolph, Indiana","Randolph","Indiana","180","Randolph","1350",22862,1870,29,"total religious edifices from NHGIS table NT44 (AK8001)",9800,42.8659,12.6848,53000,,,1174.08,"wave_coverage_differs"
"G2901750",1870,1870,"Randolph, Missouri","Randolph","Missouri","290","Randolph","1750",15908,1870,35,"total religious edifices from NHGIS table NT44 (AK8001)",11050,69.4619,22.0015,22450,,,1263.44,"wave_coverage_differs"
"G3701510",1870,1870,"Randolph, North Carolina","Randolph","North Carolina","370","Randolph","1510",17551,1870,55,"total religious edifices from NHGIS table NT44 (AK8001)",12900,73.5001,31.3372,32200,,,2044.53,"wave_coverage_differs"
"G5400830",1870,1870,"Randolph, West Virginia","Randolph","West Virginia","540","Randolph","0830",5563,1870,14,"total religious edifices from NHGIS table NT44 (AK8001)",1700,30.5591,25.1663,5450,,,2693.49,"wave_coverage_differs"
"G2801210",1870,1870,"Rankin, Mississippi","Rankin","Mississippi","280","Rankin","1210",12977,1870,25,"total religious edifices from NHGIS table NT44 (AK8001)",7725,59.5284,19.2649,33300,,,2087.72,"wave_coverage_differs"
"G2200790",1870,1870,"Rapides, Louisiana","Rapides","Louisiana","220","Rapides","0790",18015,1870,7,"total religious edifices from NHGIS table NT44 (AK8001)",1750,9.7141,3.8857,25000,,,5997.1,"wave_coverage_differs"
"G5101570",1870,1870,"Rappahannock, Virginia","Rappahannock","Virginia","510","Rappahannock","1570",8261,1870,17,"total religious edifices from NHGIS table NT44 (AK8001)",6050,73.2357,20.5786,14500,,,691.22,"wave_coverage_differs"
"G2901770",1870,1870,"Ray, Missouri","Ray","Missouri","290","Ray","1770",18700,1870,25,"total religious edifices from NHGIS table NT44 (AK8001)",7600,40.6417,13.369,61500,,,1485.69,"wave_coverage_differs"
"G4803870",1870,1870,"Red River, Texas","Red River","Texas","480","Red River","3870",10653,1870,3,"total religious edifices from NHGIS table NT44 (AK8001)",1300,12.2031,2.8161,5500,,,2736.93,"wave_coverage_differs"
"G2701270",1870,1870,"Redwood, Minnesota","Redwood","Minnesota","270","Redwood","1270",1829,1870,2,"total religious edifices from NHGIS table NT44 (AK8001)",300,16.4024,10.9349,1500,,,9569.55,"wave_coverage_differs"
"G4803910",1870,1870,"Refugio, Texas","Refugio","Texas","480","Refugio","3910",2324,1870,3,"total religious edifices from NHGIS table NT44 (AK8001)",1400,60.241,12.9088,7500,,,2682.92,"wave_coverage_differs"
"G3600830",1870,1870,"Rensselaer, New York","Rensselaer","New York","360","Rensselaer","0830",99549,1870,131,"total religious edifices from NHGIS table NT44 (AK8001)",60040,60.312,13.1593,1187975,,,1723.37,"wave_coverage_differs"
"G2701290",1870,1870,"Renville, Minnesota","Renville","Minnesota","270","Renville","1290",3219,1870,,"total religious edifices from NHGIS table NT44 (AK8001)",,,,,,,2752.51,"wave_coverage_differs"
"G2001570",1870,1870,"Republic, Kansas","Republic","Kansas","200","Republic","1570",1281,1870,0,"total religious edifices from NHGIS table NT44 (AK8001)",0,0,0,0,,,1865.95,"wave_coverage_differs"
"G2901790",1870,1870,"Reynolds, Missouri","Reynolds","Missouri","290","Reynolds","1790",3756,1870,10,"total religious edifices from NHGIS table NT44 (AK8001)",1300,34.6113,26.6241,4700,,,2195.92,"wave_coverage_differs"
"G4701430",1870,1870,"Rhea, Tennessee","Rhea","Tennessee","470","Rhea","1430",5538,1870,17,"total religious edifices from NHGIS table NT44 (AK8001)",5500,99.3138,30.697,7000,,,871.22,"wave_coverage_differs"
"G2001590",1870,1870,"Rice, Kansas","Rice","Kansas","200","Rice","1590",5,1870,0,"total religious edifices from NHGIS table NT44 (AK8001)",0,0,0,0,,,2342.59,"wave_coverage_differs"
"G2701310",1870,1870,"Rice, Minnesota","Rice","Minnesota","270","Rice","1310",16083,1870,24,"total religious edifices from NHGIS table NT44 (AK8001)",10000,62.1775,14.9226,206200,,,1336.27,"wave_coverage_differs"
"G4950435",1870,1870,"Rich, Utah Territory","Rich","Utah Territory","495","Rich","0435",1955,1870,6,"total religious edifices from NHGIS table NT44 (AK8001)",1500,76.7263,30.6905,3000,,,2837.66,"wave_coverage_differs"
"G3101470",1870,1870,"Richardson, Nebraska","Richardson","Nebraska","310","Richardson","1470",9780,1870,16,"total religious edifices from NHGIS table NT44 (AK8001)",4275,43.7117,16.3599,39000,,,1440.18,"wave_coverage_differs"
"G1701590",1870,1870,"Richland, Illinois","Richland","Illinois","170","Richland","1590",12803,1870,31,"total religious edifices from NHGIS table NT44 (AK8001)",8800,68.7339,24.2131,69700,,,937.31,"wave_coverage_differs"
"G2200830",1870,1870,"Richland, Louisiana","Richland","Louisiana","220","Richland","0830",5110,1870,6,"total religious edifices from NHGIS table NT44 (AK8001)",900,17.6125,11.7417,5600,,,1461.94,"wave_coverage_differs"
"G3901390",1870,1870,"Richland, Ohio","Richland","Ohio","390","Richland","1390",32516,1870,88,"total religious edifices from NHGIS table NT44 (AK8001)",29700,91.3396,27.0636,354200,,,1295.19,"wave_coverage_differs"
"G4500790",1870,1870,"Richland, South Carolina","Richland","South Carolina","450","Richland","0790",23025,1870,27,"total religious edifices from NHGIS table NT44 (AK8001)",10400,45.1683,11.7264,164700,,,1654.7,"wave_coverage_differs"
"G5501030",1870,1870,"Richland, Wisconsin","Richland","Wisconsin","550","Richland","1030",15731,1870,26,"total religious edifices from NHGIS table NT44 (AK8001)",4350,27.6524,16.5279,18900,,,1526.39,"wave_coverage_differs"
"G1302450",1870,1870,"Richmond, Georgia","Richmond","Georgia","130","Richmond","2450",25724,1870,39,"total religious edifices from NHGIS table NT44 (AK8001)",19150,74.4441,15.1609,493450,,,850.67,"wave_coverage_differs"
"G3600850",1870,1870,"Richmond, New York","Richmond","New York","360","Richmond","0850",33029,1870,38,"total religious edifices from NHGIS table NT44 (AK8001)",11150,33.7582,11.505,703000,,,153.22,"wave_coverage_differs"
"G3701530",1870,1870,"Richmond, North Carolina","Richmond","North Carolina","370","Richmond","1530",12882,1870,30,"total religious edifices from NHGIS table NT44 (AK8001)",6225,48.3232,23.2883,21900,,,2072.62,"wave_coverage_differs"
"G5101590",1870,1870,"Richmond, Virginia","Richmond","Virginia","510","Richmond","1590",6503,1870,11,"total religious edifices from NHGIS table NT44 (AK8001)",3800,58.4346,16.9153,12200,,,502.97,"wave_coverage_differs"
"G2001610",1870,1870,"Riley, Kansas","Riley","Kansas","200","Riley","1610",5105,1870,6,"total religious edifices from NHGIS table NT44 (AK8001)",1650,32.3213,11.7532,26000,,,1484.29,"wave_coverage_differs"
"G1901590",1870,1870,"Ringgold, Iowa","Ringgold","Iowa","190","Ringgold","1590",5691,1870,5,"total religious edifices from NHGIS table NT44 (AK8001)",1000,17.5716,8.7858,9800,,,1395.66,"wave_coverage_differs"
"G3550315",1870,1870,"Rio Arriba, New Mexico Territory","Rio Arriba","New Mexico Territory","355","Rio Arriba","0315",9294,1870,20,"total religious edifices from NHGIS table NT44 (AK8001)",7500,80.6972,21.5193,8300,,,13236.61,"wave_coverage_differs"
"G1801370",1870,1870,"Ripley, Indiana","Ripley","Indiana","180","Ripley","1370",20977,1870,22,"total religious edifices from NHGIS table NT44 (AK8001)",8800,41.9507,10.4877,74000,,,1160.46,"wave_coverage_differs"
"G2901810",1870,1870,"Ripley, Missouri","Ripley","Missouri","290","Ripley","1810",3175,1870,8,"total religious edifices from NHGIS table NT44 (AK8001)",1600,50.3937,25.1969,25000,,,1592.67,"wave_coverage_differs"
"G5400850",1870,1870,"Ritchie, West Virginia","Ritchie","West Virginia","540","Ritchie","0850",9055,1870,35,"total religious edifices from NHGIS table NT44 (AK8001)",6820,75.3175,38.6527,18705,,,1175.08,"wave_coverage_differs"
"G4701450",1870,1870,"Roane, Tennessee","Roane","Tennessee","470","Roane","1450",15622,1870,62,"total religious edifices from NHGIS table NT44 (AK8001)",14100,90.2573,39.6876,23200,,,1225.19,"wave_coverage_differs"
"G5400870",1870,1870,"Roane, West Virginia","Roane","West Virginia","540","Roane","0870",7232,1870,6,"total religious edifices from NHGIS table NT44 (AK8001)",2800,38.7168,8.2965,4000,,,1252.86,"wave_coverage_differs"
"G5101610",1870,1870,"Roanoke, Virginia","Roanoke","Virginia","510","Roanoke","1610",9350,1870,20,"total religious edifices from NHGIS table NT44 (AK8001)",5250,56.1497,21.3904,48900,,,799.27,"wave_coverage_differs"
"G2102010",1870,1870,"Robertson, Kentucky","Robertson","Kentucky","210","Robertson","2010",5399,1870,11,"total religious edifices from NHGIS table NT44 (AK8001)",2400,44.4527,20.3741,12850,,,259.37,"wave_coverage_differs"
"G4701470",1870,1870,"Robertson, Tennessee","Robertson","Tennessee","470","Robertson","1470",16166,1870,40,"total religious edifices from NHGIS table NT44 (AK8001)",7500,46.3937,24.7433,45800,,,1234.16,"wave_coverage_differs"
"G4803950",1870,1870,"Robertson, Texas","Robertson","Texas","480","Robertson","3950",9990,1870,3,"total religious edifices from NHGIS table NT44 (AK8001)",800,8.008,3.003,1400,,,2241.26,"wave_coverage_differs"
"G3701550",1870,1870,"Robeson, North Carolina","Robeson","North Carolina","370","Robeson","1550",16262,1870,37,"total religious edifices from NHGIS table NT44 (AK8001)",19600,120.5264,22.7524,33800,,,2829.16,"wave_coverage_differs"
"G2701330",1870,1870,"Rock, Minnesota","Rock","Minnesota","270","Rock","1330",138,1870,,"total religious edifices from NHGIS table NT44 (AK8001)",,,,,,,1250.25,"wave_coverage_differs"
"G5501050",1870,1870,"Rock, Wisconsin","Rock","Wisconsin","550","Rock","1050",39030,1870,64,"total religious edifices from NHGIS table NT44 (AK8001)",23000,58.929,16.3976,474700,,,1880.62,"wave_coverage_differs"
"G1701610",1870,1870,"Rock Island, Illinois","Rock Island","Illinois","170","Rock Island","1610",29783,1870,38,"total religious edifices from NHGIS table NT44 (AK8001)",13000,43.6491,12.759,271300,,,1168.82,"wave_coverage_differs"
"G5101630",1870,1870,"Rockbridge, Virginia","Rockbridge","Virginia","510","Rockbridge","1630",16058,1870,21,"total religious edifices from NHGIS table NT44 (AK8001)",11760,73.2345,13.0776,97350,,,1565.87,"wave_coverage_differs"
"G2102030",1870,1870,"Rockcastle, Kentucky","Rockcastle","Kentucky","210","Rockcastle","2030",7145,1870,20,"total religious edifices from NHGIS table NT44 (AK8001)",7300,102.1693,27.9916,17500,,,823.84,"wave_coverage_differs"
"G3300150",1870,1870,"Rockingham, New Hampshire","Rockingham","New Hampshire","330","Rockingham","0150",47297,1870,112,"total religious edifices from NHGIS table NT44 (AK8001)",33910,71.6959,23.6801,564000,,,1846.8,"wave_coverage_differs"
"G3701570",1870,1870,"Rockingham, North Carolina","Rockingham","North Carolina","370","Rockingham","1570",15708,1870,21,"total religious edifices from NHGIS table NT44 (AK8001)",6750,42.9717,13.369,19650,,,1483.3,"wave_coverage_differs"
"G5101650",1870,1870,"Rockingham, Virginia","Rockingham","Virginia","510","Rockingham","1650",23668,1870,62,"total religious edifices from NHGIS table NT44 (AK8001)",19500,82.3897,26.1957,108000,,,2255.45,"wave_coverage_differs"
"G3600870",1870,1870,"Rockland, New York","Rockland","New York","360","Rockland","0870",25213,1870,61,"total religious edifices from NHGIS table NT44 (AK8001)",20430,81.0296,24.1939,370200,,,462.71,"wave_coverage_differs"
"G3200275",1870,1870,"Roop, Nevada","Roop","Nevada","320","Roop","0275",133,1870,,"total religious edifices from NHGIS table NT44 (AK8001)",,,,,,,12278.99,"wave_coverage_differs"
"G2601430",1870,1870,"Roscommon, Michigan","Roscommon","Michigan","260","Roscommon","1430",,1870,,"total religious edifices from NHGIS table NT44 (AK8001)",,,,,,,1502.26,"wave_coverage_differs"
"G3901410",1870,1870,"Ross, Ohio","Ross","Ohio","390","Ross","1410",37097,1870,82,"total religious edifices from NHGIS table NT44 (AK8001)",26900,72.5126,22.1042,242900,,,1794.92,"wave_coverage_differs"
"G2102050",1870,1870,"Rowan, Kentucky","Rowan","Kentucky","210","Rowan","2050",2991,1870,7,"total religious edifices from NHGIS table NT44 (AK8001)",1200,40.1204,23.4035,825,,,741.3,"wave_coverage_differs"
"G3701590",1870,1870,"Rowan, North Carolina","Rowan","North Carolina","370","Rowan","1590",16810,1870,44,"total religious edifices from NHGIS table NT44 (AK8001)",14500,86.2582,26.1749,87000,,,1356.44,"wave_coverage_differs"
"G4803990",1870,1870,"Runnels, Texas","Runnels","Texas","480","Runnels","3990",,1870,,"total religious edifices from NHGIS table NT44 (AK8001)",,,,,,,2737.86,"wave_coverage_differs"
"G1801390",1870,1870,"Rush, Indiana","Rush","Indiana","180","Rush","1390",17626,1870,37,"total religious edifices from NHGIS table NT44 (AK8001)",10200,57.8691,20.9917,50000,,,1057.91,"wave_coverage_differs"
"G4804010",1870,1870,"Rusk, Texas","Rusk","Texas","480","Rusk","4010",16916,1870,15,"total religious edifices from NHGIS table NT44 (AK8001)",6900,40.7898,8.8673,21600,,,2771.58,"wave_coverage_differs"
"G0101130",1870,1870,"Russell, Alabama","Russell","Alabama","010","Russell","1130",21636,1870,33,"total religious edifices from NHGIS table NT44 (AK8001)",7750,35.8199,15.2524,21100,,,1713.86,"wave_coverage_differs"
"G2001670",1870,1870,"Russell, Kansas","Russell","Kansas","200","Russell","1670",156,1870,0,"total religious edifices from NHGIS table NT44 (AK8001)",0,0,0,0,,,2329.53,"wave_coverage_differs"
"G2102070",1870,1870,"Russell, Kentucky","Russell","Kentucky","210","Russell","2070",5809,1870,30,"total religious edifices from NHGIS table NT44 (AK8001)",8800,151.4891,51.644,25000,,,732.97,"wave_coverage_differs"
"G5101670",1870,1870,"Russell, Virginia","Russell","Virginia","510","Russell","1670",11103,1870,29,"total religious edifices from NHGIS table NT44 (AK8001)",11575,104.2511,26.1191,33350,,,1234.81,"wave_coverage_differs"
"G3701610",1870,1870,"Rutherford, North Carolina","Rutherford","North Carolina","370","Rutherford","1610",13121,1870,37,"total religious edifices from NHGIS table NT44 (AK8001)",7505,57.1984,28.1991,62250,,,1465.82,"wave_coverage_differs"
"G4701490",1870,1870,"Rutherford, Tennessee","Rutherford","Tennessee","470","Rutherford","1490",33289,1870,68,"total religious edifices from NHGIS table NT44 (AK8001)",17275,51.894,20.4272,173600,,,1616.28,"wave_coverage_differs"
"G5000210",1870,1870,"Rutland, Vermont","Rutland","Vermont","500","Rutland","0210",40651,1870,87,"total religious edifices from NHGIS table NT44 (AK8001)",37960,93.3802,21.4017,638100,,,2452.47,"wave_coverage_differs"
"G2200850",1870,1870,"Sabine, Louisiana","Sabine","Louisiana","220","Sabine","0850",6456,1870,23,"total religious edifices from NHGIS table NT44 (AK8001)",5450,84.4176,35.6258,7950,,,3382.81,"wave_coverage_differs"
"G4804030",1870,1870,"Sabine, Texas","Sabine","Texas","480","Sabine","4030",3256,1870,6,"total religious edifices from NHGIS table NT44 (AK8001)",1300,39.9263,18.4275,1600,,,1493.46,"wave_coverage_differs"
"G1901610",1870,1870,"Sac, Iowa","Sac","Iowa","190","Sac","1610",1411,1870,,"total religious edifices from NHGIS table NT44 (AK8001)",,,,,,,1497.87,"wave_coverage_differs"
"G0600670",1870,1870,"Sacramento, California","Sacramento","California","060","Sacramento","0670",26830,1870,22,"total religious edifices from NHGIS table NT44 (AK8001)",8300,30.9355,8.1998,126600,,,2567.67,"wave_coverage_differs"
"G2300230",1870,1870,"Sagadahoc, Maine","Sagadahoc","Maine","230","Sagadahoc","0230",18803,1870,43,"total religious edifices from NHGIS table NT44 (AK8001)",15525,82.5666,22.8687,187000,,,665.28,"wave_coverage_differs"
"G2601450",1870,1870,"Saginaw, Michigan","Saginaw","Michigan","260","Saginaw","1450",39097,1870,51,"total religious edifices from NHGIS table NT44 (AK8001)",23170,59.2629,13.0445,472500,,,2220.73,"wave_coverage_differs"
"G0850375",1870,1870,"Saguache, Colorado Territory","Saguache","Colorado Territory","085","Saguache","0375",304,1870,,"total religious edifices from NHGIS table NT44 (AK8001)",,,,,,,5411.21,"wave_coverage_differs"
"G3400330",1870,1870,"Salem, New Jersey","Salem","New Jersey","340","Salem","0330",23940,1870,57,"total religious edifices from NHGIS table NT44 (AK8001)",17300,72.264,23.8095,423400,,,900.94,"wave_coverage_differs"
"G0501250",1870,1870,"Saline, Arkansas","Saline","Arkansas","050","Saline","1250",3911,1870,20,"total religious edifices from NHGIS table NT44 (AK8001)",2375,60.7262,51.1378,4650,,,1788.71,"wave_coverage_differs"
"G1701650",1870,1870,"Saline, Illinois","Saline","Illinois","170","Saline","1650",12714,1870,23,"total religious edifices from NHGIS table NT44 (AK8001)",6200,48.7651,18.0903,9770,,,1001.75,"wave_coverage_differs"
"G2001690",1870,1870,"Saline, Kansas","Saline","Kansas","200","Saline","1690",4246,1870,3,"total religious edifices from NHGIS table NT44 (AK8001)",1050,24.7292,7.0655,8600,,,1868.17,"wave_coverage_differs"
"G2901950",1870,1870,"Saline, Missouri","Saline","Missouri","290","Saline","1950",21672,1870,30,"total religious edifices from NHGIS table NT44 (AK8001)",6150,28.3776,13.8427,61000,,,1980.42,"wave_coverage_differs"
"G3101510",1870,1870,"Saline, Nebraska","Saline","Nebraska","310","Saline","1510",3106,1870,,"total religious edifices from NHGIS table NT44 (AK8001)",,,,,,,1492.63,"wave_coverage_differs"
"G4950495",1870,1870,"Salt Lake, Utah Territory","Salt Lake","Utah Territory","495","Salt Lake","0495",18337,1870,31,"total religious edifices from NHGIS table NT44 (AK8001)",25700,140.1538,16.9057,231200,,,2091.28,"wave_coverage_differs"
"G3701630",1870,1870,"Sampson, North Carolina","Sampson","North Carolina","370","Sampson","1630",16436,1870,41,"total religious edifices from NHGIS table NT44 (AK8001)",11700,71.1852,24.9452,27450,,,2274.29,"wave_coverage_differs"
"G4804050",1870,1870,"San Augustine, Texas","San Augustine","Texas","480","San Augustine","4050",4196,1870,4,"total religious edifices from NHGIS table NT44 (AK8001)",1300,30.9819,9.5329,3300,,,1534.04,"wave_coverage_differs"
"G0600710",1870,1870,"San Bernardino, California","San Bernardino","California","060","San Bernardino","0710",3988,1870,8,"total religious edifices from NHGIS table NT44 (AK8001)",1710,42.8786,20.0602,10975,,,64229.35,"wave_coverage_differs"
"G0600730",1870,1870,"San Diego, California","San Diego","California","060","San Diego","0730",4951,1870,12,"total religious edifices from NHGIS table NT44 (AK8001)",13600,274.692,24.2375,48200,,,39055.54,"wave_coverage_differs"
"G0600750",1870,1870,"San Francisco, California","San Francisco","California","060","San Francisco","0750",149473,1870,74,"total religious edifices from NHGIS table NT44 (AK8001)",53600,35.8593,4.9507,5312700,,,123.16,"wave_coverage_differs"
"G0600770",1870,1870,"San Joaquin, California","San Joaquin","California","060","San Joaquin","0770",21050,1870,22,"total religious edifices from NHGIS table NT44 (AK8001)",4600,21.8527,10.4513,166060,,,3648.07,"wave_coverage_differs"
"G0600790",1870,1870,"San Luis Obispo, California","San Luis Obispo","California","060","San Luis Obispo","0790",4772,1870,4,"total religious edifices from NHGIS table NT44 (AK8001)",2250,47.15,8.3822,14100,,,9208.38,"wave_coverage_differs"
"G0600810",1870,1870,"San Mateo, California","San Mateo","California","060","San Mateo","0810",6635,1870,13,"total religious edifices from NHGIS table NT44 (AK8001)",1890,28.4853,19.5931,98850,,,1173.99,"wave_coverage_differs"
"G3550395",1870,1870,"San Miguel, New Mexico Territory","San Miguel","New Mexico Territory","355","San Miguel","0395",16058,1870,26,"total religious edifices from NHGIS table NT44 (AK8001)",20660,128.6586,16.1913,79700,,,34442.22,"wave_coverage_differs"
"G4804090",1870,1870,"San Patricio, Texas","San Patricio","Texas","480","San Patricio","4090",602,1870,1,"total religious edifices from NHGIS table NT44 (AK8001)",400,66.4452,16.6113,2500,,,1825.04,"wave_coverage_differs"
"G4804110",1870,1870,"San Saba, Texas","San Saba","Texas","480","San Saba","4110",1425,1870,1,"total religious edifices from NHGIS table NT44 (AK8001)",100,7.0175,7.0175,100,,,2948.47,"wave_coverage_differs"
"G3901430",1870,1870,"Sandusky, Ohio","Sandusky","Ohio","390","Sandusky","1430",25503,1870,43,"total religious edifices from NHGIS table NT44 (AK8001)",15800,61.9535,16.8608,155600,,,1063.19,"wave_coverage_differs"
"G0101155",1870,1870,"Sanford, Alabama","Sanford","Alabama","010","Sanford","1155",8893,1870,12,"total religious edifices from NHGIS table NT44 (AK8001)",1400,15.7427,13.4938,2100,,,1568.14,"wave_coverage_differs"
"G1701670",1870,1870,"Sangamon, Illinois","Sangamon","Illinois","170","Sangamon","1670",46352,1870,76,"total religious edifices from NHGIS table NT44 (AK8001)",26175,56.4701,16.3963,595100,,,2271.47,"wave_coverage_differs"
"G2601510",1870,1870,"Sanilac, Michigan","Sanilac","Michigan","260","Sanilac","1510",14562,1870,14,"total religious edifices from NHGIS table NT44 (AK8001)",2535,17.4083,9.6141,19300,,,2496.98,"wave_coverage_differs"
"G4950535",1870,1870,"Sanpete, Utah Territory","Sanpete","Utah Territory","495","Sanpete","0535",6786,1870,19,"total religious edifices from NHGIS table NT44 (AK8001)",6000,88.4173,27.9988,37000,,,21269.61,"wave_coverage_differs"
"G3550415",1870,1870,"Santa Anna, New Mexico Territory","Santa Anna","New Mexico Territory","355","Santa Anna","0415",2599,1870,12,"total religious edifices from NHGIS table NT44 (AK8001)",5300,203.9246,46.1716,23000,,,18309.46,"wave_coverage_differs"
"G0600830",1870,1870,"Santa Barbara, California","Santa Barbara","California","060","Santa Barbara","0830",7784,1870,10,"total religious edifices from NHGIS table NT44 (AK8001)",2550,32.7595,12.8469,228100,,,11309.18,"wave_coverage_differs"
"G0600850",1870,1870,"Santa Clara, California","Santa Clara","California","060","Santa Clara","0850",26246,1870,26,"total religious edifices from NHGIS table NT44 (AK8001)",9210,35.0911,9.9063,219100,,,3362.69,"wave_coverage_differs"
"G0600870",1870,1870,"Santa Cruz, California","Santa Cruz","California","060","Santa Cruz","0870",8743,1870,12,"total religious edifices from NHGIS table NT44 (AK8001)",3740,42.7771,13.7253,57700,,,1156.07,"wave_coverage_differs"
"G3550435",1870,1870,"Santa Fe, New Mexico Territory","Santa Fe","New Mexico Territory","355","Santa Fe","0435",9699,1870,20,"total religious edifices from NHGIS table NT44 (AK8001)",9350,96.4017,20.6207,94500,,,5565.1,"wave_coverage_differs"
"G1201130",1870,1870,"Santa Rosa, Florida","Santa Rosa","Florida","120","Santa Rosa","1130",3312,1870,7,"total religious edifices from NHGIS table NT44 (AK8001)",950,28.6836,21.1353,2360,,,3940.02,"wave_coverage_differs"
"G3600910",1870,1870,"Saratoga, New York","Saratoga","New York","360","Saratoga","0910",51529,1870,101,"total religious edifices from NHGIS table NT44 (AK8001)",37845,73.4441,19.6006,544625,,,2185.44,"wave_coverage_differs"
"G3101530",1870,1870,"Sarpy, Nebraska","Sarpy","Nebraska","310","Sarpy","1530",2913,1870,6,"total religious edifices from NHGIS table NT44 (AK8001)",2200,75.5235,20.5973,5100,,,641.08,"wave_coverage_differs"
"G5501110",1870,1870,"Sauk, Wisconsin","Sauk","Wisconsin","550","Sauk","1110",23860,1870,28,"total religious edifices from NHGIS table NT44 (AK8001)",6085,25.5029,11.7351,55940,,,2197.91,"wave_coverage_differs"
"G3101550",1870,1870,"Saunders, Nebraska","Saunders","Nebraska","310","Saunders","1550",4547,1870,3,"total religious edifices from NHGIS table NT44 (AK8001)",1100,24.1918,6.5978,5300,,,1965.77,"wave_coverage_differs"
"G3600930",1870,1870,"Schenectady, New York","Schenectady","New York","360","Schenectady","0930",21347,1870,30,"total religious edifices from NHGIS table NT44 (AK8001)",14326,67.1101,14.0535,286300,,,542.03,"wave_coverage_differs"
"G1302490",1870,1870,"Schley, Georgia","Schley","Georgia","130","Schley","2490",5129,1870,9,"total religious edifices from NHGIS table NT44 (AK8001)",3325,64.8275,17.5473,8075,,,437.35,"wave_coverage_differs"
"G3600950",1870,1870,"Schoharie, New York","Schoharie","New York","360","Schoharie","0950",33340,1870,92,"total religious edifices from NHGIS table NT44 (AK8001)",31300,93.8812,27.5945,229000,,,1622.09,"wave_coverage_differs"
"G2601530",1870,1870,"Schoolcraft, Michigan","Schoolcraft","Michigan","260","Schoolcraft","1530",,1870,,"total religious edifices from NHGIS table NT44 (AK8001)",,,,,,,5947.37,"wave_coverage_differs"
"G1701690",1870,1870,"Schuyler, Illinois","Schuyler","Illinois","170","Schuyler","1690",17419,1870,29,"total religious edifices from NHGIS table NT44 (AK8001)",8200,47.075,16.6485,70200,,,1143.04,"wave_coverage_differs"
"G2901970",1870,1870,"Schuyler, Missouri","Schuyler","Missouri","290","Schuyler","1970",8820,1870,29,"total religious edifices from NHGIS table NT44 (AK8001)",5200,58.9569,32.8798,44500,,,798.12,"wave_coverage_differs"
"G3600970",1870,1870,"Schuyler, New York","Schuyler","New York","360","Schuyler","0970",18989,1870,47,"total religious edifices from NHGIS table NT44 (AK8001)",14087,74.1851,24.7512,198700,,,886.63,"wave_coverage_differs"
"G4201070",1870,1870,"Schuylkill, Pennsylvania","Schuylkill","Pennsylvania","420","Schuylkill","1070",116428,1870,124,"total religious edifices from NHGIS table NT44 (AK8001)",52400,45.0064,10.6504,737100,,,2026.95,"wave_coverage_differs"
"G3901450",1870,1870,"Scioto, Ohio","Scioto","Ohio","390","Scioto","1450",29302,1870,60,"total religious edifices from NHGIS table NT44 (AK8001)",19950,68.0841,20.4764,345600,,,1595.63,"wave_coverage_differs"
"G2901990",1870,1870,"Scotland, Missouri","Scotland","Missouri","290","Scotland","1990",10670,1870,21,"total religious edifices from NHGIS table NT44 (AK8001)",7100,66.5417,19.6813,26400,,,1137.78,"wave_coverage_differs"
"G0501270",1870,1870,"Scott, Arkansas","Scott","Arkansas","050","Scott","1270",7483,1870,16,"total religious edifices from NHGIS table NT44 (AK8001)",1375,18.375,21.3818,2200,,,2521.72,"wave_coverage_differs"
"G1701710",1870,1870,"Scott, Illinois","Scott","Illinois","170","Scott","1710",10530,1870,20,"total religious edifices from NHGIS table NT44 (AK8001)",6550,62.2032,18.9934,30700,,,654.67,"wave_coverage_differs"
"G1801430",1870,1870,"Scott, Indiana","Scott","Indiana","180","Scott","1430",7873,1870,17,"total religious edifices from NHGIS table NT44 (AK8001)",4400,55.8872,21.5928,11700,,,499.22,"wave_coverage_differs"
"G1901630",1870,1870,"Scott, Iowa","Scott","Iowa","190","Scott","1630",38599,1870,45,"total religious edifices from NHGIS table NT44 (AK8001)",13975,36.2056,11.6583,450600,,,1212.66,"wave_coverage_differs"
"G2102090",1870,1870,"Scott, Kentucky","Scott","Kentucky","210","Scott","2090",11607,1870,31,"total religious edifices from NHGIS table NT44 (AK8001)",9350,80.5548,26.708,124000,,,738.72,"wave_coverage_differs"
"G2701390",1870,1870,"Scott, Minnesota","Scott","Minnesota","270","Scott","1390",11042,1870,21,"total religious edifices from NHGIS table NT44 (AK8001)",3440,31.1538,19.0183,75500,,,950.68,"wave_coverage_differs"
"G2801230",1870,1870,"Scott, Mississippi","Scott","Mississippi","280","Scott","1230",7847,1870,17,"total religious edifices from NHGIS table NT44 (AK8001)",4100,52.2493,21.6643,5700,,,1580.88,"wave_coverage_differs"
"G2902010",1870,1870,"Scott, Missouri","Scott","Missouri","290","Scott","2010",7317,1870,16,"total religious edifices from NHGIS table NT44 (AK8001)",2300,31.4336,21.8669,70000,,,1102.99,"wave_coverage_differs"
"G4701510",1870,1870,"Scott, Tennessee","Scott","Tennessee","470","Scott","1510",4054,1870,15,"total religious edifices from NHGIS table NT44 (AK8001)",2100,51.8007,37.0005,1240,,,1380.02,"wave_coverage_differs"
"G5101690",1870,1870,"Scott, Virginia","Scott","Virginia","510","Scott","1690",13036,1870,22,"total religious edifices from NHGIS table NT44 (AK8001)",4100,31.4514,16.8763,7200,,,1395.07,"wave_coverage_differs"
"G1302510",1870,1870,"Screven, Georgia","Screven","Georgia","130","Screven","2510",9175,1870,24,"total religious edifices from NHGIS table NT44 (AK8001)",4660,50.7902,26.158,3200,,,1835.71,"wave_coverage_differs"
"G0501290",1870,1870,"Searcy, Arkansas","Searcy","Arkansas","050","Searcy","1290",5614,1870,26,"total religious edifices from NHGIS table NT44 (AK8001)",5200,92.6256,46.3128,5500,,,2235.65,"wave_coverage_differs"
"G0501310",1870,1870,"Sebastian, Arkansas","Sebastian","Arkansas","050","Sebastian","1310",12940,1870,14,"total religious edifices from NHGIS table NT44 (AK8001)",3475,26.8547,10.8192,76300,,,1945.42,"wave_coverage_differs"
"G2001730",1870,1870,"Sedgwick, Kansas","Sedgwick","Kansas","200","Sedgwick","1730",1095,1870,2,"total religious edifices from NHGIS table NT44 (AK8001)",600,54.7945,18.2648,4500,,,3923.72,"wave_coverage_differs"
"G3600990",1870,1870,"Seneca, New York","Seneca","New York","360","Seneca","0990",27823,1870,51,"total religious edifices from NHGIS table NT44 (AK8001)",18900,67.9294,18.3302,299500,,,1011.23,"wave_coverage_differs"
"G3901470",1870,1870,"Seneca, Ohio","Seneca","Ohio","390","Seneca","1470",30827,1870,95,"total religious edifices from NHGIS table NT44 (AK8001)",29950,97.1551,30.8171,297700,,,1431.73,"wave_coverage_differs"
"G4701530",1870,1870,"Sequatchie, Tennessee","Sequatchie","Tennessee","470","Sequatchie","1530",2335,1870,5,"total religious edifices from NHGIS table NT44 (AK8001)",600,25.6959,21.4133,500,,,689.01,"wave_coverage_differs"
"G0501330",1870,1870,"Sevier, Arkansas","Sevier","Arkansas","050","Sevier","1330",4492,1870,9,"total religious edifices from NHGIS table NT44 (AK8001)",2000,44.5236,20.0356,7000,,,1973.94,"wave_coverage_differs"
"G4701550",1870,1870,"Sevier, Tennessee","Sevier","Tennessee","470","Sevier","1550",11028,1870,34,"total religious edifices from NHGIS table NT44 (AK8001)",11400,103.3732,30.8306,14150,,,1336.81,"wave_coverage_differs"
"G4950555",1870,1870,"Sevier, Utah Territory","Sevier","Utah Territory","495","Sevier","0555",19,1870,,"total religious edifices from NHGIS table NT44 (AK8001)",,,,,,,16777.83,"wave_coverage_differs"
"G3101590",1870,1870,"Seward, Nebraska","Seward","Nebraska","310","Seward","1590",2953,1870,2,"total religious edifices from NHGIS table NT44 (AK8001)",650,22.0115,6.7728,2500,,,1491.52,"wave_coverage_differs"
"G4804170",1870,1870,"Shackelford, Texas","Shackelford","Texas","480","Shackelford","4170",455,1870,0,"total religious edifices from NHGIS table NT44 (AK8001)",0,0,0,0,,,2371.26,"wave_coverage_differs"
"G2902030",1870,1870,"Shannon, Missouri","Shannon","Missouri","290","Shannon","2030",2339,1870,6,"total religious edifices from NHGIS table NT44 (AK8001)",735,31.4237,25.652,2400,,,2600.62,"wave_coverage_differs"
"G0501350",1870,1870,"Sharp, Arkansas","Sharp","Arkansas","050","Sharp","1350",5400,1870,16,"total religious edifices from NHGIS table NT44 (AK8001)",2840,52.5926,29.6296,3750,,,1413.97,"wave_coverage_differs"
"G0600890",1870,1870,"Shasta, California","Shasta","California","060","Shasta","0890",4173,1870,3,"total religious edifices from NHGIS table NT44 (AK8001)",550,13.18,7.1891,2000,,,10601.7,"wave_coverage_differs"
"G5501150",1870,1870,"Shawano, Wisconsin","Shawano","Wisconsin","550","Shawano","1150",3166,1870,8,"total religious edifices from NHGIS table NT44 (AK8001)",1100,34.7442,25.2685,8200,,,3387.17,"wave_coverage_differs"
"G2001770",1870,1870,"Shawnee, Kansas","Shawnee","Kansas","200","Shawnee","1770",13121,1870,16,"total religious edifices from NHGIS table NT44 (AK8001)",4600,35.0583,12.1942,64000,,,1439.19,"wave_coverage_differs"
"G5501170",1870,1870,"Sheboygan, Wisconsin","Sheboygan","Wisconsin","550","Sheboygan","1170",31749,1870,43,"total religious edifices from NHGIS table NT44 (AK8001)",10315,32.4892,13.5437,74555,,,1340.32,"wave_coverage_differs"
"G0101170",1870,1870,"Shelby, Alabama","Shelby","Alabama","010","Shelby","1170",12218,1870,47,"total religious edifices from NHGIS table NT44 (AK8001)",10200,83.4834,38.4678,23550,,,2296.98,"wave_coverage_differs"
"G1701730",1870,1870,"Shelby, Illinois","Shelby","Illinois","170","Shelby","1730",25476,1870,19,"total religious edifices from NHGIS table NT44 (AK8001)",5700,22.374,7.458,23000,,,1989.31,"wave_coverage_differs"
"G1801450",1870,1870,"Shelby, Indiana","Shelby","Indiana","180","Shelby","1450",21892,1870,44,"total religious edifices from NHGIS table NT44 (AK8001)",15600,71.2589,20.0987,159500,,,1069.03,"wave_coverage_differs"
"G1901650",1870,1870,"Shelby, Iowa","Shelby","Iowa","190","Shelby","1650",2540,1870,2,"total religious edifices from NHGIS table NT44 (AK8001)",500,19.685,7.874,2600,,,1531.64,"wave_coverage_differs"
"G2102110",1870,1870,"Shelby, Kentucky","Shelby","Kentucky","210","Shelby","2110",15733,1870,40,"total religious edifices from NHGIS table NT44 (AK8001)",14900,94.7054,25.4243,128000,,,998.8,"wave_coverage_differs"
"G2902050",1870,1870,"Shelby, Missouri","Shelby","Missouri","290","Shelby","2050",10119,1870,11,"total religious edifices from NHGIS table NT44 (AK8001)",1750,17.2942,10.8706,8200,,,1300.99,"wave_coverage_differs"
"G3901490",1870,1870,"Shelby, Ohio","Shelby","Ohio","390","Shelby","1490",20748,1870,42,"total religious edifices from NHGIS table NT44 (AK8001)",14130,68.1029,20.2429,142150,,,1063.7,"wave_coverage_differs"
"G4701570",1870,1870,"Shelby, Tennessee","Shelby","Tennessee","470","Shelby","1570",76378,1870,81,"total religious edifices from NHGIS table NT44 (AK8001)",31775,41.6023,10.6051,841100,,,2020.67,"wave_coverage_differs"
"G4804190",1870,1870,"Shelby, Texas","Shelby","Texas","480","Shelby","4190",5732,1870,23,"total religious edifices from NHGIS table NT44 (AK8001)",6000,104.6755,40.1256,11000,,,2161.63,"wave_coverage_differs"
"G5101710",1870,1870,"Shenandoah, Virginia","Shenandoah","Virginia","510","Shenandoah","1710",14936,1870,47,"total religious edifices from NHGIS table NT44 (AK8001)",18600,124.5313,31.4676,79900,,,1327.56,"wave_coverage_differs"
"G2701410",1870,1870,"Sherburne, Minnesota","Sherburne","Minnesota","270","Sherburne","1410",2050,1870,2,"total religious edifices from NHGIS table NT44 (AK8001)",175,8.5366,9.7561,1000,,,1168.24,"wave_coverage_differs"
"G2601550",1870,1870,"Shiawassee, Michigan","Shiawassee","Michigan","260","Shiawassee","1550",20858,1870,21,"total religious edifices from NHGIS table NT44 (AK8001)",5250,25.1702,10.0681,75630,,,1401.05,"wave_coverage_differs"
"G1650235",1870,1870,"Shoshone, Idaho Territory","Shoshone","Idaho Territory","165","Shoshone","0235",722,1870,,"total religious edifices from NHGIS table NT44 (AK8001)",,,,,,,13049.57,"wave_coverage_differs"
"G2701430",1870,1870,"Sibley, Minnesota","Sibley","Minnesota","270","Sibley","1430",6725,1870,13,"total religious edifices from NHGIS table NT44 (AK8001)",4100,60.9665,19.3309,64000,,,1555.41,"wave_coverage_differs"
"G0600910",1870,1870,"Sierra, California","Sierra","California","060","Sierra","0910",5619,1870,5,"total religious edifices from NHGIS table NT44 (AK8001)",1090,19.3985,8.8984,16000,,,2410.21,"wave_coverage_differs"
"G2102130",1870,1870,"Simpson, Kentucky","Simpson","Kentucky","210","Simpson","2130",9573,1870,23,"total religious edifices from NHGIS table NT44 (AK8001)",7950,83.0461,24.0259,66000,,,612.11,"wave_coverage_differs"
"G2801270",1870,1870,"Simpson, Mississippi","Simpson","Mississippi","280","Simpson","1270",5718,1870,24,"total religious edifices from NHGIS table NT44 (AK8001)",6200,108.4295,41.9727,12500,,,1529.3,"wave_coverage_differs"
"G1901670",1870,1870,"Sioux, Iowa","Sioux","Iowa","190","Sioux","1670",576,1870,0,"total religious edifices from NHGIS table NT44 (AK8001)",0,0,0,0,,,1991.68,"wave_coverage_differs"
"G0600930",1870,1870,"Siskiyou, California","Siskiyou","California","060","Siskiyou","0930",6848,1870,5,"total religious edifices from NHGIS table NT44 (AK8001)",600,8.7617,7.3014,8000,,,23553.48,"wave_coverage_differs"
"G5350355",1870,1870,"Skamania, Washington Territory","Skamania","Washington Territory","535","Skamania","0355",133,1870,,"total religious edifices from NHGIS table NT44 (AK8001)",,,,,,,5474.12,"wave_coverage_differs"
"G2001830",1870,1870,"Smith, Kansas","Smith","Kansas","200","Smith","1830",66,1870,0,"total religious edifices from NHGIS table NT44 (AK8001)",0,0,0,0,,,2323.12,"wave_coverage_differs"
"G2801290",1870,1870,"Smith, Mississippi","Smith","Mississippi","280","Smith","1290",7126,1870,28,"total religious edifices from NHGIS table NT44 (AK8001)",6100,85.602,39.2927,8450,,,1650.5,"wave_coverage_differs"
"G4701590",1870,1870,"Smith, Tennessee","Smith","Tennessee","470","Smith","1590",15994,1870,37,"total religious edifices from NHGIS table NT44 (AK8001)",10000,62.5234,23.1337,34000,,,957.06,"wave_coverage_differs"
"G4804230",1870,1870,"Smith, Texas","Smith","Texas","480","Smith","4230",16532,1870,8,"total religious edifices from NHGIS table NT44 (AK8001)",1650,9.9806,4.8391,4100,,,2459.78,"wave_coverage_differs"
"G5101730",1870,1870,"Smyth, Virginia","Smyth","Virginia","510","Smyth","1730",8898,1870,18,"total religious edifices from NHGIS table NT44 (AK8001)",10800,121.3756,20.2293,16400,,,1171.44,"wave_coverage_differs"
"G5350395",1870,1870,"Snohomish, Washington Territory","Snohomish","Washington Territory","535","Snohomish","0395",599,1870,,"total religious edifices from NHGIS table NT44 (AK8001)",,,,,,,5477.9,"wave_coverage_differs"
"G4201090",1870,1870,"Snyder, Pennsylvania","Snyder","Pennsylvania","420","Snyder","1090",15606,1870,36,"total religious edifices from NHGIS table NT44 (AK8001)",17150,109.8936,23.0681,96600,,,859.53,"wave_coverage_differs"
"G3550475",1870,1870,"Socorro, New Mexico Territory","Socorro","New Mexico Territory","355","Socorro","0475",6603,1870,10,"total religious edifices from NHGIS table NT44 (AK8001)",3300,49.9773,15.1446,8800,,,41999.73,"wave_coverage_differs"
"G0600950",1870,1870,"Solano, California","Solano","California","060","Solano","0950",16871,1870,21,"total religious edifices from NHGIS table NT44 (AK8001)",6095,36.1271,12.4474,122300,,,2170.13,"wave_coverage_differs"
"G2300250",1870,1870,"Somerset, Maine","Somerset","Maine","230","Somerset","0250",34611,1870,51,"total religious edifices from NHGIS table NT44 (AK8001)",14517,41.9433,14.7352,119100,,,10606.74,"wave_coverage_differs"
"G2400390",1870,1870,"Somerset, Maryland","Somerset","Maryland","240","Somerset","0390",18190,1870,38,"total religious edifices from NHGIS table NT44 (AK8001)",11100,61.0225,20.8906,59100,,,846.86,"wave_coverage_differs"
"G3400350",1870,1870,"Somerset, New Jersey","Somerset","New Jersey","340","Somerset","0350",23510,1870,51,"total religious edifices from NHGIS table NT44 (AK8001)",26845,114.1855,21.6929,576450,,,789.52,"wave_coverage_differs"
"G4201110",1870,1870,"Somerset, Pennsylvania","Somerset","Pennsylvania","420","Somerset","1110",28226,1870,109,"total religious edifices from NHGIS table NT44 (AK8001)",35350,125.2391,38.6169,205200,,,2799.98,"wave_coverage_differs"
"G0600970",1870,1870,"Sonoma, California","Sonoma","California","060","Sonoma","0970",19819,1870,32,"total religious edifices from NHGIS table NT44 (AK8001)",5900,29.7694,16.1461,69900,,,4127.53,"wave_coverage_differs"
"G5101750",1870,1870,"Southampton, Virginia","Southampton","Virginia","510","Southampton","1750",12285,1870,23,"total religious edifices from NHGIS table NT44 (AK8001)",2675,21.7745,18.722,7975,,,1581.65,"wave_coverage_differs"
"G1302550",1870,1870,"Spalding, Georgia","Spalding","Georgia","130","Spalding","2550",10205,1870,17,"total religious edifices from NHGIS table NT44 (AK8001)",8100,79.3729,16.6585,33200,,,526.41,"wave_coverage_differs"
"G4500830",1870,1870,"Spartanburg, South Carolina","Spartanburg","South Carolina","450","Spartanburg","0830",25784,1870,75,"total religious edifices from NHGIS table NT44 (AK8001)",20750,80.4763,29.0878,55100,,,2632.99,"wave_coverage_differs"
"G1801470",1870,1870,"Spencer, Indiana","Spencer","Indiana","180","Spencer","1470",17998,1870,40,"total religious edifices from NHGIS table NT44 (AK8001)",10150,56.3952,22.2247,76800,,,1038.57,"wave_coverage_differs"
"G2102150",1870,1870,"Spencer, Kentucky","Spencer","Kentucky","210","Spencer","2150",5956,1870,12,"total religious edifices from NHGIS table NT44 (AK8001)",5100,85.6279,20.1478,50000,,,496.66,"wave_coverage_differs"
"G5101770",1870,1870,"Spotsylvania, Virginia","Spotsylvania","Virginia","510","Spotsylvania","1770",11728,1870,24,"total religious edifices from NHGIS table NT44 (AK8001)",12150,103.5982,20.4638,124000,,,1094.82,"wave_coverage_differs"
"G2200870",1870,1870,"St Bernard, Louisiana","St Bernard","Louisiana","220","St Bernard","0870",3553,1870,1,"total religious edifices from NHGIS table NT44 (AK8001)",500,14.0726,2.8145,6000,,,1166.5,"wave_coverage_differs"
"G2200890",1870,1870,"St Charles, Louisiana","St Charles","Louisiana","220","St Charles","0890",4867,1870,8,"total religious edifices from NHGIS table NT44 (AK8001)",1100,22.6012,16.4372,23600,,,927.47,"wave_coverage_differs"
"G2901830",1870,1870,"St Charles, Missouri","St Charles","Missouri","290","St Charles","1830",21304,1870,39,"total religious edifices from NHGIS table NT44 (AK8001)",7000,32.8577,18.3064,294500,,,1534.97,"wave_coverage_differs"
"G0101150",1870,1870,"St Clair, Alabama","St Clair","Alabama","010","St Clair","1150",9360,1870,16,"total religious edifices from NHGIS table NT44 (AK8001)",2550,27.2436,17.094,4100,,,1678.32,"wave_coverage_differs"
"G1701630",1870,1870,"St Clair, Illinois","St Clair","Illinois","170","St Clair","1630",51068,1870,29,"total religious edifices from NHGIS table NT44 (AK8001)",11460,22.4407,5.6787,288400,,,1747.29,"wave_coverage_differs"
"G2601470",1870,1870,"St Clair, Michigan","St Clair","Michigan","260","St Clair","1470",36661,1870,34,"total religious edifices from NHGIS table NT44 (AK8001)",12300,33.5506,9.2742,210850,,,1880.2,"wave_coverage_differs"
"G2901850",1870,1870,"St Clair, Missouri","St Clair","Missouri","290","St Clair","1850",6742,1870,4,"total religious edifices from NHGIS table NT44 (AK8001)",650,9.6411,5.933,5500,,,1818.32,"wave_coverage_differs"
"G5501090",1870,1870,"St Croix, Wisconsin","St Croix","Wisconsin","550","St Croix","1090",11035,1870,12,"total religious edifices from NHGIS table NT44 (AK8001)",3825,34.6624,10.8745,39000,,,1905.41,"wave_coverage_differs"
"G0501230",1870,1870,"St Francis, Arkansas","St Francis","Arkansas","050","St Francis","1230",6714,1870,22,"total religious edifices from NHGIS table NT44 (AK8001)",3850,57.3429,32.7674,17300,,,1686.65,"wave_coverage_differs"
"G2901870",1870,1870,"St Francois, Missouri","St Francois","Missouri","290","St Francois","1870",9742,1870,11,"total religious edifices from NHGIS table NT44 (AK8001)",1350,13.8575,11.2913,4100,,,1171.64,"wave_coverage_differs"
"G2200910",1870,1870,"St Helena, Louisiana","St Helena","Louisiana","220","St Helena","0910",5423,1870,13,"total religious edifices from NHGIS table NT44 (AK8001)",3150,58.0859,23.972,8000,,,1061.03,"wave_coverage_differs"
"G2200930",1870,1870,"St James, Louisiana","St James","Louisiana","220","St James","0930",10152,1870,7,"total religious edifices from NHGIS table NT44 (AK8001)",2400,23.6407,6.8952,34000,,,732.64,"wave_coverage_differs"
"G2200950",1870,1870,"St John The Baptist, Louisiana","St John The Baptist","Louisiana","220","St John The Baptist","0950",6762,1870,6,"total religious edifices from NHGIS table NT44 (AK8001)",4200,62.1118,8.8731,6000,,,652.4,"wave_coverage_differs"
"G1201090",1870,1870,"St Johns, Florida","St Johns","Florida","120","St Johns","1090",2618,1870,4,"total religious edifices from NHGIS table NT44 (AK8001)",2000,76.3942,15.2788,57500,,,2344.97,"wave_coverage_differs"
"G1801410",1870,1870,"St Joseph, Indiana","St Joseph","Indiana","180","St Joseph","1410",25322,1870,43,"total religious edifices from NHGIS table NT44 (AK8001)",14650,57.8548,16.9813,146000,,,1194.98,"wave_coverage_differs"
"G2601490",1870,1870,"St Joseph, Michigan","St Joseph","Michigan","260","St Joseph","1490",26275,1870,43,"total religious edifices from NHGIS table NT44 (AK8001)",13925,52.9971,16.3654,230500,,,1349.46,"wave_coverage_differs"
"G2200970",1870,1870,"St Landry, Louisiana","St Landry","Louisiana","220","St Landry","0970",25553,1870,9,"total religious edifices from NHGIS table NT44 (AK8001)",4700,18.3931,3.5221,39000,,,5910.42,"wave_coverage_differs"
"G2901890",1870,1870,"St Louis, Missouri","St Louis","Missouri","290","St Louis","1890",351189,1870,145,"total religious edifices from NHGIS table NT44 (AK8001)",133800,38.0991,4.1288,4940270,,,1521.75,"wave_coverage_differs"
"G2200990",1870,1870,"St Martin, Louisiana","St Martin","Louisiana","220","St Martin","0990",9370,1870,4,"total religious edifices from NHGIS table NT44 (AK8001)",1550,16.5422,4.2689,12000,,,2114.7,"wave_coverage_differs"
"G2201010",1870,1870,"St Mary, Louisiana","St Mary","Louisiana","220","St Mary","1010",13860,1870,9,"total religious edifices from NHGIS table NT44 (AK8001)",2000,14.43,6.4935,25000,,,1759.57,"wave_coverage_differs"
"G2400370",1870,1870,"St Marys, Maryland","St Mary's","Maryland","240","St Mary's","0370",14944,1870,24,"total religious edifices from NHGIS table NT44 (AK8001)",23600,157.9229,16.06,70000,,,946.42,"wave_coverage_differs"
"G2201030",1870,1870,"St Tammany, Louisiana","St Tammany","Louisiana","220","St Tammany","1030",5586,1870,9,"total religious edifices from NHGIS table NT44 (AK8001)",2050,36.6989,16.1117,9300,,,2259.71,"wave_coverage_differs"
"G3600890",1870,1870,"St. Lawrence, New York","St Lawrence","New York","360","St Lawrence","0890",84826,1870,133,"total religious edifices from NHGIS table NT44 (AK8001)",44214,52.1232,15.6792,576400,,,7153.23,"wave_coverage_differs"
"G2701370",1870,1870,"St. Louis, Minnesota","St Louis","Minnesota","270","St Louis","1370",4561,1870,5,"total religious edifices from NHGIS table NT44 (AK8001)",1600,35.08,10.9625,55000,,,17573.66,"wave_coverage_differs"
"G5101790",1870,1870,"Stafford, Virginia","Stafford","Virginia","510","Stafford","1790",6420,1870,14,"total religious edifices from NHGIS table NT44 (AK8001)",4700,73.2087,21.8069,16600,,,708.79,"wave_coverage_differs"
"G0600990",1870,1870,"Stanislaus, California","Stanislaus","California","060","Stanislaus","0990",6499,1870,5,"total religious edifices from NHGIS table NT44 (AK8001)",1300,20.0031,7.6935,4000,,,3922.71,"wave_coverage_differs"
"G3701670",1870,1870,"Stanly, North Carolina","Stanly","North Carolina","370","Stanly","1670",8315,1870,34,"total religious edifices from NHGIS table NT44 (AK8001)",12300,147.9254,40.89,12700,,,1048.51,"wave_coverage_differs"
"G3101670",1870,1870,"Stanton, Nebraska","Stanton","Nebraska","310","Stanton","1670",636,1870,0,"total religious edifices from NHGIS table NT44 (AK8001)",0,0,0,0,,,1116.29,"wave_coverage_differs"
"G1701750",1870,1870,"Stark, Illinois","Stark","Illinois","170","Stark","1750",10751,1870,17,"total religious edifices from NHGIS table NT44 (AK8001)",4870,45.2981,15.8125,52300,,,746.81,"wave_coverage_differs"
"G3901510",1870,1870,"Stark, Ohio","Stark","Ohio","390","Stark","1510",52508,1870,122,"total religious edifices from NHGIS table NT44 (AK8001)",41550,79.1308,23.2346,609390,,,1503.53,"wave_coverage_differs"
"G1801490",1870,1870,"Starke, Indiana","Starke","Indiana","180","Starke","1490",3888,1870,4,"total religious edifices from NHGIS table NT44 (AK8001)",750,19.2901,10.2881,800,,,808.61,"wave_coverage_differs"
"G4804270",1870,1870,"Starr, Texas","Starr","Texas","480","Starr","4270",4154,1870,1,"total religious edifices from NHGIS table NT44 (AK8001)",800,19.2585,2.4073,4000,,,7158.11,"wave_coverage_differs"
"G2901860",1870,1870,"Ste Genevieve, Missouri","Ste Genevieve","Missouri","290","Ste Genevieve","1860",8384,1870,11,"total religious edifices from NHGIS table NT44 (AK8001)",2900,34.5897,13.1202,28000,,,1318.35,"wave_coverage_differs"
"G2701450",1870,1870,"Stearns, Minnesota","Stearns","Minnesota","270","Stearns","1450",14206,1870,19,"total religious edifices from NHGIS table NT44 (AK8001)",7100,49.9789,13.3746,170500,,,3599.87,"wave_coverage_differs"
"G2701470",1870,1870,"Steele, Minnesota","Steele","Minnesota","270","Steele","1470",8271,1870,7,"total religious edifices from NHGIS table NT44 (AK8001)",1800,21.7628,8.4633,11600,,,1119.75,"wave_coverage_differs"
"G4804290",1870,1870,"Stephens, Texas","Stephens","Texas","480","Stephens","4290",330,1870,,"total religious edifices from NHGIS table NT44 (AK8001)",,,,,,,2386.65,"wave_coverage_differs"
"G1701770",1870,1870,"Stephenson, Illinois","Stephenson","Illinois","170","Stephenson","1770",30608,1870,49,"total religious edifices from NHGIS table NT44 (AK8001)",17280,56.4558,16.0089,227425,,,1463.49,"wave_coverage_differs"
"G1801510",1870,1870,"Steuben, Indiana","Steuben","Indiana","180","Steuben","1510",12854,1870,25,"total religious edifices from NHGIS table NT44 (AK8001)",7950,61.8485,19.4492,53000,,,835.16,"wave_coverage_differs"
"G3601010",1870,1870,"Steuben, New York","Steuben","New York","360","Steuben","1010",67717,1870,103,"total religious edifices from NHGIS table NT44 (AK8001)",39090,57.7255,15.2104,340000,,,3636.58,"wave_coverage_differs"
"G2701490",1870,1870,"Stevens, Minnesota","Stevens","Minnesota","270","Stevens","1490",174,1870,,"total religious edifices from NHGIS table NT44 (AK8001)",,,,,,,1490.07,"wave_coverage_differs"
"G5350435",1870,1870,"Stevens, Washington Territory","Stevens","Washington Territory","535","Stevens","0435",734,1870,3,"total religious edifices from NHGIS table NT44 (AK8001)",500,68.1199,40.8719,3000,,,71904.32,"wave_coverage_differs"
"G1302590",1870,1870,"Stewart, Georgia","Stewart","Georgia","130","Stewart","2590",14204,1870,32,"total religious edifices from NHGIS table NT44 (AK8001)",14600,102.7879,22.5289,16400,,,1211.59,"wave_coverage_differs"
"G4701610",1870,1870,"Stewart, Tennessee","Stewart","Tennessee","470","Stewart","1610",12019,1870,29,"total religious edifices from NHGIS table NT44 (AK8001)",9600,79.8735,24.1285,12400,,,1594.1,"wave_coverage_differs"
"G2902070",1870,1870,"Stoddard, Missouri","Stoddard","Missouri","290","Stoddard","2070",8535,1870,19,"total religious edifices from NHGIS table NT44 (AK8001)",4100,48.0375,22.2613,17400,,,2102.1,"wave_coverage_differs"
"G3701690",1870,1870,"Stokes, North Carolina","Stokes","North Carolina","370","Stokes","1690",11208,1870,13,"total religious edifices from NHGIS table NT44 (AK8001)",1650,14.7216,11.5989,3020,,,1180.08,"wave_coverage_differs"
"G2902090",1870,1870,"Stone, Missouri","Stone","Missouri","290","Stone","2090",3253,1870,6,"total religious edifices from NHGIS table NT44 (AK8001)",800,24.5927,18.4445,4600,,,1322.9,"wave_coverage_differs"
"G3200290",1870,1870,"Storey, Nevada","Storey","Nevada","320","Storey","0290",11359,1870,9,"total religious edifices from NHGIS table NT44 (AK8001)",4950,43.5778,7.9232,142500,,,682.84,"wave_coverage_differs"
"G1901690",1870,1870,"Story, Iowa","Story","Iowa","190","Story","1690",11651,1870,12,"total religious edifices from NHGIS table NT44 (AK8001)",2870,24.6331,10.2995,19800,,,1485.74,"wave_coverage_differs"
"G3300170",1870,1870,"Strafford, New Hampshire","Strafford","New Hampshire","330","Strafford","0170",30243,1870,56,"total religious edifices from NHGIS table NT44 (AK8001)",19550,64.6431,18.5167,290000,,,984.35,"wave_coverage_differs"
"G2500250",1870,1870,"Suffolk, Massachusetts","Suffolk","Massachusetts","250","Suffolk","0250",270802,1870,157,"total religious edifices from NHGIS table NT44 (AK8001)",136580,50.4354,5.7976,7813500,,,99.36,"wave_coverage_differs"
"G3601030",1870,1870,"Suffolk, New York","Suffolk","New York","360","Suffolk","1030",46924,1870,24,"total religious edifices from NHGIS table NT44 (AK8001)",10000,21.3111,5.1147,170000,,,2411.92,"wave_coverage_differs"
"G1801530",1870,1870,"Sullivan, Indiana","Sullivan","Indiana","180","Sullivan","1530",18453,1870,40,"total religious edifices from NHGIS table NT44 (AK8001)",16150,87.5196,21.6767,55800,,,1176.18,"wave_coverage_differs"
"G2902110",1870,1870,"Sullivan, Missouri","Sullivan","Missouri","290","Sullivan","2110",11907,1870,9,"total religious edifices from NHGIS table NT44 (AK8001)",1000,8.3984,7.5586,1650,,,1687.39,"wave_coverage_differs"
"G3300190",1870,1870,"Sullivan, New Hampshire","Sullivan","New Hampshire","330","Sullivan","0190",18058,1870,54,"total religious edifices from NHGIS table NT44 (AK8001)",15425,85.4192,29.9036,180700,,,1429.65,"wave_coverage_differs"
"G3601050",1870,1870,"Sullivan, New York","Sullivan","New York","360","Sullivan","1050",34550,1870,67,"total religious edifices from NHGIS table NT44 (AK8001)",20836,60.3068,19.3922,126800,,,2581.48,"wave_coverage_differs"
"G4201130",1870,1870,"Sullivan, Pennsylvania","Sullivan","Pennsylvania","420","Sullivan","1130",6191,1870,16,"total religious edifices from NHGIS table NT44 (AK8001)",5100,82.3776,25.844,64400,,,1171.58,"wave_coverage_differs"
"G4701630",1870,1870,"Sullivan, Tennessee","Sullivan","Tennessee","470","Sullivan","1630",13136,1870,35,"total religious edifices from NHGIS table NT44 (AK8001)",13050,99.3453,26.6443,32100,,,1114.97,"wave_coverage_differs"
"G0850395",1870,1870,"Summit, Colorado Territory","Summit","Colorado Territory","085","Summit","0395",258,1870,,"total religious edifices from NHGIS table NT44 (AK8001)",,,,,,,49487.64,"wave_coverage_differs"
"G3901530",1870,1870,"Summit, Ohio","Summit","Ohio","390","Summit","1530",34674,1870,68,"total religious edifices from NHGIS table NT44 (AK8001)",25000,72.1001,19.6112,413700,,,1088.02,"wave_coverage_differs"
"G4950595",1870,1870,"Summit, Utah Territory","Summit","Utah Territory","495","Summit","0595",2512,1870,8,"total religious edifices from NHGIS table NT44 (AK8001)",1600,63.6943,31.8471,3000,,,3511.6,"wave_coverage_differs"
"G2001910",1870,1870,"Sumner, Kansas","Sumner","Kansas","200","Sumner","1910",22,1870,0,"total religious edifices from NHGIS table NT44 (AK8001)",0,0,0,0,,,3069.03,"wave_coverage_differs"
"G4701650",1870,1870,"Sumner, Tennessee","Sumner","Tennessee","470","Sumner","1650",23711,1870,36,"total religious edifices from NHGIS table NT44 (AK8001)",11215,47.2987,15.1828,106150,,,1553.01,"wave_coverage_differs"
"G0101190",1870,1870,"Sumter, Alabama","Sumter","Alabama","010","Sumter","1190",24109,1870,30,"total religious edifices from NHGIS table NT44 (AK8001)",7425,30.7976,12.4435,19600,,,2365.48,"wave_coverage_differs"
"G1201190",1870,1870,"Sumter, Florida","Sumter","Florida","120","Sumter","1190",2952,1870,3,"total religious edifices from NHGIS table NT44 (AK8001)",150,5.0813,10.1626,300,,,3822.89,"wave_coverage_differs"
"G1302610",1870,1870,"Sumter, Georgia","Sumter","Georgia","130","Sumter","2610",16559,1870,39,"total religious edifices from NHGIS table NT44 (AK8001)",11800,71.2603,23.5521,41000,,,1311.93,"wave_coverage_differs"
"G4500850",1870,1870,"Sumter, South Carolina","Sumter","South Carolina","450","Sumter","0850",25268,1870,35,"total religious edifices from NHGIS table NT44 (AK8001)",10950,43.3354,13.8515,60800,,,2406.66,"wave_coverage_differs"
"G2801330",1870,1870,"Sunflower, Mississippi","Sunflower","Mississippi","280","Sunflower","1330",5015,1870,,"total religious edifices from NHGIS table NT44 (AK8001)",,,,,,,2474.11,"wave_coverage_differs"
"G3701710",1870,1870,"Surry, North Carolina","Surry","North Carolina","370","Surry","1710",11252,1870,40,"total religious edifices from NHGIS table NT44 (AK8001)",8300,73.7647,35.5492,5505,,,1389.05,"wave_coverage_differs"
"G5101810",1870,1870,"Surry, Virginia","Surry","Virginia","510","Surry","1810",5585,1870,12,"total religious edifices from NHGIS table NT44 (AK8001)",2750,49.239,21.4861,3250,,,729.48,"wave_coverage_differs"
"G4201150",1870,1870,"Susquehanna, Pennsylvania","Susquehanna","Pennsylvania","420","Susquehanna","1150",37523,1870,61,"total religious edifices from NHGIS table NT44 (AK8001)",17740,47.2777,16.2567,250400,,,2155.82,"wave_coverage_differs"
"G1000050",1870,1870,"Sussex, Delaware","Sussex","Delaware","100","Sussex","0050",31696,1870,98,"total religious edifices from NHGIS table NT44 (AK8001)",27636,87.1908,30.9187,136050,,,2448.62,"wave_coverage_differs"
"G3400370",1870,1870,"Sussex, New Jersey","Sussex","New Jersey","340","Sussex","0370",23168,1870,53,"total religious edifices from NHGIS table NT44 (AK8001)",16725,72.1901,22.8764,282200,,,1388.17,"wave_coverage_differs"
"G5101830",1870,1870,"Sussex, Virginia","Sussex","Virginia","510","Sussex","1830",7885,1870,12,"total religious edifices from NHGIS table NT44 (AK8001)",7550,95.7514,15.2188,6300,,,1276.42,"wave_coverage_differs"
"G0601010",1870,1870,"Sutter, California","Sutter","California","060","Sutter","1010",5030,1870,5,"total religious edifices from NHGIS table NT44 (AK8001)",1850,36.7793,9.9404,9000,,,1576.84,"wave_coverage_differs"
"G1201210",1870,1870,"Suwannee, Florida","Suwannee","Florida","120","Suwannee","1210",3556,1870,15,"total religious edifices from NHGIS table NT44 (AK8001)",2100,59.0551,42.1822,2000,,,1788.13,"wave_coverage_differs"
"G5650115",1870,1870,"Sweetwater, Wyoming Territory","Sweetwater","Wyoming Territory","565","Sweetwater","0115",1916,1870,,"total religious edifices from NHGIS table NT44 (AK8001)",,,,,,,92386.69,"wave_coverage_differs"
"G1801550",1870,1870,"Switzerland, Indiana","Switzerland","Indiana","180","Switzerland","1550",12134,1870,29,"total religious edifices from NHGIS table NT44 (AK8001)",8600,70.8752,23.8998,61000,,,579.37,"wave_coverage_differs"
"G1302630",1870,1870,"Talbot, Georgia","Talbot","Georgia","130","Talbot","2630",11913,1870,33,"total religious edifices from NHGIS table NT44 (AK8001)",10250,86.0405,27.7008,10200,,,1014.92,"wave_coverage_differs"
"G2400410",1870,1870,"Talbot, Maryland","Talbot","Maryland","240","Talbot","0410",16137,1870,39,"total religious edifices from NHGIS table NT44 (AK8001)",9700,60.1103,24.1681,102900,,,699.34,"wave_coverage_differs"
"G1302650",1870,1870,"Taliaferro, Georgia","Taliaferro","Georgia","130","Taliaferro","2650",4796,1870,6,"total religious edifices from NHGIS table NT44 (AK8001)",3600,75.0626,12.5104,10600,,,505.93,"wave_coverage_differs"
"G0101210",1870,1870,"Talladega, Alabama","Talladega","Alabama","010","Talladega","1210",18064,1870,49,"total religious edifices from NHGIS table NT44 (AK8001)",15200,84.1453,27.1258,42650,,,2059.59,"wave_coverage_differs"
"G2801350",1870,1870,"Tallahatchie, Mississippi","Tallahatchie","Mississippi","280","Tallahatchie","1350",7852,1870,14,"total religious edifices from NHGIS table NT44 (AK8001)",4000,50.9424,17.8299,9700,,,1972.2,"wave_coverage_differs"
"G0101230",1870,1870,"Tallapoosa, Alabama","Tallapoosa","Alabama","010","Tallapoosa","1230",16963,1870,41,"total religious edifices from NHGIS table NT44 (AK8001)",13850,81.6483,24.1703,21200,,,1992.28,"wave_coverage_differs"
"G1901710",1870,1870,"Tama, Iowa","Tama","Iowa","190","Tama","1710",16131,1870,16,"total religious edifices from NHGIS table NT44 (AK8001)",4960,30.7482,9.9188,59500,,,1870.18,"wave_coverage_differs"
"G2902130",1870,1870,"Taney, Missouri","Taney","Missouri","290","Taney","2130",4407,1870,6,"total religious edifices from NHGIS table NT44 (AK8001)",850,19.2875,13.6147,3200,,,1687.68,"wave_coverage_differs"
"G2201050",1870,1870,"Tangipahoa, Louisiana","Tangipahoa","Louisiana","220","Tangipahoa","1050",7928,1870,9,"total religious edifices from NHGIS table NT44 (AK8001)",2550,32.1645,11.3522,9400,,,2076.71,"wave_coverage_differs"
"G3550495",1870,1870,"Taos, New Mexico Territory","Taos","New Mexico Territory","355","Taos","0495",12079,1870,17,"total religious edifices from NHGIS table NT44 (AK8001)",6300,52.1566,14.074,21743,,,24916.8,"wave_coverage_differs"
"G4804390",1870,1870,"Tarrant, Texas","Tarrant","Texas","480","Tarrant","4390",5788,1870,9,"total religious edifices from NHGIS table NT44 (AK8001)",2700,46.6482,15.5494,5000,,,2324.51,"wave_coverage_differs"
"G1302670",1870,1870,"Tattnall, Georgia","Tattnall","Georgia","130","Tattnall","2670",4860,1870,22,"total religious edifices from NHGIS table NT44 (AK8001)",4400,90.535,45.2675,9000,,,2568.34,"wave_coverage_differs"
"G1201230",1870,1870,"Taylor, Florida","Taylor","Florida","120","Taylor","1230",1453,1870,12,"total religious edifices from NHGIS table NT44 (AK8001)",1450,99.7935,82.5877,4100,,,2655.08,"wave_coverage_differs"
"G1302690",1870,1870,"Taylor, Georgia","Taylor","Georgia","130","Taylor","2690",7143,1870,12,"total religious edifices from NHGIS table NT44 (AK8001)",4200,58.7988,16.7997,3600,,,987.31,"wave_coverage_differs"
"G1901730",1870,1870,"Taylor, Iowa","Taylor","Iowa","190","Taylor","1730",6989,1870,4,"total religious edifices from NHGIS table NT44 (AK8001)",1750,25.0393,5.7233,16650,,,1384.75,"wave_coverage_differs"
"G2102170",1870,1870,"Taylor, Kentucky","Taylor","Kentucky","210","Taylor","2170",8226,1870,22,"total religious edifices from NHGIS table NT44 (AK8001)",8100,98.4683,26.7445,21050,,,717.28,"wave_coverage_differs"
"G4804410",1870,1870,"Taylor, Texas","Taylor","Texas","480","Taylor","4410",,1870,,"total religious edifices from NHGIS table NT44 (AK8001)",,,,,,,2779.56,"wave_coverage_differs"
"G5400910",1870,1870,"Taylor, West Virginia","Taylor","West Virginia","540","Taylor","0910",9367,1870,30,"total religious edifices from NHGIS table NT44 (AK8001)",10850,115.8322,32.0273,47100,,,455.01,"wave_coverage_differs"
"G1701790",1870,1870,"Tazewell, Illinois","Tazewell","Illinois","170","Tazewell","1790",27903,1870,55,"total religious edifices from NHGIS table NT44 (AK8001)",13770,49.3495,19.7111,193950,,,1704.01,"wave_coverage_differs"
"G5101850",1870,1870,"Tazewell, Virginia","Tazewell","Virginia","510","Tazewell","1850",10791,1870,28,"total religious edifices from NHGIS table NT44 (AK8001)",9100,84.3295,25.9475,18000,,,1346.72,"wave_coverage_differs"
"G0601030",1870,1870,"Tehama, California","Tehama","California","060","Tehama","1030",3587,1870,3,"total religious edifices from NHGIS table NT44 (AK8001)",800,22.3028,8.3635,1300,,,8049.42,"wave_coverage_differs"
"G1302710",1870,1870,"Telfair, Georgia","Telfair","Georgia","130","Telfair","2710",3245,1870,15,"total religious edifices from NHGIS table NT44 (AK8001)",1520,46.8413,46.225,1675,,,1533.94,"wave_coverage_differs"
"G2201070",1870,1870,"Tensas, Louisiana","Tensas","Louisiana","220","Tensas","1070",12419,1870,4,"total religious edifices from NHGIS table NT44 (AK8001)",1300,10.4678,3.2209,11000,,,1660.68,"wave_coverage_differs"
"G2201090",1870,1870,"Terrebonne, Louisiana","Terrebonne","Louisiana","220","Terrebonne","1090",12451,1870,9,"total religious edifices from NHGIS table NT44 (AK8001)",2750,22.0866,7.2283,5300,,,4683.28,"wave_coverage_differs"
"G1302730",1870,1870,"Terrell, Georgia","Terrell","Georgia","130","Terrell","2730",9053,1870,19,"total religious edifices from NHGIS table NT44 (AK8001)",6000,66.2764,20.9875,17000,,,876.12,"wave_coverage_differs"
"G2902150",1870,1870,"Texas, Missouri","Texas","Missouri","290","Texas","2150",9618,1870,6,"total religious edifices from NHGIS table NT44 (AK8001)",1250,12.9965,6.2383,4600,,,3617.54,"wave_coverage_differs"
"G5350295",1870,1870,"The Disputed Islands, Washington Territory","The Disputed Islands","Washington Territory","535","The Disputed Islands","0295",554,1870,,"total religious edifices from NHGIS table NT44 (AK8001)",,,,,,,454.28,"wave_coverage_differs"
"G1302750",1870,1870,"Thomas, Georgia","Thomas","Georgia","130","Thomas","2750",14523,1870,25,"total religious edifices from NHGIS table NT44 (AK8001)",5390,37.1135,17.2141,27875,,,1916.35,"wave_coverage_differs"
"G4804470",1870,1870,"Throckmorton, Texas","Throckmorton","Texas","480","Throckmorton","4470",,1870,,"total religious edifices from NHGIS table NT44 (AK8001)",,,,,,,2371.09,"wave_coverage_differs"
"G5350455",1870,1870,"Thurston, Washington Territory","Thurston","Washington Territory","535","Thurston","0455",2246,1870,4,"total religious edifices from NHGIS table NT44 (AK8001)",1050,46.7498,17.8094,8000,,,1873.18,"wave_coverage_differs"
"G4100570",1870,1870,"Tillamook, Oregon","Tillamook","Oregon","410","Tillamook","0570",408,1870,,"total religious edifices from NHGIS table NT44 (AK8001)",,,,,,,3958.2,"wave_coverage_differs"
"G3601070",1870,1870,"Tioga, New York","Tioga","New York","360","Tioga","1070",30572,1870,51,"total religious edifices from NHGIS table NT44 (AK8001)",19295,63.1133,16.6819,149500,,,1354.19,"wave_coverage_differs"
"G4201170",1870,1870,"Tioga, Pennsylvania","Tioga","Pennsylvania","420","Tioga","1170",35097,1870,66,"total religious edifices from NHGIS table NT44 (AK8001)",23775,67.7408,18.805,207100,,,2945.37,"wave_coverage_differs"
"G2801390",1870,1870,"Tippah, Mississippi","Tippah","Mississippi","280","Tippah","1390",20727,1870,99,"total religious edifices from NHGIS table NT44 (AK8001)",27200,131.2298,47.7638,51700,,,2416.53,"wave_coverage_differs"
"G1801570",1870,1870,"Tippecanoe, Indiana","Tippecanoe","Indiana","180","Tippecanoe","1570",33515,1870,60,"total religious edifices from NHGIS table NT44 (AK8001)",22775,67.9546,17.9024,515700,,,1303.37,"wave_coverage_differs"
"G1801590",1870,1870,"Tipton, Indiana","Tipton","Indiana","180","Tipton","1590",11953,1870,13,"total religious edifices from NHGIS table NT44 (AK8001)",4400,36.8108,10.8759,20800,,,674.86,"wave_coverage_differs"
"G4701670",1870,1870,"Tipton, Tennessee","Tipton","Tennessee","470","Tipton","1670",14884,1870,24,"total religious edifices from NHGIS table NT44 (AK8001)",10150,68.194,16.1247,34750,,,1234.16,"wave_coverage_differs"
"G2801410",1870,1870,"Tishomingo, Mississippi","Tishomingo","Mississippi","280","Tishomingo","1410",7350,1870,61,"total religious edifices from NHGIS table NT44 (AK8001)",15200,206.8027,82.9932,30900,,,1148.76,"wave_coverage_differs"
"G4804490",1870,1870,"Titus, Texas","Titus","Texas","480","Titus","4490",11339,1870,4,"total religious edifices from NHGIS table NT44 (AK8001)",1600,14.1106,3.5276,4000,,,2557.09,"wave_coverage_differs"
"G2102190",1870,1870,"Todd, Kentucky","Todd","Kentucky","210","Todd","2190",12612,1870,29,"total religious edifices from NHGIS table NT44 (AK8001)",9400,74.5322,22.994,23500,,,976.32,"wave_coverage_differs"
"G2701530",1870,1870,"Todd, Minnesota","Todd","Minnesota","270","Todd","1530",2036,1870,,"total religious edifices from NHGIS table NT44 (AK8001)",,,,,,,2536.72,"wave_coverage_differs"
"G0951655",1870,1870,"Todd (old), Dakota Territory","Todd","Dakota Territory","095","Todd","1655",337,1870,,"total religious edifices from NHGIS table NT44 (AK8001)",,,,,,,2524.79,"wave_coverage_differs"
"G0900130",1870,1870,"Tolland, Connecticut","Tolland","Connecticut","090","Tolland","0130",22000,1870,53,"total religious edifices from NHGIS table NT44 (AK8001)",17255,78.4318,24.0909,495400,,,1083.59,"wave_coverage_differs"
"G3601090",1870,1870,"Tompkins, New York","Tompkins","New York","360","Tompkins","1090",33178,1870,72,"total religious edifices from NHGIS table NT44 (AK8001)",23211,69.959,21.7011,333500,,,1273.13,"wave_coverage_differs"
"G4950615",1870,1870,"Tooele, Utah Territory","Tooele","Utah Territory","495","Tooele","0615",2177,1870,5,"total religious edifices from NHGIS table NT44 (AK8001)",7000,321.5434,22.9674,80000,,,19849.79,"wave_coverage_differs"
"G1302810",1870,1870,"Towns, Georgia","Towns","Georgia","130","Towns","2810",2780,1870,8,"total religious edifices from NHGIS table NT44 (AK8001)",2250,80.9353,28.777,1300,,,445.42,"wave_coverage_differs"
"G3701750",1870,1870,"Transylvania, North Carolina","Transylvania","North Carolina","370","Transylvania","1750",3536,1870,19,"total religious edifices from NHGIS table NT44 (AK8001)",3900,110.2941,53.733,7500,,,985.4,"wave_coverage_differs"
"G2701550",1870,1870,"Traverse, Minnesota","Traverse","Minnesota","270","Traverse","1550",13,1870,,"total religious edifices from NHGIS table NT44 (AK8001)",,,,,,,1517.37,"wave_coverage_differs"
"G4804530",1870,1870,"Travis, Texas","Travis","Texas","480","Travis","4530",13153,1870,10,"total religious edifices from NHGIS table NT44 (AK8001)",3000,22.8085,7.6028,37500,,,2648.56,"wave_coverage_differs"
"G2001950",1870,1870,"Trego, Kansas","Trego","Kansas","200","Trego","1950",166,1870,0,"total religious edifices from NHGIS table NT44 (AK8001)",0,0,0,0,,,2330.03,"wave_coverage_differs"
"G5501210",1870,1870,"Trempealeau, Wisconsin","Trempealeau","Wisconsin","550","Trempealeau","1210",10732,1870,7,"total religious edifices from NHGIS table NT44 (AK8001)",1270,11.8338,6.5225,19250,,,1921.75,"wave_coverage_differs"
"G2102210",1870,1870,"Trigg, Kentucky","Trigg","Kentucky","210","Trigg","2210",13686,1870,23,"total religious edifices from NHGIS table NT44 (AK8001)",4100,29.9576,16.8055,38000,,,1244.62,"wave_coverage_differs"
"G2102230",1870,1870,"Trimble, Kentucky","Trimble","Kentucky","210","Trimble","2230",5577,1870,18,"total religious edifices from NHGIS table NT44 (AK8001)",5550,99.5159,32.2754,21400,,,404.35,"wave_coverage_differs"
"G0601050",1870,1870,"Trinity, California","Trinity","California","060","Trinity","1050",3213,1870,3,"total religious edifices from NHGIS table NT44 (AK8001)",350,10.8932,9.3371,1750,,,8164.41,"wave_coverage_differs"
"G4804550",1870,1870,"Trinity, Texas","Trinity","Texas","480","Trinity","4550",4141,1870,9,"total religious edifices from NHGIS table NT44 (AK8001)",2200,53.1273,21.7339,6500,,,2582.43,"wave_coverage_differs"
"G1302850",1870,1870,"Troup, Georgia","Troup","Georgia","130","Troup","2850",17632,1870,24,"total religious edifices from NHGIS table NT44 (AK8001)",7525,42.6781,13.6116,81950,,,1146.07,"wave_coverage_differs"
"G3901550",1870,1870,"Trumbull, Ohio","Trumbull","Ohio","390","Trumbull","1550",38659,1870,117,"total religious edifices from NHGIS table NT44 (AK8001)",37700,97.5193,30.2646,420450,,,1646.04,"wave_coverage_differs"
"G5400930",1870,1870,"Tucker, West Virginia","Tucker","West Virginia","540","Tucker","0930",1907,1870,9,"total religious edifices from NHGIS table NT44 (AK8001)",1450,76.0357,47.1945,4100,,,1088.1,"wave_coverage_differs"
"G0601070",1870,1870,"Tulare, California","Tulare","California","060","Tulare","1070",4533,1870,4,"total religious edifices from NHGIS table NT44 (AK8001)",1200,26.4725,8.8242,9500,,,13765.84,"wave_coverage_differs"
"G2801430",1870,1870,"Tunica, Mississippi","Tunica","Mississippi","280","Tunica","1430",5358,1870,6,"total religious edifices from NHGIS table NT44 (AK8001)",1250,23.3296,11.1982,5350,,,1883.32,"wave_coverage_differs"
"G0601090",1870,1870,"Tuolumne, California","Tuolumne","California","060","Tuolumne","1090",8150,1870,9,"total religious edifices from NHGIS table NT44 (AK8001)",3600,44.1718,11.0429,17100,,,5890.8,"wave_coverage_differs"
"G0101250",1870,1870,"Tuscaloosa, Alabama","Tuscaloosa","Alabama","010","Tuscaloosa","1250",20081,1870,52,"total religious edifices from NHGIS table NT44 (AK8001)",13730,68.3731,25.8951,53700,,,3515.59,"wave_coverage_differs"
"G3901570",1870,1870,"Tuscarawas, Ohio","Tuscarawas","Ohio","390","Tuscarawas","1570",33840,1870,113,"total religious edifices from NHGIS table NT44 (AK8001)",34690,102.5118,33.3924,268100,,,1480.06,"wave_coverage_differs"
"G2601570",1870,1870,"Tuscola, Michigan","Tuscola","Michigan","260","Tuscola","1570",13714,1870,12,"total religious edifices from NHGIS table NT44 (AK8001)",2350,17.1358,8.7502,27850,,,2108.5,"wave_coverage_differs"
"G1302890",1870,1870,"Twiggs, Georgia","Twiggs","Georgia","130","Twiggs","2890",8545,1870,12,"total religious edifices from NHGIS table NT44 (AK8001)",5750,67.2908,14.0433,11500,,,964.15,"wave_coverage_differs"
"G4804570",1870,1870,"Tyler, Texas","Tyler","Texas","480","Tyler","4570",5010,1870,3,"total religious edifices from NHGIS table NT44 (AK8001)",900,17.9641,5.988,1500,,,2388.08,"wave_coverage_differs"
"G5400950",1870,1870,"Tyler, West Virginia","Tyler","West Virginia","540","Tyler","0950",7832,1870,22,"total religious edifices from NHGIS table NT44 (AK8001)",7700,98.3146,28.0899,15200,,,675.2,"wave_coverage_differs"
"G3701770",1870,1870,"Tyrrell, North Carolina","Tyrrell","North Carolina","370","Tyrrell","1770",4173,1870,18,"total religious edifices from NHGIS table NT44 (AK8001)",4500,107.8361,43.1344,6000,,,933.33,"wave_coverage_differs"
"G5650135",1870,1870,"Uinta, Wyoming Territory","Uinta","Wyoming Territory","565","Uinta","0135",856,1870,,"total religious edifices from NHGIS table NT44 (AK8001)",,,,,,,36012.21,"wave_coverage_differs"
"G3601110",1870,1870,"Ulster, New York","Ulster","New York","360","Ulster","1110",84075,1870,149,"total religious edifices from NHGIS table NT44 (AK8001)",57488,68.377,17.7223,1309500,,,3006.36,"wave_coverage_differs"
"G4100590",1870,1870,"Umatilla, Oregon","Umatilla","Oregon","410","Umatilla","0590",2916,1870,3,"total religious edifices from NHGIS table NT44 (AK8001)",800,27.4348,10.2881,2500,,,13433.66,"wave_coverage_differs"
"G0501390",1870,1870,"Union, Arkansas","Union","Arkansas","050","Union","1390",10571,1870,21,"total religious edifices from NHGIS table NT44 (AK8001)",4200,39.7313,19.8657,6750,,,2732.89,"wave_coverage_differs"
"G0951735",1870,1870,"Union, Dakota Territory","Union","Dakota Territory","095","Union","1735",3507,1870,4,"total religious edifices from NHGIS table NT44 (AK8001)",1900,54.1774,11.4058,2400,,,1209.86,"wave_coverage_differs"
"G1302910",1870,1870,"Union, Georgia","Union","Georgia","130","Union","2910",5267,1870,18,"total religious edifices from NHGIS table NT44 (AK8001)",5400,102.5252,34.1751,4950,,,852.09,"wave_coverage_differs"
"G1701810",1870,1870,"Union, Illinois","Union","Illinois","170","Union","1810",16518,1870,25,"total religious edifices from NHGIS table NT44 (AK8001)",7650,46.3131,15.135,26600,,,1093.38,"wave_coverage_differs"
"G1801610",1870,1870,"Union, Indiana","Union","Indiana","180","Union","1610",6341,1870,17,"total religious edifices from NHGIS table NT44 (AK8001)",10200,160.8579,26.8097,69500,,,427.81,"wave_coverage_differs"
"G1901750",1870,1870,"Union, Iowa","Union","Iowa","190","Union","1750",5986,1870,5,"total religious edifices from NHGIS table NT44 (AK8001)",1450,24.2232,8.3528,17950,,,1102.82,"wave_coverage_differs"
"G2102250",1870,1870,"Union, Kentucky","Union","Kentucky","210","Union","2250",13640,1870,24,"total religious edifices from NHGIS table NT44 (AK8001)",7100,52.0528,17.5953,66700,,,941.36,"wave_coverage_differs"
"G2201110",1870,1870,"Union, Louisiana","Union","Louisiana","220","Union","1110",11685,1870,6,"total religious edifices from NHGIS table NT44 (AK8001)",1400,11.9812,5.1348,17000,,,2491.88,"wave_coverage_differs"
"G3400390",1870,1870,"Union, New Jersey","Union","New Jersey","340","Union","0390",41859,1870,64,"total religious edifices from NHGIS table NT44 (AK8001)",28050,67.0107,15.2894,1327000,,,269.28,"wave_coverage_differs"
"G3701790",1870,1870,"Union, North Carolina","Union","North Carolina","370","Union","1790",12217,1870,49,"total religious edifices from NHGIS table NT44 (AK8001)",10495,85.9049,40.108,13940,,,1656.33,"wave_coverage_differs"
"G3901590",1870,1870,"Union, Ohio","Union","Ohio","390","Union","1590",18730,1870,48,"total religious edifices from NHGIS table NT44 (AK8001)",14130,75.4405,25.6273,107850,,,1131.49,"wave_coverage_differs"
"G4100610",1870,1870,"Union, Oregon","Union","Oregon","410","Union","0610",2552,1870,1,"total religious edifices from NHGIS table NT44 (AK8001)",250,9.7962,3.9185,300,,,15627.95,"wave_coverage_differs"
"G4201190",1870,1870,"Union, Pennsylvania","Union","Pennsylvania","420","Union","1190",15565,1870,40,"total religious edifices from NHGIS table NT44 (AK8001)",16000,102.7947,25.6987,246350,,,822.18,"wave_coverage_differs"
"G4500870",1870,1870,"Union, South Carolina","Union","South Carolina","450","Union","0870",19248,1870,38,"total religious edifices from NHGIS table NT44 (AK8001)",19200,99.7506,19.7423,36000,,,1631.55,"wave_coverage_differs"
"G4701730",1870,1870,"Union, Tennessee","Union","Tennessee","470","Union","1730",7605,1870,15,"total religious edifices from NHGIS table NT44 (AK8001)",3150,41.4201,19.7239,4600,,,652.37,"wave_coverage_differs"
"G3101733",1870,1870,"Unorganized, Nebraska","Unorganized Territory West of Madison County","Nebraska","310","Unorganized Territory West of Madison County","1733",183,1870,,"total religious edifices from NHGIS table NT44 (AK8001)",,,,,,,59595.49,"wave_coverage_differs"
"G0951755",1870,1870,"Unorganized Territory, Dakota Territory","Unorganized Territory","Dakota Territory","095","Unorganized Territory","1755",2091,1870,,"total religious edifices from NHGIS table NT44 (AK8001)",,,,,,,303288.44,"wave_coverage_differs"
"G4804590",1870,1870,"Upshur, Texas","Upshur","Texas","480","Upshur","4590",12039,1870,12,"total religious edifices from NHGIS table NT44 (AK8001)",4500,37.3785,9.9676,5500,,,2440.11,"wave_coverage_differs"
"G5400970",1870,1870,"Upshur, West Virginia","Upshur","West Virginia","540","Upshur","0970",8023,1870,31,"total religious edifices from NHGIS table NT44 (AK8001)",8700,108.4382,38.6389,20200,,,918.76,"wave_coverage_differs"
"G1302930",1870,1870,"Upson, Georgia","Upson","Georgia","130","Upson","2930",9430,1870,20,"total religious edifices from NHGIS table NT44 (AK8001)",4600,48.7805,21.2089,12000,,,847.58,"wave_coverage_differs"
"G4950675",1870,1870,"Utah, Utah Territory","Utah","Utah Territory","495","Utah","0675",12203,1870,9,"total religious edifices from NHGIS table NT44 (AK8001)",4300,35.2372,7.3752,60000,,,5474.04,"wave_coverage_differs"
"G4804630",1870,1870,"Uvalde, Texas","Uvalde","Texas","480","Uvalde","4630",851,1870,0,"total religious edifices from NHGIS table NT44 (AK8001)",0,0,0,0,,,4036.83,"wave_coverage_differs"
"G3550555",1870,1870,"Valencia, New Mexico Territory","Valencia","New Mexico Territory","355","Valencia","0555",9093,1870,13,"total religious edifices from NHGIS table NT44 (AK8001)",8000,87.9798,14.2967,12578,,,23496.86,"wave_coverage_differs"
"G0501410",1870,1870,"Van Buren, Arkansas","Van Buren","Arkansas","050","Van Buren","1410",5107,1870,6,"total religious edifices from NHGIS table NT44 (AK8001)",3000,58.7429,11.7486,3500,,,3132.71,"wave_coverage_differs"
"G1901770",1870,1870,"Van Buren, Iowa","Van Buren","Iowa","190","Van Buren","1770",17672,1870,34,"total religious edifices from NHGIS table NT44 (AK8001)",9510,53.8139,19.2395,60250,,,1270.45,"wave_coverage_differs"
"G2601590",1870,1870,"Van Buren, Michigan","Van Buren","Michigan","260","Van Buren","1590",28829,1870,30,"total religious edifices from NHGIS table NT44 (AK8001)",8845,30.6809,10.4062,107900,,,1613.96,"wave_coverage_differs"
"G4701750",1870,1870,"Van Buren, Tennessee","Van Buren","Tennessee","470","Van Buren","1750",2725,1870,5,"total religious edifices from NHGIS table NT44 (AK8001)",1500,55.0459,18.3486,2600,,,739.89,"wave_coverage_differs"
"G3901610",1870,1870,"Van Wert, Ohio","Van Wert","Ohio","390","Van Wert","1610",15823,1870,26,"total religious edifices from NHGIS table NT44 (AK8001)",6800,42.9754,16.4318,39550,,,1063,"wave_coverage_differs"
"G4804670",1870,1870,"Van Zandt, Texas","Van Zandt","Texas","480","Van Zandt","4670",6494,1870,6,"total religious edifices from NHGIS table NT44 (AK8001)",2300,35.4173,9.2393,9000,,,2247.26,"wave_coverage_differs"
"G1801630",1870,1870,"Vanderburgh, Indiana","Vanderburgh","Indiana","180","Vanderburgh","1630",33145,1870,39,"total religious edifices from NHGIS table NT44 (AK8001)",15225,45.9345,11.7665,811000,,,610.14,"wave_coverage_differs"
"G4201210",1870,1870,"Venango, Pennsylvania","Venango","Pennsylvania","420","Venango","1210",47925,1870,78,"total religious edifices from NHGIS table NT44 (AK8001)",28075,58.5811,16.2754,462100,,,1768.83,"wave_coverage_differs"
"G1701830",1870,1870,"Vermilion, Illinois","Vermilion","Illinois","170","Vermilion","1830",30388,1870,25,"total religious edifices from NHGIS table NT44 (AK8001)",7650,25.1744,8.2269,48600,,,2334.29,"wave_coverage_differs"
"G1801650",1870,1870,"Vermillion, Indiana","Vermillion","Indiana","180","Vermillion","1650",10840,1870,11,"total religious edifices from NHGIS table NT44 (AK8001)",3000,27.6753,10.1476,15000,,,673.21,"wave_coverage_differs"
"G2201130",1870,1870,"Vermillion, Louisiana","Vermillion","Louisiana","220","Vermilion","1130",4528,1870,5,"total religious edifices from NHGIS table NT44 (AK8001)",2500,55.212,11.0424,6600,,,3368.92,"wave_coverage_differs"
"G2902170",1870,1870,"Vernon, Missouri","Vernon","Missouri","290","Vernon","2170",11247,1870,2,"total religious edifices from NHGIS table NT44 (AK8001)",600,5.3348,1.7783,3200,,,2167.38,"wave_coverage_differs"
"G5501230",1870,1870,"Vernon, Wisconsin","Vernon","Wisconsin","550","Vernon","1230",18645,1870,15,"total religious edifices from NHGIS table NT44 (AK8001)",4375,23.4647,8.0451,21000,,,2114.48,"wave_coverage_differs"
"G4804690",1870,1870,"Victoria, Texas","Victoria","Texas","480","Victoria","4690",4860,1870,5,"total religious edifices from NHGIS table NT44 (AK8001)",1700,34.9794,10.2881,3100,,,2300.13,"wave_coverage_differs"
"G1801670",1870,1870,"Vigo, Indiana","Vigo","Indiana","180","Vigo","1670",33549,1870,43,"total religious edifices from NHGIS table NT44 (AK8001)",11425,34.0547,12.8171,276400,,,1063.04,"wave_coverage_differs"
"G3901630",1870,1870,"Vinton, Ohio","Vinton","Ohio","390","Vinton","1630",15027,1870,51,"total religious edifices from NHGIS table NT44 (AK8001)",14910,99.2214,33.9389,73750,,,1074.79,"wave_coverage_differs"
"G1201270",1870,1870,"Volusia, Florida","Volusia","Florida","120","Volusia","1270",1723,1870,2,"total religious edifices from NHGIS table NT44 (AK8001)",100,5.8038,11.6077,100,,,4629.22,"wave_coverage_differs"
"G1701850",1870,1870,"Wabash, Illinois","Wabash","Illinois","170","Wabash","1850",8841,1870,25,"total religious edifices from NHGIS table NT44 (AK8001)",11500,130.0758,28.2773,47500,,,589.52,"wave_coverage_differs"
"G1801690",1870,1870,"Wabash, Indiana","Wabash","Indiana","180","Wabash","1690",21305,1870,53,"total religious edifices from NHGIS table NT44 (AK8001)",18900,88.7116,24.8768,138000,,,1090.32,"wave_coverage_differs"
"G2701570",1870,1870,"Wabasha, Minnesota","Wabasha","Minnesota","270","Wabasha","1570",15859,1870,30,"total religious edifices from NHGIS table NT44 (AK8001)",6700,42.2473,18.9167,72500,,,1423.52,"wave_coverage_differs"
"G2001970",1870,1870,"Wabaunsee, Kansas","Wabaunsee","Kansas","200","Wabaunsee","1970",3362,1870,1,"total religious edifices from NHGIS table NT44 (AK8001)",400,11.8977,2.9744,4000,,,2216.93,"wave_coverage_differs"
"G2701590",1870,1870,"Wadena, Minnesota","Wadena","Minnesota","270","Wadena","1590",6,1870,,"total religious edifices from NHGIS table NT44 (AK8001)",,,,,,,1399.23,"wave_coverage_differs"
"G5350475",1870,1870,"Wahkiakum, Washington Territory","Wahkiakum","Washington Territory","535","Wahkiakum","0475",270,1870,,"total religious edifices from NHGIS table NT44 (AK8001)",,,,,,,1072.8,"wave_coverage_differs"
"G3701830",1870,1870,"Wake, North Carolina","Wake","North Carolina","370","Wake","1830",35617,1870,11,"total religious edifices from NHGIS table NT44 (AK8001)",5150,14.4594,3.0884,35400,,,2443.62,"wave_coverage_differs"
"G1201290",1870,1870,"Wakulla, Florida","Wakulla","Florida","120","Wakulla","1290",2506,1870,11,"total religious edifices from NHGIS table NT44 (AK8001)",650,25.9377,43.8947,700,,,1592.05,"wave_coverage_differs"
"G2300270",1870,1870,"Waldo, Maine","Waldo","Maine","230","Waldo","0270",34522,1870,53,"total religious edifices from NHGIS table NT44 (AK8001)",16790,48.6357,15.3525,178400,,,1957.05,"wave_coverage_differs"
"G0101270",1870,1870,"Walker, Alabama","Walker","Alabama","010","Walker","1270",6543,1870,30,"total religious edifices from NHGIS table NT44 (AK8001)",5050,77.1817,45.8505,7300,,,2375.5,"wave_coverage_differs"
"G1302950",1870,1870,"Walker, Georgia","Walker","Georgia","130","Walker","2950",9925,1870,37,"total religious edifices from NHGIS table NT44 (AK8001)",9365,94.3577,37.2796,11555,,,1156.83,"wave_coverage_differs"
"G4804710",1870,1870,"Walker, Texas","Walker","Texas","480","Walker","4710",9776,1870,6,"total religious edifices from NHGIS table NT44 (AK8001)",2400,24.5499,6.1375,15000,,,2367.06,"wave_coverage_differs"
"G5350495",1870,1870,"Walla Walla, Washington Territory","Walla Walla","Washington Territory","535","Walla Walla","0495",5300,1870,7,"total religious edifices from NHGIS table NT44 (AK8001)",1050,19.8113,13.2075,10650,,,9146.18,"wave_coverage_differs"
"G2001990",1870,1870,"Wallace, Kansas","Wallace","Kansas","200","Wallace","1990",538,1870,0,"total religious edifices from NHGIS table NT44 (AK8001)",0,0,0,0,,,5607.61,"wave_coverage_differs"
"G1201310",1870,1870,"Walton, Florida","Walton","Florida","120","Walton","1310",3041,1870,8,"total religious edifices from NHGIS table NT44 (AK8001)",1350,44.3933,26.3071,300,,,3569.82,"wave_coverage_differs"
"G1302970",1870,1870,"Walton, Georgia","Walton","Georgia","130","Walton","2970",11038,1870,30,"total religious edifices from NHGIS table NT44 (AK8001)",10000,90.5961,27.1788,13100,,,956.09,"wave_coverage_differs"
"G5501270",1870,1870,"Walworth, Wisconsin","Walworth","Wisconsin","550","Walworth","1270",25972,1870,44,"total religious edifices from NHGIS table NT44 (AK8001)",12700,48.8988,16.9413,84000,,,1493.27,"wave_coverage_differs"
"G1901790",1870,1870,"Wapello, Iowa","Wapello","Iowa","190","Wapello","1790",22346,1870,31,"total religious edifices from NHGIS table NT44 (AK8001)",8900,39.8282,13.8727,90000,,,1129.29,"wave_coverage_differs"
"G1302990",1870,1870,"Ware, Georgia","Ware","Georgia","130","Ware","2990",2286,1870,11,"total religious edifices from NHGIS table NT44 (AK8001)",1100,48.119,48.119,1000,,,2412.34,"wave_coverage_differs"
"G1303010",1870,1870,"Warren, Georgia","Warren","Georgia","130","Warren","3010",10545,1870,15,"total religious edifices from NHGIS table NT44 (AK8001)",8400,79.6586,14.2248,14750,,,994.46,"wave_coverage_differs"
"G1701870",1870,1870,"Warren, Illinois","Warren","Illinois","170","Warren","1870",23174,1870,30,"total religious edifices from NHGIS table NT44 (AK8001)",9800,42.2888,12.9455,116700,,,1406.5,"wave_coverage_differs"
"G1801710",1870,1870,"Warren, Indiana","Warren","Indiana","180","Warren","1710",10204,1870,13,"total religious edifices from NHGIS table NT44 (AK8001)",3000,29.4002,12.7401,25000,,,948.94,"wave_coverage_differs"
"G1901810",1870,1870,"Warren, Iowa","Warren","Iowa","190","Warren","1810",17980,1870,24,"total religious edifices from NHGIS table NT44 (AK8001)",5125,28.5039,13.3482,75500,,,1484.97,"wave_coverage_differs"
"G2102270",1870,1870,"Warren, Kentucky","Warren","Kentucky","210","Warren","2270",21742,1870,45,"total religious edifices from NHGIS table NT44 (AK8001)",10300,47.3737,20.6973,145000,,,1419.04,"wave_coverage_differs"
"G2801490",1870,1870,"Warren, Mississippi","Warren","Mississippi","280","Warren","1490",26769,1870,22,"total religious edifices from NHGIS table NT44 (AK8001)",6600,24.6554,8.2185,173000,,,1774.46,"wave_coverage_differs"
"G2902190",1870,1870,"Warren, Missouri","Warren","Missouri","290","Warren","2190",9673,1870,21,"total religious edifices from NHGIS table NT44 (AK8001)",2500,25.8451,21.7099,15600,,,1133.86,"wave_coverage_differs"
"G3400410",1870,1870,"Warren, New Jersey","Warren","New Jersey","340","Warren","0410",34336,1870,76,"total religious edifices from NHGIS table NT44 (AK8001)",40570,118.1559,22.1342,678000,,,939.8,"wave_coverage_differs"
"G3601130",1870,1870,"Warren, New York","Warren","New York","360","Warren","1130",22592,1870,35,"total religious edifices from NHGIS table NT44 (AK8001)",7875,34.8575,15.4922,103300,,,2412.84,"wave_coverage_differs"
"G3701850",1870,1870,"Warren, North Carolina","Warren","North Carolina","370","Warren","1850",17768,1870,26,"total religious edifices from NHGIS table NT44 (AK8001)",7475,42.07,14.633,18500,,,1354.62,"wave_coverage_differs"
"G3901650",1870,1870,"Warren, Ohio","Warren","Ohio","390","Warren","1650",26689,1870,73,"total religious edifices from NHGIS table NT44 (AK8001)",26050,97.6058,27.3521,267730,,,1054.88,"wave_coverage_differs"
"G4201230",1870,1870,"Warren, Pennsylvania","Warren","Pennsylvania","420","Warren","1230",23897,1870,29,"total religious edifices from NHGIS table NT44 (AK8001)",9545,39.9423,12.1354,152800,,,2325.31,"wave_coverage_differs"
"G4701770",1870,1870,"Warren, Tennessee","Warren","Tennessee","470","Warren","1770",12714,1870,36,"total religious edifices from NHGIS table NT44 (AK8001)",10100,79.44,28.3152,29000,,,1124.15,"wave_coverage_differs"
"G5101870",1870,1870,"Warren, Virginia","Warren","Virginia","510","Warren","1870",5716,1870,13,"total religious edifices from NHGIS table NT44 (AK8001)",3800,66.4801,22.7432,11200,,,560.3,"wave_coverage_differs"
"G1801730",1870,1870,"Warrick, Indiana","Warrick","Indiana","180","Warrick","1730",17653,1870,40,"total religious edifices from NHGIS table NT44 (AK8001)",11500,65.1447,22.659,48400,,,1011.94,"wave_coverage_differs"
"G5101890",1870,1870,"Warwick, Virginia","Warwick","Virginia","510","Warwick","1890",1672,1870,5,"total religious edifices from NHGIS table NT44 (AK8001)",550,32.8947,29.9043,4000,,,179.07,"wave_coverage_differs"
"G4950715",1870,1870,"Wasatch, Utah Territory","Wasatch","Utah Territory","495","Wasatch","0715",1244,1870,1,"total religious edifices from NHGIS table NT44 (AK8001)",1000,80.3859,8.0386,2500,,,19028.93,"wave_coverage_differs"
"G4100650",1870,1870,"Wasco, Oregon","Wasco","Oregon","410","Wasco","0650",2509,1870,3,"total religious edifices from NHGIS table NT44 (AK8001)",700,27.8996,11.957,12000,,,43482.44,"wave_coverage_differs"
"G2701610",1870,1870,"Waseca, Minnesota","Waseca","Minnesota","270","Waseca","1610",7854,1870,8,"total religious edifices from NHGIS table NT44 (AK8001)",1800,22.9183,10.1859,12000,,,1121.4,"wave_coverage_differs"
"G0101290",1870,1870,"Washington, Alabama","Washington","Alabama","010","Washington","1290",3912,1870,18,"total religious edifices from NHGIS table NT44 (AK8001)",2800,71.5746,46.0123,3150,,,2840.04,"wave_coverage_differs"
"G0501430",1870,1870,"Washington, Arkansas","Washington","Arkansas","050","Washington","1430",17266,1870,46,"total religious edifices from NHGIS table NT44 (AK8001)",8650,50.0985,26.642,20200,,,2467.36,"wave_coverage_differs"
"G1201330",1870,1870,"Washington, Florida","Washington","Florida","120","Washington","1330",2302,1870,6,"total religious edifices from NHGIS table NT44 (AK8001)",1000,43.4405,26.0643,2850,,,4037.52,"wave_coverage_differs"
"G1303030",1870,1870,"Washington, Georgia","Washington","Georgia","130","Washington","3030",15842,1870,31,"total religious edifices from NHGIS table NT44 (AK8001)",6450,40.7146,19.5682,25800,,,1772.48,"wave_coverage_differs"
"G1701890",1870,1870,"Washington, Illinois","Washington","Illinois","170","Washington","1890",17599,1870,41,"total religious edifices from NHGIS table NT44 (AK8001)",10850,61.6512,23.2968,109600,,,1460.51,"wave_coverage_differs"
"G1801750",1870,1870,"Washington, Indiana","Washington","Indiana","180","Washington","1750",18495,1870,62,"total religious edifices from NHGIS table NT44 (AK8001)",19350,104.6229,33.5226,75600,,,1337.96,"wave_coverage_differs"
"G1901830",1870,1870,"Washington, Iowa","Washington","Iowa","190","Washington","1830",18952,1870,43,"total religious edifices from NHGIS table NT44 (AK8001)",12900,68.0667,22.6889,121475,,,1478.58,"wave_coverage_differs"
"G2002010",1870,1870,"Washington, Kansas","Washington","Kansas","200","Washington","2010",4081,1870,2,"total religious edifices from NHGIS table NT44 (AK8001)",550,13.4771,4.9008,12000,,,2327.55,"wave_coverage_differs"
"G2102290",1870,1870,"Washington, Kentucky","Washington","Kentucky","210","Washington","2290",12464,1870,25,"total religious edifices from NHGIS table NT44 (AK8001)",12750,102.2946,20.0578,408300,,,797.46,"wave_coverage_differs"
"G2201170",1870,1870,"Washington, Louisiana","Washington","Louisiana","220","Washington","1170",3330,1870,8,"total religious edifices from NHGIS table NT44 (AK8001)",2100,63.0631,24.024,1400,,,1750.55,"wave_coverage_differs"
"G2300290",1870,1870,"Washington, Maine","Washington","Maine","230","Washington","0290",43343,1870,83,"total religious edifices from NHGIS table NT44 (AK8001)",22650,52.2576,19.1496,245500,,,7138.62,"wave_coverage_differs"
"G2400430",1870,1870,"Washington, Maryland","Washington","Maryland","240","Washington","0430",34712,1870,90,"total religious edifices from NHGIS table NT44 (AK8001)",29625,85.3451,25.9276,401000,,,1210.47,"wave_coverage_differs"
"G2701630",1870,1870,"Washington, Minnesota","Washington","Minnesota","270","Washington","1630",11809,1870,28,"total religious edifices from NHGIS table NT44 (AK8001)",5930,50.2159,23.7107,99900,,,1094.87,"wave_coverage_differs"
"G2801510",1870,1870,"Washington, Mississippi","Washington","Mississippi","280","Washington","1510",14569,1870,12,"total religious edifices from NHGIS table NT44 (AK8001)",2000,13.7278,8.2367,5300,,,3086.94,"wave_coverage_differs"
"G2902210",1870,1870,"Washington, Missouri","Washington","Missouri","290","Washington","2210",11719,1870,53,"total religious edifices from NHGIS table NT44 (AK8001)",7550,64.4253,45.2257,31300,,,1974.83,"wave_coverage_differs"
"G3101770",1870,1870,"Washington, Nebraska","Washington","Nebraska","310","Washington","1770",4452,1870,1,"total religious edifices from NHGIS table NT44 (AK8001)",150,3.3693,2.2462,600,,,1018.37,"wave_coverage_differs"
"G3601150",1870,1870,"Washington, New York","Washington","New York","360","Washington","1150",49568,1870,97,"total religious edifices from NHGIS table NT44 (AK8001)",36197,73.0249,19.5691,456490,,,2190.81,"wave_coverage_differs"
"G3701870",1870,1870,"Washington, North Carolina","Washington","North Carolina","370","Washington","1870",6516,1870,16,"total religious edifices from NHGIS table NT44 (AK8001)",7600,116.636,24.5549,14150,,,975.69,"wave_coverage_differs"
"G3901670",1870,1870,"Washington, Ohio","Washington","Ohio","390","Washington","1670",40609,1870,103,"total religious edifices from NHGIS table NT44 (AK8001)",38900,95.7916,25.3638,324100,,,1657.58,"wave_coverage_differs"
"G4100670",1870,1870,"Washington, Oregon","Washington","Oregon","410","Washington","0670",4261,1870,9,"total religious edifices from NHGIS table NT44 (AK8001)",2250,52.8045,21.1218,17000,,,1771.01,"wave_coverage_differs"
"G4201250",1870,1870,"Washington, Pennsylvania","Washington","Pennsylvania","420","Washington","1250",48483,1870,129,"total religious edifices from NHGIS table NT44 (AK8001)",48775,100.6023,26.6073,613600,,,2229.76,"wave_coverage_differs"
"G4400090",1870,1870,"Washington, Rhode Island","Washington","Rhode Island","440","Washington","0090",20097,1870,47,"total religious edifices from NHGIS table NT44 (AK8001)",13486,67.1045,23.3866,141800,,,880.37,"wave_coverage_differs"
"G4701790",1870,1870,"Washington, Tennessee","Washington","Tennessee","470","Washington","1790",16317,1870,49,"total religious edifices from NHGIS table NT44 (AK8001)",16200,99.283,30.03,34900,,,1226.07,"wave_coverage_differs"
"G4804770",1870,1870,"Washington, Texas","Washington","Texas","480","Washington","4770",23104,1870,8,"total religious edifices from NHGIS table NT44 (AK8001)",3450,14.9325,3.4626,15000,,,2094.44,"wave_coverage_differs"
"G4950735",1870,1870,"Washington, Utah Territory","Washington","Utah Territory","495","Washington","0735",3064,1870,8,"total religious edifices from NHGIS table NT44 (AK8001)",3000,97.9112,26.1097,20000,,,9980.29,"wave_coverage_differs"
"G5000230",1870,1870,"Washington, Vermont","Washington","Vermont","500","Washington","0230",26520,1870,56,"total religious edifices from NHGIS table NT44 (AK8001)",18425,69.4759,21.1161,352800,,,1824.87,"wave_coverage_differs"
"G5101910",1870,1870,"Washington, Virginia","Washington","Virginia","510","Washington","1910",16816,1870,33,"total religious edifices from NHGIS table NT44 (AK8001)",7950,47.2764,19.6242,62200,,,1499.99,"wave_coverage_differs"
"G5501310",1870,1870,"Washington, Wisconsin","Washington","Wisconsin","550","Washington","1310",23919,1870,58,"total religious edifices from NHGIS table NT44 (AK8001)",12350,51.6326,24.2485,84900,,,1128.52,"wave_coverage_differs"
"G3200310",1870,1870,"Washoe, Nevada","Washoe","Nevada","320","Washoe","0310",3091,1870,2,"total religious edifices from NHGIS table NT44 (AK8001)",400,12.9408,6.4704,4000,,,3204.35,"wave_coverage_differs"
"G2601610",1870,1870,"Washtenaw, Michigan","Washtenaw","Michigan","260","Washtenaw","1610",41434,1870,62,"total religious edifices from NHGIS table NT44 (AK8001)",26525,64.0175,14.9636,536400,,,1871.06,"wave_coverage_differs"
"G3701890",1870,1870,"Watauga, North Carolina","Watauga","North Carolina","370","Watauga","1890",5287,1870,35,"total religious edifices from NHGIS table NT44 (AK8001)",10000,189.1432,66.2001,8500,,,903.82,"wave_coverage_differs"
"G2701650",1870,1870,"Watonwan, Minnesota","Watonwan","Minnesota","270","Watonwan","1650",2426,1870,,"total religious edifices from NHGIS table NT44 (AK8001)",,,,,,,1138.89,"wave_coverage_differs"
"G5501330",1870,1870,"Waukesha, Wisconsin","Waukesha","Wisconsin","550","Waukesha","1330",28274,1870,49,"total religious edifices from NHGIS table NT44 (AK8001)",16080,56.872,17.3304,136460,,,1503.69,"wave_coverage_differs"
"G5501350",1870,1870,"Waupaca, Wisconsin","Waupaca","Wisconsin","550","Waupaca","1350",15539,1870,10,"total religious edifices from NHGIS table NT44 (AK8001)",2600,16.7321,6.4354,22500,,,1981.85,"wave_coverage_differs"
"G5501370",1870,1870,"Waushara, Wisconsin","Waushara","Wisconsin","550","Waushara","1370",11279,1870,10,"total religious edifices from NHGIS table NT44 (AK8001)",3125,27.7064,8.866,9100,,,1650.84,"wave_coverage_differs"
"G1303050",1870,1870,"Wayne, Georgia","Wayne","Georgia","130","Wayne","3050",2177,1870,13,"total religious edifices from NHGIS table NT44 (AK8001)",1600,73.4956,59.7152,1350,,,1350.63,"wave_coverage_differs"
"G1701910",1870,1870,"Wayne, Illinois","Wayne","Illinois","170","Wayne","1910",19758,1870,41,"total religious edifices from NHGIS table NT44 (AK8001)",20300,102.7432,20.7511,43100,,,1853.11,"wave_coverage_differs"
"G1801770",1870,1870,"Wayne, Indiana","Wayne","Indiana","180","Wayne","1770",34048,1870,57,"total religious edifices from NHGIS table NT44 (AK8001)",26500,77.8313,16.7411,217000,,,1047.31,"wave_coverage_differs"
"G1901850",1870,1870,"Wayne, Iowa","Wayne","Iowa","190","Wayne","1850",11287,1870,15,"total religious edifices from NHGIS table NT44 (AK8001)",4500,39.8689,13.2896,26300,,,1365.27,"wave_coverage_differs"
"G2102310",1870,1870,"Wayne, Kentucky","Wayne","Kentucky","210","Wayne","2310",10602,1870,24,"total religious edifices from NHGIS table NT44 (AK8001)",7350,69.3265,22.6372,24800,,,1592.74,"wave_coverage_differs"
"G2601630",1870,1870,"Wayne, Michigan","Wayne","Michigan","260","Wayne","1630",119038,1870,92,"total religious edifices from NHGIS table NT44 (AK8001)",41680,35.014,7.7286,2424000,,,1600.26,"wave_coverage_differs"
"G2801530",1870,1870,"Wayne, Mississippi","Wayne","Mississippi","280","Wayne","1530",4206,1870,23,"total religious edifices from NHGIS table NT44 (AK8001)",4100,97.4798,54.6838,5800,,,2103.02,"wave_coverage_differs"
"G2902230",1870,1870,"Wayne, Missouri","Wayne","Missouri","290","Wayne","2230",6068,1870,6,"total religious edifices from NHGIS table NT44 (AK8001)",650,10.7119,9.8879,2900,,,2183.78,"wave_coverage_differs"
"G3101790",1870,1870,"Wayne, Nebraska","Wayne","Nebraska","310","Wayne","1790",182,1870,,"total religious edifices from NHGIS table NT44 (AK8001)",,,,,,,1174.09,"wave_coverage_differs"
"G3601170",1870,1870,"Wayne, New York","Wayne","New York","360","Wayne","1170",47710,1870,70,"total religious edifices from NHGIS table NT44 (AK8001)",24350,51.0375,14.672,309500,,,1571.59,"wave_coverage_differs"
"G3701910",1870,1870,"Wayne, North Carolina","Wayne","North Carolina","370","Wayne","1910",18144,1870,23,"total religious edifices from NHGIS table NT44 (AK8001)",8050,44.3673,12.6764,12700,,,1442.25,"wave_coverage_differs"
"G3901690",1870,1870,"Wayne, Ohio","Wayne","Ohio","390","Wayne","1690",35116,1870,119,"total religious edifices from NHGIS table NT44 (AK8001)",37325,106.2906,33.8877,341200,,,1442.29,"wave_coverage_differs"
"G4201270",1870,1870,"Wayne, Pennsylvania","Wayne","Pennsylvania","420","Wayne","1270",33188,1870,73,"total religious edifices from NHGIS table NT44 (AK8001)",26375,79.4715,21.9959,120000,,,1943.9,"wave_coverage_differs"
"G4701810",1870,1870,"Wayne, Tennessee","Wayne","Tennessee","470","Wayne","1810",10209,1870,42,"total religious edifices from NHGIS table NT44 (AK8001)",7950,77.8725,41.1402,11225,,,1918.9,"wave_coverage_differs"
"G5400990",1870,1870,"Wayne, West Virginia","Wayne","West Virginia","540","Wayne","0990",7852,1870,10,"total religious edifices from NHGIS table NT44 (AK8001)",3800,48.3953,12.7356,5500,,,1225.29,"wave_coverage_differs"
"G4701830",1870,1870,"Weakley, Tennessee","Weakley","Tennessee","470","Weakley","1830",20755,1870,16,"total religious edifices from NHGIS table NT44 (AK8001)",3220,15.5143,7.709,41600,,,1506.65,"wave_coverage_differs"
"G4804790",1870,1870,"Webb, Texas","Webb","Texas","480","Webb","4790",2615,1870,1,"total religious edifices from NHGIS table NT44 (AK8001)",400,15.2964,3.8241,5000,,,3913.12,"wave_coverage_differs"
"G4950755",1870,1870,"Weber, Utah Territory","Weber","Utah Territory","495","Weber","0755",7858,1870,18,"total religious edifices from NHGIS table NT44 (AK8001)",14000,178.1624,22.9066,70000,,,1707.83,"wave_coverage_differs"
"G1303070",1870,1870,"Webster, Georgia","Webster","Georgia","130","Webster","3070",4677,1870,9,"total religious edifices from NHGIS table NT44 (AK8001)",2150,45.9696,19.2431,9950,,,534.84,"wave_coverage_differs"
"G1901870",1870,1870,"Webster, Iowa","Webster","Iowa","190","Webster","1870",10484,1870,11,"total religious edifices from NHGIS table NT44 (AK8001)",2470,23.5597,10.4922,25800,,,1860.72,"wave_coverage_differs"
"G2102330",1870,1870,"Webster, Kentucky","Webster","Kentucky","210","Webster","2330",10937,1870,28,"total religious edifices from NHGIS table NT44 (AK8001)",5800,53.031,25.6012,15300,,,869.16,"wave_coverage_differs"
"G2902250",1870,1870,"Webster, Missouri","Webster","Missouri","290","Webster","2250",10434,1870,5,"total religious edifices from NHGIS table NT44 (AK8001)",3100,29.7106,4.792,6600,,,1537.83,"wave_coverage_differs"
"G3101810",1870,1870,"Webster, Nebraska","Webster","Nebraska","310","Webster","1810",16,1870,,"total religious edifices from NHGIS table NT44 (AK8001)",,,,,,,1489.36,"wave_coverage_differs"
"G5401010",1870,1870,"Webster, West Virginia","Webster","West Virginia","540","Webster","1010",1730,1870,3,"total religious edifices from NHGIS table NT44 (AK8001)",800,46.2428,17.341,375,,,1352.3,"wave_coverage_differs"
"G0850415",1870,1870,"Weld, Colorado Territory","Weld","Colorado Territory","085","Weld","0415",1636,1870,,"total religious edifices from NHGIS table NT44 (AK8001)",,,,,,,27591.72,"wave_coverage_differs"
"G1801790",1870,1870,"Wells, Indiana","Wells","Indiana","180","Wells","1790",13585,1870,24,"total religious edifices from NHGIS table NT44 (AK8001)",6300,46.3747,17.6665,38000,,,958.94,"wave_coverage_differs"
"G2201210",1870,1870,"West Baton Rouge, Louisiana","West Baton Rouge","Louisiana","220","West Baton Rouge","1210",5114,1870,6,"total religious edifices from NHGIS table NT44 (AK8001)",1900,37.1529,11.7325,5000,,,527.9,"wave_coverage_differs"
"G2201250",1870,1870,"West Feliciana, Louisiana","West Feliciana","Louisiana","220","West Feliciana","1250",10499,1870,7,"total religious edifices from NHGIS table NT44 (AK8001)",2950,28.0979,6.6673,23350,,,1074.06,"wave_coverage_differs"
"G3601190",1870,1870,"Westchester, New York","Westchester","New York","360","Westchester","1190",131348,1870,202,"total religious edifices from NHGIS table NT44 (AK8001)",79950,60.8688,15.379,4083800,,,1274.09,"wave_coverage_differs"
"G4201290",1870,1870,"Westmoreland, Pennsylvania","Westmoreland","Pennsylvania","420","Westmoreland","1290",58719,1870,144,"total religious edifices from NHGIS table NT44 (AK8001)",48215,82.1114,24.5236,853112,,,2683.5,"wave_coverage_differs"
"G5101930",1870,1870,"Westmoreland, Virginia","Westmoreland","Virginia","510","Westmoreland","1930",7682,1870,16,"total religious edifices from NHGIS table NT44 (AK8001)",3600,46.8628,20.8279,21000,,,608.26,"wave_coverage_differs"
"G5401030",1870,1870,"Wetzel, West Virginia","Wetzel","West Virginia","540","Wetzel","1030",8595,1870,12,"total religious edifices from NHGIS table NT44 (AK8001)",2875,33.4497,13.9616,10900,,,935.84,"wave_coverage_differs"
"G2601650",1870,1870,"Wexford, Michigan","Wexford","Michigan","260","Wexford","1650",650,1870,1,"total religious edifices from NHGIS table NT44 (AK8001)",150,23.0769,15.3846,1000,,,1490.47,"wave_coverage_differs"
"G4804810",1870,1870,"Wharton, Texas","Wharton","Texas","480","Wharton","4810",3426,1870,5,"total religious edifices from NHGIS table NT44 (AK8001)",1500,43.7828,14.5943,6800,,,2834.42,"wave_coverage_differs"
"G5350515",1870,1870,"Whatcom, Washington Territory","Whatcom","Washington Territory","535","Whatcom","0515",534,1870,,"total religious edifices from NHGIS table NT44 (AK8001)",,,,,,,10144.29,"wave_coverage_differs"
"G0501450",1870,1870,"White, Arkansas","White","Arkansas","050","White","1450",10347,1870,44,"total religious edifices from NHGIS table NT44 (AK8001)",6600,63.7866,42.5244,22000,,,2917.39,"wave_coverage_differs"
"G1303110",1870,1870,"White, Georgia","White","Georgia","130","White","3110",4606,1870,14,"total religious edifices from NHGIS table NT44 (AK8001)",2725,59.162,30.3951,5550,,,625.36,"wave_coverage_differs"
"G1701930",1870,1870,"White, Illinois","White","Illinois","170","White","1930",16846,1870,39,"total religious edifices from NHGIS table NT44 (AK8001)",11275,66.9298,23.1509,56725,,,1299.81,"wave_coverage_differs"
"G1801810",1870,1870,"White, Indiana","White","Indiana","180","White","1810",10554,1870,13,"total religious edifices from NHGIS table NT44 (AK8001)",3650,34.584,12.3176,26500,,,1317.47,"wave_coverage_differs"
"G4701850",1870,1870,"White, Tennessee","White","Tennessee","470","White","1850",9375,1870,31,"total religious edifices from NHGIS table NT44 (AK8001)",13100,139.7333,33.0667,33000,,,951.75,"wave_coverage_differs"
"G3200330",1870,1870,"White Pine, Nevada","White Pine","Nevada","320","White Pine","0330",7189,1870,,"total religious edifices from NHGIS table NT44 (AK8001)",,,,,,,16983.39,"wave_coverage_differs"
"G1701950",1870,1870,"Whiteside, Illinois","Whiteside","Illinois","170","Whiteside","1950",27503,1870,35,"total religious edifices from NHGIS table NT44 (AK8001)",11250,40.9046,12.7259,180800,,,1803.94,"wave_coverage_differs"
"G1303130",1870,1870,"Whitfield, Georgia","Whitfield","Georgia","130","Whitfield","3130",10117,1870,39,"total religious edifices from NHGIS table NT44 (AK8001)",11090,109.6175,38.549,30675,,,753.84,"wave_coverage_differs"
"G1801830",1870,1870,"Whitley, Indiana","Whitley","Indiana","180","Whitley","1830",14399,1870,23,"total religious edifices from NHGIS table NT44 (AK8001)",14500,100.7014,15.9733,48500,,,875.19,"wave_coverage_differs"
"G2102350",1870,1870,"Whitley, Kentucky","Whitley","Kentucky","210","Whitley","2350",8278,1870,24,"total religious edifices from NHGIS table NT44 (AK8001)",2392,28.8959,28.9925,3150,,,1602.45,"wave_coverage_differs"
"G4804850",1870,1870,"Wichita, Texas","Wichita","Texas","480","Wichita","4850",,1870,,"total religious edifices from NHGIS table NT44 (AK8001)",,,,,,,1639.75,"wave_coverage_differs"
"G2400450",1870,1870,"Wicomico, Maryland","Wicomico","Maryland","240","Wicomico","0450",15802,1870,76,"total religious edifices from NHGIS table NT44 (AK8001)",14800,93.659,48.0952,114000,,,993.57,"wave_coverage_differs"
"G4804870",1870,1870,"Wilbarger, Texas","Wilbarger","Texas","480","Wilbarger","4870",,1870,,"total religious edifices from NHGIS table NT44 (AK8001)",,,,,,,2532.73,"wave_coverage_differs"
"G0101310",1870,1870,"Wilcox, Alabama","Wilcox","Alabama","010","Wilcox","1310",28377,1870,61,"total religious edifices from NHGIS table NT44 (AK8001)",15050,53.0359,21.4963,42250,,,2350.19,"wave_coverage_differs"
"G1303150",1870,1870,"Wilcox, Georgia","Wilcox","Georgia","130","Wilcox","3150",2439,1870,5,"total religious edifices from NHGIS table NT44 (AK8001)",400,16.4002,20.5002,1600,,,1115.72,"wave_coverage_differs"
"G1303170",1870,1870,"Wilkes, Georgia","Wilkes","Georgia","130","Wilkes","3170",11796,1870,19,"total religious edifices from NHGIS table NT44 (AK8001)",6000,50.8647,16.1072,24700,,,1219.73,"wave_coverage_differs"
"G3701930",1870,1870,"Wilkes, North Carolina","Wilkes","North Carolina","370","Wilkes","1930",15539,1870,65,"total religious edifices from NHGIS table NT44 (AK8001)",6150,39.5778,41.8302,10552,,,1977.78,"wave_coverage_differs"
"G2701670",1870,1870,"Wilkin, Minnesota","Wilkin","Minnesota","270","Wilkin","1670",295,1870,,"total religious edifices from NHGIS table NT44 (AK8001)",,,,,,,2514.56,"wave_coverage_differs"
"G1303190",1870,1870,"Wilkinson, Georgia","Wilkinson","Georgia","130","Wilkinson","3190",9383,1870,26,"total religious edifices from NHGIS table NT44 (AK8001)",11000,117.2333,27.7097,13000,,,1175.93,"wave_coverage_differs"
"G2801570",1870,1870,"Wilkinson, Mississippi","Wilkinson","Mississippi","280","Wilkinson","1570",12705,1870,34,"total religious edifices from NHGIS table NT44 (AK8001)",9650,75.9543,26.7611,70000,,,1781.13,"wave_coverage_differs"
"G1701970",1870,1870,"Will, Illinois","Will","Illinois","170","Will","1970",43013,1870,58,"total religious edifices from NHGIS table NT44 (AK8001)",17930,41.6851,13.4843,346651,,,2199.51,"wave_coverage_differs"
"G3901710",1870,1870,"Williams, Ohio","Williams","Ohio","390","Williams","1710",20991,1870,44,"total religious edifices from NHGIS table NT44 (AK8001)",12450,59.3111,20.9614,70350,,,1095.8,"wave_coverage_differs"
"G4500890",1870,1870,"Williamsburg, South Carolina","Williamsburg","South Carolina","450","Williamsburg","0890",15489,1870,20,"total religious edifices from NHGIS table NT44 (AK8001)",4750,30.6669,12.9124,16200,,,2951.36,"wave_coverage_differs"
"G1701990",1870,1870,"Williamson, Illinois","Williamson","Illinois","170","Williamson","1990",17329,1870,13,"total religious edifices from NHGIS table NT44 (AK8001)",2100,12.1184,7.5019,16500,,,1150.89,"wave_coverage_differs"
"G4701870",1870,1870,"Williamson, Tennessee","Williamson","Tennessee","470","Williamson","1870",25328,1870,45,"total religious edifices from NHGIS table NT44 (AK8001)",14300,56.4593,17.7669,104200,,,1514.31,"wave_coverage_differs"
"G4804910",1870,1870,"Williamson, Texas","Williamson","Texas","480","Williamson","4910",6368,1870,13,"total religious edifices from NHGIS table NT44 (AK8001)",2900,45.5402,20.4146,4500,,,2938.94,"wave_coverage_differs"
"G2002050",1870,1870,"Wilson, Kansas","Wilson","Kansas","200","Wilson","2050",6694,1870,,"total religious edifices from NHGIS table NT44 (AK8001)",,,,,,,1489.43,"wave_coverage_differs"
"G3701950",1870,1870,"Wilson, North Carolina","Wilson","North Carolina","370","Wilson","1950",12258,1870,21,"total religious edifices from NHGIS table NT44 (AK8001)",7020,57.2687,17.1317,16550,,,910.96,"wave_coverage_differs"
"G4701890",1870,1870,"Wilson, Tennessee","Wilson","Tennessee","470","Wilson","1890",25881,1870,51,"total religious edifices from NHGIS table NT44 (AK8001)",15350,59.3099,19.7056,130500,,,1533.98,"wave_coverage_differs"
"G4804930",1870,1870,"Wilson, Texas","Wilson","Texas","480","Wilson","4930",2556,1870,1,"total religious edifices from NHGIS table NT44 (AK8001)",400,15.6495,3.9124,5000,,,2182.38,"wave_coverage_differs"
"G0900150",1870,1870,"Windham, Connecticut","Windham","Connecticut","090","Windham","0150",38518,1870,81,"total religious edifices from NHGIS table NT44 (AK8001)",22995,59.6994,21.0291,593500,,,1438.16,"wave_coverage_differs"
"G5000250",1870,1870,"Windham, Vermont","Windham","Vermont","500","Windham","0250",26036,1870,74,"total religious edifices from NHGIS table NT44 (AK8001)",24100,92.5641,28.4222,294050,,,2066.99,"wave_coverage_differs"
"G5000270",1870,1870,"Windsor, Vermont","Windsor","Vermont","500","Windsor","0270",36063,1870,92,"total religious edifices from NHGIS table NT44 (AK8001)",32025,88.8029,25.5109,415700,,,2524.38,"wave_coverage_differs"
"G2201270",1870,1870,"Winn, Louisiana","Winn","Louisiana","220","Winn","1270",4954,1870,33,"total religious edifices from NHGIS table NT44 (AK8001)",4700,94.8728,66.6128,8200,,,2478.16,"wave_coverage_differs"
"G1702010",1870,1870,"Winnebago, Illinois","Winnebago","Illinois","170","Winnebago","2010",29301,1870,41,"total religious edifices from NHGIS table NT44 (AK8001)",16150,55.1176,13.9927,374600,,,1344.85,"wave_coverage_differs"
"G1901890",1870,1870,"Winnebago, Iowa","Winnebago","Iowa","190","Winnebago","1890",1562,1870,1,"total religious edifices from NHGIS table NT44 (AK8001)",200,12.8041,6.402,1500,,,1040.44,"wave_coverage_differs"
"G5501390",1870,1870,"Winnebago, Wisconsin","Winnebago","Wisconsin","550","Winnebago","1390",37279,1870,59,"total religious edifices from NHGIS table NT44 (AK8001)",18250,48.9552,15.8266,237700,,,1498.51,"wave_coverage_differs"
"G3109035",1870,1870,"Winnebago Reservation, Nebraska","Winnebago Reservation","Nebraska","310","Winnebago Reservation","9035",31,1870,,"total religious edifices from NHGIS table NT44 (AK8001)",,,,,,,421.51,"wave_coverage_differs"
"G1901910",1870,1870,"Winneshiek, Iowa","Winneshiek","Iowa","190","Winneshiek","1910",23570,1870,21,"total religious edifices from NHGIS table NT44 (AK8001)",5665,24.0348,8.9096,75400,,,1787.45,"wave_coverage_differs"
"G2701690",1870,1870,"Winona, Minnesota","Winona","Minnesota","270","Winona","1690",22319,1870,33,"total religious edifices from NHGIS table NT44 (AK8001)",8500,38.0841,14.7856,95400,,,1661.67,"wave_coverage_differs"
"G0101330",1870,1870,"Winston, Alabama","Winston","Alabama","010","Winston","1330",4155,1870,12,"total religious edifices from NHGIS table NT44 (AK8001)",1300,31.2876,28.8809,1600,,,2347.95,"wave_coverage_differs"
"G2801590",1870,1870,"Winston, Mississippi","Winston","Mississippi","280","Winston","1590",8984,1870,39,"total religious edifices from NHGIS table NT44 (AK8001)",9050,100.7346,43.4105,22400,,,1862.12,"wave_coverage_differs"
"G5401050",1870,1870,"Wirt, West Virginia","Wirt","West Virginia","540","Wirt","1050",4804,1870,8,"total religious edifices from NHGIS table NT44 (AK8001)",2900,60.3664,16.6528,9900,,,608.04,"wave_coverage_differs"
"G4804970",1870,1870,"Wise, Texas","Wise","Texas","480","Wise","4970",1450,1870,6,"total religious edifices from NHGIS table NT44 (AK8001)",1500,103.4483,41.3793,2200,,,2389.84,"wave_coverage_differs"
"G5101950",1870,1870,"Wise, Virginia","Wise","Virginia","510","Wise","1950",4785,1870,31,"total religious edifices from NHGIS table NT44 (AK8001)",6100,127.4817,64.7858,1750,,,1487.97,"wave_coverage_differs"
"G2102370",1870,1870,"Wolfe, Kentucky","Wolfe","Kentucky","210","Wolfe","2370",3603,1870,12,"total religious edifices from NHGIS table NT44 (AK8001)",1725,47.8768,33.3056,2200,,,503.83,"wave_coverage_differs"
"G3901730",1870,1870,"Wood, Ohio","Wood","Ohio","390","Wood","1730",24596,1870,31,"total religious edifices from NHGIS table NT44 (AK8001)",10100,41.0636,12.6037,98800,,,1607.23,"wave_coverage_differs"
"G4804990",1870,1870,"Wood, Texas","Wood","Texas","480","Wood","4990",6894,1870,5,"total religious edifices from NHGIS table NT44 (AK8001)",800,11.6043,7.2527,700,,,2266.75,"wave_coverage_differs"
"G5401070",1870,1870,"Wood, West Virginia","Wood","West Virginia","540","Wood","1070",19000,1870,49,"total religious edifices from NHGIS table NT44 (AK8001)",19700,103.6842,25.7895,199500,,,975.81,"wave_coverage_differs"
"G5501410",1870,1870,"Wood, Wisconsin","Wood","Wisconsin","550","Wood","1410",3912,1870,3,"total religious edifices from NHGIS table NT44 (AK8001)",900,23.0061,7.6687,9500,,,1790.09,"wave_coverage_differs"
"G1901930",1870,1870,"Woodbury, Iowa","Woodbury","Iowa","190","Woodbury","1930",6172,1870,8,"total religious edifices from NHGIS table NT44 (AK8001)",1610,26.0855,12.9618,23900,,,2273.42,"wave_coverage_differs"
"G1702030",1870,1870,"Woodford, Illinois","Woodford","Illinois","170","Woodford","2030",18956,1870,26,"total religious edifices from NHGIS table NT44 (AK8001)",8170,43.0998,13.716,73600,,,1405.44,"wave_coverage_differs"
"G2102390",1870,1870,"Woodford, Kentucky","Woodford","Kentucky","210","Woodford","2390",8240,1870,28,"total religious edifices from NHGIS table NT44 (AK8001)",8400,101.9417,33.9806,1e+05,,,502.13,"wave_coverage_differs"
"G0501470",1870,1870,"Woodruff, Arkansas","Woodruff","Arkansas","050","Woodruff","1470",6891,1870,14,"total religious edifices from NHGIS table NT44 (AK8001)",1800,26.121,20.3164,7000,,,1670.67,"wave_coverage_differs"
"G2002070",1870,1870,"Woodson, Kansas","Woodson","Kansas","200","Woodson","2070",3827,1870,2,"total religious edifices from NHGIS table NT44 (AK8001)",600,15.6781,5.226,5500,,,1308.62,"wave_coverage_differs"
"G2400470",1870,1870,"Worcester, Maryland","Worcester","Maryland","240","Worcester","0470",16419,1870,41,"total religious edifices from NHGIS table NT44 (AK8001)",10460,63.7067,24.9711,59250,,,1233.23,"wave_coverage_differs"
"G2500270",1870,1870,"Worcester, Massachusetts","Worcester","Massachusetts","250","Worcester","0270",192716,1870,252,"total religious edifices from NHGIS table NT44 (AK8001)",114382,59.3526,13.0762,2271370,,,4061.15,"wave_coverage_differs"
"G1303210",1870,1870,"Worth, Georgia","Worth","Georgia","130","Worth","3210",3778,1870,14,"total religious edifices from NHGIS table NT44 (AK8001)",1200,31.7628,37.0566,740,,,1944.56,"wave_coverage_differs"
"G1901950",1870,1870,"Worth, Iowa","Worth","Iowa","190","Worth","1950",2892,1870,,"total religious edifices from NHGIS table NT44 (AK8001)",,,,,,,1041.02,"wave_coverage_differs"
"G2902270",1870,1870,"Worth, Missouri","Worth","Missouri","290","Worth","2270",5004,1870,7,"total religious edifices from NHGIS table NT44 (AK8001)",1750,34.972,13.9888,9300,,,691.05,"wave_coverage_differs"
"G1901970",1870,1870,"Wright, Iowa","Wright","Iowa","190","Wright","1970",2392,1870,,"total religious edifices from NHGIS table NT44 (AK8001)",,,,,,,1507.99,"wave_coverage_differs"
"G2701710",1870,1870,"Wright, Minnesota","Wright","Minnesota","270","Wright","1710",9457,1870,6,"total religious edifices from NHGIS table NT44 (AK8001)",1450,15.3326,6.3445,9000,,,1850.13,"wave_coverage_differs"
"G2902290",1870,1870,"Wright, Missouri","Wright","Missouri","290","Wright","2290",5684,1870,25,"total religious edifices from NHGIS table NT44 (AK8001)",2200,38.7051,43.9831,4400,,,1769.34,"wave_coverage_differs"
"G3901750",1870,1870,"Wyandot, Ohio","Wyandot","Ohio","390","Wyandot","1750",18553,1870,36,"total religious edifices from NHGIS table NT44 (AK8001)",9950,53.6301,19.4039,96900,,,1055.56,"wave_coverage_differs"
"G2002090",1870,1870,"Wyandotte, Kansas","Wyandotte","Kansas","200","Wyandotte","2090",10015,1870,10,"total religious edifices from NHGIS table NT44 (AK8001)",2000,19.97,9.985,20500,,,404.43,"wave_coverage_differs"
"G3601210",1870,1870,"Wyoming, New York","Wyoming","New York","360","Wyoming","1210",29164,1870,78,"total religious edifices from NHGIS table NT44 (AK8001)",23475,80.4931,26.7453,314700,,,1544.39,"wave_coverage_differs"
"G4201310",1870,1870,"Wyoming, Pennsylvania","Wyoming","Pennsylvania","420","Wyoming","1310",14585,1870,31,"total religious edifices from NHGIS table NT44 (AK8001)",5898,40.4388,21.2547,89200,,,1048.4,"wave_coverage_differs"
"G5401090",1870,1870,"Wyoming, West Virginia","Wyoming","West Virginia","540","Wyoming","1090",3171,1870,2,"total religious edifices from NHGIS table NT44 (AK8001)",230,7.2532,6.3072,200,,,1564.31,"wave_coverage_differs"
"G5101970",1870,1870,"Wythe, Virginia","Wythe","Virginia","510","Wythe","1970",11611,1870,19,"total religious edifices from NHGIS table NT44 (AK8001)",6450,55.5508,16.3638,40650,,,1203.4,"wave_coverage_differs"
"G3701970",1870,1870,"Yadkin, North Carolina","Yadkin","North Carolina","370","Yadkin","1970",10697,1870,26,"total religious edifices from NHGIS table NT44 (AK8001)",6800,63.5692,24.3059,6900,,,909.34,"wave_coverage_differs"
"G5350555",1870,1870,"Yakima, Washington Territory","Yakima","Washington Territory","535","Yakima","0555",432,1870,2,"total religious edifices from NHGIS table NT44 (AK8001)",400,92.5926,46.2963,750,,,18321.41,"wave_coverage_differs"
"G2801610",1870,1870,"Yalobusha, Mississippi","Yalobusha","Mississippi","280","Yalobusha","1610",13254,1870,41,"total religious edifices from NHGIS table NT44 (AK8001)",12600,95.0656,30.9341,81200,,,1219.71,"wave_coverage_differs"
"G4100710",1870,1870,"Yamhill, Oregon","Yamhill","Oregon","410","Yamhill","0710",5012,1870,14,"total religious edifices from NHGIS table NT44 (AK8001)",3400,67.8372,27.933,18100,,,1701.13,"wave_coverage_differs"
"G3701990",1870,1870,"Yancey, North Carolina","Yancey","North Carolina","370","Yancey","1990",5909,1870,7,"total religious edifices from NHGIS table NT44 (AK8001)",600,10.154,11.8463,2000,,,915.49,"wave_coverage_differs"
"G0951855",1870,1870,"Yankton, Dakota Territory","Yankton","Dakota Territory","095","Yankton","1855",2097,1870,3,"total religious edifices from NHGIS table NT44 (AK8001)",450,21.4592,14.3062,9500,,,1378.44,"wave_coverage_differs"
"G3601230",1870,1870,"Yates, New York","Yates","New York","360","Yates","1230",19595,1870,43,"total religious edifices from NHGIS table NT44 (AK8001)",14105,71.9826,21.9444,140100,,,973.25,"wave_coverage_differs"
"G0450255",1870,1870,"Yavapai, Arizona Territory","Yavapai","Arizona Territory","045","Yavapai","0255",2142,1870,,"total religious edifices from NHGIS table NT44 (AK8001)",,,,,,,169869.67,"wave_coverage_differs"
"G2801630",1870,1870,"Yazoo, Mississippi","Yazoo","Mississippi","280","Yazoo","1630",17279,1870,36,"total religious edifices from NHGIS table NT44 (AK8001)",10450,60.478,20.8345,75000,,,2793.73,"wave_coverage_differs"
"G0501490",1870,1870,"Yell, Arkansas","Yell","Arkansas","050","Yell","1490",8048,1870,7,"total religious edifices from NHGIS table NT44 (AK8001)",3000,37.2763,8.6978,5100,,,2593.85,"wave_coverage_differs"
"G0601130",1870,1870,"Yolo, California","Yolo","California","060","Yolo","1130",9899,1870,11,"total religious edifices from NHGIS table NT44 (AK8001)",2700,27.2755,11.1122,53000,,,2651.55,"wave_coverage_differs"
"G2300310",1870,1870,"York, Maine","York","Maine","230","York","0310",60174,1870,140,"total religious edifices from NHGIS table NT44 (AK8001)",49625,82.4692,23.2659,429000,,,2629.17,"wave_coverage_differs"
"G3101850",1870,1870,"York, Nebraska","York","Nebraska","310","York","1850",604,1870,,"total religious edifices from NHGIS table NT44 (AK8001)",,,,,,,1491.42,"wave_coverage_differs"
"G4201330",1870,1870,"York, Pennsylvania","York","Pennsylvania","420","York","1330",76134,1870,171,"total religious edifices from NHGIS table NT44 (AK8001)",68650,90.17,22.4604,879900,,,2358.82,"wave_coverage_differs"
"G4500910",1870,1870,"York, South Carolina","York","South Carolina","450","York","0910",24286,1870,41,"total religious edifices from NHGIS table NT44 (AK8001)",16100,66.2933,16.8822,84000,,,2024.52,"wave_coverage_differs"
"G5101990",1870,1870,"York, Virginia","York","Virginia","510","York","1990",7198,1870,13,"total religious edifices from NHGIS table NT44 (AK8001)",4500,62.5174,18.0606,7300,,,324.78,"wave_coverage_differs"
"G4805030",1870,1870,"Young, Texas","Young","Texas","480","Young","5030",135,1870,,"total religious edifices from NHGIS table NT44 (AK8001)",,,,,,,2410.91,"wave_coverage_differs"
"G0601150",1870,1870,"Yuba, California","Yuba","California","060","Yuba","1150",10851,1870,13,"total religious edifices from NHGIS table NT44 (AK8001)",3800,35.0198,11.9805,77000,,,1637.65,"wave_coverage_differs"
"G0450275",1870,1870,"Yuma, Arizona Territory","Yuma","Arizona Territory","045","Yuma","0275",1621,1870,2,"total religious edifices from NHGIS table NT44 (AK8001)",1200,74.0284,12.3381,2000,,,25984.89,"wave_coverage_differs"
"G4805050",1870,1870,"Zapata, Texas","Zapata","Texas","480","Zapata","5050",1488,1870,0,"total religious edifices from NHGIS table NT44 (AK8001)",0,0,0,0,,,4491.31,"wave_coverage_differs"
"G4805070",1870,1870,"Zavala, Texas","Zavala","Texas","480","Zavala","5070",133,1870,,"total religious edifices from NHGIS table NT44 (AK8001)",,,,,,,3371.49,"wave_coverage_differs"
