"gisjoin","year","boundary_year","area_name","source_area_name","state_name","state_code","county_name","county_code","population_total","population_reference_year","church_or_edifice_count","church_count_basis","church_seating_count","church_seating_per_100_population","churches_or_edifices_per_10000_residents","church_property_value","member_count","members_per_100_population","land_area_sq_km","quality_flag"
"G4500010",1906,1930,"Abbeville, South Carolina","Abbeville","South Carolina","450","Abbeville","0010",34804,1910,,,,,,,16521,47.4687,1323.46,"wave_coverage_differs;period_boundary_vintage_differs"
"G2200010",1906,1930,"Acadia, Louisiana","Acadia","Louisiana","220","Acadia","0010",31847,1910,,,,,,,25503,80.0798,1702.8,"wave_coverage_differs;period_boundary_vintage_differs"
"G5100010",1906,1930,"Accomack, Virginia","Accomack","Virginia","510","Accomack","0010",36650,1910,,,,,,,13249,36.1501,1191.02,"wave_coverage_differs;period_boundary_vintage_differs"
"G1600010",1906,1930,"Ada, Idaho","Ada","Idaho","160","Ada","0010",29088,1910,,,,,,,7675,26.3855,2746.58,"wave_coverage_differs;period_boundary_vintage_differs"
"G1900010",1906,1930,"Adair, Iowa","Adair","Iowa","190","Adair","0010",14420,1910,,,,,,,4526,31.387,1477,"wave_coverage_differs;period_boundary_vintage_differs"
"G2100010",1906,1930,"Adair, Kentucky","Adair","Kentucky","210","Adair","0010",16503,1910,,,,,,,4798,29.0735,1067.57,"wave_coverage_differs;period_boundary_vintage_differs"
"G2900010",1906,1930,"Adair, Missouri","Adair","Missouri","290","Adair","0010",22700,1910,,,,,,,7400,32.5991,1474.83,"wave_coverage_differs;period_boundary_vintage_differs"
"G4000010",1906,1930,"Adair, Oklahoma","Adair","Oklahoma","400","Adair","0010",10535,1910,,,,,,,1696,16.0987,1494.63,"wave_coverage_differs;period_boundary_vintage_differs"
"G0800010",1906,1930,"Adams, Colorado","Adams","Colorado","080","Adams","0010",8892,1910,,,,,,,622,6.9951,3264.1,"wave_coverage_differs;period_boundary_vintage_differs"
"G1700010",1906,1930,"Adams, Illinois","Adams","Illinois","170","Adams","0010",64588,1910,,,,,,,39701,61.4681,2257.19,"wave_coverage_differs;period_boundary_vintage_differs"
"G1800010",1906,1930,"Adams, Indiana","Adams","Indiana","180","Adams","0010",21840,1910,,,,,,,7117,32.587,880.51,"wave_coverage_differs;period_boundary_vintage_differs"
"G1900030",1906,1930,"Adams, Iowa","Adams","Iowa","190","Adams","0030",10998,1910,,,,,,,3517,31.9785,1102.05,"wave_coverage_differs;period_boundary_vintage_differs"
"G2800010",1906,1930,"Adams, Mississippi","Adams","Mississippi","280","Adams","0010",25265,1910,,,,,,,12643,50.0416,1262.72,"wave_coverage_differs;period_boundary_vintage_differs"
"G3100010",1906,1930,"Adams, Nebraska","Adams","Nebraska","310","Adams","0010",20900,1910,,,,,,,7481,35.7943,1461.33,"wave_coverage_differs;period_boundary_vintage_differs"
"G3800010",1906,1930,"Adams, North Dakota","Adams","North Dakota","380","Adams","0010",5407,1910,,,,,,,0,0,2560.77,"wave_coverage_differs;period_boundary_vintage_differs"
"G3900010",1906,1930,"Adams, Ohio","Adams","Ohio","390","Adams","0010",24755,1910,,,,,,,7652,30.9109,1517.18,"wave_coverage_differs;period_boundary_vintage_differs"
"G4200010",1906,1930,"Adams, Pennsylvania","Adams","Pennsylvania","420","Adams","0010",34319,1910,,,,,,,16977,49.4682,1351.37,"wave_coverage_differs;period_boundary_vintage_differs"
"G5300010",1906,1930,"Adams, Washington","Adams","Washington","530","Adams","0010",10920,1910,,,,,,,1901,17.4084,4998.31,"wave_coverage_differs;period_boundary_vintage_differs"
"G5500010",1906,1930,"Adams, Wisconsin","Adams","Wisconsin","550","Adams","0010",8604,1910,,,,,,,2079,24.1632,1783.34,"wave_coverage_differs;period_boundary_vintage_differs"
"G5000010",1906,1930,"Addison, Vermont","Addison","Vermont","500","Addison","0010",20010,1910,,,,,,,7816,39.0605,2091.97,"wave_coverage_differs;period_boundary_vintage_differs"
"G4500030",1906,1930,"Aiken, South Carolina","Aiken","South Carolina","450","Aiken","0030",41849,1910,,,,,,,19312,46.1469,2799.17,"wave_coverage_differs;period_boundary_vintage_differs"
"G2700010",1906,1930,"Aitkin, Minnesota","Aitkin","Minnesota","270","Aitkin","0010",10371,1910,,,,,,,1792,17.279,5167.87,"wave_coverage_differs;period_boundary_vintage_differs"
"G1200010",1906,1930,"Alachua, Florida","Alachua","Florida","120","Alachua","0010",34305,1910,,,,,,,12302,35.8607,2512.14,"wave_coverage_differs;period_boundary_vintage_differs"
"G3700010",1906,1930,"Alamance, North Carolina","Alamance","North Carolina","370","Alamance","0010",28712,1910,,,,,,,10174,35.4347,1125.94,"wave_coverage_differs;period_boundary_vintage_differs"
"G0600010",1906,1930,"Alameda, California","Alameda","California","060","Alameda","0010",246131,1910,,,,,,,65852,26.7549,1928.1,"wave_coverage_differs;period_boundary_vintage_differs"
"G3600010",1906,1930,"Albany, New York","Albany","New York","360","Albany","0010",173666,1910,,,,,,,94919,54.6561,1381.04,"wave_coverage_differs;period_boundary_vintage_differs"
"G5600010",1906,1930,"Albany, Wyoming","Albany","Wyoming","560","Albany","0010",11574,1910,,,,,,,1841,15.9063,11460.16,"wave_coverage_differs;period_boundary_vintage_differs"
"G5100030",1906,1930,"Albemarle, Virginia","Albemarle","Virginia","510","Albemarle","0030",29871,1910,,,,,,,11704,39.1818,1898.61,"wave_coverage_differs;period_boundary_vintage_differs"
"G2600010",1906,1930,"Alcona, Michigan","Alcona","Michigan","260","Alcona","0010",5703,1910,,,,,,,1301,22.8126,1798.79,"wave_coverage_differs;period_boundary_vintage_differs"
"G2800030",1906,1930,"Alcorn, Mississippi","Alcorn","Mississippi","280","Alcorn","0030",18159,1910,,,,,,,6102,33.6032,1039.52,"wave_coverage_differs;period_boundary_vintage_differs"
"G1700030",1906,1930,"Alexander, Illinois","Alexander","Illinois","170","Alexander","0030",22741,1910,,,,,,,5786,25.443,654.01,"wave_coverage_differs;period_boundary_vintage_differs"
"G3700030",1906,1930,"Alexander, North Carolina","Alexander","North Carolina","370","Alexander","0030",11592,1910,,,,,,,4815,41.5373,681.59,"wave_coverage_differs;period_boundary_vintage_differs"
"G5105100",1906,1930,"Alexandria City, Virginia","Alexandria City","Virginia","510","Alexandria City","5100",15329,1910,,,,,,,7429,48.4637,18.02,"wave_coverage_differs;period_boundary_vintage_differs"
"G4000030",1906,1930,"Alfalfa, Oklahoma","Alfalfa","Oklahoma","400","Alfalfa","0030",18138,1910,,,,,,,3976,21.9208,2282.66,"wave_coverage_differs;period_boundary_vintage_differs"
"G2600030",1906,1930,"Alger, Michigan","Alger","Michigan","260","Alger","0030",7675,1910,,,,,,,2325,30.2932,2427.06,"wave_coverage_differs;period_boundary_vintage_differs"
"G1900050",1906,1930,"Allamakee, Iowa","Allamakee","Iowa","190","Allamakee","0050",17328,1910,,,,,,,9513,54.8996,1706.21,"wave_coverage_differs;period_boundary_vintage_differs"
"G2600050",1906,1930,"Allegan, Michigan","Allegan","Michigan","260","Allegan","0050",39819,1910,,,,,,,8218,20.6384,2182.07,"wave_coverage_differs;period_boundary_vintage_differs"
"G2400010",1906,1930,"Allegany, Maryland","Allegany","Maryland","240","Allegany","0010",62411,1910,,,,,,,25529,40.9046,1113.46,"wave_coverage_differs;period_boundary_vintage_differs"
"G3600030",1906,1930,"Allegany, New York","Allegany","New York","360","Allegany","0030",41412,1910,,,,,,,13515,32.6355,2679.05,"wave_coverage_differs;period_boundary_vintage_differs"
"G3700050",1906,1930,"Alleghany, North Carolina","Alleghany","North Carolina","370","Alleghany","0050",7745,1910,,,,,,,1493,19.277,612.49,"wave_coverage_differs;period_boundary_vintage_differs"
"G5100050",1906,1930,"Alleghany, Virginia","Alleghany","Virginia","510","Alleghany","0050",14173,1910,,,,,,,4316,30.4523,1172.16,"wave_coverage_differs;period_boundary_vintage_differs"
"G4200030",1906,1930,"Allegheny, Pennsylvania","Allegheny","Pennsylvania","420","Allegheny","0030",1018463,1910,,,,,,,444793,43.673,1928.72,"wave_coverage_differs;period_boundary_vintage_differs"
"G1800030",1906,1930,"Allen, Indiana","Allen","Indiana","180","Allen","0030",93386,1910,,,,,,,30117,32.25,1709.45,"wave_coverage_differs;period_boundary_vintage_differs"
"G2000010",1906,1930,"Allen, Kansas","Allen","Kansas","200","Allen","0010",27640,1910,,,,,,,6911,25.0036,1308.78,"wave_coverage_differs;period_boundary_vintage_differs"
"G2100030",1906,1930,"Allen, Kentucky","Allen","Kentucky","210","Allen","0030",14882,1910,,,,,,,5485,36.8566,911.2,"wave_coverage_differs;period_boundary_vintage_differs"
"G3900030",1906,1930,"Allen, Ohio","Allen","Ohio","390","Allen","0030",56580,1910,,,,,,,21463,37.9339,1053.73,"wave_coverage_differs;period_boundary_vintage_differs"
"G2600070",1906,1930,"Alpena, Michigan","Alpena","Michigan","260","Alpena","0070",19965,1910,,,,,,,8430,42.2239,1539.72,"wave_coverage_differs;period_boundary_vintage_differs"
"G0600030",1906,1930,"Alpine, California","Alpine","California","060","Alpine","0030",309,1910,,,,,,,0,0,1924.86,"wave_coverage_differs;period_boundary_vintage_differs"
"G0600050",1906,1930,"Amador, California","Amador","California","060","Amador","0050",9086,1910,,,,,,,6206,68.3029,1569.41,"wave_coverage_differs;period_boundary_vintage_differs"
"G5100070",1906,1930,"Amelia, Virginia","Amelia","Virginia","510","Amelia","0070",8720,1910,,,,,,,5112,58.6239,928.57,"wave_coverage_differs;period_boundary_vintage_differs"
"G5100090",1906,1930,"Amherst, Virginia","Amherst","Virginia","510","Amherst","0090",18932,1910,,,,,,,7519,39.7158,1240.21,"wave_coverage_differs;period_boundary_vintage_differs"
"G2800050",1906,1930,"Amite, Mississippi","Amite","Mississippi","280","Amite","0050",22954,1910,,,,,,,11596,50.5184,1894.87,"wave_coverage_differs;period_boundary_vintage_differs"
"G2000030",1906,1930,"Anderson, Kansas","Anderson","Kansas","200","Anderson","0030",13829,1910,,,,,,,4380,31.6726,1511.89,"wave_coverage_differs;period_boundary_vintage_differs"
"G2100050",1906,1930,"Anderson, Kentucky","Anderson","Kentucky","210","Anderson","0050",10146,1910,,,,,,,3516,34.6541,526.41,"wave_coverage_differs;period_boundary_vintage_differs"
"G4500070",1906,1930,"Anderson, South Carolina","Anderson","South Carolina","450","Anderson","0070",69568,1910,,,,,,,28856,41.4788,1961.7,"wave_coverage_differs;period_boundary_vintage_differs"
"G4700010",1906,1930,"Anderson, Tennessee","Anderson","Tennessee","470","Anderson","0010",17717,1910,,,,,,,5913,33.3747,893.01,"wave_coverage_differs;period_boundary_vintage_differs"
"G4800010",1906,1930,"Anderson, Texas","Anderson","Texas","480","Anderson","0010",29650,1910,,,,,,,11122,37.511,2791.97,"wave_coverage_differs;period_boundary_vintage_differs"
"G2900030",1906,1930,"Andrew, Missouri","Andrew","Missouri","290","Andrew","0030",15282,1910,,,,,,,5274,34.5112,1130.33,"wave_coverage_differs;period_boundary_vintage_differs"
"G4800030",1906,1930,"Andrews, Texas","Andrews","Texas","480","Andrews","0030",975,1910,,,,,,,0,0,3887.73,"wave_coverage_differs;period_boundary_vintage_differs"
"G2300010",1906,1930,"Androscoggin, Maine","Androscoggin","Maine","230","Androscoggin","0010",59822,1910,,,,,,,28646,47.8854,1287.87,"wave_coverage_differs;period_boundary_vintage_differs"
"G4800050",1906,1930,"Angelina, Texas","Angelina","Texas","480","Angelina","0050",17705,1910,,,,,,,4318,24.3886,2239.56,"wave_coverage_differs;period_boundary_vintage_differs"
"G2400030",1906,1930,"Anne Arundel, Maryland","Anne Arundel","Maryland","240","Anne Arundel","0030",39553,1910,,,,,,,10720,27.1029,1085.44,"wave_coverage_differs;period_boundary_vintage_differs"
"G2700030",1906,1930,"Anoka, Minnesota","Anoka","Minnesota","270","Anoka","0030",12493,1910,,,,,,,4095,32.7784,1155.49,"wave_coverage_differs;period_boundary_vintage_differs"
"G3700070",1906,1930,"Anson, North Carolina","Anson","North Carolina","370","Anson","0070",25465,1910,,,,,,,10788,42.364,1391.08,"wave_coverage_differs;period_boundary_vintage_differs"
"G3100030",1906,1930,"Antelope, Nebraska","Antelope","Nebraska","310","Antelope","0030",14003,1910,,,,,,,2735,19.5315,2223.74,"wave_coverage_differs;period_boundary_vintage_differs"
"G2600090",1906,1930,"Antrim, Michigan","Antrim","Michigan","260","Antrim","0090",15692,1910,,,,,,,3497,22.2852,1359.62,"wave_coverage_differs;period_boundary_vintage_differs"
"G1900070",1906,1930,"Appanoose, Iowa","Appanoose","Iowa","190","Appanoose","0070",28701,1910,,,,,,,8401,29.2708,1337.07,"wave_coverage_differs;period_boundary_vintage_differs"
"G1300010",1906,1930,"Appling, Georgia","Appling","Georgia","130","Appling","0010",12318,1910,,,,,,,3577,29.0388,1326.71,"wave_coverage_differs;period_boundary_vintage_differs"
"G5100110",1906,1930,"Appomattox, Virginia","Appomattox","Virginia","510","Appomattox","0110",8904,1910,,,,,,,4661,52.3473,866.95,"wave_coverage_differs;period_boundary_vintage_differs"
"G4800070",1906,1930,"Aransas, Texas","Aransas","Texas","480","Aransas","0070",2106,1910,,,,,,,444,21.0826,665.71,"wave_coverage_differs;period_boundary_vintage_differs"
"G0800050",1906,1930,"Arapahoe (South Arapahoe), Colorado","Arapahoe","Colorado","080","Arapahoe","0050",10263,1910,,,,,,,841,8.1945,2158.37,"wave_coverage_differs;period_boundary_vintage_differs"
"G4800090",1906,1930,"Archer, Texas","Archer","Texas","480","Archer","0090",6525,1910,,,,,,,1054,16.1533,2396.82,"wave_coverage_differs;period_boundary_vintage_differs"
"G0800070",1906,1930,"Archuleta, Colorado","Archuleta","Colorado","080","Archuleta","0070",3302,1910,,,,,,,722,21.8655,3510.69,"wave_coverage_differs;period_boundary_vintage_differs"
"G2600110",1906,1930,"Arenac, Michigan","Arenac","Michigan","260","Arenac","0110",9640,1910,,,,,,,2963,30.7365,953.39,"wave_coverage_differs;period_boundary_vintage_differs"
"G0500010",1906,1930,"Arkansas, Arkansas","Arkansas","Arkansas","050","Arkansas","0010",16103,1910,,,,,,,3548,22.0332,2677.35,"wave_coverage_differs;period_boundary_vintage_differs"
"G4200050",1906,1930,"Armstrong, Pennsylvania","Armstrong","Pennsylvania","420","Armstrong","0050",67880,1910,,,,,,,26029,38.3456,1719.59,"wave_coverage_differs;period_boundary_vintage_differs"
"G4600010",1906,1930,"Armstrong, South Dakota","Armstrong","South Dakota","460","Armstrong","0010",647,1910,,,,,,,148,22.8748,1392.85,"wave_coverage_differs;period_boundary_vintage_differs"
"G4800110",1906,1930,"Armstrong, Texas","Armstrong","Texas","480","Armstrong","0110",2682,1910,,,,,,,560,20.8799,2366.8,"wave_coverage_differs;period_boundary_vintage_differs"
"G2300030",1906,1930,"Aroostook, Maine","Aroostook","Maine","230","Aroostook","0030",74664,1910,,,,,,,25255,33.8249,17686.02,"wave_coverage_differs;period_boundary_vintage_differs"
"G2200050",1906,1930,"Ascension, Louisiana","Ascension","Louisiana","220","Ascension","0050",23887,1910,,,,,,,13164,55.1095,784.35,"wave_coverage_differs;period_boundary_vintage_differs"
"G3700090",1906,1930,"Ashe, North Carolina","Ashe","North Carolina","370","Ashe","0090",19074,1910,,,,,,,4753,24.9187,1112.13,"wave_coverage_differs;period_boundary_vintage_differs"
"G3900050",1906,1930,"Ashland, Ohio","Ashland","Ohio","390","Ashland","0050",22975,1910,,,,,,,10824,47.1121,1105.4,"wave_coverage_differs;period_boundary_vintage_differs"
"G5500030",1906,1930,"Ashland, Wisconsin","Ashland","Wisconsin","550","Ashland","0030",21965,1910,,,,,,,13651,62.1489,2730.87,"wave_coverage_differs;period_boundary_vintage_differs"
"G0500030",1906,1930,"Ashley, Arkansas","Ashley","Arkansas","050","Ashley","0030",25268,1910,,,,,,,7460,29.5235,2432.47,"wave_coverage_differs;period_boundary_vintage_differs"
"G3900070",1906,1930,"Ashtabula, Ohio","Ashtabula","Ohio","390","Ashtabula","0070",59547,1910,,,,,,,17049,28.6312,1836.85,"wave_coverage_differs;period_boundary_vintage_differs"
"G5300030",1906,1930,"Asotin, Washington","Asotin","Washington","530","Asotin","0030",5831,1910,,,,,,,998,17.1154,1659.2,"wave_coverage_differs;period_boundary_vintage_differs"
"G2200070",1906,1930,"Assumption, Louisiana","Assumption","Louisiana","220","Assumption","0070",24128,1910,,,,,,,18205,75.4518,944.13,"wave_coverage_differs;period_boundary_vintage_differs"
"G4800130",1906,1930,"Atascosa, Texas","Atascosa","Texas","480","Atascosa","0130",10004,1910,,,,,,,1947,19.4622,3163.62,"wave_coverage_differs;period_boundary_vintage_differs"
"G2000050",1906,1930,"Atchison, Kansas","Atchison","Kansas","200","Atchison","0050",28107,1910,,,,,,,9730,34.6177,1107.39,"wave_coverage_differs;period_boundary_vintage_differs"
"G2900050",1906,1930,"Atchison, Missouri","Atchison","Missouri","290","Atchison","0050",13604,1910,,,,,,,4779,35.1294,1417.74,"wave_coverage_differs;period_boundary_vintage_differs"
"G3900090",1906,1930,"Athens, Ohio","Athens","Ohio","390","Athens","0090",47798,1910,,,,,,,11506,24.0721,1316.86,"wave_coverage_differs;period_boundary_vintage_differs"
"G3400010",1906,1930,"Atlantic, New Jersey","Atlantic","New Jersey","340","Atlantic","0010",71894,1910,,,,,,,19005,26.4348,1470.6,"wave_coverage_differs;period_boundary_vintage_differs"
"G4000050",1906,1930,"Atoka, Oklahoma","Atoka","Oklahoma","400","Atoka","0050",13808,1910,,,,,,,2161,15.6503,2563.87,"wave_coverage_differs;period_boundary_vintage_differs"
"G2800070",1906,1930,"Attala, Mississippi","Attala","Mississippi","280","Attala","0070",28851,1910,,,,,,,10496,36.38,1908.05,"wave_coverage_differs;period_boundary_vintage_differs"
"G2900070",1906,1930,"Audrain, Missouri","Audrain","Missouri","290","Audrain","0070",21687,1910,,,,,,,10254,47.2818,1804.76,"wave_coverage_differs;period_boundary_vintage_differs"
"G1900090",1906,1930,"Audubon, Iowa","Audubon","Iowa","190","Audubon","0090",12671,1910,,,,,,,4101,32.3652,1148.42,"wave_coverage_differs;period_boundary_vintage_differs"
"G3900110",1906,1930,"Auglaize, Ohio","Auglaize","Ohio","390","Auglaize","0110",31246,1910,,,,,,,11684,37.3936,1040.93,"wave_coverage_differs;period_boundary_vintage_differs"
"G5100150",1906,1930,"Augusta, Virginia","Augusta","Virginia","510","Augusta","0150",32445,1910,,,,,,,14282,44.0191,2600.48,"wave_coverage_differs;period_boundary_vintage_differs"
"G4600030",1906,1930,"Aurora, South Dakota","Aurora","South Dakota","460","Aurora","0030",6143,1910,,,,,,,1420,23.1157,1846,"wave_coverage_differs;period_boundary_vintage_differs"
"G4800150",1906,1930,"Austin, Texas","Austin","Texas","480","Austin","0150",17699,1910,,,,,,,7163,40.4712,1700.27,"wave_coverage_differs;period_boundary_vintage_differs"
"G0100010",1906,1930,"Autauga, Alabama","Autauga","Alabama","010","Autauga","0010",20038,1910,,,,,,,8236,41.1019,1565.33,"wave_coverage_differs;period_boundary_vintage_differs"
"G2200090",1906,1930,"Avoyelles, Louisiana","Avoyelles","Louisiana","220","Avoyelles","0090",34102,1910,,,,,,,25113,73.6408,2242.19,"wave_coverage_differs;period_boundary_vintage_differs"
"G0800090",1906,1930,"Baca, Colorado","Baca","Colorado","080","Baca","0090",2516,1910,,,,,,,130,5.1669,6623.47,"wave_coverage_differs;period_boundary_vintage_differs"
"G4800170",1906,1930,"Bailey, Texas","Bailey","Texas","480","Bailey","0170",312,1910,,,,,,,0,0,2143.16,"wave_coverage_differs;period_boundary_vintage_differs"
"G1200030",1906,1930,"Baker, Florida","Baker","Florida","120","Baker","0030",4805,1910,,,,,,,598,12.4454,1525.33,"wave_coverage_differs;period_boundary_vintage_differs"
"G1300070",1906,1930,"Baker, Georgia","Baker","Georgia","130","Baker","0070",7973,1910,,,,,,,1668,20.9206,904.34,"wave_coverage_differs;period_boundary_vintage_differs"
"G4100010",1906,1930,"Baker, Oregon","Baker","Oregon","410","Baker","0010",18076,1910,,,,,,,4340,24.0097,7999.02,"wave_coverage_differs;period_boundary_vintage_differs"
"G0100030",1906,1930,"Baldwin, Alabama","Baldwin","Alabama","010","Baldwin","0030",18178,1910,,,,,,,5695,31.3291,4211.24,"wave_coverage_differs;period_boundary_vintage_differs"
"G1300090",1906,1930,"Baldwin, Georgia","Baldwin","Georgia","130","Baldwin","0090",18354,1910,,,,,,,7494,40.8303,690.59,"wave_coverage_differs;period_boundary_vintage_differs"
"G2100070",1906,1930,"Ballard, Kentucky","Ballard","Kentucky","210","Ballard","0070",12690,1910,,,,,,,3791,29.8739,710.27,"wave_coverage_differs;period_boundary_vintage_differs"
"G2400050",1906,1930,"Baltimore, Maryland","Baltimore","Maryland","240","Baltimore","0050",122349,1910,,,,,,,34961,28.5748,1575.5,"wave_coverage_differs;period_boundary_vintage_differs"
"G2405100",1906,1930,"Baltimore City, Maryland","Baltimore City","Maryland","240","Baltimore City","5100",558485,1910,,,,,,,224968,40.2818,210.89,"wave_coverage_differs;period_boundary_vintage_differs"
"G4500090",1906,1930,"Bamberg, South Carolina","Bamberg","South Carolina","450","Bamberg","0090",18544,1910,,,,,,,9384,50.604,1024.5,"wave_coverage_differs;period_boundary_vintage_differs"
"G4800190",1906,1930,"Bandera, Texas","Bandera","Texas","480","Bandera","0190",4921,1910,,,,,,,838,17.0291,2065.87,"wave_coverage_differs;period_boundary_vintage_differs"
"G1300110",1906,1930,"Banks, Georgia","Banks","Georgia","130","Banks","0110",11244,1910,,,,,,,4994,44.4148,605.82,"wave_coverage_differs;period_boundary_vintage_differs"
"G3100070",1906,1930,"Banner, Nebraska","Banner","Nebraska","310","Banner","0070",1444,1910,,,,,,,50,3.4626,1933.07,"wave_coverage_differs;period_boundary_vintage_differs"
"G1600050",1906,1930,"Bannock, Idaho","Bannock","Idaho","160","Bannock","0050",19242,1910,,,,,,,8503,44.1898,2971.85,"wave_coverage_differs;period_boundary_vintage_differs"
"G2600130",1906,1930,"Baraga, Michigan","Baraga","Michigan","260","Baraga","0130",6127,1910,,,,,,,5766,94.108,2375.32,"wave_coverage_differs;period_boundary_vintage_differs"
"G2000070",1906,1930,"Barber, Kansas","Barber","Kansas","200","Barber","0070",9916,1910,,,,,,,1533,15.4599,2942.66,"wave_coverage_differs;period_boundary_vintage_differs"
"G0100050",1906,1930,"Barbour, Alabama","Barbour","Alabama","010","Barbour","0050",32728,1910,,,,,,,15086,46.0951,2342.61,"wave_coverage_differs;period_boundary_vintage_differs"
"G5400010",1906,1930,"Barbour, West Virginia","Barbour","West Virginia","540","Barbour","0010",15858,1910,,,,,,,5537,34.9161,888,"wave_coverage_differs;period_boundary_vintage_differs"
"G3800030",1906,1930,"Barnes, North Dakota","Barnes","North Dakota","380","Barnes","0030",18066,1910,,,,,,,5931,32.8296,3919.7,"wave_coverage_differs;period_boundary_vintage_differs"
"G2500010",1906,1930,"Barnstable, Massachusetts","Barnstable","Massachusetts","250","Barnstable","0010",27542,1910,,,,,,,7998,29.0393,1082.43,"wave_coverage_differs;period_boundary_vintage_differs"
"G4500110",1906,1930,"Barnwell, South Carolina","Barnwell","South Carolina","450","Barnwell","0110",34209,1910,,,,,,,17945,52.457,1443.3,"wave_coverage_differs;period_boundary_vintage_differs"
"G2100090",1906,1930,"Barren, Kentucky","Barren","Kentucky","210","Barren","0090",25293,1910,,,,,,,10121,40.015,1295.4,"wave_coverage_differs;period_boundary_vintage_differs"
"G5500050",1906,1930,"Barron, Wisconsin","Barron","Wisconsin","550","Barron","0050",29114,1910,,,,,,,10047,34.5092,2304.49,"wave_coverage_differs;period_boundary_vintage_differs"
"G2600150",1906,1930,"Barry, Michigan","Barry","Michigan","260","Barry","0150",22633,1910,,,,,,,4050,17.8942,1494.53,"wave_coverage_differs;period_boundary_vintage_differs"
"G2900090",1906,1930,"Barry, Missouri","Barry","Missouri","290","Barry","0090",23869,1910,,,,,,,7242,30.3406,2048.57,"wave_coverage_differs;period_boundary_vintage_differs"
"G1800050",1906,1930,"Bartholomew, Indiana","Bartholomew","Indiana","180","Bartholomew","0050",24813,1910,,,,,,,11962,48.2086,1060.65,"wave_coverage_differs;period_boundary_vintage_differs"
"G2000090",1906,1930,"Barton, Kansas","Barton","Kansas","200","Barton","0090",17876,1910,,,,,,,6227,34.8344,2332.63,"wave_coverage_differs;period_boundary_vintage_differs"
"G2900110",1906,1930,"Barton, Missouri","Barton","Missouri","290","Barton","0110",16747,1910,,,,,,,4428,26.4406,1545.5,"wave_coverage_differs;period_boundary_vintage_differs"
"G1300150",1906,1930,"Bartow, Georgia","Bartow","Georgia","130","Bartow","0150",25388,1910,,,,,,,9008,35.4813,1217.37,"wave_coverage_differs;period_boundary_vintage_differs"
"G4800210",1906,1930,"Bastrop, Texas","Bastrop","Texas","480","Bastrop","0210",25344,1910,,,,,,,9508,37.5158,2319.47,"wave_coverage_differs;period_boundary_vintage_differs"
"G2900130",1906,1930,"Bates, Missouri","Bates","Missouri","290","Bates","0130",25869,1910,,,,,,,9311,35.9929,2205.07,"wave_coverage_differs;period_boundary_vintage_differs"
"G2100110",1906,1930,"Bath, Kentucky","Bath","Kentucky","210","Bath","0110",13988,1910,,,,,,,4371,31.2482,735.41,"wave_coverage_differs;period_boundary_vintage_differs"
"G5100170",1906,1930,"Bath, Virginia","Bath","Virginia","510","Bath","0170",6538,1910,,,,,,,1858,28.4185,1384.56,"wave_coverage_differs;period_boundary_vintage_differs"
"G0500050",1906,1930,"Baxter, Arkansas","Baxter","Arkansas","050","Baxter","0050",10389,1910,,,,,,,1707,16.4308,1519.59,"wave_coverage_differs;period_boundary_vintage_differs"
"G2600170",1906,1930,"Bay, Michigan","Bay","Michigan","260","Bay","0170",68238,1910,,,,,,,34179,50.0879,1162.26,"wave_coverage_differs;period_boundary_vintage_differs"
"G5500070",1906,1930,"Bayfield, Wisconsin","Bayfield","Wisconsin","550","Bayfield","0070",15987,1910,,,,,,,4001,25.0266,3914.21,"wave_coverage_differs;period_boundary_vintage_differs"
"G4800230",1906,1930,"Baylor, Texas","Baylor","Texas","480","Baylor","0230",8411,1910,,,,,,,1390,16.526,2333.76,"wave_coverage_differs;period_boundary_vintage_differs"
"G4600050",1906,1930,"Beadle, South Dakota","Beadle","South Dakota","460","Beadle","0050",15776,1910,,,,,,,2928,18.5598,3275.85,"wave_coverage_differs;period_boundary_vintage_differs"
"G1600070",1906,1930,"Bear Lake, Idaho","Bear Lake","Idaho","160","Bear Lake","0070",7729,1910,,,,,,,4681,60.5641,2717.99,"wave_coverage_differs;period_boundary_vintage_differs"
"G3700130",1906,1930,"Beaufort, North Carolina","Beaufort","North Carolina","370","Beaufort","0130",30877,1910,,,,,,,11141,36.0819,2152.81,"wave_coverage_differs;period_boundary_vintage_differs"
"G4500130",1906,1930,"Beaufort, South Carolina","Beaufort","South Carolina","450","Beaufort","0130",30355,1910,,,,,,,18870,62.1644,1684.94,"wave_coverage_differs;period_boundary_vintage_differs"
"G4000070",1906,1930,"Beaver, Oklahoma","Beaver","Oklahoma","400","Beaver","0070",13631,1910,,,,,,,1464,10.7402,4707.52,"wave_coverage_differs;period_boundary_vintage_differs"
"G4200070",1906,1930,"Beaver, Pennsylvania","Beaver","Pennsylvania","420","Beaver","0070",78353,1910,,,,,,,26476,33.7907,1149.83,"wave_coverage_differs;period_boundary_vintage_differs"
"G4900010",1906,1930,"Beaver, Utah","Beaver","Utah","490","Beaver","0010",4717,1910,,,,,,,1814,38.4566,6713.94,"wave_coverage_differs;period_boundary_vintage_differs"
"G3000010",1906,1930,"Beaverhead, Montana","Beaverhead","Montana","300","Beaverhead","0010",6446,1910,,,,,,,935,14.5051,14430.81,"wave_coverage_differs;period_boundary_vintage_differs"
"G2700050",1906,1930,"Becker, Minnesota","Becker","Minnesota","270","Becker","0050",18840,1910,,,,,,,6969,36.9904,3743,"wave_coverage_differs;period_boundary_vintage_differs"
"G4000090",1906,1930,"Beckham, Oklahoma","Beckham","Oklahoma","400","Beckham","0090",19699,1910,,,,,,,2633,13.3662,2341.02,"wave_coverage_differs;period_boundary_vintage_differs"
"G4200090",1906,1930,"Bedford, Pennsylvania","Bedford","Pennsylvania","420","Bedford","0090",38879,1910,,,,,,,14908,38.3446,2634.16,"wave_coverage_differs;period_boundary_vintage_differs"
"G4700030",1906,1930,"Bedford, Tennessee","Bedford","Tennessee","470","Bedford","0030",22667,1910,,,,,,,9272,40.9053,1229.71,"wave_coverage_differs;period_boundary_vintage_differs"
"G5100190",1906,1930,"Bedford, Virginia","Bedford","Virginia","510","Bedford","0190",29549,1910,,,,,,,12490,42.2688,2037.82,"wave_coverage_differs;period_boundary_vintage_differs"
"G4800250",1906,1930,"Bee, Texas","Bee","Texas","480","Bee","0250",12090,1910,,,,,,,2719,22.4897,2280.06,"wave_coverage_differs;period_boundary_vintage_differs"
"G3300010",1906,1930,"Belknap, New Hampshire","Belknap","New Hampshire","330","Belknap","0010",21309,1910,,,,,,,8171,38.3453,1213.61,"wave_coverage_differs;period_boundary_vintage_differs"
"G2100130",1906,1930,"Bell, Kentucky","Bell","Kentucky","210","Bell","0130",28447,1910,,,,,,,3333,11.7165,935.8,"wave_coverage_differs;period_boundary_vintage_differs"
"G4800270",1906,1930,"Bell, Texas","Bell","Texas","480","Bell","0270",49186,1910,,,,,,,14856,30.2037,2817.72,"wave_coverage_differs;period_boundary_vintage_differs"
"G3900130",1906,1930,"Belmont, Ohio","Belmont","Ohio","390","Belmont","0130",76856,1910,,,,,,,27625,35.9438,1401.89,"wave_coverage_differs;period_boundary_vintage_differs"
"G2700070",1906,1930,"Beltrami, Minnesota","Beltrami","Minnesota","270","Beltrami","0070",19337,1910,,,,,,,3210,16.6003,7913.54,"wave_coverage_differs;period_boundary_vintage_differs"
"G1300170",1906,1930,"Ben Hill, Georgia","Ben Hill","Georgia","130","Ben Hill","0170",11863,1910,,,,,,,2860,24.1086,657.62,"wave_coverage_differs;period_boundary_vintage_differs"
"G4600070",1906,1930,"Bennett, South Dakota","Bennett","South Dakota","460","Bennett","0070",96,1910,,,,,,,0,0,3083.39,"wave_coverage_differs;period_boundary_vintage_differs"
"G5000030",1906,1930,"Bennington, Vermont","Bennington","Vermont","500","Bennington","0030",21378,1910,,,,,,,9403,43.9845,1755.11,"wave_coverage_differs;period_boundary_vintage_differs"
"G3800050",1906,1930,"Benson, North Dakota","Benson","North Dakota","380","Benson","0050",12681,1910,,,,,,,4804,37.8834,3728.26,"wave_coverage_differs;period_boundary_vintage_differs"
"G0800110",1906,1930,"Bent, Colorado","Bent","Colorado","080","Bent","0110",5043,1910,,,,,,,830,16.4585,3991.46,"wave_coverage_differs;period_boundary_vintage_differs"
"G0500070",1906,1930,"Benton, Arkansas","Benton","Arkansas","050","Benton","0070",33389,1910,,,,,,,8952,26.8112,2279.97,"wave_coverage_differs;period_boundary_vintage_differs"
"G1800070",1906,1930,"Benton, Indiana","Benton","Indiana","180","Benton","0070",12688,1910,,,,,,,3789,29.8629,1052.86,"wave_coverage_differs;period_boundary_vintage_differs"
"G1900110",1906,1930,"Benton, Iowa","Benton","Iowa","190","Benton","0110",23156,1910,,,,,,,7854,33.9178,1860.88,"wave_coverage_differs;period_boundary_vintage_differs"
"G2700090",1906,1930,"Benton, Minnesota","Benton","Minnesota","270","Benton","0090",11615,1910,,,,,,,5802,49.9526,1069.82,"wave_coverage_differs;period_boundary_vintage_differs"
"G2800090",1906,1930,"Benton, Mississippi","Benton","Mississippi","280","Benton","0090",10245,1910,,,,,,,3342,32.6208,1058.42,"wave_coverage_differs;period_boundary_vintage_differs"
"G2900150",1906,1930,"Benton, Missouri","Benton","Missouri","290","Benton","0150",14881,1910,,,,,,,5130,34.4735,1949.09,"wave_coverage_differs;period_boundary_vintage_differs"
"G4100030",1906,1930,"Benton, Oregon","Benton","Oregon","410","Benton","0030",10663,1910,,,,,,,2091,19.6099,1712.6,"wave_coverage_differs;period_boundary_vintage_differs"
"G4700050",1906,1930,"Benton, Tennessee","Benton","Tennessee","470","Benton","0050",12452,1910,,,,,,,3927,31.5371,1129.87,"wave_coverage_differs;period_boundary_vintage_differs"
"G5300050",1906,1930,"Benton, Washington","Benton","Washington","530","Benton","0050",7937,1910,,,,,,,772,9.7266,4558.32,"wave_coverage_differs;period_boundary_vintage_differs"
"G2600190",1906,1930,"Benzie, Michigan","Benzie","Michigan","260","Benzie","0190",10638,1910,,,,,,,1788,16.8077,900.24,"wave_coverage_differs;period_boundary_vintage_differs"
"G3400030",1906,1930,"Bergen, New Jersey","Bergen","New Jersey","340","Bergen","0030",138002,1910,,,,,,,28974,20.9953,621.94,"wave_coverage_differs;period_boundary_vintage_differs"
"G4500150",1906,1930,"Berkeley, South Carolina","Berkeley","South Carolina","450","Berkeley","0150",23487,1910,,,,,,,14433,61.451,3154.3,"wave_coverage_differs;period_boundary_vintage_differs"
"G5400030",1906,1930,"Berkeley, West Virginia","Berkeley","West Virginia","540","Berkeley","0030",21999,1910,,,,,,,7277,33.0788,832.82,"wave_coverage_differs;period_boundary_vintage_differs"
"G4200110",1906,1930,"Berks, Pennsylvania","Berks","Pennsylvania","420","Berks","0110",183222,1910,,,,,,,77477,42.2859,2242.56,"wave_coverage_differs;period_boundary_vintage_differs"
"G2500030",1906,1930,"Berkshire, Massachusetts","Berkshire","Massachusetts","250","Berkshire","0030",105259,1910,,,,,,,52370,49.7535,2450.92,"wave_coverage_differs;period_boundary_vintage_differs"
"G1300190",1906,1930,"Berrien, Georgia","Berrien","Georgia","130","Berrien","0190",22772,1910,,,,,,,6110,26.8312,1185.96,"wave_coverage_differs;period_boundary_vintage_differs"
"G2600210",1906,1930,"Berrien, Michigan","Berrien","Michigan","260","Berrien","0210",53622,1910,,,,,,,11684,21.7896,1502.85,"wave_coverage_differs;period_boundary_vintage_differs"
"G3700150",1906,1930,"Bertie, North Carolina","Bertie","North Carolina","370","Bertie","0150",23039,1910,,,,,,,15075,65.4325,1832.89,"wave_coverage_differs;period_boundary_vintage_differs"
"G4800290",1906,1930,"Bexar, Texas","Bexar","Texas","480","Bexar","0290",119676,1910,,,,,,,32107,26.8283,3253.23,"wave_coverage_differs;period_boundary_vintage_differs"
"G0100070",1906,1930,"Bibb, Alabama","Bibb","Alabama","010","Bibb","0070",22791,1910,,,,,,,8515,37.3612,1621.77,"wave_coverage_differs;period_boundary_vintage_differs"
"G1300210",1906,1930,"Bibb, Georgia","Bibb","Georgia","130","Bibb","0210",56646,1910,,,,,,,24937,44.0225,661.32,"wave_coverage_differs;period_boundary_vintage_differs"
"G2200130",1906,1930,"Bienville, Louisiana","Bienville","Louisiana","220","Bienville","0130",21776,1910,,,,,,,8468,38.8868,2129.16,"wave_coverage_differs;period_boundary_vintage_differs"
"G5600030",1906,1930,"Big Horn, Wyoming","Big Horn","Wyoming","560","Big Horn","0030",8886,1910,,,,,,,2440,27.4589,8181.6,"wave_coverage_differs;period_boundary_vintage_differs"
"G2700110",1906,1930,"Big Stone, Minnesota","Big Stone","Minnesota","270","Big Stone","0110",9367,1910,,,,,,,4180,44.6247,1363.37,"wave_coverage_differs;period_boundary_vintage_differs"
"G3800070",1906,1930,"Billings, North Dakota","Billings","North Dakota","380","Billings","0070",10186,1910,,,,,,,379,3.7208,2987.54,"wave_coverage_differs;period_boundary_vintage_differs"
"G1600110",1906,1930,"Bingham, Idaho","Bingham","Idaho","160","Bingham","0110",23306,1910,,,,,,,6571,28.1945,5491.19,"wave_coverage_differs;period_boundary_vintage_differs"
"G1900130",1906,1930,"Black Hawk, Iowa","Black Hawk","Iowa","190","Black Hawk","0130",44865,1910,,,,,,,16100,35.8854,1483.25,"wave_coverage_differs;period_boundary_vintage_differs"
"G1800090",1906,1930,"Blackford, Indiana","Blackford","Indiana","180","Blackford","0090",15820,1910,,,,,,,4714,29.7977,428.86,"wave_coverage_differs;period_boundary_vintage_differs"
"G3700170",1906,1930,"Bladen, North Carolina","Bladen","North Carolina","370","Bladen","0170",18006,1910,,,,,,,8350,46.3734,2297.69,"wave_coverage_differs;period_boundary_vintage_differs"
"G1600130",1906,1930,"Blaine, Idaho","Blaine","Idaho","160","Blaine","0130",8387,1910,,,,,,,1316,15.691,6891.2,"wave_coverage_differs;period_boundary_vintage_differs"
"G3100090",1906,1930,"Blaine, Nebraska","Blaine","Nebraska","310","Blaine","0090",1672,1910,,,,,,,166,9.9282,1850.18,"wave_coverage_differs;period_boundary_vintage_differs"
"G4000110",1906,1930,"Blaine, Oklahoma","Blaine","Oklahoma","400","Blaine","0110",17960,1910,,,,,,,2856,15.902,2431.46,"wave_coverage_differs;period_boundary_vintage_differs"
"G4200130",1906,1930,"Blair, Pennsylvania","Blair","Pennsylvania","420","Blair","0130",108858,1910,,,,,,,43109,39.6011,1364.57,"wave_coverage_differs;period_boundary_vintage_differs"
"G4800310",1906,1930,"Blanco, Texas","Blanco","Texas","480","Blanco","0310",4311,1910,,,,,,,1119,25.9569,1847.77,"wave_coverage_differs;period_boundary_vintage_differs"
"G5100210",1906,1930,"Bland, Virginia","Bland","Virginia","510","Bland","0210",5154,1910,,,,,,,1613,31.2961,929.09,"wave_coverage_differs;period_boundary_vintage_differs"
"G4700070",1906,1930,"Bledsoe, Tennessee","Bledsoe","Tennessee","470","Bledsoe","0070",6329,1910,,,,,,,1655,26.1495,1053.49,"wave_coverage_differs;period_boundary_vintage_differs"
"G0100090",1906,1930,"Blount, Alabama","Blount","Alabama","010","Blount","0090",21456,1910,,,,,,,5953,27.7452,1685.1,"wave_coverage_differs;period_boundary_vintage_differs"
"G4700090",1906,1930,"Blount, Tennessee","Blount","Tennessee","470","Blount","0090",20809,1910,,,,,,,5917,28.4348,1467.51,"wave_coverage_differs;period_boundary_vintage_differs"
"G2700130",1906,1930,"Blue Earth, Minnesota","Blue Earth","Minnesota","270","Blue Earth","0130",29337,1910,,,,,,,14028,47.8168,1982.88,"wave_coverage_differs;period_boundary_vintage_differs"
"G1600150",1906,1930,"Boise, Idaho","Boise","Idaho","160","Boise","0150",5250,1910,,,,,,,691,13.1619,4938.26,"wave_coverage_differs;period_boundary_vintage_differs"
"G2800110",1906,1930,"Bolivar, Mississippi","Bolivar","Mississippi","280","Bolivar","0110",48905,1910,,,,,,,13653,27.9174,2346.06,"wave_coverage_differs;period_boundary_vintage_differs"
"G2900170",1906,1930,"Bollinger, Missouri","Bollinger","Missouri","290","Bollinger","0170",14576,1910,,,,,,,4721,32.3889,1608.89,"wave_coverage_differs;period_boundary_vintage_differs"
"G4600090",1906,1930,"Bon Homme, South Dakota","Bon Homme","South Dakota","460","Bon Homme","0090",11061,1910,,,,,,,5066,45.8006,1506.5,"wave_coverage_differs;period_boundary_vintage_differs"
"G1700050",1906,1930,"Bond, Illinois","Bond","Illinois","170","Bond","0050",17075,1910,,,,,,,4539,26.5827,991.34,"wave_coverage_differs;period_boundary_vintage_differs"
"G1600170",1906,1930,"Bonner, Idaho","Bonner","Idaho","160","Bonner","0170",13588,1910,,,,,,,297,2.1858,4971.5,"wave_coverage_differs;period_boundary_vintage_differs"
"G0500090",1906,1930,"Boone, Arkansas","Boone","Arkansas","050","Boone","0090",14318,1910,,,,,,,3003,20.9736,1558.78,"wave_coverage_differs;period_boundary_vintage_differs"
"G1700070",1906,1930,"Boone, Illinois","Boone","Illinois","170","Boone","0070",15481,1910,,,,,,,4622,29.856,730.44,"wave_coverage_differs;period_boundary_vintage_differs"
"G1800110",1906,1930,"Boone, Indiana","Boone","Indiana","180","Boone","0110",24673,1910,,,,,,,10517,42.6255,1096.22,"wave_coverage_differs;period_boundary_vintage_differs"
"G1900150",1906,1930,"Boone, Iowa","Boone","Iowa","190","Boone","0150",27626,1910,,,,,,,9346,33.8304,1485.72,"wave_coverage_differs;period_boundary_vintage_differs"
"G2100150",1906,1930,"Boone, Kentucky","Boone","Kentucky","210","Boone","0150",9420,1910,,,,,,,4279,45.4246,665.24,"wave_coverage_differs;period_boundary_vintage_differs"
"G2900190",1906,1930,"Boone, Missouri","Boone","Missouri","290","Boone","0190",30533,1910,,,,,,,12948,42.4066,1789.4,"wave_coverage_differs;period_boundary_vintage_differs"
"G3100110",1906,1930,"Boone, Nebraska","Boone","Nebraska","310","Boone","0110",13145,1910,,,,,,,5173,39.3534,1779.88,"wave_coverage_differs;period_boundary_vintage_differs"
"G5400050",1906,1930,"Boone, West Virginia","Boone","West Virginia","540","Boone","0050",10331,1910,,,,,,,1496,14.4807,1303.27,"wave_coverage_differs;period_boundary_vintage_differs"
"G4800330",1906,1930,"Borden, Texas","Borden","Texas","480","Borden","0330",1386,1910,,,,,,,145,10.4618,2346.68,"wave_coverage_differs;period_boundary_vintage_differs"
"G4800350",1906,1930,"Bosque, Texas","Bosque","Texas","480","Bosque","0350",19013,1910,,,,,,,6275,33.0037,2596.57,"wave_coverage_differs;period_boundary_vintage_differs"
"G2200150",1906,1930,"Bossier, Louisiana","Bossier","Louisiana","220","Bossier","0150",21738,1910,,,,,,,8616,39.6357,2245.84,"wave_coverage_differs;period_boundary_vintage_differs"
"G5100230",1906,1930,"Botetourt, Virginia","Botetourt","Virginia","510","Botetourt","0230",17727,1910,,,,,,,7042,39.7247,1414.01,"wave_coverage_differs;period_boundary_vintage_differs"
"G3800090",1906,1930,"Bottineau, North Dakota","Bottineau","North Dakota","380","Bottineau","0090",17295,1910,,,,,,,4725,27.32,4396.11,"wave_coverage_differs;period_boundary_vintage_differs"
"G0800130",1906,1930,"Boulder, Colorado","Boulder","Colorado","080","Boulder","0130",30330,1910,,,,,,,9358,30.8539,1945.47,"wave_coverage_differs;period_boundary_vintage_differs"
"G2000110",1906,1930,"Bourbon, Kansas","Bourbon","Kansas","200","Bourbon","0110",24007,1910,,,,,,,6186,25.7675,1655.25,"wave_coverage_differs;period_boundary_vintage_differs"
"G2100170",1906,1930,"Bourbon, Kentucky","Bourbon","Kentucky","210","Bourbon","0170",17462,1910,,,,,,,8715,49.9084,755.34,"wave_coverage_differs;period_boundary_vintage_differs"
"G4800370",1906,1930,"Bowie, Texas","Bowie","Texas","480","Bowie","0370",34827,1910,,,,,,,10347,29.7097,2391.45,"wave_coverage_differs;period_boundary_vintage_differs"
"G3800110",1906,1930,"Bowman, North Dakota","Bowman","North Dakota","380","Bowman","0110",4668,1910,,,,,,,0,0,3022.66,"wave_coverage_differs;period_boundary_vintage_differs"
"G3100130",1906,1930,"Box Butte, Nebraska","Box Butte","Nebraska","310","Box Butte","0130",6131,1910,,,,,,,1836,29.9462,2791.38,"wave_coverage_differs;period_boundary_vintage_differs"
"G4900030",1906,1930,"Box Elder, Utah","Box Elder","Utah","490","Box Elder","0030",13894,1910,,,,,,,7320,52.6846,17428.77,"wave_coverage_differs;period_boundary_vintage_differs"
"G2100190",1906,1930,"Boyd, Kentucky","Boyd","Kentucky","210","Boyd","0190",23444,1910,,,,,,,6185,26.382,417.7,"wave_coverage_differs;period_boundary_vintage_differs"
"G3100150",1906,1930,"Boyd, Nebraska","Boyd","Nebraska","310","Boyd","0150",8826,1910,,,,,,,2270,25.7195,1410.3,"wave_coverage_differs;period_boundary_vintage_differs"
"G2100210",1906,1930,"Boyle, Kentucky","Boyle","Kentucky","210","Boyle","0210",14668,1910,,,,,,,6270,42.7461,474.51,"wave_coverage_differs;period_boundary_vintage_differs"
"G2100230",1906,1930,"Bracken, Kentucky","Bracken","Kentucky","210","Bracken","0230",10308,1910,,,,,,,4693,45.5277,541.05,"wave_coverage_differs;period_boundary_vintage_differs"
"G1200070",1906,1930,"Bradford, Florida","Bradford","Florida","120","Bradford","0070",14090,1910,,,,,,,3456,24.528,778.26,"wave_coverage_differs;period_boundary_vintage_differs"
"G4200150",1906,1930,"Bradford, Pennsylvania","Bradford","Pennsylvania","420","Bradford","0150",54526,1910,,,,,,,20033,36.7403,3007.15,"wave_coverage_differs;period_boundary_vintage_differs"
"G0500110",1906,1930,"Bradley, Arkansas","Bradley","Arkansas","050","Bradley","0110",14518,1910,,,,,,,2587,17.8193,1694.51,"wave_coverage_differs;period_boundary_vintage_differs"
"G4700110",1906,1930,"Bradley, Tennessee","Bradley","Tennessee","470","Bradley","0110",16336,1910,,,,,,,4086,25.0122,858.47,"wave_coverage_differs;period_boundary_vintage_differs"
"G2600230",1906,1930,"Branch, Michigan","Branch","Michigan","260","Branch","0230",25605,1910,,,,,,,4851,18.9455,1346.01,"wave_coverage_differs;period_boundary_vintage_differs"
"G5400070",1906,1930,"Braxton, West Virginia","Braxton","West Virginia","540","Braxton","0070",23023,1910,,,,,,,4802,20.8574,1337.14,"wave_coverage_differs;period_boundary_vintage_differs"
"G4800390",1906,1930,"Brazoria, Texas","Brazoria","Texas","480","Brazoria","0390",13299,1910,,,,,,,3767,28.3254,3737.45,"wave_coverage_differs;period_boundary_vintage_differs"
"G4800410",1906,1930,"Brazos, Texas","Brazos","Texas","480","Brazos","0410",18919,1910,,,,,,,10639,56.2345,1531.3,"wave_coverage_differs;period_boundary_vintage_differs"
"G2100250",1906,1930,"Breathitt, Kentucky","Breathitt","Kentucky","210","Breathitt","0250",17540,1910,,,,,,,1702,9.7035,1282.76,"wave_coverage_differs;period_boundary_vintage_differs"
"G2100270",1906,1930,"Breckinridge, Kentucky","Breckinridge","Kentucky","210","Breckinridge","0270",21034,1910,,,,,,,5228,24.855,1516.3,"wave_coverage_differs;period_boundary_vintage_differs"
"G1900170",1906,1930,"Bremer, Iowa","Bremer","Iowa","190","Bremer","0170",15843,1910,,,,,,,7003,44.2025,1138.04,"wave_coverage_differs;period_boundary_vintage_differs"
"G1200090",1906,1930,"Brevard, Florida","Brevard","Florida","120","Brevard","0090",4717,1910,,,,,,,1219,25.8427,2729.51,"wave_coverage_differs;period_boundary_vintage_differs"
"G4800430",1906,1930,"Brewster, Texas","Brewster","Texas","480","Brewster","0430",5220,1910,,,,,,,344,6.59,16037.95,"wave_coverage_differs;period_boundary_vintage_differs"
"G4800450",1906,1930,"Briscoe, Texas","Briscoe","Texas","480","Briscoe","0450",2162,1910,,,,,,,180,8.3256,2335.14,"wave_coverage_differs;period_boundary_vintage_differs"
"G2500050",1906,1930,"Bristol, Massachusetts","Bristol","Massachusetts","250","Bristol","0050",318573,1910,,,,,,,153563,48.2034,1483.05,"wave_coverage_differs;period_boundary_vintage_differs"
"G4400010",1906,1930,"Bristol, Rhode Island","Bristol","Rhode Island","440","Bristol","0010",17602,1910,,,,,,,6729,38.2286,65.86,"wave_coverage_differs;period_boundary_vintage_differs"
"G5105200",1906,1930,"Bristol City, Virginia","Bristol City","Virginia","510","Bristol City","5200",6247,1910,,,,,,,3037,48.6153,4.54,"wave_coverage_differs;period_boundary_vintage_differs"
"G3000070",1906,1930,"Broadwater, Montana","Broadwater","Montana","300","Broadwater","0070",3491,1910,,,,,,,1745,49.9857,3208.39,"wave_coverage_differs;period_boundary_vintage_differs"
"G5400090",1906,1930,"Brooke, West Virginia","Brooke","West Virginia","540","Brooke","0090",11098,1910,,,,,,,2892,26.0587,238.82,"wave_coverage_differs;period_boundary_vintage_differs"
"G4600110",1906,1930,"Brookings, South Dakota","Brookings","South Dakota","460","Brookings","0110",14178,1910,,,,,,,4081,28.784,2084.75,"wave_coverage_differs;period_boundary_vintage_differs"
"G1300270",1906,1930,"Brooks, Georgia","Brooks","Georgia","130","Brooks","0270",23832,1910,,,,,,,7842,32.9053,1289.3,"wave_coverage_differs;period_boundary_vintage_differs"
"G3600070",1906,1930,"Broome, New York","Broome","New York","360","Broome","0070",78809,1910,,,,,,,28997,36.794,1853.23,"wave_coverage_differs;period_boundary_vintage_differs"
"G1700090",1906,1930,"Brown, Illinois","Brown","Illinois","170","Brown","0090",10397,1910,,,,,,,4108,39.5114,795.66,"wave_coverage_differs;period_boundary_vintage_differs"
"G1800130",1906,1930,"Brown, Indiana","Brown","Indiana","180","Brown","0130",7975,1910,,,,,,,2062,25.8558,820.07,"wave_coverage_differs;period_boundary_vintage_differs"
"G2000130",1906,1930,"Brown, Kansas","Brown","Kansas","200","Brown","0130",21314,1910,,,,,,,8243,38.6741,1481.78,"wave_coverage_differs;period_boundary_vintage_differs"
"G2700150",1906,1930,"Brown, Minnesota","Brown","Minnesota","270","Brown","0150",20134,1910,,,,,,,14203,70.5424,1601.88,"wave_coverage_differs;period_boundary_vintage_differs"
"G3100170",1906,1930,"Brown, Nebraska","Brown","Nebraska","310","Brown","0170",6083,1910,,,,,,,829,13.6281,3173.06,"wave_coverage_differs;period_boundary_vintage_differs"
"G3900150",1906,1930,"Brown, Ohio","Brown","Ohio","390","Brown","0150",24832,1910,,,,,,,10313,41.5311,1276.76,"wave_coverage_differs;period_boundary_vintage_differs"
"G4600130",1906,1930,"Brown, South Dakota","Brown","South Dakota","460","Brown","0130",25867,1910,,,,,,,7340,28.3759,4483.15,"wave_coverage_differs;period_boundary_vintage_differs"
"G4800490",1906,1930,"Brown, Texas","Brown","Texas","480","Brown","0490",22935,1910,,,,,,,6957,30.3336,2478.5,"wave_coverage_differs;period_boundary_vintage_differs"
"G5500090",1906,1930,"Brown, Wisconsin","Brown","Wisconsin","550","Brown","0090",54098,1910,,,,,,,29195,53.9669,1385.29,"wave_coverage_differs;period_boundary_vintage_differs"
"G4600150",1906,1930,"Brule, South Dakota","Brule","South Dakota","460","Brule","0150",6451,1910,,,,,,,1024,15.8735,2192.36,"wave_coverage_differs;period_boundary_vintage_differs"
"G3700190",1906,1930,"Brunswick, North Carolina","Brunswick","North Carolina","370","Brunswick","0190",14432,1910,,,,,,,5382,37.2921,2231.89,"wave_coverage_differs;period_boundary_vintage_differs"
"G5100250",1906,1930,"Brunswick, Virginia","Brunswick","Virginia","510","Brunswick","0250",19244,1910,,,,,,,9263,48.1345,1474.7,"wave_coverage_differs;period_boundary_vintage_differs"
"G1300290",1906,1930,"Bryan, Georgia","Bryan","Georgia","130","Bryan","0290",6702,1910,,,,,,,2230,33.2736,1155.14,"wave_coverage_differs;period_boundary_vintage_differs"
"G4000130",1906,1930,"Bryan, Oklahoma","Bryan","Oklahoma","400","Bryan","0130",29854,1910,,,,,,,4449,14.9025,2444.79,"wave_coverage_differs;period_boundary_vintage_differs"
"G1900190",1906,1930,"Buchanan, Iowa","Buchanan","Iowa","190","Buchanan","0190",19748,1910,,,,,,,8110,41.0674,1484.36,"wave_coverage_differs;period_boundary_vintage_differs"
"G2900210",1906,1930,"Buchanan, Missouri","Buchanan","Missouri","290","Buchanan","0210",93020,1910,,,,,,,29513,31.7276,1073.9,"wave_coverage_differs;period_boundary_vintage_differs"
"G5100270",1906,1930,"Buchanan, Virginia","Buchanan","Virginia","510","Buchanan","0270",12334,1910,,,,,,,1060,8.5941,1304.97,"wave_coverage_differs;period_boundary_vintage_differs"
"G5100290",1906,1930,"Buckingham, Virginia","Buckingham","Virginia","510","Buckingham","0290",15204,1910,,,,,,,6980,45.909,1511.4,"wave_coverage_differs;period_boundary_vintage_differs"
"G4200170",1906,1930,"Bucks, Pennsylvania","Bucks","Pennsylvania","420","Bucks","0170",76530,1910,,,,,,,31659,41.3681,1610.99,"wave_coverage_differs;period_boundary_vintage_differs"
"G1900210",1906,1930,"Buena Vista, Iowa","Buena Vista","Iowa","190","Buena Vista","0210",15981,1910,,,,,,,5775,36.1367,1502.77,"wave_coverage_differs;period_boundary_vintage_differs"
"G5105300",1906,1930,"Buena Vista City, Virginia","Buena Vista City","Virginia","510","Buena Vista City","5300",3245,1910,,,,,,,1311,40.4006,7.73,"wave_coverage_differs;period_boundary_vintage_differs"
"G3100190",1906,1930,"Buffalo, Nebraska","Buffalo","Nebraska","310","Buffalo","0190",21907,1910,,,,,,,6125,27.9591,2526.27,"wave_coverage_differs;period_boundary_vintage_differs"
"G4600170",1906,1930,"Buffalo, South Dakota","Buffalo","South Dakota","460","Buffalo","0170",1589,1910,,,,,,,480,30.2077,1263.24,"wave_coverage_differs;period_boundary_vintage_differs"
"G5500110",1906,1930,"Buffalo, Wisconsin","Buffalo","Wisconsin","550","Buffalo","0110",16006,1910,,,,,,,6054,37.8233,1837.84,"wave_coverage_differs;period_boundary_vintage_differs"
"G2100290",1906,1930,"Bullitt, Kentucky","Bullitt","Kentucky","210","Bullitt","0290",9487,1910,,,,,,,3069,32.3495,777.91,"wave_coverage_differs;period_boundary_vintage_differs"
"G1300310",1906,1930,"Bulloch, Georgia","Bulloch","Georgia","130","Bulloch","0310",26464,1910,,,,,,,6411,24.2254,1783.53,"wave_coverage_differs;period_boundary_vintage_differs"
"G0100110",1906,1930,"Bullock, Alabama","Bullock","Alabama","010","Bullock","0110",30196,1910,,,,,,,14907,49.3675,1619.11,"wave_coverage_differs;period_boundary_vintage_differs"
"G3700210",1906,1930,"Buncombe, North Carolina","Buncombe","North Carolina","370","Buncombe","0210",49798,1910,,,,,,,17100,34.3387,1708.98,"wave_coverage_differs;period_boundary_vintage_differs"
"G1700110",1906,1930,"Bureau, Illinois","Bureau","Illinois","170","Bureau","0110",43975,1910,,,,,,,14988,34.083,2262.37,"wave_coverage_differs;period_boundary_vintage_differs"
"G1300330",1906,1930,"Burke, Georgia","Burke","Georgia","130","Burke","0330",27268,1910,,,,,,,17251,63.2646,2159.27,"wave_coverage_differs;period_boundary_vintage_differs"
"G3700230",1906,1930,"Burke, North Carolina","Burke","North Carolina","370","Burke","0230",21408,1910,,,,,,,7234,33.7911,1333.11,"wave_coverage_differs;period_boundary_vintage_differs"
"G3800150",1906,1930,"Burleigh, North Dakota","Burleigh","North Dakota","380","Burleigh","0150",13087,1910,,,,,,,2134,16.3063,4320.87,"wave_coverage_differs;period_boundary_vintage_differs"
"G4800510",1906,1930,"Burleson, Texas","Burleson","Texas","480","Burleson","0510",18687,1910,,,,,,,4984,26.6709,1752.91,"wave_coverage_differs;period_boundary_vintage_differs"
"G3400050",1906,1930,"Burlington, New Jersey","Burlington","New Jersey","340","Burlington","0050",66565,1910,,,,,,,20677,31.0629,2108.91,"wave_coverage_differs;period_boundary_vintage_differs"
"G4800530",1906,1930,"Burnet, Texas","Burnet","Texas","480","Burnet","0530",10755,1910,,,,,,,3065,28.4984,2644.21,"wave_coverage_differs;period_boundary_vintage_differs"
"G5500130",1906,1930,"Burnett, Wisconsin","Burnett","Wisconsin","550","Burnett","0130",9026,1910,,,,,,,1805,19.9978,2279.8,"wave_coverage_differs;period_boundary_vintage_differs"
"G3100210",1906,1930,"Burt, Nebraska","Burt","Nebraska","310","Burt","0210",12726,1910,,,,,,,3466,27.2356,1287.35,"wave_coverage_differs;period_boundary_vintage_differs"
"G0100130",1906,1930,"Butler, Alabama","Butler","Alabama","010","Butler","0130",29030,1910,,,,,,,12304,42.3837,2014.73,"wave_coverage_differs;period_boundary_vintage_differs"
"G1900230",1906,1930,"Butler, Iowa","Butler","Iowa","190","Butler","0230",17119,1910,,,,,,,6262,36.5792,1506.74,"wave_coverage_differs;period_boundary_vintage_differs"
"G2000150",1906,1930,"Butler, Kansas","Butler","Kansas","200","Butler","0150",23059,1910,,,,,,,6460,28.0151,3746.48,"wave_coverage_differs;period_boundary_vintage_differs"
"G2100310",1906,1930,"Butler, Kentucky","Butler","Kentucky","210","Butler","0310",15805,1910,,,,,,,4395,27.8077,1117.52,"wave_coverage_differs;period_boundary_vintage_differs"
"G2900230",1906,1930,"Butler, Missouri","Butler","Missouri","290","Butler","0230",20624,1910,,,,,,,4567,22.1441,1810.39,"wave_coverage_differs;period_boundary_vintage_differs"
"G3100230",1906,1930,"Butler, Nebraska","Butler","Nebraska","310","Butler","0230",15403,1910,,,,,,,7444,48.3282,1511.84,"wave_coverage_differs;period_boundary_vintage_differs"
"G3900170",1906,1930,"Butler, Ohio","Butler","Ohio","390","Butler","0170",70271,1910,,,,,,,24281,34.5534,1217.7,"wave_coverage_differs;period_boundary_vintage_differs"
"G4200190",1906,1930,"Butler, Pennsylvania","Butler","Pennsylvania","420","Butler","0190",72689,1910,,,,,,,29242,40.2289,2058.46,"wave_coverage_differs;period_boundary_vintage_differs"
"G0600070",1906,1930,"Butte, California","Butte","California","060","Butte","0070",27301,1910,,,,,,,3775,13.8273,4326.35,"wave_coverage_differs;period_boundary_vintage_differs"
"G4600190",1906,1930,"Butte, South Dakota","Butte","South Dakota","460","Butte","0190",4993,1910,,,,,,,538,10.7751,5870.09,"wave_coverage_differs;period_boundary_vintage_differs"
"G1300350",1906,1930,"Butts, Georgia","Butts","Georgia","130","Butts","0350",13624,1910,,,,,,,6316,46.3594,491.59,"wave_coverage_differs;period_boundary_vintage_differs"
"G3700250",1906,1930,"Cabarrus, North Carolina","Cabarrus","North Carolina","370","Cabarrus","0250",26240,1910,,,,,,,11480,43.75,943.99,"wave_coverage_differs;period_boundary_vintage_differs"
"G5400110",1906,1930,"Cabell, West Virginia","Cabell","West Virginia","540","Cabell","0110",46685,1910,,,,,,,9840,21.0774,745.96,"wave_coverage_differs;period_boundary_vintage_differs"
"G4900050",1906,1930,"Cache, Utah","Cache","Utah","490","Cache","0050",23062,1910,,,,,,,14448,62.6485,3038.25,"wave_coverage_differs;period_boundary_vintage_differs"
"G2200170",1906,1930,"Caddo, Louisiana","Caddo","Louisiana","220","Caddo","0170",58200,1910,,,,,,,19421,33.3694,2426.38,"wave_coverage_differs;period_boundary_vintage_differs"
"G4000150",1906,1930,"Caddo, Oklahoma","Caddo","Oklahoma","400","Caddo","0150",35685,1910,,,,,,,4611,12.9214,3341.6,"wave_coverage_differs;period_boundary_vintage_differs"
"G0600090",1906,1930,"Calaveras, California","Calaveras","California","060","Calaveras","0090",9171,1910,,,,,,,3418,37.2697,2685.63,"wave_coverage_differs;period_boundary_vintage_differs"
"G2200190",1906,1930,"Calcasieu, Louisiana","Calcasieu","Louisiana","220","Calcasieu","0190",62767,1910,,,,,,,20835,33.1942,2834.11,"wave_coverage_differs;period_boundary_vintage_differs"
"G2100330",1906,1930,"Caldwell, Kentucky","Caldwell","Kentucky","210","Caldwell","0330",14063,1910,,,,,,,4284,30.4629,901.54,"wave_coverage_differs;period_boundary_vintage_differs"
"G2200210",1906,1930,"Caldwell, Louisiana","Caldwell","Louisiana","220","Caldwell","0210",8593,1910,,,,,,,2365,27.5224,1400.48,"wave_coverage_differs;period_boundary_vintage_differs"
"G2900250",1906,1930,"Caldwell, Missouri","Caldwell","Missouri","290","Caldwell","0250",14605,1910,,,,,,,5958,40.7942,1112.75,"wave_coverage_differs;period_boundary_vintage_differs"
"G3700270",1906,1930,"Caldwell, North Carolina","Caldwell","North Carolina","370","Caldwell","0270",20579,1910,,,,,,,7048,34.2485,1228.41,"wave_coverage_differs;period_boundary_vintage_differs"
"G4800550",1906,1930,"Caldwell, Texas","Caldwell","Texas","480","Caldwell","0550",24237,1910,,,,,,,4868,20.085,1417.14,"wave_coverage_differs;period_boundary_vintage_differs"
"G5000050",1906,1930,"Caledonia, Vermont","Caledonia","Vermont","500","Caledonia","0050",26031,1910,,,,,,,9202,35.3502,1703.11,"wave_coverage_differs;period_boundary_vintage_differs"
"G0100150",1906,1930,"Calhoun, Alabama","Calhoun","Alabama","010","Calhoun","0150",39115,1910,,,,,,,15861,40.5497,1578.46,"wave_coverage_differs;period_boundary_vintage_differs"
"G0500130",1906,1930,"Calhoun, Arkansas","Calhoun","Arkansas","050","Calhoun","0130",9894,1910,,,,,,,2600,26.2786,1637.99,"wave_coverage_differs;period_boundary_vintage_differs"
"G1200130",1906,1930,"Calhoun, Florida","Calhoun","Florida","120","Calhoun","0130",7465,1910,,,,,,,1208,16.1822,1487.44,"wave_coverage_differs;period_boundary_vintage_differs"
"G1300370",1906,1930,"Calhoun, Georgia","Calhoun","Georgia","130","Calhoun","0370",11334,1910,,,,,,,3350,29.5571,725.1,"wave_coverage_differs;period_boundary_vintage_differs"
"G1700130",1906,1930,"Calhoun, Illinois","Calhoun","Illinois","170","Calhoun","0130",8610,1910,,,,,,,2873,33.3682,734.75,"wave_coverage_differs;period_boundary_vintage_differs"
"G1900250",1906,1930,"Calhoun, Iowa","Calhoun","Iowa","190","Calhoun","0250",17090,1910,,,,,,,6049,35.395,1481.77,"wave_coverage_differs;period_boundary_vintage_differs"
"G2600250",1906,1930,"Calhoun, Michigan","Calhoun","Michigan","260","Calhoun","0250",56638,1910,,,,,,,11557,20.405,1860.47,"wave_coverage_differs;period_boundary_vintage_differs"
"G2800130",1906,1930,"Calhoun, Mississippi","Calhoun","Mississippi","280","Calhoun","0130",17726,1910,,,,,,,5829,32.8839,1522.81,"wave_coverage_differs;period_boundary_vintage_differs"
"G4500170",1906,1930,"Calhoun, South Carolina","Calhoun","South Carolina","450","Calhoun","0170",16634,1910,,,,,,,0,0,1016.48,"wave_coverage_differs;period_boundary_vintage_differs"
"G4800570",1906,1930,"Calhoun, Texas","Calhoun","Texas","480","Calhoun","0570",3635,1910,,,,,,,599,16.4787,1424.19,"wave_coverage_differs;period_boundary_vintage_differs"
"G5400130",1906,1930,"Calhoun, West Virginia","Calhoun","West Virginia","540","Calhoun","0130",11258,1910,,,,,,,2610,23.1835,726.94,"wave_coverage_differs;period_boundary_vintage_differs"
"G4800590",1906,1930,"Callahan, Texas","Callahan","Texas","480","Callahan","0590",12973,1910,,,,,,,3228,24.8824,2334.26,"wave_coverage_differs;period_boundary_vintage_differs"
"G2900270",1906,1930,"Callaway, Missouri","Callaway","Missouri","290","Callaway","0270",24400,1910,,,,,,,11552,47.3443,2194.61,"wave_coverage_differs;period_boundary_vintage_differs"
"G2100350",1906,1930,"Calloway, Kentucky","Calloway","Kentucky","210","Calloway","0350",19867,1910,,,,,,,7637,38.4406,1063.86,"wave_coverage_differs;period_boundary_vintage_differs"
"G5500150",1906,1930,"Calumet, Wisconsin","Calumet","Wisconsin","550","Calumet","0150",16701,1910,,,,,,,8852,53.0028,1028.42,"wave_coverage_differs;period_boundary_vintage_differs"
"G2400090",1906,1930,"Calvert, Maryland","Calvert","Maryland","240","Calvert","0090",10325,1910,,,,,,,3625,35.109,561.71,"wave_coverage_differs;period_boundary_vintage_differs"
"G4200210",1906,1930,"Cambria, Pennsylvania","Cambria","Pennsylvania","420","Cambria","0210",166131,1910,,,,,,,63873,38.4474,1796.27,"wave_coverage_differs;period_boundary_vintage_differs"
"G1300390",1906,1930,"Camden, Georgia","Camden","Georgia","130","Camden","0390",7690,1910,,,,,,,2730,35.5007,1690.5,"wave_coverage_differs;period_boundary_vintage_differs"
"G2900290",1906,1930,"Camden, Missouri","Camden","Missouri","290","Camden","0290",11582,1910,,,,,,,3382,29.2005,1835.9,"wave_coverage_differs;period_boundary_vintage_differs"
"G3400070",1906,1930,"Camden, New Jersey","Camden","New Jersey","340","Camden","0070",142029,1910,,,,,,,41715,29.3708,580.89,"wave_coverage_differs;period_boundary_vintage_differs"
"G3700290",1906,1930,"Camden, North Carolina","Camden","North Carolina","370","Camden","0290",5640,1910,,,,,,,2955,52.3936,625.31,"wave_coverage_differs;period_boundary_vintage_differs"
"G2200230",1906,1930,"Cameron, Louisiana","Cameron","Louisiana","220","Cameron","0230",4288,1910,,,,,,,1580,36.847,4141.68,"wave_coverage_differs;period_boundary_vintage_differs"
"G4200230",1906,1930,"Cameron, Pennsylvania","Cameron","Pennsylvania","420","Cameron","0230",7644,1910,,,,,,,2159,28.2444,1032.36,"wave_coverage_differs;period_boundary_vintage_differs"
"G4800610",1906,1930,"Cameron, Texas","Cameron","Texas","480","Cameron","0610",27158,1910,,,,,,,17774,65.4466,2451.96,"wave_coverage_differs;period_boundary_vintage_differs"
"G4800630",1906,1930,"Camp, Texas","Camp","Texas","480","Camp","0630",9551,1910,,,,,,,4343,45.4717,526.37,"wave_coverage_differs;period_boundary_vintage_differs"
"G1300395",1906,1930,"Campbell, Georgia","Campbell","Georgia","130","Campbell","0395",10874,1910,,,,,,,5069,46.6158,538.42,"wave_coverage_differs;period_boundary_vintage_differs"
"G2100370",1906,1930,"Campbell, Kentucky","Campbell","Kentucky","210","Campbell","0370",59369,1910,,,,,,,23409,39.4297,412.88,"wave_coverage_differs;period_boundary_vintage_differs"
"G4600210",1906,1930,"Campbell, South Dakota","Campbell","South Dakota","460","Campbell","0210",5244,1910,,,,,,,1368,26.087,1996.46,"wave_coverage_differs;period_boundary_vintage_differs"
"G4700130",1906,1930,"Campbell, Tennessee","Campbell","Tennessee","470","Campbell","0130",27387,1910,,,,,,,5969,21.795,1287.7,"wave_coverage_differs;period_boundary_vintage_differs"
"G5100310",1906,1930,"Campbell, Virginia","Campbell","Virginia","510","Campbell","0310",23043,1910,,,,,,,9198,39.9167,1380.97,"wave_coverage_differs;period_boundary_vintage_differs"
"G4000170",1906,1930,"Canadian, Oklahoma","Canadian","Oklahoma","400","Canadian","0170",23501,1910,,,,,,,4890,20.8076,2345.48,"wave_coverage_differs;period_boundary_vintage_differs"
"G4700150",1906,1930,"Cannon, Tennessee","Cannon","Tennessee","470","Cannon","0150",10825,1910,,,,,,,3304,30.5219,688.15,"wave_coverage_differs;period_boundary_vintage_differs"
"G1600270",1906,1930,"Canyon, Idaho","Canyon","Idaho","160","Canyon","0270",25323,1910,,,,,,,4516,17.8336,1563.18,"wave_coverage_differs;period_boundary_vintage_differs"
"G2900310",1906,1930,"Cape Girardeau, Missouri","Cape Girardeau","Missouri","290","Cape Girardeau","0310",27621,1910,,,,,,,11091,40.1542,1518.51,"wave_coverage_differs;period_boundary_vintage_differs"
"G3400090",1906,1930,"Cape May, New Jersey","Cape May","New Jersey","340","Cape May","0090",19745,1910,,,,,,,5597,28.3464,671.17,"wave_coverage_differs;period_boundary_vintage_differs"
"G3000090",1906,1930,"Carbon, Montana","Carbon","Montana","300","Carbon","0090",13962,1910,,,,,,,1066,7.635,5341.61,"wave_coverage_differs;period_boundary_vintage_differs"
"G4200250",1906,1930,"Carbon, Pennsylvania","Carbon","Pennsylvania","420","Carbon","0250",52846,1910,,,,,,,23473,44.4177,1003.66,"wave_coverage_differs;period_boundary_vintage_differs"
"G4900070",1906,1930,"Carbon, Utah","Carbon","Utah","490","Carbon","0070",8624,1910,,,,,,,2044,23.7013,3845.21,"wave_coverage_differs;period_boundary_vintage_differs"
"G5600070",1906,1930,"Carbon, Wyoming","Carbon","Wyoming","560","Carbon","0070",11282,1910,,,,,,,1216,10.7782,20626.61,"wave_coverage_differs;period_boundary_vintage_differs"
"G2100390",1906,1930,"Carlisle, Kentucky","Carlisle","Kentucky","210","Carlisle","0390",9048,1910,,,,,,,3074,33.9744,514.82,"wave_coverage_differs;period_boundary_vintage_differs"
"G2700170",1906,1930,"Carlton, Minnesota","Carlton","Minnesota","270","Carlton","0170",17559,1910,,,,,,,5133,29.2329,2266.97,"wave_coverage_differs;period_boundary_vintage_differs"
"G2400110",1906,1930,"Caroline, Maryland","Caroline","Maryland","240","Caroline","0110",19216,1910,,,,,,,5173,26.9203,840.54,"wave_coverage_differs;period_boundary_vintage_differs"
"G5100330",1906,1930,"Caroline, Virginia","Caroline","Virginia","510","Caroline","0330",16596,1910,,,,,,,8567,51.6209,1395.81,"wave_coverage_differs;period_boundary_vintage_differs"
"G0500150",1906,1930,"Carroll, Arkansas","Carroll","Arkansas","050","Carroll","0150",16829,1910,,,,,,,3663,21.766,1654.46,"wave_coverage_differs;period_boundary_vintage_differs"
"G1300450",1906,1930,"Carroll, Georgia","Carroll","Georgia","130","Carroll","0450",30855,1910,,,,,,,10860,35.1969,1304.92,"wave_coverage_differs;period_boundary_vintage_differs"
"G1700150",1906,1930,"Carroll, Illinois","Carroll","Illinois","170","Carroll","0150",18035,1910,,,,,,,5671,31.4444,1207.9,"wave_coverage_differs;period_boundary_vintage_differs"
"G1800150",1906,1930,"Carroll, Indiana","Carroll","Indiana","180","Carroll","0150",17970,1910,,,,,,,6700,37.2844,971.3,"wave_coverage_differs;period_boundary_vintage_differs"
"G1900270",1906,1930,"Carroll, Iowa","Carroll","Iowa","190","Carroll","0270",20117,1910,,,,,,,10526,52.3239,1476.98,"wave_coverage_differs;period_boundary_vintage_differs"
"G2100410",1906,1930,"Carroll, Kentucky","Carroll","Kentucky","210","Carroll","0410",8110,1910,,,,,,,3920,48.3354,355.31,"wave_coverage_differs;period_boundary_vintage_differs"
"G2400130",1906,1930,"Carroll, Maryland","Carroll","Maryland","240","Carroll","0130",33934,1910,,,,,,,14678,43.2546,1172.47,"wave_coverage_differs;period_boundary_vintage_differs"
"G2800150",1906,1930,"Carroll, Mississippi","Carroll","Mississippi","280","Carroll","0150",23139,1910,,,,,,,9048,39.1028,1643.52,"wave_coverage_differs;period_boundary_vintage_differs"
"G2900330",1906,1930,"Carroll, Missouri","Carroll","Missouri","290","Carroll","0330",23098,1910,,,,,,,9664,41.8391,1818.33,"wave_coverage_differs;period_boundary_vintage_differs"
"G3300030",1906,1930,"Carroll, New Hampshire","Carroll","New Hampshire","330","Carroll","0030",16316,1910,,,,,,,3502,21.4636,2569.85,"wave_coverage_differs;period_boundary_vintage_differs"
"G3900190",1906,1930,"Carroll, Ohio","Carroll","Ohio","390","Carroll","0190",15761,1910,,,,,,,6571,41.6915,1033.23,"wave_coverage_differs;period_boundary_vintage_differs"
"G4700170",1906,1930,"Carroll, Tennessee","Carroll","Tennessee","470","Carroll","0170",23971,1910,,,,,,,10898,45.4633,1554.2,"wave_coverage_differs;period_boundary_vintage_differs"
"G5100350",1906,1930,"Carroll, Virginia","Carroll","Virginia","510","Carroll","0350",21116,1910,,,,,,,3750,17.759,1249.32,"wave_coverage_differs;period_boundary_vintage_differs"
"G4800650",1906,1930,"Carson, Texas","Carson","Texas","480","Carson","0650",2127,1910,,,,,,,183,8.6037,2393.42,"wave_coverage_differs;period_boundary_vintage_differs"
"G2100430",1906,1930,"Carter, Kentucky","Carter","Kentucky","210","Carter","0430",21966,1910,,,,,,,4320,19.6668,1067.28,"wave_coverage_differs;period_boundary_vintage_differs"
"G2900350",1906,1930,"Carter, Missouri","Carter","Missouri","290","Carter","0350",5504,1910,,,,,,,1455,26.4353,1318.36,"wave_coverage_differs;period_boundary_vintage_differs"
"G4000190",1906,1930,"Carter, Oklahoma","Carter","Oklahoma","400","Carter","0190",25358,1910,,,,,,,4989,19.6743,2159.47,"wave_coverage_differs;period_boundary_vintage_differs"
"G4700190",1906,1930,"Carter, Tennessee","Carter","Tennessee","470","Carter","0190",19838,1910,,,,,,,4968,25.0428,900.36,"wave_coverage_differs;period_boundary_vintage_differs"
"G3700310",1906,1930,"Carteret, North Carolina","Carteret","North Carolina","370","Carteret","0310",13776,1910,,,,,,,4459,32.3679,1320.53,"wave_coverage_differs;period_boundary_vintage_differs"
"G2700190",1906,1930,"Carver, Minnesota","Carver","Minnesota","270","Carver","0190",17455,1910,,,,,,,10987,62.9447,974.13,"wave_coverage_differs;period_boundary_vintage_differs"
"G3000130",1906,1930,"Cascade, Montana","Cascade","Montana","300","Cascade","0130",28833,1910,,,,,,,8808,30.5483,7022.71,"wave_coverage_differs;period_boundary_vintage_differs"
"G2100450",1906,1930,"Casey, Kentucky","Casey","Kentucky","210","Casey","0450",15479,1910,,,,,,,4832,31.2165,1154.75,"wave_coverage_differs;period_boundary_vintage_differs"
"G1700170",1906,1930,"Cass, Illinois","Cass","Illinois","170","Cass","0170",17372,1910,,,,,,,5520,31.7753,993.95,"wave_coverage_differs;period_boundary_vintage_differs"
"G1800170",1906,1930,"Cass, Indiana","Cass","Indiana","180","Cass","0170",36368,1910,,,,,,,12963,35.644,1074.45,"wave_coverage_differs;period_boundary_vintage_differs"
"G1900290",1906,1930,"Cass, Iowa","Cass","Iowa","190","Cass","0290",19047,1910,,,,,,,7280,38.2212,1463.21,"wave_coverage_differs;period_boundary_vintage_differs"
"G2600270",1906,1930,"Cass, Michigan","Cass","Michigan","260","Cass","0270",20624,1910,,,,,,,4017,19.4773,1316.51,"wave_coverage_differs;period_boundary_vintage_differs"
"G2700210",1906,1930,"Cass, Minnesota","Cass","Minnesota","270","Cass","0210",11620,1910,,,,,,,1082,9.3115,6252.42,"wave_coverage_differs;period_boundary_vintage_differs"
"G3100250",1906,1930,"Cass, Nebraska","Cass","Nebraska","310","Cass","0250",19786,1910,,,,,,,6329,31.9873,1465.66,"wave_coverage_differs;period_boundary_vintage_differs"
"G3800170",1906,1930,"Cass, North Dakota","Cass","North Dakota","380","Cass","0170",33935,1910,,,,,,,10830,31.914,4578.84,"wave_coverage_differs;period_boundary_vintage_differs"
"G4800670",1906,1930,"Cass, Texas","Cass","Texas","480","Cass","0670",27587,1910,,,,,,,9936,36.017,2487.22,"wave_coverage_differs;period_boundary_vintage_differs"
"G2900370",1906,1930,"Cass/Van Buren, Missouri","Cass","Missouri","290","Cass","0370",22973,1910,,,,,,,9130,39.7423,1819.44,"wave_coverage_differs;period_boundary_vintage_differs"
"G1600310",1906,1930,"Cassia, Idaho","Cassia","Idaho","160","Cassia","0310",7197,1910,,,,,,,2648,36.7931,6682.9,"wave_coverage_differs;period_boundary_vintage_differs"
"G4800690",1906,1930,"Castro, Texas","Castro","Texas","480","Castro","0690",1850,1910,,,,,,,275,14.8649,2329.18,"wave_coverage_differs;period_boundary_vintage_differs"
"G3700330",1906,1930,"Caswell, North Carolina","Caswell","North Carolina","370","Caswell","0330",14858,1910,,,,,,,5149,34.6547,1109.21,"wave_coverage_differs;period_boundary_vintage_differs"
"G2200250",1906,1930,"Catahoula, Louisiana","Catahoula","Louisiana","220","Catahoula","0250",10415,1910,,,,,,,3870,37.1579,1915.06,"wave_coverage_differs;period_boundary_vintage_differs"
"G3700350",1906,1930,"Catawba, North Carolina","Catawba","North Carolina","370","Catawba","0350",27918,1910,,,,,,,11287,40.4291,1070.69,"wave_coverage_differs;period_boundary_vintage_differs"
"G1300470",1906,1930,"Catoosa, Georgia","Catoosa","Georgia","130","Catoosa","0470",7184,1910,,,,,,,1619,22.5362,420.77,"wave_coverage_differs;period_boundary_vintage_differs"
"G3600090",1906,1930,"Cattaraugus, New York","Cattaraugus","New York","360","Cattaraugus","0090",65919,1910,,,,,,,21559,32.7053,3425.23,"wave_coverage_differs;period_boundary_vintage_differs"
"G3800190",1906,1930,"Cavalier, North Dakota","Cavalier","North Dakota","380","Cavalier","0190",15659,1910,,,,,,,5131,32.7671,3910.76,"wave_coverage_differs;period_boundary_vintage_differs"
"G3600110",1906,1930,"Cayuga, New York","Cayuga","New York","360","Cayuga","0110",67106,1910,,,,,,,15071,22.4585,1901.56,"wave_coverage_differs;period_boundary_vintage_differs"
"G2400150",1906,1930,"Cecil, Maryland","Cecil","Maryland","240","Cecil","0150",23759,1910,,,,,,,6806,28.646,925.16,"wave_coverage_differs;period_boundary_vintage_differs"
"G1900310",1906,1930,"Cedar, Iowa","Cedar","Iowa","190","Cedar","0310",17765,1910,,,,,,,6305,35.4911,1507.11,"wave_coverage_differs;period_boundary_vintage_differs"
"G2900390",1906,1930,"Cedar, Missouri","Cedar","Missouri","290","Cedar","0390",16080,1910,,,,,,,3916,24.3532,1291.49,"wave_coverage_differs;period_boundary_vintage_differs"
"G3100270",1906,1930,"Cedar, Nebraska","Cedar","Nebraska","310","Cedar","0270",15191,1910,,,,,,,5381,35.4223,1931.73,"wave_coverage_differs;period_boundary_vintage_differs"
"G4200270",1906,1930,"Centre, Pennsylvania","Centre","Pennsylvania","420","Centre","0270",43424,1910,,,,,,,15730,36.2242,2885.14,"wave_coverage_differs;period_boundary_vintage_differs"
"G1900330",1906,1930,"Cerro Gordo, Iowa","Cerro Gordo","Iowa","190","Cerro Gordo","0330",25011,1910,,,,,,,7895,31.5661,1489.55,"wave_coverage_differs;period_boundary_vintage_differs"
"G0800150",1906,1930,"Chaffee, Colorado","Chaffee","Colorado","080","Chaffee","0150",7622,1910,,,,,,,2127,27.9061,2628.44,"wave_coverage_differs;period_boundary_vintage_differs"
"G0100170",1906,1930,"Chambers, Alabama","Chambers","Alabama","010","Chambers","0170",36056,1910,,,,,,,13265,36.79,1562.06,"wave_coverage_differs;period_boundary_vintage_differs"
"G4800710",1906,1930,"Chambers, Texas","Chambers","Texas","480","Chambers","0710",4234,1910,,,,,,,593,14.0057,1632.68,"wave_coverage_differs;period_boundary_vintage_differs"
"G1700190",1906,1930,"Champaign, Illinois","Champaign","Illinois","170","Champaign","0190",51829,1910,,,,,,,19487,37.5986,2585.83,"wave_coverage_differs;period_boundary_vintage_differs"
"G3900210",1906,1930,"Champaign, Ohio","Champaign","Ohio","390","Champaign","0210",26351,1910,,,,,,,11122,42.2071,1113.26,"wave_coverage_differs;period_boundary_vintage_differs"
"G2900410",1906,1930,"Chariton, Missouri","Chariton","Missouri","290","Chariton","0410",23503,1910,,,,,,,9970,42.4201,1989.93,"wave_coverage_differs;period_boundary_vintage_differs"
"G2400170",1906,1930,"Charles, Maryland","Charles","Maryland","240","Charles","0170",16386,1910,,,,,,,9362,57.1341,1195.8,"wave_coverage_differs;period_boundary_vintage_differs"
"G5100360",1906,1930,"Charles City, Virginia","Charles City","Virginia","510","Charles City","0360",5253,1910,,,,,,,3178,60.4988,509.27,"wave_coverage_differs;period_boundary_vintage_differs"
"G4600230",1906,1930,"Charles Mix, South Dakota","Charles Mix","South Dakota","460","Charles Mix","0230",14899,1910,,,,,,,3551,23.8338,2979.11,"wave_coverage_differs;period_boundary_vintage_differs"
"G4500190",1906,1930,"Charleston, South Carolina","Charleston","South Carolina","450","Charleston","0190",88594,1910,,,,,,,39737,44.8529,2459.51,"wave_coverage_differs;period_boundary_vintage_differs"
"G2600290",1906,1930,"Charlevoix, Michigan","Charlevoix","Michigan","260","Charlevoix","0290",19157,1910,,,,,,,3834,20.0136,1176.43,"wave_coverage_differs;period_boundary_vintage_differs"
"G5100370",1906,1930,"Charlotte, Virginia","Charlotte","Virginia","510","Charlotte","0370",15785,1910,,,,,,,7616,48.2483,1236.77,"wave_coverage_differs;period_boundary_vintage_differs"
"G5105400",1906,1930,"Charlottesville City, Virginia","Charlottesville City","Virginia","510","Charlottesville City","5400",6765,1910,,,,,,,5269,77.8862,8.7,"wave_coverage_differs;period_boundary_vintage_differs"
"G1300490",1906,1930,"Charlton, Georgia","Charlton","Georgia","130","Charlton","0490",4722,1910,,,,,,,1661,35.1758,2026.61,"wave_coverage_differs;period_boundary_vintage_differs"
"G2000170",1906,1930,"Chase, Kansas","Chase","Kansas","200","Chase","0170",7527,1910,,,,,,,1565,20.7918,2014.3,"wave_coverage_differs;period_boundary_vintage_differs"
"G3100290",1906,1930,"Chase, Nebraska","Chase","Nebraska","310","Chase","0290",3613,1910,,,,,,,370,10.2408,2324.51,"wave_coverage_differs;period_boundary_vintage_differs"
"G1300510",1906,1930,"Chatham, Georgia","Chatham","Georgia","130","Chatham","0510",79690,1910,,,,,,,40996,51.4443,1197.67,"wave_coverage_differs;period_boundary_vintage_differs"
"G3700370",1906,1930,"Chatham, North Carolina","Chatham","North Carolina","370","Chatham","0370",22635,1910,,,,,,,12410,54.8266,1838.85,"wave_coverage_differs;period_boundary_vintage_differs"
"G1300530",1906,1930,"Chattahoochee, Georgia","Chattahoochee","Georgia","130","Chattahoochee","0530",5586,1910,,,,,,,1949,34.8908,649.34,"wave_coverage_differs;period_boundary_vintage_differs"
"G1300550",1906,1930,"Chattooga, Georgia","Chattooga","Georgia","130","Chattooga","0550",13608,1910,,,,,,,4334,31.8489,813.07,"wave_coverage_differs;period_boundary_vintage_differs"
"G2000190",1906,1930,"Chautauqua, Kansas","Chautauqua","Kansas","200","Chautauqua","0190",11429,1910,,,,,,,1969,17.2281,1669.94,"wave_coverage_differs;period_boundary_vintage_differs"
"G3600130",1906,1930,"Chautauqua, New York","Chautauqua","New York","360","Chautauqua","0130",105126,1910,,,,,,,36191,34.4263,2809.24,"wave_coverage_differs;period_boundary_vintage_differs"
"G4700210",1906,1930,"Cheatham, Tennessee","Cheatham","Tennessee","470","Cheatham","0210",10540,1910,,,,,,,3330,31.5939,795.84,"wave_coverage_differs;period_boundary_vintage_differs"
"G2600310",1906,1930,"Cheboygan, Michigan","Cheboygan","Michigan","260","Cheboygan","0310",17872,1910,,,,,,,5778,32.3299,2061.38,"wave_coverage_differs;period_boundary_vintage_differs"
"G5300070",1906,1930,"Chelan, Washington","Chelan","Washington","530","Chelan","0070",15104,1910,,,,,,,1956,12.9502,7754.31,"wave_coverage_differs;period_boundary_vintage_differs"
"G3600150",1906,1930,"Chemung, New York","Chemung","New York","360","Chemung","0150",54662,1910,,,,,,,13420,24.5509,1063.91,"wave_coverage_differs;period_boundary_vintage_differs"
"G3600170",1906,1930,"Chenango, New York","Chenango","New York","360","Chenango","0170",35575,1910,,,,,,,12170,34.2094,2327.44,"wave_coverage_differs;period_boundary_vintage_differs"
"G0100190",1906,1930,"Cherokee, Alabama","Cherokee","Alabama","010","Cherokee","0190",20226,1910,,,,,,,6517,32.2209,1561.29,"wave_coverage_differs;period_boundary_vintage_differs"
"G1300570",1906,1930,"Cherokee, Georgia","Cherokee","Georgia","130","Cherokee","0570",16661,1910,,,,,,,6002,36.0242,1125.9,"wave_coverage_differs;period_boundary_vintage_differs"
"G1900350",1906,1930,"Cherokee, Iowa","Cherokee","Iowa","190","Cherokee","0350",16741,1910,,,,,,,6222,37.1662,1494.61,"wave_coverage_differs;period_boundary_vintage_differs"
"G2000210",1906,1930,"Cherokee, Kansas","Cherokee","Kansas","200","Cherokee","0210",38162,1910,,,,,,,7180,18.8145,1530.74,"wave_coverage_differs;period_boundary_vintage_differs"
"G3700390",1906,1930,"Cherokee, North Carolina","Cherokee","North Carolina","370","Cherokee","0390",14136,1910,,,,,,,3991,28.2329,1208.8,"wave_coverage_differs;period_boundary_vintage_differs"
"G4000210",1906,1930,"Cherokee, Oklahoma","Cherokee","Oklahoma","400","Cherokee","0210",16778,1910,,,,,,,1911,11.3899,2010.51,"wave_coverage_differs;period_boundary_vintage_differs"
"G4500210",1906,1930,"Cherokee, South Carolina","Cherokee","South Carolina","450","Cherokee","0210",26179,1910,,,,,,,8637,32.9921,1028.69,"wave_coverage_differs;period_boundary_vintage_differs"
"G4800730",1906,1930,"Cherokee, Texas","Cherokee","Texas","480","Cherokee","0730",29038,1910,,,,,,,8615,29.668,2751.05,"wave_coverage_differs;period_boundary_vintage_differs"
"G3100310",1906,1930,"Cherry, Nebraska","Cherry","Nebraska","310","Cherry","0310",10414,1910,,,,,,,1236,11.8686,15564.38,"wave_coverage_differs;period_boundary_vintage_differs"
"G3300050",1906,1930,"Cheshire, New Hampshire","Cheshire","New Hampshire","330","Cheshire","0050",30659,1910,,,,,,,15556,50.7388,1888.37,"wave_coverage_differs;period_boundary_vintage_differs"
"G4200290",1906,1930,"Chester, Pennsylvania","Chester","Pennsylvania","420","Chester","0290",109213,1910,,,,,,,37224,34.0839,1966.59,"wave_coverage_differs;period_boundary_vintage_differs"
"G4500230",1906,1930,"Chester, South Carolina","Chester","South Carolina","450","Chester","0230",29425,1910,,,,,,,14032,47.6873,1518.15,"wave_coverage_differs;period_boundary_vintage_differs"
"G4700230",1906,1930,"Chester, Tennessee","Chester","Tennessee","470","Chester","0230",9090,1910,,,,,,,2189,24.0814,734.13,"wave_coverage_differs;period_boundary_vintage_differs"
"G4500250",1906,1930,"Chesterfield, South Carolina","Chesterfield","South Carolina","450","Chesterfield","0250",26301,1910,,,,,,,8795,33.4398,2086.88,"wave_coverage_differs;period_boundary_vintage_differs"
"G5100410",1906,1930,"Chesterfield, Virginia","Chesterfield","Virginia","510","Chesterfield","0410",21299,1910,,,,,,,6946,32.6119,1230.73,"wave_coverage_differs;period_boundary_vintage_differs"
"G0800170",1906,1930,"Cheyenne, Colorado","Cheyenne","Colorado","080","Cheyenne","0170",3687,1910,,,,,,,94,2.5495,4613.81,"wave_coverage_differs;period_boundary_vintage_differs"
"G2000230",1906,1930,"Cheyenne, Kansas","Cheyenne","Kansas","200","Cheyenne","0230",4248,1910,,,,,,,517,12.1704,2644.23,"wave_coverage_differs;period_boundary_vintage_differs"
"G3100330",1906,1930,"Cheyenne, Nebraska","Cheyenne","Nebraska","310","Cheyenne","0330",4551,1910,,,,,,,1009,22.171,3098.66,"wave_coverage_differs;period_boundary_vintage_differs"
"G1900370",1906,1930,"Chickasaw, Iowa","Chickasaw","Iowa","190","Chickasaw","0370",15375,1910,,,,,,,7457,48.5008,1309.65,"wave_coverage_differs;period_boundary_vintage_differs"
"G2800170",1906,1930,"Chickasaw, Mississippi","Chickasaw","Mississippi","280","Chickasaw","0170",22846,1910,,,,,,,8187,35.8356,1305.99,"wave_coverage_differs;period_boundary_vintage_differs"
"G0500170",1906,1930,"Chicot, Arkansas","Chicot","Arkansas","050","Chicot","0170",21987,1910,,,,,,,6184,28.1257,1789.14,"wave_coverage_differs;period_boundary_vintage_differs"
"G4800750",1906,1930,"Childress, Texas","Childress","Texas","480","Childress","0750",9538,1910,,,,,,,1099,11.5223,1848.73,"wave_coverage_differs;period_boundary_vintage_differs"
"G0100210",1906,1930,"Chilton, Alabama","Chilton","Alabama","010","Chilton","0210",23187,1910,,,,,,,7445,32.1085,1815.07,"wave_coverage_differs;period_boundary_vintage_differs"
"G2600330",1906,1930,"Chippewa, Michigan","Chippewa","Michigan","260","Chippewa","0330",24472,1910,,,,,,,7699,31.4604,4093.47,"wave_coverage_differs;period_boundary_vintage_differs"
"G2700230",1906,1930,"Chippewa, Minnesota","Chippewa","Minnesota","270","Chippewa","0230",13458,1910,,,,,,,5561,41.3211,1522.12,"wave_coverage_differs;period_boundary_vintage_differs"
"G5500170",1906,1930,"Chippewa, Wisconsin","Chippewa","Wisconsin","550","Chippewa","0170",32103,1910,,,,,,,16634,51.8145,2696.91,"wave_coverage_differs;period_boundary_vintage_differs"
"G2700250",1906,1930,"Chisago, Minnesota","Chisago","Minnesota","270","Chisago","0250",13537,1910,,,,,,,6652,49.1394,1145.83,"wave_coverage_differs;period_boundary_vintage_differs"
"G5000070",1906,1930,"Chittenden, Vermont","Chittenden","Vermont","500","Chittenden","0070",42447,1910,,,,,,,23442,55.2265,1604.1,"wave_coverage_differs;period_boundary_vintage_differs"
"G0100230",1906,1930,"Choctaw, Alabama","Choctaw","Alabama","010","Choctaw","0230",18483,1910,,,,,,,9329,50.4734,2385.01,"wave_coverage_differs;period_boundary_vintage_differs"
"G2800190",1906,1930,"Choctaw, Mississippi","Choctaw","Mississippi","280","Choctaw","0190",14357,1910,,,,,,,6081,42.3556,1087.41,"wave_coverage_differs;period_boundary_vintage_differs"
"G4000230",1906,1930,"Choctaw, Oklahoma","Choctaw","Oklahoma","400","Choctaw","0230",21862,1910,,,,,,,2385,10.9093,2070.9,"wave_coverage_differs;period_boundary_vintage_differs"
"G3000150",1906,1930,"Chouteau, Montana","Chouteau","Montana","300","Chouteau","0150",17191,1910,,,,,,,4740,27.5726,10351.75,"wave_coverage_differs;period_boundary_vintage_differs"
"G3700410",1906,1930,"Chowan, North Carolina","Chowan","North Carolina","370","Chowan","0410",11303,1910,,,,,,,6483,57.3565,447.68,"wave_coverage_differs;period_boundary_vintage_differs"
"G1700210",1906,1930,"Christian, Illinois","Christian","Illinois","170","Christian","0210",34594,1910,,,,,,,10353,29.9272,1853.51,"wave_coverage_differs;period_boundary_vintage_differs"
"G2100470",1906,1930,"Christian, Kentucky","Christian","Kentucky","210","Christian","0470",38845,1910,,,,,,,13583,34.9672,1875.22,"wave_coverage_differs;period_boundary_vintage_differs"
"G2900430",1906,1930,"Christian, Missouri","Christian","Missouri","290","Christian","0430",15832,1910,,,,,,,5223,32.9901,1460.3,"wave_coverage_differs;period_boundary_vintage_differs"
"G3200010",1906,1930,"Churchill, Nevada","Churchill","Nevada","320","Churchill","0010",2811,1910,,,,,,,110,3.9132,13012.54,"wave_coverage_differs;period_boundary_vintage_differs"
"G4000250",1906,1930,"Cimarron, Oklahoma","Cimarron","Oklahoma","400","Cimarron","0250",4553,1910,,,,,,,97,2.1305,4767.88,"wave_coverage_differs;period_boundary_vintage_differs"
"G1200170",1906,1930,"Citrus, Florida","Citrus","Florida","120","Citrus","0170",6731,1910,,,,,,,1615,23.9935,1630.07,"wave_coverage_differs;period_boundary_vintage_differs"
"G4100050",1906,1930,"Clackamas, Oregon","Clackamas","Oregon","410","Clackamas","0050",29931,1910,,,,,,,4894,16.3509,4865.94,"wave_coverage_differs;period_boundary_vintage_differs"
"G2200270",1906,1930,"Claiborne, Louisiana","Claiborne","Louisiana","220","Claiborne","0270",25050,1910,,,,,,,8864,35.3852,1987.92,"wave_coverage_differs;period_boundary_vintage_differs"
"G2800210",1906,1930,"Claiborne, Mississippi","Claiborne","Mississippi","280","Claiborne","0210",17403,1910,,,,,,,6153,35.356,1298.15,"wave_coverage_differs;period_boundary_vintage_differs"
"G4700250",1906,1930,"Claiborne, Tennessee","Claiborne","Tennessee","470","Claiborne","0250",23504,1910,,,,,,,6533,27.7953,1146.33,"wave_coverage_differs;period_boundary_vintage_differs"
"G5300090",1906,1930,"Clallam, Washington","Clallam","Washington","530","Clallam","0090",6755,1910,,,,,,,558,8.2605,4568.18,"wave_coverage_differs;period_boundary_vintage_differs"
"G2600350",1906,1930,"Clare, Michigan","Clare","Michigan","260","Clare","0350",9240,1910,,,,,,,1107,11.9805,1490.09,"wave_coverage_differs;period_boundary_vintage_differs"
"G4500270",1906,1930,"Clarendon, South Carolina","Clarendon","South Carolina","450","Clarendon","0270",32188,1910,,,,,,,15110,46.943,1801.75,"wave_coverage_differs;period_boundary_vintage_differs"
"G4200310",1906,1930,"Clarion, Pennsylvania","Clarion","Pennsylvania","420","Clarion","0310",36638,1910,,,,,,,14636,39.9476,1579.17,"wave_coverage_differs;period_boundary_vintage_differs"
"G0500190",1906,1930,"Clark, Arkansas","Clark","Arkansas","050","Clark","0190",23686,1910,,,,,,,8167,34.4803,2286.05,"wave_coverage_differs;period_boundary_vintage_differs"
"G1700230",1906,1930,"Clark, Illinois","Clark","Illinois","170","Clark","0230",23517,1910,,,,,,,7410,31.5091,1307.48,"wave_coverage_differs;period_boundary_vintage_differs"
"G1800190",1906,1930,"Clark, Indiana","Clark","Indiana","180","Clark","0190",30260,1910,,,,,,,12852,42.4719,973.89,"wave_coverage_differs;period_boundary_vintage_differs"
"G2000250",1906,1930,"Clark, Kansas","Clark","Kansas","200","Clark","0250",4093,1910,,,,,,,603,14.7325,2530.89,"wave_coverage_differs;period_boundary_vintage_differs"
"G2100490",1906,1930,"Clark, Kentucky","Clark","Kentucky","210","Clark","0490",17987,1910,,,,,,,7774,43.2201,661.71,"wave_coverage_differs;period_boundary_vintage_differs"
"G2900450",1906,1930,"Clark, Missouri","Clark","Missouri","290","Clark","0450",12811,1910,,,,,,,5486,42.8226,1325.77,"wave_coverage_differs;period_boundary_vintage_differs"
"G3200030",1906,1930,"Clark, Nevada","Clark","Nevada","320","Clark","0030",3321,1910,,,,,,,0,0,20970.82,"wave_coverage_differs;period_boundary_vintage_differs"
"G3900230",1906,1930,"Clark, Ohio","Clark","Ohio","390","Clark","0230",66435,1910,,,,,,,22224,33.4522,1040.81,"wave_coverage_differs;period_boundary_vintage_differs"
"G4600250",1906,1930,"Clark, South Dakota","Clark","South Dakota","460","Clark","0250",10901,1910,,,,,,,2311,21.1999,2505.81,"wave_coverage_differs;period_boundary_vintage_differs"
"G5300110",1906,1930,"Clark, Washington","Clark","Washington","530","Clark","0110",26115,1910,,,,,,,4250,16.2742,1699.59,"wave_coverage_differs;period_boundary_vintage_differs"
"G5500190",1906,1930,"Clark, Wisconsin","Clark","Wisconsin","550","Clark","0190",30074,1910,,,,,,,12758,42.422,3156.63,"wave_coverage_differs;period_boundary_vintage_differs"
"G0100250",1906,1930,"Clarke, Alabama","Clarke","Alabama","010","Clarke","0250",30987,1910,,,,,,,15156,48.9108,3244.14,"wave_coverage_differs;period_boundary_vintage_differs"
"G1300590",1906,1930,"Clarke, Georgia","Clarke","Georgia","130","Clarke","0590",23273,1910,,,,,,,8279,35.5734,313.77,"wave_coverage_differs;period_boundary_vintage_differs"
"G1900390",1906,1930,"Clarke, Iowa","Clarke","Iowa","190","Clarke","0390",10736,1910,,,,,,,3211,29.9087,1118.24,"wave_coverage_differs;period_boundary_vintage_differs"
"G2800230",1906,1930,"Clarke, Mississippi","Clarke","Mississippi","280","Clarke","0230",21630,1910,,,,,,,6871,31.7661,1795.96,"wave_coverage_differs;period_boundary_vintage_differs"
"G5100430",1906,1930,"Clarke, Virginia","Clarke","Virginia","510","Clarke","0430",7468,1910,,,,,,,1999,26.7675,461.88,"wave_coverage_differs;period_boundary_vintage_differs"
"G4100070",1906,1930,"Clatsop, Oregon","Clatsop","Oregon","410","Clatsop","0070",16106,1910,,,,,,,2735,16.9812,2151.95,"wave_coverage_differs;period_boundary_vintage_differs"
"G0100270",1906,1930,"Clay, Alabama","Clay","Alabama","010","Clay","0270",21006,1910,,,,,,,7278,34.6472,1569.59,"wave_coverage_differs;period_boundary_vintage_differs"
"G0500210",1906,1930,"Clay, Arkansas","Clay","Arkansas","050","Clay","0210",23690,1910,,,,,,,4932,20.8189,1661.31,"wave_coverage_differs;period_boundary_vintage_differs"
"G1200190",1906,1930,"Clay, Florida","Clay","Florida","120","Clay","0190",6116,1910,,,,,,,1751,28.6298,1666.86,"wave_coverage_differs;period_boundary_vintage_differs"
"G1300610",1906,1930,"Clay, Georgia","Clay","Georgia","130","Clay","0610",8960,1910,,,,,,,4324,48.2589,562.05,"wave_coverage_differs;period_boundary_vintage_differs"
"G1700250",1906,1930,"Clay, Illinois","Clay","Illinois","170","Clay","0250",18661,1910,,,,,,,6663,35.7055,1216.23,"wave_coverage_differs;period_boundary_vintage_differs"
"G1800210",1906,1930,"Clay, Indiana","Clay","Indiana","180","Clay","0210",32535,1910,,,,,,,11264,34.6212,933.23,"wave_coverage_differs;period_boundary_vintage_differs"
"G1900410",1906,1930,"Clay, Iowa","Clay","Iowa","190","Clay","0410",12766,1910,,,,,,,2826,22.1369,1483.01,"wave_coverage_differs;period_boundary_vintage_differs"
"G2000270",1906,1930,"Clay, Kansas","Clay","Kansas","200","Clay","0270",15251,1910,,,,,,,4699,30.8111,1698,"wave_coverage_differs;period_boundary_vintage_differs"
"G2100510",1906,1930,"Clay, Kentucky","Clay","Kentucky","210","Clay","0510",17789,1910,,,,,,,4198,23.5989,1219.44,"wave_coverage_differs;period_boundary_vintage_differs"
"G2700270",1906,1930,"Clay, Minnesota","Clay","Minnesota","270","Clay","0270",19640,1910,,,,,,,7218,36.7515,2726.34,"wave_coverage_differs;period_boundary_vintage_differs"
"G2800250",1906,1930,"Clay, Mississippi","Clay","Mississippi","280","Clay","0250",20203,1910,,,,,,,7442,36.8361,1077.43,"wave_coverage_differs;period_boundary_vintage_differs"
"G2900470",1906,1930,"Clay, Missouri","Clay","Missouri","290","Clay","0470",20302,1910,,,,,,,7728,38.0652,1058.27,"wave_coverage_differs;period_boundary_vintage_differs"
"G3100350",1906,1930,"Clay, Nebraska","Clay","Nebraska","310","Clay","0350",15729,1910,,,,,,,7006,44.5419,1485.46,"wave_coverage_differs;period_boundary_vintage_differs"
"G3700430",1906,1930,"Clay, North Carolina","Clay","North Carolina","370","Clay","0430",3909,1910,,,,,,,1526,39.0381,571.46,"wave_coverage_differs;period_boundary_vintage_differs"
"G4600270",1906,1930,"Clay, South Dakota","Clay","South Dakota","460","Clay","0270",8711,1910,,,,,,,3173,36.4252,1080.63,"wave_coverage_differs;period_boundary_vintage_differs"
"G4700270",1906,1930,"Clay, Tennessee","Clay","Tennessee","470","Clay","0270",9009,1910,,,,,,,1159,12.8649,671.55,"wave_coverage_differs;period_boundary_vintage_differs"
"G4800770",1906,1930,"Clay, Texas","Clay","Texas","480","Clay","0770",17043,1910,,,,,,,3182,18.6704,2892.39,"wave_coverage_differs;period_boundary_vintage_differs"
"G5400150",1906,1930,"Clay, West Virginia","Clay","West Virginia","540","Clay","0150",10233,1910,,,,,,,1092,10.6714,890.47,"wave_coverage_differs;period_boundary_vintage_differs"
"G1300630",1906,1930,"Clayton, Georgia","Clayton","Georgia","130","Clayton","0630",10453,1910,,,,,,,4556,43.5856,379.47,"wave_coverage_differs;period_boundary_vintage_differs"
"G1900430",1906,1930,"Clayton, Iowa","Clayton","Iowa","190","Clayton","0430",25576,1910,,,,,,,9216,36.0338,2052.99,"wave_coverage_differs;period_boundary_vintage_differs"
"G0800190",1906,1930,"Clear Creek, Colorado","Clear Creek","Colorado","080","Clear Creek","0190",5001,1910,,,,,,,1930,38.5923,1026.83,"wave_coverage_differs;period_boundary_vintage_differs"
"G4200330",1906,1930,"Clearfield, Pennsylvania","Clearfield","Pennsylvania","420","Clearfield","0330",93768,1910,,,,,,,32317,34.4648,2988.68,"wave_coverage_differs;period_boundary_vintage_differs"
"G2700290",1906,1930,"Clearwater, Minnesota","Clearwater","Minnesota","270","Clearwater","0290",6870,1910,,,,,,,1282,18.6608,2667.08,"wave_coverage_differs;period_boundary_vintage_differs"
"G0100290",1906,1930,"Cleburne, Alabama","Cleburne","Alabama","010","Cleburne","0290",13385,1910,,,,,,,4523,33.7916,1453.02,"wave_coverage_differs;period_boundary_vintage_differs"
"G0500230",1906,1930,"Cleburne, Arkansas","Cleburne","Arkansas","050","Cleburne","0230",11903,1910,,,,,,,1802,15.139,1533.07,"wave_coverage_differs;period_boundary_vintage_differs"
"G3900250",1906,1930,"Clermont, Ohio","Clermont","Ohio","390","Clermont","0250",29551,1910,,,,,,,12079,40.8751,1191.06,"wave_coverage_differs;period_boundary_vintage_differs"
"G0500250",1906,1930,"Cleveland, Arkansas","Cleveland","Arkansas","050","Cleveland","0250",13481,1910,,,,,,,3201,23.7445,1550.75,"wave_coverage_differs;period_boundary_vintage_differs"
"G3700450",1906,1930,"Cleveland, North Carolina","Cleveland","North Carolina","370","Cleveland","0450",29494,1910,,,,,,,13909,47.1587,1212.75,"wave_coverage_differs;period_boundary_vintage_differs"
"G4000270",1906,1930,"Cleveland, Oklahoma","Cleveland","Oklahoma","400","Cleveland","0270",18843,1910,,,,,,,3677,19.5139,1446.93,"wave_coverage_differs;period_boundary_vintage_differs"
"G5105600",1906,1930,"Clifton Forge City, Virginia","Clifton Forge City","Virginia","510","Clifton Forge City","5600",5748,1910,,,,,,,1378,23.9736,4.79,"wave_coverage_differs;period_boundary_vintage_differs"
"G1300650",1906,1930,"Clinch, Georgia","Clinch","Georgia","130","Clinch","0650",8424,1910,,,,,,,2189,25.9853,2134.33,"wave_coverage_differs;period_boundary_vintage_differs"
"G1700270",1906,1930,"Clinton, Illinois","Clinton","Illinois","170","Clinton","0270",22832,1910,,,,,,,13770,60.3101,1303.48,"wave_coverage_differs;period_boundary_vintage_differs"
"G1800230",1906,1930,"Clinton, Indiana","Clinton","Indiana","180","Clinton","0230",26674,1910,,,,,,,10387,38.9405,1049.61,"wave_coverage_differs;period_boundary_vintage_differs"
"G1900450",1906,1930,"Clinton, Iowa","Clinton","Iowa","190","Clinton","0450",45394,1910,,,,,,,14861,32.7378,1839.34,"wave_coverage_differs;period_boundary_vintage_differs"
"G2100530",1906,1930,"Clinton, Kentucky","Clinton","Kentucky","210","Clinton","0530",8153,1910,,,,,,,2320,28.4558,532.15,"wave_coverage_differs;period_boundary_vintage_differs"
"G2600370",1906,1930,"Clinton, Michigan","Clinton","Michigan","260","Clinton","0370",23129,1910,,,,,,,4889,21.138,1488.1,"wave_coverage_differs;period_boundary_vintage_differs"
"G2900490",1906,1930,"Clinton, Missouri","Clinton","Missouri","290","Clinton","0490",15297,1910,,,,,,,7603,49.7026,1096.81,"wave_coverage_differs;period_boundary_vintage_differs"
"G3600190",1906,1930,"Clinton, New York","Clinton","New York","360","Clinton","0190",48230,1910,,,,,,,25219,52.289,2894.38,"wave_coverage_differs;period_boundary_vintage_differs"
"G3900270",1906,1930,"Clinton, Ohio","Clinton","Ohio","390","Clinton","0270",23680,1910,,,,,,,9801,41.3894,1067.84,"wave_coverage_differs;period_boundary_vintage_differs"
"G4200350",1906,1930,"Clinton, Pennsylvania","Clinton","Pennsylvania","420","Clinton","0350",31545,1910,,,,,,,11757,37.2706,2320.18,"wave_coverage_differs;period_boundary_vintage_differs"
"G2000290",1906,1930,"Cloud, Kansas","Cloud","Kansas","200","Cloud","0290",18388,1910,,,,,,,6187,33.6469,1859.58,"wave_coverage_differs;period_boundary_vintage_differs"
"G2800270",1906,1930,"Coahoma, Mississippi","Coahoma","Mississippi","280","Coahoma","0270",34217,1910,,,,,,,13690,40.0094,1510.36,"wave_coverage_differs;period_boundary_vintage_differs"
"G4000290",1906,1930,"Coal, Oklahoma","Coal","Oklahoma","400","Coal","0290",15817,1910,,,,,,,2442,15.4391,1350.28,"wave_coverage_differs;period_boundary_vintage_differs"
"G1300670",1906,1930,"Cobb, Georgia","Cobb","Georgia","130","Cobb","0670",28397,1910,,,,,,,11717,41.2614,892.51,"wave_coverage_differs;period_boundary_vintage_differs"
"G4800790",1906,1930,"Cochran, Texas","Cochran","Texas","480","Cochran","0790",65,1910,,,,,,,50,76.9231,2007.86,"wave_coverage_differs;period_boundary_vintage_differs"
"G4700290",1906,1930,"Cocke, Tennessee","Cocke","Tennessee","470","Cocke","0290",19399,1910,,,,,,,5117,26.3776,1147.68,"wave_coverage_differs;period_boundary_vintage_differs"
"G4600290",1906,1930,"Codington, South Dakota","Codington","South Dakota","460","Codington","0290",14092,1910,,,,,,,4619,32.7775,1857.45,"wave_coverage_differs;period_boundary_vintage_differs"
"G0100310",1906,1930,"Coffee, Alabama","Coffee","Alabama","010","Coffee","0310",26119,1910,,,,,,,7098,27.1756,1762.48,"wave_coverage_differs;period_boundary_vintage_differs"
"G1300690",1906,1930,"Coffee, Georgia","Coffee","Georgia","130","Coffee","0690",21953,1910,,,,,,,6657,30.3239,1561.03,"wave_coverage_differs;period_boundary_vintage_differs"
"G4700310",1906,1930,"Coffee, Tennessee","Coffee","Tennessee","470","Coffee","0310",15625,1910,,,,,,,5151,32.9664,1125.47,"wave_coverage_differs;period_boundary_vintage_differs"
"G2000310",1906,1930,"Coffey, Kansas","Coffey","Kansas","200","Coffey","0310",15205,1910,,,,,,,4684,30.8057,1694.07,"wave_coverage_differs;period_boundary_vintage_differs"
"G4800810",1906,1930,"Coke, Texas","Coke","Texas","480","Coke","0810",6412,1910,,,,,,,1377,21.4754,2403.5,"wave_coverage_differs;period_boundary_vintage_differs"
"G0100330",1906,1930,"Colbert (new), Alabama","Colbert","Alabama","010","Colbert","0330",24802,1910,,,,,,,8571,34.5577,1611.3,"wave_coverage_differs;period_boundary_vintage_differs"
"G2900510",1906,1930,"Cole, Missouri","Cole","Missouri","290","Cole","0510",21957,1910,,,,,,,11686,53.2222,1033.61,"wave_coverage_differs;period_boundary_vintage_differs"
"G4800830",1906,1930,"Coleman, Texas","Coleman","Texas","480","Coleman","0830",22618,1910,,,,,,,4068,17.9857,3319.02,"wave_coverage_differs;period_boundary_vintage_differs"
"G1700290",1906,1930,"Coles, Illinois","Coles","Illinois","170","Coles","0290",34517,1910,,,,,,,12177,35.2783,1321.08,"wave_coverage_differs;period_boundary_vintage_differs"
"G3100370",1906,1930,"Colfax, Nebraska","Colfax","Nebraska","310","Colfax","0370",11610,1910,,,,,,,5060,43.5831,1085.7,"wave_coverage_differs;period_boundary_vintage_differs"
"G4500290",1906,1930,"Colleton, South Carolina","Colleton","South Carolina","450","Colleton","0290",35390,1910,,,,,,,17323,48.9489,2758.12,"wave_coverage_differs;period_boundary_vintage_differs"
"G4800850",1906,1930,"Collin, Texas","Collin","Texas","480","Collin","0850",49021,1910,,,,,,,16975,34.628,2294.99,"wave_coverage_differs;period_boundary_vintage_differs"
"G4800870",1906,1930,"Collingsworth, Texas","Collingsworth","Texas","480","Collingsworth","0870",5224,1910,,,,,,,1017,19.4678,2380.82,"wave_coverage_differs;period_boundary_vintage_differs"
"G4800890",1906,1930,"Colorado, Texas","Colorado","Texas","480","Colorado","0890",18897,1910,,,,,,,7164,37.9108,2521.82,"wave_coverage_differs;period_boundary_vintage_differs"
"G1300710",1906,1930,"Colquitt, Georgia","Colquitt","Georgia","130","Colquitt","0710",19789,1910,,,,,,,6313,31.9016,1441.69,"wave_coverage_differs;period_boundary_vintage_differs"
"G0500270",1906,1930,"Columbia, Arkansas","Columbia","Arkansas","050","Columbia","0270",23820,1910,,,,,,,6715,28.1906,1985.87,"wave_coverage_differs;period_boundary_vintage_differs"
"G1200230",1906,1930,"Columbia, Florida","Columbia","Florida","120","Columbia","0230",17689,1910,,,,,,,5226,29.5438,2075.41,"wave_coverage_differs;period_boundary_vintage_differs"
"G1300730",1906,1930,"Columbia, Georgia","Columbia","Georgia","130","Columbia","0730",12328,1910,,,,,,,8134,65.9799,796.46,"wave_coverage_differs;period_boundary_vintage_differs"
"G3600210",1906,1930,"Columbia, New York","Columbia","New York","360","Columbia","0210",43658,1910,,,,,,,15896,36.4103,1679,"wave_coverage_differs;period_boundary_vintage_differs"
"G4100090",1906,1930,"Columbia, Oregon","Columbia","Oregon","410","Columbia","0090",10580,1910,,,,,,,846,7.9962,1766.48,"wave_coverage_differs;period_boundary_vintage_differs"
"G4200370",1906,1930,"Columbia, Pennsylvania","Columbia","Pennsylvania","420","Columbia","0370",48467,1910,,,,,,,16324,33.6806,1268.45,"wave_coverage_differs;period_boundary_vintage_differs"
"G5300130",1906,1930,"Columbia, Washington","Columbia","Washington","530","Columbia","0130",7042,1910,,,,,,,1448,20.5623,2262.44,"wave_coverage_differs;period_boundary_vintage_differs"
"G5500210",1906,1930,"Columbia, Wisconsin","Columbia","Wisconsin","550","Columbia","0210",31129,1910,,,,,,,13593,43.6667,2061.59,"wave_coverage_differs;period_boundary_vintage_differs"
"G3900290",1906,1930,"Columbiana, Ohio","Columbiana","Ohio","390","Columbiana","0290",76619,1910,,,,,,,27822,36.3121,1384.77,"wave_coverage_differs;period_boundary_vintage_differs"
"G3700470",1906,1930,"Columbus, North Carolina","Columbus","North Carolina","370","Columbus","0470",28020,1910,,,,,,,9424,33.6331,2469.93,"wave_coverage_differs;period_boundary_vintage_differs"
"G0600110",1906,1930,"Colusa, California","Colusa","California","060","Colusa","0110",7732,1910,,,,,,,4256,55.044,2994.94,"wave_coverage_differs;period_boundary_vintage_differs"
"G4800910",1906,1930,"Comal, Texas","Comal","Texas","480","Comal","0910",8434,1910,,,,,,,2326,27.5788,1488.93,"wave_coverage_differs;period_boundary_vintage_differs"
"G2000330",1906,1930,"Comanche, Kansas","Comanche","Kansas","200","Comanche","0330",3281,1910,,,,,,,392,11.9476,2045.29,"wave_coverage_differs;period_boundary_vintage_differs"
"G4000310",1906,1930,"Comanche, Oklahoma","Comanche","Oklahoma","400","Comanche","0310",41489,1910,,,,,,,5468,13.1794,2806.78,"wave_coverage_differs;period_boundary_vintage_differs"
"G4800930",1906,1930,"Comanche, Texas","Comanche","Texas","480","Comanche","0930",27186,1910,,,,,,,7048,25.9251,2454.52,"wave_coverage_differs;period_boundary_vintage_differs"
"G4800950",1906,1930,"Concho, Texas","Concho","Texas","480","Concho","0950",6654,1910,,,,,,,828,12.4436,2573.64,"wave_coverage_differs;period_boundary_vintage_differs"
"G2200290",1906,1930,"Concordia, Louisiana","Concordia","Louisiana","220","Concordia","0290",14278,1910,,,,,,,3469,24.2961,29.28,"wave_coverage_differs;period_boundary_vintage_differs"
"G0100350",1906,1930,"Conecuh, Alabama","Conecuh","Alabama","010","Conecuh","0350",21433,1910,,,,,,,8524,39.7704,2208.53,"wave_coverage_differs;period_boundary_vintage_differs"
"G0800210",1906,1930,"Conejos, Colorado","Conejos","Colorado","080","Conejos","0210",11285,1910,,,,,,,3740,33.1413,3343.5,"wave_coverage_differs;period_boundary_vintage_differs"
"G0600130",1906,1930,"Contra Costa, California","Contra Costa","California","060","Contra Costa","0130",31674,1910,,,,,,,7298,23.041,1914.81,"wave_coverage_differs;period_boundary_vintage_differs"
"G5600090",1906,1930,"Converse, Wyoming","Converse","Wyoming","560","Converse","0090",6294,1910,,,,,,,545,8.659,10745.92,"wave_coverage_differs;period_boundary_vintage_differs"
"G0500290",1906,1930,"Conway, Arkansas","Conway","Arkansas","050","Conway","0290",22729,1910,,,,,,,9052,39.8258,1467.71,"wave_coverage_differs;period_boundary_vintage_differs"
"G1700310",1906,1930,"Cook, Illinois","Cook","Illinois","170","Cook","0310",2405233,1910,,,,,,,908010,37.7514,2480.87,"wave_coverage_differs;period_boundary_vintage_differs"
"G2700310",1906,1930,"Cook, Minnesota","Cook","Minnesota","270","Cook","0310",1336,1910,,,,,,,659,49.3263,4159.49,"wave_coverage_differs;period_boundary_vintage_differs"
"G4800970",1906,1930,"Cooke, Texas","Cooke","Texas","480","Cooke","0970",26603,1910,,,,,,,9650,36.2741,2327.05,"wave_coverage_differs;period_boundary_vintage_differs"
"G2900530",1906,1930,"Cooper, Missouri","Cooper","Missouri","290","Cooper","0530",20311,1910,,,,,,,9146,45.0298,1473.92,"wave_coverage_differs;period_boundary_vintage_differs"
"G3300070",1906,1930,"Coos, New Hampshire","Coos","New Hampshire","330","Coos","0070",30753,1910,,,,,,,13144,42.7405,4738.54,"wave_coverage_differs;period_boundary_vintage_differs"
"G4100110",1906,1930,"Coos, Oregon","Coos","Oregon","410","Coos","0110",17959,1910,,,,,,,2526,14.0654,4168.06,"wave_coverage_differs;period_boundary_vintage_differs"
"G0100370",1906,1930,"Coosa, Alabama","Coosa","Alabama","010","Coosa","0370",16634,1910,,,,,,,6807,40.9222,1725.55,"wave_coverage_differs;period_boundary_vintage_differs"
"G2800290",1906,1930,"Copiah, Mississippi","Copiah","Mississippi","280","Copiah","0290",35914,1910,,,,,,,17327,48.2458,2018.83,"wave_coverage_differs;period_boundary_vintage_differs"
"G4600310",1906,1930,"Corson, South Dakota","Corson","South Dakota","460","Corson","0310",2929,1910,,,,,,,0,0,6551.75,"wave_coverage_differs;period_boundary_vintage_differs"
"G3600230",1906,1930,"Cortland, New York","Cortland","New York","360","Cortland","0230",29249,1910,,,,,,,10185,34.8217,1298.93,"wave_coverage_differs;period_boundary_vintage_differs"
"G4800990",1906,1930,"Coryell, Texas","Coryell","Texas","480","Coryell","0990",21703,1910,,,,,,,6716,30.945,2736.98,"wave_coverage_differs;period_boundary_vintage_differs"
"G3900310",1906,1930,"Coshocton, Ohio","Coshocton","Ohio","390","Coshocton","0310",30121,1910,,,,,,,11397,37.8374,1469.77,"wave_coverage_differs;period_boundary_vintage_differs"
"G0800230",1906,1930,"Costilla, Colorado","Costilla","Colorado","080","Costilla","0230",5498,1910,,,,,,,2524,45.9076,3186.76,"wave_coverage_differs;period_boundary_vintage_differs"
"G4801010",1906,1930,"Cottle, Texas","Cottle","Texas","480","Cottle","1010",4396,1910,,,,,,,413,9.3949,2335.17,"wave_coverage_differs;period_boundary_vintage_differs"
"G2700330",1906,1930,"Cottonwood, Minnesota","Cottonwood","Minnesota","270","Cottonwood","0330",12651,1910,,,,,,,4037,31.9105,1679.76,"wave_coverage_differs;period_boundary_vintage_differs"
"G0100390",1906,1930,"Covington, Alabama","Covington","Alabama","010","Covington","0390",32124,1910,,,,,,,6991,21.7625,2703.42,"wave_coverage_differs;period_boundary_vintage_differs"
"G2800310",1906,1930,"Covington, Mississippi","Covington","Mississippi","280","Covington","0310",16909,1910,,,,,,,6963,41.1793,1074.66,"wave_coverage_differs;period_boundary_vintage_differs"
"G1300770",1906,1930,"Coweta, Georgia","Coweta","Georgia","130","Coweta","0770",28800,1910,,,,,,,14959,51.941,1154.66,"wave_coverage_differs;period_boundary_vintage_differs"
"G2000350",1906,1930,"Cowley, Kansas","Cowley","Kansas","200","Cowley","0350",31790,1910,,,,,,,8345,26.2504,2932.99,"wave_coverage_differs;period_boundary_vintage_differs"
"G5300150",1906,1930,"Cowlitz, Washington","Cowlitz","Washington","530","Cowlitz","0150",12561,1910,,,,,,,1221,9.7206,3019.12,"wave_coverage_differs;period_boundary_vintage_differs"
"G4000350",1906,1930,"Craig, Oklahoma","Craig","Oklahoma","400","Craig","0350",17404,1910,,,,,,,2441,14.0255,1975.62,"wave_coverage_differs;period_boundary_vintage_differs"
"G5100450",1906,1930,"Craig, Virginia","Craig","Virginia","510","Craig","0450",4711,1910,,,,,,,1511,32.0739,856.29,"wave_coverage_differs;period_boundary_vintage_differs"
"G0500310",1906,1930,"Craighead, Arkansas","Craighead","Arkansas","050","Craighead","0310",27627,1910,,,,,,,9209,33.3333,1845.83,"wave_coverage_differs;period_boundary_vintage_differs"
"G4801030",1906,1930,"Crane, Texas","Crane","Texas","480","Crane","1030",331,1910,,,,,,,0,0,2035.01,"wave_coverage_differs;period_boundary_vintage_differs"
"G3700490",1906,1930,"Craven, North Carolina","Craven","North Carolina","370","Craven","0490",25594,1910,,,,,,,11998,46.8782,1874.25,"wave_coverage_differs;period_boundary_vintage_differs"
"G0500330",1906,1930,"Crawford, Arkansas","Crawford","Arkansas","050","Crawford","0330",23942,1910,,,,,,,6356,26.5475,1564.99,"wave_coverage_differs;period_boundary_vintage_differs"
"G1300790",1906,1930,"Crawford, Georgia","Crawford","Georgia","130","Crawford","0790",8310,1910,,,,,,,2428,29.2178,845.68,"wave_coverage_differs;period_boundary_vintage_differs"
"G1700330",1906,1930,"Crawford, Illinois","Crawford","Illinois","170","Crawford","0330",26281,1910,,,,,,,6321,24.0516,1154.65,"wave_coverage_differs;period_boundary_vintage_differs"
"G1800250",1906,1930,"Crawford, Indiana","Crawford","Indiana","180","Crawford","0250",12057,1910,,,,,,,3557,29.5015,800,"wave_coverage_differs;period_boundary_vintage_differs"
"G1900470",1906,1930,"Crawford, Iowa","Crawford","Iowa","190","Crawford","0470",20041,1910,,,,,,,7381,36.8295,1851.94,"wave_coverage_differs;period_boundary_vintage_differs"
"G2000370",1906,1930,"Crawford, Kansas","Crawford","Kansas","200","Crawford","0370",51178,1910,,,,,,,11467,22.4061,1541.08,"wave_coverage_differs;period_boundary_vintage_differs"
"G2600390",1906,1930,"Crawford, Michigan","Crawford","Michigan","260","Crawford","0390",3934,1910,,,,,,,479,12.1759,1459,"wave_coverage_differs;period_boundary_vintage_differs"
"G2900550",1906,1930,"Crawford, Missouri","Crawford","Missouri","290","Crawford","0550",13576,1910,,,,,,,1933,14.2384,1926.31,"wave_coverage_differs;period_boundary_vintage_differs"
"G3900330",1906,1930,"Crawford, Ohio","Crawford","Ohio","390","Crawford","0330",34036,1910,,,,,,,15530,45.6282,1042.98,"wave_coverage_differs;period_boundary_vintage_differs"
"G4200390",1906,1930,"Crawford, Pennsylvania","Crawford","Pennsylvania","420","Crawford","0390",61565,1910,,,,,,,23179,37.6496,2687.64,"wave_coverage_differs;period_boundary_vintage_differs"
"G5500230",1906,1930,"Crawford, Wisconsin","Crawford","Wisconsin","550","Crawford","0230",16288,1910,,,,,,,7234,44.4131,1551.96,"wave_coverage_differs;period_boundary_vintage_differs"
"G4000370",1906,1930,"Creek, Oklahoma","Creek","Oklahoma","400","Creek","0370",26223,1910,,,,,,,1718,6.5515,2511.84,"wave_coverage_differs;period_boundary_vintage_differs"
"G0100410",1906,1930,"Crenshaw, Alabama","Crenshaw","Alabama","010","Crenshaw","0410",23313,1910,,,,,,,7753,33.2561,1582.22,"wave_coverage_differs;period_boundary_vintage_differs"
"G1300810",1906,1930,"Crisp, Georgia","Crisp","Georgia","130","Crisp","0810",16423,1910,,,,,,,5762,35.0849,727.66,"wave_coverage_differs;period_boundary_vintage_differs"
"G0500350",1906,1930,"Crittenden, Arkansas","Crittenden","Arkansas","050","Crittenden","0350",22447,1910,,,,,,,7639,34.0313,1647.94,"wave_coverage_differs;period_boundary_vintage_differs"
"G2100550",1906,1930,"Crittenden, Kentucky","Crittenden","Kentucky","210","Crittenden","0550",13296,1910,,,,,,,5043,37.9287,960.81,"wave_coverage_differs;period_boundary_vintage_differs"
"G4700330",1906,1930,"Crockett, Tennessee","Crockett","Tennessee","470","Crockett","0330",16076,1910,,,,,,,6683,41.5713,688.25,"wave_coverage_differs;period_boundary_vintage_differs"
"G4801050",1906,1930,"Crockett, Texas","Crockett","Texas","480","Crockett","1050",1296,1910,,,,,,,335,25.8488,7271.04,"wave_coverage_differs;period_boundary_vintage_differs"
"G4100130",1906,1930,"Crook, Oregon","Crook","Oregon","410","Crook","0130",9315,1910,,,,,,,688,7.3859,7738.08,"wave_coverage_differs;period_boundary_vintage_differs"
"G5600110",1906,1930,"Crook, Wyoming","Crook","Wyoming","560","Crook","0110",6492,1910,,,,,,,592,9.1189,7434.51,"wave_coverage_differs;period_boundary_vintage_differs"
"G4801070",1906,1930,"Crosby, Texas","Crosby","Texas","480","Crosby","1070",1765,1910,,,,,,,157,8.8952,2335.37,"wave_coverage_differs;period_boundary_vintage_differs"
"G0500370",1906,1930,"Cross, Arkansas","Cross","Arkansas","050","Cross","0370",14042,1910,,,,,,,3663,26.086,1611.75,"wave_coverage_differs;period_boundary_vintage_differs"
"G2700350",1906,1930,"Crow Wing, Minnesota","Crow Wing","Minnesota","270","Crow Wing","0350",16861,1910,,,,,,,3981,23.6107,2995.35,"wave_coverage_differs;period_boundary_vintage_differs"
"G0100430",1906,1930,"Cullman, Alabama","Cullman","Alabama","010","Cullman","0430",28321,1910,,,,,,,8675,30.631,1955.52,"wave_coverage_differs;period_boundary_vintage_differs"
"G5100470",1906,1930,"Culpeper, Virginia","Culpeper","Virginia","510","Culpeper","0470",13472,1910,,,,,,,6886,51.1134,990.78,"wave_coverage_differs;period_boundary_vintage_differs"
"G1700350",1906,1930,"Cumberland, Illinois","Cumberland","Illinois","170","Cumberland","0350",14281,1910,,,,,,,4213,29.5007,898.73,"wave_coverage_differs;period_boundary_vintage_differs"
"G2100570",1906,1930,"Cumberland, Kentucky","Cumberland","Kentucky","210","Cumberland","0570",9846,1910,,,,,,,3202,32.5208,799.21,"wave_coverage_differs;period_boundary_vintage_differs"
"G2300050",1906,1930,"Cumberland, Maine","Cumberland","Maine","230","Cumberland","0050",112014,1910,,,,,,,32258,28.7982,2497.1,"wave_coverage_differs;period_boundary_vintage_differs"
"G3400110",1906,1930,"Cumberland, New Jersey","Cumberland","New Jersey","340","Cumberland","0110",55153,1910,,,,,,,17886,32.4298,1304.13,"wave_coverage_differs;period_boundary_vintage_differs"
"G3700510",1906,1930,"Cumberland, North Carolina","Cumberland","North Carolina","370","Cumberland","0510",35284,1910,,,,,,,15580,44.156,1705.14,"wave_coverage_differs;period_boundary_vintage_differs"
"G4200410",1906,1930,"Cumberland, Pennsylvania","Cumberland","Pennsylvania","420","Cumberland","0410",54479,1910,,,,,,,19403,35.6156,1425.26,"wave_coverage_differs;period_boundary_vintage_differs"
"G4700350",1906,1930,"Cumberland, Tennessee","Cumberland","Tennessee","470","Cumberland","0350",9327,1910,,,,,,,1723,18.4732,1773.68,"wave_coverage_differs;period_boundary_vintage_differs"
"G5100490",1906,1930,"Cumberland, Virginia","Cumberland","Virginia","510","Cumberland","0490",9195,1910,,,,,,,2770,30.1251,776.37,"wave_coverage_differs;period_boundary_vintage_differs"
"G3100390",1906,1930,"Cuming, Nebraska","Cuming","Nebraska","310","Cuming","0390",13782,1910,,,,,,,4855,35.2271,1488.34,"wave_coverage_differs;period_boundary_vintage_differs"
"G3700530",1906,1930,"Currituck, North Carolina","Currituck","North Carolina","370","Currituck","0530",7693,1910,,,,,,,3286,42.7142,683.3,"wave_coverage_differs;period_boundary_vintage_differs"
"G4100150",1906,1930,"Curry, Oregon","Curry","Oregon","410","Curry","0150",2044,1910,,,,,,,143,6.9961,4230.16,"wave_coverage_differs;period_boundary_vintage_differs"
"G0800270",1906,1930,"Custer, Colorado","Custer","Colorado","080","Custer","0270",1947,1910,,,,,,,588,30.2003,1916.39,"wave_coverage_differs;period_boundary_vintage_differs"
"G1600370",1906,1930,"Custer, Idaho","Custer","Idaho","160","Custer","0370",3001,1910,,,,,,,103,3.4322,12787.63,"wave_coverage_differs;period_boundary_vintage_differs"
"G3000170",1906,1930,"Custer, Montana","Custer","Montana","300","Custer","0170",14123,1910,,,,,,,1005,7.1161,9824.21,"wave_coverage_differs;period_boundary_vintage_differs"
"G3100410",1906,1930,"Custer, Nebraska","Custer","Nebraska","310","Custer","0410",25668,1910,,,,,,,5298,20.6405,6671.7,"wave_coverage_differs;period_boundary_vintage_differs"
"G4000390",1906,1930,"Custer, Oklahoma","Custer","Oklahoma","400","Custer","0390",23231,1910,,,,,,,3446,14.8336,2595.36,"wave_coverage_differs;period_boundary_vintage_differs"
"G4600330",1906,1930,"Custer, South Dakota","Custer","South Dakota","460","Custer","0330",4458,1910,,,,,,,402,9.0175,4038.08,"wave_coverage_differs;period_boundary_vintage_differs"
"G3900350",1906,1930,"Cuyahoga, Ohio","Cuyahoga","Ohio","390","Cuyahoga","0350",637425,1910,,,,,,,161101,25.2737,1189.72,"wave_coverage_differs;period_boundary_vintage_differs"
"G1200250",1906,1930,"Dade, Florida","Dade","Florida","120","Dade","0250",11933,1910,,,,,,,3685,30.8808,5123.4,"wave_coverage_differs;period_boundary_vintage_differs"
"G1300830",1906,1930,"Dade, Georgia","Dade","Georgia","130","Dade","0830",4139,1910,,,,,,,1066,25.755,451.07,"wave_coverage_differs;period_boundary_vintage_differs"
"G2900570",1906,1930,"Dade, Missouri","Dade","Missouri","290","Dade","0570",15613,1910,,,,,,,4425,28.3418,1311.19,"wave_coverage_differs;period_boundary_vintage_differs"
"G2700370",1906,1930,"Dakota, Minnesota","Dakota","Minnesota","270","Dakota","0370",25171,1910,,,,,,,12115,48.1308,1520.06,"wave_coverage_differs;period_boundary_vintage_differs"
"G3100430",1906,1930,"Dakota, Nebraska","Dakota","Nebraska","310","Dakota","0430",6564,1910,,,,,,,2042,31.1091,692.62,"wave_coverage_differs;period_boundary_vintage_differs"
"G0100450",1906,1930,"Dale, Alabama","Dale","Alabama","010","Dale","0450",21608,1910,,,,,,,10936,50.6109,1457.37,"wave_coverage_differs;period_boundary_vintage_differs"
"G4801110",1906,1930,"Dallam, Texas","Dallam","Texas","480","Dallam","1110",4001,1910,,,,,,,777,19.4201,3898.6,"wave_coverage_differs;period_boundary_vintage_differs"
"G0100470",1906,1930,"Dallas, Alabama","Dallas","Alabama","010","Dallas","0470",53401,1910,,,,,,,31471,58.9334,2573.95,"wave_coverage_differs;period_boundary_vintage_differs"
"G0500390",1906,1930,"Dallas, Arkansas","Dallas","Arkansas","050","Dallas","0390",12621,1910,,,,,,,4649,36.8354,1730.4,"wave_coverage_differs;period_boundary_vintage_differs"
"G1900490",1906,1930,"Dallas, Iowa","Dallas","Iowa","190","Dallas","0490",23628,1910,,,,,,,8359,35.3775,1532.49,"wave_coverage_differs;period_boundary_vintage_differs"
"G2900590",1906,1930,"Dallas, Missouri","Dallas","Missouri","290","Dallas","0590",13181,1910,,,,,,,4881,37.0306,1405.97,"wave_coverage_differs;period_boundary_vintage_differs"
"G4801130",1906,1930,"Dallas, Texas","Dallas","Texas","480","Dallas","1130",135748,1910,,,,,,,43082,31.7367,2353.31,"wave_coverage_differs;period_boundary_vintage_differs"
"G5500250",1906,1930,"Dane, Wisconsin","Dane","Wisconsin","550","Dane","0250",77435,1910,,,,,,,32073,41.4193,3207.04,"wave_coverage_differs;period_boundary_vintage_differs"
"G5105900",1906,1930,"Danville City, Virginia","Danville City","Virginia","510","Danville City","5900",19020,1910,,,,,,,8616,45.2997,10.98,"wave_coverage_differs;period_boundary_vintage_differs"
"G3700550",1906,1930,"Dare, North Carolina","Dare","North Carolina","370","Dare","0550",4841,1910,,,,,,,2079,42.9457,1003.43,"wave_coverage_differs;period_boundary_vintage_differs"
"G3900370",1906,1930,"Darke, Ohio","Darke","Ohio","390","Darke","0370",42933,1910,,,,,,,13882,32.3341,1553.34,"wave_coverage_differs;period_boundary_vintage_differs"
"G4500310",1906,1930,"Darlington, South Carolina","Darlington","South Carolina","450","Darlington","0310",36027,1910,,,,,,,15970,44.3279,1468,"wave_coverage_differs;period_boundary_vintage_differs"
"G4200430",1906,1930,"Dauphin, Pennsylvania","Dauphin","Pennsylvania","420","Dauphin","0430",136152,1910,,,,,,,49655,36.4703,1445.43,"wave_coverage_differs;period_boundary_vintage_differs"
"G3700570",1906,1930,"Davidson, North Carolina","Davidson","North Carolina","370","Davidson","0570",29404,1910,,,,,,,11033,37.5221,1468.57,"wave_coverage_differs;period_boundary_vintage_differs"
"G4700370",1906,1930,"Davidson, Tennessee","Davidson","Tennessee","470","Davidson","0370",149478,1910,,,,,,,53147,35.5551,1361.87,"wave_coverage_differs;period_boundary_vintage_differs"
"G3700590",1906,1930,"Davie, North Carolina","Davie","North Carolina","370","Davie","0590",13394,1910,,,,,,,5932,44.2885,691.62,"wave_coverage_differs;period_boundary_vintage_differs"
"G1800270",1906,1930,"Daviess, Indiana","Daviess","Indiana","180","Daviess","0270",27747,1910,,,,,,,13228,47.6736,1131.47,"wave_coverage_differs;period_boundary_vintage_differs"
"G2100590",1906,1930,"Daviess, Kentucky","Daviess","Kentucky","210","Daviess","0590",41020,1910,,,,,,,15401,37.5451,1233.34,"wave_coverage_differs;period_boundary_vintage_differs"
"G2900610",1906,1930,"Daviess, Missouri","Daviess","Missouri","290","Daviess","0610",17605,1910,,,,,,,6785,38.5402,1473.83,"wave_coverage_differs;period_boundary_vintage_differs"
"G1900510",1906,1930,"Davis, Iowa","Davis","Iowa","190","Davis","0510",13315,1910,,,,,,,4331,32.5272,1307.56,"wave_coverage_differs;period_boundary_vintage_differs"
"G4900110",1906,1930,"Davis, Utah","Davis","Utah","490","Davis","0110",10191,1910,,,,,,,5602,54.9701,1641.87,"wave_coverage_differs;period_boundary_vintage_differs"
"G4600350",1906,1930,"Davison, South Dakota","Davison","South Dakota","460","Davison","0350",11625,1910,,,,,,,4582,39.4151,1131.61,"wave_coverage_differs;period_boundary_vintage_differs"
"G3100450",1906,1930,"Dawes, Nebraska","Dawes","Nebraska","310","Dawes","0450",8254,1910,,,,,,,1556,18.8515,3628.75,"wave_coverage_differs;period_boundary_vintage_differs"
"G1300850",1906,1930,"Dawson, Georgia","Dawson","Georgia","130","Dawson","0850",4686,1910,,,,,,,1850,39.4793,555.35,"wave_coverage_differs;period_boundary_vintage_differs"
"G3000210",1906,1930,"Dawson, Montana","Dawson","Montana","300","Dawson","0210",12725,1910,,,,,,,629,4.943,6172.37,"wave_coverage_differs;period_boundary_vintage_differs"
"G3100470",1906,1930,"Dawson, Nebraska","Dawson","Nebraska","310","Dawson","0470",15961,1910,,,,,,,4444,27.8429,2640.31,"wave_coverage_differs;period_boundary_vintage_differs"
"G4801150",1906,1930,"Dawson, Texas","Dawson","Texas","480","Dawson","1150",2320,1910,,,,,,,179,7.7155,2336.51,"wave_coverage_differs;period_boundary_vintage_differs"
"G4600370",1906,1930,"Day, South Dakota","Day","South Dakota","460","Day","0370",14372,1910,,,,,,,5681,39.5282,2825.91,"wave_coverage_differs;period_boundary_vintage_differs"
"G1700370",1906,1930,"De Kalb, Illinois","De Kalb","Illinois","170","DeKalb","0370",33457,1910,,,,,,,10409,31.1116,1643.71,"wave_coverage_differs;period_boundary_vintage_differs"
"G1800330",1906,1930,"De Kalb, Indiana","De Kalb","Indiana","180","DeKalb","0330",25054,1910,,,,,,,8193,32.7014,942.39,"wave_coverage_differs;period_boundary_vintage_differs"
"G2900630",1906,1930,"De Kalb, Missouri","De Kalb","Missouri","290","DeKalb","0630",12531,1910,,,,,,,4658,37.1718,1102.86,"wave_coverage_differs;period_boundary_vintage_differs"
"G4700410",1906,1930,"De Kalb, Tennessee","De Kalb","Tennessee","470","DeKalb","0410",15434,1910,,,,,,,4347,28.1651,852.07,"wave_coverage_differs;period_boundary_vintage_differs"
"G1200270",1906,1930,"De Soto, Florida","De Soto","Florida","120","DeSoto","0270",14200,1910,,,,,,,3810,26.831,1656.11,"wave_coverage_differs;period_boundary_vintage_differs"
"G2200310",1906,1930,"De Soto, Louisiana","De Soto","Louisiana","220","De Soto","0310",27689,1910,,,,,,,9842,35.5448,2316.98,"wave_coverage_differs;period_boundary_vintage_differs"
"G2800330",1906,1930,"De Soto, Mississippi","De Soto","Mississippi","280","DeSoto","0330",23130,1910,,,,,,,8441,36.4937,1287.26,"wave_coverage_differs;period_boundary_vintage_differs"
"G1700390",1906,1930,"De Witt, Illinois","De Witt","Illinois","170","De Witt","0390",18906,1910,,,,,,,5543,29.3187,1049.17,"wave_coverage_differs;period_boundary_vintage_differs"
"G4801230",1906,1930,"De Witt, Texas","De Witt","Texas","480","DeWitt","1230",23501,1910,,,,,,,5493,23.3735,2358.16,"wave_coverage_differs;period_boundary_vintage_differs"
"G4801170",1906,1930,"Deaf Smith, Texas","Deaf Smith","Texas","480","Deaf Smith","1170",3942,1910,,,,,,,651,16.5145,3880.78,"wave_coverage_differs;period_boundary_vintage_differs"
"G1800290",1906,1930,"Dearborn, Indiana","Dearborn","Indiana","180","Dearborn","0290",21396,1910,,,,,,,10823,50.5842,795.58,"wave_coverage_differs;period_boundary_vintage_differs"
"G1300870",1906,1930,"Decatur, Georgia","Decatur","Georgia","130","Decatur","0870",29045,1910,,,,,,,10575,36.409,1614,"wave_coverage_differs;period_boundary_vintage_differs"
"G1800310",1906,1930,"Decatur, Indiana","Decatur","Indiana","180","Decatur","0310",18793,1910,,,,,,,8282,44.0696,966.9,"wave_coverage_differs;period_boundary_vintage_differs"
"G1900530",1906,1930,"Decatur, Iowa","Decatur","Iowa","190","Decatur","0530",16347,1910,,,,,,,5895,36.0617,1381.71,"wave_coverage_differs;period_boundary_vintage_differs"
"G2000390",1906,1930,"Decatur, Kansas","Decatur","Kansas","200","Decatur","0390",8976,1910,,,,,,,1860,20.7219,2315.87,"wave_coverage_differs;period_boundary_vintage_differs"
"G4700390",1906,1930,"Decatur, Tennessee","Decatur","Tennessee","470","Decatur","0390",10093,1910,,,,,,,2641,26.1667,893.24,"wave_coverage_differs;period_boundary_vintage_differs"
"G3000230",1906,1930,"Deer Lodge, Montana","Deer Lodge","Montana","300","Deer Lodge","0230",12988,1910,,,,,,,9572,73.6988,1919.71,"wave_coverage_differs;period_boundary_vintage_differs"
"G3900390",1906,1930,"Defiance, Ohio","Defiance","Ohio","390","Defiance","0390",24498,1910,,,,,,,9038,36.8928,1072.74,"wave_coverage_differs;period_boundary_vintage_differs"
"G0100490",1906,1930,"Dekalb, Alabama","Dekalb","Alabama","010","DeKalb","0490",28261,1910,,,,,,,7828,27.6989,2016.78,"wave_coverage_differs;period_boundary_vintage_differs"
"G1300890",1906,1930,"DeKalb, Georgia","De Kalb","Georgia","130","DeKalb","0890",27881,1910,,,,,,,9825,35.2391,702.25,"wave_coverage_differs;period_boundary_vintage_differs"
"G0600150",1906,1930,"Del Norte, California","Del Norte","California","060","Del Norte","0150",2417,1910,,,,,,,954,39.4704,2627.1,"wave_coverage_differs;period_boundary_vintage_differs"
"G1800350",1906,1930,"Delaware, Indiana","Delaware","Indiana","180","Delaware","0350",51414,1910,,,,,,,13706,26.6581,1025.4,"wave_coverage_differs;period_boundary_vintage_differs"
"G1900550",1906,1930,"Delaware, Iowa","Delaware","Iowa","190","Delaware","0550",17888,1910,,,,,,,6112,34.1682,1499.46,"wave_coverage_differs;period_boundary_vintage_differs"
"G3600250",1906,1930,"Delaware, New York","Delaware","New York","360","Delaware","0250",45575,1910,,,,,,,15186,33.3209,3802.15,"wave_coverage_differs;period_boundary_vintage_differs"
"G3900410",1906,1930,"Delaware, Ohio","Delaware","Ohio","390","Delaware","0410",27182,1910,,,,,,,9559,35.1667,1184.48,"wave_coverage_differs;period_boundary_vintage_differs"
"G4000410",1906,1930,"Delaware, Oklahoma","Delaware","Oklahoma","400","Delaware","0410",11469,1910,,,,,,,950,8.2832,2052.08,"wave_coverage_differs;period_boundary_vintage_differs"
"G4200450",1906,1930,"Delaware, Pennsylvania","Delaware","Pennsylvania","420","Delaware","0450",117906,1910,,,,,,,37537,31.8364,493.96,"wave_coverage_differs;period_boundary_vintage_differs"
"G0800290",1906,1930,"Delta, Colorado","Delta","Colorado","080","Delta","0290",13688,1910,,,,,,,1916,13.9977,2974.89,"wave_coverage_differs;period_boundary_vintage_differs"
"G2600410",1906,1930,"Delta, Michigan","Delta","Michigan","260","Delta","0410",30108,1910,,,,,,,13543,44.9814,3056.37,"wave_coverage_differs;period_boundary_vintage_differs"
"G4801190",1906,1930,"Delta, Texas","Delta","Texas","480","Delta","1190",14566,1910,,,,,,,3653,25.079,719.89,"wave_coverage_differs;period_boundary_vintage_differs"
"G2900650",1906,1930,"Dent, Missouri","Dent","Missouri","290","Dent","0650",13245,1910,,,,,,,2327,17.5689,1953.88,"wave_coverage_differs;period_boundary_vintage_differs"
"G4801210",1906,1930,"Denton, Texas","Denton","Texas","480","Denton","1210",31258,1910,,,,,,,11447,36.621,2480.28,"wave_coverage_differs;period_boundary_vintage_differs"
"G0800310",1906,1930,"Denver, Colorado","Denver","Colorado","080","Denver","0310",213381,1910,,,,,,,58699,27.509,151.86,"wave_coverage_differs;period_boundary_vintage_differs"
"G1900570",1906,1930,"Des Moines, Iowa","Des Moines","Iowa","190","Des Moines","0570",36145,1910,,,,,,,15820,43.7682,1113.05,"wave_coverage_differs;period_boundary_vintage_differs"
"G0500410",1906,1930,"Desha, Arkansas","Desha","Arkansas","050","Desha","0410",15274,1910,,,,,,,2932,19.196,2122.58,"wave_coverage_differs;period_boundary_vintage_differs"
"G3100490",1906,1930,"Deuel, Nebraska","Deuel","Nebraska","310","Deuel","0490",1786,1910,,,,,,,379,21.2206,1141.44,"wave_coverage_differs;period_boundary_vintage_differs"
"G4600390",1906,1930,"Deuel, South Dakota","Deuel","South Dakota","460","Deuel","0390",7768,1910,,,,,,,2418,31.1277,1648.96,"wave_coverage_differs;period_boundary_vintage_differs"
"G4000430",1906,1930,"Dewey, Oklahoma","Dewey","Oklahoma","400","Dewey","0430",14132,1910,,,,,,,1476,10.4444,2611.31,"wave_coverage_differs;period_boundary_vintage_differs"
"G4600410",1906,1930,"Dewey, South Dakota","Dewey","South Dakota","460","Dewey","0410",1145,1910,,,,,,,868,75.8079,4940.01,"wave_coverage_differs;period_boundary_vintage_differs"
"G4801250",1906,1930,"Dickens, Texas","Dickens","Texas","480","Dickens","1250",3092,1910,,,,,,,207,6.6947,2344.51,"wave_coverage_differs;period_boundary_vintage_differs"
"G5100510",1906,1930,"Dickenson, Virginia","Dickenson","Virginia","510","Dickenson","0510",9199,1910,,,,,,,782,8.5009,864.23,"wave_coverage_differs;period_boundary_vintage_differs"
"G3800210",1906,1930,"Dickey, North Dakota","Dickey","North Dakota","380","Dickey","0210",9839,1910,,,,,,,1684,17.1156,2958.15,"wave_coverage_differs;period_boundary_vintage_differs"
"G1900590",1906,1930,"Dickinson, Iowa","Dickinson","Iowa","190","Dickinson","0590",8137,1910,,,,,,,1665,20.4621,1046.24,"wave_coverage_differs;period_boundary_vintage_differs"
"G2000410",1906,1930,"Dickinson, Kansas","Dickinson","Kansas","200","Dickinson","0410",24361,1910,,,,,,,7649,31.3985,2206.52,"wave_coverage_differs;period_boundary_vintage_differs"
"G2600430",1906,1930,"Dickinson, Michigan","Dickinson","Michigan","260","Dickinson","0430",20524,1910,,,,,,,12338,60.115,2011.34,"wave_coverage_differs;period_boundary_vintage_differs"
"G4700430",1906,1930,"Dickson, Tennessee","Dickson","Tennessee","470","Dickson","0430",19955,1910,,,,,,,5200,26.0586,1272.3,"wave_coverage_differs;period_boundary_vintage_differs"
"G4801270",1906,1930,"Dimmit, Texas","Dimmit","Texas","480","Dimmit","1270",3460,1910,,,,,,,238,6.8786,3456.26,"wave_coverage_differs;period_boundary_vintage_differs"
"G5100530",1906,1930,"Dinwiddie, Virginia","Dinwiddie","Virginia","510","Dinwiddie","0530",15442,1910,,,,,,,5311,34.3932,1329.36,"wave_coverage_differs;period_boundary_vintage_differs"
"G3100510",1906,1930,"Dixon, Nebraska","Dixon","Nebraska","310","Dixon","0510",11477,1910,,,,,,,4278,37.2745,1250.71,"wave_coverage_differs;period_boundary_vintage_differs"
"G5400170",1906,1930,"Doddridge, West Virginia","Doddridge","West Virginia","540","Doddridge","0170",12672,1910,,,,,,,3918,30.9186,830.04,"wave_coverage_differs;period_boundary_vintage_differs"
"G1300910",1906,1930,"Dodge, Georgia","Dodge","Georgia","130","Dodge","0910",20127,1910,,,,,,,6813,33.8501,1303.07,"wave_coverage_differs;period_boundary_vintage_differs"
"G2700390",1906,1930,"Dodge, Minnesota","Dodge","Minnesota","270","Dodge","0390",12094,1910,,,,,,,4202,34.7445,1138.53,"wave_coverage_differs;period_boundary_vintage_differs"
"G3100530",1906,1930,"Dodge, Nebraska","Dodge","Nebraska","310","Dodge","0530",22145,1910,,,,,,,7635,34.4773,1408.52,"wave_coverage_differs;period_boundary_vintage_differs"
"G5500270",1906,1930,"Dodge, Wisconsin","Dodge","Wisconsin","550","Dodge","0270",47436,1910,,,,,,,23163,48.83,2349.25,"wave_coverage_differs;period_boundary_vintage_differs"
"G0800330",1906,1930,"Dolores, Colorado","Dolores","Colorado","080","Dolores","0330",642,1910,,,,,,,83,12.9283,2679.66,"wave_coverage_differs;period_boundary_vintage_differs"
"G2000430",1906,1930,"Doniphan, Kansas","Doniphan","Kansas","200","Doniphan","0430",14422,1910,,,,,,,3895,27.0073,1047.61,"wave_coverage_differs;period_boundary_vintage_differs"
"G4801290",1906,1930,"Donley, Texas","Donley","Texas","480","Donley","1290",5284,1910,,,,,,,1436,27.1764,2416.58,"wave_coverage_differs;period_boundary_vintage_differs"
"G1300930",1906,1930,"Dooly, Georgia","Dooly","Georgia","130","Dooly","0930",20554,1910,,,,,,,7303,35.5308,1030.02,"wave_coverage_differs;period_boundary_vintage_differs"
"G5500290",1906,1930,"Door, Wisconsin","Door","Wisconsin","550","Door","0290",18711,1910,,,,,,,8306,44.391,1263.3,"wave_coverage_differs;period_boundary_vintage_differs"
"G2400190",1906,1930,"Dorchester, Maryland","Dorchester","Maryland","240","Dorchester","0190",28669,1910,,,,,,,9231,32.1985,1488.73,"wave_coverage_differs;period_boundary_vintage_differs"
"G4500350",1906,1930,"Dorchester, South Carolina","Dorchester","South Carolina","450","Dorchester","0350",17891,1910,,,,,,,8714,48.7061,1489.77,"wave_coverage_differs;period_boundary_vintage_differs"
"G1300950",1906,1930,"Dougherty, Georgia","Dougherty","Georgia","130","Dougherty","0950",16035,1910,,,,,,,6401,39.9189,866.65,"wave_coverage_differs;period_boundary_vintage_differs"
"G0800350",1906,1930,"Douglas, Colorado","Douglas","Colorado","080","Douglas","0350",3192,1910,,,,,,,187,5.8584,2183.05,"wave_coverage_differs;period_boundary_vintage_differs"
"G1300970",1906,1930,"Douglas, Georgia","Douglas","Georgia","130","Douglas","0970",8953,1910,,,,,,,3451,38.5457,520.63,"wave_coverage_differs;period_boundary_vintage_differs"
"G1700410",1906,1930,"Douglas, Illinois","Douglas","Illinois","170","Douglas","0410",19591,1910,,,,,,,7406,37.8031,1080.63,"wave_coverage_differs;period_boundary_vintage_differs"
"G2000450",1906,1930,"Douglas, Kansas","Douglas","Kansas","200","Douglas","0450",24724,1910,,,,,,,9878,39.9531,1229.28,"wave_coverage_differs;period_boundary_vintage_differs"
"G2700410",1906,1930,"Douglas, Minnesota","Douglas","Minnesota","270","Douglas","0410",17669,1910,,,,,,,6660,37.6931,1864.7,"wave_coverage_differs;period_boundary_vintage_differs"
"G2900670",1906,1930,"Douglas, Missouri","Douglas","Missouri","290","Douglas","0670",16664,1910,,,,,,,2872,17.2348,2109.77,"wave_coverage_differs;period_boundary_vintage_differs"
"G3100550",1906,1930,"Douglas, Nebraska","Douglas","Nebraska","310","Douglas","0550",168546,1910,,,,,,,44740,26.5447,878.91,"wave_coverage_differs;period_boundary_vintage_differs"
"G3200050",1906,1930,"Douglas, Nevada","Douglas","Nevada","320","Douglas","0050",1895,1910,,,,,,,148,7.81,1910.45,"wave_coverage_differs;period_boundary_vintage_differs"
"G4100190",1906,1930,"Douglas, Oregon","Douglas","Oregon","410","Douglas","0190",19674,1910,,,,,,,2329,11.838,13116.37,"wave_coverage_differs;period_boundary_vintage_differs"
"G4600430",1906,1930,"Douglas, South Dakota","Douglas","South Dakota","460","Douglas","0430",6400,1910,,,,,,,2121,33.1406,1123.19,"wave_coverage_differs;period_boundary_vintage_differs"
"G5300170",1906,1930,"Douglas, Washington","Douglas","Washington","530","Douglas","0170",9227,1910,,,,,,,1549,16.7877,4788,"wave_coverage_differs;period_boundary_vintage_differs"
"G5500310",1906,1930,"Douglas, Wisconsin","Douglas","Wisconsin","550","Douglas","0310",47422,1910,,,,,,,16526,34.8488,3453.52,"wave_coverage_differs;period_boundary_vintage_differs"
"G0500430",1906,1930,"Drew, Arkansas","Drew","Arkansas","050","Drew","0430",21960,1910,,,,,,,7140,32.5137,2164.38,"wave_coverage_differs;period_boundary_vintage_differs"
"G1700430",1906,1930,"Du Page, Illinois","Du Page","Illinois","170","Dupage","0430",33432,1910,,,,,,,14426,43.1503,871.5,"wave_coverage_differs;period_boundary_vintage_differs"
"G1800370",1906,1930,"Dubois, Indiana","Dubois","Indiana","180","Dubois","0370",19843,1910,,,,,,,14075,70.9318,1127.39,"wave_coverage_differs;period_boundary_vintage_differs"
"G1900610",1906,1930,"Dubuque, Iowa","Dubuque","Iowa","190","Dubuque","0610",57450,1910,,,,,,,35884,62.4613,1597.07,"wave_coverage_differs;period_boundary_vintage_differs"
"G2500070",1906,1930,"Dukes, Massachusetts","Dukes","Massachusetts","250","Dukes","0070",4504,1910,,,,,,,1684,37.389,286.75,"wave_coverage_differs;period_boundary_vintage_differs"
"G3100570",1906,1930,"Dundy, Nebraska","Dundy","Nebraska","310","Dundy","0570",4098,1910,,,,,,,497,12.1279,2385,"wave_coverage_differs;period_boundary_vintage_differs"
"G2900690",1906,1930,"Dunklin, Missouri","Dunklin","Missouri","290","Dunklin","0690",30328,1910,,,,,,,7402,24.4065,1417.24,"wave_coverage_differs;period_boundary_vintage_differs"
"G3800250",1906,1930,"Dunn, North Dakota","Dunn","North Dakota","380","Dunn","0250",5302,1910,,,,,,,686,12.9385,5392.42,"wave_coverage_differs;period_boundary_vintage_differs"
"G5500330",1906,1930,"Dunn, Wisconsin","Dunn","Wisconsin","550","Dunn","0330",25260,1910,,,,,,,8586,33.9905,2237.41,"wave_coverage_differs;period_boundary_vintage_differs"
"G3700610",1906,1930,"Duplin, North Carolina","Duplin","North Carolina","370","Duplin","0610",25442,1910,,,,,,,9827,38.6251,2125.4,"wave_coverage_differs;period_boundary_vintage_differs"
"G3700630",1906,1930,"Durham, North Carolina","Durham","North Carolina","370","Durham","0630",35276,1910,,,,,,,11482,32.549,771.48,"wave_coverage_differs;period_boundary_vintage_differs"
"G3600270",1906,1930,"Dutchess, New York","Dutchess","New York","360","Dutchess","0270",87661,1910,,,,,,,36875,42.0655,2137.64,"wave_coverage_differs;period_boundary_vintage_differs"
"G1200310",1906,1930,"Duval, Florida","Duval","Florida","120","Duval","0310",75163,1910,,,,,,,22058,29.3469,2186.93,"wave_coverage_differs;period_boundary_vintage_differs"
"G4801310",1906,1930,"Duval, Texas","Duval","Texas","480","Duval","1310",8964,1910,,,,,,,12870,143.5743,4651.6,"wave_coverage_differs;period_boundary_vintage_differs"
"G4700450",1906,1930,"Dyer, Tennessee","Dyer","Tennessee","470","Dyer","0450",27721,1910,,,,,,,8724,31.4707,1363.7,"wave_coverage_differs;period_boundary_vintage_differs"
"G0800370",1906,1930,"Eagle, Colorado","Eagle","Colorado","080","Eagle","0370",2985,1910,,,,,,,222,7.4372,4381.71,"wave_coverage_differs;period_boundary_vintage_differs"
"G1300990",1906,1930,"Early, Georgia","Early","Georgia","130","Early","0990",18122,1910,,,,,,,6372,35.1617,1334.94,"wave_coverage_differs;period_boundary_vintage_differs"
"G2200330",1906,1930,"East Baton Rouge, Louisiana","East Baton Rouge","Louisiana","220","East Baton Rouge","0330",34580,1910,,,,,,,12940,37.4205,1217.92,"wave_coverage_differs;period_boundary_vintage_differs"
"G2200350",1906,1930,"East Carroll, Louisiana","East Carroll","Louisiana","220","East Carroll","0350",11637,1910,,,,,,,4484,38.5323,1145.89,"wave_coverage_differs;period_boundary_vintage_differs"
"G2200370",1906,1930,"East Feliciana, Louisiana","East Feliciana","Louisiana","220","East Feliciana","0370",20055,1910,,,,,,,6581,32.8148,1180.45,"wave_coverage_differs;period_boundary_vintage_differs"
"G4801330",1906,1930,"Eastland, Texas","Eastland","Texas","480","Eastland","1330",23421,1910,,,,,,,7131,30.447,2413.61,"wave_coverage_differs;period_boundary_vintage_differs"
"G2600450",1906,1930,"Eaton, Michigan","Eaton","Michigan","260","Eaton","0450",30499,1910,,,,,,,5342,17.5153,1500.72,"wave_coverage_differs;period_boundary_vintage_differs"
"G5500350",1906,1930,"Eau Claire, Wisconsin","Eau Claire","Wisconsin","550","Eau Claire","0350",32721,1910,,,,,,,13042,39.8582,1671.17,"wave_coverage_differs;period_boundary_vintage_differs"
"G1301010",1906,1930,"Echols, Georgia","Echols","Georgia","130","Echols","1010",3309,1910,,,,,,,975,29.4651,1089.83,"wave_coverage_differs;period_boundary_vintage_differs"
"G4801350",1906,1930,"Ector, Texas","Ector","Texas","480","Ector","1350",1178,1910,,,,,,,124,10.5263,2335.59,"wave_coverage_differs;period_boundary_vintage_differs"
"G3800270",1906,1930,"Eddy, North Dakota","Eddy","North Dakota","380","Eddy","0270",4800,1910,,,,,,,1090,22.7083,1668.26,"wave_coverage_differs;period_boundary_vintage_differs"
"G1700450",1906,1930,"Edgar, Illinois","Edgar","Illinois","170","Edgar","0450",27336,1910,,,,,,,10794,39.4864,1616.14,"wave_coverage_differs;period_boundary_vintage_differs"
"G3700650",1906,1930,"Edgecombe, North Carolina","Edgecombe","North Carolina","370","Edgecombe","0650",32010,1910,,,,,,,4697,14.6735,1312.22,"wave_coverage_differs;period_boundary_vintage_differs"
"G4500370",1906,1930,"Edgefield, South Carolina","Edgefield","South Carolina","450","Edgefield","0370",28281,1910,,,,,,,16783,59.3437,1312.28,"wave_coverage_differs;period_boundary_vintage_differs"
"G2100610",1906,1930,"Edmonson, Kentucky","Edmonson","Kentucky","210","Edmonson","0610",10469,1910,,,,,,,3165,30.2321,797.2,"wave_coverage_differs;period_boundary_vintage_differs"
"G4600450",1906,1930,"Edmunds, South Dakota","Edmunds","South Dakota","460","Edmunds","0450",7654,1910,,,,,,,2285,29.8537,2981.26,"wave_coverage_differs;period_boundary_vintage_differs"
"G1700470",1906,1930,"Edwards, Illinois","Edwards","Illinois","170","Edwards","0470",10049,1910,,,,,,,4147,41.2678,576.77,"wave_coverage_differs;period_boundary_vintage_differs"
"G2000470",1906,1930,"Edwards, Kansas","Edwards","Kansas","200","Edwards","0470",7033,1910,,,,,,,1298,18.4559,1610.91,"wave_coverage_differs;period_boundary_vintage_differs"
"G4801370",1906,1930,"Edwards, Texas","Edwards","Texas","480","Edwards","1370",3768,1910,,,,,,,517,13.7208,5490.46,"wave_coverage_differs;period_boundary_vintage_differs"
"G1301030",1906,1930,"Effingham, Georgia","Effingham","Georgia","130","Effingham","1030",9971,1910,,,,,,,4540,45.532,1250.77,"wave_coverage_differs;period_boundary_vintage_differs"
"G1700490",1906,1930,"Effingham, Illinois","Effingham","Illinois","170","Effingham","0490",20055,1910,,,,,,,10305,51.3837,1243.24,"wave_coverage_differs;period_boundary_vintage_differs"
"G0600170",1906,1930,"El Dorado, California","El Dorado","California","060","El Dorado","0170",7492,1910,,,,,,,458,6.1132,4627.72,"wave_coverage_differs;period_boundary_vintage_differs"
"G0800410",1906,1930,"El Paso, Colorado","El Paso","Colorado","080","El Paso","0410",43321,1910,,,,,,,14259,32.9148,5515.58,"wave_coverage_differs;period_boundary_vintage_differs"
"G4801410",1906,1930,"El Paso, Texas","El Paso","Texas","480","El Paso","1410",52599,1910,,,,,,,30052,57.1342,2628.67,"wave_coverage_differs;period_boundary_vintage_differs"
"G0800390",1906,1930,"Elbert, Colorado","Elbert","Colorado","080","Elbert","0390",5331,1910,,,,,,,234,4.3894,4794.12,"wave_coverage_differs;period_boundary_vintage_differs"
"G1301050",1906,1930,"Elbert, Georgia","Elbert","Georgia","130","Elbert","1050",24125,1910,,,,,,,8380,34.7358,969.21,"wave_coverage_differs;period_boundary_vintage_differs"
"G5100550",1906,1930,"Elizabeth City, Virginia","Elizabeth City","Virginia","510","Elizabeth City","0550",21225,1910,,,,,,,10447,49.2203,132.28,"wave_coverage_differs;period_boundary_vintage_differs"
"G2000490",1906,1930,"Elk, Kansas","Elk","Kansas","200","Elk","0490",10128,1910,,,,,,,2795,27.5968,1684.69,"wave_coverage_differs;period_boundary_vintage_differs"
"G4200470",1906,1930,"Elk, Pennsylvania","Elk","Pennsylvania","420","Elk","0470",35871,1910,,,,,,,17034,47.4868,2155.32,"wave_coverage_differs;period_boundary_vintage_differs"
"G1800390",1906,1930,"Elkhart, Indiana","Elkhart","Indiana","180","Elkhart","0390",49008,1910,,,,,,,16355,33.3721,1211.68,"wave_coverage_differs;period_boundary_vintage_differs"
"G3200070",1906,1930,"Elko, Nevada","Elko","Nevada","320","Elko","0070",8133,1910,,,,,,,263,3.2337,44555.45,"wave_coverage_differs;period_boundary_vintage_differs"
"G2100630",1906,1930,"Elliott, Kentucky","Elliott","Kentucky","210","Elliott","0630",9814,1910,,,,,,,593,6.0424,609.44,"wave_coverage_differs;period_boundary_vintage_differs"
"G2000510",1906,1930,"Ellis, Kansas","Ellis","Kansas","200","Ellis","0510",12170,1910,,,,,,,5864,48.1841,2331.86,"wave_coverage_differs;period_boundary_vintage_differs"
"G4000450",1906,1930,"Ellis, Oklahoma","Ellis","Oklahoma","400","Ellis","0450",15375,1910,,,,,,,1639,10.6602,3190.63,"wave_coverage_differs;period_boundary_vintage_differs"
"G4801390",1906,1930,"Ellis, Texas","Ellis","Texas","480","Ellis","1390",53629,1910,,,,,,,21906,40.8473,2465.05,"wave_coverage_differs;period_boundary_vintage_differs"
"G2000530",1906,1930,"Ellsworth, Kansas","Ellsworth","Kansas","200","Ellsworth","0530",10444,1910,,,,,,,2997,28.6959,1873.29,"wave_coverage_differs;period_boundary_vintage_differs"
"G0100510",1906,1930,"Elmore, Alabama","Elmore","Alabama","010","Elmore","0510",28245,1910,,,,,,,10128,35.8577,1701.76,"wave_coverage_differs;period_boundary_vintage_differs"
"G1600390",1906,1930,"Elmore, Idaho","Elmore","Idaho","160","Elmore","0390",4785,1910,,,,,,,403,8.4222,8030.98,"wave_coverage_differs;period_boundary_vintage_differs"
"G1301070",1906,1930,"Emanuel, Georgia","Emanuel","Georgia","130","Emanuel","1070",25140,1910,,,,,,,8510,33.8504,1787.56,"wave_coverage_differs;period_boundary_vintage_differs"
"G4900150",1906,1930,"Emery, Utah","Emery","Utah","490","Emery","0150",6750,1910,,,,,,,3556,52.6815,11555.4,"wave_coverage_differs;period_boundary_vintage_differs"
"G1900630",1906,1930,"Emmet, Iowa","Emmet","Iowa","190","Emmet","0630",9816,1910,,,,,,,2938,29.9307,1042.53,"wave_coverage_differs;period_boundary_vintage_differs"
"G2600470",1906,1930,"Emmet, Michigan","Emmet","Michigan","260","Emmet","0470",18561,1910,,,,,,,6130,33.0262,1251.15,"wave_coverage_differs;period_boundary_vintage_differs"
"G3800290",1906,1930,"Emmons, North Dakota","Emmons","North Dakota","380","Emmons","0290",9796,1910,,,,,,,3032,30.9514,4027.54,"wave_coverage_differs;period_boundary_vintage_differs"
"G4801430",1906,1930,"Erath, Texas","Erath","Texas","480","Erath","1430",32095,1910,,,,,,,12191,37.9841,2822.59,"wave_coverage_differs;period_boundary_vintage_differs"
"G3600290",1906,1930,"Erie, New York","Erie","New York","360","Erie","0290",528985,1910,,,,,,,232043,43.8657,2710.18,"wave_coverage_differs;period_boundary_vintage_differs"
"G3900430",1906,1930,"Erie, Ohio","Erie","Ohio","390","Erie","0430",38327,1910,,,,,,,15417,40.2249,662.26,"wave_coverage_differs;period_boundary_vintage_differs"
"G4200490",1906,1930,"Erie, Pennsylvania","Erie","Pennsylvania","420","Erie","0490",115517,1910,,,,,,,47392,41.026,2081.01,"wave_coverage_differs;period_boundary_vintage_differs"
"G0100530",1906,1930,"Escambia, Alabama","Escambia","Alabama","010","Escambia","0530",18889,1910,,,,,,,6355,33.6439,2468.6,"wave_coverage_differs;period_boundary_vintage_differs"
"G1200330",1906,1930,"Escambia, Florida","Escambia","Florida","120","Escambia","0330",38029,1910,,,,,,,17806,46.8222,1726.06,"wave_coverage_differs;period_boundary_vintage_differs"
"G3200090",1906,1930,"Esmeralda, Nevada","Esmeralda","Nevada","320","Esmeralda","0090",9369,1910,,,,,,,4063,43.3664,9295.6,"wave_coverage_differs;period_boundary_vintage_differs"
"G2500090",1906,1930,"Essex, Massachusetts","Essex","Massachusetts","250","Essex","0090",436477,1910,,,,,,,182172,41.7369,1337.48,"wave_coverage_differs;period_boundary_vintage_differs"
"G3400130",1906,1930,"Essex, New Jersey","Essex","New Jersey","340","Essex","0130",512886,1910,,,,,,,177497,34.6075,331.62,"wave_coverage_differs;period_boundary_vintage_differs"
"G3600310",1906,1930,"Essex, New York","Essex","New York","360","Essex","0310",33458,1910,,,,,,,12238,36.5772,4963.11,"wave_coverage_differs;period_boundary_vintage_differs"
"G5000090",1906,1930,"Essex, Vermont","Essex","Vermont","500","Essex","0090",7384,1910,,,,,,,2840,38.4615,1749.13,"wave_coverage_differs;period_boundary_vintage_differs"
"G5100570",1906,1930,"Essex, Virginia","Essex","Virginia","510","Essex","0570",9105,1910,,,,,,,6312,69.3245,686.75,"wave_coverage_differs;period_boundary_vintage_differs"
"G2100650",1906,1930,"Estill, Kentucky","Estill","Kentucky","210","Estill","0650",12273,1910,,,,,,,3422,27.8823,662,"wave_coverage_differs;period_boundary_vintage_differs"
"G0100550",1906,1930,"Etowah, Alabama","Etowah","Alabama","010","Etowah","0550",39109,1910,,,,,,,9788,25.0275,1420.95,"wave_coverage_differs;period_boundary_vintage_differs"
"G3200110",1906,1930,"Eureka, Nevada","Eureka","Nevada","320","Eureka","0110",1830,1910,,,,,,,767,41.9126,10826.01,"wave_coverage_differs;period_boundary_vintage_differs"
"G5100590",1906,1930,"Fairfax, Virginia","Fairfax","Virginia","510","Fairfax","0590",20536,1910,,,,,,,5855,28.5109,1070.35,"wave_coverage_differs;period_boundary_vintage_differs"
"G0900010",1906,1930,"Fairfield, Connecticut","Fairfield","Connecticut","090","Fairfield","0010",245322,1910,,,,,,,108963,44.4163,1670.14,"wave_coverage_differs;period_boundary_vintage_differs"
"G3900450",1906,1930,"Fairfield, Ohio","Fairfield","Ohio","390","Fairfield","0450",39201,1910,,,,,,,14567,37.1598,1317.25,"wave_coverage_differs;period_boundary_vintage_differs"
"G4500390",1906,1930,"Fairfield, South Carolina","Fairfield","South Carolina","450","Fairfield","0390",29442,1910,,,,,,,14267,48.458,1838.6,"wave_coverage_differs;period_boundary_vintage_differs"
"G4600470",1906,1930,"Fall River, South Dakota","Fall River","South Dakota","460","Fall River","0470",7763,1910,,,,,,,1262,16.2566,4530.17,"wave_coverage_differs;period_boundary_vintage_differs"
"G4801450",1906,1930,"Falls, Texas","Falls","Texas","480","Falls","1450",35649,1910,,,,,,,9719,27.263,2004.23,"wave_coverage_differs;period_boundary_vintage_differs"
"G1301110",1906,1930,"Fannin, Georgia","Fannin","Georgia","130","Fannin","1110",12574,1910,,,,,,,3065,24.3757,1013.36,"wave_coverage_differs;period_boundary_vintage_differs"
"G4801470",1906,1930,"Fannin, Texas","Fannin","Texas","480","Fannin","1470",44801,1910,,,,,,,15683,35.0059,2328.07,"wave_coverage_differs;period_boundary_vintage_differs"
"G2700430",1906,1930,"Faribault, Minnesota","Faribault","Minnesota","270","Faribault","0430",19949,1910,,,,,,,9357,46.9046,1869.72,"wave_coverage_differs;period_boundary_vintage_differs"
"G4600490",1906,1930,"Faulk, South Dakota","Faulk","South Dakota","460","Faulk","0490",6716,1910,,,,,,,1679,25,2605.24,"wave_coverage_differs;period_boundary_vintage_differs"
"G0500450",1906,1930,"Faulkner, Arkansas","Faulkner","Arkansas","050","Faulkner","0450",23708,1910,,,,,,,6751,28.4756,1719.94,"wave_coverage_differs;period_boundary_vintage_differs"
"G5100610",1906,1930,"Fauquier, Virginia","Fauquier","Virginia","510","Fauquier","0610",22526,1910,,,,,,,8993,39.9228,1686.9,"wave_coverage_differs;period_boundary_vintage_differs"
"G0100570",1906,1930,"Fayette, Alabama","Fayette","Alabama","010","Fayette","0570",16248,1910,,,,,,,4990,30.7115,1630.02,"wave_coverage_differs;period_boundary_vintage_differs"
"G1301130",1906,1930,"Fayette, Georgia","Fayette","Georgia","130","Fayette","1130",10966,1910,,,,,,,4904,44.72,516.24,"wave_coverage_differs;period_boundary_vintage_differs"
"G1700510",1906,1930,"Fayette, Illinois","Fayette","Illinois","170","Fayette","0510",28075,1910,,,,,,,8235,29.3321,1878.61,"wave_coverage_differs;period_boundary_vintage_differs"
"G1800410",1906,1930,"Fayette, Indiana","Fayette","Indiana","180","Fayette","0410",14415,1910,,,,,,,6369,44.1831,557.27,"wave_coverage_differs;period_boundary_vintage_differs"
"G1900650",1906,1930,"Fayette, Iowa","Fayette","Iowa","190","Fayette","0650",27919,1910,,,,,,,8962,32.1,1894.13,"wave_coverage_differs;period_boundary_vintage_differs"
"G2100670",1906,1930,"Fayette, Kentucky","Fayette","Kentucky","210","Fayette","0670",47715,1910,,,,,,,20206,42.3473,739.49,"wave_coverage_differs;period_boundary_vintage_differs"
"G3900470",1906,1930,"Fayette, Ohio","Fayette","Ohio","390","Fayette","0470",21744,1910,,,,,,,7244,33.3149,1054.16,"wave_coverage_differs;period_boundary_vintage_differs"
"G4200510",1906,1930,"Fayette, Pennsylvania","Fayette","Pennsylvania","420","Fayette","0510",167449,1910,,,,,,,47523,28.3806,2067.48,"wave_coverage_differs;period_boundary_vintage_differs"
"G4700470",1906,1930,"Fayette, Tennessee","Fayette","Tennessee","470","Fayette","0470",30257,1910,,,,,,,9392,31.0408,1829.15,"wave_coverage_differs;period_boundary_vintage_differs"
"G4801490",1906,1930,"Fayette, Texas","Fayette","Texas","480","Fayette","1490",29796,1910,,,,,,,18411,61.7902,2485.8,"wave_coverage_differs;period_boundary_vintage_differs"
"G5400190",1906,1930,"Fayette, West Virginia","Fayette","West Virginia","540","Fayette","0190",51903,1910,,,,,,,10390,20.0181,1731.02,"wave_coverage_differs;period_boundary_vintage_differs"
"G4700490",1906,1930,"Fentress, Tennessee","Fentress","Tennessee","470","Fentress","0490",7446,1910,,,,,,,1245,16.7204,1292.29,"wave_coverage_differs;period_boundary_vintage_differs"
"G3000270",1906,1930,"Fergus, Montana","Fergus","Montana","300","Fergus","0270",17385,1910,,,,,,,1631,9.3817,11267.83,"wave_coverage_differs;period_boundary_vintage_differs"
"G5300190",1906,1930,"Ferry, Washington","Ferry","Washington","530","Ferry","0190",4800,1910,,,,,,,575,11.9792,5846.17,"wave_coverage_differs;period_boundary_vintage_differs"
"G2700450",1906,1930,"Fillmore, Minnesota","Fillmore","Minnesota","270","Fillmore","0450",25680,1910,,,,,,,14170,55.1791,2232.8,"wave_coverage_differs;period_boundary_vintage_differs"
"G3100590",1906,1930,"Fillmore, Nebraska","Fillmore","Nebraska","310","Fillmore","0590",14674,1910,,,,,,,4896,33.3651,1493.19,"wave_coverage_differs;period_boundary_vintage_differs"
"G2000550",1906,1930,"Finney, Kansas","Finney","Kansas","200","Finney","0550",6908,1910,,,,,,,1258,18.2108,3373.86,"wave_coverage_differs;period_boundary_vintage_differs"
"G4801510",1906,1930,"Fisher, Texas","Fisher","Texas","480","Fisher","1510",12596,1910,,,,,,,1986,15.7669,2335.52,"wave_coverage_differs;period_boundary_vintage_differs"
"G3000290",1906,1930,"Flathead, Montana","Flathead","Montana","300","Flathead","0290",18785,1910,,,,,,,4113,21.8951,13613.98,"wave_coverage_differs;period_boundary_vintage_differs"
"G2100690",1906,1930,"Fleming, Kentucky","Fleming","Kentucky","210","Fleming","0690",16066,1910,,,,,,,6943,43.2155,910,"wave_coverage_differs;period_boundary_vintage_differs"
"G4500410",1906,1930,"Florence, South Carolina","Florence","South Carolina","450","Florence","0410",35671,1910,,,,,,,13545,37.972,2081.65,"wave_coverage_differs;period_boundary_vintage_differs"
"G5500370",1906,1930,"Florence, Wisconsin","Florence","Wisconsin","550","Florence","0370",3381,1910,,,,,,,617,18.249,1288.69,"wave_coverage_differs;period_boundary_vintage_differs"
"G1301150",1906,1930,"Floyd, Georgia","Floyd","Georgia","130","Floyd","1150",36736,1910,,,,,,,13365,36.3812,1327.63,"wave_coverage_differs;period_boundary_vintage_differs"
"G1800430",1906,1930,"Floyd, Indiana","Floyd","Indiana","180","Floyd","0430",30293,1910,,,,,,,12959,42.7789,384.91,"wave_coverage_differs;period_boundary_vintage_differs"
"G1900670",1906,1930,"Floyd, Iowa","Floyd","Iowa","190","Floyd","0670",17119,1910,,,,,,,4855,28.3603,1298.57,"wave_coverage_differs;period_boundary_vintage_differs"
"G2100710",1906,1930,"Floyd, Kentucky","Floyd","Kentucky","210","Floyd","0710",18623,1910,,,,,,,1301,6.986,1024.18,"wave_coverage_differs;period_boundary_vintage_differs"
"G4801530",1906,1930,"Floyd, Texas","Floyd","Texas","480","Floyd","1530",4638,1910,,,,,,,642,13.8422,2570.62,"wave_coverage_differs;period_boundary_vintage_differs"
"G5100630",1906,1930,"Floyd, Virginia","Floyd","Virginia","510","Floyd","0630",14092,1910,,,,,,,3449,24.4749,987.55,"wave_coverage_differs;period_boundary_vintage_differs"
"G5100650",1906,1930,"Fluvanna, Virginia","Fluvanna","Virginia","510","Fluvanna","0650",8323,1910,,,,,,,4482,53.8508,753.35,"wave_coverage_differs;period_boundary_vintage_differs"
"G4801550",1906,1930,"Foard, Texas","Foard","Texas","480","Foard","1550",5726,1910,,,,,,,799,13.9539,1832.89,"wave_coverage_differs;period_boundary_vintage_differs"
"G5500390",1906,1930,"Fond Du Lac, Wisconsin","Fond Du Lac","Wisconsin","550","Fond du Lac","0390",51610,1910,,,,,,,28821,55.8438,1983.5,"wave_coverage_differs;period_boundary_vintage_differs"
"G1700530",1906,1930,"Ford, Illinois","Ford","Illinois","170","Ford","0530",17096,1910,,,,,,,7448,43.5657,1259.36,"wave_coverage_differs;period_boundary_vintage_differs"
"G2000570",1906,1930,"Ford, Kansas","Ford","Kansas","200","Ford","0570",11393,1910,,,,,,,2251,19.7577,2846.6,"wave_coverage_differs;period_boundary_vintage_differs"
"G4200530",1906,1930,"Forest, Pennsylvania","Forest","Pennsylvania","420","Forest","0530",9435,1910,,,,,,,1845,19.5548,1116.99,"wave_coverage_differs;period_boundary_vintage_differs"
"G5500410",1906,1930,"Forest, Wisconsin","Forest","Wisconsin","550","Forest","0410",6782,1910,,,,,,,1630,24.0342,2709.99,"wave_coverage_differs;period_boundary_vintage_differs"
"G2800350",1906,1930,"Forrest, Mississippi","Forrest","Mississippi","280","Forrest","0350",20722,1910,,,,,,,0,0,1217.9,"wave_coverage_differs;period_boundary_vintage_differs"
"G1301170",1906,1930,"Forsyth, Georgia","Forsyth","Georgia","130","Forsyth","1170",11940,1910,,,,,,,4904,41.072,640.17,"wave_coverage_differs;period_boundary_vintage_differs"
"G3700670",1906,1930,"Forsyth, North Carolina","Forsyth","North Carolina","370","Forsyth","0670",47311,1910,,,,,,,14787,31.2549,1068.94,"wave_coverage_differs;period_boundary_vintage_differs"
"G4801570",1906,1930,"Fort Bend, Texas","Fort Bend","Texas","480","Fort Bend","1570",18168,1910,,,,,,,3748,20.6297,2292.92,"wave_coverage_differs;period_boundary_vintage_differs"
"G3800310",1906,1930,"Foster, North Dakota","Foster","North Dakota","380","Foster","0310",5313,1910,,,,,,,1546,29.0984,1675.26,"wave_coverage_differs;period_boundary_vintage_differs"
"G1800450",1906,1930,"Fountain, Indiana","Fountain","Indiana","180","Fountain","0450",20439,1910,,,,,,,6489,31.7481,1030.53,"wave_coverage_differs;period_boundary_vintage_differs"
"G0100590",1906,1930,"Franklin, Alabama","Franklin","Alabama","010","Franklin","0590",19369,1910,,,,,,,5220,26.9503,1674.88,"wave_coverage_differs;period_boundary_vintage_differs"
"G0500470",1906,1930,"Franklin, Arkansas","Franklin","Arkansas","050","Franklin","0470",20638,1910,,,,,,,5855,28.37,1604.83,"wave_coverage_differs;period_boundary_vintage_differs"
"G1200370",1906,1930,"Franklin, Florida","Franklin","Florida","120","Franklin","0370",5201,1910,,,,,,,2006,38.5695,1401.81,"wave_coverage_differs;period_boundary_vintage_differs"
"G1301190",1906,1930,"Franklin, Georgia","Franklin","Georgia","130","Franklin","1190",17894,1910,,,,,,,6639,37.1018,691.15,"wave_coverage_differs;period_boundary_vintage_differs"
"G1700550",1906,1930,"Franklin, Illinois","Franklin","Illinois","170","Franklin","0550",25943,1910,,,,,,,5457,21.0346,1117.39,"wave_coverage_differs;period_boundary_vintage_differs"
"G1800470",1906,1930,"Franklin, Indiana","Franklin","Indiana","180","Franklin","0470",15335,1910,,,,,,,9053,59.0349,1012.75,"wave_coverage_differs;period_boundary_vintage_differs"
"G1900690",1906,1930,"Franklin, Iowa","Franklin","Iowa","190","Franklin","0690",14780,1910,,,,,,,4491,30.3857,1508.73,"wave_coverage_differs;period_boundary_vintage_differs"
"G2000590",1906,1930,"Franklin, Kansas","Franklin","Kansas","200","Franklin","0590",20884,1910,,,,,,,7127,34.1266,1494.78,"wave_coverage_differs;period_boundary_vintage_differs"
"G2100730",1906,1930,"Franklin, Kentucky","Franklin","Kentucky","210","Franklin","0730",21135,1910,,,,,,,9791,46.326,548.78,"wave_coverage_differs;period_boundary_vintage_differs"
"G2200410",1906,1930,"Franklin, Louisiana","Franklin","Louisiana","220","Franklin","0410",11989,1910,,,,,,,3608,30.0943,1645.8,"wave_coverage_differs;period_boundary_vintage_differs"
"G2300070",1906,1930,"Franklin, Maine","Franklin","Maine","230","Franklin","0070",19119,1910,,,,,,,4412,23.0765,4517.15,"wave_coverage_differs;period_boundary_vintage_differs"
"G2500110",1906,1930,"Franklin, Massachusetts","Franklin","Massachusetts","250","Franklin","0110",43600,1910,,,,,,,15308,35.1101,1805.93,"wave_coverage_differs;period_boundary_vintage_differs"
"G2800370",1906,1930,"Franklin, Mississippi","Franklin","Mississippi","280","Franklin","0370",15193,1910,,,,,,,5878,38.6889,1467.93,"wave_coverage_differs;period_boundary_vintage_differs"
"G2900710",1906,1930,"Franklin, Missouri","Franklin","Missouri","290","Franklin","0710",29830,1910,,,,,,,15341,51.4281,2410.4,"wave_coverage_differs;period_boundary_vintage_differs"
"G3100610",1906,1930,"Franklin, Nebraska","Franklin","Nebraska","310","Franklin","0610",10303,1910,,,,,,,3170,30.7677,1491.84,"wave_coverage_differs;period_boundary_vintage_differs"
"G3600330",1906,1930,"Franklin, New York","Franklin","New York","360","Franklin","0330",45717,1910,,,,,,,21763,47.6037,4392.45,"wave_coverage_differs;period_boundary_vintage_differs"
"G3700690",1906,1930,"Franklin, North Carolina","Franklin","North Carolina","370","Franklin","0690",24692,1910,,,,,,,11142,45.1239,1280.74,"wave_coverage_differs;period_boundary_vintage_differs"
"G3900490",1906,1930,"Franklin, Ohio","Franklin","Ohio","390","Franklin","0490",221567,1910,,,,,,,74503,33.6255,1407.66,"wave_coverage_differs;period_boundary_vintage_differs"
"G4200550",1906,1930,"Franklin, Pennsylvania","Franklin","Pennsylvania","420","Franklin","0550",59775,1910,,,,,,,22140,37.0389,2001.67,"wave_coverage_differs;period_boundary_vintage_differs"
"G4700510",1906,1930,"Franklin, Tennessee","Franklin","Tennessee","470","Franklin","0510",20491,1910,,,,,,,5983,29.1982,1491.19,"wave_coverage_differs;period_boundary_vintage_differs"
"G4801590",1906,1930,"Franklin, Texas","Franklin","Texas","480","Franklin","1590",9331,1910,,,,,,,2930,31.4007,763.44,"wave_coverage_differs;period_boundary_vintage_differs"
"G5000110",1906,1930,"Franklin, Vermont","Franklin","Vermont","500","Franklin","0110",29866,1910,,,,,,,17204,57.604,1792.22,"wave_coverage_differs;period_boundary_vintage_differs"
"G5100670",1906,1930,"Franklin, Virginia","Franklin","Virginia","510","Franklin","0670",26480,1910,,,,,,,6098,23.0287,1842.89,"wave_coverage_differs;period_boundary_vintage_differs"
"G5300210",1906,1930,"Franklin, Washington","Franklin","Washington","530","Franklin","0210",5153,1910,,,,,,,355,6.8892,3277.24,"wave_coverage_differs;period_boundary_vintage_differs"
"G2400210",1906,1930,"Frederick, Maryland","Frederick","Maryland","240","Frederick","0210",52673,1910,,,,,,,21798,41.3836,1728.33,"wave_coverage_differs;period_boundary_vintage_differs"
"G5100690",1906,1930,"Frederick, Virginia","Frederick","Virginia","510","Frederick","0690",12787,1910,,,,,,,4859,37.9995,1090.86,"wave_coverage_differs;period_boundary_vintage_differs"
"G5106300",1906,1930,"Fredericksburg City, Virginia","Fredericksburg City","Virginia","510","Fredericksburg City","6300",5874,1910,,,,,,,1999,34.0313,2.77,"wave_coverage_differs;period_boundary_vintage_differs"
"G2700470",1906,1930,"Freeborn, Minnesota","Freeborn","Minnesota","270","Freeborn","0470",22282,1910,,,,,,,8756,39.2963,1871.06,"wave_coverage_differs;period_boundary_vintage_differs"
"G4801610",1906,1930,"Freestone, Texas","Freestone","Texas","480","Freestone","1610",20557,1910,,,,,,,5095,24.7847,2310.23,"wave_coverage_differs;period_boundary_vintage_differs"
"G0800430",1906,1930,"Fremont, Colorado","Fremont","Colorado","080","Fremont","0430",18181,1910,,,,,,,5618,30.9004,3972.9,"wave_coverage_differs;period_boundary_vintage_differs"
"G1600430",1906,1930,"Fremont, Idaho","Fremont","Idaho","160","Fremont","0430",24606,1910,,,,,,,9618,39.088,4761.04,"wave_coverage_differs;period_boundary_vintage_differs"
"G1900710",1906,1930,"Fremont, Iowa","Fremont","Iowa","190","Fremont","0710",15623,1910,,,,,,,5662,36.2414,1338.09,"wave_coverage_differs;period_boundary_vintage_differs"
"G5600130",1906,1930,"Fremont, Wyoming","Fremont","Wyoming","560","Fremont","0130",11822,1910,,,,,,,1373,11.6139,23998.15,"wave_coverage_differs;period_boundary_vintage_differs"
"G0600190",1906,1930,"Fresno, California","Fresno","California","060","Fresno","0190",75657,1910,,,,,,,18658,24.6613,15585.68,"wave_coverage_differs;period_boundary_vintage_differs"
"G4801630",1906,1930,"Frio, Texas","Frio","Texas","480","Frio","1630",8895,1910,,,,,,,1204,13.5357,2937.94,"wave_coverage_differs;period_boundary_vintage_differs"
"G3100630",1906,1930,"Frontier, Nebraska","Frontier","Nebraska","310","Frontier","0630",8572,1910,,,,,,,1631,19.0271,2538.4,"wave_coverage_differs;period_boundary_vintage_differs"
"G0500490",1906,1930,"Fulton, Arkansas","Fulton","Arkansas","050","Fulton","0490",12193,1910,,,,,,,2462,20.1919,1606.64,"wave_coverage_differs;period_boundary_vintage_differs"
"G1301210",1906,1930,"Fulton, Georgia","Fulton","Georgia","130","Fulton","1210",177733,1910,,,,,,,66517,37.4252,468.93,"wave_coverage_differs;period_boundary_vintage_differs"
"G1700570",1906,1930,"Fulton, Illinois","Fulton","Illinois","170","Fulton","0570",49549,1910,,,,,,,12476,25.1791,2285.85,"wave_coverage_differs;period_boundary_vintage_differs"
"G1800490",1906,1930,"Fulton, Indiana","Fulton","Indiana","180","Fulton","0490",16879,1910,,,,,,,5466,32.3834,961.57,"wave_coverage_differs;period_boundary_vintage_differs"
"G2100750",1906,1930,"Fulton, Kentucky","Fulton","Kentucky","210","Fulton","0750",14114,1910,,,,,,,4854,34.3914,599.6,"wave_coverage_differs;period_boundary_vintage_differs"
"G3600350",1906,1930,"Fulton, New York","Fulton","New York","360","Fulton","0350",44534,1910,,,,,,,16058,36.0578,1380.11,"wave_coverage_differs;period_boundary_vintage_differs"
"G3900510",1906,1930,"Fulton, Ohio","Fulton","Ohio","390","Fulton","0510",23914,1910,,,,,,,7653,32.0022,1054.71,"wave_coverage_differs;period_boundary_vintage_differs"
"G4200570",1906,1930,"Fulton, Pennsylvania","Fulton","Pennsylvania","420","Fulton","0570",9703,1910,,,,,,,3692,38.0501,1134.58,"wave_coverage_differs;period_boundary_vintage_differs"
"G3100650",1906,1930,"Furnas, Nebraska","Furnas","Nebraska","310","Furnas","0650",12083,1910,,,,,,,3218,26.6325,1866.45,"wave_coverage_differs;period_boundary_vintage_differs"
"G1200390",1906,1930,"Gadsden, Florida","Gadsden","Florida","120","Gadsden","0390",22198,1910,,,,,,,5381,24.2409,1368.75,"wave_coverage_differs;period_boundary_vintage_differs"
"G3100670",1906,1930,"Gage, Nebraska","Gage","Nebraska","310","Gage","0670",30325,1910,,,,,,,9949,32.8079,2227.28,"wave_coverage_differs;period_boundary_vintage_differs"
"G4801650",1906,1930,"Gaines, Texas","Gaines","Texas","480","Gaines","1650",1255,1910,,,,,,,86,6.8526,3892.39,"wave_coverage_differs;period_boundary_vintage_differs"
"G1700590",1906,1930,"Gallatin, Illinois","Gallatin","Illinois","170","Gallatin","0590",14628,1910,,,,,,,4136,28.2745,850.16,"wave_coverage_differs;period_boundary_vintage_differs"
"G2100770",1906,1930,"Gallatin, Kentucky","Gallatin","Kentucky","210","Gallatin","0770",4697,1910,,,,,,,1859,39.5785,270.94,"wave_coverage_differs;period_boundary_vintage_differs"
"G3000310",1906,1930,"Gallatin, Montana","Gallatin","Montana","300","Gallatin","0310",14079,1910,,,,,,,3306,23.4818,6560.18,"wave_coverage_differs;period_boundary_vintage_differs"
"G3900530",1906,1930,"Gallia, Ohio","Gallia","Ohio","390","Gallia","0530",25745,1910,,,,,,,8476,32.9229,1220.39,"wave_coverage_differs;period_boundary_vintage_differs"
"G4801670",1906,1930,"Galveston, Texas","Galveston","Texas","480","Galveston","1670",44479,1910,,,,,,,24505,55.0934,1040.43,"wave_coverage_differs;period_boundary_vintage_differs"
"G0800450",1906,1930,"Garfield, Colorado","Garfield","Colorado","080","Garfield","0450",10144,1910,,,,,,,984,9.7003,7655.5,"wave_coverage_differs;period_boundary_vintage_differs"
"G3100710",1906,1930,"Garfield, Nebraska","Garfield","Nebraska","310","Garfield","0710",3417,1910,,,,,,,576,16.8569,1479.88,"wave_coverage_differs;period_boundary_vintage_differs"
"G4000470",1906,1930,"Garfield, Oklahoma","Garfield","Oklahoma","400","Garfield","0470",33050,1910,,,,,,,6615,20.0151,2745.55,"wave_coverage_differs;period_boundary_vintage_differs"
"G4900170",1906,1930,"Garfield, Utah","Garfield","Utah","490","Garfield","0170",3660,1910,,,,,,,2139,58.4426,13489.28,"wave_coverage_differs;period_boundary_vintage_differs"
"G5300230",1906,1930,"Garfield, Washington","Garfield","Washington","530","Garfield","0230",4199,1910,,,,,,,1214,28.9116,1860.09,"wave_coverage_differs;period_boundary_vintage_differs"
"G0500510",1906,1930,"Garland, Arkansas","Garland","Arkansas","050","Garland","0510",27271,1910,,,,,,,5551,20.355,1902.67,"wave_coverage_differs;period_boundary_vintage_differs"
"G2100790",1906,1930,"Garrard, Kentucky","Garrard","Kentucky","210","Garrard","0790",11894,1910,,,,,,,5993,50.3867,605.29,"wave_coverage_differs;period_boundary_vintage_differs"
"G2400230",1906,1930,"Garrett, Maryland","Garrett","Maryland","240","Garrett","0230",20105,1910,,,,,,,6478,32.2208,1698.36,"wave_coverage_differs;period_boundary_vintage_differs"
"G4000490",1906,1930,"Garvin, Oklahoma","Garvin","Oklahoma","400","Garvin","0490",26545,1910,,,,,,,3604,13.5769,2107.44,"wave_coverage_differs;period_boundary_vintage_differs"
"G4801690",1906,1930,"Garza, Texas","Garza","Texas","480","Garza","1690",1995,1910,,,,,,,45,2.2556,2321.14,"wave_coverage_differs;period_boundary_vintage_differs"
"G2900730",1906,1930,"Gasconade, Missouri","Gasconade","Missouri","290","Gasconade","0730",12847,1910,,,,,,,5527,43.0217,1362.53,"wave_coverage_differs;period_boundary_vintage_differs"
"G3700710",1906,1930,"Gaston, North Carolina","Gaston","North Carolina","370","Gaston","0710",37063,1910,,,,,,,12745,34.3874,943.02,"wave_coverage_differs;period_boundary_vintage_differs"
"G3700730",1906,1930,"Gates, North Carolina","Gates","North Carolina","370","Gates","0730",10455,1910,,,,,,,6444,61.6356,894.26,"wave_coverage_differs;period_boundary_vintage_differs"
"G2000610",1906,1930,"Geary, Kansas","Geary","Kansas","200","Geary","0610",12681,1910,,,,,,,2393,18.8708,1042.99,"wave_coverage_differs;period_boundary_vintage_differs"
"G3900550",1906,1930,"Geauga, Ohio","Geauga","Ohio","390","Geauga","0550",14670,1910,,,,,,,3012,20.5317,1057.48,"wave_coverage_differs;period_boundary_vintage_differs"
"G2600490",1906,1930,"Genesee, Michigan","Genesee","Michigan","260","Genesee","0490",64555,1910,,,,,,,8492,13.1547,1682.43,"wave_coverage_differs;period_boundary_vintage_differs"
"G3600370",1906,1930,"Genesee, New York","Genesee","New York","360","Genesee","0370",37615,1910,,,,,,,13287,35.3237,1282.84,"wave_coverage_differs;period_boundary_vintage_differs"
"G0100610",1906,1930,"Geneva, Alabama","Geneva","Alabama","010","Geneva","0610",26230,1910,,,,,,,6549,24.9676,1499.45,"wave_coverage_differs;period_boundary_vintage_differs"
"G2900750",1906,1930,"Gentry, Missouri","Gentry","Missouri","290","Gentry","0750",16820,1910,,,,,,,6143,36.522,1273.54,"wave_coverage_differs;period_boundary_vintage_differs"
"G4500430",1906,1930,"Georgetown, South Carolina","Georgetown","South Carolina","450","Georgetown","0430",22270,1910,,,,,,,9693,43.5249,2169.36,"wave_coverage_differs;period_boundary_vintage_differs"
"G1800510",1906,1930,"Gibson, Indiana","Gibson","Indiana","180","Gibson","0510",30137,1910,,,,,,,10650,35.3386,1292.51,"wave_coverage_differs;period_boundary_vintage_differs"
"G4700530",1906,1930,"Gibson, Tennessee","Gibson","Tennessee","470","Gibson","0530",41630,1910,,,,,,,16195,38.9022,1563.46,"wave_coverage_differs;period_boundary_vintage_differs"
"G4700550",1906,1930,"Giles, Tennessee","Giles","Tennessee","470","Giles","0550",32629,1910,,,,,,,13643,41.8125,1582.93,"wave_coverage_differs;period_boundary_vintage_differs"
"G5100710",1906,1930,"Giles, Virginia","Giles","Virginia","510","Giles","0710",11623,1910,,,,,,,3553,30.5687,933.5,"wave_coverage_differs;period_boundary_vintage_differs"
"G4801710",1906,1930,"Gillespie, Texas","Gillespie","Texas","480","Gillespie","1710",9447,1910,,,,,,,6314,66.836,2749.73,"wave_coverage_differs;period_boundary_vintage_differs"
"G4100210",1906,1930,"Gilliam, Oregon","Gilliam","Oregon","410","Gilliam","0210",3701,1910,,,,,,,736,19.8865,3167.18,"wave_coverage_differs;period_boundary_vintage_differs"
"G1301230",1906,1930,"Gilmer, Georgia","Gilmer","Georgia","130","Gilmer","1230",9237,1910,,,,,,,3583,38.7897,1118.9,"wave_coverage_differs;period_boundary_vintage_differs"
"G5400210",1906,1930,"Gilmer, West Virginia","Gilmer","West Virginia","540","Gilmer","0210",11379,1910,,,,,,,3774,33.1664,880.8,"wave_coverage_differs;period_boundary_vintage_differs"
"G0800470",1906,1930,"Gilpin, Colorado","Gilpin","Colorado","080","Gilpin","0470",4131,1910,,,,,,,1655,40.0629,389.15,"wave_coverage_differs;period_boundary_vintage_differs"
"G2600510",1906,1930,"Gladwin, Michigan","Gladwin","Michigan","260","Gladwin","0510",8413,1910,,,,,,,1246,14.8104,1336.3,"wave_coverage_differs;period_boundary_vintage_differs"
"G1301250",1906,1930,"Glascock, Georgia","Glascock","Georgia","130","Glascock","1250",4669,1910,,,,,,,1681,36.0034,374.13,"wave_coverage_differs;period_boundary_vintage_differs"
"G4801730",1906,1930,"Glasscock, Texas","Glasscock","Texas","480","Glasscock","1730",1143,1910,,,,,,,108,9.4488,2333.8,"wave_coverage_differs;period_boundary_vintage_differs"
"G0600210",1906,1930,"Glenn, California","Glenn","California","060","Glenn","0210",7172,1910,,,,,,,1576,21.9743,3436.88,"wave_coverage_differs;period_boundary_vintage_differs"
"G3400150",1906,1930,"Gloucester, New Jersey","Gloucester","New Jersey","340","Gloucester","0150",37368,1910,,,,,,,9915,26.5334,849.04,"wave_coverage_differs;period_boundary_vintage_differs"
"G5100730",1906,1930,"Gloucester, Virginia","Gloucester","Virginia","510","Gloucester","0730",12477,1910,,,,,,,7779,62.3467,569.87,"wave_coverage_differs;period_boundary_vintage_differs"
"G1301270",1906,1930,"Glynn, Georgia","Glynn","Georgia","130","Glynn","1270",15720,1910,,,,,,,9457,60.159,1124.4,"wave_coverage_differs;period_boundary_vintage_differs"
"G2600530",1906,1930,"Gogebic, Michigan","Gogebic","Michigan","260","Gogebic","0530",23333,1910,,,,,,,9373,40.1706,2962.16,"wave_coverage_differs;period_boundary_vintage_differs"
"G4801750",1906,1930,"Goliad, Texas","Goliad","Texas","480","Goliad","1750",9909,1910,,,,,,,5120,51.6702,2225.75,"wave_coverage_differs;period_boundary_vintage_differs"
"G4801770",1906,1930,"Gonzales, Texas","Gonzales","Texas","480","Gonzales","1770",28055,1910,,,,,,,6156,21.9426,2770.91,"wave_coverage_differs;period_boundary_vintage_differs"
"G5100750",1906,1930,"Goochland, Virginia","Goochland","Virginia","510","Goochland","0750",9237,1910,,,,,,,4764,51.5752,749.15,"wave_coverage_differs;period_boundary_vintage_differs"
"G2700490",1906,1930,"Goodhue, Minnesota","Goodhue","Minnesota","270","Goodhue","0490",31637,1910,,,,,,,16246,51.3513,2021.22,"wave_coverage_differs;period_boundary_vintage_differs"
"G1301290",1906,1930,"Gordon, Georgia","Gordon","Georgia","130","Gordon","1290",15861,1910,,,,,,,5800,36.5677,941.91,"wave_coverage_differs;period_boundary_vintage_differs"
"G3100730",1906,1930,"Gosper, Nebraska","Gosper","Nebraska","310","Gosper","0730",4933,1910,,,,,,,927,18.7918,1198.45,"wave_coverage_differs;period_boundary_vintage_differs"
"G2000630",1906,1930,"Gove, Kansas","Gove","Kansas","200","Gove","0630",6044,1910,,,,,,,1355,22.4189,2775.88,"wave_coverage_differs;period_boundary_vintage_differs"
"G1301310",1906,1930,"Grady, Georgia","Grady","Georgia","130","Grady","1310",18457,1910,,,,,,,4537,24.5815,1192.06,"wave_coverage_differs;period_boundary_vintage_differs"
"G4000510",1906,1930,"Grady, Oklahoma","Grady","Oklahoma","400","Grady","0510",30309,1910,,,,,,,5092,16.8003,2861.68,"wave_coverage_differs;period_boundary_vintage_differs"
"G3300090",1906,1930,"Grafton, New Hampshire","Grafton","New Hampshire","330","Grafton","0090",41652,1910,,,,,,,13111,31.4775,4531.3,"wave_coverage_differs;period_boundary_vintage_differs"
"G2000650",1906,1930,"Graham, Kansas","Graham","Kansas","200","Graham","0650",8700,1910,,,,,,,1350,15.5172,2327.76,"wave_coverage_differs;period_boundary_vintage_differs"
"G3700750",1906,1930,"Graham, North Carolina","Graham","North Carolina","370","Graham","0750",4749,1910,,,,,,,1139,23.984,781.27,"wave_coverage_differs;period_boundary_vintage_differs"
"G4700570",1906,1930,"Grainger, Tennessee","Grainger","Tennessee","470","Grainger","0570",13888,1910,,,,,,,5186,37.3416,771.02,"wave_coverage_differs;period_boundary_vintage_differs"
"G0800490",1906,1930,"Grand, Colorado","Grand","Colorado","080","Grand","0490",1862,1910,,,,,,,510,27.3899,4842.23,"wave_coverage_differs;period_boundary_vintage_differs"
"G4900190",1906,1930,"Grand, Utah","Grand","Utah","490","Grand","0190",1595,1910,,,,,,,293,18.3699,9567.38,"wave_coverage_differs;period_boundary_vintage_differs"
"G3800350",1906,1930,"Grand Forks, North Dakota","Grand Forks","North Dakota","380","Grand Forks","0350",27888,1910,,,,,,,10023,35.9402,3728.29,"wave_coverage_differs;period_boundary_vintage_differs"
"G5000130",1906,1930,"Grand Isle, Vermont","Grand Isle","Vermont","500","Grand Isle","0130",3761,1910,,,,,,,1476,39.2449,504.2,"wave_coverage_differs;period_boundary_vintage_differs"
"G2600550",1906,1930,"Grand Traverse, Michigan","Grand Traverse","Michigan","260","Grand Traverse","0550",23784,1910,,,,,,,6236,26.2193,1269.83,"wave_coverage_differs;period_boundary_vintage_differs"
"G3000390",1906,1930,"Granite, Montana","Granite","Montana","300","Granite","0390",2942,1910,,,,,,,624,21.2101,4488.69,"wave_coverage_differs;period_boundary_vintage_differs"
"G0500530",1906,1930,"Grant, Arkansas","Grant","Arkansas","050","Grant","0530",9425,1910,,,,,,,3152,33.443,1639.29,"wave_coverage_differs;period_boundary_vintage_differs"
"G1800530",1906,1930,"Grant, Indiana","Grant","Indiana","180","Grant","0530",51426,1910,,,,,,,13986,27.1964,1074.58,"wave_coverage_differs;period_boundary_vintage_differs"
"G2000670",1906,1930,"Grant, Kansas","Grant","Kansas","200","Grant","0670",1087,1910,,,,,,,17,1.5639,1489.57,"wave_coverage_differs;period_boundary_vintage_differs"
"G2100810",1906,1930,"Grant, Kentucky","Grant","Kentucky","210","Grant","0810",10581,1910,,,,,,,5424,51.2617,674.96,"wave_coverage_differs;period_boundary_vintage_differs"
"G2200430",1906,1930,"Grant, Louisiana","Grant","Louisiana","220","Grant","0430",15958,1910,,,,,,,3531,22.1268,1721.4,"wave_coverage_differs;period_boundary_vintage_differs"
"G2700510",1906,1930,"Grant, Minnesota","Grant","Minnesota","270","Grant","0510",9114,1910,,,,,,,3476,38.1391,1490.48,"wave_coverage_differs;period_boundary_vintage_differs"
"G3100750",1906,1930,"Grant, Nebraska","Grant","Nebraska","310","Grant","0750",1097,1910,,,,,,,54,4.9225,2028.5,"wave_coverage_differs;period_boundary_vintage_differs"
"G4000530",1906,1930,"Grant, Oklahoma","Grant","Oklahoma","400","Grant","0530",18760,1910,,,,,,,3991,21.274,2599.27,"wave_coverage_differs;period_boundary_vintage_differs"
"G4100230",1906,1930,"Grant, Oregon","Grant","Oregon","410","Grant","0230",5607,1910,,,,,,,321,5.725,11730.92,"wave_coverage_differs;period_boundary_vintage_differs"
"G4600510",1906,1930,"Grant, South Dakota","Grant","South Dakota","460","Grant","0510",10303,1910,,,,,,,3687,35.7857,1780.59,"wave_coverage_differs;period_boundary_vintage_differs"
"G5300250",1906,1930,"Grant, Washington","Grant","Washington","530","Grant","0250",8698,1910,,,,,,,0,0,7229.45,"wave_coverage_differs;period_boundary_vintage_differs"
"G5400230",1906,1930,"Grant, West Virginia","Grant","West Virginia","540","Grant","0230",7838,1910,,,,,,,2375,30.3011,1243.94,"wave_coverage_differs;period_boundary_vintage_differs"
"G5500430",1906,1930,"Grant, Wisconsin","Grant","Wisconsin","550","Grant","0430",39007,1910,,,,,,,16205,41.5438,3064.74,"wave_coverage_differs;period_boundary_vintage_differs"
"G3700770",1906,1930,"Granville, North Carolina","Granville","North Carolina","370","Granville","0770",25102,1910,,,,,,,12158,48.4344,1389.58,"wave_coverage_differs;period_boundary_vintage_differs"
"G2600570",1906,1930,"Gratiot, Michigan","Gratiot","Michigan","260","Gratiot","0570",28820,1910,,,,,,,5789,20.0867,1480.46,"wave_coverage_differs;period_boundary_vintage_differs"
"G2100830",1906,1930,"Graves, Kentucky","Graves","Kentucky","210","Graves","0830",33539,1910,,,,,,,11104,33.1077,1441.91,"wave_coverage_differs;period_boundary_vintage_differs"
"G2000690",1906,1930,"Gray, Kansas","Gray","Kansas","200","Gray","0690",3121,1910,,,,,,,356,11.4066,2251.47,"wave_coverage_differs;period_boundary_vintage_differs"
"G4801790",1906,1930,"Gray, Texas","Gray","Texas","480","Gray","1790",3405,1910,,,,,,,429,12.5991,2406.96,"wave_coverage_differs;period_boundary_vintage_differs"
"G2100850",1906,1930,"Grayson, Kentucky","Grayson","Kentucky","210","Grayson","0850",19958,1910,,,,,,,4404,22.0663,1322.68,"wave_coverage_differs;period_boundary_vintage_differs"
"G4801810",1906,1930,"Grayson, Texas","Grayson","Texas","480","Grayson","1810",65996,1910,,,,,,,24393,36.9613,2536.11,"wave_coverage_differs;period_boundary_vintage_differs"
"G5100770",1906,1930,"Grayson, Virginia","Grayson","Virginia","510","Grayson","0770",19856,1910,,,,,,,5500,27.6994,1164.23,"wave_coverage_differs;period_boundary_vintage_differs"
"G2000710",1906,1930,"Greeley, Kansas","Greeley","Kansas","200","Greeley","0710",1335,1910,,,,,,,148,11.0861,2016.19,"wave_coverage_differs;period_boundary_vintage_differs"
"G3100770",1906,1930,"Greeley, Nebraska","Greeley","Nebraska","310","Greeley","0770",8047,1910,,,,,,,2902,36.0631,1477.95,"wave_coverage_differs;period_boundary_vintage_differs"
"G2100870",1906,1930,"Green, Kentucky","Green","Kentucky","210","Green","0870",11871,1910,,,,,,,5767,48.5806,747.74,"wave_coverage_differs;period_boundary_vintage_differs"
"G5500450",1906,1930,"Green, Wisconsin","Green","Wisconsin","550","Green","0450",21641,1910,,,,,,,7402,34.2036,1513.75,"wave_coverage_differs;period_boundary_vintage_differs"
"G5500470",1906,1930,"Green Lake, Wisconsin","Green Lake","Wisconsin","550","Green Lake","0470",15491,1910,,,,,,,9929,64.0953,985,"wave_coverage_differs;period_boundary_vintage_differs"
"G5400250",1906,1930,"Greenbrier, West Virginia","Greenbrier","West Virginia","540","Greenbrier","0250",24833,1910,,,,,,,8088,32.5696,2653.44,"wave_coverage_differs;period_boundary_vintage_differs"
"G0100630",1906,1930,"Greene, Alabama","Greene","Alabama","010","Greene","0630",22717,1910,,,,,,,8949,39.3934,1709.25,"wave_coverage_differs;period_boundary_vintage_differs"
"G0500550",1906,1930,"Greene, Arkansas","Greene","Arkansas","050","Greene","0550",23852,1910,,,,,,,6607,27.7,1501.04,"wave_coverage_differs;period_boundary_vintage_differs"
"G1301330",1906,1930,"Greene, Georgia","Greene","Georgia","130","Greene","1330",18512,1910,,,,,,,8731,47.164,1052.1,"wave_coverage_differs;period_boundary_vintage_differs"
"G1700610",1906,1930,"Greene, Illinois","Greene","Illinois","170","Greene","0610",22363,1910,,,,,,,7921,35.4201,1414.84,"wave_coverage_differs;period_boundary_vintage_differs"
"G1800550",1906,1930,"Greene, Indiana","Greene","Indiana","180","Greene","0550",36873,1910,,,,,,,9439,25.5987,1414.99,"wave_coverage_differs;period_boundary_vintage_differs"
"G1900730",1906,1930,"Greene, Iowa","Greene","Iowa","190","Greene","0730",16023,1910,,,,,,,6366,39.7304,1479.44,"wave_coverage_differs;period_boundary_vintage_differs"
"G2800410",1906,1930,"Greene, Mississippi","Greene","Mississippi","280","Greene","0410",6050,1910,,,,,,,2755,45.5372,1861.41,"wave_coverage_differs;period_boundary_vintage_differs"
"G2900770",1906,1930,"Greene, Missouri","Greene","Missouri","290","Greene","0770",63831,1910,,,,,,,17627,27.6151,1755.66,"wave_coverage_differs;period_boundary_vintage_differs"
"G3600390",1906,1930,"Greene, New York","Greene","New York","360","Greene","0390",30214,1910,,,,,,,10129,33.5242,1704.54,"wave_coverage_differs;period_boundary_vintage_differs"
"G3700790",1906,1930,"Greene, North Carolina","Greene","North Carolina","370","Greene","0790",13083,1910,,,,,,,5703,43.5909,688.54,"wave_coverage_differs;period_boundary_vintage_differs"
"G3900570",1906,1930,"Greene, Ohio","Greene","Ohio","390","Greene","0570",29733,1910,,,,,,,11857,39.8782,1078.1,"wave_coverage_differs;period_boundary_vintage_differs"
"G4200590",1906,1930,"Greene, Pennsylvania","Greene","Pennsylvania","420","Greene","0590",28882,1910,,,,,,,10588,36.6595,1496.94,"wave_coverage_differs;period_boundary_vintage_differs"
"G4700590",1906,1930,"Greene, Tennessee","Greene","Tennessee","470","Greene","0590",31083,1910,,,,,,,8605,27.6839,1616.49,"wave_coverage_differs;period_boundary_vintage_differs"
"G5100790",1906,1930,"Greene, Virginia","Greene","Virginia","510","Greene","0790",6937,1910,,,,,,,2433,35.0728,406.29,"wave_coverage_differs;period_boundary_vintage_differs"
"G5100810",1906,1930,"Greensville, Virginia","Greensville","Virginia","510","Greensville","0810",11890,1910,,,,,,,4450,37.4264,786.77,"wave_coverage_differs;period_boundary_vintage_differs"
"G2100890",1906,1930,"Greenup, Kentucky","Greenup","Kentucky","210","Greenup","0890",18475,1910,,,,,,,3252,17.6022,918.24,"wave_coverage_differs;period_boundary_vintage_differs"
"G4500450",1906,1930,"Greenville, South Carolina","Greenville","South Carolina","450","Greenville","0450",68377,1910,,,,,,,27776,40.6218,2058.78,"wave_coverage_differs;period_boundary_vintage_differs"
"G2000730",1906,1930,"Greenwood, Kansas","Greenwood","Kansas","200","Greenwood","0730",16060,1910,,,,,,,3584,22.3163,2985.37,"wave_coverage_differs;period_boundary_vintage_differs"
"G4500470",1906,1930,"Greenwood, South Carolina","Greenwood","South Carolina","450","Greenwood","0470",34225,1910,,,,,,,13802,40.3272,1198.97,"wave_coverage_differs;period_boundary_vintage_differs"
"G4000550",1906,1930,"Greer, Oklahoma","Greer","Oklahoma","400","Greer","0550",16449,1910,,,,,,,6290,38.2394,1666.98,"wave_coverage_differs;period_boundary_vintage_differs"
"G4801830",1906,1930,"Gregg, Texas","Gregg","Texas","480","Gregg","1830",14140,1910,,,,,,,6010,42.5035,714.12,"wave_coverage_differs;period_boundary_vintage_differs"
"G4600530",1906,1930,"Gregory, South Dakota","Gregory","South Dakota","460","Gregory","0530",13061,1910,,,,,,,2378,18.2069,2728.62,"wave_coverage_differs;period_boundary_vintage_differs"
"G2800430",1906,1930,"Grenada, Mississippi","Grenada","Mississippi","280","Grenada","0430",15727,1910,,,,,,,5343,33.9734,1163.94,"wave_coverage_differs;period_boundary_vintage_differs"
"G3800390",1906,1930,"Griggs, North Dakota","Griggs","North Dakota","380","Griggs","0390",6274,1910,,,,,,,1509,24.0516,1855.58,"wave_coverage_differs;period_boundary_vintage_differs"
"G4801850",1906,1930,"Grimes, Texas","Grimes","Texas","480","Grimes","1850",21205,1910,,,,,,,8729,41.1648,2075.08,"wave_coverage_differs;period_boundary_vintage_differs"
"G1700630",1906,1930,"Grundy, Illinois","Grundy","Illinois","170","Grundy","0630",24162,1910,,,,,,,10812,44.748,1114.91,"wave_coverage_differs;period_boundary_vintage_differs"
"G1900750",1906,1930,"Grundy, Iowa","Grundy","Iowa","190","Grundy","0750",13574,1910,,,,,,,4504,33.1811,1299.9,"wave_coverage_differs;period_boundary_vintage_differs"
"G2900790",1906,1930,"Grundy, Missouri","Grundy","Missouri","290","Grundy","0790",16744,1910,,,,,,,5697,34.0241,1134.49,"wave_coverage_differs;period_boundary_vintage_differs"
"G4700610",1906,1930,"Grundy, Tennessee","Grundy","Tennessee","470","Grundy","0610",8322,1910,,,,,,,2298,27.6136,935.31,"wave_coverage_differs;period_boundary_vintage_differs"
"G4801870",1906,1930,"Guadalupe, Texas","Guadalupe","Texas","480","Guadalupe","1870",24913,1910,,,,,,,6584,26.428,1851.29,"wave_coverage_differs;period_boundary_vintage_differs"
"G3900590",1906,1930,"Guernsey, Ohio","Guernsey","Ohio","390","Guernsey","0590",42716,1910,,,,,,,16311,38.1848,1368.29,"wave_coverage_differs;period_boundary_vintage_differs"
"G3700810",1906,1930,"Guilford, North Carolina","Guilford","North Carolina","370","Guilford","0810",60497,1910,,,,,,,20903,34.5521,1703.18,"wave_coverage_differs;period_boundary_vintage_differs"
"G0800510",1906,1930,"Gunnison, Colorado","Gunnison","Colorado","080","Gunnison","0510",5897,1910,,,,,,,1044,17.7039,8442.41,"wave_coverage_differs;period_boundary_vintage_differs"
"G1900770",1906,1930,"Guthrie, Iowa","Guthrie","Iowa","190","Guthrie","0770",17374,1910,,,,,,,6884,39.6224,1536.06,"wave_coverage_differs;period_boundary_vintage_differs"
"G1301350",1906,1930,"Gwinnett, Georgia","Gwinnett","Georgia","130","Gwinnett","1350",28824,1910,,,,,,,11015,38.2147,1131.24,"wave_coverage_differs;period_boundary_vintage_differs"
"G1301370",1906,1930,"Habersham, Georgia","Habersham","Georgia","130","Habersham","1370",10134,1910,,,,,,,3609,35.6128,722.66,"wave_coverage_differs;period_boundary_vintage_differs"
"G0100650",1906,1930,"Hale, Alabama","Hale","Alabama","010","Hale","0650",27883,1910,,,,,,,12476,44.7441,1700.31,"wave_coverage_differs;period_boundary_vintage_differs"
"G4801890",1906,1930,"Hale, Texas","Hale","Texas","480","Hale","1890",7566,1910,,,,,,,793,10.4811,2602.36,"wave_coverage_differs;period_boundary_vintage_differs"
"G3700830",1906,1930,"Halifax, North Carolina","Halifax","North Carolina","370","Halifax","0830",37646,1910,,,,,,,15304,40.6524,1893.75,"wave_coverage_differs;period_boundary_vintage_differs"
"G5100830",1906,1930,"Halifax, Virginia","Halifax","Virginia","510","Halifax","0830",40044,1910,,,,,,,20554,51.3285,2148.74,"wave_coverage_differs;period_boundary_vintage_differs"
"G1301390",1906,1930,"Hall, Georgia","Hall","Georgia","130","Hall","1390",25730,1910,,,,,,,9903,38.4881,1111.86,"wave_coverage_differs;period_boundary_vintage_differs"
"G3100790",1906,1930,"Hall, Nebraska","Hall","Nebraska","310","Hall","0790",20361,1910,,,,,,,4607,22.6266,1430.06,"wave_coverage_differs;period_boundary_vintage_differs"
"G4801910",1906,1930,"Hall, Texas","Hall","Texas","480","Hall","1910",8279,1910,,,,,,,1328,16.0406,2341.6,"wave_coverage_differs;period_boundary_vintage_differs"
"G4700630",1906,1930,"Hamblen, Tennessee","Hamblen","Tennessee","470","Hamblen","0630",13650,1910,,,,,,,5133,37.6044,455.33,"wave_coverage_differs;period_boundary_vintage_differs"
"G1200470",1906,1930,"Hamilton, Florida","Hamilton","Florida","120","Hamilton","0470",11825,1910,,,,,,,3975,33.6152,1344.23,"wave_coverage_differs;period_boundary_vintage_differs"
"G1700650",1906,1930,"Hamilton, Illinois","Hamilton","Illinois","170","Hamilton","0650",18227,1910,,,,,,,6800,37.3073,1128.95,"wave_coverage_differs;period_boundary_vintage_differs"
"G1800570",1906,1930,"Hamilton, Indiana","Hamilton","Indiana","180","Hamilton","0570",27026,1910,,,,,,,9812,36.3058,1042.31,"wave_coverage_differs;period_boundary_vintage_differs"
"G1900790",1906,1930,"Hamilton, Iowa","Hamilton","Iowa","190","Hamilton","0790",19242,1910,,,,,,,7799,40.5311,1495.74,"wave_coverage_differs;period_boundary_vintage_differs"
"G2000750",1906,1930,"Hamilton, Kansas","Hamilton","Kansas","200","Hamilton","0750",3360,1910,,,,,,,232,6.9048,2583.85,"wave_coverage_differs;period_boundary_vintage_differs"
"G3100810",1906,1930,"Hamilton, Nebraska","Hamilton","Nebraska","310","Hamilton","0810",13459,1910,,,,,,,4431,32.9222,1416.78,"wave_coverage_differs;period_boundary_vintage_differs"
"G3600410",1906,1930,"Hamilton, New York","Hamilton","New York","360","Hamilton","0410",4373,1910,,,,,,,1146,26.2063,4682.19,"wave_coverage_differs;period_boundary_vintage_differs"
"G3900610",1906,1930,"Hamilton, Ohio","Hamilton","Ohio","390","Hamilton","0610",460732,1910,,,,,,,188748,40.967,1068.57,"wave_coverage_differs;period_boundary_vintage_differs"
"G4700650",1906,1930,"Hamilton, Tennessee","Hamilton","Tennessee","470","Hamilton","0650",89267,1910,,,,,,,26059,29.1922,1491.19,"wave_coverage_differs;period_boundary_vintage_differs"
"G4801930",1906,1930,"Hamilton, Texas","Hamilton","Texas","480","Hamilton","1930",15315,1910,,,,,,,4223,27.5743,2166.25,"wave_coverage_differs;period_boundary_vintage_differs"
"G4600570",1906,1930,"Hamlin, South Dakota","Hamlin","South Dakota","460","Hamlin","0570",7475,1910,,,,,,,2281,30.5151,1393.6,"wave_coverage_differs;period_boundary_vintage_differs"
"G2500130",1906,1930,"Hampden, Massachusetts","Hampden","Massachusetts","250","Hampden","0130",231369,1910,,,,,,,114474,49.4768,1642.3,"wave_coverage_differs;period_boundary_vintage_differs"
"G2500150",1906,1930,"Hampshire, Massachusetts","Hampshire","Massachusetts","250","Hampshire","0150",63327,1910,,,,,,,30939,48.8559,1512.62,"wave_coverage_differs;period_boundary_vintage_differs"
"G5400270",1906,1930,"Hampshire, West Virginia","Hampshire","West Virginia","540","Hampshire","0270",11694,1910,,,,,,,3397,29.0491,1669.53,"wave_coverage_differs;period_boundary_vintage_differs"
"G4500490",1906,1930,"Hampton, South Carolina","Hampton","South Carolina","450","Hampton","0490",25126,1910,,,,,,,12846,51.1263,1457.38,"wave_coverage_differs;period_boundary_vintage_differs"
"G1301410",1906,1930,"Hancock, Georgia","Hancock","Georgia","130","Hancock","1410",19189,1910,,,,,,,8075,42.0814,1239.83,"wave_coverage_differs;period_boundary_vintage_differs"
"G1700670",1906,1930,"Hancock, Illinois","Hancock","Illinois","170","Hancock","0670",30638,1910,,,,,,,11125,36.3111,2109.24,"wave_coverage_differs;period_boundary_vintage_differs"
"G1800590",1906,1930,"Hancock, Indiana","Hancock","Indiana","180","Hancock","0590",19030,1910,,,,,,,7359,38.6705,795.19,"wave_coverage_differs;period_boundary_vintage_differs"
"G1900810",1906,1930,"Hancock, Iowa","Hancock","Iowa","190","Hancock","0810",12731,1910,,,,,,,4567,35.8731,1484.16,"wave_coverage_differs;period_boundary_vintage_differs"
"G2100910",1906,1930,"Hancock, Kentucky","Hancock","Kentucky","210","Hancock","0910",8512,1910,,,,,,,3057,35.914,515.95,"wave_coverage_differs;period_boundary_vintage_differs"
"G2300090",1906,1930,"Hancock, Maine","Hancock","Maine","230","Hancock","0090",35575,1910,,,,,,,6071,17.0654,4385.33,"wave_coverage_differs;period_boundary_vintage_differs"
"G2800450",1906,1930,"Hancock, Mississippi","Hancock","Mississippi","280","Hancock","0450",11207,1910,,,,,,,9701,86.562,1250.42,"wave_coverage_differs;period_boundary_vintage_differs"
"G3900630",1906,1930,"Hancock, Ohio","Hancock","Ohio","390","Hancock","0630",37860,1910,,,,,,,14388,38.0032,1382.17,"wave_coverage_differs;period_boundary_vintage_differs"
"G4700670",1906,1930,"Hancock, Tennessee","Hancock","Tennessee","470","Hancock","0670",10778,1910,,,,,,,3608,33.4756,578.88,"wave_coverage_differs;period_boundary_vintage_differs"
"G5400290",1906,1930,"Hancock, West Virginia","Hancock","West Virginia","540","Hancock","0290",10465,1910,,,,,,,2628,25.1123,228.79,"wave_coverage_differs;period_boundary_vintage_differs"
"G4600590",1906,1930,"Hand, South Dakota","Hand","South Dakota","460","Hand","0590",7870,1910,,,,,,,1011,12.8463,3730.05,"wave_coverage_differs;period_boundary_vintage_differs"
"G5100850",1906,1930,"Hanover, Virginia","Hanover","Virginia","510","Hanover","0850",17200,1910,,,,,,,7722,44.8953,1226.64,"wave_coverage_differs;period_boundary_vintage_differs"
"G4801950",1906,1930,"Hansford, Texas","Hansford","Texas","480","Hansford","1950",935,1910,,,,,,,63,6.738,2383.85,"wave_coverage_differs;period_boundary_vintage_differs"
"G4600610",1906,1930,"Hanson, South Dakota","Hanson","South Dakota","460","Hanson","0610",6237,1910,,,,,,,2438,39.0893,1127.62,"wave_coverage_differs;period_boundary_vintage_differs"
"G1301430",1906,1930,"Haralson, Georgia","Haralson","Georgia","130","Haralson","1430",13514,1910,,,,,,,4019,29.7395,733.42,"wave_coverage_differs;period_boundary_vintage_differs"
"G4700690",1906,1930,"Hardeman, Tennessee","Hardeman","Tennessee","470","Hardeman","0690",23011,1910,,,,,,,9336,40.5719,1736.29,"wave_coverage_differs;period_boundary_vintage_differs"
"G4801970",1906,1930,"Hardeman, Texas","Hardeman","Texas","480","Hardeman","1970",11213,1910,,,,,,,1474,13.1455,1804.88,"wave_coverage_differs;period_boundary_vintage_differs"
"G1700690",1906,1930,"Hardin, Illinois","Hardin","Illinois","170","Hardin","0690",7015,1910,,,,,,,1892,26.9708,470.31,"wave_coverage_differs;period_boundary_vintage_differs"
"G1900830",1906,1930,"Hardin, Iowa","Hardin","Iowa","190","Hardin","0830",20921,1910,,,,,,,9824,46.9576,1476.28,"wave_coverage_differs;period_boundary_vintage_differs"
"G2100930",1906,1930,"Hardin, Kentucky","Hardin","Kentucky","210","Hardin","0930",22696,1910,,,,,,,7809,34.4069,1631.73,"wave_coverage_differs;period_boundary_vintage_differs"
"G3900650",1906,1930,"Hardin, Ohio","Hardin","Ohio","390","Hardin","0650",30407,1910,,,,,,,11143,36.6462,1218.97,"wave_coverage_differs;period_boundary_vintage_differs"
"G4700710",1906,1930,"Hardin, Tennessee","Hardin","Tennessee","470","Hardin","0710",17521,1910,,,,,,,4568,26.0716,1545.27,"wave_coverage_differs;period_boundary_vintage_differs"
"G4801990",1906,1930,"Hardin, Texas","Hardin","Texas","480","Hardin","1990",12947,1910,,,,,,,1719,13.2772,2324.71,"wave_coverage_differs;period_boundary_vintage_differs"
"G4600630",1906,1930,"Harding, South Dakota","Harding","South Dakota","460","Harding","0630",4228,1910,,,,,,,0,0,6936.21,"wave_coverage_differs;period_boundary_vintage_differs"
"G5400310",1906,1930,"Hardy, West Virginia","Hardy","West Virginia","540","Hardy","0310",9163,1910,,,,,,,2882,31.4526,1513.81,"wave_coverage_differs;period_boundary_vintage_differs"
"G2400250",1906,1930,"Harford, Maryland","Harford","Maryland","240","Harford","0250",27965,1910,,,,,,,8997,32.1724,1153.21,"wave_coverage_differs;period_boundary_vintage_differs"
"G2100950",1906,1930,"Harlan, Kentucky","Harlan","Kentucky","210","Harlan","0950",10566,1910,,,,,,,1855,17.5563,1212.08,"wave_coverage_differs;period_boundary_vintage_differs"
"G3100830",1906,1930,"Harlan, Nebraska","Harlan","Nebraska","310","Harlan","0830",9578,1910,,,,,,,2375,24.7964,1486.82,"wave_coverage_differs;period_boundary_vintage_differs"
"G4000570",1906,1930,"Harmon, Oklahoma","Harmon","Oklahoma","400","Harmon","0570",11328,1910,,,,,,,0,0,1395.13,"wave_coverage_differs;period_boundary_vintage_differs"
"G3700850",1906,1930,"Harnett, North Carolina","Harnett","North Carolina","370","Harnett","0850",22174,1910,,,,,,,6960,31.3881,1557.37,"wave_coverage_differs;period_boundary_vintage_differs"
"G4100250",1906,1930,"Harney, Oregon","Harney","Oregon","410","Harney","0250",4059,1910,,,,,,,128,3.1535,26485.24,"wave_coverage_differs;period_boundary_vintage_differs"
"G2000770",1906,1930,"Harper, Kansas","Harper","Kansas","200","Harper","0770",14748,1910,,,,,,,2964,20.0976,2079.19,"wave_coverage_differs;period_boundary_vintage_differs"
"G4000590",1906,1930,"Harper, Oklahoma","Harper","Oklahoma","400","Harper","0590",8189,1910,,,,,,,401,4.8968,2696.3,"wave_coverage_differs;period_boundary_vintage_differs"
"G1301450",1906,1930,"Harris, Georgia","Harris","Georgia","130","Harris","1450",17886,1910,,,,,,,8529,47.6853,1224.95,"wave_coverage_differs;period_boundary_vintage_differs"
"G4802010",1906,1930,"Harris, Texas","Harris","Texas","480","Harris","2010",115693,1910,,,,,,,34996,30.249,4563.31,"wave_coverage_differs;period_boundary_vintage_differs"
"G1800610",1906,1930,"Harrison, Indiana","Harrison","Indiana","180","Harrison","0610",20232,1910,,,,,,,9322,46.0755,1259.11,"wave_coverage_differs;period_boundary_vintage_differs"
"G1900850",1906,1930,"Harrison, Iowa","Harrison","Iowa","190","Harrison","0850",23162,1910,,,,,,,6813,29.4146,1817.16,"wave_coverage_differs;period_boundary_vintage_differs"
"G2100970",1906,1930,"Harrison, Kentucky","Harrison","Kentucky","210","Harrison","0970",16873,1910,,,,,,,8682,51.455,802.76,"wave_coverage_differs;period_boundary_vintage_differs"
"G2800470",1906,1930,"Harrison, Mississippi","Harrison","Mississippi","280","Harrison","0470",34658,1910,,,,,,,12766,36.8342,1510.62,"wave_coverage_differs;period_boundary_vintage_differs"
"G2900810",1906,1930,"Harrison, Missouri","Harrison","Missouri","290","Harrison","0810",20466,1910,,,,,,,7008,34.2422,1881.38,"wave_coverage_differs;period_boundary_vintage_differs"
"G3900670",1906,1930,"Harrison, Ohio","Harrison","Ohio","390","Harrison","0670",19076,1910,,,,,,,7568,39.6729,1063.88,"wave_coverage_differs;period_boundary_vintage_differs"
"G4802030",1906,1930,"Harrison, Texas","Harrison","Texas","480","Harrison","2030",37243,1910,,,,,,,14138,37.9615,2371.75,"wave_coverage_differs;period_boundary_vintage_differs"
"G5400330",1906,1930,"Harrison, West Virginia","Harrison","West Virginia","540","Harrison","0330",48381,1910,,,,,,,12105,25.0202,1078.77,"wave_coverage_differs;period_boundary_vintage_differs"
"G1301470",1906,1930,"Hart, Georgia","Hart","Georgia","130","Hart","1470",16216,1910,,,,,,,5884,36.2852,665.48,"wave_coverage_differs;period_boundary_vintage_differs"
"G2100990",1906,1930,"Hart, Kentucky","Hart","Kentucky","210","Hart","0990",18173,1910,,,,,,,5930,32.6308,1082.7,"wave_coverage_differs;period_boundary_vintage_differs"
"G0900030",1906,1930,"Hartford, Connecticut","Hartford","Connecticut","090","Hartford","0030",250182,1910,,,,,,,107860,43.1126,1944.1,"wave_coverage_differs;period_boundary_vintage_differs"
"G4802050",1906,1930,"Hartley, Texas","Hartley","Texas","480","Hartley","2050",1298,1910,,,,,,,199,15.3313,3789.67,"wave_coverage_differs;period_boundary_vintage_differs"
"G2000790",1906,1930,"Harvey, Kansas","Harvey","Kansas","200","Harvey","0790",19200,1910,,,,,,,5860,30.5208,1400.46,"wave_coverage_differs;period_boundary_vintage_differs"
"G2000810",1906,1930,"Haskell, Kansas","Haskell","Kansas","200","Haskell","0810",993,1910,,,,,,,149,15.005,1496.73,"wave_coverage_differs;period_boundary_vintage_differs"
"G4000610",1906,1930,"Haskell, Oklahoma","Haskell","Oklahoma","400","Haskell","0610",18875,1910,,,,,,,2102,11.1364,1619.46,"wave_coverage_differs;period_boundary_vintage_differs"
"G4802070",1906,1930,"Haskell, Texas","Haskell","Texas","480","Haskell","2070",16249,1910,,,,,,,2393,14.7271,2357.57,"wave_coverage_differs;period_boundary_vintage_differs"
"G4700730",1906,1930,"Hawkins, Tennessee","Hawkins","Tennessee","470","Hawkins","0730",23587,1910,,,,,,,7588,32.1703,1293.95,"wave_coverage_differs;period_boundary_vintage_differs"
"G3100850",1906,1930,"Hayes, Nebraska","Hayes","Nebraska","310","Hayes","0850",3011,1910,,,,,,,267,8.8675,1847.39,"wave_coverage_differs;period_boundary_vintage_differs"
"G4802090",1906,1930,"Hays, Texas","Hays","Texas","480","Hays","2090",15518,1910,,,,,,,9979,64.306,1760.99,"wave_coverage_differs;period_boundary_vintage_differs"
"G3700870",1906,1930,"Haywood, North Carolina","Haywood","North Carolina","370","Haywood","0870",21020,1910,,,,,,,4879,23.2112,1436.49,"wave_coverage_differs;period_boundary_vintage_differs"
"G4700750",1906,1930,"Haywood, Tennessee","Haywood","Tennessee","470","Haywood","0750",25910,1910,,,,,,,11295,43.5932,1375.3,"wave_coverage_differs;period_boundary_vintage_differs"
"G1301490",1906,1930,"Heard, Georgia","Heard","Georgia","130","Heard","1490",11189,1910,,,,,,,3517,31.4327,779.81,"wave_coverage_differs;period_boundary_vintage_differs"
"G4802110",1906,1930,"Hemphill, Texas","Hemphill","Texas","480","Hemphill","2110",3170,1910,,,,,,,334,10.5363,2362.48,"wave_coverage_differs;period_boundary_vintage_differs"
"G0500570",1906,1930,"Hempstead, Arkansas","Hempstead","Arkansas","050","Hempstead","0570",28285,1910,,,,,,,10018,35.4181,1919.67,"wave_coverage_differs;period_boundary_vintage_differs"
"G1700710",1906,1930,"Henderson, Illinois","Henderson","Illinois","170","Henderson","0710",9724,1910,,,,,,,3483,35.8186,1023.61,"wave_coverage_differs;period_boundary_vintage_differs"
"G2101010",1906,1930,"Henderson, Kentucky","Henderson","Kentucky","210","Henderson","1010",29352,1910,,,,,,,11019,37.5409,1210.41,"wave_coverage_differs;period_boundary_vintage_differs"
"G3700890",1906,1930,"Henderson, North Carolina","Henderson","North Carolina","370","Henderson","0890",16262,1910,,,,,,,6480,39.8475,971.43,"wave_coverage_differs;period_boundary_vintage_differs"
"G4700770",1906,1930,"Henderson, Tennessee","Henderson","Tennessee","470","Henderson","0770",17030,1910,,,,,,,5801,34.0634,1362.03,"wave_coverage_differs;period_boundary_vintage_differs"
"G4802130",1906,1930,"Henderson, Texas","Henderson","Texas","480","Henderson","2130",20131,1910,,,,,,,4920,24.4399,2458.34,"wave_coverage_differs;period_boundary_vintage_differs"
"G1800630",1906,1930,"Hendricks, Indiana","Hendricks","Indiana","180","Hendricks","0630",20840,1910,,,,,,,8559,41.0701,1058.73,"wave_coverage_differs;period_boundary_vintage_differs"
"G2700530",1906,1930,"Hennepin, Minnesota","Hennepin","Minnesota","270","Hennepin","0530",333480,1910,,,,,,,106473,31.9279,1570.9,"wave_coverage_differs;period_boundary_vintage_differs"
"G5100870",1906,1930,"Henrico, Virginia","Henrico","Virginia","510","Henrico","0870",23437,1910,,,,,,,4753,20.2799,658.73,"wave_coverage_differs;period_boundary_vintage_differs"
"G0100670",1906,1930,"Henry, Alabama","Henry","Alabama","010","Henry","0670",20943,1910,,,,,,,7491,35.7685,1471.92,"wave_coverage_differs;period_boundary_vintage_differs"
"G1301510",1906,1930,"Henry, Georgia","Henry","Georgia","130","Henry","1510",19927,1910,,,,,,,11728,58.8548,835.9,"wave_coverage_differs;period_boundary_vintage_differs"
"G1700730",1906,1930,"Henry, Illinois","Henry","Illinois","170","Henry","0730",41736,1910,,,,,,,20258,48.5384,2138.44,"wave_coverage_differs;period_boundary_vintage_differs"
"G1800650",1906,1930,"Henry, Indiana","Henry","Indiana","180","Henry","0650",29758,1910,,,,,,,9671,32.4988,1022.61,"wave_coverage_differs;period_boundary_vintage_differs"
"G1900870",1906,1930,"Henry, Iowa","Henry","Iowa","190","Henry","0870",18640,1910,,,,,,,6886,36.9421,1130.69,"wave_coverage_differs;period_boundary_vintage_differs"
"G2101030",1906,1930,"Henry, Kentucky","Henry","Kentucky","210","Henry","1030",13716,1910,,,,,,,7726,56.3284,752.89,"wave_coverage_differs;period_boundary_vintage_differs"
"G3900690",1906,1930,"Henry, Ohio","Henry","Ohio","390","Henry","0690",25119,1910,,,,,,,10006,39.8344,1087.15,"wave_coverage_differs;period_boundary_vintage_differs"
"G4700790",1906,1930,"Henry, Tennessee","Henry","Tennessee","470","Henry","0790",25434,1910,,,,,,,9721,38.2205,1536.47,"wave_coverage_differs;period_boundary_vintage_differs"
"G5100890",1906,1930,"Henry, Virginia","Henry","Virginia","510","Henry","0890",18459,1910,,,,,,,3823,20.7108,1018.98,"wave_coverage_differs;period_boundary_vintage_differs"
"G2900830",1906,1930,"Henry/Rives, Missouri","Henry","Missouri","290","Henry","0830",27242,1910,,,,,,,10281,37.7395,1896.72,"wave_coverage_differs;period_boundary_vintage_differs"
"G3600430",1906,1930,"Herkimer, New York","Herkimer","New York","360","Herkimer","0430",56356,1910,,,,,,,18590,32.9867,3777.29,"wave_coverage_differs;period_boundary_vintage_differs"
"G1200530",1906,1930,"Hernando, Florida","Hernando","Florida","120","Hernando","0530",4997,1910,,,,,,,1604,32.0993,1266.76,"wave_coverage_differs;period_boundary_vintage_differs"
"G3700910",1906,1930,"Hertford, North Carolina","Hertford","North Carolina","370","Hertford","0910",15436,1910,,,,,,,9527,61.7194,927.74,"wave_coverage_differs;period_boundary_vintage_differs"
"G3800410",1906,1930,"Hettinger, North Dakota","Hettinger","North Dakota","380","Hettinger","0410",6557,1910,,,,,,,348,5.3073,2936.46,"wave_coverage_differs;period_boundary_vintage_differs"
"G2101050",1906,1930,"Hickman, Kentucky","Hickman","Kentucky","210","Hickman","1050",11750,1910,,,,,,,5151,43.8383,655.49,"wave_coverage_differs;period_boundary_vintage_differs"
"G4700810",1906,1930,"Hickman, Tennessee","Hickman","Tennessee","470","Hickman","0810",16527,1910,,,,,,,3665,22.1758,1586.71,"wave_coverage_differs;period_boundary_vintage_differs"
"G2900850",1906,1930,"Hickory, Missouri","Hickory","Missouri","290","Hickory","0850",8741,1910,,,,,,,2430,27.8,1066.32,"wave_coverage_differs;period_boundary_vintage_differs"
"G4802150",1906,1930,"Hidalgo, Texas","Hidalgo","Texas","480","Hidalgo","2150",13728,1910,,,,,,,4250,30.9586,4099.66,"wave_coverage_differs;period_boundary_vintage_differs"
"G3900710",1906,1930,"Highland, Ohio","Highland","Ohio","390","Highland","0710",28711,1910,,,,,,,13135,45.749,1444.68,"wave_coverage_differs;period_boundary_vintage_differs"
"G5100910",1906,1930,"Highland, Virginia","Highland","Virginia","510","Highland","0910",5317,1910,,,,,,,1857,34.9257,1077.06,"wave_coverage_differs;period_boundary_vintage_differs"
"G4802170",1906,1930,"Hill, Texas","Hill","Texas","480","Hill","2170",46760,1910,,,,,,,14131,30.2203,2553,"wave_coverage_differs;period_boundary_vintage_differs"
"G1200570",1906,1930,"Hillsborough, Florida","Hillsborough","Florida","120","Hillsborough","0570",78374,1910,,,,,,,16596,21.1754,2769.56,"wave_coverage_differs;period_boundary_vintage_differs"
"G3300110",1906,1930,"Hillsborough, New Hampshire","Hillsborough","New Hampshire","330","Hillsborough","0110",126072,1910,,,,,,,73169,58.0375,2310.85,"wave_coverage_differs;period_boundary_vintage_differs"
"G2600590",1906,1930,"Hillsdale, Michigan","Hillsdale","Michigan","260","Hillsdale","0590",29673,1910,,,,,,,6359,21.4303,1572.15,"wave_coverage_differs;period_boundary_vintage_differs"
"G2800490",1906,1930,"Hinds, Mississippi","Hinds","Mississippi","280","Hinds","0490",63726,1910,,,,,,,25034,39.2838,2272.18,"wave_coverage_differs;period_boundary_vintage_differs"
"G0800530",1906,1930,"Hinsdale, Colorado","Hinsdale","Colorado","080","Hinsdale","0530",646,1910,,,,,,,285,44.1176,2908.96,"wave_coverage_differs;period_boundary_vintage_differs"
"G3100870",1906,1930,"Hitchcock, Nebraska","Hitchcock","Nebraska","310","Hitchcock","0870",5415,1910,,,,,,,1061,19.5937,1860.85,"wave_coverage_differs;period_boundary_vintage_differs"
"G3900730",1906,1930,"Hocking, Ohio","Hocking","Ohio","390","Hocking","0730",23650,1910,,,,,,,6915,29.2389,1097.2,"wave_coverage_differs;period_boundary_vintage_differs"
"G4802190",1906,1930,"Hockley, Texas","Hockley","Texas","480","Hockley","2190",137,1910,,,,,,,0,0,2353.17,"wave_coverage_differs;period_boundary_vintage_differs"
"G2000830",1906,1930,"Hodgeman, Kansas","Hodgeman","Kansas","200","Hodgeman","0830",2930,1910,,,,,,,622,21.2287,2228.2,"wave_coverage_differs;period_boundary_vintage_differs"
"G1200590",1906,1930,"Holmes, Florida","Holmes","Florida","120","Holmes","0590",11557,1910,,,,,,,1932,16.7171,1266.54,"wave_coverage_differs;period_boundary_vintage_differs"
"G2800510",1906,1930,"Holmes, Mississippi","Holmes","Mississippi","280","Holmes","0510",39088,1910,,,,,,,15859,40.5726,1980.34,"wave_coverage_differs;period_boundary_vintage_differs"
"G3900750",1906,1930,"Holmes, Ohio","Holmes","Ohio","390","Holmes","0750",17909,1910,,,,,,,6993,39.0474,1097.92,"wave_coverage_differs;period_boundary_vintage_differs"
"G2900870",1906,1930,"Holt, Missouri","Holt","Missouri","290","Holt","0870",14539,1910,,,,,,,4674,32.148,1214.74,"wave_coverage_differs;period_boundary_vintage_differs"
"G3100890",1906,1930,"Holt, Nebraska","Holt","Nebraska","310","Holt","0890",15545,1910,,,,,,,3824,24.5995,6261.29,"wave_coverage_differs;period_boundary_vintage_differs"
"G4802210",1906,1930,"Hood, Texas","Hood","Texas","480","Hood","2210",10008,1910,,,,,,,3885,38.8189,1131.32,"wave_coverage_differs;period_boundary_vintage_differs"
"G4100270",1906,1930,"Hood River, Oregon","Hood River","Oregon","410","Hood River","0270",8016,1910,,,,,,,0,0,1381.86,"wave_coverage_differs;period_boundary_vintage_differs"
"G3100910",1906,1930,"Hooker, Nebraska","Hooker","Nebraska","310","Hooker","0910",981,1910,,,,,,,38,3.8736,1868.68,"wave_coverage_differs;period_boundary_vintage_differs"
"G2101070",1906,1930,"Hopkins, Kentucky","Hopkins","Kentucky","210","Hopkins","1070",34291,1910,,,,,,,8302,24.2104,1436.54,"wave_coverage_differs;period_boundary_vintage_differs"
"G4802230",1906,1930,"Hopkins, Texas","Hopkins","Texas","480","Hopkins","2230",31038,1910,,,,,,,9441,30.4176,2053.27,"wave_coverage_differs;period_boundary_vintage_differs"
"G4500510",1906,1930,"Horry, South Carolina","Horry","South Carolina","450","Horry","0510",26995,1910,,,,,,,9760,36.1548,2963.81,"wave_coverage_differs;period_boundary_vintage_differs"
"G0500590",1906,1930,"Hot Spring, Arkansas","Hot Spring","Arkansas","050","Hot Spring","0590",15022,1910,,,,,,,4262,28.3717,1611.23,"wave_coverage_differs;period_boundary_vintage_differs"
"G2600610",1906,1930,"Houghton, Michigan","Houghton","Michigan","260","Houghton","0610",88098,1910,,,,,,,47253,53.6369,2698.3,"wave_coverage_differs;period_boundary_vintage_differs"
"G0100690",1906,1930,"Houston, Alabama","Houston","Alabama","010","Houston","0690",32414,1910,,,,,,,9512,29.3453,1506.51,"wave_coverage_differs;period_boundary_vintage_differs"
"G1301530",1906,1930,"Houston, Georgia","Houston","Georgia","130","Houston","1530",23609,1910,,,,,,,10515,44.5381,983.99,"wave_coverage_differs;period_boundary_vintage_differs"
"G2700550",1906,1930,"Houston, Minnesota","Houston","Minnesota","270","Houston","0550",14297,1910,,,,,,,8387,58.6627,1473.29,"wave_coverage_differs;period_boundary_vintage_differs"
"G4700830",1906,1930,"Houston, Tennessee","Houston","Tennessee","470","Houston","0830",6224,1910,,,,,,,1621,26.0443,535.96,"wave_coverage_differs;period_boundary_vintage_differs"
"G4802250",1906,1930,"Houston, Texas","Houston","Texas","480","Houston","2250",29564,1910,,,,,,,7840,26.5187,3202.33,"wave_coverage_differs;period_boundary_vintage_differs"
"G0500610",1906,1930,"Howard, Arkansas","Howard","Arkansas","050","Howard","0610",16898,1910,,,,,,,4201,24.8609,1541.74,"wave_coverage_differs;period_boundary_vintage_differs"
"G1800670",1906,1930,"Howard, Indiana","Howard","Indiana","180","Howard","0670",33177,1910,,,,,,,10283,30.9944,761.25,"wave_coverage_differs;period_boundary_vintage_differs"
"G1900890",1906,1930,"Howard, Iowa","Howard","Iowa","190","Howard","0890",12920,1910,,,,,,,6164,47.709,1226.64,"wave_coverage_differs;period_boundary_vintage_differs"
"G2400270",1906,1930,"Howard, Maryland","Howard","Maryland","240","Howard","0270",16106,1910,,,,,,,5348,33.205,656.28,"wave_coverage_differs;period_boundary_vintage_differs"
"G2900890",1906,1930,"Howard, Missouri","Howard","Missouri","290","Howard","0890",15653,1910,,,,,,,8234,52.6033,1221.68,"wave_coverage_differs;period_boundary_vintage_differs"
"G3100930",1906,1930,"Howard, Nebraska","Howard","Nebraska","310","Howard","0930",10783,1910,,,,,,,4870,45.1637,1490.78,"wave_coverage_differs;period_boundary_vintage_differs"
"G4802270",1906,1930,"Howard, Texas","Howard","Texas","480","Howard","2270",8881,1910,,,,,,,1246,14.03,2341.88,"wave_coverage_differs;period_boundary_vintage_differs"
"G2900910",1906,1930,"Howell, Missouri","Howell","Missouri","290","Howell","0910",21065,1910,,,,,,,5324,25.2742,2404.48,"wave_coverage_differs;period_boundary_vintage_differs"
"G2700570",1906,1930,"Hubbard, Minnesota","Hubbard","Minnesota","270","Hubbard","0570",9831,1910,,,,,,,1731,17.6076,2588.79,"wave_coverage_differs;period_boundary_vintage_differs"
"G3400170",1906,1930,"Hudson, New Jersey","Hudson","New Jersey","340","Hudson","0170",537231,1910,,,,,,,186907,34.7908,124.94,"wave_coverage_differs;period_boundary_vintage_differs"
"G0800550",1906,1930,"Huerfano, Colorado","Huerfano","Colorado","080","Huerfano","0550",13320,1910,,,,,,,5883,44.1667,4126.44,"wave_coverage_differs;period_boundary_vintage_differs"
"G4000630",1906,1930,"Hughes, Oklahoma","Hughes","Oklahoma","400","Hughes","0630",24040,1910,,,,,,,2011,8.3652,2110.54,"wave_coverage_differs;period_boundary_vintage_differs"
"G4600650",1906,1930,"Hughes, South Dakota","Hughes","South Dakota","460","Hughes","0650",6271,1910,,,,,,,1029,16.4089,2073.78,"wave_coverage_differs;period_boundary_vintage_differs"
"G0600230",1906,1930,"Humboldt, California","Humboldt","California","060","Humboldt","0230",33857,1910,,,,,,,8023,23.6967,9285.52,"wave_coverage_differs;period_boundary_vintage_differs"
"G1900910",1906,1930,"Humboldt, Iowa","Humboldt","Iowa","190","Humboldt","0910",12182,1910,,,,,,,4228,34.7069,1128.37,"wave_coverage_differs;period_boundary_vintage_differs"
"G3200130",1906,1930,"Humboldt, Nevada","Humboldt","Nevada","320","Humboldt","0130",6825,1910,,,,,,,630,9.2308,25013.56,"wave_coverage_differs;period_boundary_vintage_differs"
"G4700850",1906,1930,"Humphreys, Tennessee","Humphreys","Tennessee","470","Humphreys","0850",13908,1910,,,,,,,3719,26.74,1424.62,"wave_coverage_differs;period_boundary_vintage_differs"
"G4802310",1906,1930,"Hunt, Texas","Hunt","Texas","480","Hunt","2310",48116,1910,,,,,,,14656,30.4597,2284.43,"wave_coverage_differs;period_boundary_vintage_differs"
"G3400190",1906,1930,"Hunterdon, New Jersey","Hunterdon","New Jersey","340","Hunterdon","0190",33569,1910,,,,,,,13245,39.456,1132.99,"wave_coverage_differs;period_boundary_vintage_differs"
"G4200610",1906,1930,"Huntingdon, Pennsylvania","Huntingdon","Pennsylvania","420","Huntingdon","0610",38304,1910,,,,,,,12714,33.1924,2303.29,"wave_coverage_differs;period_boundary_vintage_differs"
"G1800690",1906,1930,"Huntington, Indiana","Huntington","Indiana","180","Huntington","0690",28982,1910,,,,,,,11375,39.2485,1004.2,"wave_coverage_differs;period_boundary_vintage_differs"
"G2600630",1906,1930,"Huron, Michigan","Huron","Michigan","260","Huron","0630",34758,1910,,,,,,,7484,21.5317,2172.26,"wave_coverage_differs;period_boundary_vintage_differs"
"G3900770",1906,1930,"Huron, Ohio","Huron","Ohio","390","Huron","0770",34206,1910,,,,,,,11544,33.7485,1281.54,"wave_coverage_differs;period_boundary_vintage_differs"
"G4600670",1906,1930,"Hutchinson, South Dakota","Hutchinson","South Dakota","460","Hutchinson","0670",12319,1910,,,,,,,4660,37.8277,2109.34,"wave_coverage_differs;period_boundary_vintage_differs"
"G4802330",1906,1930,"Hutchinson, Texas","Hutchinson","Texas","480","Hutchinson","2330",892,1910,,,,,,,109,12.2197,2317.92,"wave_coverage_differs;period_boundary_vintage_differs"
"G3700950",1906,1930,"Hyde, North Carolina","Hyde","North Carolina","370","Hyde","0950",8840,1910,,,,,,,4117,46.5724,1779.47,"wave_coverage_differs;period_boundary_vintage_differs"
"G4600690",1906,1930,"Hyde, South Dakota","Hyde","South Dakota","460","Hyde","0690",3307,1910,,,,,,,388,11.7327,2243.46,"wave_coverage_differs;period_boundary_vintage_differs"
"G2200450",1906,1930,"Iberia, Louisiana","Iberia","Louisiana","220","Iberia","0450",31262,1910,,,,,,,19744,63.1565,1616.24,"wave_coverage_differs;period_boundary_vintage_differs"
"G2200470",1906,1930,"Iberville, Louisiana","Iberville","Louisiana","220","Iberville","0470",30954,1910,,,,,,,13047,42.1496,1690.89,"wave_coverage_differs;period_boundary_vintage_differs"
"G1900930",1906,1930,"Ida, Iowa","Ida","Iowa","190","Ida","0930",11296,1910,,,,,,,2493,22.0698,1119.01,"wave_coverage_differs;period_boundary_vintage_differs"
"G1600490",1906,1930,"Idaho, Idaho","Idaho","Idaho","160","Idaho","0490",12384,1910,,,,,,,2674,21.5924,22023.48,"wave_coverage_differs;period_boundary_vintage_differs"
"G0600250",1906,1930,"Imperial, California","Imperial","California","060","Imperial","0250",13591,1910,,,,,,,0,0,11607.64,"wave_coverage_differs;period_boundary_vintage_differs"
"G0500630",1906,1930,"Independence, Arkansas","Independence","Arkansas","050","Independence","0630",24776,1910,,,,,,,5908,23.8457,1998.25,"wave_coverage_differs;period_boundary_vintage_differs"
"G4200630",1906,1930,"Indiana, Pennsylvania","Indiana","Pennsylvania","420","Indiana","0630",66210,1910,,,,,,,20381,30.7824,2160.8,"wave_coverage_differs;period_boundary_vintage_differs"
"G2600650",1906,1930,"Ingham, Michigan","Ingham","Michigan","260","Ingham","0650",53310,1910,,,,,,,9960,18.6832,1452.24,"wave_coverage_differs;period_boundary_vintage_differs"
"G0600270",1906,1930,"Inyo, California","Inyo","California","060","Inyo","0270",6974,1910,,,,,,,393,5.6352,26502.73,"wave_coverage_differs;period_boundary_vintage_differs"
"G2600670",1906,1930,"Ionia, Michigan","Ionia","Michigan","260","Ionia","0670",33550,1910,,,,,,,6832,20.3636,1502.31,"wave_coverage_differs;period_boundary_vintage_differs"
"G2600690",1906,1930,"Iosco, Michigan","Iosco","Michigan","260","Iosco","0690",9753,1910,,,,,,,4050,41.5257,1466.57,"wave_coverage_differs;period_boundary_vintage_differs"
"G1900950",1906,1930,"Iowa, Iowa","Iowa","Iowa","190","Iowa","0950",18409,1910,,,,,,,8930,48.5089,1521.6,"wave_coverage_differs;period_boundary_vintage_differs"
"G5500490",1906,1930,"Iowa, Wisconsin","Iowa","Wisconsin","550","Iowa","0490",22497,1910,,,,,,,9099,40.4454,1988.91,"wave_coverage_differs;period_boundary_vintage_differs"
"G3700970",1906,1930,"Iredell, North Carolina","Iredell","North Carolina","370","Iredell","0970",34315,1910,,,,,,,14047,40.9355,1547.1,"wave_coverage_differs;period_boundary_vintage_differs"
"G4802350",1906,1930,"Irion, Texas","Irion","Texas","480","Irion","2350",1283,1910,,,,,,,313,24.3959,2723.71,"wave_coverage_differs;period_boundary_vintage_differs"
"G2600710",1906,1930,"Iron, Michigan","Iron","Michigan","260","Iron","0710",15164,1910,,,,,,,5736,37.8264,3136.51,"wave_coverage_differs;period_boundary_vintage_differs"
"G2900930",1906,1930,"Iron, Missouri","Iron","Missouri","290","Iron","0930",8563,1910,,,,,,,2045,23.8818,1430.27,"wave_coverage_differs;period_boundary_vintage_differs"
"G4900210",1906,1930,"Iron, Utah","Iron","Utah","490","Iron","0210",3933,1910,,,,,,,2522,64.1241,8551.79,"wave_coverage_differs;period_boundary_vintage_differs"
"G5500510",1906,1930,"Iron, Wisconsin","Iron","Wisconsin","550","Iron","0510",8306,1910,,,,,,,2882,34.6978,2078.69,"wave_coverage_differs;period_boundary_vintage_differs"
"G1700750",1906,1930,"Iroquois, Illinois","Iroquois","Illinois","170","Iroquois","0750",35543,1910,,,,,,,12463,35.0646,2898.01,"wave_coverage_differs;period_boundary_vintage_differs"
"G1301550",1906,1930,"Irwin, Georgia","Irwin","Georgia","130","Irwin","1550",10461,1910,,,,,,,3800,36.3254,939.55,"wave_coverage_differs;period_boundary_vintage_differs"
"G2600730",1906,1930,"Isabella, Michigan","Isabella","Michigan","260","Isabella","0730",23029,1910,,,,,,,6783,29.4542,1496.19,"wave_coverage_differs;period_boundary_vintage_differs"
"G2700590",1906,1930,"Isanti, Minnesota","Isanti","Minnesota","270","Isanti","0590",12615,1910,,,,,,,3360,26.635,1169.79,"wave_coverage_differs;period_boundary_vintage_differs"
"G5300290",1906,1930,"Island, Washington","Island","Washington","530","Island","0290",4704,1910,,,,,,,395,8.3971,545.88,"wave_coverage_differs;period_boundary_vintage_differs"
"G5100930",1906,1930,"Isle Of Wight, Virginia","Isle Of Wight","Virginia","510","Isle Of Wight","0930",14929,1910,,,,,,,6547,43.8542,830.62,"wave_coverage_differs;period_boundary_vintage_differs"
"G2800550",1906,1930,"Issaquena, Mississippi","Issaquena","Mississippi","280","Issaquena","0550",10560,1910,,,,,,,3610,34.1856,1143.24,"wave_coverage_differs;period_boundary_vintage_differs"
"G2700610",1906,1930,"Itasca, Minnesota","Itasca","Minnesota","270","Itasca","0610",17208,1910,,,,,,,1957,11.3726,7583.09,"wave_coverage_differs;period_boundary_vintage_differs"
"G2800570",1906,1930,"Itawamba, Mississippi","Itawamba","Mississippi","280","Itawamba","0570",14526,1910,,,,,,,4303,29.6227,1399.39,"wave_coverage_differs;period_boundary_vintage_differs"
"G0500650",1906,1930,"Izard, Arkansas","Izard","Arkansas","050","Izard","0650",14561,1910,,,,,,,4082,28.0338,1512.6,"wave_coverage_differs;period_boundary_vintage_differs"
"G4802370",1906,1930,"Jack, Texas","Jack","Texas","480","Jack","2370",11817,1910,,,,,,,3051,25.8187,2383.12,"wave_coverage_differs;period_boundary_vintage_differs"
"G0100710",1906,1930,"Jackson, Alabama","Jackson","Alabama","010","Jackson","0710",32918,1910,,,,,,,7867,23.8988,2918.33,"wave_coverage_differs;period_boundary_vintage_differs"
"G0500670",1906,1930,"Jackson, Arkansas","Jackson","Arkansas","050","Jackson","0670",23501,1910,,,,,,,6058,25.7776,1661.45,"wave_coverage_differs;period_boundary_vintage_differs"
"G0800570",1906,1930,"Jackson, Colorado","Jackson","Colorado","080","Jackson","0570",1013,1910,,,,,,,0,0,4198.21,"wave_coverage_differs;period_boundary_vintage_differs"
"G1200630",1906,1930,"Jackson, Florida","Jackson","Florida","120","Jackson","0630",29821,1910,,,,,,,11789,39.5325,2472.32,"wave_coverage_differs;period_boundary_vintage_differs"
"G1301570",1906,1930,"Jackson, Georgia","Jackson","Georgia","130","Jackson","1570",30169,1910,,,,,,,11586,38.4037,888.62,"wave_coverage_differs;period_boundary_vintage_differs"
"G1700770",1906,1930,"Jackson, Illinois","Jackson","Illinois","170","Jackson","0770",35143,1910,,,,,,,11388,32.4047,1560.2,"wave_coverage_differs;period_boundary_vintage_differs"
"G1800710",1906,1930,"Jackson, Indiana","Jackson","Indiana","180","Jackson","0710",24727,1910,,,,,,,9094,36.7776,1331.04,"wave_coverage_differs;period_boundary_vintage_differs"
"G1900970",1906,1930,"Jackson, Iowa","Jackson","Iowa","190","Jackson","0970",21258,1910,,,,,,,8917,41.9466,1682.47,"wave_coverage_differs;period_boundary_vintage_differs"
"G2000850",1906,1930,"Jackson, Kansas","Jackson","Kansas","200","Jackson","0850",16861,1910,,,,,,,5737,34.0253,1704.27,"wave_coverage_differs;period_boundary_vintage_differs"
"G2101090",1906,1930,"Jackson, Kentucky","Jackson","Kentucky","210","Jackson","1090",10734,1910,,,,,,,4074,37.9542,897.7,"wave_coverage_differs;period_boundary_vintage_differs"
"G2200490",1906,1930,"Jackson, Louisiana","Jackson","Louisiana","220","Jackson","0490",13818,1910,,,,,,,4513,32.6603,1502.94,"wave_coverage_differs;period_boundary_vintage_differs"
"G2600750",1906,1930,"Jackson, Michigan","Jackson","Michigan","260","Jackson","0750",53426,1910,,,,,,,9196,17.2126,1873.84,"wave_coverage_differs;period_boundary_vintage_differs"
"G2700630",1906,1930,"Jackson, Minnesota","Jackson","Minnesota","270","Jackson","0630",14491,1910,,,,,,,5325,36.7469,1862.82,"wave_coverage_differs;period_boundary_vintage_differs"
"G2800590",1906,1930,"Jackson, Mississippi","Jackson","Mississippi","280","Jackson","0590",15451,1910,,,,,,,7086,45.8611,1912.51,"wave_coverage_differs;period_boundary_vintage_differs"
"G2900950",1906,1930,"Jackson, Missouri","Jackson","Missouri","290","Jackson","0950",283522,1910,,,,,,,74623,26.32,1596.18,"wave_coverage_differs;period_boundary_vintage_differs"
"G3700990",1906,1930,"Jackson, North Carolina","Jackson","North Carolina","370","Jackson","0990",12998,1910,,,,,,,3253,25.0269,1280.92,"wave_coverage_differs;period_boundary_vintage_differs"
"G3900790",1906,1930,"Jackson, Ohio","Jackson","Ohio","390","Jackson","0790",30791,1910,,,,,,,10025,32.5582,1091.77,"wave_coverage_differs;period_boundary_vintage_differs"
"G4000650",1906,1930,"Jackson, Oklahoma","Jackson","Oklahoma","400","Jackson","0650",23737,1910,,,,,,,3330,14.0287,2082.97,"wave_coverage_differs;period_boundary_vintage_differs"
"G4100290",1906,1930,"Jackson, Oregon","Jackson","Oregon","410","Jackson","0290",25756,1910,,,,,,,2975,11.5507,7256.4,"wave_coverage_differs;period_boundary_vintage_differs"
"G4700870",1906,1930,"Jackson, Tennessee","Jackson","Tennessee","470","Jackson","0870",15036,1910,,,,,,,3622,24.0889,827.52,"wave_coverage_differs;period_boundary_vintage_differs"
"G4802390",1906,1930,"Jackson, Texas","Jackson","Texas","480","Jackson","2390",6471,1910,,,,,,,1350,20.8623,2205.63,"wave_coverage_differs;period_boundary_vintage_differs"
"G5400350",1906,1930,"Jackson, West Virginia","Jackson","West Virginia","540","Jackson","0350",20956,1910,,,,,,,5145,24.5514,1221.52,"wave_coverage_differs;period_boundary_vintage_differs"
"G5500530",1906,1930,"Jackson, Wisconsin","Jackson","Wisconsin","550","Jackson","0530",17075,1910,,,,,,,5045,29.5461,2590.71,"wave_coverage_differs;period_boundary_vintage_differs"
"G5100950",1906,1930,"James City, Virginia","James City","Virginia","510","James City","0950",6338,1910,,,,,,,1699,26.8066,401.64,"wave_coverage_differs;period_boundary_vintage_differs"
"G1301590",1906,1930,"Jasper, Georgia","Jasper","Georgia","130","Jasper","1590",16552,1910,,,,,,,5931,35.8325,967.55,"wave_coverage_differs;period_boundary_vintage_differs"
"G1700790",1906,1930,"Jasper, Illinois","Jasper","Illinois","170","Jasper","0790",18157,1910,,,,,,,5653,31.134,1290.13,"wave_coverage_differs;period_boundary_vintage_differs"
"G1800730",1906,1930,"Jasper, Indiana","Jasper","Indiana","180","Jasper","0730",13044,1910,,,,,,,3557,27.2692,1453.99,"wave_coverage_differs;period_boundary_vintage_differs"
"G1900990",1906,1930,"Jasper, Iowa","Jasper","Iowa","190","Jasper","0990",27034,1910,,,,,,,8026,29.6885,1898.34,"wave_coverage_differs;period_boundary_vintage_differs"
"G2800610",1906,1930,"Jasper, Mississippi","Jasper","Mississippi","280","Jasper","0610",18498,1910,,,,,,,6069,32.809,1754.67,"wave_coverage_differs;period_boundary_vintage_differs"
"G2900970",1906,1930,"Jasper, Missouri","Jasper","Missouri","290","Jasper","0970",89673,1910,,,,,,,18631,20.7766,1660.9,"wave_coverage_differs;period_boundary_vintage_differs"
"G4802410",1906,1930,"Jasper, Texas","Jasper","Texas","480","Jasper","2410",14000,1910,,,,,,,2412,17.2286,2511.44,"wave_coverage_differs;period_boundary_vintage_differs"
"G1800750",1906,1930,"Jay, Indiana","Jay","Indiana","180","Jay","0750",24961,1910,,,,,,,8302,33.2599,994.77,"wave_coverage_differs;period_boundary_vintage_differs"
"G1301610",1906,1930,"Jeff Davis, Georgia","Jeff Davis","Georgia","130","Jeff Davis","1610",6050,1910,,,,,,,1622,26.8099,868.75,"wave_coverage_differs;period_boundary_vintage_differs"
"G4802430",1906,1930,"Jeff Davis, Texas","Jeff Davis","Texas","480","Jeff Davis","2430",1678,1910,,,,,,,219,13.0513,5865.38,"wave_coverage_differs;period_boundary_vintage_differs"
"G0100730",1906,1930,"Jefferson, Alabama","Jefferson","Alabama","010","Jefferson","0730",226476,1910,,,,,,,69874,30.8527,2910.65,"wave_coverage_differs;period_boundary_vintage_differs"
"G0500690",1906,1930,"Jefferson, Arkansas","Jefferson","Arkansas","050","Jefferson","0690",52734,1910,,,,,,,17758,33.6747,2366.66,"wave_coverage_differs;period_boundary_vintage_differs"
"G0800590",1906,1930,"Jefferson, Colorado","Jefferson","Colorado","080","Jefferson","0590",14231,1910,,,,,,,2039,14.3279,2030.12,"wave_coverage_differs;period_boundary_vintage_differs"
"G1200650",1906,1930,"Jefferson, Florida","Jefferson","Florida","120","Jefferson","0650",17210,1910,,,,,,,6810,39.57,1584.54,"wave_coverage_differs;period_boundary_vintage_differs"
"G1301630",1906,1930,"Jefferson, Georgia","Jefferson","Georgia","130","Jefferson","1630",21379,1910,,,,,,,12044,56.3357,1375.16,"wave_coverage_differs;period_boundary_vintage_differs"
"G1700810",1906,1930,"Jefferson, Illinois","Jefferson","Illinois","170","Jefferson","0810",29111,1910,,,,,,,7756,26.6428,1512.26,"wave_coverage_differs;period_boundary_vintage_differs"
"G1800770",1906,1930,"Jefferson, Indiana","Jefferson","Indiana","180","Jefferson","0770",20483,1910,,,,,,,9255,45.1838,940.26,"wave_coverage_differs;period_boundary_vintage_differs"
"G1901010",1906,1930,"Jefferson, Iowa","Jefferson","Iowa","190","Jefferson","1010",15951,1910,,,,,,,6075,38.0854,1131.5,"wave_coverage_differs;period_boundary_vintage_differs"
"G2000870",1906,1930,"Jefferson, Kansas","Jefferson","Kansas","200","Jefferson","0870",15826,1910,,,,,,,5303,33.5082,1441.85,"wave_coverage_differs;period_boundary_vintage_differs"
"G2101110",1906,1930,"Jefferson, Kentucky","Jefferson","Kentucky","210","Jefferson","1110",262920,1910,,,,,,,153068,58.2185,1033.05,"wave_coverage_differs;period_boundary_vintage_differs"
"G2200510",1906,1930,"Jefferson, Louisiana","Jefferson","Louisiana","220","Jefferson","0510",18247,1910,,,,,,,6535,35.8141,945.46,"wave_coverage_differs;period_boundary_vintage_differs"
"G2800630",1906,1930,"Jefferson, Mississippi","Jefferson","Mississippi","280","Jefferson","0630",18221,1910,,,,,,,8399,46.0952,1365.61,"wave_coverage_differs;period_boundary_vintage_differs"
"G2900990",1906,1930,"Jefferson, Missouri","Jefferson","Missouri","290","Jefferson","0990",27878,1910,,,,,,,9793,35.1281,1719.79,"wave_coverage_differs;period_boundary_vintage_differs"
"G3000430",1906,1930,"Jefferson, Montana","Jefferson","Montana","300","Jefferson","0430",5601,1910,,,,,,,1123,20.05,4296.51,"wave_coverage_differs;period_boundary_vintage_differs"
"G3100950",1906,1930,"Jefferson, Nebraska","Jefferson","Nebraska","310","Jefferson","0950",16852,1910,,,,,,,5247,31.1358,1490.98,"wave_coverage_differs;period_boundary_vintage_differs"
"G3600450",1906,1930,"Jefferson, New York","Jefferson","New York","360","Jefferson","0450",80382,1910,,,,,,,29626,36.8565,3333.51,"wave_coverage_differs;period_boundary_vintage_differs"
"G3900810",1906,1930,"Jefferson, Ohio","Jefferson","Ohio","390","Jefferson","0810",65423,1910,,,,,,,28696,43.8623,1064.29,"wave_coverage_differs;period_boundary_vintage_differs"
"G4000670",1906,1930,"Jefferson, Oklahoma","Jefferson","Oklahoma","400","Jefferson","0670",17430,1910,,,,,,,959,5.502,2004.86,"wave_coverage_differs;period_boundary_vintage_differs"
"G4200650",1906,1930,"Jefferson, Pennsylvania","Jefferson","Pennsylvania","420","Jefferson","0650",63090,1910,,,,,,,25545,40.4898,1701.05,"wave_coverage_differs;period_boundary_vintage_differs"
"G4700890",1906,1930,"Jefferson, Tennessee","Jefferson","Tennessee","470","Jefferson","0890",17755,1910,,,,,,,5656,31.8558,814.05,"wave_coverage_differs;period_boundary_vintage_differs"
"G4802450",1906,1930,"Jefferson, Texas","Jefferson","Texas","480","Jefferson","2450",38182,1910,,,,,,,13088,34.2779,2478.4,"wave_coverage_differs;period_boundary_vintage_differs"
"G5300310",1906,1930,"Jefferson, Washington","Jefferson","Washington","530","Jefferson","0310",8337,1910,,,,,,,832,9.9796,4706.72,"wave_coverage_differs;period_boundary_vintage_differs"
"G5400370",1906,1930,"Jefferson, West Virginia","Jefferson","West Virginia","540","Jefferson","0370",15889,1910,,,,,,,5678,35.7354,548.26,"wave_coverage_differs;period_boundary_vintage_differs"
"G5500550",1906,1930,"Jefferson, Wisconsin","Jefferson","Wisconsin","550","Jefferson","0550",34306,1910,,,,,,,20434,59.5639,1509.29,"wave_coverage_differs;period_boundary_vintage_differs"
"G2800650",1906,1930,"Jefferson Davis, Mississippi","Jefferson Davis","Mississippi","280","Jefferson Davis","0650",12860,1910,,,,,,,3597,27.9705,1059.66,"wave_coverage_differs;period_boundary_vintage_differs"
"G1301650",1906,1930,"Jenkins, Georgia","Jenkins","Georgia","130","Jenkins","1650",11520,1910,,,,,,,5047,43.8108,912.9,"wave_coverage_differs;period_boundary_vintage_differs"
"G1800790",1906,1930,"Jennings, Indiana","Jennings","Indiana","180","Jennings","0790",14203,1910,,,,,,,4855,34.1829,979.91,"wave_coverage_differs;period_boundary_vintage_differs"
"G4600730",1906,1930,"Jerauld, South Dakota","Jerauld","South Dakota","460","Jerauld","0730",5120,1910,,,,,,,797,15.5664,1379.62,"wave_coverage_differs;period_boundary_vintage_differs"
"G1700830",1906,1930,"Jersey, Illinois","Jersey","Illinois","170","Jersey","0830",13954,1910,,,,,,,4269,30.5934,976.62,"wave_coverage_differs;period_boundary_vintage_differs"
"G2101130",1906,1930,"Jessamine, Kentucky","Jessamine","Kentucky","210","Jessamine","1130",12613,1910,,,,,,,4677,37.0808,452.13,"wave_coverage_differs;period_boundary_vintage_differs"
"G2000890",1906,1930,"Jewell, Kansas","Jewell","Kansas","200","Jewell","0890",18148,1910,,,,,,,4508,24.8402,2368.19,"wave_coverage_differs;period_boundary_vintage_differs"
"G1700850",1906,1930,"Jo Daviess, Illinois","Jo Daviess","Illinois","170","Jo Daviess","0850",22657,1910,,,,,,,8345,36.8319,1602.48,"wave_coverage_differs;period_boundary_vintage_differs"
"G0500710",1906,1930,"Johnson, Arkansas","Johnson","Arkansas","050","Johnson","0710",19698,1910,,,,,,,4696,23.84,1768.3,"wave_coverage_differs;period_boundary_vintage_differs"
"G1301670",1906,1930,"Johnson, Georgia","Johnson","Georgia","130","Johnson","1670",12897,1910,,,,,,,4175,32.3719,794.07,"wave_coverage_differs;period_boundary_vintage_differs"
"G1700870",1906,1930,"Johnson, Illinois","Johnson","Illinois","170","Johnson","0870",14331,1910,,,,,,,3741,26.1042,903.55,"wave_coverage_differs;period_boundary_vintage_differs"
"G1800810",1906,1930,"Johnson, Indiana","Johnson","Indiana","180","Johnson","0810",20394,1910,,,,,,,10022,49.1419,833.43,"wave_coverage_differs;period_boundary_vintage_differs"
"G1901030",1906,1930,"Johnson, Iowa","Johnson","Iowa","190","Johnson","1030",25914,1910,,,,,,,9069,34.9965,1614.05,"wave_coverage_differs;period_boundary_vintage_differs"
"G2000910",1906,1930,"Johnson, Kansas","Johnson","Kansas","200","Johnson","0910",18288,1910,,,,,,,4937,26.9958,1242.93,"wave_coverage_differs;period_boundary_vintage_differs"
"G2101150",1906,1930,"Johnson, Kentucky","Johnson","Kentucky","210","Johnson","1150",17482,1910,,,,,,,3848,22.0112,683.52,"wave_coverage_differs;period_boundary_vintage_differs"
"G2901010",1906,1930,"Johnson, Missouri","Johnson","Missouri","290","Johnson","1010",26297,1910,,,,,,,10750,40.8792,2157.93,"wave_coverage_differs;period_boundary_vintage_differs"
"G3100970",1906,1930,"Johnson, Nebraska","Johnson","Nebraska","310","Johnson","0970",10187,1910,,,,,,,4065,39.9038,975.73,"wave_coverage_differs;period_boundary_vintage_differs"
"G4700910",1906,1930,"Johnson, Tennessee","Johnson","Tennessee","470","Johnson","0910",13191,1910,,,,,,,4128,31.2941,784.04,"wave_coverage_differs;period_boundary_vintage_differs"
"G4802510",1906,1930,"Johnson, Texas","Johnson","Texas","480","Johnson","2510",34460,1910,,,,,,,13061,37.9019,1902.23,"wave_coverage_differs;period_boundary_vintage_differs"
"G5600190",1906,1930,"Johnson, Wyoming","Johnson","Wyoming","560","Johnson","0190",3453,1910,,,,,,,423,12.2502,10812.16,"wave_coverage_differs;period_boundary_vintage_differs"
"G3701010",1906,1930,"Johnston, North Carolina","Johnston","North Carolina","370","Johnston","1010",41401,1910,,,,,,,9846,23.782,2060.14,"wave_coverage_differs;period_boundary_vintage_differs"
"G4000690",1906,1930,"Johnston, Oklahoma","Johnston","Oklahoma","400","Johnston","0690",16734,1910,,,,,,,2343,14.0014,1704.82,"wave_coverage_differs;period_boundary_vintage_differs"
"G1301690",1906,1930,"Jones, Georgia","Jones","Georgia","130","Jones","1690",13103,1910,,,,,,,3981,30.3824,1024.13,"wave_coverage_differs;period_boundary_vintage_differs"
"G1901050",1906,1930,"Jones, Iowa","Jones","Iowa","190","Jones","1050",19050,1910,,,,,,,6456,33.8898,1494.44,"wave_coverage_differs;period_boundary_vintage_differs"
"G2800670",1906,1930,"Jones, Mississippi","Jones","Mississippi","280","Jones","0670",29885,1910,,,,,,,8378,28.0341,1812.21,"wave_coverage_differs;period_boundary_vintage_differs"
"G3701030",1906,1930,"Jones, North Carolina","Jones","North Carolina","370","Jones","1030",8721,1910,,,,,,,3252,37.2893,1227.4,"wave_coverage_differs;period_boundary_vintage_differs"
"G4802530",1906,1930,"Jones, Texas","Jones","Texas","480","Jones","2530",24299,1910,,,,,,,5018,20.6511,2427.14,"wave_coverage_differs;period_boundary_vintage_differs"
"G4100330",1906,1930,"Josephine, Oregon","Josephine","Oregon","410","Josephine","0330",9567,1910,,,,,,,1706,17.8321,4252.39,"wave_coverage_differs;period_boundary_vintage_differs"
"G4900230",1906,1930,"Juab, Utah","Juab","Utah","490","Juab","0230",10702,1910,,,,,,,4511,42.151,8821.97,"wave_coverage_differs;period_boundary_vintage_differs"
"G5500570",1906,1930,"Juneau, Wisconsin","Juneau","Wisconsin","550","Juneau","0570",19569,1910,,,,,,,6724,34.3605,2082.42,"wave_coverage_differs;period_boundary_vintage_differs"
"G4200670",1906,1930,"Juniata, Pennsylvania","Juniata","Pennsylvania","420","Juniata","0670",15013,1910,,,,,,,5483,36.5217,1019.27,"wave_coverage_differs;period_boundary_vintage_differs"
"G2600770",1906,1930,"Kalamazoo, Michigan","Kalamazoo","Michigan","260","Kalamazoo","0770",60427,1910,,,,,,,10632,17.5948,1502.96,"wave_coverage_differs;period_boundary_vintage_differs"
"G2600790",1906,1930,"Kalkaska, Michigan","Kalkaska","Michigan","260","Kalkaska","0790",8097,1910,,,,,,,1148,14.1781,1477.75,"wave_coverage_differs;period_boundary_vintage_differs"
"G2700650",1906,1930,"Kanabec, Minnesota","Kanabec","Minnesota","270","Kanabec","0650",6461,1910,,,,,,,1122,17.3657,1382.22,"wave_coverage_differs;period_boundary_vintage_differs"
"G5400390",1906,1930,"Kanawha, West Virginia","Kanawha","West Virginia","540","Kanawha","0390",81457,1910,,,,,,,14242,17.4841,2359.26,"wave_coverage_differs;period_boundary_vintage_differs"
"G2700670",1906,1930,"Kandiyohi, Minnesota","Kandiyohi","Minnesota","270","Kandiyohi","0670",18969,1910,,,,,,,8496,44.7889,2233.48,"wave_coverage_differs;period_boundary_vintage_differs"
"G1700890",1906,1930,"Kane, Illinois","Kane","Illinois","170","Kane","0890",91862,1910,,,,,,,36092,39.2894,1357.69,"wave_coverage_differs;period_boundary_vintage_differs"
"G4900250",1906,1930,"Kane, Utah","Kane","Utah","490","Kane","0250",1652,1910,,,,,,,1125,68.0993,10640.79,"wave_coverage_differs;period_boundary_vintage_differs"
"G1700910",1906,1930,"Kankakee, Illinois","Kankakee","Illinois","170","Kankakee","0910",40752,1910,,,,,,,17109,41.9832,1764.71,"wave_coverage_differs;period_boundary_vintage_differs"
"G4802550",1906,1930,"Karnes, Texas","Karnes","Texas","480","Karnes","2550",14942,1910,,,,,,,3407,22.8015,1951.68,"wave_coverage_differs;period_boundary_vintage_differs"
"G4802570",1906,1930,"Kaufman, Texas","Kaufman","Texas","480","Kaufman","2570",35323,1910,,,,,,,9979,28.2507,2089.64,"wave_coverage_differs;period_boundary_vintage_differs"
"G4000710",1906,1930,"Kay, Oklahoma","Kay","Oklahoma","400","Kay","0710",26999,1910,,,,,,,5765,21.3526,2447.43,"wave_coverage_differs;period_boundary_vintage_differs"
"G3100990",1906,1930,"Kearney, Nebraska","Kearney","Nebraska","310","Kearney","0990",9106,1910,,,,,,,2701,29.6618,1337.34,"wave_coverage_differs;period_boundary_vintage_differs"
"G2000930",1906,1930,"Kearny, Kansas","Kearny","Kansas","200","Kearny","0930",3206,1910,,,,,,,386,12.0399,2255.85,"wave_coverage_differs;period_boundary_vintage_differs"
"G3101010",1906,1930,"Keith, Nebraska","Keith","Nebraska","310","Keith","1010",3692,1910,,,,,,,569,15.4117,2874.16,"wave_coverage_differs;period_boundary_vintage_differs"
"G2800690",1906,1930,"Kemper, Mississippi","Kemper","Mississippi","280","Kemper","0690",20348,1910,,,,,,,5841,28.7055,1986.65,"wave_coverage_differs;period_boundary_vintage_differs"
"G1700930",1906,1930,"Kendall, Illinois","Kendall","Illinois","170","Kendall","0930",10777,1910,,,,,,,3719,34.5087,834.76,"wave_coverage_differs;period_boundary_vintage_differs"
"G4802590",1906,1930,"Kendall, Texas","Kendall","Texas","480","Kendall","2590",4517,1910,,,,,,,547,12.1098,1717.24,"wave_coverage_differs;period_boundary_vintage_differs"
"G2300110",1906,1930,"Kennebec, Maine","Kennebec","Maine","230","Kennebec","0110",62863,1910,,,,,,,19795,31.4891,2463.89,"wave_coverage_differs;period_boundary_vintage_differs"
"G5500590",1906,1930,"Kenosha, Wisconsin","Kenosha","Wisconsin","550","Kenosha","0590",32929,1910,,,,,,,12506,37.9787,721.14,"wave_coverage_differs;period_boundary_vintage_differs"
"G1000010",1906,1930,"Kent, Delaware","Kent","Delaware","100","Kent","0010",32721,1910,,,,,,,10215,31.2185,1546.18,"wave_coverage_differs;period_boundary_vintage_differs"
"G2400290",1906,1930,"Kent, Maryland","Kent","Maryland","240","Kent","0290",16957,1910,,,,,,,5486,32.3524,731.21,"wave_coverage_differs;period_boundary_vintage_differs"
"G2600810",1906,1930,"Kent, Michigan","Kent","Michigan","260","Kent","0810",159145,1910,,,,,,,53000,33.303,2258.33,"wave_coverage_differs;period_boundary_vintage_differs"
"G4400030",1906,1930,"Kent, Rhode Island","Kent","Rhode Island","440","Kent","0030",36378,1910,,,,,,,15649,43.0178,450.62,"wave_coverage_differs;period_boundary_vintage_differs"
"G4802630",1906,1930,"Kent, Texas","Kent","Texas","480","Kent","2630",2655,1910,,,,,,,170,6.403,2338.55,"wave_coverage_differs;period_boundary_vintage_differs"
"G2101170",1906,1930,"Kenton, Kentucky","Kenton","Kentucky","210","Kenton","1170",70355,1910,,,,,,,38605,54.8717,426.28,"wave_coverage_differs;period_boundary_vintage_differs"
"G1901070",1906,1930,"Keokuk, Iowa","Keokuk","Iowa","190","Keokuk","1070",21160,1910,,,,,,,8319,39.3147,1501.99,"wave_coverage_differs;period_boundary_vintage_differs"
"G0600290",1906,1930,"Kern, California","Kern","California","060","Kern","0290",37715,1910,,,,,,,5643,14.9622,21137.85,"wave_coverage_differs;period_boundary_vintage_differs"
"G4802650",1906,1930,"Kerr, Texas","Kerr","Texas","480","Kerr","2650",5505,1910,,,,,,,1485,26.9755,2867.86,"wave_coverage_differs;period_boundary_vintage_differs"
"G4500550",1906,1930,"Kershaw, South Carolina","Kershaw","South Carolina","450","Kershaw","0550",27094,1910,,,,,,,13511,49.8671,2031.69,"wave_coverage_differs;period_boundary_vintage_differs"
"G5500610",1906,1930,"Kewaunee, Wisconsin","Kewaunee","Wisconsin","550","Kewaunee","0610",16784,1910,,,,,,,10528,62.7264,890.92,"wave_coverage_differs;period_boundary_vintage_differs"
"G2600830",1906,1930,"Keweenaw, Michigan","Keweenaw","Michigan","260","Keweenaw","0830",7156,1910,,,,,,,1363,19.047,1457.54,"wave_coverage_differs;period_boundary_vintage_differs"
"G3101030",1906,1930,"Keya Paha, Nebraska","Keya Paha","Nebraska","310","Keya Paha","1030",3452,1910,,,,,,,471,13.6443,2004.5,"wave_coverage_differs;period_boundary_vintage_differs"
"G3800430",1906,1930,"Kidder, North Dakota","Kidder","North Dakota","380","Kidder","0430",5962,1910,,,,,,,642,10.7682,3711.23,"wave_coverage_differs;period_boundary_vintage_differs"
"G3101050",1906,1930,"Kimball, Nebraska","Kimball","Nebraska","310","Kimball","1050",1942,1910,,,,,,,84,4.3254,2466.39,"wave_coverage_differs;period_boundary_vintage_differs"
"G4802670",1906,1930,"Kimble, Texas","Kimble","Texas","480","Kimble","2670",3261,1910,,,,,,,569,17.4486,3240.53,"wave_coverage_differs;period_boundary_vintage_differs"
"G4802690",1906,1930,"King, Texas","King","Texas","480","King","2690",810,1910,,,,,,,109,13.4568,2365.55,"wave_coverage_differs;period_boundary_vintage_differs"
"G5300330",1906,1930,"King, Washington","King","Washington","530","King","0330",284638,1910,,,,,,,57102,20.0613,5579.27,"wave_coverage_differs;period_boundary_vintage_differs"
"G5100970",1906,1930,"King And Queen, Virginia","King And Queen","Virginia","510","King And Queen","0970",9576,1910,,,,,,,5764,60.1921,829.09,"wave_coverage_differs;period_boundary_vintage_differs"
"G5100990",1906,1930,"King George, Virginia","King George","Virginia","510","King George","0990",6378,1910,,,,,,,3614,56.6635,476.92,"wave_coverage_differs;period_boundary_vintage_differs"
"G5101010",1906,1930,"King William, Virginia","King William","Virginia","510","King William","1010",8547,1910,,,,,,,4274,50.0059,737.04,"wave_coverage_differs;period_boundary_vintage_differs"
"G4000730",1906,1930,"Kingfisher, Oklahoma","Kingfisher","Oklahoma","400","Kingfisher","0730",18825,1910,,,,,,,5064,26.9004,2346.58,"wave_coverage_differs;period_boundary_vintage_differs"
"G2000950",1906,1930,"Kingman, Kansas","Kingman","Kansas","200","Kingman","0950",13386,1910,,,,,,,3471,25.9301,2244.64,"wave_coverage_differs;period_boundary_vintage_differs"
"G0600310",1906,1930,"Kings, California","Kings","California","060","Kings","0310",16230,1910,,,,,,,3774,23.2532,3604.07,"wave_coverage_differs;period_boundary_vintage_differs"
"G3600470",1906,1930,"Kings, New York","Kings","New York","360","Kings","0470",1634351,1910,,,,,,,601482,36.8025,185.36,"wave_coverage_differs;period_boundary_vintage_differs"
"G4600770",1906,1930,"Kingsbury, South Dakota","Kingsbury","South Dakota","460","Kingsbury","0770",12560,1910,,,,,,,3348,26.6561,2237.14,"wave_coverage_differs;period_boundary_vintage_differs"
"G4802710",1906,1930,"Kinney, Texas","Kinney","Texas","480","Kinney","2710",3401,1910,,,,,,,107,3.1461,3535.64,"wave_coverage_differs;period_boundary_vintage_differs"
"G0800610",1906,1930,"Kiowa, Colorado","Kiowa","Colorado","080","Kiowa","0610",2899,1910,,,,,,,49,1.6902,4625.48,"wave_coverage_differs;period_boundary_vintage_differs"
"G2000970",1906,1930,"Kiowa, Kansas","Kiowa","Kansas","200","Kiowa","0970",6174,1910,,,,,,,1116,18.0758,1872.22,"wave_coverage_differs;period_boundary_vintage_differs"
"G4000750",1906,1930,"Kiowa, Oklahoma","Kiowa","Oklahoma","400","Kiowa","0750",27526,1910,,,,,,,3935,14.2956,2669.48,"wave_coverage_differs;period_boundary_vintage_differs"
"G0800630",1906,1930,"Kit Carson, Colorado","Kit Carson","Colorado","080","Kit Carson","0630",7483,1910,,,,,,,406,5.4256,5598.76,"wave_coverage_differs;period_boundary_vintage_differs"
"G5300350",1906,1930,"Kitsap, Washington","Kitsap","Washington","530","Kitsap","0350",17647,1910,,,,,,,1759,9.9677,1032.93,"wave_coverage_differs;period_boundary_vintage_differs"
"G5300370",1906,1930,"Kittitas, Washington","Kittitas","Washington","530","Kittitas","0370",18561,1910,,,,,,,3806,20.5054,6043.11,"wave_coverage_differs;period_boundary_vintage_differs"
"G2700690",1906,1930,"Kittson, Minnesota","Kittson","Minnesota","270","Kittson","0690",9669,1910,,,,,,,2251,23.2806,2858.36,"wave_coverage_differs;period_boundary_vintage_differs"
"G4100350",1906,1930,"Klamath, Oregon","Klamath","Oregon","410","Klamath","0350",8554,1910,,,,,,,318,3.7176,15890.71,"wave_coverage_differs;period_boundary_vintage_differs"
"G5300390",1906,1930,"Klikatat, Washington","Klikatat","Washington","530","Klickitat","0390",10180,1910,,,,,,,1288,12.6523,4931.73,"wave_coverage_differs;period_boundary_vintage_differs"
"G2101190",1906,1930,"Knott, Kentucky","Knott","Kentucky","210","Knott","1190",10791,1910,,,,,,,252,2.3353,914.25,"wave_coverage_differs;period_boundary_vintage_differs"
"G1700950",1906,1930,"Knox, Illinois","Knox","Illinois","170","Knox","0950",46159,1910,,,,,,,14794,32.0501,1864.32,"wave_coverage_differs;period_boundary_vintage_differs"
"G1800830",1906,1930,"Knox, Indiana","Knox","Indiana","180","Knox","0830",39183,1910,,,,,,,14419,36.7991,1357.34,"wave_coverage_differs;period_boundary_vintage_differs"
"G2101210",1906,1930,"Knox, Kentucky","Knox","Kentucky","210","Knox","1210",22116,1910,,,,,,,6726,30.4124,1003.87,"wave_coverage_differs;period_boundary_vintage_differs"
"G2300130",1906,1930,"Knox, Maine","Knox","Maine","230","Knox","0130",28981,1910,,,,,,,6295,21.7211,975.24,"wave_coverage_differs;period_boundary_vintage_differs"
"G2901030",1906,1930,"Knox, Missouri","Knox","Missouri","290","Knox","1030",12403,1910,,,,,,,7834,63.1621,1312.7,"wave_coverage_differs;period_boundary_vintage_differs"
"G3101070",1906,1930,"Knox, Nebraska","Knox","Nebraska","310","Knox","1070",18358,1910,,,,,,,4146,22.5842,2951.87,"wave_coverage_differs;period_boundary_vintage_differs"
"G3900830",1906,1930,"Knox, Ohio","Knox","Ohio","390","Knox","0830",30181,1910,,,,,,,11607,38.458,1371.74,"wave_coverage_differs;period_boundary_vintage_differs"
"G4700930",1906,1930,"Knox, Tennessee","Knox","Tennessee","470","Knox","0930",94187,1910,,,,,,,28007,29.7355,1362,"wave_coverage_differs;period_boundary_vintage_differs"
"G4802750",1906,1930,"Knox, Texas","Knox","Texas","480","Knox","2750",9625,1910,,,,,,,2006,20.8416,2215.68,"wave_coverage_differs;period_boundary_vintage_differs"
"G2700710",1906,1930,"Koochiching, Minnesota","Koochiching","Minnesota","270","Koochiching","0710",6431,1910,,,,,,,126,1.9593,8168.83,"wave_coverage_differs;period_boundary_vintage_differs"
"G1600550",1906,1930,"Kootenai, Idaho","Kootenai","Idaho","160","Kootenai","0550",22747,1910,,,,,,,4372,19.2201,3407.45,"wave_coverage_differs;period_boundary_vintage_differs"
"G1800850",1906,1930,"Kosciusko, Indiana","Kosciusko","Indiana","180","Kosciusko","0850",27936,1910,,,,,,,8161,29.2132,1435.9,"wave_coverage_differs;period_boundary_vintage_differs"
"G1901090",1906,1930,"Kossuth, Iowa","Kossuth","Iowa","190","Kossuth","1090",21971,1910,,,,,,,7756,35.3011,2523.49,"wave_coverage_differs;period_boundary_vintage_differs"
"G5500630",1906,1930,"La Crosse, Wisconsin","La Crosse","Wisconsin","550","La Crosse","0630",43996,1910,,,,,,,24306,55.2459,1243.08,"wave_coverage_differs;period_boundary_vintage_differs"
"G3800450",1906,1930,"La Moure, North Dakota","La Moure","North Dakota","380","LaMoure","0450",10724,1910,,,,,,,2569,23.9556,2980.8,"wave_coverage_differs;period_boundary_vintage_differs"
"G0800670",1906,1930,"La Plata, Colorado","La Plata","Colorado","080","La Plata","0670",10812,1910,,,,,,,2617,24.2046,4402.76,"wave_coverage_differs;period_boundary_vintage_differs"
"G1700990",1906,1930,"La Salle, Illinois","La Salle","Illinois","170","La Salle","0990",90132,1910,,,,,,,46978,52.1213,2973.66,"wave_coverage_differs;period_boundary_vintage_differs"
"G2200590",1906,1930,"La Salle, Louisiana","La Salle","Louisiana","220","La Salle","0590",9402,1910,,,,,,,0,0,1715.62,"wave_coverage_differs;period_boundary_vintage_differs"
"G4802830",1906,1930,"La Salle, Texas","La Salle","Texas","480","La Salle","2830",4747,1910,,,,,,,255,5.3718,3869.94,"wave_coverage_differs;period_boundary_vintage_differs"
"G2000990",1906,1930,"Labette, Kansas","Labette","Kansas","200","Labette","0990",31423,1910,,,,,,,7350,23.3905,1691.57,"wave_coverage_differs;period_boundary_vintage_differs"
"G2700730",1906,1930,"Lac Qui Parle, Minnesota","Lac Qui Parle","Minnesota","270","Lac Qui Parle","0730",15435,1910,,,,,,,7782,50.4179,2019.43,"wave_coverage_differs;period_boundary_vintage_differs"
"G4200690",1906,1930,"Lackawanna, Pennsylvania","Lackawanna","Pennsylvania","420","Lackawanna","0690",259570,1910,,,,,,,140878,54.2736,1203.31,"wave_coverage_differs;period_boundary_vintage_differs"
"G2901050",1906,1930,"Laclede, Missouri","Laclede","Missouri","290","Laclede","1050",17363,1910,,,,,,,4799,27.6392,1989.11,"wave_coverage_differs;period_boundary_vintage_differs"
"G0500730",1906,1930,"Lafayette, Arkansas","Lafayette","Arkansas","050","Lafayette","0730",13741,1910,,,,,,,4866,35.4123,1411.82,"wave_coverage_differs;period_boundary_vintage_differs"
"G1200670",1906,1930,"Lafayette, Florida","Lafayette","Florida","120","Lafayette","0670",6710,1910,,,,,,,2133,31.7884,1419.08,"wave_coverage_differs;period_boundary_vintage_differs"
"G2200550",1906,1930,"Lafayette, Louisiana","Lafayette","Louisiana","220","Lafayette","0550",28733,1910,,,,,,,23414,81.4882,700.08,"wave_coverage_differs;period_boundary_vintage_differs"
"G2800710",1906,1930,"Lafayette, Mississippi","Lafayette","Mississippi","280","Lafayette","0710",21883,1910,,,,,,,6994,31.9609,1759.3,"wave_coverage_differs;period_boundary_vintage_differs"
"G2901070",1906,1930,"Lafayette, Missouri","Lafayette","Missouri","290","Lafayette","1070",30154,1910,,,,,,,13888,46.0569,1655.6,"wave_coverage_differs;period_boundary_vintage_differs"
"G5500650",1906,1930,"Lafayette, Wisconsin","Lafayette","Wisconsin","550","Lafayette","0650",20075,1910,,,,,,,8765,43.6613,1643.52,"wave_coverage_differs;period_boundary_vintage_differs"
"G2200570",1906,1930,"Lafourche, Louisiana","Lafourche","Louisiana","220","Lafourche","0570",33111,1910,,,,,,,24890,75.1714,3053.08,"wave_coverage_differs;period_boundary_vintage_differs"
"G1800870",1906,1930,"Lagrange, Indiana","Lagrange","Indiana","180","Lagrange","0870",15148,1910,,,,,,,4719,31.1526,1001.56,"wave_coverage_differs;period_boundary_vintage_differs"
"G0600330",1906,1930,"Lake, California","Lake","California","060","Lake","0330",5526,1910,,,,,,,1273,23.0366,3443.2,"wave_coverage_differs;period_boundary_vintage_differs"
"G0800650",1906,1930,"Lake, Colorado","Lake","Colorado","080","Lake","0650",10600,1910,,,,,,,3856,36.3774,994.33,"wave_coverage_differs;period_boundary_vintage_differs"
"G1200690",1906,1930,"Lake, Florida","Lake","Florida","120","Lake","0690",9509,1910,,,,,,,2585,27.1848,2996.59,"wave_coverage_differs;period_boundary_vintage_differs"
"G1700970",1906,1930,"Lake, Illinois","Lake","Illinois","170","Lake","0970",55058,1910,,,,,,,18163,32.9888,1218.79,"wave_coverage_differs;period_boundary_vintage_differs"
"G1800890",1906,1930,"Lake, Indiana","Lake","Indiana","180","Lake","0890",82864,1910,,,,,,,17834,21.522,1304.9,"wave_coverage_differs;period_boundary_vintage_differs"
"G2600850",1906,1930,"Lake, Michigan","Lake","Michigan","260","Lake","0850",4939,1910,,,,,,,648,13.1201,1487.39,"wave_coverage_differs;period_boundary_vintage_differs"
"G2700750",1906,1930,"Lake, Minnesota","Lake","Minnesota","270","Lake","0750",8011,1910,,,,,,,1662,20.7465,5926.1,"wave_coverage_differs;period_boundary_vintage_differs"
"G3900850",1906,1930,"Lake, Ohio","Lake","Ohio","390","Lake","0850",22927,1910,,,,,,,7772,33.8989,598.88,"wave_coverage_differs;period_boundary_vintage_differs"
"G4100370",1906,1930,"Lake, Oregon","Lake","Oregon","410","Lake","0370",4658,1910,,,,,,,248,5.3242,21647.91,"wave_coverage_differs;period_boundary_vintage_differs"
"G4600790",1906,1930,"Lake, South Dakota","Lake","South Dakota","460","Lake","0790",10711,1910,,,,,,,4781,44.6364,1489.66,"wave_coverage_differs;period_boundary_vintage_differs"
"G4700950",1906,1930,"Lake, Tennessee","Lake","Tennessee","470","Lake","0950",8704,1910,,,,,,,1820,20.9099,502.11,"wave_coverage_differs;period_boundary_vintage_differs"
"G0100750",1906,1930,"Lamar, Alabama","Lamar","Alabama","010","Lamar","0750",17487,1910,,,,,,,5245,29.9937,1568.14,"wave_coverage_differs;period_boundary_vintage_differs"
"G2800730",1906,1930,"Lamar, Mississippi","Lamar","Mississippi","280","Lamar","0730",11741,1910,,,,,,,3226,27.4764,1296.11,"wave_coverage_differs;period_boundary_vintage_differs"
"G4802770",1906,1930,"Lamar, Texas","Lamar","Texas","480","Lamar","2770",46544,1910,,,,,,,12398,26.6372,2416.69,"wave_coverage_differs;period_boundary_vintage_differs"
"G4802790",1906,1930,"Lamb, Texas","Lamb","Texas","480","Lamb","2790",540,1910,,,,,,,17,3.1481,2635.87,"wave_coverage_differs;period_boundary_vintage_differs"
"G5000150",1906,1930,"Lamoille, Vermont","Lamoille","Vermont","500","Lamoille","0150",12585,1910,,,,,,,2577,20.4768,1200.94,"wave_coverage_differs;period_boundary_vintage_differs"
"G4802810",1906,1930,"Lampasas, Texas","Lampasas","Texas","480","Lampasas","2810",9532,1910,,,,,,,2838,29.7734,1849.08,"wave_coverage_differs;period_boundary_vintage_differs"
"G3101090",1906,1930,"Lancaster, Nebraska","Lancaster","Nebraska","310","Lancaster","1090",73793,1910,,,,,,,26926,36.4886,2192.11,"wave_coverage_differs;period_boundary_vintage_differs"
"G4200710",1906,1930,"Lancaster, Pennsylvania","Lancaster","Pennsylvania","420","Lancaster","0710",167029,1910,,,,,,,60425,36.1764,2547.71,"wave_coverage_differs;period_boundary_vintage_differs"
"G4500570",1906,1930,"Lancaster, South Carolina","Lancaster","South Carolina","450","Lancaster","0570",26650,1910,,,,,,,12620,47.3546,1323.72,"wave_coverage_differs;period_boundary_vintage_differs"
"G5101030",1906,1930,"Lancaster, Virginia","Lancaster","Virginia","510","Lancaster","1030",9752,1910,,,,,,,4696,48.1542,347.9,"wave_coverage_differs;period_boundary_vintage_differs"
"G3200150",1906,1930,"Lander, Nevada","Lander","Nevada","320","Lander","0150",1786,1910,,,,,,,75,4.1993,14295.43,"wave_coverage_differs;period_boundary_vintage_differs"
"G2001010",1906,1930,"Lane, Kansas","Lane","Kansas","200","Lane","1010",2603,1910,,,,,,,582,22.3588,1858.75,"wave_coverage_differs;period_boundary_vintage_differs"
"G4100390",1906,1930,"Lane, Oregon","Lane","Oregon","410","Lane","0390",33783,1910,,,,,,,6942,20.5488,11963.62,"wave_coverage_differs;period_boundary_vintage_differs"
"G5500670",1906,1930,"Langlade, Wisconsin","Langlade","Wisconsin","550","Langlade","0670",17062,1910,,,,,,,5458,31.9892,2299.58,"wave_coverage_differs;period_boundary_vintage_differs"
"G2600870",1906,1930,"Lapeer, Michigan","Lapeer","Michigan","260","Lapeer","0870",26033,1910,,,,,,,4642,17.8312,1716.76,"wave_coverage_differs;period_boundary_vintage_differs"
"G1800910",1906,1930,"Laporte, Indiana","Laporte","Indiana","180","LaPorte","0910",45797,1910,,,,,,,16401,35.8124,1563.94,"wave_coverage_differs;period_boundary_vintage_differs"
"G5600210",1906,1930,"Laramie, Wyoming","Laramie","Wyoming","560","Laramie","0210",26127,1910,,,,,,,4786,18.3182,6960.7,"wave_coverage_differs;period_boundary_vintage_differs"
"G0800690",1906,1930,"Larimer, Colorado","Larimer","Colorado","080","Larimer","0690",25270,1910,,,,,,,6915,27.3645,6821.89,"wave_coverage_differs;period_boundary_vintage_differs"
"G2101230",1906,1930,"Larue, Kentucky","Larue","Kentucky","210","Larue","1230",10701,1910,,,,,,,4340,40.557,683.34,"wave_coverage_differs;period_boundary_vintage_differs"
"G0800710",1906,1930,"Las Animas, Colorado","Las Animas","Colorado","080","Las Animas","0710",33643,1910,,,,,,,17844,53.0393,12368.41,"wave_coverage_differs;period_boundary_vintage_differs"
"G0600350",1906,1930,"Lassen, California","Lassen","California","060","Lassen","0350",4802,1910,,,,,,,217,4.519,12225.17,"wave_coverage_differs;period_boundary_vintage_differs"
"G1600570",1906,1930,"Latah, Idaho","Latah","Idaho","160","Latah","0570",18818,1910,,,,,,,4444,23.6157,2789.2,"wave_coverage_differs;period_boundary_vintage_differs"
"G4000770",1906,1930,"Latimer, Oklahoma","Latimer","Oklahoma","400","Latimer","0770",11321,1910,,,,,,,1392,12.2957,1888.37,"wave_coverage_differs;period_boundary_vintage_differs"
"G0100770",1906,1930,"Lauderdale, Alabama","Lauderdale","Alabama","010","Lauderdale","0770",30936,1910,,,,,,,9980,32.2601,1867.35,"wave_coverage_differs;period_boundary_vintage_differs"
"G2800750",1906,1930,"Lauderdale, Mississippi","Lauderdale","Mississippi","280","Lauderdale","0750",46919,1910,,,,,,,18427,39.2741,1852.53,"wave_coverage_differs;period_boundary_vintage_differs"
"G4700970",1906,1930,"Lauderdale, Tennessee","Lauderdale","Tennessee","470","Lauderdale","0970",21105,1910,,,,,,,9214,43.6579,1315.09,"wave_coverage_differs;period_boundary_vintage_differs"
"G2101250",1906,1930,"Laurel, Kentucky","Laurel","Kentucky","210","Laurel","1250",19872,1910,,,,,,,6419,32.3017,1149.57,"wave_coverage_differs;period_boundary_vintage_differs"
"G1301750",1906,1930,"Laurens, Georgia","Laurens","Georgia","130","Laurens","1750",35501,1910,,,,,,,12774,35.9821,2119.8,"wave_coverage_differs;period_boundary_vintage_differs"
"G4500590",1906,1930,"Laurens, South Carolina","Laurens","South Carolina","450","Laurens","0590",41550,1910,,,,,,,15283,36.7822,1874.73,"wave_coverage_differs;period_boundary_vintage_differs"
"G4802850",1906,1930,"Lavaca, Texas","Lavaca","Texas","480","Lavaca","2850",26418,1910,,,,,,,13449,50.9085,2513.51,"wave_coverage_differs;period_boundary_vintage_differs"
"G0100790",1906,1930,"Lawrence, Alabama","Lawrence","Alabama","010","Lawrence","0790",21984,1910,,,,,,,7396,33.6426,1857.53,"wave_coverage_differs;period_boundary_vintage_differs"
"G0500750",1906,1930,"Lawrence, Arkansas","Lawrence","Arkansas","050","Lawrence","0750",20001,1910,,,,,,,3038,15.1892,1534.17,"wave_coverage_differs;period_boundary_vintage_differs"
"G1701010",1906,1930,"Lawrence, Illinois","Lawrence","Illinois","170","Lawrence","1010",22661,1910,,,,,,,5549,24.487,969.01,"wave_coverage_differs;period_boundary_vintage_differs"
"G1800930",1906,1930,"Lawrence, Indiana","Lawrence","Indiana","180","Lawrence","0930",30625,1910,,,,,,,8352,27.2718,1169.49,"wave_coverage_differs;period_boundary_vintage_differs"
"G2101270",1906,1930,"Lawrence, Kentucky","Lawrence","Kentucky","210","Lawrence","1270",20067,1910,,,,,,,2759,13.7489,1088.36,"wave_coverage_differs;period_boundary_vintage_differs"
"G2800770",1906,1930,"Lawrence, Mississippi","Lawrence","Mississippi","280","Lawrence","0770",13080,1910,,,,,,,4429,33.8609,1128.64,"wave_coverage_differs;period_boundary_vintage_differs"
"G2901090",1906,1930,"Lawrence, Missouri","Lawrence","Missouri","290","Lawrence","1090",26583,1910,,,,,,,9941,37.3961,1588.64,"wave_coverage_differs;period_boundary_vintage_differs"
"G3900870",1906,1930,"Lawrence, Ohio","Lawrence","Ohio","390","Lawrence","0870",39488,1910,,,,,,,12777,32.3567,1186.02,"wave_coverage_differs;period_boundary_vintage_differs"
"G4200730",1906,1930,"Lawrence, Pennsylvania","Lawrence","Pennsylvania","420","Lawrence","0730",70032,1910,,,,,,,26341,37.6128,939.44,"wave_coverage_differs;period_boundary_vintage_differs"
"G4600810",1906,1930,"Lawrence, South Dakota","Lawrence","South Dakota","460","Lawrence","0810",19694,1910,,,,,,,7689,39.0423,2072.8,"wave_coverage_differs;period_boundary_vintage_differs"
"G4700990",1906,1930,"Lawrence, Tennessee","Lawrence","Tennessee","470","Lawrence","0990",17569,1910,,,,,,,4260,24.2473,1600.58,"wave_coverage_differs;period_boundary_vintage_differs"
"G4000790",1906,1930,"Le Flore, Oklahoma","Le Flore","Oklahoma","400","Le Flore","0790",29127,1910,,,,,,,2874,9.8671,4165.43,"wave_coverage_differs;period_boundary_vintage_differs"
"G2700790",1906,1930,"Le Sueur, Minnesota","Le Sueur","Minnesota","270","Le Sueur","0790",18609,1910,,,,,,,12038,64.6891,1227.18,"wave_coverage_differs;period_boundary_vintage_differs"
"G2800790",1906,1930,"Leake, Mississippi","Leake","Mississippi","280","Leake","0790",18298,1910,,,,,,,5519,30.1618,1516.37,"wave_coverage_differs;period_boundary_vintage_differs"
"G2001030",1906,1930,"Leavenworth, Kansas","Leavenworth","Kansas","200","Leavenworth","1030",41207,1910,,,,,,,12474,30.2716,1214.78,"wave_coverage_differs;period_boundary_vintage_differs"
"G4200750",1906,1930,"Lebanon, Pennsylvania","Lebanon","Pennsylvania","420","Lebanon","0750",59565,1910,,,,,,,21492,36.0816,939.13,"wave_coverage_differs;period_boundary_vintage_differs"
"G0100810",1906,1930,"Lee, Alabama","Lee","Alabama","010","Lee","0810",32867,1910,,,,,,,14255,43.3718,1556.99,"wave_coverage_differs;period_boundary_vintage_differs"
"G0500770",1906,1930,"Lee, Arkansas","Lee","Arkansas","050","Lee","0770",24252,1910,,,,,,,5736,23.6517,1604.5,"wave_coverage_differs;period_boundary_vintage_differs"
"G1200710",1906,1930,"Lee, Florida","Lee","Florida","120","Lee","0710",6294,1910,,,,,,,776,12.3292,2123.28,"wave_coverage_differs;period_boundary_vintage_differs"
"G1301770",1906,1930,"Lee, Georgia","Lee","Georgia","130","Lee","1770",11679,1910,,,,,,,6580,56.3404,936.94,"wave_coverage_differs;period_boundary_vintage_differs"
"G1701030",1906,1930,"Lee, Illinois","Lee","Illinois","170","Lee","1030",27750,1910,,,,,,,12304,44.3387,1887.78,"wave_coverage_differs;period_boundary_vintage_differs"
"G1901110",1906,1930,"Lee, Iowa","Lee","Iowa","190","Lee","1110",36702,1910,,,,,,,14796,40.3139,1395.55,"wave_coverage_differs;period_boundary_vintage_differs"
"G2101290",1906,1930,"Lee, Kentucky","Lee","Kentucky","210","Lee","1290",9531,1910,,,,,,,1152,12.0869,546.66,"wave_coverage_differs;period_boundary_vintage_differs"
"G2800810",1906,1930,"Lee, Mississippi","Lee","Mississippi","280","Lee","0810",28894,1910,,,,,,,10647,36.8485,1173.72,"wave_coverage_differs;period_boundary_vintage_differs"
"G3701050",1906,1930,"Lee, North Carolina","Lee","North Carolina","370","Lee","1050",11376,1910,,,,,,,670,5.8896,670.92,"wave_coverage_differs;period_boundary_vintage_differs"
"G4500610",1906,1930,"Lee, South Carolina","Lee","South Carolina","450","Lee","0610",25318,1910,,,,,,,9030,35.6663,1065.1,"wave_coverage_differs;period_boundary_vintage_differs"
"G4802870",1906,1930,"Lee, Texas","Lee","Texas","480","Lee","2870",13132,1910,,,,,,,4282,32.6074,1642.32,"wave_coverage_differs;period_boundary_vintage_differs"
"G5101050",1906,1930,"Lee, Virginia","Lee","Virginia","510","Lee","1050",23840,1910,,,,,,,5837,24.4841,1132.66,"wave_coverage_differs;period_boundary_vintage_differs"
"G2600890",1906,1930,"Leelanau, Michigan","Leelanau","Michigan","260","Leelanau","0890",10608,1910,,,,,,,4255,40.1112,973.22,"wave_coverage_differs;period_boundary_vintage_differs"
"G2800830",1906,1930,"Leflore, Mississippi","Leflore","Mississippi","280","Leflore","0830",36290,1910,,,,,,,9254,25.5001,1570.56,"wave_coverage_differs;period_boundary_vintage_differs"
"G4200770",1906,1930,"Lehigh, Pennsylvania","Lehigh","Pennsylvania","420","Lehigh","0770",118832,1910,,,,,,,49475,41.6344,902.12,"wave_coverage_differs;period_boundary_vintage_differs"
"G1600590",1906,1930,"Lemhi, Idaho","Lemhi","Idaho","160","Lemhi","0590",4786,1910,,,,,,,455,9.5069,11833.15,"wave_coverage_differs;period_boundary_vintage_differs"
"G2600910",1906,1930,"Lenawee, Michigan","Lenawee","Michigan","260","Lenawee","0910",47907,1910,,,,,,,11846,24.7271,1972.04,"wave_coverage_differs;period_boundary_vintage_differs"
"G3701070",1906,1930,"Lenoir, North Carolina","Lenoir","North Carolina","370","Lenoir","1070",22769,1910,,,,,,,7611,33.427,1039.99,"wave_coverage_differs;period_boundary_vintage_differs"
"G1200730",1906,1930,"Leon, Florida","Leon","Florida","120","Leon","0730",19427,1910,,,,,,,7436,38.2766,1817.63,"wave_coverage_differs;period_boundary_vintage_differs"
"G4802890",1906,1930,"Leon, Texas","Leon","Texas","480","Leon","2890",16583,1910,,,,,,,5389,32.4971,2799,"wave_coverage_differs;period_boundary_vintage_differs"
"G2101310",1906,1930,"Leslie, Kentucky","Leslie","Kentucky","210","Leslie","1310",8976,1910,,,,,,,719,8.0102,1047.56,"wave_coverage_differs;period_boundary_vintage_differs"
"G2101330",1906,1930,"Letcher, Kentucky","Letcher","Kentucky","210","Letcher","1330",10623,1910,,,,,,,362,3.4077,878.32,"wave_coverage_differs;period_boundary_vintage_differs"
"G1200750",1906,1930,"Levy, Florida","Levy","Florida","120","Levy","0750",10361,1910,,,,,,,2075,20.027,2941.66,"wave_coverage_differs;period_boundary_vintage_differs"
"G2101350",1906,1930,"Lewis, Kentucky","Lewis","Kentucky","210","Lewis","1350",16887,1910,,,,,,,4672,27.6663,1283.82,"wave_coverage_differs;period_boundary_vintage_differs"
"G2901110",1906,1930,"Lewis, Missouri","Lewis","Missouri","290","Lewis","1110",15514,1910,,,,,,,8967,57.7994,1322.96,"wave_coverage_differs;period_boundary_vintage_differs"
"G3600490",1906,1930,"Lewis, New York","Lewis","New York","360","Lewis","0490",24849,1910,,,,,,,9266,37.2892,3340.92,"wave_coverage_differs;period_boundary_vintage_differs"
"G4701010",1906,1930,"Lewis, Tennessee","Lewis","Tennessee","470","Lewis","1010",6033,1910,,,,,,,923,15.2992,731.64,"wave_coverage_differs;period_boundary_vintage_differs"
"G5300410",1906,1930,"Lewis, Washington","Lewis","Washington","530","Lewis","0410",32127,1910,,,,,,,5189,16.1515,6308.11,"wave_coverage_differs;period_boundary_vintage_differs"
"G5400410",1906,1930,"Lewis, West Virginia","Lewis","West Virginia","540","Lewis","0410",18281,1910,,,,,,,5938,32.4818,1009.23,"wave_coverage_differs;period_boundary_vintage_differs"
"G3000490",1906,1930,"Lewis and Clark, Montana","Lewis And Clark","Montana","300","Lewis And Clark","0490",21853,1910,,,,,,,5486,25.1041,9059.14,"wave_coverage_differs;period_boundary_vintage_differs"
"G4500630",1906,1930,"Lexington, South Carolina","Lexington","South Carolina","450","Lexington","0630",32040,1910,,,,,,,15787,49.2728,1985.13,"wave_coverage_differs;period_boundary_vintage_differs"
"G1200770",1906,1930,"Liberty, Florida","Liberty","Florida","120","Liberty","0770",4700,1910,,,,,,,696,14.8085,2183.91,"wave_coverage_differs;period_boundary_vintage_differs"
"G1301790",1906,1930,"Liberty, Georgia","Liberty","Georgia","130","Liberty","1790",12924,1910,,,,,,,6725,52.035,1359.7,"wave_coverage_differs;period_boundary_vintage_differs"
"G4802910",1906,1930,"Liberty, Texas","Liberty","Texas","480","Liberty","2910",10686,1910,,,,,,,2146,20.0824,3046.65,"wave_coverage_differs;period_boundary_vintage_differs"
"G3900890",1906,1930,"Licking, Ohio","Licking","Ohio","390","Licking","0890",55590,1910,,,,,,,19598,35.2545,1780.59,"wave_coverage_differs;period_boundary_vintage_differs"
"G0100830",1906,1930,"Limestone, Alabama","Limestone","Alabama","010","Limestone","0830",26880,1910,,,,,,,7600,28.2738,1572.62,"wave_coverage_differs;period_boundary_vintage_differs"
"G4802930",1906,1930,"Limestone, Texas","Limestone","Texas","480","Limestone","2930",34621,1910,,,,,,,8817,25.4672,2416.9,"wave_coverage_differs;period_boundary_vintage_differs"
"G0500790",1906,1930,"Lincoln, Arkansas","Lincoln","Arkansas","050","Lincoln","0790",15118,1910,,,,,,,3259,21.5571,1481.95,"wave_coverage_differs;period_boundary_vintage_differs"
"G0800730",1906,1930,"Lincoln, Colorado","Lincoln","Colorado","080","Lincoln","0730",5917,1910,,,,,,,169,2.8562,6698.96,"wave_coverage_differs;period_boundary_vintage_differs"
"G1301810",1906,1930,"Lincoln, Georgia","Lincoln","Georgia","130","Lincoln","1810",8714,1910,,,,,,,3943,45.249,666.38,"wave_coverage_differs;period_boundary_vintage_differs"
"G1600630",1906,1930,"Lincoln, Idaho","Lincoln","Idaho","160","Lincoln","0630",12676,1910,,,,,,,631,4.9779,3123.24,"wave_coverage_differs;period_boundary_vintage_differs"
"G2001050",1906,1930,"Lincoln, Kansas","Lincoln","Kansas","200","Lincoln","1050",10142,1910,,,,,,,2895,28.5447,1865.98,"wave_coverage_differs;period_boundary_vintage_differs"
"G2101370",1906,1930,"Lincoln, Kentucky","Lincoln","Kentucky","210","Lincoln","1370",17897,1910,,,,,,,7171,40.0682,871.18,"wave_coverage_differs;period_boundary_vintage_differs"
"G2200610",1906,1930,"Lincoln, Louisiana","Lincoln","Louisiana","220","Lincoln","0610",18485,1910,,,,,,,6898,37.3167,1223.28,"wave_coverage_differs;period_boundary_vintage_differs"
"G2300150",1906,1930,"Lincoln, Maine","Lincoln","Maine","230","Lincoln","0150",18216,1910,,,,,,,4085,22.4253,1232.47,"wave_coverage_differs;period_boundary_vintage_differs"
"G2700810",1906,1930,"Lincoln, Minnesota","Lincoln","Minnesota","270","Lincoln","0810",9874,1910,,,,,,,4634,46.9313,1420.45,"wave_coverage_differs;period_boundary_vintage_differs"
"G2800850",1906,1930,"Lincoln, Mississippi","Lincoln","Mississippi","280","Lincoln","0850",28597,1910,,,,,,,12006,41.9834,1523.36,"wave_coverage_differs;period_boundary_vintage_differs"
"G2901130",1906,1930,"Lincoln, Missouri","Lincoln","Missouri","290","Lincoln","1130",17033,1910,,,,,,,9045,53.1028,1658.79,"wave_coverage_differs;period_boundary_vintage_differs"
"G3000530",1906,1930,"Lincoln, Montana","Lincoln","Montana","300","Lincoln","0530",3638,1910,,,,,,,0,0,9518,"wave_coverage_differs;period_boundary_vintage_differs"
"G3101110",1906,1930,"Lincoln, Nebraska","Lincoln","Nebraska","310","Lincoln","1110",15684,1910,,,,,,,2386,15.213,6669.43,"wave_coverage_differs;period_boundary_vintage_differs"
"G3200170",1906,1930,"Lincoln, Nevada","Lincoln","Nevada","320","Lincoln","0170",3489,1910,,,,,,,888,25.4514,27549.65,"wave_coverage_differs;period_boundary_vintage_differs"
"G3701090",1906,1930,"Lincoln, North Carolina","Lincoln","North Carolina","370","Lincoln","1090",17132,1910,,,,,,,8228,48.0271,795.23,"wave_coverage_differs;period_boundary_vintage_differs"
"G4000810",1906,1930,"Lincoln, Oklahoma","Lincoln","Oklahoma","400","Lincoln","0810",34779,1910,,,,,,,6788,19.5175,2501.11,"wave_coverage_differs;period_boundary_vintage_differs"
"G4100410",1906,1930,"Lincoln, Oregon","Lincoln","Oregon","410","Lincoln","0410",5587,1910,,,,,,,722,12.9229,2592.02,"wave_coverage_differs;period_boundary_vintage_differs"
"G4600830",1906,1930,"Lincoln, South Dakota","Lincoln","South Dakota","460","Lincoln","0830",12712,1910,,,,,,,3158,24.8427,1496.36,"wave_coverage_differs;period_boundary_vintage_differs"
"G4701030",1906,1930,"Lincoln, Tennessee","Lincoln","Tennessee","470","Lincoln","1030",25908,1910,,,,,,,8968,34.6148,1478.13,"wave_coverage_differs;period_boundary_vintage_differs"
"G5300430",1906,1930,"Lincoln, Washington","Lincoln","Washington","530","Lincoln","0430",17539,1910,,,,,,,4137,23.5874,6058.91,"wave_coverage_differs;period_boundary_vintage_differs"
"G5400430",1906,1930,"Lincoln, West Virginia","Lincoln","West Virginia","540","Lincoln","0430",20491,1910,,,,,,,2810,13.7133,1135.95,"wave_coverage_differs;period_boundary_vintage_differs"
"G5500690",1906,1930,"Lincoln, Wisconsin","Lincoln","Wisconsin","550","Lincoln","0690",19064,1910,,,,,,,9173,48.1169,2349.12,"wave_coverage_differs;period_boundary_vintage_differs"
"G1901130",1906,1930,"Linn, Iowa","Linn","Iowa","190","Linn","1130",60720,1910,,,,,,,19240,31.6864,1876.46,"wave_coverage_differs;period_boundary_vintage_differs"
"G2001070",1906,1930,"Linn, Kansas","Linn","Kansas","200","Linn","1070",14735,1910,,,,,,,2703,18.3441,1570.49,"wave_coverage_differs;period_boundary_vintage_differs"
"G2901150",1906,1930,"Linn, Missouri","Linn","Missouri","290","Linn","1150",25253,1910,,,,,,,9003,35.6512,1609.35,"wave_coverage_differs;period_boundary_vintage_differs"
"G4100430",1906,1930,"Linn, Oregon","Linn","Oregon","410","Linn","0430",22662,1910,,,,,,,4729,20.8675,5979.91,"wave_coverage_differs;period_boundary_vintage_differs"
"G4802950",1906,1930,"Lipscomb, Texas","Lipscomb","Texas","480","Lipscomb","2950",2634,1910,,,,,,,205,7.7828,2414.63,"wave_coverage_differs;period_boundary_vintage_differs"
"G0900050",1906,1930,"Litchfield, Connecticut","Litchfield","Connecticut","090","Litchfield","0050",70260,1910,,,,,,,30396,43.2622,2446.51,"wave_coverage_differs;period_boundary_vintage_differs"
"G0500810",1906,1930,"Little River, Arkansas","Little River","Arkansas","050","Little River","0810",13597,1910,,,,,,,4635,34.0884,1461.73,"wave_coverage_differs;period_boundary_vintage_differs"
"G4802970",1906,1930,"Live Oak, Texas","Live Oak","Texas","480","Live Oak","2970",3442,1910,,,,,,,313,9.0936,2794.33,"wave_coverage_differs;period_boundary_vintage_differs"
"G1701050",1906,1930,"Livingston, Illinois","Livingston","Illinois","170","Livingston","1050",40465,1910,,,,,,,15631,38.6284,2708.93,"wave_coverage_differs;period_boundary_vintage_differs"
"G2101390",1906,1930,"Livingston, Kentucky","Livingston","Kentucky","210","Livingston","1390",10627,1910,,,,,,,3544,33.349,886.05,"wave_coverage_differs;period_boundary_vintage_differs"
"G2200630",1906,1930,"Livingston, Louisiana","Livingston","Louisiana","220","Livingston","0630",10627,1910,,,,,,,4399,41.3946,1819.9,"wave_coverage_differs;period_boundary_vintage_differs"
"G2600930",1906,1930,"Livingston, Michigan","Livingston","Michigan","260","Livingston","0930",17736,1910,,,,,,,4141,23.348,1516.19,"wave_coverage_differs;period_boundary_vintage_differs"
"G2901170",1906,1930,"Livingston, Missouri","Livingston","Missouri","290","Livingston","1170",19453,1910,,,,,,,7525,38.683,1394.88,"wave_coverage_differs;period_boundary_vintage_differs"
"G3600510",1906,1930,"Livingston, New York","Livingston","New York","360","Livingston","0510",38037,1910,,,,,,,8321,21.8761,1658.71,"wave_coverage_differs;period_boundary_vintage_differs"
"G4802990",1906,1930,"Llano, Texas","Llano","Texas","480","Llano","2990",6520,1910,,,,,,,1605,24.6166,2502.42,"wave_coverage_differs;period_boundary_vintage_differs"
"G0500830",1906,1930,"Logan, Arkansas","Logan","Arkansas","050","Logan","0830",26350,1910,,,,,,,6576,24.9564,1894.71,"wave_coverage_differs;period_boundary_vintage_differs"
"G0800750",1906,1930,"Logan, Colorado","Logan","Colorado","080","Logan","0750",9549,1910,,,,,,,1230,12.8809,4778.31,"wave_coverage_differs;period_boundary_vintage_differs"
"G1701070",1906,1930,"Logan, Illinois","Logan","Illinois","170","Logan","1070",30216,1910,,,,,,,11667,38.612,1603.01,"wave_coverage_differs;period_boundary_vintage_differs"
"G2001090",1906,1930,"Logan, Kansas","Logan","Kansas","200","Logan","1090",4240,1910,,,,,,,589,13.8915,2779.32,"wave_coverage_differs;period_boundary_vintage_differs"
"G2101410",1906,1930,"Logan, Kentucky","Logan","Kentucky","210","Logan","1410",24977,1910,,,,,,,10390,41.5983,1442.81,"wave_coverage_differs;period_boundary_vintage_differs"
"G3101130",1906,1930,"Logan, Nebraska","Logan","Nebraska","310","Logan","1130",1521,1910,,,,,,,208,13.6752,1479.21,"wave_coverage_differs;period_boundary_vintage_differs"
"G3800470",1906,1930,"Logan, North Dakota","Logan","North Dakota","380","Logan","0470",6168,1910,,,,,,,803,13.0188,2619.08,"wave_coverage_differs;period_boundary_vintage_differs"
"G3900910",1906,1930,"Logan, Ohio","Logan","Ohio","390","Logan","0910",30084,1910,,,,,,,12891,42.85,1208.92,"wave_coverage_differs;period_boundary_vintage_differs"
"G4000830",1906,1930,"Logan, Oklahoma","Logan","Oklahoma","400","Logan","0830",31740,1910,,,,,,,7199,22.6812,1939.28,"wave_coverage_differs;period_boundary_vintage_differs"
"G5400450",1906,1930,"Logan, West Virginia","Logan","West Virginia","540","Logan","0450",14476,1910,,,,,,,938,6.4797,1180.08,"wave_coverage_differs;period_boundary_vintage_differs"
"G0500850",1906,1930,"Lonoke, Arkansas","Lonoke","Arkansas","050","Lonoke","0850",27983,1910,,,,,,,7958,28.4387,2079.25,"wave_coverage_differs;period_boundary_vintage_differs"
"G3900930",1906,1930,"Lorain, Ohio","Lorain","Ohio","390","Lorain","0930",76037,1910,,,,,,,20789,27.3406,1281.78,"wave_coverage_differs;period_boundary_vintage_differs"
"G0600370",1906,1930,"Los Angeles, California","Los Angeles","California","060","Los Angeles","0370",504131,1910,,,,,,,126249,25.0429,10583.85,"wave_coverage_differs;period_boundary_vintage_differs"
"G4701050",1906,1930,"Loudon, Tennessee","Loudon","Tennessee","470","Loudon","1050",13612,1910,,,,,,,3441,25.2792,616.16,"wave_coverage_differs;period_boundary_vintage_differs"
"G5101070",1906,1930,"Loudoun, Virginia","Loudoun","Virginia","510","Loudoun","1070",21167,1910,,,,,,,7606,35.9333,1349.91,"wave_coverage_differs;period_boundary_vintage_differs"
"G1901150",1906,1930,"Louisa, Iowa","Louisa","Iowa","190","Louisa","1150",12855,1910,,,,,,,3782,29.4205,1081.37,"wave_coverage_differs;period_boundary_vintage_differs"
"G5101090",1906,1930,"Louisa, Virginia","Louisa","Virginia","510","Louisa","1090",16578,1910,,,,,,,10524,63.4817,1323.11,"wave_coverage_differs;period_boundary_vintage_differs"
"G3101150",1906,1930,"Loup, Nebraska","Loup","Nebraska","310","Loup","1150",2188,1910,,,,,,,97,4.4333,1479.08,"wave_coverage_differs;period_boundary_vintage_differs"
"G4000850",1906,1930,"Love, Oklahoma","Love","Oklahoma","400","Love","0850",10236,1910,,,,,,,2122,20.7308,1378.79,"wave_coverage_differs;period_boundary_vintage_differs"
"G4803010",1906,1930,"Loving, Texas","Loving","Texas","480","Loving","3010",249,1910,,,,,,,0,0,1752.64,"wave_coverage_differs;period_boundary_vintage_differs"
"G0100850",1906,1930,"Lowndes, Alabama","Lowndes","Alabama","010","Lowndes","0850",31894,1910,,,,,,,16338,51.2259,1877.93,"wave_coverage_differs;period_boundary_vintage_differs"
"G1301850",1906,1930,"Lowndes, Georgia","Lowndes","Georgia","130","Lowndes","1850",24436,1910,,,,,,,8179,33.4711,1322.17,"wave_coverage_differs;period_boundary_vintage_differs"
"G2800870",1906,1930,"Lowndes, Mississippi","Lowndes","Mississippi","280","Lowndes","0870",30703,1910,,,,,,,12308,40.0873,1337.64,"wave_coverage_differs;period_boundary_vintage_differs"
"G4803030",1906,1930,"Lubbock, Texas","Lubbock","Texas","480","Lubbock","3030",3624,1910,,,,,,,232,6.4018,2332.81,"wave_coverage_differs;period_boundary_vintage_differs"
"G1901170",1906,1930,"Lucas, Iowa","Lucas","Iowa","190","Lucas","1170",13462,1910,,,,,,,4944,36.7256,1125.13,"wave_coverage_differs;period_boundary_vintage_differs"
"G3900950",1906,1930,"Lucas, Ohio","Lucas","Ohio","390","Lucas","0950",192728,1910,,,,,,,47696,24.7478,886.11,"wave_coverage_differs;period_boundary_vintage_differs"
"G2600950",1906,1930,"Luce, Michigan","Luce","Michigan","260","Luce","0950",4004,1910,,,,,,,399,9.965,2400.36,"wave_coverage_differs;period_boundary_vintage_differs"
"G1301870",1906,1930,"Lumpkin, Georgia","Lumpkin","Georgia","130","Lumpkin","1870",5444,1910,,,,,,,1253,23.0162,736.2,"wave_coverage_differs;period_boundary_vintage_differs"
"G5101110",1906,1930,"Lunenburg, Virginia","Lunenburg","Virginia","510","Lunenburg","1110",12780,1910,,,,,,,5210,40.7668,1119.85,"wave_coverage_differs;period_boundary_vintage_differs"
"G4200790",1906,1930,"Luzerne, Pennsylvania","Luzerne","Pennsylvania","420","Luzerne","0790",343186,1910,,,,,,,155987,45.4526,2349.27,"wave_coverage_differs;period_boundary_vintage_differs"
"G4200810",1906,1930,"Lycoming, Pennsylvania","Lycoming","Pennsylvania","420","Lycoming","0810",80813,1910,,,,,,,31744,39.2808,3220.76,"wave_coverage_differs;period_boundary_vintage_differs"
"G4600850",1906,1930,"Lyman, South Dakota","Lyman","South Dakota","460","Lyman","0850",10848,1910,,,,,,,2147,19.7917,4420.87,"wave_coverage_differs;period_boundary_vintage_differs"
"G5106800",1906,1930,"Lynchburg City, Virginia","Lynchburg City","Virginia","510","Lynchburg City","6800",29494,1910,,,,,,,15375,52.1292,34.05,"wave_coverage_differs;period_boundary_vintage_differs"
"G4803050",1906,1930,"Lynn, Texas","Lynn","Texas","480","Lynn","3050",1713,1910,,,,,,,147,8.5814,2314.1,"wave_coverage_differs;period_boundary_vintage_differs"
"G1901190",1906,1930,"Lyon, Iowa","Lyon","Iowa","190","Lyon","1190",14624,1910,,,,,,,4131,28.2481,1522.35,"wave_coverage_differs;period_boundary_vintage_differs"
"G2001110",1906,1930,"Lyon, Kansas","Lyon","Kansas","200","Lyon","1110",24927,1910,,,,,,,8676,34.8056,2215.46,"wave_coverage_differs;period_boundary_vintage_differs"
"G2101430",1906,1930,"Lyon, Kentucky","Lyon","Kentucky","210","Lyon","1430",9423,1910,,,,,,,3003,31.8688,665.87,"wave_coverage_differs;period_boundary_vintage_differs"
"G2700830",1906,1930,"Lyon, Minnesota","Lyon","Minnesota","270","Lyon","0830",15722,1910,,,,,,,6932,44.0911,1869.08,"wave_coverage_differs;period_boundary_vintage_differs"
"G3200190",1906,1930,"Lyon, Nevada","Lyon","Nevada","320","Lyon","0190",3568,1910,,,,,,,103,2.8868,5222.58,"wave_coverage_differs;period_boundary_vintage_differs"
"G2600970",1906,1930,"Mackinac, Michigan","Mackinac","Michigan","260","Mackinac","0970",9249,1910,,,,,,,3174,34.3172,2755.94,"wave_coverage_differs;period_boundary_vintage_differs"
"G2600990",1906,1930,"Macomb, Michigan","Macomb","Michigan","260","Macomb","0990",32606,1910,,,,,,,9494,29.1173,1253.73,"wave_coverage_differs;period_boundary_vintage_differs"
"G0100870",1906,1930,"Macon, Alabama","Macon","Alabama","010","Macon","0870",26049,1910,,,,,,,11314,43.4335,1588.36,"wave_coverage_differs;period_boundary_vintage_differs"
"G1301930",1906,1930,"Macon, Georgia","Macon","Georgia","130","Macon","1930",15016,1910,,,,,,,5788,38.5456,1047.11,"wave_coverage_differs;period_boundary_vintage_differs"
"G1701150",1906,1930,"Macon, Illinois","Macon","Illinois","170","Macon","1150",54186,1910,,,,,,,16095,29.7032,1517.38,"wave_coverage_differs;period_boundary_vintage_differs"
"G2901210",1906,1930,"Macon, Missouri","Macon","Missouri","290","Macon","1210",30868,1910,,,,,,,12085,39.1506,2104.02,"wave_coverage_differs;period_boundary_vintage_differs"
"G3701130",1906,1930,"Macon, North Carolina","Macon","North Carolina","370","Macon","1130",12191,1910,,,,,,,4229,34.6895,1345.97,"wave_coverage_differs;period_boundary_vintage_differs"
"G4701110",1906,1930,"Macon, Tennessee","Macon","Tennessee","470","Macon","1110",14559,1910,,,,,,,4242,29.1366,800.37,"wave_coverage_differs;period_boundary_vintage_differs"
"G1701170",1906,1930,"Macoupin, Illinois","Macoupin","Illinois","170","Macoupin","1170",50685,1910,,,,,,,16822,33.1893,2247.2,"wave_coverage_differs;period_boundary_vintage_differs"
"G0600390",1906,1930,"Madera, California","Madera","California","060","Madera","0390",8368,1910,,,,,,,3715,44.3953,5576.9,"wave_coverage_differs;period_boundary_vintage_differs"
"G0100890",1906,1930,"Madison, Alabama","Madison","Alabama","010","Madison","0890",47041,1910,,,,,,,15556,33.069,2104.95,"wave_coverage_differs;period_boundary_vintage_differs"
"G0500870",1906,1930,"Madison, Arkansas","Madison","Arkansas","050","Madison","0870",16056,1910,,,,,,,1683,10.4821,2168.03,"wave_coverage_differs;period_boundary_vintage_differs"
"G1200790",1906,1930,"Madison, Florida","Madison","Florida","120","Madison","0790",16919,1910,,,,,,,6524,38.5602,1853.63,"wave_coverage_differs;period_boundary_vintage_differs"
"G1301950",1906,1930,"Madison, Georgia","Madison","Georgia","130","Madison","1950",16851,1910,,,,,,,5506,32.6746,739.63,"wave_coverage_differs;period_boundary_vintage_differs"
"G1701190",1906,1930,"Madison, Illinois","Madison","Illinois","170","Madison","1190",89847,1910,,,,,,,30869,34.3573,1917.87,"wave_coverage_differs;period_boundary_vintage_differs"
"G1800950",1906,1930,"Madison, Indiana","Madison","Indiana","180","Madison","0950",65224,1910,,,,,,,17213,26.3906,1173.02,"wave_coverage_differs;period_boundary_vintage_differs"
"G1901210",1906,1930,"Madison, Iowa","Madison","Iowa","190","Madison","1210",15621,1910,,,,,,,5462,34.9658,1455.98,"wave_coverage_differs;period_boundary_vintage_differs"
"G2101510",1906,1930,"Madison, Kentucky","Madison","Kentucky","210","Madison","1510",26951,1910,,,,,,,10398,38.5811,1147.7,"wave_coverage_differs;period_boundary_vintage_differs"
"G2200650",1906,1930,"Madison, Louisiana","Madison","Louisiana","220","Madison","0650",10676,1910,,,,,,,2487,23.2952,1685.83,"wave_coverage_differs;period_boundary_vintage_differs"
"G2800890",1906,1930,"Madison, Mississippi","Madison","Mississippi","280","Madison","0890",33505,1910,,,,,,,14428,43.0622,1922.03,"wave_coverage_differs;period_boundary_vintage_differs"
"G2901230",1906,1930,"Madison, Missouri","Madison","Missouri","290","Madison","1230",11273,1910,,,,,,,4000,35.483,1288.37,"wave_coverage_differs;period_boundary_vintage_differs"
"G3000570",1906,1930,"Madison, Montana","Madison","Montana","300","Madison","0570",7229,1910,,,,,,,912,12.6159,9331.06,"wave_coverage_differs;period_boundary_vintage_differs"
"G3101190",1906,1930,"Madison, Nebraska","Madison","Nebraska","310","Madison","1190",19101,1910,,,,,,,6230,32.6161,1490.41,"wave_coverage_differs;period_boundary_vintage_differs"
"G3600530",1906,1930,"Madison, New York","Madison","New York","360","Madison","0530",39289,1910,,,,,,,14860,37.8223,1712.71,"wave_coverage_differs;period_boundary_vintage_differs"
"G3701150",1906,1930,"Madison, North Carolina","Madison","North Carolina","370","Madison","1150",20132,1910,,,,,,,6471,32.1429,1169.44,"wave_coverage_differs;period_boundary_vintage_differs"
"G3900970",1906,1930,"Madison, Ohio","Madison","Ohio","390","Madison","0970",19902,1910,,,,,,,6630,33.3132,1210.36,"wave_coverage_differs;period_boundary_vintage_differs"
"G4701130",1906,1930,"Madison, Tennessee","Madison","Tennessee","470","Madison","1130",39357,1910,,,,,,,16084,40.8669,1446.84,"wave_coverage_differs;period_boundary_vintage_differs"
"G4803130",1906,1930,"Madison, Texas","Madison","Texas","480","Madison","3130",10318,1910,,,,,,,2481,24.0454,1223.57,"wave_coverage_differs;period_boundary_vintage_differs"
"G5101130",1906,1930,"Madison, Virginia","Madison","Virginia","510","Madison","1130",10055,1910,,,,,,,4320,42.9637,833.65,"wave_coverage_differs;period_boundary_vintage_differs"
"G2101530",1906,1930,"Magoffin, Kentucky","Magoffin","Kentucky","210","Magoffin","1530",13654,1910,,,,,,,2020,14.7942,801.33,"wave_coverage_differs;period_boundary_vintage_differs"
"G1901230",1906,1930,"Mahaska, Iowa","Mahaska","Iowa","190","Mahaska","1230",29860,1910,,,,,,,7360,24.6484,1485.1,"wave_coverage_differs;period_boundary_vintage_differs"
"G2700870",1906,1930,"Mahnomen, Minnesota","Mahnomen","Minnesota","270","Mahnomen","0870",3249,1910,,,,,,,0,0,1509.75,"wave_coverage_differs;period_boundary_vintage_differs"
"G3900990",1906,1930,"Mahoning, Ohio","Mahoning","Ohio","390","Mahoning","0990",116151,1910,,,,,,,26523,22.8349,1099.66,"wave_coverage_differs;period_boundary_vintage_differs"
"G4000930",1906,1930,"Major, Oklahoma","Major","Oklahoma","400","Major","0930",15248,1910,,,,,,,2083,13.6608,2481.04,"wave_coverage_differs;period_boundary_vintage_differs"
"G4100450",1906,1930,"Malheur, Oregon","Malheur","Oregon","410","Malheur","0450",8601,1910,,,,,,,531,6.1737,25718.25,"wave_coverage_differs;period_boundary_vintage_differs"
"G1200810",1906,1930,"Manatee, Florida","Manatee","Florida","120","Manatee","0810",9550,1910,,,,,,,2515,26.3351,1949.6,"wave_coverage_differs;period_boundary_vintage_differs"
"G2601010",1906,1930,"Manistee, Michigan","Manistee","Michigan","260","Manistee","1010",26688,1910,,,,,,,11858,44.432,1443.02,"wave_coverage_differs;period_boundary_vintage_differs"
"G5500710",1906,1930,"Manitowoc, Wisconsin","Manitowoc","Wisconsin","550","Manitowoc","0710",44978,1910,,,,,,,23457,52.1522,1542.39,"wave_coverage_differs;period_boundary_vintage_differs"
"G5500730",1906,1930,"Marathon, Wisconsin","Marathon","Wisconsin","550","Marathon","0730",55054,1910,,,,,,,25787,46.8395,4082.62,"wave_coverage_differs;period_boundary_vintage_differs"
"G0100910",1906,1930,"Marengo, Alabama","Marengo","Alabama","010","Marengo","0910",39923,1910,,,,,,,21087,52.8192,2545.13,"wave_coverage_differs;period_boundary_vintage_differs"
"G2901250",1906,1930,"Maries, Missouri","Maries","Missouri","290","Maries","1250",10088,1910,,,,,,,3563,35.3192,1372.52,"wave_coverage_differs;period_boundary_vintage_differs"
"G0600410",1906,1930,"Marin, California","Marin","California","060","Marin","0410",25114,1910,,,,,,,8024,31.9503,1366.01,"wave_coverage_differs;period_boundary_vintage_differs"
"G5500750",1906,1930,"Marinette, Wisconsin","Marinette","Wisconsin","550","Marinette","0750",33812,1910,,,,,,,14379,42.5263,3702.37,"wave_coverage_differs;period_boundary_vintage_differs"
"G0100930",1906,1930,"Marion, Alabama","Marion","Alabama","010","Marion","0930",17495,1910,,,,,,,4125,23.5782,1925.83,"wave_coverage_differs;period_boundary_vintage_differs"
"G0500890",1906,1930,"Marion, Arkansas","Marion","Arkansas","050","Marion","0890",10203,1910,,,,,,,1561,15.2994,1658.42,"wave_coverage_differs;period_boundary_vintage_differs"
"G1200830",1906,1930,"Marion, Florida","Marion","Florida","120","Marion","0830",26941,1910,,,,,,,10046,37.2889,4303.35,"wave_coverage_differs;period_boundary_vintage_differs"
"G1301970",1906,1930,"Marion, Georgia","Marion","Georgia","130","Marion","1970",9147,1910,,,,,,,3868,42.2871,949.91,"wave_coverage_differs;period_boundary_vintage_differs"
"G1701210",1906,1930,"Marion, Illinois","Marion","Illinois","170","Marion","1210",35094,1910,,,,,,,10766,30.6776,1491.91,"wave_coverage_differs;period_boundary_vintage_differs"
"G1800970",1906,1930,"Marion, Indiana","Marion","Indiana","180","Marion","0970",263661,1910,,,,,,,91019,34.5212,1043.78,"wave_coverage_differs;period_boundary_vintage_differs"
"G1901250",1906,1930,"Marion, Iowa","Marion","Iowa","190","Marion","1250",22995,1910,,,,,,,7913,34.4118,1477.6,"wave_coverage_differs;period_boundary_vintage_differs"
"G2001150",1906,1930,"Marion, Kansas","Marion","Kansas","200","Marion","1150",22415,1910,,,,,,,8246,36.7879,2470.17,"wave_coverage_differs;period_boundary_vintage_differs"
"G2101550",1906,1930,"Marion, Kentucky","Marion","Kentucky","210","Marion","1550",16330,1910,,,,,,,3340,20.4532,898.01,"wave_coverage_differs;period_boundary_vintage_differs"
"G2800910",1906,1930,"Marion, Mississippi","Marion","Mississippi","280","Marion","0910",15599,1910,,,,,,,4195,26.8927,1420.9,"wave_coverage_differs;period_boundary_vintage_differs"
"G2901270",1906,1930,"Marion, Missouri","Marion","Missouri","290","Marion","1270",30572,1910,,,,,,,13583,44.4295,1150.33,"wave_coverage_differs;period_boundary_vintage_differs"
"G3901010",1906,1930,"Marion, Ohio","Marion","Ohio","390","Marion","1010",33971,1910,,,,,,,11255,33.1312,1046.64,"wave_coverage_differs;period_boundary_vintage_differs"
"G4100470",1906,1930,"Marion, Oregon","Marion","Oregon","410","Marion","0470",39780,1910,,,,,,,10240,25.7416,3096.28,"wave_coverage_differs;period_boundary_vintage_differs"
"G4500670",1906,1930,"Marion, South Carolina","Marion","South Carolina","450","Marion","0670",20596,1910,,,,,,,19128,92.8724,1279.8,"wave_coverage_differs;period_boundary_vintage_differs"
"G4701150",1906,1930,"Marion, Tennessee","Marion","Tennessee","470","Marion","1150",18820,1910,,,,,,,3857,20.4942,1326.94,"wave_coverage_differs;period_boundary_vintage_differs"
"G4803150",1906,1930,"Marion, Texas","Marion","Texas","480","Marion","3150",10472,1910,,,,,,,3704,35.3705,1088.64,"wave_coverage_differs;period_boundary_vintage_differs"
"G5400490",1906,1930,"Marion, West Virginia","Marion","West Virginia","540","Marion","0490",42794,1910,,,,,,,13709,32.0349,806.83,"wave_coverage_differs;period_boundary_vintage_differs"
"G0600430",1906,1930,"Mariposa, California","Mariposa","California","060","Mariposa","0430",3956,1910,,,,,,,576,14.5602,3788.69,"wave_coverage_differs;period_boundary_vintage_differs"
"G4500690",1906,1930,"Marlboro, South Carolina","Marlboro","South Carolina","450","Marlboro","0690",31189,1910,,,,,,,12731,40.8189,1256.85,"wave_coverage_differs;period_boundary_vintage_differs"
"G2601030",1906,1930,"Marquette, Michigan","Marquette","Michigan","260","Marquette","1030",46739,1910,,,,,,,21901,46.8581,4844.14,"wave_coverage_differs;period_boundary_vintage_differs"
"G5500770",1906,1930,"Marquette, Wisconsin","Marquette","Wisconsin","550","Marquette","0770",10741,1910,,,,,,,5629,52.4067,1202.54,"wave_coverage_differs;period_boundary_vintage_differs"
"G0100950",1906,1930,"Marshall, Alabama","Marshall","Alabama","010","Marshall","0950",28553,1910,,,,,,,7516,26.323,1614.02,"wave_coverage_differs;period_boundary_vintage_differs"
"G1701230",1906,1930,"Marshall, Illinois","Marshall","Illinois","170","Marshall","1230",15679,1910,,,,,,,7516,47.9367,1032.16,"wave_coverage_differs;period_boundary_vintage_differs"
"G1800990",1906,1930,"Marshall, Indiana","Marshall","Indiana","180","Marshall","0990",24175,1910,,,,,,,7024,29.0548,1164.83,"wave_coverage_differs;period_boundary_vintage_differs"
"G1901270",1906,1930,"Marshall, Iowa","Marshall","Iowa","190","Marshall","1270",30279,1910,,,,,,,9378,30.972,1484.57,"wave_coverage_differs;period_boundary_vintage_differs"
"G2001170",1906,1930,"Marshall, Kansas","Marshall","Kansas","200","Marshall","1170",23880,1910,,,,,,,7770,32.5377,2344.23,"wave_coverage_differs;period_boundary_vintage_differs"
"G2101570",1906,1930,"Marshall, Kentucky","Marshall","Kentucky","210","Marshall","1570",15771,1910,,,,,,,4112,26.0732,881.18,"wave_coverage_differs;period_boundary_vintage_differs"
"G2700890",1906,1930,"Marshall, Minnesota","Marshall","Minnesota","270","Marshall","0890",16338,1910,,,,,,,4947,30.2791,4695.4,"wave_coverage_differs;period_boundary_vintage_differs"
"G2800930",1906,1930,"Marshall, Mississippi","Marshall","Mississippi","280","Marshall","0930",26796,1910,,,,,,,7754,28.9372,1838.04,"wave_coverage_differs;period_boundary_vintage_differs"
"G4000950",1906,1930,"Marshall, Oklahoma","Marshall","Oklahoma","400","Marshall","0950",11619,1910,,,,,,,2110,18.1599,1105.74,"wave_coverage_differs;period_boundary_vintage_differs"
"G4600910",1906,1930,"Marshall, South Dakota","Marshall","South Dakota","460","Marshall","0910",8021,1910,,,,,,,2410,30.0461,2295.31,"wave_coverage_differs;period_boundary_vintage_differs"
"G4701170",1906,1930,"Marshall, Tennessee","Marshall","Tennessee","470","Marshall","1170",16872,1910,,,,,,,8066,47.807,974.24,"wave_coverage_differs;period_boundary_vintage_differs"
"G5400510",1906,1930,"Marshall, West Virginia","Marshall","West Virginia","540","Marshall","0510",32388,1910,,,,,,,9819,30.3168,808.48,"wave_coverage_differs;period_boundary_vintage_differs"
"G1801010",1906,1930,"Martin, Indiana","Martin","Indiana","180","Martin","1010",12950,1910,,,,,,,5590,43.166,881.79,"wave_coverage_differs;period_boundary_vintage_differs"
"G2101590",1906,1930,"Martin, Kentucky","Martin","Kentucky","210","Martin","1590",7291,1910,,,,,,,1312,17.9948,597.94,"wave_coverage_differs;period_boundary_vintage_differs"
"G2700910",1906,1930,"Martin, Minnesota","Martin","Minnesota","270","Martin","0910",17518,1910,,,,,,,5923,33.8109,1889.6,"wave_coverage_differs;period_boundary_vintage_differs"
"G3701170",1906,1930,"Martin, North Carolina","Martin","North Carolina","370","Martin","1170",17797,1910,,,,,,,4338,24.3749,1195.41,"wave_coverage_differs;period_boundary_vintage_differs"
"G4803170",1906,1930,"Martin, Texas","Martin","Texas","480","Martin","3170",1549,1910,,,,,,,269,17.366,2371.66,"wave_coverage_differs;period_boundary_vintage_differs"
"G1701250",1906,1930,"Mason, Illinois","Mason","Illinois","170","Mason","1250",17377,1910,,,,,,,5658,32.5603,1459.36,"wave_coverage_differs;period_boundary_vintage_differs"
"G2101610",1906,1930,"Mason, Kentucky","Mason","Kentucky","210","Mason","1610",18611,1910,,,,,,,9109,48.9442,638.76,"wave_coverage_differs;period_boundary_vintage_differs"
"G2601050",1906,1930,"Mason, Michigan","Mason","Michigan","260","Mason","1050",21832,1910,,,,,,,7174,32.86,1321.77,"wave_coverage_differs;period_boundary_vintage_differs"
"G4803190",1906,1930,"Mason, Texas","Mason","Texas","480","Mason","3190",5683,1910,,,,,,,1528,26.8872,2414.42,"wave_coverage_differs;period_boundary_vintage_differs"
"G5300450",1906,1930,"Mason, Washington","Mason","Washington","530","Mason","0450",5156,1910,,,,,,,314,6.09,2524.45,"wave_coverage_differs;period_boundary_vintage_differs"
"G5400530",1906,1930,"Mason, West Virginia","Mason","West Virginia","540","Mason","0530",23019,1910,,,,,,,5478,23.7977,1151.79,"wave_coverage_differs;period_boundary_vintage_differs"
"G1701270",1906,1930,"Massac, Illinois","Massac","Illinois","170","Massac","1270",14200,1910,,,,,,,4155,29.2606,626.32,"wave_coverage_differs;period_boundary_vintage_differs"
"G4803210",1906,1930,"Matagorda, Texas","Matagorda","Texas","480","Matagorda","3210",13594,1910,,,,,,,2347,17.265,2958.56,"wave_coverage_differs;period_boundary_vintage_differs"
"G5101150",1906,1930,"Matthews, Virginia","Matthews","Virginia","510","Mathews","1150",8922,1910,,,,,,,4528,50.751,222.83,"wave_coverage_differs;period_boundary_vintage_differs"
"G4701190",1906,1930,"Maury, Tennessee","Maury","Tennessee","470","Maury","1190",40456,1910,,,,,,,14557,35.9823,1594.34,"wave_coverage_differs;period_boundary_vintage_differs"
"G4803230",1906,1930,"Maverick, Texas","Maverick","Texas","480","Maverick","3230",5151,1910,,,,,,,168,3.2615,3345.71,"wave_coverage_differs;period_boundary_vintage_differs"
"G4000970",1906,1930,"Mayes, Oklahoma","Mayes","Oklahoma","400","Mayes","0970",13596,1910,,,,,,,1369,10.0691,1770.29,"wave_coverage_differs;period_boundary_vintage_differs"
"G4000870",1906,1930,"Mcclain, Oklahoma","McClain","Oklahoma","400","McClain","0870",15659,1910,,,,,,,2737,17.4788,1501.39,"wave_coverage_differs;period_boundary_vintage_differs"
"G4600870",1906,1930,"Mccook, South Dakota","Mccook","South Dakota","460","McCook","0870",9589,1910,,,,,,,2972,30.9938,1494.08,"wave_coverage_differs;period_boundary_vintage_differs"
"G2101450",1906,1930,"Mccracken, Kentucky","Mccracken","Kentucky","210","McCracken","1450",35064,1910,,,,,,,12078,34.4456,694.6,"wave_coverage_differs;period_boundary_vintage_differs"
"G4803070",1906,1930,"Mcculloch, Texas","Mcculloch","Texas","480","McCulloch","3070",13405,1910,,,,,,,1772,13.2189,2780.07,"wave_coverage_differs;period_boundary_vintage_differs"
"G4000890",1906,1930,"Mccurtain, Oklahoma","McCurtain","Oklahoma","400","McCurtain","0890",20681,1910,,,,,,,2465,11.9192,4927.38,"wave_coverage_differs;period_boundary_vintage_differs"
"G2901190",1906,1930,"Mcdonald, Missouri","Mcdonald","Missouri","290","McDonald","1190",13539,1910,,,,,,,2665,19.6839,1397.78,"wave_coverage_differs;period_boundary_vintage_differs"
"G1701090",1906,1930,"Mcdonough, Illinois","Mcdonough","Illinois","170","McDonough","1090",26887,1910,,,,,,,9087,33.797,1528.58,"wave_coverage_differs;period_boundary_vintage_differs"
"G3701110",1906,1930,"Mcdowell, North Carolina","Mcdowell","North Carolina","370","McDowell","1110",13538,1910,,,,,,,4378,32.3386,1156.6,"wave_coverage_differs;period_boundary_vintage_differs"
"G5400470",1906,1930,"McDowell, West Virginia","Mcdowell","West Virginia","540","McDowell","0470",47856,1910,,,,,,,4887,10.2119,1385.38,"wave_coverage_differs;period_boundary_vintage_differs"
"G1301890",1906,1930,"Mcduffie, Georgia","Mcduffie","Georgia","130","McDuffie","1890",10325,1910,,,,,,,4167,40.3584,690.02,"wave_coverage_differs;period_boundary_vintage_differs"
"G1701110",1906,1930,"Mchenry, Illinois","Mchenry","Illinois","170","McHenry","1110",32509,1910,,,,,,,10532,32.3972,1582.04,"wave_coverage_differs;period_boundary_vintage_differs"
"G3800490",1906,1930,"Mchenry, North Dakota","Mchenry","North Dakota","380","McHenry","0490",17627,1910,,,,,,,4687,26.5899,4950.87,"wave_coverage_differs;period_boundary_vintage_differs"
"G1301910",1906,1930,"Mcintosh, Georgia","Mcintosh","Georgia","130","McIntosh","1910",6442,1910,,,,,,,4394,68.2086,1164.82,"wave_coverage_differs;period_boundary_vintage_differs"
"G3800510",1906,1930,"Mcintosh, North Dakota","Mcintosh","North Dakota","380","McIntosh","0510",7251,1910,,,,,,,2565,35.3744,2576.3,"wave_coverage_differs;period_boundary_vintage_differs"
"G4000910",1906,1930,"Mcintosh, Oklahoma","McIntosh","Oklahoma","400","McIntosh","0910",20961,1910,,,,,,,2269,10.8249,1844.82,"wave_coverage_differs;period_boundary_vintage_differs"
"G4200830",1906,1930,"Mckean, Pennsylvania","Mckean","Pennsylvania","420","McKean","0830",47868,1910,,,,,,,14149,29.5584,2548.98,"wave_coverage_differs;period_boundary_vintage_differs"
"G3800530",1906,1930,"Mckenzie, North Dakota","Mckenzie","North Dakota","380","McKenzie","0530",5720,1910,,,,,,,236,4.1259,7409.39,"wave_coverage_differs;period_boundary_vintage_differs"
"G1701130",1906,1930,"Mclean, Illinois","Mclean","Illinois","170","McLean","1130",68008,1910,,,,,,,30090,44.2448,3072.43,"wave_coverage_differs;period_boundary_vintage_differs"
"G2101490",1906,1930,"Mclean, Kentucky","Mclean","Kentucky","210","McLean","1490",13241,1910,,,,,,,4652,35.1333,663.52,"wave_coverage_differs;period_boundary_vintage_differs"
"G3800550",1906,1930,"Mclean, North Dakota","Mclean","North Dakota","380","McLean","0550",14496,1910,,,,,,,4805,33.1471,6029.54,"wave_coverage_differs;period_boundary_vintage_differs"
"G4803090",1906,1930,"Mclennan, Texas","Mclennan","Texas","480","McLennan","3090",73250,1910,,,,,,,27414,37.4253,2745.99,"wave_coverage_differs;period_boundary_vintage_differs"
"G2700850",1906,1930,"Mcleod, Minnesota","Mcleod","Minnesota","270","McLeod","0850",18691,1910,,,,,,,12306,65.8392,1309.31,"wave_coverage_differs;period_boundary_vintage_differs"
"G4701070",1906,1930,"McMinn, Tennessee","Mcminn","Tennessee","470","McMinn","1070",21046,1910,,,,,,,5758,27.3591,1121.25,"wave_coverage_differs;period_boundary_vintage_differs"
"G4803110",1906,1930,"Mcmullen, Texas","Mcmullen","Texas","480","McMullen","3110",1091,1910,,,,,,,410,37.5802,2995.98,"wave_coverage_differs;period_boundary_vintage_differs"
"G4701090",1906,1930,"McNairy, Tennessee","Mcnairy","Tennessee","470","McNairy","1090",16356,1910,,,,,,,4896,29.934,1465.38,"wave_coverage_differs;period_boundary_vintage_differs"
"G2001130",1906,1930,"Mcpherson, Kansas","Mcpherson","Kansas","200","McPherson","1130",21521,1910,,,,,,,8951,41.5919,2332.56,"wave_coverage_differs;period_boundary_vintage_differs"
"G3101170",1906,1930,"Mcpherson, Nebraska","Mcpherson","Nebraska","310","McPherson","1170",2470,1910,,,,,,,76,3.0769,2227.41,"wave_coverage_differs;period_boundary_vintage_differs"
"G4600890",1906,1930,"Mcpherson, South Dakota","Mcpherson","South Dakota","460","McPherson","0890",6791,1910,,,,,,,2146,31.6006,2982.46,"wave_coverage_differs;period_boundary_vintage_differs"
"G2001190",1906,1930,"Meade, Kansas","Meade","Kansas","200","Meade","1190",5055,1910,,,,,,,574,11.3551,2536.49,"wave_coverage_differs;period_boundary_vintage_differs"
"G2101630",1906,1930,"Meade, Kentucky","Meade","Kentucky","210","Meade","1630",9783,1910,,,,,,,2432,24.8595,839.7,"wave_coverage_differs;period_boundary_vintage_differs"
"G4600930",1906,1930,"Meade, South Dakota","Meade","South Dakota","460","Meade","0930",12640,1910,,,,,,,901,7.1282,9020.53,"wave_coverage_differs;period_boundary_vintage_differs"
"G3000590",1906,1930,"Meagher, Montana","Meagher","Montana","300","Meagher","0590",4190,1910,,,,,,,129,3.0788,6202.4,"wave_coverage_differs;period_boundary_vintage_differs"
"G3701190",1906,1930,"Mecklenburg, North Carolina","Mecklenburg","North Carolina","370","Mecklenburg","1190",67031,1910,,,,,,,29897,44.6018,1413.92,"wave_coverage_differs;period_boundary_vintage_differs"
"G5101170",1906,1930,"Mecklenburg, Virginia","Mecklenburg","Virginia","510","Mecklenburg","1170",28956,1910,,,,,,,13541,46.7641,1759.19,"wave_coverage_differs;period_boundary_vintage_differs"
"G2601070",1906,1930,"Mecosta, Michigan","Mecosta","Michigan","260","Mecosta","1070",19466,1910,,,,,,,4858,24.9563,1479.46,"wave_coverage_differs;period_boundary_vintage_differs"
"G3901030",1906,1930,"Medina, Ohio","Medina","Ohio","390","Medina","1030",23598,1910,,,,,,,8252,34.9691,1095.66,"wave_coverage_differs;period_boundary_vintage_differs"
"G4803250",1906,1930,"Medina, Texas","Medina","Texas","480","Medina","3250",13415,1910,,,,,,,3552,26.4778,3456.43,"wave_coverage_differs;period_boundary_vintage_differs"
"G2700930",1906,1930,"Meeker, Minnesota","Meeker","Minnesota","270","Meeker","0930",17022,1910,,,,,,,7238,42.5214,1669.96,"wave_coverage_differs;period_boundary_vintage_differs"
"G3901050",1906,1930,"Meigs, Ohio","Meigs","Ohio","390","Meigs","1050",25594,1910,,,,,,,8255,32.2537,1121.47,"wave_coverage_differs;period_boundary_vintage_differs"
"G4701210",1906,1930,"Meigs, Tennessee","Meigs","Tennessee","470","Meigs","1210",6131,1910,,,,,,,1666,27.1734,561.48,"wave_coverage_differs;period_boundary_vintage_differs"
"G4600950",1906,1930,"Mellette, South Dakota","Mellette","South Dakota","460","Mellette","0950",1700,1910,,,,,,,0,0,3395.58,"wave_coverage_differs;period_boundary_vintage_differs"
"G1701290",1906,1930,"Menard, Illinois","Menard","Illinois","170","Menard","1290",12796,1910,,,,,,,3651,28.5324,817.03,"wave_coverage_differs;period_boundary_vintage_differs"
"G4803270",1906,1930,"Menard, Texas","Menard","Texas","480","Menard","3270",2707,1910,,,,,,,361,13.3358,2336.86,"wave_coverage_differs;period_boundary_vintage_differs"
"G0600450",1906,1930,"Mendocino, California","Mendocino","California","060","Mendocino","0450",23929,1910,,,,,,,5328,22.2659,9099.69,"wave_coverage_differs;period_boundary_vintage_differs"
"G2101650",1906,1930,"Menifee, Kentucky","Menifee","Kentucky","210","Menifee","1650",6153,1910,,,,,,,1126,18.3,533.78,"wave_coverage_differs;period_boundary_vintage_differs"
"G2601090",1906,1930,"Menominee, Michigan","Menominee","Michigan","260","Menominee","1090",25648,1910,,,,,,,12959,50.5264,2724.15,"wave_coverage_differs;period_boundary_vintage_differs"
"G0600470",1906,1930,"Merced, California","Merced","California","060","Merced","0470",15148,1910,,,,,,,2298,15.1703,5107.4,"wave_coverage_differs;period_boundary_vintage_differs"
"G1701310",1906,1930,"Mercer, Illinois","Mercer","Illinois","170","Mercer","1310",19723,1910,,,,,,,7204,36.5259,1472.9,"wave_coverage_differs;period_boundary_vintage_differs"
"G2101670",1906,1930,"Mercer, Kentucky","Mercer","Kentucky","210","Mercer","1670",14063,1910,,,,,,,7117,50.608,653.39,"wave_coverage_differs;period_boundary_vintage_differs"
"G2901290",1906,1930,"Mercer, Missouri","Mercer","Missouri","290","Mercer","1290",12335,1910,,,,,,,3883,31.4795,1178.72,"wave_coverage_differs;period_boundary_vintage_differs"
"G3400210",1906,1930,"Mercer, New Jersey","Mercer","New Jersey","340","Mercer","0210",125657,1910,,,,,,,49650,39.5123,590.62,"wave_coverage_differs;period_boundary_vintage_differs"
"G3800570",1906,1930,"Mercer, North Dakota","Mercer","North Dakota","380","Mercer","0570",4747,1910,,,,,,,901,18.9804,2881.37,"wave_coverage_differs;period_boundary_vintage_differs"
"G3901070",1906,1930,"Mercer, Ohio","Mercer","Ohio","390","Mercer","1070",27536,1910,,,,,,,13493,49.0013,1226.16,"wave_coverage_differs;period_boundary_vintage_differs"
"G4200850",1906,1930,"Mercer, Pennsylvania","Mercer","Pennsylvania","420","Mercer","0850",77699,1910,,,,,,,31198,40.1524,1767.92,"wave_coverage_differs;period_boundary_vintage_differs"
"G5400550",1906,1930,"Mercer, West Virginia","Mercer","West Virginia","540","Mercer","0550",38371,1910,,,,,,,7570,19.7284,1089.55,"wave_coverage_differs;period_boundary_vintage_differs"
"G1301990",1906,1930,"Meriwether, Georgia","Meriwether","Georgia","130","Meriwether","1990",25180,1910,,,,,,,10092,40.0794,1309,"wave_coverage_differs;period_boundary_vintage_differs"
"G3101210",1906,1930,"Merrick, Nebraska","Merrick","Nebraska","310","Merrick","1210",10379,1910,,,,,,,2735,26.3513,1281.03,"wave_coverage_differs;period_boundary_vintage_differs"
"G3300130",1906,1930,"Merrimack, New Hampshire","Merrimack","New Hampshire","330","Merrimack","0130",53335,1910,,,,,,,19585,36.7207,2477.17,"wave_coverage_differs;period_boundary_vintage_differs"
"G0800770",1906,1930,"Mesa, Colorado","Mesa","Colorado","080","Mesa","0770",22197,1910,,,,,,,4757,21.4308,8653.49,"wave_coverage_differs;period_boundary_vintage_differs"
"G2101690",1906,1930,"Metcalfe, Kentucky","Metcalfe","Kentucky","210","Metcalfe","1690",10453,1910,,,,,,,2528,24.1844,759.93,"wave_coverage_differs;period_boundary_vintage_differs"
"G1801030",1906,1930,"Miami, Indiana","Miami","Indiana","180","Miami","1030",29350,1910,,,,,,,10503,35.7853,977.43,"wave_coverage_differs;period_boundary_vintage_differs"
"G2001210",1906,1930,"Miami, Kansas","Miami","Kansas","200","Miami","1210",20030,1910,,,,,,,5759,28.7519,1528.8,"wave_coverage_differs;period_boundary_vintage_differs"
"G3901090",1906,1930,"Miami, Ohio","Miami","Ohio","390","Miami","1090",45047,1910,,,,,,,16808,37.3121,1060.98,"wave_coverage_differs;period_boundary_vintage_differs"
"G0900070",1906,1930,"Middlesex, Connecticut","Middlesex","Connecticut","090","Middlesex","0070",45637,1910,,,,,,,19130,41.9177,991.48,"wave_coverage_differs;period_boundary_vintage_differs"
"G2500170",1906,1930,"Middlesex, Massachusetts","Middlesex","Massachusetts","250","Middlesex","0170",669915,1910,,,,,,,295745,44.1466,2194.39,"wave_coverage_differs;period_boundary_vintage_differs"
"G3400230",1906,1930,"Middlesex, New Jersey","Middlesex","New Jersey","340","Middlesex","0230",114426,1910,,,,,,,47408,41.4311,813.78,"wave_coverage_differs;period_boundary_vintage_differs"
"G5101190",1906,1930,"Middlesex, Virginia","Middlesex","Virginia","510","Middlesex","1190",8852,1910,,,,,,,5439,61.4437,340.45,"wave_coverage_differs;period_boundary_vintage_differs"
"G2601110",1906,1930,"Midland, Michigan","Midland","Michigan","260","Midland","1110",14005,1910,,,,,,,4031,28.7826,1367.69,"wave_coverage_differs;period_boundary_vintage_differs"
"G4803290",1906,1930,"Midland, Texas","Midland","Texas","480","Midland","3290",3464,1910,,,,,,,1031,29.7633,2336.3,"wave_coverage_differs;period_boundary_vintage_differs"
"G4200870",1906,1930,"Mifflin, Pennsylvania","Mifflin","Pennsylvania","420","Mifflin","0870",27785,1910,,,,,,,9576,34.4646,1073.92,"wave_coverage_differs;period_boundary_vintage_differs"
"G4803310",1906,1930,"Milam, Texas","Milam","Texas","480","Milam","3310",36780,1910,,,,,,,10802,29.3692,2646.41,"wave_coverage_differs;period_boundary_vintage_differs"
"G4900270",1906,1930,"Millard, Utah","Millard","Utah","490","Millard","0270",6118,1910,,,,,,,3100,50.6702,17684.54,"wave_coverage_differs;period_boundary_vintage_differs"
"G2700950",1906,1930,"Mille Lacs, Minnesota","Mille Lacs","Minnesota","270","Mille Lacs","0950",10705,1910,,,,,,,2408,22.4942,1765.31,"wave_coverage_differs;period_boundary_vintage_differs"
"G0500910",1906,1930,"Miller, Arkansas","Miller","Arkansas","050","Miller","0910",19555,1910,,,,,,,6495,33.214,1651.46,"wave_coverage_differs;period_boundary_vintage_differs"
"G1302010",1906,1930,"Miller, Georgia","Miller","Georgia","130","Miller","2010",7986,1910,,,,,,,2453,30.7163,734.68,"wave_coverage_differs;period_boundary_vintage_differs"
"G2901310",1906,1930,"Miller, Missouri","Miller","Missouri","290","Miller","1310",16717,1910,,,,,,,5716,34.1927,1553.91,"wave_coverage_differs;period_boundary_vintage_differs"
"G1901290",1906,1930,"Mills, Iowa","Mills","Iowa","190","Mills","1290",15811,1910,,,,,,,4273,27.0255,1141.3,"wave_coverage_differs;period_boundary_vintage_differs"
"G4803330",1906,1930,"Mills, Texas","Mills","Texas","480","Mills","3330",9694,1910,,,,,,,2498,25.7685,1941.94,"wave_coverage_differs;period_boundary_vintage_differs"
"G1302015",1906,1930,"Milton, Georgia","Milton","Georgia","130","Milton","2015",7239,1910,,,,,,,2114,29.2029,376.19,"wave_coverage_differs;period_boundary_vintage_differs"
"G5500790",1906,1930,"Milwaukee, Wisconsin","Milwaukee","Wisconsin","550","Milwaukee","0790",433187,1910,,,,,,,171662,39.6277,628.32,"wave_coverage_differs;period_boundary_vintage_differs"
"G4600970",1906,1930,"Miner, South Dakota","Miner","South Dakota","460","Miner","0970",7661,1910,,,,,,,2131,27.8162,1481.29,"wave_coverage_differs;period_boundary_vintage_differs"
"G0800790",1906,1930,"Mineral, Colorado","Mineral","Colorado","080","Mineral","0790",1239,1910,,,,,,,328,26.473,2273.43,"wave_coverage_differs;period_boundary_vintage_differs"
"G5400570",1906,1930,"Mineral, West Virginia","Mineral","West Virginia","540","Mineral","0570",16674,1910,,,,,,,4212,25.2609,852.67,"wave_coverage_differs;period_boundary_vintage_differs"
"G5400590",1906,1930,"Mingo, West Virginia","Mingo","West Virginia","540","Mingo","0590",19431,1910,,,,,,,882,4.5391,1097.45,"wave_coverage_differs;period_boundary_vintage_differs"
"G4600990",1906,1930,"Minnehaha, South Dakota","Minnehaha","South Dakota","460","Minnehaha","0990",29631,1910,,,,,,,11024,37.2043,2107.9,"wave_coverage_differs;period_boundary_vintage_differs"
"G2601130",1906,1930,"Missaukee, Michigan","Missaukee","Michigan","260","Missaukee","1130",10606,1910,,,,,,,2092,19.7247,1486.35,"wave_coverage_differs;period_boundary_vintage_differs"
"G0500930",1906,1930,"Mississippi, Arkansas","Mississippi","Arkansas","050","Mississippi","0930",30468,1910,,,,,,,6752,22.161,2382.35,"wave_coverage_differs;period_boundary_vintage_differs"
"G2901330",1906,1930,"Mississippi, Missouri","Mississippi","Missouri","290","Mississippi","1330",14557,1910,,,,,,,5320,36.546,1109.21,"wave_coverage_differs;period_boundary_vintage_differs"
"G3000630",1906,1930,"Missoula, Montana","Missoula","Montana","300","Missoula","0630",23596,1910,,,,,,,5347,22.6606,6781.38,"wave_coverage_differs;period_boundary_vintage_differs"
"G1302050",1906,1930,"Mitchell, Georgia","Mitchell","Georgia","130","Mitchell","2050",22114,1910,,,,,,,6223,28.1405,1330.8,"wave_coverage_differs;period_boundary_vintage_differs"
"G1901310",1906,1930,"Mitchell, Iowa","Mitchell","Iowa","190","Mitchell","1310",13435,1910,,,,,,,6533,48.6267,1216.17,"wave_coverage_differs;period_boundary_vintage_differs"
"G2001230",1906,1930,"Mitchell, Kansas","Mitchell","Kansas","200","Mitchell","1230",14089,1910,,,,,,,4858,34.4808,1862.61,"wave_coverage_differs;period_boundary_vintage_differs"
"G3701210",1906,1930,"Mitchell, North Carolina","Mitchell","North Carolina","370","Mitchell","1210",17245,1910,,,,,,,5674,32.9023,575.18,"wave_coverage_differs;period_boundary_vintage_differs"
"G4803350",1906,1930,"Mitchell, Texas","Mitchell","Texas","480","Mitchell","3350",8956,1910,,,,,,,1682,18.7807,2372.19,"wave_coverage_differs;period_boundary_vintage_differs"
"G0100970",1906,1930,"Mobile, Alabama","Mobile","Alabama","010","Mobile","0970",80854,1910,,,,,,,46153,57.0819,3243,"wave_coverage_differs;period_boundary_vintage_differs"
"G0600490",1906,1930,"Modoc, California","Modoc","California","060","Modoc","0490",6191,1910,,,,,,,249,4.022,10886.77,"wave_coverage_differs;period_boundary_vintage_differs"
"G2901350",1906,1930,"Moniteau, Missouri","Moniteau","Missouri","290","Moniteau","1350",14375,1910,,,,,,,6094,42.393,1084.81,"wave_coverage_differs;period_boundary_vintage_differs"
"G3400250",1906,1930,"Monmouth, New Jersey","Monmouth","New Jersey","340","Monmouth","0250",94734,1910,,,,,,,32946,34.7774,1234.79,"wave_coverage_differs;period_boundary_vintage_differs"
"G0600510",1906,1930,"Mono, California","Mono","California","060","Mono","0510",2042,1910,,,,,,,4,0.1959,8111.53,"wave_coverage_differs;period_boundary_vintage_differs"
"G1901330",1906,1930,"Monona, Iowa","Monona","Iowa","190","Monona","1330",16633,1910,,,,,,,4364,26.237,1810.3,"wave_coverage_differs;period_boundary_vintage_differs"
"G5400610",1906,1930,"Monongalia, West Virginia","Monongalia","West Virginia","540","Monongalia","0610",24334,1910,,,,,,,7551,31.0307,947.61,"wave_coverage_differs;period_boundary_vintage_differs"
"G0100990",1906,1930,"Monroe, Alabama","Monroe","Alabama","010","Monroe","0990",27155,1910,,,,,,,9898,36.45,2679.13,"wave_coverage_differs;period_boundary_vintage_differs"
"G0500950",1906,1930,"Monroe, Arkansas","Monroe","Arkansas","050","Monroe","0950",19907,1910,,,,,,,6608,33.1944,1609.16,"wave_coverage_differs;period_boundary_vintage_differs"
"G1200870",1906,1930,"Monroe, Florida","Monroe","Florida","120","Monroe","0870",21563,1910,,,,,,,4506,20.8969,2657.75,"wave_coverage_differs;period_boundary_vintage_differs"
"G1302070",1906,1930,"Monroe, Georgia","Monroe","Georgia","130","Monroe","2070",20450,1910,,,,,,,8420,41.1736,1030.33,"wave_coverage_differs;period_boundary_vintage_differs"
"G1701330",1906,1930,"Monroe, Illinois","Monroe","Illinois","170","Monroe","1330",13508,1910,,,,,,,6942,51.3918,1033.82,"wave_coverage_differs;period_boundary_vintage_differs"
"G1801050",1906,1930,"Monroe, Indiana","Monroe","Indiana","180","Monroe","1050",23426,1910,,,,,,,7076,30.2058,1065.29,"wave_coverage_differs;period_boundary_vintage_differs"
"G1901350",1906,1930,"Monroe, Iowa","Monroe","Iowa","190","Monroe","1350",25429,1910,,,,,,,6676,26.2535,1124.85,"wave_coverage_differs;period_boundary_vintage_differs"
"G2101710",1906,1930,"Monroe, Kentucky","Monroe","Kentucky","210","Monroe","1710",13663,1910,,,,,,,4908,35.9218,860.15,"wave_coverage_differs;period_boundary_vintage_differs"
"G2601150",1906,1930,"Monroe, Michigan","Monroe","Michigan","260","Monroe","1150",32917,1910,,,,,,,7072,21.4843,1441.79,"wave_coverage_differs;period_boundary_vintage_differs"
"G2800950",1906,1930,"Monroe, Mississippi","Monroe","Mississippi","280","Monroe","0950",35178,1910,,,,,,,14013,39.8346,1999.72,"wave_coverage_differs;period_boundary_vintage_differs"
"G2901370",1906,1930,"Monroe, Missouri","Monroe","Missouri","290","Monroe","1370",18304,1910,,,,,,,10739,58.6702,1735.72,"wave_coverage_differs;period_boundary_vintage_differs"
"G3600550",1906,1930,"Monroe, New York","Monroe","New York","360","Monroe","0550",283212,1910,,,,,,,53982,19.0606,1725.7,"wave_coverage_differs;period_boundary_vintage_differs"
"G3901110",1906,1930,"Monroe, Ohio","Monroe","Ohio","390","Monroe","1110",24244,1910,,,,,,,9670,39.8862,1184.81,"wave_coverage_differs;period_boundary_vintage_differs"
"G4200890",1906,1930,"Monroe, Pennsylvania","Monroe","Pennsylvania","420","Monroe","0890",22941,1910,,,,,,,7473,32.5749,1598.46,"wave_coverage_differs;period_boundary_vintage_differs"
"G4701230",1906,1930,"Monroe, Tennessee","Monroe","Tennessee","470","Monroe","1230",20716,1910,,,,,,,5629,27.1722,1712.76,"wave_coverage_differs;period_boundary_vintage_differs"
"G5400630",1906,1930,"Monroe, West Virginia","Monroe","West Virginia","540","Monroe","0630",13055,1910,,,,,,,4719,36.1471,1226.72,"wave_coverage_differs;period_boundary_vintage_differs"
"G5500810",1906,1930,"Monroe, Wisconsin","Monroe","Wisconsin","550","Monroe","0810",28881,1910,,,,,,,12062,41.7645,2352.21,"wave_coverage_differs;period_boundary_vintage_differs"
"G4803370",1906,1930,"Montague, Texas","Montague","Texas","480","Montague","3370",25123,1910,,,,,,,6724,26.7643,2430.12,"wave_coverage_differs;period_boundary_vintage_differs"
"G2601170",1906,1930,"Montcalm, Michigan","Montcalm","Michigan","260","Montcalm","1170",32069,1910,,,,,,,8132,25.3578,1866.93,"wave_coverage_differs;period_boundary_vintage_differs"
"G0600530",1906,1930,"Monterey, California","Monterey","California","060","Monterey","0530",24146,1910,,,,,,,4971,20.5873,8585.08,"wave_coverage_differs;period_boundary_vintage_differs"
"G0800830",1906,1930,"Montezuma, Colorado","Montezuma","Colorado","080","Montezuma","0830",5029,1910,,,,,,,518,10.3003,5370.23,"wave_coverage_differs;period_boundary_vintage_differs"
"G0101010",1906,1930,"Montgomery, Alabama","Montgomery","Alabama","010","Montgomery","1010",82178,1910,,,,,,,40867,49.7299,2071.74,"wave_coverage_differs;period_boundary_vintage_differs"
"G0500970",1906,1930,"Montgomery, Arkansas","Montgomery","Arkansas","050","Montgomery","0970",12455,1910,,,,,,,2467,19.8073,2072.81,"wave_coverage_differs;period_boundary_vintage_differs"
"G1302090",1906,1930,"Montgomery, Georgia","Montgomery","Georgia","130","Montgomery","2090",19638,1910,,,,,,,4438,22.599,633.75,"wave_coverage_differs;period_boundary_vintage_differs"
"G1701350",1906,1930,"Montgomery, Illinois","Montgomery","Illinois","170","Montgomery","1350",35311,1910,,,,,,,12052,34.131,1838.05,"wave_coverage_differs;period_boundary_vintage_differs"
"G1801070",1906,1930,"Montgomery, Indiana","Montgomery","Indiana","180","Montgomery","1070",29296,1910,,,,,,,11498,39.2477,1309.1,"wave_coverage_differs;period_boundary_vintage_differs"
"G1901370",1906,1930,"Montgomery, Iowa","Montgomery","Iowa","190","Montgomery","1370",16604,1910,,,,,,,6548,39.4363,1100.82,"wave_coverage_differs;period_boundary_vintage_differs"
"G2001250",1906,1930,"Montgomery, Kansas","Montgomery","Kansas","200","Montgomery","1250",49474,1910,,,,,,,10096,20.4067,1687.33,"wave_coverage_differs;period_boundary_vintage_differs"
"G2101730",1906,1930,"Montgomery, Kentucky","Montgomery","Kentucky","210","Montgomery","1730",12868,1910,,,,,,,4455,34.6208,514.81,"wave_coverage_differs;period_boundary_vintage_differs"
"G2400310",1906,1930,"Montgomery, Maryland","Montgomery","Maryland","240","Montgomery","0310",32089,1910,,,,,,,9835,30.6491,1310.89,"wave_coverage_differs;period_boundary_vintage_differs"
"G2800970",1906,1930,"Montgomery, Mississippi","Montgomery","Mississippi","280","Montgomery","0970",17706,1910,,,,,,,7864,44.4143,1056.44,"wave_coverage_differs;period_boundary_vintage_differs"
"G2901390",1906,1930,"Montgomery, Missouri","Montgomery","Missouri","290","Montgomery","1390",15604,1910,,,,,,,6770,43.3863,1399.48,"wave_coverage_differs;period_boundary_vintage_differs"
"G3600570",1906,1930,"Montgomery, New York","Montgomery","New York","360","Montgomery","0570",57567,1910,,,,,,,22550,39.1717,1063.23,"wave_coverage_differs;period_boundary_vintage_differs"
"G3701230",1906,1930,"Montgomery, North Carolina","Montgomery","North Carolina","370","Montgomery","1230",14967,1910,,,,,,,5311,35.4847,1299.64,"wave_coverage_differs;period_boundary_vintage_differs"
"G3901130",1906,1930,"Montgomery, Ohio","Montgomery","Ohio","390","Montgomery","1130",163763,1910,,,,,,,65811,40.1867,1202.61,"wave_coverage_differs;period_boundary_vintage_differs"
"G4200910",1906,1930,"Montgomery, Pennsylvania","Montgomery","Pennsylvania","420","Montgomery","0910",169590,1910,,,,,,,65632,38.7004,1261.69,"wave_coverage_differs;period_boundary_vintage_differs"
"G4701250",1906,1930,"Montgomery, Tennessee","Montgomery","Tennessee","470","Montgomery","1250",33672,1910,,,,,,,14975,44.4732,1408.73,"wave_coverage_differs;period_boundary_vintage_differs"
"G4803390",1906,1930,"Montgomery, Texas","Montgomery","Texas","480","Montgomery","3390",15679,1910,,,,,,,4537,28.9368,2789.45,"wave_coverage_differs;period_boundary_vintage_differs"
"G5101210",1906,1930,"Montgomery, Virginia","Montgomery","Virginia","510","Montgomery","1210",17268,1910,,,,,,,7795,45.1413,1020.28,"wave_coverage_differs;period_boundary_vintage_differs"
"G2601190",1906,1930,"Montmorency, Michigan","Montmorency","Michigan","260","Montmorency","1190",3755,1910,,,,,,,715,19.0413,1457.25,"wave_coverage_differs;period_boundary_vintage_differs"
"G4200930",1906,1930,"Montour, Pennsylvania","Montour","Pennsylvania","420","Montour","0930",14868,1910,,,,,,,6328,42.5612,342.74,"wave_coverage_differs;period_boundary_vintage_differs"
"G0800850",1906,1930,"Montrose, Colorado","Montrose","Colorado","080","Montrose","0850",10291,1910,,,,,,,774,7.5211,5808.28,"wave_coverage_differs;period_boundary_vintage_differs"
"G4601010",1906,1930,"Moody, South Dakota","Moody","South Dakota","460","Moody","1010",8695,1910,,,,,,,2381,27.3836,1348.88,"wave_coverage_differs;period_boundary_vintage_differs"
"G3701250",1906,1930,"Moore, North Carolina","Moore","North Carolina","370","Moore","1250",17010,1910,,,,,,,11165,65.6379,1827.69,"wave_coverage_differs;period_boundary_vintage_differs"
"G4701270",1906,1930,"Moore, Tennessee","Moore","Tennessee","470","Moore","1270",4800,1910,,,,,,,2059,42.8958,337.74,"wave_coverage_differs;period_boundary_vintage_differs"
"G4803410",1906,1930,"Moore, Texas","Moore","Texas","480","Moore","3410",561,1910,,,,,,,119,21.2121,2355.91,"wave_coverage_differs;period_boundary_vintage_differs"
"G2200670",1906,1930,"Morehouse, Louisiana","Morehouse","Louisiana","220","Morehouse","0670",18786,1910,,,,,,,6483,34.5097,2085.54,"wave_coverage_differs;period_boundary_vintage_differs"
"G0101030",1906,1930,"Morgan, Alabama","Morgan","Alabama","010","Morgan","1030",33781,1910,,,,,,,11221,33.2169,1551.54,"wave_coverage_differs;period_boundary_vintage_differs"
"G0800870",1906,1930,"Morgan, Colorado","Morgan","Colorado","080","Morgan","0870",9577,1910,,,,,,,1270,13.2609,3350.79,"wave_coverage_differs;period_boundary_vintage_differs"
"G1302110",1906,1930,"Morgan, Georgia","Morgan","Georgia","130","Morgan","2110",19717,1910,,,,,,,7800,39.5598,918.37,"wave_coverage_differs;period_boundary_vintage_differs"
"G1701370",1906,1930,"Morgan, Illinois","Morgan","Illinois","170","Morgan","1370",34420,1910,,,,,,,14733,42.8036,1482.24,"wave_coverage_differs;period_boundary_vintage_differs"
"G1801090",1906,1930,"Morgan, Indiana","Morgan","Indiana","180","Morgan","1090",21182,1910,,,,,,,8346,39.4014,1060.41,"wave_coverage_differs;period_boundary_vintage_differs"
"G2101750",1906,1930,"Morgan, Kentucky","Morgan","Kentucky","210","Morgan","1750",16259,1910,,,,,,,2285,14.0538,993.92,"wave_coverage_differs;period_boundary_vintage_differs"
"G2901410",1906,1930,"Morgan, Missouri","Morgan","Missouri","290","Morgan","1410",12863,1910,,,,,,,3904,30.3506,1589.85,"wave_coverage_differs;period_boundary_vintage_differs"
"G3901150",1906,1930,"Morgan, Ohio","Morgan","Ohio","390","Morgan","1150",16097,1910,,,,,,,5969,37.0814,1092.41,"wave_coverage_differs;period_boundary_vintage_differs"
"G4701290",1906,1930,"Morgan, Tennessee","Morgan","Tennessee","470","Morgan","1290",11458,1910,,,,,,,2003,17.4812,1353.23,"wave_coverage_differs;period_boundary_vintage_differs"
"G4900290",1906,1930,"Morgan, Utah","Morgan","Utah","490","Morgan","0290",2467,1910,,,,,,,1318,53.4252,1581.93,"wave_coverage_differs;period_boundary_vintage_differs"
"G5400650",1906,1930,"Morgan, West Virginia","Morgan","West Virginia","540","Morgan","0650",7848,1910,,,,,,,2261,28.8099,594.7,"wave_coverage_differs;period_boundary_vintage_differs"
"G3101230",1906,1930,"Morrill, Nebraska","Morrill","Nebraska","310","Morrill","1230",4584,1910,,,,,,,0,0,3703.5,"wave_coverage_differs;period_boundary_vintage_differs"
"G2001270",1906,1930,"Morris, Kansas","Morris","Kansas","200","Morris","1270",12397,1910,,,,,,,3509,28.3052,1820.47,"wave_coverage_differs;period_boundary_vintage_differs"
"G3400270",1906,1930,"Morris, New Jersey","Morris","New Jersey","340","Morris","0270",74704,1910,,,,,,,26888,35.9927,1246.63,"wave_coverage_differs;period_boundary_vintage_differs"
"G4803430",1906,1930,"Morris, Texas","Morris","Texas","480","Morris","3430",10439,1910,,,,,,,3368,32.2636,670.03,"wave_coverage_differs;period_boundary_vintage_differs"
"G2700970",1906,1930,"Morrison, Minnesota","Morrison","Minnesota","270","Morrison","0970",24053,1910,,,,,,,11616,48.2934,2987.4,"wave_coverage_differs;period_boundary_vintage_differs"
"G3901170",1906,1930,"Morrow, Ohio","Morrow","Ohio","390","Morrow","1170",16815,1910,,,,,,,6074,36.1225,1054.7,"wave_coverage_differs;period_boundary_vintage_differs"
"G4100490",1906,1930,"Morrow, Oregon","Morrow","Oregon","410","Morrow","0490",4357,1910,,,,,,,608,13.9546,5305.62,"wave_coverage_differs;period_boundary_vintage_differs"
"G2001290",1906,1930,"Morton, Kansas","Morton","Kansas","200","Morton","1290",1333,1910,,,,,,,28,2.1005,1890.5,"wave_coverage_differs;period_boundary_vintage_differs"
"G3800590",1906,1930,"Morton, North Dakota","Morton","North Dakota","380","Morton","0590",25289,1910,,,,,,,8567,33.8764,5038.69,"wave_coverage_differs;period_boundary_vintage_differs"
"G4803450",1906,1930,"Motley, Texas","Motley","Texas","480","Motley","3450",2396,1910,,,,,,,206,8.5977,2563.59,"wave_coverage_differs;period_boundary_vintage_differs"
"G1701390",1906,1930,"Moultrie, Illinois","Moultrie","Illinois","170","Moultrie","1390",14630,1910,,,,,,,5461,37.3274,892.17,"wave_coverage_differs;period_boundary_vintage_differs"
"G3800610",1906,1930,"Mountrail, North Dakota","Mountrail","North Dakota","380","Mountrail","0610",8491,1910,,,,,,,0,0,5028.63,"wave_coverage_differs;period_boundary_vintage_differs"
"G2700990",1906,1930,"Mower, Minnesota","Mower","Minnesota","270","Mower","0990",22640,1910,,,,,,,10518,46.4576,1842.95,"wave_coverage_differs;period_boundary_vintage_differs"
"G2101770",1906,1930,"Muhlenberg, Kentucky","Muhlenberg","Kentucky","210","Muhlenberg","1770",28598,1910,,,,,,,7859,27.4809,1241.04,"wave_coverage_differs;period_boundary_vintage_differs"
"G4100510",1906,1930,"Multnomah, Oregon","Multnomah","Oregon","410","Multnomah","0510",226261,1910,,,,,,,41695,18.4278,1205.86,"wave_coverage_differs;period_boundary_vintage_differs"
"G1302130",1906,1930,"Murray, Georgia","Murray","Georgia","130","Murray","2130",9763,1910,,,,,,,1874,19.1949,898.1,"wave_coverage_differs;period_boundary_vintage_differs"
"G2701010",1906,1930,"Murray, Minnesota","Murray","Minnesota","270","Murray","1010",11755,1910,,,,,,,4650,39.5576,1863.5,"wave_coverage_differs;period_boundary_vintage_differs"
"G4000990",1906,1930,"Murray, Oklahoma","Murray","Oklahoma","400","Murray","0990",12744,1910,,,,,,,2661,20.8804,1100.98,"wave_coverage_differs;period_boundary_vintage_differs"
"G1901390",1906,1930,"Muscatine, Iowa","Muscatine","Iowa","190","Muscatine","1390",29505,1910,,,,,,,8190,27.758,1163.24,"wave_coverage_differs;period_boundary_vintage_differs"
"G1302150",1906,1930,"Muscogee, Georgia","Muscogee","Georgia","130","Muscogee","2150",36227,1910,,,,,,,16182,44.6683,572.4,"wave_coverage_differs;period_boundary_vintage_differs"
"G2601210",1906,1930,"Muskegon, Michigan","Muskegon","Michigan","260","Muskegon","1210",40577,1910,,,,,,,10374,25.5662,1366.29,"wave_coverage_differs;period_boundary_vintage_differs"
"G3901190",1906,1930,"Muskingum, Ohio","Muskingum","Ohio","390","Muskingum","1190",57488,1910,,,,,,,22968,39.9527,1741.99,"wave_coverage_differs;period_boundary_vintage_differs"
"G4001010",1906,1930,"Muskogee, Oklahoma","Muskogee","Oklahoma","400","Muskogee","1010",52743,1910,,,,,,,8735,16.5614,2174.84,"wave_coverage_differs;period_boundary_vintage_differs"
"G4803470",1906,1930,"Nacogdoches, Texas","Nacogdoches","Texas","480","Nacogdoches","3470",27406,1910,,,,,,,8493,30.9896,2541.49,"wave_coverage_differs;period_boundary_vintage_differs"
"G3101250",1906,1930,"Nance, Nebraska","Nance","Nebraska","310","Nance","1250",8926,1910,,,,,,,2169,24.2998,1160.9,"wave_coverage_differs;period_boundary_vintage_differs"
"G5101230",1906,1930,"Nansemond, Virginia","Nansemond","Virginia","510","Nansemond","1230",26886,1910,,,,,,,9812,36.4948,1056.03,"wave_coverage_differs;period_boundary_vintage_differs"
"G2500190",1906,1930,"Nantucket, Massachusetts","Nantucket","Massachusetts","250","Nantucket","0190",2962,1910,,,,,,,838,28.2917,127.98,"wave_coverage_differs;period_boundary_vintage_differs"
"G0600550",1906,1930,"Napa, California","Napa","California","060","Napa","0550",19800,1910,,,,,,,5172,26.1212,2036.24,"wave_coverage_differs;period_boundary_vintage_differs"
"G3701270",1906,1930,"Nash, North Carolina","Nash","North Carolina","370","Nash","1270",33727,1910,,,,,,,8556,25.3684,1405.78,"wave_coverage_differs;period_boundary_vintage_differs"
"G1200890",1906,1930,"Nassau, Florida","Nassau","Florida","120","Nassau","0890",10525,1910,,,,,,,3588,34.0903,1690.15,"wave_coverage_differs;period_boundary_vintage_differs"
"G3600590",1906,1930,"Nassau, New York","Nassau","New York","360","Nassau","0590",83930,1910,,,,,,,28001,33.3623,747.19,"wave_coverage_differs;period_boundary_vintage_differs"
"G2200690",1906,1930,"Natchitoches, Louisiana","Natchitoches","Louisiana","220","Natchitoches","0690",36455,1910,,,,,,,12641,34.6756,3364.4,"wave_coverage_differs;period_boundary_vintage_differs"
"G5600250",1906,1930,"Natrona, Wyoming","Natrona","Wyoming","560","Natrona","0250",4766,1910,,,,,,,299,6.2736,13922.89,"wave_coverage_differs;period_boundary_vintage_differs"
"G4803490",1906,1930,"Navarro, Texas","Navarro","Texas","480","Navarro","3490",47070,1910,,,,,,,14705,31.2407,2812.59,"wave_coverage_differs;period_boundary_vintage_differs"
"G2101790",1906,1930,"Nelson, Kentucky","Nelson","Kentucky","210","Nelson","1790",16830,1910,,,,,,,5326,31.6459,1098.35,"wave_coverage_differs;period_boundary_vintage_differs"
"G3800630",1906,1930,"Nelson, North Dakota","Nelson","North Dakota","380","Nelson","0630",10140,1910,,,,,,,3099,30.5621,2612.85,"wave_coverage_differs;period_boundary_vintage_differs"
"G5101250",1906,1930,"Nelson, Virginia","Nelson","Virginia","510","Nelson","1250",16821,1910,,,,,,,6937,41.2401,1228.45,"wave_coverage_differs;period_boundary_vintage_differs"
"G2001310",1906,1930,"Nemaha, Kansas","Nemaha","Kansas","200","Nemaha","1310",19072,1910,,,,,,,7157,37.5262,1863.33,"wave_coverage_differs;period_boundary_vintage_differs"
"G3101270",1906,1930,"Nemaha, Nebraska","Nemaha","Nebraska","310","Nemaha","1270",13095,1910,,,,,,,4184,31.9511,1067.72,"wave_coverage_differs;period_boundary_vintage_differs"
"G2001330",1906,1930,"Neosho, Kansas","Neosho","Kansas","200","Neosho","1330",23754,1910,,,,,,,6273,26.4082,1496.48,"wave_coverage_differs;period_boundary_vintage_differs"
"G2800990",1906,1930,"Neshoba, Mississippi","Neshoba","Mississippi","280","Neshoba","0990",17980,1910,,,,,,,3979,22.1301,1480.41,"wave_coverage_differs;period_boundary_vintage_differs"
"G2001350",1906,1930,"Ness, Kansas","Ness","Kansas","200","Ness","1350",5883,1910,,,,,,,1265,21.5026,2784.23,"wave_coverage_differs;period_boundary_vintage_differs"
"G0500990",1906,1930,"Nevada, Arkansas","Nevada","Arkansas","050","Nevada","0990",19344,1910,,,,,,,5695,29.4407,1608.05,"wave_coverage_differs;period_boundary_vintage_differs"
"G0600570",1906,1930,"Nevada, California","Nevada","California","060","Nevada","0570",14955,1910,,,,,,,1892,12.6513,2522.61,"wave_coverage_differs;period_boundary_vintage_differs"
"G1000030",1906,1930,"New Castle, Delaware","New Castle","Delaware","100","New Castle","0030",123188,1910,,,,,,,46996,38.1498,1121.83,"wave_coverage_differs;period_boundary_vintage_differs"
"G3701290",1906,1930,"New Hanover, North Carolina","New Hanover","North Carolina","370","New Hanover","1290",32037,1910,,,,,,,11512,35.9335,520.2,"wave_coverage_differs;period_boundary_vintage_differs"
"G0900090",1906,1930,"New Haven, Connecticut","New Haven","Connecticut","090","New Haven","0090",337282,1910,,,,,,,160271,47.5184,1601.53,"wave_coverage_differs;period_boundary_vintage_differs"
"G5101270",1906,1930,"New Kent, Virginia","New Kent","Virginia","510","New Kent","1270",4682,1910,,,,,,,1760,37.5908,567.73,"wave_coverage_differs;period_boundary_vintage_differs"
"G0900110",1906,1930,"New London, Connecticut","New London","Connecticut","090","New London","0110",91253,1910,,,,,,,41260,45.215,1779.65,"wave_coverage_differs;period_boundary_vintage_differs"
"G2901430",1906,1930,"New Madrid, Missouri","New Madrid","Missouri","290","New Madrid","1430",19488,1910,,,,,,,3919,20.1098,1805.39,"wave_coverage_differs;period_boundary_vintage_differs"
"G3600610",1906,1930,"New York, New York","New York","New York","360","New York","0610",2762522,1910,,,,,,,1107759,40.0996,59.73,"wave_coverage_differs;period_boundary_vintage_differs"
"G2601230",1906,1930,"Newaygo, Michigan","Newaygo","Michigan","260","Newaygo","1230",19220,1910,,,,,,,3473,18.0697,2231.72,"wave_coverage_differs;period_boundary_vintage_differs"
"G4500710",1906,1930,"Newberry, South Carolina","Newberry","South Carolina","450","Newberry","0710",34586,1910,,,,,,,15700,45.3941,1653.59,"wave_coverage_differs;period_boundary_vintage_differs"
"G4400050",1906,1930,"Newport, Rhode Island","Newport","Rhode Island","440","Newport","0050",39335,1910,,,,,,,14868,37.7984,306.78,"wave_coverage_differs;period_boundary_vintage_differs"
"G5107000",1906,1930,"Newport News City, Virginia","Newport News City","Virginia","510","Newport News City","7000",20205,1910,,,,,,,8030,39.7426,9.95,"wave_coverage_differs;period_boundary_vintage_differs"
"G0501010",1906,1930,"Newton, Arkansas","Newton","Arkansas","050","Newton","1010",10612,1910,,,,,,,1658,15.6238,2132.04,"wave_coverage_differs;period_boundary_vintage_differs"
"G1302170",1906,1930,"Newton, Georgia","Newton","Georgia","130","Newton","2170",18449,1910,,,,,,,6927,37.5468,722.86,"wave_coverage_differs;period_boundary_vintage_differs"
"G1801110",1906,1930,"Newton, Indiana","Newton","Indiana","180","Newton","1110",10504,1910,,,,,,,3655,34.7963,1044.94,"wave_coverage_differs;period_boundary_vintage_differs"
"G2801010",1906,1930,"Newton, Mississippi","Newton","Mississippi","280","Newton","1010",23085,1910,,,,,,,9387,40.6628,1501.16,"wave_coverage_differs;period_boundary_vintage_differs"
"G2901450",1906,1930,"Newton, Missouri","Newton","Missouri","290","Newton","1450",27136,1910,,,,,,,6609,24.3551,1622.85,"wave_coverage_differs;period_boundary_vintage_differs"
"G4803510",1906,1930,"Newton, Texas","Newton","Texas","480","Newton","3510",10850,1910,,,,,,,1697,15.6406,2433.9,"wave_coverage_differs;period_boundary_vintage_differs"
"G1600690",1906,1930,"Nez Perce, Idaho","Nez Perce","Idaho","160","Nez Perce","0690",24860,1910,,,,,,,5339,21.4763,2217.76,"wave_coverage_differs;period_boundary_vintage_differs"
"G3600630",1906,1930,"Niagara, New York","Niagara","New York","360","Niagara","0630",92036,1910,,,,,,,35432,38.498,1355.45,"wave_coverage_differs;period_boundary_vintage_differs"
"G2101810",1906,1930,"Nicholas, Kentucky","Nicholas","Kentucky","210","Nicholas","1810",10601,1910,,,,,,,4912,46.3353,509.96,"wave_coverage_differs;period_boundary_vintage_differs"
"G5400670",1906,1930,"Nicholas, West Virginia","Nicholas","West Virginia","540","Nicholas","0670",17699,1910,,,,,,,3816,21.5605,1694.91,"wave_coverage_differs;period_boundary_vintage_differs"
"G2701030",1906,1930,"Nicollet, Minnesota","Nicollet","Minnesota","270","Nicollet","1030",14125,1910,,,,,,,7366,52.1487,1208.79,"wave_coverage_differs;period_boundary_vintage_differs"
"G1801130",1906,1930,"Noble, Indiana","Noble","Indiana","180","Noble","1130",24009,1910,,,,,,,7120,29.6555,1081.47,"wave_coverage_differs;period_boundary_vintage_differs"
"G3901210",1906,1930,"Noble, Ohio","Noble","Ohio","390","Noble","1210",18601,1910,,,,,,,6083,32.7025,1047.83,"wave_coverage_differs;period_boundary_vintage_differs"
"G4001030",1906,1930,"Noble, Oklahoma","Noble","Oklahoma","400","Noble","1030",14945,1910,,,,,,,3403,22.7702,1923.16,"wave_coverage_differs;period_boundary_vintage_differs"
"G2701050",1906,1930,"Nobles, Minnesota","Nobles","Minnesota","270","Nobles","1050",15210,1910,,,,,,,6718,44.1683,1871.42,"wave_coverage_differs;period_boundary_vintage_differs"
"G2901470",1906,1930,"Nodaway, Missouri","Nodaway","Missouri","290","Nodaway","1470",28833,1910,,,,,,,11164,38.7195,2273.71,"wave_coverage_differs;period_boundary_vintage_differs"
"G4803530",1906,1930,"Nolan, Texas","Nolan","Texas","480","Nolan","3530",11999,1910,,,,,,,1525,12.7094,2367.12,"wave_coverage_differs;period_boundary_vintage_differs"
"G2500210",1906,1930,"Norfolk, Massachusetts","Norfolk","Massachusetts","250","Norfolk","0210",187506,1910,,,,,,,66996,35.7301,1032.61,"wave_coverage_differs;period_boundary_vintage_differs"
"G5101290",1906,1930,"Norfolk, Virginia","Norfolk","Virginia","510","Norfolk","1290",52744,1910,,,,,,,10043,19.041,1000.73,"wave_coverage_differs;period_boundary_vintage_differs"
"G5107100",1906,1930,"Norfolk City, Virginia","Norfolk City","Virginia","510","Norfolk City","7100",67452,1910,,,,,,,28533,42.3012,81.08,"wave_coverage_differs;period_boundary_vintage_differs"
"G2701070",1906,1930,"Norman, Minnesota","Norman","Minnesota","270","Norman","1070",13446,1910,,,,,,,7531,56.0092,2270.76,"wave_coverage_differs;period_boundary_vintage_differs"
"G3701310",1906,1930,"Northampton, North Carolina","Northampton","North Carolina","370","Northampton","1310",22323,1910,,,,,,,13529,60.6057,1426.06,"wave_coverage_differs;period_boundary_vintage_differs"
"G4200950",1906,1930,"Northampton, Pennsylvania","Northampton","Pennsylvania","420","Northampton","0950",127667,1910,,,,,,,59293,46.4435,977.62,"wave_coverage_differs;period_boundary_vintage_differs"
"G5101310",1906,1930,"Northampton, Virginia","Northampton","Virginia","510","Northampton","1310",16672,1910,,,,,,,5607,33.6312,558.17,"wave_coverage_differs;period_boundary_vintage_differs"
"G4200970",1906,1930,"Northumberland, Pennsylvania","Northumberland","Pennsylvania","420","Northumberland","0970",111420,1910,,,,,,,46756,41.9637,1237.27,"wave_coverage_differs;period_boundary_vintage_differs"
"G5101330",1906,1930,"Northumberland, Virginia","Northumberland","Virginia","510","Northumberland","1330",10777,1910,,,,,,,5159,47.8705,502.64,"wave_coverage_differs;period_boundary_vintage_differs"
"G2001370",1906,1930,"Norton, Kansas","Norton","Kansas","200","Norton","1370",11614,1910,,,,,,,2727,23.4803,2282.55,"wave_coverage_differs;period_boundary_vintage_differs"
"G5101350",1906,1930,"Nottoway, Virginia","Nottoway","Virginia","510","Nottoway","1350",13462,1910,,,,,,,7029,52.2136,818.57,"wave_coverage_differs;period_boundary_vintage_differs"
"G4001050",1906,1930,"Nowata, Oklahoma","Nowata","Oklahoma","400","Nowata","1050",14223,1910,,,,,,,822,5.7794,1504.21,"wave_coverage_differs;period_boundary_vintage_differs"
"G2801030",1906,1930,"Noxubee, Mississippi","Noxubee","Mississippi","280","Noxubee","1030",28503,1910,,,,,,,13543,47.5143,1812.76,"wave_coverage_differs;period_boundary_vintage_differs"
"G3101290",1906,1930,"Nuckolls, Nebraska","Nuckolls","Nebraska","310","Nuckolls","1290",13019,1910,,,,,,,3897,29.9332,1491.36,"wave_coverage_differs;period_boundary_vintage_differs"
"G4803550",1906,1930,"Nueces, Texas","Nueces","Texas","480","Nueces","3550",21955,1910,,,,,,,5643,25.7026,2200.81,"wave_coverage_differs;period_boundary_vintage_differs"
"G3200230",1906,1930,"Nye, Nevada","Nye","Nevada","320","Nye","0230",7513,1910,,,,,,,3432,45.6808,47040.77,"wave_coverage_differs;period_boundary_vintage_differs"
"G1901410",1906,1930,"O Brien, Iowa","O Brien","Iowa","190","O Brien","1410",17262,1910,,,,,,,4628,26.8103,1484.6,"wave_coverage_differs;period_boundary_vintage_differs"
"G2601250",1906,1930,"Oakland, Michigan","Oakland","Michigan","260","Oakland","1250",49576,1910,,,,,,,9353,18.866,2349.74,"wave_coverage_differs;period_boundary_vintage_differs"
"G4701310",1906,1930,"Obion, Tennessee","Obion","Tennessee","470","Obion","1310",29946,1910,,,,,,,11421,38.1386,1438.87,"wave_coverage_differs;period_boundary_vintage_differs"
"G3400290",1906,1930,"Ocean, New Jersey","Ocean","New Jersey","340","Ocean","0290",21318,1910,,,,,,,6601,30.9644,1700.78,"wave_coverage_differs;period_boundary_vintage_differs"
"G2601270",1906,1930,"Oceana, Michigan","Oceana","Michigan","260","Oceana","1270",18379,1910,,,,,,,3885,21.1383,1414.35,"wave_coverage_differs;period_boundary_vintage_differs"
"G4803570",1906,1930,"Ochiltree, Texas","Ochiltree","Texas","480","Ochiltree","3570",1602,1910,,,,,,,79,4.9313,2377.97,"wave_coverage_differs;period_boundary_vintage_differs"
"G1302190",1906,1930,"Oconee, Georgia","Oconee","Georgia","130","Oconee","2190",11104,1910,,,,,,,4273,38.4816,482.72,"wave_coverage_differs;period_boundary_vintage_differs"
"G4500730",1906,1930,"Oconee, South Carolina","Oconee","South Carolina","450","Oconee","0730",27337,1910,,,,,,,9323,34.104,1764.64,"wave_coverage_differs;period_boundary_vintage_differs"
"G5500830",1906,1930,"Oconto, Wisconsin","Oconto","Wisconsin","550","Oconto","0830",25657,1910,,,,,,,11968,46.6461,2918.06,"wave_coverage_differs;period_boundary_vintage_differs"
"G2601290",1906,1930,"Ogemaw, Michigan","Ogemaw","Michigan","260","Ogemaw","1290",8907,1910,,,,,,,1877,21.0733,1489.1,"wave_coverage_differs;period_boundary_vintage_differs"
"G1701410",1906,1930,"Ogle, Illinois","Ogle","Illinois","170","Ogle","1410",27864,1910,,,,,,,7776,27.907,1976.38,"wave_coverage_differs;period_boundary_vintage_differs"
"G1302210",1906,1930,"Oglethorpe, Georgia","Oglethorpe","Georgia","130","Oglethorpe","2210",18680,1910,,,,,,,6744,36.1028,1144.68,"wave_coverage_differs;period_boundary_vintage_differs"
"G1801150",1906,1930,"Ohio, Indiana","Ohio","Indiana","180","Ohio","1150",4329,1910,,,,,,,1946,44.9526,226.28,"wave_coverage_differs;period_boundary_vintage_differs"
"G2101830",1906,1930,"Ohio, Kentucky","Ohio","Kentucky","210","Ohio","1830",27642,1910,,,,,,,9645,34.8926,1545.33,"wave_coverage_differs;period_boundary_vintage_differs"
"G5400690",1906,1930,"Ohio, West Virginia","Ohio","West Virginia","540","Ohio","0690",57572,1910,,,,,,,25050,43.5107,282.39,"wave_coverage_differs;period_boundary_vintage_differs"
"G5300470",1906,1930,"Okanogan, Washington","Okanogan","Washington","530","Okanogan","0470",12887,1910,,,,,,,959,7.4416,13765.26,"wave_coverage_differs;period_boundary_vintage_differs"
"G4001070",1906,1930,"Okfuskee, Oklahoma","Okfuskee","Oklahoma","400","Okfuskee","1070",19995,1910,,,,,,,2358,11.7929,1628.77,"wave_coverage_differs;period_boundary_vintage_differs"
"G4001090",1906,1930,"Oklahoma, Oklahoma","Oklahoma","Oklahoma","400","Oklahoma","1090",85232,1910,,,,,,,16804,19.7156,1860.56,"wave_coverage_differs;period_boundary_vintage_differs"
"G4001110",1906,1930,"Okmulgee, Oklahoma","Okmulgee","Oklahoma","400","Okmulgee","1110",21115,1910,,,,,,,2465,11.6742,1819.01,"wave_coverage_differs;period_boundary_vintage_differs"
"G2801050",1906,1930,"Oktibbeha, Mississippi","Oktibbeha","Mississippi","280","Oktibbeha","1050",19676,1910,,,,,,,7598,38.6156,1196.58,"wave_coverage_differs;period_boundary_vintage_differs"
"G2101850",1906,1930,"Oldham, Kentucky","Oldham","Kentucky","210","Oldham","1850",7248,1910,,,,,,,3200,44.1501,509.5,"wave_coverage_differs;period_boundary_vintage_differs"
"G4803590",1906,1930,"Oldham, Texas","Oldham","Texas","480","Oldham","3590",812,1910,,,,,,,24,2.9557,3888.7,"wave_coverage_differs;period_boundary_vintage_differs"
"G3800650",1906,1930,"Oliver, North Dakota","Oliver","North Dakota","380","Oliver","0650",3577,1910,,,,,,,655,18.3114,1893.77,"wave_coverage_differs;period_boundary_vintage_differs"
"G2701090",1906,1930,"Olmsted, Minnesota","Olmsted","Minnesota","270","Olmsted","1090",22497,1910,,,,,,,8172,36.3248,1695.91,"wave_coverage_differs;period_boundary_vintage_differs"
"G1600710",1906,1930,"Oneida, Idaho","Oneida","Idaho","160","Oneida","0710",15170,1910,,,,,,,5983,39.4397,3112.13,"wave_coverage_differs;period_boundary_vintage_differs"
"G3600650",1906,1930,"Oneida, New York","Oneida","New York","360","Oneida","0650",154157,1910,,,,,,,77441,50.2351,3256.3,"wave_coverage_differs;period_boundary_vintage_differs"
"G5500850",1906,1930,"Oneida, Wisconsin","Oneida","Wisconsin","550","Oneida","0850",11433,1910,,,,,,,3384,29.5985,3201.19,"wave_coverage_differs;period_boundary_vintage_differs"
"G3600670",1906,1930,"Onondaga, New York","Onondaga","New York","360","Onondaga","0670",200298,1910,,,,,,,87651,43.7603,2086.54,"wave_coverage_differs;period_boundary_vintage_differs"
"G3701330",1906,1930,"Onslow, North Carolina","Onslow","North Carolina","370","Onslow","1330",14125,1910,,,,,,,3705,26.2301,1985.35,"wave_coverage_differs;period_boundary_vintage_differs"
"G3600690",1906,1930,"Ontario, New York","Ontario","New York","360","Ontario","0690",52286,1910,,,,,,,12290,23.5053,1715.48,"wave_coverage_differs;period_boundary_vintage_differs"
"G2601310",1906,1930,"Ontonagon, Michigan","Ontonagon","Michigan","260","Ontonagon","1310",8650,1910,,,,,,,3395,39.2486,3440.45,"wave_coverage_differs;period_boundary_vintage_differs"
"G0600590",1906,1930,"Orange, California","Orange","California","060","Orange","0590",34436,1910,,,,,,,8368,24.3002,2063.6,"wave_coverage_differs;period_boundary_vintage_differs"
"G1200950",1906,1930,"Orange, Florida","Orange","Florida","120","Orange","0950",19107,1910,,,,,,,6397,33.4799,2598.18,"wave_coverage_differs;period_boundary_vintage_differs"
"G1801170",1906,1930,"Orange, Indiana","Orange","Indiana","180","Orange","1170",17192,1910,,,,,,,5867,34.1263,1057.21,"wave_coverage_differs;period_boundary_vintage_differs"
"G3600710",1906,1930,"Orange, New York","Orange","New York","360","Orange","0710",116001,1910,,,,,,,44686,38.5221,2172.1,"wave_coverage_differs;period_boundary_vintage_differs"
"G3701350",1906,1930,"Orange, North Carolina","Orange","North Carolina","370","Orange","1350",15064,1910,,,,,,,5780,38.3696,1039.78,"wave_coverage_differs;period_boundary_vintage_differs"
"G4803610",1906,1930,"Orange, Texas","Orange","Texas","480","Orange","3610",9528,1910,,,,,,,2401,25.1994,945.77,"wave_coverage_differs;period_boundary_vintage_differs"
"G5000170",1906,1930,"Orange, Vermont","Orange","Vermont","500","Orange","0170",18703,1910,,,,,,,4977,26.6107,1793.12,"wave_coverage_differs;period_boundary_vintage_differs"
"G5101370",1906,1930,"Orange, Virginia","Orange","Virginia","510","Orange","1370",13486,1910,,,,,,,7790,57.7636,889.05,"wave_coverage_differs;period_boundary_vintage_differs"
"G4500750",1906,1930,"Orangeburg, South Carolina","Orangeburg","South Carolina","450","Orangeburg","0750",55893,1910,,,,,,,32081,57.3972,2921.33,"wave_coverage_differs;period_boundary_vintage_differs"
"G2901490",1906,1930,"Oregon, Missouri","Oregon","Missouri","290","Oregon","1490",14681,1910,,,,,,,3311,22.553,2050.1,"wave_coverage_differs;period_boundary_vintage_differs"
"G2200710",1906,1930,"Orleans, Louisiana","Orleans","Louisiana","220","Orleans","0710",339075,1910,,,,,,,186497,55.0017,507.72,"wave_coverage_differs;period_boundary_vintage_differs"
"G3600730",1906,1930,"Orleans, New York","Orleans","New York","360","Orleans","0730",32000,1910,,,,,,,11063,34.5719,1017.49,"wave_coverage_differs;period_boundary_vintage_differs"
"G5000190",1906,1930,"Orleans, Vermont","Orleans","Vermont","500","Orleans","0190",23337,1910,,,,,,,7607,32.5963,1867.75,"wave_coverage_differs;period_boundary_vintage_differs"
"G3200250",1906,1930,"Ormsby, Nevada","Ormsby","Nevada","320","Ormsby","0250",3415,1910,,,,,,,805,23.5725,407.25,"wave_coverage_differs;period_boundary_vintage_differs"
"G2001390",1906,1930,"Osage, Kansas","Osage","Kansas","200","Osage","1390",19905,1910,,,,,,,6207,31.1831,1864.42,"wave_coverage_differs;period_boundary_vintage_differs"
"G2901510",1906,1930,"Osage, Missouri","Osage","Missouri","290","Osage","1510",14283,1910,,,,,,,9383,65.6935,1588.82,"wave_coverage_differs;period_boundary_vintage_differs"
"G4001130",1906,1930,"Osage, Oklahoma","Osage","Oklahoma","400","Osage","1130",20101,1910,,,,,,,1683,8.3727,5967.29,"wave_coverage_differs;period_boundary_vintage_differs"
"G2001410",1906,1930,"Osborne, Kansas","Osborne","Kansas","200","Osborne","1410",12827,1910,,,,,,,3439,26.8106,2316.38,"wave_coverage_differs;period_boundary_vintage_differs"
"G1200970",1906,1930,"Osceola, Florida","Osceola","Florida","120","Osceola","0970",5507,1910,,,,,,,1199,21.7723,3899.6,"wave_coverage_differs;period_boundary_vintage_differs"
"G1901430",1906,1930,"Osceola, Iowa","Osceola","Iowa","190","Osceola","1430",8956,1910,,,,,,,2584,28.8522,1034.42,"wave_coverage_differs;period_boundary_vintage_differs"
"G2601330",1906,1930,"Osceola, Michigan","Osceola","Michigan","260","Osceola","1330",17889,1910,,,,,,,4272,23.8806,1484.3,"wave_coverage_differs;period_boundary_vintage_differs"
"G2601350",1906,1930,"Oscoda, Michigan","Oscoda","Michigan","260","Oscoda","1350",2027,1910,,,,,,,439,21.6576,1480.44,"wave_coverage_differs;period_boundary_vintage_differs"
"G3600750",1906,1930,"Oswego, New York","Oswego","New York","360","Oswego","0750",71664,1910,,,,,,,28802,40.1903,2628.17,"wave_coverage_differs;period_boundary_vintage_differs"
"G0800890",1906,1930,"Otero, Colorado","Otero","Colorado","080","Otero","0890",20201,1910,,,,,,,4344,21.5039,3288.52,"wave_coverage_differs;period_boundary_vintage_differs"
"G3101310",1906,1930,"Otoe, Nebraska","Otoe","Nebraska","310","Otoe","1310",19323,1910,,,,,,,7671,39.6988,1603.25,"wave_coverage_differs;period_boundary_vintage_differs"
"G2601370",1906,1930,"Otsego, Michigan","Otsego","Michigan","260","Otsego","1370",6552,1910,,,,,,,1748,26.6789,1362.96,"wave_coverage_differs;period_boundary_vintage_differs"
"G3600770",1906,1930,"Otsego, New York","Otsego","New York","360","Otsego","0770",47216,1910,,,,,,,15684,33.2176,2629.27,"wave_coverage_differs;period_boundary_vintage_differs"
"G2001430",1906,1930,"Ottawa, Kansas","Ottawa","Kansas","200","Ottawa","1430",11811,1910,,,,,,,3194,27.0426,1868.26,"wave_coverage_differs;period_boundary_vintage_differs"
"G2601390",1906,1930,"Ottawa, Michigan","Ottawa","Michigan","260","Ottawa","1390",45301,1910,,,,,,,13695,30.2311,1494.61,"wave_coverage_differs;period_boundary_vintage_differs"
"G3901230",1906,1930,"Ottawa, Ohio","Ottawa","Ohio","390","Ottawa","1230",22360,1910,,,,,,,8506,38.0411,688.47,"wave_coverage_differs;period_boundary_vintage_differs"
"G4001150",1906,1930,"Ottawa, Oklahoma","Ottawa","Oklahoma","400","Ottawa","1150",15713,1910,,,,,,,2329,14.8221,1255.11,"wave_coverage_differs;period_boundary_vintage_differs"
"G2701110",1906,1930,"Otter Tail, Minnesota","Otter Tail","Minnesota","270","Otter Tail","1110",46036,1910,,,,,,,17889,38.8587,5761.55,"wave_coverage_differs;period_boundary_vintage_differs"
"G0501030",1906,1930,"Ouachita, Arkansas","Ouachita","Arkansas","050","Ouachita","1030",21774,1910,,,,,,,8889,40.8239,1915.93,"wave_coverage_differs;period_boundary_vintage_differs"
"G2200730",1906,1930,"Ouachita, Louisiana","Ouachita","Louisiana","220","Ouachita","0730",25830,1910,,,,,,,8793,34.0418,1638.58,"wave_coverage_differs;period_boundary_vintage_differs"
"G0800910",1906,1930,"Ouray, Colorado","Ouray","Colorado","080","Ouray","0910",3514,1910,,,,,,,448,12.749,1404.29,"wave_coverage_differs;period_boundary_vintage_differs"
"G5500870",1906,1930,"Outagamie, Wisconsin","Outagamie","Wisconsin","550","Outagamie","0870",49102,1910,,,,,,,24678,50.2586,1669.36,"wave_coverage_differs;period_boundary_vintage_differs"
"G4701330",1906,1930,"Overton, Tennessee","Overton","Tennessee","470","Overton","1330",15854,1910,,,,,,,3017,19.0299,1126.17,"wave_coverage_differs;period_boundary_vintage_differs"
"G1801190",1906,1930,"Owen, Indiana","Owen","Indiana","180","Owen","1190",14053,1910,,,,,,,5588,39.7638,1004.45,"wave_coverage_differs;period_boundary_vintage_differs"
"G2101870",1906,1930,"Owen, Kentucky","Owen","Kentucky","210","Owen","1870",14248,1910,,,,,,,7057,49.5298,918.94,"wave_coverage_differs;period_boundary_vintage_differs"
"G2101890",1906,1930,"Owsley, Kentucky","Owsley","Kentucky","210","Owsley","1890",7979,1910,,,,,,,1376,17.2453,513.75,"wave_coverage_differs;period_boundary_vintage_differs"
"G1600730",1906,1930,"Owyhee, Idaho","Owyhee","Idaho","160","Owyhee","0730",4044,1910,,,,,,,345,8.5312,19934.27,"wave_coverage_differs;period_boundary_vintage_differs"
"G2300170",1906,1930,"Oxford, Maine","Oxford","Maine","230","Oxford","0170",36256,1910,,,,,,,9111,25.1296,5519.04,"wave_coverage_differs;period_boundary_vintage_differs"
"G2901530",1906,1930,"Ozark, Missouri","Ozark","Missouri","290","Ozark","1530",11926,1910,,,,,,,1881,15.7723,1956.04,"wave_coverage_differs;period_boundary_vintage_differs"
"G5500890",1906,1930,"Ozaukee, Wisconsin","Ozaukee","Wisconsin","550","Ozaukee","0890",17123,1910,,,,,,,9555,55.8021,609.55,"wave_coverage_differs;period_boundary_vintage_differs"
"G5300490",1906,1930,"Pacific, Washington","Pacific","Washington","530","Pacific","0490",12532,1910,,,,,,,682,5.4421,2419.16,"wave_coverage_differs;period_boundary_vintage_differs"
"G1901450",1906,1930,"Page, Iowa","Page","Iowa","190","Page","1450",24002,1910,,,,,,,10047,41.859,1386.85,"wave_coverage_differs;period_boundary_vintage_differs"
"G5101390",1906,1930,"Page, Virginia","Page","Virginia","510","Page","1390",14147,1910,,,,,,,4614,32.6147,813.45,"wave_coverage_differs;period_boundary_vintage_differs"
"G1200990",1906,1930,"Palm Beach, Florida","Palm Beach","Florida","120","Palm Beach","0990",5577,1910,,,,,,,0,0,6507.9,"wave_coverage_differs;period_boundary_vintage_differs"
"G1901470",1906,1930,"Palo Alto, Iowa","Palo Alto","Iowa","190","Palo Alto","1470",13845,1910,,,,,,,6061,43.7775,1474.83,"wave_coverage_differs;period_boundary_vintage_differs"
"G4803630",1906,1930,"Palo Pinto, Texas","Palo Pinto","Texas","480","Palo Pinto","3630",19506,1910,,,,,,,4435,22.7366,2552.46,"wave_coverage_differs;period_boundary_vintage_differs"
"G3701370",1906,1930,"Pamlico, North Carolina","Pamlico","North Carolina","370","Pamlico","1370",9966,1910,,,,,,,4194,42.0831,884.06,"wave_coverage_differs;period_boundary_vintage_differs"
"G2801070",1906,1930,"Panola, Mississippi","Panola","Mississippi","280","Panola","1070",31274,1910,,,,,,,11629,37.1842,1826.29,"wave_coverage_differs;period_boundary_vintage_differs"
"G4803650",1906,1930,"Panola, Texas","Panola","Texas","480","Panola","3650",20424,1910,,,,,,,7185,35.1792,2127.19,"wave_coverage_differs;period_boundary_vintage_differs"
"G0800930",1906,1930,"Park, Colorado","Park","Colorado","080","Park","0930",2492,1910,,,,,,,178,7.1429,5725.96,"wave_coverage_differs;period_boundary_vintage_differs"
"G3000670",1906,1930,"Park, Montana","Park","Montana","300","Park","0670",10731,1910,,,,,,,1736,16.1774,6910.78,"wave_coverage_differs;period_boundary_vintage_differs"
"G5600290",1906,1930,"Park, Wyoming","Park","Wyoming","560","Park","0290",4909,1910,,,,,,,0,0,13528.8,"wave_coverage_differs;period_boundary_vintage_differs"
"G1801210",1906,1930,"Parke, Indiana","Parke","Indiana","180","Parke","1210",22214,1910,,,,,,,5327,23.9804,1165.46,"wave_coverage_differs;period_boundary_vintage_differs"
"G4803670",1906,1930,"Parker, Texas","Parker","Texas","480","Parker","3670",26331,1910,,,,,,,8934,33.9296,2357.14,"wave_coverage_differs;period_boundary_vintage_differs"
"G4803690",1906,1930,"Parmer, Texas","Parmer","Texas","480","Parmer","3690",1555,1910,,,,,,,109,7.0096,2292.55,"wave_coverage_differs;period_boundary_vintage_differs"
"G1201010",1906,1930,"Pasco, Florida","Pasco","Florida","120","Pasco","1010",7502,1910,,,,,,,1817,24.2202,1980.68,"wave_coverage_differs;period_boundary_vintage_differs"
"G3701390",1906,1930,"Pasquotank, North Carolina","Pasquotank","North Carolina","370","Pasquotank","1390",16693,1910,,,,,,,7896,47.3013,590.03,"wave_coverage_differs;period_boundary_vintage_differs"
"G3400310",1906,1930,"Passaic, New Jersey","Passaic","New Jersey","340","Passaic","0310",215902,1910,,,,,,,72861,33.7473,510.5,"wave_coverage_differs;period_boundary_vintage_differs"
"G5101410",1906,1930,"Patrick, Virginia","Patrick","Virginia","510","Patrick","1410",17195,1910,,,,,,,2482,14.4344,1258.36,"wave_coverage_differs;period_boundary_vintage_differs"
"G1302230",1906,1930,"Paulding, Georgia","Paulding","Georgia","130","Paulding","2230",14124,1910,,,,,,,4663,33.0147,813.96,"wave_coverage_differs;period_boundary_vintage_differs"
"G3901250",1906,1930,"Paulding, Ohio","Paulding","Ohio","390","Paulding","1250",22730,1910,,,,,,,7359,32.3757,1084.81,"wave_coverage_differs;period_boundary_vintage_differs"
"G2001450",1906,1930,"Pawnee, Kansas","Pawnee","Kansas","200","Pawnee","1450",8859,1910,,,,,,,1771,19.991,1954.52,"wave_coverage_differs;period_boundary_vintage_differs"
"G3101330",1906,1930,"Pawnee, Nebraska","Pawnee","Nebraska","310","Pawnee","1330",10582,1910,,,,,,,3717,35.1257,1121.33,"wave_coverage_differs;period_boundary_vintage_differs"
"G4001170",1906,1930,"Pawnee, Oklahoma","Pawnee","Oklahoma","400","Pawnee","1170",17332,1910,,,,,,,2338,13.4895,1540.44,"wave_coverage_differs;period_boundary_vintage_differs"
"G4001190",1906,1930,"Payne, Oklahoma","Payne","Oklahoma","400","Payne","1190",23735,1910,,,,,,,4534,19.1026,1805.33,"wave_coverage_differs;period_boundary_vintage_differs"
"G2801090",1906,1930,"Pearl River, Mississippi","Pearl River","Mississippi","280","Pearl River","1090",10593,1910,,,,,,,1898,17.9175,2120.97,"wave_coverage_differs;period_boundary_vintage_differs"
"G4803710",1906,1930,"Pecos, Texas","Pecos","Texas","480","Pecos","3710",2071,1910,,,,,,,71,3.4283,12340.77,"wave_coverage_differs;period_boundary_vintage_differs"
"G3800670",1906,1930,"Pembina, North Dakota","Pembina","North Dakota","380","Pembina","0670",14749,1910,,,,,,,6624,44.9115,2904.41,"wave_coverage_differs;period_boundary_vintage_differs"
"G2901550",1906,1930,"Pemiscot, Missouri","Pemiscot","Missouri","290","Pemiscot","1550",19559,1910,,,,,,,3429,17.5316,1327.02,"wave_coverage_differs;period_boundary_vintage_differs"
"G5400710",1906,1930,"Pendelton, West Virginia","Pendleton","West Virginia","540","Pendleton","0710",9349,1910,,,,,,,2578,27.5751,1808.19,"wave_coverage_differs;period_boundary_vintage_differs"
"G3701410",1906,1930,"Pender, North Carolina","Pender","North Carolina","370","Pender","1410",15471,1910,,,,,,,7302,47.198,2267.94,"wave_coverage_differs;period_boundary_vintage_differs"
"G2101910",1906,1930,"Pendleton, Kentucky","Pendleton","Kentucky","210","Pendleton","1910",11985,1910,,,,,,,6396,53.3667,730.42,"wave_coverage_differs;period_boundary_vintage_differs"
"G2701130",1906,1930,"Pennington, Minnesota","Pennington","Minnesota","270","Pennington","1130",9376,1910,,,,,,,0,0,1601.26,"wave_coverage_differs;period_boundary_vintage_differs"
"G4601030",1906,1930,"Pennington, South Dakota","Pennington","South Dakota","460","Pennington","1030",12453,1910,,,,,,,1225,9.837,7211.27,"wave_coverage_differs;period_boundary_vintage_differs"
"G2300190",1906,1930,"Penobscot, Maine","Penobscot","Maine","230","Penobscot","0190",85285,1910,,,,,,,25602,30.0193,9210.51,"wave_coverage_differs;period_boundary_vintage_differs"
"G1701430",1906,1930,"Peoria, Illinois","Peoria","Illinois","170","Peoria","1430",100255,1910,,,,,,,33543,33.4577,1633.26,"wave_coverage_differs;period_boundary_vintage_differs"
"G5500910",1906,1930,"Pepin, Wisconsin","Pepin","Wisconsin","550","Pepin","0910",7577,1910,,,,,,,2574,33.9712,644.11,"wave_coverage_differs;period_boundary_vintage_differs"
"G3101350",1906,1930,"Perkins, Nebraska","Perkins","Nebraska","310","Perkins","1350",2570,1910,,,,,,,260,10.1167,2290.78,"wave_coverage_differs;period_boundary_vintage_differs"
"G4601050",1906,1930,"Perkins, South Dakota","Perkins","South Dakota","460","Perkins","1050",11348,1910,,,,,,,0,0,7484.94,"wave_coverage_differs;period_boundary_vintage_differs"
"G3701430",1906,1930,"Perquimans, North Carolina","Perquimans","North Carolina","370","Perquimans","1430",11054,1910,,,,,,,5276,47.7293,640.37,"wave_coverage_differs;period_boundary_vintage_differs"
"G0101050",1906,1930,"Perry, Alabama","Perry","Alabama","010","Perry","1050",31222,1910,,,,,,,16216,51.9377,1874.83,"wave_coverage_differs;period_boundary_vintage_differs"
"G0501050",1906,1930,"Perry, Arkansas","Perry","Arkansas","050","Perry","1050",9402,1910,,,,,,,2786,29.632,1451.76,"wave_coverage_differs;period_boundary_vintage_differs"
"G1701450",1906,1930,"Perry, Illinois","Perry","Illinois","170","Perry","1450",22088,1910,,,,,,,9323,42.2084,1157.38,"wave_coverage_differs;period_boundary_vintage_differs"
"G1801230",1906,1930,"Perry, Indiana","Perry","Indiana","180","Perry","1230",18078,1910,,,,,,,6537,36.16,1000.91,"wave_coverage_differs;period_boundary_vintage_differs"
"G2101930",1906,1930,"Perry, Kentucky","Perry","Kentucky","210","Perry","1930",11255,1910,,,,,,,791,7.028,887.63,"wave_coverage_differs;period_boundary_vintage_differs"
"G2801110",1906,1930,"Perry, Mississippi","Perry","Mississippi","280","Perry","1110",7685,1910,,,,,,,8064,104.9317,1684.01,"wave_coverage_differs;period_boundary_vintage_differs"
"G2901570",1906,1930,"Perry, Missouri","Perry","Missouri","290","Perry","1570",14898,1910,,,,,,,11538,77.4466,1253.95,"wave_coverage_differs;period_boundary_vintage_differs"
"G3901270",1906,1930,"Perry, Ohio","Perry","Ohio","390","Perry","1270",35396,1910,,,,,,,13304,37.5862,1068.25,"wave_coverage_differs;period_boundary_vintage_differs"
"G4200990",1906,1930,"Perry, Pennsylvania","Perry","Pennsylvania","420","Perry","0990",24136,1910,,,,,,,8834,36.6009,1439.44,"wave_coverage_differs;period_boundary_vintage_differs"
"G4701350",1906,1930,"Perry, Tennessee","Perry","Tennessee","470","Perry","1350",8815,1910,,,,,,,1437,16.3018,1112.47,"wave_coverage_differs;period_boundary_vintage_differs"
"G3701450",1906,1930,"Person, North Carolina","Person","North Carolina","370","Person","1450",17356,1910,,,,,,,6323,36.4312,1046.56,"wave_coverage_differs;period_boundary_vintage_differs"
"G5107300",1906,1930,"Petersburg City, Virginia","Petersburg City","Virginia","510","Petersburg City","7300",24127,1910,,,,,,,11026,45.6998,12.28,"wave_coverage_differs;period_boundary_vintage_differs"
"G2901590",1906,1930,"Pettis, Missouri","Pettis","Missouri","290","Pettis","1590",33913,1910,,,,,,,13025,38.4071,1777.46,"wave_coverage_differs;period_boundary_vintage_differs"
"G2901610",1906,1930,"Phelps, Missouri","Phelps","Missouri","290","Phelps","1610",15796,1910,,,,,,,3194,20.2203,1746.49,"wave_coverage_differs;period_boundary_vintage_differs"
"G3101370",1906,1930,"Phelps, Nebraska","Phelps","Nebraska","310","Phelps","1370",10451,1910,,,,,,,3050,29.1838,1399.68,"wave_coverage_differs;period_boundary_vintage_differs"
"G4201010",1906,1930,"Philadelphia, Pennsylvania","Philadelphia","Pennsylvania","420","Philadelphia","1010",1549008,1910,,,,,,,558866,36.079,369.63,"wave_coverage_differs;period_boundary_vintage_differs"
"G0501070",1906,1930,"Phillips, Arkansas","Phillips","Arkansas","050","Phillips","1070",33535,1910,,,,,,,10774,32.1276,1883.8,"wave_coverage_differs;period_boundary_vintage_differs"
"G0800950",1906,1930,"Phillips, Colorado","Phillips","Colorado","080","Phillips","0950",3179,1910,,,,,,,375,11.7962,1782.03,"wave_coverage_differs;period_boundary_vintage_differs"
"G2001470",1906,1930,"Phillips, Kansas","Phillips","Kansas","200","Phillips","1470",14150,1910,,,,,,,3189,22.5371,2316.9,"wave_coverage_differs;period_boundary_vintage_differs"
"G1701470",1906,1930,"Piatt, Illinois","Piatt","Illinois","170","Piatt","1470",16376,1910,,,,,,,5256,32.0957,1138.19,"wave_coverage_differs;period_boundary_vintage_differs"
"G3901290",1906,1930,"Pickaway, Ohio","Pickaway","Ohio","390","Pickaway","1290",26158,1910,,,,,,,8299,31.7264,1311.99,"wave_coverage_differs;period_boundary_vintage_differs"
"G0101070",1906,1930,"Pickens, Alabama","Pickens","Alabama","010","Pickens","1070",25055,1910,,,,,,,10771,42.9894,2305.42,"wave_coverage_differs;period_boundary_vintage_differs"
"G1302270",1906,1930,"Pickens, Georgia","Pickens","Georgia","130","Pickens","2270",9041,1910,,,,,,,3806,42.0971,602.21,"wave_coverage_differs;period_boundary_vintage_differs"
"G4500770",1906,1930,"Pickens, South Carolina","Pickens","South Carolina","450","Pickens","0770",25422,1910,,,,,,,7800,30.6821,1305.94,"wave_coverage_differs;period_boundary_vintage_differs"
"G4701370",1906,1930,"Pickett, Tennessee","Pickett","Tennessee","470","Pickett","1370",5087,1910,,,,,,,547,10.7529,452.2,"wave_coverage_differs;period_boundary_vintage_differs"
"G1302290",1906,1930,"Pierce, Georgia","Pierce","Georgia","130","Pierce","2290",10749,1910,,,,,,,2477,23.044,888.14,"wave_coverage_differs;period_boundary_vintage_differs"
"G3101390",1906,1930,"Pierce, Nebraska","Pierce","Nebraska","310","Pierce","1390",10122,1910,,,,,,,2734,27.0105,1488.19,"wave_coverage_differs;period_boundary_vintage_differs"
"G3800690",1906,1930,"Pierce, North Dakota","Pierce","North Dakota","380","Pierce","0690",9740,1910,,,,,,,3459,35.5133,2803.23,"wave_coverage_differs;period_boundary_vintage_differs"
"G5300530",1906,1930,"Pierce, Washington","Pierce","Washington","530","Pierce","0530",120812,1910,,,,,,,19425,16.0787,4378.72,"wave_coverage_differs;period_boundary_vintage_differs"
"G5500930",1906,1930,"Pierce, Wisconsin","Pierce","Wisconsin","550","Pierce","0930",22079,1910,,,,,,,8515,38.5661,1532.94,"wave_coverage_differs;period_boundary_vintage_differs"
"G0101090",1906,1930,"Pike, Alabama","Pike","Alabama","010","Pike","1090",30815,1910,,,,,,,13235,42.9499,1743.09,"wave_coverage_differs;period_boundary_vintage_differs"
"G0501090",1906,1930,"Pike, Arkansas","Pike","Arkansas","050","Pike","1090",12565,1910,,,,,,,1616,12.8611,1590.59,"wave_coverage_differs;period_boundary_vintage_differs"
"G1302310",1906,1930,"Pike, Georgia","Pike","Georgia","130","Pike","2310",19495,1910,,,,,,,9182,47.0993,569.08,"wave_coverage_differs;period_boundary_vintage_differs"
"G1701490",1906,1930,"Pike, Illinois","Pike","Illinois","170","Pike","1490",28622,1910,,,,,,,10275,35.899,2198.6,"wave_coverage_differs;period_boundary_vintage_differs"
"G1801250",1906,1930,"Pike, Indiana","Pike","Indiana","180","Pike","1250",19684,1910,,,,,,,5489,27.8856,883.46,"wave_coverage_differs;period_boundary_vintage_differs"
"G2101950",1906,1930,"Pike, Kentucky","Pike","Kentucky","210","Pike","1950",31679,1910,,,,,,,4267,13.4695,2043.08,"wave_coverage_differs;period_boundary_vintage_differs"
"G2801130",1906,1930,"Pike, Mississippi","Pike","Mississippi","280","Pike","1130",37272,1910,,,,,,,17190,46.1204,1063.66,"wave_coverage_differs;period_boundary_vintage_differs"
"G2901630",1906,1930,"Pike, Missouri","Pike","Missouri","290","Pike","1630",22556,1910,,,,,,,9829,43.576,1773.4,"wave_coverage_differs;period_boundary_vintage_differs"
"G3901310",1906,1930,"Pike, Ohio","Pike","Ohio","390","Pike","1310",15723,1910,,,,,,,4176,26.5598,1149.86,"wave_coverage_differs;period_boundary_vintage_differs"
"G4201030",1906,1930,"Pike, Pennsylvania","Pike","Pennsylvania","420","Pike","1030",8033,1910,,,,,,,1478,18.3991,1467.4,"wave_coverage_differs;period_boundary_vintage_differs"
"G2701150",1906,1930,"Pine, Minnesota","Pine","Minnesota","270","Pine","1150",15878,1910,,,,,,,4629,29.1535,3715.47,"wave_coverage_differs;period_boundary_vintage_differs"
"G2701170",1906,1930,"Pipestone, Minnesota","Pipestone","Minnesota","270","Pipestone","1170",9553,1910,,,,,,,3189,33.3822,1206.84,"wave_coverage_differs;period_boundary_vintage_differs"
"G2300210",1906,1930,"Piscataquis, Maine","Piscataquis","Maine","230","Piscataquis","0210",19887,1910,,,,,,,3201,16.0959,11336.98,"wave_coverage_differs;period_boundary_vintage_differs"
"G0800970",1906,1930,"Pitkin, Colorado","Pitkin","Colorado","080","Pitkin","0970",4566,1910,,,,,,,2499,54.7306,2520.58,"wave_coverage_differs;period_boundary_vintage_differs"
"G3701470",1906,1930,"Pitt, North Carolina","Pitt","North Carolina","370","Pitt","1470",36340,1910,,,,,,,10664,29.3451,1695.54,"wave_coverage_differs;period_boundary_vintage_differs"
"G4001210",1906,1930,"Pittsburg, Oklahoma","Pittsburg","Oklahoma","400","Pittsburg","1210",47650,1910,,,,,,,8279,17.3746,3568.55,"wave_coverage_differs;period_boundary_vintage_differs"
"G5101430",1906,1930,"Pittsylvania, Virginia","Pittsylvania","Virginia","510","Pittsylvania","1430",50709,1910,,,,,,,14065,27.7367,2636.26,"wave_coverage_differs;period_boundary_vintage_differs"
"G4900310",1906,1930,"Piute, Utah","Piute","Utah","490","Piute","0310",1734,1910,,,,,,,673,38.812,1983.3,"wave_coverage_differs;period_boundary_vintage_differs"
"G0600610",1906,1930,"Placer, California","Placer","California","060","Placer","0610",18237,1910,,,,,,,2102,11.526,3891.31,"wave_coverage_differs;period_boundary_vintage_differs"
"G2200750",1906,1930,"Plaquemines, Louisiana","Plaquemines","Louisiana","220","Plaquemines","0750",12524,1910,,,,,,,6485,51.7806,2798.64,"wave_coverage_differs;period_boundary_vintage_differs"
"G2901650",1906,1930,"Platte, Missouri","Platte","Missouri","290","Platte","1650",14429,1910,,,,,,,5905,40.9245,1105.52,"wave_coverage_differs;period_boundary_vintage_differs"
"G3101410",1906,1930,"Platte, Nebraska","Platte","Nebraska","310","Platte","1410",19006,1910,,,,,,,9877,51.9678,1784.53,"wave_coverage_differs;period_boundary_vintage_differs"
"G5400730",1906,1930,"Pleasants, West Virginia","Pleasants","West Virginia","540","Pleasants","0730",8074,1910,,,,,,,2047,25.353,348.49,"wave_coverage_differs;period_boundary_vintage_differs"
"G0600630",1906,1930,"Plumas, California","Plumas","California","060","Plumas","0630",5259,1910,,,,,,,73,1.3881,6768.05,"wave_coverage_differs;period_boundary_vintage_differs"
"G1901490",1906,1930,"Plymouth, Iowa","Plymouth","Iowa","190","Plymouth","1490",23129,1910,,,,,,,9585,41.4415,2237.06,"wave_coverage_differs;period_boundary_vintage_differs"
"G2500230",1906,1930,"Plymouth, Massachusetts","Plymouth","Massachusetts","250","Plymouth","0230",144337,1910,,,,,,,51020,35.3478,1819.46,"wave_coverage_differs;period_boundary_vintage_differs"
"G1901510",1906,1930,"Pocahontas, Iowa","Pocahontas","Iowa","190","Pocahontas","1510",14808,1910,,,,,,,5291,35.7307,1498.71,"wave_coverage_differs;period_boundary_vintage_differs"
"G5400750",1906,1930,"Pocahontas, West Virginia","Pocahontas","West Virginia","540","Pocahontas","0750",14740,1910,,,,,,,2416,16.3908,2439.32,"wave_coverage_differs;period_boundary_vintage_differs"
"G0501110",1906,1930,"Poinsett, Arkansas","Poinsett","Arkansas","050","Poinsett","1110",12791,1910,,,,,,,1911,14.9402,1977.75,"wave_coverage_differs;period_boundary_vintage_differs"
"G2200770",1906,1930,"Pointe Coupee, Louisiana","Pointe Coupee","Louisiana","220","Pointe Coupee","0770",25289,1910,,,,,,,10522,41.607,1529.94,"wave_coverage_differs;period_boundary_vintage_differs"
"G0501130",1906,1930,"Polk, Arkansas","Polk","Arkansas","050","Polk","1130",17216,1910,,,,,,,3446,20.0163,2233.89,"wave_coverage_differs;period_boundary_vintage_differs"
"G1201050",1906,1930,"Polk, Florida","Polk","Florida","120","Polk","1050",24148,1910,,,,,,,5000,20.7056,5207.75,"wave_coverage_differs;period_boundary_vintage_differs"
"G1302330",1906,1930,"Polk, Georgia","Polk","Georgia","130","Polk","2330",20203,1910,,,,,,,7145,35.366,808.45,"wave_coverage_differs;period_boundary_vintage_differs"
"G1901530",1906,1930,"Polk, Iowa","Polk","Iowa","190","Polk","1530",110438,1910,,,,,,,32472,29.4029,1532.07,"wave_coverage_differs;period_boundary_vintage_differs"
"G2701190",1906,1930,"Polk, Minnesota","Polk","Minnesota","270","Polk","1190",36001,1910,,,,,,,13738,38.1601,5174.16,"wave_coverage_differs;period_boundary_vintage_differs"
"G2901670",1906,1930,"Polk, Missouri","Polk","Missouri","290","Polk","1670",21561,1910,,,,,,,7248,33.6163,1663.93,"wave_coverage_differs;period_boundary_vintage_differs"
"G3101430",1906,1930,"Polk, Nebraska","Polk","Nebraska","310","Polk","1430",10521,1910,,,,,,,2811,26.718,1140.95,"wave_coverage_differs;period_boundary_vintage_differs"
"G3701490",1906,1930,"Polk, North Carolina","Polk","North Carolina","370","Polk","1490",7640,1910,,,,,,,2245,29.3848,617.83,"wave_coverage_differs;period_boundary_vintage_differs"
"G4100530",1906,1930,"Polk, Oregon","Polk","Oregon","410","Polk","0530",13469,1910,,,,,,,2372,17.6108,1927.34,"wave_coverage_differs;period_boundary_vintage_differs"
"G4701390",1906,1930,"Polk, Tennessee","Polk","Tennessee","470","Polk","1390",14116,1910,,,,,,,2631,18.6384,1145.59,"wave_coverage_differs;period_boundary_vintage_differs"
"G4803730",1906,1930,"Polk, Texas","Polk","Texas","480","Polk","3730",17459,1910,,,,,,,3904,22.361,2874.01,"wave_coverage_differs;period_boundary_vintage_differs"
"G5500950",1906,1930,"Polk, Wisconsin","Polk","Wisconsin","550","Polk","0950",21367,1910,,,,,,,7086,33.1633,2477.09,"wave_coverage_differs;period_boundary_vintage_differs"
"G2801150",1906,1930,"Pontotoc, Mississippi","Pontotoc","Mississippi","280","Pontotoc","1150",19688,1910,,,,,,,6602,33.5331,1297.64,"wave_coverage_differs;period_boundary_vintage_differs"
"G4001230",1906,1930,"Pontotoc, Oklahoma","Pontotoc","Oklahoma","400","Pontotoc","1230",24331,1910,,,,,,,3959,16.2714,1878.35,"wave_coverage_differs;period_boundary_vintage_differs"
"G0501150",1906,1930,"Pope, Arkansas","Pope","Arkansas","050","Pope","1150",24527,1910,,,,,,,5361,21.8575,2151.69,"wave_coverage_differs;period_boundary_vintage_differs"
"G1701510",1906,1930,"Pope, Illinois","Pope","Illinois","170","Pope","1510",11215,1910,,,,,,,3242,28.9077,970.43,"wave_coverage_differs;period_boundary_vintage_differs"
"G2701210",1906,1930,"Pope, Minnesota","Pope","Minnesota","270","Pope","1210",12746,1910,,,,,,,6489,50.9101,1857.38,"wave_coverage_differs;period_boundary_vintage_differs"
"G3901330",1906,1930,"Portage, Ohio","Portage","Ohio","390","Portage","1330",30307,1910,,,,,,,9680,31.9398,1310.01,"wave_coverage_differs;period_boundary_vintage_differs"
"G5500970",1906,1930,"Portage, Wisconsin","Portage","Wisconsin","550","Portage","0970",30945,1910,,,,,,,16940,54.7423,2130.64,"wave_coverage_differs;period_boundary_vintage_differs"
"G1801270",1906,1930,"Porter, Indiana","Porter","Indiana","180","Porter","1270",20540,1910,,,,,,,4690,22.8335,1088.09,"wave_coverage_differs;period_boundary_vintage_differs"
"G5107400",1906,1930,"Portsmouth City, Virginia","Portsmouth City","Virginia","510","Portsmouth City","7400",33190,1910,,,,,,,14761,44.4742,14.45,"wave_coverage_differs;period_boundary_vintage_differs"
"G1801290",1906,1930,"Posey, Indiana","Posey","Indiana","180","Posey","1290",21670,1910,,,,,,,8685,40.0784,1086.64,"wave_coverage_differs;period_boundary_vintage_differs"
"G2001490",1906,1930,"Pottawatomie, Kansas","Pottawatomie","Kansas","200","Pottawatomie","1490",17522,1910,,,,,,,6833,38.9967,2232.18,"wave_coverage_differs;period_boundary_vintage_differs"
"G1901550",1906,1930,"Pottawattamie, Iowa","Pottawattamie","Iowa","190","Pottawattamie","1550",55832,1910,,,,,,,13959,25.0018,2484.11,"wave_coverage_differs;period_boundary_vintage_differs"
"G4201050",1906,1930,"Potter, Pennsylvania","Potter","Pennsylvania","420","Potter","1050",29729,1910,,,,,,,6747,22.695,2800.85,"wave_coverage_differs;period_boundary_vintage_differs"
"G4601070",1906,1930,"Potter, South Dakota","Potter","South Dakota","460","Potter","1070",4466,1910,,,,,,,772,17.2862,2327.88,"wave_coverage_differs;period_boundary_vintage_differs"
"G4803750",1906,1930,"Potter, Texas","Potter","Texas","480","Potter","3750",12424,1910,,,,,,,1932,15.5505,2387.94,"wave_coverage_differs;period_boundary_vintage_differs"
"G4001250",1906,1930,"Pottowatomie, Oklahoma","Pottowatomie","Oklahoma","400","Pottawatomie","1250",43595,1910,,,,,,,10013,22.9682,2054.82,"wave_coverage_differs;period_boundary_vintage_differs"
"G2101970",1906,1930,"Powell, Kentucky","Powell","Kentucky","210","Powell","1970",6268,1910,,,,,,,1353,21.5858,466.62,"wave_coverage_differs;period_boundary_vintage_differs"
"G3000770",1906,1930,"Powell, Montana","Powell","Montana","300","Powell","0770",5904,1910,,,,,,,971,16.4465,6041.7,"wave_coverage_differs;period_boundary_vintage_differs"
"G1901570",1906,1930,"Poweshiek, Iowa","Poweshiek","Iowa","190","Poweshiek","1570",19589,1910,,,,,,,6388,32.6101,1517.91,"wave_coverage_differs;period_boundary_vintage_differs"
"G5101450",1906,1930,"Powhatan, Virginia","Powhatan","Virginia","510","Powhatan","1450",6099,1910,,,,,,,3634,59.5835,679.46,"wave_coverage_differs;period_boundary_vintage_differs"
"G0501170",1906,1930,"Prairie, Arkansas","Prairie","Arkansas","050","Prairie","1170",13853,1910,,,,,,,4578,33.047,1749.86,"wave_coverage_differs;period_boundary_vintage_differs"
"G2001510",1906,1930,"Pratt, Kansas","Pratt","Kansas","200","Pratt","1510",11156,1910,,,,,,,2288,20.5091,1905.51,"wave_coverage_differs;period_boundary_vintage_differs"
"G3901350",1906,1930,"Preble, Ohio","Preble","Ohio","390","Preble","1350",23834,1910,,,,,,,8309,34.862,1104.48,"wave_coverage_differs;period_boundary_vintage_differs"
"G2801170",1906,1930,"Prentiss, Mississippi","Prentiss","Mississippi","280","Prentiss","1170",16931,1910,,,,,,,3579,21.1387,1083.11,"wave_coverage_differs;period_boundary_vintage_differs"
"G4803770",1906,1930,"Presidio, Texas","Presidio","Texas","480","Presidio","3770",5218,1910,,,,,,,4712,90.3028,9986.84,"wave_coverage_differs;period_boundary_vintage_differs"
"G2601410",1906,1930,"Presque Isle, Michigan","Presque Isle","Michigan","260","Presque Isle","1410",11249,1910,,,,,,,3836,34.1008,1773.78,"wave_coverage_differs;period_boundary_vintage_differs"
"G5400770",1906,1930,"Preston, West Virginia","Preston","West Virginia","540","Preston","0770",26341,1910,,,,,,,8188,31.0846,1687.05,"wave_coverage_differs;period_boundary_vintage_differs"
"G5500990",1906,1930,"Price, Wisconsin","Price","Wisconsin","550","Price","0990",13795,1910,,,,,,,3799,27.539,3310.76,"wave_coverage_differs;period_boundary_vintage_differs"
"G5101470",1906,1930,"Prince Edward, Virginia","Prince Edward","Virginia","510","Prince Edward","1470",14266,1910,,,,,,,6638,46.5302,916.44,"wave_coverage_differs;period_boundary_vintage_differs"
"G5101490",1906,1930,"Prince George, Virginia","Prince George","Virginia","510","Prince George","1490",7848,1910,,,,,,,3324,42.3547,772.5,"wave_coverage_differs;period_boundary_vintage_differs"
"G2400330",1906,1930,"Prince Georges, Maryland","Prince Georges","Maryland","240","Prince Georges","0330",36147,1910,,,,,,,11616,32.1354,1265.78,"wave_coverage_differs;period_boundary_vintage_differs"
"G5101530",1906,1930,"Prince William, Virginia","Prince William","Virginia","510","Prince William","1530",12026,1910,,,,,,,3318,27.5902,917.54,"wave_coverage_differs;period_boundary_vintage_differs"
"G5101510",1906,1930,"Princess Anne, Virginia","Princess Anne","Virginia","510","Princess Anne","1510",11526,1910,,,,,,,4713,40.8902,701.28,"wave_coverage_differs;period_boundary_vintage_differs"
"G4400070",1906,1930,"Providence, Rhode Island","Providence","Rhode Island","440","Providence","0070",424353,1910,,,,,,,217035,51.1449,1113.84,"wave_coverage_differs;period_boundary_vintage_differs"
"G0800990",1906,1930,"Prowers, Colorado","Prowers","Colorado","080","Prowers","0990",9520,1910,,,,,,,1448,15.2101,4258.77,"wave_coverage_differs;period_boundary_vintage_differs"
"G0801010",1906,1930,"Pueblo, Colorado","Pueblo","Colorado","080","Pueblo","1010",52223,1910,,,,,,,21085,40.3749,6210.25,"wave_coverage_differs;period_boundary_vintage_differs"
"G0501190",1906,1930,"Pulaski, Arkansas","Pulaski","Arkansas","050","Pulaski","1190",86751,1910,,,,,,,27691,31.9201,2091.85,"wave_coverage_differs;period_boundary_vintage_differs"
"G1302350",1906,1930,"Pulaski, Georgia","Pulaski","Georgia","130","Pulaski","2350",22835,1910,,,,,,,9234,40.4379,646.5,"wave_coverage_differs;period_boundary_vintage_differs"
"G1701530",1906,1930,"Pulaski, Illinois","Pulaski","Illinois","170","Pulaski","1530",15650,1910,,,,,,,4862,31.0671,526.24,"wave_coverage_differs;period_boundary_vintage_differs"
"G1801310",1906,1930,"Pulaski, Indiana","Pulaski","Indiana","180","Pulaski","1310",13312,1910,,,,,,,3874,29.1016,1125.43,"wave_coverage_differs;period_boundary_vintage_differs"
"G2101990",1906,1930,"Pulaski, Kentucky","Pulaski","Kentucky","210","Pulaski","1990",35986,1910,,,,,,,7906,21.9697,1753.31,"wave_coverage_differs;period_boundary_vintage_differs"
"G2901690",1906,1930,"Pulaski, Missouri","Pulaski","Missouri","290","Pulaski","1690",11438,1910,,,,,,,3429,29.979,1428.24,"wave_coverage_differs;period_boundary_vintage_differs"
"G5101550",1906,1930,"Pulaski, Virginia","Pulaski","Virginia","510","Pulaski","1550",17246,1910,,,,,,,4609,26.725,853.64,"wave_coverage_differs;period_boundary_vintage_differs"
"G4001270",1906,1930,"Pushmataha, Oklahoma","Pushmataha","Oklahoma","400","Pushmataha","1270",10118,1910,,,,,,,824,8.1439,3685.19,"wave_coverage_differs;period_boundary_vintage_differs"
"G1201070",1906,1930,"Putnam, Florida","Putnam","Florida","120","Putnam","1070",13096,1910,,,,,,,4766,36.3928,2141.76,"wave_coverage_differs;period_boundary_vintage_differs"
"G1302370",1906,1930,"Putnam, Georgia","Putnam","Georgia","130","Putnam","2370",13876,1910,,,,,,,4799,34.5849,934.15,"wave_coverage_differs;period_boundary_vintage_differs"
"G1701550",1906,1930,"Putnam, Illinois","Putnam","Illinois","170","Putnam","1550",7561,1910,,,,,,,1249,16.519,446.05,"wave_coverage_differs;period_boundary_vintage_differs"
"G1801330",1906,1930,"Putnam, Indiana","Putnam","Indiana","180","Putnam","1330",20520,1910,,,,,,,6960,33.9181,1250.15,"wave_coverage_differs;period_boundary_vintage_differs"
"G2901710",1906,1930,"Putnam, Missouri","Putnam","Missouri","290","Putnam","1710",14308,1910,,,,,,,3735,26.1043,1345.78,"wave_coverage_differs;period_boundary_vintage_differs"
"G3600790",1906,1930,"Putnam, New York","Putnam","New York","360","Putnam","0790",14665,1910,,,,,,,6603,45.0256,637.78,"wave_coverage_differs;period_boundary_vintage_differs"
"G3901370",1906,1930,"Putnam, Ohio","Putnam","Ohio","390","Putnam","1370",29972,1910,,,,,,,14205,47.3942,1254.33,"wave_coverage_differs;period_boundary_vintage_differs"
"G4701410",1906,1930,"Putnam, Tennessee","Putnam","Tennessee","470","Putnam","1410",20023,1910,,,,,,,3821,19.0831,1042.64,"wave_coverage_differs;period_boundary_vintage_differs"
"G5400790",1906,1930,"Putnam, West Virginia","Putnam","West Virginia","540","Putnam","0790",18587,1910,,,,,,,2586,13.9129,907.54,"wave_coverage_differs;period_boundary_vintage_differs"
"G2400350",1906,1930,"Queen Annes, Maryland","Queen Anne's","Maryland","240","Queen Anne's","0350",16839,1910,,,,,,,5040,29.9305,968.14,"wave_coverage_differs;period_boundary_vintage_differs"
"G3600810",1906,1930,"Queens, New York","Queens","New York","360","Queens","0810",284041,1910,,,,,,,91247,32.1246,284.42,"wave_coverage_differs;period_boundary_vintage_differs"
"G1302390",1906,1930,"Quitman, Georgia","Quitman","Georgia","130","Quitman","2390",4594,1910,,,,,,,1757,38.2455,416.81,"wave_coverage_differs;period_boundary_vintage_differs"
"G2801190",1906,1930,"Quitman, Mississippi","Quitman","Mississippi","280","Quitman","1190",11593,1910,,,,,,,2133,18.399,1052.65,"wave_coverage_differs;period_boundary_vintage_differs"
"G1302410",1906,1930,"Rabun, Georgia","Rabun","Georgia","130","Rabun","2410",5562,1910,,,,,,,2372,42.6465,976.12,"wave_coverage_differs;period_boundary_vintage_differs"
"G5501010",1906,1930,"Racine, Wisconsin","Racine","Wisconsin","550","Racine","1010",57424,1910,,,,,,,19874,34.6092,881.82,"wave_coverage_differs;period_boundary_vintage_differs"
"G5107500",1906,1930,"Radford City, Virginia","Radford City","Virginia","510","Radford City","7500",4202,1910,,,,,,,569,13.5412,14.47,"wave_coverage_differs;period_boundary_vintage_differs"
"G4803790",1906,1930,"Rains, Texas","Rains","Texas","480","Rains","3790",6787,1910,,,,,,,1427,21.0255,670.36,"wave_coverage_differs;period_boundary_vintage_differs"
"G5400810",1906,1930,"Raleigh, West Virginia","Raleigh","West Virginia","540","Raleigh","0810",25633,1910,,,,,,,3791,14.7895,1578.2,"wave_coverage_differs;period_boundary_vintage_differs"
"G2901730",1906,1930,"Ralls, Missouri","Ralls","Missouri","290","Ralls","1730",12913,1910,,,,,,,5192,40.2075,1253.1,"wave_coverage_differs;period_boundary_vintage_differs"
"G2701230",1906,1930,"Ramsey, Minnesota","Ramsey","Minnesota","270","Ramsey","1230",223675,1910,,,,,,,107315,47.9781,440.51,"wave_coverage_differs;period_boundary_vintage_differs"
"G3800710",1906,1930,"Ramsey, North Dakota","Ramsey","North Dakota","380","Ramsey","0710",15199,1910,,,,,,,4033,26.5346,3369.35,"wave_coverage_differs;period_boundary_vintage_differs"
"G4803810",1906,1930,"Randall, Texas","Randall","Texas","480","Randall","3810",3312,1910,,,,,,,525,15.8514,2389.06,"wave_coverage_differs;period_boundary_vintage_differs"
"G0101110",1906,1930,"Randolph, Alabama","Randolph","Alabama","010","Randolph","1110",24659,1910,,,,,,,8087,32.7953,1512.9,"wave_coverage_differs;period_boundary_vintage_differs"
"G0501210",1906,1930,"Randolph, Arkansas","Randolph","Arkansas","050","Randolph","1210",18987,1910,,,,,,,3584,18.8761,1699.13,"wave_coverage_differs;period_boundary_vintage_differs"
"G1302430",1906,1930,"Randolph, Georgia","Randolph","Georgia","130","Randolph","2430",18841,1910,,,,,,,10578,56.1435,1128.23,"wave_coverage_differs;period_boundary_vintage_differs"
"G1701570",1906,1930,"Randolph, Illinois","Randolph","Illinois","170","Randolph","1570",29120,1910,,,,,,,13605,46.7205,1546.97,"wave_coverage_differs;period_boundary_vintage_differs"
"G1801350",1906,1930,"Randolph, Indiana","Randolph","Indiana","180","Randolph","1350",29013,1910,,,,,,,11633,40.0958,1174.08,"wave_coverage_differs;period_boundary_vintage_differs"
"G2901750",1906,1930,"Randolph, Missouri","Randolph","Missouri","290","Randolph","1750",26182,1910,,,,,,,12607,48.1514,1263.44,"wave_coverage_differs;period_boundary_vintage_differs"
"G3701510",1906,1930,"Randolph, North Carolina","Randolph","North Carolina","370","Randolph","1510",29491,1910,,,,,,,11258,38.1744,2044.53,"wave_coverage_differs;period_boundary_vintage_differs"
"G5400830",1906,1930,"Randolph, West Virginia","Randolph","West Virginia","540","Randolph","0830",26028,1910,,,,,,,5212,20.0246,2693.49,"wave_coverage_differs;period_boundary_vintage_differs"
"G2801210",1906,1930,"Rankin, Mississippi","Rankin","Mississippi","280","Rankin","1210",23944,1910,,,,,,,11353,47.4148,2087.72,"wave_coverage_differs;period_boundary_vintage_differs"
"G3800730",1906,1930,"Ransom, North Dakota","Ransom","North Dakota","380","Ransom","0730",10345,1910,,,,,,,2892,27.9555,2237.08,"wave_coverage_differs;period_boundary_vintage_differs"
"G2200790",1906,1930,"Rapides, Louisiana","Rapides","Louisiana","220","Rapides","0790",44545,1910,,,,,,,18111,40.6578,3526.72,"wave_coverage_differs;period_boundary_vintage_differs"
"G5101570",1906,1930,"Rappahannock, Virginia","Rappahannock","Virginia","510","Rappahannock","1570",8044,1910,,,,,,,2662,33.093,691.22,"wave_coverage_differs;period_boundary_vintage_differs"
"G3000810",1906,1930,"Ravalli, Montana","Ravalli","Montana","300","Ravalli","0810",11666,1910,,,,,,,1292,11.0749,6216.51,"wave_coverage_differs;period_boundary_vintage_differs"
"G2001530",1906,1930,"Rawlins, Kansas","Rawlins","Kansas","200","Rawlins","1530",6380,1910,,,,,,,1673,26.2226,2770.15,"wave_coverage_differs;period_boundary_vintage_differs"
"G2901770",1906,1930,"Ray, Missouri","Ray","Missouri","290","Ray","1770",21451,1910,,,,,,,7598,35.4203,1485.69,"wave_coverage_differs;period_boundary_vintage_differs"
"G4803830",1906,1930,"Reagan, Texas","Reagan","Texas","480","Reagan","3830",392,1910,,,,,,,69,17.602,3045.84,"wave_coverage_differs;period_boundary_vintage_differs"
"G2701250",1906,1930,"Red Lake, Minnesota","Red Lake","Minnesota","270","Red Lake","1250",6564,1910,,,,,,,4987,75.975,1120.16,"wave_coverage_differs;period_boundary_vintage_differs"
"G2200810",1906,1930,"Red River, Louisiana","Red River","Louisiana","220","Red River","0810",11402,1910,,,,,,,4711,41.3173,1042.03,"wave_coverage_differs;period_boundary_vintage_differs"
"G4803870",1906,1930,"Red River, Texas","Red River","Texas","480","Red River","3870",28564,1910,,,,,,,9681,33.8923,2736.93,"wave_coverage_differs;period_boundary_vintage_differs"
"G3101450",1906,1930,"Red Willow, Nebraska","Red Willow","Nebraska","310","Red Willow","1450",11056,1910,,,,,,,2573,23.2724,1859.63,"wave_coverage_differs;period_boundary_vintage_differs"
"G2701270",1906,1930,"Redwood, Minnesota","Redwood","Minnesota","270","Redwood","1270",18425,1910,,,,,,,8627,46.8223,2283.73,"wave_coverage_differs;period_boundary_vintage_differs"
"G4803890",1906,1930,"Reeves, Texas","Reeves","Texas","480","Reeves","3890",4392,1910,,,,,,,508,11.5665,6842.92,"wave_coverage_differs;period_boundary_vintage_differs"
"G4803910",1906,1930,"Refugio, Texas","Refugio","Texas","480","Refugio","3910",2814,1910,,,,,,,796,28.2871,2017.21,"wave_coverage_differs;period_boundary_vintage_differs"
"G2001550",1906,1930,"Reno, Kansas","Reno","Kansas","200","Reno","1550",37853,1910,,,,,,,8648,22.8463,3294.75,"wave_coverage_differs;period_boundary_vintage_differs"
"G3600830",1906,1930,"Rensselaer, New York","Rensselaer","New York","360","Rensselaer","0830",122276,1910,,,,,,,66391,54.296,1723.37,"wave_coverage_differs;period_boundary_vintage_differs"
"G2701290",1906,1930,"Renville, Minnesota","Renville","Minnesota","270","Renville","1290",23123,1910,,,,,,,12801,55.3605,2556.68,"wave_coverage_differs;period_boundary_vintage_differs"
"G2001570",1906,1930,"Republic, Kansas","Republic","Kansas","200","Republic","1570",17447,1910,,,,,,,4165,23.8723,1865.95,"wave_coverage_differs;period_boundary_vintage_differs"
"G2901790",1906,1930,"Reynolds, Missouri","Reynolds","Missouri","290","Reynolds","1790",9592,1910,,,,,,,2080,21.6847,2109.32,"wave_coverage_differs;period_boundary_vintage_differs"
"G4701430",1906,1930,"Rhea, Tennessee","Rhea","Tennessee","470","Rhea","1430",15410,1910,,,,,,,5086,33.0045,871.22,"wave_coverage_differs;period_boundary_vintage_differs"
"G2001590",1906,1930,"Rice, Kansas","Rice","Kansas","200","Rice","1590",15106,1910,,,,,,,5136,33.9997,1885.43,"wave_coverage_differs;period_boundary_vintage_differs"
"G2701310",1906,1930,"Rice, Minnesota","Rice","Minnesota","270","Rice","1310",25911,1910,,,,,,,14308,55.2198,1336.27,"wave_coverage_differs;period_boundary_vintage_differs"
"G4900330",1906,1930,"Rich, Utah","Rich","Utah","490","Rich","0330",1883,1910,,,,,,,1118,59.3733,2813.66,"wave_coverage_differs;period_boundary_vintage_differs"
"G3101470",1906,1930,"Richardson, Nebraska","Richardson","Nebraska","310","Richardson","1470",17448,1910,,,,,,,6086,34.8808,1440.18,"wave_coverage_differs;period_boundary_vintage_differs"
"G1701590",1906,1930,"Richland, Illinois","Richland","Illinois","170","Richland","1590",15970,1910,,,,,,,6113,38.278,937.31,"wave_coverage_differs;period_boundary_vintage_differs"
"G2200830",1906,1930,"Richland, Louisiana","Richland","Louisiana","220","Richland","0830",15769,1910,,,,,,,3969,25.1696,1461.94,"wave_coverage_differs;period_boundary_vintage_differs"
"G3800770",1906,1930,"Richland, North Dakota","Richland","North Dakota","380","Richland","0770",19659,1910,,,,,,,6684,33.9997,3743.7,"wave_coverage_differs;period_boundary_vintage_differs"
"G3901390",1906,1930,"Richland, Ohio","Richland","Ohio","390","Richland","1390",47667,1910,,,,,,,19893,41.7333,1295.19,"wave_coverage_differs;period_boundary_vintage_differs"
"G4500790",1906,1930,"Richland, South Carolina","Richland","South Carolina","450","Richland","0790",55143,1910,,,,,,,24677,44.7509,1998.97,"wave_coverage_differs;period_boundary_vintage_differs"
"G5501030",1906,1930,"Richland, Wisconsin","Richland","Wisconsin","550","Richland","1030",18809,1910,,,,,,,5075,26.9818,1526.39,"wave_coverage_differs;period_boundary_vintage_differs"
"G1302450",1906,1930,"Richmond, Georgia","Richmond","Georgia","130","Richmond","2450",58886,1910,,,,,,,28028,47.5971,850.67,"wave_coverage_differs;period_boundary_vintage_differs"
"G3600850",1906,1930,"Richmond, New York","Richmond","New York","360","Richmond","0850",85969,1910,,,,,,,37994,44.195,153.22,"wave_coverage_differs;period_boundary_vintage_differs"
"G3701530",1906,1930,"Richmond, North Carolina","Richmond","North Carolina","370","Richmond","1530",19673,1910,,,,,,,7106,36.1206,1241.96,"wave_coverage_differs;period_boundary_vintage_differs"
"G5101590",1906,1930,"Richmond, Virginia","Richmond","Virginia","510","Richmond","1590",7415,1910,,,,,,,3589,48.4019,502.97,"wave_coverage_differs;period_boundary_vintage_differs"
"G5107600",1906,1930,"Richmond City, Virginia","Richmond City","Virginia","510","Richmond City","7600",127628,1910,,,,,,,54506,42.7069,58.92,"wave_coverage_differs;period_boundary_vintage_differs"
"G2001610",1906,1930,"Riley, Kansas","Riley","Kansas","200","Riley","1610",15783,1910,,,,,,,4690,29.7155,1615.42,"wave_coverage_differs;period_boundary_vintage_differs"
"G1901590",1906,1930,"Ringgold, Iowa","Ringgold","Iowa","190","Ringgold","1590",12904,1910,,,,,,,4119,31.9203,1395.66,"wave_coverage_differs;period_boundary_vintage_differs"
"G0801030",1906,1930,"Rio Blanco, Colorado","Rio Blanco","Colorado","080","Rio Blanco","1030",2332,1910,,,,,,,237,10.163,8347.01,"wave_coverage_differs;period_boundary_vintage_differs"
"G0801050",1906,1930,"Rio Grande, Colorado","Rio Grande","Colorado","080","Rio Grande","1050",6563,1910,,,,,,,1546,23.5563,2362.94,"wave_coverage_differs;period_boundary_vintage_differs"
"G1801370",1906,1930,"Ripley, Indiana","Ripley","Indiana","180","Ripley","1370",19452,1910,,,,,,,7700,39.5846,1160.46,"wave_coverage_differs;period_boundary_vintage_differs"
"G2901810",1906,1930,"Ripley, Missouri","Ripley","Missouri","290","Ripley","1810",13099,1910,,,,,,,4703,35.9035,1635.93,"wave_coverage_differs;period_boundary_vintage_differs"
"G5400850",1906,1930,"Ritchie, West Virginia","Ritchie","West Virginia","540","Ritchie","0850",17875,1910,,,,,,,4988,27.9049,1175.08,"wave_coverage_differs;period_boundary_vintage_differs"
"G0600650",1906,1930,"Riverside, California","Riverside","California","060","Riverside","0650",34696,1910,,,,,,,10220,29.4558,18914.82,"wave_coverage_differs;period_boundary_vintage_differs"
"G4701450",1906,1930,"Roane, Tennessee","Roane","Tennessee","470","Roane","1450",22860,1910,,,,,,,6581,28.7883,1023.1,"wave_coverage_differs;period_boundary_vintage_differs"
"G5400870",1906,1930,"Roane, West Virginia","Roane","West Virginia","540","Roane","0870",21543,1910,,,,,,,5343,24.8016,1252.86,"wave_coverage_differs;period_boundary_vintage_differs"
"G5101610",1906,1930,"Roanoke, Virginia","Roanoke","Virginia","510","Roanoke","1610",19623,1910,,,,,,,6649,33.8837,778.24,"wave_coverage_differs;period_boundary_vintage_differs"
"G5107700",1906,1930,"Roanoke City, Virginia","Roanoke City","Virginia","510","Roanoke City","7700",34874,1910,,,,,,,13072,37.4835,21.02,"wave_coverage_differs;period_boundary_vintage_differs"
"G4601090",1906,1930,"Roberts, South Dakota","Roberts","South Dakota","460","Roberts","1090",14897,1910,,,,,,,4756,31.9259,2941.69,"wave_coverage_differs;period_boundary_vintage_differs"
"G4803930",1906,1930,"Roberts, Texas","Roberts","Texas","480","Roberts","3930",950,1910,,,,,,,193,20.3158,2393.65,"wave_coverage_differs;period_boundary_vintage_differs"
"G2102010",1906,1930,"Robertson, Kentucky","Robertson","Kentucky","210","Robertson","2010",4121,1910,,,,,,,1904,46.2024,259.37,"wave_coverage_differs;period_boundary_vintage_differs"
"G4701470",1906,1930,"Robertson, Tennessee","Robertson","Tennessee","470","Robertson","1470",25466,1910,,,,,,,10699,42.0129,1234.16,"wave_coverage_differs;period_boundary_vintage_differs"
"G4803950",1906,1930,"Robertson, Texas","Robertson","Texas","480","Robertson","3950",27454,1910,,,,,,,9058,32.9934,2241.26,"wave_coverage_differs;period_boundary_vintage_differs"
"G3701550",1906,1930,"Robeson, North Carolina","Robeson","North Carolina","370","Robeson","1550",51945,1910,,,,,,,17916,34.4903,2463.1,"wave_coverage_differs;period_boundary_vintage_differs"
"G2701330",1906,1930,"Rock, Minnesota","Rock","Minnesota","270","Rock","1330",10222,1910,,,,,,,2596,25.3962,1250.25,"wave_coverage_differs;period_boundary_vintage_differs"
"G3101490",1906,1930,"Rock, Nebraska","Rock","Nebraska","310","Rock","1490",3627,1910,,,,,,,317,8.74,2620.23,"wave_coverage_differs;period_boundary_vintage_differs"
"G5501050",1906,1930,"Rock, Wisconsin","Rock","Wisconsin","550","Rock","1050",55538,1910,,,,,,,22418,40.3652,1880.62,"wave_coverage_differs;period_boundary_vintage_differs"
"G1701610",1906,1930,"Rock Island, Illinois","Rock Island","Illinois","170","Rock Island","1610",70404,1910,,,,,,,19917,28.2896,1168.82,"wave_coverage_differs;period_boundary_vintage_differs"
"G5101630",1906,1930,"Rockbridge, Virginia","Rockbridge","Virginia","510","Rockbridge","1630",21171,1910,,,,,,,8001,37.7923,1572.89,"wave_coverage_differs;period_boundary_vintage_differs"
"G2102030",1906,1930,"Rockcastle, Kentucky","Rockcastle","Kentucky","210","Rockcastle","2030",14473,1910,,,,,,,4089,28.2526,823.84,"wave_coverage_differs;period_boundary_vintage_differs"
"G1302470",1906,1930,"Rockdale, Georgia","Rockdale","Georgia","130","Rockdale","2470",8916,1910,,,,,,,3649,40.9264,342.11,"wave_coverage_differs;period_boundary_vintage_differs"
"G3300150",1906,1930,"Rockingham, New Hampshire","Rockingham","New Hampshire","330","Rockingham","0150",52188,1910,,,,,,,17481,33.4962,1846.8,"wave_coverage_differs;period_boundary_vintage_differs"
"G3701570",1906,1930,"Rockingham, North Carolina","Rockingham","North Carolina","370","Rockingham","1570",36442,1910,,,,,,,9461,25.9618,1483.3,"wave_coverage_differs;period_boundary_vintage_differs"
"G5101650",1906,1930,"Rockingham, Virginia","Rockingham","Virginia","510","Rockingham","1650",34903,1910,,,,,,,13617,39.0138,2248.94,"wave_coverage_differs;period_boundary_vintage_differs"
"G3600870",1906,1930,"Rockland, New York","Rockland","New York","360","Rockland","0870",46873,1910,,,,,,,17796,37.9664,462.71,"wave_coverage_differs;period_boundary_vintage_differs"
"G4803970",1906,1930,"Rockwall, Texas","Rockwall","Texas","480","Rockwall","3970",8072,1910,,,,,,,3576,44.3013,385.17,"wave_coverage_differs;period_boundary_vintage_differs"
"G4001290",1906,1930,"Roger Mills, Oklahoma","Roger Mills","Oklahoma","400","Roger Mills","1290",12861,1910,,,,,,,1458,11.3366,2969.18,"wave_coverage_differs;period_boundary_vintage_differs"
"G4001310",1906,1930,"Rogers, Oklahoma","Rogers","Oklahoma","400","Rogers","1310",17736,1910,,,,,,,1501,8.463,1842.74,"wave_coverage_differs;period_boundary_vintage_differs"
"G3800790",1906,1930,"Rolette, North Dakota","Rolette","North Dakota","380","Rolette","0790",9558,1910,,,,,,,4912,51.3915,2432.88,"wave_coverage_differs;period_boundary_vintage_differs"
"G2001630",1906,1930,"Rooks, Kansas","Rooks","Kansas","200","Rooks","1630",11282,1910,,,,,,,3161,28.0181,2318.47,"wave_coverage_differs;period_boundary_vintage_differs"
"G2601430",1906,1930,"Roscommon, Michigan","Roscommon","Michigan","260","Roscommon","1430",2274,1910,,,,,,,139,6.1126,1502.26,"wave_coverage_differs;period_boundary_vintage_differs"
"G2701350",1906,1930,"Roseau, Minnesota","Roseau","Minnesota","270","Roseau","1350",11338,1910,,,,,,,2429,21.4235,4346.56,"wave_coverage_differs;period_boundary_vintage_differs"
"G3000870",1906,1930,"Rosebud, Montana","Rosebud","Montana","300","Rosebud","0870",7985,1910,,,,,,,2530,31.6844,13019.39,"wave_coverage_differs;period_boundary_vintage_differs"
"G3901410",1906,1930,"Ross, Ohio","Ross","Ohio","390","Ross","1410",40069,1910,,,,,,,12712,31.7253,1794.92,"wave_coverage_differs;period_boundary_vintage_differs"
"G0801070",1906,1930,"Routt, Colorado","Routt","Colorado","080","Routt","1070",7561,1910,,,,,,,769,10.1706,6133.78,"wave_coverage_differs;period_boundary_vintage_differs"
"G2102050",1906,1930,"Rowan, Kentucky","Rowan","Kentucky","210","Rowan","2050",9438,1910,,,,,,,1519,16.0945,741.3,"wave_coverage_differs;period_boundary_vintage_differs"
"G3701590",1906,1930,"Rowan, North Carolina","Rowan","North Carolina","370","Rowan","1590",37521,1910,,,,,,,15644,41.694,1356.44,"wave_coverage_differs;period_boundary_vintage_differs"
"G4803990",1906,1930,"Runnels, Texas","Runnels","Texas","480","Runnels","3990",20858,1910,,,,,,,4125,19.7766,2737.86,"wave_coverage_differs;period_boundary_vintage_differs"
"G1801390",1906,1930,"Rush, Indiana","Rush","Indiana","180","Rush","1390",19349,1910,,,,,,,8775,45.3512,1057.91,"wave_coverage_differs;period_boundary_vintage_differs"
"G2001650",1906,1930,"Rush, Kansas","Rush","Kansas","200","Rush","1650",7826,1910,,,,,,,2193,28.022,1859.59,"wave_coverage_differs;period_boundary_vintage_differs"
"G4804010",1906,1930,"Rusk, Texas","Rusk","Texas","480","Rusk","4010",26946,1910,,,,,,,10426,38.6922,2430.47,"wave_coverage_differs;period_boundary_vintage_differs"
"G5501070",1906,1930,"Rusk, Wisconsin","Rusk","Wisconsin","550","Rusk","1070",11160,1910,,,,,,,3568,31.9713,2410.96,"wave_coverage_differs;period_boundary_vintage_differs"
"G0101130",1906,1930,"Russell, Alabama","Russell","Alabama","010","Russell","1130",25937,1910,,,,,,,13756,53.0362,1714.33,"wave_coverage_differs;period_boundary_vintage_differs"
"G2001670",1906,1930,"Russell, Kansas","Russell","Kansas","200","Russell","1670",10800,1910,,,,,,,2343,21.6944,2329.53,"wave_coverage_differs;period_boundary_vintage_differs"
"G2102070",1906,1930,"Russell, Kentucky","Russell","Kentucky","210","Russell","2070",10861,1910,,,,,,,3198,29.4448,732.97,"wave_coverage_differs;period_boundary_vintage_differs"
"G5101670",1906,1930,"Russell, Virginia","Russell","Virginia","510","Russell","1670",23474,1910,,,,,,,3657,15.5789,1234.81,"wave_coverage_differs;period_boundary_vintage_differs"
"G3701610",1906,1930,"Rutherford, North Carolina","Rutherford","North Carolina","370","Rutherford","1610",28385,1910,,,,,,,10917,38.4605,1465.82,"wave_coverage_differs;period_boundary_vintage_differs"
"G4701490",1906,1930,"Rutherford, Tennessee","Rutherford","Tennessee","470","Rutherford","1490",33199,1910,,,,,,,13719,41.3235,1616.28,"wave_coverage_differs;period_boundary_vintage_differs"
"G5000210",1906,1930,"Rutland, Vermont","Rutland","Vermont","500","Rutland","0210",48139,1910,,,,,,,26631,55.321,2446.99,"wave_coverage_differs;period_boundary_vintage_differs"
"G2200850",1906,1930,"Sabine, Louisiana","Sabine","Louisiana","220","Sabine","0850",19874,1910,,,,,,,7512,37.7981,2619.95,"wave_coverage_differs;period_boundary_vintage_differs"
"G4804030",1906,1930,"Sabine, Texas","Sabine","Texas","480","Sabine","4030",8582,1910,,,,,,,2691,31.3563,1493.46,"wave_coverage_differs;period_boundary_vintage_differs"
"G1901610",1906,1930,"Sac, Iowa","Sac","Iowa","190","Sac","1610",16555,1910,,,,,,,5669,34.2434,1497.87,"wave_coverage_differs;period_boundary_vintage_differs"
"G0600670",1906,1930,"Sacramento, California","Sacramento","California","060","Sacramento","0670",67806,1910,,,,,,,13268,19.5676,2536.82,"wave_coverage_differs;period_boundary_vintage_differs"
"G2300230",1906,1930,"Sagadahoc, Maine","Sagadahoc","Maine","230","Sagadahoc","0230",18574,1910,,,,,,,4396,23.6675,665.28,"wave_coverage_differs;period_boundary_vintage_differs"
"G2601450",1906,1930,"Saginaw, Michigan","Saginaw","Michigan","260","Saginaw","1450",89290,1910,,,,,,,29461,32.9947,2113.34,"wave_coverage_differs;period_boundary_vintage_differs"
"G0801090",1906,1930,"Saguache, Colorado","Saguache","Colorado","080","Saguache","1090",4160,1910,,,,,,,977,23.4856,8211.01,"wave_coverage_differs;period_boundary_vintage_differs"
"G3400330",1906,1930,"Salem, New Jersey","Salem","New Jersey","340","Salem","0330",26999,1910,,,,,,,9117,33.7679,900.94,"wave_coverage_differs;period_boundary_vintage_differs"
"G0501250",1906,1930,"Saline, Arkansas","Saline","Arkansas","050","Saline","1250",16657,1910,,,,,,,4198,25.2026,1891.99,"wave_coverage_differs;period_boundary_vintage_differs"
"G1701650",1906,1930,"Saline, Illinois","Saline","Illinois","170","Saline","1650",30204,1910,,,,,,,6628,21.9441,1001.75,"wave_coverage_differs;period_boundary_vintage_differs"
"G2001690",1906,1930,"Saline, Kansas","Saline","Kansas","200","Saline","1690",20338,1910,,,,,,,6381,31.3748,1868.17,"wave_coverage_differs;period_boundary_vintage_differs"
"G2901950",1906,1930,"Saline, Missouri","Saline","Missouri","290","Saline","1950",29448,1910,,,,,,,13792,46.8351,1980.42,"wave_coverage_differs;period_boundary_vintage_differs"
"G3101510",1906,1930,"Saline, Nebraska","Saline","Nebraska","310","Saline","1510",17866,1910,,,,,,,5215,29.1895,1492.63,"wave_coverage_differs;period_boundary_vintage_differs"
"G4900350",1906,1930,"Salt Lake, Utah","Salt Lake","Utah","490","Salt Lake","0350",131426,1910,,,,,,,48641,37.0102,2091.28,"wave_coverage_differs;period_boundary_vintage_differs"
"G4500810",1906,1930,"Saluda, South Carolina","Saluda","South Carolina","450","Saluda","0810",20943,1910,,,,,,,9572,45.705,1196.09,"wave_coverage_differs;period_boundary_vintage_differs"
"G3701630",1906,1930,"Sampson, North Carolina","Sampson","North Carolina","370","Sampson","1630",29982,1910,,,,,,,12101,40.3609,2451.7,"wave_coverage_differs;period_boundary_vintage_differs"
"G4804050",1906,1930,"San Augustine, Texas","San Augustine","Texas","480","San Augustine","4050",11264,1910,,,,,,,2260,20.0639,1534.04,"wave_coverage_differs;period_boundary_vintage_differs"
"G0600690",1906,1930,"San Benito, California","San Benito","California","060","San Benito","0690",8041,1910,,,,,,,3007,37.3958,3601.32,"wave_coverage_differs;period_boundary_vintage_differs"
"G0600710",1906,1930,"San Bernardino, California","San Bernardino","California","060","San Bernardino","0710",56706,1910,,,,,,,11382,20.072,52057.21,"wave_coverage_differs;period_boundary_vintage_differs"
"G0600730",1906,1930,"San Diego, California","San Diego","California","060","San Diego","0730",61665,1910,,,,,,,15539,25.1991,10974.34,"wave_coverage_differs;period_boundary_vintage_differs"
"G0600750",1906,1930,"San Francisco, California","San Francisco","California","060","San Francisco","0750",416912,1910,,,,,,,142919,34.2804,123.16,"wave_coverage_differs;period_boundary_vintage_differs"
"G4804070",1906,1930,"San Jacinto, Texas","San Jacinto","Texas","480","San Jacinto","4070",9542,1910,,,,,,,2219,23.2551,1626.28,"wave_coverage_differs;period_boundary_vintage_differs"
"G0600770",1906,1930,"San Joaquin, California","San Joaquin","California","060","San Joaquin","0770",50731,1910,,,,,,,10667,21.0266,3689.78,"wave_coverage_differs;period_boundary_vintage_differs"
"G0801110",1906,1930,"San Juan, Colorado","San Juan","Colorado","080","San Juan","1110",3063,1910,,,,,,,1253,40.9076,1005.68,"wave_coverage_differs;period_boundary_vintage_differs"
"G4900370",1906,1930,"San Juan, Utah","San Juan","Utah","490","San Juan","0370",2377,1910,,,,,,,306,12.8734,20546.8,"wave_coverage_differs;period_boundary_vintage_differs"
"G5300550",1906,1930,"San Juan, Washington","San Juan","Washington","530","San Juan","0550",3603,1910,,,,,,,476,13.2112,454.28,"wave_coverage_differs;period_boundary_vintage_differs"
"G0600790",1906,1930,"San Luis Obispo, California","San Luis Obispo","California","060","San Luis Obispo","0790",19383,1910,,,,,,,6027,31.0943,8605.57,"wave_coverage_differs;period_boundary_vintage_differs"
"G0600810",1906,1930,"San Mateo, California","San Mateo","California","060","San Mateo","0810",26585,1910,,,,,,,5598,21.057,1173.99,"wave_coverage_differs;period_boundary_vintage_differs"
"G0801130",1906,1930,"San Miguel, Colorado","San Miguel","Colorado","080","San Miguel","1130",4700,1910,,,,,,,815,17.3404,3337.42,"wave_coverage_differs;period_boundary_vintage_differs"
"G4804090",1906,1930,"San Patricio, Texas","San Patricio","Texas","480","San Patricio","4090",7307,1910,,,,,,,4315,59.053,1825.04,"wave_coverage_differs;period_boundary_vintage_differs"
"G4804110",1906,1930,"San Saba, Texas","San Saba","Texas","480","San Saba","4110",11245,1910,,,,,,,2177,19.3597,2948.47,"wave_coverage_differs;period_boundary_vintage_differs"
"G4601110",1906,1930,"Sanborn, South Dakota","Sanborn","South Dakota","460","Sanborn","1110",6607,1910,,,,,,,1603,24.2621,1477.53,"wave_coverage_differs;period_boundary_vintage_differs"
"G3000890",1906,1930,"Sanders, Montana","Sanders","Montana","300","Sanders","0890",3713,1910,,,,,,,73,1.9661,7225.84,"wave_coverage_differs;period_boundary_vintage_differs"
"G3901430",1906,1930,"Sandusky, Ohio","Sandusky","Ohio","390","Sandusky","1430",35171,1910,,,,,,,12477,35.4752,1063.19,"wave_coverage_differs;period_boundary_vintage_differs"
"G1701670",1906,1930,"Sangamon, Illinois","Sangamon","Illinois","170","Sangamon","1670",91024,1910,,,,,,,35233,38.7074,2271.47,"wave_coverage_differs;period_boundary_vintage_differs"
"G2601510",1906,1930,"Sanilac, Michigan","Sanilac","Michigan","260","Sanilac","1510",33930,1910,,,,,,,6121,18.0401,2496.98,"wave_coverage_differs;period_boundary_vintage_differs"
"G4900390",1906,1930,"Sanpete, Utah","Sanpete","Utah","490","Sanpete","0390",16704,1910,,,,,,,10490,62.7993,4150.54,"wave_coverage_differs;period_boundary_vintage_differs"
"G0600830",1906,1930,"Santa Barbara, California","Santa Barbara","California","060","Santa Barbara","0830",27738,1910,,,,,,,6982,25.1712,7120.98,"wave_coverage_differs;period_boundary_vintage_differs"
"G0600850",1906,1930,"Santa Clara, California","Santa Clara","California","060","Santa Clara","0850",83539,1910,,,,,,,24914,29.8232,3362.69,"wave_coverage_differs;period_boundary_vintage_differs"
"G0600870",1906,1930,"Santa Cruz, California","Santa Cruz","California","060","Santa Cruz","0870",26140,1910,,,,,,,7938,30.3673,1156.07,"wave_coverage_differs;period_boundary_vintage_differs"
"G1201130",1906,1930,"Santa Rosa, Florida","Santa Rosa","Florida","120","Santa Rosa","1130",14897,1910,,,,,,,2842,19.0777,2650.51,"wave_coverage_differs;period_boundary_vintage_differs"
"G3600910",1906,1930,"Saratoga, New York","Saratoga","New York","360","Saratoga","0910",61917,1910,,,,,,,24787,40.0326,2185.44,"wave_coverage_differs;period_boundary_vintage_differs"
"G3800810",1906,1930,"Sargent, North Dakota","Sargent","North Dakota","380","Sargent","0810",9202,1910,,,,,,,2690,29.2328,2245.26,"wave_coverage_differs;period_boundary_vintage_differs"
"G3101530",1906,1930,"Sarpy, Nebraska","Sarpy","Nebraska","310","Sarpy","1530",9274,1910,,,,,,,1724,18.5896,641.08,"wave_coverage_differs;period_boundary_vintage_differs"
"G5501110",1906,1930,"Sauk, Wisconsin","Sauk","Wisconsin","550","Sauk","1110",32869,1910,,,,,,,14287,43.4665,2197.91,"wave_coverage_differs;period_boundary_vintage_differs"
"G3101550",1906,1930,"Saunders, Nebraska","Saunders","Nebraska","310","Saunders","1550",21179,1910,,,,,,,8037,37.948,1965.77,"wave_coverage_differs;period_boundary_vintage_differs"
"G5501130",1906,1930,"Sawyer, Wisconsin","Sawyer","Wisconsin","550","Sawyer","1130",6227,1910,,,,,,,1134,18.211,3497.16,"wave_coverage_differs;period_boundary_vintage_differs"
"G3600930",1906,1930,"Schenectady, New York","Schenectady","New York","360","Schenectady","0930",88235,1910,,,,,,,29892,33.8777,542.03,"wave_coverage_differs;period_boundary_vintage_differs"
"G4804130",1906,1930,"Schleicher, Texas","Schleicher","Texas","480","Schleicher","4130",1893,1910,,,,,,,229,12.0972,3394.6,"wave_coverage_differs;period_boundary_vintage_differs"
"G1302490",1906,1930,"Schley, Georgia","Schley","Georgia","130","Schley","2490",5213,1910,,,,,,,1977,37.9244,436.52,"wave_coverage_differs;period_boundary_vintage_differs"
"G3600950",1906,1930,"Schoharie, New York","Schoharie","New York","360","Schoharie","0950",23855,1910,,,,,,,7815,32.7604,1622.09,"wave_coverage_differs;period_boundary_vintage_differs"
"G2601530",1906,1930,"Schoolcraft, Michigan","Schoolcraft","Michigan","260","Schoolcraft","1530",8681,1910,,,,,,,2840,32.7151,3164.64,"wave_coverage_differs;period_boundary_vintage_differs"
"G1701690",1906,1930,"Schuyler, Illinois","Schuyler","Illinois","170","Schuyler","1690",14852,1910,,,,,,,3366,22.6636,1143.04,"wave_coverage_differs;period_boundary_vintage_differs"
"G2901970",1906,1930,"Schuyler, Missouri","Schuyler","Missouri","290","Schuyler","1970",9062,1910,,,,,,,2932,32.3549,798.12,"wave_coverage_differs;period_boundary_vintage_differs"
"G3600970",1906,1930,"Schuyler, New York","Schuyler","New York","360","Schuyler","0970",14004,1910,,,,,,,4314,30.8055,886.63,"wave_coverage_differs;period_boundary_vintage_differs"
"G4201070",1906,1930,"Schuylkill, Pennsylvania","Schuylkill","Pennsylvania","420","Schuylkill","1070",207894,1910,,,,,,,85800,41.271,2026.95,"wave_coverage_differs;period_boundary_vintage_differs"
"G3901450",1906,1930,"Scioto, Ohio","Scioto","Ohio","390","Scioto","1450",48463,1910,,,,,,,14300,29.507,1595.63,"wave_coverage_differs;period_boundary_vintage_differs"
"G2901990",1906,1930,"Scotland, Missouri","Scotland","Missouri","290","Scotland","1990",11869,1910,,,,,,,4810,40.5257,1137.78,"wave_coverage_differs;period_boundary_vintage_differs"
"G3701650",1906,1930,"Scotland, North Carolina","Scotland","North Carolina","370","Scotland","1650",15363,1910,,,,,,,6197,40.3372,830.65,"wave_coverage_differs;period_boundary_vintage_differs"
"G0501270",1906,1930,"Scott, Arkansas","Scott","Arkansas","050","Scott","1270",14302,1910,,,,,,,2546,17.8017,2325.96,"wave_coverage_differs;period_boundary_vintage_differs"
"G1701710",1906,1930,"Scott, Illinois","Scott","Illinois","170","Scott","1710",10067,1910,,,,,,,3462,34.3896,654.67,"wave_coverage_differs;period_boundary_vintage_differs"
"G1801430",1906,1930,"Scott, Indiana","Scott","Indiana","180","Scott","1430",8323,1910,,,,,,,3478,41.7878,499.22,"wave_coverage_differs;period_boundary_vintage_differs"
"G1901630",1906,1930,"Scott, Iowa","Scott","Iowa","190","Scott","1630",60000,1910,,,,,,,13559,22.5983,1212.66,"wave_coverage_differs;period_boundary_vintage_differs"
"G2001710",1906,1930,"Scott, Kansas","Scott","Kansas","200","Scott","1710",3047,1910,,,,,,,562,18.4444,1858.74,"wave_coverage_differs;period_boundary_vintage_differs"
"G2102090",1906,1930,"Scott, Kentucky","Scott","Kentucky","210","Scott","2090",16956,1910,,,,,,,6652,39.231,738.72,"wave_coverage_differs;period_boundary_vintage_differs"
"G2701390",1906,1930,"Scott, Minnesota","Scott","Minnesota","270","Scott","1390",14888,1910,,,,,,,11829,79.4533,953.79,"wave_coverage_differs;period_boundary_vintage_differs"
"G2801230",1906,1930,"Scott, Mississippi","Scott","Mississippi","280","Scott","1230",16723,1910,,,,,,,5468,32.6975,1580.88,"wave_coverage_differs;period_boundary_vintage_differs"
"G2902010",1906,1930,"Scott, Missouri","Scott","Missouri","290","Scott","2010",22372,1910,,,,,,,8216,36.7245,1102.99,"wave_coverage_differs;period_boundary_vintage_differs"
"G4701510",1906,1930,"Scott, Tennessee","Scott","Tennessee","470","Scott","1510",12947,1910,,,,,,,3287,25.3881,1381.05,"wave_coverage_differs;period_boundary_vintage_differs"
"G5101690",1906,1930,"Scott, Virginia","Scott","Virginia","510","Scott","1690",23814,1910,,,,,,,4491,18.8587,1395.07,"wave_coverage_differs;period_boundary_vintage_differs"
"G3101570",1906,1930,"Scotts Bluff, Nebraska","Scotts Bluff","Nebraska","310","Scotts Bluff","1570",8355,1910,,,,,,,916,10.9635,1930.51,"wave_coverage_differs;period_boundary_vintage_differs"
"G1302510",1906,1930,"Screven, Georgia","Screven","Georgia","130","Screven","2510",20202,1910,,,,,,,8643,42.7829,1698.69,"wave_coverage_differs;period_boundary_vintage_differs"
"G4804150",1906,1930,"Scurry, Texas","Scurry","Texas","480","Scurry","4150",10924,1910,,,,,,,2086,19.0956,2350.52,"wave_coverage_differs;period_boundary_vintage_differs"
"G0501290",1906,1930,"Searcy, Arkansas","Searcy","Arkansas","050","Searcy","1290",14825,1910,,,,,,,2429,16.3845,1731.45,"wave_coverage_differs;period_boundary_vintage_differs"
"G0501310",1906,1930,"Sebastian, Arkansas","Sebastian","Arkansas","050","Sebastian","1310",52278,1910,,,,,,,16085,30.7682,1414.86,"wave_coverage_differs;period_boundary_vintage_differs"
"G0801150",1906,1930,"Sedgwick, Colorado","Sedgwick","Colorado","080","Sedgwick","1150",3061,1910,,,,,,,260,8.494,1422.95,"wave_coverage_differs;period_boundary_vintage_differs"
"G2001730",1906,1930,"Sedgwick, Kansas","Sedgwick","Kansas","200","Sedgwick","1730",73095,1910,,,,,,,17306,23.676,2613.6,"wave_coverage_differs;period_boundary_vintage_differs"
"G4001330",1906,1930,"Seminole, Oklahoma","Seminole","Oklahoma","400","Seminole","1330",19964,1910,,,,,,,970,4.8587,1658.84,"wave_coverage_differs;period_boundary_vintage_differs"
"G3600990",1906,1930,"Seneca, New York","Seneca","New York","360","Seneca","0990",26972,1910,,,,,,,6132,22.7347,1011.27,"wave_coverage_differs;period_boundary_vintage_differs"
"G3901470",1906,1930,"Seneca, Ohio","Seneca","Ohio","390","Seneca","1470",42421,1910,,,,,,,18356,43.271,1431.73,"wave_coverage_differs;period_boundary_vintage_differs"
"G4701530",1906,1930,"Sequatchie, Tennessee","Sequatchie","Tennessee","470","Sequatchie","1530",4202,1910,,,,,,,763,18.158,689.01,"wave_coverage_differs;period_boundary_vintage_differs"
"G4001350",1906,1930,"Sequoyah, Oklahoma","Sequoyah","Oklahoma","400","Sequoyah","1350",25005,1910,,,,,,,2521,10.082,1849.87,"wave_coverage_differs;period_boundary_vintage_differs"
"G0501330",1906,1930,"Sevier, Arkansas","Sevier","Arkansas","050","Sevier","1330",16616,1910,,,,,,,3332,20.053,1505.46,"wave_coverage_differs;period_boundary_vintage_differs"
"G4701550",1906,1930,"Sevier, Tennessee","Sevier","Tennessee","470","Sevier","1550",22296,1910,,,,,,,8044,36.0782,1548.1,"wave_coverage_differs;period_boundary_vintage_differs"
"G4900410",1906,1930,"Sevier, Utah","Sevier","Utah","490","Sevier","0410",9775,1910,,,,,,,5311,54.3325,4968.64,"wave_coverage_differs;period_boundary_vintage_differs"
"G2001750",1906,1930,"Seward, Kansas","Seward","Kansas","200","Seward","1750",4091,1910,,,,,,,203,4.9621,1658.65,"wave_coverage_differs;period_boundary_vintage_differs"
"G3101590",1906,1930,"Seward, Nebraska","Seward","Nebraska","310","Seward","1590",15895,1910,,,,,,,5067,31.8779,1491.52,"wave_coverage_differs;period_boundary_vintage_differs"
"G4804170",1906,1930,"Shackelford, Texas","Shackelford","Texas","480","Shackelford","4170",4201,1910,,,,,,,841,20.019,2371.26,"wave_coverage_differs;period_boundary_vintage_differs"
"G2902030",1906,1930,"Shannon, Missouri","Shannon","Missouri","290","Shannon","2030",11443,1910,,,,,,,1806,15.7826,2600.62,"wave_coverage_differs;period_boundary_vintage_differs"
"G4601130",1906,1930,"Shannon, South Dakota","Shannon","South Dakota","460","Shannon","1130",0,1910,,,,,,,1374,,2473.82,"wave_coverage_differs;period_boundary_vintage_differs"
"G2801250",1906,1930,"Sharkey, Mississippi","Sharkey","Mississippi","280","Sharkey","1250",15694,1910,,,,,,,4310,27.4627,1127.43,"wave_coverage_differs;period_boundary_vintage_differs"
"G0501350",1906,1930,"Sharp, Arkansas","Sharp","Arkansas","050","Sharp","1350",11688,1910,,,,,,,2571,21.9969,1570.66,"wave_coverage_differs;period_boundary_vintage_differs"
"G0600890",1906,1930,"Shasta, California","Shasta","California","060","Shasta","0890",18920,1910,,,,,,,1713,9.0539,9964.75,"wave_coverage_differs;period_boundary_vintage_differs"
"G5501150",1906,1930,"Shawano, Wisconsin","Shawano","Wisconsin","550","Shawano","1150",31884,1910,,,,,,,12755,40.0044,3016.49,"wave_coverage_differs;period_boundary_vintage_differs"
"G2001770",1906,1930,"Shawnee, Kansas","Shawnee","Kansas","200","Shawnee","1770",61874,1910,,,,,,,18658,30.1548,1439.19,"wave_coverage_differs;period_boundary_vintage_differs"
"G5501170",1906,1930,"Sheboygan, Wisconsin","Sheboygan","Wisconsin","550","Sheboygan","1170",54888,1910,,,,,,,23546,42.8983,1340.32,"wave_coverage_differs;period_boundary_vintage_differs"
"G0101170",1906,1930,"Shelby, Alabama","Shelby","Alabama","010","Shelby","1170",26949,1910,,,,,,,9773,36.2648,2096.66,"wave_coverage_differs;period_boundary_vintage_differs"
"G1701730",1906,1930,"Shelby, Illinois","Shelby","Illinois","170","Shelby","1730",31693,1910,,,,,,,11734,37.0239,1989.31,"wave_coverage_differs;period_boundary_vintage_differs"
"G1801450",1906,1930,"Shelby, Indiana","Shelby","Indiana","180","Shelby","1450",26802,1910,,,,,,,11764,43.8922,1069.03,"wave_coverage_differs;period_boundary_vintage_differs"
"G1901650",1906,1930,"Shelby, Iowa","Shelby","Iowa","190","Shelby","1650",16552,1910,,,,,,,7087,42.8166,1531.64,"wave_coverage_differs;period_boundary_vintage_differs"
"G2102110",1906,1930,"Shelby, Kentucky","Shelby","Kentucky","210","Shelby","2110",18041,1910,,,,,,,9214,51.0726,998.8,"wave_coverage_differs;period_boundary_vintage_differs"
"G2902050",1906,1930,"Shelby, Missouri","Shelby","Missouri","290","Shelby","2050",14864,1910,,,,,,,7378,49.6367,1300.99,"wave_coverage_differs;period_boundary_vintage_differs"
"G3901490",1906,1930,"Shelby, Ohio","Shelby","Ohio","390","Shelby","1490",24663,1910,,,,,,,11977,48.5626,1063.7,"wave_coverage_differs;period_boundary_vintage_differs"
"G4701570",1906,1930,"Shelby, Tennessee","Shelby","Tennessee","470","Shelby","1570",191439,1910,,,,,,,52271,27.3043,2031.65,"wave_coverage_differs;period_boundary_vintage_differs"
"G4804190",1906,1930,"Shelby, Texas","Shelby","Texas","480","Shelby","4190",26423,1910,,,,,,,7799,29.516,2161.63,"wave_coverage_differs;period_boundary_vintage_differs"
"G5101710",1906,1930,"Shenandoah, Virginia","Shenandoah","Virginia","510","Shenandoah","1710",20942,1910,,,,,,,9662,46.1369,1327.56,"wave_coverage_differs;period_boundary_vintage_differs"
"G2701410",1906,1930,"Sherburne, Minnesota","Sherburne","Minnesota","270","Sherburne","1410",8136,1910,,,,,,,1760,21.6323,1168.24,"wave_coverage_differs;period_boundary_vintage_differs"
"G2001790",1906,1930,"Sheridan, Kansas","Sheridan","Kansas","200","Sheridan","1790",5651,1910,,,,,,,817,14.4576,2321.17,"wave_coverage_differs;period_boundary_vintage_differs"
"G3101610",1906,1930,"Sheridan, Nebraska","Sheridan","Nebraska","310","Sheridan","1610",7328,1910,,,,,,,1314,17.9312,6396.8,"wave_coverage_differs;period_boundary_vintage_differs"
"G3800830",1906,1930,"Sheridan, North Dakota","Sheridan","North Dakota","380","Sheridan","0830",8103,1910,,,,,,,0,0,2604.55,"wave_coverage_differs;period_boundary_vintage_differs"
"G5600330",1906,1930,"Sheridan, Wyoming","Sheridan","Wyoming","560","Sheridan","0330",16324,1910,,,,,,,2545,15.5905,6545.02,"wave_coverage_differs;period_boundary_vintage_differs"
"G2001810",1906,1930,"Sherman, Kansas","Sherman","Kansas","200","Sherman","1810",4549,1910,,,,,,,447,9.8263,2735.75,"wave_coverage_differs;period_boundary_vintage_differs"
"G3101630",1906,1930,"Sherman, Nebraska","Sherman","Nebraska","310","Sherman","1630",8278,1910,,,,,,,2216,26.7698,1480.55,"wave_coverage_differs;period_boundary_vintage_differs"
"G4100550",1906,1930,"Sherman, Oregon","Sherman","Oregon","410","Sherman","0550",4242,1910,,,,,,,327,7.7086,2152.67,"wave_coverage_differs;period_boundary_vintage_differs"
"G4804210",1906,1930,"Sherman, Texas","Sherman","Texas","480","Sherman","4210",1376,1910,,,,,,,341,24.782,2391.08,"wave_coverage_differs;period_boundary_vintage_differs"
"G2601550",1906,1930,"Shiawassee, Michigan","Shiawassee","Michigan","260","Shiawassee","1550",33246,1910,,,,,,,7199,21.6537,1401.05,"wave_coverage_differs;period_boundary_vintage_differs"
"G1600790",1906,1930,"Shoshone, Idaho","Shoshone","Idaho","160","Shoshone","0790",13963,1910,,,,,,,1935,13.8581,6825.98,"wave_coverage_differs;period_boundary_vintage_differs"
"G2701430",1906,1930,"Sibley, Minnesota","Sibley","Minnesota","270","Sibley","1430",15540,1910,,,,,,,8231,52.9665,1555.41,"wave_coverage_differs;period_boundary_vintage_differs"
"G0600910",1906,1930,"Sierra, California","Sierra","California","060","Sierra","0910",4098,1910,,,,,,,815,19.8878,2492,"wave_coverage_differs;period_boundary_vintage_differs"
"G3000930",1906,1930,"Silver Bow, Montana","Silver Bow","Montana","300","Silver Bow","0930",56848,1910,,,,,,,32046,56.3714,1862.33,"wave_coverage_differs;period_boundary_vintage_differs"
"G2102130",1906,1930,"Simpson, Kentucky","Simpson","Kentucky","210","Simpson","2130",11460,1910,,,,,,,5038,43.9616,612.11,"wave_coverage_differs;period_boundary_vintage_differs"
"G2801270",1906,1930,"Simpson, Mississippi","Simpson","Mississippi","280","Simpson","1270",17201,1910,,,,,,,6714,39.0326,1529.3,"wave_coverage_differs;period_boundary_vintage_differs"
"G1901670",1906,1930,"Sioux, Iowa","Sioux","Iowa","190","Sioux","1670",25248,1910,,,,,,,9150,36.2405,1991.68,"wave_coverage_differs;period_boundary_vintage_differs"
"G3101650",1906,1930,"Sioux, Nebraska","Sioux","Nebraska","310","Sioux","1650",5599,1910,,,,,,,504,9.0016,5354.36,"wave_coverage_differs;period_boundary_vintage_differs"
"G0600930",1906,1930,"Siskiyou, California","Siskiyou","California","060","Siskiyou","0930",18801,1910,,,,,,,2703,14.3769,16439.7,"wave_coverage_differs;period_boundary_vintage_differs"
"G5300570",1906,1930,"Skagit, Washington","Skagit","Washington","530","Skagit","0570",29241,1910,,,,,,,4043,13.8265,4541.27,"wave_coverage_differs;period_boundary_vintage_differs"
"G5300590",1906,1930,"Skamania, Washington","Skamania","Washington","530","Skamania","0590",2887,1910,,,,,,,137,4.7454,4361.16,"wave_coverage_differs;period_boundary_vintage_differs"
"G2001830",1906,1930,"Smith, Kansas","Smith","Kansas","200","Smith","1830",15365,1910,,,,,,,3608,23.4819,2323.12,"wave_coverage_differs;period_boundary_vintage_differs"
"G2801290",1906,1930,"Smith, Mississippi","Smith","Mississippi","280","Smith","1290",16603,1910,,,,,,,6069,36.5536,1650.5,"wave_coverage_differs;period_boundary_vintage_differs"
"G4701590",1906,1930,"Smith, Tennessee","Smith","Tennessee","470","Smith","1590",18548,1910,,,,,,,6594,35.551,842.71,"wave_coverage_differs;period_boundary_vintage_differs"
"G4804230",1906,1930,"Smith, Texas","Smith","Texas","480","Smith","4230",41746,1910,,,,,,,15016,35.9699,2459.78,"wave_coverage_differs;period_boundary_vintage_differs"
"G5101730",1906,1930,"Smyth, Virginia","Smyth","Virginia","510","Smyth","1730",20326,1910,,,,,,,6116,30.0895,1171.44,"wave_coverage_differs;period_boundary_vintage_differs"
"G5300610",1906,1930,"Snohomish, Washington","Snohomish","Washington","530","Snohomish","0610",59209,1910,,,,,,,9159,15.4689,5477.9,"wave_coverage_differs;period_boundary_vintage_differs"
"G4201090",1906,1930,"Snyder, Pennsylvania","Snyder","Pennsylvania","420","Snyder","1090",16800,1910,,,,,,,6976,41.5238,859.53,"wave_coverage_differs;period_boundary_vintage_differs"
"G0600950",1906,1930,"Solano, California","Solano","California","060","Solano","0950",27559,1910,,,,,,,7788,28.2594,2161.09,"wave_coverage_differs;period_boundary_vintage_differs"
"G2300250",1906,1930,"Somerset, Maine","Somerset","Maine","230","Somerset","0250",36301,1910,,,,,,,8617,23.7376,10606.74,"wave_coverage_differs;period_boundary_vintage_differs"
"G2400390",1906,1930,"Somerset, Maryland","Somerset","Maryland","240","Somerset","0390",26455,1910,,,,,,,9164,34.64,846.86,"wave_coverage_differs;period_boundary_vintage_differs"
"G3400350",1906,1930,"Somerset, New Jersey","Somerset","New Jersey","340","Somerset","0350",38820,1910,,,,,,,14877,38.323,789.52,"wave_coverage_differs;period_boundary_vintage_differs"
"G4201110",1906,1930,"Somerset, Pennsylvania","Somerset","Pennsylvania","420","Somerset","1110",67717,1910,,,,,,,24178,35.7045,2799.98,"wave_coverage_differs;period_boundary_vintage_differs"
"G4804250",1906,1930,"Somervell, Texas","Somervell","Texas","480","Somervell","4250",3931,1910,,,,,,,1034,26.3037,497.22,"wave_coverage_differs;period_boundary_vintage_differs"
"G0600970",1906,1930,"Sonoma, California","Sonoma","California","060","Sonoma","0970",48394,1910,,,,,,,13177,27.2286,4112.29,"wave_coverage_differs;period_boundary_vintage_differs"
"G5101750",1906,1930,"Southampton, Virginia","Southampton","Virginia","510","Southampton","1750",26302,1910,,,,,,,11581,44.0309,1581.65,"wave_coverage_differs;period_boundary_vintage_differs"
"G1302550",1906,1930,"Spalding, Georgia","Spalding","Georgia","130","Spalding","2550",19741,1910,,,,,,,10513,53.2546,516.93,"wave_coverage_differs;period_boundary_vintage_differs"
"G4500830",1906,1930,"Spartanburg, South Carolina","Spartanburg","South Carolina","450","Spartanburg","0830",83465,1910,,,,,,,29370,35.1884,2121.81,"wave_coverage_differs;period_boundary_vintage_differs"
"G1801470",1906,1930,"Spencer, Indiana","Spencer","Indiana","180","Spencer","1470",20676,1910,,,,,,,8917,43.1273,1038.57,"wave_coverage_differs;period_boundary_vintage_differs"
"G2102150",1906,1930,"Spencer, Kentucky","Spencer","Kentucky","210","Spencer","2150",7567,1910,,,,,,,2485,32.84,496.66,"wave_coverage_differs;period_boundary_vintage_differs"
"G4601150",1906,1930,"Spink, South Dakota","Spink","South Dakota","460","Spink","1150",15981,1910,,,,,,,2296,14.3671,3910.21,"wave_coverage_differs;period_boundary_vintage_differs"
"G5300630",1906,1930,"Spokane, Washington","Spokane","Washington","530","Spokane","0630",139404,1910,,,,,,,23459,16.8281,4620.3,"wave_coverage_differs;period_boundary_vintage_differs"
"G5101770",1906,1930,"Spotsylvania, Virginia","Spotsylvania","Virginia","510","Spotsylvania","1770",9935,1910,,,,,,,4419,44.4791,1092.04,"wave_coverage_differs;period_boundary_vintage_differs"
"G2200870",1906,1930,"St Bernard, Louisiana","St Bernard","Louisiana","220","St Bernard","0870",5277,1910,,,,,,,1633,30.9456,1251.52,"wave_coverage_differs;period_boundary_vintage_differs"
"G2200890",1906,1930,"St Charles, Louisiana","St Charles","Louisiana","220","St Charles","0890",11207,1910,,,,,,,4590,40.9565,927.47,"wave_coverage_differs;period_boundary_vintage_differs"
"G2901830",1906,1930,"St Charles, Missouri","St Charles","Missouri","290","St Charles","1830",24695,1910,,,,,,,15391,62.3244,1534.97,"wave_coverage_differs;period_boundary_vintage_differs"
"G0101150",1906,1930,"St Clair, Alabama","St Clair","Alabama","010","St Clair","1150",20715,1910,,,,,,,6776,32.7106,1692.93,"wave_coverage_differs;period_boundary_vintage_differs"
"G1701630",1906,1930,"St Clair, Illinois","St Clair","Illinois","170","St Clair","1630",119870,1910,,,,,,,39631,33.0617,1747.29,"wave_coverage_differs;period_boundary_vintage_differs"
"G2601470",1906,1930,"St Clair, Michigan","St Clair","Michigan","260","St Clair","1470",52341,1910,,,,,,,11362,21.7076,1880.2,"wave_coverage_differs;period_boundary_vintage_differs"
"G2901850",1906,1930,"St Clair, Missouri","St Clair","Missouri","290","St Clair","1850",16412,1910,,,,,,,5682,34.621,1818.32,"wave_coverage_differs;period_boundary_vintage_differs"
"G5501090",1906,1930,"St Croix, Wisconsin","St Croix","Wisconsin","550","St Croix","1090",25910,1910,,,,,,,13464,51.9645,1905.41,"wave_coverage_differs;period_boundary_vintage_differs"
"G0501230",1906,1930,"St Francis, Arkansas","St Francis","Arkansas","050","St Francis","1230",22548,1910,,,,,,,6933,30.7477,1664.11,"wave_coverage_differs;period_boundary_vintage_differs"
"G2901870",1906,1930,"St Francois, Missouri","St Francois","Missouri","290","St Francois","1870",35738,1910,,,,,,,11041,30.8943,1171.64,"wave_coverage_differs;period_boundary_vintage_differs"
"G2200910",1906,1930,"St Helena, Louisiana","St Helena","Louisiana","220","St Helena","0910",9172,1910,,,,,,,4487,48.9206,1061.03,"wave_coverage_differs;period_boundary_vintage_differs"
"G2200930",1906,1930,"St James, Louisiana","St James","Louisiana","220","St James","0930",23009,1910,,,,,,,13290,57.76,667.94,"wave_coverage_differs;period_boundary_vintage_differs"
"G2200950",1906,1930,"St John The Baptist, Louisiana","St John The Baptist","Louisiana","220","St John The Baptist","0950",14338,1910,,,,,,,8829,61.5776,740.5,"wave_coverage_differs;period_boundary_vintage_differs"
"G1201090",1906,1930,"St Johns, Florida","St Johns","Florida","120","St Johns","1090",13208,1910,,,,,,,5226,39.5669,1717.29,"wave_coverage_differs;period_boundary_vintage_differs"
"G1801410",1906,1930,"St Joseph, Indiana","St Joseph","Indiana","180","St Joseph","1410",84312,1910,,,,,,,23602,27.9936,1194.98,"wave_coverage_differs;period_boundary_vintage_differs"
"G2601490",1906,1930,"St Joseph, Michigan","St Joseph","Michigan","260","St Joseph","1490",25499,1910,,,,,,,5748,22.5421,1349.46,"wave_coverage_differs;period_boundary_vintage_differs"
"G2200970",1906,1930,"St Landry, Louisiana","St Landry","Louisiana","220","St Landry","0970",66661,1910,,,,,,,47062,70.599,2431.95,"wave_coverage_differs;period_boundary_vintage_differs"
"G2901890",1906,1930,"St Louis, Missouri","St Louis","Missouri","290","St Louis","1890",82417,1910,,,,,,,24231,29.4005,1351.94,"wave_coverage_differs;period_boundary_vintage_differs"
"G2905100",1906,1930,"St Louis City, Missouri","St Louis City","Missouri","290","St Louis City","5100",687029,1910,,,,,,,302531,44.0347,169.81,"wave_coverage_differs;period_boundary_vintage_differs"
"G1201110",1906,1930,"St Lucie, Florida","St Lucie","Florida","120","St Lucie","1110",4075,1910,,,,,,,597,14.6503,1490.68,"wave_coverage_differs;period_boundary_vintage_differs"
"G2200990",1906,1930,"St Martin, Louisiana","St Martin","Louisiana","220","St Martin","0990",23070,1910,,,,,,,15801,68.4915,2114.7,"wave_coverage_differs;period_boundary_vintage_differs"
"G2201010",1906,1930,"St Mary, Louisiana","St Mary","Louisiana","220","St Mary","1010",39368,1910,,,,,,,15662,39.7836,1759.57,"wave_coverage_differs;period_boundary_vintage_differs"
"G2400370",1906,1930,"St Marys, Maryland","St Mary's","Maryland","240","St Mary's","0370",17030,1910,,,,,,,6480,38.0505,946.42,"wave_coverage_differs;period_boundary_vintage_differs"
"G2201030",1906,1930,"St Tammany, Louisiana","St Tammany","Louisiana","220","St Tammany","1030",18917,1910,,,,,,,8438,44.6054,2259.71,"wave_coverage_differs;period_boundary_vintage_differs"
"G3600890",1906,1930,"St. Lawrence, New York","St Lawrence","New York","360","St Lawrence","0890",89005,1910,,,,,,,32538,36.5575,7152.66,"wave_coverage_differs;period_boundary_vintage_differs"
"G2701370",1906,1930,"St. Louis, Minnesota","St Louis","Minnesota","270","St Louis","1370",163274,1910,,,,,,,37115,22.7317,17442.07,"wave_coverage_differs;period_boundary_vintage_differs"
"G2001850",1906,1930,"Stafford, Kansas","Stafford","Kansas","200","Stafford","1850",12510,1910,,,,,,,2747,21.9584,2058.83,"wave_coverage_differs;period_boundary_vintage_differs"
"G5101790",1906,1930,"Stafford, Virginia","Stafford","Virginia","510","Stafford","1790",8070,1910,,,,,,,1997,24.746,708.79,"wave_coverage_differs;period_boundary_vintage_differs"
"G0600990",1906,1930,"Stanislaus, California","Stanislaus","California","060","Stanislaus","0990",22522,1910,,,,,,,3220,14.2971,3922.71,"wave_coverage_differs;period_boundary_vintage_differs"
"G4601170",1906,1930,"Stanley, South Dakota","Stanley","South Dakota","460","Stanley","1170",14975,1910,,,,,,,2178,14.5442,3929.44,"wave_coverage_differs;period_boundary_vintage_differs"
"G3701670",1906,1930,"Stanly, North Carolina","Stanly","North Carolina","370","Stanly","1670",19909,1910,,,,,,,7455,37.4454,1048.51,"wave_coverage_differs;period_boundary_vintage_differs"
"G2001870",1906,1930,"Stanton, Kansas","Stanton","Kansas","200","Stanton","1870",1034,1910,,,,,,,58,5.6093,1762.27,"wave_coverage_differs;period_boundary_vintage_differs"
"G3101670",1906,1930,"Stanton, Nebraska","Stanton","Nebraska","310","Stanton","1670",7542,1910,,,,,,,1683,22.315,1116.29,"wave_coverage_differs;period_boundary_vintage_differs"
"G1701750",1906,1930,"Stark, Illinois","Stark","Illinois","170","Stark","1750",10098,1910,,,,,,,3450,34.1652,746.81,"wave_coverage_differs;period_boundary_vintage_differs"
"G3800890",1906,1930,"Stark, North Dakota","Stark","North Dakota","380","Stark","0890",12504,1910,,,,,,,6239,49.896,3471.1,"wave_coverage_differs;period_boundary_vintage_differs"
"G3901510",1906,1930,"Stark, Ohio","Stark","Ohio","390","Stark","1510",122987,1910,,,,,,,37833,30.7618,1503.53,"wave_coverage_differs;period_boundary_vintage_differs"
"G1801490",1906,1930,"Starke, Indiana","Starke","Indiana","180","Starke","1490",10567,1910,,,,,,,2133,20.1855,808.61,"wave_coverage_differs;period_boundary_vintage_differs"
"G4804270",1906,1930,"Starr, Texas","Starr","Texas","480","Starr","4270",13151,1910,,,,,,,5457,41.4949,3183.36,"wave_coverage_differs;period_boundary_vintage_differs"
"G5107900",1906,1930,"Staunton City, Virginia","Staunton City","Virginia","510","Staunton City","7900",10604,1910,,,,,,,4736,44.6624,5.33,"wave_coverage_differs;period_boundary_vintage_differs"
"G2901860",1906,1930,"Ste Genevieve, Missouri","Ste Genevieve","Missouri","290","Ste Genevieve","1860",10607,1910,,,,,,,7158,67.4837,1318.35,"wave_coverage_differs;period_boundary_vintage_differs"
"G2701450",1906,1930,"Stearns, Minnesota","Stearns","Minnesota","270","Stearns","1450",47733,1910,,,,,,,32798,68.7114,3599.87,"wave_coverage_differs;period_boundary_vintage_differs"
"G2701470",1906,1930,"Steele, Minnesota","Steele","Minnesota","270","Steele","1470",16146,1910,,,,,,,6792,42.0661,1119.75,"wave_coverage_differs;period_boundary_vintage_differs"
"G3800910",1906,1930,"Steele, North Dakota","Steele","North Dakota","380","Steele","0910",7616,1910,,,,,,,1833,24.0678,1853.04,"wave_coverage_differs;period_boundary_vintage_differs"
"G1302570",1906,1930,"Stephens, Georgia","Stephens","Georgia","130","Stephens","2570",9728,1910,,,,,,,3654,37.5617,476.01,"wave_coverage_differs;period_boundary_vintage_differs"
"G4001370",1906,1930,"Stephens, Oklahoma","Stephens","Oklahoma","400","Stephens","1370",22252,1910,,,,,,,3462,15.5582,2308.6,"wave_coverage_differs;period_boundary_vintage_differs"
"G4804290",1906,1930,"Stephens, Texas","Stephens","Texas","480","Stephens","4290",7980,1910,,,,,,,2057,25.7769,2386.65,"wave_coverage_differs;period_boundary_vintage_differs"
"G1701770",1906,1930,"Stephenson, Illinois","Stephenson","Illinois","170","Stephenson","1770",36821,1910,,,,,,,13819,37.5302,1463.49,"wave_coverage_differs;period_boundary_vintage_differs"
"G4804310",1906,1930,"Sterling, Texas","Sterling","Texas","480","Sterling","4310",1493,1910,,,,,,,349,23.3758,2391.91,"wave_coverage_differs;period_boundary_vintage_differs"
"G1801510",1906,1930,"Steuben, Indiana","Steuben","Indiana","180","Steuben","1510",14274,1910,,,,,,,4746,33.2493,835.16,"wave_coverage_differs;period_boundary_vintage_differs"
"G3601010",1906,1930,"Steuben, New York","Steuben","New York","360","Steuben","1010",83362,1910,,,,,,,18197,21.8289,3636.58,"wave_coverage_differs;period_boundary_vintage_differs"
"G2001890",1906,1930,"Stevens, Kansas","Stevens","Kansas","200","Stevens","1890",2453,1910,,,,,,,186,7.5826,1884.14,"wave_coverage_differs;period_boundary_vintage_differs"
"G2701490",1906,1930,"Stevens, Minnesota","Stevens","Minnesota","270","Stevens","1490",8293,1910,,,,,,,3599,43.398,1490.07,"wave_coverage_differs;period_boundary_vintage_differs"
"G5300650",1906,1930,"Stevens, Washington","Stevens","Washington","530","Stevens","0650",25297,1910,,,,,,,2477,9.7917,6572.16,"wave_coverage_differs;period_boundary_vintage_differs"
"G1302590",1906,1930,"Stewart, Georgia","Stewart","Georgia","130","Stewart","2590",13437,1910,,,,,,,7692,57.2449,1200.98,"wave_coverage_differs;period_boundary_vintage_differs"
"G4701610",1906,1930,"Stewart, Tennessee","Stewart","Tennessee","470","Stewart","1610",14860,1910,,,,,,,5170,34.7914,1277.46,"wave_coverage_differs;period_boundary_vintage_differs"
"G2902070",1906,1930,"Stoddard, Missouri","Stoddard","Missouri","290","Stoddard","2070",27807,1910,,,,,,,6913,24.8606,2147.16,"wave_coverage_differs;period_boundary_vintage_differs"
"G3701690",1906,1930,"Stokes, North Carolina","Stokes","North Carolina","370","Stokes","1690",20151,1910,,,,,,,4120,20.4456,1180.08,"wave_coverage_differs;period_boundary_vintage_differs"
"G0501370",1906,1930,"Stone, Arkansas","Stone","Arkansas","050","Stone","1370",8946,1910,,,,,,,1533,17.1362,1578.42,"wave_coverage_differs;period_boundary_vintage_differs"
"G2902090",1906,1930,"Stone, Missouri","Stone","Missouri","290","Stone","2090",11559,1910,,,,,,,2319,20.0623,1322.9,"wave_coverage_differs;period_boundary_vintage_differs"
"G4804330",1906,1930,"Stonewall, Texas","Stonewall","Texas","480","Stonewall","4330",5320,1910,,,,,,,660,12.406,2383.42,"wave_coverage_differs;period_boundary_vintage_differs"
"G3200290",1906,1930,"Storey, Nevada","Storey","Nevada","320","Storey","0290",3045,1910,,,,,,,495,16.2562,682.84,"wave_coverage_differs;period_boundary_vintage_differs"
"G1901690",1906,1930,"Story, Iowa","Story","Iowa","190","Story","1690",24083,1910,,,,,,,10747,44.6248,1485.74,"wave_coverage_differs;period_boundary_vintage_differs"
"G3300170",1906,1930,"Strafford, New Hampshire","Strafford","New Hampshire","330","Strafford","0170",38951,1910,,,,,,,19556,50.2067,984.35,"wave_coverage_differs;period_boundary_vintage_differs"
"G3800930",1906,1930,"Stutsman, North Dakota","Stutsman","North Dakota","380","Stutsman","0930",18189,1910,,,,,,,3738,20.5509,5951.59,"wave_coverage_differs;period_boundary_vintage_differs"
"G2500250",1906,1930,"Suffolk, Massachusetts","Suffolk","Massachusetts","250","Suffolk","0250",731388,1910,,,,,,,395443,54.0675,156.7,"wave_coverage_differs;period_boundary_vintage_differs"
"G3601030",1906,1930,"Suffolk, New York","Suffolk","New York","360","Suffolk","1030",96138,1910,,,,,,,35488,36.9136,2411.89,"wave_coverage_differs;period_boundary_vintage_differs"
"G1801530",1906,1930,"Sullivan, Indiana","Sullivan","Indiana","180","Sullivan","1530",32439,1910,,,,,,,9184,28.3116,1176.18,"wave_coverage_differs;period_boundary_vintage_differs"
"G2902110",1906,1930,"Sullivan, Missouri","Sullivan","Missouri","290","Sullivan","2110",18598,1910,,,,,,,4689,25.2124,1687.39,"wave_coverage_differs;period_boundary_vintage_differs"
"G3300190",1906,1930,"Sullivan, New Hampshire","Sullivan","New Hampshire","330","Sullivan","0190",19337,1910,,,,,,,7023,36.319,1429.65,"wave_coverage_differs;period_boundary_vintage_differs"
"G3601050",1906,1930,"Sullivan, New York","Sullivan","New York","360","Sullivan","1050",33808,1910,,,,,,,8838,26.1417,2581.48,"wave_coverage_differs;period_boundary_vintage_differs"
"G4201130",1906,1930,"Sullivan, Pennsylvania","Sullivan","Pennsylvania","420","Sullivan","1130",11293,1910,,,,,,,3802,33.6669,1171.58,"wave_coverage_differs;period_boundary_vintage_differs"
"G4701630",1906,1930,"Sullivan, Tennessee","Sullivan","Tennessee","470","Sullivan","1630",28120,1910,,,,,,,7506,26.6927,1112.94,"wave_coverage_differs;period_boundary_vintage_differs"
"G4601190",1906,1930,"Sully, South Dakota","Sully","South Dakota","460","Sully","1190",2462,1910,,,,,,,124,5.0366,2772.03,"wave_coverage_differs;period_boundary_vintage_differs"
"G5400890",1906,1930,"Summers, West Virginia","Summers","West Virginia","540","Summers","0890",18420,1910,,,,,,,3850,20.9012,952.41,"wave_coverage_differs;period_boundary_vintage_differs"
"G0801170",1906,1930,"Summit, Colorado","Summit","Colorado","080","Summit","1170",2003,1910,,,,,,,678,33.8492,1603.87,"wave_coverage_differs;period_boundary_vintage_differs"
"G3901530",1906,1930,"Summit, Ohio","Summit","Ohio","390","Summit","1530",108253,1910,,,,,,,26505,24.4843,1088.02,"wave_coverage_differs;period_boundary_vintage_differs"
"G4900430",1906,1930,"Summit, Utah","Summit","Utah","490","Summit","0430",8200,1910,,,,,,,5058,61.6829,4874.22,"wave_coverage_differs;period_boundary_vintage_differs"
"G2001910",1906,1930,"Sumner, Kansas","Sumner","Kansas","200","Sumner","1910",30654,1910,,,,,,,8097,26.4142,3069.03,"wave_coverage_differs;period_boundary_vintage_differs"
"G4701650",1906,1930,"Sumner, Tennessee","Sumner","Tennessee","470","Sumner","1650",25621,1910,,,,,,,9637,37.6137,1402.22,"wave_coverage_differs;period_boundary_vintage_differs"
"G0101190",1906,1930,"Sumter, Alabama","Sumter","Alabama","010","Sumter","1190",28699,1910,,,,,,,12624,43.9876,2365.48,"wave_coverage_differs;period_boundary_vintage_differs"
"G1201190",1906,1930,"Sumter, Florida","Sumter","Florida","120","Sumter","1190",6696,1910,,,,,,,2120,31.6607,1501.69,"wave_coverage_differs;period_boundary_vintage_differs"
"G1302610",1906,1930,"Sumter, Georgia","Sumter","Georgia","130","Sumter","2610",29092,1910,,,,,,,12000,41.2485,1275.97,"wave_coverage_differs;period_boundary_vintage_differs"
"G4500850",1906,1930,"Sumter, South Carolina","Sumter","South Carolina","450","Sumter","0850",38472,1910,,,,,,,18659,48.5002,1766.59,"wave_coverage_differs;period_boundary_vintage_differs"
"G2801330",1906,1930,"Sunflower, Mississippi","Sunflower","Mississippi","280","Sunflower","1330",28787,1910,,,,,,,4114,14.2912,1830.94,"wave_coverage_differs;period_boundary_vintage_differs"
"G3701710",1906,1930,"Surry, North Carolina","Surry","North Carolina","370","Surry","1710",29705,1910,,,,,,,7647,25.7431,1389.05,"wave_coverage_differs;period_boundary_vintage_differs"
"G5101810",1906,1930,"Surry, Virginia","Surry","Virginia","510","Surry","1810",9715,1910,,,,,,,4812,49.5317,729.48,"wave_coverage_differs;period_boundary_vintage_differs"
"G4201150",1906,1930,"Susquehanna, Pennsylvania","Susquehanna","Pennsylvania","420","Susquehanna","1150",37746,1910,,,,,,,16081,42.6032,2155.82,"wave_coverage_differs;period_boundary_vintage_differs"
"G1000050",1906,1930,"Sussex, Delaware","Sussex","Delaware","100","Sussex","0050",46413,1910,,,,,,,13503,29.0931,2448.62,"wave_coverage_differs;period_boundary_vintage_differs"
"G3400370",1906,1930,"Sussex, New Jersey","Sussex","New Jersey","340","Sussex","0370",26781,1910,,,,,,,6640,24.7937,1388.17,"wave_coverage_differs;period_boundary_vintage_differs"
"G5101830",1906,1930,"Sussex, Virginia","Sussex","Virginia","510","Sussex","1830",13664,1910,,,,,,,6145,44.9722,1276.42,"wave_coverage_differs;period_boundary_vintage_differs"
"G0601010",1906,1930,"Sutter, California","Sutter","California","060","Sutter","1010",6328,1910,,,,,,,562,8.8812,1574.37,"wave_coverage_differs;period_boundary_vintage_differs"
"G4804350",1906,1930,"Sutton, Texas","Sutton","Texas","480","Sutton","4350",1569,1910,,,,,,,277,17.6546,3766.99,"wave_coverage_differs;period_boundary_vintage_differs"
"G1201210",1906,1930,"Suwannee, Florida","Suwannee","Florida","120","Suwannee","1210",18603,1910,,,,,,,7069,37.9992,1793.04,"wave_coverage_differs;period_boundary_vintage_differs"
"G3701730",1906,1930,"Swain, North Carolina","Swain","North Carolina","370","Swain","1730",10403,1910,,,,,,,2161,20.7729,1400.22,"wave_coverage_differs;period_boundary_vintage_differs"
"G3000970",1906,1930,"Sweet Grass, Montana","Sweet Grass","Montana","300","Sweet Grass","0970",4029,1910,,,,,,,360,8.9352,4822.49,"wave_coverage_differs;period_boundary_vintage_differs"
"G5600370",1906,1930,"Sweetwater, Wyoming","Sweetwater","Wyoming","560","Sweetwater","0370",11575,1910,,,,,,,2020,17.4514,27171.83,"wave_coverage_differs;period_boundary_vintage_differs"
"G2701510",1906,1930,"Swift, Minnesota","Swift","Minnesota","270","Swift","1510",12949,1910,,,,,,,6445,49.7722,1948.15,"wave_coverage_differs;period_boundary_vintage_differs"
"G4804370",1906,1930,"Swisher, Texas","Swisher","Texas","480","Swisher","4370",4012,1910,,,,,,,350,8.7238,2332.74,"wave_coverage_differs;period_boundary_vintage_differs"
"G1801550",1906,1930,"Switzerland, Indiana","Switzerland","Indiana","180","Switzerland","1550",9914,1910,,,,,,,4018,40.5285,579.37,"wave_coverage_differs;period_boundary_vintage_differs"
"G1302630",1906,1930,"Talbot, Georgia","Talbot","Georgia","130","Talbot","2630",11696,1910,,,,,,,4545,38.8594,1022.42,"wave_coverage_differs;period_boundary_vintage_differs"
"G2400410",1906,1930,"Talbot, Maryland","Talbot","Maryland","240","Talbot","0410",19620,1910,,,,,,,6905,35.1937,699.34,"wave_coverage_differs;period_boundary_vintage_differs"
"G1302650",1906,1930,"Taliaferro, Georgia","Taliaferro","Georgia","130","Taliaferro","2650",8766,1910,,,,,,,3800,43.3493,505.93,"wave_coverage_differs;period_boundary_vintage_differs"
"G0101210",1906,1930,"Talladega, Alabama","Talladega","Alabama","010","Talladega","1210",37921,1910,,,,,,,15969,42.1112,1969.16,"wave_coverage_differs;period_boundary_vintage_differs"
"G2801350",1906,1930,"Tallahatchie, Mississippi","Tallahatchie","Mississippi","280","Tallahatchie","1350",29078,1910,,,,,,,7711,26.5183,1689.03,"wave_coverage_differs;period_boundary_vintage_differs"
"G0101230",1906,1930,"Tallapoosa, Alabama","Tallapoosa","Alabama","010","Tallapoosa","1230",31034,1910,,,,,,,11240,36.2183,1984.69,"wave_coverage_differs;period_boundary_vintage_differs"
"G1901710",1906,1930,"Tama, Iowa","Tama","Iowa","190","Tama","1710",22156,1910,,,,,,,8236,37.1728,1870.18,"wave_coverage_differs;period_boundary_vintage_differs"
"G2902130",1906,1930,"Taney, Missouri","Taney","Missouri","290","Taney","2130",9134,1910,,,,,,,1851,20.2649,1687.68,"wave_coverage_differs;period_boundary_vintage_differs"
"G2201050",1906,1930,"Tangipahoa, Louisiana","Tangipahoa","Louisiana","220","Tangipahoa","1050",29160,1910,,,,,,,7438,25.5075,2076.71,"wave_coverage_differs;period_boundary_vintage_differs"
"G4804390",1906,1930,"Tarrant, Texas","Tarrant","Texas","480","Tarrant","4390",108572,1910,,,,,,,27216,25.0672,2324.51,"wave_coverage_differs;period_boundary_vintage_differs"
"G2801370",1906,1930,"Tate, Mississippi","Tate","Mississippi","280","Tate","1370",19714,1910,,,,,,,7304,37.0498,1064.44,"wave_coverage_differs;period_boundary_vintage_differs"
"G1302670",1906,1930,"Tattnall, Georgia","Tattnall","Georgia","130","Tattnall","2670",18569,1910,,,,,,,5877,31.6495,1264.82,"wave_coverage_differs;period_boundary_vintage_differs"
"G1201230",1906,1930,"Taylor, Florida","Taylor","Florida","120","Taylor","1230",7103,1910,,,,,,,1451,20.428,2719.04,"wave_coverage_differs;period_boundary_vintage_differs"
"G1302690",1906,1930,"Taylor, Georgia","Taylor","Georgia","130","Taylor","2690",10839,1910,,,,,,,3755,34.6434,987.86,"wave_coverage_differs;period_boundary_vintage_differs"
"G1901730",1906,1930,"Taylor, Iowa","Taylor","Iowa","190","Taylor","1730",16312,1910,,,,,,,6233,38.2111,1384.75,"wave_coverage_differs;period_boundary_vintage_differs"
"G2102170",1906,1930,"Taylor, Kentucky","Taylor","Kentucky","210","Taylor","2170",11961,1910,,,,,,,4416,36.92,717.28,"wave_coverage_differs;period_boundary_vintage_differs"
"G4804410",1906,1930,"Taylor, Texas","Taylor","Texas","480","Taylor","4410",26293,1910,,,,,,,7460,28.3726,2381.01,"wave_coverage_differs;period_boundary_vintage_differs"
"G5400910",1906,1930,"Taylor, West Virginia","Taylor","West Virginia","540","Taylor","0910",16554,1910,,,,,,,6410,38.7218,455.01,"wave_coverage_differs;period_boundary_vintage_differs"
"G5501190",1906,1930,"Taylor, Wisconsin","Taylor","Wisconsin","550","Taylor","1190",13641,1910,,,,,,,3530,25.8779,2550.08,"wave_coverage_differs;period_boundary_vintage_differs"
"G1701790",1906,1930,"Tazewell, Illinois","Tazewell","Illinois","170","Tazewell","1790",34027,1910,,,,,,,9814,28.8418,1704.01,"wave_coverage_differs;period_boundary_vintage_differs"
"G5101850",1906,1930,"Tazewell, Virginia","Tazewell","Virginia","510","Tazewell","1850",24946,1910,,,,,,,7433,29.7964,1346.72,"wave_coverage_differs;period_boundary_vintage_differs"
"G0601030",1906,1930,"Tehama, California","Tehama","California","060","Tehama","1030",11401,1910,,,,,,,3756,32.9445,7689.94,"wave_coverage_differs;period_boundary_vintage_differs"
"G1302710",1906,1930,"Telfair, Georgia","Telfair","Georgia","130","Telfair","2710",13288,1910,,,,,,,5627,42.3465,1149.74,"wave_coverage_differs;period_boundary_vintage_differs"
"G0801190",1906,1930,"Teller, Colorado","Teller","Colorado","080","Teller","1190",14351,1910,,,,,,,3011,20.9811,1447.66,"wave_coverage_differs;period_boundary_vintage_differs"
"G2201070",1906,1930,"Tensas, Louisiana","Tensas","Louisiana","220","Tensas","1070",17060,1910,,,,,,,7584,44.4549,1660.68,"wave_coverage_differs;period_boundary_vintage_differs"
"G2201090",1906,1930,"Terrebonne, Louisiana","Terrebonne","Louisiana","220","Terrebonne","1090",28320,1910,,,,,,,16479,58.1886,3726.37,"wave_coverage_differs;period_boundary_vintage_differs"
"G1302730",1906,1930,"Terrell, Georgia","Terrell","Georgia","130","Terrell","2730",22003,1910,,,,,,,10020,45.5392,874.63,"wave_coverage_differs;period_boundary_vintage_differs"
"G4804430",1906,1930,"Terrell, Texas","Terrell","Texas","480","Terrell","4430",1430,1910,,,,,,,73,5.1049,6107.32,"wave_coverage_differs;period_boundary_vintage_differs"
"G4804450",1906,1930,"Terry, Texas","Terry","Texas","480","Terry","4450",1474,1910,,,,,,,105,7.1235,2307.53,"wave_coverage_differs;period_boundary_vintage_differs"
"G3000990",1906,1930,"Teton, Montana","Teton","Montana","300","Teton","0990",9546,1910,,,,,,,2275,23.832,5937.68,"wave_coverage_differs;period_boundary_vintage_differs"
"G2902150",1906,1930,"Texas, Missouri","Texas","Missouri","290","Texas","2150",21458,1910,,,,,,,4525,21.0877,3054.17,"wave_coverage_differs;period_boundary_vintage_differs"
"G4001390",1906,1930,"Texas, Oklahoma","Texas","Oklahoma","400","Texas","1390",14249,1910,,,,,,,1565,10.9832,5306.05,"wave_coverage_differs;period_boundary_vintage_differs"
"G3101690",1906,1930,"Thayer, Nebraska","Thayer","Nebraska","310","Thayer","1690",14775,1910,,,,,,,5910,40,1489.18,"wave_coverage_differs;period_boundary_vintage_differs"
"G1302750",1906,1930,"Thomas, Georgia","Thomas","Georgia","130","Thomas","2750",29071,1910,,,,,,,11899,40.9308,1430.21,"wave_coverage_differs;period_boundary_vintage_differs"
"G2001930",1906,1930,"Thomas, Kansas","Thomas","Kansas","200","Thomas","1930",5455,1910,,,,,,,1186,21.7415,2783.67,"wave_coverage_differs;period_boundary_vintage_differs"
"G3101710",1906,1930,"Thomas, Nebraska","Thomas","Nebraska","310","Thomas","1710",1191,1910,,,,,,,47,3.9463,1848.37,"wave_coverage_differs;period_boundary_vintage_differs"
"G4804470",1906,1930,"Throckmorton, Texas","Throckmorton","Texas","480","Throckmorton","4470",4563,1910,,,,,,,649,14.2231,2371.09,"wave_coverage_differs;period_boundary_vintage_differs"
"G3101730",1906,1930,"Thurston, Nebraska","Thurston","Nebraska","310","Thurston","1730",8704,1910,,,,,,,590,6.7785,1025.84,"wave_coverage_differs;period_boundary_vintage_differs"
"G5300670",1906,1930,"Thurston, Washington","Thurston","Washington","530","Thurston","0670",17581,1910,,,,,,,2638,15.0048,1904.72,"wave_coverage_differs;period_boundary_vintage_differs"
"G1302770",1906,1930,"Tift, Georgia","Tift","Georgia","130","Tift","2770",11487,1910,,,,,,,3252,28.3103,696.14,"wave_coverage_differs;period_boundary_vintage_differs"
"G4100570",1906,1930,"Tillamook, Oregon","Tillamook","Oregon","410","Tillamook","0570",6266,1910,,,,,,,593,9.4638,2859.3,"wave_coverage_differs;period_boundary_vintage_differs"
"G4001410",1906,1930,"Tillman, Oklahoma","Tillman","Oklahoma","400","Tillman","1410",18650,1910,,,,,,,1564,8.3861,2277.12,"wave_coverage_differs;period_boundary_vintage_differs"
"G3601070",1906,1930,"Tioga, New York","Tioga","New York","360","Tioga","1070",25624,1910,,,,,,,7913,30.8812,1354.19,"wave_coverage_differs;period_boundary_vintage_differs"
"G4201170",1906,1930,"Tioga, Pennsylvania","Tioga","Pennsylvania","420","Tioga","1170",42829,1910,,,,,,,14548,33.9676,2945.37,"wave_coverage_differs;period_boundary_vintage_differs"
"G2801390",1906,1930,"Tippah, Mississippi","Tippah","Mississippi","280","Tippah","1390",14631,1910,,,,,,,4418,30.1962,1191.28,"wave_coverage_differs;period_boundary_vintage_differs"
"G1801570",1906,1930,"Tippecanoe, Indiana","Tippecanoe","Indiana","180","Tippecanoe","1570",40063,1910,,,,,,,14673,36.6248,1303.37,"wave_coverage_differs;period_boundary_vintage_differs"
"G1801590",1906,1930,"Tipton, Indiana","Tipton","Indiana","180","Tipton","1590",17459,1910,,,,,,,4590,26.2902,674.86,"wave_coverage_differs;period_boundary_vintage_differs"
"G4701670",1906,1930,"Tipton, Tennessee","Tipton","Tennessee","470","Tipton","1670",29459,1910,,,,,,,10266,34.8484,1235.08,"wave_coverage_differs;period_boundary_vintage_differs"
"G2801410",1906,1930,"Tishomingo, Mississippi","Tishomingo","Mississippi","280","Tishomingo","1410",13067,1910,,,,,,,2544,19.4689,1151.3,"wave_coverage_differs;period_boundary_vintage_differs"
"G4804490",1906,1930,"Titus, Texas","Titus","Texas","480","Titus","4490",16422,1910,,,,,,,4888,29.7649,1102.41,"wave_coverage_differs;period_boundary_vintage_differs"
"G2102190",1906,1930,"Todd, Kentucky","Todd","Kentucky","210","Todd","2190",16488,1910,,,,,,,6410,38.8768,976.32,"wave_coverage_differs;period_boundary_vintage_differs"
"G2701530",1906,1930,"Todd, Minnesota","Todd","Minnesota","270","Todd","1530",23407,1910,,,,,,,8743,37.3521,2536.72,"wave_coverage_differs;period_boundary_vintage_differs"
"G0900130",1906,1930,"Tolland, Connecticut","Tolland","Connecticut","090","Tolland","0130",26459,1910,,,,,,,9981,37.7225,1080.17,"wave_coverage_differs;period_boundary_vintage_differs"
"G4804510",1906,1930,"Tom Green, Texas","Tom Green","Texas","480","Tom Green","4510",17882,1910,,,,,,,5856,32.748,3989.98,"wave_coverage_differs;period_boundary_vintage_differs"
"G3601090",1906,1930,"Tompkins, New York","Tompkins","New York","360","Tompkins","1090",33647,1910,,,,,,,8535,25.3663,1273.13,"wave_coverage_differs;period_boundary_vintage_differs"
"G4900450",1906,1930,"Tooele, Utah","Tooele","Utah","490","Tooele","0450",7924,1910,,,,,,,2589,32.6729,18871.18,"wave_coverage_differs;period_boundary_vintage_differs"
"G1302790",1906,1930,"Toombs, Georgia","Toombs","Georgia","130","Toombs","2790",11206,1910,,,,,,,2660,23.7373,960.87,"wave_coverage_differs;period_boundary_vintage_differs"
"G3800950",1906,1930,"Towner, North Dakota","Towner","North Dakota","380","Towner","0950",8963,1910,,,,,,,1826,20.3726,2697.42,"wave_coverage_differs;period_boundary_vintage_differs"
"G1302810",1906,1930,"Towns, Georgia","Towns","Georgia","130","Towns","2810",3932,1910,,,,,,,1569,39.9034,445.42,"wave_coverage_differs;period_boundary_vintage_differs"
"G3800970",1906,1930,"Traill, North Dakota","Traill","North Dakota","380","Traill","0970",12545,1910,,,,,,,4535,36.1499,2233.9,"wave_coverage_differs;period_boundary_vintage_differs"
"G3701750",1906,1930,"Transylvania, North Carolina","Transylvania","North Carolina","370","Transylvania","1750",7191,1910,,,,,,,3035,42.2055,985.4,"wave_coverage_differs;period_boundary_vintage_differs"
"G2701550",1906,1930,"Traverse, Minnesota","Traverse","Minnesota","270","Traverse","1550",8049,1910,,,,,,,2468,30.6622,1517.37,"wave_coverage_differs;period_boundary_vintage_differs"
"G4804530",1906,1930,"Travis, Texas","Travis","Texas","480","Travis","4530",55620,1910,,,,,,,20993,37.7436,2648.56,"wave_coverage_differs;period_boundary_vintage_differs"
"G2001950",1906,1930,"Trego, Kansas","Trego","Kansas","200","Trego","1950",5398,1910,,,,,,,1012,18.7477,2330.03,"wave_coverage_differs;period_boundary_vintage_differs"
"G5501210",1906,1930,"Trempealeau, Wisconsin","Trempealeau","Wisconsin","550","Trempealeau","1210",22928,1910,,,,,,,12274,53.5328,1921.75,"wave_coverage_differs;period_boundary_vintage_differs"
"G2102210",1906,1930,"Trigg, Kentucky","Trigg","Kentucky","210","Trigg","2210",14539,1910,,,,,,,4830,33.221,1244.62,"wave_coverage_differs;period_boundary_vintage_differs"
"G2102230",1906,1930,"Trimble, Kentucky","Trimble","Kentucky","210","Trimble","2230",6512,1910,,,,,,,2322,35.6572,404.35,"wave_coverage_differs;period_boundary_vintage_differs"
"G0601050",1906,1930,"Trinity, California","Trinity","California","060","Trinity","1050",3301,1910,,,,,,,411,12.4508,8307.64,"wave_coverage_differs;period_boundary_vintage_differs"
"G4804550",1906,1930,"Trinity, Texas","Trinity","Texas","480","Trinity","4550",12768,1910,,,,,,,2743,21.4834,1849.18,"wave_coverage_differs;period_boundary_vintage_differs"
"G4601230",1906,1930,"Tripp, South Dakota","Tripp","South Dakota","460","Tripp","1230",8323,1910,,,,,,,152,1.8263,4189.36,"wave_coverage_differs;period_boundary_vintage_differs"
"G1302850",1906,1930,"Troup, Georgia","Troup","Georgia","130","Troup","2850",26228,1910,,,,,,,10336,39.4083,1155.06,"wave_coverage_differs;period_boundary_vintage_differs"
"G4701690",1906,1930,"Trousdale, Tennessee","Trousdale","Tennessee","470","Trousdale","1690",5874,1910,,,,,,,2269,38.6279,302.05,"wave_coverage_differs;period_boundary_vintage_differs"
"G3901550",1906,1930,"Trumbull, Ohio","Trumbull","Ohio","390","Trumbull","1550",52766,1910,,,,,,,16724,31.6947,1646.04,"wave_coverage_differs;period_boundary_vintage_differs"
"G5400930",1906,1930,"Tucker, West Virginia","Tucker","West Virginia","540","Tucker","0930",18675,1910,,,,,,,4916,26.324,1090.62,"wave_coverage_differs;period_boundary_vintage_differs"
"G0601070",1906,1930,"Tulare, California","Tulare","California","060","Tulare","1070",35440,1910,,,,,,,4155,11.724,12532.1,"wave_coverage_differs;period_boundary_vintage_differs"
"G4001430",1906,1930,"Tulsa, Oklahoma","Tulsa","Oklahoma","400","Tulsa","1430",34995,1910,,,,,,,3849,10.9987,1520.35,"wave_coverage_differs;period_boundary_vintage_differs"
"G2801430",1906,1930,"Tunica, Mississippi","Tunica","Mississippi","280","Tunica","1430",18646,1910,,,,,,,5283,28.3332,1245.07,"wave_coverage_differs;period_boundary_vintage_differs"
"G0601090",1906,1930,"Tuolumne, California","Tuolumne","California","060","Tuolumne","1090",9979,1910,,,,,,,1585,15.8834,5890.8,"wave_coverage_differs;period_boundary_vintage_differs"
"G1302870",1906,1930,"Turner, Georgia","Turner","Georgia","130","Turner","2870",10075,1910,,,,,,,2507,24.8834,751.07,"wave_coverage_differs;period_boundary_vintage_differs"
"G4601250",1906,1930,"Turner, South Dakota","Turner","South Dakota","460","Turner","1250",13840,1910,,,,,,,5800,41.9075,1599.82,"wave_coverage_differs;period_boundary_vintage_differs"
"G0101250",1906,1930,"Tuscaloosa, Alabama","Tuscaloosa","Alabama","010","Tuscaloosa","1250",47559,1910,,,,,,,17128,36.0142,3499.73,"wave_coverage_differs;period_boundary_vintage_differs"
"G3901570",1906,1930,"Tuscarawas, Ohio","Tuscarawas","Ohio","390","Tuscarawas","1570",57035,1910,,,,,,,20901,36.6459,1480.06,"wave_coverage_differs;period_boundary_vintage_differs"
"G2601570",1906,1930,"Tuscola, Michigan","Tuscola","Michigan","260","Tuscola","1570",34913,1910,,,,,,,7992,22.8912,2108.5,"wave_coverage_differs;period_boundary_vintage_differs"
"G1302890",1906,1930,"Twiggs, Georgia","Twiggs","Georgia","130","Twiggs","2890",10736,1910,,,,,,,4915,45.7806,939.43,"wave_coverage_differs;period_boundary_vintage_differs"
"G1600830",1906,1930,"Twin Falls, Idaho","Twin Falls","Idaho","160","Twin Falls","0830",13543,1910,,,,,,,0,0,4994.29,"wave_coverage_differs;period_boundary_vintage_differs"
"G4804570",1906,1930,"Tyler, Texas","Tyler","Texas","480","Tyler","4570",10250,1910,,,,,,,2607,25.4341,2423.3,"wave_coverage_differs;period_boundary_vintage_differs"
"G5400950",1906,1930,"Tyler, West Virginia","Tyler","West Virginia","540","Tyler","0950",16211,1910,,,,,,,4599,28.3696,675.2,"wave_coverage_differs;period_boundary_vintage_differs"
"G3701770",1906,1930,"Tyrrell, North Carolina","Tyrrell","North Carolina","370","Tyrrell","1770",5219,1910,,,,,,,2444,46.8289,1009.47,"wave_coverage_differs;period_boundary_vintage_differs"
"G5600410",1906,1930,"Uinta, Wyoming","Uinta","Wyoming","560","Uinta","0410",16982,1910,,,,,,,5028,29.6078,5406.86,"wave_coverage_differs;period_boundary_vintage_differs"
"G4900470",1906,1930,"Uintah, Utah","Uintah","Utah","490","Uintah","0470",7050,1910,,,,,,,2805,39.7872,11652.24,"wave_coverage_differs;period_boundary_vintage_differs"
"G3601110",1906,1930,"Ulster, New York","Ulster","New York","360","Ulster","1110",91769,1910,,,,,,,37526,40.8918,3006.36,"wave_coverage_differs;period_boundary_vintage_differs"
"G4100590",1906,1930,"Umatilla, Oregon","Umatilla","Oregon","410","Umatilla","0590",20309,1910,,,,,,,7120,35.0583,8369.26,"wave_coverage_differs;period_boundary_vintage_differs"
"G4701710",1906,1930,"Unicoi, Tennessee","Unicoi","Tennessee","470","Unicoi","1710",7201,1910,,,,,,,1623,22.5385,483.01,"wave_coverage_differs;period_boundary_vintage_differs"
"G0501390",1906,1930,"Union, Arkansas","Union","Arkansas","050","Union","1390",30723,1910,,,,,,,10257,33.3854,2732.89,"wave_coverage_differs;period_boundary_vintage_differs"
"G1302910",1906,1930,"Union, Georgia","Union","Georgia","130","Union","2910",6918,1910,,,,,,,2626,37.9589,852.09,"wave_coverage_differs;period_boundary_vintage_differs"
"G1701810",1906,1930,"Union, Illinois","Union","Illinois","170","Union","1810",21856,1910,,,,,,,6093,27.8779,1093.38,"wave_coverage_differs;period_boundary_vintage_differs"
"G1801610",1906,1930,"Union, Indiana","Union","Indiana","180","Union","1610",6260,1910,,,,,,,2516,40.1917,427.81,"wave_coverage_differs;period_boundary_vintage_differs"
"G1901750",1906,1930,"Union, Iowa","Union","Iowa","190","Union","1750",16616,1910,,,,,,,6884,41.4299,1102.82,"wave_coverage_differs;period_boundary_vintage_differs"
"G2102250",1906,1930,"Union, Kentucky","Union","Kentucky","210","Union","2250",19886,1910,,,,,,,5432,27.3157,941.36,"wave_coverage_differs;period_boundary_vintage_differs"
"G2201110",1906,1930,"Union, Louisiana","Union","Louisiana","220","Union","1110",20451,1910,,,,,,,8410,41.1227,2345.04,"wave_coverage_differs;period_boundary_vintage_differs"
"G2801450",1906,1930,"Union, Mississippi","Union","Mississippi","280","Union","1450",18997,1910,,,,,,,6578,34.6265,1079.78,"wave_coverage_differs;period_boundary_vintage_differs"
"G3400390",1906,1930,"Union, New Jersey","Union","New Jersey","340","Union","0390",140197,1910,,,,,,,52705,37.5935,269.28,"wave_coverage_differs;period_boundary_vintage_differs"
"G3701790",1906,1930,"Union, North Carolina","Union","North Carolina","370","Union","1790",33277,1910,,,,,,,12632,37.9602,1656.33,"wave_coverage_differs;period_boundary_vintage_differs"
"G3901590",1906,1930,"Union, Ohio","Union","Ohio","390","Union","1590",21871,1910,,,,,,,7496,34.2737,1131.49,"wave_coverage_differs;period_boundary_vintage_differs"
"G4100610",1906,1930,"Union, Oregon","Union","Oregon","410","Union","0610",16191,1910,,,,,,,3096,19.1217,5279.59,"wave_coverage_differs;period_boundary_vintage_differs"
"G4201190",1906,1930,"Union, Pennsylvania","Union","Pennsylvania","420","Union","1190",16249,1910,,,,,,,7591,46.7167,822.18,"wave_coverage_differs;period_boundary_vintage_differs"
"G4500870",1906,1930,"Union, South Carolina","Union","South Carolina","450","Union","0870",29911,1910,,,,,,,10921,36.5117,1336.5,"wave_coverage_differs;period_boundary_vintage_differs"
"G4601270",1906,1930,"Union, South Dakota","Union","South Dakota","460","Union","1270",10676,1910,,,,,,,6017,56.3601,1209.86,"wave_coverage_differs;period_boundary_vintage_differs"
"G4701730",1906,1930,"Union, Tennessee","Union","Tennessee","470","Union","1730",11414,1910,,,,,,,3527,30.9006,652.37,"wave_coverage_differs;period_boundary_vintage_differs"
"G4804590",1906,1930,"Upshur, Texas","Upshur","Texas","480","Upshur","4590",19960,1910,,,,,,,6051,30.3156,1534.93,"wave_coverage_differs;period_boundary_vintage_differs"
"G5400970",1906,1930,"Upshur, West Virginia","Upshur","West Virginia","540","Upshur","0970",16629,1910,,,,,,,5981,35.9673,918.76,"wave_coverage_differs;period_boundary_vintage_differs"
"G1302930",1906,1930,"Upson, Georgia","Upson","Georgia","130","Upson","2930",12757,1910,,,,,,,5570,43.6623,847.58,"wave_coverage_differs;period_boundary_vintage_differs"
"G4804610",1906,1930,"Upton, Texas","Upton","Texas","480","Upton","4610",501,1910,,,,,,,0,0,3215.48,"wave_coverage_differs;period_boundary_vintage_differs"
"G4900490",1906,1930,"Utah, Utah","Utah","Utah","490","Utah","0490",37942,1910,,,,,,,20204,53.2497,5553.09,"wave_coverage_differs;period_boundary_vintage_differs"
"G4804630",1906,1930,"Uvalde, Texas","Uvalde","Texas","480","Uvalde","4630",11233,1910,,,,,,,1614,14.3684,4036.83,"wave_coverage_differs;period_boundary_vintage_differs"
"G4804650",1906,1930,"Val Verde, Texas","Val Verde","Texas","480","Val Verde","4650",8613,1910,,,,,,,577,6.6992,8372.58,"wave_coverage_differs;period_boundary_vintage_differs"
"G3001050",1906,1930,"Valley, Montana","Valley","Montana","300","Valley","1050",13630,1910,,,,,,,1501,11.0125,13109.93,"wave_coverage_differs;period_boundary_vintage_differs"
"G3101750",1906,1930,"Valley, Nebraska","Valley","Nebraska","310","Valley","1750",9480,1910,,,,,,,2971,31.3397,1477.52,"wave_coverage_differs;period_boundary_vintage_differs"
"G0501410",1906,1930,"Van Buren, Arkansas","Van Buren","Arkansas","050","Van Buren","1410",13509,1910,,,,,,,2594,19.202,1875.87,"wave_coverage_differs;period_boundary_vintage_differs"
"G1901770",1906,1930,"Van Buren, Iowa","Van Buren","Iowa","190","Van Buren","1770",15020,1910,,,,,,,5486,36.5246,1270.45,"wave_coverage_differs;period_boundary_vintage_differs"
"G2601590",1906,1930,"Van Buren, Michigan","Van Buren","Michigan","260","Van Buren","1590",33185,1910,,,,,,,6369,19.1924,1613.96,"wave_coverage_differs;period_boundary_vintage_differs"
"G4701750",1906,1930,"Van Buren, Tennessee","Van Buren","Tennessee","470","Van Buren","1750",2784,1910,,,,,,,563,20.2227,713.15,"wave_coverage_differs;period_boundary_vintage_differs"
"G3901610",1906,1930,"Van Wert, Ohio","Van Wert","Ohio","390","Van Wert","1610",29119,1910,,,,,,,9896,33.9847,1063,"wave_coverage_differs;period_boundary_vintage_differs"
"G4804670",1906,1930,"Van Zandt, Texas","Van Zandt","Texas","480","Van Zandt","4670",25651,1910,,,,,,,7024,27.3829,2226.38,"wave_coverage_differs;period_boundary_vintage_differs"
"G3701810",1906,1930,"Vance, North Carolina","Vance","North Carolina","370","Vance","1810",19425,1910,,,,,,,9473,48.7671,698.83,"wave_coverage_differs;period_boundary_vintage_differs"
"G1801630",1906,1930,"Vanderburgh, Indiana","Vanderburgh","Indiana","180","Vanderburgh","1630",77438,1910,,,,,,,34915,45.0877,610.14,"wave_coverage_differs;period_boundary_vintage_differs"
"G4201210",1906,1930,"Venango, Pennsylvania","Venango","Pennsylvania","420","Venango","1210",56359,1910,,,,,,,20472,36.3243,1768.83,"wave_coverage_differs;period_boundary_vintage_differs"
"G0601110",1906,1930,"Ventura, California","Ventura","California","060","Ventura","1110",18347,1910,,,,,,,4808,26.2059,4808.7,"wave_coverage_differs;period_boundary_vintage_differs"
"G1701830",1906,1930,"Vermilion, Illinois","Vermilion","Illinois","170","Vermilion","1830",77996,1910,,,,,,,26734,34.2761,2334.29,"wave_coverage_differs;period_boundary_vintage_differs"
"G1801650",1906,1930,"Vermillion, Indiana","Vermillion","Indiana","180","Vermillion","1650",18865,1910,,,,,,,3793,20.106,673.21,"wave_coverage_differs;period_boundary_vintage_differs"
"G2201130",1906,1930,"Vermillion, Louisiana","Vermilion","Louisiana","220","Vermilion","1130",26390,1910,,,,,,,22495,85.2406,3368.92,"wave_coverage_differs;period_boundary_vintage_differs"
"G2201150",1906,1930,"Vernon, Louisiana","Vernon","Louisiana","220","Vernon","1150",17384,1910,,,,,,,2844,16.3599,3474.43,"wave_coverage_differs;period_boundary_vintage_differs"
"G2902170",1906,1930,"Vernon, Missouri","Vernon","Missouri","290","Vernon","2170",28827,1910,,,,,,,8573,29.7395,2167.38,"wave_coverage_differs;period_boundary_vintage_differs"
"G5501230",1906,1930,"Vernon, Wisconsin","Vernon","Wisconsin","550","Vernon","1230",28116,1910,,,,,,,11101,39.4829,2114.48,"wave_coverage_differs;period_boundary_vintage_differs"
"G4804690",1906,1930,"Victoria, Texas","Victoria","Texas","480","Victoria","4690",14990,1910,,,,,,,2274,15.1701,2300.13,"wave_coverage_differs;period_boundary_vintage_differs"
"G1801670",1906,1930,"Vigo, Indiana","Vigo","Indiana","180","Vigo","1670",87930,1910,,,,,,,23410,26.6235,1063.04,"wave_coverage_differs;period_boundary_vintage_differs"
"G5501250",1906,1930,"Vilas, Wisconsin","Vilas","Wisconsin","550","Vilas","1250",6019,1910,,,,,,,1384,22.9939,2636.2,"wave_coverage_differs;period_boundary_vintage_differs"
"G3901630",1906,1930,"Vinton, Ohio","Vinton","Ohio","390","Vinton","1630",13096,1910,,,,,,,4214,32.1778,1074.79,"wave_coverage_differs;period_boundary_vintage_differs"
"G1201270",1906,1930,"Volusia, Florida","Volusia","Florida","120","Volusia","1270",16510,1910,,,,,,,4692,28.4191,3159.49,"wave_coverage_differs;period_boundary_vintage_differs"
"G1701850",1906,1930,"Wabash, Illinois","Wabash","Illinois","170","Wabash","1850",14913,1910,,,,,,,5104,34.2252,589.52,"wave_coverage_differs;period_boundary_vintage_differs"
"G1801690",1906,1930,"Wabash, Indiana","Wabash","Indiana","180","Wabash","1690",26926,1910,,,,,,,10989,40.8119,1090.32,"wave_coverage_differs;period_boundary_vintage_differs"
"G2701570",1906,1930,"Wabasha, Minnesota","Wabasha","Minnesota","270","Wabasha","1570",18554,1910,,,,,,,7749,41.7646,1423.52,"wave_coverage_differs;period_boundary_vintage_differs"
"G2001970",1906,1930,"Wabaunsee, Kansas","Wabaunsee","Kansas","200","Wabaunsee","1970",12721,1910,,,,,,,3720,29.243,2071.26,"wave_coverage_differs;period_boundary_vintage_differs"
"G2701590",1906,1930,"Wadena, Minnesota","Wadena","Minnesota","270","Wadena","1590",8652,1910,,,,,,,3283,37.945,1406.8,"wave_coverage_differs;period_boundary_vintage_differs"
"G4001450",1906,1930,"Wagoner, Oklahoma","Wagoner","Oklahoma","400","Wagoner","1450",22086,1910,,,,,,,3474,15.7294,1530.03,"wave_coverage_differs;period_boundary_vintage_differs"
"G5300690",1906,1930,"Wahkiakum, Washington","Wahkiakum","Washington","530","Wahkiakum","0690",3285,1910,,,,,,,638,19.4216,686.01,"wave_coverage_differs;period_boundary_vintage_differs"
"G3701830",1906,1930,"Wake, North Carolina","Wake","North Carolina","370","Wake","1830",63229,1910,,,,,,,25176,39.8172,2220.45,"wave_coverage_differs;period_boundary_vintage_differs"
"G1201290",1906,1930,"Wakulla, Florida","Wakulla","Florida","120","Wakulla","1290",4802,1910,,,,,,,1167,24.3024,1592.05,"wave_coverage_differs;period_boundary_vintage_differs"
"G2300270",1906,1930,"Waldo, Maine","Waldo","Maine","230","Waldo","0270",23383,1910,,,,,,,2879,12.3124,1957.05,"wave_coverage_differs;period_boundary_vintage_differs"
"G0101270",1906,1930,"Walker, Alabama","Walker","Alabama","010","Walker","1270",37013,1910,,,,,,,8430,22.7758,2085.46,"wave_coverage_differs;period_boundary_vintage_differs"
"G1302950",1906,1930,"Walker, Georgia","Walker","Georgia","130","Walker","2950",18692,1910,,,,,,,5788,30.9651,1156.83,"wave_coverage_differs;period_boundary_vintage_differs"
"G4804710",1906,1930,"Walker, Texas","Walker","Texas","480","Walker","4710",16061,1910,,,,,,,6803,42.3573,2075.88,"wave_coverage_differs;period_boundary_vintage_differs"
"G5300710",1906,1930,"Walla Walla, Washington","Walla Walla","Washington","530","Walla Walla","0710",31931,1910,,,,,,,7942,24.8724,3364.46,"wave_coverage_differs;period_boundary_vintage_differs"
"G2001990",1906,1930,"Wallace, Kansas","Wallace","Kansas","200","Wallace","1990",2759,1910,,,,,,,283,10.2573,2366.51,"wave_coverage_differs;period_boundary_vintage_differs"
"G4804730",1906,1930,"Waller, Texas","Waller","Texas","480","Waller","4730",12138,1910,,,,,,,4042,33.3004,1341.85,"wave_coverage_differs;period_boundary_vintage_differs"
"G4100630",1906,1930,"Wallowa, Oregon","Wallowa","Oregon","410","Wallowa","0630",8364,1910,,,,,,,765,9.1463,8162.79,"wave_coverage_differs;period_boundary_vintage_differs"
"G3800990",1906,1930,"Walsh, North Dakota","Walsh","North Dakota","380","Walsh","0990",19491,1910,,,,,,,9360,48.0222,3351.69,"wave_coverage_differs;period_boundary_vintage_differs"
"G1201310",1906,1930,"Walton, Florida","Walton","Florida","120","Walton","1310",16460,1910,,,,,,,3337,20.2734,2766.82,"wave_coverage_differs;period_boundary_vintage_differs"
"G1302970",1906,1930,"Walton, Georgia","Walton","Georgia","130","Walton","2970",25393,1910,,,,,,,8329,32.8004,854.66,"wave_coverage_differs;period_boundary_vintage_differs"
"G4601290",1906,1930,"Walworth, South Dakota","Walworth","South Dakota","460","Walworth","1290",6488,1910,,,,,,,903,13.918,1928.55,"wave_coverage_differs;period_boundary_vintage_differs"
"G5501270",1906,1930,"Walworth, Wisconsin","Walworth","Wisconsin","550","Walworth","1270",29614,1910,,,,,,,10572,35.6993,1493.27,"wave_coverage_differs;period_boundary_vintage_differs"
"G1901790",1906,1930,"Wapello, Iowa","Wapello","Iowa","190","Wapello","1790",37743,1910,,,,,,,11180,29.6214,1129.29,"wave_coverage_differs;period_boundary_vintage_differs"
"G3801010",1906,1930,"Ward, North Dakota","Ward","North Dakota","380","Ward","1010",25281,1910,,,,,,,10411,41.1811,5324.91,"wave_coverage_differs;period_boundary_vintage_differs"
"G4804750",1906,1930,"Ward, Texas","Ward","Texas","480","Ward","4750",2389,1910,,,,,,,302,12.6413,2164.82,"wave_coverage_differs;period_boundary_vintage_differs"
"G1302990",1906,1930,"Ware, Georgia","Ware","Georgia","130","Ware","2990",22957,1910,,,,,,,7197,31.3499,2351.49,"wave_coverage_differs;period_boundary_vintage_differs"
"G1303010",1906,1930,"Warren, Georgia","Warren","Georgia","130","Warren","3010",11860,1910,,,,,,,5432,45.801,742.54,"wave_coverage_differs;period_boundary_vintage_differs"
"G1701870",1906,1930,"Warren, Illinois","Warren","Illinois","170","Warren","1870",23313,1910,,,,,,,9366,40.175,1406.5,"wave_coverage_differs;period_boundary_vintage_differs"
"G1801710",1906,1930,"Warren, Indiana","Warren","Indiana","180","Warren","1710",10899,1910,,,,,,,2282,20.9377,948.94,"wave_coverage_differs;period_boundary_vintage_differs"
"G1901810",1906,1930,"Warren, Iowa","Warren","Iowa","190","Warren","1810",18194,1910,,,,,,,8123,44.6466,1484.97,"wave_coverage_differs;period_boundary_vintage_differs"
"G2102270",1906,1930,"Warren, Kentucky","Warren","Kentucky","210","Warren","2270",30579,1910,,,,,,,12005,39.259,1419.04,"wave_coverage_differs;period_boundary_vintage_differs"
"G2801490",1906,1930,"Warren, Mississippi","Warren","Mississippi","280","Warren","1490",37488,1910,,,,,,,18047,48.1407,1602.04,"wave_coverage_differs;period_boundary_vintage_differs"
"G2902190",1906,1930,"Warren, Missouri","Warren","Missouri","290","Warren","2190",9123,1910,,,,,,,3451,37.8275,1133.86,"wave_coverage_differs;period_boundary_vintage_differs"
"G3400410",1906,1930,"Warren, New Jersey","Warren","New Jersey","340","Warren","0410",43187,1910,,,,,,,15856,36.7148,939.8,"wave_coverage_differs;period_boundary_vintage_differs"
"G3601130",1906,1930,"Warren, New York","Warren","New York","360","Warren","1130",32223,1910,,,,,,,12907,40.0552,2412.84,"wave_coverage_differs;period_boundary_vintage_differs"
"G3701850",1906,1930,"Warren, North Carolina","Warren","North Carolina","370","Warren","1850",20266,1910,,,,,,,9961,49.1513,1149.34,"wave_coverage_differs;period_boundary_vintage_differs"
"G3901650",1906,1930,"Warren, Ohio","Warren","Ohio","390","Warren","1650",24497,1910,,,,,,,7857,32.0733,1054.88,"wave_coverage_differs;period_boundary_vintage_differs"
"G4201230",1906,1930,"Warren, Pennsylvania","Warren","Pennsylvania","420","Warren","1230",39573,1910,,,,,,,11333,28.6382,2325.31,"wave_coverage_differs;period_boundary_vintage_differs"
"G4701770",1906,1930,"Warren, Tennessee","Warren","Tennessee","470","Warren","1770",16534,1910,,,,,,,5712,34.547,1124.15,"wave_coverage_differs;period_boundary_vintage_differs"
"G5101870",1906,1930,"Warren, Virginia","Warren","Virginia","510","Warren","1870",8589,1910,,,,,,,2350,27.3606,560.3,"wave_coverage_differs;period_boundary_vintage_differs"
"G1801730",1906,1930,"Warrick, Indiana","Warrick","Indiana","180","Warrick","1730",21911,1910,,,,,,,7328,33.4444,1011.94,"wave_coverage_differs;period_boundary_vintage_differs"
"G5101890",1906,1930,"Warwick, Virginia","Warwick","Virginia","510","Warwick","1890",6041,1910,,,,,,,1188,19.6656,170.12,"wave_coverage_differs;period_boundary_vintage_differs"
"G4900510",1906,1930,"Wasatch, Utah","Wasatch","Utah","490","Wasatch","0510",8920,1910,,,,,,,3123,35.0112,3123.43,"wave_coverage_differs;period_boundary_vintage_differs"
"G4100650",1906,1930,"Wasco, Oregon","Wasco","Oregon","410","Wasco","0650",16336,1910,,,,,,,3569,21.8475,6204.01,"wave_coverage_differs;period_boundary_vintage_differs"
"G2701610",1906,1930,"Waseca, Minnesota","Waseca","Minnesota","270","Waseca","1610",13466,1910,,,,,,,6319,46.9256,1121.4,"wave_coverage_differs;period_boundary_vintage_differs"
"G4601310",1906,1930,"Washabaugh, South Dakota","Washabaugh","South Dakota","460","Washabaugh","1310",0,1910,,,,,,,817,,2760.11,"wave_coverage_differs;period_boundary_vintage_differs"
"G5501290",1906,1930,"Washburn, Wisconsin","Washburn","Wisconsin","550","Washburn","1290",8196,1910,,,,,,,1725,21.0469,2210.08,"wave_coverage_differs;period_boundary_vintage_differs"
"G0101290",1906,1930,"Washington, Alabama","Washington","Alabama","010","Washington","1290",14454,1910,,,,,,,6279,43.4413,2819.37,"wave_coverage_differs;period_boundary_vintage_differs"
"G0501430",1906,1930,"Washington, Arkansas","Washington","Arkansas","050","Washington","1430",33889,1910,,,,,,,10020,29.5671,2476.08,"wave_coverage_differs;period_boundary_vintage_differs"
"G0801210",1906,1930,"Washington, Colorado","Washington","Colorado","080","Washington","1210",6002,1910,,,,,,,188,3.1323,6537.02,"wave_coverage_differs;period_boundary_vintage_differs"
"G1201330",1906,1930,"Washington, Florida","Washington","Florida","120","Washington","1330",16403,1910,,,,,,,3322,20.2524,1595.41,"wave_coverage_differs;period_boundary_vintage_differs"
"G1303030",1906,1930,"Washington, Georgia","Washington","Georgia","130","Washington","3030",28174,1910,,,,,,,16047,56.9568,1772.48,"wave_coverage_differs;period_boundary_vintage_differs"
"G1600870",1906,1930,"Washington, Idaho","Washington","Idaho","160","Washington","0870",11101,1910,,,,,,,1240,11.1702,3816.3,"wave_coverage_differs;period_boundary_vintage_differs"
"G1701890",1906,1930,"Washington, Illinois","Washington","Illinois","170","Washington","1890",18759,1910,,,,,,,10395,55.4134,1460.51,"wave_coverage_differs;period_boundary_vintage_differs"
"G1801750",1906,1930,"Washington, Indiana","Washington","Indiana","180","Washington","1750",17445,1910,,,,,,,8459,48.4895,1337.96,"wave_coverage_differs;period_boundary_vintage_differs"
"G1901830",1906,1930,"Washington, Iowa","Washington","Iowa","190","Washington","1830",19925,1910,,,,,,,7446,37.3701,1478.58,"wave_coverage_differs;period_boundary_vintage_differs"
"G2002010",1906,1930,"Washington, Kansas","Washington","Kansas","200","Washington","2010",20229,1910,,,,,,,6669,32.9675,2327.55,"wave_coverage_differs;period_boundary_vintage_differs"
"G2102290",1906,1930,"Washington, Kentucky","Washington","Kentucky","210","Washington","2290",13940,1910,,,,,,,5048,36.2123,780.06,"wave_coverage_differs;period_boundary_vintage_differs"
"G2201170",1906,1930,"Washington, Louisiana","Washington","Louisiana","220","Washington","1170",18886,1910,,,,,,,3546,18.7758,1750.55,"wave_coverage_differs;period_boundary_vintage_differs"
"G2300290",1906,1930,"Washington, Maine","Washington","Maine","230","Washington","0290",42905,1910,,,,,,,8577,19.9907,7140.91,"wave_coverage_differs;period_boundary_vintage_differs"
"G2400430",1906,1930,"Washington, Maryland","Washington","Maryland","240","Washington","0430",49617,1910,,,,,,,15797,31.8379,1210.47,"wave_coverage_differs;period_boundary_vintage_differs"
"G2701630",1906,1930,"Washington, Minnesota","Washington","Minnesota","270","Washington","1630",26013,1910,,,,,,,11370,43.7089,1094.87,"wave_coverage_differs;period_boundary_vintage_differs"
"G2801510",1906,1930,"Washington, Mississippi","Washington","Mississippi","280","Washington","1510",48933,1910,,,,,,,15699,32.0826,1971.57,"wave_coverage_differs;period_boundary_vintage_differs"
"G2902210",1906,1930,"Washington, Missouri","Washington","Missouri","290","Washington","2210",13378,1910,,,,,,,6363,47.5632,1974.83,"wave_coverage_differs;period_boundary_vintage_differs"
"G3101770",1906,1930,"Washington, Nebraska","Washington","Nebraska","310","Washington","1770",12738,1910,,,,,,,3358,26.3621,1018.37,"wave_coverage_differs;period_boundary_vintage_differs"
"G3601150",1906,1930,"Washington, New York","Washington","New York","360","Washington","1150",47778,1910,,,,,,,20725,43.3777,2190.81,"wave_coverage_differs;period_boundary_vintage_differs"
"G3701870",1906,1930,"Washington, North Carolina","Washington","North Carolina","370","Washington","1870",11062,1910,,,,,,,5384,48.6711,975.69,"wave_coverage_differs;period_boundary_vintage_differs"
"G3901670",1906,1930,"Washington, Ohio","Washington","Ohio","390","Washington","1670",45422,1910,,,,,,,16286,35.8549,1657.58,"wave_coverage_differs;period_boundary_vintage_differs"
"G4001470",1906,1930,"Washington, Oklahoma","Washington","Oklahoma","400","Washington","1470",17484,1910,,,,,,,1956,11.1874,1098.87,"wave_coverage_differs;period_boundary_vintage_differs"
"G4100670",1906,1930,"Washington, Oregon","Washington","Oregon","410","Washington","0670",21522,1910,,,,,,,4206,19.5428,1881.51,"wave_coverage_differs;period_boundary_vintage_differs"
"G4201250",1906,1930,"Washington, Pennsylvania","Washington","Pennsylvania","420","Washington","1250",143680,1910,,,,,,,45519,31.6808,2229.76,"wave_coverage_differs;period_boundary_vintage_differs"
"G4400090",1906,1930,"Washington, Rhode Island","Washington","Rhode Island","440","Washington","0090",24942,1910,,,,,,,10279,41.2116,880.37,"wave_coverage_differs;period_boundary_vintage_differs"
"G4601330",1906,1930,"Washington, South Dakota","Washington","South Dakota","460","Washington","1330",0,1910,,,,,,,935,,2956.16,"wave_coverage_differs;period_boundary_vintage_differs"
"G4701790",1906,1930,"Washington, Tennessee","Washington","Tennessee","470","Washington","1790",28968,1910,,,,,,,8984,31.0135,854.17,"wave_coverage_differs;period_boundary_vintage_differs"
"G4804770",1906,1930,"Washington, Texas","Washington","Texas","480","Washington","4770",25561,1910,,,,,,,10718,41.9311,1610.3,"wave_coverage_differs;period_boundary_vintage_differs"
"G4900530",1906,1930,"Washington, Utah","Washington","Utah","490","Washington","0530",5123,1910,,,,,,,3460,67.5386,6293.33,"wave_coverage_differs;period_boundary_vintage_differs"
"G5000230",1906,1930,"Washington, Vermont","Washington","Vermont","500","Washington","0230",41702,1910,,,,,,,14804,35.4995,1800.79,"wave_coverage_differs;period_boundary_vintage_differs"
"G5101910",1906,1930,"Washington, Virginia","Washington","Virginia","510","Washington","1910",32830,1910,,,,,,,8200,24.9772,1495.45,"wave_coverage_differs;period_boundary_vintage_differs"
"G5501310",1906,1930,"Washington, Wisconsin","Washington","Wisconsin","550","Washington","1310",23784,1910,,,,,,,16364,68.8026,1128.52,"wave_coverage_differs;period_boundary_vintage_differs"
"G4001490",1906,1930,"Washita, Oklahoma","Washita","Oklahoma","400","Washita","1490",25034,1910,,,,,,,5150,20.572,2612.77,"wave_coverage_differs;period_boundary_vintage_differs"
"G3200310",1906,1930,"Washoe, Nevada","Washoe","Nevada","320","Washoe","0310",17434,1910,,,,,,,1614,9.2578,16964.65,"wave_coverage_differs;period_boundary_vintage_differs"
"G2601610",1906,1930,"Washtenaw, Michigan","Washtenaw","Michigan","260","Washtenaw","1610",44714,1910,,,,,,,15227,34.0542,1871.06,"wave_coverage_differs;period_boundary_vintage_differs"
"G3701890",1906,1930,"Watauga, North Carolina","Watauga","North Carolina","370","Watauga","1890",13556,1910,,,,,,,5472,40.3659,808.96,"wave_coverage_differs;period_boundary_vintage_differs"
"G2701650",1906,1930,"Watonwan, Minnesota","Watonwan","Minnesota","270","Watonwan","1650",11382,1910,,,,,,,4644,40.8013,1138.89,"wave_coverage_differs;period_boundary_vintage_differs"
"G5501330",1906,1930,"Waukesha, Wisconsin","Waukesha","Wisconsin","550","Waukesha","1330",37100,1910,,,,,,,16769,45.1995,1503.69,"wave_coverage_differs;period_boundary_vintage_differs"
"G5501350",1906,1930,"Waupaca, Wisconsin","Waupaca","Wisconsin","550","Waupaca","1350",32782,1910,,,,,,,14437,44.0394,1981.85,"wave_coverage_differs;period_boundary_vintage_differs"
"G5501370",1906,1930,"Waushara, Wisconsin","Waushara","Wisconsin","550","Waushara","1370",18886,1910,,,,,,,5818,30.8059,1650.84,"wave_coverage_differs;period_boundary_vintage_differs"
"G1303050",1906,1930,"Wayne, Georgia","Wayne","Georgia","130","Wayne","3050",13069,1910,,,,,,,3382,25.878,1680.38,"wave_coverage_differs;period_boundary_vintage_differs"
"G1701910",1906,1930,"Wayne, Illinois","Wayne","Illinois","170","Wayne","1910",25697,1910,,,,,,,8275,32.2022,1853.11,"wave_coverage_differs;period_boundary_vintage_differs"
"G1801770",1906,1930,"Wayne, Indiana","Wayne","Indiana","180","Wayne","1770",43757,1910,,,,,,,16190,36.9998,1047.31,"wave_coverage_differs;period_boundary_vintage_differs"
"G1901850",1906,1930,"Wayne, Iowa","Wayne","Iowa","190","Wayne","1850",16184,1910,,,,,,,5720,35.3435,1365.27,"wave_coverage_differs;period_boundary_vintage_differs"
"G2102310",1906,1930,"Wayne, Kentucky","Wayne","Kentucky","210","Wayne","2310",17518,1910,,,,,,,5478,31.2707,1253.57,"wave_coverage_differs;period_boundary_vintage_differs"
"G2601630",1906,1930,"Wayne, Michigan","Wayne","Michigan","260","Wayne","1630",531591,1910,,,,,,,204083,38.391,1600.26,"wave_coverage_differs;period_boundary_vintage_differs"
"G2801530",1906,1930,"Wayne, Mississippi","Wayne","Mississippi","280","Wayne","1530",14709,1910,,,,,,,4835,32.871,2107.01,"wave_coverage_differs;period_boundary_vintage_differs"
"G2902230",1906,1930,"Wayne, Missouri","Wayne","Missouri","290","Wayne","2230",15181,1910,,,,,,,4523,29.7938,2004.82,"wave_coverage_differs;period_boundary_vintage_differs"
"G3101790",1906,1930,"Wayne, Nebraska","Wayne","Nebraska","310","Wayne","1790",10397,1910,,,,,,,2832,27.2386,1148.23,"wave_coverage_differs;period_boundary_vintage_differs"
"G3601170",1906,1930,"Wayne, New York","Wayne","New York","360","Wayne","1170",50179,1910,,,,,,,14409,28.7152,1571.59,"wave_coverage_differs;period_boundary_vintage_differs"
"G3701910",1906,1930,"Wayne, North Carolina","Wayne","North Carolina","370","Wayne","1910",35698,1910,,,,,,,10965,30.716,1442.25,"wave_coverage_differs;period_boundary_vintage_differs"
"G3901690",1906,1930,"Wayne, Ohio","Wayne","Ohio","390","Wayne","1690",38058,1910,,,,,,,17100,44.9314,1442.29,"wave_coverage_differs;period_boundary_vintage_differs"
"G4201270",1906,1930,"Wayne, Pennsylvania","Wayne","Pennsylvania","420","Wayne","1270",29236,1910,,,,,,,11512,39.3761,1943.9,"wave_coverage_differs;period_boundary_vintage_differs"
"G4701810",1906,1930,"Wayne, Tennessee","Wayne","Tennessee","470","Wayne","1810",12062,1910,,,,,,,3045,25.2446,1905.34,"wave_coverage_differs;period_boundary_vintage_differs"
"G4900550",1906,1930,"Wayne, Utah","Wayne","Utah","490","Wayne","0550",1749,1910,,,,,,,1246,71.2407,6388.07,"wave_coverage_differs;period_boundary_vintage_differs"
"G5400990",1906,1930,"Wayne, West Virginia","Wayne","West Virginia","540","Wayne","0990",24081,1910,,,,,,,4278,17.765,1325.92,"wave_coverage_differs;period_boundary_vintage_differs"
"G4701830",1906,1930,"Weakley, Tennessee","Weakley","Tennessee","470","Weakley","1830",31929,1910,,,,,,,11499,36.0143,1506.65,"wave_coverage_differs;period_boundary_vintage_differs"
"G4804790",1906,1930,"Webb, Texas","Webb","Texas","480","Webb","4790",22503,1910,,,,,,,31252,138.8793,8742.83,"wave_coverage_differs;period_boundary_vintage_differs"
"G4900570",1906,1930,"Weber, Utah","Weber","Utah","490","Weber","0570",35179,1910,,,,,,,17998,51.1612,1707.83,"wave_coverage_differs;period_boundary_vintage_differs"
"G1303070",1906,1930,"Webster, Georgia","Webster","Georgia","130","Webster","3070",6151,1910,,,,,,,3120,50.7235,544.58,"wave_coverage_differs;period_boundary_vintage_differs"
"G1901870",1906,1930,"Webster, Iowa","Webster","Iowa","190","Webster","1870",34629,1910,,,,,,,11283,32.5825,1860.72,"wave_coverage_differs;period_boundary_vintage_differs"
"G2102330",1906,1930,"Webster, Kentucky","Webster","Kentucky","210","Webster","2330",20974,1910,,,,,,,6684,31.868,869.16,"wave_coverage_differs;period_boundary_vintage_differs"
"G2201190",1906,1930,"Webster, Louisiana","Webster","Louisiana","220","Webster","1190",19186,1910,,,,,,,5438,28.3436,1592.67,"wave_coverage_differs;period_boundary_vintage_differs"
"G2801550",1906,1930,"Webster, Mississippi","Webster","Mississippi","280","Webster","1550",14853,1910,,,,,,,5677,38.2212,1096.18,"wave_coverage_differs;period_boundary_vintage_differs"
"G2902250",1906,1930,"Webster, Missouri","Webster","Missouri","290","Webster","2250",17377,1910,,,,,,,5179,29.8038,1537.83,"wave_coverage_differs;period_boundary_vintage_differs"
"G3101810",1906,1930,"Webster, Nebraska","Webster","Nebraska","310","Webster","1810",12008,1910,,,,,,,2874,23.934,1489.36,"wave_coverage_differs;period_boundary_vintage_differs"
"G5401010",1906,1930,"Webster, West Virginia","Webster","West Virginia","540","Webster","1010",9680,1910,,,,,,,1650,17.0455,1440.63,"wave_coverage_differs;period_boundary_vintage_differs"
"G0801230",1906,1930,"Weld, Colorado","Weld","Colorado","080","Weld","1230",39177,1910,,,,,,,5890,15.0343,10416.14,"wave_coverage_differs;period_boundary_vintage_differs"
"G1801790",1906,1930,"Wells, Indiana","Wells","Indiana","180","Wells","1790",22418,1910,,,,,,,7978,35.5875,958.94,"wave_coverage_differs;period_boundary_vintage_differs"
"G3801030",1906,1930,"Wells, North Dakota","Wells","North Dakota","380","Wells","1030",11814,1910,,,,,,,3351,28.3647,3342.06,"wave_coverage_differs;period_boundary_vintage_differs"
"G2201210",1906,1930,"West Baton Rouge, Louisiana","West Baton Rouge","Louisiana","220","West Baton Rouge","1210",12636,1910,,,,,,,1913,15.1393,527.9,"wave_coverage_differs;period_boundary_vintage_differs"
"G2201230",1906,1930,"West Carroll, Louisiana","West Carroll","Louisiana","220","West Carroll","1230",6249,1910,,,,,,,1470,23.5238,933.87,"wave_coverage_differs;period_boundary_vintage_differs"
"G2201250",1906,1930,"West Feliciana, Louisiana","West Feliciana","Louisiana","220","West Feliciana","1250",13449,1910,,,,,,,1632,12.1347,3009.74,"wave_coverage_differs;period_boundary_vintage_differs"
"G3601190",1906,1930,"Westchester, New York","Westchester","New York","360","Westchester","1190",283055,1910,,,,,,,131017,46.2868,1164.52,"wave_coverage_differs;period_boundary_vintage_differs"
"G4201290",1906,1930,"Westmoreland, Pennsylvania","Westmoreland","Pennsylvania","420","Westmoreland","1290",231304,1910,,,,,,,74737,32.3112,2683.5,"wave_coverage_differs;period_boundary_vintage_differs"
"G5101930",1906,1930,"Westmoreland, Virginia","Westmoreland","Virginia","510","Westmoreland","1930",9313,1910,,,,,,,5973,64.1362,608.26,"wave_coverage_differs;period_boundary_vintage_differs"
"G5600450",1906,1930,"Weston, Wyoming","Weston","Wyoming","560","Weston","0450",4960,1910,,,,,,,627,12.6411,6216.05,"wave_coverage_differs;period_boundary_vintage_differs"
"G5401030",1906,1930,"Wetzel, West Virginia","Wetzel","West Virginia","540","Wetzel","1030",23855,1910,,,,,,,4828,20.2389,935.84,"wave_coverage_differs;period_boundary_vintage_differs"
"G2601650",1906,1930,"Wexford, Michigan","Wexford","Michigan","260","Wexford","1650",20769,1910,,,,,,,4917,23.6747,1490.47,"wave_coverage_differs;period_boundary_vintage_differs"
"G4804810",1906,1930,"Wharton, Texas","Wharton","Texas","480","Wharton","4810",21123,1910,,,,,,,4455,21.0908,2834.42,"wave_coverage_differs;period_boundary_vintage_differs"
"G5300730",1906,1930,"Whatcom, Washington","Whatcom","Washington","530","Whatcom","0730",49511,1910,,,,,,,9232,18.6464,5603.02,"wave_coverage_differs;period_boundary_vintage_differs"
"G3101830",1906,1930,"Wheeler, Nebraska","Wheeler","Nebraska","310","Wheeler","1830",2292,1910,,,,,,,130,5.6719,1490.78,"wave_coverage_differs;period_boundary_vintage_differs"
"G4100690",1906,1930,"Wheeler, Oregon","Wheeler","Oregon","410","Wheeler","0690",2484,1910,,,,,,,246,9.9034,4442.9,"wave_coverage_differs;period_boundary_vintage_differs"
"G4804830",1906,1930,"Wheeler, Texas","Wheeler","Texas","480","Wheeler","4830",5258,1910,,,,,,,503,9.5664,2371.27,"wave_coverage_differs;period_boundary_vintage_differs"
"G0501450",1906,1930,"White, Arkansas","White","Arkansas","050","White","1450",28574,1910,,,,,,,7765,27.1751,2699.24,"wave_coverage_differs;period_boundary_vintage_differs"
"G1303110",1906,1930,"White, Georgia","White","Georgia","130","White","3110",5110,1910,,,,,,,1989,38.9237,627.43,"wave_coverage_differs;period_boundary_vintage_differs"
"G1701930",1906,1930,"White, Illinois","White","Illinois","170","White","1930",23052,1910,,,,,,,8687,37.6844,1299.81,"wave_coverage_differs;period_boundary_vintage_differs"
"G1801810",1906,1930,"White, Indiana","White","Indiana","180","White","1810",17602,1910,,,,,,,5658,32.1441,1317.47,"wave_coverage_differs;period_boundary_vintage_differs"
"G4701850",1906,1930,"White, Tennessee","White","Tennessee","470","White","1850",15420,1910,,,,,,,3491,22.6394,980.61,"wave_coverage_differs;period_boundary_vintage_differs"
"G3200330",1906,1930,"White Pine, Nevada","White Pine","Nevada","320","White Pine","0330",7441,1910,,,,,,,1551,20.844,23042.44,"wave_coverage_differs;period_boundary_vintage_differs"
"G1701950",1906,1930,"Whiteside, Illinois","Whiteside","Illinois","170","Whiteside","1950",34507,1910,,,,,,,12138,35.1755,1803.94,"wave_coverage_differs;period_boundary_vintage_differs"
"G1303130",1906,1930,"Whitfield, Georgia","Whitfield","Georgia","130","Whitfield","3130",15934,1910,,,,,,,5391,33.8333,753.84,"wave_coverage_differs;period_boundary_vintage_differs"
"G1801830",1906,1930,"Whitley, Indiana","Whitley","Indiana","180","Whitley","1830",16892,1910,,,,,,,4830,28.5934,875.19,"wave_coverage_differs;period_boundary_vintage_differs"
"G2102350",1906,1930,"Whitley, Kentucky","Whitley","Kentucky","210","Whitley","2350",31982,1910,,,,,,,8691,27.1747,1152.84,"wave_coverage_differs;period_boundary_vintage_differs"
"G5300750",1906,1930,"Whitman, Washington","Whitman","Washington","530","Whitman","0750",33280,1910,,,,,,,8007,24.0595,5639.95,"wave_coverage_differs;period_boundary_vintage_differs"
"G2002030",1906,1930,"Wichita, Kansas","Wichita","Kansas","200","Wichita","2030",2006,1910,,,,,,,677,33.7488,1861.13,"wave_coverage_differs;period_boundary_vintage_differs"
"G4804850",1906,1930,"Wichita, Texas","Wichita","Texas","480","Wichita","4850",16094,1910,,,,,,,2251,13.9866,1639.75,"wave_coverage_differs;period_boundary_vintage_differs"
"G2400450",1906,1930,"Wicomico, Maryland","Wicomico","Maryland","240","Wicomico","0450",26815,1910,,,,,,,8036,29.9683,993.57,"wave_coverage_differs;period_boundary_vintage_differs"
"G4804870",1906,1930,"Wilbarger, Texas","Wilbarger","Texas","480","Wilbarger","4870",12000,1910,,,,,,,2094,17.45,2532.73,"wave_coverage_differs;period_boundary_vintage_differs"
"G0101310",1906,1930,"Wilcox, Alabama","Wilcox","Alabama","010","Wilcox","1310",33810,1910,,,,,,,20971,62.026,2350.19,"wave_coverage_differs;period_boundary_vintage_differs"
"G1303150",1906,1930,"Wilcox, Georgia","Wilcox","Georgia","130","Wilcox","3150",13486,1910,,,,,,,4745,35.1846,992.76,"wave_coverage_differs;period_boundary_vintage_differs"
"G1303170",1906,1930,"Wilkes, Georgia","Wilkes","Georgia","130","Wilkes","3170",23441,1910,,,,,,,8928,38.0871,1227.97,"wave_coverage_differs;period_boundary_vintage_differs"
"G3701930",1906,1930,"Wilkes, North Carolina","Wilkes","North Carolina","370","Wilkes","1930",30282,1910,,,,,,,8834,29.1724,1963.38,"wave_coverage_differs;period_boundary_vintage_differs"
"G2701670",1906,1930,"Wilkin, Minnesota","Wilkin","Minnesota","270","Wilkin","1670",9063,1910,,,,,,,1796,19.8168,1945.51,"wave_coverage_differs;period_boundary_vintage_differs"
"G1303190",1906,1930,"Wilkinson, Georgia","Wilkinson","Georgia","130","Wilkinson","3190",10078,1910,,,,,,,5200,51.5975,1172.58,"wave_coverage_differs;period_boundary_vintage_differs"
"G2801570",1906,1930,"Wilkinson, Mississippi","Wilkinson","Mississippi","280","Wilkinson","1570",18075,1910,,,,,,,7743,42.8382,1781.13,"wave_coverage_differs;period_boundary_vintage_differs"
"G1701970",1906,1930,"Will, Illinois","Will","Illinois","170","Will","1970",84371,1910,,,,,,,38297,45.3912,2199.51,"wave_coverage_differs;period_boundary_vintage_differs"
"G3801050",1906,1930,"Williams, North Dakota","Williams","North Dakota","380","Williams","1050",14234,1910,,,,,,,2546,17.8868,5562.97,"wave_coverage_differs;period_boundary_vintage_differs"
"G3901710",1906,1930,"Williams, Ohio","Williams","Ohio","390","Williams","1710",25198,1910,,,,,,,8289,32.8955,1095.8,"wave_coverage_differs;period_boundary_vintage_differs"
"G4500890",1906,1930,"Williamsburg, South Carolina","Williamsburg","South Carolina","450","Williamsburg","0890",37626,1910,,,,,,,14215,37.7797,2426.93,"wave_coverage_differs;period_boundary_vintage_differs"
"G5108300",1906,1930,"Williamsburg City, Virginia","Williamsburg City","Virginia","510","Williamsburg City","8300",,1910,,,,,,,1684,,2.8,"wave_coverage_differs;period_boundary_vintage_differs"
"G1701990",1906,1930,"Williamson, Illinois","Williamson","Illinois","170","Williamson","1990",45098,1910,,,,,,,10880,24.1252,1150.89,"wave_coverage_differs;period_boundary_vintage_differs"
"G4701870",1906,1930,"Williamson, Tennessee","Williamson","Tennessee","470","Williamson","1870",24213,1910,,,,,,,7376,30.463,1511.96,"wave_coverage_differs;period_boundary_vintage_differs"
"G4804910",1906,1930,"Williamson, Texas","Williamson","Texas","480","Williamson","4910",42228,1910,,,,,,,14333,33.9419,2938.94,"wave_coverage_differs;period_boundary_vintage_differs"
"G2002050",1906,1930,"Wilson, Kansas","Wilson","Kansas","200","Wilson","2050",19810,1910,,,,,,,3849,19.4296,1489.43,"wave_coverage_differs;period_boundary_vintage_differs"
"G3701950",1906,1930,"Wilson, North Carolina","Wilson","North Carolina","370","Wilson","1950",28269,1910,,,,,,,5668,20.0502,969.38,"wave_coverage_differs;period_boundary_vintage_differs"
"G4701890",1906,1930,"Wilson, Tennessee","Wilson","Tennessee","470","Wilson","1890",25394,1910,,,,,,,11003,43.3291,1510.51,"wave_coverage_differs;period_boundary_vintage_differs"
"G4804930",1906,1930,"Wilson, Texas","Wilson","Texas","480","Wilson","4930",17066,1910,,,,,,,3101,18.1706,2093.77,"wave_coverage_differs;period_boundary_vintage_differs"
"G5108400",1906,1930,"Winchester City, Virginia","Winchester City","Virginia","510","Winchester City","8400",5864,1910,,,,,,,3007,51.279,9.27,"wave_coverage_differs;period_boundary_vintage_differs"
"G0900150",1906,1930,"Windham, Connecticut","Windham","Connecticut","090","Windham","0150",48361,1910,,,,,,,24615,50.8985,1350.51,"wave_coverage_differs;period_boundary_vintage_differs"
"G5000250",1906,1930,"Windham, Vermont","Windham","Vermont","500","Windham","0250",26932,1910,,,,,,,9756,36.2246,2066.99,"wave_coverage_differs;period_boundary_vintage_differs"
"G5000270",1906,1930,"Windsor, Vermont","Windsor","Vermont","500","Windsor","0270",33681,1910,,,,,,,9488,28.1702,2529.85,"wave_coverage_differs;period_boundary_vintage_differs"
"G4804950",1906,1930,"Winkler, Texas","Winkler","Texas","480","Winkler","4950",442,1910,,,,,,,0,0,2178.88,"wave_coverage_differs;period_boundary_vintage_differs"
"G2201270",1906,1930,"Winn, Louisiana","Winn","Louisiana","220","Winn","1270",18357,1910,,,,,,,4654,25.3527,2478.16,"wave_coverage_differs;period_boundary_vintage_differs"
"G1702010",1906,1930,"Winnebago, Illinois","Winnebago","Illinois","170","Winnebago","2010",63153,1910,,,,,,,20863,33.0356,1344.85,"wave_coverage_differs;period_boundary_vintage_differs"
"G1901890",1906,1930,"Winnebago, Iowa","Winnebago","Iowa","190","Winnebago","1890",11914,1910,,,,,,,5054,42.4207,1040.44,"wave_coverage_differs;period_boundary_vintage_differs"
"G5501390",1906,1930,"Winnebago, Wisconsin","Winnebago","Wisconsin","550","Winnebago","1390",62116,1910,,,,,,,26028,41.9022,1498.51,"wave_coverage_differs;period_boundary_vintage_differs"
"G1901910",1906,1930,"Winneshiek, Iowa","Winneshiek","Iowa","190","Winneshiek","1910",21729,1910,,,,,,,14440,66.455,1787.45,"wave_coverage_differs;period_boundary_vintage_differs"
"G2701690",1906,1930,"Winona, Minnesota","Winona","Minnesota","270","Winona","1690",33398,1910,,,,,,,17511,52.4313,1661.67,"wave_coverage_differs;period_boundary_vintage_differs"
"G0101330",1906,1930,"Winston, Alabama","Winston","Alabama","010","Winston","1330",12855,1910,,,,,,,2608,20.2878,1636.52,"wave_coverage_differs;period_boundary_vintage_differs"
"G2801590",1906,1930,"Winston, Mississippi","Winston","Mississippi","280","Winston","1590",17139,1910,,,,,,,6205,36.204,1580.11,"wave_coverage_differs;period_boundary_vintage_differs"
"G5401050",1906,1930,"Wirt, West Virginia","Wirt","West Virginia","540","Wirt","1050",9047,1910,,,,,,,2870,31.7232,608.04,"wave_coverage_differs;period_boundary_vintage_differs"
"G4804970",1906,1930,"Wise, Texas","Wise","Texas","480","Wise","4970",26450,1910,,,,,,,7877,29.7807,2389.84,"wave_coverage_differs;period_boundary_vintage_differs"
"G5101950",1906,1930,"Wise, Virginia","Wise","Virginia","510","Wise","1950",34162,1910,,,,,,,5473,16.0207,1068.98,"wave_coverage_differs;period_boundary_vintage_differs"
"G2102370",1906,1930,"Wolfe, Kentucky","Wolfe","Kentucky","210","Wolfe","2370",9864,1910,,,,,,,1982,20.0933,577.3,"wave_coverage_differs;period_boundary_vintage_differs"
"G3901730",1906,1930,"Wood, Ohio","Wood","Ohio","390","Wood","1730",46330,1910,,,,,,,15255,32.9268,1607.23,"wave_coverage_differs;period_boundary_vintage_differs"
"G4804990",1906,1930,"Wood, Texas","Wood","Texas","480","Wood","4990",23417,1910,,,,,,,6882,29.3889,1801.9,"wave_coverage_differs;period_boundary_vintage_differs"
"G5401070",1906,1930,"Wood, West Virginia","Wood","West Virginia","540","Wood","1070",38001,1910,,,,,,,11470,30.1834,975.81,"wave_coverage_differs;period_boundary_vintage_differs"
"G5501410",1906,1930,"Wood, Wisconsin","Wood","Wisconsin","550","Wood","1410",30583,1910,,,,,,,15464,50.564,2096.48,"wave_coverage_differs;period_boundary_vintage_differs"
"G1901930",1906,1930,"Woodbury, Iowa","Woodbury","Iowa","190","Woodbury","1930",67616,1910,,,,,,,17936,26.5263,2273.42,"wave_coverage_differs;period_boundary_vintage_differs"
"G1702030",1906,1930,"Woodford, Illinois","Woodford","Illinois","170","Woodford","2030",20506,1910,,,,,,,9129,44.5187,1405.44,"wave_coverage_differs;period_boundary_vintage_differs"
"G2102390",1906,1930,"Woodford, Kentucky","Woodford","Kentucky","210","Woodford","2390",12571,1910,,,,,,,7450,59.2634,502.13,"wave_coverage_differs;period_boundary_vintage_differs"
"G0501470",1906,1930,"Woodruff, Arkansas","Woodruff","Arkansas","050","Woodruff","1470",20049,1910,,,,,,,6439,32.1163,1538.51,"wave_coverage_differs;period_boundary_vintage_differs"
"G4001510",1906,1930,"Woods, Oklahoma","Woods","Oklahoma","400","Woods","1510",17567,1910,,,,,,,3677,20.9313,3340.99,"wave_coverage_differs;period_boundary_vintage_differs"
"G2002070",1906,1930,"Woodson, Kansas","Woodson","Kansas","200","Woodson","2070",9450,1910,,,,,,,3010,31.8519,1308.62,"wave_coverage_differs;period_boundary_vintage_differs"
"G4001530",1906,1930,"Woodward, Oklahoma","Woodward","Oklahoma","400","Woodward","1530",16592,1910,,,,,,,2782,16.7671,3227.49,"wave_coverage_differs;period_boundary_vintage_differs"
"G2400470",1906,1930,"Worcester, Maryland","Worcester","Maryland","240","Worcester","0470",21841,1910,,,,,,,6476,29.6507,1233.23,"wave_coverage_differs;period_boundary_vintage_differs"
"G2500270",1906,1930,"Worcester, Massachusetts","Worcester","Massachusetts","250","Worcester","0270",399657,1910,,,,,,,192374,48.1348,4060.67,"wave_coverage_differs;period_boundary_vintage_differs"
"G1303210",1906,1930,"Worth, Georgia","Worth","Georgia","130","Worth","3210",19147,1910,,,,,,,5150,26.8972,1488.61,"wave_coverage_differs;period_boundary_vintage_differs"
"G1901950",1906,1930,"Worth, Iowa","Worth","Iowa","190","Worth","1950",9950,1910,,,,,,,4382,44.0402,1041.02,"wave_coverage_differs;period_boundary_vintage_differs"
"G2902270",1906,1930,"Worth, Missouri","Worth","Missouri","290","Worth","2270",8007,1910,,,,,,,2084,26.0272,691.05,"wave_coverage_differs;period_boundary_vintage_differs"
"G1901970",1906,1930,"Wright, Iowa","Wright","Iowa","190","Wright","1970",17951,1910,,,,,,,5826,32.455,1507.99,"wave_coverage_differs;period_boundary_vintage_differs"
"G2701710",1906,1930,"Wright, Minnesota","Wright","Minnesota","270","Wright","1710",28082,1910,,,,,,,14809,52.7348,1850.13,"wave_coverage_differs;period_boundary_vintage_differs"
"G2902290",1906,1930,"Wright, Missouri","Wright","Missouri","290","Wright","2290",18315,1910,,,,,,,4136,22.5826,1769.34,"wave_coverage_differs;period_boundary_vintage_differs"
"G3901750",1906,1930,"Wyandot, Ohio","Wyandot","Ohio","390","Wyandot","1750",20760,1910,,,,,,,6478,31.2042,1055.56,"wave_coverage_differs;period_boundary_vintage_differs"
"G2002090",1906,1930,"Wyandotte, Kansas","Wyandotte","Kansas","200","Wyandotte","2090",100068,1910,,,,,,,27322,27.3034,404.43,"wave_coverage_differs;period_boundary_vintage_differs"
"G3601210",1906,1930,"Wyoming, New York","Wyoming","New York","360","Wyoming","1210",31880,1910,,,,,,,12690,39.8055,1544.39,"wave_coverage_differs;period_boundary_vintage_differs"
"G4201310",1906,1930,"Wyoming, Pennsylvania","Wyoming","Pennsylvania","420","Wyoming","1310",15509,1910,,,,,,,4758,30.679,1048.4,"wave_coverage_differs;period_boundary_vintage_differs"
"G5401090",1906,1930,"Wyoming, West Virginia","Wyoming","West Virginia","540","Wyoming","1090",10392,1910,,,,,,,2094,20.1501,1299.7,"wave_coverage_differs;period_boundary_vintage_differs"
"G5101970",1906,1930,"Wythe, Virginia","Wythe","Virginia","510","Wythe","1970",20372,1910,,,,,,,7187,35.2788,1203.4,"wave_coverage_differs;period_boundary_vintage_differs"
"G3701970",1906,1930,"Yadkin, North Carolina","Yadkin","North Carolina","370","Yadkin","1970",15428,1910,,,,,,,5506,35.6884,874.13,"wave_coverage_differs;period_boundary_vintage_differs"
"G5300770",1906,1930,"Yakima, Washington","Yakima","Washington","530","Yakima","0770",41709,1910,,,,,,,6517,15.6249,11169.1,"wave_coverage_differs;period_boundary_vintage_differs"
"G2801610",1906,1930,"Yalobusha, Mississippi","Yalobusha","Mississippi","280","Yalobusha","1610",21519,1910,,,,,,,7588,35.2619,1282.06,"wave_coverage_differs;period_boundary_vintage_differs"
"G4100710",1906,1930,"Yamhill, Oregon","Yamhill","Oregon","410","Yamhill","0710",18285,1910,,,,,,,5142,28.1214,1860.69,"wave_coverage_differs;period_boundary_vintage_differs"
"G3701990",1906,1930,"Yancey, North Carolina","Yancey","North Carolina","370","Yancey","1990",12072,1910,,,,,,,4938,40.9046,811.18,"wave_coverage_differs;period_boundary_vintage_differs"
"G4601350",1906,1930,"Yankton, South Dakota","Yankton","South Dakota","460","Yankton","1350",13135,1910,,,,,,,4174,31.7777,1378.44,"wave_coverage_differs;period_boundary_vintage_differs"
"G3601230",1906,1930,"Yates, New York","Yates","New York","360","Yates","1230",18642,1910,,,,,,,5571,29.8841,973.25,"wave_coverage_differs;period_boundary_vintage_differs"
"G2801630",1906,1930,"Yazoo, Mississippi","Yazoo","Mississippi","280","Yazoo","1630",46672,1910,,,,,,,17813,38.1664,2418.47,"wave_coverage_differs;period_boundary_vintage_differs"
"G0501490",1906,1930,"Yell, Arkansas","Yell","Arkansas","050","Yell","1490",26323,1910,,,,,,,5385,20.4574,2457.49,"wave_coverage_differs;period_boundary_vintage_differs"
"G2701730",1906,1930,"Yellow Medicine, Minnesota","Yellow Medicine","Minnesota","270","Yellow Medicine","1730",15406,1910,,,,,,,7416,48.1371,1976.86,"wave_coverage_differs;period_boundary_vintage_differs"
"G3001110",1906,1930,"Yellowstone, Montana","Yellowstone","Montana","300","Yellowstone","1110",22944,1910,,,,,,,4392,19.1423,6860.97,"wave_coverage_differs;period_boundary_vintage_differs"
"G5600470",1906,1930,"Yellowstone National Park in Wyoming, Wyoming","Yellowstone National Park","Wyoming","560","Yellowstone National Park","0470",519,1910,,,,,,,0,0,8115.06,"wave_coverage_differs;period_boundary_vintage_differs"
"G4805010",1906,1930,"Yoakum, Texas","Yoakum","Texas","480","Yoakum","5010",602,1910,,,,,,,8,1.3289,2071.3,"wave_coverage_differs;period_boundary_vintage_differs"
"G0601130",1906,1930,"Yolo, California","Yolo","California","060","Yolo","1130",13926,1910,,,,,,,3745,26.8921,2649.73,"wave_coverage_differs;period_boundary_vintage_differs"
"G2300310",1906,1930,"York, Maine","York","Maine","230","York","0310",68526,1910,,,,,,,23672,34.5446,2629.17,"wave_coverage_differs;period_boundary_vintage_differs"
"G3101850",1906,1930,"York, Nebraska","York","Nebraska","310","York","1850",18721,1910,,,,,,,6386,34.1114,1491.42,"wave_coverage_differs;period_boundary_vintage_differs"
"G4201330",1906,1930,"York, Pennsylvania","York","Pennsylvania","420","York","1330",136405,1910,,,,,,,52745,38.6679,2358.82,"wave_coverage_differs;period_boundary_vintage_differs"
"G4500910",1906,1930,"York, South Carolina","York","South Carolina","450","York","0910",47718,1910,,,,,,,18650,39.0838,1802.07,"wave_coverage_differs;period_boundary_vintage_differs"
"G5101990",1906,1930,"York, Virginia","York","Virginia","510","York","1990",7757,1910,,,,,,,4017,51.7855,324.26,"wave_coverage_differs;period_boundary_vintage_differs"
"G4805030",1906,1930,"Young, Texas","Young","Texas","480","Young","5030",13657,1910,,,,,,,3003,21.9887,2410.91,"wave_coverage_differs;period_boundary_vintage_differs"
"G0601150",1906,1930,"Yuba, California","Yuba","California","060","Yuba","1150",10042,1910,,,,,,,3709,36.9349,1668.51,"wave_coverage_differs;period_boundary_vintage_differs"
"G0801250",1906,1930,"Yuma, Colorado","Yuma","Colorado","080","Yuma","1250",8499,1910,,,,,,,1336,15.7195,6134.89,"wave_coverage_differs;period_boundary_vintage_differs"
"G4805050",1906,1930,"Zapata, Texas","Zapata","Texas","480","Zapata","5050",3809,1910,,,,,,,0,0,2740.25,"wave_coverage_differs;period_boundary_vintage_differs"
"G4805070",1906,1930,"Zavala, Texas","Zavala","Texas","480","Zavala","5070",1889,1910,,,,,,,174,9.2112,3371.49,"wave_coverage_differs;period_boundary_vintage_differs"
