"fips","name","state","cng","adh","pop","quality_flag","original_fips","crosswalk_note"
"01001","Autauga","AL",73,24505,43671,"wave_coverage_differs","01001",""
"01003","Baldwin","AL",201,66336,140415,"wave_coverage_differs","01003",""
"01005","Barbour","AL",66,11955,29038,"wave_coverage_differs","01005",""
"01007","Bibb","AL",67,9656,20826,"wave_coverage_differs","01007",""
"01009","Blount","AL",138,25916,51024,"wave_coverage_differs","01009",""
"01011","Bullock","AL",21,2465,11714,"wave_coverage_differs","01011",""
"01013","Butler","AL",86,10701,21399,"wave_coverage_differs","01013",""
"01015","Calhoun","AL",211,72169,112249,"wave_coverage_differs","01015",""
"01017","Chambers","AL",107,19843,36583,"wave_coverage_differs","01017",""
"01019","Cherokee","AL",80,12614,23988,"wave_coverage_differs","01019",""
"01021","Chilton","AL",97,24829,39593,"wave_coverage_differs","01021",""
"01023","Choctaw","AL",70,8221,15922,"wave_coverage_differs","01023",""
"01025","Clarke","AL",86,16013,27867,"wave_coverage_differs","01025",""
"01027","Clay","AL",81,10548,14254,"wave_coverage_differs","01027",""
"01029","Cleburne","AL",58,9796,14123,"wave_coverage_differs","01029",""
"01031","Coffee","AL",99,30349,43615,"wave_coverage_differs","01031",""
"01033","Colbert","AL",127,36744,54984,"wave_coverage_differs","01033",""
"01035","Conecuh","AL",60,5927,14089,"wave_coverage_differs","01035",""
"01037","Coosa","AL",33,3393,12202,"wave_coverage_differs","01037",""
"01039","Covington","AL",119,26315,37631,"wave_coverage_differs","01039",""
"01041","Crenshaw","AL",67,7993,13665,"wave_coverage_differs","01041",""
"01043","Cullman","AL",220,55136,77483,"wave_coverage_differs","01043",""
"01045","Dale","AL",97,23887,49129,"wave_coverage_differs","01045",""
"01047","Dallas","AL",95,20219,46365,"wave_coverage_differs","01047",""
"01049","DeKalb","AL",195,38658,64452,"wave_coverage_differs","01049",""
"01051","Elmore","AL",105,30644,65874,"wave_coverage_differs","01051",""
"01053","Escambia","AL",104,20396,38440,"wave_coverage_differs","01053",""
"01055","Etowah","AL",214,70675,103459,"wave_coverage_differs","01055",""
"01057","Fayette","AL",86,10143,18495,"wave_coverage_differs","01057",""
"01059","Franklin","AL",108,20168,31223,"wave_coverage_differs","01059",""
"01061","Geneva","AL",97,16943,25764,"wave_coverage_differs","01061",""
"01063","Greene","AL",27,1891,9974,"wave_coverage_differs","01063",""
"01065","Hale","AL",44,6792,17185,"wave_coverage_differs","01065",""
"01067","Henry","AL",46,9884,16310,"wave_coverage_differs","01067",""
"01069","Houston","AL",135,60219,88787,"wave_coverage_differs","01069",""
"01071","Jackson","AL",147,25659,53926,"wave_coverage_differs","01071",""
"01073","Jefferson","AL",794,398071,662047,"wave_coverage_differs","01073",""
"01075","Lamar","AL",94,11315,15904,"wave_coverage_differs","01075",""
"01077","Lauderdale","AL",178,49818,87966,"wave_coverage_differs","01077",""
"01079","Lawrence","AL",81,18102,34803,"wave_coverage_differs","01079",""
"01081","Lee","AL",97,39807,115092,"wave_coverage_differs","01081",""
"01083","Limestone","AL",143,34804,65676,"wave_coverage_differs","01083",""
"01085","Lowndes","AL",41,3897,13473,"wave_coverage_differs","01085",""
"01087","Macon","AL",37,4648,24105,"wave_coverage_differs","01087",""
"01089","Madison","AL",343,152804,276700,"wave_coverage_differs","01089",""
"01091","Marengo","AL",65,11519,22539,"wave_coverage_differs","01091",""
"01093","Marion","AL",113,18594,31214,"wave_coverage_differs","01093",""
"01095","Marshall","AL",208,53670,82231,"wave_coverage_differs","01095",""
"01097","Mobile","AL",382,212931,399843,"wave_coverage_differs","01097",""
"01099","Monroe","AL",67,12730,24324,"wave_coverage_differs","01099",""
"01101","Montgomery","AL",208,113045,223510,"wave_coverage_differs","01101",""
"01103","Morgan","AL",195,65145,111064,"wave_coverage_differs","01103",""
"01105","Perry","AL",31,3567,11861,"wave_coverage_differs","01105",""
"01107","Pickens","AL",87,12437,20949,"wave_coverage_differs","01107",""
"01109","Pike","AL",80,14709,29605,"wave_coverage_differs","01109",""
"01111","Randolph","AL",102,11162,22380,"wave_coverage_differs","01111",""
"01113","Russell","AL",75,23302,49756,"wave_coverage_differs","01113",""
"01115","St. Clair","AL",125,32407,64742,"wave_coverage_differs","01115",""
"01117","Shelby","AL",162,65373,143293,"wave_coverage_differs","01117",""
"01119","Sumter","AL",45,4013,14798,"wave_coverage_differs","01119",""
"01121","Talladega","AL",165,40245,80321,"wave_coverage_differs","01121",""
"01123","Tallapoosa","AL",120,24075,41475,"wave_coverage_differs","01123",""
"01125","Tuscaloosa","AL",221,83805,164875,"wave_coverage_differs","01125",""
"01127","Walker","AL",222,43639,70713,"wave_coverage_differs","01127",""
"01129","Washington","AL",74,8807,18097,"wave_coverage_differs","01129",""
"01131","Wilcox","AL",45,4499,13183,"wave_coverage_differs","01131",""
"01133","Winston","AL",76,14831,24843,"wave_coverage_differs","01133",""
"02013","Aleutians East","AK",4,298,2697,"wave_coverage_differs","02013",""
"02016","Aleutians West","AK",7,907,5465,"wave_coverage_differs","02016",""
"02020","Anchorage","AK",216,96871,260283,"wave_coverage_differs","02020",""
"02050","Bethel","AK",43,7666,16006,"wave_coverage_differs","02050",""
"02060","Bristol Bay","AK",5,270,1258,"wave_coverage_differs","02060",""
"02063","Chugach","AK",22,2297,10195,"wave_coverage_differs;boundary_change_crosswalked","02261","Split 2019-01-02 into Chugach Census Area (02063) and Copper River Census Area (02066). Mapped to 02063 for the join; Copper River's earlier total remains folded into the mapped row."
"02068","Denali","AK",6,366,1893,"wave_coverage_differs","02068",""
"02070","Dillingham","AK",15,1702,4922,"wave_coverage_differs","02070",""
"02090","Fairbanks North Star","AK",77,28433,82840,"wave_coverage_differs","02090",""
"02100","Haines","AK",9,909,2392,"wave_coverage_differs","02100",""
"02105","Hoonah-Angoon","AK",16,861,3436,"wave_coverage_differs;boundary_change_crosswalked","02231, 02232","Reconstituted as Hoonah-Angoon Census Area 2007-06-20 when Skagway consolidated into its own municipality (02230). Mapped to 02105 for the join., Renamed Skagway-Hoonah-Angoon in 1992 after Yakutat became a separate borough (02282), then reconstituted as Hoonah-Angoon in 2007 after Skagway became its own municipality (02230). Mapped to 02105 for the join."
"02110","Juneau","AK",37,9227,30711,"wave_coverage_differs","02110",""
"02122","Kenai Peninsula","AK",79,13725,49691,"wave_coverage_differs","02122",""
"02130","Ketchikan Gateway","AK",26,4844,14070,"wave_coverage_differs","02130",""
"02150","Kodiak Island","AK",20,3563,13913,"wave_coverage_differs","02150",""
"02158","Kusilvak","AK",23,5409,7028,"wave_coverage_differs;boundary_change_crosswalked","02270","Renamed effective 2015-07-01. Direct one-to-one successor."
"02164","Lake and Peninsula","AK",6,349,1823,"wave_coverage_differs","02164",""
"02170","Matanuska-Susitna","AK",65,16453,59322,"wave_coverage_differs","02170",""
"02180","Nome","AK",32,4467,9196,"wave_coverage_differs","02180",""
"02185","North Slope","AK",14,1704,7385,"wave_coverage_differs","02185",""
"02188","Northwest Arctic","AK",16,2821,7208,"wave_coverage_differs","02188",""
"02195","Petersburg","AK",24,2568,6684,"wave_coverage_differs;boundary_change_crosswalked","02280","Split 2013-01-03 into Petersburg Borough (02195) and Wrangell City and Borough (02275). Mapped to 02195 for the join; a population share belongs with 02275."
"02198","Prince of Wales-Hyder","AK",22,1338,6146,"wave_coverage_differs;boundary_change_crosswalked","02201","Split 2008-05-19: Outer Ketchikan portion annexed by Ketchikan Gateway Borough (02130), Meyers Chuck portion into Wrangell City and Borough (02275), remainder renamed Prince of Wales-Hyder. Mapped whole to 02198 for the county join; a small population share is technically in 02130/02275."
"02220","Sitka","AK",17,3428,8835,"wave_coverage_differs","02220",""
"02240","Southeast Fairbanks","AK",14,1325,6174,"wave_coverage_differs","02240",""
"02282","Yakutat","AK",4,230,808,"wave_coverage_differs","02282",""
"02290","Yukon-Koyukuk","AK",37,3192,6551,"wave_coverage_differs","02290",""
"04001","Apache","AZ",115,34620,69423,"wave_coverage_differs","04001",""
"04003","Cochise","AZ",149,48007,117755,"wave_coverage_differs","04003",""
"04005","Coconino","AZ",141,35932,116320,"wave_coverage_differs","04005",""
"04007","Gila","AZ",74,22587,51335,"wave_coverage_differs","04007",""
"04009","Graham","AZ",54,22465,33489,"wave_coverage_differs","04009",""
"04011","Greenlee","AZ",19,7844,8547,"wave_coverage_differs","04011",""
"04012","La Paz","AZ",27,4829,19715,"wave_coverage_differs","04012",""
"04013","Maricopa","AZ",1552,1220609,3072149,"wave_coverage_differs","04013",""
"04015","Mohave","AZ",92,43405,155032,"wave_coverage_differs","04015",""
"04017","Navajo","AZ",168,38249,97470,"wave_coverage_differs","04017",""
"04019","Pima","AZ",448,378651,843746,"wave_coverage_differs","04019",""
"04021","Pinal","AZ",158,57855,179727,"wave_coverage_differs","04021",""
"04023","Santa Cruz","AZ",31,25355,38381,"wave_coverage_differs","04023",""
"04025","Yavapai","AZ",179,49809,167517,"wave_coverage_differs","04025",""
"04027","Yuma","AZ",100,57806,160026,"wave_coverage_differs","04027",""
"05001","Arkansas","AR",65,14501,20749,"wave_coverage_differs","05001",""
"05003","Ashley","AR",79,19343,24209,"wave_coverage_differs","05003",""
"05005","Baxter","AR",70,19743,38386,"wave_coverage_differs","05005",""
"05007","Benton","AR",231,82501,153406,"wave_coverage_differs","05007",""
"05009","Boone","AR",80,18578,33948,"wave_coverage_differs","05009",""
"05011","Bradley","AR",49,8796,12600,"wave_coverage_differs","05011",""
"05013","Calhoun","AR",32,3412,5744,"wave_coverage_differs","05013",""
"05015","Carroll","AR",54,11068,25357,"wave_coverage_differs","05015",""
"05017","Chicot","AR",32,6430,14117,"wave_coverage_differs","05017",""
"05019","Clark","AR",82,16110,23546,"wave_coverage_differs","05019",""
"05021","Clay","AR",71,9670,17609,"wave_coverage_differs","05021",""
"05023","Cleburne","AR",56,10614,24046,"wave_coverage_differs","05023",""
"05025","Cleveland","AR",37,5281,8571,"wave_coverage_differs","05025",""
"05027","Columbia","AR",78,16426,25603,"wave_coverage_differs","05027",""
"05029","Conway","AR",69,11580,20336,"wave_coverage_differs","05029",""
"05031","Craighead","AR",152,53113,82148,"wave_coverage_differs","05031",""
"05033","Crawford","AR",108,28185,53247,"wave_coverage_differs","05033",""
"05035","Crittenden","AR",51,21197,50866,"wave_coverage_differs","05035",""
"05037","Cross","AR",53,15822,19526,"wave_coverage_differs","05037",""
"05039","Dallas","AR",44,7856,9210,"wave_coverage_differs","05039",""
"05041","Desha","AR",46,9546,15341,"wave_coverage_differs","05041",""
"05043","Drew","AR",51,12101,18723,"wave_coverage_differs","05043",""
"05045","Faulkner","AR",121,48624,86014,"wave_coverage_differs","05045",""
"05047","Franklin","AR",51,8630,17771,"wave_coverage_differs","05047",""
"05049","Fulton","AR",47,5365,11642,"wave_coverage_differs","05049",""
"05051","Garland","AR",143,52580,88068,"wave_coverage_differs","05051",""
"05053","Grant","AR",50,12978,16464,"wave_coverage_differs","05053",""
"05055","Greene","AR",94,22947,37331,"wave_coverage_differs","05055",""
"05057","Hempstead","AR",64,11980,23587,"wave_coverage_differs","05057",""
"05059","Hot Spring","AR",90,17750,30353,"wave_coverage_differs","05059",""
"05061","Howard","AR",57,9427,14300,"wave_coverage_differs","05061",""
"05063","Independence","AR",112,22033,34233,"wave_coverage_differs","05063",""
"05065","Izard","AR",61,7349,13249,"wave_coverage_differs","05065",""
"05067","Jackson","AR",70,10434,18418,"wave_coverage_differs","05067",""
"05069","Jefferson","AR",116,40290,84278,"wave_coverage_differs","05069",""
"05071","Johnson","AR",51,10925,22781,"wave_coverage_differs","05071",""
"05073","Lafayette","AR",32,4681,8559,"wave_coverage_differs","05073",""
"05075","Lawrence","AR",74,10800,17774,"wave_coverage_differs","05075",""
"05077","Lee","AR",27,4331,12580,"wave_coverage_differs","05077",""
"05079","Lincoln","AR",38,5741,14492,"wave_coverage_differs","05079",""
"05081","Little River","AR",36,7257,13628,"wave_coverage_differs","05081",""
"05083","Logan","AR",88,16680,22486,"wave_coverage_differs","05083",""
"05085","Lonoke","AR",95,30149,52828,"wave_coverage_differs","05085",""
"05087","Madison","AR",39,4983,14243,"wave_coverage_differs","05087",""
"05089","Marion","AR",35,5820,16140,"wave_coverage_differs","05089",""
"05091","Miller","AR",76,25918,40443,"wave_coverage_differs","05091",""
"05093","Mississippi","AR",122,32928,51979,"wave_coverage_differs","05093",""
"05095","Monroe","AR",33,5740,10254,"wave_coverage_differs","05095",""
"05097","Montgomery","AR",44,4887,9245,"wave_coverage_differs","05097",""
"05099","Nevada","AR",41,6010,9955,"wave_coverage_differs","05099",""
"05101","Newton","AR",22,2067,8608,"wave_coverage_differs","05101",""
"05103","Ouachita","AR",81,18035,28790,"wave_coverage_differs","05103",""
"05105","Perry","AR",34,5171,10209,"wave_coverage_differs","05105",""
"05107","Phillips","AR",47,11465,26445,"wave_coverage_differs","05107",""
"05109","Pike","AR",57,6756,11303,"wave_coverage_differs","05109",""
"05111","Poinsett","AR",86,17476,25614,"wave_coverage_differs","05111",""
"05113","Polk","AR",65,11934,20229,"wave_coverage_differs","05113",""
"05115","Pope","AR",127,27635,54469,"wave_coverage_differs","05115",""
"05117","Prairie","AR",32,6422,9539,"wave_coverage_differs","05117",""
"05119","Pulaski","AR",400,213782,361474,"wave_coverage_differs","05119",""
"05121","Randolph","AR",56,10510,18195,"wave_coverage_differs","05121",""
"05123","St. Francis","AR",57,13221,29329,"wave_coverage_differs","05123",""
"05125","Saline","AR",117,41612,83529,"wave_coverage_differs","05125",""
"05127","Scott","AR",55,6313,10996,"wave_coverage_differs","05127",""
"05129","Searcy","AR",31,2946,8261,"wave_coverage_differs","05129",""
"05131","Sebastian","AR",181,79223,115071,"wave_coverage_differs","05131",""
"05133","Sevier","AR",53,10336,15757,"wave_coverage_differs","05133",""
"05135","Sharp","AR",73,11076,17119,"wave_coverage_differs","05135",""
"05137","Stone","AR",38,5837,11499,"wave_coverage_differs","05137",""
"05139","Union","AR",124,30774,45629,"wave_coverage_differs","05139",""
"05141","Van Buren","AR",55,8803,16192,"wave_coverage_differs","05141",""
"05143","Washington","AR",211,79058,157715,"wave_coverage_differs","05143",""
"05145","White","AR",194,41989,67165,"wave_coverage_differs","05145",""
"05147","Woodruff","AR",32,5160,8741,"wave_coverage_differs","05147",""
"05149","Yell","AR",77,10248,21139,"wave_coverage_differs","05149",""
"06001","Alameda","CA",742,504563,1443741,"wave_coverage_differs","06001",""
"06003","Alpine","CA",2,651,1208,"wave_coverage_differs","06003",""
"06005","Amador","CA",36,8557,35100,"wave_coverage_differs","06005",""
"06007","Butte","CA",152,55651,203171,"wave_coverage_differs","06007",""
"06009","Calaveras","CA",42,7494,40554,"wave_coverage_differs","06009",""
"06011","Colusa","CA",30,5496,18804,"wave_coverage_differs","06011",""
"06013","Contra Costa","CA",477,368979,948816,"wave_coverage_differs","06013",""
"06015","Del Norte","CA",28,9796,27507,"wave_coverage_differs","06015",""
"06017","El Dorado","CA",89,42172,156299,"wave_coverage_differs","06017",""
"06019","Fresno","CA",515,380156,799407,"wave_coverage_differs","06019",""
"06021","Glenn","CA",37,11724,26453,"wave_coverage_differs","06021",""
"06023","Humboldt","CA",152,46951,126518,"wave_coverage_differs","06023",""
"06025","Imperial","CA",104,89057,142361,"wave_coverage_differs","06025",""
"06027","Inyo","CA",31,10690,17945,"wave_coverage_differs","06027",""
"06029","Kern","CA",481,288811,661645,"wave_coverage_differs","06029",""
"06031","Kings","CA",90,51639,129461,"wave_coverage_differs","06031",""
"06033","Lake","CA",61,18880,58309,"wave_coverage_differs","06033",""
"06035","Lassen","CA",32,5375,33828,"wave_coverage_differs","06035",""
"06037","Los Angeles","CA",4044,5528814,9519338,"wave_coverage_differs","06037",""
"06039","Madera","CA",88,38932,123109,"wave_coverage_differs","06039",""
"06041","Marin","CA",128,80448,247289,"wave_coverage_differs","06041",""
"06043","Mariposa","CA",20,8965,17130,"wave_coverage_differs","06043",""
"06045","Mendocino","CA",89,28648,86265,"wave_coverage_differs","06045",""
"06047","Merced","CA",139,106068,210554,"wave_coverage_differs","06047",""
"06049","Modoc","CA",20,1845,9449,"wave_coverage_differs","06049",""
"06051","Mono","CA",15,2419,12853,"wave_coverage_differs","06051",""
"06053","Monterey","CA",216,180593,401762,"wave_coverage_differs","06053",""
"06055","Napa","CA",76,47021,124279,"wave_coverage_differs","06055",""
"06057","Nevada","CA",67,28479,92033,"wave_coverage_differs","06057",""
"06059","Orange","CA",1085,1274591,2846289,"wave_coverage_differs","06059",""
"06061","Placer","CA",165,92441,248399,"wave_coverage_differs","06061",""
"06063","Plumas","CA",33,6147,20824,"wave_coverage_differs","06063",""
"06065","Riverside","CA",711,664803,1545387,"wave_coverage_differs","06065",""
"06067","Sacramento","CA",583,451919,1223499,"wave_coverage_differs","06067",""
"06069","San Benito","CA",26,36824,53234,"wave_coverage_differs","06069",""
"06071","San Bernardino","CA",875,717905,1709434,"wave_coverage_differs","06071",""
"06073","San Diego","CA",1179,1230063,2813833,"wave_coverage_differs","06073",""
"06075","San Francisco","CA",408,324882,776733,"wave_coverage_differs","06075",""
"06077","San Joaquin","CA",312,215084,563598,"wave_coverage_differs","06077",""
"06079","San Luis Obispo","CA",182,107121,246681,"wave_coverage_differs","06079",""
"06081","San Mateo","CA",310,295968,707161,"wave_coverage_differs","06081",""
"06083","Santa Barbara","CA",229,222819,399347,"wave_coverage_differs","06083",""
"06085","Santa Clara","CA",687,727752,1682585,"wave_coverage_differs","06085",""
"06087","Santa Cruz","CA",150,88117,255602,"wave_coverage_differs","06087",""
"06089","Shasta","CA",127,39059,163256,"wave_coverage_differs","06089",""
"06091","Sierra","CA",10,1419,3555,"wave_coverage_differs","06091",""
"06093","Siskiyou","CA",75,14343,44301,"wave_coverage_differs","06093",""
"06095","Solano","CA",213,147716,394542,"wave_coverage_differs","06095",""
"06097","Sonoma","CA",238,147452,458614,"wave_coverage_differs","06097",""
"06099","Stanislaus","CA",278,195446,446997,"wave_coverage_differs","06099",""
"06101","Sutter","CA",70,24214,78930,"wave_coverage_differs","06101",""
"06103","Tehama","CA",57,15886,56039,"wave_coverage_differs","06103",""
"06105","Trinity","CA",19,2730,13022,"wave_coverage_differs","06105",""
"06107","Tulare","CA",326,190624,368021,"wave_coverage_differs","06107",""
"06109","Tuolumne","CA",53,14732,54501,"wave_coverage_differs","06109",""
"06111","Ventura","CA",364,335672,753197,"wave_coverage_differs","06111",""
"06113","Yolo","CA",98,53898,168660,"wave_coverage_differs","06113",""
"06115","Yuba","CA",55,15570,60219,"wave_coverage_differs","06115",""
"08001","Adams","CO",173,110429,363857,"wave_coverage_differs","08001",""
"08003","Alamosa","CO",21,9662,14966,"wave_coverage_differs","08003",""
"08005","Arapahoe","CO",202,176076,487967,"wave_coverage_differs","08005",""
"08007","Archuleta","CO",16,5971,9898,"wave_coverage_differs","08007",""
"08009","Baca","CO",21,1819,4517,"wave_coverage_differs","08009",""
"08011","Bent","CO",12,2076,5998,"wave_coverage_differs","08011",""
"08013","Boulder","CO",204,137473,291288,"wave_coverage_differs","08013",""
"08015","Chaffee","CO",26,8620,16242,"wave_coverage_differs","08015",""
"08017","Cheyenne","CO",10,1207,2231,"wave_coverage_differs","08017",""
"08019","Clear Creek","CO",9,1437,9322,"wave_coverage_differs","08019",""
"08021","Conejos","CO",24,5641,8400,"wave_coverage_differs","08021",""
"08023","Costilla","CO",10,3190,3663,"wave_coverage_differs","08023",""
"08025","Crowley","CO",10,1383,5518,"wave_coverage_differs","08025",""
"08027","Custer","CO",8,1142,3503,"wave_coverage_differs","08027",""
"08029","Delta","CO",54,10025,27834,"wave_coverage_differs","08029",""
"08031","Denver","CO",356,293989,554636,"wave_coverage_differs","08031",""
"08033","Dolores","CO",8,538,1844,"wave_coverage_differs","08033",""
"08035","Douglas","CO",79,49642,175766,"wave_coverage_differs","08035",""
"08037","Eagle","CO",30,14059,41659,"wave_coverage_differs","08037",""
"08039","Elbert","CO",13,1840,19872,"wave_coverage_differs","08039",""
"08041","El Paso","CO",294,191791,516929,"wave_coverage_differs","08041",""
"08043","Fremont","CO",47,16618,46145,"wave_coverage_differs","08043",""
"08045","Garfield","CO",49,12198,43791,"wave_coverage_differs","08045",""
"08047","Gilpin","CO",3,284,4757,"wave_coverage_differs","08047",""
"08049","Grand","CO",17,2642,12442,"wave_coverage_differs","08049",""
"08051","Gunnison","CO",15,5353,13956,"wave_coverage_differs","08051",""
"08053","Hinsdale","CO",4,261,790,"wave_coverage_differs","08053",""
"08055","Huerfano","CO",18,4263,7862,"wave_coverage_differs","08055",""
"08057","Jackson","CO",5,333,1577,"wave_coverage_differs","08057",""
"08059","Jefferson","CO",264,187287,527056,"wave_coverage_differs","08059",""
"08061","Kiowa","CO",7,666,1622,"wave_coverage_differs","08061",""
"08063","Kit Carson","CO",29,5652,8011,"wave_coverage_differs","08063",""
"08065","Lake","CO",11,5894,7812,"wave_coverage_differs","08065",""
"08067","La Plata","CO",49,15531,43941,"wave_coverage_differs","08067",""
"08069","Larimer","CO",173,98728,251494,"wave_coverage_differs","08069",""
"08071","Las Animas","CO",22,12060,15207,"wave_coverage_differs","08071",""
"08073","Lincoln","CO",21,2104,6087,"wave_coverage_differs","08073",""
"08075","Logan","CO",32,9090,20504,"wave_coverage_differs","08075",""
"08077","Mesa","CO",112,33221,116255,"wave_coverage_differs","08077",""
"08079","Mineral","CO",5,319,831,"wave_coverage_differs","08079",""
"08081","Moffat","CO",22,5203,13184,"wave_coverage_differs","08081",""
"08083","Montezuma","CO",40,7340,23830,"wave_coverage_differs","08083",""
"08085","Montrose","CO",47,9918,33432,"wave_coverage_differs","08085",""
"08087","Morgan","CO",41,15976,27171,"wave_coverage_differs","08087",""
"08089","Otero","CO",52,15714,20311,"wave_coverage_differs","08089",""
"08091","Ouray","CO",8,1295,3742,"wave_coverage_differs","08091",""
"08093","Park","CO",15,1724,14523,"wave_coverage_differs","08093",""
"08095","Phillips","CO",16,2734,4480,"wave_coverage_differs","08095",""
"08097","Pitkin","CO",11,2764,14872,"wave_coverage_differs","08097",""
"08099","Prowers","CO",38,8086,14483,"wave_coverage_differs","08099",""
"08101","Pueblo","CO",124,79927,141472,"wave_coverage_differs","08101",""
"08103","Rio Blanco","CO",19,2231,5986,"wave_coverage_differs","08103",""
"08105","Rio Grande","CO",26,7161,12413,"wave_coverage_differs","08105",""
"08107","Routt","CO",20,6013,19690,"wave_coverage_differs","08107",""
"08109","Saguache","CO",22,2915,5917,"wave_coverage_differs","08109",""
"08111","San Juan","CO",4,188,558,"wave_coverage_differs","08111",""
"08113","San Miguel","CO",9,2131,6594,"wave_coverage_differs","08113",""
"08115","Sedgwick","CO",11,1479,2747,"wave_coverage_differs","08115",""
"08117","Summit","CO",17,4074,23548,"wave_coverage_differs","08117",""
"08119","Teller","CO",21,4991,20555,"wave_coverage_differs","08119",""
"08121","Washington","CO",17,2579,4926,"wave_coverage_differs","08121",""
"08123","Weld","CO",157,66592,180936,"wave_coverage_differs","08123",""
"08125","Yuma","CO",28,5710,9841,"wave_coverage_differs","08125",""
"09001","Fairfield","CT",475,619007,882567,"wave_coverage_differs","09001",""
"09003","Hartford","CT",473,492316,857183,"wave_coverage_differs","09003",""
"09005","Litchfield","CT",145,97389,182193,"wave_coverage_differs","09005",""
"09007","Middlesex","CT",95,84241,155071,"wave_coverage_differs","09007",""
"09009","New Haven","CT",423,442847,824008,"wave_coverage_differs","09009",""
"09011","New London","CT",169,117654,259088,"wave_coverage_differs","09011",""
"09013","Tolland","CT",80,64021,136364,"wave_coverage_differs","09013",""
"09015","Windham","CT",95,53627,109091,"wave_coverage_differs","09015",""
"10001","Kent","DE",109,40681,126697,"wave_coverage_differs","10001",""
"10003","New Castle","DE",278,228405,500265,"wave_coverage_differs","10003",""
"10005","Sussex","DE",184,49036,156638,"wave_coverage_differs","10005",""
"11001","District of Columbia","DC",390,418543,572059,"wave_coverage_differs","11001",""
"12001","Alachua","FL",194,73237,217955,"wave_coverage_differs","12001",""
"12003","Baker","FL",29,6670,22259,"wave_coverage_differs","12003",""
"12005","Bay","FL",147,61468,148217,"wave_coverage_differs","12005",""
"12007","Bradford","FL",38,12028,26088,"wave_coverage_differs","12007",""
"12009","Brevard","FL",284,186516,476230,"wave_coverage_differs","12009",""
"12011","Broward","FL",583,744145,1623018,"wave_coverage_differs","12011",""
"12013","Calhoun","FL",29,4335,13017,"wave_coverage_differs","12013",""
"12015","Charlotte","FL",78,50717,141627,"wave_coverage_differs","12015",""
"12017","Citrus","FL",96,42730,118085,"wave_coverage_differs","12017",""
"12019","Clay","FL",105,57615,140814,"wave_coverage_differs","12019",""
"12021","Collier","FL",111,92607,251377,"wave_coverage_differs","12021",""
"12023","Columbia","FL",67,19092,56513,"wave_coverage_differs","12023",""
"12027","DeSoto","FL",42,10092,32209,"wave_coverage_differs","12027",""
"12029","Dixie","FL",31,6120,13827,"wave_coverage_differs","12029",""
"12031","Duval","FL",542,344215,778879,"wave_coverage_differs","12031",""
"12033","Escambia","FL",249,139690,294410,"wave_coverage_differs","12033",""
"12035","Flagler","FL",31,17626,49832,"wave_coverage_differs","12035",""
"12037","Franklin","FL",24,2994,11057,"wave_coverage_differs","12037",""
"12039","Gadsden","FL",73,13191,45087,"wave_coverage_differs","12039",""
"12041","Gilchrist","FL",25,5999,14437,"wave_coverage_differs","12041",""
"12043","Glades","FL",11,3450,10576,"wave_coverage_differs","12043",""
"12045","Gulf","FL",32,6492,13332,"wave_coverage_differs","12045",""
"12047","Hamilton","FL",29,3897,13327,"wave_coverage_differs","12047",""
"12049","Hardee","FL",50,18661,26938,"wave_coverage_differs","12049",""
"12051","Hendry","FL",40,8311,36210,"wave_coverage_differs","12051",""
"12053","Hernando","FL",87,57762,130802,"wave_coverage_differs","12053",""
"12055","Highlands","FL",96,31233,87366,"wave_coverage_differs","12055",""
"12057","Hillsborough","FL",632,417425,998948,"wave_coverage_differs","12057",""
"12059","Holmes","FL",72,10350,18564,"wave_coverage_differs","12059",""
"12061","Indian River","FL",81,57379,112947,"wave_coverage_differs","12061",""
"12063","Jackson","FL",114,19415,46755,"wave_coverage_differs","12063",""
"12065","Jefferson","FL",27,4498,12902,"wave_coverage_differs","12065",""
"12067","Lafayette","FL",20,3600,7022,"wave_coverage_differs","12067",""
"12069","Lake","FL",194,83522,210528,"wave_coverage_differs","12069",""
"12071","Lee","FL",250,168506,440888,"wave_coverage_differs","12071",""
"12073","Leon","FL",195,89959,239452,"wave_coverage_differs","12073",""
"12075","Levy","FL",50,11655,34450,"wave_coverage_differs","12075",""
"12077","Liberty","FL",18,3286,7021,"wave_coverage_differs","12077",""
"12079","Madison","FL",50,8358,18733,"wave_coverage_differs","12079",""
"12081","Manatee","FL",158,94601,264002,"wave_coverage_differs","12081",""
"12083","Marion","FL",222,89092,258916,"wave_coverage_differs","12083",""
"12085","Martin","FL",77,59692,126731,"wave_coverage_differs","12085",""
"12086","Miami-Dade","FL",861,892934,2253362,"wave_coverage_differs","12086",""
"12087","Monroe","FL",72,23422,79589,"wave_coverage_differs","12087",""
"12089","Nassau","FL",61,27977,57663,"wave_coverage_differs","12089",""
"12091","Okaloosa","FL",155,74631,170498,"wave_coverage_differs","12091",""
"12093","Okeechobee","FL",34,12650,35910,"wave_coverage_differs","12093",""
"12095","Orange","FL",504,360812,896344,"wave_coverage_differs","12095",""
"12097","Osceola","FL",94,50136,172493,"wave_coverage_differs","12097",""
"12099","Palm Beach","FL",477,632544,1131184,"wave_coverage_differs","12099",""
"12101","Pasco","FL",190,107631,344765,"wave_coverage_differs","12101",""
"12103","Pinellas","FL",436,324314,921482,"wave_coverage_differs","12103",""
"12105","Polk","FL",470,202576,483924,"wave_coverage_differs","12105",""
"12107","Putnam","FL",91,26870,70423,"wave_coverage_differs","12107",""
"12109","St. Johns","FL",74,47495,123135,"wave_coverage_differs","12109",""
"12111","St. Lucie","FL",108,74385,192695,"wave_coverage_differs","12111",""
"12113","Santa Rosa","FL",132,48891,117743,"wave_coverage_differs","12113",""
"12115","Sarasota","FL",202,152587,325957,"wave_coverage_differs","12115",""
"12117","Seminole","FL",177,134295,365196,"wave_coverage_differs","12117",""
"12119","Sumter","FL",64,15606,53345,"wave_coverage_differs","12119",""
"12121","Suwannee","FL",73,17554,34844,"wave_coverage_differs","12121",""
"12123","Taylor","FL",44,9075,19256,"wave_coverage_differs","12123",""
"12125","Union","FL",18,4158,13442,"wave_coverage_differs","12125",""
"12127","Volusia","FL",293,166028,443343,"wave_coverage_differs","12127",""
"12129","Wakulla","FL",37,5312,22863,"wave_coverage_differs","12129",""
"12131","Walton","FL",79,13451,40601,"wave_coverage_differs","12131",""
"12133","Washington","FL",49,8640,20973,"wave_coverage_differs","12133",""
"13001","Appling","GA",55,13695,17419,"wave_coverage_differs","13001",""
"13003","Atkinson","GA",27,3533,7609,"wave_coverage_differs","13003",""
"13005","Bacon","GA",29,4808,10103,"wave_coverage_differs","13005",""
"13007","Baker","GA",15,1216,4074,"wave_coverage_differs","13007",""
"13009","Baldwin","GA",45,12890,44700,"wave_coverage_differs","13009",""
"13011","Banks","GA",31,6712,14422,"wave_coverage_differs","13011",""
"13013","Barrow","GA",48,15570,46144,"wave_coverage_differs","13013",""
"13015","Bartow","GA",84,32796,76019,"wave_coverage_differs","13015",""
"13017","Ben Hill","GA",33,10303,17484,"wave_coverage_differs","13017",""
"13019","Berrien","GA",30,6796,16235,"wave_coverage_differs","13019",""
"13021","Bibb","GA",155,72797,153887,"wave_coverage_differs","13021",""
"13023","Bleckley","GA",27,7028,11666,"wave_coverage_differs","13023",""
"13025","Brantley","GA",30,8136,14629,"wave_coverage_differs","13025",""
"13027","Brooks","GA",43,7109,16450,"wave_coverage_differs","13027",""
"13029","Bryan","GA",23,9619,23417,"wave_coverage_differs","13029",""
"13031","Bulloch","GA",72,19492,55983,"wave_coverage_differs","13031",""
"13033","Burke","GA",38,8514,22243,"wave_coverage_differs","13033",""
"13035","Butts","GA",26,6832,19522,"wave_coverage_differs","13035",""
"13037","Calhoun","GA",15,2194,6320,"wave_coverage_differs","13037",""
"13039","Camden","GA",46,13443,43664,"wave_coverage_differs","13039",""
"13043","Candler","GA",25,4159,9577,"wave_coverage_differs","13043",""
"13045","Carroll","GA",123,40253,87268,"wave_coverage_differs","13045",""
"13047","Catoosa","GA",53,20426,53282,"wave_coverage_differs","13047",""
"13049","Charlton","GA",24,4825,10282,"wave_coverage_differs","13049",""
"13051","Chatham","GA",203,104597,232048,"wave_coverage_differs","13051",""
"13053","Chattahoochee","GA",4,781,14882,"wave_coverage_differs","13053",""
"13055","Chattooga","GA",74,12739,25470,"wave_coverage_differs","13055",""
"13057","Cherokee","GA",95,53061,141903,"wave_coverage_differs","13057",""
"13059","Clarke","GA",68,36401,101489,"wave_coverage_differs","13059",""
"13061","Clay","GA",15,1638,3357,"wave_coverage_differs","13061",""
"13063","Clayton","GA",108,67081,236517,"wave_coverage_differs","13063",""
"13065","Clinch","GA",16,2417,6878,"wave_coverage_differs","13065",""
"13067","Cobb","GA",322,278056,607751,"wave_coverage_differs","13067",""
"13069","Coffee","GA",67,16605,37413,"wave_coverage_differs","13069",""
"13071","Colquitt","GA",83,23047,42053,"wave_coverage_differs","13071",""
"13073","Columbia","GA",54,24658,89288,"wave_coverage_differs","13073",""
"13075","Cook","GA",31,7543,15771,"wave_coverage_differs","13075",""
"13077","Coweta","GA",95,35510,89215,"wave_coverage_differs","13077",""
"13079","Crawford","GA",11,1651,12495,"wave_coverage_differs","13079",""
"13081","Crisp","GA",47,10034,21996,"wave_coverage_differs","13081",""
"13083","Dade","GA",31,5204,15154,"wave_coverage_differs","13083",""
"13085","Dawson","GA",22,5210,15999,"wave_coverage_differs","13085",""
"13087","Decatur","GA",58,13522,28240,"wave_coverage_differs","13087",""
"13089","DeKalb","GA",326,234299,665865,"wave_coverage_differs","13089",""
"13091","Dodge","GA",69,12800,19171,"wave_coverage_differs","13091",""
"13093","Dooly","GA",33,5641,11525,"wave_coverage_differs","13093",""
"13095","Dougherty","GA",84,42359,96065,"wave_coverage_differs","13095",""
"13097","Douglas","GA",65,40046,92174,"wave_coverage_differs","13097",""
"13099","Early","GA",32,5452,12354,"wave_coverage_differs","13099",""
"13101","Echols","GA",6,737,3754,"wave_coverage_differs","13101",""
"13103","Effingham","GA",52,15367,37535,"wave_coverage_differs","13103",""
"13105","Elbert","GA",53,12256,20511,"wave_coverage_differs","13105",""
"13107","Emanuel","GA",66,8702,21837,"wave_coverage_differs","13107",""
"13109","Evans","GA",24,4532,10495,"wave_coverage_differs","13109",""
"13111","Fannin","GA",53,13749,19798,"wave_coverage_differs","13111",""
"13113","Fayette","GA",78,65455,91263,"wave_coverage_differs","13113",""
"13115","Floyd","GA",140,59264,90565,"wave_coverage_differs","13115",""
"13117","Forsyth","GA",79,40106,98407,"wave_coverage_differs","13117",""
"13119","Franklin","GA",56,13392,20285,"wave_coverage_differs","13119",""
"13121","Fulton","GA",471,479185,816006,"wave_coverage_differs","13121",""
"13123","Gilmer","GA",38,8644,23456,"wave_coverage_differs","13123",""
"13125","Glascock","GA",14,1585,2556,"wave_coverage_differs","13125",""
"13127","Glynn","GA",87,31294,67568,"wave_coverage_differs","13127",""
"13129","Gordon","GA",87,24928,44104,"wave_coverage_differs","13129",""
"13131","Grady","GA",58,12872,23659,"wave_coverage_differs","13131",""
"13133","Greene","GA",33,6349,14406,"wave_coverage_differs","13133",""
"13135","Gwinnett","GA",305,249329,588448,"wave_coverage_differs","13135",""
"13137","Habersham","GA",62,18863,35902,"wave_coverage_differs","13137",""
"13139","Hall","GA",122,65295,139277,"wave_coverage_differs","13139",""
"13141","Hancock","GA",24,1760,10076,"wave_coverage_differs","13141",""
"13143","Haralson","GA",55,13225,25690,"wave_coverage_differs","13143",""
"13145","Harris","GA",37,7582,23695,"wave_coverage_differs","13145",""
"13147","Hart","GA",47,12512,22997,"wave_coverage_differs","13147",""
"13149","Heard","GA",34,5235,11012,"wave_coverage_differs","13149",""
"13151","Henry","GA",96,48019,119341,"wave_coverage_differs","13151",""
"13153","Houston","GA",103,58407,110765,"wave_coverage_differs","13153",""
"13155","Irwin","GA",23,4300,9931,"wave_coverage_differs","13155",""
"13157","Jackson","GA",63,15069,41589,"wave_coverage_differs","13157",""
"13159","Jasper","GA",20,3606,11426,"wave_coverage_differs","13159",""
"13161","Jeff Davis","GA",35,9079,12684,"wave_coverage_differs","13161",""
"13163","Jefferson","GA",51,7552,17266,"wave_coverage_differs","13163",""
"13165","Jenkins","GA",19,4505,8575,"wave_coverage_differs","13165",""
"13167","Johnson","GA",40,4668,8560,"wave_coverage_differs","13167",""
"13169","Jones","GA",19,6114,23639,"wave_coverage_differs","13169",""
"13171","Lamar","GA",33,6332,15912,"wave_coverage_differs","13171",""
"13173","Lanier","GA",17,3278,7241,"wave_coverage_differs","13173",""
"13175","Laurens","GA",96,24093,44874,"wave_coverage_differs","13175",""
"13177","Lee","GA",17,6132,24757,"wave_coverage_differs","13177",""
"13179","Liberty","GA",39,13277,61610,"wave_coverage_differs","13179",""
"13181","Lincoln","GA",21,3699,8348,"wave_coverage_differs","13181",""
"13183","Long","GA",9,3219,10304,"wave_coverage_differs","13183",""
"13185","Lowndes","GA",114,40703,92115,"wave_coverage_differs","13185",""
"13187","Lumpkin","GA",26,5970,21016,"wave_coverage_differs","13187",""
"13189","McDuffie","GA",28,9889,21231,"wave_coverage_differs","13189",""
"13191","McIntosh","GA",21,3678,10847,"wave_coverage_differs","13191",""
"13193","Macon","GA",31,5113,14074,"wave_coverage_differs","13193",""
"13195","Madison","GA",35,9866,25730,"wave_coverage_differs","13195",""
"13197","Marion","GA",22,2151,7144,"wave_coverage_differs","13197",""
"13199","Meriwether","GA",53,10200,22534,"wave_coverage_differs","13199",""
"13201","Miller","GA",22,3303,6383,"wave_coverage_differs","13201",""
"13205","Mitchell","GA",43,10374,23932,"wave_coverage_differs","13205",""
"13207","Monroe","GA",38,7456,21757,"wave_coverage_differs","13207",""
"13209","Montgomery","GA",27,3451,8270,"wave_coverage_differs","13209",""
"13211","Morgan","GA",28,6176,15457,"wave_coverage_differs","13211",""
"13213","Murray","GA",37,11273,36506,"wave_coverage_differs","13213",""
"13215","Muscogee","GA",163,92915,186291,"wave_coverage_differs","13215",""
"13217","Newton","GA",73,25688,62001,"wave_coverage_differs","13217",""
"13219","Oconee","GA",31,9192,26225,"wave_coverage_differs","13219",""
"13221","Oglethorpe","GA",25,3640,12635,"wave_coverage_differs","13221",""
"13223","Paulding","GA",70,24006,81678,"wave_coverage_differs","13223",""
"13225","Peach","GA",25,5391,23668,"wave_coverage_differs","13225",""
"13227","Pickens","GA",39,9930,22983,"wave_coverage_differs","13227",""
"13229","Pierce","GA",36,9785,15636,"wave_coverage_differs","13229",""
"13231","Pike","GA",31,7159,13688,"wave_coverage_differs","13231",""
"13233","Polk","GA",63,21322,38127,"wave_coverage_differs","13233",""
"13235","Pulaski","GA",17,5866,9588,"wave_coverage_differs","13235",""
"13237","Putnam","GA",28,4671,18812,"wave_coverage_differs","13237",""
"13239","Quitman","GA",5,814,2598,"wave_coverage_differs","13239",""
"13241","Rabun","GA",42,7190,15050,"wave_coverage_differs","13241",""
"13243","Randolph","GA",24,3501,7791,"wave_coverage_differs","13243",""
"13245","Richmond","GA",170,91294,199775,"wave_coverage_differs","13245",""
"13247","Rockdale","GA",51,33049,70111,"wave_coverage_differs","13247",""
"13249","Schley","GA",7,1743,3766,"wave_coverage_differs","13249",""
"13251","Screven","GA",53,8075,15374,"wave_coverage_differs","13251",""
"13253","Seminole","GA",25,4351,9369,"wave_coverage_differs","13253",""
"13255","Spalding","GA",74,35070,58417,"wave_coverage_differs","13255",""
"13257","Stephens","GA",54,18082,25435,"wave_coverage_differs","13257",""
"13259","Stewart","GA",15,1628,5252,"wave_coverage_differs","13259",""
"13261","Sumter","GA",49,13672,33200,"wave_coverage_differs","13261",""
"13263","Talbot","GA",22,1801,6498,"wave_coverage_differs","13263",""
"13265","Taliaferro","GA",14,761,2077,"wave_coverage_differs","13265",""
"13267","Tattnall","GA",52,8817,22305,"wave_coverage_differs","13267",""
"13269","Taylor","GA",30,3595,8815,"wave_coverage_differs","13269",""
"13271","Telfair","GA",44,5107,11794,"wave_coverage_differs","13271",""
"13273","Terrell","GA",22,3231,10970,"wave_coverage_differs","13273",""
"13275","Thomas","GA",98,22850,42737,"wave_coverage_differs","13275",""
"13277","Tift","GA",68,21360,38407,"wave_coverage_differs","13277",""
"13279","Toombs","GA",56,13942,26067,"wave_coverage_differs","13279",""
"13281","Towns","GA",23,4853,9319,"wave_coverage_differs","13281",""
"13283","Treutlen","GA",17,2709,6854,"wave_coverage_differs","13283",""
"13285","Troup","GA",112,30803,58779,"wave_coverage_differs","13285",""
"13287","Turner","GA",26,5655,9504,"wave_coverage_differs","13287",""
"13289","Twiggs","GA",18,3266,10590,"wave_coverage_differs","13289",""
"13291","Union","GA",40,9680,17289,"wave_coverage_differs","13291",""
"13293","Upson","GA",53,16627,27597,"wave_coverage_differs","13293",""
"13295","Walker","GA",119,30296,61053,"wave_coverage_differs","13295",""
"13297","Walton","GA",58,19257,60687,"wave_coverage_differs","13297",""
"13299","Ware","GA",73,19668,35483,"wave_coverage_differs","13299",""
"13301","Warren","GA",17,2446,6336,"wave_coverage_differs","13301",""
"13303","Washington","GA",53,8643,21176,"wave_coverage_differs","13303",""
"13305","Wayne","GA",61,16790,26565,"wave_coverage_differs","13305",""
"13307","Webster","GA",9,1348,2390,"wave_coverage_differs","13307",""
"13309","Wheeler","GA",23,2937,6179,"wave_coverage_differs","13309",""
"13311","White","GA",31,7648,19944,"wave_coverage_differs","13311",""
"13313","Whitfield","GA",98,44450,83525,"wave_coverage_differs","13313",""
"13315","Wilcox","GA",33,4671,8577,"wave_coverage_differs","13315",""
"13317","Wilkes","GA",30,4692,10687,"wave_coverage_differs","13317",""
"13319","Wilkinson","GA",32,3852,10220,"wave_coverage_differs","13319",""
"13321","Worth","GA",43,9093,21967,"wave_coverage_differs","13321",""
"15001","Hawaii","HI",168,59129,148677,"wave_coverage_differs","15001",""
"15003","Honolulu","HI",565,291933,876156,"wave_coverage_differs","15003",""
"15005","Kalawao","HI",1,19,147,"wave_coverage_differs","15005",""
"15007","Kauai","HI",77,30587,58463,"wave_coverage_differs","15007",""
"15009","Maui","HI",128,57026,128094,"wave_coverage_differs","15009",""
"16001","Ada","ID",261,133823,300904,"wave_coverage_differs","16001",""
"16003","Adams","ID",8,1058,3476,"wave_coverage_differs","16003",""
"16005","Bannock","ID",132,47282,75565,"wave_coverage_differs","16005",""
"16007","Bear Lake","ID",20,5412,6411,"wave_coverage_differs","16007",""
"16009","Benewah","ID",15,3315,9171,"wave_coverage_differs","16009",""
"16011","Bingham","ID",84,29282,41735,"wave_coverage_differs","16011",""
"16013","Blaine","ID",16,4885,18991,"wave_coverage_differs","16013",""
"16015","Boise","ID",10,893,6670,"wave_coverage_differs","16015",""
"16017","Bonner","ID",43,8550,36835,"wave_coverage_differs","16017",""
"16019","Bonneville","ID",147,63004,82522,"wave_coverage_differs","16019",""
"16021","Boundary","ID",16,3535,9871,"wave_coverage_differs","16021",""
"16023","Butte","ID",8,1656,2899,"wave_coverage_differs","16023",""
"16025","Camas","ID",1,18,991,"wave_coverage_differs","16025",""
"16027","Canyon","ID",143,54480,131441,"wave_coverage_differs","16027",""
"16029","Caribou","ID",20,5802,7304,"wave_coverage_differs","16029",""
"16031","Cassia","ID",47,16530,21416,"wave_coverage_differs","16031",""
"16033","Clark","ID",3,351,1022,"wave_coverage_differs","16033",""
"16035","Clearwater","ID",23,3114,8930,"wave_coverage_differs","16035",""
"16037","Custer","ID",10,1204,4342,"wave_coverage_differs","16037",""
"16039","Elmore","ID",31,10014,29130,"wave_coverage_differs","16039",""
"16041","Franklin","ID",30,10484,11329,"wave_coverage_differs","16041",""
"16043","Fremont","ID",32,10105,11819,"wave_coverage_differs","16043",""
"16045","Gem","ID",23,5343,15181,"wave_coverage_differs","16045",""
"16047","Gooding","ID",31,6014,14155,"wave_coverage_differs","16047",""
"16049","Idaho","ID",34,5981,15511,"wave_coverage_differs","16049",""
"16051","Jefferson","ID",45,14854,19155,"wave_coverage_differs","16051",""
"16053","Jerome","ID",29,9812,18342,"wave_coverage_differs","16053",""
"16055","Kootenai","ID",76,34786,108685,"wave_coverage_differs","16055",""
"16057","Latah","ID",46,10942,34935,"wave_coverage_differs","16057",""
"16059","Lemhi","ID",17,3470,7806,"wave_coverage_differs","16059",""
"16061","Lewis","ID",19,1909,3747,"wave_coverage_differs","16061",""
"16063","Lincoln","ID",10,1687,4044,"wave_coverage_differs","16063",""
"16065","Madison","ID",80,22021,27467,"wave_coverage_differs","16065",""
"16067","Minidoka","ID",36,14129,20174,"wave_coverage_differs","16067",""
"16069","Nez Perce","ID",45,14610,37410,"wave_coverage_differs","16069",""
"16071","Oneida","ID",11,3256,4125,"wave_coverage_differs","16071",""
"16073","Owyhee","ID",26,3204,10644,"wave_coverage_differs","16073",""
"16075","Payette","ID",35,8562,20578,"wave_coverage_differs","16075",""
"16077","Power","ID",16,5081,7538,"wave_coverage_differs","16077",""
"16079","Shoshone","ID",26,4656,13771,"wave_coverage_differs","16079",""
"16081","Teton","ID",11,3092,5999,"wave_coverage_differs","16081",""
"16083","Twin Falls","ID",98,31998,64284,"wave_coverage_differs","16083",""
"16085","Valley","ID",16,2108,7651,"wave_coverage_differs","16085",""
"16087","Washington","ID",25,4950,9977,"wave_coverage_differs","16087",""
"17001","Adams","IL",95,40667,68277,"wave_coverage_differs","17001",""
"17003","Alexander","IL",25,3561,9590,"wave_coverage_differs","17003",""
"17005","Bond","IL",48,7999,17633,"wave_coverage_differs","17005",""
"17007","Boone","IL",28,17598,41786,"wave_coverage_differs","17007",""
"17009","Brown","IL",13,2615,6950,"wave_coverage_differs","17009",""
"17011","Bureau","IL",70,19019,35503,"wave_coverage_differs","17011",""
"17013","Calhoun","IL",23,3296,5084,"wave_coverage_differs","17013",""
"17015","Carroll","IL",41,9944,16674,"wave_coverage_differs","17015",""
"17017","Cass","IL",37,10858,13695,"wave_coverage_differs","17017",""
"17019","Champaign","IL",173,75149,179669,"wave_coverage_differs","17019",""
"17021","Christian","IL",66,19048,35372,"wave_coverage_differs","17021",""
"17023","Clark","IL",57,10432,17008,"wave_coverage_differs","17023",""
"17025","Clay","IL",50,9956,14560,"wave_coverage_differs","17025",""
"17027","Clinton","IL",43,26774,35535,"wave_coverage_differs","17027",""
"17029","Coles","IL",70,20554,53196,"wave_coverage_differs","17029",""
"17031","Cook","IL",2346,3098473,5376741,"wave_coverage_differs","17031",""
"17033","Crawford","IL",63,10585,20452,"wave_coverage_differs","17033",""
"17035","Cumberland","IL",36,4507,11253,"wave_coverage_differs","17035",""
"17037","DeKalb","IL",90,43217,88969,"wave_coverage_differs","17037",""
"17039","De Witt","IL",30,8342,16798,"wave_coverage_differs","17039",""
"17041","Douglas","IL",70,12813,19922,"wave_coverage_differs","17041",""
"17043","DuPage","IL",392,532409,904161,"wave_coverage_differs","17043",""
"17045","Edgar","IL",54,10642,19704,"wave_coverage_differs","17045",""
"17047","Edwards","IL",31,5158,6971,"wave_coverage_differs","17047",""
"17049","Effingham","IL",63,25173,34264,"wave_coverage_differs","17049",""
"17051","Fayette","IL",68,11366,21802,"wave_coverage_differs","17051",""
"17053","Ford","IL",38,9004,14241,"wave_coverage_differs","17053",""
"17055","Franklin","IL",119,23618,39018,"wave_coverage_differs","17055",""
"17057","Fulton","IL",85,14964,38250,"wave_coverage_differs","17057",""
"17059","Gallatin","IL",22,2838,6445,"wave_coverage_differs","17059",""
"17061","Greene","IL",42,9418,14761,"wave_coverage_differs","17061",""
"17063","Grundy","IL",29,18646,37535,"wave_coverage_differs","17063",""
"17065","Hamilton","IL",44,5027,8621,"wave_coverage_differs","17065",""
"17067","Hancock","IL",68,11622,20121,"wave_coverage_differs","17067",""
"17069","Hardin","IL",12,1369,4800,"wave_coverage_differs","17069",""
"17071","Henderson","IL",17,2834,8213,"wave_coverage_differs","17071",""
"17073","Henry","IL",82,30267,51020,"wave_coverage_differs","17073",""
"17075","Iroquois","IL",70,17783,31334,"wave_coverage_differs","17075",""
"17077","Jackson","IL",88,24038,59612,"wave_coverage_differs","17077",""
"17079","Jasper","IL",32,5739,10117,"wave_coverage_differs","17079",""
"17081","Jefferson","IL",94,21841,40045,"wave_coverage_differs","17081",""
"17083","Jersey","IL",30,11525,21668,"wave_coverage_differs","17083",""
"17085","Jo Daviess","IL",41,17487,22289,"wave_coverage_differs","17085",""
"17087","Johnson","IL",33,4323,12878,"wave_coverage_differs","17087",""
"17089","Kane","IL",236,226258,404119,"wave_coverage_differs","17089",""
"17091","Kankakee","IL",105,49364,103833,"wave_coverage_differs","17091",""
"17093","Kendall","IL",50,23837,54544,"wave_coverage_differs","17093",""
"17095","Knox","IL",74,22798,55836,"wave_coverage_differs","17095",""
"17097","Lake","IL",288,381334,644356,"wave_coverage_differs","17097",""
"17099","LaSalle","IL",136,69685,111509,"wave_coverage_differs","17099",""
"17101","Lawrence","IL",56,7617,15452,"wave_coverage_differs","17101",""
"17103","Lee","IL",56,23122,36062,"wave_coverage_differs","17103",""
"17105","Livingston","IL",75,24241,39678,"wave_coverage_differs","17105",""
"17107","Logan","IL",52,17871,31183,"wave_coverage_differs","17107",""
"17109","McDonough","IL",56,11634,32913,"wave_coverage_differs","17109",""
"17111","McHenry","IL",126,124301,260077,"wave_coverage_differs","17111",""
"17113","McLean","IL",139,66474,150433,"wave_coverage_differs","17113",""
"17115","Macon","IL",139,57146,114706,"wave_coverage_differs","17115",""
"17117","Macoupin","IL",108,25166,49019,"wave_coverage_differs","17117",""
"17119","Madison","IL",290,129959,258941,"wave_coverage_differs","17119",""
"17121","Marion","IL",99,26073,41691,"wave_coverage_differs","17121",""
"17123","Marshall","IL",32,8166,13180,"wave_coverage_differs","17123",""
"17125","Mason","IL",36,8722,16038,"wave_coverage_differs","17125",""
"17127","Massac","IL",41,10108,15161,"wave_coverage_differs","17127",""
"17129","Menard","IL",29,7154,12486,"wave_coverage_differs","17129",""
"17131","Mercer","IL",33,8575,16957,"wave_coverage_differs","17131",""
"17133","Monroe","IL",30,19696,27619,"wave_coverage_differs","17133",""
"17135","Montgomery","IL",76,16129,30652,"wave_coverage_differs","17135",""
"17137","Morgan","IL",67,18868,36616,"wave_coverage_differs","17137",""
"17139","Moultrie","IL",34,6323,14287,"wave_coverage_differs","17139",""
"17141","Ogle","IL",73,27395,51032,"wave_coverage_differs","17141",""
"17143","Peoria","IL",180,89445,183433,"wave_coverage_differs","17143",""
"17145","Perry","IL",45,13291,23094,"wave_coverage_differs","17145",""
"17147","Piatt","IL",35,8725,16365,"wave_coverage_differs","17147",""
"17149","Pike","IL",58,8789,17384,"wave_coverage_differs","17149",""
"17151","Pope","IL",18,1983,4413,"wave_coverage_differs","17151",""
"17153","Pulaski","IL",28,4165,7348,"wave_coverage_differs","17153",""
"17155","Putnam","IL",11,2766,6086,"wave_coverage_differs","17155",""
"17157","Randolph","IL",67,21465,33893,"wave_coverage_differs","17157",""
"17159","Richland","IL",45,10394,16149,"wave_coverage_differs","17159",""
"17161","Rock Island","IL",143,74429,149374,"wave_coverage_differs","17161",""
"17163","St. Clair","IL",214,112569,256082,"wave_coverage_differs","17163",""
"17165","Saline","IL",74,15744,26733,"wave_coverage_differs","17165",""
"17167","Sangamon","IL",181,107494,188951,"wave_coverage_differs","17167",""
"17169","Schuyler","IL",27,3687,7189,"wave_coverage_differs","17169",""
"17171","Scott","IL",23,3888,5537,"wave_coverage_differs","17171",""
"17173","Shelby","IL",71,12919,22893,"wave_coverage_differs","17173",""
"17175","Stark","IL",20,4061,6332,"wave_coverage_differs","17175",""
"17177","Stephenson","IL",73,28525,48979,"wave_coverage_differs","17177",""
"17179","Tazewell","IL",134,57847,128485,"wave_coverage_differs","17179",""
"17181","Union","IL",50,12460,18293,"wave_coverage_differs","17181",""
"17183","Vermilion","IL",133,33455,83919,"wave_coverage_differs","17183",""
"17185","Wabash","IL",32,7099,12937,"wave_coverage_differs","17185",""
"17187","Warren","IL",35,8766,18735,"wave_coverage_differs","17187",""
"17189","Washington","IL",42,11805,15148,"wave_coverage_differs","17189",""
"17191","Wayne","IL",63,10126,17151,"wave_coverage_differs","17191",""
"17193","White","IL",60,9134,15371,"wave_coverage_differs","17193",""
"17195","Whiteside","IL",99,40435,60653,"wave_coverage_differs","17195",""
"17197","Will","IL",250,270571,502266,"wave_coverage_differs","17197",""
"17199","Williamson","IL",106,31922,61296,"wave_coverage_differs","17199",""
"17201","Winnebago","IL",196,139181,278418,"wave_coverage_differs","17201",""
"17203","Woodford","IL",63,19971,35469,"wave_coverage_differs","17203",""
"18001","Adams","IN",83,21061,33625,"wave_coverage_differs","18001",""
"18003","Allen","IN",291,166540,331849,"wave_coverage_differs","18003",""
"18005","Bartholomew","IN",85,36596,71435,"wave_coverage_differs","18005",""
"18007","Benton","IN",25,6298,9421,"wave_coverage_differs","18007",""
"18009","Blackford","IN",27,4468,14048,"wave_coverage_differs","18009",""
"18011","Boone","IN",58,21716,46107,"wave_coverage_differs","18011",""
"18013","Brown","IN",25,4275,14957,"wave_coverage_differs","18013",""
"18015","Carroll","IN",39,7828,20165,"wave_coverage_differs","18015",""
"18017","Cass","IN",57,15734,40930,"wave_coverage_differs","18017",""
"18019","Clark","IN",117,38570,96472,"wave_coverage_differs","18019",""
"18021","Clay","IN",54,9165,26556,"wave_coverage_differs","18021",""
"18023","Clinton","IN",59,13211,33866,"wave_coverage_differs","18023",""
"18025","Crawford","IN",29,4101,10743,"wave_coverage_differs","18025",""
"18027","Daviess","IN",79,17253,29820,"wave_coverage_differs","18027",""
"18029","Dearborn","IN",62,20085,46109,"wave_coverage_differs","18029",""
"18031","Decatur","IN",55,15002,24555,"wave_coverage_differs","18031",""
"18033","DeKalb","IN",67,15306,40285,"wave_coverage_differs","18033",""
"18035","Delaware","IN",133,32418,118769,"wave_coverage_differs","18035",""
"18037","Dubois","IN",54,32263,39674,"wave_coverage_differs","18037",""
"18039","Elkhart","IN",281,70199,182791,"wave_coverage_differs","18039",""
"18041","Fayette","IN",43,11247,25588,"wave_coverage_differs","18041",""
"18043","Floyd","IN",70,44232,70823,"wave_coverage_differs","18043",""
"18045","Fountain","IN",44,7527,17954,"wave_coverage_differs","18045",""
"18047","Franklin","IN",39,11225,22151,"wave_coverage_differs","18047",""
"18049","Fulton","IN",40,7039,20511,"wave_coverage_differs","18049",""
"18051","Gibson","IN",58,14329,32500,"wave_coverage_differs","18051",""
"18053","Grant","IN",125,30334,73403,"wave_coverage_differs","18053",""
"18055","Greene","IN",88,13153,33157,"wave_coverage_differs","18055",""
"18057","Hamilton","IN",117,78410,182740,"wave_coverage_differs","18057",""
"18059","Hancock","IN",69,19562,55391,"wave_coverage_differs","18059",""
"18061","Harrison","IN",78,18027,34325,"wave_coverage_differs","18061",""
"18063","Hendricks","IN",103,45733,104093,"wave_coverage_differs","18063",""
"18065","Henry","IN",100,19936,48508,"wave_coverage_differs","18065",""
"18067","Howard","IN",104,40463,84964,"wave_coverage_differs","18067",""
"18069","Huntington","IN",69,19423,38075,"wave_coverage_differs","18069",""
"18071","Jackson","IN",80,23632,41335,"wave_coverage_differs","18071",""
"18073","Jasper","IN",48,13485,30043,"wave_coverage_differs","18073",""
"18075","Jay","IN",63,9408,21806,"wave_coverage_differs","18075",""
"18077","Jefferson","IN",67,16438,31705,"wave_coverage_differs","18077",""
"18079","Jennings","IN",55,11051,27554,"wave_coverage_differs","18079",""
"18081","Johnson","IN",95,48009,115209,"wave_coverage_differs","18081",""
"18083","Knox","IN",78,19476,39256,"wave_coverage_differs","18083",""
"18085","Kosciusko","IN",100,27958,74057,"wave_coverage_differs","18085",""
"18087","LaGrange","IN",129,14834,34909,"wave_coverage_differs","18087",""
"18089","Lake","IN",346,217068,484564,"wave_coverage_differs","18089",""
"18091","LaPorte","IN",109,49389,110106,"wave_coverage_differs","18091",""
"18093","Lawrence","IN",88,21501,45922,"wave_coverage_differs","18093",""
"18095","Madison","IN",154,49275,133358,"wave_coverage_differs","18095",""
"18097","Marion","IN",577,346702,860454,"wave_coverage_differs","18097",""
"18099","Marshall","IN",82,18421,45128,"wave_coverage_differs","18099",""
"18101","Martin","IN",34,6157,10369,"wave_coverage_differs","18101",""
"18103","Miami","IN",62,15540,36082,"wave_coverage_differs","18103",""
"18105","Monroe","IN",104,40169,120563,"wave_coverage_differs","18105",""
"18107","Montgomery","IN",71,17222,37629,"wave_coverage_differs","18107",""
"18109","Morgan","IN",87,25374,66689,"wave_coverage_differs","18109",""
"18111","Newton","IN",23,4796,14566,"wave_coverage_differs","18111",""
"18113","Noble","IN",59,13712,46275,"wave_coverage_differs","18113",""
"18115","Ohio","IN",13,2040,5623,"wave_coverage_differs","18115",""
"18117","Orange","IN",56,9080,19306,"wave_coverage_differs","18117",""
"18119","Owen","IN",45,5681,21786,"wave_coverage_differs","18119",""
"18121","Parke","IN",41,5912,17241,"wave_coverage_differs","18121",""
"18123","Perry","IN",31,10146,18899,"wave_coverage_differs","18123",""
"18125","Pike","IN",38,3583,12837,"wave_coverage_differs","18125",""
"18127","Porter","IN",109,61398,146798,"wave_coverage_differs","18127",""
"18129","Posey","IN",44,13374,27061,"wave_coverage_differs","18129",""
"18131","Pulaski","IN",35,6937,13755,"wave_coverage_differs","18131",""
"18133","Putnam","IN",60,13575,36019,"wave_coverage_differs","18133",""
"18135","Randolph","IN",78,9803,27401,"wave_coverage_differs","18135",""
"18137","Ripley","IN",63,20747,26523,"wave_coverage_differs","18137",""
"18139","Rush","IN",42,9172,18261,"wave_coverage_differs","18139",""
"18141","St. Joseph","IN",219,116150,265559,"wave_coverage_differs","18141",""
"18143","Scott","IN",45,10324,22960,"wave_coverage_differs","18143",""
"18145","Shelby","IN",65,16707,43445,"wave_coverage_differs","18145",""
"18147","Spencer","IN",49,10519,20391,"wave_coverage_differs","18147",""
"18149","Starke","IN",26,5047,23556,"wave_coverage_differs","18149",""
"18151","Steuben","IN",47,9503,33214,"wave_coverage_differs","18151",""
"18153","Sullivan","IN",59,7951,21751,"wave_coverage_differs","18153",""
"18155","Switzerland","IN",26,2561,9065,"wave_coverage_differs","18155",""
"18157","Tippecanoe","IN",114,55093,148955,"wave_coverage_differs","18157",""
"18159","Tipton","IN",29,7440,16577,"wave_coverage_differs","18159",""
"18161","Union","IN",15,2876,7349,"wave_coverage_differs","18161",""
"18163","Vanderburgh","IN",161,86941,171922,"wave_coverage_differs","18163",""
"18165","Vermillion","IN",33,5873,16788,"wave_coverage_differs","18165",""
"18167","Vigo","IN",124,36145,105848,"wave_coverage_differs","18167",""
"18169","Wabash","IN",77,17270,34960,"wave_coverage_differs","18169",""
"18171","Warren","IN",19,3676,8419,"wave_coverage_differs","18171",""
"18173","Warrick","IN",52,19535,52383,"wave_coverage_differs","18173",""
"18175","Washington","IN",78,12989,27223,"wave_coverage_differs","18175",""
"18177","Wayne","IN",117,29229,71097,"wave_coverage_differs","18177",""
"18179","Wells","IN",45,16635,27600,"wave_coverage_differs","18179",""
"18181","White","IN",45,9599,25267,"wave_coverage_differs","18181",""
"18183","Whitley","IN",54,13025,30707,"wave_coverage_differs","18183",""
"19001","Adair","IA",19,5597,8243,"wave_coverage_differs","19001",""
"19003","Adams","IA",16,1999,4482,"wave_coverage_differs","19003",""
"19005","Allamakee","IA",40,13916,14675,"wave_coverage_differs","19005",""
"19007","Appanoose","IA",31,5490,13721,"wave_coverage_differs","19007",""
"19009","Audubon","IA",23,5665,6830,"wave_coverage_differs","19009",""
"19011","Benton","IA",46,14654,25308,"wave_coverage_differs","19011",""
"19013","Black Hawk","IA",135,75812,128012,"wave_coverage_differs","19013",""
"19015","Boone","IA",44,14325,26224,"wave_coverage_differs","19015",""
"19017","Bremer","IA",45,19215,23325,"wave_coverage_differs","19017",""
"19019","Buchanan","IA",46,14847,21093,"wave_coverage_differs","19019",""
"19021","Buena Vista","IA",43,13655,20411,"wave_coverage_differs","19021",""
"19023","Butler","IA",46,11900,15305,"wave_coverage_differs","19023",""
"19025","Calhoun","IA",36,9381,11115,"wave_coverage_differs","19025",""
"19027","Carroll","IA",42,18381,21421,"wave_coverage_differs","19027",""
"19029","Cass","IA",41,10743,14684,"wave_coverage_differs","19029",""
"19031","Cedar","IA",32,9370,18187,"wave_coverage_differs","19031",""
"19033","Cerro Gordo","IA",58,31204,46447,"wave_coverage_differs","19033",""
"19035","Cherokee","IA",34,9972,13035,"wave_coverage_differs","19035",""
"19037","Chickasaw","IA",28,12005,13095,"wave_coverage_differs","19037",""
"19039","Clarke","IA",18,3736,9133,"wave_coverage_differs","19039",""
"19041","Clay","IA",37,11794,17372,"wave_coverage_differs","19041",""
"19043","Clayton","IA",45,15282,18678,"wave_coverage_differs","19043",""
"19045","Clinton","IA",68,26894,50149,"wave_coverage_differs","19045",""
"19047","Crawford","IA",40,12308,16942,"wave_coverage_differs","19047",""
"19049","Dallas","IA",65,17473,40750,"wave_coverage_differs","19049",""
"19051","Davis","IA",24,3556,8541,"wave_coverage_differs","19051",""
"19053","Decatur","IA",34,3345,8689,"wave_coverage_differs","19053",""
"19055","Delaware","IA",37,16249,18404,"wave_coverage_differs","19055",""
"19057","Des Moines","IA",63,19474,42351,"wave_coverage_differs","19057",""
"19059","Dickinson","IA",26,12343,16424,"wave_coverage_differs","19059",""
"19061","Dubuque","IA",72,69794,89143,"wave_coverage_differs","19061",""
"19063","Emmet","IA",25,8572,11027,"wave_coverage_differs","19063",""
"19065","Fayette","IA",56,16678,22008,"wave_coverage_differs","19065",""
"19067","Floyd","IA",34,11337,16900,"wave_coverage_differs","19067",""
"19069","Franklin","IA",31,8204,10704,"wave_coverage_differs","19069",""
"19071","Fremont","IA",26,3687,8010,"wave_coverage_differs","19071",""
"19073","Greene","IA",27,7501,10366,"wave_coverage_differs","19073",""
"19075","Grundy","IA",36,9234,12369,"wave_coverage_differs","19075",""
"19077","Guthrie","IA",34,5885,11353,"wave_coverage_differs","19077",""
"19079","Hamilton","IA",37,11636,16438,"wave_coverage_differs","19079",""
"19081","Hancock","IA",36,9431,12100,"wave_coverage_differs","19081",""
"19083","Hardin","IA",53,13307,18812,"wave_coverage_differs","19083",""
"19085","Harrison","IA",42,8065,15666,"wave_coverage_differs","19085",""
"19087","Henry","IA",38,9834,20336,"wave_coverage_differs","19087",""
"19089","Howard","IA",32,9199,9932,"wave_coverage_differs","19089",""
"19091","Humboldt","IA",18,8844,10381,"wave_coverage_differs","19091",""
"19093","Ida","IA",15,6006,7837,"wave_coverage_differs","19093",""
"19095","Iowa","IA",31,8678,15671,"wave_coverage_differs","19095",""
"19097","Jackson","IA",34,14895,20296,"wave_coverage_differs","19097",""
"19099","Jasper","IA",64,18991,37213,"wave_coverage_differs","19099",""
"19101","Jefferson","IA",27,6794,16181,"wave_coverage_differs","19101",""
"19103","Johnson","IA",76,41291,111006,"wave_coverage_differs","19103",""
"19105","Jones","IA",39,14044,20221,"wave_coverage_differs","19105",""
"19107","Keokuk","IA",37,6236,11400,"wave_coverage_differs","19107",""
"19109","Kossuth","IA",42,14127,17163,"wave_coverage_differs","19109",""
"19111","Lee","IA",61,21067,38052,"wave_coverage_differs","19111",""
"19113","Linn","IA",169,109373,191701,"wave_coverage_differs","19113",""
"19115","Louisa","IA",20,4879,12183,"wave_coverage_differs","19115",""
"19117","Lucas","IA",24,4165,9422,"wave_coverage_differs","19117",""
"19119","Lyon","IA",37,10301,11763,"wave_coverage_differs","19119",""
"19121","Madison","IA",32,6499,14019,"wave_coverage_differs","19121",""
"19123","Mahaska","IA",40,10728,22335,"wave_coverage_differs","19123",""
"19125","Marion","IA",63,18178,32052,"wave_coverage_differs","19125",""
"19127","Marshall","IA",66,22372,39311,"wave_coverage_differs","19127",""
"19129","Mills","IA",25,6670,14547,"wave_coverage_differs","19129",""
"19131","Mitchell","IA",28,9988,10874,"wave_coverage_differs","19131",""
"19133","Monona","IA",27,5881,10020,"wave_coverage_differs","19133",""
"19135","Monroe","IA",16,4342,8016,"wave_coverage_differs","19135",""
"19137","Montgomery","IA",31,7122,11771,"wave_coverage_differs","19137",""
"19139","Muscatine","IA",66,20796,41722,"wave_coverage_differs","19139",""
"19141","O'Brien","IA",41,13492,15102,"wave_coverage_differs","19141",""
"19143","Osceola","IA",21,5539,7003,"wave_coverage_differs","19143",""
"19145","Page","IA",47,9933,16976,"wave_coverage_differs","19145",""
"19147","Palo Alto","IA",26,9431,10147,"wave_coverage_differs","19147",""
"19149","Plymouth","IA",49,18487,24849,"wave_coverage_differs","19149",""
"19151","Pocahontas","IA",27,7054,8662,"wave_coverage_differs","19151",""
"19153","Polk","IA",288,180521,374601,"wave_coverage_differs","19153",""
"19155","Pottawattamie","IA",100,38701,87704,"wave_coverage_differs","19155",""
"19157","Poweshiek","IA",41,9792,18815,"wave_coverage_differs","19157",""
"19159","Ringgold","IA",26,2767,5469,"wave_coverage_differs","19159",""
"19161","Sac","IA",35,9489,11529,"wave_coverage_differs","19161",""
"19163","Scott","IA",115,76796,158668,"wave_coverage_differs","19163",""
"19165","Shelby","IA",35,10234,13173,"wave_coverage_differs","19165",""
"19167","Sioux","IA",67,30472,31589,"wave_coverage_differs","19167",""
"19169","Story","IA",92,40765,79981,"wave_coverage_differs","19169",""
"19171","Tama","IA",39,9428,18103,"wave_coverage_differs","19171",""
"19173","Taylor","IA",28,4065,6958,"wave_coverage_differs","19173",""
"19175","Union","IA",28,7182,12309,"wave_coverage_differs","19175",""
"19177","Van Buren","IA",28,3041,7809,"wave_coverage_differs","19177",""
"19179","Wapello","IA",62,15235,36051,"wave_coverage_differs","19179",""
"19181","Warren","IA",66,16964,40671,"wave_coverage_differs","19181",""
"19183","Washington","IA",53,11609,20670,"wave_coverage_differs","19183",""
"19185","Wayne","IA",28,3317,6730,"wave_coverage_differs","19185",""
"19187","Webster","IA",63,24574,40235,"wave_coverage_differs","19187",""
"19189","Winnebago","IA",26,10076,11723,"wave_coverage_differs","19189",""
"19191","Winneshiek","IA",43,19782,21310,"wave_coverage_differs","19191",""
"19193","Woodbury","IA",123,60310,103877,"wave_coverage_differs","19193",""
"19195","Worth","IA",16,5911,7909,"wave_coverage_differs","19195",""
"19197","Wright","IA",42,11243,14334,"wave_coverage_differs","19197",""
"20001","Allen","KS",40,8978,14385,"wave_coverage_differs","20001",""
"20003","Anderson","KS",24,4742,8110,"wave_coverage_differs","20003",""
"20005","Atchison","KS",30,10486,16774,"wave_coverage_differs","20005",""
"20007","Barber","KS",23,3938,5307,"wave_coverage_differs","20007",""
"20009","Barton","KS",56,21277,28205,"wave_coverage_differs","20009",""
"20011","Bourbon","KS",37,7952,15379,"wave_coverage_differs","20011",""
"20013","Brown","KS",34,6408,10724,"wave_coverage_differs","20013",""
"20015","Butler","KS",81,29041,59482,"wave_coverage_differs","20015",""
"20017","Chase","KS",12,1582,3030,"wave_coverage_differs","20017",""
"20019","Chautauqua","KS",22,2213,4359,"wave_coverage_differs","20019",""
"20021","Cherokee","KS",52,13384,22605,"wave_coverage_differs","20021",""
"20023","Cheyenne","KS",13,2149,3165,"wave_coverage_differs","20023",""
"20025","Clark","KS",11,1568,2390,"wave_coverage_differs","20025",""
"20027","Clay","KS",27,5352,8822,"wave_coverage_differs","20027",""
"20029","Cloud","KS",26,6324,10268,"wave_coverage_differs","20029",""
"20031","Coffey","KS",26,5383,8865,"wave_coverage_differs","20031",""
"20033","Comanche","KS",13,1461,1967,"wave_coverage_differs","20033",""
"20035","Cowley","KS",67,18838,36291,"wave_coverage_differs","20035",""
"20037","Crawford","KS",56,17215,38242,"wave_coverage_differs","20037",""
"20039","Decatur","KS",21,2741,3472,"wave_coverage_differs","20039",""
"20041","Dickinson","KS",56,10112,19344,"wave_coverage_differs","20041",""
"20043","Doniphan","KS",22,4064,8249,"wave_coverage_differs","20043",""
"20045","Douglas","KS",84,29075,99962,"wave_coverage_differs","20045",""
"20047","Edwards","KS",16,2296,3449,"wave_coverage_differs","20047",""
"20049","Elk","KS",15,1220,3261,"wave_coverage_differs","20049",""
"20051","Ellis","KS",24,13503,27507,"wave_coverage_differs","20051",""
"20053","Ellsworth","KS",21,4134,6525,"wave_coverage_differs","20053",""
"20055","Finney","KS",34,21162,40523,"wave_coverage_differs","20055",""
"20057","Ford","KS",31,15486,32458,"wave_coverage_differs","20057",""
"20059","Franklin","KS",40,8887,24784,"wave_coverage_differs","20059",""
"20061","Geary","KS",30,8563,27947,"wave_coverage_differs","20061",""
"20063","Gove","KS",8,1959,3068,"wave_coverage_differs","20063",""
"20065","Graham","KS",15,1572,2946,"wave_coverage_differs","20065",""
"20067","Grant","KS",20,5840,7909,"wave_coverage_differs","20067",""
"20069","Gray","KS",19,3892,5904,"wave_coverage_differs","20069",""
"20071","Greeley","KS",6,1195,1534,"wave_coverage_differs","20071",""
"20073","Greenwood","KS",33,4774,7673,"wave_coverage_differs","20073",""
"20075","Hamilton","KS",10,1966,2670,"wave_coverage_differs","20075",""
"20077","Harper","KS",28,4330,6536,"wave_coverage_differs","20077",""
"20079","Harvey","KS",64,20003,32869,"wave_coverage_differs","20079",""
"20081","Haskell","KS",11,2565,4307,"wave_coverage_differs","20081",""
"20083","Hodgeman","KS",11,1311,2085,"wave_coverage_differs","20083",""
"20085","Jackson","KS",27,4994,12657,"wave_coverage_differs","20085",""
"20087","Jefferson","KS",32,7257,18426,"wave_coverage_differs","20087",""
"20089","Jewell","KS",21,1978,3791,"wave_coverage_differs","20089",""
"20091","Johnson","KS",237,229211,451086,"wave_coverage_differs","20091",""
"20093","Kearny","KS",13,2942,4531,"wave_coverage_differs","20093",""
"20095","Kingman","KS",28,6000,8673,"wave_coverage_differs","20095",""
"20097","Kiowa","KS",14,2260,3278,"wave_coverage_differs","20097",""
"20099","Labette","KS",55,11852,22835,"wave_coverage_differs","20099",""
"20101","Lane","KS",6,1699,2155,"wave_coverage_differs","20101",""
"20103","Leavenworth","KS",60,21832,68691,"wave_coverage_differs","20103",""
"20105","Lincoln","KS",14,1938,3578,"wave_coverage_differs","20105",""
"20107","Linn","KS",26,3622,9570,"wave_coverage_differs","20107",""
"20109","Logan","KS",10,2196,3046,"wave_coverage_differs","20109",""
"20111","Lyon","KS",60,16530,35935,"wave_coverage_differs","20111",""
"20113","McPherson","KS",64,18807,29554,"wave_coverage_differs","20113",""
"20115","Marion","KS",43,8607,13361,"wave_coverage_differs","20115",""
"20117","Marshall","KS",43,8315,10965,"wave_coverage_differs","20117",""
"20119","Meade","KS",22,4097,4631,"wave_coverage_differs","20119",""
"20121","Miami","KS",44,14241,28351,"wave_coverage_differs","20121",""
"20123","Mitchell","KS",25,5519,6932,"wave_coverage_differs","20123",""
"20125","Montgomery","KS",85,20988,36252,"wave_coverage_differs","20125",""
"20127","Morris","KS",18,3230,6104,"wave_coverage_differs","20127",""
"20129","Morton","KS",17,2215,3496,"wave_coverage_differs","20129",""
"20131","Nemaha","KS",27,9551,10717,"wave_coverage_differs","20131",""
"20133","Neosho","KS",36,9929,16997,"wave_coverage_differs","20133",""
"20135","Ness","KS",19,3280,3454,"wave_coverage_differs","20135",""
"20137","Norton","KS",18,3530,5953,"wave_coverage_differs","20137",""
"20139","Osage","KS",27,5999,16712,"wave_coverage_differs","20139",""
"20141","Osborne","KS",24,3271,4452,"wave_coverage_differs","20141",""
"20143","Ottawa","KS",21,2350,6163,"wave_coverage_differs","20143",""
"20145","Pawnee","KS",18,4296,7233,"wave_coverage_differs","20145",""
"20147","Phillips","KS",29,4521,6001,"wave_coverage_differs","20147",""
"20149","Pottawatomie","KS",34,7340,18209,"wave_coverage_differs","20149",""
"20151","Pratt","KS",26,6308,9647,"wave_coverage_differs","20151",""
"20153","Rawlins","KS",8,1728,2966,"wave_coverage_differs","20153",""
"20155","Reno","KS",93,33286,64790,"wave_coverage_differs","20155",""
"20157","Republic","KS",23,3990,5835,"wave_coverage_differs","20157",""
"20159","Rice","KS",32,6308,10761,"wave_coverage_differs","20159",""
"20161","Riley","KS",60,21903,62843,"wave_coverage_differs","20161",""
"20163","Rooks","KS",19,4320,5685,"wave_coverage_differs","20163",""
"20165","Rush","KS",14,2553,3551,"wave_coverage_differs","20165",""
"20167","Russell","KS",28,4802,7370,"wave_coverage_differs","20167",""
"20169","Saline","KS",68,30270,53597,"wave_coverage_differs","20169",""
"20171","Scott","KS",13,4622,5120,"wave_coverage_differs","20171",""
"20173","Sedgwick","KS",392,211369,452869,"wave_coverage_differs","20173",""
"20175","Seward","KS",26,8929,22510,"wave_coverage_differs","20175",""
"20177","Shawnee","KS",169,78404,169871,"wave_coverage_differs","20177",""
"20179","Sheridan","KS",13,2404,2813,"wave_coverage_differs","20179",""
"20181","Sherman","KS",15,3003,6760,"wave_coverage_differs","20181",""
"20183","Smith","KS",26,3538,4536,"wave_coverage_differs","20183",""
"20185","Stafford","KS",23,3058,4789,"wave_coverage_differs","20185",""
"20187","Stanton","KS",7,1673,2406,"wave_coverage_differs","20187",""
"20189","Stevens","KS",18,3372,5463,"wave_coverage_differs","20189",""
"20191","Sumner","KS",67,16960,25946,"wave_coverage_differs","20191",""
"20193","Thomas","KS",15,3945,8180,"wave_coverage_differs","20193",""
"20195","Trego","KS",11,2169,3319,"wave_coverage_differs","20195",""
"20197","Wabaunsee","KS",23,3252,6885,"wave_coverage_differs","20197",""
"20199","Wallace","KS",12,1093,1749,"wave_coverage_differs","20199",""
"20201","Washington","KS",34,5220,6483,"wave_coverage_differs","20201",""
"20203","Wichita","KS",11,1862,2531,"wave_coverage_differs","20203",""
"20205","Wilson","KS",37,4856,10332,"wave_coverage_differs","20205",""
"20207","Woodson","KS",17,2281,3788,"wave_coverage_differs","20207",""
"20209","Wyandotte","KS",173,56419,157882,"wave_coverage_differs","20209",""
"21001","Adair","KY",69,8265,17244,"wave_coverage_differs","21001",""
"21003","Allen","KY",41,5986,17800,"wave_coverage_differs","21003",""
"21005","Anderson","KY",40,12112,19111,"wave_coverage_differs","21005",""
"21007","Ballard","KY",31,7034,8286,"wave_coverage_differs","21007",""
"21009","Barren","KY",83,18660,38033,"wave_coverage_differs","21009",""
"21011","Bath","KY",34,3688,11085,"wave_coverage_differs","21011",""
"21013","Bell","KY",96,20478,30060,"wave_coverage_differs","21013",""
"21015","Boone","KY",65,46671,85991,"wave_coverage_differs","21015",""
"21017","Bourbon","KY",44,10912,19360,"wave_coverage_differs","21017",""
"21019","Boyd","KY",98,31624,49752,"wave_coverage_differs","21019",""
"21021","Boyle","KY",55,21343,27697,"wave_coverage_differs","21021",""
"21023","Bracken","KY",32,4507,8279,"wave_coverage_differs","21023",""
"21025","Breathitt","KY",24,2533,16100,"wave_coverage_differs","21025",""
"21027","Breckinridge","KY",68,12188,18648,"wave_coverage_differs","21027",""
"21029","Bullitt","KY",64,27090,61236,"wave_coverage_differs","21029",""
"21031","Butler","KY",52,7993,13010,"wave_coverage_differs","21031",""
"21033","Caldwell","KY",43,13431,13060,"wave_coverage_differs","21033",""
"21035","Calloway","KY",80,20589,34177,"wave_coverage_differs","21035",""
"21037","Campbell","KY",82,46826,88616,"wave_coverage_differs","21037",""
"21039","Carlisle","KY",21,3943,5351,"wave_coverage_differs","21039",""
"21041","Carroll","KY",21,4997,10155,"wave_coverage_differs","21041",""
"21043","Carter","KY",53,8308,26889,"wave_coverage_differs","21043",""
"21045","Casey","KY",66,8996,15447,"wave_coverage_differs","21045",""
"21047","Christian","KY",108,32715,72265,"wave_coverage_differs","21047",""
"21049","Clark","KY",55,18169,33144,"wave_coverage_differs","21049",""
"21051","Clay","KY",47,8174,24556,"wave_coverage_differs","21051",""
"21053","Clinton","KY",33,5476,9634,"wave_coverage_differs","21053",""
"21055","Crittenden","KY",36,5290,9384,"wave_coverage_differs","21055",""
"21057","Cumberland","KY",42,3591,7147,"wave_coverage_differs","21057",""
"21059","Daviess","KY",132,66122,91545,"wave_coverage_differs","21059",""
"21061","Edmonson","KY",26,4555,11644,"wave_coverage_differs","21061",""
"21063","Elliott","KY",11,1217,6748,"wave_coverage_differs","21063",""
"21065","Estill","KY",46,7005,15307,"wave_coverage_differs","21065",""
"21067","Fayette","KY",196,123244,260512,"wave_coverage_differs","21067",""
"21069","Fleming","KY",50,6691,13792,"wave_coverage_differs","21069",""
"21071","Floyd","KY",84,13102,42441,"wave_coverage_differs","21071",""
"21073","Franklin","KY",66,29990,47687,"wave_coverage_differs","21073",""
"21075","Fulton","KY",33,6928,7752,"wave_coverage_differs","21075",""
"21077","Gallatin","KY",16,3747,7870,"wave_coverage_differs","21077",""
"21079","Garrard","KY",32,7334,14792,"wave_coverage_differs","21079",""
"21081","Grant","KY",40,10745,22384,"wave_coverage_differs","21081",""
"21083","Graves","KY",105,28171,37028,"wave_coverage_differs","21083",""
"21085","Grayson","KY",57,8521,24053,"wave_coverage_differs","21085",""
"21087","Green","KY",46,8731,11518,"wave_coverage_differs","21087",""
"21089","Greenup","KY",73,14764,36891,"wave_coverage_differs","21089",""
"21091","Hancock","KY",24,6532,8392,"wave_coverage_differs","21091",""
"21093","Hardin","KY",128,47909,94174,"wave_coverage_differs","21093",""
"21095","Harlan","KY",103,16415,33202,"wave_coverage_differs","21095",""
"21097","Harrison","KY",50,10401,17983,"wave_coverage_differs","21097",""
"21099","Hart","KY",62,9003,17445,"wave_coverage_differs","21099",""
"21101","Henderson","KY",63,29481,44829,"wave_coverage_differs","21101",""
"21103","Henry","KY",40,8242,15060,"wave_coverage_differs","21103",""
"21105","Hickman","KY",29,4390,5262,"wave_coverage_differs","21105",""
"21107","Hopkins","KY",95,26626,46519,"wave_coverage_differs","21107",""
"21109","Jackson","KY",28,3133,13495,"wave_coverage_differs","21109",""
"21111","Jefferson","KY",594,378742,693604,"wave_coverage_differs","21111",""
"21113","Jessamine","KY",46,21795,39041,"wave_coverage_differs","21113",""
"21115","Johnson","KY",62,9604,23445,"wave_coverage_differs","21115",""
"21117","Kenton","KY",113,80024,151464,"wave_coverage_differs","21117",""
"21119","Knott","KY",17,3772,17649,"wave_coverage_differs","21119",""
"21121","Knox","KY",72,18550,31795,"wave_coverage_differs","21121",""
"21123","Larue","KY",38,10516,13373,"wave_coverage_differs","21123",""
"21125","Laurel","KY",80,22222,52715,"wave_coverage_differs","21125",""
"21127","Lawrence","KY",42,6527,15569,"wave_coverage_differs","21127",""
"21129","Lee","KY",29,2679,7916,"wave_coverage_differs","21129",""
"21131","Leslie","KY",29,2989,12401,"wave_coverage_differs","21131",""
"21133","Letcher","KY",63,7441,25277,"wave_coverage_differs","21133",""
"21135","Lewis","KY",41,4950,14092,"wave_coverage_differs","21135",""
"21137","Lincoln","KY",78,15558,23361,"wave_coverage_differs","21137",""
"21139","Livingston","KY",46,6927,9804,"wave_coverage_differs","21139",""
"21141","Logan","KY",78,18563,26573,"wave_coverage_differs","21141",""
"21143","Lyon","KY",24,4929,8080,"wave_coverage_differs","21143",""
"21145","McCracken","KY",92,44000,65514,"wave_coverage_differs","21145",""
"21147","McCreary","KY",18,4068,17080,"wave_coverage_differs","21147",""
"21149","McLean","KY",34,6325,9938,"wave_coverage_differs","21149",""
"21151","Madison","KY",103,29250,70872,"wave_coverage_differs","21151",""
"21153","Magoffin","KY",21,2930,13332,"wave_coverage_differs","21153",""
"21155","Marion","KY",35,15650,18212,"wave_coverage_differs","21155",""
"21157","Marshall","KY",73,19903,30125,"wave_coverage_differs","21157",""
"21159","Martin","KY",26,3356,12578,"wave_coverage_differs","21159",""
"21161","Mason","KY",55,11577,16800,"wave_coverage_differs","21161",""
"21163","Meade","KY",35,13818,26349,"wave_coverage_differs","21163",""
"21165","Menifee","KY",13,840,6556,"wave_coverage_differs","21165",""
"21167","Mercer","KY",50,15797,20817,"wave_coverage_differs","21167",""
"21169","Metcalfe","KY",40,5107,10037,"wave_coverage_differs","21169",""
"21171","Monroe","KY",51,6520,11756,"wave_coverage_differs","21171",""
"21173","Montgomery","KY",40,9207,22554,"wave_coverage_differs","21173",""
"21175","Morgan","KY",30,2991,13948,"wave_coverage_differs","21175",""
"21177","Muhlenberg","KY",93,21757,31839,"wave_coverage_differs","21177",""
"21179","Nelson","KY",57,24080,37477,"wave_coverage_differs","21179",""
"21181","Nicholas","KY",21,3453,6813,"wave_coverage_differs","21181",""
"21183","Ohio","KY",86,15244,22916,"wave_coverage_differs","21183",""
"21185","Oldham","KY",44,25776,46178,"wave_coverage_differs","21185",""
"21187","Owen","KY",39,8403,10547,"wave_coverage_differs","21187",""
"21189","Owsley","KY",19,1347,4858,"wave_coverage_differs","21189",""
"21191","Pendleton","KY",44,9812,14390,"wave_coverage_differs","21191",""
"21193","Perry","KY",76,10825,29390,"wave_coverage_differs","21193",""
"21195","Pike","KY",155,24373,68736,"wave_coverage_differs","21195",""
"21197","Powell","KY",27,3569,13237,"wave_coverage_differs","21197",""
"21199","Pulaski","KY",155,39005,56217,"wave_coverage_differs","21199",""
"21201","Robertson","KY",7,811,2266,"wave_coverage_differs","21201",""
"21203","Rockcastle","KY",42,8598,16582,"wave_coverage_differs","21203",""
"21205","Rowan","KY",31,4949,22094,"wave_coverage_differs","21205",""
"21207","Russell","KY",64,10172,16315,"wave_coverage_differs","21207",""
"21209","Scott","KY",53,13691,33061,"wave_coverage_differs","21209",""
"21211","Shelby","KY",54,18997,33337,"wave_coverage_differs","21211",""
"21213","Simpson","KY",39,9727,16405,"wave_coverage_differs","21213",""
"21215","Spencer","KY",20,5100,11766,"wave_coverage_differs","21215",""
"21217","Taylor","KY",67,16957,22927,"wave_coverage_differs","21217",""
"21219","Todd","KY",49,7981,11971,"wave_coverage_differs","21219",""
"21221","Trigg","KY",40,9033,12597,"wave_coverage_differs","21221",""
"21223","Trimble","KY",21,3754,8125,"wave_coverage_differs","21223",""
"21225","Union","KY",44,10662,15637,"wave_coverage_differs","21225",""
"21227","Warren","KY",144,48223,92522,"wave_coverage_differs","21227",""
"21229","Washington","KY",36,11414,10916,"wave_coverage_differs","21229",""
"21231","Wayne","KY",49,12492,19923,"wave_coverage_differs","21231",""
"21233","Webster","KY",44,8257,14120,"wave_coverage_differs","21233",""
"21235","Whitley","KY",87,24516,35865,"wave_coverage_differs","21235",""
"21237","Wolfe","KY",10,1123,7065,"wave_coverage_differs","21237",""
"21239","Woodford","KY",40,13725,23208,"wave_coverage_differs","21239",""
"22001","Acadia","LA",55,47698,58861,"wave_coverage_differs","22001",""
"22003","Allen","LA",41,12662,25440,"wave_coverage_differs","22003",""
"22005","Ascension","LA",46,40759,76627,"wave_coverage_differs","22005",""
"22007","Assumption","LA",17,19188,23388,"wave_coverage_differs","22007",""
"22009","Avoyelles","LA",49,24226,41481,"wave_coverage_differs","22009",""
"22011","Beauregard","LA",60,17869,32986,"wave_coverage_differs","22011",""
"22013","Bienville","LA",46,8251,15752,"wave_coverage_differs","22013",""
"22015","Bossier","LA",89,49553,98310,"wave_coverage_differs","22015",""
"22017","Caddo","LA",214,142192,252161,"wave_coverage_differs","22017",""
"22019","Calcasieu","LA",157,119734,183577,"wave_coverage_differs","22019",""
"22021","Caldwell","LA",27,4905,10560,"wave_coverage_differs","22021",""
"22023","Cameron","LA",18,6878,9991,"wave_coverage_differs","22023",""
"22025","Catahoula","LA",31,5048,10920,"wave_coverage_differs","22025",""
"22027","Claiborne","LA",44,7351,16851,"wave_coverage_differs","22027",""
"22029","Concordia","LA",41,10019,20247,"wave_coverage_differs","22029",""
"22031","De Soto","LA",65,13775,25494,"wave_coverage_differs","22031",""
"22033","East Baton Rouge","LA",218,217470,412852,"wave_coverage_differs","22033",""
"22035","East Carroll","LA",19,3996,9421,"wave_coverage_differs","22035",""
"22037","East Feliciana","LA",32,7426,21360,"wave_coverage_differs","22037",""
"22039","Evangeline","LA",39,25995,35434,"wave_coverage_differs","22039",""
"22041","Franklin","LA",52,14177,21263,"wave_coverage_differs","22041",""
"22043","Grant","LA",46,10159,18698,"wave_coverage_differs","22043",""
"22045","Iberia","LA",39,52025,73266,"wave_coverage_differs","22045",""
"22047","Iberville","LA",32,14109,33320,"wave_coverage_differs","22047",""
"22049","Jackson","LA",51,9578,15397,"wave_coverage_differs","22049",""
"22051","Jefferson","LA",181,259013,455466,"wave_coverage_differs","22051",""
"22053","Jefferson Davis","LA",40,21900,31435,"wave_coverage_differs","22053",""
"22055","Lafayette","LA",81,150877,190503,"wave_coverage_differs","22055",""
"22057","Lafourche","LA",52,75595,89974,"wave_coverage_differs","22057",""
"22059","LaSalle","LA",53,12553,14282,"wave_coverage_differs","22059",""
"22061","Lincoln","LA",56,21733,42509,"wave_coverage_differs","22061",""
"22063","Livingston","LA",102,54243,91814,"wave_coverage_differs","22063",""
"22065","Madison","LA",14,4981,13728,"wave_coverage_differs","22065",""
"22067","Morehouse","LA",71,15564,31021,"wave_coverage_differs","22067",""
"22069","Natchitoches","LA",83,20421,39080,"wave_coverage_differs","22069",""
"22071","Orleans","LA",253,213895,484674,"wave_coverage_differs","22071",""
"22073","Ouachita","LA",162,83976,147250,"wave_coverage_differs","22073",""
"22075","Plaquemines","LA",25,15066,26757,"wave_coverage_differs","22075",""
"22077","Pointe Coupee","LA",25,13902,22763,"wave_coverage_differs","22077",""
"22079","Rapides","LA",190,79537,126337,"wave_coverage_differs","22079",""
"22081","Red River","LA",23,4801,9622,"wave_coverage_differs","22081",""
"22083","Richland","LA",58,13436,20981,"wave_coverage_differs","22083",""
"22085","Sabine","LA",78,16630,23459,"wave_coverage_differs","22085",""
"22087","St. Bernard","LA",31,38388,67229,"wave_coverage_differs","22087",""
"22089","St. Charles","LA",28,30060,48072,"wave_coverage_differs","22089",""
"22091","St. Helena","LA",24,5077,10525,"wave_coverage_differs","22091",""
"22093","St. James","LA",14,14708,21216,"wave_coverage_differs","22093",""
"22095","St. John the Baptist","LA",16,24473,43044,"wave_coverage_differs","22095",""
"22097","St. Landry","LA",77,67871,87700,"wave_coverage_differs","22097",""
"22099","St. Martin","LA",20,42374,48583,"wave_coverage_differs","22099",""
"22101","St. Mary","LA",53,34605,53500,"wave_coverage_differs","22101",""
"22103","St. Tammany","LA",133,107794,191268,"wave_coverage_differs","22103",""
"22105","Tangipahoa","LA",120,46726,100588,"wave_coverage_differs","22105",""
"22107","Tensas","LA",21,3123,6618,"wave_coverage_differs","22107",""
"22109","Terrebonne","LA",58,70484,104503,"wave_coverage_differs","22109",""
"22111","Union","LA",77,15957,22803,"wave_coverage_differs","22111",""
"22113","Vermilion","LA",40,51938,53807,"wave_coverage_differs","22113",""
"22115","Vernon","LA",78,22450,52531,"wave_coverage_differs","22115",""
"22117","Washington","LA",85,27728,43926,"wave_coverage_differs","22117",""
"22119","Webster","LA",85,26061,41831,"wave_coverage_differs","22119",""
"22121","West Baton Rouge","LA",13,10426,21601,"wave_coverage_differs","22121",""
"22123","West Carroll","LA",41,9214,12314,"wave_coverage_differs","22123",""
"22125","West Feliciana","LA",11,3264,15111,"wave_coverage_differs","22125",""
"22127","Winn","LA",58,11141,16894,"wave_coverage_differs","22127",""
"23001","Androscoggin","ME",75,51674,103793,"wave_coverage_differs","23001",""
"23003","Aroostook","ME",106,44987,73938,"wave_coverage_differs","23003",""
"23005","Cumberland","ME",208,107296,265612,"wave_coverage_differs","23005",""
"23007","Franklin","ME",43,9824,29467,"wave_coverage_differs","23007",""
"23009","Hancock","ME",97,14427,51791,"wave_coverage_differs","23009",""
"23011","Kennebec","ME",112,42439,117114,"wave_coverage_differs","23011",""
"23013","Knox","ME",49,10824,39618,"wave_coverage_differs","23013",""
"23015","Lincoln","ME",42,7731,33616,"wave_coverage_differs","23015",""
"23017","Oxford","ME",74,11274,54755,"wave_coverage_differs","23017",""
"23019","Penobscot","ME",132,48809,144919,"wave_coverage_differs","23019",""
"23021","Piscataquis","ME",29,5797,17235,"wave_coverage_differs","23021",""
"23023","Sagadahoc","ME",35,6659,35214,"wave_coverage_differs","23023",""
"23025","Somerset","ME",64,15194,50888,"wave_coverage_differs","23025",""
"23027","Waldo","ME",38,4841,36280,"wave_coverage_differs","23027",""
"23029","Washington","ME",75,8778,33941,"wave_coverage_differs","23029",""
"23031","York","ME",122,72987,186742,"wave_coverage_differs","23031",""
"24001","Allegany","MD",136,42256,74930,"wave_coverage_differs","24001",""
"24003","Anne Arundel","MD",259,203375,489656,"wave_coverage_differs","24003",""
"24005","Baltimore","MD",386,347901,754292,"wave_coverage_differs","24005",""
"24009","Calvert","MD",50,31629,74563,"wave_coverage_differs","24009",""
"24011","Caroline","MD",55,13117,29772,"wave_coverage_differs","24011",""
"24013","Carroll","MD",140,74222,150897,"wave_coverage_differs","24013",""
"24015","Cecil","MD",82,26333,85951,"wave_coverage_differs","24015",""
"24017","Charles","MD",76,48138,120546,"wave_coverage_differs","24017",""
"24019","Dorchester","MD",85,12735,30674,"wave_coverage_differs","24019",""
"24021","Frederick","MD",205,93067,195277,"wave_coverage_differs","24021",""
"24023","Garrett","MD",88,11807,29846,"wave_coverage_differs","24023",""
"24025","Harford","MD",138,109164,218590,"wave_coverage_differs","24025",""
"24027","Howard","MD",133,122290,247842,"wave_coverage_differs","24027",""
"24029","Kent","MD",45,8870,19197,"wave_coverage_differs","24029",""
"24031","Montgomery","MD",546,459923,873341,"wave_coverage_differs","24031",""
"24033","Prince George's","MD",442,245782,801515,"wave_coverage_differs","24033",""
"24035","Queen Anne's","MD",46,15491,40563,"wave_coverage_differs","24035",""
"24037","St. Mary's","MD",61,24332,86211,"wave_coverage_differs","24037",""
"24039","Somerset","MD",58,7330,24747,"wave_coverage_differs","24039",""
"24041","Talbot","MD",46,16033,33812,"wave_coverage_differs","24041",""
"24043","Washington","MD",187,59027,131923,"wave_coverage_differs","24043",""
"24045","Wicomico","MD",107,40580,84644,"wave_coverage_differs","24045",""
"24047","Worcester","MD",83,23833,46543,"wave_coverage_differs","24047",""
"24510","Baltimore","MD",401,254661,651154,"wave_coverage_differs","24510",""
"25001","Barnstable","MA",133,95326,222230,"wave_coverage_differs","25001",""
"25003","Berkshire","MA",131,90604,134953,"wave_coverage_differs","25003",""
"25005","Bristol","MA",274,320781,534678,"wave_coverage_differs","25005",""
"25007","Dukes","MA",24,12883,14987,"wave_coverage_differs","25007",""
"25009","Essex","MA",378,466354,723419,"wave_coverage_differs","25009",""
"25011","Franklin","MA",89,51527,71535,"wave_coverage_differs","25011",""
"25013","Hampden","MA",247,295436,456228,"wave_coverage_differs","25013",""
"25015","Hampshire","MA",95,51409,152251,"wave_coverage_differs","25015",""
"25017","Middlesex","MA",737,1078903,1465396,"wave_coverage_differs","25017",""
"25019","Nantucket","MA",8,3649,9520,"wave_coverage_differs","25019",""
"25021","Norfolk","MA",315,484380,650308,"wave_coverage_differs","25021",""
"25023","Plymouth","MA",229,273068,472822,"wave_coverage_differs","25023",""
"25025","Suffolk","MA",343,413990,689807,"wave_coverage_differs","25025",""
"25027","Worcester","MA",532,431296,750963,"wave_coverage_differs","25027",""
"26001","Alcona","MI",20,2535,11719,"wave_coverage_differs","26001",""
"26003","Alger","MI",21,5530,9862,"wave_coverage_differs","26003",""
"26005","Allegan","MI",119,40221,105665,"wave_coverage_differs","26005",""
"26007","Alpena","MI",44,24389,31314,"wave_coverage_differs","26007",""
"26009","Antrim","MI",39,6322,23110,"wave_coverage_differs","26009",""
"26011","Arenac","MI",30,6171,17269,"wave_coverage_differs","26011",""
"26013","Baraga","MI",14,4906,8746,"wave_coverage_differs","26013",""
"26015","Barry","MI",46,12374,56755,"wave_coverage_differs","26015",""
"26017","Bay","MI",89,65783,110157,"wave_coverage_differs","26017",""
"26019","Benzie","MI",29,4728,15998,"wave_coverage_differs","26019",""
"26021","Berrien","MI",186,76180,162453,"wave_coverage_differs","26021",""
"26023","Branch","MI",50,13687,45787,"wave_coverage_differs","26023",""
"26025","Calhoun","MI",128,45533,137985,"wave_coverage_differs","26025",""
"26027","Cass","MI",46,13528,51104,"wave_coverage_differs","26027",""
"26029","Charlevoix","MI",42,10834,26090,"wave_coverage_differs","26029",""
"26031","Cheboygan","MI",32,10362,26448,"wave_coverage_differs","26031",""
"26033","Chippewa","MI",60,13812,38543,"wave_coverage_differs","26033",""
"26035","Clare","MI",37,6905,31252,"wave_coverage_differs","26035",""
"26037","Clinton","MI",59,25550,64753,"wave_coverage_differs","26037",""
"26039","Crawford","MI",12,3362,14273,"wave_coverage_differs","26039",""
"26041","Delta","MI",55,30709,38520,"wave_coverage_differs","26041",""
"26043","Dickinson","MI",37,22695,27472,"wave_coverage_differs","26043",""
"26045","Eaton","MI",79,31436,103655,"wave_coverage_differs","26045",""
"26047","Emmet","MI",41,13743,31437,"wave_coverage_differs","26047",""
"26049","Genesee","MI",344,161474,436141,"wave_coverage_differs","26049",""
"26051","Gladwin","MI",34,6608,26023,"wave_coverage_differs","26051",""
"26053","Gogebic","MI",28,10836,17370,"wave_coverage_differs","26053",""
"26055","Grand Traverse","MI",65,36750,77654,"wave_coverage_differs","26055",""
"26057","Gratiot","MI",71,13988,42285,"wave_coverage_differs","26057",""
"26059","Hillsdale","MI",61,11063,46527,"wave_coverage_differs","26059",""
"26061","Houghton","MI",55,17754,36016,"wave_coverage_differs","26061",""
"26063","Huron","MI",76,27154,36079,"wave_coverage_differs","26063",""
"26065","Ingham","MI",214,111119,279320,"wave_coverage_differs","26065",""
"26067","Ionia","MI",63,22031,61518,"wave_coverage_differs","26067",""
"26069","Iosco","MI",38,12167,27339,"wave_coverage_differs","26069",""
"26071","Iron","MI",25,8191,13138,"wave_coverage_differs","26071",""
"26073","Isabella","MI",58,17699,63351,"wave_coverage_differs","26073",""
"26075","Jackson","MI",124,55827,158422,"wave_coverage_differs","26075",""
"26077","Kalamazoo","MI",176,84216,238603,"wave_coverage_differs","26077",""
"26079","Kalkaska","MI",18,3081,16571,"wave_coverage_differs","26079",""
"26081","Kent","MI",442,303574,574335,"wave_coverage_differs","26081",""
"26083","Keweenaw","MI",6,971,2301,"wave_coverage_differs","26083",""
"26085","Lake","MI",20,3394,11333,"wave_coverage_differs","26085",""
"26087","Lapeer","MI",63,29313,87904,"wave_coverage_differs","26087",""
"26089","Leelanau","MI",24,7746,21119,"wave_coverage_differs","26089",""
"26091","Lenawee","MI",106,39404,98890,"wave_coverage_differs","26091",""
"26093","Livingston","MI",71,58059,156951,"wave_coverage_differs","26093",""
"26095","Luce","MI",13,2002,7024,"wave_coverage_differs","26095",""
"26097","Mackinac","MI",30,4444,11943,"wave_coverage_differs","26097",""
"26099","Macomb","MI",296,349275,788149,"wave_coverage_differs","26099",""
"26101","Manistee","MI",37,12674,24527,"wave_coverage_differs","26101",""
"26103","Marquette","MI",80,36819,64634,"wave_coverage_differs","26103",""
"26105","Mason","MI",41,10926,28274,"wave_coverage_differs","26105",""
"26107","Mecosta","MI",52,11007,40553,"wave_coverage_differs","26107",""
"26109","Menominee","MI",37,17472,25326,"wave_coverage_differs","26109",""
"26111","Midland","MI",80,37957,82874,"wave_coverage_differs","26111",""
"26113","Missaukee","MI",24,4821,14478,"wave_coverage_differs","26113",""
"26115","Monroe","MI",127,78156,145945,"wave_coverage_differs","26115",""
"26117","Montcalm","MI",84,19636,61266,"wave_coverage_differs","26117",""
"26119","Montmorency","MI",17,4258,10315,"wave_coverage_differs","26119",""
"26121","Muskegon","MI",144,59533,170200,"wave_coverage_differs","26121",""
"26123","Newaygo","MI",49,15805,47874,"wave_coverage_differs","26123",""
"26125","Oakland","MI",573,577152,1194156,"wave_coverage_differs","26125",""
"26127","Oceana","MI",42,8688,26873,"wave_coverage_differs","26127",""
"26129","Ogemaw","MI",24,7391,21645,"wave_coverage_differs","26129",""
"26131","Ontonagon","MI",30,4304,7818,"wave_coverage_differs","26131",""
"26133","Osceola","MI",51,7538,23197,"wave_coverage_differs","26133",""
"26135","Oscoda","MI",20,2676,9418,"wave_coverage_differs","26135",""
"26137","Otsego","MI",22,10753,23301,"wave_coverage_differs","26137",""
"26139","Ottawa","MI",208,133495,238314,"wave_coverage_differs","26139",""
"26141","Presque Isle","MI",26,9393,14411,"wave_coverage_differs","26141",""
"26143","Roscommon","MI",33,8180,25469,"wave_coverage_differs","26143",""
"26145","Saginaw","MI",179,103928,210039,"wave_coverage_differs","26145",""
"26147","St. Clair","MI",115,70508,164235,"wave_coverage_differs","26147",""
"26149","St. Joseph","MI",84,21549,62422,"wave_coverage_differs","26149",""
"26151","Sanilac","MI",82,16344,44547,"wave_coverage_differs","26151",""
"26153","Schoolcraft","MI",23,4097,8903,"wave_coverage_differs","26153",""
"26155","Shiawassee","MI",84,27841,71687,"wave_coverage_differs","26155",""
"26157","Tuscola","MI",85,24763,58266,"wave_coverage_differs","26157",""
"26159","Van Buren","MI",91,23509,76263,"wave_coverage_differs","26159",""
"26161","Washtenaw","MI",206,107901,322895,"wave_coverage_differs","26161",""
"26163","Wayne","MI",894,777269,2061162,"wave_coverage_differs","26163",""
"26165","Wexford","MI",47,12356,30484,"wave_coverage_differs","26165",""
"27001","Aitkin","MN",46,10782,15301,"wave_coverage_differs","27001",""
"27003","Anoka","MN",119,150485,298084,"wave_coverage_differs","27003",""
"27005","Becker","MN",56,22183,30000,"wave_coverage_differs","27005",""
"27007","Beltrami","MN",52,18715,39650,"wave_coverage_differs","27007",""
"27009","Benton","MN",31,19404,34226,"wave_coverage_differs","27009",""
"27011","Big Stone","MN",30,6421,5820,"wave_coverage_differs","27011",""
"27013","Blue Earth","MN",67,34427,55941,"wave_coverage_differs","27013",""
"27015","Brown","MN",40,24816,26911,"wave_coverage_differs","27015",""
"27017","Carlton","MN",47,17038,31671,"wave_coverage_differs","27017",""
"27019","Carver","MN",48,43018,70205,"wave_coverage_differs","27019",""
"27021","Cass","MN",54,10536,27150,"wave_coverage_differs","27021",""
"27023","Chippewa","MN",27,11526,13088,"wave_coverage_differs","27023",""
"27025","Chisago","MN",39,20202,41101,"wave_coverage_differs","27025",""
"27027","Clay","MN",60,33298,51229,"wave_coverage_differs","27027",""
"27029","Clearwater","MN",20,4392,8423,"wave_coverage_differs","27029",""
"27031","Cook","MN",12,2448,5168,"wave_coverage_differs","27031",""
"27033","Cottonwood","MN",39,11325,12167,"wave_coverage_differs","27033",""
"27035","Crow Wing","MN",69,37808,55099,"wave_coverage_differs","27035",""
"27037","Dakota","MN",169,187132,355904,"wave_coverage_differs","27037",""
"27039","Dodge","MN",33,12829,17731,"wave_coverage_differs","27039",""
"27041","Douglas","MN",53,23732,32821,"wave_coverage_differs","27041",""
"27043","Faribault","MN",48,15135,16181,"wave_coverage_differs","27043",""
"27045","Fillmore","MN",71,19417,21122,"wave_coverage_differs","27045",""
"27047","Freeborn","MN",53,25078,32584,"wave_coverage_differs","27047",""
"27049","Goodhue","MN",77,35902,44127,"wave_coverage_differs","27049",""
"27051","Grant","MN",25,5732,6289,"wave_coverage_differs","27051",""
"27053","Hennepin","MN",643,644110,1116200,"wave_coverage_differs","27053",""
"27055","Houston","MN",33,15802,19718,"wave_coverage_differs","27055",""
"27057","Hubbard","MN",27,8631,18376,"wave_coverage_differs","27057",""
"27059","Isanti","MN",33,14570,31287,"wave_coverage_differs","27059",""
"27061","Itasca","MN",71,25734,43992,"wave_coverage_differs","27061",""
"27063","Jackson","MN",28,9372,11268,"wave_coverage_differs","27063",""
"27065","Kanabec","MN",19,7238,14996,"wave_coverage_differs","27065",""
"27067","Kandiyohi","MN",69,31694,41203,"wave_coverage_differs","27067",""
"27069","Kittson","MN",24,4485,5285,"wave_coverage_differs","27069",""
"27071","Koochiching","MN",36,10008,14355,"wave_coverage_differs","27071",""
"27073","Lac qui Parle","MN",31,9026,8067,"wave_coverage_differs","27073",""
"27075","Lake","MN",24,6966,11058,"wave_coverage_differs","27075",""
"27077","Lake of the Woods","MN",13,2825,4522,"wave_coverage_differs","27077",""
"27079","Le Sueur","MN",41,19212,25426,"wave_coverage_differs","27079",""
"27081","Lincoln","MN",25,6005,6429,"wave_coverage_differs","27081",""
"27083","Lyon","MN",42,17695,25425,"wave_coverage_differs","27083",""
"27085","McLeod","MN",49,30692,34898,"wave_coverage_differs","27085",""
"27087","Mahnomen","MN",14,3451,5190,"wave_coverage_differs","27087",""
"27089","Marshall","MN",45,8867,10155,"wave_coverage_differs","27089",""
"27091","Martin","MN",55,19314,21802,"wave_coverage_differs","27091",""
"27093","Meeker","MN",39,15512,22644,"wave_coverage_differs","27093",""
"27095","Mille Lacs","MN",41,14639,22330,"wave_coverage_differs","27095",""
"27097","Morrison","MN",52,21865,31712,"wave_coverage_differs","27097",""
"27099","Mower","MN",63,28880,38603,"wave_coverage_differs","27099",""
"27101","Murray","MN",26,7710,9165,"wave_coverage_differs","27101",""
"27103","Nicollet","MN",26,17370,29771,"wave_coverage_differs","27103",""
"27105","Nobles","MN",45,18242,20832,"wave_coverage_differs","27105",""
"27107","Norman","MN",31,7134,7442,"wave_coverage_differs","27107",""
"27109","Olmsted","MN",104,76708,124277,"wave_coverage_differs","27109",""
"27111","Otter Tail","MN",123,39949,57159,"wave_coverage_differs","27111",""
"27113","Pennington","MN",26,10399,13584,"wave_coverage_differs","27113",""
"27115","Pine","MN",48,12444,26530,"wave_coverage_differs","27115",""
"27117","Pipestone","MN",31,9831,9895,"wave_coverage_differs","27117",""
"27119","Polk","MN",75,22999,31369,"wave_coverage_differs","27119",""
"27121","Pope","MN",28,8860,11236,"wave_coverage_differs","27121",""
"27123","Ramsey","MN",307,313417,511035,"wave_coverage_differs","27123",""
"27125","Red Lake","MN",12,3895,4299,"wave_coverage_differs","27125",""
"27127","Redwood","MN",49,14757,16815,"wave_coverage_differs","27127",""
"27129","Renville","MN",47,14918,17154,"wave_coverage_differs","27129",""
"27131","Rice","MN",57,37623,56665,"wave_coverage_differs","27131",""
"27133","Rock","MN",18,8039,9721,"wave_coverage_differs","27133",""
"27135","Roseau","MN",44,11168,16338,"wave_coverage_differs","27135",""
"27137","St. Louis","MN",236,106367,200528,"wave_coverage_differs","27137",""
"27139","Scott","MN",49,39942,89498,"wave_coverage_differs","27139",""
"27141","Sherburne","MN",38,25813,64417,"wave_coverage_differs","27141",""
"27143","Sibley","MN",40,11489,15356,"wave_coverage_differs","27143",""
"27145","Stearns","MN",120,95349,133166,"wave_coverage_differs","27145",""
"27147","Steele","MN",44,26112,33680,"wave_coverage_differs","27147",""
"27149","Stevens","MN",25,7713,10053,"wave_coverage_differs","27149",""
"27151","Swift","MN",32,9718,11956,"wave_coverage_differs","27151",""
"27153","Todd","MN",51,15752,24426,"wave_coverage_differs","27153",""
"27155","Traverse","MN",19,4085,4134,"wave_coverage_differs","27155",""
"27157","Wabasha","MN",41,17287,21610,"wave_coverage_differs","27157",""
"27159","Wadena","MN",36,8955,13713,"wave_coverage_differs","27159",""
"27161","Waseca","MN",35,16054,19526,"wave_coverage_differs","27161",""
"27163","Washington","MN",109,120577,201130,"wave_coverage_differs","27163",""
"27165","Watonwan","MN",33,9212,11876,"wave_coverage_differs","27165",""
"27167","Wilkin","MN",18,5180,7138,"wave_coverage_differs","27167",""
"27169","Winona","MN",69,33403,49985,"wave_coverage_differs","27169",""
"27171","Wright","MN",89,56584,89986,"wave_coverage_differs","27171",""
"27173","Yellow Medicine","MN",32,10081,11080,"wave_coverage_differs","27173",""
"28001","Adams","MS",45,17851,34340,"wave_coverage_differs","28001",""
"28003","Alcorn","MS",93,25127,34558,"wave_coverage_differs","28003",""
"28005","Amite","MS",46,7611,13599,"wave_coverage_differs","28005",""
"28007","Attala","MS",74,10898,19661,"wave_coverage_differs","28007",""
"28009","Benton","MS",26,3812,8026,"wave_coverage_differs","28009",""
"28011","Bolivar","MS",67,14122,40633,"wave_coverage_differs","28011",""
"28013","Calhoun","MS",71,11731,15069,"wave_coverage_differs","28013",""
"28015","Carroll","MS",45,5826,10769,"wave_coverage_differs","28015",""
"28017","Chickasaw","MS",70,10982,19440,"wave_coverage_differs","28017",""
"28019","Choctaw","MS",49,5763,9758,"wave_coverage_differs","28019",""
"28021","Claiborne","MS",28,3035,11831,"wave_coverage_differs","28021",""
"28023","Clarke","MS",84,12745,17955,"wave_coverage_differs","28023",""
"28025","Clay","MS",42,10370,21979,"wave_coverage_differs","28025",""
"28027","Coahoma","MS",38,11560,30622,"wave_coverage_differs","28027",""
"28029","Copiah","MS",77,16085,28757,"wave_coverage_differs","28029",""
"28031","Covington","MS",55,10530,19407,"wave_coverage_differs","28031",""
"28033","DeSoto","MS",115,61660,107199,"wave_coverage_differs","28033",""
"28035","Forrest","MS",118,54247,72604,"wave_coverage_differs","28035",""
"28037","Franklin","MS",46,5914,8448,"wave_coverage_differs","28037",""
"28039","George","MS",57,14316,19144,"wave_coverage_differs","28039",""
"28041","Greene","MS",51,6333,13299,"wave_coverage_differs","28041",""
"28043","Grenada","MS",42,10497,23263,"wave_coverage_differs","28043",""
"28045","Hancock","MS",42,19847,42967,"wave_coverage_differs","28045",""
"28047","Harrison","MS",179,96302,189601,"wave_coverage_differs","28047",""
"28049","Hinds","MS",219,138822,250800,"wave_coverage_differs","28049",""
"28051","Holmes","MS",60,6577,21609,"wave_coverage_differs","28051",""
"28053","Humphreys","MS",22,4011,11206,"wave_coverage_differs","28053",""
"28055","Issaquena","MS",3,202,2274,"wave_coverage_differs","28055",""
"28057","Itawamba","MS",76,12874,22770,"wave_coverage_differs","28057",""
"28059","Jackson","MS",158,68719,131420,"wave_coverage_differs","28059",""
"28061","Jasper","MS",70,9741,18149,"wave_coverage_differs","28061",""
"28063","Jefferson","MS",25,2405,9740,"wave_coverage_differs","28063",""
"28065","Jefferson Davis","MS",32,6575,13962,"wave_coverage_differs","28065",""
"28067","Jones","MS",133,42507,64958,"wave_coverage_differs","28067",""
"28069","Kemper","MS",50,5276,10453,"wave_coverage_differs","28069",""
"28071","Lafayette","MS",68,18301,38744,"wave_coverage_differs","28071",""
"28073","Lamar","MS",55,17156,39070,"wave_coverage_differs","28073",""
"28075","Lauderdale","MS",149,50921,78161,"wave_coverage_differs","28075",""
"28077","Lawrence","MS",34,8075,13258,"wave_coverage_differs","28077",""
"28079","Leake","MS",75,10838,20940,"wave_coverage_differs","28079",""
"28081","Lee","MS",148,50149,75755,"wave_coverage_differs","28081",""
"28083","Leflore","MS",50,15869,37947,"wave_coverage_differs","28083",""
"28085","Lincoln","MS",78,25296,33166,"wave_coverage_differs","28085",""
"28087","Lowndes","MS",89,32501,61586,"wave_coverage_differs","28087",""
"28089","Madison","MS",68,28239,74674,"wave_coverage_differs","28089",""
"28091","Marion","MS",65,18037,25595,"wave_coverage_differs","28091",""
"28093","Marshall","MS",54,10100,34993,"wave_coverage_differs","28093",""
"28095","Monroe","MS",114,23662,38014,"wave_coverage_differs","28095",""
"28097","Montgomery","MS",40,7744,12189,"wave_coverage_differs","28097",""
"28099","Neshoba","MS",101,17947,28684,"wave_coverage_differs","28099",""
"28101","Newton","MS",75,13952,21838,"wave_coverage_differs","28101",""
"28103","Noxubee","MS",47,4845,12548,"wave_coverage_differs","28103",""
"28105","Oktibbeha","MS",63,21340,42902,"wave_coverage_differs","28105",""
"28107","Panola","MS",74,13691,34274,"wave_coverage_differs","28107",""
"28109","Pearl River","MS",84,31522,48621,"wave_coverage_differs","28109",""
"28111","Perry","MS",43,7377,12138,"wave_coverage_differs","28111",""
"28113","Pike","MS",63,25589,38940,"wave_coverage_differs","28113",""
"28115","Pontotoc","MS",87,17994,26726,"wave_coverage_differs","28115",""
"28117","Prentiss","MS",82,15257,25556,"wave_coverage_differs","28117",""
"28119","Quitman","MS",24,5339,10117,"wave_coverage_differs","28119",""
"28121","Rankin","MS",125,60733,115327,"wave_coverage_differs","28121",""
"28123","Scott","MS",82,17289,28423,"wave_coverage_differs","28123",""
"28125","Sharkey","MS",16,2715,6580,"wave_coverage_differs","28125",""
"28127","Simpson","MS",69,17980,27639,"wave_coverage_differs","28127",""
"28129","Smith","MS",71,11384,16182,"wave_coverage_differs","28129",""
"28131","Stone","MS",37,8543,13622,"wave_coverage_differs","28131",""
"28133","Sunflower","MS",50,9910,34369,"wave_coverage_differs","28133",""
"28135","Tallahatchie","MS",49,6400,14903,"wave_coverage_differs","28135",""
"28137","Tate","MS",57,14591,25370,"wave_coverage_differs","28137",""
"28139","Tippah","MS",82,14672,20826,"wave_coverage_differs","28139",""
"28141","Tishomingo","MS",75,11139,19163,"wave_coverage_differs","28141",""
"28143","Tunica","MS",13,1626,9227,"wave_coverage_differs","28143",""
"28145","Union","MS",72,21314,25362,"wave_coverage_differs","28145",""
"28147","Walthall","MS",28,7322,15156,"wave_coverage_differs","28147",""
"28149","Warren","MS",64,28622,49644,"wave_coverage_differs","28149",""
"28151","Washington","MS",69,27781,62977,"wave_coverage_differs","28151",""
"28153","Wayne","MS",68,11088,21216,"wave_coverage_differs","28153",""
"28155","Webster","MS",47,7728,10294,"wave_coverage_differs","28155",""
"28157","Wilkinson","MS",23,3735,10312,"wave_coverage_differs","28157",""
"28159","Winston","MS",59,12044,20160,"wave_coverage_differs","28159",""
"28161","Yalobusha","MS",47,7693,13051,"wave_coverage_differs","28161",""
"28163","Yazoo","MS",64,13560,28149,"wave_coverage_differs","28163",""
"29001","Adair","MO",41,10133,24977,"wave_coverage_differs","29001",""
"29003","Andrew","MO",30,7230,16492,"wave_coverage_differs","29003",""
"29005","Atchison","MO",21,4771,6430,"wave_coverage_differs","29005",""
"29007","Audrain","MO",62,17621,25853,"wave_coverage_differs","29007",""
"29009","Barry","MO",91,20840,34010,"wave_coverage_differs","29009",""
"29011","Barton","MO",38,6406,12541,"wave_coverage_differs","29011",""
"29013","Bates","MO",54,9478,16653,"wave_coverage_differs","29013",""
"29015","Benton","MO",45,8073,17180,"wave_coverage_differs","29015",""
"29017","Bollinger","MO",38,5234,12029,"wave_coverage_differs","29017",""
"29019","Boone","MO",129,55453,135454,"wave_coverage_differs","29019",""
"29021","Buchanan","MO",99,49567,85998,"wave_coverage_differs","29021",""
"29023","Butler","MO",75,14099,40867,"wave_coverage_differs","29023",""
"29025","Caldwell","MO",34,5313,8969,"wave_coverage_differs","29025",""
"29027","Callaway","MO",65,13945,40766,"wave_coverage_differs","29027",""
"29029","Camden","MO",57,13967,37051,"wave_coverage_differs","29029",""
"29031","Cape Girardeau","MO",92,42218,68693,"wave_coverage_differs","29031",""
"29033","Carroll","MO",37,7580,10285,"wave_coverage_differs","29033",""
"29035","Carter","MO",21,2184,5941,"wave_coverage_differs","29035",""
"29037","Cass","MO",87,33670,82092,"wave_coverage_differs","29037",""
"29039","Cedar","MO",46,7500,13733,"wave_coverage_differs","29039",""
"29041","Chariton","MO",28,5904,8438,"wave_coverage_differs","29041",""
"29043","Christian","MO",66,19666,54285,"wave_coverage_differs","29043",""
"29045","Clark","MO",30,3785,7416,"wave_coverage_differs","29045",""
"29047","Clay","MO",160,92519,184006,"wave_coverage_differs","29047",""
"29049","Clinton","MO",34,9540,18979,"wave_coverage_differs","29049",""
"29051","Cole","MO",74,54187,71397,"wave_coverage_differs","29051",""
"29053","Cooper","MO",46,9536,16670,"wave_coverage_differs","29053",""
"29055","Crawford","MO",45,9474,22804,"wave_coverage_differs","29055",""
"29057","Dade","MO",39,5023,7923,"wave_coverage_differs","29057",""
"29059","Dallas","MO",42,6001,15661,"wave_coverage_differs","29059",""
"29061","Daviess","MO",36,5050,8016,"wave_coverage_differs","29061",""
"29063","DeKalb","MO",36,4454,11597,"wave_coverage_differs","29063",""
"29065","Dent","MO",39,9736,14927,"wave_coverage_differs","29065",""
"29067","Douglas","MO",26,3525,13084,"wave_coverage_differs","29067",""
"29069","Dunklin","MO",82,17800,33155,"wave_coverage_differs","29069",""
"29071","Franklin","MO",151,54885,93807,"wave_coverage_differs","29071",""
"29073","Gasconade","MO",42,9397,15342,"wave_coverage_differs","29073",""
"29075","Gentry","MO",29,5461,6861,"wave_coverage_differs","29075",""
"29077","Greene","MO",275,135139,240391,"wave_coverage_differs","29077",""
"29079","Grundy","MO",41,7545,10432,"wave_coverage_differs","29079",""
"29081","Harrison","MO",49,6127,8850,"wave_coverage_differs","29081",""
"29083","Henry","MO",63,14106,21997,"wave_coverage_differs","29083",""
"29085","Hickory","MO",29,3728,8940,"wave_coverage_differs","29085",""
"29087","Holt","MO",32,3464,5351,"wave_coverage_differs","29087",""
"29089","Howard","MO",28,5365,10212,"wave_coverage_differs","29089",""
"29091","Howell","MO",93,18190,37238,"wave_coverage_differs","29091",""
"29093","Iron","MO",33,4707,10697,"wave_coverage_differs","29093",""
"29095","Jackson","MO",571,335496,654880,"wave_coverage_differs","29095",""
"29097","Jasper","MO",179,61150,104686,"wave_coverage_differs","29097",""
"29099","Jefferson","MO",141,80523,198099,"wave_coverage_differs","29099",""
"29101","Johnson","MO",79,20852,48258,"wave_coverage_differs","29101",""
"29103","Knox","MO",24,2808,4361,"wave_coverage_differs","29103",""
"29105","Laclede","MO",78,16439,32513,"wave_coverage_differs","29105",""
"29107","Lafayette","MO",69,20156,32960,"wave_coverage_differs","29107",""
"29109","Lawrence","MO",90,19754,35204,"wave_coverage_differs","29109",""
"29111","Lewis","MO",36,6638,10494,"wave_coverage_differs","29111",""
"29113","Lincoln","MO",58,16239,38944,"wave_coverage_differs","29113",""
"29115","Linn","MO",48,9344,13754,"wave_coverage_differs","29115",""
"29117","Livingston","MO",40,10943,14558,"wave_coverage_differs","29117",""
"29119","McDonald","MO",45,7926,21681,"wave_coverage_differs","29119",""
"29121","Macon","MO",59,11040,15762,"wave_coverage_differs","29121",""
"29123","Madison","MO",41,6887,11800,"wave_coverage_differs","29123",""
"29125","Maries","MO",30,4912,8903,"wave_coverage_differs","29125",""
"29127","Marion","MO",61,18535,28289,"wave_coverage_differs","29127",""
"29129","Mercer","MO",19,3087,3757,"wave_coverage_differs","29129",""
"29131","Miller","MO",52,13570,23564,"wave_coverage_differs","29131",""
"29133","Mississippi","MO",30,6320,13427,"wave_coverage_differs","29133",""
"29135","Moniteau","MO",44,10259,14827,"wave_coverage_differs","29135",""
"29137","Monroe","MO",32,5747,9311,"wave_coverage_differs","29137",""
"29139","Montgomery","MO",45,7455,12136,"wave_coverage_differs","29139",""
"29141","Morgan","MO",47,10423,19309,"wave_coverage_differs","29141",""
"29143","New Madrid","MO",50,9732,19760,"wave_coverage_differs","29143",""
"29145","Newton","MO",98,23480,52636,"wave_coverage_differs","29145",""
"29147","Nodaway","MO",44,11842,21912,"wave_coverage_differs","29147",""
"29149","Oregon","MO",52,6044,10344,"wave_coverage_differs","29149",""
"29151","Osage","MO",35,9484,13062,"wave_coverage_differs","29151",""
"29153","Ozark","MO",26,2191,9542,"wave_coverage_differs","29153",""
"29155","Pemiscot","MO",55,12367,20047,"wave_coverage_differs","29155",""
"29157","Perry","MO",28,13793,18132,"wave_coverage_differs","29157",""
"29159","Pettis","MO",73,24188,39403,"wave_coverage_differs","29159",""
"29161","Phelps","MO",68,18193,39825,"wave_coverage_differs","29161",""
"29163","Pike","MO",63,9541,18351,"wave_coverage_differs","29163",""
"29165","Platte","MO",61,30605,73781,"wave_coverage_differs","29165",""
"29167","Polk","MO",77,14844,26992,"wave_coverage_differs","29167",""
"29169","Pulaski","MO",73,17920,41165,"wave_coverage_differs","29169",""
"29171","Putnam","MO",17,2765,5223,"wave_coverage_differs","29171",""
"29173","Ralls","MO",20,4134,9626,"wave_coverage_differs","29173",""
"29175","Randolph","MO",55,14218,24663,"wave_coverage_differs","29175",""
"29177","Ray","MO",56,12428,23354,"wave_coverage_differs","29177",""
"29179","Reynolds","MO",21,2877,6689,"wave_coverage_differs","29179",""
"29181","Ripley","MO",39,3837,13509,"wave_coverage_differs","29181",""
"29183","St. Charles","MO",146,145239,283883,"wave_coverage_differs","29183",""
"29185","St. Clair","MO",31,4616,9652,"wave_coverage_differs","29185",""
"29186","Ste. Genevieve","MO",29,12970,17842,"wave_coverage_differs","29186",""
"29187","St. Francois","MO",111,28494,55641,"wave_coverage_differs","29187",""
"29189","St. Louis","MO",571,580919,1016315,"wave_coverage_differs","29189",""
"29195","Saline","MO",71,13114,23756,"wave_coverage_differs","29195",""
"29197","Schuyler","MO",18,2161,4170,"wave_coverage_differs","29197",""
"29199","Scotland","MO",21,2825,4983,"wave_coverage_differs","29199",""
"29201","Scott","MO",70,23550,40422,"wave_coverage_differs","29201",""
"29203","Shannon","MO",28,2759,8324,"wave_coverage_differs","29203",""
"29205","Shelby","MO",35,5174,6799,"wave_coverage_differs","29205",""
"29207","Stoddard","MO",66,11523,29705,"wave_coverage_differs","29207",""
"29209","Stone","MO",56,10410,28658,"wave_coverage_differs","29209",""
"29211","Sullivan","MO",28,3083,7219,"wave_coverage_differs","29211",""
"29213","Taney","MO",50,12803,39703,"wave_coverage_differs","29213",""
"29215","Texas","MO",86,15051,23003,"wave_coverage_differs","29215",""
"29217","Vernon","MO",49,10000,20454,"wave_coverage_differs","29217",""
"29219","Warren","MO",29,11075,24525,"wave_coverage_differs","29219",""
"29221","Washington","MO",53,10162,23344,"wave_coverage_differs","29221",""
"29223","Wayne","MO",42,4713,13259,"wave_coverage_differs","29223",""
"29225","Webster","MO",90,15876,31045,"wave_coverage_differs","29225",""
"29227","Worth","MO",15,1993,2382,"wave_coverage_differs","29227",""
"29229","Wright","MO",70,10766,17955,"wave_coverage_differs","29229",""
"29510","St. Louis","MO",267,143301,348189,"wave_coverage_differs","29510",""
"30001","Beaverhead","MT",19,4463,9202,"wave_coverage_differs","30001",""
"30003","Big Horn","MT",35,4994,12671,"wave_coverage_differs","30003",""
"30005","Blaine","MT",27,4744,7009,"wave_coverage_differs","30005",""
"30007","Broadwater","MT",11,1638,4385,"wave_coverage_differs","30007",""
"30009","Carbon","MT",27,3639,9552,"wave_coverage_differs","30009",""
"30011","Carter","MT",6,434,1360,"wave_coverage_differs","30011",""
"30013","Cascade","MT",86,34762,80357,"wave_coverage_differs","30013",""
"30015","Chouteau","MT",17,6220,5970,"wave_coverage_differs","30015",""
"30017","Custer","MT",20,5633,11696,"wave_coverage_differs","30017",""
"30019","Daniels","MT",11,2639,2017,"wave_coverage_differs","30019",""
"30021","Dawson","MT",20,4362,9059,"wave_coverage_differs","30021",""
"30023","Deer Lodge","MT",14,6590,9417,"wave_coverage_differs","30023",""
"30025","Fallon","MT",11,2456,2837,"wave_coverage_differs","30025",""
"30027","Fergus","MT",35,6336,11893,"wave_coverage_differs","30027",""
"30029","Flathead","MT",95,29790,74471,"wave_coverage_differs","30029",""
"30031","Gallatin","MT",76,24013,67831,"wave_coverage_differs;boundary_change_crosswalked","30031, 30113","Montana's Yellowstone National Park county-equivalent was dissolved in 1997. Mapped to Gallatin County for continuity with the Phase 1 crosswalk; a small population share belonged with Park County."
"30033","Garfield","MT",8,522,1279,"wave_coverage_differs","30033",""
"30035","Glacier","MT",21,9590,13247,"wave_coverage_differs","30035",""
"30037","Golden Valley","MT",8,355,1042,"wave_coverage_differs","30037",""
"30039","Granite","MT",8,556,2830,"wave_coverage_differs","30039",""
"30041","Hill","MT",41,7599,16673,"wave_coverage_differs","30041",""
"30043","Jefferson","MT",21,2571,10049,"wave_coverage_differs","30043",""
"30045","Judith Basin","MT",10,998,2329,"wave_coverage_differs","30045",""
"30047","Lake","MT",45,10595,26507,"wave_coverage_differs","30047",""
"30049","Lewis and Clark","MT",63,28467,55716,"wave_coverage_differs","30049",""
"30051","Liberty","MT",11,1759,2158,"wave_coverage_differs","30051",""
"30053","Lincoln","MT",40,7199,18837,"wave_coverage_differs","30053",""
"30055","McCone","MT",10,1225,1977,"wave_coverage_differs","30055",""
"30057","Madison","MT",16,1690,6851,"wave_coverage_differs","30057",""
"30059","Meagher","MT",8,725,1932,"wave_coverage_differs","30059",""
"30061","Mineral","MT",12,1010,3884,"wave_coverage_differs","30061",""
"30063","Missoula","MT",86,31006,95802,"wave_coverage_differs","30063",""
"30065","Musselshell","MT",17,1244,4497,"wave_coverage_differs","30065",""
"30067","Park","MT",24,4463,15694,"wave_coverage_differs","30067",""
"30069","Petroleum","MT",3,167,493,"wave_coverage_differs","30069",""
"30071","Phillips","MT",22,3708,4601,"wave_coverage_differs","30071",""
"30073","Pondera","MT",20,4581,6424,"wave_coverage_differs","30073",""
"30075","Powder River","MT",8,850,1858,"wave_coverage_differs","30075",""
"30077","Powell","MT",17,2676,7180,"wave_coverage_differs","30077",""
"30079","Prairie","MT",6,889,1199,"wave_coverage_differs","30079",""
"30081","Ravalli","MT",47,10605,36070,"wave_coverage_differs","30081",""
"30083","Richland","MT",28,6949,9667,"wave_coverage_differs","30083",""
"30085","Roosevelt","MT",42,8763,10620,"wave_coverage_differs","30085",""
"30087","Rosebud","MT",29,4330,9383,"wave_coverage_differs","30087",""
"30089","Sanders","MT",29,3546,10227,"wave_coverage_differs","30089",""
"30091","Sheridan","MT",25,3110,4105,"wave_coverage_differs","30091",""
"30093","Silver Bow","MT",39,18786,34606,"wave_coverage_differs","30093",""
"30095","Stillwater","MT",17,2396,8195,"wave_coverage_differs","30095",""
"30097","Sweet Grass","MT",11,1230,3609,"wave_coverage_differs","30097",""
"30099","Teton","MT",28,4295,6445,"wave_coverage_differs","30099",""
"30101","Toole","MT",20,3613,5267,"wave_coverage_differs","30101",""
"30103","Treasure","MT",4,414,861,"wave_coverage_differs","30103",""
"30105","Valley","MT",31,3626,7675,"wave_coverage_differs","30105",""
"30107","Wheatland","MT",13,1111,2259,"wave_coverage_differs","30107",""
"30109","Wibaux","MT",6,729,1068,"wave_coverage_differs","30109",""
"30111","Yellowstone","MT",139,62831,129352,"wave_coverage_differs","30111",""
"31001","Adams","NE",43,19579,31151,"wave_coverage_differs","31001",""
"31003","Antelope","NE",30,6103,7452,"wave_coverage_differs","31003",""
"31005","Arthur","NE",2,321,444,"wave_coverage_differs","31005",""
"31007","Banner","NE",2,104,819,"wave_coverage_differs","31007",""
"31009","Blaine","NE",5,442,583,"wave_coverage_differs","31009",""
"31011","Boone","NE",25,5364,6259,"wave_coverage_differs","31011",""
"31013","Box Butte","NE",21,8083,12158,"wave_coverage_differs","31013",""
"31015","Boyd","NE",19,2205,2438,"wave_coverage_differs","31015",""
"31017","Brown","NE",9,2062,3525,"wave_coverage_differs","31017",""
"31019","Buffalo","NE",63,26688,42259,"wave_coverage_differs","31019",""
"31021","Burt","NE",24,5718,7791,"wave_coverage_differs","31021",""
"31023","Butler","NE",25,5098,8767,"wave_coverage_differs","31023",""
"31025","Cass","NE",42,15199,24334,"wave_coverage_differs","31025",""
"31027","Cedar","NE",24,8285,9615,"wave_coverage_differs","31027",""
"31029","Chase","NE",15,2755,4068,"wave_coverage_differs","31029",""
"31031","Cherry","NE",23,3447,6148,"wave_coverage_differs","31031",""
"31033","Cheyenne","NE",30,6313,9830,"wave_coverage_differs","31033",""
"31035","Clay","NE",30,4963,7039,"wave_coverage_differs","31035",""
"31037","Colfax","NE",20,6997,10441,"wave_coverage_differs","31037",""
"31039","Cuming","NE",27,8820,10203,"wave_coverage_differs","31039",""
"31041","Custer","NE",41,6784,11793,"wave_coverage_differs","31041",""
"31043","Dakota","NE",19,8965,20253,"wave_coverage_differs","31043",""
"31045","Dawes","NE",21,4142,9060,"wave_coverage_differs","31045",""
"31047","Dawson","NE",53,21716,24365,"wave_coverage_differs","31047",""
"31049","Deuel","NE",10,1648,2098,"wave_coverage_differs","31049",""
"31051","Dixon","NE",24,5334,6339,"wave_coverage_differs","31051",""
"31053","Dodge","NE",54,25281,36160,"wave_coverage_differs","31053",""
"31055","Douglas","NE",317,252586,463585,"wave_coverage_differs","31055",""
"31057","Dundy","NE",10,1573,2292,"wave_coverage_differs","31057",""
"31059","Fillmore","NE",23,4795,6634,"wave_coverage_differs","31059",""
"31061","Franklin","NE",18,2880,3574,"wave_coverage_differs","31061",""
"31063","Frontier","NE",11,1919,3099,"wave_coverage_differs","31063",""
"31065","Furnas","NE",26,4384,5324,"wave_coverage_differs","31065",""
"31067","Gage","NE",57,16917,22993,"wave_coverage_differs","31067",""
"31069","Garden","NE",13,1605,2292,"wave_coverage_differs","31069",""
"31071","Garfield","NE",8,1644,1902,"wave_coverage_differs","31071",""
"31073","Gosper","NE",5,1815,2143,"wave_coverage_differs","31073",""
"31075","Grant","NE",7,417,747,"wave_coverage_differs","31075",""
"31077","Greeley","NE",13,3108,2714,"wave_coverage_differs","31077",""
"31079","Hall","NE",60,47128,53534,"wave_coverage_differs","31079",""
"31081","Hamilton","NE",24,5717,9403,"wave_coverage_differs","31081",""
"31083","Harlan","NE",17,2285,3786,"wave_coverage_differs","31083",""
"31085","Hayes","NE",3,395,1068,"wave_coverage_differs","31085",""
"31087","Hitchcock","NE",13,2011,3111,"wave_coverage_differs","31087",""
"31089","Holt","NE",32,7559,11551,"wave_coverage_differs","31089",""
"31091","Hooker","NE",4,342,783,"wave_coverage_differs","31091",""
"31093","Howard","NE",16,4120,6567,"wave_coverage_differs","31093",""
"31095","Jefferson","NE",28,6492,8333,"wave_coverage_differs","31095",""
"31097","Johnson","NE",16,2919,4488,"wave_coverage_differs","31097",""
"31099","Kearney","NE",17,4638,6882,"wave_coverage_differs","31099",""
"31101","Keith","NE",20,4628,8875,"wave_coverage_differs","31101",""
"31103","Keya Paha","NE",6,572,983,"wave_coverage_differs","31103",""
"31105","Kimball","NE",12,2542,4089,"wave_coverage_differs","31105",""
"31107","Knox","NE",31,7539,9374,"wave_coverage_differs","31107",""
"31109","Lancaster","NE",198,113586,250291,"wave_coverage_differs","31109",""
"31111","Lincoln","NE",50,20797,34632,"wave_coverage_differs","31111",""
"31113","Logan","NE",3,662,774,"wave_coverage_differs","31113",""
"31115","Loup","NE",3,184,712,"wave_coverage_differs","31115",""
"31117","McPherson","NE",2,161,533,"wave_coverage_differs","31117",""
"31119","Madison","NE",49,28430,35226,"wave_coverage_differs","31119",""
"31121","Merrick","NE",26,5337,8204,"wave_coverage_differs","31121",""
"31123","Morrill","NE",18,3108,5440,"wave_coverage_differs","31123",""
"31125","Nance","NE",11,2890,4038,"wave_coverage_differs","31125",""
"31127","Nemaha","NE",28,5010,7576,"wave_coverage_differs","31127",""
"31129","Nuckolls","NE",21,3922,5057,"wave_coverage_differs","31129",""
"31131","Otoe","NE",44,11012,15396,"wave_coverage_differs","31131",""
"31133","Pawnee","NE",14,2005,3087,"wave_coverage_differs","31133",""
"31135","Perkins","NE",12,2357,3200,"wave_coverage_differs","31135",""
"31137","Phelps","NE",28,6518,9747,"wave_coverage_differs","31137",""
"31139","Pierce","NE",19,6499,7857,"wave_coverage_differs","31139",""
"31141","Platte","NE",42,25572,31662,"wave_coverage_differs","31141",""
"31143","Polk","NE",17,3760,5639,"wave_coverage_differs","31143",""
"31145","Red Willow","NE",27,7245,11448,"wave_coverage_differs","31145",""
"31147","Richardson","NE",32,5584,9531,"wave_coverage_differs","31147",""
"31149","Rock","NE",7,781,1756,"wave_coverage_differs","31149",""
"31151","Saline","NE",21,6827,13843,"wave_coverage_differs","31151",""
"31153","Sarpy","NE",62,47221,122595,"wave_coverage_differs","31153",""
"31155","Saunders","NE",49,12874,19830,"wave_coverage_differs","31155",""
"31157","Scotts Bluff","NE",61,19241,36951,"wave_coverage_differs","31157",""
"31159","Seward","NE",34,11049,16496,"wave_coverage_differs","31159",""
"31161","Sheridan","NE",24,2699,6198,"wave_coverage_differs","31161",""
"31163","Sherman","NE",14,1903,3318,"wave_coverage_differs","31163",""
"31165","Sioux","NE",3,355,1475,"wave_coverage_differs","31165",""
"31167","Stanton","NE",9,2078,6455,"wave_coverage_differs","31167",""
"31169","Thayer","NE",32,5681,6055,"wave_coverage_differs","31169",""
"31171","Thomas","NE",6,439,729,"wave_coverage_differs","31171",""
"31173","Thurston","NE",23,3647,7171,"wave_coverage_differs","31173",""
"31175","Valley","NE",14,3265,4647,"wave_coverage_differs","31175",""
"31177","Washington","NE",23,10035,18780,"wave_coverage_differs","31177",""
"31179","Wayne","NE",19,5861,9851,"wave_coverage_differs","31179",""
"31181","Webster","NE",16,2730,4061,"wave_coverage_differs","31181",""
"31183","Wheeler","NE",5,471,886,"wave_coverage_differs","31183",""
"31185","York","NE",38,10118,14598,"wave_coverage_differs","31185",""
"32001","Churchill","NV",19,7102,23982,"wave_coverage_differs","32001",""
"32003","Clark","NV",487,498697,1375765,"wave_coverage_differs","32003",""
"32005","Douglas","NV",27,9328,41259,"wave_coverage_differs","32005",""
"32007","Elko","NV",45,16638,45291,"wave_coverage_differs","32007",""
"32009","Esmeralda","NV",2,365,971,"wave_coverage_differs","32009",""
"32011","Eureka","NV",5,553,1651,"wave_coverage_differs","32011",""
"32013","Humboldt","NV",18,6905,16106,"wave_coverage_differs","32013",""
"32015","Lander","NV",18,3298,5794,"wave_coverage_differs","32015",""
"32017","Lincoln","NV",14,2835,4165,"wave_coverage_differs","32017",""
"32019","Lyon","NV",31,8162,34501,"wave_coverage_differs","32019",""
"32021","Mineral","NV",15,1751,5071,"wave_coverage_differs","32021",""
"32023","Nye","NV",41,6826,32485,"wave_coverage_differs","32023",""
"32027","Pershing","NV",10,1631,6693,"wave_coverage_differs","32027",""
"32029","Storey","NV",3,233,3399,"wave_coverage_differs","32029",""
"32031","Washoe","NV",152,94836,339486,"wave_coverage_differs","32031",""
"32033","White Pine","NV",18,5099,9181,"wave_coverage_differs","32033",""
"32510","Carson City","NV",33,20860,52457,"wave_coverage_differs","32510",""
"33001","Belknap","NH",51,25701,56325,"wave_coverage_differs","33001",""
"33003","Carroll","NH",47,11788,43666,"wave_coverage_differs","33003",""
"33005","Cheshire","NH",77,22764,73825,"wave_coverage_differs","33005",""
"33007","Coos","NH",49,21724,33111,"wave_coverage_differs","33007",""
"33009","Grafton","NH",95,25327,81743,"wave_coverage_differs","33009",""
"33011","Hillsborough","NH",189,221420,380841,"wave_coverage_differs","33011",""
"33013","Merrimack","NH",99,52540,136225,"wave_coverage_differs","33013",""
"33015","Rockingham","NH",150,150252,277359,"wave_coverage_differs","33015",""
"33017","Strafford","NH",66,43804,112233,"wave_coverage_differs","33017",""
"33019","Sullivan","NH",49,13702,40458,"wave_coverage_differs","33019",""
"34001","Atlantic","NJ",145,102543,252552,"wave_coverage_differs","34001",""
"34003","Bergen","NJ",502,664191,884118,"wave_coverage_differs","34003",""
"34005","Burlington","NJ",219,204182,423394,"wave_coverage_differs","34005",""
"34007","Camden","NJ",274,282276,508932,"wave_coverage_differs","34007",""
"34009","Cape May","NJ",85,47543,102326,"wave_coverage_differs","34009",""
"34011","Cumberland","NJ",133,58322,146438,"wave_coverage_differs","34011",""
"34013","Essex","NJ",419,451976,793633,"wave_coverage_differs","34013",""
"34015","Gloucester","NJ",155,132922,254673,"wave_coverage_differs","34015",""
"34017","Hudson","NJ",279,378031,608975,"wave_coverage_differs","34017",""
"34019","Hunterdon","NJ",106,64208,121989,"wave_coverage_differs","34019",""
"34021","Mercer","NJ",213,178051,350761,"wave_coverage_differs","34021",""
"34023","Middlesex","NJ",313,449216,750162,"wave_coverage_differs","34023",""
"34025","Monmouth","NJ",305,424763,615301,"wave_coverage_differs","34025",""
"34027","Morris","NJ",262,267563,470212,"wave_coverage_differs","34027",""
"34029","Ocean","NJ",193,266614,510916,"wave_coverage_differs","34029",""
"34031","Passaic","NJ",262,241033,489049,"wave_coverage_differs","34031",""
"34033","Salem","NJ",71,19360,64285,"wave_coverage_differs","34033",""
"34035","Somerset","NJ",147,170690,297490,"wave_coverage_differs","34035",""
"34037","Sussex","NJ",84,64150,144166,"wave_coverage_differs","34037",""
"34039","Union","NJ",262,342107,522541,"wave_coverage_differs","34039",""
"34041","Warren","NJ",102,49015,102437,"wave_coverage_differs","34041",""
"35001","Bernalillo","NM",321,304429,556678,"wave_coverage_differs","35001",""
"35003","Catron","NM",20,1578,3543,"wave_coverage_differs","35003",""
"35005","Chaves","NM",86,37927,61382,"wave_coverage_differs","35005",""
"35006","Cibola","NM",47,16183,25595,"wave_coverage_differs","35006",""
"35007","Colfax","NM",40,9802,14189,"wave_coverage_differs","35007",""
"35009","Curry","NM",57,26557,45044,"wave_coverage_differs","35009",""
"35011","De Baca","NM",5,1906,2240,"wave_coverage_differs","35011",""
"35013","Doña Ana","NM",144,135112,174682,"wave_coverage_differs","35013",""
"35015","Eddy","NM",82,38250,51658,"wave_coverage_differs","35015",""
"35017","Grant","NM",53,27469,31002,"wave_coverage_differs","35017",""
"35019","Guadalupe","NM",20,4446,4680,"wave_coverage_differs","35019",""
"35021","Harding","NM",8,657,810,"wave_coverage_differs","35021",""
"35023","Hidalgo","NM",15,5388,5932,"wave_coverage_differs","35023",""
"35025","Lea","NM",100,45252,55511,"wave_coverage_differs","35025",""
"35027","Lincoln","NM",37,8962,19411,"wave_coverage_differs","35027",""
"35028","Los Alamos","NM",29,14996,18343,"wave_coverage_differs","35028",""
"35029","Luna","NM",28,8845,25016,"wave_coverage_differs","35029",""
"35031","McKinley","NM",81,29745,74798,"wave_coverage_differs","35031",""
"35033","Mora","NM",34,3603,5180,"wave_coverage_differs","35033",""
"35035","Otero","NM",72,28776,62298,"wave_coverage_differs","35035",""
"35037","Quay","NM",37,9131,10155,"wave_coverage_differs","35037",""
"35039","Rio Arriba","NM",86,26037,41190,"wave_coverage_differs","35039",""
"35041","Roosevelt","NM",41,12325,18018,"wave_coverage_differs","35041",""
"35043","Sandoval","NM",73,42080,89908,"wave_coverage_differs","35043",""
"35045","San Juan","NM",137,45833,113801,"wave_coverage_differs","35045",""
"35047","San Miguel","NM",57,23141,30126,"wave_coverage_differs","35047",""
"35049","Santa Fe","NM",92,63977,129292,"wave_coverage_differs","35049",""
"35051","Sierra","NM",23,4762,13270,"wave_coverage_differs","35051",""
"35053","Socorro","NM",38,7454,18078,"wave_coverage_differs","35053",""
"35055","Taos","NM",68,20926,29979,"wave_coverage_differs","35055",""
"35057","Torrance","NM",32,13226,16911,"wave_coverage_differs","35057",""
"35059","Union","NM",14,1964,4174,"wave_coverage_differs","35059",""
"35061","Valencia","NM",49,37089,66152,"wave_coverage_differs","35061",""
"36001","Albany","NY",199,187944,294565,"wave_coverage_differs","36001",""
"36003","Allegany","NY",102,17839,49927,"wave_coverage_differs","36003",""
"36005","Bronx","NY",426,750411,1332650,"wave_coverage_differs","36005",""
"36007","Broome","NY",196,112131,200536,"wave_coverage_differs","36007",""
"36009","Cattaraugus","NY",139,34890,83955,"wave_coverage_differs","36009",""
"36011","Cayuga","NY",86,39466,81963,"wave_coverage_differs","36011",""
"36013","Chautauqua","NY",198,70267,139750,"wave_coverage_differs","36013",""
"36015","Chemung","NY",93,42608,91070,"wave_coverage_differs","36015",""
"36017","Chenango","NY",74,18272,51401,"wave_coverage_differs","36017",""
"36019","Clinton","NY",71,55378,79894,"wave_coverage_differs","36019",""
"36021","Columbia","NY",81,28875,63094,"wave_coverage_differs","36021",""
"36023","Cortland","NY",54,15939,48599,"wave_coverage_differs","36023",""
"36025","Delaware","NY",95,20955,48055,"wave_coverage_differs","36025",""
"36027","Dutchess","NY",171,163204,280150,"wave_coverage_differs","36027",""
"36029","Erie","NY",570,706830,950265,"wave_coverage_differs","36029",""
"36031","Essex","NY",63,19892,38851,"wave_coverage_differs","36031",""
"36033","Franklin","NY",65,32528,51134,"wave_coverage_differs","36033",""
"36035","Fulton","NY",52,23974,55073,"wave_coverage_differs","36035",""
"36037","Genesee","NY",70,35592,60370,"wave_coverage_differs","36037",""
"36039","Greene","NY",60,17071,48195,"wave_coverage_differs","36039",""
"36041","Hamilton","NY",25,3917,5379,"wave_coverage_differs","36041",""
"36043","Herkimer","NY",76,35086,64427,"wave_coverage_differs","36043",""
"36045","Jefferson","NY",136,49324,111738,"wave_coverage_differs","36045",""
"36047","Kings","NY",959,1552336,2465326,"wave_coverage_differs","36047",""
"36049","Lewis","NY",53,17422,26944,"wave_coverage_differs","36049",""
"36051","Livingston","NY",75,23463,64328,"wave_coverage_differs","36051",""
"36053","Madison","NY",70,25636,69441,"wave_coverage_differs","36053",""
"36055","Monroe","NY",418,399093,735343,"wave_coverage_differs","36055",""
"36057","Montgomery","NY",65,34927,49708,"wave_coverage_differs","36057",""
"36059","Nassau","NY",560,1014215,1334544,"wave_coverage_differs","36059",""
"36061","New York","NY",665,1075375,1537195,"wave_coverage_differs","36061",""
"36063","Niagara","NY",182,123670,219846,"wave_coverage_differs","36063",""
"36065","Oneida","NY",230,122762,235469,"wave_coverage_differs","36065",""
"36067","Onondaga","NY",317,237014,458336,"wave_coverage_differs","36067",""
"36069","Ontario","NY",90,46394,100224,"wave_coverage_differs","36069",""
"36071","Orange","NY",200,214863,341367,"wave_coverage_differs","36071",""
"36073","Orleans","NY",47,20113,44171,"wave_coverage_differs","36073",""
"36075","Oswego","NY",128,47246,122377,"wave_coverage_differs","36075",""
"36077","Otsego","NY",86,21539,61676,"wave_coverage_differs","36077",""
"36079","Putnam","NY",41,60978,95745,"wave_coverage_differs","36079",""
"36081","Queens","NY",884,1074268,2229379,"wave_coverage_differs","36081",""
"36083","Rensselaer","NY",138,71581,152538,"wave_coverage_differs","36083",""
"36085","Richmond","NY",154,332964,443728,"wave_coverage_differs","36085",""
"36087","Rockland","NY",174,237759,286753,"wave_coverage_differs","36087",""
"36089","St. Lawrence","NY",161,51625,111931,"wave_coverage_differs","36089",""
"36091","Saratoga","NY",116,81578,200635,"wave_coverage_differs","36091",""
"36093","Schenectady","NY",110,102159,146555,"wave_coverage_differs","36093",""
"36095","Schoharie","NY",54,12260,31582,"wave_coverage_differs","36095",""
"36097","Schuyler","NY",32,12865,19224,"wave_coverage_differs","36097",""
"36099","Seneca","NY",39,13408,33342,"wave_coverage_differs","36099",""
"36101","Steuben","NY",137,42160,98726,"wave_coverage_differs","36101",""
"36103","Suffolk","NY",498,964721,1419369,"wave_coverage_differs","36103",""
"36105","Sullivan","NY",90,33021,73966,"wave_coverage_differs","36105",""
"36107","Tioga","NY",62,18523,51784,"wave_coverage_differs","36107",""
"36109","Tompkins","NY",79,25616,96501,"wave_coverage_differs","36109",""
"36111","Ulster","NY",157,89990,177749,"wave_coverage_differs","36111",""
"36113","Warren","NY",64,32512,63303,"wave_coverage_differs","36113",""
"36115","Washington","NY",71,23790,61042,"wave_coverage_differs","36115",""
"36117","Wayne","NY",104,38038,93765,"wave_coverage_differs","36117",""
"36119","Westchester","NY",479,650631,923459,"wave_coverage_differs","36119",""
"36121","Wyoming","NY",62,20100,43424,"wave_coverage_differs","36121",""
"36123","Yates","NY",48,12403,24621,"wave_coverage_differs","36123",""
"37001","Alamance","NC",153,55328,130800,"wave_coverage_differs","37001",""
"37003","Alexander","NC",64,22029,33603,"wave_coverage_differs","37003",""
"37005","Alleghany","NC",32,2969,10677,"wave_coverage_differs","37005",""
"37007","Anson","NC",76,12331,25275,"wave_coverage_differs","37007",""
"37009","Ashe","NC",98,12258,24384,"wave_coverage_differs","37009",""
"37011","Avery","NC",69,7987,17167,"wave_coverage_differs","37011",""
"37013","Beaufort","NC",112,22244,44958,"wave_coverage_differs","37013",""
"37015","Bertie","NC",42,8548,19773,"wave_coverage_differs","37015",""
"37017","Bladen","NC",76,14596,32278,"wave_coverage_differs","37017",""
"37019","Brunswick","NC",92,23650,73143,"wave_coverage_differs","37019",""
"37021","Buncombe","NC",311,112672,206330,"wave_coverage_differs","37021",""
"37023","Burke","NC",160,53830,89148,"wave_coverage_differs","37023",""
"37025","Cabarrus","NC",205,68515,131063,"wave_coverage_differs","37025",""
"37027","Caldwell","NC",139,47557,77415,"wave_coverage_differs","37027",""
"37029","Camden","NC",15,2969,6885,"wave_coverage_differs","37029",""
"37031","Carteret","NC",97,24833,59383,"wave_coverage_differs","37031",""
"37033","Caswell","NC",47,6572,23501,"wave_coverage_differs","37033",""
"37035","Catawba","NC",207,85731,141685,"wave_coverage_differs","37035",""
"37037","Chatham","NC",92,18736,49329,"wave_coverage_differs","37037",""
"37039","Cherokee","NC",77,13084,24298,"wave_coverage_differs","37039",""
"37041","Chowan","NC",22,6894,14526,"wave_coverage_differs","37041",""
"37043","Clay","NC",38,5154,8775,"wave_coverage_differs","37043",""
"37045","Cleveland","NC",175,60289,96287,"wave_coverage_differs","37045",""
"37047","Columbus","NC",136,29394,54749,"wave_coverage_differs","37047",""
"37049","Craven","NC",116,39626,91436,"wave_coverage_differs","37049",""
"37051","Cumberland","NC",231,105444,302963,"wave_coverage_differs","37051",""
"37053","Currituck","NC",20,5496,18190,"wave_coverage_differs","37053",""
"37055","Dare","NC",45,11677,29967,"wave_coverage_differs","37055",""
"37057","Davidson","NC",198,64146,147246,"wave_coverage_differs","37057",""
"37059","Davie","NC",62,17038,34835,"wave_coverage_differs","37059",""
"37061","Duplin","NC",92,17661,49063,"wave_coverage_differs","37061",""
"37063","Durham","NC",192,87815,223314,"wave_coverage_differs","37063",""
"37065","Edgecombe","NC",76,18472,55606,"wave_coverage_differs","37065",""
"37067","Forsyth","NC",311,154145,306067,"wave_coverage_differs","37067",""
"37069","Franklin","NC",66,17194,47260,"wave_coverage_differs","37069",""
"37071","Gaston","NC",292,109364,190365,"wave_coverage_differs","37071",""
"37073","Gates","NC",22,4576,10516,"wave_coverage_differs","37073",""
"37075","Graham","NC",17,2554,7993,"wave_coverage_differs","37075",""
"37077","Granville","NC",65,18420,48498,"wave_coverage_differs","37077",""
"37079","Greene","NC",31,5640,18974,"wave_coverage_differs","37079",""
"37081","Guilford","NC",418,196524,421048,"wave_coverage_differs","37081",""
"37083","Halifax","NC",85,19859,57370,"wave_coverage_differs","37083",""
"37085","Harnett","NC",112,29682,91025,"wave_coverage_differs","37085",""
"37087","Haywood","NC",125,39459,54033,"wave_coverage_differs","37087",""
"37089","Henderson","NC",122,49780,89173,"wave_coverage_differs","37089",""
"37091","Hertford","NC",38,9784,22601,"wave_coverage_differs","37091",""
"37093","Hoke","NC",29,7558,33646,"wave_coverage_differs","37093",""
"37095","Hyde","NC",28,1820,5826,"wave_coverage_differs","37095",""
"37097","Iredell","NC",199,61467,122660,"wave_coverage_differs","37097",""
"37099","Jackson","NC",75,14297,33121,"wave_coverage_differs","37099",""
"37101","Johnston","NC",180,42940,121965,"wave_coverage_differs","37101",""
"37103","Jones","NC",25,4031,10381,"wave_coverage_differs","37103",""
"37105","Lee","NC",71,22208,49040,"wave_coverage_differs","37105",""
"37107","Lenoir","NC",96,23744,59648,"wave_coverage_differs","37107",""
"37109","Lincoln","NC",118,34695,63780,"wave_coverage_differs","37109",""
"37111","McDowell","NC",107,20200,42151,"wave_coverage_differs","37111",""
"37113","Macon","NC",100,20324,29811,"wave_coverage_differs","37113",""
"37115","Madison","NC",83,10530,19635,"wave_coverage_differs","37115",""
"37117","Martin","NC",59,13202,25593,"wave_coverage_differs","37117",""
"37119","Mecklenburg","NC",502,333605,695454,"wave_coverage_differs","37119",""
"37121","Mitchell","NC",58,11128,15687,"wave_coverage_differs","37121",""
"37123","Montgomery","NC",70,12104,26822,"wave_coverage_differs","37123",""
"37125","Moore","NC",113,30546,74769,"wave_coverage_differs","37125",""
"37127","Nash","NC",124,39507,87420,"wave_coverage_differs","37127",""
"37129","New Hanover","NC",132,75643,160307,"wave_coverage_differs","37129",""
"37131","Northampton","NC",41,6928,22086,"wave_coverage_differs","37131",""
"37133","Onslow","NC",97,38748,150355,"wave_coverage_differs","37133",""
"37135","Orange","NC",95,36032,118227,"wave_coverage_differs","37135",""
"37137","Pamlico","NC",38,4593,12934,"wave_coverage_differs","37137",""
"37139","Pasquotank","NC",37,11335,34897,"wave_coverage_differs","37139",""
"37141","Pender","NC",54,13631,41082,"wave_coverage_differs","37141",""
"37143","Perquimans","NC",29,4854,11368,"wave_coverage_differs","37143",""
"37145","Person","NC",47,15931,35623,"wave_coverage_differs","37145",""
"37147","Pitt","NC",136,42333,133798,"wave_coverage_differs","37147",""
"37149","Polk","NC",50,11566,18324,"wave_coverage_differs","37149",""
"37151","Randolph","NC",230,47833,130454,"wave_coverage_differs","37151",""
"37153","Richmond","NC",111,21798,46564,"wave_coverage_differs","37153",""
"37155","Robeson","NC",220,52327,123339,"wave_coverage_differs","37155",""
"37157","Rockingham","NC",162,35686,91928,"wave_coverage_differs","37157",""
"37159","Rowan","NC",196,63335,130340,"wave_coverage_differs","37159",""
"37161","Rutherford","NC",150,44162,62899,"wave_coverage_differs","37161",""
"37163","Sampson","NC",117,27930,60161,"wave_coverage_differs","37163",""
"37165","Scotland","NC",61,13336,35998,"wave_coverage_differs","37165",""
"37167","Stanly","NC",136,36401,58100,"wave_coverage_differs","37167",""
"37169","Stokes","NC",73,16205,44711,"wave_coverage_differs","37169",""
"37171","Surry","NC",168,36133,71219,"wave_coverage_differs","37171",""
"37173","Swain","NC",40,5275,12968,"wave_coverage_differs","37173",""
"37175","Transylvania","NC",62,17573,29334,"wave_coverage_differs","37175",""
"37177","Tyrrell","NC",17,1800,4149,"wave_coverage_differs","37177",""
"37179","Union","NC",164,58963,123677,"wave_coverage_differs","37179",""
"37181","Vance","NC",72,19623,42954,"wave_coverage_differs","37181",""
"37183","Wake","NC",400,275130,627846,"wave_coverage_differs","37183",""
"37185","Warren","NC",42,7886,19972,"wave_coverage_differs","37185",""
"37187","Washington","NC",41,7169,13723,"wave_coverage_differs","37187",""
"37189","Watauga","NC",86,20284,42695,"wave_coverage_differs","37189",""
"37191","Wayne","NC",146,42242,113329,"wave_coverage_differs","37191",""
"37193","Wilkes","NC",127,38276,65632,"wave_coverage_differs","37193",""
"37195","Wilson","NC",103,28350,73814,"wave_coverage_differs","37195",""
"37197","Yadkin","NC",74,17120,36348,"wave_coverage_differs","37197",""
"37199","Yancey","NC",70,8553,17774,"wave_coverage_differs","37199",""
"38001","Adams","ND",12,1951,2593,"wave_coverage_differs","38001",""
"38003","Barnes","ND",37,9094,11775,"wave_coverage_differs","38003",""
"38005","Benson","ND",33,7999,6964,"wave_coverage_differs","38005",""
"38007","Billings","ND",3,48,888,"wave_coverage_differs","38007",""
"38009","Bottineau","ND",27,5852,7149,"wave_coverage_differs","38009",""
"38011","Bowman","ND",12,3270,3242,"wave_coverage_differs","38011",""
"38013","Burke","ND",16,2421,2242,"wave_coverage_differs","38013",""
"38015","Burleigh","ND",66,53999,69416,"wave_coverage_differs","38015",""
"38017","Cass","ND",123,69897,123138,"wave_coverage_differs","38017",""
"38019","Cavalier","ND",29,4003,4831,"wave_coverage_differs","38019",""
"38021","Dickey","ND",28,4666,5757,"wave_coverage_differs","38021",""
"38023","Divide","ND",13,1998,2283,"wave_coverage_differs","38023",""
"38025","Dunn","ND",16,3401,3600,"wave_coverage_differs","38025",""
"38027","Eddy","ND",9,2075,2757,"wave_coverage_differs","38027",""
"38029","Emmons","ND",17,4308,4331,"wave_coverage_differs","38029",""
"38031","Foster","ND",16,3665,3759,"wave_coverage_differs","38031",""
"38033","Golden Valley","ND",8,1436,1924,"wave_coverage_differs","38033",""
"38035","Grand Forks","ND",75,40272,66109,"wave_coverage_differs","38035",""
"38037","Grant","ND",21,2427,2841,"wave_coverage_differs","38037",""
"38039","Griggs","ND",18,2054,2754,"wave_coverage_differs","38039",""
"38041","Hettinger","ND",15,3055,2715,"wave_coverage_differs","38041",""
"38043","Kidder","ND",17,2207,2753,"wave_coverage_differs","38043",""
"38045","LaMoure","ND",36,4625,4701,"wave_coverage_differs","38045",""
"38047","Logan","ND",17,2202,2308,"wave_coverage_differs","38047",""
"38049","McHenry","ND",30,5010,5987,"wave_coverage_differs","38049",""
"38051","McIntosh","ND",18,3756,3390,"wave_coverage_differs","38051",""
"38053","McKenzie","ND",27,3339,5737,"wave_coverage_differs","38053",""
"38055","McLean","ND",43,8526,9311,"wave_coverage_differs","38055",""
"38057","Mercer","ND",28,8263,8644,"wave_coverage_differs","38057",""
"38059","Morton","ND",43,21180,25303,"wave_coverage_differs","38059",""
"38061","Mountrail","ND",28,4220,6631,"wave_coverage_differs","38061",""
"38063","Nelson","ND",22,3049,3715,"wave_coverage_differs","38063",""
"38065","Oliver","ND",4,1436,2065,"wave_coverage_differs","38065",""
"38067","Pembina","ND",45,7225,8585,"wave_coverage_differs","38067",""
"38069","Pierce","ND",16,3991,4675,"wave_coverage_differs","38069",""
"38071","Ramsey","ND",28,8993,12066,"wave_coverage_differs","38071",""
"38073","Ransom","ND",22,5352,5890,"wave_coverage_differs","38073",""
"38075","Renville","ND",14,2427,2610,"wave_coverage_differs","38075",""
"38077","Richland","ND",52,13704,17998,"wave_coverage_differs","38077",""
"38079","Rolette","ND",30,14314,13674,"wave_coverage_differs","38079",""
"38081","Sargent","ND",20,4108,4366,"wave_coverage_differs","38081",""
"38083","Sheridan","ND",15,1219,1710,"wave_coverage_differs","38083",""
"38085","Sioux","ND",11,1932,4044,"wave_coverage_differs","38085",""
"38087","Slope","ND",3,310,767,"wave_coverage_differs","38087",""
"38089","Stark","ND",35,19234,22636,"wave_coverage_differs","38089",""
"38091","Steele","ND",21,2329,2258,"wave_coverage_differs","38091",""
"38093","Stutsman","ND",44,15275,21908,"wave_coverage_differs","38093",""
"38095","Towner","ND",13,2546,2876,"wave_coverage_differs","38095",""
"38097","Traill","ND",28,7317,8477,"wave_coverage_differs","38097",""
"38099","Walsh","ND",46,11530,12389,"wave_coverage_differs","38099",""
"38101","Ward","ND",81,32496,58795,"wave_coverage_differs","38101",""
"38103","Wells","ND",30,4420,5102,"wave_coverage_differs","38103",""
"38105","Williams","ND",46,15686,19761,"wave_coverage_differs","38105",""
"39001","Adams","OH",68,5990,27330,"wave_coverage_differs","39001",""
"39003","Allen","OH",125,59133,108473,"wave_coverage_differs","39003",""
"39005","Ashland","OH",86,21819,52523,"wave_coverage_differs","39005",""
"39007","Ashtabula","OH",136,41091,102728,"wave_coverage_differs","39007",""
"39009","Athens","OH",90,13923,62223,"wave_coverage_differs","39009",""
"39011","Auglaize","OH",65,29229,46611,"wave_coverage_differs","39011",""
"39013","Belmont","OH",144,28597,70226,"wave_coverage_differs","39013",""
"39015","Brown","OH",61,12019,42285,"wave_coverage_differs","39015",""
"39017","Butler","OH",243,128806,332807,"wave_coverage_differs","39017",""
"39019","Carroll","OH",49,8710,28836,"wave_coverage_differs","39019",""
"39021","Champaign","OH",53,9766,38890,"wave_coverage_differs","39021",""
"39023","Clark","OH",165,49444,144742,"wave_coverage_differs","39023",""
"39025","Clermont","OH",136,55654,177977,"wave_coverage_differs","39025",""
"39027","Clinton","OH",62,13703,40543,"wave_coverage_differs","39027",""
"39029","Columbiana","OH",161,45315,112075,"wave_coverage_differs","39029",""
"39031","Coshocton","OH",72,14302,36655,"wave_coverage_differs","39031",""
"39033","Crawford","OH",85,25477,46966,"wave_coverage_differs","39033",""
"39035","Cuyahoga","OH",775,805896,1393978,"wave_coverage_differs","39035",""
"39037","Darke","OH",85,22533,53309,"wave_coverage_differs","39037",""
"39039","Defiance","OH",70,25691,39500,"wave_coverage_differs","39039",""
"39041","Delaware","OH",85,38800,109989,"wave_coverage_differs","39041",""
"39043","Erie","OH",74,42557,79551,"wave_coverage_differs","39043",""
"39045","Fairfield","OH",135,44929,122759,"wave_coverage_differs","39045",""
"39047","Fayette","OH",38,7451,28433,"wave_coverage_differs","39047",""
"39049","Franklin","OH",623,402125,1068978,"wave_coverage_differs","39049",""
"39051","Fulton","OH",68,27311,42084,"wave_coverage_differs","39051",""
"39053","Gallia","OH",55,8987,31069,"wave_coverage_differs","39053",""
"39055","Geauga","OH",115,42826,90895,"wave_coverage_differs","39055",""
"39057","Greene","OH",138,50776,147886,"wave_coverage_differs","39057",""
"39059","Guernsey","OH",86,13240,40792,"wave_coverage_differs","39059",""
"39061","Hamilton","OH",556,413928,845303,"wave_coverage_differs","39061",""
"39063","Hancock","OH",77,32521,71295,"wave_coverage_differs","39063",""
"39065","Hardin","OH",69,12954,31945,"wave_coverage_differs","39065",""
"39067","Harrison","OH",52,5140,15856,"wave_coverage_differs","39067",""
"39069","Henry","OH",54,19906,29210,"wave_coverage_differs","39069",""
"39071","Highland","OH",87,13724,40875,"wave_coverage_differs","39071",""
"39073","Hocking","OH",55,7029,28241,"wave_coverage_differs","39073",""
"39075","Holmes","OH",142,17946,38943,"wave_coverage_differs","39075",""
"39077","Huron","OH",78,29464,59487,"wave_coverage_differs","39077",""
"39079","Jackson","OH",65,10885,32641,"wave_coverage_differs","39079",""
"39081","Jefferson","OH",131,32408,73894,"wave_coverage_differs","39081",""
"39083","Knox","OH",95,21159,54500,"wave_coverage_differs","39083",""
"39085","Lake","OH",127,119008,227511,"wave_coverage_differs","39085",""
"39087","Lawrence","OH",86,14060,62319,"wave_coverage_differs","39087",""
"39089","Licking","OH",159,50294,145491,"wave_coverage_differs","39089",""
"39091","Logan","OH",82,17760,46005,"wave_coverage_differs","39091",""
"39093","Lorain","OH",235,130555,284664,"wave_coverage_differs","39093",""
"39095","Lucas","OH",304,221252,455054,"wave_coverage_differs","39095",""
"39097","Madison","OH",55,13122,40213,"wave_coverage_differs","39097",""
"39099","Mahoning","OH",254,167420,257555,"wave_coverage_differs","39099",""
"39101","Marion","OH",79,23779,66217,"wave_coverage_differs","39101",""
"39103","Medina","OH",123,60661,151095,"wave_coverage_differs","39103",""
"39105","Meigs","OH",66,5786,23072,"wave_coverage_differs","39105",""
"39107","Mercer","OH",65,34271,40924,"wave_coverage_differs","39107",""
"39109","Miami","OH",111,41143,98868,"wave_coverage_differs","39109",""
"39111","Monroe","OH",81,8074,15180,"wave_coverage_differs","39111",""
"39113","Montgomery","OH",430,236103,559062,"wave_coverage_differs","39113",""
"39115","Morgan","OH",40,4426,14897,"wave_coverage_differs","39115",""
"39117","Morrow","OH",54,8085,31628,"wave_coverage_differs","39117",""
"39119","Muskingum","OH",131,34393,84585,"wave_coverage_differs","39119",""
"39121","Noble","OH",37,4525,14058,"wave_coverage_differs","39121",""
"39123","Ottawa","OH",53,23744,40985,"wave_coverage_differs","39123",""
"39125","Paulding","OH",40,8815,20293,"wave_coverage_differs","39125",""
"39127","Perry","OH",66,9978,34078,"wave_coverage_differs","39127",""
"39129","Pickaway","OH",57,13320,52727,"wave_coverage_differs","39129",""
"39131","Pike","OH",36,4792,27695,"wave_coverage_differs","39131",""
"39133","Portage","OH",103,54651,152061,"wave_coverage_differs","39133",""
"39135","Preble","OH",63,14959,42337,"wave_coverage_differs","39135",""
"39137","Putnam","OH",50,28386,34726,"wave_coverage_differs","39137",""
"39139","Richland","OH",146,49731,128852,"wave_coverage_differs","39139",""
"39141","Ross","OH",91,18495,73345,"wave_coverage_differs","39141",""
"39143","Sandusky","OH",74,31484,61792,"wave_coverage_differs","39143",""
"39145","Scioto","OH",138,20759,79195,"wave_coverage_differs","39145",""
"39147","Seneca","OH",85,38719,58683,"wave_coverage_differs","39147",""
"39149","Shelby","OH",52,26986,47910,"wave_coverage_differs","39149",""
"39151","Stark","OH",348,196471,378098,"wave_coverage_differs","39151",""
"39153","Summit","OH",375,253426,542899,"wave_coverage_differs","39153",""
"39155","Trumbull","OH",219,101121,225116,"wave_coverage_differs","39155",""
"39157","Tuscarawas","OH",192,46783,90914,"wave_coverage_differs","39157",""
"39159","Union","OH",49,13974,40909,"wave_coverage_differs","39159",""
"39161","Van Wert","OH",51,12858,29659,"wave_coverage_differs","39161",""
"39163","Vinton","OH",31,2205,12806,"wave_coverage_differs","39163",""
"39165","Warren","OH",129,53696,158383,"wave_coverage_differs","39165",""
"39167","Washington","OH",126,25284,63251,"wave_coverage_differs","39167",""
"39169","Wayne","OH",223,56236,111564,"wave_coverage_differs","39169",""
"39171","Williams","OH",62,16932,39188,"wave_coverage_differs","39171",""
"39173","Wood","OH",132,57277,121065,"wave_coverage_differs","39173",""
"39175","Wyandot","OH",48,13306,22908,"wave_coverage_differs","39175",""
"40001","Adair","OK",52,9648,21038,"wave_coverage_differs","40001",""
"40003","Alfalfa","OK",35,4517,6105,"wave_coverage_differs","40003",""
"40005","Atoka","OK",51,9311,13879,"wave_coverage_differs","40005",""
"40007","Beaver","OK",27,4287,5857,"wave_coverage_differs","40007",""
"40009","Beckham","OK",47,16305,19799,"wave_coverage_differs","40009",""
"40011","Blaine","OK",50,7980,11976,"wave_coverage_differs","40011",""
"40013","Bryan","OK",89,23723,36534,"wave_coverage_differs","40013",""
"40015","Caddo","OK",115,25827,30150,"wave_coverage_differs","40015",""
"40017","Canadian","OK",92,46306,87697,"wave_coverage_differs","40017",""
"40019","Carter","OK",96,36144,45621,"wave_coverage_differs","40019",""
"40021","Cherokee","OK",67,15442,42521,"wave_coverage_differs","40021",""
"40023","Choctaw","OK",59,10205,15342,"wave_coverage_differs","40023",""
"40025","Cimarron","OK",18,3043,3148,"wave_coverage_differs","40025",""
"40027","Cleveland","OK",152,92122,208016,"wave_coverage_differs","40027",""
"40029","Coal","OK",24,3590,6031,"wave_coverage_differs","40029",""
"40031","Comanche","OK",146,65149,114996,"wave_coverage_differs","40031",""
"40033","Cotton","OK",28,6036,6614,"wave_coverage_differs","40033",""
"40035","Craig","OK",40,10158,14950,"wave_coverage_differs","40035",""
"40037","Creek","OK",113,33819,67367,"wave_coverage_differs","40037",""
"40039","Custer","OK",78,21713,26142,"wave_coverage_differs","40039",""
"40041","Delaware","OK",71,22258,37077,"wave_coverage_differs","40041",""
"40043","Dewey","OK",36,4842,4743,"wave_coverage_differs","40043",""
"40045","Ellis","OK",24,3285,4075,"wave_coverage_differs","40045",""
"40047","Garfield","OK",96,35799,57813,"wave_coverage_differs","40047",""
"40049","Garvin","OK",80,23461,27210,"wave_coverage_differs","40049",""
"40051","Grady","OK",81,28080,45516,"wave_coverage_differs","40051",""
"40053","Grant","OK",36,5996,5144,"wave_coverage_differs","40053",""
"40055","Greer","OK",25,5193,6061,"wave_coverage_differs","40055",""
"40057","Harmon","OK",15,3678,3283,"wave_coverage_differs","40057",""
"40059","Harper","OK",17,3536,3562,"wave_coverage_differs","40059",""
"40061","Haskell","OK",49,9047,11792,"wave_coverage_differs","40061",""
"40063","Hughes","OK",66,8684,14154,"wave_coverage_differs","40063",""
"40065","Jackson","OK",60,24407,28439,"wave_coverage_differs","40065",""
"40067","Jefferson","OK",26,4834,6818,"wave_coverage_differs","40067",""
"40069","Johnston","OK",48,7261,10513,"wave_coverage_differs","40069",""
"40071","Kay","OK",92,34537,48080,"wave_coverage_differs","40071",""
"40073","Kingfisher","OK",37,11287,13926,"wave_coverage_differs","40073",""
"40075","Kiowa","OK",44,9623,10227,"wave_coverage_differs","40075",""
"40077","Latimer","OK",39,6703,10692,"wave_coverage_differs","40077",""
"40079","Le Flore","OK",151,27705,48109,"wave_coverage_differs","40079",""
"40081","Lincoln","OK",73,17721,32080,"wave_coverage_differs","40081",""
"40083","Logan","OK",49,11373,33924,"wave_coverage_differs","40083",""
"40085","Love","OK",26,6536,8831,"wave_coverage_differs","40085",""
"40087","McClain","OK",64,16401,27740,"wave_coverage_differs","40087",""
"40089","McCurtain","OK",128,17583,34402,"wave_coverage_differs","40089",""
"40091","McIntosh","OK",56,8521,19456,"wave_coverage_differs","40091",""
"40093","Major","OK",32,5441,7545,"wave_coverage_differs","40093",""
"40095","Marshall","OK",35,7668,13184,"wave_coverage_differs","40095",""
"40097","Mayes","OK",101,20441,38369,"wave_coverage_differs","40097",""
"40099","Murray","OK",36,8668,12623,"wave_coverage_differs","40099",""
"40101","Muskogee","OK",130,43669,69451,"wave_coverage_differs","40101",""
"40103","Noble","OK",30,7901,11411,"wave_coverage_differs","40103",""
"40105","Nowata","OK",26,5649,10569,"wave_coverage_differs","40105",""
"40107","Okfuskee","OK",38,6227,11814,"wave_coverage_differs","40107",""
"40109","Oklahoma","OK",606,433911,660448,"wave_coverage_differs","40109",""
"40111","Okmulgee","OK",77,22625,39685,"wave_coverage_differs","40111",""
"40113","Osage","OK",82,17490,44437,"wave_coverage_differs","40113",""
"40115","Ottawa","OK",86,25545,33194,"wave_coverage_differs","40115",""
"40117","Pawnee","OK",40,10007,16612,"wave_coverage_differs","40117",""
"40119","Payne","OK",94,36160,68190,"wave_coverage_differs","40119",""
"40121","Pittsburg","OK",123,31142,43953,"wave_coverage_differs","40121",""
"40123","Pontotoc","OK",90,21733,35143,"wave_coverage_differs","40123",""
"40125","Pottawatomie","OK",126,43963,65521,"wave_coverage_differs","40125",""
"40127","Pushmataha","OK",58,8003,11667,"wave_coverage_differs","40127",""
"40129","Roger Mills","OK",23,3126,3436,"wave_coverage_differs","40129",""
"40131","Rogers","OK",92,33129,70641,"wave_coverage_differs","40131",""
"40133","Seminole","OK",81,15318,24894,"wave_coverage_differs","40133",""
"40135","Sequoyah","OK",77,17795,38972,"wave_coverage_differs","40135",""
"40137","Stephens","OK",87,36023,43182,"wave_coverage_differs","40137",""
"40139","Texas","OK",55,16655,20107,"wave_coverage_differs","40139",""
"40141","Tillman","OK",33,9004,9287,"wave_coverage_differs","40141",""
"40143","Tulsa","OK",488,320586,563299,"wave_coverage_differs","40143",""
"40145","Wagoner","OK",57,16215,57491,"wave_coverage_differs","40145",""
"40147","Washington","OK",72,37843,48996,"wave_coverage_differs","40147",""
"40149","Washita","OK",39,9731,11508,"wave_coverage_differs","40149",""
"40151","Woods","OK",32,6776,9089,"wave_coverage_differs","40151",""
"40153","Woodward","OK",40,14356,18486,"wave_coverage_differs","40153",""
"41001","Baker","OR",34,5578,16741,"wave_coverage_differs","41001",""
"41003","Benton","OR",59,17684,78153,"wave_coverage_differs","41003",""
"41005","Clackamas","OR",234,91751,338391,"wave_coverage_differs","41005",""
"41007","Clatsop","OR",50,8449,35630,"wave_coverage_differs","41007",""
"41009","Columbia","OR",60,10243,43560,"wave_coverage_differs","41009",""
"41011","Coos","OR",86,15936,62779,"wave_coverage_differs","41011",""
"41013","Crook","OR",22,5253,19182,"wave_coverage_differs","41013",""
"41015","Curry","OR",31,4101,21137,"wave_coverage_differs","41015",""
"41017","Deschutes","OR",94,31000,115367,"wave_coverage_differs","41017",""
"41019","Douglas","OR",140,25496,100399,"wave_coverage_differs","41019",""
"41021","Gilliam","OR",7,762,1915,"wave_coverage_differs","41021",""
"41023","Grant","OR",25,2629,7935,"wave_coverage_differs","41023",""
"41025","Harney","OR",16,2370,7609,"wave_coverage_differs","41025",""
"41027","Hood River","OR",31,9764,20411,"wave_coverage_differs","41027",""
"41029","Jackson","OR",151,40212,181269,"wave_coverage_differs","41029",""
"41031","Jefferson","OR",28,5897,19009,"wave_coverage_differs","41031",""
"41033","Josephine","OR",63,15225,75726,"wave_coverage_differs","41033",""
"41035","Klamath","OR",75,19948,63775,"wave_coverage_differs","41035",""
"41037","Lake","OR",23,2287,7422,"wave_coverage_differs","41037",""
"41039","Lane","OR",278,79189,322959,"wave_coverage_differs","41039",""
"41041","Lincoln","OR",67,10018,44479,"wave_coverage_differs","41041",""
"41043","Linn","OR",137,32370,103069,"wave_coverage_differs","41043",""
"41045","Malheur","OR",58,14586,31615,"wave_coverage_differs","41045",""
"41047","Marion","OR",224,106973,284834,"wave_coverage_differs","41047",""
"41049","Morrow","OR",22,3087,10995,"wave_coverage_differs","41049",""
"41051","Multnomah","OR",470,301893,660486,"wave_coverage_differs","41051",""
"41053","Polk","OR",67,13950,62380,"wave_coverage_differs","41053",""
"41055","Sherman","OR",10,599,1934,"wave_coverage_differs","41055",""
"41057","Tillamook","OR",36,6298,24262,"wave_coverage_differs","41057",""
"41059","Umatilla","OR",113,30576,70548,"wave_coverage_differs","41059",""
"41061","Union","OR",45,8246,24530,"wave_coverage_differs","41061",""
"41063","Wallowa","OR",20,2700,7226,"wave_coverage_differs","41063",""
"41065","Wasco","OR",31,8316,23791,"wave_coverage_differs","41065",""
"41067","Washington","OR",248,115047,445342,"wave_coverage_differs","41067",""
"41069","Wheeler","OR",6,430,1547,"wave_coverage_differs","41069",""
"41071","Yamhill","OR",94,22424,84992,"wave_coverage_differs","41071",""
"42001","Adams","PA",117,49704,91292,"wave_coverage_differs","42001",""
"42003","Allegheny","PA",1010,920905,1281666,"wave_coverage_differs","42003",""
"42005","Armstrong","PA",156,41880,72392,"wave_coverage_differs","42005",""
"42007","Beaver","PA",209,112857,181412,"wave_coverage_differs","42007",""
"42009","Bedford","PA",135,21190,49984,"wave_coverage_differs","42009",""
"42011","Berks","PA",320,201497,373638,"wave_coverage_differs","42011",""
"42013","Blair","PA",196,72183,129144,"wave_coverage_differs","42013",""
"42015","Bradford","PA",120,25666,62761,"wave_coverage_differs","42015",""
"42017","Bucks","PA",315,394668,597635,"wave_coverage_differs","42017",""
"42019","Butler","PA",193,103700,174083,"wave_coverage_differs","42019",""
"42021","Cambria","PA",246,124528,152598,"wave_coverage_differs","42021",""
"42023","Cameron","PA",15,3374,5974,"wave_coverage_differs","42023",""
"42025","Carbon","PA",93,37356,58802,"wave_coverage_differs","42025",""
"42027","Centre","PA",178,58109,135758,"wave_coverage_differs","42027",""
"42029","Chester","PA",311,240800,433501,"wave_coverage_differs","42029",""
"42031","Clarion","PA",101,20324,41765,"wave_coverage_differs","42031",""
"42033","Clearfield","PA",194,43004,83382,"wave_coverage_differs","42033",""
"42035","Clinton","PA",80,15287,37914,"wave_coverage_differs","42035",""
"42037","Columbia","PA",111,30449,64151,"wave_coverage_differs","42037",""
"42039","Crawford","PA",173,36728,90366,"wave_coverage_differs","42039",""
"42041","Cumberland","PA",247,117408,213674,"wave_coverage_differs","42041",""
"42043","Dauphin","PA",275,124745,251798,"wave_coverage_differs","42043",""
"42045","Delaware","PA",331,371328,550864,"wave_coverage_differs","42045",""
"42047","Elk","PA",44,28674,35112,"wave_coverage_differs","42047",""
"42049","Erie","PA",260,165161,280843,"wave_coverage_differs","42049",""
"42051","Fayette","PA",242,71398,148644,"wave_coverage_differs","42051",""
"42053","Forest","PA",17,1650,4946,"wave_coverage_differs","42053",""
"42055","Franklin","PA",193,50455,129313,"wave_coverage_differs","42055",""
"42057","Fulton","PA",43,4954,14261,"wave_coverage_differs","42057",""
"42059","Greene","PA",95,17984,40672,"wave_coverage_differs","42059",""
"42061","Huntingdon","PA",127,17973,45586,"wave_coverage_differs","42061",""
"42063","Indiana","PA",177,38686,89605,"wave_coverage_differs","42063",""
"42065","Jefferson","PA",132,25047,45932,"wave_coverage_differs","42065",""
"42067","Juniata","PA",75,11449,22821,"wave_coverage_differs","42067",""
"42069","Lackawanna","PA",217,141688,213295,"wave_coverage_differs","42069",""
"42071","Lancaster","PA",662,227775,470658,"wave_coverage_differs","42071",""
"42073","Lawrence","PA",153,61766,94643,"wave_coverage_differs","42073",""
"42075","Lebanon","PA",152,58548,120327,"wave_coverage_differs","42075",""
"42077","Lehigh","PA",232,179632,312090,"wave_coverage_differs","42077",""
"42079","Luzerne","PA",362,192245,319250,"wave_coverage_differs","42079",""
"42081","Lycoming","PA",190,58299,120044,"wave_coverage_differs","42081",""
"42083","McKean","PA",83,23284,45936,"wave_coverage_differs","42083",""
"42085","Mercer","PA",176,68504,120293,"wave_coverage_differs","42085",""
"42087","Mifflin","PA",109,21738,46486,"wave_coverage_differs","42087",""
"42089","Monroe","PA",89,62794,138687,"wave_coverage_differs","42089",""
"42091","Montgomery","PA",485,480100,750097,"wave_coverage_differs","42091",""
"42093","Montour","PA",32,9791,18236,"wave_coverage_differs","42093",""
"42095","Northampton","PA",222,182231,267066,"wave_coverage_differs","42095",""
"42097","Northumberland","PA",156,56941,94556,"wave_coverage_differs","42097",""
"42099","Perry","PA",97,16362,43602,"wave_coverage_differs","42099",""
"42101","Philadelphia","PA",876,809987,1517550,"wave_coverage_differs","42101",""
"42103","Pike","PA",28,11885,46302,"wave_coverage_differs","42103",""
"42105","Potter","PA",46,6710,18080,"wave_coverage_differs","42105",""
"42107","Schuylkill","PA",297,111704,150336,"wave_coverage_differs","42107",""
"42109","Snyder","PA",85,17873,37546,"wave_coverage_differs","42109",""
"42111","Somerset","PA",198,49534,80023,"wave_coverage_differs","42111",""
"42113","Sullivan","PA",27,2871,6556,"wave_coverage_differs","42113",""
"42115","Susquehanna","PA",78,14602,42238,"wave_coverage_differs","42115",""
"42117","Tioga","PA",92,14291,41373,"wave_coverage_differs","42117",""
"42119","Union","PA",62,15386,41624,"wave_coverage_differs","42119",""
"42121","Venango","PA",118,28592,57565,"wave_coverage_differs","42121",""
"42123","Warren","PA",82,20530,43863,"wave_coverage_differs","42123",""
"42125","Washington","PA",254,122027,202897,"wave_coverage_differs","42125",""
"42127","Wayne","PA",73,26803,47722,"wave_coverage_differs","42127",""
"42129","Westmoreland","PA",419,237503,369993,"wave_coverage_differs","42129",""
"42131","Wyoming","PA",38,11899,28080,"wave_coverage_differs","42131",""
"42133","York","PA",384,171682,381751,"wave_coverage_differs","42133",""
"44001","Bristol","RI",26,37591,50648,"wave_coverage_differs","44001",""
"44003","Kent","RI",78,112070,167090,"wave_coverage_differs","44003",""
"44005","Newport","RI",55,46984,85433,"wave_coverage_differs","44005",""
"44007","Providence","RI",344,395316,621602,"wave_coverage_differs","44007",""
"44009","Washington","RI",69,73209,123546,"wave_coverage_differs","44009",""
"45001","Abbeville","SC",55,13301,26167,"wave_coverage_differs","45001",""
"45003","Aiken","SC",184,73210,142552,"wave_coverage_differs","45003",""
"45005","Allendale","SC",27,4165,11211,"wave_coverage_differs","45005",""
"45007","Anderson","SC",250,94725,165740,"wave_coverage_differs","45007",""
"45009","Bamberg","SC",53,7882,16658,"wave_coverage_differs","45009",""
"45011","Barnwell","SC",49,11913,23478,"wave_coverage_differs","45011",""
"45013","Beaufort","SC",75,39650,120937,"wave_coverage_differs","45013",""
"45015","Berkeley","SC",133,38593,142651,"wave_coverage_differs","45015",""
"45017","Calhoun","SC",26,4373,15185,"wave_coverage_differs","45017",""
"45019","Charleston","SC",266,132346,309969,"wave_coverage_differs","45019",""
"45021","Cherokee","SC",94,30538,52537,"wave_coverage_differs","45021",""
"45023","Chester","SC",78,15061,34068,"wave_coverage_differs","45023",""
"45025","Chesterfield","SC",121,23641,42768,"wave_coverage_differs","45025",""
"45027","Clarendon","SC",58,10463,32502,"wave_coverage_differs","45027",""
"45029","Colleton","SC",93,17543,38264,"wave_coverage_differs","45029",""
"45031","Darlington","SC",106,30170,67394,"wave_coverage_differs","45031",""
"45033","Dillon","SC",60,15797,30722,"wave_coverage_differs","45033",""
"45035","Dorchester","SC",101,43998,96413,"wave_coverage_differs","45035",""
"45037","Edgefield","SC",34,8015,24595,"wave_coverage_differs","45037",""
"45039","Fairfield","SC",51,8018,23454,"wave_coverage_differs","45039",""
"45041","Florence","SC",213,55026,125761,"wave_coverage_differs","45041",""
"45043","Georgetown","SC",89,24722,55797,"wave_coverage_differs","45043",""
"45045","Greenville","SC",449,217660,379616,"wave_coverage_differs","45045",""
"45047","Greenwood","SC",116,38409,66271,"wave_coverage_differs","45047",""
"45049","Hampton","SC",54,8249,21386,"wave_coverage_differs","45049",""
"45051","Horry","SC",232,83126,196629,"wave_coverage_differs","45051",""
"45053","Jasper","SC",29,7641,20678,"wave_coverage_differs","45053",""
"45055","Kershaw","SC",96,29129,52647,"wave_coverage_differs","45055",""
"45057","Lancaster","SC",114,35216,61351,"wave_coverage_differs","45057",""
"45059","Laurens","SC",129,32699,69567,"wave_coverage_differs","45059",""
"45061","Lee","SC",44,7324,20119,"wave_coverage_differs","45061",""
"45063","Lexington","SC",212,107551,216014,"wave_coverage_differs","45063",""
"45065","McCormick","SC",18,2702,9958,"wave_coverage_differs","45065",""
"45067","Marion","SC",53,13467,35466,"wave_coverage_differs","45067",""
"45069","Marlboro","SC",66,11426,28818,"wave_coverage_differs","45069",""
"45071","Newberry","SC",85,18773,36108,"wave_coverage_differs","45071",""
"45073","Oconee","SC",139,39303,66215,"wave_coverage_differs","45073",""
"45075","Orangeburg","SC",150,41031,91582,"wave_coverage_differs","45075",""
"45077","Pickens","SC",166,60449,110757,"wave_coverage_differs","45077",""
"45079","Richland","SC",254,133393,320677,"wave_coverage_differs","45079",""
"45081","Saluda","SC",41,8542,19181,"wave_coverage_differs","45081",""
"45083","Spartanburg","SC",366,149488,253791,"wave_coverage_differs","45083",""
"45085","Sumter","SC",114,40439,104646,"wave_coverage_differs","45085",""
"45087","Union","SC",69,19740,29881,"wave_coverage_differs","45087",""
"45089","Williamsburg","SC",86,16891,37217,"wave_coverage_differs","45089",""
"45091","York","SC",224,82840,164614,"wave_coverage_differs","45091",""
"46003","Aurora","SD",12,2513,3058,"wave_coverage_differs","46003",""
"46005","Beadle","SD",40,12823,17023,"wave_coverage_differs","46005",""
"46007","Bennett","SD",14,1611,3574,"wave_coverage_differs","46007",""
"46009","Bon Homme","SD",26,6001,7260,"wave_coverage_differs","46009",""
"46011","Brookings","SD",49,17133,28220,"wave_coverage_differs","46011",""
"46013","Brown","SD",64,30332,35460,"wave_coverage_differs","46013",""
"46015","Brule","SD",17,4464,5364,"wave_coverage_differs","46015",""
"46017","Buffalo","SD",5,995,2032,"wave_coverage_differs","46017",""
"46019","Butte","SD",14,2613,9094,"wave_coverage_differs","46019",""
"46021","Campbell","SD",10,1580,1782,"wave_coverage_differs","46021",""
"46023","Charles Mix","SD",32,6776,9350,"wave_coverage_differs","46023",""
"46025","Clark","SD",27,3931,4143,"wave_coverage_differs","46025",""
"46027","Clay","SD",24,6401,13537,"wave_coverage_differs","46027",""
"46029","Codington","SD",39,21225,25897,"wave_coverage_differs","46029",""
"46031","Corson","SD",28,3766,4181,"wave_coverage_differs","46031",""
"46033","Custer","SD",17,2991,7275,"wave_coverage_differs","46033",""
"46035","Davison","SD",32,15135,18741,"wave_coverage_differs","46035",""
"46037","Day","SD",33,5756,6267,"wave_coverage_differs","46037",""
"46039","Deuel","SD",20,3988,4498,"wave_coverage_differs","46039",""
"46041","Dewey","SD",27,3506,5972,"wave_coverage_differs","46041",""
"46043","Douglas","SD",18,3875,3458,"wave_coverage_differs","46043",""
"46045","Edmunds","SD",21,3993,4367,"wave_coverage_differs","46045",""
"46047","Fall River","SD",26,3690,7453,"wave_coverage_differs","46047",""
"46049","Faulk","SD",20,2604,2640,"wave_coverage_differs","46049",""
"46051","Grant","SD",20,7369,7847,"wave_coverage_differs","46051",""
"46053","Gregory","SD",25,3428,4792,"wave_coverage_differs","46053",""
"46055","Haakon","SD",12,1924,2196,"wave_coverage_differs","46055",""
"46057","Hamlin","SD",22,3942,5540,"wave_coverage_differs","46057",""
"46059","Hand","SD",13,2622,3741,"wave_coverage_differs","46059",""
"46061","Hanson","SD",11,2123,3139,"wave_coverage_differs","46061",""
"46063","Harding","SD",12,944,1353,"wave_coverage_differs","46063",""
"46065","Hughes","SD",29,12083,16481,"wave_coverage_differs","46065",""
"46067","Hutchinson","SD",32,8199,8075,"wave_coverage_differs","46067",""
"46069","Hyde","SD",6,1283,1671,"wave_coverage_differs","46069",""
"46071","Jackson","SD",11,1197,2930,"wave_coverage_differs","46071",""
"46073","Jerauld","SD",11,1676,2295,"wave_coverage_differs","46073",""
"46075","Jones","SD",9,737,1193,"wave_coverage_differs","46075",""
"46077","Kingsbury","SD",31,5800,5815,"wave_coverage_differs","46077",""
"46079","Lake","SD",23,7574,11276,"wave_coverage_differs","46079",""
"46081","Lawrence","SD",33,11363,21802,"wave_coverage_differs","46081",""
"46083","Lincoln","SD",30,10584,24131,"wave_coverage_differs","46083",""
"46085","Lyman","SD",15,2404,3895,"wave_coverage_differs","46085",""
"46087","McCook","SD",25,5123,5832,"wave_coverage_differs","46087",""
"46089","McPherson","SD",15,2723,2904,"wave_coverage_differs","46089",""
"46091","Marshall","SD",22,4283,4576,"wave_coverage_differs","46091",""
"46093","Meade","SD",40,9617,24253,"wave_coverage_differs","46093",""
"46095","Mellette","SD",15,774,2083,"wave_coverage_differs","46095",""
"46097","Miner","SD",15,2694,2884,"wave_coverage_differs","46097",""
"46099","Minnehaha","SD",161,98995,148281,"wave_coverage_differs","46099",""
"46101","Moody","SD",16,4007,6595,"wave_coverage_differs","46101",""
"46102","Oglala Lakota","SD",40,5787,12466,"wave_coverage_differs;boundary_change_crosswalked","46113","Renamed effective 2015-05-01. Direct one-to-one successor."
"46103","Pennington","SD",98,55581,88565,"wave_coverage_differs","46103",""
"46105","Perkins","SD",21,2681,3363,"wave_coverage_differs","46105",""
"46107","Potter","SD",13,3119,2693,"wave_coverage_differs","46107",""
"46109","Roberts","SD",37,7295,10016,"wave_coverage_differs","46109",""
"46111","Sanborn","SD",12,1958,2675,"wave_coverage_differs","46111",""
"46115","Spink","SD",31,5904,7454,"wave_coverage_differs","46115",""
"46117","Stanley","SD",5,1517,2772,"wave_coverage_differs","46117",""
"46119","Sully","SD",7,954,1556,"wave_coverage_differs","46119",""
"46121","Todd","SD",19,5358,9050,"wave_coverage_differs","46121",""
"46123","Tripp","SD",24,4480,6430,"wave_coverage_differs","46123",""
"46125","Turner","SD",43,7955,8849,"wave_coverage_differs","46125",""
"46127","Union","SD",28,7257,12584,"wave_coverage_differs","46127",""
"46129","Walworth","SD",20,4890,5974,"wave_coverage_differs","46129",""
"46135","Yankton","SD",29,15000,21652,"wave_coverage_differs","46135",""
"46137","Ziebach","SD",16,980,2519,"wave_coverage_differs","46137",""
"47001","Anderson","TN",118,52564,71330,"wave_coverage_differs","47001",""
"47003","Bedford","TN",98,17642,37586,"wave_coverage_differs","47003",""
"47005","Benton","TN",51,9017,16537,"wave_coverage_differs","47005",""
"47007","Bledsoe","TN",37,4043,12367,"wave_coverage_differs","47007",""
"47009","Blount","TN",158,63433,105823,"wave_coverage_differs","47009",""
"47011","Bradley","TN",145,50156,87965,"wave_coverage_differs","47011",""
"47013","Campbell","TN",67,14648,39854,"wave_coverage_differs","47013",""
"47015","Cannon","TN",49,6453,12826,"wave_coverage_differs","47015",""
"47017","Carroll","TN",103,17310,29475,"wave_coverage_differs","47017",""
"47019","Carter","TN",134,32173,56742,"wave_coverage_differs","47019",""
"47021","Cheatham","TN",56,9559,35912,"wave_coverage_differs","47021",""
"47023","Chester","TN",37,7863,15540,"wave_coverage_differs","47023",""
"47025","Claiborne","TN",101,16384,29862,"wave_coverage_differs","47025",""
"47027","Clay","TN",34,3029,7976,"wave_coverage_differs","47027",""
"47029","Cocke","TN",90,14978,33565,"wave_coverage_differs","47029",""
"47031","Coffee","TN",115,27208,48014,"wave_coverage_differs","47031",""
"47033","Crockett","TN",52,9267,14532,"wave_coverage_differs","47033",""
"47035","Cumberland","TN",93,21249,46802,"wave_coverage_differs","47035",""
"47037","Davidson","TN",591,297312,569891,"wave_coverage_differs","47037",""
"47039","Decatur","TN",46,6943,11731,"wave_coverage_differs","47039",""
"47041","DeKalb","TN",72,10520,17423,"wave_coverage_differs","47041",""
"47043","Dickson","TN",98,18728,43156,"wave_coverage_differs","47043",""
"47045","Dyer","TN",89,21373,37279,"wave_coverage_differs","47045",""
"47047","Fayette","TN",57,9809,28806,"wave_coverage_differs","47047",""
"47049","Fentress","TN",43,7015,16625,"wave_coverage_differs","47049",""
"47051","Franklin","TN",109,20405,39270,"wave_coverage_differs","47051",""
"47053","Gibson","TN",157,33355,48152,"wave_coverage_differs","47053",""
"47055","Giles","TN",105,16447,29447,"wave_coverage_differs","47055",""
"47057","Grainger","TN",62,13434,20659,"wave_coverage_differs","47057",""
"47059","Greene","TN",168,30175,62909,"wave_coverage_differs","47059",""
"47061","Grundy","TN",49,4582,14332,"wave_coverage_differs","47061",""
"47063","Hamblen","TN",92,36575,58128,"wave_coverage_differs","47063",""
"47065","Hamilton","TN",372,179266,307896,"wave_coverage_differs","47065",""
"47067","Hancock","TN",47,7686,6786,"wave_coverage_differs","47067",""
"47069","Hardeman","TN",62,12223,28105,"wave_coverage_differs","47069",""
"47071","Hardin","TN",79,13439,25578,"wave_coverage_differs","47071",""
"47073","Hawkins","TN",153,32038,53563,"wave_coverage_differs","47073",""
"47075","Haywood","TN",44,9680,19797,"wave_coverage_differs","47075",""
"47077","Henderson","TN",66,12533,25522,"wave_coverage_differs","47077",""
"47079","Henry","TN",90,20534,31115,"wave_coverage_differs","47079",""
"47081","Hickman","TN",75,8290,22295,"wave_coverage_differs","47081",""
"47083","Houston","TN",26,3132,8088,"wave_coverage_differs","47083",""
"47085","Humphreys","TN",57,8988,17929,"wave_coverage_differs","47085",""
"47087","Jackson","TN",51,3818,10984,"wave_coverage_differs","47087",""
"47089","Jefferson","TN",96,23231,44294,"wave_coverage_differs","47089",""
"47091","Johnson","TN",52,9516,17499,"wave_coverage_differs","47091",""
"47093","Knox","TN",453,236941,382032,"wave_coverage_differs","47093",""
"47095","Lake","TN",20,4013,7954,"wave_coverage_differs","47095",""
"47097","Lauderdale","TN",61,11401,27101,"wave_coverage_differs","47097",""
"47099","Lawrence","TN",137,26290,39926,"wave_coverage_differs","47099",""
"47101","Lewis","TN",33,4541,11367,"wave_coverage_differs","47101",""
"47103","Lincoln","TN",108,19510,31340,"wave_coverage_differs","47103",""
"47105","Loudon","TN",82,25378,39086,"wave_coverage_differs","47105",""
"47107","McMinn","TN",123,34724,49015,"wave_coverage_differs","47107",""
"47109","McNairy","TN",100,15119,24653,"wave_coverage_differs","47109",""
"47111","Macon","TN",32,5253,20386,"wave_coverage_differs","47111",""
"47113","Madison","TN",113,50180,91837,"wave_coverage_differs","47113",""
"47115","Marion","TN",75,9982,27776,"wave_coverage_differs","47115",""
"47117","Marshall","TN",67,12242,26767,"wave_coverage_differs","47117",""
"47119","Maury","TN",158,33657,69498,"wave_coverage_differs","47119",""
"47121","Meigs","TN",31,4957,11086,"wave_coverage_differs","47121",""
"47123","Monroe","TN",110,24921,38961,"wave_coverage_differs","47123",""
"47125","Montgomery","TN",131,61066,134768,"wave_coverage_differs","47125",""
"47127","Moore","TN",24,3116,5740,"wave_coverage_differs","47127",""
"47129","Morgan","TN",44,9179,19757,"wave_coverage_differs","47129",""
"47131","Obion","TN",114,22122,32450,"wave_coverage_differs","47131",""
"47133","Overton","TN",62,9493,20118,"wave_coverage_differs","47133",""
"47135","Perry","TN",30,3280,7631,"wave_coverage_differs","47135",""
"47137","Pickett","TN",11,1551,4945,"wave_coverage_differs","47137",""
"47139","Polk","TN",62,12614,16050,"wave_coverage_differs","47139",""
"47141","Putnam","TN",146,34707,62315,"wave_coverage_differs","47141",""
"47143","Rhea","TN",65,12892,28400,"wave_coverage_differs","47143",""
"47145","Roane","TN",97,30191,51910,"wave_coverage_differs","47145",""
"47147","Robertson","TN",92,28766,54433,"wave_coverage_differs","47147",""
"47149","Rutherford","TN",212,68519,182023,"wave_coverage_differs","47149",""
"47151","Scott","TN",30,5703,21127,"wave_coverage_differs","47151",""
"47153","Sequatchie","TN",28,4728,11370,"wave_coverage_differs","47153",""
"47155","Sevier","TN",124,35690,71170,"wave_coverage_differs","47155",""
"47157","Shelby","TN",541,371466,897472,"wave_coverage_differs","47157",""
"47159","Smith","TN",52,6280,17712,"wave_coverage_differs","47159",""
"47161","Stewart","TN",57,7121,12370,"wave_coverage_differs","47161",""
"47163","Sullivan","TN",238,79882,153048,"wave_coverage_differs","47163",""
"47165","Sumner","TN",137,56815,130449,"wave_coverage_differs","47165",""
"47167","Tipton","TN",84,21224,51271,"wave_coverage_differs","47167",""
"47169","Trousdale","TN",16,1919,7259,"wave_coverage_differs","47169",""
"47171","Unicoi","TN",53,9332,17667,"wave_coverage_differs","47171",""
"47173","Union","TN",25,5647,17808,"wave_coverage_differs","47173",""
"47175","Van Buren","TN",23,1885,5508,"wave_coverage_differs","47175",""
"47177","Warren","TN",120,20115,38276,"wave_coverage_differs","47177",""
"47179","Washington","TN",198,58004,107198,"wave_coverage_differs","47179",""
"47181","Wayne","TN",72,7551,16842,"wave_coverage_differs","47181",""
"47183","Weakley","TN",115,22110,34895,"wave_coverage_differs","47183",""
"47185","White","TN",94,13114,23102,"wave_coverage_differs","47185",""
"47187","Williamson","TN",156,69894,126638,"wave_coverage_differs","47187",""
"47189","Wilson","TN",132,42511,88809,"wave_coverage_differs","47189",""
"48001","Anderson","TX",104,30249,55109,"wave_coverage_differs","48001",""
"48003","Andrews","TX",26,10976,13004,"wave_coverage_differs","48003",""
"48005","Angelina","TX",129,54588,80130,"wave_coverage_differs","48005",""
"48007","Aransas","TX",17,8034,22497,"wave_coverage_differs","48007",""
"48009","Archer","TX",20,6337,8854,"wave_coverage_differs","48009",""
"48011","Armstrong","TX",7,1556,2148,"wave_coverage_differs","48011",""
"48013","Atascosa","TX",49,24206,38628,"wave_coverage_differs","48013",""
"48015","Austin","TX",31,12220,23590,"wave_coverage_differs","48015",""
"48017","Bailey","TX",18,5643,6594,"wave_coverage_differs","48017",""
"48019","Bandera","TX",22,7435,17645,"wave_coverage_differs","48019",""
"48021","Bastrop","TX",77,24381,57733,"wave_coverage_differs","48021",""
"48023","Baylor","TX",13,4163,4093,"wave_coverage_differs","48023",""
"48025","Bee","TX",48,13795,32359,"wave_coverage_differs","48025",""
"48027","Bell","TX",192,114006,237974,"wave_coverage_differs","48027",""
"48029","Bexar","TX",692,907309,1392931,"wave_coverage_differs","48029",""
"48031","Blanco","TX",16,4223,8418,"wave_coverage_differs","48031",""
"48033","Borden","TX",1,258,729,"wave_coverage_differs","48033",""
"48035","Bosque","TX",52,11926,17204,"wave_coverage_differs","48035",""
"48037","Bowie","TX",149,55041,89306,"wave_coverage_differs","48037",""
"48039","Brazoria","TX",206,128501,241767,"wave_coverage_differs","48039",""
"48041","Brazos","TX",107,77124,152415,"wave_coverage_differs","48041",""
"48043","Brewster","TX",21,5054,8866,"wave_coverage_differs","48043",""
"48045","Briscoe","TX",11,1879,1790,"wave_coverage_differs","48045",""
"48047","Brooks","TX",14,4452,7976,"wave_coverage_differs","48047",""
"48049","Brown","TX",79,27400,37674,"wave_coverage_differs","48049",""
"48051","Burleson","TX",32,7597,16470,"wave_coverage_differs","48051",""
"48053","Burnet","TX",50,17969,34147,"wave_coverage_differs","48053",""
"48055","Caldwell","TX",55,16420,32194,"wave_coverage_differs","48055",""
"48057","Calhoun","TX",31,11482,20647,"wave_coverage_differs","48057",""
"48059","Callahan","TX",27,7459,12905,"wave_coverage_differs","48059",""
"48061","Cameron","TX",223,177125,335227,"wave_coverage_differs","48061",""
"48063","Camp","TX",39,9470,11549,"wave_coverage_differs","48063",""
"48065","Carson","TX",19,5794,6516,"wave_coverage_differs","48065",""
"48067","Cass","TX",83,20299,30438,"wave_coverage_differs","48067",""
"48069","Castro","TX",21,6563,8285,"wave_coverage_differs","48069",""
"48071","Chambers","TX",34,14458,26031,"wave_coverage_differs","48071",""
"48073","Cherokee","TX",112,27218,46659,"wave_coverage_differs","48073",""
"48075","Childress","TX",16,4973,7688,"wave_coverage_differs","48075",""
"48077","Clay","TX",30,7947,11006,"wave_coverage_differs","48077",""
"48079","Cochran","TX",13,3648,3730,"wave_coverage_differs","48079",""
"48081","Coke","TX",15,2828,3864,"wave_coverage_differs","48081",""
"48083","Coleman","TX",42,5984,9235,"wave_coverage_differs","48083",""
"48085","Collin","TX",251,263858,491675,"wave_coverage_differs","48085",""
"48087","Collingsworth","TX",14,2892,3206,"wave_coverage_differs","48087",""
"48089","Colorado","TX",42,13008,20390,"wave_coverage_differs","48089",""
"48091","Comal","TX",60,42688,78021,"wave_coverage_differs","48091",""
"48093","Comanche","TX",51,9092,14026,"wave_coverage_differs","48093",""
"48095","Concho","TX",17,1704,3966,"wave_coverage_differs","48095",""
"48097","Cooke","TX",62,22069,36363,"wave_coverage_differs","48097",""
"48099","Coryell","TX",77,29236,74978,"wave_coverage_differs","48099",""
"48101","Cottle","TX",10,2091,1904,"wave_coverage_differs","48101",""
"48103","Crane","TX",8,2385,3996,"wave_coverage_differs","48103",""
"48105","Crockett","TX",12,3467,4099,"wave_coverage_differs","48105",""
"48107","Crosby","TX",26,6011,7072,"wave_coverage_differs","48107",""
"48109","Culberson","TX",12,2853,2975,"wave_coverage_differs","48109",""
"48111","Dallam","TX",16,4008,6222,"wave_coverage_differs","48111",""
"48113","Dallas","TX",1233,1222752,2218899,"wave_coverage_differs","48113",""
"48115","Dawson","TX",36,11939,14985,"wave_coverage_differs","48115",""
"48117","Deaf Smith","TX",28,15261,18561,"wave_coverage_differs","48117",""
"48119","Delta","TX",19,3010,5327,"wave_coverage_differs","48119",""
"48121","Denton","TX",245,149336,432976,"wave_coverage_differs","48121",""
"48123","DeWitt","TX",37,11261,20013,"wave_coverage_differs","48123",""
"48125","Dickens","TX",19,2408,2762,"wave_coverage_differs","48125",""
"48127","Dimmit","TX",12,11418,10248,"wave_coverage_differs","48127",""
"48129","Donley","TX",14,2706,3828,"wave_coverage_differs","48129",""
"48131","Duval","TX",16,9347,13120,"wave_coverage_differs","48131",""
"48133","Eastland","TX",66,13992,18297,"wave_coverage_differs","48133",""
"48135","Ector","TX",120,65728,121123,"wave_coverage_differs","48135",""
"48137","Edwards","TX",9,1714,2162,"wave_coverage_differs","48137",""
"48139","Ellis","TX",141,64543,111360,"wave_coverage_differs","48139",""
"48141","El Paso","TX",300,431115,679622,"wave_coverage_differs","48141",""
"48143","Erath","TX",64,18937,33001,"wave_coverage_differs","48143",""
"48145","Falls","TX",55,10497,18576,"wave_coverage_differs","48145",""
"48147","Fannin","TX",100,23325,31242,"wave_coverage_differs","48147",""
"48149","Fayette","TX",55,17509,21804,"wave_coverage_differs","48149",""
"48151","Fisher","TX",17,4579,4344,"wave_coverage_differs","48151",""
"48153","Floyd","TX",24,6399,7771,"wave_coverage_differs","48153",""
"48155","Foard","TX",9,1462,1622,"wave_coverage_differs","48155",""
"48157","Fort Bend","TX",161,162495,354452,"wave_coverage_differs","48157",""
"48159","Franklin","TX",22,6888,9458,"wave_coverage_differs","48159",""
"48161","Freestone","TX",45,10102,17867,"wave_coverage_differs","48161",""
"48163","Frio","TX",19,13437,16252,"wave_coverage_differs","48163",""
"48165","Gaines","TX",33,11752,14467,"wave_coverage_differs","48165",""
"48167","Galveston","TX",202,112601,250158,"wave_coverage_differs","48167",""
"48169","Garza","TX",20,4170,4872,"wave_coverage_differs","48169",""
"48171","Gillespie","TX",31,15706,20814,"wave_coverage_differs","48171",""
"48173","Glasscock","TX",4,835,1406,"wave_coverage_differs","48173",""
"48175","Goliad","TX",18,4712,6928,"wave_coverage_differs","48175",""
"48177","Gonzales","TX",41,10885,18628,"wave_coverage_differs","48177",""
"48179","Gray","TX",41,18773,22744,"wave_coverage_differs","48179",""
"48181","Grayson","TX",184,67208,110595,"wave_coverage_differs","48181",""
"48183","Gregg","TX",151,81409,111379,"wave_coverage_differs","48183",""
"48185","Grimes","TX",49,11168,23552,"wave_coverage_differs","48185",""
"48187","Guadalupe","TX",58,33628,89023,"wave_coverage_differs","48187",""
"48189","Hale","TX",67,32214,36602,"wave_coverage_differs","48189",""
"48191","Hall","TX",13,3183,3782,"wave_coverage_differs","48191",""
"48193","Hamilton","TX",35,5538,8229,"wave_coverage_differs","48193",""
"48195","Hansford","TX",17,5050,5369,"wave_coverage_differs","48195",""
"48197","Hardeman","TX",17,5779,4724,"wave_coverage_differs","48197",""
"48199","Hardin","TX",70,28188,48073,"wave_coverage_differs","48199",""
"48201","Harris","TX",1587,1713211,3400578,"wave_coverage_differs","48201",""
"48203","Harrison","TX",95,34891,62110,"wave_coverage_differs","48203",""
"48205","Hartley","TX",9,3265,5537,"wave_coverage_differs","48205",""
"48207","Haskell","TX",29,6567,6093,"wave_coverage_differs","48207",""
"48209","Hays","TX",73,42493,97589,"wave_coverage_differs","48209",""
"48211","Hemphill","TX",11,2922,3351,"wave_coverage_differs","48211",""
"48213","Henderson","TX",114,36100,73277,"wave_coverage_differs","48213",""
"48215","Hidalgo","TX",320,286865,569463,"wave_coverage_differs","48215",""
"48217","Hill","TX",78,16512,32321,"wave_coverage_differs","48217",""
"48219","Hockley","TX",54,19554,22716,"wave_coverage_differs","48219",""
"48221","Hood","TX",41,21726,41100,"wave_coverage_differs","48221",""
"48223","Hopkins","TX",89,22799,31960,"wave_coverage_differs","48223",""
"48225","Houston","TX",72,12167,23185,"wave_coverage_differs","48225",""
"48227","Howard","TX",58,22637,33627,"wave_coverage_differs","48227",""
"48229","Hudspeth","TX",7,1888,3344,"wave_coverage_differs","48229",""
"48231","Hunt","TX",130,41293,76596,"wave_coverage_differs","48231",""
"48233","Hutchinson","TX",49,20183,23857,"wave_coverage_differs","48233",""
"48235","Irion","TX",6,1296,1771,"wave_coverage_differs","48235",""
"48237","Jack","TX",30,4786,8763,"wave_coverage_differs","48237",""
"48239","Jackson","TX",31,10423,14391,"wave_coverage_differs","48239",""
"48241","Jasper","TX",69,21732,35604,"wave_coverage_differs","48241",""
"48243","Jeff Davis","TX",7,1212,2207,"wave_coverage_differs","48243",""
"48245","Jefferson","TX",222,163885,252051,"wave_coverage_differs","48245",""
"48247","Jim Hogg","TX",10,5344,5281,"wave_coverage_differs","48247",""
"48249","Jim Wells","TX",37,23430,39326,"wave_coverage_differs","48249",""
"48251","Johnson","TX",124,61527,126811,"wave_coverage_differs","48251",""
"48253","Jones","TX",52,13030,20785,"wave_coverage_differs","48253",""
"48255","Karnes","TX",32,9684,15446,"wave_coverage_differs","48255",""
"48257","Kaufman","TX",89,37171,71313,"wave_coverage_differs","48257",""
"48259","Kendall","TX",19,15289,23743,"wave_coverage_differs","48259",""
"48261","Kenedy","TX",3,170,414,"wave_coverage_differs","48261",""
"48263","Kent","TX",5,740,859,"wave_coverage_differs","48263",""
"48265","Kerr","TX",42,23175,43653,"wave_coverage_differs","48265",""
"48267","Kimble","TX",12,2498,4468,"wave_coverage_differs","48267",""
"48269","King","TX",2,180,356,"wave_coverage_differs","48269",""
"48271","Kinney","TX",9,2528,3379,"wave_coverage_differs","48271",""
"48273","Kleberg","TX",36,11376,31549,"wave_coverage_differs","48273",""
"48275","Knox","TX",26,5092,4253,"wave_coverage_differs","48275",""
"48277","Lamar","TX",92,31699,48499,"wave_coverage_differs","48277",""
"48279","Lamb","TX",44,13420,14709,"wave_coverage_differs","48279",""
"48281","Lampasas","TX",26,8327,17762,"wave_coverage_differs","48281",""
"48283","La Salle","TX",13,6068,5866,"wave_coverage_differs","48283",""
"48285","Lavaca","TX",42,18876,19210,"wave_coverage_differs","48285",""
"48287","Lee","TX",31,9174,15657,"wave_coverage_differs","48287",""
"48289","Leon","TX",59,9530,15335,"wave_coverage_differs","48289",""
"48291","Liberty","TX",106,40502,70154,"wave_coverage_differs","48291",""
"48293","Limestone","TX",61,12505,22051,"wave_coverage_differs","48293",""
"48295","Lipscomb","TX",19,2562,3057,"wave_coverage_differs","48295",""
"48297","Live Oak","TX",25,6333,12309,"wave_coverage_differs","48297",""
"48299","Llano","TX",32,7665,17044,"wave_coverage_differs","48299",""
"48303","Lubbock","TX",227,144758,242628,"wave_coverage_differs","48303",""
"48305","Lynn","TX",22,5552,6550,"wave_coverage_differs","48305",""
"48307","McCulloch","TX",29,5389,8205,"wave_coverage_differs","48307",""
"48309","McLennan","TX",252,129208,213517,"wave_coverage_differs","48309",""
"48311","McMullen","TX",2,484,851,"wave_coverage_differs","48311",""
"48313","Madison","TX",28,6347,12940,"wave_coverage_differs","48313",""
"48315","Marion","TX",33,4820,10941,"wave_coverage_differs","48315",""
"48317","Martin","TX",13,3192,4746,"wave_coverage_differs","48317",""
"48319","Mason","TX",9,2898,3738,"wave_coverage_differs","48319",""
"48321","Matagorda","TX",64,23928,37957,"wave_coverage_differs","48321",""
"48323","Maverick","TX",25,16403,47297,"wave_coverage_differs","48323",""
"48325","Medina","TX",42,23181,39304,"wave_coverage_differs","48325",""
"48327","Menard","TX",8,1381,2360,"wave_coverage_differs","48327",""
"48329","Midland","TX",103,71380,116009,"wave_coverage_differs","48329",""
"48331","Milam","TX",69,16275,24238,"wave_coverage_differs","48331",""
"48333","Mills","TX",18,4213,5151,"wave_coverage_differs","48333",""
"48335","Mitchell","TX",25,5451,9698,"wave_coverage_differs","48335",""
"48337","Montague","TX",58,12051,19117,"wave_coverage_differs","48337",""
"48339","Montgomery","TX",172,147461,293768,"wave_coverage_differs","48339",""
"48341","Moore","TX",35,10821,20121,"wave_coverage_differs","48341",""
"48343","Morris","TX",37,10173,13048,"wave_coverage_differs","48343",""
"48345","Motley","TX",10,1170,1426,"wave_coverage_differs","48345",""
"48347","Nacogdoches","TX",93,33591,59203,"wave_coverage_differs","48347",""
"48349","Navarro","TX",91,29061,45124,"wave_coverage_differs","48349",""
"48351","Newton","TX",31,6238,15072,"wave_coverage_differs","48351",""
"48353","Nolan","TX",41,11792,15802,"wave_coverage_differs","48353",""
"48355","Nueces","TX",247,174617,313645,"wave_coverage_differs","48355",""
"48357","Ochiltree","TX",22,5967,9006,"wave_coverage_differs","48357",""
"48359","Oldham","TX",8,1439,2185,"wave_coverage_differs","48359",""
"48361","Orange","TX",97,55707,84966,"wave_coverage_differs","48361",""
"48363","Palo Pinto","TX",60,15718,27026,"wave_coverage_differs","48363",""
"48365","Panola","TX",71,12772,22756,"wave_coverage_differs","48365",""
"48367","Parker","TX",114,43842,88495,"wave_coverage_differs","48367",""
"48369","Parmer","TX",28,7779,10016,"wave_coverage_differs","48369",""
"48371","Pecos","TX",29,7607,16809,"wave_coverage_differs","48371",""
"48373","Polk","TX",73,20790,41133,"wave_coverage_differs","48373",""
"48375","Potter","TX",128,98151,113546,"wave_coverage_differs","48375",""
"48377","Presidio","TX",19,4758,7304,"wave_coverage_differs","48377",""
"48379","Rains","TX",19,2649,9139,"wave_coverage_differs","48379",""
"48381","Randall","TX",65,52286,104312,"wave_coverage_differs","48381",""
"48383","Reagan","TX",9,2507,3326,"wave_coverage_differs","48383",""
"48385","Real","TX",11,2345,3047,"wave_coverage_differs","48385",""
"48387","Red River","TX",58,8524,14314,"wave_coverage_differs","48387",""
"48389","Reeves","TX",31,9935,13137,"wave_coverage_differs","48389",""
"48391","Refugio","TX",28,5128,7828,"wave_coverage_differs","48391",""
"48393","Roberts","TX",4,764,887,"wave_coverage_differs","48393",""
"48395","Robertson","TX",37,8237,16000,"wave_coverage_differs","48395",""
"48397","Rockwall","TX",29,29980,43080,"wave_coverage_differs","48397",""
"48399","Runnels","TX",43,10196,11495,"wave_coverage_differs","48399",""
"48401","Rusk","TX",111,26377,47372,"wave_coverage_differs","48401",""
"48403","Sabine","TX",49,6373,10469,"wave_coverage_differs","48403",""
"48405","San Augustine","TX",31,5179,8946,"wave_coverage_differs","48405",""
"48407","San Jacinto","TX",27,7101,22246,"wave_coverage_differs","48407",""
"48409","San Patricio","TX",88,37937,67138,"wave_coverage_differs","48409",""
"48411","San Saba","TX",24,4010,6186,"wave_coverage_differs","48411",""
"48413","Schleicher","TX",10,1817,2935,"wave_coverage_differs","48413",""
"48415","Scurry","TX",47,13051,16361,"wave_coverage_differs","48415",""
"48417","Shackelford","TX",13,3172,3302,"wave_coverage_differs","48417",""
"48419","Shelby","TX",85,14965,25224,"wave_coverage_differs","48419",""
"48421","Sherman","TX",10,3325,3186,"wave_coverage_differs","48421",""
"48423","Smith","TX",194,114072,174706,"wave_coverage_differs","48423",""
"48425","Somervell","TX",13,3315,6809,"wave_coverage_differs","48425",""
"48427","Starr","TX",31,42221,53597,"wave_coverage_differs","48427",""
"48429","Stephens","TX",25,6819,9674,"wave_coverage_differs","48429",""
"48431","Sterling","TX",6,1206,1393,"wave_coverage_differs","48431",""
"48433","Stonewall","TX",7,1653,1693,"wave_coverage_differs","48433",""
"48435","Sutton","TX",11,3455,4077,"wave_coverage_differs","48435",""
"48437","Swisher","TX",27,7469,8378,"wave_coverage_differs","48437",""
"48439","Tarrant","TX",864,758527,1446219,"wave_coverage_differs","48439",""
"48441","Taylor","TX",159,84905,126555,"wave_coverage_differs","48441",""
"48443","Terrell","TX",6,1088,1081,"wave_coverage_differs","48443",""
"48445","Terry","TX",33,9158,12761,"wave_coverage_differs","48445",""
"48447","Throckmorton","TX",12,1901,1850,"wave_coverage_differs","48447",""
"48449","Titus","TX",66,19966,28118,"wave_coverage_differs","48449",""
"48451","Tom Green","TX",111,62440,104010,"wave_coverage_differs","48451",""
"48453","Travis","TX",420,375037,812280,"wave_coverage_differs","48453",""
"48455","Trinity","TX",31,6447,13779,"wave_coverage_differs","48455",""
"48457","Tyler","TX",60,12815,20871,"wave_coverage_differs","48457",""
"48459","Upshur","TX",86,19950,35291,"wave_coverage_differs","48459",""
"48461","Upton","TX",16,2262,3404,"wave_coverage_differs","48461",""
"48463","Uvalde","TX",35,23179,25926,"wave_coverage_differs","48463",""
"48465","Val Verde","TX",38,22207,44856,"wave_coverage_differs","48465",""
"48467","Van Zandt","TX",92,27586,48140,"wave_coverage_differs","48467",""
"48469","Victoria","TX",70,59360,84088,"wave_coverage_differs","48469",""
"48471","Walker","TX",52,20466,61758,"wave_coverage_differs","48471",""
"48473","Waller","TX",39,10860,32663,"wave_coverage_differs","48473",""
"48475","Ward","TX",32,8535,10909,"wave_coverage_differs","48475",""
"48477","Washington","TX",48,21752,30373,"wave_coverage_differs","48477",""
"48479","Webb","TX",81,142154,193117,"wave_coverage_differs","48479",""
"48481","Wharton","TX",61,31666,41188,"wave_coverage_differs","48481",""
"48483","Wheeler","TX",22,3976,5284,"wave_coverage_differs","48483",""
"48485","Wichita","TX",160,81999,131664,"wave_coverage_differs","48485",""
"48487","Wilbarger","TX",36,11020,14676,"wave_coverage_differs","48487",""
"48489","Willacy","TX",34,15552,20082,"wave_coverage_differs","48489",""
"48491","Williamson","TX",157,99892,249967,"wave_coverage_differs","48491",""
"48493","Wilson","TX",35,19318,32408,"wave_coverage_differs","48493",""
"48495","Winkler","TX",19,5890,7173,"wave_coverage_differs","48495",""
"48497","Wise","TX",78,20100,48793,"wave_coverage_differs","48497",""
"48499","Wood","TX",92,22875,36752,"wave_coverage_differs","48499",""
"48501","Yoakum","TX",18,7587,7322,"wave_coverage_differs","48501",""
"48503","Young","TX",55,16228,17943,"wave_coverage_differs","48503",""
"48505","Zapata","TX",11,4253,12182,"wave_coverage_differs","48505",""
"48507","Zavala","TX",14,5552,11600,"wave_coverage_differs","48507",""
"49001","Beaver","UT",17,4574,6005,"wave_coverage_differs","49001",""
"49003","Box Elder","UT",101,36588,42745,"wave_coverage_differs","49003",""
"49005","Cache","UT",251,77473,91391,"wave_coverage_differs","49005",""
"49007","Carbon","UT",47,14681,20422,"wave_coverage_differs","49007",""
"49009","Daggett","UT",2,489,921,"wave_coverage_differs","49009",""
"49011","Davis","UT",442,186854,238994,"wave_coverage_differs","49011",""
"49013","Duchesne","UT",34,10876,14371,"wave_coverage_differs","49013",""
"49015","Emery","UT",28,8184,10860,"wave_coverage_differs","49015",""
"49017","Garfield","UT",15,3706,4735,"wave_coverage_differs","49017",""
"49019","Grand","UT",18,4128,8485,"wave_coverage_differs","49019",""
"49021","Iron","UT",91,25774,33779,"wave_coverage_differs","49021",""
"49023","Juab","UT",18,6741,8238,"wave_coverage_differs","49023",""
"49025","Kane","UT",19,4224,6046,"wave_coverage_differs","49025",""
"49027","Millard","UT",33,10341,12405,"wave_coverage_differs","49027",""
"49029","Morgan","UT",17,6284,7129,"wave_coverage_differs","49029",""
"49031","Piute","UT",3,943,1435,"wave_coverage_differs","49031",""
"49033","Rich","UT",5,1665,1961,"wave_coverage_differs","49033",""
"49035","Salt Lake","UT",1369,606391,898387,"wave_coverage_differs","49035",""
"49037","San Juan","UT",34,6220,14413,"wave_coverage_differs","49037",""
"49039","Sanpete","UT",60,18874,22763,"wave_coverage_differs","49039",""
"49041","Sevier","UT",41,16164,18842,"wave_coverage_differs","49041",""
"49043","Summit","UT",42,16588,29736,"wave_coverage_differs","49043",""
"49045","Tooele","UT",71,32315,40735,"wave_coverage_differs","49045",""
"49047","Uintah","UT",54,17900,25224,"wave_coverage_differs","49047",""
"49049","Utah","UT",991,331411,368536,"wave_coverage_differs","49049",""
"49051","Wasatch","UT",29,11281,15215,"wave_coverage_differs","49051",""
"49053","Washington","UT",187,67888,90354,"wave_coverage_differs","49053",""
"49055","Wayne","UT",10,2040,2509,"wave_coverage_differs","49055",""
"49057","Weber","UT",314,138254,196533,"wave_coverage_differs","49057",""
"50001","Addison","VT",46,13318,35974,"wave_coverage_differs","50001",""
"50003","Bennington","VT",53,16626,36994,"wave_coverage_differs","50003",""
"50005","Caledonia","VT",52,12477,29702,"wave_coverage_differs","50005",""
"50007","Chittenden","VT",99,58345,146571,"wave_coverage_differs","50007",""
"50009","Essex","VT",14,1419,6459,"wave_coverage_differs","50009",""
"50011","Franklin","VT",57,23286,45417,"wave_coverage_differs","50011",""
"50013","Grand Isle","VT",10,5054,6901,"wave_coverage_differs","50013",""
"50015","Lamoille","VT",30,7027,23233,"wave_coverage_differs","50015",""
"50017","Orange","VT",52,4553,28226,"wave_coverage_differs","50017",""
"50019","Orleans","VT",47,10981,26277,"wave_coverage_differs","50019",""
"50021","Rutland","VT",82,28671,63400,"wave_coverage_differs","50021",""
"50023","Washington","VT",80,24608,58039,"wave_coverage_differs","50023",""
"50025","Windham","VT",68,11766,44216,"wave_coverage_differs","50025",""
"50027","Windsor","VT",85,20120,57418,"wave_coverage_differs","50027",""
"51001","Accomack","VA",86,13465,38305,"wave_coverage_differs","51001",""
"51003","Albemarle","VA",93,23808,79236,"wave_coverage_differs","51003",""
"51005","Alleghany","VA",43,8307,17215,"wave_coverage_differs;boundary_change_crosswalked","51005, 51560","Reverted from independent city to town and absorbed into Alleghany County effective 2001-07-01. Direct successor for the join."
"51007","Amelia","VA",27,3260,11400,"wave_coverage_differs","51007",""
"51009","Amherst","VA",45,11214,31894,"wave_coverage_differs","51009",""
"51011","Appomattox","VA",37,8114,13705,"wave_coverage_differs","51011",""
"51013","Arlington","VA",93,55319,189453,"wave_coverage_differs","51013",""
"51015","Augusta","VA",130,30569,65615,"wave_coverage_differs","51015",""
"51017","Bath","VA",21,2801,5048,"wave_coverage_differs","51017",""
"51019","Bedford","VA",111,25218,66670,"wave_coverage_differs;boundary_change_crosswalked","51019, 51515","Reverted from independent city to town and absorbed into Bedford County effective 2013-07-01. Direct successor for the join."
"51021","Bland","VA",41,2870,6871,"wave_coverage_differs","51021",""
"51023","Botetourt","VA",73,16852,30496,"wave_coverage_differs","51023",""
"51025","Brunswick","VA",43,6378,18419,"wave_coverage_differs","51025",""
"51027","Buchanan","VA",50,7205,26978,"wave_coverage_differs","51027",""
"51029","Buckingham","VA",42,5197,15623,"wave_coverage_differs","51029",""
"51031","Campbell","VA",96,53113,51078,"wave_coverage_differs","51031",""
"51033","Caroline","VA",26,7181,22121,"wave_coverage_differs","51033",""
"51035","Carroll","VA",85,11186,29245,"wave_coverage_differs","51035",""
"51036","Charles City","VA",9,3135,6926,"wave_coverage_differs","51036",""
"51037","Charlotte","VA",45,6933,12472,"wave_coverage_differs","51037",""
"51041","Chesterfield","VA",158,94641,259903,"wave_coverage_differs","51041",""
"51043","Clarke","VA",21,4516,12652,"wave_coverage_differs","51043",""
"51045","Craig","VA",13,2365,5091,"wave_coverage_differs","51045",""
"51047","Culpeper","VA",41,12347,34262,"wave_coverage_differs","51047",""
"51049","Cumberland","VA",17,2207,9017,"wave_coverage_differs","51049",""
"51051","Dickenson","VA",50,4520,16395,"wave_coverage_differs","51051",""
"51053","Dinwiddie","VA",41,9534,24533,"wave_coverage_differs","51053",""
"51057","Essex","VA",20,4250,9989,"wave_coverage_differs","51057",""
"51059","Fairfax","VA",406,421413,969749,"wave_coverage_differs","51059",""
"51061","Fauquier","VA",77,17306,55139,"wave_coverage_differs","51061",""
"51063","Floyd","VA",48,5214,13874,"wave_coverage_differs","51063",""
"51065","Fluvanna","VA",26,6274,20047,"wave_coverage_differs","51065",""
"51067","Franklin","VA",91,18776,47286,"wave_coverage_differs","51067",""
"51069","Frederick","VA",82,18464,59209,"wave_coverage_differs","51069",""
"51071","Giles","VA",67,9443,16657,"wave_coverage_differs","51071",""
"51073","Gloucester","VA",33,14127,34780,"wave_coverage_differs","51073",""
"51075","Goochland","VA",23,7167,16863,"wave_coverage_differs","51075",""
"51077","Grayson","VA",71,7683,17917,"wave_coverage_differs","51077",""
"51079","Greene","VA",22,2918,15244,"wave_coverage_differs","51079",""
"51081","Greensville","VA",17,2257,11560,"wave_coverage_differs","51081",""
"51083","Halifax","VA",88,18885,37355,"wave_coverage_differs","51083",""
"51085","Hanover","VA",89,41197,86320,"wave_coverage_differs","51085",""
"51087","Henrico","VA",174,121507,262300,"wave_coverage_differs","51087",""
"51089","Henry","VA",90,21694,57930,"wave_coverage_differs","51089",""
"51091","Highland","VA",19,1435,2536,"wave_coverage_differs","51091",""
"51093","Isle of Wight","VA",39,9337,29728,"wave_coverage_differs","51093",""
"51095","James City","VA",30,18533,48102,"wave_coverage_differs","51095",""
"51097","King and Queen","VA",16,2402,6630,"wave_coverage_differs","51097",""
"51099","King George","VA",22,7791,16803,"wave_coverage_differs","51099",""
"51101","King William","VA",26,5769,13146,"wave_coverage_differs","51101",""
"51103","Lancaster","VA",28,6384,11567,"wave_coverage_differs","51103",""
"51105","Lee","VA",106,15794,23589,"wave_coverage_differs","51105",""
"51107","Loudoun","VA",116,71851,169599,"wave_coverage_differs","51107",""
"51109","Louisa","VA",46,9288,25627,"wave_coverage_differs","51109",""
"51111","Lunenburg","VA",26,4604,13146,"wave_coverage_differs","51111",""
"51113","Madison","VA",29,4608,12520,"wave_coverage_differs","51113",""
"51115","Mathews","VA",27,5722,9207,"wave_coverage_differs","51115",""
"51117","Mecklenburg","VA",78,13542,32380,"wave_coverage_differs","51117",""
"51119","Middlesex","VA",18,4476,9932,"wave_coverage_differs","51119",""
"51121","Montgomery","VA",105,25896,83629,"wave_coverage_differs","51121",""
"51125","Nelson","VA",41,7263,14445,"wave_coverage_differs","51125",""
"51127","New Kent","VA",14,3637,13462,"wave_coverage_differs","51127",""
"51131","Northampton","VA",27,3983,13093,"wave_coverage_differs","51131",""
"51133","Northumberland","VA",30,5313,12259,"wave_coverage_differs","51133",""
"51135","Nottoway","VA",28,4971,15725,"wave_coverage_differs","51135",""
"51137","Orange","VA",44,10227,25881,"wave_coverage_differs","51137",""
"51139","Page","VA",55,8647,23177,"wave_coverage_differs","51139",""
"51141","Patrick","VA",73,8595,19407,"wave_coverage_differs","51141",""
"51143","Pittsylvania","VA",125,29001,61745,"wave_coverage_differs","51143",""
"51145","Powhatan","VA",22,6474,22377,"wave_coverage_differs","51145",""
"51147","Prince Edward","VA",39,6803,19720,"wave_coverage_differs","51147",""
"51149","Prince George","VA",26,6242,33047,"wave_coverage_differs","51149",""
"51153","Prince William","VA",104,82195,280813,"wave_coverage_differs","51153",""
"51155","Pulaski","VA",84,15384,35127,"wave_coverage_differs","51155",""
"51157","Rappahannock","VA",19,3280,6983,"wave_coverage_differs","51157",""
"51159","Richmond","VA",23,4113,8809,"wave_coverage_differs","51159",""
"51161","Roanoke","VA",93,52938,85778,"wave_coverage_differs","51161",""
"51163","Rockbridge","VA",58,8702,20808,"wave_coverage_differs","51163",""
"51165","Rockingham","VA",171,36956,67725,"wave_coverage_differs","51165",""
"51167","Russell","VA",73,9073,30308,"wave_coverage_differs","51167",""
"51169","Scott","VA",72,9073,23403,"wave_coverage_differs","51169",""
"51171","Shenandoah","VA",107,18849,35075,"wave_coverage_differs","51171",""
"51173","Smyth","VA",92,12785,33081,"wave_coverage_differs","51173",""
"51175","Southampton","VA",36,7637,17482,"wave_coverage_differs","51175",""
"51177","Spotsylvania","VA",58,34974,90395,"wave_coverage_differs","51177",""
"51179","Stafford","VA",52,29109,92446,"wave_coverage_differs","51179",""
"51181","Surry","VA",18,1487,6829,"wave_coverage_differs","51181",""
"51183","Sussex","VA",23,4409,12504,"wave_coverage_differs","51183",""
"51185","Tazewell","VA",137,17282,44598,"wave_coverage_differs","51185",""
"51187","Warren","VA",60,11100,31584,"wave_coverage_differs","51187",""
"51191","Washington","VA",122,21897,51103,"wave_coverage_differs","51191",""
"51193","Westmoreland","VA",23,5844,16718,"wave_coverage_differs","51193",""
"51195","Wise","VA",96,13475,40123,"wave_coverage_differs","51195",""
"51197","Wythe","VA",101,12818,27599,"wave_coverage_differs","51197",""
"51199","York","VA",31,15859,56297,"wave_coverage_differs","51199",""
"51510","Alexandria","VA",72,63607,128283,"wave_coverage_differs","51510",""
"51520","Bristol","VA",32,10979,17367,"wave_coverage_differs","51520",""
"51530","Buena Vista","VA",9,2425,6349,"wave_coverage_differs","51530",""
"51540","Charlottesville","VA",40,25199,45049,"wave_coverage_differs","51540",""
"51550","Chesapeake","VA",116,58218,199184,"wave_coverage_differs","51550",""
"51570","Colonial Heights","VA",14,12092,16897,"wave_coverage_differs","51570",""
"51580","Covington","VA",25,4897,6303,"wave_coverage_differs","51580",""
"51590","Danville","VA",64,22805,48411,"wave_coverage_differs","51590",""
"51595","Emporia","VA",9,3218,5665,"wave_coverage_differs","51595",""
"51600","Fairfax","VA",37,33264,21498,"wave_coverage_differs","51600",""
"51610","Falls Church","VA",18,17073,10377,"wave_coverage_differs","51610",""
"51620","Franklin","VA",9,3776,8346,"wave_coverage_differs","51620",""
"51630","Fredericksburg","VA",29,21107,19279,"wave_coverage_differs","51630",""
"51640","Galax","VA",24,5984,6837,"wave_coverage_differs","51640",""
"51650","Hampton","VA",91,52908,146437,"wave_coverage_differs","51650",""
"51660","Harrisonburg","VA",33,13112,40468,"wave_coverage_differs","51660",""
"51670","Hopewell","VA",29,12208,22354,"wave_coverage_differs","51670",""
"51678","Lexington","VA",16,3587,6867,"wave_coverage_differs","51678",""
"51680","Lynchburg","VA",75,33683,65269,"wave_coverage_differs","51680",""
"51683","Manassas","VA",32,34253,35135,"wave_coverage_differs","51683",""
"51685","Manassas Park","VA",4,1367,10290,"wave_coverage_differs","51685",""
"51690","Martinsville","VA",42,11861,15416,"wave_coverage_differs","51690",""
"51700","Newport News","VA",105,62118,180150,"wave_coverage_differs","51700",""
"51710","Norfolk","VA",153,84575,234403,"wave_coverage_differs","51710",""
"51720","Norton","VA",11,1247,3904,"wave_coverage_differs","51720",""
"51730","Petersburg","VA",33,11450,33740,"wave_coverage_differs","51730",""
"51735","Poquoson","VA",9,5685,11566,"wave_coverage_differs","51735",""
"51740","Portsmouth","VA",77,38831,100565,"wave_coverage_differs","51740",""
"51750","Radford","VA",17,3033,15859,"wave_coverage_differs","51750",""
"51760","Richmond","VA",160,105101,197790,"wave_coverage_differs","51760",""
"51770","Roanoke","VA",107,45597,94911,"wave_coverage_differs","51770",""
"51775","Salem","VA",27,14457,24747,"wave_coverage_differs","51775",""
"51790","Staunton","VA",34,11316,23853,"wave_coverage_differs","51790",""
"51800","Suffolk","VA",61,22886,63677,"wave_coverage_differs","51800",""
"51810","Virginia Beach","VA",184,146402,425257,"wave_coverage_differs","51810",""
"51820","Waynesboro","VA",32,11440,19520,"wave_coverage_differs","51820",""
"51830","Williamsburg","VA",9,7710,11998,"wave_coverage_differs","51830",""
"51840","Winchester","VA",28,15423,23585,"wave_coverage_differs","51840",""
"53001","Adams","WA",41,8028,16428,"wave_coverage_differs","53001",""
"53003","Asotin","WA",29,8266,20551,"wave_coverage_differs","53003",""
"53005","Benton","WA",139,57586,142475,"wave_coverage_differs","53005",""
"53007","Chelan","WA",82,26508,66616,"wave_coverage_differs","53007",""
"53009","Clallam","WA",67,17792,64525,"wave_coverage_differs","53009",""
"53011","Clark","WA",212,96498,345238,"wave_coverage_differs","53011",""
"53013","Columbia","WA",12,1430,4064,"wave_coverage_differs","53013",""
"53015","Cowlitz","WA",87,29643,92948,"wave_coverage_differs","53015",""
"53017","Douglas","WA",39,10491,32603,"wave_coverage_differs","53017",""
"53019","Ferry","WA",14,1213,7260,"wave_coverage_differs","53019",""
"53021","Franklin","WA",56,25654,49347,"wave_coverage_differs","53021",""
"53023","Garfield","WA",7,1565,2397,"wave_coverage_differs","53023",""
"53025","Grant","WA",117,32271,74698,"wave_coverage_differs","53025",""
"53027","Grays Harbor","WA",83,20686,67194,"wave_coverage_differs","53027",""
"53029","Island","WA",49,18176,71558,"wave_coverage_differs","53029",""
"53031","Jefferson","WA",29,5751,25953,"wave_coverage_differs","53031",""
"53033","King","WA",1097,647222,1737034,"wave_coverage_differs","53033",""
"53035","Kitsap","WA",159,65550,231969,"wave_coverage_differs","53035",""
"53037","Kittitas","WA",37,9950,33362,"wave_coverage_differs","53037",""
"53039","Klickitat","WA",37,6237,19161,"wave_coverage_differs","53039",""
"53041","Lewis","WA",89,22549,68600,"wave_coverage_differs","53041",""
"53043","Lincoln","WA",31,4492,10184,"wave_coverage_differs","53043",""
"53045","Mason","WA",32,11614,49405,"wave_coverage_differs","53045",""
"53047","Okanogan","WA",78,10189,39564,"wave_coverage_differs","53047",""
"53049","Pacific","WA",40,7297,20984,"wave_coverage_differs","53049",""
"53051","Pend Oreille","WA",23,2742,11732,"wave_coverage_differs","53051",""
"53053","Pierce","WA",442,208660,700820,"wave_coverage_differs","53053",""
"53055","San Juan","WA",22,2414,14077,"wave_coverage_differs","53055",""
"53057","Skagit","WA",104,44794,102979,"wave_coverage_differs","53057",""
"53059","Skamania","WA",8,2386,9872,"wave_coverage_differs","53059",""
"53061","Snohomish","WA",357,144432,606024,"wave_coverage_differs","53061",""
"53063","Spokane","WA",308,150918,417939,"wave_coverage_differs","53063",""
"53065","Stevens","WA",55,10933,40066,"wave_coverage_differs","53065",""
"53067","Thurston","WA",147,56763,207355,"wave_coverage_differs","53067",""
"53069","Wahkiakum","WA",9,939,3824,"wave_coverage_differs","53069",""
"53071","Walla Walla","WA",60,21959,55180,"wave_coverage_differs","53071",""
"53073","Whatcom","WA",145,48995,166814,"wave_coverage_differs","53073",""
"53075","Whitman","WA",69,13631,40740,"wave_coverage_differs","53075",""
"53077","Yakima","WA",237,86626,222581,"wave_coverage_differs","53077",""
"54001","Barbour","WV",67,4331,15557,"wave_coverage_differs","54001",""
"54003","Berkeley","WV",98,25883,75905,"wave_coverage_differs","54003",""
"54005","Boone","WV",59,4742,25535,"wave_coverage_differs","54005",""
"54007","Braxton","WV",62,4632,14702,"wave_coverage_differs","54007",""
"54009","Brooke","WV",43,9995,25447,"wave_coverage_differs","54009",""
"54011","Cabell","WV",147,41293,96784,"wave_coverage_differs","54011",""
"54013","Calhoun","WV",27,1912,7582,"wave_coverage_differs","54013",""
"54015","Clay","WV",28,2293,10330,"wave_coverage_differs","54015",""
"54017","Doddridge","WV",31,2450,7403,"wave_coverage_differs","54017",""
"54019","Fayette","WV",135,16534,47579,"wave_coverage_differs","54019",""
"54021","Gilmer","WV",28,1675,7160,"wave_coverage_differs","54021",""
"54023","Grant","WV",42,4884,11299,"wave_coverage_differs","54023",""
"54025","Greenbrier","WV",125,13650,34453,"wave_coverage_differs","54025",""
"54027","Hampshire","WV",69,6791,20203,"wave_coverage_differs","54027",""
"54029","Hancock","WV",53,16700,32667,"wave_coverage_differs","54029",""
"54031","Hardy","WV",48,5908,12669,"wave_coverage_differs","54031",""
"54033","Harrison","WV",144,31035,68652,"wave_coverage_differs","54033",""
"54035","Jackson","WV",63,7225,28000,"wave_coverage_differs","54035",""
"54037","Jefferson","WV",67,13986,42190,"wave_coverage_differs","54037",""
"54039","Kanawha","WV",325,69129,200073,"wave_coverage_differs","54039",""
"54041","Lewis","WV",50,6137,16919,"wave_coverage_differs","54041",""
"54043","Lincoln","WV",55,4451,22108,"wave_coverage_differs","54043",""
"54045","Logan","WV",99,9161,37710,"wave_coverage_differs","54045",""
"54047","McDowell","WV",98,5387,27329,"wave_coverage_differs","54047",""
"54049","Marion","WV",138,24298,56598,"wave_coverage_differs","54049",""
"54051","Marshall","WV",73,17266,35519,"wave_coverage_differs","54051",""
"54053","Mason","WV",61,6989,25957,"wave_coverage_differs","54053",""
"54055","Mercer","WV",147,28466,62980,"wave_coverage_differs","54055",""
"54057","Mineral","WV",69,11601,27078,"wave_coverage_differs","54057",""
"54059","Mingo","WV",65,7735,28253,"wave_coverage_differs","54059",""
"54061","Monongalia","WV",112,23330,81866,"wave_coverage_differs","54061",""
"54063","Monroe","WV",59,4431,14583,"wave_coverage_differs","54063",""
"54065","Morgan","WV",31,5322,14943,"wave_coverage_differs","54065",""
"54067","Nicholas","WV",88,10581,26562,"wave_coverage_differs","54067",""
"54069","Ohio","WV",73,34108,47427,"wave_coverage_differs","54069",""
"54071","Pendleton","WV",50,3699,8196,"wave_coverage_differs","54071",""
"54073","Pleasants","WV",27,2590,7514,"wave_coverage_differs","54073",""
"54075","Pocahontas","WV",48,2727,9131,"wave_coverage_differs","54075",""
"54077","Preston","WV",102,9815,29334,"wave_coverage_differs","54077",""
"54079","Putnam","WV",62,14405,51589,"wave_coverage_differs","54079",""
"54081","Raleigh","WV",115,17719,79220,"wave_coverage_differs","54081",""
"54083","Randolph","WV",71,10763,28262,"wave_coverage_differs","54083",""
"54085","Ritchie","WV",54,3671,10343,"wave_coverage_differs","54085",""
"54087","Roane","WV",48,3771,15446,"wave_coverage_differs","54087",""
"54089","Summers","WV",41,4892,12999,"wave_coverage_differs","54089",""
"54091","Taylor","WV",43,5276,16089,"wave_coverage_differs","54091",""
"54093","Tucker","WV",39,3699,7321,"wave_coverage_differs","54093",""
"54095","Tyler","WV",38,2934,9592,"wave_coverage_differs","54095",""
"54097","Upshur","WV",80,6429,23404,"wave_coverage_differs","54097",""
"54099","Wayne","WV",77,11366,42903,"wave_coverage_differs","54099",""
"54101","Webster","WV",26,1837,9719,"wave_coverage_differs","54101",""
"54103","Wetzel","WV",74,8718,17693,"wave_coverage_differs","54103",""
"54105","Wirt","WV",28,2254,5873,"wave_coverage_differs","54105",""
"54107","Wood","WV",156,39846,87986,"wave_coverage_differs","54107",""
"54109","Wyoming","WV",81,9294,25708,"wave_coverage_differs","54109",""
"55001","Adams","WI",19,4762,18643,"wave_coverage_differs","55001",""
"55003","Ashland","WI",33,11655,16866,"wave_coverage_differs","55003",""
"55005","Barron","WI",80,28153,44963,"wave_coverage_differs","55005",""
"55007","Bayfield","WI",32,5858,15013,"wave_coverage_differs","55007",""
"55009","Brown","WI",138,166564,226778,"wave_coverage_differs","55009",""
"55011","Buffalo","WI",37,10506,13804,"wave_coverage_differs","55011",""
"55013","Burnett","WI",29,5888,15674,"wave_coverage_differs","55013",""
"55015","Calumet","WI",33,20727,40631,"wave_coverage_differs","55015",""
"55017","Chippewa","WI",66,29796,55195,"wave_coverage_differs","55017",""
"55019","Clark","WI",79,23617,33557,"wave_coverage_differs","55019",""
"55021","Columbia","WI",73,35558,52468,"wave_coverage_differs","55021",""
"55023","Crawford","WI",36,10241,17243,"wave_coverage_differs","55023",""
"55025","Dane","WI",273,223924,426526,"wave_coverage_differs","55025",""
"55027","Dodge","WI",118,54526,85897,"wave_coverage_differs","55027",""
"55029","Door","WI",51,20517,27961,"wave_coverage_differs","55029",""
"55031","Douglas","WI",53,22240,43287,"wave_coverage_differs","55031",""
"55033","Dunn","WI",61,20128,39858,"wave_coverage_differs","55033",""
"55035","Eau Claire","WI",87,54125,93142,"wave_coverage_differs","55035",""
"55037","Florence","WI",10,1750,5088,"wave_coverage_differs","55037",""
"55039","Fond du Lac","WI",98,65904,97296,"wave_coverage_differs","55039",""
"55041","Forest","WI",20,4390,10024,"wave_coverage_differs","55041",""
"55043","Grant","WI",95,39609,49597,"wave_coverage_differs","55043",""
"55045","Green","WI",43,16620,33647,"wave_coverage_differs","55045",""
"55047","Green Lake","WI",37,15487,19105,"wave_coverage_differs","55047",""
"55049","Iowa","WI",40,12738,22780,"wave_coverage_differs","55049",""
"55051","Iron","WI",12,2546,6861,"wave_coverage_differs","55051",""
"55053","Jackson","WI",34,8601,19100,"wave_coverage_differs","55053",""
"55055","Jefferson","WI",80,56987,74021,"wave_coverage_differs","55055",""
"55057","Juneau","WI",43,13566,24316,"wave_coverage_differs","55057",""
"55059","Kenosha","WI",92,72087,149577,"wave_coverage_differs","55059",""
"55061","Kewaunee","WI",22,15702,20187,"wave_coverage_differs","55061",""
"55063","La Crosse","WI",91,68712,107120,"wave_coverage_differs","55063",""
"55065","Lafayette","WI",39,12358,16137,"wave_coverage_differs","55065",""
"55067","Langlade","WI",33,14336,20740,"wave_coverage_differs","55067",""
"55069","Lincoln","WI",40,20247,29641,"wave_coverage_differs","55069",""
"55071","Manitowoc","WI",82,67487,82887,"wave_coverage_differs","55071",""
"55073","Marathon","WI",127,89115,125834,"wave_coverage_differs","55073",""
"55075","Marinette","WI",59,27947,43384,"wave_coverage_differs","55075",""
"55077","Marquette","WI",28,7849,15832,"wave_coverage_differs","55077",""
"55078","Menominee","WI",5,3173,4562,"wave_coverage_differs","55078",""
"55079","Milwaukee","WI",504,446222,940164,"wave_coverage_differs","55079",""
"55081","Monroe","WI",70,25076,40899,"wave_coverage_differs","55081",""
"55083","Oconto","WI",51,20741,35634,"wave_coverage_differs","55083",""
"55085","Oneida","WI",47,24286,36776,"wave_coverage_differs","55085",""
"55087","Outagamie","WI",118,140164,160971,"wave_coverage_differs","55087",""
"55089","Ozaukee","WI",64,59700,82317,"wave_coverage_differs","55089",""
"55091","Pepin","WI",21,4850,7213,"wave_coverage_differs","55091",""
"55093","Pierce","WI",54,21436,36804,"wave_coverage_differs","55093",""
"55095","Polk","WI",89,23885,41319,"wave_coverage_differs","55095",""
"55097","Portage","WI",57,44952,67182,"wave_coverage_differs","55097",""
"55099","Price","WI",33,10291,15822,"wave_coverage_differs","55099",""
"55101","Racine","WI",141,113369,188831,"wave_coverage_differs","55101",""
"55103","Richland","WI",34,6866,17924,"wave_coverage_differs","55103",""
"55105","Rock","WI",133,78161,152307,"wave_coverage_differs","55105",""
"55107","Rusk","WI",39,7393,15347,"wave_coverage_differs","55107",""
"55109","St. Croix","WI",60,39881,63155,"wave_coverage_differs","55109",""
"55111","Sauk","WI",77,35810,55225,"wave_coverage_differs","55111",""
"55113","Sawyer","WI",37,9544,16196,"wave_coverage_differs","55113",""
"55115","Shawano","WI",83,29878,40664,"wave_coverage_differs","55115",""
"55117","Sheboygan","WI",130,81431,112646,"wave_coverage_differs","55117",""
"55119","Taylor","WI",32,14733,19680,"wave_coverage_differs","55119",""
"55121","Trempealeau","WI",43,20827,27010,"wave_coverage_differs","55121",""
"55123","Vernon","WI",68,17891,28056,"wave_coverage_differs","55123",""
"55125","Vilas","WI",32,11556,21033,"wave_coverage_differs","55125",""
"55127","Walworth","WI",80,46190,93759,"wave_coverage_differs","55127",""
"55129","Washburn","WI",34,7435,16036,"wave_coverage_differs","55129",""
"55131","Washington","WI",81,73683,117493,"wave_coverage_differs","55131",""
"55133","Waukesha","WI",225,241180,360767,"wave_coverage_differs","55133",""
"55135","Waupaca","WI",72,39241,51731,"wave_coverage_differs","55135",""
"55137","Waushara","WI",46,11510,23154,"wave_coverage_differs","55137",""
"55139","Winnebago","WI",109,90009,156763,"wave_coverage_differs","55139",""
"55141","Wood","WI",89,57472,75555,"wave_coverage_differs","55141",""
"56001","Albany","WY",42,11960,32014,"wave_coverage_differs","56001",""
"56003","Big Horn","WY",37,6252,11461,"wave_coverage_differs","56003",""
"56005","Campbell","WY",39,17809,33698,"wave_coverage_differs","56005",""
"56007","Carbon","WY",43,6715,15639,"wave_coverage_differs","56007",""
"56009","Converse","WY",23,4950,12052,"wave_coverage_differs","56009",""
"56011","Crook","WY",17,2030,5887,"wave_coverage_differs","56011",""
"56013","Fremont","WY",74,15062,35804,"wave_coverage_differs","56013",""
"56015","Goshen","WY",20,4649,12538,"wave_coverage_differs","56015",""
"56017","Hot Springs","WY",13,1925,4882,"wave_coverage_differs","56017",""
"56019","Johnson","WY",17,3638,7075,"wave_coverage_differs","56019",""
"56021","Laramie","WY",83,38925,81607,"wave_coverage_differs","56021",""
"56023","Lincoln","WY",34,10398,14573,"wave_coverage_differs","56023",""
"56025","Natrona","WY",64,29232,66533,"wave_coverage_differs","56025",""
"56027","Niobrara","WY",12,1185,2407,"wave_coverage_differs","56027",""
"56029","Park","WY",50,11853,25786,"wave_coverage_differs","56029",""
"56031","Platte","WY",23,4125,8807,"wave_coverage_differs","56031",""
"56033","Sheridan","WY",32,12377,26560,"wave_coverage_differs","56033",""
"56035","Sublette","WY",15,2608,5920,"wave_coverage_differs","56035",""
"56037","Sweetwater","WY",60,21187,37613,"wave_coverage_differs","56037",""
"56039","Teton","WY",15,4372,18251,"wave_coverage_differs","56039",""
"56041","Uinta","WY",39,12260,19742,"wave_coverage_differs","56041",""
"56043","Washakie","WY",22,4763,8289,"wave_coverage_differs","56043",""
"56045","Weston","WY",16,2450,6644,"wave_coverage_differs","56045",""
