"fips","name","state","cng","adh","pop","quality_flag","original_fips","crosswalk_note"
"01001","Autauga","AL",106,36938,54571,"","01001",""
"01003","Baldwin","AL",271,96918,182265,"","01003",""
"01005","Barbour","AL",89,15101,27457,"","01005",""
"01007","Bibb","AL",81,11430,22915,"","01007",""
"01009","Blount","AL",156,37352,57322,"","01009",""
"01011","Bullock","AL",47,6300,10914,"","01011",""
"01013","Butler","AL",92,12278,20947,"","01013",""
"01015","Calhoun","AL",281,84615,118572,"","01015",""
"01017","Chambers","AL",119,22251,34215,"","01017",""
"01019","Cherokee","AL",79,12455,25989,"","01019",""
"01021","Chilton","AL",122,30488,43643,"","01021",""
"01023","Choctaw","AL",83,9721,13859,"","01023",""
"01025","Clarke","AL",122,20470,25833,"","01025",""
"01027","Clay","AL",69,10305,13932,"","01027",""
"01029","Cleburne","AL",66,11463,14972,"","01029",""
"01031","Coffee","AL",120,33021,49948,"","01031",""
"01033","Colbert","AL",140,37805,54428,"","01033",""
"01035","Conecuh","AL",62,7550,13228,"","01035",""
"01037","Coosa","AL",49,6148,11539,"","01037",""
"01039","Covington","AL",126,23386,37765,"","01039",""
"01041","Crenshaw","AL",68,8784,13906,"","01041",""
"01043","Cullman","AL",227,62799,80406,"","01043",""
"01045","Dale","AL",109,24732,50251,"","01045",""
"01047","Dallas","AL",140,26546,43820,"","01047",""
"01049","DeKalb","AL",184,39370,71109,"","01049",""
"01051","Elmore","AL",141,37247,79303,"","01051",""
"01053","Escambia","AL",124,23014,38319,"","01053",""
"01055","Etowah","AL",256,84006,104430,"","01055",""
"01057","Fayette","AL",94,11039,17241,"","01057",""
"01059","Franklin","AL",102,20416,31704,"","01059",""
"01061","Geneva","AL",102,16488,26790,"","01061",""
"01063","Greene","AL",28,2425,9045,"","01063",""
"01065","Hale","AL",69,9531,15760,"","01065",""
"01067","Henry","AL",43,8195,17302,"","01067",""
"01069","Houston","AL",210,81059,101547,"","01069",""
"01071","Jackson","AL",145,28922,53227,"","01071",""
"01073","Jefferson","AL",1198,552254,658466,"","01073",""
"01075","Lamar","AL",90,11042,14564,"","01075",""
"01077","Lauderdale","AL",206,54063,92709,"","01077",""
"01079","Lawrence","AL",81,17919,34339,"","01079",""
"01081","Lee","AL",175,56996,140247,"","01081",""
"01083","Limestone","AL",166,43018,82782,"","01083",""
"01085","Lowndes","AL",50,6217,11299,"","01085",""
"01087","Macon","AL",67,9583,21452,"","01087",""
"01089","Madison","AL",432,168830,334811,"","01089",""
"01091","Marengo","AL",88,16244,21027,"","01091",""
"01093","Marion","AL",112,18828,30776,"","01093",""
"01095","Marshall","AL",216,60942,93019,"","01095",""
"01097","Mobile","AL",599,253133,412992,"","01097",""
"01099","Monroe","AL",88,14959,23068,"","01099",""
"01101","Montgomery","AL",354,159955,229363,"","01101",""
"01103","Morgan","AL",250,83260,119490,"","01103",""
"01105","Perry","AL",44,5710,10591,"","01105",""
"01107","Pickens","AL",98,13500,19746,"","01107",""
"01109","Pike","AL",89,16755,32899,"","01109",""
"01111","Randolph","AL",106,13134,22913,"","01111",""
"01113","Russell","AL",133,36790,52947,"","01113",""
"01115","St. Clair","AL",154,39768,83593,"","01115",""
"01117","Shelby","AL",230,85708,195085,"","01117",""
"01119","Sumter","AL",52,4970,13763,"","01119",""
"01121","Talladega","AL",209,44005,82291,"","01121",""
"01123","Tallapoosa","AL",142,28905,41616,"","01123",""
"01125","Tuscaloosa","AL",311,104315,194656,"","01125",""
"01127","Walker","AL",217,43800,67023,"","01127",""
"01129","Washington","AL",88,10284,17581,"","01129",""
"01131","Wilcox","AL",72,7124,11670,"","01131",""
"01133","Winston","AL",75,14974,24484,"","01133",""
"02013","Aleutians East","AK",8,741,3141,"","02013",""
"02016","Aleutians West","AK",12,1365,5561,"","02016",""
"02020","Anchorage","AK",326,102804,291826,"","02020",""
"02050","Bethel","AK",55,9011,17013,"","02050",""
"02060","Bristol Bay","AK",6,293,997,"","02060",""
"02063","Chugach","AK",39,3329,9636,"boundary_change_crosswalked","02261","Split 2019-01-02 into Chugach Census Area (02063) and Copper River Census Area (02066). Mapped to 02063 for the join; Copper River's earlier total remains folded into the mapped row."
"02068","Denali","AK",8,509,1826,"","02068",""
"02070","Dillingham","AK",25,2502,4847,"","02070",""
"02090","Fairbanks North Star","AK",123,28104,97581,"","02090",""
"02100","Haines","AK",16,877,2508,"","02100",""
"02105","Hoonah-Angoon","AK",15,633,2150,"boundary_change_crosswalked","02105, 02231, 02232","Reconstituted as Hoonah-Angoon Census Area 2007-06-20 when Skagway consolidated into its own municipality (02230). Mapped to 02105 for the join., Renamed Skagway-Hoonah-Angoon in 1992 after Yakutat became a separate borough (02282), then reconstituted as Hoonah-Angoon in 2007 after Skagway became its own municipality (02230). Mapped to 02105 for the join."
"02110","Juneau","AK",47,8969,31275,"","02110",""
"02122","Kenai Peninsula","AK",123,17843,55400,"","02122",""
"02130","Ketchikan Gateway","AK",31,4246,13477,"","02130",""
"02150","Kodiak Island","AK",34,3818,13592,"","02150",""
"02158","Kusilvak","AK",26,6478,7459,"boundary_change_crosswalked","02270","Renamed effective 2015-07-01. Direct one-to-one successor."
"02164","Lake and Peninsula","AK",10,1148,1631,"","02164",""
"02170","Matanuska-Susitna","AK",116,26656,88995,"","02170",""
"02180","Nome","AK",35,4463,9492,"","02180",""
"02185","North Slope","AK",17,1539,9430,"","02185",""
"02188","Northwest Arctic","AK",25,2385,7523,"","02188",""
"02195","Petersburg","AK",14,1184,3815,"boundary_change_crosswalked","02195, 02280","Split 2013-01-03 into Petersburg Borough (02195) and Wrangell City and Borough (02275). Mapped to 02195 for the join; a population share belongs with 02275."
"02198","Prince of Wales-Hyder","AK",30,1759,5559,"boundary_change_crosswalked","02198, 02201","Split 2008-05-19: Outer Ketchikan portion annexed by Ketchikan Gateway Borough (02130), Meyers Chuck portion into Wrangell City and Borough (02275), remainder renamed Prince of Wales-Hyder. Mapped whole to 02198 for the county join; a small population share is technically in 02130/02275."
"02220","Sitka","AK",21,2895,8881,"","02220",""
"02230","Skagway","AK",7,270,968,"","02230",""
"02240","Southeast Fairbanks","AK",26,1996,7029,"","02240",""
"02275","Wrangell","AK",12,916,2369,"","02275",""
"02282","Yakutat","AK",3,163,662,"","02282",""
"02290","Yukon-Koyukuk","AK",36,3937,5588,"","02290",""
"04001","Apache","AZ",132,34926,71518,"","04001",""
"04003","Cochise","AZ",207,53070,131346,"","04003",""
"04005","Coconino","AZ",182,39909,134421,"","04005",""
"04007","Gila","AZ",92,20145,53597,"","04007",""
"04009","Graham","AZ",65,20563,37220,"","04009",""
"04011","Greenlee","AZ",19,4442,8437,"","04011",""
"04012","La Paz","AZ",39,4909,20489,"","04012",""
"04013","Maricopa","AZ",2299,1491480,3817117,"","04013",""
"04015","Mohave","AZ",139,44735,200186,"","04015",""
"04017","Navajo","AZ",194,46910,107449,"","04017",""
"04019","Pima","AZ",636,390546,980263,"","04019",""
"04021","Pinal","AZ",245,81614,375770,"","04021",""
"04023","Santa Cruz","AZ",43,18651,47420,"","04023",""
"04025","Yavapai","AZ",240,54822,211033,"","04025",""
"04027","Yuma","AZ",141,73206,195751,"","04027",""
"05001","Arkansas","AR",66,13578,19019,"","05001",""
"05003","Ashley","AR",100,19524,21853,"","05003",""
"05005","Baxter","AR",92,21158,41513,"","05005",""
"05007","Benton","AR",295,109019,221339,"","05007",""
"05009","Boone","AR",98,27467,36903,"","05009",""
"05011","Bradley","AR",58,9409,11508,"","05011",""
"05013","Calhoun","AR",22,2405,5368,"","05013",""
"05015","Carroll","AR",73,10843,27446,"","05015",""
"05017","Chicot","AR",39,6282,11800,"","05017",""
"05019","Clark","AR",84,15623,22995,"","05019",""
"05021","Clay","AR",57,7159,16083,"","05021",""
"05023","Cleburne","AR",62,12988,25970,"","05023",""
"05025","Cleveland","AR",36,4269,8689,"","05025",""
"05027","Columbia","AR",73,12995,24552,"","05027",""
"05029","Conway","AR",66,10387,21273,"","05029",""
"05031","Craighead","AR",170,54194,96443,"","05031",""
"05033","Crawford","AR",128,31172,61948,"","05033",""
"05035","Crittenden","AR",79,24856,50902,"","05035",""
"05037","Cross","AR",59,12130,17870,"","05037",""
"05039","Dallas","AR",40,4735,8116,"","05039",""
"05041","Desha","AR",52,8525,13008,"","05041",""
"05043","Drew","AR",68,13284,18509,"","05043",""
"05045","Faulkner","AR",144,53936,113237,"","05045",""
"05047","Franklin","AR",46,7578,18125,"","05047",""
"05049","Fulton","AR",49,5397,12245,"","05049",""
"05051","Garland","AR",193,51057,96024,"","05051",""
"05053","Grant","AR",50,8562,17853,"","05053",""
"05055","Greene","AR",100,23179,42090,"","05055",""
"05057","Hempstead","AR",67,11496,22609,"","05057",""
"05059","Hot Spring","AR",94,15885,32923,"","05059",""
"05061","Howard","AR",59,8135,13789,"","05061",""
"05063","Independence","AR",107,21239,36647,"","05063",""
"05065","Izard","AR",61,6748,13696,"","05065",""
"05067","Jackson","AR",73,10150,17997,"","05067",""
"05069","Jefferson","AR",188,46297,77435,"","05069",""
"05071","Johnson","AR",60,12182,25540,"","05071",""
"05073","Lafayette","AR",23,3367,7645,"","05073",""
"05075","Lawrence","AR",72,9202,17415,"","05075",""
"05077","Lee","AR",34,3719,10424,"","05077",""
"05079","Lincoln","AR",40,5145,14134,"","05079",""
"05081","Little River","AR",51,7838,13171,"","05081",""
"05083","Logan","AR",95,17807,22353,"","05083",""
"05085","Lonoke","AR",114,30607,68356,"","05085",""
"05087","Madison","AR",41,5874,15717,"","05087",""
"05089","Marion","AR",40,6353,16653,"","05089",""
"05091","Miller","AR",94,26253,43462,"","05091",""
"05093","Mississippi","AR",131,31145,46480,"","05093",""
"05095","Monroe","AR",38,5668,8149,"","05095",""
"05097","Montgomery","AR",31,4163,9487,"","05097",""
"05099","Nevada","AR",35,4045,8997,"","05099",""
"05101","Newton","AR",29,2244,8330,"","05101",""
"05103","Ouachita","AR",131,23963,26120,"","05103",""
"05105","Perry","AR",24,3744,10445,"","05105",""
"05107","Phillips","AR",59,11039,21757,"","05107",""
"05109","Pike","AR",57,6601,11291,"","05109",""
"05111","Poinsett","AR",89,16482,24583,"","05111",""
"05113","Polk","AR",70,11099,20662,"","05113",""
"05115","Pope","AR",151,28676,61754,"","05115",""
"05117","Prairie","AR",29,4362,8715,"","05117",""
"05119","Pulaski","AR",557,222466,382748,"","05119",""
"05121","Randolph","AR",54,10577,17969,"","05121",""
"05123","St. Francis","AR",77,14687,28258,"","05123",""
"05125","Saline","AR",146,43486,107118,"","05125",""
"05127","Scott","AR",56,6417,11233,"","05127",""
"05129","Searcy","AR",36,3744,8195,"","05129",""
"05131","Sebastian","AR",215,86374,125744,"","05131",""
"05133","Sevier","AR",50,9174,17058,"","05133",""
"05135","Sharp","AR",78,11580,17264,"","05135",""
"05137","Stone","AR",41,5975,12394,"","05137",""
"05139","Union","AR",158,34674,41639,"","05139",""
"05141","Van Buren","AR",49,7057,17295,"","05141",""
"05143","Washington","AR",275,115249,203065,"","05143",""
"05145","White","AR",206,45037,77076,"","05145",""
"05147","Woodruff","AR",28,3317,7260,"","05147",""
"05149","Yell","AR",85,11304,22185,"","05149",""
"06001","Alameda","CA",1091,509573,1510271,"","06001",""
"06003","Alpine","CA",1,50,1175,"","06003",""
"06005","Amador","CA",47,9307,38091,"","06005",""
"06007","Butte","CA",202,74981,220000,"","06007",""
"06009","Calaveras","CA",61,31428,45578,"","06009",""
"06011","Colusa","CA",29,11399,21419,"","06011",""
"06013","Contra Costa","CA",652,403596,1049025,"","06013",""
"06015","Del Norte","CA",32,5962,28610,"","06015",""
"06017","El Dorado","CA",118,52016,181058,"","06017",""
"06019","Fresno","CA",701,481076,930450,"","06019",""
"06021","Glenn","CA",49,11126,28122,"","06021",""
"06023","Humboldt","CA",177,28959,134623,"","06023",""
"06025","Imperial","CA",123,67372,174528,"","06025",""
"06027","Inyo","CA",38,7973,18546,"","06027",""
"06029","Kern","CA",615,403182,839631,"","06029",""
"06031","Kings","CA",112,84795,152982,"","06031",""
"06033","Lake","CA",81,16501,64665,"","06033",""
"06035","Lassen","CA",41,8154,34895,"","06035",""
"06037","Los Angeles","CA",5773,5214110,9818605,"","06037",""
"06039","Madera","CA",126,79953,150865,"","06039",""
"06041","Marin","CA",204,109808,252409,"","06041",""
"06043","Mariposa","CA",31,7728,18251,"","06043",""
"06045","Mendocino","CA",119,28737,87841,"","06045",""
"06047","Merced","CA",192,139353,255793,"","06047",""
"06049","Modoc","CA",16,1465,9686,"","06049",""
"06051","Mono","CA",16,13645,14202,"","06051",""
"06053","Monterey","CA",287,205066,415057,"","06053",""
"06055","Napa","CA",101,71383,136484,"","06055",""
"06057","Nevada","CA",87,31053,98764,"","06057",""
"06059","Orange","CA",1519,1377585,3010232,"","06059",""
"06061","Placer","CA",253,133715,348432,"","06061",""
"06063","Plumas","CA",41,4493,20007,"","06063",""
"06065","Riverside","CA",1140,973004,2189641,"","06065",""
"06067","Sacramento","CA",876,525985,1418788,"","06067",""
"06069","San Benito","CA",32,35690,55269,"","06069",""
"06071","San Bernardino","CA",1274,813804,2035210,"","06071",""
"06073","San Diego","CA",1720,1359377,3095313,"","06073",""
"06075","San Francisco","CA",521,284310,805235,"","06075",""
"06077","San Joaquin","CA",452,302267,685306,"","06077",""
"06079","San Luis Obispo","CA",263,145470,269637,"","06079",""
"06081","San Mateo","CA",357,331338,718451,"","06081",""
"06083","Santa Barbara","CA",299,201791,423895,"","06083",""
"06085","Santa Clara","CA",927,776028,1781642,"","06085",""
"06087","Santa Cruz","CA",184,81322,262382,"","06087",""
"06089","Shasta","CA",164,47852,177223,"","06089",""
"06091","Sierra","CA",9,489,3240,"","06091",""
"06093","Siskiyou","CA",92,12853,44900,"","06093",""
"06095","Solano","CA",294,155307,413344,"","06095",""
"06097","Sonoma","CA",315,169992,483878,"","06097",""
"06099","Stanislaus","CA",389,202370,514453,"","06099",""
"06101","Sutter","CA",70,29782,94737,"","06101",""
"06103","Tehama","CA",60,18773,63463,"","06103",""
"06105","Trinity","CA",26,1808,13786,"","06105",""
"06107","Tulare","CA",407,180137,442179,"","06107",""
"06109","Tuolumne","CA",66,24907,55365,"","06109",""
"06111","Ventura","CA",482,368982,823318,"","06111",""
"06113","Yolo","CA",138,72964,200849,"","06113",""
"06115","Yuba","CA",66,23605,72155,"","06115",""
"08001","Adams","CO",244,129651,441603,"","08001",""
"08003","Alamosa","CO",31,11445,15445,"","08003",""
"08005","Arapahoe","CO",302,190837,572003,"","08005",""
"08007","Archuleta","CO",25,9403,12084,"","08007",""
"08009","Baca","CO",21,1119,3788,"","08009",""
"08011","Bent","CO",13,2099,6499,"","08011",""
"08013","Boulder","CO",233,122268,294567,"","08013",""
"08014","Broomfield","CO",37,17012,55889,"","08014",""
"08015","Chaffee","CO",36,7784,17809,"","08015",""
"08017","Cheyenne","CO",11,960,1836,"","08017",""
"08019","Clear Creek","CO",12,1411,9088,"","08019",""
"08021","Conejos","CO",25,6141,8256,"","08021",""
"08023","Costilla","CO",11,3466,3524,"","08023",""
"08025","Crowley","CO",10,1784,5823,"","08025",""
"08027","Custer","CO",11,1629,4255,"","08027",""
"08029","Delta","CO",61,11255,30952,"","08029",""
"08031","Denver","CO",439,304759,600158,"","08031",""
"08033","Dolores","CO",7,341,2064,"","08033",""
"08035","Douglas","CO",136,100018,285465,"","08035",""
"08037","Eagle","CO",36,16081,52197,"","08037",""
"08039","Elbert","CO",23,3467,23086,"","08039",""
"08041","El Paso","CO",426,207699,622263,"","08041",""
"08043","Fremont","CO",53,19097,46824,"","08043",""
"08045","Garfield","CO",70,15502,56389,"","08045",""
"08047","Gilpin","CO",3,285,5441,"","08047",""
"08049","Grand","CO",24,3717,14843,"","08049",""
"08051","Gunnison","CO",21,6095,15324,"","08051",""
"08053","Hinsdale","CO",4,280,843,"","08053",""
"08055","Huerfano","CO",16,4499,6711,"","08055",""
"08057","Jackson","CO",7,346,1394,"","08057",""
"08059","Jefferson","CO",335,190765,534543,"","08059",""
"08061","Kiowa","CO",8,1612,1398,"","08061",""
"08063","Kit Carson","CO",29,4493,8270,"","08063",""
"08065","Lake","CO",10,1184,7310,"","08065",""
"08067","La Plata","CO",63,20185,51334,"","08067",""
"08069","Larimer","CO",231,121885,299630,"","08069",""
"08071","Las Animas","CO",22,13829,15507,"","08071",""
"08073","Lincoln","CO",25,2298,5467,"","08073",""
"08075","Logan","CO",35,8437,22709,"","08075",""
"08077","Mesa","CO",148,50728,146723,"","08077",""
"08079","Mineral","CO",5,567,712,"","08079",""
"08081","Moffat","CO",23,4428,13795,"","08081",""
"08083","Montezuma","CO",47,8018,25535,"","08083",""
"08085","Montrose","CO",59,11248,41276,"","08085",""
"08087","Morgan","CO",45,14188,28159,"","08087",""
"08089","Otero","CO",53,14989,18831,"","08089",""
"08091","Ouray","CO",9,926,4436,"","08091",""
"08093","Park","CO",19,2074,16206,"","08093",""
"08095","Phillips","CO",18,2583,4442,"","08095",""
"08097","Pitkin","CO",16,3123,17148,"","08097",""
"08099","Prowers","CO",39,6938,12551,"","08099",""
"08101","Pueblo","CO",157,99012,159063,"","08101",""
"08103","Rio Blanco","CO",25,2995,6666,"","08103",""
"08105","Rio Grande","CO",37,8001,11982,"","08105",""
"08107","Routt","CO",24,6665,23509,"","08107",""
"08109","Saguache","CO",23,4004,6108,"","08109",""
"08111","San Juan","CO",7,354,699,"","08111",""
"08113","San Miguel","CO",8,2171,7359,"","08113",""
"08115","Sedgwick","CO",12,1302,2379,"","08115",""
"08117","Summit","CO",27,5879,27994,"","08117",""
"08119","Teller","CO",24,7029,23350,"","08119",""
"08121","Washington","CO",20,1795,4814,"","08121",""
"08123","Weld","CO",205,72815,252825,"","08123",""
"08125","Yuma","CO",32,5312,10043,"","08125",""
"09001","Fairfield","CT",654,579693,916829,"","09001",""
"09003","Hartford","CT",630,442638,894014,"","09003",""
"09005","Litchfield","CT",176,80273,189927,"","09005",""
"09007","Middlesex","CT",120,69773,165676,"","09007",""
"09009","New Haven","CT",586,421157,862477,"","09009",""
"09011","New London","CT",234,123150,274055,"","09011",""
"09013","Tolland","CT",88,60149,152691,"","09013",""
"09015","Windham","CT",109,54029,118428,"","09015",""
"10001","Kent","DE",158,52665,162310,"","10001",""
"10003","New Castle","DE",413,250339,538479,"","10003",""
"10005","Sussex","DE",260,71913,197145,"","10005",""
"11001","District of Columbia","DC",609,332342,601723,"","11001",""
"12001","Alachua","FL",302,102841,247336,"","12001",""
"12003","Baker","FL",36,6865,27115,"","12003",""
"12005","Bay","FL",205,69639,168852,"","12005",""
"12007","Bradford","FL",55,13176,28520,"","12007",""
"12009","Brevard","FL",414,189430,543376,"","12009",""
"12011","Broward","FL",1040,641572,1748066,"","12011",""
"12013","Calhoun","FL",37,5966,14625,"","12013",""
"12015","Charlotte","FL",111,64078,159978,"","12015",""
"12017","Citrus","FL",137,43216,141236,"","12017",""
"12019","Clay","FL",152,82790,190865,"","12019",""
"12021","Collier","FL",210,111034,321520,"","12021",""
"12023","Columbia","FL",120,27171,67531,"","12023",""
"12027","DeSoto","FL",57,14282,34862,"","12027",""
"12029","Dixie","FL",28,4741,16422,"","12029",""
"12031","Duval","FL",885,480455,864263,"","12031",""
"12033","Escambia","FL",365,158284,297619,"","12033",""
"12035","Flagler","FL",70,31746,95696,"","12035",""
"12037","Franklin","FL",33,4723,11549,"","12037",""
"12039","Gadsden","FL",116,20843,46389,"","12039",""
"12041","Gilchrist","FL",32,6493,16939,"","12041",""
"12043","Glades","FL",13,3140,12884,"","12043",""
"12045","Gulf","FL",42,6830,15863,"","12045",""
"12047","Hamilton","FL",40,5756,14799,"","12047",""
"12049","Hardee","FL",58,14114,27731,"","12049",""
"12051","Hendry","FL",59,11165,39140,"","12051",""
"12053","Hernando","FL",120,47057,172778,"","12053",""
"12055","Highlands","FL",138,34002,98786,"","12055",""
"12057","Hillsborough","FL",1005,488899,1229226,"","12057",""
"12059","Holmes","FL",69,9877,19927,"","12059",""
"12061","Indian River","FL",123,65226,138028,"","12061",""
"12063","Jackson","FL",145,23692,49746,"","12063",""
"12065","Jefferson","FL",51,9009,14761,"","12065",""
"12067","Lafayette","FL",20,3754,8870,"","12067",""
"12069","Lake","FL",323,114251,297052,"","12069",""
"12071","Lee","FL",430,233165,618754,"","12071",""
"12073","Leon","FL",274,130227,275487,"","12073",""
"12075","Levy","FL",80,19438,40801,"","12075",""
"12077","Liberty","FL",21,3565,8365,"","12077",""
"12079","Madison","FL",55,9381,19224,"","12079",""
"12081","Manatee","FL",244,121961,322833,"","12081",""
"12083","Marion","FL",364,115580,331298,"","12083",""
"12085","Martin","FL",117,61237,146318,"","12085",""
"12086","Miami-Dade","FL",1437,992522,2496435,"","12086",""
"12087","Monroe","FL",81,24391,73090,"","12087",""
"12089","Nassau","FL",101,34276,73314,"","12089",""
"12091","Okaloosa","FL",222,86390,180822,"","12091",""
"12093","Okeechobee","FL",53,14331,39996,"","12093",""
"12095","Orange","FL",824,482253,1145956,"","12095",""
"12097","Osceola","FL",206,98652,268685,"","12097",""
"12099","Palm Beach","FL",775,483715,1320134,"","12099",""
"12101","Pasco","FL",273,101424,464697,"","12101",""
"12103","Pinellas","FL",618,330099,916542,"","12103",""
"12105","Polk","FL",676,244720,602095,"","12105",""
"12107","Putnam","FL",136,30972,74364,"","12107",""
"12109","St. Johns","FL",134,69667,190039,"","12109",""
"12111","St. Lucie","FL",213,79604,277789,"","12111",""
"12113","Santa Rosa","FL",156,67058,151372,"","12113",""
"12115","Sarasota","FL",292,165091,379448,"","12115",""
"12117","Seminole","FL",283,172072,422718,"","12117",""
"12119","Sumter","FL",99,22000,93420,"","12119",""
"12121","Suwannee","FL",101,21885,41551,"","12121",""
"12123","Taylor","FL",64,11088,22570,"","12123",""
"12125","Union","FL",22,3294,15535,"","12125",""
"12127","Volusia","FL",425,172437,494593,"","12127",""
"12129","Wakulla","FL",44,6972,30776,"","12129",""
"12131","Walton","FL",120,22237,55043,"","12131",""
"12133","Washington","FL",60,9767,24896,"","12133",""
"13001","Appling","GA",63,15075,18236,"","13001",""
"13003","Atkinson","GA",24,3436,8375,"","13003",""
"13005","Bacon","GA",35,6424,11096,"","13005",""
"13007","Baker","GA",15,1383,3451,"","13007",""
"13009","Baldwin","GA",57,14224,45720,"","13009",""
"13011","Banks","GA",30,10613,18395,"","13011",""
"13013","Barrow","GA",75,26145,69367,"","13013",""
"13015","Bartow","GA",121,46779,100157,"","13015",""
"13017","Ben Hill","GA",40,12280,17634,"","13017",""
"13019","Berrien","GA",34,7051,19286,"","13019",""
"13021","Bibb","GA",235,93858,155547,"","13021",""
"13023","Bleckley","GA",29,5501,13063,"","13023",""
"13025","Brantley","GA",27,6382,18411,"","13025",""
"13027","Brooks","GA",51,7412,16243,"","13027",""
"13029","Bryan","GA",35,12121,30233,"","13029",""
"13031","Bulloch","GA",82,25514,70217,"","13031",""
"13033","Burke","GA",57,11271,23316,"","13033",""
"13035","Butts","GA",40,9947,23655,"","13035",""
"13037","Calhoun","GA",29,4042,6694,"","13037",""
"13039","Camden","GA",73,19500,50513,"","13039",""
"13043","Candler","GA",23,4744,10998,"","13043",""
"13045","Carroll","GA",154,53677,110527,"","13045",""
"13047","Catoosa","GA",62,19480,63942,"","13047",""
"13049","Charlton","GA",25,4486,12171,"","13049",""
"13051","Chatham","GA",324,150853,265128,"","13051",""
"13053","Chattahoochee","GA",8,1023,11267,"","13053",""
"13055","Chattooga","GA",80,12417,26015,"","13055",""
"13057","Cherokee","GA",154,91450,214346,"","13057",""
"13059","Clarke","GA",104,43817,116714,"","13059",""
"13061","Clay","GA",15,1937,3183,"","13061",""
"13063","Clayton","GA",189,115088,259424,"","13063",""
"13065","Clinch","GA",21,2744,6798,"","13065",""
"13067","Cobb","GA",449,374323,688078,"","13067",""
"13069","Coffee","GA",91,20167,42356,"","13069",""
"13071","Colquitt","GA",95,26293,45498,"","13071",""
"13073","Columbia","GA",103,47891,124053,"","13073",""
"13075","Cook","GA",39,8878,17212,"","13075",""
"13077","Coweta","GA",158,59535,127317,"","13077",""
"13079","Crawford","GA",19,2430,12630,"","13079",""
"13081","Crisp","GA",50,10592,23439,"","13081",""
"13083","Dade","GA",32,6092,16633,"","13083",""
"13085","Dawson","GA",41,10477,22330,"","13085",""
"13087","Decatur","GA",88,17348,27842,"","13087",""
"13089","DeKalb","GA",520,331999,691893,"","13089",""
"13091","Dodge","GA",77,13725,21796,"","13091",""
"13093","Dooly","GA",40,5603,14918,"","13093",""
"13095","Dougherty","GA",134,54726,94565,"","13095",""
"13097","Douglas","GA",118,66045,132403,"","13097",""
"13099","Early","GA",55,8791,11008,"","13099",""
"13101","Echols","GA",6,776,4034,"","13101",""
"13103","Effingham","GA",77,20859,52250,"","13103",""
"13105","Elbert","GA",66,11434,20166,"","13105",""
"13107","Emanuel","GA",53,9479,22598,"","13107",""
"13109","Evans","GA",26,4771,11000,"","13109",""
"13111","Fannin","GA",58,14936,23682,"","13111",""
"13113","Fayette","GA",117,70334,106567,"","13113",""
"13115","Floyd","GA",170,60906,96317,"","13115",""
"13117","Forsyth","GA",108,73982,175511,"","13117",""
"13119","Franklin","GA",70,15468,22084,"","13119",""
"13121","Fulton","GA",755,605740,920581,"","13121",""
"13123","Gilmer","GA",48,12696,28292,"","13123",""
"13125","Glascock","GA",12,1461,3082,"","13125",""
"13127","Glynn","GA",126,43712,79626,"","13127",""
"13129","Gordon","GA",89,32427,55186,"","13129",""
"13131","Grady","GA",59,13917,25011,"","13131",""
"13133","Greene","GA",40,8096,15994,"","13133",""
"13135","Gwinnett","GA",548,366708,805321,"","13135",""
"13137","Habersham","GA",85,27027,43041,"","13137",""
"13139","Hall","GA",187,136740,179684,"","13139",""
"13141","Hancock","GA",32,3321,9429,"","13141",""
"13143","Haralson","GA",57,14057,28780,"","13143",""
"13145","Harris","GA",52,11254,32024,"","13145",""
"13147","Hart","GA",57,18417,25213,"","13147",""
"13149","Heard","GA",35,5764,11834,"","13149",""
"13151","Henry","GA",158,69153,203922,"","13151",""
"13153","Houston","GA",143,73831,139900,"","13153",""
"13155","Irwin","GA",20,4288,9538,"","13155",""
"13157","Jackson","GA",90,22655,60485,"","13157",""
"13159","Jasper","GA",28,5005,13900,"","13159",""
"13161","Jeff Davis","GA",40,8585,15068,"","13161",""
"13163","Jefferson","GA",74,11098,16930,"","13163",""
"13165","Jenkins","GA",25,5269,8340,"","13165",""
"13167","Johnson","GA",40,4427,9980,"","13167",""
"13169","Jones","GA",38,10680,28669,"","13169",""
"13171","Lamar","GA",35,11326,18317,"","13171",""
"13173","Lanier","GA",17,3800,10078,"","13173",""
"13175","Laurens","GA",126,28723,48434,"","13175",""
"13177","Lee","GA",26,9949,28298,"","13177",""
"13179","Liberty","GA",72,17226,63453,"","13179",""
"13181","Lincoln","GA",24,3510,7996,"","13181",""
"13183","Long","GA",12,3157,14464,"","13183",""
"13185","Lowndes","GA",166,57669,109233,"","13185",""
"13187","Lumpkin","GA",27,7424,29966,"","13187",""
"13189","McDuffie","GA",44,13644,21875,"","13189",""
"13191","McIntosh","GA",23,4354,14333,"","13191",""
"13193","Macon","GA",39,5568,14740,"","13193",""
"13195","Madison","GA",47,12335,28120,"","13195",""
"13197","Marion","GA",23,2984,8742,"","13197",""
"13199","Meriwether","GA",60,9981,21992,"","13199",""
"13201","Miller","GA",19,2350,6125,"","13201",""
"13205","Mitchell","GA",53,12274,23498,"","13205",""
"13207","Monroe","GA",53,9706,26424,"","13207",""
"13209","Montgomery","GA",26,3668,9123,"","13209",""
"13211","Morgan","GA",37,9414,17868,"","13211",""
"13213","Murray","GA",43,13636,39628,"","13213",""
"13215","Muscogee","GA",259,117867,189885,"","13215",""
"13217","Newton","GA",104,34784,99958,"","13217",""
"13219","Oconee","GA",44,16734,32808,"","13219",""
"13221","Oglethorpe","GA",29,3347,14899,"","13221",""
"13223","Paulding","GA",88,37569,142324,"","13223",""
"13225","Peach","GA",47,13173,27695,"","13225",""
"13227","Pickens","GA",33,7330,29431,"","13227",""
"13229","Pierce","GA",41,11108,18758,"","13229",""
"13231","Pike","GA",37,7089,17869,"","13231",""
"13233","Polk","GA",78,25472,41475,"","13233",""
"13235","Pulaski","GA",21,4895,12010,"","13235",""
"13237","Putnam","GA",41,7144,21218,"","13237",""
"13239","Quitman","GA",11,1342,2513,"","13239",""
"13241","Rabun","GA",49,13486,16276,"","13241",""
"13243","Randolph","GA",31,4194,7719,"","13243",""
"13245","Richmond","GA",248,115397,200549,"","13245",""
"13247","Rockdale","GA",98,34911,85215,"","13247",""
"13249","Schley","GA",11,2291,5010,"","13249",""
"13251","Screven","GA",65,8454,14593,"","13251",""
"13253","Seminole","GA",32,5909,8729,"","13253",""
"13255","Spalding","GA",112,46817,64073,"","13255",""
"13257","Stephens","GA",54,16754,26175,"","13257",""
"13259","Stewart","GA",21,2007,6058,"","13259",""
"13261","Sumter","GA",62,17176,32819,"","13261",""
"13263","Talbot","GA",21,2458,6865,"","13263",""
"13265","Taliaferro","GA",13,617,1717,"","13265",""
"13267","Tattnall","GA",56,9922,25520,"","13267",""
"13269","Taylor","GA",29,4104,8906,"","13269",""
"13271","Telfair","GA",61,6535,16500,"","13271",""
"13273","Terrell","GA",34,4896,9315,"","13273",""
"13275","Thomas","GA",109,27653,44720,"","13275",""
"13277","Tift","GA",77,24459,40118,"","13277",""
"13279","Toombs","GA",81,18620,27223,"","13279",""
"13281","Towns","GA",25,5430,10471,"","13281",""
"13283","Treutlen","GA",18,2876,6885,"","13283",""
"13285","Troup","GA",143,36337,67044,"","13285",""
"13287","Turner","GA",30,6534,8930,"","13287",""
"13289","Twiggs","GA",20,4401,9023,"","13289",""
"13291","Union","GA",55,14195,21356,"","13291",""
"13293","Upson","GA",60,15789,27153,"","13293",""
"13295","Walker","GA",133,38296,68756,"","13295",""
"13297","Walton","GA",100,33727,83768,"","13297",""
"13299","Ware","GA",101,23562,36312,"","13299",""
"13301","Warren","GA",25,4004,5834,"","13301",""
"13303","Washington","GA",76,11520,21187,"","13303",""
"13305","Wayne","GA",75,19928,30099,"","13305",""
"13307","Webster","GA",5,1026,2799,"","13307",""
"13309","Wheeler","GA",17,1928,7421,"","13309",""
"13311","White","GA",38,10476,27144,"","13311",""
"13313","Whitfield","GA",139,66703,102599,"","13313",""
"13315","Wilcox","GA",34,4913,9255,"","13315",""
"13317","Wilkes","GA",37,5763,10593,"","13317",""
"13319","Wilkinson","GA",32,4554,9563,"","13319",""
"13321","Worth","GA",51,10340,21679,"","13321",""
"15001","Hawaii","HI",274,91526,185079,"","15001",""
"15003","Honolulu","HI",744,374560,953207,"","15003",""
"15005","Kalawao","HI",1,3,90,"","15005",""
"15007","Kauai","HI",106,26514,67091,"","15007",""
"15009","Maui","HI",189,69377,154834,"","15009",""
"16001","Ada","ID",355,168829,392365,"","16001",""
"16003","Adams","ID",7,1002,3976,"","16003",""
"16005","Bannock","ID",162,55595,82839,"","16005",""
"16007","Bear Lake","ID",22,5251,5986,"","16007",""
"16009","Benewah","ID",22,5689,9285,"","16009",""
"16011","Bingham","ID",101,31043,45607,"","16011",""
"16013","Blaine","ID",25,6097,21376,"","16013",""
"16015","Boise","ID",12,1470,7028,"","16015",""
"16017","Bonner","ID",58,10533,40877,"","16017",""
"16019","Bonneville","ID",185,76103,104234,"","16019",""
"16021","Boundary","ID",22,4148,10972,"","16021",""
"16023","Butte","ID",14,2237,2891,"","16023",""
"16025","Camas","ID",3,309,1117,"","16025",""
"16027","Canyon","ID",204,77144,188923,"","16027",""
"16029","Caribou","ID",21,5851,6963,"","16029",""
"16031","Cassia","ID",51,16677,22952,"","16031",""
"16033","Clark","ID",2,353,982,"","16033",""
"16035","Clearwater","ID",24,2827,8761,"","16035",""
"16037","Custer","ID",15,1757,4368,"","16037",""
"16039","Elmore","ID",41,11454,27038,"","16039",""
"16041","Franklin","ID",39,12253,12786,"","16041",""
"16043","Fremont","ID",33,10254,13242,"","16043",""
"16045","Gem","ID",25,9423,16719,"","16045",""
"16047","Gooding","ID",32,7285,15464,"","16047",""
"16049","Idaho","ID",41,5623,16267,"","16049",""
"16051","Jefferson","ID",51,19404,26140,"","16051",""
"16053","Jerome","ID",34,13330,22374,"","16053",""
"16055","Kootenai","ID",123,79972,138494,"","16055",""
"16057","Latah","ID",66,11003,37244,"","16057",""
"16059","Lemhi","ID",23,3638,7936,"","16059",""
"16061","Lewis","ID",22,1927,3821,"","16061",""
"16063","Lincoln","ID",13,1892,5208,"","16063",""
"16065","Madison","ID",162,38596,37536,"","16065",""
"16067","Minidoka","ID",43,14620,20069,"","16067",""
"16069","Nez Perce","ID",57,11540,39265,"","16069",""
"16071","Oneida","ID",12,3609,4286,"","16071",""
"16073","Owyhee","ID",25,3331,11526,"","16073",""
"16075","Payette","ID",40,9472,22623,"","16075",""
"16077","Power","ID",21,6327,7817,"","16077",""
"16079","Shoshone","ID",28,3229,12765,"","16079",""
"16081","Teton","ID",14,3970,10170,"","16081",""
"16083","Twin Falls","ID",128,38659,77230,"","16083",""
"16085","Valley","ID",21,2840,9862,"","16085",""
"16087","Washington","ID",28,5089,10198,"","16087",""
"17001","Adams","IL",110,52264,67103,"","17001",""
"17003","Alexander","IL",29,3410,8238,"","17003",""
"17005","Bond","IL",44,8971,17768,"","17005",""
"17007","Boone","IL",38,20552,54165,"","17007",""
"17009","Brown","IL",11,3020,6937,"","17009",""
"17011","Bureau","IL",74,15118,34978,"","17011",""
"17013","Calhoun","IL",16,3931,5089,"","17013",""
"17015","Carroll","IL",46,8421,15387,"","17015",""
"17017","Cass","IL",40,8767,13642,"","17017",""
"17019","Champaign","IL",211,68972,201081,"","17019",""
"17021","Christian","IL",74,16418,34800,"","17021",""
"17023","Clark","IL",50,10354,16335,"","17023",""
"17025","Clay","IL",53,10985,13815,"","17025",""
"17027","Clinton","IL",50,26446,37762,"","17027",""
"17029","Coles","IL",80,22690,53873,"","17029",""
"17031","Cook","IL",3354,3097119,5194675,"","17031",""
"17033","Crawford","IL",58,7502,19817,"","17033",""
"17035","Cumberland","IL",31,3005,11048,"","17035",""
"17037","DeKalb","IL",106,48858,105160,"","17037",""
"17039","De Witt","IL",32,6497,16561,"","17039",""
"17041","Douglas","IL",69,13331,19980,"","17041",""
"17043","DuPage","IL",522,656048,916924,"","17043",""
"17045","Edgar","IL",51,7868,18576,"","17045",""
"17047","Edwards","IL",26,4229,6721,"","17047",""
"17049","Effingham","IL",65,23738,34242,"","17049",""
"17051","Fayette","IL",57,10035,22140,"","17051",""
"17053","Ford","IL",37,7680,14081,"","17053",""
"17055","Franklin","IL",123,22160,39561,"","17055",""
"17057","Fulton","IL",84,13692,37069,"","17057",""
"17059","Gallatin","IL",23,2970,5589,"","17059",""
"17061","Greene","IL",40,7544,13886,"","17061",""
"17063","Grundy","IL",43,20613,50063,"","17063",""
"17065","Hamilton","IL",31,4666,8457,"","17065",""
"17067","Hancock","IL",66,10135,19104,"","17067",""
"17069","Hardin","IL",10,1228,4320,"","17069",""
"17071","Henderson","IL",18,2437,7331,"","17071",""
"17073","Henry","IL",90,22819,50486,"","17073",""
"17075","Iroquois","IL",76,15708,29718,"","17075",""
"17077","Jackson","IL",117,29259,60218,"","17077",""
"17079","Jasper","IL",29,5060,9698,"","17079",""
"17081","Jefferson","IL",103,22248,38827,"","17081",""
"17083","Jersey","IL",34,12594,22985,"","17083",""
"17085","Jo Daviess","IL",46,12919,22678,"","17085",""
"17087","Johnson","IL",37,4623,12582,"","17087",""
"17089","Kane","IL",326,267748,515269,"","17089",""
"17091","Kankakee","IL",135,56147,113449,"","17091",""
"17093","Kendall","IL",55,39448,114736,"","17093",""
"17095","Knox","IL",93,18655,52919,"","17095",""
"17097","Lake","IL",402,379104,703462,"","17097",""
"17099","LaSalle","IL",154,53555,113924,"","17099",""
"17101","Lawrence","IL",53,6718,16833,"","17101",""
"17103","Lee","IL",61,18364,36031,"","17103",""
"17105","Livingston","IL",74,19270,38950,"","17105",""
"17107","Logan","IL",59,14062,30305,"","17107",""
"17109","McDonough","IL",56,12196,32612,"","17109",""
"17111","McHenry","IL",160,165699,308760,"","17111",""
"17113","McLean","IL",181,81774,169572,"","17113",""
"17115","Macon","IL",164,54303,110768,"","17115",""
"17117","Macoupin","IL",112,25600,47765,"","17117",""
"17119","Madison","IL",357,131105,269282,"","17119",""
"17121","Marion","IL",115,24406,39437,"","17121",""
"17123","Marshall","IL",34,6538,12640,"","17123",""
"17125","Mason","IL",32,6580,14666,"","17125",""
"17127","Massac","IL",53,10284,15429,"","17127",""
"17129","Menard","IL",29,5758,12705,"","17129",""
"17131","Mercer","IL",36,7398,16434,"","17131",""
"17133","Monroe","IL",37,21068,32957,"","17133",""
"17135","Montgomery","IL",78,13945,30104,"","17135",""
"17137","Morgan","IL",62,17214,35547,"","17137",""
"17139","Moultrie","IL",41,7884,14846,"","17139",""
"17141","Ogle","IL",79,21904,53497,"","17141",""
"17143","Peoria","IL",232,101347,186494,"","17143",""
"17145","Perry","IL",55,12910,22350,"","17145",""
"17147","Piatt","IL",35,6531,16729,"","17147",""
"17149","Pike","IL",53,6747,16430,"","17149",""
"17151","Pope","IL",11,1206,4470,"","17151",""
"17153","Pulaski","IL",31,4412,6161,"","17153",""
"17155","Putnam","IL",12,2042,6006,"","17155",""
"17157","Randolph","IL",76,22403,33476,"","17157",""
"17159","Richland","IL",49,9057,16233,"","17159",""
"17161","Rock Island","IL",179,63088,147546,"","17161",""
"17163","St. Clair","IL",309,136200,270056,"","17163",""
"17165","Saline","IL",84,15588,24913,"","17165",""
"17167","Sangamon","IL",225,108076,197465,"","17167",""
"17169","Schuyler","IL",28,3089,7544,"","17169",""
"17171","Scott","IL",22,3377,5355,"","17171",""
"17173","Shelby","IL",66,11576,22363,"","17173",""
"17175","Stark","IL",17,2194,5994,"","17175",""
"17177","Stephenson","IL",92,32580,47711,"","17177",""
"17179","Tazewell","IL",171,58964,135394,"","17179",""
"17181","Union","IL",56,11632,17808,"","17181",""
"17183","Vermilion","IL",142,30674,81625,"","17183",""
"17185","Wabash","IL",36,6593,11947,"","17185",""
"17187","Warren","IL",43,7890,17707,"","17187",""
"17189","Washington","IL",41,10368,14716,"","17189",""
"17191","Wayne","IL",64,9250,16760,"","17191",""
"17193","White","IL",54,7683,14665,"","17193",""
"17195","Whiteside","IL",109,34659,58498,"","17195",""
"17197","Will","IL",342,311505,677560,"","17197",""
"17199","Williamson","IL",129,29563,66357,"","17199",""
"17201","Winnebago","IL",280,154460,295266,"","17201",""
"17203","Woodford","IL",68,15537,38664,"","17203",""
"18001","Adams","IN",111,25182,34387,"","18001",""
"18003","Allen","IN",395,190976,355329,"","18003",""
"18005","Bartholomew","IN",116,37524,76794,"","18005",""
"18007","Benton","IN",25,6971,8854,"","18007",""
"18009","Blackford","IN",25,3875,12766,"","18009",""
"18011","Boone","IN",63,33547,56640,"","18011",""
"18013","Brown","IN",25,3474,15242,"","18013",""
"18015","Carroll","IN",41,7766,20155,"","18015",""
"18017","Cass","IN",72,17283,38966,"","18017",""
"18019","Clark","IN",136,37618,110232,"","18019",""
"18021","Clay","IN",63,11280,26890,"","18021",""
"18023","Clinton","IN",63,14645,33224,"","18023",""
"18025","Crawford","IN",33,3889,10713,"","18025",""
"18027","Daviess","IN",89,17545,31648,"","18027",""
"18029","Dearborn","IN",71,20180,50047,"","18029",""
"18031","Decatur","IN",55,14919,25740,"","18031",""
"18033","DeKalb","IN",76,17165,42223,"","18033",""
"18035","Delaware","IN",157,34822,117671,"","18035",""
"18037","Dubois","IN",57,31450,41889,"","18037",""
"18039","Elkhart","IN",294,82467,197559,"","18039",""
"18041","Fayette","IN",51,10393,24277,"","18041",""
"18043","Floyd","IN",93,42941,74578,"","18043",""
"18045","Fountain","IN",38,5458,17240,"","18045",""
"18047","Franklin","IN",42,9637,23087,"","18047",""
"18049","Fulton","IN",48,7029,20836,"","18049",""
"18051","Gibson","IN",67,13819,33503,"","18051",""
"18053","Grant","IN",130,28060,70061,"","18053",""
"18055","Greene","IN",88,12371,33165,"","18055",""
"18057","Hamilton","IN",190,117070,274569,"","18057",""
"18059","Hancock","IN",81,27147,70002,"","18059",""
"18061","Harrison","IN",82,15415,39364,"","18061",""
"18063","Hendricks","IN",124,59295,145448,"","18063",""
"18065","Henry","IN",114,19248,49462,"","18065",""
"18067","Howard","IN",138,41969,82752,"","18067",""
"18069","Huntington","IN",78,18483,37124,"","18069",""
"18071","Jackson","IN",88,24219,42376,"","18071",""
"18073","Jasper","IN",59,13637,33478,"","18073",""
"18075","Jay","IN",67,8220,21253,"","18075",""
"18077","Jefferson","IN",66,14627,32428,"","18077",""
"18079","Jennings","IN",52,10455,28525,"","18079",""
"18081","Johnson","IN",139,64363,139654,"","18081",""
"18083","Knox","IN",82,18096,38440,"","18083",""
"18085","Kosciusko","IN",134,26252,77358,"","18085",""
"18087","LaGrange","IN",145,21287,37128,"","18087",""
"18089","Lake","IN",519,275161,496005,"","18089",""
"18091","LaPorte","IN",150,40219,111467,"","18091",""
"18093","Lawrence","IN",97,20238,46134,"","18093",""
"18095","Madison","IN",191,48624,131636,"","18095",""
"18097","Marion","IN",876,383176,903393,"","18097",""
"18099","Marshall","IN",92,16275,47051,"","18099",""
"18101","Martin","IN",34,6211,10334,"","18101",""
"18103","Miami","IN",64,13711,36903,"","18103",""
"18105","Monroe","IN",144,41798,137974,"","18105",""
"18107","Montgomery","IN",82,16440,38124,"","18107",""
"18109","Morgan","IN",102,24835,68894,"","18109",""
"18111","Newton","IN",24,5153,14244,"","18111",""
"18113","Noble","IN",78,13832,47536,"","18113",""
"18115","Ohio","IN",11,1762,6128,"","18115",""
"18117","Orange","IN",64,8595,19840,"","18117",""
"18119","Owen","IN",50,5273,21575,"","18119",""
"18121","Parke","IN",48,5994,17339,"","18121",""
"18123","Perry","IN",33,9128,19338,"","18123",""
"18125","Pike","IN",32,3361,12845,"","18125",""
"18127","Porter","IN",134,66076,164343,"","18127",""
"18129","Posey","IN",48,13198,25910,"","18129",""
"18131","Pulaski","IN",39,5517,13402,"","18131",""
"18133","Putnam","IN",67,12731,37963,"","18133",""
"18135","Randolph","IN",75,8601,26171,"","18135",""
"18137","Ripley","IN",64,17367,28818,"","18137",""
"18139","Rush","IN",47,8468,17392,"","18139",""
"18141","St. Joseph","IN",273,174926,266931,"","18141",""
"18143","Scott","IN",55,9817,24181,"","18143",""
"18145","Shelby","IN",66,15731,44436,"","18145",""
"18147","Spencer","IN",52,9893,20952,"","18147",""
"18149","Starke","IN",30,6177,23363,"","18149",""
"18151","Steuben","IN",53,11509,34185,"","18151",""
"18153","Sullivan","IN",59,7773,21475,"","18153",""
"18155","Switzerland","IN",28,2514,10613,"","18155",""
"18157","Tippecanoe","IN",139,56470,172780,"","18157",""
"18159","Tipton","IN",32,5817,15936,"","18159",""
"18161","Union","IN",17,2564,7516,"","18161",""
"18163","Vanderburgh","IN",212,95361,179703,"","18163",""
"18165","Vermillion","IN",38,6141,16212,"","18165",""
"18167","Vigo","IN",151,35242,107848,"","18167",""
"18169","Wabash","IN",80,13755,32888,"","18169",""
"18171","Warren","IN",20,2505,8508,"","18171",""
"18173","Warrick","IN",68,28095,59689,"","18173",""
"18175","Washington","IN",73,11489,28262,"","18175",""
"18177","Wayne","IN",121,29566,68917,"","18177",""
"18179","Wells","IN",52,11665,27636,"","18179",""
"18181","White","IN",51,10903,24643,"","18181",""
"18183","Whitley","IN",63,12418,33292,"","18183",""
"19001","Adair","IA",19,3872,7682,"","19001",""
"19003","Adams","IA",15,1411,4029,"","19003",""
"19005","Allamakee","IA",39,9253,14330,"","19005",""
"19007","Appanoose","IA",34,5084,12887,"","19007",""
"19009","Audubon","IA",19,4823,6119,"","19009",""
"19011","Benton","IA",51,13824,26076,"","19011",""
"19013","Black Hawk","IA",165,71141,131090,"","19013",""
"19015","Boone","IA",48,14008,26306,"","19015",""
"19017","Bremer","IA",48,17052,24276,"","19017",""
"19019","Buchanan","IA",55,13312,20958,"","19019",""
"19021","Buena Vista","IA",48,12663,20260,"","19021",""
"19023","Butler","IA",49,10509,14867,"","19023",""
"19025","Calhoun","IA",36,8582,9670,"","19025",""
"19027","Carroll","IA",46,18335,20816,"","19027",""
"19029","Cass","IA",42,8578,13956,"","19029",""
"19031","Cedar","IA",32,8000,18499,"","19031",""
"19033","Cerro Gordo","IA",71,29944,44151,"","19033",""
"19035","Cherokee","IA",32,7930,12072,"","19035",""
"19037","Chickasaw","IA",28,9590,12439,"","19037",""
"19039","Clarke","IA",25,4515,9286,"","19039",""
"19041","Clay","IA",36,11870,16667,"","19041",""
"19043","Clayton","IA",50,12431,18129,"","19043",""
"19045","Clinton","IA",79,25845,49116,"","19045",""
"19047","Crawford","IA",39,11156,17096,"","19047",""
"19049","Dallas","IA",80,36992,66135,"","19049",""
"19051","Davis","IA",26,4233,8753,"","19051",""
"19053","Decatur","IA",30,2840,8457,"","19053",""
"19055","Delaware","IA",31,12453,17764,"","19055",""
"19057","Des Moines","IA",67,17575,40325,"","19057",""
"19059","Dickinson","IA",26,12518,16667,"","19059",""
"19061","Dubuque","IA",91,64036,93653,"","19061",""
"19063","Emmet","IA",21,7663,10302,"","19063",""
"19065","Fayette","IA",63,14604,20880,"","19065",""
"19067","Floyd","IA",36,9595,16303,"","19067",""
"19069","Franklin","IA",30,6902,10680,"","19069",""
"19071","Fremont","IA",26,3147,7441,"","19071",""
"19073","Greene","IA",28,5253,9336,"","19073",""
"19075","Grundy","IA",35,7577,12453,"","19075",""
"19077","Guthrie","IA",33,5452,10954,"","19077",""
"19079","Hamilton","IA",35,9796,15673,"","19079",""
"19081","Hancock","IA",34,7601,11341,"","19081",""
"19083","Hardin","IA",56,11746,17534,"","19083",""
"19085","Harrison","IA",40,7850,14928,"","19085",""
"19087","Henry","IA",49,9322,20145,"","19087",""
"19089","Howard","IA",27,7950,9566,"","19089",""
"19091","Humboldt","IA",19,7671,9815,"","19091",""
"19093","Ida","IA",21,5971,7089,"","19093",""
"19095","Iowa","IA",34,9494,16355,"","19095",""
"19097","Jackson","IA",32,11866,19848,"","19097",""
"19099","Jasper","IA",64,16127,36842,"","19099",""
"19101","Jefferson","IA",39,6288,16843,"","19101",""
"19103","Johnson","IA",110,46278,130882,"","19103",""
"19105","Jones","IA",36,9900,20638,"","19105",""
"19107","Keokuk","IA",32,4418,10511,"","19107",""
"19109","Kossuth","IA",44,13898,15543,"","19109",""
"19111","Lee","IA",72,18016,35862,"","19111",""
"19113","Linn","IA",203,111583,211226,"","19113",""
"19115","Louisa","IA",23,3886,11387,"","19115",""
"19117","Lucas","IA",26,3968,8898,"","19117",""
"19119","Lyon","IA",39,10091,11581,"","19119",""
"19121","Madison","IA",34,6020,15679,"","19121",""
"19123","Mahaska","IA",49,9931,22381,"","19123",""
"19125","Marion","IA",71,20064,33309,"","19125",""
"19127","Marshall","IA",63,21837,40648,"","19127",""
"19129","Mills","IA",27,5876,15059,"","19129",""
"19131","Mitchell","IA",26,7222,10776,"","19131",""
"19133","Monona","IA",27,5440,9243,"","19133",""
"19135","Monroe","IA",18,3802,7970,"","19135",""
"19137","Montgomery","IA",30,5682,10740,"","19137",""
"19139","Muscatine","IA",65,17603,42745,"","19139",""
"19141","O'Brien","IA",44,11046,14398,"","19141",""
"19143","Osceola","IA",22,4635,6462,"","19143",""
"19145","Page","IA",54,9240,15932,"","19145",""
"19147","Palo Alto","IA",28,7250,9421,"","19147",""
"19149","Plymouth","IA",51,18418,24986,"","19149",""
"19151","Pocahontas","IA",24,4545,7310,"","19151",""
"19153","Polk","IA",402,193762,430640,"","19153",""
"19155","Pottawattamie","IA",118,36210,93158,"","19155",""
"19157","Poweshiek","IA",41,9210,18914,"","19157",""
"19159","Ringgold","IA",26,3171,5131,"","19159",""
"19161","Sac","IA",35,7799,10350,"","19161",""
"19163","Scott","IA",154,79401,165224,"","19163",""
"19165","Shelby","IA",35,9031,12167,"","19165",""
"19167","Sioux","IA",79,28776,33704,"","19167",""
"19169","Story","IA",111,43961,89542,"","19169",""
"19171","Tama","IA",36,8582,17767,"","19171",""
"19173","Taylor","IA",29,3568,6317,"","19173",""
"19175","Union","IA",34,5263,12534,"","19175",""
"19177","Van Buren","IA",30,3031,7570,"","19177",""
"19179","Wapello","IA",77,14142,35625,"","19179",""
"19181","Warren","IA",66,18322,46225,"","19181",""
"19183","Washington","IA",57,12465,21704,"","19183",""
"19185","Wayne","IA",28,3203,6403,"","19185",""
"19187","Webster","IA",68,24553,38013,"","19187",""
"19189","Winnebago","IA",32,8979,10866,"","19189",""
"19191","Winneshiek","IA",43,17174,21056,"","19191",""
"19193","Woodbury","IA",143,60423,102172,"","19193",""
"19195","Worth","IA",22,5532,7598,"","19195",""
"19197","Wright","IA",44,8887,13229,"","19197",""
"20001","Allen","KS",47,8407,13371,"","20001",""
"20003","Anderson","KS",25,4270,8102,"","20003",""
"20005","Atchison","KS",34,9130,16924,"","20005",""
"20007","Barber","KS",22,3063,4861,"","20007",""
"20009","Barton","KS",62,19076,27674,"","20009",""
"20011","Bourbon","KS",44,8108,15173,"","20011",""
"20013","Brown","KS",35,5375,9984,"","20013",""
"20015","Butler","KS",88,27835,65880,"","20015",""
"20017","Chase","KS",9,1369,2790,"","20017",""
"20019","Chautauqua","KS",18,1681,3669,"","20019",""
"20021","Cherokee","KS",60,12062,21603,"","20021",""
"20023","Cheyenne","KS",12,1491,2726,"","20023",""
"20025","Clark","KS",14,1365,2215,"","20025",""
"20027","Clay","KS",26,5029,8535,"","20027",""
"20029","Cloud","KS",29,5303,9533,"","20029",""
"20031","Coffey","KS",28,4341,8601,"","20031",""
"20033","Comanche","KS",12,1336,1891,"","20033",""
"20035","Cowley","KS",83,17509,36311,"","20035",""
"20037","Crawford","KS",71,18579,39134,"","20037",""
"20039","Decatur","KS",21,2651,2961,"","20039",""
"20041","Dickinson","KS",61,9101,19754,"","20041",""
"20043","Doniphan","KS",29,3762,7945,"","20043",""
"20045","Douglas","KS",113,34583,110826,"","20045",""
"20047","Edwards","KS",16,2180,3037,"","20047",""
"20049","Elk","KS",14,1079,2882,"","20049",""
"20051","Ellis","KS",46,16291,28452,"","20051",""
"20053","Ellsworth","KS",22,3306,6497,"","20053",""
"20055","Finney","KS",53,18446,36776,"","20055",""
"20057","Ford","KS",45,22436,33848,"","20057",""
"20059","Franklin","KS",58,9910,25992,"","20059",""
"20061","Geary","KS",51,13160,34362,"","20061",""
"20063","Gove","KS",10,1539,2695,"","20063",""
"20065","Graham","KS",13,1244,2597,"","20065",""
"20067","Grant","KS",23,5209,7829,"","20067",""
"20069","Gray","KS",19,3563,6006,"","20069",""
"20071","Greeley","KS",7,836,1247,"","20071",""
"20073","Greenwood","KS",32,3314,6689,"","20073",""
"20075","Hamilton","KS",9,1306,2690,"","20075",""
"20077","Harper","KS",29,3828,6034,"","20077",""
"20079","Harvey","KS",74,19470,34684,"","20079",""
"20081","Haskell","KS",11,2306,4256,"","20081",""
"20083","Hodgeman","KS",10,1281,1916,"","20083",""
"20085","Jackson","KS",33,5699,13462,"","20085",""
"20087","Jefferson","KS",39,7590,19126,"","20087",""
"20089","Jewell","KS",20,1825,3077,"","20089",""
"20091","Johnson","KS",350,296689,544179,"","20091",""
"20093","Kearny","KS",12,2838,3977,"","20093",""
"20095","Kingman","KS",29,4959,7858,"","20095",""
"20097","Kiowa","KS",13,2087,2553,"","20097",""
"20099","Labette","KS",64,10874,21607,"","20099",""
"20101","Lane","KS",6,1576,1750,"","20101",""
"20103","Leavenworth","KS",82,24816,76227,"","20103",""
"20105","Lincoln","KS",13,1882,3241,"","20105",""
"20107","Linn","KS",25,2802,9656,"","20107",""
"20109","Logan","KS",12,2286,2756,"","20109",""
"20111","Lyon","KS",62,14842,33690,"","20111",""
"20113","McPherson","KS",75,18196,29180,"","20113",""
"20115","Marion","KS",37,7048,12660,"","20115",""
"20117","Marshall","KS",43,6444,10117,"","20117",""
"20119","Meade","KS",21,3332,4575,"","20119",""
"20121","Miami","KS",62,16091,32787,"","20121",""
"20123","Mitchell","KS",22,5048,6373,"","20123",""
"20125","Montgomery","KS",99,19144,35471,"","20125",""
"20127","Morris","KS",19,3421,5923,"","20127",""
"20129","Morton","KS",14,1645,3233,"","20129",""
"20131","Nemaha","KS",29,7728,10178,"","20131",""
"20133","Neosho","KS",42,9419,16512,"","20133",""
"20135","Ness","KS",18,2956,3107,"","20135",""
"20137","Norton","KS",19,3279,5671,"","20137",""
"20139","Osage","KS",34,6725,16295,"","20139",""
"20141","Osborne","KS",20,2276,3858,"","20141",""
"20143","Ottawa","KS",24,2467,6091,"","20143",""
"20145","Pawnee","KS",20,3815,6973,"","20145",""
"20147","Phillips","KS",31,4171,5642,"","20147",""
"20149","Pottawatomie","KS",39,7476,21604,"","20149",""
"20151","Pratt","KS",27,5301,9656,"","20151",""
"20153","Rawlins","KS",10,1596,2519,"","20153",""
"20155","Reno","KS",113,34135,64511,"","20155",""
"20157","Republic","KS",24,3177,4980,"","20157",""
"20159","Rice","KS",36,5937,10083,"","20159",""
"20161","Riley","KS",84,24935,71115,"","20161",""
"20163","Rooks","KS",18,3563,5181,"","20163",""
"20165","Rush","KS",15,2529,3307,"","20165",""
"20167","Russell","KS",29,4228,6970,"","20167",""
"20169","Saline","KS",86,27513,55606,"","20169",""
"20171","Scott","KS",15,4289,4936,"","20171",""
"20173","Sedgwick","KS",546,254423,498365,"","20173",""
"20175","Seward","KS",40,10541,22952,"","20175",""
"20177","Shawnee","KS",227,84485,177934,"","20177",""
"20179","Sheridan","KS",14,1918,2556,"","20179",""
"20181","Sherman","KS",18,3155,6010,"","20181",""
"20183","Smith","KS",22,2998,3853,"","20183",""
"20185","Stafford","KS",19,2521,4437,"","20185",""
"20187","Stanton","KS",8,1436,2235,"","20187",""
"20189","Stevens","KS",19,3624,5724,"","20189",""
"20191","Sumner","KS",63,14841,24132,"","20191",""
"20193","Thomas","KS",19,4185,7900,"","20193",""
"20195","Trego","KS",13,1922,3001,"","20195",""
"20197","Wabaunsee","KS",20,2599,7053,"","20197",""
"20199","Wallace","KS",9,998,1485,"","20199",""
"20201","Washington","KS",33,4898,5799,"","20201",""
"20203","Wichita","KS",10,1443,2234,"","20203",""
"20205","Wilson","KS",34,4718,9409,"","20205",""
"20207","Woodson","KS",13,1722,3309,"","20207",""
"20209","Wyandotte","KS",285,77249,157505,"","20209",""
"21001","Adair","KY",52,6631,18656,"","21001",""
"21003","Allen","KY",37,6213,19956,"","21003",""
"21005","Anderson","KY",46,12827,21421,"","21005",""
"21007","Ballard","KY",32,6788,8249,"","21007",""
"21009","Barren","KY",82,20101,42173,"","21009",""
"21011","Bath","KY",42,4970,11591,"","21011",""
"21013","Bell","KY",79,21041,28691,"","21013",""
"21015","Boone","KY",76,59315,118811,"","21015",""
"21017","Bourbon","KY",46,11110,19985,"","21017",""
"21019","Boyd","KY",109,29012,49542,"","21019",""
"21021","Boyle","KY",70,23769,28432,"","21021",""
"21023","Bracken","KY",36,4479,8488,"","21023",""
"21025","Breathitt","KY",28,2049,13878,"","21025",""
"21027","Breckinridge","KY",62,10538,20059,"","21027",""
"21029","Bullitt","KY",79,24707,74319,"","21029",""
"21031","Butler","KY",51,8749,12690,"","21031",""
"21033","Caldwell","KY",43,11815,12984,"","21033",""
"21035","Calloway","KY",88,22018,37191,"","21035",""
"21037","Campbell","KY",88,44442,90336,"","21037",""
"21039","Carlisle","KY",17,2773,5104,"","21039",""
"21041","Carroll","KY",27,5149,10811,"","21041",""
"21043","Carter","KY",61,7377,27720,"","21043",""
"21045","Casey","KY",61,7338,15955,"","21045",""
"21047","Christian","KY",130,39673,73955,"","21047",""
"21049","Clark","KY",71,18611,35613,"","21049",""
"21051","Clay","KY",50,9624,21730,"","21051",""
"21053","Clinton","KY",29,5032,10272,"","21053",""
"21055","Crittenden","KY",37,6029,9315,"","21055",""
"21057","Cumberland","KY",41,2850,6856,"","21057",""
"21059","Daviess","KY",149,67549,96656,"","21059",""
"21061","Edmonson","KY",13,1800,12161,"","21061",""
"21063","Elliott","KY",8,403,7852,"","21063",""
"21065","Estill","KY",42,6396,14672,"","21065",""
"21067","Fayette","KY",266,154462,295803,"","21067",""
"21069","Fleming","KY",52,5181,14348,"","21069",""
"21071","Floyd","KY",81,12453,39451,"","21071",""
"21073","Franklin","KY",77,28208,49285,"","21073",""
"21075","Fulton","KY",36,6162,6813,"","21075",""
"21077","Gallatin","KY",16,3841,8589,"","21077",""
"21079","Garrard","KY",34,8821,16912,"","21079",""
"21081","Grant","KY",49,13137,24662,"","21081",""
"21083","Graves","KY",113,28151,37121,"","21083",""
"21085","Grayson","KY",65,10657,25746,"","21085",""
"21087","Green","KY",51,9796,11258,"","21087",""
"21089","Greenup","KY",82,15449,36910,"","21089",""
"21091","Hancock","KY",25,8388,8565,"","21091",""
"21093","Hardin","KY",153,50284,105543,"","21093",""
"21095","Harlan","KY",116,15002,29278,"","21095",""
"21097","Harrison","KY",54,10396,18846,"","21097",""
"21099","Hart","KY",65,9192,18199,"","21099",""
"21101","Henderson","KY",67,26633,46250,"","21101",""
"21103","Henry","KY",44,8305,15416,"","21103",""
"21105","Hickman","KY",32,5223,4902,"","21105",""
"21107","Hopkins","KY",108,27199,46920,"","21107",""
"21109","Jackson","KY",34,3564,13494,"","21109",""
"21111","Jefferson","KY",704,405799,741096,"","21111",""
"21113","Jessamine","KY",53,13971,48586,"","21113",""
"21115","Johnson","KY",58,6543,23356,"","21115",""
"21117","Kenton","KY",148,77536,159720,"","21117",""
"21119","Knott","KY",13,3576,16346,"","21119",""
"21121","Knox","KY",65,16994,31883,"","21121",""
"21123","Larue","KY",37,7954,14193,"","21123",""
"21125","Laurel","KY",93,25653,58849,"","21125",""
"21127","Lawrence","KY",44,4849,15860,"","21127",""
"21129","Lee","KY",28,2220,7887,"","21129",""
"21131","Leslie","KY",27,3481,11310,"","21131",""
"21133","Letcher","KY",49,6187,24519,"","21133",""
"21135","Lewis","KY",33,3877,13870,"","21135",""
"21137","Lincoln","KY",78,15001,24742,"","21137",""
"21139","Livingston","KY",40,5586,9519,"","21139",""
"21141","Logan","KY",85,17930,26835,"","21141",""
"21143","Lyon","KY",28,5364,8314,"","21143",""
"21145","McCracken","KY",137,47997,65565,"","21145",""
"21147","McCreary","KY",24,3969,18306,"","21147",""
"21149","McLean","KY",34,6521,9531,"","21149",""
"21151","Madison","KY",114,32147,82916,"","21151",""
"21153","Magoffin","KY",23,3363,13333,"","21153",""
"21155","Marion","KY",38,12532,19820,"","21155",""
"21157","Marshall","KY",70,18520,31448,"","21157",""
"21159","Martin","KY",27,2871,12929,"","21159",""
"21161","Mason","KY",60,10423,17490,"","21161",""
"21163","Meade","KY",39,16914,28602,"","21163",""
"21165","Menifee","KY",9,742,6306,"","21165",""
"21167","Mercer","KY",59,16785,21331,"","21167",""
"21169","Metcalfe","KY",41,7048,10099,"","21169",""
"21171","Monroe","KY",46,5622,10963,"","21171",""
"21173","Montgomery","KY",48,9276,26499,"","21173",""
"21175","Morgan","KY",36,2968,13923,"","21175",""
"21177","Muhlenberg","KY",97,22509,31499,"","21177",""
"21179","Nelson","KY",67,23613,43437,"","21179",""
"21181","Nicholas","KY",23,2742,7135,"","21181",""
"21183","Ohio","KY",84,14438,23842,"","21183",""
"21185","Oldham","KY",63,27872,60316,"","21185",""
"21187","Owen","KY",36,6158,10841,"","21187",""
"21189","Owsley","KY",17,1581,4755,"","21189",""
"21191","Pendleton","KY",44,8648,14877,"","21191",""
"21193","Perry","KY",74,9705,28712,"","21193",""
"21195","Pike","KY",123,20633,65024,"","21195",""
"21197","Powell","KY",30,4708,12613,"","21197",""
"21199","Pulaski","KY",164,36986,63063,"","21199",""
"21201","Robertson","KY",7,527,2282,"","21201",""
"21203","Rockcastle","KY",42,9241,17056,"","21203",""
"21205","Rowan","KY",35,4640,23333,"","21205",""
"21207","Russell","KY",54,8751,17565,"","21207",""
"21209","Scott","KY",73,19124,47173,"","21209",""
"21211","Shelby","KY",66,23318,42074,"","21211",""
"21213","Simpson","KY",39,9716,17327,"","21213",""
"21215","Spencer","KY",23,5680,17061,"","21215",""
"21217","Taylor","KY",72,17145,24512,"","21217",""
"21219","Todd","KY",54,9867,12460,"","21219",""
"21221","Trigg","KY",49,11205,14339,"","21221",""
"21223","Trimble","KY",20,3822,8809,"","21223",""
"21225","Union","KY",44,9589,15007,"","21225",""
"21227","Warren","KY",163,61638,113792,"","21227",""
"21229","Washington","KY",38,10261,11717,"","21229",""
"21231","Wayne","KY",51,13688,20813,"","21231",""
"21233","Webster","KY",47,7561,13621,"","21233",""
"21235","Whitley","KY",90,23126,35637,"","21235",""
"21237","Wolfe","KY",17,1570,7355,"","21237",""
"21239","Woodford","KY",49,15751,24939,"","21239",""
"22001","Acadia","LA",79,38070,61773,"","22001",""
"22003","Allen","LA",58,12503,25764,"","22003",""
"22005","Ascension","LA",75,52017,107215,"","22005",""
"22007","Assumption","LA",22,15429,23421,"","22007",""
"22009","Avoyelles","LA",63,23442,42073,"","22009",""
"22011","Beauregard","LA",96,23453,35654,"","22011",""
"22013","Bienville","LA",63,10902,14353,"","22013",""
"22015","Bossier","LA",157,70455,116979,"","22015",""
"22017","Caddo","LA",316,164003,254969,"","22017",""
"22019","Calcasieu","LA",239,135566,192768,"","22019",""
"22021","Caldwell","LA",28,6123,10132,"","22021",""
"22023","Cameron","LA",16,5524,6839,"","22023",""
"22025","Catahoula","LA",42,5916,10407,"","22025",""
"22027","Claiborne","LA",63,7957,17195,"","22027",""
"22029","Concordia","LA",44,8580,20822,"","22029",""
"22031","De Soto","LA",86,14784,26656,"","22031",""
"22033","East Baton Rouge","LA",436,296951,440171,"","22033",""
"22035","East Carroll","LA",27,5011,7759,"","22035",""
"22037","East Feliciana","LA",54,9379,20267,"","22037",""
"22039","Evangeline","LA",46,25902,33984,"","22039",""
"22041","Franklin","LA",67,14899,20767,"","22041",""
"22043","Grant","LA",60,10058,22309,"","22043",""
"22045","Iberia","LA",65,51521,73240,"","22045",""
"22047","Iberville","LA",40,24919,33387,"","22047",""
"22049","Jackson","LA",63,10635,16274,"","22049",""
"22051","Jefferson","LA",289,233361,432552,"","22051",""
"22053","Jefferson Davis","LA",50,24233,31594,"","22053",""
"22055","Lafayette","LA",136,169427,221578,"","22055",""
"22057","Lafourche","LA",71,63861,96318,"","22057",""
"22059","LaSalle","LA",56,9372,14890,"","22059",""
"22061","Lincoln","LA",82,23395,46735,"","22061",""
"22063","Livingston","LA",123,63138,128026,"","22063",""
"22065","Madison","LA",16,4822,12093,"","22065",""
"22067","Morehouse","LA",80,16480,27979,"","22067",""
"22069","Natchitoches","LA",113,19562,39566,"","22069",""
"22071","Orleans","LA",331,191588,343829,"","22071",""
"22073","Ouachita","LA",245,96460,153720,"","22073",""
"22075","Plaquemines","LA",28,13077,23042,"","22075",""
"22077","Pointe Coupee","LA",27,13507,22802,"","22077",""
"22079","Rapides","LA",255,93205,131613,"","22079",""
"22081","Red River","LA",26,3679,9091,"","22081",""
"22083","Richland","LA",70,12674,20725,"","22083",""
"22085","Sabine","LA",101,19817,24233,"","22085",""
"22087","St. Bernard","LA",25,20698,35897,"","22087",""
"22089","St. Charles","LA",39,27650,52780,"","22089",""
"22091","St. Helena","LA",33,5165,11203,"","22091",""
"22093","St. James","LA",19,17265,22102,"","22093",""
"22095","St. John the Baptist","LA",26,20417,45924,"","22095",""
"22097","St. Landry","LA",95,59104,83384,"","22097",""
"22099","St. Martin","LA",31,30827,52160,"","22099",""
"22101","St. Mary","LA",86,29988,54650,"","22101",""
"22103","St. Tammany","LA",201,117722,233740,"","22103",""
"22105","Tangipahoa","LA",185,57249,121097,"","22105",""
"22107","Tensas","LA",18,2368,5252,"","22107",""
"22109","Terrebonne","LA",91,73645,111860,"","22109",""
"22111","Union","LA",79,14829,22721,"","22111",""
"22113","Vermilion","LA",46,36140,57999,"","22113",""
"22115","Vernon","LA",106,28731,52334,"","22115",""
"22117","Washington","LA",109,27273,47168,"","22117",""
"22119","Webster","LA",106,26505,41207,"","22119",""
"22121","West Baton Rouge","LA",15,10052,23788,"","22121",""
"22123","West Carroll","LA",49,9195,11604,"","22123",""
"22125","West Feliciana","LA",11,5528,15625,"","22125",""
"22127","Winn","LA",67,10889,15313,"","22127",""
"23001","Androscoggin","ME",80,37449,107702,"","23001",""
"23003","Aroostook","ME",126,33423,71870,"","23003",""
"23005","Cumberland","ME",247,80252,281674,"","23005",""
"23007","Franklin","ME",44,7274,30768,"","23007",""
"23009","Hancock","ME",101,9322,54418,"","23009",""
"23011","Kennebec","ME",144,39052,122151,"","23011",""
"23013","Knox","ME",62,11122,39736,"","23013",""
"23015","Lincoln","ME",48,7655,34457,"","23015",""
"23017","Oxford","ME",103,10557,57833,"","23017",""
"23019","Penobscot","ME",177,37055,153923,"","23019",""
"23021","Piscataquis","ME",34,3601,17535,"","23021",""
"23023","Sagadahoc","ME",41,8572,35293,"","23023",""
"23025","Somerset","ME",70,9841,52228,"","23025",""
"23027","Waldo","ME",53,5369,38786,"","23027",""
"23029","Washington","ME",91,6059,32856,"","23029",""
"23031","York","ME",153,60440,197131,"","23031",""
"24001","Allegany","MD",159,35306,75087,"","24001",""
"24003","Anne Arundel","MD",350,204947,537656,"","24003",""
"24005","Baltimore","MD",527,332827,805029,"","24005",""
"24009","Calvert","MD",73,55088,88737,"","24009",""
"24011","Caroline","MD",65,11129,33066,"","24011",""
"24013","Carroll","MD",158,71916,167134,"","24013",""
"24015","Cecil","MD",104,31484,101108,"","24015",""
"24017","Charles","MD",129,54163,146551,"","24017",""
"24019","Dorchester","MD",86,11896,32618,"","24019",""
"24021","Frederick","MD",261,97808,233385,"","24021",""
"24023","Garrett","MD",96,11015,30097,"","24023",""
"24025","Harford","MD",192,95771,244826,"","24025",""
"24027","Howard","MD",201,123592,287085,"","24027",""
"24029","Kent","MD",52,10009,20197,"","24029",""
"24031","Montgomery","MD",733,384607,971777,"","24031",""
"24033","Prince George's","MD",750,393431,863420,"","24033",""
"24035","Queen Anne's","MD",62,17566,47798,"","24035",""
"24037","St. Mary's","MD",81,38978,105151,"","24037",""
"24039","Somerset","MD",56,5892,26470,"","24039",""
"24041","Talbot","MD",62,16170,37782,"","24041",""
"24043","Washington","MD",219,55632,147430,"","24043",""
"24045","Wicomico","MD",149,37363,98733,"","24045",""
"24047","Worcester","MD",101,24906,51454,"","24047",""
"24510","Baltimore","MD",670,293880,620961,"","24510",""
"25001","Barnstable","MA",167,115360,215888,"","25001",""
"25003","Berkshire","MA",147,67004,131219,"","25003",""
"25005","Bristol","MA",325,333007,548285,"","25005",""
"25007","Dukes","MA",22,5973,16535,"","25007",""
"25009","Essex","MA",434,424453,743159,"","25009",""
"25011","Franklin","MA",94,24785,71372,"","25011",""
"25013","Hampden","MA",324,280122,463490,"","25013",""
"25015","Hampshire","MA",117,66976,158080,"","25015",""
"25017","Middlesex","MA",915,923929,1503085,"","25017",""
"25019","Nantucket","MA",10,4065,10172,"","25019",""
"25021","Norfolk","MA",340,433862,670850,"","25021",""
"25023","Plymouth","MA",273,210748,494919,"","25023",""
"25025","Suffolk","MA",450,442649,722023,"","25025",""
"25027","Worcester","MA",582,415125,798552,"","25027",""
"26001","Alcona","MI",26,2871,10942,"","26001",""
"26003","Alger","MI",25,4154,9601,"","26003",""
"26005","Allegan","MI",132,31768,111408,"","26005",""
"26007","Alpena","MI",48,15892,29598,"","26007",""
"26009","Antrim","MI",46,6569,23580,"","26009",""
"26011","Arenac","MI",35,7482,15899,"","26011",""
"26013","Baraga","MI",20,4704,8860,"","26013",""
"26015","Barry","MI",57,13557,59173,"","26015",""
"26017","Bay","MI",104,57623,107771,"","26017",""
"26019","Benzie","MI",30,3423,17525,"","26019",""
"26021","Berrien","MI",246,73712,156813,"","26021",""
"26023","Branch","MI",61,14712,45248,"","26023",""
"26025","Calhoun","MI",174,44389,136146,"","26025",""
"26027","Cass","MI",56,8390,52293,"","26027",""
"26029","Charlevoix","MI",46,8651,25949,"","26029",""
"26031","Cheboygan","MI",42,8332,26152,"","26031",""
"26033","Chippewa","MI",69,12451,38520,"","26033",""
"26035","Clare","MI",48,11961,30926,"","26035",""
"26037","Clinton","MI",66,24066,75382,"","26037",""
"26039","Crawford","MI",14,2633,14074,"","26039",""
"26041","Delta","MI",58,22455,37069,"","26041",""
"26043","Dickinson","MI",47,17921,26168,"","26043",""
"26045","Eaton","MI",97,38047,107759,"","26045",""
"26047","Emmet","MI",52,12318,32694,"","26047",""
"26049","Genesee","MI",456,167763,425790,"","26049",""
"26051","Gladwin","MI",38,8234,25692,"","26051",""
"26053","Gogebic","MI",34,9824,16427,"","26053",""
"26055","Grand Traverse","MI",82,34264,86986,"","26055",""
"26057","Gratiot","MI",79,13269,42476,"","26057",""
"26059","Hillsdale","MI",76,11057,46688,"","26059",""
"26061","Houghton","MI",67,15697,36628,"","26061",""
"26063","Huron","MI",82,17490,33118,"","26063",""
"26065","Ingham","MI",269,112439,280895,"","26065",""
"26067","Ionia","MI",81,22080,63905,"","26067",""
"26069","Iosco","MI",45,10180,25887,"","26069",""
"26071","Iron","MI",26,6045,11817,"","26071",""
"26073","Isabella","MI",70,21646,70311,"","26073",""
"26075","Jackson","MI",162,48756,160248,"","26075",""
"26077","Kalamazoo","MI",226,95754,250331,"","26077",""
"26079","Kalkaska","MI",22,3070,17153,"","26079",""
"26081","Kent","MI",566,329532,602622,"","26081",""
"26083","Keweenaw","MI",5,629,2156,"","26083",""
"26085","Lake","MI",21,2116,11539,"","26085",""
"26087","Lapeer","MI",79,27090,88319,"","26087",""
"26089","Leelanau","MI",28,9087,21708,"","26089",""
"26091","Lenawee","MI",129,37108,99892,"","26091",""
"26093","Livingston","MI",101,68590,180967,"","26093",""
"26095","Luce","MI",16,1958,6631,"","26095",""
"26097","Mackinac","MI",35,6332,11113,"","26097",""
"26099","Macomb","MI",356,362120,840978,"","26099",""
"26101","Manistee","MI",40,10091,24733,"","26101",""
"26103","Marquette","MI",96,32136,67077,"","26103",""
"26105","Mason","MI",56,12700,28705,"","26105",""
"26107","Mecosta","MI",59,13098,42798,"","26107",""
"26109","Menominee","MI",40,14154,24029,"","26109",""
"26111","Midland","MI",93,38960,83629,"","26111",""
"26113","Missaukee","MI",28,5735,14849,"","26113",""
"26115","Monroe","MI",150,69122,152021,"","26115",""
"26117","Montcalm","MI",102,19557,63342,"","26117",""
"26119","Montmorency","MI",21,2756,9765,"","26119",""
"26121","Muskegon","MI",187,51929,172188,"","26121",""
"26123","Newaygo","MI",72,13728,48460,"","26123",""
"26125","Oakland","MI",717,607575,1202362,"","26125",""
"26127","Oceana","MI",48,9580,26570,"","26127",""
"26129","Ogemaw","MI",33,6822,21699,"","26129",""
"26131","Ontonagon","MI",32,3610,6780,"","26131",""
"26133","Osceola","MI",54,8369,23528,"","26133",""
"26135","Oscoda","MI",17,2514,8640,"","26135",""
"26137","Otsego","MI",29,9932,24164,"","26137",""
"26139","Ottawa","MI",281,139186,263801,"","26139",""
"26141","Presque Isle","MI",34,8236,13376,"","26141",""
"26143","Roscommon","MI",35,5872,24449,"","26143",""
"26145","Saginaw","MI",216,92066,200169,"","26145",""
"26147","St. Clair","MI",131,61525,163040,"","26147",""
"26149","St. Joseph","MI",111,25924,61295,"","26149",""
"26151","Sanilac","MI",88,17728,43114,"","26151",""
"26153","Schoolcraft","MI",21,4702,8485,"","26153",""
"26155","Shiawassee","MI",99,23458,70648,"","26155",""
"26157","Tuscola","MI",93,23195,55729,"","26157",""
"26159","Van Buren","MI",117,26926,76258,"","26159",""
"26161","Washtenaw","MI",273,113196,344791,"","26161",""
"26163","Wayne","MI",1330,788507,1820584,"","26163",""
"26165","Wexford","MI",68,12243,32735,"","26165",""
"27001","Aitkin","MN",43,6504,16202,"","27001",""
"27003","Anoka","MN",169,164167,330844,"","27003",""
"27005","Becker","MN",69,21824,32504,"","27005",""
"27007","Beltrami","MN",68,18975,44442,"","27007",""
"27009","Benton","MN",37,19567,38451,"","27009",""
"27011","Big Stone","MN",29,4506,5269,"","27011",""
"27013","Blue Earth","MN",75,37719,64013,"","27013",""
"27015","Brown","MN",40,23150,25893,"","27015",""
"27017","Carlton","MN",57,15995,35386,"","27017",""
"27019","Carver","MN",60,38539,91042,"","27019",""
"27021","Cass","MN",53,10657,28567,"","27021",""
"27023","Chippewa","MN",29,10688,12441,"","27023",""
"27025","Chisago","MN",54,23415,53887,"","27025",""
"27027","Clay","MN",74,35938,58999,"","27027",""
"27029","Clearwater","MN",29,4463,8695,"","27029",""
"27031","Cook","MN",15,2664,5176,"","27031",""
"27033","Cottonwood","MN",41,9461,11687,"","27033",""
"27035","Crow Wing","MN",89,33898,62500,"","27035",""
"27037","Dakota","MN",219,232928,398552,"","27037",""
"27039","Dodge","MN",38,13889,20087,"","27039",""
"27041","Douglas","MN",64,25307,36009,"","27041",""
"27043","Faribault","MN",44,12125,14553,"","27043",""
"27045","Fillmore","MN",74,19914,20866,"","27045",""
"27047","Freeborn","MN",62,26382,31255,"","27047",""
"27049","Goodhue","MN",87,30515,46183,"","27049",""
"27051","Grant","MN",25,5507,6018,"","27051",""
"27053","Hennepin","MN",838,626233,1152425,"","27053",""
"27055","Houston","MN",33,13537,19027,"","27055",""
"27057","Hubbard","MN",32,8102,20428,"","27057",""
"27059","Isanti","MN",34,11758,37816,"","27059",""
"27061","Itasca","MN",97,21711,45058,"","27061",""
"27063","Jackson","MN",27,7805,10266,"","27063",""
"27065","Kanabec","MN",21,6118,16239,"","27065",""
"27067","Kandiyohi","MN",76,31080,42239,"","27067",""
"27069","Kittson","MN",23,4141,4552,"","27069",""
"27071","Koochiching","MN",31,6553,13311,"","27071",""
"27073","Lac qui Parle","MN",30,6952,7259,"","27073",""
"27075","Lake","MN",29,8493,10866,"","27075",""
"27077","Lake of the Woods","MN",16,2576,4045,"","27077",""
"27079","Le Sueur","MN",39,12024,27703,"","27079",""
"27081","Lincoln","MN",23,4511,5896,"","27081",""
"27083","Lyon","MN",48,16788,25857,"","27083",""
"27085","McLeod","MN",55,29923,36651,"","27085",""
"27087","Mahnomen","MN",15,3026,5413,"","27087",""
"27089","Marshall","MN",52,6566,9439,"","27089",""
"27091","Martin","MN",52,17518,20840,"","27091",""
"27093","Meeker","MN",44,16176,23300,"","27093",""
"27095","Mille Lacs","MN",48,18624,26097,"","27095",""
"27097","Morrison","MN",53,22360,33198,"","27097",""
"27099","Mower","MN",68,25984,39163,"","27099",""
"27101","Murray","MN",26,6686,8725,"","27101",""
"27103","Nicollet","MN",29,17699,32727,"","27103",""
"27105","Nobles","MN",48,14793,21378,"","27105",""
"27107","Norman","MN",31,5120,6852,"","27107",""
"27109","Olmsted","MN",139,92269,144248,"","27109",""
"27111","Otter Tail","MN",126,40599,57303,"","27111",""
"27113","Pennington","MN",30,9468,13930,"","27113",""
"27115","Pine","MN",58,13419,29750,"","27115",""
"27117","Pipestone","MN",30,8625,9596,"","27117",""
"27119","Polk","MN",93,19685,31600,"","27119",""
"27121","Pope","MN",28,7491,10995,"","27121",""
"27123","Ramsey","MN",381,256240,508640,"","27123",""
"27125","Red Lake","MN",14,3907,4089,"","27125",""
"27127","Redwood","MN",50,12848,16059,"","27127",""
"27129","Renville","MN",44,12250,15730,"","27129",""
"27131","Rice","MN",69,32148,64142,"","27131",""
"27133","Rock","MN",21,8324,9687,"","27133",""
"27135","Roseau","MN",45,8129,15629,"","27135",""
"27137","St. Louis","MN",272,93830,200226,"","27137",""
"27139","Scott","MN",75,66060,129928,"","27139",""
"27141","Sherburne","MN",53,33779,88499,"","27141",""
"27143","Sibley","MN",41,10466,15226,"","27143",""
"27145","Stearns","MN",131,93064,150642,"","27145",""
"27147","Steele","MN",51,26337,36576,"","27147",""
"27149","Stevens","MN",23,7036,9726,"","27149",""
"27151","Swift","MN",29,8054,9783,"","27151",""
"27153","Todd","MN",56,14599,24895,"","27153",""
"27155","Traverse","MN",14,3150,3558,"","27155",""
"27157","Wabasha","MN",40,15997,21676,"","27157",""
"27159","Wadena","MN",45,8374,13843,"","27159",""
"27161","Waseca","MN",39,14470,19136,"","27161",""
"27163","Washington","MN",129,137242,238136,"","27163",""
"27165","Watonwan","MN",34,8966,11211,"","27165",""
"27167","Wilkin","MN",19,4871,6576,"","27167",""
"27169","Winona","MN",76,28421,51461,"","27169",""
"27171","Wright","MN",102,55051,124700,"","27171",""
"27173","Yellow Medicine","MN",34,9727,10438,"","27173",""
"28001","Adams","MS",71,22242,32297,"","28001",""
"28003","Alcorn","MS",107,24483,37057,"","28003",""
"28005","Amite","MS",44,6691,13131,"","28005",""
"28007","Attala","MS",68,11053,19564,"","28007",""
"28009","Benton","MS",31,5658,8729,"","28009",""
"28011","Bolivar","MS",99,17274,34145,"","28011",""
"28013","Calhoun","MS",71,12298,14962,"","28013",""
"28015","Carroll","MS",41,5513,10597,"","28015",""
"28017","Chickasaw","MS",91,16493,17392,"","28017",""
"28019","Choctaw","MS",34,4818,8547,"","28019",""
"28021","Claiborne","MS",37,3082,9604,"","28021",""
"28023","Clarke","MS",88,12683,16732,"","28023",""
"28025","Clay","MS",54,11920,20634,"","28025",""
"28027","Coahoma","MS",52,15428,26151,"","28027",""
"28029","Copiah","MS",108,18355,29449,"","28029",""
"28031","Covington","MS",51,9705,19568,"","28031",""
"28033","DeSoto","MS",180,85106,161252,"","28033",""
"28035","Forrest","MS",137,51184,74934,"","28035",""
"28037","Franklin","MS",38,5365,8118,"","28037",""
"28039","George","MS",60,11613,22578,"","28039",""
"28041","Greene","MS",43,4196,14400,"","28041",""
"28043","Grenada","MS",66,14755,21906,"","28043",""
"28045","Hancock","MS",52,13302,43929,"","28045",""
"28047","Harrison","MS",222,93068,187105,"","28047",""
"28049","Hinds","MS",405,164492,245285,"","28049",""
"28051","Holmes","MS",93,10236,19198,"","28051",""
"28053","Humphreys","MS",30,4071,9375,"","28053",""
"28055","Issaquena","MS",2,159,1406,"","28055",""
"28057","Itawamba","MS",70,10342,23401,"","28057",""
"28059","Jackson","MS",195,70757,139668,"","28059",""
"28061","Jasper","MS",67,7967,17062,"","28061",""
"28063","Jefferson","MS",28,2987,7726,"","28063",""
"28065","Jefferson Davis","MS",35,5598,12487,"","28065",""
"28067","Jones","MS",163,43669,67761,"","28067",""
"28069","Kemper","MS",50,3873,10456,"","28069",""
"28071","Lafayette","MS",80,19129,47351,"","28071",""
"28073","Lamar","MS",54,30009,55658,"","28073",""
"28075","Lauderdale","MS",200,57533,80261,"","28075",""
"28077","Lawrence","MS",44,9015,12929,"","28077",""
"28079","Leake","MS",82,13237,23805,"","28079",""
"28081","Lee","MS",180,51466,82910,"","28081",""
"28083","Leflore","MS",72,17976,32317,"","28083",""
"28085","Lincoln","MS",102,27291,34869,"","28085",""
"28087","Lowndes","MS",140,39883,59779,"","28087",""
"28089","Madison","MS",116,49710,95203,"","28089",""
"28091","Marion","MS",84,19057,27088,"","28091",""
"28093","Marshall","MS",94,17914,37144,"","28093",""
"28095","Monroe","MS",122,20742,36989,"","28095",""
"28097","Montgomery","MS",47,8622,10925,"","28097",""
"28099","Neshoba","MS",108,18402,29676,"","28099",""
"28101","Newton","MS",64,12583,21720,"","28101",""
"28103","Noxubee","MS",47,5735,11545,"","28103",""
"28105","Oktibbeha","MS",87,22714,47671,"","28105",""
"28107","Panola","MS",115,20788,34707,"","28107",""
"28109","Pearl River","MS",86,36022,55834,"","28109",""
"28111","Perry","MS",45,6465,12250,"","28111",""
"28113","Pike","MS",94,25493,40404,"","28113",""
"28115","Pontotoc","MS",93,19837,29957,"","28115",""
"28117","Prentiss","MS",85,17942,25276,"","28117",""
"28119","Quitman","MS",31,6777,8223,"","28119",""
"28121","Rankin","MS",177,91437,141617,"","28121",""
"28123","Scott","MS",93,19144,28264,"","28123",""
"28125","Sharkey","MS",18,3030,4916,"","28125",""
"28127","Simpson","MS",89,21627,27503,"","28127",""
"28129","Smith","MS",46,6100,16491,"","28129",""
"28131","Stone","MS",29,6315,17786,"","28131",""
"28133","Sunflower","MS",71,10770,29450,"","28133",""
"28135","Tallahatchie","MS",47,5420,15378,"","28135",""
"28137","Tate","MS",74,17439,28886,"","28137",""
"28139","Tippah","MS",78,14681,22232,"","28139",""
"28141","Tishomingo","MS",73,10190,19593,"","28141",""
"28143","Tunica","MS",16,1872,10778,"","28143",""
"28145","Union","MS",88,23351,27134,"","28145",""
"28147","Walthall","MS",24,6565,15443,"","28147",""
"28149","Warren","MS",85,31669,48773,"","28149",""
"28151","Washington","MS",115,33193,51137,"","28151",""
"28153","Wayne","MS",84,11696,20747,"","28153",""
"28155","Webster","MS",50,7238,10253,"","28155",""
"28157","Wilkinson","MS",34,4966,9878,"","28157",""
"28159","Winston","MS",82,14943,19198,"","28159",""
"28161","Yalobusha","MS",61,13383,12678,"","28161",""
"28163","Yazoo","MS",76,13109,28065,"","28163",""
"29001","Adair","MO",53,11006,25607,"","29001",""
"29003","Andrew","MO",25,5616,17291,"","29003",""
"29005","Atchison","MO",25,3922,5685,"","29005",""
"29007","Audrain","MO",72,15139,25529,"","29007",""
"29009","Barry","MO",105,19308,35597,"","29009",""
"29011","Barton","MO",39,6649,12402,"","29011",""
"29013","Bates","MO",50,8855,17049,"","29013",""
"29015","Benton","MO",43,8634,19056,"","29015",""
"29017","Bollinger","MO",36,4864,12363,"","29017",""
"29019","Boone","MO",167,63949,162642,"","29019",""
"29021","Buchanan","MO",115,43895,89201,"","29021",""
"29023","Butler","MO",77,17973,42794,"","29023",""
"29025","Caldwell","MO",30,4196,9424,"","29025",""
"29027","Callaway","MO",72,15662,44332,"","29027",""
"29029","Camden","MO",69,17045,44002,"","29029",""
"29031","Cape Girardeau","MO",116,58180,75674,"","29031",""
"29033","Carroll","MO",32,6969,9295,"","29033",""
"29035","Carter","MO",23,2218,6265,"","29035",""
"29037","Cass","MO",106,36175,99478,"","29037",""
"29039","Cedar","MO",36,6694,13982,"","29039",""
"29041","Chariton","MO",37,6066,7831,"","29041",""
"29043","Christian","MO",99,44992,77422,"","29043",""
"29045","Clark","MO",26,3375,7139,"","29045",""
"29047","Clay","MO",215,105280,221939,"","29047",""
"29049","Clinton","MO",40,10607,20743,"","29049",""
"29051","Cole","MO",93,52877,75990,"","29051",""
"29053","Cooper","MO",53,9553,17601,"","29053",""
"29055","Crawford","MO",49,8094,24696,"","29055",""
"29057","Dade","MO",39,5295,7883,"","29057",""
"29059","Dallas","MO",31,5518,16777,"","29059",""
"29061","Daviess","MO",36,5631,8433,"","29061",""
"29063","DeKalb","MO",28,3683,12892,"","29063",""
"29065","Dent","MO",36,8448,15657,"","29065",""
"29067","Douglas","MO",20,2915,13684,"","29067",""
"29069","Dunklin","MO",86,16542,31953,"","29069",""
"29071","Franklin","MO",177,48833,101492,"","29071",""
"29073","Gasconade","MO",50,8958,15222,"","29073",""
"29075","Gentry","MO",29,5291,6738,"","29075",""
"29077","Greene","MO",355,143541,275174,"","29077",""
"29079","Grundy","MO",50,9255,10261,"","29079",""
"29081","Harrison","MO",45,5581,8957,"","29081",""
"29083","Henry","MO",66,13852,22272,"","29083",""
"29085","Hickory","MO",26,3700,9627,"","29085",""
"29087","Holt","MO",34,3671,4912,"","29087",""
"29089","Howard","MO",31,5078,10144,"","29089",""
"29091","Howell","MO",93,17034,40400,"","29091",""
"29093","Iron","MO",35,4840,10630,"","29093",""
"29095","Jackson","MO",812,355967,674158,"","29095",""
"29097","Jasper","MO",209,67991,117404,"","29097",""
"29099","Jefferson","MO",162,79939,218733,"","29099",""
"29101","Johnson","MO",81,20354,52595,"","29101",""
"29103","Knox","MO",21,2371,4131,"","29103",""
"29105","Laclede","MO",85,18666,35571,"","29105",""
"29107","Lafayette","MO",86,21332,33381,"","29107",""
"29109","Lawrence","MO",108,23572,38634,"","29109",""
"29111","Lewis","MO",37,5906,10211,"","29111",""
"29113","Lincoln","MO",66,16004,52566,"","29113",""
"29115","Linn","MO",50,8633,12761,"","29115",""
"29117","Livingston","MO",41,10897,15195,"","29117",""
"29119","McDonald","MO",47,7400,23083,"","29119",""
"29121","Macon","MO",59,11078,15566,"","29121",""
"29123","Madison","MO",44,5710,12226,"","29123",""
"29125","Maries","MO",26,4185,9176,"","29125",""
"29127","Marion","MO",70,17222,28781,"","29127",""
"29129","Mercer","MO",18,2688,3785,"","29129",""
"29131","Miller","MO",56,13962,24748,"","29131",""
"29133","Mississippi","MO",37,6350,14358,"","29133",""
"29135","Moniteau","MO",40,9470,15607,"","29135",""
"29137","Monroe","MO",36,6215,8840,"","29137",""
"29139","Montgomery","MO",42,5659,12236,"","29139",""
"29141","Morgan","MO",52,9283,20565,"","29141",""
"29143","New Madrid","MO",51,9819,18956,"","29143",""
"29145","Newton","MO",100,27743,58114,"","29145",""
"29147","Nodaway","MO",43,12335,23370,"","29147",""
"29149","Oregon","MO",52,5023,10881,"","29149",""
"29151","Osage","MO",36,9863,13878,"","29151",""
"29153","Ozark","MO",22,1988,9723,"","29153",""
"29155","Pemiscot","MO",58,11172,18296,"","29155",""
"29157","Perry","MO",31,12435,18971,"","29157",""
"29159","Pettis","MO",92,25105,42201,"","29159",""
"29161","Phelps","MO",80,18673,45156,"","29161",""
"29163","Pike","MO",70,10005,18516,"","29163",""
"29165","Platte","MO",75,32380,89322,"","29165",""
"29167","Polk","MO",60,12167,31137,"","29167",""
"29169","Pulaski","MO",88,18800,52274,"","29169",""
"29171","Putnam","MO",18,2512,4979,"","29171",""
"29173","Ralls","MO",17,4057,10167,"","29173",""
"29175","Randolph","MO",57,14243,25414,"","29175",""
"29177","Ray","MO",53,9247,23494,"","29177",""
"29179","Reynolds","MO",23,3613,6696,"","29179",""
"29181","Ripley","MO",38,3665,14100,"","29181",""
"29183","St. Charles","MO",224,186493,360485,"","29183",""
"29185","St. Clair","MO",30,4542,9805,"","29185",""
"29186","Ste. Genevieve","MO",27,9326,18145,"","29186",""
"29187","St. Francois","MO",126,28737,65359,"","29187",""
"29189","St. Louis","MO",730,516073,998954,"","29189",""
"29195","Saline","MO",74,12903,23370,"","29195",""
"29197","Schuyler","MO",17,2118,4431,"","29197",""
"29199","Scotland","MO",18,1420,4843,"","29199",""
"29201","Scott","MO",92,23315,39191,"","29201",""
"29203","Shannon","MO",26,2039,8441,"","29203",""
"29205","Shelby","MO",32,4370,6373,"","29205",""
"29207","Stoddard","MO",69,9771,29968,"","29207",""
"29209","Stone","MO",48,8994,32202,"","29209",""
"29211","Sullivan","MO",25,2864,6714,"","29211",""
"29213","Taney","MO",81,19782,51675,"","29213",""
"29215","Texas","MO",97,14622,26008,"","29215",""
"29217","Vernon","MO",52,9922,21159,"","29217",""
"29219","Warren","MO",38,12118,32513,"","29219",""
"29221","Washington","MO",43,6444,25195,"","29221",""
"29223","Wayne","MO",42,3945,13521,"","29223",""
"29225","Webster","MO",97,19539,36202,"","29225",""
"29227","Worth","MO",14,1756,2171,"","29227",""
"29229","Wright","MO",69,11290,18815,"","29229",""
"29510","St. Louis","MO",411,147353,319294,"","29510",""
"30001","Beaverhead","MT",23,2945,9246,"","30001",""
"30003","Big Horn","MT",39,8408,12865,"","30003",""
"30005","Blaine","MT",30,3948,6491,"","30005",""
"30007","Broadwater","MT",12,1683,5612,"","30007",""
"30009","Carbon","MT",29,4154,10078,"","30009",""
"30011","Carter","MT",6,471,1160,"","30011",""
"30013","Cascade","MT",110,30609,81327,"","30013",""
"30015","Chouteau","MT",18,4977,5813,"","30015",""
"30017","Custer","MT",18,5356,11699,"","30017",""
"30019","Daniels","MT",8,1733,1751,"","30019",""
"30021","Dawson","MT",24,5562,8966,"","30021",""
"30023","Deer Lodge","MT",14,4188,9298,"","30023",""
"30025","Fallon","MT",11,1810,2890,"","30025",""
"30027","Fergus","MT",38,5667,11586,"","30027",""
"30029","Flathead","MT",127,29456,90928,"","30029",""
"30031","Gallatin","MT",108,28911,89513,"boundary_change_crosswalked","30031, 30113","Montana's Yellowstone National Park county-equivalent was dissolved in 1997. Mapped to Gallatin County for continuity with the Phase 1 crosswalk; a small population share belonged with Park County."
"30033","Garfield","MT",8,441,1206,"","30033",""
"30035","Glacier","MT",23,9336,13399,"","30035",""
"30037","Golden Valley","MT",6,217,884,"","30037",""
"30039","Granite","MT",9,727,3079,"","30039",""
"30041","Hill","MT",39,6075,16096,"","30041",""
"30043","Jefferson","MT",21,2536,11406,"","30043",""
"30045","Judith Basin","MT",11,1208,2072,"","30045",""
"30047","Lake","MT",53,11291,28746,"","30047",""
"30049","Lewis and Clark","MT",83,24523,63395,"","30049",""
"30051","Liberty","MT",10,1235,2339,"","30051",""
"30053","Lincoln","MT",46,6462,19687,"","30053",""
"30055","McCone","MT",8,990,1734,"","30055",""
"30057","Madison","MT",23,1920,7691,"","30057",""
"30059","Meagher","MT",8,527,1891,"","30059",""
"30061","Mineral","MT",15,903,4223,"","30061",""
"30063","Missoula","MT",101,31181,109299,"","30063",""
"30065","Musselshell","MT",19,1509,4538,"","30065",""
"30067","Park","MT",30,4619,15636,"","30067",""
"30069","Petroleum","MT",1,158,494,"","30069",""
"30071","Phillips","MT",24,2156,4253,"","30071",""
"30073","Pondera","MT",28,2998,6153,"","30073",""
"30075","Powder River","MT",7,658,1743,"","30075",""
"30077","Powell","MT",15,1691,7027,"","30077",""
"30079","Prairie","MT",7,503,1179,"","30079",""
"30081","Ravalli","MT",63,11709,40212,"","30081",""
"30083","Richland","MT",31,5652,9746,"","30083",""
"30085","Roosevelt","MT",45,6551,10425,"","30085",""
"30087","Rosebud","MT",30,5134,9233,"","30087",""
"30089","Sanders","MT",35,2673,11413,"","30089",""
"30091","Sheridan","MT",26,3678,3384,"","30091",""
"30093","Silver Bow","MT",41,14491,34200,"","30093",""
"30095","Stillwater","MT",21,2264,9117,"","30095",""
"30097","Sweet Grass","MT",11,1118,3651,"","30097",""
"30099","Teton","MT",26,3815,6073,"","30099",""
"30101","Toole","MT",18,2498,5324,"","30101",""
"30103","Treasure","MT",4,442,718,"","30103",""
"30105","Valley","MT",33,3440,7369,"","30105",""
"30107","Wheatland","MT",15,970,2168,"","30107",""
"30109","Wibaux","MT",5,895,1017,"","30109",""
"30111","Yellowstone","MT",164,57904,147972,"","30111",""
"31001","Adams","NE",46,18600,31364,"","31001",""
"31003","Antelope","NE",26,4973,6685,"","31003",""
"31005","Arthur","NE",1,314,460,"","31005",""
"31007","Banner","NE",2,78,690,"","31007",""
"31009","Blaine","NE",5,326,478,"","31009",""
"31011","Boone","NE",22,4323,5505,"","31011",""
"31013","Box Butte","NE",22,5568,11308,"","31013",""
"31015","Boyd","NE",17,1704,2099,"","31015",""
"31017","Brown","NE",11,2114,3145,"","31017",""
"31019","Buffalo","NE",64,27564,46102,"","31019",""
"31021","Burt","NE",26,5109,6858,"","31021",""
"31023","Butler","NE",22,5220,8395,"","31023",""
"31025","Cass","NE",44,8752,25241,"","31025",""
"31027","Cedar","NE",22,7468,8852,"","31027",""
"31029","Chase","NE",15,2695,3966,"","31029",""
"31031","Cherry","NE",19,2704,5713,"","31031",""
"31033","Cheyenne","NE",35,5952,9998,"","31033",""
"31035","Clay","NE",28,4061,6542,"","31035",""
"31037","Colfax","NE",16,6308,10515,"","31037",""
"31039","Cuming","NE",30,8187,9139,"","31039",""
"31041","Custer","NE",45,5717,10939,"","31041",""
"31043","Dakota","NE",28,10300,21006,"","31043",""
"31045","Dawes","NE",24,4186,9182,"","31045",""
"31047","Dawson","NE",59,15219,24326,"","31047",""
"31049","Deuel","NE",10,1206,1941,"","31049",""
"31051","Dixon","NE",21,3770,6000,"","31051",""
"31053","Dodge","NE",54,18218,36691,"","31053",""
"31055","Douglas","NE",422,274980,517110,"","31055",""
"31057","Dundy","NE",8,1105,2008,"","31057",""
"31059","Fillmore","NE",22,4406,5890,"","31059",""
"31061","Franklin","NE",15,2286,3225,"","31061",""
"31063","Frontier","NE",12,1815,2756,"","31063",""
"31065","Furnas","NE",26,4272,4959,"","31065",""
"31067","Gage","NE",59,15751,22311,"","31067",""
"31069","Garden","NE",13,1058,2057,"","31069",""
"31071","Garfield","NE",8,1738,2049,"","31071",""
"31073","Gosper","NE",6,1590,2044,"","31073",""
"31075","Grant","NE",7,433,614,"","31075",""
"31077","Greeley","NE",9,2011,2538,"","31077",""
"31079","Hall","NE",70,34431,58607,"","31079",""
"31081","Hamilton","NE",28,5610,9124,"","31081",""
"31083","Harlan","NE",16,1756,3423,"","31083",""
"31085","Hayes","NE",3,161,967,"","31085",""
"31087","Hitchcock","NE",16,1793,2908,"","31087",""
"31089","Holt","NE",35,7222,10435,"","31089",""
"31091","Hooker","NE",5,436,736,"","31091",""
"31093","Howard","NE",17,3445,6274,"","31093",""
"31095","Jefferson","NE",28,5505,7547,"","31095",""
"31097","Johnson","NE",16,3633,5217,"","31097",""
"31099","Kearney","NE",18,4253,6489,"","31099",""
"31101","Keith","NE",24,5385,8368,"","31101",""
"31103","Keya Paha","NE",7,468,824,"","31103",""
"31105","Kimball","NE",13,1452,3821,"","31105",""
"31107","Knox","NE",32,6684,8701,"","31107",""
"31109","Lancaster","NE",236,133827,285407,"","31109",""
"31111","Lincoln","NE",55,20246,36288,"","31111",""
"31113","Logan","NE",3,434,763,"","31113",""
"31115","Loup","NE",2,80,632,"","31115",""
"31117","McPherson","NE",2,121,539,"","31117",""
"31119","Madison","NE",57,27139,34876,"","31119",""
"31121","Merrick","NE",27,4329,7845,"","31121",""
"31123","Morrill","NE",17,2494,5042,"","31123",""
"31125","Nance","NE",9,2256,3735,"","31125",""
"31127","Nemaha","NE",30,6849,7248,"","31127",""
"31129","Nuckolls","NE",20,2945,4500,"","31129",""
"31131","Otoe","NE",49,11388,15740,"","31131",""
"31133","Pawnee","NE",13,1879,2773,"","31133",""
"31135","Perkins","NE",12,2386,2970,"","31135",""
"31137","Phelps","NE",26,6307,9188,"","31137",""
"31139","Pierce","NE",16,5708,7266,"","31139",""
"31141","Platte","NE",46,26643,32237,"","31141",""
"31143","Polk","NE",18,3051,5406,"","31143",""
"31145","Red Willow","NE",28,8538,11055,"","31145",""
"31147","Richardson","NE",36,5296,8363,"","31147",""
"31149","Rock","NE",6,716,1526,"","31149",""
"31151","Saline","NE",32,7358,14200,"","31151",""
"31153","Sarpy","NE",90,66399,158840,"","31153",""
"31155","Saunders","NE",48,12274,20780,"","31155",""
"31157","Scotts Bluff","NE",71,18535,36970,"","31157",""
"31159","Seward","NE",41,11475,16750,"","31159",""
"31161","Sheridan","NE",26,2471,5469,"","31161",""
"31163","Sherman","NE",14,2346,3152,"","31163",""
"31165","Sioux","NE",3,281,1311,"","31165",""
"31167","Stanton","NE",10,2203,6129,"","31167",""
"31169","Thayer","NE",34,5148,5228,"","31169",""
"31171","Thomas","NE",6,325,647,"","31171",""
"31173","Thurston","NE",19,3269,6940,"","31173",""
"31175","Valley","NE",13,2837,4260,"","31175",""
"31177","Washington","NE",26,15312,20234,"","31177",""
"31179","Wayne","NE",17,5701,9595,"","31179",""
"31181","Webster","NE",16,2736,3812,"","31181",""
"31183","Wheeler","NE",4,319,818,"","31183",""
"31185","York","NE",33,10593,13665,"","31185",""
"32001","Churchill","NV",31,8816,24877,"","32001",""
"32003","Clark","NV",806,697799,1951269,"","32003",""
"32005","Douglas","NV",30,13899,46997,"","32005",""
"32007","Elko","NV",59,19323,48818,"","32007",""
"32009","Esmeralda","NV",1,24,783,"","32009",""
"32011","Eureka","NV",6,952,1987,"","32011",""
"32013","Humboldt","NV",22,7712,16528,"","32013",""
"32015","Lander","NV",20,2935,5775,"","32015",""
"32017","Lincoln","NV",14,2942,5345,"","32017",""
"32019","Lyon","NV",47,10852,51980,"","32019",""
"32021","Mineral","NV",16,1466,4772,"","32021",""
"32023","Nye","NV",54,13631,43946,"","32023",""
"32027","Pershing","NV",12,1628,6753,"","32027",""
"32029","Storey","NV",4,422,4010,"","32029",""
"32031","Washoe","NV",214,124506,421407,"","32031",""
"32033","White Pine","NV",16,6132,10030,"","32033",""
"32510","Carson City","NV",40,14916,55274,"","32510",""
"33001","Belknap","NH",58,19857,60088,"","33001",""
"33003","Carroll","NH",51,10177,47818,"","33003",""
"33005","Cheshire","NH",85,18675,77117,"","33005",""
"33007","Coos","NH",50,16130,33055,"","33007",""
"33009","Grafton","NH",109,20149,89118,"","33009",""
"33011","Hillsborough","NH",246,173730,400721,"","33011",""
"33013","Merrimack","NH",111,45317,146445,"","33013",""
"33015","Rockingham","NH",184,114915,295223,"","33015",""
"33017","Strafford","NH",84,33633,123143,"","33017",""
"33019","Sullivan","NH",47,10189,43742,"","33019",""
"34001","Atlantic","NJ",231,117189,274549,"","34001",""
"34003","Bergen","NJ",681,583426,905116,"","34003",""
"34005","Burlington","NJ",318,186274,448734,"","34005",""
"34007","Camden","NJ",372,275475,513657,"","34007",""
"34009","Cape May","NJ",101,53136,97265,"","34009",""
"34011","Cumberland","NJ",184,54912,156898,"","34011",""
"34013","Essex","NJ",608,444696,783969,"","34013",""
"34015","Gloucester","NJ",216,139398,288288,"","34015",""
"34017","Hudson","NJ",380,370621,634266,"","34017",""
"34019","Hunterdon","NJ",111,65514,128349,"","34019",""
"34021","Mercer","NJ",276,192783,366513,"","34021",""
"34023","Middlesex","NJ",421,455416,809858,"","34023",""
"34025","Monmouth","NJ",397,360391,630380,"","34025",""
"34027","Morris","NJ",310,293864,492276,"","34027",""
"34029","Ocean","NJ",302,275856,576567,"","34029",""
"34031","Passaic","NJ",330,289272,501226,"","34031",""
"34033","Salem","NJ",96,20855,66083,"","34033",""
"34035","Somerset","NJ",196,156935,323444,"","34035",""
"34037","Sussex","NJ",97,71806,149265,"","34037",""
"34039","Union","NJ",382,354958,536499,"","34039",""
"34041","Warren","NJ",105,46743,108692,"","34041",""
"35001","Bernalillo","NM",412,312701,662564,"","35001",""
"35003","Catron","NM",18,1066,3725,"","35003",""
"35005","Chaves","NM",89,35097,65645,"","35005",""
"35006","Cibola","NM",53,13313,27213,"","35006",""
"35007","Colfax","NM",37,7275,13750,"","35007",""
"35009","Curry","NM",74,27193,48376,"","35009",""
"35011","De Baca","NM",8,1985,2022,"","35011",""
"35013","Doña Ana","NM",186,102339,209233,"","35013",""
"35015","Eddy","NM",92,35008,53829,"","35015",""
"35017","Grant","NM",60,14747,29514,"","35017",""
"35019","Guadalupe","NM",19,4208,4687,"","35019",""
"35021","Harding","NM",6,858,695,"","35021",""
"35023","Hidalgo","NM",15,3830,4894,"","35023",""
"35025","Lea","NM",111,35411,64727,"","35025",""
"35027","Lincoln","NM",46,8007,20497,"","35027",""
"35028","Los Alamos","NM",35,12093,17950,"","35028",""
"35029","Luna","NM",34,10788,25095,"","35029",""
"35031","McKinley","NM",105,32490,71492,"","35031",""
"35033","Mora","NM",33,3178,4881,"","35033",""
"35035","Otero","NM",94,25900,63797,"","35035",""
"35037","Quay","NM",32,8734,9041,"","35037",""
"35039","Rio Arriba","NM",86,26106,40246,"","35039",""
"35041","Roosevelt","NM",41,10760,19846,"","35041",""
"35043","Sandoval","NM",97,55784,131561,"","35043",""
"35045","San Juan","NM",173,52628,130044,"","35045",""
"35047","San Miguel","NM",67,23899,29393,"","35047",""
"35049","Santa Fe","NM",134,87490,144170,"","35049",""
"35051","Sierra","NM",34,3269,11988,"","35051",""
"35053","Socorro","NM",40,9571,17866,"","35053",""
"35055","Taos","NM",83,22584,32937,"","35055",""
"35057","Torrance","NM",38,7245,16383,"","35057",""
"35059","Union","NM",19,3285,4549,"","35059",""
"35061","Valencia","NM",76,32356,76569,"","35061",""
"36001","Albany","NY",230,137564,304204,"","36001",""
"36003","Allegany","NY",99,14236,48946,"","36003",""
"36005","Bronx","NY",619,518003,1385108,"","36005",""
"36007","Broome","NY",229,105064,200600,"","36007",""
"36009","Cattaraugus","NY",146,29512,80317,"","36009",""
"36011","Cayuga","NY",86,34056,80026,"","36011",""
"36013","Chautauqua","NY",226,53980,134905,"","36013",""
"36015","Chemung","NY",110,32633,88830,"","36015",""
"36017","Chenango","NY",77,14306,50477,"","36017",""
"36019","Clinton","NY",80,35416,82128,"","36019",""
"36021","Columbia","NY",92,24699,63096,"","36021",""
"36023","Cortland","NY",65,13908,49336,"","36023",""
"36025","Delaware","NY",115,21153,47980,"","36025",""
"36027","Dutchess","NY",222,159189,297488,"","36027",""
"36029","Erie","NY",689,527375,919040,"","36029",""
"36031","Essex","NY",67,13352,39370,"","36031",""
"36033","Franklin","NY",70,22909,51599,"","36033",""
"36035","Fulton","NY",53,14557,55531,"","36035",""
"36037","Genesee","NY",77,26423,60079,"","36037",""
"36039","Greene","NY",72,18359,49221,"","36039",""
"36041","Hamilton","NY",24,3140,4836,"","36041",""
"36043","Herkimer","NY",85,24805,64519,"","36043",""
"36045","Jefferson","NY",149,39538,116229,"","36045",""
"36047","Kings","NY",1426,1291850,2504700,"","36047",""
"36049","Lewis","NY",64,11406,27087,"","36049",""
"36051","Livingston","NY",83,25866,65393,"","36051",""
"36053","Madison","NY",88,22008,73442,"","36053",""
"36055","Monroe","NY",571,345007,744344,"","36055",""
"36057","Montgomery","NY",73,21942,50219,"","36057",""
"36059","Nassau","NY",743,899212,1339532,"","36059",""
"36061","New York","NY",865,698097,1585873,"","36061",""
"36063","Niagara","NY",212,93820,216469,"","36063",""
"36065","Oneida","NY",244,119669,234878,"","36065",""
"36067","Onondaga","NY",399,259503,467026,"","36067",""
"36069","Ontario","NY",111,45557,107931,"","36069",""
"36071","Orange","NY",285,197976,372813,"","36071",""
"36073","Orleans","NY",57,16491,42883,"","36073",""
"36075","Oswego","NY",136,42167,122109,"","36075",""
"36077","Otsego","NY",111,24184,62259,"","36077",""
"36079","Putnam","NY",55,48378,99710,"","36079",""
"36081","Queens","NY",1306,1102518,2230722,"","36081",""
"36083","Rensselaer","NY",146,63516,159429,"","36083",""
"36085","Richmond","NY",199,306682,468730,"","36085",""
"36087","Rockland","NY",311,214485,311687,"","36087",""
"36089","St. Lawrence","NY",171,40189,111944,"","36089",""
"36091","Saratoga","NY",146,86057,219607,"","36091",""
"36093","Schenectady","NY",122,72846,154727,"","36093",""
"36095","Schoharie","NY",60,12836,32749,"","36095",""
"36097","Schuyler","NY",35,5057,18343,"","36097",""
"36099","Seneca","NY",42,5520,35251,"","36099",""
"36101","Steuben","NY",162,34809,98990,"","36101",""
"36103","Suffolk","NY",704,1076830,1493350,"","36103",""
"36105","Sullivan","NY",116,31575,77547,"","36105",""
"36107","Tioga","NY",72,15985,51125,"","36107",""
"36109","Tompkins","NY",92,23155,101564,"","36109",""
"36111","Ulster","NY",185,75147,182493,"","36111",""
"36113","Warren","NY",70,23392,65707,"","36113",""
"36115","Washington","NY",90,22092,63216,"","36115",""
"36117","Wayne","NY",116,31678,93772,"","36117",""
"36119","Westchester","NY",653,609660,949113,"","36119",""
"36121","Wyoming","NY",62,14455,42155,"","36121",""
"36123","Yates","NY",45,7718,25348,"","36123",""
"37001","Alamance","NC",239,63493,151131,"","37001",""
"37003","Alexander","NC",69,21614,37198,"","37003",""
"37005","Alleghany","NC",33,4537,11155,"","37005",""
"37007","Anson","NC",100,14000,26948,"","37007",""
"37009","Ashe","NC",90,13068,27281,"","37009",""
"37011","Avery","NC",64,7593,17797,"","37011",""
"37013","Beaufort","NC",167,25978,47759,"","37013",""
"37015","Bertie","NC",52,8015,21282,"","37015",""
"37017","Bladen","NC",120,18933,35190,"","37017",""
"37019","Brunswick","NC",152,38216,107431,"","37019",""
"37021","Buncombe","NC",382,122565,238318,"","37021",""
"37023","Burke","NC",202,55195,90912,"","37023",""
"37025","Cabarrus","NC",282,94526,178011,"","37025",""
"37027","Caldwell","NC",153,48345,83029,"","37027",""
"37029","Camden","NC",19,3356,9980,"","37029",""
"37031","Carteret","NC",121,29372,66469,"","37031",""
"37033","Caswell","NC",53,7522,23719,"","37033",""
"37035","Catawba","NC",281,93104,154358,"","37035",""
"37037","Chatham","NC",128,26665,63505,"","37037",""
"37039","Cherokee","NC",75,12587,27444,"","37039",""
"37041","Chowan","NC",35,7180,14793,"","37041",""
"37043","Clay","NC",45,10024,10587,"","37043",""
"37045","Cleveland","NC",237,60451,98078,"","37045",""
"37047","Columbus","NC",179,33660,58098,"","37047",""
"37049","Craven","NC",185,49079,103505,"","37049",""
"37051","Cumberland","NC",440,148417,319431,"","37051",""
"37053","Currituck","NC",35,7041,23547,"","37053",""
"37055","Dare","NC",63,12632,33920,"","37055",""
"37057","Davidson","NC",251,64659,162878,"","37057",""
"37059","Davie","NC",85,20376,41240,"","37059",""
"37061","Duplin","NC",147,18661,58505,"","37061",""
"37063","Durham","NC",306,112093,267587,"","37063",""
"37065","Edgecombe","NC",129,22652,56552,"","37065",""
"37067","Forsyth","NC",437,189864,350670,"","37067",""
"37069","Franklin","NC",90,22975,60619,"","37069",""
"37071","Gaston","NC",393,117714,206086,"","37071",""
"37073","Gates","NC",36,6433,12197,"","37073",""
"37075","Graham","NC",19,3205,8861,"","37075",""
"37077","Granville","NC",86,25179,59916,"","37077",""
"37079","Greene","NC",52,5782,21362,"","37079",""
"37081","Guilford","NC",683,236061,488406,"","37081",""
"37083","Halifax","NC",133,25842,54691,"","37083",""
"37085","Harnett","NC",180,39594,114678,"","37085",""
"37087","Haywood","NC",146,42216,59036,"","37087",""
"37089","Henderson","NC",154,53081,106740,"","37089",""
"37091","Hertford","NC",49,8851,24669,"","37091",""
"37093","Hoke","NC",52,10781,46952,"","37093",""
"37095","Hyde","NC",27,1071,5810,"","37095",""
"37097","Iredell","NC",263,81136,159437,"","37097",""
"37099","Jackson","NC",100,18563,40271,"","37099",""
"37101","Johnston","NC",259,61554,168878,"","37101",""
"37103","Jones","NC",36,3874,10153,"","37103",""
"37105","Lee","NC",126,30170,57866,"","37105",""
"37107","Lenoir","NC",183,33394,59495,"","37107",""
"37109","Lincoln","NC",160,42506,78265,"","37109",""
"37111","McDowell","NC",107,19173,44996,"","37111",""
"37113","Macon","NC",107,22713,33922,"","37113",""
"37115","Madison","NC",83,12917,20764,"","37115",""
"37117","Martin","NC",80,12240,24505,"","37117",""
"37119","Mecklenburg","NC",847,477366,919628,"","37119",""
"37121","Mitchell","NC",61,11186,15579,"","37121",""
"37123","Montgomery","NC",99,13480,27798,"","37123",""
"37125","Moore","NC",170,44765,88247,"","37125",""
"37127","Nash","NC",167,40751,95840,"","37127",""
"37129","New Hanover","NC",225,95869,202667,"","37129",""
"37131","Northampton","NC",45,6531,22099,"","37131",""
"37133","Onslow","NC",158,51397,177772,"","37133",""
"37135","Orange","NC",160,58863,133801,"","37135",""
"37137","Pamlico","NC",56,6042,13144,"","37137",""
"37139","Pasquotank","NC",79,17997,40661,"","37139",""
"37141","Pender","NC",99,18964,52217,"","37141",""
"37143","Perquimans","NC",40,5718,13453,"","37143",""
"37145","Person","NC",59,15888,39464,"","37145",""
"37147","Pitt","NC",248,69469,168148,"","37147",""
"37149","Polk","NC",58,10735,20510,"","37149",""
"37151","Randolph","NC",269,49682,141752,"","37151",""
"37153","Richmond","NC",167,26602,46639,"","37153",""
"37155","Robeson","NC",316,60027,134168,"","37155",""
"37157","Rockingham","NC",203,38543,93643,"","37157",""
"37159","Rowan","NC",253,63971,138428,"","37159",""
"37161","Rutherford","NC",194,50341,67810,"","37161",""
"37163","Sampson","NC",207,35640,63431,"","37163",""
"37165","Scotland","NC",85,14481,36157,"","37165",""
"37167","Stanly","NC",150,40447,60585,"","37167",""
"37169","Stokes","NC",81,16568,47401,"","37169",""
"37171","Surry","NC",178,39434,73673,"","37171",""
"37173","Swain","NC",42,5327,13981,"","37173",""
"37175","Transylvania","NC",65,17485,33090,"","37175",""
"37177","Tyrrell","NC",21,1680,4407,"","37177",""
"37179","Union","NC",241,94121,201292,"","37179",""
"37181","Vance","NC",107,22209,45422,"","37181",""
"37183","Wake","NC",712,418188,900993,"","37183",""
"37185","Warren","NC",43,7192,20972,"","37185",""
"37187","Washington","NC",56,6836,13228,"","37187",""
"37189","Watauga","NC",94,21055,51079,"","37189",""
"37191","Wayne","NC",267,49647,122623,"","37191",""
"37193","Wilkes","NC",146,40013,69340,"","37193",""
"37195","Wilson","NC",164,34022,81234,"","37195",""
"37197","Yadkin","NC",96,22717,38406,"","37197",""
"37199","Yancey","NC",49,6618,17818,"","37199",""
"38001","Adams","ND",15,2383,2343,"","38001",""
"38003","Barnes","ND",38,7039,11066,"","38003",""
"38005","Benson","ND",28,5689,6660,"","38005",""
"38007","Billings","ND",3,77,783,"","38007",""
"38009","Bottineau","ND",26,4536,6429,"","38009",""
"38011","Bowman","ND",13,3597,3151,"","38011",""
"38013","Burke","ND",18,2124,1968,"","38013",""
"38015","Burleigh","ND",72,52035,81308,"","38015",""
"38017","Cass","ND",140,89055,149778,"","38017",""
"38019","Cavalier","ND",20,3145,3993,"","38019",""
"38021","Dickey","ND",27,3907,5289,"","38021",""
"38023","Divide","ND",10,1463,2071,"","38023",""
"38025","Dunn","ND",13,3670,3536,"","38025",""
"38027","Eddy","ND",9,1725,2385,"","38027",""
"38029","Emmons","ND",16,3627,3550,"","38029",""
"38031","Foster","ND",15,4726,3343,"","38031",""
"38033","Golden Valley","ND",8,1534,1680,"","38033",""
"38035","Grand Forks","ND",77,35953,66861,"","38035",""
"38037","Grant","ND",19,1723,2394,"","38037",""
"38039","Griggs","ND",18,1505,2420,"","38039",""
"38041","Hettinger","ND",15,2449,2477,"","38041",""
"38043","Kidder","ND",15,2027,2435,"","38043",""
"38045","LaMoure","ND",34,3839,4139,"","38045",""
"38047","Logan","ND",12,1632,1990,"","38047",""
"38049","McHenry","ND",28,4665,5395,"","38049",""
"38051","McIntosh","ND",20,2809,2809,"","38051",""
"38053","McKenzie","ND",26,2689,6360,"","38053",""
"38055","McLean","ND",43,8182,8962,"","38055",""
"38057","Mercer","ND",29,6757,8424,"","38057",""
"38059","Morton","ND",47,22446,27471,"","38059",""
"38061","Mountrail","ND",27,4734,7673,"","38061",""
"38063","Nelson","ND",23,3010,3126,"","38063",""
"38065","Oliver","ND",3,830,1846,"","38065",""
"38067","Pembina","ND",41,5203,7413,"","38067",""
"38069","Pierce","ND",15,3375,4357,"","38069",""
"38071","Ramsey","ND",27,6860,11451,"","38071",""
"38073","Ransom","ND",21,4604,5457,"","38073",""
"38075","Renville","ND",15,2332,2470,"","38075",""
"38077","Richland","ND",45,11755,16321,"","38077",""
"38079","Rolette","ND",25,16239,13937,"","38079",""
"38081","Sargent","ND",17,3495,3829,"","38081",""
"38083","Sheridan","ND",14,1131,1321,"","38083",""
"38085","Sioux","ND",11,3168,4153,"","38085",""
"38087","Slope","ND",2,222,727,"","38087",""
"38089","Stark","ND",43,17249,24199,"","38089",""
"38091","Steele","ND",15,1564,1975,"","38091",""
"38093","Stutsman","ND",49,13721,21100,"","38093",""
"38095","Towner","ND",10,1247,2246,"","38095",""
"38097","Traill","ND",31,6105,8121,"","38097",""
"38099","Walsh","ND",41,8320,11119,"","38099",""
"38101","Ward","ND",89,32697,61675,"","38101",""
"38103","Wells","ND",29,3690,4207,"","38103",""
"38105","Williams","ND",51,12897,22398,"","38105",""
"39001","Adams","OH",84,6965,28550,"","39001",""
"39003","Allen","OH",156,55482,106331,"","39003",""
"39005","Ashland","OH",110,23221,53139,"","39005",""
"39007","Ashtabula","OH",160,36683,101497,"","39007",""
"39009","Athens","OH",97,13103,64757,"","39009",""
"39011","Auglaize","OH",70,26884,45949,"","39011",""
"39013","Belmont","OH",144,26764,70400,"","39013",""
"39015","Brown","OH",69,14805,44846,"","39015",""
"39017","Butler","OH",333,138939,368130,"","39017",""
"39019","Carroll","OH",47,8505,28836,"","39019",""
"39021","Champaign","OH",72,11408,40097,"","39021",""
"39023","Clark","OH",184,43489,138333,"","39023",""
"39025","Clermont","OH",176,71619,197363,"","39025",""
"39027","Clinton","OH",71,14787,42040,"","39027",""
"39029","Columbiana","OH",191,42923,107841,"","39029",""
"39031","Coshocton","OH",87,15161,36901,"","39031",""
"39033","Crawford","OH",97,22195,43784,"","39033",""
"39035","Cuyahoga","OH",955,674791,1280122,"","39035",""
"39037","Darke","OH",93,22120,52959,"","39037",""
"39039","Defiance","OH",74,24485,39037,"","39039",""
"39041","Delaware","OH",126,58096,174214,"","39041",""
"39043","Erie","OH",103,42922,77079,"","39043",""
"39045","Fairfield","OH",163,57159,146156,"","39045",""
"39047","Fayette","OH",55,7354,29030,"","39047",""
"39049","Franklin","OH",910,470287,1163414,"","39049",""
"39051","Fulton","OH",79,24348,42698,"","39051",""
"39053","Gallia","OH",66,8418,30934,"","39053",""
"39055","Geauga","OH",130,52988,93389,"","39055",""
"39057","Greene","OH",181,57395,161573,"","39057",""
"39059","Guernsey","OH",92,13588,40087,"","39059",""
"39061","Hamilton","OH",666,421006,802374,"","39061",""
"39063","Hancock","OH",93,33754,74782,"","39063",""
"39065","Hardin","OH",74,11528,32058,"","39065",""
"39067","Harrison","OH",50,4430,15864,"","39067",""
"39069","Henry","OH",58,19029,28215,"","39069",""
"39071","Highland","OH",105,14205,43589,"","39071",""
"39073","Hocking","OH",62,7479,29380,"","39073",""
"39075","Holmes","OH",203,28949,42366,"","39075",""
"39077","Huron","OH",88,27552,59626,"","39077",""
"39079","Jackson","OH",85,9474,33225,"","39079",""
"39081","Jefferson","OH",153,32169,69709,"","39081",""
"39083","Knox","OH",120,23165,60921,"","39083",""
"39085","Lake","OH",167,113707,230041,"","39085",""
"39087","Lawrence","OH",92,14404,62450,"","39087",""
"39089","Licking","OH",195,56932,166492,"","39089",""
"39091","Logan","OH",87,14600,45858,"","39091",""
"39093","Lorain","OH",291,132752,301356,"","39093",""
"39095","Lucas","OH",372,197938,441815,"","39095",""
"39097","Madison","OH",73,13768,43435,"","39097",""
"39099","Mahoning","OH",321,136813,238823,"","39099",""
"39101","Marion","OH",95,20127,66501,"","39101",""
"39103","Medina","OH",144,89004,172332,"","39103",""
"39105","Meigs","OH",75,6425,23770,"","39105",""
"39107","Mercer","OH",71,32703,40814,"","39107",""
"39109","Miami","OH",132,38159,102506,"","39109",""
"39111","Monroe","OH",76,7507,14642,"","39111",""
"39113","Montgomery","OH",583,259795,535153,"","39113",""
"39115","Morgan","OH",44,3740,15054,"","39115",""
"39117","Morrow","OH",62,8331,34827,"","39117",""
"39119","Muskingum","OH",148,31630,86074,"","39119",""
"39121","Noble","OH",33,4012,14645,"","39121",""
"39123","Ottawa","OH",55,21020,41428,"","39123",""
"39125","Paulding","OH",43,10250,19614,"","39125",""
"39127","Perry","OH",75,9503,36058,"","39127",""
"39129","Pickaway","OH",72,11584,55698,"","39129",""
"39131","Pike","OH",55,5681,28709,"","39131",""
"39133","Portage","OH",136,44659,161419,"","39133",""
"39135","Preble","OH",79,13078,42270,"","39135",""
"39137","Putnam","OH",49,27086,34499,"","39137",""
"39139","Richland","OH",198,52681,124475,"","39139",""
"39141","Ross","OH",116,20070,78064,"","39141",""
"39143","Sandusky","OH",81,28891,60944,"","39143",""
"39145","Scioto","OH",166,19646,79499,"","39145",""
"39147","Seneca","OH",84,30756,56745,"","39147",""
"39149","Shelby","OH",65,28254,49423,"","39149",""
"39151","Stark","OH",436,176398,375586,"","39151",""
"39153","Summit","OH",486,254754,541781,"","39153",""
"39155","Trumbull","OH",286,96400,210312,"","39155",""
"39157","Tuscarawas","OH",185,45489,92582,"","39157",""
"39159","Union","OH",62,16247,52300,"","39159",""
"39161","Van Wert","OH",50,12132,28744,"","39161",""
"39163","Vinton","OH",34,2731,13435,"","39163",""
"39165","Warren","OH",162,62230,212693,"","39165",""
"39167","Washington","OH",137,23702,61778,"","39167",""
"39169","Wayne","OH",234,62771,114520,"","39169",""
"39171","Williams","OH",76,15458,37642,"","39171",""
"39173","Wood","OH",146,65902,125488,"","39173",""
"39175","Wyandot","OH",45,12340,22615,"","39175",""
"40001","Adair","OK",56,11102,22683,"","40001",""
"40003","Alfalfa","OK",30,4021,5642,"","40003",""
"40005","Atoka","OK",54,9718,14182,"","40005",""
"40007","Beaver","OK",27,3367,5636,"","40007",""
"40009","Beckham","OK",55,15071,22119,"","40009",""
"40011","Blaine","OK",51,6249,11943,"","40011",""
"40013","Bryan","OK",95,27713,42416,"","40013",""
"40015","Caddo","OK",114,23176,29600,"","40015",""
"40017","Canadian","OK",134,50792,115541,"","40017",""
"40019","Carter","OK",125,32137,47557,"","40019",""
"40021","Cherokee","OK",82,16092,46987,"","40021",""
"40023","Choctaw","OK",58,16396,15205,"","40023",""
"40025","Cimarron","OK",20,2220,2475,"","40025",""
"40027","Cleveland","OK",237,110195,255755,"","40027",""
"40029","Coal","OK",22,3850,5925,"","40029",""
"40031","Comanche","OK",189,63240,124098,"","40031",""
"40033","Cotton","OK",28,5427,6193,"","40033",""
"40035","Craig","OK",51,9900,15029,"","40035",""
"40037","Creek","OK",134,33815,69967,"","40037",""
"40039","Custer","OK",84,20531,27469,"","40039",""
"40041","Delaware","OK",88,16280,41487,"","40041",""
"40043","Dewey","OK",29,4127,4810,"","40043",""
"40045","Ellis","OK",24,3186,4151,"","40045",""
"40047","Garfield","OK",124,34676,60580,"","40047",""
"40049","Garvin","OK",90,20433,27576,"","40049",""
"40051","Grady","OK",86,24500,52431,"","40051",""
"40053","Grant","OK",31,4295,4527,"","40053",""
"40055","Greer","OK",26,4624,6239,"","40055",""
"40057","Harmon","OK",13,4124,2922,"","40057",""
"40059","Harper","OK",15,3072,3685,"","40059",""
"40061","Haskell","OK",54,7579,12769,"","40061",""
"40063","Hughes","OK",59,7596,14003,"","40063",""
"40065","Jackson","OK",58,14706,26446,"","40065",""
"40067","Jefferson","OK",26,5854,6472,"","40067",""
"40069","Johnston","OK",43,6599,10957,"","40069",""
"40071","Kay","OK",102,28439,46562,"","40071",""
"40073","Kingfisher","OK",39,11487,15034,"","40073",""
"40075","Kiowa","OK",39,7789,9446,"","40075",""
"40077","Latimer","OK",42,7544,11154,"","40077",""
"40079","Le Flore","OK",161,28703,50384,"","40079",""
"40081","Lincoln","OK",85,16813,34273,"","40081",""
"40083","Logan","OK",69,14084,41848,"","40083",""
"40085","Love","OK",23,7420,9423,"","40085",""
"40087","McClain","OK",76,17542,34506,"","40087",""
"40089","McCurtain","OK",135,17959,33151,"","40089",""
"40091","McIntosh","OK",56,8587,20252,"","40091",""
"40093","Major","OK",35,5293,7527,"","40093",""
"40095","Marshall","OK",40,8779,15840,"","40095",""
"40097","Mayes","OK",117,20646,41259,"","40097",""
"40099","Murray","OK",38,7477,13488,"","40099",""
"40101","Muskogee","OK",178,51789,70990,"","40101",""
"40103","Noble","OK",34,7994,11561,"","40103",""
"40105","Nowata","OK",25,3591,10536,"","40105",""
"40107","Okfuskee","OK",37,6084,12191,"","40107",""
"40109","Oklahoma","OK",905,520992,718633,"","40109",""
"40111","Okmulgee","OK",93,26575,40069,"","40111",""
"40113","Osage","OK",80,15979,47472,"","40113",""
"40115","Ottawa","OK",84,23127,31848,"","40115",""
"40117","Pawnee","OK",44,8860,16577,"","40117",""
"40119","Payne","OK",120,37393,77350,"","40119",""
"40121","Pittsburg","OK",135,30689,45837,"","40121",""
"40123","Pontotoc","OK",103,21657,37492,"","40123",""
"40125","Pottawatomie","OK",140,44594,69442,"","40125",""
"40127","Pushmataha","OK",52,7940,11572,"","40127",""
"40129","Roger Mills","OK",23,3588,3647,"","40129",""
"40131","Rogers","OK",116,38468,86905,"","40131",""
"40133","Seminole","OK",89,16029,25482,"","40133",""
"40135","Sequoyah","OK",87,15436,42391,"","40135",""
"40137","Stephens","OK",101,29313,45048,"","40137",""
"40139","Texas","OK",63,11562,20640,"","40139",""
"40141","Tillman","OK",31,7543,7992,"","40141",""
"40143","Tulsa","OK",754,378323,603403,"","40143",""
"40145","Wagoner","OK",75,18886,73085,"","40145",""
"40147","Washington","OK",99,35793,50976,"","40147",""
"40149","Washita","OK",39,7806,11629,"","40149",""
"40151","Woods","OK",34,6063,8878,"","40151",""
"40153","Woodward","OK",47,15080,20081,"","40153",""
"41001","Baker","OR",38,5084,16134,"","41001",""
"41003","Benton","OR",84,22224,85579,"","41003",""
"41005","Clackamas","OR",312,109797,375992,"","41005",""
"41007","Clatsop","OR",56,10202,37039,"","41007",""
"41009","Columbia","OR",71,9823,49351,"","41009",""
"41011","Coos","OR",101,15320,63043,"","41011",""
"41013","Crook","OR",24,4964,20978,"","41013",""
"41015","Curry","OR",43,5581,22364,"","41015",""
"41017","Deschutes","OR",146,40314,157733,"","41017",""
"41019","Douglas","OR",183,29491,107667,"","41019",""
"41021","Gilliam","OR",7,492,1871,"","41021",""
"41023","Grant","OR",28,1839,7445,"","41023",""
"41025","Harney","OR",19,2068,7422,"","41025",""
"41027","Hood River","OR",35,8587,22346,"","41027",""
"41029","Jackson","OR",197,57864,203206,"","41029",""
"41031","Jefferson","OR",30,5763,21720,"","41031",""
"41033","Josephine","OR",90,21499,82713,"","41033",""
"41035","Klamath","OR",99,18330,66380,"","41035",""
"41037","Lake","OR",26,1745,7895,"","41037",""
"41039","Lane","OR",357,87756,351715,"","41039",""
"41041","Lincoln","OR",78,9980,46034,"","41041",""
"41043","Linn","OR",156,32118,116672,"","41043",""
"41045","Malheur","OR",66,18183,31313,"","41045",""
"41047","Marion","OR",289,133875,315335,"","41047",""
"41049","Morrow","OR",27,5419,11173,"","41049",""
"41051","Multnomah","OR",626,263934,735334,"","41051",""
"41053","Polk","OR",85,17903,75403,"","41053",""
"41055","Sherman","OR",7,303,1765,"","41055",""
"41057","Tillamook","OR",37,7080,25250,"","41057",""
"41059","Umatilla","OR",122,29900,75889,"","41059",""
"41061","Union","OR",49,7911,25748,"","41061",""
"41063","Wallowa","OR",25,1976,7008,"","41063",""
"41065","Wasco","OR",39,10310,25213,"","41065",""
"41067","Washington","OR",342,163415,529710,"","41067",""
"41069","Wheeler","OR",7,340,1441,"","41069",""
"41071","Yamhill","OR",125,33403,99193,"","41071",""
"42001","Adams","PA",138,45550,101407,"","42001",""
"42003","Allegheny","PA",1148,740979,1223348,"","42003",""
"42005","Armstrong","PA",154,36756,68941,"","42005",""
"42007","Beaver","PA",232,88734,170539,"","42007",""
"42009","Bedford","PA",152,22368,49762,"","42009",""
"42011","Berks","PA",402,196956,411442,"","42011",""
"42013","Blair","PA",222,66633,127089,"","42013",""
"42015","Bradford","PA",129,23042,62622,"","42015",""
"42017","Bucks","PA",394,429943,625249,"","42017",""
"42019","Butler","PA",227,109133,183862,"","42019",""
"42021","Cambria","PA",247,103114,143679,"","42021",""
"42023","Cameron","PA",17,3502,5085,"","42023",""
"42025","Carbon","PA",89,29400,65249,"","42025",""
"42027","Centre","PA",192,57774,153990,"","42027",""
"42029","Chester","PA",410,315590,498886,"","42029",""
"42031","Clarion","PA",111,22414,39988,"","42031",""
"42033","Clearfield","PA",203,42597,81642,"","42033",""
"42035","Clinton","PA",81,12714,39238,"","42035",""
"42037","Columbia","PA",125,31278,67295,"","42037",""
"42039","Crawford","PA",205,39112,88765,"","42039",""
"42041","Cumberland","PA",288,124182,235406,"","42041",""
"42043","Dauphin","PA",364,128347,268100,"","42043",""
"42045","Delaware","PA",429,358908,558979,"","42045",""
"42047","Elk","PA",46,28351,31946,"","42047",""
"42049","Erie","PA",312,158280,280566,"","42049",""
"42051","Fayette","PA",264,60518,136606,"","42051",""
"42053","Forest","PA",19,2521,7716,"","42053",""
"42055","Franklin","PA",238,51903,149618,"","42055",""
"42057","Fulton","PA",46,4386,14845,"","42057",""
"42059","Greene","PA",96,16186,38686,"","42059",""
"42061","Huntingdon","PA",131,16974,45913,"","42061",""
"42063","Indiana","PA",214,41605,88880,"","42063",""
"42065","Jefferson","PA",144,26611,45200,"","42065",""
"42067","Juniata","PA",68,11153,24636,"","42067",""
"42069","Lackawanna","PA",218,133720,214437,"","42069",""
"42071","Lancaster","PA",810,255121,519445,"","42071",""
"42073","Lawrence","PA",164,53495,91108,"","42073",""
"42075","Lebanon","PA",193,57007,133568,"","42075",""
"42077","Lehigh","PA",296,176420,349497,"","42077",""
"42079","Luzerne","PA",355,189155,320918,"","42079",""
"42081","Lycoming","PA",205,56867,116111,"","42081",""
"42083","McKean","PA",87,20567,43450,"","42083",""
"42085","Mercer","PA",209,66502,116638,"","42085",""
"42087","Mifflin","PA",115,22162,46682,"","42087",""
"42089","Monroe","PA",122,76158,169842,"","42089",""
"42091","Montgomery","PA",633,508577,799874,"","42091",""
"42093","Montour","PA",32,7949,18267,"","42093",""
"42095","Northampton","PA",255,158759,297735,"","42095",""
"42097","Northumberland","PA",187,48645,94528,"","42097",""
"42099","Perry","PA",111,16587,45969,"","42099",""
"42101","Philadelphia","PA",1292,744268,1526006,"","42101",""
"42103","Pike","PA",37,17388,57369,"","42103",""
"42105","Potter","PA",48,6300,17457,"","42105",""
"42107","Schuylkill","PA",283,88280,148289,"","42107",""
"42109","Snyder","PA",89,16842,39702,"","42109",""
"42111","Somerset","PA",209,45952,77742,"","42111",""
"42113","Sullivan","PA",17,1879,6428,"","42113",""
"42115","Susquehanna","PA",84,13776,43356,"","42115",""
"42117","Tioga","PA",111,13230,41981,"","42117",""
"42119","Union","PA",74,15482,44947,"","42119",""
"42121","Venango","PA",138,28868,54984,"","42121",""
"42123","Warren","PA",83,19668,41815,"","42123",""
"42125","Washington","PA",280,103519,207820,"","42125",""
"42127","Wayne","PA",81,27244,52822,"","42127",""
"42129","Westmoreland","PA",468,219820,365169,"","42129",""
"42131","Wyoming","PA",48,11757,28276,"","42131",""
"42133","York","PA",488,168962,434972,"","42133",""
"44001","Bristol","RI",25,41626,49875,"","44001",""
"44003","Kent","RI",86,95151,166158,"","44003",""
"44005","Newport","RI",64,39084,82888,"","44005",""
"44007","Providence","RI",410,341982,626667,"","44007",""
"44009","Washington","RI",92,59076,126979,"","44009",""
"45001","Abbeville","SC",89,16523,25417,"","45001",""
"45003","Aiken","SC",267,96010,160099,"","45003",""
"45005","Allendale","SC",30,4379,10419,"","45005",""
"45007","Anderson","SC",338,121561,187126,"","45007",""
"45009","Bamberg","SC",56,6581,15987,"","45009",""
"45011","Barnwell","SC",65,13116,22621,"","45011",""
"45013","Beaufort","SC",140,60862,162233,"","45013",""
"45015","Berkeley","SC",225,54341,177843,"","45015",""
"45017","Calhoun","SC",41,5692,15175,"","45017",""
"45019","Charleston","SC",477,197883,350209,"","45019",""
"45021","Cherokee","SC",112,34565,55342,"","45021",""
"45023","Chester","SC",109,17560,33140,"","45023",""
"45025","Chesterfield","SC",145,23277,46734,"","45025",""
"45027","Clarendon","SC",102,14511,34971,"","45027",""
"45029","Colleton","SC",131,20999,38892,"","45029",""
"45031","Darlington","SC",145,32187,68681,"","45031",""
"45033","Dillon","SC",88,18319,32062,"","45033",""
"45035","Dorchester","SC",166,56226,136555,"","45035",""
"45037","Edgefield","SC",46,10434,26985,"","45037",""
"45039","Fairfield","SC",83,13817,23956,"","45039",""
"45041","Florence","SC",302,75363,136885,"","45041",""
"45043","Georgetown","SC",145,36759,60158,"","45043",""
"45045","Greenville","SC",629,271911,451225,"","45045",""
"45047","Greenwood","SC",156,43314,69661,"","45047",""
"45049","Hampton","SC",79,11767,21090,"","45049",""
"45051","Horry","SC",372,109924,269291,"","45051",""
"45053","Jasper","SC",36,6964,24777,"","45053",""
"45055","Kershaw","SC",131,32782,61697,"","45055",""
"45057","Lancaster","SC",166,39704,76652,"","45057",""
"45059","Laurens","SC",173,40559,66537,"","45059",""
"45061","Lee","SC",46,6450,19220,"","45061",""
"45063","Lexington","SC",307,126818,262391,"","45063",""
"45065","McCormick","SC",29,4014,10233,"","45065",""
"45067","Marion","SC",80,18145,33062,"","45067",""
"45069","Marlboro","SC",80,10817,28933,"","45069",""
"45071","Newberry","SC",126,23708,37508,"","45071",""
"45073","Oconee","SC",174,42661,74273,"","45073",""
"45075","Orangeburg","SC",236,54908,92501,"","45075",""
"45077","Pickens","SC",194,60188,119224,"","45077",""
"45079","Richland","SC",458,197190,384504,"","45079",""
"45081","Saluda","SC",51,7198,19875,"","45081",""
"45083","Spartanburg","SC",471,156065,284307,"","45083",""
"45085","Sumter","SC",215,60153,107456,"","45085",""
"45087","Union","SC",91,23397,28961,"","45087",""
"45089","Williamsburg","SC",123,21535,34423,"","45089",""
"45091","York","SC",326,112306,226073,"","45091",""
"46003","Aurora","SD",12,2676,2710,"","46003",""
"46005","Beadle","SD",40,10452,17398,"","46005",""
"46007","Bennett","SD",8,1472,3431,"","46007",""
"46009","Bon Homme","SD",26,5254,7070,"","46009",""
"46011","Brookings","SD",56,16939,31965,"","46011",""
"46013","Brown","SD",74,28151,36531,"","46013",""
"46015","Brule","SD",16,4399,5255,"","46015",""
"46017","Buffalo","SD",5,1126,1912,"","46017",""
"46019","Butte","SD",19,3591,10110,"","46019",""
"46021","Campbell","SD",8,970,1466,"","46021",""
"46023","Charles Mix","SD",32,6161,9129,"","46023",""
"46025","Clark","SD",24,2660,3691,"","46025",""
"46027","Clay","SD",24,7434,13864,"","46027",""
"46029","Codington","SD",45,20111,27227,"","46029",""
"46031","Corson","SD",29,2372,4050,"","46031",""
"46033","Custer","SD",23,2784,8216,"","46033",""
"46035","Davison","SD",37,14198,19504,"","46035",""
"46037","Day","SD",28,4880,5710,"","46037",""
"46039","Deuel","SD",19,3225,4364,"","46039",""
"46041","Dewey","SD",34,3510,5301,"","46041",""
"46043","Douglas","SD",18,2861,3002,"","46043",""
"46045","Edmunds","SD",20,2912,4071,"","46045",""
"46047","Fall River","SD",25,3202,7094,"","46047",""
"46049","Faulk","SD",16,1712,2364,"","46049",""
"46051","Grant","SD",24,7787,7356,"","46051",""
"46053","Gregory","SD",24,3024,4271,"","46053",""
"46055","Haakon","SD",12,1625,1937,"","46055",""
"46057","Hamlin","SD",21,2226,5903,"","46057",""
"46059","Hand","SD",13,2295,3431,"","46059",""
"46061","Hanson","SD",12,2014,3331,"","46061",""
"46063","Harding","SD",12,1042,1255,"","46063",""
"46065","Hughes","SD",36,13057,17022,"","46065",""
"46067","Hutchinson","SD",36,6418,7343,"","46067",""
"46069","Hyde","SD",7,2032,1420,"","46069",""
"46071","Jackson","SD",10,1752,3031,"","46071",""
"46073","Jerauld","SD",12,1420,2071,"","46073",""
"46075","Jones","SD",8,509,1006,"","46075",""
"46077","Kingsbury","SD",30,4746,5148,"","46077",""
"46079","Lake","SD",27,7373,11200,"","46079",""
"46081","Lawrence","SD",42,10348,24097,"","46081",""
"46083","Lincoln","SD",50,17255,44828,"","46083",""
"46085","Lyman","SD",16,3736,3755,"","46085",""
"46087","McCook","SD",20,3154,5618,"","46087",""
"46089","McPherson","SD",14,2005,2459,"","46089",""
"46091","Marshall","SD",22,3740,4656,"","46091",""
"46093","Meade","SD",40,6487,25434,"","46093",""
"46095","Mellette","SD",14,864,2048,"","46095",""
"46097","Miner","SD",13,2143,2389,"","46097",""
"46099","Minnehaha","SD",195,105041,169468,"","46099",""
"46101","Moody","SD",19,4260,6486,"","46101",""
"46102","Oglala Lakota","SD",25,4013,13586,"boundary_change_crosswalked","46113","Renamed effective 2015-05-01. Direct one-to-one successor."
"46103","Pennington","SD",119,41612,100948,"","46103",""
"46105","Perkins","SD",23,2959,2982,"","46105",""
"46107","Potter","SD",12,2187,2329,"","46107",""
"46109","Roberts","SD",38,6203,10149,"","46109",""
"46111","Sanborn","SD",8,1550,2355,"","46111",""
"46115","Spink","SD",27,4618,6415,"","46115",""
"46117","Stanley","SD",4,2368,2966,"","46117",""
"46119","Sully","SD",6,774,1373,"","46119",""
"46121","Todd","SD",18,2856,9612,"","46121",""
"46123","Tripp","SD",26,2780,5644,"","46123",""
"46125","Turner","SD",36,5471,8347,"","46125",""
"46127","Union","SD",32,9228,14399,"","46127",""
"46129","Walworth","SD",28,4455,5438,"","46129",""
"46135","Yankton","SD",35,15152,22438,"","46135",""
"46137","Ziebach","SD",15,1201,2801,"","46137",""
"47001","Anderson","TN",129,49351,75129,"","47001",""
"47003","Bedford","TN",102,20125,45058,"","47003",""
"47005","Benton","TN",56,8772,16489,"","47005",""
"47007","Bledsoe","TN",31,2921,12876,"","47007",""
"47009","Blount","TN",186,70799,123010,"","47009",""
"47011","Bradley","TN",179,59798,98963,"","47011",""
"47013","Campbell","TN",72,14854,40716,"","47013",""
"47015","Cannon","TN",48,6094,13801,"","47015",""
"47017","Carroll","TN",82,15440,28522,"","47017",""
"47019","Carter","TN",116,26891,57424,"","47019",""
"47021","Cheatham","TN",69,13074,39105,"","47021",""
"47023","Chester","TN",49,8730,17131,"","47023",""
"47025","Claiborne","TN",93,19564,32213,"","47025",""
"47027","Clay","TN",31,3450,7861,"","47027",""
"47029","Cocke","TN",94,15639,35662,"","47029",""
"47031","Coffee","TN",112,27532,52796,"","47031",""
"47033","Crockett","TN",61,10307,14586,"","47033",""
"47035","Cumberland","TN",113,27869,56053,"","47035",""
"47037","Davidson","TN",782,365223,626681,"","47037",""
"47039","Decatur","TN",53,6567,11757,"","47039",""
"47041","DeKalb","TN",66,9755,18723,"","47041",""
"47043","Dickson","TN",110,20944,49666,"","47043",""
"47045","Dyer","TN",104,21599,38335,"","47045",""
"47047","Fayette","TN",80,13554,38413,"","47047",""
"47049","Fentress","TN",36,6216,17959,"","47049",""
"47051","Franklin","TN",107,20311,41052,"","47051",""
"47053","Gibson","TN",182,33997,49683,"","47053",""
"47055","Giles","TN",115,19676,29485,"","47055",""
"47057","Grainger","TN",60,11966,22657,"","47057",""
"47059","Greene","TN",188,33460,68831,"","47059",""
"47061","Grundy","TN",47,4330,13703,"","47061",""
"47063","Hamblen","TN",119,41616,62544,"","47063",""
"47065","Hamilton","TN",527,202960,336463,"","47065",""
"47067","Hancock","TN",37,5795,6819,"","47067",""
"47069","Hardeman","TN",89,15712,27253,"","47069",""
"47071","Hardin","TN",79,14898,26026,"","47071",""
"47073","Hawkins","TN",156,31544,56833,"","47073",""
"47075","Haywood","TN",58,10674,18787,"","47075",""
"47077","Henderson","TN",65,13034,27769,"","47077",""
"47079","Henry","TN",104,20761,32330,"","47079",""
"47081","Hickman","TN",78,9389,24690,"","47081",""
"47083","Houston","TN",30,3633,8426,"","47083",""
"47085","Humphreys","TN",62,11052,18538,"","47085",""
"47087","Jackson","TN",49,3458,11638,"","47087",""
"47089","Jefferson","TN",111,27585,51407,"","47089",""
"47091","Johnson","TN",54,9063,18244,"","47091",""
"47093","Knox","TN",553,271980,432226,"","47093",""
"47095","Lake","TN",24,3935,7832,"","47095",""
"47097","Lauderdale","TN",80,13147,27815,"","47097",""
"47099","Lawrence","TN",132,25823,41869,"","47099",""
"47101","Lewis","TN",42,5104,12161,"","47101",""
"47103","Lincoln","TN",120,22912,33361,"","47103",""
"47105","Loudon","TN",100,31124,48556,"","47105",""
"47107","McMinn","TN",144,39071,52266,"","47107",""
"47109","McNairy","TN",93,13991,26075,"","47109",""
"47111","Macon","TN",37,5770,22248,"","47111",""
"47113","Madison","TN",191,64402,98294,"","47113",""
"47115","Marion","TN",75,10102,28237,"","47115",""
"47117","Marshall","TN",86,17395,30617,"","47117",""
"47119","Maury","TN",190,38353,80956,"","47119",""
"47121","Meigs","TN",31,6160,11753,"","47121",""
"47123","Monroe","TN",112,28369,44519,"","47123",""
"47125","Montgomery","TN",206,81396,172331,"","47125",""
"47127","Moore","TN",17,2206,6362,"","47127",""
"47129","Morgan","TN",44,9339,21987,"","47129",""
"47131","Obion","TN",126,23202,31807,"","47131",""
"47133","Overton","TN",60,8068,22083,"","47133",""
"47135","Perry","TN",24,3347,7915,"","47135",""
"47137","Pickett","TN",14,2095,5077,"","47137",""
"47139","Polk","TN",60,11492,16825,"","47139",""
"47141","Putnam","TN",152,39571,72321,"","47141",""
"47143","Rhea","TN",82,15691,31809,"","47143",""
"47145","Roane","TN",124,34385,54181,"","47145",""
"47147","Robertson","TN",124,35142,66283,"","47147",""
"47149","Rutherford","TN",275,100847,262604,"","47149",""
"47151","Scott","TN",29,6419,22228,"","47151",""
"47153","Sequatchie","TN",33,6035,14112,"","47153",""
"47155","Sevier","TN",147,46589,89889,"","47155",""
"47157","Shelby","TN",1026,588132,927644,"","47157",""
"47159","Smith","TN",46,6417,19166,"","47159",""
"47161","Stewart","TN",58,7143,13324,"","47161",""
"47163","Sullivan","TN",297,87742,156823,"","47163",""
"47165","Sumner","TN",179,73385,160645,"","47165",""
"47167","Tipton","TN",116,25614,61081,"","47167",""
"47169","Trousdale","TN",20,2661,7870,"","47169",""
"47171","Unicoi","TN",44,8446,18313,"","47171",""
"47173","Union","TN",27,6800,19109,"","47173",""
"47175","Van Buren","TN",23,1729,5548,"","47175",""
"47177","Warren","TN",125,21764,39839,"","47177",""
"47179","Washington","TN",247,69909,122979,"","47179",""
"47181","Wayne","TN",63,6670,17021,"","47181",""
"47183","Weakley","TN",119,23377,35021,"","47183",""
"47185","White","TN",89,12054,25841,"","47185",""
"47187","Williamson","TN",200,113633,183182,"","47187",""
"47189","Wilson","TN",165,53425,113993,"","47189",""
"48001","Anderson","TX",114,29066,58458,"","48001",""
"48003","Andrews","TX",29,8793,14786,"","48003",""
"48005","Angelina","TX",156,57290,86771,"","48005",""
"48007","Aransas","TX",29,10400,23158,"","48007",""
"48009","Archer","TX",23,5868,9054,"","48009",""
"48011","Armstrong","TX",6,1474,1901,"","48011",""
"48013","Atascosa","TX",72,24063,44911,"","48013",""
"48015","Austin","TX",55,18651,28417,"","48015",""
"48017","Bailey","TX",16,5194,7165,"","48017",""
"48019","Bandera","TX",37,9168,20485,"","48019",""
"48021","Bastrop","TX",109,29061,74171,"","48021",""
"48023","Baylor","TX",15,3307,3726,"","48023",""
"48025","Bee","TX",52,22994,31861,"","48025",""
"48027","Bell","TX",316,146711,310235,"","48027",""
"48029","Bexar","TX",1189,967735,1714773,"","48029",""
"48031","Blanco","TX",19,4381,10497,"","48031",""
"48033","Borden","TX",4,449,641,"","48033",""
"48035","Bosque","TX",59,9977,18212,"","48035",""
"48037","Bowie","TX",198,56686,92565,"","48037",""
"48039","Brazoria","TX",315,178462,313166,"","48039",""
"48041","Brazos","TX",156,80197,194851,"","48041",""
"48043","Brewster","TX",24,4283,9232,"","48043",""
"48045","Briscoe","TX",10,1550,1637,"","48045",""
"48047","Brooks","TX",16,5952,7223,"","48047",""
"48049","Brown","TX",96,30211,38106,"","48049",""
"48051","Burleson","TX",39,8088,17187,"","48051",""
"48053","Burnet","TX",78,21167,42750,"","48053",""
"48055","Caldwell","TX",63,16296,38066,"","48055",""
"48057","Calhoun","TX",41,11926,21381,"","48057",""
"48059","Callahan","TX",36,8186,13544,"","48059",""
"48061","Cameron","TX",328,202006,406220,"","48061",""
"48063","Camp","TX",38,8648,12401,"","48063",""
"48065","Carson","TX",19,4801,6182,"","48065",""
"48067","Cass","TX",111,23282,30464,"","48067",""
"48069","Castro","TX",20,5379,8062,"","48069",""
"48071","Chambers","TX",43,10503,35096,"","48071",""
"48073","Cherokee","TX",127,29483,50845,"","48073",""
"48075","Childress","TX",16,2943,7041,"","48075",""
"48077","Clay","TX",26,6307,10752,"","48077",""
"48079","Cochran","TX",15,2307,3127,"","48079",""
"48081","Coke","TX",13,2328,3320,"","48081",""
"48083","Coleman","TX",46,5798,8895,"","48083",""
"48085","Collin","TX",485,410214,782341,"","48085",""
"48087","Collingsworth","TX",16,3190,3057,"","48087",""
"48089","Colorado","TX",48,12401,20874,"","48089",""
"48091","Comal","TX",109,53968,108472,"","48091",""
"48093","Comanche","TX",54,8869,13974,"","48093",""
"48095","Concho","TX",15,997,4087,"","48095",""
"48097","Cooke","TX",82,23524,38437,"","48097",""
"48099","Coryell","TX",104,32555,75388,"","48099",""
"48101","Cottle","TX",9,1488,1505,"","48101",""
"48103","Crane","TX",10,2357,4375,"","48103",""
"48105","Crockett","TX",11,2462,3719,"","48105",""
"48107","Crosby","TX",25,5132,6059,"","48107",""
"48109","Culberson","TX",9,1467,2398,"","48109",""
"48111","Dallam","TX",25,4641,6703,"","48111",""
"48113","Dallas","TX",2336,1455158,2368139,"","48113",""
"48115","Dawson","TX",39,9803,13833,"","48115",""
"48117","Deaf Smith","TX",39,16261,19372,"","48117",""
"48119","Delta","TX",24,3358,5231,"","48119",""
"48121","Denton","TX",436,266302,662614,"","48121",""
"48123","DeWitt","TX",46,10319,20097,"","48123",""
"48125","Dickens","TX",14,1670,2444,"","48125",""
"48127","Dimmit","TX",19,10588,9996,"","48127",""
"48129","Donley","TX",14,2335,3677,"","48129",""
"48131","Duval","TX",18,8341,11782,"","48131",""
"48133","Eastland","TX",79,15277,18583,"","48133",""
"48135","Ector","TX",167,72110,137130,"","48135",""
"48137","Edwards","TX",13,1529,2002,"","48137",""
"48139","Ellis","TX",225,77746,149610,"","48139",""
"48141","El Paso","TX",485,462176,800647,"","48141",""
"48143","Erath","TX",77,21321,37890,"","48143",""
"48145","Falls","TX",55,8440,17866,"","48145",""
"48147","Fannin","TX",114,21084,33915,"","48147",""
"48149","Fayette","TX",64,18806,24554,"","48149",""
"48151","Fisher","TX",17,3653,3974,"","48151",""
"48153","Floyd","TX",23,5028,6446,"","48153",""
"48155","Foard","TX",9,1392,1336,"","48155",""
"48157","Fort Bend","TX",347,236412,585375,"","48157",""
"48159","Franklin","TX",23,4381,10605,"","48159",""
"48161","Freestone","TX",47,8986,19816,"","48161",""
"48163","Frio","TX",24,10121,17217,"","48163",""
"48165","Gaines","TX",31,10944,17526,"","48165",""
"48167","Galveston","TX",299,157705,291309,"","48167",""
"48169","Garza","TX",19,2794,6461,"","48169",""
"48171","Gillespie","TX",43,14872,24837,"","48171",""
"48173","Glasscock","TX",4,638,1226,"","48173",""
"48175","Goliad","TX",21,4466,7210,"","48175",""
"48177","Gonzales","TX",48,11292,19807,"","48177",""
"48179","Gray","TX",54,20285,22535,"","48179",""
"48181","Grayson","TX",233,71633,120877,"","48181",""
"48183","Gregg","TX",254,99479,121730,"","48183",""
"48185","Grimes","TX",47,13008,26604,"","48185",""
"48187","Guadalupe","TX",105,44694,131533,"","48187",""
"48189","Hale","TX",88,33500,36273,"","48189",""
"48191","Hall","TX",16,2190,3353,"","48191",""
"48193","Hamilton","TX",29,5009,8517,"","48193",""
"48195","Hansford","TX",19,4713,5613,"","48195",""
"48197","Hardeman","TX",15,3873,4139,"","48197",""
"48199","Hardin","TX",99,29882,54635,"","48199",""
"48201","Harris","TX",3031,2389775,4092459,"","48201",""
"48203","Harrison","TX",141,38852,65631,"","48203",""
"48205","Hartley","TX",9,1814,6062,"","48205",""
"48207","Haskell","TX",30,6056,5899,"","48207",""
"48209","Hays","TX",124,76673,157107,"","48209",""
"48211","Hemphill","TX",11,2984,3807,"","48211",""
"48213","Henderson","TX",158,40050,78532,"","48213",""
"48215","Hidalgo","TX",677,377462,774769,"","48215",""
"48217","Hill","TX",105,18821,35089,"","48217",""
"48219","Hockley","TX",55,17442,22935,"","48219",""
"48221","Hood","TX",67,29107,51182,"","48221",""
"48223","Hopkins","TX",88,22274,35161,"","48223",""
"48225","Houston","TX",87,12561,23732,"","48225",""
"48227","Howard","TX",66,19901,35012,"","48227",""
"48229","Hudspeth","TX",10,1768,3476,"","48229",""
"48231","Hunt","TX",188,43877,86129,"","48231",""
"48233","Hutchinson","TX",58,15161,22150,"","48233",""
"48235","Irion","TX",6,1209,1599,"","48235",""
"48237","Jack","TX",34,4282,9044,"","48237",""
"48239","Jackson","TX",36,10148,14075,"","48239",""
"48241","Jasper","TX",85,23988,35710,"","48241",""
"48243","Jeff Davis","TX",10,1121,2342,"","48243",""
"48245","Jefferson","TX",388,195963,252273,"","48245",""
"48247","Jim Hogg","TX",10,5046,5300,"","48247",""
"48249","Jim Wells","TX",53,26717,40838,"","48249",""
"48251","Johnson","TX",194,68100,150934,"","48251",""
"48253","Jones","TX",48,9223,20202,"","48253",""
"48255","Karnes","TX",40,8185,14824,"","48255",""
"48257","Kaufman","TX",144,49198,103350,"","48257",""
"48259","Kendall","TX",39,17148,33410,"","48259",""
"48261","Kenedy","TX",2,125,416,"","48261",""
"48263","Kent","TX",5,758,808,"","48263",""
"48265","Kerr","TX",76,26643,49625,"","48265",""
"48267","Kimble","TX",16,3154,4607,"","48267",""
"48269","King","TX",4,257,286,"","48269",""
"48271","Kinney","TX",11,2347,3598,"","48271",""
"48273","Kleberg","TX",46,21536,32061,"","48273",""
"48275","Knox","TX",24,3306,3719,"","48275",""
"48277","Lamar","TX",129,28822,49793,"","48277",""
"48279","Lamb","TX",45,12045,13977,"","48279",""
"48281","Lampasas","TX",39,6141,19677,"","48281",""
"48283","La Salle","TX",11,5538,6886,"","48283",""
"48285","Lavaca","TX",53,19810,19263,"","48285",""
"48287","Lee","TX",35,10021,16612,"","48287",""
"48289","Leon","TX",57,10224,16801,"","48289",""
"48291","Liberty","TX",121,39096,75643,"","48291",""
"48293","Limestone","TX",75,13361,23384,"","48293",""
"48295","Lipscomb","TX",15,2146,3302,"","48295",""
"48297","Live Oak","TX",26,7508,11531,"","48297",""
"48299","Llano","TX",40,8429,19301,"","48299",""
"48301","Loving","TX",1,6,82,"","48301",""
"48303","Lubbock","TX",340,160539,278831,"","48303",""
"48305","Lynn","TX",23,4885,5915,"","48305",""
"48307","McCulloch","TX",32,4695,8283,"","48307",""
"48309","McLennan","TX",378,144257,234906,"","48309",""
"48311","McMullen","TX",2,433,707,"","48311",""
"48313","Madison","TX",36,7353,13664,"","48313",""
"48315","Marion","TX",32,3639,10546,"","48315",""
"48317","Martin","TX",13,3043,4799,"","48317",""
"48319","Mason","TX",13,2853,4012,"","48319",""
"48321","Matagorda","TX",86,22247,36702,"","48321",""
"48323","Maverick","TX",46,18687,54258,"","48323",""
"48325","Medina","TX",57,22508,46006,"","48325",""
"48327","Menard","TX",10,1165,2242,"","48327",""
"48329","Midland","TX",148,97922,136872,"","48329",""
"48331","Milam","TX",87,15206,24757,"","48331",""
"48333","Mills","TX",20,4138,4936,"","48333",""
"48335","Mitchell","TX",25,5571,9403,"","48335",""
"48337","Montague","TX",70,9794,19719,"","48337",""
"48339","Montgomery","TX",334,227784,455746,"","48339",""
"48341","Moore","TX",50,13403,21904,"","48341",""
"48343","Morris","TX",45,8191,12934,"","48343",""
"48345","Motley","TX",9,1007,1210,"","48345",""
"48347","Nacogdoches","TX",122,33265,64524,"","48347",""
"48349","Navarro","TX",117,25219,47735,"","48349",""
"48351","Newton","TX",40,5057,14445,"","48351",""
"48353","Nolan","TX",45,10503,15216,"","48353",""
"48355","Nueces","TX",353,205612,340223,"","48355",""
"48357","Ochiltree","TX",27,7049,10223,"","48357",""
"48359","Oldham","TX",8,1283,2052,"","48359",""
"48361","Orange","TX",130,51091,81837,"","48361",""
"48363","Palo Pinto","TX",78,15822,28111,"","48363",""
"48365","Panola","TX",71,11628,23796,"","48365",""
"48367","Parker","TX",167,64563,116927,"","48367",""
"48369","Parmer","TX",29,7869,10269,"","48369",""
"48371","Pecos","TX",37,7215,15507,"","48371",""
"48373","Polk","TX",72,14911,45413,"","48373",""
"48375","Potter","TX",175,93488,121073,"","48375",""
"48377","Presidio","TX",20,4004,7818,"","48377",""
"48379","Rains","TX",26,4387,10914,"","48379",""
"48381","Randall","TX",100,70770,120725,"","48381",""
"48383","Reagan","TX",10,2887,3367,"","48383",""
"48385","Real","TX",11,2274,3309,"","48385",""
"48387","Red River","TX",59,6553,12860,"","48387",""
"48389","Reeves","TX",30,7736,13783,"","48389",""
"48391","Refugio","TX",34,5754,7383,"","48391",""
"48393","Roberts","TX",4,621,929,"","48393",""
"48395","Robertson","TX",47,9151,16622,"","48395",""
"48397","Rockwall","TX",73,64136,78337,"","48397",""
"48399","Runnels","TX",41,9335,10501,"","48399",""
"48401","Rusk","TX",115,24894,53330,"","48401",""
"48403","Sabine","TX",33,5394,10834,"","48403",""
"48405","San Augustine","TX",28,4581,8865,"","48405",""
"48407","San Jacinto","TX",39,6384,26384,"","48407",""
"48409","San Patricio","TX",122,40377,64804,"","48409",""
"48411","San Saba","TX",24,3953,6131,"","48411",""
"48413","Schleicher","TX",11,1880,3461,"","48413",""
"48415","Scurry","TX",44,11051,16921,"","48415",""
"48417","Shackelford","TX",19,2782,3378,"","48417",""
"48419","Shelby","TX",94,13699,25448,"","48419",""
"48421","Sherman","TX",10,2201,3034,"","48421",""
"48423","Smith","TX",373,148908,209714,"","48423",""
"48425","Somervell","TX",19,3482,8490,"","48425",""
"48427","Starr","TX",47,30462,60968,"","48427",""
"48429","Stephens","TX",28,7443,9630,"","48429",""
"48431","Sterling","TX",6,872,1143,"","48431",""
"48433","Stonewall","TX",9,1396,1490,"","48433",""
"48435","Sutton","TX",12,3118,4128,"","48435",""
"48437","Swisher","TX",31,6091,7854,"","48437",""
"48439","Tarrant","TX",1695,998849,1809034,"","48439",""
"48441","Taylor","TX",212,87067,131506,"","48441",""
"48443","Terrell","TX",8,1079,984,"","48443",""
"48445","Terry","TX",34,7648,12651,"","48445",""
"48447","Throckmorton","TX",10,1628,1641,"","48447",""
"48449","Titus","TX",78,26758,32334,"","48449",""
"48451","Tom Green","TX",144,66473,110224,"","48451",""
"48453","Travis","TX",670,473364,1024266,"","48453",""
"48455","Trinity","TX",48,9623,14585,"","48455",""
"48457","Tyler","TX",59,12900,21766,"","48457",""
"48459","Upshur","TX",83,19134,39309,"","48459",""
"48461","Upton","TX",14,2360,3355,"","48461",""
"48463","Uvalde","TX",52,20591,26405,"","48463",""
"48465","Val Verde","TX",47,18723,48879,"","48465",""
"48467","Van Zandt","TX",110,25260,52579,"","48467",""
"48469","Victoria","TX",106,65456,86793,"","48469",""
"48471","Walker","TX",78,28766,67861,"","48471",""
"48473","Waller","TX",54,14544,43205,"","48473",""
"48475","Ward","TX",31,6741,10658,"","48475",""
"48477","Washington","TX",72,23310,33718,"","48477",""
"48479","Webb","TX",138,147243,250304,"","48479",""
"48481","Wharton","TX",84,33492,41280,"","48481",""
"48483","Wheeler","TX",22,2348,5410,"","48483",""
"48485","Wichita","TX",211,88146,131500,"","48485",""
"48487","Wilbarger","TX",39,11194,13535,"","48487",""
"48489","Willacy","TX",38,13767,22134,"","48489",""
"48491","Williamson","TX",300,158412,422679,"","48491",""
"48493","Wilson","TX",44,19673,42918,"","48493",""
"48495","Winkler","TX",21,5234,7110,"","48495",""
"48497","Wise","TX",115,24379,59127,"","48497",""
"48499","Wood","TX",90,24336,41964,"","48499",""
"48501","Yoakum","TX",21,6441,7879,"","48501",""
"48503","Young","TX",65,15474,18550,"","48503",""
"48505","Zapata","TX",17,4294,14018,"","48505",""
"48507","Zavala","TX",15,4997,11677,"","48507",""
"49001","Beaver","UT",18,5146,6629,"","49001",""
"49003","Box Elder","UT",120,45125,49975,"","49003",""
"49005","Cache","UT",312,98851,112656,"","49005",""
"49007","Carbon","UT",54,17110,21403,"","49007",""
"49009","Daggett","UT",3,695,1059,"","49009",""
"49011","Davis","UT",599,252450,306479,"","49011",""
"49013","Duchesne","UT",42,14528,18607,"","49013",""
"49015","Emery","UT",28,8991,10976,"","49015",""
"49017","Garfield","UT",17,3856,5172,"","49017",""
"49019","Grand","UT",22,4961,9225,"","49019",""
"49021","Iron","UT",114,35770,46163,"","49021",""
"49023","Juab","UT",21,8551,10246,"","49023",""
"49025","Kane","UT",24,4750,7125,"","49025",""
"49027","Millard","UT",38,10379,12503,"","49027",""
"49029","Morgan","UT",23,8487,9469,"","49029",""
"49031","Piute","UT",3,1036,1556,"","49031",""
"49033","Rich","UT",6,1992,2264,"","49033",""
"49035","Salt Lake","UT",1671,754089,1029655,"","49035",""
"49037","San Juan","UT",37,7422,14746,"","49037",""
"49039","Sanpete","UT",73,22272,27822,"","49039",""
"49041","Sevier","UT",49,18250,20802,"","49041",""
"49043","Summit","UT",45,20907,36324,"","49043",""
"49045","Tooele","UT",106,51144,58218,"","49045",""
"49047","Uintah","UT",65,23328,32588,"","49047",""
"49049","Utah","UT",1340,469813,516564,"","49049",""
"49051","Wasatch","UT",45,15692,23530,"","49051",""
"49053","Washington","UT",276,104505,138115,"","49053",""
"49055","Wayne","UT",8,2184,2778,"","49055",""
"49057","Weber","UT",398,174119,231236,"","49057",""
"50001","Addison","VT",52,10744,36821,"","50001",""
"50003","Bennington","VT",51,12930,37125,"","50003",""
"50005","Caledonia","VT",62,10433,31227,"","50005",""
"50007","Chittenden","VT",126,61199,156545,"","50007",""
"50009","Essex","VT",13,982,6306,"","50009",""
"50011","Franklin","VT",54,20701,47746,"","50011",""
"50013","Grand Isle","VT",10,3275,6970,"","50013",""
"50015","Lamoille","VT",31,4628,24475,"","50015",""
"50017","Orange","VT",51,4145,28936,"","50017",""
"50019","Orleans","VT",53,7942,27231,"","50019",""
"50021","Rutland","VT",97,23636,61642,"","50021",""
"50023","Washington","VT",89,20984,59534,"","50023",""
"50025","Windham","VT",71,13838,44513,"","50025",""
"50027","Windsor","VT",94,14954,56670,"","50027",""
"51001","Accomack","VA",96,13974,33164,"","51001",""
"51003","Albemarle","VA",108,24809,98970,"","51003",""
"51005","Alleghany","VA",40,5614,16250,"boundary_change_crosswalked","51005, 51560","Reverted from independent city to town and absorbed into Alleghany County effective 2001-07-01. Direct successor for the join."
"51007","Amelia","VA",31,4583,12690,"","51007",""
"51009","Amherst","VA",61,13339,32353,"","51009",""
"51011","Appomattox","VA",34,5613,14973,"","51011",""
"51013","Arlington","VA",113,64834,207627,"","51013",""
"51015","Augusta","VA",129,28087,73750,"","51015",""
"51017","Bath","VA",18,2465,4731,"","51017",""
"51019","Bedford","VA",126,32834,74898,"boundary_change_crosswalked","51019, 51515","Reverted from independent city to town and absorbed into Bedford County effective 2013-07-01. Direct successor for the join."
"51021","Bland","VA",34,2099,6824,"","51021",""
"51023","Botetourt","VA",80,15553,33148,"","51023",""
"51025","Brunswick","VA",56,7518,17434,"","51025",""
"51027","Buchanan","VA",42,5694,24098,"","51027",""
"51029","Buckingham","VA",36,3465,17146,"","51029",""
"51031","Campbell","VA",98,22334,54842,"","51031",""
"51033","Caroline","VA",37,9601,28545,"","51033",""
"51035","Carroll","VA",74,10470,30042,"","51035",""
"51036","Charles City","VA",9,3540,7256,"","51036",""
"51037","Charlotte","VA",48,7721,12586,"","51037",""
"51041","Chesterfield","VA",262,122814,316236,"","51041",""
"51043","Clarke","VA",28,5594,14034,"","51043",""
"51045","Craig","VA",14,2369,5190,"","51045",""
"51047","Culpeper","VA",67,16830,46689,"","51047",""
"51049","Cumberland","VA",18,2806,10052,"","51049",""
"51051","Dickenson","VA",23,2116,15903,"","51051",""
"51053","Dinwiddie","VA",45,7471,28001,"","51053",""
"51057","Essex","VA",26,4601,11151,"","51057",""
"51059","Fairfax","VA",627,486358,1081726,"","51059",""
"51061","Fauquier","VA",101,29384,65203,"","51061",""
"51063","Floyd","VA",53,5444,15279,"","51063",""
"51065","Fluvanna","VA",26,5645,25691,"","51065",""
"51067","Franklin","VA",105,24209,56159,"","51067",""
"51069","Frederick","VA",100,25979,78305,"","51069",""
"51071","Giles","VA",71,8664,17286,"","51071",""
"51073","Gloucester","VA",47,15228,36858,"","51073",""
"51075","Goochland","VA",36,14306,21717,"","51075",""
"51077","Grayson","VA",58,7285,15533,"","51077",""
"51079","Greene","VA",26,3552,18403,"","51079",""
"51081","Greensville","VA",26,2731,12243,"","51081",""
"51083","Halifax","VA",111,24727,36241,"","51083",""
"51085","Hanover","VA",117,48936,99863,"","51085",""
"51087","Henrico","VA",229,156372,306935,"","51087",""
"51089","Henry","VA",119,26006,54151,"","51089",""
"51091","Highland","VA",20,1412,2321,"","51091",""
"51093","Isle of Wight","VA",58,13954,35270,"","51093",""
"51095","James City","VA",43,26384,67009,"","51095",""
"51097","King and Queen","VA",17,2186,6945,"","51097",""
"51099","King George","VA",29,7774,23584,"","51099",""
"51101","King William","VA",31,6828,15935,"","51101",""
"51103","Lancaster","VA",33,7219,11391,"","51103",""
"51105","Lee","VA",109,14003,25587,"","51105",""
"51107","Loudoun","VA",176,119821,312311,"","51107",""
"51109","Louisa","VA",56,10060,33153,"","51109",""
"51111","Lunenburg","VA",28,3716,12914,"","51111",""
"51113","Madison","VA",36,5032,13308,"","51113",""
"51115","Mathews","VA",25,4823,8978,"","51115",""
"51117","Mecklenburg","VA",92,14710,32727,"","51117",""
"51119","Middlesex","VA",19,4363,10959,"","51119",""
"51121","Montgomery","VA",145,33479,94392,"","51121",""
"51125","Nelson","VA",45,7721,15020,"","51125",""
"51127","New Kent","VA",19,5606,18429,"","51127",""
"51131","Northampton","VA",36,5337,12389,"","51131",""
"51133","Northumberland","VA",34,4930,12330,"","51133",""
"51135","Nottoway","VA",44,6561,15853,"","51135",""
"51137","Orange","VA",56,11947,33481,"","51137",""
"51139","Page","VA",55,8162,24042,"","51139",""
"51141","Patrick","VA",70,7822,18490,"","51141",""
"51143","Pittsylvania","VA",125,23318,63506,"","51143",""
"51145","Powhatan","VA",33,9478,28046,"","51145",""
"51147","Prince Edward","VA",44,6058,23368,"","51147",""
"51149","Prince George","VA",32,12042,35725,"","51149",""
"51153","Prince William","VA",198,145168,402002,"","51153",""
"51155","Pulaski","VA",91,14283,34872,"","51155",""
"51157","Rappahannock","VA",18,2658,7373,"","51157",""
"51159","Richmond","VA",24,4873,9254,"","51159",""
"51161","Roanoke","VA",102,35637,92376,"","51161",""
"51163","Rockbridge","VA",46,6579,22307,"","51163",""
"51165","Rockingham","VA",160,31261,76314,"","51165",""
"51167","Russell","VA",70,8936,28897,"","51167",""
"51169","Scott","VA",71,9790,23177,"","51169",""
"51171","Shenandoah","VA",113,19454,41993,"","51171",""
"51173","Smyth","VA",91,12436,32208,"","51173",""
"51175","Southampton","VA",40,7312,18570,"","51175",""
"51177","Spotsylvania","VA",81,47114,122397,"","51177",""
"51179","Stafford","VA",95,34247,128961,"","51179",""
"51181","Surry","VA",23,2406,7058,"","51181",""
"51183","Sussex","VA",28,4429,12087,"","51183",""
"51185","Tazewell","VA",141,17015,45078,"","51185",""
"51187","Warren","VA",48,12326,37575,"","51187",""
"51191","Washington","VA",123,23590,54876,"","51191",""
"51193","Westmoreland","VA",30,7154,17454,"","51193",""
"51195","Wise","VA",106,12186,41452,"","51195",""
"51197","Wythe","VA",118,14685,29235,"","51197",""
"51199","York","VA",48,24873,65464,"","51199",""
"51510","Alexandria","VA",95,63951,139966,"","51510",""
"51520","Bristol","VA",56,16420,17835,"","51520",""
"51530","Buena Vista","VA",23,4435,6650,"","51530",""
"51540","Charlottesville","VA",71,35467,43475,"","51540",""
"51550","Chesapeake","VA",204,85878,222209,"","51550",""
"51570","Colonial Heights","VA",27,19200,17411,"","51570",""
"51580","Covington","VA",38,6763,5961,"","51580",""
"51590","Danville","VA",100,30886,43055,"","51590",""
"51595","Emporia","VA",19,4484,5927,"","51595",""
"51600","Fairfax","VA",44,27537,22565,"","51600",""
"51610","Falls Church","VA",21,17240,12332,"","51610",""
"51620","Franklin","VA",23,5105,8582,"","51620",""
"51630","Fredericksburg","VA",75,46741,24286,"","51630",""
"51640","Galax","VA",30,5410,7042,"","51640",""
"51650","Hampton","VA",145,64677,137436,"","51650",""
"51660","Harrisonburg","VA",67,24834,48914,"","51660",""
"51670","Hopewell","VA",44,11599,22591,"","51670",""
"51678","Lexington","VA",28,5341,7042,"","51678",""
"51680","Lynchburg","VA",136,72781,75568,"","51680",""
"51683","Manassas","VA",40,48956,37821,"","51683",""
"51685","Manassas Park","VA",11,4060,14273,"","51685",""
"51690","Martinsville","VA",67,10984,13821,"","51690",""
"51700","Newport News","VA",164,67384,180719,"","51700",""
"51710","Norfolk","VA",268,110587,242803,"","51710",""
"51720","Norton","VA",12,1842,3958,"","51720",""
"51730","Petersburg","VA",80,26073,32420,"","51730",""
"51735","Poquoson","VA",10,5011,12150,"","51735",""
"51740","Portsmouth","VA",118,42889,95535,"","51740",""
"51750","Radford","VA",34,6112,16408,"","51750",""
"51760","Richmond","VA",275,152613,204214,"","51760",""
"51770","Roanoke","VA",184,71413,97032,"","51770",""
"51775","Salem","VA",53,17627,24802,"","51775",""
"51790","Staunton","VA",66,15812,23746,"","51790",""
"51800","Suffolk","VA",89,27532,84585,"","51800",""
"51810","Virginia Beach","VA",265,164875,437994,"","51810",""
"51820","Waynesboro","VA",53,13229,21006,"","51820",""
"51830","Williamsburg","VA",19,12100,14068,"","51830",""
"51840","Winchester","VA",54,22012,26203,"","51840",""
"53001","Adams","WA",42,8011,18728,"","53001",""
"53003","Asotin","WA",34,7437,21623,"","53003",""
"53005","Benton","WA",162,73805,175177,"","53005",""
"53007","Chelan","WA",96,34779,72453,"","53007",""
"53009","Clallam","WA",94,20906,71404,"","53009",""
"53011","Clark","WA",300,120961,425363,"","53011",""
"53013","Columbia","WA",14,1099,4078,"","53013",""
"53015","Cowlitz","WA",118,35680,102410,"","53015",""
"53017","Douglas","WA",46,14214,38431,"","53017",""
"53019","Ferry","WA",19,2005,7551,"","53019",""
"53021","Franklin","WA",82,27509,78163,"","53021",""
"53023","Garfield","WA",5,1361,2266,"","53023",""
"53025","Grant","WA",131,34708,89120,"","53025",""
"53027","Grays Harbor","WA",105,21650,72797,"","53027",""
"53029","Island","WA",70,18261,78506,"","53029",""
"53031","Jefferson","WA",42,7474,29872,"","53031",""
"53033","King","WA",1459,726669,1931249,"","53033",""
"53035","Kitsap","WA",207,66031,251133,"","53035",""
"53037","Kittitas","WA",49,11546,40915,"","53037",""
"53039","Klickitat","WA",38,5916,20318,"","53039",""
"53041","Lewis","WA",112,28321,75455,"","53041",""
"53043","Lincoln","WA",35,4403,10570,"","53043",""
"53045","Mason","WA",48,16947,60699,"","53045",""
"53047","Okanogan","WA",86,13257,41120,"","53047",""
"53049","Pacific","WA",42,6308,20920,"","53049",""
"53051","Pend Oreille","WA",24,2395,13001,"","53051",""
"53053","Pierce","WA",644,280373,795225,"","53053",""
"53055","San Juan","WA",27,4845,15769,"","53055",""
"53057","Skagit","WA",136,46497,116901,"","53057",""
"53059","Skamania","WA",15,1881,11066,"","53059",""
"53061","Snohomish","WA",514,219008,713335,"","53061",""
"53063","Spokane","WA",416,174289,471221,"","53063",""
"53065","Stevens","WA",71,11731,43531,"","53065",""
"53067","Thurston","WA",206,72938,252264,"","53067",""
"53069","Wahkiakum","WA",13,1202,3978,"","53069",""
"53071","Walla Walla","WA",75,23768,58781,"","53071",""
"53073","Whatcom","WA",185,58182,201140,"","53073",""
"53075","Whitman","WA",74,13442,44776,"","53075",""
"53077","Yakima","WA",278,108196,243231,"","53077",""
"54001","Barbour","WV",65,4534,16589,"","54001",""
"54003","Berkeley","WV",118,32298,104169,"","54003",""
"54005","Boone","WV",68,5759,24629,"","54005",""
"54007","Braxton","WV",55,4380,14523,"","54007",""
"54009","Brooke","WV",46,8578,24069,"","54009",""
"54011","Cabell","WV",156,37771,96319,"","54011",""
"54013","Calhoun","WV",23,1798,7627,"","54013",""
"54015","Clay","WV",31,2576,9386,"","54015",""
"54017","Doddridge","WV",27,2167,8202,"","54017",""
"54019","Fayette","WV",136,15085,46039,"","54019",""
"54021","Gilmer","WV",33,2397,8693,"","54021",""
"54023","Grant","WV",44,5173,11937,"","54023",""
"54025","Greenbrier","WV",123,14628,35480,"","54025",""
"54027","Hampshire","WV",67,7078,23964,"","54027",""
"54029","Hancock","WV",59,16630,30676,"","54029",""
"54031","Hardy","WV",58,6001,14025,"","54031",""
"54033","Harrison","WV",158,34866,69099,"","54033",""
"54035","Jackson","WV",62,8966,29211,"","54035",""
"54037","Jefferson","WV",73,17554,53498,"","54037",""
"54039","Kanawha","WV",368,72386,193063,"","54039",""
"54041","Lewis","WV",53,5246,16372,"","54041",""
"54043","Lincoln","WV",57,4382,21720,"","54043",""
"54045","Logan","WV",100,8369,36743,"","54045",""
"54047","McDowell","WV",97,4833,22113,"","54047",""
"54049","Marion","WV",141,25478,56418,"","54049",""
"54051","Marshall","WV",74,14186,33107,"","54051",""
"54053","Mason","WV",56,6316,27324,"","54053",""
"54055","Mercer","WV",166,25920,62264,"","54055",""
"54057","Mineral","WV",86,11576,28212,"","54057",""
"54059","Mingo","WV",79,7576,26839,"","54059",""
"54061","Monongalia","WV",134,26802,96189,"","54061",""
"54063","Monroe","WV",60,4882,13502,"","54063",""
"54065","Morgan","WV",36,4593,17541,"","54065",""
"54067","Nicholas","WV",89,8635,26233,"","54067",""
"54069","Ohio","WV",77,28045,44443,"","54069",""
"54071","Pendleton","WV",51,4002,7695,"","54071",""
"54073","Pleasants","WV",32,2551,7605,"","54073",""
"54075","Pocahontas","WV",50,2688,8719,"","54075",""
"54077","Preston","WV",106,8794,33520,"","54077",""
"54079","Putnam","WV",74,17905,55486,"","54079",""
"54081","Raleigh","WV",146,24166,78859,"","54081",""
"54083","Randolph","WV",80,11009,29405,"","54083",""
"54085","Ritchie","WV",49,3865,10449,"","54085",""
"54087","Roane","WV",43,3187,14926,"","54087",""
"54089","Summers","WV",34,2432,13927,"","54089",""
"54091","Taylor","WV",46,4848,16895,"","54091",""
"54093","Tucker","WV",39,3076,7141,"","54093",""
"54095","Tyler","WV",35,2442,9208,"","54095",""
"54097","Upshur","WV",77,7200,24254,"","54097",""
"54099","Wayne","WV",86,12384,42481,"","54099",""
"54101","Webster","WV",25,1932,9154,"","54101",""
"54103","Wetzel","WV",70,7742,16583,"","54103",""
"54105","Wirt","WV",19,1621,5717,"","54105",""
"54107","Wood","WV",184,39519,86956,"","54107",""
"54109","Wyoming","WV",92,9486,23796,"","54109",""
"55001","Adams","WI",21,4339,20875,"","55001",""
"55003","Ashland","WI",37,9997,16157,"","55003",""
"55005","Barron","WI",81,26014,45870,"","55005",""
"55007","Bayfield","WI",35,6204,15014,"","55007",""
"55009","Brown","WI",167,166233,248007,"","55009",""
"55011","Buffalo","WI",35,8769,13587,"","55011",""
"55013","Burnett","WI",32,5372,15457,"","55013",""
"55015","Calumet","WI",31,22604,48971,"","55015",""
"55017","Chippewa","WI",87,29361,62415,"","55017",""
"55019","Clark","WI",80,20117,34690,"","55019",""
"55021","Columbia","WI",90,31383,56833,"","55021",""
"55023","Crawford","WI",38,9385,16644,"","55023",""
"55025","Dane","WI",351,224083,488073,"","55025",""
"55027","Dodge","WI",109,44822,88759,"","55027",""
"55029","Door","WI",53,19261,27785,"","55029",""
"55031","Douglas","WI",55,21420,44159,"","55031",""
"55033","Dunn","WI",74,21146,43857,"","55033",""
"55035","Eau Claire","WI",109,55646,98736,"","55035",""
"55037","Florence","WI",9,1847,4423,"","55037",""
"55039","Fond du Lac","WI",98,58230,101633,"","55039",""
"55041","Forest","WI",23,4384,9304,"","55041",""
"55043","Grant","WI",103,33092,51208,"","55043",""
"55045","Green","WI",47,15416,36842,"","55045",""
"55047","Green Lake","WI",41,12945,19051,"","55047",""
"55049","Iowa","WI",45,11601,23687,"","55049",""
"55051","Iron","WI",12,2742,5916,"","55051",""
"55053","Jackson","WI",40,9164,20449,"","55053",""
"55055","Jefferson","WI",98,52947,83686,"","55055",""
"55057","Juneau","WI",40,12417,26664,"","55057",""
"55059","Kenosha","WI",114,62000,166426,"","55059",""
"55061","Kewaunee","WI",23,14534,20574,"","55061",""
"55063","La Crosse","WI",111,67392,114638,"","55063",""
"55065","Lafayette","WI",53,11546,16836,"","55065",""
"55067","Langlade","WI",39,13072,19977,"","55067",""
"55069","Lincoln","WI",47,19054,28743,"","55069",""
"55071","Manitowoc","WI",81,57839,81442,"","55071",""
"55073","Marathon","WI",149,86961,134063,"","55073",""
"55075","Marinette","WI",67,20125,41749,"","55075",""
"55077","Marquette","WI",33,7386,15404,"","55077",""
"55078","Menominee","WI",4,2993,4232,"","55078",""
"55079","Milwaukee","WI",744,439526,947735,"","55079",""
"55081","Monroe","WI",75,22932,44673,"","55081",""
"55083","Oconto","WI",50,18036,37660,"","55083",""
"55085","Oneida","WI",56,20613,35998,"","55085",""
"55087","Outagamie","WI",139,129228,176695,"","55087",""
"55089","Ozaukee","WI",70,54896,86395,"","55089",""
"55091","Pepin","WI",20,4661,7469,"","55091",""
"55093","Pierce","WI",57,19518,41019,"","55093",""
"55095","Polk","WI",85,20937,44205,"","55095",""
"55097","Portage","WI",74,40989,70019,"","55097",""
"55099","Price","WI",35,8174,14159,"","55099",""
"55101","Racine","WI",177,91876,195408,"","55101",""
"55103","Richland","WI",36,6536,18021,"","55103",""
"55105","Rock","WI",157,75831,160331,"","55105",""
"55107","Rusk","WI",44,7506,14755,"","55107",""
"55109","St. Croix","WI",78,42581,84345,"","55109",""
"55111","Sauk","WI",81,31295,61976,"","55111",""
"55113","Sawyer","WI",37,7613,16557,"","55113",""
"55115","Shawano","WI",81,23809,41949,"","55115",""
"55117","Sheboygan","WI",134,68389,115507,"","55117",""
"55119","Taylor","WI",37,15363,20689,"","55119",""
"55121","Trempealeau","WI",53,21219,28816,"","55121",""
"55123","Vernon","WI",83,18315,29773,"","55123",""
"55125","Vilas","WI",37,7696,21430,"","55125",""
"55127","Walworth","WI",105,44588,102228,"","55127",""
"55129","Washburn","WI",38,8123,15911,"","55129",""
"55131","Washington","WI",100,77163,131887,"","55131",""
"55133","Waukesha","WI",272,234739,389891,"","55133",""
"55135","Waupaca","WI",90,34034,52410,"","55135",""
"55137","Waushara","WI",41,12445,24496,"","55137",""
"55139","Winnebago","WI",130,82833,166994,"","55139",""
"55141","Wood","WI",100,52135,74749,"","55141",""
"56001","Albany","WY",53,13072,36299,"","56001",""
"56003","Big Horn","WY",36,5747,11668,"","56003",""
"56005","Campbell","WY",43,16240,46133,"","56005",""
"56007","Carbon","WY",45,5715,15885,"","56007",""
"56009","Converse","WY",25,3870,13833,"","56009",""
"56011","Crook","WY",19,1867,7083,"","56011",""
"56013","Fremont","WY",88,13193,40123,"","56013",""
"56015","Goshen","WY",22,4083,13249,"","56015",""
"56017","Hot Springs","WY",13,2021,4812,"","56017",""
"56019","Johnson","WY",22,3785,8569,"","56019",""
"56021","Laramie","WY",107,36606,91738,"","56021",""
"56023","Lincoln","WY",50,11412,18106,"","56023",""
"56025","Natrona","WY",80,27780,75450,"","56025",""
"56027","Niobrara","WY",11,743,2484,"","56027",""
"56029","Park","WY",63,12431,28205,"","56029",""
"56031","Platte","WY",26,3210,8667,"","56031",""
"56033","Sheridan","WY",51,12581,29116,"","56033",""
"56035","Sublette","WY",18,3406,10247,"","56035",""
"56037","Sweetwater","WY",66,20905,43806,"","56037",""
"56039","Teton","WY",20,5544,21294,"","56039",""
"56041","Uinta","WY",47,12815,21118,"","56041",""
"56043","Washakie","WY",25,4026,8533,"","56043",""
"56045","Weston","WY",18,2022,7208,"","56045",""
