"fips","name","state","cng","adh","pop","quality_flag","original_fips","crosswalk_note"
"01001","Autauga","AL",40,9814,24460,"wave_coverage_differs","01001",""
"01003","Baldwin","AL",118,28151,59382,"wave_coverage_differs","01003",""
"01005","Barbour","AL",56,11081,22543,"wave_coverage_differs","01005",""
"01007","Bibb","AL",53,7770,13812,"wave_coverage_differs","01007",""
"01009","Blount","AL",107,18320,26853,"wave_coverage_differs","01009",""
"01011","Bullock","AL",19,2859,11824,"wave_coverage_differs","01011",""
"01013","Butler","AL",68,9974,22007,"wave_coverage_differs","01013",""
"01015","Calhoun","AL",152,51410,103092,"wave_coverage_differs","01015",""
"01017","Chambers","AL",96,22052,36356,"wave_coverage_differs","01017",""
"01019","Cherokee","AL",78,10272,15606,"wave_coverage_differs","01019",""
"01021","Chilton","AL",80,16561,25180,"wave_coverage_differs","01021",""
"01023","Choctaw","AL",61,6357,16589,"wave_coverage_differs","01023",""
"01025","Clarke","AL",78,14091,26724,"wave_coverage_differs","01025",""
"01027","Clay","AL",64,9415,12636,"wave_coverage_differs","01027",""
"01029","Cleburne","AL",53,9063,10996,"wave_coverage_differs","01029",""
"01031","Coffee","AL",67,20602,34872,"wave_coverage_differs","01031",""
"01033","Colbert","AL",78,23642,49632,"wave_coverage_differs","01033",""
"01035","Conecuh","AL",54,6744,15645,"wave_coverage_differs","01035",""
"01037","Coosa","AL",49,6265,10662,"wave_coverage_differs","01037",""
"01039","Covington","AL",92,20765,34079,"wave_coverage_differs","01039",""
"01041","Crenshaw","AL",49,6169,13188,"wave_coverage_differs","01041",""
"01043","Cullman","AL",167,37693,52445,"wave_coverage_differs","01043",""
"01045","Dale","AL",67,17004,52938,"wave_coverage_differs","01045",""
"01047","Dallas","AL",63,18716,55296,"wave_coverage_differs","01047",""
"01049","DeKalb","AL",134,24996,41981,"wave_coverage_differs","01049",""
"01051","Elmore","AL",73,16379,33535,"wave_coverage_differs","01051",""
"01053","Escambia","AL",79,16283,34906,"wave_coverage_differs","01053",""
"01055","Etowah","AL",168,58242,94144,"wave_coverage_differs","01055",""
"01057","Fayette","AL",52,7112,16252,"wave_coverage_differs","01057",""
"01059","Franklin","AL",50,9639,23933,"wave_coverage_differs","01059",""
"01061","Geneva","AL",62,12890,21924,"wave_coverage_differs","01061",""
"01063","Greene","AL",30,3066,10650,"wave_coverage_differs","01063",""
"01065","Hale","AL",45,5700,15888,"wave_coverage_differs","01065",""
"01067","Henry","AL",28,6936,13254,"wave_coverage_differs","01067",""
"01069","Houston","AL",80,31391,56574,"wave_coverage_differs","01069",""
"01071","Jackson","AL",108,16541,39202,"wave_coverage_differs","01071",""
"01073","Jefferson","AL",602,285950,644991,"wave_coverage_differs","01073",""
"01075","Lamar","AL",56,6215,14335,"wave_coverage_differs","01075",""
"01077","Lauderdale","AL",100,26742,68111,"wave_coverage_differs","01077",""
"01079","Lawrence","AL",51,11157,27281,"wave_coverage_differs","01079",""
"01081","Lee","AL",69,22673,61268,"wave_coverage_differs","01081",""
"01083","Limestone","AL",60,13969,41699,"wave_coverage_differs","01083",""
"01085","Lowndes","AL",36,2722,12897,"wave_coverage_differs","01085",""
"01087","Macon","AL",29,4713,24841,"wave_coverage_differs","01087",""
"01089","Madison","AL",164,78822,186540,"wave_coverage_differs","01089",""
"01091","Marengo","AL",58,9830,23819,"wave_coverage_differs","01091",""
"01093","Marion","AL",47,8359,23788,"wave_coverage_differs","01093",""
"01095","Marshall","AL",123,32853,54211,"wave_coverage_differs","01095",""
"01097","Mobile","AL",259,140866,317308,"wave_coverage_differs","01097",""
"01099","Monroe","AL",50,10250,20883,"wave_coverage_differs","01099",""
"01101","Montgomery","AL",126,71125,167790,"wave_coverage_differs","01101",""
"01103","Morgan","AL",127,44470,77306,"wave_coverage_differs","01103",""
"01105","Perry","AL",35,5326,15388,"wave_coverage_differs","01105",""
"01107","Pickens","AL",61,9357,20326,"wave_coverage_differs","01107",""
"01109","Pike","AL",58,12154,25038,"wave_coverage_differs","01109",""
"01111","Randolph","AL",86,11558,18331,"wave_coverage_differs","01111",""
"01113","Russell","AL",54,15738,45394,"wave_coverage_differs","01113",""
"01115","St. Clair","AL",98,17842,27956,"wave_coverage_differs","01115",""
"01117","Shelby","AL",89,18362,38037,"wave_coverage_differs","01117",""
"01119","Sumter","AL",45,4255,16974,"wave_coverage_differs","01119",""
"01121","Talladega","AL",122,33382,65280,"wave_coverage_differs","01121",""
"01123","Tallapoosa","AL",86,19486,33840,"wave_coverage_differs","01123",""
"01125","Tuscaloosa","AL",161,52399,116029,"wave_coverage_differs","01125",""
"01127","Walker","AL",137,25272,56246,"wave_coverage_differs","01127",""
"01129","Washington","AL",59,7556,16241,"wave_coverage_differs","01129",""
"01131","Wilcox","AL",44,5307,16303,"wave_coverage_differs","01131",""
"01133","Winston","AL",61,10204,16654,"wave_coverage_differs","01133",""
"02013","Aleutians East","AK",,,,"wave_coverage_differs","02013",""
"02016","Aleutians West","AK",2,1000,8057,"wave_coverage_differs;boundary_change_crosswalked","02010","Aleutian Islands split before the 1990 county layout. The old row is mapped to Aleutians West; Aleutians East already appears as 02013 in these source waves."
"02020","Anchorage","AK",77,51929,124542,"wave_coverage_differs","02020",""
"02050","Bethel","AK",6,1856,7579,"wave_coverage_differs","02050",""
"02060","Bristol Bay","AK",4,253,1147,"wave_coverage_differs","02060",""
"02063","Chugach","AK",,,,"wave_coverage_differs;boundary_change_crosswalked","02261","Split 2019-01-02 into Chugach Census Area (02063) and Copper River Census Area (02066). Mapped to 02063 for the join; Copper River's earlier total remains folded into the mapped row."
"02070","Dillingham","AK",2,75,3485,"wave_coverage_differs","02070",""
"02090","Fairbanks North Star","AK",29,12763,45864,"wave_coverage_differs","02090",""
"02100","Haines","AK",4,342,1504,"wave_coverage_differs","02100",""
"02105","Hoonah-Angoon","AK",,,,"wave_coverage_differs;boundary_change_crosswalked","02231","Renamed Skagway-Hoonah-Angoon in 1992 after Yakutat became a separate borough (02282), then reconstituted as Hoonah-Angoon in 2007 after Skagway became its own municipality (02230). Mapped to 02105 for the join."
"02110","Juneau","AK",18,4566,13556,"wave_coverage_differs","02110",""
"02122","Kenai Peninsula","AK",,,,"wave_coverage_differs","02122",""
"02130","Ketchikan Gateway","AK",14,3563,10041,"wave_coverage_differs","02130",""
"02150","Kodiak Island","AK",6,1081,9409,"wave_coverage_differs","02150",""
"02158","Kusilvak","AK",12,3425,3917,"wave_coverage_differs;boundary_change_crosswalked","02270","Renamed effective 2015-07-01. Direct one-to-one successor."
"02164","Lake and Peninsula","AK",,,,"wave_coverage_differs","02164",""
"02170","Matanuska-Susitna","AK",12,2042,6509,"wave_coverage_differs","02170",""
"02180","Nome","AK",15,2942,5749,"wave_coverage_differs","02180",""
"02185","North Slope","AK",,,,"wave_coverage_differs","02185",""
"02188","Northwest Arctic","AK",,,,"wave_coverage_differs","02188",""
"02195","Petersburg","AK",13,1919,4913,"wave_coverage_differs;boundary_change_crosswalked","02280","Split 2013-01-03 into Petersburg Borough (02195) and Wrangell City and Borough (02275). Mapped to 02195 for the join; a population share belongs with 02275."
"02198","Prince of Wales-Hyder","AK",,,,"wave_coverage_differs;boundary_change_crosswalked","02201","Split 2008-05-19: Outer Ketchikan portion annexed by Ketchikan Gateway Borough (02130), Meyers Chuck portion into Wrangell City and Borough (02275), remainder renamed Prince of Wales-Hyder. Mapped whole to 02198 for the county join; a small population share is technically in 02130/02275."
"02220","Sitka","AK",9,1540,6109,"wave_coverage_differs","02220",""
"02240","Southeast Fairbanks","AK",8,935,4179,"wave_coverage_differs","02240",""
"02290","Yukon-Koyukuk","AK",14,2046,4752,"wave_coverage_differs","02290",""
"04001","Apache","AZ",30,14225,32298,"wave_coverage_differs","04001",""
"04003","Cochise","AZ",76,26817,61910,"wave_coverage_differs","04003",""
"04005","Coconino","AZ",44,17992,48326,"wave_coverage_differs","04005",""
"04007","Gila","AZ",40,13986,29255,"wave_coverage_differs","04007",""
"04009","Graham","AZ",11,5361,16578,"wave_coverage_differs","04009",""
"04011","Greenlee","AZ",12,7590,10330,"wave_coverage_differs","04011",""
"04012","La Paz","AZ",,,,"wave_coverage_differs","04012",""
"04013","Maricopa","AZ",477,374595,967522,"wave_coverage_differs","04013",""
"04015","Mohave","AZ",28,10241,25857,"wave_coverage_differs","04015",""
"04017","Navajo","AZ",50,11974,47715,"wave_coverage_differs","04017",""
"04019","Pima","AZ",196,163363,351667,"wave_coverage_differs","04019",""
"04021","Pinal","AZ",88,35655,67916,"wave_coverage_differs","04021",""
"04023","Santa Cruz","AZ",12,9430,13966,"wave_coverage_differs","04023",""
"04025","Yavapai","AZ",51,20418,36733,"wave_coverage_differs","04025",""
"04027","Yuma","AZ",41,20195,60827,"wave_coverage_differs","04027",""
"05001","Arkansas","AR",44,12012,23347,"wave_coverage_differs","05001",""
"05003","Ashley","AR",42,11806,24976,"wave_coverage_differs","05003",""
"05005","Baxter","AR",33,6711,15319,"wave_coverage_differs","05005",""
"05007","Benton","AR",101,22420,50476,"wave_coverage_differs","05007",""
"05009","Boone","AR",49,8956,19073,"wave_coverage_differs","05009",""
"05011","Bradley","AR",33,6661,12778,"wave_coverage_differs","05011",""
"05013","Calhoun","AR",18,2189,5573,"wave_coverage_differs","05013",""
"05015","Carroll","AR",27,4395,12301,"wave_coverage_differs","05015",""
"05017","Chicot","AR",25,6620,18164,"wave_coverage_differs","05017",""
"05019","Clark","AR",59,11384,21537,"wave_coverage_differs","05019",""
"05021","Clay","AR",49,8118,18771,"wave_coverage_differs","05021",""
"05023","Cleburne","AR",35,5100,10349,"wave_coverage_differs","05023",""
"05025","Cleveland","AR",22,2569,6605,"wave_coverage_differs","05025",""
"05027","Columbia","AR",57,12609,25952,"wave_coverage_differs","05027",""
"05029","Conway","AR",33,5844,16805,"wave_coverage_differs","05029",""
"05031","Craighead","AR",98,29980,52068,"wave_coverage_differs","05031",""
"05033","Crawford","AR",45,9312,25677,"wave_coverage_differs","05033",""
"05035","Crittenden","AR",33,13982,48106,"wave_coverage_differs","05035",""
"05037","Cross","AR",38,8697,19783,"wave_coverage_differs","05037",""
"05039","Dallas","AR",37,4714,10022,"wave_coverage_differs","05039",""
"05041","Desha","AR",27,7984,18761,"wave_coverage_differs","05041",""
"05043","Drew","AR",32,6371,15157,"wave_coverage_differs","05043",""
"05045","Faulkner","AR",69,15980,31572,"wave_coverage_differs","05045",""
"05047","Franklin","AR",31,5602,11301,"wave_coverage_differs","05047",""
"05049","Fulton","AR",22,2295,7699,"wave_coverage_differs","05049",""
"05051","Garland","AR",59,25615,54131,"wave_coverage_differs","05051",""
"05053","Grant","AR",16,2547,9711,"wave_coverage_differs","05053",""
"05055","Greene","AR",64,13381,24765,"wave_coverage_differs","05055",""
"05057","Hempstead","AR",50,9106,19308,"wave_coverage_differs","05057",""
"05059","Hot Spring","AR",28,5093,21963,"wave_coverage_differs","05059",""
"05061","Howard","AR",36,5478,11412,"wave_coverage_differs","05061",""
"05063","Independence","AR",63,11343,22723,"wave_coverage_differs","05063",""
"05065","Izard","AR",34,3696,7381,"wave_coverage_differs","05065",""
"05067","Jackson","AR",29,6249,20452,"wave_coverage_differs","05067",""
"05069","Jefferson","AR",73,32808,85329,"wave_coverage_differs","05069",""
"05071","Johnson","AR",33,5434,13630,"wave_coverage_differs","05071",""
"05073","Lafayette","AR",26,4725,10018,"wave_coverage_differs","05073",""
"05075","Lawrence","AR",30,5248,16320,"wave_coverage_differs","05075",""
"05077","Lee","AR",18,4284,18884,"wave_coverage_differs","05077",""
"05079","Lincoln","AR",22,4032,12913,"wave_coverage_differs","05079",""
"05081","Little River","AR",27,4372,11194,"wave_coverage_differs","05081",""
"05083","Logan","AR",46,9174,16789,"wave_coverage_differs","05083",""
"05085","Lonoke","AR",65,12816,26249,"wave_coverage_differs","05085",""
"05087","Madison","AR",15,1284,9453,"wave_coverage_differs","05087",""
"05089","Marion","AR",19,2701,7000,"wave_coverage_differs","05089",""
"05091","Miller","AR",52,15278,33385,"wave_coverage_differs","05091",""
"05093","Mississippi","AR",87,29196,62060,"wave_coverage_differs","05093",""
"05095","Monroe","AR",19,4469,15657,"wave_coverage_differs","05095",""
"05097","Montgomery","AR",23,2253,5821,"wave_coverage_differs","05097",""
"05099","Nevada","AR",32,4746,10111,"wave_coverage_differs","05099",""
"05101","Newton","AR",9,893,5844,"wave_coverage_differs","05101",""
"05103","Ouachita","AR",62,14091,30896,"wave_coverage_differs","05103",""
"05105","Perry","AR",22,2361,5634,"wave_coverage_differs","05105",""
"05107","Phillips","AR",37,13676,40046,"wave_coverage_differs","05107",""
"05109","Pike","AR",19,2261,8711,"wave_coverage_differs","05109",""
"05111","Poinsett","AR",57,12746,26822,"wave_coverage_differs","05111",""
"05113","Polk","AR",46,7146,13297,"wave_coverage_differs","05113",""
"05115","Pope","AR",50,10018,28607,"wave_coverage_differs","05115",""
"05117","Prairie","AR",21,3843,10249,"wave_coverage_differs","05117",""
"05119","Pulaski","AR",236,139195,287189,"wave_coverage_differs","05119",""
"05121","Randolph","AR",23,4784,12645,"wave_coverage_differs","05121",""
"05123","St. Francis","AR",46,12151,30799,"wave_coverage_differs","05123",""
"05125","Saline","AR",42,11687,36107,"wave_coverage_differs","05125",""
"05127","Scott","AR",32,4311,8207,"wave_coverage_differs","05127",""
"05129","Searcy","AR",12,1746,7731,"wave_coverage_differs","05129",""
"05131","Sebastian","AR",102,50226,79237,"wave_coverage_differs","05131",""
"05133","Sevier","AR",35,5560,11272,"wave_coverage_differs","05133",""
"05135","Sharp","AR",32,3296,8233,"wave_coverage_differs","05135",""
"05137","Stone","AR",13,1443,6838,"wave_coverage_differs","05137",""
"05139","Union","AR",82,27920,45428,"wave_coverage_differs","05139",""
"05141","Van Buren","AR",23,3376,8275,"wave_coverage_differs","05141",""
"05143","Washington","AR",119,32264,77370,"wave_coverage_differs","05143",""
"05145","White","AR",89,15576,39253,"wave_coverage_differs","05145",""
"05147","Woodruff","AR",28,5663,11566,"wave_coverage_differs","05147",""
"05149","Yell","AR",39,5074,14208,"wave_coverage_differs","05149",""
"06001","Alameda","CA",331,322577,1073184,"wave_coverage_differs","06001",""
"06003","Alpine","CA",0,0,484,"wave_coverage_differs","06003",""
"06005","Amador","CA",14,2796,11821,"wave_coverage_differs","06005",""
"06007","Butte","CA",63,23971,101969,"wave_coverage_differs","06007",""
"06009","Calaveras","CA",22,3003,13585,"wave_coverage_differs","06009",""
"06011","Colusa","CA",20,5087,12430,"wave_coverage_differs","06011",""
"06013","Contra Costa","CA",224,183702,558389,"wave_coverage_differs","06013",""
"06015","Del Norte","CA",13,3447,14580,"wave_coverage_differs","06015",""
"06017","El Dorado","CA",26,7943,43833,"wave_coverage_differs","06017",""
"06019","Fresno","CA",248,158093,413053,"wave_coverage_differs","06019",""
"06021","Glenn","CA",23,6081,17521,"wave_coverage_differs","06021",""
"06023","Humboldt","CA",94,31079,99692,"wave_coverage_differs","06023",""
"06025","Imperial","CA",50,28030,74492,"wave_coverage_differs","06025",""
"06027","Inyo","CA",19,4675,15571,"wave_coverage_differs","06027",""
"06029","Kern","CA",223,119640,329162,"wave_coverage_differs","06029",""
"06031","Kings","CA",53,22224,64610,"wave_coverage_differs","06031",""
"06033","Lake","CA",39,4660,19548,"wave_coverage_differs","06033",""
"06035","Lassen","CA",19,5737,14960,"wave_coverage_differs","06035",""
"06037","Los Angeles","CA",1838,2080207,7032075,"wave_coverage_differs","06037",""
"06039","Madera","CA",36,15777,41519,"wave_coverage_differs","06039",""
"06041","Marin","CA",90,66847,206038,"wave_coverage_differs","06041",""
"06043","Mariposa","CA",9,1088,6015,"wave_coverage_differs","06043",""
"06045","Mendocino","CA",56,13971,51101,"wave_coverage_differs","06045",""
"06047","Merced","CA",72,44511,104629,"wave_coverage_differs","06047",""
"06049","Modoc","CA",12,1271,7469,"wave_coverage_differs","06049",""
"06051","Mono","CA",7,230,4016,"wave_coverage_differs","06051",""
"06053","Monterey","CA",99,68820,250071,"wave_coverage_differs","06053",""
"06055","Napa","CA",45,26728,79140,"wave_coverage_differs","06055",""
"06057","Nevada","CA",24,6981,26346,"wave_coverage_differs","06057",""
"06059","Orange","CA",391,489233,1420386,"wave_coverage_differs","06059",""
"06061","Placer","CA",64,22260,77306,"wave_coverage_differs","06061",""
"06063","Plumas","CA",19,2808,11707,"wave_coverage_differs","06063",""
"06065","Riverside","CA",241,147621,459074,"wave_coverage_differs","06065",""
"06067","Sacramento","CA",248,196581,631498,"wave_coverage_differs","06067",""
"06069","San Benito","CA",9,4495,18226,"wave_coverage_differs","06069",""
"06071","San Bernardino","CA",354,240856,684072,"wave_coverage_differs","06071",""
"06073","San Diego","CA",433,452300,1357854,"wave_coverage_differs","06073",""
"06075","San Francisco","CA",192,234380,715674,"wave_coverage_differs","06075",""
"06077","San Joaquin","CA",144,101824,290208,"wave_coverage_differs","06077",""
"06079","San Luis Obispo","CA",75,33440,105690,"wave_coverage_differs","06079",""
"06081","San Mateo","CA",175,187642,556234,"wave_coverage_differs","06081",""
"06083","Santa Barbara","CA",100,85780,264324,"wave_coverage_differs","06083",""
"06085","Santa Clara","CA",276,335674,1064714,"wave_coverage_differs","06085",""
"06087","Santa Cruz","CA",72,38582,123790,"wave_coverage_differs","06087",""
"06089","Shasta","CA",42,15088,77640,"wave_coverage_differs","06089",""
"06091","Sierra","CA",6,394,2365,"wave_coverage_differs","06091",""
"06093","Siskiyou","CA",48,10294,33225,"wave_coverage_differs","06093",""
"06095","Solano","CA",66,48961,169941,"wave_coverage_differs","06095",""
"06097","Sonoma","CA",110,57139,204885,"wave_coverage_differs","06097",""
"06099","Stanislaus","CA",123,64706,194506,"wave_coverage_differs","06099",""
"06101","Sutter","CA",25,10502,41935,"wave_coverage_differs","06101",""
"06103","Tehama","CA",26,7008,29517,"wave_coverage_differs","06103",""
"06105","Trinity","CA",9,789,7615,"wave_coverage_differs","06105",""
"06107","Tulare","CA",151,72786,188322,"wave_coverage_differs","06107",""
"06109","Tuolumne","CA",25,4545,22169,"wave_coverage_differs","06109",""
"06111","Ventura","CA",150,133780,376430,"wave_coverage_differs","06111",""
"06113","Yolo","CA",47,35065,91788,"wave_coverage_differs","06113",""
"06115","Yuba","CA",23,9341,44736,"wave_coverage_differs","06115",""
"08001","Adams","CO",86,81184,185789,"wave_coverage_differs","08001",""
"08003","Alamosa","CO",11,5677,11422,"wave_coverage_differs","08003",""
"08005","Arapahoe","CO",78,58494,162142,"wave_coverage_differs","08005",""
"08007","Archuleta","CO",7,1408,2733,"wave_coverage_differs","08007",""
"08009","Baca","CO",14,1365,5674,"wave_coverage_differs","08009",""
"08011","Bent","CO",13,3266,6493,"wave_coverage_differs","08011",""
"08013","Boulder","CO",86,55993,131889,"wave_coverage_differs","08013",""
"08015","Chaffee","CO",15,4375,10162,"wave_coverage_differs","08015",""
"08017","Cheyenne","CO",9,1473,2396,"wave_coverage_differs","08017",""
"08019","Clear Creek","CO",10,1261,4819,"wave_coverage_differs","08019",""
"08021","Conejos","CO",14,4197,7846,"wave_coverage_differs","08021",""
"08023","Costilla","CO",14,2169,3091,"wave_coverage_differs","08023",""
"08025","Crowley","CO",10,1611,3086,"wave_coverage_differs","08025",""
"08027","Custer","CO",5,580,1120,"wave_coverage_differs","08027",""
"08029","Delta","CO",27,5387,15286,"wave_coverage_differs","08029",""
"08031","Denver","CO",215,189475,514678,"wave_coverage_differs","08031",""
"08033","Dolores","CO",4,356,1641,"wave_coverage_differs","08033",""
"08035","Douglas","CO",11,2613,8407,"wave_coverage_differs","08035",""
"08037","Eagle","CO",9,860,7498,"wave_coverage_differs","08037",""
"08039","Elbert","CO",9,1042,3903,"wave_coverage_differs","08039",""
"08041","El Paso","CO",122,88516,235972,"wave_coverage_differs","08041",""
"08043","Fremont","CO",29,10258,21942,"wave_coverage_differs","08043",""
"08045","Garfield","CO",27,4429,14821,"wave_coverage_differs","08045",""
"08047","Gilpin","CO",2,56,1272,"wave_coverage_differs","08047",""
"08049","Grand","CO",8,802,4107,"wave_coverage_differs","08049",""
"08051","Gunnison","CO",7,1289,7578,"wave_coverage_differs","08051",""
"08053","Hinsdale","CO",1,31,202,"wave_coverage_differs","08053",""
"08055","Huerfano","CO",12,4110,6590,"wave_coverage_differs","08055",""
"08057","Jackson","CO",2,361,1811,"wave_coverage_differs","08057",""
"08059","Jefferson","CO",93,89523,233031,"wave_coverage_differs","08059",""
"08061","Kiowa","CO",6,707,2029,"wave_coverage_differs","08061",""
"08063","Kit Carson","CO",25,4420,7530,"wave_coverage_differs","08063",""
"08065","Lake","CO",7,4834,8282,"wave_coverage_differs","08065",""
"08067","La Plata","CO",20,6253,19199,"wave_coverage_differs","08067",""
"08069","Larimer","CO",61,34209,89900,"wave_coverage_differs","08069",""
"08071","Las Animas","CO",28,7920,15744,"wave_coverage_differs","08071",""
"08073","Lincoln","CO",23,3696,4836,"wave_coverage_differs","08073",""
"08075","Logan","CO",28,11293,18852,"wave_coverage_differs","08075",""
"08077","Mesa","CO",42,16160,54374,"wave_coverage_differs","08077",""
"08079","Mineral","CO",2,126,786,"wave_coverage_differs","08079",""
"08081","Moffat","CO",10,1566,6525,"wave_coverage_differs","08081",""
"08083","Montezuma","CO",22,5055,12952,"wave_coverage_differs","08083",""
"08085","Montrose","CO",24,7810,18366,"wave_coverage_differs","08085",""
"08087","Morgan","CO",31,11033,20105,"wave_coverage_differs","08087",""
"08089","Otero","CO",49,13334,23523,"wave_coverage_differs","08089",""
"08091","Ouray","CO",4,639,1546,"wave_coverage_differs","08091",""
"08093","Park","CO",2,38,2185,"wave_coverage_differs","08093",""
"08095","Phillips","CO",15,2841,4131,"wave_coverage_differs","08095",""
"08097","Pitkin","CO",6,700,6185,"wave_coverage_differs","08097",""
"08099","Prowers","CO",24,6744,13258,"wave_coverage_differs","08099",""
"08101","Pueblo","CO",78,58680,118238,"wave_coverage_differs","08101",""
"08103","Rio Blanco","CO",10,1703,4842,"wave_coverage_differs","08103",""
"08105","Rio Grande","CO",22,5691,10494,"wave_coverage_differs","08105",""
"08107","Routt","CO",9,1623,6592,"wave_coverage_differs","08107",""
"08109","Saguache","CO",9,1925,3827,"wave_coverage_differs","08109",""
"08111","San Juan","CO",2,85,831,"wave_coverage_differs","08111",""
"08113","San Miguel","CO",4,221,1949,"wave_coverage_differs","08113",""
"08115","Sedgwick","CO",9,2704,3405,"wave_coverage_differs","08115",""
"08117","Summit","CO",3,197,2665,"wave_coverage_differs","08117",""
"08119","Teller","CO",9,1118,3316,"wave_coverage_differs","08119",""
"08121","Washington","CO",13,2770,5550,"wave_coverage_differs","08121",""
"08123","Weld","CO",90,35597,89297,"wave_coverage_differs","08123",""
"08125","Yuma","CO",23,3584,8544,"wave_coverage_differs","08125",""
"09001","Fairfield","CT",320,455387,792814,"wave_coverage_differs","09001",""
"09003","Hartford","CT",325,522745,816737,"wave_coverage_differs","09003",""
"09005","Litchfield","CT",125,91128,144091,"wave_coverage_differs","09005",""
"09007","Middlesex","CT",78,65517,114816,"wave_coverage_differs","09007",""
"09009","New Haven","CT",302,452957,744948,"wave_coverage_differs","09009",""
"09011","New London","CT",129,104452,230348,"wave_coverage_differs","09011",""
"09013","Tolland","CT",55,43905,103440,"wave_coverage_differs","09013",""
"09015","Windham","CT",88,57586,84515,"wave_coverage_differs","09015",""
"10001","Kent","DE",70,23920,81892,"wave_coverage_differs","10001",""
"10003","New Castle","DE",198,182689,385856,"wave_coverage_differs","10003",""
"10005","Sussex","DE",127,28378,80356,"wave_coverage_differs","10005",""
"11001","District of Columbia","DC",292,240279,756510,"wave_coverage_differs","11001",""
"12001","Alachua","FL",123,39818,104764,"wave_coverage_differs","12001",""
"12003","Baker","FL",10,1918,9242,"wave_coverage_differs","12003",""
"12005","Bay","FL",61,29217,75283,"wave_coverage_differs","12005",""
"12007","Bradford","FL",32,6220,14625,"wave_coverage_differs","12007",""
"12009","Brevard","FL",145,90392,230006,"wave_coverage_differs","12009",""
"12011","Broward","FL",217,252304,620100,"wave_coverage_differs","12011",""
"12013","Calhoun","FL",22,3605,7624,"wave_coverage_differs","12013",""
"12015","Charlotte","FL",32,11586,27559,"wave_coverage_differs","12015",""
"12017","Citrus","FL",30,7230,19196,"wave_coverage_differs","12017",""
"12019","Clay","FL",44,13567,32059,"wave_coverage_differs","12019",""
"12021","Collier","FL",39,14979,38040,"wave_coverage_differs","12021",""
"12023","Columbia","FL",43,11174,25250,"wave_coverage_differs","12023",""
"12027","DeSoto","FL",25,5329,13060,"wave_coverage_differs","12027",""
"12029","Dixie","FL",20,2434,5480,"wave_coverage_differs","12029",""
"12031","Duval","FL",323,206736,528865,"wave_coverage_differs","12031",""
"12033","Escambia","FL",148,82707,205334,"wave_coverage_differs","12033",""
"12035","Flagler","FL",8,1991,4454,"wave_coverage_differs","12035",""
"12037","Franklin","FL",13,2605,7065,"wave_coverage_differs","12037",""
"12039","Gadsden","FL",36,11046,39184,"wave_coverage_differs","12039",""
"12041","Gilchrist","FL",11,1816,3551,"wave_coverage_differs","12041",""
"12043","Glades","FL",7,1185,3669,"wave_coverage_differs","12043",""
"12045","Gulf","FL",21,3780,10096,"wave_coverage_differs","12045",""
"12047","Hamilton","FL",22,3069,7787,"wave_coverage_differs","12047",""
"12049","Hardee","FL",33,8653,14889,"wave_coverage_differs","12049",""
"12051","Hendry","FL",22,5498,11859,"wave_coverage_differs","12051",""
"12053","Hernando","FL",31,7997,17004,"wave_coverage_differs","12053",""
"12055","Highlands","FL",41,13613,29507,"wave_coverage_differs","12055",""
"12057","Hillsborough","FL",315,193342,490265,"wave_coverage_differs","12057",""
"12059","Holmes","FL",42,6456,10720,"wave_coverage_differs","12059",""
"12061","Indian River","FL",35,14846,35992,"wave_coverage_differs","12061",""
"12063","Jackson","FL",75,14630,34434,"wave_coverage_differs","12063",""
"12065","Jefferson","FL",19,2948,8778,"wave_coverage_differs","12065",""
"12067","Lafayette","FL",16,1928,2892,"wave_coverage_differs","12067",""
"12069","Lake","FL",93,30483,69305,"wave_coverage_differs","12069",""
"12071","Lee","FL",94,43904,105216,"wave_coverage_differs","12071",""
"12073","Leon","FL",66,38733,103047,"wave_coverage_differs","12073",""
"12075","Levy","FL",27,5433,12756,"wave_coverage_differs","12075",""
"12077","Liberty","FL",12,1348,3379,"wave_coverage_differs","12077",""
"12079","Madison","FL",37,6219,13481,"wave_coverage_differs","12079",""
"12081","Manatee","FL",79,34558,97115,"wave_coverage_differs","12081",""
"12083","Marion","FL",92,29176,69030,"wave_coverage_differs","12083",""
"12085","Martin","FL",27,12281,28035,"wave_coverage_differs","12085",""
"12086","Miami-Dade","FL",367,483726,1267792,"wave_coverage_differs;boundary_change_crosswalked","12025","Name and FIPS changed in 1997. Direct one-to-one successor for this build."
"12087","Monroe","FL",47,26264,52586,"wave_coverage_differs","12087",""
"12089","Nassau","FL",38,9590,20626,"wave_coverage_differs","12089",""
"12091","Okaloosa","FL",72,30564,88187,"wave_coverage_differs","12091",""
"12093","Okeechobee","FL",12,5902,11233,"wave_coverage_differs","12093",""
"12095","Orange","FL",229,152164,344311,"wave_coverage_differs","12095",""
"12097","Osceola","FL",30,10816,25267,"wave_coverage_differs","12097",""
"12099","Palm Beach","FL",195,178711,348753,"wave_coverage_differs","12099",""
"12101","Pasco","FL",72,28694,75955,"wave_coverage_differs","12101",""
"12103","Pinellas","FL",234,202192,522329,"wave_coverage_differs","12103",""
"12105","Polk","FL",236,105283,227222,"wave_coverage_differs","12105",""
"12107","Putnam","FL",65,15736,36290,"wave_coverage_differs","12107",""
"12109","St. Johns","FL",35,13596,30727,"wave_coverage_differs","12109",""
"12111","St. Lucie","FL",40,19202,50836,"wave_coverage_differs","12111",""
"12113","Santa Rosa","FL",49,14924,37741,"wave_coverage_differs","12113",""
"12115","Sarasota","FL",91,47994,120413,"wave_coverage_differs","12115",""
"12117","Seminole","FL",64,33606,83692,"wave_coverage_differs","12117",""
"12119","Sumter","FL",35,6023,14839,"wave_coverage_differs","12119",""
"12121","Suwannee","FL",48,9048,15559,"wave_coverage_differs","12121",""
"12123","Taylor","FL",30,7078,13641,"wave_coverage_differs","12123",""
"12125","Union","FL",9,1583,8112,"wave_coverage_differs","12125",""
"12127","Volusia","FL",154,72461,169487,"wave_coverage_differs","12127",""
"12129","Wakulla","FL",13,2120,6308,"wave_coverage_differs","12129",""
"12131","Walton","FL",49,7690,16087,"wave_coverage_differs","12131",""
"12133","Washington","FL",31,4404,11453,"wave_coverage_differs","12133",""
"13001","Appling","GA",36,8646,12726,"wave_coverage_differs","13001",""
"13003","Atkinson","GA",15,1715,5879,"wave_coverage_differs","13003",""
"13005","Bacon","GA",21,4000,8233,"wave_coverage_differs","13005",""
"13007","Baker","GA",13,1610,3875,"wave_coverage_differs","13007",""
"13009","Baldwin","GA",29,9835,34240,"wave_coverage_differs","13009",""
"13011","Banks","GA",28,5671,6833,"wave_coverage_differs","13011",""
"13013","Barrow","GA",37,8942,16859,"wave_coverage_differs","13013",""
"13015","Bartow","GA",64,17627,32663,"wave_coverage_differs","13015",""
"13017","Ben Hill","GA",28,7332,13171,"wave_coverage_differs","13017",""
"13019","Berrien","GA",20,4154,11556,"wave_coverage_differs","13019",""
"13021","Bibb","GA",111,71845,143418,"wave_coverage_differs","13021",""
"13023","Bleckley","GA",18,5504,10291,"wave_coverage_differs","13023",""
"13025","Brantley","GA",16,2873,5940,"wave_coverage_differs","13025",""
"13027","Brooks","GA",36,6144,13739,"wave_coverage_differs","13027",""
"13029","Bryan","GA",17,3141,6539,"wave_coverage_differs","13029",""
"13031","Bulloch","GA",40,10094,31585,"wave_coverage_differs","13031",""
"13033","Burke","GA",28,5469,18255,"wave_coverage_differs","13033",""
"13035","Butts","GA",21,4820,10560,"wave_coverage_differs","13035",""
"13037","Calhoun","GA",12,2471,6606,"wave_coverage_differs","13037",""
"13039","Camden","GA",27,3747,11334,"wave_coverage_differs","13039",""
"13043","Candler","GA",14,2446,6412,"wave_coverage_differs","13043",""
"13045","Carroll","GA",82,22510,45404,"wave_coverage_differs","13045",""
"13047","Catoosa","GA",38,14674,28271,"wave_coverage_differs","13047",""
"13049","Charlton","GA",17,2607,5680,"wave_coverage_differs","13049",""
"13051","Chatham","GA",137,78537,187767,"wave_coverage_differs","13051",""
"13053","Chattahoochee","GA",2,462,25813,"wave_coverage_differs","13053",""
"13055","Chattooga","GA",54,10830,20541,"wave_coverage_differs","13055",""
"13057","Cherokee","GA",58,15234,31059,"wave_coverage_differs","13057",""
"13059","Clarke","GA",44,23845,65177,"wave_coverage_differs","13059",""
"13061","Clay","GA",14,1573,3636,"wave_coverage_differs","13061",""
"13063","Clayton","GA",65,41376,98043,"wave_coverage_differs","13063",""
"13065","Clinch","GA",8,1537,6405,"wave_coverage_differs","13065",""
"13067","Cobb","GA",166,99224,196793,"wave_coverage_differs","13067",""
"13069","Coffee","GA",39,9274,22828,"wave_coverage_differs","13069",""
"13071","Colquitt","GA",58,20993,32200,"wave_coverage_differs","13071",""
"13073","Columbia","GA",26,6501,22327,"wave_coverage_differs","13073",""
"13075","Cook","GA",24,5729,12129,"wave_coverage_differs","13075",""
"13077","Coweta","GA",58,16076,32310,"wave_coverage_differs","13077",""
"13079","Crawford","GA",12,1796,5748,"wave_coverage_differs","13079",""
"13081","Crisp","GA",28,5906,18087,"wave_coverage_differs","13081",""
"13083","Dade","GA",26,3144,9910,"wave_coverage_differs","13083",""
"13085","Dawson","GA",17,3527,3639,"wave_coverage_differs","13085",""
"13087","Decatur","GA",44,10387,22310,"wave_coverage_differs","13087",""
"13089","DeKalb","GA",196,185318,415387,"wave_coverage_differs","13089",""
"13091","Dodge","GA",58,11036,15658,"wave_coverage_differs","13091",""
"13093","Dooly","GA",30,6975,10404,"wave_coverage_differs","13093",""
"13095","Dougherty","GA",54,33188,89639,"wave_coverage_differs","13095",""
"13097","Douglas","GA",32,11643,28659,"wave_coverage_differs","13097",""
"13099","Early","GA",27,4636,12682,"wave_coverage_differs","13099",""
"13101","Echols","GA",4,494,1924,"wave_coverage_differs","13101",""
"13103","Effingham","GA",37,7326,13632,"wave_coverage_differs","13103",""
"13105","Elbert","GA",47,12781,17262,"wave_coverage_differs","13105",""
"13107","Emanuel","GA",44,7559,18189,"wave_coverage_differs","13107",""
"13109","Evans","GA",15,2788,7290,"wave_coverage_differs","13109",""
"13111","Fannin","GA",53,11006,13357,"wave_coverage_differs","13111",""
"13113","Fayette","GA",31,7163,11364,"wave_coverage_differs","13113",""
"13115","Floyd","GA",107,44378,73742,"wave_coverage_differs","13115",""
"13117","Forsyth","GA",46,17157,16928,"wave_coverage_differs","13117",""
"13119","Franklin","GA",53,10626,12784,"wave_coverage_differs","13119",""
"13121","Fulton","GA",326,254337,607592,"wave_coverage_differs","13121",""
"13123","Gilmer","GA",27,5163,8956,"wave_coverage_differs","13123",""
"13125","Glascock","GA",14,1892,2280,"wave_coverage_differs","13125",""
"13127","Glynn","GA",57,22795,50528,"wave_coverage_differs","13127",""
"13129","Gordon","GA",55,12722,23570,"wave_coverage_differs","13129",""
"13131","Grady","GA",37,8906,17826,"wave_coverage_differs","13131",""
"13133","Greene","GA",26,4769,10212,"wave_coverage_differs","13133",""
"13135","Gwinnett","GA",88,33335,72349,"wave_coverage_differs","13135",""
"13137","Habersham","GA",50,13105,20691,"wave_coverage_differs","13137",""
"13139","Hall","GA",84,33463,59405,"wave_coverage_differs","13139",""
"13141","Hancock","GA",21,2637,9019,"wave_coverage_differs","13141",""
"13143","Haralson","GA",44,10247,15927,"wave_coverage_differs","13143",""
"13145","Harris","GA",32,4367,11520,"wave_coverage_differs","13145",""
"13147","Hart","GA",39,9518,15814,"wave_coverage_differs","13147",""
"13149","Heard","GA",23,2384,5354,"wave_coverage_differs","13149",""
"13151","Henry","GA",42,11007,23724,"wave_coverage_differs","13151",""
"13153","Houston","GA",55,25030,62924,"wave_coverage_differs","13153",""
"13155","Irwin","GA",14,2850,8036,"wave_coverage_differs","13155",""
"13157","Jackson","GA",58,11814,21093,"wave_coverage_differs","13157",""
"13159","Jasper","GA",19,2610,5760,"wave_coverage_differs","13159",""
"13161","Jeff Davis","GA",21,6302,9425,"wave_coverage_differs","13161",""
"13163","Jefferson","GA",41,7677,17174,"wave_coverage_differs","13163",""
"13165","Jenkins","GA",17,4343,8332,"wave_coverage_differs","13165",""
"13167","Johnson","GA",34,4666,7727,"wave_coverage_differs","13167",""
"13169","Jones","GA",14,2889,12218,"wave_coverage_differs","13169",""
"13171","Lamar","GA",22,4477,10688,"wave_coverage_differs","13171",""
"13173","Lanier","GA",9,2132,5031,"wave_coverage_differs","13173",""
"13175","Laurens","GA",78,17376,32738,"wave_coverage_differs","13175",""
"13177","Lee","GA",8,1963,7044,"wave_coverage_differs","13177",""
"13179","Liberty","GA",21,4333,17569,"wave_coverage_differs","13179",""
"13181","Lincoln","GA",16,2894,5895,"wave_coverage_differs","13181",""
"13183","Long","GA",8,1853,3746,"wave_coverage_differs","13183",""
"13185","Lowndes","GA",59,20333,55112,"wave_coverage_differs","13185",""
"13187","Lumpkin","GA",11,2211,8728,"wave_coverage_differs","13187",""
"13189","McDuffie","GA",21,6559,15276,"wave_coverage_differs","13189",""
"13191","McIntosh","GA",15,2062,7371,"wave_coverage_differs","13191",""
"13193","Macon","GA",21,4077,12933,"wave_coverage_differs","13193",""
"13195","Madison","GA",34,7729,13517,"wave_coverage_differs","13195",""
"13197","Marion","GA",17,1839,5099,"wave_coverage_differs","13197",""
"13199","Meriwether","GA",50,8784,19461,"wave_coverage_differs","13199",""
"13201","Miller","GA",14,2092,6397,"wave_coverage_differs","13201",""
"13205","Mitchell","GA",32,8398,18956,"wave_coverage_differs","13205",""
"13207","Monroe","GA",27,4049,10991,"wave_coverage_differs","13207",""
"13209","Montgomery","GA",21,2833,6099,"wave_coverage_differs","13209",""
"13211","Morgan","GA",25,4335,9904,"wave_coverage_differs","13211",""
"13213","Murray","GA",26,5929,12986,"wave_coverage_differs","13213",""
"13215","Muscogee","GA",103,63755,167377,"wave_coverage_differs","13215",""
"13217","Newton","GA",45,11696,26282,"wave_coverage_differs","13217",""
"13219","Oconee","GA",24,4062,7915,"wave_coverage_differs","13219",""
"13221","Oglethorpe","GA",28,3315,7598,"wave_coverage_differs","13221",""
"13223","Paulding","GA",33,8776,17520,"wave_coverage_differs","13223",""
"13225","Peach","GA",15,4483,15990,"wave_coverage_differs","13225",""
"13227","Pickens","GA",12,3499,9620,"wave_coverage_differs","13227",""
"13229","Pierce","GA",24,5558,9281,"wave_coverage_differs","13229",""
"13231","Pike","GA",28,4099,7316,"wave_coverage_differs","13231",""
"13233","Polk","GA",49,17157,29656,"wave_coverage_differs","13233",""
"13235","Pulaski","GA",16,5052,8066,"wave_coverage_differs","13235",""
"13237","Putnam","GA",19,3053,8394,"wave_coverage_differs","13237",""
"13239","Quitman","GA",4,391,2180,"wave_coverage_differs","13239",""
"13241","Rabun","GA",42,5240,8327,"wave_coverage_differs","13241",""
"13243","Randolph","GA",24,3714,8734,"wave_coverage_differs","13243",""
"13245","Richmond","GA",109,68893,162437,"wave_coverage_differs","13245",""
"13247","Rockdale","GA",18,6116,18152,"wave_coverage_differs","13247",""
"13249","Schley","GA",7,1199,3097,"wave_coverage_differs","13249",""
"13251","Screven","GA",47,7840,12591,"wave_coverage_differs","13251",""
"13253","Seminole","GA",13,2620,7059,"wave_coverage_differs","13253",""
"13255","Spalding","GA",51,20484,39514,"wave_coverage_differs","13255",""
"13257","Stephens","GA",35,11385,20331,"wave_coverage_differs","13257",""
"13259","Stewart","GA",17,1811,6511,"wave_coverage_differs","13259",""
"13261","Sumter","GA",37,11075,26931,"wave_coverage_differs","13261",""
"13263","Talbot","GA",19,1710,6625,"wave_coverage_differs","13263",""
"13265","Taliaferro","GA",13,1173,2423,"wave_coverage_differs","13265",""
"13267","Tattnall","GA",32,5647,16557,"wave_coverage_differs","13267",""
"13269","Taylor","GA",19,2638,7865,"wave_coverage_differs","13269",""
"13271","Telfair","GA",39,5695,11381,"wave_coverage_differs","13271",""
"13273","Terrell","GA",22,4252,11416,"wave_coverage_differs","13273",""
"13275","Thomas","GA",63,17797,34515,"wave_coverage_differs","13275",""
"13277","Tift","GA",38,13078,27288,"wave_coverage_differs","13277",""
"13279","Toombs","GA",41,10380,19151,"wave_coverage_differs","13279",""
"13281","Towns","GA",19,3863,4565,"wave_coverage_differs","13281",""
"13283","Treutlen","GA",9,1612,5647,"wave_coverage_differs","13283",""
"13285","Troup","GA",82,23921,44466,"wave_coverage_differs","13285",""
"13287","Turner","GA",20,5096,8790,"wave_coverage_differs","13287",""
"13289","Twiggs","GA",16,3192,8222,"wave_coverage_differs","13289",""
"13291","Union","GA",35,5498,6811,"wave_coverage_differs","13291",""
"13293","Upson","GA",41,12015,23505,"wave_coverage_differs","13293",""
"13295","Walker","GA",97,22653,50691,"wave_coverage_differs","13295",""
"13297","Walton","GA",40,10311,23404,"wave_coverage_differs","13297",""
"13299","Ware","GA",46,16064,33525,"wave_coverage_differs","13299",""
"13301","Warren","GA",15,2204,6669,"wave_coverage_differs","13301",""
"13303","Washington","GA",50,8282,17480,"wave_coverage_differs","13303",""
"13305","Wayne","GA",40,9191,17858,"wave_coverage_differs","13305",""
"13307","Webster","GA",9,1332,2362,"wave_coverage_differs","13307",""
"13309","Wheeler","GA",18,2482,4596,"wave_coverage_differs","13309",""
"13311","White","GA",23,3770,7742,"wave_coverage_differs","13311",""
"13313","Whitfield","GA",73,24980,55108,"wave_coverage_differs","13313",""
"13315","Wilcox","GA",33,4988,6998,"wave_coverage_differs","13315",""
"13317","Wilkes","GA",29,5547,10184,"wave_coverage_differs","13317",""
"13319","Wilkinson","GA",22,3488,9393,"wave_coverage_differs","13319",""
"13321","Worth","GA",37,7082,14770,"wave_coverage_differs","13321",""
"15001","Hawaii","HI",55,29359,63468,"wave_coverage_differs","15001",""
"15003","Honolulu","HI",206,206300,629176,"wave_coverage_differs","15003",""
"15005","Kalawao","HI",,,,"wave_coverage_differs","15005",""
"15007","Kauai","HI",36,11231,29761,"wave_coverage_differs","15007",""
"15009","Maui","HI",55,19215,46156,"wave_coverage_differs","15009",""
"16001","Ada","ID",68,37756,112230,"wave_coverage_differs","16001",""
"16003","Adams","ID",6,459,2877,"wave_coverage_differs","16003",""
"16005","Bannock","ID",21,11346,52200,"wave_coverage_differs","16005",""
"16007","Bear Lake","ID",2,148,5801,"wave_coverage_differs","16007",""
"16009","Benewah","ID",9,2033,6230,"wave_coverage_differs","16009",""
"16011","Bingham","ID",15,3992,29167,"wave_coverage_differs","16011",""
"16013","Blaine","ID",7,765,5749,"wave_coverage_differs","16013",""
"16015","Boise","ID",3,120,1763,"wave_coverage_differs","16015",""
"16017","Bonner","ID",22,3678,15560,"wave_coverage_differs","16017",""
"16019","Bonneville","ID",19,11682,51250,"wave_coverage_differs","16019",""
"16021","Boundary","ID",9,2103,6371,"wave_coverage_differs","16021",""
"16023","Butte","ID",3,510,2925,"wave_coverage_differs","16023",""
"16025","Camas","ID",1,19,728,"wave_coverage_differs","16025",""
"16027","Canyon","ID",62,25164,61288,"wave_coverage_differs","16027",""
"16029","Caribou","ID",4,475,6534,"wave_coverage_differs","16029",""
"16031","Cassia","ID",8,3029,17017,"wave_coverage_differs","16031",""
"16033","Clark","ID",1,67,741,"wave_coverage_differs","16033",""
"16035","Clearwater","ID",13,1957,10871,"wave_coverage_differs","16035",""
"16037","Custer","ID",3,277,2967,"wave_coverage_differs","16037",""
"16039","Elmore","ID",16,3462,17479,"wave_coverage_differs","16039",""
"16041","Franklin","ID",2,85,7373,"wave_coverage_differs","16041",""
"16043","Fremont","ID",4,1021,8710,"wave_coverage_differs","16043",""
"16045","Gem","ID",14,2783,9387,"wave_coverage_differs","16045",""
"16047","Gooding","ID",17,2589,8645,"wave_coverage_differs","16047",""
"16049","Idaho","ID",24,4574,12891,"wave_coverage_differs","16049",""
"16051","Jefferson","ID",4,157,11619,"wave_coverage_differs","16051",""
"16053","Jerome","ID",13,2784,10253,"wave_coverage_differs","16053",""
"16055","Kootenai","ID",26,9591,35332,"wave_coverage_differs","16055",""
"16057","Latah","ID",31,8549,24891,"wave_coverage_differs","16057",""
"16059","Lemhi","ID",6,1001,5566,"wave_coverage_differs","16059",""
"16061","Lewis","ID",17,1582,3867,"wave_coverage_differs","16061",""
"16063","Lincoln","ID",6,811,3057,"wave_coverage_differs","16063",""
"16065","Madison","ID",3,204,13452,"wave_coverage_differs","16065",""
"16067","Minidoka","ID",11,4142,15731,"wave_coverage_differs","16067",""
"16069","Nez Perce","ID",26,8184,30376,"wave_coverage_differs","16069",""
"16071","Oneida","ID",2,83,2864,"wave_coverage_differs","16071",""
"16073","Owyhee","ID",14,1591,6422,"wave_coverage_differs","16073",""
"16075","Payette","ID",19,3423,12401,"wave_coverage_differs","16075",""
"16077","Power","ID",7,1402,4864,"wave_coverage_differs","16077",""
"16079","Shoshone","ID",18,5636,19718,"wave_coverage_differs","16079",""
"16081","Teton","ID",0,0,2351,"wave_coverage_differs","16081",""
"16083","Twin Falls","ID",39,14603,41807,"wave_coverage_differs","16083",""
"16085","Valley","ID",10,1881,3609,"wave_coverage_differs","16085",""
"16087","Washington","ID",13,2171,7633,"wave_coverage_differs","16087",""
"17001","Adams","IL",91,44829,70861,"wave_coverage_differs","17001",""
"17003","Alexander","IL",28,5121,12015,"wave_coverage_differs","17003",""
"17005","Bond","IL",42,7634,14012,"wave_coverage_differs","17005",""
"17007","Boone","IL",23,12813,25440,"wave_coverage_differs","17007",""
"17009","Brown","IL",19,3285,5586,"wave_coverage_differs","17009",""
"17011","Bureau","IL",70,22665,38541,"wave_coverage_differs","17011",""
"17013","Calhoun","IL",19,3947,5675,"wave_coverage_differs","17013",""
"17015","Carroll","IL",31,9381,19276,"wave_coverage_differs","17015",""
"17017","Cass","IL",36,9705,14219,"wave_coverage_differs","17017",""
"17019","Champaign","IL",122,67055,163281,"wave_coverage_differs","17019",""
"17021","Christian","IL",54,20849,35948,"wave_coverage_differs","17021",""
"17023","Clark","IL",48,7877,16216,"wave_coverage_differs","17023",""
"17025","Clay","IL",50,10242,14735,"wave_coverage_differs","17025",""
"17027","Clinton","IL",47,21270,28315,"wave_coverage_differs","17027",""
"17029","Coles","IL",57,20711,47815,"wave_coverage_differs","17029",""
"17031","Cook","IL",1705,3041249,5492369,"wave_coverage_differs","17031",""
"17033","Crawford","IL",66,10702,19824,"wave_coverage_differs","17033",""
"17035","Cumberland","IL",29,3460,9772,"wave_coverage_differs","17035",""
"17037","DeKalb","IL",64,42095,71654,"wave_coverage_differs","17037",""
"17039","De Witt","IL",34,8307,16975,"wave_coverage_differs","17039",""
"17041","Douglas","IL",39,10215,18997,"wave_coverage_differs","17041",""
"17043","DuPage","IL",218,298902,491882,"wave_coverage_differs","17043",""
"17045","Edgar","IL",51,10703,21591,"wave_coverage_differs","17045",""
"17047","Edwards","IL",34,5051,7090,"wave_coverage_differs","17047",""
"17049","Effingham","IL",65,21025,24608,"wave_coverage_differs","17049",""
"17051","Fayette","IL",65,12517,20752,"wave_coverage_differs","17051",""
"17053","Ford","IL",42,13861,16382,"wave_coverage_differs","17053",""
"17055","Franklin","IL",108,30808,38329,"wave_coverage_differs","17055",""
"17057","Fulton","IL",79,18225,41890,"wave_coverage_differs","17057",""
"17059","Gallatin","IL",27,3100,7418,"wave_coverage_differs","17059",""
"17061","Greene","IL",42,11006,17014,"wave_coverage_differs","17061",""
"17063","Grundy","IL",28,17175,26535,"wave_coverage_differs","17063",""
"17065","Hamilton","IL",46,5679,8665,"wave_coverage_differs","17065",""
"17067","Hancock","IL",62,12735,23645,"wave_coverage_differs","17067",""
"17069","Hardin","IL",13,1599,4914,"wave_coverage_differs","17069",""
"17071","Henderson","IL",19,3874,8451,"wave_coverage_differs","17071",""
"17073","Henry","IL",73,34461,53217,"wave_coverage_differs","17073",""
"17075","Iroquois","IL",76,22115,33532,"wave_coverage_differs","17075",""
"17077","Jackson","IL",84,22870,55008,"wave_coverage_differs","17077",""
"17079","Jasper","IL",32,6232,10741,"wave_coverage_differs","17079",""
"17081","Jefferson","IL",81,17976,31446,"wave_coverage_differs","17081",""
"17083","Jersey","IL",24,7964,18492,"wave_coverage_differs","17083",""
"17085","Jo Daviess","IL",41,16636,21766,"wave_coverage_differs","17085",""
"17087","Johnson","IL",24,3683,7550,"wave_coverage_differs","17087",""
"17089","Kane","IL",167,146562,251005,"wave_coverage_differs","17089",""
"17091","Kankakee","IL",85,56120,97250,"wave_coverage_differs","17091",""
"17093","Kendall","IL",30,13785,26374,"wave_coverage_differs","17093",""
"17095","Knox","IL",46,26621,61280,"wave_coverage_differs","17095",""
"17097","Lake","IL",143,178501,382638,"wave_coverage_differs","17097",""
"17099","LaSalle","IL",127,75450,111409,"wave_coverage_differs","17099",""
"17101","Lawrence","IL",51,9144,17522,"wave_coverage_differs","17101",""
"17103","Lee","IL",52,21762,37947,"wave_coverage_differs","17103",""
"17105","Livingston","IL",77,25306,40690,"wave_coverage_differs","17105",""
"17107","Logan","IL",54,20518,33538,"wave_coverage_differs","17107",""
"17109","McDonough","IL",46,16100,36653,"wave_coverage_differs","17109",""
"17111","McHenry","IL",78,71486,111555,"wave_coverage_differs","17111",""
"17113","McLean","IL",113,57853,104389,"wave_coverage_differs","17113",""
"17115","Macon","IL",102,62251,125010,"wave_coverage_differs","17115",""
"17117","Macoupin","IL",104,26433,44557,"wave_coverage_differs","17117",""
"17119","Madison","IL",218,131202,250934,"wave_coverage_differs","17119",""
"17121","Marion","IL",89,22900,38986,"wave_coverage_differs","17121",""
"17123","Marshall","IL",29,8961,13302,"wave_coverage_differs","17123",""
"17125","Mason","IL",31,9754,16161,"wave_coverage_differs","17125",""
"17127","Massac","IL",35,9055,13889,"wave_coverage_differs","17127",""
"17129","Menard","IL",25,6353,9685,"wave_coverage_differs","17129",""
"17131","Mercer","IL",34,9846,17294,"wave_coverage_differs","17131",""
"17133","Monroe","IL",26,13079,18831,"wave_coverage_differs","17133",""
"17135","Montgomery","IL",78,19999,30260,"wave_coverage_differs","17135",""
"17137","Morgan","IL",66,20328,36174,"wave_coverage_differs","17137",""
"17139","Moultrie","IL",35,6961,13263,"wave_coverage_differs","17139",""
"17141","Ogle","IL",64,22170,42867,"wave_coverage_differs","17141",""
"17143","Peoria","IL",143,90551,195318,"wave_coverage_differs","17143",""
"17145","Perry","IL",45,14115,19757,"wave_coverage_differs","17145",""
"17147","Piatt","IL",32,9177,15509,"wave_coverage_differs","17147",""
"17149","Pike","IL",57,9668,19185,"wave_coverage_differs","17149",""
"17151","Pope","IL",26,1932,3857,"wave_coverage_differs","17151",""
"17153","Pulaski","IL",31,6375,8741,"wave_coverage_differs","17153",""
"17155","Putnam","IL",13,2627,5007,"wave_coverage_differs","17155",""
"17157","Randolph","IL",72,26735,31379,"wave_coverage_differs","17157",""
"17159","Richland","IL",41,9593,16829,"wave_coverage_differs","17159",""
"17161","Rock Island","IL",103,78080,166734,"wave_coverage_differs","17161",""
"17163","St. Clair","IL",198,118099,285176,"wave_coverage_differs","17163",""
"17165","Saline","IL",74,17079,25721,"wave_coverage_differs","17165",""
"17167","Sangamon","IL",141,94337,161335,"wave_coverage_differs","17167",""
"17169","Schuyler","IL",22,3597,8135,"wave_coverage_differs","17169",""
"17171","Scott","IL",24,4568,6096,"wave_coverage_differs","17171",""
"17173","Shelby","IL",63,12473,22589,"wave_coverage_differs","17173",""
"17175","Stark","IL",16,4359,7510,"wave_coverage_differs","17175",""
"17177","Stephenson","IL",76,28964,48861,"wave_coverage_differs","17177",""
"17179","Tazewell","IL",101,51060,118649,"wave_coverage_differs","17179",""
"17181","Union","IL",47,11041,16071,"wave_coverage_differs","17181",""
"17183","Vermilion","IL",137,43923,97047,"wave_coverage_differs","17183",""
"17185","Wabash","IL",30,6803,12841,"wave_coverage_differs","17185",""
"17187","Warren","IL",32,11674,21595,"wave_coverage_differs","17187",""
"17189","Washington","IL",44,11037,13780,"wave_coverage_differs","17189",""
"17191","Wayne","IL",64,9242,17004,"wave_coverage_differs","17191",""
"17193","White","IL",61,9573,17312,"wave_coverage_differs","17193",""
"17195","Whiteside","IL",87,43653,62877,"wave_coverage_differs","17195",""
"17197","Will","IL",163,147784,249498,"wave_coverage_differs","17197",""
"17199","Williamson","IL",98,25378,49021,"wave_coverage_differs","17199",""
"17201","Winnebago","IL",137,113150,246623,"wave_coverage_differs","17201",""
"17203","Woodford","IL",50,16356,28012,"wave_coverage_differs","17203",""
"18001","Adams","IN",42,17162,26871,"wave_coverage_differs","18001",""
"18003","Allen","IN",144,129824,280455,"wave_coverage_differs","18003",""
"18005","Bartholomew","IN",67,29813,57022,"wave_coverage_differs","18005",""
"18007","Benton","IN",28,8905,11262,"wave_coverage_differs","18007",""
"18009","Blackford","IN",29,7518,15888,"wave_coverage_differs","18009",""
"18011","Boone","IN",45,13800,30870,"wave_coverage_differs","18011",""
"18013","Brown","IN",13,1459,9057,"wave_coverage_differs","18013",""
"18015","Carroll","IN",35,8530,17734,"wave_coverage_differs","18015",""
"18017","Cass","IN",62,18997,40456,"wave_coverage_differs","18017",""
"18019","Clark","IN",95,34801,75876,"wave_coverage_differs","18019",""
"18021","Clay","IN",56,10789,23933,"wave_coverage_differs","18021",""
"18023","Clinton","IN",49,15309,30547,"wave_coverage_differs","18023",""
"18025","Crawford","IN",42,3254,8033,"wave_coverage_differs","18025",""
"18027","Daviess","IN",51,15604,26602,"wave_coverage_differs","18027",""
"18029","Dearborn","IN",54,15984,29430,"wave_coverage_differs","18029",""
"18031","Decatur","IN",52,14067,22738,"wave_coverage_differs","18031",""
"18033","DeKalb","IN",54,20926,30837,"wave_coverage_differs","18033",""
"18035","Delaware","IN",99,39901,129219,"wave_coverage_differs","18035",""
"18037","Dubois","IN",41,28657,30934,"wave_coverage_differs","18037",""
"18039","Elkhart","IN",134,54700,126529,"wave_coverage_differs","18039",""
"18041","Fayette","IN",32,10118,26216,"wave_coverage_differs","18041",""
"18043","Floyd","IN",56,32736,55622,"wave_coverage_differs","18043",""
"18045","Fountain","IN",44,6592,18257,"wave_coverage_differs","18045",""
"18047","Franklin","IN",36,9518,16943,"wave_coverage_differs","18047",""
"18049","Fulton","IN",28,6989,16984,"wave_coverage_differs","18049",""
"18051","Gibson","IN",54,14250,30444,"wave_coverage_differs","18051",""
"18053","Grant","IN",89,26959,83955,"wave_coverage_differs","18053",""
"18055","Greene","IN",65,18540,26894,"wave_coverage_differs","18055",""
"18057","Hamilton","IN",70,25137,54532,"wave_coverage_differs","18057",""
"18059","Hancock","IN",51,14482,35096,"wave_coverage_differs","18059",""
"18061","Harrison","IN",64,9848,20423,"wave_coverage_differs","18061",""
"18063","Hendricks","IN",67,19818,53974,"wave_coverage_differs","18063",""
"18065","Henry","IN",77,18859,52603,"wave_coverage_differs","18065",""
"18067","Howard","IN",82,35565,83198,"wave_coverage_differs","18067",""
"18069","Huntington","IN",54,19742,34970,"wave_coverage_differs","18069",""
"18071","Jackson","IN",80,21252,33187,"wave_coverage_differs","18071",""
"18073","Jasper","IN",37,10853,20429,"wave_coverage_differs","18073",""
"18075","Jay","IN",52,9157,23575,"wave_coverage_differs","18075",""
"18077","Jefferson","IN",61,13109,27006,"wave_coverage_differs","18077",""
"18079","Jennings","IN",42,8576,19454,"wave_coverage_differs","18079",""
"18081","Johnson","IN",67,23398,61138,"wave_coverage_differs","18081",""
"18083","Knox","IN",76,25040,41546,"wave_coverage_differs","18083",""
"18085","Kosciusko","IN",63,17032,48127,"wave_coverage_differs","18085",""
"18087","LaGrange","IN",37,7432,20890,"wave_coverage_differs","18087",""
"18089","Lake","IN",330,240588,546253,"wave_coverage_differs","18089",""
"18091","LaPorte","IN",87,54698,105342,"wave_coverage_differs","18091",""
"18093","Lawrence","IN",75,19291,38038,"wave_coverage_differs","18093",""
"18095","Madison","IN",114,55123,138451,"wave_coverage_differs","18095",""
"18097","Marion","IN",408,290438,792299,"wave_coverage_differs","18097",""
"18099","Marshall","IN",49,13975,34986,"wave_coverage_differs","18099",""
"18101","Martin","IN",26,5545,10969,"wave_coverage_differs","18101",""
"18103","Miami","IN",48,17984,39246,"wave_coverage_differs","18103",""
"18105","Monroe","IN",59,26711,84849,"wave_coverage_differs","18105",""
"18107","Montgomery","IN",58,16291,33930,"wave_coverage_differs","18107",""
"18109","Morgan","IN",67,13823,44176,"wave_coverage_differs","18109",""
"18111","Newton","IN",25,6090,11606,"wave_coverage_differs","18111",""
"18113","Noble","IN",49,12510,31382,"wave_coverage_differs","18113",""
"18115","Ohio","IN",11,2422,4289,"wave_coverage_differs","18115",""
"18117","Orange","IN",46,8260,16968,"wave_coverage_differs","18117",""
"18119","Owen","IN",45,6256,12163,"wave_coverage_differs","18119",""
"18121","Parke","IN",36,5338,14600,"wave_coverage_differs","18121",""
"18123","Perry","IN",30,10966,19075,"wave_coverage_differs","18123",""
"18125","Pike","IN",31,3574,12281,"wave_coverage_differs","18125",""
"18127","Porter","IN",64,38256,87114,"wave_coverage_differs","18127",""
"18129","Posey","IN",45,12217,21740,"wave_coverage_differs","18129",""
"18131","Pulaski","IN",27,6801,12534,"wave_coverage_differs","18131",""
"18133","Putnam","IN",40,8104,26932,"wave_coverage_differs","18133",""
"18135","Randolph","IN",62,12193,28915,"wave_coverage_differs","18135",""
"18137","Ripley","IN",49,15972,21138,"wave_coverage_differs","18137",""
"18139","Rush","IN",46,11521,20352,"wave_coverage_differs","18139",""
"18141","St. Joseph","IN",149,115234,245045,"wave_coverage_differs","18141",""
"18143","Scott","IN",33,6850,17144,"wave_coverage_differs","18143",""
"18145","Shelby","IN",62,16707,37797,"wave_coverage_differs","18145",""
"18147","Spencer","IN",54,11753,17134,"wave_coverage_differs","18147",""
"18149","Starke","IN",21,6018,19280,"wave_coverage_differs","18149",""
"18151","Steuben","IN",30,7473,20159,"wave_coverage_differs","18151",""
"18153","Sullivan","IN",50,7843,19889,"wave_coverage_differs","18153",""
"18155","Switzerland","IN",23,2420,6306,"wave_coverage_differs","18155",""
"18157","Tippecanoe","IN",77,50129,109378,"wave_coverage_differs","18157",""
"18159","Tipton","IN",26,6970,16650,"wave_coverage_differs","18159",""
"18161","Union","IN",14,2676,6582,"wave_coverage_differs","18161",""
"18163","Vanderburgh","IN",141,93646,168772,"wave_coverage_differs","18163",""
"18165","Vermillion","IN",31,4940,16793,"wave_coverage_differs","18165",""
"18167","Vigo","IN",85,33004,114528,"wave_coverage_differs","18167",""
"18169","Wabash","IN",53,14558,35553,"wave_coverage_differs","18169",""
"18171","Warren","IN",22,3471,8705,"wave_coverage_differs","18171",""
"18173","Warrick","IN",44,10859,27972,"wave_coverage_differs","18173",""
"18175","Washington","IN",53,7683,19278,"wave_coverage_differs","18175",""
"18177","Wayne","IN",93,31445,79109,"wave_coverage_differs","18177",""
"18179","Wells","IN",48,11003,23821,"wave_coverage_differs","18179",""
"18181","White","IN",40,10689,20995,"wave_coverage_differs","18181",""
"18183","Whitley","IN",40,11398,23395,"wave_coverage_differs","18183",""
"19001","Adair","IA",26,5945,9487,"wave_coverage_differs","19001",""
"19003","Adams","IA",22,4283,6322,"wave_coverage_differs","19003",""
"19005","Allamakee","IA",36,13305,14968,"wave_coverage_differs","19005",""
"19007","Appanoose","IA",46,6866,15007,"wave_coverage_differs","19007",""
"19009","Audubon","IA",21,7459,9595,"wave_coverage_differs","19009",""
"19011","Benton","IA",49,14639,22885,"wave_coverage_differs","19011",""
"19013","Black Hawk","IA",102,77935,132916,"wave_coverage_differs","19013",""
"19015","Boone","IA",43,15012,26470,"wave_coverage_differs","19015",""
"19017","Bremer","IA",43,19210,22737,"wave_coverage_differs","19017",""
"19019","Buchanan","IA",38,14927,21746,"wave_coverage_differs","19019",""
"19021","Buena Vista","IA",40,17091,20693,"wave_coverage_differs","19021",""
"19023","Butler","IA",42,12680,16953,"wave_coverage_differs","19023",""
"19025","Calhoun","IA",38,12397,14287,"wave_coverage_differs","19025",""
"19027","Carroll","IA",37,22989,22912,"wave_coverage_differs","19027",""
"19029","Cass","IA",47,12544,17007,"wave_coverage_differs","19029",""
"19031","Cedar","IA",31,11110,17655,"wave_coverage_differs","19031",""
"19033","Cerro Gordo","IA",53,33711,49335,"wave_coverage_differs","19033",""
"19035","Cherokee","IA",29,12665,17269,"wave_coverage_differs","19035",""
"19037","Chickasaw","IA",33,12115,14969,"wave_coverage_differs","19037",""
"19039","Clarke","IA",15,3191,7581,"wave_coverage_differs","19039",""
"19041","Clay","IA",31,12319,18464,"wave_coverage_differs","19041",""
"19043","Clayton","IA",47,15529,20606,"wave_coverage_differs","19043",""
"19045","Clinton","IA",66,36825,56749,"wave_coverage_differs","19045",""
"19047","Crawford","IA",35,14392,18780,"wave_coverage_differs","19047",""
"19049","Dallas","IA",45,14655,26085,"wave_coverage_differs","19049",""
"19051","Davis","IA",18,3224,8207,"wave_coverage_differs","19051",""
"19053","Decatur","IA",21,2094,9737,"wave_coverage_differs","19053",""
"19055","Delaware","IA",36,13561,18770,"wave_coverage_differs","19055",""
"19057","Des Moines","IA",56,27225,46982,"wave_coverage_differs","19057",""
"19059","Dickinson","IA",23,8617,12565,"wave_coverage_differs","19059",""
"19061","Dubuque","IA",58,75111,90609,"wave_coverage_differs","19061",""
"19063","Emmet","IA",27,11707,14009,"wave_coverage_differs","19063",""
"19065","Fayette","IA",55,21026,26898,"wave_coverage_differs","19065",""
"19067","Floyd","IA",25,13065,19860,"wave_coverage_differs","19067",""
"19069","Franklin","IA",32,9503,13255,"wave_coverage_differs","19069",""
"19071","Fremont","IA",29,4329,9282,"wave_coverage_differs","19071",""
"19073","Greene","IA",29,8887,12716,"wave_coverage_differs","19073",""
"19075","Grundy","IA",29,10370,14119,"wave_coverage_differs","19075",""
"19077","Guthrie","IA",35,7395,12243,"wave_coverage_differs","19077",""
"19079","Hamilton","IA",36,14078,18383,"wave_coverage_differs","19079",""
"19081","Hancock","IA",33,11324,13227,"wave_coverage_differs","19081",""
"19083","Hardin","IA",48,15513,22248,"wave_coverage_differs","19083",""
"19085","Harrison","IA",37,8968,16240,"wave_coverage_differs","19085",""
"19087","Henry","IA",35,10500,18114,"wave_coverage_differs","19087",""
"19089","Howard","IA",29,10734,11442,"wave_coverage_differs","19089",""
"19091","Humboldt","IA",24,10073,12519,"wave_coverage_differs","19091",""
"19093","Ida","IA",13,7283,9190,"wave_coverage_differs","19093",""
"19095","Iowa","IA",32,10811,15419,"wave_coverage_differs","19095",""
"19097","Jackson","IA",36,16395,20839,"wave_coverage_differs","19097",""
"19099","Jasper","IA",53,18776,35425,"wave_coverage_differs","19099",""
"19101","Jefferson","IA",35,8631,15774,"wave_coverage_differs","19101",""
"19103","Johnson","IA",52,31878,72127,"wave_coverage_differs","19103",""
"19105","Jones","IA",36,13019,19868,"wave_coverage_differs","19105",""
"19107","Keokuk","IA",50,8371,13943,"wave_coverage_differs","19107",""
"19109","Kossuth","IA",44,19315,22937,"wave_coverage_differs","19109",""
"19111","Lee","IA",56,25132,42996,"wave_coverage_differs","19111",""
"19113","Linn","IA",119,87883,163213,"wave_coverage_differs","19113",""
"19115","Louisa","IA",16,4429,10682,"wave_coverage_differs","19115",""
"19117","Lucas","IA",19,4323,10163,"wave_coverage_differs","19117",""
"19119","Lyon","IA",33,9947,13340,"wave_coverage_differs","19119",""
"19121","Madison","IA",31,6401,11558,"wave_coverage_differs","19121",""
"19123","Mahaska","IA",37,11590,22177,"wave_coverage_differs","19123",""
"19125","Marion","IA",45,16773,26352,"wave_coverage_differs","19125",""
"19127","Marshall","IA",60,24880,41076,"wave_coverage_differs","19127",""
"19129","Mills","IA",23,5645,11606,"wave_coverage_differs","19129",""
"19131","Mitchell","IA",29,11981,13108,"wave_coverage_differs","19131",""
"19133","Monona","IA",30,7558,12069,"wave_coverage_differs","19133",""
"19135","Monroe","IA",20,4282,9357,"wave_coverage_differs","19135",""
"19137","Montgomery","IA",28,8569,12781,"wave_coverage_differs","19137",""
"19139","Muscatine","IA",49,17711,37181,"wave_coverage_differs","19139",""
"19141","O'Brien","IA",39,15389,17522,"wave_coverage_differs","19141",""
"19143","Osceola","IA",20,7146,8555,"wave_coverage_differs","19143",""
"19145","Page","IA",42,11874,18507,"wave_coverage_differs","19145",""
"19147","Palo Alto","IA",30,12418,13289,"wave_coverage_differs","19147",""
"19149","Plymouth","IA",50,19835,24312,"wave_coverage_differs","19149",""
"19151","Pocahontas","IA",28,10962,12729,"wave_coverage_differs","19151",""
"19153","Polk","IA",178,139524,286101,"wave_coverage_differs","19153",""
"19155","Pottawattamie","IA",77,41831,86991,"wave_coverage_differs","19155",""
"19157","Poweshiek","IA",38,10389,18803,"wave_coverage_differs","19157",""
"19159","Ringgold","IA",23,2973,6373,"wave_coverage_differs","19159",""
"19161","Sac","IA",38,13306,15573,"wave_coverage_differs","19161",""
"19163","Scott","IA",82,70974,142687,"wave_coverage_differs","19163",""
"19165","Shelby","IA",27,12359,15528,"wave_coverage_differs","19165",""
"19167","Sioux","IA",59,25702,27996,"wave_coverage_differs","19167",""
"19169","Story","IA",62,33060,62783,"wave_coverage_differs","19169",""
"19171","Tama","IA",35,11695,20147,"wave_coverage_differs","19171",""
"19173","Taylor","IA",27,5427,8790,"wave_coverage_differs","19173",""
"19175","Union","IA",27,7519,13557,"wave_coverage_differs","19175",""
"19177","Van Buren","IA",28,4089,8643,"wave_coverage_differs","19177",""
"19179","Wapello","IA",53,17567,42149,"wave_coverage_differs","19179",""
"19181","Warren","IA",47,12462,27432,"wave_coverage_differs","19181",""
"19183","Washington","IA",41,12776,18967,"wave_coverage_differs","19183",""
"19185","Wayne","IA",21,3419,8405,"wave_coverage_differs","19185",""
"19187","Webster","IA",66,33673,48391,"wave_coverage_differs","19187",""
"19189","Winnebago","IA",25,11812,12990,"wave_coverage_differs","19189",""
"19191","Winneshiek","IA",36,16861,21758,"wave_coverage_differs","19191",""
"19193","Woodbury","IA",104,65254,103052,"wave_coverage_differs","19193",""
"19195","Worth","IA",19,7613,8968,"wave_coverage_differs","19195",""
"19197","Wright","IA",34,13069,17294,"wave_coverage_differs","19197",""
"20001","Allen","KS",34,7633,15043,"wave_coverage_differs","20001",""
"20003","Anderson","KS",26,5498,8501,"wave_coverage_differs","20003",""
"20005","Atchison","KS",32,12076,19165,"wave_coverage_differs","20005",""
"20007","Barber","KS",22,4965,7016,"wave_coverage_differs","20007",""
"20009","Barton","KS",51,23081,30663,"wave_coverage_differs","20009",""
"20011","Bourbon","KS",30,6950,15215,"wave_coverage_differs","20011",""
"20013","Brown","KS",34,7909,11685,"wave_coverage_differs","20013",""
"20015","Butler","KS",64,18329,38658,"wave_coverage_differs","20015",""
"20017","Chase","KS",15,1817,3408,"wave_coverage_differs","20017",""
"20019","Chautauqua","KS",18,2121,4642,"wave_coverage_differs","20019",""
"20021","Cherokee","KS",53,9598,21549,"wave_coverage_differs","20021",""
"20023","Cheyenne","KS",12,2307,4256,"wave_coverage_differs","20023",""
"20025","Clark","KS",10,2156,2896,"wave_coverage_differs","20025",""
"20027","Clay","KS",25,6482,9890,"wave_coverage_differs","20027",""
"20029","Cloud","KS",28,8855,13466,"wave_coverage_differs","20029",""
"20031","Coffey","KS",21,4488,7397,"wave_coverage_differs","20031",""
"20033","Comanche","KS",12,2356,2702,"wave_coverage_differs","20033",""
"20035","Cowley","KS",61,18608,35012,"wave_coverage_differs","20035",""
"20037","Crawford","KS",64,20072,37850,"wave_coverage_differs","20037",""
"20039","Decatur","KS",19,2898,4988,"wave_coverage_differs","20039",""
"20041","Dickinson","KS",57,13841,19993,"wave_coverage_differs","20041",""
"20043","Doniphan","KS",28,5406,9107,"wave_coverage_differs","20043",""
"20045","Douglas","KS",54,19450,57932,"wave_coverage_differs","20045",""
"20047","Edwards","KS",17,3328,4581,"wave_coverage_differs","20047",""
"20049","Elk","KS",15,2196,3858,"wave_coverage_differs","20049",""
"20051","Ellis","KS",26,16607,24730,"wave_coverage_differs","20051",""
"20053","Ellsworth","KS",18,4860,6146,"wave_coverage_differs","20053",""
"20055","Finney","KS",21,12097,18947,"wave_coverage_differs","20055",""
"20057","Ford","KS",32,15803,22587,"wave_coverage_differs","20057",""
"20059","Franklin","KS",36,10404,20007,"wave_coverage_differs","20059",""
"20061","Geary","KS",22,10203,28111,"wave_coverage_differs","20061",""
"20063","Gove","KS",8,2804,3940,"wave_coverage_differs","20063",""
"20065","Graham","KS",13,2639,4751,"wave_coverage_differs","20065",""
"20067","Grant","KS",9,3459,5961,"wave_coverage_differs","20067",""
"20069","Gray","KS",10,2106,4516,"wave_coverage_differs","20069",""
"20071","Greeley","KS",5,1251,1819,"wave_coverage_differs","20071",""
"20073","Greenwood","KS",28,4544,9141,"wave_coverage_differs","20073",""
"20075","Hamilton","KS",7,1598,2747,"wave_coverage_differs","20075",""
"20077","Harper","KS",30,6132,7871,"wave_coverage_differs","20077",""
"20079","Harvey","KS",47,18527,27236,"wave_coverage_differs","20079",""
"20081","Haskell","KS",9,2374,3672,"wave_coverage_differs","20081",""
"20083","Hodgeman","KS",10,1657,2662,"wave_coverage_differs","20083",""
"20085","Jackson","KS",31,6572,10342,"wave_coverage_differs","20085",""
"20087","Jefferson","KS",32,6924,11945,"wave_coverage_differs","20087",""
"20089","Jewell","KS",23,3828,6099,"wave_coverage_differs","20089",""
"20091","Johnson","KS",104,112199,217662,"wave_coverage_differs","20091",""
"20093","Kearny","KS",8,1650,3047,"wave_coverage_differs","20093",""
"20095","Kingman","KS",25,6189,8886,"wave_coverage_differs","20095",""
"20097","Kiowa","KS",8,2652,4088,"wave_coverage_differs","20097",""
"20099","Labette","KS",54,12865,25775,"wave_coverage_differs","20099",""
"20101","Lane","KS",9,2089,2707,"wave_coverage_differs","20101",""
"20103","Leavenworth","KS",48,22080,53340,"wave_coverage_differs","20103",""
"20105","Lincoln","KS",17,3158,4582,"wave_coverage_differs","20105",""
"20107","Linn","KS",22,3351,7770,"wave_coverage_differs","20107",""
"20109","Logan","KS",10,2790,3814,"wave_coverage_differs","20109",""
"20111","Lyon","KS",39,15677,32071,"wave_coverage_differs","20111",""
"20113","McPherson","KS",52,16605,24778,"wave_coverage_differs","20113",""
"20115","Marion","KS",43,9046,13935,"wave_coverage_differs","20115",""
"20117","Marshall","KS",42,9170,13139,"wave_coverage_differs","20117",""
"20119","Meade","KS",17,3344,4912,"wave_coverage_differs","20119",""
"20121","Miami","KS",33,10038,19254,"wave_coverage_differs","20121",""
"20123","Mitchell","KS",25,6992,8010,"wave_coverage_differs","20123",""
"20125","Montgomery","KS",80,22364,39949,"wave_coverage_differs","20125",""
"20127","Morris","KS",19,3667,6432,"wave_coverage_differs","20127",""
"20129","Morton","KS",12,2330,3576,"wave_coverage_differs","20129",""
"20131","Nemaha","KS",27,7503,11825,"wave_coverage_differs","20131",""
"20133","Neosho","KS",43,10148,18812,"wave_coverage_differs","20133",""
"20135","Ness","KS",18,4179,4791,"wave_coverage_differs","20135",""
"20137","Norton","KS",20,4126,7279,"wave_coverage_differs","20137",""
"20139","Osage","KS",25,4724,13352,"wave_coverage_differs","20139",""
"20141","Osborne","KS",26,3805,6416,"wave_coverage_differs","20141",""
"20143","Ottawa","KS",23,3200,6183,"wave_coverage_differs","20143",""
"20145","Pawnee","KS",17,4851,8484,"wave_coverage_differs","20145",""
"20147","Phillips","KS",26,4885,7888,"wave_coverage_differs","20147",""
"20149","Pottawatomie","KS",33,8125,11755,"wave_coverage_differs","20149",""
"20151","Pratt","KS",28,6315,10056,"wave_coverage_differs","20151",""
"20153","Rawlins","KS",12,3264,4393,"wave_coverage_differs","20153",""
"20155","Reno","KS",78,31645,60765,"wave_coverage_differs","20155",""
"20157","Republic","KS",27,4638,8498,"wave_coverage_differs","20157",""
"20159","Rice","KS",30,7818,12320,"wave_coverage_differs","20159",""
"20161","Riley","KS",37,18526,56788,"wave_coverage_differs","20161",""
"20163","Rooks","KS",20,5365,7628,"wave_coverage_differs","20163",""
"20165","Rush","KS",20,4178,5117,"wave_coverage_differs","20165",""
"20167","Russell","KS",27,7058,9428,"wave_coverage_differs","20167",""
"20169","Saline","KS",49,27086,46592,"wave_coverage_differs","20169",""
"20171","Scott","KS",11,3974,5606,"wave_coverage_differs","20171",""
"20173","Sedgwick","KS",263,166408,350694,"wave_coverage_differs","20173",""
"20175","Seward","KS",24,7914,15744,"wave_coverage_differs","20175",""
"20177","Shawnee","KS",105,69069,155322,"wave_coverage_differs","20177",""
"20179","Sheridan","KS",13,3398,3859,"wave_coverage_differs","20179",""
"20181","Sherman","KS",12,3834,7792,"wave_coverage_differs","20181",""
"20183","Smith","KS",25,4322,6757,"wave_coverage_differs","20183",""
"20185","Stafford","KS",22,3840,5943,"wave_coverage_differs","20185",""
"20187","Stanton","KS",4,1043,2287,"wave_coverage_differs","20187",""
"20189","Stevens","KS",12,3051,4198,"wave_coverage_differs","20189",""
"20191","Sumner","KS",51,15193,23553,"wave_coverage_differs","20191",""
"20193","Thomas","KS",12,4085,7501,"wave_coverage_differs","20193",""
"20195","Trego","KS",13,3234,4436,"wave_coverage_differs","20195",""
"20197","Wabaunsee","KS",20,3850,6397,"wave_coverage_differs","20197",""
"20199","Wallace","KS",8,1368,2215,"wave_coverage_differs","20199",""
"20201","Washington","KS",40,7667,9249,"wave_coverage_differs","20201",""
"20203","Wichita","KS",9,1954,3274,"wave_coverage_differs","20203",""
"20205","Wilson","KS",29,4750,11317,"wave_coverage_differs","20205",""
"20207","Woodson","KS",14,2676,4789,"wave_coverage_differs","20207",""
"20209","Wyandotte","KS",141,76081,186845,"wave_coverage_differs","20209",""
"21001","Adair","KY",71,8826,13037,"wave_coverage_differs","21001",""
"21003","Allen","KY",35,6228,12598,"wave_coverage_differs","21003",""
"21005","Anderson","KY",30,7190,9358,"wave_coverage_differs","21005",""
"21007","Ballard","KY",31,6588,8276,"wave_coverage_differs","21007",""
"21009","Barren","KY",61,15103,28677,"wave_coverage_differs","21009",""
"21011","Bath","KY",40,3886,9235,"wave_coverage_differs","21011",""
"21013","Bell","KY",86,19267,31087,"wave_coverage_differs","21013",""
"21015","Boone","KY",45,18314,32812,"wave_coverage_differs","21015",""
"21017","Bourbon","KY",36,10241,18476,"wave_coverage_differs","21017",""
"21019","Boyd","KY",73,28802,52376,"wave_coverage_differs","21019",""
"21021","Boyle","KY",45,15714,21090,"wave_coverage_differs","21021",""
"21023","Bracken","KY",41,5727,7227,"wave_coverage_differs","21023",""
"21025","Breathitt","KY",29,2641,14221,"wave_coverage_differs","21025",""
"21027","Breckinridge","KY",65,11243,14789,"wave_coverage_differs","21027",""
"21029","Bullitt","KY",41,15352,26090,"wave_coverage_differs","21029",""
"21031","Butler","KY",43,6455,9723,"wave_coverage_differs","21031",""
"21033","Caldwell","KY",44,10844,13179,"wave_coverage_differs","21033",""
"21035","Calloway","KY",53,13873,27692,"wave_coverage_differs","21035",""
"21037","Campbell","KY",98,53171,88501,"wave_coverage_differs","21037",""
"21039","Carlisle","KY",23,4163,5354,"wave_coverage_differs","21039",""
"21041","Carroll","KY",23,5019,8523,"wave_coverage_differs","21041",""
"21043","Carter","KY",43,5200,19850,"wave_coverage_differs","21043",""
"21045","Casey","KY",44,6037,12930,"wave_coverage_differs","21045",""
"21047","Christian","KY",87,21919,56224,"wave_coverage_differs","21047",""
"21049","Clark","KY",36,12527,24090,"wave_coverage_differs","21049",""
"21051","Clay","KY",42,7707,18481,"wave_coverage_differs","21051",""
"21053","Clinton","KY",30,4150,8174,"wave_coverage_differs","21053",""
"21055","Crittenden","KY",42,5547,8493,"wave_coverage_differs","21055",""
"21057","Cumberland","KY",29,2736,6850,"wave_coverage_differs","21057",""
"21059","Daviess","KY",112,59802,79486,"wave_coverage_differs","21059",""
"21061","Edmonson","KY",18,3170,8751,"wave_coverage_differs","21061",""
"21063","Elliott","KY",4,394,5933,"wave_coverage_differs","21063",""
"21065","Estill","KY",43,5534,12752,"wave_coverage_differs","21065",""
"21067","Fayette","KY",134,88264,174323,"wave_coverage_differs","21067",""
"21069","Fleming","KY",46,4743,11366,"wave_coverage_differs","21069",""
"21071","Floyd","KY",50,6000,35889,"wave_coverage_differs","21071",""
"21073","Franklin","KY",50,23388,34481,"wave_coverage_differs","21073",""
"21075","Fulton","KY",30,7530,10183,"wave_coverage_differs","21075",""
"21077","Gallatin","KY",15,2908,4134,"wave_coverage_differs","21077",""
"21079","Garrard","KY",37,6445,9457,"wave_coverage_differs","21079",""
"21081","Grant","KY",38,7390,9999,"wave_coverage_differs","21081",""
"21083","Graves","KY",79,20131,30939,"wave_coverage_differs","21083",""
"21085","Grayson","KY",51,8007,16445,"wave_coverage_differs","21085",""
"21087","Green","KY",41,8363,10350,"wave_coverage_differs","21087",""
"21089","Greenup","KY",45,9140,33192,"wave_coverage_differs","21089",""
"21091","Hancock","KY",25,5222,7080,"wave_coverage_differs","21091",""
"21093","Hardin","KY",83,28130,78421,"wave_coverage_differs","21093",""
"21095","Harlan","KY",98,19094,37370,"wave_coverage_differs","21095",""
"21097","Harrison","KY",53,8027,14158,"wave_coverage_differs","21097",""
"21099","Hart","KY",58,9811,13980,"wave_coverage_differs","21099",""
"21101","Henderson","KY",55,21434,36031,"wave_coverage_differs","21101",""
"21103","Henry","KY",43,7944,10910,"wave_coverage_differs","21103",""
"21105","Hickman","KY",26,4212,6264,"wave_coverage_differs","21105",""
"21107","Hopkins","KY",76,21352,38167,"wave_coverage_differs","21107",""
"21109","Jackson","KY",34,4234,10005,"wave_coverage_differs","21109",""
"21111","Jefferson","KY",471,375905,695055,"wave_coverage_differs","21111",""
"21113","Jessamine","KY",30,5935,17430,"wave_coverage_differs","21113",""
"21115","Johnson","KY",19,2690,17539,"wave_coverage_differs","21115",""
"21117","Kenton","KY",124,76374,129440,"wave_coverage_differs","21117",""
"21119","Knott","KY",7,1248,14698,"wave_coverage_differs","21119",""
"21121","Knox","KY",72,14462,23689,"wave_coverage_differs","21121",""
"21123","Larue","KY",26,7441,10672,"wave_coverage_differs","21123",""
"21125","Laurel","KY",70,12558,27386,"wave_coverage_differs","21125",""
"21127","Lawrence","KY",23,1727,10726,"wave_coverage_differs","21127",""
"21129","Lee","KY",31,3285,6587,"wave_coverage_differs","21129",""
"21131","Leslie","KY",24,2044,11623,"wave_coverage_differs","21131",""
"21133","Letcher","KY",31,3168,23165,"wave_coverage_differs","21133",""
"21135","Lewis","KY",40,3134,12355,"wave_coverage_differs","21135",""
"21137","Lincoln","KY",67,11297,16663,"wave_coverage_differs","21137",""
"21139","Livingston","KY",39,5762,7596,"wave_coverage_differs","21139",""
"21141","Logan","KY",61,14936,21793,"wave_coverage_differs","21141",""
"21143","Lyon","KY",17,3524,5562,"wave_coverage_differs","21143",""
"21145","McCracken","KY",83,36657,58281,"wave_coverage_differs","21145",""
"21147","McCreary","KY",21,3850,12548,"wave_coverage_differs","21147",""
"21149","McLean","KY",33,5842,9062,"wave_coverage_differs","21149",""
"21151","Madison","KY",79,18135,42730,"wave_coverage_differs","21151",""
"21153","Magoffin","KY",5,728,10443,"wave_coverage_differs","21153",""
"21155","Marion","KY",36,13907,16714,"wave_coverage_differs","21155",""
"21157","Marshall","KY",45,10771,20381,"wave_coverage_differs","21157",""
"21159","Martin","KY",11,945,9377,"wave_coverage_differs","21159",""
"21161","Mason","KY",56,11099,17273,"wave_coverage_differs","21161",""
"21163","Meade","KY",32,9953,18796,"wave_coverage_differs","21163",""
"21165","Menifee","KY",9,670,4050,"wave_coverage_differs","21165",""
"21167","Mercer","KY",44,12385,15960,"wave_coverage_differs","21167",""
"21169","Metcalfe","KY",31,4032,8177,"wave_coverage_differs","21169",""
"21171","Monroe","KY",17,3380,11642,"wave_coverage_differs","21171",""
"21173","Montgomery","KY",27,6715,15364,"wave_coverage_differs","21173",""
"21175","Morgan","KY",19,2133,10019,"wave_coverage_differs","21175",""
"21177","Muhlenberg","KY",82,18873,27537,"wave_coverage_differs","21177",""
"21179","Nelson","KY",45,16638,23477,"wave_coverage_differs","21179",""
"21181","Nicholas","KY",23,3561,6508,"wave_coverage_differs","21181",""
"21183","Ohio","KY",78,12803,18790,"wave_coverage_differs","21183",""
"21185","Oldham","KY",26,8005,14687,"wave_coverage_differs","21185",""
"21187","Owen","KY",38,6978,7470,"wave_coverage_differs","21187",""
"21189","Owsley","KY",16,1200,5023,"wave_coverage_differs","21189",""
"21191","Pendleton","KY",40,7977,9949,"wave_coverage_differs","21191",""
"21193","Perry","KY",53,8430,25714,"wave_coverage_differs","21193",""
"21195","Pike","KY",77,11254,61059,"wave_coverage_differs","21195",""
"21197","Powell","KY",22,3055,7704,"wave_coverage_differs","21197",""
"21199","Pulaski","KY",99,22166,35234,"wave_coverage_differs","21199",""
"21201","Robertson","KY",6,892,2163,"wave_coverage_differs","21201",""
"21203","Rockcastle","KY",35,6734,12305,"wave_coverage_differs","21203",""
"21205","Rowan","KY",16,4164,17010,"wave_coverage_differs","21205",""
"21207","Russell","KY",36,4833,10542,"wave_coverage_differs","21207",""
"21209","Scott","KY",45,9930,17948,"wave_coverage_differs","21209",""
"21211","Shelby","KY",43,13795,18999,"wave_coverage_differs","21211",""
"21213","Simpson","KY",26,5914,13054,"wave_coverage_differs","21213",""
"21215","Spencer","KY",17,5771,5488,"wave_coverage_differs","21215",""
"21217","Taylor","KY",55,13865,17138,"wave_coverage_differs","21217",""
"21219","Todd","KY",36,6584,10823,"wave_coverage_differs","21219",""
"21221","Trigg","KY",30,5781,8620,"wave_coverage_differs","21221",""
"21223","Trimble","KY",18,3213,5349,"wave_coverage_differs","21223",""
"21225","Union","KY",37,10760,15882,"wave_coverage_differs","21225",""
"21227","Warren","KY",92,27349,57432,"wave_coverage_differs","21227",""
"21229","Washington","KY",31,10715,10728,"wave_coverage_differs","21229",""
"21231","Wayne","KY",35,9375,14268,"wave_coverage_differs","21231",""
"21233","Webster","KY",39,6883,13282,"wave_coverage_differs","21233",""
"21235","Whitley","KY",88,20195,24145,"wave_coverage_differs","21235",""
"21237","Wolfe","KY",9,1148,5669,"wave_coverage_differs","21237",""
"21239","Woodford","KY",38,10947,14434,"wave_coverage_differs","21239",""
"22001","Acadia","LA",54,46748,52109,"wave_coverage_differs","22001",""
"22003","Allen","LA",31,11508,20794,"wave_coverage_differs","22003",""
"22005","Ascension","LA",25,25391,37086,"wave_coverage_differs","22005",""
"22007","Assumption","LA",13,13180,19654,"wave_coverage_differs","22007",""
"22009","Avoyelles","LA",53,26396,37751,"wave_coverage_differs","22009",""
"22011","Beauregard","LA",40,8965,22888,"wave_coverage_differs","22011",""
"22013","Bienville","LA",37,8310,16024,"wave_coverage_differs","22013",""
"22015","Bossier","LA",59,25699,64519,"wave_coverage_differs","22015",""
"22017","Caddo","LA",167,122942,230184,"wave_coverage_differs","22017",""
"22019","Calcasieu","LA",111,100434,145415,"wave_coverage_differs","22019",""
"22021","Caldwell","LA",26,4469,9354,"wave_coverage_differs","22021",""
"22023","Cameron","LA",19,5585,8194,"wave_coverage_differs","22023",""
"22025","Catahoula","LA",31,5596,11769,"wave_coverage_differs","22025",""
"22027","Claiborne","LA",35,7380,17024,"wave_coverage_differs","22027",""
"22029","Concordia","LA",34,8331,22578,"wave_coverage_differs","22029",""
"22031","De Soto","LA",52,10893,22764,"wave_coverage_differs","22031",""
"22033","East Baton Rouge","LA",129,143451,285167,"wave_coverage_differs","22033",""
"22035","East Carroll","LA",13,4663,12884,"wave_coverage_differs","22035",""
"22037","East Feliciana","LA",18,5130,17657,"wave_coverage_differs","22037",""
"22039","Evangeline","LA",28,23451,31932,"wave_coverage_differs","22039",""
"22041","Franklin","LA",50,13470,23946,"wave_coverage_differs","22041",""
"22043","Grant","LA",40,8542,13671,"wave_coverage_differs","22043",""
"22045","Iberia","LA",32,48836,57397,"wave_coverage_differs","22045",""
"22047","Iberville","LA",24,13560,30746,"wave_coverage_differs","22047",""
"22049","Jackson","LA",41,8622,15963,"wave_coverage_differs","22049",""
"22051","Jefferson","LA",94,219748,337568,"wave_coverage_differs","22051",""
"22053","Jefferson Davis","LA",34,22301,29554,"wave_coverage_differs","22053",""
"22055","Lafayette","LA",50,99052,109716,"wave_coverage_differs","22055",""
"22057","Lafourche","LA",31,66528,68941,"wave_coverage_differs","22057",""
"22059","LaSalle","LA",50,10464,13295,"wave_coverage_differs","22059",""
"22061","Lincoln","LA",45,13054,33800,"wave_coverage_differs","22061",""
"22063","Livingston","LA",64,23376,36511,"wave_coverage_differs","22063",""
"22065","Madison","LA",14,4941,15065,"wave_coverage_differs","22065",""
"22067","Morehouse","LA",51,14160,32463,"wave_coverage_differs","22067",""
"22069","Natchitoches","LA",74,17525,35219,"wave_coverage_differs","22069",""
"22071","Orleans","LA",238,336051,593471,"wave_coverage_differs","22071",""
"22073","Ouachita","LA",110,61687,115387,"wave_coverage_differs","22073",""
"22075","Plaquemines","LA",24,16973,25225,"wave_coverage_differs","22075",""
"22077","Pointe Coupee","LA",13,11595,22002,"wave_coverage_differs","22077",""
"22079","Rapides","LA",165,67628,118078,"wave_coverage_differs","22079",""
"22081","Red River","LA",20,4415,9226,"wave_coverage_differs","22081",""
"22083","Richland","LA",51,12398,21774,"wave_coverage_differs","22083",""
"22085","Sabine","LA",68,12808,18638,"wave_coverage_differs","22085",""
"22087","St. Bernard","LA",19,38688,51185,"wave_coverage_differs","22087",""
"22089","St. Charles","LA",19,23518,29550,"wave_coverage_differs","22089",""
"22091","St. Helena","LA",23,4780,9937,"wave_coverage_differs","22091",""
"22093","St. James","LA",12,14977,19733,"wave_coverage_differs","22093",""
"22095","St. John the Baptist","LA",8,16293,23813,"wave_coverage_differs","22095",""
"22097","St. Landry","LA",61,59849,80364,"wave_coverage_differs","22097",""
"22099","St. Martin","LA",9,29008,32453,"wave_coverage_differs","22099",""
"22101","St. Mary","LA",45,38583,60752,"wave_coverage_differs","22101",""
"22103","St. Tammany","LA",65,35398,63585,"wave_coverage_differs","22103",""
"22105","Tangipahoa","LA",77,29728,65875,"wave_coverage_differs","22105",""
"22107","Tensas","LA",21,3144,9732,"wave_coverage_differs","22107",""
"22109","Terrebonne","LA",37,29355,76049,"wave_coverage_differs","22109",""
"22111","Union","LA",53,11381,18447,"wave_coverage_differs","22111",""
"22113","Vermilion","LA",32,33922,43071,"wave_coverage_differs","22113",""
"22115","Vernon","LA",64,16762,53794,"wave_coverage_differs","22115",""
"22117","Washington","LA",50,19221,41987,"wave_coverage_differs","22117",""
"22119","Webster","LA",59,20126,39939,"wave_coverage_differs","22119",""
"22121","West Baton Rouge","LA",9,9359,16864,"wave_coverage_differs","22121",""
"22123","West Carroll","LA",32,7894,13028,"wave_coverage_differs","22123",""
"22125","West Feliciana","LA",5,1910,11376,"wave_coverage_differs","22125",""
"22127","Winn","LA",57,9634,16369,"wave_coverage_differs","22127",""
"23001","Androscoggin","ME",74,55648,91279,"wave_coverage_differs","23001",""
"23003","Aroostook","ME",117,51551,92463,"wave_coverage_differs","23003",""
"23005","Cumberland","ME",168,88642,192528,"wave_coverage_differs","23005",""
"23007","Franklin","ME",42,8865,22444,"wave_coverage_differs","23007",""
"23009","Hancock","ME",90,10813,34590,"wave_coverage_differs","23009",""
"23011","Kennebec","ME",101,43620,95247,"wave_coverage_differs","23011",""
"23013","Knox","ME",48,8628,29013,"wave_coverage_differs","23013",""
"23015","Lincoln","ME",38,5025,20537,"wave_coverage_differs","23015",""
"23017","Oxford","ME",61,16736,43457,"wave_coverage_differs","23017",""
"23019","Penobscot","ME",117,51914,125393,"wave_coverage_differs","23019",""
"23021","Piscataquis","ME",28,4968,16285,"wave_coverage_differs","23021",""
"23023","Sagadahoc","ME",30,7116,23452,"wave_coverage_differs","23023",""
"23025","Somerset","ME",54,15799,40597,"wave_coverage_differs","23025",""
"23027","Waldo","ME",32,4454,23328,"wave_coverage_differs","23027",""
"23029","Washington","ME",76,9221,29859,"wave_coverage_differs","23029",""
"23031","York","ME",119,56681,111576,"wave_coverage_differs","23031",""
"24001","Allegany","MD",123,48747,84044,"wave_coverage_differs","24001",""
"24003","Anne Arundel","MD",156,119813,297539,"wave_coverage_differs","24003",""
"24005","Baltimore","MD",270,246103,621077,"wave_coverage_differs","24005",""
"24009","Calvert","MD",25,6344,20682,"wave_coverage_differs","24009",""
"24011","Caroline","MD",43,8222,19781,"wave_coverage_differs","24011",""
"24013","Carroll","MD",118,35096,69006,"wave_coverage_differs","24013",""
"24015","Cecil","MD",69,17181,53291,"wave_coverage_differs","24015",""
"24017","Charles","MD",41,25183,47678,"wave_coverage_differs","24017",""
"24019","Dorchester","MD",70,11850,29405,"wave_coverage_differs","24019",""
"24021","Frederick","MD",151,57022,84927,"wave_coverage_differs","24021",""
"24023","Garrett","MD",72,10415,21476,"wave_coverage_differs","24023",""
"24025","Harford","MD",95,47408,115378,"wave_coverage_differs","24025",""
"24027","Howard","MD",74,31284,61911,"wave_coverage_differs","24027",""
"24029","Kent","MD",46,8036,16146,"wave_coverage_differs","24029",""
"24031","Montgomery","MD",220,234463,522809,"wave_coverage_differs","24031",""
"24033","Prince George's","MD",212,231977,660567,"wave_coverage_differs","24033",""
"24035","Queen Anne's","MD",42,7710,18422,"wave_coverage_differs","24035",""
"24037","St. Mary's","MD",37,21197,47388,"wave_coverage_differs","24037",""
"24039","Somerset","MD",55,9252,18924,"wave_coverage_differs","24039",""
"24041","Talbot","MD",48,10037,23682,"wave_coverage_differs","24041",""
"24043","Washington","MD",137,53269,103829,"wave_coverage_differs","24043",""
"24045","Wicomico","MD",82,22867,54236,"wave_coverage_differs","24045",""
"24047","Worcester","MD",62,10932,24442,"wave_coverage_differs","24047",""
"24510","Baltimore","MD",406,389735,905759,"wave_coverage_differs","24510",""
"25001","Barnstable","MA",79,48260,96656,"wave_coverage_differs","25001",""
"25003","Berkshire","MA",110,97209,149402,"wave_coverage_differs","25003",""
"25005","Bristol","MA",218,305502,444301,"wave_coverage_differs","25005",""
"25007","Dukes","MA",16,3237,6117,"wave_coverage_differs","25007",""
"25009","Essex","MA",294,443431,637887,"wave_coverage_differs","25009",""
"25011","Franklin","MA",77,29488,59210,"wave_coverage_differs","25011",""
"25013","Hampden","MA",188,286592,459050,"wave_coverage_differs","25013",""
"25015","Hampshire","MA",79,64156,123981,"wave_coverage_differs","25015",""
"25017","Middlesex","MA",511,800381,1397268,"wave_coverage_differs","25017",""
"25019","Nantucket","MA",6,3099,3774,"wave_coverage_differs","25019",""
"25021","Norfolk","MA",221,404374,605051,"wave_coverage_differs","25021",""
"25023","Plymouth","MA",160,238064,333314,"wave_coverage_differs","25023",""
"25025","Suffolk","MA",225,435045,735190,"wave_coverage_differs","25025",""
"25027","Worcester","MA",400,429296,637969,"wave_coverage_differs","25027",""
"26001","Alcona","MI",18,1838,7113,"wave_coverage_differs","26001",""
"26003","Alger","MI",17,4944,8568,"wave_coverage_differs","26003",""
"26005","Allegan","MI",155,23734,66575,"wave_coverage_differs","26005",""
"26007","Alpena","MI",35,23751,30708,"wave_coverage_differs","26007",""
"26009","Antrim","MI",27,4292,12612,"wave_coverage_differs","26009",""
"26011","Arenac","MI",24,6004,11149,"wave_coverage_differs","26011",""
"26013","Baraga","MI",15,3787,7789,"wave_coverage_differs","26013",""
"26015","Barry","MI",38,9584,38166,"wave_coverage_differs","26015",""
"26017","Bay","MI",73,81728,117339,"wave_coverage_differs","26017",""
"26019","Benzie","MI",16,3099,8593,"wave_coverage_differs","26019",""
"26021","Berrien","MI",133,73035,163875,"wave_coverage_differs","26021",""
"26023","Branch","MI",30,10912,37906,"wave_coverage_differs","26023",""
"26025","Calhoun","MI",99,46827,141963,"wave_coverage_differs","26025",""
"26027","Cass","MI",42,9141,43312,"wave_coverage_differs","26027",""
"26029","Charlevoix","MI",29,6467,16541,"wave_coverage_differs","26029",""
"26031","Cheboygan","MI",23,9212,16573,"wave_coverage_differs","26031",""
"26033","Chippewa","MI",46,13268,32412,"wave_coverage_differs","26033",""
"26035","Clare","MI",15,4523,16695,"wave_coverage_differs","26035",""
"26037","Clinton","MI",47,18038,48492,"wave_coverage_differs","26037",""
"26039","Crawford","MI",9,2063,6482,"wave_coverage_differs","26039",""
"26041","Delta","MI",52,25533,35924,"wave_coverage_differs","26041",""
"26043","Dickinson","MI",31,15255,23753,"wave_coverage_differs","26043",""
"26045","Eaton","MI",57,21120,68892,"wave_coverage_differs","26045",""
"26047","Emmet","MI",32,9885,18331,"wave_coverage_differs","26047",""
"26049","Genesee","MI",226,155148,444341,"wave_coverage_differs","26049",""
"26051","Gladwin","MI",19,4524,13471,"wave_coverage_differs","26051",""
"26053","Gogebic","MI",32,15144,20676,"wave_coverage_differs","26053",""
"26055","Grand Traverse","MI",36,20443,39175,"wave_coverage_differs","26055",""
"26057","Gratiot","MI",60,17809,39246,"wave_coverage_differs","26057",""
"26059","Hillsdale","MI",46,9629,37171,"wave_coverage_differs","26059",""
"26061","Houghton","MI",39,18474,34652,"wave_coverage_differs","26061",""
"26063","Huron","MI",63,25547,34083,"wave_coverage_differs","26063",""
"26065","Ingham","MI",150,102804,261039,"wave_coverage_differs","26065",""
"26067","Ionia","MI",56,19086,45848,"wave_coverage_differs","26067",""
"26069","Iosco","MI",30,8131,24905,"wave_coverage_differs","26069",""
"26071","Iron","MI",27,7527,13813,"wave_coverage_differs","26071",""
"26073","Isabella","MI",41,20277,44594,"wave_coverage_differs","26073",""
"26075","Jackson","MI",82,44903,143274,"wave_coverage_differs","26075",""
"26077","Kalamazoo","MI",129,72072,201550,"wave_coverage_differs","26077",""
"26079","Kalkaska","MI",13,1893,5272,"wave_coverage_differs","26079",""
"26081","Kent","MI",299,211291,411044,"wave_coverage_differs","26081",""
"26083","Keweenaw","MI",7,1037,2264,"wave_coverage_differs","26083",""
"26085","Lake","MI",9,668,5661,"wave_coverage_differs","26085",""
"26087","Lapeer","MI",47,16461,52317,"wave_coverage_differs","26087",""
"26089","Leelanau","MI",24,5679,10872,"wave_coverage_differs","26089",""
"26091","Lenawee","MI",90,35291,81609,"wave_coverage_differs","26091",""
"26093","Livingston","MI",41,20167,58967,"wave_coverage_differs","26093",""
"26095","Luce","MI",9,2780,6789,"wave_coverage_differs","26095",""
"26097","Mackinac","MI",24,4731,9660,"wave_coverage_differs","26097",""
"26099","Macomb","MI",190,391466,625309,"wave_coverage_differs","26099",""
"26101","Manistee","MI",29,13111,20094,"wave_coverage_differs","26101",""
"26103","Marquette","MI",66,33848,64686,"wave_coverage_differs","26103",""
"26105","Mason","MI",32,12231,22612,"wave_coverage_differs","26105",""
"26107","Mecosta","MI",38,11348,27992,"wave_coverage_differs","26107",""
"26109","Menominee","MI",40,17278,24587,"wave_coverage_differs","26109",""
"26111","Midland","MI",61,35498,63769,"wave_coverage_differs","26111",""
"26113","Missaukee","MI",25,3803,7126,"wave_coverage_differs","26113",""
"26115","Monroe","MI",85,62824,118479,"wave_coverage_differs","26115",""
"26117","Montcalm","MI",64,11573,39660,"wave_coverage_differs","26117",""
"26119","Montmorency","MI",13,2277,5247,"wave_coverage_differs","26119",""
"26121","Muskegon","MI",107,61082,157426,"wave_coverage_differs","26121",""
"26123","Newaygo","MI",36,11232,27992,"wave_coverage_differs","26123",""
"26125","Oakland","MI",316,393617,907871,"wave_coverage_differs","26125",""
"26127","Oceana","MI",29,7080,17984,"wave_coverage_differs","26127",""
"26129","Ogemaw","MI",17,5976,11903,"wave_coverage_differs","26129",""
"26131","Ontonagon","MI",25,5898,10548,"wave_coverage_differs","26131",""
"26133","Osceola","MI",40,6280,14838,"wave_coverage_differs","26133",""
"26135","Oscoda","MI",11,2107,4726,"wave_coverage_differs","26135",""
"26137","Otsego","MI",10,4996,10422,"wave_coverage_differs","26137",""
"26139","Ottawa","MI",140,86328,128181,"wave_coverage_differs","26139",""
"26141","Presque Isle","MI",22,9501,12836,"wave_coverage_differs","26141",""
"26143","Roscommon","MI",17,2936,9892,"wave_coverage_differs","26143",""
"26145","Saginaw","MI",141,124195,219743,"wave_coverage_differs","26145",""
"26147","St. Clair","MI",94,64589,120175,"wave_coverage_differs","26147",""
"26149","St. Joseph","MI",58,19905,47392,"wave_coverage_differs","26149",""
"26151","Sanilac","MI",66,14560,34889,"wave_coverage_differs","26151",""
"26153","Schoolcraft","MI",16,4795,8226,"wave_coverage_differs","26153",""
"26155","Shiawassee","MI",65,27257,63075,"wave_coverage_differs","26155",""
"26157","Tuscola","MI",70,23605,48603,"wave_coverage_differs","26157",""
"26159","Van Buren","MI",61,17541,56173,"wave_coverage_differs","26159",""
"26161","Washtenaw","MI",125,79841,234103,"wave_coverage_differs","26161",""
"26163","Wayne","MI",800,1189163,2666751,"wave_coverage_differs","26163",""
"26165","Wexford","MI",38,8002,19717,"wave_coverage_differs","26165",""
"27001","Aitkin","MN",32,5289,11403,"wave_coverage_differs","27001",""
"27003","Anoka","MN",51,72286,154556,"wave_coverage_differs","27003",""
"27005","Becker","MN",47,17486,24372,"wave_coverage_differs","27005",""
"27007","Beltrami","MN",33,13166,26373,"wave_coverage_differs","27007",""
"27009","Benton","MN",23,18168,20841,"wave_coverage_differs","27009",""
"27011","Big Stone","MN",25,8070,7941,"wave_coverage_differs","27011",""
"27013","Blue Earth","MN",64,36342,52322,"wave_coverage_differs","27013",""
"27015","Brown","MN",35,26829,28887,"wave_coverage_differs","27015",""
"27017","Carlton","MN",41,16737,28072,"wave_coverage_differs","27017",""
"27019","Carver","MN",39,22711,28310,"wave_coverage_differs","27019",""
"27021","Cass","MN",36,6903,17323,"wave_coverage_differs","27021",""
"27023","Chippewa","MN",30,12741,15109,"wave_coverage_differs","27023",""
"27025","Chisago","MN",26,12167,17492,"wave_coverage_differs","27025",""
"27027","Clay","MN",51,30446,46585,"wave_coverage_differs","27027",""
"27029","Clearwater","MN",14,3278,8013,"wave_coverage_differs","27029",""
"27031","Cook","MN",10,2057,3423,"wave_coverage_differs","27031",""
"27033","Cottonwood","MN",30,12677,14887,"wave_coverage_differs","27033",""
"27035","Crow Wing","MN",41,20849,34826,"wave_coverage_differs","27035",""
"27037","Dakota","MN",83,90985,139808,"wave_coverage_differs","27037",""
"27039","Dodge","MN",28,9028,13037,"wave_coverage_differs","27039",""
"27041","Douglas","MN",48,19166,22892,"wave_coverage_differs","27041",""
"27043","Faribault","MN",46,20171,20896,"wave_coverage_differs","27043",""
"27045","Fillmore","MN",58,20366,21916,"wave_coverage_differs","27045",""
"27047","Freeborn","MN",50,30995,38064,"wave_coverage_differs","27047",""
"27049","Goodhue","MN",58,30977,34763,"wave_coverage_differs","27049",""
"27051","Grant","MN",28,6873,7462,"wave_coverage_differs","27051",""
"27053","Hennepin","MN",438,516631,960080,"wave_coverage_differs","27053",""
"27055","Houston","MN",34,15125,17556,"wave_coverage_differs","27055",""
"27057","Hubbard","MN",21,5390,10583,"wave_coverage_differs","27057",""
"27059","Isanti","MN",18,8139,16560,"wave_coverage_differs","27059",""
"27061","Itasca","MN",55,18193,35530,"wave_coverage_differs","27061",""
"27063","Jackson","MN",32,12630,14352,"wave_coverage_differs","27063",""
"27065","Kanabec","MN",17,5665,9775,"wave_coverage_differs","27065",""
"27067","Kandiyohi","MN",56,24124,30548,"wave_coverage_differs","27067",""
"27069","Kittson","MN",20,4525,6853,"wave_coverage_differs","27069",""
"27071","Koochiching","MN",29,9386,17131,"wave_coverage_differs","27071",""
"27073","Lac qui Parle","MN",31,10156,11164,"wave_coverage_differs","27073",""
"27075","Lake","MN",12,6686,13351,"wave_coverage_differs","27075",""
"27077","Lake of the Woods","MN",17,2273,3987,"wave_coverage_differs","27077",""
"27079","Le Sueur","MN",34,17581,21332,"wave_coverage_differs","27079",""
"27081","Lincoln","MN",23,7369,8143,"wave_coverage_differs","27081",""
"27083","Lyon","MN",38,19083,24273,"wave_coverage_differs","27083",""
"27085","McLeod","MN",45,26826,27662,"wave_coverage_differs","27085",""
"27087","Mahnomen","MN",17,5217,5638,"wave_coverage_differs","27087",""
"27089","Marshall","MN",42,9196,13060,"wave_coverage_differs","27089",""
"27091","Martin","MN",49,21411,24316,"wave_coverage_differs","27091",""
"27093","Meeker","MN",43,16062,18810,"wave_coverage_differs","27093",""
"27095","Mille Lacs","MN",27,10992,15703,"wave_coverage_differs","27095",""
"27097","Morrison","MN",46,24250,26949,"wave_coverage_differs","27097",""
"27099","Mower","MN",54,37153,43783,"wave_coverage_differs","27099",""
"27101","Murray","MN",29,10744,12508,"wave_coverage_differs","27101",""
"27103","Nicollet","MN",27,15880,24518,"wave_coverage_differs","27103",""
"27105","Nobles","MN",44,20320,23208,"wave_coverage_differs","27105",""
"27107","Norman","MN",35,9644,10008,"wave_coverage_differs","27107",""
"27109","Olmsted","MN",57,56753,84104,"wave_coverage_differs","27109",""
"27111","Otter Tail","MN",104,35528,46097,"wave_coverage_differs","27111",""
"27113","Pennington","MN",18,9096,13266,"wave_coverage_differs","27113",""
"27115","Pine","MN",39,8663,16821,"wave_coverage_differs","27115",""
"27117","Pipestone","MN",29,11745,12791,"wave_coverage_differs","27117",""
"27119","Polk","MN",71,26560,34435,"wave_coverage_differs","27119",""
"27121","Pope","MN",29,9367,11107,"wave_coverage_differs","27121",""
"27123","Ramsey","MN",215,311466,476255,"wave_coverage_differs","27123",""
"27125","Red Lake","MN",16,4685,5388,"wave_coverage_differs","27125",""
"27127","Redwood","MN",54,18535,20024,"wave_coverage_differs","27127",""
"27129","Renville","MN",52,19306,21139,"wave_coverage_differs","27129",""
"27131","Rice","MN",44,28289,41582,"wave_coverage_differs","27131",""
"27133","Rock","MN",17,8648,11346,"wave_coverage_differs","27133",""
"27135","Roseau","MN",30,6749,11569,"wave_coverage_differs","27135",""
"27137","St. Louis","MN",204,127213,220693,"wave_coverage_differs","27137",""
"27139","Scott","MN",30,28747,32423,"wave_coverage_differs","27139",""
"27141","Sherburne","MN",21,9178,18344,"wave_coverage_differs","27141",""
"27143","Sibley","MN",34,13117,15845,"wave_coverage_differs","27143",""
"27145","Stearns","MN",95,80202,95400,"wave_coverage_differs","27145",""
"27147","Steele","MN",33,21154,26931,"wave_coverage_differs","27147",""
"27149","Stevens","MN",21,8806,11218,"wave_coverage_differs","27149",""
"27151","Swift","MN",32,11173,13177,"wave_coverage_differs","27151",""
"27153","Todd","MN",51,15816,22114,"wave_coverage_differs","27153",""
"27155","Traverse","MN",19,6023,6254,"wave_coverage_differs","27155",""
"27157","Wabasha","MN",38,15899,17224,"wave_coverage_differs","27157",""
"27159","Wadena","MN",29,8761,12412,"wave_coverage_differs","27159",""
"27161","Waseca","MN",30,15040,16663,"wave_coverage_differs","27161",""
"27163","Washington","MN",58,48045,82948,"wave_coverage_differs","27163",""
"27165","Watonwan","MN",30,11244,13298,"wave_coverage_differs","27165",""
"27167","Wilkin","MN",19,6895,9389,"wave_coverage_differs","27167",""
"27169","Winona","MN",65,34386,44409,"wave_coverage_differs","27169",""
"27171","Wright","MN",59,28334,38933,"wave_coverage_differs","27171",""
"27173","Yellow Medicine","MN",33,12670,14418,"wave_coverage_differs","27173",""
"28001","Adams","MS",39,16408,37293,"wave_coverage_differs","28001",""
"28003","Alcorn","MS",61,14653,27179,"wave_coverage_differs","28003",""
"28005","Amite","MS",40,6665,13763,"wave_coverage_differs","28005",""
"28007","Attala","MS",52,9341,19570,"wave_coverage_differs","28007",""
"28009","Benton","MS",23,3390,7505,"wave_coverage_differs","28009",""
"28011","Bolivar","MS",66,16466,49409,"wave_coverage_differs","28011",""
"28013","Calhoun","MS",64,11561,14623,"wave_coverage_differs","28013",""
"28015","Carroll","MS",43,4928,9397,"wave_coverage_differs","28015",""
"28017","Chickasaw","MS",63,9019,16805,"wave_coverage_differs","28017",""
"28019","Choctaw","MS",36,5025,8440,"wave_coverage_differs","28019",""
"28021","Claiborne","MS",25,3501,10086,"wave_coverage_differs","28021",""
"28023","Clarke","MS",77,10190,15049,"wave_coverage_differs","28023",""
"28025","Clay","MS",31,8129,18840,"wave_coverage_differs","28025",""
"28027","Coahoma","MS",35,12655,40447,"wave_coverage_differs","28027",""
"28029","Copiah","MS",70,14359,24749,"wave_coverage_differs","28029",""
"28031","Covington","MS",39,8062,14002,"wave_coverage_differs","28031",""
"28033","DeSoto","MS",57,14240,35885,"wave_coverage_differs","28033",""
"28035","Forrest","MS",88,38107,57849,"wave_coverage_differs","28035",""
"28037","Franklin","MS",41,5355,8011,"wave_coverage_differs","28037",""
"28039","George","MS",36,7124,12459,"wave_coverage_differs","28039",""
"28041","Greene","MS",39,4530,8545,"wave_coverage_differs","28041",""
"28043","Grenada","MS",27,8173,19854,"wave_coverage_differs","28043",""
"28045","Hancock","MS",30,11933,17387,"wave_coverage_differs","28045",""
"28047","Harrison","MS",125,67131,134582,"wave_coverage_differs","28047",""
"28049","Hinds","MS",177,116395,214973,"wave_coverage_differs","28049",""
"28051","Holmes","MS",58,7916,23120,"wave_coverage_differs","28051",""
"28053","Humphreys","MS",23,4663,14601,"wave_coverage_differs","28053",""
"28055","Issaquena","MS",9,877,2737,"wave_coverage_differs","28055",""
"28057","Itawamba","MS",56,8698,16847,"wave_coverage_differs","28057",""
"28059","Jackson","MS",97,43798,87975,"wave_coverage_differs","28059",""
"28061","Jasper","MS",64,8940,15994,"wave_coverage_differs","28061",""
"28063","Jefferson","MS",31,3162,9295,"wave_coverage_differs","28063",""
"28065","Jefferson Davis","MS",30,6717,12936,"wave_coverage_differs","28065",""
"28067","Jones","MS",109,35398,56357,"wave_coverage_differs","28067",""
"28069","Kemper","MS",52,4475,10233,"wave_coverage_differs","28069",""
"28071","Lafayette","MS",56,11167,24181,"wave_coverage_differs","28071",""
"28073","Lamar","MS",37,8320,15209,"wave_coverage_differs","28073",""
"28075","Lauderdale","MS",131,40782,67087,"wave_coverage_differs","28075",""
"28077","Lawrence","MS",29,6568,11137,"wave_coverage_differs","28077",""
"28079","Leake","MS",63,8650,17085,"wave_coverage_differs","28079",""
"28081","Lee","MS",102,28752,46148,"wave_coverage_differs","28081",""
"28083","Leflore","MS",44,15634,42111,"wave_coverage_differs","28083",""
"28085","Lincoln","MS",59,18986,26198,"wave_coverage_differs","28085",""
"28087","Lowndes","MS",61,19152,49700,"wave_coverage_differs","28087",""
"28089","Madison","MS",39,8947,29737,"wave_coverage_differs","28089",""
"28091","Marion","MS",52,14195,22871,"wave_coverage_differs","28091",""
"28093","Marshall","MS",43,8013,24027,"wave_coverage_differs","28093",""
"28095","Monroe","MS",68,14765,34043,"wave_coverage_differs","28095",""
"28097","Montgomery","MS",43,7386,12918,"wave_coverage_differs","28097",""
"28099","Neshoba","MS",72,11432,20802,"wave_coverage_differs","28099",""
"28101","Newton","MS",65,11320,18983,"wave_coverage_differs","28101",""
"28103","Noxubee","MS",43,4853,14288,"wave_coverage_differs","28103",""
"28105","Oktibbeha","MS",56,16217,28752,"wave_coverage_differs","28105",""
"28107","Panola","MS",58,11154,26829,"wave_coverage_differs","28107",""
"28109","Pearl River","MS",58,18111,27802,"wave_coverage_differs","28109",""
"28111","Perry","MS",35,5513,9065,"wave_coverage_differs","28111",""
"28113","Pike","MS",61,19383,31756,"wave_coverage_differs","28113",""
"28115","Pontotoc","MS",52,11885,17363,"wave_coverage_differs","28115",""
"28117","Prentiss","MS",46,9372,20133,"wave_coverage_differs","28117",""
"28119","Quitman","MS",24,6156,15888,"wave_coverage_differs","28119",""
"28121","Rankin","MS",80,21861,43933,"wave_coverage_differs","28121",""
"28123","Scott","MS",63,9514,21369,"wave_coverage_differs","28123",""
"28125","Sharkey","MS",15,3053,8937,"wave_coverage_differs","28125",""
"28127","Simpson","MS",59,14557,19947,"wave_coverage_differs","28127",""
"28129","Smith","MS",66,10842,13561,"wave_coverage_differs","28129",""
"28131","Stone","MS",21,4048,8101,"wave_coverage_differs","28131",""
"28133","Sunflower","MS",51,12980,37047,"wave_coverage_differs","28133",""
"28135","Tallahatchie","MS",37,6591,19338,"wave_coverage_differs","28135",""
"28137","Tate","MS",37,7651,18544,"wave_coverage_differs","28137",""
"28139","Tippah","MS",62,10725,15852,"wave_coverage_differs","28139",""
"28141","Tishomingo","MS",57,7423,14940,"wave_coverage_differs","28141",""
"28143","Tunica","MS",11,2624,11854,"wave_coverage_differs","28143",""
"28145","Union","MS",55,15571,19096,"wave_coverage_differs","28145",""
"28147","Walthall","MS",21,6401,12500,"wave_coverage_differs","28147",""
"28149","Warren","MS",48,21374,44981,"wave_coverage_differs","28149",""
"28151","Washington","MS",56,26916,70581,"wave_coverage_differs","28151",""
"28153","Wayne","MS",46,7067,16650,"wave_coverage_differs","28153",""
"28155","Webster","MS",54,6982,10047,"wave_coverage_differs","28155",""
"28157","Wilkinson","MS",21,3586,11099,"wave_coverage_differs","28157",""
"28159","Winston","MS",61,10886,18406,"wave_coverage_differs","28159",""
"28161","Yalobusha","MS",41,7098,11915,"wave_coverage_differs","28161",""
"28163","Yazoo","MS",49,12913,27304,"wave_coverage_differs","28163",""
"29001","Adair","MO",33,8871,22472,"wave_coverage_differs","29001",""
"29003","Andrew","MO",34,5234,11913,"wave_coverage_differs","29003",""
"29005","Atchison","MO",25,5563,9240,"wave_coverage_differs","29005",""
"29007","Audrain","MO",64,16770,25362,"wave_coverage_differs","29007",""
"29009","Barry","MO",53,11965,19597,"wave_coverage_differs","29009",""
"29011","Barton","MO",36,5261,10431,"wave_coverage_differs","29011",""
"29013","Bates","MO",60,8096,15468,"wave_coverage_differs","29013",""
"29015","Benton","MO",37,6115,9695,"wave_coverage_differs","29015",""
"29017","Bollinger","MO",34,3872,8820,"wave_coverage_differs","29017",""
"29019","Boone","MO",73,30402,80911,"wave_coverage_differs","29019",""
"29021","Buchanan","MO",102,49300,86915,"wave_coverage_differs","29021",""
"29023","Butler","MO",54,12142,33529,"wave_coverage_differs","29023",""
"29025","Caldwell","MO",32,5673,8351,"wave_coverage_differs","29025",""
"29027","Callaway","MO",69,11944,25850,"wave_coverage_differs","29027",""
"29029","Camden","MO",26,6049,13315,"wave_coverage_differs","29029",""
"29031","Cape Girardeau","MO",70,33966,49350,"wave_coverage_differs","29031",""
"29033","Carroll","MO",41,8814,12565,"wave_coverage_differs","29033",""
"29035","Carter","MO",17,1454,3878,"wave_coverage_differs","29035",""
"29037","Cass","MO",68,16871,39448,"wave_coverage_differs","29037",""
"29039","Cedar","MO",29,2975,9424,"wave_coverage_differs","29039",""
"29041","Chariton","MO",45,9194,11084,"wave_coverage_differs","29041",""
"29043","Christian","MO",45,7589,15124,"wave_coverage_differs","29043",""
"29045","Clark","MO",31,5115,8260,"wave_coverage_differs","29045",""
"29047","Clay","MO",101,58095,123322,"wave_coverage_differs","29047",""
"29049","Clinton","MO",28,6688,12462,"wave_coverage_differs","29049",""
"29051","Cole","MO",50,34506,46228,"wave_coverage_differs","29051",""
"29053","Cooper","MO",48,8787,14732,"wave_coverage_differs","29053",""
"29055","Crawford","MO",37,6980,14828,"wave_coverage_differs","29055",""
"29057","Dade","MO",47,4326,6850,"wave_coverage_differs","29057",""
"29059","Dallas","MO",30,4036,10054,"wave_coverage_differs","29059",""
"29061","Daviess","MO",31,4257,8420,"wave_coverage_differs","29061",""
"29063","DeKalb","MO",37,4368,7305,"wave_coverage_differs","29063",""
"29065","Dent","MO",31,6357,11457,"wave_coverage_differs","29065",""
"29067","Douglas","MO",10,1610,9268,"wave_coverage_differs","29067",""
"29069","Dunklin","MO",68,16494,33742,"wave_coverage_differs","29069",""
"29071","Franklin","MO",110,36938,55116,"wave_coverage_differs","29071",""
"29073","Gasconade","MO",40,7906,11878,"wave_coverage_differs","29073",""
"29075","Gentry","MO",35,7147,8060,"wave_coverage_differs","29075",""
"29077","Greene","MO",147,70197,152929,"wave_coverage_differs","29077",""
"29079","Grundy","MO",42,8138,11819,"wave_coverage_differs","29079",""
"29081","Harrison","MO",43,5777,10257,"wave_coverage_differs","29081",""
"29083","Henry","MO",64,12553,18451,"wave_coverage_differs","29083",""
"29085","Hickory","MO",18,1652,4481,"wave_coverage_differs","29085",""
"29087","Holt","MO",43,4061,6654,"wave_coverage_differs","29087",""
"29089","Howard","MO",36,6040,10561,"wave_coverage_differs","29089",""
"29091","Howell","MO",61,10828,23521,"wave_coverage_differs","29091",""
"29093","Iron","MO",28,4045,9529,"wave_coverage_differs","29093",""
"29095","Jackson","MO",422,278579,654558,"wave_coverage_differs","29095",""
"29097","Jasper","MO",143,44702,79852,"wave_coverage_differs","29097",""
"29099","Jefferson","MO",98,52347,105248,"wave_coverage_differs","29099",""
"29101","Johnson","MO",73,13116,34172,"wave_coverage_differs","29101",""
"29103","Knox","MO",26,2926,5692,"wave_coverage_differs","29103",""
"29105","Laclede","MO",55,10558,19944,"wave_coverage_differs","29105",""
"29107","Lafayette","MO",65,18350,26626,"wave_coverage_differs","29107",""
"29109","Lawrence","MO",73,13735,24585,"wave_coverage_differs","29109",""
"29111","Lewis","MO",40,6840,10993,"wave_coverage_differs","29111",""
"29113","Lincoln","MO",52,11510,18041,"wave_coverage_differs","29113",""
"29115","Linn","MO",42,9480,15125,"wave_coverage_differs","29115",""
"29117","Livingston","MO",44,10389,15368,"wave_coverage_differs","29117",""
"29119","McDonald","MO",31,4534,12357,"wave_coverage_differs","29119",""
"29121","Macon","MO",58,9330,15432,"wave_coverage_differs","29121",""
"29123","Madison","MO",26,4778,8641,"wave_coverage_differs","29123",""
"29125","Maries","MO",17,3672,6851,"wave_coverage_differs","29125",""
"29127","Marion","MO",56,18763,28121,"wave_coverage_differs","29127",""
"29129","Mercer","MO",25,2976,4910,"wave_coverage_differs","29129",""
"29131","Miller","MO",46,9331,15026,"wave_coverage_differs","29131",""
"29133","Mississippi","MO",35,8795,16647,"wave_coverage_differs","29133",""
"29135","Moniteau","MO",41,9782,10742,"wave_coverage_differs","29135",""
"29137","Monroe","MO",40,6142,9542,"wave_coverage_differs","29137",""
"29139","Montgomery","MO",49,7088,11000,"wave_coverage_differs","29139",""
"29141","Morgan","MO",33,5487,10068,"wave_coverage_differs","29141",""
"29143","New Madrid","MO",39,10001,23420,"wave_coverage_differs","29143",""
"29145","Newton","MO",69,15103,32901,"wave_coverage_differs","29145",""
"29147","Nodaway","MO",49,11903,22467,"wave_coverage_differs","29147",""
"29149","Oregon","MO",22,2791,9180,"wave_coverage_differs","29149",""
"29151","Osage","MO",37,9638,10994,"wave_coverage_differs","29151",""
"29153","Ozark","MO",9,945,6226,"wave_coverage_differs","29153",""
"29155","Pemiscot","MO",51,12182,26373,"wave_coverage_differs","29155",""
"29157","Perry","MO",31,13824,14393,"wave_coverage_differs","29157",""
"29159","Pettis","MO",72,21911,34137,"wave_coverage_differs","29159",""
"29161","Phelps","MO",40,14346,29481,"wave_coverage_differs","29161",""
"29163","Pike","MO",70,9146,16928,"wave_coverage_differs","29163",""
"29165","Platte","MO",40,14012,32081,"wave_coverage_differs","29165",""
"29167","Polk","MO",38,6373,15415,"wave_coverage_differs","29167",""
"29169","Pulaski","MO",49,10812,53781,"wave_coverage_differs","29169",""
"29171","Putnam","MO",19,2315,5916,"wave_coverage_differs","29171",""
"29173","Ralls","MO",33,3682,7764,"wave_coverage_differs","29173",""
"29175","Randolph","MO",52,15054,22434,"wave_coverage_differs","29175",""
"29177","Ray","MO",51,10705,17599,"wave_coverage_differs","29177",""
"29179","Reynolds","MO",21,2513,6106,"wave_coverage_differs","29179",""
"29181","Ripley","MO",34,3837,9803,"wave_coverage_differs","29181",""
"29183","St. Charles","MO",83,57764,92954,"wave_coverage_differs","29183",""
"29185","St. Clair","MO",26,3629,7667,"wave_coverage_differs","29185",""
"29186","Ste. Genevieve","MO",,,,"wave_coverage_differs","29186",""
"29187","St. Francois","MO",59,21576,36818,"wave_coverage_differs","29187",""
"29189","St. Louis","MO",393,499947,951353,"wave_coverage_differs","29189",""
"29195","Saline","MO",84,16462,24633,"wave_coverage_differs","29195",""
"29197","Schuyler","MO",21,2150,4665,"wave_coverage_differs","29197",""
"29199","Scotland","MO",27,3318,5499,"wave_coverage_differs","29199",""
"29201","Scott","MO",57,17377,33250,"wave_coverage_differs","29201",""
"29203","Shannon","MO",15,2387,7196,"wave_coverage_differs","29203",""
"29205","Shelby","MO",43,6290,7906,"wave_coverage_differs","29205",""
"29207","Stoddard","MO",49,8462,25771,"wave_coverage_differs","29207",""
"29209","Stone","MO",25,2881,9921,"wave_coverage_differs","29209",""
"29211","Sullivan","MO",38,3980,7572,"wave_coverage_differs","29211",""
"29213","Taney","MO",20,3615,13023,"wave_coverage_differs","29213",""
"29215","Texas","MO",48,8896,18320,"wave_coverage_differs","29215",""
"29217","Vernon","MO",55,9015,19065,"wave_coverage_differs","29217",""
"29219","Warren","MO",21,5776,9699,"wave_coverage_differs","29219",""
"29221","Washington","MO",39,7313,15086,"wave_coverage_differs","29221",""
"29223","Wayne","MO",31,3421,8546,"wave_coverage_differs","29223",""
"29225","Webster","MO",48,8007,15562,"wave_coverage_differs","29225",""
"29227","Worth","MO",16,2232,3359,"wave_coverage_differs","29227",""
"29229","Wright","MO",41,7585,13667,"wave_coverage_differs","29229",""
"29510","St. Louis","MO",305,270287,622236,"wave_coverage_differs","29510",""
"30001","Beaverhead","MT",9,2522,8187,"wave_coverage_differs","30001",""
"30003","Big Horn","MT",28,5113,10057,"wave_coverage_differs","30003",""
"30005","Blaine","MT",19,5305,6727,"wave_coverage_differs","30005",""
"30007","Broadwater","MT",7,942,2526,"wave_coverage_differs","30007",""
"30009","Carbon","MT",21,2698,7080,"wave_coverage_differs","30009",""
"30011","Carter","MT",5,900,1956,"wave_coverage_differs","30011",""
"30013","Cascade","MT",62,29667,81804,"wave_coverage_differs","30013",""
"30015","Chouteau","MT",21,4701,6473,"wave_coverage_differs","30015",""
"30017","Custer","MT",16,6457,12174,"wave_coverage_differs","30017",""
"30019","Daniels","MT",9,1985,3083,"wave_coverage_differs","30019",""
"30021","Dawson","MT",19,7926,11269,"wave_coverage_differs","30021",""
"30023","Deer Lodge","MT",14,6993,15652,"wave_coverage_differs","30023",""
"30025","Fallon","MT",7,1431,4050,"wave_coverage_differs","30025",""
"30027","Fergus","MT",25,5566,12611,"wave_coverage_differs","30027",""
"30029","Flathead","MT",39,13446,39460,"wave_coverage_differs","30029",""
"30031","Gallatin","MT",40,12043,32569,"wave_coverage_differs;boundary_change_crosswalked","30031, 30113","Montana's Yellowstone National Park county-equivalent was dissolved in 1997. Mapped to Gallatin County for continuity with the Phase 1 crosswalk; a small population share belonged with Park County."
"30033","Garfield","MT",5,556,1796,"wave_coverage_differs","30033",""
"30035","Glacier","MT",13,4742,10783,"wave_coverage_differs","30035",""
"30037","Golden Valley","MT",8,397,931,"wave_coverage_differs","30037",""
"30039","Granite","MT",5,473,2737,"wave_coverage_differs","30039",""
"30041","Hill","MT",35,7024,17358,"wave_coverage_differs","30041",""
"30043","Jefferson","MT",14,1864,5238,"wave_coverage_differs","30043",""
"30045","Judith Basin","MT",10,925,2667,"wave_coverage_differs","30045",""
"30047","Lake","MT",25,5184,14445,"wave_coverage_differs","30047",""
"30049","Lewis and Clark","MT",25,18435,33281,"wave_coverage_differs","30049",""
"30051","Liberty","MT",10,1404,2359,"wave_coverage_differs","30051",""
"30053","Lincoln","MT",18,5552,18063,"wave_coverage_differs","30053",""
"30055","McCone","MT",9,1656,2875,"wave_coverage_differs","30055",""
"30057","Madison","MT",10,1115,5014,"wave_coverage_differs","30057",""
"30059","Meagher","MT",6,591,2122,"wave_coverage_differs","30059",""
"30061","Mineral","MT",6,784,2958,"wave_coverage_differs","30061",""
"30063","Missoula","MT",40,23664,58263,"wave_coverage_differs","30063",""
"30065","Musselshell","MT",11,1486,3734,"wave_coverage_differs","30065",""
"30067","Park","MT",20,4775,11197,"wave_coverage_differs","30067",""
"30069","Petroleum","MT",3,230,675,"wave_coverage_differs","30069",""
"30071","Phillips","MT",14,2116,5386,"wave_coverage_differs","30071",""
"30073","Pondera","MT",13,5278,6611,"wave_coverage_differs","30073",""
"30075","Powder River","MT",16,862,2862,"wave_coverage_differs","30075",""
"30077","Powell","MT",10,1086,6660,"wave_coverage_differs","30077",""
"30079","Prairie","MT",8,821,1752,"wave_coverage_differs","30079",""
"30081","Ravalli","MT",20,3308,14409,"wave_coverage_differs","30081",""
"30083","Richland","MT",20,6380,9837,"wave_coverage_differs","30083",""
"30085","Roosevelt","MT",31,5453,10365,"wave_coverage_differs","30085",""
"30087","Rosebud","MT",17,4455,6032,"wave_coverage_differs","30087",""
"30089","Sanders","MT",18,1987,7093,"wave_coverage_differs","30089",""
"30091","Sheridan","MT",24,3157,5779,"wave_coverage_differs","30091",""
"30093","Silver Bow","MT",22,17773,41981,"wave_coverage_differs","30093",""
"30095","Stillwater","MT",15,1492,4632,"wave_coverage_differs","30095",""
"30097","Sweet Grass","MT",8,1472,2980,"wave_coverage_differs","30097",""
"30099","Teton","MT",17,3804,6116,"wave_coverage_differs","30099",""
"30101","Toole","MT",17,3514,5839,"wave_coverage_differs","30101",""
"30103","Treasure","MT",2,340,1069,"wave_coverage_differs","30103",""
"30105","Valley","MT",30,6380,11471,"wave_coverage_differs","30105",""
"30107","Wheatland","MT",9,1156,2529,"wave_coverage_differs","30107",""
"30109","Wibaux","MT",4,623,1465,"wave_coverage_differs","30109",""
"30111","Yellowstone","MT",66,40882,87367,"wave_coverage_differs","30111",""
"31001","Adams","NE",41,23641,30553,"wave_coverage_differs","31001",""
"31003","Antelope","NE",24,6309,9047,"wave_coverage_differs","31003",""
"31005","Arthur","NE",1,222,606,"wave_coverage_differs","31005",""
"31007","Banner","NE",2,177,1034,"wave_coverage_differs","31007",""
"31009","Blaine","NE",4,256,847,"wave_coverage_differs","31009",""
"31011","Boone","NE",18,5565,8190,"wave_coverage_differs","31011",""
"31013","Box Butte","NE",17,6882,10094,"wave_coverage_differs","31013",""
"31015","Boyd","NE",17,2120,3752,"wave_coverage_differs","31015",""
"31017","Brown","NE",9,2217,4021,"wave_coverage_differs","31017",""
"31019","Buffalo","NE",48,17818,31222,"wave_coverage_differs","31019",""
"31021","Burt","NE",18,4959,9247,"wave_coverage_differs","31021",""
"31023","Butler","NE",26,7605,9461,"wave_coverage_differs","31023",""
"31025","Cass","NE",32,7991,18076,"wave_coverage_differs","31025",""
"31027","Cedar","NE",30,10181,12192,"wave_coverage_differs","31027",""
"31029","Chase","NE",11,2236,4129,"wave_coverage_differs","31029",""
"31031","Cherry","NE",23,4174,6846,"wave_coverage_differs","31031",""
"31033","Cheyenne","NE",19,6651,10778,"wave_coverage_differs","31033",""
"31035","Clay","NE",32,5020,8266,"wave_coverage_differs","31035",""
"31037","Colfax","NE",23,7732,9498,"wave_coverage_differs","31037",""
"31039","Cuming","NE",25,8903,12034,"wave_coverage_differs","31039",""
"31041","Custer","NE",46,7955,14092,"wave_coverage_differs","31041",""
"31043","Dakota","NE",19,7182,13137,"wave_coverage_differs","31043",""
"31045","Dawes","NE",19,4348,9693,"wave_coverage_differs","31045",""
"31047","Dawson","NE",39,14200,19467,"wave_coverage_differs","31047",""
"31049","Deuel","NE",9,2153,2717,"wave_coverage_differs","31049",""
"31051","Dixon","NE",24,6630,7453,"wave_coverage_differs","31051",""
"31053","Dodge","NE",44,19525,34782,"wave_coverage_differs","31053",""
"31055","Douglas","NE",194,205654,389455,"wave_coverage_differs","31055",""
"31057","Dundy","NE",16,1948,2926,"wave_coverage_differs","31057",""
"31059","Fillmore","NE",23,5092,8137,"wave_coverage_differs","31059",""
"31061","Franklin","NE",23,3906,4566,"wave_coverage_differs","31061",""
"31063","Frontier","NE",15,2319,3982,"wave_coverage_differs","31063",""
"31065","Furnas","NE",28,5189,6897,"wave_coverage_differs","31065",""
"31067","Gage","NE",60,18898,25719,"wave_coverage_differs","31067",""
"31069","Garden","NE",11,1492,2929,"wave_coverage_differs","31069",""
"31071","Garfield","NE",5,1202,2411,"wave_coverage_differs","31071",""
"31073","Gosper","NE",5,1317,2178,"wave_coverage_differs","31073",""
"31075","Grant","NE",5,616,1019,"wave_coverage_differs","31075",""
"31077","Greeley","NE",13,4101,4000,"wave_coverage_differs","31077",""
"31079","Hall","NE",36,33055,42851,"wave_coverage_differs","31079",""
"31081","Hamilton","NE",19,5285,8867,"wave_coverage_differs","31081",""
"31083","Harlan","NE",16,2864,4357,"wave_coverage_differs","31083",""
"31085","Hayes","NE",3,303,1530,"wave_coverage_differs","31085",""
"31087","Hitchcock","NE",15,2256,4051,"wave_coverage_differs","31087",""
"31089","Holt","NE",28,8166,12933,"wave_coverage_differs","31089",""
"31091","Hooker","NE",4,756,939,"wave_coverage_differs","31091",""
"31093","Howard","NE",14,4126,6807,"wave_coverage_differs","31093",""
"31095","Jefferson","NE",32,8457,10436,"wave_coverage_differs","31095",""
"31097","Johnson","NE",18,4486,5743,"wave_coverage_differs","31097",""
"31099","Kearney","NE",19,4738,6707,"wave_coverage_differs","31099",""
"31101","Keith","NE",17,6089,8487,"wave_coverage_differs","31101",""
"31103","Keya Paha","NE",5,635,1340,"wave_coverage_differs","31103",""
"31105","Kimball","NE",11,3426,6009,"wave_coverage_differs","31105",""
"31107","Knox","NE",28,8362,11723,"wave_coverage_differs","31107",""
"31109","Lancaster","NE",139,95041,167972,"wave_coverage_differs","31109",""
"31111","Lincoln","NE",38,17387,29538,"wave_coverage_differs","31111",""
"31113","Logan","NE",2,419,991,"wave_coverage_differs","31113",""
"31115","Loup","NE",1,72,854,"wave_coverage_differs","31115",""
"31117","McPherson","NE",2,95,623,"wave_coverage_differs","31117",""
"31119","Madison","NE",41,19202,27402,"wave_coverage_differs","31119",""
"31121","Merrick","NE",23,6023,8751,"wave_coverage_differs","31121",""
"31123","Morrill","NE",18,3419,5813,"wave_coverage_differs","31123",""
"31125","Nance","NE",12,4714,5142,"wave_coverage_differs","31125",""
"31127","Nemaha","NE",28,6162,8976,"wave_coverage_differs","31127",""
"31129","Nuckolls","NE",23,5281,7404,"wave_coverage_differs","31129",""
"31131","Otoe","NE",36,11045,15576,"wave_coverage_differs","31131",""
"31133","Pawnee","NE",15,3034,4473,"wave_coverage_differs","31133",""
"31135","Perkins","NE",10,2318,3423,"wave_coverage_differs","31135",""
"31137","Phelps","NE",17,6516,9553,"wave_coverage_differs","31137",""
"31139","Pierce","NE",18,7035,8493,"wave_coverage_differs","31139",""
"31141","Platte","NE",37,22708,26508,"wave_coverage_differs","31141",""
"31143","Polk","NE",17,4572,6468,"wave_coverage_differs","31143",""
"31145","Red Willow","NE",22,7182,12191,"wave_coverage_differs","31145",""
"31147","Richardson","NE",33,5900,12277,"wave_coverage_differs","31147",""
"31149","Rock","NE",7,880,2231,"wave_coverage_differs","31149",""
"31151","Saline","NE",23,6724,12809,"wave_coverage_differs","31151",""
"31153","Sarpy","NE",24,19379,63696,"wave_coverage_differs","31153",""
"31155","Saunders","NE",44,11399,17018,"wave_coverage_differs","31155",""
"31157","Scotts Bluff","NE",46,19489,36432,"wave_coverage_differs","31157",""
"31159","Seward","NE",36,10647,14460,"wave_coverage_differs","31159",""
"31161","Sheridan","NE",24,4795,7285,"wave_coverage_differs","31161",""
"31163","Sherman","NE",14,3573,4725,"wave_coverage_differs","31163",""
"31165","Sioux","NE",4,529,2034,"wave_coverage_differs","31165",""
"31167","Stanton","NE",9,2681,5758,"wave_coverage_differs","31167",""
"31169","Thayer","NE",30,7331,7779,"wave_coverage_differs","31169",""
"31171","Thomas","NE",5,320,954,"wave_coverage_differs","31171",""
"31173","Thurston","NE",21,4583,6942,"wave_coverage_differs","31173",""
"31175","Valley","NE",15,3965,5783,"wave_coverage_differs","31175",""
"31177","Washington","NE",20,6799,13310,"wave_coverage_differs","31177",""
"31179","Wayne","NE",23,7065,10400,"wave_coverage_differs","31179",""
"31181","Webster","NE",16,3214,6477,"wave_coverage_differs","31181",""
"31183","Wheeler","NE",3,371,1054,"wave_coverage_differs","31183",""
"31185","York","NE",32,11052,13685,"wave_coverage_differs","31185",""
"32001","Churchill","NV",7,2074,10513,"wave_coverage_differs","32001",""
"32003","Clark","NV",81,77469,273288,"wave_coverage_differs","32003",""
"32005","Douglas","NV",6,1523,6882,"wave_coverage_differs","32005",""
"32007","Elko","NV",15,3940,13958,"wave_coverage_differs","32007",""
"32009","Esmeralda","NV",0,0,629,"wave_coverage_differs","32009",""
"32011","Eureka","NV",5,473,948,"wave_coverage_differs","32011",""
"32013","Humboldt","NV",6,1798,6375,"wave_coverage_differs","32013",""
"32015","Lander","NV",5,653,2666,"wave_coverage_differs","32015",""
"32017","Lincoln","NV",4,390,2557,"wave_coverage_differs","32017",""
"32019","Lyon","NV",12,2147,8221,"wave_coverage_differs","32019",""
"32021","Mineral","NV",8,2355,7051,"wave_coverage_differs","32021",""
"32023","Nye","NV",7,488,5599,"wave_coverage_differs","32023",""
"32027","Pershing","NV",4,605,2670,"wave_coverage_differs","32027",""
"32029","Storey","NV",1,200,695,"wave_coverage_differs","32029",""
"32031","Washoe","NV",51,36068,121068,"wave_coverage_differs","32031",""
"32033","White Pine","NV",9,2232,10150,"wave_coverage_differs","32033",""
"32510","Carson City","NV",10,4877,15468,"wave_coverage_differs","32510",""
"33001","Belknap","NH",39,14464,32367,"wave_coverage_differs","33001",""
"33003","Carroll","NH",37,5967,18548,"wave_coverage_differs","33003",""
"33005","Cheshire","NH",66,20776,52364,"wave_coverage_differs","33005",""
"33007","Coos","NH",46,21649,34291,"wave_coverage_differs","33007",""
"33009","Grafton","NH",82,23260,54914,"wave_coverage_differs","33009",""
"33011","Hillsborough","NH",120,142602,223941,"wave_coverage_differs","33011",""
"33013","Merrimack","NH",75,35718,80925,"wave_coverage_differs","33013",""
"33015","Rockingham","NH",99,60871,138951,"wave_coverage_differs","33015",""
"33017","Strafford","NH",46,29672,70431,"wave_coverage_differs","33017",""
"33019","Sullivan","NH",36,13545,30949,"wave_coverage_differs","33019",""
"34001","Atlantic","NJ",108,69022,175043,"wave_coverage_differs","34001",""
"34003","Bergen","NJ",321,514333,898012,"wave_coverage_differs","34003",""
"34005","Burlington","NJ",143,114196,323132,"wave_coverage_differs","34005",""
"34007","Camden","NJ",224,248417,456291,"wave_coverage_differs","34007",""
"34009","Cape May","NJ",68,26807,59554,"wave_coverage_differs","34009",""
"34011","Cumberland","NJ",105,57662,121374,"wave_coverage_differs","34011",""
"34013","Essex","NJ",288,417004,929986,"wave_coverage_differs","34013",""
"34015","Gloucester","NJ",82,62261,172681,"wave_coverage_differs","34015",""
"34017","Hudson","NJ",206,369962,609266,"wave_coverage_differs","34017",""
"34019","Hunterdon","NJ",77,29809,69718,"wave_coverage_differs","34019",""
"34021","Mercer","NJ",149,160002,303968,"wave_coverage_differs","34021",""
"34023","Middlesex","NJ",193,335581,583813,"wave_coverage_differs","34023",""
"34025","Monmouth","NJ",187,210517,459379,"wave_coverage_differs","34025",""
"34027","Morris","NJ",164,171547,383454,"wave_coverage_differs","34027",""
"34029","Ocean","NJ",94,101448,208470,"wave_coverage_differs","34029",""
"34031","Passaic","NJ",186,223289,460782,"wave_coverage_differs","34031",""
"34033","Salem","NJ",59,21532,60346,"wave_coverage_differs","34033",""
"34035","Somerset","NJ",96,106558,198372,"wave_coverage_differs","34035",""
"34037","Sussex","NJ",63,51439,77528,"wave_coverage_differs","34037",""
"34039","Union","NJ",183,308524,543116,"wave_coverage_differs","34039",""
"34041","Warren","NJ",82,47627,73879,"wave_coverage_differs","34041",""
"35001","Bernalillo","NM",141,190050,315774,"wave_coverage_differs","35001",""
"35003","Catron","NM",11,854,2198,"wave_coverage_differs","35003",""
"35005","Chaves","NM",49,22961,43335,"wave_coverage_differs","35005",""
"35006","Cibola","NM",,,,"wave_coverage_differs","35006",""
"35007","Colfax","NM",21,10209,12170,"wave_coverage_differs","35007",""
"35009","Curry","NM",44,23584,39517,"wave_coverage_differs","35009",""
"35011","De Baca","NM",9,1738,2547,"wave_coverage_differs","35011",""
"35013","Doña Ana","NM",62,42189,69773,"wave_coverage_differs","35013",""
"35015","Eddy","NM",53,21601,41119,"wave_coverage_differs","35015",""
"35017","Grant","NM",27,13889,22030,"wave_coverage_differs","35017",""
"35019","Guadalupe","NM",13,5176,4969,"wave_coverage_differs","35019",""
"35021","Harding","NM",8,1083,1348,"wave_coverage_differs","35021",""
"35023","Hidalgo","NM",10,4057,4734,"wave_coverage_differs","35023",""
"35025","Lea","NM",68,30899,49554,"wave_coverage_differs","35025",""
"35027","Lincoln","NM",25,5289,7560,"wave_coverage_differs","35027",""
"35028","Los Alamos","NM",15,11202,15198,"wave_coverage_differs","35028",""
"35029","Luna","NM",17,4646,11706,"wave_coverage_differs","35029",""
"35031","McKinley","NM",36,13666,43208,"wave_coverage_differs","35031",""
"35033","Mora","NM",35,4701,4673,"wave_coverage_differs","35033",""
"35035","Otero","NM",43,18688,41097,"wave_coverage_differs","35035",""
"35037","Quay","NM",26,8321,10903,"wave_coverage_differs","35037",""
"35039","Rio Arriba","NM",65,20025,25170,"wave_coverage_differs","35039",""
"35041","Roosevelt","NM",27,12020,16479,"wave_coverage_differs","35041",""
"35043","Sandoval","NM",21,14779,17492,"wave_coverage_differs","35043",""
"35045","San Juan","NM",47,19507,52517,"wave_coverage_differs","35045",""
"35047","San Miguel","NM",42,14020,21951,"wave_coverage_differs","35047",""
"35049","Santa Fe","NM",52,38709,53756,"wave_coverage_differs","35049",""
"35051","Sierra","NM",16,3831,7189,"wave_coverage_differs","35051",""
"35053","Socorro","NM",20,9015,9763,"wave_coverage_differs","35053",""
"35055","Taos","NM",36,16518,17516,"wave_coverage_differs","35055",""
"35057","Torrance","NM",24,4399,5290,"wave_coverage_differs","35057",""
"35059","Union","NM",15,3636,4925,"wave_coverage_differs","35059",""
"35061","Valencia","NM",53,29205,40539,"wave_coverage_differs","35061",""
"36001","Albany","NY",169,153749,286742,"wave_coverage_differs","36001",""
"36003","Allegany","NY",81,18429,46458,"wave_coverage_differs","36003",""
"36005","Bronx","NY",238,621659,1471701,"wave_coverage_differs","36005",""
"36007","Broome","NY",143,115846,221815,"wave_coverage_differs","36007",""
"36009","Cattaraugus","NY",88,38409,81666,"wave_coverage_differs","36009",""
"36011","Cayuga","NY",88,44760,77439,"wave_coverage_differs","36011",""
"36013","Chautauqua","NY",161,73171,147305,"wave_coverage_differs","36013",""
"36015","Chemung","NY",77,54622,101537,"wave_coverage_differs","36015",""
"36017","Chenango","NY",60,19622,46368,"wave_coverage_differs","36017",""
"36019","Clinton","NY",65,53082,72934,"wave_coverage_differs","36019",""
"36021","Columbia","NY",77,28276,51519,"wave_coverage_differs","36021",""
"36023","Cortland","NY",47,20143,45894,"wave_coverage_differs","36023",""
"36025","Delaware","NY",88,19828,44718,"wave_coverage_differs","36025",""
"36027","Dutchess","NY",135,98081,222295,"wave_coverage_differs","36027",""
"36029","Erie","NY",498,686561,1113491,"wave_coverage_differs","36029",""
"36031","Essex","NY",66,20607,34631,"wave_coverage_differs","36031",""
"36033","Franklin","NY",71,34139,43931,"wave_coverage_differs","36033",""
"36035","Fulton","NY",46,29121,52637,"wave_coverage_differs","36035",""
"36037","Genesee","NY",65,34012,58722,"wave_coverage_differs","36037",""
"36039","Greene","NY",71,16927,33136,"wave_coverage_differs","36039",""
"36041","Hamilton","NY",16,2795,4714,"wave_coverage_differs","36041",""
"36043","Herkimer","NY",76,40842,67633,"wave_coverage_differs","36043",""
"36045","Jefferson","NY",121,49804,88508,"wave_coverage_differs","36045",""
"36047","Kings","NY",429,979652,2602012,"wave_coverage_differs","36047",""
"36049","Lewis","NY",48,14957,23644,"wave_coverage_differs","36049",""
"36051","Livingston","NY",69,22372,54041,"wave_coverage_differs","36051",""
"36053","Madison","NY",72,27386,62864,"wave_coverage_differs","36053",""
"36055","Monroe","NY",301,350311,711917,"wave_coverage_differs","36055",""
"36057","Montgomery","NY",64,36242,55883,"wave_coverage_differs","36057",""
"36059","Nassau","NY",288,664679,1428080,"wave_coverage_differs","36059",""
"36061","New York","NY",390,598460,1539233,"wave_coverage_differs","36061",""
"36063","Niagara","NY",170,145369,235720,"wave_coverage_differs","36063",""
"36065","Oneida","NY",203,147799,273037,"wave_coverage_differs","36065",""
"36067","Onondaga","NY",233,341930,472746,"wave_coverage_differs","36067",""
"36069","Ontario","NY",69,42507,78849,"wave_coverage_differs","36069",""
"36071","Orange","NY",165,112883,221657,"wave_coverage_differs","36071",""
"36073","Orleans","NY",42,17155,37305,"wave_coverage_differs","36073",""
"36075","Oswego","NY",102,39922,100897,"wave_coverage_differs","36075",""
"36077","Otsego","NY",85,26767,56181,"wave_coverage_differs","36077",""
"36079","Putnam","NY",28,23970,56696,"wave_coverage_differs","36079",""
"36081","Queens","NY",327,764735,1986473,"wave_coverage_differs","36081",""
"36083","Rensselaer","NY",122,86594,152510,"wave_coverage_differs","36083",""
"36085","Richmond","NY",97,158788,295443,"wave_coverage_differs","36085",""
"36087","Rockland","NY",76,83507,229903,"wave_coverage_differs","36087",""
"36089","St. Lawrence","NY",129,64227,111991,"wave_coverage_differs","36089",""
"36091","Saratoga","NY",84,57684,121679,"wave_coverage_differs","36091",""
"36093","Schenectady","NY",94,115232,160979,"wave_coverage_differs","36093",""
"36095","Schoharie","NY",57,10565,24750,"wave_coverage_differs","36095",""
"36097","Schuyler","NY",26,9471,16737,"wave_coverage_differs","36097",""
"36099","Seneca","NY",32,14835,35083,"wave_coverage_differs","36099",""
"36101","Steuben","NY",114,42028,99546,"wave_coverage_differs","36101",""
"36103","Suffolk","NY",299,564785,1124950,"wave_coverage_differs","36103",""
"36105","Sullivan","NY",85,13407,52580,"wave_coverage_differs","36105",""
"36107","Tioga","NY",46,16641,46513,"wave_coverage_differs","36107",""
"36109","Tompkins","NY",57,26081,76879,"wave_coverage_differs","36109",""
"36111","Ulster","NY",137,58406,141241,"wave_coverage_differs","36111",""
"36113","Warren","NY",67,21720,49402,"wave_coverage_differs","36113",""
"36115","Washington","NY",77,26366,52725,"wave_coverage_differs","36115",""
"36117","Wayne","NY",94,30558,79404,"wave_coverage_differs","36117",""
"36119","Westchester","NY",325,485283,894104,"wave_coverage_differs","36119",""
"36121","Wyoming","NY",58,18311,37688,"wave_coverage_differs","36121",""
"36123","Yates","NY",38,8994,19831,"wave_coverage_differs","36123",""
"37001","Alamance","NC",146,54902,96362,"wave_coverage_differs","37001",""
"37003","Alexander","NC",56,15583,19466,"wave_coverage_differs","37003",""
"37005","Alleghany","NC",24,2769,8134,"wave_coverage_differs","37005",""
"37007","Anson","NC",64,11608,23488,"wave_coverage_differs","37007",""
"37009","Ashe","NC",105,11900,19571,"wave_coverage_differs","37009",""
"37011","Avery","NC",61,8682,12655,"wave_coverage_differs","37011",""
"37013","Beaufort","NC",98,15291,35980,"wave_coverage_differs","37013",""
"37015","Bertie","NC",35,9249,20528,"wave_coverage_differs","37015",""
"37017","Bladen","NC",68,12636,26477,"wave_coverage_differs","37017",""
"37019","Brunswick","NC",64,11949,24223,"wave_coverage_differs","37019",""
"37021","Buncombe","NC",253,81311,145056,"wave_coverage_differs","37021",""
"37023","Burke","NC",134,38953,60364,"wave_coverage_differs","37023",""
"37025","Cabarrus","NC",156,49613,74629,"wave_coverage_differs","37025",""
"37027","Caldwell","NC",120,35487,56699,"wave_coverage_differs","37027",""
"37029","Camden","NC",11,2055,5453,"wave_coverage_differs","37029",""
"37031","Carteret","NC",54,13171,31603,"wave_coverage_differs","37031",""
"37033","Caswell","NC",41,5513,19055,"wave_coverage_differs","37033",""
"37035","Catawba","NC",163,65329,90873,"wave_coverage_differs","37035",""
"37037","Chatham","NC",86,16196,29554,"wave_coverage_differs","37037",""
"37039","Cherokee","NC",77,13440,16330,"wave_coverage_differs","37039",""
"37041","Chowan","NC",20,5432,10764,"wave_coverage_differs","37041",""
"37043","Clay","NC",36,4066,5180,"wave_coverage_differs","37043",""
"37045","Cleveland","NC",148,50633,72556,"wave_coverage_differs","37045",""
"37047","Columbus","NC",106,24560,46937,"wave_coverage_differs","37047",""
"37049","Craven","NC",75,20980,62554,"wave_coverage_differs","37049",""
"37051","Cumberland","NC",148,53253,212042,"wave_coverage_differs","37051",""
"37053","Currituck","NC",20,5119,6976,"wave_coverage_differs","37053",""
"37055","Dare","NC",22,3510,6995,"wave_coverage_differs","37055",""
"37057","Davidson","NC",153,49261,95627,"wave_coverage_differs","37057",""
"37059","Davie","NC",55,10783,18855,"wave_coverage_differs","37059",""
"37061","Duplin","NC",78,14330,38015,"wave_coverage_differs","37061",""
"37063","Durham","NC",119,56875,132681,"wave_coverage_differs","37063",""
"37065","Edgecombe","NC",63,15342,52341,"wave_coverage_differs","37065",""
"37067","Forsyth","NC",243,108989,214348,"wave_coverage_differs","37067",""
"37069","Franklin","NC",62,15270,26820,"wave_coverage_differs","37069",""
"37071","Gaston","NC",218,85236,148415,"wave_coverage_differs","37071",""
"37073","Gates","NC",19,4980,8524,"wave_coverage_differs","37073",""
"37075","Graham","NC",22,4902,6562,"wave_coverage_differs","37075",""
"37077","Granville","NC",59,17435,32762,"wave_coverage_differs","37077",""
"37079","Greene","NC",20,3117,14967,"wave_coverage_differs","37079",""
"37081","Guilford","NC",289,141521,288590,"wave_coverage_differs","37081",""
"37083","Halifax","NC",76,21482,53884,"wave_coverage_differs","37083",""
"37085","Harnett","NC",83,22835,49667,"wave_coverage_differs","37085",""
"37087","Haywood","NC",107,29317,41710,"wave_coverage_differs","37087",""
"37089","Henderson","NC",88,27382,42804,"wave_coverage_differs","37089",""
"37091","Hertford","NC",32,8894,23529,"wave_coverage_differs","37091",""
"37093","Hoke","NC",26,5520,16436,"wave_coverage_differs","37093",""
"37095","Hyde","NC",36,2419,5571,"wave_coverage_differs","37095",""
"37097","Iredell","NC",150,43463,72197,"wave_coverage_differs","37097",""
"37099","Jackson","NC",77,14165,21593,"wave_coverage_differs","37099",""
"37101","Johnston","NC",125,28248,61737,"wave_coverage_differs","37101",""
"37103","Jones","NC",28,3799,9779,"wave_coverage_differs","37103",""
"37105","Lee","NC",54,14953,30467,"wave_coverage_differs","37105",""
"37107","Lenoir","NC",86,21147,55204,"wave_coverage_differs","37107",""
"37109","Lincoln","NC",89,21372,32682,"wave_coverage_differs","37109",""
"37111","McDowell","NC",77,16723,30648,"wave_coverage_differs","37111",""
"37113","Macon","NC",77,13352,15788,"wave_coverage_differs","37113",""
"37115","Madison","NC",72,12150,16003,"wave_coverage_differs","37115",""
"37117","Martin","NC",62,12197,24730,"wave_coverage_differs","37117",""
"37119","Mecklenburg","NC",286,173838,354656,"wave_coverage_differs","37119",""
"37121","Mitchell","NC",60,11218,13447,"wave_coverage_differs","37121",""
"37123","Montgomery","NC",59,9036,19267,"wave_coverage_differs","37123",""
"37125","Moore","NC",50,8219,39048,"wave_coverage_differs","37125",""
"37127","Nash","NC",88,27931,59122,"wave_coverage_differs","37127",""
"37129","New Hanover","NC",86,40110,82996,"wave_coverage_differs","37129",""
"37131","Northampton","NC",40,8553,24009,"wave_coverage_differs","37131",""
"37133","Onslow","NC",64,23108,103126,"wave_coverage_differs","37133",""
"37135","Orange","NC",84,27045,57707,"wave_coverage_differs","37135",""
"37137","Pamlico","NC",34,3273,9467,"wave_coverage_differs","37137",""
"37139","Pasquotank","NC",32,11045,26824,"wave_coverage_differs","37139",""
"37141","Pender","NC",40,7574,18149,"wave_coverage_differs","37141",""
"37143","Perquimans","NC",21,3782,8351,"wave_coverage_differs","37143",""
"37145","Person","NC",42,12933,25914,"wave_coverage_differs","37145",""
"37147","Pitt","NC",97,21005,73900,"wave_coverage_differs","37147",""
"37149","Polk","NC",46,9750,11735,"wave_coverage_differs","37149",""
"37151","Randolph","NC",182,37128,76358,"wave_coverage_differs","37151",""
"37153","Richmond","NC",69,17147,39889,"wave_coverage_differs","37153",""
"37155","Robeson","NC",172,42737,84842,"wave_coverage_differs","37155",""
"37157","Rockingham","NC",135,31340,72402,"wave_coverage_differs","37157",""
"37159","Rowan","NC",161,56548,90035,"wave_coverage_differs","37159",""
"37161","Rutherford","NC",125,37187,47337,"wave_coverage_differs","37161",""
"37163","Sampson","NC",113,23173,44954,"wave_coverage_differs","37163",""
"37165","Scotland","NC",51,10157,26929,"wave_coverage_differs","37165",""
"37167","Stanly","NC",108,29627,42822,"wave_coverage_differs","37167",""
"37169","Stokes","NC",62,11085,23782,"wave_coverage_differs","37169",""
"37171","Surry","NC",133,29237,51415,"wave_coverage_differs","37171",""
"37173","Swain","NC",41,5724,7861,"wave_coverage_differs","37173",""
"37175","Transylvania","NC",49,12199,19713,"wave_coverage_differs","37175",""
"37177","Tyrrell","NC",11,1465,3806,"wave_coverage_differs","37177",""
"37179","Union","NC",124,29928,54714,"wave_coverage_differs","37179",""
"37181","Vance","NC",62,17325,32691,"wave_coverage_differs","37181",""
"37183","Wake","NC",216,109150,228453,"wave_coverage_differs","37183",""
"37185","Warren","NC",43,8960,15810,"wave_coverage_differs","37185",""
"37187","Washington","NC",40,6539,14038,"wave_coverage_differs","37187",""
"37189","Watauga","NC",76,14143,23404,"wave_coverage_differs","37189",""
"37191","Wayne","NC",106,25705,85408,"wave_coverage_differs","37191",""
"37193","Wilkes","NC",125,33415,49524,"wave_coverage_differs","37193",""
"37195","Wilson","NC",69,17855,57486,"wave_coverage_differs","37195",""
"37197","Yadkin","NC",69,15998,24599,"wave_coverage_differs","37197",""
"37199","Yancey","NC",51,8215,12629,"wave_coverage_differs","37199",""
"38001","Adams","ND",13,2670,3832,"wave_coverage_differs","38001",""
"38003","Barnes","ND",42,11860,14669,"wave_coverage_differs","38003",""
"38005","Benson","ND",33,6499,8245,"wave_coverage_differs","38005",""
"38007","Billings","ND",5,458,1198,"wave_coverage_differs","38007",""
"38009","Bottineau","ND",36,7690,9496,"wave_coverage_differs","38009",""
"38011","Bowman","ND",15,3439,3901,"wave_coverage_differs","38011",""
"38013","Burke","ND",21,3216,4739,"wave_coverage_differs","38013",""
"38015","Burleigh","ND",43,31312,40714,"wave_coverage_differs","38015",""
"38017","Cass","ND",103,55105,73653,"wave_coverage_differs","38017",""
"38019","Cavalier","ND",40,6965,8213,"wave_coverage_differs","38019",""
"38021","Dickey","ND",24,5049,6976,"wave_coverage_differs","38021",""
"38023","Divide","ND",19,2903,4564,"wave_coverage_differs","38023",""
"38025","Dunn","ND",20,4158,4895,"wave_coverage_differs","38025",""
"38027","Eddy","ND",14,3563,4103,"wave_coverage_differs","38027",""
"38029","Emmons","ND",17,5466,7200,"wave_coverage_differs","38029",""
"38031","Foster","ND",16,4336,4832,"wave_coverage_differs","38031",""
"38033","Golden Valley","ND",12,2033,2611,"wave_coverage_differs","38033",""
"38035","Grand Forks","ND",67,37666,61102,"wave_coverage_differs","38035",""
"38037","Grant","ND",22,3873,5009,"wave_coverage_differs","38037",""
"38039","Griggs","ND",16,2907,4184,"wave_coverage_differs","38039",""
"38041","Hettinger","ND",17,4474,5075,"wave_coverage_differs","38041",""
"38043","Kidder","ND",24,3299,4362,"wave_coverage_differs","38043",""
"38045","LaMoure","ND",35,6488,7117,"wave_coverage_differs","38045",""
"38047","Logan","ND",17,3604,4245,"wave_coverage_differs","38047",""
"38049","McHenry","ND",39,8050,8977,"wave_coverage_differs","38049",""
"38051","McIntosh","ND",19,5513,5545,"wave_coverage_differs","38051",""
"38053","McKenzie","ND",24,3345,6127,"wave_coverage_differs","38053",""
"38055","McLean","ND",56,8450,11251,"wave_coverage_differs","38055",""
"38057","Mercer","ND",18,5406,6175,"wave_coverage_differs","38057",""
"38059","Morton","ND",40,18296,20310,"wave_coverage_differs","38059",""
"38061","Mountrail","ND",36,5660,8437,"wave_coverage_differs","38061",""
"38063","Nelson","ND",28,5505,5776,"wave_coverage_differs","38063",""
"38065","Oliver","ND",6,1533,2322,"wave_coverage_differs","38065",""
"38067","Pembina","ND",47,9339,10728,"wave_coverage_differs","38067",""
"38069","Pierce","ND",18,6046,6323,"wave_coverage_differs","38069",""
"38071","Ramsey","ND",34,10712,12915,"wave_coverage_differs","38071",""
"38073","Ransom","ND",20,6251,7102,"wave_coverage_differs","38073",""
"38075","Renville","ND",20,3195,3828,"wave_coverage_differs","38075",""
"38077","Richland","ND",47,15029,18089,"wave_coverage_differs","38077",""
"38079","Rolette","ND",21,12504,11549,"wave_coverage_differs","38079",""
"38081","Sargent","ND",23,4911,5937,"wave_coverage_differs","38081",""
"38083","Sheridan","ND",16,2104,3232,"wave_coverage_differs","38083",""
"38085","Sioux","ND",9,2541,3632,"wave_coverage_differs","38085",""
"38087","Slope","ND",3,397,1484,"wave_coverage_differs","38087",""
"38089","Stark","ND",28,17018,19613,"wave_coverage_differs","38089",""
"38091","Steele","ND",21,3208,3749,"wave_coverage_differs","38091",""
"38093","Stutsman","ND",46,16695,23550,"wave_coverage_differs","38093",""
"38095","Towner","ND",16,3471,4645,"wave_coverage_differs","38095",""
"38097","Traill","ND",30,7892,9571,"wave_coverage_differs","38097",""
"38099","Walsh","ND",45,13766,16251,"wave_coverage_differs","38099",""
"38101","Ward","ND",68,32161,58560,"wave_coverage_differs","38101",""
"38103","Wells","ND",38,6689,7847,"wave_coverage_differs","38103",""
"38105","Williams","ND",51,15635,19301,"wave_coverage_differs","38105",""
"39001","Adams","OH",56,6408,18957,"wave_coverage_differs","39001",""
"39003","Allen","OH",107,58336,111144,"wave_coverage_differs","39003",""
"39005","Ashland","OH",62,19614,43303,"wave_coverage_differs","39005",""
"39007","Ashtabula","OH",106,49299,98237,"wave_coverage_differs","39007",""
"39009","Athens","OH",93,18770,54889,"wave_coverage_differs","39009",""
"39011","Auglaize","OH",50,30345,38602,"wave_coverage_differs","39011",""
"39013","Belmont","OH",121,37982,80917,"wave_coverage_differs","39013",""
"39015","Brown","OH",57,12124,26635,"wave_coverage_differs","39015",""
"39017","Butler","OH",174,102099,226207,"wave_coverage_differs","39017",""
"39019","Carroll","OH",44,8750,21579,"wave_coverage_differs","39019",""
"39021","Champaign","OH",45,12630,30491,"wave_coverage_differs","39021",""
"39023","Clark","OH",124,61523,157115,"wave_coverage_differs","39023",""
"39025","Clermont","OH",114,38183,95725,"wave_coverage_differs","39025",""
"39027","Clinton","OH",58,15191,31464,"wave_coverage_differs","39027",""
"39029","Columbiana","OH",143,59079,108310,"wave_coverage_differs","39029",""
"39031","Coshocton","OH",66,16900,33486,"wave_coverage_differs","39031",""
"39033","Crawford","OH",65,27957,50364,"wave_coverage_differs","39033",""
"39035","Cuyahoga","OH",606,867143,1721300,"wave_coverage_differs","39035",""
"39037","Darke","OH",73,24803,49141,"wave_coverage_differs","39037",""
"39039","Defiance","OH",51,24499,36949,"wave_coverage_differs","39039",""
"39041","Delaware","OH",48,12697,42908,"wave_coverage_differs","39041",""
"39043","Erie","OH",58,42401,75909,"wave_coverage_differs","39043",""
"39045","Fairfield","OH",91,31941,73301,"wave_coverage_differs","39045",""
"39047","Fayette","OH",33,9211,25461,"wave_coverage_differs","39047",""
"39049","Franklin","OH",415,299991,833249,"wave_coverage_differs","39049",""
"39051","Fulton","OH",65,22478,33071,"wave_coverage_differs","39051",""
"39053","Gallia","OH",37,5697,25239,"wave_coverage_differs","39053",""
"39055","Geauga","OH",38,21911,62977,"wave_coverage_differs","39055",""
"39057","Greene","OH",90,43106,125057,"wave_coverage_differs","39057",""
"39059","Guernsey","OH",71,15722,37665,"wave_coverage_differs","39059",""
"39061","Hamilton","OH",496,456428,924018,"wave_coverage_differs","39061",""
"39063","Hancock","OH",69,33599,61217,"wave_coverage_differs","39063",""
"39065","Hardin","OH",54,12318,30813,"wave_coverage_differs","39065",""
"39067","Harrison","OH",51,7553,17013,"wave_coverage_differs","39067",""
"39069","Henry","OH",50,21108,27058,"wave_coverage_differs","39069",""
"39071","Highland","OH",71,12588,28996,"wave_coverage_differs","39071",""
"39073","Hocking","OH",55,7938,20322,"wave_coverage_differs","39073",""
"39075","Holmes","OH",44,9126,23024,"wave_coverage_differs","39075",""
"39077","Huron","OH",69,31486,49587,"wave_coverage_differs","39077",""
"39079","Jackson","OH",42,7466,27174,"wave_coverage_differs","39079",""
"39081","Jefferson","OH",134,46816,96193,"wave_coverage_differs","39081",""
"39083","Knox","OH",70,21078,41795,"wave_coverage_differs","39083",""
"39085","Lake","OH",82,101888,197200,"wave_coverage_differs","39085",""
"39087","Lawrence","OH",68,15613,56868,"wave_coverage_differs","39087",""
"39089","Licking","OH",129,45163,107799,"wave_coverage_differs","39089",""
"39091","Logan","OH",67,19183,35072,"wave_coverage_differs","39091",""
"39093","Lorain","OH",161,132424,256843,"wave_coverage_differs","39093",""
"39095","Lucas","OH",259,264793,484370,"wave_coverage_differs","39095",""
"39097","Madison","OH",37,10123,28318,"wave_coverage_differs","39097",""
"39099","Mahoning","OH",201,198285,303424,"wave_coverage_differs","39099",""
"39101","Marion","OH",63,39542,64724,"wave_coverage_differs","39101",""
"39103","Medina","OH",71,36841,82717,"wave_coverage_differs","39103",""
"39105","Meigs","OH",70,6584,19799,"wave_coverage_differs","39105",""
"39107","Mercer","OH",58,31788,35265,"wave_coverage_differs","39107",""
"39109","Miami","OH",97,39978,84342,"wave_coverage_differs","39109",""
"39111","Monroe","OH",49,6007,15739,"wave_coverage_differs","39111",""
"39113","Montgomery","OH",333,249389,606148,"wave_coverage_differs","39113",""
"39115","Morgan","OH",38,4711,12375,"wave_coverage_differs","39115",""
"39117","Morrow","OH",40,9197,21348,"wave_coverage_differs","39117",""
"39119","Muskingum","OH",116,35694,77826,"wave_coverage_differs","39119",""
"39121","Noble","OH",34,4815,10428,"wave_coverage_differs","39121",""
"39123","Ottawa","OH",45,24933,37099,"wave_coverage_differs","39123",""
"39125","Paulding","OH",43,11593,19329,"wave_coverage_differs","39125",""
"39127","Perry","OH",59,12078,27434,"wave_coverage_differs","39127",""
"39129","Pickaway","OH",42,12470,40071,"wave_coverage_differs","39129",""
"39131","Pike","OH",29,3780,19114,"wave_coverage_differs","39131",""
"39133","Portage","OH",77,48562,125868,"wave_coverage_differs","39133",""
"39135","Preble","OH",57,14708,34719,"wave_coverage_differs","39135",""
"39137","Putnam","OH",49,25242,31134,"wave_coverage_differs","39137",""
"39139","Richland","OH",98,55119,129997,"wave_coverage_differs","39139",""
"39141","Ross","OH",79,19961,61211,"wave_coverage_differs","39141",""
"39143","Sandusky","OH",57,37009,60983,"wave_coverage_differs","39143",""
"39145","Scioto","OH",89,23602,76951,"wave_coverage_differs","39145",""
"39147","Seneca","OH",69,41038,60696,"wave_coverage_differs","39147",""
"39149","Shelby","OH",51,26077,37748,"wave_coverage_differs","39149",""
"39151","Stark","OH",255,151726,372210,"wave_coverage_differs","39151",""
"39153","Summit","OH",285,239316,553371,"wave_coverage_differs","39153",""
"39155","Trumbull","OH",152,99002,232579,"wave_coverage_differs","39155",""
"39157","Tuscarawas","OH",128,46301,77211,"wave_coverage_differs","39157",""
"39159","Union","OH",43,12636,23786,"wave_coverage_differs","39159",""
"39161","Van Wert","OH",50,14252,29194,"wave_coverage_differs","39161",""
"39163","Vinton","OH",30,2111,9420,"wave_coverage_differs","39163",""
"39165","Warren","OH",92,28501,84925,"wave_coverage_differs","39165",""
"39167","Washington","OH",108,22789,57160,"wave_coverage_differs","39167",""
"39169","Wayne","OH",113,40738,87123,"wave_coverage_differs","39169",""
"39171","Williams","OH",55,18520,33669,"wave_coverage_differs","39171",""
"39173","Wood","OH",101,45083,89722,"wave_coverage_differs","39173",""
"39175","Wyandot","OH",42,15506,21826,"wave_coverage_differs","39175",""
"40001","Adair","OK",39,6610,15141,"wave_coverage_differs","40001",""
"40003","Alfalfa","OK",32,4666,7224,"wave_coverage_differs","40003",""
"40005","Atoka","OK",36,5802,10972,"wave_coverage_differs","40005",""
"40007","Beaver","OK",22,3598,6282,"wave_coverage_differs","40007",""
"40009","Beckham","OK",38,11509,15754,"wave_coverage_differs","40009",""
"40011","Blaine","OK",43,7628,11794,"wave_coverage_differs","40011",""
"40013","Bryan","OK",75,15175,25552,"wave_coverage_differs","40013",""
"40015","Caddo","OK",96,20779,28931,"wave_coverage_differs","40015",""
"40017","Canadian","OK",47,17295,32245,"wave_coverage_differs","40017",""
"40019","Carter","OK",59,22757,37349,"wave_coverage_differs","40019",""
"40021","Cherokee","OK",42,8036,23174,"wave_coverage_differs","40021",""
"40023","Choctaw","OK",63,9097,15141,"wave_coverage_differs","40023",""
"40025","Cimarron","OK",14,2951,4145,"wave_coverage_differs","40025",""
"40027","Cleveland","OK",69,35951,81839,"wave_coverage_differs","40027",""
"40029","Coal","OK",20,2951,5525,"wave_coverage_differs","40029",""
"40031","Comanche","OK",79,43460,108144,"wave_coverage_differs","40031",""
"40033","Cotton","OK",23,5329,6832,"wave_coverage_differs","40033",""
"40035","Craig","OK",30,7446,14722,"wave_coverage_differs","40035",""
"40037","Creek","OK",68,26969,45532,"wave_coverage_differs","40037",""
"40039","Custer","OK",44,12834,22665,"wave_coverage_differs","40039",""
"40041","Delaware","OK",44,7054,17767,"wave_coverage_differs","40041",""
"40043","Dewey","OK",23,2927,5656,"wave_coverage_differs","40043",""
"40045","Ellis","OK",19,3033,5129,"wave_coverage_differs","40045",""
"40047","Garfield","OK",66,28271,55365,"wave_coverage_differs","40047",""
"40049","Garvin","OK",54,16954,24874,"wave_coverage_differs","40049",""
"40051","Grady","OK",53,19073,29354,"wave_coverage_differs","40051",""
"40053","Grant","OK",33,5069,7117,"wave_coverage_differs","40053",""
"40055","Greer","OK",18,5135,7979,"wave_coverage_differs","40055",""
"40057","Harmon","OK",14,3145,5136,"wave_coverage_differs","40057",""
"40059","Harper","OK",15,3479,5151,"wave_coverage_differs","40059",""
"40061","Haskell","OK",27,4150,9578,"wave_coverage_differs","40061",""
"40063","Hughes","OK",48,8195,13228,"wave_coverage_differs","40063",""
"40065","Jackson","OK",38,16090,30902,"wave_coverage_differs","40065",""
"40067","Jefferson","OK",14,4245,7125,"wave_coverage_differs","40067",""
"40069","Johnston","OK",33,4718,7870,"wave_coverage_differs","40069",""
"40071","Kay","OK",77,35277,48791,"wave_coverage_differs","40071",""
"40073","Kingfisher","OK",40,10072,12857,"wave_coverage_differs","40073",""
"40075","Kiowa","OK",37,9238,12532,"wave_coverage_differs","40075",""
"40077","Latimer","OK",26,3915,8601,"wave_coverage_differs","40077",""
"40079","Le Flore","OK",83,15970,32137,"wave_coverage_differs","40079",""
"40081","Lincoln","OK",56,10048,19482,"wave_coverage_differs","40081",""
"40083","Logan","OK",37,5840,19645,"wave_coverage_differs","40083",""
"40085","Love","OK",19,3592,5637,"wave_coverage_differs","40085",""
"40087","McClain","OK",45,10994,14157,"wave_coverage_differs","40087",""
"40089","McCurtain","OK",68,8455,28642,"wave_coverage_differs","40089",""
"40091","McIntosh","OK",30,5684,12472,"wave_coverage_differs","40091",""
"40093","Major","OK",30,4659,7529,"wave_coverage_differs","40093",""
"40095","Marshall","OK",21,3710,7682,"wave_coverage_differs","40095",""
"40097","Mayes","OK",56,12070,23302,"wave_coverage_differs","40097",""
"40099","Murray","OK",23,5942,10669,"wave_coverage_differs","40099",""
"40101","Muskogee","OK",91,34642,59542,"wave_coverage_differs","40101",""
"40103","Noble","OK",28,5799,10043,"wave_coverage_differs","40103",""
"40105","Nowata","OK",24,5296,9773,"wave_coverage_differs","40105",""
"40107","Okfuskee","OK",22,4448,10683,"wave_coverage_differs","40107",""
"40109","Oklahoma","OK",367,273559,526805,"wave_coverage_differs","40109",""
"40111","Okmulgee","OK",49,17645,35358,"wave_coverage_differs","40111",""
"40113","Osage","OK",52,14584,29750,"wave_coverage_differs","40113",""
"40115","Ottawa","OK",64,22491,29800,"wave_coverage_differs","40115",""
"40117","Pawnee","OK",31,7426,11338,"wave_coverage_differs","40117",""
"40119","Payne","OK",64,22820,50654,"wave_coverage_differs","40119",""
"40121","Pittsburg","OK",72,20971,37521,"wave_coverage_differs","40121",""
"40123","Pontotoc","OK",56,16875,27867,"wave_coverage_differs","40123",""
"40125","Pottawatomie","OK",72,26402,43134,"wave_coverage_differs","40125",""
"40127","Pushmataha","OK",39,4266,9385,"wave_coverage_differs","40127",""
"40129","Roger Mills","OK",15,2578,4452,"wave_coverage_differs","40129",""
"40131","Rogers","OK",43,13443,28425,"wave_coverage_differs","40131",""
"40133","Seminole","OK",59,17579,25144,"wave_coverage_differs","40133",""
"40135","Sequoyah","OK",29,7392,23370,"wave_coverage_differs","40135",""
"40137","Stephens","OK",52,23477,35902,"wave_coverage_differs","40137",""
"40139","Texas","OK",42,10971,16352,"wave_coverage_differs","40139",""
"40141","Tillman","OK",29,9190,12901,"wave_coverage_differs","40141",""
"40143","Tulsa","OK",277,208156,401663,"wave_coverage_differs","40143",""
"40145","Wagoner","OK",26,5921,22163,"wave_coverage_differs","40145",""
"40147","Washington","OK",53,29036,42277,"wave_coverage_differs","40147",""
"40149","Washita","OK",29,6896,12141,"wave_coverage_differs","40149",""
"40151","Woods","OK",28,6777,11920,"wave_coverage_differs","40151",""
"40153","Woodward","OK",28,9079,15537,"wave_coverage_differs","40153",""
"41001","Baker","OR",21,4820,14919,"wave_coverage_differs","41001",""
"41003","Benton","OR",28,13595,53776,"wave_coverage_differs","41003",""
"41005","Clackamas","OR",129,59290,166088,"wave_coverage_differs","41005",""
"41007","Clatsop","OR",32,7935,28473,"wave_coverage_differs","41007",""
"41009","Columbia","OR",33,8554,28790,"wave_coverage_differs","41009",""
"41011","Coos","OR",53,12797,56515,"wave_coverage_differs","41011",""
"41013","Crook","OR",9,1820,9985,"wave_coverage_differs","41013",""
"41015","Curry","OR",18,2728,13006,"wave_coverage_differs","41015",""
"41017","Deschutes","OR",34,9116,30442,"wave_coverage_differs","41017",""
"41019","Douglas","OR",78,18040,71743,"wave_coverage_differs","41019",""
"41021","Gilliam","OR",6,563,2342,"wave_coverage_differs","41021",""
"41023","Grant","OR",14,1348,6996,"wave_coverage_differs","41023",""
"41025","Harney","OR",9,1635,7215,"wave_coverage_differs","41025",""
"41027","Hood River","OR",18,4280,13187,"wave_coverage_differs","41027",""
"41029","Jackson","OR",63,21621,94533,"wave_coverage_differs","41029",""
"41031","Jefferson","OR",15,3182,8548,"wave_coverage_differs","41031",""
"41033","Josephine","OR",27,8100,35746,"wave_coverage_differs","41033",""
"41035","Klamath","OR",37,13030,50021,"wave_coverage_differs","41035",""
"41037","Lake","OR",12,1366,6343,"wave_coverage_differs","41037",""
"41039","Lane","OR",150,55725,213358,"wave_coverage_differs","41039",""
"41041","Lincoln","OR",37,6387,25755,"wave_coverage_differs","41041",""
"41043","Linn","OR",84,21417,71914,"wave_coverage_differs","41043",""
"41045","Malheur","OR",32,8406,23169,"wave_coverage_differs","41045",""
"41047","Marion","OR",138,57286,151309,"wave_coverage_differs","41047",""
"41049","Morrow","OR",21,2423,4465,"wave_coverage_differs","41049",""
"41051","Multnomah","OR",274,179257,556667,"wave_coverage_differs","41051",""
"41053","Polk","OR",36,6900,35349,"wave_coverage_differs","41053",""
"41055","Sherman","OR",7,684,2139,"wave_coverage_differs","41055",""
"41057","Tillamook","OR",24,4894,17930,"wave_coverage_differs","41057",""
"41059","Umatilla","OR",61,18157,44923,"wave_coverage_differs","41059",""
"41061","Union","OR",24,5649,19377,"wave_coverage_differs","41061",""
"41063","Wallowa","OR",12,1543,6247,"wave_coverage_differs","41063",""
"41065","Wasco","OR",22,6412,20133,"wave_coverage_differs","41065",""
"41067","Washington","OR",93,47423,157920,"wave_coverage_differs","41067",""
"41069","Wheeler","OR",2,141,1849,"wave_coverage_differs","41069",""
"41071","Yamhill","OR",54,14969,40213,"wave_coverage_differs","41071",""
"42001","Adams","PA",97,37639,56937,"wave_coverage_differs","42001",""
"42003","Allegheny","PA",867,1077083,1605016,"wave_coverage_differs","42003",""
"42005","Armstrong","PA",148,56488,75590,"wave_coverage_differs","42005",""
"42007","Beaver","PA",172,124631,208418,"wave_coverage_differs","42007",""
"42009","Bedford","PA",124,22095,42353,"wave_coverage_differs","42009",""
"42011","Berks","PA",298,183206,296382,"wave_coverage_differs","42011",""
"42013","Blair","PA",165,78539,135356,"wave_coverage_differs","42013",""
"42015","Bradford","PA",114,25419,57962,"wave_coverage_differs","42015",""
"42017","Bucks","PA",236,223398,415056,"wave_coverage_differs","42017",""
"42019","Butler","PA",157,86559,127941,"wave_coverage_differs","42019",""
"42021","Cambria","PA",229,150324,186785,"wave_coverage_differs","42021",""
"42023","Cameron","PA",10,3613,7096,"wave_coverage_differs","42023",""
"42025","Carbon","PA",100,42927,50573,"wave_coverage_differs","42025",""
"42027","Centre","PA",135,42381,99267,"wave_coverage_differs","42027",""
"42029","Chester","PA",230,138490,278311,"wave_coverage_differs","42029",""
"42031","Clarion","PA",92,21611,38414,"wave_coverage_differs","42031",""
"42033","Clearfield","PA",163,38980,74619,"wave_coverage_differs","42033",""
"42035","Clinton","PA",68,19789,37721,"wave_coverage_differs","42035",""
"42037","Columbia","PA",109,25668,55114,"wave_coverage_differs","42037",""
"42039","Crawford","PA",118,37286,81342,"wave_coverage_differs","42039",""
"42041","Cumberland","PA",155,85290,158177,"wave_coverage_differs","42041",""
"42043","Dauphin","PA",225,117111,223834,"wave_coverage_differs","42043",""
"42045","Delaware","PA",249,372421,600035,"wave_coverage_differs","42045",""
"42047","Elk","PA",45,28087,37770,"wave_coverage_differs","42047",""
"42049","Erie","PA",201,157395,263654,"wave_coverage_differs","42049",""
"42051","Fayette","PA",234,99730,154667,"wave_coverage_differs","42051",""
"42053","Forest","PA",18,1700,4926,"wave_coverage_differs","42053",""
"42055","Franklin","PA",139,43862,100833,"wave_coverage_differs","42055",""
"42057","Fulton","PA",43,4414,10776,"wave_coverage_differs","42057",""
"42059","Greene","PA",82,17352,36090,"wave_coverage_differs","42059",""
"42061","Huntingdon","PA",117,19189,39108,"wave_coverage_differs","42061",""
"42063","Indiana","PA",143,45885,79451,"wave_coverage_differs","42063",""
"42065","Jefferson","PA",116,32485,43695,"wave_coverage_differs","42065",""
"42067","Juniata","PA",57,10088,16712,"wave_coverage_differs","42067",""
"42069","Lackawanna","PA",194,167689,234107,"wave_coverage_differs","42069",""
"42071","Lancaster","PA",391,171841,319693,"wave_coverage_differs","42071",""
"42073","Lawrence","PA",116,71357,107374,"wave_coverage_differs","42073",""
"42075","Lebanon","PA",134,60524,99665,"wave_coverage_differs","42075",""
"42077","Lehigh","PA",201,165985,255304,"wave_coverage_differs","42077",""
"42079","Luzerne","PA",334,256327,342301,"wave_coverage_differs","42079",""
"42081","Lycoming","PA",174,64282,113296,"wave_coverage_differs","42081",""
"42083","McKean","PA",78,29414,51915,"wave_coverage_differs","42083",""
"42085","Mercer","PA",139,81190,127175,"wave_coverage_differs","42085",""
"42087","Mifflin","PA",76,23604,45268,"wave_coverage_differs","42087",""
"42089","Monroe","PA",74,24952,45422,"wave_coverage_differs","42089",""
"42091","Montgomery","PA",376,386937,623799,"wave_coverage_differs","42091",""
"42093","Montour","PA",31,11445,16508,"wave_coverage_differs","42093",""
"42095","Northampton","PA",188,151073,214368,"wave_coverage_differs","42095",""
"42097","Northumberland","PA",158,69894,99190,"wave_coverage_differs","42097",""
"42099","Perry","PA",72,14280,28615,"wave_coverage_differs","42099",""
"42101","Philadelphia","PA",642,855142,1948609,"wave_coverage_differs","42101",""
"42103","Pike","PA",19,4128,11818,"wave_coverage_differs","42103",""
"42105","Potter","PA",39,5360,16395,"wave_coverage_differs","42105",""
"42107","Schuylkill","PA",280,131262,160089,"wave_coverage_differs","42107",""
"42109","Snyder","PA",75,16191,29269,"wave_coverage_differs","42109",""
"42111","Somerset","PA",182,50783,76037,"wave_coverage_differs","42111",""
"42113","Sullivan","PA",21,3073,5961,"wave_coverage_differs","42113",""
"42115","Susquehanna","PA",73,16875,34344,"wave_coverage_differs","42115",""
"42117","Tioga","PA",92,13815,39691,"wave_coverage_differs","42117",""
"42119","Union","PA",58,14929,28603,"wave_coverage_differs","42119",""
"42121","Venango","PA",104,34658,62353,"wave_coverage_differs","42121",""
"42123","Warren","PA",61,23955,47682,"wave_coverage_differs","42123",""
"42125","Washington","PA",233,131665,210876,"wave_coverage_differs","42125",""
"42127","Wayne","PA",62,15900,29581,"wave_coverage_differs","42127",""
"42129","Westmoreland","PA",359,267024,376935,"wave_coverage_differs","42129",""
"42131","Wyoming","PA",37,8515,19082,"wave_coverage_differs","42131",""
"42133","York","PA",313,151485,272603,"wave_coverage_differs","42133",""
"44001","Bristol","RI",27,39619,45937,"wave_coverage_differs","44001",""
"44003","Kent","RI",65,112104,142382,"wave_coverage_differs","44003",""
"44005","Newport","RI",50,51596,94559,"wave_coverage_differs","44005",""
"44007","Providence","RI",250,465773,580261,"wave_coverage_differs","44007",""
"44009","Washington","RI",62,41012,83586,"wave_coverage_differs","44009",""
"45001","Abbeville","SC",59,12827,21112,"wave_coverage_differs","45001",""
"45003","Aiken","SC",147,51247,91023,"wave_coverage_differs","45003",""
"45005","Allendale","SC",25,5088,9692,"wave_coverage_differs","45005",""
"45007","Anderson","SC",174,66170,105474,"wave_coverage_differs","45007",""
"45009","Bamberg","SC",53,9102,15950,"wave_coverage_differs","45009",""
"45011","Barnwell","SC",40,9522,17176,"wave_coverage_differs","45011",""
"45013","Beaufort","SC",37,10966,51136,"wave_coverage_differs","45013",""
"45015","Berkeley","SC",106,20406,56199,"wave_coverage_differs","45015",""
"45017","Calhoun","SC",26,4450,10780,"wave_coverage_differs","45017",""
"45019","Charleston","SC",207,108337,247650,"wave_coverage_differs","45019",""
"45021","Cherokee","SC",76,25482,36791,"wave_coverage_differs","45021",""
"45023","Chester","SC",70,14849,29811,"wave_coverage_differs","45023",""
"45025","Chesterfield","SC",109,21193,33667,"wave_coverage_differs","45025",""
"45027","Clarendon","SC",44,9524,25604,"wave_coverage_differs","45027",""
"45029","Colleton","SC",91,14900,27622,"wave_coverage_differs","45029",""
"45031","Darlington","SC",62,13639,53442,"wave_coverage_differs","45031",""
"45033","Dillon","SC",55,13217,28838,"wave_coverage_differs","45033",""
"45035","Dorchester","SC",61,18152,32276,"wave_coverage_differs","45035",""
"45037","Edgefield","SC",33,8068,15692,"wave_coverage_differs","45037",""
"45039","Fairfield","SC",43,7474,19999,"wave_coverage_differs","45039",""
"45041","Florence","SC",142,44185,89636,"wave_coverage_differs","45041",""
"45043","Georgetown","SC",64,11982,33500,"wave_coverage_differs","45043",""
"45045","Greenville","SC",310,148494,240546,"wave_coverage_differs","45045",""
"45047","Greenwood","SC",86,27857,49686,"wave_coverage_differs","45047",""
"45049","Hampton","SC",48,7662,15878,"wave_coverage_differs","45049",""
"45051","Horry","SC",145,37140,69992,"wave_coverage_differs","45051",""
"45053","Jasper","SC",19,3728,11885,"wave_coverage_differs","45053",""
"45055","Kershaw","SC",79,21778,34727,"wave_coverage_differs","45055",""
"45057","Lancaster","SC",88,29277,43328,"wave_coverage_differs","45057",""
"45059","Laurens","SC",107,26234,49713,"wave_coverage_differs","45059",""
"45061","Lee","SC",64,19682,18323,"wave_coverage_differs","45061",""
"45063","Lexington","SC",136,49851,89012,"wave_coverage_differs","45063",""
"45065","McCormick","SC",18,3032,7955,"wave_coverage_differs","45065",""
"45067","Marion","SC",43,11835,30270,"wave_coverage_differs","45067",""
"45069","Marlboro","SC",59,10907,27151,"wave_coverage_differs","45069",""
"45071","Newberry","SC",68,15565,29273,"wave_coverage_differs","45071",""
"45073","Oconee","SC",105,24382,40728,"wave_coverage_differs","45073",""
"45075","Orangeburg","SC",134,33735,69789,"wave_coverage_differs","45075",""
"45077","Pickens","SC",110,34138,58956,"wave_coverage_differs","45077",""
"45079","Richland","SC",165,98399,233868,"wave_coverage_differs","45079",""
"45081","Saluda","SC",43,8548,14528,"wave_coverage_differs","45081",""
"45083","Spartanburg","SC",253,105620,173724,"wave_coverage_differs","45083",""
"45085","Sumter","SC",94,31604,79425,"wave_coverage_differs","45085",""
"45087","Union","SC",58,18423,29230,"wave_coverage_differs","45087",""
"45089","Williamsburg","SC",76,13827,34243,"wave_coverage_differs","45089",""
"45091","York","SC",144,48205,85216,"wave_coverage_differs","45091",""
"46003","Aurora","SD",14,3394,4183,"wave_coverage_differs","46003",""
"46005","Beadle","SD",31,14161,20877,"wave_coverage_differs","46005",""
"46007","Bennett","SD",12,1692,3088,"wave_coverage_differs","46007",""
"46009","Bon Homme","SD",26,7944,8577,"wave_coverage_differs","46009",""
"46011","Brookings","SD",36,13569,22158,"wave_coverage_differs","46011",""
"46013","Brown","SD",48,26406,36920,"wave_coverage_differs","46013",""
"46015","Brule","SD",10,3876,5870,"wave_coverage_differs","46015",""
"46017","Buffalo","SD",4,805,1739,"wave_coverage_differs","46017",""
"46019","Butte","SD",12,3393,7825,"wave_coverage_differs","46019",""
"46021","Campbell","SD",11,1982,2866,"wave_coverage_differs","46021",""
"46023","Charles Mix","SD",30,7553,9994,"wave_coverage_differs","46023",""
"46025","Clark","SD",24,4707,5515,"wave_coverage_differs","46025",""
"46027","Clay","SD",21,6464,12923,"wave_coverage_differs","46027",""
"46029","Codington","SD",32,15551,19140,"wave_coverage_differs","46029",""
"46031","Corson","SD",26,3574,4994,"wave_coverage_differs","46031",""
"46033","Custer","SD",12,1707,4698,"wave_coverage_differs","46033",""
"46035","Davison","SD",26,14109,17319,"wave_coverage_differs","46035",""
"46037","Day","SD",27,7359,8713,"wave_coverage_differs","46037",""
"46039","Deuel","SD",21,4693,5686,"wave_coverage_differs","46039",""
"46041","Dewey","SD",19,3067,5170,"wave_coverage_differs","46041",""
"46043","Douglas","SD",19,4749,4569,"wave_coverage_differs","46043",""
"46045","Edmunds","SD",18,4584,5548,"wave_coverage_differs","46045",""
"46047","Fall River","SD",18,4091,7505,"wave_coverage_differs","46047",""
"46049","Faulk","SD",17,3102,3893,"wave_coverage_differs","46049",""
"46051","Grant","SD",20,7431,9005,"wave_coverage_differs","46051",""
"46053","Gregory","SD",27,4438,6710,"wave_coverage_differs","46053",""
"46055","Haakon","SD",14,1871,2802,"wave_coverage_differs","46055",""
"46057","Hamlin","SD",20,4479,5172,"wave_coverage_differs","46057",""
"46059","Hand","SD",13,3846,5883,"wave_coverage_differs","46059",""
"46061","Hanson","SD",10,2308,3781,"wave_coverage_differs","46061",""
"46063","Harding","SD",13,1073,1855,"wave_coverage_differs","46063",""
"46065","Hughes","SD",23,7983,11632,"wave_coverage_differs","46065",""
"46067","Hutchinson","SD",27,9609,10379,"wave_coverage_differs","46067",""
"46069","Hyde","SD",6,1694,2515,"wave_coverage_differs","46069",""
"46071","Jackson","SD",9,884,1531,"wave_coverage_differs","46071",""
"46073","Jerauld","SD",15,2412,3310,"wave_coverage_differs","46073",""
"46075","Jones","SD",7,963,1882,"wave_coverage_differs","46075",""
"46077","Kingsbury","SD",31,6660,7657,"wave_coverage_differs","46077",""
"46079","Lake","SD",23,8337,11456,"wave_coverage_differs","46079",""
"46081","Lawrence","SD",27,8713,17453,"wave_coverage_differs","46081",""
"46083","Lincoln","SD",23,8130,11761,"wave_coverage_differs","46083",""
"46085","Lyman","SD",17,2207,4060,"wave_coverage_differs","46085",""
"46087","McCook","SD",21,5422,7246,"wave_coverage_differs","46087",""
"46089","McPherson","SD",13,4097,5022,"wave_coverage_differs","46089",""
"46091","Marshall","SD",23,5498,5965,"wave_coverage_differs","46091",""
"46093","Meade","SD",20,6161,16618,"wave_coverage_differs","46093",""
"46095","Mellette","SD",17,1286,2420,"wave_coverage_differs","46095",""
"46097","Miner","SD",18,3955,4454,"wave_coverage_differs","46097",""
"46099","Minnehaha","SD",108,73050,95209,"wave_coverage_differs","46099",""
"46101","Moody","SD",17,4881,7622,"wave_coverage_differs","46101",""
"46102","Oglala Lakota","SD",30,6488,8198,"wave_coverage_differs;boundary_change_crosswalked","46113","Renamed effective 2015-05-01. Direct one-to-one successor."
"46103","Pennington","SD",58,29074,59349,"wave_coverage_differs","46103",""
"46105","Perkins","SD",24,3368,4769,"wave_coverage_differs","46105",""
"46107","Potter","SD",12,3724,4449,"wave_coverage_differs","46107",""
"46109","Roberts","SD",36,8722,11678,"wave_coverage_differs","46109",""
"46111","Sanborn","SD",16,2891,3697,"wave_coverage_differs","46111",""
"46115","Spink","SD",27,6422,10595,"wave_coverage_differs","46115",""
"46117","Stanley","SD",6,793,2457,"wave_coverage_differs","46117",""
"46119","Sully","SD",7,1245,2362,"wave_coverage_differs","46119",""
"46121","Todd","SD",12,1786,6606,"wave_coverage_differs","46121",""
"46123","Tripp","SD",26,4472,8171,"wave_coverage_differs","46123",""
"46125","Turner","SD",42,8941,9872,"wave_coverage_differs","46125",""
"46127","Union","SD",22,6837,9643,"wave_coverage_differs","46127",""
"46129","Walworth","SD",21,6418,7842,"wave_coverage_differs","46129",""
"46135","Yankton","SD",24,12546,19039,"wave_coverage_differs","46135",""
"46137","Ziebach","SD",10,1305,2221,"wave_coverage_differs","46137",""
"47001","Anderson","TN",111,45310,60300,"wave_coverage_differs","47001",""
"47003","Bedford","TN",62,11841,25039,"wave_coverage_differs","47003",""
"47005","Benton","TN",35,6059,12126,"wave_coverage_differs","47005",""
"47007","Bledsoe","TN",17,1555,7643,"wave_coverage_differs","47007",""
"47009","Blount","TN",130,42388,63744,"wave_coverage_differs","47009",""
"47011","Bradley","TN",103,28191,50686,"wave_coverage_differs","47011",""
"47013","Campbell","TN",60,13824,26045,"wave_coverage_differs","47013",""
"47015","Cannon","TN",23,3009,8467,"wave_coverage_differs","47015",""
"47017","Carroll","TN",61,11030,25741,"wave_coverage_differs","47017",""
"47019","Carter","TN",94,24822,42575,"wave_coverage_differs","47019",""
"47021","Cheatham","TN",15,2500,13199,"wave_coverage_differs","47021",""
"47023","Chester","TN",18,3392,9927,"wave_coverage_differs","47023",""
"47025","Claiborne","TN",96,16310,19420,"wave_coverage_differs","47025",""
"47027","Clay","TN",7,956,6624,"wave_coverage_differs","47027",""
"47029","Cocke","TN",65,12747,25283,"wave_coverage_differs","47029",""
"47031","Coffee","TN",57,14973,32572,"wave_coverage_differs","47031",""
"47033","Crockett","TN",30,6738,14402,"wave_coverage_differs","47033",""
"47035","Cumberland","TN",47,7261,20733,"wave_coverage_differs","47035",""
"47037","Davidson","TN",313,191838,448003,"wave_coverage_differs","47037",""
"47039","Decatur","TN",33,4095,9457,"wave_coverage_differs","47039",""
"47041","DeKalb","TN",41,6541,11151,"wave_coverage_differs","47041",""
"47043","Dickson","TN",47,6495,21977,"wave_coverage_differs","47043",""
"47045","Dyer","TN",68,16306,30427,"wave_coverage_differs","47045",""
"47047","Fayette","TN",37,6512,22692,"wave_coverage_differs","47047",""
"47049","Fentress","TN",23,3575,12593,"wave_coverage_differs","47049",""
"47051","Franklin","TN",67,12348,27244,"wave_coverage_differs","47051",""
"47053","Gibson","TN",102,27942,47871,"wave_coverage_differs","47053",""
"47055","Giles","TN",59,10478,22138,"wave_coverage_differs","47055",""
"47057","Grainger","TN",62,12560,13948,"wave_coverage_differs","47057",""
"47059","Greene","TN",129,22527,47630,"wave_coverage_differs","47059",""
"47061","Grundy","TN",29,2430,10631,"wave_coverage_differs","47061",""
"47063","Hamblen","TN",68,23873,38696,"wave_coverage_differs","47063",""
"47065","Hamilton","TN",275,129474,254236,"wave_coverage_differs","47065",""
"47067","Hancock","TN",41,8162,6719,"wave_coverage_differs","47067",""
"47069","Hardeman","TN",52,10495,22435,"wave_coverage_differs","47069",""
"47071","Hardin","TN",52,7349,18212,"wave_coverage_differs","47071",""
"47073","Hawkins","TN",111,22000,33726,"wave_coverage_differs","47073",""
"47075","Haywood","TN",41,8159,19596,"wave_coverage_differs","47075",""
"47077","Henderson","TN",43,6975,17291,"wave_coverage_differs","47077",""
"47079","Henry","TN",59,12894,23749,"wave_coverage_differs","47079",""
"47081","Hickman","TN",23,2472,12096,"wave_coverage_differs","47081",""
"47083","Houston","TN",19,1684,5845,"wave_coverage_differs","47083",""
"47085","Humphreys","TN",38,5707,13560,"wave_coverage_differs","47085",""
"47087","Jackson","TN",5,342,8141,"wave_coverage_differs","47087",""
"47089","Jefferson","TN",81,17869,24940,"wave_coverage_differs","47089",""
"47091","Johnson","TN",48,7756,11569,"wave_coverage_differs","47091",""
"47093","Knox","TN",362,175121,276293,"wave_coverage_differs","47093",""
"47095","Lake","TN",18,3799,7896,"wave_coverage_differs","47095",""
"47097","Lauderdale","TN",55,10895,20271,"wave_coverage_differs","47097",""
"47099","Lawrence","TN",84,15537,29097,"wave_coverage_differs","47099",""
"47101","Lewis","TN",13,1584,6761,"wave_coverage_differs","47101",""
"47103","Lincoln","TN",63,12233,24318,"wave_coverage_differs","47103",""
"47105","Loudon","TN",64,17715,24266,"wave_coverage_differs","47105",""
"47107","McMinn","TN",102,26628,35462,"wave_coverage_differs","47107",""
"47109","McNairy","TN",55,8767,18369,"wave_coverage_differs","47109",""
"47111","Macon","TN",13,860,12315,"wave_coverage_differs","47111",""
"47113","Madison","TN",91,34409,65727,"wave_coverage_differs","47113",""
"47115","Marion","TN",50,7585,20577,"wave_coverage_differs","47115",""
"47117","Marshall","TN",34,6437,17319,"wave_coverage_differs","47117",""
"47119","Maury","TN",87,16225,43376,"wave_coverage_differs","47119",""
"47121","Meigs","TN",25,3385,5219,"wave_coverage_differs","47121",""
"47123","Monroe","TN",102,20886,23475,"wave_coverage_differs","47123",""
"47125","Montgomery","TN",81,25844,62721,"wave_coverage_differs","47125",""
"47127","Moore","TN",9,909,3568,"wave_coverage_differs","47127",""
"47129","Morgan","TN",33,6964,13619,"wave_coverage_differs","47129",""
"47131","Obion","TN",83,17428,29936,"wave_coverage_differs","47131",""
"47133","Overton","TN",42,6295,14866,"wave_coverage_differs","47133",""
"47135","Perry","TN",16,1788,5238,"wave_coverage_differs","47135",""
"47137","Pickett","TN",9,1313,3774,"wave_coverage_differs","47137",""
"47139","Polk","TN",57,12046,11669,"wave_coverage_differs","47139",""
"47141","Putnam","TN",67,14228,35487,"wave_coverage_differs","47141",""
"47143","Rhea","TN",50,8523,17202,"wave_coverage_differs","47143",""
"47145","Roane","TN",78,23064,38881,"wave_coverage_differs","47145",""
"47147","Robertson","TN",64,17696,29102,"wave_coverage_differs","47147",""
"47149","Rutherford","TN",88,22439,59428,"wave_coverage_differs","47149",""
"47151","Scott","TN",38,7208,14762,"wave_coverage_differs","47151",""
"47153","Sequatchie","TN",13,1795,6331,"wave_coverage_differs","47153",""
"47155","Sevier","TN",96,22488,28241,"wave_coverage_differs","47155",""
"47157","Shelby","TN",383,299559,722014,"wave_coverage_differs","47157",""
"47159","Smith","TN",37,5082,12509,"wave_coverage_differs","47159",""
"47161","Stewart","TN",43,4634,7319,"wave_coverage_differs","47161",""
"47163","Sullivan","TN",181,66438,127329,"wave_coverage_differs","47163",""
"47165","Sumner","TN",73,21074,56106,"wave_coverage_differs","47165",""
"47167","Tipton","TN",58,13290,28001,"wave_coverage_differs","47167",""
"47169","Trousdale","TN",9,1213,5155,"wave_coverage_differs","47169",""
"47171","Unicoi","TN",36,9137,15254,"wave_coverage_differs","47171",""
"47173","Union","TN",22,4468,9072,"wave_coverage_differs","47173",""
"47175","Van Buren","TN",8,803,3758,"wave_coverage_differs","47175",""
"47177","Warren","TN",52,8606,26972,"wave_coverage_differs","47177",""
"47179","Washington","TN",147,43657,73924,"wave_coverage_differs","47179",""
"47181","Wayne","TN",41,4761,12365,"wave_coverage_differs","47181",""
"47183","Weakley","TN",92,16497,28827,"wave_coverage_differs","47183",""
"47185","White","TN",43,5920,17088,"wave_coverage_differs","47185",""
"47187","Williamson","TN",48,10691,34330,"wave_coverage_differs","47187",""
"47189","Wilson","TN",74,18170,36999,"wave_coverage_differs","47189",""
"48001","Anderson","TX",60,14347,27789,"wave_coverage_differs","48001",""
"48003","Andrews","TX",13,6810,10372,"wave_coverage_differs","48003",""
"48005","Angelina","TX",55,26297,49349,"wave_coverage_differs","48005",""
"48007","Aransas","TX",11,4420,8902,"wave_coverage_differs","48007",""
"48009","Archer","TX",14,4319,5759,"wave_coverage_differs","48009",""
"48011","Armstrong","TX",6,1607,1895,"wave_coverage_differs","48011",""
"48013","Atascosa","TX",29,14728,18696,"wave_coverage_differs","48013",""
"48015","Austin","TX",28,7858,13831,"wave_coverage_differs","48015",""
"48017","Bailey","TX",21,6508,8487,"wave_coverage_differs","48017",""
"48019","Bandera","TX",11,2312,4747,"wave_coverage_differs","48019",""
"48021","Bastrop","TX",33,6773,17297,"wave_coverage_differs","48021",""
"48023","Baylor","TX",12,4380,5221,"wave_coverage_differs","48023",""
"48025","Bee","TX",32,9616,22737,"wave_coverage_differs","48025",""
"48027","Bell","TX",112,49987,124483,"wave_coverage_differs","48027",""
"48029","Bexar","TX",350,537535,830460,"wave_coverage_differs","48029",""
"48031","Blanco","TX",12,4206,3567,"wave_coverage_differs","48031",""
"48033","Borden","TX",4,2066,888,"wave_coverage_differs","48033",""
"48035","Bosque","TX",42,8203,10966,"wave_coverage_differs","48035",""
"48037","Bowie","TX",97,35943,67813,"wave_coverage_differs","48037",""
"48039","Brazoria","TX",115,63542,108312,"wave_coverage_differs","48039",""
"48041","Brazos","TX",46,28915,57978,"wave_coverage_differs","48041",""
"48043","Brewster","TX",13,5661,7780,"wave_coverage_differs","48043",""
"48045","Briscoe","TX",6,3883,2794,"wave_coverage_differs","48045",""
"48047","Brooks","TX",14,6333,8005,"wave_coverage_differs","48047",""
"48049","Brown","TX",50,17769,25877,"wave_coverage_differs","48049",""
"48051","Burleson","TX",32,5304,9999,"wave_coverage_differs","48051",""
"48053","Burnet","TX",31,6392,11420,"wave_coverage_differs","48053",""
"48055","Caldwell","TX",49,9749,21178,"wave_coverage_differs","48055",""
"48057","Calhoun","TX",18,10929,17831,"wave_coverage_differs","48057",""
"48059","Callahan","TX",22,4977,8205,"wave_coverage_differs","48059",""
"48061","Cameron","TX",110,115626,140368,"wave_coverage_differs","48061",""
"48063","Camp","TX",24,4549,8005,"wave_coverage_differs","48063",""
"48065","Carson","TX",11,7144,6358,"wave_coverage_differs","48065",""
"48067","Cass","TX",58,14525,24133,"wave_coverage_differs","48067",""
"48069","Castro","TX",16,8366,10394,"wave_coverage_differs","48069",""
"48071","Chambers","TX",20,6199,12187,"wave_coverage_differs","48071",""
"48073","Cherokee","TX",69,15980,32008,"wave_coverage_differs","48073",""
"48075","Childress","TX",16,5166,6605,"wave_coverage_differs","48075",""
"48077","Clay","TX",23,5273,8079,"wave_coverage_differs","48077",""
"48079","Cochran","TX",7,4517,5326,"wave_coverage_differs","48079",""
"48081","Coke","TX",10,2327,3087,"wave_coverage_differs","48081",""
"48083","Coleman","TX",43,6961,10288,"wave_coverage_differs","48083",""
"48085","Collin","TX",115,38272,66920,"wave_coverage_differs","48085",""
"48087","Collingsworth","TX",12,4003,4755,"wave_coverage_differs","48087",""
"48089","Colorado","TX",36,11671,17638,"wave_coverage_differs","48089",""
"48091","Comal","TX",20,15958,24165,"wave_coverage_differs","48091",""
"48093","Comanche","TX",40,6985,11898,"wave_coverage_differs","48093",""
"48095","Concho","TX",15,1598,2937,"wave_coverage_differs","48095",""
"48097","Cooke","TX",45,15315,23471,"wave_coverage_differs","48097",""
"48099","Coryell","TX",53,12144,35311,"wave_coverage_differs","48099",""
"48101","Cottle","TX",8,2950,3204,"wave_coverage_differs","48101",""
"48103","Crane","TX",5,1690,4172,"wave_coverage_differs","48103",""
"48105","Crockett","TX",6,1600,3885,"wave_coverage_differs","48105",""
"48107","Crosby","TX",13,7961,9085,"wave_coverage_differs","48107",""
"48109","Culberson","TX",6,2116,3429,"wave_coverage_differs","48109",""
"48111","Dallam","TX",12,5872,6012,"wave_coverage_differs","48111",""
"48113","Dallas","TX",606,597913,1327321,"wave_coverage_differs","48113",""
"48115","Dawson","TX",26,13031,16604,"wave_coverage_differs","48115",""
"48117","Deaf Smith","TX",16,10543,18999,"wave_coverage_differs","48117",""
"48119","Delta","TX",21,3664,4927,"wave_coverage_differs","48119",""
"48121","Denton","TX",95,27592,75633,"wave_coverage_differs","48121",""
"48123","DeWitt","TX",28,11115,18660,"wave_coverage_differs","48123",""
"48125","Dickens","TX",13,4060,3737,"wave_coverage_differs","48125",""
"48127","Dimmit","TX",12,8397,9039,"wave_coverage_differs","48127",""
"48129","Donley","TX",10,3213,3641,"wave_coverage_differs","48129",""
"48131","Duval","TX",12,8535,11722,"wave_coverage_differs","48131",""
"48133","Eastland","TX",49,11932,18092,"wave_coverage_differs","48133",""
"48135","Ector","TX",62,54761,91805,"wave_coverage_differs","48135",""
"48137","Edwards","TX",7,1622,2107,"wave_coverage_differs","48137",""
"48139","Ellis","TX",82,27497,46638,"wave_coverage_differs","48139",""
"48141","El Paso","TX",148,209193,359291,"wave_coverage_differs","48141",""
"48143","Erath","TX",47,10697,18141,"wave_coverage_differs","48143",""
"48145","Falls","TX",51,11029,17300,"wave_coverage_differs","48145",""
"48147","Fannin","TX",81,14627,22705,"wave_coverage_differs","48147",""
"48149","Fayette","TX",52,13912,17650,"wave_coverage_differs","48149",""
"48151","Fisher","TX",21,4822,6344,"wave_coverage_differs","48151",""
"48153","Floyd","TX",18,8021,11044,"wave_coverage_differs","48153",""
"48155","Foard","TX",8,1524,2211,"wave_coverage_differs","48155",""
"48157","Fort Bend","TX",52,30857,52314,"wave_coverage_differs","48157",""
"48159","Franklin","TX",18,3036,5291,"wave_coverage_differs","48159",""
"48161","Freestone","TX",34,6218,11116,"wave_coverage_differs","48161",""
"48163","Frio","TX",17,8811,11159,"wave_coverage_differs","48163",""
"48165","Gaines","TX",19,8153,11593,"wave_coverage_differs","48165",""
"48167","Galveston","TX",117,82135,169812,"wave_coverage_differs","48167",""
"48169","Garza","TX",16,3834,5289,"wave_coverage_differs","48169",""
"48171","Gillespie","TX",18,8980,10553,"wave_coverage_differs","48171",""
"48173","Glasscock","TX",5,841,1155,"wave_coverage_differs","48173",""
"48175","Goliad","TX",17,3628,4869,"wave_coverage_differs","48175",""
"48177","Gonzales","TX",30,9159,16375,"wave_coverage_differs","48177",""
"48179","Gray","TX",29,17631,26949,"wave_coverage_differs","48179",""
"48181","Grayson","TX",106,45733,83225,"wave_coverage_differs","48181",""
"48183","Gregg","TX",79,41953,75929,"wave_coverage_differs","48183",""
"48185","Grimes","TX",40,8629,11855,"wave_coverage_differs","48185",""
"48187","Guadalupe","TX",34,17815,33554,"wave_coverage_differs","48187",""
"48189","Hale","TX",47,24509,34137,"wave_coverage_differs","48189",""
"48191","Hall","TX",15,5258,6015,"wave_coverage_differs","48191",""
"48193","Hamilton","TX",31,5142,7198,"wave_coverage_differs","48193",""
"48195","Hansford","TX",10,4364,6351,"wave_coverage_differs","48195",""
"48197","Hardeman","TX",13,3977,6795,"wave_coverage_differs","48197",""
"48199","Hardin","TX",41,14935,29996,"wave_coverage_differs","48199",""
"48201","Harris","TX",755,784357,1741912,"wave_coverage_differs","48201",""
"48203","Harrison","TX",70,21744,44841,"wave_coverage_differs","48203",""
"48205","Hartley","TX",5,1249,2782,"wave_coverage_differs","48205",""
"48207","Haskell","TX",30,7644,8512,"wave_coverage_differs","48207",""
"48209","Hays","TX",35,13405,27642,"wave_coverage_differs","48209",""
"48211","Hemphill","TX",9,2145,3084,"wave_coverage_differs","48211",""
"48213","Henderson","TX",55,11904,26466,"wave_coverage_differs","48213",""
"48215","Hidalgo","TX",151,189983,181535,"wave_coverage_differs","48215",""
"48217","Hill","TX",70,11964,22596,"wave_coverage_differs","48217",""
"48219","Hockley","TX",32,13776,20396,"wave_coverage_differs","48219",""
"48221","Hood","TX",20,4273,6368,"wave_coverage_differs","48221",""
"48223","Hopkins","TX",67,12640,20710,"wave_coverage_differs","48223",""
"48225","Houston","TX",43,7453,17855,"wave_coverage_differs","48225",""
"48227","Howard","TX",50,23543,37796,"wave_coverage_differs","48227",""
"48229","Hudspeth","TX",9,2549,2392,"wave_coverage_differs","48229",""
"48231","Hunt","TX",88,26012,47948,"wave_coverage_differs","48231",""
"48233","Hutchinson","TX",32,14956,24443,"wave_coverage_differs","48233",""
"48235","Irion","TX",7,993,1070,"wave_coverage_differs","48235",""
"48237","Jack","TX",23,4292,6711,"wave_coverage_differs","48237",""
"48239","Jackson","TX",27,9599,12975,"wave_coverage_differs","48239",""
"48241","Jasper","TX",47,12719,24692,"wave_coverage_differs","48241",""
"48243","Jeff Davis","TX",5,1697,1527,"wave_coverage_differs","48243",""
"48245","Jefferson","TX",173,155649,244773,"wave_coverage_differs","48245",""
"48247","Jim Hogg","TX",9,2507,4654,"wave_coverage_differs","48247",""
"48249","Jim Wells","TX",37,21991,33032,"wave_coverage_differs","48249",""
"48251","Johnson","TX",67,26333,45769,"wave_coverage_differs","48251",""
"48253","Jones","TX",45,13802,16106,"wave_coverage_differs","48253",""
"48255","Karnes","TX",29,10193,13462,"wave_coverage_differs","48255",""
"48257","Kaufman","TX",63,14929,32392,"wave_coverage_differs","48257",""
"48259","Kendall","TX",11,4241,6964,"wave_coverage_differs","48259",""
"48261","Kenedy","TX",2,400,678,"wave_coverage_differs","48261",""
"48263","Kent","TX",4,1121,1434,"wave_coverage_differs","48263",""
"48265","Kerr","TX",27,10836,19454,"wave_coverage_differs","48265",""
"48267","Kimble","TX",10,3087,3904,"wave_coverage_differs","48267",""
"48269","King","TX",4,717,464,"wave_coverage_differs","48269",""
"48271","Kinney","TX",5,2991,2006,"wave_coverage_differs","48271",""
"48273","Kleberg","TX",29,16393,33166,"wave_coverage_differs","48273",""
"48275","Knox","TX",18,4412,5972,"wave_coverage_differs","48275",""
"48277","Lamar","TX",74,18387,36062,"wave_coverage_differs","48277",""
"48279","Lamb","TX",30,12228,17770,"wave_coverage_differs","48279",""
"48281","Lampasas","TX",21,5096,9323,"wave_coverage_differs","48281",""
"48283","La Salle","TX",11,3840,5014,"wave_coverage_differs","48283",""
"48285","Lavaca","TX",38,14834,17903,"wave_coverage_differs","48285",""
"48287","Lee","TX",26,6382,8048,"wave_coverage_differs","48287",""
"48289","Leon","TX",41,5221,8738,"wave_coverage_differs","48289",""
"48291","Liberty","TX",59,20083,33014,"wave_coverage_differs","48291",""
"48293","Limestone","TX",41,10438,18100,"wave_coverage_differs","48293",""
"48295","Lipscomb","TX",15,3045,3486,"wave_coverage_differs","48295",""
"48297","Live Oak","TX",17,5194,6697,"wave_coverage_differs","48297",""
"48299","Llano","TX",16,3701,6979,"wave_coverage_differs","48299",""
"48301","Loving","TX",0,0,164,"wave_coverage_differs","48301",""
"48303","Lubbock","TX",134,92259,179295,"wave_coverage_differs","48303",""
"48305","Lynn","TX",21,6543,9107,"wave_coverage_differs","48305",""
"48307","McCulloch","TX",27,5097,8571,"wave_coverage_differs","48307",""
"48309","McLennan","TX",174,112415,147553,"wave_coverage_differs","48309",""
"48311","McMullen","TX",3,325,1095,"wave_coverage_differs","48311",""
"48313","Madison","TX",10,3098,7693,"wave_coverage_differs","48313",""
"48315","Marion","TX",25,4029,8517,"wave_coverage_differs","48315",""
"48317","Martin","TX",8,2539,4774,"wave_coverage_differs","48317",""
"48319","Mason","TX",11,2492,3356,"wave_coverage_differs","48319",""
"48321","Matagorda","TX",48,18823,27913,"wave_coverage_differs","48321",""
"48323","Maverick","TX",15,16403,18093,"wave_coverage_differs","48323",""
"48325","Medina","TX",26,17052,20249,"wave_coverage_differs","48325",""
"48327","Menard","TX",10,2115,2646,"wave_coverage_differs","48327",""
"48329","Midland","TX",47,41073,65433,"wave_coverage_differs","48329",""
"48331","Milam","TX",52,10737,20028,"wave_coverage_differs","48331",""
"48333","Mills","TX",13,3188,4212,"wave_coverage_differs","48333",""
"48335","Mitchell","TX",21,6009,9073,"wave_coverage_differs","48335",""
"48337","Montague","TX",44,8248,15326,"wave_coverage_differs","48337",""
"48339","Montgomery","TX",61,21460,49479,"wave_coverage_differs","48339",""
"48341","Moore","TX",18,7921,14060,"wave_coverage_differs","48341",""
"48343","Morris","TX",21,5665,12310,"wave_coverage_differs","48343",""
"48345","Motley","TX",9,2410,2178,"wave_coverage_differs","48345",""
"48347","Nacogdoches","TX",71,16042,36362,"wave_coverage_differs","48347",""
"48349","Navarro","TX",63,20739,31150,"wave_coverage_differs","48349",""
"48351","Newton","TX",18,3738,11657,"wave_coverage_differs","48351",""
"48353","Nolan","TX",31,11351,16220,"wave_coverage_differs","48353",""
"48355","Nueces","TX",151,135763,237544,"wave_coverage_differs","48355",""
"48357","Ochiltree","TX",15,5328,9704,"wave_coverage_differs","48357",""
"48359","Oldham","TX",6,1872,2258,"wave_coverage_differs","48359",""
"48361","Orange","TX",56,43514,71170,"wave_coverage_differs","48361",""
"48363","Palo Pinto","TX",222,13520,28962,"wave_coverage_differs","48363",""
"48365","Panola","TX",42,7783,15894,"wave_coverage_differs","48365",""
"48367","Parker","TX",65,16875,33888,"wave_coverage_differs","48367",""
"48369","Parmer","TX",19,7876,10509,"wave_coverage_differs","48369",""
"48371","Pecos","TX",19,9129,13748,"wave_coverage_differs","48371",""
"48373","Polk","TX",45,7629,14457,"wave_coverage_differs","48373",""
"48375","Potter","TX",77,68579,90511,"wave_coverage_differs","48375",""
"48377","Presidio","TX",14,4079,4842,"wave_coverage_differs","48377",""
"48379","Rains","TX",13,1848,3752,"wave_coverage_differs","48379",""
"48381","Randall","TX",23,18139,53885,"wave_coverage_differs","48381",""
"48383","Reagan","TX",8,1782,3239,"wave_coverage_differs","48383",""
"48385","Real","TX",6,1355,2013,"wave_coverage_differs","48385",""
"48387","Red River","TX",40,7122,14298,"wave_coverage_differs","48387",""
"48389","Reeves","TX",20,11801,16526,"wave_coverage_differs","48389",""
"48391","Refugio","TX",25,6987,9494,"wave_coverage_differs","48391",""
"48393","Roberts","TX",3,941,967,"wave_coverage_differs","48393",""
"48395","Robertson","TX",29,8634,14389,"wave_coverage_differs","48395",""
"48397","Rockwall","TX",15,3872,7046,"wave_coverage_differs","48397",""
"48399","Runnels","TX",42,10641,12108,"wave_coverage_differs","48399",""
"48401","Rusk","TX",67,15355,34102,"wave_coverage_differs","48401",""
"48403","Sabine","TX",31,3179,7187,"wave_coverage_differs","48403",""
"48405","San Augustine","TX",13,2286,7858,"wave_coverage_differs","48405",""
"48407","San Jacinto","TX",15,2002,6702,"wave_coverage_differs","48407",""
"48409","San Patricio","TX",52,34141,47288,"wave_coverage_differs","48409",""
"48411","San Saba","TX",23,3301,5540,"wave_coverage_differs","48411",""
"48413","Schleicher","TX",7,2210,2277,"wave_coverage_differs","48413",""
"48415","Scurry","TX",31,10905,15760,"wave_coverage_differs","48415",""
"48417","Shackelford","TX",12,2424,3323,"wave_coverage_differs","48417",""
"48419","Shelby","TX",42,8098,19672,"wave_coverage_differs","48419",""
"48421","Sherman","TX",5,2036,3657,"wave_coverage_differs","48421",""
"48423","Smith","TX",114,55577,97096,"wave_coverage_differs","48423",""
"48425","Somervell","TX",7,1676,2793,"wave_coverage_differs","48425",""
"48427","Starr","TX",17,16518,17707,"wave_coverage_differs","48427",""
"48429","Stephens","TX",20,4649,8414,"wave_coverage_differs","48429",""
"48431","Sterling","TX",4,877,1056,"wave_coverage_differs","48431",""
"48433","Stonewall","TX",6,1674,2397,"wave_coverage_differs","48433",""
"48435","Sutton","TX",6,2271,3175,"wave_coverage_differs","48435",""
"48437","Swisher","TX",19,6939,10373,"wave_coverage_differs","48437",""
"48439","Tarrant","TX",432,329165,716317,"wave_coverage_differs","48439",""
"48441","Taylor","TX",100,50017,97853,"wave_coverage_differs","48441",""
"48443","Terrell","TX",6,1302,1940,"wave_coverage_differs","48443",""
"48445","Terry","TX",22,9555,14118,"wave_coverage_differs","48445",""
"48447","Throckmorton","TX",12,1912,2205,"wave_coverage_differs","48447",""
"48449","Titus","TX",31,8472,16702,"wave_coverage_differs","48449",""
"48451","Tom Green","TX",71,40538,71047,"wave_coverage_differs","48451",""
"48453","Travis","TX",171,166176,295516,"wave_coverage_differs","48453",""
"48455","Trinity","TX",23,3871,7628,"wave_coverage_differs","48455",""
"48457","Tyler","TX",38,7200,12417,"wave_coverage_differs","48457",""
"48459","Upshur","TX",46,10513,20976,"wave_coverage_differs","48459",""
"48461","Upton","TX",12,5142,4697,"wave_coverage_differs","48461",""
"48463","Uvalde","TX",26,12486,17348,"wave_coverage_differs","48463",""
"48465","Val Verde","TX",19,14021,27471,"wave_coverage_differs","48465",""
"48467","Van Zandt","TX",61,13569,22155,"wave_coverage_differs","48467",""
"48469","Victoria","TX",44,37128,53766,"wave_coverage_differs","48469",""
"48471","Walker","TX",34,9906,27680,"wave_coverage_differs","48471",""
"48473","Waller","TX",24,5002,14285,"wave_coverage_differs","48473",""
"48475","Ward","TX",25,9875,13019,"wave_coverage_differs","48475",""
"48477","Washington","TX",35,11327,18842,"wave_coverage_differs","48477",""
"48479","Webb","TX",27,52726,72859,"wave_coverage_differs","48479",""
"48481","Wharton","TX",51,22819,36729,"wave_coverage_differs","48481",""
"48483","Wheeler","TX",22,5150,6434,"wave_coverage_differs","48483",""
"48485","Wichita","TX",101,67204,121862,"wave_coverage_differs","48485",""
"48487","Wilbarger","TX",26,12939,15355,"wave_coverage_differs","48487",""
"48489","Willacy","TX",24,11809,15570,"wave_coverage_differs","48489",""
"48491","Williamson","TX",69,20387,37305,"wave_coverage_differs","48491",""
"48493","Wilson","TX",23,9503,13041,"wave_coverage_differs","48493",""
"48495","Winkler","TX",15,6282,9640,"wave_coverage_differs","48495",""
"48497","Wise","TX",55,10545,19687,"wave_coverage_differs","48497",""
"48499","Wood","TX",63,12924,18589,"wave_coverage_differs","48499",""
"48501","Yoakum","TX",12,5062,7344,"wave_coverage_differs","48501",""
"48503","Young","TX",41,10422,15400,"wave_coverage_differs","48503",""
"48505","Zapata","TX",5,3715,4352,"wave_coverage_differs","48505",""
"48507","Zavala","TX",15,8546,11370,"wave_coverage_differs","48507",""
"49001","Beaver","UT",3,3368,3800,"wave_coverage_differs","49001",""
"49003","Box Elder","UT",8,25129,28129,"wave_coverage_differs","49003",""
"49005","Cache","UT",8,40557,42331,"wave_coverage_differs","49005",""
"49007","Carbon","UT",10,10981,15647,"wave_coverage_differs","49007",""
"49009","Daggett","UT",0,307,666,"wave_coverage_differs","49009",""
"49011","Davis","UT",14,81929,99028,"wave_coverage_differs","49011",""
"49013","Duchesne","UT",11,7154,7299,"wave_coverage_differs","49013",""
"49015","Emery","UT",1,4121,5137,"wave_coverage_differs","49015",""
"49017","Garfield","UT",1,2812,3157,"wave_coverage_differs","49017",""
"49019","Grand","UT",6,3270,6688,"wave_coverage_differs","49019",""
"49021","Iron","UT",3,10977,12177,"wave_coverage_differs","49021",""
"49023","Juab","UT",3,3768,4574,"wave_coverage_differs","49023",""
"49025","Kane","UT",1,2805,2421,"wave_coverage_differs","49025",""
"49027","Millard","UT",2,6345,6988,"wave_coverage_differs","49027",""
"49029","Morgan","UT",1,4031,3983,"wave_coverage_differs","49029",""
"49031","Piute","UT",0,936,1164,"wave_coverage_differs","49031",""
"49033","Rich","UT",0,1366,1615,"wave_coverage_differs","49033",""
"49035","Salt Lake","UT",79,365878,458607,"wave_coverage_differs","49035",""
"49037","San Juan","UT",7,5255,9606,"wave_coverage_differs","49037",""
"49039","Sanpete","UT",2,10407,10976,"wave_coverage_differs","49039",""
"49041","Sevier","UT",2,9220,10103,"wave_coverage_differs","49041",""
"49043","Summit","UT",2,5395,5879,"wave_coverage_differs","49043",""
"49045","Tooele","UT",6,15441,21545,"wave_coverage_differs","49045",""
"49047","Uintah","UT",6,9501,12684,"wave_coverage_differs","49047",""
"49049","Utah","UT",14,133105,137776,"wave_coverage_differs","49049",""
"49051","Wasatch","UT",1,5570,5863,"wave_coverage_differs","49051",""
"49053","Washington","UT",3,12410,13669,"wave_coverage_differs","49053",""
"49055","Wayne","UT",0,1408,1483,"wave_coverage_differs","49055",""
"49057","Weber","UT",29,101886,126278,"wave_coverage_differs","49057",""
"50001","Addison","VT",37,12474,24266,"wave_coverage_differs","50001",""
"50003","Bennington","VT",36,14594,29282,"wave_coverage_differs","50003",""
"50005","Caledonia","VT",46,10578,22789,"wave_coverage_differs","50005",""
"50007","Chittenden","VT",70,58750,99131,"wave_coverage_differs","50007",""
"50009","Essex","VT",14,2594,5416,"wave_coverage_differs","50009",""
"50011","Franklin","VT",53,20329,31282,"wave_coverage_differs","50011",""
"50013","Grand Isle","VT",11,2513,3574,"wave_coverage_differs","50013",""
"50015","Lamoille","VT",26,5158,13309,"wave_coverage_differs","50015",""
"50017","Orange","VT",45,6135,17676,"wave_coverage_differs","50017",""
"50019","Orleans","VT",45,11189,20153,"wave_coverage_differs","50019",""
"50021","Rutland","VT",70,27844,52637,"wave_coverage_differs","50021",""
"50023","Washington","VT",53,24045,47659,"wave_coverage_differs","50023",""
"50025","Windham","VT",65,14984,33074,"wave_coverage_differs","50025",""
"50027","Windsor","VT",66,18462,44082,"wave_coverage_differs","50027",""
"51001","Accomack","VA",79,14754,29004,"wave_coverage_differs","51001",""
"51003","Albemarle","VA",89,36222,76660,"wave_coverage_differs","51003",""
"51005","Alleghany","VA",60,15938,28022,"wave_coverage_differs;boundary_change_crosswalked","51005, 51560","Reverted from independent city to town and absorbed into Alleghany County effective 2001-07-01. Direct successor for the join."
"51007","Amelia","VA",27,2524,7592,"wave_coverage_differs","51007",""
"51009","Amherst","VA",50,10441,26072,"wave_coverage_differs","51009",""
"51011","Appomattox","VA",29,6558,9784,"wave_coverage_differs","51011",""
"51013","Arlington","VA",120,121353,285222,"wave_coverage_differs","51013",""
"51015","Augusta","VA",161,49335,85431,"wave_coverage_differs","51015",""
"51017","Bath","VA",25,2921,5192,"wave_coverage_differs","51017",""
"51019","Bedford","VA",97,18185,32739,"wave_coverage_differs;boundary_change_crosswalked","51019, 51515","Reverted from independent city to town and absorbed into Bedford County effective 2013-07-01. Direct successor for the join."
"51021","Bland","VA",37,2658,5423,"wave_coverage_differs","51021",""
"51023","Botetourt","VA",50,9571,18193,"wave_coverage_differs","51023",""
"51025","Brunswick","VA",37,6683,16172,"wave_coverage_differs","51025",""
"51027","Buchanan","VA",42,6492,32071,"wave_coverage_differs","51027",""
"51029","Buckingham","VA",39,6033,10597,"wave_coverage_differs","51029",""
"51031","Campbell","VA",128,52532,97402,"wave_coverage_differs","51031",""
"51033","Caroline","VA",24,4907,13925,"wave_coverage_differs","51033",""
"51035","Carroll","VA",86,10549,29370,"wave_coverage_differs","51035",""
"51036","Charles City","VA",6,1300,6158,"wave_coverage_differs","51036",""
"51037","Charlotte","VA",42,7699,11551,"wave_coverage_differs","51037",""
"51041","Chesterfield","VA",76,44181,76855,"wave_coverage_differs","51041",""
"51043","Clarke","VA",19,3612,8102,"wave_coverage_differs","51043",""
"51045","Craig","VA",23,2102,3524,"wave_coverage_differs","51045",""
"51047","Culpeper","VA",31,7508,18218,"wave_coverage_differs","51047",""
"51049","Cumberland","VA",17,1958,6179,"wave_coverage_differs","51049",""
"51051","Dickenson","VA",15,1603,16077,"wave_coverage_differs","51051",""
"51053","Dinwiddie","VA",77,27905,76246,"wave_coverage_differs","51053",""
"51057","Essex","VA",15,3429,7099,"wave_coverage_differs","51057",""
"51059","Fairfax","VA",204,206042,487763,"wave_coverage_differs","51059",""
"51061","Fauquier","VA",60,11599,26375,"wave_coverage_differs","51061",""
"51063","Floyd","VA",38,4245,9775,"wave_coverage_differs","51063",""
"51065","Fluvanna","VA",26,3504,7621,"wave_coverage_differs","51065",""
"51067","Franklin","VA",76,13440,26858,"wave_coverage_differs","51067",""
"51069","Frederick","VA",85,20081,43536,"wave_coverage_differs","51069",""
"51071","Giles","VA",61,8131,16741,"wave_coverage_differs","51071",""
"51073","Gloucester","VA",25,7367,14059,"wave_coverage_differs","51073",""
"51075","Goochland","VA",18,3583,10069,"wave_coverage_differs","51075",""
"51077","Grayson","VA",71,9734,15439,"wave_coverage_differs","51077",""
"51079","Greene","VA",16,2081,5248,"wave_coverage_differs","51079",""
"51081","Greensville","VA",25,5581,14904,"wave_coverage_differs","51081",""
"51083","Halifax","VA",76,20415,36965,"wave_coverage_differs;boundary_change_crosswalked","51083, 51780","Reverted from independent city to town and rejoined Halifax County effective 1995-07-01. Direct successor for the join."
"51085","Hanover","VA",58,16784,37479,"wave_coverage_differs","51085",""
"51087","Henrico","VA",252,184559,403985,"wave_coverage_differs","51087",""
"51089","Henry","VA",101,27921,70554,"wave_coverage_differs","51089",""
"51091","Highland","VA",20,1661,2529,"wave_coverage_differs","51091",""
"51093","Isle of Wight","VA",28,7706,18285,"wave_coverage_differs","51093",""
"51095","James City","VA",22,10926,26922,"wave_coverage_differs","51095",""
"51097","King and Queen","VA",15,2737,5491,"wave_coverage_differs","51097",""
"51099","King George","VA",16,4065,8039,"wave_coverage_differs","51099",""
"51101","King William","VA",21,4670,7497,"wave_coverage_differs","51101",""
"51103","Lancaster","VA",23,5266,9126,"wave_coverage_differs","51103",""
"51105","Lee","VA",98,12424,20321,"wave_coverage_differs","51105",""
"51107","Loudoun","VA",71,17479,37150,"wave_coverage_differs","51107",""
"51109","Louisa","VA",41,6129,14004,"wave_coverage_differs","51109",""
"51111","Lunenburg","VA",38,7504,11687,"wave_coverage_differs","51111",""
"51113","Madison","VA",26,3820,8638,"wave_coverage_differs","51113",""
"51115","Mathews","VA",21,4078,7168,"wave_coverage_differs","51115",""
"51117","Mecklenburg","VA",69,14688,29426,"wave_coverage_differs","51117",""
"51119","Middlesex","VA",17,3623,6295,"wave_coverage_differs","51119",""
"51121","Montgomery","VA",89,20335,58753,"wave_coverage_differs","51121",""
"51125","Nelson","VA",43,8506,11702,"wave_coverage_differs","51125",""
"51127","New Kent","VA",11,2178,5300,"wave_coverage_differs","51127",""
"51131","Northampton","VA",38,7634,14442,"wave_coverage_differs","51131",""
"51133","Northumberland","VA",25,5628,9239,"wave_coverage_differs","51133",""
"51135","Nottoway","VA",28,5941,14260,"wave_coverage_differs","51135",""
"51137","Orange","VA",39,8491,13792,"wave_coverage_differs","51137",""
"51139","Page","VA",45,7903,16581,"wave_coverage_differs","51139",""
"51141","Patrick","VA",44,4501,15282,"wave_coverage_differs","51141",""
"51143","Pittsylvania","VA",174,46485,105180,"wave_coverage_differs","51143",""
"51145","Powhatan","VA",16,2693,7696,"wave_coverage_differs","51145",""
"51147","Prince Edward","VA",34,6127,14379,"wave_coverage_differs","51147",""
"51149","Prince George","VA",42,14126,52563,"wave_coverage_differs","51149",""
"51153","Prince William","VA",61,36847,111102,"wave_coverage_differs","51153",""
"51155","Pulaski","VA",73,13074,29564,"wave_coverage_differs","51155",""
"51157","Rappahannock","VA",15,2435,5199,"wave_coverage_differs","51157",""
"51159","Richmond","VA",22,4077,5841,"wave_coverage_differs","51159",""
"51161","Roanoke","VA",167,96911,181436,"wave_coverage_differs","51161",""
"51163","Rockbridge","VA",71,23901,30659,"wave_coverage_differs","51163",""
"51165","Rockingham","VA",145,31138,62495,"wave_coverage_differs","51165",""
"51167","Russell","VA",59,7726,24533,"wave_coverage_differs","51167",""
"51169","Scott","VA",63,8271,24376,"wave_coverage_differs","51169",""
"51171","Shenandoah","VA",89,16203,22852,"wave_coverage_differs","51171",""
"51173","Smyth","VA",90,15951,31349,"wave_coverage_differs","51173",""
"51175","Southampton","VA",42,10678,25462,"wave_coverage_differs","51175",""
"51177","Spotsylvania","VA",43,17649,30874,"wave_coverage_differs","51177",""
"51179","Stafford","VA",26,7621,24587,"wave_coverage_differs","51179",""
"51181","Surry","VA",13,1682,5882,"wave_coverage_differs","51181",""
"51183","Sussex","VA",24,4189,11464,"wave_coverage_differs","51183",""
"51185","Tazewell","VA",108,15797,39816,"wave_coverage_differs","51185",""
"51187","Warren","VA",26,6813,15301,"wave_coverage_differs","51187",""
"51191","Washington","VA",120,29142,55692,"wave_coverage_differs","51191",""
"51193","Westmoreland","VA",21,4904,12142,"wave_coverage_differs","51193",""
"51195","Wise","VA",58,11527,39948,"wave_coverage_differs","51195",""
"51197","Wythe","VA",75,10581,22139,"wave_coverage_differs","51197",""
"51199","York","VA",20,10844,33203,"wave_coverage_differs","51199",""
"51510","Alexandria","VA",,,,"wave_coverage_differs","51510",""
"51520","Bristol","VA",,,,"wave_coverage_differs","51520",""
"51530","Buena Vista","VA",,,,"wave_coverage_differs","51530",""
"51540","Charlottesville","VA",,,,"wave_coverage_differs","51540",""
"51550","Chesapeake","VA",,,,"wave_coverage_differs","51550",""
"51570","Colonial Heights","VA",,,,"wave_coverage_differs","51570",""
"51580","Covington","VA",,,,"wave_coverage_differs","51580",""
"51590","Danville","VA",,,,"wave_coverage_differs","51590",""
"51595","Emporia","VA",,,,"wave_coverage_differs","51595",""
"51600","Fairfax","VA",,,,"wave_coverage_differs","51600",""
"51610","Falls Church","VA",,,,"wave_coverage_differs","51610",""
"51620","Franklin","VA",,,,"wave_coverage_differs","51620",""
"51630","Fredericksburg","VA",,,,"wave_coverage_differs","51630",""
"51640","Galax","VA",,,,"wave_coverage_differs","51640",""
"51650","Hampton","VA",55,34813,120779,"wave_coverage_differs","51650",""
"51660","Harrisonburg","VA",,,,"wave_coverage_differs","51660",""
"51670","Hopewell","VA",,,,"wave_coverage_differs","51670",""
"51678","Lexington","VA",,,,"wave_coverage_differs","51678",""
"51680","Lynchburg","VA",,,,"wave_coverage_differs","51680",""
"51683","Manassas","VA",,,,"wave_coverage_differs","51683",""
"51685","Manassas Park","VA",,,,"wave_coverage_differs","51685",""
"51690","Martinsville","VA",,,,"wave_coverage_differs","51690",""
"51700","Newport News","VA",76,53934,138177,"wave_coverage_differs","51700",""
"51710","Norfolk","VA",263,155573,508494,"wave_coverage_differs","51710",""
"51720","Norton","VA",,,,"wave_coverage_differs","51720",""
"51730","Petersburg","VA",,,,"wave_coverage_differs","51730",""
"51735","Poquoson","VA",,,,"wave_coverage_differs","51735",""
"51740","Portsmouth","VA",,,,"wave_coverage_differs","51740",""
"51750","Radford","VA",,,,"wave_coverage_differs","51750",""
"51760","Richmond","VA",,,,"wave_coverage_differs","51760",""
"51770","Roanoke","VA",,,,"wave_coverage_differs","51770",""
"51775","Salem","VA",,,,"wave_coverage_differs","51775",""
"51790","Staunton","VA",,,,"wave_coverage_differs","51790",""
"51800","Suffolk","VA",,,,"wave_coverage_differs","51800",""
"51810","Virginia Beach","VA",78,57384,172106,"wave_coverage_differs","51810",""
"51820","Waynesboro","VA",,,,"wave_coverage_differs","51820",""
"51830","Williamsburg","VA",,,,"wave_coverage_differs","51830",""
"51840","Winchester","VA",,,,"wave_coverage_differs","51840",""
"53001","Adams","WA",25,6076,12014,"wave_coverage_differs","53001",""
"53003","Asotin","WA",9,3917,13799,"wave_coverage_differs","53003",""
"53005","Benton","WA",62,29050,67540,"wave_coverage_differs","53005",""
"53007","Chelan","WA",48,15678,41355,"wave_coverage_differs","53007",""
"53009","Clallam","WA",32,9968,34770,"wave_coverage_differs","53009",""
"53011","Clark","WA",84,38699,128454,"wave_coverage_differs","53011",""
"53013","Columbia","WA",10,1556,4439,"wave_coverage_differs","53013",""
"53015","Cowlitz","WA",48,20431,68616,"wave_coverage_differs","53015",""
"53017","Douglas","WA",23,3371,16787,"wave_coverage_differs","53017",""
"53019","Ferry","WA",8,1093,3655,"wave_coverage_differs","53019",""
"53021","Franklin","WA",29,10363,25816,"wave_coverage_differs","53021",""
"53023","Garfield","WA",7,2444,2911,"wave_coverage_differs","53023",""
"53025","Grant","WA",59,12727,41881,"wave_coverage_differs","53025",""
"53027","Grays Harbor","WA",52,15007,59553,"wave_coverage_differs","53027",""
"53029","Island","WA",23,9366,27011,"wave_coverage_differs","53029",""
"53031","Jefferson","WA",8,1869,10661,"wave_coverage_differs","53031",""
"53033","King","WA",521,333501,1156633,"wave_coverage_differs","53033",""
"53035","Kitsap","WA",62,27817,101732,"wave_coverage_differs","53035",""
"53037","Kittitas","WA",31,7064,25039,"wave_coverage_differs","53037",""
"53039","Klickitat","WA",22,3493,12138,"wave_coverage_differs","53039",""
"53041","Lewis","WA",55,13882,45467,"wave_coverage_differs","53041",""
"53043","Lincoln","WA",30,5686,9572,"wave_coverage_differs","53043",""
"53045","Mason","WA",11,4553,20918,"wave_coverage_differs","53045",""
"53047","Okanogan","WA",46,6676,25867,"wave_coverage_differs","53047",""
"53049","Pacific","WA",23,3144,15796,"wave_coverage_differs","53049",""
"53051","Pend Oreille","WA",17,1754,6025,"wave_coverage_differs","53051",""
"53053","Pierce","WA",209,111314,411027,"wave_coverage_differs","53053",""
"53055","San Juan","WA",5,414,3856,"wave_coverage_differs","53055",""
"53057","Skagit","WA",67,18167,52381,"wave_coverage_differs","53057",""
"53059","Skamania","WA",7,730,5845,"wave_coverage_differs","53059",""
"53061","Snohomish","WA",155,64793,265236,"wave_coverage_differs","53061",""
"53063","Spokane","WA",185,110317,287487,"wave_coverage_differs","53063",""
"53065","Stevens","WA",29,4444,17405,"wave_coverage_differs","53065",""
"53067","Thurston","WA",37,20478,76894,"wave_coverage_differs","53067",""
"53069","Wahkiakum","WA",7,716,3592,"wave_coverage_differs","53069",""
"53071","Walla Walla","WA",33,18707,42176,"wave_coverage_differs","53071",""
"53073","Whatcom","WA",78,33699,81950,"wave_coverage_differs","53073",""
"53075","Whitman","WA",60,11353,37900,"wave_coverage_differs","53075",""
"53077","Yakima","WA",138,57066,144971,"wave_coverage_differs","53077",""
"54001","Barbour","WV",58,4940,14030,"wave_coverage_differs","54001",""
"54003","Berkeley","WV",55,16567,36356,"wave_coverage_differs","54003",""
"54005","Boone","WV",45,4252,25118,"wave_coverage_differs","54005",""
"54007","Braxton","WV",65,4306,12666,"wave_coverage_differs","54007",""
"54009","Brooke","WV",34,13669,29685,"wave_coverage_differs","54009",""
"54011","Cabell","WV",130,46079,106918,"wave_coverage_differs","54011",""
"54013","Calhoun","WV",31,2497,7046,"wave_coverage_differs","54013",""
"54015","Clay","WV",31,2455,9330,"wave_coverage_differs","54015",""
"54017","Doddridge","WV",32,2563,6389,"wave_coverage_differs","54017",""
"54019","Fayette","WV",134,17793,49332,"wave_coverage_differs","54019",""
"54021","Gilmer","WV",30,2522,7782,"wave_coverage_differs","54021",""
"54023","Grant","WV",35,3872,8607,"wave_coverage_differs","54023",""
"54025","Greenbrier","WV",108,15422,32090,"wave_coverage_differs","54025",""
"54027","Hampshire","WV",49,5046,11710,"wave_coverage_differs","54027",""
"54029","Hancock","WV",47,25253,39749,"wave_coverage_differs","54029",""
"54031","Hardy","WV",31,4169,8855,"wave_coverage_differs","54031",""
"54033","Harrison","WV",150,38015,73028,"wave_coverage_differs","54033",""
"54035","Jackson","WV",69,6070,20903,"wave_coverage_differs","54035",""
"54037","Jefferson","WV",54,9737,21280,"wave_coverage_differs","54037",""
"54039","Kanawha","WV",280,87679,229515,"wave_coverage_differs","54039",""
"54041","Lewis","WV",60,7574,17847,"wave_coverage_differs","54041",""
"54043","Lincoln","WV",36,3630,18912,"wave_coverage_differs","54043",""
"54045","Logan","WV",56,8210,46269,"wave_coverage_differs","54045",""
"54047","McDowell","WV",95,10299,50666,"wave_coverage_differs","54047",""
"54049","Marion","WV",137,29402,61356,"wave_coverage_differs","54049",""
"54051","Marshall","WV",53,17730,37598,"wave_coverage_differs","54051",""
"54053","Mason","WV",65,8298,24306,"wave_coverage_differs","54053",""
"54055","Mercer","WV",127,30059,63206,"wave_coverage_differs","54055",""
"54057","Mineral","WV",54,11031,23109,"wave_coverage_differs","54057",""
"54059","Mingo","WV",40,6931,32780,"wave_coverage_differs","54059",""
"54061","Monongalia","WV",91,21913,63714,"wave_coverage_differs","54061",""
"54063","Monroe","WV",64,6542,11272,"wave_coverage_differs","54063",""
"54065","Morgan","WV",33,3902,8547,"wave_coverage_differs","54065",""
"54067","Nicholas","WV",76,9409,22552,"wave_coverage_differs","54067",""
"54069","Ohio","WV",70,39013,64197,"wave_coverage_differs","54069",""
"54071","Pendleton","WV",48,4353,7031,"wave_coverage_differs","54071",""
"54073","Pleasants","WV",22,3098,7274,"wave_coverage_differs","54073",""
"54075","Pocahontas","WV",49,3599,8870,"wave_coverage_differs","54075",""
"54077","Preston","WV",105,7628,25455,"wave_coverage_differs","54077",""
"54079","Putnam","WV",47,8101,27625,"wave_coverage_differs","54079",""
"54081","Raleigh","WV",107,22387,70080,"wave_coverage_differs","54081",""
"54083","Randolph","WV",74,9233,24596,"wave_coverage_differs","54083",""
"54085","Ritchie","WV",49,4025,10145,"wave_coverage_differs","54085",""
"54087","Roane","WV",53,4476,14111,"wave_coverage_differs","54087",""
"54089","Summers","WV",45,4969,13213,"wave_coverage_differs","54089",""
"54091","Taylor","WV",38,6833,13878,"wave_coverage_differs","54091",""
"54093","Tucker","WV",35,3082,7447,"wave_coverage_differs","54093",""
"54095","Tyler","WV",32,3266,9929,"wave_coverage_differs","54095",""
"54097","Upshur","WV",56,6350,19092,"wave_coverage_differs","54097",""
"54099","Wayne","WV",57,11094,37581,"wave_coverage_differs","54099",""
"54101","Webster","WV",32,4360,9809,"wave_coverage_differs","54101",""
"54103","Wetzel","WV",25,5498,20314,"wave_coverage_differs","54103",""
"54105","Wirt","WV",33,1926,4154,"wave_coverage_differs","54105",""
"54107","Wood","WV",115,35963,86818,"wave_coverage_differs","54107",""
"54109","Wyoming","WV",60,8399,30095,"wave_coverage_differs","54109",""
"55001","Adams","WI",13,2852,9234,"wave_coverage_differs","55001",""
"55003","Ashland","WI",28,12013,16743,"wave_coverage_differs","55003",""
"55005","Barron","WI",58,23663,33955,"wave_coverage_differs","55005",""
"55007","Bayfield","WI",31,5992,11683,"wave_coverage_differs","55007",""
"55009","Brown","WI",102,127299,158244,"wave_coverage_differs","55009",""
"55011","Buffalo","WI",27,10061,13743,"wave_coverage_differs","55011",""
"55013","Burnett","WI",19,3288,9276,"wave_coverage_differs","55013",""
"55015","Calumet","WI",32,18817,27604,"wave_coverage_differs","55015",""
"55017","Chippewa","WI",61,32570,47717,"wave_coverage_differs","55017",""
"55019","Clark","WI",60,22545,30361,"wave_coverage_differs","55019",""
"55021","Columbia","WI",65,33488,40150,"wave_coverage_differs","55021",""
"55023","Crawford","WI",29,10055,15252,"wave_coverage_differs","55023",""
"55025","Dane","WI",175,170694,290272,"wave_coverage_differs","55025",""
"55027","Dodge","WI",86,51531,69004,"wave_coverage_differs","55027",""
"55029","Door","WI",45,16038,20106,"wave_coverage_differs","55029",""
"55031","Douglas","WI",49,22049,44657,"wave_coverage_differs","55031",""
"55033","Dunn","WI",56,21314,29154,"wave_coverage_differs","55033",""
"55035","Eau Claire","WI",62,50930,67219,"wave_coverage_differs","55035",""
"55037","Florence","WI",8,1272,3298,"wave_coverage_differs","55037",""
"55039","Fond du Lac","WI",94,74327,84567,"wave_coverage_differs","55039",""
"55041","Forest","WI",17,3813,7691,"wave_coverage_differs","55041",""
"55043","Grant","WI",73,35846,48398,"wave_coverage_differs","55043",""
"55045","Green","WI",38,16382,26714,"wave_coverage_differs","55045",""
"55047","Green Lake","WI",28,13268,16878,"wave_coverage_differs","55047",""
"55049","Iowa","WI",40,13991,19306,"wave_coverage_differs","55049",""
"55051","Iron","WI",15,4861,6533,"wave_coverage_differs","55051",""
"55053","Jackson","WI",28,8299,15325,"wave_coverage_differs","55053",""
"55055","Jefferson","WI",64,44306,60060,"wave_coverage_differs","55055",""
"55057","Juneau","WI",39,11952,18455,"wave_coverage_differs","55057",""
"55059","Kenosha","WI",68,68997,117917,"wave_coverage_differs","55059",""
"55061","Kewaunee","WI",28,15550,18961,"wave_coverage_differs","55061",""
"55063","La Crosse","WI",62,53983,80468,"wave_coverage_differs","55063",""
"55065","Lafayette","WI",38,14567,17456,"wave_coverage_differs","55065",""
"55067","Langlade","WI",30,14706,19220,"wave_coverage_differs","55067",""
"55069","Lincoln","WI",38,20133,23499,"wave_coverage_differs","55069",""
"55071","Manitowoc","WI",72,65008,82294,"wave_coverage_differs","55071",""
"55073","Marathon","WI",103,73921,97457,"wave_coverage_differs","55073",""
"55075","Marinette","WI",51,24457,35810,"wave_coverage_differs","55075",""
"55077","Marquette","WI",27,7366,8865,"wave_coverage_differs","55077",""
"55078","Menominee","WI",3,2162,2607,"wave_coverage_differs","55078",""
"55079","Milwaukee","WI",405,604507,1054063,"wave_coverage_differs","55079",""
"55081","Monroe","WI",43,17452,31610,"wave_coverage_differs","55081",""
"55083","Oconto","WI",51,18349,25553,"wave_coverage_differs","55083",""
"55085","Oneida","WI",29,15941,24427,"wave_coverage_differs","55085",""
"55087","Outagamie","WI",91,106188,119356,"wave_coverage_differs","55087",""
"55089","Ozaukee","WI",48,44026,54421,"wave_coverage_differs","55089",""
"55091","Pepin","WI",16,5560,7319,"wave_coverage_differs","55091",""
"55093","Pierce","WI",54,17496,26652,"wave_coverage_differs","55093",""
"55095","Polk","WI",69,18031,26666,"wave_coverage_differs","55095",""
"55097","Portage","WI",42,31855,47541,"wave_coverage_differs","55097",""
"55099","Price","WI",29,9105,14520,"wave_coverage_differs","55099",""
"55101","Racine","WI",109,105232,170838,"wave_coverage_differs","55101",""
"55103","Richland","WI",34,8118,17079,"wave_coverage_differs","55103",""
"55105","Rock","WI",108,89298,131970,"wave_coverage_differs","55105",""
"55107","Rusk","WI",34,9481,14238,"wave_coverage_differs","55107",""
"55109","St. Croix","WI",47,26068,34354,"wave_coverage_differs","55109",""
"55111","Sauk","WI",59,30744,39057,"wave_coverage_differs","55111",""
"55113","Sawyer","WI",27,5359,9670,"wave_coverage_differs","55113",""
"55115","Shawano","WI",74,26366,32650,"wave_coverage_differs","55115",""
"55117","Sheboygan","WI",104,75278,96660,"wave_coverage_differs","55117",""
"55119","Taylor","WI",27,11610,16958,"wave_coverage_differs","55119",""
"55121","Trempealeau","WI",43,21336,23344,"wave_coverage_differs","55121",""
"55123","Vernon","WI",60,18546,24557,"wave_coverage_differs","55123",""
"55125","Vilas","WI",24,5543,10958,"wave_coverage_differs","55125",""
"55127","Walworth","WI",75,32002,63444,"wave_coverage_differs","55127",""
"55129","Washburn","WI",25,7000,10601,"wave_coverage_differs","55129",""
"55131","Washington","WI",69,48229,63839,"wave_coverage_differs","55131",""
"55133","Waukesha","WI",155,160767,231365,"wave_coverage_differs","55133",""
"55135","Waupaca","WI",54,28693,37780,"wave_coverage_differs","55135",""
"55137","Waushara","WI",33,8161,14795,"wave_coverage_differs","55137",""
"55139","Winnebago","WI",81,85321,129931,"wave_coverage_differs","55139",""
"55141","Wood","WI",70,50018,65362,"wave_coverage_differs","55141",""
"56001","Albany","WY",17,10384,26431,"wave_coverage_differs","56001",""
"56003","Big Horn","WY",19,3135,10202,"wave_coverage_differs","56003",""
"56005","Campbell","WY",6,2871,12957,"wave_coverage_differs","56005",""
"56007","Carbon","WY",23,4990,13354,"wave_coverage_differs","56007",""
"56009","Converse","WY",11,2229,5938,"wave_coverage_differs","56009",""
"56011","Crook","WY",9,1449,4535,"wave_coverage_differs","56011",""
"56013","Fremont","WY",37,10822,28352,"wave_coverage_differs","56013",""
"56015","Goshen","WY",15,5094,10885,"wave_coverage_differs","56015",""
"56017","Hot Springs","WY",6,1537,4952,"wave_coverage_differs","56017",""
"56019","Johnson","WY",7,2064,5587,"wave_coverage_differs","56019",""
"56021","Laramie","WY",42,25684,56360,"wave_coverage_differs","56021",""
"56023","Lincoln","WY",7,1049,8640,"wave_coverage_differs","56023",""
"56025","Natrona","WY",38,23179,51264,"wave_coverage_differs","56025",""
"56027","Niobrara","WY",6,1277,2924,"wave_coverage_differs","56027",""
"56029","Park","WY",20,6720,17752,"wave_coverage_differs","56029",""
"56031","Platte","WY",14,2319,6486,"wave_coverage_differs","56031",""
"56033","Sheridan","WY",19,7722,17852,"wave_coverage_differs","56033",""
"56035","Sublette","WY",9,1303,3755,"wave_coverage_differs","56035",""
"56037","Sweetwater","WY",19,7670,18391,"wave_coverage_differs","56037",""
"56039","Teton","WY",4,1022,4823,"wave_coverage_differs","56039",""
"56041","Uinta","WY",8,1247,7100,"wave_coverage_differs","56041",""
"56043","Washakie","WY",15,4251,7569,"wave_coverage_differs","56043",""
"56045","Weston","WY",9,1171,6307,"wave_coverage_differs","56045",""
