"country_code","boundary_set_id","boundary_level","area_unit_id","area_code","area_name","year","population_total","population_total_basis","religious_affiliation_count","religious_affiliation_percent","no_religion_count","no_religion_percent","place_count","places_per_10000_residents","place_density_per_sq_km","land_area_sq_km","site_snapshot_date","place_count_basis","source_dataset_ids","quality_flag"
"PL","pl_diocese_2004","diocese","pl_diocese_2004:bialystok","bialystok","Archidiecezja Białostocka",2014,,"Rates ship without a count base. ISKK dominicantes and communicantes are counts-based percentages over obligati: Catholics obliged to attend Sunday Mass, excluding children under seven, the sick and infirm, the very elderly, and travellers. ISKK counts one October or November Sunday per year. The 2020 count did not take place because of COVID-19, and 2013 is not freely published.",,43.8,,19.4,,,,9054.45,,,"iskk-dominicantes-communicantes-diocese-2014-2024|pl-diocese-2004-mixed-osm-gisco-gmina","boundary_basis=gmina_digitisation;confidence=low;counts_based_practice_rate;obligati_denominator;single_count_sunday"
"PL","pl_diocese_2004","diocese","pl_diocese_2004:bielsko_zywiec","bielsko_zywiec","Diecezja Bielsko-Żywiecka",2014,,"Rates ship without a count base. ISKK dominicantes and communicantes are counts-based percentages over obligati: Catholics obliged to attend Sunday Mass, excluding children under seven, the sick and infirm, the very elderly, and travellers. ISKK counts one October or November Sunday per year. The 2020 count did not take place because of COVID-19, and 2013 is not freely published.",,48.6,,19,,,,2745.54,,,"iskk-dominicantes-communicantes-diocese-2014-2024|pl-diocese-2004-mixed-osm-gisco-gmina","boundary_basis=osm_relation;confidence=null;counts_based_practice_rate;obligati_denominator;single_count_sunday"
"PL","pl_diocese_2004","diocese","pl_diocese_2004:bydgoszcz","bydgoszcz","Diecezja Bydgoska",2014,,"Rates ship without a count base. ISKK dominicantes and communicantes are counts-based percentages over obligati: Catholics obliged to attend Sunday Mass, excluding children under seven, the sick and infirm, the very elderly, and travellers. ISKK counts one October or November Sunday per year. The 2020 count did not take place because of COVID-19, and 2013 is not freely published.",,36.5,,16,,,,6058.22,,,"iskk-dominicantes-communicantes-diocese-2014-2024|pl-diocese-2004-mixed-osm-gisco-gmina","boundary_basis=gmina_digitisation;confidence=low;counts_based_practice_rate;obligati_denominator;single_count_sunday"
"PL","pl_diocese_2004","diocese","pl_diocese_2004:czestochowa","czestochowa","Archidiecezja Częstochowska",2014,,"Rates ship without a count base. ISKK dominicantes and communicantes are counts-based percentages over obligati: Catholics obliged to attend Sunday Mass, excluding children under seven, the sick and infirm, the very elderly, and travellers. ISKK counts one October or November Sunday per year. The 2020 count did not take place because of COVID-19, and 2013 is not freely published.",,34.3,,14,,,,6510.21,,,"iskk-dominicantes-communicantes-diocese-2014-2024|pl-diocese-2004-mixed-osm-gisco-gmina","boundary_basis=gmina_digitisation;confidence=standard;counts_based_practice_rate;obligati_denominator;single_count_sunday"
"PL","pl_diocese_2004","diocese","pl_diocese_2004:drohiczyn","drohiczyn","Diecezja Drohiczyńska",2014,,"Rates ship without a count base. ISKK dominicantes and communicantes are counts-based percentages over obligati: Catholics obliged to attend Sunday Mass, excluding children under seven, the sick and infirm, the very elderly, and travellers. ISKK counts one October or November Sunday per year. The 2020 count did not take place because of COVID-19, and 2013 is not freely published.",,45.9,,18.8,,,,6577.63,,,"iskk-dominicantes-communicantes-diocese-2014-2024|pl-diocese-2004-mixed-osm-gisco-gmina","boundary_basis=osm_relation;confidence=null;counts_based_practice_rate;obligati_denominator;single_count_sunday"
"PL","pl_diocese_2004","diocese","pl_diocese_2004:elblag","elblag","Diecezja Elbląska",2014,,"Rates ship without a count base. ISKK dominicantes and communicantes are counts-based percentages over obligati: Catholics obliged to attend Sunday Mass, excluding children under seven, the sick and infirm, the very elderly, and travellers. ISKK counts one October or November Sunday per year. The 2020 count did not take place because of COVID-19, and 2013 is not freely published.",,28.5,,12.3,,,,9051.55,,,"iskk-dominicantes-communicantes-diocese-2014-2024|pl-diocese-2004-mixed-osm-gisco-gmina","boundary_basis=gmina_digitisation;confidence=standard;counts_based_practice_rate;obligati_denominator;single_count_sunday"
"PL","pl_diocese_2004","diocese","pl_diocese_2004:elk","elk","Diecezja Ełcka",2014,,"Rates ship without a count base. ISKK dominicantes and communicantes are counts-based percentages over obligati: Catholics obliged to attend Sunday Mass, excluding children under seven, the sick and infirm, the very elderly, and travellers. ISKK counts one October or November Sunday per year. The 2020 count did not take place because of COVID-19, and 2013 is not freely published.",,31.4,,16.6,,,,10975.6,,,"iskk-dominicantes-communicantes-diocese-2014-2024|pl-diocese-2004-mixed-osm-gisco-gmina","boundary_basis=osm_relation;confidence=null;counts_based_practice_rate;obligati_denominator;single_count_sunday"
"PL","pl_diocese_2004","diocese","pl_diocese_2004:gdansk","gdansk","Archidiecezja Gdańska",2014,,"Rates ship without a count base. ISKK dominicantes and communicantes are counts-based percentages over obligati: Catholics obliged to attend Sunday Mass, excluding children under seven, the sick and infirm, the very elderly, and travellers. ISKK counts one October or November Sunday per year. The 2020 count did not take place because of COVID-19, and 2013 is not freely published.",,38.7,,18.4,,,,10607.51,,,"iskk-dominicantes-communicantes-diocese-2014-2024|pl-diocese-2004-mixed-osm-gisco-gmina","boundary_basis=gmina_digitisation;confidence=low;counts_based_practice_rate;obligati_denominator;single_count_sunday"
"PL","pl_diocese_2004","diocese","pl_diocese_2004:gliwice","gliwice","Diecezja Gliwicka",2014,,"Rates ship without a count base. ISKK dominicantes and communicantes are counts-based percentages over obligati: Catholics obliged to attend Sunday Mass, excluding children under seven, the sick and infirm, the very elderly, and travellers. ISKK counts one October or November Sunday per year. The 2020 count did not take place because of COVID-19, and 2013 is not freely published.",,39.1,,17,,,,2227.92,,,"iskk-dominicantes-communicantes-diocese-2014-2024|pl-diocese-2004-mixed-osm-gisco-gmina","boundary_basis=osm_relation;confidence=null;counts_based_practice_rate;obligati_denominator;single_count_sunday"
"PL","pl_diocese_2004","diocese","pl_diocese_2004:gniezno","gniezno","Archidiecezja Gnieźnieńska",2014,,"Rates ship without a count base. ISKK dominicantes and communicantes are counts-based percentages over obligati: Catholics obliged to attend Sunday Mass, excluding children under seven, the sick and infirm, the very elderly, and travellers. ISKK counts one October or November Sunday per year. The 2020 count did not take place because of COVID-19, and 2013 is not freely published.",,39.5,,16.9,,,,8430.69,,,"iskk-dominicantes-communicantes-diocese-2014-2024|pl-diocese-2004-mixed-osm-gisco-gmina","boundary_basis=gmina_digitisation;confidence=standard;counts_based_practice_rate;obligati_denominator;single_count_sunday"
"PL","pl_diocese_2004","diocese","pl_diocese_2004:kalisz","kalisz","Diecezja Kaliska",2014,,"Rates ship without a count base. ISKK dominicantes and communicantes are counts-based percentages over obligati: Catholics obliged to attend Sunday Mass, excluding children under seven, the sick and infirm, the very elderly, and travellers. ISKK counts one October or November Sunday per year. The 2020 count did not take place because of COVID-19, and 2013 is not freely published.",,44.1,,19.2,,,,8197.2,,,"iskk-dominicantes-communicantes-diocese-2014-2024|pl-diocese-2004-mixed-osm-gisco-gmina","boundary_basis=osm_relation;confidence=null;counts_based_practice_rate;obligati_denominator;single_count_sunday"
"PL","pl_diocese_2004","diocese","pl_diocese_2004:katowice","katowice","Archidiecezja Katowicka",2014,,"Rates ship without a count base. ISKK dominicantes and communicantes are counts-based percentages over obligati: Catholics obliged to attend Sunday Mass, excluding children under seven, the sick and infirm, the very elderly, and travellers. ISKK counts one October or November Sunday per year. The 2020 count did not take place because of COVID-19, and 2013 is not freely published.",,40,,19.2,,,,2321.06,,,"iskk-dominicantes-communicantes-diocese-2014-2024|pl-diocese-2004-mixed-osm-gisco-gmina","boundary_basis=osm_relation;confidence=null;counts_based_practice_rate;obligati_denominator;single_count_sunday"
"PL","pl_diocese_2004","diocese","pl_diocese_2004:kielce","kielce","Diecezja Kielecka",2014,,"Rates ship without a count base. ISKK dominicantes and communicantes are counts-based percentages over obligati: Catholics obliged to attend Sunday Mass, excluding children under seven, the sick and infirm, the very elderly, and travellers. ISKK counts one October or November Sunday per year. The 2020 count did not take place because of COVID-19, and 2013 is not freely published.",,41.3,,17.8,,,,8986.23,,,"iskk-dominicantes-communicantes-diocese-2014-2024|pl-diocese-2004-mixed-osm-gisco-gmina","boundary_basis=gmina_digitisation;confidence=standard;counts_based_practice_rate;obligati_denominator;single_count_sunday"
"PL","pl_diocese_2004","diocese","pl_diocese_2004:koszalin_kolobrzeg","koszalin_kolobrzeg","Diecezja Koszalińsko-Kołobrzeska",2014,,"Rates ship without a count base. ISKK dominicantes and communicantes are counts-based percentages over obligati: Catholics obliged to attend Sunday Mass, excluding children under seven, the sick and infirm, the very elderly, and travellers. ISKK counts one October or November Sunday per year. The 2020 count did not take place because of COVID-19, and 2013 is not freely published.",,25.8,,10.8,,,,15003.83,,,"iskk-dominicantes-communicantes-diocese-2014-2024|pl-diocese-2004-mixed-osm-gisco-gmina","boundary_basis=osm_relation;confidence=null;counts_based_practice_rate;obligati_denominator;single_count_sunday"
"PL","pl_diocese_2004","diocese","pl_diocese_2004:krakow","krakow","Archidiecezja Krakowska",2014,,"Rates ship without a count base. ISKK dominicantes and communicantes are counts-based percentages over obligati: Catholics obliged to attend Sunday Mass, excluding children under seven, the sick and infirm, the very elderly, and travellers. ISKK counts one October or November Sunday per year. The 2020 count did not take place because of COVID-19, and 2013 is not freely published.",,50.7,,17.7,,,,5983.5,,,"iskk-dominicantes-communicantes-diocese-2014-2024|pl-diocese-2004-mixed-osm-gisco-gmina","boundary_basis=osm_relation;confidence=null;counts_based_practice_rate;obligati_denominator;single_count_sunday"
"PL","pl_diocese_2004","diocese","pl_diocese_2004:legnica","legnica","Diecezja Legnicka",2014,,"Rates ship without a count base. ISKK dominicantes and communicantes are counts-based percentages over obligati: Catholics obliged to attend Sunday Mass, excluding children under seven, the sick and infirm, the very elderly, and travellers. ISKK counts one October or November Sunday per year. The 2020 count did not take place because of COVID-19, and 2013 is not freely published.",,29.9,,13.1,,,,7124.04,,,"iskk-dominicantes-communicantes-diocese-2014-2024|pl-diocese-2004-mixed-osm-gisco-gmina","boundary_basis=osm_relation;confidence=null;counts_based_practice_rate;obligati_denominator;single_count_sunday"
"PL","pl_diocese_2004","diocese","pl_diocese_2004:lodz","lodz","Archidiecezja Łódzka",2014,,"Rates ship without a count base. ISKK dominicantes and communicantes are counts-based percentages over obligati: Catholics obliged to attend Sunday Mass, excluding children under seven, the sick and infirm, the very elderly, and travellers. ISKK counts one October or November Sunday per year. The 2020 count did not take place because of COVID-19, and 2013 is not freely published.",,24.8,,11.3,,,,5912.61,,,"iskk-dominicantes-communicantes-diocese-2014-2024|pl-diocese-2004-mixed-osm-gisco-gmina","boundary_basis=gmina_digitisation;confidence=standard;counts_based_practice_rate;obligati_denominator;single_count_sunday"
"PL","pl_diocese_2004","diocese","pl_diocese_2004:lomza","lomza","Diecezja Łomżyńska",2014,,"Rates ship without a count base. ISKK dominicantes and communicantes are counts-based percentages over obligati: Catholics obliged to attend Sunday Mass, excluding children under seven, the sick and infirm, the very elderly, and travellers. ISKK counts one October or November Sunday per year. The 2020 count did not take place because of COVID-19, and 2013 is not freely published.",,42.8,,19.9,,,,13668.27,,,"iskk-dominicantes-communicantes-diocese-2014-2024|pl-diocese-2004-mixed-osm-gisco-gmina","boundary_basis=gmina_digitisation;confidence=low;counts_based_practice_rate;obligati_denominator;single_count_sunday"
"PL","pl_diocese_2004","diocese","pl_diocese_2004:lowicz","lowicz","Diecezja Łowicka",2014,,"Rates ship without a count base. ISKK dominicantes and communicantes are counts-based percentages over obligati: Catholics obliged to attend Sunday Mass, excluding children under seven, the sick and infirm, the very elderly, and travellers. ISKK counts one October or November Sunday per year. The 2020 count did not take place because of COVID-19, and 2013 is not freely published.",,32.2,,14.7,,,,6706.04,,,"iskk-dominicantes-communicantes-diocese-2014-2024|pl-diocese-2004-mixed-osm-gisco-gmina","boundary_basis=osm_relation;confidence=null;counts_based_practice_rate;obligati_denominator;single_count_sunday"
"PL","pl_diocese_2004","diocese","pl_diocese_2004:lublin","lublin","Archidiecezja Lubelska",2014,,"Rates ship without a count base. ISKK dominicantes and communicantes are counts-based percentages over obligati: Catholics obliged to attend Sunday Mass, excluding children under seven, the sick and infirm, the very elderly, and travellers. ISKK counts one October or November Sunday per year. The 2020 count did not take place because of COVID-19, and 2013 is not freely published.",,38.4,,18.4,,,,7280.83,,,"iskk-dominicantes-communicantes-diocese-2014-2024|pl-diocese-2004-mixed-osm-gisco-gmina","boundary_basis=gmina_digitisation;confidence=low;counts_based_practice_rate;obligati_denominator;single_count_sunday"
"PL","pl_diocese_2004","diocese","pl_diocese_2004:opole","opole","Diecezja Opolska",2014,,"Rates ship without a count base. ISKK dominicantes and communicantes are counts-based percentages over obligati: Catholics obliged to attend Sunday Mass, excluding children under seven, the sick and infirm, the very elderly, and travellers. ISKK counts one October or November Sunday per year. The 2020 count did not take place because of COVID-19, and 2013 is not freely published.",,47,,21.1,,,,8132.85,,,"iskk-dominicantes-communicantes-diocese-2014-2024|pl-diocese-2004-mixed-osm-gisco-gmina","boundary_basis=osm_relation;confidence=null;counts_based_practice_rate;obligati_denominator;single_count_sunday"
"PL","pl_diocese_2004","diocese","pl_diocese_2004:pelplin","pelplin","Diecezja Pelplińska",2014,,"Rates ship without a count base. ISKK dominicantes and communicantes are counts-based percentages over obligati: Catholics obliged to attend Sunday Mass, excluding children under seven, the sick and infirm, the very elderly, and travellers. ISKK counts one October or November Sunday per year. The 2020 count did not take place because of COVID-19, and 2013 is not freely published.",,48.8,,20.9,,,,1466.98,,,"iskk-dominicantes-communicantes-diocese-2014-2024|pl-diocese-2004-mixed-osm-gisco-gmina","boundary_basis=osm_relation;confidence=null;counts_based_practice_rate;obligati_denominator;single_count_sunday"
"PL","pl_diocese_2004","diocese","pl_diocese_2004:plock","plock","Diecezja Płocka",2014,,"Rates ship without a count base. ISKK dominicantes and communicantes are counts-based percentages over obligati: Catholics obliged to attend Sunday Mass, excluding children under seven, the sick and infirm, the very elderly, and travellers. ISKK counts one October or November Sunday per year. The 2020 count did not take place because of COVID-19, and 2013 is not freely published.",,31.3,,11.6,,,,2272.39,,,"iskk-dominicantes-communicantes-diocese-2014-2024|pl-diocese-2004-mixed-osm-gisco-gmina","boundary_basis=osm_relation;confidence=null;counts_based_practice_rate;obligati_denominator;single_count_sunday"
"PL","pl_diocese_2004","diocese","pl_diocese_2004:poznan","poznan","Archidiecezja Poznańska",2014,,"Rates ship without a count base. ISKK dominicantes and communicantes are counts-based percentages over obligati: Catholics obliged to attend Sunday Mass, excluding children under seven, the sick and infirm, the very elderly, and travellers. ISKK counts one October or November Sunday per year. The 2020 count did not take place because of COVID-19, and 2013 is not freely published.",,39.8,,18.4,,,,11617.16,,,"iskk-dominicantes-communicantes-diocese-2014-2024|pl-diocese-2004-mixed-osm-gisco-gmina","boundary_basis=osm_relation;confidence=null;counts_based_practice_rate;obligati_denominator;single_count_sunday"
"PL","pl_diocese_2004","diocese","pl_diocese_2004:przemysl","przemysl","Archidiecezja Przemyska",2014,,"Rates ship without a count base. ISKK dominicantes and communicantes are counts-based percentages over obligati: Catholics obliged to attend Sunday Mass, excluding children under seven, the sick and infirm, the very elderly, and travellers. ISKK counts one October or November Sunday per year. The 2020 count did not take place because of COVID-19, and 2013 is not freely published.",,59.6,,16.5,,,,8897.02,,,"iskk-dominicantes-communicantes-diocese-2014-2024|pl-diocese-2004-mixed-osm-gisco-gmina","boundary_basis=osm_relation;confidence=null;counts_based_practice_rate;obligati_denominator;single_count_sunday"
"PL","pl_diocese_2004","diocese","pl_diocese_2004:radom","radom","Diecezja Radomska",2014,,"Rates ship without a count base. ISKK dominicantes and communicantes are counts-based percentages over obligati: Catholics obliged to attend Sunday Mass, excluding children under seven, the sick and infirm, the very elderly, and travellers. ISKK counts one October or November Sunday per year. The 2020 count did not take place because of COVID-19, and 2013 is not freely published.",,39.2,,16,,,,9647.46,,,"iskk-dominicantes-communicantes-diocese-2014-2024|pl-diocese-2004-mixed-osm-gisco-gmina","boundary_basis=osm_relation;confidence=null;counts_based_practice_rate;obligati_denominator;single_count_sunday"
"PL","pl_diocese_2004","diocese","pl_diocese_2004:rzeszow","rzeszow","Diecezja Rzeszowska",2014,,"Rates ship without a count base. ISKK dominicantes and communicantes are counts-based percentages over obligati: Catholics obliged to attend Sunday Mass, excluding children under seven, the sick and infirm, the very elderly, and travellers. ISKK counts one October or November Sunday per year. The 2020 count did not take place because of COVID-19, and 2013 is not freely published.",,64.6,,18.1,,,,3909.94,,,"iskk-dominicantes-communicantes-diocese-2014-2024|pl-diocese-2004-mixed-osm-gisco-gmina","boundary_basis=osm_relation;confidence=null;counts_based_practice_rate;obligati_denominator;single_count_sunday"
"PL","pl_diocese_2004","diocese","pl_diocese_2004:sandomierz","sandomierz","Diecezja Sandomierska",2014,,"Rates ship without a count base. ISKK dominicantes and communicantes are counts-based percentages over obligati: Catholics obliged to attend Sunday Mass, excluding children under seven, the sick and infirm, the very elderly, and travellers. ISKK counts one October or November Sunday per year. The 2020 count did not take place because of COVID-19, and 2013 is not freely published.",,39.2,,14.6,,,,7143.67,,,"iskk-dominicantes-communicantes-diocese-2014-2024|pl-diocese-2004-mixed-osm-gisco-gmina","boundary_basis=gmina_digitisation;confidence=standard;counts_based_practice_rate;obligati_denominator;single_count_sunday"
"PL","pl_diocese_2004","diocese","pl_diocese_2004:siedlce","siedlce","Diecezja Siedlecka",2014,,"Rates ship without a count base. ISKK dominicantes and communicantes are counts-based percentages over obligati: Catholics obliged to attend Sunday Mass, excluding children under seven, the sick and infirm, the very elderly, and travellers. ISKK counts one October or November Sunday per year. The 2020 count did not take place because of COVID-19, and 2013 is not freely published.",,47.1,,19.3,,,,12975.69,,,"iskk-dominicantes-communicantes-diocese-2014-2024|pl-diocese-2004-mixed-osm-gisco-gmina","boundary_basis=osm_relation;confidence=null;counts_based_practice_rate;obligati_denominator;single_count_sunday"
"PL","pl_diocese_2004","diocese","pl_diocese_2004:sosnowiec","sosnowiec","Diecezja Sosnowiecka",2014,,"Rates ship without a count base. ISKK dominicantes and communicantes are counts-based percentages over obligati: Catholics obliged to attend Sunday Mass, excluding children under seven, the sick and infirm, the very elderly, and travellers. ISKK counts one October or November Sunday per year. The 2020 count did not take place because of COVID-19, and 2013 is not freely published.",,27.5,,11,,,,1833.06,,,"iskk-dominicantes-communicantes-diocese-2014-2024|pl-diocese-2004-mixed-osm-gisco-gmina","boundary_basis=gmina_digitisation;confidence=standard;counts_based_practice_rate;obligati_denominator;single_count_sunday"
"PL","pl_diocese_2004","diocese","pl_diocese_2004:swidnica","swidnica","Diecezja Świdnicka",2014,,"Rates ship without a count base. ISKK dominicantes and communicantes are counts-based percentages over obligati: Catholics obliged to attend Sunday Mass, excluding children under seven, the sick and infirm, the very elderly, and travellers. ISKK counts one October or November Sunday per year. The 2020 count did not take place because of COVID-19, and 2013 is not freely published.",,30.2,,13.4,,,,4586.56,,,"iskk-dominicantes-communicantes-diocese-2014-2024|pl-diocese-2004-mixed-osm-gisco-gmina","boundary_basis=gmina_digitisation;confidence=standard;counts_based_practice_rate;obligati_denominator;single_count_sunday"
"PL","pl_diocese_2004","diocese","pl_diocese_2004:szczecin_kamien","szczecin_kamien","Archidiecezja Szczecińsko-Kamieńska",2014,,"Rates ship without a count base. ISKK dominicantes and communicantes are counts-based percentages over obligati: Catholics obliged to attend Sunday Mass, excluding children under seven, the sick and infirm, the very elderly, and travellers. ISKK counts one October or November Sunday per year. The 2020 count did not take place because of COVID-19, and 2013 is not freely published.",,24.9,,11.3,,,,10258.62,,,"iskk-dominicantes-communicantes-diocese-2014-2024|pl-diocese-2004-mixed-osm-gisco-gmina","boundary_basis=osm_relation;confidence=null;counts_based_practice_rate;obligati_denominator;single_count_sunday"
"PL","pl_diocese_2004","diocese","pl_diocese_2004:tarnow","tarnow","Diecezja Tarnowska",2014,,"Rates ship without a count base. ISKK dominicantes and communicantes are counts-based percentages over obligati: Catholics obliged to attend Sunday Mass, excluding children under seven, the sick and infirm, the very elderly, and travellers. ISKK counts one October or November Sunday per year. The 2020 count did not take place because of COVID-19, and 2013 is not freely published.",,70.1,,24.3,,,,6966.25,,,"iskk-dominicantes-communicantes-diocese-2014-2024|pl-diocese-2004-mixed-osm-gisco-gmina","boundary_basis=osm_relation;confidence=null;counts_based_practice_rate;obligati_denominator;single_count_sunday"
"PL","pl_diocese_2004","diocese","pl_diocese_2004:torun","torun","Diecezja Toruńska",2014,,"Rates ship without a count base. ISKK dominicantes and communicantes are counts-based percentages over obligati: Catholics obliged to attend Sunday Mass, excluding children under seven, the sick and infirm, the very elderly, and travellers. ISKK counts one October or November Sunday per year. The 2020 count did not take place because of COVID-19, and 2013 is not freely published.",,35.2,,15.2,,,,5845.62,,,"iskk-dominicantes-communicantes-diocese-2014-2024|pl-diocese-2004-mixed-osm-gisco-gmina","boundary_basis=osm_relation;confidence=null;counts_based_practice_rate;obligati_denominator;single_count_sunday"
"PL","pl_diocese_2004","diocese","pl_diocese_2004:warmia","warmia","Archidiecezja Warmińska",2014,,"Rates ship without a count base. ISKK dominicantes and communicantes are counts-based percentages over obligati: Catholics obliged to attend Sunday Mass, excluding children under seven, the sick and infirm, the very elderly, and travellers. ISKK counts one October or November Sunday per year. The 2020 count did not take place because of COVID-19, and 2013 is not freely published.",,28.7,,13.4,,,,12056.27,,,"iskk-dominicantes-communicantes-diocese-2014-2024|pl-diocese-2004-mixed-osm-gisco-gmina","boundary_basis=osm_relation;confidence=null;counts_based_practice_rate;obligati_denominator;single_count_sunday"
"PL","pl_diocese_2004","diocese","pl_diocese_2004:warszawa","warszawa","Archidiecezja Warszawska",2014,,"Rates ship without a count base. ISKK dominicantes and communicantes are counts-based percentages over obligati: Catholics obliged to attend Sunday Mass, excluding children under seven, the sick and infirm, the very elderly, and travellers. ISKK counts one October or November Sunday per year. The 2020 count did not take place because of COVID-19, and 2013 is not freely published.",,30.4,,14.6,,,,3392.18,,,"iskk-dominicantes-communicantes-diocese-2014-2024|pl-diocese-2004-mixed-osm-gisco-gmina","boundary_basis=osm_relation;confidence=null;counts_based_practice_rate;obligati_denominator;single_count_sunday"
"PL","pl_diocese_2004","diocese","pl_diocese_2004:warszawa_praga","warszawa_praga","Diecezja Warszawsko-Praska",2014,,"Rates ship without a count base. ISKK dominicantes and communicantes are counts-based percentages over obligati: Catholics obliged to attend Sunday Mass, excluding children under seven, the sick and infirm, the very elderly, and travellers. ISKK counts one October or November Sunday per year. The 2020 count did not take place because of COVID-19, and 2013 is not freely published.",,31.4,,14.3,,,,3261.54,,,"iskk-dominicantes-communicantes-diocese-2014-2024|pl-diocese-2004-mixed-osm-gisco-gmina","boundary_basis=osm_relation;confidence=null;counts_based_practice_rate;obligati_denominator;single_count_sunday"
"PL","pl_diocese_2004","diocese","pl_diocese_2004:wloclawek","wloclawek","Diecezja Włocławska",2014,,"Rates ship without a count base. ISKK dominicantes and communicantes are counts-based percentages over obligati: Catholics obliged to attend Sunday Mass, excluding children under seven, the sick and infirm, the very elderly, and travellers. ISKK counts one October or November Sunday per year. The 2020 count did not take place because of COVID-19, and 2013 is not freely published.",,34.5,,12.9,,,,10736.15,,,"iskk-dominicantes-communicantes-diocese-2014-2024|pl-diocese-2004-mixed-osm-gisco-gmina","boundary_basis=gmina_digitisation;confidence=low;counts_based_practice_rate;obligati_denominator;single_count_sunday"
"PL","pl_diocese_2004","diocese","pl_diocese_2004:wroclaw","wroclaw","Archidiecezja Wrocławska",2014,,"Rates ship without a count base. ISKK dominicantes and communicantes are counts-based percentages over obligati: Catholics obliged to attend Sunday Mass, excluding children under seven, the sick and infirm, the very elderly, and travellers. ISKK counts one October or November Sunday per year. The 2020 count did not take place because of COVID-19, and 2013 is not freely published.",,33.4,,14.8,,,,7534.37,,,"iskk-dominicantes-communicantes-diocese-2014-2024|pl-diocese-2004-mixed-osm-gisco-gmina","boundary_basis=gmina_digitisation;confidence=standard;counts_based_practice_rate;obligati_denominator;single_count_sunday"
"PL","pl_diocese_2004","diocese","pl_diocese_2004:zamosc_lubaczow","zamosc_lubaczow","Diecezja Zamojsko-Lubaczowska",2014,,"Rates ship without a count base. ISKK dominicantes and communicantes are counts-based percentages over obligati: Catholics obliged to attend Sunday Mass, excluding children under seven, the sick and infirm, the very elderly, and travellers. ISKK counts one October or November Sunday per year. The 2020 count did not take place because of COVID-19, and 2013 is not freely published.",,44.8,,21.1,,,,8814.54,,,"iskk-dominicantes-communicantes-diocese-2014-2024|pl-diocese-2004-mixed-osm-gisco-gmina","boundary_basis=gmina_digitisation;confidence=standard;counts_based_practice_rate;obligati_denominator;single_count_sunday"
"PL","pl_diocese_2004","diocese","pl_diocese_2004:zielona_gora_gorzow","zielona_gora_gorzow","Diecezja Zielonogórsko-Gorzowska",2014,,"Rates ship without a count base. ISKK dominicantes and communicantes are counts-based percentages over obligati: Catholics obliged to attend Sunday Mass, excluding children under seven, the sick and infirm, the very elderly, and travellers. ISKK counts one October or November Sunday per year. The 2020 count did not take place because of COVID-19, and 2013 is not freely published.",,30.1,,13.2,,,,17427.64,,,"iskk-dominicantes-communicantes-diocese-2014-2024|pl-diocese-2004-mixed-osm-gisco-gmina","boundary_basis=gmina_digitisation;confidence=low;counts_based_practice_rate;obligati_denominator;single_count_sunday"
"PL","pl_diocese_2004","diocese","pl_diocese_2004:bialystok","bialystok","Archidiecezja Białostocka",2015,,"Rates ship without a count base. ISKK dominicantes and communicantes are counts-based percentages over obligati: Catholics obliged to attend Sunday Mass, excluding children under seven, the sick and infirm, the very elderly, and travellers. ISKK counts one October or November Sunday per year. The 2020 count did not take place because of COVID-19, and 2013 is not freely published.",,46.3,,21.6,,,,9054.45,,,"iskk-dominicantes-communicantes-diocese-2014-2024|pl-diocese-2004-mixed-osm-gisco-gmina","boundary_basis=gmina_digitisation;confidence=low;counts_based_practice_rate;obligati_denominator;single_count_sunday"
"PL","pl_diocese_2004","diocese","pl_diocese_2004:bielsko_zywiec","bielsko_zywiec","Diecezja Bielsko-Żywiecka",2015,,"Rates ship without a count base. ISKK dominicantes and communicantes are counts-based percentages over obligati: Catholics obliged to attend Sunday Mass, excluding children under seven, the sick and infirm, the very elderly, and travellers. ISKK counts one October or November Sunday per year. The 2020 count did not take place because of COVID-19, and 2013 is not freely published.",,49.3,,20.1,,,,2745.54,,,"iskk-dominicantes-communicantes-diocese-2014-2024|pl-diocese-2004-mixed-osm-gisco-gmina","boundary_basis=osm_relation;confidence=null;counts_based_practice_rate;obligati_denominator;single_count_sunday"
"PL","pl_diocese_2004","diocese","pl_diocese_2004:bydgoszcz","bydgoszcz","Diecezja Bydgoska",2015,,"Rates ship without a count base. ISKK dominicantes and communicantes are counts-based percentages over obligati: Catholics obliged to attend Sunday Mass, excluding children under seven, the sick and infirm, the very elderly, and travellers. ISKK counts one October or November Sunday per year. The 2020 count did not take place because of COVID-19, and 2013 is not freely published.",,36.8,,16.9,,,,6058.22,,,"iskk-dominicantes-communicantes-diocese-2014-2024|pl-diocese-2004-mixed-osm-gisco-gmina","boundary_basis=gmina_digitisation;confidence=low;counts_based_practice_rate;obligati_denominator;single_count_sunday"
"PL","pl_diocese_2004","diocese","pl_diocese_2004:czestochowa","czestochowa","Archidiecezja Częstochowska",2015,,"Rates ship without a count base. ISKK dominicantes and communicantes are counts-based percentages over obligati: Catholics obliged to attend Sunday Mass, excluding children under seven, the sick and infirm, the very elderly, and travellers. ISKK counts one October or November Sunday per year. The 2020 count did not take place because of COVID-19, and 2013 is not freely published.",,34.8,,14.1,,,,6510.21,,,"iskk-dominicantes-communicantes-diocese-2014-2024|pl-diocese-2004-mixed-osm-gisco-gmina","boundary_basis=gmina_digitisation;confidence=standard;counts_based_practice_rate;obligati_denominator;single_count_sunday"
"PL","pl_diocese_2004","diocese","pl_diocese_2004:drohiczyn","drohiczyn","Diecezja Drohiczyńska",2015,,"Rates ship without a count base. ISKK dominicantes and communicantes are counts-based percentages over obligati: Catholics obliged to attend Sunday Mass, excluding children under seven, the sick and infirm, the very elderly, and travellers. ISKK counts one October or November Sunday per year. The 2020 count did not take place because of COVID-19, and 2013 is not freely published.",,48.1,,20.3,,,,6577.63,,,"iskk-dominicantes-communicantes-diocese-2014-2024|pl-diocese-2004-mixed-osm-gisco-gmina","boundary_basis=osm_relation;confidence=null;counts_based_practice_rate;obligati_denominator;single_count_sunday"
"PL","pl_diocese_2004","diocese","pl_diocese_2004:elblag","elblag","Diecezja Elbląska",2015,,"Rates ship without a count base. ISKK dominicantes and communicantes are counts-based percentages over obligati: Catholics obliged to attend Sunday Mass, excluding children under seven, the sick and infirm, the very elderly, and travellers. ISKK counts one October or November Sunday per year. The 2020 count did not take place because of COVID-19, and 2013 is not freely published.",,29.3,,13,,,,9051.55,,,"iskk-dominicantes-communicantes-diocese-2014-2024|pl-diocese-2004-mixed-osm-gisco-gmina","boundary_basis=gmina_digitisation;confidence=standard;counts_based_practice_rate;obligati_denominator;single_count_sunday"
"PL","pl_diocese_2004","diocese","pl_diocese_2004:elk","elk","Diecezja Ełcka",2015,,"Rates ship without a count base. ISKK dominicantes and communicantes are counts-based percentages over obligati: Catholics obliged to attend Sunday Mass, excluding children under seven, the sick and infirm, the very elderly, and travellers. ISKK counts one October or November Sunday per year. The 2020 count did not take place because of COVID-19, and 2013 is not freely published.",,34.8,,17.9,,,,10975.6,,,"iskk-dominicantes-communicantes-diocese-2014-2024|pl-diocese-2004-mixed-osm-gisco-gmina","boundary_basis=osm_relation;confidence=null;counts_based_practice_rate;obligati_denominator;single_count_sunday"
"PL","pl_diocese_2004","diocese","pl_diocese_2004:gdansk","gdansk","Archidiecezja Gdańska",2015,,"Rates ship without a count base. ISKK dominicantes and communicantes are counts-based percentages over obligati: Catholics obliged to attend Sunday Mass, excluding children under seven, the sick and infirm, the very elderly, and travellers. ISKK counts one October or November Sunday per year. The 2020 count did not take place because of COVID-19, and 2013 is not freely published.",,38.6,,18,,,,10607.51,,,"iskk-dominicantes-communicantes-diocese-2014-2024|pl-diocese-2004-mixed-osm-gisco-gmina","boundary_basis=gmina_digitisation;confidence=low;counts_based_practice_rate;obligati_denominator;single_count_sunday"
"PL","pl_diocese_2004","diocese","pl_diocese_2004:gliwice","gliwice","Diecezja Gliwicka",2015,,"Rates ship without a count base. ISKK dominicantes and communicantes are counts-based percentages over obligati: Catholics obliged to attend Sunday Mass, excluding children under seven, the sick and infirm, the very elderly, and travellers. ISKK counts one October or November Sunday per year. The 2020 count did not take place because of COVID-19, and 2013 is not freely published.",,39,,17.3,,,,2227.92,,,"iskk-dominicantes-communicantes-diocese-2014-2024|pl-diocese-2004-mixed-osm-gisco-gmina","boundary_basis=osm_relation;confidence=null;counts_based_practice_rate;obligati_denominator;single_count_sunday"
"PL","pl_diocese_2004","diocese","pl_diocese_2004:gniezno","gniezno","Archidiecezja Gnieźnieńska",2015,,"Rates ship without a count base. ISKK dominicantes and communicantes are counts-based percentages over obligati: Catholics obliged to attend Sunday Mass, excluding children under seven, the sick and infirm, the very elderly, and travellers. ISKK counts one October or November Sunday per year. The 2020 count did not take place because of COVID-19, and 2013 is not freely published.",,39.1,,16.9,,,,8430.69,,,"iskk-dominicantes-communicantes-diocese-2014-2024|pl-diocese-2004-mixed-osm-gisco-gmina","boundary_basis=gmina_digitisation;confidence=standard;counts_based_practice_rate;obligati_denominator;single_count_sunday"
"PL","pl_diocese_2004","diocese","pl_diocese_2004:kalisz","kalisz","Diecezja Kaliska",2015,,"Rates ship without a count base. ISKK dominicantes and communicantes are counts-based percentages over obligati: Catholics obliged to attend Sunday Mass, excluding children under seven, the sick and infirm, the very elderly, and travellers. ISKK counts one October or November Sunday per year. The 2020 count did not take place because of COVID-19, and 2013 is not freely published.",,45.5,,20.1,,,,8197.2,,,"iskk-dominicantes-communicantes-diocese-2014-2024|pl-diocese-2004-mixed-osm-gisco-gmina","boundary_basis=osm_relation;confidence=null;counts_based_practice_rate;obligati_denominator;single_count_sunday"
"PL","pl_diocese_2004","diocese","pl_diocese_2004:katowice","katowice","Archidiecezja Katowicka",2015,,"Rates ship without a count base. ISKK dominicantes and communicantes are counts-based percentages over obligati: Catholics obliged to attend Sunday Mass, excluding children under seven, the sick and infirm, the very elderly, and travellers. ISKK counts one October or November Sunday per year. The 2020 count did not take place because of COVID-19, and 2013 is not freely published.",,39.7,,19.4,,,,2321.06,,,"iskk-dominicantes-communicantes-diocese-2014-2024|pl-diocese-2004-mixed-osm-gisco-gmina","boundary_basis=osm_relation;confidence=null;counts_based_practice_rate;obligati_denominator;single_count_sunday"
"PL","pl_diocese_2004","diocese","pl_diocese_2004:kielce","kielce","Diecezja Kielecka",2015,,"Rates ship without a count base. ISKK dominicantes and communicantes are counts-based percentages over obligati: Catholics obliged to attend Sunday Mass, excluding children under seven, the sick and infirm, the very elderly, and travellers. ISKK counts one October or November Sunday per year. The 2020 count did not take place because of COVID-19, and 2013 is not freely published.",,42.3,,18.5,,,,8986.23,,,"iskk-dominicantes-communicantes-diocese-2014-2024|pl-diocese-2004-mixed-osm-gisco-gmina","boundary_basis=gmina_digitisation;confidence=standard;counts_based_practice_rate;obligati_denominator;single_count_sunday"
"PL","pl_diocese_2004","diocese","pl_diocese_2004:koszalin_kolobrzeg","koszalin_kolobrzeg","Diecezja Koszalińsko-Kołobrzeska",2015,,"Rates ship without a count base. ISKK dominicantes and communicantes are counts-based percentages over obligati: Catholics obliged to attend Sunday Mass, excluding children under seven, the sick and infirm, the very elderly, and travellers. ISKK counts one October or November Sunday per year. The 2020 count did not take place because of COVID-19, and 2013 is not freely published.",,26.2,,11.4,,,,15003.83,,,"iskk-dominicantes-communicantes-diocese-2014-2024|pl-diocese-2004-mixed-osm-gisco-gmina","boundary_basis=osm_relation;confidence=null;counts_based_practice_rate;obligati_denominator;single_count_sunday"
"PL","pl_diocese_2004","diocese","pl_diocese_2004:krakow","krakow","Archidiecezja Krakowska",2015,,"Rates ship without a count base. ISKK dominicantes and communicantes are counts-based percentages over obligati: Catholics obliged to attend Sunday Mass, excluding children under seven, the sick and infirm, the very elderly, and travellers. ISKK counts one October or November Sunday per year. The 2020 count did not take place because of COVID-19, and 2013 is not freely published.",,52.2,,19.2,,,,5983.5,,,"iskk-dominicantes-communicantes-diocese-2014-2024|pl-diocese-2004-mixed-osm-gisco-gmina","boundary_basis=osm_relation;confidence=null;counts_based_practice_rate;obligati_denominator;single_count_sunday"
"PL","pl_diocese_2004","diocese","pl_diocese_2004:legnica","legnica","Diecezja Legnicka",2015,,"Rates ship without a count base. ISKK dominicantes and communicantes are counts-based percentages over obligati: Catholics obliged to attend Sunday Mass, excluding children under seven, the sick and infirm, the very elderly, and travellers. ISKK counts one October or November Sunday per year. The 2020 count did not take place because of COVID-19, and 2013 is not freely published.",,30.7,,14.3,,,,7124.04,,,"iskk-dominicantes-communicantes-diocese-2014-2024|pl-diocese-2004-mixed-osm-gisco-gmina","boundary_basis=osm_relation;confidence=null;counts_based_practice_rate;obligati_denominator;single_count_sunday"
"PL","pl_diocese_2004","diocese","pl_diocese_2004:lodz","lodz","Archidiecezja Łódzka",2015,,"Rates ship without a count base. ISKK dominicantes and communicantes are counts-based percentages over obligati: Catholics obliged to attend Sunday Mass, excluding children under seven, the sick and infirm, the very elderly, and travellers. ISKK counts one October or November Sunday per year. The 2020 count did not take place because of COVID-19, and 2013 is not freely published.",,26.6,,11.8,,,,5912.61,,,"iskk-dominicantes-communicantes-diocese-2014-2024|pl-diocese-2004-mixed-osm-gisco-gmina","boundary_basis=gmina_digitisation;confidence=standard;counts_based_practice_rate;obligati_denominator;single_count_sunday"
"PL","pl_diocese_2004","diocese","pl_diocese_2004:lomza","lomza","Diecezja Łomżyńska",2015,,"Rates ship without a count base. ISKK dominicantes and communicantes are counts-based percentages over obligati: Catholics obliged to attend Sunday Mass, excluding children under seven, the sick and infirm, the very elderly, and travellers. ISKK counts one October or November Sunday per year. The 2020 count did not take place because of COVID-19, and 2013 is not freely published.",,45.6,,21.8,,,,13668.27,,,"iskk-dominicantes-communicantes-diocese-2014-2024|pl-diocese-2004-mixed-osm-gisco-gmina","boundary_basis=gmina_digitisation;confidence=low;counts_based_practice_rate;obligati_denominator;single_count_sunday"
"PL","pl_diocese_2004","diocese","pl_diocese_2004:lowicz","lowicz","Diecezja Łowicka",2015,,"Rates ship without a count base. ISKK dominicantes and communicantes are counts-based percentages over obligati: Catholics obliged to attend Sunday Mass, excluding children under seven, the sick and infirm, the very elderly, and travellers. ISKK counts one October or November Sunday per year. The 2020 count did not take place because of COVID-19, and 2013 is not freely published.",,31.1,,14.7,,,,6706.04,,,"iskk-dominicantes-communicantes-diocese-2014-2024|pl-diocese-2004-mixed-osm-gisco-gmina","boundary_basis=osm_relation;confidence=null;counts_based_practice_rate;obligati_denominator;single_count_sunday"
"PL","pl_diocese_2004","diocese","pl_diocese_2004:lublin","lublin","Archidiecezja Lubelska",2015,,"Rates ship without a count base. ISKK dominicantes and communicantes are counts-based percentages over obligati: Catholics obliged to attend Sunday Mass, excluding children under seven, the sick and infirm, the very elderly, and travellers. ISKK counts one October or November Sunday per year. The 2020 count did not take place because of COVID-19, and 2013 is not freely published.",,39.4,,20,,,,7280.83,,,"iskk-dominicantes-communicantes-diocese-2014-2024|pl-diocese-2004-mixed-osm-gisco-gmina","boundary_basis=gmina_digitisation;confidence=low;counts_based_practice_rate;obligati_denominator;single_count_sunday"
"PL","pl_diocese_2004","diocese","pl_diocese_2004:opole","opole","Diecezja Opolska",2015,,"Rates ship without a count base. ISKK dominicantes and communicantes are counts-based percentages over obligati: Catholics obliged to attend Sunday Mass, excluding children under seven, the sick and infirm, the very elderly, and travellers. ISKK counts one October or November Sunday per year. The 2020 count did not take place because of COVID-19, and 2013 is not freely published.",,47.3,,22.1,,,,8132.85,,,"iskk-dominicantes-communicantes-diocese-2014-2024|pl-diocese-2004-mixed-osm-gisco-gmina","boundary_basis=osm_relation;confidence=null;counts_based_practice_rate;obligati_denominator;single_count_sunday"
"PL","pl_diocese_2004","diocese","pl_diocese_2004:pelplin","pelplin","Diecezja Pelplińska",2015,,"Rates ship without a count base. ISKK dominicantes and communicantes are counts-based percentages over obligati: Catholics obliged to attend Sunday Mass, excluding children under seven, the sick and infirm, the very elderly, and travellers. ISKK counts one October or November Sunday per year. The 2020 count did not take place because of COVID-19, and 2013 is not freely published.",,49.7,,21.4,,,,1466.98,,,"iskk-dominicantes-communicantes-diocese-2014-2024|pl-diocese-2004-mixed-osm-gisco-gmina","boundary_basis=osm_relation;confidence=null;counts_based_practice_rate;obligati_denominator;single_count_sunday"
"PL","pl_diocese_2004","diocese","pl_diocese_2004:plock","plock","Diecezja Płocka",2015,,"Rates ship without a count base. ISKK dominicantes and communicantes are counts-based percentages over obligati: Catholics obliged to attend Sunday Mass, excluding children under seven, the sick and infirm, the very elderly, and travellers. ISKK counts one October or November Sunday per year. The 2020 count did not take place because of COVID-19, and 2013 is not freely published.",,33.4,,13.6,,,,2272.39,,,"iskk-dominicantes-communicantes-diocese-2014-2024|pl-diocese-2004-mixed-osm-gisco-gmina","boundary_basis=osm_relation;confidence=null;counts_based_practice_rate;obligati_denominator;single_count_sunday"
"PL","pl_diocese_2004","diocese","pl_diocese_2004:poznan","poznan","Archidiecezja Poznańska",2015,,"Rates ship without a count base. ISKK dominicantes and communicantes are counts-based percentages over obligati: Catholics obliged to attend Sunday Mass, excluding children under seven, the sick and infirm, the very elderly, and travellers. ISKK counts one October or November Sunday per year. The 2020 count did not take place because of COVID-19, and 2013 is not freely published.",,40.5,,18.8,,,,11617.16,,,"iskk-dominicantes-communicantes-diocese-2014-2024|pl-diocese-2004-mixed-osm-gisco-gmina","boundary_basis=osm_relation;confidence=null;counts_based_practice_rate;obligati_denominator;single_count_sunday"
"PL","pl_diocese_2004","diocese","pl_diocese_2004:przemysl","przemysl","Archidiecezja Przemyska",2015,,"Rates ship without a count base. ISKK dominicantes and communicantes are counts-based percentages over obligati: Catholics obliged to attend Sunday Mass, excluding children under seven, the sick and infirm, the very elderly, and travellers. ISKK counts one October or November Sunday per year. The 2020 count did not take place because of COVID-19, and 2013 is not freely published.",,58.5,,16.3,,,,8897.02,,,"iskk-dominicantes-communicantes-diocese-2014-2024|pl-diocese-2004-mixed-osm-gisco-gmina","boundary_basis=osm_relation;confidence=null;counts_based_practice_rate;obligati_denominator;single_count_sunday"
"PL","pl_diocese_2004","diocese","pl_diocese_2004:radom","radom","Diecezja Radomska",2015,,"Rates ship without a count base. ISKK dominicantes and communicantes are counts-based percentages over obligati: Catholics obliged to attend Sunday Mass, excluding children under seven, the sick and infirm, the very elderly, and travellers. ISKK counts one October or November Sunday per year. The 2020 count did not take place because of COVID-19, and 2013 is not freely published.",,39.6,,16.2,,,,9647.46,,,"iskk-dominicantes-communicantes-diocese-2014-2024|pl-diocese-2004-mixed-osm-gisco-gmina","boundary_basis=osm_relation;confidence=null;counts_based_practice_rate;obligati_denominator;single_count_sunday"
"PL","pl_diocese_2004","diocese","pl_diocese_2004:rzeszow","rzeszow","Diecezja Rzeszowska",2015,,"Rates ship without a count base. ISKK dominicantes and communicantes are counts-based percentages over obligati: Catholics obliged to attend Sunday Mass, excluding children under seven, the sick and infirm, the very elderly, and travellers. ISKK counts one October or November Sunday per year. The 2020 count did not take place because of COVID-19, and 2013 is not freely published.",,64.3,,18.6,,,,3909.94,,,"iskk-dominicantes-communicantes-diocese-2014-2024|pl-diocese-2004-mixed-osm-gisco-gmina","boundary_basis=osm_relation;confidence=null;counts_based_practice_rate;obligati_denominator;single_count_sunday"
"PL","pl_diocese_2004","diocese","pl_diocese_2004:sandomierz","sandomierz","Diecezja Sandomierska",2015,,"Rates ship without a count base. ISKK dominicantes and communicantes are counts-based percentages over obligati: Catholics obliged to attend Sunday Mass, excluding children under seven, the sick and infirm, the very elderly, and travellers. ISKK counts one October or November Sunday per year. The 2020 count did not take place because of COVID-19, and 2013 is not freely published.",,39.6,,15.1,,,,7143.67,,,"iskk-dominicantes-communicantes-diocese-2014-2024|pl-diocese-2004-mixed-osm-gisco-gmina","boundary_basis=gmina_digitisation;confidence=standard;counts_based_practice_rate;obligati_denominator;single_count_sunday"
"PL","pl_diocese_2004","diocese","pl_diocese_2004:siedlce","siedlce","Diecezja Siedlecka",2015,,"Rates ship without a count base. ISKK dominicantes and communicantes are counts-based percentages over obligati: Catholics obliged to attend Sunday Mass, excluding children under seven, the sick and infirm, the very elderly, and travellers. ISKK counts one October or November Sunday per year. The 2020 count did not take place because of COVID-19, and 2013 is not freely published.",,47.7,,20.8,,,,12975.69,,,"iskk-dominicantes-communicantes-diocese-2014-2024|pl-diocese-2004-mixed-osm-gisco-gmina","boundary_basis=osm_relation;confidence=null;counts_based_practice_rate;obligati_denominator;single_count_sunday"
"PL","pl_diocese_2004","diocese","pl_diocese_2004:sosnowiec","sosnowiec","Diecezja Sosnowiecka",2015,,"Rates ship without a count base. ISKK dominicantes and communicantes are counts-based percentages over obligati: Catholics obliged to attend Sunday Mass, excluding children under seven, the sick and infirm, the very elderly, and travellers. ISKK counts one October or November Sunday per year. The 2020 count did not take place because of COVID-19, and 2013 is not freely published.",,27.3,,11.1,,,,1833.06,,,"iskk-dominicantes-communicantes-diocese-2014-2024|pl-diocese-2004-mixed-osm-gisco-gmina","boundary_basis=gmina_digitisation;confidence=standard;counts_based_practice_rate;obligati_denominator;single_count_sunday"
"PL","pl_diocese_2004","diocese","pl_diocese_2004:swidnica","swidnica","Diecezja Świdnicka",2015,,"Rates ship without a count base. ISKK dominicantes and communicantes are counts-based percentages over obligati: Catholics obliged to attend Sunday Mass, excluding children under seven, the sick and infirm, the very elderly, and travellers. ISKK counts one October or November Sunday per year. The 2020 count did not take place because of COVID-19, and 2013 is not freely published.",,29.5,,13.1,,,,4586.56,,,"iskk-dominicantes-communicantes-diocese-2014-2024|pl-diocese-2004-mixed-osm-gisco-gmina","boundary_basis=gmina_digitisation;confidence=standard;counts_based_practice_rate;obligati_denominator;single_count_sunday"
"PL","pl_diocese_2004","diocese","pl_diocese_2004:szczecin_kamien","szczecin_kamien","Archidiecezja Szczecińsko-Kamieńska",2015,,"Rates ship without a count base. ISKK dominicantes and communicantes are counts-based percentages over obligati: Catholics obliged to attend Sunday Mass, excluding children under seven, the sick and infirm, the very elderly, and travellers. ISKK counts one October or November Sunday per year. The 2020 count did not take place because of COVID-19, and 2013 is not freely published.",,26,,11.9,,,,10258.62,,,"iskk-dominicantes-communicantes-diocese-2014-2024|pl-diocese-2004-mixed-osm-gisco-gmina","boundary_basis=osm_relation;confidence=null;counts_based_practice_rate;obligati_denominator;single_count_sunday"
"PL","pl_diocese_2004","diocese","pl_diocese_2004:tarnow","tarnow","Diecezja Tarnowska",2015,,"Rates ship without a count base. ISKK dominicantes and communicantes are counts-based percentages over obligati: Catholics obliged to attend Sunday Mass, excluding children under seven, the sick and infirm, the very elderly, and travellers. ISKK counts one October or November Sunday per year. The 2020 count did not take place because of COVID-19, and 2013 is not freely published.",,70.5,,24.8,,,,6966.25,,,"iskk-dominicantes-communicantes-diocese-2014-2024|pl-diocese-2004-mixed-osm-gisco-gmina","boundary_basis=osm_relation;confidence=null;counts_based_practice_rate;obligati_denominator;single_count_sunday"
"PL","pl_diocese_2004","diocese","pl_diocese_2004:torun","torun","Diecezja Toruńska",2015,,"Rates ship without a count base. ISKK dominicantes and communicantes are counts-based percentages over obligati: Catholics obliged to attend Sunday Mass, excluding children under seven, the sick and infirm, the very elderly, and travellers. ISKK counts one October or November Sunday per year. The 2020 count did not take place because of COVID-19, and 2013 is not freely published.",,36.8,,16.8,,,,5845.62,,,"iskk-dominicantes-communicantes-diocese-2014-2024|pl-diocese-2004-mixed-osm-gisco-gmina","boundary_basis=osm_relation;confidence=null;counts_based_practice_rate;obligati_denominator;single_count_sunday"
"PL","pl_diocese_2004","diocese","pl_diocese_2004:warmia","warmia","Archidiecezja Warmińska",2015,,"Rates ship without a count base. ISKK dominicantes and communicantes are counts-based percentages over obligati: Catholics obliged to attend Sunday Mass, excluding children under seven, the sick and infirm, the very elderly, and travellers. ISKK counts one October or November Sunday per year. The 2020 count did not take place because of COVID-19, and 2013 is not freely published.",,30.6,,14,,,,12056.27,,,"iskk-dominicantes-communicantes-diocese-2014-2024|pl-diocese-2004-mixed-osm-gisco-gmina","boundary_basis=osm_relation;confidence=null;counts_based_practice_rate;obligati_denominator;single_count_sunday"
"PL","pl_diocese_2004","diocese","pl_diocese_2004:warszawa","warszawa","Archidiecezja Warszawska",2015,,"Rates ship without a count base. ISKK dominicantes and communicantes are counts-based percentages over obligati: Catholics obliged to attend Sunday Mass, excluding children under seven, the sick and infirm, the very elderly, and travellers. ISKK counts one October or November Sunday per year. The 2020 count did not take place because of COVID-19, and 2013 is not freely published.",,32.1,,15.5,,,,3392.18,,,"iskk-dominicantes-communicantes-diocese-2014-2024|pl-diocese-2004-mixed-osm-gisco-gmina","boundary_basis=osm_relation;confidence=null;counts_based_practice_rate;obligati_denominator;single_count_sunday"
"PL","pl_diocese_2004","diocese","pl_diocese_2004:warszawa_praga","warszawa_praga","Diecezja Warszawsko-Praska",2015,,"Rates ship without a count base. ISKK dominicantes and communicantes are counts-based percentages over obligati: Catholics obliged to attend Sunday Mass, excluding children under seven, the sick and infirm, the very elderly, and travellers. ISKK counts one October or November Sunday per year. The 2020 count did not take place because of COVID-19, and 2013 is not freely published.",,33,,15.1,,,,3261.54,,,"iskk-dominicantes-communicantes-diocese-2014-2024|pl-diocese-2004-mixed-osm-gisco-gmina","boundary_basis=osm_relation;confidence=null;counts_based_practice_rate;obligati_denominator;single_count_sunday"
"PL","pl_diocese_2004","diocese","pl_diocese_2004:wloclawek","wloclawek","Diecezja Włocławska",2015,,"Rates ship without a count base. ISKK dominicantes and communicantes are counts-based percentages over obligati: Catholics obliged to attend Sunday Mass, excluding children under seven, the sick and infirm, the very elderly, and travellers. ISKK counts one October or November Sunday per year. The 2020 count did not take place because of COVID-19, and 2013 is not freely published.",,35.2,,13.4,,,,10736.15,,,"iskk-dominicantes-communicantes-diocese-2014-2024|pl-diocese-2004-mixed-osm-gisco-gmina","boundary_basis=gmina_digitisation;confidence=low;counts_based_practice_rate;obligati_denominator;single_count_sunday"
"PL","pl_diocese_2004","diocese","pl_diocese_2004:wroclaw","wroclaw","Archidiecezja Wrocławska",2015,,"Rates ship without a count base. ISKK dominicantes and communicantes are counts-based percentages over obligati: Catholics obliged to attend Sunday Mass, excluding children under seven, the sick and infirm, the very elderly, and travellers. ISKK counts one October or November Sunday per year. The 2020 count did not take place because of COVID-19, and 2013 is not freely published.",,33.4,,15.1,,,,7534.37,,,"iskk-dominicantes-communicantes-diocese-2014-2024|pl-diocese-2004-mixed-osm-gisco-gmina","boundary_basis=gmina_digitisation;confidence=standard;counts_based_practice_rate;obligati_denominator;single_count_sunday"
"PL","pl_diocese_2004","diocese","pl_diocese_2004:zamosc_lubaczow","zamosc_lubaczow","Diecezja Zamojsko-Lubaczowska",2015,,"Rates ship without a count base. ISKK dominicantes and communicantes are counts-based percentages over obligati: Catholics obliged to attend Sunday Mass, excluding children under seven, the sick and infirm, the very elderly, and travellers. ISKK counts one October or November Sunday per year. The 2020 count did not take place because of COVID-19, and 2013 is not freely published.",,45.2,,22,,,,8814.54,,,"iskk-dominicantes-communicantes-diocese-2014-2024|pl-diocese-2004-mixed-osm-gisco-gmina","boundary_basis=gmina_digitisation;confidence=standard;counts_based_practice_rate;obligati_denominator;single_count_sunday"
"PL","pl_diocese_2004","diocese","pl_diocese_2004:zielona_gora_gorzow","zielona_gora_gorzow","Diecezja Zielonogórsko-Gorzowska",2015,,"Rates ship without a count base. ISKK dominicantes and communicantes are counts-based percentages over obligati: Catholics obliged to attend Sunday Mass, excluding children under seven, the sick and infirm, the very elderly, and travellers. ISKK counts one October or November Sunday per year. The 2020 count did not take place because of COVID-19, and 2013 is not freely published.",,28.8,,13.3,,,,17427.64,,,"iskk-dominicantes-communicantes-diocese-2014-2024|pl-diocese-2004-mixed-osm-gisco-gmina","boundary_basis=gmina_digitisation;confidence=low;counts_based_practice_rate;obligati_denominator;single_count_sunday"
"PL","pl_diocese_2004","diocese","pl_diocese_2004:bialystok","bialystok","Archidiecezja Białostocka",2016,,"Rates ship without a count base. ISKK dominicantes and communicantes are counts-based percentages over obligati: Catholics obliged to attend Sunday Mass, excluding children under seven, the sick and infirm, the very elderly, and travellers. ISKK counts one October or November Sunday per year. The 2020 count did not take place because of COVID-19, and 2013 is not freely published.",,42.9,,19.5,,,,9054.45,,,"iskk-dominicantes-communicantes-diocese-2014-2024|pl-diocese-2004-mixed-osm-gisco-gmina","boundary_basis=gmina_digitisation;confidence=low;counts_based_practice_rate;obligati_denominator;single_count_sunday"
"PL","pl_diocese_2004","diocese","pl_diocese_2004:bielsko_zywiec","bielsko_zywiec","Diecezja Bielsko-Żywiecka",2016,,"Rates ship without a count base. ISKK dominicantes and communicantes are counts-based percentages over obligati: Catholics obliged to attend Sunday Mass, excluding children under seven, the sick and infirm, the very elderly, and travellers. ISKK counts one October or November Sunday per year. The 2020 count did not take place because of COVID-19, and 2013 is not freely published.",,46.5,,18.7,,,,2745.54,,,"iskk-dominicantes-communicantes-diocese-2014-2024|pl-diocese-2004-mixed-osm-gisco-gmina","boundary_basis=osm_relation;confidence=null;counts_based_practice_rate;obligati_denominator;single_count_sunday"
"PL","pl_diocese_2004","diocese","pl_diocese_2004:bydgoszcz","bydgoszcz","Diecezja Bydgoska",2016,,"Rates ship without a count base. ISKK dominicantes and communicantes are counts-based percentages over obligati: Catholics obliged to attend Sunday Mass, excluding children under seven, the sick and infirm, the very elderly, and travellers. ISKK counts one October or November Sunday per year. The 2020 count did not take place because of COVID-19, and 2013 is not freely published.",,34.2,,15.2,,,,6058.22,,,"iskk-dominicantes-communicantes-diocese-2014-2024|pl-diocese-2004-mixed-osm-gisco-gmina","boundary_basis=gmina_digitisation;confidence=low;counts_based_practice_rate;obligati_denominator;single_count_sunday"
"PL","pl_diocese_2004","diocese","pl_diocese_2004:czestochowa","czestochowa","Archidiecezja Częstochowska",2016,,"Rates ship without a count base. ISKK dominicantes and communicantes are counts-based percentages over obligati: Catholics obliged to attend Sunday Mass, excluding children under seven, the sick and infirm, the very elderly, and travellers. ISKK counts one October or November Sunday per year. The 2020 count did not take place because of COVID-19, and 2013 is not freely published.",,32.2,,13.8,,,,6510.21,,,"iskk-dominicantes-communicantes-diocese-2014-2024|pl-diocese-2004-mixed-osm-gisco-gmina","boundary_basis=gmina_digitisation;confidence=standard;counts_based_practice_rate;obligati_denominator;single_count_sunday"
"PL","pl_diocese_2004","diocese","pl_diocese_2004:drohiczyn","drohiczyn","Diecezja Drohiczyńska",2016,,"Rates ship without a count base. ISKK dominicantes and communicantes are counts-based percentages over obligati: Catholics obliged to attend Sunday Mass, excluding children under seven, the sick and infirm, the very elderly, and travellers. ISKK counts one October or November Sunday per year. The 2020 count did not take place because of COVID-19, and 2013 is not freely published.",,44.5,,18.9,,,,6577.63,,,"iskk-dominicantes-communicantes-diocese-2014-2024|pl-diocese-2004-mixed-osm-gisco-gmina","boundary_basis=osm_relation;confidence=null;counts_based_practice_rate;obligati_denominator;single_count_sunday"
"PL","pl_diocese_2004","diocese","pl_diocese_2004:elblag","elblag","Diecezja Elbląska",2016,,"Rates ship without a count base. ISKK dominicantes and communicantes are counts-based percentages over obligati: Catholics obliged to attend Sunday Mass, excluding children under seven, the sick and infirm, the very elderly, and travellers. ISKK counts one October or November Sunday per year. The 2020 count did not take place because of COVID-19, and 2013 is not freely published.",,26.9,,12.5,,,,9051.55,,,"iskk-dominicantes-communicantes-diocese-2014-2024|pl-diocese-2004-mixed-osm-gisco-gmina","boundary_basis=gmina_digitisation;confidence=standard;counts_based_practice_rate;obligati_denominator;single_count_sunday"
"PL","pl_diocese_2004","diocese","pl_diocese_2004:elk","elk","Diecezja Ełcka",2016,,"Rates ship without a count base. ISKK dominicantes and communicantes are counts-based percentages over obligati: Catholics obliged to attend Sunday Mass, excluding children under seven, the sick and infirm, the very elderly, and travellers. ISKK counts one October or November Sunday per year. The 2020 count did not take place because of COVID-19, and 2013 is not freely published.",,31.4,,16.4,,,,10975.6,,,"iskk-dominicantes-communicantes-diocese-2014-2024|pl-diocese-2004-mixed-osm-gisco-gmina","boundary_basis=osm_relation;confidence=null;counts_based_practice_rate;obligati_denominator;single_count_sunday"
"PL","pl_diocese_2004","diocese","pl_diocese_2004:gdansk","gdansk","Archidiecezja Gdańska",2016,,"Rates ship without a count base. ISKK dominicantes and communicantes are counts-based percentages over obligati: Catholics obliged to attend Sunday Mass, excluding children under seven, the sick and infirm, the very elderly, and travellers. ISKK counts one October or November Sunday per year. The 2020 count did not take place because of COVID-19, and 2013 is not freely published.",,36.8,,17.3,,,,10607.51,,,"iskk-dominicantes-communicantes-diocese-2014-2024|pl-diocese-2004-mixed-osm-gisco-gmina","boundary_basis=gmina_digitisation;confidence=low;counts_based_practice_rate;obligati_denominator;single_count_sunday"
"PL","pl_diocese_2004","diocese","pl_diocese_2004:gliwice","gliwice","Diecezja Gliwicka",2016,,"Rates ship without a count base. ISKK dominicantes and communicantes are counts-based percentages over obligati: Catholics obliged to attend Sunday Mass, excluding children under seven, the sick and infirm, the very elderly, and travellers. ISKK counts one October or November Sunday per year. The 2020 count did not take place because of COVID-19, and 2013 is not freely published.",,36.7,,16.3,,,,2227.92,,,"iskk-dominicantes-communicantes-diocese-2014-2024|pl-diocese-2004-mixed-osm-gisco-gmina","boundary_basis=osm_relation;confidence=null;counts_based_practice_rate;obligati_denominator;single_count_sunday"
"PL","pl_diocese_2004","diocese","pl_diocese_2004:gniezno","gniezno","Archidiecezja Gnieźnieńska",2016,,"Rates ship without a count base. ISKK dominicantes and communicantes are counts-based percentages over obligati: Catholics obliged to attend Sunday Mass, excluding children under seven, the sick and infirm, the very elderly, and travellers. ISKK counts one October or November Sunday per year. The 2020 count did not take place because of COVID-19, and 2013 is not freely published.",,36.5,,16.1,,,,8430.69,,,"iskk-dominicantes-communicantes-diocese-2014-2024|pl-diocese-2004-mixed-osm-gisco-gmina","boundary_basis=gmina_digitisation;confidence=standard;counts_based_practice_rate;obligati_denominator;single_count_sunday"
"PL","pl_diocese_2004","diocese","pl_diocese_2004:kalisz","kalisz","Diecezja Kaliska",2016,,"Rates ship without a count base. ISKK dominicantes and communicantes are counts-based percentages over obligati: Catholics obliged to attend Sunday Mass, excluding children under seven, the sick and infirm, the very elderly, and travellers. ISKK counts one October or November Sunday per year. The 2020 count did not take place because of COVID-19, and 2013 is not freely published.",,41.7,,19.2,,,,8197.2,,,"iskk-dominicantes-communicantes-diocese-2014-2024|pl-diocese-2004-mixed-osm-gisco-gmina","boundary_basis=osm_relation;confidence=null;counts_based_practice_rate;obligati_denominator;single_count_sunday"
"PL","pl_diocese_2004","diocese","pl_diocese_2004:katowice","katowice","Archidiecezja Katowicka",2016,,"Rates ship without a count base. ISKK dominicantes and communicantes are counts-based percentages over obligati: Catholics obliged to attend Sunday Mass, excluding children under seven, the sick and infirm, the very elderly, and travellers. ISKK counts one October or November Sunday per year. The 2020 count did not take place because of COVID-19, and 2013 is not freely published.",,38.1,,19.4,,,,2321.06,,,"iskk-dominicantes-communicantes-diocese-2014-2024|pl-diocese-2004-mixed-osm-gisco-gmina","boundary_basis=osm_relation;confidence=null;counts_based_practice_rate;obligati_denominator;single_count_sunday"
"PL","pl_diocese_2004","diocese","pl_diocese_2004:kielce","kielce","Diecezja Kielecka",2016,,"Rates ship without a count base. ISKK dominicantes and communicantes are counts-based percentages over obligati: Catholics obliged to attend Sunday Mass, excluding children under seven, the sick and infirm, the very elderly, and travellers. ISKK counts one October or November Sunday per year. The 2020 count did not take place because of COVID-19, and 2013 is not freely published.",,38.4,,17.3,,,,8986.23,,,"iskk-dominicantes-communicantes-diocese-2014-2024|pl-diocese-2004-mixed-osm-gisco-gmina","boundary_basis=gmina_digitisation;confidence=standard;counts_based_practice_rate;obligati_denominator;single_count_sunday"
"PL","pl_diocese_2004","diocese","pl_diocese_2004:koszalin_kolobrzeg","koszalin_kolobrzeg","Diecezja Koszalińsko-Kołobrzeska",2016,,"Rates ship without a count base. ISKK dominicantes and communicantes are counts-based percentages over obligati: Catholics obliged to attend Sunday Mass, excluding children under seven, the sick and infirm, the very elderly, and travellers. ISKK counts one October or November Sunday per year. The 2020 count did not take place because of COVID-19, and 2013 is not freely published.",,24.4,,10.5,,,,15003.83,,,"iskk-dominicantes-communicantes-diocese-2014-2024|pl-diocese-2004-mixed-osm-gisco-gmina","boundary_basis=osm_relation;confidence=null;counts_based_practice_rate;obligati_denominator;single_count_sunday"
"PL","pl_diocese_2004","diocese","pl_diocese_2004:krakow","krakow","Archidiecezja Krakowska",2016,,"Rates ship without a count base. ISKK dominicantes and communicantes are counts-based percentages over obligati: Catholics obliged to attend Sunday Mass, excluding children under seven, the sick and infirm, the very elderly, and travellers. ISKK counts one October or November Sunday per year. The 2020 count did not take place because of COVID-19, and 2013 is not freely published.",,48.2,,18.3,,,,5983.5,,,"iskk-dominicantes-communicantes-diocese-2014-2024|pl-diocese-2004-mixed-osm-gisco-gmina","boundary_basis=osm_relation;confidence=null;counts_based_practice_rate;obligati_denominator;single_count_sunday"
"PL","pl_diocese_2004","diocese","pl_diocese_2004:legnica","legnica","Diecezja Legnicka",2016,,"Rates ship without a count base. ISKK dominicantes and communicantes are counts-based percentages over obligati: Catholics obliged to attend Sunday Mass, excluding children under seven, the sick and infirm, the very elderly, and travellers. ISKK counts one October or November Sunday per year. The 2020 count did not take place because of COVID-19, and 2013 is not freely published.",,27.3,,12.1,,,,7124.04,,,"iskk-dominicantes-communicantes-diocese-2014-2024|pl-diocese-2004-mixed-osm-gisco-gmina","boundary_basis=osm_relation;confidence=null;counts_based_practice_rate;obligati_denominator;single_count_sunday"
"PL","pl_diocese_2004","diocese","pl_diocese_2004:lodz","lodz","Archidiecezja Łódzka",2016,,"Rates ship without a count base. ISKK dominicantes and communicantes are counts-based percentages over obligati: Catholics obliged to attend Sunday Mass, excluding children under seven, the sick and infirm, the very elderly, and travellers. ISKK counts one October or November Sunday per year. The 2020 count did not take place because of COVID-19, and 2013 is not freely published.",,23.4,,10.9,,,,5912.61,,,"iskk-dominicantes-communicantes-diocese-2014-2024|pl-diocese-2004-mixed-osm-gisco-gmina","boundary_basis=gmina_digitisation;confidence=standard;counts_based_practice_rate;obligati_denominator;single_count_sunday"
"PL","pl_diocese_2004","diocese","pl_diocese_2004:lomza","lomza","Diecezja Łomżyńska",2016,,"Rates ship without a count base. ISKK dominicantes and communicantes are counts-based percentages over obligati: Catholics obliged to attend Sunday Mass, excluding children under seven, the sick and infirm, the very elderly, and travellers. ISKK counts one October or November Sunday per year. The 2020 count did not take place because of COVID-19, and 2013 is not freely published.",,43.1,,19.3,,,,13668.27,,,"iskk-dominicantes-communicantes-diocese-2014-2024|pl-diocese-2004-mixed-osm-gisco-gmina","boundary_basis=gmina_digitisation;confidence=low;counts_based_practice_rate;obligati_denominator;single_count_sunday"
"PL","pl_diocese_2004","diocese","pl_diocese_2004:lowicz","lowicz","Diecezja Łowicka",2016,,"Rates ship without a count base. ISKK dominicantes and communicantes are counts-based percentages over obligati: Catholics obliged to attend Sunday Mass, excluding children under seven, the sick and infirm, the very elderly, and travellers. ISKK counts one October or November Sunday per year. The 2020 count did not take place because of COVID-19, and 2013 is not freely published.",,29.7,,15.2,,,,6706.04,,,"iskk-dominicantes-communicantes-diocese-2014-2024|pl-diocese-2004-mixed-osm-gisco-gmina","boundary_basis=osm_relation;confidence=null;counts_based_practice_rate;obligati_denominator;single_count_sunday"
"PL","pl_diocese_2004","diocese","pl_diocese_2004:lublin","lublin","Archidiecezja Lubelska",2016,,"Rates ship without a count base. ISKK dominicantes and communicantes are counts-based percentages over obligati: Catholics obliged to attend Sunday Mass, excluding children under seven, the sick and infirm, the very elderly, and travellers. ISKK counts one October or November Sunday per year. The 2020 count did not take place because of COVID-19, and 2013 is not freely published.",,36,,18.4,,,,7280.83,,,"iskk-dominicantes-communicantes-diocese-2014-2024|pl-diocese-2004-mixed-osm-gisco-gmina","boundary_basis=gmina_digitisation;confidence=low;counts_based_practice_rate;obligati_denominator;single_count_sunday"
"PL","pl_diocese_2004","diocese","pl_diocese_2004:opole","opole","Diecezja Opolska",2016,,"Rates ship without a count base. ISKK dominicantes and communicantes are counts-based percentages over obligati: Catholics obliged to attend Sunday Mass, excluding children under seven, the sick and infirm, the very elderly, and travellers. ISKK counts one October or November Sunday per year. The 2020 count did not take place because of COVID-19, and 2013 is not freely published.",,44.6,,21.1,,,,8132.85,,,"iskk-dominicantes-communicantes-diocese-2014-2024|pl-diocese-2004-mixed-osm-gisco-gmina","boundary_basis=osm_relation;confidence=null;counts_based_practice_rate;obligati_denominator;single_count_sunday"
"PL","pl_diocese_2004","diocese","pl_diocese_2004:pelplin","pelplin","Diecezja Pelplińska",2016,,"Rates ship without a count base. ISKK dominicantes and communicantes are counts-based percentages over obligati: Catholics obliged to attend Sunday Mass, excluding children under seven, the sick and infirm, the very elderly, and travellers. ISKK counts one October or November Sunday per year. The 2020 count did not take place because of COVID-19, and 2013 is not freely published.",,46.4,,19.7,,,,1466.98,,,"iskk-dominicantes-communicantes-diocese-2014-2024|pl-diocese-2004-mixed-osm-gisco-gmina","boundary_basis=osm_relation;confidence=null;counts_based_practice_rate;obligati_denominator;single_count_sunday"
"PL","pl_diocese_2004","diocese","pl_diocese_2004:plock","plock","Diecezja Płocka",2016,,"Rates ship without a count base. ISKK dominicantes and communicantes are counts-based percentages over obligati: Catholics obliged to attend Sunday Mass, excluding children under seven, the sick and infirm, the very elderly, and travellers. ISKK counts one October or November Sunday per year. The 2020 count did not take place because of COVID-19, and 2013 is not freely published.",,28.5,,11.4,,,,2272.39,,,"iskk-dominicantes-communicantes-diocese-2014-2024|pl-diocese-2004-mixed-osm-gisco-gmina","boundary_basis=osm_relation;confidence=null;counts_based_practice_rate;obligati_denominator;single_count_sunday"
"PL","pl_diocese_2004","diocese","pl_diocese_2004:poznan","poznan","Archidiecezja Poznańska",2016,,"Rates ship without a count base. ISKK dominicantes and communicantes are counts-based percentages over obligati: Catholics obliged to attend Sunday Mass, excluding children under seven, the sick and infirm, the very elderly, and travellers. ISKK counts one October or November Sunday per year. The 2020 count did not take place because of COVID-19, and 2013 is not freely published.",,38.3,,18.4,,,,11617.16,,,"iskk-dominicantes-communicantes-diocese-2014-2024|pl-diocese-2004-mixed-osm-gisco-gmina","boundary_basis=osm_relation;confidence=null;counts_based_practice_rate;obligati_denominator;single_count_sunday"
"PL","pl_diocese_2004","diocese","pl_diocese_2004:przemysl","przemysl","Archidiecezja Przemyska",2016,,"Rates ship without a count base. ISKK dominicantes and communicantes are counts-based percentages over obligati: Catholics obliged to attend Sunday Mass, excluding children under seven, the sick and infirm, the very elderly, and travellers. ISKK counts one October or November Sunday per year. The 2020 count did not take place because of COVID-19, and 2013 is not freely published.",,56.4,,16.6,,,,8897.02,,,"iskk-dominicantes-communicantes-diocese-2014-2024|pl-diocese-2004-mixed-osm-gisco-gmina","boundary_basis=osm_relation;confidence=null;counts_based_practice_rate;obligati_denominator;single_count_sunday"
"PL","pl_diocese_2004","diocese","pl_diocese_2004:radom","radom","Diecezja Radomska",2016,,"Rates ship without a count base. ISKK dominicantes and communicantes are counts-based percentages over obligati: Catholics obliged to attend Sunday Mass, excluding children under seven, the sick and infirm, the very elderly, and travellers. ISKK counts one October or November Sunday per year. The 2020 count did not take place because of COVID-19, and 2013 is not freely published.",,37.7,,15.7,,,,9647.46,,,"iskk-dominicantes-communicantes-diocese-2014-2024|pl-diocese-2004-mixed-osm-gisco-gmina","boundary_basis=osm_relation;confidence=null;counts_based_practice_rate;obligati_denominator;single_count_sunday"
"PL","pl_diocese_2004","diocese","pl_diocese_2004:rzeszow","rzeszow","Diecezja Rzeszowska",2016,,"Rates ship without a count base. ISKK dominicantes and communicantes are counts-based percentages over obligati: Catholics obliged to attend Sunday Mass, excluding children under seven, the sick and infirm, the very elderly, and travellers. ISKK counts one October or November Sunday per year. The 2020 count did not take place because of COVID-19, and 2013 is not freely published.",,60.5,,18.5,,,,3909.94,,,"iskk-dominicantes-communicantes-diocese-2014-2024|pl-diocese-2004-mixed-osm-gisco-gmina","boundary_basis=osm_relation;confidence=null;counts_based_practice_rate;obligati_denominator;single_count_sunday"
"PL","pl_diocese_2004","diocese","pl_diocese_2004:sandomierz","sandomierz","Diecezja Sandomierska",2016,,"Rates ship without a count base. ISKK dominicantes and communicantes are counts-based percentages over obligati: Catholics obliged to attend Sunday Mass, excluding children under seven, the sick and infirm, the very elderly, and travellers. ISKK counts one October or November Sunday per year. The 2020 count did not take place because of COVID-19, and 2013 is not freely published.",,37,,14.9,,,,7143.67,,,"iskk-dominicantes-communicantes-diocese-2014-2024|pl-diocese-2004-mixed-osm-gisco-gmina","boundary_basis=gmina_digitisation;confidence=standard;counts_based_practice_rate;obligati_denominator;single_count_sunday"
"PL","pl_diocese_2004","diocese","pl_diocese_2004:siedlce","siedlce","Diecezja Siedlecka",2016,,"Rates ship without a count base. ISKK dominicantes and communicantes are counts-based percentages over obligati: Catholics obliged to attend Sunday Mass, excluding children under seven, the sick and infirm, the very elderly, and travellers. ISKK counts one October or November Sunday per year. The 2020 count did not take place because of COVID-19, and 2013 is not freely published.",,44.7,,19.6,,,,12975.69,,,"iskk-dominicantes-communicantes-diocese-2014-2024|pl-diocese-2004-mixed-osm-gisco-gmina","boundary_basis=osm_relation;confidence=null;counts_based_practice_rate;obligati_denominator;single_count_sunday"
"PL","pl_diocese_2004","diocese","pl_diocese_2004:sosnowiec","sosnowiec","Diecezja Sosnowiecka",2016,,"Rates ship without a count base. ISKK dominicantes and communicantes are counts-based percentages over obligati: Catholics obliged to attend Sunday Mass, excluding children under seven, the sick and infirm, the very elderly, and travellers. ISKK counts one October or November Sunday per year. The 2020 count did not take place because of COVID-19, and 2013 is not freely published.",,25.5,,10.3,,,,1833.06,,,"iskk-dominicantes-communicantes-diocese-2014-2024|pl-diocese-2004-mixed-osm-gisco-gmina","boundary_basis=gmina_digitisation;confidence=standard;counts_based_practice_rate;obligati_denominator;single_count_sunday"
"PL","pl_diocese_2004","diocese","pl_diocese_2004:swidnica","swidnica","Diecezja Świdnicka",2016,,"Rates ship without a count base. ISKK dominicantes and communicantes are counts-based percentages over obligati: Catholics obliged to attend Sunday Mass, excluding children under seven, the sick and infirm, the very elderly, and travellers. ISKK counts one October or November Sunday per year. The 2020 count did not take place because of COVID-19, and 2013 is not freely published.",,27,,12.5,,,,4586.56,,,"iskk-dominicantes-communicantes-diocese-2014-2024|pl-diocese-2004-mixed-osm-gisco-gmina","boundary_basis=gmina_digitisation;confidence=standard;counts_based_practice_rate;obligati_denominator;single_count_sunday"
"PL","pl_diocese_2004","diocese","pl_diocese_2004:szczecin_kamien","szczecin_kamien","Archidiecezja Szczecińsko-Kamieńska",2016,,"Rates ship without a count base. ISKK dominicantes and communicantes are counts-based percentages over obligati: Catholics obliged to attend Sunday Mass, excluding children under seven, the sick and infirm, the very elderly, and travellers. ISKK counts one October or November Sunday per year. The 2020 count did not take place because of COVID-19, and 2013 is not freely published.",,22.7,,10.5,,,,10258.62,,,"iskk-dominicantes-communicantes-diocese-2014-2024|pl-diocese-2004-mixed-osm-gisco-gmina","boundary_basis=osm_relation;confidence=null;counts_based_practice_rate;obligati_denominator;single_count_sunday"
"PL","pl_diocese_2004","diocese","pl_diocese_2004:tarnow","tarnow","Diecezja Tarnowska",2016,,"Rates ship without a count base. ISKK dominicantes and communicantes are counts-based percentages over obligati: Catholics obliged to attend Sunday Mass, excluding children under seven, the sick and infirm, the very elderly, and travellers. ISKK counts one October or November Sunday per year. The 2020 count did not take place because of COVID-19, and 2013 is not freely published.",,66.9,,25.3,,,,6966.25,,,"iskk-dominicantes-communicantes-diocese-2014-2024|pl-diocese-2004-mixed-osm-gisco-gmina","boundary_basis=osm_relation;confidence=null;counts_based_practice_rate;obligati_denominator;single_count_sunday"
"PL","pl_diocese_2004","diocese","pl_diocese_2004:torun","torun","Diecezja Toruńska",2016,,"Rates ship without a count base. ISKK dominicantes and communicantes are counts-based percentages over obligati: Catholics obliged to attend Sunday Mass, excluding children under seven, the sick and infirm, the very elderly, and travellers. ISKK counts one October or November Sunday per year. The 2020 count did not take place because of COVID-19, and 2013 is not freely published.",,35.4,,16.5,,,,5845.62,,,"iskk-dominicantes-communicantes-diocese-2014-2024|pl-diocese-2004-mixed-osm-gisco-gmina","boundary_basis=osm_relation;confidence=null;counts_based_practice_rate;obligati_denominator;single_count_sunday"
"PL","pl_diocese_2004","diocese","pl_diocese_2004:warmia","warmia","Archidiecezja Warmińska",2016,,"Rates ship without a count base. ISKK dominicantes and communicantes are counts-based percentages over obligati: Catholics obliged to attend Sunday Mass, excluding children under seven, the sick and infirm, the very elderly, and travellers. ISKK counts one October or November Sunday per year. The 2020 count did not take place because of COVID-19, and 2013 is not freely published.",,27.3,,13.2,,,,12056.27,,,"iskk-dominicantes-communicantes-diocese-2014-2024|pl-diocese-2004-mixed-osm-gisco-gmina","boundary_basis=osm_relation;confidence=null;counts_based_practice_rate;obligati_denominator;single_count_sunday"
"PL","pl_diocese_2004","diocese","pl_diocese_2004:warszawa","warszawa","Archidiecezja Warszawska",2016,,"Rates ship without a count base. ISKK dominicantes and communicantes are counts-based percentages over obligati: Catholics obliged to attend Sunday Mass, excluding children under seven, the sick and infirm, the very elderly, and travellers. ISKK counts one October or November Sunday per year. The 2020 count did not take place because of COVID-19, and 2013 is not freely published.",,26.7,,13.1,,,,3392.18,,,"iskk-dominicantes-communicantes-diocese-2014-2024|pl-diocese-2004-mixed-osm-gisco-gmina","boundary_basis=osm_relation;confidence=null;counts_based_practice_rate;obligati_denominator;single_count_sunday"
"PL","pl_diocese_2004","diocese","pl_diocese_2004:warszawa_praga","warszawa_praga","Diecezja Warszawsko-Praska",2016,,"Rates ship without a count base. ISKK dominicantes and communicantes are counts-based percentages over obligati: Catholics obliged to attend Sunday Mass, excluding children under seven, the sick and infirm, the very elderly, and travellers. ISKK counts one October or November Sunday per year. The 2020 count did not take place because of COVID-19, and 2013 is not freely published.",,30.9,,14.2,,,,3261.54,,,"iskk-dominicantes-communicantes-diocese-2014-2024|pl-diocese-2004-mixed-osm-gisco-gmina","boundary_basis=osm_relation;confidence=null;counts_based_practice_rate;obligati_denominator;single_count_sunday"
"PL","pl_diocese_2004","diocese","pl_diocese_2004:wloclawek","wloclawek","Diecezja Włocławska",2016,,"Rates ship without a count base. ISKK dominicantes and communicantes are counts-based percentages over obligati: Catholics obliged to attend Sunday Mass, excluding children under seven, the sick and infirm, the very elderly, and travellers. ISKK counts one October or November Sunday per year. The 2020 count did not take place because of COVID-19, and 2013 is not freely published.",,32.2,,12.9,,,,10736.15,,,"iskk-dominicantes-communicantes-diocese-2014-2024|pl-diocese-2004-mixed-osm-gisco-gmina","boundary_basis=gmina_digitisation;confidence=low;counts_based_practice_rate;obligati_denominator;single_count_sunday"
"PL","pl_diocese_2004","diocese","pl_diocese_2004:wroclaw","wroclaw","Archidiecezja Wrocławska",2016,,"Rates ship without a count base. ISKK dominicantes and communicantes are counts-based percentages over obligati: Catholics obliged to attend Sunday Mass, excluding children under seven, the sick and infirm, the very elderly, and travellers. ISKK counts one October or November Sunday per year. The 2020 count did not take place because of COVID-19, and 2013 is not freely published.",,30.6,,14.2,,,,7534.37,,,"iskk-dominicantes-communicantes-diocese-2014-2024|pl-diocese-2004-mixed-osm-gisco-gmina","boundary_basis=gmina_digitisation;confidence=standard;counts_based_practice_rate;obligati_denominator;single_count_sunday"
"PL","pl_diocese_2004","diocese","pl_diocese_2004:zamosc_lubaczow","zamosc_lubaczow","Diecezja Zamojsko-Lubaczowska",2016,,"Rates ship without a count base. ISKK dominicantes and communicantes are counts-based percentages over obligati: Catholics obliged to attend Sunday Mass, excluding children under seven, the sick and infirm, the very elderly, and travellers. ISKK counts one October or November Sunday per year. The 2020 count did not take place because of COVID-19, and 2013 is not freely published.",,41.5,,20.1,,,,8814.54,,,"iskk-dominicantes-communicantes-diocese-2014-2024|pl-diocese-2004-mixed-osm-gisco-gmina","boundary_basis=gmina_digitisation;confidence=standard;counts_based_practice_rate;obligati_denominator;single_count_sunday"
"PL","pl_diocese_2004","diocese","pl_diocese_2004:zielona_gora_gorzow","zielona_gora_gorzow","Diecezja Zielonogórsko-Gorzowska",2016,,"Rates ship without a count base. ISKK dominicantes and communicantes are counts-based percentages over obligati: Catholics obliged to attend Sunday Mass, excluding children under seven, the sick and infirm, the very elderly, and travellers. ISKK counts one October or November Sunday per year. The 2020 count did not take place because of COVID-19, and 2013 is not freely published.",,26.9,,11.8,,,,17427.64,,,"iskk-dominicantes-communicantes-diocese-2014-2024|pl-diocese-2004-mixed-osm-gisco-gmina","boundary_basis=gmina_digitisation;confidence=low;counts_based_practice_rate;obligati_denominator;single_count_sunday"
"PL","pl_diocese_2004","diocese","pl_diocese_2004:bialystok","bialystok","Archidiecezja Białostocka",2017,,"Rates ship without a count base. ISKK dominicantes and communicantes are counts-based percentages over obligati: Catholics obliged to attend Sunday Mass, excluding children under seven, the sick and infirm, the very elderly, and travellers. ISKK counts one October or November Sunday per year. The 2020 count did not take place because of COVID-19, and 2013 is not freely published.",,45.2,,21.4,,,,9054.45,,,"iskk-dominicantes-communicantes-diocese-2014-2024|pl-diocese-2004-mixed-osm-gisco-gmina","boundary_basis=gmina_digitisation;confidence=low;counts_based_practice_rate;obligati_denominator;single_count_sunday"
"PL","pl_diocese_2004","diocese","pl_diocese_2004:bielsko_zywiec","bielsko_zywiec","Diecezja Bielsko-Żywiecka",2017,,"Rates ship without a count base. ISKK dominicantes and communicantes are counts-based percentages over obligati: Catholics obliged to attend Sunday Mass, excluding children under seven, the sick and infirm, the very elderly, and travellers. ISKK counts one October or November Sunday per year. The 2020 count did not take place because of COVID-19, and 2013 is not freely published.",,46.9,,19.8,,,,2745.54,,,"iskk-dominicantes-communicantes-diocese-2014-2024|pl-diocese-2004-mixed-osm-gisco-gmina","boundary_basis=osm_relation;confidence=null;counts_based_practice_rate;obligati_denominator;single_count_sunday"
"PL","pl_diocese_2004","diocese","pl_diocese_2004:bydgoszcz","bydgoszcz","Diecezja Bydgoska",2017,,"Rates ship without a count base. ISKK dominicantes and communicantes are counts-based percentages over obligati: Catholics obliged to attend Sunday Mass, excluding children under seven, the sick and infirm, the very elderly, and travellers. ISKK counts one October or November Sunday per year. The 2020 count did not take place because of COVID-19, and 2013 is not freely published.",,36.1,,16,,,,6058.22,,,"iskk-dominicantes-communicantes-diocese-2014-2024|pl-diocese-2004-mixed-osm-gisco-gmina","boundary_basis=gmina_digitisation;confidence=low;counts_based_practice_rate;obligati_denominator;single_count_sunday"
"PL","pl_diocese_2004","diocese","pl_diocese_2004:czestochowa","czestochowa","Archidiecezja Częstochowska",2017,,"Rates ship without a count base. ISKK dominicantes and communicantes are counts-based percentages over obligati: Catholics obliged to attend Sunday Mass, excluding children under seven, the sick and infirm, the very elderly, and travellers. ISKK counts one October or November Sunday per year. The 2020 count did not take place because of COVID-19, and 2013 is not freely published.",,33.7,,14.7,,,,6510.21,,,"iskk-dominicantes-communicantes-diocese-2014-2024|pl-diocese-2004-mixed-osm-gisco-gmina","boundary_basis=gmina_digitisation;confidence=standard;counts_based_practice_rate;obligati_denominator;single_count_sunday"
"PL","pl_diocese_2004","diocese","pl_diocese_2004:drohiczyn","drohiczyn","Diecezja Drohiczyńska",2017,,"Rates ship without a count base. ISKK dominicantes and communicantes are counts-based percentages over obligati: Catholics obliged to attend Sunday Mass, excluding children under seven, the sick and infirm, the very elderly, and travellers. ISKK counts one October or November Sunday per year. The 2020 count did not take place because of COVID-19, and 2013 is not freely published.",,47,,20.1,,,,6577.63,,,"iskk-dominicantes-communicantes-diocese-2014-2024|pl-diocese-2004-mixed-osm-gisco-gmina","boundary_basis=osm_relation;confidence=null;counts_based_practice_rate;obligati_denominator;single_count_sunday"
"PL","pl_diocese_2004","diocese","pl_diocese_2004:elblag","elblag","Diecezja Elbląska",2017,,"Rates ship without a count base. ISKK dominicantes and communicantes are counts-based percentages over obligati: Catholics obliged to attend Sunday Mass, excluding children under seven, the sick and infirm, the very elderly, and travellers. ISKK counts one October or November Sunday per year. The 2020 count did not take place because of COVID-19, and 2013 is not freely published.",,28.4,,13.2,,,,9051.55,,,"iskk-dominicantes-communicantes-diocese-2014-2024|pl-diocese-2004-mixed-osm-gisco-gmina","boundary_basis=gmina_digitisation;confidence=standard;counts_based_practice_rate;obligati_denominator;single_count_sunday"
"PL","pl_diocese_2004","diocese","pl_diocese_2004:elk","elk","Diecezja Ełcka",2017,,"Rates ship without a count base. ISKK dominicantes and communicantes are counts-based percentages over obligati: Catholics obliged to attend Sunday Mass, excluding children under seven, the sick and infirm, the very elderly, and travellers. ISKK counts one October or November Sunday per year. The 2020 count did not take place because of COVID-19, and 2013 is not freely published.",,32.6,,17.6,,,,10975.6,,,"iskk-dominicantes-communicantes-diocese-2014-2024|pl-diocese-2004-mixed-osm-gisco-gmina","boundary_basis=osm_relation;confidence=null;counts_based_practice_rate;obligati_denominator;single_count_sunday"
"PL","pl_diocese_2004","diocese","pl_diocese_2004:gdansk","gdansk","Archidiecezja Gdańska",2017,,"Rates ship without a count base. ISKK dominicantes and communicantes are counts-based percentages over obligati: Catholics obliged to attend Sunday Mass, excluding children under seven, the sick and infirm, the very elderly, and travellers. ISKK counts one October or November Sunday per year. The 2020 count did not take place because of COVID-19, and 2013 is not freely published.",,37.3,,17.8,,,,10607.51,,,"iskk-dominicantes-communicantes-diocese-2014-2024|pl-diocese-2004-mixed-osm-gisco-gmina","boundary_basis=gmina_digitisation;confidence=low;counts_based_practice_rate;obligati_denominator;single_count_sunday"
"PL","pl_diocese_2004","diocese","pl_diocese_2004:gliwice","gliwice","Diecezja Gliwicka",2017,,"Rates ship without a count base. ISKK dominicantes and communicantes are counts-based percentages over obligati: Catholics obliged to attend Sunday Mass, excluding children under seven, the sick and infirm, the very elderly, and travellers. ISKK counts one October or November Sunday per year. The 2020 count did not take place because of COVID-19, and 2013 is not freely published.",,37.4,,17.1,,,,2227.92,,,"iskk-dominicantes-communicantes-diocese-2014-2024|pl-diocese-2004-mixed-osm-gisco-gmina","boundary_basis=osm_relation;confidence=null;counts_based_practice_rate;obligati_denominator;single_count_sunday"
"PL","pl_diocese_2004","diocese","pl_diocese_2004:gniezno","gniezno","Archidiecezja Gnieźnieńska",2017,,"Rates ship without a count base. ISKK dominicantes and communicantes are counts-based percentages over obligati: Catholics obliged to attend Sunday Mass, excluding children under seven, the sick and infirm, the very elderly, and travellers. ISKK counts one October or November Sunday per year. The 2020 count did not take place because of COVID-19, and 2013 is not freely published.",,38.3,,17.3,,,,8430.69,,,"iskk-dominicantes-communicantes-diocese-2014-2024|pl-diocese-2004-mixed-osm-gisco-gmina","boundary_basis=gmina_digitisation;confidence=standard;counts_based_practice_rate;obligati_denominator;single_count_sunday"
"PL","pl_diocese_2004","diocese","pl_diocese_2004:kalisz","kalisz","Diecezja Kaliska",2017,,"Rates ship without a count base. ISKK dominicantes and communicantes are counts-based percentages over obligati: Catholics obliged to attend Sunday Mass, excluding children under seven, the sick and infirm, the very elderly, and travellers. ISKK counts one October or November Sunday per year. The 2020 count did not take place because of COVID-19, and 2013 is not freely published.",,45.1,,20.6,,,,8197.2,,,"iskk-dominicantes-communicantes-diocese-2014-2024|pl-diocese-2004-mixed-osm-gisco-gmina","boundary_basis=osm_relation;confidence=null;counts_based_practice_rate;obligati_denominator;single_count_sunday"
"PL","pl_diocese_2004","diocese","pl_diocese_2004:katowice","katowice","Archidiecezja Katowicka",2017,,"Rates ship without a count base. ISKK dominicantes and communicantes are counts-based percentages over obligati: Catholics obliged to attend Sunday Mass, excluding children under seven, the sick and infirm, the very elderly, and travellers. ISKK counts one October or November Sunday per year. The 2020 count did not take place because of COVID-19, and 2013 is not freely published.",,37,,19.1,,,,2321.06,,,"iskk-dominicantes-communicantes-diocese-2014-2024|pl-diocese-2004-mixed-osm-gisco-gmina","boundary_basis=osm_relation;confidence=null;counts_based_practice_rate;obligati_denominator;single_count_sunday"
"PL","pl_diocese_2004","diocese","pl_diocese_2004:kielce","kielce","Diecezja Kielecka",2017,,"Rates ship without a count base. ISKK dominicantes and communicantes are counts-based percentages over obligati: Catholics obliged to attend Sunday Mass, excluding children under seven, the sick and infirm, the very elderly, and travellers. ISKK counts one October or November Sunday per year. The 2020 count did not take place because of COVID-19, and 2013 is not freely published.",,40.5,,18.8,,,,8986.23,,,"iskk-dominicantes-communicantes-diocese-2014-2024|pl-diocese-2004-mixed-osm-gisco-gmina","boundary_basis=gmina_digitisation;confidence=standard;counts_based_practice_rate;obligati_denominator;single_count_sunday"
"PL","pl_diocese_2004","diocese","pl_diocese_2004:koszalin_kolobrzeg","koszalin_kolobrzeg","Diecezja Koszalińsko-Kołobrzeska",2017,,"Rates ship without a count base. ISKK dominicantes and communicantes are counts-based percentages over obligati: Catholics obliged to attend Sunday Mass, excluding children under seven, the sick and infirm, the very elderly, and travellers. ISKK counts one October or November Sunday per year. The 2020 count did not take place because of COVID-19, and 2013 is not freely published.",,25.6,,11.4,,,,15003.83,,,"iskk-dominicantes-communicantes-diocese-2014-2024|pl-diocese-2004-mixed-osm-gisco-gmina","boundary_basis=osm_relation;confidence=null;counts_based_practice_rate;obligati_denominator;single_count_sunday"
"PL","pl_diocese_2004","diocese","pl_diocese_2004:krakow","krakow","Archidiecezja Krakowska",2017,,"Rates ship without a count base. ISKK dominicantes and communicantes are counts-based percentages over obligati: Catholics obliged to attend Sunday Mass, excluding children under seven, the sick and infirm, the very elderly, and travellers. ISKK counts one October or November Sunday per year. The 2020 count did not take place because of COVID-19, and 2013 is not freely published.",,49.9,,19.1,,,,5983.5,,,"iskk-dominicantes-communicantes-diocese-2014-2024|pl-diocese-2004-mixed-osm-gisco-gmina","boundary_basis=osm_relation;confidence=null;counts_based_practice_rate;obligati_denominator;single_count_sunday"
"PL","pl_diocese_2004","diocese","pl_diocese_2004:legnica","legnica","Diecezja Legnicka",2017,,"Rates ship without a count base. ISKK dominicantes and communicantes are counts-based percentages over obligati: Catholics obliged to attend Sunday Mass, excluding children under seven, the sick and infirm, the very elderly, and travellers. ISKK counts one October or November Sunday per year. The 2020 count did not take place because of COVID-19, and 2013 is not freely published.",,28.5,,13.3,,,,7124.04,,,"iskk-dominicantes-communicantes-diocese-2014-2024|pl-diocese-2004-mixed-osm-gisco-gmina","boundary_basis=osm_relation;confidence=null;counts_based_practice_rate;obligati_denominator;single_count_sunday"
"PL","pl_diocese_2004","diocese","pl_diocese_2004:lodz","lodz","Archidiecezja Łódzka",2017,,"Rates ship without a count base. ISKK dominicantes and communicantes are counts-based percentages over obligati: Catholics obliged to attend Sunday Mass, excluding children under seven, the sick and infirm, the very elderly, and travellers. ISKK counts one October or November Sunday per year. The 2020 count did not take place because of COVID-19, and 2013 is not freely published.",,24.6,,11.6,,,,5912.61,,,"iskk-dominicantes-communicantes-diocese-2014-2024|pl-diocese-2004-mixed-osm-gisco-gmina","boundary_basis=gmina_digitisation;confidence=standard;counts_based_practice_rate;obligati_denominator;single_count_sunday"
"PL","pl_diocese_2004","diocese","pl_diocese_2004:lomza","lomza","Diecezja Łomżyńska",2017,,"Rates ship without a count base. ISKK dominicantes and communicantes are counts-based percentages over obligati: Catholics obliged to attend Sunday Mass, excluding children under seven, the sick and infirm, the very elderly, and travellers. ISKK counts one October or November Sunday per year. The 2020 count did not take place because of COVID-19, and 2013 is not freely published.",,44,,20.9,,,,13668.27,,,"iskk-dominicantes-communicantes-diocese-2014-2024|pl-diocese-2004-mixed-osm-gisco-gmina","boundary_basis=gmina_digitisation;confidence=low;counts_based_practice_rate;obligati_denominator;single_count_sunday"
"PL","pl_diocese_2004","diocese","pl_diocese_2004:lowicz","lowicz","Diecezja Łowicka",2017,,"Rates ship without a count base. ISKK dominicantes and communicantes are counts-based percentages over obligati: Catholics obliged to attend Sunday Mass, excluding children under seven, the sick and infirm, the very elderly, and travellers. ISKK counts one October or November Sunday per year. The 2020 count did not take place because of COVID-19, and 2013 is not freely published.",,30.5,,14.9,,,,6706.04,,,"iskk-dominicantes-communicantes-diocese-2014-2024|pl-diocese-2004-mixed-osm-gisco-gmina","boundary_basis=osm_relation;confidence=null;counts_based_practice_rate;obligati_denominator;single_count_sunday"
"PL","pl_diocese_2004","diocese","pl_diocese_2004:lublin","lublin","Archidiecezja Lubelska",2017,,"Rates ship without a count base. ISKK dominicantes and communicantes are counts-based percentages over obligati: Catholics obliged to attend Sunday Mass, excluding children under seven, the sick and infirm, the very elderly, and travellers. ISKK counts one October or November Sunday per year. The 2020 count did not take place because of COVID-19, and 2013 is not freely published.",,39,,20,,,,7280.83,,,"iskk-dominicantes-communicantes-diocese-2014-2024|pl-diocese-2004-mixed-osm-gisco-gmina","boundary_basis=gmina_digitisation;confidence=low;counts_based_practice_rate;obligati_denominator;single_count_sunday"
"PL","pl_diocese_2004","diocese","pl_diocese_2004:opole","opole","Diecezja Opolska",2017,,"Rates ship without a count base. ISKK dominicantes and communicantes are counts-based percentages over obligati: Catholics obliged to attend Sunday Mass, excluding children under seven, the sick and infirm, the very elderly, and travellers. ISKK counts one October or November Sunday per year. The 2020 count did not take place because of COVID-19, and 2013 is not freely published.",,43.8,,20.8,,,,8132.85,,,"iskk-dominicantes-communicantes-diocese-2014-2024|pl-diocese-2004-mixed-osm-gisco-gmina","boundary_basis=osm_relation;confidence=null;counts_based_practice_rate;obligati_denominator;single_count_sunday"
"PL","pl_diocese_2004","diocese","pl_diocese_2004:pelplin","pelplin","Diecezja Pelplińska",2017,,"Rates ship without a count base. ISKK dominicantes and communicantes are counts-based percentages over obligati: Catholics obliged to attend Sunday Mass, excluding children under seven, the sick and infirm, the very elderly, and travellers. ISKK counts one October or November Sunday per year. The 2020 count did not take place because of COVID-19, and 2013 is not freely published.",,48.5,,22.1,,,,1466.98,,,"iskk-dominicantes-communicantes-diocese-2014-2024|pl-diocese-2004-mixed-osm-gisco-gmina","boundary_basis=osm_relation;confidence=null;counts_based_practice_rate;obligati_denominator;single_count_sunday"
"PL","pl_diocese_2004","diocese","pl_diocese_2004:plock","plock","Diecezja Płocka",2017,,"Rates ship without a count base. ISKK dominicantes and communicantes are counts-based percentages over obligati: Catholics obliged to attend Sunday Mass, excluding children under seven, the sick and infirm, the very elderly, and travellers. ISKK counts one October or November Sunday per year. The 2020 count did not take place because of COVID-19, and 2013 is not freely published.",,32.1,,12.8,,,,2272.39,,,"iskk-dominicantes-communicantes-diocese-2014-2024|pl-diocese-2004-mixed-osm-gisco-gmina","boundary_basis=osm_relation;confidence=null;counts_based_practice_rate;obligati_denominator;single_count_sunday"
"PL","pl_diocese_2004","diocese","pl_diocese_2004:poznan","poznan","Archidiecezja Poznańska",2017,,"Rates ship without a count base. ISKK dominicantes and communicantes are counts-based percentages over obligati: Catholics obliged to attend Sunday Mass, excluding children under seven, the sick and infirm, the very elderly, and travellers. ISKK counts one October or November Sunday per year. The 2020 count did not take place because of COVID-19, and 2013 is not freely published.",,38.9,,19,,,,11617.16,,,"iskk-dominicantes-communicantes-diocese-2014-2024|pl-diocese-2004-mixed-osm-gisco-gmina","boundary_basis=osm_relation;confidence=null;counts_based_practice_rate;obligati_denominator;single_count_sunday"
"PL","pl_diocese_2004","diocese","pl_diocese_2004:przemysl","przemysl","Archidiecezja Przemyska",2017,,"Rates ship without a count base. ISKK dominicantes and communicantes are counts-based percentages over obligati: Catholics obliged to attend Sunday Mass, excluding children under seven, the sick and infirm, the very elderly, and travellers. ISKK counts one October or November Sunday per year. The 2020 count did not take place because of COVID-19, and 2013 is not freely published.",,59.8,,18.2,,,,8897.02,,,"iskk-dominicantes-communicantes-diocese-2014-2024|pl-diocese-2004-mixed-osm-gisco-gmina","boundary_basis=osm_relation;confidence=null;counts_based_practice_rate;obligati_denominator;single_count_sunday"
"PL","pl_diocese_2004","diocese","pl_diocese_2004:radom","radom","Diecezja Radomska",2017,,"Rates ship without a count base. ISKK dominicantes and communicantes are counts-based percentages over obligati: Catholics obliged to attend Sunday Mass, excluding children under seven, the sick and infirm, the very elderly, and travellers. ISKK counts one October or November Sunday per year. The 2020 count did not take place because of COVID-19, and 2013 is not freely published.",,39.8,,17,,,,9647.46,,,"iskk-dominicantes-communicantes-diocese-2014-2024|pl-diocese-2004-mixed-osm-gisco-gmina","boundary_basis=osm_relation;confidence=null;counts_based_practice_rate;obligati_denominator;single_count_sunday"
"PL","pl_diocese_2004","diocese","pl_diocese_2004:rzeszow","rzeszow","Diecezja Rzeszowska",2017,,"Rates ship without a count base. ISKK dominicantes and communicantes are counts-based percentages over obligati: Catholics obliged to attend Sunday Mass, excluding children under seven, the sick and infirm, the very elderly, and travellers. ISKK counts one October or November Sunday per year. The 2020 count did not take place because of COVID-19, and 2013 is not freely published.",,64.1,,20.7,,,,3909.94,,,"iskk-dominicantes-communicantes-diocese-2014-2024|pl-diocese-2004-mixed-osm-gisco-gmina","boundary_basis=osm_relation;confidence=null;counts_based_practice_rate;obligati_denominator;single_count_sunday"
"PL","pl_diocese_2004","diocese","pl_diocese_2004:sandomierz","sandomierz","Diecezja Sandomierska",2017,,"Rates ship without a count base. ISKK dominicantes and communicantes are counts-based percentages over obligati: Catholics obliged to attend Sunday Mass, excluding children under seven, the sick and infirm, the very elderly, and travellers. ISKK counts one October or November Sunday per year. The 2020 count did not take place because of COVID-19, and 2013 is not freely published.",,40,,16.3,,,,7143.67,,,"iskk-dominicantes-communicantes-diocese-2014-2024|pl-diocese-2004-mixed-osm-gisco-gmina","boundary_basis=gmina_digitisation;confidence=standard;counts_based_practice_rate;obligati_denominator;single_count_sunday"
"PL","pl_diocese_2004","diocese","pl_diocese_2004:siedlce","siedlce","Diecezja Siedlecka",2017,,"Rates ship without a count base. ISKK dominicantes and communicantes are counts-based percentages over obligati: Catholics obliged to attend Sunday Mass, excluding children under seven, the sick and infirm, the very elderly, and travellers. ISKK counts one October or November Sunday per year. The 2020 count did not take place because of COVID-19, and 2013 is not freely published.",,46.8,,20.9,,,,12975.69,,,"iskk-dominicantes-communicantes-diocese-2014-2024|pl-diocese-2004-mixed-osm-gisco-gmina","boundary_basis=osm_relation;confidence=null;counts_based_practice_rate;obligati_denominator;single_count_sunday"
"PL","pl_diocese_2004","diocese","pl_diocese_2004:sosnowiec","sosnowiec","Diecezja Sosnowiecka",2017,,"Rates ship without a count base. ISKK dominicantes and communicantes are counts-based percentages over obligati: Catholics obliged to attend Sunday Mass, excluding children under seven, the sick and infirm, the very elderly, and travellers. ISKK counts one October or November Sunday per year. The 2020 count did not take place because of COVID-19, and 2013 is not freely published.",,27.1,,11.2,,,,1833.06,,,"iskk-dominicantes-communicantes-diocese-2014-2024|pl-diocese-2004-mixed-osm-gisco-gmina","boundary_basis=gmina_digitisation;confidence=standard;counts_based_practice_rate;obligati_denominator;single_count_sunday"
"PL","pl_diocese_2004","diocese","pl_diocese_2004:swidnica","swidnica","Diecezja Świdnicka",2017,,"Rates ship without a count base. ISKK dominicantes and communicantes are counts-based percentages over obligati: Catholics obliged to attend Sunday Mass, excluding children under seven, the sick and infirm, the very elderly, and travellers. ISKK counts one October or November Sunday per year. The 2020 count did not take place because of COVID-19, and 2013 is not freely published.",,29.6,,13.8,,,,4586.56,,,"iskk-dominicantes-communicantes-diocese-2014-2024|pl-diocese-2004-mixed-osm-gisco-gmina","boundary_basis=gmina_digitisation;confidence=standard;counts_based_practice_rate;obligati_denominator;single_count_sunday"
"PL","pl_diocese_2004","diocese","pl_diocese_2004:szczecin_kamien","szczecin_kamien","Archidiecezja Szczecińsko-Kamieńska",2017,,"Rates ship without a count base. ISKK dominicantes and communicantes are counts-based percentages over obligati: Catholics obliged to attend Sunday Mass, excluding children under seven, the sick and infirm, the very elderly, and travellers. ISKK counts one October or November Sunday per year. The 2020 count did not take place because of COVID-19, and 2013 is not freely published.",,24.6,,11.2,,,,10258.62,,,"iskk-dominicantes-communicantes-diocese-2014-2024|pl-diocese-2004-mixed-osm-gisco-gmina","boundary_basis=osm_relation;confidence=null;counts_based_practice_rate;obligati_denominator;single_count_sunday"
"PL","pl_diocese_2004","diocese","pl_diocese_2004:tarnow","tarnow","Diecezja Tarnowska",2017,,"Rates ship without a count base. ISKK dominicantes and communicantes are counts-based percentages over obligati: Catholics obliged to attend Sunday Mass, excluding children under seven, the sick and infirm, the very elderly, and travellers. ISKK counts one October or November Sunday per year. The 2020 count did not take place because of COVID-19, and 2013 is not freely published.",,71.7,,27.6,,,,6966.25,,,"iskk-dominicantes-communicantes-diocese-2014-2024|pl-diocese-2004-mixed-osm-gisco-gmina","boundary_basis=osm_relation;confidence=null;counts_based_practice_rate;obligati_denominator;single_count_sunday"
"PL","pl_diocese_2004","diocese","pl_diocese_2004:torun","torun","Diecezja Toruńska",2017,,"Rates ship without a count base. ISKK dominicantes and communicantes are counts-based percentages over obligati: Catholics obliged to attend Sunday Mass, excluding children under seven, the sick and infirm, the very elderly, and travellers. ISKK counts one October or November Sunday per year. The 2020 count did not take place because of COVID-19, and 2013 is not freely published.",,35,,16.4,,,,5845.62,,,"iskk-dominicantes-communicantes-diocese-2014-2024|pl-diocese-2004-mixed-osm-gisco-gmina","boundary_basis=osm_relation;confidence=null;counts_based_practice_rate;obligati_denominator;single_count_sunday"
"PL","pl_diocese_2004","diocese","pl_diocese_2004:warmia","warmia","Archidiecezja Warmińska",2017,,"Rates ship without a count base. ISKK dominicantes and communicantes are counts-based percentages over obligati: Catholics obliged to attend Sunday Mass, excluding children under seven, the sick and infirm, the very elderly, and travellers. ISKK counts one October or November Sunday per year. The 2020 count did not take place because of COVID-19, and 2013 is not freely published.",,28.2,,13.4,,,,12056.27,,,"iskk-dominicantes-communicantes-diocese-2014-2024|pl-diocese-2004-mixed-osm-gisco-gmina","boundary_basis=osm_relation;confidence=null;counts_based_practice_rate;obligati_denominator;single_count_sunday"
"PL","pl_diocese_2004","diocese","pl_diocese_2004:warszawa","warszawa","Archidiecezja Warszawska",2017,,"Rates ship without a count base. ISKK dominicantes and communicantes are counts-based percentages over obligati: Catholics obliged to attend Sunday Mass, excluding children under seven, the sick and infirm, the very elderly, and travellers. ISKK counts one October or November Sunday per year. The 2020 count did not take place because of COVID-19, and 2013 is not freely published.",,27.3,,13.9,,,,3392.18,,,"iskk-dominicantes-communicantes-diocese-2014-2024|pl-diocese-2004-mixed-osm-gisco-gmina","boundary_basis=osm_relation;confidence=null;counts_based_practice_rate;obligati_denominator;single_count_sunday"
"PL","pl_diocese_2004","diocese","pl_diocese_2004:warszawa_praga","warszawa_praga","Diecezja Warszawsko-Praska",2017,,"Rates ship without a count base. ISKK dominicantes and communicantes are counts-based percentages over obligati: Catholics obliged to attend Sunday Mass, excluding children under seven, the sick and infirm, the very elderly, and travellers. ISKK counts one October or November Sunday per year. The 2020 count did not take place because of COVID-19, and 2013 is not freely published.",,31.9,,15.6,,,,3261.54,,,"iskk-dominicantes-communicantes-diocese-2014-2024|pl-diocese-2004-mixed-osm-gisco-gmina","boundary_basis=osm_relation;confidence=null;counts_based_practice_rate;obligati_denominator;single_count_sunday"
"PL","pl_diocese_2004","diocese","pl_diocese_2004:wloclawek","wloclawek","Diecezja Włocławska",2017,,"Rates ship without a count base. ISKK dominicantes and communicantes are counts-based percentages over obligati: Catholics obliged to attend Sunday Mass, excluding children under seven, the sick and infirm, the very elderly, and travellers. ISKK counts one October or November Sunday per year. The 2020 count did not take place because of COVID-19, and 2013 is not freely published.",,35.2,,14.4,,,,10736.15,,,"iskk-dominicantes-communicantes-diocese-2014-2024|pl-diocese-2004-mixed-osm-gisco-gmina","boundary_basis=gmina_digitisation;confidence=low;counts_based_practice_rate;obligati_denominator;single_count_sunday"
"PL","pl_diocese_2004","diocese","pl_diocese_2004:wroclaw","wroclaw","Archidiecezja Wrocławska",2017,,"Rates ship without a count base. ISKK dominicantes and communicantes are counts-based percentages over obligati: Catholics obliged to attend Sunday Mass, excluding children under seven, the sick and infirm, the very elderly, and travellers. ISKK counts one October or November Sunday per year. The 2020 count did not take place because of COVID-19, and 2013 is not freely published.",,31.7,,14.8,,,,7534.37,,,"iskk-dominicantes-communicantes-diocese-2014-2024|pl-diocese-2004-mixed-osm-gisco-gmina","boundary_basis=gmina_digitisation;confidence=standard;counts_based_practice_rate;obligati_denominator;single_count_sunday"
"PL","pl_diocese_2004","diocese","pl_diocese_2004:zamosc_lubaczow","zamosc_lubaczow","Diecezja Zamojsko-Lubaczowska",2017,,"Rates ship without a count base. ISKK dominicantes and communicantes are counts-based percentages over obligati: Catholics obliged to attend Sunday Mass, excluding children under seven, the sick and infirm, the very elderly, and travellers. ISKK counts one October or November Sunday per year. The 2020 count did not take place because of COVID-19, and 2013 is not freely published.",,44.3,,22.5,,,,8814.54,,,"iskk-dominicantes-communicantes-diocese-2014-2024|pl-diocese-2004-mixed-osm-gisco-gmina","boundary_basis=gmina_digitisation;confidence=standard;counts_based_practice_rate;obligati_denominator;single_count_sunday"
"PL","pl_diocese_2004","diocese","pl_diocese_2004:zielona_gora_gorzow","zielona_gora_gorzow","Diecezja Zielonogórsko-Gorzowska",2017,,"Rates ship without a count base. ISKK dominicantes and communicantes are counts-based percentages over obligati: Catholics obliged to attend Sunday Mass, excluding children under seven, the sick and infirm, the very elderly, and travellers. ISKK counts one October or November Sunday per year. The 2020 count did not take place because of COVID-19, and 2013 is not freely published.",,29.4,,13.3,,,,17427.64,,,"iskk-dominicantes-communicantes-diocese-2014-2024|pl-diocese-2004-mixed-osm-gisco-gmina","boundary_basis=gmina_digitisation;confidence=low;counts_based_practice_rate;obligati_denominator;single_count_sunday"
"PL","pl_diocese_2004","diocese","pl_diocese_2004:bialystok","bialystok","Archidiecezja Białostocka",2018,,"Rates ship without a count base. ISKK dominicantes and communicantes are counts-based percentages over obligati: Catholics obliged to attend Sunday Mass, excluding children under seven, the sick and infirm, the very elderly, and travellers. ISKK counts one October or November Sunday per year. The 2020 count did not take place because of COVID-19, and 2013 is not freely published.",,45.2,,22.3,,,,9054.45,,,"iskk-dominicantes-communicantes-diocese-2014-2024|pl-diocese-2004-mixed-osm-gisco-gmina","boundary_basis=gmina_digitisation;confidence=low;counts_based_practice_rate;obligati_denominator;single_count_sunday"
"PL","pl_diocese_2004","diocese","pl_diocese_2004:bielsko_zywiec","bielsko_zywiec","Diecezja Bielsko-Żywiecka",2018,,"Rates ship without a count base. ISKK dominicantes and communicantes are counts-based percentages over obligati: Catholics obliged to attend Sunday Mass, excluding children under seven, the sick and infirm, the very elderly, and travellers. ISKK counts one October or November Sunday per year. The 2020 count did not take place because of COVID-19, and 2013 is not freely published.",,47.7,,20.5,,,,2745.54,,,"iskk-dominicantes-communicantes-diocese-2014-2024|pl-diocese-2004-mixed-osm-gisco-gmina","boundary_basis=osm_relation;confidence=null;counts_based_practice_rate;obligati_denominator;single_count_sunday"
"PL","pl_diocese_2004","diocese","pl_diocese_2004:bydgoszcz","bydgoszcz","Diecezja Bydgoska",2018,,"Rates ship without a count base. ISKK dominicantes and communicantes are counts-based percentages over obligati: Catholics obliged to attend Sunday Mass, excluding children under seven, the sick and infirm, the very elderly, and travellers. ISKK counts one October or November Sunday per year. The 2020 count did not take place because of COVID-19, and 2013 is not freely published.",,34,,16.1,,,,6058.22,,,"iskk-dominicantes-communicantes-diocese-2014-2024|pl-diocese-2004-mixed-osm-gisco-gmina","boundary_basis=gmina_digitisation;confidence=low;counts_based_practice_rate;obligati_denominator;single_count_sunday"
"PL","pl_diocese_2004","diocese","pl_diocese_2004:czestochowa","czestochowa","Archidiecezja Częstochowska",2018,,"Rates ship without a count base. ISKK dominicantes and communicantes are counts-based percentages over obligati: Catholics obliged to attend Sunday Mass, excluding children under seven, the sick and infirm, the very elderly, and travellers. ISKK counts one October or November Sunday per year. The 2020 count did not take place because of COVID-19, and 2013 is not freely published.",,34.1,,15.1,,,,6510.21,,,"iskk-dominicantes-communicantes-diocese-2014-2024|pl-diocese-2004-mixed-osm-gisco-gmina","boundary_basis=gmina_digitisation;confidence=standard;counts_based_practice_rate;obligati_denominator;single_count_sunday"
"PL","pl_diocese_2004","diocese","pl_diocese_2004:drohiczyn","drohiczyn","Diecezja Drohiczyńska",2018,,"Rates ship without a count base. ISKK dominicantes and communicantes are counts-based percentages over obligati: Catholics obliged to attend Sunday Mass, excluding children under seven, the sick and infirm, the very elderly, and travellers. ISKK counts one October or November Sunday per year. The 2020 count did not take place because of COVID-19, and 2013 is not freely published.",,47.4,,21.2,,,,6577.63,,,"iskk-dominicantes-communicantes-diocese-2014-2024|pl-diocese-2004-mixed-osm-gisco-gmina","boundary_basis=osm_relation;confidence=null;counts_based_practice_rate;obligati_denominator;single_count_sunday"
"PL","pl_diocese_2004","diocese","pl_diocese_2004:elblag","elblag","Diecezja Elbląska",2018,,"Rates ship without a count base. ISKK dominicantes and communicantes are counts-based percentages over obligati: Catholics obliged to attend Sunday Mass, excluding children under seven, the sick and infirm, the very elderly, and travellers. ISKK counts one October or November Sunday per year. The 2020 count did not take place because of COVID-19, and 2013 is not freely published.",,27.9,,13.2,,,,9051.55,,,"iskk-dominicantes-communicantes-diocese-2014-2024|pl-diocese-2004-mixed-osm-gisco-gmina","boundary_basis=gmina_digitisation;confidence=standard;counts_based_practice_rate;obligati_denominator;single_count_sunday"
"PL","pl_diocese_2004","diocese","pl_diocese_2004:elk","elk","Diecezja Ełcka",2018,,"Rates ship without a count base. ISKK dominicantes and communicantes are counts-based percentages over obligati: Catholics obliged to attend Sunday Mass, excluding children under seven, the sick and infirm, the very elderly, and travellers. ISKK counts one October or November Sunday per year. The 2020 count did not take place because of COVID-19, and 2013 is not freely published.",,33.8,,18.2,,,,10975.6,,,"iskk-dominicantes-communicantes-diocese-2014-2024|pl-diocese-2004-mixed-osm-gisco-gmina","boundary_basis=osm_relation;confidence=null;counts_based_practice_rate;obligati_denominator;single_count_sunday"
"PL","pl_diocese_2004","diocese","pl_diocese_2004:gdansk","gdansk","Archidiecezja Gdańska",2018,,"Rates ship without a count base. ISKK dominicantes and communicantes are counts-based percentages over obligati: Catholics obliged to attend Sunday Mass, excluding children under seven, the sick and infirm, the very elderly, and travellers. ISKK counts one October or November Sunday per year. The 2020 count did not take place because of COVID-19, and 2013 is not freely published.",,37.2,,18.3,,,,10607.51,,,"iskk-dominicantes-communicantes-diocese-2014-2024|pl-diocese-2004-mixed-osm-gisco-gmina","boundary_basis=gmina_digitisation;confidence=low;counts_based_practice_rate;obligati_denominator;single_count_sunday"
"PL","pl_diocese_2004","diocese","pl_diocese_2004:gliwice","gliwice","Diecezja Gliwicka",2018,,"Rates ship without a count base. ISKK dominicantes and communicantes are counts-based percentages over obligati: Catholics obliged to attend Sunday Mass, excluding children under seven, the sick and infirm, the very elderly, and travellers. ISKK counts one October or November Sunday per year. The 2020 count did not take place because of COVID-19, and 2013 is not freely published.",,37.8,,17.8,,,,2227.92,,,"iskk-dominicantes-communicantes-diocese-2014-2024|pl-diocese-2004-mixed-osm-gisco-gmina","boundary_basis=osm_relation;confidence=null;counts_based_practice_rate;obligati_denominator;single_count_sunday"
"PL","pl_diocese_2004","diocese","pl_diocese_2004:gniezno","gniezno","Archidiecezja Gnieźnieńska",2018,,"Rates ship without a count base. ISKK dominicantes and communicantes are counts-based percentages over obligati: Catholics obliged to attend Sunday Mass, excluding children under seven, the sick and infirm, the very elderly, and travellers. ISKK counts one October or November Sunday per year. The 2020 count did not take place because of COVID-19, and 2013 is not freely published.",,37,,17.5,,,,8430.69,,,"iskk-dominicantes-communicantes-diocese-2014-2024|pl-diocese-2004-mixed-osm-gisco-gmina","boundary_basis=gmina_digitisation;confidence=standard;counts_based_practice_rate;obligati_denominator;single_count_sunday"
"PL","pl_diocese_2004","diocese","pl_diocese_2004:kalisz","kalisz","Diecezja Kaliska",2018,,"Rates ship without a count base. ISKK dominicantes and communicantes are counts-based percentages over obligati: Catholics obliged to attend Sunday Mass, excluding children under seven, the sick and infirm, the very elderly, and travellers. ISKK counts one October or November Sunday per year. The 2020 count did not take place because of COVID-19, and 2013 is not freely published.",,43.5,,20.8,,,,8197.2,,,"iskk-dominicantes-communicantes-diocese-2014-2024|pl-diocese-2004-mixed-osm-gisco-gmina","boundary_basis=osm_relation;confidence=null;counts_based_practice_rate;obligati_denominator;single_count_sunday"
"PL","pl_diocese_2004","diocese","pl_diocese_2004:katowice","katowice","Archidiecezja Katowicka",2018,,"Rates ship without a count base. ISKK dominicantes and communicantes are counts-based percentages over obligati: Catholics obliged to attend Sunday Mass, excluding children under seven, the sick and infirm, the very elderly, and travellers. ISKK counts one October or November Sunday per year. The 2020 count did not take place because of COVID-19, and 2013 is not freely published.",,36.7,,18.7,,,,2321.06,,,"iskk-dominicantes-communicantes-diocese-2014-2024|pl-diocese-2004-mixed-osm-gisco-gmina","boundary_basis=osm_relation;confidence=null;counts_based_practice_rate;obligati_denominator;single_count_sunday"
"PL","pl_diocese_2004","diocese","pl_diocese_2004:kielce","kielce","Diecezja Kielecka",2018,,"Rates ship without a count base. ISKK dominicantes and communicantes are counts-based percentages over obligati: Catholics obliged to attend Sunday Mass, excluding children under seven, the sick and infirm, the very elderly, and travellers. ISKK counts one October or November Sunday per year. The 2020 count did not take place because of COVID-19, and 2013 is not freely published.",,41.4,,19.5,,,,8986.23,,,"iskk-dominicantes-communicantes-diocese-2014-2024|pl-diocese-2004-mixed-osm-gisco-gmina","boundary_basis=gmina_digitisation;confidence=standard;counts_based_practice_rate;obligati_denominator;single_count_sunday"
"PL","pl_diocese_2004","diocese","pl_diocese_2004:koszalin_kolobrzeg","koszalin_kolobrzeg","Diecezja Koszalińsko-Kołobrzeska",2018,,"Rates ship without a count base. ISKK dominicantes and communicantes are counts-based percentages over obligati: Catholics obliged to attend Sunday Mass, excluding children under seven, the sick and infirm, the very elderly, and travellers. ISKK counts one October or November Sunday per year. The 2020 count did not take place because of COVID-19, and 2013 is not freely published.",,25,,11.3,,,,15003.83,,,"iskk-dominicantes-communicantes-diocese-2014-2024|pl-diocese-2004-mixed-osm-gisco-gmina","boundary_basis=osm_relation;confidence=null;counts_based_practice_rate;obligati_denominator;single_count_sunday"
"PL","pl_diocese_2004","diocese","pl_diocese_2004:krakow","krakow","Archidiecezja Krakowska",2018,,"Rates ship without a count base. ISKK dominicantes and communicantes are counts-based percentages over obligati: Catholics obliged to attend Sunday Mass, excluding children under seven, the sick and infirm, the very elderly, and travellers. ISKK counts one October or November Sunday per year. The 2020 count did not take place because of COVID-19, and 2013 is not freely published.",,48.7,,19.1,,,,5983.5,,,"iskk-dominicantes-communicantes-diocese-2014-2024|pl-diocese-2004-mixed-osm-gisco-gmina","boundary_basis=osm_relation;confidence=null;counts_based_practice_rate;obligati_denominator;single_count_sunday"
"PL","pl_diocese_2004","diocese","pl_diocese_2004:legnica","legnica","Diecezja Legnicka",2018,,"Rates ship without a count base. ISKK dominicantes and communicantes are counts-based percentages over obligati: Catholics obliged to attend Sunday Mass, excluding children under seven, the sick and infirm, the very elderly, and travellers. ISKK counts one October or November Sunday per year. The 2020 count did not take place because of COVID-19, and 2013 is not freely published.",,28.6,,13.6,,,,7124.04,,,"iskk-dominicantes-communicantes-diocese-2014-2024|pl-diocese-2004-mixed-osm-gisco-gmina","boundary_basis=osm_relation;confidence=null;counts_based_practice_rate;obligati_denominator;single_count_sunday"
"PL","pl_diocese_2004","diocese","pl_diocese_2004:lodz","lodz","Archidiecezja Łódzka",2018,,"Rates ship without a count base. ISKK dominicantes and communicantes are counts-based percentages over obligati: Catholics obliged to attend Sunday Mass, excluding children under seven, the sick and infirm, the very elderly, and travellers. ISKK counts one October or November Sunday per year. The 2020 count did not take place because of COVID-19, and 2013 is not freely published.",,24.5,,11.8,,,,5912.61,,,"iskk-dominicantes-communicantes-diocese-2014-2024|pl-diocese-2004-mixed-osm-gisco-gmina","boundary_basis=gmina_digitisation;confidence=standard;counts_based_practice_rate;obligati_denominator;single_count_sunday"
"PL","pl_diocese_2004","diocese","pl_diocese_2004:lomza","lomza","Diecezja Łomżyńska",2018,,"Rates ship without a count base. ISKK dominicantes and communicantes are counts-based percentages over obligati: Catholics obliged to attend Sunday Mass, excluding children under seven, the sick and infirm, the very elderly, and travellers. ISKK counts one October or November Sunday per year. The 2020 count did not take place because of COVID-19, and 2013 is not freely published.",,46.5,,22,,,,13668.27,,,"iskk-dominicantes-communicantes-diocese-2014-2024|pl-diocese-2004-mixed-osm-gisco-gmina","boundary_basis=gmina_digitisation;confidence=low;counts_based_practice_rate;obligati_denominator;single_count_sunday"
"PL","pl_diocese_2004","diocese","pl_diocese_2004:lowicz","lowicz","Diecezja Łowicka",2018,,"Rates ship without a count base. ISKK dominicantes and communicantes are counts-based percentages over obligati: Catholics obliged to attend Sunday Mass, excluding children under seven, the sick and infirm, the very elderly, and travellers. ISKK counts one October or November Sunday per year. The 2020 count did not take place because of COVID-19, and 2013 is not freely published.",,31,,15.4,,,,6706.04,,,"iskk-dominicantes-communicantes-diocese-2014-2024|pl-diocese-2004-mixed-osm-gisco-gmina","boundary_basis=osm_relation;confidence=null;counts_based_practice_rate;obligati_denominator;single_count_sunday"
"PL","pl_diocese_2004","diocese","pl_diocese_2004:lublin","lublin","Archidiecezja Lubelska",2018,,"Rates ship without a count base. ISKK dominicantes and communicantes are counts-based percentages over obligati: Catholics obliged to attend Sunday Mass, excluding children under seven, the sick and infirm, the very elderly, and travellers. ISKK counts one October or November Sunday per year. The 2020 count did not take place because of COVID-19, and 2013 is not freely published.",,38.3,,20.2,,,,7280.83,,,"iskk-dominicantes-communicantes-diocese-2014-2024|pl-diocese-2004-mixed-osm-gisco-gmina","boundary_basis=gmina_digitisation;confidence=low;counts_based_practice_rate;obligati_denominator;single_count_sunday"
"PL","pl_diocese_2004","diocese","pl_diocese_2004:opole","opole","Diecezja Opolska",2018,,"Rates ship without a count base. ISKK dominicantes and communicantes are counts-based percentages over obligati: Catholics obliged to attend Sunday Mass, excluding children under seven, the sick and infirm, the very elderly, and travellers. ISKK counts one October or November Sunday per year. The 2020 count did not take place because of COVID-19, and 2013 is not freely published.",,43.7,,21.4,,,,8132.85,,,"iskk-dominicantes-communicantes-diocese-2014-2024|pl-diocese-2004-mixed-osm-gisco-gmina","boundary_basis=osm_relation;confidence=null;counts_based_practice_rate;obligati_denominator;single_count_sunday"
"PL","pl_diocese_2004","diocese","pl_diocese_2004:pelplin","pelplin","Diecezja Pelplińska",2018,,"Rates ship without a count base. ISKK dominicantes and communicantes are counts-based percentages over obligati: Catholics obliged to attend Sunday Mass, excluding children under seven, the sick and infirm, the very elderly, and travellers. ISKK counts one October or November Sunday per year. The 2020 count did not take place because of COVID-19, and 2013 is not freely published.",,48.9,,22.2,,,,1466.98,,,"iskk-dominicantes-communicantes-diocese-2014-2024|pl-diocese-2004-mixed-osm-gisco-gmina","boundary_basis=osm_relation;confidence=null;counts_based_practice_rate;obligati_denominator;single_count_sunday"
"PL","pl_diocese_2004","diocese","pl_diocese_2004:plock","plock","Diecezja Płocka",2018,,"Rates ship without a count base. ISKK dominicantes and communicantes are counts-based percentages over obligati: Catholics obliged to attend Sunday Mass, excluding children under seven, the sick and infirm, the very elderly, and travellers. ISKK counts one October or November Sunday per year. The 2020 count did not take place because of COVID-19, and 2013 is not freely published.",,32.2,,13.1,,,,2272.39,,,"iskk-dominicantes-communicantes-diocese-2014-2024|pl-diocese-2004-mixed-osm-gisco-gmina","boundary_basis=osm_relation;confidence=null;counts_based_practice_rate;obligati_denominator;single_count_sunday"
"PL","pl_diocese_2004","diocese","pl_diocese_2004:poznan","poznan","Archidiecezja Poznańska",2018,,"Rates ship without a count base. ISKK dominicantes and communicantes are counts-based percentages over obligati: Catholics obliged to attend Sunday Mass, excluding children under seven, the sick and infirm, the very elderly, and travellers. ISKK counts one October or November Sunday per year. The 2020 count did not take place because of COVID-19, and 2013 is not freely published.",,38.3,,18.9,,,,11617.16,,,"iskk-dominicantes-communicantes-diocese-2014-2024|pl-diocese-2004-mixed-osm-gisco-gmina","boundary_basis=osm_relation;confidence=null;counts_based_practice_rate;obligati_denominator;single_count_sunday"
"PL","pl_diocese_2004","diocese","pl_diocese_2004:przemysl","przemysl","Archidiecezja Przemyska",2018,,"Rates ship without a count base. ISKK dominicantes and communicantes are counts-based percentages over obligati: Catholics obliged to attend Sunday Mass, excluding children under seven, the sick and infirm, the very elderly, and travellers. ISKK counts one October or November Sunday per year. The 2020 count did not take place because of COVID-19, and 2013 is not freely published.",,60.4,,18.2,,,,8897.02,,,"iskk-dominicantes-communicantes-diocese-2014-2024|pl-diocese-2004-mixed-osm-gisco-gmina","boundary_basis=osm_relation;confidence=null;counts_based_practice_rate;obligati_denominator;single_count_sunday"
"PL","pl_diocese_2004","diocese","pl_diocese_2004:radom","radom","Diecezja Radomska",2018,,"Rates ship without a count base. ISKK dominicantes and communicantes are counts-based percentages over obligati: Catholics obliged to attend Sunday Mass, excluding children under seven, the sick and infirm, the very elderly, and travellers. ISKK counts one October or November Sunday per year. The 2020 count did not take place because of COVID-19, and 2013 is not freely published.",,41.5,,17.8,,,,9647.46,,,"iskk-dominicantes-communicantes-diocese-2014-2024|pl-diocese-2004-mixed-osm-gisco-gmina","boundary_basis=osm_relation;confidence=null;counts_based_practice_rate;obligati_denominator;single_count_sunday"
"PL","pl_diocese_2004","diocese","pl_diocese_2004:rzeszow","rzeszow","Diecezja Rzeszowska",2018,,"Rates ship without a count base. ISKK dominicantes and communicantes are counts-based percentages over obligati: Catholics obliged to attend Sunday Mass, excluding children under seven, the sick and infirm, the very elderly, and travellers. ISKK counts one October or November Sunday per year. The 2020 count did not take place because of COVID-19, and 2013 is not freely published.",,64.3,,20,,,,3909.94,,,"iskk-dominicantes-communicantes-diocese-2014-2024|pl-diocese-2004-mixed-osm-gisco-gmina","boundary_basis=osm_relation;confidence=null;counts_based_practice_rate;obligati_denominator;single_count_sunday"
"PL","pl_diocese_2004","diocese","pl_diocese_2004:sandomierz","sandomierz","Diecezja Sandomierska",2018,,"Rates ship without a count base. ISKK dominicantes and communicantes are counts-based percentages over obligati: Catholics obliged to attend Sunday Mass, excluding children under seven, the sick and infirm, the very elderly, and travellers. ISKK counts one October or November Sunday per year. The 2020 count did not take place because of COVID-19, and 2013 is not freely published.",,40.7,,16.5,,,,7143.67,,,"iskk-dominicantes-communicantes-diocese-2014-2024|pl-diocese-2004-mixed-osm-gisco-gmina","boundary_basis=gmina_digitisation;confidence=standard;counts_based_practice_rate;obligati_denominator;single_count_sunday"
"PL","pl_diocese_2004","diocese","pl_diocese_2004:siedlce","siedlce","Diecezja Siedlecka",2018,,"Rates ship without a count base. ISKK dominicantes and communicantes are counts-based percentages over obligati: Catholics obliged to attend Sunday Mass, excluding children under seven, the sick and infirm, the very elderly, and travellers. ISKK counts one October or November Sunday per year. The 2020 count did not take place because of COVID-19, and 2013 is not freely published.",,48.3,,21.9,,,,12975.69,,,"iskk-dominicantes-communicantes-diocese-2014-2024|pl-diocese-2004-mixed-osm-gisco-gmina","boundary_basis=osm_relation;confidence=null;counts_based_practice_rate;obligati_denominator;single_count_sunday"
"PL","pl_diocese_2004","diocese","pl_diocese_2004:sosnowiec","sosnowiec","Diecezja Sosnowiecka",2018,,"Rates ship without a count base. ISKK dominicantes and communicantes are counts-based percentages over obligati: Catholics obliged to attend Sunday Mass, excluding children under seven, the sick and infirm, the very elderly, and travellers. ISKK counts one October or November Sunday per year. The 2020 count did not take place because of COVID-19, and 2013 is not freely published.",,26.2,,11.6,,,,1833.06,,,"iskk-dominicantes-communicantes-diocese-2014-2024|pl-diocese-2004-mixed-osm-gisco-gmina","boundary_basis=gmina_digitisation;confidence=standard;counts_based_practice_rate;obligati_denominator;single_count_sunday"
"PL","pl_diocese_2004","diocese","pl_diocese_2004:swidnica","swidnica","Diecezja Świdnicka",2018,,"Rates ship without a count base. ISKK dominicantes and communicantes are counts-based percentages over obligati: Catholics obliged to attend Sunday Mass, excluding children under seven, the sick and infirm, the very elderly, and travellers. ISKK counts one October or November Sunday per year. The 2020 count did not take place because of COVID-19, and 2013 is not freely published.",,29,,13.7,,,,4586.56,,,"iskk-dominicantes-communicantes-diocese-2014-2024|pl-diocese-2004-mixed-osm-gisco-gmina","boundary_basis=gmina_digitisation;confidence=standard;counts_based_practice_rate;obligati_denominator;single_count_sunday"
"PL","pl_diocese_2004","diocese","pl_diocese_2004:szczecin_kamien","szczecin_kamien","Archidiecezja Szczecińsko-Kamieńska",2018,,"Rates ship without a count base. ISKK dominicantes and communicantes are counts-based percentages over obligati: Catholics obliged to attend Sunday Mass, excluding children under seven, the sick and infirm, the very elderly, and travellers. ISKK counts one October or November Sunday per year. The 2020 count did not take place because of COVID-19, and 2013 is not freely published.",,24.1,,11.4,,,,10258.62,,,"iskk-dominicantes-communicantes-diocese-2014-2024|pl-diocese-2004-mixed-osm-gisco-gmina","boundary_basis=osm_relation;confidence=null;counts_based_practice_rate;obligati_denominator;single_count_sunday"
"PL","pl_diocese_2004","diocese","pl_diocese_2004:tarnow","tarnow","Diecezja Tarnowska",2018,,"Rates ship without a count base. ISKK dominicantes and communicantes are counts-based percentages over obligati: Catholics obliged to attend Sunday Mass, excluding children under seven, the sick and infirm, the very elderly, and travellers. ISKK counts one October or November Sunday per year. The 2020 count did not take place because of COVID-19, and 2013 is not freely published.",,71.3,,26.9,,,,6966.25,,,"iskk-dominicantes-communicantes-diocese-2014-2024|pl-diocese-2004-mixed-osm-gisco-gmina","boundary_basis=osm_relation;confidence=null;counts_based_practice_rate;obligati_denominator;single_count_sunday"
"PL","pl_diocese_2004","diocese","pl_diocese_2004:torun","torun","Diecezja Toruńska",2018,,"Rates ship without a count base. ISKK dominicantes and communicantes are counts-based percentages over obligati: Catholics obliged to attend Sunday Mass, excluding children under seven, the sick and infirm, the very elderly, and travellers. ISKK counts one October or November Sunday per year. The 2020 count did not take place because of COVID-19, and 2013 is not freely published.",,34,,16.3,,,,5845.62,,,"iskk-dominicantes-communicantes-diocese-2014-2024|pl-diocese-2004-mixed-osm-gisco-gmina","boundary_basis=osm_relation;confidence=null;counts_based_practice_rate;obligati_denominator;single_count_sunday"
"PL","pl_diocese_2004","diocese","pl_diocese_2004:warmia","warmia","Archidiecezja Warmińska",2018,,"Rates ship without a count base. ISKK dominicantes and communicantes are counts-based percentages over obligati: Catholics obliged to attend Sunday Mass, excluding children under seven, the sick and infirm, the very elderly, and travellers. ISKK counts one October or November Sunday per year. The 2020 count did not take place because of COVID-19, and 2013 is not freely published.",,29,,13.7,,,,12056.27,,,"iskk-dominicantes-communicantes-diocese-2014-2024|pl-diocese-2004-mixed-osm-gisco-gmina","boundary_basis=osm_relation;confidence=null;counts_based_practice_rate;obligati_denominator;single_count_sunday"
"PL","pl_diocese_2004","diocese","pl_diocese_2004:warszawa","warszawa","Archidiecezja Warszawska",2018,,"Rates ship without a count base. ISKK dominicantes and communicantes are counts-based percentages over obligati: Catholics obliged to attend Sunday Mass, excluding children under seven, the sick and infirm, the very elderly, and travellers. ISKK counts one October or November Sunday per year. The 2020 count did not take place because of COVID-19, and 2013 is not freely published.",,27.6,,14.3,,,,3392.18,,,"iskk-dominicantes-communicantes-diocese-2014-2024|pl-diocese-2004-mixed-osm-gisco-gmina","boundary_basis=osm_relation;confidence=null;counts_based_practice_rate;obligati_denominator;single_count_sunday"
"PL","pl_diocese_2004","diocese","pl_diocese_2004:warszawa_praga","warszawa_praga","Diecezja Warszawsko-Praska",2018,,"Rates ship without a count base. ISKK dominicantes and communicantes are counts-based percentages over obligati: Catholics obliged to attend Sunday Mass, excluding children under seven, the sick and infirm, the very elderly, and travellers. ISKK counts one October or November Sunday per year. The 2020 count did not take place because of COVID-19, and 2013 is not freely published.",,31.7,,15.5,,,,3261.54,,,"iskk-dominicantes-communicantes-diocese-2014-2024|pl-diocese-2004-mixed-osm-gisco-gmina","boundary_basis=osm_relation;confidence=null;counts_based_practice_rate;obligati_denominator;single_count_sunday"
"PL","pl_diocese_2004","diocese","pl_diocese_2004:wloclawek","wloclawek","Diecezja Włocławska",2018,,"Rates ship without a count base. ISKK dominicantes and communicantes are counts-based percentages over obligati: Catholics obliged to attend Sunday Mass, excluding children under seven, the sick and infirm, the very elderly, and travellers. ISKK counts one October or November Sunday per year. The 2020 count did not take place because of COVID-19, and 2013 is not freely published.",,35.4,,14.8,,,,10736.15,,,"iskk-dominicantes-communicantes-diocese-2014-2024|pl-diocese-2004-mixed-osm-gisco-gmina","boundary_basis=gmina_digitisation;confidence=low;counts_based_practice_rate;obligati_denominator;single_count_sunday"
"PL","pl_diocese_2004","diocese","pl_diocese_2004:wroclaw","wroclaw","Archidiecezja Wrocławska",2018,,"Rates ship without a count base. ISKK dominicantes and communicantes are counts-based percentages over obligati: Catholics obliged to attend Sunday Mass, excluding children under seven, the sick and infirm, the very elderly, and travellers. ISKK counts one October or November Sunday per year. The 2020 count did not take place because of COVID-19, and 2013 is not freely published.",,31.4,,15,,,,7534.37,,,"iskk-dominicantes-communicantes-diocese-2014-2024|pl-diocese-2004-mixed-osm-gisco-gmina","boundary_basis=gmina_digitisation;confidence=standard;counts_based_practice_rate;obligati_denominator;single_count_sunday"
"PL","pl_diocese_2004","diocese","pl_diocese_2004:zamosc_lubaczow","zamosc_lubaczow","Diecezja Zamojsko-Lubaczowska",2018,,"Rates ship without a count base. ISKK dominicantes and communicantes are counts-based percentages over obligati: Catholics obliged to attend Sunday Mass, excluding children under seven, the sick and infirm, the very elderly, and travellers. ISKK counts one October or November Sunday per year. The 2020 count did not take place because of COVID-19, and 2013 is not freely published.",,46.2,,23.6,,,,8814.54,,,"iskk-dominicantes-communicantes-diocese-2014-2024|pl-diocese-2004-mixed-osm-gisco-gmina","boundary_basis=gmina_digitisation;confidence=standard;counts_based_practice_rate;obligati_denominator;single_count_sunday"
"PL","pl_diocese_2004","diocese","pl_diocese_2004:zielona_gora_gorzow","zielona_gora_gorzow","Diecezja Zielonogórsko-Gorzowska",2018,,"Rates ship without a count base. ISKK dominicantes and communicantes are counts-based percentages over obligati: Catholics obliged to attend Sunday Mass, excluding children under seven, the sick and infirm, the very elderly, and travellers. ISKK counts one October or November Sunday per year. The 2020 count did not take place because of COVID-19, and 2013 is not freely published.",,27.3,,13.1,,,,17427.64,,,"iskk-dominicantes-communicantes-diocese-2014-2024|pl-diocese-2004-mixed-osm-gisco-gmina","boundary_basis=gmina_digitisation;confidence=low;counts_based_practice_rate;obligati_denominator;single_count_sunday"
"PL","pl_diocese_2004","diocese","pl_diocese_2004:bialystok","bialystok","Archidiecezja Białostocka",2019,,"Rates ship without a count base. ISKK dominicantes and communicantes are counts-based percentages over obligati: Catholics obliged to attend Sunday Mass, excluding children under seven, the sick and infirm, the very elderly, and travellers. ISKK counts one October or November Sunday per year. The 2020 count did not take place because of COVID-19, and 2013 is not freely published.",,45.8,,22.7,,,,9054.45,,,"iskk-dominicantes-communicantes-diocese-2014-2024|pl-diocese-2004-mixed-osm-gisco-gmina","boundary_basis=gmina_digitisation;confidence=low;counts_based_practice_rate;obligati_denominator;single_count_sunday"
"PL","pl_diocese_2004","diocese","pl_diocese_2004:bielsko_zywiec","bielsko_zywiec","Diecezja Bielsko-Żywiecka",2019,,"Rates ship without a count base. ISKK dominicantes and communicantes are counts-based percentages over obligati: Catholics obliged to attend Sunday Mass, excluding children under seven, the sick and infirm, the very elderly, and travellers. ISKK counts one October or November Sunday per year. The 2020 count did not take place because of COVID-19, and 2013 is not freely published.",,47.1,,20,,,,2745.54,,,"iskk-dominicantes-communicantes-diocese-2014-2024|pl-diocese-2004-mixed-osm-gisco-gmina","boundary_basis=osm_relation;confidence=null;counts_based_practice_rate;obligati_denominator;single_count_sunday"
"PL","pl_diocese_2004","diocese","pl_diocese_2004:bydgoszcz","bydgoszcz","Diecezja Bydgoska",2019,,"Rates ship without a count base. ISKK dominicantes and communicantes are counts-based percentages over obligati: Catholics obliged to attend Sunday Mass, excluding children under seven, the sick and infirm, the very elderly, and travellers. ISKK counts one October or November Sunday per year. The 2020 count did not take place because of COVID-19, and 2013 is not freely published.",,33.5,,15.3,,,,6058.22,,,"iskk-dominicantes-communicantes-diocese-2014-2024|pl-diocese-2004-mixed-osm-gisco-gmina","boundary_basis=gmina_digitisation;confidence=low;counts_based_practice_rate;obligati_denominator;single_count_sunday"
"PL","pl_diocese_2004","diocese","pl_diocese_2004:czestochowa","czestochowa","Archidiecezja Częstochowska",2019,,"Rates ship without a count base. ISKK dominicantes and communicantes are counts-based percentages over obligati: Catholics obliged to attend Sunday Mass, excluding children under seven, the sick and infirm, the very elderly, and travellers. ISKK counts one October or November Sunday per year. The 2020 count did not take place because of COVID-19, and 2013 is not freely published.",,33.3,,14.5,,,,6510.21,,,"iskk-dominicantes-communicantes-diocese-2014-2024|pl-diocese-2004-mixed-osm-gisco-gmina","boundary_basis=gmina_digitisation;confidence=standard;counts_based_practice_rate;obligati_denominator;single_count_sunday"
"PL","pl_diocese_2004","diocese","pl_diocese_2004:drohiczyn","drohiczyn","Diecezja Drohiczyńska",2019,,"Rates ship without a count base. ISKK dominicantes and communicantes are counts-based percentages over obligati: Catholics obliged to attend Sunday Mass, excluding children under seven, the sick and infirm, the very elderly, and travellers. ISKK counts one October or November Sunday per year. The 2020 count did not take place because of COVID-19, and 2013 is not freely published.",,47.7,,21.8,,,,6577.63,,,"iskk-dominicantes-communicantes-diocese-2014-2024|pl-diocese-2004-mixed-osm-gisco-gmina","boundary_basis=osm_relation;confidence=null;counts_based_practice_rate;obligati_denominator;single_count_sunday"
"PL","pl_diocese_2004","diocese","pl_diocese_2004:elblag","elblag","Diecezja Elbląska",2019,,"Rates ship without a count base. ISKK dominicantes and communicantes are counts-based percentages over obligati: Catholics obliged to attend Sunday Mass, excluding children under seven, the sick and infirm, the very elderly, and travellers. ISKK counts one October or November Sunday per year. The 2020 count did not take place because of COVID-19, and 2013 is not freely published.",,26.5,,12.7,,,,9051.55,,,"iskk-dominicantes-communicantes-diocese-2014-2024|pl-diocese-2004-mixed-osm-gisco-gmina","boundary_basis=gmina_digitisation;confidence=standard;counts_based_practice_rate;obligati_denominator;single_count_sunday"
"PL","pl_diocese_2004","diocese","pl_diocese_2004:elk","elk","Diecezja Ełcka",2019,,"Rates ship without a count base. ISKK dominicantes and communicantes are counts-based percentages over obligati: Catholics obliged to attend Sunday Mass, excluding children under seven, the sick and infirm, the very elderly, and travellers. ISKK counts one October or November Sunday per year. The 2020 count did not take place because of COVID-19, and 2013 is not freely published.",,32.5,,18.2,,,,10975.6,,,"iskk-dominicantes-communicantes-diocese-2014-2024|pl-diocese-2004-mixed-osm-gisco-gmina","boundary_basis=osm_relation;confidence=null;counts_based_practice_rate;obligati_denominator;single_count_sunday"
"PL","pl_diocese_2004","diocese","pl_diocese_2004:gdansk","gdansk","Archidiecezja Gdańska",2019,,"Rates ship without a count base. ISKK dominicantes and communicantes are counts-based percentages over obligati: Catholics obliged to attend Sunday Mass, excluding children under seven, the sick and infirm, the very elderly, and travellers. ISKK counts one October or November Sunday per year. The 2020 count did not take place because of COVID-19, and 2013 is not freely published.",,35,,17.2,,,,10607.51,,,"iskk-dominicantes-communicantes-diocese-2014-2024|pl-diocese-2004-mixed-osm-gisco-gmina","boundary_basis=gmina_digitisation;confidence=low;counts_based_practice_rate;obligati_denominator;single_count_sunday"
"PL","pl_diocese_2004","diocese","pl_diocese_2004:gliwice","gliwice","Diecezja Gliwicka",2019,,"Rates ship without a count base. ISKK dominicantes and communicantes are counts-based percentages over obligati: Catholics obliged to attend Sunday Mass, excluding children under seven, the sick and infirm, the very elderly, and travellers. ISKK counts one October or November Sunday per year. The 2020 count did not take place because of COVID-19, and 2013 is not freely published.",,35.9,,17,,,,2227.92,,,"iskk-dominicantes-communicantes-diocese-2014-2024|pl-diocese-2004-mixed-osm-gisco-gmina","boundary_basis=osm_relation;confidence=null;counts_based_practice_rate;obligati_denominator;single_count_sunday"
"PL","pl_diocese_2004","diocese","pl_diocese_2004:gniezno","gniezno","Archidiecezja Gnieźnieńska",2019,,"Rates ship without a count base. ISKK dominicantes and communicantes are counts-based percentages over obligati: Catholics obliged to attend Sunday Mass, excluding children under seven, the sick and infirm, the very elderly, and travellers. ISKK counts one October or November Sunday per year. The 2020 count did not take place because of COVID-19, and 2013 is not freely published.",,35.4,,16.2,,,,8430.69,,,"iskk-dominicantes-communicantes-diocese-2014-2024|pl-diocese-2004-mixed-osm-gisco-gmina","boundary_basis=gmina_digitisation;confidence=standard;counts_based_practice_rate;obligati_denominator;single_count_sunday"
"PL","pl_diocese_2004","diocese","pl_diocese_2004:kalisz","kalisz","Diecezja Kaliska",2019,,"Rates ship without a count base. ISKK dominicantes and communicantes are counts-based percentages over obligati: Catholics obliged to attend Sunday Mass, excluding children under seven, the sick and infirm, the very elderly, and travellers. ISKK counts one October or November Sunday per year. The 2020 count did not take place because of COVID-19, and 2013 is not freely published.",,42.3,,19.6,,,,8197.2,,,"iskk-dominicantes-communicantes-diocese-2014-2024|pl-diocese-2004-mixed-osm-gisco-gmina","boundary_basis=osm_relation;confidence=null;counts_based_practice_rate;obligati_denominator;single_count_sunday"
"PL","pl_diocese_2004","diocese","pl_diocese_2004:katowice","katowice","Archidiecezja Katowicka",2019,,"Rates ship without a count base. ISKK dominicantes and communicantes are counts-based percentages over obligati: Catholics obliged to attend Sunday Mass, excluding children under seven, the sick and infirm, the very elderly, and travellers. ISKK counts one October or November Sunday per year. The 2020 count did not take place because of COVID-19, and 2013 is not freely published.",,35.5,,18.8,,,,2321.06,,,"iskk-dominicantes-communicantes-diocese-2014-2024|pl-diocese-2004-mixed-osm-gisco-gmina","boundary_basis=osm_relation;confidence=null;counts_based_practice_rate;obligati_denominator;single_count_sunday"
"PL","pl_diocese_2004","diocese","pl_diocese_2004:kielce","kielce","Diecezja Kielecka",2019,,"Rates ship without a count base. ISKK dominicantes and communicantes are counts-based percentages over obligati: Catholics obliged to attend Sunday Mass, excluding children under seven, the sick and infirm, the very elderly, and travellers. ISKK counts one October or November Sunday per year. The 2020 count did not take place because of COVID-19, and 2013 is not freely published.",,39.8,,18.7,,,,8986.23,,,"iskk-dominicantes-communicantes-diocese-2014-2024|pl-diocese-2004-mixed-osm-gisco-gmina","boundary_basis=gmina_digitisation;confidence=standard;counts_based_practice_rate;obligati_denominator;single_count_sunday"
"PL","pl_diocese_2004","diocese","pl_diocese_2004:koszalin_kolobrzeg","koszalin_kolobrzeg","Diecezja Koszalińsko-Kołobrzeska",2019,,"Rates ship without a count base. ISKK dominicantes and communicantes are counts-based percentages over obligati: Catholics obliged to attend Sunday Mass, excluding children under seven, the sick and infirm, the very elderly, and travellers. ISKK counts one October or November Sunday per year. The 2020 count did not take place because of COVID-19, and 2013 is not freely published.",,23.8,,11.1,,,,15003.83,,,"iskk-dominicantes-communicantes-diocese-2014-2024|pl-diocese-2004-mixed-osm-gisco-gmina","boundary_basis=osm_relation;confidence=null;counts_based_practice_rate;obligati_denominator;single_count_sunday"
"PL","pl_diocese_2004","diocese","pl_diocese_2004:krakow","krakow","Archidiecezja Krakowska",2019,,"Rates ship without a count base. ISKK dominicantes and communicantes are counts-based percentages over obligati: Catholics obliged to attend Sunday Mass, excluding children under seven, the sick and infirm, the very elderly, and travellers. ISKK counts one October or November Sunday per year. The 2020 count did not take place because of COVID-19, and 2013 is not freely published.",,46.9,,18.4,,,,5983.5,,,"iskk-dominicantes-communicantes-diocese-2014-2024|pl-diocese-2004-mixed-osm-gisco-gmina","boundary_basis=osm_relation;confidence=null;counts_based_practice_rate;obligati_denominator;single_count_sunday"
"PL","pl_diocese_2004","diocese","pl_diocese_2004:legnica","legnica","Diecezja Legnicka",2019,,"Rates ship without a count base. ISKK dominicantes and communicantes are counts-based percentages over obligati: Catholics obliged to attend Sunday Mass, excluding children under seven, the sick and infirm, the very elderly, and travellers. ISKK counts one October or November Sunday per year. The 2020 count did not take place because of COVID-19, and 2013 is not freely published.",,28.1,,13.5,,,,7124.04,,,"iskk-dominicantes-communicantes-diocese-2014-2024|pl-diocese-2004-mixed-osm-gisco-gmina","boundary_basis=osm_relation;confidence=null;counts_based_practice_rate;obligati_denominator;single_count_sunday"
"PL","pl_diocese_2004","diocese","pl_diocese_2004:lodz","lodz","Archidiecezja Łódzka",2019,,"Rates ship without a count base. ISKK dominicantes and communicantes are counts-based percentages over obligati: Catholics obliged to attend Sunday Mass, excluding children under seven, the sick and infirm, the very elderly, and travellers. ISKK counts one October or November Sunday per year. The 2020 count did not take place because of COVID-19, and 2013 is not freely published.",,23.6,,11.6,,,,5912.61,,,"iskk-dominicantes-communicantes-diocese-2014-2024|pl-diocese-2004-mixed-osm-gisco-gmina","boundary_basis=gmina_digitisation;confidence=standard;counts_based_practice_rate;obligati_denominator;single_count_sunday"
"PL","pl_diocese_2004","diocese","pl_diocese_2004:lomza","lomza","Diecezja Łomżyńska",2019,,"Rates ship without a count base. ISKK dominicantes and communicantes are counts-based percentages over obligati: Catholics obliged to attend Sunday Mass, excluding children under seven, the sick and infirm, the very elderly, and travellers. ISKK counts one October or November Sunday per year. The 2020 count did not take place because of COVID-19, and 2013 is not freely published.",,44.7,,21.8,,,,13668.27,,,"iskk-dominicantes-communicantes-diocese-2014-2024|pl-diocese-2004-mixed-osm-gisco-gmina","boundary_basis=gmina_digitisation;confidence=low;counts_based_practice_rate;obligati_denominator;single_count_sunday"
"PL","pl_diocese_2004","diocese","pl_diocese_2004:lowicz","lowicz","Diecezja Łowicka",2019,,"Rates ship without a count base. ISKK dominicantes and communicantes are counts-based percentages over obligati: Catholics obliged to attend Sunday Mass, excluding children under seven, the sick and infirm, the very elderly, and travellers. ISKK counts one October or November Sunday per year. The 2020 count did not take place because of COVID-19, and 2013 is not freely published.",,30,,14.8,,,,6706.04,,,"iskk-dominicantes-communicantes-diocese-2014-2024|pl-diocese-2004-mixed-osm-gisco-gmina","boundary_basis=osm_relation;confidence=null;counts_based_practice_rate;obligati_denominator;single_count_sunday"
"PL","pl_diocese_2004","diocese","pl_diocese_2004:lublin","lublin","Archidiecezja Lubelska",2019,,"Rates ship without a count base. ISKK dominicantes and communicantes are counts-based percentages over obligati: Catholics obliged to attend Sunday Mass, excluding children under seven, the sick and infirm, the very elderly, and travellers. ISKK counts one October or November Sunday per year. The 2020 count did not take place because of COVID-19, and 2013 is not freely published.",,37,,19.5,,,,7280.83,,,"iskk-dominicantes-communicantes-diocese-2014-2024|pl-diocese-2004-mixed-osm-gisco-gmina","boundary_basis=gmina_digitisation;confidence=low;counts_based_practice_rate;obligati_denominator;single_count_sunday"
"PL","pl_diocese_2004","diocese","pl_diocese_2004:opole","opole","Diecezja Opolska",2019,,"Rates ship without a count base. ISKK dominicantes and communicantes are counts-based percentages over obligati: Catholics obliged to attend Sunday Mass, excluding children under seven, the sick and infirm, the very elderly, and travellers. ISKK counts one October or November Sunday per year. The 2020 count did not take place because of COVID-19, and 2013 is not freely published.",,41.9,,20.8,,,,8132.85,,,"iskk-dominicantes-communicantes-diocese-2014-2024|pl-diocese-2004-mixed-osm-gisco-gmina","boundary_basis=osm_relation;confidence=null;counts_based_practice_rate;obligati_denominator;single_count_sunday"
"PL","pl_diocese_2004","diocese","pl_diocese_2004:pelplin","pelplin","Diecezja Pelplińska",2019,,"Rates ship without a count base. ISKK dominicantes and communicantes are counts-based percentages over obligati: Catholics obliged to attend Sunday Mass, excluding children under seven, the sick and infirm, the very elderly, and travellers. ISKK counts one October or November Sunday per year. The 2020 count did not take place because of COVID-19, and 2013 is not freely published.",,46.6,,21.3,,,,1466.98,,,"iskk-dominicantes-communicantes-diocese-2014-2024|pl-diocese-2004-mixed-osm-gisco-gmina","boundary_basis=osm_relation;confidence=null;counts_based_practice_rate;obligati_denominator;single_count_sunday"
"PL","pl_diocese_2004","diocese","pl_diocese_2004:plock","plock","Diecezja Płocka",2019,,"Rates ship without a count base. ISKK dominicantes and communicantes are counts-based percentages over obligati: Catholics obliged to attend Sunday Mass, excluding children under seven, the sick and infirm, the very elderly, and travellers. ISKK counts one October or November Sunday per year. The 2020 count did not take place because of COVID-19, and 2013 is not freely published.",,29.9,,12.1,,,,2272.39,,,"iskk-dominicantes-communicantes-diocese-2014-2024|pl-diocese-2004-mixed-osm-gisco-gmina","boundary_basis=osm_relation;confidence=null;counts_based_practice_rate;obligati_denominator;single_count_sunday"
"PL","pl_diocese_2004","diocese","pl_diocese_2004:poznan","poznan","Archidiecezja Poznańska",2019,,"Rates ship without a count base. ISKK dominicantes and communicantes are counts-based percentages over obligati: Catholics obliged to attend Sunday Mass, excluding children under seven, the sick and infirm, the very elderly, and travellers. ISKK counts one October or November Sunday per year. The 2020 count did not take place because of COVID-19, and 2013 is not freely published.",,36.8,,18.3,,,,11617.16,,,"iskk-dominicantes-communicantes-diocese-2014-2024|pl-diocese-2004-mixed-osm-gisco-gmina","boundary_basis=osm_relation;confidence=null;counts_based_practice_rate;obligati_denominator;single_count_sunday"
"PL","pl_diocese_2004","diocese","pl_diocese_2004:przemysl","przemysl","Archidiecezja Przemyska",2019,,"Rates ship without a count base. ISKK dominicantes and communicantes are counts-based percentages over obligati: Catholics obliged to attend Sunday Mass, excluding children under seven, the sick and infirm, the very elderly, and travellers. ISKK counts one October or November Sunday per year. The 2020 count did not take place because of COVID-19, and 2013 is not freely published.",,58.5,,18,,,,8897.02,,,"iskk-dominicantes-communicantes-diocese-2014-2024|pl-diocese-2004-mixed-osm-gisco-gmina","boundary_basis=osm_relation;confidence=null;counts_based_practice_rate;obligati_denominator;single_count_sunday"
"PL","pl_diocese_2004","diocese","pl_diocese_2004:radom","radom","Diecezja Radomska",2019,,"Rates ship without a count base. ISKK dominicantes and communicantes are counts-based percentages over obligati: Catholics obliged to attend Sunday Mass, excluding children under seven, the sick and infirm, the very elderly, and travellers. ISKK counts one October or November Sunday per year. The 2020 count did not take place because of COVID-19, and 2013 is not freely published.",,40,,17.5,,,,9647.46,,,"iskk-dominicantes-communicantes-diocese-2014-2024|pl-diocese-2004-mixed-osm-gisco-gmina","boundary_basis=osm_relation;confidence=null;counts_based_practice_rate;obligati_denominator;single_count_sunday"
"PL","pl_diocese_2004","diocese","pl_diocese_2004:rzeszow","rzeszow","Diecezja Rzeszowska",2019,,"Rates ship without a count base. ISKK dominicantes and communicantes are counts-based percentages over obligati: Catholics obliged to attend Sunday Mass, excluding children under seven, the sick and infirm, the very elderly, and travellers. ISKK counts one October or November Sunday per year. The 2020 count did not take place because of COVID-19, and 2013 is not freely published.",,62.1,,18.9,,,,3909.94,,,"iskk-dominicantes-communicantes-diocese-2014-2024|pl-diocese-2004-mixed-osm-gisco-gmina","boundary_basis=osm_relation;confidence=null;counts_based_practice_rate;obligati_denominator;single_count_sunday"
"PL","pl_diocese_2004","diocese","pl_diocese_2004:sandomierz","sandomierz","Diecezja Sandomierska",2019,,"Rates ship without a count base. ISKK dominicantes and communicantes are counts-based percentages over obligati: Catholics obliged to attend Sunday Mass, excluding children under seven, the sick and infirm, the very elderly, and travellers. ISKK counts one October or November Sunday per year. The 2020 count did not take place because of COVID-19, and 2013 is not freely published.",,39.8,,16,,,,7143.67,,,"iskk-dominicantes-communicantes-diocese-2014-2024|pl-diocese-2004-mixed-osm-gisco-gmina","boundary_basis=gmina_digitisation;confidence=standard;counts_based_practice_rate;obligati_denominator;single_count_sunday"
"PL","pl_diocese_2004","diocese","pl_diocese_2004:siedlce","siedlce","Diecezja Siedlecka",2019,,"Rates ship without a count base. ISKK dominicantes and communicantes are counts-based percentages over obligati: Catholics obliged to attend Sunday Mass, excluding children under seven, the sick and infirm, the very elderly, and travellers. ISKK counts one October or November Sunday per year. The 2020 count did not take place because of COVID-19, and 2013 is not freely published.",,48.1,,21.9,,,,12975.69,,,"iskk-dominicantes-communicantes-diocese-2014-2024|pl-diocese-2004-mixed-osm-gisco-gmina","boundary_basis=osm_relation;confidence=null;counts_based_practice_rate;obligati_denominator;single_count_sunday"
"PL","pl_diocese_2004","diocese","pl_diocese_2004:sosnowiec","sosnowiec","Diecezja Sosnowiecka",2019,,"Rates ship without a count base. ISKK dominicantes and communicantes are counts-based percentages over obligati: Catholics obliged to attend Sunday Mass, excluding children under seven, the sick and infirm, the very elderly, and travellers. ISKK counts one October or November Sunday per year. The 2020 count did not take place because of COVID-19, and 2013 is not freely published.",,25.3,,10.9,,,,1833.06,,,"iskk-dominicantes-communicantes-diocese-2014-2024|pl-diocese-2004-mixed-osm-gisco-gmina","boundary_basis=gmina_digitisation;confidence=standard;counts_based_practice_rate;obligati_denominator;single_count_sunday"
"PL","pl_diocese_2004","diocese","pl_diocese_2004:swidnica","swidnica","Diecezja Świdnicka",2019,,"Rates ship without a count base. ISKK dominicantes and communicantes are counts-based percentages over obligati: Catholics obliged to attend Sunday Mass, excluding children under seven, the sick and infirm, the very elderly, and travellers. ISKK counts one October or November Sunday per year. The 2020 count did not take place because of COVID-19, and 2013 is not freely published.",,27.7,,13.4,,,,4586.56,,,"iskk-dominicantes-communicantes-diocese-2014-2024|pl-diocese-2004-mixed-osm-gisco-gmina","boundary_basis=gmina_digitisation;confidence=standard;counts_based_practice_rate;obligati_denominator;single_count_sunday"
"PL","pl_diocese_2004","diocese","pl_diocese_2004:szczecin_kamien","szczecin_kamien","Archidiecezja Szczecińsko-Kamieńska",2019,,"Rates ship without a count base. ISKK dominicantes and communicantes are counts-based percentages over obligati: Catholics obliged to attend Sunday Mass, excluding children under seven, the sick and infirm, the very elderly, and travellers. ISKK counts one October or November Sunday per year. The 2020 count did not take place because of COVID-19, and 2013 is not freely published.",,23.3,,10.9,,,,10258.62,,,"iskk-dominicantes-communicantes-diocese-2014-2024|pl-diocese-2004-mixed-osm-gisco-gmina","boundary_basis=osm_relation;confidence=null;counts_based_practice_rate;obligati_denominator;single_count_sunday"
"PL","pl_diocese_2004","diocese","pl_diocese_2004:tarnow","tarnow","Diecezja Tarnowska",2019,,"Rates ship without a count base. ISKK dominicantes and communicantes are counts-based percentages over obligati: Catholics obliged to attend Sunday Mass, excluding children under seven, the sick and infirm, the very elderly, and travellers. ISKK counts one October or November Sunday per year. The 2020 count did not take place because of COVID-19, and 2013 is not freely published.",,70.8,,26.1,,,,6966.25,,,"iskk-dominicantes-communicantes-diocese-2014-2024|pl-diocese-2004-mixed-osm-gisco-gmina","boundary_basis=osm_relation;confidence=null;counts_based_practice_rate;obligati_denominator;single_count_sunday"
"PL","pl_diocese_2004","diocese","pl_diocese_2004:torun","torun","Diecezja Toruńska",2019,,"Rates ship without a count base. ISKK dominicantes and communicantes are counts-based percentages over obligati: Catholics obliged to attend Sunday Mass, excluding children under seven, the sick and infirm, the very elderly, and travellers. ISKK counts one October or November Sunday per year. The 2020 count did not take place because of COVID-19, and 2013 is not freely published.",,31.9,,15.1,,,,5845.62,,,"iskk-dominicantes-communicantes-diocese-2014-2024|pl-diocese-2004-mixed-osm-gisco-gmina","boundary_basis=osm_relation;confidence=null;counts_based_practice_rate;obligati_denominator;single_count_sunday"
"PL","pl_diocese_2004","diocese","pl_diocese_2004:warmia","warmia","Archidiecezja Warmińska",2019,,"Rates ship without a count base. ISKK dominicantes and communicantes are counts-based percentages over obligati: Catholics obliged to attend Sunday Mass, excluding children under seven, the sick and infirm, the very elderly, and travellers. ISKK counts one October or November Sunday per year. The 2020 count did not take place because of COVID-19, and 2013 is not freely published.",,26.3,,12.4,,,,12056.27,,,"iskk-dominicantes-communicantes-diocese-2014-2024|pl-diocese-2004-mixed-osm-gisco-gmina","boundary_basis=osm_relation;confidence=null;counts_based_practice_rate;obligati_denominator;single_count_sunday"
"PL","pl_diocese_2004","diocese","pl_diocese_2004:warszawa","warszawa","Archidiecezja Warszawska",2019,,"Rates ship without a count base. ISKK dominicantes and communicantes are counts-based percentages over obligati: Catholics obliged to attend Sunday Mass, excluding children under seven, the sick and infirm, the very elderly, and travellers. ISKK counts one October or November Sunday per year. The 2020 count did not take place because of COVID-19, and 2013 is not freely published.",,27,,14,,,,3392.18,,,"iskk-dominicantes-communicantes-diocese-2014-2024|pl-diocese-2004-mixed-osm-gisco-gmina","boundary_basis=osm_relation;confidence=null;counts_based_practice_rate;obligati_denominator;single_count_sunday"
"PL","pl_diocese_2004","diocese","pl_diocese_2004:warszawa_praga","warszawa_praga","Diecezja Warszawsko-Praska",2019,,"Rates ship without a count base. ISKK dominicantes and communicantes are counts-based percentages over obligati: Catholics obliged to attend Sunday Mass, excluding children under seven, the sick and infirm, the very elderly, and travellers. ISKK counts one October or November Sunday per year. The 2020 count did not take place because of COVID-19, and 2013 is not freely published.",,30.5,,14.9,,,,3261.54,,,"iskk-dominicantes-communicantes-diocese-2014-2024|pl-diocese-2004-mixed-osm-gisco-gmina","boundary_basis=osm_relation;confidence=null;counts_based_practice_rate;obligati_denominator;single_count_sunday"
"PL","pl_diocese_2004","diocese","pl_diocese_2004:wloclawek","wloclawek","Diecezja Włocławska",2019,,"Rates ship without a count base. ISKK dominicantes and communicantes are counts-based percentages over obligati: Catholics obliged to attend Sunday Mass, excluding children under seven, the sick and infirm, the very elderly, and travellers. ISKK counts one October or November Sunday per year. The 2020 count did not take place because of COVID-19, and 2013 is not freely published.",,32.9,,14,,,,10736.15,,,"iskk-dominicantes-communicantes-diocese-2014-2024|pl-diocese-2004-mixed-osm-gisco-gmina","boundary_basis=gmina_digitisation;confidence=low;counts_based_practice_rate;obligati_denominator;single_count_sunday"
"PL","pl_diocese_2004","diocese","pl_diocese_2004:wroclaw","wroclaw","Archidiecezja Wrocławska",2019,,"Rates ship without a count base. ISKK dominicantes and communicantes are counts-based percentages over obligati: Catholics obliged to attend Sunday Mass, excluding children under seven, the sick and infirm, the very elderly, and travellers. ISKK counts one October or November Sunday per year. The 2020 count did not take place because of COVID-19, and 2013 is not freely published.",,30.6,,14.7,,,,7534.37,,,"iskk-dominicantes-communicantes-diocese-2014-2024|pl-diocese-2004-mixed-osm-gisco-gmina","boundary_basis=gmina_digitisation;confidence=standard;counts_based_practice_rate;obligati_denominator;single_count_sunday"
"PL","pl_diocese_2004","diocese","pl_diocese_2004:zamosc_lubaczow","zamosc_lubaczow","Diecezja Zamojsko-Lubaczowska",2019,,"Rates ship without a count base. ISKK dominicantes and communicantes are counts-based percentages over obligati: Catholics obliged to attend Sunday Mass, excluding children under seven, the sick and infirm, the very elderly, and travellers. ISKK counts one October or November Sunday per year. The 2020 count did not take place because of COVID-19, and 2013 is not freely published.",,44.4,,22.6,,,,8814.54,,,"iskk-dominicantes-communicantes-diocese-2014-2024|pl-diocese-2004-mixed-osm-gisco-gmina","boundary_basis=gmina_digitisation;confidence=standard;counts_based_practice_rate;obligati_denominator;single_count_sunday"
"PL","pl_diocese_2004","diocese","pl_diocese_2004:zielona_gora_gorzow","zielona_gora_gorzow","Diecezja Zielonogórsko-Gorzowska",2019,,"Rates ship without a count base. ISKK dominicantes and communicantes are counts-based percentages over obligati: Catholics obliged to attend Sunday Mass, excluding children under seven, the sick and infirm, the very elderly, and travellers. ISKK counts one October or November Sunday per year. The 2020 count did not take place because of COVID-19, and 2013 is not freely published.",,26.5,,12.6,,,,17427.64,,,"iskk-dominicantes-communicantes-diocese-2014-2024|pl-diocese-2004-mixed-osm-gisco-gmina","boundary_basis=gmina_digitisation;confidence=low;counts_based_practice_rate;obligati_denominator;single_count_sunday"
"PL","pl_diocese_2004","diocese","pl_diocese_2004:bialystok","bialystok","Archidiecezja Białostocka",2021,,"Rates ship without a count base. ISKK dominicantes and communicantes are counts-based percentages over obligati: Catholics obliged to attend Sunday Mass, excluding children under seven, the sick and infirm, the very elderly, and travellers. ISKK counts one October or November Sunday per year. The 2020 count did not take place because of COVID-19, and 2013 is not freely published.",,37.6,,19.2,,,,9054.45,,,"iskk-dominicantes-communicantes-diocese-2014-2024|pl-diocese-2004-mixed-osm-gisco-gmina","boundary_basis=gmina_digitisation;confidence=low;counts_based_practice_rate;obligati_denominator;single_count_sunday"
"PL","pl_diocese_2004","diocese","pl_diocese_2004:bielsko_zywiec","bielsko_zywiec","Diecezja Bielsko-Żywiecka",2021,,"Rates ship without a count base. ISKK dominicantes and communicantes are counts-based percentages over obligati: Catholics obliged to attend Sunday Mass, excluding children under seven, the sick and infirm, the very elderly, and travellers. ISKK counts one October or November Sunday per year. The 2020 count did not take place because of COVID-19, and 2013 is not freely published.",,36,,15.8,,,,2745.54,,,"iskk-dominicantes-communicantes-diocese-2014-2024|pl-diocese-2004-mixed-osm-gisco-gmina","boundary_basis=osm_relation;confidence=null;counts_based_practice_rate;obligati_denominator;single_count_sunday"
"PL","pl_diocese_2004","diocese","pl_diocese_2004:bydgoszcz","bydgoszcz","Diecezja Bydgoska",2021,,"Rates ship without a count base. ISKK dominicantes and communicantes are counts-based percentages over obligati: Catholics obliged to attend Sunday Mass, excluding children under seven, the sick and infirm, the very elderly, and travellers. ISKK counts one October or November Sunday per year. The 2020 count did not take place because of COVID-19, and 2013 is not freely published.",,23.6,,11.4,,,,6058.22,,,"iskk-dominicantes-communicantes-diocese-2014-2024|pl-diocese-2004-mixed-osm-gisco-gmina","boundary_basis=gmina_digitisation;confidence=low;counts_based_practice_rate;obligati_denominator;single_count_sunday"
"PL","pl_diocese_2004","diocese","pl_diocese_2004:czestochowa","czestochowa","Archidiecezja Częstochowska",2021,,"Rates ship without a count base. ISKK dominicantes and communicantes are counts-based percentages over obligati: Catholics obliged to attend Sunday Mass, excluding children under seven, the sick and infirm, the very elderly, and travellers. ISKK counts one October or November Sunday per year. The 2020 count did not take place because of COVID-19, and 2013 is not freely published.",,24.7,,10.6,,,,6510.21,,,"iskk-dominicantes-communicantes-diocese-2014-2024|pl-diocese-2004-mixed-osm-gisco-gmina","boundary_basis=gmina_digitisation;confidence=standard;counts_based_practice_rate;obligati_denominator;single_count_sunday"
"PL","pl_diocese_2004","diocese","pl_diocese_2004:drohiczyn","drohiczyn","Diecezja Drohiczyńska",2021,,"Rates ship without a count base. ISKK dominicantes and communicantes are counts-based percentages over obligati: Catholics obliged to attend Sunday Mass, excluding children under seven, the sick and infirm, the very elderly, and travellers. ISKK counts one October or November Sunday per year. The 2020 count did not take place because of COVID-19, and 2013 is not freely published.",,41,,18.4,,,,6577.63,,,"iskk-dominicantes-communicantes-diocese-2014-2024|pl-diocese-2004-mixed-osm-gisco-gmina","boundary_basis=osm_relation;confidence=null;counts_based_practice_rate;obligati_denominator;single_count_sunday"
"PL","pl_diocese_2004","diocese","pl_diocese_2004:elblag","elblag","Diecezja Elbląska",2021,,"Rates ship without a count base. ISKK dominicantes and communicantes are counts-based percentages over obligati: Catholics obliged to attend Sunday Mass, excluding children under seven, the sick and infirm, the very elderly, and travellers. ISKK counts one October or November Sunday per year. The 2020 count did not take place because of COVID-19, and 2013 is not freely published.",,19.2,,9.2,,,,9051.55,,,"iskk-dominicantes-communicantes-diocese-2014-2024|pl-diocese-2004-mixed-osm-gisco-gmina","boundary_basis=gmina_digitisation;confidence=standard;counts_based_practice_rate;obligati_denominator;single_count_sunday"
"PL","pl_diocese_2004","diocese","pl_diocese_2004:elk","elk","Diecezja Ełcka",2021,,"Rates ship without a count base. ISKK dominicantes and communicantes are counts-based percentages over obligati: Catholics obliged to attend Sunday Mass, excluding children under seven, the sick and infirm, the very elderly, and travellers. ISKK counts one October or November Sunday per year. The 2020 count did not take place because of COVID-19, and 2013 is not freely published.",,23.7,,12.9,,,,10975.6,,,"iskk-dominicantes-communicantes-diocese-2014-2024|pl-diocese-2004-mixed-osm-gisco-gmina","boundary_basis=osm_relation;confidence=null;counts_based_practice_rate;obligati_denominator;single_count_sunday"
"PL","pl_diocese_2004","diocese","pl_diocese_2004:gdansk","gdansk","Archidiecezja Gdańska",2021,,"Rates ship without a count base. ISKK dominicantes and communicantes are counts-based percentages over obligati: Catholics obliged to attend Sunday Mass, excluding children under seven, the sick and infirm, the very elderly, and travellers. ISKK counts one October or November Sunday per year. The 2020 count did not take place because of COVID-19, and 2013 is not freely published.",,26.1,,13.3,,,,10607.51,,,"iskk-dominicantes-communicantes-diocese-2014-2024|pl-diocese-2004-mixed-osm-gisco-gmina","boundary_basis=gmina_digitisation;confidence=low;counts_based_practice_rate;obligati_denominator;single_count_sunday"
"PL","pl_diocese_2004","diocese","pl_diocese_2004:gliwice","gliwice","Diecezja Gliwicka",2021,,"Rates ship without a count base. ISKK dominicantes and communicantes are counts-based percentages over obligati: Catholics obliged to attend Sunday Mass, excluding children under seven, the sick and infirm, the very elderly, and travellers. ISKK counts one October or November Sunday per year. The 2020 count did not take place because of COVID-19, and 2013 is not freely published.",,26.7,,13.4,,,,2227.92,,,"iskk-dominicantes-communicantes-diocese-2014-2024|pl-diocese-2004-mixed-osm-gisco-gmina","boundary_basis=osm_relation;confidence=null;counts_based_practice_rate;obligati_denominator;single_count_sunday"
"PL","pl_diocese_2004","diocese","pl_diocese_2004:gniezno","gniezno","Archidiecezja Gnieźnieńska",2021,,"Rates ship without a count base. ISKK dominicantes and communicantes are counts-based percentages over obligati: Catholics obliged to attend Sunday Mass, excluding children under seven, the sick and infirm, the very elderly, and travellers. ISKK counts one October or November Sunday per year. The 2020 count did not take place because of COVID-19, and 2013 is not freely published.",,26.3,,11.9,,,,8430.69,,,"iskk-dominicantes-communicantes-diocese-2014-2024|pl-diocese-2004-mixed-osm-gisco-gmina","boundary_basis=gmina_digitisation;confidence=standard;counts_based_practice_rate;obligati_denominator;single_count_sunday"
"PL","pl_diocese_2004","diocese","pl_diocese_2004:kalisz","kalisz","Diecezja Kaliska",2021,,"Rates ship without a count base. ISKK dominicantes and communicantes are counts-based percentages over obligati: Catholics obliged to attend Sunday Mass, excluding children under seven, the sick and infirm, the very elderly, and travellers. ISKK counts one October or November Sunday per year. The 2020 count did not take place because of COVID-19, and 2013 is not freely published.",,31.9,,14.7,,,,8197.2,,,"iskk-dominicantes-communicantes-diocese-2014-2024|pl-diocese-2004-mixed-osm-gisco-gmina","boundary_basis=osm_relation;confidence=null;counts_based_practice_rate;obligati_denominator;single_count_sunday"
"PL","pl_diocese_2004","diocese","pl_diocese_2004:katowice","katowice","Archidiecezja Katowicka",2021,,"Rates ship without a count base. ISKK dominicantes and communicantes are counts-based percentages over obligati: Catholics obliged to attend Sunday Mass, excluding children under seven, the sick and infirm, the very elderly, and travellers. ISKK counts one October or November Sunday per year. The 2020 count did not take place because of COVID-19, and 2013 is not freely published.",,24.4,,13.4,,,,2321.06,,,"iskk-dominicantes-communicantes-diocese-2014-2024|pl-diocese-2004-mixed-osm-gisco-gmina","boundary_basis=osm_relation;confidence=null;counts_based_practice_rate;obligati_denominator;single_count_sunday"
"PL","pl_diocese_2004","diocese","pl_diocese_2004:kielce","kielce","Diecezja Kielecka",2021,,"Rates ship without a count base. ISKK dominicantes and communicantes are counts-based percentages over obligati: Catholics obliged to attend Sunday Mass, excluding children under seven, the sick and infirm, the very elderly, and travellers. ISKK counts one October or November Sunday per year. The 2020 count did not take place because of COVID-19, and 2013 is not freely published.",,32.1,,15.1,,,,8986.23,,,"iskk-dominicantes-communicantes-diocese-2014-2024|pl-diocese-2004-mixed-osm-gisco-gmina","boundary_basis=gmina_digitisation;confidence=standard;counts_based_practice_rate;obligati_denominator;single_count_sunday"
"PL","pl_diocese_2004","diocese","pl_diocese_2004:koszalin_kolobrzeg","koszalin_kolobrzeg","Diecezja Koszalińsko-Kołobrzeska",2021,,"Rates ship without a count base. ISKK dominicantes and communicantes are counts-based percentages over obligati: Catholics obliged to attend Sunday Mass, excluding children under seven, the sick and infirm, the very elderly, and travellers. ISKK counts one October or November Sunday per year. The 2020 count did not take place because of COVID-19, and 2013 is not freely published.",,17.5,,8.2,,,,15003.83,,,"iskk-dominicantes-communicantes-diocese-2014-2024|pl-diocese-2004-mixed-osm-gisco-gmina","boundary_basis=osm_relation;confidence=null;counts_based_practice_rate;obligati_denominator;single_count_sunday"
"PL","pl_diocese_2004","diocese","pl_diocese_2004:krakow","krakow","Archidiecezja Krakowska",2021,,"Rates ship without a count base. ISKK dominicantes and communicantes are counts-based percentages over obligati: Catholics obliged to attend Sunday Mass, excluding children under seven, the sick and infirm, the very elderly, and travellers. ISKK counts one October or November Sunday per year. The 2020 count did not take place because of COVID-19, and 2013 is not freely published.",,38.5,,15.3,,,,5983.5,,,"iskk-dominicantes-communicantes-diocese-2014-2024|pl-diocese-2004-mixed-osm-gisco-gmina","boundary_basis=osm_relation;confidence=null;counts_based_practice_rate;obligati_denominator;single_count_sunday"
"PL","pl_diocese_2004","diocese","pl_diocese_2004:legnica","legnica","Diecezja Legnicka",2021,,"Rates ship without a count base. ISKK dominicantes and communicantes are counts-based percentages over obligati: Catholics obliged to attend Sunday Mass, excluding children under seven, the sick and infirm, the very elderly, and travellers. ISKK counts one October or November Sunday per year. The 2020 count did not take place because of COVID-19, and 2013 is not freely published.",,20.9,,10.1,,,,7124.04,,,"iskk-dominicantes-communicantes-diocese-2014-2024|pl-diocese-2004-mixed-osm-gisco-gmina","boundary_basis=osm_relation;confidence=null;counts_based_practice_rate;obligati_denominator;single_count_sunday"
"PL","pl_diocese_2004","diocese","pl_diocese_2004:lodz","lodz","Archidiecezja Łódzka",2021,,"Rates ship without a count base. ISKK dominicantes and communicantes are counts-based percentages over obligati: Catholics obliged to attend Sunday Mass, excluding children under seven, the sick and infirm, the very elderly, and travellers. ISKK counts one October or November Sunday per year. The 2020 count did not take place because of COVID-19, and 2013 is not freely published.",,17.2,,8.8,,,,5912.61,,,"iskk-dominicantes-communicantes-diocese-2014-2024|pl-diocese-2004-mixed-osm-gisco-gmina","boundary_basis=gmina_digitisation;confidence=standard;counts_based_practice_rate;obligati_denominator;single_count_sunday"
"PL","pl_diocese_2004","diocese","pl_diocese_2004:lomza","lomza","Diecezja Łomżyńska",2021,,"Rates ship without a count base. ISKK dominicantes and communicantes are counts-based percentages over obligati: Catholics obliged to attend Sunday Mass, excluding children under seven, the sick and infirm, the very elderly, and travellers. ISKK counts one October or November Sunday per year. The 2020 count did not take place because of COVID-19, and 2013 is not freely published.",,34.9,,16.3,,,,13668.27,,,"iskk-dominicantes-communicantes-diocese-2014-2024|pl-diocese-2004-mixed-osm-gisco-gmina","boundary_basis=gmina_digitisation;confidence=low;counts_based_practice_rate;obligati_denominator;single_count_sunday"
"PL","pl_diocese_2004","diocese","pl_diocese_2004:lowicz","lowicz","Diecezja Łowicka",2021,,"Rates ship without a count base. ISKK dominicantes and communicantes are counts-based percentages over obligati: Catholics obliged to attend Sunday Mass, excluding children under seven, the sick and infirm, the very elderly, and travellers. ISKK counts one October or November Sunday per year. The 2020 count did not take place because of COVID-19, and 2013 is not freely published.",,22.2,,11.1,,,,6706.04,,,"iskk-dominicantes-communicantes-diocese-2014-2024|pl-diocese-2004-mixed-osm-gisco-gmina","boundary_basis=osm_relation;confidence=null;counts_based_practice_rate;obligati_denominator;single_count_sunday"
"PL","pl_diocese_2004","diocese","pl_diocese_2004:lublin","lublin","Archidiecezja Lubelska",2021,,"Rates ship without a count base. ISKK dominicantes and communicantes are counts-based percentages over obligati: Catholics obliged to attend Sunday Mass, excluding children under seven, the sick and infirm, the very elderly, and travellers. ISKK counts one October or November Sunday per year. The 2020 count did not take place because of COVID-19, and 2013 is not freely published.",,28,,14.9,,,,7280.83,,,"iskk-dominicantes-communicantes-diocese-2014-2024|pl-diocese-2004-mixed-osm-gisco-gmina","boundary_basis=gmina_digitisation;confidence=low;counts_based_practice_rate;obligati_denominator;single_count_sunday"
"PL","pl_diocese_2004","diocese","pl_diocese_2004:opole","opole","Diecezja Opolska",2021,,"Rates ship without a count base. ISKK dominicantes and communicantes are counts-based percentages over obligati: Catholics obliged to attend Sunday Mass, excluding children under seven, the sick and infirm, the very elderly, and travellers. ISKK counts one October or November Sunday per year. The 2020 count did not take place because of COVID-19, and 2013 is not freely published.",,33.4,,16.7,,,,8132.85,,,"iskk-dominicantes-communicantes-diocese-2014-2024|pl-diocese-2004-mixed-osm-gisco-gmina","boundary_basis=osm_relation;confidence=null;counts_based_practice_rate;obligati_denominator;single_count_sunday"
"PL","pl_diocese_2004","diocese","pl_diocese_2004:pelplin","pelplin","Diecezja Pelplińska",2021,,"Rates ship without a count base. ISKK dominicantes and communicantes are counts-based percentages over obligati: Catholics obliged to attend Sunday Mass, excluding children under seven, the sick and infirm, the very elderly, and travellers. ISKK counts one October or November Sunday per year. The 2020 count did not take place because of COVID-19, and 2013 is not freely published.",,36.1,,16.8,,,,1466.98,,,"iskk-dominicantes-communicantes-diocese-2014-2024|pl-diocese-2004-mixed-osm-gisco-gmina","boundary_basis=osm_relation;confidence=null;counts_based_practice_rate;obligati_denominator;single_count_sunday"
"PL","pl_diocese_2004","diocese","pl_diocese_2004:plock","plock","Diecezja Płocka",2021,,"Rates ship without a count base. ISKK dominicantes and communicantes are counts-based percentages over obligati: Catholics obliged to attend Sunday Mass, excluding children under seven, the sick and infirm, the very elderly, and travellers. ISKK counts one October or November Sunday per year. The 2020 count did not take place because of COVID-19, and 2013 is not freely published.",,24,,10.1,,,,2272.39,,,"iskk-dominicantes-communicantes-diocese-2014-2024|pl-diocese-2004-mixed-osm-gisco-gmina","boundary_basis=osm_relation;confidence=null;counts_based_practice_rate;obligati_denominator;single_count_sunday"
"PL","pl_diocese_2004","diocese","pl_diocese_2004:poznan","poznan","Archidiecezja Poznańska",2021,,"Rates ship without a count base. ISKK dominicantes and communicantes are counts-based percentages over obligati: Catholics obliged to attend Sunday Mass, excluding children under seven, the sick and infirm, the very elderly, and travellers. ISKK counts one October or November Sunday per year. The 2020 count did not take place because of COVID-19, and 2013 is not freely published.",,26.2,,13.2,,,,11617.16,,,"iskk-dominicantes-communicantes-diocese-2014-2024|pl-diocese-2004-mixed-osm-gisco-gmina","boundary_basis=osm_relation;confidence=null;counts_based_practice_rate;obligati_denominator;single_count_sunday"
"PL","pl_diocese_2004","diocese","pl_diocese_2004:przemysl","przemysl","Archidiecezja Przemyska",2021,,"Rates ship without a count base. ISKK dominicantes and communicantes are counts-based percentages over obligati: Catholics obliged to attend Sunday Mass, excluding children under seven, the sick and infirm, the very elderly, and travellers. ISKK counts one October or November Sunday per year. The 2020 count did not take place because of COVID-19, and 2013 is not freely published.",,46.9,,14.5,,,,8897.02,,,"iskk-dominicantes-communicantes-diocese-2014-2024|pl-diocese-2004-mixed-osm-gisco-gmina","boundary_basis=osm_relation;confidence=null;counts_based_practice_rate;obligati_denominator;single_count_sunday"
"PL","pl_diocese_2004","diocese","pl_diocese_2004:radom","radom","Diecezja Radomska",2021,,"Rates ship without a count base. ISKK dominicantes and communicantes are counts-based percentages over obligati: Catholics obliged to attend Sunday Mass, excluding children under seven, the sick and infirm, the very elderly, and travellers. ISKK counts one October or November Sunday per year. The 2020 count did not take place because of COVID-19, and 2013 is not freely published.",,31.7,,14.2,,,,9647.46,,,"iskk-dominicantes-communicantes-diocese-2014-2024|pl-diocese-2004-mixed-osm-gisco-gmina","boundary_basis=osm_relation;confidence=null;counts_based_practice_rate;obligati_denominator;single_count_sunday"
"PL","pl_diocese_2004","diocese","pl_diocese_2004:rzeszow","rzeszow","Diecezja Rzeszowska",2021,,"Rates ship without a count base. ISKK dominicantes and communicantes are counts-based percentages over obligati: Catholics obliged to attend Sunday Mass, excluding children under seven, the sick and infirm, the very elderly, and travellers. ISKK counts one October or November Sunday per year. The 2020 count did not take place because of COVID-19, and 2013 is not freely published.",,49.7,,15.1,,,,3909.94,,,"iskk-dominicantes-communicantes-diocese-2014-2024|pl-diocese-2004-mixed-osm-gisco-gmina","boundary_basis=osm_relation;confidence=null;counts_based_practice_rate;obligati_denominator;single_count_sunday"
"PL","pl_diocese_2004","diocese","pl_diocese_2004:sandomierz","sandomierz","Diecezja Sandomierska",2021,,"Rates ship without a count base. ISKK dominicantes and communicantes are counts-based percentages over obligati: Catholics obliged to attend Sunday Mass, excluding children under seven, the sick and infirm, the very elderly, and travellers. ISKK counts one October or November Sunday per year. The 2020 count did not take place because of COVID-19, and 2013 is not freely published.",,32,,13.1,,,,7143.67,,,"iskk-dominicantes-communicantes-diocese-2014-2024|pl-diocese-2004-mixed-osm-gisco-gmina","boundary_basis=gmina_digitisation;confidence=standard;counts_based_practice_rate;obligati_denominator;single_count_sunday"
"PL","pl_diocese_2004","diocese","pl_diocese_2004:siedlce","siedlce","Diecezja Siedlecka",2021,,"Rates ship without a count base. ISKK dominicantes and communicantes are counts-based percentages over obligati: Catholics obliged to attend Sunday Mass, excluding children under seven, the sick and infirm, the very elderly, and travellers. ISKK counts one October or November Sunday per year. The 2020 count did not take place because of COVID-19, and 2013 is not freely published.",,37.9,,17.3,,,,12975.69,,,"iskk-dominicantes-communicantes-diocese-2014-2024|pl-diocese-2004-mixed-osm-gisco-gmina","boundary_basis=osm_relation;confidence=null;counts_based_practice_rate;obligati_denominator;single_count_sunday"
"PL","pl_diocese_2004","diocese","pl_diocese_2004:sosnowiec","sosnowiec","Diecezja Sosnowiecka",2021,,"Rates ship without a count base. ISKK dominicantes and communicantes are counts-based percentages over obligati: Catholics obliged to attend Sunday Mass, excluding children under seven, the sick and infirm, the very elderly, and travellers. ISKK counts one October or November Sunday per year. The 2020 count did not take place because of COVID-19, and 2013 is not freely published.",,18,,7.7,,,,1833.06,,,"iskk-dominicantes-communicantes-diocese-2014-2024|pl-diocese-2004-mixed-osm-gisco-gmina","boundary_basis=gmina_digitisation;confidence=standard;counts_based_practice_rate;obligati_denominator;single_count_sunday"
"PL","pl_diocese_2004","diocese","pl_diocese_2004:swidnica","swidnica","Diecezja Świdnicka",2021,,"Rates ship without a count base. ISKK dominicantes and communicantes are counts-based percentages over obligati: Catholics obliged to attend Sunday Mass, excluding children under seven, the sick and infirm, the very elderly, and travellers. ISKK counts one October or November Sunday per year. The 2020 count did not take place because of COVID-19, and 2013 is not freely published.",,20.6,,9.8,,,,4586.56,,,"iskk-dominicantes-communicantes-diocese-2014-2024|pl-diocese-2004-mixed-osm-gisco-gmina","boundary_basis=gmina_digitisation;confidence=standard;counts_based_practice_rate;obligati_denominator;single_count_sunday"
"PL","pl_diocese_2004","diocese","pl_diocese_2004:szczecin_kamien","szczecin_kamien","Archidiecezja Szczecińsko-Kamieńska",2021,,"Rates ship without a count base. ISKK dominicantes and communicantes are counts-based percentages over obligati: Catholics obliged to attend Sunday Mass, excluding children under seven, the sick and infirm, the very elderly, and travellers. ISKK counts one October or November Sunday per year. The 2020 count did not take place because of COVID-19, and 2013 is not freely published.",,16.9,,8.1,,,,10258.62,,,"iskk-dominicantes-communicantes-diocese-2014-2024|pl-diocese-2004-mixed-osm-gisco-gmina","boundary_basis=osm_relation;confidence=null;counts_based_practice_rate;obligati_denominator;single_count_sunday"
"PL","pl_diocese_2004","diocese","pl_diocese_2004:tarnow","tarnow","Diecezja Tarnowska",2021,,"Rates ship without a count base. ISKK dominicantes and communicantes are counts-based percentages over obligati: Catholics obliged to attend Sunday Mass, excluding children under seven, the sick and infirm, the very elderly, and travellers. ISKK counts one October or November Sunday per year. The 2020 count did not take place because of COVID-19, and 2013 is not freely published.",,59.1,,21.9,,,,6966.25,,,"iskk-dominicantes-communicantes-diocese-2014-2024|pl-diocese-2004-mixed-osm-gisco-gmina","boundary_basis=osm_relation;confidence=null;counts_based_practice_rate;obligati_denominator;single_count_sunday"
"PL","pl_diocese_2004","diocese","pl_diocese_2004:torun","torun","Diecezja Toruńska",2021,,"Rates ship without a count base. ISKK dominicantes and communicantes are counts-based percentages over obligati: Catholics obliged to attend Sunday Mass, excluding children under seven, the sick and infirm, the very elderly, and travellers. ISKK counts one October or November Sunday per year. The 2020 count did not take place because of COVID-19, and 2013 is not freely published.",,24.6,,12,,,,5845.62,,,"iskk-dominicantes-communicantes-diocese-2014-2024|pl-diocese-2004-mixed-osm-gisco-gmina","boundary_basis=osm_relation;confidence=null;counts_based_practice_rate;obligati_denominator;single_count_sunday"
"PL","pl_diocese_2004","diocese","pl_diocese_2004:warmia","warmia","Archidiecezja Warmińska",2021,,"Rates ship without a count base. ISKK dominicantes and communicantes are counts-based percentages over obligati: Catholics obliged to attend Sunday Mass, excluding children under seven, the sick and infirm, the very elderly, and travellers. ISKK counts one October or November Sunday per year. The 2020 count did not take place because of COVID-19, and 2013 is not freely published.",,20.3,,9.9,,,,12056.27,,,"iskk-dominicantes-communicantes-diocese-2014-2024|pl-diocese-2004-mixed-osm-gisco-gmina","boundary_basis=osm_relation;confidence=null;counts_based_practice_rate;obligati_denominator;single_count_sunday"
"PL","pl_diocese_2004","diocese","pl_diocese_2004:warszawa","warszawa","Archidiecezja Warszawska",2021,,"Rates ship without a count base. ISKK dominicantes and communicantes are counts-based percentages over obligati: Catholics obliged to attend Sunday Mass, excluding children under seven, the sick and infirm, the very elderly, and travellers. ISKK counts one October or November Sunday per year. The 2020 count did not take place because of COVID-19, and 2013 is not freely published.",,19.3,,10.3,,,,3392.18,,,"iskk-dominicantes-communicantes-diocese-2014-2024|pl-diocese-2004-mixed-osm-gisco-gmina","boundary_basis=osm_relation;confidence=null;counts_based_practice_rate;obligati_denominator;single_count_sunday"
"PL","pl_diocese_2004","diocese","pl_diocese_2004:warszawa_praga","warszawa_praga","Diecezja Warszawsko-Praska",2021,,"Rates ship without a count base. ISKK dominicantes and communicantes are counts-based percentages over obligati: Catholics obliged to attend Sunday Mass, excluding children under seven, the sick and infirm, the very elderly, and travellers. ISKK counts one October or November Sunday per year. The 2020 count did not take place because of COVID-19, and 2013 is not freely published.",,22.2,,11.2,,,,3261.54,,,"iskk-dominicantes-communicantes-diocese-2014-2024|pl-diocese-2004-mixed-osm-gisco-gmina","boundary_basis=osm_relation;confidence=null;counts_based_practice_rate;obligati_denominator;single_count_sunday"
"PL","pl_diocese_2004","diocese","pl_diocese_2004:wloclawek","wloclawek","Diecezja Włocławska",2021,,"Rates ship without a count base. ISKK dominicantes and communicantes are counts-based percentages over obligati: Catholics obliged to attend Sunday Mass, excluding children under seven, the sick and infirm, the very elderly, and travellers. ISKK counts one October or November Sunday per year. The 2020 count did not take place because of COVID-19, and 2013 is not freely published.",,24.6,,10.7,,,,10736.15,,,"iskk-dominicantes-communicantes-diocese-2014-2024|pl-diocese-2004-mixed-osm-gisco-gmina","boundary_basis=gmina_digitisation;confidence=low;counts_based_practice_rate;obligati_denominator;single_count_sunday"
"PL","pl_diocese_2004","diocese","pl_diocese_2004:wroclaw","wroclaw","Archidiecezja Wrocławska",2021,,"Rates ship without a count base. ISKK dominicantes and communicantes are counts-based percentages over obligati: Catholics obliged to attend Sunday Mass, excluding children under seven, the sick and infirm, the very elderly, and travellers. ISKK counts one October or November Sunday per year. The 2020 count did not take place because of COVID-19, and 2013 is not freely published.",,22.5,,11,,,,7534.37,,,"iskk-dominicantes-communicantes-diocese-2014-2024|pl-diocese-2004-mixed-osm-gisco-gmina","boundary_basis=gmina_digitisation;confidence=standard;counts_based_practice_rate;obligati_denominator;single_count_sunday"
"PL","pl_diocese_2004","diocese","pl_diocese_2004:zamosc_lubaczow","zamosc_lubaczow","Diecezja Zamojsko-Lubaczowska",2021,,"Rates ship without a count base. ISKK dominicantes and communicantes are counts-based percentages over obligati: Catholics obliged to attend Sunday Mass, excluding children under seven, the sick and infirm, the very elderly, and travellers. ISKK counts one October or November Sunday per year. The 2020 count did not take place because of COVID-19, and 2013 is not freely published.",,35.4,,17.9,,,,8814.54,,,"iskk-dominicantes-communicantes-diocese-2014-2024|pl-diocese-2004-mixed-osm-gisco-gmina","boundary_basis=gmina_digitisation;confidence=standard;counts_based_practice_rate;obligati_denominator;single_count_sunday"
"PL","pl_diocese_2004","diocese","pl_diocese_2004:zielona_gora_gorzow","zielona_gora_gorzow","Diecezja Zielonogórsko-Gorzowska",2021,,"Rates ship without a count base. ISKK dominicantes and communicantes are counts-based percentages over obligati: Catholics obliged to attend Sunday Mass, excluding children under seven, the sick and infirm, the very elderly, and travellers. ISKK counts one October or November Sunday per year. The 2020 count did not take place because of COVID-19, and 2013 is not freely published.",,18.2,,8.6,,,,17427.64,,,"iskk-dominicantes-communicantes-diocese-2014-2024|pl-diocese-2004-mixed-osm-gisco-gmina","boundary_basis=gmina_digitisation;confidence=low;counts_based_practice_rate;obligati_denominator;single_count_sunday"
"PL","pl_diocese_2004","diocese","pl_diocese_2004:bialystok","bialystok","Archidiecezja Białostocka",2022,,"Rates ship without a count base. ISKK dominicantes and communicantes are counts-based percentages over obligati: Catholics obliged to attend Sunday Mass, excluding children under seven, the sick and infirm, the very elderly, and travellers. ISKK counts one October or November Sunday per year. The 2020 count did not take place because of COVID-19, and 2013 is not freely published.",,38.4,,20.5,,,,9054.45,,,"iskk-dominicantes-communicantes-diocese-2014-2024|pl-diocese-2004-mixed-osm-gisco-gmina","boundary_basis=gmina_digitisation;confidence=low;counts_based_practice_rate;obligati_denominator;single_count_sunday"
"PL","pl_diocese_2004","diocese","pl_diocese_2004:bielsko_zywiec","bielsko_zywiec","Diecezja Bielsko-Żywiecka",2022,,"Rates ship without a count base. ISKK dominicantes and communicantes are counts-based percentages over obligati: Catholics obliged to attend Sunday Mass, excluding children under seven, the sick and infirm, the very elderly, and travellers. ISKK counts one October or November Sunday per year. The 2020 count did not take place because of COVID-19, and 2013 is not freely published.",,38.4,,17.4,,,,2745.54,,,"iskk-dominicantes-communicantes-diocese-2014-2024|pl-diocese-2004-mixed-osm-gisco-gmina","boundary_basis=osm_relation;confidence=null;counts_based_practice_rate;obligati_denominator;single_count_sunday"
"PL","pl_diocese_2004","diocese","pl_diocese_2004:bydgoszcz","bydgoszcz","Diecezja Bydgoska",2022,,"Rates ship without a count base. ISKK dominicantes and communicantes are counts-based percentages over obligati: Catholics obliged to attend Sunday Mass, excluding children under seven, the sick and infirm, the very elderly, and travellers. ISKK counts one October or November Sunday per year. The 2020 count did not take place because of COVID-19, and 2013 is not freely published.",,24.2,,12.1,,,,6058.22,,,"iskk-dominicantes-communicantes-diocese-2014-2024|pl-diocese-2004-mixed-osm-gisco-gmina","boundary_basis=gmina_digitisation;confidence=low;counts_based_practice_rate;obligati_denominator;single_count_sunday"
"PL","pl_diocese_2004","diocese","pl_diocese_2004:czestochowa","czestochowa","Archidiecezja Częstochowska",2022,,"Rates ship without a count base. ISKK dominicantes and communicantes are counts-based percentages over obligati: Catholics obliged to attend Sunday Mass, excluding children under seven, the sick and infirm, the very elderly, and travellers. ISKK counts one October or November Sunday per year. The 2020 count did not take place because of COVID-19, and 2013 is not freely published.",,25.6,,11.7,,,,6510.21,,,"iskk-dominicantes-communicantes-diocese-2014-2024|pl-diocese-2004-mixed-osm-gisco-gmina","boundary_basis=gmina_digitisation;confidence=standard;counts_based_practice_rate;obligati_denominator;single_count_sunday"
"PL","pl_diocese_2004","diocese","pl_diocese_2004:drohiczyn","drohiczyn","Diecezja Drohiczyńska",2022,,"Rates ship without a count base. ISKK dominicantes and communicantes are counts-based percentages over obligati: Catholics obliged to attend Sunday Mass, excluding children under seven, the sick and infirm, the very elderly, and travellers. ISKK counts one October or November Sunday per year. The 2020 count did not take place because of COVID-19, and 2013 is not freely published.",,40.3,,19.3,,,,6577.63,,,"iskk-dominicantes-communicantes-diocese-2014-2024|pl-diocese-2004-mixed-osm-gisco-gmina","boundary_basis=osm_relation;confidence=null;counts_based_practice_rate;obligati_denominator;single_count_sunday"
"PL","pl_diocese_2004","diocese","pl_diocese_2004:elblag","elblag","Diecezja Elbląska",2022,,"Rates ship without a count base. ISKK dominicantes and communicantes are counts-based percentages over obligati: Catholics obliged to attend Sunday Mass, excluding children under seven, the sick and infirm, the very elderly, and travellers. ISKK counts one October or November Sunday per year. The 2020 count did not take place because of COVID-19, and 2013 is not freely published.",,20.8,,9.9,,,,9051.55,,,"iskk-dominicantes-communicantes-diocese-2014-2024|pl-diocese-2004-mixed-osm-gisco-gmina","boundary_basis=gmina_digitisation;confidence=standard;counts_based_practice_rate;obligati_denominator;single_count_sunday"
"PL","pl_diocese_2004","diocese","pl_diocese_2004:elk","elk","Diecezja Ełcka",2022,,"Rates ship without a count base. ISKK dominicantes and communicantes are counts-based percentages over obligati: Catholics obliged to attend Sunday Mass, excluding children under seven, the sick and infirm, the very elderly, and travellers. ISKK counts one October or November Sunday per year. The 2020 count did not take place because of COVID-19, and 2013 is not freely published.",,25.2,,13.8,,,,10975.6,,,"iskk-dominicantes-communicantes-diocese-2014-2024|pl-diocese-2004-mixed-osm-gisco-gmina","boundary_basis=osm_relation;confidence=null;counts_based_practice_rate;obligati_denominator;single_count_sunday"
"PL","pl_diocese_2004","diocese","pl_diocese_2004:gdansk","gdansk","Archidiecezja Gdańska",2022,,"Rates ship without a count base. ISKK dominicantes and communicantes are counts-based percentages over obligati: Catholics obliged to attend Sunday Mass, excluding children under seven, the sick and infirm, the very elderly, and travellers. ISKK counts one October or November Sunday per year. The 2020 count did not take place because of COVID-19, and 2013 is not freely published.",,25.7,,13.1,,,,10607.51,,,"iskk-dominicantes-communicantes-diocese-2014-2024|pl-diocese-2004-mixed-osm-gisco-gmina","boundary_basis=gmina_digitisation;confidence=low;counts_based_practice_rate;obligati_denominator;single_count_sunday"
"PL","pl_diocese_2004","diocese","pl_diocese_2004:gliwice","gliwice","Diecezja Gliwicka",2022,,"Rates ship without a count base. ISKK dominicantes and communicantes are counts-based percentages over obligati: Catholics obliged to attend Sunday Mass, excluding children under seven, the sick and infirm, the very elderly, and travellers. ISKK counts one October or November Sunday per year. The 2020 count did not take place because of COVID-19, and 2013 is not freely published.",,27.6,,13.7,,,,2227.92,,,"iskk-dominicantes-communicantes-diocese-2014-2024|pl-diocese-2004-mixed-osm-gisco-gmina","boundary_basis=osm_relation;confidence=null;counts_based_practice_rate;obligati_denominator;single_count_sunday"
"PL","pl_diocese_2004","diocese","pl_diocese_2004:gniezno","gniezno","Archidiecezja Gnieźnieńska",2022,,"Rates ship without a count base. ISKK dominicantes and communicantes are counts-based percentages over obligati: Catholics obliged to attend Sunday Mass, excluding children under seven, the sick and infirm, the very elderly, and travellers. ISKK counts one October or November Sunday per year. The 2020 count did not take place because of COVID-19, and 2013 is not freely published.",,28.1,,13.4,,,,8430.69,,,"iskk-dominicantes-communicantes-diocese-2014-2024|pl-diocese-2004-mixed-osm-gisco-gmina","boundary_basis=gmina_digitisation;confidence=standard;counts_based_practice_rate;obligati_denominator;single_count_sunday"
"PL","pl_diocese_2004","diocese","pl_diocese_2004:kalisz","kalisz","Diecezja Kaliska",2022,,"Rates ship without a count base. ISKK dominicantes and communicantes are counts-based percentages over obligati: Catholics obliged to attend Sunday Mass, excluding children under seven, the sick and infirm, the very elderly, and travellers. ISKK counts one October or November Sunday per year. The 2020 count did not take place because of COVID-19, and 2013 is not freely published.",,32.6,,15.6,,,,8197.2,,,"iskk-dominicantes-communicantes-diocese-2014-2024|pl-diocese-2004-mixed-osm-gisco-gmina","boundary_basis=osm_relation;confidence=null;counts_based_practice_rate;obligati_denominator;single_count_sunday"
"PL","pl_diocese_2004","diocese","pl_diocese_2004:katowice","katowice","Archidiecezja Katowicka",2022,,"Rates ship without a count base. ISKK dominicantes and communicantes are counts-based percentages over obligati: Catholics obliged to attend Sunday Mass, excluding children under seven, the sick and infirm, the very elderly, and travellers. ISKK counts one October or November Sunday per year. The 2020 count did not take place because of COVID-19, and 2013 is not freely published.",,26.8,,14.5,,,,2321.06,,,"iskk-dominicantes-communicantes-diocese-2014-2024|pl-diocese-2004-mixed-osm-gisco-gmina","boundary_basis=osm_relation;confidence=null;counts_based_practice_rate;obligati_denominator;single_count_sunday"
"PL","pl_diocese_2004","diocese","pl_diocese_2004:kielce","kielce","Diecezja Kielecka",2022,,"Rates ship without a count base. ISKK dominicantes and communicantes are counts-based percentages over obligati: Catholics obliged to attend Sunday Mass, excluding children under seven, the sick and infirm, the very elderly, and travellers. ISKK counts one October or November Sunday per year. The 2020 count did not take place because of COVID-19, and 2013 is not freely published.",,32.1,,16,,,,8986.23,,,"iskk-dominicantes-communicantes-diocese-2014-2024|pl-diocese-2004-mixed-osm-gisco-gmina","boundary_basis=gmina_digitisation;confidence=standard;counts_based_practice_rate;obligati_denominator;single_count_sunday"
"PL","pl_diocese_2004","diocese","pl_diocese_2004:koszalin_kolobrzeg","koszalin_kolobrzeg","Diecezja Koszalińsko-Kołobrzeska",2022,,"Rates ship without a count base. ISKK dominicantes and communicantes are counts-based percentages over obligati: Catholics obliged to attend Sunday Mass, excluding children under seven, the sick and infirm, the very elderly, and travellers. ISKK counts one October or November Sunday per year. The 2020 count did not take place because of COVID-19, and 2013 is not freely published.",,18.3,,8.8,,,,15003.83,,,"iskk-dominicantes-communicantes-diocese-2014-2024|pl-diocese-2004-mixed-osm-gisco-gmina","boundary_basis=osm_relation;confidence=null;counts_based_practice_rate;obligati_denominator;single_count_sunday"
"PL","pl_diocese_2004","diocese","pl_diocese_2004:krakow","krakow","Archidiecezja Krakowska",2022,,"Rates ship without a count base. ISKK dominicantes and communicantes are counts-based percentages over obligati: Catholics obliged to attend Sunday Mass, excluding children under seven, the sick and infirm, the very elderly, and travellers. ISKK counts one October or November Sunday per year. The 2020 count did not take place because of COVID-19, and 2013 is not freely published.",,39.8,,16.4,,,,5983.5,,,"iskk-dominicantes-communicantes-diocese-2014-2024|pl-diocese-2004-mixed-osm-gisco-gmina","boundary_basis=osm_relation;confidence=null;counts_based_practice_rate;obligati_denominator;single_count_sunday"
"PL","pl_diocese_2004","diocese","pl_diocese_2004:legnica","legnica","Diecezja Legnicka",2022,,"Rates ship without a count base. ISKK dominicantes and communicantes are counts-based percentages over obligati: Catholics obliged to attend Sunday Mass, excluding children under seven, the sick and infirm, the very elderly, and travellers. ISKK counts one October or November Sunday per year. The 2020 count did not take place because of COVID-19, and 2013 is not freely published.",,20.4,,9.8,,,,7124.04,,,"iskk-dominicantes-communicantes-diocese-2014-2024|pl-diocese-2004-mixed-osm-gisco-gmina","boundary_basis=osm_relation;confidence=null;counts_based_practice_rate;obligati_denominator;single_count_sunday"
"PL","pl_diocese_2004","diocese","pl_diocese_2004:lodz","lodz","Archidiecezja Łódzka",2022,,"Rates ship without a count base. ISKK dominicantes and communicantes are counts-based percentages over obligati: Catholics obliged to attend Sunday Mass, excluding children under seven, the sick and infirm, the very elderly, and travellers. ISKK counts one October or November Sunday per year. The 2020 count did not take place because of COVID-19, and 2013 is not freely published.",,17.8,,9.1,,,,5912.61,,,"iskk-dominicantes-communicantes-diocese-2014-2024|pl-diocese-2004-mixed-osm-gisco-gmina","boundary_basis=gmina_digitisation;confidence=standard;counts_based_practice_rate;obligati_denominator;single_count_sunday"
"PL","pl_diocese_2004","diocese","pl_diocese_2004:lomza","lomza","Diecezja Łomżyńska",2022,,"Rates ship without a count base. ISKK dominicantes and communicantes are counts-based percentages over obligati: Catholics obliged to attend Sunday Mass, excluding children under seven, the sick and infirm, the very elderly, and travellers. ISKK counts one October or November Sunday per year. The 2020 count did not take place because of COVID-19, and 2013 is not freely published.",,36.5,,17.6,,,,13668.27,,,"iskk-dominicantes-communicantes-diocese-2014-2024|pl-diocese-2004-mixed-osm-gisco-gmina","boundary_basis=gmina_digitisation;confidence=low;counts_based_practice_rate;obligati_denominator;single_count_sunday"
"PL","pl_diocese_2004","diocese","pl_diocese_2004:lowicz","lowicz","Diecezja Łowicka",2022,,"Rates ship without a count base. ISKK dominicantes and communicantes are counts-based percentages over obligati: Catholics obliged to attend Sunday Mass, excluding children under seven, the sick and infirm, the very elderly, and travellers. ISKK counts one October or November Sunday per year. The 2020 count did not take place because of COVID-19, and 2013 is not freely published.",,23.6,,11.8,,,,6706.04,,,"iskk-dominicantes-communicantes-diocese-2014-2024|pl-diocese-2004-mixed-osm-gisco-gmina","boundary_basis=osm_relation;confidence=null;counts_based_practice_rate;obligati_denominator;single_count_sunday"
"PL","pl_diocese_2004","diocese","pl_diocese_2004:lublin","lublin","Archidiecezja Lubelska",2022,,"Rates ship without a count base. ISKK dominicantes and communicantes are counts-based percentages over obligati: Catholics obliged to attend Sunday Mass, excluding children under seven, the sick and infirm, the very elderly, and travellers. ISKK counts one October or November Sunday per year. The 2020 count did not take place because of COVID-19, and 2013 is not freely published.",,30,,16.5,,,,7280.83,,,"iskk-dominicantes-communicantes-diocese-2014-2024|pl-diocese-2004-mixed-osm-gisco-gmina","boundary_basis=gmina_digitisation;confidence=low;counts_based_practice_rate;obligati_denominator;single_count_sunday"
"PL","pl_diocese_2004","diocese","pl_diocese_2004:opole","opole","Diecezja Opolska",2022,,"Rates ship without a count base. ISKK dominicantes and communicantes are counts-based percentages over obligati: Catholics obliged to attend Sunday Mass, excluding children under seven, the sick and infirm, the very elderly, and travellers. ISKK counts one October or November Sunday per year. The 2020 count did not take place because of COVID-19, and 2013 is not freely published.",,34.2,,17.5,,,,8132.85,,,"iskk-dominicantes-communicantes-diocese-2014-2024|pl-diocese-2004-mixed-osm-gisco-gmina","boundary_basis=osm_relation;confidence=null;counts_based_practice_rate;obligati_denominator;single_count_sunday"
"PL","pl_diocese_2004","diocese","pl_diocese_2004:pelplin","pelplin","Diecezja Pelplińska",2022,,"Rates ship without a count base. ISKK dominicantes and communicantes are counts-based percentages over obligati: Catholics obliged to attend Sunday Mass, excluding children under seven, the sick and infirm, the very elderly, and travellers. ISKK counts one October or November Sunday per year. The 2020 count did not take place because of COVID-19, and 2013 is not freely published.",,38.4,,18.6,,,,1466.98,,,"iskk-dominicantes-communicantes-diocese-2014-2024|pl-diocese-2004-mixed-osm-gisco-gmina","boundary_basis=osm_relation;confidence=null;counts_based_practice_rate;obligati_denominator;single_count_sunday"
"PL","pl_diocese_2004","diocese","pl_diocese_2004:plock","plock","Diecezja Płocka",2022,,"Rates ship without a count base. ISKK dominicantes and communicantes are counts-based percentages over obligati: Catholics obliged to attend Sunday Mass, excluding children under seven, the sick and infirm, the very elderly, and travellers. ISKK counts one October or November Sunday per year. The 2020 count did not take place because of COVID-19, and 2013 is not freely published.",,25.2,,10.6,,,,2272.39,,,"iskk-dominicantes-communicantes-diocese-2014-2024|pl-diocese-2004-mixed-osm-gisco-gmina","boundary_basis=osm_relation;confidence=null;counts_based_practice_rate;obligati_denominator;single_count_sunday"
"PL","pl_diocese_2004","diocese","pl_diocese_2004:poznan","poznan","Archidiecezja Poznańska",2022,,"Rates ship without a count base. ISKK dominicantes and communicantes are counts-based percentages over obligati: Catholics obliged to attend Sunday Mass, excluding children under seven, the sick and infirm, the very elderly, and travellers. ISKK counts one October or November Sunday per year. The 2020 count did not take place because of COVID-19, and 2013 is not freely published.",,27.2,,13.5,,,,11617.16,,,"iskk-dominicantes-communicantes-diocese-2014-2024|pl-diocese-2004-mixed-osm-gisco-gmina","boundary_basis=osm_relation;confidence=null;counts_based_practice_rate;obligati_denominator;single_count_sunday"
"PL","pl_diocese_2004","diocese","pl_diocese_2004:przemysl","przemysl","Archidiecezja Przemyska",2022,,"Rates ship without a count base. ISKK dominicantes and communicantes are counts-based percentages over obligati: Catholics obliged to attend Sunday Mass, excluding children under seven, the sick and infirm, the very elderly, and travellers. ISKK counts one October or November Sunday per year. The 2020 count did not take place because of COVID-19, and 2013 is not freely published.",,48,,17.5,,,,8897.02,,,"iskk-dominicantes-communicantes-diocese-2014-2024|pl-diocese-2004-mixed-osm-gisco-gmina","boundary_basis=osm_relation;confidence=null;counts_based_practice_rate;obligati_denominator;single_count_sunday"
"PL","pl_diocese_2004","diocese","pl_diocese_2004:radom","radom","Diecezja Radomska",2022,,"Rates ship without a count base. ISKK dominicantes and communicantes are counts-based percentages over obligati: Catholics obliged to attend Sunday Mass, excluding children under seven, the sick and infirm, the very elderly, and travellers. ISKK counts one October or November Sunday per year. The 2020 count did not take place because of COVID-19, and 2013 is not freely published.",,38.2,,15.1,,,,9647.46,,,"iskk-dominicantes-communicantes-diocese-2014-2024|pl-diocese-2004-mixed-osm-gisco-gmina","boundary_basis=osm_relation;confidence=null;counts_based_practice_rate;obligati_denominator;single_count_sunday"
"PL","pl_diocese_2004","diocese","pl_diocese_2004:rzeszow","rzeszow","Diecezja Rzeszowska",2022,,"Rates ship without a count base. ISKK dominicantes and communicantes are counts-based percentages over obligati: Catholics obliged to attend Sunday Mass, excluding children under seven, the sick and infirm, the very elderly, and travellers. ISKK counts one October or November Sunday per year. The 2020 count did not take place because of COVID-19, and 2013 is not freely published.",,51.9,,17.8,,,,3909.94,,,"iskk-dominicantes-communicantes-diocese-2014-2024|pl-diocese-2004-mixed-osm-gisco-gmina","boundary_basis=osm_relation;confidence=null;counts_based_practice_rate;obligati_denominator;single_count_sunday"
"PL","pl_diocese_2004","diocese","pl_diocese_2004:sandomierz","sandomierz","Diecezja Sandomierska",2022,,"Rates ship without a count base. ISKK dominicantes and communicantes are counts-based percentages over obligati: Catholics obliged to attend Sunday Mass, excluding children under seven, the sick and infirm, the very elderly, and travellers. ISKK counts one October or November Sunday per year. The 2020 count did not take place because of COVID-19, and 2013 is not freely published.",,31.9,,13.6,,,,7143.67,,,"iskk-dominicantes-communicantes-diocese-2014-2024|pl-diocese-2004-mixed-osm-gisco-gmina","boundary_basis=gmina_digitisation;confidence=standard;counts_based_practice_rate;obligati_denominator;single_count_sunday"
"PL","pl_diocese_2004","diocese","pl_diocese_2004:siedlce","siedlce","Diecezja Siedlecka",2022,,"Rates ship without a count base. ISKK dominicantes and communicantes are counts-based percentages over obligati: Catholics obliged to attend Sunday Mass, excluding children under seven, the sick and infirm, the very elderly, and travellers. ISKK counts one October or November Sunday per year. The 2020 count did not take place because of COVID-19, and 2013 is not freely published.",,38.6,,18.8,,,,12975.69,,,"iskk-dominicantes-communicantes-diocese-2014-2024|pl-diocese-2004-mixed-osm-gisco-gmina","boundary_basis=osm_relation;confidence=null;counts_based_practice_rate;obligati_denominator;single_count_sunday"
"PL","pl_diocese_2004","diocese","pl_diocese_2004:sosnowiec","sosnowiec","Diecezja Sosnowiecka",2022,,"Rates ship without a count base. ISKK dominicantes and communicantes are counts-based percentages over obligati: Catholics obliged to attend Sunday Mass, excluding children under seven, the sick and infirm, the very elderly, and travellers. ISKK counts one October or November Sunday per year. The 2020 count did not take place because of COVID-19, and 2013 is not freely published.",,18.7,,8.7,,,,1833.06,,,"iskk-dominicantes-communicantes-diocese-2014-2024|pl-diocese-2004-mixed-osm-gisco-gmina","boundary_basis=gmina_digitisation;confidence=standard;counts_based_practice_rate;obligati_denominator;single_count_sunday"
"PL","pl_diocese_2004","diocese","pl_diocese_2004:swidnica","swidnica","Diecezja Świdnicka",2022,,"Rates ship without a count base. ISKK dominicantes and communicantes are counts-based percentages over obligati: Catholics obliged to attend Sunday Mass, excluding children under seven, the sick and infirm, the very elderly, and travellers. ISKK counts one October or November Sunday per year. The 2020 count did not take place because of COVID-19, and 2013 is not freely published.",,20.4,,10.4,,,,4586.56,,,"iskk-dominicantes-communicantes-diocese-2014-2024|pl-diocese-2004-mixed-osm-gisco-gmina","boundary_basis=gmina_digitisation;confidence=standard;counts_based_practice_rate;obligati_denominator;single_count_sunday"
"PL","pl_diocese_2004","diocese","pl_diocese_2004:szczecin_kamien","szczecin_kamien","Archidiecezja Szczecińsko-Kamieńska",2022,,"Rates ship without a count base. ISKK dominicantes and communicantes are counts-based percentages over obligati: Catholics obliged to attend Sunday Mass, excluding children under seven, the sick and infirm, the very elderly, and travellers. ISKK counts one October or November Sunday per year. The 2020 count did not take place because of COVID-19, and 2013 is not freely published.",,17.5,,8.3,,,,10258.62,,,"iskk-dominicantes-communicantes-diocese-2014-2024|pl-diocese-2004-mixed-osm-gisco-gmina","boundary_basis=osm_relation;confidence=null;counts_based_practice_rate;obligati_denominator;single_count_sunday"
"PL","pl_diocese_2004","diocese","pl_diocese_2004:tarnow","tarnow","Diecezja Tarnowska",2022,,"Rates ship without a count base. ISKK dominicantes and communicantes are counts-based percentages over obligati: Catholics obliged to attend Sunday Mass, excluding children under seven, the sick and infirm, the very elderly, and travellers. ISKK counts one October or November Sunday per year. The 2020 count did not take place because of COVID-19, and 2013 is not freely published.",,61.5,,25.6,,,,6966.25,,,"iskk-dominicantes-communicantes-diocese-2014-2024|pl-diocese-2004-mixed-osm-gisco-gmina","boundary_basis=osm_relation;confidence=null;counts_based_practice_rate;obligati_denominator;single_count_sunday"
"PL","pl_diocese_2004","diocese","pl_diocese_2004:torun","torun","Diecezja Toruńska",2022,,"Rates ship without a count base. ISKK dominicantes and communicantes are counts-based percentages over obligati: Catholics obliged to attend Sunday Mass, excluding children under seven, the sick and infirm, the very elderly, and travellers. ISKK counts one October or November Sunday per year. The 2020 count did not take place because of COVID-19, and 2013 is not freely published.",,25.4,,12.1,,,,5845.62,,,"iskk-dominicantes-communicantes-diocese-2014-2024|pl-diocese-2004-mixed-osm-gisco-gmina","boundary_basis=osm_relation;confidence=null;counts_based_practice_rate;obligati_denominator;single_count_sunday"
"PL","pl_diocese_2004","diocese","pl_diocese_2004:warmia","warmia","Archidiecezja Warmińska",2022,,"Rates ship without a count base. ISKK dominicantes and communicantes are counts-based percentages over obligati: Catholics obliged to attend Sunday Mass, excluding children under seven, the sick and infirm, the very elderly, and travellers. ISKK counts one October or November Sunday per year. The 2020 count did not take place because of COVID-19, and 2013 is not freely published.",,20.8,,9.8,,,,12056.27,,,"iskk-dominicantes-communicantes-diocese-2014-2024|pl-diocese-2004-mixed-osm-gisco-gmina","boundary_basis=osm_relation;confidence=null;counts_based_practice_rate;obligati_denominator;single_count_sunday"
"PL","pl_diocese_2004","diocese","pl_diocese_2004:warszawa","warszawa","Archidiecezja Warszawska",2022,,"Rates ship without a count base. ISKK dominicantes and communicantes are counts-based percentages over obligati: Catholics obliged to attend Sunday Mass, excluding children under seven, the sick and infirm, the very elderly, and travellers. ISKK counts one October or November Sunday per year. The 2020 count did not take place because of COVID-19, and 2013 is not freely published.",,20.6,,10.8,,,,3392.18,,,"iskk-dominicantes-communicantes-diocese-2014-2024|pl-diocese-2004-mixed-osm-gisco-gmina","boundary_basis=osm_relation;confidence=null;counts_based_practice_rate;obligati_denominator;single_count_sunday"
"PL","pl_diocese_2004","diocese","pl_diocese_2004:warszawa_praga","warszawa_praga","Diecezja Warszawsko-Praska",2022,,"Rates ship without a count base. ISKK dominicantes and communicantes are counts-based percentages over obligati: Catholics obliged to attend Sunday Mass, excluding children under seven, the sick and infirm, the very elderly, and travellers. ISKK counts one October or November Sunday per year. The 2020 count did not take place because of COVID-19, and 2013 is not freely published.",,24.9,,12.9,,,,3261.54,,,"iskk-dominicantes-communicantes-diocese-2014-2024|pl-diocese-2004-mixed-osm-gisco-gmina","boundary_basis=osm_relation;confidence=null;counts_based_practice_rate;obligati_denominator;single_count_sunday"
"PL","pl_diocese_2004","diocese","pl_diocese_2004:wloclawek","wloclawek","Diecezja Włocławska",2022,,"Rates ship without a count base. ISKK dominicantes and communicantes are counts-based percentages over obligati: Catholics obliged to attend Sunday Mass, excluding children under seven, the sick and infirm, the very elderly, and travellers. ISKK counts one October or November Sunday per year. The 2020 count did not take place because of COVID-19, and 2013 is not freely published.",,24.6,,10.9,,,,10736.15,,,"iskk-dominicantes-communicantes-diocese-2014-2024|pl-diocese-2004-mixed-osm-gisco-gmina","boundary_basis=gmina_digitisation;confidence=low;counts_based_practice_rate;obligati_denominator;single_count_sunday"
"PL","pl_diocese_2004","diocese","pl_diocese_2004:wroclaw","wroclaw","Archidiecezja Wrocławska",2022,,"Rates ship without a count base. ISKK dominicantes and communicantes are counts-based percentages over obligati: Catholics obliged to attend Sunday Mass, excluding children under seven, the sick and infirm, the very elderly, and travellers. ISKK counts one October or November Sunday per year. The 2020 count did not take place because of COVID-19, and 2013 is not freely published.",,23.6,,11.6,,,,7534.37,,,"iskk-dominicantes-communicantes-diocese-2014-2024|pl-diocese-2004-mixed-osm-gisco-gmina","boundary_basis=gmina_digitisation;confidence=standard;counts_based_practice_rate;obligati_denominator;single_count_sunday"
"PL","pl_diocese_2004","diocese","pl_diocese_2004:zamosc_lubaczow","zamosc_lubaczow","Diecezja Zamojsko-Lubaczowska",2022,,"Rates ship without a count base. ISKK dominicantes and communicantes are counts-based percentages over obligati: Catholics obliged to attend Sunday Mass, excluding children under seven, the sick and infirm, the very elderly, and travellers. ISKK counts one October or November Sunday per year. The 2020 count did not take place because of COVID-19, and 2013 is not freely published.",,36.6,,19.6,,,,8814.54,,,"iskk-dominicantes-communicantes-diocese-2014-2024|pl-diocese-2004-mixed-osm-gisco-gmina","boundary_basis=gmina_digitisation;confidence=standard;counts_based_practice_rate;obligati_denominator;single_count_sunday"
"PL","pl_diocese_2004","diocese","pl_diocese_2004:zielona_gora_gorzow","zielona_gora_gorzow","Diecezja Zielonogórsko-Gorzowska",2022,,"Rates ship without a count base. ISKK dominicantes and communicantes are counts-based percentages over obligati: Catholics obliged to attend Sunday Mass, excluding children under seven, the sick and infirm, the very elderly, and travellers. ISKK counts one October or November Sunday per year. The 2020 count did not take place because of COVID-19, and 2013 is not freely published.",,19.3,,9.2,,,,17427.64,,,"iskk-dominicantes-communicantes-diocese-2014-2024|pl-diocese-2004-mixed-osm-gisco-gmina","boundary_basis=gmina_digitisation;confidence=low;counts_based_practice_rate;obligati_denominator;single_count_sunday"
"PL","pl_diocese_2004","diocese","pl_diocese_2004:bialystok","bialystok","Archidiecezja Białostocka",2023,,"Rates ship without a count base. ISKK dominicantes and communicantes are counts-based percentages over obligati: Catholics obliged to attend Sunday Mass, excluding children under seven, the sick and infirm, the very elderly, and travellers. ISKK counts one October or November Sunday per year. The 2020 count did not take place because of COVID-19, and 2013 is not freely published.",,36.05,,20.07,,,,9054.45,,,"iskk-dominicantes-communicantes-diocese-2014-2024|pl-diocese-2004-mixed-osm-gisco-gmina","boundary_basis=gmina_digitisation;confidence=low;counts_based_practice_rate;obligati_denominator;single_count_sunday"
"PL","pl_diocese_2004","diocese","pl_diocese_2004:bielsko_zywiec","bielsko_zywiec","Diecezja Bielsko-Żywiecka",2023,,"Rates ship without a count base. ISKK dominicantes and communicantes are counts-based percentages over obligati: Catholics obliged to attend Sunday Mass, excluding children under seven, the sick and infirm, the very elderly, and travellers. ISKK counts one October or November Sunday per year. The 2020 count did not take place because of COVID-19, and 2013 is not freely published.",,36.77,,16.87,,,,2745.54,,,"iskk-dominicantes-communicantes-diocese-2014-2024|pl-diocese-2004-mixed-osm-gisco-gmina","boundary_basis=osm_relation;confidence=null;counts_based_practice_rate;obligati_denominator;single_count_sunday"
"PL","pl_diocese_2004","diocese","pl_diocese_2004:bydgoszcz","bydgoszcz","Diecezja Bydgoska",2023,,"Rates ship without a count base. ISKK dominicantes and communicantes are counts-based percentages over obligati: Catholics obliged to attend Sunday Mass, excluding children under seven, the sick and infirm, the very elderly, and travellers. ISKK counts one October or November Sunday per year. The 2020 count did not take place because of COVID-19, and 2013 is not freely published.",,26.06,,12.95,,,,6058.22,,,"iskk-dominicantes-communicantes-diocese-2014-2024|pl-diocese-2004-mixed-osm-gisco-gmina","boundary_basis=gmina_digitisation;confidence=low;counts_based_practice_rate;obligati_denominator;single_count_sunday"
"PL","pl_diocese_2004","diocese","pl_diocese_2004:czestochowa","czestochowa","Archidiecezja Częstochowska",2023,,"Rates ship without a count base. ISKK dominicantes and communicantes are counts-based percentages over obligati: Catholics obliged to attend Sunday Mass, excluding children under seven, the sick and infirm, the very elderly, and travellers. ISKK counts one October or November Sunday per year. The 2020 count did not take place because of COVID-19, and 2013 is not freely published.",,25.66,,11.82,,,,6510.21,,,"iskk-dominicantes-communicantes-diocese-2014-2024|pl-diocese-2004-mixed-osm-gisco-gmina","boundary_basis=gmina_digitisation;confidence=standard;counts_based_practice_rate;obligati_denominator;single_count_sunday"
"PL","pl_diocese_2004","diocese","pl_diocese_2004:drohiczyn","drohiczyn","Diecezja Drohiczyńska",2023,,"Rates ship without a count base. ISKK dominicantes and communicantes are counts-based percentages over obligati: Catholics obliged to attend Sunday Mass, excluding children under seven, the sick and infirm, the very elderly, and travellers. ISKK counts one October or November Sunday per year. The 2020 count did not take place because of COVID-19, and 2013 is not freely published.",,37.59,,17.82,,,,6577.63,,,"iskk-dominicantes-communicantes-diocese-2014-2024|pl-diocese-2004-mixed-osm-gisco-gmina","boundary_basis=osm_relation;confidence=null;counts_based_practice_rate;obligati_denominator;single_count_sunday"
"PL","pl_diocese_2004","diocese","pl_diocese_2004:elblag","elblag","Diecezja Elbląska",2023,,"Rates ship without a count base. ISKK dominicantes and communicantes are counts-based percentages over obligati: Catholics obliged to attend Sunday Mass, excluding children under seven, the sick and infirm, the very elderly, and travellers. ISKK counts one October or November Sunday per year. The 2020 count did not take place because of COVID-19, and 2013 is not freely published.",,21.28,,10.22,,,,9051.55,,,"iskk-dominicantes-communicantes-diocese-2014-2024|pl-diocese-2004-mixed-osm-gisco-gmina","boundary_basis=gmina_digitisation;confidence=standard;counts_based_practice_rate;obligati_denominator;single_count_sunday"
"PL","pl_diocese_2004","diocese","pl_diocese_2004:elk","elk","Diecezja Ełcka",2023,,"Rates ship without a count base. ISKK dominicantes and communicantes are counts-based percentages over obligati: Catholics obliged to attend Sunday Mass, excluding children under seven, the sick and infirm, the very elderly, and travellers. ISKK counts one October or November Sunday per year. The 2020 count did not take place because of COVID-19, and 2013 is not freely published.",,23.26,,13.58,,,,10975.6,,,"iskk-dominicantes-communicantes-diocese-2014-2024|pl-diocese-2004-mixed-osm-gisco-gmina","boundary_basis=osm_relation;confidence=null;counts_based_practice_rate;obligati_denominator;single_count_sunday"
"PL","pl_diocese_2004","diocese","pl_diocese_2004:gdansk","gdansk","Archidiecezja Gdańska",2023,,"Rates ship without a count base. ISKK dominicantes and communicantes are counts-based percentages over obligati: Catholics obliged to attend Sunday Mass, excluding children under seven, the sick and infirm, the very elderly, and travellers. ISKK counts one October or November Sunday per year. The 2020 count did not take place because of COVID-19, and 2013 is not freely published.",,25.73,,13.03,,,,10607.51,,,"iskk-dominicantes-communicantes-diocese-2014-2024|pl-diocese-2004-mixed-osm-gisco-gmina","boundary_basis=gmina_digitisation;confidence=low;counts_based_practice_rate;obligati_denominator;single_count_sunday"
"PL","pl_diocese_2004","diocese","pl_diocese_2004:gliwice","gliwice","Diecezja Gliwicka",2023,,"Rates ship without a count base. ISKK dominicantes and communicantes are counts-based percentages over obligati: Catholics obliged to attend Sunday Mass, excluding children under seven, the sick and infirm, the very elderly, and travellers. ISKK counts one October or November Sunday per year. The 2020 count did not take place because of COVID-19, and 2013 is not freely published.",,28.18,,14.61,,,,2227.92,,,"iskk-dominicantes-communicantes-diocese-2014-2024|pl-diocese-2004-mixed-osm-gisco-gmina","boundary_basis=osm_relation;confidence=null;counts_based_practice_rate;obligati_denominator;single_count_sunday"
"PL","pl_diocese_2004","diocese","pl_diocese_2004:gniezno","gniezno","Archidiecezja Gnieźnieńska",2023,,"Rates ship without a count base. ISKK dominicantes and communicantes are counts-based percentages over obligati: Catholics obliged to attend Sunday Mass, excluding children under seven, the sick and infirm, the very elderly, and travellers. ISKK counts one October or November Sunday per year. The 2020 count did not take place because of COVID-19, and 2013 is not freely published.",,27.17,,12.9,,,,8430.69,,,"iskk-dominicantes-communicantes-diocese-2014-2024|pl-diocese-2004-mixed-osm-gisco-gmina","boundary_basis=gmina_digitisation;confidence=standard;counts_based_practice_rate;obligati_denominator;single_count_sunday"
"PL","pl_diocese_2004","diocese","pl_diocese_2004:kalisz","kalisz","Diecezja Kaliska",2023,,"Rates ship without a count base. ISKK dominicantes and communicantes are counts-based percentages over obligati: Catholics obliged to attend Sunday Mass, excluding children under seven, the sick and infirm, the very elderly, and travellers. ISKK counts one October or November Sunday per year. The 2020 count did not take place because of COVID-19, and 2013 is not freely published.",,31.99,,15.57,,,,8197.2,,,"iskk-dominicantes-communicantes-diocese-2014-2024|pl-diocese-2004-mixed-osm-gisco-gmina","boundary_basis=osm_relation;confidence=null;counts_based_practice_rate;obligati_denominator;single_count_sunday"
"PL","pl_diocese_2004","diocese","pl_diocese_2004:katowice","katowice","Archidiecezja Katowicka",2023,,"Rates ship without a count base. ISKK dominicantes and communicantes are counts-based percentages over obligati: Catholics obliged to attend Sunday Mass, excluding children under seven, the sick and infirm, the very elderly, and travellers. ISKK counts one October or November Sunday per year. The 2020 count did not take place because of COVID-19, and 2013 is not freely published.",,26.76,,14.83,,,,2321.06,,,"iskk-dominicantes-communicantes-diocese-2014-2024|pl-diocese-2004-mixed-osm-gisco-gmina","boundary_basis=osm_relation;confidence=null;counts_based_practice_rate;obligati_denominator;single_count_sunday"
"PL","pl_diocese_2004","diocese","pl_diocese_2004:kielce","kielce","Diecezja Kielecka",2023,,"Rates ship without a count base. ISKK dominicantes and communicantes are counts-based percentages over obligati: Catholics obliged to attend Sunday Mass, excluding children under seven, the sick and infirm, the very elderly, and travellers. ISKK counts one October or November Sunday per year. The 2020 count did not take place because of COVID-19, and 2013 is not freely published.",,31.78,,16.3,,,,8986.23,,,"iskk-dominicantes-communicantes-diocese-2014-2024|pl-diocese-2004-mixed-osm-gisco-gmina","boundary_basis=gmina_digitisation;confidence=standard;counts_based_practice_rate;obligati_denominator;single_count_sunday"
"PL","pl_diocese_2004","diocese","pl_diocese_2004:koszalin_kolobrzeg","koszalin_kolobrzeg","Diecezja Koszalińsko-Kołobrzeska",2023,,"Rates ship without a count base. ISKK dominicantes and communicantes are counts-based percentages over obligati: Catholics obliged to attend Sunday Mass, excluding children under seven, the sick and infirm, the very elderly, and travellers. ISKK counts one October or November Sunday per year. The 2020 count did not take place because of COVID-19, and 2013 is not freely published.",,18.58,,9.07,,,,15003.83,,,"iskk-dominicantes-communicantes-diocese-2014-2024|pl-diocese-2004-mixed-osm-gisco-gmina","boundary_basis=osm_relation;confidence=null;counts_based_practice_rate;obligati_denominator;single_count_sunday"
"PL","pl_diocese_2004","diocese","pl_diocese_2004:krakow","krakow","Archidiecezja Krakowska",2023,,"Rates ship without a count base. ISKK dominicantes and communicantes are counts-based percentages over obligati: Catholics obliged to attend Sunday Mass, excluding children under seven, the sick and infirm, the very elderly, and travellers. ISKK counts one October or November Sunday per year. The 2020 count did not take place because of COVID-19, and 2013 is not freely published.",,38.52,,16.28,,,,5983.5,,,"iskk-dominicantes-communicantes-diocese-2014-2024|pl-diocese-2004-mixed-osm-gisco-gmina","boundary_basis=osm_relation;confidence=null;counts_based_practice_rate;obligati_denominator;single_count_sunday"
"PL","pl_diocese_2004","diocese","pl_diocese_2004:legnica","legnica","Diecezja Legnicka",2023,,"Rates ship without a count base. ISKK dominicantes and communicantes are counts-based percentages over obligati: Catholics obliged to attend Sunday Mass, excluding children under seven, the sick and infirm, the very elderly, and travellers. ISKK counts one October or November Sunday per year. The 2020 count did not take place because of COVID-19, and 2013 is not freely published.",,22.27,,11.26,,,,7124.04,,,"iskk-dominicantes-communicantes-diocese-2014-2024|pl-diocese-2004-mixed-osm-gisco-gmina","boundary_basis=osm_relation;confidence=null;counts_based_practice_rate;obligati_denominator;single_count_sunday"
"PL","pl_diocese_2004","diocese","pl_diocese_2004:lodz","lodz","Archidiecezja Łódzka",2023,,"Rates ship without a count base. ISKK dominicantes and communicantes are counts-based percentages over obligati: Catholics obliged to attend Sunday Mass, excluding children under seven, the sick and infirm, the very elderly, and travellers. ISKK counts one October or November Sunday per year. The 2020 count did not take place because of COVID-19, and 2013 is not freely published.",,18.78,,9.72,,,,5912.61,,,"iskk-dominicantes-communicantes-diocese-2014-2024|pl-diocese-2004-mixed-osm-gisco-gmina","boundary_basis=gmina_digitisation;confidence=standard;counts_based_practice_rate;obligati_denominator;single_count_sunday"
"PL","pl_diocese_2004","diocese","pl_diocese_2004:lomza","lomza","Diecezja Łomżyńska",2023,,"Rates ship without a count base. ISKK dominicantes and communicantes are counts-based percentages over obligati: Catholics obliged to attend Sunday Mass, excluding children under seven, the sick and infirm, the very elderly, and travellers. ISKK counts one October or November Sunday per year. The 2020 count did not take place because of COVID-19, and 2013 is not freely published.",,33.81,,17.9,,,,13668.27,,,"iskk-dominicantes-communicantes-diocese-2014-2024|pl-diocese-2004-mixed-osm-gisco-gmina","boundary_basis=gmina_digitisation;confidence=low;counts_based_practice_rate;obligati_denominator;single_count_sunday"
"PL","pl_diocese_2004","diocese","pl_diocese_2004:lowicz","lowicz","Diecezja Łowicka",2023,,"Rates ship without a count base. ISKK dominicantes and communicantes are counts-based percentages over obligati: Catholics obliged to attend Sunday Mass, excluding children under seven, the sick and infirm, the very elderly, and travellers. ISKK counts one October or November Sunday per year. The 2020 count did not take place because of COVID-19, and 2013 is not freely published.",,22.58,,11.97,,,,6706.04,,,"iskk-dominicantes-communicantes-diocese-2014-2024|pl-diocese-2004-mixed-osm-gisco-gmina","boundary_basis=osm_relation;confidence=null;counts_based_practice_rate;obligati_denominator;single_count_sunday"
"PL","pl_diocese_2004","diocese","pl_diocese_2004:lublin","lublin","Archidiecezja Lubelska",2023,,"Rates ship without a count base. ISKK dominicantes and communicantes are counts-based percentages over obligati: Catholics obliged to attend Sunday Mass, excluding children under seven, the sick and infirm, the very elderly, and travellers. ISKK counts one October or November Sunday per year. The 2020 count did not take place because of COVID-19, and 2013 is not freely published.",,27.35,,15.9,,,,7280.83,,,"iskk-dominicantes-communicantes-diocese-2014-2024|pl-diocese-2004-mixed-osm-gisco-gmina","boundary_basis=gmina_digitisation;confidence=low;counts_based_practice_rate;obligati_denominator;single_count_sunday"
"PL","pl_diocese_2004","diocese","pl_diocese_2004:opole","opole","Diecezja Opolska",2023,,"Rates ship without a count base. ISKK dominicantes and communicantes are counts-based percentages over obligati: Catholics obliged to attend Sunday Mass, excluding children under seven, the sick and infirm, the very elderly, and travellers. ISKK counts one October or November Sunday per year. The 2020 count did not take place because of COVID-19, and 2013 is not freely published.",,33.24,,17.74,,,,8132.85,,,"iskk-dominicantes-communicantes-diocese-2014-2024|pl-diocese-2004-mixed-osm-gisco-gmina","boundary_basis=osm_relation;confidence=null;counts_based_practice_rate;obligati_denominator;single_count_sunday"
"PL","pl_diocese_2004","diocese","pl_diocese_2004:pelplin","pelplin","Diecezja Pelplińska",2023,,"Rates ship without a count base. ISKK dominicantes and communicantes are counts-based percentages over obligati: Catholics obliged to attend Sunday Mass, excluding children under seven, the sick and infirm, the very elderly, and travellers. ISKK counts one October or November Sunday per year. The 2020 count did not take place because of COVID-19, and 2013 is not freely published.",,34.2,,18.45,,,,1466.98,,,"iskk-dominicantes-communicantes-diocese-2014-2024|pl-diocese-2004-mixed-osm-gisco-gmina","boundary_basis=osm_relation;confidence=null;counts_based_practice_rate;obligati_denominator;single_count_sunday"
"PL","pl_diocese_2004","diocese","pl_diocese_2004:plock","plock","Diecezja Płocka",2023,,"Rates ship without a count base. ISKK dominicantes and communicantes are counts-based percentages over obligati: Catholics obliged to attend Sunday Mass, excluding children under seven, the sick and infirm, the very elderly, and travellers. ISKK counts one October or November Sunday per year. The 2020 count did not take place because of COVID-19, and 2013 is not freely published.",,23.52,,10.9,,,,2272.39,,,"iskk-dominicantes-communicantes-diocese-2014-2024|pl-diocese-2004-mixed-osm-gisco-gmina","boundary_basis=osm_relation;confidence=null;counts_based_practice_rate;obligati_denominator;single_count_sunday"
"PL","pl_diocese_2004","diocese","pl_diocese_2004:poznan","poznan","Archidiecezja Poznańska",2023,,"Rates ship without a count base. ISKK dominicantes and communicantes are counts-based percentages over obligati: Catholics obliged to attend Sunday Mass, excluding children under seven, the sick and infirm, the very elderly, and travellers. ISKK counts one October or November Sunday per year. The 2020 count did not take place because of COVID-19, and 2013 is not freely published.",,27.34,,13.96,,,,11617.16,,,"iskk-dominicantes-communicantes-diocese-2014-2024|pl-diocese-2004-mixed-osm-gisco-gmina","boundary_basis=osm_relation;confidence=null;counts_based_practice_rate;obligati_denominator;single_count_sunday"
"PL","pl_diocese_2004","diocese","pl_diocese_2004:przemysl","przemysl","Archidiecezja Przemyska",2023,,"Rates ship without a count base. ISKK dominicantes and communicantes are counts-based percentages over obligati: Catholics obliged to attend Sunday Mass, excluding children under seven, the sick and infirm, the very elderly, and travellers. ISKK counts one October or November Sunday per year. The 2020 count did not take place because of COVID-19, and 2013 is not freely published.",,49.1,,16.9,,,,8897.02,,,"iskk-dominicantes-communicantes-diocese-2014-2024|pl-diocese-2004-mixed-osm-gisco-gmina","boundary_basis=osm_relation;confidence=null;counts_based_practice_rate;obligati_denominator;single_count_sunday"
"PL","pl_diocese_2004","diocese","pl_diocese_2004:radom","radom","Diecezja Radomska",2023,,"Rates ship without a count base. ISKK dominicantes and communicantes are counts-based percentages over obligati: Catholics obliged to attend Sunday Mass, excluding children under seven, the sick and infirm, the very elderly, and travellers. ISKK counts one October or November Sunday per year. The 2020 count did not take place because of COVID-19, and 2013 is not freely published.",,31.37,,15.04,,,,9647.46,,,"iskk-dominicantes-communicantes-diocese-2014-2024|pl-diocese-2004-mixed-osm-gisco-gmina","boundary_basis=osm_relation;confidence=null;counts_based_practice_rate;obligati_denominator;single_count_sunday"
"PL","pl_diocese_2004","diocese","pl_diocese_2004:rzeszow","rzeszow","Diecezja Rzeszowska",2023,,"Rates ship without a count base. ISKK dominicantes and communicantes are counts-based percentages over obligati: Catholics obliged to attend Sunday Mass, excluding children under seven, the sick and infirm, the very elderly, and travellers. ISKK counts one October or November Sunday per year. The 2020 count did not take place because of COVID-19, and 2013 is not freely published.",,53.21,,18.21,,,,3909.94,,,"iskk-dominicantes-communicantes-diocese-2014-2024|pl-diocese-2004-mixed-osm-gisco-gmina","boundary_basis=osm_relation;confidence=null;counts_based_practice_rate;obligati_denominator;single_count_sunday"
"PL","pl_diocese_2004","diocese","pl_diocese_2004:sandomierz","sandomierz","Diecezja Sandomierska",2023,,"Rates ship without a count base. ISKK dominicantes and communicantes are counts-based percentages over obligati: Catholics obliged to attend Sunday Mass, excluding children under seven, the sick and infirm, the very elderly, and travellers. ISKK counts one October or November Sunday per year. The 2020 count did not take place because of COVID-19, and 2013 is not freely published.",,32.38,,14.41,,,,7143.67,,,"iskk-dominicantes-communicantes-diocese-2014-2024|pl-diocese-2004-mixed-osm-gisco-gmina","boundary_basis=gmina_digitisation;confidence=standard;counts_based_practice_rate;obligati_denominator;single_count_sunday"
"PL","pl_diocese_2004","diocese","pl_diocese_2004:siedlce","siedlce","Diecezja Siedlecka",2023,,"Rates ship without a count base. ISKK dominicantes and communicantes are counts-based percentages over obligati: Catholics obliged to attend Sunday Mass, excluding children under seven, the sick and infirm, the very elderly, and travellers. ISKK counts one October or November Sunday per year. The 2020 count did not take place because of COVID-19, and 2013 is not freely published.",,38.63,,19.24,,,,12975.69,,,"iskk-dominicantes-communicantes-diocese-2014-2024|pl-diocese-2004-mixed-osm-gisco-gmina","boundary_basis=osm_relation;confidence=null;counts_based_practice_rate;obligati_denominator;single_count_sunday"
"PL","pl_diocese_2004","diocese","pl_diocese_2004:sosnowiec","sosnowiec","Diecezja Sosnowiecka",2023,,"Rates ship without a count base. ISKK dominicantes and communicantes are counts-based percentages over obligati: Catholics obliged to attend Sunday Mass, excluding children under seven, the sick and infirm, the very elderly, and travellers. ISKK counts one October or November Sunday per year. The 2020 count did not take place because of COVID-19, and 2013 is not freely published.",,17.87,,8.46,,,,1833.06,,,"iskk-dominicantes-communicantes-diocese-2014-2024|pl-diocese-2004-mixed-osm-gisco-gmina","boundary_basis=gmina_digitisation;confidence=standard;counts_based_practice_rate;obligati_denominator;single_count_sunday"
"PL","pl_diocese_2004","diocese","pl_diocese_2004:swidnica","swidnica","Diecezja Świdnicka",2023,,"Rates ship without a count base. ISKK dominicantes and communicantes are counts-based percentages over obligati: Catholics obliged to attend Sunday Mass, excluding children under seven, the sick and infirm, the very elderly, and travellers. ISKK counts one October or November Sunday per year. The 2020 count did not take place because of COVID-19, and 2013 is not freely published.",,21.93,,11.17,,,,4586.56,,,"iskk-dominicantes-communicantes-diocese-2014-2024|pl-diocese-2004-mixed-osm-gisco-gmina","boundary_basis=gmina_digitisation;confidence=standard;counts_based_practice_rate;obligati_denominator;single_count_sunday"
"PL","pl_diocese_2004","diocese","pl_diocese_2004:szczecin_kamien","szczecin_kamien","Archidiecezja Szczecińsko-Kamieńska",2023,,"Rates ship without a count base. ISKK dominicantes and communicantes are counts-based percentages over obligati: Catholics obliged to attend Sunday Mass, excluding children under seven, the sick and infirm, the very elderly, and travellers. ISKK counts one October or November Sunday per year. The 2020 count did not take place because of COVID-19, and 2013 is not freely published.",,17.2,,8.46,,,,10258.62,,,"iskk-dominicantes-communicantes-diocese-2014-2024|pl-diocese-2004-mixed-osm-gisco-gmina","boundary_basis=osm_relation;confidence=null;counts_based_practice_rate;obligati_denominator;single_count_sunday"
"PL","pl_diocese_2004","diocese","pl_diocese_2004:tarnow","tarnow","Diecezja Tarnowska",2023,,"Rates ship without a count base. ISKK dominicantes and communicantes are counts-based percentages over obligati: Catholics obliged to attend Sunday Mass, excluding children under seven, the sick and infirm, the very elderly, and travellers. ISKK counts one October or November Sunday per year. The 2020 count did not take place because of COVID-19, and 2013 is not freely published.",,60.52,,24.36,,,,6966.25,,,"iskk-dominicantes-communicantes-diocese-2014-2024|pl-diocese-2004-mixed-osm-gisco-gmina","boundary_basis=osm_relation;confidence=null;counts_based_practice_rate;obligati_denominator;single_count_sunday"
"PL","pl_diocese_2004","diocese","pl_diocese_2004:torun","torun","Diecezja Toruńska",2023,,"Rates ship without a count base. ISKK dominicantes and communicantes are counts-based percentages over obligati: Catholics obliged to attend Sunday Mass, excluding children under seven, the sick and infirm, the very elderly, and travellers. ISKK counts one October or November Sunday per year. The 2020 count did not take place because of COVID-19, and 2013 is not freely published.",,25.23,,12.7,,,,5845.62,,,"iskk-dominicantes-communicantes-diocese-2014-2024|pl-diocese-2004-mixed-osm-gisco-gmina","boundary_basis=osm_relation;confidence=null;counts_based_practice_rate;obligati_denominator;single_count_sunday"
"PL","pl_diocese_2004","diocese","pl_diocese_2004:warmia","warmia","Archidiecezja Warmińska",2023,,"Rates ship without a count base. ISKK dominicantes and communicantes are counts-based percentages over obligati: Catholics obliged to attend Sunday Mass, excluding children under seven, the sick and infirm, the very elderly, and travellers. ISKK counts one October or November Sunday per year. The 2020 count did not take place because of COVID-19, and 2013 is not freely published.",,20.72,,10.26,,,,12056.27,,,"iskk-dominicantes-communicantes-diocese-2014-2024|pl-diocese-2004-mixed-osm-gisco-gmina","boundary_basis=osm_relation;confidence=null;counts_based_practice_rate;obligati_denominator;single_count_sunday"
"PL","pl_diocese_2004","diocese","pl_diocese_2004:warszawa","warszawa","Archidiecezja Warszawska",2023,,"Rates ship without a count base. ISKK dominicantes and communicantes are counts-based percentages over obligati: Catholics obliged to attend Sunday Mass, excluding children under seven, the sick and infirm, the very elderly, and travellers. ISKK counts one October or November Sunday per year. The 2020 count did not take place because of COVID-19, and 2013 is not freely published.",,18.96,,10.25,,,,3392.18,,,"iskk-dominicantes-communicantes-diocese-2014-2024|pl-diocese-2004-mixed-osm-gisco-gmina","boundary_basis=osm_relation;confidence=null;counts_based_practice_rate;obligati_denominator;single_count_sunday"
"PL","pl_diocese_2004","diocese","pl_diocese_2004:warszawa_praga","warszawa_praga","Diecezja Warszawsko-Praska",2023,,"Rates ship without a count base. ISKK dominicantes and communicantes are counts-based percentages over obligati: Catholics obliged to attend Sunday Mass, excluding children under seven, the sick and infirm, the very elderly, and travellers. ISKK counts one October or November Sunday per year. The 2020 count did not take place because of COVID-19, and 2013 is not freely published.",,23.5,,12.4,,,,3261.54,,,"iskk-dominicantes-communicantes-diocese-2014-2024|pl-diocese-2004-mixed-osm-gisco-gmina","boundary_basis=osm_relation;confidence=null;counts_based_practice_rate;obligati_denominator;single_count_sunday"
"PL","pl_diocese_2004","diocese","pl_diocese_2004:wloclawek","wloclawek","Diecezja Włocławska",2023,,"Rates ship without a count base. ISKK dominicantes and communicantes are counts-based percentages over obligati: Catholics obliged to attend Sunday Mass, excluding children under seven, the sick and infirm, the very elderly, and travellers. ISKK counts one October or November Sunday per year. The 2020 count did not take place because of COVID-19, and 2013 is not freely published.",,24.91,,11.77,,,,10736.15,,,"iskk-dominicantes-communicantes-diocese-2014-2024|pl-diocese-2004-mixed-osm-gisco-gmina","boundary_basis=gmina_digitisation;confidence=low;counts_based_practice_rate;obligati_denominator;single_count_sunday"
"PL","pl_diocese_2004","diocese","pl_diocese_2004:wroclaw","wroclaw","Archidiecezja Wrocławska",2023,,"Rates ship without a count base. ISKK dominicantes and communicantes are counts-based percentages over obligati: Catholics obliged to attend Sunday Mass, excluding children under seven, the sick and infirm, the very elderly, and travellers. ISKK counts one October or November Sunday per year. The 2020 count did not take place because of COVID-19, and 2013 is not freely published.",,22.57,,11.41,,,,7534.37,,,"iskk-dominicantes-communicantes-diocese-2014-2024|pl-diocese-2004-mixed-osm-gisco-gmina","boundary_basis=gmina_digitisation;confidence=standard;counts_based_practice_rate;obligati_denominator;single_count_sunday"
"PL","pl_diocese_2004","diocese","pl_diocese_2004:zamosc_lubaczow","zamosc_lubaczow","Diecezja Zamojsko-Lubaczowska",2023,,"Rates ship without a count base. ISKK dominicantes and communicantes are counts-based percentages over obligati: Catholics obliged to attend Sunday Mass, excluding children under seven, the sick and infirm, the very elderly, and travellers. ISKK counts one October or November Sunday per year. The 2020 count did not take place because of COVID-19, and 2013 is not freely published.",,37.96,,21.05,,,,8814.54,,,"iskk-dominicantes-communicantes-diocese-2014-2024|pl-diocese-2004-mixed-osm-gisco-gmina","boundary_basis=gmina_digitisation;confidence=standard;counts_based_practice_rate;obligati_denominator;single_count_sunday"
"PL","pl_diocese_2004","diocese","pl_diocese_2004:zielona_gora_gorzow","zielona_gora_gorzow","Diecezja Zielonogórsko-Gorzowska",2023,,"Rates ship without a count base. ISKK dominicantes and communicantes are counts-based percentages over obligati: Catholics obliged to attend Sunday Mass, excluding children under seven, the sick and infirm, the very elderly, and travellers. ISKK counts one October or November Sunday per year. The 2020 count did not take place because of COVID-19, and 2013 is not freely published.",,18.62,,9.28,,,,17427.64,,,"iskk-dominicantes-communicantes-diocese-2014-2024|pl-diocese-2004-mixed-osm-gisco-gmina","boundary_basis=gmina_digitisation;confidence=low;counts_based_practice_rate;obligati_denominator;single_count_sunday"
"PL","pl_diocese_2004","diocese","pl_diocese_2004:bialystok","bialystok","Archidiecezja Białostocka",2024,,"Rates ship without a count base. ISKK dominicantes and communicantes are counts-based percentages over obligati: Catholics obliged to attend Sunday Mass, excluding children under seven, the sick and infirm, the very elderly, and travellers. ISKK counts one October or November Sunday per year. The 2020 count did not take place because of COVID-19, and 2013 is not freely published.",,38.17,,21.15,,,,9054.45,,,"iskk-dominicantes-communicantes-diocese-2014-2024|pl-diocese-2004-mixed-osm-gisco-gmina","boundary_basis=gmina_digitisation;confidence=low;counts_based_practice_rate;obligati_denominator;single_count_sunday"
"PL","pl_diocese_2004","diocese","pl_diocese_2004:bielsko_zywiec","bielsko_zywiec","Diecezja Bielsko-Żywiecka",2024,,"Rates ship without a count base. ISKK dominicantes and communicantes are counts-based percentages over obligati: Catholics obliged to attend Sunday Mass, excluding children under seven, the sick and infirm, the very elderly, and travellers. ISKK counts one October or November Sunday per year. The 2020 count did not take place because of COVID-19, and 2013 is not freely published.",,37.69,,17.78,,,,2745.54,,,"iskk-dominicantes-communicantes-diocese-2014-2024|pl-diocese-2004-mixed-osm-gisco-gmina","boundary_basis=osm_relation;confidence=null;counts_based_practice_rate;obligati_denominator;single_count_sunday"
"PL","pl_diocese_2004","diocese","pl_diocese_2004:bydgoszcz","bydgoszcz","Diecezja Bydgoska",2024,,"Rates ship without a count base. ISKK dominicantes and communicantes are counts-based percentages over obligati: Catholics obliged to attend Sunday Mass, excluding children under seven, the sick and infirm, the very elderly, and travellers. ISKK counts one October or November Sunday per year. The 2020 count did not take place because of COVID-19, and 2013 is not freely published.",,25.64,,12.81,,,,6058.22,,,"iskk-dominicantes-communicantes-diocese-2014-2024|pl-diocese-2004-mixed-osm-gisco-gmina","boundary_basis=gmina_digitisation;confidence=low;counts_based_practice_rate;obligati_denominator;single_count_sunday"
"PL","pl_diocese_2004","diocese","pl_diocese_2004:czestochowa","czestochowa","Archidiecezja Częstochowska",2024,,"Rates ship without a count base. ISKK dominicantes and communicantes are counts-based percentages over obligati: Catholics obliged to attend Sunday Mass, excluding children under seven, the sick and infirm, the very elderly, and travellers. ISKK counts one October or November Sunday per year. The 2020 count did not take place because of COVID-19, and 2013 is not freely published.",,25.33,,12.34,,,,6510.21,,,"iskk-dominicantes-communicantes-diocese-2014-2024|pl-diocese-2004-mixed-osm-gisco-gmina","boundary_basis=gmina_digitisation;confidence=standard;counts_based_practice_rate;obligati_denominator;single_count_sunday"
"PL","pl_diocese_2004","diocese","pl_diocese_2004:drohiczyn","drohiczyn","Diecezja Drohiczyńska",2024,,"Rates ship without a count base. ISKK dominicantes and communicantes are counts-based percentages over obligati: Catholics obliged to attend Sunday Mass, excluding children under seven, the sick and infirm, the very elderly, and travellers. ISKK counts one October or November Sunday per year. The 2020 count did not take place because of COVID-19, and 2013 is not freely published.",,42.54,,20.68,,,,6577.63,,,"iskk-dominicantes-communicantes-diocese-2014-2024|pl-diocese-2004-mixed-osm-gisco-gmina","boundary_basis=osm_relation;confidence=null;counts_based_practice_rate;obligati_denominator;single_count_sunday"
"PL","pl_diocese_2004","diocese","pl_diocese_2004:elblag","elblag","Diecezja Elbląska",2024,,"Rates ship without a count base. ISKK dominicantes and communicantes are counts-based percentages over obligati: Catholics obliged to attend Sunday Mass, excluding children under seven, the sick and infirm, the very elderly, and travellers. ISKK counts one October or November Sunday per year. The 2020 count did not take place because of COVID-19, and 2013 is not freely published.",,20.76,,10.75,,,,9051.55,,,"iskk-dominicantes-communicantes-diocese-2014-2024|pl-diocese-2004-mixed-osm-gisco-gmina","boundary_basis=gmina_digitisation;confidence=standard;counts_based_practice_rate;obligati_denominator;single_count_sunday"
"PL","pl_diocese_2004","diocese","pl_diocese_2004:elk","elk","Diecezja Ełcka",2024,,"Rates ship without a count base. ISKK dominicantes and communicantes are counts-based percentages over obligati: Catholics obliged to attend Sunday Mass, excluding children under seven, the sick and infirm, the very elderly, and travellers. ISKK counts one October or November Sunday per year. The 2020 count did not take place because of COVID-19, and 2013 is not freely published.",,25.07,,14.7,,,,10975.6,,,"iskk-dominicantes-communicantes-diocese-2014-2024|pl-diocese-2004-mixed-osm-gisco-gmina","boundary_basis=osm_relation;confidence=null;counts_based_practice_rate;obligati_denominator;single_count_sunday"
"PL","pl_diocese_2004","diocese","pl_diocese_2004:gdansk","gdansk","Archidiecezja Gdańska",2024,,"Rates ship without a count base. ISKK dominicantes and communicantes are counts-based percentages over obligati: Catholics obliged to attend Sunday Mass, excluding children under seven, the sick and infirm, the very elderly, and travellers. ISKK counts one October or November Sunday per year. The 2020 count did not take place because of COVID-19, and 2013 is not freely published.",,26.43,,13.8,,,,10607.51,,,"iskk-dominicantes-communicantes-diocese-2014-2024|pl-diocese-2004-mixed-osm-gisco-gmina","boundary_basis=gmina_digitisation;confidence=low;counts_based_practice_rate;obligati_denominator;single_count_sunday"
"PL","pl_diocese_2004","diocese","pl_diocese_2004:gliwice","gliwice","Diecezja Gliwicka",2024,,"Rates ship without a count base. ISKK dominicantes and communicantes are counts-based percentages over obligati: Catholics obliged to attend Sunday Mass, excluding children under seven, the sick and infirm, the very elderly, and travellers. ISKK counts one October or November Sunday per year. The 2020 count did not take place because of COVID-19, and 2013 is not freely published.",,28.83,,15.07,,,,2227.92,,,"iskk-dominicantes-communicantes-diocese-2014-2024|pl-diocese-2004-mixed-osm-gisco-gmina","boundary_basis=osm_relation;confidence=null;counts_based_practice_rate;obligati_denominator;single_count_sunday"
"PL","pl_diocese_2004","diocese","pl_diocese_2004:gniezno","gniezno","Archidiecezja Gnieźnieńska",2024,,"Rates ship without a count base. ISKK dominicantes and communicantes are counts-based percentages over obligati: Catholics obliged to attend Sunday Mass, excluding children under seven, the sick and infirm, the very elderly, and travellers. ISKK counts one October or November Sunday per year. The 2020 count did not take place because of COVID-19, and 2013 is not freely published.",,26.5,,13,,,,8430.69,,,"iskk-dominicantes-communicantes-diocese-2014-2024|pl-diocese-2004-mixed-osm-gisco-gmina","boundary_basis=gmina_digitisation;confidence=standard;counts_based_practice_rate;obligati_denominator;single_count_sunday"
"PL","pl_diocese_2004","diocese","pl_diocese_2004:kalisz","kalisz","Diecezja Kaliska",2024,,"Rates ship without a count base. ISKK dominicantes and communicantes are counts-based percentages over obligati: Catholics obliged to attend Sunday Mass, excluding children under seven, the sick and infirm, the very elderly, and travellers. ISKK counts one October or November Sunday per year. The 2020 count did not take place because of COVID-19, and 2013 is not freely published.",,32.38,,16.69,,,,8197.2,,,"iskk-dominicantes-communicantes-diocese-2014-2024|pl-diocese-2004-mixed-osm-gisco-gmina","boundary_basis=osm_relation;confidence=null;counts_based_practice_rate;obligati_denominator;single_count_sunday"
"PL","pl_diocese_2004","diocese","pl_diocese_2004:katowice","katowice","Archidiecezja Katowicka",2024,,"Rates ship without a count base. ISKK dominicantes and communicantes are counts-based percentages over obligati: Catholics obliged to attend Sunday Mass, excluding children under seven, the sick and infirm, the very elderly, and travellers. ISKK counts one October or November Sunday per year. The 2020 count did not take place because of COVID-19, and 2013 is not freely published.",,25.82,,15.13,,,,2321.06,,,"iskk-dominicantes-communicantes-diocese-2014-2024|pl-diocese-2004-mixed-osm-gisco-gmina","boundary_basis=osm_relation;confidence=null;counts_based_practice_rate;obligati_denominator;single_count_sunday"
"PL","pl_diocese_2004","diocese","pl_diocese_2004:kielce","kielce","Diecezja Kielecka",2024,,"Rates ship without a count base. ISKK dominicantes and communicantes are counts-based percentages over obligati: Catholics obliged to attend Sunday Mass, excluding children under seven, the sick and infirm, the very elderly, and travellers. ISKK counts one October or November Sunday per year. The 2020 count did not take place because of COVID-19, and 2013 is not freely published.",,32.47,,17.06,,,,8986.23,,,"iskk-dominicantes-communicantes-diocese-2014-2024|pl-diocese-2004-mixed-osm-gisco-gmina","boundary_basis=gmina_digitisation;confidence=standard;counts_based_practice_rate;obligati_denominator;single_count_sunday"
"PL","pl_diocese_2004","diocese","pl_diocese_2004:koszalin_kolobrzeg","koszalin_kolobrzeg","Diecezja Koszalińsko-Kołobrzeska",2024,,"Rates ship without a count base. ISKK dominicantes and communicantes are counts-based percentages over obligati: Catholics obliged to attend Sunday Mass, excluding children under seven, the sick and infirm, the very elderly, and travellers. ISKK counts one October or November Sunday per year. The 2020 count did not take place because of COVID-19, and 2013 is not freely published.",,17.53,,8.98,,,,15003.83,,,"iskk-dominicantes-communicantes-diocese-2014-2024|pl-diocese-2004-mixed-osm-gisco-gmina","boundary_basis=osm_relation;confidence=null;counts_based_practice_rate;obligati_denominator;single_count_sunday"
"PL","pl_diocese_2004","diocese","pl_diocese_2004:krakow","krakow","Archidiecezja Krakowska",2024,,"Rates ship without a count base. ISKK dominicantes and communicantes are counts-based percentages over obligati: Catholics obliged to attend Sunday Mass, excluding children under seven, the sick and infirm, the very elderly, and travellers. ISKK counts one October or November Sunday per year. The 2020 count did not take place because of COVID-19, and 2013 is not freely published.",,39.94,,17.82,,,,5983.5,,,"iskk-dominicantes-communicantes-diocese-2014-2024|pl-diocese-2004-mixed-osm-gisco-gmina","boundary_basis=osm_relation;confidence=null;counts_based_practice_rate;obligati_denominator;single_count_sunday"
"PL","pl_diocese_2004","diocese","pl_diocese_2004:legnica","legnica","Diecezja Legnicka",2024,,"Rates ship without a count base. ISKK dominicantes and communicantes are counts-based percentages over obligati: Catholics obliged to attend Sunday Mass, excluding children under seven, the sick and infirm, the very elderly, and travellers. ISKK counts one October or November Sunday per year. The 2020 count did not take place because of COVID-19, and 2013 is not freely published.",,21.38,,10.99,,,,7124.04,,,"iskk-dominicantes-communicantes-diocese-2014-2024|pl-diocese-2004-mixed-osm-gisco-gmina","boundary_basis=osm_relation;confidence=null;counts_based_practice_rate;obligati_denominator;single_count_sunday"
"PL","pl_diocese_2004","diocese","pl_diocese_2004:lodz","lodz","Archidiecezja Łódzka",2024,,"Rates ship without a count base. ISKK dominicantes and communicantes are counts-based percentages over obligati: Catholics obliged to attend Sunday Mass, excluding children under seven, the sick and infirm, the very elderly, and travellers. ISKK counts one October or November Sunday per year. The 2020 count did not take place because of COVID-19, and 2013 is not freely published.",,18.64,,9.88,,,,5912.61,,,"iskk-dominicantes-communicantes-diocese-2014-2024|pl-diocese-2004-mixed-osm-gisco-gmina","boundary_basis=gmina_digitisation;confidence=standard;counts_based_practice_rate;obligati_denominator;single_count_sunday"
"PL","pl_diocese_2004","diocese","pl_diocese_2004:lomza","lomza","Diecezja Łomżyńska",2024,,"Rates ship without a count base. ISKK dominicantes and communicantes are counts-based percentages over obligati: Catholics obliged to attend Sunday Mass, excluding children under seven, the sick and infirm, the very elderly, and travellers. ISKK counts one October or November Sunday per year. The 2020 count did not take place because of COVID-19, and 2013 is not freely published.",,36.21,,18.85,,,,13668.27,,,"iskk-dominicantes-communicantes-diocese-2014-2024|pl-diocese-2004-mixed-osm-gisco-gmina","boundary_basis=gmina_digitisation;confidence=low;counts_based_practice_rate;obligati_denominator;single_count_sunday"
"PL","pl_diocese_2004","diocese","pl_diocese_2004:lowicz","lowicz","Diecezja Łowicka",2024,,"Rates ship without a count base. ISKK dominicantes and communicantes are counts-based percentages over obligati: Catholics obliged to attend Sunday Mass, excluding children under seven, the sick and infirm, the very elderly, and travellers. ISKK counts one October or November Sunday per year. The 2020 count did not take place because of COVID-19, and 2013 is not freely published.",,22.48,,12.08,,,,6706.04,,,"iskk-dominicantes-communicantes-diocese-2014-2024|pl-diocese-2004-mixed-osm-gisco-gmina","boundary_basis=osm_relation;confidence=null;counts_based_practice_rate;obligati_denominator;single_count_sunday"
"PL","pl_diocese_2004","diocese","pl_diocese_2004:lublin","lublin","Archidiecezja Lubelska",2024,,"Rates ship without a count base. ISKK dominicantes and communicantes are counts-based percentages over obligati: Catholics obliged to attend Sunday Mass, excluding children under seven, the sick and infirm, the very elderly, and travellers. ISKK counts one October or November Sunday per year. The 2020 count did not take place because of COVID-19, and 2013 is not freely published.",,30.32,,17.53,,,,7280.83,,,"iskk-dominicantes-communicantes-diocese-2014-2024|pl-diocese-2004-mixed-osm-gisco-gmina","boundary_basis=gmina_digitisation;confidence=low;counts_based_practice_rate;obligati_denominator;single_count_sunday"
"PL","pl_diocese_2004","diocese","pl_diocese_2004:opole","opole","Diecezja Opolska",2024,,"Rates ship without a count base. ISKK dominicantes and communicantes are counts-based percentages over obligati: Catholics obliged to attend Sunday Mass, excluding children under seven, the sick and infirm, the very elderly, and travellers. ISKK counts one October or November Sunday per year. The 2020 count did not take place because of COVID-19, and 2013 is not freely published.",,34.12,,18.51,,,,8132.85,,,"iskk-dominicantes-communicantes-diocese-2014-2024|pl-diocese-2004-mixed-osm-gisco-gmina","boundary_basis=osm_relation;confidence=null;counts_based_practice_rate;obligati_denominator;single_count_sunday"
"PL","pl_diocese_2004","diocese","pl_diocese_2004:pelplin","pelplin","Diecezja Pelplińska",2024,,"Rates ship without a count base. ISKK dominicantes and communicantes are counts-based percentages over obligati: Catholics obliged to attend Sunday Mass, excluding children under seven, the sick and infirm, the very elderly, and travellers. ISKK counts one October or November Sunday per year. The 2020 count did not take place because of COVID-19, and 2013 is not freely published.",,37.59,,18.68,,,,1466.98,,,"iskk-dominicantes-communicantes-diocese-2014-2024|pl-diocese-2004-mixed-osm-gisco-gmina","boundary_basis=osm_relation;confidence=null;counts_based_practice_rate;obligati_denominator;single_count_sunday"
"PL","pl_diocese_2004","diocese","pl_diocese_2004:plock","plock","Diecezja Płocka",2024,,"Rates ship without a count base. ISKK dominicantes and communicantes are counts-based percentages over obligati: Catholics obliged to attend Sunday Mass, excluding children under seven, the sick and infirm, the very elderly, and travellers. ISKK counts one October or November Sunday per year. The 2020 count did not take place because of COVID-19, and 2013 is not freely published.",,24.58,,11.52,,,,2272.39,,,"iskk-dominicantes-communicantes-diocese-2014-2024|pl-diocese-2004-mixed-osm-gisco-gmina","boundary_basis=osm_relation;confidence=null;counts_based_practice_rate;obligati_denominator;single_count_sunday"
"PL","pl_diocese_2004","diocese","pl_diocese_2004:poznan","poznan","Archidiecezja Poznańska",2024,,"Rates ship without a count base. ISKK dominicantes and communicantes are counts-based percentages over obligati: Catholics obliged to attend Sunday Mass, excluding children under seven, the sick and infirm, the very elderly, and travellers. ISKK counts one October or November Sunday per year. The 2020 count did not take place because of COVID-19, and 2013 is not freely published.",,27.64,,14.66,,,,11617.16,,,"iskk-dominicantes-communicantes-diocese-2014-2024|pl-diocese-2004-mixed-osm-gisco-gmina","boundary_basis=osm_relation;confidence=null;counts_based_practice_rate;obligati_denominator;single_count_sunday"
"PL","pl_diocese_2004","diocese","pl_diocese_2004:przemysl","przemysl","Archidiecezja Przemyska",2024,,"Rates ship without a count base. ISKK dominicantes and communicantes are counts-based percentages over obligati: Catholics obliged to attend Sunday Mass, excluding children under seven, the sick and infirm, the very elderly, and travellers. ISKK counts one October or November Sunday per year. The 2020 count did not take place because of COVID-19, and 2013 is not freely published.",,50.03,,18.31,,,,8897.02,,,"iskk-dominicantes-communicantes-diocese-2014-2024|pl-diocese-2004-mixed-osm-gisco-gmina","boundary_basis=osm_relation;confidence=null;counts_based_practice_rate;obligati_denominator;single_count_sunday"
"PL","pl_diocese_2004","diocese","pl_diocese_2004:radom","radom","Diecezja Radomska",2024,,"Rates ship without a count base. ISKK dominicantes and communicantes are counts-based percentages over obligati: Catholics obliged to attend Sunday Mass, excluding children under seven, the sick and infirm, the very elderly, and travellers. ISKK counts one October or November Sunday per year. The 2020 count did not take place because of COVID-19, and 2013 is not freely published.",,31.69,,15.4,,,,9647.46,,,"iskk-dominicantes-communicantes-diocese-2014-2024|pl-diocese-2004-mixed-osm-gisco-gmina","boundary_basis=osm_relation;confidence=null;counts_based_practice_rate;obligati_denominator;single_count_sunday"
"PL","pl_diocese_2004","diocese","pl_diocese_2004:rzeszow","rzeszow","Diecezja Rzeszowska",2024,,"Rates ship without a count base. ISKK dominicantes and communicantes are counts-based percentages over obligati: Catholics obliged to attend Sunday Mass, excluding children under seven, the sick and infirm, the very elderly, and travellers. ISKK counts one October or November Sunday per year. The 2020 count did not take place because of COVID-19, and 2013 is not freely published.",,52.44,,18.66,,,,3909.94,,,"iskk-dominicantes-communicantes-diocese-2014-2024|pl-diocese-2004-mixed-osm-gisco-gmina","boundary_basis=osm_relation;confidence=null;counts_based_practice_rate;obligati_denominator;single_count_sunday"
"PL","pl_diocese_2004","diocese","pl_diocese_2004:sandomierz","sandomierz","Diecezja Sandomierska",2024,,"Rates ship without a count base. ISKK dominicantes and communicantes are counts-based percentages over obligati: Catholics obliged to attend Sunday Mass, excluding children under seven, the sick and infirm, the very elderly, and travellers. ISKK counts one October or November Sunday per year. The 2020 count did not take place because of COVID-19, and 2013 is not freely published.",,33.84,,15.44,,,,7143.67,,,"iskk-dominicantes-communicantes-diocese-2014-2024|pl-diocese-2004-mixed-osm-gisco-gmina","boundary_basis=gmina_digitisation;confidence=standard;counts_based_practice_rate;obligati_denominator;single_count_sunday"
"PL","pl_diocese_2004","diocese","pl_diocese_2004:siedlce","siedlce","Diecezja Siedlecka",2024,,"Rates ship without a count base. ISKK dominicantes and communicantes are counts-based percentages over obligati: Catholics obliged to attend Sunday Mass, excluding children under seven, the sick and infirm, the very elderly, and travellers. ISKK counts one October or November Sunday per year. The 2020 count did not take place because of COVID-19, and 2013 is not freely published.",,38.86,,19.34,,,,12975.69,,,"iskk-dominicantes-communicantes-diocese-2014-2024|pl-diocese-2004-mixed-osm-gisco-gmina","boundary_basis=osm_relation;confidence=null;counts_based_practice_rate;obligati_denominator;single_count_sunday"
"PL","pl_diocese_2004","diocese","pl_diocese_2004:sosnowiec","sosnowiec","Diecezja Sosnowiecka",2024,,"Rates ship without a count base. ISKK dominicantes and communicantes are counts-based percentages over obligati: Catholics obliged to attend Sunday Mass, excluding children under seven, the sick and infirm, the very elderly, and travellers. ISKK counts one October or November Sunday per year. The 2020 count did not take place because of COVID-19, and 2013 is not freely published.",,18.4,,8.65,,,,1833.06,,,"iskk-dominicantes-communicantes-diocese-2014-2024|pl-diocese-2004-mixed-osm-gisco-gmina","boundary_basis=gmina_digitisation;confidence=standard;counts_based_practice_rate;obligati_denominator;single_count_sunday"
"PL","pl_diocese_2004","diocese","pl_diocese_2004:swidnica","swidnica","Diecezja Świdnicka",2024,,"Rates ship without a count base. ISKK dominicantes and communicantes are counts-based percentages over obligati: Catholics obliged to attend Sunday Mass, excluding children under seven, the sick and infirm, the very elderly, and travellers. ISKK counts one October or November Sunday per year. The 2020 count did not take place because of COVID-19, and 2013 is not freely published.",,21.48,,11.32,,,,4586.56,,,"iskk-dominicantes-communicantes-diocese-2014-2024|pl-diocese-2004-mixed-osm-gisco-gmina","boundary_basis=gmina_digitisation;confidence=standard;counts_based_practice_rate;obligati_denominator;single_count_sunday"
"PL","pl_diocese_2004","diocese","pl_diocese_2004:szczecin_kamien","szczecin_kamien","Archidiecezja Szczecińsko-Kamieńska",2024,,"Rates ship without a count base. ISKK dominicantes and communicantes are counts-based percentages over obligati: Catholics obliged to attend Sunday Mass, excluding children under seven, the sick and infirm, the very elderly, and travellers. ISKK counts one October or November Sunday per year. The 2020 count did not take place because of COVID-19, and 2013 is not freely published.",,17.59,,8.85,,,,10258.62,,,"iskk-dominicantes-communicantes-diocese-2014-2024|pl-diocese-2004-mixed-osm-gisco-gmina","boundary_basis=osm_relation;confidence=null;counts_based_practice_rate;obligati_denominator;single_count_sunday"
"PL","pl_diocese_2004","diocese","pl_diocese_2004:tarnow","tarnow","Diecezja Tarnowska",2024,,"Rates ship without a count base. ISKK dominicantes and communicantes are counts-based percentages over obligati: Catholics obliged to attend Sunday Mass, excluding children under seven, the sick and infirm, the very elderly, and travellers. ISKK counts one October or November Sunday per year. The 2020 count did not take place because of COVID-19, and 2013 is not freely published.",,62.34,,26.17,,,,6966.25,,,"iskk-dominicantes-communicantes-diocese-2014-2024|pl-diocese-2004-mixed-osm-gisco-gmina","boundary_basis=osm_relation;confidence=null;counts_based_practice_rate;obligati_denominator;single_count_sunday"
"PL","pl_diocese_2004","diocese","pl_diocese_2004:torun","torun","Diecezja Toruńska",2024,,"Rates ship without a count base. ISKK dominicantes and communicantes are counts-based percentages over obligati: Catholics obliged to attend Sunday Mass, excluding children under seven, the sick and infirm, the very elderly, and travellers. ISKK counts one October or November Sunday per year. The 2020 count did not take place because of COVID-19, and 2013 is not freely published.",,23.77,,11.92,,,,5845.62,,,"iskk-dominicantes-communicantes-diocese-2014-2024|pl-diocese-2004-mixed-osm-gisco-gmina","boundary_basis=osm_relation;confidence=null;counts_based_practice_rate;obligati_denominator;single_count_sunday"
"PL","pl_diocese_2004","diocese","pl_diocese_2004:warmia","warmia","Archidiecezja Warmińska",2024,,"Rates ship without a count base. ISKK dominicantes and communicantes are counts-based percentages over obligati: Catholics obliged to attend Sunday Mass, excluding children under seven, the sick and infirm, the very elderly, and travellers. ISKK counts one October or November Sunday per year. The 2020 count did not take place because of COVID-19, and 2013 is not freely published.",,21.53,,11.26,,,,12056.27,,,"iskk-dominicantes-communicantes-diocese-2014-2024|pl-diocese-2004-mixed-osm-gisco-gmina","boundary_basis=osm_relation;confidence=null;counts_based_practice_rate;obligati_denominator;single_count_sunday"
"PL","pl_diocese_2004","diocese","pl_diocese_2004:warszawa","warszawa","Archidiecezja Warszawska",2024,,"Rates ship without a count base. ISKK dominicantes and communicantes are counts-based percentages over obligati: Catholics obliged to attend Sunday Mass, excluding children under seven, the sick and infirm, the very elderly, and travellers. ISKK counts one October or November Sunday per year. The 2020 count did not take place because of COVID-19, and 2013 is not freely published.",,19.85,,10.89,,,,3392.18,,,"iskk-dominicantes-communicantes-diocese-2014-2024|pl-diocese-2004-mixed-osm-gisco-gmina","boundary_basis=osm_relation;confidence=null;counts_based_practice_rate;obligati_denominator;single_count_sunday"
"PL","pl_diocese_2004","diocese","pl_diocese_2004:warszawa_praga","warszawa_praga","Diecezja Warszawsko-Praska",2024,,"Rates ship without a count base. ISKK dominicantes and communicantes are counts-based percentages over obligati: Catholics obliged to attend Sunday Mass, excluding children under seven, the sick and infirm, the very elderly, and travellers. ISKK counts one October or November Sunday per year. The 2020 count did not take place because of COVID-19, and 2013 is not freely published.",,24.09,,12.85,,,,3261.54,,,"iskk-dominicantes-communicantes-diocese-2014-2024|pl-diocese-2004-mixed-osm-gisco-gmina","boundary_basis=osm_relation;confidence=null;counts_based_practice_rate;obligati_denominator;single_count_sunday"
"PL","pl_diocese_2004","diocese","pl_diocese_2004:wloclawek","wloclawek","Diecezja Włocławska",2024,,"Rates ship without a count base. ISKK dominicantes and communicantes are counts-based percentages over obligati: Catholics obliged to attend Sunday Mass, excluding children under seven, the sick and infirm, the very elderly, and travellers. ISKK counts one October or November Sunday per year. The 2020 count did not take place because of COVID-19, and 2013 is not freely published.",,23.39,,11.09,,,,10736.15,,,"iskk-dominicantes-communicantes-diocese-2014-2024|pl-diocese-2004-mixed-osm-gisco-gmina","boundary_basis=gmina_digitisation;confidence=low;counts_based_practice_rate;obligati_denominator;single_count_sunday"
"PL","pl_diocese_2004","diocese","pl_diocese_2004:wroclaw","wroclaw","Archidiecezja Wrocławska",2024,,"Rates ship without a count base. ISKK dominicantes and communicantes are counts-based percentages over obligati: Catholics obliged to attend Sunday Mass, excluding children under seven, the sick and infirm, the very elderly, and travellers. ISKK counts one October or November Sunday per year. The 2020 count did not take place because of COVID-19, and 2013 is not freely published.",,23.01,,11.87,,,,7534.37,,,"iskk-dominicantes-communicantes-diocese-2014-2024|pl-diocese-2004-mixed-osm-gisco-gmina","boundary_basis=gmina_digitisation;confidence=standard;counts_based_practice_rate;obligati_denominator;single_count_sunday"
"PL","pl_diocese_2004","diocese","pl_diocese_2004:zamosc_lubaczow","zamosc_lubaczow","Diecezja Zamojsko-Lubaczowska",2024,,"Rates ship without a count base. ISKK dominicantes and communicantes are counts-based percentages over obligati: Catholics obliged to attend Sunday Mass, excluding children under seven, the sick and infirm, the very elderly, and travellers. ISKK counts one October or November Sunday per year. The 2020 count did not take place because of COVID-19, and 2013 is not freely published.",,38.58,,21.76,,,,8814.54,,,"iskk-dominicantes-communicantes-diocese-2014-2024|pl-diocese-2004-mixed-osm-gisco-gmina","boundary_basis=gmina_digitisation;confidence=standard;counts_based_practice_rate;obligati_denominator;single_count_sunday"
"PL","pl_diocese_2004","diocese","pl_diocese_2004:zielona_gora_gorzow","zielona_gora_gorzow","Diecezja Zielonogórsko-Gorzowska",2024,,"Rates ship without a count base. ISKK dominicantes and communicantes are counts-based percentages over obligati: Catholics obliged to attend Sunday Mass, excluding children under seven, the sick and infirm, the very elderly, and travellers. ISKK counts one October or November Sunday per year. The 2020 count did not take place because of COVID-19, and 2013 is not freely published.",,18.53,,9.3,,,,17427.64,,,"iskk-dominicantes-communicantes-diocese-2014-2024|pl-diocese-2004-mixed-osm-gisco-gmina","boundary_basis=gmina_digitisation;confidence=low;counts_based_practice_rate;obligati_denominator;single_count_sunday"
