{"type":"FeatureCollection", "features": [
{"type":"Feature","geometry":{"type":"MultiPolygon","coordinates":[[[[8.41222,47.14057],[8.41343,47.14189],[8.41415,47.14302],[8.41469,47.14436],[8.41493,47.14594],[8.41484,47.14706],[8.41413,47.14899],[8.41234,47.15216],[8.41205,47.15293],[8.41201,47.1542],[8.4124,47.15508],[8.41473,47.15765],[8.41526,47.1592],[8.41539,47.16322],[8.41498,47.1655],[8.41207,47.17288],[8.4112,47.17416],[8.41006,47.175],[8.40777,47.17575],[8.4034,47.17639],[8.40223,47.17704],[8.40044,47.18271],[8.40023,47.18402],[8.40026,47.18541],[8.40088,47.18811],[8.40168,47.1899],[8.4026,47.19107],[8.40437,47.1929],[8.40496,47.19375],[8.40534,47.19527],[8.40478,47.19707],[8.40252,47.20069],[8.40209,47.2019],[8.40177,47.20475],[8.4005,47.20833],[8.40046,47.2097],[8.40103,47.21383],[8.40058,47.21561],[8.39948,47.21691],[8.39745,47.21842],[8.39683,47.21917],[8.39631,47.22053],[8.39489,47.22532],[8.39506,47.22684],[8.39603,47.22888],[8.39705,47.23042],[8.39833,47.23168],[8.39953,47.23255],[8.40464,47.23575],[8.4055,47.23637],[8.40628,47.23743],[8.4065,47.23996],[8.40722,47.24156],[8.41016,47.24445],[8.41081,47.24549],[8.4109,47.24697],[8.41008,47.24837],[8.40745,47.25089],[8.40412,47.25322],[8.40289,47.25461],[8.40263,47.25561],[8.40305,47.25714],[8.40409,47.25863],[8.40451,47.25991],[8.40435,47.26093],[8.40388,47.26175],[8.40298,47.26257],[8.40168,47.26336],[8.40092,47.26411],[8.40056,47.26584],[8.40227,47.27039],[8.40244,47.27132],[8.40224,47.27225],[8.40169,47.27311],[8.40083,47.27385],[8.3965,47.27672],[8.39569,47.27736],[8.3945,47.27885],[8.39415,47.27967],[8.39309,47.28342],[8.39242,47.28498],[8.39113,47.28745],[8.39038,47.28837],[8.38865,47.29003],[8.39138,47.29103],[8.39271,47.29092],[8.39413,47.29015],[8.39509,47.28929],[8.39648,47.28855],[8.39723,47.2879],[8.40153,47.2895],[8.40408,47.29078],[8.40359,47.29176],[8.40576,47.29226],[8.40769,47.29254],[8.41281,47.29297],[8.41531,47.29386],[8.41707,47.29381],[8.4189,47.29467],[8.41926,47.2952],[8.42024,47.2957],[8.4199,47.29651],[8.42042,47.29713],[8.42158,47.29778],[8.42224,47.29775],[8.42317,47.29838],[8.42463,47.29888],[8.42584,47.29952],[8.42678,47.29969],[8.42798,47.30035],[8.42914,47.30068],[8.42855,47.30115],[8.42938,47.30223],[8.42989,47.30342],[8.43034,47.30371],[8.43077,47.30521],[8.42965,47.30606],[8.42928,47.30724],[8.431,47.3078],[8.4322,47.30867],[8.43198,47.31059],[8.43205,47.31154],[8.43273,47.31217],[8.43596,47.31416],[8.43648,47.31528],[8.43802,47.31514],[8.44132,47.31583],[8.44049,47.31758],[8.44239,47.31837],[8.4458,47.31999],[8.44663,47.32155],[8.44766,47.32193],[8.44837,47.32284],[8.44917,47.32335],[8.44862,47.32427],[8.44996,47.32551],[8.44852,47.32597],[8.45241,47.3287],[8.45155,47.32914],[8.45374,47.33165],[8.45496,47.33341],[8.45511,47.33408],[8.45412,47.33475],[8.45297,47.33325],[8.45101,47.33362],[8.45089,47.3326],[8.44998,47.3311],[8.44985,47.33049],[8.44625,47.32981],[8.44436,47.32894],[8.44354,47.32922],[8.44208,47.32742],[8.44133,47.3272],[8.4406,47.32765],[8.43921,47.32706],[8.43673,47.32675],[8.43478,47.32532],[8.43167,47.32698],[8.43125,47.32653],[8.42944,47.32736],[8.42768,47.32662],[8.42517,47.32643],[8.42316,47.32604],[8.42091,47.32543],[8.41904,47.32473],[8.41629,47.32446],[8.4158,47.32474],[8.41525,47.32625],[8.41321,47.3264],[8.41243,47.32713],[8.41259,47.32856],[8.4134,47.32872],[8.41396,47.3307],[8.41674,47.3338],[8.41677,47.33439],[8.41587,47.33571],[8.41665,47.33669],[8.41639,47.33712],[8.41476,47.33684],[8.41372,47.33804],[8.41139,47.3391],[8.41055,47.34022],[8.40961,47.34055],[8.40848,47.34132],[8.40732,47.34158],[8.40695,47.34229],[8.40668,47.34402],[8.40533,47.34472],[8.40387,47.34657],[8.40403,47.34712],[8.40559,47.34884],[8.40578,47.35109],[8.40653,47.35168],[8.40835,47.35355],[8.40927,47.35509],[8.40746,47.35546],[8.40736,47.35704],[8.40678,47.35799],[8.40717,47.35984],[8.40679,47.36011],[8.40686,47.36131],[8.40609,47.3629],[8.40494,47.3641],[8.4054,47.36498],[8.40635,47.36596],[8.4082,47.36665],[8.40729,47.36787],[8.4071,47.36879],[8.40785,47.36976],[8.40704,47.37023],[8.40298,47.37],[8.40188,47.37064],[8.40037,47.37051],[8.40056,47.37152],[8.40003,47.37327],[8.40078,47.3742],[8.39953,47.37482],[8.39835,47.37513],[8.39743,47.37599],[8.39711,47.37669],[8.39639,47.37704],[8.39656,47.37906],[8.39548,47.38029],[8.39497,47.38119],[8.39544,47.38169],[8.39486,47.38327],[8.39508,47.38437],[8.3948,47.38551],[8.39536,47.38618],[8.3949,47.38709],[8.3948,47.38821],[8.39492,47.39016],[8.39409,47.39103],[8.39451,47.39142],[8.39577,47.39155],[8.39645,47.39263],[8.39635,47.39382],[8.39478,47.39352],[8.39391,47.39498],[8.39307,47.39488],[8.39191,47.39584],[8.39104,47.39554],[8.38976,47.39465],[8.38799,47.39564],[8.38632,47.39522],[8.38353,47.39526],[8.38284,47.3958],[8.38264,47.39661],[8.38161,47.39722],[8.37991,47.39963],[8.37848,47.40005],[8.3763,47.40001],[8.37529,47.39936],[8.37407,47.39904],[8.36885,47.39926],[8.36746,47.39881],[8.36639,47.39882],[8.36505,47.39951],[8.36426,47.40056],[8.36329,47.401],[8.3625,47.40232],[8.3649,47.40229],[8.36583,47.40251],[8.36743,47.40074],[8.36805,47.40141],[8.36909,47.40331],[8.37061,47.40382],[8.37381,47.40448],[8.37618,47.4048],[8.37925,47.40241],[8.38097,47.40298],[8.38201,47.40352],[8.3827,47.40478],[8.38462,47.40622],[8.38194,47.4081],[8.3813,47.40892],[8.38109,47.40984],[8.38146,47.41099],[8.38199,47.41157],[8.38526,47.41442],[8.38176,47.41627],[8.3838,47.41803],[8.38755,47.41636],[8.39145,47.41977],[8.39227,47.42144],[8.39187,47.4228],[8.3911,47.42369],[8.38902,47.42548],[8.38795,47.42676],[8.38763,47.42796],[8.38519,47.42796],[8.38326,47.4281],[8.38015,47.42905],[8.37813,47.42922],[8.37673,47.42959],[8.37508,47.43067],[8.37467,47.43225],[8.37521,47.43232],[8.37618,47.43349],[8.3771,47.43383],[8.3791,47.43308],[8.38085,47.43276],[8.38104,47.43331],[8.38287,47.43291],[8.384,47.43455],[8.38394,47.43495],[8.38504,47.43594],[8.38505,47.43673],[8.38403,47.43724],[8.38383,47.43817],[8.38447,47.43839],[8.38381,47.43991],[8.38196,47.44049],[8.38191,47.44245],[8.38168,47.44415],[8.38113,47.44622],[8.38217,47.44648],[8.38176,47.4487],[8.3859,47.44927],[8.38666,47.44973],[8.38561,47.45179],[8.38443,47.45491],[8.38311,47.4551],[8.38274,47.45633],[8.38032,47.45619],[8.3794,47.45728],[8.379,47.45916],[8.37786,47.45949],[8.37432,47.45936],[8.37284,47.45918],[8.37215,47.46107],[8.37102,47.46179],[8.37067,47.46239],[8.36954,47.4634],[8.36972,47.4638],[8.36945,47.46533],[8.36885,47.4658],[8.3674,47.46623],[8.36722,47.46575],[8.36569,47.46621],[8.36578,47.46752],[8.36772,47.46806],[8.36802,47.46918],[8.36738,47.46942],[8.36803,47.47042],[8.37032,47.47043],[8.37167,47.47012],[8.37533,47.47114],[8.37529,47.47164],[8.37431,47.47301],[8.37412,47.47428],[8.3736,47.47486],[8.37411,47.47815],[8.3742,47.48046],[8.37327,47.48147],[8.37109,47.48129],[8.36629,47.4811],[8.36328,47.48086],[8.36276,47.48323],[8.362,47.48574],[8.36208,47.48854],[8.36267,47.49056],[8.3619,47.49141],[8.36108,47.49518],[8.3606,47.49593],[8.35844,47.49748],[8.36026,47.49864],[8.36216,47.49956],[8.36276,47.50012],[8.36291,47.50116],[8.3598,47.50082],[8.35849,47.5014],[8.35785,47.50247],[8.3587,47.50303],[8.35844,47.50349],[8.35917,47.50451],[8.35883,47.50549],[8.3593,47.50634],[8.36165,47.50782],[8.36086,47.50888],[8.36123,47.5101],[8.36371,47.51091],[8.36599,47.51088],[8.36657,47.51155],[8.3682,47.51119],[8.36816,47.51203],[8.36866,47.5122],[8.37041,47.5115],[8.3716,47.51179],[8.37364,47.51102],[8.37415,47.51119],[8.37466,47.51218],[8.37648,47.51248],[8.37706,47.51239],[8.3788,47.51367],[8.37965,47.51491],[8.37927,47.51588],[8.38037,47.51597],[8.38059,47.51849],[8.38044,47.51996],[8.38094,47.52125],[8.38131,47.52301],[8.3814,47.52491],[8.38216,47.52628],[8.38353,47.52769],[8.38513,47.52865],[8.38665,47.52887],[8.38749,47.52831],[8.38983,47.52734],[8.38889,47.52631],[8.39066,47.52627],[8.39207,47.52539],[8.39333,47.52572],[8.39467,47.5274],[8.39573,47.52832],[8.39513,47.52916],[8.39515,47.53021],[8.39486,47.53148],[8.39549,47.53202],[8.39767,47.53264],[8.40038,47.53323],[8.40257,47.53324],[8.40385,47.53345],[8.40443,47.53432],[8.40421,47.53509],[8.40354,47.5357],[8.4023,47.53748],[8.40135,47.53807],[8.40146,47.53914],[8.40208,47.5396],[8.40327,47.53841],[8.40432,47.53839],[8.40413,47.53923],[8.40553,47.53945],[8.40519,47.53989],[8.40606,47.54035],[8.40511,47.54186],[8.40641,47.54199],[8.40734,47.54257],[8.40761,47.54357],[8.4087,47.54387],[8.41041,47.54549],[8.41255,47.5457],[8.41271,47.54625],[8.41741,47.54589],[8.41553,47.54772],[8.41508,47.5485],[8.41547,47.54935],[8.41694,47.55027],[8.41461,47.552],[8.41478,47.55317],[8.41445,47.55389],[8.41563,47.5557],[8.41638,47.55731],[8.41639,47.55791],[8.41769,47.55845],[8.41789,47.5591],[8.41757,47.56005],[8.41787,47.56072],[8.41688,47.56093],[8.41848,47.56401],[8.41875,47.56516],[8.42358,47.56644],[8.42568,47.56786],[8.42117,47.56935],[8.41677,47.5705],[8.41449,47.57121],[8.41221,47.57217],[8.40918,47.57373],[8.40575,47.57522],[8.40005,47.5769],[8.39829,47.57718],[8.39649,47.57707],[8.39546,47.57682],[8.39398,47.57612],[8.38966,47.57322],[8.38788,47.57114],[8.3858,47.5676],[8.38487,47.56664],[8.38311,47.56579],[8.38147,47.56588],[8.3778,47.56715],[8.37368,47.56802],[8.37057,47.56844],[8.36599,47.56871],[8.36288,47.56915],[8.36021,47.56988],[8.35836,47.57017],[8.3516,47.57055],[8.34797,47.57081],[8.34595,47.57078],[8.34034,47.57037],[8.33392,47.57047],[8.33012,47.57086],[8.32876,47.57116],[8.32433,47.57268],[8.32189,47.57405],[8.32023,47.57526],[8.31854,47.57676],[8.3144,47.58084],[8.31243,47.58237],[8.31086,47.58336],[8.30835,47.58439],[8.30506,47.58514],[8.30267,47.58596],[8.29954,47.58775],[8.29733,47.58971],[8.296,47.5916],[8.29567,47.59235],[8.29535,47.59406],[8.29564,47.59681],[8.29773,47.60418],[8.29753,47.60568],[8.29656,47.60665],[8.29457,47.60789],[8.29202,47.60906],[8.28938,47.61002],[8.28628,47.61087],[8.28365,47.61131],[8.27926,47.61171],[8.2748,47.61132],[8.27206,47.61073],[8.26795,47.60939],[8.26648,47.60921],[8.26468,47.60935],[8.26312,47.61014],[8.26263,47.61078],[8.26098,47.61422],[8.25994,47.61504],[8.25857,47.61532],[8.25475,47.61504],[8.25284,47.61464],[8.24868,47.61323],[8.24586,47.61263],[8.2438,47.61247],[8.23947,47.61286],[8.23742,47.61247],[8.23425,47.60937],[8.23088,47.6066],[8.22959,47.60582],[8.22754,47.60507],[8.2265,47.60504],[8.22558,47.60537],[8.22404,47.60699],[8.22363,47.608],[8.22307,47.61114],[8.222,47.61424],[8.2208,47.61647],[8.22001,47.61736],[8.21765,47.61873],[8.21529,47.61966],[8.21137,47.62068],[8.20919,47.62097],[8.20667,47.62108],[8.20351,47.62084],[8.20116,47.62032],[8.19869,47.61939],[8.19695,47.61842],[8.19376,47.61613],[8.19253,47.6149],[8.18996,47.61142],[8.18865,47.60941],[8.18627,47.60632],[8.18463,47.60501],[8.18238,47.60411],[8.17712,47.60281],[8.17484,47.60176],[8.17282,47.6004],[8.17034,47.59792],[8.16826,47.59663],[8.16684,47.59531],[8.16469,47.59409],[8.16312,47.59367],[8.16059,47.59355],[8.15832,47.59396],[8.15592,47.59469],[8.15382,47.59554],[8.15247,47.59589],[8.1508,47.59602],[8.14859,47.59571],[8.14636,47.5948],[8.14337,47.59277],[8.13858,47.59043],[8.1379,47.58977],[8.13756,47.58841],[8.13808,47.58674],[8.13805,47.5855],[8.13746,47.58462],[8.13604,47.58378],[8.13356,47.58333],[8.12974,47.58345],[8.12667,47.58331],[8.12331,47.58344],[8.11938,47.58387],[8.11588,47.5839],[8.11266,47.58355],[8.11137,47.58322],[8.10946,47.58235],[8.10655,47.58028],[8.10499,47.5788],[8.10371,47.5772],[8.10278,47.57547],[8.10254,47.57424],[8.10208,47.56854],[8.10156,47.56656],[8.1009,47.56501],[8.09986,47.56328],[8.09808,47.56151],[8.09698,47.5608],[8.09278,47.55878],[8.09111,47.55814],[8.08931,47.55771],[8.08742,47.55751],[8.08354,47.55761],[8.08172,47.55795],[8.07889,47.55909],[8.07619,47.56067],[8.07369,47.56247],[8.07135,47.56369],[8.06977,47.56424],[8.06727,47.56449],[8.06565,47.56413],[8.06374,47.56336],[8.06207,47.56329],[8.06043,47.56368],[8.05886,47.56315],[8.05812,47.56198],[8.05738,47.56133],[8.0556,47.56046],[8.05317,47.55905],[8.05079,47.55795],[8.04809,47.55607],[8.04732,47.55571],[8.04167,47.55398],[8.03928,47.55339],[8.03387,47.55255],[8.02835,47.55208],[8.02625,47.5517],[8.02297,47.55056],[8.02062,47.55038],[8.01736,47.55071],[8.01523,47.55113],[8.0127,47.55203],[8.01112,47.55279],[8.00879,47.55422],[8.00694,47.55507],[8.00591,47.55537],[8.00209,47.5561],[7.99932,47.55647],[7.99743,47.55656],[7.99508,47.55648],[7.99082,47.5561],[7.98554,47.55543],[7.98122,47.55519],[7.97739,47.55525],[7.97468,47.55539],[7.97043,47.55583],[7.96705,47.55653],[7.96252,47.55788],[7.96104,47.55815],[7.95884,47.55795],[7.95627,47.55705],[7.95508,47.55647],[7.95247,47.55456],[7.95196,47.55355],[7.95127,47.55023],[7.95075,47.5486],[7.9498,47.54688],[7.94906,47.54591],[7.94778,47.54475],[7.94585,47.54394],[7.94442,47.54386],[7.94176,47.54419],[7.94038,47.54453],[7.93667,47.54598],[7.93553,47.54633],[7.93192,47.547],[7.92943,47.54712],[7.92553,47.54681],[7.92353,47.54679],[7.92025,47.5471],[7.91855,47.54736],[7.91584,47.54828],[7.91289,47.55006],[7.91083,47.5518],[7.90947,47.55358],[7.90833,47.55579],[7.90796,47.55683],[7.90723,47.55986],[7.90737,47.56102],[7.90839,47.56273],[7.91033,47.56476],[7.91101,47.56564],[7.91151,47.56685],[7.9116,47.56785],[7.91109,47.57018],[7.91062,47.57138],[7.90876,47.57391],[7.90744,47.57593],[7.90573,47.57819],[7.9031,47.58082],[7.90055,47.58268],[7.89361,47.58671],[7.8908,47.58783],[7.8876,47.58851],[7.88529,47.5888],[7.88294,47.58884],[7.8772,47.58846],[7.87533,47.58845],[7.87292,47.58867],[7.86989,47.58881],[7.86737,47.58865],[7.86182,47.58782],[7.86012,47.58735],[7.85865,47.58674],[7.85585,47.58524],[7.85365,47.58438],[7.84782,47.58273],[7.84563,47.5823],[7.84262,47.58214],[7.8407,47.5822],[7.83833,47.58261],[7.837,47.58326],[7.83432,47.58594],[7.83253,47.58669],[7.83082,47.58711],[7.82535,47.58789],[7.82334,47.588],[7.82184,47.58786],[7.81953,47.5873],[7.81821,47.58623],[7.81533,47.58157],[7.81409,47.57896],[7.81372,47.57761],[7.81255,47.5713],[7.81203,47.56995],[7.81147,47.56919],[7.81018,47.5681],[7.80887,47.5674],[7.80523,47.56596],[7.80369,47.56518],[7.80182,47.56399],[7.79939,47.56205],[7.79862,47.56109],[7.79693,47.55837],[7.79589,47.55747],[7.79092,47.55595],[7.78929,47.55506],[7.78605,47.55431],[7.78324,47.55332],[7.78122,47.5529],[7.77517,47.5526],[7.77317,47.55228],[7.77048,47.55143],[7.76724,47.55055],[7.76459,47.55005],[7.75873,47.54856],[7.75681,47.54766],[7.75487,47.54595],[7.75397,47.5454],[7.752,47.54476],[7.74742,47.544],[7.74356,47.54361],[7.72852,47.54258],[7.72,47.54185],[7.71807,47.54137],[7.71353,47.53964],[7.71488,47.53655],[7.71596,47.53583],[7.71669,47.53576],[7.71942,47.53625],[7.72116,47.53543],[7.72134,47.53607],[7.72228,47.53584],[7.72313,47.5368],[7.72438,47.53635],[7.72479,47.53538],[7.72567,47.53509],[7.72584,47.53351],[7.72657,47.53347],[7.72717,47.53293],[7.72786,47.53322],[7.72926,47.53295],[7.72994,47.5324],[7.73164,47.5328],[7.7333,47.53272],[7.73429,47.53094],[7.73514,47.53024],[7.73507,47.52957],[7.7373,47.5277],[7.73798,47.52733],[7.74051,47.52691],[7.74372,47.52608],[7.74582,47.52573],[7.74584,47.52616],[7.74731,47.52602],[7.74903,47.52499],[7.75067,47.52551],[7.75252,47.52573],[7.75508,47.52532],[7.75787,47.52606],[7.75851,47.5255],[7.76067,47.52523],[7.76252,47.52531],[7.76362,47.5247],[7.76457,47.52489],[7.76673,47.5245],[7.77016,47.52342],[7.77222,47.52329],[7.77414,47.52273],[7.77849,47.52182],[7.77989,47.52129],[7.78117,47.52111],[7.78292,47.52018],[7.78395,47.5202],[7.78574,47.52059],[7.7866,47.52052],[7.78826,47.51964],[7.78987,47.51903],[7.78981,47.51771],[7.79018,47.51601],[7.78791,47.51417],[7.78782,47.51328],[7.78882,47.51171],[7.78918,47.51047],[7.78888,47.50683],[7.7895,47.50507],[7.78987,47.50509],[7.79234,47.50372],[7.79163,47.50317],[7.79204,47.50277],[7.79152,47.50158],[7.79241,47.50127],[7.79281,47.50069],[7.79176,47.49882],[7.79112,47.49826],[7.791,47.4969],[7.78916,47.49632],[7.78882,47.49502],[7.78754,47.49438],[7.78663,47.49313],[7.78984,47.49336],[7.79036,47.49407],[7.79177,47.4948],[7.79306,47.49584],[7.79444,47.49626],[7.79571,47.49587],[7.79697,47.49587],[7.79687,47.49505],[7.7989,47.49566],[7.79779,47.49723],[7.79679,47.49733],[7.79744,47.49873],[7.79833,47.49875],[7.79941,47.49748],[7.80017,47.49817],[7.80224,47.49698],[7.80498,47.49676],[7.80743,47.49714],[7.8084,47.49819],[7.80999,47.49939],[7.81239,47.50156],[7.81472,47.5048],[7.81558,47.50491],[7.81857,47.50658],[7.82168,47.50866],[7.82361,47.50886],[7.82327,47.50954],[7.8287,47.51404],[7.83198,47.51474],[7.83205,47.5174],[7.83315,47.51879],[7.83309,47.51955],[7.83343,47.52244],[7.83334,47.52465],[7.83359,47.52612],[7.83323,47.53033],[7.83432,47.53043],[7.8353,47.53176],[7.83403,47.53266],[7.83339,47.53376],[7.83677,47.53428],[7.83906,47.53418],[7.84149,47.53378],[7.8449,47.53262],[7.84654,47.53266],[7.85234,47.53524],[7.85485,47.53412],[7.85571,47.53332],[7.85732,47.53321],[7.85965,47.53018],[7.86071,47.52845],[7.86258,47.52692],[7.86263,47.52579],[7.86338,47.52362],[7.864,47.52319],[7.8644,47.52213],[7.86397,47.51931],[7.86616,47.51938],[7.86946,47.51933],[7.87153,47.52191],[7.874,47.52294],[7.87538,47.52311],[7.87667,47.52269],[7.8762,47.52171],[7.87602,47.52025],[7.87535,47.51961],[7.87515,47.51762],[7.8755,47.51616],[7.87544,47.51382],[7.87568,47.5132],[7.87803,47.51389],[7.87968,47.51209],[7.88156,47.51027],[7.88409,47.50849],[7.88654,47.50788],[7.89184,47.50705],[7.89354,47.50643],[7.894,47.50606],[7.89457,47.50421],[7.89453,47.50261],[7.89832,47.50121],[7.89823,47.4998],[7.8989,47.49849],[7.89958,47.49618],[7.90478,47.49218],[7.90483,47.48491],[7.9117,47.48484],[7.91393,47.4839],[7.91559,47.48372],[7.91803,47.48265],[7.92417,47.48248],[7.92676,47.48329],[7.928,47.48207],[7.93,47.48228],[7.93172,47.48208],[7.93258,47.48142],[7.94172,47.4836],[7.94598,47.48545],[7.94702,47.48489],[7.9459,47.48303],[7.94476,47.48169],[7.94455,47.48032],[7.94469,47.4784],[7.94495,47.47717],[7.94434,47.47608],[7.94407,47.47404],[7.94299,47.47205],[7.94243,47.4682],[7.94172,47.46728],[7.94117,47.46573],[7.94086,47.46376],[7.94018,47.4628],[7.94004,47.46202],[7.9429,47.46262],[7.94547,47.46334],[7.94575,47.46291],[7.94735,47.46324],[7.94886,47.46378],[7.94927,47.46298],[7.94995,47.46287],[7.9563,47.45924],[7.95742,47.45896],[7.95761,47.45849],[7.95617,47.45573],[7.95684,47.45521],[7.95839,47.45533],[7.95937,47.45479],[7.96073,47.45547],[7.96053,47.45766],[7.96292,47.45964],[7.9642,47.45955],[7.9656,47.46032],[7.96716,47.46232],[7.96855,47.46281],[7.96874,47.46218],[7.97322,47.45986],[7.97429,47.45955],[7.975,47.45868],[7.97597,47.45663],[7.97661,47.45421],[7.97656,47.45384],[7.97544,47.45303],[7.97489,47.452],[7.97772,47.45047],[7.97878,47.44976],[7.98061,47.44891],[7.98128,47.44738],[7.98213,47.44595],[7.98255,47.44472],[7.98377,47.44323],[7.98412,47.44181],[7.98418,47.44032],[7.98364,47.4382],[7.98369,47.43745],[7.98505,47.43425],[7.98626,47.43275],[7.98532,47.43196],[7.98614,47.43129],[7.98619,47.43064],[7.98709,47.42988],[7.98664,47.42931],[7.98728,47.42875],[7.98547,47.42277],[7.98425,47.42289],[7.98385,47.42831],[7.98271,47.42833],[7.98015,47.42756],[7.97736,47.42634],[7.97408,47.42567],[7.97085,47.4247],[7.96753,47.42349],[7.96451,47.42279],[7.96321,47.42236],[7.96935,47.42021],[7.97228,47.41895],[7.97423,47.41947],[7.97727,47.41607],[7.97936,47.41526],[7.97993,47.41459],[7.98204,47.41357],[7.98399,47.41407],[7.9848,47.4141],[7.98772,47.41335],[7.98948,47.41415],[7.99005,47.4132],[7.99035,47.41206],[7.99147,47.4112],[7.99257,47.41095],[7.99395,47.4111],[7.99469,47.41076],[7.99745,47.41002],[8.00157,47.4095],[8.00316,47.40887],[8.00431,47.40813],[8.00535,47.40715],[8.00727,47.40659],[8.0077,47.40522],[8.00825,47.40481],[8.00807,47.40414],[8.00888,47.40286],[8.00913,47.40175],[8.01006,47.40122],[8.01048,47.40042],[8.01015,47.39995],[8.01016,47.39828],[8.00981,47.39578],[8.01046,47.39513],[8.01364,47.39438],[8.01472,47.39479],[8.01616,47.39501],[8.01717,47.3949],[8.01998,47.39399],[8.02034,47.39581],[8.02657,47.39562],[8.02982,47.38645],[8.03136,47.3837],[8.03082,47.38241],[8.03087,47.38135],[8.02955,47.37932],[8.02985,47.37772],[8.02923,47.37665],[8.02914,47.3756],[8.02774,47.37425],[8.02833,47.37319],[8.02767,47.3726],[8.0271,47.37066],[8.02734,47.37021],[8.02672,47.36868],[8.02616,47.36867],[8.02471,47.36671],[8.02398,47.36523],[8.01944,47.3638],[8.01741,47.36249],[8.01655,47.36119],[8.01674,47.36061],[8.01422,47.35949],[8.0131,47.35873],[8.0129,47.35815],[8.01113,47.35713],[8.01048,47.35695],[8.01283,47.35433],[8.01262,47.35195],[8.01183,47.34982],[8.00385,47.34532],[8.00428,47.34345],[8.00736,47.33931],[8.0052,47.33675],[8.00287,47.33596],[8.00108,47.33475],[8.00051,47.33483],[7.9963,47.33344],[7.99185,47.33261],[7.99095,47.33281],[7.98937,47.33074],[7.98732,47.32958],[7.98742,47.32866],[7.98534,47.32757],[7.98457,47.32849],[7.98273,47.3276],[7.98235,47.32767],[7.97783,47.32598],[7.97809,47.32554],[7.97609,47.32467],[7.97651,47.32344],[7.97338,47.32306],[7.97038,47.32253],[7.97048,47.32223],[7.9635,47.32115],[7.95863,47.32027],[7.95581,47.31961],[7.95306,47.31882],[7.94798,47.31714],[7.94834,47.31811],[7.94755,47.31991],[7.94743,47.32136],[7.94709,47.32225],[7.94732,47.32517],[7.94805,47.32672],[7.94883,47.32957],[7.94784,47.33252],[7.94713,47.33234],[7.93772,47.33248],[7.92592,47.33348],[7.91922,47.33395],[7.91819,47.33532],[7.91121,47.33919],[7.90935,47.34096],[7.90918,47.34165],[7.90781,47.34172],[7.90827,47.34035],[7.90731,47.33888],[7.90452,47.33694],[7.90216,47.33447],[7.89931,47.33102],[7.89686,47.32766],[7.89649,47.32646],[7.89609,47.32393],[7.89659,47.32191],[7.8979,47.32064],[7.89791,47.31963],[7.89525,47.3182],[7.89375,47.31694],[7.8911,47.31521],[7.89035,47.31408],[7.88983,47.31233],[7.88911,47.31149],[7.88775,47.31112],[7.88383,47.31103],[7.87946,47.31172],[7.87675,47.31192],[7.87471,47.31189],[7.87261,47.31133],[7.86934,47.30937],[7.86704,47.3084],[7.86364,47.30754],[7.86126,47.30624],[7.86031,47.30541],[7.8595,47.30396],[7.85895,47.30199],[7.85831,47.30059],[7.85618,47.29791],[7.85473,47.29574],[7.85367,47.29277],[7.85245,47.29091],[7.85156,47.28994],[7.84955,47.28837],[7.84827,47.28692],[7.84791,47.2856],[7.84657,47.28382],[7.8453,47.28275],[7.84479,47.28202],[7.84437,47.28046],[7.84415,47.27791],[7.84359,47.27658],[7.84181,47.27447],[7.8384,47.27182],[7.83781,47.2715],[7.83567,47.26973],[7.83318,47.26788],[7.82927,47.26659],[7.82642,47.26609],[7.82511,47.26557],[7.82566,47.26449],[7.82717,47.26456],[7.82777,47.2643],[7.82711,47.26322],[7.82843,47.26307],[7.82855,47.26269],[7.82737,47.26187],[7.82745,47.26103],[7.82898,47.26102],[7.82942,47.26003],[7.83039,47.25913],[7.82916,47.25873],[7.82897,47.25775],[7.8298,47.25564],[7.82857,47.25499],[7.82908,47.25436],[7.82777,47.2535],[7.82764,47.25286],[7.82642,47.25261],[7.82607,47.25166],[7.82802,47.25036],[7.82809,47.24982],[7.82664,47.24901],[7.82628,47.24788],[7.82662,47.24731],[7.82609,47.24686],[7.82669,47.24641],[7.82684,47.24569],[7.82791,47.24462],[7.82847,47.24438],[7.8281,47.2435],[7.82932,47.24335],[7.83058,47.24263],[7.83057,47.24177],[7.83175,47.24034],[7.83348,47.23952],[7.83333,47.23895],[7.83425,47.23818],[7.83439,47.23759],[7.83612,47.23702],[7.83681,47.23699],[7.83729,47.23583],[7.83867,47.23482],[7.8397,47.23572],[7.84201,47.23572],[7.84303,47.23435],[7.84534,47.23398],[7.85322,47.23243],[7.85496,47.23314],[7.8674,47.2373],[7.89467,47.24261],[7.89728,47.2431],[7.91011,47.24395],[7.91271,47.24261],[7.91418,47.24207],[7.92117,47.23791],[7.92526,47.23732],[7.92929,47.23648],[7.93349,47.2359],[7.93501,47.23689],[7.93612,47.23796],[7.93815,47.23921],[7.93982,47.24044],[7.94091,47.24099],[7.94209,47.24128],[7.94338,47.24202],[7.946,47.24327],[7.95415,47.24978],[7.96189,47.25406],[7.9616,47.25457],[7.95897,47.25623],[7.95933,47.25764],[7.95852,47.25918],[7.95798,47.25976],[7.95692,47.25983],[7.95542,47.26056],[7.95503,47.26149],[7.95496,47.26248],[7.95457,47.26328],[7.95355,47.26403],[7.95293,47.26509],[7.95166,47.26569],[7.95158,47.26683],[7.95209,47.26764],[7.95169,47.26839],[7.95096,47.26832],[7.94973,47.27008],[7.94917,47.27254],[7.95092,47.27332],[7.95064,47.27478],[7.9549,47.27651],[7.95603,47.27686],[7.97167,47.27612],[7.97346,47.27449],[7.98689,47.27602],[7.9953,47.28155],[8.0048,47.27437],[8.00492,47.27338],[8.00432,47.27262],[8.00486,47.27078],[8.00525,47.2702],[8.00523,47.2693],[8.00761,47.2674],[8.0085,47.26647],[8.00918,47.26536],[8.01034,47.26417],[8.01146,47.26381],[8.01185,47.26333],[8.01305,47.26271],[8.01443,47.26144],[8.01512,47.26051],[8.01682,47.25932],[8.01626,47.25825],[8.01636,47.25733],[8.01711,47.2571],[8.01753,47.25589],[8.01649,47.25445],[8.01671,47.25284],[8.01645,47.25196],[8.0169,47.24997],[8.01569,47.24774],[8.01604,47.24647],[8.01569,47.24602],[8.0157,47.2447],[8.01607,47.24419],[8.01715,47.24377],[8.01982,47.2436],[8.02171,47.24239],[8.02283,47.24208],[8.02607,47.24188],[8.02674,47.24142],[8.02795,47.24114],[8.02916,47.24059],[8.0301,47.24222],[8.05107,47.24473],[8.05138,47.24419],[8.06298,47.24667],[8.06248,47.24724],[8.05837,47.25105],[8.05716,47.25268],[8.05658,47.25544],[8.05873,47.25575],[8.05861,47.25671],[8.0627,47.25666],[8.06347,47.25614],[8.06591,47.25498],[8.06605,47.25467],[8.06837,47.25492],[8.07059,47.25463],[8.07267,47.25505],[8.07336,47.25632],[8.07415,47.25678],[8.07727,47.25758],[8.07682,47.25823],[8.07857,47.25865],[8.07833,47.25998],[8.08014,47.2602],[8.08344,47.2611],[8.08836,47.26289],[8.09464,47.26109],[8.09878,47.26019],[8.10014,47.25894],[8.10089,47.25741],[8.10237,47.25606],[8.10594,47.2521],[8.10578,47.24942],[8.10788,47.24577],[8.10909,47.24455],[8.11182,47.24432],[8.11606,47.24419],[8.11958,47.24386],[8.12415,47.24167],[8.12497,47.24137],[8.12689,47.24193],[8.12711,47.2422],[8.13117,47.24392],[8.13152,47.24452],[8.13143,47.2454],[8.13397,47.24648],[8.13643,47.24703],[8.14269,47.24725],[8.14398,47.24749],[8.14669,47.2475],[8.15078,47.24841],[8.15351,47.24878],[8.15636,47.24937],[8.15736,47.24869],[8.158,47.24878],[8.15834,47.24974],[8.15943,47.24981],[8.15946,47.24899],[8.16097,47.24993],[8.16445,47.25008],[8.16649,47.25053],[8.1673,47.25098],[8.16941,47.25135],[8.1719,47.25278],[8.17295,47.25266],[8.17499,47.25352],[8.17556,47.25227],[8.17659,47.25178],[8.17771,47.25221],[8.17971,47.25044],[8.18076,47.2474],[8.18026,47.24691],[8.18023,47.24566],[8.17914,47.24497],[8.17798,47.2448],[8.17733,47.24395],[8.17691,47.2428],[8.17611,47.24231],[8.17621,47.24065],[8.17514,47.24011],[8.17397,47.24022],[8.17112,47.24018],[8.16978,47.24195],[8.16807,47.24093],[8.16166,47.24062],[8.1583,47.24008],[8.15595,47.23942],[8.15636,47.23784],[8.15931,47.2378],[8.16055,47.23702],[8.16104,47.23638],[8.16187,47.23615],[8.1621,47.23538],[8.16002,47.23444],[8.15971,47.23326],[8.16077,47.23175],[8.16195,47.23136],[8.16365,47.22979],[8.16458,47.22976],[8.16558,47.22844],[8.16748,47.22909],[8.16802,47.22825],[8.17009,47.22767],[8.17155,47.228],[8.17237,47.22748],[8.17412,47.22749],[8.17373,47.22669],[8.17287,47.22594],[8.17278,47.22504],[8.17421,47.22474],[8.17547,47.22308],[8.17599,47.2219],[8.1796,47.22221],[8.18049,47.22276],[8.18471,47.22237],[8.18618,47.22265],[8.18965,47.22441],[8.19027,47.2244],[8.19324,47.22493],[8.19307,47.22603],[8.19403,47.22631],[8.19625,47.22635],[8.19998,47.22609],[8.20142,47.22588],[8.20338,47.22606],[8.20506,47.22599],[8.20402,47.22845],[8.20421,47.2299],[8.20275,47.23002],[8.20332,47.23144],[8.20279,47.23158],[8.20343,47.23256],[8.20328,47.23394],[8.20367,47.23426],[8.20359,47.23619],[8.20514,47.23636],[8.20481,47.23803],[8.20577,47.23826],[8.20529,47.23973],[8.20572,47.2414],[8.20449,47.24263],[8.20578,47.24444],[8.20788,47.24624],[8.20774,47.24734],[8.21253,47.2498],[8.21784,47.2518],[8.21975,47.25216],[8.22858,47.27342],[8.22956,47.27347],[8.23097,47.27394],[8.23311,47.27389],[8.23338,47.27338],[8.23468,47.27283],[8.23607,47.27286],[8.23805,47.2725],[8.24026,47.27256],[8.24242,47.27234],[8.24118,47.27445],[8.241,47.27601],[8.24265,47.27626],[8.2426,47.27752],[8.24223,47.27872],[8.24303,47.27882],[8.24339,47.2796],[8.2451,47.27972],[8.24463,47.28076],[8.24743,47.28124],[8.24866,47.2812],[8.24893,47.28247],[8.24983,47.28284],[8.24895,47.28444],[8.24972,47.2849],[8.25091,47.28513],[8.25073,47.28609],[8.25261,47.28653],[8.2532,47.28617],[8.25485,47.28618],[8.25523,47.28663],[8.25669,47.28673],[8.25872,47.28719],[8.25949,47.28689],[8.26039,47.28539],[8.26024,47.28495],[8.26099,47.28435],[8.26174,47.28254],[8.2628,47.28233],[8.26532,47.28254],[8.27073,47.28342],[8.27157,47.2809],[8.2735,47.28064],[8.27593,47.28148],[8.27864,47.28212],[8.27953,47.28098],[8.28132,47.28101],[8.28147,47.28059],[8.28412,47.2801],[8.28538,47.27999],[8.28692,47.27928],[8.28965,47.27745],[8.29194,47.27504],[8.29347,47.27422],[8.2948,47.27298],[8.2959,47.27239],[8.29664,47.27236],[8.30027,47.27148],[8.29862,47.26952],[8.29709,47.26899],[8.29635,47.26838],[8.29628,47.26769],[8.29444,47.26557],[8.2948,47.26388],[8.29528,47.26364],[8.296,47.26057],[8.29603,47.25941],[8.29718,47.25747],[8.29843,47.25657],[8.30003,47.25379],[8.30115,47.25226],[8.3017,47.25255],[8.30327,47.25164],[8.30486,47.25239],[8.30816,47.24929],[8.31006,47.24703],[8.31033,47.24651],[8.31173,47.24546],[8.31214,47.24431],[8.31386,47.24103],[8.31471,47.24006],[8.31462,47.23817],[8.31403,47.23747],[8.31394,47.23634],[8.31417,47.23508],[8.31528,47.23296],[8.31541,47.23071],[8.31576,47.22935],[8.31656,47.22841],[8.3171,47.22644],[8.317,47.22498],[8.31796,47.22459],[8.31808,47.22355],[8.31937,47.22255],[8.32073,47.22183],[8.32093,47.22113],[8.32038,47.22081],[8.32003,47.21968],[8.32015,47.21862],[8.31971,47.21774],[8.31875,47.21704],[8.31946,47.21562],[8.3252,47.21471],[8.32643,47.21104],[8.32733,47.21079],[8.32721,47.20975],[8.32747,47.20847],[8.3288,47.20788],[8.32802,47.20622],[8.32852,47.20441],[8.32953,47.20352],[8.33009,47.20235],[8.33015,47.20064],[8.32986,47.19852],[8.33086,47.19657],[8.33316,47.19363],[8.33383,47.1924],[8.33585,47.19102],[8.33821,47.18858],[8.33797,47.1881],[8.33829,47.18721],[8.33812,47.18628],[8.33959,47.18633],[8.33956,47.18505],[8.33927,47.18425],[8.33846,47.18457],[8.33798,47.18403],[8.33896,47.1817],[8.33843,47.18083],[8.33886,47.18018],[8.33867,47.17827],[8.33955,47.17638],[8.34129,47.17514],[8.34095,47.17377],[8.34245,47.17358],[8.34408,47.17302],[8.34433,47.17153],[8.34589,47.17013],[8.34646,47.16997],[8.34605,47.16897],[8.34735,47.1684],[8.34651,47.16766],[8.34753,47.16753],[8.34912,47.16601],[8.34783,47.16514],[8.34762,47.16455],[8.34946,47.16416],[8.35161,47.16288],[8.35412,47.1604],[8.35517,47.15864],[8.35679,47.15773],[8.35837,47.15662],[8.3581,47.15592],[8.35836,47.15329],[8.35984,47.15333],[8.36092,47.15252],[8.36072,47.15223],[8.36217,47.14611],[8.36315,47.14582],[8.36403,47.14595],[8.36636,47.14481],[8.36746,47.14505],[8.36839,47.14428],[8.37326,47.14327],[8.37483,47.14305],[8.37548,47.14157],[8.37595,47.14102],[8.37609,47.13925],[8.37787,47.13968],[8.38015,47.13923],[8.38221,47.14],[8.38398,47.13978],[8.38603,47.14],[8.3891,47.13934],[8.39006,47.13973],[8.39343,47.1385],[8.396,47.13899],[8.3976,47.13786],[8.39818,47.13803],[8.40421,47.13823],[8.4053,47.13748],[8.40847,47.13842],[8.41084,47.13955],[8.41222,47.14057]]],[[[8.438,47.40751],[8.43938,47.40786],[8.44037,47.40852],[8.43985,47.40902],[8.43797,47.40807],[8.438,47.40751]]]]},"properties":{"area_code":"AG","area_name":"Aargau","area_unit_id":"ch-canton-2026-swissboundaries3d:AG","boundary_set_id":"ch-canton-2026-swissboundaries3d","boundary_level":"canton","land_area_sq_km":1403.798}},
{"type":"Feature","geometry":{"type":"MultiPolygon","coordinates":[[[[9.50292,47.34743],[9.48715,47.35025],[9.47924,47.34721],[9.47191,47.34705],[9.46575,47.34642],[9.45976,47.35008],[9.45589,47.35153],[9.45,47.35415],[9.44924,47.35482],[9.44823,47.35505],[9.44704,47.35599],[9.44564,47.35621],[9.44478,47.35696],[9.44282,47.3564],[9.44241,47.356],[9.44009,47.35728],[9.43794,47.3565],[9.43314,47.36381],[9.43224,47.36472],[9.43235,47.36553],[9.43112,47.36622],[9.43059,47.3677],[9.43143,47.36832],[9.4311,47.3696],[9.43007,47.37103],[9.4282,47.37043],[9.42301,47.36848],[9.42266,47.36804],[9.42154,47.36805],[9.42075,47.36927],[9.42006,47.36917],[9.4193,47.36963],[9.41795,47.36961],[9.41544,47.36885],[9.41189,47.36876],[9.40862,47.37021],[9.40828,47.36997],[9.40711,47.37114],[9.40604,47.37125],[9.4059,47.372],[9.40432,47.37319],[9.40321,47.3734],[9.40206,47.37489],[9.40223,47.37583],[9.40352,47.37612],[9.40278,47.37672],[9.4017,47.37662],[9.40059,47.37701],[9.4001,47.3781],[9.39889,47.37737],[9.39785,47.378],[9.39807,47.37892],[9.39662,47.3793],[9.39558,47.37914],[9.39568,47.3799],[9.39363,47.38024],[9.39296,47.38004],[9.39127,47.37904],[9.39068,47.37792],[9.38973,47.37751],[9.38806,47.3779],[9.38721,47.37778],[9.3864,47.37708],[9.38576,47.37732],[9.38554,47.37804],[9.38581,47.3787],[9.38478,47.37946],[9.38322,47.37948],[9.38036,47.38035],[9.37868,47.38052],[9.3779,47.38125],[9.37811,47.38174],[9.37921,47.38245],[9.37882,47.3839],[9.37938,47.38415],[9.37941,47.38643],[9.37881,47.38675],[9.37768,47.38633],[9.37703,47.38717],[9.37518,47.38687],[9.37276,47.38616],[9.37336,47.38511],[9.37292,47.38449],[9.37184,47.384],[9.37103,47.38403],[9.36839,47.38505],[9.36734,47.3846],[9.36549,47.38488],[9.36426,47.38435],[9.36314,47.38431],[9.36241,47.38462],[9.35867,47.38506],[9.35732,47.38452],[9.35655,47.38338],[9.35573,47.38352],[9.35452,47.38423],[9.35132,47.3833],[9.35021,47.38311],[9.35131,47.38205],[9.35265,47.3819],[9.35361,47.38137],[9.35434,47.3805],[9.35714,47.37871],[9.35832,47.37843],[9.35875,47.37796],[9.35863,47.37723],[9.35919,47.37629],[9.35895,47.37433],[9.35935,47.37319],[9.35685,47.3717],[9.35686,47.37131],[9.35819,47.37061],[9.35841,47.3702],[9.358,47.36905],[9.35874,47.36848],[9.35936,47.36695],[9.3614,47.36611],[9.36024,47.36464],[9.36038,47.36398],[9.3617,47.36269],[9.36227,47.36122],[9.36402,47.36009],[9.36537,47.35836],[9.36392,47.35763],[9.36224,47.35755],[9.36093,47.35697],[9.35961,47.35702],[9.35708,47.35552],[9.35376,47.35508],[9.35135,47.35496],[9.35055,47.35438],[9.34701,47.35403],[9.34475,47.35236],[9.34368,47.35218],[9.34322,47.3502],[9.34434,47.34934],[9.34518,47.34748],[9.3456,47.34592],[9.34625,47.34493],[9.34449,47.34483],[9.34167,47.34445],[9.33939,47.34385],[9.33737,47.34266],[9.33467,47.34156],[9.33339,47.34078],[9.32897,47.33081],[9.32706,47.32995],[9.32655,47.33021],[9.32555,47.32961],[9.32155,47.32867],[9.31922,47.32803],[9.31793,47.32745],[9.31606,47.32733],[9.31423,47.32648],[9.31439,47.32624],[9.31128,47.32511],[9.31092,47.32406],[9.30988,47.32272],[9.3098,47.32148],[9.31223,47.32131],[9.31359,47.32158],[9.3142,47.32107],[9.31391,47.32059],[9.31441,47.31922],[9.31579,47.31804],[9.31607,47.31692],[9.31703,47.31597],[9.31546,47.31531],[9.31645,47.31384],[9.31547,47.31354],[9.3167,47.31122],[9.31832,47.30953],[9.31594,47.30777],[9.31496,47.30625],[9.31536,47.30476],[9.31711,47.30174],[9.31607,47.30126],[9.31583,47.30019],[9.31472,47.29893],[9.31466,47.29781],[9.31302,47.29615],[9.31318,47.29548],[9.3128,47.29487],[9.31279,47.29364],[9.31342,47.29272],[9.31356,47.29145],[9.31446,47.2909],[9.31454,47.28999],[9.31582,47.28917],[9.31737,47.28922],[9.3186,47.28826],[9.31831,47.28797],[9.3189,47.28711],[9.31885,47.28577],[9.32084,47.28428],[9.32363,47.28291],[9.33275,47.26995],[9.33343,47.26591],[9.33314,47.26527],[9.33393,47.26386],[9.33392,47.26322],[9.33464,47.26226],[9.33494,47.26131],[9.33625,47.25954],[9.3413,47.25206],[9.34213,47.25069],[9.342,47.25032],[9.34327,47.2494],[9.34309,47.24906],[9.34369,47.24774],[9.34586,47.24646],[9.34766,47.24598],[9.34913,47.24495],[9.35128,47.2443],[9.35466,47.24419],[9.35551,47.24439],[9.35861,47.24431],[9.36489,47.24331],[9.36576,47.24201],[9.36739,47.24134],[9.36776,47.24082],[9.36868,47.24088],[9.36974,47.24058],[9.37125,47.23963],[9.37187,47.23957],[9.37384,47.23841],[9.37493,47.23707],[9.37559,47.23676],[9.37845,47.23612],[9.38201,47.23399],[9.38418,47.23458],[9.385,47.23461],[9.38864,47.23554],[9.38967,47.23611],[9.39211,47.23668],[9.39354,47.23682],[9.39621,47.23735],[9.39889,47.23737],[9.40193,47.23756],[9.40389,47.23827],[9.40506,47.23922],[9.40516,47.2396],[9.40642,47.24103],[9.40744,47.24174],[9.41036,47.24422],[9.41232,47.24513],[9.41418,47.24574],[9.41481,47.24653],[9.4167,47.2468],[9.41892,47.24761],[9.42475,47.24727],[9.42624,47.24711],[9.42715,47.24752],[9.42823,47.24836],[9.42983,47.24921],[9.43215,47.2499],[9.43299,47.25036],[9.43463,47.25079],[9.43671,47.25098],[9.4378,47.25073],[9.43825,47.25169],[9.43966,47.25291],[9.44199,47.25328],[9.44285,47.25393],[9.44499,47.25484],[9.44594,47.25578],[9.44717,47.2558],[9.44743,47.25664],[9.45005,47.25842],[9.45111,47.26003],[9.45367,47.26072],[9.4547,47.26134],[9.45696,47.26233],[9.45783,47.26313],[9.45963,47.26345],[9.46137,47.26418],[9.46207,47.26487],[9.46435,47.26584],[9.465,47.26668],[9.46568,47.26694],[9.46655,47.26824],[9.46764,47.26851],[9.4693,47.26933],[9.4729,47.27166],[9.47445,47.27356],[9.47604,47.2748],[9.47596,47.27559],[9.47653,47.27669],[9.47806,47.27763],[9.47868,47.27856],[9.47967,47.27902],[9.48079,47.2815],[9.48239,47.28248],[9.48334,47.28267],[9.48499,47.28375],[9.48776,47.28829],[9.4878,47.28912],[9.48672,47.2897],[9.48684,47.29071],[9.48832,47.29329],[9.48933,47.2947],[9.48928,47.29634],[9.48961,47.29772],[9.49055,47.2995],[9.49019,47.30024],[9.49069,47.30077],[9.48897,47.30179],[9.49039,47.30263],[9.49123,47.30381],[9.49305,47.30473],[9.49468,47.30497],[9.49626,47.30601],[9.49565,47.30776],[9.49412,47.30975],[9.4929,47.31067],[9.49299,47.31113],[9.49252,47.3129],[9.49343,47.31453],[9.4946,47.31534],[9.49695,47.31641],[9.49625,47.31716],[9.49671,47.31773],[9.49814,47.31821],[9.49841,47.3187],[9.49848,47.32122],[9.49911,47.32138],[9.5005,47.32635],[9.49974,47.32666],[9.50001,47.32756],[9.50114,47.32818],[9.50029,47.32941],[9.50185,47.33003],[9.50232,47.33148],[9.50231,47.33226],[9.50171,47.33286],[9.50288,47.33375],[9.50268,47.33441],[9.50303,47.34494],[9.50292,47.34743]]],[[[9.36232,47.3869],[9.36178,47.38638],[9.36275,47.38601],[9.36324,47.3864],[9.36232,47.3869]]],[[[9.50956,47.3947],[9.5112,47.39507],[9.51334,47.3951],[9.51335,47.39544],[9.5166,47.39596],[9.51826,47.39602],[9.51894,47.39664],[9.52042,47.3969],[9.5209,47.39663],[9.52393,47.39694],[9.52708,47.39745],[9.52951,47.39758],[9.53336,47.39862],[9.5366,47.3994],[9.53795,47.39921],[9.54191,47.39957],[9.54309,47.39988],[9.54307,47.39904],[9.54518,47.3988],[9.54536,47.39846],[9.54447,47.39684],[9.54432,47.39596],[9.54318,47.395],[9.54508,47.39526],[9.54539,47.3943],[9.54699,47.39438],[9.54768,47.39336],[9.5493,47.39308],[9.5513,47.39363],[9.55261,47.3943],[9.55385,47.39561],[9.55491,47.39551],[9.55529,47.39645],[9.55398,47.39739],[9.55352,47.39741],[9.55267,47.39857],[9.55114,47.3991],[9.55055,47.40043],[9.5498,47.40069],[9.54899,47.40207],[9.54825,47.40272],[9.54747,47.40404],[9.54693,47.40434],[9.54586,47.40629],[9.54362,47.407],[9.54276,47.40755],[9.54239,47.4082],[9.54418,47.40895],[9.54557,47.40934],[9.54629,47.40927],[9.54878,47.41001],[9.55114,47.40962],[9.55269,47.40875],[9.5524,47.4081],[9.55323,47.40774],[9.55507,47.40779],[9.55669,47.40824],[9.55701,47.40767],[9.55813,47.40821],[9.55845,47.40909],[9.55942,47.40847],[9.56023,47.40879],[9.56192,47.40839],[9.56265,47.4085],[9.56369,47.40799],[9.56401,47.40642],[9.56492,47.4053],[9.56613,47.40556],[9.56671,47.40606],[9.568,47.40598],[9.57042,47.40638],[9.57158,47.40678],[9.57267,47.40773],[9.57382,47.40762],[9.57349,47.4085],[9.57351,47.4121],[9.57241,47.41236],[9.57283,47.41317],[9.574,47.41399],[9.57546,47.41449],[9.57633,47.41538],[9.57625,47.41582],[9.57482,47.4159],[9.5711,47.41656],[9.56679,47.4163],[9.56382,47.41679],[9.56365,47.41783],[9.56305,47.41827],[9.56125,47.41772],[9.56064,47.41813],[9.55884,47.41827],[9.55891,47.41898],[9.55696,47.41908],[9.55603,47.41954],[9.55628,47.42026],[9.55561,47.42182],[9.55579,47.42261],[9.55418,47.42351],[9.55462,47.4246],[9.55457,47.42544],[9.55501,47.42637],[9.55476,47.42683],[9.55349,47.4263],[9.55274,47.42739],[9.55113,47.42709],[9.54854,47.42775],[9.54867,47.4282],[9.54712,47.42869],[9.54685,47.42935],[9.54569,47.43069],[9.5439,47.43079],[9.54107,47.43184],[9.54008,47.43162],[9.53893,47.43174],[9.53869,47.43088],[9.53919,47.43062],[9.53871,47.42917],[9.53908,47.42794],[9.5371,47.42682],[9.53743,47.42578],[9.53575,47.42525],[9.53553,47.4249],[9.5342,47.42472],[9.53358,47.42417],[9.53242,47.42437],[9.53202,47.42378],[9.5298,47.42408],[9.52851,47.42395],[9.52857,47.42347],[9.52718,47.42335],[9.5241,47.42121],[9.5247,47.42005],[9.52532,47.41961],[9.52508,47.41883],[9.52429,47.41835],[9.52556,47.41753],[9.52702,47.41597],[9.52693,47.41491],[9.52487,47.41504],[9.52375,47.41418],[9.52292,47.414],[9.52411,47.41311],[9.52509,47.41319],[9.52531,47.41216],[9.52628,47.41175],[9.5276,47.41196],[9.52788,47.411],[9.53033,47.41148],[9.53177,47.41121],[9.53291,47.41067],[9.53274,47.41032],[9.53057,47.40908],[9.52958,47.40896],[9.52617,47.40748],[9.52437,47.40703],[9.52315,47.40647],[9.52242,47.40703],[9.52178,47.40646],[9.5189,47.40562],[9.51747,47.40577],[9.51643,47.40564],[9.5152,47.40498],[9.51246,47.40319],[9.51072,47.40246],[9.51149,47.40215],[9.51119,47.4013],[9.51218,47.40008],[9.51167,47.39897],[9.51116,47.39855],[9.51231,47.39749],[9.51151,47.39693],[9.50954,47.39624],[9.50827,47.39562],[9.50871,47.39484],[9.50956,47.3947]]],[[[9.58302,47.40965],[9.58567,47.4106],[9.58735,47.41089],[9.58834,47.41082],[9.58987,47.41168],[9.59142,47.41124],[9.59351,47.4115],[9.59663,47.41173],[9.59863,47.41229],[9.60029,47.4132],[9.60041,47.41354],[9.60482,47.41437],[9.60133,47.41632],[9.59886,47.41698],[9.59581,47.41731],[9.59713,47.41829],[9.59637,47.4186],[9.5936,47.41884],[9.59398,47.41947],[9.59093,47.42074],[9.58969,47.42089],[9.58876,47.42162],[9.58978,47.42253],[9.5885,47.42396],[9.58898,47.42475],[9.58877,47.4255],[9.58953,47.42563],[9.59163,47.42651],[9.59496,47.42772],[9.59844,47.42921],[9.60103,47.42962],[9.6029,47.43055],[9.60497,47.43104],[9.60623,47.43151],[9.60735,47.43166],[9.60717,47.43232],[9.60849,47.43332],[9.61192,47.43405],[9.61423,47.4351],[9.61464,47.43568],[9.6161,47.43601],[9.61645,47.43664],[9.61817,47.43683],[9.61783,47.43767],[9.61552,47.43725],[9.61416,47.43725],[9.61082,47.43666],[9.60726,47.43645],[9.60626,47.43682],[9.60241,47.43641],[9.60181,47.436],[9.59979,47.43535],[9.59585,47.43432],[9.59475,47.43432],[9.59322,47.43396],[9.59267,47.43479],[9.59315,47.43562],[9.59086,47.43525],[9.58864,47.4346],[9.58646,47.43473],[9.58157,47.4344],[9.57938,47.43438],[9.57932,47.43361],[9.57838,47.43375],[9.5775,47.43433],[9.57551,47.43427],[9.57525,47.43385],[9.57358,47.43394],[9.57203,47.43432],[9.57063,47.43434],[9.56996,47.43496],[9.57066,47.43592],[9.56884,47.43738],[9.56876,47.43851],[9.5664,47.43867],[9.56457,47.43814],[9.56497,47.4371],[9.56438,47.43676],[9.56351,47.43699],[9.56187,47.4363],[9.56182,47.435],[9.56001,47.43416],[9.55879,47.43386],[9.55876,47.433],[9.55813,47.43282],[9.55854,47.43174],[9.55973,47.43082],[9.56081,47.43134],[9.56141,47.43097],[9.561,47.43019],[9.56373,47.42891],[9.56398,47.42947],[9.5648,47.42957],[9.56491,47.42889],[9.56654,47.42905],[9.56766,47.42884],[9.56774,47.42795],[9.5696,47.42773],[9.56935,47.42869],[9.57055,47.42861],[9.57109,47.42724],[9.57199,47.42659],[9.5741,47.4264],[9.57461,47.42568],[9.57318,47.42536],[9.5736,47.42413],[9.56949,47.42362],[9.56914,47.42269],[9.56808,47.42267],[9.5673,47.4223],[9.5683,47.42115],[9.56891,47.42091],[9.5704,47.42124],[9.57232,47.42076],[9.57343,47.42117],[9.5762,47.42143],[9.57706,47.4208],[9.57781,47.42092],[9.58028,47.42016],[9.58068,47.41967],[9.58159,47.42001],[9.58274,47.41991],[9.58289,47.41849],[9.58327,47.41816],[9.58293,47.41635],[9.5814,47.4163],[9.58166,47.41513],[9.58247,47.41488],[9.58383,47.41503],[9.58547,47.41474],[9.58526,47.41276],[9.5838,47.41159],[9.58226,47.4115],[9.58199,47.4108],[9.58302,47.40965]]]]},"properties":{"area_code":"AI","area_name":"Appenzell Innerrhoden","area_unit_id":"ch-canton-2026-swissboundaries3d:AI","boundary_set_id":"ch-canton-2026-swissboundaries3d","boundary_level":"canton","land_area_sq_km":172.476}},
{"type":"Feature","geometry":{"type":"Polygon","coordinates":[[[9.58302,47.40965],[9.58199,47.4108],[9.58226,47.4115],[9.5838,47.41159],[9.58526,47.41276],[9.58547,47.41474],[9.58383,47.41503],[9.58247,47.41488],[9.58166,47.41513],[9.5814,47.4163],[9.58293,47.41635],[9.58327,47.41816],[9.58289,47.41849],[9.58274,47.41991],[9.58159,47.42001],[9.58068,47.41967],[9.58028,47.42016],[9.57781,47.42092],[9.57706,47.4208],[9.5762,47.42143],[9.57343,47.42117],[9.57232,47.42076],[9.5704,47.42124],[9.56891,47.42091],[9.5683,47.42115],[9.5673,47.4223],[9.56808,47.42267],[9.56914,47.42269],[9.56949,47.42362],[9.5736,47.42413],[9.57318,47.42536],[9.57461,47.42568],[9.5741,47.4264],[9.57199,47.42659],[9.57109,47.42724],[9.57055,47.42861],[9.56935,47.42869],[9.5696,47.42773],[9.56774,47.42795],[9.56766,47.42884],[9.56654,47.42905],[9.56491,47.42889],[9.5648,47.42957],[9.56398,47.42947],[9.56373,47.42891],[9.561,47.43019],[9.56141,47.43097],[9.56081,47.43134],[9.55973,47.43082],[9.55854,47.43174],[9.55813,47.43282],[9.55876,47.433],[9.55879,47.43386],[9.56001,47.43416],[9.56182,47.435],[9.56187,47.4363],[9.56351,47.43699],[9.56438,47.43676],[9.56497,47.4371],[9.56457,47.43814],[9.5664,47.43867],[9.56876,47.43851],[9.56884,47.43738],[9.57066,47.43592],[9.56996,47.43496],[9.57063,47.43434],[9.57203,47.43432],[9.57358,47.43394],[9.57525,47.43385],[9.57551,47.43427],[9.5775,47.43433],[9.57838,47.43375],[9.57932,47.43361],[9.57938,47.43438],[9.58157,47.4344],[9.58646,47.43473],[9.58864,47.4346],[9.59086,47.43525],[9.59315,47.43562],[9.59267,47.43479],[9.59322,47.43396],[9.59475,47.43432],[9.59585,47.43432],[9.59979,47.43535],[9.60181,47.436],[9.60241,47.43641],[9.60626,47.43682],[9.60726,47.43645],[9.61082,47.43666],[9.61416,47.43725],[9.61552,47.43725],[9.61783,47.43767],[9.62309,47.43826],[9.62379,47.43854],[9.62611,47.43898],[9.6269,47.43935],[9.62795,47.43933],[9.62974,47.43984],[9.63008,47.44125],[9.63089,47.44166],[9.63071,47.44263],[9.62971,47.44436],[9.62734,47.44503],[9.62506,47.44607],[9.62331,47.44632],[9.62155,47.44704],[9.62056,47.4479],[9.61836,47.4478],[9.61442,47.44833],[9.61298,47.44878],[9.60888,47.4508],[9.60874,47.45156],[9.60726,47.45159],[9.60593,47.45233],[9.60429,47.45256],[9.60323,47.45329],[9.59999,47.45506],[9.5992,47.45576],[9.59692,47.45654],[9.5962,47.45765],[9.59619,47.45854],[9.59501,47.45877],[9.59296,47.4585],[9.5903,47.45771],[9.58921,47.45822],[9.58879,47.45965],[9.58763,47.45943],[9.58739,47.46003],[9.58533,47.46046],[9.58304,47.46144],[9.58283,47.46172],[9.58135,47.46178],[9.58056,47.46254],[9.57968,47.4627],[9.57843,47.46247],[9.57678,47.46252],[9.57663,47.46289],[9.57421,47.46273],[9.57254,47.46319],[9.56808,47.46353],[9.56471,47.46325],[9.56343,47.46295],[9.55804,47.46478],[9.55662,47.46479],[9.55408,47.46381],[9.55306,47.46384],[9.55284,47.46454],[9.55026,47.46425],[9.54846,47.46345],[9.54655,47.4629],[9.54569,47.46375],[9.54573,47.46422],[9.54672,47.46458],[9.54732,47.46544],[9.54669,47.4659],[9.54626,47.46733],[9.54443,47.46728],[9.54427,47.46769],[9.5424,47.46904],[9.53953,47.46825],[9.53744,47.46847],[9.53404,47.46795],[9.53249,47.46784],[9.53034,47.46625],[9.53109,47.46563],[9.52953,47.46525],[9.52952,47.46497],[9.52807,47.4638],[9.52737,47.46273],[9.52564,47.46137],[9.52606,47.46024],[9.52684,47.4594],[9.52658,47.45873],[9.52675,47.45785],[9.52746,47.45648],[9.5285,47.45559],[9.53025,47.45456],[9.53104,47.45433],[9.53052,47.45345],[9.52816,47.4539],[9.52642,47.45348],[9.52543,47.45293],[9.52527,47.45223],[9.52388,47.45136],[9.52266,47.45135],[9.51954,47.45183],[9.51796,47.45145],[9.51743,47.4506],[9.51619,47.45047],[9.51415,47.44933],[9.51249,47.44963],[9.50965,47.44955],[9.50793,47.44886],[9.50687,47.44782],[9.50459,47.44658],[9.5036,47.44541],[9.4985,47.44331],[9.49785,47.44366],[9.4951,47.4423],[9.49309,47.44214],[9.49161,47.44176],[9.48679,47.44133],[9.48545,47.44061],[9.484,47.44042],[9.48201,47.43935],[9.48042,47.43896],[9.47794,47.43944],[9.47563,47.4387],[9.47377,47.43894],[9.47098,47.43894],[9.46844,47.43827],[9.46754,47.4375],[9.46539,47.43656],[9.46494,47.43575],[9.46394,47.43528],[9.46245,47.43499],[9.45868,47.43394],[9.45732,47.43393],[9.45647,47.43334],[9.45456,47.43282],[9.45311,47.43268],[9.45259,47.43212],[9.45308,47.43151],[9.45246,47.43108],[9.45053,47.43087],[9.44936,47.43137],[9.44835,47.4327],[9.44754,47.43282],[9.44668,47.43346],[9.44592,47.4333],[9.44397,47.43407],[9.44253,47.43375],[9.4415,47.43328],[9.43922,47.4337],[9.43866,47.43427],[9.43768,47.43449],[9.43501,47.43429],[9.43519,47.43366],[9.43475,47.43207],[9.43401,47.43164],[9.43278,47.43038],[9.43256,47.42945],[9.43471,47.42636],[9.43512,47.4246],[9.43463,47.42409],[9.43453,47.4223],[9.43504,47.42083],[9.43378,47.42069],[9.43394,47.42004],[9.43286,47.4194],[9.4333,47.41871],[9.43026,47.41819],[9.43037,47.4171],[9.43198,47.41522],[9.43202,47.41422],[9.43297,47.41397],[9.43187,47.41244],[9.43054,47.41149],[9.42918,47.41214],[9.42792,47.41148],[9.42788,47.41045],[9.42972,47.4101],[9.42989,47.40961],[9.42794,47.40892],[9.42649,47.40752],[9.42462,47.40683],[9.42217,47.40612],[9.41972,47.40595],[9.41664,47.40507],[9.41411,47.40494],[9.41353,47.40549],[9.41282,47.40544],[9.41293,47.40459],[9.41116,47.40409],[9.41066,47.40313],[9.40923,47.4032],[9.40924,47.40255],[9.40696,47.40214],[9.4051,47.40215],[9.404,47.40126],[9.40208,47.40087],[9.40062,47.40097],[9.3998,47.40077],[9.39883,47.40144],[9.39785,47.40143],[9.39745,47.40058],[9.39664,47.40092],[9.39495,47.40118],[9.39271,47.40102],[9.39077,47.40201],[9.39037,47.40329],[9.38933,47.40445],[9.38734,47.40547],[9.38553,47.40562],[9.38315,47.40632],[9.38153,47.40622],[9.37982,47.4068],[9.37915,47.40666],[9.37834,47.40732],[9.37722,47.40752],[9.37622,47.40728],[9.37508,47.40769],[9.3727,47.40711],[9.37168,47.40771],[9.36911,47.4068],[9.36776,47.40583],[9.36729,47.40523],[9.36601,47.40461],[9.36366,47.40458],[9.35983,47.4034],[9.35957,47.40268],[9.35857,47.40204],[9.35649,47.4023],[9.35535,47.40279],[9.35477,47.4034],[9.35203,47.4024],[9.34854,47.40134],[9.34754,47.40129],[9.3467,47.40086],[9.34249,47.40001],[9.34018,47.39999],[9.33968,47.3996],[9.33848,47.40019],[9.33782,47.40015],[9.33665,47.39933],[9.33536,47.39918],[9.33472,47.39978],[9.33397,47.39992],[9.33295,47.39947],[9.3323,47.40045],[9.33035,47.40081],[9.32934,47.4013],[9.32737,47.4012],[9.32542,47.40061],[9.32473,47.40065],[9.32297,47.39956],[9.32152,47.39916],[9.32028,47.39819],[9.31836,47.39792],[9.31484,47.39764],[9.31341,47.39721],[9.3103,47.39651],[9.30862,47.39658],[9.30295,47.39522],[9.30065,47.3953],[9.29883,47.39597],[9.29629,47.39643],[9.29476,47.39623],[9.29415,47.3964],[9.29371,47.39722],[9.28724,47.39807],[9.28568,47.39795],[9.28397,47.39831],[9.28329,47.39869],[9.28203,47.39837],[9.28056,47.39855],[9.27942,47.39824],[9.27895,47.39963],[9.27815,47.39984],[9.27684,47.39967],[9.27474,47.40056],[9.2719,47.40101],[9.26936,47.39931],[9.26777,47.39948],[9.26581,47.40116],[9.26434,47.40096],[9.26199,47.40039],[9.26153,47.39959],[9.26081,47.39995],[9.25953,47.39947],[9.2589,47.39889],[9.25755,47.39873],[9.25643,47.40058],[9.25605,47.40086],[9.25496,47.40037],[9.25349,47.40069],[9.25266,47.40045],[9.2519,47.40071],[9.2504,47.40028],[9.24869,47.39916],[9.24676,47.39854],[9.24478,47.39932],[9.24273,47.39845],[9.24158,47.39834],[9.24115,47.39786],[9.23912,47.39713],[9.23764,47.39642],[9.23616,47.39615],[9.23536,47.39684],[9.23419,47.39705],[9.23403,47.39637],[9.23266,47.39707],[9.23271,47.3976],[9.23055,47.39708],[9.23071,47.39665],[9.2323,47.39599],[9.23238,47.39438],[9.23191,47.39401],[9.23275,47.39272],[9.23249,47.39214],[9.23259,47.39104],[9.23316,47.39035],[9.23238,47.38954],[9.23249,47.38841],[9.23093,47.38737],[9.22907,47.38695],[9.22794,47.38749],[9.22657,47.38762],[9.2257,47.387],[9.22419,47.38681],[9.22283,47.38748],[9.2219,47.38653],[9.22065,47.38569],[9.21874,47.38476],[9.21905,47.38369],[9.21883,47.38294],[9.22048,47.38227],[9.21995,47.38088],[9.22161,47.37904],[9.22179,47.3779],[9.21979,47.37678],[9.2198,47.376],[9.22089,47.37454],[9.221,47.37325],[9.22047,47.37283],[9.21868,47.37298],[9.21795,47.37083],[9.21651,47.36966],[9.21531,47.36967],[9.21467,47.36898],[9.21323,47.36823],[9.21302,47.36785],[9.21381,47.36679],[9.21304,47.36512],[9.2118,47.36438],[9.21088,47.36411],[9.21017,47.36305],[9.20226,47.36192],[9.20028,47.36186],[9.19913,47.36144],[9.19669,47.36218],[9.19268,47.36264],[9.19192,47.36243],[9.19262,47.3616],[9.19267,47.36041],[9.19439,47.35895],[9.19482,47.35794],[9.19556,47.3554],[9.19656,47.35362],[9.19754,47.35421],[9.1994,47.35425],[9.20123,47.35509],[9.20227,47.35607],[9.20348,47.35594],[9.20424,47.35631],[9.20508,47.35746],[9.20735,47.35568],[9.20528,47.35463],[9.20441,47.35459],[9.20266,47.35193],[9.20196,47.35053],[9.2005,47.34966],[9.20043,47.34906],[9.19904,47.34827],[9.19865,47.34778],[9.19903,47.34687],[9.20033,47.3466],[9.20064,47.34587],[9.20134,47.34589],[9.20237,47.34541],[9.20372,47.34293],[9.2044,47.34249],[9.20563,47.34234],[9.20601,47.34157],[9.20574,47.34077],[9.20624,47.33993],[9.20629,47.33913],[9.20807,47.33956],[9.20935,47.34045],[9.21111,47.34106],[9.21194,47.3406],[9.21329,47.34046],[9.21421,47.34078],[9.21472,47.34146],[9.21765,47.34204],[9.22006,47.3423],[9.22042,47.34287],[9.22233,47.34334],[9.22311,47.3428],[9.22495,47.34238],[9.22589,47.34046],[9.22751,47.33854],[9.22895,47.33765],[9.22964,47.33663],[9.23023,47.33657],[9.23111,47.33544],[9.23221,47.33448],[9.23331,47.3322],[9.2328,47.33096],[9.23001,47.32961],[9.22865,47.32923],[9.22753,47.32921],[9.22707,47.32839],[9.22566,47.32825],[9.22444,47.32743],[9.22347,47.32719],[9.22276,47.32605],[9.21982,47.32561],[9.21897,47.32569],[9.21708,47.32439],[9.21614,47.32487],[9.21494,47.32408],[9.21486,47.32287],[9.21373,47.32293],[9.21243,47.32263],[9.21063,47.32122],[9.21043,47.32046],[9.21257,47.3199],[9.21322,47.31915],[9.21301,47.31849],[9.21385,47.31733],[9.2139,47.3158],[9.21472,47.31442],[9.21431,47.31349],[9.21498,47.3122],[9.21502,47.31149],[9.21623,47.31049],[9.21725,47.30905],[9.21776,47.30801],[9.21789,47.30672],[9.21732,47.30457],[9.21649,47.30294],[9.216,47.30251],[9.21682,47.30182],[9.21732,47.3003],[9.21726,47.29961],[9.21808,47.29954],[9.21909,47.29866],[9.21963,47.2986],[9.22058,47.2969],[9.22201,47.29633],[9.22172,47.29596],[9.22272,47.29477],[9.2241,47.2936],[9.22413,47.29252],[9.22327,47.29178],[9.22187,47.29165],[9.22161,47.29111],[9.22236,47.28948],[9.22115,47.28829],[9.21927,47.28731],[9.21847,47.28626],[9.21757,47.28549],[9.21665,47.28422],[9.21497,47.28393],[9.21335,47.28337],[9.21355,47.28275],[9.21165,47.28228],[9.21073,47.28185],[9.21021,47.2812],[9.20822,47.28014],[9.20699,47.2789],[9.20626,47.27639],[9.20864,47.27566],[9.21029,47.27443],[9.21172,47.27408],[9.21274,47.27332],[9.21367,47.27309],[9.21638,47.27163],[9.21645,47.27115],[9.21735,47.27067],[9.21813,47.27104],[9.22005,47.2702],[9.22214,47.26902],[9.2238,47.26844],[9.22523,47.26827],[9.22677,47.26735],[9.22762,47.26757],[9.2299,47.26701],[9.23132,47.26611],[9.23357,47.26537],[9.23449,47.26545],[9.2388,47.26464],[9.23953,47.2648],[9.24142,47.26467],[9.24476,47.26534],[9.24626,47.26588],[9.2475,47.26608],[9.24799,47.26578],[9.24967,47.26551],[9.25152,47.26557],[9.25402,47.26446],[9.25493,47.26473],[9.25644,47.26334],[9.25733,47.26322],[9.25845,47.26387],[9.26002,47.2642],[9.26029,47.26484],[9.2631,47.26564],[9.26351,47.26699],[9.26483,47.26762],[9.26569,47.26777],[9.26717,47.2685],[9.26932,47.26888],[9.27135,47.26849],[9.27247,47.26867],[9.27359,47.26999],[9.2755,47.26855],[9.27862,47.26719],[9.2791,47.26667],[9.27511,47.26574],[9.27619,47.26533],[9.27936,47.26499],[9.2815,47.26513],[9.2841,47.26565],[9.28551,47.26389],[9.2867,47.26263],[9.28809,47.26237],[9.2887,47.26128],[9.28971,47.26033],[9.29167,47.26014],[9.29315,47.26039],[9.29586,47.2585],[9.29718,47.25741],[9.30073,47.25855],[9.30366,47.25959],[9.30465,47.25978],[9.30558,47.25952],[9.30764,47.25966],[9.3088,47.2589],[9.3087,47.25773],[9.30792,47.25594],[9.30785,47.2553],[9.31042,47.25328],[9.31439,47.25215],[9.31612,47.25039],[9.31781,47.24845],[9.31864,47.24788],[9.3238,47.24702],[9.32472,47.24761],[9.32644,47.24781],[9.32712,47.24857],[9.329,47.24874],[9.33182,47.24935],[9.33236,47.24961],[9.34075,47.249],[9.34327,47.2494],[9.342,47.25032],[9.34213,47.25069],[9.3413,47.25206],[9.33625,47.25954],[9.33494,47.26131],[9.33464,47.26226],[9.33392,47.26322],[9.33393,47.26386],[9.33314,47.26527],[9.33343,47.26591],[9.33275,47.26995],[9.32363,47.28291],[9.32084,47.28428],[9.31885,47.28577],[9.3189,47.28711],[9.31831,47.28797],[9.3186,47.28826],[9.31737,47.28922],[9.31582,47.28917],[9.31454,47.28999],[9.31446,47.2909],[9.31356,47.29145],[9.31342,47.29272],[9.31279,47.29364],[9.3128,47.29487],[9.31318,47.29548],[9.31302,47.29615],[9.31466,47.29781],[9.31472,47.29893],[9.31583,47.30019],[9.31607,47.30126],[9.31711,47.30174],[9.31536,47.30476],[9.31496,47.30625],[9.31594,47.30777],[9.31832,47.30953],[9.3167,47.31122],[9.31547,47.31354],[9.31645,47.31384],[9.31546,47.31531],[9.31703,47.31597],[9.31607,47.31692],[9.31579,47.31804],[9.31441,47.31922],[9.31391,47.32059],[9.3142,47.32107],[9.31359,47.32158],[9.31223,47.32131],[9.3098,47.32148],[9.30988,47.32272],[9.31092,47.32406],[9.31128,47.32511],[9.31439,47.32624],[9.31423,47.32648],[9.31606,47.32733],[9.31793,47.32745],[9.31922,47.32803],[9.32155,47.32867],[9.32555,47.32961],[9.32655,47.33021],[9.32706,47.32995],[9.32897,47.33081],[9.33339,47.34078],[9.33467,47.34156],[9.33737,47.34266],[9.33939,47.34385],[9.34167,47.34445],[9.34449,47.34483],[9.34625,47.34493],[9.3456,47.34592],[9.34518,47.34748],[9.34434,47.34934],[9.34322,47.3502],[9.34368,47.35218],[9.34475,47.35236],[9.34701,47.35403],[9.35055,47.35438],[9.35135,47.35496],[9.35376,47.35508],[9.35708,47.35552],[9.35961,47.35702],[9.36093,47.35697],[9.36224,47.35755],[9.36392,47.35763],[9.36537,47.35836],[9.36402,47.36009],[9.36227,47.36122],[9.3617,47.36269],[9.36038,47.36398],[9.36024,47.36464],[9.3614,47.36611],[9.35936,47.36695],[9.35874,47.36848],[9.358,47.36905],[9.35841,47.3702],[9.35819,47.37061],[9.35686,47.37131],[9.35685,47.3717],[9.35935,47.37319],[9.35895,47.37433],[9.35919,47.37629],[9.35863,47.37723],[9.35875,47.37796],[9.35832,47.37843],[9.35714,47.37871],[9.35434,47.3805],[9.35361,47.38137],[9.35265,47.3819],[9.35131,47.38205],[9.35021,47.38311],[9.35132,47.3833],[9.35452,47.38423],[9.35573,47.38352],[9.35655,47.38338],[9.35732,47.38452],[9.35867,47.38506],[9.36241,47.38462],[9.36314,47.38431],[9.36426,47.38435],[9.36549,47.38488],[9.36734,47.3846],[9.36839,47.38505],[9.37103,47.38403],[9.37184,47.384],[9.37292,47.38449],[9.37336,47.38511],[9.37276,47.38616],[9.37518,47.38687],[9.37703,47.38717],[9.37768,47.38633],[9.37881,47.38675],[9.37941,47.38643],[9.37938,47.38415],[9.37882,47.3839],[9.37921,47.38245],[9.37811,47.38174],[9.3779,47.38125],[9.37868,47.38052],[9.38036,47.38035],[9.38322,47.37948],[9.38478,47.37946],[9.38581,47.3787],[9.38554,47.37804],[9.38576,47.37732],[9.3864,47.37708],[9.38721,47.37778],[9.38806,47.3779],[9.38973,47.37751],[9.39068,47.37792],[9.39127,47.37904],[9.39296,47.38004],[9.39363,47.38024],[9.39568,47.3799],[9.39558,47.37914],[9.39662,47.3793],[9.39807,47.37892],[9.39785,47.378],[9.39889,47.37737],[9.4001,47.3781],[9.40059,47.37701],[9.4017,47.37662],[9.40278,47.37672],[9.40352,47.37612],[9.40223,47.37583],[9.40206,47.37489],[9.40321,47.3734],[9.40432,47.37319],[9.4059,47.372],[9.40604,47.37125],[9.40711,47.37114],[9.40828,47.36997],[9.40862,47.37021],[9.41189,47.36876],[9.41544,47.36885],[9.41795,47.36961],[9.4193,47.36963],[9.42006,47.36917],[9.42075,47.36927],[9.42154,47.36805],[9.42266,47.36804],[9.42301,47.36848],[9.4282,47.37043],[9.43007,47.37103],[9.4311,47.3696],[9.43143,47.36832],[9.43059,47.3677],[9.43112,47.36622],[9.43235,47.36553],[9.43224,47.36472],[9.43314,47.36381],[9.43794,47.3565],[9.44009,47.35728],[9.44241,47.356],[9.44282,47.3564],[9.44478,47.35696],[9.44564,47.35621],[9.44704,47.35599],[9.44823,47.35505],[9.44924,47.35482],[9.45,47.35415],[9.45589,47.35153],[9.45976,47.35008],[9.46575,47.34642],[9.47191,47.34705],[9.47924,47.34721],[9.48715,47.35025],[9.50292,47.34743],[9.503,47.35089],[9.50217,47.35199],[9.50264,47.35382],[9.50146,47.35454],[9.50001,47.36006],[9.50104,47.36086],[9.4996,47.36111],[9.49928,47.36191],[9.50048,47.36269],[9.49952,47.36299],[9.49895,47.3636],[9.50092,47.36795],[9.49984,47.36891],[9.499,47.36933],[9.50073,47.37031],[9.50129,47.37116],[9.50071,47.37161],[9.50176,47.37244],[9.50413,47.37357],[9.50541,47.37446],[9.50491,47.37496],[9.50303,47.37499],[9.5033,47.3809],[9.50414,47.38262],[9.50409,47.38327],[9.50344,47.38377],[9.50413,47.38457],[9.50457,47.38632],[9.50519,47.38763],[9.5042,47.38839],[9.50576,47.38923],[9.5056,47.39024],[9.50704,47.39067],[9.50793,47.39296],[9.50907,47.39459],[9.50956,47.3947],[9.50871,47.39484],[9.50827,47.39562],[9.50954,47.39624],[9.51151,47.39693],[9.51231,47.39749],[9.51116,47.39855],[9.51167,47.39897],[9.51218,47.40008],[9.51119,47.4013],[9.51149,47.40215],[9.51072,47.40246],[9.51246,47.40319],[9.5152,47.40498],[9.51643,47.40564],[9.51747,47.40577],[9.5189,47.40562],[9.52178,47.40646],[9.52242,47.40703],[9.52315,47.40647],[9.52437,47.40703],[9.52617,47.40748],[9.52958,47.40896],[9.53057,47.40908],[9.53274,47.41032],[9.53291,47.41067],[9.53177,47.41121],[9.53033,47.41148],[9.52788,47.411],[9.5276,47.41196],[9.52628,47.41175],[9.52531,47.41216],[9.52509,47.41319],[9.52411,47.41311],[9.52292,47.414],[9.52375,47.41418],[9.52487,47.41504],[9.52693,47.41491],[9.52702,47.41597],[9.52556,47.41753],[9.52429,47.41835],[9.52508,47.41883],[9.52532,47.41961],[9.5247,47.42005],[9.5241,47.42121],[9.52718,47.42335],[9.52857,47.42347],[9.52851,47.42395],[9.5298,47.42408],[9.53202,47.42378],[9.53242,47.42437],[9.53358,47.42417],[9.5342,47.42472],[9.53553,47.4249],[9.53575,47.42525],[9.53743,47.42578],[9.5371,47.42682],[9.53908,47.42794],[9.53871,47.42917],[9.53919,47.43062],[9.53869,47.43088],[9.53893,47.43174],[9.54008,47.43162],[9.54107,47.43184],[9.5439,47.43079],[9.54569,47.43069],[9.54685,47.42935],[9.54712,47.42869],[9.54867,47.4282],[9.54854,47.42775],[9.55113,47.42709],[9.55274,47.42739],[9.55349,47.4263],[9.55476,47.42683],[9.55501,47.42637],[9.55457,47.42544],[9.55462,47.4246],[9.55418,47.42351],[9.55579,47.42261],[9.55561,47.42182],[9.55628,47.42026],[9.55603,47.41954],[9.55696,47.41908],[9.55891,47.41898],[9.55884,47.41827],[9.56064,47.41813],[9.56125,47.41772],[9.56305,47.41827],[9.56365,47.41783],[9.56382,47.41679],[9.56679,47.4163],[9.5711,47.41656],[9.57482,47.4159],[9.57625,47.41582],[9.57633,47.41538],[9.57546,47.41449],[9.574,47.41399],[9.57283,47.41317],[9.57241,47.41236],[9.57351,47.4121],[9.57349,47.4085],[9.57382,47.40762],[9.57267,47.40773],[9.57158,47.40678],[9.57042,47.40638],[9.568,47.40598],[9.56671,47.40606],[9.56613,47.40556],[9.56492,47.4053],[9.56401,47.40642],[9.56369,47.40799],[9.56265,47.4085],[9.56192,47.40839],[9.56023,47.40879],[9.55942,47.40847],[9.55845,47.40909],[9.55813,47.40821],[9.55701,47.40767],[9.55669,47.40824],[9.55507,47.40779],[9.55323,47.40774],[9.5524,47.4081],[9.55269,47.40875],[9.55114,47.40962],[9.54878,47.41001],[9.54629,47.40927],[9.54557,47.40934],[9.54418,47.40895],[9.54239,47.4082],[9.54276,47.40755],[9.54362,47.407],[9.54586,47.40629],[9.54693,47.40434],[9.54747,47.40404],[9.54825,47.40272],[9.54899,47.40207],[9.5498,47.40069],[9.55055,47.40043],[9.55114,47.3991],[9.55267,47.39857],[9.55352,47.39741],[9.55398,47.39739],[9.55529,47.39645],[9.55595,47.39689],[9.55697,47.39674],[9.55809,47.3971],[9.55858,47.39783],[9.56025,47.39837],[9.5612,47.39901],[9.56417,47.39871],[9.56512,47.39921],[9.56453,47.39971],[9.56565,47.40042],[9.56729,47.40047],[9.56812,47.40123],[9.56788,47.40186],[9.56898,47.40192],[9.57108,47.40263],[9.57332,47.40411],[9.57391,47.40395],[9.57607,47.40429],[9.57525,47.40569],[9.57761,47.40697],[9.57882,47.40707],[9.57973,47.40764],[9.58271,47.40876],[9.58302,47.40965]],[[9.36232,47.3869],[9.36324,47.3864],[9.36275,47.38601],[9.36178,47.38638],[9.36232,47.3869]]]},"properties":{"area_code":"AR","area_name":"Appenzell Ausserrhoden","area_unit_id":"ch-canton-2026-swissboundaries3d:AR","boundary_set_id":"ch-canton-2026-swissboundaries3d","boundary_level":"canton","land_area_sq_km":242.8365}},
{"type":"Feature","geometry":{"type":"MultiPolygon","coordinates":[[[[7.55835,47.32237],[7.55064,47.31985],[7.5451,47.31898],[7.53961,47.31799],[7.52997,47.31631],[7.52893,47.3158],[7.52346,47.31424],[7.52202,47.31369],[7.51873,47.3117],[7.51673,47.31079],[7.51488,47.30961],[7.51191,47.30843],[7.50993,47.30731],[7.50784,47.307],[7.50674,47.30625],[7.50517,47.30559],[7.5029,47.3052],[7.50201,47.30465],[7.50101,47.30448],[7.49784,47.30307],[7.49743,47.30231],[7.49605,47.30212],[7.495,47.3027],[7.49418,47.30278],[7.49304,47.30243],[7.49025,47.30203],[7.48765,47.30199],[7.48567,47.30241],[7.48213,47.30397],[7.48057,47.30438],[7.47891,47.30504],[7.47799,47.30519],[7.47782,47.30624],[7.47604,47.30707],[7.4743,47.30696],[7.46909,47.30707],[7.46681,47.30732],[7.46253,47.30678],[7.45952,47.30664],[7.4579,47.30695],[7.45208,47.30755],[7.44819,47.30829],[7.44434,47.30862],[7.44177,47.30867],[7.43899,47.30828],[7.43408,47.30776],[7.43192,47.30743],[7.42881,47.30724],[7.42591,47.30777],[7.42169,47.30706],[7.41984,47.30864],[7.41731,47.30934],[7.41643,47.30922],[7.41301,47.30998],[7.41256,47.31161],[7.41172,47.31331],[7.40881,47.31325],[7.40584,47.31263],[7.40228,47.31274],[7.39961,47.31319],[7.39792,47.31312],[7.3962,47.31339],[7.39337,47.3135],[7.39054,47.3131],[7.39005,47.31347],[7.38858,47.31336],[7.38669,47.31366],[7.38454,47.31345],[7.38289,47.31403],[7.38038,47.31403],[7.37864,47.31498],[7.37464,47.31352],[7.37158,47.31216],[7.36923,47.31092],[7.36844,47.31071],[7.36547,47.30941],[7.36164,47.30858],[7.36033,47.30865],[7.35598,47.30749],[7.35536,47.30748],[7.35211,47.30676],[7.34974,47.30595],[7.34821,47.30568],[7.3487,47.30298],[7.35029,47.29963],[7.34954,47.29893],[7.3475,47.29826],[7.34402,47.29794],[7.34223,47.29749],[7.3423,47.29611],[7.34139,47.29554],[7.34184,47.29434],[7.34258,47.29353],[7.34365,47.29416],[7.34622,47.29471],[7.34599,47.2936],[7.34807,47.29231],[7.35051,47.29276],[7.35124,47.29314],[7.3533,47.29353],[7.35616,47.29432],[7.35712,47.29278],[7.35798,47.29301],[7.36007,47.29296],[7.36298,47.29331],[7.36552,47.29382],[7.3744,47.29455],[7.37473,47.29514],[7.37613,47.29563],[7.37714,47.29567],[7.37909,47.2953],[7.38118,47.29587],[7.38209,47.29527],[7.38433,47.29575],[7.39041,47.29684],[7.39134,47.29721],[7.39589,47.29818],[7.39693,47.29767],[7.39641,47.29682],[7.39473,47.29546],[7.39165,47.29349],[7.38975,47.29198],[7.3898,47.28939],[7.3924,47.28599],[7.39255,47.28409],[7.39247,47.2803],[7.3921,47.27848],[7.39249,47.27795],[7.38937,47.27481],[7.3899,47.27385],[7.38985,47.27291],[7.39109,47.27155],[7.392,47.26916],[7.39342,47.26784],[7.39356,47.2671],[7.39308,47.26625],[7.39343,47.26398],[7.39289,47.25987],[7.39239,47.25843],[7.39246,47.25707],[7.39177,47.2559],[7.3903,47.25522],[7.38909,47.25599],[7.38677,47.256],[7.3846,47.25633],[7.38309,47.25598],[7.38152,47.25589],[7.37633,47.2561],[7.37486,47.25627],[7.37347,47.2567],[7.37076,47.25704],[7.36872,47.25854],[7.36787,47.25797],[7.36621,47.25758],[7.36507,47.25761],[7.36401,47.25614],[7.35851,47.25448],[7.35649,47.2538],[7.35616,47.25332],[7.35489,47.2528],[7.35322,47.25173],[7.35043,47.25039],[7.34881,47.24993],[7.34535,47.24776],[7.34434,47.24953],[7.34348,47.25041],[7.34326,47.25193],[7.34057,47.25503],[7.33841,47.25524],[7.33773,47.25727],[7.33749,47.25851],[7.3388,47.25984],[7.33988,47.26011],[7.3412,47.26131],[7.34146,47.26286],[7.33739,47.2625],[7.33726,47.26405],[7.33643,47.26503],[7.33731,47.2654],[7.33702,47.26726],[7.33721,47.26806],[7.33878,47.26865],[7.33972,47.26944],[7.34333,47.27016],[7.34468,47.27],[7.34615,47.27007],[7.34727,47.27054],[7.35059,47.27105],[7.35364,47.27105],[7.35427,47.27129],[7.35402,47.27267],[7.35282,47.27308],[7.35266,47.27391],[7.35083,47.27654],[7.35013,47.27711],[7.35033,47.27808],[7.34969,47.2785],[7.34857,47.27808],[7.34765,47.27943],[7.34787,47.28053],[7.34558,47.28108],[7.34486,47.28185],[7.3398,47.28208],[7.33923,47.28227],[7.33837,47.28362],[7.33717,47.28509],[7.33683,47.28667],[7.3359,47.28743],[7.33546,47.28828],[7.32994,47.2873],[7.32918,47.28888],[7.3267,47.28799],[7.32346,47.28738],[7.32111,47.28733],[7.31878,47.28701],[7.319,47.28804],[7.31649,47.28825],[7.31488,47.28817],[7.31351,47.28836],[7.31073,47.28847],[7.31072,47.28806],[7.30922,47.28813],[7.30341,47.28765],[7.30246,47.28783],[7.29789,47.28696],[7.29601,47.28646],[7.29483,47.28638],[7.29189,47.2858],[7.28834,47.28561],[7.28618,47.2859],[7.28602,47.28519],[7.28422,47.28508],[7.27923,47.28423],[7.27779,47.28417],[7.27377,47.28468],[7.26791,47.28581],[7.2646,47.28676],[7.26298,47.2871],[7.26098,47.28723],[7.25831,47.28679],[7.25826,47.2856],[7.25294,47.28517],[7.24937,47.28542],[7.24619,47.28525],[7.24258,47.28522],[7.23951,47.28572],[7.23752,47.28647],[7.23371,47.28762],[7.23228,47.2882],[7.22345,47.28814],[7.21488,47.28998],[7.21342,47.28978],[7.21019,47.28884],[7.20842,47.28994],[7.20697,47.2911],[7.20621,47.29199],[7.20724,47.29319],[7.20918,47.29471],[7.206,47.29547],[7.20087,47.29569],[7.19755,47.29591],[7.19457,47.29581],[7.19193,47.29549],[7.18777,47.29479],[7.18538,47.29523],[7.18051,47.2949],[7.17639,47.29451],[7.17627,47.2942],[7.17417,47.29405],[7.16882,47.2945],[7.1679,47.29428],[7.16379,47.29406],[7.16339,47.29309],[7.16498,47.29272],[7.1681,47.29165],[7.16851,47.29071],[7.16473,47.28896],[7.16521,47.28636],[7.16647,47.2858],[7.16902,47.28599],[7.16929,47.28504],[7.17024,47.28395],[7.17023,47.2831],[7.16917,47.28361],[7.16849,47.28317],[7.16789,47.28135],[7.16798,47.27978],[7.16847,47.2784],[7.16874,47.27696],[7.16847,47.27561],[7.16868,47.27473],[7.16792,47.27436],[7.16524,47.27353],[7.16286,47.27301],[7.16041,47.27206],[7.15711,47.27149],[7.15555,47.27145],[7.15437,47.27113],[7.15262,47.27037],[7.15045,47.26987],[7.14874,47.26904],[7.14898,47.26876],[7.14772,47.26795],[7.14771,47.26721],[7.14606,47.26592],[7.14567,47.26532],[7.14726,47.26263],[7.14902,47.26322],[7.14897,47.26219],[7.14748,47.26165],[7.14638,47.26064],[7.14621,47.25988],[7.14311,47.25948],[7.14305,47.25681],[7.14277,47.25575],[7.1439,47.25577],[7.14824,47.25625],[7.14985,47.25614],[7.15147,47.25551],[7.15177,47.25478],[7.15092,47.25421],[7.1492,47.25386],[7.15324,47.25099],[7.15579,47.24755],[7.15356,47.24766],[7.15189,47.24708],[7.15105,47.24656],[7.14709,47.24534],[7.14379,47.24457],[7.14022,47.24418],[7.13976,47.24318],[7.1377,47.24354],[7.13624,47.24398],[7.13346,47.24446],[7.13242,47.24446],[7.12983,47.24497],[7.12748,47.245],[7.12166,47.24434],[7.11961,47.24402],[7.11768,47.24352],[7.11522,47.24269],[7.11382,47.24254],[7.11148,47.2419],[7.11009,47.24246],[7.10762,47.24229],[7.10637,47.24244],[7.10521,47.24289],[7.10336,47.24311],[7.1009,47.24225],[7.099,47.24096],[7.09726,47.23955],[7.09643,47.23861],[7.09622,47.23703],[7.08841,47.23702],[7.08572,47.23997],[7.08788,47.24081],[7.08882,47.24157],[7.08711,47.24241],[7.08722,47.24347],[7.08518,47.24538],[7.08448,47.24529],[7.08184,47.24342],[7.0796,47.24341],[7.07995,47.24475],[7.07952,47.24776],[7.07419,47.24592],[7.06855,47.24408],[7.06463,47.2437],[7.06411,47.24341],[7.06165,47.24325],[7.05983,47.2428],[7.05873,47.24225],[7.05723,47.24104],[7.05667,47.24001],[7.05671,47.23946],[7.05753,47.23861],[7.05629,47.23782],[7.05633,47.23693],[7.0575,47.23456],[7.05801,47.23202],[7.05867,47.23119],[7.05642,47.23011],[7.05524,47.22936],[7.05308,47.22858],[7.05016,47.22796],[7.04735,47.22706],[7.04646,47.22569],[7.04367,47.22302],[7.04429,47.22186],[7.03683,47.21341],[7.03494,47.20982],[7.03247,47.20598],[7.03029,47.20228],[7.02345,47.19571],[7.00918,47.19385],[6.99643,47.19333],[6.99454,47.18781],[6.9945,47.18699],[6.99303,47.18623],[6.99196,47.1853],[6.98975,47.18299],[6.99039,47.18258],[6.98846,47.18003],[6.98622,47.17794],[6.98671,47.17749],[6.98557,47.17656],[6.98322,47.1756],[6.98077,47.17429],[6.97987,47.17414],[6.979,47.1747],[6.97703,47.17494],[6.97654,47.1756],[6.97547,47.17633],[6.9738,47.17801],[6.97215,47.17989],[6.97141,47.18033],[6.97052,47.18134],[6.96957,47.18146],[6.96657,47.18138],[6.96179,47.18209],[6.96039,47.18205],[6.95611,47.18066],[6.95443,47.18249],[6.95336,47.18276],[6.95542,47.18389],[6.95263,47.18571],[6.95309,47.18636],[6.95216,47.18735],[6.94536,47.18537],[6.94142,47.18453],[6.94076,47.18379],[6.94015,47.18164],[6.94108,47.18092],[6.93979,47.17995],[6.9382,47.17516],[6.93727,47.17405],[6.93508,47.173],[6.92989,47.16936],[6.92372,47.16685],[6.91908,47.16491],[6.91667,47.16433],[6.9172,47.16377],[6.91388,47.16268],[6.90979,47.1594],[6.90891,47.1589],[6.90833,47.15967],[6.90749,47.15918],[6.90816,47.15835],[6.90572,47.15762],[6.90609,47.15715],[6.90006,47.15552],[6.89829,47.15529],[6.89578,47.1542],[6.89498,47.15401],[6.89239,47.15381],[6.88899,47.15232],[6.88763,47.15141],[6.88539,47.1512],[6.88372,47.15041],[6.88286,47.15168],[6.88247,47.15315],[6.87962,47.15427],[6.87988,47.15847],[6.87687,47.16087],[6.87197,47.17412],[6.86332,47.16845],[6.86149,47.16563],[6.86437,47.16197],[6.86815,47.15701],[6.86974,47.15481],[6.87125,47.15322],[6.87219,47.15129],[6.87662,47.14605],[6.88013,47.14182],[6.88129,47.13958],[6.88486,47.13594],[6.88606,47.13401],[6.8888,47.13113],[6.88695,47.12559],[6.88644,47.12425],[6.88497,47.11964],[6.881,47.10839],[6.87787,47.1066],[6.87179,47.10286],[6.87021,47.09809],[6.86838,47.09229],[6.86686,47.08512],[6.87029,47.08652],[6.87053,47.08643],[6.87518,47.08813],[6.87904,47.08986],[6.88039,47.09001],[6.88182,47.09061],[6.88295,47.09084],[6.88813,47.09284],[6.8899,47.09394],[6.89211,47.09504],[6.89549,47.0965],[6.8975,47.0972],[6.90532,47.10033],[6.90872,47.10163],[6.91155,47.10257],[6.91573,47.10379],[6.91803,47.10511],[6.92147,47.10638],[6.92268,47.1071],[6.92659,47.10915],[6.92983,47.1126],[6.93413,47.10974],[6.93634,47.10873],[6.9393,47.10973],[6.9399,47.10916],[6.94221,47.10994],[6.94338,47.11061],[6.94729,47.11191],[6.94833,47.11242],[6.94878,47.11206],[6.94981,47.1124],[6.9522,47.11281],[6.95344,47.11269],[6.95597,47.11326],[6.95813,47.11348],[6.96032,47.11394],[6.96552,47.11444],[6.96753,47.11442],[6.96961,47.1146],[6.97235,47.11504],[6.97399,47.11551],[6.97478,47.11526],[6.97617,47.11564],[6.98239,47.11639],[6.98637,47.11695],[6.9897,47.11753],[6.99175,47.11807],[6.99596,47.11889],[6.99785,47.1194],[6.99776,47.11964],[6.99946,47.12025],[7.00169,47.12164],[7.00174,47.1222],[7.00466,47.12251],[7.00613,47.12291],[7.00649,47.12354],[7.00776,47.12423],[7.00913,47.12417],[7.01027,47.12382],[7.01061,47.12323],[7.01361,47.12348],[7.01588,47.12399],[7.0191,47.1239],[7.02264,47.12413],[7.02559,47.12414],[7.02838,47.12653],[7.02853,47.12692],[7.03108,47.12732],[7.03824,47.12644],[7.03996,47.12465],[7.03783,47.12353],[7.03528,47.12193],[7.03236,47.11981],[7.03138,47.11963],[7.02763,47.11576],[7.02595,47.11445],[7.02349,47.1122],[7.0265,47.10737],[7.02873,47.10367],[7.03643,47.1071],[7.04061,47.10901],[7.04117,47.10837],[7.04541,47.10646],[7.04928,47.10499],[7.05122,47.10366],[7.05528,47.10111],[7.05714,47.09968],[7.06325,47.09955],[7.06696,47.09841],[7.07568,47.09626],[7.0826,47.08973],[7.08682,47.0857],[7.08705,47.08155],[7.07825,47.07676],[7.077,47.07596],[7.07839,47.07517],[7.07878,47.0746],[7.08013,47.07375],[7.08082,47.07129],[7.0802,47.0688],[7.08027,47.06747],[7.08067,47.06647],[7.08213,47.06663],[7.08264,47.0657],[7.08169,47.06489],[7.08211,47.06439],[7.08322,47.0645],[7.08431,47.06406],[7.08442,47.06359],[7.08566,47.06277],[7.08687,47.06132],[7.08765,47.05974],[7.07818,47.05193],[7.07608,47.05056],[7.07431,47.04979],[7.07271,47.04933],[7.07135,47.04863],[7.06915,47.04701],[7.06543,47.04502],[7.06226,47.04441],[7.06018,47.04438],[7.05398,47.04344],[7.05112,47.04257],[7.04897,47.04149],[7.04036,47.03697],[7.03888,47.03603],[7.03786,47.03514],[7.03468,47.03203],[7.03348,47.03034],[7.03314,47.02891],[7.03311,47.02645],[7.03366,47.01833],[7.03329,47.01589],[7.03216,47.01314],[7.03142,47.01168],[7.03036,47.01031],[7.0293,47.00938],[7.02511,47.00607],[7.02555,47.00582],[7.04016,46.97984],[7.05168,46.97757],[7.05778,46.97687],[7.08605,46.97629],[7.08735,46.97648],[7.09029,46.97663],[7.0923,46.97613],[7.11279,46.97942],[7.13152,46.98245],[7.14892,46.98528],[7.15173,46.98622],[7.15207,46.98579],[7.15414,46.9865],[7.15608,46.98603],[7.15842,46.98679],[7.16496,46.9891],[7.16494,46.98917],[7.17862,46.99404],[7.19473,46.99982],[7.19667,47.00014],[7.19631,47.00213],[7.19938,47.00121],[7.2001,47.00192],[7.20068,47.00166],[7.20509,47.00627],[7.21025,47.00395],[7.21299,47.00681],[7.21556,47.00526],[7.21744,47.00628],[7.21839,47.00513],[7.21927,47.00441],[7.22073,47.00263],[7.22153,47.00211],[7.22143,47.00108],[7.22193,47.00032],[7.22323,46.99927],[7.22321,46.99814],[7.22575,46.99915],[7.22625,46.99858],[7.22612,46.99758],[7.22642,46.99697],[7.22462,46.99574],[7.22356,46.99438],[7.22222,46.99316],[7.22365,46.99281],[7.22411,46.99298],[7.22595,46.9924],[7.22749,46.99146],[7.22917,46.99068],[7.22863,46.99002],[7.23161,46.98909],[7.23486,46.98676],[7.23562,46.9846],[7.23413,46.98412],[7.23174,46.98216],[7.23083,46.98072],[7.22865,46.97865],[7.22739,46.97798],[7.22403,46.97649],[7.22163,46.97556],[7.22247,46.97454],[7.21686,46.97272],[7.21743,46.97192],[7.21545,46.97108],[7.21467,46.97133],[7.2141,46.9693],[7.21466,46.96915],[7.21422,46.96693],[7.20745,46.96751],[7.20709,46.96551],[7.20646,46.96413],[7.19941,46.9638],[7.19795,46.96445],[7.19638,46.96367],[7.19554,46.96411],[7.1947,46.96303],[7.19427,46.96205],[7.19459,46.96135],[7.19764,46.96065],[7.1986,46.9601],[7.19884,46.95961],[7.20001,46.95909],[7.20174,46.95952],[7.20629,46.95984],[7.20809,46.95934],[7.20831,46.95781],[7.21059,46.95689],[7.21102,46.95652],[7.21072,46.9556],[7.20949,46.95457],[7.20886,46.95435],[7.20886,46.95356],[7.20829,46.95284],[7.2087,46.95227],[7.20796,46.9507],[7.20812,46.94961],[7.20776,46.94899],[7.20838,46.94844],[7.20941,46.94855],[7.21011,46.94781],[7.21044,46.94578],[7.20952,46.94483],[7.21006,46.94418],[7.21027,46.94302],[7.20951,46.94188],[7.20782,46.94207],[7.20744,46.94156],[7.2055,46.94112],[7.2058,46.94023],[7.20359,46.94054],[7.2038,46.93952],[7.20438,46.9391],[7.203,46.93734],[7.20422,46.93742],[7.20625,46.93576],[7.20827,46.93334],[7.2093,46.93334],[7.21043,46.93105],[7.21171,46.93124],[7.21268,46.92845],[7.21135,46.92787],[7.21119,46.9266],[7.21072,46.92648],[7.2111,46.92527],[7.20914,46.92524],[7.20861,46.92485],[7.20692,46.92481],[7.20668,46.92361],[7.20683,46.92199],[7.20507,46.92169],[7.20597,46.92077],[7.20559,46.92027],[7.20612,46.91982],[7.20699,46.91617],[7.20578,46.91477],[7.20628,46.91448],[7.20599,46.91266],[7.2071,46.91014],[7.20789,46.90982],[7.20781,46.90913],[7.20527,46.90826],[7.20433,46.90631],[7.20169,46.90524],[7.19879,46.90376],[7.1955,46.90314],[7.19313,46.90241],[7.19168,46.90182],[7.18913,46.90104],[7.18764,46.90042],[7.18968,46.9003],[7.19532,46.89901],[7.19687,46.90095],[7.19908,46.90187],[7.19995,46.90246],[7.20156,46.90209],[7.20393,46.90198],[7.20776,46.90264],[7.21026,46.90242],[7.21244,46.90173],[7.21389,46.90059],[7.21755,46.89735],[7.22209,46.90183],[7.22351,46.90277],[7.22534,46.90332],[7.22864,46.90361],[7.23032,46.90394],[7.23049,46.9035],[7.22891,46.90321],[7.22913,46.9023],[7.2309,46.9024],[7.2315,46.9008],[7.23203,46.90029],[7.23495,46.89929],[7.23633,46.8981],[7.23997,46.89786],[7.2417,46.89813],[7.24314,46.89792],[7.24433,46.90037],[7.24981,46.89907],[7.25196,46.89872],[7.25815,46.89816],[7.2604,46.89765],[7.26222,46.89662],[7.26539,46.89407],[7.26738,46.89327],[7.27178,46.89267],[7.27334,46.89222],[7.27795,46.89026],[7.2794,46.88975],[7.28103,46.88954],[7.28245,46.8898],[7.2836,46.89045],[7.28639,46.89269],[7.28729,46.89317],[7.28938,46.89377],[7.29051,46.89386],[7.2953,46.89386],[7.29702,46.89359],[7.30071,46.89257],[7.30181,46.89236],[7.30744,46.8916],[7.30935,46.89152],[7.31234,46.89176],[7.32391,46.89363],[7.32665,46.89366],[7.34019,46.89081],[7.34631,46.88982],[7.34843,46.88934],[7.35151,46.88817],[7.35303,46.88719],[7.3535,46.88631],[7.35307,46.88088],[7.35239,46.87621],[7.35386,46.87129],[7.35449,46.87074],[7.35645,46.87058],[7.35738,46.8701],[7.35838,46.8688],[7.35794,46.86513],[7.35925,46.86311],[7.35912,46.86242],[7.35772,46.86065],[7.35444,46.85875],[7.35339,46.85704],[7.35167,46.85502],[7.34934,46.85331],[7.34726,46.85375],[7.34521,46.85239],[7.34263,46.85168],[7.33999,46.8507],[7.33821,46.84946],[7.33716,46.84961],[7.33581,46.85042],[7.33542,46.85109],[7.3345,46.85161],[7.3337,46.8525],[7.33277,46.85194],[7.33323,46.85155],[7.33166,46.85118],[7.33045,46.8511],[7.32663,46.85151],[7.32528,46.85206],[7.32531,46.85266],[7.323,46.85477],[7.32356,46.85543],[7.32576,46.85681],[7.32778,46.85594],[7.32798,46.85633],[7.3307,46.85763],[7.33006,46.8582],[7.32728,46.85924],[7.32765,46.85957],[7.32552,46.8601],[7.32346,46.86095],[7.32087,46.86154],[7.31894,46.86089],[7.31739,46.8606],[7.31778,46.86227],[7.31641,46.86259],[7.31461,46.86191],[7.31453,46.86093],[7.31379,46.86059],[7.31258,46.86073],[7.31335,46.85921],[7.31205,46.85868],[7.31175,46.85733],[7.31207,46.85557],[7.30946,46.85498],[7.30732,46.85371],[7.30646,46.85375],[7.30405,46.85255],[7.30215,46.85204],[7.30373,46.85091],[7.30533,46.85051],[7.30613,46.84999],[7.30678,46.84877],[7.30775,46.84808],[7.30755,46.84704],[7.31033,46.84556],[7.31267,46.84463],[7.31312,46.84421],[7.31596,46.84367],[7.31784,46.84297],[7.31903,46.84198],[7.32189,46.84112],[7.32333,46.84041],[7.32402,46.83945],[7.32421,46.83856],[7.32677,46.83713],[7.32802,46.83601],[7.32926,46.83563],[7.32975,46.83492],[7.32934,46.83394],[7.33103,46.8328],[7.33123,46.83177],[7.3302,46.82968],[7.32891,46.829],[7.32548,46.8279],[7.32141,46.82713],[7.32025,46.82674],[7.31981,46.82515],[7.32095,46.82186],[7.3207,46.82017],[7.31898,46.81702],[7.32046,46.81568],[7.3202,46.81481],[7.31746,46.81382],[7.31475,46.81196],[7.31365,46.81036],[7.31179,46.80948],[7.31032,46.80802],[7.30978,46.80625],[7.30901,46.80484],[7.3092,46.80291],[7.30795,46.80154],[7.30748,46.79876],[7.30482,46.79551],[7.30305,46.79432],[7.30159,46.79283],[7.30201,46.79079],[7.30351,46.78887],[7.30207,46.78638],[7.3023,46.78566],[7.30447,46.78415],[7.30447,46.78321],[7.30113,46.78134],[7.30053,46.78064],[7.30081,46.77905],[7.29882,46.77823],[7.29758,46.77754],[7.29639,46.77729],[7.29591,46.77598],[7.29531,46.77537],[7.29128,46.77334],[7.29047,46.77205],[7.29147,46.77152],[7.29307,46.77136],[7.29294,46.76955],[7.29319,46.76826],[7.29398,46.76769],[7.29594,46.76546],[7.29655,46.76521],[7.2979,46.76553],[7.29881,46.76513],[7.29819,46.7641],[7.29987,46.76376],[7.30136,46.76234],[7.30138,46.76132],[7.30174,46.76082],[7.30309,46.76009],[7.30359,46.75919],[7.30315,46.75616],[7.30341,46.75515],[7.3032,46.75359],[7.30351,46.75218],[7.30437,46.74984],[7.30421,46.74778],[7.3032,46.7455],[7.30136,46.74319],[7.30006,46.7421],[7.29761,46.73881],[7.29686,46.73711],[7.29686,46.73385],[7.29657,46.73268],[7.29651,46.73011],[7.29675,46.72781],[7.29704,46.72691],[7.29864,46.72403],[7.29958,46.723],[7.30171,46.72112],[7.30277,46.72037],[7.3045,46.71959],[7.30692,46.71798],[7.30792,46.71718],[7.30992,46.7181],[7.31133,46.71793],[7.31239,46.71757],[7.31694,46.71769],[7.31973,46.71732],[7.32109,46.717],[7.3262,46.71653],[7.32819,46.71662],[7.33388,46.71452],[7.33691,46.7143],[7.33932,46.71446],[7.34145,46.71421],[7.34389,46.71348],[7.34738,46.71289],[7.34951,46.7122],[7.35029,46.71024],[7.35061,46.70855],[7.34937,46.70694],[7.34907,46.7049],[7.34763,46.70324],[7.34625,46.70221],[7.34595,46.70088],[7.34544,46.69973],[7.34574,46.69894],[7.35237,46.69838],[7.35576,46.69827],[7.36002,46.69795],[7.36092,46.69825],[7.36257,46.69918],[7.36486,46.69497],[7.36702,46.69412],[7.36861,46.69261],[7.374,46.69214],[7.37694,46.69271],[7.38021,46.69018],[7.37906,46.69003],[7.37779,46.68931],[7.37592,46.68777],[7.37582,46.6864],[7.37775,46.68355],[7.37593,46.68237],[7.375,46.68196],[7.37321,46.68064],[7.37289,46.6798],[7.37319,46.67911],[7.37517,46.67757],[7.37645,46.67503],[7.37596,46.67485],[7.37489,46.6735],[7.37357,46.67242],[7.37349,46.67195],[7.37114,46.66939],[7.37251,46.66754],[7.37191,46.66524],[7.3712,46.66366],[7.37189,46.66266],[7.37086,46.66081],[7.37106,46.65903],[7.36994,46.6581],[7.36952,46.65741],[7.36928,46.65558],[7.37521,46.65612],[7.37689,46.65584],[7.36606,46.64896],[7.36208,46.6479],[7.36167,46.64737],[7.36215,46.64684],[7.36086,46.64558],[7.35963,46.64509],[7.3597,46.64448],[7.35841,46.64388],[7.3579,46.64177],[7.35794,46.6409],[7.35728,46.63928],[7.3563,46.64007],[7.35534,46.64212],[7.35575,46.64245],[7.35538,46.64423],[7.35582,46.64536],[7.3546,46.64666],[7.35259,46.64688],[7.35077,46.64796],[7.35032,46.64905],[7.35031,46.64993],[7.35072,46.65163],[7.34965,46.65237],[7.3482,46.65284],[7.34716,46.65386],[7.34616,46.65438],[7.34557,46.65534],[7.34413,46.6555],[7.3412,46.65519],[7.34036,46.65563],[7.33408,46.6547],[7.33103,46.6553],[7.32976,46.65462],[7.32735,46.65501],[7.32601,46.65475],[7.32325,46.65534],[7.32114,46.65462],[7.32327,46.65192],[7.32418,46.6505],[7.32462,46.6502],[7.32573,46.64869],[7.32758,46.64655],[7.32855,46.64466],[7.32969,46.64183],[7.32817,46.64032],[7.32591,46.63839],[7.32456,46.63773],[7.32232,46.63701],[7.32051,46.6368],[7.31722,46.63694],[7.31514,46.63691],[7.31381,46.63642],[7.31326,46.63662],[7.31247,46.63048],[7.31215,46.62429],[7.31211,46.6217],[7.31786,46.61857],[7.31818,46.61613],[7.31621,46.60932],[7.31483,46.60042],[7.31857,46.59494],[7.32073,46.59186],[7.31511,46.59039],[7.3125,46.58918],[7.3108,46.5855],[7.30804,46.58132],[7.30352,46.57974],[7.2992,46.5791],[7.29829,46.57921],[7.29445,46.58021],[7.29294,46.58073],[7.29057,46.58114],[7.28895,46.58171],[7.28755,46.5825],[7.28367,46.58378],[7.28135,46.58411],[7.28092,46.58355],[7.27993,46.58324],[7.2782,46.58168],[7.27713,46.58096],[7.27647,46.57984],[7.27548,46.57917],[7.27392,46.57868],[7.27122,46.57646],[7.27076,46.57579],[7.2687,46.57376],[7.26809,46.57369],[7.2676,46.57231],[7.26665,46.57156],[7.26523,46.56966],[7.26385,46.56752],[7.25859,46.56229],[7.25508,46.55989],[7.2531,46.55887],[7.24981,46.55772],[7.24705,46.55623],[7.24408,46.55521],[7.24047,46.55424],[7.23708,46.55379],[7.23715,46.54635],[7.23902,46.54538],[7.23993,46.544],[7.24277,46.54112],[7.24387,46.54076],[7.24465,46.53998],[7.24473,46.53891],[7.24542,46.53849],[7.24603,46.53753],[7.24574,46.53704],[7.24581,46.53526],[7.24519,46.53448],[7.24473,46.53319],[7.24565,46.53219],[7.24625,46.53199],[7.2469,46.5305],[7.2466,46.5292],[7.24729,46.52821],[7.24792,46.52557],[7.2479,46.52384],[7.24834,46.52342],[7.24795,46.5223],[7.24918,46.52113],[7.24878,46.52052],[7.24896,46.51964],[7.24858,46.51889],[7.24897,46.51724],[7.24826,46.51695],[7.24829,46.51599],[7.24776,46.51556],[7.24738,46.51422],[7.24792,46.51308],[7.2487,46.51291],[7.24799,46.51114],[7.24831,46.51054],[7.2475,46.50962],[7.24668,46.50917],[7.24628,46.50721],[7.24679,46.50678],[7.24657,46.50618],[7.24504,46.50532],[7.24491,46.50359],[7.24454,46.50267],[7.24463,46.50127],[7.24388,46.50094],[7.24337,46.50003],[7.24251,46.49963],[7.24238,46.4984],[7.24117,46.49796],[7.24144,46.49717],[7.24009,46.49665],[7.23957,46.49579],[7.23852,46.49632],[7.23748,46.49612],[7.23729,46.4956],[7.23592,46.49557],[7.23423,46.49508],[7.23267,46.49488],[7.23437,46.49408],[7.23556,46.4928],[7.23601,46.49133],[7.23585,46.48984],[7.23619,46.48803],[7.23465,46.48801],[7.23126,46.48773],[7.22932,46.4874],[7.22916,46.48698],[7.2275,46.48721],[7.22757,46.48635],[7.22563,46.48684],[7.22414,46.48689],[7.22458,46.48484],[7.22498,46.47748],[7.22731,46.47242],[7.23086,46.46653],[7.23091,46.4662],[7.23011,46.4642],[7.2289,46.46233],[7.22982,46.4616],[7.22889,46.45892],[7.22649,46.45754],[7.22853,46.45659],[7.22986,46.45547],[7.23233,46.45394],[7.23176,46.45357],[7.22973,46.45337],[7.22725,46.4521],[7.22597,46.45165],[7.22703,46.44948],[7.22617,46.44811],[7.22614,46.44703],[7.22515,46.44428],[7.2231,46.44231],[7.22257,46.44201],[7.21887,46.44138],[7.21314,46.43951],[7.20995,46.43948],[7.20515,46.43915],[7.20425,46.43922],[7.20413,46.44],[7.20221,46.44056],[7.20049,46.4408],[7.19894,46.44018],[7.19643,46.44056],[7.19495,46.44061],[7.19315,46.43632],[7.19254,46.43522],[7.19282,46.43376],[7.19483,46.43241],[7.19554,46.43163],[7.19655,46.43123],[7.19692,46.43061],[7.19915,46.42926],[7.19993,46.42819],[7.20039,46.42597],[7.20179,46.42395],[7.20361,46.42207],[7.20516,46.42146],[7.20635,46.42124],[7.20677,46.4193],[7.20791,46.41796],[7.20925,46.41702],[7.20987,46.41628],[7.20905,46.4153],[7.20845,46.41385],[7.20823,46.41217],[7.20754,46.41111],[7.20694,46.40839],[7.20764,46.40625],[7.20778,46.40298],[7.20453,46.40042],[7.2046,46.39946],[7.20374,46.39721],[7.2019,46.39547],[7.20086,46.39286],[7.19839,46.39065],[7.19849,46.38946],[7.19677,46.38687],[7.19494,46.3849],[7.19424,46.38319],[7.19421,46.382],[7.19372,46.37893],[7.19992,46.37883],[7.2015,46.3789],[7.20229,46.37866],[7.2037,46.37874],[7.20564,46.37962],[7.20674,46.37936],[7.20832,46.37867],[7.20741,46.37764],[7.20763,46.37742],[7.20723,46.37349],[7.20938,46.37253],[7.21026,46.37104],[7.21038,46.36942],[7.21095,46.3676],[7.21444,46.36412],[7.2161,46.36199],[7.21698,46.36159],[7.21865,46.36204],[7.21965,46.36207],[7.2226,46.36357],[7.22564,46.36459],[7.22744,46.36347],[7.22807,46.36237],[7.22901,46.36235],[7.22981,46.36149],[7.22782,46.36112],[7.22643,46.35922],[7.22441,46.35926],[7.22339,46.35861],[7.22162,46.35833],[7.21885,46.35754],[7.21968,46.35609],[7.2209,46.35292],[7.2227,46.34857],[7.22149,46.32925],[7.22407,46.32872],[7.22509,46.32807],[7.22912,46.3273],[7.22978,46.32696],[7.23243,46.32647],[7.23459,46.32663],[7.2373,46.32723],[7.23909,46.32695],[7.24119,46.32712],[7.24165,46.3274],[7.24449,46.32802],[7.24642,46.328],[7.24727,46.32885],[7.25017,46.33023],[7.25205,46.32998],[7.25349,46.33067],[7.25482,46.33162],[7.25552,46.33251],[7.25746,46.33412],[7.25845,46.33564],[7.25915,46.33633],[7.26076,46.33724],[7.2618,46.33743],[7.26272,46.33865],[7.26114,46.34011],[7.26141,46.34111],[7.26129,46.34298],[7.26023,46.34415],[7.26036,46.34492],[7.26157,46.34624],[7.26102,46.34651],[7.26092,46.34758],[7.26153,46.34898],[7.26245,46.34939],[7.26124,46.35062],[7.26098,46.35151],[7.2616,46.35221],[7.26063,46.35435],[7.26097,46.35587],[7.26197,46.35731],[7.2623,46.35824],[7.28805,46.36572],[7.28877,46.36636],[7.29052,46.36714],[7.29138,46.36673],[7.29335,46.36647],[7.29551,46.36556],[7.29906,46.36645],[7.31028,46.37516],[7.31052,46.37502],[7.31161,46.37268],[7.31247,46.37155],[7.31282,46.37041],[7.31233,46.36806],[7.31269,46.36689],[7.31249,46.36596],[7.31266,46.36457],[7.31255,46.36322],[7.31088,46.3619],[7.3104,46.36098],[7.31022,46.35995],[7.30823,46.35877],[7.30901,46.35735],[7.3096,46.35683],[7.31,46.35567],[7.30923,46.35458],[7.30783,46.35209],[7.30823,46.35089],[7.30905,46.35012],[7.31037,46.3493],[7.31019,46.34849],[7.31131,46.3477],[7.31285,46.34606],[7.31504,46.34442],[7.31523,46.34386],[7.31641,46.34396],[7.31945,46.34393],[7.32077,46.34429],[7.32392,46.34428],[7.32628,46.34468],[7.32782,46.34545],[7.3316,46.34639],[7.3336,46.34622],[7.33656,46.34703],[7.33806,46.34697],[7.34113,46.34813],[7.3427,46.34828],[7.34494,46.34908],[7.34709,46.3501],[7.34859,46.35017],[7.35094,46.35103],[7.35267,46.35078],[7.35325,46.35044],[7.35492,46.35074],[7.35667,46.35219],[7.35768,46.3528],[7.35895,46.35312],[7.35941,46.35373],[7.36071,46.35449],[7.36163,46.35568],[7.36232,46.35596],[7.36297,46.35677],[7.3658,46.35697],[7.36766,46.35754],[7.36908,46.35884],[7.37021,46.35933],[7.37383,46.36042],[7.37498,46.36135],[7.37674,46.36321],[7.37817,46.36407],[7.379,46.36382],[7.38061,46.36389],[7.38154,46.36439],[7.38302,46.36579],[7.38454,46.36698],[7.38467,46.36774],[7.38548,46.36843],[7.38701,46.36919],[7.38838,46.36894],[7.38948,46.36976],[7.39014,46.37101],[7.39129,46.37145],[7.39227,46.37211],[7.39256,46.37293],[7.39527,46.37431],[7.3962,46.37452],[7.3994,46.37646],[7.4003,46.37621],[7.40035,46.37537],[7.401,46.37421],[7.40227,46.37477],[7.40235,46.37535],[7.40348,46.37557],[7.4043,46.37615],[7.40647,46.37651],[7.40688,46.37673],[7.40923,46.37713],[7.41039,46.37758],[7.41156,46.37856],[7.41497,46.37877],[7.41613,46.37929],[7.41686,46.38017],[7.41864,46.38023],[7.42172,46.38051],[7.42262,46.38028],[7.42375,46.38047],[7.42476,46.38103],[7.42742,46.38058],[7.42848,46.38099],[7.43063,46.38238],[7.43238,46.38427],[7.43339,46.38508],[7.43499,46.38523],[7.43613,46.38563],[7.43863,46.38615],[7.43978,46.3846],[7.4415,46.3836],[7.4424,46.38328],[7.44403,46.38372],[7.4464,46.38372],[7.44753,46.38331],[7.44996,46.38354],[7.45063,46.38409],[7.45181,46.3835],[7.45433,46.38321],[7.45619,46.3823],[7.45746,46.38149],[7.45911,46.38101],[7.45931,46.3796],[7.45876,46.37892],[7.45903,46.37819],[7.46034,46.37728],[7.46214,46.37642],[7.46364,46.37806],[7.46584,46.37838],[7.46804,46.37805],[7.46974,46.37812],[7.47112,46.38031],[7.47274,46.38085],[7.47333,46.38156],[7.47329,46.38363],[7.47481,46.38389],[7.47639,46.38438],[7.47741,46.38449],[7.4794,46.38527],[7.48142,46.38415],[7.48462,46.37915],[7.48526,46.37687],[7.48512,46.37253],[7.48532,46.37194],[7.48686,46.37073],[7.48926,46.37034],[7.49041,46.37031],[7.49188,46.37115],[7.49473,46.37198],[7.49717,46.3706],[7.49842,46.37038],[7.49888,46.36991],[7.50062,46.36999],[7.50245,46.37046],[7.50291,46.37158],[7.5046,46.37248],[7.50498,46.37301],[7.50606,46.37346],[7.50568,46.37461],[7.50716,46.37584],[7.51098,46.37596],[7.51275,46.37617],[7.51528,46.37558],[7.51685,46.3756],[7.51808,46.37535],[7.51953,46.37534],[7.52079,46.37491],[7.52457,46.37489],[7.52696,46.37462],[7.52922,46.37564],[7.53448,46.37666],[7.53753,46.3771],[7.53909,46.37785],[7.5386,46.37899],[7.53857,46.3802],[7.53981,46.38273],[7.54127,46.3841],[7.5458,46.38571],[7.55496,46.38888],[7.55487,46.38948],[7.55325,46.39037],[7.55214,46.3913],[7.54859,46.39298],[7.54699,46.39401],[7.54381,46.39412],[7.54081,46.39486],[7.54012,46.39523],[7.53385,46.39737],[7.53125,46.39885],[7.53042,46.39946],[7.52976,46.39953],[7.52861,46.40029],[7.53146,46.40511],[7.53211,46.40651],[7.53336,46.40679],[7.5327,46.40757],[7.53278,46.40866],[7.53433,46.40992],[7.53603,46.40995],[7.53616,46.4104],[7.53848,46.41056],[7.5394,46.41175],[7.54153,46.41169],[7.54438,46.41219],[7.5473,46.41191],[7.54918,46.41207],[7.5516,46.41211],[7.55233,46.41269],[7.55418,46.41362],[7.55802,46.41368],[7.56088,46.41331],[7.56238,46.41244],[7.56281,46.41346],[7.5638,46.41332],[7.56553,46.41434],[7.5674,46.41418],[7.56924,46.41466],[7.57098,46.41458],[7.57253,46.41499],[7.57297,46.41546],[7.57417,46.41571],[7.57608,46.41656],[7.57691,46.41713],[7.57853,46.41732],[7.58057,46.41687],[7.58155,46.41756],[7.58353,46.41732],[7.5841,46.41673],[7.58388,46.41601],[7.58546,46.41495],[7.58554,46.41432],[7.58645,46.4137],[7.58756,46.4135],[7.59056,46.41246],[7.59239,46.41225],[7.59575,46.41122],[7.59682,46.41358],[7.59752,46.41423],[7.59917,46.41514],[7.60019,46.41597],[7.60033,46.41694],[7.59953,46.41835],[7.59765,46.41953],[7.59739,46.42068],[7.59849,46.4213],[7.59977,46.42254],[7.60127,46.42319],[7.60217,46.42263],[7.60294,46.42255],[7.60621,46.42413],[7.60801,46.42531],[7.6082,46.42592],[7.60894,46.42653],[7.60916,46.42789],[7.61023,46.42858],[7.60949,46.43043],[7.60999,46.43127],[7.60911,46.43242],[7.60835,46.43455],[7.60919,46.43546],[7.61002,46.43695],[7.61125,46.4367],[7.61465,46.43778],[7.61848,46.43807],[7.6205,46.43921],[7.62115,46.43929],[7.62206,46.44],[7.62278,46.44111],[7.62444,46.4417],[7.62469,46.4426],[7.62609,46.44509],[7.63287,46.44249],[7.63533,46.44117],[7.63721,46.44051],[7.64813,46.43751],[7.67845,46.42893],[7.68234,46.42718],[7.68379,46.42698],[7.68498,46.42636],[7.68578,46.42647],[7.68705,46.42619],[7.68766,46.42577],[7.68961,46.42539],[7.69032,46.42467],[7.69258,46.42475],[7.69361,46.42494],[7.69475,46.42323],[7.69612,46.42222],[7.69663,46.42133],[7.69882,46.41923],[7.70125,46.41832],[7.70401,46.417],[7.70852,46.4139],[7.7156,46.41482],[7.71801,46.41801],[7.72187,46.42101],[7.72749,46.42152],[7.73138,46.42213],[7.73509,46.42334],[7.73553,46.42368],[7.73605,46.4249],[7.73851,46.4253],[7.73938,46.4252],[7.7408,46.4257],[7.74224,46.42652],[7.74291,46.42733],[7.74422,46.42842],[7.74659,46.42932],[7.74726,46.42999],[7.74892,46.43034],[7.75051,46.43114],[7.75161,46.43136],[7.75213,46.43183],[7.75488,46.43306],[7.75496,46.43343],[7.75623,46.43454],[7.75625,46.43495],[7.75745,46.43523],[7.75799,46.43498],[7.75961,46.43569],[7.76079,46.43589],[7.76137,46.43644],[7.7635,46.43721],[7.76446,46.43789],[7.76541,46.43949],[7.76596,46.43996],[7.76811,46.43943],[7.7699,46.44015],[7.7705,46.44126],[7.77221,46.4423],[7.7747,46.44287],[7.77546,46.44283],[7.77797,46.44313],[7.77848,46.44334],[7.77898,46.44434],[7.77827,46.44464],[7.77939,46.44602],[7.77941,46.44673],[7.78085,46.44706],[7.78131,46.44755],[7.78289,46.44843],[7.78452,46.44907],[7.78599,46.45147],[7.7886,46.45284],[7.78967,46.45327],[7.79149,46.45348],[7.79243,46.45379],[7.79409,46.4555],[7.79583,46.45624],[7.79657,46.45683],[7.79703,46.45768],[7.79833,46.45881],[7.79963,46.45902],[7.82546,46.46708],[7.82654,46.4678],[7.8259,46.46862],[7.82655,46.46938],[7.82786,46.47012],[7.8285,46.47094],[7.83131,46.47241],[7.83287,46.47259],[7.83512,46.47378],[7.8371,46.47431],[7.84349,46.47787],[7.84663,46.47886],[7.84819,46.47879],[7.84902,46.47838],[7.85032,46.47726],[7.85314,46.4774],[7.85672,46.47785],[7.8598,46.47786],[7.86146,46.47819],[7.86368,46.47833],[7.86754,46.47808],[7.86993,46.47783],[7.87191,46.47829],[7.8741,46.47848],[7.87536,46.47831],[7.87836,46.47868],[7.88119,46.47943],[7.88381,46.48032],[7.88706,46.48087],[7.88878,46.48234],[7.88959,46.48251],[7.89085,46.48333],[7.89349,46.48261],[7.89531,46.48227],[7.89766,46.48243],[7.90137,46.48461],[7.90228,46.48554],[7.90411,46.48586],[7.90677,46.48689],[7.90861,46.48708],[7.91015,46.48698],[7.91114,46.48659],[7.91197,46.48692],[7.91199,46.4875],[7.91297,46.48854],[7.914,46.4888],[7.91503,46.4897],[7.91604,46.4911],[7.91679,46.49155],[7.92011,46.49181],[7.92279,46.49154],[7.92363,46.4919],[7.92485,46.49315],[7.92489,46.49376],[7.92346,46.49507],[7.92531,46.49604],[7.92589,46.49667],[7.9275,46.49727],[7.92991,46.49758],[7.93121,46.49808],[7.93264,46.49822],[7.93263,46.49988],[7.9338,46.50109],[7.93393,46.5021],[7.93452,46.50329],[7.93814,46.50528],[7.93926,46.50559],[7.94089,46.50648],[7.94177,46.50772],[7.94501,46.50795],[7.94794,46.50791],[7.94943,46.50838],[7.95208,46.50866],[7.95349,46.50797],[7.95795,46.50948],[7.95928,46.51047],[7.9613,46.51106],[7.962,46.51182],[7.96334,46.51211],[7.96462,46.51279],[7.96653,46.51267],[7.96759,46.51279],[7.96811,46.51408],[7.97054,46.51629],[7.97073,46.51736],[7.97043,46.51807],[7.97131,46.51881],[7.97062,46.52115],[7.97289,46.52337],[7.97294,46.52418],[7.97128,46.52543],[7.97057,46.5265],[7.9691,46.52692],[7.96882,46.52756],[7.96933,46.52843],[7.96852,46.52918],[7.96749,46.52965],[7.96655,46.53063],[7.96743,46.53227],[7.96505,46.53352],[7.96455,46.53456],[7.96337,46.53526],[7.96257,46.53676],[7.96277,46.53913],[7.96368,46.53988],[7.96588,46.54048],[7.96777,46.54143],[7.96827,46.54276],[7.9698,46.54489],[7.97413,46.54651],[7.97622,46.54703],[7.97824,46.54712],[7.97958,46.54799],[7.98095,46.54798],[7.98202,46.5477],[7.98434,46.5475],[7.98588,46.54774],[7.98774,46.54898],[7.98852,46.54987],[7.9886,46.5506],[7.98938,46.55118],[7.99047,46.55249],[7.99059,46.55296],[7.99216,46.55395],[7.99285,46.55477],[7.99333,46.55628],[7.9973,46.55851],[8.00045,46.55775],[8.00264,46.55841],[8.00295,46.5588],[8.00473,46.55893],[8.00742,46.56071],[8.0091,46.56133],[8.01304,46.56228],[8.01479,46.56307],[8.01607,46.56331],[8.01804,46.56278],[8.01914,46.56265],[8.02201,46.56291],[8.02487,46.56189],[8.02662,46.56188],[8.02907,46.56237],[8.03259,46.56218],[8.03391,46.56158],[8.03525,46.55996],[8.04011,46.55812],[8.04116,46.55757],[8.04313,46.55687],[8.04445,46.55664],[8.04617,46.55687],[8.04927,46.55643],[8.0505,46.55603],[8.05343,46.55613],[8.05467,46.55571],[8.05679,46.55405],[8.05798,46.5537],[8.05835,46.55329],[8.05993,46.55272],[8.06037,46.552],[8.06108,46.55162],[8.06209,46.55278],[8.06434,46.55331],[8.06578,46.55338],[8.06794,46.55301],[8.06888,46.55328],[8.07207,46.55378],[8.0758,46.55555],[8.07738,46.55518],[8.07885,46.55422],[8.08151,46.55289],[8.08331,46.55221],[8.08697,46.5513],[8.08858,46.55163],[8.09004,46.55112],[8.09154,46.5511],[8.09367,46.55143],[8.09476,46.54943],[8.09539,46.5489],[8.09775,46.54835],[8.09961,46.54808],[8.10183,46.54799],[8.10503,46.54861],[8.10994,46.54739],[8.11441,46.5466],[8.11615,46.54555],[8.1178,46.54322],[8.12036,46.54204],[8.12071,46.54129],[8.12272,46.54065],[8.12382,46.53926],[8.12497,46.53877],[8.12616,46.5373],[8.12952,46.53666],[8.13024,46.53676],[8.1325,46.53611],[8.13371,46.53607],[8.13479,46.53577],[8.13534,46.5351],[8.1375,46.53457],[8.14049,46.53495],[8.14291,46.53417],[8.14576,46.53309],[8.14773,46.53276],[8.14976,46.53165],[8.15234,46.53175],[8.15313,46.53149],[8.1552,46.5315],[8.15644,46.53174],[8.15821,46.53164],[8.15888,46.53122],[8.16058,46.53092],[8.16339,46.53206],[8.16567,46.53183],[8.16957,46.53096],[8.17193,46.53128],[8.17451,46.53141],[8.1742,46.52998],[8.17427,46.52855],[8.17388,46.52782],[8.17414,46.52672],[8.17387,46.52638],[8.17449,46.52422],[8.1752,46.52415],[8.17761,46.52304],[8.17899,46.52279],[8.18072,46.52034],[8.18209,46.52056],[8.18475,46.52036],[8.18657,46.52137],[8.18831,46.52213],[8.19117,46.52306],[8.19348,46.52305],[8.19694,46.52327],[8.19787,46.52365],[8.20058,46.52404],[8.20285,46.52389],[8.20494,46.52293],[8.20624,46.52332],[8.20646,46.52368],[8.20912,46.52476],[8.20997,46.52482],[8.21053,46.52528],[8.21338,46.52571],[8.21543,46.52578],[8.2159,46.52605],[8.21884,46.52644],[8.22073,46.52624],[8.2225,46.52629],[8.22371,46.52664],[8.22582,46.5269],[8.22866,46.5264],[8.22978,46.52707],[8.2315,46.52698],[8.23207,46.52734],[8.23361,46.52668],[8.23527,46.52654],[8.23826,46.52712],[8.24093,46.52651],[8.24311,46.52678],[8.24628,46.52797],[8.24744,46.52853],[8.24912,46.52856],[8.25081,46.52924],[8.25144,46.52913],[8.25282,46.52959],[8.25388,46.52946],[8.25632,46.52953],[8.25806,46.5294],[8.26093,46.53122],[8.26216,46.5317],[8.26204,46.53232],[8.26298,46.53348],[8.26442,46.53347],[8.26712,46.53407],[8.26846,46.53418],[8.27081,46.53545],[8.27225,46.53591],[8.27325,46.53646],[8.27622,46.53648],[8.27704,46.53622],[8.27959,46.5361],[8.27989,46.53671],[8.28159,46.53758],[8.28301,46.53807],[8.2839,46.53882],[8.28513,46.54084],[8.28598,46.54109],[8.28702,46.54231],[8.28738,46.54309],[8.28834,46.54307],[8.29056,46.54342],[8.29301,46.5441],[8.29388,46.54504],[8.29621,46.54452],[8.29703,46.54476],[8.29974,46.54481],[8.30333,46.54571],[8.30446,46.54628],[8.30612,46.5481],[8.30717,46.54833],[8.30814,46.54976],[8.31189,46.55216],[8.31272,46.55251],[8.31256,46.55436],[8.31446,46.55636],[8.31544,46.55778],[8.31663,46.55903],[8.31838,46.55973],[8.32144,46.56008],[8.32275,46.55978],[8.32423,46.56032],[8.32731,46.5599],[8.32801,46.56017],[8.33256,46.56046],[8.33401,46.56097],[8.33661,46.56112],[8.33692,46.56145],[8.33906,46.56255],[8.33966,46.56263],[8.34395,46.56421],[8.34602,46.56594],[8.34869,46.56787],[8.35064,46.56836],[8.35184,46.56946],[8.35152,46.57174],[8.35367,46.57314],[8.35375,46.57381],[8.35582,46.57468],[8.35751,46.57636],[8.36042,46.57776],[8.364,46.58183],[8.36468,46.58248],[8.3606,46.5863],[8.36165,46.58972],[8.36236,46.59098],[8.36331,46.59161],[8.36339,46.59317],[8.36225,46.59433],[8.36267,46.59587],[8.36195,46.59685],[8.36164,46.59816],[8.36228,46.59974],[8.36194,46.6005],[8.3619,46.60178],[8.36512,46.60401],[8.36537,46.60586],[8.36579,46.60671],[8.36733,46.60782],[8.36853,46.60919],[8.36841,46.60984],[8.36877,46.61093],[8.36952,46.61194],[8.36971,46.61306],[8.37052,46.61393],[8.3708,46.61525],[8.37033,46.61673],[8.37098,46.6178],[8.37096,46.61886],[8.37033,46.61923],[8.37033,46.62002],[8.36912,46.62031],[8.369,46.62128],[8.36925,46.62249],[8.36851,46.62394],[8.36929,46.62489],[8.36887,46.62599],[8.36922,46.62645],[8.36931,46.62871],[8.37112,46.63037],[8.37111,46.63116],[8.37161,46.6316],[8.37269,46.63364],[8.37411,46.63277],[8.37497,46.63311],[8.37647,46.63322],[8.37781,46.63362],[8.37924,46.63363],[8.38015,46.63415],[8.38323,46.63662],[8.38378,46.63808],[8.38508,46.63847],[8.38556,46.6396],[8.38767,46.64119],[8.38771,46.64166],[8.38899,46.64292],[8.39084,46.64446],[8.39179,46.64504],[8.39355,46.6454],[8.39475,46.64605],[8.39496,46.64713],[8.39596,46.64877],[8.39898,46.65405],[8.41027,46.65294],[8.4093,46.65676],[8.40955,46.65793],[8.40897,46.65944],[8.4092,46.66056],[8.40897,46.6615],[8.40907,46.66325],[8.40851,46.66422],[8.40843,46.66562],[8.40716,46.66679],[8.40566,46.66741],[8.40297,46.66815],[8.4022,46.66881],[8.40114,46.67048],[8.40053,46.67253],[8.39815,46.67409],[8.39788,46.67548],[8.3984,46.67655],[8.39902,46.67847],[8.39891,46.68033],[8.39849,46.68097],[8.39888,46.68168],[8.3976,46.68247],[8.39768,46.68371],[8.39736,46.68425],[8.39871,46.68561],[8.39959,46.68824],[8.3987,46.68893],[8.39873,46.69165],[8.39962,46.69287],[8.40833,46.6905],[8.41051,46.6905],[8.41223,46.69071],[8.41324,46.69034],[8.41446,46.68955],[8.41529,46.68748],[8.41736,46.68738],[8.41807,46.6871],[8.41994,46.68701],[8.41995,46.68739],[8.42223,46.68706],[8.42369,46.68671],[8.42819,46.68606],[8.43164,46.68689],[8.43377,46.68685],[8.43643,46.68637],[8.43774,46.68631],[8.44057,46.68553],[8.44455,46.68704],[8.44692,46.68737],[8.44881,46.68799],[8.44997,46.68808],[8.45229,46.68874],[8.45252,46.69053],[8.45311,46.69141],[8.45271,46.69293],[8.45303,46.69395],[8.45389,46.69472],[8.45507,46.69752],[8.45446,46.69836],[8.45516,46.6989],[8.45385,46.69999],[8.45354,46.70175],[8.4523,46.70287],[8.45256,46.70362],[8.45215,46.7042],[8.45251,46.70565],[8.45384,46.70841],[8.45355,46.70924],[8.45364,46.71087],[8.45103,46.71141],[8.44897,46.7122],[8.44813,46.71294],[8.44743,46.71415],[8.44726,46.71491],[8.44758,46.71645],[8.44719,46.71776],[8.44708,46.72706],[8.44746,46.72826],[8.44932,46.7288],[8.44972,46.72984],[8.44869,46.73137],[8.4469,46.73299],[8.44577,46.73323],[8.44528,46.73379],[8.44372,46.73428],[8.442,46.73568],[8.44087,46.73787],[8.44071,46.739],[8.44085,46.74007],[8.4415,46.74139],[8.44118,46.7423],[8.44024,46.74264],[8.44077,46.74456],[8.44231,46.74581],[8.44258,46.74639],[8.44377,46.7471],[8.44277,46.74895],[8.44184,46.75002],[8.43968,46.75136],[8.43904,46.75242],[8.43917,46.75312],[8.4412,46.75424],[8.44231,46.7543],[8.44356,46.75388],[8.44422,46.75504],[8.44408,46.75543],[8.44509,46.75601],[8.4453,46.75658],[8.44625,46.75697],[8.44749,46.75837],[8.44698,46.7591],[8.44735,46.7599],[8.44755,46.76136],[8.44833,46.76342],[8.44792,46.76426],[8.44838,46.76517],[8.44648,46.76613],[8.44641,46.76748],[8.44712,46.76869],[8.44662,46.77026],[8.44408,46.76988],[8.44216,46.76988],[8.44114,46.77084],[8.43993,46.77104],[8.43844,46.77202],[8.4355,46.77251],[8.43056,46.77215],[8.4285,46.77191],[8.42654,46.77138],[8.42645,46.77067],[8.42512,46.77029],[8.42268,46.77043],[8.42184,46.77109],[8.42188,46.77186],[8.42109,46.77279],[8.41802,46.77406],[8.41689,46.77428],[8.41464,46.77432],[8.41253,46.77313],[8.41062,46.77148],[8.40945,46.77108],[8.40751,46.76955],[8.40611,46.76928],[8.40372,46.76834],[8.4026,46.76747],[8.4008,46.76645],[8.39764,46.76589],[8.39639,46.7655],[8.39587,46.76851],[8.39523,46.77151],[8.39116,46.7778],[8.38862,46.77802],[8.38783,46.77855],[8.38696,46.77838],[8.38577,46.77865],[8.38232,46.78019],[8.38115,46.78202],[8.37999,46.78298],[8.3789,46.78353],[8.37895,46.78452],[8.37736,46.78582],[8.37495,46.78637],[8.373,46.7874],[8.37081,46.78828],[8.36936,46.78822],[8.36894,46.78792],[8.36773,46.78757],[8.36739,46.78706],[8.36552,46.78645],[8.3638,46.78607],[8.36408,46.7851],[8.36355,46.78452],[8.36122,46.78381],[8.35992,46.78296],[8.3566,46.78258],[8.35565,46.7827],[8.35054,46.78208],[8.34288,46.78145],[8.33369,46.7806],[8.33189,46.77991],[8.33102,46.77852],[8.32888,46.77796],[8.32682,46.77681],[8.3268,46.77614],[8.32582,46.77558],[8.32082,46.77334],[8.31588,46.7701],[8.31156,46.76828],[8.30689,46.76521],[8.30663,46.76418],[8.3021,46.76204],[8.29955,46.76139],[8.29843,46.76227],[8.29791,46.762],[8.29693,46.76024],[8.29586,46.75954],[8.29488,46.75923],[8.29304,46.75823],[8.29124,46.75786],[8.29043,46.75701],[8.28701,46.75533],[8.28645,46.75453],[8.28422,46.75376],[8.28349,46.75317],[8.28197,46.75401],[8.28099,46.75433],[8.28013,46.75422],[8.2773,46.7544],[8.27552,46.75508],[8.275,46.75471],[8.27409,46.75496],[8.27284,46.75492],[8.27164,46.7546],[8.26928,46.75431],[8.26869,46.75539],[8.26646,46.75708],[8.26668,46.75761],[8.26437,46.75951],[8.26266,46.76066],[8.26009,46.76335],[8.25938,46.76381],[8.25711,46.76441],[8.25577,46.76439],[8.25482,46.76494],[8.25189,46.76608],[8.2484,46.76688],[8.24718,46.76756],[8.24553,46.76752],[8.24457,46.76806],[8.2424,46.76857],[8.24029,46.7695],[8.23907,46.76961],[8.23392,46.76195],[8.23355,46.76173],[8.22979,46.761],[8.22922,46.76121],[8.22796,46.76099],[8.22687,46.76148],[8.22301,46.76132],[8.22198,46.76106],[8.22043,46.7615],[8.21936,46.76353],[8.21801,46.76371],[8.21641,46.76468],[8.21209,46.76636],[8.21092,46.76713],[8.21015,46.76799],[8.2093,46.76809],[8.208,46.76946],[8.20659,46.76955],[8.20324,46.76938],[8.20263,46.76904],[8.19934,46.76877],[8.19631,46.76793],[8.19318,46.76843],[8.1898,46.77031],[8.18774,46.76967],[8.18582,46.76858],[8.17414,46.76544],[8.17264,46.76466],[8.1721,46.76414],[8.17089,46.76435],[8.16794,46.76535],[8.1668,46.76402],[8.16561,46.76391],[8.16502,46.7634],[8.16426,46.7634],[8.16353,46.76165],[8.16087,46.7606],[8.15945,46.76052],[8.15942,46.75994],[8.15831,46.75986],[8.15846,46.75924],[8.15553,46.75857],[8.15437,46.75812],[8.15273,46.75805],[8.14967,46.75699],[8.14885,46.75653],[8.14695,46.75484],[8.14613,46.75545],[8.14098,46.75863],[8.13869,46.75954],[8.13863,46.76012],[8.13754,46.76072],[8.13725,46.7614],[8.13541,46.76261],[8.12836,46.7669],[8.12183,46.77037],[8.11835,46.77096],[8.11451,46.77245],[8.11352,46.7734],[8.11007,46.77377],[8.10687,46.77288],[8.10526,46.77294],[8.10235,46.7738],[8.10186,46.77444],[8.10144,46.77618],[8.09956,46.77827],[8.09746,46.77879],[8.09631,46.77953],[8.09365,46.78252],[8.09078,46.78436],[8.09088,46.78496],[8.09048,46.78613],[8.09,46.78673],[8.09004,46.78764],[8.08873,46.78756],[8.08575,46.78688],[8.08279,46.78693],[8.0806,46.78647],[8.07733,46.78594],[8.07576,46.786],[8.0743,46.78629],[8.07253,46.78727],[8.06945,46.78819],[8.06902,46.78865],[8.06725,46.78774],[8.06642,46.78768],[8.06488,46.78718],[8.06353,46.78726],[8.05983,46.78639],[8.05507,46.78844],[8.05029,46.78834],[8.04694,46.78711],[8.04366,46.78724],[8.04314,46.78754],[8.04113,46.78766],[8.03899,46.78759],[8.03773,46.78824],[8.03567,46.78897],[8.03534,46.78937],[8.03252,46.78947],[8.03149,46.79015],[8.02901,46.79001],[8.02705,46.78969],[8.02648,46.78978],[8.02275,46.78889],[8.02129,46.78884],[8.01768,46.78792],[8.01665,46.78806],[8.0147,46.78671],[8.0125,46.78628],[8.00881,46.78477],[8.00765,46.7845],[8.00689,46.78401],[8.00487,46.78321],[8.00055,46.78288],[7.99689,46.78217],[7.99575,46.78177],[7.99493,46.78111],[7.99492,46.77989],[7.99409,46.77889],[7.99263,46.77867],[7.98993,46.77726],[7.98906,46.77654],[7.98657,46.77544],[7.98458,46.77499],[7.98237,46.77606],[7.98198,46.77642],[7.98064,46.77657],[7.97871,46.77723],[7.97656,46.77741],[7.97572,46.77731],[7.97348,46.77837],[7.97328,46.77893],[7.97189,46.77998],[7.97066,46.78185],[7.96951,46.78247],[7.96942,46.78441],[7.96813,46.78544],[7.96719,46.78573],[7.96665,46.78625],[7.96514,46.78699],[7.96361,46.78682],[7.96293,46.78704],[7.96089,46.78874],[7.95924,46.78931],[7.95781,46.78939],[7.95628,46.79007],[7.95473,46.79108],[7.95405,46.79121],[7.95399,46.79211],[7.95332,46.79242],[7.95262,46.79351],[7.95367,46.79443],[7.95384,46.79578],[7.95295,46.79639],[7.95185,46.79764],[7.95085,46.79985],[7.94675,46.80525],[7.94171,46.80801],[7.9365,46.81135],[7.92876,46.81647],[7.92239,46.82001],[7.90437,46.82756],[7.89556,46.83101],[7.87708,46.83707],[7.87272,46.84261],[7.87045,46.84386],[7.87014,46.84499],[7.87012,46.84757],[7.86951,46.84869],[7.86762,46.85037],[7.86752,46.85197],[7.86831,46.85392],[7.86817,46.85542],[7.86774,46.85776],[7.8673,46.85868],[7.86785,46.85961],[7.86785,46.86034],[7.86904,46.86105],[7.86873,46.86202],[7.86947,46.86372],[7.8695,46.86435],[7.86839,46.86514],[7.86469,46.86628],[7.86427,46.86956],[7.86187,46.87057],[7.85984,46.87038],[7.85778,46.87075],[7.85727,46.87146],[7.85799,46.87538],[7.85783,46.87709],[7.85686,46.87859],[7.85686,46.88025],[7.85616,46.88085],[7.85662,46.88349],[7.8586,46.88529],[7.85956,46.88579],[7.86255,46.88661],[7.86584,46.88655],[7.86792,46.88707],[7.86931,46.88773],[7.86986,46.88895],[7.87069,46.88958],[7.87187,46.88945],[7.87305,46.88967],[7.87277,46.89123],[7.87339,46.89299],[7.87533,46.89576],[7.87748,46.89806],[7.87874,46.89897],[7.88047,46.89905],[7.8818,46.89966],[7.88072,46.90026],[7.87976,46.90039],[7.87984,46.90135],[7.88267,46.90354],[7.88268,46.90464],[7.88219,46.90554],[7.88312,46.90664],[7.88225,46.90716],[7.88157,46.90795],[7.88044,46.91053],[7.88009,46.91098],[7.87856,46.91133],[7.87595,46.91097],[7.87458,46.9114],[7.87279,46.91295],[7.86922,46.91438],[7.86703,46.91477],[7.86798,46.91618],[7.86897,46.91694],[7.86965,46.91915],[7.87052,46.92096],[7.87188,46.92262],[7.87266,46.92429],[7.87502,46.92641],[7.87693,46.92738],[7.87918,46.92803],[7.88083,46.92827],[7.88176,46.92882],[7.88331,46.9291],[7.8855,46.92981],[7.88736,46.93075],[7.89169,46.93207],[7.89356,46.93248],[7.89419,46.93307],[7.89563,46.9336],[7.8961,46.93413],[7.8975,46.93464],[7.8989,46.93472],[7.90239,46.93436],[7.9037,46.93336],[7.9044,46.93312],[7.90793,46.93269],[7.91072,46.93284],[7.91252,46.93309],[7.91342,46.93375],[7.91526,46.93464],[7.91579,46.93572],[7.91787,46.93852],[7.91803,46.93922],[7.91935,46.94009],[7.91989,46.94134],[7.92086,46.94182],[7.9211,46.94314],[7.92169,46.94391],[7.92081,46.94537],[7.92153,46.94659],[7.92199,46.9469],[7.92413,46.94732],[7.9246,46.94717],[7.92603,46.94834],[7.92771,46.94812],[7.92909,46.94819],[7.93051,46.94931],[7.93166,46.95051],[7.93202,46.95216],[7.93189,46.95273],[7.93232,46.95372],[7.93151,46.95585],[7.93257,46.95738],[7.93254,46.95855],[7.93156,46.96062],[7.93224,46.96165],[7.9341,46.96317],[7.93533,46.96375],[7.93618,46.96441],[7.93887,46.96492],[7.9401,46.96474],[7.94165,46.9659],[7.94373,46.96687],[7.94437,46.96747],[7.94536,46.96784],[7.94612,46.96885],[7.94487,46.96964],[7.94486,46.97179],[7.94441,46.9729],[7.94481,46.97335],[7.94467,46.97479],[7.94422,46.9756],[7.94392,46.97718],[7.94475,46.97748],[7.94691,46.97906],[7.94876,46.97988],[7.95009,46.9798],[7.95086,46.98008],[7.95243,46.98126],[7.95219,46.98296],[7.95161,46.98361],[7.95092,46.98512],[7.9504,46.98543],[7.94974,46.98717],[7.95009,46.98831],[7.94912,46.99014],[7.94838,46.99187],[7.94838,46.99407],[7.94946,46.99525],[7.95086,46.99632],[7.95203,46.99659],[7.9525,46.99879],[7.95356,47.00089],[7.95396,47.00201],[7.95506,47.00214],[7.95621,47.00342],[7.95381,47.00516],[7.95017,47.00677],[7.94944,47.00583],[7.94857,47.00598],[7.94491,47.00538],[7.94247,47.00533],[7.94115,47.00564],[7.93952,47.00466],[7.93639,47.00469],[7.93397,47.0042],[7.93267,47.00425],[7.93135,47.00476],[7.92998,47.00564],[7.92932,47.0054],[7.92684,47.00707],[7.92651,47.00802],[7.92571,47.00871],[7.92587,47.00967],[7.92507,47.01037],[7.92202,47.01056],[7.92002,47.01009],[7.91736,47.00882],[7.91624,47.00852],[7.91316,47.00858],[7.91179,47.00797],[7.90995,47.0078],[7.90946,47.00734],[7.90735,47.00685],[7.90464,47.00682],[7.90183,47.00625],[7.8999,47.00765],[7.89897,47.00869],[7.89928,47.00901],[7.8982,47.01033],[7.89772,47.01174],[7.89693,47.01304],[7.8972,47.01374],[7.89902,47.01501],[7.90012,47.01647],[7.90054,47.01798],[7.89892,47.0194],[7.89816,47.02045],[7.89683,47.02142],[7.89475,47.02217],[7.89399,47.02386],[7.89329,47.02487],[7.8937,47.02543],[7.89399,47.02736],[7.89387,47.02792],[7.89283,47.02882],[7.89281,47.02936],[7.89179,47.0305],[7.88913,47.03082],[7.88747,47.03196],[7.88489,47.03274],[7.88381,47.03357],[7.88307,47.03523],[7.88395,47.03717],[7.8833,47.03823],[7.88144,47.0407],[7.88011,47.0404],[7.87855,47.04089],[7.8769,47.04119],[7.87476,47.04096],[7.87246,47.04476],[7.87091,47.04516],[7.86954,47.04665],[7.8698,47.04739],[7.8685,47.04781],[7.8677,47.04939],[7.86645,47.04979],[7.86812,47.05184],[7.86739,47.05233],[7.86751,47.05313],[7.86602,47.05342],[7.86612,47.054],[7.86711,47.05501],[7.86741,47.05599],[7.86843,47.05691],[7.86955,47.05866],[7.87142,47.05968],[7.87195,47.06072],[7.87391,47.06171],[7.8734,47.06232],[7.87214,47.06224],[7.87114,47.0628],[7.87203,47.06535],[7.87329,47.06558],[7.87377,47.06674],[7.87677,47.0706],[7.87728,47.07159],[7.87612,47.07345],[7.87683,47.07354],[7.8782,47.0744],[7.87752,47.07536],[7.87836,47.07847],[7.87897,47.0788],[7.87676,47.0798],[7.87934,47.08029],[7.88014,47.08127],[7.87932,47.08186],[7.87827,47.08198],[7.87888,47.08298],[7.87971,47.08356],[7.8793,47.08402],[7.88047,47.0845],[7.88084,47.08541],[7.88019,47.08562],[7.88053,47.08679],[7.88094,47.08679],[7.88165,47.08876],[7.88072,47.0886],[7.88049,47.08998],[7.87982,47.0919],[7.87791,47.09295],[7.87976,47.09452],[7.87951,47.09552],[7.87595,47.09718],[7.8736,47.09784],[7.87385,47.09849],[7.87481,47.09886],[7.87463,47.09986],[7.87545,47.10025],[7.87554,47.10099],[7.8762,47.10166],[7.87472,47.10349],[7.87339,47.10322],[7.87291,47.1043],[7.87299,47.10537],[7.87367,47.10597],[7.87429,47.10723],[7.87446,47.10872],[7.87495,47.10944],[7.87385,47.11025],[7.87171,47.11109],[7.86948,47.11154],[7.86815,47.11198],[7.86943,47.11353],[7.86982,47.11556],[7.86938,47.11668],[7.8686,47.11698],[7.86694,47.11682],[7.86698,47.11865],[7.86721,47.11979],[7.86778,47.12087],[7.86868,47.12184],[7.8702,47.12283],[7.87353,47.12406],[7.8811,47.12641],[7.88482,47.12767],[7.88434,47.12811],[7.88635,47.12889],[7.8865,47.13169],[7.8898,47.13204],[7.88848,47.13444],[7.89001,47.13458],[7.88931,47.13585],[7.89012,47.13662],[7.89059,47.13763],[7.88944,47.13902],[7.88953,47.14048],[7.8901,47.14073],[7.8887,47.14237],[7.88742,47.14364],[7.8845,47.14546],[7.88454,47.14585],[7.88336,47.14622],[7.88234,47.14747],[7.88108,47.14808],[7.88018,47.14914],[7.87944,47.15088],[7.87853,47.15201],[7.87874,47.15231],[7.87803,47.15326],[7.87745,47.15356],[7.87691,47.15538],[7.8763,47.15602],[7.87654,47.15659],[7.87598,47.15754],[7.87578,47.15901],[7.87609,47.1606],[7.87544,47.16144],[7.87569,47.16186],[7.87583,47.1635],[7.87634,47.16398],[7.87646,47.16498],[7.87718,47.16622],[7.87682,47.16704],[7.87849,47.16816],[7.87921,47.1694],[7.88089,47.17031],[7.88289,47.17212],[7.88329,47.17319],[7.88215,47.17437],[7.88067,47.17481],[7.8805,47.17531],[7.88108,47.17607],[7.87978,47.17693],[7.87943,47.17753],[7.88032,47.17778],[7.8785,47.17939],[7.87784,47.18049],[7.87685,47.18089],[7.87616,47.18293],[7.87436,47.18372],[7.87368,47.18446],[7.87172,47.18496],[7.8712,47.18542],[7.8694,47.18579],[7.86906,47.18633],[7.8678,47.18695],[7.86672,47.18789],[7.86493,47.18839],[7.86532,47.1895],[7.86346,47.19032],[7.86378,47.19099],[7.86348,47.19158],[7.86141,47.1915],[7.85997,47.19238],[7.8595,47.19333],[7.86085,47.19406],[7.8602,47.19477],[7.86055,47.19622],[7.8594,47.19788],[7.86003,47.19817],[7.85949,47.19908],[7.85767,47.19951],[7.85775,47.19996],[7.8559,47.20125],[7.85527,47.20274],[7.85468,47.20273],[7.85364,47.20347],[7.85445,47.20444],[7.85336,47.20539],[7.85325,47.20595],[7.85205,47.20661],[7.85207,47.20821],[7.85026,47.20882],[7.85045,47.2093],[7.84932,47.2104],[7.84836,47.21204],[7.84801,47.21374],[7.84719,47.21401],[7.84667,47.21498],[7.8473,47.21638],[7.84684,47.21731],[7.84466,47.21765],[7.84372,47.21808],[7.84325,47.21895],[7.84373,47.21984],[7.84255,47.22013],[7.84263,47.22093],[7.8419,47.22099],[7.84168,47.22165],[7.84088,47.2222],[7.83951,47.22239],[7.83882,47.22312],[7.83773,47.22285],[7.83671,47.22376],[7.83642,47.22439],[7.83738,47.22481],[7.83688,47.22705],[7.83648,47.22769],[7.83695,47.22822],[7.83693,47.22957],[7.83769,47.23018],[7.83717,47.23091],[7.83834,47.2318],[7.83739,47.23243],[7.83782,47.23361],[7.83867,47.23482],[7.83729,47.23583],[7.83681,47.23699],[7.83612,47.23702],[7.83439,47.23759],[7.83425,47.23818],[7.83333,47.23895],[7.83348,47.23952],[7.83175,47.24034],[7.83057,47.24177],[7.83058,47.24263],[7.82932,47.24335],[7.8281,47.2435],[7.82847,47.24438],[7.82791,47.24462],[7.82684,47.24569],[7.82669,47.24641],[7.82609,47.24686],[7.82662,47.24731],[7.82628,47.24788],[7.82664,47.24901],[7.82809,47.24982],[7.82802,47.25036],[7.82607,47.25166],[7.82642,47.25261],[7.82764,47.25286],[7.82777,47.2535],[7.82908,47.25436],[7.82857,47.25499],[7.8298,47.25564],[7.82897,47.25775],[7.82916,47.25873],[7.83039,47.25913],[7.82942,47.26003],[7.82898,47.26102],[7.82745,47.26103],[7.82737,47.26187],[7.82855,47.26269],[7.82843,47.26307],[7.82711,47.26322],[7.82777,47.2643],[7.82717,47.26456],[7.82566,47.26449],[7.82511,47.26557],[7.82363,47.26487],[7.82004,47.26342],[7.81935,47.26277],[7.81819,47.26215],[7.81665,47.26167],[7.81478,47.26131],[7.80816,47.26289],[7.80705,47.26326],[7.80631,47.26382],[7.80535,47.26504],[7.80519,47.26584],[7.80541,47.26761],[7.80458,47.2684],[7.80215,47.26828],[7.80068,47.26778],[7.7993,47.26702],[7.79803,47.26608],[7.79378,47.26148],[7.79256,47.26066],[7.78769,47.25792],[7.78615,47.2561],[7.78453,47.25727],[7.77581,47.26144],[7.77531,47.26594],[7.77461,47.26787],[7.76484,47.26669],[7.76069,47.26257],[7.75956,47.26094],[7.7588,47.25922],[7.75682,47.2581],[7.75322,47.25876],[7.74929,47.25876],[7.74467,47.25703],[7.74286,47.25752],[7.73832,47.2599],[7.73267,47.25912],[7.72836,47.26322],[7.72505,47.26601],[7.72427,47.26771],[7.72514,47.26931],[7.71752,47.27512],[7.71706,47.27523],[7.71562,47.2764],[7.71271,47.27383],[7.71234,47.27377],[7.70943,47.27559],[7.71046,47.27638],[7.70919,47.27717],[7.70993,47.27772],[7.70844,47.27865],[7.70891,47.27945],[7.70655,47.28137],[7.70557,47.28046],[7.70297,47.28302],[7.70391,47.28376],[7.70185,47.28552],[7.70086,47.28655],[7.69946,47.28628],[7.69769,47.28722],[7.68856,47.29045],[7.68843,47.29096],[7.68719,47.29127],[7.68497,47.29349],[7.68477,47.29399],[7.6829,47.29312],[7.68109,47.29115],[7.67982,47.29013],[7.67719,47.28912],[7.6761,47.28896],[7.674,47.2883],[7.67281,47.2883],[7.67098,47.28757],[7.67052,47.28757],[7.6694,47.28861],[7.66879,47.28878],[7.66622,47.28766],[7.66283,47.28712],[7.66051,47.28665],[7.65819,47.28547],[7.65799,47.28515],[7.654,47.28364],[7.65323,47.28356],[7.65092,47.28271],[7.64828,47.28199],[7.64533,47.28185],[7.6436,47.2819],[7.64168,47.28175],[7.6379,47.28187],[7.63459,47.2818],[7.63117,47.28153],[7.6283,47.28173],[7.62758,47.28156],[7.62529,47.28163],[7.62134,47.28161],[7.61859,47.28133],[7.61421,47.28115],[7.61247,47.28089],[7.60049,47.27935],[7.58934,47.27767],[7.58011,47.27635],[7.58225,47.27431],[7.58693,47.2697],[7.5937,47.26622],[7.59466,47.26436],[7.59614,47.26075],[7.59773,47.25414],[7.59594,47.24557],[7.59718,47.245],[7.59776,47.24537],[7.59877,47.24521],[7.60241,47.24209],[7.60439,47.24265],[7.60547,47.24185],[7.60511,47.24032],[7.60639,47.23905],[7.60951,47.23955],[7.609,47.23892],[7.60927,47.23821],[7.61093,47.23826],[7.61397,47.2365],[7.61446,47.23489],[7.61489,47.23421],[7.6167,47.23396],[7.61704,47.23365],[7.61655,47.23273],[7.61833,47.23143],[7.61912,47.22905],[7.6215,47.22889],[7.62352,47.22936],[7.62619,47.22632],[7.62952,47.22827],[7.6309,47.2267],[7.63394,47.22864],[7.63529,47.22724],[7.64056,47.2298],[7.64391,47.22563],[7.64395,47.22545],[7.63918,47.22339],[7.64105,47.22113],[7.64471,47.22045],[7.64548,47.22009],[7.64551,47.21941],[7.64755,47.21947],[7.64847,47.21895],[7.64665,47.21758],[7.64601,47.21597],[7.64606,47.21471],[7.64721,47.21352],[7.64814,47.21147],[7.64962,47.20997],[7.65123,47.20671],[7.64944,47.2041],[7.64723,47.20178],[7.6552,47.20119],[7.65782,47.20069],[7.66234,47.20096],[7.66236,47.19976],[7.66275,47.19866],[7.66419,47.1975],[7.66582,47.19803],[7.66667,47.19589],[7.66853,47.19598],[7.66913,47.1941],[7.67153,47.19497],[7.67176,47.19434],[7.6713,47.193],[7.67463,47.1909],[7.67417,47.18897],[7.67371,47.18791],[7.67162,47.18673],[7.67111,47.18452],[7.67239,47.18336],[7.67329,47.18435],[7.67443,47.18423],[7.67568,47.18371],[7.67501,47.18315],[7.67781,47.18268],[7.67753,47.1818],[7.67676,47.17781],[7.67649,47.17683],[7.67578,47.17561],[7.67378,47.17441],[7.67381,47.17422],[7.67287,47.1684],[7.66564,47.16837],[7.66529,47.1689],[7.66374,47.16836],[7.66101,47.16766],[7.66009,47.16841],[7.65432,47.16327],[7.65179,47.1616],[7.65355,47.16078],[7.65127,47.15748],[7.65075,47.15735],[7.65092,47.1561],[7.65196,47.15603],[7.6524,47.15251],[7.65298,47.15242],[7.65261,47.1515],[7.6515,47.15024],[7.65085,47.14985],[7.64701,47.14956],[7.64504,47.14897],[7.64318,47.14984],[7.64331,47.15021],[7.64078,47.1515],[7.64079,47.15269],[7.63996,47.15356],[7.6356,47.1521],[7.63484,47.15331],[7.63402,47.15351],[7.63234,47.15299],[7.63141,47.15384],[7.62909,47.15239],[7.62749,47.15293],[7.62459,47.15246],[7.62233,47.15341],[7.62196,47.15306],[7.61733,47.15541],[7.61609,47.15631],[7.61537,47.15613],[7.61458,47.15543],[7.61454,47.15453],[7.61087,47.15373],[7.60785,47.15285],[7.60427,47.15264],[7.5979,47.15161],[7.59244,47.15268],[7.58836,47.15089],[7.58614,47.14755],[7.5834,47.15479],[7.58284,47.15597],[7.5811,47.1556],[7.58209,47.15828],[7.5819,47.15891],[7.58073,47.16036],[7.57967,47.16003],[7.57749,47.16178],[7.57491,47.16445],[7.56966,47.16289],[7.56926,47.16247],[7.56733,47.16319],[7.5655,47.16455],[7.56597,47.16554],[7.56439,47.16576],[7.56459,47.16629],[7.56347,47.16836],[7.55784,47.16803],[7.55743,47.16718],[7.55597,47.16612],[7.55428,47.16529],[7.5515,47.16437],[7.55005,47.16363],[7.54884,47.16212],[7.54632,47.16073],[7.54434,47.16037],[7.5417,47.16237],[7.5405,47.16356],[7.53523,47.16247],[7.53451,47.16418],[7.53312,47.1639],[7.5314,47.163],[7.5258,47.16215],[7.52605,47.16106],[7.52277,47.16071],[7.52293,47.15999],[7.52056,47.15977],[7.52034,47.15889],[7.5219,47.15844],[7.52408,47.15423],[7.52431,47.1536],[7.52573,47.15375],[7.52573,47.1531],[7.52851,47.15165],[7.52959,47.15072],[7.52975,47.14874],[7.52552,47.14765],[7.5235,47.14592],[7.52333,47.14561],[7.523,47.14273],[7.52265,47.1423],[7.51909,47.14038],[7.51583,47.13677],[7.51369,47.13305],[7.51386,47.13029],[7.51373,47.12991],[7.50964,47.12549],[7.50453,47.12267],[7.49897,47.12155],[7.49845,47.12134],[7.49232,47.11709],[7.49115,47.11668],[7.48472,47.11485],[7.46133,47.10824],[7.46221,47.10599],[7.46195,47.10591],[7.4628,47.10367],[7.46181,47.10341],[7.46529,47.09933],[7.46424,47.09905],[7.46706,47.09553],[7.47083,47.09047],[7.47377,47.08936],[7.47508,47.08709],[7.47494,47.08637],[7.47388,47.08565],[7.47292,47.08462],[7.47105,47.08383],[7.47061,47.08293],[7.4684,47.07979],[7.46656,47.07866],[7.46447,47.07895],[7.46211,47.07833],[7.46065,47.07841],[7.45831,47.07775],[7.45572,47.07572],[7.45569,47.07531],[7.45446,47.07493],[7.454,47.07598],[7.45116,47.07531],[7.44586,47.07438],[7.4432,47.07456],[7.44045,47.07451],[7.44048,47.07584],[7.44024,47.07629],[7.43917,47.07673],[7.43748,47.07796],[7.43623,47.07983],[7.43542,47.08017],[7.43508,47.08133],[7.43528,47.08197],[7.43467,47.08301],[7.43423,47.08561],[7.43435,47.08616],[7.43351,47.0868],[7.43288,47.08798],[7.43325,47.08956],[7.43452,47.08972],[7.43367,47.09134],[7.43575,47.09191],[7.43504,47.09366],[7.43743,47.09421],[7.43639,47.09628],[7.43538,47.09774],[7.434,47.1005],[7.42326,47.09746],[7.4224,47.09889],[7.421,47.09848],[7.42027,47.09967],[7.41441,47.09684],[7.4122,47.09566],[7.40882,47.0948],[7.4062,47.09447],[7.40195,47.0938],[7.39966,47.09363],[7.39943,47.09386],[7.3957,47.09307],[7.39005,47.0923],[7.38945,47.09514],[7.38764,47.09539],[7.38636,47.09618],[7.38439,47.09629],[7.38434,47.09548],[7.38203,47.09574],[7.38263,47.09671],[7.3822,47.0992],[7.38134,47.10115],[7.37919,47.10414],[7.37924,47.10621],[7.37724,47.10825],[7.37589,47.10837],[7.3744,47.11188],[7.37363,47.11286],[7.37146,47.11377],[7.37044,47.11538],[7.36971,47.11596],[7.37092,47.11632],[7.37197,47.11734],[7.37049,47.12093],[7.37141,47.12254],[7.37401,47.12182],[7.37563,47.1223],[7.37555,47.12333],[7.37695,47.12341],[7.37893,47.1241],[7.38009,47.12381],[7.38085,47.12273],[7.38368,47.12333],[7.38463,47.12416],[7.3851,47.12529],[7.38675,47.1259],[7.38757,47.12531],[7.38894,47.12341],[7.38897,47.12183],[7.38997,47.11952],[7.39104,47.12021],[7.395,47.1217],[7.39908,47.12009],[7.40375,47.11768],[7.40501,47.11813],[7.40671,47.11845],[7.40948,47.1202],[7.40989,47.11975],[7.41203,47.12057],[7.41507,47.12097],[7.41463,47.12144],[7.41979,47.12183],[7.42038,47.12115],[7.42471,47.12201],[7.42637,47.12299],[7.42838,47.12366],[7.42903,47.12437],[7.43023,47.12444],[7.43142,47.12416],[7.43474,47.12386],[7.43737,47.12272],[7.44018,47.12373],[7.43962,47.12456],[7.43326,47.12618],[7.43286,47.12759],[7.43398,47.1277],[7.43522,47.12751],[7.43575,47.12881],[7.43635,47.12956],[7.43541,47.13128],[7.43122,47.12909],[7.43022,47.12948],[7.4309,47.13085],[7.42971,47.13164],[7.42646,47.13134],[7.42516,47.13281],[7.42443,47.13433],[7.42375,47.13499],[7.4218,47.13586],[7.42429,47.13736],[7.42668,47.13847],[7.42586,47.14005],[7.42663,47.1411],[7.43054,47.14286],[7.43213,47.14331],[7.4345,47.14375],[7.43664,47.14354],[7.43962,47.14399],[7.44117,47.14589],[7.43995,47.1505],[7.4412,47.15148],[7.44779,47.15508],[7.44905,47.15526],[7.44987,47.15567],[7.45203,47.15608],[7.45463,47.15633],[7.45882,47.15491],[7.45993,47.15335],[7.46302,47.15369],[7.46312,47.15296],[7.46482,47.15274],[7.46593,47.15183],[7.46764,47.15128],[7.46904,47.15176],[7.47049,47.15196],[7.47281,47.15256],[7.47484,47.15367],[7.47724,47.15401],[7.47863,47.15446],[7.48051,47.15587],[7.48039,47.1563],[7.48206,47.15817],[7.48379,47.15881],[7.48472,47.15962],[7.48849,47.16067],[7.48977,47.16129],[7.49269,47.16327],[7.49226,47.16398],[7.4902,47.16577],[7.49286,47.16719],[7.49704,47.17009],[7.49569,47.17147],[7.49309,47.17113],[7.49183,47.17184],[7.48901,47.17268],[7.48632,47.17306],[7.48642,47.1736],[7.48408,47.17309],[7.48429,47.17271],[7.4805,47.17174],[7.47907,47.1751],[7.47816,47.17616],[7.47814,47.17745],[7.47682,47.1766],[7.47627,47.17691],[7.4769,47.1779],[7.47586,47.17901],[7.47522,47.17926],[7.47492,47.18017],[7.47326,47.17991],[7.47087,47.18142],[7.475,47.18305],[7.47449,47.18466],[7.473,47.18503],[7.47261,47.18555],[7.47361,47.18618],[7.47552,47.18666],[7.47532,47.18709],[7.47659,47.18809],[7.47612,47.189],[7.47573,47.19065],[7.4742,47.19042],[7.46929,47.19034],[7.46657,47.19011],[7.45956,47.18906],[7.45575,47.18883],[7.45113,47.18905],[7.44977,47.18957],[7.44882,47.1894],[7.44841,47.18879],[7.44842,47.18788],[7.44924,47.18644],[7.44974,47.18515],[7.44994,47.18398],[7.44957,47.18289],[7.44876,47.18191],[7.44763,47.18109],[7.44558,47.18005],[7.44325,47.17925],[7.44183,47.17923],[7.44064,47.17979],[7.43993,47.18064],[7.43849,47.18435],[7.43743,47.18504],[7.43603,47.1853],[7.4346,47.18517],[7.43329,47.18473],[7.43171,47.18359],[7.43091,47.18245],[7.43091,47.18119],[7.4318,47.17872],[7.43159,47.17606],[7.43008,47.17458],[7.42803,47.17354],[7.42606,47.17298],[7.42181,47.1723],[7.4184,47.17116],[7.41737,47.17025],[7.41669,47.16907],[7.41651,47.16727],[7.41595,47.16538],[7.41344,47.16318],[7.41182,47.16243],[7.41021,47.16215],[7.40857,47.1621],[7.40302,47.16283],[7.40094,47.16285],[7.39894,47.1625],[7.39705,47.16191],[7.39313,47.16036],[7.39209,47.16111],[7.39031,47.16083],[7.3885,47.16027],[7.38732,47.16012],[7.38694,47.15952],[7.38346,47.16046],[7.3827,47.16113],[7.38179,47.16349],[7.38218,47.16512],[7.38467,47.16611],[7.3894,47.16578],[7.39084,47.16558],[7.39083,47.1662],[7.39192,47.16628],[7.38969,47.17039],[7.38649,47.17546],[7.38478,47.17798],[7.38352,47.18031],[7.37953,47.1851],[7.37876,47.18562],[7.37725,47.1872],[7.37514,47.18857],[7.37257,47.18972],[7.37116,47.1902],[7.3682,47.19077],[7.36717,47.19151],[7.36644,47.19301],[7.36547,47.19446],[7.36287,47.19345],[7.35788,47.19221],[7.35448,47.19154],[7.34683,47.20722],[7.34483,47.20722],[7.34197,47.2124],[7.34042,47.21757],[7.34321,47.21793],[7.34633,47.21916],[7.34775,47.21922],[7.35148,47.22003],[7.35332,47.22026],[7.35482,47.22088],[7.35724,47.22105],[7.3577,47.22018],[7.35933,47.2196],[7.36224,47.21961],[7.36441,47.22064],[7.36542,47.22083],[7.36573,47.22129],[7.36722,47.22232],[7.37052,47.2239],[7.37323,47.22604],[7.3745,47.22685],[7.37628,47.22737],[7.37819,47.22764],[7.3803,47.2288],[7.3819,47.22926],[7.38496,47.22984],[7.38748,47.23074],[7.38845,47.23078],[7.39127,47.23145],[7.39265,47.23206],[7.39557,47.23271],[7.39809,47.23349],[7.39908,47.23401],[7.40169,47.2349],[7.40684,47.23818],[7.40795,47.23913],[7.41183,47.24056],[7.41417,47.24055],[7.41549,47.24021],[7.42088,47.24289],[7.41997,47.24387],[7.41815,47.24538],[7.4172,47.24756],[7.41619,47.2506],[7.41633,47.25217],[7.41737,47.2538],[7.41816,47.25387],[7.41879,47.25456],[7.42392,47.2556],[7.4268,47.25608],[7.43275,47.25857],[7.43597,47.26025],[7.43746,47.26137],[7.43933,47.26235],[7.44101,47.26292],[7.44588,47.26314],[7.44723,47.26293],[7.45105,47.26297],[7.45192,47.26339],[7.45595,47.26369],[7.45695,47.26392],[7.46334,47.26458],[7.46585,47.26466],[7.4663,47.2651],[7.46815,47.26594],[7.46944,47.26692],[7.47162,47.26941],[7.47202,47.26962],[7.47284,47.2713],[7.47357,47.27178],[7.47402,47.27331],[7.47529,47.27513],[7.47587,47.27632],[7.47712,47.27734],[7.4783,47.27868],[7.4799,47.27968],[7.48304,47.28211],[7.48535,47.28428],[7.4872,47.28386],[7.48854,47.28451],[7.49437,47.2864],[7.4953,47.28686],[7.49538,47.28788],[7.4967,47.28843],[7.49834,47.28837],[7.50206,47.28983],[7.50544,47.29086],[7.50595,47.29006],[7.51376,47.29246],[7.51454,47.29252],[7.5209,47.29398],[7.5239,47.2939],[7.52459,47.29375],[7.52796,47.29422],[7.53165,47.2943],[7.53287,47.29454],[7.53554,47.29596],[7.537,47.29658],[7.5386,47.29758],[7.53954,47.29861],[7.53985,47.29992],[7.53907,47.30198],[7.54014,47.30234],[7.54285,47.30365],[7.5433,47.30406],[7.54617,47.30576],[7.54694,47.30608],[7.54624,47.30738],[7.54683,47.3076],[7.54737,47.30912],[7.54834,47.31636],[7.55835,47.32237]],[[7.23438,46.93391],[7.2342,46.92939],[7.23086,46.92952],[7.23057,46.92881],[7.22937,46.92875],[7.22846,46.92774],[7.22644,46.92718],[7.2255,46.92724],[7.22081,46.92548],[7.21854,46.92434],[7.21685,46.9268],[7.21537,46.93075],[7.21689,46.93186],[7.21781,46.93117],[7.21859,46.93183],[7.21744,46.93243],[7.21745,46.9331],[7.2208,46.93445],[7.22306,46.93516],[7.22555,46.93633],[7.22612,46.93558],[7.2288,46.93683],[7.22938,46.9369],[7.2282,46.93881],[7.23021,46.93995],[7.23094,46.93915],[7.23381,46.9383],[7.23477,46.93828],[7.23454,46.93739],[7.23438,46.93391]],[[7.69696,47.16192],[7.7008,47.16178],[7.70022,47.16098],[7.69933,47.16082],[7.69566,47.15751],[7.69383,47.15816],[7.69298,47.15715],[7.69148,47.15447],[7.69016,47.15256],[7.6883,47.15281],[7.68262,47.15415],[7.68011,47.15433],[7.67527,47.15324],[7.67443,47.15397],[7.67584,47.15523],[7.67606,47.15604],[7.6751,47.15646],[7.67654,47.15811],[7.67781,47.1601],[7.67817,47.1617],[7.67954,47.16315],[7.68117,47.16239],[7.68187,47.16329],[7.68325,47.1643],[7.68506,47.16509],[7.68454,47.16566],[7.68537,47.1663],[7.68851,47.16673],[7.68895,47.16633],[7.6879,47.16525],[7.69095,47.16481],[7.69217,47.16421],[7.69441,47.16258],[7.69442,47.16201],[7.69696,47.16192]]],[[[7.11895,46.90315],[7.1184,46.90299],[7.11969,46.90055],[7.12136,46.90051],[7.12304,46.9002],[7.12391,46.90129],[7.12328,46.90175],[7.12446,46.90276],[7.12726,46.90446],[7.12976,46.90564],[7.13279,46.90647],[7.13271,46.90701],[7.13484,46.90753],[7.13844,46.90754],[7.13804,46.90874],[7.13655,46.91025],[7.13606,46.91149],[7.13548,46.91196],[7.13609,46.91296],[7.1359,46.91637],[7.13531,46.91856],[7.13466,46.91939],[7.13194,46.91931],[7.13014,46.91875],[7.12989,46.91831],[7.12769,46.91818],[7.12667,46.91739],[7.12625,46.91792],[7.1268,46.91859],[7.12528,46.91897],[7.12219,46.91784],[7.11747,46.91683],[7.11485,46.91584],[7.11413,46.91287],[7.11323,46.91055],[7.11429,46.90934],[7.11658,46.90776],[7.11705,46.90795],[7.11915,46.90562],[7.11768,46.90506],[7.11895,46.90315]]],[[[7.55221,47.34531],[7.55108,47.34372],[7.54998,47.34295],[7.54981,47.34211],[7.54996,47.34086],[7.548,47.34056],[7.54528,47.33959],[7.54248,47.33811],[7.53998,47.33713],[7.53448,47.33455],[7.5346,47.33419],[7.53345,47.3312],[7.53206,47.33012],[7.53035,47.32756],[7.52776,47.32268],[7.52847,47.32268],[7.52985,47.32174],[7.53148,47.3211],[7.53408,47.32123],[7.53604,47.32113],[7.5379,47.32136],[7.54367,47.32141],[7.54762,47.32158],[7.54908,47.32217],[7.55048,47.32215],[7.55416,47.32325],[7.55835,47.32237],[7.56171,47.32143],[7.56371,47.32234],[7.56537,47.32291],[7.56873,47.32435],[7.57029,47.32569],[7.57164,47.32713],[7.57215,47.32895],[7.57116,47.33027],[7.56743,47.33399],[7.56272,47.33945],[7.56269,47.34051],[7.56171,47.34147],[7.56067,47.34184],[7.55981,47.34267],[7.55665,47.34209],[7.55648,47.34386],[7.55221,47.34531]]]]},"properties":{"area_code":"BE","area_name":"Bern","area_unit_id":"ch-canton-2026-swissboundaries3d:BE","boundary_set_id":"ch-canton-2026-swissboundaries3d","boundary_level":"canton","land_area_sq_km":5938.8925}},
{"type":"Feature","geometry":{"type":"MultiPolygon","coordinates":[[[[7.32725,47.44005],[7.32815,47.43801],[7.32714,47.43654],[7.32528,47.43505],[7.32618,47.43262],[7.32621,47.43206],[7.32911,47.43143],[7.33217,47.4302],[7.33787,47.4301],[7.33815,47.42962],[7.34001,47.42978],[7.34096,47.42911],[7.34132,47.42655],[7.3436,47.4259],[7.34418,47.42442],[7.34608,47.42369],[7.34665,47.42329],[7.34842,47.42271],[7.34945,47.4213],[7.35214,47.4207],[7.35349,47.41968],[7.35539,47.41875],[7.358,47.41816],[7.3579,47.41658],[7.3573,47.41501],[7.3587,47.41517],[7.36309,47.41469],[7.36817,47.414],[7.37168,47.41384],[7.37392,47.41411],[7.37595,47.4141],[7.37603,47.4151],[7.37712,47.41805],[7.37902,47.42126],[7.37948,47.424],[7.37955,47.42665],[7.37974,47.42774],[7.3813,47.42822],[7.38302,47.42998],[7.38287,47.43106],[7.38115,47.43195],[7.38001,47.43237],[7.37804,47.43265],[7.37617,47.43309],[7.37562,47.43345],[7.37415,47.43328],[7.37264,47.43385],[7.3721,47.43355],[7.37083,47.43353],[7.37025,47.43404],[7.36815,47.43436],[7.36735,47.43406],[7.36516,47.43368],[7.36354,47.43412],[7.36204,47.43386],[7.36097,47.43415],[7.35838,47.43449],[7.35678,47.43445],[7.35563,47.4339],[7.3548,47.43393],[7.35373,47.43445],[7.35274,47.4343],[7.35167,47.43486],[7.34899,47.43546],[7.34704,47.43551],[7.34592,47.43618],[7.34501,47.4361],[7.34448,47.43687],[7.34466,47.4376],[7.34371,47.43769],[7.34301,47.43814],[7.34113,47.43885],[7.33996,47.44052],[7.339,47.44112],[7.33802,47.44123],[7.33569,47.4409],[7.33262,47.44107],[7.33121,47.44136],[7.33046,47.44177],[7.32841,47.441],[7.32725,47.44005]]],[[[7.63396,47.56123],[7.63271,47.56152],[7.63021,47.56171],[7.62737,47.56152],[7.62439,47.56076],[7.61762,47.55865],[7.61783,47.55738],[7.61759,47.55498],[7.6177,47.55445],[7.61864,47.5535],[7.62145,47.55197],[7.62247,47.55089],[7.62297,47.5493],[7.62231,47.53978],[7.61977,47.54029],[7.61825,47.54079],[7.61675,47.54003],[7.6141,47.53939],[7.61331,47.53891],[7.61267,47.53696],[7.60919,47.53502],[7.60549,47.53031],[7.60555,47.52979],[7.60471,47.52929],[7.60177,47.52535],[7.59479,47.5193],[7.59075,47.51966],[7.59025,47.51979],[7.58932,47.52296],[7.58993,47.52668],[7.58949,47.52793],[7.58839,47.5285],[7.58847,47.52906],[7.58587,47.52928],[7.58569,47.53133],[7.58386,47.53092],[7.58279,47.53198],[7.58269,47.53247],[7.58347,47.53346],[7.58593,47.53741],[7.58551,47.53865],[7.58727,47.54191],[7.58148,47.54383],[7.5781,47.5438],[7.5757,47.54396],[7.57112,47.54474],[7.56479,47.54569],[7.56302,47.54531],[7.55755,47.5444],[7.55589,47.54434],[7.55876,47.55236],[7.56125,47.55173],[7.56306,47.55493],[7.56457,47.55722],[7.56159,47.55919],[7.55988,47.56054],[7.55873,47.56196],[7.55793,47.56263],[7.55466,47.56437],[7.5497,47.56242],[7.54686,47.5615],[7.54381,47.55959],[7.54037,47.55728],[7.53949,47.558],[7.53653,47.55546],[7.53071,47.5542],[7.52732,47.55278],[7.5248,47.55148],[7.52543,47.55091],[7.5219,47.54893],[7.52227,47.54871],[7.51886,47.54634],[7.51676,47.54541],[7.51401,47.54505],[7.51098,47.54451],[7.50983,47.54539],[7.50922,47.54546],[7.50791,47.54489],[7.50604,47.54464],[7.5041,47.5433],[7.50427,47.54303],[7.50111,47.54111],[7.50032,47.54027],[7.49918,47.54012],[7.4995,47.53927],[7.49804,47.53616],[7.49966,47.53504],[7.50144,47.53218],[7.50052,47.53014],[7.50102,47.52906],[7.5023,47.52841],[7.5051,47.52903],[7.50768,47.52812],[7.51076,47.52899],[7.51267,47.53048],[7.51274,47.5308],[7.5143,47.53137],[7.5158,47.53295],[7.51773,47.53405],[7.51936,47.53472],[7.52115,47.53387],[7.5244,47.53187],[7.52563,47.53221],[7.52678,47.53288],[7.52798,47.53177],[7.52976,47.53068],[7.53096,47.52905],[7.53123,47.52816],[7.53094,47.52684],[7.52876,47.52379],[7.52759,47.52176],[7.52464,47.51983],[7.52346,47.51868],[7.5237,47.51759],[7.52373,47.51534],[7.52285,47.51444],[7.52219,47.5142],[7.52125,47.51476],[7.52074,47.51572],[7.51908,47.51482],[7.51798,47.51609],[7.51746,47.51729],[7.51365,47.51733],[7.5113,47.51703],[7.50634,47.51524],[7.50546,47.51466],[7.50444,47.51491],[7.50228,47.51491],[7.50254,47.51572],[7.5017,47.51692],[7.49976,47.52058],[7.49788,47.52125],[7.49822,47.51952],[7.49909,47.51628],[7.5009,47.51481],[7.50309,47.51399],[7.50393,47.5127],[7.50589,47.51135],[7.50792,47.51082],[7.5083,47.51007],[7.50935,47.50889],[7.51031,47.50599],[7.50995,47.50491],[7.51045,47.50263],[7.51167,47.5027],[7.51223,47.49892],[7.5141,47.49901],[7.51476,47.49777],[7.51977,47.49681],[7.52364,47.49687],[7.52619,47.49713],[7.53179,47.4974],[7.53253,47.49544],[7.53269,47.49316],[7.53261,47.49097],[7.53624,47.49106],[7.53633,47.48865],[7.53598,47.48524],[7.5367,47.48506],[7.53627,47.48385],[7.53426,47.4807],[7.53313,47.47829],[7.53032,47.47833],[7.52912,47.47796],[7.52745,47.47391],[7.52792,47.4716],[7.52948,47.46538],[7.53068,47.46119],[7.52784,47.46103],[7.51746,47.46102],[7.51441,47.46034],[7.5111,47.45894],[7.50983,47.45867],[7.50524,47.45872],[7.50207,47.45927],[7.49822,47.45969],[7.49236,47.45898],[7.48674,47.4579],[7.48453,47.45722],[7.48051,47.45549],[7.47687,47.45543],[7.47091,47.45448],[7.46814,47.45391],[7.46655,47.45281],[7.46372,47.45189],[7.45652,47.44926],[7.45482,47.44923],[7.45348,47.45134],[7.44718,47.45696],[7.44611,47.45898],[7.44577,47.46198],[7.44302,47.46138],[7.43672,47.46037],[7.4348,47.45968],[7.43263,47.45925],[7.43003,47.4595],[7.42923,47.45839],[7.42776,47.4573],[7.42824,47.45618],[7.4288,47.45388],[7.4279,47.45318],[7.4251,47.45182],[7.42242,47.45072],[7.42446,47.44992],[7.42157,47.44692],[7.42091,47.44595],[7.42345,47.44361],[7.42543,47.44329],[7.4293,47.44405],[7.43632,47.44577],[7.43785,47.44633],[7.43907,47.44514],[7.43937,47.44448],[7.43869,47.4442],[7.44217,47.44233],[7.44318,47.44116],[7.44573,47.43918],[7.44842,47.43773],[7.45063,47.43536],[7.45117,47.43463],[7.45116,47.43373],[7.45205,47.43249],[7.45239,47.43103],[7.45357,47.42993],[7.45499,47.4291],[7.45559,47.42792],[7.45466,47.42546],[7.4518,47.42276],[7.45034,47.41952],[7.45037,47.41779],[7.44894,47.41623],[7.44841,47.41507],[7.4475,47.41449],[7.44364,47.41343],[7.44177,47.41343],[7.43817,47.41274],[7.43669,47.41281],[7.43465,47.41323],[7.43258,47.41391],[7.4313,47.41414],[7.42749,47.41448],[7.4269,47.41389],[7.42528,47.41328],[7.42332,47.41307],[7.42075,47.4111],[7.41845,47.41114],[7.41371,47.41093],[7.41037,47.41135],[7.40766,47.41119],[7.4052,47.4115],[7.40459,47.41171],[7.40147,47.4119],[7.39695,47.41287],[7.39598,47.41286],[7.39419,47.41321],[7.39383,47.41304],[7.39158,47.41349],[7.3895,47.41365],[7.3876,47.41405],[7.38561,47.41362],[7.38153,47.41331],[7.38023,47.41371],[7.37843,47.41398],[7.37595,47.4141],[7.37803,47.41314],[7.37948,47.41278],[7.38406,47.41236],[7.38458,47.41034],[7.38519,47.409],[7.38619,47.40735],[7.38772,47.40419],[7.3887,47.40302],[7.3918,47.40303],[7.39378,47.40335],[7.39593,47.40339],[7.39742,47.40013],[7.39776,47.39916],[7.39894,47.39684],[7.40141,47.39677],[7.40382,47.396],[7.40534,47.39527],[7.40612,47.39512],[7.40886,47.39506],[7.4104,47.39475],[7.41249,47.39482],[7.41382,47.39458],[7.41481,47.39396],[7.41389,47.39337],[7.41366,47.38943],[7.41383,47.38866],[7.41628,47.38481],[7.41167,47.38059],[7.42001,47.37987],[7.42495,47.37955],[7.43368,47.37943],[7.43733,47.38089],[7.43795,47.38176],[7.43785,47.38325],[7.43884,47.38464],[7.43904,47.38602],[7.44207,47.38846],[7.44362,47.38897],[7.44297,47.39023],[7.44322,47.39123],[7.44292,47.39331],[7.44241,47.39483],[7.44314,47.39637],[7.44202,47.39711],[7.44136,47.39789],[7.442,47.39961],[7.44132,47.40018],[7.44225,47.40098],[7.44295,47.402],[7.44399,47.4022],[7.44477,47.40136],[7.44505,47.40059],[7.44717,47.39965],[7.44848,47.39954],[7.44965,47.3998],[7.4505,47.40036],[7.45085,47.40109],[7.45069,47.40179],[7.44974,47.40253],[7.4496,47.40337],[7.45026,47.40381],[7.45302,47.40389],[7.4549,47.40415],[7.45636,47.4032],[7.45659,47.40219],[7.45712,47.40141],[7.46101,47.40085],[7.46269,47.40086],[7.46339,47.40197],[7.46465,47.40255],[7.47032,47.40059],[7.47134,47.40037],[7.47347,47.40033],[7.47643,47.40084],[7.47738,47.40121],[7.47747,47.39834],[7.47708,47.39796],[7.47717,47.39672],[7.47677,47.39613],[7.47746,47.39503],[7.47728,47.39392],[7.47772,47.39284],[7.47748,47.39234],[7.47814,47.39151],[7.47838,47.39053],[7.47911,47.38974],[7.48014,47.38961],[7.48037,47.38901],[7.48147,47.38888],[7.48345,47.3892],[7.48474,47.3889],[7.48491,47.38743],[7.48834,47.38624],[7.49233,47.38524],[7.49342,47.38518],[7.49827,47.3845],[7.50082,47.38459],[7.50306,47.38502],[7.51001,47.389],[7.51072,47.38956],[7.51351,47.38937],[7.51629,47.38866],[7.51862,47.38823],[7.52137,47.39121],[7.5263,47.3984],[7.52902,47.40114],[7.53044,47.4021],[7.53094,47.40348],[7.5312,47.40491],[7.53049,47.40584],[7.52875,47.4076],[7.52732,47.40851],[7.52742,47.40924],[7.52707,47.41002],[7.52524,47.41164],[7.52614,47.41186],[7.53475,47.41331],[7.54308,47.41404],[7.55115,47.41435],[7.55632,47.41426],[7.55926,47.41388],[7.56608,47.41341],[7.57681,47.41415],[7.58067,47.41469],[7.5795,47.41596],[7.57903,47.41711],[7.57842,47.41759],[7.57714,47.41802],[7.5758,47.41892],[7.57437,47.41948],[7.57284,47.4192],[7.57167,47.41933],[7.57034,47.42038],[7.56947,47.42075],[7.56893,47.42214],[7.5682,47.42279],[7.56851,47.42329],[7.56776,47.42482],[7.56747,47.42586],[7.5682,47.427],[7.56834,47.42821],[7.56894,47.42945],[7.56914,47.4315],[7.56875,47.43219],[7.5688,47.43317],[7.56921,47.43449],[7.56917,47.43518],[7.56854,47.43656],[7.56889,47.4369],[7.5716,47.43647],[7.57322,47.43641],[7.57562,47.43675],[7.57733,47.43541],[7.57843,47.43491],[7.57832,47.43379],[7.57766,47.43244],[7.58011,47.43205],[7.5793,47.43019],[7.58121,47.42878],[7.58491,47.42863],[7.59208,47.43272],[7.594,47.43237],[7.59858,47.43213],[7.60216,47.43125],[7.60743,47.43267],[7.6114,47.43279],[7.61403,47.43336],[7.61581,47.43275],[7.61614,47.43762],[7.61527,47.43958],[7.61648,47.44183],[7.61647,47.44524],[7.61728,47.4468],[7.61851,47.44766],[7.61887,47.44901],[7.61998,47.45064],[7.6199,47.45123],[7.62119,47.45433],[7.62203,47.45567],[7.62261,47.45715],[7.62206,47.45923],[7.62218,47.46196],[7.62424,47.46155],[7.62608,47.46292],[7.62483,47.4632],[7.62251,47.46522],[7.62083,47.46608],[7.62002,47.4669],[7.61888,47.46746],[7.61685,47.46758],[7.61241,47.46924],[7.61104,47.47002],[7.60848,47.46996],[7.60585,47.47012],[7.60453,47.47054],[7.6071,47.47348],[7.60816,47.47522],[7.6062,47.47556],[7.60639,47.47689],[7.60568,47.47898],[7.60576,47.48007],[7.60613,47.48071],[7.60786,47.48165],[7.60837,47.48219],[7.60883,47.48383],[7.60805,47.48553],[7.6074,47.48833],[7.60731,47.4894],[7.60973,47.48911],[7.61078,47.48885],[7.61227,47.48895],[7.61289,47.48862],[7.61401,47.48918],[7.61494,47.48925],[7.61673,47.48887],[7.62055,47.48746],[7.62415,47.48667],[7.62609,47.48544],[7.62721,47.4849],[7.62965,47.48432],[7.63261,47.48444],[7.63619,47.48403],[7.64097,47.48274],[7.64215,47.48328],[7.64443,47.48564],[7.64729,47.48481],[7.64969,47.48521],[7.65099,47.48572],[7.65367,47.48637],[7.65593,47.4874],[7.65323,47.48798],[7.65052,47.48827],[7.65304,47.48895],[7.6554,47.49021],[7.6536,47.49098],[7.65215,47.49055],[7.65168,47.49086],[7.65019,47.49102],[7.64989,47.49183],[7.64865,47.49183],[7.65069,47.49458],[7.65218,47.49582],[7.65337,47.49608],[7.65818,47.49531],[7.65943,47.49539],[7.66057,47.49612],[7.66165,47.49629],[7.66289,47.49608],[7.66613,47.49687],[7.66637,47.49478],[7.66543,47.49149],[7.66672,47.4886],[7.66833,47.48635],[7.67173,47.48453],[7.67699,47.48505],[7.68402,47.48291],[7.69103,47.48161],[7.69622,47.48179],[7.69977,47.48064],[7.70242,47.4779],[7.70511,47.47614],[7.70792,47.47261],[7.70988,47.46939],[7.70853,47.46951],[7.70789,47.46893],[7.70627,47.46827],[7.70614,47.46779],[7.70343,47.46454],[7.70244,47.46354],[7.70011,47.46208],[7.69999,47.4612],[7.69927,47.46061],[7.69935,47.46011],[7.69864,47.45943],[7.69923,47.45739],[7.6989,47.45592],[7.69825,47.45535],[7.69666,47.45531],[7.69569,47.45484],[7.69423,47.45481],[7.69265,47.45441],[7.69197,47.45399],[7.69073,47.45224],[7.68666,47.44975],[7.68501,47.44758],[7.68349,47.44225],[7.68368,47.44076],[7.68305,47.4397],[7.68298,47.43873],[7.68561,47.4364],[7.68659,47.43367],[7.68459,47.43048],[7.6847,47.42867],[7.68302,47.42516],[7.67981,47.41752],[7.67385,47.41506],[7.66406,47.41002],[7.66151,47.40978],[7.65755,47.40908],[7.63969,47.41003],[7.63273,47.41003],[7.6339,47.406],[7.63509,47.40032],[7.6355,47.39532],[7.63674,47.38763],[7.63726,47.38607],[7.63626,47.38578],[7.63331,47.38534],[7.63291,47.38465],[7.63332,47.38292],[7.63559,47.3806],[7.63671,47.3807],[7.64177,47.38047],[7.64165,47.37937],[7.64105,47.37829],[7.64194,47.37778],[7.64206,47.37676],[7.64319,47.37547],[7.64288,47.37332],[7.64332,47.37194],[7.64352,47.37034],[7.64421,47.36721],[7.64729,47.36752],[7.65026,47.36768],[7.6557,47.36808],[7.66624,47.36904],[7.67437,47.36987],[7.67894,47.3705],[7.68755,47.37118],[7.70196,47.37245],[7.70529,47.37195],[7.70855,47.3716],[7.71258,47.37091],[7.71398,47.37091],[7.7165,47.37046],[7.72682,47.36891],[7.72792,47.36886],[7.72901,47.36683],[7.73416,47.35776],[7.74019,47.3521],[7.74283,47.34971],[7.75153,47.34433],[7.7542,47.34317],[7.76405,47.34264],[7.76643,47.34274],[7.76923,47.34145],[7.76897,47.33892],[7.77059,47.33881],[7.77265,47.33934],[7.77399,47.33949],[7.77638,47.33944],[7.77761,47.3392],[7.77971,47.3392],[7.78239,47.33957],[7.78524,47.33893],[7.78529,47.33788],[7.79357,47.33905],[7.79349,47.33953],[7.79538,47.34646],[7.79501,47.34977],[7.79637,47.35347],[7.79767,47.35579],[7.80217,47.3611],[7.80539,47.36239],[7.80924,47.36239],[7.81052,47.36289],[7.81549,47.36272],[7.8172,47.36292],[7.81961,47.36299],[7.82207,47.36339],[7.8237,47.36397],[7.82559,47.36407],[7.82749,47.36456],[7.83055,47.36512],[7.83261,47.3664],[7.83363,47.36749],[7.83494,47.36991],[7.83651,47.37134],[7.83713,47.37277],[7.83948,47.37415],[7.84013,47.37477],[7.84307,47.37586],[7.84736,47.37673],[7.84898,47.37734],[7.84998,47.37835],[7.85873,47.37975],[7.86,47.38023],[7.85985,47.38114],[7.86206,47.38184],[7.86306,47.38199],[7.86691,47.38162],[7.86857,47.38128],[7.8704,47.38224],[7.87401,47.38376],[7.87611,47.38448],[7.87882,47.38351],[7.87963,47.38449],[7.87915,47.38496],[7.87887,47.386],[7.87974,47.38736],[7.87944,47.388],[7.87735,47.38905],[7.87708,47.39003],[7.87611,47.39038],[7.8739,47.39003],[7.87195,47.39125],[7.86914,47.39552],[7.87201,47.3968],[7.87528,47.3976],[7.87771,47.40126],[7.87981,47.40172],[7.88182,47.40072],[7.88345,47.40121],[7.88324,47.40223],[7.88429,47.40319],[7.88346,47.40383],[7.88411,47.40487],[7.88331,47.40558],[7.88334,47.4061],[7.88522,47.40632],[7.88754,47.40709],[7.88857,47.40727],[7.89023,47.40714],[7.89432,47.40445],[7.89889,47.40168],[7.90084,47.40075],[7.90191,47.40204],[7.90384,47.40247],[7.90533,47.40083],[7.90659,47.39985],[7.90862,47.39884],[7.90974,47.39852],[7.91098,47.3994],[7.91311,47.40025],[7.91556,47.40078],[7.91991,47.40194],[7.92107,47.40237],[7.92422,47.40203],[7.92544,47.40298],[7.92778,47.40361],[7.93086,47.40487],[7.93267,47.40528],[7.93369,47.40586],[7.93673,47.40806],[7.93579,47.41062],[7.93494,47.41177],[7.93696,47.41291],[7.94063,47.4141],[7.94298,47.41448],[7.94502,47.41453],[7.94563,47.4156],[7.94643,47.41553],[7.9484,47.41627],[7.951,47.41642],[7.95408,47.41597],[7.95505,47.41561],[7.95601,47.41667],[7.95427,47.4173],[7.95674,47.41884],[7.95632,47.41941],[7.95682,47.41985],[7.95843,47.42055],[7.96052,47.42121],[7.96184,47.42184],[7.96069,47.4231],[7.95571,47.42657],[7.95004,47.43172],[7.95113,47.43256],[7.95195,47.43279],[7.94807,47.44002],[7.94679,47.4432],[7.94753,47.44556],[7.94845,47.44578],[7.95009,47.44575],[7.95052,47.4469],[7.95217,47.44789],[7.95288,47.44877],[7.95428,47.44906],[7.95545,47.4502],[7.95567,47.45071],[7.95785,47.45161],[7.95695,47.45204],[7.95854,47.45304],[7.95793,47.45442],[7.95684,47.45521],[7.95617,47.45573],[7.95761,47.45849],[7.95742,47.45896],[7.9563,47.45924],[7.94995,47.46287],[7.94927,47.46298],[7.94886,47.46378],[7.94735,47.46324],[7.94575,47.46291],[7.94547,47.46334],[7.9429,47.46262],[7.94004,47.46202],[7.94018,47.4628],[7.94086,47.46376],[7.94117,47.46573],[7.94172,47.46728],[7.94243,47.4682],[7.94299,47.47205],[7.94407,47.47404],[7.94434,47.47608],[7.94495,47.47717],[7.94469,47.4784],[7.94455,47.48032],[7.94476,47.48169],[7.9459,47.48303],[7.94702,47.48489],[7.94598,47.48545],[7.94172,47.4836],[7.93258,47.48142],[7.93172,47.48208],[7.93,47.48228],[7.928,47.48207],[7.92676,47.48329],[7.92417,47.48248],[7.91803,47.48265],[7.91559,47.48372],[7.91393,47.4839],[7.9117,47.48484],[7.90483,47.48491],[7.90478,47.49218],[7.89958,47.49618],[7.8989,47.49849],[7.89823,47.4998],[7.89832,47.50121],[7.89453,47.50261],[7.89457,47.50421],[7.894,47.50606],[7.89354,47.50643],[7.89184,47.50705],[7.88654,47.50788],[7.88409,47.50849],[7.88156,47.51027],[7.87968,47.51209],[7.87803,47.51389],[7.87568,47.5132],[7.87544,47.51382],[7.8755,47.51616],[7.87515,47.51762],[7.87535,47.51961],[7.87602,47.52025],[7.8762,47.52171],[7.87667,47.52269],[7.87538,47.52311],[7.874,47.52294],[7.87153,47.52191],[7.86946,47.51933],[7.86616,47.51938],[7.86397,47.51931],[7.8644,47.52213],[7.864,47.52319],[7.86338,47.52362],[7.86263,47.52579],[7.86258,47.52692],[7.86071,47.52845],[7.85965,47.53018],[7.85732,47.53321],[7.85571,47.53332],[7.85485,47.53412],[7.85234,47.53524],[7.84654,47.53266],[7.8449,47.53262],[7.84149,47.53378],[7.83906,47.53418],[7.83677,47.53428],[7.83339,47.53376],[7.83403,47.53266],[7.8353,47.53176],[7.83432,47.53043],[7.83323,47.53033],[7.83359,47.52612],[7.83334,47.52465],[7.83343,47.52244],[7.83309,47.51955],[7.83315,47.51879],[7.83205,47.5174],[7.83198,47.51474],[7.8287,47.51404],[7.82327,47.50954],[7.82361,47.50886],[7.82168,47.50866],[7.81857,47.50658],[7.81558,47.50491],[7.81472,47.5048],[7.81239,47.50156],[7.80999,47.49939],[7.8084,47.49819],[7.80743,47.49714],[7.80498,47.49676],[7.80224,47.49698],[7.80017,47.49817],[7.79941,47.49748],[7.79833,47.49875],[7.79744,47.49873],[7.79679,47.49733],[7.79779,47.49723],[7.7989,47.49566],[7.79687,47.49505],[7.79697,47.49587],[7.79571,47.49587],[7.79444,47.49626],[7.79306,47.49584],[7.79177,47.4948],[7.79036,47.49407],[7.78984,47.49336],[7.78663,47.49313],[7.78754,47.49438],[7.78882,47.49502],[7.78916,47.49632],[7.791,47.4969],[7.79112,47.49826],[7.79176,47.49882],[7.79281,47.50069],[7.79241,47.50127],[7.79152,47.50158],[7.79204,47.50277],[7.79163,47.50317],[7.79234,47.50372],[7.78987,47.50509],[7.7895,47.50507],[7.78888,47.50683],[7.78918,47.51047],[7.78882,47.51171],[7.78782,47.51328],[7.78791,47.51417],[7.79018,47.51601],[7.78981,47.51771],[7.78987,47.51903],[7.78826,47.51964],[7.7866,47.52052],[7.78574,47.52059],[7.78395,47.5202],[7.78292,47.52018],[7.78117,47.52111],[7.77989,47.52129],[7.77849,47.52182],[7.77414,47.52273],[7.77222,47.52329],[7.77016,47.52342],[7.76673,47.5245],[7.76457,47.52489],[7.76362,47.5247],[7.76252,47.52531],[7.76067,47.52523],[7.75851,47.5255],[7.75787,47.52606],[7.75508,47.52532],[7.75252,47.52573],[7.75067,47.52551],[7.74903,47.52499],[7.74731,47.52602],[7.74584,47.52616],[7.74582,47.52573],[7.74372,47.52608],[7.74051,47.52691],[7.73798,47.52733],[7.7373,47.5277],[7.73507,47.52957],[7.73514,47.53024],[7.73429,47.53094],[7.7333,47.53272],[7.73164,47.5328],[7.72994,47.5324],[7.72926,47.53295],[7.72786,47.53322],[7.72717,47.53293],[7.72657,47.53347],[7.72584,47.53351],[7.72567,47.53509],[7.72479,47.53538],[7.72438,47.53635],[7.72313,47.5368],[7.72228,47.53584],[7.72134,47.53607],[7.72116,47.53543],[7.71942,47.53625],[7.71669,47.53576],[7.71596,47.53583],[7.71488,47.53655],[7.71353,47.53964],[7.70491,47.53635],[7.69796,47.53323],[7.69485,47.53252],[7.6925,47.5324],[7.68286,47.5326],[7.6809,47.5327],[7.67832,47.53301],[7.67581,47.53352],[7.6702,47.53503],[7.66772,47.53612],[7.66565,47.53767],[7.66416,47.53941],[7.6618,47.5442],[7.66037,47.54549],[7.65904,47.54587],[7.65338,47.54668],[7.65133,47.54719],[7.64891,47.54852],[7.64698,47.55025],[7.64498,47.55292],[7.64195,47.55638],[7.64105,47.55724],[7.6383,47.55935],[7.63554,47.56075],[7.63396,47.56123]]]]},"properties":{"area_code":"BL","area_name":"Basel-Landschaft","area_unit_id":"ch-canton-2026-swissboundaries3d:BL","boundary_set_id":"ch-canton-2026-swissboundaries3d","boundary_level":"canton","land_area_sq_km":517.6688}},
{"type":"Feature","geometry":{"type":"Polygon","coordinates":[[[7.55466,47.56437],[7.55793,47.56263],[7.55873,47.56196],[7.55988,47.56054],[7.56159,47.55919],[7.56457,47.55722],[7.56306,47.55493],[7.56125,47.55173],[7.55876,47.55236],[7.55589,47.54434],[7.55755,47.5444],[7.56302,47.54531],[7.56479,47.54569],[7.57112,47.54474],[7.5757,47.54396],[7.5781,47.5438],[7.58148,47.54383],[7.58727,47.54191],[7.58551,47.53865],[7.58593,47.53741],[7.58347,47.53346],[7.58269,47.53247],[7.58279,47.53198],[7.58386,47.53092],[7.58569,47.53133],[7.58587,47.52928],[7.58847,47.52906],[7.58839,47.5285],[7.58949,47.52793],[7.58993,47.52668],[7.58932,47.52296],[7.59025,47.51979],[7.59075,47.51966],[7.59479,47.5193],[7.60177,47.52535],[7.60471,47.52929],[7.60555,47.52979],[7.60549,47.53031],[7.60919,47.53502],[7.61267,47.53696],[7.61331,47.53891],[7.6141,47.53939],[7.61675,47.54003],[7.61825,47.54079],[7.61977,47.54029],[7.62231,47.53978],[7.62297,47.5493],[7.62247,47.55089],[7.62145,47.55197],[7.61864,47.5535],[7.6177,47.55445],[7.61759,47.55498],[7.61783,47.55738],[7.61762,47.55865],[7.62439,47.56076],[7.62737,47.56152],[7.63021,47.56171],[7.63271,47.56152],[7.63396,47.56123],[7.63613,47.56392],[7.63834,47.56323],[7.64127,47.56127],[7.64406,47.56129],[7.64828,47.55994],[7.65036,47.5609],[7.65279,47.56184],[7.65454,47.56237],[7.65616,47.56228],[7.65676,47.56313],[7.65876,47.56448],[7.66423,47.5654],[7.66556,47.56506],[7.66749,47.56531],[7.67023,47.56584],[7.67237,47.56544],[7.67246,47.56373],[7.67446,47.56346],[7.67732,47.56375],[7.67729,47.56494],[7.67515,47.56543],[7.67769,47.56781],[7.67845,47.56897],[7.67911,47.5695],[7.68103,47.57044],[7.68351,47.57126],[7.68372,47.57054],[7.68343,47.56843],[7.68376,47.56836],[7.68593,47.56562],[7.68711,47.56839],[7.6889,47.57029],[7.68966,47.5714],[7.68892,47.57243],[7.68551,47.57309],[7.68368,47.57391],[7.68386,47.57666],[7.68191,47.57746],[7.68136,47.581],[7.68086,47.58269],[7.67894,47.58327],[7.67494,47.58424],[7.67208,47.58524],[7.67175,47.58728],[7.67309,47.58817],[7.67739,47.59137],[7.67959,47.59225],[7.68199,47.59427],[7.68365,47.59603],[7.68473,47.59664],[7.69016,47.59758],[7.69305,47.59949],[7.6938,47.60078],[7.69333,47.60092],[7.69165,47.59959],[7.68932,47.59885],[7.68799,47.59861],[7.68483,47.59877],[7.68302,47.5985],[7.68156,47.59734],[7.68067,47.5972],[7.67973,47.59636],[7.67807,47.59536],[7.67551,47.59305],[7.67518,47.59199],[7.6722,47.5919],[7.66734,47.59195],[7.66463,47.59267],[7.6617,47.59371],[7.65507,47.5954],[7.65106,47.59572],[7.64568,47.59696],[7.64441,47.59575],[7.64179,47.5942],[7.64186,47.59291],[7.64325,47.59135],[7.63964,47.59037],[7.63644,47.58838],[7.63411,47.58586],[7.62803,47.58137],[7.62501,47.57962],[7.61914,47.57687],[7.61672,47.57768],[7.61321,47.57816],[7.60942,47.57819],[7.60489,47.57788],[7.60534,47.57989],[7.60477,47.58041],[7.6047,47.58118],[7.60406,47.58134],[7.60459,47.58281],[7.60482,47.58493],[7.59847,47.58764],[7.59317,47.58898],[7.58905,47.5899],[7.58697,47.58655],[7.58573,47.58409],[7.58474,47.58086],[7.5844,47.57858],[7.58466,47.57552],[7.57886,47.57667],[7.5764,47.57645],[7.57525,47.57614],[7.57161,47.57711],[7.56649,47.57767],[7.56544,47.57622],[7.5569,47.57247],[7.55646,47.57139],[7.55934,47.56939],[7.55826,47.56725],[7.5573,47.56503],[7.55466,47.56437]]]},"properties":{"area_code":"BS","area_name":"Basel-Stadt","area_unit_id":"ch-canton-2026-swissboundaries3d:BS","boundary_set_id":"ch-canton-2026-swissboundaries3d","boundary_level":"canton","land_area_sq_km":36.9538}},
{"type":"Feature","geometry":{"type":"MultiPolygon","coordinates":[[[[7.23708,46.55379],[7.24047,46.55424],[7.24408,46.55521],[7.24705,46.55623],[7.24981,46.55772],[7.2531,46.55887],[7.25508,46.55989],[7.25859,46.56229],[7.26385,46.56752],[7.26523,46.56966],[7.26665,46.57156],[7.2676,46.57231],[7.26809,46.57369],[7.2687,46.57376],[7.27076,46.57579],[7.27122,46.57646],[7.27392,46.57868],[7.27548,46.57917],[7.27647,46.57984],[7.27713,46.58096],[7.2782,46.58168],[7.27993,46.58324],[7.28092,46.58355],[7.28135,46.58411],[7.28367,46.58378],[7.28755,46.5825],[7.28895,46.58171],[7.29057,46.58114],[7.29294,46.58073],[7.29445,46.58021],[7.29829,46.57921],[7.2992,46.5791],[7.30352,46.57974],[7.30804,46.58132],[7.3108,46.5855],[7.3125,46.58918],[7.31511,46.59039],[7.32073,46.59186],[7.31857,46.59494],[7.31483,46.60042],[7.31621,46.60932],[7.31818,46.61613],[7.31786,46.61857],[7.31211,46.6217],[7.31215,46.62429],[7.31247,46.63048],[7.31326,46.63662],[7.31381,46.63642],[7.31514,46.63691],[7.31722,46.63694],[7.32051,46.6368],[7.32232,46.63701],[7.32456,46.63773],[7.32591,46.63839],[7.32817,46.64032],[7.32969,46.64183],[7.32855,46.64466],[7.32758,46.64655],[7.32573,46.64869],[7.32462,46.6502],[7.32418,46.6505],[7.32327,46.65192],[7.32114,46.65462],[7.32325,46.65534],[7.32601,46.65475],[7.32735,46.65501],[7.32976,46.65462],[7.33103,46.6553],[7.33408,46.6547],[7.34036,46.65563],[7.3412,46.65519],[7.34413,46.6555],[7.34557,46.65534],[7.34616,46.65438],[7.34716,46.65386],[7.3482,46.65284],[7.34965,46.65237],[7.35072,46.65163],[7.35031,46.64993],[7.35032,46.64905],[7.35077,46.64796],[7.35259,46.64688],[7.3546,46.64666],[7.35582,46.64536],[7.35538,46.64423],[7.35575,46.64245],[7.35534,46.64212],[7.3563,46.64007],[7.35728,46.63928],[7.35794,46.6409],[7.3579,46.64177],[7.35841,46.64388],[7.3597,46.64448],[7.35963,46.64509],[7.36086,46.64558],[7.36215,46.64684],[7.36167,46.64737],[7.36208,46.6479],[7.36606,46.64896],[7.37689,46.65584],[7.37521,46.65612],[7.36928,46.65558],[7.36952,46.65741],[7.36994,46.6581],[7.37106,46.65903],[7.37086,46.66081],[7.37189,46.66266],[7.3712,46.66366],[7.37191,46.66524],[7.37251,46.66754],[7.37114,46.66939],[7.37349,46.67195],[7.37357,46.67242],[7.37489,46.6735],[7.37596,46.67485],[7.37645,46.67503],[7.37517,46.67757],[7.37319,46.67911],[7.37289,46.6798],[7.37321,46.68064],[7.375,46.68196],[7.37593,46.68237],[7.37775,46.68355],[7.37582,46.6864],[7.37592,46.68777],[7.37779,46.68931],[7.37906,46.69003],[7.38021,46.69018],[7.37694,46.69271],[7.374,46.69214],[7.36861,46.69261],[7.36702,46.69412],[7.36486,46.69497],[7.36257,46.69918],[7.36092,46.69825],[7.36002,46.69795],[7.35576,46.69827],[7.35237,46.69838],[7.34574,46.69894],[7.34544,46.69973],[7.34595,46.70088],[7.34625,46.70221],[7.34763,46.70324],[7.34907,46.7049],[7.34937,46.70694],[7.35061,46.70855],[7.35029,46.71024],[7.34951,46.7122],[7.34738,46.71289],[7.34389,46.71348],[7.34145,46.71421],[7.33932,46.71446],[7.33691,46.7143],[7.33388,46.71452],[7.32819,46.71662],[7.3262,46.71653],[7.32109,46.717],[7.31973,46.71732],[7.31694,46.71769],[7.31239,46.71757],[7.31133,46.71793],[7.30992,46.7181],[7.30792,46.71718],[7.30692,46.71798],[7.3045,46.71959],[7.30277,46.72037],[7.30171,46.72112],[7.29958,46.723],[7.29864,46.72403],[7.29704,46.72691],[7.29675,46.72781],[7.29651,46.73011],[7.29657,46.73268],[7.29686,46.73385],[7.29686,46.73711],[7.29761,46.73881],[7.30006,46.7421],[7.30136,46.74319],[7.3032,46.7455],[7.30421,46.74778],[7.30437,46.74984],[7.30351,46.75218],[7.3032,46.75359],[7.30341,46.75515],[7.30315,46.75616],[7.30359,46.75919],[7.30309,46.76009],[7.30174,46.76082],[7.30138,46.76132],[7.30136,46.76234],[7.29987,46.76376],[7.29819,46.7641],[7.29881,46.76513],[7.2979,46.76553],[7.29655,46.76521],[7.29594,46.76546],[7.29398,46.76769],[7.29319,46.76826],[7.29294,46.76955],[7.29307,46.77136],[7.29147,46.77152],[7.29047,46.77205],[7.29128,46.77334],[7.29531,46.77537],[7.29591,46.77598],[7.29639,46.77729],[7.29758,46.77754],[7.29882,46.77823],[7.30081,46.77905],[7.30053,46.78064],[7.30113,46.78134],[7.30447,46.78321],[7.30447,46.78415],[7.3023,46.78566],[7.30207,46.78638],[7.30351,46.78887],[7.30201,46.79079],[7.30159,46.79283],[7.30305,46.79432],[7.30482,46.79551],[7.30748,46.79876],[7.30795,46.80154],[7.3092,46.80291],[7.30901,46.80484],[7.30978,46.80625],[7.31032,46.80802],[7.31179,46.80948],[7.31365,46.81036],[7.31475,46.81196],[7.31746,46.81382],[7.3202,46.81481],[7.32046,46.81568],[7.31898,46.81702],[7.3207,46.82017],[7.32095,46.82186],[7.31981,46.82515],[7.32025,46.82674],[7.32141,46.82713],[7.32548,46.8279],[7.32891,46.829],[7.3302,46.82968],[7.33123,46.83177],[7.33103,46.8328],[7.32934,46.83394],[7.32975,46.83492],[7.32926,46.83563],[7.32802,46.83601],[7.32677,46.83713],[7.32421,46.83856],[7.32402,46.83945],[7.32333,46.84041],[7.32189,46.84112],[7.31903,46.84198],[7.31784,46.84297],[7.31596,46.84367],[7.31312,46.84421],[7.31267,46.84463],[7.31033,46.84556],[7.30755,46.84704],[7.30775,46.84808],[7.30678,46.84877],[7.30613,46.84999],[7.30533,46.85051],[7.30373,46.85091],[7.30215,46.85204],[7.30405,46.85255],[7.30646,46.85375],[7.30732,46.85371],[7.30946,46.85498],[7.31207,46.85557],[7.31175,46.85733],[7.31205,46.85868],[7.31335,46.85921],[7.31258,46.86073],[7.31379,46.86059],[7.31453,46.86093],[7.31461,46.86191],[7.31641,46.86259],[7.31778,46.86227],[7.31739,46.8606],[7.31894,46.86089],[7.32087,46.86154],[7.32346,46.86095],[7.32552,46.8601],[7.32765,46.85957],[7.32728,46.85924],[7.33006,46.8582],[7.3307,46.85763],[7.32798,46.85633],[7.32778,46.85594],[7.32576,46.85681],[7.32356,46.85543],[7.323,46.85477],[7.32531,46.85266],[7.32528,46.85206],[7.32663,46.85151],[7.33045,46.8511],[7.33166,46.85118],[7.33323,46.85155],[7.33277,46.85194],[7.3337,46.8525],[7.3345,46.85161],[7.33542,46.85109],[7.33581,46.85042],[7.33716,46.84961],[7.33821,46.84946],[7.33999,46.8507],[7.34263,46.85168],[7.34521,46.85239],[7.34726,46.85375],[7.34934,46.85331],[7.35167,46.85502],[7.35339,46.85704],[7.35444,46.85875],[7.35772,46.86065],[7.35912,46.86242],[7.35925,46.86311],[7.35794,46.86513],[7.35838,46.8688],[7.35738,46.8701],[7.35645,46.87058],[7.35449,46.87074],[7.35386,46.87129],[7.35239,46.87621],[7.35307,46.88088],[7.3535,46.88631],[7.35303,46.88719],[7.35151,46.88817],[7.34843,46.88934],[7.34631,46.88982],[7.34019,46.89081],[7.32665,46.89366],[7.32391,46.89363],[7.31234,46.89176],[7.30935,46.89152],[7.30744,46.8916],[7.30181,46.89236],[7.30071,46.89257],[7.29702,46.89359],[7.2953,46.89386],[7.29051,46.89386],[7.28938,46.89377],[7.28729,46.89317],[7.28639,46.89269],[7.2836,46.89045],[7.28245,46.8898],[7.28103,46.88954],[7.2794,46.88975],[7.27795,46.89026],[7.27334,46.89222],[7.27178,46.89267],[7.26738,46.89327],[7.26539,46.89407],[7.26222,46.89662],[7.2604,46.89765],[7.25815,46.89816],[7.25196,46.89872],[7.24981,46.89907],[7.24433,46.90037],[7.24314,46.89792],[7.2417,46.89813],[7.23997,46.89786],[7.23633,46.8981],[7.23495,46.89929],[7.23203,46.90029],[7.2315,46.9008],[7.2309,46.9024],[7.22913,46.9023],[7.22891,46.90321],[7.23049,46.9035],[7.23032,46.90394],[7.22864,46.90361],[7.22534,46.90332],[7.22351,46.90277],[7.22209,46.90183],[7.21755,46.89735],[7.21389,46.90059],[7.21244,46.90173],[7.21026,46.90242],[7.20776,46.90264],[7.20393,46.90198],[7.20156,46.90209],[7.19995,46.90246],[7.19908,46.90187],[7.19687,46.90095],[7.19532,46.89901],[7.18968,46.9003],[7.18764,46.90042],[7.18913,46.90104],[7.19168,46.90182],[7.19313,46.90241],[7.1955,46.90314],[7.19879,46.90376],[7.20169,46.90524],[7.20433,46.90631],[7.20527,46.90826],[7.20781,46.90913],[7.20789,46.90982],[7.2071,46.91014],[7.20599,46.91266],[7.20628,46.91448],[7.20578,46.91477],[7.20699,46.91617],[7.20612,46.91982],[7.20559,46.92027],[7.20597,46.92077],[7.20507,46.92169],[7.20683,46.92199],[7.20668,46.92361],[7.20692,46.92481],[7.20861,46.92485],[7.20914,46.92524],[7.2111,46.92527],[7.21072,46.92648],[7.21119,46.9266],[7.21135,46.92787],[7.21268,46.92845],[7.21171,46.93124],[7.21043,46.93105],[7.2093,46.93334],[7.20827,46.93334],[7.20625,46.93576],[7.20422,46.93742],[7.203,46.93734],[7.20438,46.9391],[7.2038,46.93952],[7.20359,46.94054],[7.2058,46.94023],[7.2055,46.94112],[7.20744,46.94156],[7.20782,46.94207],[7.20951,46.94188],[7.21027,46.94302],[7.21006,46.94418],[7.20952,46.94483],[7.21044,46.94578],[7.21011,46.94781],[7.20941,46.94855],[7.20838,46.94844],[7.20776,46.94899],[7.20812,46.94961],[7.20796,46.9507],[7.2087,46.95227],[7.20829,46.95284],[7.20886,46.95356],[7.20886,46.95435],[7.20949,46.95457],[7.21072,46.9556],[7.21102,46.95652],[7.21059,46.95689],[7.20831,46.95781],[7.20809,46.95934],[7.20629,46.95984],[7.20174,46.95952],[7.20001,46.95909],[7.19884,46.95961],[7.1986,46.9601],[7.19764,46.96065],[7.19459,46.96135],[7.19427,46.96205],[7.1947,46.96303],[7.19554,46.96411],[7.19638,46.96367],[7.19795,46.96445],[7.19941,46.9638],[7.20646,46.96413],[7.20709,46.96551],[7.20745,46.96751],[7.21422,46.96693],[7.21466,46.96915],[7.2141,46.9693],[7.21467,46.97133],[7.21545,46.97108],[7.21743,46.97192],[7.21686,46.97272],[7.22247,46.97454],[7.22163,46.97556],[7.22403,46.97649],[7.22739,46.97798],[7.22865,46.97865],[7.23083,46.98072],[7.23174,46.98216],[7.23413,46.98412],[7.23562,46.9846],[7.23486,46.98676],[7.23161,46.98909],[7.22863,46.99002],[7.22917,46.99068],[7.22749,46.99146],[7.22595,46.9924],[7.22411,46.99298],[7.22365,46.99281],[7.22222,46.99316],[7.22356,46.99438],[7.22462,46.99574],[7.22642,46.99697],[7.22612,46.99758],[7.22625,46.99858],[7.22575,46.99915],[7.22321,46.99814],[7.22323,46.99927],[7.22193,47.00032],[7.22143,47.00108],[7.22153,47.00211],[7.22073,47.00263],[7.21927,47.00441],[7.21839,47.00513],[7.21744,47.00628],[7.21556,47.00526],[7.21299,47.00681],[7.21025,47.00395],[7.20509,47.00627],[7.20068,47.00166],[7.2001,47.00192],[7.19938,47.00121],[7.19631,47.00213],[7.19667,47.00014],[7.19473,46.99982],[7.17862,46.99404],[7.16494,46.98917],[7.16496,46.9891],[7.15842,46.98679],[7.15608,46.98603],[7.15414,46.9865],[7.15207,46.98579],[7.15173,46.98622],[7.14892,46.98528],[7.13152,46.98245],[7.11279,46.97942],[7.0923,46.97613],[7.09029,46.97663],[7.08735,46.97648],[7.08605,46.97629],[7.05778,46.97687],[7.05168,46.97757],[7.04016,46.97984],[7.04034,46.97952],[7.04922,46.9778],[7.05237,46.97704],[7.05619,46.97486],[7.05898,46.97384],[7.06027,46.97324],[7.06304,46.97111],[7.06024,46.96874],[7.06076,46.96825],[7.0613,46.96677],[7.0579,46.96541],[7.05964,46.96309],[7.05755,46.96214],[7.059,46.9602],[7.05741,46.95956],[7.05827,46.95824],[7.05865,46.95827],[7.05961,46.95581],[7.05659,46.95529],[7.05713,46.95438],[7.05864,46.95387],[7.05944,46.9517],[7.06043,46.94967],[7.06066,46.94724],[7.06108,46.94618],[7.06137,46.94424],[7.06129,46.94227],[7.05894,46.93925],[7.05788,46.93861],[7.05944,46.93699],[7.08415,46.91316],[7.08674,46.91033],[7.08827,46.90892],[7.09089,46.90721],[7.09211,46.90753],[7.09341,46.90579],[7.0908,46.90448],[7.09072,46.90369],[7.08638,46.90187],[7.08884,46.89972],[7.08681,46.89896],[7.08757,46.89831],[7.08709,46.8971],[7.08468,46.89628],[7.08154,46.89602],[7.07911,46.89617],[7.0789,46.89582],[7.07677,46.89545],[7.07579,46.89577],[7.07505,46.89551],[7.07432,46.8946],[7.07489,46.89393],[7.0763,46.89441],[7.07727,46.89399],[7.07911,46.89474],[7.07983,46.89412],[7.07794,46.89314],[7.07774,46.89271],[7.07594,46.89173],[7.07391,46.89102],[7.0709,46.88976],[7.07207,46.88872],[7.06836,46.88716],[7.06848,46.88794],[7.06426,46.8871],[7.0648,46.88578],[7.06403,46.88482],[7.06196,46.88377],[7.06167,46.87962],[7.06438,46.88006],[7.06418,46.88048],[7.06729,46.88094],[7.0677,46.87999],[7.06667,46.87975],[7.06718,46.87873],[7.06722,46.87744],[7.06818,46.87709],[7.06894,46.87626],[7.06979,46.87477],[7.07073,46.87399],[7.071,46.87336],[7.06943,46.87099],[7.06757,46.87045],[7.06622,46.86933],[7.06643,46.86822],[7.06506,46.86787],[7.06354,46.86703],[7.06261,46.86714],[7.06163,46.86507],[7.06023,46.86431],[7.06004,46.86338],[7.05894,46.86309],[7.05842,46.86203],[7.05653,46.86038],[7.05609,46.8592],[7.05545,46.85902],[7.05533,46.85798],[7.05304,46.85557],[7.05216,46.85582],[7.05095,46.85543],[7.05031,46.85455],[7.04908,46.85487],[7.04729,46.85162],[7.04654,46.85073],[7.04503,46.84956],[7.04542,46.84908],[7.0444,46.84796],[7.04292,46.84689],[7.03959,46.8483],[7.03745,46.84554],[7.03543,46.84651],[7.03319,46.84874],[7.03189,46.84781],[7.03051,46.84904],[7.02982,46.85024],[7.02971,46.85268],[7.03149,46.85352],[7.0341,46.85532],[7.03333,46.85706],[7.03485,46.85803],[7.03705,46.85825],[7.03905,46.85926],[7.03967,46.8606],[7.03667,46.86159],[7.03112,46.86509],[7.02989,46.86617],[7.03107,46.86704],[7.03166,46.86863],[7.03234,46.86916],[7.03344,46.87098],[7.0347,46.87232],[7.03578,46.873],[7.03457,46.87426],[7.03222,46.87583],[7.03043,46.87528],[7.02854,46.8757],[7.02548,46.87669],[7.02518,46.8778],[7.02129,46.87668],[7.01819,46.87945],[7.01769,46.88012],[7.0162,46.88078],[7.01581,46.87893],[7.01529,46.87825],[7.0155,46.87703],[7.01383,46.87735],[7.01306,46.87657],[7.01183,46.87632],[7.01214,46.8757],[7.01157,46.87519],[7.01066,46.87546],[7.00975,46.8753],[7.00939,46.87455],[7.00871,46.87429],[7.00842,46.87315],[7.00731,46.873],[7.00368,46.8738],[7.00213,46.87371],[6.99933,46.87433],[6.99718,46.87628],[6.9938,46.87897],[6.99935,46.88227],[6.9999,46.88188],[7.00476,46.8856],[7.00586,46.88574],[7.00723,46.88685],[7.00951,46.88904],[7.00239,46.89394],[6.99673,46.89761],[6.99307,46.90018],[6.99134,46.90173],[6.99001,46.90246],[6.98929,46.90318],[6.98792,46.9038],[6.98693,46.90459],[6.98559,46.90634],[6.98445,46.90741],[6.98126,46.90945],[6.98447,46.91198],[6.98177,46.91359],[6.98749,46.91817],[6.98693,46.9193],[6.98582,46.92029],[6.98485,46.92076],[6.98302,46.92132],[6.9813,46.9221],[6.97894,46.9226],[6.97811,46.92341],[6.97672,46.92286],[6.97422,46.92112],[6.97333,46.92186],[6.97153,46.92119],[6.96925,46.92322],[6.96708,46.92352],[6.96548,46.92442],[6.9649,46.92439],[6.96172,46.92748],[6.9282,46.9534],[6.89623,46.92549],[6.92141,46.90557],[6.92677,46.90106],[6.92853,46.90068],[6.92981,46.89984],[6.93001,46.89909],[6.92908,46.89806],[6.92599,46.8965],[6.92547,46.8959],[6.92394,46.89549],[6.92368,46.89499],[6.92441,46.8935],[6.92588,46.89266],[6.92831,46.89281],[6.92928,46.89334],[6.93018,46.89275],[6.93143,46.89238],[6.93313,46.89254],[6.93601,46.88879],[6.93837,46.88997],[6.93958,46.8879],[6.93909,46.88717],[6.93955,46.88669],[6.94146,46.88609],[6.94205,46.88495],[6.94154,46.88461],[6.94246,46.88374],[6.94572,46.88305],[6.94645,46.88189],[6.94796,46.88013],[6.9486,46.87897],[6.95122,46.87791],[6.9516,46.87671],[6.95242,46.87624],[6.95051,46.87576],[6.95109,46.87481],[6.95212,46.87464],[6.95395,46.87539],[6.95448,46.87448],[6.95655,46.87198],[6.9579,46.87078],[6.96023,46.87144],[6.96296,46.86809],[6.96276,46.868],[6.96488,46.86539],[6.96944,46.86734],[6.9671,46.86992],[6.96437,46.87319],[6.96493,46.87373],[6.96216,46.87729],[6.96116,46.8772],[6.95906,46.8787],[6.95969,46.87915],[6.95811,46.88145],[6.96059,46.88249],[6.9613,46.88347],[6.96213,46.8841],[6.96333,46.88281],[6.96595,46.88373],[6.96637,46.8834],[6.97108,46.8851],[6.97035,46.88647],[6.97375,46.88732],[6.97422,46.88643],[6.97485,46.88611],[6.97568,46.8847],[6.9764,46.88407],[6.97774,46.88422],[6.98063,46.88182],[6.98483,46.87745],[6.98774,46.87475],[6.9889,46.87346],[6.98594,46.87106],[6.98648,46.87074],[6.98258,46.86774],[6.97923,46.86577],[6.97694,46.86053],[6.98058,46.85802],[6.97781,46.85496],[6.97932,46.85327],[6.97832,46.85251],[6.97756,46.85125],[6.97789,46.84997],[6.98044,46.84823],[6.97947,46.84695],[6.98148,46.84571],[6.98245,46.84642],[6.98289,46.84604],[6.98442,46.84672],[6.98698,46.84456],[6.98766,46.84442],[6.98865,46.84349],[6.98739,46.84279],[6.98845,46.84208],[6.98599,46.84007],[6.98422,46.84103],[6.98307,46.83983],[6.98623,46.83784],[6.98699,46.83718],[6.98663,46.83583],[6.98599,46.83511],[6.98784,46.83414],[6.99006,46.83359],[6.99236,46.83317],[6.99283,46.83191],[6.99194,46.83103],[6.99237,46.8304],[6.99102,46.82951],[6.98968,46.82816],[6.9897,46.82641],[6.98878,46.82591],[6.98713,46.82446],[6.98539,46.82351],[6.98531,46.8227],[6.98475,46.82193],[6.98344,46.82197],[6.98171,46.82251],[6.97931,46.82295],[6.97672,46.82286],[6.97482,46.82302],[6.97392,46.82407],[6.97261,46.82465],[6.97213,46.82401],[6.97101,46.82405],[6.97077,46.82462],[6.96983,46.82475],[6.96929,46.82583],[6.96827,46.82647],[6.96804,46.82701],[6.96649,46.82754],[6.96544,46.82766],[6.96514,46.82824],[6.96105,46.82392],[6.95998,46.82203],[6.95895,46.82063],[6.95785,46.81874],[6.95956,46.81758],[6.95755,46.81606],[6.95651,46.81494],[6.95655,46.8144],[6.95744,46.81332],[6.95928,46.81222],[6.95779,46.81121],[6.95882,46.81047],[6.95885,46.80986],[6.95957,46.80961],[6.96122,46.80805],[6.96258,46.80738],[6.96317,46.80644],[6.96469,46.80545],[6.96346,46.80452],[6.96507,46.80347],[6.96666,46.8027],[6.9655,46.80176],[6.96595,46.8011],[6.96295,46.79971],[6.96191,46.79868],[6.96029,46.79761],[6.95866,46.79601],[6.95803,46.79485],[6.95693,46.79467],[6.95599,46.79342],[6.95643,46.79276],[6.95642,46.79156],[6.95688,46.79094],[6.95644,46.79052],[6.95863,46.79031],[6.9572,46.78972],[6.95756,46.7883],[6.95667,46.78731],[6.95477,46.78662],[6.95434,46.78667],[6.95154,46.78521],[6.95123,46.78428],[6.95012,46.78278],[6.94757,46.78303],[6.9457,46.78454],[6.94392,46.78388],[6.94346,46.78419],[6.94181,46.78354],[6.93931,46.78088],[6.93811,46.78124],[6.93762,46.7795],[6.93687,46.77869],[6.93407,46.77659],[6.93359,46.77693],[6.93156,46.77532],[6.93307,46.7747],[6.93124,46.77251],[6.93322,46.77199],[6.93399,46.77264],[6.93531,46.77162],[6.93505,46.77138],[6.93212,46.77016],[6.93083,46.76923],[6.9273,46.76623],[6.92605,46.76485],[6.92412,46.76322],[6.92297,46.76201],[6.92011,46.75986],[6.91708,46.76114],[6.91812,46.76173],[6.91743,46.76256],[6.91652,46.76199],[6.91443,46.76273],[6.91159,46.76103],[6.90919,46.75876],[6.90824,46.75722],[6.91064,46.75603],[6.90909,46.75481],[6.90936,46.75421],[6.91018,46.75405],[6.91055,46.75326],[6.91181,46.75459],[6.91475,46.75327],[6.91668,46.75462],[6.91956,46.7522],[6.92002,46.7513],[6.92115,46.75148],[6.9221,46.75199],[6.92428,46.75223],[6.92662,46.75328],[6.92925,46.75407],[6.93088,46.75405],[6.93146,46.75324],[6.9329,46.75198],[6.93403,46.75141],[6.93499,46.75052],[6.93636,46.75025],[6.93796,46.74947],[6.93803,46.7485],[6.9395,46.74607],[6.9411,46.74514],[6.94061,46.74371],[6.93988,46.74283],[6.93953,46.74161],[6.93687,46.73906],[6.93611,46.73789],[6.93594,46.73667],[6.93501,46.7359],[6.9366,46.73441],[6.93559,46.73322],[6.9304,46.73018],[6.92478,46.72554],[6.92214,46.72355],[6.92001,46.72058],[6.91939,46.7208],[6.91854,46.72001],[6.91805,46.7191],[6.91648,46.72004],[6.91529,46.71861],[6.91139,46.71791],[6.9091,46.7162],[6.90866,46.71616],[6.90733,46.71503],[6.90379,46.71339],[6.90103,46.71141],[6.89905,46.70963],[6.89752,46.70776],[6.89657,46.70635],[6.8961,46.70651],[6.89442,46.70556],[6.89231,46.70258],[6.89438,46.70133],[6.89345,46.69983],[6.89156,46.69745],[6.89117,46.69645],[6.89161,46.69607],[6.89032,46.69494],[6.88959,46.69388],[6.8879,46.69433],[6.8865,46.69283],[6.88613,46.69178],[6.88507,46.69172],[6.88369,46.69001],[6.88101,46.69005],[6.87531,46.68484],[6.87312,46.68332],[6.87071,46.68488],[6.8684,46.68573],[6.86653,46.68464],[6.86569,46.68373],[6.86507,46.6824],[6.86533,46.68127],[6.86276,46.68102],[6.86372,46.67823],[6.864,46.67691],[6.86463,46.67639],[6.86821,46.67488],[6.86897,46.67503],[6.86966,46.67443],[6.87088,46.67389],[6.87171,46.67325],[6.87,46.67191],[6.8675,46.66932],[6.86674,46.6679],[6.86439,46.66476],[6.86638,46.66395],[6.86833,46.66297],[6.86725,46.66211],[6.86801,46.66077],[6.86587,46.65894],[6.86472,46.65845],[6.86378,46.65875],[6.86302,46.65839],[6.85939,46.65995],[6.85865,46.65894],[6.85769,46.65865],[6.85682,46.65803],[6.85667,46.65737],[6.85473,46.65602],[6.85352,46.65546],[6.84806,46.65746],[6.84779,46.6573],[6.84522,46.65839],[6.84426,46.65768],[6.84217,46.65884],[6.84411,46.66084],[6.84216,46.66084],[6.84181,46.6616],[6.83838,46.66258],[6.83627,46.66147],[6.83338,46.66223],[6.83139,46.65983],[6.82891,46.66056],[6.82741,46.65982],[6.82591,46.65832],[6.82474,46.6569],[6.8232,46.6547],[6.82088,46.6518],[6.8191,46.6507],[6.81728,46.64924],[6.81747,46.64866],[6.81844,46.64844],[6.8185,46.6478],[6.81611,46.6475],[6.81458,46.64747],[6.81422,46.64863],[6.81343,46.64954],[6.81193,46.64921],[6.81107,46.65002],[6.80858,46.65018],[6.80707,46.65059],[6.80575,46.65015],[6.80488,46.65012],[6.80203,46.6489],[6.79894,46.64918],[6.79855,46.64861],[6.79878,46.64781],[6.80007,46.64731],[6.80062,46.64657],[6.80279,46.6461],[6.80367,46.64567],[6.80324,46.6448],[6.80379,46.64451],[6.80321,46.64377],[6.80171,46.64421],[6.80022,46.64131],[6.79894,46.6396],[6.79882,46.63786],[6.79819,46.63565],[6.79763,46.63556],[6.79712,46.63449],[6.79692,46.63314],[6.79837,46.63016],[6.79954,46.63025],[6.80043,46.62992],[6.80065,46.62844],[6.80171,46.62854],[6.80228,46.62775],[6.8018,46.62615],[6.80196,46.62507],[6.80346,46.62237],[6.80244,46.61877],[6.80297,46.6163],[6.80262,46.61574],[6.80184,46.61556],[6.80303,46.61277],[6.80337,46.6101],[6.80389,46.6094],[6.80349,46.60712],[6.8024,46.60253],[6.80238,46.60142],[6.80194,46.60074],[6.79833,46.59987],[6.80019,46.59362],[6.80123,46.5925],[6.80104,46.59164],[6.7999,46.59065],[6.80001,46.58978],[6.79969,46.58812],[6.79851,46.58604],[6.79948,46.58559],[6.79889,46.58424],[6.7992,46.58385],[6.79894,46.58206],[6.79797,46.58072],[6.79613,46.57935],[6.79582,46.57838],[6.79625,46.57733],[6.7949,46.57532],[6.79737,46.5744],[6.79774,46.57458],[6.79948,46.57407],[6.80256,46.57492],[6.80298,46.57547],[6.80335,46.57688],[6.80426,46.57664],[6.80489,46.57793],[6.80794,46.57761],[6.80939,46.57885],[6.81083,46.57897],[6.81321,46.57841],[6.81266,46.57951],[6.81167,46.58047],[6.81154,46.58112],[6.81265,46.5822],[6.81308,46.58337],[6.81408,46.58385],[6.8141,46.58567],[6.81625,46.58481],[6.81756,46.58466],[6.82096,46.58333],[6.82138,46.58247],[6.82139,46.58157],[6.82212,46.58007],[6.82269,46.58002],[6.82295,46.5791],[6.82364,46.57819],[6.82371,46.57748],[6.82566,46.57794],[6.82699,46.57794],[6.82873,46.57718],[6.82926,46.57637],[6.83062,46.57602],[6.83485,46.57534],[6.83746,46.57683],[6.83695,46.57752],[6.83981,46.57896],[6.84009,46.57975],[6.8409,46.58019],[6.84187,46.5814],[6.84239,46.58244],[6.84333,46.58269],[6.84545,46.58284],[6.84644,46.58395],[6.84831,46.58344],[6.84928,46.58199],[6.85087,46.58113],[6.85143,46.58107],[6.85261,46.58198],[6.85552,46.58071],[6.85749,46.5801],[6.85996,46.57987],[6.86039,46.57933],[6.86278,46.57818],[6.86553,46.57725],[6.86506,46.57623],[6.86765,46.57508],[6.87026,46.5721],[6.87446,46.56497],[6.87637,46.56573],[6.87943,46.56713],[6.88018,46.56606],[6.88102,46.56556],[6.8845,46.56195],[6.88635,46.56283],[6.88685,46.56341],[6.8869,46.56444],[6.88645,46.56502],[6.88725,46.56591],[6.88754,46.56709],[6.88816,46.5677],[6.89045,46.56748],[6.89213,46.5679],[6.89404,46.56884],[6.89538,46.56917],[6.89797,46.57059],[6.89893,46.57047],[6.90165,46.56973],[6.90031,46.56854],[6.90048,46.56768],[6.89918,46.56671],[6.90008,46.56571],[6.89889,46.56511],[6.89966,46.56349],[6.90227,46.56139],[6.9007,46.56029],[6.89906,46.55965],[6.89772,46.55964],[6.89699,46.56059],[6.89565,46.56007],[6.89541,46.55946],[6.89403,46.55965],[6.89268,46.55866],[6.89071,46.55784],[6.88953,46.55772],[6.88885,46.55835],[6.88698,46.55707],[6.88486,46.55472],[6.88236,46.55272],[6.88061,46.55154],[6.88053,46.55093],[6.87942,46.55067],[6.87948,46.55013],[6.87839,46.54968],[6.87809,46.54857],[6.87739,46.54815],[6.87556,46.54756],[6.8756,46.54705],[6.87424,46.5461],[6.87414,46.54563],[6.87286,46.54576],[6.87234,46.54483],[6.86924,46.54334],[6.86907,46.54249],[6.86824,46.54151],[6.86683,46.54082],[6.86622,46.53968],[6.86498,46.53896],[6.86442,46.53812],[6.86486,46.53768],[6.86385,46.53661],[6.86375,46.53496],[6.86246,46.53517],[6.86214,46.53348],[6.86195,46.53128],[6.86108,46.53068],[6.85885,46.53099],[6.85875,46.53216],[6.85922,46.53279],[6.8585,46.53337],[6.86015,46.53598],[6.85824,46.53634],[6.85781,46.53701],[6.85665,46.53686],[6.85631,46.53731],[6.85679,46.53829],[6.85618,46.53873],[6.85587,46.53961],[6.85516,46.53998],[6.85559,46.54073],[6.85525,46.54135],[6.85271,46.54153],[6.85241,46.54092],[6.85131,46.54077],[6.85087,46.54112],[6.84445,46.53896],[6.84069,46.53819],[6.83886,46.53839],[6.83623,46.53774],[6.8324,46.53781],[6.83041,46.53745],[6.82938,46.53779],[6.82518,46.53802],[6.82476,46.53938],[6.82784,46.54295],[6.8262,46.54361],[6.8248,46.54161],[6.82364,46.54057],[6.82271,46.54027],[6.82145,46.53911],[6.82097,46.53799],[6.81941,46.53736],[6.81823,46.5364],[6.81881,46.53559],[6.81797,46.53504],[6.81783,46.53311],[6.81731,46.53279],[6.81715,46.53181],[6.81619,46.53046],[6.81273,46.52674],[6.81277,46.52615],[6.811,46.52538],[6.81087,46.52513],[6.81214,46.52402],[6.81299,46.52373],[6.81332,46.52281],[6.81428,46.5226],[6.81533,46.5214],[6.816,46.52009],[6.8181,46.51651],[6.81916,46.51615],[6.82262,46.51411],[6.82317,46.5131],[6.82429,46.51208],[6.82476,46.51219],[6.8279,46.51207],[6.83034,46.51247],[6.8308,46.51205],[6.83108,46.51051],[6.83225,46.50717],[6.83239,46.50544],[6.83503,46.50232],[6.83783,46.49949],[6.83937,46.49858],[6.84125,46.49707],[6.84294,46.49633],[6.8446,46.49683],[6.84554,46.49667],[6.84629,46.49604],[6.84744,46.49464],[6.84774,46.49369],[6.8489,46.49337],[6.85392,46.49328],[6.85728,46.49306],[6.85914,46.49339],[6.8617,46.49357],[6.86276,46.49385],[6.86396,46.49649],[6.86474,46.49851],[6.86634,46.50079],[6.86948,46.50226],[6.87243,46.50431],[6.87431,46.50636],[6.87802,46.50943],[6.87961,46.51026],[6.88167,46.51257],[6.88327,46.51347],[6.88647,46.51493],[6.8953,46.51928],[6.89683,46.52029],[6.89772,46.52005],[6.89717,46.51919],[6.89712,46.51595],[6.89761,46.51495],[6.89598,46.51288],[6.895,46.50922],[6.89571,46.50775],[6.89647,46.50802],[6.89685,46.50887],[6.89805,46.50966],[6.89855,46.50966],[6.89974,46.51039],[6.9004,46.51165],[6.90141,46.51233],[6.90101,46.51284],[6.90142,46.5133],[6.90416,46.51319],[6.90536,46.51255],[6.90639,46.51283],[6.90829,46.51241],[6.90899,46.51259],[6.90999,46.51235],[6.91138,46.51325],[6.91259,46.51268],[6.91275,46.51165],[6.91343,46.51108],[6.91416,46.51122],[6.91458,46.51058],[6.91556,46.51026],[6.91669,46.51056],[6.91821,46.50957],[6.91878,46.50961],[6.91985,46.50879],[6.92186,46.50816],[6.92266,46.50858],[6.92337,46.508],[6.925,46.50767],[6.92577,46.50714],[6.92649,46.50588],[6.92758,46.50467],[6.92829,46.50451],[6.92951,46.50487],[6.93076,46.50472],[6.93091,46.50426],[6.93196,46.50318],[6.93296,46.50328],[6.93329,46.50189],[6.93363,46.50167],[6.93621,46.50103],[6.93858,46.501],[6.93937,46.50129],[6.94054,46.50127],[6.94128,46.50176],[6.94319,46.50165],[6.94349,46.50123],[6.94455,46.50147],[6.946,46.50128],[6.94786,46.50131],[6.94909,46.50201],[6.94996,46.50199],[6.9507,46.50261],[6.95157,46.50205],[6.9542,46.50191],[6.95418,46.50123],[6.95568,46.50054],[6.9559,46.49973],[6.9598,46.49812],[6.96084,46.49735],[6.96162,46.49719],[6.96341,46.49625],[6.96338,46.49568],[6.96445,46.49517],[6.96421,46.49462],[6.96528,46.49377],[6.96559,46.49316],[6.96652,46.49294],[6.96839,46.49198],[6.96904,46.49196],[6.96966,46.49125],[6.97027,46.49113],[6.97161,46.49152],[6.97284,46.4898],[6.97346,46.48934],[6.9726,46.48769],[6.97273,46.48683],[6.97266,46.48446],[6.97392,46.48271],[6.97373,46.48143],[6.97448,46.48067],[6.97511,46.47909],[6.97581,46.4784],[6.97971,46.47594],[6.98132,46.47539],[6.9803,46.47446],[6.97844,46.47373],[6.97782,46.47289],[6.97891,46.47036],[6.9784,46.46961],[6.9782,46.46745],[6.97894,46.46673],[6.97864,46.46439],[6.97902,46.46242],[6.97896,46.46138],[6.98002,46.45966],[6.98016,46.45896],[6.98269,46.45891],[6.98436,46.45682],[6.98571,46.45572],[6.98941,46.45313],[6.99006,46.4523],[6.99024,46.45144],[6.99105,46.45075],[6.99211,46.4488],[6.99011,46.4467],[6.98964,46.44582],[6.98895,46.44526],[6.98822,46.44397],[6.98592,46.44189],[6.9847,46.44054],[6.98361,46.43873],[6.98394,46.438],[6.98745,46.43794],[6.99282,46.43889],[6.99522,46.43975],[6.99619,46.44058],[6.99697,46.44067],[6.998,46.44129],[6.99907,46.44154],[6.99971,46.44211],[7.00095,46.44243],[7.0025,46.44344],[7.00585,46.4444],[7.00812,46.44488],[7.00925,46.44552],[7.01029,46.44567],[7.01214,46.44656],[7.0172,46.44792],[7.01785,46.44707],[7.0198,46.45256],[7.02119,46.45859],[7.02023,46.45945],[7.02269,46.46175],[7.02486,46.46333],[7.02677,46.46417],[7.02845,46.46682],[7.03851,46.47432],[7.04204,46.47606],[7.04406,46.47658],[7.04576,46.47779],[7.04647,46.47802],[7.04774,46.47898],[7.0486,46.48022],[7.05092,46.48182],[7.05442,46.48275],[7.05909,46.48523],[7.05957,46.48589],[7.06108,46.48727],[7.06582,46.48904],[7.07003,46.48699],[7.0724,46.4864],[7.07758,46.48883],[7.07963,46.48847],[7.08242,46.48778],[7.08695,46.48779],[7.0889,46.48693],[7.09273,46.48747],[7.09501,46.48807],[7.09802,46.48841],[7.10036,46.48699],[7.10299,46.48786],[7.10535,46.48932],[7.10616,46.49024],[7.10667,46.49222],[7.10847,46.49285],[7.10966,46.49434],[7.1114,46.49518],[7.11262,46.49532],[7.11812,46.49752],[7.12279,46.4987],[7.1248,46.50076],[7.12654,46.50278],[7.12634,46.50316],[7.12919,46.50426],[7.13096,46.50466],[7.13536,46.50762],[7.13626,46.50861],[7.13642,46.51002],[7.13708,46.51311],[7.14367,46.52211],[7.14501,46.52686],[7.14703,46.52749],[7.14835,46.52846],[7.14968,46.52834],[7.15069,46.52789],[7.15288,46.52732],[7.15463,46.52726],[7.1559,46.52742],[7.15679,46.52701],[7.15839,46.52682],[7.16151,46.52783],[7.16186,46.52816],[7.16343,46.52854],[7.16495,46.52981],[7.16536,46.52986],[7.16711,46.53108],[7.17139,46.53295],[7.17284,46.53334],[7.1742,46.53409],[7.17686,46.5359],[7.17963,46.53722],[7.18081,46.53801],[7.18233,46.53837],[7.18732,46.54259],[7.19065,46.54488],[7.19217,46.54656],[7.19342,46.54614],[7.20081,46.54169],[7.20107,46.54],[7.20368,46.53708],[7.20765,46.53291],[7.20992,46.53415],[7.21221,46.53623],[7.21263,46.53696],[7.21366,46.53777],[7.21418,46.53764],[7.21475,46.53849],[7.21688,46.54049],[7.2181,46.54212],[7.22094,46.54444],[7.2217,46.5448],[7.22255,46.54697],[7.22342,46.54787],[7.22437,46.54826],[7.22534,46.54915],[7.22827,46.5503],[7.2301,46.55073],[7.23086,46.55129],[7.23187,46.55109],[7.23282,46.55157],[7.23364,46.55255],[7.23409,46.55263],[7.23631,46.55407],[7.23708,46.55379]],[[7.11895,46.90315],[7.11768,46.90506],[7.11915,46.90562],[7.11705,46.90795],[7.11658,46.90776],[7.11429,46.90934],[7.11323,46.91055],[7.11413,46.91287],[7.11485,46.91584],[7.11747,46.91683],[7.12219,46.91784],[7.12528,46.91897],[7.1268,46.91859],[7.12625,46.91792],[7.12667,46.91739],[7.12769,46.91818],[7.12989,46.91831],[7.13014,46.91875],[7.13194,46.91931],[7.13466,46.91939],[7.13531,46.91856],[7.1359,46.91637],[7.13609,46.91296],[7.13548,46.91196],[7.13606,46.91149],[7.13655,46.91025],[7.13804,46.90874],[7.13844,46.90754],[7.13484,46.90753],[7.13271,46.90701],[7.13279,46.90647],[7.12976,46.90564],[7.12726,46.90446],[7.12446,46.90276],[7.12328,46.90175],[7.12391,46.90129],[7.12304,46.9002],[7.12136,46.90051],[7.11969,46.90055],[7.1184,46.90299],[7.11895,46.90315]]],[[[6.77857,46.75052],[6.77611,46.7494],[6.77301,46.75137],[6.77017,46.74735],[6.76943,46.74561],[6.76819,46.74443],[6.76514,46.74293],[6.7597,46.73909],[6.75884,46.73741],[6.75768,46.73738],[6.75413,46.73697],[6.75265,46.73656],[6.75163,46.73566],[6.75118,46.73458],[6.75038,46.7335],[6.7487,46.7318],[6.74949,46.7301],[6.75061,46.72898],[6.75173,46.72823],[6.75586,46.7269],[6.75782,46.72607],[6.75925,46.72495],[6.76026,46.7231],[6.75855,46.72198],[6.75927,46.72118],[6.76022,46.72058],[6.76061,46.71948],[6.76177,46.71878],[6.76241,46.71737],[6.76631,46.71908],[6.76659,46.71884],[6.77066,46.72066],[6.7774,46.72612],[6.77629,46.72668],[6.77734,46.7276],[6.7768,46.7287],[6.77768,46.72993],[6.78038,46.73184],[6.78183,46.73232],[6.7827,46.73299],[6.78281,46.73398],[6.78445,46.73543],[6.78332,46.73596],[6.78451,46.73764],[6.78412,46.73883],[6.7847,46.74147],[6.7845,46.74226],[6.78492,46.7458],[6.78573,46.74733],[6.78624,46.74761],[6.78451,46.74858],[6.78289,46.74879],[6.77883,46.75114],[6.77857,46.75052]]],[[[6.80538,46.72709],[6.80736,46.72701],[6.80959,46.72738],[6.81052,46.72787],[6.81128,46.7279],[6.81184,46.72853],[6.8135,46.72975],[6.81613,46.73196],[6.81748,46.73329],[6.82167,46.73433],[6.82474,46.73472],[6.82727,46.73475],[6.82839,46.7355],[6.83028,46.73468],[6.83177,46.7351],[6.83268,46.73498],[6.83372,46.73404],[6.83518,46.73335],[6.83609,46.73351],[6.83879,46.73232],[6.84418,46.72922],[6.84633,46.72748],[6.84723,46.7279],[6.85203,46.72641],[6.85457,46.72615],[6.8572,46.72602],[6.85966,46.72535],[6.86187,46.72459],[6.86271,46.72579],[6.86453,46.72521],[6.86569,46.72627],[6.86717,46.72713],[6.86793,46.72842],[6.86673,46.72868],[6.86541,46.72933],[6.86685,46.73087],[6.86552,46.73167],[6.86652,46.73285],[6.86616,46.73302],[6.87021,46.73733],[6.88209,46.74981],[6.8801,46.75182],[6.87575,46.7539],[6.87703,46.75581],[6.8745,46.75731],[6.87252,46.75759],[6.86962,46.75852],[6.86769,46.76014],[6.86539,46.76257],[6.86403,46.76266],[6.86342,46.76353],[6.86211,46.7626],[6.86064,46.76293],[6.86022,46.76229],[6.85916,46.76221],[6.85883,46.76146],[6.85768,46.76275],[6.85784,46.76303],[6.85959,46.76377],[6.86017,46.7664],[6.85722,46.76775],[6.85624,46.76903],[6.85647,46.76958],[6.85616,46.77063],[6.85451,46.77168],[6.85337,46.77219],[6.85179,46.77216],[6.85178,46.77408],[6.85041,46.77313],[6.84764,46.77322],[6.84878,46.77494],[6.84762,46.77494],[6.8465,46.77234],[6.84564,46.7717],[6.84619,46.77127],[6.84823,46.77151],[6.84882,46.77112],[6.84593,46.76802],[6.8436,46.76656],[6.84547,46.76586],[6.84356,46.76439],[6.84215,46.76353],[6.84129,46.7633],[6.84064,46.76265],[6.83665,46.76104],[6.8349,46.75972],[6.83301,46.75808],[6.83183,46.75725],[6.82932,46.75607],[6.82822,46.75448],[6.83031,46.75396],[6.82901,46.75302],[6.82856,46.75183],[6.82644,46.75222],[6.82627,46.75126],[6.82706,46.75035],[6.82362,46.74809],[6.82434,46.7474],[6.8227,46.74684],[6.82223,46.74712],[6.82143,46.7458],[6.82127,46.74478],[6.8198,46.74338],[6.8177,46.74221],[6.81548,46.7404],[6.81639,46.73849],[6.81459,46.73728],[6.81156,46.73766],[6.8105,46.73744],[6.8093,46.73652],[6.80798,46.73638],[6.8077,46.73584],[6.80595,46.73539],[6.80401,46.73687],[6.80125,46.73514],[6.80031,46.735],[6.79811,46.73406],[6.79712,46.73448],[6.79674,46.73519],[6.79665,46.73634],[6.79558,46.73633],[6.795,46.73499],[6.79422,46.73563],[6.79351,46.73574],[6.79288,46.73394],[6.7921,46.73328],[6.79093,46.73273],[6.79172,46.7324],[6.79049,46.73132],[6.79106,46.73098],[6.78989,46.73006],[6.78791,46.72936],[6.78846,46.72796],[6.79122,46.72711],[6.79219,46.72637],[6.79199,46.72597],[6.79298,46.72556],[6.79418,46.72607],[6.79539,46.72586],[6.7958,46.7263],[6.79705,46.72617],[6.79848,46.72636],[6.79903,46.72619],[6.79981,46.72682],[6.80184,46.72619],[6.80449,46.72741],[6.80538,46.72709]]],[[[6.97096,46.82738],[6.97106,46.82603],[6.972,46.82658],[6.97096,46.82738]]],[[[6.77983,46.85296],[6.74187,46.82788],[6.76732,46.80879],[6.772,46.80584],[6.77324,46.80473],[6.77696,46.80243],[6.77881,46.80057],[6.78085,46.80133],[6.78355,46.80266],[6.78521,46.80152],[6.78728,46.7996],[6.78613,46.79872],[6.78668,46.7984],[6.78476,46.79715],[6.78451,46.79731],[6.78033,46.795],[6.77858,46.79389],[6.77758,46.79262],[6.77665,46.79056],[6.77598,46.78975],[6.77713,46.78911],[6.77875,46.79013],[6.78026,46.79136],[6.78078,46.79262],[6.78132,46.79225],[6.78301,46.79339],[6.78417,46.79257],[6.78374,46.79229],[6.78535,46.79116],[6.78582,46.79118],[6.78888,46.78886],[6.78962,46.78856],[6.7906,46.78763],[6.79308,46.78567],[6.79606,46.78385],[6.79794,46.78288],[6.79985,46.78456],[6.80107,46.78383],[6.80465,46.78564],[6.80868,46.78357],[6.80922,46.78373],[6.81129,46.78182],[6.81344,46.78027],[6.81242,46.77893],[6.81303,46.77833],[6.81427,46.77861],[6.81542,46.77788],[6.81668,46.77776],[6.81749,46.77849],[6.81866,46.77814],[6.81841,46.77772],[6.81975,46.77727],[6.8217,46.77629],[6.82367,46.77484],[6.82446,46.77359],[6.82563,46.77292],[6.82623,46.77426],[6.82806,46.77663],[6.82988,46.77579],[6.83308,46.77454],[6.83409,46.7752],[6.83633,46.7761],[6.83551,46.77688],[6.8365,46.77696],[6.83717,46.77817],[6.83799,46.77816],[6.83869,46.78006],[6.83967,46.78095],[6.84321,46.77872],[6.84411,46.77886],[6.84667,46.78043],[6.84719,46.78122],[6.84852,46.78091],[6.84929,46.78201],[6.85049,46.78235],[6.85013,46.78291],[6.85043,46.78351],[6.84922,46.78405],[6.8516,46.78588],[6.85269,46.78537],[6.85447,46.78594],[6.85909,46.788],[6.86134,46.7864],[6.8625,46.78575],[6.86309,46.7861],[6.8638,46.78528],[6.86389,46.78441],[6.86189,46.78317],[6.86243,46.78221],[6.8638,46.78112],[6.86486,46.78057],[6.866,46.78045],[6.86789,46.7796],[6.86933,46.77963],[6.87026,46.77866],[6.8718,46.77814],[6.87263,46.77874],[6.87441,46.77731],[6.87592,46.77644],[6.87724,46.77592],[6.87858,46.77635],[6.87955,46.77634],[6.87955,46.7753],[6.88281,46.7767],[6.88312,46.77665],[6.88813,46.77827],[6.89026,46.77812],[6.8942,46.7773],[6.89502,46.7791],[6.89781,46.77936],[6.89983,46.78006],[6.89912,46.78159],[6.90349,46.78192],[6.90505,46.78155],[6.90591,46.78267],[6.90734,46.78382],[6.90998,46.78318],[6.90824,46.78202],[6.91099,46.77971],[6.91226,46.78144],[6.91335,46.78221],[6.91572,46.78332],[6.91715,46.78479],[6.91717,46.7855],[6.91651,46.78742],[6.91669,46.78903],[6.91841,46.79068],[6.91935,46.79266],[6.92096,46.79513],[6.92097,46.79646],[6.92179,46.79719],[6.92556,46.79828],[6.9266,46.79927],[6.92678,46.80042],[6.92765,46.80164],[6.92984,46.80258],[6.93112,46.80371],[6.93159,46.80489],[6.93101,46.80624],[6.92833,46.80741],[6.92757,46.80825],[6.92742,46.80906],[6.92616,46.80882],[6.92247,46.80869],[6.92107,46.80951],[6.92,46.81057],[6.91859,46.81003],[6.91717,46.8092],[6.9148,46.80741],[6.9158,46.80666],[6.91338,46.80496],[6.91369,46.80477],[6.91134,46.80313],[6.90719,46.80502],[6.90489,46.80561],[6.90494,46.80648],[6.90657,46.8076],[6.9069,46.80816],[6.90933,46.81072],[6.91085,46.81253],[6.90951,46.81413],[6.9085,46.81636],[6.90961,46.81743],[6.90757,46.81764],[6.90932,46.81893],[6.90768,46.8199],[6.90639,46.82237],[6.90513,46.82425],[6.90487,46.82512],[6.9053,46.82597],[6.90543,46.82698],[6.90633,46.82835],[6.90697,46.82857],[6.90716,46.83003],[6.9074,46.83419],[6.90884,46.83629],[6.91056,46.83857],[6.91017,46.83877],[6.9204,46.84808],[6.93062,46.85324],[6.92885,46.85494],[6.92715,46.85454],[6.92526,46.85792],[6.92416,46.85946],[6.92236,46.85906],[6.92148,46.86077],[6.91993,46.86044],[6.91778,46.8632],[6.91681,46.86339],[6.91568,46.86304],[6.91376,46.86488],[6.91287,46.86594],[6.91154,46.86549],[6.90512,46.86365],[6.90435,46.86351],[6.89646,46.86123],[6.89588,46.86275],[6.89435,46.86217],[6.89411,46.86307],[6.89329,46.86394],[6.89187,46.86496],[6.89423,46.86534],[6.89657,46.86591],[6.89847,46.86704],[6.90076,46.86637],[6.90357,46.86747],[6.90512,46.8685],[6.90747,46.86884],[6.90961,46.86949],[6.91176,46.86715],[6.91655,46.86878],[6.91583,46.86952],[6.92101,46.87133],[6.91295,46.8787],[6.9121,46.87923],[6.9108,46.88063],[6.90696,46.87862],[6.90533,46.88033],[6.90366,46.87943],[6.90107,46.88213],[6.90064,46.88191],[6.89922,46.88339],[6.89836,46.88284],[6.8973,46.88394],[6.89642,46.88304],[6.89442,46.88512],[6.89171,46.88673],[6.86569,46.90958],[6.83534,46.88959],[6.78409,46.85578],[6.77983,46.85296]]],[[[7.23438,46.93391],[7.23454,46.93739],[7.23477,46.93828],[7.23381,46.9383],[7.23094,46.93915],[7.23021,46.93995],[7.2282,46.93881],[7.22938,46.9369],[7.2288,46.93683],[7.22612,46.93558],[7.22555,46.93633],[7.22306,46.93516],[7.2208,46.93445],[7.21745,46.9331],[7.21744,46.93243],[7.21859,46.93183],[7.21781,46.93117],[7.21689,46.93186],[7.21537,46.93075],[7.21685,46.9268],[7.21854,46.92434],[7.22081,46.92548],[7.2255,46.92724],[7.22644,46.92718],[7.22846,46.92774],[7.22937,46.92875],[7.23057,46.92881],[7.23086,46.92952],[7.2342,46.92939],[7.23438,46.93391]]]]},"properties":{"area_code":"FR","area_name":"Fribourg","area_unit_id":"ch-canton-2026-swissboundaries3d:FR","boundary_set_id":"ch-canton-2026-swissboundaries3d","boundary_level":"canton","land_area_sq_km":1672.4281}},
{"type":"Feature","geometry":{"type":"MultiPolygon","coordinates":[[[[6.12579,46.31747],[6.12423,46.31723],[6.12426,46.31573],[6.12277,46.31475],[6.12144,46.31329],[6.12075,46.31333],[6.11982,46.31256],[6.12033,46.31204],[6.11972,46.30954],[6.11987,46.30842],[6.11943,46.30767],[6.12032,46.30752],[6.12077,46.30681],[6.12063,46.30615],[6.11944,46.30558],[6.12026,46.30516],[6.11877,46.3028],[6.11911,46.30185],[6.12024,46.30081],[6.12126,46.30085],[6.12179,46.29911],[6.12001,46.29813],[6.12087,46.29714],[6.12006,46.29647],[6.11856,46.29591],[6.11896,46.2952],[6.11961,46.29498],[6.11964,46.29432],[6.11816,46.29459],[6.11664,46.294],[6.11408,46.29472],[6.11274,46.29353],[6.11162,46.2915],[6.10887,46.28935],[6.10737,46.2887],[6.10608,46.28777],[6.10454,46.28698],[6.1035,46.28558],[6.10239,46.28492],[6.10441,46.28419],[6.10437,46.28353],[6.10508,46.28296],[6.10469,46.28209],[6.10464,46.28113],[6.10409,46.27969],[6.10327,46.27867],[6.10481,46.27823],[6.10571,46.27689],[6.10732,46.2764],[6.10853,46.27474],[6.10912,46.27476],[6.11113,46.27401],[6.11166,46.27331],[6.11351,46.27255],[6.1099,46.27057],[6.1119,46.26917],[6.11165,46.26904],[6.11347,46.2677],[6.11543,46.26594],[6.11621,46.26629],[6.11998,46.26483],[6.12008,46.26465],[6.11808,46.26345],[6.12006,46.26166],[6.11931,46.26126],[6.12254,46.25818],[6.12151,46.2577],[6.12275,46.25645],[6.12153,46.25573],[6.12083,46.25456],[6.1212,46.25397],[6.12346,46.25272],[6.12446,46.25259],[6.12384,46.25184],[6.12447,46.25125],[6.12091,46.24883],[6.12079,46.24802],[6.10883,46.23987],[6.10685,46.24117],[6.10145,46.23765],[6.09906,46.23906],[6.09069,46.24513],[6.08851,46.24588],[6.08806,46.24713],[6.08553,46.2462],[6.08441,46.24702],[6.08361,46.24657],[6.08252,46.24539],[6.08196,46.2458],[6.07953,46.2454],[6.07783,46.24423],[6.07716,46.24467],[6.07556,46.24359],[6.07354,46.24371],[6.07282,46.24311],[6.07376,46.24229],[6.07302,46.24135],[6.07181,46.24219],[6.0709,46.24131],[6.07022,46.24169],[6.06955,46.24117],[6.0682,46.24197],[6.06729,46.24178],[6.06474,46.24426],[6.06335,46.2458],[6.06142,46.24509],[6.06041,46.24501],[6.05712,46.24217],[6.05589,46.24166],[6.05209,46.23823],[6.05083,46.23586],[6.04951,46.23429],[6.04803,46.23316],[6.04745,46.2334],[6.04611,46.23139],[6.04213,46.23331],[6.03889,46.23517],[6.03365,46.23855],[6.03224,46.2376],[6.03013,46.23645],[6.02869,46.23524],[6.02697,46.23428],[6.02588,46.23408],[6.0255,46.23323],[6.02372,46.23314],[6.02311,46.23268],[6.01997,46.23219],[6.01991,46.23183],[6.01742,46.23158],[6.01643,46.23198],[6.01548,46.23055],[6.01511,46.23042],[6.01318,46.23112],[6.01255,46.2303],[6.01321,46.2298],[6.01334,46.22905],[6.01228,46.22848],[6.01003,46.22901],[6.00956,46.22861],[6.01021,46.22807],[6.00993,46.22742],[6.00806,46.2264],[6.00678,46.22669],[6.00724,46.22394],[6.00487,46.22345],[6.00291,46.22231],[6.00154,46.2205],[6.00003,46.22006],[5.9991,46.22162],[5.99757,46.22227],[5.99518,46.22259],[5.99428,46.22243],[5.99285,46.22295],[5.99019,46.22172],[5.99066,46.22143],[5.99159,46.21981],[5.99291,46.21904],[5.99365,46.21731],[5.99278,46.21522],[5.99125,46.21579],[5.9889,46.21607],[5.9874,46.21674],[5.98687,46.21666],[5.98412,46.21722],[5.98291,46.21686],[5.98105,46.21724],[5.97998,46.21701],[5.97917,46.21725],[5.97468,46.21503],[5.97336,46.21372],[5.97164,46.21131],[5.97032,46.20843],[5.96926,46.20669],[5.97022,46.20522],[5.97136,46.20433],[5.97281,46.20362],[5.97339,46.20253],[5.97254,46.2024],[5.97153,46.20159],[5.97052,46.20173],[5.96919,46.20058],[5.96813,46.20002],[5.96755,46.20018],[5.96554,46.19946],[5.96466,46.19879],[5.96463,46.19822],[5.96373,46.19701],[5.97187,46.19418],[5.97591,46.19288],[5.98282,46.19077],[5.98196,46.19002],[5.98381,46.18887],[5.98493,46.18867],[5.9888,46.18766],[5.9903,46.1878],[5.99222,46.18655],[5.99247,46.18557],[5.99338,46.18404],[5.995,46.18283],[5.99463,46.18132],[5.99354,46.18045],[5.99275,46.17949],[5.99125,46.17889],[5.99092,46.17796],[5.99173,46.17684],[5.99022,46.17584],[5.98912,46.1736],[5.98887,46.17201],[5.98804,46.17077],[5.98693,46.17063],[5.98638,46.17113],[5.98618,46.17191],[5.98502,46.17323],[5.98385,46.17375],[5.98302,46.17378],[5.98182,46.17304],[5.98091,46.17111],[5.98098,46.16992],[5.98039,46.16702],[5.97976,46.16582],[5.97648,46.16208],[5.97475,46.15921],[5.97456,46.15839],[5.97316,46.15618],[5.97186,46.15473],[5.9689,46.15191],[5.96734,46.14946],[5.96651,46.14765],[5.96522,46.14645],[5.9643,46.14477],[5.96404,46.1439],[5.96431,46.14215],[5.96561,46.14028],[5.96642,46.13878],[5.96633,46.13803],[5.96528,46.13666],[5.96409,46.13601],[5.96224,46.13544],[5.95793,46.13379],[5.9559,46.13236],[5.95645,46.1318],[5.95685,46.12876],[5.95738,46.12855],[5.95879,46.1294],[5.95989,46.12983],[5.96111,46.1308],[5.96478,46.13019],[5.96542,46.12999],[5.96651,46.1302],[5.96766,46.13104],[5.9692,46.13144],[5.96978,46.13207],[5.97209,46.13207],[5.97297,46.13162],[5.97415,46.13236],[5.97671,46.13316],[5.97751,46.13362],[5.97908,46.13554],[5.98065,46.13646],[5.98193,46.13741],[5.98261,46.1404],[5.98293,46.14132],[5.98234,46.14154],[5.98245,46.14229],[5.98384,46.14316],[5.98548,46.14341],[5.98595,46.14287],[5.98708,46.14259],[5.9888,46.14378],[5.99035,46.1433],[5.993,46.14405],[5.9941,46.14457],[5.99502,46.14404],[5.99666,46.14367],[5.99707,46.14287],[5.99812,46.14304],[6.00079,46.14264],[6.00121,46.14219],[6.00257,46.14218],[6.00327,46.14178],[6.00515,46.14227],[6.00706,46.14224],[6.00855,46.14282],[6.01051,46.14225],[6.01308,46.1421],[6.01377,46.14254],[6.0154,46.14281],[6.01718,46.14284],[6.01903,46.14211],[6.02025,46.14202],[6.02117,46.14113],[6.02157,46.14149],[6.02272,46.14157],[6.02408,46.14037],[6.02525,46.14041],[6.02729,46.14003],[6.02845,46.14044],[6.02855,46.13979],[6.02921,46.13936],[6.03052,46.13907],[6.03166,46.1394],[6.03148,46.13822],[6.03248,46.13792],[6.03339,46.13798],[6.03368,46.13697],[6.03463,46.13668],[6.03428,46.13616],[6.03494,46.13472],[6.03547,46.13482],[6.03619,46.13683],[6.03684,46.13773],[6.0393,46.13964],[6.04091,46.13992],[6.04248,46.14141],[6.04508,46.13997],[6.0469,46.14176],[6.04704,46.14257],[6.04852,46.14712],[6.05226,46.15134],[6.06067,46.15118],[6.07234,46.14994],[6.07491,46.14884],[6.09174,46.15193],[6.09285,46.15131],[6.09363,46.15054],[6.09347,46.14997],[6.09495,46.14912],[6.09579,46.14827],[6.09849,46.14382],[6.09939,46.14408],[6.10305,46.14432],[6.10636,46.14401],[6.10639,46.14368],[6.10774,46.14291],[6.10942,46.14351],[6.11026,46.14281],[6.11233,46.14284],[6.11426,46.14308],[6.11932,46.14262],[6.12016,46.14276],[6.12293,46.14213],[6.12513,46.14136],[6.1266,46.14053],[6.12815,46.14032],[6.13054,46.14041],[6.13119,46.14065],[6.13209,46.1415],[6.13286,46.14085],[6.13644,46.14159],[6.1368,46.14289],[6.13932,46.14443],[6.14067,46.14487],[6.1415,46.14549],[6.1414,46.14612],[6.14243,46.14679],[6.14269,46.14586],[6.14488,46.14495],[6.14726,46.14668],[6.1463,46.14717],[6.14864,46.15009],[6.14941,46.15027],[6.15389,46.15221],[6.15735,46.15266],[6.15806,46.15337],[6.15967,46.15387],[6.16384,46.15536],[6.16857,46.15716],[6.17073,46.15719],[6.1723,46.15737],[6.17422,46.15781],[6.17765,46.1595],[6.17848,46.16041],[6.18346,46.16292],[6.18534,46.16397],[6.18878,46.16639],[6.18703,46.17401],[6.18624,46.17539],[6.18645,46.17661],[6.18607,46.17739],[6.1867,46.17767],[6.18618,46.17832],[6.18736,46.17858],[6.18706,46.18036],[6.18777,46.18076],[6.18898,46.18066],[6.18837,46.18149],[6.19086,46.18126],[6.19258,46.18212],[6.19318,46.18275],[6.19495,46.18341],[6.19479,46.18401],[6.19609,46.18411],[6.1978,46.18339],[6.19905,46.18483],[6.19874,46.18525],[6.20016,46.18599],[6.20079,46.18662],[6.20162,46.18673],[6.20175,46.1879],[6.20272,46.18909],[6.2049,46.18988],[6.20456,46.19071],[6.20627,46.19204],[6.2089,46.19278],[6.21014,46.19283],[6.21127,46.19241],[6.21163,46.19298],[6.21306,46.19418],[6.21426,46.19399],[6.21442,46.19456],[6.21597,46.19501],[6.21643,46.19661],[6.21714,46.19729],[6.21733,46.19793],[6.21831,46.19811],[6.21831,46.19869],[6.21965,46.19849],[6.22104,46.19892],[6.22224,46.19897],[6.22156,46.20012],[6.22187,46.20062],[6.22382,46.20124],[6.22599,46.20228],[6.22668,46.20197],[6.22773,46.20249],[6.22782,46.20336],[6.22951,46.20346],[6.23033,46.2037],[6.23082,46.20434],[6.23262,46.20596],[6.23334,46.20592],[6.23401,46.20642],[6.23498,46.2063],[6.23657,46.20644],[6.2389,46.20517],[6.24074,46.20524],[6.24131,46.20474],[6.2426,46.20494],[6.24334,46.20478],[6.24515,46.20497],[6.24489,46.20682],[6.24614,46.20636],[6.24626,46.2059],[6.24772,46.20524],[6.24964,46.20523],[6.24919,46.20585],[6.25168,46.20723],[6.25408,46.20923],[6.2548,46.20922],[6.25591,46.21003],[6.25929,46.21096],[6.26119,46.21174],[6.26553,46.21313],[6.26668,46.21368],[6.26834,46.21346],[6.27042,46.21416],[6.27313,46.21475],[6.27523,46.21506],[6.27676,46.21544],[6.28143,46.21827],[6.28782,46.22175],[6.28957,46.22312],[6.29354,46.22463],[6.29468,46.22515],[6.29573,46.22604],[6.29857,46.22944],[6.30273,46.23518],[6.30492,46.23717],[6.30952,46.24284],[6.31028,46.24397],[6.31005,46.24511],[6.30931,46.24577],[6.30869,46.24749],[6.30943,46.2499],[6.30788,46.25078],[6.3057,46.25137],[6.30773,46.25346],[6.3078,46.2544],[6.30862,46.25551],[6.30976,46.25623],[6.30842,46.25655],[6.30647,46.25648],[6.30557,46.2559],[6.3046,46.25593],[6.30288,46.2549],[6.30173,46.25479],[6.30022,46.25535],[6.29645,46.25564],[6.29502,46.25617],[6.29491,46.25704],[6.29404,46.25795],[6.2944,46.25892],[6.29392,46.25953],[6.29476,46.26002],[6.29628,46.26176],[6.29603,46.26263],[6.2966,46.26328],[6.29635,46.26415],[6.29486,46.26459],[6.29257,46.26345],[6.29156,46.26274],[6.2914,46.26201],[6.2898,46.25996],[6.28658,46.25735],[6.28346,46.25597],[6.28525,46.25489],[6.28416,46.25422],[6.28077,46.25351],[6.27851,46.25246],[6.27919,46.25145],[6.27794,46.25134],[6.27454,46.25036],[6.2727,46.24939],[6.27105,46.24896],[6.2701,46.24849],[6.26858,46.24857],[6.26679,46.24769],[6.2658,46.24907],[6.26301,46.25091],[6.26037,46.25156],[6.26167,46.25456],[6.24985,46.2622],[6.24972,46.26263],[6.24287,46.27285],[6.2419,46.27313],[6.23926,46.27481],[6.23828,46.27576],[6.23802,46.27706],[6.23758,46.27755],[6.23827,46.27796],[6.23903,46.27947],[6.23885,46.28026],[6.23807,46.28081],[6.23837,46.28165],[6.23989,46.28208],[6.23974,46.28255],[6.24128,46.28366],[6.24174,46.28376],[6.24169,46.28495],[6.24296,46.28537],[6.24506,46.28517],[6.2465,46.28533],[6.2471,46.28619],[6.2491,46.2867],[6.24892,46.28765],[6.25019,46.28769],[6.25147,46.28807],[6.25199,46.28983],[6.25297,46.29043],[6.25184,46.29192],[6.25032,46.29205],[6.25125,46.29301],[6.25074,46.29359],[6.24934,46.29343],[6.24865,46.29412],[6.24853,46.29492],[6.25016,46.29642],[6.24841,46.29647],[6.24812,46.29705],[6.24895,46.2974],[6.24799,46.29801],[6.24933,46.29876],[6.24796,46.29999],[6.24697,46.30002],[6.24726,46.30069],[6.24831,46.30078],[6.24899,46.30166],[6.24812,46.30192],[6.24768,46.30267],[6.24617,46.30273],[6.24515,46.30314],[6.2447,46.30404],[6.24318,46.30338],[6.24152,46.30437],[6.21955,46.31188],[6.19874,46.28443],[6.17031,46.29477],[6.16719,46.29517],[6.15961,46.29772],[6.15338,46.29916],[6.15063,46.30098],[6.14956,46.30142],[6.14074,46.30474],[6.14078,46.30541],[6.13607,46.30803],[6.13469,46.30889],[6.13358,46.31013],[6.1337,46.31051],[6.12985,46.31285],[6.12975,46.31316],[6.12818,46.31434],[6.12879,46.3153],[6.12594,46.31621],[6.12666,46.31698],[6.12579,46.31747]]],[[[6.16857,46.3456],[6.16679,46.34309],[6.16846,46.34211],[6.1713,46.34073],[6.17241,46.34124],[6.17267,46.34199],[6.17216,46.3432],[6.17221,46.34431],[6.17352,46.34521],[6.17453,46.34692],[6.17664,46.34585],[6.1769,46.34539],[6.18077,46.34384],[6.18169,46.34368],[6.18443,46.34585],[6.18358,46.34624],[6.18168,46.34765],[6.18071,46.34812],[6.17556,46.35133],[6.17466,46.35032],[6.17466,46.34982],[6.17395,46.34895],[6.1718,46.34984],[6.16857,46.3456]]],[[[6.24143,46.34367],[6.21267,46.35316],[6.20987,46.35405],[6.20755,46.35499],[6.20503,46.35526],[6.20206,46.35476],[6.20047,46.35559],[6.19996,46.35562],[6.1997,46.35657],[6.19794,46.35862],[6.19861,46.35921],[6.19808,46.36028],[6.19608,46.36069],[6.19454,46.3608],[6.19217,46.36073],[6.18889,46.36034],[6.18693,46.36054],[6.18568,46.36173],[6.18408,46.36273],[6.18157,46.36385],[6.18025,46.36458],[6.17844,46.36376],[6.17647,46.36318],[6.17441,46.36238],[6.17402,46.36178],[6.17625,46.36005],[6.17393,46.35924],[6.1711,46.3584],[6.17203,46.35613],[6.17304,46.35465],[6.17555,46.3538],[6.18032,46.35277],[6.18332,46.35117],[6.18295,46.35073],[6.18627,46.34954],[6.18726,46.34957],[6.18881,46.35013],[6.18953,46.34953],[6.19162,46.34859],[6.19339,46.34886],[6.19489,46.34862],[6.19313,46.34372],[6.20358,46.33882],[6.20416,46.33966],[6.20595,46.33914],[6.23232,46.33044],[6.24143,46.34367]]]]},"properties":{"area_code":"GE","area_name":"Genève","area_unit_id":"ch-canton-2026-swissboundaries3d:GE","boundary_set_id":"ch-canton-2026-swissboundaries3d","boundary_level":"canton","land_area_sq_km":282.4872}},
{"type":"Feature","geometry":{"type":"Polygon","coordinates":[[[8.93538,46.91985],[8.93767,46.91611],[8.93862,46.91427],[8.93988,46.91225],[8.94235,46.90971],[8.94357,46.90616],[8.94575,46.90495],[8.94689,46.90269],[8.94859,46.90161],[8.95181,46.90162],[8.95224,46.90109],[8.95342,46.90069],[8.95282,46.89835],[8.95415,46.897],[8.95398,46.8965],[8.95459,46.89447],[8.95623,46.89037],[8.95619,46.88999],[8.95729,46.8879],[8.95678,46.88632],[8.95781,46.8795],[8.95592,46.87533],[8.95038,46.87318],[8.94853,46.87296],[8.94748,46.87232],[8.94588,46.87213],[8.94533,46.8714],[8.94434,46.87135],[8.94172,46.87089],[8.94064,46.86997],[8.93755,46.86813],[8.93591,46.86755],[8.93405,46.86606],[8.93338,46.86534],[8.93198,46.86551],[8.93086,46.865],[8.92878,46.86465],[8.92813,46.86433],[8.92668,46.86423],[8.92313,46.8633],[8.92064,46.8621],[8.91782,46.86048],[8.91658,46.86046],[8.91589,46.86017],[8.9137,46.86013],[8.91282,46.86037],[8.91128,46.8603],[8.90944,46.86098],[8.90759,46.86022],[8.90604,46.85867],[8.90374,46.85715],[8.90278,46.85612],[8.90149,46.85551],[8.90017,46.85448],[8.90035,46.85409],[8.89937,46.85316],[8.89919,46.85251],[8.89684,46.85097],[8.89574,46.85004],[8.89567,46.84957],[8.89311,46.84904],[8.89194,46.84851],[8.89108,46.84855],[8.88885,46.84825],[8.88622,46.84728],[8.88399,46.8462],[8.88326,46.84608],[8.88085,46.84518],[8.87961,46.84502],[8.87774,46.8441],[8.87585,46.84383],[8.87429,46.84318],[8.8735,46.84239],[8.87214,46.84171],[8.87299,46.84136],[8.87407,46.83964],[8.87367,46.83863],[8.8746,46.83675],[8.87437,46.8352],[8.8771,46.83348],[8.88164,46.82907],[8.88017,46.82008],[8.87625,46.81694],[8.87557,46.81596],[8.87705,46.81291],[8.88204,46.81374],[8.88397,46.81413],[8.88516,46.81387],[8.88605,46.81411],[8.88777,46.81419],[8.88847,46.81442],[8.89037,46.8141],[8.89182,46.81334],[8.89407,46.81379],[8.89701,46.81418],[8.89839,46.81423],[8.90033,46.81349],[8.9,46.81247],[8.90105,46.81175],[8.9025,46.81146],[8.9044,46.81085],[8.90618,46.81069],[8.90741,46.81025],[8.9084,46.81026],[8.91131,46.8111],[8.91261,46.81134],[8.91487,46.81115],[8.9146,46.80903],[8.91407,46.80861],[8.91466,46.80805],[8.91472,46.80678],[8.91507,46.80592],[8.91471,46.80499],[8.91446,46.80305],[8.91351,46.80219],[8.9134,46.8015],[8.91407,46.80061],[8.91534,46.79985],[8.91585,46.79916],[8.9181,46.79831],[8.92001,46.79812],[8.92365,46.79831],[8.92668,46.79777],[8.92808,46.79648],[8.92978,46.79733],[8.93075,46.79758],[8.93291,46.79776],[8.9348,46.79867],[8.93651,46.79885],[8.94018,46.79942],[8.94144,46.80066],[8.94305,46.80156],[8.9449,46.80229],[8.94644,46.80246],[8.94764,46.80234],[8.95073,46.8027],[8.95155,46.80362],[8.95332,46.80498],[8.95601,46.80485],[8.95775,46.80444],[8.96096,46.80552],[8.96384,46.80586],[8.96546,46.80645],[8.9689,46.80637],[8.97119,46.80695],[8.97412,46.80717],[8.97687,46.80764],[8.98071,46.8072],[8.98377,46.80807],[8.98572,46.80844],[8.98789,46.80831],[8.99098,46.80882],[8.99596,46.8103],[8.99889,46.81082],[9.00902,46.81118],[9.01998,46.81732],[9.0214,46.82174],[9.02543,46.82569],[9.02739,46.82993],[9.02936,46.83196],[9.03,46.83303],[9.03179,46.83424],[9.03412,46.83509],[9.03441,46.83534],[9.03373,46.83905],[9.0362,46.84274],[9.03689,46.84348],[9.03759,46.84511],[9.03878,46.84648],[9.03972,46.84726],[9.04257,46.84869],[9.04542,46.84964],[9.04608,46.85061],[9.04506,46.85343],[9.04479,46.85495],[9.04419,46.85551],[9.04456,46.8588],[9.04509,46.86002],[9.04517,46.86498],[9.04838,46.86704],[9.05006,46.8674],[9.05147,46.8675],[9.05254,46.86801],[9.05443,46.86829],[9.05538,46.86924],[9.05717,46.87012],[9.05803,46.87137],[9.06115,46.87382],[9.06472,46.8752],[9.06576,46.8748],[9.06689,46.87498],[9.06813,46.87471],[9.07187,46.87538],[9.07414,46.87509],[9.07517,46.87527],[9.07706,46.87507],[9.07901,46.87414],[9.08149,46.87357],[9.08408,46.87283],[9.08468,46.87225],[9.08733,46.87235],[9.08968,46.87175],[9.09088,46.87169],[9.09297,46.87105],[9.09494,46.87087],[9.09433,46.86925],[9.09468,46.86758],[9.09605,46.86685],[9.10108,46.86173],[9.10361,46.85969],[9.10391,46.85592],[9.10443,46.85355],[9.10487,46.85247],[9.10936,46.85082],[9.11133,46.85038],[9.11257,46.85064],[9.11282,46.8513],[9.11403,46.85224],[9.1171,46.85306],[9.11719,46.85333],[9.11956,46.8547],[9.12135,46.85501],[9.1224,46.85483],[9.12377,46.85535],[9.1254,46.85545],[9.12692,46.85659],[9.12754,46.85732],[9.12831,46.8588],[9.1308,46.85967],[9.13242,46.8596],[9.13377,46.85992],[9.13439,46.86042],[9.1361,46.86121],[9.13793,46.86172],[9.14056,46.86184],[9.14052,46.86352],[9.14156,46.86407],[9.14192,46.8657],[9.14303,46.86636],[9.14347,46.86701],[9.14428,46.8673],[9.14462,46.86843],[9.14452,46.86942],[9.1467,46.87122],[9.14751,46.87146],[9.14898,46.87232],[9.15047,46.8725],[9.15227,46.87216],[9.15467,46.873],[9.15567,46.87361],[9.15681,46.87393],[9.15301,46.87983],[9.15472,46.87946],[9.15617,46.87939],[9.15763,46.87967],[9.16124,46.87935],[9.17746,46.87911],[9.182,46.8786],[9.18626,46.87751],[9.18824,46.87643],[9.18875,46.87746],[9.18937,46.87763],[9.1915,46.87873],[9.19329,46.87909],[9.19529,46.87968],[9.19567,46.88006],[9.19787,46.88061],[9.19873,46.88044],[9.19992,46.88065],[9.20123,46.88193],[9.2028,46.8831],[9.20413,46.88309],[9.20589,46.88603],[9.20611,46.88675],[9.20706,46.88739],[9.20913,46.8882],[9.2111,46.8893],[9.21304,46.89195],[9.21409,46.89173],[9.21481,46.89234],[9.21466,46.89291],[9.21633,46.89408],[9.21797,46.89477],[9.21799,46.89514],[9.21911,46.89622],[9.21936,46.89679],[9.2213,46.89814],[9.22235,46.89957],[9.22457,46.90154],[9.22453,46.90193],[9.22523,46.90352],[9.22629,46.90456],[9.2266,46.9056],[9.22852,46.90621],[9.22994,46.9064],[9.2332,46.90754],[9.23456,46.90829],[9.23649,46.90847],[9.23969,46.9079],[9.24092,46.90906],[9.24165,46.91099],[9.24369,46.91256],[9.24485,46.91449],[9.24747,46.91533],[9.2489,46.91627],[9.24883,46.9168],[9.24949,46.91895],[9.2499,46.91971],[9.25138,46.9216],[9.25149,46.92295],[9.25023,46.92417],[9.25169,46.9256],[9.25259,46.92703],[9.25251,46.92791],[9.25194,46.92811],[9.25147,46.92973],[9.25134,46.93166],[9.25091,46.93192],[9.25026,46.93463],[9.24882,46.93565],[9.24766,46.9362],[9.24606,46.93668],[9.24517,46.93716],[9.24127,46.93843],[9.23914,46.93938],[9.23933,46.94055],[9.23788,46.9431],[9.2377,46.94383],[9.23631,46.94485],[9.23641,46.94615],[9.23707,46.94745],[9.23711,46.94853],[9.23669,46.94923],[9.237,46.95067],[9.23691,46.95219],[9.23656,46.95283],[9.23676,46.95456],[9.23755,46.95494],[9.24338,46.95604],[9.24471,46.95646],[9.2458,46.95819],[9.24608,46.95899],[9.24587,46.95976],[9.24458,46.96149],[9.24274,46.96579],[9.24328,46.96741],[9.2435,46.96872],[9.24389,46.9692],[9.24405,46.97117],[9.24507,46.97168],[9.24516,46.9732],[9.24602,46.97401],[9.24678,46.97544],[9.24639,46.97779],[9.2464,46.9789],[9.24533,46.97944],[9.24394,46.98087],[9.24364,46.98237],[9.24491,46.98363],[9.24521,46.98504],[9.24571,46.98548],[9.24658,46.98703],[9.2466,46.98772],[9.24574,46.98858],[9.2459,46.98965],[9.24575,46.99069],[9.24527,46.99099],[9.24556,46.9922],[9.24687,46.99339],[9.24754,46.99464],[9.24988,46.99521],[9.24951,46.99602],[9.24968,46.99796],[9.2486,46.99933],[9.24822,47.0002],[9.24726,47.00098],[9.24597,47.00294],[9.24492,47.00354],[9.24457,47.00493],[9.24335,47.00596],[9.24292,47.00795],[9.24234,47.00875],[9.24221,47.01012],[9.24241,47.01133],[9.24227,47.01275],[9.24278,47.01432],[9.24262,47.01532],[9.24107,47.01778],[9.24047,47.01782],[9.23981,47.01899],[9.23901,47.01957],[9.23883,47.02038],[9.23665,47.02179],[9.23636,47.02398],[9.23445,47.0242],[9.23267,47.02501],[9.23005,47.02582],[9.22853,47.02688],[9.22825,47.02827],[9.22763,47.02875],[9.22539,47.02977],[9.22409,47.03107],[9.22258,47.03176],[9.22194,47.03258],[9.22122,47.03258],[9.22002,47.03311],[9.21891,47.03293],[9.21782,47.03314],[9.21609,47.03282],[9.21529,47.03289],[9.21286,47.03356],[9.21261,47.03418],[9.21148,47.03482],[9.2101,47.03499],[9.20898,47.03573],[9.20671,47.0356],[9.20443,47.03467],[9.20166,47.03512],[9.19685,47.03321],[9.19524,47.03287],[9.19479,47.03218],[9.19186,47.03116],[9.1883,47.02907],[9.18704,47.0288],[9.18509,47.02769],[9.18359,47.02701],[9.18053,47.02592],[9.17858,47.02628],[9.17736,47.02685],[9.17681,47.02752],[9.17522,47.02881],[9.17407,47.02853],[9.17222,47.02755],[9.1696,47.02663],[9.1683,47.02657],[9.16722,47.02685],[9.16567,47.02688],[9.16451,47.02739],[9.16419,47.02813],[9.1615,47.02916],[9.16029,47.02991],[9.15902,47.03007],[9.15795,47.03062],[9.15685,47.02999],[9.1563,47.03018],[9.14861,47.0339],[9.13807,47.03913],[9.14938,47.04486],[9.14998,47.04563],[9.15145,47.04638],[9.15277,47.04667],[9.15336,47.04727],[9.15597,47.04786],[9.15867,47.04819],[9.15969,47.04906],[9.16093,47.04932],[9.16551,47.04992],[9.1674,47.0494],[9.16876,47.04988],[9.1695,47.05051],[9.16959,47.05119],[9.17134,47.05257],[9.17348,47.05257],[9.17454,47.05292],[9.17659,47.05471],[9.17918,47.05635],[9.18034,47.05744],[9.1822,47.0582],[9.18224,47.0588],[9.18349,47.05936],[9.18421,47.06051],[9.18425,47.0612],[9.18507,47.06232],[9.18465,47.06262],[9.18526,47.06423],[9.18715,47.06542],[9.1903,47.06989],[9.19094,47.07218],[9.19179,47.07258],[9.19169,47.07331],[9.19063,47.07394],[9.19083,47.07756],[9.18923,47.08306],[9.18891,47.08436],[9.18883,47.08578],[9.18965,47.08762],[9.18959,47.08834],[9.19022,47.09006],[9.19123,47.09096],[9.18944,47.09088],[9.18865,47.09268],[9.18767,47.09412],[9.18721,47.09601],[9.1863,47.09754],[9.18644,47.09825],[9.18626,47.10006],[9.18682,47.10071],[9.18692,47.10228],[9.1879,47.10286],[9.18862,47.10394],[9.18894,47.10609],[9.18831,47.10694],[9.18834,47.10756],[9.1899,47.10957],[9.19004,47.11027],[9.18896,47.11188],[9.18924,47.11207],[9.1888,47.11579],[9.18988,47.1237],[9.1477,47.12892],[9.13592,47.13198],[9.11543,47.13275],[9.11293,47.13224],[9.11037,47.13155],[9.10864,47.13131],[9.10722,47.13139],[9.10459,47.13205],[9.10203,47.13313],[9.10121,47.13325],[9.09998,47.13278],[9.09394,47.13175],[9.09274,47.13171],[9.08306,47.13094],[9.06929,47.1298],[9.06845,47.12988],[9.06654,47.1307],[9.06564,47.13141],[9.06418,47.13301],[9.05876,47.13629],[9.05475,47.13858],[9.05066,47.14159],[9.02871,47.15739],[9.0056,47.17399],[9.00472,47.17326],[8.99318,47.16368],[8.99163,47.16216],[8.98921,47.15949],[8.9753,47.14391],[8.97443,47.14318],[8.97478,47.14223],[8.97379,47.14037],[8.97274,47.13963],[8.97178,47.13859],[8.97063,47.13824],[8.96739,47.13663],[8.96841,47.13577],[8.96938,47.1345],[8.96815,47.1335],[8.96859,47.13145],[8.9693,47.1305],[8.96841,47.12966],[8.96789,47.12825],[8.96766,47.12655],[8.96648,47.12521],[8.9658,47.12391],[8.9659,47.12337],[8.96518,47.12205],[8.9653,47.12148],[8.96714,47.11918],[8.96779,47.11913],[8.97008,47.11824],[8.9719,47.11811],[8.97295,47.11684],[8.97369,47.1151],[8.9731,47.11376],[8.97186,47.11279],[8.97098,47.11243],[8.97112,47.11004],[8.97026,47.1092],[8.96925,47.10868],[8.9703,47.10698],[8.97128,47.10464],[8.97064,47.10377],[8.96929,47.10349],[8.9674,47.10271],[8.96424,47.10199],[8.96337,47.10102],[8.96285,47.10106],[8.9603,47.10026],[8.9597,47.10021],[8.95891,47.09935],[8.95811,47.09789],[8.95723,47.09763],[8.95717,47.09665],[8.95678,47.09581],[8.95579,47.09529],[8.95514,47.09448],[8.95415,47.09426],[8.95388,47.09148],[8.95461,47.09063],[8.95657,47.09068],[8.95728,47.08984],[8.9608,47.08954],[8.96248,47.08904],[8.96453,47.08823],[8.96546,47.08812],[8.96709,47.08748],[8.9686,47.08713],[8.97137,47.08705],[8.97336,47.08684],[8.97414,47.08622],[8.9752,47.08633],[8.97599,47.08571],[8.97498,47.08511],[8.97333,47.08456],[8.96964,47.08261],[8.96804,47.0815],[8.96643,47.08141],[8.96629,47.08084],[8.96676,47.07981],[8.96527,47.0786],[8.9651,47.07818],[8.9622,47.07649],[8.96083,47.07625],[8.96211,47.07473],[8.9618,47.07442],[8.96197,47.07319],[8.96157,47.0725],[8.96177,47.07137],[8.96112,47.07063],[8.95996,47.07073],[8.95906,47.06988],[8.95875,47.06886],[8.95799,47.06764],[8.95618,47.06583],[8.95425,47.06505],[8.95253,47.06226],[8.95252,47.06141],[8.95098,47.06064],[8.95025,47.05804],[8.94963,47.05764],[8.94914,47.05652],[8.9496,47.05611],[8.94969,47.05501],[8.9488,47.05366],[8.94895,47.05191],[8.94846,47.0509],[8.94807,47.04936],[8.94719,47.04896],[8.94547,47.04912],[8.94424,47.0484],[8.94205,47.04774],[8.94092,47.04762],[8.9386,47.04567],[8.93841,47.04483],[8.93692,47.04366],[8.93472,47.0431],[8.93337,47.04255],[8.93055,47.04208],[8.92761,47.04088],[8.9265,47.04057],[8.92445,47.0397],[8.92348,47.03881],[8.92201,47.03829],[8.9181,47.03792],[8.91729,47.0383],[8.91535,47.03852],[8.91463,47.03992],[8.91205,47.0393],[8.9094,47.03969],[8.90772,47.03927],[8.90612,47.0384],[8.904,47.0387],[8.90204,47.038],[8.90089,47.03713],[8.90054,47.0353],[8.90081,47.03408],[8.90127,47.0334],[8.90123,47.03248],[8.90083,47.03202],[8.90231,47.03058],[8.9033,47.02936],[8.9031,47.0288],[8.90362,47.02726],[8.90074,47.02615],[8.89791,47.02588],[8.89537,47.02534],[8.89526,47.02397],[8.89299,47.02364],[8.8931,47.02307],[8.89495,47.0209],[8.89665,47.0211],[8.89727,47.02064],[8.89814,47.02062],[8.90001,47.02103],[8.90132,47.02052],[8.9054,47.01868],[8.90774,47.01785],[8.90942,47.01747],[8.91048,47.01704],[8.91113,47.0157],[8.91117,47.01499],[8.91069,47.01431],[8.91158,47.00983],[8.91267,47.00852],[8.91544,47.00752],[8.91707,47.00543],[8.91688,47.00436],[8.91706,47.00343],[8.91922,47.00129],[8.92024,47.00077],[8.92096,47.00003],[8.92149,47.00138],[8.92285,47.00092],[8.92369,47.00016],[8.92583,46.99878],[8.9276,46.99803],[8.92928,46.99678],[8.93025,46.99556],[8.93047,46.99464],[8.93136,46.99358],[8.93202,46.99221],[8.93225,46.99108],[8.93371,46.99037],[8.93388,46.98951],[8.93529,46.98868],[8.9361,46.98901],[8.93639,46.98796],[8.93785,46.98642],[8.93857,46.9874],[8.9415,46.98759],[8.94144,46.98556],[8.94092,46.98471],[8.93902,46.98397],[8.93225,46.9823],[8.93533,46.97903],[8.9457,46.96716],[8.94763,46.96817],[8.94875,46.96911],[8.94957,46.96856],[8.94908,46.96822],[8.94993,46.96767],[8.94998,46.96702],[8.95104,46.96685],[8.9518,46.96614],[8.95299,46.96582],[8.95373,46.96481],[8.95389,46.96412],[8.95706,46.96234],[8.95868,46.96214],[8.96066,46.96142],[8.96153,46.96152],[8.9632,46.96093],[8.96543,46.96095],[8.96633,46.96036],[8.96869,46.95968],[8.96951,46.95987],[8.97053,46.95956],[8.97164,46.95986],[8.97112,46.95848],[8.9691,46.95788],[8.9682,46.95731],[8.96734,46.95761],[8.96627,46.95641],[8.96486,46.95602],[8.96435,46.95513],[8.96237,46.95381],[8.96189,46.95197],[8.96194,46.95021],[8.96127,46.94726],[8.95986,46.94684],[8.95997,46.94632],[8.95949,46.94548],[8.95811,46.94414],[8.95738,46.94291],[8.95763,46.9426],[8.95656,46.94076],[8.95669,46.94027],[8.95533,46.93892],[8.956,46.93757],[8.95598,46.93682],[8.95773,46.93582],[8.95842,46.93452],[8.95678,46.93458],[8.95734,46.93368],[8.95993,46.93121],[8.96107,46.93166],[8.96268,46.931],[8.964,46.92902],[8.96413,46.92829],[8.96319,46.92672],[8.96184,46.9263],[8.96103,46.92649],[8.95787,46.92588],[8.95731,46.92554],[8.9558,46.92605],[8.95431,46.92594],[8.95321,46.92516],[8.95151,46.92501],[8.9505,46.92541],[8.9482,46.92538],[8.94764,46.92408],[8.94579,46.92367],[8.94433,46.92306],[8.94324,46.92214],[8.94189,46.92212],[8.94033,46.92238],[8.93903,46.92176],[8.93884,46.92118],[8.93791,46.92117],[8.93765,46.92034],[8.93605,46.92029],[8.93538,46.91985]]]},"properties":{"area_code":"GL","area_name":"Glarus","area_unit_id":"ch-canton-2026-swissboundaries3d:GL","boundary_set_id":"ch-canton-2026-swissboundaries3d","boundary_level":"canton","land_area_sq_km":685.3143}},
{"type":"Feature","geometry":{"type":"Polygon","coordinates":[[[8.67875,46.57919],[8.68042,46.57839],[8.68203,46.57855],[8.68339,46.57989],[8.68564,46.58045],[8.6873,46.58032],[8.68864,46.58053],[8.69057,46.5804],[8.6912,46.57995],[8.69257,46.57967],[8.69518,46.58053],[8.69604,46.58058],[8.69666,46.58107],[8.6984,46.58105],[8.69868,46.57976],[8.69925,46.57945],[8.70167,46.57911],[8.70295,46.57874],[8.70477,46.57713],[8.70515,46.57552],[8.7053,46.5738],[8.70965,46.57338],[8.71178,46.57219],[8.71538,46.57124],[8.71751,46.57111],[8.71944,46.57182],[8.72104,46.57269],[8.72222,46.57312],[8.72418,46.57487],[8.72642,46.57567],[8.72792,46.57682],[8.72913,46.57588],[8.73159,46.5753],[8.73245,46.5749],[8.73402,46.57454],[8.73567,46.57386],[8.73711,46.57352],[8.73799,46.57259],[8.73921,46.57216],[8.74078,46.57234],[8.74368,46.57221],[8.74446,46.57243],[8.74756,46.5747],[8.74933,46.57531],[8.75059,46.57605],[8.75225,46.57592],[8.7528,46.57527],[8.75516,46.57417],[8.75916,46.57345],[8.76196,46.57426],[8.80074,46.56328],[8.82968,46.57137],[8.82954,46.56918],[8.82971,46.56772],[8.83042,46.56644],[8.83032,46.56587],[8.83076,46.56474],[8.83175,46.56393],[8.83339,46.56342],[8.83413,46.5636],[8.83847,46.56316],[8.84133,46.56337],[8.84323,46.56336],[8.8449,46.56411],[8.84942,46.56659],[8.85086,46.56776],[8.85278,46.56862],[8.85398,46.56955],[8.85568,46.57024],[8.85748,46.56993],[8.85869,46.57018],[8.86078,46.57096],[8.86166,46.57113],[8.8625,46.57173],[8.86295,46.57305],[8.8648,46.57297],[8.86747,46.57321],[8.86831,46.57347],[8.86991,46.57355],[8.87257,46.57414],[8.87474,46.57417],[8.87695,46.57467],[8.87806,46.57588],[8.87896,46.57653],[8.87944,46.57762],[8.8893,46.57916],[8.89394,46.58196],[8.89987,46.58308],[8.90368,46.5841],[8.90509,46.5849],[8.90679,46.58615],[8.90738,46.58634],[8.91041,46.58837],[8.91125,46.58871],[8.91257,46.58966],[8.91381,46.5912],[8.91624,46.59284],[8.9152,46.59467],[8.91537,46.59583],[8.91637,46.59608],[8.91676,46.59687],[8.91643,46.59792],[8.9156,46.59861],[8.91512,46.59941],[8.9129,46.60036],[8.91258,46.60097],[8.90977,46.60306],[8.90912,46.60423],[8.90741,46.60591],[8.90713,46.6075],[8.90591,46.60939],[8.90611,46.60998],[8.90561,46.61045],[8.90576,46.61225],[8.90642,46.61342],[8.90693,46.61526],[8.90776,46.61602],[8.90979,46.61635],[8.91061,46.61674],[8.91094,46.61792],[8.91169,46.61879],[8.91328,46.61916],[8.91588,46.61956],[8.91741,46.61952],[8.91863,46.61981],[8.92022,46.62078],[8.92082,46.62193],[8.92139,46.6224],[8.92302,46.62304],[8.92461,46.62315],[8.92582,46.6216],[8.92693,46.62129],[8.92876,46.62127],[8.92968,46.62147],[8.93314,46.62093],[8.93498,46.62039],[8.93565,46.61997],[8.93849,46.61923],[8.9388,46.61897],[8.94146,46.61849],[8.94351,46.61963],[8.94445,46.62055],[8.94534,46.62068],[8.94635,46.62142],[8.94705,46.6223],[8.94869,46.6233],[8.95038,46.62397],[8.95118,46.62528],[8.95125,46.62623],[8.95096,46.6271],[8.95152,46.62817],[8.95087,46.62862],[8.95086,46.62992],[8.95243,46.63229],[8.95533,46.63162],[8.9555,46.63128],[8.95702,46.63065],[8.95783,46.62987],[8.963,46.61814],[8.9597,46.6107],[8.96221,46.60264],[8.96323,46.60289],[8.96422,46.60351],[8.96668,46.60372],[8.96981,46.60324],[8.97112,46.60292],[8.97206,46.60241],[8.9731,46.60266],[8.98375,46.60881],[8.99535,46.61173],[9.00421,46.61133],[9.00625,46.61095],[9.00698,46.61062],[9.00759,46.60972],[9.00906,46.60929],[9.0097,46.60871],[9.01171,46.60796],[9.01138,46.60765],[9.01448,46.6053],[9.01488,46.60451],[9.01623,46.60321],[9.0208,46.60325],[9.02293,46.60183],[9.02406,46.60188],[9.02525,46.60148],[9.0272,46.59942],[9.02927,46.59932],[9.03274,46.59998],[9.0341,46.60002],[9.03411,46.59895],[9.03381,46.59806],[9.03416,46.5938],[9.03478,46.59255],[9.03536,46.59197],[9.03661,46.59151],[9.03754,46.59143],[9.04108,46.59016],[9.04281,46.5888],[9.04376,46.58725],[9.0435,46.58644],[9.04223,46.58536],[9.04245,46.58446],[9.04389,46.58337],[9.04242,46.58353],[9.04003,46.5832],[9.03806,46.58256],[9.03733,46.58203],[9.0363,46.58041],[9.03608,46.57922],[9.03552,46.57865],[9.03524,46.57725],[9.03565,46.5759],[9.03514,46.57493],[9.03367,46.57449],[9.03201,46.57305],[9.03151,46.57237],[9.02991,46.57134],[9.02982,46.57047],[9.02907,46.56977],[9.02909,46.56929],[9.02833,46.56752],[9.0267,46.56598],[9.02648,46.56439],[9.027,46.56354],[9.02669,46.56181],[9.02515,46.55962],[9.02405,46.55909],[9.02324,46.55808],[9.02444,46.55708],[9.02398,46.5564],[9.02463,46.55601],[9.02465,46.55534],[9.02417,46.55463],[9.02323,46.55394],[9.02283,46.55223],[9.02096,46.5501],[9.02097,46.54963],[9.01935,46.5478],[9.01949,46.54644],[9.0207,46.54461],[9.02153,46.54145],[9.02123,46.53963],[9.02193,46.53845],[9.02276,46.53767],[9.02217,46.536],[9.02145,46.53491],[9.02157,46.53387],[9.01984,46.53342],[9.01664,46.53204],[9.01719,46.52904],[9.01994,46.52859],[9.02092,46.52707],[9.02034,46.52541],[9.02077,46.52475],[9.02066,46.52353],[9.0222,46.52144],[9.02316,46.51908],[9.02214,46.51789],[9.02267,46.51515],[9.02212,46.51433],[9.02201,46.51253],[9.02275,46.51121],[9.02308,46.50969],[9.02417,46.50791],[9.0256,46.50697],[9.02642,46.50589],[9.02748,46.50541],[9.0283,46.50464],[9.0284,46.50359],[9.02919,46.50319],[9.0317,46.50254],[9.03469,46.50079],[9.03571,46.49953],[9.03715,46.49824],[9.03792,46.49626],[9.03888,46.49478],[9.04016,46.49395],[9.04014,46.49317],[9.03897,46.49157],[9.03928,46.49068],[9.04025,46.48956],[9.04194,46.48891],[9.0453,46.48797],[9.04638,46.48664],[9.04751,46.48482],[9.04788,46.48364],[9.04698,46.48247],[9.04562,46.48145],[9.04646,46.48067],[9.04833,46.47983],[9.05104,46.47932],[9.052,46.47868],[9.05255,46.47783],[9.05377,46.47688],[9.05918,46.47658],[9.06055,46.4763],[9.06524,46.4783],[9.06659,46.47834],[9.0682,46.47891],[9.06944,46.47913],[9.07213,46.47998],[9.07356,46.48027],[9.07679,46.47879],[9.07751,46.47832],[9.07993,46.47778],[9.08051,46.47747],[9.08259,46.47704],[9.08543,46.4754],[9.08577,46.47406],[9.08565,46.47246],[9.08506,46.47095],[9.08738,46.46878],[9.08984,46.46712],[9.09174,46.46508],[9.09206,46.46453],[9.09358,46.46324],[9.09355,46.46292],[9.09508,46.46038],[9.09425,46.45885],[9.09403,46.45716],[9.09206,46.45326],[9.09164,46.45117],[9.09172,46.44876],[9.08991,46.44702],[9.08873,46.44543],[9.08757,46.4445],[9.08702,46.44369],[9.08784,46.4423],[9.08849,46.43964],[9.08898,46.43886],[9.08958,46.43693],[9.08839,46.43661],[9.0891,46.43529],[9.08902,46.43215],[9.09085,46.43089],[9.09133,46.42997],[9.09206,46.42957],[9.09291,46.42838],[9.09271,46.42791],[9.09541,46.42532],[9.09626,46.42332],[9.09712,46.42207],[9.09676,46.42157],[9.09752,46.42108],[9.09841,46.41976],[9.09923,46.41924],[9.10092,46.41754],[9.10225,46.4147],[9.1023,46.41407],[9.10292,46.41355],[9.1031,46.41166],[9.10226,46.41076],[9.10013,46.41],[9.09913,46.40995],[9.09749,46.4089],[9.09339,46.4075],[9.09223,46.40763],[9.09079,46.40687],[9.08995,46.40514],[9.09153,46.4037],[9.09184,46.40282],[9.09301,46.40226],[9.0939,46.40211],[9.0956,46.40065],[9.09622,46.39987],[9.09587,46.39877],[9.09382,46.39785],[9.09271,46.39671],[9.09139,46.39587],[9.09074,46.39437],[9.08936,46.39269],[9.08883,46.39148],[9.08853,46.39016],[9.08726,46.38883],[9.08937,46.38711],[9.08996,46.38637],[9.0899,46.38535],[9.09147,46.3836],[9.09153,46.38282],[9.0922,46.38156],[9.09213,46.38095],[9.09314,46.37971],[9.09297,46.37769],[9.09307,46.377],[9.09418,46.37623],[9.09535,46.37453],[9.09563,46.373],[9.09404,46.37206],[9.09296,46.37083],[9.0932,46.36963],[9.09267,46.36763],[9.09311,46.36663],[9.09356,46.36485],[9.09445,46.36407],[9.09374,46.36272],[9.09336,46.36001],[9.09278,46.3587],[9.09263,46.35751],[9.09161,46.35547],[9.0904,46.3548],[9.08899,46.35334],[9.0885,46.35251],[9.08856,46.35163],[9.08824,46.35095],[9.08827,46.3492],[9.08472,46.34866],[9.08193,46.34902],[9.08017,46.34744],[9.07909,46.34708],[9.07637,46.34672],[9.07476,46.34565],[9.07448,46.34522],[9.07326,46.34468],[9.07223,46.34381],[9.07081,46.34352],[9.06932,46.34356],[9.06894,46.34231],[9.06958,46.34118],[9.06879,46.34007],[9.06784,46.33792],[9.06645,46.33636],[9.06758,46.33422],[9.06917,46.33311],[9.06961,46.33249],[9.06798,46.33129],[9.06681,46.32991],[9.06445,46.32787],[9.06439,46.32522],[9.06576,46.32404],[9.06736,46.32373],[9.0687,46.32201],[9.0704,46.32083],[9.07215,46.31926],[9.07386,46.31721],[9.07402,46.31622],[9.07511,46.3146],[9.07469,46.31283],[9.07306,46.31092],[9.07222,46.30932],[9.07218,46.30856],[9.07085,46.30781],[9.06834,46.3074],[9.06593,46.30374],[9.06477,46.3032],[9.06422,46.30211],[9.06347,46.30167],[9.06284,46.30011],[9.06196,46.29943],[9.06117,46.29822],[9.06002,46.29705],[9.0581,46.29649],[9.05563,46.29603],[9.0546,46.29496],[9.05403,46.29481],[9.05454,46.29386],[9.05387,46.29378],[9.05371,46.29304],[9.05448,46.29039],[9.05554,46.28907],[9.05559,46.28775],[9.05722,46.28411],[9.05767,46.28224],[9.05813,46.2813],[9.05896,46.28031],[9.06056,46.27894],[9.06223,46.27771],[9.06321,46.27383],[9.06365,46.27305],[9.06587,46.27142],[9.06804,46.27058],[9.07077,46.26862],[9.07222,46.26771],[9.07279,46.26636],[9.07386,46.26522],[9.07456,46.26403],[9.07777,46.2603],[9.07722,46.25866],[9.07603,46.23787],[9.07426,46.2371],[9.07141,46.23606],[9.07135,46.23524],[9.07286,46.23392],[9.07317,46.23328],[9.07457,46.23172],[9.07682,46.23303],[9.07961,46.23328],[9.08285,46.2253],[9.08347,46.22431],[9.08302,46.22272],[9.08395,46.21985],[9.08466,46.21948],[9.08479,46.21822],[9.08566,46.21698],[9.08635,46.2152],[9.08689,46.21428],[9.08906,46.21237],[9.09246,46.21121],[9.10521,46.20671],[9.10834,46.20565],[9.10894,46.20574],[9.11123,46.20498],[9.11316,46.20347],[9.11623,46.20215],[9.11755,46.20109],[9.11901,46.20038],[9.11983,46.19971],[9.12074,46.19838],[9.12103,46.19748],[9.12264,46.19604],[9.12285,46.19558],[9.12505,46.19503],[9.12606,46.19397],[9.12646,46.1931],[9.12826,46.19142],[9.12885,46.19032],[9.12971,46.18979],[9.12974,46.18934],[9.13109,46.18839],[9.1314,46.18685],[9.13117,46.18629],[9.1313,46.1848],[9.13191,46.18376],[9.13369,46.18252],[9.13555,46.18037],[9.13832,46.17927],[9.13935,46.17865],[9.14186,46.17793],[9.1466,46.1744],[9.14739,46.17365],[9.14958,46.1724],[9.14985,46.17208],[9.1534,46.17018],[9.15644,46.16982],[9.15822,46.16991],[9.15938,46.1696],[9.16178,46.17054],[9.16465,46.17119],[9.16735,46.17108],[9.16995,46.17185],[9.17115,46.17162],[9.17269,46.17097],[9.1744,46.17114],[9.17488,46.17084],[9.17702,46.17089],[9.17872,46.17015],[9.17987,46.16932],[9.18084,46.16915],[9.18191,46.16936],[9.18341,46.1702],[9.18436,46.17104],[9.18442,46.17184],[9.1854,46.17299],[9.18702,46.17453],[9.18846,46.17555],[9.19077,46.17663],[9.19138,46.17762],[9.19408,46.1785],[9.19465,46.1792],[9.19466,46.18038],[9.19534,46.1816],[9.19539,46.18234],[9.19477,46.18395],[9.19619,46.18499],[9.19711,46.18618],[9.19796,46.18677],[9.19743,46.18764],[9.19559,46.18891],[9.19526,46.19175],[9.19479,46.19242],[9.19509,46.19355],[9.19619,46.19403],[9.19647,46.19509],[9.19712,46.19526],[9.19773,46.19615],[9.19725,46.19755],[9.19761,46.19803],[9.19765,46.19926],[9.19835,46.19999],[9.19844,46.20062],[9.19961,46.20135],[9.19999,46.20272],[9.20089,46.20397],[9.20088,46.20497],[9.20138,46.20607],[9.20125,46.20662],[9.20202,46.20751],[9.2022,46.20841],[9.20322,46.20865],[9.20684,46.21042],[9.20819,46.21006],[9.21037,46.21038],[9.21135,46.21075],[9.214,46.21087],[9.21491,46.21132],[9.2154,46.21199],[9.21678,46.21297],[9.21755,46.2139],[9.2189,46.21443],[9.21838,46.21655],[9.21981,46.21948],[9.21991,46.22057],[9.2204,46.22152],[9.22165,46.22251],[9.22212,46.22332],[9.22293,46.22396],[9.22205,46.22481],[9.2213,46.22633],[9.22062,46.22855],[9.22152,46.22909],[9.22344,46.22963],[9.22487,46.2296],[9.22543,46.23005],[9.23054,46.23177],[9.2316,46.23271],[9.23234,46.23246],[9.23529,46.2334],[9.23734,46.23339],[9.23923,46.23238],[9.24093,46.23229],[9.24231,46.23265],[9.24282,46.23236],[9.24628,46.23219],[9.24685,46.23236],[9.24705,46.23321],[9.24842,46.23377],[9.24856,46.23505],[9.24835,46.23621],[9.24873,46.2377],[9.24932,46.23834],[9.2497,46.2394],[9.24937,46.24037],[9.24936,46.24174],[9.24896,46.24318],[9.24964,46.24424],[9.24943,46.24576],[9.24835,46.24677],[9.24839,46.24772],[9.24941,46.24882],[9.25037,46.24911],[9.25052,46.25009],[9.25138,46.25101],[9.25111,46.2522],[9.25007,46.25316],[9.24989,46.25403],[9.24941,46.25419],[9.24935,46.25531],[9.249,46.25588],[9.24974,46.2565],[9.25019,46.25772],[9.25132,46.25888],[9.25147,46.25975],[9.2525,46.26053],[9.25257,46.2613],[9.2531,46.26198],[9.25173,46.26641],[9.25195,46.26719],[9.25273,46.26731],[9.25382,46.26807],[9.25393,46.26867],[9.25569,46.26886],[9.25698,46.26937],[9.25736,46.27034],[9.25928,46.27295],[9.25889,46.27443],[9.25934,46.27491],[9.25957,46.27592],[9.25936,46.27744],[9.25882,46.27848],[9.26137,46.27967],[9.26314,46.27998],[9.2651,46.28127],[9.26831,46.28217],[9.2692,46.28376],[9.26944,46.2849],[9.27003,46.28595],[9.27168,46.28754],[9.27183,46.28927],[9.27509,46.29186],[9.27715,46.29287],[9.27868,46.29386],[9.28012,46.29506],[9.28164,46.29586],[9.28488,46.29705],[9.28453,46.29777],[9.28451,46.29875],[9.28498,46.29982],[9.28457,46.30037],[9.28384,46.30255],[9.284,46.30379],[9.28351,46.30474],[9.2836,46.30585],[9.28273,46.30769],[9.28172,46.30886],[9.28157,46.30936],[9.28258,46.31035],[9.28298,46.31117],[9.28397,46.31216],[9.28482,46.31357],[9.28506,46.31443],[9.28752,46.31491],[9.2896,46.31545],[9.29066,46.31556],[9.2928,46.31613],[9.29431,46.31698],[9.29509,46.31775],[9.29508,46.31988],[9.29544,46.32071],[9.29519,46.32147],[9.29606,46.32237],[9.29531,46.32325],[9.29682,46.32402],[9.29775,46.32484],[9.29888,46.32638],[9.29936,46.32754],[9.29663,46.3284],[9.29616,46.3288],[9.29451,46.33089],[9.29405,46.33098],[9.2932,46.33308],[9.29319,46.33389],[9.29234,46.33448],[9.29256,46.33483],[9.29212,46.3362],[9.29244,46.33646],[9.29273,46.33793],[9.29473,46.33956],[9.29652,46.34046],[9.2973,46.34129],[9.29873,46.34175],[9.29921,46.34297],[9.29979,46.34347],[9.29967,46.34415],[9.29837,46.34545],[9.29843,46.34652],[9.29752,46.34834],[9.29654,46.34886],[9.29624,46.34955],[9.29722,46.3504],[9.29776,46.35187],[9.29771,46.35252],[9.29657,46.35402],[9.29612,46.355],[9.29529,46.35558],[9.29339,46.35573],[9.29203,46.35604],[9.29134,46.35653],[9.29001,46.35669],[9.28901,46.35647],[9.28663,46.35743],[9.28578,46.35729],[9.28258,46.35805],[9.28137,46.35961],[9.28002,46.36348],[9.27955,46.36459],[9.27858,46.36591],[9.27838,46.36693],[9.27669,46.36735],[9.27607,46.36777],[9.27707,46.36884],[9.2769,46.3701],[9.27719,46.37122],[9.27699,46.37211],[9.27515,46.37359],[9.27638,46.37402],[9.27772,46.37497],[9.27799,46.37632],[9.27848,46.37721],[9.27848,46.37941],[9.27969,46.37927],[9.28042,46.37971],[9.2809,46.38151],[9.28214,46.38222],[9.28398,46.38399],[9.28438,46.38575],[9.28393,46.38638],[9.28187,46.38697],[9.28008,46.38788],[9.27839,46.38953],[9.27764,46.39095],[9.27772,46.39195],[9.27659,46.39318],[9.27639,46.39425],[9.27584,46.39489],[9.27729,46.3962],[9.27716,46.39643],[9.27933,46.39781],[9.28025,46.39855],[9.28114,46.39981],[9.28182,46.40119],[9.28172,46.40173],[9.27992,46.40308],[9.27888,46.40339],[9.28086,46.40413],[9.28171,46.40426],[9.28255,46.40527],[9.28218,46.40688],[9.2814,46.40779],[9.28132,46.40864],[9.28168,46.41041],[9.28138,46.41097],[9.28044,46.41109],[9.28109,46.4119],[9.28015,46.41284],[9.28032,46.41398],[9.27993,46.41464],[9.27878,46.41459],[9.27802,46.41499],[9.27701,46.415],[9.27668,46.41572],[9.2763,46.4182],[9.27549,46.41863],[9.27537,46.41952],[9.2739,46.41974],[9.27293,46.42011],[9.27132,46.41932],[9.26966,46.419],[9.26866,46.41901],[9.26768,46.41983],[9.26579,46.41983],[9.26363,46.4205],[9.26342,46.42125],[9.2624,46.42268],[9.2617,46.42422],[9.2604,46.42514],[9.25919,46.42527],[9.2582,46.42595],[9.257,46.42722],[9.25599,46.42729],[9.25388,46.42826],[9.25344,46.42901],[9.25132,46.43037],[9.24949,46.43127],[9.24825,46.43328],[9.24797,46.43606],[9.24878,46.43815],[9.24842,46.43863],[9.24861,46.43934],[9.24816,46.44076],[9.247,46.44679],[9.24976,46.44722],[9.25069,46.44883],[9.25229,46.44938],[9.25572,46.44949],[9.25798,46.44992],[9.25984,46.44979],[9.26152,46.4501],[9.26225,46.44999],[9.26464,46.45099],[9.26578,46.45116],[9.26714,46.45192],[9.26805,46.45278],[9.2701,46.45344],[9.27075,46.45402],[9.27091,46.45501],[9.27211,46.45502],[9.2727,46.45607],[9.27379,46.45658],[9.27393,46.45729],[9.27506,46.4584],[9.27501,46.45947],[9.27689,46.46053],[9.27818,46.4617],[9.27687,46.46227],[9.2753,46.46262],[9.27456,46.46312],[9.27412,46.46555],[9.27344,46.46601],[9.27403,46.46726],[9.27384,46.46798],[9.27404,46.46905],[9.27384,46.46978],[9.27526,46.47091],[9.27629,46.47228],[9.2766,46.47374],[9.27601,46.47503],[9.27654,46.47627],[9.27637,46.47671],[9.27711,46.47816],[9.2774,46.4792],[9.27665,46.48005],[9.27529,46.48069],[9.27441,46.48232],[9.27421,46.48369],[9.27653,46.48526],[9.2776,46.4869],[9.27872,46.48764],[9.27801,46.48831],[9.27949,46.48971],[9.27886,46.4916],[9.27927,46.49239],[9.2804,46.49322],[9.28145,46.49433],[9.28178,46.49599],[9.28339,46.49702],[9.28384,46.49679],[9.28688,46.49744],[9.28739,46.49718],[9.29055,46.49723],[9.29239,46.49832],[9.29345,46.49832],[9.29465,46.49877],[9.29706,46.49897],[9.29888,46.4995],[9.30133,46.50072],[9.30399,46.50069],[9.30507,46.50096],[9.30693,46.50219],[9.30801,46.50253],[9.30979,46.50362],[9.311,46.50411],[9.31337,46.5039],[9.3166,46.50438],[9.31709,46.50459],[9.32053,46.50491],[9.33197,46.50563],[9.33707,46.506],[9.3387,46.50552],[9.33923,46.50464],[9.33908,46.5038],[9.34028,46.50371],[9.34138,46.504],[9.34206,46.50386],[9.3444,46.50458],[9.34511,46.50455],[9.34803,46.50507],[9.34829,46.50537],[9.35124,46.50542],[9.35224,46.50499],[9.35503,46.50427],[9.35787,46.50574],[9.35842,46.50665],[9.3584,46.50741],[9.36057,46.50818],[9.36084,46.50866],[9.36183,46.5089],[9.36241,46.50948],[9.36436,46.5091],[9.36508,46.5078],[9.36616,46.50731],[9.36832,46.50514],[9.37017,46.5049],[9.37336,46.50394],[9.37359,46.50296],[9.37332,46.50237],[9.37336,46.50044],[9.37312,46.49917],[9.37116,46.4989],[9.3697,46.49768],[9.36929,46.49707],[9.36852,46.49508],[9.36849,46.49409],[9.37005,46.49183],[9.37032,46.49074],[9.37165,46.48927],[9.37262,46.48927],[9.3743,46.48859],[9.37539,46.48725],[9.3754,46.48642],[9.37636,46.48466],[9.37771,46.48384],[9.37914,46.48431],[9.38015,46.48432],[9.38181,46.4834],[9.38213,46.4826],[9.38383,46.48266],[9.3853,46.4823],[9.38523,46.48188],[9.38584,46.48076],[9.38662,46.47999],[9.38811,46.47898],[9.38831,46.47736],[9.38796,46.47678],[9.38865,46.47564],[9.39027,46.47451],[9.39048,46.47331],[9.39301,46.47261],[9.39402,46.47257],[9.39461,46.47204],[9.39569,46.47167],[9.39622,46.47075],[9.39767,46.46971],[9.39898,46.46993],[9.40199,46.46934],[9.40357,46.46853],[9.40417,46.4687],[9.4093,46.46683],[9.41166,46.46692],[9.41312,46.46723],[9.41333,46.46785],[9.41409,46.46802],[9.4143,46.46858],[9.41598,46.47031],[9.41659,46.47073],[9.41801,46.47242],[9.41927,46.47291],[9.41999,46.47353],[9.42275,46.47503],[9.4235,46.47591],[9.42412,46.47613],[9.42451,46.47745],[9.42419,46.47921],[9.42444,46.48124],[9.42411,46.48208],[9.42466,46.48271],[9.42467,46.48378],[9.42628,46.48573],[9.42593,46.48632],[9.4246,46.48749],[9.42469,46.48875],[9.42532,46.4896],[9.42752,46.49157],[9.4291,46.49209],[9.42994,46.49268],[9.43182,46.49552],[9.43388,46.49664],[9.43419,46.49791],[9.45507,46.50532],[9.45501,46.50604],[9.45613,46.50649],[9.45663,46.50745],[9.45855,46.50835],[9.45961,46.50831],[9.4627,46.50886],[9.46355,46.50858],[9.46433,46.50778],[9.46136,46.50591],[9.46107,46.50549],[9.4617,46.50361],[9.46143,46.50276],[9.46216,46.50237],[9.46229,46.50114],[9.46204,46.50055],[9.46226,46.49904],[9.46262,46.49851],[9.4627,46.49711],[9.46233,46.49564],[9.46195,46.49503],[9.46176,46.4938],[9.46215,46.49193],[9.46209,46.49012],[9.46166,46.4894],[9.4615,46.4878],[9.46095,46.48689],[9.46104,46.48484],[9.4491,46.48438],[9.44925,46.48296],[9.4496,46.4823],[9.4497,46.47998],[9.46287,46.4805],[9.46395,46.47855],[9.46357,46.47686],[9.4636,46.47536],[9.46435,46.47316],[9.46411,46.47278],[9.46465,46.47101],[9.46559,46.4695],[9.46522,46.4685],[9.46438,46.46751],[9.46473,46.46664],[9.46358,46.46637],[9.46347,46.46581],[9.46198,46.46476],[9.46013,46.46453],[9.45918,46.46309],[9.45991,46.46161],[9.45973,46.46057],[9.45906,46.45938],[9.45913,46.45877],[9.45864,46.45721],[9.45879,46.45556],[9.45915,46.45378],[9.46034,46.45126],[9.45984,46.45044],[9.4599,46.44891],[9.45947,46.44638],[9.46069,46.44241],[9.4602,46.44169],[9.45927,46.44101],[9.45948,46.43979],[9.45813,46.43867],[9.45771,46.4375],[9.45708,46.43652],[9.45757,46.43601],[9.45793,46.43484],[9.45795,46.43335],[9.45731,46.43182],[9.45737,46.4312],[9.45683,46.42982],[9.45624,46.42939],[9.45553,46.42575],[9.45531,46.4227],[9.4545,46.4214],[9.4546,46.41894],[9.45503,46.41784],[9.45629,46.41589],[9.45754,46.41501],[9.46013,46.41385],[9.46142,46.41227],[9.46189,46.41106],[9.46123,46.40976],[9.46218,46.40828],[9.46272,46.40789],[9.46331,46.40632],[9.46385,46.40587],[9.46423,46.40472],[9.46373,46.40412],[9.46431,46.40374],[9.46493,46.40272],[9.46486,46.402],[9.46561,46.40025],[9.46563,46.39929],[9.46679,46.39835],[9.46651,46.39752],[9.4664,46.39574],[9.4666,46.39499],[9.46627,46.3942],[9.46653,46.39348],[9.46648,46.39184],[9.46776,46.38997],[9.46845,46.38955],[9.46901,46.38863],[9.46813,46.38789],[9.46583,46.38641],[9.46572,46.38567],[9.46605,46.38492],[9.46499,46.38374],[9.4636,46.38385],[9.46118,46.38342],[9.46128,46.38238],[9.46319,46.3802],[9.46311,46.37931],[9.46107,46.37637],[9.46126,46.37573],[9.46206,46.37534],[9.46334,46.37432],[9.46464,46.37378],[9.46582,46.37382],[9.46837,46.37331],[9.47102,46.37203],[9.47257,46.3723],[9.47428,46.37148],[9.47442,46.37108],[9.47643,46.37051],[9.47776,46.37121],[9.47907,46.37121],[9.47995,46.37092],[9.48048,46.36971],[9.48202,46.36763],[9.48413,46.36691],[9.48775,46.36692],[9.48731,46.36616],[9.49174,46.36558],[9.4924,46.36567],[9.49421,46.36529],[9.49618,46.36451],[9.49738,46.36341],[9.50002,46.3594],[9.49951,46.35776],[9.50047,46.35607],[9.50142,46.35524],[9.50309,46.35457],[9.50366,46.35375],[9.505,46.35256],[9.50609,46.35251],[9.50658,46.35205],[9.50821,46.35166],[9.50869,46.35112],[9.50871,46.35035],[9.50819,46.34984],[9.50845,46.34932],[9.5083,46.34787],[9.5095,46.34591],[9.5089,46.34501],[9.50951,46.34447],[9.51063,46.34201],[9.51071,46.34068],[9.51138,46.34007],[9.51088,46.3395],[9.5115,46.33849],[9.51126,46.3379],[9.51182,46.33732],[9.51149,46.3366],[9.51306,46.33566],[9.51378,46.33553],[9.51353,46.33318],[9.51423,46.33234],[9.51672,46.3326],[9.51815,46.3303],[9.51794,46.32863],[9.51834,46.3273],[9.52004,46.32555],[9.52118,46.32499],[9.5227,46.32349],[9.52402,46.32241],[9.52451,46.32134],[9.52553,46.31995],[9.52826,46.31722],[9.52888,46.31694],[9.53064,46.31554],[9.53184,46.31393],[9.53291,46.31319],[9.534,46.31212],[9.53644,46.31084],[9.53667,46.31],[9.5375,46.30932],[9.53872,46.30877],[9.53901,46.30828],[9.54023,46.30772],[9.54261,46.30598],[9.5477,46.30314],[9.54958,46.30234],[9.55043,46.30261],[9.55153,46.30336],[9.5524,46.30354],[9.55407,46.30496],[9.55439,46.30569],[9.55521,46.30624],[9.55737,46.30653],[9.5589,46.3062],[9.56016,46.30616],[9.56099,46.30481],[9.56141,46.30338],[9.56289,46.30232],[9.56713,46.30131],[9.56805,46.30026],[9.571,46.29898],[9.5734,46.299],[9.57401,46.29823],[9.57729,46.29647],[9.57818,46.29544],[9.57955,46.29509],[9.58096,46.29513],[9.58184,46.29544],[9.58347,46.29435],[9.58546,46.29476],[9.58632,46.29531],[9.58789,46.29476],[9.58989,46.29508],[9.59238,46.29362],[9.59469,46.29394],[9.59511,46.29455],[9.59752,46.29496],[9.59913,46.29578],[9.60293,46.29461],[9.60382,46.29487],[9.60576,46.29466],[9.6066,46.29421],[9.60778,46.29433],[9.60931,46.29417],[9.61036,46.29458],[9.61199,46.29232],[9.61432,46.29098],[9.61498,46.2902],[9.61772,46.28887],[9.61837,46.28772],[9.62229,46.28779],[9.62528,46.28811],[9.62637,46.28756],[9.62808,46.28778],[9.62954,46.28715],[9.63258,46.28637],[9.63393,46.28638],[9.63498,46.28612],[9.63663,46.28616],[9.63844,46.28649],[9.6389,46.28608],[9.64047,46.28676],[9.6423,46.2869],[9.64392,46.28804],[9.64449,46.28813],[9.64548,46.28891],[9.64712,46.28881],[9.64786,46.28953],[9.64982,46.28971],[9.64987,46.29171],[9.65181,46.29287],[9.65337,46.29309],[9.65522,46.29304],[9.65634,46.29387],[9.65971,46.29592],[9.66169,46.29602],[9.66199,46.29659],[9.66321,46.29695],[9.6644,46.29701],[9.66685,46.29656],[9.66764,46.2959],[9.66894,46.29603],[9.66984,46.29682],[9.66924,46.29763],[9.67051,46.2991],[9.6705,46.29993],[9.67198,46.30087],[9.67383,46.30183],[9.67474,46.30268],[9.67697,46.30313],[9.67731,46.302],[9.67878,46.30169],[9.6801,46.30049],[9.68124,46.29983],[9.68158,46.29863],[9.68159,46.29703],[9.68451,46.29589],[9.68716,46.29426],[9.68739,46.29393],[9.68924,46.29339],[9.69042,46.29342],[9.69217,46.29386],[9.69379,46.29374],[9.69543,46.29299],[9.69614,46.29317],[9.69718,46.29228],[9.69862,46.29174],[9.70058,46.29169],[9.70172,46.2909],[9.70299,46.29091],[9.70471,46.29132],[9.70622,46.29199],[9.70975,46.29191],[9.71112,46.29257],[9.71283,46.29299],[9.71384,46.29276],[9.71467,46.2932],[9.71479,46.29433],[9.7156,46.29556],[9.71488,46.29635],[9.71478,46.29763],[9.71504,46.29816],[9.71583,46.30139],[9.71712,46.30353],[9.71747,46.30455],[9.71815,46.30536],[9.71815,46.30628],[9.71975,46.30684],[9.72035,46.30773],[9.72143,46.3083],[9.722,46.30918],[9.72275,46.30919],[9.72416,46.30965],[9.72474,46.31025],[9.72498,46.31143],[9.726,46.31351],[9.72553,46.31768],[9.72622,46.31876],[9.72591,46.31968],[9.72501,46.31989],[9.7235,46.32093],[9.72219,46.32124],[9.72045,46.32107],[9.71809,46.32159],[9.71761,46.32248],[9.71792,46.323],[9.71736,46.32352],[9.71734,46.32418],[9.71795,46.32502],[9.71796,46.32564],[9.71858,46.32657],[9.71971,46.3274],[9.72183,46.32778],[9.72341,46.32902],[9.72326,46.33067],[9.7239,46.33125],[9.72475,46.33132],[9.72752,46.33269],[9.72695,46.33326],[9.72569,46.33573],[9.72543,46.33768],[9.72471,46.33826],[9.72296,46.34075],[9.7244,46.34196],[9.72464,46.3427],[9.72634,46.34383],[9.72696,46.34449],[9.72893,46.34492],[9.73084,46.3461],[9.73225,46.34721],[9.73336,46.34755],[9.73369,46.3488],[9.73703,46.35093],[9.73851,46.35055],[9.73929,46.34991],[9.74095,46.35064],[9.74224,46.35096],[9.74341,46.35154],[9.74475,46.35021],[9.74625,46.34956],[9.74641,46.34881],[9.74739,46.34776],[9.74904,46.34745],[9.75043,46.34681],[9.75122,46.3467],[9.75332,46.34585],[9.75546,46.34546],[9.75759,46.34452],[9.75792,46.34358],[9.75929,46.34226],[9.76036,46.34161],[9.76165,46.33975],[9.76378,46.3386],[9.76517,46.33742],[9.7667,46.33725],[9.76902,46.33596],[9.76989,46.33572],[9.77358,46.33544],[9.77487,46.335],[9.77656,46.33479],[9.77864,46.3353],[9.77893,46.33584],[9.78193,46.33834],[9.7826,46.33845],[9.78412,46.33986],[9.78452,46.34061],[9.786,46.3405],[9.78757,46.34067],[9.78979,46.3415],[9.7901,46.342],[9.79118,46.34265],[9.79182,46.34261],[9.7934,46.34309],[9.7958,46.34329],[9.79733,46.34378],[9.79883,46.34361],[9.80115,46.34391],[9.80227,46.34389],[9.80305,46.34454],[9.80444,46.34516],[9.8046,46.34605],[9.80592,46.34638],[9.80636,46.34701],[9.80775,46.34713],[9.80875,46.34756],[9.80939,46.34846],[9.81066,46.34847],[9.8136,46.34932],[9.81521,46.35018],[9.81682,46.34966],[9.81831,46.34968],[9.82073,46.35105],[9.82123,46.35174],[9.82185,46.35185],[9.82264,46.35254],[9.82425,46.35329],[9.82586,46.35463],[9.82684,46.35481],[9.82868,46.35601],[9.8318,46.35938],[9.83162,46.3604],[9.83267,46.36097],[9.83433,46.36071],[9.83581,46.36068],[9.83754,46.36101],[9.83901,46.3622],[9.8402,46.36251],[9.84162,46.36164],[9.84303,46.36154],[9.84385,46.36187],[9.84451,46.36168],[9.84602,46.36186],[9.84643,46.3627],[9.84756,46.36294],[9.84865,46.36348],[9.84876,46.36417],[9.85117,46.36437],[9.85266,46.36395],[9.85391,46.36306],[9.85501,46.36333],[9.85662,46.36322],[9.85706,46.36405],[9.85812,46.36407],[9.85995,46.36339],[9.86129,46.36446],[9.86357,46.36419],[9.8656,46.36462],[9.86691,46.36334],[9.86796,46.36306],[9.86821,46.36236],[9.87109,46.36338],[9.87212,46.36449],[9.87539,46.36579],[9.87655,46.36661],[9.87762,46.36691],[9.87895,46.36785],[9.88059,46.36835],[9.88236,46.37009],[9.88243,46.37061],[9.88349,46.37161],[9.88422,46.37364],[9.88619,46.37317],[9.88676,46.37354],[9.88898,46.37389],[9.89166,46.37491],[9.8919,46.37527],[9.89389,46.37564],[9.89474,46.37624],[9.89645,46.3768],[9.89851,46.37674],[9.89903,46.37723],[9.90013,46.37739],[9.90018,46.37802],[9.90087,46.37868],[9.90384,46.37963],[9.90664,46.38083],[9.90737,46.38087],[9.90863,46.37992],[9.90974,46.37943],[9.91125,46.37714],[9.91484,46.37411],[9.91544,46.37345],[9.91588,46.3721],[9.9169,46.37033],[9.9197,46.37148],[9.921,46.37141],[9.92307,46.37054],[9.92338,46.3696],[9.92444,46.36876],[9.92415,46.36676],[9.92518,46.36598],[9.92712,46.36649],[9.9292,46.36675],[9.93041,46.36736],[9.9311,46.368],[9.93108,46.36873],[9.92982,46.37056],[9.92999,46.37158],[9.9311,46.37279],[9.93225,46.37369],[9.93311,46.37391],[9.93447,46.37479],[9.9363,46.3752],[9.93834,46.37611],[9.93989,46.37618],[9.94178,46.37676],[9.94369,46.3776],[9.9457,46.37747],[9.94891,46.37841],[9.95084,46.37864],[9.95282,46.37931],[9.95521,46.37889],[9.95796,46.37894],[9.95914,46.37827],[9.95844,46.37801],[9.9571,46.37586],[9.95614,46.37496],[9.95572,46.37362],[9.95677,46.37216],[9.95908,46.36962],[9.96208,46.36678],[9.96262,46.36545],[9.96452,46.36376],[9.96926,46.36165],[9.97014,46.36104],[9.97103,46.36095],[9.97125,46.36026],[9.97319,46.35908],[9.974,46.35807],[9.97538,46.35806],[9.97614,46.35733],[9.97721,46.35727],[9.97861,46.35608],[9.9805,46.35534],[9.98095,46.35477],[9.98238,46.35387],[9.98443,46.35314],[9.98481,46.35192],[9.98754,46.35168],[9.98927,46.35232],[9.99133,46.35219],[9.99383,46.35243],[9.9947,46.3522],[9.99634,46.35105],[9.99579,46.35066],[9.99498,46.34921],[9.99473,46.34795],[9.99505,46.34743],[9.99459,46.34657],[9.99534,46.34617],[9.99516,46.34539],[9.99614,46.34259],[9.9958,46.34208],[9.99425,46.34135],[9.99272,46.34105],[9.99241,46.34014],[9.991,46.33965],[9.99124,46.33847],[9.99108,46.3377],[9.99032,46.33685],[9.98836,46.33602],[9.98733,46.33462],[9.98546,46.33408],[9.98517,46.33351],[9.98576,46.33185],[9.98513,46.33167],[9.98399,46.3299],[9.98425,46.3286],[9.98391,46.32799],[9.9825,46.32692],[9.982,46.32624],[9.98202,46.32528],[9.98127,46.32464],[9.98105,46.32391],[9.98002,46.32309],[9.98087,46.32295],[9.98273,46.32184],[9.98552,46.32078],[9.98565,46.32019],[9.98647,46.31927],[9.98816,46.31851],[9.98941,46.31762],[9.9902,46.31747],[9.99158,46.31662],[9.99319,46.31513],[9.99396,46.3152],[9.99445,46.31406],[9.99519,46.31383],[9.99766,46.31402],[9.99876,46.31382],[10.00007,46.31319],[10.0003,46.31242],[9.99962,46.31133],[10.00011,46.31071],[9.99958,46.30963],[9.99764,46.30864],[9.99625,46.30731],[9.99698,46.30647],[9.99791,46.306],[9.99854,46.30452],[10.00081,46.30376],[10.001,46.30303],[10.00076,46.30156],[10.00025,46.30113],[9.99881,46.30107],[9.99869,46.30019],[9.99797,46.29969],[9.99794,46.29915],[9.99659,46.29837],[9.99658,46.29795],[9.99384,46.2969],[9.99269,46.2973],[9.99184,46.29657],[9.99167,46.29564],[9.99281,46.29269],[9.99423,46.29152],[9.99414,46.29099],[9.99467,46.28998],[9.99484,46.28902],[9.99468,46.28789],[9.99491,46.28681],[9.99593,46.28492],[9.99692,46.28436],[10.00044,46.28293],[10.00288,46.2826],[10.00423,46.28193],[10.00631,46.28174],[10.00768,46.28107],[10.00919,46.28062],[10.01051,46.281],[10.01183,46.28054],[10.0143,46.2801],[10.01648,46.2794],[10.0182,46.27944],[10.02009,46.27916],[10.02312,46.27822],[10.02608,46.27774],[10.02749,46.27784],[10.02983,46.27702],[10.03124,46.27704],[10.03184,46.27625],[10.03432,46.27526],[10.03501,46.27532],[10.03628,46.27442],[10.03797,46.27403],[10.03926,46.27336],[10.03969,46.27255],[10.04032,46.27258],[10.0421,46.27166],[10.04377,46.27],[10.0449,46.26975],[10.04566,46.2699],[10.04751,46.26855],[10.04831,46.26815],[10.05005,46.26781],[10.05088,46.26713],[10.05268,46.26696],[10.05362,46.26708],[10.05498,46.26631],[10.05593,46.26499],[10.05601,46.26403],[10.05548,46.26279],[10.05628,46.26097],[10.05763,46.25959],[10.05802,46.25822],[10.05736,46.25795],[10.05635,46.25696],[10.05779,46.25641],[10.05876,46.25574],[10.05891,46.2552],[10.05848,46.25416],[10.05873,46.25293],[10.06071,46.25015],[10.06029,46.24927],[10.06055,46.24801],[10.05888,46.24705],[10.05754,46.24718],[10.05712,46.24681],[10.05707,46.24406],[10.05628,46.24321],[10.0545,46.24272],[10.05341,46.24126],[10.05416,46.23937],[10.05444,46.23814],[10.05403,46.23756],[10.05416,46.23684],[10.05371,46.23583],[10.05304,46.23522],[10.05187,46.23479],[10.04949,46.23278],[10.04798,46.23258],[10.04528,46.23161],[10.04431,46.23099],[10.04381,46.22972],[10.04536,46.22954],[10.04853,46.22853],[10.04907,46.2281],[10.04938,46.22718],[10.05127,46.22772],[10.05241,46.22745],[10.05374,46.22665],[10.05509,46.22629],[10.05578,46.22522],[10.05773,46.22493],[10.05861,46.22497],[10.06017,46.22363],[10.06193,46.22191],[10.06308,46.22019],[10.06621,46.21966],[10.06693,46.21799],[10.06932,46.21736],[10.07085,46.21715],[10.0714,46.218],[10.07377,46.21954],[10.07647,46.22154],[10.08109,46.22545],[10.08196,46.22555],[10.0834,46.22642],[10.08512,46.22668],[10.08739,46.2273],[10.0885,46.22781],[10.08942,46.22777],[10.09205,46.22819],[10.09323,46.22779],[10.09445,46.22854],[10.09499,46.22857],[10.09777,46.22813],[10.09909,46.22762],[10.10143,46.22778],[10.10349,46.22857],[10.10561,46.22757],[10.10917,46.22572],[10.11615,46.22556],[10.11894,46.22537],[10.1209,46.22444],[10.12328,46.22379],[10.12524,46.22471],[10.12613,46.22481],[10.12862,46.22559],[10.13232,46.22488],[10.13243,46.22538],[10.14595,46.23048],[10.15087,46.23964],[10.15711,46.24351],[10.17493,46.25461],[10.17652,46.25828],[10.17547,46.25913],[10.17534,46.25981],[10.17466,46.26044],[10.17396,46.26167],[10.17326,46.2635],[10.17352,46.26431],[10.17201,46.26661],[10.17024,46.26774],[10.17011,46.26825],[10.16875,46.26915],[10.168,46.26989],[10.16586,46.27098],[10.16349,46.2713],[10.16318,46.27237],[10.16336,46.27306],[10.16334,46.27476],[10.16225,46.2749],[10.16132,46.27685],[10.16177,46.27799],[10.16167,46.27904],[10.16181,46.28099],[10.16249,46.28232],[10.16182,46.28259],[10.16064,46.28364],[10.15973,46.28399],[10.15849,46.28411],[10.1559,46.28473],[10.15451,46.28537],[10.15399,46.28629],[10.15592,46.28784],[10.15664,46.28928],[10.15596,46.29066],[10.15479,46.29182],[10.15428,46.29278],[10.15345,46.29296],[10.15263,46.29409],[10.15125,46.29409],[10.1483,46.29472],[10.14744,46.29475],[10.14562,46.29554],[10.14477,46.2966],[10.14422,46.29654],[10.14227,46.29773],[10.14135,46.29802],[10.13997,46.29919],[10.13892,46.29957],[10.13822,46.30172],[10.13908,46.30325],[10.13853,46.30467],[10.13607,46.3057],[10.13356,46.30604],[10.13175,46.30761],[10.13026,46.30784],[10.12845,46.30878],[10.12785,46.30983],[10.12647,46.31057],[10.12514,46.31094],[10.12346,46.31208],[10.12118,46.31233],[10.1193,46.31287],[10.11736,46.31387],[10.11645,46.31557],[10.11571,46.31607],[10.115,46.3176],[10.11413,46.31846],[10.11392,46.31905],[10.11405,46.32105],[10.11318,46.3218],[10.11279,46.3228],[10.11301,46.32329],[10.11233,46.32381],[10.11127,46.32575],[10.11034,46.32649],[10.11018,46.32716],[10.1094,46.32844],[10.10814,46.32969],[10.10698,46.33039],[10.10563,46.33157],[10.1044,46.33362],[10.10539,46.33454],[10.10541,46.33639],[10.10518,46.33719],[10.10569,46.33831],[10.10551,46.33915],[10.1062,46.33976],[10.10674,46.34082],[10.10596,46.34218],[10.10693,46.34324],[10.10861,46.34422],[10.10885,46.34585],[10.10928,46.3464],[10.10877,46.34776],[10.10902,46.34862],[10.10847,46.34904],[10.10788,46.35063],[10.10797,46.35159],[10.10845,46.35233],[10.10948,46.35308],[10.11087,46.35298],[10.11225,46.35256],[10.11315,46.35259],[10.11383,46.35319],[10.11522,46.35381],[10.11597,46.3547],[10.11828,46.35644],[10.11891,46.35718],[10.12,46.35745],[10.12067,46.35798],[10.12168,46.35785],[10.12209,46.35827],[10.1236,46.35897],[10.12386,46.35944],[10.12561,46.35969],[10.12661,46.36027],[10.12748,46.36033],[10.12917,46.36098],[10.1292,46.36296],[10.1286,46.36373],[10.12858,46.36433],[10.12759,46.36671],[10.12766,46.36775],[10.12732,46.36915],[10.1266,46.36983],[10.12622,46.37132],[10.12685,46.37261],[10.12787,46.37324],[10.12842,46.37398],[10.1274,46.37701],[10.12766,46.37774],[10.12917,46.37886],[10.13031,46.37917],[10.13083,46.37965],[10.13237,46.38007],[10.13317,46.38087],[10.13483,46.38171],[10.13534,46.38248],[10.13722,46.38353],[10.13963,46.38443],[10.14109,46.38563],[10.14257,46.38622],[10.14427,46.38603],[10.14535,46.38656],[10.14757,46.38693],[10.14963,46.38556],[10.15123,46.3856],[10.15447,46.3853],[10.15577,46.38491],[10.15867,46.38559],[10.15967,46.38616],[10.16083,46.38749],[10.16202,46.38751],[10.16206,46.38857],[10.16336,46.38976],[10.16399,46.39068],[10.16371,46.39251],[10.16293,46.39336],[10.16297,46.3955],[10.16335,46.39633],[10.1628,46.39769],[10.16285,46.39824],[10.16204,46.39997],[10.16231,46.40157],[10.16185,46.40311],[10.1621,46.40423],[10.16265,46.4051],[10.16386,46.40558],[10.1641,46.40596],[10.16677,46.40737],[10.16513,46.40896],[10.16453,46.41022],[10.16372,46.41055],[10.16316,46.4119],[10.16246,46.41299],[10.16159,46.4136],[10.16194,46.41451],[10.16113,46.41539],[10.15909,46.41575],[10.15721,46.41589],[10.15393,46.41451],[10.15233,46.41408],[10.15082,46.41407],[10.15023,46.4133],[10.14939,46.41282],[10.14767,46.41422],[10.1487,46.41515],[10.14838,46.41573],[10.14854,46.41666],[10.14785,46.41775],[10.14821,46.41904],[10.14742,46.42031],[10.14769,46.42112],[10.14719,46.42237],[10.1472,46.42318],[10.14583,46.42434],[10.14427,46.42449],[10.14347,46.42599],[10.14219,46.42759],[10.14227,46.42843],[10.14111,46.42821],[10.13932,46.42882],[10.13788,46.42867],[10.13583,46.42894],[10.13491,46.42875],[10.13391,46.42913],[10.13292,46.42909],[10.13153,46.43039],[10.13088,46.43161],[10.1291,46.43175],[10.1282,46.43079],[10.12691,46.43033],[10.12489,46.43055],[10.12381,46.42997],[10.12226,46.43016],[10.12108,46.42955],[10.11922,46.42923],[10.11867,46.42882],[10.11795,46.42741],[10.11799,46.42654],[10.11743,46.42607],[10.11553,46.42606],[10.11333,46.42654],[10.11196,46.4271],[10.10988,46.42759],[10.10791,46.42829],[10.10796,46.42716],[10.10757,46.42699],[10.10662,46.42569],[10.10602,46.42535],[10.10276,46.42495],[10.10183,46.42348],[10.1021,46.42253],[10.10073,46.42135],[10.09827,46.42152],[10.09724,46.42119],[10.09608,46.42147],[10.09463,46.42232],[10.09316,46.42263],[10.09129,46.42248],[10.09071,46.42265],[10.08706,46.42132],[10.08596,46.42124],[10.08238,46.42164],[10.0815,46.42119],[10.08017,46.42109],[10.07957,46.42163],[10.07976,46.42222],[10.07918,46.42312],[10.07979,46.42394],[10.08022,46.42538],[10.07947,46.42656],[10.0778,46.42733],[10.07721,46.42804],[10.07522,46.42803],[10.07422,46.4285],[10.07053,46.42733],[10.06555,46.42623],[10.06439,46.42587],[10.06444,46.4266],[10.06361,46.42668],[10.0615,46.42743],[10.06094,46.42837],[10.06022,46.42851],[10.05979,46.42942],[10.05881,46.43006],[10.05862,46.43152],[10.05801,46.43202],[10.05857,46.43258],[10.05843,46.43362],[10.05799,46.43424],[10.05799,46.43499],[10.0575,46.43537],[10.05751,46.43617],[10.05826,46.43826],[10.05693,46.43946],[10.05683,46.44026],[10.05628,46.44087],[10.05537,46.44066],[10.05446,46.43981],[10.05258,46.4397],[10.05073,46.44115],[10.04718,46.442],[10.04364,46.44199],[10.04191,46.44286],[10.04178,46.44328],[10.04044,46.44454],[10.04001,46.44573],[10.03917,46.44702],[10.04106,46.44763],[10.04247,46.449],[10.04205,46.44957],[10.04184,46.45223],[10.0429,46.45357],[10.04357,46.45363],[10.04417,46.45452],[10.04399,46.45508],[10.04532,46.45551],[10.04635,46.45551],[10.04703,46.45602],[10.04659,46.4575],[10.0488,46.45898],[10.05249,46.46041],[10.05241,46.46134],[10.05377,46.46383],[10.05446,46.46466],[10.05391,46.46541],[10.05226,46.46597],[10.05235,46.46697],[10.05152,46.46775],[10.0519,46.4692],[10.05134,46.47056],[10.05176,46.4716],[10.05047,46.47278],[10.0495,46.47409],[10.04776,46.47466],[10.04713,46.47588],[10.04607,46.47643],[10.04479,46.47676],[10.0446,46.47735],[10.04334,46.47803],[10.04283,46.48003],[10.04318,46.48168],[10.04366,46.48275],[10.04452,46.4839],[10.04645,46.48548],[10.04788,46.48638],[10.04714,46.48876],[10.04551,46.48998],[10.04489,46.49128],[10.04506,46.49253],[10.04491,46.49367],[10.04582,46.49557],[10.04559,46.49628],[10.04669,46.49758],[10.04761,46.49814],[10.04909,46.4996],[10.04763,46.50098],[10.04518,46.50199],[10.04512,46.50275],[10.04402,46.50379],[10.04362,46.50536],[10.04286,46.50649],[10.04277,46.50789],[10.04227,46.51005],[10.04413,46.51027],[10.04443,46.51059],[10.04683,46.51054],[10.04812,46.51135],[10.04964,46.51258],[10.05153,46.51335],[10.05204,46.51433],[10.05303,46.51712],[10.0537,46.51828],[10.05356,46.52112],[10.05399,46.52267],[10.05329,46.5244],[10.05261,46.52513],[10.05231,46.52662],[10.05127,46.52742],[10.05043,46.52897],[10.05177,46.53015],[10.05343,46.53068],[10.05353,46.53169],[10.05266,46.53257],[10.0519,46.53276],[10.04902,46.53427],[10.04809,46.53433],[10.0459,46.53544],[10.0452,46.53633],[10.04397,46.5374],[10.04389,46.54047],[10.04487,46.54089],[10.04646,46.54239],[10.04686,46.54379],[10.05022,46.54404],[10.05141,46.54494],[10.05288,46.54488],[10.05383,46.54457],[10.05632,46.54454],[10.05768,46.54475],[10.05829,46.5451],[10.06142,46.5457],[10.06212,46.54676],[10.06257,46.54791],[10.06449,46.54935],[10.06683,46.55022],[10.06783,46.55025],[10.06869,46.55118],[10.0694,46.55239],[10.06889,46.55414],[10.06983,46.55579],[10.07087,46.5563],[10.0712,46.55715],[10.07078,46.55796],[10.07171,46.55903],[10.07339,46.56015],[10.07438,46.56013],[10.07784,46.56067],[10.07846,46.56137],[10.08119,46.56339],[10.08233,46.56349],[10.08322,46.56546],[10.08397,46.5658],[10.08539,46.56712],[10.084,46.5687],[10.0829,46.56968],[10.08118,46.57067],[10.07974,46.57131],[10.07866,46.57301],[10.07867,46.57512],[10.08179,46.57551],[10.08265,46.57526],[10.08401,46.57562],[10.08814,46.57606],[10.09254,46.57699],[10.09378,46.57688],[10.09569,46.57735],[10.09608,46.57839],[10.09719,46.58036],[10.09898,46.58211],[10.10048,46.58261],[10.10076,46.58367],[10.10144,46.58439],[10.1015,46.58508],[10.10026,46.58606],[10.10002,46.58681],[10.1004,46.58804],[10.10111,46.58932],[10.10006,46.59038],[10.0991,46.59084],[10.09878,46.5914],[10.09772,46.5921],[10.09703,46.59348],[10.09718,46.59458],[10.09802,46.59639],[10.09763,46.59777],[10.09991,46.59899],[10.10032,46.59983],[10.10129,46.60102],[10.10046,46.60174],[10.09986,46.60304],[10.09937,46.60338],[10.09925,46.60427],[10.09881,46.60481],[10.09885,46.60586],[10.10058,46.60691],[10.10139,46.60822],[10.10135,46.60945],[10.10235,46.61074],[10.10411,46.61084],[10.10668,46.61069],[10.10786,46.60961],[10.10916,46.60879],[10.11088,46.60815],[10.11208,46.60793],[10.11326,46.60714],[10.11602,46.60683],[10.11722,46.60641],[10.11983,46.60585],[10.12133,46.60595],[10.1222,46.60624],[10.12384,46.60612],[10.12471,46.60567],[10.12594,46.60565],[10.12762,46.6051],[10.13008,46.60602],[10.13157,46.60606],[10.1332,46.60683],[10.13458,46.60793],[10.1359,46.60757],[10.13667,46.60786],[10.13702,46.61032],[10.13734,46.61065],[10.13943,46.61091],[10.1426,46.61091],[10.14362,46.61071],[10.14591,46.61197],[10.14777,46.61243],[10.1489,46.61318],[10.14982,46.61342],[10.15136,46.61458],[10.15333,46.615],[10.15589,46.61513],[10.15664,46.61482],[10.15855,46.61508],[10.15965,46.61602],[10.16072,46.61619],[10.16242,46.6157],[10.17384,46.62004],[10.18307,46.62397],[10.18799,46.62559],[10.19277,46.62593],[10.19371,46.6256],[10.19293,46.62488],[10.19289,46.62414],[10.1934,46.62314],[10.20637,46.62077],[10.21532,46.61694],[10.21879,46.62037],[10.21914,46.62121],[10.22002,46.62166],[10.2197,46.62269],[10.21965,46.62397],[10.22081,46.62529],[10.22191,46.62602],[10.22211,46.62729],[10.22275,46.62797],[10.22366,46.62841],[10.22413,46.62913],[10.226,46.62973],[10.22657,46.63009],[10.22754,46.62996],[10.22788,46.63054],[10.22922,46.63164],[10.23293,46.63295],[10.23402,46.63308],[10.2354,46.63362],[10.23601,46.63443],[10.23869,46.63528],[10.24023,46.63507],[10.24008,46.63399],[10.24032,46.63136],[10.24119,46.62705],[10.24479,46.62217],[10.25413,46.61398],[10.25889,46.61044],[10.25892,46.60978],[10.25796,46.6094],[10.25707,46.60866],[10.25571,46.60838],[10.25506,46.6073],[10.25378,46.60627],[10.25231,46.6045],[10.25195,46.6036],[10.25084,46.60208],[10.24939,46.60151],[10.24839,46.60066],[10.24675,46.59802],[10.24636,46.59784],[10.24635,46.59667],[10.24544,46.59539],[10.24425,46.59433],[10.24323,46.59406],[10.24335,46.59355],[10.24239,46.5928],[10.24184,46.5916],[10.24218,46.59096],[10.24175,46.59049],[10.24151,46.58904],[10.24267,46.58757],[10.24298,46.58571],[10.24285,46.58514],[10.24408,46.58396],[10.24382,46.58275],[10.24403,46.5816],[10.24453,46.5806],[10.24471,46.57926],[10.24416,46.57805],[10.24538,46.57698],[10.24607,46.57501],[10.24647,46.57459],[10.25074,46.57275],[10.25271,46.57155],[10.25413,46.57124],[10.25634,46.57306],[10.25806,46.57404],[10.25911,46.57411],[10.26073,46.57552],[10.26196,46.57574],[10.26356,46.57675],[10.26382,46.57715],[10.26641,46.57679],[10.26884,46.57738],[10.26934,46.57769],[10.27204,46.57595],[10.27242,46.57445],[10.27431,46.57363],[10.27625,46.57324],[10.2767,46.57259],[10.27859,46.5719],[10.28008,46.57207],[10.28215,46.57099],[10.28345,46.57073],[10.28497,46.57097],[10.28748,46.57034],[10.28783,46.56948],[10.28839,46.56936],[10.28907,46.56848],[10.28918,46.56559],[10.2903,46.56376],[10.29098,46.56299],[10.29225,46.56211],[10.2928,46.56114],[10.29336,46.56092],[10.29481,46.55953],[10.29599,46.55888],[10.29635,46.55762],[10.29651,46.55491],[10.29557,46.55414],[10.29491,46.55322],[10.29443,46.55195],[10.2956,46.55096],[10.29607,46.54997],[10.29875,46.54976],[10.30016,46.54914],[10.30214,46.54898],[10.30467,46.5492],[10.30652,46.54909],[10.30815,46.54943],[10.31034,46.54731],[10.31143,46.54669],[10.31343,46.54729],[10.31412,46.54792],[10.31594,46.54846],[10.31799,46.54819],[10.31923,46.54848],[10.32014,46.54949],[10.32191,46.55021],[10.32489,46.55078],[10.32547,46.55173],[10.32824,46.55018],[10.33055,46.54943],[10.3317,46.54794],[10.33392,46.54664],[10.33494,46.54537],[10.33524,46.54453],[10.33587,46.54432],[10.33683,46.54323],[10.33819,46.54273],[10.33924,46.54282],[10.34058,46.54346],[10.34177,46.54367],[10.34371,46.5451],[10.3443,46.54617],[10.34832,46.54904],[10.35023,46.54942],[10.35039,46.54983],[10.34979,46.55179],[10.34985,46.55274],[10.35087,46.5539],[10.35103,46.55477],[10.35177,46.55563],[10.35241,46.55569],[10.3558,46.55537],[10.35706,46.55536],[10.35869,46.55566],[10.36215,46.55548],[10.36388,46.55551],[10.3663,46.55484],[10.36758,46.55406],[10.36892,46.55386],[10.37048,46.55394],[10.37154,46.55313],[10.37318,46.55254],[10.3761,46.55236],[10.37665,46.55164],[10.37837,46.55102],[10.37856,46.5504],[10.37983,46.5498],[10.38235,46.54977],[10.38427,46.55004],[10.38503,46.54925],[10.38818,46.54717],[10.39025,46.54653],[10.39122,46.5459],[10.39203,46.54582],[10.39391,46.54503],[10.39567,46.54457],[10.39644,46.54402],[10.39785,46.544],[10.39994,46.54479],[10.4015,46.54572],[10.40249,46.54594],[10.40397,46.54665],[10.40527,46.5475],[10.40707,46.54768],[10.40787,46.54811],[10.40879,46.54913],[10.41068,46.54943],[10.4124,46.5504],[10.41492,46.55102],[10.41656,46.55092],[10.4172,46.55127],[10.41912,46.55108],[10.42014,46.55044],[10.42118,46.54895],[10.42282,46.54805],[10.42301,46.54733],[10.4237,46.54729],[10.42493,46.54641],[10.42894,46.54436],[10.43362,46.54132],[10.43669,46.53739],[10.44045,46.53595],[10.44588,46.53369],[10.44806,46.5334],[10.4528,46.53068],[10.45399,46.53292],[10.45619,46.53524],[10.45858,46.53655],[10.45925,46.53784],[10.45942,46.53924],[10.45884,46.54046],[10.45931,46.54089],[10.46178,46.54134],[10.46579,46.54125],[10.46642,46.54175],[10.46785,46.54223],[10.47052,46.54225],[10.47147,46.5427],[10.47229,46.54353],[10.47188,46.54572],[10.4711,46.54838],[10.47288,46.54984],[10.47375,46.55103],[10.47449,46.55143],[10.47592,46.55427],[10.4761,46.55537],[10.47792,46.55741],[10.47744,46.55851],[10.47583,46.56008],[10.47489,46.56228],[10.47407,46.56271],[10.47442,46.56397],[10.47502,46.56483],[10.47513,46.56603],[10.47468,46.56668],[10.47667,46.56766],[10.47737,46.56909],[10.47736,46.57117],[10.47793,46.5718],[10.47923,46.57227],[10.47932,46.57294],[10.48043,46.57436],[10.48054,46.57479],[10.48171,46.57556],[10.4838,46.57652],[10.48479,46.57754],[10.4843,46.57861],[10.48397,46.58001],[10.48339,46.58093],[10.4844,46.5828],[10.48567,46.58373],[10.4853,46.58464],[10.48574,46.58496],[10.48691,46.58714],[10.48676,46.58819],[10.48762,46.58955],[10.48612,46.59066],[10.48499,46.59041],[10.48446,46.59167],[10.48389,46.59225],[10.48399,46.59317],[10.48492,46.59365],[10.48458,46.59473],[10.48608,46.59574],[10.48718,46.59687],[10.48736,46.59837],[10.48692,46.5997],[10.48704,46.60055],[10.48546,46.60166],[10.48523,46.60273],[10.4844,46.6038],[10.4845,46.60523],[10.48664,46.60713],[10.48725,46.60853],[10.4894,46.60962],[10.48992,46.61041],[10.49115,46.61107],[10.49147,46.612],[10.49215,46.61286],[10.49192,46.61327],[10.49204,46.61468],[10.49177,46.61524],[10.49086,46.61509],[10.48832,46.61527],[10.48427,46.61742],[10.48189,46.61987],[10.48009,46.62096],[10.47832,46.62226],[10.46764,46.62956],[10.46524,46.63078],[10.46256,46.63305],[10.4582,46.63564],[10.45474,46.63743],[10.44608,46.64127],[10.44345,46.63938],[10.44072,46.63927],[10.43477,46.63935],[10.43046,46.63871],[10.4265,46.63833],[10.42545,46.63845],[10.4221,46.63816],[10.42021,46.63831],[10.41536,46.63678],[10.41384,46.6362],[10.41053,46.63526],[10.40913,46.63506],[10.40665,46.63535],[10.40229,46.63681],[10.39986,46.63858],[10.40119,46.63957],[10.40176,46.64071],[10.40131,46.64146],[10.40162,46.6422],[10.40074,46.64291],[10.4004,46.64576],[10.39886,46.64789],[10.39731,46.6492],[10.3965,46.6495],[10.39617,46.65055],[10.39663,46.6518],[10.39622,46.65294],[10.3943,46.65356],[10.39409,46.65464],[10.39207,46.65512],[10.39217,46.6558],[10.39186,46.65717],[10.39098,46.65899],[10.39258,46.6605],[10.39277,46.66193],[10.39259,46.66269],[10.39197,46.6635],[10.39193,46.66505],[10.39219,46.66604],[10.3909,46.66811],[10.3921,46.67016],[10.39251,46.6716],[10.39126,46.67188],[10.39143,46.67256],[10.39044,46.67354],[10.3897,46.67554],[10.3897,46.67643],[10.38894,46.67719],[10.38799,46.67757],[10.38759,46.67881],[10.38642,46.67965],[10.38571,46.68164],[10.38353,46.6835],[10.38232,46.68394],[10.38184,46.68465],[10.38288,46.68673],[10.38357,46.68728],[10.38806,46.6873],[10.38792,46.68795],[10.38934,46.68858],[10.39076,46.68821],[10.3919,46.68851],[10.39192,46.6889],[10.39332,46.68921],[10.39381,46.69063],[10.39577,46.69296],[10.39633,46.69445],[10.39658,46.69578],[10.39717,46.69595],[10.3982,46.69819],[10.40333,46.7055],[10.40426,46.70495],[10.40631,46.70515],[10.40767,46.70499],[10.41001,46.70548],[10.41109,46.70588],[10.41397,46.70752],[10.41453,46.70847],[10.4155,46.70846],[10.41604,46.70902],[10.41528,46.70938],[10.41561,46.71058],[10.41533,46.71223],[10.41609,46.71349],[10.41804,46.71451],[10.41747,46.71577],[10.41794,46.71683],[10.4176,46.71727],[10.4189,46.71852],[10.41863,46.71926],[10.41528,46.72005],[10.41448,46.72057],[10.41397,46.72153],[10.41221,46.7232],[10.41104,46.72374],[10.41095,46.7244],[10.41002,46.72472],[10.40933,46.72553],[10.40951,46.72741],[10.4092,46.72803],[10.40782,46.72911],[10.40609,46.72994],[10.404,46.73049],[10.40236,46.73157],[10.40108,46.7321],[10.40007,46.73294],[10.40128,46.73434],[10.40339,46.73495],[10.40525,46.7358],[10.40648,46.73591],[10.40743,46.73697],[10.40835,46.73741],[10.40976,46.73756],[10.41198,46.73882],[10.41166,46.73933],[10.41292,46.74079],[10.42308,46.74527],[10.42848,46.74839],[10.43547,46.75261],[10.43883,46.75284],[10.44122,46.75216],[10.44179,46.75223],[10.44268,46.75387],[10.44309,46.75616],[10.44354,46.75669],[10.44393,46.7601],[10.44366,46.76131],[10.44402,46.76237],[10.44377,46.7634],[10.44232,46.7652],[10.44259,46.76551],[10.44168,46.76726],[10.44199,46.76812],[10.44153,46.76892],[10.44182,46.77117],[10.4417,46.77179],[10.44097,46.77257],[10.44048,46.77401],[10.43973,46.77424],[10.43951,46.7751],[10.4381,46.77603],[10.43705,46.77635],[10.43514,46.77754],[10.43441,46.77824],[10.43379,46.77992],[10.4341,46.78034],[10.43401,46.78153],[10.43281,46.78234],[10.43137,46.78259],[10.42975,46.78392],[10.42926,46.78517],[10.42696,46.78578],[10.42443,46.78684],[10.42359,46.78696],[10.42272,46.78824],[10.42661,46.78977],[10.42794,46.79134],[10.42734,46.79204],[10.42678,46.79369],[10.42772,46.79387],[10.42948,46.79526],[10.42956,46.79678],[10.43233,46.79719],[10.43542,46.79735],[10.43899,46.79764],[10.44268,46.79898],[10.44525,46.80061],[10.44663,46.80089],[10.44751,46.80074],[10.44878,46.80263],[10.44824,46.80331],[10.44953,46.80334],[10.45078,46.80435],[10.45091,46.80586],[10.45205,46.80644],[10.45354,46.80869],[10.45424,46.81032],[10.45437,46.81239],[10.45639,46.8139],[10.45769,46.81605],[10.4578,46.81673],[10.45684,46.81727],[10.45604,46.81842],[10.45643,46.82016],[10.45584,46.82098],[10.45598,46.82212],[10.45752,46.82305],[10.46043,46.82454],[10.45981,46.82509],[10.45918,46.82635],[10.45905,46.82712],[10.45782,46.82807],[10.45744,46.82902],[10.45673,46.82958],[10.4566,46.83019],[10.45787,46.83071],[10.45902,46.83156],[10.45993,46.83313],[10.46028,46.83427],[10.46009,46.83474],[10.46309,46.83443],[10.46398,46.83453],[10.46549,46.83513],[10.46651,46.83586],[10.46609,46.83714],[10.46636,46.83904],[10.46613,46.83963],[10.46488,46.83988],[10.46385,46.8412],[10.46445,46.84223],[10.46514,46.84259],[10.46653,46.84388],[10.46638,46.84438],[10.46804,46.84611],[10.46887,46.84777],[10.47043,46.84842],[10.47182,46.8487],[10.47151,46.84931],[10.46965,46.85491],[10.46842,46.8599],[10.46801,46.86211],[10.4703,46.8667],[10.47108,46.87145],[10.47126,46.87296],[10.46974,46.87717],[10.46923,46.8811],[10.46726,46.88285],[10.46689,46.88346],[10.4647,46.88428],[10.46919,46.88932],[10.47221,46.89118],[10.47213,46.89213],[10.47294,46.8929],[10.47509,46.89429],[10.47519,46.89565],[10.47566,46.89734],[10.47508,46.89853],[10.47527,46.90132],[10.47697,46.90251],[10.47774,46.90345],[10.47756,46.905],[10.47869,46.90756],[10.47873,46.90892],[10.47833,46.90974],[10.47868,46.91079],[10.4801,46.91136],[10.48196,46.91188],[10.48348,46.91259],[10.48401,46.91348],[10.48523,46.91436],[10.48622,46.91546],[10.48604,46.91739],[10.48528,46.91862],[10.4855,46.91918],[10.48684,46.92044],[10.48638,46.922],[10.48695,46.92273],[10.48711,46.92414],[10.48789,46.92516],[10.48831,46.92628],[10.48805,46.92802],[10.48696,46.92918],[10.48657,46.929],[10.48551,46.92982],[10.48529,46.93144],[10.48594,46.93303],[10.48802,46.93436],[10.48689,46.93462],[10.48735,46.93598],[10.48935,46.93779],[10.48808,46.93874],[10.48673,46.93864],[10.48483,46.939],[10.48337,46.93904],[10.48118,46.94007],[10.48001,46.94027],[10.47878,46.94014],[10.47667,46.94104],[10.47607,46.94111],[10.47557,46.94211],[10.47493,46.94251],[10.47311,46.94292],[10.47233,46.94381],[10.47229,46.94455],[10.4717,46.94514],[10.47067,46.94523],[10.46954,46.94611],[10.46882,46.9471],[10.46681,46.94746],[10.46541,46.94805],[10.46438,46.94796],[10.46244,46.94863],[10.46108,46.94968],[10.45995,46.94972],[10.45839,46.95073],[10.45692,46.95085],[10.45671,46.95159],[10.4558,46.95271],[10.45482,46.95292],[10.4532,46.95256],[10.45113,46.95235],[10.44915,46.95231],[10.44821,46.95291],[10.44591,46.95334],[10.44435,46.95377],[10.44314,46.95369],[10.44264,46.95411],[10.4415,46.95425],[10.44074,46.95387],[10.43857,46.95452],[10.43816,46.95543],[10.43748,46.95589],[10.43677,46.95575],[10.43437,46.95635],[10.42958,46.95598],[10.42864,46.95615],[10.42638,46.95732],[10.42573,46.95826],[10.42386,46.9589],[10.42339,46.95956],[10.42238,46.95995],[10.42201,46.96078],[10.42289,46.96176],[10.42311,46.96446],[10.42294,46.96553],[10.42468,46.96698],[10.42497,46.96782],[10.42579,46.96843],[10.42625,46.96918],[10.42637,46.97056],[10.42709,46.97122],[10.42692,46.97202],[10.4275,46.9727],[10.42699,46.97354],[10.42714,46.97495],[10.42659,46.97568],[10.42464,46.97703],[10.42362,46.97823],[10.42099,46.97921],[10.42058,46.97994],[10.41785,46.98113],[10.41669,46.98125],[10.41474,46.98173],[10.4125,46.98264],[10.41198,46.98356],[10.41078,46.98402],[10.41039,46.98486],[10.40969,46.98535],[10.40874,46.98661],[10.40793,46.98721],[10.40679,46.98855],[10.40218,46.99085],[10.4008,46.99256],[10.39998,46.99459],[10.39871,46.99688],[10.39831,46.99714],[10.39427,46.9987],[10.38931,47.00052],[10.38863,47.00029],[10.38543,46.9999],[10.3847,46.99999],[10.38338,46.99927],[10.38218,46.99831],[10.38178,46.9976],[10.38029,46.99702],[10.37979,46.99622],[10.37923,46.99608],[10.37841,46.99485],[10.37604,46.99357],[10.37387,46.99257],[10.37309,46.99201],[10.37205,46.99067],[10.36787,46.9909],[10.36704,46.99142],[10.36587,46.99154],[10.36461,46.99116],[10.36311,46.99161],[10.35985,46.99166],[10.35878,46.99145],[10.35774,46.99187],[10.35633,46.99199],[10.35499,46.99236],[10.35435,46.99194],[10.34992,46.99101],[10.34902,46.99066],[10.34834,46.98975],[10.34759,46.98945],[10.34662,46.98955],[10.34616,46.98806],[10.3461,46.98649],[10.3463,46.98591],[10.34572,46.98534],[10.34455,46.98271],[10.34285,46.982],[10.34205,46.9823],[10.34118,46.98205],[10.33999,46.9813],[10.34011,46.98034],[10.33985,46.97961],[10.34072,46.97837],[10.33979,46.97698],[10.33675,46.97463],[10.33566,46.97323],[10.33452,46.97252],[10.33461,46.97136],[10.334,46.97009],[10.33408,46.96947],[10.33321,46.96853],[10.33314,46.96798],[10.33123,46.96691],[10.33058,46.96524],[10.3295,46.96427],[10.32962,46.96393],[10.32912,46.96212],[10.32943,46.96119],[10.32967,46.95895],[10.32912,46.95727],[10.32836,46.95646],[10.32835,46.95562],[10.32783,46.95397],[10.32611,46.95327],[10.32565,46.95263],[10.32455,46.95218],[10.32347,46.95209],[10.32085,46.95144],[10.31917,46.95176],[10.31585,46.9515],[10.31378,46.9512],[10.30936,46.9502],[10.30932,46.94957],[10.30855,46.9488],[10.30773,46.94707],[10.30779,46.94581],[10.30855,46.94335],[10.30714,46.94228],[10.30627,46.94105],[10.30617,46.94014],[10.307,46.93867],[10.30763,46.93809],[10.30901,46.93754],[10.31003,46.93582],[10.31127,46.93478],[10.31275,46.93444],[10.31393,46.93333],[10.31488,46.93291],[10.31553,46.93212],[10.31698,46.9311],[10.31697,46.92875],[10.31678,46.92789],[10.31704,46.92703],[10.31699,46.92593],[10.31596,46.92522],[10.31411,46.92516],[10.30953,46.92582],[10.30714,46.92526],[10.30511,46.92538],[10.30308,46.92518],[10.30046,46.92451],[10.29926,46.92334],[10.29894,46.92244],[10.29751,46.92112],[10.29688,46.91995],[10.29355,46.92186],[10.29211,46.92242],[10.29104,46.92326],[10.2899,46.92289],[10.26689,46.92883],[10.26223,46.9294],[10.25985,46.92949],[10.2575,46.92977],[10.25632,46.93012],[10.25247,46.93072],[10.24169,46.93163],[10.24057,46.93125],[10.24161,46.92946],[10.24156,46.92789],[10.24061,46.92575],[10.24081,46.92447],[10.24063,46.92396],[10.24103,46.92265],[10.24114,46.921],[10.24221,46.91936],[10.24052,46.91703],[10.23795,46.91597],[10.23721,46.91585],[10.23719,46.91496],[10.23591,46.91338],[10.23644,46.91195],[10.23599,46.91097],[10.23605,46.91034],[10.23526,46.90964],[10.2346,46.90788],[10.23475,46.90709],[10.23445,46.9061],[10.23392,46.90569],[10.23438,46.90406],[10.234,46.9036],[10.23374,46.90239],[10.23331,46.90164],[10.2321,46.9004],[10.23186,46.89981],[10.22934,46.89774],[10.2281,46.89741],[10.22607,46.89646],[10.22573,46.89594],[10.22682,46.89547],[10.22727,46.89421],[10.22663,46.89306],[10.22753,46.89193],[10.22716,46.89142],[10.22761,46.8902],[10.22825,46.88962],[10.22944,46.8891],[10.23069,46.889],[10.23193,46.88793],[10.23295,46.88649],[10.23398,46.88591],[10.23484,46.88468],[10.23446,46.88403],[10.23401,46.88234],[10.23454,46.88019],[10.23405,46.87942],[10.23393,46.87783],[10.23248,46.87606],[10.23238,46.87384],[10.23291,46.87255],[10.23251,46.8716],[10.23275,46.8709],[10.23085,46.86944],[10.23136,46.86784],[10.23193,46.86673],[10.23074,46.86638],[10.22786,46.86614],[10.22495,46.86635],[10.22263,46.86638],[10.22056,46.8672],[10.21853,46.86721],[10.21649,46.86669],[10.21528,46.86611],[10.2092,46.86481],[10.20775,46.86517],[10.20505,46.86513],[10.20383,46.86461],[10.20244,46.86535],[10.2013,46.86565],[10.19995,46.86641],[10.19902,46.86663],[10.19643,46.86665],[10.19367,46.86644],[10.19251,46.86459],[10.19121,46.86298],[10.18949,46.86182],[10.18661,46.86085],[10.18568,46.86067],[10.18477,46.85953],[10.18351,46.85901],[10.18279,46.85751],[10.1828,46.85652],[10.18202,46.85567],[10.18031,46.85479],[10.17909,46.85467],[10.1785,46.85404],[10.17658,46.85386],[10.17548,46.85354],[10.1742,46.85369],[10.17177,46.85366],[10.17077,46.85276],[10.17085,46.85216],[10.17034,46.8513],[10.16872,46.85061],[10.16395,46.85105],[10.1627,46.85099],[10.1618,46.85059],[10.15989,46.849],[10.15742,46.84786],[10.15614,46.84852],[10.15571,46.84971],[10.15498,46.85018],[10.15286,46.85063],[10.15181,46.85052],[10.1503,46.85099],[10.14942,46.85092],[10.14845,46.85128],[10.14708,46.85141],[10.14497,46.851],[10.14471,46.84984],[10.14344,46.84876],[10.13942,46.84738],[10.1378,46.8475],[10.13571,46.8474],[10.1331,46.84764],[10.13159,46.8474],[10.13018,46.84782],[10.12856,46.8477],[10.12572,46.84806],[10.12478,46.84805],[10.12292,46.84844],[10.12217,46.84732],[10.12135,46.84719],[10.11993,46.84738],[10.12016,46.84638],[10.1194,46.84553],[10.11924,46.84422],[10.11837,46.84431],[10.11712,46.84375],[10.1165,46.84395],[10.1142,46.8432],[10.11393,46.84267],[10.11304,46.84217],[10.11142,46.84203],[10.11076,46.84164],[10.10957,46.84181],[10.10795,46.84128],[10.10631,46.84142],[10.10516,46.8409],[10.10392,46.84245],[10.10295,46.84305],[10.10258,46.84422],[10.10093,46.84587],[10.09912,46.84712],[10.09844,46.84721],[10.09629,46.84915],[10.09618,46.84961],[10.09337,46.85053],[10.09248,46.85128],[10.09205,46.85388],[10.09165,46.85431],[10.09189,46.85535],[10.09297,46.8571],[10.09261,46.85817],[10.09136,46.85897],[10.08943,46.85948],[10.08833,46.86008],[10.08721,46.86118],[10.08594,46.86064],[10.08392,46.86032],[10.08113,46.86038],[10.07747,46.86155],[10.07494,46.86194],[10.0707,46.86141],[10.06863,46.86123],[10.06769,46.86147],[10.06552,46.86136],[10.06333,46.86156],[10.06072,46.86073],[10.05957,46.86077],[10.05691,46.86206],[10.0557,46.8616],[10.05489,46.8617],[10.05318,46.8632],[10.05158,46.86373],[10.05091,46.86442],[10.05089,46.86621],[10.05116,46.86685],[10.05067,46.8686],[10.05111,46.87064],[10.05055,46.87091],[10.05185,46.87207],[10.05199,46.8728],[10.05147,46.87336],[10.05241,46.87478],[10.05242,46.87589],[10.05164,46.87652],[10.04983,46.8772],[10.04868,46.87812],[10.04677,46.87909],[10.0455,46.87994],[10.04398,46.88033],[10.04245,46.88044],[10.04215,46.88174],[10.04125,46.88296],[10.04125,46.88393],[10.04045,46.88442],[10.03893,46.88611],[10.03764,46.88676],[10.03615,46.88663],[10.03462,46.88674],[10.03392,46.88728],[10.03228,46.88799],[10.03231,46.88856],[10.03155,46.88945],[10.03073,46.88977],[10.03018,46.89073],[10.02913,46.89128],[10.02855,46.89203],[10.02848,46.89274],[10.02772,46.89425],[10.027,46.89474],[10.02648,46.89581],[10.02585,46.89582],[10.02428,46.89647],[10.02338,46.89649],[10.02222,46.89738],[10.02232,46.89772],[10.02108,46.89848],[10.01987,46.89878],[10.01851,46.90065],[10.0186,46.90112],[10.01771,46.90162],[10.0161,46.90059],[10.01449,46.90012],[10.01291,46.90049],[10.01167,46.90031],[10.0098,46.90052],[10.00823,46.89988],[10.00804,46.89949],[10.0067,46.89937],[10.00582,46.89886],[10.00495,46.89889],[10.00214,46.89943],[9.99998,46.9003],[9.99877,46.90115],[9.99562,46.90228],[9.9933,46.90226],[9.99013,46.90248],[9.98949,46.90313],[9.98797,46.9039],[9.98682,46.90553],[9.98599,46.90542],[9.98244,46.9062],[9.98156,46.90829],[9.98224,46.90928],[9.98218,46.91],[9.98136,46.91133],[9.98179,46.91192],[9.98065,46.91275],[9.98079,46.91337],[9.98001,46.91418],[9.97881,46.91471],[9.97788,46.91588],[9.97471,46.91565],[9.97286,46.91492],[9.97266,46.91423],[9.97138,46.91337],[9.96861,46.91301],[9.96783,46.91253],[9.96658,46.91222],[9.96531,46.91236],[9.96434,46.91276],[9.96312,46.9124],[9.96284,46.91315],[9.96223,46.91345],[9.9615,46.91464],[9.95959,46.91542],[9.95908,46.91602],[9.95447,46.91532],[9.95316,46.91464],[9.95208,46.91433],[9.94989,46.91427],[9.94929,46.91361],[9.94795,46.91324],[9.94613,46.91235],[9.94351,46.91312],[9.94198,46.91329],[9.94083,46.91304],[9.93724,46.91331],[9.93046,46.91578],[9.92983,46.91631],[9.92839,46.91688],[9.92674,46.91704],[9.92154,46.91882],[9.92126,46.91928],[9.91783,46.92089],[9.91656,46.92167],[9.91594,46.92332],[9.91524,46.92433],[9.91212,46.92609],[9.91146,46.92551],[9.90993,46.92552],[9.90796,46.92492],[9.90633,46.9253],[9.90616,46.92583],[9.90426,46.92603],[9.90255,46.92685],[9.90146,46.92667],[9.90004,46.92734],[9.89939,46.92861],[9.89854,46.92934],[9.89774,46.9296],[9.89767,46.93021],[9.89603,46.93083],[9.89487,46.93153],[9.89354,46.93172],[9.8914,46.93178],[9.88918,46.93227],[9.88876,46.93213],[9.88566,46.93286],[9.88442,46.93302],[9.88352,46.93345],[9.88317,46.93419],[9.88173,46.93445],[9.88131,46.93484],[9.87993,46.93507],[9.87768,46.9343],[9.87653,46.93466],[9.8763,46.93513],[9.87705,46.93633],[9.87769,46.93813],[9.8783,46.93852],[9.87955,46.93875],[9.88028,46.93931],[9.88064,46.94022],[9.87912,46.94071],[9.87792,46.9404],[9.87658,46.94071],[9.87722,46.94235],[9.87699,46.94257],[9.87648,46.94456],[9.87677,46.94483],[9.87661,46.94644],[9.87636,46.94683],[9.87667,46.94774],[9.87526,46.94919],[9.87489,46.95039],[9.877,46.95138],[9.87722,46.95252],[9.87777,46.95291],[9.87735,46.95431],[9.87822,46.95524],[9.87881,46.95659],[9.87736,46.95841],[9.87477,46.95949],[9.87328,46.96049],[9.87308,46.96131],[9.87126,46.96309],[9.8724,46.96516],[9.87414,46.96592],[9.87547,46.96726],[9.87554,46.96829],[9.87619,46.96935],[9.87601,46.97013],[9.8747,46.97172],[9.87558,46.97336],[9.87617,46.97406],[9.87742,46.97485],[9.87915,46.97524],[9.87993,46.97703],[9.88266,46.97895],[9.88313,46.97977],[9.88456,46.98085],[9.8831,46.98327],[9.88464,46.98436],[9.88483,46.98546],[9.88718,46.98656],[9.88761,46.98702],[9.88921,46.98743],[9.89197,46.98893],[9.89175,46.98925],[9.89216,46.99045],[9.89059,46.99185],[9.89007,46.99306],[9.89018,46.99378],[9.8895,46.99442],[9.88934,46.99527],[9.88973,46.99631],[9.88926,46.99706],[9.88914,46.99926],[9.88871,47.00032],[9.8852,47.00185],[9.88338,47.0021],[9.88221,47.00284],[9.87958,47.00396],[9.87905,47.00371],[9.87327,47.00635],[9.87294,47.0067],[9.87333,47.00747],[9.87257,47.00855],[9.87094,47.00957],[9.87202,47.01043],[9.87102,47.01245],[9.87116,47.01306],[9.87336,47.01406],[9.87541,47.01423],[9.87727,47.01625],[9.8792,47.01652],[9.88036,47.01722],[9.88039,47.01794],[9.87957,47.01823],[9.87919,47.01976],[9.87775,47.02034],[9.87626,47.02123],[9.87499,47.02118],[9.87381,47.02153],[9.87165,47.02138],[9.87119,47.02159],[9.86948,47.02116],[9.86868,47.02143],[9.86719,47.02132],[9.86691,47.0216],[9.86544,47.02157],[9.863,47.02218],[9.86158,47.02233],[9.86067,47.02331],[9.85975,47.02321],[9.85697,47.0188],[9.85549,47.01792],[9.85367,47.01722],[9.85274,47.01641],[9.85088,47.01629],[9.84874,47.01633],[9.84617,47.01622],[9.84306,47.01516],[9.84102,47.01512],[9.83878,47.01374],[9.83815,47.01295],[9.83643,47.01282],[9.83556,47.01324],[9.83417,47.01353],[9.83386,47.01424],[9.83307,47.01459],[9.83076,47.01432],[9.83043,47.0153],[9.82875,47.01682],[9.8257,47.01772],[9.82453,47.01864],[9.82414,47.01962],[9.82276,47.01997],[9.82207,47.02038],[9.82052,47.02075],[9.82018,47.02111],[9.81758,47.02198],[9.81546,47.02254],[9.8138,47.02192],[9.81233,47.02173],[9.81134,47.02243],[9.80968,47.02288],[9.80939,47.02352],[9.80755,47.02363],[9.80574,47.02545],[9.80414,47.02663],[9.80105,47.02815],[9.80153,47.02894],[9.79963,47.02967],[9.79819,47.0297],[9.79798,47.03008],[9.79566,47.03021],[9.79532,47.03092],[9.79316,47.03122],[9.7919,47.03169],[9.79097,47.0328],[9.79111,47.03308],[9.78965,47.03476],[9.78669,47.03579],[9.78567,47.03652],[9.78507,47.03751],[9.78492,47.03848],[9.78237,47.03843],[9.78111,47.03797],[9.78021,47.03838],[9.77832,47.03882],[9.77772,47.03851],[9.77618,47.03861],[9.77492,47.0391],[9.77378,47.03882],[9.77197,47.0389],[9.76753,47.03878],[9.76527,47.03807],[9.76433,47.03799],[9.76309,47.03737],[9.76175,47.03767],[9.76038,47.03732],[9.75887,47.03738],[9.75849,47.03781],[9.75696,47.03784],[9.7562,47.03723],[9.75472,47.03725],[9.75409,47.03686],[9.75273,47.03671],[9.75197,47.03687],[9.74746,47.03706],[9.7461,47.03877],[9.74532,47.03913],[9.74565,47.03966],[9.74526,47.04107],[9.74445,47.0415],[9.74224,47.04149],[9.74174,47.0426],[9.73812,47.04189],[9.73721,47.04212],[9.73464,47.0423],[9.73158,47.04346],[9.72873,47.04331],[9.72778,47.0436],[9.72529,47.04399],[9.72272,47.04387],[9.72181,47.04368],[9.7204,47.04392],[9.71976,47.04347],[9.71856,47.04334],[9.71717,47.04402],[9.71684,47.04486],[9.71496,47.04515],[9.71398,47.0458],[9.7132,47.0457],[9.71116,47.04659],[9.70848,47.04731],[9.70676,47.04833],[9.70568,47.05035],[9.70816,47.05138],[9.70852,47.05178],[9.70804,47.05343],[9.70705,47.05377],[9.70417,47.05261],[9.7016,47.0522],[9.70047,47.05248],[9.69757,47.05239],[9.69665,47.05297],[9.69507,47.05351],[9.69304,47.05396],[9.6925,47.05459],[9.69004,47.0551],[9.6882,47.05522],[9.68798,47.05578],[9.68632,47.05636],[9.68331,47.05829],[9.68203,47.05895],[9.68265,47.06033],[9.68185,47.0621],[9.67984,47.06221],[9.67744,47.0614],[9.67586,47.06056],[9.67505,47.06065],[9.67402,47.06006],[9.67267,47.05971],[9.6716,47.05981],[9.66926,47.05925],[9.66666,47.05994],[9.66517,47.05991],[9.66279,47.0595],[9.66133,47.05875],[9.659,47.05823],[9.65735,47.05818],[9.65629,47.05849],[9.65428,47.05833],[9.65319,47.05878],[9.64883,47.05951],[9.64738,47.05943],[9.64507,47.05977],[9.64371,47.05908],[9.6432,47.05743],[9.64244,47.05706],[9.64115,47.05516],[9.64133,47.05392],[9.63734,47.05225],[9.63655,47.0517],[9.63527,47.05168],[9.63268,47.05125],[9.63001,47.0514],[9.62755,47.05176],[9.62634,47.05133],[9.6251,47.05235],[9.62422,47.0525],[9.62222,47.05246],[9.62003,47.05331],[9.61721,47.05362],[9.61631,47.05483],[9.61312,47.05626],[9.61225,47.0572],[9.61081,47.05762],[9.60978,47.05886],[9.60858,47.05944],[9.60721,47.06071],[9.6051,47.06121],[9.60348,47.06177],[9.60156,47.06094],[9.60096,47.05987],[9.59977,47.05897],[9.598,47.05893],[9.5957,47.05819],[9.59357,47.05722],[9.5917,47.05715],[9.58912,47.05568],[9.58807,47.05485],[9.58704,47.05476],[9.58342,47.05369],[9.58218,47.05282],[9.57934,47.05282],[9.57888,47.05309],[9.57602,47.05327],[9.57363,47.05265],[9.57292,47.05276],[9.5721,47.0521],[9.56857,47.05181],[9.56458,47.05084],[9.56238,47.04945],[9.56146,47.04937],[9.55979,47.04857],[9.55895,47.04843],[9.55693,47.04851],[9.55517,47.05031],[9.55439,47.0505],[9.5535,47.05309],[9.55328,47.05698],[9.55163,47.05884],[9.55058,47.05926],[9.54895,47.06097],[9.5476,47.06158],[9.54471,47.06238],[9.54321,47.06368],[9.5408,47.06449],[9.53996,47.06498],[9.53534,47.06423],[9.53213,47.06294],[9.53061,47.06304],[9.51655,47.06009],[9.51538,47.05852],[9.51415,47.05734],[9.51208,47.05682],[9.50277,47.05622],[9.50001,47.05713],[9.49934,47.05481],[9.49954,47.05415],[9.4974,47.05416],[9.49333,47.05651],[9.49132,47.05625],[9.49078,47.05564],[9.49008,47.05425],[9.48833,47.05271],[9.48576,47.04909],[9.48438,47.04926],[9.48273,47.05177],[9.4819,47.05254],[9.48168,47.05343],[9.4818,47.05468],[9.48228,47.05612],[9.48106,47.05607],[9.4801,47.05538],[9.4788,47.05565],[9.4769,47.0546],[9.47628,47.05346],[9.47683,47.05212],[9.4758,47.05175],[9.47725,47.04905],[9.47845,47.04748],[9.48148,47.04408],[9.48524,47.0403],[9.49705,47.028],[9.50607,47.01869],[9.50711,47.01744],[9.50837,47.01556],[9.50834,47.0151],[9.50985,47.01142],[9.51069,47.00914],[9.51157,47.00805],[9.51864,47.00054],[9.52159,46.99762],[9.53179,46.98868],[9.53924,46.98218],[9.54558,46.97657],[9.5422,46.97462],[9.54123,46.97429],[9.54015,46.97458],[9.53876,46.97463],[9.53581,46.97446],[9.53488,46.97464],[9.53274,46.9741],[9.53139,46.97395],[9.53017,46.97414],[9.52865,46.97387],[9.52772,46.97285],[9.52706,46.97296],[9.52621,46.97245],[9.52521,46.97237],[9.52303,46.97256],[9.52154,46.97199],[9.52092,46.97143],[9.51895,46.97035],[9.51894,46.97],[9.5174,46.96839],[9.51731,46.96745],[9.51871,46.9651],[9.51836,46.96422],[9.51773,46.96361],[9.51859,46.96259],[9.51814,46.96052],[9.51854,46.95805],[9.51845,46.95717],[9.51883,46.9565],[9.51826,46.95565],[9.5155,46.955],[9.51118,46.95478],[9.50588,46.95419],[9.50461,46.95367],[9.50399,46.95164],[9.5032,46.95054],[9.50344,46.94993],[9.50293,46.94934],[9.50104,46.94934],[9.50021,46.94959],[9.4996,46.94792],[9.49885,46.94689],[9.49863,46.94508],[9.49708,46.94412],[9.49699,46.9432],[9.4963,46.94267],[9.49651,46.94214],[9.49574,46.94183],[9.49611,46.94034],[9.49427,46.94035],[9.49287,46.93921],[9.49372,46.93771],[9.49041,46.93665],[9.48653,46.93552],[9.48668,46.93323],[9.48579,46.93109],[9.48573,46.93038],[9.48328,46.9277],[9.48044,46.92598],[9.47913,46.92221],[9.47821,46.92067],[9.47779,46.92056],[9.47818,46.91802],[9.47865,46.91665],[9.47858,46.91568],[9.48033,46.91533],[9.48247,46.91419],[9.488,46.91229],[9.48546,46.91041],[9.48228,46.90821],[9.48009,46.90749],[9.47752,46.90713],[9.47543,46.90642],[9.47481,46.90544],[9.47234,46.90405],[9.47208,46.90331],[9.47136,46.90262],[9.47102,46.90142],[9.46726,46.89988],[9.46736,46.89804],[9.46779,46.89633],[9.46877,46.8951],[9.46864,46.89422],[9.46975,46.89147],[9.46883,46.89077],[9.46885,46.88931],[9.46778,46.88727],[9.46683,46.88608],[9.46606,46.88589],[9.46421,46.88644],[9.4621,46.88662],[9.46054,46.88637],[9.4583,46.88665],[9.45593,46.8864],[9.45426,46.88605],[9.45412,46.88488],[9.45516,46.88403],[9.45568,46.88299],[9.45537,46.88242],[9.45595,46.88121],[9.45579,46.88025],[9.45466,46.87819],[9.45429,46.87688],[9.45309,46.87602],[9.45255,46.87461],[9.45084,46.87409],[9.44887,46.87288],[9.44824,46.87352],[9.44589,46.87505],[9.445,46.87587],[9.44365,46.87642],[9.44118,46.87809],[9.44065,46.87877],[9.43781,46.87974],[9.43646,46.88147],[9.43575,46.88175],[9.43491,46.88308],[9.43417,46.88331],[9.43326,46.88457],[9.42821,46.88554],[9.42532,46.88766],[9.4199,46.88956],[9.41901,46.88951],[9.4159,46.89009],[9.41387,46.89117],[9.41113,46.89136],[9.40995,46.89197],[9.40753,46.89209],[9.40511,46.89237],[9.4006,46.89234],[9.39942,46.89213],[9.39886,46.89262],[9.3943,46.89341],[9.3928,46.89394],[9.39177,46.89476],[9.391,46.89494],[9.3895,46.8958],[9.38729,46.89661],[9.3817,46.89763],[9.37901,46.89741],[9.37466,46.89729],[9.37203,46.89737],[9.36801,46.89772],[9.36652,46.89738],[9.36551,46.89692],[9.36487,46.89719],[9.36125,46.89733],[9.35939,46.89767],[9.35553,46.89811],[9.35324,46.89858],[9.35228,46.89918],[9.3511,46.89889],[9.34903,46.89951],[9.34704,46.89967],[9.34612,46.8995],[9.34311,46.89848],[9.33868,46.90203],[9.33747,46.90192],[9.33455,46.90207],[9.3335,46.90182],[9.33045,46.90179],[9.32577,46.90118],[9.32485,46.90038],[9.32385,46.90086],[9.32191,46.9006],[9.3207,46.90093],[9.31763,46.90123],[9.31635,46.90224],[9.31518,46.90277],[9.3127,46.90472],[9.30994,46.90576],[9.30539,46.90564],[9.30352,46.90588],[9.30106,46.90548],[9.29733,46.90629],[9.29534,46.90642],[9.29427,46.90694],[9.29331,46.90708],[9.29213,46.9069],[9.29074,46.90696],[9.28906,46.90629],[9.28692,46.90506],[9.2851,46.90543],[9.28265,46.90621],[9.28205,46.90671],[9.28046,46.90723],[9.2769,46.90735],[9.27408,46.90673],[9.27309,46.90634],[9.27121,46.90519],[9.26892,46.90418],[9.26788,46.90319],[9.26671,46.90332],[9.2634,46.90548],[9.26179,46.90592],[9.2575,46.90839],[9.25681,46.9092],[9.25494,46.91245],[9.25436,46.91323],[9.2489,46.91627],[9.24747,46.91533],[9.24485,46.91449],[9.24369,46.91256],[9.24165,46.91099],[9.24092,46.90906],[9.23969,46.9079],[9.23649,46.90847],[9.23456,46.90829],[9.2332,46.90754],[9.22994,46.9064],[9.22852,46.90621],[9.2266,46.9056],[9.22629,46.90456],[9.22523,46.90352],[9.22453,46.90193],[9.22457,46.90154],[9.22235,46.89957],[9.2213,46.89814],[9.21936,46.89679],[9.21911,46.89622],[9.21799,46.89514],[9.21797,46.89477],[9.21633,46.89408],[9.21466,46.89291],[9.21481,46.89234],[9.21409,46.89173],[9.21304,46.89195],[9.2111,46.8893],[9.20913,46.8882],[9.20706,46.88739],[9.20611,46.88675],[9.20589,46.88603],[9.20413,46.88309],[9.2028,46.8831],[9.20123,46.88193],[9.19992,46.88065],[9.19873,46.88044],[9.19787,46.88061],[9.19567,46.88006],[9.19529,46.87968],[9.19329,46.87909],[9.1915,46.87873],[9.18937,46.87763],[9.18875,46.87746],[9.18824,46.87643],[9.18626,46.87751],[9.182,46.8786],[9.17746,46.87911],[9.16124,46.87935],[9.15763,46.87967],[9.15617,46.87939],[9.15472,46.87946],[9.15301,46.87983],[9.15681,46.87393],[9.15567,46.87361],[9.15467,46.873],[9.15227,46.87216],[9.15047,46.8725],[9.14898,46.87232],[9.14751,46.87146],[9.1467,46.87122],[9.14452,46.86942],[9.14462,46.86843],[9.14428,46.8673],[9.14347,46.86701],[9.14303,46.86636],[9.14192,46.8657],[9.14156,46.86407],[9.14052,46.86352],[9.14056,46.86184],[9.13793,46.86172],[9.1361,46.86121],[9.13439,46.86042],[9.13377,46.85992],[9.13242,46.8596],[9.1308,46.85967],[9.12831,46.8588],[9.12754,46.85732],[9.12692,46.85659],[9.1254,46.85545],[9.12377,46.85535],[9.1224,46.85483],[9.12135,46.85501],[9.11956,46.8547],[9.11719,46.85333],[9.1171,46.85306],[9.11403,46.85224],[9.11282,46.8513],[9.11257,46.85064],[9.11133,46.85038],[9.10936,46.85082],[9.10487,46.85247],[9.10443,46.85355],[9.10391,46.85592],[9.10361,46.85969],[9.10108,46.86173],[9.09605,46.86685],[9.09468,46.86758],[9.09433,46.86925],[9.09494,46.87087],[9.09297,46.87105],[9.09088,46.87169],[9.08968,46.87175],[9.08733,46.87235],[9.08468,46.87225],[9.08408,46.87283],[9.08149,46.87357],[9.07901,46.87414],[9.07706,46.87507],[9.07517,46.87527],[9.07414,46.87509],[9.07187,46.87538],[9.06813,46.87471],[9.06689,46.87498],[9.06576,46.8748],[9.06472,46.8752],[9.06115,46.87382],[9.05803,46.87137],[9.05717,46.87012],[9.05538,46.86924],[9.05443,46.86829],[9.05254,46.86801],[9.05147,46.8675],[9.05006,46.8674],[9.04838,46.86704],[9.04517,46.86498],[9.04509,46.86002],[9.04456,46.8588],[9.04419,46.85551],[9.04479,46.85495],[9.04506,46.85343],[9.04608,46.85061],[9.04542,46.84964],[9.04257,46.84869],[9.03972,46.84726],[9.03878,46.84648],[9.03759,46.84511],[9.03689,46.84348],[9.0362,46.84274],[9.03373,46.83905],[9.03441,46.83534],[9.03412,46.83509],[9.03179,46.83424],[9.03,46.83303],[9.02936,46.83196],[9.02739,46.82993],[9.02543,46.82569],[9.0214,46.82174],[9.01998,46.81732],[9.00902,46.81118],[8.99889,46.81082],[8.99596,46.8103],[8.99098,46.80882],[8.98789,46.80831],[8.98572,46.80844],[8.98377,46.80807],[8.98071,46.8072],[8.97687,46.80764],[8.97412,46.80717],[8.97119,46.80695],[8.9689,46.80637],[8.96546,46.80645],[8.96384,46.80586],[8.96096,46.80552],[8.95775,46.80444],[8.95601,46.80485],[8.95332,46.80498],[8.95155,46.80362],[8.95073,46.8027],[8.94764,46.80234],[8.94644,46.80246],[8.9449,46.80229],[8.94305,46.80156],[8.94144,46.80066],[8.94018,46.79942],[8.93651,46.79885],[8.9348,46.79867],[8.93291,46.79776],[8.93075,46.79758],[8.92978,46.79733],[8.92808,46.79648],[8.92668,46.79777],[8.92365,46.79831],[8.92001,46.79812],[8.9181,46.79831],[8.91585,46.79916],[8.91534,46.79985],[8.91407,46.80061],[8.9134,46.8015],[8.91351,46.80219],[8.91446,46.80305],[8.91471,46.80499],[8.91507,46.80592],[8.91472,46.80678],[8.91466,46.80805],[8.91407,46.80861],[8.9146,46.80903],[8.91487,46.81115],[8.91261,46.81134],[8.91131,46.8111],[8.9084,46.81026],[8.90741,46.81025],[8.90618,46.81069],[8.9044,46.81085],[8.9025,46.81146],[8.90105,46.81175],[8.9,46.81247],[8.90033,46.81349],[8.89839,46.81423],[8.89701,46.81418],[8.89407,46.81379],[8.89182,46.81334],[8.89037,46.8141],[8.88847,46.81442],[8.88777,46.81419],[8.88605,46.81411],[8.88516,46.81387],[8.88397,46.81413],[8.88204,46.81374],[8.87705,46.81291],[8.87551,46.81133],[8.87424,46.80889],[8.87289,46.80823],[8.8719,46.80809],[8.87034,46.80754],[8.86947,46.80665],[8.86607,46.80673],[8.86495,46.80636],[8.86292,46.806],[8.85989,46.80569],[8.85881,46.80478],[8.85746,46.80397],[8.85753,46.80323],[8.85525,46.80196],[8.85481,46.80133],[8.85281,46.80017],[8.85255,46.79969],[8.84931,46.79881],[8.8473,46.79801],[8.84737,46.79728],[8.847,46.79647],[8.84787,46.79446],[8.84772,46.79351],[8.84666,46.79345],[8.84352,46.79368],[8.84109,46.79373],[8.83866,46.79512],[8.83628,46.79526],[8.83401,46.79504],[8.83309,46.79399],[8.8307,46.79259],[8.82815,46.79214],[8.82768,46.79164],[8.8272,46.78952],[8.82631,46.78835],[8.82661,46.78724],[8.82785,46.78619],[8.82795,46.78538],[8.82895,46.78354],[8.8288,46.78231],[8.8291,46.78183],[8.828,46.78016],[8.82816,46.77859],[8.82926,46.77716],[8.82923,46.77666],[8.82987,46.7757],[8.82999,46.77394],[8.83045,46.77331],[8.83036,46.77115],[8.83148,46.76953],[8.83291,46.76874],[8.83458,46.76685],[8.83282,46.76553],[8.83172,46.76433],[8.83057,46.76447],[8.82753,46.76547],[8.82542,46.76603],[8.82351,46.76478],[8.823,46.76464],[8.82259,46.76361],[8.82052,46.76316],[8.81855,46.76248],[8.81823,46.76174],[8.81855,46.76046],[8.81895,46.75991],[8.81857,46.7584],[8.8173,46.75804],[8.8161,46.75713],[8.81453,46.75526],[8.81397,46.75405],[8.81423,46.75331],[8.81372,46.75282],[8.81416,46.74998],[8.81382,46.74914],[8.81299,46.74822],[8.81292,46.74762],[8.81203,46.74721],[8.81123,46.7463],[8.81044,46.74492],[8.81114,46.74163],[8.81298,46.73731],[8.81165,46.73695],[8.80857,46.73509],[8.80678,46.73505],[8.80462,46.73444],[8.80357,46.73399],[8.80153,46.73259],[8.79953,46.73145],[8.79899,46.73173],[8.79755,46.73162],[8.79475,46.73172],[8.79355,46.73142],[8.79212,46.73136],[8.78924,46.73037],[8.7861,46.72984],[8.78538,46.72939],[8.78344,46.72887],[8.78199,46.72831],[8.78054,46.73121],[8.77942,46.73169],[8.77737,46.73223],[8.77635,46.73384],[8.77654,46.73443],[8.7755,46.73504],[8.77566,46.7359],[8.77352,46.73771],[8.77331,46.73887],[8.77278,46.73976],[8.77145,46.74021],[8.77017,46.74032],[8.76941,46.74095],[8.76977,46.74177],[8.76946,46.74307],[8.76959,46.74435],[8.76612,46.74478],[8.76373,46.74381],[8.76102,46.74293],[8.7589,46.74181],[8.75778,46.74155],[8.75616,46.7407],[8.75298,46.73814],[8.75103,46.73753],[8.74965,46.73642],[8.74764,46.73591],[8.7479,46.73518],[8.74722,46.73329],[8.74511,46.73172],[8.74548,46.73152],[8.74462,46.72984],[8.7444,46.72888],[8.74841,46.72249],[8.74909,46.72192],[8.74907,46.72074],[8.74754,46.71838],[8.74627,46.71773],[8.7457,46.71712],[8.7442,46.71669],[8.74302,46.71613],[8.74303,46.71552],[8.74213,46.71546],[8.7408,46.7146],[8.73749,46.71406],[8.73528,46.71303],[8.73447,46.71237],[8.73319,46.71185],[8.73242,46.71106],[8.73147,46.71053],[8.73004,46.70923],[8.72969,46.70869],[8.72812,46.7079],[8.72763,46.70744],[8.7261,46.70687],[8.72443,46.70667],[8.72308,46.70687],[8.72216,46.70673],[8.72014,46.70692],[8.71946,46.7065],[8.71771,46.70608],[8.71739,46.7053],[8.71768,46.70404],[8.7172,46.70258],[8.71652,46.70243],[8.71513,46.70155],[8.71129,46.70025],[8.71009,46.70019],[8.70899,46.69896],[8.70493,46.70094],[8.70404,46.70209],[8.70116,46.70339],[8.70021,46.70358],[8.69857,46.70348],[8.69671,46.70288],[8.69554,46.70283],[8.69259,46.70184],[8.6916,46.70098],[8.69065,46.69856],[8.6893,46.69616],[8.68629,46.69417],[8.68387,46.69465],[8.68248,46.69438],[8.68059,46.69505],[8.6783,46.69495],[8.67633,46.69421],[8.67436,46.69214],[8.67365,46.69091],[8.67396,46.68892],[8.67378,46.68824],[8.67507,46.68528],[8.67503,46.68405],[8.67399,46.68327],[8.67323,46.68231],[8.67285,46.68122],[8.67378,46.67951],[8.67422,46.67834],[8.67366,46.67672],[8.67414,46.6755],[8.67348,46.67263],[8.67361,46.67141],[8.67403,46.67069],[8.67714,46.66809],[8.67861,46.66426],[8.67542,46.66287],[8.67414,46.66142],[8.67155,46.65891],[8.66622,46.65597],[8.6614,46.65602],[8.65488,46.64997],[8.65606,46.6485],[8.65821,46.64777],[8.65842,46.64716],[8.65755,46.64498],[8.65644,46.64374],[8.65639,46.64321],[8.65748,46.64163],[8.65647,46.64084],[8.65571,46.63972],[8.6538,46.63931],[8.65347,46.63878],[8.65188,46.63794],[8.65107,46.63458],[8.65154,46.63402],[8.65367,46.63269],[8.65659,46.63133],[8.65645,46.62983],[8.65707,46.62908],[8.65801,46.62855],[8.65817,46.62697],[8.65796,46.62616],[8.65926,46.62493],[8.66097,46.62451],[8.66256,46.62343],[8.66388,46.62312],[8.66403,46.62168],[8.66779,46.6201],[8.67134,46.61961],[8.67404,46.62003],[8.67544,46.61971],[8.67668,46.61997],[8.67875,46.61599],[8.6783,46.61451],[8.67775,46.60936],[8.67847,46.60888],[8.67964,46.60562],[8.6795,46.60495],[8.67771,46.60321],[8.67754,46.60193],[8.67716,46.60158],[8.67729,46.60003],[8.67672,46.59937],[8.67728,46.59827],[8.68061,46.59505],[8.68056,46.59304],[8.68192,46.58853],[8.67875,46.57919]]]},"properties":{"area_code":"GR","area_name":"Graubünden","area_unit_id":"ch-canton-2026-swissboundaries3d:GR","boundary_set_id":"ch-canton-2026-swissboundaries3d","boundary_level":"canton","land_area_sq_km":7105.2963}},
{"type":"Feature","geometry":{"type":"Polygon","coordinates":[[[7.55221,47.34531],[7.55139,47.34537],[7.54832,47.34644],[7.54721,47.34658],[7.54495,47.34744],[7.54186,47.34778],[7.54067,47.34738],[7.53907,47.34756],[7.53814,47.34928],[7.53687,47.35019],[7.53799,47.35217],[7.53944,47.3532],[7.54011,47.35426],[7.54145,47.35574],[7.54086,47.35663],[7.53965,47.36012],[7.53641,47.35997],[7.53383,47.35966],[7.53277,47.36133],[7.53324,47.36196],[7.53229,47.36262],[7.53172,47.36235],[7.52993,47.363],[7.52798,47.36282],[7.52449,47.36378],[7.52175,47.36515],[7.52172,47.36622],[7.52464,47.36981],[7.52435,47.37162],[7.52373,47.37207],[7.5212,47.37214],[7.5205,47.37196],[7.51724,47.3723],[7.51449,47.37218],[7.5104,47.37224],[7.50685,47.37203],[7.506,47.37213],[7.50208,47.37192],[7.49992,47.37198],[7.4983,47.37172],[7.49714,47.37129],[7.49438,47.37064],[7.48743,47.36969],[7.48149,47.37079],[7.47942,47.37141],[7.47705,47.37119],[7.47427,47.37063],[7.47244,47.37064],[7.471,47.37026],[7.46749,47.37012],[7.46626,47.37054],[7.46439,47.3703],[7.46165,47.37051],[7.45972,47.371],[7.45683,47.3715],[7.45483,47.37222],[7.45384,47.37315],[7.45284,47.37458],[7.44852,47.37586],[7.44679,47.37661],[7.44498,47.37832],[7.44361,47.37867],[7.44145,47.37981],[7.44018,47.38028],[7.43613,47.37811],[7.43733,47.38089],[7.43368,47.37943],[7.42495,47.37955],[7.42001,47.37987],[7.41167,47.38059],[7.41628,47.38481],[7.41383,47.38866],[7.41366,47.38943],[7.41389,47.39337],[7.41481,47.39396],[7.41382,47.39458],[7.41249,47.39482],[7.4104,47.39475],[7.40886,47.39506],[7.40612,47.39512],[7.40534,47.39527],[7.40382,47.396],[7.40141,47.39677],[7.39894,47.39684],[7.39776,47.39916],[7.39742,47.40013],[7.39593,47.40339],[7.39378,47.40335],[7.3918,47.40303],[7.3887,47.40302],[7.38772,47.40419],[7.38619,47.40735],[7.38519,47.409],[7.38458,47.41034],[7.38406,47.41236],[7.37948,47.41278],[7.37803,47.41314],[7.37595,47.4141],[7.37392,47.41411],[7.37168,47.41384],[7.36817,47.414],[7.36309,47.41469],[7.3587,47.41517],[7.3573,47.41501],[7.3579,47.41658],[7.358,47.41816],[7.35539,47.41875],[7.35349,47.41968],[7.35214,47.4207],[7.34945,47.4213],[7.34842,47.42271],[7.34665,47.42329],[7.34608,47.42369],[7.34418,47.42442],[7.3436,47.4259],[7.34132,47.42655],[7.34096,47.42911],[7.34001,47.42978],[7.33815,47.42962],[7.33787,47.4301],[7.33217,47.4302],[7.32911,47.43143],[7.32621,47.43206],[7.32618,47.43262],[7.32528,47.43505],[7.32714,47.43654],[7.32815,47.43801],[7.32725,47.44005],[7.32554,47.43965],[7.32345,47.43867],[7.32277,47.43893],[7.32038,47.43837],[7.31927,47.43884],[7.31771,47.43866],[7.31642,47.43878],[7.31429,47.4386],[7.3126,47.43799],[7.31026,47.43816],[7.30806,47.43884],[7.30692,47.43899],[7.3024,47.43865],[7.30053,47.43649],[7.29951,47.43608],[7.29576,47.43567],[7.2948,47.43438],[7.29372,47.4337],[7.29266,47.43336],[7.29159,47.43359],[7.28846,47.43481],[7.28744,47.43478],[7.28693,47.43516],[7.28376,47.43514],[7.28143,47.4346],[7.28086,47.43352],[7.27967,47.43271],[7.27792,47.43248],[7.27749,47.43177],[7.27642,47.43139],[7.27396,47.43002],[7.27277,47.42876],[7.27145,47.42775],[7.2697,47.427],[7.2656,47.42663],[7.2628,47.42589],[7.2596,47.42541],[7.25545,47.42453],[7.2526,47.42344],[7.25039,47.42298],[7.25056,47.42269],[7.24942,47.42142],[7.24655,47.42034],[7.24541,47.42105],[7.24631,47.42218],[7.24622,47.42338],[7.24552,47.42473],[7.24578,47.42653],[7.24381,47.42782],[7.23903,47.42852],[7.23754,47.43058],[7.23851,47.4322],[7.23888,47.43329],[7.23776,47.43468],[7.23561,47.43705],[7.23345,47.43862],[7.22903,47.43989],[7.22558,47.44002],[7.22312,47.43973],[7.22103,47.43876],[7.21598,47.43745],[7.21491,47.4374],[7.21204,47.43666],[7.21093,47.436],[7.20949,47.43585],[7.20669,47.43485],[7.20561,47.43558],[7.19987,47.43518],[7.19686,47.43545],[7.1958,47.43542],[7.19511,47.43741],[7.19386,47.43841],[7.19252,47.43901],[7.18755,47.4401],[7.18073,47.4418],[7.17772,47.44234],[7.17561,47.44295],[7.17384,47.44314],[7.1702,47.44298],[7.16993,47.44375],[7.1721,47.44589],[7.17306,47.44749],[7.1734,47.4488],[7.17453,47.45015],[7.17501,47.45162],[7.17625,47.45387],[7.17683,47.45553],[7.17833,47.45853],[7.17751,47.45893],[7.17736,47.45983],[7.17891,47.4608],[7.17867,47.46185],[7.17903,47.46318],[7.17852,47.46411],[7.179,47.4643],[7.17896,47.46549],[7.17825,47.46637],[7.17867,47.46691],[7.17744,47.46766],[7.1775,47.46805],[7.17883,47.46928],[7.18056,47.47148],[7.18121,47.47296],[7.18198,47.47351],[7.18291,47.47527],[7.18466,47.47723],[7.18639,47.48091],[7.18692,47.48251],[7.18946,47.48506],[7.19037,47.48616],[7.19093,47.48736],[7.19086,47.48851],[7.19281,47.48899],[7.19414,47.4889],[7.19547,47.48935],[7.19855,47.48998],[7.20299,47.4914],[7.20141,47.49305],[7.20142,47.4938],[7.20097,47.49428],[7.197,47.49361],[7.19532,47.49352],[7.19286,47.49287],[7.18964,47.49227],[7.18807,47.4918],[7.18507,47.49118],[7.18218,47.49087],[7.17581,47.49039],[7.1731,47.48976],[7.17048,47.48948],[7.1674,47.48939],[7.16607,47.49011],[7.16228,47.49],[7.15933,47.49072],[7.15693,47.49213],[7.15547,47.49314],[7.15248,47.49631],[7.15042,47.49732],[7.14528,47.49917],[7.13919,47.50179],[7.13568,47.50244],[7.13372,47.50248],[7.13026,47.50295],[7.128,47.50388],[7.12655,47.50258],[7.12361,47.50099],[7.12283,47.50042],[7.11913,47.49837],[7.11569,47.4963],[7.11253,47.49511],[7.11011,47.49491],[7.10886,47.49497],[7.10504,47.49472],[7.10259,47.49438],[7.10004,47.49432],[7.09691,47.49517],[7.09423,47.49544],[7.09142,47.49471],[7.08877,47.4933],[7.08495,47.49161],[7.08135,47.48972],[7.07816,47.48871],[7.07485,47.48819],[7.07255,47.48974],[7.07207,47.49238],[7.06284,47.49458],[7.06076,47.49539],[7.05816,47.49541],[7.05572,47.49501],[7.05243,47.49511],[7.04934,47.49607],[7.04567,47.49797],[7.04453,47.49845],[7.04318,47.49815],[7.03694,47.49751],[7.03665,47.4992],[7.0342,47.49919],[7.03084,47.50042],[7.02909,47.50154],[7.02765,47.50132],[7.02641,47.5024],[7.02493,47.50429],[7.02151,47.50447],[7.02015,47.5044],[7.01767,47.50369],[7.01673,47.50369],[7.0072,47.50148],[7.00374,47.50075],[7.00038,47.49972],[7.00034,47.49907],[6.99941,47.49862],[6.99587,47.4973],[6.99083,47.49584],[6.98828,47.49485],[6.98603,47.49334],[6.98297,47.49455],[6.98264,47.49366],[6.98565,47.49255],[6.98643,47.49214],[6.98575,47.49165],[6.98693,47.49024],[6.98778,47.4883],[6.98865,47.4869],[6.98851,47.48308],[6.98859,47.48102],[6.98644,47.47633],[6.98785,47.47493],[6.98844,47.47383],[6.9883,47.4731],[6.99024,47.4724],[6.99155,47.47213],[6.99253,47.47164],[6.99316,47.47072],[6.99136,47.46876],[6.99083,47.46761],[6.9917,47.4664],[6.99775,47.46703],[7.00048,47.4672],[6.99979,47.46497],[7.00129,47.46192],[6.99952,47.46107],[6.99825,47.45973],[6.99796,47.4579],[6.99754,47.45643],[7.00144,47.45598],[7.00218,47.45416],[6.99912,47.45248],[6.99588,47.44965],[6.99314,47.44872],[6.99019,47.44798],[6.98781,47.44776],[6.98407,47.44819],[6.98098,47.44923],[6.97635,47.44812],[6.97526,47.44777],[6.97389,47.44775],[6.97342,47.44717],[6.97029,47.44711],[6.96877,47.44378],[6.9679,47.44118],[6.96628,47.43765],[6.96371,47.43579],[6.95757,47.43381],[6.95496,47.43527],[6.94986,47.43439],[6.94707,47.434],[6.9444,47.43386],[6.94191,47.43391],[6.9403,47.43332],[6.9401,47.43111],[6.94042,47.43033],[6.94127,47.42061],[6.94155,47.4157],[6.94087,47.41258],[6.94087,47.41159],[6.93843,47.40608],[6.93423,47.40577],[6.92806,47.40569],[6.92582,47.40584],[6.9227,47.4057],[6.92063,47.40507],[6.91971,47.40663],[6.91718,47.40534],[6.91325,47.40458],[6.91503,47.40406],[6.91674,47.40388],[6.91777,47.40318],[6.91731,47.40267],[6.91679,47.40076],[6.91555,47.39914],[6.91549,47.39716],[6.91336,47.397],[6.91034,47.39653],[6.90976,47.39579],[6.91045,47.39441],[6.91158,47.39377],[6.91104,47.39161],[6.91142,47.39067],[6.91387,47.38932],[6.91351,47.38809],[6.91207,47.38619],[6.91019,47.38505],[6.90523,47.38337],[6.90512,47.38252],[6.90387,47.38263],[6.90079,47.38233],[6.89674,47.38221],[6.8951,47.38171],[6.89582,47.3799],[6.89355,47.37907],[6.8885,47.3765],[6.88536,47.37441],[6.8836,47.37287],[6.88357,47.3722],[6.8842,47.3691],[6.88492,47.36743],[6.88378,47.36567],[6.88328,47.36302],[6.88253,47.3612],[6.88156,47.36028],[6.88047,47.35972],[6.87936,47.35778],[6.87943,47.35529],[6.87906,47.35366],[6.87929,47.35258],[6.883,47.35241],[6.88381,47.3525],[6.88519,47.35307],[6.88696,47.35329],[6.88727,47.35395],[6.88864,47.35433],[6.8893,47.3548],[6.89309,47.35622],[6.89413,47.3562],[6.89485,47.35666],[6.89491,47.35765],[6.89627,47.35851],[6.89867,47.35826],[6.89964,47.35772],[6.90015,47.35794],[6.90197,47.35944],[6.90375,47.35953],[6.90688,47.35887],[6.90866,47.35869],[6.91182,47.35799],[6.91534,47.35762],[6.91588,47.3574],[6.91708,47.35609],[6.91962,47.35531],[6.92368,47.35543],[6.92408,47.35518],[6.92932,47.3572],[6.93082,47.35788],[6.93247,47.35811],[6.93311,47.35845],[6.93512,47.35755],[6.93958,47.35783],[6.94278,47.35767],[6.94549,47.35897],[6.94639,47.35928],[6.94838,47.35934],[6.95128,47.35972],[6.95209,47.35998],[6.95238,47.35905],[6.95391,47.35933],[6.95645,47.35911],[6.95862,47.35948],[6.96103,47.3593],[6.96251,47.36001],[6.96416,47.3603],[6.96446,47.35975],[6.9659,47.35924],[6.96809,47.35961],[6.97052,47.36043],[6.97187,47.36075],[6.97459,47.36014],[6.97555,47.36099],[6.97712,47.36135],[6.98246,47.36328],[6.98428,47.36367],[6.98748,47.3638],[6.99435,47.36323],[6.99638,47.36361],[6.99879,47.3645],[7.00193,47.36613],[7.00438,47.36718],[7.00546,47.3674],[7.0074,47.36812],[7.00936,47.37047],[7.01151,47.37243],[7.01219,47.37248],[7.01311,47.37143],[7.01423,47.37182],[7.01557,47.37292],[7.01818,47.37263],[7.01829,47.37136],[7.02014,47.37034],[7.02406,47.36996],[7.02939,47.36912],[7.03054,47.36948],[7.03253,47.3697],[7.03408,47.36967],[7.03438,47.367],[7.03438,47.36466],[7.03484,47.36335],[7.03775,47.36373],[7.03824,47.36398],[7.04313,47.36427],[7.0445,47.36385],[7.04627,47.36299],[7.04678,47.36244],[7.04855,47.36234],[7.04994,47.36143],[7.05007,47.35898],[7.05066,47.35788],[7.05194,47.3566],[7.05157,47.3558],[7.05163,47.35477],[7.05247,47.35286],[7.05279,47.35133],[7.05116,47.35067],[7.05052,47.34994],[7.04999,47.34868],[7.04988,47.34771],[7.05472,47.34751],[7.05588,47.34725],[7.05946,47.3455],[7.0612,47.34455],[7.06239,47.34411],[7.0598,47.33974],[7.05865,47.33965],[7.05834,47.33929],[7.0569,47.33893],[7.05511,47.33872],[7.05436,47.33827],[7.05522,47.33759],[7.05293,47.33669],[7.05366,47.33542],[7.05358,47.33491],[7.05564,47.33472],[7.05696,47.3344],[7.05287,47.33146],[7.04564,47.3265],[7.04328,47.32645],[7.0416,47.32691],[7.03706,47.32794],[7.03385,47.32831],[7.033,47.32776],[7.03064,47.32745],[7.03075,47.32693],[7.02614,47.32616],[7.02057,47.32568],[7.01878,47.32542],[7.01624,47.32537],[7.01281,47.32478],[7.00999,47.32453],[7.00965,47.32157],[7.0093,47.32031],[7.01043,47.32039],[7.01299,47.3202],[7.01432,47.31814],[7.015,47.31757],[7.01619,47.31468],[7.01577,47.31332],[7.01477,47.31138],[7.01425,47.31081],[7.01342,47.30923],[7.01205,47.30887],[7.01099,47.30807],[7.01067,47.30731],[7.01049,47.30553],[7.01,47.30412],[7.00976,47.30276],[7.00756,47.30101],[7.00492,47.30165],[7.00383,47.30162],[7.00104,47.29967],[6.99957,47.29783],[6.99794,47.29662],[6.99598,47.29572],[6.99362,47.2958],[6.99091,47.29666],[6.98797,47.29665],[6.98748,47.29635],[6.9848,47.29564],[6.98324,47.29536],[6.98139,47.29541],[6.97926,47.29639],[6.97658,47.29635],[6.97595,47.29525],[6.97627,47.29354],[6.97522,47.292],[6.97369,47.29132],[6.97243,47.29135],[6.96935,47.29253],[6.96846,47.29268],[6.96576,47.29217],[6.96261,47.29145],[6.95989,47.29142],[6.9574,47.2922],[6.95641,47.2923],[6.95344,47.29225],[6.95089,47.29198],[6.94834,47.29135],[6.94709,47.29058],[6.94407,47.28817],[6.94102,47.28669],[6.94065,47.28614],[6.9409,47.28506],[6.94291,47.28325],[6.94433,47.28232],[6.94547,47.28091],[6.94507,47.27923],[6.94607,47.27768],[6.94664,47.27726],[6.94843,47.27492],[6.94997,47.27232],[6.95057,47.2718],[6.95201,47.2699],[6.95202,47.26903],[6.95153,47.26817],[6.95042,47.26698],[6.95013,47.26593],[6.95077,47.26414],[6.95145,47.26307],[6.95169,47.26202],[6.95118,47.25983],[6.95018,47.25823],[6.94959,47.25647],[6.9466,47.25413],[6.94705,47.25315],[6.94754,47.25028],[6.9489,47.24908],[6.95211,47.24737],[6.95401,47.2451],[6.9555,47.24414],[6.95584,47.24354],[6.95514,47.24268],[6.95386,47.24221],[6.95285,47.24215],[6.95172,47.24175],[6.94842,47.23936],[6.94419,47.23827],[6.94313,47.23791],[6.94271,47.23736],[6.94307,47.2363],[6.94276,47.23446],[6.94176,47.23255],[6.94084,47.23153],[6.93995,47.23129],[6.93898,47.23066],[6.93732,47.23056],[6.93571,47.23071],[6.93295,47.23066],[6.93095,47.23012],[6.92765,47.22849],[6.92696,47.22703],[6.92732,47.22585],[6.92658,47.22478],[6.92576,47.22414],[6.92388,47.22214],[6.92113,47.22057],[6.91949,47.22032],[6.9163,47.21918],[6.913,47.21831],[6.91212,47.21869],[6.90976,47.21803],[6.90809,47.21611],[6.90713,47.21469],[6.9014,47.21212],[6.89994,47.21086],[6.89841,47.20988],[6.89596,47.20868],[6.89387,47.20806],[6.89203,47.20718],[6.88935,47.20471],[6.88802,47.20418],[6.88659,47.20397],[6.88522,47.20324],[6.88463,47.20249],[6.8829,47.20114],[6.8807,47.20055],[6.87998,47.19934],[6.87993,47.1987],[6.87865,47.19625],[6.87873,47.19594],[6.87741,47.19459],[6.87542,47.193],[6.8747,47.19157],[6.87406,47.19099],[6.8736,47.18847],[6.87412,47.18719],[6.87435,47.18592],[6.87387,47.18531],[6.87163,47.18483],[6.86932,47.18508],[6.86772,47.18544],[6.86602,47.18426],[6.86517,47.1815],[6.86401,47.18043],[6.86252,47.17977],[6.86142,47.17957],[6.85677,47.17764],[6.85453,47.1769],[6.8531,47.17658],[6.85237,47.17606],[6.84973,47.17495],[6.84861,47.17467],[6.84548,47.17319],[6.84221,47.17213],[6.84106,47.17142],[6.84073,47.1708],[6.84177,47.16963],[6.84334,47.16723],[6.84765,47.16596],[6.84891,47.16591],[6.85006,47.16624],[6.85163,47.16635],[6.85347,47.16675],[6.85558,47.16629],[6.85639,47.16578],[6.85819,47.16573],[6.8584,47.16539],[6.85993,47.16572],[6.86149,47.16563],[6.86332,47.16845],[6.87197,47.17412],[6.87687,47.16087],[6.87988,47.15847],[6.87962,47.15427],[6.88247,47.15315],[6.88286,47.15168],[6.88372,47.15041],[6.88539,47.1512],[6.88763,47.15141],[6.88899,47.15232],[6.89239,47.15381],[6.89498,47.15401],[6.89578,47.1542],[6.89829,47.15529],[6.90006,47.15552],[6.90609,47.15715],[6.90572,47.15762],[6.90816,47.15835],[6.90749,47.15918],[6.90833,47.15967],[6.90891,47.1589],[6.90979,47.1594],[6.91388,47.16268],[6.9172,47.16377],[6.91667,47.16433],[6.91908,47.16491],[6.92372,47.16685],[6.92989,47.16936],[6.93508,47.173],[6.93727,47.17405],[6.9382,47.17516],[6.93979,47.17995],[6.94108,47.18092],[6.94015,47.18164],[6.94076,47.18379],[6.94142,47.18453],[6.94536,47.18537],[6.95216,47.18735],[6.95309,47.18636],[6.95263,47.18571],[6.95542,47.18389],[6.95336,47.18276],[6.95443,47.18249],[6.95611,47.18066],[6.96039,47.18205],[6.96179,47.18209],[6.96657,47.18138],[6.96957,47.18146],[6.97052,47.18134],[6.97141,47.18033],[6.97215,47.17989],[6.9738,47.17801],[6.97547,47.17633],[6.97654,47.1756],[6.97703,47.17494],[6.979,47.1747],[6.97987,47.17414],[6.98077,47.17429],[6.98322,47.1756],[6.98557,47.17656],[6.98671,47.17749],[6.98622,47.17794],[6.98846,47.18003],[6.99039,47.18258],[6.98975,47.18299],[6.99196,47.1853],[6.99303,47.18623],[6.9945,47.18699],[6.99454,47.18781],[6.99643,47.19333],[7.00918,47.19385],[7.02345,47.19571],[7.03029,47.20228],[7.03247,47.20598],[7.03494,47.20982],[7.03683,47.21341],[7.04429,47.22186],[7.04367,47.22302],[7.04646,47.22569],[7.04735,47.22706],[7.05016,47.22796],[7.05308,47.22858],[7.05524,47.22936],[7.05642,47.23011],[7.05867,47.23119],[7.05801,47.23202],[7.0575,47.23456],[7.05633,47.23693],[7.05629,47.23782],[7.05753,47.23861],[7.05671,47.23946],[7.05667,47.24001],[7.05723,47.24104],[7.05873,47.24225],[7.05983,47.2428],[7.06165,47.24325],[7.06411,47.24341],[7.06463,47.2437],[7.06855,47.24408],[7.07419,47.24592],[7.07952,47.24776],[7.07995,47.24475],[7.0796,47.24341],[7.08184,47.24342],[7.08448,47.24529],[7.08518,47.24538],[7.08722,47.24347],[7.08711,47.24241],[7.08882,47.24157],[7.08788,47.24081],[7.08572,47.23997],[7.08841,47.23702],[7.09622,47.23703],[7.09643,47.23861],[7.09726,47.23955],[7.099,47.24096],[7.1009,47.24225],[7.10336,47.24311],[7.10521,47.24289],[7.10637,47.24244],[7.10762,47.24229],[7.11009,47.24246],[7.11148,47.2419],[7.11382,47.24254],[7.11522,47.24269],[7.11768,47.24352],[7.11961,47.24402],[7.12166,47.24434],[7.12748,47.245],[7.12983,47.24497],[7.13242,47.24446],[7.13346,47.24446],[7.13624,47.24398],[7.1377,47.24354],[7.13976,47.24318],[7.14022,47.24418],[7.14379,47.24457],[7.14709,47.24534],[7.15105,47.24656],[7.15189,47.24708],[7.15356,47.24766],[7.15579,47.24755],[7.15324,47.25099],[7.1492,47.25386],[7.15092,47.25421],[7.15177,47.25478],[7.15147,47.25551],[7.14985,47.25614],[7.14824,47.25625],[7.1439,47.25577],[7.14277,47.25575],[7.14305,47.25681],[7.14311,47.25948],[7.14621,47.25988],[7.14638,47.26064],[7.14748,47.26165],[7.14897,47.26219],[7.14902,47.26322],[7.14726,47.26263],[7.14567,47.26532],[7.14606,47.26592],[7.14771,47.26721],[7.14772,47.26795],[7.14898,47.26876],[7.14874,47.26904],[7.15045,47.26987],[7.15262,47.27037],[7.15437,47.27113],[7.15555,47.27145],[7.15711,47.27149],[7.16041,47.27206],[7.16286,47.27301],[7.16524,47.27353],[7.16792,47.27436],[7.16868,47.27473],[7.16847,47.27561],[7.16874,47.27696],[7.16847,47.2784],[7.16798,47.27978],[7.16789,47.28135],[7.16849,47.28317],[7.16917,47.28361],[7.17023,47.2831],[7.17024,47.28395],[7.16929,47.28504],[7.16902,47.28599],[7.16647,47.2858],[7.16521,47.28636],[7.16473,47.28896],[7.16851,47.29071],[7.1681,47.29165],[7.16498,47.29272],[7.16339,47.29309],[7.16379,47.29406],[7.1679,47.29428],[7.16882,47.2945],[7.17417,47.29405],[7.17627,47.2942],[7.17639,47.29451],[7.18051,47.2949],[7.18538,47.29523],[7.18777,47.29479],[7.19193,47.29549],[7.19457,47.29581],[7.19755,47.29591],[7.20087,47.29569],[7.206,47.29547],[7.20918,47.29471],[7.20724,47.29319],[7.20621,47.29199],[7.20697,47.2911],[7.20842,47.28994],[7.21019,47.28884],[7.21342,47.28978],[7.21488,47.28998],[7.22345,47.28814],[7.23228,47.2882],[7.23371,47.28762],[7.23752,47.28647],[7.23951,47.28572],[7.24258,47.28522],[7.24619,47.28525],[7.24937,47.28542],[7.25294,47.28517],[7.25826,47.2856],[7.25831,47.28679],[7.26098,47.28723],[7.26298,47.2871],[7.2646,47.28676],[7.26791,47.28581],[7.27377,47.28468],[7.27779,47.28417],[7.27923,47.28423],[7.28422,47.28508],[7.28602,47.28519],[7.28618,47.2859],[7.28834,47.28561],[7.29189,47.2858],[7.29483,47.28638],[7.29601,47.28646],[7.29789,47.28696],[7.30246,47.28783],[7.30341,47.28765],[7.30922,47.28813],[7.31072,47.28806],[7.31073,47.28847],[7.31351,47.28836],[7.31488,47.28817],[7.31649,47.28825],[7.319,47.28804],[7.31878,47.28701],[7.32111,47.28733],[7.32346,47.28738],[7.3267,47.28799],[7.32918,47.28888],[7.32994,47.2873],[7.33546,47.28828],[7.3359,47.28743],[7.33683,47.28667],[7.33717,47.28509],[7.33837,47.28362],[7.33923,47.28227],[7.3398,47.28208],[7.34486,47.28185],[7.34558,47.28108],[7.34787,47.28053],[7.34765,47.27943],[7.34857,47.27808],[7.34969,47.2785],[7.35033,47.27808],[7.35013,47.27711],[7.35083,47.27654],[7.35266,47.27391],[7.35282,47.27308],[7.35402,47.27267],[7.35427,47.27129],[7.35364,47.27105],[7.35059,47.27105],[7.34727,47.27054],[7.34615,47.27007],[7.34468,47.27],[7.34333,47.27016],[7.33972,47.26944],[7.33878,47.26865],[7.33721,47.26806],[7.33702,47.26726],[7.33731,47.2654],[7.33643,47.26503],[7.33726,47.26405],[7.33739,47.2625],[7.34146,47.26286],[7.3412,47.26131],[7.33988,47.26011],[7.3388,47.25984],[7.33749,47.25851],[7.33773,47.25727],[7.33841,47.25524],[7.34057,47.25503],[7.34326,47.25193],[7.34348,47.25041],[7.34434,47.24953],[7.34535,47.24776],[7.34881,47.24993],[7.35043,47.25039],[7.35322,47.25173],[7.35489,47.2528],[7.35616,47.25332],[7.35649,47.2538],[7.35851,47.25448],[7.36401,47.25614],[7.36507,47.25761],[7.36621,47.25758],[7.36787,47.25797],[7.36872,47.25854],[7.37076,47.25704],[7.37347,47.2567],[7.37486,47.25627],[7.37633,47.2561],[7.38152,47.25589],[7.38309,47.25598],[7.3846,47.25633],[7.38677,47.256],[7.38909,47.25599],[7.3903,47.25522],[7.39177,47.2559],[7.39246,47.25707],[7.39239,47.25843],[7.39289,47.25987],[7.39343,47.26398],[7.39308,47.26625],[7.39356,47.2671],[7.39342,47.26784],[7.392,47.26916],[7.39109,47.27155],[7.38985,47.27291],[7.3899,47.27385],[7.38937,47.27481],[7.39249,47.27795],[7.3921,47.27848],[7.39247,47.2803],[7.39255,47.28409],[7.3924,47.28599],[7.3898,47.28939],[7.38975,47.29198],[7.39165,47.29349],[7.39473,47.29546],[7.39641,47.29682],[7.39693,47.29767],[7.39589,47.29818],[7.39134,47.29721],[7.39041,47.29684],[7.38433,47.29575],[7.38209,47.29527],[7.38118,47.29587],[7.37909,47.2953],[7.37714,47.29567],[7.37613,47.29563],[7.37473,47.29514],[7.3744,47.29455],[7.36552,47.29382],[7.36298,47.29331],[7.36007,47.29296],[7.35798,47.29301],[7.35712,47.29278],[7.35616,47.29432],[7.3533,47.29353],[7.35124,47.29314],[7.35051,47.29276],[7.34807,47.29231],[7.34599,47.2936],[7.34622,47.29471],[7.34365,47.29416],[7.34258,47.29353],[7.34184,47.29434],[7.34139,47.29554],[7.3423,47.29611],[7.34223,47.29749],[7.34402,47.29794],[7.3475,47.29826],[7.34954,47.29893],[7.35029,47.29963],[7.3487,47.30298],[7.34821,47.30568],[7.34974,47.30595],[7.35211,47.30676],[7.35536,47.30748],[7.35598,47.30749],[7.36033,47.30865],[7.36164,47.30858],[7.36547,47.30941],[7.36844,47.31071],[7.36923,47.31092],[7.37158,47.31216],[7.37464,47.31352],[7.37864,47.31498],[7.38038,47.31403],[7.38289,47.31403],[7.38454,47.31345],[7.38669,47.31366],[7.38858,47.31336],[7.39005,47.31347],[7.39054,47.3131],[7.39337,47.3135],[7.3962,47.31339],[7.39792,47.31312],[7.39961,47.31319],[7.40228,47.31274],[7.40584,47.31263],[7.40881,47.31325],[7.41172,47.31331],[7.41256,47.31161],[7.41301,47.30998],[7.41643,47.30922],[7.41731,47.30934],[7.41984,47.30864],[7.42169,47.30706],[7.42591,47.30777],[7.42881,47.30724],[7.43192,47.30743],[7.43408,47.30776],[7.43899,47.30828],[7.44177,47.30867],[7.44434,47.30862],[7.44819,47.30829],[7.45208,47.30755],[7.4579,47.30695],[7.45952,47.30664],[7.46253,47.30678],[7.46681,47.30732],[7.46909,47.30707],[7.4743,47.30696],[7.47604,47.30707],[7.47782,47.30624],[7.47799,47.30519],[7.47891,47.30504],[7.48057,47.30438],[7.48213,47.30397],[7.48567,47.30241],[7.48765,47.30199],[7.49025,47.30203],[7.49304,47.30243],[7.49418,47.30278],[7.495,47.3027],[7.49605,47.30212],[7.49743,47.30231],[7.49784,47.30307],[7.50101,47.30448],[7.50201,47.30465],[7.5029,47.3052],[7.50517,47.30559],[7.50674,47.30625],[7.50784,47.307],[7.50993,47.30731],[7.51191,47.30843],[7.51488,47.30961],[7.51673,47.31079],[7.51873,47.3117],[7.52202,47.31369],[7.52346,47.31424],[7.52893,47.3158],[7.52997,47.31631],[7.53961,47.31799],[7.5451,47.31898],[7.55064,47.31985],[7.55835,47.32237],[7.55416,47.32325],[7.55048,47.32215],[7.54908,47.32217],[7.54762,47.32158],[7.54367,47.32141],[7.5379,47.32136],[7.53604,47.32113],[7.53408,47.32123],[7.53148,47.3211],[7.52985,47.32174],[7.52847,47.32268],[7.52776,47.32268],[7.53035,47.32756],[7.53206,47.33012],[7.53345,47.3312],[7.5346,47.33419],[7.53448,47.33455],[7.53998,47.33713],[7.54248,47.33811],[7.54528,47.33959],[7.548,47.34056],[7.54996,47.34086],[7.54981,47.34211],[7.54998,47.34295],[7.55108,47.34372],[7.55221,47.34531]]]},"properties":{"area_code":"JU","area_name":"Jura","area_unit_id":"ch-canton-2026-swissboundaries3d:JU","boundary_set_id":"ch-canton-2026-swissboundaries3d","boundary_level":"canton","land_area_sq_km":858.1254}},
{"type":"Feature","geometry":{"type":"Polygon","coordinates":[[[8.04694,46.78711],[8.04935,46.78823],[8.04981,46.78891],[8.05097,46.78947],[8.0517,46.79015],[8.05341,46.79126],[8.05386,46.79188],[8.0561,46.79295],[8.0567,46.79421],[8.05686,46.79548],[8.05654,46.79649],[8.05513,46.79726],[8.05555,46.79793],[8.05489,46.79864],[8.05531,46.79916],[8.05837,46.80111],[8.05853,46.80067],[8.0607,46.80162],[8.061,46.8028],[8.06387,46.80298],[8.06452,46.80607],[8.06427,46.80637],[8.06441,46.80788],[8.06418,46.80844],[8.06152,46.81203],[8.05921,46.81481],[8.05839,46.8163],[8.05662,46.81817],[8.05604,46.81928],[8.05531,46.81989],[8.05469,46.82126],[8.05286,46.82307],[8.05151,46.82518],[8.05045,46.82578],[8.04708,46.82896],[8.0468,46.82939],[8.0478,46.83032],[8.04774,46.83162],[8.0466,46.83203],[8.0451,46.83344],[8.04431,46.8345],[8.04344,46.83517],[8.04232,46.83657],[8.04472,46.84143],[8.0448,46.84237],[8.04577,46.84418],[8.04808,46.8449],[8.0498,46.84508],[8.05074,46.84612],[8.0517,46.84656],[8.05206,46.84733],[8.0542,46.84853],[8.05599,46.8493],[8.05599,46.85024],[8.05697,46.85098],[8.05773,46.85227],[8.05895,46.85343],[8.05847,46.85369],[8.05784,46.85554],[8.05733,46.85601],[8.05851,46.85697],[8.05954,46.85865],[8.06211,46.85794],[8.06278,46.85886],[8.06373,46.85866],[8.06497,46.85874],[8.06568,46.8596],[8.06643,46.86166],[8.06728,46.86242],[8.06612,46.86455],[8.0662,46.86591],[8.06576,46.86628],[8.06598,46.86697],[8.06775,46.86741],[8.0697,46.86879],[8.06997,46.86976],[8.06966,46.87153],[8.0704,46.87261],[8.0716,46.87372],[8.07026,46.87616],[8.07049,46.87756],[8.07026,46.87812],[8.07013,46.8803],[8.07082,46.88021],[8.07101,46.88156],[8.06935,46.88203],[8.06889,46.88292],[8.06844,46.88465],[8.06758,46.88582],[8.067,46.88783],[8.06885,46.88912],[8.06968,46.89077],[8.06983,46.89573],[8.07187,46.89645],[8.07313,46.89712],[8.07601,46.89717],[8.078,46.8974],[8.07961,46.89787],[8.08047,46.89836],[8.0826,46.89918],[8.08358,46.90032],[8.08428,46.90236],[8.0861,46.90426],[8.08585,46.90607],[8.08698,46.90679],[8.0871,46.90718],[8.0884,46.90862],[8.08912,46.90915],[8.09148,46.90943],[8.09388,46.91033],[8.09471,46.91107],[8.09479,46.91198],[8.09837,46.91061],[8.1007,46.90909],[8.10204,46.90884],[8.1039,46.90913],[8.10624,46.90839],[8.10855,46.90828],[8.10815,46.90629],[8.10731,46.90496],[8.10736,46.90421],[8.10697,46.90349],[8.10625,46.90135],[8.10645,46.90032],[8.10644,46.89844],[8.1073,46.89614],[8.10761,46.89489],[8.11026,46.89315],[8.11127,46.89273],[8.11275,46.89377],[8.1136,46.89571],[8.11472,46.89703],[8.1158,46.89883],[8.11624,46.90015],[8.11698,46.90123],[8.11803,46.9037],[8.11885,46.90399],[8.11907,46.90464],[8.12031,46.90566],[8.12142,46.90684],[8.12178,46.90843],[8.12225,46.90917],[8.12406,46.91068],[8.12631,46.91342],[8.12845,46.91488],[8.12916,46.91641],[8.13059,46.91803],[8.13229,46.91958],[8.13311,46.92003],[8.13397,46.92154],[8.13559,46.92279],[8.13685,46.92266],[8.13917,46.92334],[8.14087,46.925],[8.14109,46.92557],[8.1436,46.92724],[8.14537,46.92769],[8.14666,46.92851],[8.14802,46.92968],[8.14955,46.92988],[8.1517,46.93093],[8.15411,46.93291],[8.1574,46.93374],[8.15836,46.93502],[8.15923,46.93583],[8.16003,46.93577],[8.16196,46.93646],[8.16375,46.93767],[8.16475,46.93885],[8.16485,46.9396],[8.16316,46.94206],[8.16169,46.94361],[8.16083,46.94346],[8.1535,46.94995],[8.1511,46.95287],[8.15148,46.95581],[8.15042,46.95632],[8.15023,46.95687],[8.15067,46.95791],[8.15306,46.95871],[8.15491,46.95905],[8.15559,46.95956],[8.15475,46.96009],[8.1566,46.96091],[8.15696,46.96131],[8.15807,46.9608],[8.159,46.96113],[8.16106,46.96275],[8.16454,46.96467],[8.16569,46.96474],[8.16737,46.96524],[8.16852,46.96528],[8.17205,46.9666],[8.17284,46.96662],[8.17382,46.96717],[8.17483,46.9672],[8.17667,46.96844],[8.17806,46.96873],[8.1789,46.96859],[8.18193,46.96853],[8.1828,46.9693],[8.18734,46.97175],[8.19499,46.9687],[8.1998,46.9675],[8.20303,46.96693],[8.20653,46.96738],[8.20897,46.9676],[8.21403,46.96842],[8.21618,46.96908],[8.22026,46.96945],[8.22265,46.96921],[8.22598,46.96906],[8.22704,46.96923],[8.2289,46.97001],[8.22918,46.97132],[8.22972,46.97215],[8.22888,46.97315],[8.22587,46.97485],[8.22514,46.97493],[8.22306,46.97573],[8.22193,46.97722],[8.22057,46.97793],[8.22037,46.97856],[8.21911,46.97918],[8.2181,46.98109],[8.22007,46.98262],[8.221,46.98314],[8.22129,46.98416],[8.22345,46.98626],[8.22475,46.98839],[8.22655,46.98974],[8.22726,46.99108],[8.22798,46.99193],[8.22807,46.99262],[8.23107,46.99256],[8.23369,46.99202],[8.23548,46.99109],[8.23772,46.99183],[8.23932,46.99035],[8.23953,46.98949],[8.24014,46.98879],[8.24209,46.98714],[8.24397,46.98602],[8.24838,46.98743],[8.24831,46.98821],[8.25037,46.99011],[8.25341,46.99175],[8.2546,46.9928],[8.25477,46.99372],[8.25526,46.99414],[8.25844,46.99539],[8.26004,46.99627],[8.2655,46.99818],[8.26683,46.99795],[8.26791,46.9982],[8.26997,46.99809],[8.27139,46.99752],[8.27306,46.99766],[8.27381,46.99744],[8.278,46.99798],[8.27899,46.99732],[8.27996,46.99627],[8.28135,46.99571],[8.28374,46.99506],[8.28659,46.99469],[8.28886,46.99459],[8.28921,46.99507],[8.29095,46.99598],[8.2925,46.99588],[8.29398,46.99621],[8.2938,46.99695],[8.29479,46.99815],[8.29548,46.99823],[8.29696,46.9978],[8.29858,46.99831],[8.30051,46.99811],[8.30321,46.9984],[8.30576,46.99788],[8.30701,46.99818],[8.31067,46.99806],[8.31885,46.99957],[8.33445,46.98901],[8.36851,47.01995],[8.3838,47.01771],[8.3847,47.00292],[8.38419,47.00217],[8.3827,47.00138],[8.38283,47.00054],[8.38559,46.99832],[8.38792,46.99879],[8.39038,46.99958],[8.39427,47.00008],[8.39635,47.00087],[8.39747,47.00066],[8.39922,46.99991],[8.40173,46.99978],[8.40308,46.99999],[8.40446,46.99977],[8.4056,47.00019],[8.4067,46.99981],[8.40758,46.99984],[8.40978,46.99925],[8.4103,46.99945],[8.41155,46.99882],[8.41321,46.99835],[8.41462,46.9982],[8.41693,46.99841],[8.41969,46.99833],[8.42241,46.998],[8.42601,46.99814],[8.42744,46.9988],[8.42674,46.99944],[8.42695,46.99991],[8.42698,47.0017],[8.42677,47.00225],[8.42799,47.01721],[8.46907,47.00929],[8.46817,46.99652],[8.4736,46.99555],[8.47544,46.99593],[8.47896,46.99622],[8.48139,46.99675],[8.48312,46.99675],[8.49073,46.9992],[8.49236,46.99928],[8.49488,47.00053],[8.49929,47.00089],[8.50077,47.00091],[8.50351,47.00315],[8.50514,47.00381],[8.50808,47.00444],[8.50905,47.00449],[8.50932,47.00543],[8.51091,47.00611],[8.51052,47.00677],[8.51131,47.00903],[8.51232,47.00995],[8.51341,47.01217],[8.51346,47.01613],[8.51406,47.01753],[8.51397,47.02005],[8.5135,47.02169],[8.51018,47.02355],[8.5081,47.02413],[8.50503,47.02445],[8.50308,47.02411],[8.50125,47.02432],[8.50061,47.02469],[8.49871,47.02706],[8.49742,47.02772],[8.49702,47.02864],[8.49443,47.02913],[8.49173,47.03121],[8.49045,47.03184],[8.48974,47.03344],[8.48823,47.03448],[8.48631,47.03509],[8.48378,47.03797],[8.48292,47.03842],[8.4816,47.03869],[8.47886,47.04005],[8.46993,47.04748],[8.46835,47.04822],[8.46749,47.04817],[8.46487,47.04842],[8.45356,47.05521],[8.44984,47.05686],[8.44592,47.05826],[8.44448,47.05925],[8.44599,47.06035],[8.44139,47.06309],[8.43938,47.06374],[8.43768,47.06379],[8.43639,47.06345],[8.43528,47.064],[8.43408,47.06392],[8.43365,47.0648],[8.43195,47.06547],[8.43024,47.06542],[8.39924,47.05945],[8.39816,47.05997],[8.39225,47.06081],[8.39053,47.06133],[8.39076,47.06234],[8.39009,47.06338],[8.38958,47.06774],[8.38875,47.06974],[8.38892,47.07038],[8.39113,47.07158],[8.39276,47.07228],[8.39483,47.07271],[8.39574,47.07389],[8.39728,47.0746],[8.39823,47.07529],[8.39963,47.07529],[8.40544,47.07855],[8.40709,47.07955],[8.4071,47.08072],[8.40907,47.08237],[8.40885,47.08281],[8.40933,47.08352],[8.40928,47.08483],[8.40988,47.08503],[8.41069,47.08594],[8.41005,47.08656],[8.40969,47.08852],[8.40914,47.08891],[8.41015,47.09078],[8.40924,47.09186],[8.4094,47.09271],[8.41002,47.0935],[8.41216,47.09481],[8.41362,47.09554],[8.41469,47.0963],[8.41525,47.09704],[8.41644,47.09792],[8.41735,47.0991],[8.41869,47.10039],[8.42058,47.10179],[8.42127,47.10197],[8.4226,47.10299],[8.42424,47.10382],[8.42635,47.10443],[8.42838,47.10473],[8.429,47.10512],[8.43114,47.10543],[8.43151,47.10578],[8.4341,47.10586],[8.43617,47.10651],[8.43737,47.10626],[8.43774,47.10671],[8.43677,47.10761],[8.43715,47.10893],[8.43793,47.10955],[8.44094,47.1106],[8.44192,47.11142],[8.44492,47.11146],[8.44738,47.11107],[8.44862,47.11137],[8.44931,47.11337],[8.45001,47.11442],[8.45308,47.11397],[8.4569,47.11288],[8.45727,47.11242],[8.45924,47.11308],[8.45985,47.11193],[8.46122,47.11218],[8.46145,47.11139],[8.46485,47.11101],[8.46635,47.11138],[8.4706,47.11278],[8.4712,47.11169],[8.47341,47.11227],[8.47535,47.11137],[8.47527,47.11015],[8.47539,47.10799],[8.47601,47.1071],[8.47627,47.10614],[8.49305,47.10018],[8.49374,47.11373],[8.48038,47.12633],[8.46711,47.11882],[8.46668,47.11801],[8.46608,47.11804],[8.46586,47.11706],[8.4649,47.11704],[8.46315,47.11655],[8.46084,47.11612],[8.45991,47.11576],[8.45569,47.11348],[8.45412,47.1137],[8.45343,47.11585],[8.45334,47.11683],[8.45222,47.11967],[8.45156,47.12103],[8.45156,47.12159],[8.44987,47.12956],[8.44913,47.1309],[8.44749,47.1293],[8.44719,47.12954],[8.44543,47.12884],[8.44348,47.12939],[8.44162,47.12947],[8.44135,47.12857],[8.43866,47.12702],[8.43444,47.12499],[8.43213,47.1246],[8.43178,47.12384],[8.4304,47.12332],[8.42876,47.12419],[8.42703,47.12326],[8.4267,47.1236],[8.42483,47.12365],[8.42473,47.12291],[8.42377,47.12256],[8.42342,47.12351],[8.42209,47.12345],[8.42033,47.12263],[8.41833,47.12367],[8.41727,47.12282],[8.41631,47.12383],[8.4154,47.12441],[8.41436,47.12619],[8.41475,47.12753],[8.41569,47.12812],[8.41677,47.13056],[8.41551,47.13072],[8.41518,47.1315],[8.41601,47.13256],[8.41586,47.13364],[8.41524,47.13558],[8.41348,47.1382],[8.41222,47.14057],[8.41084,47.13955],[8.40847,47.13842],[8.4053,47.13748],[8.40421,47.13823],[8.39818,47.13803],[8.3976,47.13786],[8.396,47.13899],[8.39343,47.1385],[8.39006,47.13973],[8.3891,47.13934],[8.38603,47.14],[8.38398,47.13978],[8.38221,47.14],[8.38015,47.13923],[8.37787,47.13968],[8.37609,47.13925],[8.37595,47.14102],[8.37548,47.14157],[8.37483,47.14305],[8.37326,47.14327],[8.36839,47.14428],[8.36746,47.14505],[8.36636,47.14481],[8.36403,47.14595],[8.36315,47.14582],[8.36217,47.14611],[8.36072,47.15223],[8.36092,47.15252],[8.35984,47.15333],[8.35836,47.15329],[8.3581,47.15592],[8.35837,47.15662],[8.35679,47.15773],[8.35517,47.15864],[8.35412,47.1604],[8.35161,47.16288],[8.34946,47.16416],[8.34762,47.16455],[8.34783,47.16514],[8.34912,47.16601],[8.34753,47.16753],[8.34651,47.16766],[8.34735,47.1684],[8.34605,47.16897],[8.34646,47.16997],[8.34589,47.17013],[8.34433,47.17153],[8.34408,47.17302],[8.34245,47.17358],[8.34095,47.17377],[8.34129,47.17514],[8.33955,47.17638],[8.33867,47.17827],[8.33886,47.18018],[8.33843,47.18083],[8.33896,47.1817],[8.33798,47.18403],[8.33846,47.18457],[8.33927,47.18425],[8.33956,47.18505],[8.33959,47.18633],[8.33812,47.18628],[8.33829,47.18721],[8.33797,47.1881],[8.33821,47.18858],[8.33585,47.19102],[8.33383,47.1924],[8.33316,47.19363],[8.33086,47.19657],[8.32986,47.19852],[8.33015,47.20064],[8.33009,47.20235],[8.32953,47.20352],[8.32852,47.20441],[8.32802,47.20622],[8.3288,47.20788],[8.32747,47.20847],[8.32721,47.20975],[8.32733,47.21079],[8.32643,47.21104],[8.3252,47.21471],[8.31946,47.21562],[8.31875,47.21704],[8.31971,47.21774],[8.32015,47.21862],[8.32003,47.21968],[8.32038,47.22081],[8.32093,47.22113],[8.32073,47.22183],[8.31937,47.22255],[8.31808,47.22355],[8.31796,47.22459],[8.317,47.22498],[8.3171,47.22644],[8.31656,47.22841],[8.31576,47.22935],[8.31541,47.23071],[8.31528,47.23296],[8.31417,47.23508],[8.31394,47.23634],[8.31403,47.23747],[8.31462,47.23817],[8.31471,47.24006],[8.31386,47.24103],[8.31214,47.24431],[8.31173,47.24546],[8.31033,47.24651],[8.31006,47.24703],[8.30816,47.24929],[8.30486,47.25239],[8.30327,47.25164],[8.3017,47.25255],[8.30115,47.25226],[8.30003,47.25379],[8.29843,47.25657],[8.29718,47.25747],[8.29603,47.25941],[8.296,47.26057],[8.29528,47.26364],[8.2948,47.26388],[8.29444,47.26557],[8.29628,47.26769],[8.29635,47.26838],[8.29709,47.26899],[8.29862,47.26952],[8.30027,47.27148],[8.29664,47.27236],[8.2959,47.27239],[8.2948,47.27298],[8.29347,47.27422],[8.29194,47.27504],[8.28965,47.27745],[8.28692,47.27928],[8.28538,47.27999],[8.28412,47.2801],[8.28147,47.28059],[8.28132,47.28101],[8.27953,47.28098],[8.27864,47.28212],[8.27593,47.28148],[8.2735,47.28064],[8.27157,47.2809],[8.27073,47.28342],[8.26532,47.28254],[8.2628,47.28233],[8.26174,47.28254],[8.26099,47.28435],[8.26024,47.28495],[8.26039,47.28539],[8.25949,47.28689],[8.25872,47.28719],[8.25669,47.28673],[8.25523,47.28663],[8.25485,47.28618],[8.2532,47.28617],[8.25261,47.28653],[8.25073,47.28609],[8.25091,47.28513],[8.24972,47.2849],[8.24895,47.28444],[8.24983,47.28284],[8.24893,47.28247],[8.24866,47.2812],[8.24743,47.28124],[8.24463,47.28076],[8.2451,47.27972],[8.24339,47.2796],[8.24303,47.27882],[8.24223,47.27872],[8.2426,47.27752],[8.24265,47.27626],[8.241,47.27601],[8.24118,47.27445],[8.24242,47.27234],[8.24026,47.27256],[8.23805,47.2725],[8.23607,47.27286],[8.23468,47.27283],[8.23338,47.27338],[8.23311,47.27389],[8.23097,47.27394],[8.22956,47.27347],[8.22858,47.27342],[8.21975,47.25216],[8.21784,47.2518],[8.21253,47.2498],[8.20774,47.24734],[8.20788,47.24624],[8.20578,47.24444],[8.20449,47.24263],[8.20572,47.2414],[8.20529,47.23973],[8.20577,47.23826],[8.20481,47.23803],[8.20514,47.23636],[8.20359,47.23619],[8.20367,47.23426],[8.20328,47.23394],[8.20343,47.23256],[8.20279,47.23158],[8.20332,47.23144],[8.20275,47.23002],[8.20421,47.2299],[8.20402,47.22845],[8.20506,47.22599],[8.20338,47.22606],[8.20142,47.22588],[8.19998,47.22609],[8.19625,47.22635],[8.19403,47.22631],[8.19307,47.22603],[8.19324,47.22493],[8.19027,47.2244],[8.18965,47.22441],[8.18618,47.22265],[8.18471,47.22237],[8.18049,47.22276],[8.1796,47.22221],[8.17599,47.2219],[8.17547,47.22308],[8.17421,47.22474],[8.17278,47.22504],[8.17287,47.22594],[8.17373,47.22669],[8.17412,47.22749],[8.17237,47.22748],[8.17155,47.228],[8.17009,47.22767],[8.16802,47.22825],[8.16748,47.22909],[8.16558,47.22844],[8.16458,47.22976],[8.16365,47.22979],[8.16195,47.23136],[8.16077,47.23175],[8.15971,47.23326],[8.16002,47.23444],[8.1621,47.23538],[8.16187,47.23615],[8.16104,47.23638],[8.16055,47.23702],[8.15931,47.2378],[8.15636,47.23784],[8.15595,47.23942],[8.1583,47.24008],[8.16166,47.24062],[8.16807,47.24093],[8.16978,47.24195],[8.17112,47.24018],[8.17397,47.24022],[8.17514,47.24011],[8.17621,47.24065],[8.17611,47.24231],[8.17691,47.2428],[8.17733,47.24395],[8.17798,47.2448],[8.17914,47.24497],[8.18023,47.24566],[8.18026,47.24691],[8.18076,47.2474],[8.17971,47.25044],[8.17771,47.25221],[8.17659,47.25178],[8.17556,47.25227],[8.17499,47.25352],[8.17295,47.25266],[8.1719,47.25278],[8.16941,47.25135],[8.1673,47.25098],[8.16649,47.25053],[8.16445,47.25008],[8.16097,47.24993],[8.15946,47.24899],[8.15943,47.24981],[8.15834,47.24974],[8.158,47.24878],[8.15736,47.24869],[8.15636,47.24937],[8.15351,47.24878],[8.15078,47.24841],[8.14669,47.2475],[8.14398,47.24749],[8.14269,47.24725],[8.13643,47.24703],[8.13397,47.24648],[8.13143,47.2454],[8.13152,47.24452],[8.13117,47.24392],[8.12711,47.2422],[8.12689,47.24193],[8.12497,47.24137],[8.12415,47.24167],[8.11958,47.24386],[8.11606,47.24419],[8.11182,47.24432],[8.10909,47.24455],[8.10788,47.24577],[8.10578,47.24942],[8.10594,47.2521],[8.10237,47.25606],[8.10089,47.25741],[8.10014,47.25894],[8.09878,47.26019],[8.09464,47.26109],[8.08836,47.26289],[8.08344,47.2611],[8.08014,47.2602],[8.07833,47.25998],[8.07857,47.25865],[8.07682,47.25823],[8.07727,47.25758],[8.07415,47.25678],[8.07336,47.25632],[8.07267,47.25505],[8.07059,47.25463],[8.06837,47.25492],[8.06605,47.25467],[8.06591,47.25498],[8.06347,47.25614],[8.0627,47.25666],[8.05861,47.25671],[8.05873,47.25575],[8.05658,47.25544],[8.05716,47.25268],[8.05837,47.25105],[8.06248,47.24724],[8.06298,47.24667],[8.05138,47.24419],[8.05107,47.24473],[8.0301,47.24222],[8.02916,47.24059],[8.02795,47.24114],[8.02674,47.24142],[8.02607,47.24188],[8.02283,47.24208],[8.02171,47.24239],[8.01982,47.2436],[8.01715,47.24377],[8.01607,47.24419],[8.0157,47.2447],[8.01569,47.24602],[8.01604,47.24647],[8.01569,47.24774],[8.0169,47.24997],[8.01645,47.25196],[8.01671,47.25284],[8.01649,47.25445],[8.01753,47.25589],[8.01711,47.2571],[8.01636,47.25733],[8.01626,47.25825],[8.01682,47.25932],[8.01512,47.26051],[8.01443,47.26144],[8.01305,47.26271],[8.01185,47.26333],[8.01146,47.26381],[8.01034,47.26417],[8.00918,47.26536],[8.0085,47.26647],[8.00761,47.2674],[8.00523,47.2693],[8.00525,47.2702],[8.00486,47.27078],[8.00432,47.27262],[8.00492,47.27338],[8.0048,47.27437],[7.9953,47.28155],[7.98689,47.27602],[7.97346,47.27449],[7.97167,47.27612],[7.95603,47.27686],[7.9549,47.27651],[7.95064,47.27478],[7.95092,47.27332],[7.94917,47.27254],[7.94973,47.27008],[7.95096,47.26832],[7.95169,47.26839],[7.95209,47.26764],[7.95158,47.26683],[7.95166,47.26569],[7.95293,47.26509],[7.95355,47.26403],[7.95457,47.26328],[7.95496,47.26248],[7.95503,47.26149],[7.95542,47.26056],[7.95692,47.25983],[7.95798,47.25976],[7.95852,47.25918],[7.95933,47.25764],[7.95897,47.25623],[7.9616,47.25457],[7.96189,47.25406],[7.95415,47.24978],[7.946,47.24327],[7.94338,47.24202],[7.94209,47.24128],[7.94091,47.24099],[7.93982,47.24044],[7.93815,47.23921],[7.93612,47.23796],[7.93501,47.23689],[7.93349,47.2359],[7.92929,47.23648],[7.92526,47.23732],[7.92117,47.23791],[7.91418,47.24207],[7.91271,47.24261],[7.91011,47.24395],[7.89728,47.2431],[7.89467,47.24261],[7.8674,47.2373],[7.85496,47.23314],[7.85322,47.23243],[7.84534,47.23398],[7.84303,47.23435],[7.84201,47.23572],[7.8397,47.23572],[7.83867,47.23482],[7.83782,47.23361],[7.83739,47.23243],[7.83834,47.2318],[7.83717,47.23091],[7.83769,47.23018],[7.83693,47.22957],[7.83695,47.22822],[7.83648,47.22769],[7.83688,47.22705],[7.83738,47.22481],[7.83642,47.22439],[7.83671,47.22376],[7.83773,47.22285],[7.83882,47.22312],[7.83951,47.22239],[7.84088,47.2222],[7.84168,47.22165],[7.8419,47.22099],[7.84263,47.22093],[7.84255,47.22013],[7.84373,47.21984],[7.84325,47.21895],[7.84372,47.21808],[7.84466,47.21765],[7.84684,47.21731],[7.8473,47.21638],[7.84667,47.21498],[7.84719,47.21401],[7.84801,47.21374],[7.84836,47.21204],[7.84932,47.2104],[7.85045,47.2093],[7.85026,47.20882],[7.85207,47.20821],[7.85205,47.20661],[7.85325,47.20595],[7.85336,47.20539],[7.85445,47.20444],[7.85364,47.20347],[7.85468,47.20273],[7.85527,47.20274],[7.8559,47.20125],[7.85775,47.19996],[7.85767,47.19951],[7.85949,47.19908],[7.86003,47.19817],[7.8594,47.19788],[7.86055,47.19622],[7.8602,47.19477],[7.86085,47.19406],[7.8595,47.19333],[7.85997,47.19238],[7.86141,47.1915],[7.86348,47.19158],[7.86378,47.19099],[7.86346,47.19032],[7.86532,47.1895],[7.86493,47.18839],[7.86672,47.18789],[7.8678,47.18695],[7.86906,47.18633],[7.8694,47.18579],[7.8712,47.18542],[7.87172,47.18496],[7.87368,47.18446],[7.87436,47.18372],[7.87616,47.18293],[7.87685,47.18089],[7.87784,47.18049],[7.8785,47.17939],[7.88032,47.17778],[7.87943,47.17753],[7.87978,47.17693],[7.88108,47.17607],[7.8805,47.17531],[7.88067,47.17481],[7.88215,47.17437],[7.88329,47.17319],[7.88289,47.17212],[7.88089,47.17031],[7.87921,47.1694],[7.87849,47.16816],[7.87682,47.16704],[7.87718,47.16622],[7.87646,47.16498],[7.87634,47.16398],[7.87583,47.1635],[7.87569,47.16186],[7.87544,47.16144],[7.87609,47.1606],[7.87578,47.15901],[7.87598,47.15754],[7.87654,47.15659],[7.8763,47.15602],[7.87691,47.15538],[7.87745,47.15356],[7.87803,47.15326],[7.87874,47.15231],[7.87853,47.15201],[7.87944,47.15088],[7.88018,47.14914],[7.88108,47.14808],[7.88234,47.14747],[7.88336,47.14622],[7.88454,47.14585],[7.8845,47.14546],[7.88742,47.14364],[7.8887,47.14237],[7.8901,47.14073],[7.88953,47.14048],[7.88944,47.13902],[7.89059,47.13763],[7.89012,47.13662],[7.88931,47.13585],[7.89001,47.13458],[7.88848,47.13444],[7.8898,47.13204],[7.8865,47.13169],[7.88635,47.12889],[7.88434,47.12811],[7.88482,47.12767],[7.8811,47.12641],[7.87353,47.12406],[7.8702,47.12283],[7.86868,47.12184],[7.86778,47.12087],[7.86721,47.11979],[7.86698,47.11865],[7.86694,47.11682],[7.8686,47.11698],[7.86938,47.11668],[7.86982,47.11556],[7.86943,47.11353],[7.86815,47.11198],[7.86948,47.11154],[7.87171,47.11109],[7.87385,47.11025],[7.87495,47.10944],[7.87446,47.10872],[7.87429,47.10723],[7.87367,47.10597],[7.87299,47.10537],[7.87291,47.1043],[7.87339,47.10322],[7.87472,47.10349],[7.8762,47.10166],[7.87554,47.10099],[7.87545,47.10025],[7.87463,47.09986],[7.87481,47.09886],[7.87385,47.09849],[7.8736,47.09784],[7.87595,47.09718],[7.87951,47.09552],[7.87976,47.09452],[7.87791,47.09295],[7.87982,47.0919],[7.88049,47.08998],[7.88072,47.0886],[7.88165,47.08876],[7.88094,47.08679],[7.88053,47.08679],[7.88019,47.08562],[7.88084,47.08541],[7.88047,47.0845],[7.8793,47.08402],[7.87971,47.08356],[7.87888,47.08298],[7.87827,47.08198],[7.87932,47.08186],[7.88014,47.08127],[7.87934,47.08029],[7.87676,47.0798],[7.87897,47.0788],[7.87836,47.07847],[7.87752,47.07536],[7.8782,47.0744],[7.87683,47.07354],[7.87612,47.07345],[7.87728,47.07159],[7.87677,47.0706],[7.87377,47.06674],[7.87329,47.06558],[7.87203,47.06535],[7.87114,47.0628],[7.87214,47.06224],[7.8734,47.06232],[7.87391,47.06171],[7.87195,47.06072],[7.87142,47.05968],[7.86955,47.05866],[7.86843,47.05691],[7.86741,47.05599],[7.86711,47.05501],[7.86612,47.054],[7.86602,47.05342],[7.86751,47.05313],[7.86739,47.05233],[7.86812,47.05184],[7.86645,47.04979],[7.8677,47.04939],[7.8685,47.04781],[7.8698,47.04739],[7.86954,47.04665],[7.87091,47.04516],[7.87246,47.04476],[7.87476,47.04096],[7.8769,47.04119],[7.87855,47.04089],[7.88011,47.0404],[7.88144,47.0407],[7.8833,47.03823],[7.88395,47.03717],[7.88307,47.03523],[7.88381,47.03357],[7.88489,47.03274],[7.88747,47.03196],[7.88913,47.03082],[7.89179,47.0305],[7.89281,47.02936],[7.89283,47.02882],[7.89387,47.02792],[7.89399,47.02736],[7.8937,47.02543],[7.89329,47.02487],[7.89399,47.02386],[7.89475,47.02217],[7.89683,47.02142],[7.89816,47.02045],[7.89892,47.0194],[7.90054,47.01798],[7.90012,47.01647],[7.89902,47.01501],[7.8972,47.01374],[7.89693,47.01304],[7.89772,47.01174],[7.8982,47.01033],[7.89928,47.00901],[7.89897,47.00869],[7.8999,47.00765],[7.90183,47.00625],[7.90464,47.00682],[7.90735,47.00685],[7.90946,47.00734],[7.90995,47.0078],[7.91179,47.00797],[7.91316,47.00858],[7.91624,47.00852],[7.91736,47.00882],[7.92002,47.01009],[7.92202,47.01056],[7.92507,47.01037],[7.92587,47.00967],[7.92571,47.00871],[7.92651,47.00802],[7.92684,47.00707],[7.92932,47.0054],[7.92998,47.00564],[7.93135,47.00476],[7.93267,47.00425],[7.93397,47.0042],[7.93639,47.00469],[7.93952,47.00466],[7.94115,47.00564],[7.94247,47.00533],[7.94491,47.00538],[7.94857,47.00598],[7.94944,47.00583],[7.95017,47.00677],[7.95381,47.00516],[7.95621,47.00342],[7.95506,47.00214],[7.95396,47.00201],[7.95356,47.00089],[7.9525,46.99879],[7.95203,46.99659],[7.95086,46.99632],[7.94946,46.99525],[7.94838,46.99407],[7.94838,46.99187],[7.94912,46.99014],[7.95009,46.98831],[7.94974,46.98717],[7.9504,46.98543],[7.95092,46.98512],[7.95161,46.98361],[7.95219,46.98296],[7.95243,46.98126],[7.95086,46.98008],[7.95009,46.9798],[7.94876,46.97988],[7.94691,46.97906],[7.94475,46.97748],[7.94392,46.97718],[7.94422,46.9756],[7.94467,46.97479],[7.94481,46.97335],[7.94441,46.9729],[7.94486,46.97179],[7.94487,46.96964],[7.94612,46.96885],[7.94536,46.96784],[7.94437,46.96747],[7.94373,46.96687],[7.94165,46.9659],[7.9401,46.96474],[7.93887,46.96492],[7.93618,46.96441],[7.93533,46.96375],[7.9341,46.96317],[7.93224,46.96165],[7.93156,46.96062],[7.93254,46.95855],[7.93257,46.95738],[7.93151,46.95585],[7.93232,46.95372],[7.93189,46.95273],[7.93202,46.95216],[7.93166,46.95051],[7.93051,46.94931],[7.92909,46.94819],[7.92771,46.94812],[7.92603,46.94834],[7.9246,46.94717],[7.92413,46.94732],[7.92199,46.9469],[7.92153,46.94659],[7.92081,46.94537],[7.92169,46.94391],[7.9211,46.94314],[7.92086,46.94182],[7.91989,46.94134],[7.91935,46.94009],[7.91803,46.93922],[7.91787,46.93852],[7.91579,46.93572],[7.91526,46.93464],[7.91342,46.93375],[7.91252,46.93309],[7.91072,46.93284],[7.90793,46.93269],[7.9044,46.93312],[7.9037,46.93336],[7.90239,46.93436],[7.8989,46.93472],[7.8975,46.93464],[7.8961,46.93413],[7.89563,46.9336],[7.89419,46.93307],[7.89356,46.93248],[7.89169,46.93207],[7.88736,46.93075],[7.8855,46.92981],[7.88331,46.9291],[7.88176,46.92882],[7.88083,46.92827],[7.87918,46.92803],[7.87693,46.92738],[7.87502,46.92641],[7.87266,46.92429],[7.87188,46.92262],[7.87052,46.92096],[7.86965,46.91915],[7.86897,46.91694],[7.86798,46.91618],[7.86703,46.91477],[7.86922,46.91438],[7.87279,46.91295],[7.87458,46.9114],[7.87595,46.91097],[7.87856,46.91133],[7.88009,46.91098],[7.88044,46.91053],[7.88157,46.90795],[7.88225,46.90716],[7.88312,46.90664],[7.88219,46.90554],[7.88268,46.90464],[7.88267,46.90354],[7.87984,46.90135],[7.87976,46.90039],[7.88072,46.90026],[7.8818,46.89966],[7.88047,46.89905],[7.87874,46.89897],[7.87748,46.89806],[7.87533,46.89576],[7.87339,46.89299],[7.87277,46.89123],[7.87305,46.88967],[7.87187,46.88945],[7.87069,46.88958],[7.86986,46.88895],[7.86931,46.88773],[7.86792,46.88707],[7.86584,46.88655],[7.86255,46.88661],[7.85956,46.88579],[7.8586,46.88529],[7.85662,46.88349],[7.85616,46.88085],[7.85686,46.88025],[7.85686,46.87859],[7.85783,46.87709],[7.85799,46.87538],[7.85727,46.87146],[7.85778,46.87075],[7.85984,46.87038],[7.86187,46.87057],[7.86427,46.86956],[7.86469,46.86628],[7.86839,46.86514],[7.8695,46.86435],[7.86947,46.86372],[7.86873,46.86202],[7.86904,46.86105],[7.86785,46.86034],[7.86785,46.85961],[7.8673,46.85868],[7.86774,46.85776],[7.86817,46.85542],[7.86831,46.85392],[7.86752,46.85197],[7.86762,46.85037],[7.86951,46.84869],[7.87012,46.84757],[7.87014,46.84499],[7.87045,46.84386],[7.87272,46.84261],[7.87708,46.83707],[7.89556,46.83101],[7.90437,46.82756],[7.92239,46.82001],[7.92876,46.81647],[7.9365,46.81135],[7.94171,46.80801],[7.94675,46.80525],[7.95085,46.79985],[7.95185,46.79764],[7.95295,46.79639],[7.95384,46.79578],[7.95367,46.79443],[7.95262,46.79351],[7.95332,46.79242],[7.95399,46.79211],[7.95405,46.79121],[7.95473,46.79108],[7.95628,46.79007],[7.95781,46.78939],[7.95924,46.78931],[7.96089,46.78874],[7.96293,46.78704],[7.96361,46.78682],[7.96514,46.78699],[7.96665,46.78625],[7.96719,46.78573],[7.96813,46.78544],[7.96942,46.78441],[7.96951,46.78247],[7.97066,46.78185],[7.97189,46.77998],[7.97328,46.77893],[7.97348,46.77837],[7.97572,46.77731],[7.97656,46.77741],[7.97871,46.77723],[7.98064,46.77657],[7.98198,46.77642],[7.98237,46.77606],[7.98458,46.77499],[7.98657,46.77544],[7.98906,46.77654],[7.98993,46.77726],[7.99263,46.77867],[7.99409,46.77889],[7.99492,46.77989],[7.99493,46.78111],[7.99575,46.78177],[7.99689,46.78217],[8.00055,46.78288],[8.00487,46.78321],[8.00689,46.78401],[8.00765,46.7845],[8.00881,46.78477],[8.0125,46.78628],[8.0147,46.78671],[8.01665,46.78806],[8.01768,46.78792],[8.02129,46.78884],[8.02275,46.78889],[8.02648,46.78978],[8.02705,46.78969],[8.02901,46.79001],[8.03149,46.79015],[8.03252,46.78947],[8.03534,46.78937],[8.03567,46.78897],[8.03773,46.78824],[8.03899,46.78759],[8.04113,46.78766],[8.04314,46.78754],[8.04366,46.78724],[8.04694,46.78711]]]},"properties":{"area_code":"LU","area_name":"Luzern","area_unit_id":"ch-canton-2026-swissboundaries3d:LU","boundary_set_id":"ch-canton-2026-swissboundaries3d","boundary_level":"canton","land_area_sq_km":1493.5172}},
{"type":"Feature","geometry":{"type":"Polygon","coordinates":[[[7.04016,46.97984],[7.02555,47.00582],[7.02511,47.00607],[7.0293,47.00938],[7.03036,47.01031],[7.03142,47.01168],[7.03216,47.01314],[7.03329,47.01589],[7.03366,47.01833],[7.03311,47.02645],[7.03314,47.02891],[7.03348,47.03034],[7.03468,47.03203],[7.03786,47.03514],[7.03888,47.03603],[7.04036,47.03697],[7.04897,47.04149],[7.05112,47.04257],[7.05398,47.04344],[7.06018,47.04438],[7.06226,47.04441],[7.06543,47.04502],[7.06915,47.04701],[7.07135,47.04863],[7.07271,47.04933],[7.07431,47.04979],[7.07608,47.05056],[7.07818,47.05193],[7.08765,47.05974],[7.08687,47.06132],[7.08566,47.06277],[7.08442,47.06359],[7.08431,47.06406],[7.08322,47.0645],[7.08211,47.06439],[7.08169,47.06489],[7.08264,47.0657],[7.08213,47.06663],[7.08067,47.06647],[7.08027,47.06747],[7.0802,47.0688],[7.08082,47.07129],[7.08013,47.07375],[7.07878,47.0746],[7.07839,47.07517],[7.077,47.07596],[7.07825,47.07676],[7.08705,47.08155],[7.08682,47.0857],[7.0826,47.08973],[7.07568,47.09626],[7.06696,47.09841],[7.06325,47.09955],[7.05714,47.09968],[7.05528,47.10111],[7.05122,47.10366],[7.04928,47.10499],[7.04541,47.10646],[7.04117,47.10837],[7.04061,47.10901],[7.03643,47.1071],[7.02873,47.10367],[7.0265,47.10737],[7.02349,47.1122],[7.02595,47.11445],[7.02763,47.11576],[7.03138,47.11963],[7.03236,47.11981],[7.03528,47.12193],[7.03783,47.12353],[7.03996,47.12465],[7.03824,47.12644],[7.03108,47.12732],[7.02853,47.12692],[7.02838,47.12653],[7.02559,47.12414],[7.02264,47.12413],[7.0191,47.1239],[7.01588,47.12399],[7.01361,47.12348],[7.01061,47.12323],[7.01027,47.12382],[7.00913,47.12417],[7.00776,47.12423],[7.00649,47.12354],[7.00613,47.12291],[7.00466,47.12251],[7.00174,47.1222],[7.00169,47.12164],[6.99946,47.12025],[6.99776,47.11964],[6.99785,47.1194],[6.99596,47.11889],[6.99175,47.11807],[6.9897,47.11753],[6.98637,47.11695],[6.98239,47.11639],[6.97617,47.11564],[6.97478,47.11526],[6.97399,47.11551],[6.97235,47.11504],[6.96961,47.1146],[6.96753,47.11442],[6.96552,47.11444],[6.96032,47.11394],[6.95813,47.11348],[6.95597,47.11326],[6.95344,47.11269],[6.9522,47.11281],[6.94981,47.1124],[6.94878,47.11206],[6.94833,47.11242],[6.94729,47.11191],[6.94338,47.11061],[6.94221,47.10994],[6.9399,47.10916],[6.9393,47.10973],[6.93634,47.10873],[6.93413,47.10974],[6.92983,47.1126],[6.92659,47.10915],[6.92268,47.1071],[6.92147,47.10638],[6.91803,47.10511],[6.91573,47.10379],[6.91155,47.10257],[6.90872,47.10163],[6.90532,47.10033],[6.8975,47.0972],[6.89549,47.0965],[6.89211,47.09504],[6.8899,47.09394],[6.88813,47.09284],[6.88295,47.09084],[6.88182,47.09061],[6.88039,47.09001],[6.87904,47.08986],[6.87518,47.08813],[6.87053,47.08643],[6.87029,47.08652],[6.86686,47.08512],[6.86838,47.09229],[6.87021,47.09809],[6.87179,47.10286],[6.87787,47.1066],[6.881,47.10839],[6.88497,47.11964],[6.88644,47.12425],[6.88695,47.12559],[6.8888,47.13113],[6.88606,47.13401],[6.88486,47.13594],[6.88129,47.13958],[6.88013,47.14182],[6.87662,47.14605],[6.87219,47.15129],[6.87125,47.15322],[6.86974,47.15481],[6.86815,47.15701],[6.86437,47.16197],[6.86149,47.16563],[6.85993,47.16572],[6.8584,47.16539],[6.85827,47.16434],[6.85538,47.16169],[6.85153,47.15907],[6.85008,47.15696],[6.8499,47.15644],[6.84837,47.15578],[6.84666,47.15564],[6.84389,47.15475],[6.84186,47.1545],[6.8403,47.15383],[6.83963,47.15192],[6.8399,47.15062],[6.83932,47.14998],[6.83843,47.14996],[6.83732,47.14935],[6.83256,47.14741],[6.8304,47.14619],[6.82927,47.14655],[6.82835,47.14649],[6.82711,47.14542],[6.82563,47.14295],[6.82458,47.14198],[6.8226,47.14111],[6.82061,47.14064],[6.81951,47.14002],[6.81843,47.13909],[6.81618,47.13625],[6.81433,47.13546],[6.81249,47.13541],[6.80923,47.13569],[6.80825,47.13545],[6.80741,47.1345],[6.80707,47.13189],[6.80605,47.13071],[6.80193,47.12939],[6.80029,47.12901],[6.79905,47.12893],[6.79806,47.1292],[6.79655,47.12904],[6.79428,47.12773],[6.79171,47.12678],[6.78739,47.12568],[6.78683,47.12544],[6.78235,47.1242],[6.77916,47.1237],[6.77823,47.12308],[6.77723,47.12199],[6.77597,47.12136],[6.77446,47.12111],[6.77254,47.12146],[6.77059,47.12141],[6.76745,47.12107],[6.76577,47.12072],[6.76367,47.11999],[6.76137,47.1189],[6.76019,47.11861],[6.75807,47.11743],[6.7565,47.11701],[6.75414,47.11515],[6.75239,47.11477],[6.75167,47.11435],[6.74922,47.11165],[6.74835,47.11122],[6.74749,47.11039],[6.74633,47.10979],[6.74476,47.10951],[6.7423,47.10997],[6.74054,47.10962],[6.74012,47.10905],[6.73999,47.10802],[6.74069,47.10572],[6.74204,47.10353],[6.74292,47.10294],[6.74641,47.09967],[6.74632,47.09866],[6.74673,47.09782],[6.74515,47.09499],[6.74457,47.09268],[6.74217,47.09155],[6.74157,47.09093],[6.739,47.09035],[6.73685,47.09018],[6.73518,47.08961],[6.7334,47.08966],[6.73143,47.08951],[6.72958,47.09002],[6.72665,47.09195],[6.72569,47.09188],[6.72415,47.09084],[6.72376,47.09001],[6.72233,47.08949],[6.72072,47.08952],[6.71767,47.08922],[6.71525,47.08847],[6.71373,47.08723],[6.71374,47.08639],[6.71211,47.08593],[6.71029,47.08438],[6.70907,47.08465],[6.70843,47.08424],[6.70791,47.08315],[6.7037,47.08253],[6.70273,47.08214],[6.70267,47.08129],[6.70355,47.08056],[6.70454,47.08027],[6.70666,47.08004],[6.70764,47.07915],[6.70737,47.07831],[6.7055,47.07686],[6.70522,47.07609],[6.70656,47.07466],[6.70577,47.07393],[6.70409,47.07383],[6.70306,47.07319],[6.70202,47.07112],[6.70115,47.07011],[6.70008,47.06969],[6.69694,47.06927],[6.69591,47.06896],[6.6934,47.06894],[6.69219,47.06795],[6.69151,47.06667],[6.69387,47.06475],[6.69431,47.06354],[6.69544,47.06322],[6.69626,47.06357],[6.69821,47.06234],[6.69953,47.06128],[6.69948,47.06037],[6.70039,47.05934],[6.70186,47.0586],[6.70313,47.0586],[6.70398,47.0591],[6.70501,47.05898],[6.70747,47.05775],[6.70847,47.05805],[6.70946,47.05692],[6.71008,47.05537],[6.71116,47.05413],[6.71219,47.05351],[6.71432,47.05313],[6.71712,47.05242],[6.7188,47.0523],[6.71961,47.05203],[6.71917,47.05118],[6.71151,47.04804],[6.70883,47.04498],[6.70582,47.04433],[6.70156,47.04077],[6.6989,47.03885],[6.69654,47.03731],[6.69461,47.03711],[6.69084,47.0373],[6.68899,47.03756],[6.68559,47.03741],[6.68277,47.03676],[6.68069,47.03611],[6.67652,47.03511],[6.67466,47.03431],[6.67339,47.03357],[6.67051,47.03238],[6.6689,47.03192],[6.66525,47.03016],[6.66239,47.02891],[6.66107,47.02813],[6.6591,47.02728],[6.65748,47.02595],[6.65666,47.02508],[6.65517,47.02391],[6.65362,47.02234],[6.64837,47.01462],[6.64717,47.01146],[6.64605,47.00956],[6.64433,47.00741],[6.64036,47.00281],[6.63358,46.99815],[6.63139,46.99737],[6.62757,46.99637],[6.62536,46.99515],[6.62245,46.99377],[6.62132,46.99345],[6.61888,46.99204],[6.61797,46.99165],[6.61388,46.99154],[6.61284,46.99108],[6.61046,46.99072],[6.60842,46.99108],[6.6057,46.99093],[6.60473,46.99105],[6.6041,46.99168],[6.60099,46.99187],[6.59999,46.99175],[6.59995,46.99254],[6.59619,46.99238],[6.59311,46.9918],[6.59285,46.99144],[6.5896,46.99021],[6.58896,46.98969],[6.58638,46.98876],[6.58376,46.98722],[6.57902,46.9849],[6.57604,46.98423],[6.57596,46.98365],[6.57318,46.98242],[6.57188,46.98204],[6.56858,46.98155],[6.56682,46.98078],[6.56582,46.9806],[6.56357,46.97965],[6.5625,46.97937],[6.56101,46.97948],[6.55803,46.97903],[6.55302,46.97786],[6.53729,46.97347],[6.53472,46.97329],[6.52805,46.97226],[6.52645,46.97178],[6.52395,46.97203],[6.52143,46.97143],[6.51889,46.97098],[6.51633,46.97022],[6.51379,46.96929],[6.51035,46.96754],[6.50822,46.96683],[6.50753,46.96677],[6.50481,46.96569],[6.49648,46.97414],[6.49421,46.97279],[6.49005,46.96981],[6.48821,46.96865],[6.48574,46.96747],[6.48381,46.96618],[6.47984,46.96317],[6.47775,46.96178],[6.47421,46.95846],[6.47176,46.95605],[6.46946,46.95317],[6.4664,46.9512],[6.46521,46.94929],[6.46391,46.94816],[6.46227,46.94714],[6.46145,46.94613],[6.46034,46.94383],[6.45924,46.94289],[6.4578,46.94216],[6.45534,46.94012],[6.45376,46.93939],[6.45353,46.93874],[6.45177,46.93779],[6.44967,46.93602],[6.44651,46.93407],[6.44103,46.93174],[6.43906,46.93076],[6.4378,46.93057],[6.43393,46.92905],[6.43269,46.92868],[6.43588,46.92164],[6.43915,46.91956],[6.4416,46.91756],[6.45092,46.90786],[6.45792,46.90079],[6.46383,46.89164],[6.46462,46.89036],[6.46374,46.88199],[6.46254,46.87206],[6.46117,46.86037],[6.46003,46.8513],[6.46536,46.85083],[6.46652,46.84783],[6.47072,46.84713],[6.48211,46.84659],[6.48675,46.84783],[6.49663,46.85032],[6.50439,46.85237],[6.51435,46.85479],[6.52331,46.85656],[6.52531,46.85794],[6.52869,46.85906],[6.53059,46.86036],[6.53207,46.86175],[6.53308,46.86294],[6.53536,46.86474],[6.53776,46.86685],[6.53909,46.86687],[6.54383,46.86828],[6.54472,46.86844],[6.54634,46.86921],[6.54964,46.87184],[6.55143,46.87279],[6.55317,46.87325],[6.55493,46.87335],[6.55629,46.87316],[6.55712,46.8737],[6.55941,46.87395],[6.56086,46.87448],[6.56218,46.87523],[6.5649,46.87625],[6.57038,46.87882],[6.5748,46.88048],[6.58763,46.88431],[6.59336,46.88436],[6.59698,46.88353],[6.59862,46.88362],[6.60655,46.88667],[6.60904,46.88727],[6.61463,46.88891],[6.62711,46.88871],[6.6362,46.89726],[6.64549,46.90617],[6.64691,46.9103],[6.64722,46.9107],[6.65162,46.91237],[6.65402,46.91338],[6.65485,46.91412],[6.66298,46.91791],[6.66852,46.92056],[6.67993,46.92403],[6.68404,46.92557],[6.68939,46.92706],[6.70254,46.93092],[6.70785,46.93245],[6.71562,46.93479],[6.72083,46.93609],[6.72088,46.9353],[6.72021,46.9338],[6.72116,46.93235],[6.72187,46.93174],[6.7237,46.93112],[6.72086,46.92583],[6.71856,46.91883],[6.71753,46.91586],[6.71775,46.91172],[6.7167,46.90608],[6.721,46.90538],[6.72667,46.90194],[6.73175,46.89914],[6.74011,46.89481],[6.7394,46.89093],[6.73801,46.88456],[6.73999,46.88438],[6.7407,46.88344],[6.74022,46.88274],[6.73939,46.87894],[6.73896,46.87853],[6.73786,46.87662],[6.7368,46.87382],[6.73588,46.87273],[6.73405,46.8718],[6.73324,46.86941],[6.73261,46.86834],[6.73339,46.8679],[6.73464,46.86906],[6.7383,46.87096],[6.74,46.87198],[6.74058,46.87179],[6.7506,46.87113],[6.75186,46.87061],[6.75526,46.87046],[6.77983,46.85296],[6.78409,46.85578],[6.83534,46.88959],[6.86569,46.90958],[6.89623,46.92549],[6.9282,46.9534],[6.9588,46.96723],[7.00243,46.98691],[7.04034,46.97952],[7.04016,46.97984]]]},"properties":{"area_code":"NE","area_name":"Neuchâtel","area_unit_id":"ch-canton-2026-swissboundaries3d:NE","boundary_set_id":"ch-canton-2026-swissboundaries3d","boundary_level":"canton","land_area_sq_km":802.1643}},
{"type":"Feature","geometry":{"type":"Polygon","coordinates":[[[8.57105,46.99016],[8.5427,46.97959],[8.51937,46.97981],[8.49663,46.97643],[8.46524,46.98427],[8.46817,46.99652],[8.46907,47.00929],[8.42799,47.01721],[8.42677,47.00225],[8.42698,47.0017],[8.42695,46.99991],[8.42674,46.99944],[8.42744,46.9988],[8.42601,46.99814],[8.42241,46.998],[8.41969,46.99833],[8.41693,46.99841],[8.41462,46.9982],[8.41321,46.99835],[8.41155,46.99882],[8.4103,46.99945],[8.40978,46.99925],[8.40758,46.99984],[8.4067,46.99981],[8.4056,47.00019],[8.40446,46.99977],[8.40308,46.99999],[8.40173,46.99978],[8.39922,46.99991],[8.39747,47.00066],[8.39635,47.00087],[8.39427,47.00008],[8.39038,46.99958],[8.38792,46.99879],[8.38559,46.99832],[8.38283,47.00054],[8.3827,47.00138],[8.38419,47.00217],[8.3847,47.00292],[8.3838,47.01771],[8.36851,47.01995],[8.33445,46.98901],[8.31885,46.99957],[8.31067,46.99806],[8.30701,46.99818],[8.30576,46.99788],[8.30321,46.9984],[8.30051,46.99811],[8.29858,46.99831],[8.29696,46.9978],[8.29548,46.99823],[8.29479,46.99815],[8.2938,46.99695],[8.29398,46.99621],[8.2925,46.99588],[8.29095,46.99598],[8.28921,46.99507],[8.28886,46.99459],[8.28659,46.99469],[8.28374,46.99506],[8.28135,46.99571],[8.27996,46.99627],[8.27899,46.99732],[8.278,46.99798],[8.27381,46.99744],[8.27306,46.99766],[8.27139,46.99752],[8.26997,46.99809],[8.26791,46.9982],[8.26683,46.99795],[8.2655,46.99818],[8.26004,46.99627],[8.25844,46.99539],[8.25526,46.99414],[8.25477,46.99372],[8.2546,46.9928],[8.25341,46.99175],[8.25037,46.99011],[8.24831,46.98821],[8.24838,46.98743],[8.24397,46.98602],[8.24209,46.98714],[8.24014,46.98879],[8.23953,46.98949],[8.23932,46.99035],[8.23772,46.99183],[8.23548,46.99109],[8.23369,46.99202],[8.23107,46.99256],[8.22807,46.99262],[8.22798,46.99193],[8.22726,46.99108],[8.22655,46.98974],[8.22475,46.98839],[8.22345,46.98626],[8.22129,46.98416],[8.221,46.98314],[8.22007,46.98262],[8.2181,46.98109],[8.21911,46.97918],[8.22037,46.97856],[8.22057,46.97793],[8.22193,46.97722],[8.22306,46.97573],[8.22514,46.97493],[8.22587,46.97485],[8.22888,46.97315],[8.22987,46.97373],[8.23114,46.97323],[8.23216,46.97337],[8.23356,46.97437],[8.23583,46.97451],[8.23877,46.97377],[8.24085,46.97364],[8.24193,46.97405],[8.24378,46.97433],[8.24605,46.97527],[8.24679,46.97578],[8.2482,46.97625],[8.25232,46.97889],[8.25299,46.97952],[8.25426,46.98012],[8.25643,46.9795],[8.261,46.98034],[8.26168,46.97968],[8.26163,46.97902],[8.26249,46.9781],[8.26371,46.97867],[8.26471,46.97835],[8.26675,46.97847],[8.26769,46.97835],[8.26949,46.97887],[8.27252,46.9786],[8.2746,46.97801],[8.27553,46.97728],[8.27611,46.97738],[8.2786,46.9769],[8.2799,46.97651],[8.28091,46.97657],[8.28186,46.97581],[8.28299,46.97599],[8.28423,46.97582],[8.28543,46.97616],[8.28675,46.97586],[8.29006,46.97608],[8.2923,46.97663],[8.29281,46.97719],[8.29464,46.97697],[8.29745,46.9775],[8.3006,46.97742],[8.30135,46.97766],[8.30271,46.97718],[8.30438,46.9769],[8.30717,46.97592],[8.3069,46.97415],[8.30961,46.97147],[8.30991,46.97034],[8.31098,46.96898],[8.30617,46.95572],[8.30828,46.95331],[8.30991,46.95222],[8.30547,46.95014],[8.30506,46.94973],[8.30277,46.94874],[8.30176,46.94791],[8.3006,46.94748],[8.29922,46.94668],[8.29747,46.94515],[8.29713,46.9442],[8.29587,46.94308],[8.29497,46.94185],[8.29296,46.94067],[8.29195,46.93977],[8.29166,46.93906],[8.29058,46.93765],[8.29028,46.93671],[8.28957,46.93632],[8.28934,46.93553],[8.28858,46.93483],[8.28829,46.93389],[8.28978,46.93346],[8.29097,46.93272],[8.29245,46.93241],[8.29463,46.93174],[8.29624,46.93154],[8.29705,46.93103],[8.30008,46.93024],[8.30107,46.92974],[8.30097,46.92878],[8.30234,46.92792],[8.30486,46.9267],[8.30531,46.92629],[8.30884,46.92522],[8.30964,46.9243],[8.31297,46.92537],[8.3147,46.92487],[8.31551,46.92437],[8.3174,46.92497],[8.32105,46.92516],[8.3237,46.92552],[8.32809,46.92694],[8.33456,46.92802],[8.33813,46.92931],[8.33975,46.92842],[8.34023,46.92795],[8.34124,46.92619],[8.34068,46.92553],[8.34019,46.92365],[8.33984,46.92329],[8.3403,46.92262],[8.34053,46.92156],[8.33993,46.9201],[8.33958,46.91994],[8.3384,46.91837],[8.33936,46.91841],[8.34177,46.91748],[8.34348,46.9149],[8.34271,46.91246],[8.34261,46.9115],[8.34111,46.9087],[8.33991,46.90774],[8.33718,46.90626],[8.33662,46.90417],[8.33679,46.90369],[8.33629,46.90303],[8.33676,46.9026],[8.3368,46.90164],[8.33734,46.90087],[8.33833,46.8984],[8.33854,46.89704],[8.33825,46.89612],[8.3384,46.89492],[8.33818,46.89417],[8.33825,46.89209],[8.33814,46.89069],[8.33734,46.88948],[8.33507,46.88791],[8.33321,46.88617],[8.33281,46.88432],[8.33258,46.88415],[8.33305,46.88195],[8.33152,46.88054],[8.33029,46.87964],[8.32959,46.87876],[8.32838,46.87798],[8.32885,46.87614],[8.33005,46.8742],[8.32937,46.87277],[8.32965,46.87143],[8.33071,46.8701],[8.33156,46.86966],[8.33192,46.86861],[8.33343,46.86837],[8.33424,46.86726],[8.33366,46.86681],[8.33434,46.86499],[8.33451,46.86328],[8.33428,46.86207],[8.33456,46.86124],[8.33084,46.85668],[8.33005,46.85376],[8.3308,46.8526],[8.33069,46.85153],[8.32834,46.84826],[8.32791,46.84687],[8.32842,46.84586],[8.32848,46.84474],[8.32893,46.84366],[8.32917,46.84218],[8.33024,46.8418],[8.33102,46.84116],[8.33115,46.84037],[8.33165,46.83995],[8.33258,46.83783],[8.33226,46.83365],[8.33425,46.83378],[8.33521,46.83363],[8.33594,46.83311],[8.33588,46.83183],[8.33488,46.8312],[8.33521,46.8297],[8.33522,46.82843],[8.33497,46.82755],[8.33321,46.82667],[8.33221,46.82595],[8.32968,46.8252],[8.32889,46.8247],[8.32562,46.82403],[8.32434,46.82302],[8.32395,46.82245],[8.32292,46.82216],[8.32289,46.82169],[8.32204,46.82102],[8.32214,46.82022],[8.32361,46.81979],[8.32305,46.81876],[8.32385,46.81743],[8.3264,46.81566],[8.32632,46.81488],[8.32792,46.81402],[8.3296,46.8136],[8.33168,46.81244],[8.33205,46.8111],[8.33328,46.81039],[8.33386,46.80962],[8.33566,46.80888],[8.33677,46.80811],[8.33833,46.80668],[8.33923,46.80538],[8.34134,46.80458],[8.34329,46.80453],[8.34397,46.80325],[8.34301,46.8024],[8.3434,46.80145],[8.34435,46.79998],[8.3456,46.79981],[8.34769,46.7988],[8.34923,46.79712],[8.35112,46.79645],[8.35309,46.79602],[8.35404,46.79518],[8.35525,46.79472],[8.35636,46.79476],[8.35897,46.79437],[8.36112,46.79356],[8.36318,46.79256],[8.36427,46.79183],[8.3665,46.79077],[8.36713,46.79002],[8.36919,46.78914],[8.36894,46.78792],[8.36936,46.78822],[8.37081,46.78828],[8.373,46.7874],[8.37495,46.78637],[8.37736,46.78582],[8.37895,46.78452],[8.3789,46.78353],[8.37999,46.78298],[8.38115,46.78202],[8.38232,46.78019],[8.38577,46.77865],[8.38696,46.77838],[8.38783,46.77855],[8.38862,46.77802],[8.39116,46.7778],[8.39523,46.77151],[8.41658,46.77839],[8.42641,46.77445],[8.42638,46.77715],[8.42528,46.77795],[8.42506,46.78063],[8.42453,46.78153],[8.42391,46.78169],[8.42343,46.78246],[8.42306,46.78373],[8.42149,46.78529],[8.42058,46.78556],[8.41967,46.78651],[8.4195,46.78733],[8.41973,46.78836],[8.41955,46.78907],[8.41731,46.78936],[8.41514,46.78986],[8.41147,46.78986],[8.40802,46.79078],[8.40674,46.79158],[8.40553,46.79309],[8.40454,46.79339],[8.40354,46.79406],[8.4027,46.79502],[8.40165,46.79558],[8.39804,46.79515],[8.39654,46.79545],[8.39058,46.80047],[8.38908,46.80211],[8.38763,46.80297],[8.38481,46.80369],[8.38523,46.80482],[8.38725,46.80669],[8.3886,46.80945],[8.38848,46.81065],[8.38804,46.81224],[8.38494,46.81347],[8.38281,46.81372],[8.38191,46.81423],[8.38026,46.8144],[8.37873,46.81543],[8.37778,46.81629],[8.37601,46.81659],[8.37385,46.81622],[8.37573,46.81826],[8.37553,46.82004],[8.37739,46.82202],[8.377,46.82242],[8.37748,46.82301],[8.37704,46.82396],[8.37698,46.82488],[8.37639,46.82602],[8.37682,46.82713],[8.37578,46.82769],[8.37415,46.83102],[8.37252,46.83216],[8.37189,46.83303],[8.37163,46.83405],[8.37087,46.83476],[8.37061,46.83602],[8.37156,46.83781],[8.37078,46.83894],[8.37029,46.84134],[8.37027,46.84484],[8.37014,46.84529],[8.3689,46.8466],[8.36933,46.84765],[8.36883,46.84835],[8.36831,46.84976],[8.37068,46.85165],[8.37094,46.85277],[8.37084,46.85648],[8.37107,46.85721],[8.37082,46.85951],[8.36956,46.85922],[8.36792,46.85943],[8.3659,46.85934],[8.36392,46.85948],[8.36176,46.86187],[8.36131,46.86252],[8.3632,46.86435],[8.36378,46.86549],[8.36414,46.86693],[8.3656,46.86734],[8.36839,46.86719],[8.36936,46.86761],[8.36931,46.86954],[8.36999,46.87142],[8.37145,46.87313],[8.37273,46.87418],[8.37342,46.87449],[8.37495,46.87459],[8.38011,46.87403],[8.38074,46.87356],[8.38109,46.87239],[8.38202,46.87199],[8.38074,46.87153],[8.38023,46.87037],[8.38181,46.86903],[8.38179,46.86807],[8.38426,46.86645],[8.38467,46.86605],[8.38225,46.86414],[8.3801,46.86391],[8.37969,46.86337],[8.37836,46.86256],[8.37737,46.86102],[8.37506,46.85799],[8.37484,46.8566],[8.37533,46.85546],[8.37548,46.85314],[8.37486,46.85195],[8.37389,46.84945],[8.37398,46.8485],[8.37478,46.84791],[8.37846,46.85342],[8.38134,46.85658],[8.38428,46.85443],[8.38631,46.85548],[8.38659,46.85649],[8.38739,46.85724],[8.38975,46.85778],[8.39178,46.8585],[8.39326,46.86004],[8.39376,46.86095],[8.39529,46.86247],[8.39871,46.86473],[8.39981,46.86432],[8.40164,46.8641],[8.40601,46.86543],[8.40589,46.86631],[8.40738,46.86718],[8.40939,46.86867],[8.41079,46.86825],[8.4114,46.8684],[8.41283,46.86984],[8.4136,46.86854],[8.41432,46.86643],[8.41481,46.8658],[8.41573,46.86544],[8.41746,46.86429],[8.41817,46.86317],[8.4188,46.86276],[8.41842,46.86123],[8.41937,46.85956],[8.41921,46.85816],[8.4199,46.85643],[8.42043,46.85584],[8.41973,46.85491],[8.41888,46.85433],[8.41871,46.85339],[8.41949,46.85223],[8.42019,46.85198],[8.42658,46.85127],[8.42763,46.85061],[8.43,46.85023],[8.43064,46.85056],[8.43286,46.85083],[8.43306,46.85109],[8.43497,46.85178],[8.43579,46.85188],[8.43671,46.85298],[8.43912,46.85352],[8.441,46.85308],[8.44336,46.85303],[8.44485,46.85364],[8.44571,46.85361],[8.44987,46.85413],[8.45416,46.85376],[8.45557,46.85398],[8.45748,46.85459],[8.46176,46.85521],[8.46312,46.8553],[8.46391,46.85499],[8.46484,46.85537],[8.46741,46.85545],[8.46929,46.85492],[8.47084,46.85485],[8.47089,46.85633],[8.46908,46.85803],[8.46917,46.85919],[8.46791,46.86064],[8.46932,46.86201],[8.46904,46.86298],[8.46915,46.8641],[8.4701,46.86556],[8.47135,46.86813],[8.47021,46.86922],[8.47021,46.87092],[8.46978,46.87155],[8.4678,46.8734],[8.46721,46.8744],[8.4672,46.87624],[8.4679,46.87714],[8.47184,46.8779],[8.47265,46.8784],[8.4739,46.8797],[8.4791,46.88252],[8.47673,46.88646],[8.47668,46.8883],[8.47483,46.88924],[8.47443,46.88998],[8.47297,46.89148],[8.4735,46.89289],[8.47406,46.89343],[8.47172,46.89406],[8.47152,46.89453],[8.4705,46.89466],[8.4703,46.8953],[8.46766,46.89756],[8.46569,46.8975],[8.46282,46.89721],[8.46129,46.89719],[8.45948,46.89761],[8.45868,46.89806],[8.45831,46.89877],[8.45975,46.89984],[8.46059,46.90095],[8.4614,46.90115],[8.46195,46.90185],[8.46329,46.90271],[8.46427,46.90473],[8.46657,46.90529],[8.46775,46.90487],[8.47068,46.90594],[8.4743,46.90687],[8.47469,46.90717],[8.47747,46.90747],[8.48003,46.90831],[8.48127,46.90853],[8.48195,46.9099],[8.48393,46.9117],[8.48462,46.91372],[8.48499,46.91717],[8.4861,46.91847],[8.48779,46.91838],[8.48972,46.91848],[8.49241,46.91838],[8.49359,46.91854],[8.49442,46.91789],[8.49598,46.91789],[8.49812,46.91875],[8.49977,46.91656],[8.50096,46.91587],[8.50199,46.91462],[8.50279,46.91443],[8.50587,46.91522],[8.509,46.91569],[8.51052,46.91631],[8.5109,46.91672],[8.51396,46.91788],[8.51533,46.91798],[8.51579,46.91882],[8.51885,46.92002],[8.51984,46.92284],[8.52176,46.92292],[8.52364,46.92274],[8.52547,46.92323],[8.52892,46.92328],[8.52943,46.92367],[8.53062,46.92345],[8.53172,46.92354],[8.53444,46.92489],[8.53596,46.92498],[8.53718,46.92563],[8.53864,46.92581],[8.54109,46.92641],[8.54221,46.92719],[8.54406,46.92786],[8.54384,46.92894],[8.54436,46.9297],[8.54556,46.93044],[8.54691,46.93208],[8.54691,46.93336],[8.54768,46.93482],[8.5472,46.93588],[8.54609,46.93569],[8.54545,46.93641],[8.54444,46.93868],[8.54438,46.93946],[8.54889,46.93863],[8.54983,46.93934],[8.55439,46.93925],[8.5556,46.93982],[8.55588,46.93923],[8.55679,46.93935],[8.55847,46.93993],[8.55883,46.9404],[8.55819,46.94095],[8.55589,46.94078],[8.55561,46.94214],[8.55607,46.94244],[8.55645,46.94377],[8.55615,46.94434],[8.55708,46.94537],[8.55576,46.9456],[8.55734,46.94752],[8.55565,46.95143],[8.55559,46.95263],[8.55586,46.954],[8.55565,46.95653],[8.55588,46.95922],[8.55617,46.9599],[8.55582,46.9607],[8.55518,46.96123],[8.55498,46.96321],[8.55643,46.96342],[8.55848,46.96416],[8.55915,46.96532],[8.56024,46.96558],[8.56149,46.96809],[8.56218,46.96872],[8.56306,46.97022],[8.56222,46.97292],[8.56595,46.97435],[8.56706,46.97463],[8.56849,46.97555],[8.56945,46.97662],[8.57053,46.97829],[8.57189,46.97972],[8.57274,46.98006],[8.57329,46.98105],[8.57494,46.98306],[8.57427,46.98383],[8.57105,46.99016]]]},"properties":{"area_code":"NW","area_name":"Nidwalden","area_unit_id":"ch-canton-2026-swissboundaries3d:NW","boundary_set_id":"ch-canton-2026-swissboundaries3d","boundary_level":"canton","land_area_sq_km":275.8451}},
{"type":"Feature","geometry":{"type":"MultiPolygon","coordinates":[[[[8.47084,46.85485],[8.46929,46.85492],[8.46741,46.85545],[8.46484,46.85537],[8.46391,46.85499],[8.46312,46.8553],[8.46176,46.85521],[8.45748,46.85459],[8.45557,46.85398],[8.45416,46.85376],[8.44987,46.85413],[8.44571,46.85361],[8.44485,46.85364],[8.44336,46.85303],[8.441,46.85308],[8.43912,46.85352],[8.43671,46.85298],[8.43579,46.85188],[8.43497,46.85178],[8.43306,46.85109],[8.43286,46.85083],[8.43064,46.85056],[8.43,46.85023],[8.42763,46.85061],[8.42658,46.85127],[8.42019,46.85198],[8.41949,46.85223],[8.41871,46.85339],[8.41888,46.85433],[8.41973,46.85491],[8.42043,46.85584],[8.4199,46.85643],[8.41921,46.85816],[8.41937,46.85956],[8.41842,46.86123],[8.4188,46.86276],[8.41817,46.86317],[8.41746,46.86429],[8.41573,46.86544],[8.41481,46.8658],[8.41432,46.86643],[8.4136,46.86854],[8.41283,46.86984],[8.4114,46.8684],[8.41079,46.86825],[8.40939,46.86867],[8.40738,46.86718],[8.40589,46.86631],[8.40601,46.86543],[8.40164,46.8641],[8.39981,46.86432],[8.39871,46.86473],[8.39529,46.86247],[8.39376,46.86095],[8.39326,46.86004],[8.39178,46.8585],[8.38975,46.85778],[8.38739,46.85724],[8.38659,46.85649],[8.38631,46.85548],[8.38428,46.85443],[8.38134,46.85658],[8.37846,46.85342],[8.37478,46.84791],[8.37398,46.8485],[8.37389,46.84945],[8.37486,46.85195],[8.37548,46.85314],[8.37533,46.85546],[8.37484,46.8566],[8.37506,46.85799],[8.37737,46.86102],[8.37836,46.86256],[8.37969,46.86337],[8.3801,46.86391],[8.38225,46.86414],[8.38467,46.86605],[8.38426,46.86645],[8.38179,46.86807],[8.38181,46.86903],[8.38023,46.87037],[8.38074,46.87153],[8.38202,46.87199],[8.38109,46.87239],[8.38074,46.87356],[8.38011,46.87403],[8.37495,46.87459],[8.37342,46.87449],[8.37273,46.87418],[8.37145,46.87313],[8.36999,46.87142],[8.36931,46.86954],[8.36936,46.86761],[8.36839,46.86719],[8.3656,46.86734],[8.36414,46.86693],[8.36378,46.86549],[8.3632,46.86435],[8.36131,46.86252],[8.36176,46.86187],[8.36392,46.85948],[8.3659,46.85934],[8.36792,46.85943],[8.36956,46.85922],[8.37082,46.85951],[8.37107,46.85721],[8.37084,46.85648],[8.37094,46.85277],[8.37068,46.85165],[8.36831,46.84976],[8.36883,46.84835],[8.36933,46.84765],[8.3689,46.8466],[8.37014,46.84529],[8.37027,46.84484],[8.37029,46.84134],[8.37078,46.83894],[8.37156,46.83781],[8.37061,46.83602],[8.37087,46.83476],[8.37163,46.83405],[8.37189,46.83303],[8.37252,46.83216],[8.37415,46.83102],[8.37578,46.82769],[8.37682,46.82713],[8.37639,46.82602],[8.37698,46.82488],[8.37704,46.82396],[8.37748,46.82301],[8.377,46.82242],[8.37739,46.82202],[8.37553,46.82004],[8.37573,46.81826],[8.37385,46.81622],[8.37601,46.81659],[8.37778,46.81629],[8.37873,46.81543],[8.38026,46.8144],[8.38191,46.81423],[8.38281,46.81372],[8.38494,46.81347],[8.38804,46.81224],[8.38848,46.81065],[8.3886,46.80945],[8.38725,46.80669],[8.38523,46.80482],[8.38481,46.80369],[8.38763,46.80297],[8.38908,46.80211],[8.39058,46.80047],[8.39654,46.79545],[8.39804,46.79515],[8.40165,46.79558],[8.4027,46.79502],[8.40354,46.79406],[8.40454,46.79339],[8.40553,46.79309],[8.40674,46.79158],[8.40802,46.79078],[8.41147,46.78986],[8.41514,46.78986],[8.41731,46.78936],[8.41955,46.78907],[8.41973,46.78836],[8.4195,46.78733],[8.41967,46.78651],[8.42058,46.78556],[8.42149,46.78529],[8.42306,46.78373],[8.42343,46.78246],[8.42391,46.78169],[8.42453,46.78153],[8.42506,46.78063],[8.42528,46.77795],[8.42638,46.77715],[8.42641,46.77445],[8.41658,46.77839],[8.39523,46.77151],[8.39587,46.76851],[8.39639,46.7655],[8.39764,46.76589],[8.4008,46.76645],[8.4026,46.76747],[8.40372,46.76834],[8.40611,46.76928],[8.40751,46.76955],[8.40945,46.77108],[8.41062,46.77148],[8.41253,46.77313],[8.41464,46.77432],[8.41689,46.77428],[8.41802,46.77406],[8.42109,46.77279],[8.42188,46.77186],[8.42184,46.77109],[8.42268,46.77043],[8.42512,46.77029],[8.42645,46.77067],[8.42654,46.77138],[8.4285,46.77191],[8.43056,46.77215],[8.4355,46.77251],[8.43844,46.77202],[8.43993,46.77104],[8.44114,46.77084],[8.44216,46.76988],[8.44408,46.76988],[8.44662,46.77026],[8.44712,46.76869],[8.44641,46.76748],[8.44648,46.76613],[8.44838,46.76517],[8.44792,46.76426],[8.44833,46.76342],[8.45049,46.76451],[8.4514,46.76469],[8.45431,46.76607],[8.45504,46.76598],[8.45596,46.76651],[8.45611,46.76728],[8.46036,46.7691],[8.46279,46.76857],[8.46458,46.76958],[8.4664,46.76961],[8.46892,46.7692],[8.47038,46.76846],[8.47068,46.76788],[8.47409,46.76771],[8.47579,46.76789],[8.47609,46.7682],[8.47886,46.76875],[8.48013,46.76858],[8.48293,46.76932],[8.48445,46.77056],[8.48647,46.77094],[8.48865,46.77113],[8.49144,46.77253],[8.48861,46.78094],[8.48829,46.78146],[8.48686,46.78206],[8.4854,46.78328],[8.48471,46.7848],[8.48362,46.7863],[8.48114,46.78761],[8.48067,46.78808],[8.47856,46.78927],[8.47837,46.79013],[8.47926,46.79181],[8.48059,46.79266],[8.48194,46.79389],[8.48192,46.79483],[8.48127,46.79729],[8.48114,46.79842],[8.47781,46.79719],[8.47705,46.79729],[8.47549,46.79684],[8.47358,46.79576],[8.47259,46.79545],[8.47136,46.79588],[8.46831,46.79769],[8.46688,46.79771],[8.46472,46.79851],[8.4658,46.79871],[8.46427,46.80053],[8.4701,46.7994],[8.47232,46.79937],[8.47632,46.80082],[8.47867,46.80134],[8.48198,46.80326],[8.4833,46.8047],[8.48342,46.80571],[8.48271,46.80671],[8.4833,46.80764],[8.48324,46.80875],[8.48067,46.81074],[8.4807,46.81137],[8.47822,46.81263],[8.47813,46.81372],[8.47973,46.81436],[8.48128,46.81624],[8.48116,46.81757],[8.48322,46.81898],[8.48369,46.81987],[8.48334,46.82036],[8.48372,46.82172],[8.48372,46.82492],[8.48326,46.82579],[8.48342,46.82702],[8.4854,46.82917],[8.48577,46.83048],[8.48632,46.83098],[8.48631,46.83204],[8.48762,46.83307],[8.48897,46.83566],[8.49037,46.8358],[8.49114,46.83674],[8.49351,46.83748],[8.49371,46.83769],[8.4971,46.83849],[8.49931,46.83924],[8.50071,46.83934],[8.50351,46.84063],[8.50492,46.8416],[8.5058,46.84278],[8.50552,46.84489],[8.50681,46.84548],[8.50536,46.84601],[8.50463,46.84668],[8.50324,46.84731],[8.50256,46.84799],[8.50215,46.8495],[8.50035,46.85114],[8.49963,46.85135],[8.4985,46.85224],[8.49851,46.8531],[8.49768,46.85361],[8.49649,46.8535],[8.49512,46.85293],[8.49328,46.85274],[8.49201,46.85299],[8.4902,46.85304],[8.48666,46.85399],[8.48557,46.85494],[8.48236,46.85541],[8.48005,46.85725],[8.47846,46.85703],[8.47747,46.85658],[8.47655,46.85571],[8.47632,46.85503],[8.47457,46.85454],[8.47084,46.85485]]],[[[8.22888,46.97315],[8.22972,46.97215],[8.22918,46.97132],[8.2289,46.97001],[8.22704,46.96923],[8.22598,46.96906],[8.22265,46.96921],[8.22026,46.96945],[8.21618,46.96908],[8.21403,46.96842],[8.20897,46.9676],[8.20653,46.96738],[8.20303,46.96693],[8.1998,46.9675],[8.19499,46.9687],[8.18734,46.97175],[8.1828,46.9693],[8.18193,46.96853],[8.1789,46.96859],[8.17806,46.96873],[8.17667,46.96844],[8.17483,46.9672],[8.17382,46.96717],[8.17284,46.96662],[8.17205,46.9666],[8.16852,46.96528],[8.16737,46.96524],[8.16569,46.96474],[8.16454,46.96467],[8.16106,46.96275],[8.159,46.96113],[8.15807,46.9608],[8.15696,46.96131],[8.1566,46.96091],[8.15475,46.96009],[8.15559,46.95956],[8.15491,46.95905],[8.15306,46.95871],[8.15067,46.95791],[8.15023,46.95687],[8.15042,46.95632],[8.15148,46.95581],[8.1511,46.95287],[8.1535,46.94995],[8.16083,46.94346],[8.16169,46.94361],[8.16316,46.94206],[8.16485,46.9396],[8.16475,46.93885],[8.16375,46.93767],[8.16196,46.93646],[8.16003,46.93577],[8.15923,46.93583],[8.15836,46.93502],[8.1574,46.93374],[8.15411,46.93291],[8.1517,46.93093],[8.14955,46.92988],[8.14802,46.92968],[8.14666,46.92851],[8.14537,46.92769],[8.1436,46.92724],[8.14109,46.92557],[8.14087,46.925],[8.13917,46.92334],[8.13685,46.92266],[8.13559,46.92279],[8.13397,46.92154],[8.13311,46.92003],[8.13229,46.91958],[8.13059,46.91803],[8.12916,46.91641],[8.12845,46.91488],[8.12631,46.91342],[8.12406,46.91068],[8.12225,46.90917],[8.12178,46.90843],[8.12142,46.90684],[8.12031,46.90566],[8.11907,46.90464],[8.11885,46.90399],[8.11803,46.9037],[8.11698,46.90123],[8.11624,46.90015],[8.1158,46.89883],[8.11472,46.89703],[8.1136,46.89571],[8.11275,46.89377],[8.11127,46.89273],[8.11026,46.89315],[8.10761,46.89489],[8.1073,46.89614],[8.10644,46.89844],[8.10645,46.90032],[8.10625,46.90135],[8.10697,46.90349],[8.10736,46.90421],[8.10731,46.90496],[8.10815,46.90629],[8.10855,46.90828],[8.10624,46.90839],[8.1039,46.90913],[8.10204,46.90884],[8.1007,46.90909],[8.09837,46.91061],[8.09479,46.91198],[8.09471,46.91107],[8.09388,46.91033],[8.09148,46.90943],[8.08912,46.90915],[8.0884,46.90862],[8.0871,46.90718],[8.08698,46.90679],[8.08585,46.90607],[8.0861,46.90426],[8.08428,46.90236],[8.08358,46.90032],[8.0826,46.89918],[8.08047,46.89836],[8.07961,46.89787],[8.078,46.8974],[8.07601,46.89717],[8.07313,46.89712],[8.07187,46.89645],[8.06983,46.89573],[8.06968,46.89077],[8.06885,46.88912],[8.067,46.88783],[8.06758,46.88582],[8.06844,46.88465],[8.06889,46.88292],[8.06935,46.88203],[8.07101,46.88156],[8.07082,46.88021],[8.07013,46.8803],[8.07026,46.87812],[8.07049,46.87756],[8.07026,46.87616],[8.0716,46.87372],[8.0704,46.87261],[8.06966,46.87153],[8.06997,46.86976],[8.0697,46.86879],[8.06775,46.86741],[8.06598,46.86697],[8.06576,46.86628],[8.0662,46.86591],[8.06612,46.86455],[8.06728,46.86242],[8.06643,46.86166],[8.06568,46.8596],[8.06497,46.85874],[8.06373,46.85866],[8.06278,46.85886],[8.06211,46.85794],[8.05954,46.85865],[8.05851,46.85697],[8.05733,46.85601],[8.05784,46.85554],[8.05847,46.85369],[8.05895,46.85343],[8.05773,46.85227],[8.05697,46.85098],[8.05599,46.85024],[8.05599,46.8493],[8.0542,46.84853],[8.05206,46.84733],[8.0517,46.84656],[8.05074,46.84612],[8.0498,46.84508],[8.04808,46.8449],[8.04577,46.84418],[8.0448,46.84237],[8.04472,46.84143],[8.04232,46.83657],[8.04344,46.83517],[8.04431,46.8345],[8.0451,46.83344],[8.0466,46.83203],[8.04774,46.83162],[8.0478,46.83032],[8.0468,46.82939],[8.04708,46.82896],[8.05045,46.82578],[8.05151,46.82518],[8.05286,46.82307],[8.05469,46.82126],[8.05531,46.81989],[8.05604,46.81928],[8.05662,46.81817],[8.05839,46.8163],[8.05921,46.81481],[8.06152,46.81203],[8.06418,46.80844],[8.06441,46.80788],[8.06427,46.80637],[8.06452,46.80607],[8.06387,46.80298],[8.061,46.8028],[8.0607,46.80162],[8.05853,46.80067],[8.05837,46.80111],[8.05531,46.79916],[8.05489,46.79864],[8.05555,46.79793],[8.05513,46.79726],[8.05654,46.79649],[8.05686,46.79548],[8.0567,46.79421],[8.0561,46.79295],[8.05386,46.79188],[8.05341,46.79126],[8.0517,46.79015],[8.05097,46.78947],[8.04981,46.78891],[8.04935,46.78823],[8.04694,46.78711],[8.05029,46.78834],[8.05507,46.78844],[8.05983,46.78639],[8.06353,46.78726],[8.06488,46.78718],[8.06642,46.78768],[8.06725,46.78774],[8.06902,46.78865],[8.06945,46.78819],[8.07253,46.78727],[8.0743,46.78629],[8.07576,46.786],[8.07733,46.78594],[8.0806,46.78647],[8.08279,46.78693],[8.08575,46.78688],[8.08873,46.78756],[8.09004,46.78764],[8.09,46.78673],[8.09048,46.78613],[8.09088,46.78496],[8.09078,46.78436],[8.09365,46.78252],[8.09631,46.77953],[8.09746,46.77879],[8.09956,46.77827],[8.10144,46.77618],[8.10186,46.77444],[8.10235,46.7738],[8.10526,46.77294],[8.10687,46.77288],[8.11007,46.77377],[8.11352,46.7734],[8.11451,46.77245],[8.11835,46.77096],[8.12183,46.77037],[8.12836,46.7669],[8.13541,46.76261],[8.13725,46.7614],[8.13754,46.76072],[8.13863,46.76012],[8.13869,46.75954],[8.14098,46.75863],[8.14613,46.75545],[8.14695,46.75484],[8.14885,46.75653],[8.14967,46.75699],[8.15273,46.75805],[8.15437,46.75812],[8.15553,46.75857],[8.15846,46.75924],[8.15831,46.75986],[8.15942,46.75994],[8.15945,46.76052],[8.16087,46.7606],[8.16353,46.76165],[8.16426,46.7634],[8.16502,46.7634],[8.16561,46.76391],[8.1668,46.76402],[8.16794,46.76535],[8.17089,46.76435],[8.1721,46.76414],[8.17264,46.76466],[8.17414,46.76544],[8.18582,46.76858],[8.18774,46.76967],[8.1898,46.77031],[8.19318,46.76843],[8.19631,46.76793],[8.19934,46.76877],[8.20263,46.76904],[8.20324,46.76938],[8.20659,46.76955],[8.208,46.76946],[8.2093,46.76809],[8.21015,46.76799],[8.21092,46.76713],[8.21209,46.76636],[8.21641,46.76468],[8.21801,46.76371],[8.21936,46.76353],[8.22043,46.7615],[8.22198,46.76106],[8.22301,46.76132],[8.22687,46.76148],[8.22796,46.76099],[8.22922,46.76121],[8.22979,46.761],[8.23355,46.76173],[8.23392,46.76195],[8.23907,46.76961],[8.24029,46.7695],[8.2424,46.76857],[8.24457,46.76806],[8.24553,46.76752],[8.24718,46.76756],[8.2484,46.76688],[8.25189,46.76608],[8.25482,46.76494],[8.25577,46.76439],[8.25711,46.76441],[8.25938,46.76381],[8.26009,46.76335],[8.26266,46.76066],[8.26437,46.75951],[8.26668,46.75761],[8.26646,46.75708],[8.26869,46.75539],[8.26928,46.75431],[8.27164,46.7546],[8.27284,46.75492],[8.27409,46.75496],[8.275,46.75471],[8.27552,46.75508],[8.2773,46.7544],[8.28013,46.75422],[8.28099,46.75433],[8.28197,46.75401],[8.28349,46.75317],[8.28422,46.75376],[8.28645,46.75453],[8.28701,46.75533],[8.29043,46.75701],[8.29124,46.75786],[8.29304,46.75823],[8.29488,46.75923],[8.29586,46.75954],[8.29693,46.76024],[8.29791,46.762],[8.29843,46.76227],[8.29955,46.76139],[8.3021,46.76204],[8.30663,46.76418],[8.30689,46.76521],[8.31156,46.76828],[8.31588,46.7701],[8.32082,46.77334],[8.32582,46.77558],[8.3268,46.77614],[8.32682,46.77681],[8.32888,46.77796],[8.33102,46.77852],[8.33189,46.77991],[8.33369,46.7806],[8.34288,46.78145],[8.35054,46.78208],[8.35565,46.7827],[8.3566,46.78258],[8.35992,46.78296],[8.36122,46.78381],[8.36355,46.78452],[8.36408,46.7851],[8.3638,46.78607],[8.36552,46.78645],[8.36739,46.78706],[8.36773,46.78757],[8.36894,46.78792],[8.36919,46.78914],[8.36713,46.79002],[8.3665,46.79077],[8.36427,46.79183],[8.36318,46.79256],[8.36112,46.79356],[8.35897,46.79437],[8.35636,46.79476],[8.35525,46.79472],[8.35404,46.79518],[8.35309,46.79602],[8.35112,46.79645],[8.34923,46.79712],[8.34769,46.7988],[8.3456,46.79981],[8.34435,46.79998],[8.3434,46.80145],[8.34301,46.8024],[8.34397,46.80325],[8.34329,46.80453],[8.34134,46.80458],[8.33923,46.80538],[8.33833,46.80668],[8.33677,46.80811],[8.33566,46.80888],[8.33386,46.80962],[8.33328,46.81039],[8.33205,46.8111],[8.33168,46.81244],[8.3296,46.8136],[8.32792,46.81402],[8.32632,46.81488],[8.3264,46.81566],[8.32385,46.81743],[8.32305,46.81876],[8.32361,46.81979],[8.32214,46.82022],[8.32204,46.82102],[8.32289,46.82169],[8.32292,46.82216],[8.32395,46.82245],[8.32434,46.82302],[8.32562,46.82403],[8.32889,46.8247],[8.32968,46.8252],[8.33221,46.82595],[8.33321,46.82667],[8.33497,46.82755],[8.33522,46.82843],[8.33521,46.8297],[8.33488,46.8312],[8.33588,46.83183],[8.33594,46.83311],[8.33521,46.83363],[8.33425,46.83378],[8.33226,46.83365],[8.33258,46.83783],[8.33165,46.83995],[8.33115,46.84037],[8.33102,46.84116],[8.33024,46.8418],[8.32917,46.84218],[8.32893,46.84366],[8.32848,46.84474],[8.32842,46.84586],[8.32791,46.84687],[8.32834,46.84826],[8.33069,46.85153],[8.3308,46.8526],[8.33005,46.85376],[8.33084,46.85668],[8.33456,46.86124],[8.33428,46.86207],[8.33451,46.86328],[8.33434,46.86499],[8.33366,46.86681],[8.33424,46.86726],[8.33343,46.86837],[8.33192,46.86861],[8.33156,46.86966],[8.33071,46.8701],[8.32965,46.87143],[8.32937,46.87277],[8.33005,46.8742],[8.32885,46.87614],[8.32838,46.87798],[8.32959,46.87876],[8.33029,46.87964],[8.33152,46.88054],[8.33305,46.88195],[8.33258,46.88415],[8.33281,46.88432],[8.33321,46.88617],[8.33507,46.88791],[8.33734,46.88948],[8.33814,46.89069],[8.33825,46.89209],[8.33818,46.89417],[8.3384,46.89492],[8.33825,46.89612],[8.33854,46.89704],[8.33833,46.8984],[8.33734,46.90087],[8.3368,46.90164],[8.33676,46.9026],[8.33629,46.90303],[8.33679,46.90369],[8.33662,46.90417],[8.33718,46.90626],[8.33991,46.90774],[8.34111,46.9087],[8.34261,46.9115],[8.34271,46.91246],[8.34348,46.9149],[8.34177,46.91748],[8.33936,46.91841],[8.3384,46.91837],[8.33958,46.91994],[8.33993,46.9201],[8.34053,46.92156],[8.3403,46.92262],[8.33984,46.92329],[8.34019,46.92365],[8.34068,46.92553],[8.34124,46.92619],[8.34023,46.92795],[8.33975,46.92842],[8.33813,46.92931],[8.33456,46.92802],[8.32809,46.92694],[8.3237,46.92552],[8.32105,46.92516],[8.3174,46.92497],[8.31551,46.92437],[8.3147,46.92487],[8.31297,46.92537],[8.30964,46.9243],[8.30884,46.92522],[8.30531,46.92629],[8.30486,46.9267],[8.30234,46.92792],[8.30097,46.92878],[8.30107,46.92974],[8.30008,46.93024],[8.29705,46.93103],[8.29624,46.93154],[8.29463,46.93174],[8.29245,46.93241],[8.29097,46.93272],[8.28978,46.93346],[8.28829,46.93389],[8.28858,46.93483],[8.28934,46.93553],[8.28957,46.93632],[8.29028,46.93671],[8.29058,46.93765],[8.29166,46.93906],[8.29195,46.93977],[8.29296,46.94067],[8.29497,46.94185],[8.29587,46.94308],[8.29713,46.9442],[8.29747,46.94515],[8.29922,46.94668],[8.3006,46.94748],[8.30176,46.94791],[8.30277,46.94874],[8.30506,46.94973],[8.30547,46.95014],[8.30991,46.95222],[8.30828,46.95331],[8.30617,46.95572],[8.31098,46.96898],[8.30991,46.97034],[8.30961,46.97147],[8.3069,46.97415],[8.30717,46.97592],[8.30438,46.9769],[8.30271,46.97718],[8.30135,46.97766],[8.3006,46.97742],[8.29745,46.9775],[8.29464,46.97697],[8.29281,46.97719],[8.2923,46.97663],[8.29006,46.97608],[8.28675,46.97586],[8.28543,46.97616],[8.28423,46.97582],[8.28299,46.97599],[8.28186,46.97581],[8.28091,46.97657],[8.2799,46.97651],[8.2786,46.9769],[8.27611,46.97738],[8.27553,46.97728],[8.2746,46.97801],[8.27252,46.9786],[8.26949,46.97887],[8.26769,46.97835],[8.26675,46.97847],[8.26471,46.97835],[8.26371,46.97867],[8.26249,46.9781],[8.26163,46.97902],[8.26168,46.97968],[8.261,46.98034],[8.25643,46.9795],[8.25426,46.98012],[8.25299,46.97952],[8.25232,46.97889],[8.2482,46.97625],[8.24679,46.97578],[8.24605,46.97527],[8.24378,46.97433],[8.24193,46.97405],[8.24085,46.97364],[8.23877,46.97377],[8.23583,46.97451],[8.23356,46.97437],[8.23216,46.97337],[8.23114,46.97323],[8.22987,46.97373],[8.22888,46.97315]]]]},"properties":{"area_code":"OW","area_name":"Obwalden","area_unit_id":"ch-canton-2026-swissboundaries3d:OW","boundary_set_id":"ch-canton-2026-swissboundaries3d","boundary_level":"canton","land_area_sq_km":490.5833}},
{"type":"Feature","geometry":{"type":"MultiPolygon","coordinates":[[[[9.2489,46.91627],[9.25436,46.91323],[9.25494,46.91245],[9.25681,46.9092],[9.2575,46.90839],[9.26179,46.90592],[9.2634,46.90548],[9.26671,46.90332],[9.26788,46.90319],[9.26892,46.90418],[9.27121,46.90519],[9.27309,46.90634],[9.27408,46.90673],[9.2769,46.90735],[9.28046,46.90723],[9.28205,46.90671],[9.28265,46.90621],[9.2851,46.90543],[9.28692,46.90506],[9.28906,46.90629],[9.29074,46.90696],[9.29213,46.9069],[9.29331,46.90708],[9.29427,46.90694],[9.29534,46.90642],[9.29733,46.90629],[9.30106,46.90548],[9.30352,46.90588],[9.30539,46.90564],[9.30994,46.90576],[9.3127,46.90472],[9.31518,46.90277],[9.31635,46.90224],[9.31763,46.90123],[9.3207,46.90093],[9.32191,46.9006],[9.32385,46.90086],[9.32485,46.90038],[9.32577,46.90118],[9.33045,46.90179],[9.3335,46.90182],[9.33455,46.90207],[9.33747,46.90192],[9.33868,46.90203],[9.34311,46.89848],[9.34612,46.8995],[9.34704,46.89967],[9.34903,46.89951],[9.3511,46.89889],[9.35228,46.89918],[9.35324,46.89858],[9.35553,46.89811],[9.35939,46.89767],[9.36125,46.89733],[9.36487,46.89719],[9.36551,46.89692],[9.36652,46.89738],[9.36801,46.89772],[9.37203,46.89737],[9.37466,46.89729],[9.37901,46.89741],[9.3817,46.89763],[9.38729,46.89661],[9.3895,46.8958],[9.391,46.89494],[9.39177,46.89476],[9.3928,46.89394],[9.3943,46.89341],[9.39886,46.89262],[9.39942,46.89213],[9.4006,46.89234],[9.40511,46.89237],[9.40753,46.89209],[9.40995,46.89197],[9.41113,46.89136],[9.41387,46.89117],[9.4159,46.89009],[9.41901,46.88951],[9.4199,46.88956],[9.42532,46.88766],[9.42821,46.88554],[9.43326,46.88457],[9.43417,46.88331],[9.43491,46.88308],[9.43575,46.88175],[9.43646,46.88147],[9.43781,46.87974],[9.44065,46.87877],[9.44118,46.87809],[9.44365,46.87642],[9.445,46.87587],[9.44589,46.87505],[9.44824,46.87352],[9.44887,46.87288],[9.45084,46.87409],[9.45255,46.87461],[9.45309,46.87602],[9.45429,46.87688],[9.45466,46.87819],[9.45579,46.88025],[9.45595,46.88121],[9.45537,46.88242],[9.45568,46.88299],[9.45516,46.88403],[9.45412,46.88488],[9.45426,46.88605],[9.45593,46.8864],[9.4583,46.88665],[9.46054,46.88637],[9.4621,46.88662],[9.46421,46.88644],[9.46606,46.88589],[9.46683,46.88608],[9.46778,46.88727],[9.46885,46.88931],[9.46883,46.89077],[9.46975,46.89147],[9.46864,46.89422],[9.46877,46.8951],[9.46779,46.89633],[9.46736,46.89804],[9.46726,46.89988],[9.47102,46.90142],[9.47136,46.90262],[9.47208,46.90331],[9.47234,46.90405],[9.47481,46.90544],[9.47543,46.90642],[9.47752,46.90713],[9.48009,46.90749],[9.48228,46.90821],[9.48546,46.91041],[9.488,46.91229],[9.48247,46.91419],[9.48033,46.91533],[9.47858,46.91568],[9.47865,46.91665],[9.47818,46.91802],[9.47779,46.92056],[9.47821,46.92067],[9.47913,46.92221],[9.48044,46.92598],[9.48328,46.9277],[9.48573,46.93038],[9.48579,46.93109],[9.48668,46.93323],[9.48653,46.93552],[9.49041,46.93665],[9.49372,46.93771],[9.49287,46.93921],[9.49427,46.94035],[9.49611,46.94034],[9.49574,46.94183],[9.49651,46.94214],[9.4963,46.94267],[9.49699,46.9432],[9.49708,46.94412],[9.49863,46.94508],[9.49885,46.94689],[9.4996,46.94792],[9.50021,46.94959],[9.50104,46.94934],[9.50293,46.94934],[9.50344,46.94993],[9.5032,46.95054],[9.50399,46.95164],[9.50461,46.95367],[9.50588,46.95419],[9.51118,46.95478],[9.5155,46.955],[9.51826,46.95565],[9.51883,46.9565],[9.51845,46.95717],[9.51854,46.95805],[9.51814,46.96052],[9.51859,46.96259],[9.51773,46.96361],[9.51836,46.96422],[9.51871,46.9651],[9.51731,46.96745],[9.5174,46.96839],[9.51894,46.97],[9.51895,46.97035],[9.52092,46.97143],[9.52154,46.97199],[9.52303,46.97256],[9.52521,46.97237],[9.52621,46.97245],[9.52706,46.97296],[9.52772,46.97285],[9.52865,46.97387],[9.53017,46.97414],[9.53139,46.97395],[9.53274,46.9741],[9.53488,46.97464],[9.53581,46.97446],[9.53876,46.97463],[9.54015,46.97458],[9.54123,46.97429],[9.5422,46.97462],[9.54558,46.97657],[9.53924,46.98218],[9.53179,46.98868],[9.52159,46.99762],[9.51864,47.00054],[9.51157,47.00805],[9.51069,47.00914],[9.50985,47.01142],[9.50834,47.0151],[9.50837,47.01556],[9.50711,47.01744],[9.50607,47.01869],[9.49705,47.028],[9.48524,47.0403],[9.48148,47.04408],[9.47845,47.04748],[9.47725,47.04905],[9.4758,47.05175],[9.47243,47.05978],[9.47179,47.06151],[9.47168,47.06331],[9.47187,47.0642],[9.47318,47.06574],[9.4751,47.06697],[9.47848,47.06836],[9.48763,47.07192],[9.49228,47.07384],[9.51255,47.085],[9.51442,47.08634],[9.51561,47.08785],[9.51876,47.09479],[9.51932,47.09655],[9.51959,47.09834],[9.51962,47.10013],[9.51946,47.10192],[9.51886,47.1055],[9.51845,47.10727],[9.51615,47.11614],[9.51466,47.12144],[9.51239,47.1303],[9.51184,47.13202],[9.5097,47.13725],[9.50819,47.14073],[9.50721,47.14238],[9.50584,47.1439],[9.50118,47.14827],[9.49973,47.14977],[9.49332,47.15964],[9.49131,47.16297],[9.49066,47.16457],[9.48934,47.1689],[9.48599,47.18052],[9.48585,47.18144],[9.48632,47.18414],[9.48815,47.19123],[9.48976,47.19649],[9.49064,47.19819],[9.49514,47.20457],[9.49942,47.21096],[9.49987,47.21215],[9.5012,47.21835],[9.50165,47.22017],[9.50351,47.22351],[9.50465,47.22512],[9.5126,47.23444],[9.51802,47.24064],[9.52046,47.24396],[9.52476,47.25232],[9.52984,47.26185],[9.53027,47.26336],[9.53039,47.26968],[9.53101,47.27109],[9.53202,47.27226],[9.53314,47.27309],[9.53962,47.27621],[9.5455,47.2795],[9.54636,47.28023],[9.5504,47.28538],[9.55159,47.2873],[9.55218,47.28873],[9.55448,47.29562],[9.55512,47.29691],[9.55584,47.2978],[9.55746,47.2991],[9.56487,47.30371],[9.5662,47.3044],[9.57881,47.30979],[9.58161,47.31116],[9.58365,47.31271],[9.58801,47.31725],[9.58931,47.31926],[9.59257,47.32791],[9.5951,47.3345],[9.59929,47.34472],[9.60004,47.34608],[9.60079,47.34699],[9.60389,47.3502],[9.60577,47.35186],[9.61074,47.3557],[9.62116,47.36357],[9.62446,47.36614],[9.62628,47.36508],[9.62841,47.36589],[9.63361,47.36713],[9.6369,47.36748],[9.63946,47.3675],[9.64289,47.36739],[9.6475,47.36735],[9.65054,47.36754],[9.65387,47.36808],[9.65675,47.36882],[9.65876,47.36946],[9.66241,47.37108],[9.66589,47.37364],[9.67026,47.37743],[9.67255,47.3802],[9.67336,47.38151],[9.67385,47.38387],[9.67414,47.3893],[9.67383,47.39083],[9.67312,47.39194],[9.67185,47.39306],[9.67061,47.39368],[9.66401,47.39585],[9.66146,47.3968],[9.66009,47.39754],[9.65874,47.39858],[9.65734,47.40015],[9.65438,47.4044],[9.65162,47.40462],[9.6519,47.40729],[9.65187,47.40872],[9.65106,47.41642],[9.6503,47.42108],[9.64914,47.42446],[9.64832,47.42611],[9.64535,47.4315],[9.64437,47.43413],[9.64438,47.43594],[9.64495,47.43751],[9.6466,47.43967],[9.64734,47.44032],[9.64956,47.44176],[9.65799,47.44779],[9.65904,47.44912],[9.65944,47.45138],[9.65898,47.4522],[9.65808,47.45297],[9.65626,47.45375],[9.65442,47.45425],[9.64568,47.45565],[9.6428,47.45598],[9.63867,47.45624],[9.62633,47.45668],[9.62274,47.45734],[9.62139,47.4579],[9.6205,47.45856],[9.61753,47.46136],[9.61638,47.46268],[9.61216,47.46881],[9.61049,47.47012],[9.60879,47.47058],[9.60723,47.47033],[9.60645,47.46938],[9.60616,47.46744],[9.60562,47.46544],[9.60492,47.46377],[9.60359,47.4624],[9.60196,47.46168],[9.60035,47.46165],[9.59655,47.4625],[9.59488,47.46354],[9.59296,47.46585],[9.58346,47.48111],[9.58149,47.48343],[9.58019,47.48445],[9.57872,47.48535],[9.5665,47.49195],[9.56485,47.493],[9.56347,47.49422],[9.562,47.49629],[9.56144,47.49778],[9.56125,47.49932],[9.56183,47.50456],[9.55872,47.54189],[9.50695,47.54974],[9.44697,47.51131],[9.43561,47.50651],[9.43325,47.50597],[9.43344,47.50523],[9.43162,47.50506],[9.43051,47.50469],[9.42951,47.50341],[9.42607,47.50175],[9.42511,47.5015],[9.42472,47.50087],[9.42317,47.49927],[9.42128,47.49617],[9.41874,47.49692],[9.41735,47.49805],[9.4163,47.49737],[9.41354,47.49752],[9.41276,47.49549],[9.41165,47.49529],[9.41052,47.49459],[9.40957,47.49338],[9.40858,47.49344],[9.40651,47.49406],[9.40597,47.4932],[9.40647,47.49249],[9.40577,47.49165],[9.40463,47.48921],[9.40331,47.48872],[9.4037,47.48778],[9.40301,47.48719],[9.4011,47.48657],[9.40041,47.4861],[9.40209,47.48494],[9.40174,47.48337],[9.40051,47.48281],[9.4012,47.48078],[9.40038,47.48024],[9.40048,47.47917],[9.39956,47.47816],[9.39839,47.47813],[9.3972,47.47779],[9.39636,47.47783],[9.39635,47.47628],[9.39695,47.47508],[9.39423,47.47592],[9.39324,47.47598],[9.39112,47.4774],[9.39161,47.47864],[9.39061,47.47955],[9.38879,47.48156],[9.38777,47.48199],[9.38561,47.48196],[9.38485,47.48219],[9.3837,47.48331],[9.38245,47.48388],[9.38217,47.4845],[9.38131,47.48496],[9.37961,47.48547],[9.38083,47.48731],[9.37922,47.48731],[9.37504,47.48706],[9.37397,47.48636],[9.37314,47.48531],[9.37066,47.48542],[9.36822,47.48474],[9.36653,47.48546],[9.36682,47.48622],[9.3682,47.48804],[9.37047,47.48916],[9.37121,47.48905],[9.37209,47.48958],[9.37279,47.49046],[9.36844,47.49208],[9.36924,47.49364],[9.36891,47.49403],[9.36996,47.4945],[9.37201,47.49427],[9.37308,47.49442],[9.37408,47.49536],[9.37445,47.49696],[9.37421,47.49775],[9.37447,47.49966],[9.37364,47.5003],[9.37221,47.50088],[9.36888,47.50115],[9.3678,47.50044],[9.36191,47.50286],[9.36162,47.5025],[9.35764,47.50336],[9.3561,47.50341],[9.3564,47.50196],[9.35591,47.50087],[9.35455,47.50093],[9.35197,47.50143],[9.34951,47.50137],[9.3477,47.5019],[9.34657,47.50194],[9.34517,47.50263],[9.34334,47.50308],[9.34181,47.50372],[9.33977,47.50319],[9.33888,47.50227],[9.33899,47.50169],[9.33773,47.50078],[9.33692,47.50128],[9.33636,47.50227],[9.33699,47.50382],[9.33755,47.50431],[9.33761,47.50502],[9.33831,47.50683],[9.34056,47.50687],[9.34239,47.50645],[9.34328,47.50644],[9.34432,47.50828],[9.34537,47.50793],[9.34617,47.50802],[9.34711,47.50907],[9.34724,47.50988],[9.34815,47.50981],[9.34851,47.51125],[9.34755,47.51158],[9.34578,47.51184],[9.34843,47.51396],[9.34989,47.51421],[9.35048,47.5154],[9.35196,47.51537],[9.35356,47.51488],[9.35532,47.51636],[9.35584,47.51636],[9.3564,47.5195],[9.35586,47.51985],[9.35421,47.51933],[9.35316,47.51922],[9.35051,47.5199],[9.34617,47.52037],[9.3445,47.5198],[9.34368,47.52023],[9.34392,47.52075],[9.34193,47.5218],[9.34138,47.52241],[9.34117,47.52398],[9.33899,47.52485],[9.3402,47.52643],[9.34025,47.52746],[9.33996,47.52838],[9.3398,47.53066],[9.33872,47.53004],[9.3383,47.52887],[9.33692,47.52872],[9.33486,47.52896],[9.3338,47.52927],[9.33164,47.52955],[9.32968,47.52964],[9.32876,47.52839],[9.32432,47.52921],[9.32307,47.53022],[9.32343,47.53168],[9.32225,47.53172],[9.32214,47.53107],[9.31849,47.5317],[9.31727,47.53131],[9.31751,47.5309],[9.31534,47.53027],[9.316,47.52975],[9.31661,47.52869],[9.31409,47.52851],[9.31234,47.52756],[9.31327,47.52641],[9.31369,47.52475],[9.31359,47.52384],[9.31276,47.52212],[9.31004,47.52351],[9.30961,47.52448],[9.30837,47.52538],[9.30704,47.52585],[9.30276,47.52643],[9.30137,47.52412],[9.29956,47.52438],[9.29775,47.52429],[9.2963,47.52451],[9.29629,47.52374],[9.29531,47.52275],[9.29348,47.52291],[9.2823,47.52068],[9.28483,47.51851],[9.28398,47.51793],[9.28273,47.51639],[9.28251,47.51559],[9.28267,47.51465],[9.27948,47.51397],[9.27999,47.51346],[9.27962,47.5118],[9.28047,47.51132],[9.28037,47.51008],[9.27891,47.50994],[9.27797,47.51033],[9.27785,47.51186],[9.27699,47.51194],[9.27639,47.51263],[9.27539,47.51315],[9.27335,47.51218],[9.27244,47.512],[9.27154,47.51137],[9.27016,47.51242],[9.26877,47.51167],[9.26837,47.51087],[9.26895,47.51034],[9.27059,47.51007],[9.27157,47.50783],[9.27323,47.50808],[9.27362,47.50701],[9.27442,47.50683],[9.27789,47.50678],[9.27863,47.50635],[9.28093,47.50641],[9.28158,47.50595],[9.28341,47.50608],[9.28639,47.50678],[9.2864,47.50763],[9.2876,47.50738],[9.28917,47.50736],[9.28953,47.5071],[9.29157,47.50666],[9.29196,47.50814],[9.2935,47.50869],[9.29535,47.50962],[9.29774,47.50917],[9.29937,47.51209],[9.30086,47.51178],[9.30139,47.51273],[9.30259,47.51234],[9.30329,47.51359],[9.30193,47.51412],[9.30336,47.51566],[9.30495,47.51472],[9.30484,47.51403],[9.30748,47.51314],[9.30937,47.51169],[9.31168,47.51035],[9.31275,47.50999],[9.31535,47.50956],[9.31662,47.50959],[9.317,47.50864],[9.31599,47.50874],[9.31505,47.50689],[9.31411,47.50773],[9.31318,47.50702],[9.31257,47.50698],[9.31016,47.50764],[9.30997,47.50619],[9.3084,47.50529],[9.30793,47.50395],[9.3092,47.50328],[9.30841,47.5015],[9.30923,47.50091],[9.30887,47.49968],[9.30817,47.49865],[9.30847,47.49772],[9.30916,47.49762],[9.31014,47.49804],[9.31261,47.49973],[9.31352,47.50022],[9.31527,47.50081],[9.31726,47.50051],[9.31852,47.49944],[9.31992,47.49739],[9.32006,47.49683],[9.31936,47.49486],[9.31935,47.49347],[9.32097,47.49083],[9.31895,47.49051],[9.31731,47.4891],[9.3166,47.48899],[9.31678,47.48816],[9.31564,47.48782],[9.31604,47.48718],[9.31514,47.48631],[9.31068,47.48485],[9.30922,47.48405],[9.30839,47.48317],[9.30847,47.48199],[9.30717,47.48127],[9.30529,47.48052],[9.30387,47.47917],[9.3027,47.4788],[9.30125,47.47801],[9.29963,47.47766],[9.29865,47.47723],[9.29664,47.47861],[9.29511,47.47833],[9.2943,47.47894],[9.28893,47.4795],[9.28779,47.47994],[9.28691,47.48147],[9.28691,47.48222],[9.28589,47.48247],[9.2846,47.48226],[9.28366,47.48237],[9.28122,47.48306],[9.28063,47.48283],[9.27905,47.48146],[9.27875,47.47973],[9.27837,47.47939],[9.27491,47.47912],[9.27262,47.47855],[9.27235,47.4776],[9.27067,47.47769],[9.26826,47.47689],[9.26712,47.47671],[9.26405,47.47483],[9.26317,47.47457],[9.26163,47.4745],[9.26023,47.47478],[9.25931,47.47463],[9.25396,47.47505],[9.25227,47.47561],[9.25116,47.47449],[9.24856,47.47545],[9.24706,47.47583],[9.24617,47.47732],[9.2452,47.47834],[9.24565,47.47905],[9.24461,47.48028],[9.2433,47.47995],[9.24033,47.48034],[9.23792,47.48175],[9.2371,47.48092],[9.23221,47.48105],[9.23232,47.48323],[9.2289,47.48425],[9.22793,47.48343],[9.2269,47.48409],[9.22471,47.48455],[9.22184,47.48394],[9.22067,47.48339],[9.21972,47.48329],[9.21829,47.48381],[9.21482,47.48173],[9.21327,47.48037],[9.21373,47.47985],[9.2132,47.47891],[9.21082,47.47984],[9.20897,47.48017],[9.20985,47.482],[9.20839,47.48229],[9.2078,47.48311],[9.20772,47.48446],[9.20682,47.4852],[9.20644,47.48617],[9.20653,47.48682],[9.20806,47.48763],[9.20875,47.48885],[9.20762,47.48862],[9.20604,47.48889],[9.20489,47.4888],[9.20313,47.48922],[9.20157,47.4888],[9.20007,47.48955],[9.19878,47.48897],[9.19675,47.49052],[9.19307,47.48894],[9.19229,47.48955],[9.19338,47.49122],[9.18879,47.4931],[9.18804,47.49268],[9.186,47.49204],[9.18287,47.49134],[9.18168,47.49391],[9.18163,47.49493],[9.18109,47.49652],[9.18021,47.49704],[9.17755,47.49703],[9.17861,47.49607],[9.17743,47.49484],[9.17487,47.49532],[9.17372,47.49451],[9.17308,47.49614],[9.17222,47.49678],[9.16918,47.4983],[9.17197,47.50332],[9.16922,47.504],[9.16839,47.50148],[9.16774,47.50129],[9.16674,47.50168],[9.16748,47.50354],[9.16598,47.50404],[9.16496,47.50307],[9.16422,47.50205],[9.16247,47.50121],[9.16226,47.50041],[9.16073,47.49998],[9.16055,47.49869],[9.1619,47.4978],[9.16274,47.49688],[9.16151,47.49559],[9.16046,47.4939],[9.16073,47.49347],[9.15871,47.49149],[9.15811,47.49006],[9.15795,47.48912],[9.1564,47.48861],[9.15526,47.4876],[9.15438,47.48754],[9.15392,47.48697],[9.15284,47.48761],[9.15163,47.48718],[9.15122,47.48747],[9.14921,47.4871],[9.14803,47.48669],[9.14634,47.4866],[9.14621,47.48631],[9.1434,47.48542],[9.14203,47.48439],[9.14139,47.48481],[9.14026,47.48442],[9.13937,47.48476],[9.139,47.48543],[9.13801,47.48527],[9.13734,47.48562],[9.13608,47.48562],[9.13496,47.48535],[9.13284,47.48516],[9.13167,47.48548],[9.13131,47.48484],[9.1303,47.48485],[9.12942,47.4845],[9.12698,47.4842],[9.1252,47.48371],[9.12434,47.48319],[9.12463,47.48172],[9.1227,47.48067],[9.1199,47.47993],[9.11813,47.47971],[9.11601,47.47973],[9.11569,47.48096],[9.11463,47.4822],[9.11442,47.48294],[9.11246,47.48318],[9.11286,47.48441],[9.11136,47.48399],[9.10923,47.48397],[9.10899,47.48434],[9.10753,47.48428],[9.1052,47.48456],[9.10385,47.48432],[9.10295,47.48473],[9.09944,47.48522],[9.09856,47.4856],[9.09781,47.48469],[9.09775,47.48389],[9.095,47.48385],[9.09347,47.48335],[9.09157,47.4834],[9.09088,47.4828],[9.08977,47.48282],[9.08847,47.48455],[9.08834,47.48589],[9.08633,47.48804],[9.08639,47.4883],[9.08441,47.48894],[9.08429,47.48942],[9.0851,47.49024],[9.08468,47.49081],[9.08379,47.49107],[9.08462,47.49207],[9.08369,47.49251],[9.08355,47.49376],[9.08238,47.49389],[9.08237,47.49524],[9.08114,47.49494],[9.07964,47.49488],[9.07888,47.49433],[9.07726,47.49368],[9.07618,47.49274],[9.07448,47.4923],[9.07283,47.49361],[9.07138,47.49257],[9.07073,47.49276],[9.06888,47.49162],[9.06735,47.49137],[9.0661,47.49158],[9.06484,47.49089],[9.06476,47.49166],[9.064,47.49159],[9.06287,47.49245],[9.0624,47.49235],[9.06184,47.49107],[9.05987,47.49123],[9.05852,47.48986],[9.05949,47.48866],[9.05897,47.48817],[9.05784,47.48779],[9.05583,47.48741],[9.05491,47.48882],[9.05404,47.4897],[9.05212,47.48957],[9.05155,47.48988],[9.05123,47.49151],[9.05021,47.49135],[9.04962,47.49183],[9.04807,47.49199],[9.04755,47.49182],[9.04688,47.49292],[9.04574,47.49333],[9.04422,47.4928],[9.04276,47.4947],[9.0421,47.49579],[9.04029,47.49576],[9.04106,47.49472],[9.03776,47.49326],[9.03639,47.49236],[9.03663,47.49184],[9.03604,47.49143],[9.03481,47.49203],[9.03018,47.49041],[9.03014,47.48983],[9.02832,47.48867],[9.0274,47.48951],[9.02627,47.49007],[9.02533,47.48935],[9.02412,47.48894],[9.02127,47.4889],[9.02031,47.48828],[9.01958,47.48892],[9.01809,47.48933],[9.01745,47.4901],[9.01608,47.48996],[9.01482,47.49008],[9.01445,47.48961],[9.01249,47.48997],[9.01177,47.48916],[9.01091,47.48869],[9.01022,47.48774],[9.0116,47.48685],[9.01084,47.4863],[9.01079,47.48546],[9.00825,47.48384],[9.00677,47.4842],[9.00648,47.4835],[9.00666,47.48267],[9.00359,47.48119],[9.00367,47.48095],[9.00628,47.48084],[9.00607,47.48016],[9.00726,47.47948],[9.0088,47.47975],[9.00899,47.47721],[9.00874,47.47579],[9.01048,47.47527],[9.01198,47.47534],[9.00914,47.4735],[9.00822,47.47237],[9.0102,47.47159],[9.01314,47.47076],[9.0175,47.46965],[9.02189,47.46898],[9.02586,47.46802],[9.0295,47.46666],[9.02839,47.46531],[9.02849,47.46374],[9.02896,47.46288],[9.02972,47.46222],[9.03074,47.46179],[9.02867,47.46114],[9.02798,47.46053],[9.02642,47.46014],[9.02748,47.45878],[9.02724,47.45774],[9.02783,47.45749],[9.03343,47.45616],[9.03544,47.45509],[9.03577,47.45548],[9.03834,47.45472],[9.04185,47.45403],[9.04488,47.4537],[9.04762,47.45354],[9.04769,47.45302],[9.04957,47.45301],[9.05065,47.45274],[9.05319,47.45105],[9.05434,47.45057],[9.05459,47.44852],[9.05798,47.44799],[9.0588,47.44729],[9.06207,47.44643],[9.0617,47.44567],[9.06065,47.44523],[9.05964,47.44547],[9.05908,47.44608],[9.05705,47.44563],[9.05826,47.44478],[9.05884,47.44399],[9.05887,47.44323],[9.05719,47.44296],[9.05487,47.44346],[9.05387,47.44322],[9.05306,47.4438],[9.05186,47.44407],[9.05302,47.44256],[9.04747,47.44423],[9.04729,47.44293],[9.04539,47.44309],[9.04511,47.4429],[9.04627,47.44166],[9.04423,47.44168],[9.04386,47.44088],[9.04251,47.44016],[9.04035,47.44068],[9.0382,47.44142],[9.03824,47.44017],[9.03766,47.43946],[9.03697,47.43933],[9.03863,47.43814],[9.03828,47.43723],[9.03691,47.43632],[9.03402,47.43548],[9.03366,47.43588],[9.03528,47.4367],[9.0365,47.43701],[9.03682,47.43756],[9.03502,47.43925],[9.0346,47.43909],[9.03289,47.43969],[9.03275,47.43868],[9.03161,47.43762],[9.03046,47.43764],[9.02776,47.43707],[9.02648,47.43723],[9.02532,47.43872],[9.02534,47.43906],[9.02293,47.44116],[9.02216,47.44167],[9.02134,47.44154],[9.0212,47.44094],[9.01966,47.44033],[9.02022,47.43985],[9.01943,47.43903],[9.01896,47.43747],[9.0185,47.43677],[9.01717,47.4365],[9.01427,47.43514],[9.01338,47.43426],[9.01228,47.43358],[9.01105,47.43338],[9.011,47.43406],[9.01012,47.43528],[9.00906,47.43458],[9.00816,47.43433],[9.00718,47.43452],[9.00544,47.43411],[9.00453,47.43477],[9.0033,47.43397],[9.00154,47.43474],[8.9997,47.4347],[8.99861,47.43496],[8.99846,47.43385],[8.99986,47.43214],[8.99723,47.43137],[8.99573,47.43073],[8.99422,47.43047],[8.99429,47.42983],[8.99204,47.42969],[8.99181,47.43018],[8.99032,47.43043],[8.99026,47.42978],[8.98871,47.42991],[8.98748,47.42971],[8.98766,47.42924],[8.98948,47.42944],[8.98988,47.42838],[8.99082,47.42811],[8.99009,47.42715],[8.99117,47.42652],[8.99022,47.4254],[8.98946,47.42497],[8.99165,47.42413],[8.99118,47.42345],[8.99246,47.42304],[8.99271,47.42183],[8.99197,47.42175],[8.99116,47.4209],[8.99196,47.4205],[8.99099,47.41822],[8.99059,47.41586],[8.98958,47.41419],[8.99044,47.41384],[8.98983,47.41292],[8.98878,47.41231],[8.98846,47.41121],[8.98548,47.41148],[8.98472,47.41118],[8.98334,47.41143],[8.98184,47.41247],[8.98113,47.41211],[8.97918,47.4121],[8.97917,47.41111],[8.97658,47.41067],[8.97587,47.4093],[8.97507,47.40826],[8.97417,47.4057],[8.97261,47.40522],[8.97217,47.40432],[8.97228,47.40372],[8.97393,47.40248],[8.97468,47.40073],[8.97511,47.40065],[8.9757,47.39933],[8.97453,47.39838],[8.97369,47.39697],[8.97319,47.39515],[8.97243,47.39433],[8.97163,47.39286],[8.97149,47.39129],[8.97033,47.39122],[8.96878,47.39157],[8.96806,47.39127],[8.96714,47.38952],[8.96626,47.38839],[8.96646,47.38662],[8.96636,47.3857],[8.965,47.38484],[8.96404,47.38594],[8.96264,47.38596],[8.96146,47.3853],[8.95995,47.386],[8.95745,47.38643],[8.95693,47.3848],[8.95623,47.38385],[8.95505,47.38273],[8.9546,47.38144],[8.95379,47.38089],[8.95185,47.3805],[8.95037,47.37999],[8.94862,47.37987],[8.9472,47.37923],[8.94691,47.37849],[8.94559,47.37808],[8.94487,47.37814],[8.94354,47.37592],[8.94548,47.3747],[8.94657,47.37491],[8.94831,47.37468],[8.94904,47.37386],[8.94948,47.37287],[8.95043,47.37252],[8.95123,47.37172],[8.95158,47.37065],[8.95181,47.36838],[8.95236,47.36766],[8.95245,47.36694],[8.9534,47.36543],[8.95468,47.36412],[8.9551,47.36266],[8.95608,47.36116],[8.95602,47.3608],[8.95705,47.35968],[8.95804,47.35908],[8.95823,47.35845],[8.95934,47.35769],[8.95985,47.35628],[8.96057,47.35561],[8.96002,47.35524],[8.9598,47.35435],[8.96026,47.35369],[8.96289,47.3543],[8.96461,47.35446],[8.96631,47.35422],[8.96746,47.35426],[8.96888,47.35371],[8.9695,47.35262],[8.97164,47.35193],[8.97257,47.34986],[8.97442,47.34738],[8.97331,47.34621],[8.97378,47.34486],[8.97403,47.3414],[8.97311,47.33987],[8.97473,47.33943],[8.97794,47.33818],[8.97929,47.33795],[8.9789,47.33561],[8.97909,47.33514],[8.97865,47.33416],[8.97732,47.33257],[8.97708,47.33052],[8.97668,47.32929],[8.97719,47.3282],[8.97733,47.32718],[8.97975,47.3255],[8.97967,47.32406],[8.98087,47.32266],[8.98413,47.32058],[8.98495,47.31939],[8.98425,47.31883],[8.98222,47.31655],[8.98169,47.31506],[8.98025,47.31342],[8.97776,47.31103],[8.9776,47.31051],[8.97629,47.30871],[8.97531,47.30775],[8.97496,47.30702],[8.97133,47.30649],[8.96705,47.30577],[8.96439,47.30634],[8.96079,47.3057],[8.9576,47.30476],[8.95653,47.30426],[8.95532,47.30306],[8.95483,47.3018],[8.9531,47.29883],[8.95256,47.29903],[8.95186,47.29775],[8.95182,47.29637],[8.95086,47.29528],[8.94908,47.29446],[8.94856,47.29353],[8.94885,47.29231],[8.94529,47.29094],[8.944,47.2908],[8.94308,47.29127],[8.94233,47.29102],[8.94151,47.2903],[8.93879,47.28963],[8.93786,47.28925],[8.93655,47.28908],[8.93549,47.28919],[8.93421,47.28788],[8.93516,47.28778],[8.93659,47.28715],[8.93808,47.28547],[8.94058,47.28436],[8.94196,47.28213],[8.94163,47.28068],[8.94121,47.28],[8.94197,47.27966],[8.94365,47.2796],[8.94563,47.28204],[8.94746,47.28182],[8.94808,47.28119],[8.94825,47.27968],[8.94774,47.27903],[8.94795,47.27813],[8.94765,47.27606],[8.94715,47.27494],[8.94479,47.27394],[8.94297,47.2726],[8.94121,47.27219],[8.94119,47.27154],[8.94255,47.2705],[8.94268,47.26992],[8.94446,47.2695],[8.94309,47.26801],[8.94294,47.26739],[8.94081,47.26742],[8.94031,47.26723],[8.94094,47.26599],[8.94016,47.26531],[8.93773,47.26428],[8.93751,47.26258],[8.93639,47.26182],[8.93708,47.26155],[8.93586,47.26035],[8.93492,47.26035],[8.9341,47.25995],[8.93311,47.25889],[8.9314,47.25918],[8.93053,47.25972],[8.92909,47.26005],[8.92838,47.25887],[8.92489,47.25827],[8.92051,47.25685],[8.91698,47.25625],[8.9133,47.25524],[8.91132,47.25482],[8.90862,47.25441],[8.90804,47.25524],[8.90877,47.25546],[8.9083,47.25674],[8.90514,47.25566],[8.90073,47.25532],[8.899,47.25499],[8.89912,47.25465],[8.89767,47.25422],[8.89526,47.25419],[8.89288,47.25356],[8.88928,47.25305],[8.88257,47.25252],[8.87895,47.25241],[8.87813,47.25217],[8.8749,47.25222],[8.8735,47.25199],[8.87342,47.25087],[8.87383,47.24986],[8.87377,47.24766],[8.87076,47.24696],[8.87097,47.24588],[8.86976,47.24504],[8.86661,47.24396],[8.8663,47.24487],[8.86214,47.24398],[8.86071,47.24326],[8.86001,47.24398],[8.85866,47.24449],[8.85779,47.24439],[8.85695,47.24497],[8.85524,47.24438],[8.85444,47.24596],[8.85253,47.24687],[8.85295,47.24781],[8.85288,47.24928],[8.85192,47.24925],[8.85209,47.25077],[8.85074,47.25059],[8.84769,47.24971],[8.84475,47.24863],[8.84501,47.24787],[8.84473,47.24697],[8.83767,47.24703],[8.83682,47.24799],[8.8355,47.24789],[8.83519,47.249],[8.83405,47.24941],[8.83349,47.24908],[8.83199,47.25005],[8.829,47.24989],[8.82792,47.25035],[8.82683,47.25147],[8.82151,47.25071],[8.8206,47.25027],[8.81854,47.24976],[8.8167,47.24962],[8.81579,47.24896],[8.81301,47.24879],[8.81187,47.24842],[8.80902,47.24795],[8.80858,47.24773],[8.80266,47.24672],[8.80279,47.24537],[8.80059,47.24447],[8.80038,47.24366],[8.79906,47.24307],[8.79928,47.24211],[8.79653,47.24252],[8.79628,47.24083],[8.79562,47.23967],[8.79576,47.23905],[8.80861,47.22009],[8.80988,47.2189],[8.8122,47.21705],[8.81528,47.21502],[8.81865,47.21322],[8.82105,47.21216],[8.82418,47.211],[8.82736,47.21005],[8.82938,47.20956],[8.83351,47.20879],[8.83703,47.20838],[8.83972,47.20821],[8.84261,47.20816],[8.84549,47.20825],[8.84836,47.20848],[8.90827,47.21471],[8.94142,47.21814],[8.95477,47.21634],[8.95708,47.21635],[8.9668,47.21753],[8.96905,47.21735],[8.97074,47.21677],[8.97161,47.21626],[8.97291,47.21497],[8.9743,47.2128],[8.96987,47.21149],[8.96907,47.21095],[8.96534,47.19816],[8.95759,47.1995],[8.95749,47.19944],[8.96031,47.18876],[8.96093,47.18538],[8.96181,47.1844],[8.96186,47.18354],[8.96144,47.18254],[8.96199,47.17946],[8.96214,47.17938],[8.97011,47.17881],[8.97048,47.17887],[8.97105,47.18063],[8.97332,47.18029],[8.97397,47.18229],[8.97706,47.18182],[8.97736,47.18266],[8.97871,47.18261],[8.98026,47.18332],[8.98452,47.1826],[8.98791,47.18173],[8.99086,47.18078],[8.99401,47.17955],[8.9976,47.17785],[8.99635,47.17652],[9.00202,47.17427],[9.00257,47.17478],[9.00472,47.17326],[9.0056,47.17399],[9.02871,47.15739],[9.05066,47.14159],[9.05475,47.13858],[9.05876,47.13629],[9.06418,47.13301],[9.06564,47.13141],[9.06654,47.1307],[9.06845,47.12988],[9.06929,47.1298],[9.08306,47.13094],[9.09274,47.13171],[9.09394,47.13175],[9.09998,47.13278],[9.10121,47.13325],[9.10203,47.13313],[9.10459,47.13205],[9.10722,47.13139],[9.10864,47.13131],[9.11037,47.13155],[9.11293,47.13224],[9.11543,47.13275],[9.13592,47.13198],[9.1477,47.12892],[9.18988,47.1237],[9.1888,47.11579],[9.18924,47.11207],[9.18896,47.11188],[9.19004,47.11027],[9.1899,47.10957],[9.18834,47.10756],[9.18831,47.10694],[9.18894,47.10609],[9.18862,47.10394],[9.1879,47.10286],[9.18692,47.10228],[9.18682,47.10071],[9.18626,47.10006],[9.18644,47.09825],[9.1863,47.09754],[9.18721,47.09601],[9.18767,47.09412],[9.18865,47.09268],[9.18944,47.09088],[9.19123,47.09096],[9.19022,47.09006],[9.18959,47.08834],[9.18965,47.08762],[9.18883,47.08578],[9.18891,47.08436],[9.18923,47.08306],[9.19083,47.07756],[9.19063,47.07394],[9.19169,47.07331],[9.19179,47.07258],[9.19094,47.07218],[9.1903,47.06989],[9.18715,47.06542],[9.18526,47.06423],[9.18465,47.06262],[9.18507,47.06232],[9.18425,47.0612],[9.18421,47.06051],[9.18349,47.05936],[9.18224,47.0588],[9.1822,47.0582],[9.18034,47.05744],[9.17918,47.05635],[9.17659,47.05471],[9.17454,47.05292],[9.17348,47.05257],[9.17134,47.05257],[9.16959,47.05119],[9.1695,47.05051],[9.16876,47.04988],[9.1674,47.0494],[9.16551,47.04992],[9.16093,47.04932],[9.15969,47.04906],[9.15867,47.04819],[9.15597,47.04786],[9.15336,47.04727],[9.15277,47.04667],[9.15145,47.04638],[9.14998,47.04563],[9.14938,47.04486],[9.13807,47.03913],[9.14861,47.0339],[9.1563,47.03018],[9.15685,47.02999],[9.15795,47.03062],[9.15902,47.03007],[9.16029,47.02991],[9.1615,47.02916],[9.16419,47.02813],[9.16451,47.02739],[9.16567,47.02688],[9.16722,47.02685],[9.1683,47.02657],[9.1696,47.02663],[9.17222,47.02755],[9.17407,47.02853],[9.17522,47.02881],[9.17681,47.02752],[9.17736,47.02685],[9.17858,47.02628],[9.18053,47.02592],[9.18359,47.02701],[9.18509,47.02769],[9.18704,47.0288],[9.1883,47.02907],[9.19186,47.03116],[9.19479,47.03218],[9.19524,47.03287],[9.19685,47.03321],[9.20166,47.03512],[9.20443,47.03467],[9.20671,47.0356],[9.20898,47.03573],[9.2101,47.03499],[9.21148,47.03482],[9.21261,47.03418],[9.21286,47.03356],[9.21529,47.03289],[9.21609,47.03282],[9.21782,47.03314],[9.21891,47.03293],[9.22002,47.03311],[9.22122,47.03258],[9.22194,47.03258],[9.22258,47.03176],[9.22409,47.03107],[9.22539,47.02977],[9.22763,47.02875],[9.22825,47.02827],[9.22853,47.02688],[9.23005,47.02582],[9.23267,47.02501],[9.23445,47.0242],[9.23636,47.02398],[9.23665,47.02179],[9.23883,47.02038],[9.23901,47.01957],[9.23981,47.01899],[9.24047,47.01782],[9.24107,47.01778],[9.24262,47.01532],[9.24278,47.01432],[9.24227,47.01275],[9.24241,47.01133],[9.24221,47.01012],[9.24234,47.00875],[9.24292,47.00795],[9.24335,47.00596],[9.24457,47.00493],[9.24492,47.00354],[9.24597,47.00294],[9.24726,47.00098],[9.24822,47.0002],[9.2486,46.99933],[9.24968,46.99796],[9.24951,46.99602],[9.24988,46.99521],[9.24754,46.99464],[9.24687,46.99339],[9.24556,46.9922],[9.24527,46.99099],[9.24575,46.99069],[9.2459,46.98965],[9.24574,46.98858],[9.2466,46.98772],[9.24658,46.98703],[9.24571,46.98548],[9.24521,46.98504],[9.24491,46.98363],[9.24364,46.98237],[9.24394,46.98087],[9.24533,46.97944],[9.2464,46.9789],[9.24639,46.97779],[9.24678,46.97544],[9.24602,46.97401],[9.24516,46.9732],[9.24507,46.97168],[9.24405,46.97117],[9.24389,46.9692],[9.2435,46.96872],[9.24328,46.96741],[9.24274,46.96579],[9.24458,46.96149],[9.24587,46.95976],[9.24608,46.95899],[9.2458,46.95819],[9.24471,46.95646],[9.24338,46.95604],[9.23755,46.95494],[9.23676,46.95456],[9.23656,46.95283],[9.23691,46.95219],[9.237,46.95067],[9.23669,46.94923],[9.23711,46.94853],[9.23707,46.94745],[9.23641,46.94615],[9.23631,46.94485],[9.2377,46.94383],[9.23788,46.9431],[9.23933,46.94055],[9.23914,46.93938],[9.24127,46.93843],[9.24517,46.93716],[9.24606,46.93668],[9.24766,46.9362],[9.24882,46.93565],[9.25026,46.93463],[9.25091,46.93192],[9.25134,46.93166],[9.25147,46.92973],[9.25194,46.92811],[9.25251,46.92791],[9.25259,46.92703],[9.25169,46.9256],[9.25023,46.92417],[9.25149,46.92295],[9.25138,46.9216],[9.2499,46.91971],[9.24949,46.91895],[9.24883,46.9168],[9.2489,46.91627]],[[9.50292,47.34743],[9.50303,47.34494],[9.50268,47.33441],[9.50288,47.33375],[9.50171,47.33286],[9.50231,47.33226],[9.50232,47.33148],[9.50185,47.33003],[9.50029,47.32941],[9.50114,47.32818],[9.50001,47.32756],[9.49974,47.32666],[9.5005,47.32635],[9.49911,47.32138],[9.49848,47.32122],[9.49841,47.3187],[9.49814,47.31821],[9.49671,47.31773],[9.49625,47.31716],[9.49695,47.31641],[9.4946,47.31534],[9.49343,47.31453],[9.49252,47.3129],[9.49299,47.31113],[9.4929,47.31067],[9.49412,47.30975],[9.49565,47.30776],[9.49626,47.30601],[9.49468,47.30497],[9.49305,47.30473],[9.49123,47.30381],[9.49039,47.30263],[9.48897,47.30179],[9.49069,47.30077],[9.49019,47.30024],[9.49055,47.2995],[9.48961,47.29772],[9.48928,47.29634],[9.48933,47.2947],[9.48832,47.29329],[9.48684,47.29071],[9.48672,47.2897],[9.4878,47.28912],[9.48776,47.28829],[9.48499,47.28375],[9.48334,47.28267],[9.48239,47.28248],[9.48079,47.2815],[9.47967,47.27902],[9.47868,47.27856],[9.47806,47.27763],[9.47653,47.27669],[9.47596,47.27559],[9.47604,47.2748],[9.47445,47.27356],[9.4729,47.27166],[9.4693,47.26933],[9.46764,47.26851],[9.46655,47.26824],[9.46568,47.26694],[9.465,47.26668],[9.46435,47.26584],[9.46207,47.26487],[9.46137,47.26418],[9.45963,47.26345],[9.45783,47.26313],[9.45696,47.26233],[9.4547,47.26134],[9.45367,47.26072],[9.45111,47.26003],[9.45005,47.25842],[9.44743,47.25664],[9.44717,47.2558],[9.44594,47.25578],[9.44499,47.25484],[9.44285,47.25393],[9.44199,47.25328],[9.43966,47.25291],[9.43825,47.25169],[9.4378,47.25073],[9.43671,47.25098],[9.43463,47.25079],[9.43299,47.25036],[9.43215,47.2499],[9.42983,47.24921],[9.42823,47.24836],[9.42715,47.24752],[9.42624,47.24711],[9.42475,47.24727],[9.41892,47.24761],[9.4167,47.2468],[9.41481,47.24653],[9.41418,47.24574],[9.41232,47.24513],[9.41036,47.24422],[9.40744,47.24174],[9.40642,47.24103],[9.40516,47.2396],[9.40506,47.23922],[9.40389,47.23827],[9.40193,47.23756],[9.39889,47.23737],[9.39621,47.23735],[9.39354,47.23682],[9.39211,47.23668],[9.38967,47.23611],[9.38864,47.23554],[9.385,47.23461],[9.38418,47.23458],[9.38201,47.23399],[9.37845,47.23612],[9.37559,47.23676],[9.37493,47.23707],[9.37384,47.23841],[9.37187,47.23957],[9.37125,47.23963],[9.36974,47.24058],[9.36868,47.24088],[9.36776,47.24082],[9.36739,47.24134],[9.36576,47.24201],[9.36489,47.24331],[9.35861,47.24431],[9.35551,47.24439],[9.35466,47.24419],[9.35128,47.2443],[9.34913,47.24495],[9.34766,47.24598],[9.34586,47.24646],[9.34369,47.24774],[9.34309,47.24906],[9.34327,47.2494],[9.34075,47.249],[9.33236,47.24961],[9.33182,47.24935],[9.329,47.24874],[9.32712,47.24857],[9.32644,47.24781],[9.32472,47.24761],[9.3238,47.24702],[9.31864,47.24788],[9.31781,47.24845],[9.31612,47.25039],[9.31439,47.25215],[9.31042,47.25328],[9.30785,47.2553],[9.30792,47.25594],[9.3087,47.25773],[9.3088,47.2589],[9.30764,47.25966],[9.30558,47.25952],[9.30465,47.25978],[9.30366,47.25959],[9.30073,47.25855],[9.29718,47.25741],[9.29586,47.2585],[9.29315,47.26039],[9.29167,47.26014],[9.28971,47.26033],[9.2887,47.26128],[9.28809,47.26237],[9.2867,47.26263],[9.28551,47.26389],[9.2841,47.26565],[9.2815,47.26513],[9.27936,47.26499],[9.27619,47.26533],[9.27511,47.26574],[9.2791,47.26667],[9.27862,47.26719],[9.2755,47.26855],[9.27359,47.26999],[9.27247,47.26867],[9.27135,47.26849],[9.26932,47.26888],[9.26717,47.2685],[9.26569,47.26777],[9.26483,47.26762],[9.26351,47.26699],[9.2631,47.26564],[9.26029,47.26484],[9.26002,47.2642],[9.25845,47.26387],[9.25733,47.26322],[9.25644,47.26334],[9.25493,47.26473],[9.25402,47.26446],[9.25152,47.26557],[9.24967,47.26551],[9.24799,47.26578],[9.2475,47.26608],[9.24626,47.26588],[9.24476,47.26534],[9.24142,47.26467],[9.23953,47.2648],[9.2388,47.26464],[9.23449,47.26545],[9.23357,47.26537],[9.23132,47.26611],[9.2299,47.26701],[9.22762,47.26757],[9.22677,47.26735],[9.22523,47.26827],[9.2238,47.26844],[9.22214,47.26902],[9.22005,47.2702],[9.21813,47.27104],[9.21735,47.27067],[9.21645,47.27115],[9.21638,47.27163],[9.21367,47.27309],[9.21274,47.27332],[9.21172,47.27408],[9.21029,47.27443],[9.20864,47.27566],[9.20626,47.27639],[9.20699,47.2789],[9.20822,47.28014],[9.21021,47.2812],[9.21073,47.28185],[9.21165,47.28228],[9.21355,47.28275],[9.21335,47.28337],[9.21497,47.28393],[9.21665,47.28422],[9.21757,47.28549],[9.21847,47.28626],[9.21927,47.28731],[9.22115,47.28829],[9.22236,47.28948],[9.22161,47.29111],[9.22187,47.29165],[9.22327,47.29178],[9.22413,47.29252],[9.2241,47.2936],[9.22272,47.29477],[9.22172,47.29596],[9.22201,47.29633],[9.22058,47.2969],[9.21963,47.2986],[9.21909,47.29866],[9.21808,47.29954],[9.21726,47.29961],[9.21732,47.3003],[9.21682,47.30182],[9.216,47.30251],[9.21649,47.30294],[9.21732,47.30457],[9.21789,47.30672],[9.21776,47.30801],[9.21725,47.30905],[9.21623,47.31049],[9.21502,47.31149],[9.21498,47.3122],[9.21431,47.31349],[9.21472,47.31442],[9.2139,47.3158],[9.21385,47.31733],[9.21301,47.31849],[9.21322,47.31915],[9.21257,47.3199],[9.21043,47.32046],[9.21063,47.32122],[9.21243,47.32263],[9.21373,47.32293],[9.21486,47.32287],[9.21494,47.32408],[9.21614,47.32487],[9.21708,47.32439],[9.21897,47.32569],[9.21982,47.32561],[9.22276,47.32605],[9.22347,47.32719],[9.22444,47.32743],[9.22566,47.32825],[9.22707,47.32839],[9.22753,47.32921],[9.22865,47.32923],[9.23001,47.32961],[9.2328,47.33096],[9.23331,47.3322],[9.23221,47.33448],[9.23111,47.33544],[9.23023,47.33657],[9.22964,47.33663],[9.22895,47.33765],[9.22751,47.33854],[9.22589,47.34046],[9.22495,47.34238],[9.22311,47.3428],[9.22233,47.34334],[9.22042,47.34287],[9.22006,47.3423],[9.21765,47.34204],[9.21472,47.34146],[9.21421,47.34078],[9.21329,47.34046],[9.21194,47.3406],[9.21111,47.34106],[9.20935,47.34045],[9.20807,47.33956],[9.20629,47.33913],[9.20624,47.33993],[9.20574,47.34077],[9.20601,47.34157],[9.20563,47.34234],[9.2044,47.34249],[9.20372,47.34293],[9.20237,47.34541],[9.20134,47.34589],[9.20064,47.34587],[9.20033,47.3466],[9.19903,47.34687],[9.19865,47.34778],[9.19904,47.34827],[9.20043,47.34906],[9.2005,47.34966],[9.20196,47.35053],[9.20266,47.35193],[9.20441,47.35459],[9.20528,47.35463],[9.20735,47.35568],[9.20508,47.35746],[9.20424,47.35631],[9.20348,47.35594],[9.20227,47.35607],[9.20123,47.35509],[9.1994,47.35425],[9.19754,47.35421],[9.19656,47.35362],[9.19556,47.3554],[9.19482,47.35794],[9.19439,47.35895],[9.19267,47.36041],[9.19262,47.3616],[9.19192,47.36243],[9.19268,47.36264],[9.19669,47.36218],[9.19913,47.36144],[9.20028,47.36186],[9.20226,47.36192],[9.21017,47.36305],[9.21088,47.36411],[9.2118,47.36438],[9.21304,47.36512],[9.21381,47.36679],[9.21302,47.36785],[9.21323,47.36823],[9.21467,47.36898],[9.21531,47.36967],[9.21651,47.36966],[9.21795,47.37083],[9.21868,47.37298],[9.22047,47.37283],[9.221,47.37325],[9.22089,47.37454],[9.2198,47.376],[9.21979,47.37678],[9.22179,47.3779],[9.22161,47.37904],[9.21995,47.38088],[9.22048,47.38227],[9.21883,47.38294],[9.21905,47.38369],[9.21874,47.38476],[9.22065,47.38569],[9.2219,47.38653],[9.22283,47.38748],[9.22419,47.38681],[9.2257,47.387],[9.22657,47.38762],[9.22794,47.38749],[9.22907,47.38695],[9.23093,47.38737],[9.23249,47.38841],[9.23238,47.38954],[9.23316,47.39035],[9.23259,47.39104],[9.23249,47.39214],[9.23275,47.39272],[9.23191,47.39401],[9.23238,47.39438],[9.2323,47.39599],[9.23071,47.39665],[9.23055,47.39708],[9.23271,47.3976],[9.23266,47.39707],[9.23403,47.39637],[9.23419,47.39705],[9.23536,47.39684],[9.23616,47.39615],[9.23764,47.39642],[9.23912,47.39713],[9.24115,47.39786],[9.24158,47.39834],[9.24273,47.39845],[9.24478,47.39932],[9.24676,47.39854],[9.24869,47.39916],[9.2504,47.40028],[9.2519,47.40071],[9.25266,47.40045],[9.25349,47.40069],[9.25496,47.40037],[9.25605,47.40086],[9.25643,47.40058],[9.25755,47.39873],[9.2589,47.39889],[9.25953,47.39947],[9.26081,47.39995],[9.26153,47.39959],[9.26199,47.40039],[9.26434,47.40096],[9.26581,47.40116],[9.26777,47.39948],[9.26936,47.39931],[9.2719,47.40101],[9.27474,47.40056],[9.27684,47.39967],[9.27815,47.39984],[9.27895,47.39963],[9.27942,47.39824],[9.28056,47.39855],[9.28203,47.39837],[9.28329,47.39869],[9.28397,47.39831],[9.28568,47.39795],[9.28724,47.39807],[9.29371,47.39722],[9.29415,47.3964],[9.29476,47.39623],[9.29629,47.39643],[9.29883,47.39597],[9.30065,47.3953],[9.30295,47.39522],[9.30862,47.39658],[9.3103,47.39651],[9.31341,47.39721],[9.31484,47.39764],[9.31836,47.39792],[9.32028,47.39819],[9.32152,47.39916],[9.32297,47.39956],[9.32473,47.40065],[9.32542,47.40061],[9.32737,47.4012],[9.32934,47.4013],[9.33035,47.40081],[9.3323,47.40045],[9.33295,47.39947],[9.33397,47.39992],[9.33472,47.39978],[9.33536,47.39918],[9.33665,47.39933],[9.33782,47.40015],[9.33848,47.40019],[9.33968,47.3996],[9.34018,47.39999],[9.34249,47.40001],[9.3467,47.40086],[9.34754,47.40129],[9.34854,47.40134],[9.35203,47.4024],[9.35477,47.4034],[9.35535,47.40279],[9.35649,47.4023],[9.35857,47.40204],[9.35957,47.40268],[9.35983,47.4034],[9.36366,47.40458],[9.36601,47.40461],[9.36729,47.40523],[9.36776,47.40583],[9.36911,47.4068],[9.37168,47.40771],[9.3727,47.40711],[9.37508,47.40769],[9.37622,47.40728],[9.37722,47.40752],[9.37834,47.40732],[9.37915,47.40666],[9.37982,47.4068],[9.38153,47.40622],[9.38315,47.40632],[9.38553,47.40562],[9.38734,47.40547],[9.38933,47.40445],[9.39037,47.40329],[9.39077,47.40201],[9.39271,47.40102],[9.39495,47.40118],[9.39664,47.40092],[9.39745,47.40058],[9.39785,47.40143],[9.39883,47.40144],[9.3998,47.40077],[9.40062,47.40097],[9.40208,47.40087],[9.404,47.40126],[9.4051,47.40215],[9.40696,47.40214],[9.40924,47.40255],[9.40923,47.4032],[9.41066,47.40313],[9.41116,47.40409],[9.41293,47.40459],[9.41282,47.40544],[9.41353,47.40549],[9.41411,47.40494],[9.41664,47.40507],[9.41972,47.40595],[9.42217,47.40612],[9.42462,47.40683],[9.42649,47.40752],[9.42794,47.40892],[9.42989,47.40961],[9.42972,47.4101],[9.42788,47.41045],[9.42792,47.41148],[9.42918,47.41214],[9.43054,47.41149],[9.43187,47.41244],[9.43297,47.41397],[9.43202,47.41422],[9.43198,47.41522],[9.43037,47.4171],[9.43026,47.41819],[9.4333,47.41871],[9.43286,47.4194],[9.43394,47.42004],[9.43378,47.42069],[9.43504,47.42083],[9.43453,47.4223],[9.43463,47.42409],[9.43512,47.4246],[9.43471,47.42636],[9.43256,47.42945],[9.43278,47.43038],[9.43401,47.43164],[9.43475,47.43207],[9.43519,47.43366],[9.43501,47.43429],[9.43768,47.43449],[9.43866,47.43427],[9.43922,47.4337],[9.4415,47.43328],[9.44253,47.43375],[9.44397,47.43407],[9.44592,47.4333],[9.44668,47.43346],[9.44754,47.43282],[9.44835,47.4327],[9.44936,47.43137],[9.45053,47.43087],[9.45246,47.43108],[9.45308,47.43151],[9.45259,47.43212],[9.45311,47.43268],[9.45456,47.43282],[9.45647,47.43334],[9.45732,47.43393],[9.45868,47.43394],[9.46245,47.43499],[9.46394,47.43528],[9.46494,47.43575],[9.46539,47.43656],[9.46754,47.4375],[9.46844,47.43827],[9.47098,47.43894],[9.47377,47.43894],[9.47563,47.4387],[9.47794,47.43944],[9.48042,47.43896],[9.48201,47.43935],[9.484,47.44042],[9.48545,47.44061],[9.48679,47.44133],[9.49161,47.44176],[9.49309,47.44214],[9.4951,47.4423],[9.49785,47.44366],[9.4985,47.44331],[9.5036,47.44541],[9.50459,47.44658],[9.50687,47.44782],[9.50793,47.44886],[9.50965,47.44955],[9.51249,47.44963],[9.51415,47.44933],[9.51619,47.45047],[9.51743,47.4506],[9.51796,47.45145],[9.51954,47.45183],[9.52266,47.45135],[9.52388,47.45136],[9.52527,47.45223],[9.52543,47.45293],[9.52642,47.45348],[9.52816,47.4539],[9.53052,47.45345],[9.53104,47.45433],[9.53025,47.45456],[9.5285,47.45559],[9.52746,47.45648],[9.52675,47.45785],[9.52658,47.45873],[9.52684,47.4594],[9.52606,47.46024],[9.52564,47.46137],[9.52737,47.46273],[9.52807,47.4638],[9.52952,47.46497],[9.52953,47.46525],[9.53109,47.46563],[9.53034,47.46625],[9.53249,47.46784],[9.53404,47.46795],[9.53744,47.46847],[9.53953,47.46825],[9.5424,47.46904],[9.54427,47.46769],[9.54443,47.46728],[9.54626,47.46733],[9.54669,47.4659],[9.54732,47.46544],[9.54672,47.46458],[9.54573,47.46422],[9.54569,47.46375],[9.54655,47.4629],[9.54846,47.46345],[9.55026,47.46425],[9.55284,47.46454],[9.55306,47.46384],[9.55408,47.46381],[9.55662,47.46479],[9.55804,47.46478],[9.56343,47.46295],[9.56471,47.46325],[9.56808,47.46353],[9.57254,47.46319],[9.57421,47.46273],[9.57663,47.46289],[9.57678,47.46252],[9.57843,47.46247],[9.57968,47.4627],[9.58056,47.46254],[9.58135,47.46178],[9.58283,47.46172],[9.58304,47.46144],[9.58533,47.46046],[9.58739,47.46003],[9.58763,47.45943],[9.58879,47.45965],[9.58921,47.45822],[9.5903,47.45771],[9.59296,47.4585],[9.59501,47.45877],[9.59619,47.45854],[9.5962,47.45765],[9.59692,47.45654],[9.5992,47.45576],[9.59999,47.45506],[9.60323,47.45329],[9.60429,47.45256],[9.60593,47.45233],[9.60726,47.45159],[9.60874,47.45156],[9.60888,47.4508],[9.61298,47.44878],[9.61442,47.44833],[9.61836,47.4478],[9.62056,47.4479],[9.62155,47.44704],[9.62331,47.44632],[9.62506,47.44607],[9.62734,47.44503],[9.62971,47.44436],[9.63071,47.44263],[9.63089,47.44166],[9.63008,47.44125],[9.62974,47.43984],[9.62795,47.43933],[9.6269,47.43935],[9.62611,47.43898],[9.62379,47.43854],[9.62309,47.43826],[9.61783,47.43767],[9.61817,47.43683],[9.61645,47.43664],[9.6161,47.43601],[9.61464,47.43568],[9.61423,47.4351],[9.61192,47.43405],[9.60849,47.43332],[9.60717,47.43232],[9.60735,47.43166],[9.60623,47.43151],[9.60497,47.43104],[9.6029,47.43055],[9.60103,47.42962],[9.59844,47.42921],[9.59496,47.42772],[9.59163,47.42651],[9.58953,47.42563],[9.58877,47.4255],[9.58898,47.42475],[9.5885,47.42396],[9.58978,47.42253],[9.58876,47.42162],[9.58969,47.42089],[9.59093,47.42074],[9.59398,47.41947],[9.5936,47.41884],[9.59637,47.4186],[9.59713,47.41829],[9.59581,47.41731],[9.59886,47.41698],[9.60133,47.41632],[9.60482,47.41437],[9.60041,47.41354],[9.60029,47.4132],[9.59863,47.41229],[9.59663,47.41173],[9.59351,47.4115],[9.59142,47.41124],[9.58987,47.41168],[9.58834,47.41082],[9.58735,47.41089],[9.58567,47.4106],[9.58302,47.40965],[9.58271,47.40876],[9.57973,47.40764],[9.57882,47.40707],[9.57761,47.40697],[9.57525,47.40569],[9.57607,47.40429],[9.57391,47.40395],[9.57332,47.40411],[9.57108,47.40263],[9.56898,47.40192],[9.56788,47.40186],[9.56812,47.40123],[9.56729,47.40047],[9.56565,47.40042],[9.56453,47.39971],[9.56512,47.39921],[9.56417,47.39871],[9.5612,47.39901],[9.56025,47.39837],[9.55858,47.39783],[9.55809,47.3971],[9.55697,47.39674],[9.55595,47.39689],[9.55529,47.39645],[9.55491,47.39551],[9.55385,47.39561],[9.55261,47.3943],[9.5513,47.39363],[9.5493,47.39308],[9.54768,47.39336],[9.54699,47.39438],[9.54539,47.3943],[9.54508,47.39526],[9.54318,47.395],[9.54432,47.39596],[9.54447,47.39684],[9.54536,47.39846],[9.54518,47.3988],[9.54307,47.39904],[9.54309,47.39988],[9.54191,47.39957],[9.53795,47.39921],[9.5366,47.3994],[9.53336,47.39862],[9.52951,47.39758],[9.52708,47.39745],[9.52393,47.39694],[9.5209,47.39663],[9.52042,47.3969],[9.51894,47.39664],[9.51826,47.39602],[9.5166,47.39596],[9.51335,47.39544],[9.51334,47.3951],[9.5112,47.39507],[9.50956,47.3947],[9.50907,47.39459],[9.50793,47.39296],[9.50704,47.39067],[9.5056,47.39024],[9.50576,47.38923],[9.5042,47.38839],[9.50519,47.38763],[9.50457,47.38632],[9.50413,47.38457],[9.50344,47.38377],[9.50409,47.38327],[9.50414,47.38262],[9.5033,47.3809],[9.50303,47.37499],[9.50491,47.37496],[9.50541,47.37446],[9.50413,47.37357],[9.50176,47.37244],[9.50071,47.37161],[9.50129,47.37116],[9.50073,47.37031],[9.499,47.36933],[9.49984,47.36891],[9.50092,47.36795],[9.49895,47.3636],[9.49952,47.36299],[9.50048,47.36269],[9.49928,47.36191],[9.4996,47.36111],[9.50104,47.36086],[9.50001,47.36006],[9.50146,47.35454],[9.50264,47.35382],[9.50217,47.35199],[9.503,47.35089],[9.50292,47.34743]],[[9.45084,47.49197],[9.44943,47.4922],[9.44979,47.49325],[9.44817,47.49361],[9.45037,47.49699],[9.44809,47.49802],[9.44936,47.49962],[9.44848,47.50073],[9.45756,47.50725],[9.47197,47.50173],[9.48355,47.49377],[9.47843,47.49032],[9.47627,47.48934],[9.46734,47.48559],[9.46438,47.48414],[9.46378,47.48498],[9.46418,47.48525],[9.46451,47.48704],[9.46573,47.48801],[9.46303,47.48906],[9.46264,47.48825],[9.45918,47.48936],[9.45303,47.49001],[9.45287,47.49099],[9.45368,47.49165],[9.45084,47.49197]]],[[[9.35434,47.51191],[9.35411,47.51105],[9.35478,47.50988],[9.35461,47.50938],[9.35812,47.50814],[9.35854,47.50856],[9.35867,47.50979],[9.3591,47.51053],[9.35677,47.51143],[9.3569,47.51188],[9.35434,47.51191]]]]},"properties":{"area_code":"SG","area_name":"St. Gallen","area_unit_id":"ch-canton-2026-swissboundaries3d:SG","boundary_set_id":"ch-canton-2026-swissboundaries3d","boundary_level":"canton","land_area_sq_km":2028.1997}},
{"type":"Feature","geometry":{"type":"MultiPolygon","coordinates":[[[[8.59573,47.60561],[8.59274,47.60616],[8.59202,47.60424],[8.5912,47.60289],[8.59132,47.6023],[8.59018,47.60121],[8.58907,47.6016],[8.58778,47.60174],[8.58591,47.60085],[8.58432,47.59979],[8.58329,47.59712],[8.58258,47.59614],[8.57688,47.59682],[8.57487,47.59551],[8.57217,47.59782],[8.57113,47.5982],[8.56978,47.59813],[8.56761,47.59762],[8.56664,47.59715],[8.56399,47.59848],[8.56308,47.59945],[8.56187,47.59915],[8.56035,47.59918],[8.55845,47.5984],[8.55704,47.59754],[8.55629,47.59764],[8.55582,47.59672],[8.55587,47.59463],[8.55526,47.59405],[8.55289,47.59296],[8.55045,47.59226],[8.5476,47.59273],[8.54472,47.59151],[8.54098,47.59007],[8.53938,47.58873],[8.53817,47.58831],[8.53704,47.58737],[8.53535,47.58712],[8.53661,47.58464],[8.53701,47.58343],[8.5342,47.58288],[8.53356,47.58216],[8.53471,47.58169],[8.53455,47.58115],[8.53581,47.58066],[8.53589,47.57945],[8.53743,47.57927],[8.53962,47.57859],[8.53987,47.57765],[8.53755,47.57796],[8.53678,47.57741],[8.53694,47.57681],[8.53503,47.5758],[8.5351,47.57523],[8.53677,47.57484],[8.53957,47.57438],[8.54067,47.57477],[8.54272,47.57454],[8.54448,47.57494],[8.54639,47.57416],[8.54649,47.57379],[8.54571,47.57295],[8.54682,47.57234],[8.54622,47.57131],[8.54477,47.57123],[8.54249,47.57048],[8.5416,47.56993],[8.54523,47.5676],[8.54651,47.56649],[8.54848,47.56416],[8.54975,47.56184],[8.55059,47.55865],[8.55059,47.55725],[8.55144,47.5555],[8.5541,47.55318],[8.55499,47.55261],[8.55675,47.55236],[8.55799,47.55257],[8.55932,47.55331],[8.56125,47.5552],[8.56457,47.55918],[8.56694,47.56172],[8.56784,47.56317],[8.56918,47.56622],[8.56973,47.57011],[8.57044,47.57201],[8.57162,47.57388],[8.57225,47.57458],[8.57373,47.57541],[8.57481,47.57568],[8.57836,47.57605],[8.57971,47.57658],[8.58021,47.57785],[8.57993,47.57884],[8.57829,47.58152],[8.57728,47.58403],[8.5771,47.58559],[8.57736,47.58746],[8.57801,47.58883],[8.57896,47.59012],[8.58021,47.59129],[8.58204,47.59253],[8.58358,47.59329],[8.58619,47.59409],[8.59212,47.59535],[8.59355,47.59589],[8.59493,47.59733],[8.59507,47.59832],[8.59443,47.60006],[8.59442,47.60178],[8.59521,47.60458],[8.59573,47.60561]]],[[[8.79606,47.67534],[8.79852,47.67605],[8.80143,47.67775],[8.80358,47.67836],[8.80504,47.67824],[8.80798,47.677],[8.80986,47.67691],[8.81448,47.67783],[8.81733,47.67773],[8.82192,47.67656],[8.82611,47.67508],[8.82852,47.67487],[8.8309,47.67434],[8.83344,47.67304],[8.83575,47.67203],[8.8381,47.67049],[8.83944,47.66875],[8.8399,47.66645],[8.84117,47.66466],[8.8425,47.66412],[8.84801,47.66303],[8.85016,47.6621],[8.85283,47.66148],[8.85457,47.66067],[8.85368,47.65948],[8.8496,47.65589],[8.84868,47.65494],[8.84754,47.65537],[8.84682,47.65462],[8.84772,47.65389],[8.84564,47.65306],[8.84628,47.65226],[8.84938,47.65101],[8.8501,47.65191],[8.85169,47.65119],[8.85795,47.65008],[8.85973,47.65218],[8.85984,47.65286],[8.86065,47.65395],[8.86533,47.6561],[8.86706,47.65597],[8.87245,47.65394],[8.8754,47.65495],[8.87553,47.66035],[8.87617,47.66044],[8.87499,47.66488],[8.87345,47.67021],[8.87172,47.67098],[8.87066,47.6717],[8.86838,47.67475],[8.86789,47.67589],[8.86445,47.67824],[8.86058,47.68031],[8.85963,47.68052],[8.85628,47.68027],[8.85358,47.68086],[8.85056,47.68117],[8.85042,47.68175],[8.85165,47.68248],[8.85054,47.68263],[8.85109,47.68559],[8.85197,47.68563],[8.85343,47.68783],[8.85636,47.68909],[8.85638,47.68983],[8.85694,47.69126],[8.85761,47.692],[8.85772,47.69265],[8.85474,47.69449],[8.8532,47.6945],[8.8527,47.69417],[8.85081,47.69465],[8.85097,47.6961],[8.85184,47.6967],[8.85153,47.69762],[8.8536,47.69711],[8.85483,47.69704],[8.85589,47.69728],[8.85751,47.69818],[8.85808,47.69874],[8.8595,47.69803],[8.86017,47.69816],[8.8602,47.6965],[8.86095,47.6969],[8.86237,47.6972],[8.86322,47.69843],[8.86631,47.69638],[8.86523,47.69477],[8.86387,47.69472],[8.86412,47.69411],[8.86283,47.69319],[8.86328,47.6924],[8.86436,47.69271],[8.86606,47.69382],[8.86766,47.69394],[8.86916,47.69371],[8.86979,47.69405],[8.87106,47.69342],[8.87445,47.69429],[8.87615,47.69685],[8.87375,47.69818],[8.87211,47.70017],[8.8715,47.70004],[8.871,47.70149],[8.86969,47.70187],[8.87184,47.70285],[8.87296,47.70378],[8.87123,47.70481],[8.87027,47.70452],[8.86923,47.70468],[8.8683,47.70538],[8.8666,47.70547],[8.86417,47.70523],[8.86353,47.70489],[8.86104,47.70413],[8.85862,47.70427],[8.85779,47.70463],[8.85643,47.70452],[8.85471,47.70487],[8.85336,47.70475],[8.85233,47.70422],[8.85006,47.70397],[8.84834,47.70337],[8.848,47.70447],[8.84711,47.70574],[8.84654,47.70719],[8.84614,47.70718],[8.84587,47.70856],[8.84577,47.71115],[8.84318,47.71215],[8.84101,47.71209],[8.84068,47.7128],[8.83771,47.71322],[8.83541,47.71382],[8.83407,47.7138],[8.83359,47.71456],[8.83175,47.71378],[8.82993,47.71235],[8.83009,47.71187],[8.82798,47.71157],[8.82553,47.711],[8.82376,47.71097],[8.82299,47.71161],[8.8235,47.71217],[8.81905,47.71278],[8.81894,47.7133],[8.82119,47.71451],[8.82217,47.7148],[8.82286,47.71553],[8.82556,47.71702],[8.82625,47.71786],[8.82538,47.71871],[8.82401,47.71858],[8.81853,47.71765],[8.8165,47.72024],[8.81358,47.72283],[8.81271,47.72377],[8.81071,47.72435],[8.80848,47.72461],[8.80481,47.72452],[8.80492,47.72534],[8.80563,47.7259],[8.80979,47.72755],[8.81153,47.72884],[8.8109,47.72974],[8.81218,47.73042],[8.81069,47.73093],[8.80855,47.73121],[8.80826,47.73226],[8.80744,47.73342],[8.80711,47.73468],[8.80758,47.73713],[8.80668,47.73828],[8.80526,47.73828],[8.80538,47.73755],[8.80451,47.73741],[8.80462,47.73674],[8.79945,47.73612],[8.79978,47.7353],[8.79657,47.73455],[8.79665,47.73415],[8.79838,47.73006],[8.79912,47.72887],[8.7992,47.72712],[8.79766,47.7274],[8.79182,47.7288],[8.7907,47.72725],[8.7887,47.72776],[8.78799,47.72745],[8.78661,47.72634],[8.78484,47.72735],[8.78467,47.72679],[8.78364,47.72616],[8.78392,47.72492],[8.78343,47.72443],[8.78248,47.72419],[8.78227,47.72326],[8.78077,47.72166],[8.77954,47.72212],[8.77631,47.72272],[8.77621,47.72225],[8.77735,47.72086],[8.77655,47.72075],[8.77463,47.71911],[8.77219,47.71824],[8.77014,47.7191],[8.7697,47.71782],[8.77027,47.71689],[8.76996,47.71602],[8.77098,47.71603],[8.77031,47.71503],[8.77287,47.71322],[8.77194,47.71267],[8.77145,47.71198],[8.77128,47.71067],[8.77149,47.71007],[8.76967,47.70916],[8.76977,47.70783],[8.76935,47.70684],[8.77145,47.70687],[8.77332,47.70635],[8.77421,47.70592],[8.77701,47.70588],[8.7798,47.70567],[8.78106,47.70526],[8.78299,47.705],[8.7841,47.70503],[8.78742,47.70457],[8.78945,47.70489],[8.79075,47.70527],[8.7923,47.70452],[8.79345,47.70422],[8.79685,47.70274],[8.79769,47.70207],[8.7985,47.70045],[8.79857,47.69894],[8.79811,47.69775],[8.7976,47.69721],[8.80118,47.69664],[8.80408,47.69633],[8.80634,47.69651],[8.80815,47.69527],[8.81011,47.69335],[8.80764,47.69198],[8.80539,47.69154],[8.80297,47.69216],[8.80011,47.69185],[8.79982,47.69114],[8.79855,47.69019],[8.79684,47.68809],[8.79683,47.68709],[8.79621,47.68596],[8.79598,47.68442],[8.79513,47.6838],[8.79485,47.68281],[8.79353,47.6801],[8.79383,47.67878],[8.79516,47.6769],[8.79606,47.67534]]],[[[8.6062,47.66866],[8.60652,47.67022],[8.60729,47.67115],[8.60809,47.6726],[8.60964,47.67201],[8.61058,47.67534],[8.61159,47.67661],[8.61386,47.67861],[8.61561,47.678],[8.61676,47.67701],[8.61701,47.67631],[8.61803,47.6754],[8.61933,47.67505],[8.62051,47.67521],[8.62397,47.67634],[8.62547,47.67705],[8.62665,47.67826],[8.62734,47.6799],[8.62731,47.68086],[8.62636,47.68285],[8.62402,47.68986],[8.62413,47.69059],[8.62512,47.69167],[8.62573,47.69125],[8.62802,47.69194],[8.63072,47.69203],[8.63714,47.69308],[8.64127,47.6944],[8.64216,47.69447],[8.64479,47.69404],[8.64597,47.69361],[8.651,47.69093],[8.65357,47.68927],[8.6589,47.68661],[8.66116,47.68574],[8.66314,47.6853],[8.66341,47.68578],[8.66407,47.68695],[8.66405,47.68815],[8.6625,47.68826],[8.65969,47.68948],[8.65996,47.69056],[8.65861,47.69059],[8.65861,47.69134],[8.65987,47.69133],[8.66537,47.69203],[8.66839,47.69209],[8.66805,47.69321],[8.66968,47.69362],[8.67243,47.69496],[8.67355,47.69507],[8.67395,47.69562],[8.67411,47.69786],[8.67632,47.69755],[8.67641,47.69809],[8.67358,47.70489],[8.66602,47.70786],[8.66466,47.71336],[8.66733,47.71243],[8.66913,47.71152],[8.67138,47.711],[8.67328,47.71228],[8.67422,47.71269],[8.67781,47.71293],[8.68134,47.71241],[8.6814,47.71178],[8.68029,47.71149],[8.67993,47.71056],[8.68111,47.70984],[8.6835,47.70905],[8.68384,47.70873],[8.68633,47.70857],[8.68728,47.70894],[8.69032,47.70945],[8.69034,47.71031],[8.68987,47.71078],[8.68968,47.71171],[8.69245,47.71253],[8.69743,47.71375],[8.69856,47.71501],[8.70057,47.71495],[8.70129,47.71519],[8.70299,47.71462],[8.70464,47.71343],[8.70556,47.71182],[8.70643,47.71108],[8.7066,47.71023],[8.7078,47.7078],[8.70893,47.70414],[8.71181,47.70174],[8.71195,47.70113],[8.71173,47.6975],[8.7114,47.69633],[8.71674,47.69494],[8.71763,47.69493],[8.7176,47.6928],[8.71697,47.69247],[8.71787,47.69069],[8.71961,47.69138],[8.72208,47.69209],[8.72534,47.69263],[8.72802,47.69276],[8.7269,47.69484],[8.7265,47.69661],[8.72772,47.70044],[8.72847,47.70245],[8.73107,47.70757],[8.73081,47.70828],[8.73186,47.71006],[8.7322,47.71176],[8.73402,47.71386],[8.73493,47.71534],[8.73631,47.71633],[8.73556,47.71715],[8.73303,47.71851],[8.73091,47.71897],[8.72826,47.71916],[8.72576,47.72003],[8.72469,47.72015],[8.72483,47.72128],[8.72309,47.72116],[8.72155,47.72173],[8.71997,47.72153],[8.71794,47.72162],[8.7166,47.7233],[8.71481,47.72628],[8.71381,47.72773],[8.71179,47.72903],[8.71116,47.73014],[8.71177,47.73057],[8.71251,47.7322],[8.71303,47.73444],[8.71419,47.73632],[8.7146,47.73755],[8.71461,47.73859],[8.7171,47.73957],[8.72024,47.741],[8.72076,47.74251],[8.72162,47.74396],[8.72363,47.74565],[8.72659,47.74504],[8.72805,47.74614],[8.731,47.74584],[8.73427,47.74656],[8.73954,47.74652],[8.74049,47.74763],[8.74144,47.74818],[8.74077,47.74958],[8.74114,47.75198],[8.73997,47.75299],[8.73643,47.75406],[8.73501,47.75517],[8.73184,47.7568],[8.72896,47.75796],[8.73081,47.75961],[8.72879,47.76082],[8.72733,47.76227],[8.72325,47.76292],[8.72365,47.76342],[8.72227,47.76402],[8.72139,47.76309],[8.71873,47.76431],[8.71674,47.76465],[8.71407,47.7654],[8.71184,47.76481],[8.70954,47.76314],[8.70699,47.76368],[8.70458,47.76216],[8.70331,47.7611],[8.70157,47.76016],[8.70072,47.76033],[8.69911,47.75961],[8.69859,47.75823],[8.69734,47.75663],[8.69593,47.75681],[8.69542,47.75593],[8.6948,47.75575],[8.69283,47.75621],[8.68871,47.75836],[8.68804,47.75928],[8.68786,47.76049],[8.68847,47.76118],[8.68842,47.76194],[8.68766,47.76207],[8.68681,47.76526],[8.68586,47.76721],[8.68359,47.7706],[8.68697,47.77222],[8.68801,47.7733],[8.68863,47.77352],[8.68707,47.77453],[8.68526,47.77546],[8.68423,47.77622],[8.68321,47.7773],[8.68285,47.77889],[8.68327,47.77958],[8.68332,47.78049],[8.68176,47.78294],[8.68237,47.7837],[8.68149,47.78457],[8.68005,47.78526],[8.68103,47.78661],[8.67924,47.78685],[8.6784,47.78678],[8.67712,47.78572],[8.67583,47.78587],[8.6745,47.78661],[8.67275,47.78722],[8.67113,47.78759],[8.67009,47.78738],[8.66758,47.7877],[8.66684,47.78862],[8.66534,47.78975],[8.66527,47.79036],[8.66332,47.79103],[8.66232,47.79176],[8.66039,47.79203],[8.65742,47.79174],[8.65839,47.7931],[8.66,47.794],[8.66026,47.79487],[8.66031,47.79632],[8.65838,47.79825],[8.65686,47.80044],[8.65333,47.7999],[8.64961,47.79846],[8.64889,47.79728],[8.64892,47.79499],[8.64693,47.79471],[8.64659,47.79366],[8.64662,47.79252],[8.64575,47.79071],[8.64546,47.78722],[8.64739,47.78542],[8.64916,47.78429],[8.6498,47.7833],[8.65007,47.78134],[8.64913,47.77751],[8.64828,47.77619],[8.64811,47.77406],[8.64962,47.77436],[8.65112,47.77434],[8.65224,47.77401],[8.65297,47.7734],[8.64934,47.77037],[8.64535,47.76852],[8.64757,47.76696],[8.64448,47.7643],[8.6424,47.76521],[8.64057,47.76434],[8.63754,47.76255],[8.63623,47.7615],[8.63394,47.76024],[8.63167,47.75819],[8.62944,47.75906],[8.6277,47.75939],[8.62598,47.76182],[8.62504,47.76389],[8.61945,47.76766],[8.61942,47.76981],[8.62105,47.77183],[8.62197,47.77395],[8.62232,47.77511],[8.62311,47.77635],[8.62337,47.77727],[8.61879,47.77814],[8.61877,47.77927],[8.61844,47.78021],[8.61766,47.78012],[8.61727,47.78086],[8.6157,47.78272],[8.61509,47.78397],[8.61512,47.78494],[8.61577,47.78714],[8.61626,47.78708],[8.61895,47.78776],[8.62051,47.78894],[8.62065,47.79076],[8.62215,47.79486],[8.62019,47.79568],[8.61791,47.79604],[8.61796,47.79653],[8.61885,47.79757],[8.6186,47.79832],[8.61594,47.79962],[8.61394,47.80122],[8.61142,47.8019],[8.60753,47.80243],[8.60472,47.8025],[8.60086,47.80301],[8.59825,47.80241],[8.59286,47.79871],[8.59179,47.79957],[8.59019,47.80039],[8.58775,47.80265],[8.57989,47.80011],[8.57659,47.79979],[8.57534,47.7998],[8.57593,47.80172],[8.57516,47.8022],[8.57488,47.80373],[8.57364,47.80484],[8.5731,47.80607],[8.57215,47.80632],[8.57035,47.80624],[8.56888,47.80723],[8.56803,47.80845],[8.56591,47.80657],[8.56381,47.80539],[8.56252,47.80231],[8.56235,47.79895],[8.5625,47.79656],[8.56241,47.79517],[8.562,47.7926],[8.5627,47.79189],[8.56367,47.79243],[8.56879,47.79106],[8.57215,47.79056],[8.57496,47.78962],[8.57446,47.78689],[8.57598,47.78508],[8.57638,47.78308],[8.57733,47.78167],[8.574,47.78036],[8.57211,47.77995],[8.56876,47.77901],[8.56639,47.77791],[8.56609,47.77833],[8.56289,47.77789],[8.56341,47.77967],[8.56331,47.78057],[8.56155,47.78072],[8.56001,47.78189],[8.55905,47.78228],[8.55729,47.78347],[8.55635,47.78387],[8.55292,47.78463],[8.55043,47.78359],[8.54564,47.78256],[8.54376,47.78167],[8.54139,47.78155],[8.53565,47.77978],[8.53246,47.77803],[8.52852,47.77788],[8.52648,47.77801],[8.52556,47.77701],[8.52348,47.77569],[8.5219,47.77385],[8.52109,47.77219],[8.5205,47.77169],[8.52021,47.77052],[8.51945,47.7706],[8.5181,47.7714],[8.51641,47.77328],[8.51477,47.77414],[8.51292,47.77488],[8.51175,47.7756],[8.51031,47.7762],[8.50961,47.77462],[8.50867,47.77423],[8.50529,47.77399],[8.50344,47.77317],[8.50231,47.77364],[8.49836,47.77245],[8.49718,47.77121],[8.49537,47.77074],[8.49433,47.77114],[8.49099,47.77168],[8.49029,47.77202],[8.48902,47.77321],[8.48667,47.77195],[8.48495,47.77138],[8.48315,47.77029],[8.48155,47.76832],[8.47956,47.76745],[8.47662,47.76555],[8.47426,47.76471],[8.47315,47.76407],[8.47078,47.76153],[8.46969,47.76012],[8.46812,47.75739],[8.46708,47.7543],[8.46582,47.75306],[8.46295,47.75169],[8.46133,47.75115],[8.45855,47.7506],[8.4575,47.75024],[8.45603,47.74845],[8.45592,47.74757],[8.45641,47.74643],[8.45618,47.745],[8.45532,47.74421],[8.45585,47.7428],[8.45459,47.74212],[8.45277,47.74158],[8.45078,47.74016],[8.4498,47.73812],[8.45036,47.73603],[8.45138,47.73318],[8.4526,47.73144],[8.45263,47.73085],[8.45366,47.73049],[8.45636,47.73052],[8.45713,47.73016],[8.45705,47.72917],[8.45461,47.72711],[8.45475,47.72593],[8.45425,47.72352],[8.45534,47.72307],[8.45494,47.72245],[8.44761,47.72322],[8.44534,47.72307],[8.44159,47.7211],[8.44019,47.71974],[8.44191,47.7186],[8.44167,47.71789],[8.43808,47.71854],[8.43647,47.7182],[8.43518,47.71757],[8.43386,47.71628],[8.43253,47.71551],[8.43173,47.71462],[8.42955,47.71354],[8.4261,47.71129],[8.42534,47.71173],[8.42015,47.70951],[8.41919,47.71018],[8.41792,47.70976],[8.41712,47.71018],[8.4143,47.70676],[8.40945,47.70329],[8.40811,47.7021],[8.40559,47.69902],[8.40464,47.69803],[8.40526,47.69773],[8.40641,47.69557],[8.40772,47.69558],[8.40936,47.69534],[8.41043,47.6948],[8.41198,47.69441],[8.4182,47.68819],[8.41899,47.68597],[8.42079,47.68387],[8.41836,47.68278],[8.41762,47.68119],[8.4162,47.67979],[8.40948,47.67901],[8.40804,47.67822],[8.40636,47.67623],[8.4056,47.67418],[8.40622,47.67301],[8.40783,47.67163],[8.40961,47.66916],[8.41221,47.66633],[8.41502,47.66615],[8.41718,47.66642],[8.42365,47.66686],[8.42515,47.66565],[8.42639,47.66522],[8.43199,47.66213],[8.43331,47.66094],[8.43528,47.65949],[8.43662,47.65738],[8.43863,47.65738],[8.43946,47.65641],[8.44141,47.65582],[8.44292,47.65514],[8.44512,47.65386],[8.45053,47.655],[8.45213,47.65476],[8.45367,47.65477],[8.45697,47.65309],[8.45729,47.65274],[8.45947,47.65384],[8.45997,47.65371],[8.46242,47.6556],[8.46365,47.65631],[8.46435,47.65573],[8.46552,47.65657],[8.46597,47.65725],[8.46714,47.65603],[8.46599,47.65291],[8.46443,47.65014],[8.46373,47.64846],[8.46491,47.64661],[8.46532,47.64497],[8.46602,47.644],[8.46652,47.64243],[8.46711,47.64154],[8.47,47.63932],[8.47218,47.63858],[8.4735,47.6384],[8.47414,47.6393],[8.47689,47.6395],[8.47805,47.63977],[8.47584,47.64055],[8.47515,47.641],[8.4727,47.64087],[8.47192,47.64115],[8.47115,47.64189],[8.47155,47.64266],[8.47267,47.64275],[8.4748,47.64327],[8.47772,47.64466],[8.47742,47.64597],[8.47626,47.64656],[8.47391,47.64697],[8.4734,47.64734],[8.47302,47.64911],[8.47372,47.64969],[8.47643,47.6501],[8.4804,47.64924],[8.48064,47.64836],[8.48123,47.64779],[8.4822,47.64744],[8.48147,47.64561],[8.4828,47.6441],[8.48519,47.64392],[8.48742,47.64507],[8.48878,47.64436],[8.48981,47.64286],[8.49054,47.64238],[8.49169,47.64295],[8.4924,47.64209],[8.49436,47.64207],[8.49369,47.64302],[8.4938,47.64504],[8.49333,47.64695],[8.49569,47.64651],[8.49916,47.64641],[8.49955,47.64725],[8.50073,47.64737],[8.50317,47.64732],[8.50902,47.64669],[8.5102,47.64718],[8.51332,47.6475],[8.51581,47.64691],[8.51891,47.64581],[8.52194,47.64498],[8.52297,47.64485],[8.52659,47.64533],[8.52984,47.64594],[8.53179,47.64575],[8.5334,47.64787],[8.5337,47.64921],[8.53462,47.64969],[8.53378,47.6501],[8.53351,47.65098],[8.53186,47.652],[8.53167,47.65269],[8.53088,47.6538],[8.53015,47.65408],[8.52913,47.65501],[8.52901,47.65549],[8.53003,47.65704],[8.5291,47.65771],[8.52802,47.65802],[8.52694,47.66045],[8.53007,47.66142],[8.53248,47.66283],[8.53345,47.66312],[8.53415,47.66116],[8.53372,47.65999],[8.53447,47.65936],[8.53661,47.65843],[8.54022,47.65746],[8.54099,47.65683],[8.54165,47.65679],[8.54148,47.65802],[8.54088,47.65875],[8.53998,47.66133],[8.53914,47.66217],[8.53887,47.66353],[8.53974,47.66409],[8.53996,47.66508],[8.54229,47.66531],[8.54683,47.6675],[8.54771,47.66705],[8.54962,47.66742],[8.55227,47.66886],[8.55441,47.66941],[8.55687,47.66926],[8.55829,47.66962],[8.55925,47.67013],[8.56089,47.67032],[8.56372,47.67004],[8.56344,47.66809],[8.56475,47.66526],[8.56616,47.6657],[8.56719,47.66494],[8.56918,47.66419],[8.57091,47.66487],[8.5729,47.66363],[8.57383,47.66279],[8.57612,47.66247],[8.57767,47.66152],[8.57881,47.6619],[8.58027,47.66282],[8.58727,47.66625],[8.59138,47.66752],[8.59331,47.66679],[8.59398,47.66716],[8.59561,47.66935],[8.59592,47.66925],[8.59798,47.67272],[8.60297,47.67261],[8.60661,47.67215],[8.60583,47.66942],[8.6062,47.66866]]]]},"properties":{"area_code":"SH","area_name":"Schaffhausen","area_unit_id":"ch-canton-2026-swissboundaries3d:SH","boundary_set_id":"ch-canton-2026-swissboundaries3d","boundary_level":"canton","land_area_sq_km":298.4184}},
{"type":"Feature","geometry":{"type":"MultiPolygon","coordinates":[[[[7.69696,47.16192],[7.69442,47.16201],[7.69441,47.16258],[7.69217,47.16421],[7.69095,47.16481],[7.6879,47.16525],[7.68895,47.16633],[7.68851,47.16673],[7.68537,47.1663],[7.68454,47.16566],[7.68506,47.16509],[7.68325,47.1643],[7.68187,47.16329],[7.68117,47.16239],[7.67954,47.16315],[7.67817,47.1617],[7.67781,47.1601],[7.67654,47.15811],[7.6751,47.15646],[7.67606,47.15604],[7.67584,47.15523],[7.67443,47.15397],[7.67527,47.15324],[7.68011,47.15433],[7.68262,47.15415],[7.6883,47.15281],[7.69016,47.15256],[7.69148,47.15447],[7.69298,47.15715],[7.69383,47.15816],[7.69566,47.15751],[7.69933,47.16082],[7.70022,47.16098],[7.7008,47.16178],[7.69696,47.16192]]],[[[7.55221,47.34531],[7.55648,47.34386],[7.55665,47.34209],[7.55981,47.34267],[7.56067,47.34184],[7.56171,47.34147],[7.56269,47.34051],[7.56272,47.33945],[7.56743,47.33399],[7.57116,47.33027],[7.57215,47.32895],[7.57164,47.32713],[7.57029,47.32569],[7.56873,47.32435],[7.56537,47.32291],[7.56371,47.32234],[7.56171,47.32143],[7.55835,47.32237],[7.54834,47.31636],[7.54737,47.30912],[7.54683,47.3076],[7.54624,47.30738],[7.54694,47.30608],[7.54617,47.30576],[7.5433,47.30406],[7.54285,47.30365],[7.54014,47.30234],[7.53907,47.30198],[7.53985,47.29992],[7.53954,47.29861],[7.5386,47.29758],[7.537,47.29658],[7.53554,47.29596],[7.53287,47.29454],[7.53165,47.2943],[7.52796,47.29422],[7.52459,47.29375],[7.5239,47.2939],[7.5209,47.29398],[7.51454,47.29252],[7.51376,47.29246],[7.50595,47.29006],[7.50544,47.29086],[7.50206,47.28983],[7.49834,47.28837],[7.4967,47.28843],[7.49538,47.28788],[7.4953,47.28686],[7.49437,47.2864],[7.48854,47.28451],[7.4872,47.28386],[7.48535,47.28428],[7.48304,47.28211],[7.4799,47.27968],[7.4783,47.27868],[7.47712,47.27734],[7.47587,47.27632],[7.47529,47.27513],[7.47402,47.27331],[7.47357,47.27178],[7.47284,47.2713],[7.47202,47.26962],[7.47162,47.26941],[7.46944,47.26692],[7.46815,47.26594],[7.4663,47.2651],[7.46585,47.26466],[7.46334,47.26458],[7.45695,47.26392],[7.45595,47.26369],[7.45192,47.26339],[7.45105,47.26297],[7.44723,47.26293],[7.44588,47.26314],[7.44101,47.26292],[7.43933,47.26235],[7.43746,47.26137],[7.43597,47.26025],[7.43275,47.25857],[7.4268,47.25608],[7.42392,47.2556],[7.41879,47.25456],[7.41816,47.25387],[7.41737,47.2538],[7.41633,47.25217],[7.41619,47.2506],[7.4172,47.24756],[7.41815,47.24538],[7.41997,47.24387],[7.42088,47.24289],[7.41549,47.24021],[7.41417,47.24055],[7.41183,47.24056],[7.40795,47.23913],[7.40684,47.23818],[7.40169,47.2349],[7.39908,47.23401],[7.39809,47.23349],[7.39557,47.23271],[7.39265,47.23206],[7.39127,47.23145],[7.38845,47.23078],[7.38748,47.23074],[7.38496,47.22984],[7.3819,47.22926],[7.3803,47.2288],[7.37819,47.22764],[7.37628,47.22737],[7.3745,47.22685],[7.37323,47.22604],[7.37052,47.2239],[7.36722,47.22232],[7.36573,47.22129],[7.36542,47.22083],[7.36441,47.22064],[7.36224,47.21961],[7.35933,47.2196],[7.3577,47.22018],[7.35724,47.22105],[7.35482,47.22088],[7.35332,47.22026],[7.35148,47.22003],[7.34775,47.21922],[7.34633,47.21916],[7.34321,47.21793],[7.34042,47.21757],[7.34197,47.2124],[7.34483,47.20722],[7.34683,47.20722],[7.35448,47.19154],[7.35788,47.19221],[7.36287,47.19345],[7.36547,47.19446],[7.36644,47.19301],[7.36717,47.19151],[7.3682,47.19077],[7.37116,47.1902],[7.37257,47.18972],[7.37514,47.18857],[7.37725,47.1872],[7.37876,47.18562],[7.37953,47.1851],[7.38352,47.18031],[7.38478,47.17798],[7.38649,47.17546],[7.38969,47.17039],[7.39192,47.16628],[7.39083,47.1662],[7.39084,47.16558],[7.3894,47.16578],[7.38467,47.16611],[7.38218,47.16512],[7.38179,47.16349],[7.3827,47.16113],[7.38346,47.16046],[7.38694,47.15952],[7.38732,47.16012],[7.3885,47.16027],[7.39031,47.16083],[7.39209,47.16111],[7.39313,47.16036],[7.39705,47.16191],[7.39894,47.1625],[7.40094,47.16285],[7.40302,47.16283],[7.40857,47.1621],[7.41021,47.16215],[7.41182,47.16243],[7.41344,47.16318],[7.41595,47.16538],[7.41651,47.16727],[7.41669,47.16907],[7.41737,47.17025],[7.4184,47.17116],[7.42181,47.1723],[7.42606,47.17298],[7.42803,47.17354],[7.43008,47.17458],[7.43159,47.17606],[7.4318,47.17872],[7.43091,47.18119],[7.43091,47.18245],[7.43171,47.18359],[7.43329,47.18473],[7.4346,47.18517],[7.43603,47.1853],[7.43743,47.18504],[7.43849,47.18435],[7.43993,47.18064],[7.44064,47.17979],[7.44183,47.17923],[7.44325,47.17925],[7.44558,47.18005],[7.44763,47.18109],[7.44876,47.18191],[7.44957,47.18289],[7.44994,47.18398],[7.44974,47.18515],[7.44924,47.18644],[7.44842,47.18788],[7.44841,47.18879],[7.44882,47.1894],[7.44977,47.18957],[7.45113,47.18905],[7.45575,47.18883],[7.45956,47.18906],[7.46657,47.19011],[7.46929,47.19034],[7.4742,47.19042],[7.47573,47.19065],[7.47612,47.189],[7.47659,47.18809],[7.47532,47.18709],[7.47552,47.18666],[7.47361,47.18618],[7.47261,47.18555],[7.473,47.18503],[7.47449,47.18466],[7.475,47.18305],[7.47087,47.18142],[7.47326,47.17991],[7.47492,47.18017],[7.47522,47.17926],[7.47586,47.17901],[7.4769,47.1779],[7.47627,47.17691],[7.47682,47.1766],[7.47814,47.17745],[7.47816,47.17616],[7.47907,47.1751],[7.4805,47.17174],[7.48429,47.17271],[7.48408,47.17309],[7.48642,47.1736],[7.48632,47.17306],[7.48901,47.17268],[7.49183,47.17184],[7.49309,47.17113],[7.49569,47.17147],[7.49704,47.17009],[7.49286,47.16719],[7.4902,47.16577],[7.49226,47.16398],[7.49269,47.16327],[7.48977,47.16129],[7.48849,47.16067],[7.48472,47.15962],[7.48379,47.15881],[7.48206,47.15817],[7.48039,47.1563],[7.48051,47.15587],[7.47863,47.15446],[7.47724,47.15401],[7.47484,47.15367],[7.47281,47.15256],[7.47049,47.15196],[7.46904,47.15176],[7.46764,47.15128],[7.46593,47.15183],[7.46482,47.15274],[7.46312,47.15296],[7.46302,47.15369],[7.45993,47.15335],[7.45882,47.15491],[7.45463,47.15633],[7.45203,47.15608],[7.44987,47.15567],[7.44905,47.15526],[7.44779,47.15508],[7.4412,47.15148],[7.43995,47.1505],[7.44117,47.14589],[7.43962,47.14399],[7.43664,47.14354],[7.4345,47.14375],[7.43213,47.14331],[7.43054,47.14286],[7.42663,47.1411],[7.42586,47.14005],[7.42668,47.13847],[7.42429,47.13736],[7.4218,47.13586],[7.42375,47.13499],[7.42443,47.13433],[7.42516,47.13281],[7.42646,47.13134],[7.42971,47.13164],[7.4309,47.13085],[7.43022,47.12948],[7.43122,47.12909],[7.43541,47.13128],[7.43635,47.12956],[7.43575,47.12881],[7.43522,47.12751],[7.43398,47.1277],[7.43286,47.12759],[7.43326,47.12618],[7.43962,47.12456],[7.44018,47.12373],[7.43737,47.12272],[7.43474,47.12386],[7.43142,47.12416],[7.43023,47.12444],[7.42903,47.12437],[7.42838,47.12366],[7.42637,47.12299],[7.42471,47.12201],[7.42038,47.12115],[7.41979,47.12183],[7.41463,47.12144],[7.41507,47.12097],[7.41203,47.12057],[7.40989,47.11975],[7.40948,47.1202],[7.40671,47.11845],[7.40501,47.11813],[7.40375,47.11768],[7.39908,47.12009],[7.395,47.1217],[7.39104,47.12021],[7.38997,47.11952],[7.38897,47.12183],[7.38894,47.12341],[7.38757,47.12531],[7.38675,47.1259],[7.3851,47.12529],[7.38463,47.12416],[7.38368,47.12333],[7.38085,47.12273],[7.38009,47.12381],[7.37893,47.1241],[7.37695,47.12341],[7.37555,47.12333],[7.37563,47.1223],[7.37401,47.12182],[7.37141,47.12254],[7.37049,47.12093],[7.37197,47.11734],[7.37092,47.11632],[7.36971,47.11596],[7.37044,47.11538],[7.37146,47.11377],[7.37363,47.11286],[7.3744,47.11188],[7.37589,47.10837],[7.37724,47.10825],[7.37924,47.10621],[7.37919,47.10414],[7.38134,47.10115],[7.3822,47.0992],[7.38263,47.09671],[7.38203,47.09574],[7.38434,47.09548],[7.38439,47.09629],[7.38636,47.09618],[7.38764,47.09539],[7.38945,47.09514],[7.39005,47.0923],[7.3957,47.09307],[7.39943,47.09386],[7.39966,47.09363],[7.40195,47.0938],[7.4062,47.09447],[7.40882,47.0948],[7.4122,47.09566],[7.41441,47.09684],[7.42027,47.09967],[7.421,47.09848],[7.4224,47.09889],[7.42326,47.09746],[7.434,47.1005],[7.43538,47.09774],[7.43639,47.09628],[7.43743,47.09421],[7.43504,47.09366],[7.43575,47.09191],[7.43367,47.09134],[7.43452,47.08972],[7.43325,47.08956],[7.43288,47.08798],[7.43351,47.0868],[7.43435,47.08616],[7.43423,47.08561],[7.43467,47.08301],[7.43528,47.08197],[7.43508,47.08133],[7.43542,47.08017],[7.43623,47.07983],[7.43748,47.07796],[7.43917,47.07673],[7.44024,47.07629],[7.44048,47.07584],[7.44045,47.07451],[7.4432,47.07456],[7.44586,47.07438],[7.45116,47.07531],[7.454,47.07598],[7.45446,47.07493],[7.45569,47.07531],[7.45572,47.07572],[7.45831,47.07775],[7.46065,47.07841],[7.46211,47.07833],[7.46447,47.07895],[7.46656,47.07866],[7.4684,47.07979],[7.47061,47.08293],[7.47105,47.08383],[7.47292,47.08462],[7.47388,47.08565],[7.47494,47.08637],[7.47508,47.08709],[7.47377,47.08936],[7.47083,47.09047],[7.46706,47.09553],[7.46424,47.09905],[7.46529,47.09933],[7.46181,47.10341],[7.4628,47.10367],[7.46195,47.10591],[7.46221,47.10599],[7.46133,47.10824],[7.48472,47.11485],[7.49115,47.11668],[7.49232,47.11709],[7.49845,47.12134],[7.49897,47.12155],[7.50453,47.12267],[7.50964,47.12549],[7.51373,47.12991],[7.51386,47.13029],[7.51369,47.13305],[7.51583,47.13677],[7.51909,47.14038],[7.52265,47.1423],[7.523,47.14273],[7.52333,47.14561],[7.5235,47.14592],[7.52552,47.14765],[7.52975,47.14874],[7.52959,47.15072],[7.52851,47.15165],[7.52573,47.1531],[7.52573,47.15375],[7.52431,47.1536],[7.52408,47.15423],[7.5219,47.15844],[7.52034,47.15889],[7.52056,47.15977],[7.52293,47.15999],[7.52277,47.16071],[7.52605,47.16106],[7.5258,47.16215],[7.5314,47.163],[7.53312,47.1639],[7.53451,47.16418],[7.53523,47.16247],[7.5405,47.16356],[7.5417,47.16237],[7.54434,47.16037],[7.54632,47.16073],[7.54884,47.16212],[7.55005,47.16363],[7.5515,47.16437],[7.55428,47.16529],[7.55597,47.16612],[7.55743,47.16718],[7.55784,47.16803],[7.56347,47.16836],[7.56459,47.16629],[7.56439,47.16576],[7.56597,47.16554],[7.5655,47.16455],[7.56733,47.16319],[7.56926,47.16247],[7.56966,47.16289],[7.57491,47.16445],[7.57749,47.16178],[7.57967,47.16003],[7.58073,47.16036],[7.5819,47.15891],[7.58209,47.15828],[7.5811,47.1556],[7.58284,47.15597],[7.5834,47.15479],[7.58614,47.14755],[7.58836,47.15089],[7.59244,47.15268],[7.5979,47.15161],[7.60427,47.15264],[7.60785,47.15285],[7.61087,47.15373],[7.61454,47.15453],[7.61458,47.15543],[7.61537,47.15613],[7.61609,47.15631],[7.61733,47.15541],[7.62196,47.15306],[7.62233,47.15341],[7.62459,47.15246],[7.62749,47.15293],[7.62909,47.15239],[7.63141,47.15384],[7.63234,47.15299],[7.63402,47.15351],[7.63484,47.15331],[7.6356,47.1521],[7.63996,47.15356],[7.64079,47.15269],[7.64078,47.1515],[7.64331,47.15021],[7.64318,47.14984],[7.64504,47.14897],[7.64701,47.14956],[7.65085,47.14985],[7.6515,47.15024],[7.65261,47.1515],[7.65298,47.15242],[7.6524,47.15251],[7.65196,47.15603],[7.65092,47.1561],[7.65075,47.15735],[7.65127,47.15748],[7.65355,47.16078],[7.65179,47.1616],[7.65432,47.16327],[7.66009,47.16841],[7.66101,47.16766],[7.66374,47.16836],[7.66529,47.1689],[7.66564,47.16837],[7.67287,47.1684],[7.67381,47.17422],[7.67378,47.17441],[7.67578,47.17561],[7.67649,47.17683],[7.67676,47.17781],[7.67753,47.1818],[7.67781,47.18268],[7.67501,47.18315],[7.67568,47.18371],[7.67443,47.18423],[7.67329,47.18435],[7.67239,47.18336],[7.67111,47.18452],[7.67162,47.18673],[7.67371,47.18791],[7.67417,47.18897],[7.67463,47.1909],[7.6713,47.193],[7.67176,47.19434],[7.67153,47.19497],[7.66913,47.1941],[7.66853,47.19598],[7.66667,47.19589],[7.66582,47.19803],[7.66419,47.1975],[7.66275,47.19866],[7.66236,47.19976],[7.66234,47.20096],[7.65782,47.20069],[7.6552,47.20119],[7.64723,47.20178],[7.64944,47.2041],[7.65123,47.20671],[7.64962,47.20997],[7.64814,47.21147],[7.64721,47.21352],[7.64606,47.21471],[7.64601,47.21597],[7.64665,47.21758],[7.64847,47.21895],[7.64755,47.21947],[7.64551,47.21941],[7.64548,47.22009],[7.64471,47.22045],[7.64105,47.22113],[7.63918,47.22339],[7.64395,47.22545],[7.64391,47.22563],[7.64056,47.2298],[7.63529,47.22724],[7.63394,47.22864],[7.6309,47.2267],[7.62952,47.22827],[7.62619,47.22632],[7.62352,47.22936],[7.6215,47.22889],[7.61912,47.22905],[7.61833,47.23143],[7.61655,47.23273],[7.61704,47.23365],[7.6167,47.23396],[7.61489,47.23421],[7.61446,47.23489],[7.61397,47.2365],[7.61093,47.23826],[7.60927,47.23821],[7.609,47.23892],[7.60951,47.23955],[7.60639,47.23905],[7.60511,47.24032],[7.60547,47.24185],[7.60439,47.24265],[7.60241,47.24209],[7.59877,47.24521],[7.59776,47.24537],[7.59718,47.245],[7.59594,47.24557],[7.59773,47.25414],[7.59614,47.26075],[7.59466,47.26436],[7.5937,47.26622],[7.58693,47.2697],[7.58225,47.27431],[7.58011,47.27635],[7.58934,47.27767],[7.60049,47.27935],[7.61247,47.28089],[7.61421,47.28115],[7.61859,47.28133],[7.62134,47.28161],[7.62529,47.28163],[7.62758,47.28156],[7.6283,47.28173],[7.63117,47.28153],[7.63459,47.2818],[7.6379,47.28187],[7.64168,47.28175],[7.6436,47.2819],[7.64533,47.28185],[7.64828,47.28199],[7.65092,47.28271],[7.65323,47.28356],[7.654,47.28364],[7.65799,47.28515],[7.65819,47.28547],[7.66051,47.28665],[7.66283,47.28712],[7.66622,47.28766],[7.66879,47.28878],[7.6694,47.28861],[7.67052,47.28757],[7.67098,47.28757],[7.67281,47.2883],[7.674,47.2883],[7.6761,47.28896],[7.67719,47.28912],[7.67982,47.29013],[7.68109,47.29115],[7.6829,47.29312],[7.68477,47.29399],[7.68497,47.29349],[7.68719,47.29127],[7.68843,47.29096],[7.68856,47.29045],[7.69769,47.28722],[7.69946,47.28628],[7.70086,47.28655],[7.70185,47.28552],[7.70391,47.28376],[7.70297,47.28302],[7.70557,47.28046],[7.70655,47.28137],[7.70891,47.27945],[7.70844,47.27865],[7.70993,47.27772],[7.70919,47.27717],[7.71046,47.27638],[7.70943,47.27559],[7.71234,47.27377],[7.71271,47.27383],[7.71562,47.2764],[7.71706,47.27523],[7.71752,47.27512],[7.72514,47.26931],[7.72427,47.26771],[7.72505,47.26601],[7.72836,47.26322],[7.73267,47.25912],[7.73832,47.2599],[7.74286,47.25752],[7.74467,47.25703],[7.74929,47.25876],[7.75322,47.25876],[7.75682,47.2581],[7.7588,47.25922],[7.75956,47.26094],[7.76069,47.26257],[7.76484,47.26669],[7.77461,47.26787],[7.77531,47.26594],[7.77581,47.26144],[7.78453,47.25727],[7.78615,47.2561],[7.78769,47.25792],[7.79256,47.26066],[7.79378,47.26148],[7.79803,47.26608],[7.7993,47.26702],[7.80068,47.26778],[7.80215,47.26828],[7.80458,47.2684],[7.80541,47.26761],[7.80519,47.26584],[7.80535,47.26504],[7.80631,47.26382],[7.80705,47.26326],[7.80816,47.26289],[7.81478,47.26131],[7.81665,47.26167],[7.81819,47.26215],[7.81935,47.26277],[7.82004,47.26342],[7.82363,47.26487],[7.82511,47.26557],[7.82642,47.26609],[7.82927,47.26659],[7.83318,47.26788],[7.83567,47.26973],[7.83781,47.2715],[7.8384,47.27182],[7.84181,47.27447],[7.84359,47.27658],[7.84415,47.27791],[7.84437,47.28046],[7.84479,47.28202],[7.8453,47.28275],[7.84657,47.28382],[7.84791,47.2856],[7.84827,47.28692],[7.84955,47.28837],[7.85156,47.28994],[7.85245,47.29091],[7.85367,47.29277],[7.85473,47.29574],[7.85618,47.29791],[7.85831,47.30059],[7.85895,47.30199],[7.8595,47.30396],[7.86031,47.30541],[7.86126,47.30624],[7.86364,47.30754],[7.86704,47.3084],[7.86934,47.30937],[7.87261,47.31133],[7.87471,47.31189],[7.87675,47.31192],[7.87946,47.31172],[7.88383,47.31103],[7.88775,47.31112],[7.88911,47.31149],[7.88983,47.31233],[7.89035,47.31408],[7.8911,47.31521],[7.89375,47.31694],[7.89525,47.3182],[7.89791,47.31963],[7.8979,47.32064],[7.89659,47.32191],[7.89609,47.32393],[7.89649,47.32646],[7.89686,47.32766],[7.89931,47.33102],[7.90216,47.33447],[7.90452,47.33694],[7.90731,47.33888],[7.90827,47.34035],[7.90781,47.34172],[7.90918,47.34165],[7.90935,47.34096],[7.91121,47.33919],[7.91819,47.33532],[7.91922,47.33395],[7.92592,47.33348],[7.93772,47.33248],[7.94713,47.33234],[7.94784,47.33252],[7.94883,47.32957],[7.94805,47.32672],[7.94732,47.32517],[7.94709,47.32225],[7.94743,47.32136],[7.94755,47.31991],[7.94834,47.31811],[7.94798,47.31714],[7.95306,47.31882],[7.95581,47.31961],[7.95863,47.32027],[7.9635,47.32115],[7.97048,47.32223],[7.97038,47.32253],[7.97338,47.32306],[7.97651,47.32344],[7.97609,47.32467],[7.97809,47.32554],[7.97783,47.32598],[7.98235,47.32767],[7.98273,47.3276],[7.98457,47.32849],[7.98534,47.32757],[7.98742,47.32866],[7.98732,47.32958],[7.98937,47.33074],[7.99095,47.33281],[7.99185,47.33261],[7.9963,47.33344],[8.00051,47.33483],[8.00108,47.33475],[8.00287,47.33596],[8.0052,47.33675],[8.00736,47.33931],[8.00428,47.34345],[8.00385,47.34532],[8.01183,47.34982],[8.01262,47.35195],[8.01283,47.35433],[8.01048,47.35695],[8.01113,47.35713],[8.0129,47.35815],[8.0131,47.35873],[8.01422,47.35949],[8.01674,47.36061],[8.01655,47.36119],[8.01741,47.36249],[8.01944,47.3638],[8.02398,47.36523],[8.02471,47.36671],[8.02616,47.36867],[8.02672,47.36868],[8.02734,47.37021],[8.0271,47.37066],[8.02767,47.3726],[8.02833,47.37319],[8.02774,47.37425],[8.02914,47.3756],[8.02923,47.37665],[8.02985,47.37772],[8.02955,47.37932],[8.03087,47.38135],[8.03082,47.38241],[8.03136,47.3837],[8.02982,47.38645],[8.02657,47.39562],[8.02034,47.39581],[8.01998,47.39399],[8.01717,47.3949],[8.01616,47.39501],[8.01472,47.39479],[8.01364,47.39438],[8.01046,47.39513],[8.00981,47.39578],[8.01016,47.39828],[8.01015,47.39995],[8.01048,47.40042],[8.01006,47.40122],[8.00913,47.40175],[8.00888,47.40286],[8.00807,47.40414],[8.00825,47.40481],[8.0077,47.40522],[8.00727,47.40659],[8.00535,47.40715],[8.00431,47.40813],[8.00316,47.40887],[8.00157,47.4095],[7.99745,47.41002],[7.99469,47.41076],[7.99395,47.4111],[7.99257,47.41095],[7.99147,47.4112],[7.99035,47.41206],[7.99005,47.4132],[7.98948,47.41415],[7.98772,47.41335],[7.9848,47.4141],[7.98399,47.41407],[7.98204,47.41357],[7.97993,47.41459],[7.97936,47.41526],[7.97727,47.41607],[7.97423,47.41947],[7.97228,47.41895],[7.96935,47.42021],[7.96321,47.42236],[7.96451,47.42279],[7.96753,47.42349],[7.97085,47.4247],[7.97408,47.42567],[7.97736,47.42634],[7.98015,47.42756],[7.98271,47.42833],[7.98385,47.42831],[7.98425,47.42289],[7.98547,47.42277],[7.98728,47.42875],[7.98664,47.42931],[7.98709,47.42988],[7.98619,47.43064],[7.98614,47.43129],[7.98532,47.43196],[7.98626,47.43275],[7.98505,47.43425],[7.98369,47.43745],[7.98364,47.4382],[7.98418,47.44032],[7.98412,47.44181],[7.98377,47.44323],[7.98255,47.44472],[7.98213,47.44595],[7.98128,47.44738],[7.98061,47.44891],[7.97878,47.44976],[7.97772,47.45047],[7.97489,47.452],[7.97544,47.45303],[7.97656,47.45384],[7.97661,47.45421],[7.97597,47.45663],[7.975,47.45868],[7.97429,47.45955],[7.97322,47.45986],[7.96874,47.46218],[7.96855,47.46281],[7.96716,47.46232],[7.9656,47.46032],[7.9642,47.45955],[7.96292,47.45964],[7.96053,47.45766],[7.96073,47.45547],[7.95937,47.45479],[7.95839,47.45533],[7.95684,47.45521],[7.95793,47.45442],[7.95854,47.45304],[7.95695,47.45204],[7.95785,47.45161],[7.95567,47.45071],[7.95545,47.4502],[7.95428,47.44906],[7.95288,47.44877],[7.95217,47.44789],[7.95052,47.4469],[7.95009,47.44575],[7.94845,47.44578],[7.94753,47.44556],[7.94679,47.4432],[7.94807,47.44002],[7.95195,47.43279],[7.95113,47.43256],[7.95004,47.43172],[7.95571,47.42657],[7.96069,47.4231],[7.96184,47.42184],[7.96052,47.42121],[7.95843,47.42055],[7.95682,47.41985],[7.95632,47.41941],[7.95674,47.41884],[7.95427,47.4173],[7.95601,47.41667],[7.95505,47.41561],[7.95408,47.41597],[7.951,47.41642],[7.9484,47.41627],[7.94643,47.41553],[7.94563,47.4156],[7.94502,47.41453],[7.94298,47.41448],[7.94063,47.4141],[7.93696,47.41291],[7.93494,47.41177],[7.93579,47.41062],[7.93673,47.40806],[7.93369,47.40586],[7.93267,47.40528],[7.93086,47.40487],[7.92778,47.40361],[7.92544,47.40298],[7.92422,47.40203],[7.92107,47.40237],[7.91991,47.40194],[7.91556,47.40078],[7.91311,47.40025],[7.91098,47.3994],[7.90974,47.39852],[7.90862,47.39884],[7.90659,47.39985],[7.90533,47.40083],[7.90384,47.40247],[7.90191,47.40204],[7.90084,47.40075],[7.89889,47.40168],[7.89432,47.40445],[7.89023,47.40714],[7.88857,47.40727],[7.88754,47.40709],[7.88522,47.40632],[7.88334,47.4061],[7.88331,47.40558],[7.88411,47.40487],[7.88346,47.40383],[7.88429,47.40319],[7.88324,47.40223],[7.88345,47.40121],[7.88182,47.40072],[7.87981,47.40172],[7.87771,47.40126],[7.87528,47.3976],[7.87201,47.3968],[7.86914,47.39552],[7.87195,47.39125],[7.8739,47.39003],[7.87611,47.39038],[7.87708,47.39003],[7.87735,47.38905],[7.87944,47.388],[7.87974,47.38736],[7.87887,47.386],[7.87915,47.38496],[7.87963,47.38449],[7.87882,47.38351],[7.87611,47.38448],[7.87401,47.38376],[7.8704,47.38224],[7.86857,47.38128],[7.86691,47.38162],[7.86306,47.38199],[7.86206,47.38184],[7.85985,47.38114],[7.86,47.38023],[7.85873,47.37975],[7.84998,47.37835],[7.84898,47.37734],[7.84736,47.37673],[7.84307,47.37586],[7.84013,47.37477],[7.83948,47.37415],[7.83713,47.37277],[7.83651,47.37134],[7.83494,47.36991],[7.83363,47.36749],[7.83261,47.3664],[7.83055,47.36512],[7.82749,47.36456],[7.82559,47.36407],[7.8237,47.36397],[7.82207,47.36339],[7.81961,47.36299],[7.8172,47.36292],[7.81549,47.36272],[7.81052,47.36289],[7.80924,47.36239],[7.80539,47.36239],[7.80217,47.3611],[7.79767,47.35579],[7.79637,47.35347],[7.79501,47.34977],[7.79538,47.34646],[7.79349,47.33953],[7.79357,47.33905],[7.78529,47.33788],[7.78524,47.33893],[7.78239,47.33957],[7.77971,47.3392],[7.77761,47.3392],[7.77638,47.33944],[7.77399,47.33949],[7.77265,47.33934],[7.77059,47.33881],[7.76897,47.33892],[7.76923,47.34145],[7.76643,47.34274],[7.76405,47.34264],[7.7542,47.34317],[7.75153,47.34433],[7.74283,47.34971],[7.74019,47.3521],[7.73416,47.35776],[7.72901,47.36683],[7.72792,47.36886],[7.72682,47.36891],[7.7165,47.37046],[7.71398,47.37091],[7.71258,47.37091],[7.70855,47.3716],[7.70529,47.37195],[7.70196,47.37245],[7.68755,47.37118],[7.67894,47.3705],[7.67437,47.36987],[7.66624,47.36904],[7.6557,47.36808],[7.65026,47.36768],[7.64729,47.36752],[7.64421,47.36721],[7.64352,47.37034],[7.64332,47.37194],[7.64288,47.37332],[7.64319,47.37547],[7.64206,47.37676],[7.64194,47.37778],[7.64105,47.37829],[7.64165,47.37937],[7.64177,47.38047],[7.63671,47.3807],[7.63559,47.3806],[7.63332,47.38292],[7.63291,47.38465],[7.63331,47.38534],[7.63626,47.38578],[7.63726,47.38607],[7.63674,47.38763],[7.6355,47.39532],[7.63509,47.40032],[7.6339,47.406],[7.63273,47.41003],[7.63969,47.41003],[7.65755,47.40908],[7.66151,47.40978],[7.66406,47.41002],[7.67385,47.41506],[7.67981,47.41752],[7.68302,47.42516],[7.6847,47.42867],[7.68459,47.43048],[7.68659,47.43367],[7.68561,47.4364],[7.68298,47.43873],[7.68305,47.4397],[7.68368,47.44076],[7.68349,47.44225],[7.68501,47.44758],[7.68666,47.44975],[7.69073,47.45224],[7.69197,47.45399],[7.69265,47.45441],[7.69423,47.45481],[7.69569,47.45484],[7.69666,47.45531],[7.69825,47.45535],[7.6989,47.45592],[7.69923,47.45739],[7.69864,47.45943],[7.69935,47.46011],[7.69927,47.46061],[7.69999,47.4612],[7.70011,47.46208],[7.70244,47.46354],[7.70343,47.46454],[7.70614,47.46779],[7.70627,47.46827],[7.70789,47.46893],[7.70853,47.46951],[7.70988,47.46939],[7.70792,47.47261],[7.70511,47.47614],[7.70242,47.4779],[7.69977,47.48064],[7.69622,47.48179],[7.69103,47.48161],[7.68402,47.48291],[7.67699,47.48505],[7.67173,47.48453],[7.66833,47.48635],[7.66672,47.4886],[7.66543,47.49149],[7.66637,47.49478],[7.66613,47.49687],[7.66289,47.49608],[7.66165,47.49629],[7.66057,47.49612],[7.65943,47.49539],[7.65818,47.49531],[7.65337,47.49608],[7.65218,47.49582],[7.65069,47.49458],[7.64865,47.49183],[7.64989,47.49183],[7.65019,47.49102],[7.65168,47.49086],[7.65215,47.49055],[7.6536,47.49098],[7.6554,47.49021],[7.65304,47.48895],[7.65052,47.48827],[7.65323,47.48798],[7.65593,47.4874],[7.65367,47.48637],[7.65099,47.48572],[7.64969,47.48521],[7.64729,47.48481],[7.64443,47.48564],[7.64215,47.48328],[7.64097,47.48274],[7.63619,47.48403],[7.63261,47.48444],[7.62965,47.48432],[7.62721,47.4849],[7.62609,47.48544],[7.62415,47.48667],[7.62055,47.48746],[7.61673,47.48887],[7.61494,47.48925],[7.61401,47.48918],[7.61289,47.48862],[7.61227,47.48895],[7.61078,47.48885],[7.60973,47.48911],[7.60731,47.4894],[7.6074,47.48833],[7.60805,47.48553],[7.60883,47.48383],[7.60837,47.48219],[7.60786,47.48165],[7.60613,47.48071],[7.60576,47.48007],[7.60568,47.47898],[7.60639,47.47689],[7.6062,47.47556],[7.60816,47.47522],[7.6071,47.47348],[7.60453,47.47054],[7.60585,47.47012],[7.60848,47.46996],[7.61104,47.47002],[7.61241,47.46924],[7.61685,47.46758],[7.61888,47.46746],[7.62002,47.4669],[7.62083,47.46608],[7.62251,47.46522],[7.62483,47.4632],[7.62608,47.46292],[7.62424,47.46155],[7.62218,47.46196],[7.62206,47.45923],[7.62261,47.45715],[7.62203,47.45567],[7.62119,47.45433],[7.6199,47.45123],[7.61998,47.45064],[7.61887,47.44901],[7.61851,47.44766],[7.61728,47.4468],[7.61647,47.44524],[7.61648,47.44183],[7.61527,47.43958],[7.61614,47.43762],[7.61581,47.43275],[7.61403,47.43336],[7.6114,47.43279],[7.60743,47.43267],[7.60216,47.43125],[7.59858,47.43213],[7.594,47.43237],[7.59208,47.43272],[7.58491,47.42863],[7.58121,47.42878],[7.5793,47.43019],[7.58011,47.43205],[7.57766,47.43244],[7.57832,47.43379],[7.57843,47.43491],[7.57733,47.43541],[7.57562,47.43675],[7.57322,47.43641],[7.5716,47.43647],[7.56889,47.4369],[7.56854,47.43656],[7.56917,47.43518],[7.56921,47.43449],[7.5688,47.43317],[7.56875,47.43219],[7.56914,47.4315],[7.56894,47.42945],[7.56834,47.42821],[7.5682,47.427],[7.56747,47.42586],[7.56776,47.42482],[7.56851,47.42329],[7.5682,47.42279],[7.56893,47.42214],[7.56947,47.42075],[7.57034,47.42038],[7.57167,47.41933],[7.57284,47.4192],[7.57437,47.41948],[7.5758,47.41892],[7.57714,47.41802],[7.57842,47.41759],[7.57903,47.41711],[7.5795,47.41596],[7.58067,47.41469],[7.57681,47.41415],[7.56608,47.41341],[7.55926,47.41388],[7.55632,47.41426],[7.55115,47.41435],[7.54308,47.41404],[7.53475,47.41331],[7.52614,47.41186],[7.52524,47.41164],[7.52707,47.41002],[7.52742,47.40924],[7.52732,47.40851],[7.52875,47.4076],[7.53049,47.40584],[7.5312,47.40491],[7.53094,47.40348],[7.53044,47.4021],[7.52902,47.40114],[7.5263,47.3984],[7.52137,47.39121],[7.51862,47.38823],[7.51629,47.38866],[7.51351,47.38937],[7.51072,47.38956],[7.51001,47.389],[7.50306,47.38502],[7.50082,47.38459],[7.49827,47.3845],[7.49342,47.38518],[7.49233,47.38524],[7.48834,47.38624],[7.48491,47.38743],[7.48474,47.3889],[7.48345,47.3892],[7.48147,47.38888],[7.48037,47.38901],[7.48014,47.38961],[7.47911,47.38974],[7.47838,47.39053],[7.47814,47.39151],[7.47748,47.39234],[7.47772,47.39284],[7.47728,47.39392],[7.47746,47.39503],[7.47677,47.39613],[7.47717,47.39672],[7.47708,47.39796],[7.47747,47.39834],[7.47738,47.40121],[7.47643,47.40084],[7.47347,47.40033],[7.47134,47.40037],[7.47032,47.40059],[7.46465,47.40255],[7.46339,47.40197],[7.46269,47.40086],[7.46101,47.40085],[7.45712,47.40141],[7.45659,47.40219],[7.45636,47.4032],[7.4549,47.40415],[7.45302,47.40389],[7.45026,47.40381],[7.4496,47.40337],[7.44974,47.40253],[7.45069,47.40179],[7.45085,47.40109],[7.4505,47.40036],[7.44965,47.3998],[7.44848,47.39954],[7.44717,47.39965],[7.44505,47.40059],[7.44477,47.40136],[7.44399,47.4022],[7.44295,47.402],[7.44225,47.40098],[7.44132,47.40018],[7.442,47.39961],[7.44136,47.39789],[7.44202,47.39711],[7.44314,47.39637],[7.44241,47.39483],[7.44292,47.39331],[7.44322,47.39123],[7.44297,47.39023],[7.44362,47.38897],[7.44207,47.38846],[7.43904,47.38602],[7.43884,47.38464],[7.43785,47.38325],[7.43795,47.38176],[7.43733,47.38089],[7.43613,47.37811],[7.44018,47.38028],[7.44145,47.37981],[7.44361,47.37867],[7.44498,47.37832],[7.44679,47.37661],[7.44852,47.37586],[7.45284,47.37458],[7.45384,47.37315],[7.45483,47.37222],[7.45683,47.3715],[7.45972,47.371],[7.46165,47.37051],[7.46439,47.3703],[7.46626,47.37054],[7.46749,47.37012],[7.471,47.37026],[7.47244,47.37064],[7.47427,47.37063],[7.47705,47.37119],[7.47942,47.37141],[7.48149,47.37079],[7.48743,47.36969],[7.49438,47.37064],[7.49714,47.37129],[7.4983,47.37172],[7.49992,47.37198],[7.50208,47.37192],[7.506,47.37213],[7.50685,47.37203],[7.5104,47.37224],[7.51449,47.37218],[7.51724,47.3723],[7.5205,47.37196],[7.5212,47.37214],[7.52373,47.37207],[7.52435,47.37162],[7.52464,47.36981],[7.52172,47.36622],[7.52175,47.36515],[7.52449,47.36378],[7.52798,47.36282],[7.52993,47.363],[7.53172,47.36235],[7.53229,47.36262],[7.53324,47.36196],[7.53277,47.36133],[7.53383,47.35966],[7.53641,47.35997],[7.53965,47.36012],[7.54086,47.35663],[7.54145,47.35574],[7.54011,47.35426],[7.53944,47.3532],[7.53799,47.35217],[7.53687,47.35019],[7.53814,47.34928],[7.53907,47.34756],[7.54067,47.34738],[7.54186,47.34778],[7.54495,47.34744],[7.54721,47.34658],[7.54832,47.34644],[7.55139,47.34537],[7.55221,47.34531]]],[[[7.38115,47.43195],[7.38287,47.43106],[7.38302,47.42998],[7.3813,47.42822],[7.37974,47.42774],[7.37955,47.42665],[7.37948,47.424],[7.37902,47.42126],[7.37712,47.41805],[7.37603,47.4151],[7.37595,47.4141],[7.37843,47.41398],[7.38023,47.41371],[7.38153,47.41331],[7.38561,47.41362],[7.3876,47.41405],[7.3895,47.41365],[7.39158,47.41349],[7.39383,47.41304],[7.39419,47.41321],[7.39598,47.41286],[7.39695,47.41287],[7.40147,47.4119],[7.40459,47.41171],[7.4052,47.4115],[7.40766,47.41119],[7.41037,47.41135],[7.41371,47.41093],[7.41845,47.41114],[7.42075,47.4111],[7.42332,47.41307],[7.42528,47.41328],[7.4269,47.41389],[7.42749,47.41448],[7.4313,47.41414],[7.43258,47.41391],[7.43465,47.41323],[7.43669,47.41281],[7.43817,47.41274],[7.44177,47.41343],[7.44364,47.41343],[7.4475,47.41449],[7.44841,47.41507],[7.44894,47.41623],[7.45037,47.41779],[7.45034,47.41952],[7.4518,47.42276],[7.45466,47.42546],[7.45559,47.42792],[7.45499,47.4291],[7.45357,47.42993],[7.45239,47.43103],[7.45205,47.43249],[7.45116,47.43373],[7.45117,47.43463],[7.45063,47.43536],[7.44842,47.43773],[7.44573,47.43918],[7.44318,47.44116],[7.44217,47.44233],[7.43869,47.4442],[7.43937,47.44448],[7.43907,47.44514],[7.43785,47.44633],[7.43632,47.44577],[7.4293,47.44405],[7.42543,47.44329],[7.42345,47.44361],[7.42091,47.44595],[7.42056,47.44557],[7.41726,47.44412],[7.41502,47.44284],[7.41131,47.44175],[7.41032,47.44163],[7.40832,47.44076],[7.4067,47.4404],[7.40604,47.43985],[7.40321,47.43868],[7.40304,47.43716],[7.40335,47.43662],[7.40305,47.43549],[7.40043,47.4355],[7.39875,47.43514],[7.39643,47.43546],[7.39392,47.43517],[7.38845,47.43306],[7.3864,47.43244],[7.38559,47.43186],[7.38211,47.43305],[7.38115,47.43195]]],[[[7.44577,47.46198],[7.44611,47.45898],[7.44718,47.45696],[7.45348,47.45134],[7.45482,47.44923],[7.45652,47.44926],[7.46372,47.45189],[7.46655,47.45281],[7.46814,47.45391],[7.47091,47.45448],[7.47687,47.45543],[7.48051,47.45549],[7.48453,47.45722],[7.48674,47.4579],[7.49236,47.45898],[7.49822,47.45969],[7.50207,47.45927],[7.50524,47.45872],[7.50983,47.45867],[7.5111,47.45894],[7.51441,47.46034],[7.51746,47.46102],[7.52784,47.46103],[7.53068,47.46119],[7.52948,47.46538],[7.52792,47.4716],[7.52745,47.47391],[7.52912,47.47796],[7.53032,47.47833],[7.53313,47.47829],[7.53426,47.4807],[7.53627,47.48385],[7.5367,47.48506],[7.53598,47.48524],[7.53633,47.48865],[7.53624,47.49106],[7.53261,47.49097],[7.53269,47.49316],[7.53253,47.49544],[7.53179,47.4974],[7.52619,47.49713],[7.52364,47.49687],[7.51977,47.49681],[7.51476,47.49777],[7.5141,47.49901],[7.51223,47.49892],[7.51167,47.5027],[7.51045,47.50263],[7.50876,47.50235],[7.5093,47.50076],[7.51107,47.49703],[7.50841,47.49645],[7.50524,47.4954],[7.50421,47.49485],[7.50114,47.49352],[7.50245,47.49077],[7.50117,47.49055],[7.49995,47.49102],[7.49846,47.4898],[7.4981,47.48894],[7.49685,47.48899],[7.49505,47.48852],[7.4938,47.48842],[7.49347,47.48808],[7.49219,47.48547],[7.49162,47.48467],[7.48965,47.48322],[7.48763,47.48214],[7.48329,47.48138],[7.48095,47.4811],[7.47708,47.48008],[7.4758,47.48011],[7.47354,47.48064],[7.47201,47.48039],[7.47076,47.48074],[7.46996,47.48138],[7.46881,47.48298],[7.46696,47.48401],[7.46609,47.48476],[7.4642,47.4875],[7.46387,47.48738],[7.46239,47.48906],[7.46123,47.48877],[7.46068,47.48927],[7.45911,47.48875],[7.45641,47.48851],[7.45604,47.48913],[7.45509,47.48949],[7.45083,47.49032],[7.4488,47.49168],[7.44915,47.49185],[7.44709,47.49341],[7.4461,47.49386],[7.44455,47.49416],[7.4411,47.49511],[7.43967,47.49613],[7.43692,47.49708],[7.43499,47.49811],[7.43315,47.49717],[7.43148,47.49563],[7.42976,47.49358],[7.429,47.49108],[7.42698,47.48971],[7.42576,47.48846],[7.42449,47.48613],[7.42232,47.48392],[7.42207,47.48257],[7.42151,47.48122],[7.42206,47.48082],[7.42409,47.4812],[7.42576,47.48129],[7.4271,47.48172],[7.42813,47.48246],[7.4294,47.48295],[7.43213,47.48101],[7.4326,47.48138],[7.43442,47.48054],[7.43622,47.48066],[7.43888,47.47932],[7.44161,47.4781],[7.44254,47.47883],[7.44362,47.47852],[7.44444,47.47759],[7.44598,47.47684],[7.44635,47.47644],[7.44652,47.47529],[7.44841,47.47379],[7.45018,47.47533],[7.45141,47.47514],[7.45432,47.47378],[7.45574,47.47338],[7.45635,47.47275],[7.45583,47.47071],[7.45503,47.47065],[7.45389,47.47014],[7.45021,47.46752],[7.44901,47.46612],[7.4486,47.4651],[7.44798,47.46446],[7.4459,47.46316],[7.44522,47.46238],[7.44577,47.46198]]]]},"properties":{"area_code":"SO","area_name":"Solothurn","area_unit_id":"ch-canton-2026-swissboundaries3d:SO","boundary_set_id":"ch-canton-2026-swissboundaries3d","boundary_level":"canton","land_area_sq_km":790.4562}},
{"type":"Feature","geometry":{"type":"Polygon","coordinates":[[[8.93538,46.91985],[8.93605,46.92029],[8.93765,46.92034],[8.93791,46.92117],[8.93884,46.92118],[8.93903,46.92176],[8.94033,46.92238],[8.94189,46.92212],[8.94324,46.92214],[8.94433,46.92306],[8.94579,46.92367],[8.94764,46.92408],[8.9482,46.92538],[8.9505,46.92541],[8.95151,46.92501],[8.95321,46.92516],[8.95431,46.92594],[8.9558,46.92605],[8.95731,46.92554],[8.95787,46.92588],[8.96103,46.92649],[8.96184,46.9263],[8.96319,46.92672],[8.96413,46.92829],[8.964,46.92902],[8.96268,46.931],[8.96107,46.93166],[8.95993,46.93121],[8.95734,46.93368],[8.95678,46.93458],[8.95842,46.93452],[8.95773,46.93582],[8.95598,46.93682],[8.956,46.93757],[8.95533,46.93892],[8.95669,46.94027],[8.95656,46.94076],[8.95763,46.9426],[8.95738,46.94291],[8.95811,46.94414],[8.95949,46.94548],[8.95997,46.94632],[8.95986,46.94684],[8.96127,46.94726],[8.96194,46.95021],[8.96189,46.95197],[8.96237,46.95381],[8.96435,46.95513],[8.96486,46.95602],[8.96627,46.95641],[8.96734,46.95761],[8.9682,46.95731],[8.9691,46.95788],[8.97112,46.95848],[8.97164,46.95986],[8.97053,46.95956],[8.96951,46.95987],[8.96869,46.95968],[8.96633,46.96036],[8.96543,46.96095],[8.9632,46.96093],[8.96153,46.96152],[8.96066,46.96142],[8.95868,46.96214],[8.95706,46.96234],[8.95389,46.96412],[8.95373,46.96481],[8.95299,46.96582],[8.9518,46.96614],[8.95104,46.96685],[8.94998,46.96702],[8.94993,46.96767],[8.94908,46.96822],[8.94957,46.96856],[8.94875,46.96911],[8.94763,46.96817],[8.9457,46.96716],[8.93533,46.97903],[8.93225,46.9823],[8.93902,46.98397],[8.94092,46.98471],[8.94144,46.98556],[8.9415,46.98759],[8.93857,46.9874],[8.93785,46.98642],[8.93639,46.98796],[8.9361,46.98901],[8.93529,46.98868],[8.93388,46.98951],[8.93371,46.99037],[8.93225,46.99108],[8.93202,46.99221],[8.93136,46.99358],[8.93047,46.99464],[8.93025,46.99556],[8.92928,46.99678],[8.9276,46.99803],[8.92583,46.99878],[8.92369,47.00016],[8.92285,47.00092],[8.92149,47.00138],[8.92096,47.00003],[8.92024,47.00077],[8.91922,47.00129],[8.91706,47.00343],[8.91688,47.00436],[8.91707,47.00543],[8.91544,47.00752],[8.91267,47.00852],[8.91158,47.00983],[8.91069,47.01431],[8.91117,47.01499],[8.91113,47.0157],[8.91048,47.01704],[8.90942,47.01747],[8.90774,47.01785],[8.9054,47.01868],[8.90132,47.02052],[8.90001,47.02103],[8.89814,47.02062],[8.89727,47.02064],[8.89665,47.0211],[8.89495,47.0209],[8.8931,47.02307],[8.89299,47.02364],[8.89526,47.02397],[8.89537,47.02534],[8.89791,47.02588],[8.90074,47.02615],[8.90362,47.02726],[8.9031,47.0288],[8.9033,47.02936],[8.90231,47.03058],[8.90083,47.03202],[8.90123,47.03248],[8.90127,47.0334],[8.90081,47.03408],[8.90054,47.0353],[8.90089,47.03713],[8.90204,47.038],[8.904,47.0387],[8.90612,47.0384],[8.90772,47.03927],[8.9094,47.03969],[8.91205,47.0393],[8.91463,47.03992],[8.91535,47.03852],[8.91729,47.0383],[8.9181,47.03792],[8.92201,47.03829],[8.92348,47.03881],[8.92445,47.0397],[8.9265,47.04057],[8.92761,47.04088],[8.93055,47.04208],[8.93337,47.04255],[8.93472,47.0431],[8.93692,47.04366],[8.93841,47.04483],[8.9386,47.04567],[8.94092,47.04762],[8.94205,47.04774],[8.94424,47.0484],[8.94547,47.04912],[8.94719,47.04896],[8.94807,47.04936],[8.94846,47.0509],[8.94895,47.05191],[8.9488,47.05366],[8.94969,47.05501],[8.9496,47.05611],[8.94914,47.05652],[8.94963,47.05764],[8.95025,47.05804],[8.95098,47.06064],[8.95252,47.06141],[8.95253,47.06226],[8.95425,47.06505],[8.95618,47.06583],[8.95799,47.06764],[8.95875,47.06886],[8.95906,47.06988],[8.95996,47.07073],[8.96112,47.07063],[8.96177,47.07137],[8.96157,47.0725],[8.96197,47.07319],[8.9618,47.07442],[8.96211,47.07473],[8.96083,47.07625],[8.9622,47.07649],[8.9651,47.07818],[8.96527,47.0786],[8.96676,47.07981],[8.96629,47.08084],[8.96643,47.08141],[8.96804,47.0815],[8.96964,47.08261],[8.97333,47.08456],[8.97498,47.08511],[8.97599,47.08571],[8.9752,47.08633],[8.97414,47.08622],[8.97336,47.08684],[8.97137,47.08705],[8.9686,47.08713],[8.96709,47.08748],[8.96546,47.08812],[8.96453,47.08823],[8.96248,47.08904],[8.9608,47.08954],[8.95728,47.08984],[8.95657,47.09068],[8.95461,47.09063],[8.95388,47.09148],[8.95415,47.09426],[8.95514,47.09448],[8.95579,47.09529],[8.95678,47.09581],[8.95717,47.09665],[8.95723,47.09763],[8.95811,47.09789],[8.95891,47.09935],[8.9597,47.10021],[8.9603,47.10026],[8.96285,47.10106],[8.96337,47.10102],[8.96424,47.10199],[8.9674,47.10271],[8.96929,47.10349],[8.97064,47.10377],[8.97128,47.10464],[8.9703,47.10698],[8.96925,47.10868],[8.97026,47.1092],[8.97112,47.11004],[8.97098,47.11243],[8.97186,47.11279],[8.9731,47.11376],[8.97369,47.1151],[8.97295,47.11684],[8.9719,47.11811],[8.97008,47.11824],[8.96779,47.11913],[8.96714,47.11918],[8.9653,47.12148],[8.96518,47.12205],[8.9659,47.12337],[8.9658,47.12391],[8.96648,47.12521],[8.96766,47.12655],[8.96789,47.12825],[8.96841,47.12966],[8.9693,47.1305],[8.96859,47.13145],[8.96815,47.1335],[8.96938,47.1345],[8.96841,47.13577],[8.96739,47.13663],[8.97063,47.13824],[8.97178,47.13859],[8.97274,47.13963],[8.97379,47.14037],[8.97478,47.14223],[8.97443,47.14318],[8.9753,47.14391],[8.98921,47.15949],[8.99163,47.16216],[8.99318,47.16368],[9.00472,47.17326],[9.00257,47.17478],[9.00202,47.17427],[8.99635,47.17652],[8.9976,47.17785],[8.99401,47.17955],[8.99086,47.18078],[8.98791,47.18173],[8.98452,47.1826],[8.98026,47.18332],[8.97871,47.18261],[8.97736,47.18266],[8.97706,47.18182],[8.97397,47.18229],[8.97332,47.18029],[8.97105,47.18063],[8.97048,47.17887],[8.97011,47.17881],[8.96214,47.17938],[8.96199,47.17946],[8.96144,47.18254],[8.96186,47.18354],[8.96181,47.1844],[8.96093,47.18538],[8.96031,47.18876],[8.95749,47.19944],[8.95759,47.1995],[8.96534,47.19816],[8.96907,47.21095],[8.96987,47.21149],[8.9743,47.2128],[8.97291,47.21497],[8.97161,47.21626],[8.97074,47.21677],[8.96905,47.21735],[8.9668,47.21753],[8.95708,47.21635],[8.95477,47.21634],[8.94142,47.21814],[8.90827,47.21471],[8.84836,47.20848],[8.84549,47.20825],[8.84261,47.20816],[8.83972,47.20821],[8.83703,47.20838],[8.83351,47.20879],[8.82938,47.20956],[8.82736,47.21005],[8.82418,47.211],[8.82105,47.21216],[8.81865,47.21322],[8.81528,47.21502],[8.8122,47.21705],[8.80988,47.2189],[8.80861,47.22009],[8.79338,47.22256],[8.7772,47.21885],[8.74054,47.21158],[8.71702,47.20354],[8.71311,47.20304],[8.71142,47.20144],[8.7101,47.20042],[8.70826,47.20095],[8.70615,47.20229],[8.70512,47.2025],[8.70405,47.2023],[8.70291,47.20151],[8.70296,47.1994],[8.7034,47.19913],[8.70234,47.19796],[8.70059,47.1975],[8.69962,47.19702],[8.69788,47.19659],[8.69583,47.19671],[8.69419,47.19636],[8.68762,47.18852],[8.68557,47.18654],[8.68431,47.18621],[8.68255,47.18529],[8.68107,47.18407],[8.68134,47.1816],[8.68041,47.17989],[8.68044,47.17868],[8.68117,47.17793],[8.68208,47.17654],[8.68271,47.17512],[8.6824,47.17459],[8.68311,47.17349],[8.68588,47.17152],[8.68898,47.17037],[8.69021,47.16981],[8.69136,47.16902],[8.69123,47.16821],[8.69167,47.16682],[8.69206,47.16671],[8.692,47.16452],[8.69221,47.1634],[8.69274,47.16348],[8.69519,47.16316],[8.69583,47.16294],[8.6971,47.15915],[8.69813,47.15881],[8.6981,47.15677],[8.6987,47.15626],[8.69921,47.15501],[8.69857,47.15373],[8.69895,47.15248],[8.70087,47.1514],[8.70052,47.15095],[8.69907,47.15051],[8.69876,47.14965],[8.69747,47.15033],[8.69587,47.15007],[8.69526,47.14949],[8.69317,47.14878],[8.69229,47.14796],[8.69083,47.14788],[8.69018,47.14713],[8.68865,47.14618],[8.68791,47.14506],[8.68684,47.14408],[8.68557,47.14221],[8.68478,47.14193],[8.68421,47.14006],[8.68459,47.13876],[8.68506,47.13838],[8.68527,47.13748],[8.68761,47.13693],[8.68637,47.13584],[8.68723,47.13528],[8.6854,47.13432],[8.6844,47.13301],[8.68536,47.13134],[8.68466,47.1309],[8.68407,47.1296],[8.68329,47.12895],[8.68237,47.12753],[8.68223,47.12575],[8.68179,47.12502],[8.67991,47.12471],[8.67945,47.12422],[8.67828,47.12452],[8.67731,47.12382],[8.67692,47.12293],[8.67746,47.12227],[8.67597,47.12208],[8.67409,47.12069],[8.67359,47.1209],[8.67197,47.11977],[8.67192,47.11903],[8.67072,47.11905],[8.67189,47.11693],[8.67178,47.11608],[8.67119,47.11576],[8.66707,47.11567],[8.66536,47.11498],[8.66275,47.11519],[8.66087,47.11503],[8.65981,47.11468],[8.66016,47.11319],[8.66065,47.11235],[8.65978,47.11092],[8.65811,47.11019],[8.65568,47.10853],[8.65378,47.10786],[8.64549,47.09963],[8.64492,47.09586],[8.64219,47.09496],[8.64135,47.09439],[8.64066,47.09454],[8.63725,47.09333],[8.63465,47.09334],[8.63202,47.09362],[8.63026,47.09355],[8.62998,47.0938],[8.62595,47.09387],[8.623,47.09471],[8.61179,47.09497],[8.60871,47.09445],[8.60746,47.092],[8.59995,47.09054],[8.5982,47.09058],[8.59616,47.09147],[8.59324,47.09034],[8.59241,47.08959],[8.59093,47.08888],[8.59011,47.0864],[8.58734,47.08568],[8.58517,47.08547],[8.58353,47.08465],[8.5811,47.084],[8.57865,47.08409],[8.5776,47.08448],[8.57428,47.08225],[8.5735,47.08203],[8.57165,47.08196],[8.5703,47.08172],[8.56955,47.08121],[8.56862,47.08108],[8.56567,47.08103],[8.56302,47.0819],[8.56251,47.0829],[8.56315,47.0839],[8.56347,47.08507],[8.56483,47.08674],[8.56389,47.08857],[8.5636,47.09195],[8.56247,47.09375],[8.56154,47.09366],[8.55837,47.09396],[8.55601,47.09343],[8.55267,47.09403],[8.54993,47.0937],[8.54716,47.09371],[8.54591,47.09441],[8.54421,47.09446],[8.53988,47.092],[8.53635,47.0918],[8.53562,47.0921],[8.53092,47.09147],[8.52571,47.09165],[8.5244,47.09043],[8.52324,47.09052],[8.5218,47.08997],[8.49305,47.10018],[8.47627,47.10614],[8.47601,47.1071],[8.47539,47.10799],[8.47527,47.11015],[8.47535,47.11137],[8.47341,47.11227],[8.4712,47.11169],[8.4706,47.11278],[8.46635,47.11138],[8.46485,47.11101],[8.46145,47.11139],[8.46122,47.11218],[8.45985,47.11193],[8.45924,47.11308],[8.45727,47.11242],[8.4569,47.11288],[8.45308,47.11397],[8.45001,47.11442],[8.44931,47.11337],[8.44862,47.11137],[8.44738,47.11107],[8.44492,47.11146],[8.44192,47.11142],[8.44094,47.1106],[8.43793,47.10955],[8.43715,47.10893],[8.43677,47.10761],[8.43774,47.10671],[8.43737,47.10626],[8.43617,47.10651],[8.4341,47.10586],[8.43151,47.10578],[8.43114,47.10543],[8.429,47.10512],[8.42838,47.10473],[8.42635,47.10443],[8.42424,47.10382],[8.4226,47.10299],[8.42127,47.10197],[8.42058,47.10179],[8.41869,47.10039],[8.41735,47.0991],[8.41644,47.09792],[8.41525,47.09704],[8.41469,47.0963],[8.41362,47.09554],[8.41216,47.09481],[8.41002,47.0935],[8.4094,47.09271],[8.40924,47.09186],[8.41015,47.09078],[8.40914,47.08891],[8.40969,47.08852],[8.41005,47.08656],[8.41069,47.08594],[8.40988,47.08503],[8.40928,47.08483],[8.40933,47.08352],[8.40885,47.08281],[8.40907,47.08237],[8.4071,47.08072],[8.40709,47.07955],[8.40544,47.07855],[8.39963,47.07529],[8.39823,47.07529],[8.39728,47.0746],[8.39574,47.07389],[8.39483,47.07271],[8.39276,47.07228],[8.39113,47.07158],[8.38892,47.07038],[8.38875,47.06974],[8.38958,47.06774],[8.39009,47.06338],[8.39076,47.06234],[8.39053,47.06133],[8.39225,47.06081],[8.39816,47.05997],[8.39924,47.05945],[8.43024,47.06542],[8.43195,47.06547],[8.43365,47.0648],[8.43408,47.06392],[8.43528,47.064],[8.43639,47.06345],[8.43768,47.06379],[8.43938,47.06374],[8.44139,47.06309],[8.44599,47.06035],[8.44448,47.05925],[8.44592,47.05826],[8.44984,47.05686],[8.45356,47.05521],[8.46487,47.04842],[8.46749,47.04817],[8.46835,47.04822],[8.46993,47.04748],[8.47886,47.04005],[8.4816,47.03869],[8.48292,47.03842],[8.48378,47.03797],[8.48631,47.03509],[8.48823,47.03448],[8.48974,47.03344],[8.49045,47.03184],[8.49173,47.03121],[8.49443,47.02913],[8.49702,47.02864],[8.49742,47.02772],[8.49871,47.02706],[8.50061,47.02469],[8.50125,47.02432],[8.50308,47.02411],[8.50503,47.02445],[8.5081,47.02413],[8.51018,47.02355],[8.5135,47.02169],[8.51397,47.02005],[8.51406,47.01753],[8.51346,47.01613],[8.51341,47.01217],[8.51232,47.00995],[8.51131,47.00903],[8.51052,47.00677],[8.51091,47.00611],[8.50932,47.00543],[8.50905,47.00449],[8.50808,47.00444],[8.50514,47.00381],[8.50351,47.00315],[8.50077,47.00091],[8.49929,47.00089],[8.49488,47.00053],[8.49236,46.99928],[8.49073,46.9992],[8.48312,46.99675],[8.48139,46.99675],[8.47896,46.99622],[8.47544,46.99593],[8.4736,46.99555],[8.46817,46.99652],[8.46524,46.98427],[8.49663,46.97643],[8.51937,46.97981],[8.5427,46.97959],[8.57105,46.99016],[8.58242,46.99341],[8.59715,46.99021],[8.60315,46.98684],[8.60414,46.98233],[8.60119,46.97523],[8.60351,46.96855],[8.6044,46.95196],[8.62078,46.9525],[8.6224,46.95273],[8.62371,46.95251],[8.62725,46.95085],[8.6277,46.95027],[8.62918,46.95019],[8.63339,46.9497],[8.63479,46.94988],[8.63581,46.94961],[8.63638,46.94984],[8.63803,46.94948],[8.64079,46.94962],[8.64161,46.94914],[8.64294,46.94929],[8.64411,46.94902],[8.64571,46.94896],[8.64832,46.94797],[8.65012,46.94773],[8.6506,46.94746],[8.65283,46.94707],[8.65513,46.94647],[8.65593,46.94644],[8.65692,46.94586],[8.65884,46.94642],[8.66199,46.94571],[8.66467,46.94548],[8.66691,46.94475],[8.668,46.94464],[8.66942,46.94408],[8.67075,46.94411],[8.6721,46.94442],[8.67363,46.94501],[8.67534,46.94492],[8.67707,46.94566],[8.67933,46.94599],[8.67986,46.94583],[8.68117,46.94613],[8.68431,46.94545],[8.68811,46.94642],[8.69006,46.94703],[8.69296,46.94698],[8.69334,46.94581],[8.69409,46.94442],[8.69478,46.9437],[8.69641,46.94304],[8.69691,46.94219],[8.69658,46.9403],[8.69739,46.93965],[8.69769,46.93865],[8.69981,46.9348],[8.69988,46.93339],[8.70032,46.93265],[8.69654,46.9288],[8.69772,46.92701],[8.6977,46.92623],[8.69831,46.92553],[8.69865,46.92413],[8.69924,46.92384],[8.69957,46.92298],[8.70086,46.92258],[8.70215,46.92187],[8.70369,46.9213],[8.70482,46.92013],[8.70591,46.91958],[8.70775,46.91716],[8.70882,46.91714],[8.7107,46.91767],[8.71088,46.91798],[8.71265,46.91862],[8.71462,46.91844],[8.7155,46.91809],[8.71633,46.91857],[8.71768,46.91849],[8.71786,46.91924],[8.71943,46.91961],[8.72057,46.92045],[8.72051,46.92184],[8.72185,46.92212],[8.72257,46.92259],[8.72261,46.92313],[8.72404,46.92397],[8.72458,46.92522],[8.72542,46.92527],[8.72543,46.92595],[8.72641,46.92577],[8.72807,46.92648],[8.72866,46.92693],[8.72897,46.92791],[8.72947,46.92821],[8.73084,46.92815],[8.73259,46.92975],[8.73375,46.93023],[8.73582,46.93025],[8.73712,46.93217],[8.73783,46.93248],[8.73939,46.93177],[8.74069,46.93259],[8.74212,46.93204],[8.74363,46.93236],[8.74476,46.93298],[8.7451,46.93349],[8.74515,46.93521],[8.74913,46.93367],[8.75118,46.93444],[8.7563,46.93658],[8.75683,46.93622],[8.75805,46.93696],[8.75858,46.93673],[8.75946,46.9372],[8.76136,46.9377],[8.76226,46.93838],[8.76521,46.93873],[8.76619,46.93941],[8.76661,46.94012],[8.76888,46.94037],[8.77093,46.9415],[8.77448,46.93968],[8.7743,46.93826],[8.77785,46.93313],[8.77927,46.93252],[8.78105,46.93242],[8.78203,46.93194],[8.78339,46.93168],[8.78504,46.93113],[8.78634,46.93095],[8.78775,46.93035],[8.79197,46.93078],[8.7918,46.93171],[8.79439,46.93311],[8.79623,46.9347],[8.79602,46.93546],[8.79797,46.93673],[8.80073,46.93751],[8.80326,46.93834],[8.80419,46.93832],[8.80566,46.93887],[8.80876,46.94027],[8.8107,46.94145],[8.81419,46.93863],[8.82008,46.93738],[8.82113,46.93624],[8.82407,46.93587],[8.82677,46.93571],[8.82733,46.9341],[8.82718,46.93365],[8.82871,46.93283],[8.82985,46.93161],[8.83008,46.93046],[8.82963,46.928],[8.82875,46.9265],[8.82844,46.92503],[8.82978,46.92406],[8.82884,46.92286],[8.8275,46.92241],[8.82779,46.91934],[8.8287,46.91793],[8.83014,46.91673],[8.83345,46.91145],[8.83525,46.90974],[8.83612,46.90768],[8.83961,46.90834],[8.84256,46.90942],[8.8442,46.91134],[8.84508,46.91152],[8.84616,46.91211],[8.84713,46.91317],[8.84881,46.91277],[8.8488,46.91216],[8.84942,46.91114],[8.84928,46.9103],[8.84939,46.90866],[8.84888,46.90768],[8.84881,46.90651],[8.84824,46.90523],[8.84826,46.90399],[8.84859,46.90354],[8.84823,46.90239],[8.84903,46.9009],[8.84921,46.90011],[8.84896,46.89899],[8.84849,46.89538],[8.84778,46.89296],[8.84784,46.89099],[8.84961,46.88822],[8.85318,46.8854],[8.85477,46.88575],[8.8545,46.8871],[8.85596,46.88854],[8.85859,46.88921],[8.86044,46.8905],[8.86123,46.89178],[8.86103,46.89306],[8.86212,46.89378],[8.86128,46.89451],[8.86367,46.89503],[8.86664,46.89494],[8.86853,46.89421],[8.87111,46.89403],[8.87139,46.8945],[8.87443,46.89497],[8.88103,46.89789],[8.88252,46.89909],[8.8835,46.90079],[8.88698,46.90235],[8.88858,46.90262],[8.88943,46.90253],[8.89098,46.90311],[8.89331,46.90277],[8.89518,46.90292],[8.89602,46.90452],[8.89726,46.90431],[8.89843,46.90453],[8.89922,46.90578],[8.89879,46.90634],[8.90297,46.90823],[8.90533,46.90845],[8.90746,46.90748],[8.90741,46.90886],[8.90886,46.90895],[8.90964,46.9087],[8.91035,46.90961],[8.91123,46.91015],[8.91132,46.91073],[8.91232,46.91112],[8.91338,46.91119],[8.91408,46.91157],[8.91496,46.91108],[8.9169,46.91207],[8.91721,46.91279],[8.91951,46.91406],[8.92076,46.91394],[8.922,46.91526],[8.92284,46.91569],[8.92411,46.91551],[8.92557,46.91597],[8.9265,46.91604],[8.92885,46.91727],[8.92975,46.91728],[8.93018,46.91785],[8.93195,46.91829],[8.93246,46.91885],[8.93348,46.91933],[8.93466,46.91929],[8.93538,46.91985]]]},"properties":{"area_code":"SZ","area_name":"Schwyz","area_unit_id":"ch-canton-2026-swissboundaries3d:SZ","boundary_set_id":"ch-canton-2026-swissboundaries3d","boundary_level":"canton","land_area_sq_km":907.8823}},
{"type":"Feature","geometry":{"type":"MultiPolygon","coordinates":[[[[9.45084,47.49197],[9.45368,47.49165],[9.45287,47.49099],[9.45303,47.49001],[9.45918,47.48936],[9.46264,47.48825],[9.46303,47.48906],[9.46573,47.48801],[9.46451,47.48704],[9.46418,47.48525],[9.46378,47.48498],[9.46438,47.48414],[9.46734,47.48559],[9.47627,47.48934],[9.47843,47.49032],[9.48355,47.49377],[9.47197,47.50173],[9.45756,47.50725],[9.44848,47.50073],[9.44936,47.49962],[9.44809,47.49802],[9.45037,47.49699],[9.44817,47.49361],[9.44979,47.49325],[9.44943,47.4922],[9.45084,47.49197]]],[[[9.50695,47.54974],[9.4956,47.55146],[9.41862,47.60403],[9.39471,47.62033],[9.27679,47.6531],[9.25656,47.65871],[9.23351,47.65671],[9.21483,47.6551],[9.20304,47.65533],[9.1871,47.65745],[9.17788,47.65484],[9.17591,47.65401],[9.17549,47.65577],[9.17338,47.65538],[9.172,47.65543],[9.17063,47.65482],[9.16974,47.65602],[9.16498,47.65925],[9.16001,47.66284],[9.16005,47.66348],[9.15943,47.66427],[9.15784,47.66576],[9.15078,47.66764],[9.14878,47.66758],[9.14605,47.6665],[9.14367,47.66524],[9.141,47.66433],[9.13889,47.66422],[9.13205,47.66615],[9.12943,47.66646],[9.12634,47.6672],[9.12385,47.66746],[9.12085,47.66793],[9.11879,47.66845],[9.11683,47.66912],[9.1136,47.67067],[9.10886,47.6738],[9.1059,47.6754],[9.10219,47.67703],[9.09767,47.67856],[9.09458,47.67935],[9.09269,47.67968],[9.09038,47.67991],[9.08725,47.67987],[9.0857,47.67969],[9.08207,47.67904],[9.08004,47.67879],[9.07607,47.6786],[9.07272,47.67936],[9.07073,47.67967],[9.06253,47.68062],[9.05478,47.68168],[9.04709,47.68291],[9.04097,47.68401],[9.0349,47.68522],[9.02996,47.68628],[9.02824,47.68658],[9.0256,47.68683],[9.02205,47.68679],[9.01814,47.68624],[9.01606,47.68571],[9.01409,47.68503],[9.01188,47.68402],[9.00706,47.68148],[9.00494,47.68046],[9.00218,47.67929],[8.99932,47.67826],[8.99007,47.67528],[8.98862,47.67494],[8.984,47.67439],[8.9811,47.6738],[8.97969,47.67333],[8.97811,47.6724],[8.97749,47.67183],[8.9758,47.66967],[8.97413,47.66877],[8.97056,47.66811],[8.96852,47.6675],[8.96089,47.66406],[8.95548,47.66292],[8.9539,47.66224],[8.95109,47.66072],[8.94966,47.66023],[8.94722,47.65985],[8.94563,47.65932],[8.94466,47.65876],[8.94275,47.65696],[8.94107,47.65616],[8.93711,47.6557],[8.92952,47.65551],[8.92635,47.65513],[8.92485,47.65464],[8.92228,47.65343],[8.9207,47.65302],[8.91773,47.65268],[8.91356,47.65163],[8.91116,47.65115],[8.90691,47.65056],[8.90525,47.65003],[8.90265,47.64875],[8.90115,47.64842],[8.89822,47.64816],[8.89493,47.64815],[8.89367,47.64838],[8.89143,47.64928],[8.88999,47.65006],[8.88624,47.6527],[8.88479,47.65349],[8.88245,47.65431],[8.87976,47.65494],[8.87831,47.65505],[8.8754,47.65495],[8.87245,47.65394],[8.86706,47.65597],[8.86533,47.6561],[8.86065,47.65395],[8.85984,47.65286],[8.85973,47.65218],[8.85795,47.65008],[8.85169,47.65119],[8.8501,47.65191],[8.84938,47.65101],[8.84628,47.65226],[8.84564,47.65306],[8.84772,47.65389],[8.84682,47.65462],[8.84754,47.65537],[8.84868,47.65494],[8.8496,47.65589],[8.85368,47.65948],[8.85457,47.66067],[8.85283,47.66148],[8.85016,47.6621],[8.84801,47.66303],[8.8425,47.66412],[8.84117,47.66466],[8.8399,47.66645],[8.83944,47.66875],[8.8381,47.67049],[8.83575,47.67203],[8.83344,47.67304],[8.8309,47.67434],[8.82852,47.67487],[8.82611,47.67508],[8.82192,47.67656],[8.81733,47.67773],[8.81448,47.67783],[8.80986,47.67691],[8.80798,47.677],[8.80504,47.67824],[8.80358,47.67836],[8.80143,47.67775],[8.79852,47.67605],[8.79606,47.67534],[8.79395,47.67496],[8.7913,47.67498],[8.78809,47.67561],[8.78302,47.67737],[8.77847,47.67935],[8.77548,47.68041],[8.7726,47.68182],[8.77134,47.68281],[8.77011,47.68418],[8.76759,47.68569],[8.76492,47.68686],[8.76013,47.68862],[8.75738,47.68949],[8.75226,47.69059],[8.74983,47.69086],[8.74523,47.69094],[8.74333,47.69105],[8.74,47.69159],[8.73692,47.69241],[8.73477,47.69279],[8.73223,47.6929],[8.72802,47.69276],[8.72534,47.69263],[8.72208,47.69209],[8.71961,47.69138],[8.71787,47.69069],[8.71544,47.68977],[8.70887,47.68946],[8.70738,47.68961],[8.70464,47.69041],[8.70226,47.6918],[8.70061,47.69259],[8.69911,47.69311],[8.69634,47.69382],[8.69206,47.69519],[8.69063,47.69541],[8.68903,47.69513],[8.68773,47.69426],[8.68593,47.6922],[8.68511,47.69153],[8.68113,47.68937],[8.67861,47.68758],[8.6775,47.6871],[8.67503,47.6864],[8.67229,47.68531],[8.67108,47.68496],[8.66943,47.68485],[8.6694,47.68293],[8.66971,47.68161],[8.6694,47.68033],[8.66799,47.67714],[8.66925,47.67479],[8.67094,47.67413],[8.6737,47.67284],[8.67575,47.67233],[8.677,47.67149],[8.67712,47.66979],[8.67762,47.6684],[8.67876,47.66854],[8.67907,47.66674],[8.67871,47.66582],[8.67747,47.66584],[8.67742,47.66424],[8.6777,47.66258],[8.67962,47.66078],[8.67927,47.65965],[8.68046,47.65814],[8.68218,47.65744],[8.68314,47.65567],[8.68462,47.65515],[8.68462,47.6534],[8.68671,47.65356],[8.68822,47.65125],[8.68802,47.65003],[8.69037,47.64943],[8.69316,47.64802],[8.69613,47.64798],[8.69837,47.64771],[8.69867,47.64701],[8.70036,47.64703],[8.70103,47.6458],[8.70273,47.64511],[8.70368,47.64408],[8.70816,47.64232],[8.70886,47.64192],[8.71108,47.64361],[8.71419,47.64438],[8.71475,47.64309],[8.71629,47.64317],[8.71723,47.64181],[8.7197,47.6411],[8.72032,47.6419],[8.722,47.64176],[8.72351,47.64185],[8.72466,47.64306],[8.72633,47.64286],[8.72964,47.64282],[8.73065,47.64225],[8.73493,47.64117],[8.7357,47.64211],[8.73631,47.64232],[8.73809,47.64186],[8.74297,47.64241],[8.74334,47.64138],[8.74337,47.63977],[8.74534,47.63944],[8.74721,47.63864],[8.74819,47.64079],[8.74968,47.64145],[8.75206,47.64124],[8.75213,47.64239],[8.75519,47.64202],[8.75566,47.64308],[8.75785,47.64317],[8.75894,47.64414],[8.75985,47.64554],[8.76255,47.64631],[8.76471,47.64852],[8.766,47.64885],[8.76862,47.65017],[8.77091,47.64984],[8.77275,47.64991],[8.77456,47.64876],[8.77619,47.64884],[8.77704,47.6494],[8.77757,47.65034],[8.77854,47.65102],[8.78106,47.65172],[8.78247,47.6525],[8.78542,47.65507],[8.78602,47.6552],[8.78587,47.65769],[8.78656,47.6581],[8.78673,47.65928],[8.78659,47.66074],[8.78778,47.66312],[8.78854,47.66536],[8.79122,47.66483],[8.79299,47.66467],[8.79673,47.66496],[8.79968,47.66492],[8.80185,47.66525],[8.80315,47.66527],[8.80526,47.66472],[8.80525,47.6642],[8.80418,47.66389],[8.80404,47.6624],[8.80342,47.66064],[8.80494,47.6604],[8.80499,47.65856],[8.8043,47.65494],[8.80521,47.65472],[8.80487,47.65223],[8.80773,47.65178],[8.80994,47.65163],[8.8114,47.65113],[8.8147,47.64967],[8.8155,47.6498],[8.81581,47.64909],[8.81704,47.64954],[8.81838,47.64903],[8.82095,47.64893],[8.8226,47.64849],[8.82515,47.64726],[8.82619,47.64695],[8.82633,47.6461],[8.82585,47.6444],[8.82696,47.64338],[8.82685,47.64243],[8.82775,47.64099],[8.8274,47.63906],[8.82671,47.63788],[8.82538,47.63731],[8.82468,47.63532],[8.82376,47.63442],[8.82469,47.63389],[8.82378,47.63321],[8.82296,47.63311],[8.8214,47.63152],[8.82092,47.63158],[8.8202,47.63053],[8.82079,47.63044],[8.82024,47.6293],[8.81785,47.62973],[8.8176,47.62825],[8.81582,47.62871],[8.81544,47.62782],[8.81453,47.62793],[8.81407,47.62719],[8.81312,47.62737],[8.81296,47.6256],[8.81353,47.62561],[8.81332,47.62412],[8.81231,47.6244],[8.81171,47.62265],[8.81296,47.62205],[8.81309,47.62159],[8.81432,47.62166],[8.8143,47.62108],[8.81286,47.62063],[8.81298,47.61954],[8.81214,47.61946],[8.81156,47.61897],[8.81286,47.6182],[8.81219,47.61762],[8.81341,47.61714],[8.81317,47.61653],[8.81134,47.61638],[8.81046,47.61514],[8.80869,47.61511],[8.80837,47.61404],[8.80675,47.6142],[8.80505,47.61373],[8.80411,47.61171],[8.80414,47.60944],[8.80332,47.60849],[8.80396,47.60802],[8.80304,47.60681],[8.80301,47.60459],[8.80216,47.60383],[8.80169,47.60296],[8.80258,47.60174],[8.80269,47.60111],[8.80063,47.60155],[8.79889,47.60222],[8.79654,47.60259],[8.79369,47.6025],[8.79283,47.60274],[8.78879,47.60344],[8.78814,47.60415],[8.78829,47.60544],[8.7887,47.60682],[8.79028,47.60843],[8.78981,47.60941],[8.78862,47.60929],[8.78676,47.60954],[8.78424,47.61077],[8.78119,47.61201],[8.77958,47.61231],[8.77945,47.6127],[8.77753,47.61266],[8.77663,47.61328],[8.77519,47.6136],[8.77531,47.61427],[8.77454,47.61486],[8.77249,47.61502],[8.77243,47.61443],[8.76957,47.6151],[8.7667,47.61655],[8.76403,47.61737],[8.76219,47.61809],[8.75943,47.61819],[8.75837,47.61838],[8.75633,47.61662],[8.75523,47.61703],[8.75507,47.61773],[8.7538,47.61851],[8.75087,47.61973],[8.74987,47.62056],[8.74952,47.62149],[8.74813,47.62304],[8.74643,47.62191],[8.74591,47.62116],[8.74594,47.6198],[8.74647,47.61799],[8.7462,47.61701],[8.74565,47.6166],[8.74582,47.61295],[8.74309,47.61298],[8.74266,47.61186],[8.74186,47.61213],[8.74135,47.6117],[8.74011,47.6118],[8.73967,47.60851],[8.73941,47.60804],[8.74198,47.60734],[8.74226,47.60649],[8.74188,47.60557],[8.74211,47.60462],[8.74339,47.6034],[8.74374,47.60258],[8.74488,47.60219],[8.74661,47.60091],[8.74631,47.60035],[8.74879,47.60004],[8.74804,47.59962],[8.74798,47.59859],[8.74737,47.59767],[8.7458,47.59668],[8.74568,47.59632],[8.74728,47.5957],[8.7473,47.59512],[8.74823,47.59231],[8.75637,47.59289],[8.76196,47.59286],[8.76528,47.59256],[8.76756,47.59212],[8.80605,47.58315],[8.80555,47.58214],[8.80251,47.58286],[8.80215,47.58264],[8.80114,47.58051],[8.80621,47.5795],[8.80527,47.57727],[8.80563,47.57711],[8.8048,47.575],[8.8081,47.57433],[8.80742,47.57157],[8.81377,47.57019],[8.8166,47.57017],[8.8173,47.57193],[8.81967,47.57138],[8.82045,47.5724],[8.82202,47.57161],[8.8225,47.57306],[8.82382,47.57248],[8.83003,47.5711],[8.83061,47.57274],[8.83134,47.57336],[8.83882,47.57119],[8.83781,47.56859],[8.83926,47.56846],[8.83926,47.56541],[8.84174,47.56591],[8.84217,47.56639],[8.84489,47.5661],[8.8443,47.56325],[8.85091,47.56365],[8.85112,47.56087],[8.84764,47.56065],[8.84603,47.56076],[8.84274,47.5603],[8.84164,47.56002],[8.84061,47.55937],[8.84073,47.55845],[8.8402,47.55788],[8.83802,47.55726],[8.83156,47.55782],[8.82946,47.5576],[8.82969,47.5563],[8.82799,47.55595],[8.82955,47.55353],[8.83073,47.55209],[8.8298,47.55171],[8.83075,47.55053],[8.83103,47.54984],[8.83188,47.54951],[8.83274,47.54876],[8.83207,47.54809],[8.83224,47.54738],[8.83325,47.54663],[8.83273,47.54603],[8.83405,47.54503],[8.83366,47.54445],[8.83445,47.54291],[8.83624,47.54287],[8.83715,47.54126],[8.83856,47.54019],[8.83816,47.53938],[8.83995,47.53933],[8.83999,47.53843],[8.83935,47.53722],[8.84071,47.53738],[8.84117,47.53687],[8.84061,47.53586],[8.84119,47.53517],[8.84117,47.5337],[8.84093,47.53264],[8.84495,47.53167],[8.84743,47.53126],[8.8508,47.53109],[8.85525,47.53133],[8.85578,47.53041],[8.85753,47.53071],[8.85799,47.53035],[8.86105,47.53036],[8.86539,47.5305],[8.86923,47.53035],[8.87173,47.52993],[8.87422,47.52936],[8.88041,47.52703],[8.88007,47.52762],[8.88131,47.52845],[8.88345,47.52939],[8.88556,47.52818],[8.88636,47.52793],[8.8876,47.52839],[8.88802,47.52746],[8.8899,47.52679],[8.89048,47.52698],[8.89205,47.52679],[8.89676,47.52561],[8.89777,47.52401],[8.89832,47.52402],[8.89724,47.52146],[8.89655,47.52033],[8.89531,47.51925],[8.89711,47.51768],[8.89662,47.51731],[8.89694,47.51605],[8.89664,47.51558],[8.89638,47.51313],[8.89701,47.51174],[8.89762,47.51124],[8.89732,47.51072],[8.89736,47.50811],[8.89697,47.50773],[8.89689,47.50678],[8.89625,47.50568],[8.89708,47.50495],[8.89647,47.50415],[8.89525,47.50361],[8.89502,47.5027],[8.8936,47.50065],[8.89268,47.50057],[8.89259,47.49752],[8.89337,47.49741],[8.89355,47.49426],[8.89282,47.48841],[8.89482,47.48859],[8.89679,47.4879],[8.89703,47.48685],[8.89761,47.48596],[8.8977,47.48511],[8.89684,47.48459],[8.89339,47.48387],[8.89038,47.48297],[8.88864,47.48231],[8.88812,47.48249],[8.8853,47.48171],[8.88557,47.48069],[8.88449,47.47896],[8.88491,47.47727],[8.88467,47.4768],[8.88182,47.47493],[8.88195,47.47443],[8.88455,47.47373],[8.88453,47.47226],[8.88332,47.47115],[8.88401,47.47076],[8.88359,47.47014],[8.88432,47.46971],[8.88638,47.46969],[8.89061,47.46926],[8.89084,47.46778],[8.89177,47.46598],[8.89364,47.46523],[8.89355,47.46494],[8.89186,47.46456],[8.89198,47.46421],[8.89405,47.46359],[8.89435,47.463],[8.89562,47.46274],[8.89634,47.46071],[8.89553,47.46001],[8.89578,47.45937],[8.89824,47.45828],[8.89791,47.4579],[8.89926,47.45591],[8.90035,47.4546],[8.90355,47.45345],[8.90518,47.45213],[8.90569,47.45126],[8.90692,47.45083],[8.90747,47.4497],[8.90899,47.44773],[8.90749,47.44732],[8.90609,47.44672],[8.90559,47.44678],[8.90441,47.44523],[8.90266,47.44424],[8.90292,47.44376],[8.90557,47.44156],[8.9056,47.44084],[8.90704,47.43956],[8.90683,47.43879],[8.91097,47.43665],[8.9123,47.43646],[8.91441,47.43675],[8.91623,47.43643],[8.9174,47.43656],[8.91882,47.43626],[8.91998,47.4354],[8.92165,47.43488],[8.92431,47.43507],[8.92527,47.43479],[8.92699,47.43541],[8.92908,47.43544],[8.93093,47.4353],[8.93273,47.43554],[8.93219,47.43469],[8.9331,47.43423],[8.93176,47.43331],[8.9311,47.4321],[8.93004,47.43159],[8.92918,47.43208],[8.92854,47.43151],[8.92689,47.4314],[8.92541,47.43166],[8.92465,47.43222],[8.9221,47.43299],[8.91978,47.43301],[8.91808,47.4324],[8.91701,47.43317],[8.91488,47.43235],[8.91362,47.43153],[8.91262,47.43277],[8.91228,47.43375],[8.91107,47.43376],[8.90978,47.43301],[8.90917,47.43223],[8.90775,47.43133],[8.90768,47.43029],[8.90872,47.42953],[8.91233,47.42856],[8.91462,47.42773],[8.91474,47.42701],[8.91364,47.42665],[8.91174,47.42524],[8.9118,47.42408],[8.91116,47.42357],[8.9117,47.42204],[8.91247,47.42117],[8.91309,47.41937],[8.91383,47.41866],[8.91384,47.41808],[8.91292,47.4171],[8.91236,47.41556],[8.91284,47.41479],[8.9129,47.41372],[8.91263,47.41275],[8.9108,47.4119],[8.90962,47.41043],[8.90948,47.40912],[8.90735,47.40741],[8.90656,47.40698],[8.90583,47.40602],[8.90456,47.40482],[8.90442,47.40286],[8.90348,47.40205],[8.907,47.40101],[8.90937,47.40128],[8.91234,47.40091],[8.91343,47.4012],[8.91346,47.40046],[8.91635,47.39999],[8.92074,47.3995],[8.92316,47.39841],[8.92447,47.39748],[8.92603,47.39687],[8.92652,47.39622],[8.9274,47.39585],[8.92714,47.39522],[8.92854,47.39381],[8.93012,47.39311],[8.93009,47.3927],[8.93187,47.39148],[8.93394,47.39063],[8.93551,47.39047],[8.93633,47.39014],[8.93825,47.38865],[8.94156,47.38731],[8.94249,47.38628],[8.94356,47.38555],[8.94371,47.38431],[8.94262,47.38252],[8.94164,47.38203],[8.94014,47.37986],[8.94113,47.37812],[8.94174,47.37776],[8.94354,47.37592],[8.94487,47.37814],[8.94559,47.37808],[8.94691,47.37849],[8.9472,47.37923],[8.94862,47.37987],[8.95037,47.37999],[8.95185,47.3805],[8.95379,47.38089],[8.9546,47.38144],[8.95505,47.38273],[8.95623,47.38385],[8.95693,47.3848],[8.95745,47.38643],[8.95995,47.386],[8.96146,47.3853],[8.96264,47.38596],[8.96404,47.38594],[8.965,47.38484],[8.96636,47.3857],[8.96646,47.38662],[8.96626,47.38839],[8.96714,47.38952],[8.96806,47.39127],[8.96878,47.39157],[8.97033,47.39122],[8.97149,47.39129],[8.97163,47.39286],[8.97243,47.39433],[8.97319,47.39515],[8.97369,47.39697],[8.97453,47.39838],[8.9757,47.39933],[8.97511,47.40065],[8.97468,47.40073],[8.97393,47.40248],[8.97228,47.40372],[8.97217,47.40432],[8.97261,47.40522],[8.97417,47.4057],[8.97507,47.40826],[8.97587,47.4093],[8.97658,47.41067],[8.97917,47.41111],[8.97918,47.4121],[8.98113,47.41211],[8.98184,47.41247],[8.98334,47.41143],[8.98472,47.41118],[8.98548,47.41148],[8.98846,47.41121],[8.98878,47.41231],[8.98983,47.41292],[8.99044,47.41384],[8.98958,47.41419],[8.99059,47.41586],[8.99099,47.41822],[8.99196,47.4205],[8.99116,47.4209],[8.99197,47.42175],[8.99271,47.42183],[8.99246,47.42304],[8.99118,47.42345],[8.99165,47.42413],[8.98946,47.42497],[8.99022,47.4254],[8.99117,47.42652],[8.99009,47.42715],[8.99082,47.42811],[8.98988,47.42838],[8.98948,47.42944],[8.98766,47.42924],[8.98748,47.42971],[8.98871,47.42991],[8.99026,47.42978],[8.99032,47.43043],[8.99181,47.43018],[8.99204,47.42969],[8.99429,47.42983],[8.99422,47.43047],[8.99573,47.43073],[8.99723,47.43137],[8.99986,47.43214],[8.99846,47.43385],[8.99861,47.43496],[8.9997,47.4347],[9.00154,47.43474],[9.0033,47.43397],[9.00453,47.43477],[9.00544,47.43411],[9.00718,47.43452],[9.00816,47.43433],[9.00906,47.43458],[9.01012,47.43528],[9.011,47.43406],[9.01105,47.43338],[9.01228,47.43358],[9.01338,47.43426],[9.01427,47.43514],[9.01717,47.4365],[9.0185,47.43677],[9.01896,47.43747],[9.01943,47.43903],[9.02022,47.43985],[9.01966,47.44033],[9.0212,47.44094],[9.02134,47.44154],[9.02216,47.44167],[9.02293,47.44116],[9.02534,47.43906],[9.02532,47.43872],[9.02648,47.43723],[9.02776,47.43707],[9.03046,47.43764],[9.03161,47.43762],[9.03275,47.43868],[9.03289,47.43969],[9.0346,47.43909],[9.03502,47.43925],[9.03682,47.43756],[9.0365,47.43701],[9.03528,47.4367],[9.03366,47.43588],[9.03402,47.43548],[9.03691,47.43632],[9.03828,47.43723],[9.03863,47.43814],[9.03697,47.43933],[9.03766,47.43946],[9.03824,47.44017],[9.0382,47.44142],[9.04035,47.44068],[9.04251,47.44016],[9.04386,47.44088],[9.04423,47.44168],[9.04627,47.44166],[9.04511,47.4429],[9.04539,47.44309],[9.04729,47.44293],[9.04747,47.44423],[9.05302,47.44256],[9.05186,47.44407],[9.05306,47.4438],[9.05387,47.44322],[9.05487,47.44346],[9.05719,47.44296],[9.05887,47.44323],[9.05884,47.44399],[9.05826,47.44478],[9.05705,47.44563],[9.05908,47.44608],[9.05964,47.44547],[9.06065,47.44523],[9.0617,47.44567],[9.06207,47.44643],[9.0588,47.44729],[9.05798,47.44799],[9.05459,47.44852],[9.05434,47.45057],[9.05319,47.45105],[9.05065,47.45274],[9.04957,47.45301],[9.04769,47.45302],[9.04762,47.45354],[9.04488,47.4537],[9.04185,47.45403],[9.03834,47.45472],[9.03577,47.45548],[9.03544,47.45509],[9.03343,47.45616],[9.02783,47.45749],[9.02724,47.45774],[9.02748,47.45878],[9.02642,47.46014],[9.02798,47.46053],[9.02867,47.46114],[9.03074,47.46179],[9.02972,47.46222],[9.02896,47.46288],[9.02849,47.46374],[9.02839,47.46531],[9.0295,47.46666],[9.02586,47.46802],[9.02189,47.46898],[9.0175,47.46965],[9.01314,47.47076],[9.0102,47.47159],[9.00822,47.47237],[9.00914,47.4735],[9.01198,47.47534],[9.01048,47.47527],[9.00874,47.47579],[9.00899,47.47721],[9.0088,47.47975],[9.00726,47.47948],[9.00607,47.48016],[9.00628,47.48084],[9.00367,47.48095],[9.00359,47.48119],[9.00666,47.48267],[9.00648,47.4835],[9.00677,47.4842],[9.00825,47.48384],[9.01079,47.48546],[9.01084,47.4863],[9.0116,47.48685],[9.01022,47.48774],[9.01091,47.48869],[9.01177,47.48916],[9.01249,47.48997],[9.01445,47.48961],[9.01482,47.49008],[9.01608,47.48996],[9.01745,47.4901],[9.01809,47.48933],[9.01958,47.48892],[9.02031,47.48828],[9.02127,47.4889],[9.02412,47.48894],[9.02533,47.48935],[9.02627,47.49007],[9.0274,47.48951],[9.02832,47.48867],[9.03014,47.48983],[9.03018,47.49041],[9.03481,47.49203],[9.03604,47.49143],[9.03663,47.49184],[9.03639,47.49236],[9.03776,47.49326],[9.04106,47.49472],[9.04029,47.49576],[9.0421,47.49579],[9.04276,47.4947],[9.04422,47.4928],[9.04574,47.49333],[9.04688,47.49292],[9.04755,47.49182],[9.04807,47.49199],[9.04962,47.49183],[9.05021,47.49135],[9.05123,47.49151],[9.05155,47.48988],[9.05212,47.48957],[9.05404,47.4897],[9.05491,47.48882],[9.05583,47.48741],[9.05784,47.48779],[9.05897,47.48817],[9.05949,47.48866],[9.05852,47.48986],[9.05987,47.49123],[9.06184,47.49107],[9.0624,47.49235],[9.06287,47.49245],[9.064,47.49159],[9.06476,47.49166],[9.06484,47.49089],[9.0661,47.49158],[9.06735,47.49137],[9.06888,47.49162],[9.07073,47.49276],[9.07138,47.49257],[9.07283,47.49361],[9.07448,47.4923],[9.07618,47.49274],[9.07726,47.49368],[9.07888,47.49433],[9.07964,47.49488],[9.08114,47.49494],[9.08237,47.49524],[9.08238,47.49389],[9.08355,47.49376],[9.08369,47.49251],[9.08462,47.49207],[9.08379,47.49107],[9.08468,47.49081],[9.0851,47.49024],[9.08429,47.48942],[9.08441,47.48894],[9.08639,47.4883],[9.08633,47.48804],[9.08834,47.48589],[9.08847,47.48455],[9.08977,47.48282],[9.09088,47.4828],[9.09157,47.4834],[9.09347,47.48335],[9.095,47.48385],[9.09775,47.48389],[9.09781,47.48469],[9.09856,47.4856],[9.09944,47.48522],[9.10295,47.48473],[9.10385,47.48432],[9.1052,47.48456],[9.10753,47.48428],[9.10899,47.48434],[9.10923,47.48397],[9.11136,47.48399],[9.11286,47.48441],[9.11246,47.48318],[9.11442,47.48294],[9.11463,47.4822],[9.11569,47.48096],[9.11601,47.47973],[9.11813,47.47971],[9.1199,47.47993],[9.1227,47.48067],[9.12463,47.48172],[9.12434,47.48319],[9.1252,47.48371],[9.12698,47.4842],[9.12942,47.4845],[9.1303,47.48485],[9.13131,47.48484],[9.13167,47.48548],[9.13284,47.48516],[9.13496,47.48535],[9.13608,47.48562],[9.13734,47.48562],[9.13801,47.48527],[9.139,47.48543],[9.13937,47.48476],[9.14026,47.48442],[9.14139,47.48481],[9.14203,47.48439],[9.1434,47.48542],[9.14621,47.48631],[9.14634,47.4866],[9.14803,47.48669],[9.14921,47.4871],[9.15122,47.48747],[9.15163,47.48718],[9.15284,47.48761],[9.15392,47.48697],[9.15438,47.48754],[9.15526,47.4876],[9.1564,47.48861],[9.15795,47.48912],[9.15811,47.49006],[9.15871,47.49149],[9.16073,47.49347],[9.16046,47.4939],[9.16151,47.49559],[9.16274,47.49688],[9.1619,47.4978],[9.16055,47.49869],[9.16073,47.49998],[9.16226,47.50041],[9.16247,47.50121],[9.16422,47.50205],[9.16496,47.50307],[9.16598,47.50404],[9.16748,47.50354],[9.16674,47.50168],[9.16774,47.50129],[9.16839,47.50148],[9.16922,47.504],[9.17197,47.50332],[9.16918,47.4983],[9.17222,47.49678],[9.17308,47.49614],[9.17372,47.49451],[9.17487,47.49532],[9.17743,47.49484],[9.17861,47.49607],[9.17755,47.49703],[9.18021,47.49704],[9.18109,47.49652],[9.18163,47.49493],[9.18168,47.49391],[9.18287,47.49134],[9.186,47.49204],[9.18804,47.49268],[9.18879,47.4931],[9.19338,47.49122],[9.19229,47.48955],[9.19307,47.48894],[9.19675,47.49052],[9.19878,47.48897],[9.20007,47.48955],[9.20157,47.4888],[9.20313,47.48922],[9.20489,47.4888],[9.20604,47.48889],[9.20762,47.48862],[9.20875,47.48885],[9.20806,47.48763],[9.20653,47.48682],[9.20644,47.48617],[9.20682,47.4852],[9.20772,47.48446],[9.2078,47.48311],[9.20839,47.48229],[9.20985,47.482],[9.20897,47.48017],[9.21082,47.47984],[9.2132,47.47891],[9.21373,47.47985],[9.21327,47.48037],[9.21482,47.48173],[9.21829,47.48381],[9.21972,47.48329],[9.22067,47.48339],[9.22184,47.48394],[9.22471,47.48455],[9.2269,47.48409],[9.22793,47.48343],[9.2289,47.48425],[9.23232,47.48323],[9.23221,47.48105],[9.2371,47.48092],[9.23792,47.48175],[9.24033,47.48034],[9.2433,47.47995],[9.24461,47.48028],[9.24565,47.47905],[9.2452,47.47834],[9.24617,47.47732],[9.24706,47.47583],[9.24856,47.47545],[9.25116,47.47449],[9.25227,47.47561],[9.25396,47.47505],[9.25931,47.47463],[9.26023,47.47478],[9.26163,47.4745],[9.26317,47.47457],[9.26405,47.47483],[9.26712,47.47671],[9.26826,47.47689],[9.27067,47.47769],[9.27235,47.4776],[9.27262,47.47855],[9.27491,47.47912],[9.27837,47.47939],[9.27875,47.47973],[9.27905,47.48146],[9.28063,47.48283],[9.28122,47.48306],[9.28366,47.48237],[9.2846,47.48226],[9.28589,47.48247],[9.28691,47.48222],[9.28691,47.48147],[9.28779,47.47994],[9.28893,47.4795],[9.2943,47.47894],[9.29511,47.47833],[9.29664,47.47861],[9.29865,47.47723],[9.29963,47.47766],[9.30125,47.47801],[9.3027,47.4788],[9.30387,47.47917],[9.30529,47.48052],[9.30717,47.48127],[9.30847,47.48199],[9.30839,47.48317],[9.30922,47.48405],[9.31068,47.48485],[9.31514,47.48631],[9.31604,47.48718],[9.31564,47.48782],[9.31678,47.48816],[9.3166,47.48899],[9.31731,47.4891],[9.31895,47.49051],[9.32097,47.49083],[9.31935,47.49347],[9.31936,47.49486],[9.32006,47.49683],[9.31992,47.49739],[9.31852,47.49944],[9.31726,47.50051],[9.31527,47.50081],[9.31352,47.50022],[9.31261,47.49973],[9.31014,47.49804],[9.30916,47.49762],[9.30847,47.49772],[9.30817,47.49865],[9.30887,47.49968],[9.30923,47.50091],[9.30841,47.5015],[9.3092,47.50328],[9.30793,47.50395],[9.3084,47.50529],[9.30997,47.50619],[9.31016,47.50764],[9.31257,47.50698],[9.31318,47.50702],[9.31411,47.50773],[9.31505,47.50689],[9.31599,47.50874],[9.317,47.50864],[9.31662,47.50959],[9.31535,47.50956],[9.31275,47.50999],[9.31168,47.51035],[9.30937,47.51169],[9.30748,47.51314],[9.30484,47.51403],[9.30495,47.51472],[9.30336,47.51566],[9.30193,47.51412],[9.30329,47.51359],[9.30259,47.51234],[9.30139,47.51273],[9.30086,47.51178],[9.29937,47.51209],[9.29774,47.50917],[9.29535,47.50962],[9.2935,47.50869],[9.29196,47.50814],[9.29157,47.50666],[9.28953,47.5071],[9.28917,47.50736],[9.2876,47.50738],[9.2864,47.50763],[9.28639,47.50678],[9.28341,47.50608],[9.28158,47.50595],[9.28093,47.50641],[9.27863,47.50635],[9.27789,47.50678],[9.27442,47.50683],[9.27362,47.50701],[9.27323,47.50808],[9.27157,47.50783],[9.27059,47.51007],[9.26895,47.51034],[9.26837,47.51087],[9.26877,47.51167],[9.27016,47.51242],[9.27154,47.51137],[9.27244,47.512],[9.27335,47.51218],[9.27539,47.51315],[9.27639,47.51263],[9.27699,47.51194],[9.27785,47.51186],[9.27797,47.51033],[9.27891,47.50994],[9.28037,47.51008],[9.28047,47.51132],[9.27962,47.5118],[9.27999,47.51346],[9.27948,47.51397],[9.28267,47.51465],[9.28251,47.51559],[9.28273,47.51639],[9.28398,47.51793],[9.28483,47.51851],[9.2823,47.52068],[9.29348,47.52291],[9.29531,47.52275],[9.29629,47.52374],[9.2963,47.52451],[9.29775,47.52429],[9.29956,47.52438],[9.30137,47.52412],[9.30276,47.52643],[9.30704,47.52585],[9.30837,47.52538],[9.30961,47.52448],[9.31004,47.52351],[9.31276,47.52212],[9.31359,47.52384],[9.31369,47.52475],[9.31327,47.52641],[9.31234,47.52756],[9.31409,47.52851],[9.31661,47.52869],[9.316,47.52975],[9.31534,47.53027],[9.31751,47.5309],[9.31727,47.53131],[9.31849,47.5317],[9.32214,47.53107],[9.32225,47.53172],[9.32343,47.53168],[9.32307,47.53022],[9.32432,47.52921],[9.32876,47.52839],[9.32968,47.52964],[9.33164,47.52955],[9.3338,47.52927],[9.33486,47.52896],[9.33692,47.52872],[9.3383,47.52887],[9.33872,47.53004],[9.3398,47.53066],[9.33996,47.52838],[9.34025,47.52746],[9.3402,47.52643],[9.33899,47.52485],[9.34117,47.52398],[9.34138,47.52241],[9.34193,47.5218],[9.34392,47.52075],[9.34368,47.52023],[9.3445,47.5198],[9.34617,47.52037],[9.35051,47.5199],[9.35316,47.51922],[9.35421,47.51933],[9.35586,47.51985],[9.3564,47.5195],[9.35584,47.51636],[9.35532,47.51636],[9.35356,47.51488],[9.35196,47.51537],[9.35048,47.5154],[9.34989,47.51421],[9.34843,47.51396],[9.34578,47.51184],[9.34755,47.51158],[9.34851,47.51125],[9.34815,47.50981],[9.34724,47.50988],[9.34711,47.50907],[9.34617,47.50802],[9.34537,47.50793],[9.34432,47.50828],[9.34328,47.50644],[9.34239,47.50645],[9.34056,47.50687],[9.33831,47.50683],[9.33761,47.50502],[9.33755,47.50431],[9.33699,47.50382],[9.33636,47.50227],[9.33692,47.50128],[9.33773,47.50078],[9.33899,47.50169],[9.33888,47.50227],[9.33977,47.50319],[9.34181,47.50372],[9.34334,47.50308],[9.34517,47.50263],[9.34657,47.50194],[9.3477,47.5019],[9.34951,47.50137],[9.35197,47.50143],[9.35455,47.50093],[9.35591,47.50087],[9.3564,47.50196],[9.3561,47.50341],[9.35764,47.50336],[9.36162,47.5025],[9.36191,47.50286],[9.3678,47.50044],[9.36888,47.50115],[9.37221,47.50088],[9.37364,47.5003],[9.37447,47.49966],[9.37421,47.49775],[9.37445,47.49696],[9.37408,47.49536],[9.37308,47.49442],[9.37201,47.49427],[9.36996,47.4945],[9.36891,47.49403],[9.36924,47.49364],[9.36844,47.49208],[9.37279,47.49046],[9.37209,47.48958],[9.37121,47.48905],[9.37047,47.48916],[9.3682,47.48804],[9.36682,47.48622],[9.36653,47.48546],[9.36822,47.48474],[9.37066,47.48542],[9.37314,47.48531],[9.37397,47.48636],[9.37504,47.48706],[9.37922,47.48731],[9.38083,47.48731],[9.37961,47.48547],[9.38131,47.48496],[9.38217,47.4845],[9.38245,47.48388],[9.3837,47.48331],[9.38485,47.48219],[9.38561,47.48196],[9.38777,47.48199],[9.38879,47.48156],[9.39061,47.47955],[9.39161,47.47864],[9.39112,47.4774],[9.39324,47.47598],[9.39423,47.47592],[9.39695,47.47508],[9.39635,47.47628],[9.39636,47.47783],[9.3972,47.47779],[9.39839,47.47813],[9.39956,47.47816],[9.40048,47.47917],[9.40038,47.48024],[9.4012,47.48078],[9.40051,47.48281],[9.40174,47.48337],[9.40209,47.48494],[9.40041,47.4861],[9.4011,47.48657],[9.40301,47.48719],[9.4037,47.48778],[9.40331,47.48872],[9.40463,47.48921],[9.40577,47.49165],[9.40647,47.49249],[9.40597,47.4932],[9.40651,47.49406],[9.40858,47.49344],[9.40957,47.49338],[9.41052,47.49459],[9.41165,47.49529],[9.41276,47.49549],[9.41354,47.49752],[9.4163,47.49737],[9.41735,47.49805],[9.41874,47.49692],[9.42128,47.49617],[9.42317,47.49927],[9.42472,47.50087],[9.42511,47.5015],[9.42607,47.50175],[9.42951,47.50341],[9.43051,47.50469],[9.43162,47.50506],[9.43344,47.50523],[9.43325,47.50597],[9.43561,47.50651],[9.44697,47.51131],[9.50695,47.54974]],[[9.35434,47.51191],[9.3569,47.51188],[9.35677,47.51143],[9.3591,47.51053],[9.35867,47.50979],[9.35854,47.50856],[9.35812,47.50814],[9.35461,47.50938],[9.35478,47.50988],[9.35411,47.51105],[9.35434,47.51191]]]]},"properties":{"area_code":"TG","area_name":"Thurgau","area_unit_id":"ch-canton-2026-swissboundaries3d:TG","boundary_set_id":"ch-canton-2026-swissboundaries3d","boundary_level":"canton","land_area_sq_km":994.3293}},
{"type":"Feature","geometry":{"type":"Polygon","coordinates":[[[8.67875,46.57919],[8.67718,46.57863],[8.67264,46.5785],[8.67238,46.578],[8.67104,46.57748],[8.66895,46.57714],[8.66867,46.57686],[8.66686,46.57659],[8.66544,46.57571],[8.66491,46.57477],[8.66284,46.57383],[8.6616,46.57357],[8.65996,46.57365],[8.65967,46.57237],[8.65885,46.5715],[8.65794,46.56975],[8.65729,46.56907],[8.65607,46.56842],[8.6546,46.56827],[8.65129,46.56669],[8.64835,46.5662],[8.64795,46.56591],[8.64533,46.56514],[8.64344,46.56537],[8.64315,46.56472],[8.64075,46.56413],[8.63897,46.56446],[8.63797,46.56428],[8.63466,46.56438],[8.63403,46.56467],[8.63391,46.56535],[8.63145,46.56542],[8.63088,46.5658],[8.63026,46.56709],[8.62976,46.56887],[8.62891,46.57078],[8.62883,46.57153],[8.62955,46.57374],[8.62791,46.57417],[8.62681,46.57518],[8.62656,46.57637],[8.62535,46.57694],[8.62396,46.5771],[8.6204,46.57809],[8.61775,46.57755],[8.61496,46.57815],[8.6147,46.57702],[8.61342,46.57626],[8.61052,46.57487],[8.60773,46.57467],[8.60459,46.57414],[8.60253,46.57416],[8.60143,46.57359],[8.59978,46.57351],[8.59857,46.57399],[8.59654,46.57392],[8.59335,46.57347],[8.59193,46.57362],[8.59054,46.5734],[8.58781,46.5748],[8.58573,46.57624],[8.58373,46.5771],[8.58139,46.57705],[8.5805,46.57839],[8.57845,46.58068],[8.57774,46.58065],[8.5774,46.58163],[8.57588,46.58222],[8.5737,46.58371],[8.57244,46.58374],[8.56965,46.58262],[8.56744,46.58185],[8.56521,46.58133],[8.56394,46.58133],[8.56157,46.58164],[8.56034,46.5812],[8.55869,46.58158],[8.55466,46.58064],[8.55092,46.58069],[8.54805,46.58174],[8.54659,46.58246],[8.54502,46.58401],[8.54363,46.58467],[8.54124,46.58554],[8.5408,46.58601],[8.53893,46.58642],[8.53649,46.5849],[8.53425,46.58454],[8.53231,46.58475],[8.53139,46.58457],[8.53018,46.5837],[8.52772,46.58253],[8.52633,46.58153],[8.52613,46.58029],[8.52488,46.57922],[8.52502,46.57783],[8.52276,46.57762],[8.52119,46.57725],[8.52187,46.57598],[8.52191,46.57458],[8.51997,46.57266],[8.52033,46.57212],[8.52102,46.57006],[8.52101,46.56692],[8.51978,46.56651],[8.51814,46.56544],[8.51678,46.56291],[8.5158,46.56226],[8.51521,46.56118],[8.51417,46.56011],[8.51312,46.55808],[8.51355,46.55663],[8.51532,46.55556],[8.51587,46.55447],[8.51486,46.55282],[8.51446,46.55153],[8.51521,46.55025],[8.51572,46.54861],[8.51656,46.5475],[8.51807,46.54673],[8.51771,46.54519],[8.51889,46.54373],[8.5198,46.54343],[8.52044,46.5425],[8.51927,46.54117],[8.51961,46.5406],[8.51947,46.53892],[8.51608,46.53885],[8.51562,46.53849],[8.51382,46.53818],[8.51176,46.53749],[8.51136,46.53762],[8.50965,46.53679],[8.50792,46.53628],[8.50753,46.53583],[8.50542,46.53518],[8.50134,46.53512],[8.50028,46.5344],[8.49754,46.53421],[8.49506,46.53456],[8.4935,46.53409],[8.49135,46.53304],[8.4903,46.53285],[8.48655,46.53276],[8.48507,46.53231],[8.48264,46.53239],[8.48194,46.53157],[8.48073,46.5293],[8.47998,46.52907],[8.47764,46.52761],[8.47759,46.52718],[8.47848,46.52679],[8.47852,46.52558],[8.47797,46.52495],[8.47631,46.52418],[8.47494,46.52402],[8.47388,46.52346],[8.47282,46.52324],[8.47207,46.52221],[8.47158,46.52206],[8.47055,46.5207],[8.47073,46.51985],[8.46864,46.51863],[8.4676,46.51851],[8.46613,46.51757],[8.46624,46.51682],[8.46486,46.51613],[8.4627,46.51436],[8.4618,46.51262],[8.46041,46.51129],[8.45867,46.51007],[8.45561,46.50818],[8.45432,46.50769],[8.45299,46.50808],[8.4517,46.5078],[8.44937,46.5045],[8.44566,46.49849],[8.44482,46.49752],[8.44515,46.49691],[8.44307,46.49538],[8.43996,46.4962],[8.43894,46.49605],[8.43763,46.49619],[8.43611,46.4968],[8.43446,46.49706],[8.43167,46.49698],[8.43078,46.49625],[8.42862,46.4955],[8.42752,46.49496],[8.42434,46.49452],[8.42162,46.49354],[8.42104,46.4931],[8.41968,46.49262],[8.41856,46.49275],[8.41659,46.4938],[8.41442,46.49473],[8.41245,46.49413],[8.41163,46.49365],[8.41108,46.49279],[8.40945,46.49261],[8.40749,46.49274],[8.40444,46.49267],[8.40142,46.49245],[8.40051,46.49266],[8.40022,46.49325],[8.39848,46.49426],[8.396,46.49412],[8.39319,46.49429],[8.39238,46.49465],[8.39167,46.4931],[8.39165,46.49166],[8.39401,46.48842],[8.39464,46.48599],[8.39472,46.485],[8.39429,46.4837],[8.39217,46.483],[8.39147,46.48259],[8.39069,46.48103],[8.38997,46.48019],[8.38707,46.47791],[8.38834,46.47769],[8.38755,46.47707],[8.3865,46.47702],[8.38599,46.47568],[8.38741,46.47451],[8.38804,46.47435],[8.38956,46.47259],[8.38932,46.47075],[8.38997,46.46973],[8.39087,46.4695],[8.39229,46.4696],[8.39247,46.46797],[8.39039,46.46734],[8.38851,46.46726],[8.38679,46.46642],[8.38546,46.46557],[8.38599,46.46482],[8.38634,46.46295],[8.38575,46.46182],[8.38384,46.46044],[8.38233,46.45992],[8.38221,46.45926],[8.38325,46.45661],[8.38374,46.45469],[8.38429,46.45355],[8.38429,46.45272],[8.38472,46.45216],[8.38531,46.45181],[8.38719,46.4519],[8.38923,46.45277],[8.3922,46.45167],[8.39296,46.45158],[8.39457,46.45313],[8.3958,46.45384],[8.39595,46.45456],[8.39738,46.45492],[8.3988,46.45489],[8.39954,46.45515],[8.40162,46.45476],[8.40309,46.4552],[8.40373,46.45579],[8.40458,46.45721],[8.40713,46.45833],[8.40842,46.45874],[8.4094,46.45846],[8.41054,46.45906],[8.41373,46.45931],[8.41504,46.4586],[8.41812,46.45902],[8.41882,46.45983],[8.42185,46.461],[8.4237,46.46098],[8.42558,46.46157],[8.42736,46.46164],[8.42888,46.46227],[8.43062,46.46276],[8.43148,46.46327],[8.43471,46.46388],[8.43558,46.46372],[8.43853,46.4643],[8.43893,46.46371],[8.43839,46.46298],[8.43933,46.46261],[8.44041,46.46298],[8.44327,46.4633],[8.44517,46.46367],[8.4461,46.46366],[8.45001,46.46184],[8.45315,46.45817],[8.45309,46.45765],[8.45227,46.4566],[8.45275,46.45623],[8.4528,46.45535],[8.45422,46.45434],[8.45484,46.45416],[8.45555,46.45336],[8.45851,46.45211],[8.45904,46.45171],[8.46064,46.4514],[8.46199,46.45071],[8.46175,46.44979],[8.46257,46.44837],[8.46208,46.4471],[8.46151,46.4465],[8.4627,46.44522],[8.46402,46.44516],[8.46594,46.44437],[8.46548,46.44367],[8.46624,46.44296],[8.46617,46.44251],[8.46475,46.44157],[8.46397,46.4397],[8.46398,46.4392],[8.46282,46.43862],[8.46226,46.43879],[8.46168,46.43805],[8.45928,46.43704],[8.45771,46.43468],[8.45844,46.43266],[8.45902,46.43181],[8.46002,46.43123],[8.4601,46.43077],[8.45919,46.43005],[8.46076,46.4284],[8.4601,46.42797],[8.45993,46.42733],[8.45878,46.42672],[8.45863,46.4259],[8.45737,46.42549],[8.45687,46.42318],[8.45754,46.42252],[8.45804,46.42052],[8.45883,46.41948],[8.46059,46.41893],[8.46222,46.41811],[8.46303,46.41792],[8.46385,46.41657],[8.46559,46.41562],[8.46625,46.41398],[8.46797,46.41225],[8.46829,46.41106],[8.46732,46.40981],[8.46703,46.40899],[8.4655,46.40754],[8.46452,46.40706],[8.46305,46.40487],[8.46364,46.40408],[8.4636,46.40273],[8.46483,46.40158],[8.46577,46.40107],[8.46657,46.39993],[8.46765,46.39939],[8.46939,46.39808],[8.47051,46.39703],[8.47117,46.39592],[8.46834,46.39381],[8.46705,46.39324],[8.46639,46.39259],[8.46596,46.39136],[8.46227,46.38881],[8.46105,46.38723],[8.46082,46.38651],[8.46194,46.38606],[8.46237,46.38513],[8.46386,46.38398],[8.46438,46.38303],[8.46545,46.38203],[8.46651,46.38006],[8.46634,46.37795],[8.46665,46.37738],[8.46613,46.37681],[8.46654,46.37633],[8.46715,46.37396],[8.4669,46.37343],[8.46742,46.37269],[8.46718,46.37181],[8.46711,46.37017],[8.46757,46.3699],[8.4668,46.36864],[8.46696,46.36786],[8.46811,46.36706],[8.4683,46.36453],[8.47023,46.36255],[8.47013,46.36167],[8.46938,46.3609],[8.467,46.35956],[8.46608,46.35881],[8.46467,46.35833],[8.46452,46.35624],[8.46301,46.35553],[8.46262,46.35468],[8.46156,46.35326],[8.46231,46.35145],[8.46294,46.3506],[8.46321,46.3482],[8.46381,46.34751],[8.46454,46.34723],[8.46413,46.34487],[8.46432,46.34408],[8.46381,46.34328],[8.46394,46.34265],[8.46363,46.34168],[8.46365,46.34072],[8.46405,46.33854],[8.46384,46.33737],[8.46329,46.33681],[8.46429,46.33528],[8.46526,46.3347],[8.46536,46.33376],[8.46373,46.33277],[8.46251,46.33166],[8.46169,46.33054],[8.46174,46.32989],[8.46109,46.32949],[8.46042,46.32841],[8.45918,46.328],[8.45779,46.3279],[8.45566,46.32725],[8.45547,46.32631],[8.45573,46.32579],[8.45549,46.32442],[8.45373,46.32333],[8.45407,46.32249],[8.45385,46.32126],[8.45057,46.32095],[8.44712,46.32047],[8.44583,46.32008],[8.44419,46.3199],[8.44372,46.31949],[8.44336,46.31821],[8.44272,46.3176],[8.44232,46.31642],[8.44141,46.31563],[8.44216,46.31443],[8.44235,46.31368],[8.44179,46.31014],[8.44075,46.30919],[8.43973,46.3088],[8.43912,46.30805],[8.43899,46.3059],[8.43935,46.30508],[8.44053,46.30412],[8.43852,46.30389],[8.43675,46.30305],[8.43302,46.30221],[8.43079,46.30089],[8.42928,46.30034],[8.42841,46.2996],[8.42774,46.2983],[8.42802,46.29781],[8.43117,46.29446],[8.43286,46.29312],[8.434,46.29182],[8.43374,46.29007],[8.43401,46.28848],[8.43446,46.28773],[8.43505,46.28754],[8.4363,46.28567],[8.43848,46.28373],[8.4398,46.28291],[8.44101,46.28168],[8.44202,46.28115],[8.44977,46.27432],[8.45588,46.26376],[8.45326,46.26243],[8.45194,46.26228],[8.45096,46.26192],[8.4495,46.2609],[8.44849,46.2614],[8.44798,46.26066],[8.44859,46.2592],[8.44789,46.25802],[8.44559,46.25738],[8.44382,46.25532],[8.44351,46.25445],[8.44228,46.25415],[8.44228,46.25299],[8.44329,46.25192],[8.44296,46.25146],[8.44345,46.25017],[8.44522,46.24891],[8.44699,46.24796],[8.44764,46.24785],[8.45018,46.24816],[8.45198,46.24759],[8.45375,46.24751],[8.45629,46.2466],[8.4582,46.24632],[8.45997,46.24552],[8.46077,46.24478],[8.462,46.24479],[8.46411,46.24455],[8.46519,46.24334],[8.46582,46.24201],[8.46587,46.23958],[8.46606,46.23869],[8.46622,46.2363],[8.46651,46.23603],[8.46716,46.2343],[8.46868,46.23289],[8.4724,46.23164],[8.47753,46.23037],[8.47945,46.23034],[8.48297,46.23052],[8.48686,46.23027],[8.48948,46.22959],[8.49013,46.22926],[8.49193,46.22886],[8.49238,46.2291],[8.49715,46.22756],[8.49842,46.2269],[8.50151,46.2262],[8.50308,46.2253],[8.50405,46.22496],[8.50476,46.22417],[8.50857,46.22288],[8.50995,46.2217],[8.51091,46.22116],[8.51248,46.22101],[8.51529,46.22015],[8.51758,46.22023],[8.51787,46.22074],[8.51958,46.22097],[8.51944,46.22144],[8.52113,46.22183],[8.52205,46.22178],[8.52365,46.22085],[8.52574,46.22061],[8.52874,46.22005],[8.52959,46.21928],[8.53244,46.21828],[8.53267,46.21557],[8.5334,46.21368],[8.53381,46.21179],[8.53471,46.20883],[8.53632,46.20614],[8.5364,46.20427],[8.5382,46.20242],[8.54048,46.19781],[8.54114,46.19724],[8.54245,46.19738],[8.5432,46.19693],[8.54552,46.19612],[8.55088,46.19356],[8.55359,46.19203],[8.55402,46.18998],[8.5545,46.18964],[8.55454,46.1881],[8.55498,46.18723],[8.55404,46.18614],[8.55553,46.18593],[8.55611,46.1855],[8.55844,46.18545],[8.56188,46.18455],[8.5637,46.18395],[8.5641,46.18256],[8.56518,46.18142],[8.56985,46.1769],[8.57212,46.16692],[8.573,46.16516],[8.57364,46.16431],[8.57451,46.16418],[8.57568,46.16338],[8.57636,46.16344],[8.57653,46.16267],[8.57822,46.16166],[8.57955,46.16172],[8.58039,46.16222],[8.58184,46.16258],[8.58431,46.16287],[8.58712,46.16165],[8.58806,46.16102],[8.58742,46.16013],[8.58777,46.15949],[8.58911,46.15913],[8.58877,46.15806],[8.58826,46.15791],[8.58803,46.1568],[8.5884,46.1565],[8.58954,46.15694],[8.59161,46.15666],[8.59231,46.15621],[8.59397,46.1562],[8.59451,46.15569],[8.59565,46.15586],[8.59702,46.15572],[8.60025,46.15574],[8.60098,46.15552],[8.60288,46.15545],[8.6034,46.15474],[8.60272,46.1535],[8.60057,46.15361],[8.60005,46.15281],[8.60016,46.15181],[8.59996,46.15044],[8.60016,46.1498],[8.59839,46.14891],[8.5969,46.14883],[8.59571,46.14758],[8.59468,46.14752],[8.59297,46.14583],[8.59333,46.14449],[8.59308,46.14317],[8.59551,46.14275],[8.59716,46.14116],[8.59837,46.14029],[8.60097,46.13928],[8.60257,46.13827],[8.60322,46.13657],[8.60471,46.13524],[8.60713,46.13428],[8.60796,46.13349],[8.60971,46.13288],[8.61036,46.132],[8.61029,46.131],[8.61051,46.12831],[8.60975,46.12747],[8.61001,46.12623],[8.61087,46.12555],[8.61123,46.1243],[8.61194,46.12382],[8.61228,46.1225],[8.61184,46.12166],[8.61439,46.12165],[8.6169,46.12185],[8.61969,46.12141],[8.6213,46.12202],[8.6237,46.12215],[8.62499,46.12206],[8.62526,46.12243],[8.62666,46.12274],[8.62815,46.12279],[8.62882,46.12229],[8.63085,46.12221],[8.63307,46.12263],[8.63383,46.12238],[8.63721,46.12261],[8.64028,46.1227],[8.64218,46.1233],[8.64344,46.12323],[8.64445,46.12358],[8.64597,46.12376],[8.64802,46.12335],[8.64799,46.12251],[8.65042,46.12081],[8.65108,46.12006],[8.65203,46.11979],[8.65324,46.11894],[8.65423,46.11711],[8.65475,46.11664],[8.65635,46.11594],[8.6565,46.11516],[8.65718,46.11407],[8.65771,46.11269],[8.66475,46.11102],[8.66558,46.11033],[8.66752,46.11035],[8.66765,46.10966],[8.66825,46.1093],[8.67027,46.10883],[8.6714,46.10951],[8.67523,46.11052],[8.67697,46.10997],[8.67838,46.11051],[8.6794,46.11039],[8.68033,46.10995],[8.68057,46.10921],[8.68019,46.10796],[8.68108,46.10779],[8.68142,46.10564],[8.68307,46.10521],[8.68333,46.10457],[8.68561,46.10269],[8.6857,46.10208],[8.68712,46.10214],[8.68831,46.10155],[8.68928,46.10163],[8.6901,46.10218],[8.69172,46.10222],[8.69276,46.10204],[8.69385,46.1012],[8.69475,46.10172],[8.69657,46.10201],[8.71399,46.09723],[8.7154,46.09918],[8.71774,46.10132],[8.72222,46.10732],[8.72427,46.11021],[8.72833,46.11328],[8.73628,46.11879],[8.74234,46.12231],[8.7561,46.10472],[8.75705,46.10331],[8.7582,46.10302],[8.75849,46.10247],[8.75991,46.10186],[8.76007,46.10155],[8.76237,46.10108],[8.76441,46.1009],[8.76595,46.10051],[8.76733,46.1004],[8.76803,46.10081],[8.76996,46.09953],[8.77138,46.09924],[8.7734,46.09846],[8.77569,46.09693],[8.77683,46.09655],[8.78303,46.09417],[8.78784,46.09445],[8.79171,46.09483],[8.79978,46.0947],[8.80172,46.09727],[8.80462,46.0994],[8.80604,46.10128],[8.81488,46.09746],[8.81552,46.09706],[8.81584,46.09581],[8.81722,46.0949],[8.81773,46.09427],[8.82115,46.09327],[8.82158,46.09261],[8.82135,46.09133],[8.82231,46.09131],[8.82257,46.09047],[8.82329,46.09029],[8.82447,46.08891],[8.82636,46.08946],[8.82928,46.08663],[8.83292,46.0834],[8.83377,46.08285],[8.83689,46.0815],[8.8405,46.08082],[8.84243,46.07992],[8.84312,46.07915],[8.84411,46.07863],[8.84529,46.07727],[8.84642,46.07668],[8.84752,46.07575],[8.85211,46.07564],[8.85413,46.06857],[8.85459,46.06158],[8.8513,46.05737],[8.84579,46.05044],[8.84418,46.04851],[8.84255,46.04908],[8.83453,46.05136],[8.8328,46.0492],[8.82935,46.04643],[8.83042,46.04598],[8.83191,46.04567],[8.83325,46.04492],[8.83398,46.04422],[8.83544,46.04376],[8.83271,46.04056],[8.83003,46.0416],[8.82889,46.03786],[8.82816,46.03422],[8.82715,46.03227],[8.82533,46.03053],[8.81966,46.02548],[8.81185,46.02364],[8.80591,46.02193],[8.80443,46.01914],[8.79714,46.01216],[8.79309,46.0081],[8.79231,46.00615],[8.79001,45.99957],[8.7872,45.99134],[8.78588,45.98908],[8.78811,45.98887],[8.78957,45.9885],[8.79083,45.98859],[8.7924,45.98963],[8.7923,45.99163],[8.79275,45.99203],[8.79577,45.99207],[8.79762,45.99182],[8.79994,45.9912],[8.80172,45.99121],[8.8079,45.99063],[8.81022,45.98982],[8.8114,45.98998],[8.8132,45.99059],[8.81391,45.99038],[8.81796,45.98805],[8.81959,45.98748],[8.82186,45.9873],[8.82414,45.98787],[8.82544,45.98774],[8.82617,45.9874],[8.82777,45.98729],[8.82875,45.98764],[8.83105,45.98804],[8.83256,45.98729],[8.83398,45.98533],[8.83634,45.98468],[8.83749,45.98468],[8.83933,45.98413],[8.83972,45.98221],[8.8401,45.98166],[8.8427,45.98147],[8.84325,45.98052],[8.84336,45.97771],[8.84462,45.97682],[8.84616,45.97653],[8.84777,45.97524],[8.84875,45.97358],[8.84998,45.97267],[8.85209,45.97188],[8.85598,45.96888],[8.85768,45.96804],[8.86069,45.96611],[8.86226,45.96565],[8.86473,45.96546],[8.86761,45.96113],[8.8683,45.96062],[8.87097,45.96009],[8.87263,45.95939],[8.87397,45.95929],[8.87509,45.95882],[8.87612,45.95788],[8.87821,45.95664],[8.87994,45.95675],[8.88709,45.95758],[8.89366,45.95898],[8.89515,45.95704],[8.89665,45.95475],[8.89664,45.95189],[8.89687,45.95084],[8.89807,45.94936],[8.8985,45.94748],[8.8986,45.94626],[8.89797,45.9437],[8.89655,45.94143],[8.89514,45.93979],[8.8935,45.93739],[8.89272,45.93427],[8.89293,45.93234],[8.89331,45.93118],[8.89457,45.92954],[8.8961,45.92717],[8.89757,45.92584],[8.9004,45.92413],[8.90165,45.92371],[8.90402,45.92205],[8.90745,45.91779],[8.91246,45.91762],[8.91429,45.9178],[8.91676,45.91366],[8.91984,45.91027],[8.92025,45.90896],[8.92191,45.9075],[8.92294,45.90623],[8.92413,45.90564],[8.92484,45.9037],[8.92494,45.90086],[8.9224,45.89672],[8.92154,45.89595],[8.92192,45.8952],[8.92294,45.89549],[8.92414,45.89222],[8.92732,45.89171],[8.92844,45.89049],[8.92971,45.88877],[8.93059,45.88699],[8.93155,45.88581],[8.93214,45.88425],[8.93254,45.88132],[8.93305,45.88088],[8.93326,45.87822],[8.93306,45.87647],[8.93329,45.87452],[8.93438,45.87315],[8.93463,45.87189],[8.93381,45.87088],[8.93377,45.87033],[8.93514,45.86976],[8.93676,45.86777],[8.93743,45.86738],[8.94063,45.86942],[8.94161,45.87027],[8.94238,45.86958],[8.94433,45.86824],[8.9453,45.86698],[8.94354,45.8656],[8.94038,45.86408],[8.93868,45.86347],[8.9371,45.86322],[8.93541,45.86241],[8.93488,45.86268],[8.93254,45.86096],[8.92937,45.85779],[8.92463,45.85292],[8.92069,45.84935],[8.91423,45.84223],[8.91273,45.838],[8.91205,45.83174],[8.91215,45.83044],[8.91296,45.83062],[8.91414,45.83133],[8.91526,45.83172],[8.91841,45.83356],[8.92048,45.8342],[8.92408,45.83405],[8.92546,45.83351],[8.92687,45.83324],[8.92903,45.83338],[8.92933,45.83396],[8.92877,45.83432],[8.92924,45.83534],[8.93073,45.83553],[8.93204,45.83657],[8.93247,45.83731],[8.93197,45.8379],[8.93312,45.83817],[8.9329,45.83895],[8.93626,45.83953],[8.93909,45.84127],[8.94043,45.84122],[8.94671,45.84263],[8.94881,45.84343],[8.95132,45.84285],[8.95205,45.84285],[8.95302,45.84233],[8.95379,45.84312],[8.95624,45.84338],[8.95577,45.84291],[8.95618,45.8416],[8.96082,45.83985],[8.96215,45.83872],[8.96219,45.8377],[8.9612,45.83663],[8.96397,45.83492],[8.96524,45.83542],[8.96625,45.83437],[8.96687,45.83475],[8.96843,45.8337],[8.9685,45.83283],[8.96998,45.83235],[8.97159,45.83299],[8.97241,45.83311],[8.97335,45.83245],[8.97604,45.83456],[8.97499,45.83572],[8.97617,45.83663],[8.97746,45.83688],[8.9782,45.83648],[8.97916,45.83663],[8.9794,45.83603],[8.98139,45.83571],[8.98296,45.83649],[8.98522,45.83795],[8.98667,45.83852],[8.98847,45.83804],[8.9893,45.83719],[8.98948,45.8366],[8.9903,45.83567],[8.99211,45.83471],[8.99417,45.8343],[8.99749,45.83494],[8.99694,45.83424],[8.99686,45.83349],[8.99782,45.83285],[8.99772,45.83231],[8.99655,45.832],[8.9959,45.83],[8.99507,45.82888],[8.99514,45.82761],[8.99462,45.82735],[8.99414,45.82626],[8.99408,45.82518],[8.99463,45.82488],[8.99337,45.8234],[8.99291,45.82314],[8.99387,45.82196],[8.99844,45.82292],[8.99977,45.82224],[9.00078,45.82226],[9.00246,45.82129],[9.00319,45.82066],[9.00425,45.82027],[9.00792,45.81957],[9.00949,45.81974],[9.01196,45.81902],[9.01327,45.8188],[9.01482,45.81819],[9.01649,45.81797],[9.01797,45.81808],[9.01838,45.81936],[9.02133,45.82069],[9.02212,45.82187],[9.02334,45.82202],[9.02602,45.82185],[9.02802,45.82082],[9.02888,45.82067],[9.0314,45.82084],[9.03408,45.82261],[9.03412,45.82334],[9.03237,45.82388],[9.03113,45.82445],[9.03148,45.82518],[9.03254,45.82531],[9.0322,45.826],[9.03284,45.82723],[9.03267,45.82758],[9.03372,45.82829],[9.03378,45.82911],[9.03481,45.83013],[9.03401,45.8307],[9.03461,45.83145],[9.03445,45.83229],[9.03562,45.83271],[9.03775,45.83526],[9.03777,45.83591],[9.03531,45.83908],[9.03577,45.84114],[9.03728,45.84194],[9.03865,45.84203],[9.03855,45.8439],[9.03918,45.84486],[9.04073,45.84657],[9.04244,45.84639],[9.04381,45.84659],[9.04455,45.84791],[9.04509,45.84818],[9.0454,45.84959],[9.04626,45.84997],[9.04782,45.85139],[9.04881,45.85183],[9.05077,45.85221],[9.04932,45.85277],[9.04842,45.85335],[9.04932,45.85373],[9.05183,45.85443],[9.05061,45.85725],[9.04938,45.85846],[9.04963,45.86033],[9.04912,45.86141],[9.04937,45.8631],[9.05009,45.86352],[9.05027,45.86453],[9.05108,45.86589],[9.05175,45.86651],[9.05151,45.86723],[9.05237,45.86785],[9.0537,45.86799],[9.0532,45.86863],[9.05349,45.86963],[9.05544,45.87181],[9.0547,45.87265],[9.05479,45.87355],[9.0565,45.87489],[9.05771,45.87522],[9.06022,45.87489],[9.06193,45.87545],[9.06564,45.87606],[9.06639,45.87539],[9.06983,45.87889],[9.07087,45.88017],[9.07125,45.88146],[9.07215,45.88227],[9.07354,45.88259],[9.07554,45.88337],[9.07784,45.88507],[9.07734,45.88539],[9.07759,45.88663],[9.07838,45.88766],[9.07935,45.88833],[9.07926,45.88917],[9.0784,45.89023],[9.07724,45.89049],[9.07795,45.89203],[9.08164,45.8918],[9.08189,45.89255],[9.08398,45.89339],[9.0841,45.89393],[9.08509,45.89466],[9.08482,45.89549],[9.08515,45.89596],[9.08632,45.89619],[9.08802,45.89684],[9.0888,45.8969],[9.08746,45.89855],[9.08745,45.89931],[9.08805,45.90013],[9.089,45.90065],[9.08684,45.90221],[9.07693,45.8993],[9.07634,45.90338],[9.07547,45.90609],[9.07734,45.90918],[9.07655,45.91068],[9.07658,45.91142],[9.07541,45.91164],[9.07449,45.91233],[9.07264,45.91284],[9.07074,45.91199],[9.06955,45.91173],[9.06953,45.91046],[9.06781,45.91063],[9.06781,45.91162],[9.06843,45.91274],[9.06627,45.91407],[9.06468,45.91468],[9.06355,45.9149],[9.0626,45.91475],[9.05906,45.91648],[9.06004,45.92082],[9.059,45.92101],[9.05727,45.9205],[9.05533,45.92015],[9.05386,45.92067],[9.05338,45.92049],[9.05132,45.92057],[9.0504,45.92015],[9.04908,45.92042],[9.04953,45.92115],[9.04943,45.92208],[9.04809,45.92268],[9.04716,45.92379],[9.04565,45.92445],[9.04496,45.92509],[9.04484,45.92597],[9.04254,45.92736],[9.03679,45.92634],[9.03268,45.92663],[9.02984,45.9265],[9.02652,45.9287],[9.02294,45.92901],[9.01936,45.92837],[9.01997,45.9295],[9.01972,45.93],[9.01995,45.93128],[9.02052,45.93215],[9.02051,45.93321],[9.02113,45.93469],[9.02193,45.93545],[9.02247,45.93715],[9.02204,45.93809],[9.02025,45.93839],[9.01977,45.9397],[9.01709,45.9406],[9.01496,45.94063],[9.01456,45.94156],[9.01357,45.94151],[9.01308,45.94291],[9.01241,45.94379],[9.01371,45.94452],[9.0145,45.94563],[9.01648,45.948],[9.01712,45.94901],[9.0164,45.95017],[9.01532,45.95081],[9.01396,45.96055],[9.00921,45.96238],[9.00084,45.96474],[8.99403,45.96655],[8.98899,45.97034],[8.98883,45.97122],[8.98972,45.97146],[8.9905,45.97123],[8.99235,45.97256],[8.99286,45.97211],[8.99465,45.97164],[8.99582,45.97283],[8.99632,45.97438],[8.99583,45.97508],[8.99607,45.97592],[8.99518,45.97665],[8.99533,45.97822],[8.99602,45.97875],[8.99535,45.98051],[9.00109,45.98036],[9.00182,45.98018],[9.0023,45.97949],[9.00466,45.97977],[9.00574,45.98037],[9.00735,45.9803],[9.00833,45.98076],[9.00876,45.98206],[9.01115,45.98318],[9.01084,45.9853],[9.01158,45.9867],[9.01136,45.9879],[9.01268,45.9883],[9.01322,45.98876],[9.0159,45.98785],[9.01687,45.98791],[9.01808,45.98765],[9.0225,45.98954],[9.02289,45.99276],[9.02846,45.99363],[9.02714,45.99619],[9.02653,45.99709],[9.02507,46.00027],[9.02451,46.00076],[9.02254,46.01686],[9.02194,46.01708],[9.02025,46.01868],[9.01926,46.01929],[9.01855,46.02043],[9.01716,46.02135],[9.01558,46.02194],[9.01476,46.02343],[9.01345,46.02458],[9.01274,46.02473],[9.00907,46.02684],[9.00965,46.02737],[9.00893,46.02852],[9.00759,46.0298],[9.00881,46.03157],[9.00952,46.03729],[9.01307,46.0403],[9.01471,46.04114],[9.01689,46.0431],[9.01751,46.04478],[9.01675,46.0454],[9.01595,46.04674],[9.01686,46.04797],[9.01721,46.04973],[9.01867,46.05082],[9.01903,46.05077],[9.02035,46.05173],[9.022,46.05209],[9.02267,46.05269],[9.02372,46.05278],[9.02564,46.05245],[9.02734,46.05304],[9.02876,46.05302],[9.02985,46.05343],[9.0309,46.05422],[9.03283,46.05521],[9.0344,46.05579],[9.03612,46.05687],[9.03831,46.05805],[9.03974,46.05908],[9.04011,46.05899],[9.04355,46.05935],[9.04477,46.05897],[9.04653,46.05995],[9.04797,46.06156],[9.05023,46.06236],[9.05365,46.0623],[9.05542,46.06214],[9.05613,46.06128],[9.05772,46.06077],[9.05862,46.06102],[9.06042,46.06066],[9.06386,46.06173],[9.06628,46.06207],[9.06807,46.06203],[9.07033,46.06264],[9.07204,46.06249],[9.07396,46.06254],[9.07607,46.06388],[9.07714,46.06412],[9.07736,46.06463],[9.0783,46.06532],[9.07869,46.0672],[9.07832,46.06889],[9.07789,46.06934],[9.078,46.07094],[9.07857,46.07227],[9.07862,46.07493],[9.07907,46.07592],[9.08033,46.07681],[9.08189,46.07713],[9.08325,46.0778],[9.0842,46.07874],[9.08407,46.07953],[9.08943,46.08569],[9.08962,46.08702],[9.08915,46.09007],[9.08678,46.09378],[9.08269,46.09988],[9.08127,46.10216],[9.0804,46.10465],[9.07975,46.10596],[9.07961,46.10686],[9.07891,46.10825],[9.07805,46.10931],[9.07763,46.11057],[9.07684,46.11077],[9.07477,46.11332],[9.07387,46.11413],[9.07248,46.11792],[9.07339,46.11879],[9.07428,46.11908],[9.07613,46.12021],[9.07683,46.12012],[9.07805,46.12101],[9.07924,46.1212],[9.08106,46.12198],[9.0827,46.12216],[9.08538,46.12291],[9.08581,46.12378],[9.08814,46.12496],[9.09106,46.12579],[9.09559,46.12622],[9.0974,46.12716],[9.09959,46.12738],[9.1003,46.12798],[9.10056,46.12874],[9.10128,46.12935],[9.10216,46.12956],[9.10458,46.13164],[9.10484,46.13205],[9.10597,46.13207],[9.10702,46.13253],[9.10816,46.13252],[9.11041,46.13333],[9.11221,46.13471],[9.11492,46.13484],[9.11707,46.13541],[9.11902,46.13525],[9.12068,46.13473],[9.12154,46.13534],[9.12291,46.13742],[9.12279,46.13874],[9.12429,46.13989],[9.12506,46.1412],[9.12635,46.1427],[9.12683,46.14351],[9.12689,46.14483],[9.12762,46.14526],[9.12867,46.14643],[9.12902,46.1474],[9.13106,46.14836],[9.131,46.14867],[9.1324,46.14943],[9.13402,46.15177],[9.13448,46.15331],[9.13578,46.15358],[9.13713,46.15427],[9.13828,46.15415],[9.14078,46.15495],[9.1418,46.15573],[9.14246,46.15693],[9.1438,46.15766],[9.14452,46.1584],[9.14682,46.15896],[9.14953,46.16051],[9.15206,46.16121],[9.15536,46.16149],[9.15705,46.16256],[9.1573,46.1634],[9.15863,46.16493],[9.1586,46.16612],[9.15897,46.16648],[9.15969,46.16923],[9.15938,46.1696],[9.15822,46.16991],[9.15644,46.16982],[9.1534,46.17018],[9.14985,46.17208],[9.14958,46.1724],[9.14739,46.17365],[9.1466,46.1744],[9.14186,46.17793],[9.13935,46.17865],[9.13832,46.17927],[9.13555,46.18037],[9.13369,46.18252],[9.13191,46.18376],[9.1313,46.1848],[9.13117,46.18629],[9.1314,46.18685],[9.13109,46.18839],[9.12974,46.18934],[9.12971,46.18979],[9.12885,46.19032],[9.12826,46.19142],[9.12646,46.1931],[9.12606,46.19397],[9.12505,46.19503],[9.12285,46.19558],[9.12264,46.19604],[9.12103,46.19748],[9.12074,46.19838],[9.11983,46.19971],[9.11901,46.20038],[9.11755,46.20109],[9.11623,46.20215],[9.11316,46.20347],[9.11123,46.20498],[9.10894,46.20574],[9.10834,46.20565],[9.10521,46.20671],[9.09246,46.21121],[9.08906,46.21237],[9.08689,46.21428],[9.08635,46.2152],[9.08566,46.21698],[9.08479,46.21822],[9.08466,46.21948],[9.08395,46.21985],[9.08302,46.22272],[9.08347,46.22431],[9.08285,46.2253],[9.07961,46.23328],[9.07682,46.23303],[9.07457,46.23172],[9.07317,46.23328],[9.07286,46.23392],[9.07135,46.23524],[9.07141,46.23606],[9.07426,46.2371],[9.07603,46.23787],[9.07722,46.25866],[9.07777,46.2603],[9.07456,46.26403],[9.07386,46.26522],[9.07279,46.26636],[9.07222,46.26771],[9.07077,46.26862],[9.06804,46.27058],[9.06587,46.27142],[9.06365,46.27305],[9.06321,46.27383],[9.06223,46.27771],[9.06056,46.27894],[9.05896,46.28031],[9.05813,46.2813],[9.05767,46.28224],[9.05722,46.28411],[9.05559,46.28775],[9.05554,46.28907],[9.05448,46.29039],[9.05371,46.29304],[9.05387,46.29378],[9.05454,46.29386],[9.05403,46.29481],[9.0546,46.29496],[9.05563,46.29603],[9.0581,46.29649],[9.06002,46.29705],[9.06117,46.29822],[9.06196,46.29943],[9.06284,46.30011],[9.06347,46.30167],[9.06422,46.30211],[9.06477,46.3032],[9.06593,46.30374],[9.06834,46.3074],[9.07085,46.30781],[9.07218,46.30856],[9.07222,46.30932],[9.07306,46.31092],[9.07469,46.31283],[9.07511,46.3146],[9.07402,46.31622],[9.07386,46.31721],[9.07215,46.31926],[9.0704,46.32083],[9.0687,46.32201],[9.06736,46.32373],[9.06576,46.32404],[9.06439,46.32522],[9.06445,46.32787],[9.06681,46.32991],[9.06798,46.33129],[9.06961,46.33249],[9.06917,46.33311],[9.06758,46.33422],[9.06645,46.33636],[9.06784,46.33792],[9.06879,46.34007],[9.06958,46.34118],[9.06894,46.34231],[9.06932,46.34356],[9.07081,46.34352],[9.07223,46.34381],[9.07326,46.34468],[9.07448,46.34522],[9.07476,46.34565],[9.07637,46.34672],[9.07909,46.34708],[9.08017,46.34744],[9.08193,46.34902],[9.08472,46.34866],[9.08827,46.3492],[9.08824,46.35095],[9.08856,46.35163],[9.0885,46.35251],[9.08899,46.35334],[9.0904,46.3548],[9.09161,46.35547],[9.09263,46.35751],[9.09278,46.3587],[9.09336,46.36001],[9.09374,46.36272],[9.09445,46.36407],[9.09356,46.36485],[9.09311,46.36663],[9.09267,46.36763],[9.0932,46.36963],[9.09296,46.37083],[9.09404,46.37206],[9.09563,46.373],[9.09535,46.37453],[9.09418,46.37623],[9.09307,46.377],[9.09297,46.37769],[9.09314,46.37971],[9.09213,46.38095],[9.0922,46.38156],[9.09153,46.38282],[9.09147,46.3836],[9.0899,46.38535],[9.08996,46.38637],[9.08937,46.38711],[9.08726,46.38883],[9.08853,46.39016],[9.08883,46.39148],[9.08936,46.39269],[9.09074,46.39437],[9.09139,46.39587],[9.09271,46.39671],[9.09382,46.39785],[9.09587,46.39877],[9.09622,46.39987],[9.0956,46.40065],[9.0939,46.40211],[9.09301,46.40226],[9.09184,46.40282],[9.09153,46.4037],[9.08995,46.40514],[9.09079,46.40687],[9.09223,46.40763],[9.09339,46.4075],[9.09749,46.4089],[9.09913,46.40995],[9.10013,46.41],[9.10226,46.41076],[9.1031,46.41166],[9.10292,46.41355],[9.1023,46.41407],[9.10225,46.4147],[9.10092,46.41754],[9.09923,46.41924],[9.09841,46.41976],[9.09752,46.42108],[9.09676,46.42157],[9.09712,46.42207],[9.09626,46.42332],[9.09541,46.42532],[9.09271,46.42791],[9.09291,46.42838],[9.09206,46.42957],[9.09133,46.42997],[9.09085,46.43089],[9.08902,46.43215],[9.0891,46.43529],[9.08839,46.43661],[9.08958,46.43693],[9.08898,46.43886],[9.08849,46.43964],[9.08784,46.4423],[9.08702,46.44369],[9.08757,46.4445],[9.08873,46.44543],[9.08991,46.44702],[9.09172,46.44876],[9.09164,46.45117],[9.09206,46.45326],[9.09403,46.45716],[9.09425,46.45885],[9.09508,46.46038],[9.09355,46.46292],[9.09358,46.46324],[9.09206,46.46453],[9.09174,46.46508],[9.08984,46.46712],[9.08738,46.46878],[9.08506,46.47095],[9.08565,46.47246],[9.08577,46.47406],[9.08543,46.4754],[9.08259,46.47704],[9.08051,46.47747],[9.07993,46.47778],[9.07751,46.47832],[9.07679,46.47879],[9.07356,46.48027],[9.07213,46.47998],[9.06944,46.47913],[9.0682,46.47891],[9.06659,46.47834],[9.06524,46.4783],[9.06055,46.4763],[9.05918,46.47658],[9.05377,46.47688],[9.05255,46.47783],[9.052,46.47868],[9.05104,46.47932],[9.04833,46.47983],[9.04646,46.48067],[9.04562,46.48145],[9.04698,46.48247],[9.04788,46.48364],[9.04751,46.48482],[9.04638,46.48664],[9.0453,46.48797],[9.04194,46.48891],[9.04025,46.48956],[9.03928,46.49068],[9.03897,46.49157],[9.04014,46.49317],[9.04016,46.49395],[9.03888,46.49478],[9.03792,46.49626],[9.03715,46.49824],[9.03571,46.49953],[9.03469,46.50079],[9.0317,46.50254],[9.02919,46.50319],[9.0284,46.50359],[9.0283,46.50464],[9.02748,46.50541],[9.02642,46.50589],[9.0256,46.50697],[9.02417,46.50791],[9.02308,46.50969],[9.02275,46.51121],[9.02201,46.51253],[9.02212,46.51433],[9.02267,46.51515],[9.02214,46.51789],[9.02316,46.51908],[9.0222,46.52144],[9.02066,46.52353],[9.02077,46.52475],[9.02034,46.52541],[9.02092,46.52707],[9.01994,46.52859],[9.01719,46.52904],[9.01664,46.53204],[9.01984,46.53342],[9.02157,46.53387],[9.02145,46.53491],[9.02217,46.536],[9.02276,46.53767],[9.02193,46.53845],[9.02123,46.53963],[9.02153,46.54145],[9.0207,46.54461],[9.01949,46.54644],[9.01935,46.5478],[9.02097,46.54963],[9.02096,46.5501],[9.02283,46.55223],[9.02323,46.55394],[9.02417,46.55463],[9.02465,46.55534],[9.02463,46.55601],[9.02398,46.5564],[9.02444,46.55708],[9.02324,46.55808],[9.02405,46.55909],[9.02515,46.55962],[9.02669,46.56181],[9.027,46.56354],[9.02648,46.56439],[9.0267,46.56598],[9.02833,46.56752],[9.02909,46.56929],[9.02907,46.56977],[9.02982,46.57047],[9.02991,46.57134],[9.03151,46.57237],[9.03201,46.57305],[9.03367,46.57449],[9.03514,46.57493],[9.03565,46.5759],[9.03524,46.57725],[9.03552,46.57865],[9.03608,46.57922],[9.0363,46.58041],[9.03733,46.58203],[9.03806,46.58256],[9.04003,46.5832],[9.04242,46.58353],[9.04389,46.58337],[9.04245,46.58446],[9.04223,46.58536],[9.0435,46.58644],[9.04376,46.58725],[9.04281,46.5888],[9.04108,46.59016],[9.03754,46.59143],[9.03661,46.59151],[9.03536,46.59197],[9.03478,46.59255],[9.03416,46.5938],[9.03381,46.59806],[9.03411,46.59895],[9.0341,46.60002],[9.03274,46.59998],[9.02927,46.59932],[9.0272,46.59942],[9.02525,46.60148],[9.02406,46.60188],[9.02293,46.60183],[9.0208,46.60325],[9.01623,46.60321],[9.01488,46.60451],[9.01448,46.6053],[9.01138,46.60765],[9.01171,46.60796],[9.0097,46.60871],[9.00906,46.60929],[9.00759,46.60972],[9.00698,46.61062],[9.00625,46.61095],[9.00421,46.61133],[8.99535,46.61173],[8.98375,46.60881],[8.9731,46.60266],[8.97206,46.60241],[8.97112,46.60292],[8.96981,46.60324],[8.96668,46.60372],[8.96422,46.60351],[8.96323,46.60289],[8.96221,46.60264],[8.9597,46.6107],[8.963,46.61814],[8.95783,46.62987],[8.95702,46.63065],[8.9555,46.63128],[8.95533,46.63162],[8.95243,46.63229],[8.95086,46.62992],[8.95087,46.62862],[8.95152,46.62817],[8.95096,46.6271],[8.95125,46.62623],[8.95118,46.62528],[8.95038,46.62397],[8.94869,46.6233],[8.94705,46.6223],[8.94635,46.62142],[8.94534,46.62068],[8.94445,46.62055],[8.94351,46.61963],[8.94146,46.61849],[8.9388,46.61897],[8.93849,46.61923],[8.93565,46.61997],[8.93498,46.62039],[8.93314,46.62093],[8.92968,46.62147],[8.92876,46.62127],[8.92693,46.62129],[8.92582,46.6216],[8.92461,46.62315],[8.92302,46.62304],[8.92139,46.6224],[8.92082,46.62193],[8.92022,46.62078],[8.91863,46.61981],[8.91741,46.61952],[8.91588,46.61956],[8.91328,46.61916],[8.91169,46.61879],[8.91094,46.61792],[8.91061,46.61674],[8.90979,46.61635],[8.90776,46.61602],[8.90693,46.61526],[8.90642,46.61342],[8.90576,46.61225],[8.90561,46.61045],[8.90611,46.60998],[8.90591,46.60939],[8.90713,46.6075],[8.90741,46.60591],[8.90912,46.60423],[8.90977,46.60306],[8.91258,46.60097],[8.9129,46.60036],[8.91512,46.59941],[8.9156,46.59861],[8.91643,46.59792],[8.91676,46.59687],[8.91637,46.59608],[8.91537,46.59583],[8.9152,46.59467],[8.91624,46.59284],[8.91381,46.5912],[8.91257,46.58966],[8.91125,46.58871],[8.91041,46.58837],[8.90738,46.58634],[8.90679,46.58615],[8.90509,46.5849],[8.90368,46.5841],[8.89987,46.58308],[8.89394,46.58196],[8.8893,46.57916],[8.87944,46.57762],[8.87896,46.57653],[8.87806,46.57588],[8.87695,46.57467],[8.87474,46.57417],[8.87257,46.57414],[8.86991,46.57355],[8.86831,46.57347],[8.86747,46.57321],[8.8648,46.57297],[8.86295,46.57305],[8.8625,46.57173],[8.86166,46.57113],[8.86078,46.57096],[8.85869,46.57018],[8.85748,46.56993],[8.85568,46.57024],[8.85398,46.56955],[8.85278,46.56862],[8.85086,46.56776],[8.84942,46.56659],[8.8449,46.56411],[8.84323,46.56336],[8.84133,46.56337],[8.83847,46.56316],[8.83413,46.5636],[8.83339,46.56342],[8.83175,46.56393],[8.83076,46.56474],[8.83032,46.56587],[8.83042,46.56644],[8.82971,46.56772],[8.82954,46.56918],[8.82968,46.57137],[8.80074,46.56328],[8.76196,46.57426],[8.75916,46.57345],[8.75516,46.57417],[8.7528,46.57527],[8.75225,46.57592],[8.75059,46.57605],[8.74933,46.57531],[8.74756,46.5747],[8.74446,46.57243],[8.74368,46.57221],[8.74078,46.57234],[8.73921,46.57216],[8.73799,46.57259],[8.73711,46.57352],[8.73567,46.57386],[8.73402,46.57454],[8.73245,46.5749],[8.73159,46.5753],[8.72913,46.57588],[8.72792,46.57682],[8.72642,46.57567],[8.72418,46.57487],[8.72222,46.57312],[8.72104,46.57269],[8.71944,46.57182],[8.71751,46.57111],[8.71538,46.57124],[8.71178,46.57219],[8.70965,46.57338],[8.7053,46.5738],[8.70515,46.57552],[8.70477,46.57713],[8.70295,46.57874],[8.70167,46.57911],[8.69925,46.57945],[8.69868,46.57976],[8.6984,46.58105],[8.69666,46.58107],[8.69604,46.58058],[8.69518,46.58053],[8.69257,46.57967],[8.6912,46.57995],[8.69057,46.5804],[8.68864,46.58053],[8.6873,46.58032],[8.68564,46.58045],[8.68339,46.57989],[8.68203,46.57855],[8.68042,46.57839],[8.67875,46.57919]],[[8.96148,45.97236],[8.96415,45.97616],[8.96488,45.97982],[8.96708,45.98415],[8.97726,45.98304],[8.97756,45.98257],[8.97725,45.98144],[8.97644,45.97963],[8.97633,45.97586],[8.97663,45.97521],[8.97702,45.97325],[8.97758,45.97161],[8.97936,45.97104],[8.97824,45.96842],[8.97737,45.96813],[8.97707,45.96606],[8.97693,45.96375],[8.97565,45.96166],[8.97417,45.962],[8.97273,45.96202],[8.97122,45.96165],[8.9685,45.96192],[8.96894,45.96275],[8.96825,45.96304],[8.95854,45.96482],[8.95957,45.96791],[8.96096,45.97018],[8.96148,45.97236]]]},"properties":{"area_code":"TI","area_name":"Ticino","area_unit_id":"ch-canton-2026-swissboundaries3d:TI","boundary_set_id":"ch-canton-2026-swissboundaries3d","boundary_level":"canton","land_area_sq_km":2812.1543}},
{"type":"Feature","geometry":{"type":"Polygon","coordinates":[[[8.47764,46.52761],[8.47998,46.52907],[8.48073,46.5293],[8.48194,46.53157],[8.48264,46.53239],[8.48507,46.53231],[8.48655,46.53276],[8.4903,46.53285],[8.49135,46.53304],[8.4935,46.53409],[8.49506,46.53456],[8.49754,46.53421],[8.50028,46.5344],[8.50134,46.53512],[8.50542,46.53518],[8.50753,46.53583],[8.50792,46.53628],[8.50965,46.53679],[8.51136,46.53762],[8.51176,46.53749],[8.51382,46.53818],[8.51562,46.53849],[8.51608,46.53885],[8.51947,46.53892],[8.51961,46.5406],[8.51927,46.54117],[8.52044,46.5425],[8.5198,46.54343],[8.51889,46.54373],[8.51771,46.54519],[8.51807,46.54673],[8.51656,46.5475],[8.51572,46.54861],[8.51521,46.55025],[8.51446,46.55153],[8.51486,46.55282],[8.51587,46.55447],[8.51532,46.55556],[8.51355,46.55663],[8.51312,46.55808],[8.51417,46.56011],[8.51521,46.56118],[8.5158,46.56226],[8.51678,46.56291],[8.51814,46.56544],[8.51978,46.56651],[8.52101,46.56692],[8.52102,46.57006],[8.52033,46.57212],[8.51997,46.57266],[8.52191,46.57458],[8.52187,46.57598],[8.52119,46.57725],[8.52276,46.57762],[8.52502,46.57783],[8.52488,46.57922],[8.52613,46.58029],[8.52633,46.58153],[8.52772,46.58253],[8.53018,46.5837],[8.53139,46.58457],[8.53231,46.58475],[8.53425,46.58454],[8.53649,46.5849],[8.53893,46.58642],[8.5408,46.58601],[8.54124,46.58554],[8.54363,46.58467],[8.54502,46.58401],[8.54659,46.58246],[8.54805,46.58174],[8.55092,46.58069],[8.55466,46.58064],[8.55869,46.58158],[8.56034,46.5812],[8.56157,46.58164],[8.56394,46.58133],[8.56521,46.58133],[8.56744,46.58185],[8.56965,46.58262],[8.57244,46.58374],[8.5737,46.58371],[8.57588,46.58222],[8.5774,46.58163],[8.57774,46.58065],[8.57845,46.58068],[8.5805,46.57839],[8.58139,46.57705],[8.58373,46.5771],[8.58573,46.57624],[8.58781,46.5748],[8.59054,46.5734],[8.59193,46.57362],[8.59335,46.57347],[8.59654,46.57392],[8.59857,46.57399],[8.59978,46.57351],[8.60143,46.57359],[8.60253,46.57416],[8.60459,46.57414],[8.60773,46.57467],[8.61052,46.57487],[8.61342,46.57626],[8.6147,46.57702],[8.61496,46.57815],[8.61775,46.57755],[8.6204,46.57809],[8.62396,46.5771],[8.62535,46.57694],[8.62656,46.57637],[8.62681,46.57518],[8.62791,46.57417],[8.62955,46.57374],[8.62883,46.57153],[8.62891,46.57078],[8.62976,46.56887],[8.63026,46.56709],[8.63088,46.5658],[8.63145,46.56542],[8.63391,46.56535],[8.63403,46.56467],[8.63466,46.56438],[8.63797,46.56428],[8.63897,46.56446],[8.64075,46.56413],[8.64315,46.56472],[8.64344,46.56537],[8.64533,46.56514],[8.64795,46.56591],[8.64835,46.5662],[8.65129,46.56669],[8.6546,46.56827],[8.65607,46.56842],[8.65729,46.56907],[8.65794,46.56975],[8.65885,46.5715],[8.65967,46.57237],[8.65996,46.57365],[8.6616,46.57357],[8.66284,46.57383],[8.66491,46.57477],[8.66544,46.57571],[8.66686,46.57659],[8.66867,46.57686],[8.66895,46.57714],[8.67104,46.57748],[8.67238,46.578],[8.67264,46.5785],[8.67718,46.57863],[8.67875,46.57919],[8.68192,46.58853],[8.68056,46.59304],[8.68061,46.59505],[8.67728,46.59827],[8.67672,46.59937],[8.67729,46.60003],[8.67716,46.60158],[8.67754,46.60193],[8.67771,46.60321],[8.6795,46.60495],[8.67964,46.60562],[8.67847,46.60888],[8.67775,46.60936],[8.6783,46.61451],[8.67875,46.61599],[8.67668,46.61997],[8.67544,46.61971],[8.67404,46.62003],[8.67134,46.61961],[8.66779,46.6201],[8.66403,46.62168],[8.66388,46.62312],[8.66256,46.62343],[8.66097,46.62451],[8.65926,46.62493],[8.65796,46.62616],[8.65817,46.62697],[8.65801,46.62855],[8.65707,46.62908],[8.65645,46.62983],[8.65659,46.63133],[8.65367,46.63269],[8.65154,46.63402],[8.65107,46.63458],[8.65188,46.63794],[8.65347,46.63878],[8.6538,46.63931],[8.65571,46.63972],[8.65647,46.64084],[8.65748,46.64163],[8.65639,46.64321],[8.65644,46.64374],[8.65755,46.64498],[8.65842,46.64716],[8.65821,46.64777],[8.65606,46.6485],[8.65488,46.64997],[8.6614,46.65602],[8.66622,46.65597],[8.67155,46.65891],[8.67414,46.66142],[8.67542,46.66287],[8.67861,46.66426],[8.67714,46.66809],[8.67403,46.67069],[8.67361,46.67141],[8.67348,46.67263],[8.67414,46.6755],[8.67366,46.67672],[8.67422,46.67834],[8.67378,46.67951],[8.67285,46.68122],[8.67323,46.68231],[8.67399,46.68327],[8.67503,46.68405],[8.67507,46.68528],[8.67378,46.68824],[8.67396,46.68892],[8.67365,46.69091],[8.67436,46.69214],[8.67633,46.69421],[8.6783,46.69495],[8.68059,46.69505],[8.68248,46.69438],[8.68387,46.69465],[8.68629,46.69417],[8.6893,46.69616],[8.69065,46.69856],[8.6916,46.70098],[8.69259,46.70184],[8.69554,46.70283],[8.69671,46.70288],[8.69857,46.70348],[8.70021,46.70358],[8.70116,46.70339],[8.70404,46.70209],[8.70493,46.70094],[8.70899,46.69896],[8.71009,46.70019],[8.71129,46.70025],[8.71513,46.70155],[8.71652,46.70243],[8.7172,46.70258],[8.71768,46.70404],[8.71739,46.7053],[8.71771,46.70608],[8.71946,46.7065],[8.72014,46.70692],[8.72216,46.70673],[8.72308,46.70687],[8.72443,46.70667],[8.7261,46.70687],[8.72763,46.70744],[8.72812,46.7079],[8.72969,46.70869],[8.73004,46.70923],[8.73147,46.71053],[8.73242,46.71106],[8.73319,46.71185],[8.73447,46.71237],[8.73528,46.71303],[8.73749,46.71406],[8.7408,46.7146],[8.74213,46.71546],[8.74303,46.71552],[8.74302,46.71613],[8.7442,46.71669],[8.7457,46.71712],[8.74627,46.71773],[8.74754,46.71838],[8.74907,46.72074],[8.74909,46.72192],[8.74841,46.72249],[8.7444,46.72888],[8.74462,46.72984],[8.74548,46.73152],[8.74511,46.73172],[8.74722,46.73329],[8.7479,46.73518],[8.74764,46.73591],[8.74965,46.73642],[8.75103,46.73753],[8.75298,46.73814],[8.75616,46.7407],[8.75778,46.74155],[8.7589,46.74181],[8.76102,46.74293],[8.76373,46.74381],[8.76612,46.74478],[8.76959,46.74435],[8.76946,46.74307],[8.76977,46.74177],[8.76941,46.74095],[8.77017,46.74032],[8.77145,46.74021],[8.77278,46.73976],[8.77331,46.73887],[8.77352,46.73771],[8.77566,46.7359],[8.7755,46.73504],[8.77654,46.73443],[8.77635,46.73384],[8.77737,46.73223],[8.77942,46.73169],[8.78054,46.73121],[8.78199,46.72831],[8.78344,46.72887],[8.78538,46.72939],[8.7861,46.72984],[8.78924,46.73037],[8.79212,46.73136],[8.79355,46.73142],[8.79475,46.73172],[8.79755,46.73162],[8.79899,46.73173],[8.79953,46.73145],[8.80153,46.73259],[8.80357,46.73399],[8.80462,46.73444],[8.80678,46.73505],[8.80857,46.73509],[8.81165,46.73695],[8.81298,46.73731],[8.81114,46.74163],[8.81044,46.74492],[8.81123,46.7463],[8.81203,46.74721],[8.81292,46.74762],[8.81299,46.74822],[8.81382,46.74914],[8.81416,46.74998],[8.81372,46.75282],[8.81423,46.75331],[8.81397,46.75405],[8.81453,46.75526],[8.8161,46.75713],[8.8173,46.75804],[8.81857,46.7584],[8.81895,46.75991],[8.81855,46.76046],[8.81823,46.76174],[8.81855,46.76248],[8.82052,46.76316],[8.82259,46.76361],[8.823,46.76464],[8.82351,46.76478],[8.82542,46.76603],[8.82753,46.76547],[8.83057,46.76447],[8.83172,46.76433],[8.83282,46.76553],[8.83458,46.76685],[8.83291,46.76874],[8.83148,46.76953],[8.83036,46.77115],[8.83045,46.77331],[8.82999,46.77394],[8.82987,46.7757],[8.82923,46.77666],[8.82926,46.77716],[8.82816,46.77859],[8.828,46.78016],[8.8291,46.78183],[8.8288,46.78231],[8.82895,46.78354],[8.82795,46.78538],[8.82785,46.78619],[8.82661,46.78724],[8.82631,46.78835],[8.8272,46.78952],[8.82768,46.79164],[8.82815,46.79214],[8.8307,46.79259],[8.83309,46.79399],[8.83401,46.79504],[8.83628,46.79526],[8.83866,46.79512],[8.84109,46.79373],[8.84352,46.79368],[8.84666,46.79345],[8.84772,46.79351],[8.84787,46.79446],[8.847,46.79647],[8.84737,46.79728],[8.8473,46.79801],[8.84931,46.79881],[8.85255,46.79969],[8.85281,46.80017],[8.85481,46.80133],[8.85525,46.80196],[8.85753,46.80323],[8.85746,46.80397],[8.85881,46.80478],[8.85989,46.80569],[8.86292,46.806],[8.86495,46.80636],[8.86607,46.80673],[8.86947,46.80665],[8.87034,46.80754],[8.8719,46.80809],[8.87289,46.80823],[8.87424,46.80889],[8.87551,46.81133],[8.87705,46.81291],[8.87557,46.81596],[8.87625,46.81694],[8.88017,46.82008],[8.88164,46.82907],[8.8771,46.83348],[8.87437,46.8352],[8.8746,46.83675],[8.87367,46.83863],[8.87407,46.83964],[8.87299,46.84136],[8.87214,46.84171],[8.8735,46.84239],[8.87429,46.84318],[8.87585,46.84383],[8.87774,46.8441],[8.87961,46.84502],[8.88085,46.84518],[8.88326,46.84608],[8.88399,46.8462],[8.88622,46.84728],[8.88885,46.84825],[8.89108,46.84855],[8.89194,46.84851],[8.89311,46.84904],[8.89567,46.84957],[8.89574,46.85004],[8.89684,46.85097],[8.89919,46.85251],[8.89937,46.85316],[8.90035,46.85409],[8.90017,46.85448],[8.90149,46.85551],[8.90278,46.85612],[8.90374,46.85715],[8.90604,46.85867],[8.90759,46.86022],[8.90944,46.86098],[8.91128,46.8603],[8.91282,46.86037],[8.9137,46.86013],[8.91589,46.86017],[8.91658,46.86046],[8.91782,46.86048],[8.92064,46.8621],[8.92313,46.8633],[8.92668,46.86423],[8.92813,46.86433],[8.92878,46.86465],[8.93086,46.865],[8.93198,46.86551],[8.93338,46.86534],[8.93405,46.86606],[8.93591,46.86755],[8.93755,46.86813],[8.94064,46.86997],[8.94172,46.87089],[8.94434,46.87135],[8.94533,46.8714],[8.94588,46.87213],[8.94748,46.87232],[8.94853,46.87296],[8.95038,46.87318],[8.95592,46.87533],[8.95781,46.8795],[8.95678,46.88632],[8.95729,46.8879],[8.95619,46.88999],[8.95623,46.89037],[8.95459,46.89447],[8.95398,46.8965],[8.95415,46.897],[8.95282,46.89835],[8.95342,46.90069],[8.95224,46.90109],[8.95181,46.90162],[8.94859,46.90161],[8.94689,46.90269],[8.94575,46.90495],[8.94357,46.90616],[8.94235,46.90971],[8.93988,46.91225],[8.93862,46.91427],[8.93767,46.91611],[8.93538,46.91985],[8.93466,46.91929],[8.93348,46.91933],[8.93246,46.91885],[8.93195,46.91829],[8.93018,46.91785],[8.92975,46.91728],[8.92885,46.91727],[8.9265,46.91604],[8.92557,46.91597],[8.92411,46.91551],[8.92284,46.91569],[8.922,46.91526],[8.92076,46.91394],[8.91951,46.91406],[8.91721,46.91279],[8.9169,46.91207],[8.91496,46.91108],[8.91408,46.91157],[8.91338,46.91119],[8.91232,46.91112],[8.91132,46.91073],[8.91123,46.91015],[8.91035,46.90961],[8.90964,46.9087],[8.90886,46.90895],[8.90741,46.90886],[8.90746,46.90748],[8.90533,46.90845],[8.90297,46.90823],[8.89879,46.90634],[8.89922,46.90578],[8.89843,46.90453],[8.89726,46.90431],[8.89602,46.90452],[8.89518,46.90292],[8.89331,46.90277],[8.89098,46.90311],[8.88943,46.90253],[8.88858,46.90262],[8.88698,46.90235],[8.8835,46.90079],[8.88252,46.89909],[8.88103,46.89789],[8.87443,46.89497],[8.87139,46.8945],[8.87111,46.89403],[8.86853,46.89421],[8.86664,46.89494],[8.86367,46.89503],[8.86128,46.89451],[8.86212,46.89378],[8.86103,46.89306],[8.86123,46.89178],[8.86044,46.8905],[8.85859,46.88921],[8.85596,46.88854],[8.8545,46.8871],[8.85477,46.88575],[8.85318,46.8854],[8.84961,46.88822],[8.84784,46.89099],[8.84778,46.89296],[8.84849,46.89538],[8.84896,46.89899],[8.84921,46.90011],[8.84903,46.9009],[8.84823,46.90239],[8.84859,46.90354],[8.84826,46.90399],[8.84824,46.90523],[8.84881,46.90651],[8.84888,46.90768],[8.84939,46.90866],[8.84928,46.9103],[8.84942,46.91114],[8.8488,46.91216],[8.84881,46.91277],[8.84713,46.91317],[8.84616,46.91211],[8.84508,46.91152],[8.8442,46.91134],[8.84256,46.90942],[8.83961,46.90834],[8.83612,46.90768],[8.83525,46.90974],[8.83345,46.91145],[8.83014,46.91673],[8.8287,46.91793],[8.82779,46.91934],[8.8275,46.92241],[8.82884,46.92286],[8.82978,46.92406],[8.82844,46.92503],[8.82875,46.9265],[8.82963,46.928],[8.83008,46.93046],[8.82985,46.93161],[8.82871,46.93283],[8.82718,46.93365],[8.82733,46.9341],[8.82677,46.93571],[8.82407,46.93587],[8.82113,46.93624],[8.82008,46.93738],[8.81419,46.93863],[8.8107,46.94145],[8.80876,46.94027],[8.80566,46.93887],[8.80419,46.93832],[8.80326,46.93834],[8.80073,46.93751],[8.79797,46.93673],[8.79602,46.93546],[8.79623,46.9347],[8.79439,46.93311],[8.7918,46.93171],[8.79197,46.93078],[8.78775,46.93035],[8.78634,46.93095],[8.78504,46.93113],[8.78339,46.93168],[8.78203,46.93194],[8.78105,46.93242],[8.77927,46.93252],[8.77785,46.93313],[8.7743,46.93826],[8.77448,46.93968],[8.77093,46.9415],[8.76888,46.94037],[8.76661,46.94012],[8.76619,46.93941],[8.76521,46.93873],[8.76226,46.93838],[8.76136,46.9377],[8.75946,46.9372],[8.75858,46.93673],[8.75805,46.93696],[8.75683,46.93622],[8.7563,46.93658],[8.75118,46.93444],[8.74913,46.93367],[8.74515,46.93521],[8.7451,46.93349],[8.74476,46.93298],[8.74363,46.93236],[8.74212,46.93204],[8.74069,46.93259],[8.73939,46.93177],[8.73783,46.93248],[8.73712,46.93217],[8.73582,46.93025],[8.73375,46.93023],[8.73259,46.92975],[8.73084,46.92815],[8.72947,46.92821],[8.72897,46.92791],[8.72866,46.92693],[8.72807,46.92648],[8.72641,46.92577],[8.72543,46.92595],[8.72542,46.92527],[8.72458,46.92522],[8.72404,46.92397],[8.72261,46.92313],[8.72257,46.92259],[8.72185,46.92212],[8.72051,46.92184],[8.72057,46.92045],[8.71943,46.91961],[8.71786,46.91924],[8.71768,46.91849],[8.71633,46.91857],[8.7155,46.91809],[8.71462,46.91844],[8.71265,46.91862],[8.71088,46.91798],[8.7107,46.91767],[8.70882,46.91714],[8.70775,46.91716],[8.70591,46.91958],[8.70482,46.92013],[8.70369,46.9213],[8.70215,46.92187],[8.70086,46.92258],[8.69957,46.92298],[8.69924,46.92384],[8.69865,46.92413],[8.69831,46.92553],[8.6977,46.92623],[8.69772,46.92701],[8.69654,46.9288],[8.70032,46.93265],[8.69988,46.93339],[8.69981,46.9348],[8.69769,46.93865],[8.69739,46.93965],[8.69658,46.9403],[8.69691,46.94219],[8.69641,46.94304],[8.69478,46.9437],[8.69409,46.94442],[8.69334,46.94581],[8.69296,46.94698],[8.69006,46.94703],[8.68811,46.94642],[8.68431,46.94545],[8.68117,46.94613],[8.67986,46.94583],[8.67933,46.94599],[8.67707,46.94566],[8.67534,46.94492],[8.67363,46.94501],[8.6721,46.94442],[8.67075,46.94411],[8.66942,46.94408],[8.668,46.94464],[8.66691,46.94475],[8.66467,46.94548],[8.66199,46.94571],[8.65884,46.94642],[8.65692,46.94586],[8.65593,46.94644],[8.65513,46.94647],[8.65283,46.94707],[8.6506,46.94746],[8.65012,46.94773],[8.64832,46.94797],[8.64571,46.94896],[8.64411,46.94902],[8.64294,46.94929],[8.64161,46.94914],[8.64079,46.94962],[8.63803,46.94948],[8.63638,46.94984],[8.63581,46.94961],[8.63479,46.94988],[8.63339,46.9497],[8.62918,46.95019],[8.6277,46.95027],[8.62725,46.95085],[8.62371,46.95251],[8.6224,46.95273],[8.62078,46.9525],[8.6044,46.95196],[8.60351,46.96855],[8.60119,46.97523],[8.60414,46.98233],[8.60315,46.98684],[8.59715,46.99021],[8.58242,46.99341],[8.57105,46.99016],[8.57427,46.98383],[8.57494,46.98306],[8.57329,46.98105],[8.57274,46.98006],[8.57189,46.97972],[8.57053,46.97829],[8.56945,46.97662],[8.56849,46.97555],[8.56706,46.97463],[8.56595,46.97435],[8.56222,46.97292],[8.56306,46.97022],[8.56218,46.96872],[8.56149,46.96809],[8.56024,46.96558],[8.55915,46.96532],[8.55848,46.96416],[8.55643,46.96342],[8.55498,46.96321],[8.55518,46.96123],[8.55582,46.9607],[8.55617,46.9599],[8.55588,46.95922],[8.55565,46.95653],[8.55586,46.954],[8.55559,46.95263],[8.55565,46.95143],[8.55734,46.94752],[8.55576,46.9456],[8.55708,46.94537],[8.55615,46.94434],[8.55645,46.94377],[8.55607,46.94244],[8.55561,46.94214],[8.55589,46.94078],[8.55819,46.94095],[8.55883,46.9404],[8.55847,46.93993],[8.55679,46.93935],[8.55588,46.93923],[8.5556,46.93982],[8.55439,46.93925],[8.54983,46.93934],[8.54889,46.93863],[8.54438,46.93946],[8.54444,46.93868],[8.54545,46.93641],[8.54609,46.93569],[8.5472,46.93588],[8.54768,46.93482],[8.54691,46.93336],[8.54691,46.93208],[8.54556,46.93044],[8.54436,46.9297],[8.54384,46.92894],[8.54406,46.92786],[8.54221,46.92719],[8.54109,46.92641],[8.53864,46.92581],[8.53718,46.92563],[8.53596,46.92498],[8.53444,46.92489],[8.53172,46.92354],[8.53062,46.92345],[8.52943,46.92367],[8.52892,46.92328],[8.52547,46.92323],[8.52364,46.92274],[8.52176,46.92292],[8.51984,46.92284],[8.51885,46.92002],[8.51579,46.91882],[8.51533,46.91798],[8.51396,46.91788],[8.5109,46.91672],[8.51052,46.91631],[8.509,46.91569],[8.50587,46.91522],[8.50279,46.91443],[8.50199,46.91462],[8.50096,46.91587],[8.49977,46.91656],[8.49812,46.91875],[8.49598,46.91789],[8.49442,46.91789],[8.49359,46.91854],[8.49241,46.91838],[8.48972,46.91848],[8.48779,46.91838],[8.4861,46.91847],[8.48499,46.91717],[8.48462,46.91372],[8.48393,46.9117],[8.48195,46.9099],[8.48127,46.90853],[8.48003,46.90831],[8.47747,46.90747],[8.47469,46.90717],[8.4743,46.90687],[8.47068,46.90594],[8.46775,46.90487],[8.46657,46.90529],[8.46427,46.90473],[8.46329,46.90271],[8.46195,46.90185],[8.4614,46.90115],[8.46059,46.90095],[8.45975,46.89984],[8.45831,46.89877],[8.45868,46.89806],[8.45948,46.89761],[8.46129,46.89719],[8.46282,46.89721],[8.46569,46.8975],[8.46766,46.89756],[8.4703,46.8953],[8.4705,46.89466],[8.47152,46.89453],[8.47172,46.89406],[8.47406,46.89343],[8.4735,46.89289],[8.47297,46.89148],[8.47443,46.88998],[8.47483,46.88924],[8.47668,46.8883],[8.47673,46.88646],[8.4791,46.88252],[8.4739,46.8797],[8.47265,46.8784],[8.47184,46.8779],[8.4679,46.87714],[8.4672,46.87624],[8.46721,46.8744],[8.4678,46.8734],[8.46978,46.87155],[8.47021,46.87092],[8.47021,46.86922],[8.47135,46.86813],[8.4701,46.86556],[8.46915,46.8641],[8.46904,46.86298],[8.46932,46.86201],[8.46791,46.86064],[8.46917,46.85919],[8.46908,46.85803],[8.47089,46.85633],[8.47084,46.85485],[8.47457,46.85454],[8.47632,46.85503],[8.47655,46.85571],[8.47747,46.85658],[8.47846,46.85703],[8.48005,46.85725],[8.48236,46.85541],[8.48557,46.85494],[8.48666,46.85399],[8.4902,46.85304],[8.49201,46.85299],[8.49328,46.85274],[8.49512,46.85293],[8.49649,46.8535],[8.49768,46.85361],[8.49851,46.8531],[8.4985,46.85224],[8.49963,46.85135],[8.50035,46.85114],[8.50215,46.8495],[8.50256,46.84799],[8.50324,46.84731],[8.50463,46.84668],[8.50536,46.84601],[8.50681,46.84548],[8.50552,46.84489],[8.5058,46.84278],[8.50492,46.8416],[8.50351,46.84063],[8.50071,46.83934],[8.49931,46.83924],[8.4971,46.83849],[8.49371,46.83769],[8.49351,46.83748],[8.49114,46.83674],[8.49037,46.8358],[8.48897,46.83566],[8.48762,46.83307],[8.48631,46.83204],[8.48632,46.83098],[8.48577,46.83048],[8.4854,46.82917],[8.48342,46.82702],[8.48326,46.82579],[8.48372,46.82492],[8.48372,46.82172],[8.48334,46.82036],[8.48369,46.81987],[8.48322,46.81898],[8.48116,46.81757],[8.48128,46.81624],[8.47973,46.81436],[8.47813,46.81372],[8.47822,46.81263],[8.4807,46.81137],[8.48067,46.81074],[8.48324,46.80875],[8.4833,46.80764],[8.48271,46.80671],[8.48342,46.80571],[8.4833,46.8047],[8.48198,46.80326],[8.47867,46.80134],[8.47632,46.80082],[8.47232,46.79937],[8.4701,46.7994],[8.46427,46.80053],[8.4658,46.79871],[8.46472,46.79851],[8.46688,46.79771],[8.46831,46.79769],[8.47136,46.79588],[8.47259,46.79545],[8.47358,46.79576],[8.47549,46.79684],[8.47705,46.79729],[8.47781,46.79719],[8.48114,46.79842],[8.48127,46.79729],[8.48192,46.79483],[8.48194,46.79389],[8.48059,46.79266],[8.47926,46.79181],[8.47837,46.79013],[8.47856,46.78927],[8.48067,46.78808],[8.48114,46.78761],[8.48362,46.7863],[8.48471,46.7848],[8.4854,46.78328],[8.48686,46.78206],[8.48829,46.78146],[8.48861,46.78094],[8.49144,46.77253],[8.48865,46.77113],[8.48647,46.77094],[8.48445,46.77056],[8.48293,46.76932],[8.48013,46.76858],[8.47886,46.76875],[8.47609,46.7682],[8.47579,46.76789],[8.47409,46.76771],[8.47068,46.76788],[8.47038,46.76846],[8.46892,46.7692],[8.4664,46.76961],[8.46458,46.76958],[8.46279,46.76857],[8.46036,46.7691],[8.45611,46.76728],[8.45596,46.76651],[8.45504,46.76598],[8.45431,46.76607],[8.4514,46.76469],[8.45049,46.76451],[8.44833,46.76342],[8.44755,46.76136],[8.44735,46.7599],[8.44698,46.7591],[8.44749,46.75837],[8.44625,46.75697],[8.4453,46.75658],[8.44509,46.75601],[8.44408,46.75543],[8.44422,46.75504],[8.44356,46.75388],[8.44231,46.7543],[8.4412,46.75424],[8.43917,46.75312],[8.43904,46.75242],[8.43968,46.75136],[8.44184,46.75002],[8.44277,46.74895],[8.44377,46.7471],[8.44258,46.74639],[8.44231,46.74581],[8.44077,46.74456],[8.44024,46.74264],[8.44118,46.7423],[8.4415,46.74139],[8.44085,46.74007],[8.44071,46.739],[8.44087,46.73787],[8.442,46.73568],[8.44372,46.73428],[8.44528,46.73379],[8.44577,46.73323],[8.4469,46.73299],[8.44869,46.73137],[8.44972,46.72984],[8.44932,46.7288],[8.44746,46.72826],[8.44708,46.72706],[8.44719,46.71776],[8.44758,46.71645],[8.44726,46.71491],[8.44743,46.71415],[8.44813,46.71294],[8.44897,46.7122],[8.45103,46.71141],[8.45364,46.71087],[8.45355,46.70924],[8.45384,46.70841],[8.45251,46.70565],[8.45215,46.7042],[8.45256,46.70362],[8.4523,46.70287],[8.45354,46.70175],[8.45385,46.69999],[8.45516,46.6989],[8.45446,46.69836],[8.45507,46.69752],[8.45389,46.69472],[8.45303,46.69395],[8.45271,46.69293],[8.45311,46.69141],[8.45252,46.69053],[8.45229,46.68874],[8.44997,46.68808],[8.44881,46.68799],[8.44692,46.68737],[8.44455,46.68704],[8.44057,46.68553],[8.43774,46.68631],[8.43643,46.68637],[8.43377,46.68685],[8.43164,46.68689],[8.42819,46.68606],[8.42369,46.68671],[8.42223,46.68706],[8.41995,46.68739],[8.41994,46.68701],[8.41807,46.6871],[8.41736,46.68738],[8.41529,46.68748],[8.41446,46.68955],[8.41324,46.69034],[8.41223,46.69071],[8.41051,46.6905],[8.40833,46.6905],[8.39962,46.69287],[8.39873,46.69165],[8.3987,46.68893],[8.39959,46.68824],[8.39871,46.68561],[8.39736,46.68425],[8.39768,46.68371],[8.3976,46.68247],[8.39888,46.68168],[8.39849,46.68097],[8.39891,46.68033],[8.39902,46.67847],[8.3984,46.67655],[8.39788,46.67548],[8.39815,46.67409],[8.40053,46.67253],[8.40114,46.67048],[8.4022,46.66881],[8.40297,46.66815],[8.40566,46.66741],[8.40716,46.66679],[8.40843,46.66562],[8.40851,46.66422],[8.40907,46.66325],[8.40897,46.6615],[8.4092,46.66056],[8.40897,46.65944],[8.40955,46.65793],[8.4093,46.65676],[8.41027,46.65294],[8.41823,46.65219],[8.41855,46.65194],[8.41881,46.65068],[8.42046,46.64865],[8.42199,46.64788],[8.42072,46.64658],[8.42137,46.6445],[8.42082,46.64217],[8.42086,46.63983],[8.41995,46.63846],[8.41987,46.63773],[8.42031,46.63718],[8.41881,46.63592],[8.41935,46.63516],[8.41919,46.63405],[8.41999,46.63312],[8.41981,46.63151],[8.42027,46.63009],[8.42092,46.6295],[8.42105,46.6278],[8.42236,46.62726],[8.42217,46.62686],[8.42075,46.6263],[8.42035,46.62506],[8.42065,46.62403],[8.42049,46.62168],[8.42102,46.6209],[8.42099,46.61968],[8.42039,46.61902],[8.42066,46.61758],[8.42041,46.61635],[8.41948,46.61528],[8.41849,46.61472],[8.41698,46.61256],[8.41718,46.60949],[8.41614,46.60683],[8.41512,46.60642],[8.41413,46.60474],[8.4133,46.60477],[8.41103,46.60314],[8.41121,46.60266],[8.4105,46.60219],[8.4082,46.60137],[8.40847,46.6011],[8.40764,46.59952],[8.4093,46.59752],[8.41033,46.59689],[8.40901,46.59539],[8.40855,46.59374],[8.40878,46.59314],[8.40808,46.59161],[8.40779,46.59035],[8.40785,46.58932],[8.40741,46.5877],[8.40614,46.58596],[8.40722,46.58534],[8.40798,46.58452],[8.40766,46.58302],[8.41048,46.57968],[8.40982,46.57875],[8.40996,46.57748],[8.41237,46.57549],[8.41513,46.57272],[8.41703,46.5711],[8.41922,46.5668],[8.41976,46.56617],[8.41919,46.56511],[8.41963,46.56357],[8.42165,46.56074],[8.42302,46.56039],[8.42343,46.55966],[8.42303,46.556],[8.42391,46.55364],[8.42386,46.5526],[8.42466,46.55106],[8.42549,46.55077],[8.42609,46.54993],[8.42657,46.5486],[8.42632,46.54732],[8.42774,46.54626],[8.42847,46.54543],[8.42848,46.54428],[8.42926,46.54331],[8.43093,46.54329],[8.43287,46.54294],[8.43426,46.54176],[8.43467,46.54098],[8.43557,46.54013],[8.43821,46.53966],[8.43919,46.54014],[8.44109,46.53972],[8.44342,46.5381],[8.44372,46.53755],[8.44485,46.53757],[8.44529,46.53684],[8.4461,46.53658],[8.45179,46.53514],[8.45287,46.53497],[8.4548,46.53423],[8.45688,46.53401],[8.45816,46.53355],[8.46024,46.53385],[8.46134,46.53425],[8.46369,46.53584],[8.46554,46.53548],[8.46658,46.53404],[8.4671,46.53368],[8.46802,46.53387],[8.46858,46.53311],[8.46941,46.53285],[8.47224,46.5304],[8.47351,46.52856],[8.4761,46.52782],[8.47764,46.52761]]]},"properties":{"area_code":"UR","area_name":"Uri","area_unit_id":"ch-canton-2026-swissboundaries3d:UR","boundary_set_id":"ch-canton-2026-swissboundaries3d","boundary_level":"canton","land_area_sq_km":1076.5348}},
{"type":"Feature","geometry":{"type":"MultiPolygon","coordinates":[[[[6.86569,46.90958],[6.89171,46.88673],[6.89442,46.88512],[6.89642,46.88304],[6.8973,46.88394],[6.89836,46.88284],[6.89922,46.88339],[6.90064,46.88191],[6.90107,46.88213],[6.90366,46.87943],[6.90533,46.88033],[6.90696,46.87862],[6.9108,46.88063],[6.9121,46.87923],[6.91295,46.8787],[6.92101,46.87133],[6.91583,46.86952],[6.91655,46.86878],[6.91176,46.86715],[6.90961,46.86949],[6.90747,46.86884],[6.90512,46.8685],[6.90357,46.86747],[6.90076,46.86637],[6.89847,46.86704],[6.89657,46.86591],[6.89423,46.86534],[6.89187,46.86496],[6.89329,46.86394],[6.89411,46.86307],[6.89435,46.86217],[6.89588,46.86275],[6.89646,46.86123],[6.90435,46.86351],[6.90512,46.86365],[6.91154,46.86549],[6.91287,46.86594],[6.91376,46.86488],[6.91568,46.86304],[6.91681,46.86339],[6.91778,46.8632],[6.91993,46.86044],[6.92148,46.86077],[6.92236,46.85906],[6.92416,46.85946],[6.92526,46.85792],[6.92715,46.85454],[6.92885,46.85494],[6.93062,46.85324],[6.9204,46.84808],[6.91017,46.83877],[6.91056,46.83857],[6.90884,46.83629],[6.9074,46.83419],[6.90716,46.83003],[6.90697,46.82857],[6.90633,46.82835],[6.90543,46.82698],[6.9053,46.82597],[6.90487,46.82512],[6.90513,46.82425],[6.90639,46.82237],[6.90768,46.8199],[6.90932,46.81893],[6.90757,46.81764],[6.90961,46.81743],[6.9085,46.81636],[6.90951,46.81413],[6.91085,46.81253],[6.90933,46.81072],[6.9069,46.80816],[6.90657,46.8076],[6.90494,46.80648],[6.90489,46.80561],[6.90719,46.80502],[6.91134,46.80313],[6.91369,46.80477],[6.91338,46.80496],[6.9158,46.80666],[6.9148,46.80741],[6.91717,46.8092],[6.91859,46.81003],[6.92,46.81057],[6.92107,46.80951],[6.92247,46.80869],[6.92616,46.80882],[6.92742,46.80906],[6.92757,46.80825],[6.92833,46.80741],[6.93101,46.80624],[6.93159,46.80489],[6.93112,46.80371],[6.92984,46.80258],[6.92765,46.80164],[6.92678,46.80042],[6.9266,46.79927],[6.92556,46.79828],[6.92179,46.79719],[6.92097,46.79646],[6.92096,46.79513],[6.91935,46.79266],[6.91841,46.79068],[6.91669,46.78903],[6.91651,46.78742],[6.91717,46.7855],[6.91715,46.78479],[6.91572,46.78332],[6.91335,46.78221],[6.91226,46.78144],[6.91099,46.77971],[6.90824,46.78202],[6.90998,46.78318],[6.90734,46.78382],[6.90591,46.78267],[6.90505,46.78155],[6.90349,46.78192],[6.89912,46.78159],[6.89983,46.78006],[6.89781,46.77936],[6.89502,46.7791],[6.8942,46.7773],[6.89026,46.77812],[6.88813,46.77827],[6.88312,46.77665],[6.88281,46.7767],[6.87955,46.7753],[6.87955,46.77634],[6.87858,46.77635],[6.87724,46.77592],[6.87592,46.77644],[6.87441,46.77731],[6.87263,46.77874],[6.8718,46.77814],[6.87026,46.77866],[6.86933,46.77963],[6.86789,46.7796],[6.866,46.78045],[6.86486,46.78057],[6.8638,46.78112],[6.86243,46.78221],[6.86189,46.78317],[6.86389,46.78441],[6.8638,46.78528],[6.86309,46.7861],[6.8625,46.78575],[6.86134,46.7864],[6.85909,46.788],[6.85447,46.78594],[6.85269,46.78537],[6.8516,46.78588],[6.84922,46.78405],[6.85043,46.78351],[6.85013,46.78291],[6.85049,46.78235],[6.84929,46.78201],[6.84852,46.78091],[6.84719,46.78122],[6.84667,46.78043],[6.84411,46.77886],[6.84321,46.77872],[6.83967,46.78095],[6.83869,46.78006],[6.83799,46.77816],[6.83717,46.77817],[6.8365,46.77696],[6.83551,46.77688],[6.83633,46.7761],[6.83409,46.7752],[6.83308,46.77454],[6.82988,46.77579],[6.82806,46.77663],[6.82623,46.77426],[6.82563,46.77292],[6.82446,46.77359],[6.82367,46.77484],[6.8217,46.77629],[6.81975,46.77727],[6.81841,46.77772],[6.81866,46.77814],[6.81749,46.77849],[6.81668,46.77776],[6.81542,46.77788],[6.81427,46.77861],[6.81303,46.77833],[6.81242,46.77893],[6.81344,46.78027],[6.81129,46.78182],[6.80922,46.78373],[6.80868,46.78357],[6.80465,46.78564],[6.80107,46.78383],[6.79985,46.78456],[6.79794,46.78288],[6.79606,46.78385],[6.79308,46.78567],[6.7906,46.78763],[6.78962,46.78856],[6.78888,46.78886],[6.78582,46.79118],[6.78535,46.79116],[6.78374,46.79229],[6.78417,46.79257],[6.78301,46.79339],[6.78132,46.79225],[6.78078,46.79262],[6.78026,46.79136],[6.77875,46.79013],[6.77713,46.78911],[6.77598,46.78975],[6.77665,46.79056],[6.77758,46.79262],[6.77858,46.79389],[6.78033,46.795],[6.78451,46.79731],[6.78476,46.79715],[6.78668,46.7984],[6.78613,46.79872],[6.78728,46.7996],[6.78521,46.80152],[6.78355,46.80266],[6.78085,46.80133],[6.77881,46.80057],[6.77696,46.80243],[6.77324,46.80473],[6.772,46.80584],[6.76732,46.80879],[6.74187,46.82788],[6.77983,46.85296],[6.75526,46.87046],[6.75186,46.87061],[6.7506,46.87113],[6.74058,46.87179],[6.74,46.87198],[6.7383,46.87096],[6.73464,46.86906],[6.73339,46.8679],[6.73261,46.86834],[6.73324,46.86941],[6.73405,46.8718],[6.73588,46.87273],[6.7368,46.87382],[6.73786,46.87662],[6.73896,46.87853],[6.73939,46.87894],[6.74022,46.88274],[6.7407,46.88344],[6.73999,46.88438],[6.73801,46.88456],[6.7394,46.89093],[6.74011,46.89481],[6.73175,46.89914],[6.72667,46.90194],[6.721,46.90538],[6.7167,46.90608],[6.71775,46.91172],[6.71753,46.91586],[6.71856,46.91883],[6.72086,46.92583],[6.7237,46.93112],[6.72187,46.93174],[6.72116,46.93235],[6.72021,46.9338],[6.72088,46.9353],[6.72083,46.93609],[6.71562,46.93479],[6.70785,46.93245],[6.70254,46.93092],[6.68939,46.92706],[6.68404,46.92557],[6.67993,46.92403],[6.66852,46.92056],[6.66298,46.91791],[6.65485,46.91412],[6.65402,46.91338],[6.65162,46.91237],[6.64722,46.9107],[6.64691,46.9103],[6.64549,46.90617],[6.6362,46.89726],[6.62711,46.88871],[6.61463,46.88891],[6.60904,46.88727],[6.60655,46.88667],[6.59862,46.88362],[6.59698,46.88353],[6.59336,46.88436],[6.58763,46.88431],[6.5748,46.88048],[6.57038,46.87882],[6.5649,46.87625],[6.56218,46.87523],[6.56086,46.87448],[6.55941,46.87395],[6.55712,46.8737],[6.55629,46.87316],[6.55493,46.87335],[6.55317,46.87325],[6.55143,46.87279],[6.54964,46.87184],[6.54634,46.86921],[6.54472,46.86844],[6.54383,46.86828],[6.53909,46.86687],[6.53776,46.86685],[6.53536,46.86474],[6.53308,46.86294],[6.53207,46.86175],[6.53059,46.86036],[6.52869,46.85906],[6.52531,46.85794],[6.52331,46.85656],[6.51435,46.85479],[6.50439,46.85237],[6.49663,46.85032],[6.48675,46.84783],[6.48211,46.84659],[6.47072,46.84713],[6.46652,46.84783],[6.46536,46.85083],[6.46003,46.8513],[6.45505,46.84593],[6.44316,46.83271],[6.43951,46.82398],[6.44084,46.81582],[6.43104,46.81236],[6.43479,46.80148],[6.44148,46.79786],[6.44782,46.79452],[6.453,46.79159],[6.45841,46.78878],[6.45417,46.78223],[6.45167,46.77863],[6.45225,46.77421],[6.44889,46.77326],[6.44519,46.7709],[6.43844,46.76668],[6.43791,46.76312],[6.43937,46.76275],[6.43819,46.76178],[6.43504,46.75984],[6.43032,46.75679],[6.42462,46.75446],[6.41934,46.75314],[6.41597,46.7525],[6.41133,46.75151],[6.40338,46.75003],[6.40088,46.75089],[6.3999,46.74966],[6.3952,46.74847],[6.3884,46.74329],[6.38848,46.74239],[6.39018,46.74225],[6.39124,46.74112],[6.39202,46.73897],[6.39063,46.73671],[6.38944,46.73507],[6.38393,46.73103],[6.38262,46.73096],[6.38082,46.73058],[6.37971,46.73075],[6.379,46.73038],[6.37684,46.73064],[6.37477,46.73111],[6.37268,46.7307],[6.37105,46.73069],[6.36778,46.72914],[6.3713,46.72918],[6.3717,46.72412],[6.3667,46.7232],[6.36597,46.72235],[6.36509,46.72258],[6.36416,46.72176],[6.3633,46.72232],[6.3613,46.72235],[6.36016,46.72309],[6.3573,46.71972],[6.35376,46.7182],[6.35214,46.71486],[6.34936,46.71444],[6.34123,46.71012],[6.33244,46.70784],[6.32713,46.70624],[6.32511,46.70647],[6.31556,46.70264],[6.29706,46.69428],[6.2955,46.69451],[6.29246,46.6931],[6.28571,46.69133],[6.28199,46.69067],[6.27904,46.6875],[6.2759,46.68567],[6.26913,46.68255],[6.26926,46.68167],[6.26881,46.68007],[6.27036,46.67982],[6.27019,46.67859],[6.2693,46.67859],[6.26881,46.67793],[6.26798,46.67813],[6.26726,46.67621],[6.25696,46.6696],[6.25321,46.66725],[6.24483,46.66237],[6.24235,46.66087],[6.23811,46.65756],[6.23601,46.65656],[6.23276,46.65446],[6.2308,46.65158],[6.22757,46.64819],[6.22381,46.64623],[6.21902,46.64509],[6.21666,46.64311],[6.21744,46.64228],[6.21666,46.64168],[6.21551,46.64171],[6.21287,46.64105],[6.21296,46.6401],[6.21165,46.63925],[6.21064,46.63829],[6.20741,46.63562],[6.20674,46.63569],[6.20558,46.635],[6.20405,46.63629],[6.1995,46.63453],[6.20058,46.63362],[6.19721,46.63012],[6.19584,46.62953],[6.1965,46.62866],[6.1963,46.62825],[6.19517,46.628],[6.19366,46.62678],[6.19216,46.62621],[6.19084,46.62545],[6.18931,46.62576],[6.18845,46.62465],[6.18711,46.62409],[6.18555,46.62368],[6.18344,46.62139],[6.1795,46.6201],[6.17909,46.61891],[6.17974,46.61818],[6.17897,46.61575],[6.17166,46.61252],[6.16887,46.61155],[6.16532,46.61007],[6.16377,46.60995],[6.1612,46.60996],[6.15947,46.60862],[6.15788,46.60768],[6.15641,46.60616],[6.15383,46.60398],[6.15369,46.60365],[6.15155,46.60336],[6.14801,46.60218],[6.14626,46.60092],[6.14184,46.59809],[6.1396,46.59762],[6.1361,46.59541],[6.13247,46.59333],[6.12988,46.59157],[6.12652,46.58992],[6.12393,46.58743],[6.12185,46.58401],[6.11827,46.58175],[6.11503,46.57993],[6.11047,46.57644],[6.11374,46.5743],[6.12373,46.56738],[6.12755,46.56479],[6.14218,46.55499],[6.14524,46.55302],[6.14779,46.55123],[6.15604,46.54576],[6.15666,46.5453],[6.15205,46.54215],[6.14858,46.53937],[6.15347,46.53679],[6.1522,46.53556],[6.14368,46.52774],[6.13796,46.53099],[6.13247,46.52646],[6.12131,46.51746],[6.1126,46.50956],[6.10998,46.50413],[6.10364,46.49415],[6.09898,46.48453],[6.0969,46.4813],[6.08555,46.47364],[6.07687,46.46737],[6.07284,46.46547],[6.0731,46.46415],[6.07391,46.46347],[6.07345,46.45988],[6.07691,46.4576],[6.07441,46.45351],[6.0786,46.45036],[6.08439,46.44744],[6.08641,46.44388],[6.08562,46.44083],[6.07457,46.43217],[6.07389,46.42836],[6.07058,46.42552],[6.06708,46.42085],[6.06386,46.41639],[6.06759,46.4149],[6.08245,46.41216],[6.08727,46.41121],[6.09763,46.40904],[6.09789,46.40792],[6.09871,46.40798],[6.09946,46.40721],[6.09907,46.40633],[6.09982,46.40585],[6.10009,46.40474],[6.10169,46.40356],[6.10264,46.40231],[6.10314,46.40224],[6.104,46.40104],[6.10568,46.39942],[6.10883,46.39955],[6.10998,46.399],[6.11382,46.39683],[6.11464,46.39756],[6.11311,46.39865],[6.11298,46.39994],[6.11829,46.39719],[6.13171,46.38999],[6.1347,46.3887],[6.13762,46.38664],[6.1436,46.38226],[6.14669,46.38011],[6.14675,46.37965],[6.14881,46.37852],[6.14967,46.37752],[6.1517,46.37732],[6.15389,46.37755],[6.15477,46.37862],[6.15703,46.37773],[6.15843,46.37974],[6.15989,46.37899],[6.16041,46.37835],[6.16054,46.3775],[6.16104,46.37672],[6.16113,46.37489],[6.16252,46.37445],[6.16288,46.37385],[6.16589,46.37193],[6.16974,46.36783],[6.17006,46.36682],[6.16993,46.36608],[6.16869,46.36533],[6.16147,46.35992],[6.15927,46.3573],[6.1589,46.35553],[6.15824,46.35493],[6.15811,46.35366],[6.15751,46.35276],[6.15841,46.35166],[6.15778,46.35003],[6.15638,46.34946],[6.1564,46.34884],[6.15451,46.34818],[6.15367,46.34724],[6.15199,46.34743],[6.15183,46.3458],[6.15107,46.34518],[6.15114,46.34441],[6.14973,46.34381],[6.14941,46.34271],[6.14819,46.34246],[6.14751,46.34198],[6.14589,46.34167],[6.14605,46.34098],[6.14488,46.34081],[6.14397,46.34132],[6.14324,46.34086],[6.14232,46.34083],[6.14064,46.34031],[6.14014,46.33927],[6.13884,46.3395],[6.13886,46.3388],[6.13799,46.33877],[6.13772,46.33744],[6.1379,46.33663],[6.13722,46.33566],[6.13925,46.33478],[6.13897,46.33441],[6.13919,46.3332],[6.13798,46.33327],[6.13624,46.3321],[6.13639,46.33118],[6.13705,46.33097],[6.13524,46.32943],[6.13572,46.32913],[6.13493,46.32831],[6.13389,46.32805],[6.13403,46.32759],[6.13262,46.3255],[6.13167,46.32494],[6.13155,46.32416],[6.12892,46.3224],[6.12836,46.32166],[6.12693,46.32123],[6.12604,46.3197],[6.12526,46.31931],[6.12614,46.3178],[6.12579,46.31747],[6.12666,46.31698],[6.12594,46.31621],[6.12879,46.3153],[6.12818,46.31434],[6.12975,46.31316],[6.12985,46.31285],[6.1337,46.31051],[6.13358,46.31013],[6.13469,46.30889],[6.13607,46.30803],[6.14078,46.30541],[6.14074,46.30474],[6.14956,46.30142],[6.15063,46.30098],[6.15338,46.29916],[6.15961,46.29772],[6.16719,46.29517],[6.17031,46.29477],[6.19874,46.28443],[6.21955,46.31188],[6.23232,46.33044],[6.20595,46.33914],[6.20416,46.33966],[6.20358,46.33882],[6.19313,46.34372],[6.19489,46.34862],[6.19339,46.34886],[6.19162,46.34859],[6.18953,46.34953],[6.18881,46.35013],[6.18726,46.34957],[6.18627,46.34954],[6.18295,46.35073],[6.18332,46.35117],[6.18032,46.35277],[6.17555,46.3538],[6.17304,46.35465],[6.17203,46.35613],[6.1711,46.3584],[6.17393,46.35924],[6.17625,46.36005],[6.17402,46.36178],[6.17441,46.36238],[6.17647,46.36318],[6.17844,46.36376],[6.18025,46.36458],[6.18157,46.36385],[6.18408,46.36273],[6.18568,46.36173],[6.18693,46.36054],[6.18889,46.36034],[6.19217,46.36073],[6.19454,46.3608],[6.19608,46.36069],[6.19808,46.36028],[6.19861,46.35921],[6.19794,46.35862],[6.1997,46.35657],[6.19996,46.35562],[6.20047,46.35559],[6.20206,46.35476],[6.20503,46.35526],[6.20755,46.35499],[6.20987,46.35405],[6.21267,46.35316],[6.24143,46.34367],[6.25297,46.36042],[6.29296,46.38149],[6.32538,46.39854],[6.3352,46.40372],[6.3945,46.41165],[6.42563,46.41581],[6.4686,46.43446],[6.51912,46.45637],[6.53818,46.45614],[6.58505,46.45558],[6.64061,46.45487],[6.68187,46.45433],[6.7337,46.44423],[6.7881,46.43359],[6.82107,46.42716],[6.82168,46.42697],[6.82487,46.42462],[6.8548,46.39836],[6.85474,46.39827],[6.85789,46.39571],[6.85979,46.39379],[6.86222,46.39116],[6.86357,46.39018],[6.86741,46.3879],[6.8698,46.38609],[6.87348,46.38266],[6.87513,46.38152],[6.87861,46.38019],[6.88108,46.37894],[6.88409,46.37674],[6.88497,46.37583],[6.88575,46.37429],[6.88624,46.37233],[6.88686,46.36773],[6.88692,46.36603],[6.88656,46.36416],[6.88546,46.36176],[6.88233,46.35731],[6.88173,46.35578],[6.88182,46.35449],[6.88271,46.3529],[6.88367,46.35206],[6.88632,46.35068],[6.88827,46.34928],[6.89041,46.34694],[6.89352,46.34268],[6.89494,46.34123],[6.89616,46.3404],[6.89891,46.33916],[6.90009,46.33884],[6.90244,46.33852],[6.90466,46.33857],[6.91529,46.33963],[6.91661,46.33961],[6.91816,46.33933],[6.91977,46.33876],[6.9213,46.33781],[6.92966,46.33046],[6.93066,46.32922],[6.93118,46.32808],[6.93236,46.32397],[6.93237,46.32191],[6.93182,46.31835],[6.93178,46.31684],[6.93211,46.31536],[6.93317,46.31285],[6.93404,46.30889],[6.93452,46.3075],[6.93563,46.30498],[6.93596,46.3035],[6.93589,46.30103],[6.93599,46.29999],[6.93651,46.29845],[6.93702,46.29758],[6.93864,46.29608],[6.94155,46.29439],[6.94343,46.29357],[6.94693,46.29243],[6.94881,46.29164],[6.95094,46.29042],[6.95871,46.28511],[6.96003,46.2839],[6.96086,46.28257],[6.96215,46.27848],[6.96368,46.2733],[6.96412,46.27092],[6.96518,46.26874],[6.96652,46.26729],[6.97427,46.26065],[6.97571,46.25957],[6.98038,46.25653],[6.98158,46.25585],[6.98564,46.25381],[6.98718,46.25269],[6.98815,46.2508],[6.98884,46.24569],[6.98922,46.24454],[6.99034,46.24321],[6.99327,46.24082],[6.99419,46.23987],[6.99493,46.23864],[6.99527,46.23762],[6.99618,46.2364],[6.99765,46.23553],[7.00022,46.23458],[7.00141,46.23373],[7.00234,46.23245],[7.00261,46.23144],[7.0028,46.22932],[7.00246,46.2271],[7.00257,46.22528],[7.00366,46.22323],[7.00491,46.22248],[7.00635,46.22201],[7.00723,46.22149],[7.00791,46.22069],[7.00861,46.21781],[7.00936,46.21602],[7.00976,46.21459],[7.01035,46.21151],[7.01131,46.20902],[7.01138,46.20669],[7.01167,46.20577],[7.01245,46.20498],[7.01335,46.20454],[7.01554,46.20392],[7.01991,46.20181],[7.02151,46.20069],[7.02265,46.1996],[7.02497,46.19771],[7.02609,46.1964],[7.0273,46.19404],[7.02892,46.19201],[7.03085,46.19073],[7.03156,46.19007],[7.03244,46.18781],[7.03318,46.18707],[7.034,46.18794],[7.03604,46.18789],[7.03747,46.18802],[7.03836,46.18845],[7.04071,46.18902],[7.04125,46.18993],[7.04268,46.1899],[7.04553,46.19068],[7.0465,46.19134],[7.04957,46.19268],[7.05188,46.19297],[7.05219,46.19371],[7.05331,46.1944],[7.05443,46.19472],[7.05623,46.1957],[7.05768,46.19575],[7.05956,46.19628],[7.06096,46.19774],[7.06397,46.19944],[7.06568,46.19975],[7.07124,46.20101],[7.07381,46.1998],[7.07549,46.19932],[7.07646,46.19939],[7.07697,46.19897],[7.07819,46.19962],[7.08172,46.19977],[7.08324,46.20057],[7.08521,46.20097],[7.08596,46.20139],[7.08844,46.20159],[7.08949,46.20244],[7.09009,46.20254],[7.09362,46.20483],[7.09436,46.20549],[7.09538,46.20691],[7.09669,46.20769],[7.09959,46.2079],[7.1012,46.20903],[7.10166,46.20961],[7.10479,46.21048],[7.10628,46.21102],[7.10669,46.2116],[7.1086,46.21234],[7.10864,46.21271],[7.11021,46.21371],[7.11109,46.21392],[7.11137,46.21465],[7.1131,46.21626],[7.11492,46.2171],[7.11569,46.21769],[7.11494,46.21837],[7.11677,46.21966],[7.11767,46.22005],[7.11897,46.22123],[7.11887,46.22194],[7.11995,46.2228],[7.12224,46.22335],[7.12132,46.22491],[7.12182,46.22636],[7.12178,46.22761],[7.12122,46.22932],[7.12181,46.22994],[7.12244,46.23119],[7.12343,46.2325],[7.12333,46.23322],[7.12381,46.23431],[7.12417,46.23593],[7.12546,46.23685],[7.12689,46.23707],[7.13037,46.23679],[7.13439,46.23667],[7.13514,46.23656],[7.13912,46.23732],[7.14096,46.2379],[7.14238,46.23874],[7.14379,46.24025],[7.14386,46.24069],[7.14528,46.24161],[7.14746,46.24208],[7.14959,46.24283],[7.15003,46.2435],[7.15142,46.24472],[7.15159,46.24579],[7.15129,46.24638],[7.15177,46.24808],[7.15276,46.24966],[7.15343,46.25031],[7.15523,46.25275],[7.15671,46.25275],[7.15759,46.25301],[7.1606,46.25322],[7.16189,46.25391],[7.16236,46.25445],[7.1644,46.2557],[7.16521,46.25635],[7.16612,46.25763],[7.1673,46.25884],[7.16921,46.26028],[7.17152,46.2611],[7.17197,46.26264],[7.17274,46.26331],[7.17471,46.26546],[7.17568,46.26576],[7.17709,46.26714],[7.17776,46.26831],[7.17894,46.26895],[7.17963,46.26895],[7.1811,46.2684],[7.18372,46.26847],[7.18633,46.26936],[7.18842,46.27067],[7.18941,46.27291],[7.18934,46.27337],[7.18737,46.27839],[7.18631,46.28284],[7.18681,46.28358],[7.18875,46.28416],[7.19029,46.28501],[7.19299,46.28488],[7.19484,46.28568],[7.19411,46.28713],[7.19388,46.28838],[7.19437,46.28907],[7.19695,46.28913],[7.18925,46.29517],[7.18906,46.3039],[7.22149,46.32925],[7.2227,46.34857],[7.2209,46.35292],[7.21968,46.35609],[7.21885,46.35754],[7.22162,46.35833],[7.22339,46.35861],[7.22441,46.35926],[7.22643,46.35922],[7.22782,46.36112],[7.22981,46.36149],[7.22901,46.36235],[7.22807,46.36237],[7.22744,46.36347],[7.22564,46.36459],[7.2226,46.36357],[7.21965,46.36207],[7.21865,46.36204],[7.21698,46.36159],[7.2161,46.36199],[7.21444,46.36412],[7.21095,46.3676],[7.21038,46.36942],[7.21026,46.37104],[7.20938,46.37253],[7.20723,46.37349],[7.20763,46.37742],[7.20741,46.37764],[7.20832,46.37867],[7.20674,46.37936],[7.20564,46.37962],[7.2037,46.37874],[7.20229,46.37866],[7.2015,46.3789],[7.19992,46.37883],[7.19372,46.37893],[7.19421,46.382],[7.19424,46.38319],[7.19494,46.3849],[7.19677,46.38687],[7.19849,46.38946],[7.19839,46.39065],[7.20086,46.39286],[7.2019,46.39547],[7.20374,46.39721],[7.2046,46.39946],[7.20453,46.40042],[7.20778,46.40298],[7.20764,46.40625],[7.20694,46.40839],[7.20754,46.41111],[7.20823,46.41217],[7.20845,46.41385],[7.20905,46.4153],[7.20987,46.41628],[7.20925,46.41702],[7.20791,46.41796],[7.20677,46.4193],[7.20635,46.42124],[7.20516,46.42146],[7.20361,46.42207],[7.20179,46.42395],[7.20039,46.42597],[7.19993,46.42819],[7.19915,46.42926],[7.19692,46.43061],[7.19655,46.43123],[7.19554,46.43163],[7.19483,46.43241],[7.19282,46.43376],[7.19254,46.43522],[7.19315,46.43632],[7.19495,46.44061],[7.19643,46.44056],[7.19894,46.44018],[7.20049,46.4408],[7.20221,46.44056],[7.20413,46.44],[7.20425,46.43922],[7.20515,46.43915],[7.20995,46.43948],[7.21314,46.43951],[7.21887,46.44138],[7.22257,46.44201],[7.2231,46.44231],[7.22515,46.44428],[7.22614,46.44703],[7.22617,46.44811],[7.22703,46.44948],[7.22597,46.45165],[7.22725,46.4521],[7.22973,46.45337],[7.23176,46.45357],[7.23233,46.45394],[7.22986,46.45547],[7.22853,46.45659],[7.22649,46.45754],[7.22889,46.45892],[7.22982,46.4616],[7.2289,46.46233],[7.23011,46.4642],[7.23091,46.4662],[7.23086,46.46653],[7.22731,46.47242],[7.22498,46.47748],[7.22458,46.48484],[7.22414,46.48689],[7.22563,46.48684],[7.22757,46.48635],[7.2275,46.48721],[7.22916,46.48698],[7.22932,46.4874],[7.23126,46.48773],[7.23465,46.48801],[7.23619,46.48803],[7.23585,46.48984],[7.23601,46.49133],[7.23556,46.4928],[7.23437,46.49408],[7.23267,46.49488],[7.23423,46.49508],[7.23592,46.49557],[7.23729,46.4956],[7.23748,46.49612],[7.23852,46.49632],[7.23957,46.49579],[7.24009,46.49665],[7.24144,46.49717],[7.24117,46.49796],[7.24238,46.4984],[7.24251,46.49963],[7.24337,46.50003],[7.24388,46.50094],[7.24463,46.50127],[7.24454,46.50267],[7.24491,46.50359],[7.24504,46.50532],[7.24657,46.50618],[7.24679,46.50678],[7.24628,46.50721],[7.24668,46.50917],[7.2475,46.50962],[7.24831,46.51054],[7.24799,46.51114],[7.2487,46.51291],[7.24792,46.51308],[7.24738,46.51422],[7.24776,46.51556],[7.24829,46.51599],[7.24826,46.51695],[7.24897,46.51724],[7.24858,46.51889],[7.24896,46.51964],[7.24878,46.52052],[7.24918,46.52113],[7.24795,46.5223],[7.24834,46.52342],[7.2479,46.52384],[7.24792,46.52557],[7.24729,46.52821],[7.2466,46.5292],[7.2469,46.5305],[7.24625,46.53199],[7.24565,46.53219],[7.24473,46.53319],[7.24519,46.53448],[7.24581,46.53526],[7.24574,46.53704],[7.24603,46.53753],[7.24542,46.53849],[7.24473,46.53891],[7.24465,46.53998],[7.24387,46.54076],[7.24277,46.54112],[7.23993,46.544],[7.23902,46.54538],[7.23715,46.54635],[7.23708,46.55379],[7.23631,46.55407],[7.23409,46.55263],[7.23364,46.55255],[7.23282,46.55157],[7.23187,46.55109],[7.23086,46.55129],[7.2301,46.55073],[7.22827,46.5503],[7.22534,46.54915],[7.22437,46.54826],[7.22342,46.54787],[7.22255,46.54697],[7.2217,46.5448],[7.22094,46.54444],[7.2181,46.54212],[7.21688,46.54049],[7.21475,46.53849],[7.21418,46.53764],[7.21366,46.53777],[7.21263,46.53696],[7.21221,46.53623],[7.20992,46.53415],[7.20765,46.53291],[7.20368,46.53708],[7.20107,46.54],[7.20081,46.54169],[7.19342,46.54614],[7.19217,46.54656],[7.19065,46.54488],[7.18732,46.54259],[7.18233,46.53837],[7.18081,46.53801],[7.17963,46.53722],[7.17686,46.5359],[7.1742,46.53409],[7.17284,46.53334],[7.17139,46.53295],[7.16711,46.53108],[7.16536,46.52986],[7.16495,46.52981],[7.16343,46.52854],[7.16186,46.52816],[7.16151,46.52783],[7.15839,46.52682],[7.15679,46.52701],[7.1559,46.52742],[7.15463,46.52726],[7.15288,46.52732],[7.15069,46.52789],[7.14968,46.52834],[7.14835,46.52846],[7.14703,46.52749],[7.14501,46.52686],[7.14367,46.52211],[7.13708,46.51311],[7.13642,46.51002],[7.13626,46.50861],[7.13536,46.50762],[7.13096,46.50466],[7.12919,46.50426],[7.12634,46.50316],[7.12654,46.50278],[7.1248,46.50076],[7.12279,46.4987],[7.11812,46.49752],[7.11262,46.49532],[7.1114,46.49518],[7.10966,46.49434],[7.10847,46.49285],[7.10667,46.49222],[7.10616,46.49024],[7.10535,46.48932],[7.10299,46.48786],[7.10036,46.48699],[7.09802,46.48841],[7.09501,46.48807],[7.09273,46.48747],[7.0889,46.48693],[7.08695,46.48779],[7.08242,46.48778],[7.07963,46.48847],[7.07758,46.48883],[7.0724,46.4864],[7.07003,46.48699],[7.06582,46.48904],[7.06108,46.48727],[7.05957,46.48589],[7.05909,46.48523],[7.05442,46.48275],[7.05092,46.48182],[7.0486,46.48022],[7.04774,46.47898],[7.04647,46.47802],[7.04576,46.47779],[7.04406,46.47658],[7.04204,46.47606],[7.03851,46.47432],[7.02845,46.46682],[7.02677,46.46417],[7.02486,46.46333],[7.02269,46.46175],[7.02023,46.45945],[7.02119,46.45859],[7.0198,46.45256],[7.01785,46.44707],[7.0172,46.44792],[7.01214,46.44656],[7.01029,46.44567],[7.00925,46.44552],[7.00812,46.44488],[7.00585,46.4444],[7.0025,46.44344],[7.00095,46.44243],[6.99971,46.44211],[6.99907,46.44154],[6.998,46.44129],[6.99697,46.44067],[6.99619,46.44058],[6.99522,46.43975],[6.99282,46.43889],[6.98745,46.43794],[6.98394,46.438],[6.98361,46.43873],[6.9847,46.44054],[6.98592,46.44189],[6.98822,46.44397],[6.98895,46.44526],[6.98964,46.44582],[6.99011,46.4467],[6.99211,46.4488],[6.99105,46.45075],[6.99024,46.45144],[6.99006,46.4523],[6.98941,46.45313],[6.98571,46.45572],[6.98436,46.45682],[6.98269,46.45891],[6.98016,46.45896],[6.98002,46.45966],[6.97896,46.46138],[6.97902,46.46242],[6.97864,46.46439],[6.97894,46.46673],[6.9782,46.46745],[6.9784,46.46961],[6.97891,46.47036],[6.97782,46.47289],[6.97844,46.47373],[6.9803,46.47446],[6.98132,46.47539],[6.97971,46.47594],[6.97581,46.4784],[6.97511,46.47909],[6.97448,46.48067],[6.97373,46.48143],[6.97392,46.48271],[6.97266,46.48446],[6.97273,46.48683],[6.9726,46.48769],[6.97346,46.48934],[6.97284,46.4898],[6.97161,46.49152],[6.97027,46.49113],[6.96966,46.49125],[6.96904,46.49196],[6.96839,46.49198],[6.96652,46.49294],[6.96559,46.49316],[6.96528,46.49377],[6.96421,46.49462],[6.96445,46.49517],[6.96338,46.49568],[6.96341,46.49625],[6.96162,46.49719],[6.96084,46.49735],[6.9598,46.49812],[6.9559,46.49973],[6.95568,46.50054],[6.95418,46.50123],[6.9542,46.50191],[6.95157,46.50205],[6.9507,46.50261],[6.94996,46.50199],[6.94909,46.50201],[6.94786,46.50131],[6.946,46.50128],[6.94455,46.50147],[6.94349,46.50123],[6.94319,46.50165],[6.94128,46.50176],[6.94054,46.50127],[6.93937,46.50129],[6.93858,46.501],[6.93621,46.50103],[6.93363,46.50167],[6.93329,46.50189],[6.93296,46.50328],[6.93196,46.50318],[6.93091,46.50426],[6.93076,46.50472],[6.92951,46.50487],[6.92829,46.50451],[6.92758,46.50467],[6.92649,46.50588],[6.92577,46.50714],[6.925,46.50767],[6.92337,46.508],[6.92266,46.50858],[6.92186,46.50816],[6.91985,46.50879],[6.91878,46.50961],[6.91821,46.50957],[6.91669,46.51056],[6.91556,46.51026],[6.91458,46.51058],[6.91416,46.51122],[6.91343,46.51108],[6.91275,46.51165],[6.91259,46.51268],[6.91138,46.51325],[6.90999,46.51235],[6.90899,46.51259],[6.90829,46.51241],[6.90639,46.51283],[6.90536,46.51255],[6.90416,46.51319],[6.90142,46.5133],[6.90101,46.51284],[6.90141,46.51233],[6.9004,46.51165],[6.89974,46.51039],[6.89855,46.50966],[6.89805,46.50966],[6.89685,46.50887],[6.89647,46.50802],[6.89571,46.50775],[6.895,46.50922],[6.89598,46.51288],[6.89761,46.51495],[6.89712,46.51595],[6.89717,46.51919],[6.89772,46.52005],[6.89683,46.52029],[6.8953,46.51928],[6.88647,46.51493],[6.88327,46.51347],[6.88167,46.51257],[6.87961,46.51026],[6.87802,46.50943],[6.87431,46.50636],[6.87243,46.50431],[6.86948,46.50226],[6.86634,46.50079],[6.86474,46.49851],[6.86396,46.49649],[6.86276,46.49385],[6.8617,46.49357],[6.85914,46.49339],[6.85728,46.49306],[6.85392,46.49328],[6.8489,46.49337],[6.84774,46.49369],[6.84744,46.49464],[6.84629,46.49604],[6.84554,46.49667],[6.8446,46.49683],[6.84294,46.49633],[6.84125,46.49707],[6.83937,46.49858],[6.83783,46.49949],[6.83503,46.50232],[6.83239,46.50544],[6.83225,46.50717],[6.83108,46.51051],[6.8308,46.51205],[6.83034,46.51247],[6.8279,46.51207],[6.82476,46.51219],[6.82429,46.51208],[6.82317,46.5131],[6.82262,46.51411],[6.81916,46.51615],[6.8181,46.51651],[6.816,46.52009],[6.81533,46.5214],[6.81428,46.5226],[6.81332,46.52281],[6.81299,46.52373],[6.81214,46.52402],[6.81087,46.52513],[6.811,46.52538],[6.81277,46.52615],[6.81273,46.52674],[6.81619,46.53046],[6.81715,46.53181],[6.81731,46.53279],[6.81783,46.53311],[6.81797,46.53504],[6.81881,46.53559],[6.81823,46.5364],[6.81941,46.53736],[6.82097,46.53799],[6.82145,46.53911],[6.82271,46.54027],[6.82364,46.54057],[6.8248,46.54161],[6.8262,46.54361],[6.82784,46.54295],[6.82476,46.53938],[6.82518,46.53802],[6.82938,46.53779],[6.83041,46.53745],[6.8324,46.53781],[6.83623,46.53774],[6.83886,46.53839],[6.84069,46.53819],[6.84445,46.53896],[6.85087,46.54112],[6.85131,46.54077],[6.85241,46.54092],[6.85271,46.54153],[6.85525,46.54135],[6.85559,46.54073],[6.85516,46.53998],[6.85587,46.53961],[6.85618,46.53873],[6.85679,46.53829],[6.85631,46.53731],[6.85665,46.53686],[6.85781,46.53701],[6.85824,46.53634],[6.86015,46.53598],[6.8585,46.53337],[6.85922,46.53279],[6.85875,46.53216],[6.85885,46.53099],[6.86108,46.53068],[6.86195,46.53128],[6.86214,46.53348],[6.86246,46.53517],[6.86375,46.53496],[6.86385,46.53661],[6.86486,46.53768],[6.86442,46.53812],[6.86498,46.53896],[6.86622,46.53968],[6.86683,46.54082],[6.86824,46.54151],[6.86907,46.54249],[6.86924,46.54334],[6.87234,46.54483],[6.87286,46.54576],[6.87414,46.54563],[6.87424,46.5461],[6.8756,46.54705],[6.87556,46.54756],[6.87739,46.54815],[6.87809,46.54857],[6.87839,46.54968],[6.87948,46.55013],[6.87942,46.55067],[6.88053,46.55093],[6.88061,46.55154],[6.88236,46.55272],[6.88486,46.55472],[6.88698,46.55707],[6.88885,46.55835],[6.88953,46.55772],[6.89071,46.55784],[6.89268,46.55866],[6.89403,46.55965],[6.89541,46.55946],[6.89565,46.56007],[6.89699,46.56059],[6.89772,46.55964],[6.89906,46.55965],[6.9007,46.56029],[6.90227,46.56139],[6.89966,46.56349],[6.89889,46.56511],[6.90008,46.56571],[6.89918,46.56671],[6.90048,46.56768],[6.90031,46.56854],[6.90165,46.56973],[6.89893,46.57047],[6.89797,46.57059],[6.89538,46.56917],[6.89404,46.56884],[6.89213,46.5679],[6.89045,46.56748],[6.88816,46.5677],[6.88754,46.56709],[6.88725,46.56591],[6.88645,46.56502],[6.8869,46.56444],[6.88685,46.56341],[6.88635,46.56283],[6.8845,46.56195],[6.88102,46.56556],[6.88018,46.56606],[6.87943,46.56713],[6.87637,46.56573],[6.87446,46.56497],[6.87026,46.5721],[6.86765,46.57508],[6.86506,46.57623],[6.86553,46.57725],[6.86278,46.57818],[6.86039,46.57933],[6.85996,46.57987],[6.85749,46.5801],[6.85552,46.58071],[6.85261,46.58198],[6.85143,46.58107],[6.85087,46.58113],[6.84928,46.58199],[6.84831,46.58344],[6.84644,46.58395],[6.84545,46.58284],[6.84333,46.58269],[6.84239,46.58244],[6.84187,46.5814],[6.8409,46.58019],[6.84009,46.57975],[6.83981,46.57896],[6.83695,46.57752],[6.83746,46.57683],[6.83485,46.57534],[6.83062,46.57602],[6.82926,46.57637],[6.82873,46.57718],[6.82699,46.57794],[6.82566,46.57794],[6.82371,46.57748],[6.82364,46.57819],[6.82295,46.5791],[6.82269,46.58002],[6.82212,46.58007],[6.82139,46.58157],[6.82138,46.58247],[6.82096,46.58333],[6.81756,46.58466],[6.81625,46.58481],[6.8141,46.58567],[6.81408,46.58385],[6.81308,46.58337],[6.81265,46.5822],[6.81154,46.58112],[6.81167,46.58047],[6.81266,46.57951],[6.81321,46.57841],[6.81083,46.57897],[6.80939,46.57885],[6.80794,46.57761],[6.80489,46.57793],[6.80426,46.57664],[6.80335,46.57688],[6.80298,46.57547],[6.80256,46.57492],[6.79948,46.57407],[6.79774,46.57458],[6.79737,46.5744],[6.7949,46.57532],[6.79625,46.57733],[6.79582,46.57838],[6.79613,46.57935],[6.79797,46.58072],[6.79894,46.58206],[6.7992,46.58385],[6.79889,46.58424],[6.79948,46.58559],[6.79851,46.58604],[6.79969,46.58812],[6.80001,46.58978],[6.7999,46.59065],[6.80104,46.59164],[6.80123,46.5925],[6.80019,46.59362],[6.79833,46.59987],[6.80194,46.60074],[6.80238,46.60142],[6.8024,46.60253],[6.80349,46.60712],[6.80389,46.6094],[6.80337,46.6101],[6.80303,46.61277],[6.80184,46.61556],[6.80262,46.61574],[6.80297,46.6163],[6.80244,46.61877],[6.80346,46.62237],[6.80196,46.62507],[6.8018,46.62615],[6.80228,46.62775],[6.80171,46.62854],[6.80065,46.62844],[6.80043,46.62992],[6.79954,46.63025],[6.79837,46.63016],[6.79692,46.63314],[6.79712,46.63449],[6.79763,46.63556],[6.79819,46.63565],[6.79882,46.63786],[6.79894,46.6396],[6.80022,46.64131],[6.80171,46.64421],[6.80321,46.64377],[6.80379,46.64451],[6.80324,46.6448],[6.80367,46.64567],[6.80279,46.6461],[6.80062,46.64657],[6.80007,46.64731],[6.79878,46.64781],[6.79855,46.64861],[6.79894,46.64918],[6.80203,46.6489],[6.80488,46.65012],[6.80575,46.65015],[6.80707,46.65059],[6.80858,46.65018],[6.81107,46.65002],[6.81193,46.64921],[6.81343,46.64954],[6.81422,46.64863],[6.81458,46.64747],[6.81611,46.6475],[6.8185,46.6478],[6.81844,46.64844],[6.81747,46.64866],[6.81728,46.64924],[6.8191,46.6507],[6.82088,46.6518],[6.8232,46.6547],[6.82474,46.6569],[6.82591,46.65832],[6.82741,46.65982],[6.82891,46.66056],[6.83139,46.65983],[6.83338,46.66223],[6.83627,46.66147],[6.83838,46.66258],[6.84181,46.6616],[6.84216,46.66084],[6.84411,46.66084],[6.84217,46.65884],[6.84426,46.65768],[6.84522,46.65839],[6.84779,46.6573],[6.84806,46.65746],[6.85352,46.65546],[6.85473,46.65602],[6.85667,46.65737],[6.85682,46.65803],[6.85769,46.65865],[6.85865,46.65894],[6.85939,46.65995],[6.86302,46.65839],[6.86378,46.65875],[6.86472,46.65845],[6.86587,46.65894],[6.86801,46.66077],[6.86725,46.66211],[6.86833,46.66297],[6.86638,46.66395],[6.86439,46.66476],[6.86674,46.6679],[6.8675,46.66932],[6.87,46.67191],[6.87171,46.67325],[6.87088,46.67389],[6.86966,46.67443],[6.86897,46.67503],[6.86821,46.67488],[6.86463,46.67639],[6.864,46.67691],[6.86372,46.67823],[6.86276,46.68102],[6.86533,46.68127],[6.86507,46.6824],[6.86569,46.68373],[6.86653,46.68464],[6.8684,46.68573],[6.87071,46.68488],[6.87312,46.68332],[6.87531,46.68484],[6.88101,46.69005],[6.88369,46.69001],[6.88507,46.69172],[6.88613,46.69178],[6.8865,46.69283],[6.8879,46.69433],[6.88959,46.69388],[6.89032,46.69494],[6.89161,46.69607],[6.89117,46.69645],[6.89156,46.69745],[6.89345,46.69983],[6.89438,46.70133],[6.89231,46.70258],[6.89442,46.70556],[6.8961,46.70651],[6.89657,46.70635],[6.89752,46.70776],[6.89905,46.70963],[6.90103,46.71141],[6.90379,46.71339],[6.90733,46.71503],[6.90866,46.71616],[6.9091,46.7162],[6.91139,46.71791],[6.91529,46.71861],[6.91648,46.72004],[6.91805,46.7191],[6.91854,46.72001],[6.91939,46.7208],[6.92001,46.72058],[6.92214,46.72355],[6.92478,46.72554],[6.9304,46.73018],[6.93559,46.73322],[6.9366,46.73441],[6.93501,46.7359],[6.93594,46.73667],[6.93611,46.73789],[6.93687,46.73906],[6.93953,46.74161],[6.93988,46.74283],[6.94061,46.74371],[6.9411,46.74514],[6.9395,46.74607],[6.93803,46.7485],[6.93796,46.74947],[6.93636,46.75025],[6.93499,46.75052],[6.93403,46.75141],[6.9329,46.75198],[6.93146,46.75324],[6.93088,46.75405],[6.92925,46.75407],[6.92662,46.75328],[6.92428,46.75223],[6.9221,46.75199],[6.92115,46.75148],[6.92002,46.7513],[6.91956,46.7522],[6.91668,46.75462],[6.91475,46.75327],[6.91181,46.75459],[6.91055,46.75326],[6.91018,46.75405],[6.90936,46.75421],[6.90909,46.75481],[6.91064,46.75603],[6.90824,46.75722],[6.90919,46.75876],[6.91159,46.76103],[6.91443,46.76273],[6.91652,46.76199],[6.91743,46.76256],[6.91812,46.76173],[6.91708,46.76114],[6.92011,46.75986],[6.92297,46.76201],[6.92412,46.76322],[6.92605,46.76485],[6.9273,46.76623],[6.93083,46.76923],[6.93212,46.77016],[6.93505,46.77138],[6.93531,46.77162],[6.93399,46.77264],[6.93322,46.77199],[6.93124,46.77251],[6.93307,46.7747],[6.93156,46.77532],[6.93359,46.77693],[6.93407,46.77659],[6.93687,46.77869],[6.93762,46.7795],[6.93811,46.78124],[6.93931,46.78088],[6.94181,46.78354],[6.94346,46.78419],[6.94392,46.78388],[6.9457,46.78454],[6.94757,46.78303],[6.95012,46.78278],[6.95123,46.78428],[6.95154,46.78521],[6.95434,46.78667],[6.95477,46.78662],[6.95667,46.78731],[6.95756,46.7883],[6.9572,46.78972],[6.95863,46.79031],[6.95644,46.79052],[6.95688,46.79094],[6.95642,46.79156],[6.95643,46.79276],[6.95599,46.79342],[6.95693,46.79467],[6.95803,46.79485],[6.95866,46.79601],[6.96029,46.79761],[6.96191,46.79868],[6.96295,46.79971],[6.96595,46.8011],[6.9655,46.80176],[6.96666,46.8027],[6.96507,46.80347],[6.96346,46.80452],[6.96469,46.80545],[6.96317,46.80644],[6.96258,46.80738],[6.96122,46.80805],[6.95957,46.80961],[6.95885,46.80986],[6.95882,46.81047],[6.95779,46.81121],[6.95928,46.81222],[6.95744,46.81332],[6.95655,46.8144],[6.95651,46.81494],[6.95755,46.81606],[6.95956,46.81758],[6.95785,46.81874],[6.95895,46.82063],[6.95998,46.82203],[6.96105,46.82392],[6.96514,46.82824],[6.96544,46.82766],[6.96649,46.82754],[6.96804,46.82701],[6.96827,46.82647],[6.96929,46.82583],[6.96983,46.82475],[6.97077,46.82462],[6.97101,46.82405],[6.97213,46.82401],[6.97261,46.82465],[6.97392,46.82407],[6.97482,46.82302],[6.97672,46.82286],[6.97931,46.82295],[6.98171,46.82251],[6.98344,46.82197],[6.98475,46.82193],[6.98531,46.8227],[6.98539,46.82351],[6.98713,46.82446],[6.98878,46.82591],[6.9897,46.82641],[6.98968,46.82816],[6.99102,46.82951],[6.99237,46.8304],[6.99194,46.83103],[6.99283,46.83191],[6.99236,46.83317],[6.99006,46.83359],[6.98784,46.83414],[6.98599,46.83511],[6.98663,46.83583],[6.98699,46.83718],[6.98623,46.83784],[6.98307,46.83983],[6.98422,46.84103],[6.98599,46.84007],[6.98845,46.84208],[6.98739,46.84279],[6.98865,46.84349],[6.98766,46.84442],[6.98698,46.84456],[6.98442,46.84672],[6.98289,46.84604],[6.98245,46.84642],[6.98148,46.84571],[6.97947,46.84695],[6.98044,46.84823],[6.97789,46.84997],[6.97756,46.85125],[6.97832,46.85251],[6.97932,46.85327],[6.97781,46.85496],[6.98058,46.85802],[6.97694,46.86053],[6.97923,46.86577],[6.98258,46.86774],[6.98648,46.87074],[6.98594,46.87106],[6.9889,46.87346],[6.98774,46.87475],[6.98483,46.87745],[6.98063,46.88182],[6.97774,46.88422],[6.9764,46.88407],[6.97568,46.8847],[6.97485,46.88611],[6.97422,46.88643],[6.97375,46.88732],[6.97035,46.88647],[6.97108,46.8851],[6.96637,46.8834],[6.96595,46.88373],[6.96333,46.88281],[6.96213,46.8841],[6.9613,46.88347],[6.96059,46.88249],[6.95811,46.88145],[6.95969,46.87915],[6.95906,46.8787],[6.96116,46.8772],[6.96216,46.87729],[6.96493,46.87373],[6.96437,46.87319],[6.9671,46.86992],[6.96944,46.86734],[6.96488,46.86539],[6.96276,46.868],[6.96296,46.86809],[6.96023,46.87144],[6.9579,46.87078],[6.95655,46.87198],[6.95448,46.87448],[6.95395,46.87539],[6.95212,46.87464],[6.95109,46.87481],[6.95051,46.87576],[6.95242,46.87624],[6.9516,46.87671],[6.95122,46.87791],[6.9486,46.87897],[6.94796,46.88013],[6.94645,46.88189],[6.94572,46.88305],[6.94246,46.88374],[6.94154,46.88461],[6.94205,46.88495],[6.94146,46.88609],[6.93955,46.88669],[6.93909,46.88717],[6.93958,46.8879],[6.93837,46.88997],[6.93601,46.88879],[6.93313,46.89254],[6.93143,46.89238],[6.93018,46.89275],[6.92928,46.89334],[6.92831,46.89281],[6.92588,46.89266],[6.92441,46.8935],[6.92368,46.89499],[6.92394,46.89549],[6.92547,46.8959],[6.92599,46.8965],[6.92908,46.89806],[6.93001,46.89909],[6.92981,46.89984],[6.92853,46.90068],[6.92677,46.90106],[6.92141,46.90557],[6.89623,46.92549],[6.86569,46.90958]],[[6.16857,46.3456],[6.1718,46.34984],[6.17395,46.34895],[6.17466,46.34982],[6.17466,46.35032],[6.17556,46.35133],[6.18071,46.34812],[6.18168,46.34765],[6.18358,46.34624],[6.18443,46.34585],[6.18169,46.34368],[6.18077,46.34384],[6.1769,46.34539],[6.17664,46.34585],[6.17453,46.34692],[6.17352,46.34521],[6.17221,46.34431],[6.17216,46.3432],[6.17267,46.34199],[6.17241,46.34124],[6.1713,46.34073],[6.16846,46.34211],[6.16679,46.34309],[6.16857,46.3456]],[[6.77857,46.75052],[6.77883,46.75114],[6.78289,46.74879],[6.78451,46.74858],[6.78624,46.74761],[6.78573,46.74733],[6.78492,46.7458],[6.7845,46.74226],[6.7847,46.74147],[6.78412,46.73883],[6.78451,46.73764],[6.78332,46.73596],[6.78445,46.73543],[6.78281,46.73398],[6.7827,46.73299],[6.78183,46.73232],[6.78038,46.73184],[6.77768,46.72993],[6.7768,46.7287],[6.77734,46.7276],[6.77629,46.72668],[6.7774,46.72612],[6.77066,46.72066],[6.76659,46.71884],[6.76631,46.71908],[6.76241,46.71737],[6.76177,46.71878],[6.76061,46.71948],[6.76022,46.72058],[6.75927,46.72118],[6.75855,46.72198],[6.76026,46.7231],[6.75925,46.72495],[6.75782,46.72607],[6.75586,46.7269],[6.75173,46.72823],[6.75061,46.72898],[6.74949,46.7301],[6.7487,46.7318],[6.75038,46.7335],[6.75118,46.73458],[6.75163,46.73566],[6.75265,46.73656],[6.75413,46.73697],[6.75768,46.73738],[6.75884,46.73741],[6.7597,46.73909],[6.76514,46.74293],[6.76819,46.74443],[6.76943,46.74561],[6.77017,46.74735],[6.77301,46.75137],[6.77611,46.7494],[6.77857,46.75052]],[[6.80538,46.72709],[6.80449,46.72741],[6.80184,46.72619],[6.79981,46.72682],[6.79903,46.72619],[6.79848,46.72636],[6.79705,46.72617],[6.7958,46.7263],[6.79539,46.72586],[6.79418,46.72607],[6.79298,46.72556],[6.79199,46.72597],[6.79219,46.72637],[6.79122,46.72711],[6.78846,46.72796],[6.78791,46.72936],[6.78989,46.73006],[6.79106,46.73098],[6.79049,46.73132],[6.79172,46.7324],[6.79093,46.73273],[6.7921,46.73328],[6.79288,46.73394],[6.79351,46.73574],[6.79422,46.73563],[6.795,46.73499],[6.79558,46.73633],[6.79665,46.73634],[6.79674,46.73519],[6.79712,46.73448],[6.79811,46.73406],[6.80031,46.735],[6.80125,46.73514],[6.80401,46.73687],[6.80595,46.73539],[6.8077,46.73584],[6.80798,46.73638],[6.8093,46.73652],[6.8105,46.73744],[6.81156,46.73766],[6.81459,46.73728],[6.81639,46.73849],[6.81548,46.7404],[6.8177,46.74221],[6.8198,46.74338],[6.82127,46.74478],[6.82143,46.7458],[6.82223,46.74712],[6.8227,46.74684],[6.82434,46.7474],[6.82362,46.74809],[6.82706,46.75035],[6.82627,46.75126],[6.82644,46.75222],[6.82856,46.75183],[6.82901,46.75302],[6.83031,46.75396],[6.82822,46.75448],[6.82932,46.75607],[6.83183,46.75725],[6.83301,46.75808],[6.8349,46.75972],[6.83665,46.76104],[6.84064,46.76265],[6.84129,46.7633],[6.84215,46.76353],[6.84356,46.76439],[6.84547,46.76586],[6.8436,46.76656],[6.84593,46.76802],[6.84882,46.77112],[6.84823,46.77151],[6.84619,46.77127],[6.84564,46.7717],[6.8465,46.77234],[6.84762,46.77494],[6.84878,46.77494],[6.84764,46.77322],[6.85041,46.77313],[6.85178,46.77408],[6.85179,46.77216],[6.85337,46.77219],[6.85451,46.77168],[6.85616,46.77063],[6.85647,46.76958],[6.85624,46.76903],[6.85722,46.76775],[6.86017,46.7664],[6.85959,46.76377],[6.85784,46.76303],[6.85768,46.76275],[6.85883,46.76146],[6.85916,46.76221],[6.86022,46.76229],[6.86064,46.76293],[6.86211,46.7626],[6.86342,46.76353],[6.86403,46.76266],[6.86539,46.76257],[6.86769,46.76014],[6.86962,46.75852],[6.87252,46.75759],[6.8745,46.75731],[6.87703,46.75581],[6.87575,46.7539],[6.8801,46.75182],[6.88209,46.74981],[6.87021,46.73733],[6.86616,46.73302],[6.86652,46.73285],[6.86552,46.73167],[6.86685,46.73087],[6.86541,46.72933],[6.86673,46.72868],[6.86793,46.72842],[6.86717,46.72713],[6.86569,46.72627],[6.86453,46.72521],[6.86271,46.72579],[6.86187,46.72459],[6.85966,46.72535],[6.8572,46.72602],[6.85457,46.72615],[6.85203,46.72641],[6.84723,46.7279],[6.84633,46.72748],[6.84418,46.72922],[6.83879,46.73232],[6.83609,46.73351],[6.83518,46.73335],[6.83372,46.73404],[6.83268,46.73498],[6.83177,46.7351],[6.83028,46.73468],[6.82839,46.7355],[6.82727,46.73475],[6.82474,46.73472],[6.82167,46.73433],[6.81748,46.73329],[6.81613,46.73196],[6.8135,46.72975],[6.81184,46.72853],[6.81128,46.7279],[6.81052,46.72787],[6.80959,46.72738],[6.80736,46.72701],[6.80538,46.72709]],[[6.97096,46.82738],[6.972,46.82658],[6.97106,46.82603],[6.97096,46.82738]]],[[[6.9282,46.9534],[6.96172,46.92748],[6.9649,46.92439],[6.96548,46.92442],[6.96708,46.92352],[6.96925,46.92322],[6.97153,46.92119],[6.97333,46.92186],[6.97422,46.92112],[6.97672,46.92286],[6.97811,46.92341],[6.97894,46.9226],[6.9813,46.9221],[6.98302,46.92132],[6.98485,46.92076],[6.98582,46.92029],[6.98693,46.9193],[6.98749,46.91817],[6.98177,46.91359],[6.98447,46.91198],[6.98126,46.90945],[6.98445,46.90741],[6.98559,46.90634],[6.98693,46.90459],[6.98792,46.9038],[6.98929,46.90318],[6.99001,46.90246],[6.99134,46.90173],[6.99307,46.90018],[6.99673,46.89761],[7.00239,46.89394],[7.00951,46.88904],[7.00723,46.88685],[7.00586,46.88574],[7.00476,46.8856],[6.9999,46.88188],[6.99935,46.88227],[6.9938,46.87897],[6.99718,46.87628],[6.99933,46.87433],[7.00213,46.87371],[7.00368,46.8738],[7.00731,46.873],[7.00842,46.87315],[7.00871,46.87429],[7.00939,46.87455],[7.00975,46.8753],[7.01066,46.87546],[7.01157,46.87519],[7.01214,46.8757],[7.01183,46.87632],[7.01306,46.87657],[7.01383,46.87735],[7.0155,46.87703],[7.01529,46.87825],[7.01581,46.87893],[7.0162,46.88078],[7.01769,46.88012],[7.01819,46.87945],[7.02129,46.87668],[7.02518,46.8778],[7.02548,46.87669],[7.02854,46.8757],[7.03043,46.87528],[7.03222,46.87583],[7.03457,46.87426],[7.03578,46.873],[7.0347,46.87232],[7.03344,46.87098],[7.03234,46.86916],[7.03166,46.86863],[7.03107,46.86704],[7.02989,46.86617],[7.03112,46.86509],[7.03667,46.86159],[7.03967,46.8606],[7.03905,46.85926],[7.03705,46.85825],[7.03485,46.85803],[7.03333,46.85706],[7.0341,46.85532],[7.03149,46.85352],[7.02971,46.85268],[7.02982,46.85024],[7.03051,46.84904],[7.03189,46.84781],[7.03319,46.84874],[7.03543,46.84651],[7.03745,46.84554],[7.03959,46.8483],[7.04292,46.84689],[7.0444,46.84796],[7.04542,46.84908],[7.04503,46.84956],[7.04654,46.85073],[7.04729,46.85162],[7.04908,46.85487],[7.05031,46.85455],[7.05095,46.85543],[7.05216,46.85582],[7.05304,46.85557],[7.05533,46.85798],[7.05545,46.85902],[7.05609,46.8592],[7.05653,46.86038],[7.05842,46.86203],[7.05894,46.86309],[7.06004,46.86338],[7.06023,46.86431],[7.06163,46.86507],[7.06261,46.86714],[7.06354,46.86703],[7.06506,46.86787],[7.06643,46.86822],[7.06622,46.86933],[7.06757,46.87045],[7.06943,46.87099],[7.071,46.87336],[7.07073,46.87399],[7.06979,46.87477],[7.06894,46.87626],[7.06818,46.87709],[7.06722,46.87744],[7.06718,46.87873],[7.06667,46.87975],[7.0677,46.87999],[7.06729,46.88094],[7.06418,46.88048],[7.06438,46.88006],[7.06167,46.87962],[7.06196,46.88377],[7.06403,46.88482],[7.0648,46.88578],[7.06426,46.8871],[7.06848,46.88794],[7.06836,46.88716],[7.07207,46.88872],[7.0709,46.88976],[7.07391,46.89102],[7.07594,46.89173],[7.07774,46.89271],[7.07794,46.89314],[7.07983,46.89412],[7.07911,46.89474],[7.07727,46.89399],[7.0763,46.89441],[7.07489,46.89393],[7.07432,46.8946],[7.07505,46.89551],[7.07579,46.89577],[7.07677,46.89545],[7.0789,46.89582],[7.07911,46.89617],[7.08154,46.89602],[7.08468,46.89628],[7.08709,46.8971],[7.08757,46.89831],[7.08681,46.89896],[7.08884,46.89972],[7.08638,46.90187],[7.09072,46.90369],[7.0908,46.90448],[7.09341,46.90579],[7.09211,46.90753],[7.09089,46.90721],[7.08827,46.90892],[7.08674,46.91033],[7.08415,46.91316],[7.05944,46.93699],[7.05788,46.93861],[7.05894,46.93925],[7.06129,46.94227],[7.06137,46.94424],[7.06108,46.94618],[7.06066,46.94724],[7.06043,46.94967],[7.05944,46.9517],[7.05864,46.95387],[7.05713,46.95438],[7.05659,46.95529],[7.05961,46.95581],[7.05865,46.95827],[7.05827,46.95824],[7.05741,46.95956],[7.059,46.9602],[7.05755,46.96214],[7.05964,46.96309],[7.0579,46.96541],[7.0613,46.96677],[7.06076,46.96825],[7.06024,46.96874],[7.06304,46.97111],[7.06027,46.97324],[7.05898,46.97384],[7.05619,46.97486],[7.05237,46.97704],[7.04922,46.9778],[7.04034,46.97952],[7.00243,46.98691],[6.9588,46.96723],[6.9282,46.9534]]]]},"properties":{"area_code":"VD","area_name":"Vaud","area_unit_id":"ch-canton-2026-swissboundaries3d:VD","boundary_set_id":"ch-canton-2026-swissboundaries3d","boundary_level":"canton","land_area_sq_km":3212.0221}},
{"type":"Feature","geometry":{"type":"Polygon","coordinates":[[[8.47764,46.52761],[8.4761,46.52782],[8.47351,46.52856],[8.47224,46.5304],[8.46941,46.53285],[8.46858,46.53311],[8.46802,46.53387],[8.4671,46.53368],[8.46658,46.53404],[8.46554,46.53548],[8.46369,46.53584],[8.46134,46.53425],[8.46024,46.53385],[8.45816,46.53355],[8.45688,46.53401],[8.4548,46.53423],[8.45287,46.53497],[8.45179,46.53514],[8.4461,46.53658],[8.44529,46.53684],[8.44485,46.53757],[8.44372,46.53755],[8.44342,46.5381],[8.44109,46.53972],[8.43919,46.54014],[8.43821,46.53966],[8.43557,46.54013],[8.43467,46.54098],[8.43426,46.54176],[8.43287,46.54294],[8.43093,46.54329],[8.42926,46.54331],[8.42848,46.54428],[8.42847,46.54543],[8.42774,46.54626],[8.42632,46.54732],[8.42657,46.5486],[8.42609,46.54993],[8.42549,46.55077],[8.42466,46.55106],[8.42386,46.5526],[8.42391,46.55364],[8.42303,46.556],[8.42343,46.55966],[8.42302,46.56039],[8.42165,46.56074],[8.41963,46.56357],[8.41919,46.56511],[8.41976,46.56617],[8.41922,46.5668],[8.41703,46.5711],[8.41513,46.57272],[8.41237,46.57549],[8.40996,46.57748],[8.40982,46.57875],[8.41048,46.57968],[8.40766,46.58302],[8.40798,46.58452],[8.40722,46.58534],[8.40614,46.58596],[8.40741,46.5877],[8.40785,46.58932],[8.40779,46.59035],[8.40808,46.59161],[8.40878,46.59314],[8.40855,46.59374],[8.40901,46.59539],[8.41033,46.59689],[8.4093,46.59752],[8.40764,46.59952],[8.40847,46.6011],[8.4082,46.60137],[8.4105,46.60219],[8.41121,46.60266],[8.41103,46.60314],[8.4133,46.60477],[8.41413,46.60474],[8.41512,46.60642],[8.41614,46.60683],[8.41718,46.60949],[8.41698,46.61256],[8.41849,46.61472],[8.41948,46.61528],[8.42041,46.61635],[8.42066,46.61758],[8.42039,46.61902],[8.42099,46.61968],[8.42102,46.6209],[8.42049,46.62168],[8.42065,46.62403],[8.42035,46.62506],[8.42075,46.6263],[8.42217,46.62686],[8.42236,46.62726],[8.42105,46.6278],[8.42092,46.6295],[8.42027,46.63009],[8.41981,46.63151],[8.41999,46.63312],[8.41919,46.63405],[8.41935,46.63516],[8.41881,46.63592],[8.42031,46.63718],[8.41987,46.63773],[8.41995,46.63846],[8.42086,46.63983],[8.42082,46.64217],[8.42137,46.6445],[8.42072,46.64658],[8.42199,46.64788],[8.42046,46.64865],[8.41881,46.65068],[8.41855,46.65194],[8.41823,46.65219],[8.41027,46.65294],[8.39898,46.65405],[8.39596,46.64877],[8.39496,46.64713],[8.39475,46.64605],[8.39355,46.6454],[8.39179,46.64504],[8.39084,46.64446],[8.38899,46.64292],[8.38771,46.64166],[8.38767,46.64119],[8.38556,46.6396],[8.38508,46.63847],[8.38378,46.63808],[8.38323,46.63662],[8.38015,46.63415],[8.37924,46.63363],[8.37781,46.63362],[8.37647,46.63322],[8.37497,46.63311],[8.37411,46.63277],[8.37269,46.63364],[8.37161,46.6316],[8.37111,46.63116],[8.37112,46.63037],[8.36931,46.62871],[8.36922,46.62645],[8.36887,46.62599],[8.36929,46.62489],[8.36851,46.62394],[8.36925,46.62249],[8.369,46.62128],[8.36912,46.62031],[8.37033,46.62002],[8.37033,46.61923],[8.37096,46.61886],[8.37098,46.6178],[8.37033,46.61673],[8.3708,46.61525],[8.37052,46.61393],[8.36971,46.61306],[8.36952,46.61194],[8.36877,46.61093],[8.36841,46.60984],[8.36853,46.60919],[8.36733,46.60782],[8.36579,46.60671],[8.36537,46.60586],[8.36512,46.60401],[8.3619,46.60178],[8.36194,46.6005],[8.36228,46.59974],[8.36164,46.59816],[8.36195,46.59685],[8.36267,46.59587],[8.36225,46.59433],[8.36339,46.59317],[8.36331,46.59161],[8.36236,46.59098],[8.36165,46.58972],[8.3606,46.5863],[8.36468,46.58248],[8.364,46.58183],[8.36042,46.57776],[8.35751,46.57636],[8.35582,46.57468],[8.35375,46.57381],[8.35367,46.57314],[8.35152,46.57174],[8.35184,46.56946],[8.35064,46.56836],[8.34869,46.56787],[8.34602,46.56594],[8.34395,46.56421],[8.33966,46.56263],[8.33906,46.56255],[8.33692,46.56145],[8.33661,46.56112],[8.33401,46.56097],[8.33256,46.56046],[8.32801,46.56017],[8.32731,46.5599],[8.32423,46.56032],[8.32275,46.55978],[8.32144,46.56008],[8.31838,46.55973],[8.31663,46.55903],[8.31544,46.55778],[8.31446,46.55636],[8.31256,46.55436],[8.31272,46.55251],[8.31189,46.55216],[8.30814,46.54976],[8.30717,46.54833],[8.30612,46.5481],[8.30446,46.54628],[8.30333,46.54571],[8.29974,46.54481],[8.29703,46.54476],[8.29621,46.54452],[8.29388,46.54504],[8.29301,46.5441],[8.29056,46.54342],[8.28834,46.54307],[8.28738,46.54309],[8.28702,46.54231],[8.28598,46.54109],[8.28513,46.54084],[8.2839,46.53882],[8.28301,46.53807],[8.28159,46.53758],[8.27989,46.53671],[8.27959,46.5361],[8.27704,46.53622],[8.27622,46.53648],[8.27325,46.53646],[8.27225,46.53591],[8.27081,46.53545],[8.26846,46.53418],[8.26712,46.53407],[8.26442,46.53347],[8.26298,46.53348],[8.26204,46.53232],[8.26216,46.5317],[8.26093,46.53122],[8.25806,46.5294],[8.25632,46.52953],[8.25388,46.52946],[8.25282,46.52959],[8.25144,46.52913],[8.25081,46.52924],[8.24912,46.52856],[8.24744,46.52853],[8.24628,46.52797],[8.24311,46.52678],[8.24093,46.52651],[8.23826,46.52712],[8.23527,46.52654],[8.23361,46.52668],[8.23207,46.52734],[8.2315,46.52698],[8.22978,46.52707],[8.22866,46.5264],[8.22582,46.5269],[8.22371,46.52664],[8.2225,46.52629],[8.22073,46.52624],[8.21884,46.52644],[8.2159,46.52605],[8.21543,46.52578],[8.21338,46.52571],[8.21053,46.52528],[8.20997,46.52482],[8.20912,46.52476],[8.20646,46.52368],[8.20624,46.52332],[8.20494,46.52293],[8.20285,46.52389],[8.20058,46.52404],[8.19787,46.52365],[8.19694,46.52327],[8.19348,46.52305],[8.19117,46.52306],[8.18831,46.52213],[8.18657,46.52137],[8.18475,46.52036],[8.18209,46.52056],[8.18072,46.52034],[8.17899,46.52279],[8.17761,46.52304],[8.1752,46.52415],[8.17449,46.52422],[8.17387,46.52638],[8.17414,46.52672],[8.17388,46.52782],[8.17427,46.52855],[8.1742,46.52998],[8.17451,46.53141],[8.17193,46.53128],[8.16957,46.53096],[8.16567,46.53183],[8.16339,46.53206],[8.16058,46.53092],[8.15888,46.53122],[8.15821,46.53164],[8.15644,46.53174],[8.1552,46.5315],[8.15313,46.53149],[8.15234,46.53175],[8.14976,46.53165],[8.14773,46.53276],[8.14576,46.53309],[8.14291,46.53417],[8.14049,46.53495],[8.1375,46.53457],[8.13534,46.5351],[8.13479,46.53577],[8.13371,46.53607],[8.1325,46.53611],[8.13024,46.53676],[8.12952,46.53666],[8.12616,46.5373],[8.12497,46.53877],[8.12382,46.53926],[8.12272,46.54065],[8.12071,46.54129],[8.12036,46.54204],[8.1178,46.54322],[8.11615,46.54555],[8.11441,46.5466],[8.10994,46.54739],[8.10503,46.54861],[8.10183,46.54799],[8.09961,46.54808],[8.09775,46.54835],[8.09539,46.5489],[8.09476,46.54943],[8.09367,46.55143],[8.09154,46.5511],[8.09004,46.55112],[8.08858,46.55163],[8.08697,46.5513],[8.08331,46.55221],[8.08151,46.55289],[8.07885,46.55422],[8.07738,46.55518],[8.0758,46.55555],[8.07207,46.55378],[8.06888,46.55328],[8.06794,46.55301],[8.06578,46.55338],[8.06434,46.55331],[8.06209,46.55278],[8.06108,46.55162],[8.06037,46.552],[8.05993,46.55272],[8.05835,46.55329],[8.05798,46.5537],[8.05679,46.55405],[8.05467,46.55571],[8.05343,46.55613],[8.0505,46.55603],[8.04927,46.55643],[8.04617,46.55687],[8.04445,46.55664],[8.04313,46.55687],[8.04116,46.55757],[8.04011,46.55812],[8.03525,46.55996],[8.03391,46.56158],[8.03259,46.56218],[8.02907,46.56237],[8.02662,46.56188],[8.02487,46.56189],[8.02201,46.56291],[8.01914,46.56265],[8.01804,46.56278],[8.01607,46.56331],[8.01479,46.56307],[8.01304,46.56228],[8.0091,46.56133],[8.00742,46.56071],[8.00473,46.55893],[8.00295,46.5588],[8.00264,46.55841],[8.00045,46.55775],[7.9973,46.55851],[7.99333,46.55628],[7.99285,46.55477],[7.99216,46.55395],[7.99059,46.55296],[7.99047,46.55249],[7.98938,46.55118],[7.9886,46.5506],[7.98852,46.54987],[7.98774,46.54898],[7.98588,46.54774],[7.98434,46.5475],[7.98202,46.5477],[7.98095,46.54798],[7.97958,46.54799],[7.97824,46.54712],[7.97622,46.54703],[7.97413,46.54651],[7.9698,46.54489],[7.96827,46.54276],[7.96777,46.54143],[7.96588,46.54048],[7.96368,46.53988],[7.96277,46.53913],[7.96257,46.53676],[7.96337,46.53526],[7.96455,46.53456],[7.96505,46.53352],[7.96743,46.53227],[7.96655,46.53063],[7.96749,46.52965],[7.96852,46.52918],[7.96933,46.52843],[7.96882,46.52756],[7.9691,46.52692],[7.97057,46.5265],[7.97128,46.52543],[7.97294,46.52418],[7.97289,46.52337],[7.97062,46.52115],[7.97131,46.51881],[7.97043,46.51807],[7.97073,46.51736],[7.97054,46.51629],[7.96811,46.51408],[7.96759,46.51279],[7.96653,46.51267],[7.96462,46.51279],[7.96334,46.51211],[7.962,46.51182],[7.9613,46.51106],[7.95928,46.51047],[7.95795,46.50948],[7.95349,46.50797],[7.95208,46.50866],[7.94943,46.50838],[7.94794,46.50791],[7.94501,46.50795],[7.94177,46.50772],[7.94089,46.50648],[7.93926,46.50559],[7.93814,46.50528],[7.93452,46.50329],[7.93393,46.5021],[7.9338,46.50109],[7.93263,46.49988],[7.93264,46.49822],[7.93121,46.49808],[7.92991,46.49758],[7.9275,46.49727],[7.92589,46.49667],[7.92531,46.49604],[7.92346,46.49507],[7.92489,46.49376],[7.92485,46.49315],[7.92363,46.4919],[7.92279,46.49154],[7.92011,46.49181],[7.91679,46.49155],[7.91604,46.4911],[7.91503,46.4897],[7.914,46.4888],[7.91297,46.48854],[7.91199,46.4875],[7.91197,46.48692],[7.91114,46.48659],[7.91015,46.48698],[7.90861,46.48708],[7.90677,46.48689],[7.90411,46.48586],[7.90228,46.48554],[7.90137,46.48461],[7.89766,46.48243],[7.89531,46.48227],[7.89349,46.48261],[7.89085,46.48333],[7.88959,46.48251],[7.88878,46.48234],[7.88706,46.48087],[7.88381,46.48032],[7.88119,46.47943],[7.87836,46.47868],[7.87536,46.47831],[7.8741,46.47848],[7.87191,46.47829],[7.86993,46.47783],[7.86754,46.47808],[7.86368,46.47833],[7.86146,46.47819],[7.8598,46.47786],[7.85672,46.47785],[7.85314,46.4774],[7.85032,46.47726],[7.84902,46.47838],[7.84819,46.47879],[7.84663,46.47886],[7.84349,46.47787],[7.8371,46.47431],[7.83512,46.47378],[7.83287,46.47259],[7.83131,46.47241],[7.8285,46.47094],[7.82786,46.47012],[7.82655,46.46938],[7.8259,46.46862],[7.82654,46.4678],[7.82546,46.46708],[7.79963,46.45902],[7.79833,46.45881],[7.79703,46.45768],[7.79657,46.45683],[7.79583,46.45624],[7.79409,46.4555],[7.79243,46.45379],[7.79149,46.45348],[7.78967,46.45327],[7.7886,46.45284],[7.78599,46.45147],[7.78452,46.44907],[7.78289,46.44843],[7.78131,46.44755],[7.78085,46.44706],[7.77941,46.44673],[7.77939,46.44602],[7.77827,46.44464],[7.77898,46.44434],[7.77848,46.44334],[7.77797,46.44313],[7.77546,46.44283],[7.7747,46.44287],[7.77221,46.4423],[7.7705,46.44126],[7.7699,46.44015],[7.76811,46.43943],[7.76596,46.43996],[7.76541,46.43949],[7.76446,46.43789],[7.7635,46.43721],[7.76137,46.43644],[7.76079,46.43589],[7.75961,46.43569],[7.75799,46.43498],[7.75745,46.43523],[7.75625,46.43495],[7.75623,46.43454],[7.75496,46.43343],[7.75488,46.43306],[7.75213,46.43183],[7.75161,46.43136],[7.75051,46.43114],[7.74892,46.43034],[7.74726,46.42999],[7.74659,46.42932],[7.74422,46.42842],[7.74291,46.42733],[7.74224,46.42652],[7.7408,46.4257],[7.73938,46.4252],[7.73851,46.4253],[7.73605,46.4249],[7.73553,46.42368],[7.73509,46.42334],[7.73138,46.42213],[7.72749,46.42152],[7.72187,46.42101],[7.71801,46.41801],[7.7156,46.41482],[7.70852,46.4139],[7.70401,46.417],[7.70125,46.41832],[7.69882,46.41923],[7.69663,46.42133],[7.69612,46.42222],[7.69475,46.42323],[7.69361,46.42494],[7.69258,46.42475],[7.69032,46.42467],[7.68961,46.42539],[7.68766,46.42577],[7.68705,46.42619],[7.68578,46.42647],[7.68498,46.42636],[7.68379,46.42698],[7.68234,46.42718],[7.67845,46.42893],[7.64813,46.43751],[7.63721,46.44051],[7.63533,46.44117],[7.63287,46.44249],[7.62609,46.44509],[7.62469,46.4426],[7.62444,46.4417],[7.62278,46.44111],[7.62206,46.44],[7.62115,46.43929],[7.6205,46.43921],[7.61848,46.43807],[7.61465,46.43778],[7.61125,46.4367],[7.61002,46.43695],[7.60919,46.43546],[7.60835,46.43455],[7.60911,46.43242],[7.60999,46.43127],[7.60949,46.43043],[7.61023,46.42858],[7.60916,46.42789],[7.60894,46.42653],[7.6082,46.42592],[7.60801,46.42531],[7.60621,46.42413],[7.60294,46.42255],[7.60217,46.42263],[7.60127,46.42319],[7.59977,46.42254],[7.59849,46.4213],[7.59739,46.42068],[7.59765,46.41953],[7.59953,46.41835],[7.60033,46.41694],[7.60019,46.41597],[7.59917,46.41514],[7.59752,46.41423],[7.59682,46.41358],[7.59575,46.41122],[7.59239,46.41225],[7.59056,46.41246],[7.58756,46.4135],[7.58645,46.4137],[7.58554,46.41432],[7.58546,46.41495],[7.58388,46.41601],[7.5841,46.41673],[7.58353,46.41732],[7.58155,46.41756],[7.58057,46.41687],[7.57853,46.41732],[7.57691,46.41713],[7.57608,46.41656],[7.57417,46.41571],[7.57297,46.41546],[7.57253,46.41499],[7.57098,46.41458],[7.56924,46.41466],[7.5674,46.41418],[7.56553,46.41434],[7.5638,46.41332],[7.56281,46.41346],[7.56238,46.41244],[7.56088,46.41331],[7.55802,46.41368],[7.55418,46.41362],[7.55233,46.41269],[7.5516,46.41211],[7.54918,46.41207],[7.5473,46.41191],[7.54438,46.41219],[7.54153,46.41169],[7.5394,46.41175],[7.53848,46.41056],[7.53616,46.4104],[7.53603,46.40995],[7.53433,46.40992],[7.53278,46.40866],[7.5327,46.40757],[7.53336,46.40679],[7.53211,46.40651],[7.53146,46.40511],[7.52861,46.40029],[7.52976,46.39953],[7.53042,46.39946],[7.53125,46.39885],[7.53385,46.39737],[7.54012,46.39523],[7.54081,46.39486],[7.54381,46.39412],[7.54699,46.39401],[7.54859,46.39298],[7.55214,46.3913],[7.55325,46.39037],[7.55487,46.38948],[7.55496,46.38888],[7.5458,46.38571],[7.54127,46.3841],[7.53981,46.38273],[7.53857,46.3802],[7.5386,46.37899],[7.53909,46.37785],[7.53753,46.3771],[7.53448,46.37666],[7.52922,46.37564],[7.52696,46.37462],[7.52457,46.37489],[7.52079,46.37491],[7.51953,46.37534],[7.51808,46.37535],[7.51685,46.3756],[7.51528,46.37558],[7.51275,46.37617],[7.51098,46.37596],[7.50716,46.37584],[7.50568,46.37461],[7.50606,46.37346],[7.50498,46.37301],[7.5046,46.37248],[7.50291,46.37158],[7.50245,46.37046],[7.50062,46.36999],[7.49888,46.36991],[7.49842,46.37038],[7.49717,46.3706],[7.49473,46.37198],[7.49188,46.37115],[7.49041,46.37031],[7.48926,46.37034],[7.48686,46.37073],[7.48532,46.37194],[7.48512,46.37253],[7.48526,46.37687],[7.48462,46.37915],[7.48142,46.38415],[7.4794,46.38527],[7.47741,46.38449],[7.47639,46.38438],[7.47481,46.38389],[7.47329,46.38363],[7.47333,46.38156],[7.47274,46.38085],[7.47112,46.38031],[7.46974,46.37812],[7.46804,46.37805],[7.46584,46.37838],[7.46364,46.37806],[7.46214,46.37642],[7.46034,46.37728],[7.45903,46.37819],[7.45876,46.37892],[7.45931,46.3796],[7.45911,46.38101],[7.45746,46.38149],[7.45619,46.3823],[7.45433,46.38321],[7.45181,46.3835],[7.45063,46.38409],[7.44996,46.38354],[7.44753,46.38331],[7.4464,46.38372],[7.44403,46.38372],[7.4424,46.38328],[7.4415,46.3836],[7.43978,46.3846],[7.43863,46.38615],[7.43613,46.38563],[7.43499,46.38523],[7.43339,46.38508],[7.43238,46.38427],[7.43063,46.38238],[7.42848,46.38099],[7.42742,46.38058],[7.42476,46.38103],[7.42375,46.38047],[7.42262,46.38028],[7.42172,46.38051],[7.41864,46.38023],[7.41686,46.38017],[7.41613,46.37929],[7.41497,46.37877],[7.41156,46.37856],[7.41039,46.37758],[7.40923,46.37713],[7.40688,46.37673],[7.40647,46.37651],[7.4043,46.37615],[7.40348,46.37557],[7.40235,46.37535],[7.40227,46.37477],[7.401,46.37421],[7.40035,46.37537],[7.4003,46.37621],[7.3994,46.37646],[7.3962,46.37452],[7.39527,46.37431],[7.39256,46.37293],[7.39227,46.37211],[7.39129,46.37145],[7.39014,46.37101],[7.38948,46.36976],[7.38838,46.36894],[7.38701,46.36919],[7.38548,46.36843],[7.38467,46.36774],[7.38454,46.36698],[7.38302,46.36579],[7.38154,46.36439],[7.38061,46.36389],[7.379,46.36382],[7.37817,46.36407],[7.37674,46.36321],[7.37498,46.36135],[7.37383,46.36042],[7.37021,46.35933],[7.36908,46.35884],[7.36766,46.35754],[7.3658,46.35697],[7.36297,46.35677],[7.36232,46.35596],[7.36163,46.35568],[7.36071,46.35449],[7.35941,46.35373],[7.35895,46.35312],[7.35768,46.3528],[7.35667,46.35219],[7.35492,46.35074],[7.35325,46.35044],[7.35267,46.35078],[7.35094,46.35103],[7.34859,46.35017],[7.34709,46.3501],[7.34494,46.34908],[7.3427,46.34828],[7.34113,46.34813],[7.33806,46.34697],[7.33656,46.34703],[7.3336,46.34622],[7.3316,46.34639],[7.32782,46.34545],[7.32628,46.34468],[7.32392,46.34428],[7.32077,46.34429],[7.31945,46.34393],[7.31641,46.34396],[7.31523,46.34386],[7.31504,46.34442],[7.31285,46.34606],[7.31131,46.3477],[7.31019,46.34849],[7.31037,46.3493],[7.30905,46.35012],[7.30823,46.35089],[7.30783,46.35209],[7.30923,46.35458],[7.31,46.35567],[7.3096,46.35683],[7.30901,46.35735],[7.30823,46.35877],[7.31022,46.35995],[7.3104,46.36098],[7.31088,46.3619],[7.31255,46.36322],[7.31266,46.36457],[7.31249,46.36596],[7.31269,46.36689],[7.31233,46.36806],[7.31282,46.37041],[7.31247,46.37155],[7.31161,46.37268],[7.31052,46.37502],[7.31028,46.37516],[7.29906,46.36645],[7.29551,46.36556],[7.29335,46.36647],[7.29138,46.36673],[7.29052,46.36714],[7.28877,46.36636],[7.28805,46.36572],[7.2623,46.35824],[7.26197,46.35731],[7.26097,46.35587],[7.26063,46.35435],[7.2616,46.35221],[7.26098,46.35151],[7.26124,46.35062],[7.26245,46.34939],[7.26153,46.34898],[7.26092,46.34758],[7.26102,46.34651],[7.26157,46.34624],[7.26036,46.34492],[7.26023,46.34415],[7.26129,46.34298],[7.26141,46.34111],[7.26114,46.34011],[7.26272,46.33865],[7.2618,46.33743],[7.26076,46.33724],[7.25915,46.33633],[7.25845,46.33564],[7.25746,46.33412],[7.25552,46.33251],[7.25482,46.33162],[7.25349,46.33067],[7.25205,46.32998],[7.25017,46.33023],[7.24727,46.32885],[7.24642,46.328],[7.24449,46.32802],[7.24165,46.3274],[7.24119,46.32712],[7.23909,46.32695],[7.2373,46.32723],[7.23459,46.32663],[7.23243,46.32647],[7.22978,46.32696],[7.22912,46.3273],[7.22509,46.32807],[7.22407,46.32872],[7.22149,46.32925],[7.18906,46.3039],[7.18925,46.29517],[7.19695,46.28913],[7.19437,46.28907],[7.19388,46.28838],[7.19411,46.28713],[7.19484,46.28568],[7.19299,46.28488],[7.19029,46.28501],[7.18875,46.28416],[7.18681,46.28358],[7.18631,46.28284],[7.18737,46.27839],[7.18934,46.27337],[7.18941,46.27291],[7.18842,46.27067],[7.18633,46.26936],[7.18372,46.26847],[7.1811,46.2684],[7.17963,46.26895],[7.17894,46.26895],[7.17776,46.26831],[7.17709,46.26714],[7.17568,46.26576],[7.17471,46.26546],[7.17274,46.26331],[7.17197,46.26264],[7.17152,46.2611],[7.16921,46.26028],[7.1673,46.25884],[7.16612,46.25763],[7.16521,46.25635],[7.1644,46.2557],[7.16236,46.25445],[7.16189,46.25391],[7.1606,46.25322],[7.15759,46.25301],[7.15671,46.25275],[7.15523,46.25275],[7.15343,46.25031],[7.15276,46.24966],[7.15177,46.24808],[7.15129,46.24638],[7.15159,46.24579],[7.15142,46.24472],[7.15003,46.2435],[7.14959,46.24283],[7.14746,46.24208],[7.14528,46.24161],[7.14386,46.24069],[7.14379,46.24025],[7.14238,46.23874],[7.14096,46.2379],[7.13912,46.23732],[7.13514,46.23656],[7.13439,46.23667],[7.13037,46.23679],[7.12689,46.23707],[7.12546,46.23685],[7.12417,46.23593],[7.12381,46.23431],[7.12333,46.23322],[7.12343,46.2325],[7.12244,46.23119],[7.12181,46.22994],[7.12122,46.22932],[7.12178,46.22761],[7.12182,46.22636],[7.12132,46.22491],[7.12224,46.22335],[7.11995,46.2228],[7.11887,46.22194],[7.11897,46.22123],[7.11767,46.22005],[7.11677,46.21966],[7.11494,46.21837],[7.11569,46.21769],[7.11492,46.2171],[7.1131,46.21626],[7.11137,46.21465],[7.11109,46.21392],[7.11021,46.21371],[7.10864,46.21271],[7.1086,46.21234],[7.10669,46.2116],[7.10628,46.21102],[7.10479,46.21048],[7.10166,46.20961],[7.1012,46.20903],[7.09959,46.2079],[7.09669,46.20769],[7.09538,46.20691],[7.09436,46.20549],[7.09362,46.20483],[7.09009,46.20254],[7.08949,46.20244],[7.08844,46.20159],[7.08596,46.20139],[7.08521,46.20097],[7.08324,46.20057],[7.08172,46.19977],[7.07819,46.19962],[7.07697,46.19897],[7.07646,46.19939],[7.07549,46.19932],[7.07381,46.1998],[7.07124,46.20101],[7.06568,46.19975],[7.06397,46.19944],[7.06096,46.19774],[7.05956,46.19628],[7.05768,46.19575],[7.05623,46.1957],[7.05443,46.19472],[7.05331,46.1944],[7.05219,46.19371],[7.05188,46.19297],[7.04957,46.19268],[7.0465,46.19134],[7.04553,46.19068],[7.04268,46.1899],[7.04125,46.18993],[7.04071,46.18902],[7.03836,46.18845],[7.03747,46.18802],[7.03604,46.18789],[7.034,46.18794],[7.03318,46.18707],[7.03244,46.18781],[7.03156,46.19007],[7.03085,46.19073],[7.02892,46.19201],[7.0273,46.19404],[7.02609,46.1964],[7.02497,46.19771],[7.02265,46.1996],[7.02151,46.20069],[7.01991,46.20181],[7.01554,46.20392],[7.01335,46.20454],[7.01245,46.20498],[7.01167,46.20577],[7.01138,46.20669],[7.01131,46.20902],[7.01035,46.21151],[7.00976,46.21459],[7.00936,46.21602],[7.00861,46.21781],[7.00791,46.22069],[7.00723,46.22149],[7.00635,46.22201],[7.00491,46.22248],[7.00366,46.22323],[7.00257,46.22528],[7.00246,46.2271],[7.0028,46.22932],[7.00261,46.23144],[7.00234,46.23245],[7.00141,46.23373],[7.00022,46.23458],[6.99765,46.23553],[6.99618,46.2364],[6.99527,46.23762],[6.99493,46.23864],[6.99419,46.23987],[6.99327,46.24082],[6.99034,46.24321],[6.98922,46.24454],[6.98884,46.24569],[6.98815,46.2508],[6.98718,46.25269],[6.98564,46.25381],[6.98158,46.25585],[6.98038,46.25653],[6.97571,46.25957],[6.97427,46.26065],[6.96652,46.26729],[6.96518,46.26874],[6.96412,46.27092],[6.96368,46.2733],[6.96215,46.27848],[6.96086,46.28257],[6.96003,46.2839],[6.95871,46.28511],[6.95094,46.29042],[6.94881,46.29164],[6.94693,46.29243],[6.94343,46.29357],[6.94155,46.29439],[6.93864,46.29608],[6.93702,46.29758],[6.93651,46.29845],[6.93599,46.29999],[6.93589,46.30103],[6.93596,46.3035],[6.93563,46.30498],[6.93452,46.3075],[6.93404,46.30889],[6.93317,46.31285],[6.93211,46.31536],[6.93178,46.31684],[6.93182,46.31835],[6.93237,46.32191],[6.93236,46.32397],[6.93118,46.32808],[6.93066,46.32922],[6.92966,46.33046],[6.9213,46.33781],[6.91977,46.33876],[6.91816,46.33933],[6.91661,46.33961],[6.91529,46.33963],[6.90466,46.33857],[6.90244,46.33852],[6.90009,46.33884],[6.89891,46.33916],[6.89616,46.3404],[6.89494,46.34123],[6.89352,46.34268],[6.89041,46.34694],[6.88827,46.34928],[6.88632,46.35068],[6.88367,46.35206],[6.88271,46.3529],[6.88182,46.35449],[6.88173,46.35578],[6.88233,46.35731],[6.88546,46.36176],[6.88656,46.36416],[6.88692,46.36603],[6.88686,46.36773],[6.88624,46.37233],[6.88575,46.37429],[6.88497,46.37583],[6.88409,46.37674],[6.88108,46.37894],[6.87861,46.38019],[6.87513,46.38152],[6.87348,46.38266],[6.8698,46.38609],[6.86741,46.3879],[6.86357,46.39018],[6.86222,46.39116],[6.85979,46.39379],[6.85789,46.39571],[6.85474,46.39827],[6.8548,46.39836],[6.82487,46.42462],[6.82168,46.42697],[6.82107,46.42716],[6.8053,46.39413],[6.80497,46.39358],[6.80348,46.39287],[6.80309,46.39239],[6.80288,46.39035],[6.80239,46.38989],[6.80175,46.38792],[6.8021,46.38669],[6.80186,46.38583],[6.80296,46.38501],[6.8035,46.38408],[6.80423,46.38361],[6.80561,46.3836],[6.80651,46.38296],[6.80578,46.38175],[6.80626,46.38053],[6.80613,46.37967],[6.80535,46.37829],[6.8034,46.37629],[6.80168,46.3759],[6.80039,46.37482],[6.79994,46.37483],[6.79845,46.37387],[6.79775,46.37228],[6.79717,46.37146],[6.79623,46.37092],[6.79575,46.37008],[6.7937,46.36865],[6.79307,46.36781],[6.79105,46.36685],[6.78752,46.36672],[6.78708,46.36647],[6.7847,46.36655],[6.78439,46.36692],[6.78078,46.36652],[6.77935,46.36583],[6.77869,46.36504],[6.77639,46.36487],[6.77554,46.36437],[6.77573,46.36381],[6.77504,46.36322],[6.77295,46.362],[6.77244,46.36141],[6.77144,46.36102],[6.7708,46.35852],[6.77058,46.35544],[6.77099,46.35488],[6.77102,46.35377],[6.77149,46.35324],[6.77209,46.35027],[6.77376,46.3488],[6.77453,46.34727],[6.77675,46.34657],[6.77748,46.34614],[6.77908,46.34463],[6.77912,46.34351],[6.77974,46.34277],[6.78058,46.34103],[6.78234,46.33912],[6.78273,46.33804],[6.78452,46.33683],[6.78439,46.33653],[6.78483,46.3347],[6.78423,46.33313],[6.78459,46.3326],[6.78626,46.33255],[6.78634,46.33209],[6.79278,46.3326],[6.79442,46.33267],[6.79639,46.333],[6.79637,46.33137],[6.79676,46.33084],[6.79778,46.33052],[6.7982,46.32959],[6.79899,46.32908],[6.79742,46.32667],[6.79848,46.32323],[6.79898,46.32207],[6.80037,46.32004],[6.80124,46.31956],[6.80352,46.31979],[6.80539,46.32039],[6.80606,46.32032],[6.80704,46.32075],[6.811,46.31917],[6.81132,46.31875],[6.81298,46.31812],[6.81328,46.31772],[6.8157,46.31587],[6.81649,46.31601],[6.81892,46.31575],[6.81984,46.31522],[6.82152,46.31296],[6.82294,46.31239],[6.82361,46.31247],[6.82535,46.31196],[6.82569,46.31081],[6.82626,46.30992],[6.82726,46.30922],[6.82758,46.30857],[6.82906,46.30657],[6.83028,46.30613],[6.83,46.30541],[6.8281,46.30251],[6.82885,46.30112],[6.82996,46.30018],[6.83104,46.29976],[6.83396,46.29968],[6.83471,46.29951],[6.83636,46.29727],[6.8386,46.29616],[6.83964,46.29509],[6.84164,46.29466],[6.84237,46.29433],[6.84391,46.29429],[6.84399,46.29327],[6.84446,46.29232],[6.84567,46.29083],[6.84672,46.29015],[6.84805,46.28983],[6.84849,46.29005],[6.8509,46.29028],[6.85211,46.29221],[6.85293,46.2921],[6.85486,46.29251],[6.85742,46.2915],[6.85922,46.29031],[6.85913,46.28849],[6.86064,46.28635],[6.8619,46.28591],[6.86437,46.2831],[6.86489,46.28152],[6.86485,46.28001],[6.86292,46.27845],[6.86151,46.27657],[6.86081,46.27633],[6.8589,46.27388],[6.86019,46.26623],[6.85857,46.26361],[6.85727,46.26196],[6.85445,46.2593],[6.85541,46.25521],[6.85405,46.25386],[6.85198,46.25214],[6.84581,46.24968],[6.84294,46.2486],[6.8398,46.24822],[6.83932,46.24724],[6.83784,46.24489],[6.83802,46.24401],[6.83745,46.24249],[6.83715,46.2408],[6.83617,46.23999],[6.83492,46.23929],[6.8344,46.23779],[6.83327,46.23658],[6.83065,46.23439],[6.82907,46.23381],[6.82676,46.23413],[6.82565,46.23389],[6.82458,46.23332],[6.82271,46.23294],[6.82121,46.23232],[6.82059,46.23041],[6.82107,46.22973],[6.82168,46.22801],[6.8219,46.22491],[6.82173,46.22337],[6.82019,46.22155],[6.81914,46.22101],[6.81756,46.22072],[6.81654,46.22014],[6.81647,46.21921],[6.81563,46.21891],[6.81485,46.21735],[6.8142,46.2169],[6.81424,46.21636],[6.81298,46.21506],[6.81111,46.21475],[6.80988,46.21384],[6.80972,46.21292],[6.80994,46.21192],[6.80883,46.21166],[6.808,46.2108],[6.8078,46.2095],[6.80726,46.20791],[6.80624,46.20735],[6.80528,46.2065],[6.80355,46.20461],[6.8033,46.20328],[6.80698,46.19626],[6.80728,46.19526],[6.80868,46.19253],[6.80946,46.18914],[6.81259,46.18154],[6.81108,46.18061],[6.81046,46.18002],[6.80975,46.1799],[6.80874,46.17922],[6.80696,46.17852],[6.80675,46.17749],[6.80687,46.17636],[6.80598,46.17526],[6.80622,46.17507],[6.80553,46.1739],[6.80534,46.17258],[6.80309,46.17183],[6.80222,46.171],[6.80152,46.16991],[6.80066,46.16938],[6.79978,46.16839],[6.79868,46.16836],[6.79707,46.16759],[6.79631,46.16643],[6.79456,46.16582],[6.79418,46.16469],[6.79353,46.16449],[6.79172,46.16293],[6.7925,46.1607],[6.79265,46.15973],[6.79163,46.15857],[6.79203,46.15803],[6.79116,46.15735],[6.79137,46.15651],[6.79029,46.15514],[6.79027,46.15401],[6.7908,46.15282],[6.79165,46.15195],[6.79321,46.14959],[6.79336,46.14895],[6.79461,46.14759],[6.79477,46.14671],[6.79465,46.14533],[6.79493,46.1441],[6.79629,46.14219],[6.79628,46.14093],[6.79656,46.1404],[6.79654,46.13868],[6.79714,46.13844],[6.7981,46.13621],[6.79918,46.13577],[6.80143,46.13532],[6.8043,46.13594],[6.80619,46.1359],[6.80723,46.13652],[6.8079,46.13617],[6.81039,46.13378],[6.81065,46.1331],[6.81151,46.13227],[6.81336,46.13187],[6.8139,46.13148],[6.81367,46.13068],[6.81511,46.12927],[6.81721,46.12976],[6.81867,46.1311],[6.8209,46.13133],[6.82315,46.13122],[6.82488,46.13187],[6.82863,46.13189],[6.83086,46.13259],[6.83401,46.13237],[6.83489,46.13209],[6.83612,46.13258],[6.83749,46.13257],[6.83819,46.13295],[6.84202,46.13198],[6.84144,46.1309],[6.84238,46.13032],[6.84238,46.12947],[6.84436,46.12835],[6.84513,46.12828],[6.84815,46.12723],[6.84942,46.12713],[6.85174,46.12659],[6.85474,46.12678],[6.85615,46.12635],[6.85734,46.12639],[6.85972,46.12585],[6.86093,46.12605],[6.8642,46.12591],[6.86587,46.12559],[6.86759,46.12569],[6.86842,46.12521],[6.86951,46.12514],[6.87116,46.12562],[6.87328,46.12596],[6.8756,46.1257],[6.87777,46.12507],[6.87866,46.12381],[6.87993,46.12335],[6.88137,46.12343],[6.88243,46.12288],[6.88524,46.12386],[6.88859,46.12458],[6.89048,46.12554],[6.89194,46.12535],[6.89512,46.12383],[6.89599,46.12383],[6.89757,46.12463],[6.89909,46.1243],[6.89993,46.12388],[6.89809,46.12227],[6.89726,46.12084],[6.89701,46.11901],[6.89648,46.11845],[6.89607,46.11731],[6.89466,46.11549],[6.89397,46.11499],[6.89313,46.11361],[6.89297,46.11269],[6.8938,46.11048],[6.89353,46.11007],[6.89548,46.10871],[6.89514,46.10815],[6.89321,46.10645],[6.89299,46.10476],[6.89242,46.10435],[6.89125,46.10292],[6.89043,46.10248],[6.89011,46.10187],[6.88768,46.10061],[6.88729,46.09962],[6.88596,46.09733],[6.88507,46.09647],[6.88254,46.09522],[6.88358,46.0935],[6.88476,46.09302],[6.88571,46.09198],[6.88614,46.09104],[6.88711,46.08967],[6.88833,46.08907],[6.8883,46.0878],[6.88878,46.08694],[6.88961,46.08655],[6.89054,46.08556],[6.8918,46.08497],[6.8912,46.0823],[6.8907,46.08204],[6.89036,46.08061],[6.88828,46.07983],[6.88824,46.07855],[6.89017,46.0762],[6.89096,46.07451],[6.8918,46.07374],[6.88877,46.07363],[6.88744,46.07309],[6.88372,46.07052],[6.88155,46.06988],[6.88029,46.06928],[6.87995,46.06807],[6.87898,46.06607],[6.87901,46.06526],[6.8771,46.06403],[6.87641,46.06288],[6.87656,46.06237],[6.87587,46.06108],[6.87569,46.05993],[6.8751,46.05814],[6.87402,46.05686],[6.87291,46.05486],[6.87302,46.05333],[6.87275,46.05193],[6.87173,46.05115],[6.87348,46.05059],[6.87539,46.04973],[6.87591,46.04906],[6.8755,46.04806],[6.87575,46.04753],[6.87791,46.0468],[6.87785,46.04637],[6.88088,46.04526],[6.88222,46.04502],[6.88338,46.04441],[6.88485,46.04467],[6.88675,46.04418],[6.88819,46.04267],[6.88954,46.04252],[6.89127,46.04269],[6.89173,46.04406],[6.89169,46.04554],[6.89244,46.0465],[6.8948,46.0481],[6.89595,46.04846],[6.89668,46.0483],[6.89876,46.04868],[6.89921,46.04859],[6.90195,46.04901],[6.90347,46.04904],[6.90512,46.04979],[6.9065,46.04972],[6.90861,46.05017],[6.90964,46.05075],[6.91024,46.05176],[6.91115,46.05206],[6.91083,46.0538],[6.9114,46.05425],[6.91277,46.0545],[6.91464,46.05598],[6.91448,46.05678],[6.91609,46.05824],[6.91879,46.05928],[6.91872,46.06014],[6.91956,46.06117],[6.92031,46.06154],[6.92459,46.06524],[6.92862,46.06466],[6.93169,46.06537],[6.93197,46.06593],[6.93399,46.06599],[6.93582,46.06466],[6.93741,46.0642],[6.93805,46.06297],[6.93671,46.06289],[6.93627,46.0622],[6.93683,46.06159],[6.93651,46.06028],[6.93678,46.06003],[6.93619,46.05893],[6.93506,46.05861],[6.93528,46.05798],[6.93471,46.05678],[6.93505,46.05596],[6.93634,46.05494],[6.93729,46.05532],[6.93932,46.05286],[6.94041,46.05252],[6.94102,46.05202],[6.94265,46.05137],[6.94393,46.05061],[6.94534,46.05062],[6.94575,46.05099],[6.94719,46.05146],[6.94835,46.05107],[6.95014,46.05159],[6.95142,46.0499],[6.95307,46.04574],[6.95452,46.04167],[6.95673,46.0388],[6.96289,46.03043],[6.96653,46.03115],[6.96981,46.02677],[6.97102,46.02553],[6.97229,46.0251],[6.97345,46.02433],[6.97511,46.02355],[6.97614,46.02226],[6.9771,46.0216],[6.98007,46.0206],[6.98132,46.01957],[6.98078,46.01871],[6.9808,46.01762],[6.98242,46.01534],[6.98254,46.01414],[6.98355,46.01274],[6.98332,46.00993],[6.98417,46.00915],[6.98404,46.00854],[6.98512,46.00756],[6.98513,46.00702],[6.98433,46.00602],[6.98456,46.00512],[6.9855,46.00416],[6.98722,46.00398],[6.98782,46.00352],[6.98866,46.0038],[6.99012,46.00322],[6.99139,46.00235],[6.993,46.00194],[6.99387,46.0011],[6.99539,46.00008],[6.99644,45.99972],[6.9989,45.99944],[7.00058,45.99893],[7.00352,46.00008],[7.00495,46.00115],[7.00565,46.00112],[7.00679,45.99956],[7.00835,45.99893],[7.00993,45.99794],[7.01066,45.99717],[7.01066,45.99557],[7.01115,45.9953],[7.0103,45.99441],[7.01133,45.99356],[7.01252,45.99208],[7.01233,45.99125],[7.01163,45.98988],[7.01164,45.98918],[7.01221,45.98726],[7.01318,45.9869],[7.01572,45.98676],[7.01831,45.98432],[7.01993,45.98378],[7.01961,45.98325],[7.01976,45.9823],[7.02105,45.98172],[7.02135,45.98112],[7.02232,45.98058],[7.02268,45.97989],[7.02359,45.9792],[7.02261,45.97721],[7.02168,45.97686],[7.02148,45.97637],[7.02024,45.97627],[7.01942,45.97577],[7.01754,45.9755],[7.01639,45.97509],[7.01526,45.97516],[7.0135,45.97433],[7.01242,45.97409],[7.01161,45.97344],[7.01015,45.97323],[7.01004,45.97197],[7.00921,45.9713],[7.00863,45.96924],[7.00941,45.96864],[7.01051,45.96844],[7.01133,45.9668],[7.0117,45.96663],[7.01266,45.96511],[7.0144,45.96386],[7.01538,45.96249],[7.01685,45.96193],[7.01744,45.96139],[7.01743,45.96042],[7.01994,45.96043],[7.02052,45.95929],[7.02353,45.95823],[7.02525,45.95813],[7.02602,45.9577],[7.02828,45.95753],[7.02887,45.95722],[7.03205,45.95648],[7.03491,45.95614],[7.03639,45.95553],[7.03749,45.95425],[7.03672,45.95285],[7.03718,45.95193],[7.03706,45.95146],[7.03775,45.95068],[7.03785,45.94947],[7.03755,45.94844],[7.03854,45.94763],[7.0385,45.9451],[7.03747,45.94393],[7.03669,45.9435],[7.03728,45.94261],[7.03674,45.93981],[7.03607,45.93915],[7.03573,45.9383],[7.03854,45.9338],[7.03849,45.93335],[7.04017,45.93196],[7.0411,45.93192],[7.04268,45.92963],[7.04245,45.92832],[7.04283,45.92784],[7.04355,45.926],[7.04319,45.92492],[7.04373,45.92316],[7.04447,45.92248],[7.04617,45.92196],[7.04747,45.921],[7.04755,45.92015],[7.04943,45.91891],[7.05014,45.91774],[7.05085,45.91758],[7.05309,45.9156],[7.05552,45.9146],[7.05586,45.91429],[7.05734,45.91407],[7.05821,45.91361],[7.06057,45.91339],[7.06154,45.91196],[7.0629,45.91116],[7.06295,45.91049],[7.06443,45.90937],[7.06445,45.90807],[7.06374,45.90596],[7.06426,45.9043],[7.06405,45.90361],[7.0642,45.90008],[7.06784,45.89893],[7.06849,45.89821],[7.0698,45.89802],[7.06966,45.89738],[7.07049,45.89696],[7.07153,45.89598],[7.0742,45.89498],[7.07661,45.89518],[7.07669,45.89326],[7.07629,45.89161],[7.07653,45.89012],[7.07759,45.88913],[7.07822,45.88889],[7.07923,45.88734],[7.07922,45.88624],[7.08009,45.88514],[7.08181,45.884],[7.08409,45.88356],[7.0854,45.88304],[7.08732,45.88117],[7.08912,45.88066],[7.08961,45.87997],[7.09135,45.87875],[7.0934,45.87751],[7.09407,45.87663],[7.09524,45.87587],[7.09343,45.87434],[7.09208,45.87206],[7.09378,45.87135],[7.09461,45.87052],[7.09482,45.86951],[7.09638,45.86818],[7.0964,45.86695],[7.0971,45.86588],[7.09726,45.86456],[7.09796,45.86395],[7.09742,45.86247],[7.09883,45.86117],[7.09993,45.86102],[7.10073,45.85963],[7.1015,45.85918],[7.10379,45.85942],[7.10575,45.85881],[7.10677,45.85874],[7.10881,45.85819],[7.11104,45.85883],[7.11224,45.8595],[7.1139,45.85945],[7.11466,45.85964],[7.11574,45.85927],[7.11845,45.85944],[7.12046,45.86148],[7.12301,45.8633],[7.12477,45.86407],[7.12662,45.864],[7.12722,45.8646],[7.12865,45.86537],[7.12973,45.86643],[7.13143,45.86686],[7.13349,45.86862],[7.1339,45.86987],[7.13347,45.87103],[7.1342,45.87148],[7.1352,45.87267],[7.13683,45.87325],[7.13756,45.87322],[7.13965,45.87388],[7.14025,45.87494],[7.1408,45.87534],[7.14323,45.87536],[7.14477,45.87593],[7.14695,45.87615],[7.14867,45.87744],[7.15158,45.87788],[7.15322,45.87866],[7.15354,45.87925],[7.15663,45.87916],[7.15905,45.87861],[7.16027,45.87866],[7.16162,45.87812],[7.1629,45.87689],[7.16403,45.87685],[7.16459,45.87574],[7.16421,45.87362],[7.16363,45.87303],[7.16203,45.87266],[7.16132,45.87217],[7.16194,45.87127],[7.16569,45.86898],[7.17532,45.8629],[7.17651,45.86337],[7.17906,45.86354],[7.18008,45.86309],[7.18123,45.86207],[7.18233,45.86162],[7.18269,45.86103],[7.18422,45.86013],[7.18671,45.86009],[7.18831,45.85905],[7.19028,45.85884],[7.19217,45.85918],[7.19342,45.85979],[7.1954,45.86021],[7.19649,45.86026],[7.19859,45.86185],[7.1993,45.86254],[7.20063,45.86308],[7.19974,45.86415],[7.19927,45.86522],[7.19844,45.86593],[7.19817,45.86755],[7.19851,45.86853],[7.19764,45.87032],[7.19819,45.87137],[7.19917,45.87253],[7.20036,45.87541],[7.20158,45.87551],[7.20247,45.87609],[7.20351,45.87637],[7.20424,45.87738],[7.20479,45.87868],[7.20535,45.87902],[7.20628,45.88017],[7.20792,45.88016],[7.20987,45.88057],[7.21059,45.88112],[7.21084,45.88194],[7.21292,45.88274],[7.21357,45.88318],[7.21544,45.88384],[7.21589,45.88597],[7.21588,45.88667],[7.21638,45.8888],[7.21987,45.88924],[7.22304,45.89031],[7.22465,45.88972],[7.22582,45.88975],[7.22714,45.89119],[7.22831,45.892],[7.23138,45.8917],[7.23316,45.89122],[7.23386,45.89074],[7.23533,45.89024],[7.23696,45.89],[7.23886,45.89016],[7.23941,45.88992],[7.24055,45.89006],[7.2427,45.89105],[7.24505,45.89122],[7.24617,45.8923],[7.2474,45.89299],[7.24949,45.89313],[7.25042,45.8929],[7.25171,45.89175],[7.25223,45.8901],[7.25309,45.8885],[7.25433,45.88797],[7.2557,45.88789],[7.25683,45.88816],[7.25798,45.889],[7.25896,45.88917],[7.25913,45.88975],[7.26035,45.8913],[7.26324,45.89344],[7.26479,45.89365],[7.26535,45.89445],[7.26657,45.89526],[7.26661,45.89654],[7.26841,45.89713],[7.26918,45.89803],[7.27016,45.89826],[7.27147,45.89997],[7.2729,45.89996],[7.27431,45.90035],[7.27592,45.90025],[7.27689,45.90074],[7.27726,45.90165],[7.27828,45.90302],[7.2784,45.90416],[7.27922,45.90523],[7.27923,45.90584],[7.27994,45.90635],[7.27998,45.90716],[7.28195,45.90956],[7.28218,45.91023],[7.28351,45.91199],[7.2847,45.91284],[7.285,45.91398],[7.28477,45.91485],[7.2858,45.91623],[7.2883,45.91731],[7.28946,45.91757],[7.29029,45.92005],[7.29136,45.92077],[7.29288,45.92093],[7.29384,45.92163],[7.29451,45.92167],[7.29558,45.92122],[7.29692,45.92107],[7.29849,45.91934],[7.29963,45.91899],[7.30076,45.91755],[7.30182,45.91715],[7.30334,45.91719],[7.30408,45.91747],[7.30701,45.91755],[7.30896,45.91683],[7.31245,45.91631],[7.31481,45.91681],[7.3163,45.91652],[7.31744,45.91451],[7.31739,45.91382],[7.31784,45.91292],[7.31782,45.91203],[7.31872,45.91146],[7.32184,45.91119],[7.32241,45.9107],[7.3239,45.91021],[7.32672,45.9103],[7.32918,45.91063],[7.33072,45.91052],[7.33182,45.91081],[7.33254,45.91149],[7.33552,45.91221],[7.33641,45.91272],[7.33749,45.91269],[7.33789,45.91317],[7.34017,45.91375],[7.34135,45.91384],[7.34274,45.91436],[7.34417,45.91521],[7.34486,45.91492],[7.34674,45.91338],[7.34784,45.91276],[7.35054,45.91159],[7.35255,45.91099],[7.35577,45.91107],[7.35646,45.91064],[7.35618,45.90967],[7.35639,45.90895],[7.35646,45.9072],[7.35737,45.90688],[7.35819,45.90602],[7.35917,45.9058],[7.36026,45.90376],[7.36121,45.90331],[7.3638,45.90331],[7.36607,45.90414],[7.36817,45.90296],[7.37054,45.90237],[7.37266,45.90123],[7.37428,45.90051],[7.37469,45.90087],[7.37572,45.90076],[7.37751,45.89964],[7.37834,45.89881],[7.37986,45.89837],[7.38075,45.89735],[7.38239,45.89645],[7.38633,45.89715],[7.38699,45.89754],[7.38886,45.89812],[7.39095,45.89933],[7.39126,45.90004],[7.39213,45.90054],[7.39335,45.9017],[7.39572,45.90357],[7.39638,45.90437],[7.3971,45.90476],[7.39776,45.90559],[7.39792,45.90667],[7.39782,45.90845],[7.39913,45.90906],[7.4013,45.91091],[7.40175,45.91151],[7.40492,45.90929],[7.40663,45.90901],[7.40761,45.90852],[7.40959,45.90873],[7.41083,45.90864],[7.41238,45.90922],[7.41311,45.91],[7.41415,45.91067],[7.41596,45.91142],[7.41811,45.91138],[7.41949,45.91193],[7.42046,45.91198],[7.42116,45.91251],[7.42133,45.91345],[7.42229,45.91469],[7.4233,45.9144],[7.42498,45.91469],[7.42654,45.91515],[7.42736,45.91588],[7.42904,45.91664],[7.43121,45.91822],[7.43184,45.91826],[7.43299,45.91959],[7.43428,45.92022],[7.43561,45.92263],[7.43674,45.92395],[7.43814,45.92488],[7.43889,45.92495],[7.43936,45.92583],[7.4415,45.92714],[7.44185,45.92945],[7.44258,45.93005],[7.44363,45.93036],[7.44366,45.93079],[7.44459,45.93169],[7.44688,45.93126],[7.44774,45.93171],[7.44993,45.93215],[7.45041,45.93243],[7.45404,45.93283],[7.45641,45.93242],[7.45719,45.93424],[7.45815,45.93531],[7.4598,45.93562],[7.46328,45.93534],[7.46435,45.93536],[7.46637,45.93439],[7.46956,45.93379],[7.47123,45.93393],[7.47315,45.93508],[7.47473,45.93584],[7.47488,45.93697],[7.47449,45.93816],[7.47452,45.93944],[7.47427,45.94058],[7.47344,45.94224],[7.4725,45.94346],[7.47193,45.94592],[7.47134,45.9465],[7.47138,45.94719],[7.47268,45.94812],[7.47451,45.94908],[7.47557,45.95041],[7.47729,45.95211],[7.47929,45.95271],[7.48106,45.95297],[7.48297,45.95404],[7.48482,45.95427],[7.48728,45.95576],[7.48951,45.95564],[7.49212,45.95527],[7.49344,45.95569],[7.49449,45.95669],[7.49576,45.95732],[7.49593,45.95835],[7.49584,45.95975],[7.49621,45.96026],[7.49722,45.96062],[7.49749,45.96136],[7.49933,45.96239],[7.50302,45.96037],[7.50488,45.95911],[7.5067,45.95862],[7.50723,45.95804],[7.50798,45.95804],[7.51186,45.95934],[7.51209,45.96047],[7.51378,45.96115],[7.51483,45.96197],[7.51604,45.9624],[7.51761,45.9623],[7.51822,45.96158],[7.51914,45.96116],[7.51954,45.96031],[7.52113,45.95942],[7.52227,45.9591],[7.52471,45.95813],[7.52597,45.95729],[7.52725,45.95696],[7.52798,45.95649],[7.52943,45.95643],[7.53398,45.9569],[7.53546,45.95686],[7.53716,45.95593],[7.53851,45.95496],[7.53975,45.95595],[7.54107,45.95663],[7.54163,45.95649],[7.54272,45.95696],[7.54496,45.95955],[7.54612,45.96141],[7.54658,45.96304],[7.54548,45.96363],[7.54533,45.96534],[7.54474,45.96679],[7.54463,45.96858],[7.54332,45.96972],[7.54265,45.97246],[7.54277,45.97313],[7.54199,45.97532],[7.54148,45.97617],[7.54223,45.97779],[7.54347,45.97909],[7.54504,45.98026],[7.54561,45.98136],[7.54551,45.98224],[7.54583,45.98288],[7.5457,45.98377],[7.54738,45.98469],[7.54896,45.9862],[7.55013,45.98656],[7.55202,45.98643],[7.56079,45.98617],[7.562,45.98569],[7.56337,45.98648],[7.56475,45.98642],[7.56664,45.98679],[7.56822,45.98764],[7.56895,45.9877],[7.57122,45.98723],[7.57455,45.98758],[7.5757,45.98698],[7.57659,45.9868],[7.57861,45.98601],[7.58228,45.97788],[7.58213,45.97674],[7.5813,45.97581],[7.58125,45.97514],[7.5817,45.97438],[7.58256,45.9738],[7.58352,45.97232],[7.58505,45.97159],[7.58639,45.97132],[7.58776,45.9707],[7.589,45.97048],[7.59059,45.97071],[7.59494,45.97074],[7.59724,45.9704],[7.59785,45.97045],[7.59976,45.97007],[7.60304,45.97015],[7.604,45.97041],[7.60503,45.96994],[7.60671,45.96992],[7.60817,45.96942],[7.61035,45.96934],[7.61181,45.97032],[7.61349,45.97057],[7.61523,45.97146],[7.61708,45.97128],[7.61881,45.97233],[7.62011,45.97232],[7.62073,45.97204],[7.62324,45.97149],[7.62519,45.9714],[7.62668,45.97093],[7.63006,45.9709],[7.6323,45.9703],[7.6333,45.97048],[7.63747,45.97004],[7.63954,45.97011],[7.64046,45.97048],[7.64486,45.97167],[7.64613,45.97264],[7.64797,45.97313],[7.64845,45.97354],[7.64993,45.97409],[7.6516,45.97427],[7.65267,45.97412],[7.65371,45.97428],[7.65484,45.97536],[7.65501,45.97582],[7.657,45.97656],[7.65874,45.97643],[7.66427,45.97566],[7.66457,45.97503],[7.66549,45.97431],[7.66639,45.97403],[7.66827,45.97382],[7.66841,45.97317],[7.66932,45.97169],[7.67036,45.97059],[7.6708,45.96974],[7.67267,45.96933],[7.67342,45.9687],[7.67379,45.96783],[7.67369,45.96686],[7.67476,45.96579],[7.67732,45.96471],[7.67711,45.96397],[7.67809,45.96153],[7.67786,45.96095],[7.67835,45.96007],[7.67832,45.95884],[7.68102,45.957],[7.6822,45.95666],[7.68404,45.95655],[7.68482,45.95597],[7.68703,45.95504],[7.68877,45.95492],[7.69064,45.95449],[7.69296,45.9548],[7.69438,45.95459],[7.69605,45.95495],[7.69882,45.9545],[7.69968,45.95406],[7.70018,45.95275],[7.7027,45.9517],[7.70341,45.95099],[7.7048,45.9505],[7.70571,45.94961],[7.70746,45.94926],[7.70839,45.9493],[7.70995,45.94801],[7.70956,45.94661],[7.70958,45.9458],[7.70885,45.94522],[7.70858,45.94387],[7.70915,45.94164],[7.70743,45.93554],[7.70732,45.93489],[7.70819,45.93378],[7.70929,45.93387],[7.71093,45.93325],[7.71246,45.93064],[7.71284,45.92905],[7.71267,45.92823],[7.71347,45.92791],[7.71622,45.92777],[7.71731,45.92573],[7.7189,45.92421],[7.72123,45.92363],[7.72233,45.92349],[7.72858,45.9238],[7.73413,45.92394],[7.73487,45.92419],[7.73473,45.92478],[7.73615,45.92752],[7.73687,45.9283],[7.73869,45.92972],[7.74034,45.93074],[7.74206,45.93158],[7.74355,45.93262],[7.74583,45.93488],[7.74723,45.93739],[7.74777,45.93921],[7.74775,45.94101],[7.75006,45.94005],[7.75337,45.94005],[7.75708,45.93871],[7.76065,45.93867],[7.76191,45.93822],[7.76471,45.93769],[7.76654,45.93764],[7.76927,45.93712],[7.77019,45.93612],[7.7709,45.93474],[7.77177,45.93395],[7.77363,45.93288],[7.77517,45.9328],[7.77615,45.93134],[7.77695,45.93086],[7.77912,45.92999],[7.78105,45.92942],[7.78481,45.92784],[7.7862,45.92758],[7.78912,45.92559],[7.79081,45.92495],[7.79174,45.92419],[7.79171,45.92332],[7.79232,45.92245],[7.79323,45.92182],[7.79319,45.92081],[7.79398,45.92],[7.79912,45.91754],[7.79952,45.91713],[7.80147,45.91745],[7.80539,45.91917],[7.80868,45.92229],[7.8099,45.92305],[7.8118,45.9235],[7.81314,45.92338],[7.81419,45.92355],[7.81487,45.92419],[7.8171,45.92531],[7.81917,45.92656],[7.82039,45.92696],[7.82176,45.92696],[7.82406,45.92631],[7.8266,45.92611],[7.82897,45.92534],[7.83145,45.92496],[7.83284,45.92446],[7.83388,45.92304],[7.83563,45.92235],[7.83672,45.92172],[7.84067,45.92204],[7.84292,45.92196],[7.84752,45.92078],[7.85073,45.92059],[7.85294,45.92076],[7.85594,45.92117],[7.8585,45.92087],[7.85967,45.92033],[7.86037,45.91926],[7.86095,45.91787],[7.86408,45.91675],[7.86522,45.91766],[7.86634,45.91957],[7.8704,45.91941],[7.87213,45.91978],[7.87307,45.92047],[7.87372,45.92235],[7.875,45.92443],[7.87705,45.9272],[7.87411,45.93022],[7.87404,45.93117],[7.87266,45.93182],[7.87144,45.93213],[7.87086,45.93499],[7.8685,45.93654],[7.86891,45.93794],[7.86919,45.9403],[7.8701,45.94261],[7.87037,45.94736],[7.87168,45.94799],[7.87317,45.94813],[7.87558,45.9488],[7.87721,45.94911],[7.87752,45.95024],[7.87728,45.95277],[7.87885,45.95418],[7.87724,45.95523],[7.87538,45.95698],[7.87489,45.95793],[7.87534,45.95846],[7.87784,45.95913],[7.87742,45.96114],[7.87782,45.96166],[7.88001,45.96313],[7.88178,45.96394],[7.88049,45.9659],[7.88076,45.96682],[7.8815,45.96695],[7.88151,45.9678],[7.88016,45.96883],[7.87963,45.97001],[7.87822,45.97077],[7.8774,45.97161],[7.87764,45.97196],[7.87712,45.97274],[7.87743,45.97386],[7.87911,45.97367],[7.88003,45.97421],[7.88277,45.97527],[7.88395,45.97496],[7.88556,45.97605],[7.88813,45.97692],[7.89132,45.97731],[7.8925,45.97782],[7.89397,45.97884],[7.8941,45.9803],[7.89577,45.98242],[7.89628,45.98343],[7.89725,45.9842],[7.89797,45.9843],[7.89947,45.98511],[7.90109,45.98571],[7.9015,45.98646],[7.90054,45.9873],[7.90158,45.98837],[7.90353,45.9887],[7.90482,45.99016],[7.9061,45.99256],[7.90607,45.99364],[7.907,45.99506],[7.90834,45.99615],[7.90889,45.99699],[7.91114,45.99683],[7.91296,45.99642],[7.91566,45.9963],[7.91626,45.99645],[7.91816,45.996],[7.92017,45.99634],[7.92138,45.99637],[7.9234,45.99707],[7.92758,45.99716],[7.92947,45.99701],[7.9308,45.99668],[7.93263,45.99598],[7.93532,45.99673],[7.93765,45.99704],[7.93966,45.99688],[7.94072,45.99731],[7.94333,45.99739],[7.94431,45.99761],[7.9478,45.9975],[7.94949,45.99761],[7.95067,45.99721],[7.95272,45.99741],[7.95561,45.99683],[7.95629,45.99632],[7.95734,45.99607],[7.95833,45.99615],[7.95925,45.99658],[7.96133,45.99668],[7.9622,45.99708],[7.96377,45.99724],[7.96544,45.99701],[7.96783,45.99777],[7.96973,45.99814],[7.97083,45.99811],[7.97334,45.99897],[7.97421,45.99883],[7.97496,45.9992],[7.97711,45.99945],[7.9796,45.99915],[7.98009,45.99849],[7.98266,45.99787],[7.98272,45.99744],[7.98592,45.99635],[7.98909,45.99593],[7.98962,45.99685],[7.99069,45.99746],[7.99164,45.99842],[7.99292,45.99891],[7.99394,45.99987],[7.99413,46.00078],[7.99401,46.00224],[7.99514,46.00339],[7.99621,46.00372],[7.99719,46.00529],[7.99737,46.00611],[7.99795,46.00681],[7.99964,46.00821],[8.00014,46.00904],[7.99991,46.01013],[8.00108,46.01221],[8.00274,46.0117],[8.00477,46.01167],[8.00642,46.01137],[8.01105,46.01175],[8.01234,46.01224],[8.01312,46.01379],[8.01329,46.01555],[8.01259,46.01698],[8.01229,46.01804],[8.01089,46.01857],[8.0116,46.01952],[8.01245,46.02131],[8.01331,46.02191],[8.01439,46.02218],[8.01553,46.02298],[8.0175,46.0247],[8.0171,46.02515],[8.01534,46.02854],[8.01422,46.03009],[8.01262,46.0308],[8.01199,46.03129],[8.0131,46.03226],[8.01372,46.03233],[8.01601,46.03348],[8.01665,46.03432],[8.01817,46.03532],[8.01876,46.03652],[8.02315,46.03944],[8.02467,46.04008],[8.02583,46.04025],[8.02802,46.04109],[8.03099,46.0416],[8.03214,46.04198],[8.03292,46.04258],[8.03518,46.04379],[8.03422,46.04509],[8.03425,46.04567],[8.0333,46.0468],[8.03241,46.04744],[8.03164,46.0487],[8.03115,46.05007],[8.03054,46.05065],[8.03034,46.05161],[8.03063,46.0525],[8.02968,46.05425],[8.02846,46.05576],[8.0275,46.05742],[8.02627,46.05892],[8.02584,46.06053],[8.02535,46.06104],[8.02519,46.06213],[8.02387,46.06298],[8.02409,46.06467],[8.02466,46.06536],[8.02424,46.06692],[8.02456,46.06754],[8.02341,46.06776],[8.02182,46.06871],[8.02167,46.06931],[8.02265,46.07097],[8.02311,46.07264],[8.02243,46.0742],[8.02253,46.07471],[8.02353,46.07518],[8.02343,46.07596],[8.02414,46.0763],[8.02616,46.07901],[8.02715,46.07986],[8.02869,46.08036],[8.0291,46.08092],[8.02885,46.08153],[8.02989,46.08318],[8.02976,46.08487],[8.03029,46.08536],[8.03014,46.08686],[8.03038,46.08732],[8.02958,46.0896],[8.03069,46.09065],[8.03117,46.09243],[8.03202,46.09289],[8.03239,46.09384],[8.03339,46.09452],[8.0339,46.09525],[8.03345,46.09677],[8.03381,46.09731],[8.03349,46.09864],[8.03362,46.09924],[8.03492,46.10075],[8.03609,46.10082],[8.03896,46.10001],[8.04097,46.10069],[8.04306,46.09993],[8.04395,46.10005],[8.04799,46.10141],[8.04913,46.10228],[8.05092,46.10196],[8.05238,46.10197],[8.05369,46.1013],[8.05472,46.10136],[8.05702,46.10198],[8.05888,46.10264],[8.064,46.10487],[8.06604,46.10498],[8.06822,46.10541],[8.06949,46.10598],[8.07185,46.106],[8.07221,46.10633],[8.07402,46.10614],[8.07733,46.10627],[8.0777,46.10592],[8.07893,46.10601],[8.08074,46.10532],[8.0818,46.10545],[8.08405,46.10611],[8.08542,46.1062],[8.08656,46.10685],[8.08912,46.1069],[8.09048,46.1076],[8.09138,46.10764],[8.09361,46.10816],[8.09714,46.10841],[8.09849,46.10964],[8.0994,46.11023],[8.09943,46.11076],[8.10027,46.11104],[8.10149,46.11042],[8.10409,46.11129],[8.10614,46.11169],[8.10823,46.11163],[8.10986,46.11317],[8.10951,46.11398],[8.11007,46.11523],[8.11286,46.1162],[8.11389,46.11768],[8.11372,46.11975],[8.11447,46.12049],[8.11462,46.12127],[8.1153,46.12222],[8.11424,46.12414],[8.1155,46.1261],[8.11593,46.12735],[8.11536,46.12786],[8.11526,46.12928],[8.11489,46.12968],[8.1156,46.13046],[8.11659,46.13062],[8.11826,46.13134],[8.1189,46.13196],[8.12073,46.1322],[8.12267,46.13349],[8.1233,46.13416],[8.12339,46.13485],[8.12447,46.13463],[8.1266,46.13551],[8.13034,46.13603],[8.13207,46.13605],[8.13343,46.13672],[8.13442,46.13667],[8.13633,46.13696],[8.13809,46.13588],[8.14223,46.13605],[8.14365,46.13681],[8.14408,46.13672],[8.14625,46.13776],[8.1475,46.13914],[8.14935,46.14055],[8.15,46.14068],[8.15017,46.14153],[8.15114,46.14248],[8.15136,46.14336],[8.15293,46.14525],[8.15394,46.14604],[8.15398,46.14702],[8.15534,46.14763],[8.1532,46.14848],[8.15308,46.14998],[8.15344,46.15028],[8.15358,46.15158],[8.15292,46.1529],[8.15312,46.15396],[8.1523,46.15483],[8.15149,46.15492],[8.14998,46.15659],[8.14965,46.15722],[8.14983,46.15814],[8.14943,46.15981],[8.14988,46.1625],[8.15028,46.16268],[8.15073,46.16475],[8.15109,46.16526],[8.15249,46.16633],[8.15368,46.16676],[8.15491,46.16776],[8.1557,46.16799],[8.15666,46.16933],[8.1569,46.17085],[8.15757,46.17283],[8.15858,46.17406],[8.15975,46.17494],[8.16202,46.1756],[8.16224,46.17607],[8.16325,46.17614],[8.16403,46.17667],[8.16528,46.17691],[8.16515,46.17842],[8.166,46.18046],[8.16551,46.18223],[8.16504,46.18288],[8.15881,46.18812],[8.15724,46.18953],[8.15329,46.1911],[8.15302,46.19343],[8.15228,46.19575],[8.15134,46.19613],[8.15223,46.19749],[8.15154,46.19887],[8.15137,46.2008],[8.15139,46.20282],[8.14983,46.20488],[8.14915,46.20512],[8.14723,46.20761],[8.14592,46.20914],[8.14353,46.2116],[8.1419,46.21688],[8.13888,46.22615],[8.13361,46.22646],[8.13178,46.22721],[8.13028,46.22803],[8.12732,46.22828],[8.12626,46.22928],[8.12427,46.22962],[8.12443,46.2305],[8.12388,46.23103],[8.12289,46.23275],[8.1224,46.23307],[8.12155,46.23452],[8.12057,46.2353],[8.12048,46.23603],[8.11953,46.23645],[8.11764,46.2366],[8.11533,46.23609],[8.11496,46.23648],[8.11485,46.23777],[8.11303,46.23874],[8.11255,46.24037],[8.11165,46.2413],[8.11142,46.24273],[8.1118,46.24344],[8.11164,46.24426],[8.11197,46.24532],[8.11163,46.24685],[8.11018,46.24948],[8.10724,46.25003],[8.10503,46.25002],[8.10162,46.24947],[8.10206,46.25074],[8.10166,46.2523],[8.09986,46.25251],[8.09907,46.25309],[8.09831,46.25321],[8.097,46.25253],[8.09251,46.25317],[8.08992,46.25335],[8.08774,46.25376],[8.08624,46.25428],[8.08631,46.25519],[8.08541,46.25581],[8.08348,46.25611],[8.08261,46.25654],[8.08164,46.25756],[8.08101,46.25941],[8.08041,46.26063],[8.08432,46.26095],[8.08631,46.26259],[8.08626,46.26498],[8.08687,46.26562],[8.08638,46.26646],[8.08746,46.26745],[8.08996,46.26775],[8.09288,46.2691],[8.09372,46.26963],[8.09391,46.27031],[8.09473,46.27046],[8.09517,46.27097],[8.09607,46.27092],[8.09688,46.27141],[8.09817,46.27304],[8.09954,46.27324],[8.10035,46.27361],[8.10188,46.27544],[8.10369,46.27655],[8.10426,46.27774],[8.10546,46.27965],[8.10894,46.27978],[8.11026,46.28046],[8.11065,46.28022],[8.11204,46.28039],[8.11356,46.28114],[8.11497,46.28243],[8.11579,46.28401],[8.11725,46.28568],[8.1181,46.28582],[8.1187,46.28692],[8.11848,46.2876],[8.1187,46.28888],[8.11951,46.28998],[8.12102,46.29115],[8.12086,46.29187],[8.12516,46.29452],[8.12886,46.29475],[8.12926,46.29587],[8.13012,46.2962],[8.13101,46.2974],[8.1329,46.29824],[8.13333,46.29887],[8.13402,46.29902],[8.13478,46.29985],[8.13689,46.30122],[8.13721,46.30164],[8.13839,46.30194],[8.13944,46.30186],[8.14101,46.30212],[8.14269,46.30192],[8.14511,46.30194],[8.14824,46.30121],[8.14963,46.30062],[8.15014,46.29984],[8.15249,46.29948],[8.15288,46.29908],[8.15473,46.29837],[8.15553,46.29785],[8.15549,46.29737],[8.15874,46.29624],[8.16142,46.29588],[8.16262,46.29625],[8.16398,46.2964],[8.16529,46.29695],[8.16656,46.29698],[8.1684,46.29659],[8.17,46.29708],[8.17505,46.29702],[8.17495,46.29777],[8.17617,46.29751],[8.1789,46.29739],[8.18086,46.29832],[8.18342,46.29932],[8.18587,46.30078],[8.18696,46.30112],[8.18851,46.30127],[8.19006,46.30226],[8.19197,46.30239],[8.19457,46.30325],[8.19617,46.3023],[8.198,46.30212],[8.19896,46.30259],[8.21022,46.30877],[8.21162,46.30929],[8.21197,46.30977],[8.21124,46.31259],[8.21153,46.31331],[8.21269,46.31463],[8.21342,46.31489],[8.21493,46.31623],[8.21448,46.31859],[8.21465,46.31966],[8.21532,46.32026],[8.2161,46.32026],[8.2173,46.32068],[8.21858,46.3218],[8.22031,46.32274],[8.22172,46.32302],[8.22198,46.32352],[8.22339,46.32428],[8.22364,46.32505],[8.22485,46.32618],[8.22432,46.32678],[8.2229,46.32686],[8.22349,46.32759],[8.22303,46.32803],[8.22352,46.329],[8.22251,46.3297],[8.22239,46.33035],[8.22401,46.33134],[8.22502,46.33286],[8.22423,46.33317],[8.22367,46.33394],[8.224,46.33445],[8.22787,46.33564],[8.22931,46.33691],[8.23249,46.33813],[8.23327,46.33905],[8.23426,46.33981],[8.23542,46.34036],[8.23744,46.34063],[8.23856,46.34016],[8.23936,46.34027],[8.24042,46.33962],[8.24142,46.33959],[8.24298,46.33998],[8.24443,46.34008],[8.24527,46.3398],[8.24606,46.3401],[8.24866,46.34038],[8.25004,46.34076],[8.25054,46.34244],[8.25092,46.34276],[8.25114,46.3449],[8.25185,46.34592],[8.25353,46.3465],[8.25448,46.34613],[8.25557,46.34645],[8.25711,46.34649],[8.25941,46.34613],[8.25952,46.34538],[8.26207,46.34568],[8.26277,46.34596],[8.26262,46.3473],[8.26207,46.34793],[8.26114,46.34806],[8.25993,46.34866],[8.2617,46.35023],[8.26258,46.35027],[8.26284,46.35095],[8.26366,46.35138],[8.26495,46.35147],[8.2659,46.35196],[8.26479,46.35361],[8.26477,46.35458],[8.26439,46.35609],[8.26503,46.35711],[8.26416,46.35835],[8.26331,46.35832],[8.26114,46.35992],[8.26075,46.36085],[8.26233,46.36186],[8.26294,46.36305],[8.26377,46.36402],[8.26447,46.36443],[8.26668,46.36482],[8.26944,46.3658],[8.27154,46.36616],[8.27273,46.36682],[8.27469,46.36639],[8.27532,46.36538],[8.27687,46.36542],[8.27919,46.36481],[8.28031,46.36429],[8.28156,46.36452],[8.28311,46.36363],[8.28428,46.36363],[8.28535,46.36531],[8.28541,46.36595],[8.28702,46.36666],[8.28759,46.36739],[8.28931,46.36811],[8.29061,46.36956],[8.2915,46.36986],[8.29299,46.36977],[8.29515,46.37047],[8.29555,46.37149],[8.2971,46.37198],[8.29803,46.37282],[8.29877,46.3729],[8.30001,46.37407],[8.30282,46.37465],[8.30368,46.37508],[8.30637,46.37523],[8.3078,46.37549],[8.30912,46.37629],[8.31079,46.37646],[8.3129,46.37707],[8.3127,46.37817],[8.31375,46.37895],[8.31482,46.38059],[8.31392,46.38167],[8.31464,46.38252],[8.31495,46.38395],[8.31677,46.38446],[8.31807,46.38584],[8.31874,46.38613],[8.31841,46.38697],[8.31729,46.38711],[8.3161,46.38839],[8.31477,46.3886],[8.31416,46.38982],[8.31409,46.39066],[8.31456,46.39125],[8.31483,46.39232],[8.31719,46.3937],[8.31704,46.39573],[8.31599,46.39703],[8.31573,46.39897],[8.3147,46.39916],[8.31338,46.39999],[8.31247,46.40093],[8.3115,46.40132],[8.31023,46.40241],[8.30958,46.40379],[8.3081,46.40272],[8.3066,46.40203],[8.30463,46.4025],[8.30355,46.40245],[8.30191,46.40321],[8.29906,46.40482],[8.29556,46.4047],[8.29393,46.40531],[8.29278,46.40661],[8.29213,46.40654],[8.291,46.40734],[8.28992,46.40726],[8.28895,46.40827],[8.29133,46.409],[8.29189,46.41003],[8.29244,46.41047],[8.29508,46.41143],[8.29507,46.41182],[8.29714,46.41277],[8.29762,46.41335],[8.29895,46.41425],[8.29861,46.416],[8.29959,46.41663],[8.29886,46.41733],[8.29989,46.41824],[8.30059,46.41846],[8.30179,46.41951],[8.30292,46.42081],[8.3029,46.42196],[8.30354,46.42255],[8.30377,46.42334],[8.30467,46.42362],[8.30527,46.42428],[8.30666,46.42441],[8.30774,46.42589],[8.30965,46.42428],[8.31288,46.42367],[8.31496,46.42363],[8.31746,46.42409],[8.32037,46.42484],[8.32268,46.42524],[8.32452,46.42537],[8.32623,46.4262],[8.32657,46.42681],[8.32828,46.42782],[8.32963,46.42814],[8.33152,46.42969],[8.3338,46.43031],[8.33677,46.43169],[8.3386,46.43291],[8.33953,46.43329],[8.34012,46.43391],[8.3406,46.43496],[8.34257,46.43618],[8.3429,46.4367],[8.34514,46.43747],[8.34624,46.43847],[8.34952,46.44048],[8.3504,46.44079],[8.35106,46.44151],[8.35222,46.4415],[8.35286,46.4423],[8.35361,46.4444],[8.35434,46.44574],[8.35599,46.447],[8.35832,46.44808],[8.36694,46.45192],[8.37529,46.45313],[8.37624,46.45187],[8.37705,46.45206],[8.37783,46.4512],[8.379,46.4508],[8.38224,46.45092],[8.38309,46.45115],[8.38472,46.45216],[8.38429,46.45272],[8.38429,46.45355],[8.38374,46.45469],[8.38325,46.45661],[8.38221,46.45926],[8.38233,46.45992],[8.38384,46.46044],[8.38575,46.46182],[8.38634,46.46295],[8.38599,46.46482],[8.38546,46.46557],[8.38679,46.46642],[8.38851,46.46726],[8.39039,46.46734],[8.39247,46.46797],[8.39229,46.4696],[8.39087,46.4695],[8.38997,46.46973],[8.38932,46.47075],[8.38956,46.47259],[8.38804,46.47435],[8.38741,46.47451],[8.38599,46.47568],[8.3865,46.47702],[8.38755,46.47707],[8.38834,46.47769],[8.38707,46.47791],[8.38997,46.48019],[8.39069,46.48103],[8.39147,46.48259],[8.39217,46.483],[8.39429,46.4837],[8.39472,46.485],[8.39464,46.48599],[8.39401,46.48842],[8.39165,46.49166],[8.39167,46.4931],[8.39238,46.49465],[8.39319,46.49429],[8.396,46.49412],[8.39848,46.49426],[8.40022,46.49325],[8.40051,46.49266],[8.40142,46.49245],[8.40444,46.49267],[8.40749,46.49274],[8.40945,46.49261],[8.41108,46.49279],[8.41163,46.49365],[8.41245,46.49413],[8.41442,46.49473],[8.41659,46.4938],[8.41856,46.49275],[8.41968,46.49262],[8.42104,46.4931],[8.42162,46.49354],[8.42434,46.49452],[8.42752,46.49496],[8.42862,46.4955],[8.43078,46.49625],[8.43167,46.49698],[8.43446,46.49706],[8.43611,46.4968],[8.43763,46.49619],[8.43894,46.49605],[8.43996,46.4962],[8.44307,46.49538],[8.44515,46.49691],[8.44482,46.49752],[8.44566,46.49849],[8.44937,46.5045],[8.4517,46.5078],[8.45299,46.50808],[8.45432,46.50769],[8.45561,46.50818],[8.45867,46.51007],[8.46041,46.51129],[8.4618,46.51262],[8.4627,46.51436],[8.46486,46.51613],[8.46624,46.51682],[8.46613,46.51757],[8.4676,46.51851],[8.46864,46.51863],[8.47073,46.51985],[8.47055,46.5207],[8.47158,46.52206],[8.47207,46.52221],[8.47282,46.52324],[8.47388,46.52346],[8.47494,46.52402],[8.47631,46.52418],[8.47797,46.52495],[8.47852,46.52558],[8.47848,46.52679],[8.47759,46.52718],[8.47764,46.52761]]]},"properties":{"area_code":"VS","area_name":"Valais","area_unit_id":"ch-canton-2026-swissboundaries3d:VS","boundary_set_id":"ch-canton-2026-swissboundaries3d","boundary_level":"canton","land_area_sq_km":5224.6356}},
{"type":"Feature","geometry":{"type":"Polygon","coordinates":[[[8.41008,47.24837],[8.4109,47.24697],[8.41081,47.24549],[8.41016,47.24445],[8.40722,47.24156],[8.4065,47.23996],[8.40628,47.23743],[8.4055,47.23637],[8.40464,47.23575],[8.39953,47.23255],[8.39833,47.23168],[8.39705,47.23042],[8.39603,47.22888],[8.39506,47.22684],[8.39489,47.22532],[8.39631,47.22053],[8.39683,47.21917],[8.39745,47.21842],[8.39948,47.21691],[8.40058,47.21561],[8.40103,47.21383],[8.40046,47.2097],[8.4005,47.20833],[8.40177,47.20475],[8.40209,47.2019],[8.40252,47.20069],[8.40478,47.19707],[8.40534,47.19527],[8.40496,47.19375],[8.40437,47.1929],[8.4026,47.19107],[8.40168,47.1899],[8.40088,47.18811],[8.40026,47.18541],[8.40023,47.18402],[8.40044,47.18271],[8.40223,47.17704],[8.4034,47.17639],[8.40777,47.17575],[8.41006,47.175],[8.4112,47.17416],[8.41207,47.17288],[8.41498,47.1655],[8.41539,47.16322],[8.41526,47.1592],[8.41473,47.15765],[8.4124,47.15508],[8.41201,47.1542],[8.41205,47.15293],[8.41234,47.15216],[8.41413,47.14899],[8.41484,47.14706],[8.41493,47.14594],[8.41469,47.14436],[8.41415,47.14302],[8.41343,47.14189],[8.41222,47.14057],[8.41348,47.1382],[8.41524,47.13558],[8.41586,47.13364],[8.41601,47.13256],[8.41518,47.1315],[8.41551,47.13072],[8.41677,47.13056],[8.41569,47.12812],[8.41475,47.12753],[8.41436,47.12619],[8.4154,47.12441],[8.41631,47.12383],[8.41727,47.12282],[8.41833,47.12367],[8.42033,47.12263],[8.42209,47.12345],[8.42342,47.12351],[8.42377,47.12256],[8.42473,47.12291],[8.42483,47.12365],[8.4267,47.1236],[8.42703,47.12326],[8.42876,47.12419],[8.4304,47.12332],[8.43178,47.12384],[8.43213,47.1246],[8.43444,47.12499],[8.43866,47.12702],[8.44135,47.12857],[8.44162,47.12947],[8.44348,47.12939],[8.44543,47.12884],[8.44719,47.12954],[8.44749,47.1293],[8.44913,47.1309],[8.44987,47.12956],[8.45156,47.12159],[8.45156,47.12103],[8.45222,47.11967],[8.45334,47.11683],[8.45343,47.11585],[8.45412,47.1137],[8.45569,47.11348],[8.45991,47.11576],[8.46084,47.11612],[8.46315,47.11655],[8.4649,47.11704],[8.46586,47.11706],[8.46608,47.11804],[8.46668,47.11801],[8.46711,47.11882],[8.48038,47.12633],[8.49374,47.11373],[8.49305,47.10018],[8.5218,47.08997],[8.52324,47.09052],[8.5244,47.09043],[8.52571,47.09165],[8.53092,47.09147],[8.53562,47.0921],[8.53635,47.0918],[8.53988,47.092],[8.54421,47.09446],[8.54591,47.09441],[8.54716,47.09371],[8.54993,47.0937],[8.55267,47.09403],[8.55601,47.09343],[8.55837,47.09396],[8.56154,47.09366],[8.56247,47.09375],[8.5636,47.09195],[8.56389,47.08857],[8.56483,47.08674],[8.56347,47.08507],[8.56315,47.0839],[8.56251,47.0829],[8.56302,47.0819],[8.56567,47.08103],[8.56862,47.08108],[8.56955,47.08121],[8.5703,47.08172],[8.57165,47.08196],[8.5735,47.08203],[8.57428,47.08225],[8.5776,47.08448],[8.57865,47.08409],[8.5811,47.084],[8.58353,47.08465],[8.58517,47.08547],[8.58734,47.08568],[8.59011,47.0864],[8.59093,47.08888],[8.59241,47.08959],[8.59324,47.09034],[8.59616,47.09147],[8.5982,47.09058],[8.59995,47.09054],[8.60746,47.092],[8.60871,47.09445],[8.61179,47.09497],[8.623,47.09471],[8.62595,47.09387],[8.62998,47.0938],[8.63026,47.09355],[8.63202,47.09362],[8.63465,47.09334],[8.63725,47.09333],[8.64066,47.09454],[8.64135,47.09439],[8.64219,47.09496],[8.64492,47.09586],[8.64549,47.09963],[8.65378,47.10786],[8.65568,47.10853],[8.65811,47.11019],[8.65978,47.11092],[8.66065,47.11235],[8.66016,47.11319],[8.65981,47.11468],[8.66087,47.11503],[8.66275,47.11519],[8.66536,47.11498],[8.66707,47.11567],[8.67119,47.11576],[8.67178,47.11608],[8.67189,47.11693],[8.67072,47.11905],[8.67192,47.11903],[8.67197,47.11977],[8.67359,47.1209],[8.67409,47.12069],[8.67597,47.12208],[8.67746,47.12227],[8.67692,47.12293],[8.67731,47.12382],[8.67828,47.12452],[8.67945,47.12422],[8.67991,47.12471],[8.68179,47.12502],[8.68223,47.12575],[8.68237,47.12753],[8.68329,47.12895],[8.68407,47.1296],[8.68466,47.1309],[8.68536,47.13134],[8.6844,47.13301],[8.6854,47.13432],[8.68723,47.13528],[8.68637,47.13584],[8.68761,47.13693],[8.68527,47.13748],[8.68506,47.13838],[8.68459,47.13876],[8.68421,47.14006],[8.68478,47.14193],[8.68557,47.14221],[8.68684,47.14408],[8.68791,47.14506],[8.68865,47.14618],[8.69018,47.14713],[8.69083,47.14788],[8.69229,47.14796],[8.69317,47.14878],[8.69526,47.14949],[8.69587,47.15007],[8.69747,47.15033],[8.69876,47.14965],[8.69907,47.15051],[8.70052,47.15095],[8.70087,47.1514],[8.69895,47.15248],[8.69857,47.15373],[8.69921,47.15501],[8.6987,47.15626],[8.6981,47.15677],[8.69813,47.15881],[8.6971,47.15915],[8.69583,47.16294],[8.69519,47.16316],[8.69274,47.16348],[8.69221,47.1634],[8.6905,47.16296],[8.68705,47.16257],[8.68527,47.16267],[8.68244,47.16214],[8.68034,47.16198],[8.67748,47.16092],[8.67637,47.16071],[8.67606,47.16006],[8.67499,47.15944],[8.67027,47.15971],[8.66819,47.15946],[8.66578,47.15966],[8.66471,47.15993],[8.66351,47.16054],[8.66139,47.16076],[8.66044,47.16393],[8.66101,47.1654],[8.66081,47.1666],[8.66117,47.1682],[8.66044,47.16955],[8.66074,47.17031],[8.65927,47.17056],[8.65778,47.17046],[8.6567,47.16999],[8.6557,47.16987],[8.65474,47.17011],[8.6527,47.17102],[8.65181,47.17093],[8.65063,47.17042],[8.64567,47.16978],[8.64261,47.16898],[8.64145,47.16895],[8.63994,47.16931],[8.63937,47.16973],[8.63981,47.17099],[8.63954,47.17141],[8.63664,47.17175],[8.63401,47.17161],[8.63105,47.17218],[8.62866,47.17206],[8.62577,47.1724],[8.62415,47.17316],[8.62395,47.17456],[8.62467,47.17541],[8.62515,47.17658],[8.62646,47.17742],[8.62798,47.17888],[8.62789,47.17983],[8.62601,47.18082],[8.62549,47.18233],[8.6237,47.18428],[8.6222,47.1861],[8.6207,47.18766],[8.62053,47.18878],[8.62098,47.18991],[8.62079,47.19045],[8.6192,47.19113],[8.61769,47.19201],[8.61731,47.19256],[8.61808,47.1938],[8.61804,47.19482],[8.61704,47.19572],[8.61603,47.19726],[8.61556,47.19891],[8.61456,47.19986],[8.61349,47.20044],[8.61295,47.20186],[8.61247,47.20224],[8.61081,47.20268],[8.60967,47.20344],[8.60891,47.20444],[8.60605,47.20524],[8.60484,47.20466],[8.60439,47.20405],[8.60306,47.20299],[8.6022,47.20287],[8.60003,47.20157],[8.59903,47.20143],[8.59822,47.202],[8.59794,47.20271],[8.59714,47.20325],[8.59652,47.20425],[8.59639,47.20528],[8.59737,47.20572],[8.59662,47.20676],[8.59667,47.20719],[8.59757,47.20825],[8.59745,47.20929],[8.5961,47.21012],[8.59534,47.21119],[8.59417,47.21205],[8.59321,47.21207],[8.59138,47.21152],[8.59004,47.2118],[8.58893,47.21246],[8.58749,47.21242],[8.58647,47.2114],[8.58532,47.21077],[8.58313,47.21048],[8.58222,47.21108],[8.58184,47.21303],[8.5811,47.21402],[8.58102,47.21457],[8.58156,47.21543],[8.58333,47.2168],[8.58305,47.2178],[8.58204,47.21792],[8.58045,47.21753],[8.57863,47.21767],[8.57782,47.21798],[8.5768,47.21786],[8.57612,47.21731],[8.57461,47.217],[8.57425,47.21772],[8.57285,47.21838],[8.57127,47.21851],[8.56995,47.21838],[8.56715,47.21852],[8.56626,47.21897],[8.56422,47.2196],[8.56036,47.21954],[8.55884,47.22026],[8.55837,47.2211],[8.55749,47.2217],[8.55385,47.22324],[8.55297,47.22165],[8.55123,47.2217],[8.54865,47.22201],[8.54695,47.22197],[8.54589,47.2214],[8.54443,47.22192],[8.54323,47.22207],[8.53934,47.22308],[8.53848,47.22243],[8.53673,47.22178],[8.53637,47.2206],[8.53374,47.22147],[8.53248,47.22209],[8.53253,47.22065],[8.53191,47.22009],[8.5319,47.21827],[8.53097,47.21756],[8.52881,47.21857],[8.52594,47.21857],[8.52192,47.21901],[8.52143,47.21954],[8.52065,47.21933],[8.51689,47.21961],[8.51264,47.2194],[8.51244,47.21866],[8.51279,47.21708],[8.51234,47.21552],[8.51041,47.2157],[8.50942,47.21497],[8.50859,47.21492],[8.5072,47.21439],[8.50507,47.21476],[8.5059,47.21386],[8.50332,47.21224],[8.50183,47.21188],[8.50032,47.21186],[8.4984,47.21207],[8.49812,47.21235],[8.49537,47.21194],[8.49276,47.21184],[8.49176,47.21137],[8.48931,47.21088],[8.48547,47.20904],[8.48383,47.20845],[8.48342,47.20878],[8.47999,47.20859],[8.47726,47.20938],[8.47623,47.21002],[8.47517,47.20893],[8.47331,47.20852],[8.47263,47.20949],[8.47289,47.21019],[8.47385,47.21062],[8.47248,47.21169],[8.47151,47.212],[8.47042,47.21192],[8.4701,47.2134],[8.46832,47.21295],[8.46691,47.21429],[8.46543,47.21397],[8.46301,47.21388],[8.46141,47.21363],[8.46043,47.21532],[8.45871,47.217],[8.45726,47.2177],[8.45669,47.21857],[8.45565,47.21854],[8.45296,47.21776],[8.45188,47.21826],[8.45304,47.21863],[8.45211,47.2196],[8.45026,47.21947],[8.45002,47.22007],[8.44793,47.22011],[8.44771,47.22106],[8.4465,47.22199],[8.44665,47.22338],[8.44462,47.22307],[8.44381,47.22264],[8.44228,47.22392],[8.44113,47.22521],[8.44003,47.22433],[8.43906,47.2239],[8.43717,47.22369],[8.43554,47.22369],[8.43232,47.22412],[8.43033,47.22487],[8.42929,47.22487],[8.42747,47.22422],[8.42557,47.22374],[8.4217,47.22332],[8.42094,47.22565],[8.41986,47.2258],[8.41819,47.22662],[8.41795,47.22841],[8.41737,47.22918],[8.41697,47.23073],[8.41684,47.23206],[8.41704,47.23377],[8.41664,47.23454],[8.41675,47.23526],[8.41623,47.2361],[8.4165,47.23697],[8.41517,47.23845],[8.41426,47.23894],[8.41466,47.23975],[8.41564,47.24013],[8.4165,47.24109],[8.41579,47.2423],[8.41449,47.24279],[8.41343,47.24436],[8.41302,47.24607],[8.41194,47.24741],[8.41008,47.24837]]]},"properties":{"area_code":"ZG","area_name":"Zug","area_unit_id":"ch-canton-2026-swissboundaries3d:ZG","boundary_set_id":"ch-canton-2026-swissboundaries3d","boundary_level":"canton","land_area_sq_km":238.7326}},
{"type":"Feature","geometry":{"type":"Polygon","coordinates":[[[8.80861,47.22009],[8.79576,47.23905],[8.79562,47.23967],[8.79628,47.24083],[8.79653,47.24252],[8.79928,47.24211],[8.79906,47.24307],[8.80038,47.24366],[8.80059,47.24447],[8.80279,47.24537],[8.80266,47.24672],[8.80858,47.24773],[8.80902,47.24795],[8.81187,47.24842],[8.81301,47.24879],[8.81579,47.24896],[8.8167,47.24962],[8.81854,47.24976],[8.8206,47.25027],[8.82151,47.25071],[8.82683,47.25147],[8.82792,47.25035],[8.829,47.24989],[8.83199,47.25005],[8.83349,47.24908],[8.83405,47.24941],[8.83519,47.249],[8.8355,47.24789],[8.83682,47.24799],[8.83767,47.24703],[8.84473,47.24697],[8.84501,47.24787],[8.84475,47.24863],[8.84769,47.24971],[8.85074,47.25059],[8.85209,47.25077],[8.85192,47.24925],[8.85288,47.24928],[8.85295,47.24781],[8.85253,47.24687],[8.85444,47.24596],[8.85524,47.24438],[8.85695,47.24497],[8.85779,47.24439],[8.85866,47.24449],[8.86001,47.24398],[8.86071,47.24326],[8.86214,47.24398],[8.8663,47.24487],[8.86661,47.24396],[8.86976,47.24504],[8.87097,47.24588],[8.87076,47.24696],[8.87377,47.24766],[8.87383,47.24986],[8.87342,47.25087],[8.8735,47.25199],[8.8749,47.25222],[8.87813,47.25217],[8.87895,47.25241],[8.88257,47.25252],[8.88928,47.25305],[8.89288,47.25356],[8.89526,47.25419],[8.89767,47.25422],[8.89912,47.25465],[8.899,47.25499],[8.90073,47.25532],[8.90514,47.25566],[8.9083,47.25674],[8.90877,47.25546],[8.90804,47.25524],[8.90862,47.25441],[8.91132,47.25482],[8.9133,47.25524],[8.91698,47.25625],[8.92051,47.25685],[8.92489,47.25827],[8.92838,47.25887],[8.92909,47.26005],[8.93053,47.25972],[8.9314,47.25918],[8.93311,47.25889],[8.9341,47.25995],[8.93492,47.26035],[8.93586,47.26035],[8.93708,47.26155],[8.93639,47.26182],[8.93751,47.26258],[8.93773,47.26428],[8.94016,47.26531],[8.94094,47.26599],[8.94031,47.26723],[8.94081,47.26742],[8.94294,47.26739],[8.94309,47.26801],[8.94446,47.2695],[8.94268,47.26992],[8.94255,47.2705],[8.94119,47.27154],[8.94121,47.27219],[8.94297,47.2726],[8.94479,47.27394],[8.94715,47.27494],[8.94765,47.27606],[8.94795,47.27813],[8.94774,47.27903],[8.94825,47.27968],[8.94808,47.28119],[8.94746,47.28182],[8.94563,47.28204],[8.94365,47.2796],[8.94197,47.27966],[8.94121,47.28],[8.94163,47.28068],[8.94196,47.28213],[8.94058,47.28436],[8.93808,47.28547],[8.93659,47.28715],[8.93516,47.28778],[8.93421,47.28788],[8.93549,47.28919],[8.93655,47.28908],[8.93786,47.28925],[8.93879,47.28963],[8.94151,47.2903],[8.94233,47.29102],[8.94308,47.29127],[8.944,47.2908],[8.94529,47.29094],[8.94885,47.29231],[8.94856,47.29353],[8.94908,47.29446],[8.95086,47.29528],[8.95182,47.29637],[8.95186,47.29775],[8.95256,47.29903],[8.9531,47.29883],[8.95483,47.3018],[8.95532,47.30306],[8.95653,47.30426],[8.9576,47.30476],[8.96079,47.3057],[8.96439,47.30634],[8.96705,47.30577],[8.97133,47.30649],[8.97496,47.30702],[8.97531,47.30775],[8.97629,47.30871],[8.9776,47.31051],[8.97776,47.31103],[8.98025,47.31342],[8.98169,47.31506],[8.98222,47.31655],[8.98425,47.31883],[8.98495,47.31939],[8.98413,47.32058],[8.98087,47.32266],[8.97967,47.32406],[8.97975,47.3255],[8.97733,47.32718],[8.97719,47.3282],[8.97668,47.32929],[8.97708,47.33052],[8.97732,47.33257],[8.97865,47.33416],[8.97909,47.33514],[8.9789,47.33561],[8.97929,47.33795],[8.97794,47.33818],[8.97473,47.33943],[8.97311,47.33987],[8.97403,47.3414],[8.97378,47.34486],[8.97331,47.34621],[8.97442,47.34738],[8.97257,47.34986],[8.97164,47.35193],[8.9695,47.35262],[8.96888,47.35371],[8.96746,47.35426],[8.96631,47.35422],[8.96461,47.35446],[8.96289,47.3543],[8.96026,47.35369],[8.9598,47.35435],[8.96002,47.35524],[8.96057,47.35561],[8.95985,47.35628],[8.95934,47.35769],[8.95823,47.35845],[8.95804,47.35908],[8.95705,47.35968],[8.95602,47.3608],[8.95608,47.36116],[8.9551,47.36266],[8.95468,47.36412],[8.9534,47.36543],[8.95245,47.36694],[8.95236,47.36766],[8.95181,47.36838],[8.95158,47.37065],[8.95123,47.37172],[8.95043,47.37252],[8.94948,47.37287],[8.94904,47.37386],[8.94831,47.37468],[8.94657,47.37491],[8.94548,47.3747],[8.94354,47.37592],[8.94174,47.37776],[8.94113,47.37812],[8.94014,47.37986],[8.94164,47.38203],[8.94262,47.38252],[8.94371,47.38431],[8.94356,47.38555],[8.94249,47.38628],[8.94156,47.38731],[8.93825,47.38865],[8.93633,47.39014],[8.93551,47.39047],[8.93394,47.39063],[8.93187,47.39148],[8.93009,47.3927],[8.93012,47.39311],[8.92854,47.39381],[8.92714,47.39522],[8.9274,47.39585],[8.92652,47.39622],[8.92603,47.39687],[8.92447,47.39748],[8.92316,47.39841],[8.92074,47.3995],[8.91635,47.39999],[8.91346,47.40046],[8.91343,47.4012],[8.91234,47.40091],[8.90937,47.40128],[8.907,47.40101],[8.90348,47.40205],[8.90442,47.40286],[8.90456,47.40482],[8.90583,47.40602],[8.90656,47.40698],[8.90735,47.40741],[8.90948,47.40912],[8.90962,47.41043],[8.9108,47.4119],[8.91263,47.41275],[8.9129,47.41372],[8.91284,47.41479],[8.91236,47.41556],[8.91292,47.4171],[8.91384,47.41808],[8.91383,47.41866],[8.91309,47.41937],[8.91247,47.42117],[8.9117,47.42204],[8.91116,47.42357],[8.9118,47.42408],[8.91174,47.42524],[8.91364,47.42665],[8.91474,47.42701],[8.91462,47.42773],[8.91233,47.42856],[8.90872,47.42953],[8.90768,47.43029],[8.90775,47.43133],[8.90917,47.43223],[8.90978,47.43301],[8.91107,47.43376],[8.91228,47.43375],[8.91262,47.43277],[8.91362,47.43153],[8.91488,47.43235],[8.91701,47.43317],[8.91808,47.4324],[8.91978,47.43301],[8.9221,47.43299],[8.92465,47.43222],[8.92541,47.43166],[8.92689,47.4314],[8.92854,47.43151],[8.92918,47.43208],[8.93004,47.43159],[8.9311,47.4321],[8.93176,47.43331],[8.9331,47.43423],[8.93219,47.43469],[8.93273,47.43554],[8.93093,47.4353],[8.92908,47.43544],[8.92699,47.43541],[8.92527,47.43479],[8.92431,47.43507],[8.92165,47.43488],[8.91998,47.4354],[8.91882,47.43626],[8.9174,47.43656],[8.91623,47.43643],[8.91441,47.43675],[8.9123,47.43646],[8.91097,47.43665],[8.90683,47.43879],[8.90704,47.43956],[8.9056,47.44084],[8.90557,47.44156],[8.90292,47.44376],[8.90266,47.44424],[8.90441,47.44523],[8.90559,47.44678],[8.90609,47.44672],[8.90749,47.44732],[8.90899,47.44773],[8.90747,47.4497],[8.90692,47.45083],[8.90569,47.45126],[8.90518,47.45213],[8.90355,47.45345],[8.90035,47.4546],[8.89926,47.45591],[8.89791,47.4579],[8.89824,47.45828],[8.89578,47.45937],[8.89553,47.46001],[8.89634,47.46071],[8.89562,47.46274],[8.89435,47.463],[8.89405,47.46359],[8.89198,47.46421],[8.89186,47.46456],[8.89355,47.46494],[8.89364,47.46523],[8.89177,47.46598],[8.89084,47.46778],[8.89061,47.46926],[8.88638,47.46969],[8.88432,47.46971],[8.88359,47.47014],[8.88401,47.47076],[8.88332,47.47115],[8.88453,47.47226],[8.88455,47.47373],[8.88195,47.47443],[8.88182,47.47493],[8.88467,47.4768],[8.88491,47.47727],[8.88449,47.47896],[8.88557,47.48069],[8.8853,47.48171],[8.88812,47.48249],[8.88864,47.48231],[8.89038,47.48297],[8.89339,47.48387],[8.89684,47.48459],[8.8977,47.48511],[8.89761,47.48596],[8.89703,47.48685],[8.89679,47.4879],[8.89482,47.48859],[8.89282,47.48841],[8.89355,47.49426],[8.89337,47.49741],[8.89259,47.49752],[8.89268,47.50057],[8.8936,47.50065],[8.89502,47.5027],[8.89525,47.50361],[8.89647,47.50415],[8.89708,47.50495],[8.89625,47.50568],[8.89689,47.50678],[8.89697,47.50773],[8.89736,47.50811],[8.89732,47.51072],[8.89762,47.51124],[8.89701,47.51174],[8.89638,47.51313],[8.89664,47.51558],[8.89694,47.51605],[8.89662,47.51731],[8.89711,47.51768],[8.89531,47.51925],[8.89655,47.52033],[8.89724,47.52146],[8.89832,47.52402],[8.89777,47.52401],[8.89676,47.52561],[8.89205,47.52679],[8.89048,47.52698],[8.8899,47.52679],[8.88802,47.52746],[8.8876,47.52839],[8.88636,47.52793],[8.88556,47.52818],[8.88345,47.52939],[8.88131,47.52845],[8.88007,47.52762],[8.88041,47.52703],[8.87422,47.52936],[8.87173,47.52993],[8.86923,47.53035],[8.86539,47.5305],[8.86105,47.53036],[8.85799,47.53035],[8.85753,47.53071],[8.85578,47.53041],[8.85525,47.53133],[8.8508,47.53109],[8.84743,47.53126],[8.84495,47.53167],[8.84093,47.53264],[8.84117,47.5337],[8.84119,47.53517],[8.84061,47.53586],[8.84117,47.53687],[8.84071,47.53738],[8.83935,47.53722],[8.83999,47.53843],[8.83995,47.53933],[8.83816,47.53938],[8.83856,47.54019],[8.83715,47.54126],[8.83624,47.54287],[8.83445,47.54291],[8.83366,47.54445],[8.83405,47.54503],[8.83273,47.54603],[8.83325,47.54663],[8.83224,47.54738],[8.83207,47.54809],[8.83274,47.54876],[8.83188,47.54951],[8.83103,47.54984],[8.83075,47.55053],[8.8298,47.55171],[8.83073,47.55209],[8.82955,47.55353],[8.82799,47.55595],[8.82969,47.5563],[8.82946,47.5576],[8.83156,47.55782],[8.83802,47.55726],[8.8402,47.55788],[8.84073,47.55845],[8.84061,47.55937],[8.84164,47.56002],[8.84274,47.5603],[8.84603,47.56076],[8.84764,47.56065],[8.85112,47.56087],[8.85091,47.56365],[8.8443,47.56325],[8.84489,47.5661],[8.84217,47.56639],[8.84174,47.56591],[8.83926,47.56541],[8.83926,47.56846],[8.83781,47.56859],[8.83882,47.57119],[8.83134,47.57336],[8.83061,47.57274],[8.83003,47.5711],[8.82382,47.57248],[8.8225,47.57306],[8.82202,47.57161],[8.82045,47.5724],[8.81967,47.57138],[8.8173,47.57193],[8.8166,47.57017],[8.81377,47.57019],[8.80742,47.57157],[8.8081,47.57433],[8.8048,47.575],[8.80563,47.57711],[8.80527,47.57727],[8.80621,47.5795],[8.80114,47.58051],[8.80215,47.58264],[8.80251,47.58286],[8.80555,47.58214],[8.80605,47.58315],[8.76756,47.59212],[8.76528,47.59256],[8.76196,47.59286],[8.75637,47.59289],[8.74823,47.59231],[8.7473,47.59512],[8.74728,47.5957],[8.74568,47.59632],[8.7458,47.59668],[8.74737,47.59767],[8.74798,47.59859],[8.74804,47.59962],[8.74879,47.60004],[8.74631,47.60035],[8.74661,47.60091],[8.74488,47.60219],[8.74374,47.60258],[8.74339,47.6034],[8.74211,47.60462],[8.74188,47.60557],[8.74226,47.60649],[8.74198,47.60734],[8.73941,47.60804],[8.73967,47.60851],[8.74011,47.6118],[8.74135,47.6117],[8.74186,47.61213],[8.74266,47.61186],[8.74309,47.61298],[8.74582,47.61295],[8.74565,47.6166],[8.7462,47.61701],[8.74647,47.61799],[8.74594,47.6198],[8.74591,47.62116],[8.74643,47.62191],[8.74813,47.62304],[8.74952,47.62149],[8.74987,47.62056],[8.75087,47.61973],[8.7538,47.61851],[8.75507,47.61773],[8.75523,47.61703],[8.75633,47.61662],[8.75837,47.61838],[8.75943,47.61819],[8.76219,47.61809],[8.76403,47.61737],[8.7667,47.61655],[8.76957,47.6151],[8.77243,47.61443],[8.77249,47.61502],[8.77454,47.61486],[8.77531,47.61427],[8.77519,47.6136],[8.77663,47.61328],[8.77753,47.61266],[8.77945,47.6127],[8.77958,47.61231],[8.78119,47.61201],[8.78424,47.61077],[8.78676,47.60954],[8.78862,47.60929],[8.78981,47.60941],[8.79028,47.60843],[8.7887,47.60682],[8.78829,47.60544],[8.78814,47.60415],[8.78879,47.60344],[8.79283,47.60274],[8.79369,47.6025],[8.79654,47.60259],[8.79889,47.60222],[8.80063,47.60155],[8.80269,47.60111],[8.80258,47.60174],[8.80169,47.60296],[8.80216,47.60383],[8.80301,47.60459],[8.80304,47.60681],[8.80396,47.60802],[8.80332,47.60849],[8.80414,47.60944],[8.80411,47.61171],[8.80505,47.61373],[8.80675,47.6142],[8.80837,47.61404],[8.80869,47.61511],[8.81046,47.61514],[8.81134,47.61638],[8.81317,47.61653],[8.81341,47.61714],[8.81219,47.61762],[8.81286,47.6182],[8.81156,47.61897],[8.81214,47.61946],[8.81298,47.61954],[8.81286,47.62063],[8.8143,47.62108],[8.81432,47.62166],[8.81309,47.62159],[8.81296,47.62205],[8.81171,47.62265],[8.81231,47.6244],[8.81332,47.62412],[8.81353,47.62561],[8.81296,47.6256],[8.81312,47.62737],[8.81407,47.62719],[8.81453,47.62793],[8.81544,47.62782],[8.81582,47.62871],[8.8176,47.62825],[8.81785,47.62973],[8.82024,47.6293],[8.82079,47.63044],[8.8202,47.63053],[8.82092,47.63158],[8.8214,47.63152],[8.82296,47.63311],[8.82378,47.63321],[8.82469,47.63389],[8.82376,47.63442],[8.82468,47.63532],[8.82538,47.63731],[8.82671,47.63788],[8.8274,47.63906],[8.82775,47.64099],[8.82685,47.64243],[8.82696,47.64338],[8.82585,47.6444],[8.82633,47.6461],[8.82619,47.64695],[8.82515,47.64726],[8.8226,47.64849],[8.82095,47.64893],[8.81838,47.64903],[8.81704,47.64954],[8.81581,47.64909],[8.8155,47.6498],[8.8147,47.64967],[8.8114,47.65113],[8.80994,47.65163],[8.80773,47.65178],[8.80487,47.65223],[8.80521,47.65472],[8.8043,47.65494],[8.80499,47.65856],[8.80494,47.6604],[8.80342,47.66064],[8.80404,47.6624],[8.80418,47.66389],[8.80525,47.6642],[8.80526,47.66472],[8.80315,47.66527],[8.80185,47.66525],[8.79968,47.66492],[8.79673,47.66496],[8.79299,47.66467],[8.79122,47.66483],[8.78854,47.66536],[8.78778,47.66312],[8.78659,47.66074],[8.78673,47.65928],[8.78656,47.6581],[8.78587,47.65769],[8.78602,47.6552],[8.78542,47.65507],[8.78247,47.6525],[8.78106,47.65172],[8.77854,47.65102],[8.77757,47.65034],[8.77704,47.6494],[8.77619,47.64884],[8.77456,47.64876],[8.77275,47.64991],[8.77091,47.64984],[8.76862,47.65017],[8.766,47.64885],[8.76471,47.64852],[8.76255,47.64631],[8.75985,47.64554],[8.75894,47.64414],[8.75785,47.64317],[8.75566,47.64308],[8.75519,47.64202],[8.75213,47.64239],[8.75206,47.64124],[8.74968,47.64145],[8.74819,47.64079],[8.74721,47.63864],[8.74534,47.63944],[8.74337,47.63977],[8.74334,47.64138],[8.74297,47.64241],[8.73809,47.64186],[8.73631,47.64232],[8.7357,47.64211],[8.73493,47.64117],[8.73065,47.64225],[8.72964,47.64282],[8.72633,47.64286],[8.72466,47.64306],[8.72351,47.64185],[8.722,47.64176],[8.72032,47.6419],[8.7197,47.6411],[8.71723,47.64181],[8.71629,47.64317],[8.71475,47.64309],[8.71419,47.64438],[8.71108,47.64361],[8.70886,47.64192],[8.70816,47.64232],[8.70368,47.64408],[8.70273,47.64511],[8.70103,47.6458],[8.70036,47.64703],[8.69867,47.64701],[8.69837,47.64771],[8.69613,47.64798],[8.69316,47.64802],[8.69037,47.64943],[8.68802,47.65003],[8.68822,47.65125],[8.68671,47.65356],[8.68462,47.6534],[8.68462,47.65515],[8.68314,47.65567],[8.68218,47.65744],[8.68046,47.65814],[8.67927,47.65965],[8.67962,47.66078],[8.6777,47.66258],[8.67742,47.66424],[8.67747,47.66584],[8.67871,47.66582],[8.67907,47.66674],[8.67876,47.66854],[8.67762,47.6684],[8.67712,47.66979],[8.677,47.67149],[8.67575,47.67233],[8.6737,47.67284],[8.67094,47.67413],[8.66925,47.67479],[8.66799,47.67714],[8.6694,47.68033],[8.66971,47.68161],[8.6694,47.68293],[8.66943,47.68485],[8.66662,47.68535],[8.66341,47.68578],[8.66314,47.6853],[8.66116,47.68574],[8.6589,47.68661],[8.65357,47.68927],[8.651,47.69093],[8.64597,47.69361],[8.64479,47.69404],[8.64216,47.69447],[8.64127,47.6944],[8.63714,47.69308],[8.63072,47.69203],[8.62802,47.69194],[8.62573,47.69125],[8.62512,47.69167],[8.62413,47.69059],[8.62402,47.68986],[8.62636,47.68285],[8.62731,47.68086],[8.62734,47.6799],[8.62665,47.67826],[8.62547,47.67705],[8.62397,47.67634],[8.62051,47.67521],[8.61933,47.67505],[8.61803,47.6754],[8.61701,47.67631],[8.61676,47.67701],[8.61561,47.678],[8.61386,47.67861],[8.61159,47.67661],[8.61058,47.67534],[8.60964,47.67201],[8.60809,47.6726],[8.60729,47.67115],[8.60652,47.67022],[8.6062,47.66866],[8.60691,47.66646],[8.60809,47.66415],[8.6088,47.66342],[8.61283,47.6608],[8.61454,47.66156],[8.61959,47.65924],[8.62237,47.65757],[8.6273,47.65407],[8.62802,47.65345],[8.62886,47.65199],[8.62888,47.64966],[8.62838,47.64848],[8.62736,47.64705],[8.6254,47.64338],[8.62453,47.64209],[8.62335,47.64092],[8.6219,47.63989],[8.62022,47.63904],[8.61843,47.63839],[8.61654,47.63789],[8.61456,47.63756],[8.61124,47.63723],[8.60746,47.63704],[8.60502,47.63757],[8.60377,47.63838],[8.60333,47.63894],[8.60333,47.64032],[8.60387,47.64107],[8.6055,47.64163],[8.60774,47.64149],[8.60935,47.64157],[8.61124,47.64202],[8.61207,47.6424],[8.61337,47.64343],[8.61414,47.64504],[8.61409,47.64639],[8.6137,47.64788],[8.61239,47.64994],[8.61131,47.65085],[8.61,47.65161],[8.60851,47.6522],[8.60706,47.65251],[8.60526,47.65207],[8.60396,47.6507],[8.60328,47.64945],[8.60266,47.64716],[8.60136,47.64574],[8.59976,47.64497],[8.59716,47.64409],[8.59604,47.64328],[8.59533,47.64167],[8.59538,47.64017],[8.59574,47.63874],[8.59655,47.6366],[8.59677,47.63536],[8.59682,47.63158],[8.5971,47.63005],[8.59842,47.62616],[8.60005,47.62313],[8.60194,47.62061],[8.60417,47.61797],[8.60481,47.61702],[8.60524,47.61538],[8.60501,47.6135],[8.60445,47.6123],[8.60359,47.61118],[8.60245,47.61019],[8.59907,47.6078],[8.59717,47.60684],[8.59573,47.60561],[8.59521,47.60458],[8.59442,47.60178],[8.59443,47.60006],[8.59507,47.59832],[8.59493,47.59733],[8.59355,47.59589],[8.59212,47.59535],[8.58619,47.59409],[8.58358,47.59329],[8.58204,47.59253],[8.58021,47.59129],[8.57896,47.59012],[8.57801,47.58883],[8.57736,47.58746],[8.5771,47.58559],[8.57728,47.58403],[8.57829,47.58152],[8.57993,47.57884],[8.58021,47.57785],[8.57971,47.57658],[8.57836,47.57605],[8.57481,47.57568],[8.57373,47.57541],[8.57225,47.57458],[8.57162,47.57388],[8.57044,47.57201],[8.56973,47.57011],[8.56918,47.56622],[8.56784,47.56317],[8.56694,47.56172],[8.56457,47.55918],[8.56125,47.5552],[8.55932,47.55331],[8.55799,47.55257],[8.55675,47.55236],[8.55499,47.55261],[8.5541,47.55318],[8.55144,47.5555],[8.55059,47.55725],[8.55059,47.55865],[8.54975,47.56184],[8.54848,47.56416],[8.54651,47.56649],[8.54523,47.5676],[8.5416,47.56993],[8.54249,47.57048],[8.54477,47.57123],[8.54622,47.57131],[8.54682,47.57234],[8.54571,47.57295],[8.54649,47.57379],[8.54639,47.57416],[8.54448,47.57494],[8.54272,47.57454],[8.54067,47.57477],[8.53957,47.57438],[8.53677,47.57484],[8.5351,47.57523],[8.53503,47.5758],[8.53694,47.57681],[8.53678,47.57741],[8.53755,47.57796],[8.53987,47.57765],[8.53962,47.57859],[8.53743,47.57927],[8.53589,47.57945],[8.53581,47.58066],[8.53455,47.58115],[8.53471,47.58169],[8.53356,47.58216],[8.5342,47.58288],[8.53701,47.58343],[8.53661,47.58464],[8.53535,47.58712],[8.53704,47.58737],[8.53817,47.58831],[8.53938,47.58873],[8.54098,47.59007],[8.54472,47.59151],[8.5476,47.59273],[8.55045,47.59226],[8.55289,47.59296],[8.55526,47.59405],[8.55587,47.59463],[8.55582,47.59672],[8.55629,47.59764],[8.55704,47.59754],[8.55845,47.5984],[8.56035,47.59918],[8.56187,47.59915],[8.56308,47.59945],[8.56222,47.60029],[8.56165,47.6013],[8.5639,47.60286],[8.56504,47.60444],[8.56602,47.60519],[8.56642,47.60609],[8.56658,47.60805],[8.56639,47.60986],[8.57,47.61082],[8.57277,47.61086],[8.57431,47.61165],[8.5744,47.61229],[8.57123,47.61248],[8.57094,47.61352],[8.57021,47.61489],[8.57066,47.61526],[8.56934,47.6172],[8.56825,47.61697],[8.56586,47.617],[8.56293,47.6167],[8.56207,47.61845],[8.56199,47.61927],[8.56106,47.62013],[8.56131,47.62081],[8.55989,47.62113],[8.55923,47.6219],[8.55833,47.62397],[8.5579,47.62445],[8.55555,47.6247],[8.55263,47.62477],[8.55052,47.62535],[8.54957,47.62516],[8.54762,47.62547],[8.54433,47.62515],[8.54293,47.62705],[8.5387,47.62629],[8.5393,47.62832],[8.53895,47.63096],[8.53822,47.63118],[8.53681,47.63088],[8.53465,47.63129],[8.53267,47.63144],[8.53174,47.63191],[8.52564,47.63171],[8.5245,47.63237],[8.52187,47.63339],[8.52077,47.63432],[8.51727,47.63425],[8.51566,47.63379],[8.5158,47.63255],[8.51654,47.63205],[8.51528,47.6313],[8.51491,47.63021],[8.51503,47.62953],[8.51587,47.6285],[8.51492,47.62822],[8.51536,47.62712],[8.51405,47.62629],[8.51355,47.62679],[8.51285,47.62559],[8.51287,47.62492],[8.51507,47.62456],[8.5146,47.62357],[8.51319,47.62329],[8.51089,47.62328],[8.50744,47.62382],[8.50825,47.62206],[8.50805,47.61982],[8.50835,47.6189],[8.50722,47.61826],[8.50835,47.61752],[8.50567,47.61711],[8.50554,47.61733],[8.5031,47.61727],[8.50208,47.61655],[8.5009,47.61647],[8.49333,47.61444],[8.48847,47.61505],[8.48707,47.61434],[8.48462,47.61474],[8.48413,47.61401],[8.4833,47.61367],[8.48148,47.61432],[8.48007,47.61508],[8.47921,47.61521],[8.47799,47.61356],[8.47866,47.61333],[8.47865,47.61217],[8.47814,47.61098],[8.47504,47.60772],[8.4739,47.60844],[8.47087,47.60863],[8.47016,47.6083],[8.47064,47.60756],[8.47145,47.607],[8.47005,47.60543],[8.46815,47.60539],[8.46816,47.60428],[8.46855,47.60386],[8.46645,47.60295],[8.46365,47.60226],[8.45925,47.60205],[8.45669,47.60232],[8.45655,47.59991],[8.45704,47.59738],[8.45812,47.59699],[8.45926,47.59608],[8.46002,47.59502],[8.46059,47.59333],[8.46124,47.59267],[8.46068,47.59099],[8.46054,47.58838],[8.46262,47.58845],[8.46271,47.58801],[8.46482,47.58801],[8.46686,47.58427],[8.46821,47.58391],[8.4692,47.58403],[8.47035,47.58463],[8.4734,47.5844],[8.47546,47.58453],[8.4781,47.58497],[8.47956,47.58535],[8.48104,47.5852],[8.48176,47.58601],[8.48328,47.58692],[8.48728,47.58742],[8.48871,47.58783],[8.49037,47.58643],[8.49415,47.58224],[8.49475,47.58103],[8.49281,47.58054],[8.49162,47.58007],[8.48675,47.57757],[8.48531,47.57716],[8.48386,47.57708],[8.4826,47.57727],[8.47983,47.57797],[8.47743,47.57799],[8.47564,47.57738],[8.47106,47.57486],[8.46758,47.57323],[8.4649,47.57234],[8.46321,47.57206],[8.46147,47.57201],[8.45704,47.57247],[8.4559,47.57237],[8.45297,47.57148],[8.44939,47.57073],[8.44622,47.56962],[8.43959,47.56758],[8.43712,47.56705],[8.43326,47.56659],[8.43139,47.56657],[8.42863,47.56693],[8.42568,47.56786],[8.42358,47.56644],[8.41875,47.56516],[8.41848,47.56401],[8.41688,47.56093],[8.41787,47.56072],[8.41757,47.56005],[8.41789,47.5591],[8.41769,47.55845],[8.41639,47.55791],[8.41638,47.55731],[8.41563,47.5557],[8.41445,47.55389],[8.41478,47.55317],[8.41461,47.552],[8.41694,47.55027],[8.41547,47.54935],[8.41508,47.5485],[8.41553,47.54772],[8.41741,47.54589],[8.41271,47.54625],[8.41255,47.5457],[8.41041,47.54549],[8.4087,47.54387],[8.40761,47.54357],[8.40734,47.54257],[8.40641,47.54199],[8.40511,47.54186],[8.40606,47.54035],[8.40519,47.53989],[8.40553,47.53945],[8.40413,47.53923],[8.40432,47.53839],[8.40327,47.53841],[8.40208,47.5396],[8.40146,47.53914],[8.40135,47.53807],[8.4023,47.53748],[8.40354,47.5357],[8.40421,47.53509],[8.40443,47.53432],[8.40385,47.53345],[8.40257,47.53324],[8.40038,47.53323],[8.39767,47.53264],[8.39549,47.53202],[8.39486,47.53148],[8.39515,47.53021],[8.39513,47.52916],[8.39573,47.52832],[8.39467,47.5274],[8.39333,47.52572],[8.39207,47.52539],[8.39066,47.52627],[8.38889,47.52631],[8.38983,47.52734],[8.38749,47.52831],[8.38665,47.52887],[8.38513,47.52865],[8.38353,47.52769],[8.38216,47.52628],[8.3814,47.52491],[8.38131,47.52301],[8.38094,47.52125],[8.38044,47.51996],[8.38059,47.51849],[8.38037,47.51597],[8.37927,47.51588],[8.37965,47.51491],[8.3788,47.51367],[8.37706,47.51239],[8.37648,47.51248],[8.37466,47.51218],[8.37415,47.51119],[8.37364,47.51102],[8.3716,47.51179],[8.37041,47.5115],[8.36866,47.5122],[8.36816,47.51203],[8.3682,47.51119],[8.36657,47.51155],[8.36599,47.51088],[8.36371,47.51091],[8.36123,47.5101],[8.36086,47.50888],[8.36165,47.50782],[8.3593,47.50634],[8.35883,47.50549],[8.35917,47.50451],[8.35844,47.50349],[8.3587,47.50303],[8.35785,47.50247],[8.35849,47.5014],[8.3598,47.50082],[8.36291,47.50116],[8.36276,47.50012],[8.36216,47.49956],[8.36026,47.49864],[8.35844,47.49748],[8.3606,47.49593],[8.36108,47.49518],[8.3619,47.49141],[8.36267,47.49056],[8.36208,47.48854],[8.362,47.48574],[8.36276,47.48323],[8.36328,47.48086],[8.36629,47.4811],[8.37109,47.48129],[8.37327,47.48147],[8.3742,47.48046],[8.37411,47.47815],[8.3736,47.47486],[8.37412,47.47428],[8.37431,47.47301],[8.37529,47.47164],[8.37533,47.47114],[8.37167,47.47012],[8.37032,47.47043],[8.36803,47.47042],[8.36738,47.46942],[8.36802,47.46918],[8.36772,47.46806],[8.36578,47.46752],[8.36569,47.46621],[8.36722,47.46575],[8.3674,47.46623],[8.36885,47.4658],[8.36945,47.46533],[8.36972,47.4638],[8.36954,47.4634],[8.37067,47.46239],[8.37102,47.46179],[8.37215,47.46107],[8.37284,47.45918],[8.37432,47.45936],[8.37786,47.45949],[8.379,47.45916],[8.3794,47.45728],[8.38032,47.45619],[8.38274,47.45633],[8.38311,47.4551],[8.38443,47.45491],[8.38561,47.45179],[8.38666,47.44973],[8.3859,47.44927],[8.38176,47.4487],[8.38217,47.44648],[8.38113,47.44622],[8.38168,47.44415],[8.38191,47.44245],[8.38196,47.44049],[8.38381,47.43991],[8.38447,47.43839],[8.38383,47.43817],[8.38403,47.43724],[8.38505,47.43673],[8.38504,47.43594],[8.38394,47.43495],[8.384,47.43455],[8.38287,47.43291],[8.38104,47.43331],[8.38085,47.43276],[8.3791,47.43308],[8.3771,47.43383],[8.37618,47.43349],[8.37521,47.43232],[8.37467,47.43225],[8.37508,47.43067],[8.37673,47.42959],[8.37813,47.42922],[8.38015,47.42905],[8.38326,47.4281],[8.38519,47.42796],[8.38763,47.42796],[8.38795,47.42676],[8.38902,47.42548],[8.3911,47.42369],[8.39187,47.4228],[8.39227,47.42144],[8.39145,47.41977],[8.38755,47.41636],[8.3838,47.41803],[8.38176,47.41627],[8.38526,47.41442],[8.38199,47.41157],[8.38146,47.41099],[8.38109,47.40984],[8.3813,47.40892],[8.38194,47.4081],[8.38462,47.40622],[8.3827,47.40478],[8.38201,47.40352],[8.38097,47.40298],[8.37925,47.40241],[8.37618,47.4048],[8.37381,47.40448],[8.37061,47.40382],[8.36909,47.40331],[8.36805,47.40141],[8.36743,47.40074],[8.36583,47.40251],[8.3649,47.40229],[8.3625,47.40232],[8.36329,47.401],[8.36426,47.40056],[8.36505,47.39951],[8.36639,47.39882],[8.36746,47.39881],[8.36885,47.39926],[8.37407,47.39904],[8.37529,47.39936],[8.3763,47.40001],[8.37848,47.40005],[8.37991,47.39963],[8.38161,47.39722],[8.38264,47.39661],[8.38284,47.3958],[8.38353,47.39526],[8.38632,47.39522],[8.38799,47.39564],[8.38976,47.39465],[8.39104,47.39554],[8.39191,47.39584],[8.39307,47.39488],[8.39391,47.39498],[8.39478,47.39352],[8.39635,47.39382],[8.39645,47.39263],[8.39577,47.39155],[8.39451,47.39142],[8.39409,47.39103],[8.39492,47.39016],[8.3948,47.38821],[8.3949,47.38709],[8.39536,47.38618],[8.3948,47.38551],[8.39508,47.38437],[8.39486,47.38327],[8.39544,47.38169],[8.39497,47.38119],[8.39548,47.38029],[8.39656,47.37906],[8.39639,47.37704],[8.39711,47.37669],[8.39743,47.37599],[8.39835,47.37513],[8.39953,47.37482],[8.40078,47.3742],[8.40003,47.37327],[8.40056,47.37152],[8.40037,47.37051],[8.40188,47.37064],[8.40298,47.37],[8.40704,47.37023],[8.40785,47.36976],[8.4071,47.36879],[8.40729,47.36787],[8.4082,47.36665],[8.40635,47.36596],[8.4054,47.36498],[8.40494,47.3641],[8.40609,47.3629],[8.40686,47.36131],[8.40679,47.36011],[8.40717,47.35984],[8.40678,47.35799],[8.40736,47.35704],[8.40746,47.35546],[8.40927,47.35509],[8.40835,47.35355],[8.40653,47.35168],[8.40578,47.35109],[8.40559,47.34884],[8.40403,47.34712],[8.40387,47.34657],[8.40533,47.34472],[8.40668,47.34402],[8.40695,47.34229],[8.40732,47.34158],[8.40848,47.34132],[8.40961,47.34055],[8.41055,47.34022],[8.41139,47.3391],[8.41372,47.33804],[8.41476,47.33684],[8.41639,47.33712],[8.41665,47.33669],[8.41587,47.33571],[8.41677,47.33439],[8.41674,47.3338],[8.41396,47.3307],[8.4134,47.32872],[8.41259,47.32856],[8.41243,47.32713],[8.41321,47.3264],[8.41525,47.32625],[8.4158,47.32474],[8.41629,47.32446],[8.41904,47.32473],[8.42091,47.32543],[8.42316,47.32604],[8.42517,47.32643],[8.42768,47.32662],[8.42944,47.32736],[8.43125,47.32653],[8.43167,47.32698],[8.43478,47.32532],[8.43673,47.32675],[8.43921,47.32706],[8.4406,47.32765],[8.44133,47.3272],[8.44208,47.32742],[8.44354,47.32922],[8.44436,47.32894],[8.44625,47.32981],[8.44985,47.33049],[8.44998,47.3311],[8.45089,47.3326],[8.45101,47.33362],[8.45297,47.33325],[8.45412,47.33475],[8.45511,47.33408],[8.45496,47.33341],[8.45374,47.33165],[8.45155,47.32914],[8.45241,47.3287],[8.44852,47.32597],[8.44996,47.32551],[8.44862,47.32427],[8.44917,47.32335],[8.44837,47.32284],[8.44766,47.32193],[8.44663,47.32155],[8.4458,47.31999],[8.44239,47.31837],[8.44049,47.31758],[8.44132,47.31583],[8.43802,47.31514],[8.43648,47.31528],[8.43596,47.31416],[8.43273,47.31217],[8.43205,47.31154],[8.43198,47.31059],[8.4322,47.30867],[8.431,47.3078],[8.42928,47.30724],[8.42965,47.30606],[8.43077,47.30521],[8.43034,47.30371],[8.42989,47.30342],[8.42938,47.30223],[8.42855,47.30115],[8.42914,47.30068],[8.42798,47.30035],[8.42678,47.29969],[8.42584,47.29952],[8.42463,47.29888],[8.42317,47.29838],[8.42224,47.29775],[8.42158,47.29778],[8.42042,47.29713],[8.4199,47.29651],[8.42024,47.2957],[8.41926,47.2952],[8.4189,47.29467],[8.41707,47.29381],[8.41531,47.29386],[8.41281,47.29297],[8.40769,47.29254],[8.40576,47.29226],[8.40359,47.29176],[8.40408,47.29078],[8.40153,47.2895],[8.39723,47.2879],[8.39648,47.28855],[8.39509,47.28929],[8.39413,47.29015],[8.39271,47.29092],[8.39138,47.29103],[8.38865,47.29003],[8.39038,47.28837],[8.39113,47.28745],[8.39242,47.28498],[8.39309,47.28342],[8.39415,47.27967],[8.3945,47.27885],[8.39569,47.27736],[8.3965,47.27672],[8.40083,47.27385],[8.40169,47.27311],[8.40224,47.27225],[8.40244,47.27132],[8.40227,47.27039],[8.40056,47.26584],[8.40092,47.26411],[8.40168,47.26336],[8.40298,47.26257],[8.40388,47.26175],[8.40435,47.26093],[8.40451,47.25991],[8.40409,47.25863],[8.40305,47.25714],[8.40263,47.25561],[8.40289,47.25461],[8.40412,47.25322],[8.40745,47.25089],[8.41008,47.24837],[8.41194,47.24741],[8.41302,47.24607],[8.41343,47.24436],[8.41449,47.24279],[8.41579,47.2423],[8.4165,47.24109],[8.41564,47.24013],[8.41466,47.23975],[8.41426,47.23894],[8.41517,47.23845],[8.4165,47.23697],[8.41623,47.2361],[8.41675,47.23526],[8.41664,47.23454],[8.41704,47.23377],[8.41684,47.23206],[8.41697,47.23073],[8.41737,47.22918],[8.41795,47.22841],[8.41819,47.22662],[8.41986,47.2258],[8.42094,47.22565],[8.4217,47.22332],[8.42557,47.22374],[8.42747,47.22422],[8.42929,47.22487],[8.43033,47.22487],[8.43232,47.22412],[8.43554,47.22369],[8.43717,47.22369],[8.43906,47.2239],[8.44003,47.22433],[8.44113,47.22521],[8.44228,47.22392],[8.44381,47.22264],[8.44462,47.22307],[8.44665,47.22338],[8.4465,47.22199],[8.44771,47.22106],[8.44793,47.22011],[8.45002,47.22007],[8.45026,47.21947],[8.45211,47.2196],[8.45304,47.21863],[8.45188,47.21826],[8.45296,47.21776],[8.45565,47.21854],[8.45669,47.21857],[8.45726,47.2177],[8.45871,47.217],[8.46043,47.21532],[8.46141,47.21363],[8.46301,47.21388],[8.46543,47.21397],[8.46691,47.21429],[8.46832,47.21295],[8.4701,47.2134],[8.47042,47.21192],[8.47151,47.212],[8.47248,47.21169],[8.47385,47.21062],[8.47289,47.21019],[8.47263,47.20949],[8.47331,47.20852],[8.47517,47.20893],[8.47623,47.21002],[8.47726,47.20938],[8.47999,47.20859],[8.48342,47.20878],[8.48383,47.20845],[8.48547,47.20904],[8.48931,47.21088],[8.49176,47.21137],[8.49276,47.21184],[8.49537,47.21194],[8.49812,47.21235],[8.4984,47.21207],[8.50032,47.21186],[8.50183,47.21188],[8.50332,47.21224],[8.5059,47.21386],[8.50507,47.21476],[8.5072,47.21439],[8.50859,47.21492],[8.50942,47.21497],[8.51041,47.2157],[8.51234,47.21552],[8.51279,47.21708],[8.51244,47.21866],[8.51264,47.2194],[8.51689,47.21961],[8.52065,47.21933],[8.52143,47.21954],[8.52192,47.21901],[8.52594,47.21857],[8.52881,47.21857],[8.53097,47.21756],[8.5319,47.21827],[8.53191,47.22009],[8.53253,47.22065],[8.53248,47.22209],[8.53374,47.22147],[8.53637,47.2206],[8.53673,47.22178],[8.53848,47.22243],[8.53934,47.22308],[8.54323,47.22207],[8.54443,47.22192],[8.54589,47.2214],[8.54695,47.22197],[8.54865,47.22201],[8.55123,47.2217],[8.55297,47.22165],[8.55385,47.22324],[8.55749,47.2217],[8.55837,47.2211],[8.55884,47.22026],[8.56036,47.21954],[8.56422,47.2196],[8.56626,47.21897],[8.56715,47.21852],[8.56995,47.21838],[8.57127,47.21851],[8.57285,47.21838],[8.57425,47.21772],[8.57461,47.217],[8.57612,47.21731],[8.5768,47.21786],[8.57782,47.21798],[8.57863,47.21767],[8.58045,47.21753],[8.58204,47.21792],[8.58305,47.2178],[8.58333,47.2168],[8.58156,47.21543],[8.58102,47.21457],[8.5811,47.21402],[8.58184,47.21303],[8.58222,47.21108],[8.58313,47.21048],[8.58532,47.21077],[8.58647,47.2114],[8.58749,47.21242],[8.58893,47.21246],[8.59004,47.2118],[8.59138,47.21152],[8.59321,47.21207],[8.59417,47.21205],[8.59534,47.21119],[8.5961,47.21012],[8.59745,47.20929],[8.59757,47.20825],[8.59667,47.20719],[8.59662,47.20676],[8.59737,47.20572],[8.59639,47.20528],[8.59652,47.20425],[8.59714,47.20325],[8.59794,47.20271],[8.59822,47.202],[8.59903,47.20143],[8.60003,47.20157],[8.6022,47.20287],[8.60306,47.20299],[8.60439,47.20405],[8.60484,47.20466],[8.60605,47.20524],[8.60891,47.20444],[8.60967,47.20344],[8.61081,47.20268],[8.61247,47.20224],[8.61295,47.20186],[8.61349,47.20044],[8.61456,47.19986],[8.61556,47.19891],[8.61603,47.19726],[8.61704,47.19572],[8.61804,47.19482],[8.61808,47.1938],[8.61731,47.19256],[8.61769,47.19201],[8.6192,47.19113],[8.62079,47.19045],[8.62098,47.18991],[8.62053,47.18878],[8.6207,47.18766],[8.6222,47.1861],[8.6237,47.18428],[8.62549,47.18233],[8.62601,47.18082],[8.62789,47.17983],[8.62798,47.17888],[8.62646,47.17742],[8.62515,47.17658],[8.62467,47.17541],[8.62395,47.17456],[8.62415,47.17316],[8.62577,47.1724],[8.62866,47.17206],[8.63105,47.17218],[8.63401,47.17161],[8.63664,47.17175],[8.63954,47.17141],[8.63981,47.17099],[8.63937,47.16973],[8.63994,47.16931],[8.64145,47.16895],[8.64261,47.16898],[8.64567,47.16978],[8.65063,47.17042],[8.65181,47.17093],[8.6527,47.17102],[8.65474,47.17011],[8.6557,47.16987],[8.6567,47.16999],[8.65778,47.17046],[8.65927,47.17056],[8.66074,47.17031],[8.66044,47.16955],[8.66117,47.1682],[8.66081,47.1666],[8.66101,47.1654],[8.66044,47.16393],[8.66139,47.16076],[8.66351,47.16054],[8.66471,47.15993],[8.66578,47.15966],[8.66819,47.15946],[8.67027,47.15971],[8.67499,47.15944],[8.67606,47.16006],[8.67637,47.16071],[8.67748,47.16092],[8.68034,47.16198],[8.68244,47.16214],[8.68527,47.16267],[8.68705,47.16257],[8.6905,47.16296],[8.69221,47.1634],[8.692,47.16452],[8.69206,47.16671],[8.69167,47.16682],[8.69123,47.16821],[8.69136,47.16902],[8.69021,47.16981],[8.68898,47.17037],[8.68588,47.17152],[8.68311,47.17349],[8.6824,47.17459],[8.68271,47.17512],[8.68208,47.17654],[8.68117,47.17793],[8.68044,47.17868],[8.68041,47.17989],[8.68134,47.1816],[8.68107,47.18407],[8.68255,47.18529],[8.68431,47.18621],[8.68557,47.18654],[8.68762,47.18852],[8.69419,47.19636],[8.69583,47.19671],[8.69788,47.19659],[8.69962,47.19702],[8.70059,47.1975],[8.70234,47.19796],[8.7034,47.19913],[8.70296,47.1994],[8.70291,47.20151],[8.70405,47.2023],[8.70512,47.2025],[8.70615,47.20229],[8.70826,47.20095],[8.7101,47.20042],[8.71142,47.20144],[8.71311,47.20304],[8.71702,47.20354],[8.74054,47.21158],[8.7772,47.21885],[8.79338,47.22256],[8.80861,47.22009]],[[8.438,47.40751],[8.43797,47.40807],[8.43985,47.40902],[8.44037,47.40852],[8.43938,47.40786],[8.438,47.40751]]]},"properties":{"area_code":"ZH","area_name":"Zürich","area_unit_id":"ch-canton-2026-swissboundaries3d:ZH","boundary_set_id":"ch-canton-2026-swissboundaries3d","boundary_level":"canton","land_area_sq_km":1728.9417}}
]}