"country_code","boundary_set_id","boundary_level","area_unit_id","area_code","area_name","year","population_total","population_total_basis","religious_affiliation_count","religious_affiliation_percent","no_religion_count","no_religion_percent","place_count","places_per_10000_residents","place_density_per_sq_km","land_area_sq_km","site_snapshot_date","place_count_basis","source_dataset_ids","quality_flag"
"BA","ba-municipality-2013-geoboundaries-adm3","municipality","ba-municipality-2013-geoboundaries-adm3:bihac","bihac","BIHAĆ",2013,56261,"BHAS 2013 Census, Book 2 (Ethnicity/nationality, Religion, Mother tongue), Table 5.1 'Stanovništvo prema vjeroispovijesti i spolu, po općinama/gradovima' (Population by religion and sex, by municipalities/cities), Ukupno/Total (both sexes, all ages). The denominator is the printed municipality total (the BHAS resident-population count).",54487,96.8468,965,1.7152,,,,971.9883,,,"ba-census-2013-book2-t5-1-religion-by-municipality|geoboundaries-bih-adm3-2013","census_declared_religion;all_persons_all_ages_universe;single_select_declared_religion;religious_affiliation_percent_is_summed_named_religion_share;no_religion_percent_is_agnostic_plus_atheist;non_response_undeclared_plus_unknown_in_denominator_neither_slot;shares_need_not_sum_to_100;single_wave_2013_only_1991_held_ethnicity_not_religion_and_no_licensed_prewar_boundary;bhas_official_state_publication_rs_institute_disputed_methodology;boundary_geoboundaries_adm3_public_domain_2013_frame_with_name_crosswalk;source_area_name=BIHAĆ;boundary_source_name=Bihać;source_categories_verbatim=Islamska=50287;Pravoslavna=933;Katolička=2989;Muslimanska=137;Rimokatolička=42;Srpska=6;Jehovini svjedoci=25;Grkokatolička=0;Protestantska=11;Romska=1;Hrišćanska=0;Bošnjačka=8;Hrvat=8;Adventistička=0;Bosanac=2;Agnostik=315;Ateist=650;Ostali=38;Ne izjašnjava se=769;Nepoznato=40"
"BA","ba-municipality-2013-geoboundaries-adm3","municipality","ba-municipality-2013-geoboundaries-adm3:bosanska_krupa","bosanska_krupa","BOSANSKA KRUPA",2013,25545,"BHAS 2013 Census, Book 2 (Ethnicity/nationality, Religion, Mother tongue), Table 5.1 'Stanovništvo prema vjeroispovijesti i spolu, po općinama/gradovima' (Population by religion and sex, by municipalities/cities), Ukupno/Total (both sexes, all ages). The denominator is the printed municipality total (the BHAS resident-population count).",25326,99.1427,80,0.3132,,,,574.5623,,,"ba-census-2013-book2-t5-1-religion-by-municipality|geoboundaries-bih-adm3-2013","census_declared_religion;all_persons_all_ages_universe;single_select_declared_religion;religious_affiliation_percent_is_summed_named_religion_share;no_religion_percent_is_agnostic_plus_atheist;non_response_undeclared_plus_unknown_in_denominator_neither_slot;shares_need_not_sum_to_100;single_wave_2013_only_1991_held_ethnicity_not_religion_and_no_licensed_prewar_boundary;bhas_official_state_publication_rs_institute_disputed_methodology;boundary_geoboundaries_adm3_public_domain_2013_frame_with_name_crosswalk;source_area_name=BOSANSKA KRUPA;boundary_source_name=Bosanska Krupa;source_categories_verbatim=Islamska=23704;Pravoslavna=1250;Katolička=48;Muslimanska=283;Rimokatolička=1;Srpska=20;Jehovini svjedoci=3;Grkokatolička=0;Protestantska=0;Romska=13;Hrišćanska=1;Bošnjačka=0;Hrvat=0;Adventistička=0;Bosanac=0;Agnostik=24;Ateist=56;Ostali=3;Ne izjašnjava se=99;Nepoznato=40"
"BA","ba-municipality-2013-geoboundaries-adm3","municipality","ba-municipality-2013-geoboundaries-adm3:bosanski_petrovac","bosanski_petrovac","BOSANSKI PETROVAC",2013,7328,"BHAS 2013 Census, Book 2 (Ethnicity/nationality, Religion, Mother tongue), Table 5.1 'Stanovništvo prema vjeroispovijesti i spolu, po općinama/gradovima' (Population by religion and sex, by municipalities/cities), Ukupno/Total (both sexes, all ages). The denominator is the printed municipality total (the BHAS resident-population count).",7248,98.9083,27,0.3684,,,,752.1512,,,"ba-census-2013-book2-t5-1-religion-by-municipality|geoboundaries-bih-adm3-2013","census_declared_religion;all_persons_all_ages_universe;single_select_declared_religion;religious_affiliation_percent_is_summed_named_religion_share;no_religion_percent_is_agnostic_plus_atheist;non_response_undeclared_plus_unknown_in_denominator_neither_slot;shares_need_not_sum_to_100;single_wave_2013_only_1991_held_ethnicity_not_religion_and_no_licensed_prewar_boundary;bhas_official_state_publication_rs_institute_disputed_methodology;boundary_geoboundaries_adm3_public_domain_2013_frame_with_name_crosswalk;source_area_name=BOSANSKI PETROVAC;boundary_source_name=Bosanski Petrovac;source_categories_verbatim=Islamska=3109;Pravoslavna=3883;Katolička=20;Muslimanska=102;Rimokatolička=0;Srpska=122;Jehovini svjedoci=1;Grkokatolička=0;Protestantska=1;Romska=0;Hrišćanska=1;Bošnjačka=5;Hrvat=0;Adventistička=0;Bosanac=0;Agnostik=0;Ateist=27;Ostali=4;Ne izjašnjava se=45;Nepoznato=8"
"BA","ba-municipality-2013-geoboundaries-adm3","municipality","ba-municipality-2013-geoboundaries-adm3:buzim","buzim","BUŽIM",2013,19340,"BHAS 2013 Census, Book 2 (Ethnicity/nationality, Religion, Mother tongue), Table 5.1 'Stanovništvo prema vjeroispovijesti i spolu, po općinama/gradovima' (Population by religion and sex, by municipalities/cities), Ukupno/Total (both sexes, all ages). The denominator is the printed municipality total (the BHAS resident-population count).",19305,99.819,7,0.0362,,,,130.4679,,,"ba-census-2013-book2-t5-1-religion-by-municipality|geoboundaries-bih-adm3-2013","census_declared_religion;all_persons_all_ages_universe;single_select_declared_religion;religious_affiliation_percent_is_summed_named_religion_share;no_religion_percent_is_agnostic_plus_atheist;non_response_undeclared_plus_unknown_in_denominator_neither_slot;shares_need_not_sum_to_100;single_wave_2013_only_1991_held_ethnicity_not_religion_and_no_licensed_prewar_boundary;bhas_official_state_publication_rs_institute_disputed_methodology;boundary_geoboundaries_adm3_public_domain_2013_frame_with_name_crosswalk;source_area_name=BUŽIM;boundary_source_name=Bužim;source_categories_verbatim=Islamska=19284;Pravoslavna=6;Katolička=10;Muslimanska=4;Rimokatolička=0;Srpska=0;Jehovini svjedoci=0;Grkokatolička=0;Protestantska=0;Romska=0;Hrišćanska=0;Bošnjačka=0;Hrvat=0;Adventistička=1;Bosanac=0;Agnostik=2;Ateist=5;Ostali=0;Ne izjašnjava se=5;Nepoznato=23"
"BA","ba-municipality-2013-geoboundaries-adm3","municipality","ba-municipality-2013-geoboundaries-adm3:cazin","cazin","CAZIN",2013,66149,"BHAS 2013 Census, Book 2 (Ethnicity/nationality, Religion, Mother tongue), Table 5.1 'Stanovništvo prema vjeroispovijesti i spolu, po općinama/gradovima' (Population by religion and sex, by municipalities/cities), Ukupno/Total (both sexes, all ages). The denominator is the printed municipality total (the BHAS resident-population count).",65747,99.3923,159,0.2404,,,,360.9593,,,"ba-census-2013-book2-t5-1-religion-by-municipality|geoboundaries-bih-adm3-2013","census_declared_religion;all_persons_all_ages_universe;single_select_declared_religion;religious_affiliation_percent_is_summed_named_religion_share;no_religion_percent_is_agnostic_plus_atheist;non_response_undeclared_plus_unknown_in_denominator_neither_slot;shares_need_not_sum_to_100;single_wave_2013_only_1991_held_ethnicity_not_religion_and_no_licensed_prewar_boundary;bhas_official_state_publication_rs_institute_disputed_methodology;boundary_geoboundaries_adm3_public_domain_2013_frame_with_name_crosswalk;source_area_name=CAZIN;boundary_source_name=Cazin;source_categories_verbatim=Islamska=65068;Pravoslavna=66;Katolička=142;Muslimanska=456;Rimokatolička=1;Srpska=2;Jehovini svjedoci=3;Grkokatolička=0;Protestantska=1;Romska=0;Hrišćanska=0;Bošnjačka=0;Hrvat=0;Adventistička=0;Bosanac=0;Agnostik=50;Ateist=109;Ostali=8;Ne izjašnjava se=184;Nepoznato=59"
"BA","ba-municipality-2013-geoboundaries-adm3","municipality","ba-municipality-2013-geoboundaries-adm3:kljuc","kljuc","KLJUČ",2013,16744,"BHAS 2013 Census, Book 2 (Ethnicity/nationality, Religion, Mother tongue), Table 5.1 'Stanovništvo prema vjeroispovijesti i spolu, po općinama/gradovima' (Population by religion and sex, by municipalities/cities), Ukupno/Total (both sexes, all ages). The denominator is the printed municipality total (the BHAS resident-population count).",16621,99.2654,42,0.2508,,,,335.2383,,,"ba-census-2013-book2-t5-1-religion-by-municipality|geoboundaries-bih-adm3-2013","census_declared_religion;all_persons_all_ages_universe;single_select_declared_religion;religious_affiliation_percent_is_summed_named_religion_share;no_religion_percent_is_agnostic_plus_atheist;non_response_undeclared_plus_unknown_in_denominator_neither_slot;shares_need_not_sum_to_100;single_wave_2013_only_1991_held_ethnicity_not_religion_and_no_licensed_prewar_boundary;bhas_official_state_publication_rs_institute_disputed_methodology;boundary_geoboundaries_adm3_public_domain_2013_frame_with_name_crosswalk;source_area_name=KLJUČ;boundary_source_name=Ključ;source_categories_verbatim=Islamska=16208;Pravoslavna=254;Katolička=34;Muslimanska=91;Rimokatolička=0;Srpska=27;Jehovini svjedoci=1;Grkokatolička=0;Protestantska=0;Romska=0;Hrišćanska=0;Bošnjačka=2;Hrvat=0;Adventistička=0;Bosanac=2;Agnostik=3;Ateist=39;Ostali=2;Ne izjašnjava se=54;Nepoznato=27"
"BA","ba-municipality-2013-geoboundaries-adm3","municipality","ba-municipality-2013-geoboundaries-adm3:sanski_most","sanski_most","SANSKI MOST",2013,41475,"BHAS 2013 Census, Book 2 (Ethnicity/nationality, Religion, Mother tongue), Table 5.1 'Stanovništvo prema vjeroispovijesti i spolu, po općinama/gradovima' (Population by religion and sex, by municipalities/cities), Ukupno/Total (both sexes, all ages). The denominator is the printed municipality total (the BHAS resident-population count).",41174,99.2743,112,0.27,,,,717.4941,,,"ba-census-2013-book2-t5-1-religion-by-municipality|geoboundaries-bih-adm3-2013","census_declared_religion;all_persons_all_ages_universe;single_select_declared_religion;religious_affiliation_percent_is_summed_named_religion_share;no_religion_percent_is_agnostic_plus_atheist;non_response_undeclared_plus_unknown_in_denominator_neither_slot;shares_need_not_sum_to_100;single_wave_2013_only_1991_held_ethnicity_not_religion_and_no_licensed_prewar_boundary;bhas_official_state_publication_rs_institute_disputed_methodology;boundary_geoboundaries_adm3_public_domain_2013_frame_with_name_crosswalk;source_area_name=SANSKI MOST;boundary_source_name=Sanski Most;source_categories_verbatim=Islamska=38455;Pravoslavna=1816;Katolička=735;Muslimanska=64;Rimokatolička=28;Srpska=50;Jehovini svjedoci=6;Grkokatolička=0;Protestantska=6;Romska=0;Hrišćanska=0;Bošnjačka=6;Hrvat=0;Adventistička=0;Bosanac=0;Agnostik=36;Ateist=76;Ostali=8;Ne izjašnjava se=119;Nepoznato=70"
"BA","ba-municipality-2013-geoboundaries-adm3","municipality","ba-municipality-2013-geoboundaries-adm3:velika_kladusa","velika_kladusa","VELIKA KLADUŠA",2013,40419,"BHAS 2013 Census, Book 2 (Ethnicity/nationality, Religion, Mother tongue), Table 5.1 'Stanovništvo prema vjeroispovijesti i spolu, po općinama/gradovima' (Population by religion and sex, by municipalities/cities), Ukupno/Total (both sexes, all ages). The denominator is the printed municipality total (the BHAS resident-population count).",40106,99.2256,68,0.1682,,,,357.5754,,,"ba-census-2013-book2-t5-1-religion-by-municipality|geoboundaries-bih-adm3-2013","census_declared_religion;all_persons_all_ages_universe;single_select_declared_religion;religious_affiliation_percent_is_summed_named_religion_share;no_religion_percent_is_agnostic_plus_atheist;non_response_undeclared_plus_unknown_in_denominator_neither_slot;shares_need_not_sum_to_100;single_wave_2013_only_1991_held_ethnicity_not_religion_and_no_licensed_prewar_boundary;bhas_official_state_publication_rs_institute_disputed_methodology;boundary_geoboundaries_adm3_public_domain_2013_frame_with_name_crosswalk;source_area_name=VELIKA KLADUŠA;boundary_source_name=Velika Kladuša;source_categories_verbatim=Islamska=36643;Pravoslavna=160;Katolička=305;Muslimanska=2955;Rimokatolička=0;Srpska=2;Jehovini svjedoci=4;Grkokatolička=3;Protestantska=1;Romska=0;Hrišćanska=0;Bošnjačka=3;Hrvat=1;Adventistička=0;Bosanac=19;Agnostik=21;Ateist=47;Ostali=10;Ne izjašnjava se=177;Nepoznato=68"
"BA","ba-municipality-2013-geoboundaries-adm3","municipality","ba-municipality-2013-geoboundaries-adm3:domaljevac_samac","domaljevac_samac","DOMALJEVAC-ŠAMAC",2013,4771,"BHAS 2013 Census, Book 2 (Ethnicity/nationality, Religion, Mother tongue), Table 5.1 'Stanovništvo prema vjeroispovijesti i spolu, po općinama/gradovima' (Population by religion and sex, by municipalities/cities), Ukupno/Total (both sexes, all ages). The denominator is the printed municipality total (the BHAS resident-population count).",4748,99.5179,8,0.1677,,,,55.1359,,,"ba-census-2013-book2-t5-1-religion-by-municipality|geoboundaries-bih-adm3-2013","census_declared_religion;all_persons_all_ages_universe;single_select_declared_religion;religious_affiliation_percent_is_summed_named_religion_share;no_religion_percent_is_agnostic_plus_atheist;non_response_undeclared_plus_unknown_in_denominator_neither_slot;shares_need_not_sum_to_100;single_wave_2013_only_1991_held_ethnicity_not_religion_and_no_licensed_prewar_boundary;bhas_official_state_publication_rs_institute_disputed_methodology;boundary_geoboundaries_adm3_public_domain_2013_frame_with_name_crosswalk;source_area_name=DOMALJEVAC-ŠAMAC;boundary_source_name=Domaljevac-Šamac;source_categories_verbatim=Islamska=19;Pravoslavna=90;Katolička=4521;Muslimanska=0;Rimokatolička=108;Srpska=1;Jehovini svjedoci=1;Grkokatolička=0;Protestantska=7;Romska=0;Hrišćanska=0;Bošnjačka=0;Hrvat=0;Adventistička=0;Bosanac=0;Agnostik=1;Ateist=7;Ostali=1;Ne izjašnjava se=12;Nepoznato=3"
"BA","ba-municipality-2013-geoboundaries-adm3","municipality","ba-municipality-2013-geoboundaries-adm3:odzak","odzak","ODŽAK",2013,18821,"BHAS 2013 Census, Book 2 (Ethnicity/nationality, Religion, Mother tongue), Table 5.1 'Stanovništvo prema vjeroispovijesti i spolu, po općinama/gradovima' (Population by religion and sex, by municipalities/cities), Ukupno/Total (both sexes, all ages). The denominator is the printed municipality total (the BHAS resident-population count).",18517,98.3848,114,0.6057,,,,157.5198,,,"ba-census-2013-book2-t5-1-religion-by-municipality|geoboundaries-bih-adm3-2013","census_declared_religion;all_persons_all_ages_universe;single_select_declared_religion;religious_affiliation_percent_is_summed_named_religion_share;no_religion_percent_is_agnostic_plus_atheist;non_response_undeclared_plus_unknown_in_denominator_neither_slot;shares_need_not_sum_to_100;single_wave_2013_only_1991_held_ethnicity_not_religion_and_no_licensed_prewar_boundary;bhas_official_state_publication_rs_institute_disputed_methodology;boundary_geoboundaries_adm3_public_domain_2013_frame_with_name_crosswalk;source_area_name=ODŽAK;boundary_source_name=Odžak;source_categories_verbatim=Islamska=6290;Pravoslavna=586;Katolička=11566;Muslimanska=9;Rimokatolička=53;Srpska=0;Jehovini svjedoci=3;Grkokatolička=0;Protestantska=2;Romska=1;Hrišćanska=0;Bošnjačka=0;Hrvat=1;Adventistička=0;Bosanac=0;Agnostik=20;Ateist=94;Ostali=6;Ne izjašnjava se=134;Nepoznato=56"
"BA","ba-municipality-2013-geoboundaries-adm3","municipality","ba-municipality-2013-geoboundaries-adm3:orasje","orasje","ORAŠJE",2013,19861,"BHAS 2013 Census, Book 2 (Ethnicity/nationality, Religion, Mother tongue), Table 5.1 'Stanovništvo prema vjeroispovijesti i spolu, po općinama/gradovima' (Population by religion and sex, by municipalities/cities), Ukupno/Total (both sexes, all ages). The denominator is the printed municipality total (the BHAS resident-population count).",19610,98.7362,90,0.4531,,,,117.8873,,,"ba-census-2013-book2-t5-1-religion-by-municipality|geoboundaries-bih-adm3-2013","census_declared_religion;all_persons_all_ages_universe;single_select_declared_religion;religious_affiliation_percent_is_summed_named_religion_share;no_religion_percent_is_agnostic_plus_atheist;non_response_undeclared_plus_unknown_in_denominator_neither_slot;shares_need_not_sum_to_100;single_wave_2013_only_1991_held_ethnicity_not_religion_and_no_licensed_prewar_boundary;bhas_official_state_publication_rs_institute_disputed_methodology;boundary_geoboundaries_adm3_public_domain_2013_frame_with_name_crosswalk;source_area_name=ORAŠJE;boundary_source_name=Orašje;source_categories_verbatim=Islamska=2032;Pravoslavna=165;Katolička=17104;Muslimanska=37;Rimokatolička=244;Srpska=0;Jehovini svjedoci=4;Grkokatolička=0;Protestantska=0;Romska=0;Hrišćanska=10;Bošnjačka=0;Hrvat=3;Adventistička=0;Bosanac=0;Agnostik=32;Ateist=58;Ostali=11;Ne izjašnjava se=138;Nepoznato=23"
"BA","ba-municipality-2013-geoboundaries-adm3","municipality","ba-municipality-2013-geoboundaries-adm3:banovici","banovici","BANOVIĆI",2013,22773,"BHAS 2013 Census, Book 2 (Ethnicity/nationality, Religion, Mother tongue), Table 5.1 'Stanovništvo prema vjeroispovijesti i spolu, po općinama/gradovima' (Population by religion and sex, by municipalities/cities), Ukupno/Total (both sexes, all ages). The denominator is the printed municipality total (the BHAS resident-population count).",22399,98.3577,190,0.8343,,,,188.5304,,,"ba-census-2013-book2-t5-1-religion-by-municipality|geoboundaries-bih-adm3-2013","census_declared_religion;all_persons_all_ages_universe;single_select_declared_religion;religious_affiliation_percent_is_summed_named_religion_share;no_religion_percent_is_agnostic_plus_atheist;non_response_undeclared_plus_unknown_in_denominator_neither_slot;shares_need_not_sum_to_100;single_wave_2013_only_1991_held_ethnicity_not_religion_and_no_licensed_prewar_boundary;bhas_official_state_publication_rs_institute_disputed_methodology;boundary_geoboundaries_adm3_public_domain_2013_frame_with_name_crosswalk;source_area_name=BANOVIĆI;boundary_source_name=Banovići;source_categories_verbatim=Islamska=21750;Pravoslavna=238;Katolička=274;Muslimanska=108;Rimokatolička=8;Srpska=4;Jehovini svjedoci=2;Grkokatolička=0;Protestantska=0;Romska=4;Hrišćanska=0;Bošnjačka=0;Hrvat=0;Adventistička=0;Bosanac=1;Agnostik=44;Ateist=146;Ostali=10;Ne izjašnjava se=176;Nepoznato=8"
"BA","ba-municipality-2013-geoboundaries-adm3","municipality","ba-municipality-2013-geoboundaries-adm3:celic","celic","ČELIĆ",2013,10502,"BHAS 2013 Census, Book 2 (Ethnicity/nationality, Religion, Mother tongue), Table 5.1 'Stanovništvo prema vjeroispovijesti i spolu, po općinama/gradovima' (Population by religion and sex, by municipalities/cities), Ukupno/Total (both sexes, all ages). The denominator is the printed municipality total (the BHAS resident-population count).",10455,99.5525,11,0.1047,,,,131.5424,,,"ba-census-2013-book2-t5-1-religion-by-municipality|geoboundaries-bih-adm3-2013","census_declared_religion;all_persons_all_ages_universe;single_select_declared_religion;religious_affiliation_percent_is_summed_named_religion_share;no_religion_percent_is_agnostic_plus_atheist;non_response_undeclared_plus_unknown_in_denominator_neither_slot;shares_need_not_sum_to_100;single_wave_2013_only_1991_held_ethnicity_not_religion_and_no_licensed_prewar_boundary;bhas_official_state_publication_rs_institute_disputed_methodology;boundary_geoboundaries_adm3_public_domain_2013_frame_with_name_crosswalk;source_area_name=ČELIĆ;boundary_source_name=Čelić;source_categories_verbatim=Islamska=9395;Pravoslavna=191;Katolička=847;Muslimanska=12;Rimokatolička=0;Srpska=10;Jehovini svjedoci=0;Grkokatolička=0;Protestantska=0;Romska=0;Hrišćanska=0;Bošnjačka=0;Hrvat=0;Adventistička=0;Bosanac=0;Agnostik=2;Ateist=9;Ostali=0;Ne izjašnjava se=23;Nepoznato=13"
"BA","ba-municipality-2013-geoboundaries-adm3","municipality","ba-municipality-2013-geoboundaries-adm3:doboj_istok","doboj_istok","DOBOJ-ISTOK",2013,10248,"BHAS 2013 Census, Book 2 (Ethnicity/nationality, Religion, Mother tongue), Table 5.1 'Stanovništvo prema vjeroispovijesti i spolu, po općinama/gradovima' (Population by religion and sex, by municipalities/cities), Ukupno/Total (both sexes, all ages). The denominator is the printed municipality total (the BHAS resident-population count).",9939,96.9848,14,0.1366,,,,32.2843,,,"ba-census-2013-book2-t5-1-religion-by-municipality|geoboundaries-bih-adm3-2013","census_declared_religion;all_persons_all_ages_universe;single_select_declared_religion;religious_affiliation_percent_is_summed_named_religion_share;no_religion_percent_is_agnostic_plus_atheist;non_response_undeclared_plus_unknown_in_denominator_neither_slot;shares_need_not_sum_to_100;single_wave_2013_only_1991_held_ethnicity_not_religion_and_no_licensed_prewar_boundary;bhas_official_state_publication_rs_institute_disputed_methodology;boundary_geoboundaries_adm3_public_domain_2013_frame_with_name_crosswalk;source_area_name=DOBOJ-ISTOK;boundary_source_name=Doboj East;source_categories_verbatim=Islamska=9863;Pravoslavna=13;Katolička=16;Muslimanska=41;Rimokatolička=1;Srpska=0;Jehovini svjedoci=0;Grkokatolička=0;Protestantska=0;Romska=0;Hrišćanska=0;Bošnjačka=0;Hrvat=0;Adventistička=0;Bosanac=0;Agnostik=2;Ateist=12;Ostali=5;Ne izjašnjava se=19;Nepoznato=276"
"BA","ba-municipality-2013-geoboundaries-adm3","municipality","ba-municipality-2013-geoboundaries-adm3:gracanica","gracanica","GRAČANICA",2013,45220,"BHAS 2013 Census, Book 2 (Ethnicity/nationality, Religion, Mother tongue), Table 5.1 'Stanovništvo prema vjeroispovijesti i spolu, po općinama/gradovima' (Population by religion and sex, by municipalities/cities), Ukupno/Total (both sexes, all ages). The denominator is the printed municipality total (the BHAS resident-population count).",44744,98.9474,216,0.4777,,,,204.0447,,,"ba-census-2013-book2-t5-1-religion-by-municipality|geoboundaries-bih-adm3-2013","census_declared_religion;all_persons_all_ages_universe;single_select_declared_religion;religious_affiliation_percent_is_summed_named_religion_share;no_religion_percent_is_agnostic_plus_atheist;non_response_undeclared_plus_unknown_in_denominator_neither_slot;shares_need_not_sum_to_100;single_wave_2013_only_1991_held_ethnicity_not_religion_and_no_licensed_prewar_boundary;bhas_official_state_publication_rs_institute_disputed_methodology;boundary_geoboundaries_adm3_public_domain_2013_frame_with_name_crosswalk;source_area_name=GRAČANICA;boundary_source_name=Gračanica;source_categories_verbatim=Islamska=44031;Pravoslavna=182;Katolička=74;Muslimanska=418;Rimokatolička=1;Srpska=0;Jehovini svjedoci=0;Grkokatolička=0;Protestantska=0;Romska=10;Hrišćanska=0;Bošnjačka=5;Hrvat=2;Adventistička=0;Bosanac=4;Agnostik=56;Ateist=160;Ostali=17;Ne izjašnjava se=185;Nepoznato=75"
"BA","ba-municipality-2013-geoboundaries-adm3","municipality","ba-municipality-2013-geoboundaries-adm3:gradacac","gradacac","GRADAČAC",2013,39340,"BHAS 2013 Census, Book 2 (Ethnicity/nationality, Religion, Mother tongue), Table 5.1 'Stanovništvo prema vjeroispovijesti i spolu, po općinama/gradovima' (Population by religion and sex, by municipalities/cities), Ukupno/Total (both sexes, all ages). The denominator is the printed municipality total (the BHAS resident-population count).",38860,98.7799,241,0.6126,,,,187.9675,,,"ba-census-2013-book2-t5-1-religion-by-municipality|geoboundaries-bih-adm3-2013","census_declared_religion;all_persons_all_ages_universe;single_select_declared_religion;religious_affiliation_percent_is_summed_named_religion_share;no_religion_percent_is_agnostic_plus_atheist;non_response_undeclared_plus_unknown_in_denominator_neither_slot;shares_need_not_sum_to_100;single_wave_2013_only_1991_held_ethnicity_not_religion_and_no_licensed_prewar_boundary;bhas_official_state_publication_rs_institute_disputed_methodology;boundary_geoboundaries_adm3_public_domain_2013_frame_with_name_crosswalk;source_area_name=GRADAČAC;boundary_source_name=Gradačac;source_categories_verbatim=Islamska=37393;Pravoslavna=365;Katolička=881;Muslimanska=180;Rimokatolička=28;Srpska=1;Jehovini svjedoci=2;Grkokatolička=0;Protestantska=0;Romska=1;Hrišćanska=0;Bošnjačka=1;Hrvat=1;Adventistička=0;Bosanac=4;Agnostik=63;Ateist=178;Ostali=3;Ne izjašnjava se=183;Nepoznato=56"
"BA","ba-municipality-2013-geoboundaries-adm3","municipality","ba-municipality-2013-geoboundaries-adm3:kalesija","kalesija","KALESIJA",2013,33053,"BHAS 2013 Census, Book 2 (Ethnicity/nationality, Religion, Mother tongue), Table 5.1 'Stanovništvo prema vjeroispovijesti i spolu, po općinama/gradovima' (Population by religion and sex, by municipalities/cities), Ukupno/Total (both sexes, all ages). The denominator is the printed municipality total (the BHAS resident-population count).",32959,99.7156,16,0.0484,,,,189.219,,,"ba-census-2013-book2-t5-1-religion-by-municipality|geoboundaries-bih-adm3-2013","census_declared_religion;all_persons_all_ages_universe;single_select_declared_religion;religious_affiliation_percent_is_summed_named_religion_share;no_religion_percent_is_agnostic_plus_atheist;non_response_undeclared_plus_unknown_in_denominator_neither_slot;shares_need_not_sum_to_100;single_wave_2013_only_1991_held_ethnicity_not_religion_and_no_licensed_prewar_boundary;bhas_official_state_publication_rs_institute_disputed_methodology;boundary_geoboundaries_adm3_public_domain_2013_frame_with_name_crosswalk;source_area_name=KALESIJA;boundary_source_name=Kalesija;source_categories_verbatim=Islamska=32506;Pravoslavna=266;Katolička=25;Muslimanska=153;Rimokatolička=0;Srpska=1;Jehovini svjedoci=1;Grkokatolička=0;Protestantska=0;Romska=3;Hrišćanska=1;Bošnjačka=2;Hrvat=0;Adventistička=0;Bosanac=0;Agnostik=3;Ateist=13;Ostali=1;Ne izjašnjava se=42;Nepoznato=36"
"BA","ba-municipality-2013-geoboundaries-adm3","municipality","ba-municipality-2013-geoboundaries-adm3:kladanj","kladanj","KLADANJ",2013,12348,"BHAS 2013 Census, Book 2 (Ethnicity/nationality, Religion, Mother tongue), Table 5.1 'Stanovništvo prema vjeroispovijesti i spolu, po općinama/gradovima' (Population by religion and sex, by municipalities/cities), Ukupno/Total (both sexes, all ages). The denominator is the printed municipality total (the BHAS resident-population count).",12247,99.1821,41,0.332,,,,307.0378,,,"ba-census-2013-book2-t5-1-religion-by-municipality|geoboundaries-bih-adm3-2013","census_declared_religion;all_persons_all_ages_universe;single_select_declared_religion;religious_affiliation_percent_is_summed_named_religion_share;no_religion_percent_is_agnostic_plus_atheist;non_response_undeclared_plus_unknown_in_denominator_neither_slot;shares_need_not_sum_to_100;single_wave_2013_only_1991_held_ethnicity_not_religion_and_no_licensed_prewar_boundary;bhas_official_state_publication_rs_institute_disputed_methodology;boundary_geoboundaries_adm3_public_domain_2013_frame_with_name_crosswalk;source_area_name=KLADANJ;boundary_source_name=Kladanj;source_categories_verbatim=Islamska=12069;Pravoslavna=99;Katolička=31;Muslimanska=34;Rimokatolička=0;Srpska=5;Jehovini svjedoci=0;Grkokatolička=0;Protestantska=0;Romska=3;Hrišćanska=0;Bošnjačka=4;Hrvat=0;Adventistička=0;Bosanac=0;Agnostik=17;Ateist=24;Ostali=2;Ne izjašnjava se=51;Nepoznato=9"
"BA","ba-municipality-2013-geoboundaries-adm3","municipality","ba-municipality-2013-geoboundaries-adm3:lukavac","lukavac","LUKAVAC",2013,44520,"BHAS 2013 Census, Book 2 (Ethnicity/nationality, Religion, Mother tongue), Table 5.1 'Stanovništvo prema vjeroispovijesti i spolu, po općinama/gradovima' (Population by religion and sex, by municipalities/cities), Ukupno/Total (both sexes, all ages). The denominator is the printed municipality total (the BHAS resident-population count).",43407,97.5,508,1.1411,,,,344.4021,,,"ba-census-2013-book2-t5-1-religion-by-municipality|geoboundaries-bih-adm3-2013","census_declared_religion;all_persons_all_ages_universe;single_select_declared_religion;religious_affiliation_percent_is_summed_named_religion_share;no_religion_percent_is_agnostic_plus_atheist;non_response_undeclared_plus_unknown_in_denominator_neither_slot;shares_need_not_sum_to_100;single_wave_2013_only_1991_held_ethnicity_not_religion_and_no_licensed_prewar_boundary;bhas_official_state_publication_rs_institute_disputed_methodology;boundary_geoboundaries_adm3_public_domain_2013_frame_with_name_crosswalk;source_area_name=LUKAVAC;boundary_source_name=Lukavac;source_categories_verbatim=Islamska=39214;Pravoslavna=1529;Katolička=1507;Muslimanska=1015;Rimokatolička=19;Srpska=10;Jehovini svjedoci=44;Grkokatolička=0;Protestantska=0;Romska=11;Hrišćanska=6;Bošnjačka=11;Hrvat=0;Adventistička=0;Bosanac=1;Agnostik=117;Ateist=391;Ostali=40;Ne izjašnjava se=521;Nepoznato=84"
"BA","ba-municipality-2013-geoboundaries-adm3","municipality","ba-municipality-2013-geoboundaries-adm3:sapna","sapna","SAPNA",2013,11178,"BHAS 2013 Census, Book 2 (Ethnicity/nationality, Religion, Mother tongue), Table 5.1 'Stanovništvo prema vjeroispovijesti i spolu, po općinama/gradovima' (Population by religion and sex, by municipalities/cities), Ukupno/Total (both sexes, all ages). The denominator is the printed municipality total (the BHAS resident-population count).",11160,99.839,0,0,,,,89.7375,,,"ba-census-2013-book2-t5-1-religion-by-municipality|geoboundaries-bih-adm3-2013","census_declared_religion;all_persons_all_ages_universe;single_select_declared_religion;religious_affiliation_percent_is_summed_named_religion_share;no_religion_percent_is_agnostic_plus_atheist;non_response_undeclared_plus_unknown_in_denominator_neither_slot;shares_need_not_sum_to_100;single_wave_2013_only_1991_held_ethnicity_not_religion_and_no_licensed_prewar_boundary;bhas_official_state_publication_rs_institute_disputed_methodology;boundary_geoboundaries_adm3_public_domain_2013_frame_with_name_crosswalk;source_area_name=SAPNA;boundary_source_name=Sapna;source_categories_verbatim=Islamska=10912;Pravoslavna=236;Katolička=9;Muslimanska=3;Rimokatolička=0;Srpska=0;Jehovini svjedoci=0;Grkokatolička=0;Protestantska=0;Romska=0;Hrišćanska=0;Bošnjačka=0;Hrvat=0;Adventistička=0;Bosanac=0;Agnostik=0;Ateist=0;Ostali=0;Ne izjašnjava se=8;Nepoznato=10"
"BA","ba-municipality-2013-geoboundaries-adm3","municipality","ba-municipality-2013-geoboundaries-adm3:srebrenik","srebrenik","SREBRENIK",2013,39678,"BHAS 2013 Census, Book 2 (Ethnicity/nationality, Religion, Mother tongue), Table 5.1 'Stanovništvo prema vjeroispovijesti i spolu, po općinama/gradovima' (Population by religion and sex, by municipalities/cities), Ukupno/Total (both sexes, all ages). The denominator is the printed municipality total (the BHAS resident-population count).",39320,99.0977,153,0.3856,,,,254.3964,,,"ba-census-2013-book2-t5-1-religion-by-municipality|geoboundaries-bih-adm3-2013","census_declared_religion;all_persons_all_ages_universe;single_select_declared_religion;religious_affiliation_percent_is_summed_named_religion_share;no_religion_percent_is_agnostic_plus_atheist;non_response_undeclared_plus_unknown_in_denominator_neither_slot;shares_need_not_sum_to_100;single_wave_2013_only_1991_held_ethnicity_not_religion_and_no_licensed_prewar_boundary;bhas_official_state_publication_rs_institute_disputed_methodology;boundary_geoboundaries_adm3_public_domain_2013_frame_with_name_crosswalk;source_area_name=SREBRENIK;boundary_source_name=Srebrenik;source_categories_verbatim=Islamska=36247;Pravoslavna=456;Katolička=1887;Muslimanska=567;Rimokatolička=86;Srpska=20;Jehovini svjedoci=3;Grkokatolička=0;Protestantska=0;Romska=0;Hrišćanska=2;Bošnjačka=16;Hrvat=4;Adventistička=0;Bosanac=1;Agnostik=40;Ateist=113;Ostali=31;Ne izjašnjava se=170;Nepoznato=35"
"BA","ba-municipality-2013-geoboundaries-adm3","municipality","ba-municipality-2013-geoboundaries-adm3:teocak","teocak","TEOČAK",2013,7424,"BHAS 2013 Census, Book 2 (Ethnicity/nationality, Religion, Mother tongue), Table 5.1 'Stanovništvo prema vjeroispovijesti i spolu, po općinama/gradovima' (Population by religion and sex, by municipalities/cities), Ukupno/Total (both sexes, all ages). The denominator is the printed municipality total (the BHAS resident-population count).",7413,99.8518,7,0.0943,,,,32.1895,,,"ba-census-2013-book2-t5-1-religion-by-municipality|geoboundaries-bih-adm3-2013","census_declared_religion;all_persons_all_ages_universe;single_select_declared_religion;religious_affiliation_percent_is_summed_named_religion_share;no_religion_percent_is_agnostic_plus_atheist;non_response_undeclared_plus_unknown_in_denominator_neither_slot;shares_need_not_sum_to_100;single_wave_2013_only_1991_held_ethnicity_not_religion_and_no_licensed_prewar_boundary;bhas_official_state_publication_rs_institute_disputed_methodology;boundary_geoboundaries_adm3_public_domain_2013_frame_with_name_crosswalk;source_area_name=TEOČAK;boundary_source_name=Teočak;source_categories_verbatim=Islamska=7399;Pravoslavna=8;Katolička=6;Muslimanska=0;Rimokatolička=0;Srpska=0;Jehovini svjedoci=0;Grkokatolička=0;Protestantska=0;Romska=0;Hrišćanska=0;Bošnjačka=0;Hrvat=0;Adventistička=0;Bosanac=0;Agnostik=0;Ateist=7;Ostali=0;Ne izjašnjava se=1;Nepoznato=3"
"BA","ba-municipality-2013-geoboundaries-adm3","municipality","ba-municipality-2013-geoboundaries-adm3:tuzla","tuzla","TUZLA",2013,110979,"BHAS 2013 Census, Book 2 (Ethnicity/nationality, Religion, Mother tongue), Table 5.1 'Stanovništvo prema vjeroispovijesti i spolu, po općinama/gradovima' (Population by religion and sex, by municipalities/cities), Ukupno/Total (both sexes, all ages). The denominator is the printed municipality total (the BHAS resident-population count).",103278,93.0608,4234,3.8151,,,,286.6311,,,"ba-census-2013-book2-t5-1-religion-by-municipality|geoboundaries-bih-adm3-2013","census_declared_religion;all_persons_all_ages_universe;single_select_declared_religion;religious_affiliation_percent_is_summed_named_religion_share;no_religion_percent_is_agnostic_plus_atheist;non_response_undeclared_plus_unknown_in_denominator_neither_slot;shares_need_not_sum_to_100;single_wave_2013_only_1991_held_ethnicity_not_religion_and_no_licensed_prewar_boundary;bhas_official_state_publication_rs_institute_disputed_methodology;boundary_geoboundaries_adm3_public_domain_2013_frame_with_name_crosswalk;source_area_name=TUZLA;boundary_source_name=Tuzla;source_categories_verbatim=Islamska=81053;Pravoslavna=3557;Katolička=14769;Muslimanska=2509;Rimokatolička=548;Srpska=27;Jehovini svjedoci=244;Grkokatolička=0;Protestantska=51;Romska=120;Hrišćanska=26;Bošnjačka=40;Hrvat=59;Adventistička=4;Bosanac=30;Agnostik=1214;Ateist=3020;Ostali=241;Ne izjašnjava se=3303;Nepoznato=164"
"BA","ba-municipality-2013-geoboundaries-adm3","municipality","ba-municipality-2013-geoboundaries-adm3:zivinice","zivinice","ŽIVINICE",2013,57765,"BHAS 2013 Census, Book 2 (Ethnicity/nationality, Religion, Mother tongue), Table 5.1 'Stanovništvo prema vjeroispovijesti i spolu, po općinama/gradovima' (Population by religion and sex, by municipalities/cities), Ukupno/Total (both sexes, all ages). The denominator is the printed municipality total (the BHAS resident-population count).",57283,99.1656,186,0.322,,,,287.6494,,,"ba-census-2013-book2-t5-1-religion-by-municipality|geoboundaries-bih-adm3-2013","census_declared_religion;all_persons_all_ages_universe;single_select_declared_religion;religious_affiliation_percent_is_summed_named_religion_share;no_religion_percent_is_agnostic_plus_atheist;non_response_undeclared_plus_unknown_in_denominator_neither_slot;shares_need_not_sum_to_100;single_wave_2013_only_1991_held_ethnicity_not_religion_and_no_licensed_prewar_boundary;bhas_official_state_publication_rs_institute_disputed_methodology;boundary_geoboundaries_adm3_public_domain_2013_frame_with_name_crosswalk;source_area_name=ŽIVINICE;boundary_source_name=Živinice;source_categories_verbatim=Islamska=54089;Pravoslavna=256;Katolička=2459;Muslimanska=354;Rimokatolička=66;Srpska=4;Jehovini svjedoci=4;Grkokatolička=0;Protestantska=0;Romska=15;Hrišćanska=0;Bošnjačka=8;Hrvat=8;Adventistička=0;Bosanac=3;Agnostik=54;Ateist=132;Ostali=17;Ne izjašnjava se=252;Nepoznato=44"
"BA","ba-municipality-2013-geoboundaries-adm3","municipality","ba-municipality-2013-geoboundaries-adm3:breza","breza","BREZA",2013,14168,"BHAS 2013 Census, Book 2 (Ethnicity/nationality, Religion, Mother tongue), Table 5.1 'Stanovništvo prema vjeroispovijesti i spolu, po općinama/gradovima' (Population by religion and sex, by municipalities/cities), Ukupno/Total (both sexes, all ages). The denominator is the printed municipality total (the BHAS resident-population count).",13950,98.4613,66,0.4658,,,,79.5175,,,"ba-census-2013-book2-t5-1-religion-by-municipality|geoboundaries-bih-adm3-2013","census_declared_religion;all_persons_all_ages_universe;single_select_declared_religion;religious_affiliation_percent_is_summed_named_religion_share;no_religion_percent_is_agnostic_plus_atheist;non_response_undeclared_plus_unknown_in_denominator_neither_slot;shares_need_not_sum_to_100;single_wave_2013_only_1991_held_ethnicity_not_religion_and_no_licensed_prewar_boundary;bhas_official_state_publication_rs_institute_disputed_methodology;boundary_geoboundaries_adm3_public_domain_2013_frame_with_name_crosswalk;source_area_name=BREZA;boundary_source_name=Breza;source_categories_verbatim=Islamska=13249;Pravoslavna=139;Katolička=316;Muslimanska=212;Rimokatolička=8;Srpska=0;Jehovini svjedoci=4;Grkokatolička=0;Protestantska=7;Romska=0;Hrišćanska=0;Bošnjačka=1;Hrvat=0;Adventistička=0;Bosanac=6;Agnostik=24;Ateist=42;Ostali=8;Ne izjašnjava se=138;Nepoznato=14"
"BA","ba-municipality-2013-geoboundaries-adm3","municipality","ba-municipality-2013-geoboundaries-adm3:doboj_jug","doboj_jug","DOBOJ-JUG",2013,4137,"BHAS 2013 Census, Book 2 (Ethnicity/nationality, Religion, Mother tongue), Table 5.1 'Stanovništvo prema vjeroispovijesti i spolu, po općinama/gradovima' (Population by religion and sex, by municipalities/cities), Ukupno/Total (both sexes, all ages). The denominator is the printed municipality total (the BHAS resident-population count).",4109,99.3232,9,0.2175,,,,11.292,,,"ba-census-2013-book2-t5-1-religion-by-municipality|geoboundaries-bih-adm3-2013","census_declared_religion;all_persons_all_ages_universe;single_select_declared_religion;religious_affiliation_percent_is_summed_named_religion_share;no_religion_percent_is_agnostic_plus_atheist;non_response_undeclared_plus_unknown_in_denominator_neither_slot;shares_need_not_sum_to_100;single_wave_2013_only_1991_held_ethnicity_not_religion_and_no_licensed_prewar_boundary;bhas_official_state_publication_rs_institute_disputed_methodology;boundary_geoboundaries_adm3_public_domain_2013_frame_with_name_crosswalk;source_area_name=DOBOJ-JUG;boundary_source_name=Doboj Jug;source_categories_verbatim=Islamska=4056;Pravoslavna=10;Katolička=24;Muslimanska=13;Rimokatolička=0;Srpska=0;Jehovini svjedoci=0;Grkokatolička=0;Protestantska=1;Romska=0;Hrišćanska=0;Bošnjačka=0;Hrvat=0;Adventistička=0;Bosanac=1;Agnostik=4;Ateist=5;Ostali=4;Ne izjašnjava se=15;Nepoznato=4"
"BA","ba-municipality-2013-geoboundaries-adm3","municipality","ba-municipality-2013-geoboundaries-adm3:kakanj","kakanj","KAKANJ",2013,37441,"BHAS 2013 Census, Book 2 (Ethnicity/nationality, Religion, Mother tongue), Table 5.1 'Stanovništvo prema vjeroispovijesti i spolu, po općinama/gradovima' (Population by religion and sex, by municipalities/cities), Ukupno/Total (both sexes, all ages). The denominator is the printed municipality total (the BHAS resident-population count).",36947,98.6806,207,0.5529,,,,383.4015,,,"ba-census-2013-book2-t5-1-religion-by-municipality|geoboundaries-bih-adm3-2013","census_declared_religion;all_persons_all_ages_universe;single_select_declared_religion;religious_affiliation_percent_is_summed_named_religion_share;no_religion_percent_is_agnostic_plus_atheist;non_response_undeclared_plus_unknown_in_denominator_neither_slot;shares_need_not_sum_to_100;single_wave_2013_only_1991_held_ethnicity_not_religion_and_no_licensed_prewar_boundary;bhas_official_state_publication_rs_institute_disputed_methodology;boundary_geoboundaries_adm3_public_domain_2013_frame_with_name_crosswalk;source_area_name=KAKANJ;boundary_source_name=Kakanj;source_categories_verbatim=Islamska=32862;Pravoslavna=293;Katolička=2805;Muslimanska=673;Rimokatolička=219;Srpska=2;Jehovini svjedoci=2;Grkokatolička=0;Protestantska=10;Romska=18;Hrišćanska=3;Bošnjačka=10;Hrvat=11;Adventistička=0;Bosanac=7;Agnostik=67;Ateist=140;Ostali=32;Ne izjašnjava se=267;Nepoznato=20"
"BA","ba-municipality-2013-geoboundaries-adm3","municipality","ba-municipality-2013-geoboundaries-adm3:maglaj","maglaj","MAGLAJ",2013,23146,"BHAS 2013 Census, Book 2 (Ethnicity/nationality, Religion, Mother tongue), Table 5.1 'Stanovništvo prema vjeroispovijesti i spolu, po općinama/gradovima' (Population by religion and sex, by municipalities/cities), Ukupno/Total (both sexes, all ages). The denominator is the printed municipality total (the BHAS resident-population count).",22847,98.7082,165,0.7129,,,,303.8696,,,"ba-census-2013-book2-t5-1-religion-by-municipality|geoboundaries-bih-adm3-2013","census_declared_religion;all_persons_all_ages_universe;single_select_declared_religion;religious_affiliation_percent_is_summed_named_religion_share;no_religion_percent_is_agnostic_plus_atheist;non_response_undeclared_plus_unknown_in_denominator_neither_slot;shares_need_not_sum_to_100;single_wave_2013_only_1991_held_ethnicity_not_religion_and_no_licensed_prewar_boundary;bhas_official_state_publication_rs_institute_disputed_methodology;boundary_geoboundaries_adm3_public_domain_2013_frame_with_name_crosswalk;source_area_name=MAGLAJ;boundary_source_name=Maglaj;source_categories_verbatim=Islamska=19912;Pravoslavna=808;Katolička=2033;Muslimanska=58;Rimokatolička=9;Srpska=8;Jehovini svjedoci=2;Grkokatolička=2;Protestantska=1;Romska=0;Hrišćanska=2;Bošnjačka=0;Hrvat=0;Adventistička=0;Bosanac=3;Agnostik=56;Ateist=109;Ostali=9;Ne izjašnjava se=120;Nepoznato=14"
"BA","ba-municipality-2013-geoboundaries-adm3","municipality","ba-municipality-2013-geoboundaries-adm3:olovo","olovo","OLOVO",2013,10175,"BHAS 2013 Census, Book 2 (Ethnicity/nationality, Religion, Mother tongue), Table 5.1 'Stanovništvo prema vjeroispovijesti i spolu, po općinama/gradovima' (Population by religion and sex, by municipalities/cities), Ukupno/Total (both sexes, all ages). The denominator is the printed municipality total (the BHAS resident-population count).",10130,99.5577,11,0.1081,,,,397.4691,,,"ba-census-2013-book2-t5-1-religion-by-municipality|geoboundaries-bih-adm3-2013","census_declared_religion;all_persons_all_ages_universe;single_select_declared_religion;religious_affiliation_percent_is_summed_named_religion_share;no_religion_percent_is_agnostic_plus_atheist;non_response_undeclared_plus_unknown_in_denominator_neither_slot;shares_need_not_sum_to_100;single_wave_2013_only_1991_held_ethnicity_not_religion_and_no_licensed_prewar_boundary;bhas_official_state_publication_rs_institute_disputed_methodology;boundary_geoboundaries_adm3_public_domain_2013_frame_with_name_crosswalk;source_area_name=OLOVO;boundary_source_name=Olovo;source_categories_verbatim=Islamska=9768;Pravoslavna=78;Katolička=233;Muslimanska=46;Rimokatolička=0;Srpska=0;Jehovini svjedoci=1;Grkokatolička=0;Protestantska=0;Romska=0;Hrišćanska=0;Bošnjačka=0;Hrvat=0;Adventistička=0;Bosanac=0;Agnostik=2;Ateist=9;Ostali=4;Ne izjašnjava se=25;Nepoznato=9"
"BA","ba-municipality-2013-geoboundaries-adm3","municipality","ba-municipality-2013-geoboundaries-adm3:tesanj","tesanj","TEŠANJ",2013,43063,"BHAS 2013 Census, Book 2 (Ethnicity/nationality, Religion, Mother tongue), Table 5.1 'Stanovništvo prema vjeroispovijesti i spolu, po općinama/gradovima' (Population by religion and sex, by municipalities/cities), Ukupno/Total (both sexes, all ages). The denominator is the printed municipality total (the BHAS resident-population count).",42729,99.2244,143,0.3321,,,,129.1423,,,"ba-census-2013-book2-t5-1-religion-by-municipality|geoboundaries-bih-adm3-2013","census_declared_religion;all_persons_all_ages_universe;single_select_declared_religion;religious_affiliation_percent_is_summed_named_religion_share;no_religion_percent_is_agnostic_plus_atheist;non_response_undeclared_plus_unknown_in_denominator_neither_slot;shares_need_not_sum_to_100;single_wave_2013_only_1991_held_ethnicity_not_religion_and_no_licensed_prewar_boundary;bhas_official_state_publication_rs_institute_disputed_methodology;boundary_geoboundaries_adm3_public_domain_2013_frame_with_name_crosswalk;source_area_name=TEŠANJ;boundary_source_name=Tešanj;source_categories_verbatim=Islamska=40795;Pravoslavna=243;Katolička=1439;Muslimanska=217;Rimokatolička=24;Srpska=1;Jehovini svjedoci=1;Grkokatolička=0;Protestantska=0;Romska=0;Hrišćanska=0;Bošnjačka=0;Hrvat=0;Adventistička=0;Bosanac=2;Agnostik=47;Ateist=96;Ostali=7;Ne izjašnjava se=156;Nepoznato=35"
"BA","ba-municipality-2013-geoboundaries-adm3","municipality","ba-municipality-2013-geoboundaries-adm3:usora","usora","USORA",2013,6603,"BHAS 2013 Census, Book 2 (Ethnicity/nationality, Religion, Mother tongue), Table 5.1 'Stanovništvo prema vjeroispovijesti i spolu, po općinama/gradovima' (Population by religion and sex, by municipalities/cities), Ukupno/Total (both sexes, all ages). The denominator is the printed municipality total (the BHAS resident-population count).",6573,99.5457,5,0.0757,,,,62.0301,,,"ba-census-2013-book2-t5-1-religion-by-municipality|geoboundaries-bih-adm3-2013","census_declared_religion;all_persons_all_ages_universe;single_select_declared_religion;religious_affiliation_percent_is_summed_named_religion_share;no_religion_percent_is_agnostic_plus_atheist;non_response_undeclared_plus_unknown_in_denominator_neither_slot;shares_need_not_sum_to_100;single_wave_2013_only_1991_held_ethnicity_not_religion_and_no_licensed_prewar_boundary;bhas_official_state_publication_rs_institute_disputed_methodology;boundary_geoboundaries_adm3_public_domain_2013_frame_with_name_crosswalk;source_area_name=USORA;boundary_source_name=Usora;source_categories_verbatim=Islamska=395;Pravoslavna=65;Katolička=5952;Muslimanska=1;Rimokatolička=152;Srpska=0;Jehovini svjedoci=2;Grkokatolička=0;Protestantska=0;Romska=0;Hrišćanska=6;Bošnjačka=0;Hrvat=0;Adventistička=0;Bosanac=0;Agnostik=4;Ateist=1;Ostali=0;Ne izjašnjava se=17;Nepoznato=8"
"BA","ba-municipality-2013-geoboundaries-adm3","municipality","ba-municipality-2013-geoboundaries-adm3:vares","vares","VAREŠ",2013,8892,"BHAS 2013 Census, Book 2 (Ethnicity/nationality, Religion, Mother tongue), Table 5.1 'Stanovništvo prema vjeroispovijesti i spolu, po općinama/gradovima' (Population by religion and sex, by municipalities/cities), Ukupno/Total (both sexes, all ages). The denominator is the printed municipality total (the BHAS resident-population count).",8641,97.1772,121,1.3608,,,,377.8095,,,"ba-census-2013-book2-t5-1-religion-by-municipality|geoboundaries-bih-adm3-2013","census_declared_religion;all_persons_all_ages_universe;single_select_declared_religion;religious_affiliation_percent_is_summed_named_religion_share;no_religion_percent_is_agnostic_plus_atheist;non_response_undeclared_plus_unknown_in_denominator_neither_slot;shares_need_not_sum_to_100;single_wave_2013_only_1991_held_ethnicity_not_religion_and_no_licensed_prewar_boundary;bhas_official_state_publication_rs_institute_disputed_methodology;boundary_geoboundaries_adm3_public_domain_2013_frame_with_name_crosswalk;source_area_name=VAREŠ;boundary_source_name=Vareš;source_categories_verbatim=Islamska=5508;Pravoslavna=194;Katolička=2754;Muslimanska=73;Rimokatolička=85;Srpska=0;Jehovini svjedoci=1;Grkokatolička=0;Protestantska=2;Romska=0;Hrišćanska=4;Bošnjačka=0;Hrvat=3;Adventistička=0;Bosanac=2;Agnostik=40;Ateist=81;Ostali=15;Ne izjašnjava se=127;Nepoznato=3"
"BA","ba-municipality-2013-geoboundaries-adm3","municipality","ba-municipality-2013-geoboundaries-adm3:visoko","visoko","VISOKO",2013,39938,"BHAS 2013 Census, Book 2 (Ethnicity/nationality, Religion, Mother tongue), Table 5.1 'Stanovništvo prema vjeroispovijesti i spolu, po općinama/gradovima' (Population by religion and sex, by municipalities/cities), Ukupno/Total (both sexes, all ages). The denominator is the printed municipality total (the BHAS resident-population count).",39389,98.6254,221,0.5534,,,,241.6057,,,"ba-census-2013-book2-t5-1-religion-by-municipality|geoboundaries-bih-adm3-2013","census_declared_religion;all_persons_all_ages_universe;single_select_declared_religion;religious_affiliation_percent_is_summed_named_religion_share;no_religion_percent_is_agnostic_plus_atheist;non_response_undeclared_plus_unknown_in_denominator_neither_slot;shares_need_not_sum_to_100;single_wave_2013_only_1991_held_ethnicity_not_religion_and_no_licensed_prewar_boundary;bhas_official_state_publication_rs_institute_disputed_methodology;boundary_geoboundaries_adm3_public_domain_2013_frame_with_name_crosswalk;source_area_name=VISOKO;boundary_source_name=Visoko;source_categories_verbatim=Islamska=38313;Pravoslavna=325;Katolička=579;Muslimanska=127;Rimokatolička=2;Srpska=0;Jehovini svjedoci=1;Grkokatolička=0;Protestantska=4;Romska=24;Hrišćanska=0;Bošnjačka=1;Hrvat=3;Adventistička=0;Bosanac=2;Agnostik=69;Ateist=152;Ostali=8;Ne izjašnjava se=297;Nepoznato=31"
"BA","ba-municipality-2013-geoboundaries-adm3","municipality","ba-municipality-2013-geoboundaries-adm3:zavidovici","zavidovici","ZAVIDOVIĆI",2013,35988,"BHAS 2013 Census, Book 2 (Ethnicity/nationality, Religion, Mother tongue), Table 5.1 'Stanovništvo prema vjeroispovijesti i spolu, po općinama/gradovima' (Population by religion and sex, by municipalities/cities), Ukupno/Total (both sexes, all ages). The denominator is the printed municipality total (the BHAS resident-population count).",35509,98.669,252,0.7002,,,,597.2956,,,"ba-census-2013-book2-t5-1-religion-by-municipality|geoboundaries-bih-adm3-2013","census_declared_religion;all_persons_all_ages_universe;single_select_declared_religion;religious_affiliation_percent_is_summed_named_religion_share;no_religion_percent_is_agnostic_plus_atheist;non_response_undeclared_plus_unknown_in_denominator_neither_slot;shares_need_not_sum_to_100;single_wave_2013_only_1991_held_ethnicity_not_religion_and_no_licensed_prewar_boundary;bhas_official_state_publication_rs_institute_disputed_methodology;boundary_geoboundaries_adm3_public_domain_2013_frame_with_name_crosswalk;source_area_name=ZAVIDOVIĆI;boundary_source_name=Zavidovići;source_categories_verbatim=Islamska=33292;Pravoslavna=591;Katolička=1154;Muslimanska=371;Rimokatolička=66;Srpska=0;Jehovini svjedoci=7;Grkokatolička=0;Protestantska=0;Romska=6;Hrišćanska=0;Bošnjačka=6;Hrvat=0;Adventistička=0;Bosanac=3;Agnostik=68;Ateist=184;Ostali=13;Ne izjašnjava se=196;Nepoznato=31"
"BA","ba-municipality-2013-geoboundaries-adm3","municipality","ba-municipality-2013-geoboundaries-adm3:zenica","zenica","ZENICA",2013,110663,"BHAS 2013 Census, Book 2 (Ethnicity/nationality, Religion, Mother tongue), Table 5.1 'Stanovništvo prema vjeroispovijesti i spolu, po općinama/gradovima' (Population by religion and sex, by municipalities/cities), Ukupno/Total (both sexes, all ages). The denominator is the printed municipality total (the BHAS resident-population count).",106402,96.1496,2256,2.0386,,,,571.204,,,"ba-census-2013-book2-t5-1-religion-by-municipality|geoboundaries-bih-adm3-2013","census_declared_religion;all_persons_all_ages_universe;single_select_declared_religion;religious_affiliation_percent_is_summed_named_religion_share;no_religion_percent_is_agnostic_plus_atheist;non_response_undeclared_plus_unknown_in_denominator_neither_slot;shares_need_not_sum_to_100;single_wave_2013_only_1991_held_ethnicity_not_religion_and_no_licensed_prewar_boundary;bhas_official_state_publication_rs_institute_disputed_methodology;boundary_geoboundaries_adm3_public_domain_2013_frame_with_name_crosswalk;source_area_name=ZENICA;boundary_source_name=Zenica;source_categories_verbatim=Islamska=94117;Pravoslavna=2575;Katolička=8079;Muslimanska=1120;Rimokatolička=224;Srpska=7;Jehovini svjedoci=44;Grkokatolička=3;Protestantska=48;Romska=26;Hrišćanska=17;Bošnjačka=10;Hrvat=5;Adventistička=2;Bosanac=6;Agnostik=645;Ateist=1611;Ostali=119;Ne izjašnjava se=1857;Nepoznato=148"
"BA","ba-municipality-2013-geoboundaries-adm3","municipality","ba-municipality-2013-geoboundaries-adm3:zepce","zepce","ŽEPČE",2013,30219,"BHAS 2013 Census, Book 2 (Ethnicity/nationality, Religion, Mother tongue), Table 5.1 'Stanovništvo prema vjeroispovijesti i spolu, po općinama/gradovima' (Population by religion and sex, by municipalities/cities), Ukupno/Total (both sexes, all ages). The denominator is the printed municipality total (the BHAS resident-population count).",30083,99.55,60,0.1986,,,,194.4419,,,"ba-census-2013-book2-t5-1-religion-by-municipality|geoboundaries-bih-adm3-2013","census_declared_religion;all_persons_all_ages_universe;single_select_declared_religion;religious_affiliation_percent_is_summed_named_religion_share;no_religion_percent_is_agnostic_plus_atheist;non_response_undeclared_plus_unknown_in_denominator_neither_slot;shares_need_not_sum_to_100;single_wave_2013_only_1991_held_ethnicity_not_religion_and_no_licensed_prewar_boundary;bhas_official_state_publication_rs_institute_disputed_methodology;boundary_geoboundaries_adm3_public_domain_2013_frame_with_name_crosswalk;source_area_name=ŽEPČE;boundary_source_name=Žepče;source_categories_verbatim=Islamska=11727;Pravoslavna=506;Katolička=17597;Muslimanska=45;Rimokatolička=198;Srpska=1;Jehovini svjedoci=0;Grkokatolička=3;Protestantska=0;Romska=0;Hrišćanska=1;Bošnjačka=0;Hrvat=0;Adventistička=0;Bosanac=0;Agnostik=22;Ateist=38;Ostali=5;Ne izjašnjava se=54;Nepoznato=22"
"BA","ba-municipality-2013-geoboundaries-adm3","municipality","ba-municipality-2013-geoboundaries-adm3:foca_fbih","foca_fbih","FOČA - FBiH",2013,1933,"BHAS 2013 Census, Book 2 (Ethnicity/nationality, Religion, Mother tongue), Table 5.1 'Stanovništvo prema vjeroispovijesti i spolu, po općinama/gradovima' (Population by religion and sex, by municipalities/cities), Ukupno/Total (both sexes, all ages). The denominator is the printed municipality total (the BHAS resident-population count).",1926,99.6379,2,0.1035,,,,160.1648,,,"ba-census-2013-book2-t5-1-religion-by-municipality|geoboundaries-bih-adm3-2013","census_declared_religion;all_persons_all_ages_universe;single_select_declared_religion;religious_affiliation_percent_is_summed_named_religion_share;no_religion_percent_is_agnostic_plus_atheist;non_response_undeclared_plus_unknown_in_denominator_neither_slot;shares_need_not_sum_to_100;single_wave_2013_only_1991_held_ethnicity_not_religion_and_no_licensed_prewar_boundary;bhas_official_state_publication_rs_institute_disputed_methodology;boundary_geoboundaries_adm3_public_domain_2013_frame_with_name_crosswalk;source_area_name=FOČA - FBiH;boundary_source_name=Foča-Ustikolina;source_categories_verbatim=Islamska=1765;Pravoslavna=137;Katolička=2;Muslimanska=12;Rimokatolička=0;Srpska=10;Jehovini svjedoci=0;Grkokatolička=0;Protestantska=0;Romska=0;Hrišćanska=0;Bošnjačka=0;Hrvat=0;Adventistička=0;Bosanac=0;Agnostik=0;Ateist=2;Ostali=0;Ne izjašnjava se=5;Nepoznato=0"
"BA","ba-municipality-2013-geoboundaries-adm3","municipality","ba-municipality-2013-geoboundaries-adm3:gorazde","gorazde","GORAŽDE",2013,20897,"BHAS 2013 Census, Book 2 (Ethnicity/nationality, Religion, Mother tongue), Table 5.1 'Stanovništvo prema vjeroispovijesti i spolu, po općinama/gradovima' (Population by religion and sex, by municipalities/cities), Ukupno/Total (both sexes, all ages). The denominator is the printed municipality total (the BHAS resident-population count).",20733,99.2152,84,0.402,,,,209.8777,,,"ba-census-2013-book2-t5-1-religion-by-municipality|geoboundaries-bih-adm3-2013","census_declared_religion;all_persons_all_ages_universe;single_select_declared_religion;religious_affiliation_percent_is_summed_named_religion_share;no_religion_percent_is_agnostic_plus_atheist;non_response_undeclared_plus_unknown_in_denominator_neither_slot;shares_need_not_sum_to_100;single_wave_2013_only_1991_held_ethnicity_not_religion_and_no_licensed_prewar_boundary;bhas_official_state_publication_rs_institute_disputed_methodology;boundary_geoboundaries_adm3_public_domain_2013_frame_with_name_crosswalk;source_area_name=GORAŽDE;boundary_source_name=Goražde;source_categories_verbatim=Islamska=19738;Pravoslavna=718;Katolička=33;Muslimanska=205;Rimokatolička=2;Srpska=7;Jehovini svjedoci=4;Grkokatolička=0;Protestantska=14;Romska=0;Hrišćanska=0;Bošnjačka=3;Hrvat=0;Adventistička=0;Bosanac=2;Agnostik=18;Ateist=66;Ostali=7;Ne izjašnjava se=70;Nepoznato=10"
"BA","ba-municipality-2013-geoboundaries-adm3","municipality","ba-municipality-2013-geoboundaries-adm3:pale_fbih","pale_fbih","PALE - FBiH",2013,904,"BHAS 2013 Census, Book 2 (Ethnicity/nationality, Religion, Mother tongue), Table 5.1 'Stanovništvo prema vjeroispovijesti i spolu, po općinama/gradovima' (Population by religion and sex, by municipalities/cities), Ukupno/Total (both sexes, all ages). The denominator is the printed municipality total (the BHAS resident-population count).",903,99.8894,1,0.1106,,,,84.3827,,,"ba-census-2013-book2-t5-1-religion-by-municipality|geoboundaries-bih-adm3-2013","census_declared_religion;all_persons_all_ages_universe;single_select_declared_religion;religious_affiliation_percent_is_summed_named_religion_share;no_religion_percent_is_agnostic_plus_atheist;non_response_undeclared_plus_unknown_in_denominator_neither_slot;shares_need_not_sum_to_100;single_wave_2013_only_1991_held_ethnicity_not_religion_and_no_licensed_prewar_boundary;bhas_official_state_publication_rs_institute_disputed_methodology;boundary_geoboundaries_adm3_public_domain_2013_frame_with_name_crosswalk;source_area_name=PALE - FBiH;boundary_source_name=Pale-Prača;source_categories_verbatim=Islamska=869;Pravoslavna=33;Katolička=1;Muslimanska=0;Rimokatolička=0;Srpska=0;Jehovini svjedoci=0;Grkokatolička=0;Protestantska=0;Romska=0;Hrišćanska=0;Bošnjačka=0;Hrvat=0;Adventistička=0;Bosanac=0;Agnostik=0;Ateist=1;Ostali=0;Ne izjašnjava se=0;Nepoznato=0"
"BA","ba-municipality-2013-geoboundaries-adm3","municipality","ba-municipality-2013-geoboundaries-adm3:bugojno","bugojno","BUGOJNO",2013,31470,"BHAS 2013 Census, Book 2 (Ethnicity/nationality, Religion, Mother tongue), Table 5.1 'Stanovništvo prema vjeroispovijesti i spolu, po općinama/gradovima' (Population by religion and sex, by municipalities/cities), Ukupno/Total (both sexes, all ages). The denominator is the printed municipality total (the BHAS resident-population count).",31149,98.98,147,0.4671,,,,380.9057,,,"ba-census-2013-book2-t5-1-religion-by-municipality|geoboundaries-bih-adm3-2013","census_declared_religion;all_persons_all_ages_universe;single_select_declared_religion;religious_affiliation_percent_is_summed_named_religion_share;no_religion_percent_is_agnostic_plus_atheist;non_response_undeclared_plus_unknown_in_denominator_neither_slot;shares_need_not_sum_to_100;single_wave_2013_only_1991_held_ethnicity_not_religion_and_no_licensed_prewar_boundary;bhas_official_state_publication_rs_institute_disputed_methodology;boundary_geoboundaries_adm3_public_domain_2013_frame_with_name_crosswalk;source_area_name=BUGOJNO;boundary_source_name=Bugojno;source_categories_verbatim=Islamska=24713;Pravoslavna=374;Katolička=5655;Muslimanska=264;Rimokatolička=103;Srpska=2;Jehovini svjedoci=3;Grkokatolička=0;Protestantska=6;Romska=2;Hrišćanska=0;Bošnjačka=2;Hrvat=6;Adventistička=0;Bosanac=2;Agnostik=49;Ateist=98;Ostali=17;Ne izjašnjava se=142;Nepoznato=32"
"BA","ba-municipality-2013-geoboundaries-adm3","municipality","ba-municipality-2013-geoboundaries-adm3:busovaca","busovaca","BUSOVAČA",2013,17910,"BHAS 2013 Census, Book 2 (Ethnicity/nationality, Religion, Mother tongue), Table 5.1 'Stanovništvo prema vjeroispovijesti i spolu, po općinama/gradovima' (Population by religion and sex, by municipalities/cities), Ukupno/Total (both sexes, all ages). The denominator is the printed municipality total (the BHAS resident-population count).",17800,99.3858,48,0.268,,,,153.8856,,,"ba-census-2013-book2-t5-1-religion-by-municipality|geoboundaries-bih-adm3-2013","census_declared_religion;all_persons_all_ages_universe;single_select_declared_religion;religious_affiliation_percent_is_summed_named_religion_share;no_religion_percent_is_agnostic_plus_atheist;non_response_undeclared_plus_unknown_in_denominator_neither_slot;shares_need_not_sum_to_100;single_wave_2013_only_1991_held_ethnicity_not_religion_and_no_licensed_prewar_boundary;bhas_official_state_publication_rs_institute_disputed_methodology;boundary_geoboundaries_adm3_public_domain_2013_frame_with_name_crosswalk;source_area_name=BUSOVAČA;boundary_source_name=Busovača;source_categories_verbatim=Islamska=8648;Pravoslavna=194;Katolička=8778;Muslimanska=81;Rimokatolička=93;Srpska=0;Jehovini svjedoci=0;Grkokatolička=0;Protestantska=0;Romska=0;Hrišćanska=0;Bošnjačka=0;Hrvat=1;Adventistička=0;Bosanac=0;Agnostik=21;Ateist=27;Ostali=5;Ne izjašnjava se=45;Nepoznato=17"
"BA","ba-municipality-2013-geoboundaries-adm3","municipality","ba-municipality-2013-geoboundaries-adm3:dobretici","dobretici","DOBRETIĆI",2013,1629,"BHAS 2013 Census, Book 2 (Ethnicity/nationality, Religion, Mother tongue), Table 5.1 'Stanovništvo prema vjeroispovijesti i spolu, po općinama/gradovima' (Population by religion and sex, by municipalities/cities), Ukupno/Total (both sexes, all ages). The denominator is the printed municipality total (the BHAS resident-population count).",1628,99.9386,0,0,,,,70.4917,,,"ba-census-2013-book2-t5-1-religion-by-municipality|geoboundaries-bih-adm3-2013","census_declared_religion;all_persons_all_ages_universe;single_select_declared_religion;religious_affiliation_percent_is_summed_named_religion_share;no_religion_percent_is_agnostic_plus_atheist;non_response_undeclared_plus_unknown_in_denominator_neither_slot;shares_need_not_sum_to_100;single_wave_2013_only_1991_held_ethnicity_not_religion_and_no_licensed_prewar_boundary;bhas_official_state_publication_rs_institute_disputed_methodology;boundary_geoboundaries_adm3_public_domain_2013_frame_with_name_crosswalk;source_area_name=DOBRETIĆI;boundary_source_name=Dobretići;source_categories_verbatim=Islamska=0;Pravoslavna=1;Katolička=1605;Muslimanska=0;Rimokatolička=21;Srpska=0;Jehovini svjedoci=0;Grkokatolička=0;Protestantska=0;Romska=0;Hrišćanska=1;Bošnjačka=0;Hrvat=0;Adventistička=0;Bosanac=0;Agnostik=0;Ateist=0;Ostali=0;Ne izjašnjava se=0;Nepoznato=1"
"BA","ba-municipality-2013-geoboundaries-adm3","municipality","ba-municipality-2013-geoboundaries-adm3:donji_vakuf","donji_vakuf","DONJI VAKUF",2013,13985,"BHAS 2013 Census, Book 2 (Ethnicity/nationality, Religion, Mother tongue), Table 5.1 'Stanovništvo prema vjeroispovijesti i spolu, po općinama/gradovima' (Population by religion and sex, by municipalities/cities), Ukupno/Total (both sexes, all ages). The denominator is the printed municipality total (the BHAS resident-population count).",13879,99.242,35,0.2503,,,,334.2366,,,"ba-census-2013-book2-t5-1-religion-by-municipality|geoboundaries-bih-adm3-2013","census_declared_religion;all_persons_all_ages_universe;single_select_declared_religion;religious_affiliation_percent_is_summed_named_religion_share;no_religion_percent_is_agnostic_plus_atheist;non_response_undeclared_plus_unknown_in_denominator_neither_slot;shares_need_not_sum_to_100;single_wave_2013_only_1991_held_ethnicity_not_religion_and_no_licensed_prewar_boundary;bhas_official_state_publication_rs_institute_disputed_methodology;boundary_geoboundaries_adm3_public_domain_2013_frame_with_name_crosswalk;source_area_name=DONJI VAKUF;boundary_source_name=Donji Vakuf;source_categories_verbatim=Islamska=13374;Pravoslavna=109;Katolička=69;Muslimanska=313;Rimokatolička=0;Srpska=0;Jehovini svjedoci=0;Grkokatolička=0;Protestantska=0;Romska=4;Hrišćanska=0;Bošnjačka=8;Hrvat=2;Adventistička=0;Bosanac=0;Agnostik=8;Ateist=27;Ostali=0;Ne izjašnjava se=59;Nepoznato=12"
"BA","ba-municipality-2013-geoboundaries-adm3","municipality","ba-municipality-2013-geoboundaries-adm3:fojnica","fojnica","FOJNICA",2013,12356,"BHAS 2013 Census, Book 2 (Ethnicity/nationality, Religion, Mother tongue), Table 5.1 'Stanovništvo prema vjeroispovijesti i spolu, po općinama/gradovima' (Population by religion and sex, by municipalities/cities), Ukupno/Total (both sexes, all ages). The denominator is the printed municipality total (the BHAS resident-population count).",11495,93.0317,35,0.2833,,,,312.0161,,,"ba-census-2013-book2-t5-1-religion-by-municipality|geoboundaries-bih-adm3-2013","census_declared_religion;all_persons_all_ages_universe;single_select_declared_religion;religious_affiliation_percent_is_summed_named_religion_share;no_religion_percent_is_agnostic_plus_atheist;non_response_undeclared_plus_unknown_in_denominator_neither_slot;shares_need_not_sum_to_100;single_wave_2013_only_1991_held_ethnicity_not_religion_and_no_licensed_prewar_boundary;bhas_official_state_publication_rs_institute_disputed_methodology;boundary_geoboundaries_adm3_public_domain_2013_frame_with_name_crosswalk;source_area_name=FOJNICA;boundary_source_name=Fojnica;source_categories_verbatim=Islamska=7626;Pravoslavna=49;Katolička=3602;Muslimanska=120;Rimokatolička=71;Srpska=1;Jehovini svjedoci=1;Grkokatolička=0;Protestantska=16;Romska=0;Hrišćanska=0;Bošnjačka=0;Hrvat=4;Adventistička=0;Bosanac=0;Agnostik=12;Ateist=23;Ostali=5;Ne izjašnjava se=55;Nepoznato=771"
"BA","ba-municipality-2013-geoboundaries-adm3","municipality","ba-municipality-2013-geoboundaries-adm3:gornji_vakuf_uskoplje","gornji_vakuf_uskoplje","GORNJI VAKUF-USKOPLJE",2013,20933,"BHAS 2013 Census, Book 2 (Ethnicity/nationality, Religion, Mother tongue), Table 5.1 'Stanovništvo prema vjeroispovijesti i spolu, po općinama/gradovima' (Population by religion and sex, by municipalities/cities), Ukupno/Total (both sexes, all ages). The denominator is the printed municipality total (the BHAS resident-population count).",20832,99.5175,26,0.1242,,,,404.3557,,,"ba-census-2013-book2-t5-1-religion-by-municipality|geoboundaries-bih-adm3-2013","census_declared_religion;all_persons_all_ages_universe;single_select_declared_religion;religious_affiliation_percent_is_summed_named_religion_share;no_religion_percent_is_agnostic_plus_atheist;non_response_undeclared_plus_unknown_in_denominator_neither_slot;shares_need_not_sum_to_100;single_wave_2013_only_1991_held_ethnicity_not_religion_and_no_licensed_prewar_boundary;bhas_official_state_publication_rs_institute_disputed_methodology;boundary_geoboundaries_adm3_public_domain_2013_frame_with_name_crosswalk;source_area_name=GORNJI VAKUF-USKOPLJE;boundary_source_name=Gornji Vakuf-Uskoplje;source_categories_verbatim=Islamska=12108;Pravoslavna=25;Katolička=8631;Muslimanska=35;Rimokatolička=32;Srpska=0;Jehovini svjedoci=0;Grkokatolička=0;Protestantska=0;Romska=0;Hrišćanska=0;Bošnjačka=0;Hrvat=0;Adventistička=0;Bosanac=0;Agnostik=8;Ateist=18;Ostali=1;Ne izjašnjava se=32;Nepoznato=43"
"BA","ba-municipality-2013-geoboundaries-adm3","municipality","ba-municipality-2013-geoboundaries-adm3:jajce","jajce","JAJCE",2013,27258,"BHAS 2013 Census, Book 2 (Ethnicity/nationality, Religion, Mother tongue), Table 5.1 'Stanovništvo prema vjeroispovijesti i spolu, po općinama/gradovima' (Population by religion and sex, by municipalities/cities), Ukupno/Total (both sexes, all ages). The denominator is the printed municipality total (the BHAS resident-population count).",26921,98.7637,162,0.5943,,,,316.795,,,"ba-census-2013-book2-t5-1-religion-by-municipality|geoboundaries-bih-adm3-2013","census_declared_religion;all_persons_all_ages_universe;single_select_declared_religion;religious_affiliation_percent_is_summed_named_religion_share;no_religion_percent_is_agnostic_plus_atheist;non_response_undeclared_plus_unknown_in_denominator_neither_slot;shares_need_not_sum_to_100;single_wave_2013_only_1991_held_ethnicity_not_religion_and_no_licensed_prewar_boundary;bhas_official_state_publication_rs_institute_disputed_methodology;boundary_geoboundaries_adm3_public_domain_2013_frame_with_name_crosswalk;source_area_name=JAJCE;boundary_source_name=Jajce;source_categories_verbatim=Islamska=13623;Pravoslavna=506;Katolička=12401;Muslimanska=167;Rimokatolička=157;Srpska=3;Jehovini svjedoci=6;Grkokatolička=0;Protestantska=10;Romska=0;Hrišćanska=9;Bošnjačka=2;Hrvat=17;Adventistička=0;Bosanac=0;Agnostik=49;Ateist=113;Ostali=20;Ne izjašnjava se=142;Nepoznato=33"
"BA","ba-municipality-2013-geoboundaries-adm3","municipality","ba-municipality-2013-geoboundaries-adm3:kiseljak","kiseljak","KISELJAK",2013,20722,"BHAS 2013 Census, Book 2 (Ethnicity/nationality, Religion, Mother tongue), Table 5.1 'Stanovništvo prema vjeroispovijesti i spolu, po općinama/gradovima' (Population by religion and sex, by municipalities/cities), Ukupno/Total (both sexes, all ages). The denominator is the printed municipality total (the BHAS resident-population count).",20519,99.0204,96,0.4633,,,,160.0913,,,"ba-census-2013-book2-t5-1-religion-by-municipality|geoboundaries-bih-adm3-2013","census_declared_religion;all_persons_all_ages_universe;single_select_declared_religion;religious_affiliation_percent_is_summed_named_religion_share;no_religion_percent_is_agnostic_plus_atheist;non_response_undeclared_plus_unknown_in_denominator_neither_slot;shares_need_not_sum_to_100;single_wave_2013_only_1991_held_ethnicity_not_religion_and_no_licensed_prewar_boundary;bhas_official_state_publication_rs_institute_disputed_methodology;boundary_geoboundaries_adm3_public_domain_2013_frame_with_name_crosswalk;source_area_name=KISELJAK;boundary_source_name=Kiseljak;source_categories_verbatim=Islamska=8099;Pravoslavna=392;Katolička=11597;Muslimanska=101;Rimokatolička=183;Srpska=10;Jehovini svjedoci=8;Grkokatolička=0;Protestantska=1;Romska=71;Hrišćanska=11;Bošnjačka=6;Hrvat=20;Adventistička=0;Bosanac=1;Agnostik=34;Ateist=62;Ostali=19;Ne izjašnjava se=90;Nepoznato=17"
"BA","ba-municipality-2013-geoboundaries-adm3","municipality","ba-municipality-2013-geoboundaries-adm3:kresevo","kresevo","KREŠEVO",2013,5273,"BHAS 2013 Census, Book 2 (Ethnicity/nationality, Religion, Mother tongue), Table 5.1 'Stanovništvo prema vjeroispovijesti i spolu, po općinama/gradovima' (Population by religion and sex, by municipalities/cities), Ukupno/Total (both sexes, all ages). The denominator is the printed municipality total (the BHAS resident-population count).",5223,99.0518,9,0.1707,,,,147.0553,,,"ba-census-2013-book2-t5-1-religion-by-municipality|geoboundaries-bih-adm3-2013","census_declared_religion;all_persons_all_ages_universe;single_select_declared_religion;religious_affiliation_percent_is_summed_named_religion_share;no_religion_percent_is_agnostic_plus_atheist;non_response_undeclared_plus_unknown_in_denominator_neither_slot;shares_need_not_sum_to_100;single_wave_2013_only_1991_held_ethnicity_not_religion_and_no_licensed_prewar_boundary;bhas_official_state_publication_rs_institute_disputed_methodology;boundary_geoboundaries_adm3_public_domain_2013_frame_with_name_crosswalk;source_area_name=KREŠEVO;boundary_source_name=Kreševo;source_categories_verbatim=Islamska=1027;Pravoslavna=29;Katolička=4037;Muslimanska=11;Rimokatolička=97;Srpska=0;Jehovini svjedoci=11;Grkokatolička=0;Protestantska=0;Romska=0;Hrišćanska=3;Bošnjačka=1;Hrvat=1;Adventistička=0;Bosanac=0;Agnostik=2;Ateist=7;Ostali=6;Ne izjašnjava se=38;Nepoznato=3"
"BA","ba-municipality-2013-geoboundaries-adm3","municipality","ba-municipality-2013-geoboundaries-adm3:novi_travnik","novi_travnik","NOVI TRAVNIK",2013,23832,"BHAS 2013 Census, Book 2 (Ethnicity/nationality, Religion, Mother tongue), Table 5.1 'Stanovništvo prema vjeroispovijesti i spolu, po općinama/gradovima' (Population by religion and sex, by municipalities/cities), Ukupno/Total (both sexes, all ages). The denominator is the printed municipality total (the BHAS resident-population count).",23567,98.888,134,0.5623,,,,244.9789,,,"ba-census-2013-book2-t5-1-religion-by-municipality|geoboundaries-bih-adm3-2013","census_declared_religion;all_persons_all_ages_universe;single_select_declared_religion;religious_affiliation_percent_is_summed_named_religion_share;no_religion_percent_is_agnostic_plus_atheist;non_response_undeclared_plus_unknown_in_denominator_neither_slot;shares_need_not_sum_to_100;single_wave_2013_only_1991_held_ethnicity_not_religion_and_no_licensed_prewar_boundary;bhas_official_state_publication_rs_institute_disputed_methodology;boundary_geoboundaries_adm3_public_domain_2013_frame_with_name_crosswalk;source_area_name=NOVI TRAVNIK;boundary_source_name=Novi Travnik;source_categories_verbatim=Islamska=12108;Pravoslavna=361;Katolička=10754;Muslimanska=107;Rimokatolička=197;Srpska=2;Jehovini svjedoci=15;Grkokatolička=0;Protestantska=3;Romska=0;Hrišćanska=7;Bošnjačka=0;Hrvat=5;Adventistička=0;Bosanac=0;Agnostik=37;Ateist=97;Ostali=8;Ne izjašnjava se=106;Nepoznato=25"
"BA","ba-municipality-2013-geoboundaries-adm3","municipality","ba-municipality-2013-geoboundaries-adm3:travnik","travnik","TRAVNIK",2013,53482,"BHAS 2013 Census, Book 2 (Ethnicity/nationality, Religion, Mother tongue), Table 5.1 'Stanovništvo prema vjeroispovijesti i spolu, po općinama/gradovima' (Population by religion and sex, by municipalities/cities), Ukupno/Total (both sexes, all ages). The denominator is the printed municipality total (the BHAS resident-population count).",52558,98.2723,405,0.7573,,,,573.5278,,,"ba-census-2013-book2-t5-1-religion-by-municipality|geoboundaries-bih-adm3-2013","census_declared_religion;all_persons_all_ages_universe;single_select_declared_religion;religious_affiliation_percent_is_summed_named_religion_share;no_religion_percent_is_agnostic_plus_atheist;non_response_undeclared_plus_unknown_in_denominator_neither_slot;shares_need_not_sum_to_100;single_wave_2013_only_1991_held_ethnicity_not_religion_and_no_licensed_prewar_boundary;bhas_official_state_publication_rs_institute_disputed_methodology;boundary_geoboundaries_adm3_public_domain_2013_frame_with_name_crosswalk;source_area_name=TRAVNIK;boundary_source_name=Travnik;source_categories_verbatim=Islamska=35767;Pravoslavna=664;Katolička=14788;Muslimanska=948;Rimokatolička=275;Srpska=2;Jehovini svjedoci=26;Grkokatolička=0;Protestantska=10;Romska=3;Hrišćanska=3;Bošnjačka=32;Hrvat=8;Adventistička=0;Bosanac=3;Agnostik=142;Ateist=263;Ostali=29;Ne izjašnjava se=372;Nepoznato=147"
"BA","ba-municipality-2013-geoboundaries-adm3","municipality","ba-municipality-2013-geoboundaries-adm3:vitez","vitez","VITEZ",2013,25836,"BHAS 2013 Census, Book 2 (Ethnicity/nationality, Religion, Mother tongue), Table 5.1 'Stanovništvo prema vjeroispovijesti i spolu, po općinama/gradovima' (Population by religion and sex, by municipalities/cities), Ukupno/Total (both sexes, all ages). The denominator is the printed municipality total (the BHAS resident-population count).",25461,98.5485,111,0.4296,,,,155.8045,,,"ba-census-2013-book2-t5-1-religion-by-municipality|geoboundaries-bih-adm3-2013","census_declared_religion;all_persons_all_ages_universe;single_select_declared_religion;religious_affiliation_percent_is_summed_named_religion_share;no_religion_percent_is_agnostic_plus_atheist;non_response_undeclared_plus_unknown_in_denominator_neither_slot;shares_need_not_sum_to_100;single_wave_2013_only_1991_held_ethnicity_not_religion_and_no_licensed_prewar_boundary;bhas_official_state_publication_rs_institute_disputed_methodology;boundary_geoboundaries_adm3_public_domain_2013_frame_with_name_crosswalk;source_area_name=VITEZ;boundary_source_name=Vitez;source_categories_verbatim=Islamska=10716;Pravoslavna=315;Katolička=14170;Muslimanska=39;Rimokatolička=168;Srpska=1;Jehovini svjedoci=2;Grkokatolička=0;Protestantska=5;Romska=10;Hrišćanska=16;Bošnjačka=4;Hrvat=4;Adventistička=0;Bosanac=0;Agnostik=35;Ateist=76;Ostali=11;Ne izjašnjava se=242;Nepoznato=22"
"BA","ba-municipality-2013-geoboundaries-adm3","municipality","ba-municipality-2013-geoboundaries-adm3:capljina","capljina","ČAPLJINA",2013,26157,"BHAS 2013 Census, Book 2 (Ethnicity/nationality, Religion, Mother tongue), Table 5.1 'Stanovništvo prema vjeroispovijesti i spolu, po općinama/gradovima' (Population by religion and sex, by municipalities/cities), Ukupno/Total (both sexes, all ages). The denominator is the printed municipality total (the BHAS resident-population count).",25880,98.941,134,0.5123,,,,248.9674,,,"ba-census-2013-book2-t5-1-religion-by-municipality|geoboundaries-bih-adm3-2013","census_declared_religion;all_persons_all_ages_universe;single_select_declared_religion;religious_affiliation_percent_is_summed_named_religion_share;no_religion_percent_is_agnostic_plus_atheist;non_response_undeclared_plus_unknown_in_denominator_neither_slot;shares_need_not_sum_to_100;single_wave_2013_only_1991_held_ethnicity_not_religion_and_no_licensed_prewar_boundary;bhas_official_state_publication_rs_institute_disputed_methodology;boundary_geoboundaries_adm3_public_domain_2013_frame_with_name_crosswalk;source_area_name=ČAPLJINA;boundary_source_name=Čapljina;source_categories_verbatim=Islamska=4598;Pravoslavna=709;Katolička=20362;Muslimanska=19;Rimokatolička=120;Srpska=0;Jehovini svjedoci=3;Grkokatolička=0;Protestantska=40;Romska=0;Hrišćanska=2;Bošnjačka=0;Hrvat=6;Adventistička=1;Bosanac=0;Agnostik=45;Ateist=89;Ostali=20;Ne izjašnjava se=126;Nepoznato=17"
"BA","ba-municipality-2013-geoboundaries-adm3","municipality","ba-municipality-2013-geoboundaries-adm3:citluk","citluk","ČITLUK",2013,18140,"BHAS 2013 Census, Book 2 (Ethnicity/nationality, Religion, Mother tongue), Table 5.1 'Stanovništvo prema vjeroispovijesti i spolu, po općinama/gradovima' (Population by religion and sex, by municipalities/cities), Ukupno/Total (both sexes, all ages). The denominator is the printed municipality total (the BHAS resident-population count).",18047,99.4873,3,0.0165,,,,184.8282,,,"ba-census-2013-book2-t5-1-religion-by-municipality|geoboundaries-bih-adm3-2013","census_declared_religion;all_persons_all_ages_universe;single_select_declared_religion;religious_affiliation_percent_is_summed_named_religion_share;no_religion_percent_is_agnostic_plus_atheist;non_response_undeclared_plus_unknown_in_denominator_neither_slot;shares_need_not_sum_to_100;single_wave_2013_only_1991_held_ethnicity_not_religion_and_no_licensed_prewar_boundary;bhas_official_state_publication_rs_institute_disputed_methodology;boundary_geoboundaries_adm3_public_domain_2013_frame_with_name_crosswalk;source_area_name=ČITLUK;boundary_source_name=Čitluk;source_categories_verbatim=Islamska=39;Pravoslavna=17;Katolička=17985;Muslimanska=0;Rimokatolička=6;Srpska=0;Jehovini svjedoci=0;Grkokatolička=0;Protestantska=0;Romska=0;Hrišćanska=0;Bošnjačka=0;Hrvat=0;Adventistička=0;Bosanac=0;Agnostik=1;Ateist=2;Ostali=0;Ne izjašnjava se=6;Nepoznato=84"
"BA","ba-municipality-2013-geoboundaries-adm3","municipality","ba-municipality-2013-geoboundaries-adm3:grad_mostar","grad_mostar","GRAD MOSTAR",2013,105797,"BHAS 2013 Census, Book 2 (Ethnicity/nationality, Religion, Mother tongue), Table 5.1 'Stanovništvo prema vjeroispovijesti i spolu, po općinama/gradovima' (Population by religion and sex, by municipalities/cities), Ukupno/Total (both sexes, all ages). The denominator is the printed municipality total (the BHAS resident-population count).",101652,96.0821,2412,2.2798,,,,1063.3647,,,"ba-census-2013-book2-t5-1-religion-by-municipality|geoboundaries-bih-adm3-2013","census_declared_religion;all_persons_all_ages_universe;single_select_declared_religion;religious_affiliation_percent_is_summed_named_religion_share;no_religion_percent_is_agnostic_plus_atheist;non_response_undeclared_plus_unknown_in_denominator_neither_slot;shares_need_not_sum_to_100;single_wave_2013_only_1991_held_ethnicity_not_religion_and_no_licensed_prewar_boundary;bhas_official_state_publication_rs_institute_disputed_methodology;boundary_geoboundaries_adm3_public_domain_2013_frame_with_name_crosswalk;source_area_name=GRAD MOSTAR;boundary_source_name=Mostar;source_categories_verbatim=Islamska=46058;Pravoslavna=4274;Katolička=50146;Muslimanska=235;Rimokatolička=638;Srpska=4;Jehovini svjedoci=56;Grkokatolička=2;Protestantska=55;Romska=8;Hrišćanska=27;Bošnjačka=13;Hrvat=15;Adventistička=0;Bosanac=0;Agnostik=742;Ateist=1670;Ostali=121;Ne izjašnjava se=1536;Nepoznato=197"
"BA","ba-municipality-2013-geoboundaries-adm3","municipality","ba-municipality-2013-geoboundaries-adm3:jablanica","jablanica","JABLANICA",2013,10111,"BHAS 2013 Census, Book 2 (Ethnicity/nationality, Religion, Mother tongue), Table 5.1 'Stanovništvo prema vjeroispovijesti i spolu, po općinama/gradovima' (Population by religion and sex, by municipalities/cities), Ukupno/Total (both sexes, all ages). The denominator is the printed municipality total (the BHAS resident-population count).",9902,97.9329,87,0.8604,,,,308.2658,,,"ba-census-2013-book2-t5-1-religion-by-municipality|geoboundaries-bih-adm3-2013","census_declared_religion;all_persons_all_ages_universe;single_select_declared_religion;religious_affiliation_percent_is_summed_named_religion_share;no_religion_percent_is_agnostic_plus_atheist;non_response_undeclared_plus_unknown_in_denominator_neither_slot;shares_need_not_sum_to_100;single_wave_2013_only_1991_held_ethnicity_not_religion_and_no_licensed_prewar_boundary;bhas_official_state_publication_rs_institute_disputed_methodology;boundary_geoboundaries_adm3_public_domain_2013_frame_with_name_crosswalk;source_area_name=JABLANICA;boundary_source_name=Jablanica;source_categories_verbatim=Islamska=9036;Pravoslavna=69;Katolička=729;Muslimanska=64;Rimokatolička=2;Srpska=0;Jehovini svjedoci=0;Grkokatolička=0;Protestantska=0;Romska=0;Hrišćanska=0;Bošnjačka=0;Hrvat=0;Adventistička=0;Bosanac=0;Agnostik=26;Ateist=61;Ostali=2;Ne izjašnjava se=119;Nepoznato=3"
"BA","ba-municipality-2013-geoboundaries-adm3","municipality","ba-municipality-2013-geoboundaries-adm3:konjic","konjic","KONJIC",2013,25148,"BHAS 2013 Census, Book 2 (Ethnicity/nationality, Religion, Mother tongue), Table 5.1 'Stanovništvo prema vjeroispovijesti i spolu, po općinama/gradovima' (Population by religion and sex, by municipalities/cities), Ukupno/Total (both sexes, all ages). The denominator is the printed municipality total (the BHAS resident-population count).",24674,98.1152,272,1.0816,,,,1129.4253,,,"ba-census-2013-book2-t5-1-religion-by-municipality|geoboundaries-bih-adm3-2013","census_declared_religion;all_persons_all_ages_universe;single_select_declared_religion;religious_affiliation_percent_is_summed_named_religion_share;no_religion_percent_is_agnostic_plus_atheist;non_response_undeclared_plus_unknown_in_denominator_neither_slot;shares_need_not_sum_to_100;single_wave_2013_only_1991_held_ethnicity_not_religion_and_no_licensed_prewar_boundary;bhas_official_state_publication_rs_institute_disputed_methodology;boundary_geoboundaries_adm3_public_domain_2013_frame_with_name_crosswalk;source_area_name=KONJIC;boundary_source_name=Konjic;source_categories_verbatim=Islamska=22560;Pravoslavna=348;Katolička=1503;Muslimanska=186;Rimokatolička=32;Srpska=2;Jehovini svjedoci=2;Grkokatolička=0;Protestantska=3;Romska=9;Hrišćanska=2;Bošnjačka=12;Hrvat=3;Adventistička=0;Bosanac=0;Agnostik=104;Ateist=168;Ostali=12;Ne izjašnjava se=187;Nepoznato=15"
"BA","ba-municipality-2013-geoboundaries-adm3","municipality","ba-municipality-2013-geoboundaries-adm3:neum","neum","NEUM",2013,4653,"BHAS 2013 Census, Book 2 (Ethnicity/nationality, Religion, Mother tongue), Table 5.1 'Stanovništvo prema vjeroispovijesti i spolu, po općinama/gradovima' (Population by religion and sex, by municipalities/cities), Ukupno/Total (both sexes, all ages). The denominator is the printed municipality total (the BHAS resident-population count).",4627,99.4412,11,0.2364,,,,212.4091,,,"ba-census-2013-book2-t5-1-religion-by-municipality|geoboundaries-bih-adm3-2013","census_declared_religion;all_persons_all_ages_universe;single_select_declared_religion;religious_affiliation_percent_is_summed_named_religion_share;no_religion_percent_is_agnostic_plus_atheist;non_response_undeclared_plus_unknown_in_denominator_neither_slot;shares_need_not_sum_to_100;single_wave_2013_only_1991_held_ethnicity_not_religion_and_no_licensed_prewar_boundary;bhas_official_state_publication_rs_institute_disputed_methodology;boundary_geoboundaries_adm3_public_domain_2013_frame_with_name_crosswalk;source_area_name=NEUM;boundary_source_name=Neum;source_categories_verbatim=Islamska=63;Pravoslavna=18;Katolička=4545;Muslimanska=0;Rimokatolička=0;Srpska=0;Jehovini svjedoci=1;Grkokatolička=0;Protestantska=0;Romska=0;Hrišćanska=0;Bošnjačka=0;Hrvat=0;Adventistička=0;Bosanac=0;Agnostik=1;Ateist=10;Ostali=0;Ne izjašnjava se=8;Nepoznato=7"
"BA","ba-municipality-2013-geoboundaries-adm3","municipality","ba-municipality-2013-geoboundaries-adm3:prozor","prozor","PROZOR",2013,14280,"BHAS 2013 Census, Book 2 (Ethnicity/nationality, Religion, Mother tongue), Table 5.1 'Stanovništvo prema vjeroispovijesti i spolu, po općinama/gradovima' (Population by religion and sex, by municipalities/cities), Ukupno/Total (both sexes, all ages). The denominator is the printed municipality total (the BHAS resident-population count).",14242,99.7339,6,0.042,,,,473.7828,,,"ba-census-2013-book2-t5-1-religion-by-municipality|geoboundaries-bih-adm3-2013","census_declared_religion;all_persons_all_ages_universe;single_select_declared_religion;religious_affiliation_percent_is_summed_named_religion_share;no_religion_percent_is_agnostic_plus_atheist;non_response_undeclared_plus_unknown_in_denominator_neither_slot;shares_need_not_sum_to_100;single_wave_2013_only_1991_held_ethnicity_not_religion_and_no_licensed_prewar_boundary;bhas_official_state_publication_rs_institute_disputed_methodology;boundary_geoboundaries_adm3_public_domain_2013_frame_with_name_crosswalk;source_area_name=PROZOR;boundary_source_name=Prozor-Rama;source_categories_verbatim=Islamska=3514;Pravoslavna=4;Katolička=10651;Muslimanska=19;Rimokatolička=45;Srpska=0;Jehovini svjedoci=0;Grkokatolička=0;Protestantska=0;Romska=0;Hrišćanska=4;Bošnjačka=4;Hrvat=0;Adventistička=0;Bosanac=0;Agnostik=2;Ateist=4;Ostali=1;Ne izjašnjava se=4;Nepoznato=28"
"BA","ba-municipality-2013-geoboundaries-adm3","municipality","ba-municipality-2013-geoboundaries-adm3:ravno","ravno","RAVNO",2013,3219,"BHAS 2013 Census, Book 2 (Ethnicity/nationality, Religion, Mother tongue), Table 5.1 'Stanovništvo prema vjeroispovijesti i spolu, po općinama/gradovima' (Population by religion and sex, by municipalities/cities), Ukupno/Total (both sexes, all ages). The denominator is the printed municipality total (the BHAS resident-population count).",3205,99.5651,4,0.1243,,,,321.3775,,,"ba-census-2013-book2-t5-1-religion-by-municipality|geoboundaries-bih-adm3-2013","census_declared_religion;all_persons_all_ages_universe;single_select_declared_religion;religious_affiliation_percent_is_summed_named_religion_share;no_religion_percent_is_agnostic_plus_atheist;non_response_undeclared_plus_unknown_in_denominator_neither_slot;shares_need_not_sum_to_100;single_wave_2013_only_1991_held_ethnicity_not_religion_and_no_licensed_prewar_boundary;bhas_official_state_publication_rs_institute_disputed_methodology;boundary_geoboundaries_adm3_public_domain_2013_frame_with_name_crosswalk;source_area_name=RAVNO;boundary_source_name=Ravno;source_categories_verbatim=Islamska=19;Pravoslavna=558;Katolička=2617;Muslimanska=1;Rimokatolička=10;Srpska=0;Jehovini svjedoci=0;Grkokatolička=0;Protestantska=0;Romska=0;Hrišćanska=0;Bošnjačka=0;Hrvat=0;Adventistička=0;Bosanac=0;Agnostik=2;Ateist=2;Ostali=0;Ne izjašnjava se=4;Nepoznato=6"
"BA","ba-municipality-2013-geoboundaries-adm3","municipality","ba-municipality-2013-geoboundaries-adm3:stolac","stolac","STOLAC",2013,14502,"BHAS 2013 Census, Book 2 (Ethnicity/nationality, Religion, Mother tongue), Table 5.1 'Stanovništvo prema vjeroispovijesti i spolu, po općinama/gradovima' (Population by religion and sex, by municipalities/cities), Ukupno/Total (both sexes, all ages). The denominator is the printed municipality total (the BHAS resident-population count).",14298,98.5933,38,0.262,,,,224.9698,,,"ba-census-2013-book2-t5-1-religion-by-municipality|geoboundaries-bih-adm3-2013","census_declared_religion;all_persons_all_ages_universe;single_select_declared_religion;religious_affiliation_percent_is_summed_named_religion_share;no_religion_percent_is_agnostic_plus_atheist;non_response_undeclared_plus_unknown_in_denominator_neither_slot;shares_need_not_sum_to_100;single_wave_2013_only_1991_held_ethnicity_not_religion_and_no_licensed_prewar_boundary;bhas_official_state_publication_rs_institute_disputed_methodology;boundary_geoboundaries_adm3_public_domain_2013_frame_with_name_crosswalk;source_area_name=STOLAC;boundary_source_name=Stolac;source_categories_verbatim=Islamska=5508;Pravoslavna=262;Katolička=8452;Muslimanska=22;Rimokatolička=39;Srpska=3;Jehovini svjedoci=0;Grkokatolička=0;Protestantska=0;Romska=0;Hrišćanska=7;Bošnjačka=0;Hrvat=5;Adventistička=0;Bosanac=0;Agnostik=3;Ateist=35;Ostali=0;Ne izjašnjava se=62;Nepoznato=104"
"BA","ba-municipality-2013-geoboundaries-adm3","municipality","ba-municipality-2013-geoboundaries-adm3:grude","grude","GRUDE",2013,17308,"BHAS 2013 Census, Book 2 (Ethnicity/nationality, Religion, Mother tongue), Table 5.1 'Stanovništvo prema vjeroispovijesti i spolu, po općinama/gradovima' (Population by religion and sex, by municipalities/cities), Ukupno/Total (both sexes, all ages). The denominator is the printed municipality total (the BHAS resident-population count).",17222,99.5031,6,0.0347,,,,204.4455,,,"ba-census-2013-book2-t5-1-religion-by-municipality|geoboundaries-bih-adm3-2013","census_declared_religion;all_persons_all_ages_universe;single_select_declared_religion;religious_affiliation_percent_is_summed_named_religion_share;no_religion_percent_is_agnostic_plus_atheist;non_response_undeclared_plus_unknown_in_denominator_neither_slot;shares_need_not_sum_to_100;single_wave_2013_only_1991_held_ethnicity_not_religion_and_no_licensed_prewar_boundary;bhas_official_state_publication_rs_institute_disputed_methodology;boundary_geoboundaries_adm3_public_domain_2013_frame_with_name_crosswalk;source_area_name=GRUDE;boundary_source_name=Grude;source_categories_verbatim=Islamska=6;Pravoslavna=9;Katolička=17191;Muslimanska=0;Rimokatolička=14;Srpska=0;Jehovini svjedoci=2;Grkokatolička=0;Protestantska=0;Romska=0;Hrišćanska=0;Bošnjačka=0;Hrvat=0;Adventistička=0;Bosanac=0;Agnostik=1;Ateist=5;Ostali=0;Ne izjašnjava se=13;Nepoznato=67"
"BA","ba-municipality-2013-geoboundaries-adm3","municipality","ba-municipality-2013-geoboundaries-adm3:ljubuski","ljubuski","LjUBUŠKI",2013,28184,"BHAS 2013 Census, Book 2 (Ethnicity/nationality, Religion, Mother tongue), Table 5.1 'Stanovništvo prema vjeroispovijesti i spolu, po općinama/gradovima' (Population by religion and sex, by municipalities/cities), Ukupno/Total (both sexes, all ages). The denominator is the printed municipality total (the BHAS resident-population count).",28054,99.5387,44,0.1561,,,,275.1231,,,"ba-census-2013-book2-t5-1-religion-by-municipality|geoboundaries-bih-adm3-2013","census_declared_religion;all_persons_all_ages_universe;single_select_declared_religion;religious_affiliation_percent_is_summed_named_religion_share;no_religion_percent_is_agnostic_plus_atheist;non_response_undeclared_plus_unknown_in_denominator_neither_slot;shares_need_not_sum_to_100;single_wave_2013_only_1991_held_ethnicity_not_religion_and_no_licensed_prewar_boundary;bhas_official_state_publication_rs_institute_disputed_methodology;boundary_geoboundaries_adm3_public_domain_2013_frame_with_name_crosswalk;source_area_name=LjUBUŠKI;boundary_source_name=Ljubuški;source_categories_verbatim=Islamska=765;Pravoslavna=44;Katolička=27161;Muslimanska=16;Rimokatolička=52;Srpska=0;Jehovini svjedoci=6;Grkokatolička=0;Protestantska=0;Romska=0;Hrišćanska=3;Bošnjačka=0;Hrvat=0;Adventistička=0;Bosanac=0;Agnostik=19;Ateist=25;Ostali=7;Ne izjašnjava se=50;Nepoznato=36"
"BA","ba-municipality-2013-geoboundaries-adm3","municipality","ba-municipality-2013-geoboundaries-adm3:posusje","posusje","POSUŠJE",2013,20477,"BHAS 2013 Census, Book 2 (Ethnicity/nationality, Religion, Mother tongue), Table 5.1 'Stanovništvo prema vjeroispovijesti i spolu, po općinama/gradovima' (Population by religion and sex, by municipalities/cities), Ukupno/Total (both sexes, all ages). The denominator is the printed municipality total (the BHAS resident-population count).",20440,99.8193,2,0.0098,,,,453.2192,,,"ba-census-2013-book2-t5-1-religion-by-municipality|geoboundaries-bih-adm3-2013","census_declared_religion;all_persons_all_ages_universe;single_select_declared_religion;religious_affiliation_percent_is_summed_named_religion_share;no_religion_percent_is_agnostic_plus_atheist;non_response_undeclared_plus_unknown_in_denominator_neither_slot;shares_need_not_sum_to_100;single_wave_2013_only_1991_held_ethnicity_not_religion_and_no_licensed_prewar_boundary;bhas_official_state_publication_rs_institute_disputed_methodology;boundary_geoboundaries_adm3_public_domain_2013_frame_with_name_crosswalk;source_area_name=POSUŠJE;boundary_source_name=Posušje;source_categories_verbatim=Islamska=3;Pravoslavna=5;Katolička=20427;Muslimanska=3;Rimokatolička=2;Srpska=0;Jehovini svjedoci=0;Grkokatolička=0;Protestantska=0;Romska=0;Hrišćanska=0;Bošnjačka=0;Hrvat=0;Adventistička=0;Bosanac=0;Agnostik=1;Ateist=1;Ostali=0;Ne izjašnjava se=4;Nepoznato=31"
"BA","ba-municipality-2013-geoboundaries-adm3","municipality","ba-municipality-2013-geoboundaries-adm3:siroki_brijeg","siroki_brijeg","ŠIROKI BRIJEG",2013,28929,"BHAS 2013 Census, Book 2 (Ethnicity/nationality, Religion, Mother tongue), Table 5.1 'Stanovništvo prema vjeroispovijesti i spolu, po općinama/gradovima' (Population by religion and sex, by municipalities/cities), Ukupno/Total (both sexes, all ages). The denominator is the printed municipality total (the BHAS resident-population count).",28875,99.8133,9,0.0311,,,,401.6241,,,"ba-census-2013-book2-t5-1-religion-by-municipality|geoboundaries-bih-adm3-2013","census_declared_religion;all_persons_all_ages_universe;single_select_declared_religion;religious_affiliation_percent_is_summed_named_religion_share;no_religion_percent_is_agnostic_plus_atheist;non_response_undeclared_plus_unknown_in_denominator_neither_slot;shares_need_not_sum_to_100;single_wave_2013_only_1991_held_ethnicity_not_religion_and_no_licensed_prewar_boundary;bhas_official_state_publication_rs_institute_disputed_methodology;boundary_geoboundaries_adm3_public_domain_2013_frame_with_name_crosswalk;source_area_name=ŠIROKI BRIJEG;boundary_source_name=Široki Brijeg;source_categories_verbatim=Islamska=6;Pravoslavna=48;Katolička=28814;Muslimanska=0;Rimokatolička=2;Srpska=0;Jehovini svjedoci=0;Grkokatolička=0;Protestantska=1;Romska=0;Hrišćanska=3;Bošnjačka=0;Hrvat=0;Adventistička=0;Bosanac=0;Agnostik=4;Ateist=5;Ostali=1;Ne izjašnjava se=8;Nepoznato=37"
"BA","ba-municipality-2013-geoboundaries-adm3","municipality","ba-municipality-2013-geoboundaries-adm3:centar_sarajevo","centar_sarajevo","CENTAR SARAJEVO",2013,55181,"BHAS 2013 Census, Book 2 (Ethnicity/nationality, Religion, Mother tongue), Table 5.1 'Stanovništvo prema vjeroispovijesti i spolu, po općinama/gradovima' (Population by religion and sex, by municipalities/cities), Ukupno/Total (both sexes, all ages). The denominator is the printed municipality total (the BHAS resident-population count).",47954,86.9031,4744,8.5972,,,,31.8098,,,"ba-census-2013-book2-t5-1-religion-by-municipality|geoboundaries-bih-adm3-2013","census_declared_religion;all_persons_all_ages_universe;single_select_declared_religion;religious_affiliation_percent_is_summed_named_religion_share;no_religion_percent_is_agnostic_plus_atheist;non_response_undeclared_plus_unknown_in_denominator_neither_slot;shares_need_not_sum_to_100;single_wave_2013_only_1991_held_ethnicity_not_religion_and_no_licensed_prewar_boundary;bhas_official_state_publication_rs_institute_disputed_methodology;boundary_geoboundaries_adm3_public_domain_2013_frame_with_name_crosswalk;source_area_name=CENTAR SARAJEVO;boundary_source_name=Centar;source_categories_verbatim=Islamska=42459;Pravoslavna=2028;Katolička=2887;Muslimanska=150;Rimokatolička=62;Srpska=2;Jehovini svjedoci=33;Grkokatolička=4;Protestantska=41;Romska=0;Hrišćanska=15;Bošnjačka=6;Hrvat=1;Adventistička=7;Bosanac=5;Agnostik=1569;Ateist=3175;Ostali=254;Ne izjašnjava se=2364;Nepoznato=119"
"BA","ba-municipality-2013-geoboundaries-adm3","municipality","ba-municipality-2013-geoboundaries-adm3:hadzici","hadzici","HADŽIĆI",2013,23891,"BHAS 2013 Census, Book 2 (Ethnicity/nationality, Religion, Mother tongue), Table 5.1 'Stanovništvo prema vjeroispovijesti i spolu, po općinama/gradovima' (Population by religion and sex, by municipalities/cities), Ukupno/Total (both sexes, all ages). The denominator is the printed municipality total (the BHAS resident-population count).",23262,97.3672,124,0.519,,,,268.1539,,,"ba-census-2013-book2-t5-1-religion-by-municipality|geoboundaries-bih-adm3-2013","census_declared_religion;all_persons_all_ages_universe;single_select_declared_religion;religious_affiliation_percent_is_summed_named_religion_share;no_religion_percent_is_agnostic_plus_atheist;non_response_undeclared_plus_unknown_in_denominator_neither_slot;shares_need_not_sum_to_100;single_wave_2013_only_1991_held_ethnicity_not_religion_and_no_licensed_prewar_boundary;bhas_official_state_publication_rs_institute_disputed_methodology;boundary_geoboundaries_adm3_public_domain_2013_frame_with_name_crosswalk;source_area_name=HADŽIĆI;boundary_source_name=Hadžići;source_categories_verbatim=Islamska=22442;Pravoslavna=243;Katolička=195;Muslimanska=349;Rimokatolička=2;Srpska=1;Jehovini svjedoci=6;Grkokatolička=0;Protestantska=0;Romska=0;Hrišćanska=0;Bošnjačka=4;Hrvat=2;Adventistička=0;Bosanac=1;Agnostik=27;Ateist=97;Ostali=17;Ne izjašnjava se=138;Nepoznato=367"
"BA","ba-municipality-2013-geoboundaries-adm3","municipality","ba-municipality-2013-geoboundaries-adm3:ilidza","ilidza","ILIDŽA",2013,66730,"BHAS 2013 Census, Book 2 (Ethnicity/nationality, Religion, Mother tongue), Table 5.1 'Stanovništvo prema vjeroispovijesti i spolu, po općinama/gradovima' (Population by religion and sex, by municipalities/cities), Ukupno/Total (both sexes, all ages). The denominator is the printed municipality total (the BHAS resident-population count).",64951,97.334,860,1.2888,,,,147.3215,,,"ba-census-2013-book2-t5-1-religion-by-municipality|geoboundaries-bih-adm3-2013","census_declared_religion;all_persons_all_ages_universe;single_select_declared_religion;religious_affiliation_percent_is_summed_named_religion_share;no_religion_percent_is_agnostic_plus_atheist;non_response_undeclared_plus_unknown_in_denominator_neither_slot;shares_need_not_sum_to_100;single_wave_2013_only_1991_held_ethnicity_not_religion_and_no_licensed_prewar_boundary;bhas_official_state_publication_rs_institute_disputed_methodology;boundary_geoboundaries_adm3_public_domain_2013_frame_with_name_crosswalk;source_area_name=ILIDŽA;boundary_source_name=Ilidža;source_categories_verbatim=Islamska=59055;Pravoslavna=1689;Katolička=3006;Muslimanska=899;Rimokatolička=89;Srpska=17;Jehovini svjedoci=18;Grkokatolička=2;Protestantska=61;Romska=17;Hrišćanska=4;Bošnjačka=29;Hrvat=1;Adventistička=4;Bosanac=3;Agnostik=241;Ateist=619;Ostali=57;Ne izjašnjava se=862;Nepoznato=57"
"BA","ba-municipality-2013-geoboundaries-adm3","municipality","ba-municipality-2013-geoboundaries-adm3:ilijas","ilijas","ILIJAŠ",2013,19603,"BHAS 2013 Census, Book 2 (Ethnicity/nationality, Religion, Mother tongue), Table 5.1 'Stanovništvo prema vjeroispovijesti i spolu, po općinama/gradovima' (Population by religion and sex, by municipalities/cities), Ukupno/Total (both sexes, all ages). The denominator is the printed municipality total (the BHAS resident-population count).",19374,98.8318,113,0.5764,,,,294.7186,,,"ba-census-2013-book2-t5-1-religion-by-municipality|geoboundaries-bih-adm3-2013","census_declared_religion;all_persons_all_ages_universe;single_select_declared_religion;religious_affiliation_percent_is_summed_named_religion_share;no_religion_percent_is_agnostic_plus_atheist;non_response_undeclared_plus_unknown_in_denominator_neither_slot;shares_need_not_sum_to_100;single_wave_2013_only_1991_held_ethnicity_not_religion_and_no_licensed_prewar_boundary;bhas_official_state_publication_rs_institute_disputed_methodology;boundary_geoboundaries_adm3_public_domain_2013_frame_with_name_crosswalk;source_area_name=ILIJAŠ;boundary_source_name=Ilijaš;source_categories_verbatim=Islamska=18224;Pravoslavna=438;Katolička=387;Muslimanska=284;Rimokatolička=3;Srpska=9;Jehovini svjedoci=5;Grkokatolička=0;Protestantska=0;Romska=1;Hrišćanska=0;Bošnjačka=4;Hrvat=1;Adventistička=0;Bosanac=4;Agnostik=27;Ateist=86;Ostali=14;Ne izjašnjava se=92;Nepoznato=24"
"BA","ba-municipality-2013-geoboundaries-adm3","municipality","ba-municipality-2013-geoboundaries-adm3:novi_grad_sarajevo","novi_grad_sarajevo","NOVI GRAD SARAJEVO",2013,118553,"BHAS 2013 Census, Book 2 (Ethnicity/nationality, Religion, Mother tongue), Table 5.1 'Stanovništvo prema vjeroispovijesti i spolu, po općinama/gradovima' (Population by religion and sex, by municipalities/cities), Ukupno/Total (both sexes, all ages). The denominator is the printed municipality total (the BHAS resident-population count).",112072,94.5332,3581,3.0206,,,,40.8031,,,"ba-census-2013-book2-t5-1-religion-by-municipality|geoboundaries-bih-adm3-2013","census_declared_religion;all_persons_all_ages_universe;single_select_declared_religion;religious_affiliation_percent_is_summed_named_religion_share;no_religion_percent_is_agnostic_plus_atheist;non_response_undeclared_plus_unknown_in_denominator_neither_slot;shares_need_not_sum_to_100;single_wave_2013_only_1991_held_ethnicity_not_religion_and_no_licensed_prewar_boundary;bhas_official_state_publication_rs_institute_disputed_methodology;boundary_geoboundaries_adm3_public_domain_2013_frame_with_name_crosswalk;source_area_name=NOVI GRAD SARAJEVO;boundary_source_name=Novi Grad;source_categories_verbatim=Islamska=100897;Pravoslavna=4659;Katolička=4896;Muslimanska=996;Rimokatolička=135;Srpska=11;Jehovini svjedoci=118;Grkokatolička=1;Protestantska=56;Romska=3;Hrišćanska=17;Bošnjačka=5;Hrvat=6;Adventistička=7;Bosanac=7;Agnostik=1098;Ateist=2483;Ostali=258;Ne izjašnjava se=2717;Nepoznato=183"
"BA","ba-municipality-2013-geoboundaries-adm3","municipality","ba-municipality-2013-geoboundaries-adm3:novo_sarajevo","novo_sarajevo","NOVO SARAJEVO",2013,64814,"BHAS 2013 Census, Book 2 (Ethnicity/nationality, Religion, Mother tongue), Table 5.1 'Stanovništvo prema vjeroispovijesti i spolu, po općinama/gradovima' (Population by religion and sex, by municipalities/cities), Ukupno/Total (both sexes, all ages). The denominator is the printed municipality total (the BHAS resident-population count).",57443,88.6275,4626,7.1373,,,,9.7832,,,"ba-census-2013-book2-t5-1-religion-by-municipality|geoboundaries-bih-adm3-2013","census_declared_religion;all_persons_all_ages_universe;single_select_declared_religion;religious_affiliation_percent_is_summed_named_religion_share;no_religion_percent_is_agnostic_plus_atheist;non_response_undeclared_plus_unknown_in_denominator_neither_slot;shares_need_not_sum_to_100;single_wave_2013_only_1991_held_ethnicity_not_religion_and_no_licensed_prewar_boundary;bhas_official_state_publication_rs_institute_disputed_methodology;boundary_geoboundaries_adm3_public_domain_2013_frame_with_name_crosswalk;source_area_name=NOVO SARAJEVO;boundary_source_name=Novo Sarajevo;source_categories_verbatim=Islamska=48463;Pravoslavna=3314;Katolička=4198;Muslimanska=888;Rimokatolička=151;Srpska=19;Jehovini svjedoci=60;Grkokatolička=5;Protestantska=61;Romska=3;Hrišćanska=14;Bošnjačka=11;Hrvat=4;Adventistička=6;Bosanac=11;Agnostik=1431;Ateist=3195;Ostali=235;Ne izjašnjava se=2699;Nepoznato=46"
"BA","ba-municipality-2013-geoboundaries-adm3","municipality","ba-municipality-2013-geoboundaries-adm3:stari_grad_sarajevo","stari_grad_sarajevo","STARI GRAD SARAJEVO",2013,36976,"BHAS 2013 Census, Book 2 (Ethnicity/nationality, Religion, Mother tongue), Table 5.1 'Stanovništvo prema vjeroispovijesti i spolu, po općinama/gradovima' (Population by religion and sex, by municipalities/cities), Ukupno/Total (both sexes, all ages). The denominator is the printed municipality total (the BHAS resident-population count).",35184,95.1536,954,2.5801,,,,41.2003,,,"ba-census-2013-book2-t5-1-religion-by-municipality|geoboundaries-bih-adm3-2013","census_declared_religion;all_persons_all_ages_universe;single_select_declared_religion;religious_affiliation_percent_is_summed_named_religion_share;no_religion_percent_is_agnostic_plus_atheist;non_response_undeclared_plus_unknown_in_denominator_neither_slot;shares_need_not_sum_to_100;single_wave_2013_only_1991_held_ethnicity_not_religion_and_no_licensed_prewar_boundary;bhas_official_state_publication_rs_institute_disputed_methodology;boundary_geoboundaries_adm3_public_domain_2013_frame_with_name_crosswalk;source_area_name=STARI GRAD SARAJEVO;boundary_source_name=Stari Grad;source_categories_verbatim=Islamska=33269;Pravoslavna=531;Katolička=627;Muslimanska=619;Rimokatolička=9;Srpska=7;Jehovini svjedoci=16;Grkokatolička=1;Protestantska=9;Romska=0;Hrišćanska=4;Bošnjačka=5;Hrvat=0;Adventistička=1;Bosanac=2;Agnostik=315;Ateist=639;Ostali=84;Ne izjašnjava se=776;Nepoznato=62"
"BA","ba-municipality-2013-geoboundaries-adm3","municipality","ba-municipality-2013-geoboundaries-adm3:trnovo_fbih","trnovo_fbih","TRNOVO - FBiH",2013,1502,"BHAS 2013 Census, Book 2 (Ethnicity/nationality, Religion, Mother tongue), Table 5.1 'Stanovništvo prema vjeroispovijesti i spolu, po općinama/gradovima' (Population by religion and sex, by municipalities/cities), Ukupno/Total (both sexes, all ages). The denominator is the printed municipality total (the BHAS resident-population count).",1483,98.735,15,0.9987,,,,320.1888,,,"ba-census-2013-book2-t5-1-religion-by-municipality|geoboundaries-bih-adm3-2013","census_declared_religion;all_persons_all_ages_universe;single_select_declared_religion;religious_affiliation_percent_is_summed_named_religion_share;no_religion_percent_is_agnostic_plus_atheist;non_response_undeclared_plus_unknown_in_denominator_neither_slot;shares_need_not_sum_to_100;single_wave_2013_only_1991_held_ethnicity_not_religion_and_no_licensed_prewar_boundary;bhas_official_state_publication_rs_institute_disputed_methodology;boundary_geoboundaries_adm3_public_domain_2013_frame_with_name_crosswalk;source_area_name=TRNOVO - FBiH;boundary_source_name=Trnovo (BiH);source_categories_verbatim=Islamska=1372;Pravoslavna=96;Katolička=3;Muslimanska=10;Rimokatolička=0;Srpska=2;Jehovini svjedoci=0;Grkokatolička=0;Protestantska=0;Romska=0;Hrišćanska=0;Bošnjačka=0;Hrvat=0;Adventistička=0;Bosanac=0;Agnostik=10;Ateist=5;Ostali=0;Ne izjašnjava se=3;Nepoznato=1"
"BA","ba-municipality-2013-geoboundaries-adm3","municipality","ba-municipality-2013-geoboundaries-adm3:vogosca","vogosca","VOGOŠĆA",2013,26343,"BHAS 2013 Census, Book 2 (Ethnicity/nationality, Religion, Mother tongue), Table 5.1 'Stanovništvo prema vjeroispovijesti i spolu, po općinama/gradovima' (Population by religion and sex, by municipalities/cities), Ukupno/Total (both sexes, all ages). The denominator is the printed municipality total (the BHAS resident-population count).",25756,97.7717,306,1.1616,,,,69.3974,,,"ba-census-2013-book2-t5-1-religion-by-municipality|geoboundaries-bih-adm3-2013","census_declared_religion;all_persons_all_ages_universe;single_select_declared_religion;religious_affiliation_percent_is_summed_named_religion_share;no_religion_percent_is_agnostic_plus_atheist;non_response_undeclared_plus_unknown_in_denominator_neither_slot;shares_need_not_sum_to_100;single_wave_2013_only_1991_held_ethnicity_not_religion_and_no_licensed_prewar_boundary;bhas_official_state_publication_rs_institute_disputed_methodology;boundary_geoboundaries_adm3_public_domain_2013_frame_with_name_crosswalk;source_area_name=VOGOŠĆA;boundary_source_name=Vogošća;source_categories_verbatim=Islamska=24413;Pravoslavna=545;Katolička=331;Muslimanska=407;Rimokatolička=3;Srpska=5;Jehovini svjedoci=25;Grkokatolička=0;Protestantska=4;Romska=5;Hrišćanska=0;Bošnjačka=2;Hrvat=0;Adventistička=0;Bosanac=2;Agnostik=99;Ateist=207;Ostali=14;Ne izjašnjava se=259;Nepoznato=22"
"BA","ba-municipality-2013-geoboundaries-adm3","municipality","ba-municipality-2013-geoboundaries-adm3:bosansko_grahovo","bosansko_grahovo","BOSANSKO GRAHOVO",2013,2449,"BHAS 2013 Census, Book 2 (Ethnicity/nationality, Religion, Mother tongue), Table 5.1 'Stanovništvo prema vjeroispovijesti i spolu, po općinama/gradovima' (Population by religion and sex, by municipalities/cities), Ukupno/Total (both sexes, all ages). The denominator is the printed municipality total (the BHAS resident-population count).",2423,98.9383,8,0.3267,,,,786.2177,,,"ba-census-2013-book2-t5-1-religion-by-municipality|geoboundaries-bih-adm3-2013","census_declared_religion;all_persons_all_ages_universe;single_select_declared_religion;religious_affiliation_percent_is_summed_named_religion_share;no_religion_percent_is_agnostic_plus_atheist;non_response_undeclared_plus_unknown_in_denominator_neither_slot;shares_need_not_sum_to_100;single_wave_2013_only_1991_held_ethnicity_not_religion_and_no_licensed_prewar_boundary;bhas_official_state_publication_rs_institute_disputed_methodology;boundary_geoboundaries_adm3_public_domain_2013_frame_with_name_crosswalk;source_area_name=BOSANSKO GRAHOVO;boundary_source_name=Bosansko Grahovo;source_categories_verbatim=Islamska=6;Pravoslavna=2028;Katolička=379;Muslimanska=0;Rimokatolička=4;Srpska=4;Jehovini svjedoci=0;Grkokatolička=0;Protestantska=0;Romska=0;Hrišćanska=0;Bošnjačka=0;Hrvat=0;Adventistička=0;Bosanac=0;Agnostik=1;Ateist=7;Ostali=2;Ne izjašnjava se=15;Nepoznato=3"
"BA","ba-municipality-2013-geoboundaries-adm3","municipality","ba-municipality-2013-geoboundaries-adm3:drvar","drvar","DRVAR",2013,7036,"BHAS 2013 Census, Book 2 (Ethnicity/nationality, Religion, Mother tongue), Table 5.1 'Stanovništvo prema vjeroispovijesti i spolu, po općinama/gradovima' (Population by religion and sex, by municipalities/cities), Ukupno/Total (both sexes, all ages). The denominator is the printed municipality total (the BHAS resident-population count).",6982,99.2325,28,0.398,,,,531.4952,,,"ba-census-2013-book2-t5-1-religion-by-municipality|geoboundaries-bih-adm3-2013","census_declared_religion;all_persons_all_ages_universe;single_select_declared_religion;religious_affiliation_percent_is_summed_named_religion_share;no_religion_percent_is_agnostic_plus_atheist;non_response_undeclared_plus_unknown_in_denominator_neither_slot;shares_need_not_sum_to_100;single_wave_2013_only_1991_held_ethnicity_not_religion_and_no_licensed_prewar_boundary;bhas_official_state_publication_rs_institute_disputed_methodology;boundary_geoboundaries_adm3_public_domain_2013_frame_with_name_crosswalk;source_area_name=DRVAR;boundary_source_name=Drvar;source_categories_verbatim=Islamska=13;Pravoslavna=6416;Katolička=527;Muslimanska=0;Rimokatolička=22;Srpska=0;Jehovini svjedoci=0;Grkokatolička=0;Protestantska=0;Romska=0;Hrišćanska=0;Bošnjačka=0;Hrvat=0;Adventistička=1;Bosanac=0;Agnostik=2;Ateist=26;Ostali=3;Ne izjašnjava se=24;Nepoznato=2"
"BA","ba-municipality-2013-geoboundaries-adm3","municipality","ba-municipality-2013-geoboundaries-adm3:glamoc","glamoc","GLAMOČ",2013,3860,"BHAS 2013 Census, Book 2 (Ethnicity/nationality, Religion, Mother tongue), Table 5.1 'Stanovništvo prema vjeroispovijesti i spolu, po općinama/gradovima' (Population by religion and sex, by municipalities/cities), Ukupno/Total (both sexes, all ages). The denominator is the printed municipality total (the BHAS resident-population count).",3840,99.4819,8,0.2073,,,,1068.498,,,"ba-census-2013-book2-t5-1-religion-by-municipality|geoboundaries-bih-adm3-2013","census_declared_religion;all_persons_all_ages_universe;single_select_declared_religion;religious_affiliation_percent_is_summed_named_religion_share;no_religion_percent_is_agnostic_plus_atheist;non_response_undeclared_plus_unknown_in_denominator_neither_slot;shares_need_not_sum_to_100;single_wave_2013_only_1991_held_ethnicity_not_religion_and_no_licensed_prewar_boundary;bhas_official_state_publication_rs_institute_disputed_methodology;boundary_geoboundaries_adm3_public_domain_2013_frame_with_name_crosswalk;source_area_name=GLAMOČ;boundary_source_name=Glamoč;source_categories_verbatim=Islamska=1222;Pravoslavna=1679;Katolička=881;Muslimanska=29;Rimokatolička=22;Srpska=0;Jehovini svjedoci=1;Grkokatolička=0;Protestantska=0;Romska=0;Hrišćanska=3;Bošnjačka=0;Hrvat=3;Adventistička=0;Bosanac=0;Agnostik=2;Ateist=6;Ostali=0;Ne izjašnjava se=12;Nepoznato=0"
"BA","ba-municipality-2013-geoboundaries-adm3","municipality","ba-municipality-2013-geoboundaries-adm3:kupres_fbih","kupres_fbih","KUPRES - FBiH",2013,5057,"BHAS 2013 Census, Book 2 (Ethnicity/nationality, Religion, Mother tongue), Table 5.1 'Stanovništvo prema vjeroispovijesti i spolu, po općinama/gradovima' (Population by religion and sex, by municipalities/cities), Ukupno/Total (both sexes, all ages). The denominator is the printed municipality total (the BHAS resident-population count).",5044,99.7429,6,0.1186,,,,572.4273,,,"ba-census-2013-book2-t5-1-religion-by-municipality|geoboundaries-bih-adm3-2013","census_declared_religion;all_persons_all_ages_universe;single_select_declared_religion;religious_affiliation_percent_is_summed_named_religion_share;no_religion_percent_is_agnostic_plus_atheist;non_response_undeclared_plus_unknown_in_denominator_neither_slot;shares_need_not_sum_to_100;single_wave_2013_only_1991_held_ethnicity_not_religion_and_no_licensed_prewar_boundary;bhas_official_state_publication_rs_institute_disputed_methodology;boundary_geoboundaries_adm3_public_domain_2013_frame_with_name_crosswalk;source_area_name=KUPRES - FBiH;boundary_source_name=Kupres (BiH);source_categories_verbatim=Islamska=249;Pravoslavna=314;Katolička=4476;Muslimanska=0;Rimokatolička=3;Srpska=0;Jehovini svjedoci=0;Grkokatolička=0;Protestantska=0;Romska=0;Hrišćanska=1;Bošnjačka=0;Hrvat=0;Adventistička=0;Bosanac=0;Agnostik=1;Ateist=5;Ostali=1;Ne izjašnjava se=6;Nepoznato=1"
"BA","ba-municipality-2013-geoboundaries-adm3","municipality","ba-municipality-2013-geoboundaries-adm3:livno","livno","LIVNO",2013,34133,"BHAS 2013 Census, Book 2 (Ethnicity/nationality, Religion, Mother tongue), Table 5.1 'Stanovništvo prema vjeroispovijesti i spolu, po općinama/gradovima' (Population by religion and sex, by municipalities/cities), Ukupno/Total (both sexes, all ages). The denominator is the printed municipality total (the BHAS resident-population count).",33688,98.6963,225,0.6592,,,,966.5775,,,"ba-census-2013-book2-t5-1-religion-by-municipality|geoboundaries-bih-adm3-2013","census_declared_religion;all_persons_all_ages_universe;single_select_declared_religion;religious_affiliation_percent_is_summed_named_religion_share;no_religion_percent_is_agnostic_plus_atheist;non_response_undeclared_plus_unknown_in_denominator_neither_slot;shares_need_not_sum_to_100;single_wave_2013_only_1991_held_ethnicity_not_religion_and_no_licensed_prewar_boundary;bhas_official_state_publication_rs_institute_disputed_methodology;boundary_geoboundaries_adm3_public_domain_2013_frame_with_name_crosswalk;source_area_name=LIVNO;boundary_source_name=Livno;source_categories_verbatim=Islamska=3951;Pravoslavna=418;Katolička=28731;Muslimanska=114;Rimokatolička=427;Srpska=10;Jehovini svjedoci=0;Grkokatolička=0;Protestantska=0;Romska=0;Hrišćanska=5;Bošnjačka=10;Hrvat=7;Adventistička=1;Bosanac=0;Agnostik=70;Ateist=155;Ostali=14;Ne izjašnjava se=197;Nepoznato=23"
"BA","ba-municipality-2013-geoboundaries-adm3","municipality","ba-municipality-2013-geoboundaries-adm3:tomislavgrad","tomislavgrad","TOMISLAVGRAD",2013,31592,"BHAS 2013 Census, Book 2 (Ethnicity/nationality, Religion, Mother tongue), Table 5.1 'Stanovništvo prema vjeroispovijesti i spolu, po općinama/gradovima' (Population by religion and sex, by municipalities/cities), Ukupno/Total (both sexes, all ages). The denominator is the printed municipality total (the BHAS resident-population count).",31493,99.6866,7,0.0222,,,,991.4325,,,"ba-census-2013-book2-t5-1-religion-by-municipality|geoboundaries-bih-adm3-2013","census_declared_religion;all_persons_all_ages_universe;single_select_declared_religion;religious_affiliation_percent_is_summed_named_religion_share;no_religion_percent_is_agnostic_plus_atheist;non_response_undeclared_plus_unknown_in_denominator_neither_slot;shares_need_not_sum_to_100;single_wave_2013_only_1991_held_ethnicity_not_religion_and_no_licensed_prewar_boundary;bhas_official_state_publication_rs_institute_disputed_methodology;boundary_geoboundaries_adm3_public_domain_2013_frame_with_name_crosswalk;source_area_name=TOMISLAVGRAD;boundary_source_name=Tomislavgrad;source_categories_verbatim=Islamska=2463;Pravoslavna=18;Katolička=28996;Muslimanska=11;Rimokatolička=1;Srpska=0;Jehovini svjedoci=0;Grkokatolička=0;Protestantska=1;Romska=0;Hrišćanska=0;Bošnjačka=0;Hrvat=0;Adventistička=0;Bosanac=0;Agnostik=2;Ateist=5;Ostali=3;Ne izjašnjava se=44;Nepoznato=48"
"BA","ba-municipality-2013-geoboundaries-adm3","municipality","ba-municipality-2013-geoboundaries-adm3:banja_luka","banja_luka","BANJA LUKA",2013,185042,"BHAS 2013 Census, Book 2 (Ethnicity/nationality, Religion, Mother tongue), Table 5.1 'Stanovništvo prema vjeroispovijesti i spolu, po općinama/gradovima' (Population by religion and sex, by municipalities/cities), Ukupno/Total (both sexes, all ages). The denominator is the printed municipality total (the BHAS resident-population count).",178604,96.5208,3297,1.7818,,,,1213.1845,,,"ba-census-2013-book2-t5-1-religion-by-municipality|geoboundaries-bih-adm3-2013","census_declared_religion;all_persons_all_ages_universe;single_select_declared_religion;religious_affiliation_percent_is_summed_named_religion_share;no_religion_percent_is_agnostic_plus_atheist;non_response_undeclared_plus_unknown_in_denominator_neither_slot;shares_need_not_sum_to_100;single_wave_2013_only_1991_held_ethnicity_not_religion_and_no_licensed_prewar_boundary;bhas_official_state_publication_rs_institute_disputed_methodology;boundary_geoboundaries_adm3_public_domain_2013_frame_with_name_crosswalk;source_area_name=BANJA LUKA;boundary_source_name=Banja Luka;source_categories_verbatim=Islamska=7526;Pravoslavna=164955;Katolička=4842;Muslimanska=180;Rimokatolička=222;Srpska=228;Jehovini svjedoci=110;Grkokatolička=165;Protestantska=28;Romska=17;Hrišćanska=79;Bošnjačka=15;Hrvat=2;Adventistička=23;Bosanac=0;Agnostik=612;Ateist=2685;Ostali=212;Ne izjašnjava se=2774;Nepoznato=367"
"BA","ba-municipality-2013-geoboundaries-adm3","municipality","ba-municipality-2013-geoboundaries-adm3:berkovici","berkovici","BERKOVIĆI",2013,2114,"BHAS 2013 Census, Book 2 (Ethnicity/nationality, Religion, Mother tongue), Table 5.1 'Stanovništvo prema vjeroispovijesti i spolu, po općinama/gradovima' (Population by religion and sex, by municipalities/cities), Ukupno/Total (both sexes, all ages). The denominator is the printed municipality total (the BHAS resident-population count).",2110,99.8108,2,0.0946,,,,302.9,,,"ba-census-2013-book2-t5-1-religion-by-municipality|geoboundaries-bih-adm3-2013","census_declared_religion;all_persons_all_ages_universe;single_select_declared_religion;religious_affiliation_percent_is_summed_named_religion_share;no_religion_percent_is_agnostic_plus_atheist;non_response_undeclared_plus_unknown_in_denominator_neither_slot;shares_need_not_sum_to_100;single_wave_2013_only_1991_held_ethnicity_not_religion_and_no_licensed_prewar_boundary;bhas_official_state_publication_rs_institute_disputed_methodology;boundary_geoboundaries_adm3_public_domain_2013_frame_with_name_crosswalk;source_area_name=BERKOVIĆI;boundary_source_name=Berkovići;source_categories_verbatim=Islamska=159;Pravoslavna=1942;Katolička=6;Muslimanska=0;Rimokatolička=0;Srpska=0;Jehovini svjedoci=0;Grkokatolička=0;Protestantska=0;Romska=0;Hrišćanska=3;Bošnjačka=0;Hrvat=0;Adventistička=0;Bosanac=0;Agnostik=0;Ateist=2;Ostali=0;Ne izjašnjava se=1;Nepoznato=1"
"BA","ba-municipality-2013-geoboundaries-adm3","municipality","ba-municipality-2013-geoboundaries-adm3:bijeljina","bijeljina","BIJELJINA",2013,107715,"BHAS 2013 Census, Book 2 (Ethnicity/nationality, Religion, Mother tongue), Table 5.1 'Stanovništvo prema vjeroispovijesti i spolu, po općinama/gradovima' (Population by religion and sex, by municipalities/cities), Ukupno/Total (both sexes, all ages). The denominator is the printed municipality total (the BHAS resident-population count).",106434,98.8108,421,0.3908,,,,756.1024,,,"ba-census-2013-book2-t5-1-religion-by-municipality|geoboundaries-bih-adm3-2013","census_declared_religion;all_persons_all_ages_universe;single_select_declared_religion;religious_affiliation_percent_is_summed_named_religion_share;no_religion_percent_is_agnostic_plus_atheist;non_response_undeclared_plus_unknown_in_denominator_neither_slot;shares_need_not_sum_to_100;single_wave_2013_only_1991_held_ethnicity_not_religion_and_no_licensed_prewar_boundary;bhas_official_state_publication_rs_institute_disputed_methodology;boundary_geoboundaries_adm3_public_domain_2013_frame_with_name_crosswalk;source_area_name=BIJELJINA;boundary_source_name=Bijeljina;source_categories_verbatim=Islamska=13492;Pravoslavna=91446;Katolička=529;Muslimanska=183;Rimokatolička=19;Srpska=423;Jehovini svjedoci=20;Grkokatolička=0;Protestantska=8;Romska=125;Hrišćanska=49;Bošnjačka=16;Hrvat=5;Adventistička=9;Bosanac=1;Agnostik=63;Ateist=358;Ostali=109;Ne izjašnjava se=744;Nepoznato=116"
"BA","ba-municipality-2013-geoboundaries-adm3","municipality","ba-municipality-2013-geoboundaries-adm3:bileca","bileca","BILEĆA",2013,10807,"BHAS 2013 Census, Book 2 (Ethnicity/nationality, Religion, Mother tongue), Table 5.1 'Stanovništvo prema vjeroispovijesti i spolu, po općinama/gradovima' (Population by religion and sex, by municipalities/cities), Ukupno/Total (both sexes, all ages). The denominator is the printed municipality total (the BHAS resident-population count).",10757,99.5373,8,0.074,,,,638.3227,,,"ba-census-2013-book2-t5-1-religion-by-municipality|geoboundaries-bih-adm3-2013","census_declared_religion;all_persons_all_ages_universe;single_select_declared_religion;religious_affiliation_percent_is_summed_named_religion_share;no_religion_percent_is_agnostic_plus_atheist;non_response_undeclared_plus_unknown_in_denominator_neither_slot;shares_need_not_sum_to_100;single_wave_2013_only_1991_held_ethnicity_not_religion_and_no_licensed_prewar_boundary;bhas_official_state_publication_rs_institute_disputed_methodology;boundary_geoboundaries_adm3_public_domain_2013_frame_with_name_crosswalk;source_area_name=BILEĆA;boundary_source_name=Bileća;source_categories_verbatim=Islamska=23;Pravoslavna=10690;Katolička=18;Muslimanska=4;Rimokatolička=0;Srpska=17;Jehovini svjedoci=0;Grkokatolička=0;Protestantska=0;Romska=0;Hrišćanska=1;Bošnjačka=0;Hrvat=0;Adventistička=0;Bosanac=0;Agnostik=1;Ateist=7;Ostali=4;Ne izjašnjava se=30;Nepoznato=12"
"BA","ba-municipality-2013-geoboundaries-adm3","municipality","ba-municipality-2013-geoboundaries-adm3:bratunac","bratunac","BRATUNAC",2013,20340,"BHAS 2013 Census, Book 2 (Ethnicity/nationality, Religion, Mother tongue), Table 5.1 'Stanovništvo prema vjeroispovijesti i spolu, po općinama/gradovima' (Population by religion and sex, by municipalities/cities), Ukupno/Total (both sexes, all ages). The denominator is the printed municipality total (the BHAS resident-population count).",20259,99.6018,10,0.0492,,,,309.4131,,,"ba-census-2013-book2-t5-1-religion-by-municipality|geoboundaries-bih-adm3-2013","census_declared_religion;all_persons_all_ages_universe;single_select_declared_religion;religious_affiliation_percent_is_summed_named_religion_share;no_religion_percent_is_agnostic_plus_atheist;non_response_undeclared_plus_unknown_in_denominator_neither_slot;shares_need_not_sum_to_100;single_wave_2013_only_1991_held_ethnicity_not_religion_and_no_licensed_prewar_boundary;bhas_official_state_publication_rs_institute_disputed_methodology;boundary_geoboundaries_adm3_public_domain_2013_frame_with_name_crosswalk;source_area_name=BRATUNAC;boundary_source_name=Bratunac;source_categories_verbatim=Islamska=7807;Pravoslavna=12174;Katolička=32;Muslimanska=0;Rimokatolička=2;Srpska=209;Jehovini svjedoci=6;Grkokatolička=0;Protestantska=0;Romska=0;Hrišćanska=17;Bošnjačka=0;Hrvat=0;Adventistička=0;Bosanac=0;Agnostik=2;Ateist=8;Ostali=12;Ne izjašnjava se=23;Nepoznato=48"
"BA","ba-municipality-2013-geoboundaries-adm3","municipality","ba-municipality-2013-geoboundaries-adm3:brod","brod","BROD",2013,16619,"BHAS 2013 Census, Book 2 (Ethnicity/nationality, Religion, Mother tongue), Table 5.1 'Stanovništvo prema vjeroispovijesti i spolu, po općinama/gradovima' (Population by religion and sex, by municipalities/cities), Ukupno/Total (both sexes, all ages). The denominator is the printed municipality total (the BHAS resident-population count).",16273,97.918,137,0.8244,,,,239.3802,,,"ba-census-2013-book2-t5-1-religion-by-municipality|geoboundaries-bih-adm3-2013","census_declared_religion;all_persons_all_ages_universe;single_select_declared_religion;religious_affiliation_percent_is_summed_named_religion_share;no_religion_percent_is_agnostic_plus_atheist;non_response_undeclared_plus_unknown_in_denominator_neither_slot;shares_need_not_sum_to_100;single_wave_2013_only_1991_held_ethnicity_not_religion_and_no_licensed_prewar_boundary;bhas_official_state_publication_rs_institute_disputed_methodology;boundary_geoboundaries_adm3_public_domain_2013_frame_with_name_crosswalk;source_area_name=BROD;boundary_source_name=Brod;source_categories_verbatim=Islamska=1509;Pravoslavna=11480;Katolička=3184;Muslimanska=5;Rimokatolička=47;Srpska=24;Jehovini svjedoci=9;Grkokatolička=0;Protestantska=0;Romska=0;Hrišćanska=0;Bošnjačka=0;Hrvat=0;Adventistička=5;Bosanac=0;Agnostik=18;Ateist=119;Ostali=10;Ne izjašnjava se=171;Nepoznato=38"
"BA","ba-municipality-2013-geoboundaries-adm3","municipality","ba-municipality-2013-geoboundaries-adm3:cajnice","cajnice","ČAJNIČE",2013,4895,"BHAS 2013 Census, Book 2 (Ethnicity/nationality, Religion, Mother tongue), Table 5.1 'Stanovništvo prema vjeroispovijesti i spolu, po općinama/gradovima' (Population by religion and sex, by municipalities/cities), Ukupno/Total (both sexes, all ages). The denominator is the printed municipality total (the BHAS resident-population count).",4885,99.7957,5,0.1021,,,,288.0395,,,"ba-census-2013-book2-t5-1-religion-by-municipality|geoboundaries-bih-adm3-2013","census_declared_religion;all_persons_all_ages_universe;single_select_declared_religion;religious_affiliation_percent_is_summed_named_religion_share;no_religion_percent_is_agnostic_plus_atheist;non_response_undeclared_plus_unknown_in_denominator_neither_slot;shares_need_not_sum_to_100;single_wave_2013_only_1991_held_ethnicity_not_religion_and_no_licensed_prewar_boundary;bhas_official_state_publication_rs_institute_disputed_methodology;boundary_geoboundaries_adm3_public_domain_2013_frame_with_name_crosswalk;source_area_name=ČAJNIČE;boundary_source_name=Čajniče;source_categories_verbatim=Islamska=885;Pravoslavna=3978;Katolička=6;Muslimanska=2;Rimokatolička=0;Srpska=12;Jehovini svjedoci=0;Grkokatolička=0;Protestantska=0;Romska=0;Hrišćanska=1;Bošnjačka=0;Hrvat=0;Adventistička=0;Bosanac=0;Agnostik=1;Ateist=4;Ostali=1;Ne izjašnjava se=1;Nepoznato=4"
"BA","ba-municipality-2013-geoboundaries-adm3","municipality","ba-municipality-2013-geoboundaries-adm3:celinac","celinac","ČELINAC",2013,15548,"BHAS 2013 Census, Book 2 (Ethnicity/nationality, Religion, Mother tongue), Table 5.1 'Stanovništvo prema vjeroispovijesti i spolu, po općinama/gradovima' (Population by religion and sex, by municipalities/cities), Ukupno/Total (both sexes, all ages). The denominator is the printed municipality total (the BHAS resident-population count).",15473,99.5176,31,0.1994,,,,366.5174,,,"ba-census-2013-book2-t5-1-religion-by-municipality|geoboundaries-bih-adm3-2013","census_declared_religion;all_persons_all_ages_universe;single_select_declared_religion;religious_affiliation_percent_is_summed_named_religion_share;no_religion_percent_is_agnostic_plus_atheist;non_response_undeclared_plus_unknown_in_denominator_neither_slot;shares_need_not_sum_to_100;single_wave_2013_only_1991_held_ethnicity_not_religion_and_no_licensed_prewar_boundary;bhas_official_state_publication_rs_institute_disputed_methodology;boundary_geoboundaries_adm3_public_domain_2013_frame_with_name_crosswalk;source_area_name=ČELINAC;boundary_source_name=Čelinac;source_categories_verbatim=Islamska=465;Pravoslavna=14905;Katolička=59;Muslimanska=6;Rimokatolička=1;Srpska=19;Jehovini svjedoci=0;Grkokatolička=3;Protestantska=0;Romska=0;Hrišćanska=5;Bošnjačka=0;Hrvat=0;Adventistička=2;Bosanac=0;Agnostik=8;Ateist=23;Ostali=8;Ne izjašnjava se=34;Nepoznato=10"
"BA","ba-municipality-2013-geoboundaries-adm3","municipality","ba-municipality-2013-geoboundaries-adm3:derventa","derventa","DERVENTA",2013,27404,"BHAS 2013 Census, Book 2 (Ethnicity/nationality, Religion, Mother tongue), Table 5.1 'Stanovništvo prema vjeroispovijesti i spolu, po općinama/gradovima' (Population by religion and sex, by municipalities/cities), Ukupno/Total (both sexes, all ages). The denominator is the printed municipality total (the BHAS resident-population count).",26956,98.3652,126,0.4598,,,,518.2151,,,"ba-census-2013-book2-t5-1-religion-by-municipality|geoboundaries-bih-adm3-2013","census_declared_religion;all_persons_all_ages_universe;single_select_declared_religion;religious_affiliation_percent_is_summed_named_religion_share;no_religion_percent_is_agnostic_plus_atheist;non_response_undeclared_plus_unknown_in_denominator_neither_slot;shares_need_not_sum_to_100;single_wave_2013_only_1991_held_ethnicity_not_religion_and_no_licensed_prewar_boundary;bhas_official_state_publication_rs_institute_disputed_methodology;boundary_geoboundaries_adm3_public_domain_2013_frame_with_name_crosswalk;source_area_name=DERVENTA;boundary_source_name=Derventa;source_categories_verbatim=Islamska=1910;Pravoslavna=22396;Katolička=2500;Muslimanska=26;Rimokatolička=68;Srpska=15;Jehovini svjedoci=6;Grkokatolička=14;Protestantska=0;Romska=0;Hrišćanska=7;Bošnjačka=1;Hrvat=0;Adventistička=0;Bosanac=1;Agnostik=20;Ateist=106;Ostali=12;Ne izjašnjava se=270;Nepoznato=52"
"BA","ba-municipality-2013-geoboundaries-adm3","municipality","ba-municipality-2013-geoboundaries-adm3:doboj","doboj","DOBOJ",2013,71441,"BHAS 2013 Census, Book 2 (Ethnicity/nationality, Religion, Mother tongue), Table 5.1 'Stanovništvo prema vjeroispovijesti i spolu, po općinama/gradovima' (Population by religion and sex, by municipalities/cities), Ukupno/Total (both sexes, all ages). The denominator is the printed municipality total (the BHAS resident-population count).",70269,98.3595,460,0.6439,,,,701.4508,,,"ba-census-2013-book2-t5-1-religion-by-municipality|geoboundaries-bih-adm3-2013","census_declared_religion;all_persons_all_ages_universe;single_select_declared_religion;religious_affiliation_percent_is_summed_named_religion_share;no_religion_percent_is_agnostic_plus_atheist;non_response_undeclared_plus_unknown_in_denominator_neither_slot;shares_need_not_sum_to_100;single_wave_2013_only_1991_held_ethnicity_not_religion_and_no_licensed_prewar_boundary;bhas_official_state_publication_rs_institute_disputed_methodology;boundary_geoboundaries_adm3_public_domain_2013_frame_with_name_crosswalk;source_area_name=DOBOJ;boundary_source_name=Doboj;source_categories_verbatim=Islamska=15243;Pravoslavna=52415;Katolička=1738;Muslimanska=372;Rimokatolička=39;Srpska=306;Jehovini svjedoci=21;Grkokatolička=0;Protestantska=4;Romska=14;Hrišćanska=27;Bošnjačka=15;Hrvat=7;Adventistička=3;Bosanac=1;Agnostik=72;Ateist=388;Ostali=64;Ne izjašnjava se=549;Nepoznato=163"
"BA","ba-municipality-2013-geoboundaries-adm3","municipality","ba-municipality-2013-geoboundaries-adm3:donji_zabar","donji_zabar","DONJI ŽABAR",2013,3809,"BHAS 2013 Census, Book 2 (Ethnicity/nationality, Religion, Mother tongue), Table 5.1 'Stanovništvo prema vjeroispovijesti i spolu, po općinama/gradovima' (Population by religion and sex, by municipalities/cities), Ukupno/Total (both sexes, all ages). The denominator is the printed municipality total (the BHAS resident-population count).",3800,99.7637,1,0.0263,,,,37.9108,,,"ba-census-2013-book2-t5-1-religion-by-municipality|geoboundaries-bih-adm3-2013","census_declared_religion;all_persons_all_ages_universe;single_select_declared_religion;religious_affiliation_percent_is_summed_named_religion_share;no_religion_percent_is_agnostic_plus_atheist;non_response_undeclared_plus_unknown_in_denominator_neither_slot;shares_need_not_sum_to_100;single_wave_2013_only_1991_held_ethnicity_not_religion_and_no_licensed_prewar_boundary;bhas_official_state_publication_rs_institute_disputed_methodology;boundary_geoboundaries_adm3_public_domain_2013_frame_with_name_crosswalk;source_area_name=DONJI ŽABAR;boundary_source_name=Donji Žabar;source_categories_verbatim=Islamska=4;Pravoslavna=2759;Katolička=1014;Muslimanska=3;Rimokatolička=17;Srpska=2;Jehovini svjedoci=0;Grkokatolička=0;Protestantska=0;Romska=0;Hrišćanska=1;Bošnjačka=0;Hrvat=0;Adventistička=0;Bosanac=0;Agnostik=1;Ateist=0;Ostali=0;Ne izjašnjava se=6;Nepoznato=2"
"BA","ba-municipality-2013-geoboundaries-adm3","municipality","ba-municipality-2013-geoboundaries-adm3:foca_rs","foca_rs","FOČA - RS",2013,18288,"BHAS 2013 Census, Book 2 (Ethnicity/nationality, Religion, Mother tongue), Table 5.1 'Stanovništvo prema vjeroispovijesti i spolu, po općinama/gradovima' (Population by religion and sex, by municipalities/cities), Ukupno/Total (both sexes, all ages). The denominator is the printed municipality total (the BHAS resident-population count).",18204,99.5407,39,0.2133,,,,1143.758,,,"ba-census-2013-book2-t5-1-religion-by-municipality|geoboundaries-bih-adm3-2013","census_declared_religion;all_persons_all_ages_universe;single_select_declared_religion;religious_affiliation_percent_is_summed_named_religion_share;no_religion_percent_is_agnostic_plus_atheist;non_response_undeclared_plus_unknown_in_denominator_neither_slot;shares_need_not_sum_to_100;single_wave_2013_only_1991_held_ethnicity_not_religion_and_no_licensed_prewar_boundary;bhas_official_state_publication_rs_institute_disputed_methodology;boundary_geoboundaries_adm3_public_domain_2013_frame_with_name_crosswalk;source_area_name=FOČA - RS;boundary_source_name=Foča;source_categories_verbatim=Islamska=1276;Pravoslavna=16756;Katolička=68;Muslimanska=10;Rimokatolička=0;Srpska=81;Jehovini svjedoci=0;Grkokatolička=0;Protestantska=0;Romska=1;Hrišćanska=0;Bošnjačka=1;Hrvat=0;Adventistička=2;Bosanac=0;Agnostik=3;Ateist=36;Ostali=9;Ne izjašnjava se=28;Nepoznato=17"
"BA","ba-municipality-2013-geoboundaries-adm3","municipality","ba-municipality-2013-geoboundaries-adm3:gacko","gacko","GACKO",2013,8990,"BHAS 2013 Census, Book 2 (Ethnicity/nationality, Religion, Mother tongue), Table 5.1 'Stanovništvo prema vjeroispovijesti i spolu, po općinama/gradovima' (Population by religion and sex, by municipalities/cities), Ukupno/Total (both sexes, all ages). The denominator is the printed municipality total (the BHAS resident-population count).",8973,99.8109,4,0.0445,,,,730.6466,,,"ba-census-2013-book2-t5-1-religion-by-municipality|geoboundaries-bih-adm3-2013","census_declared_religion;all_persons_all_ages_universe;single_select_declared_religion;religious_affiliation_percent_is_summed_named_religion_share;no_religion_percent_is_agnostic_plus_atheist;non_response_undeclared_plus_unknown_in_denominator_neither_slot;shares_need_not_sum_to_100;single_wave_2013_only_1991_held_ethnicity_not_religion_and_no_licensed_prewar_boundary;bhas_official_state_publication_rs_institute_disputed_methodology;boundary_geoboundaries_adm3_public_domain_2013_frame_with_name_crosswalk;source_area_name=GACKO;boundary_source_name=Gacko;source_categories_verbatim=Islamska=367;Pravoslavna=8577;Katolička=13;Muslimanska=2;Rimokatolička=0;Srpska=11;Jehovini svjedoci=0;Grkokatolička=0;Protestantska=0;Romska=0;Hrišćanska=0;Bošnjačka=0;Hrvat=0;Adventistička=0;Bosanac=0;Agnostik=1;Ateist=3;Ostali=3;Ne izjašnjava se=6;Nepoznato=7"
"BA","ba-municipality-2013-geoboundaries-adm3","municipality","ba-municipality-2013-geoboundaries-adm3:gradiska","gradiska","GRADIŠKA",2013,51727,"BHAS 2013 Census, Book 2 (Ethnicity/nationality, Religion, Mother tongue), Table 5.1 'Stanovništvo prema vjeroispovijesti i spolu, po općinama/gradovima' (Population by religion and sex, by municipalities/cities), Ukupno/Total (both sexes, all ages). The denominator is the printed municipality total (the BHAS resident-population count).",51016,98.6255,279,0.5394,,,,754.1259,,,"ba-census-2013-book2-t5-1-religion-by-municipality|geoboundaries-bih-adm3-2013","census_declared_religion;all_persons_all_ages_universe;single_select_declared_religion;religious_affiliation_percent_is_summed_named_religion_share;no_religion_percent_is_agnostic_plus_atheist;non_response_undeclared_plus_unknown_in_denominator_neither_slot;shares_need_not_sum_to_100;single_wave_2013_only_1991_held_ethnicity_not_religion_and_no_licensed_prewar_boundary;bhas_official_state_publication_rs_institute_disputed_methodology;boundary_geoboundaries_adm3_public_domain_2013_frame_with_name_crosswalk;source_area_name=GRADIŠKA;boundary_source_name=Gradiška;source_categories_verbatim=Islamska=7932;Pravoslavna=41854;Katolička=897;Muslimanska=87;Rimokatolička=21;Srpska=63;Jehovini svjedoci=13;Grkokatolička=37;Protestantska=1;Romska=16;Hrišćanska=8;Bošnjačka=10;Hrvat=0;Adventistička=39;Bosanac=0;Agnostik=48;Ateist=231;Ostali=38;Ne izjašnjava se=383;Nepoznato=49"
"BA","ba-municipality-2013-geoboundaries-adm3","municipality","ba-municipality-2013-geoboundaries-adm3:han_pijesak","han_pijesak","HAN PIJESAK",2013,3530,"BHAS 2013 Census, Book 2 (Ethnicity/nationality, Religion, Mother tongue), Table 5.1 'Stanovništvo prema vjeroispovijesti i spolu, po općinama/gradovima' (Population by religion and sex, by municipalities/cities), Ukupno/Total (both sexes, all ages). The denominator is the printed municipality total (the BHAS resident-population count).",3528,99.9433,2,0.0567,,,,350.5527,,,"ba-census-2013-book2-t5-1-religion-by-municipality|geoboundaries-bih-adm3-2013","census_declared_religion;all_persons_all_ages_universe;single_select_declared_religion;religious_affiliation_percent_is_summed_named_religion_share;no_religion_percent_is_agnostic_plus_atheist;non_response_undeclared_plus_unknown_in_denominator_neither_slot;shares_need_not_sum_to_100;single_wave_2013_only_1991_held_ethnicity_not_religion_and_no_licensed_prewar_boundary;bhas_official_state_publication_rs_institute_disputed_methodology;boundary_geoboundaries_adm3_public_domain_2013_frame_with_name_crosswalk;source_area_name=HAN PIJESAK;boundary_source_name=Han Pijesak;source_categories_verbatim=Islamska=446;Pravoslavna=3072;Katolička=5;Muslimanska=2;Rimokatolička=0;Srpska=2;Jehovini svjedoci=0;Grkokatolička=0;Protestantska=0;Romska=0;Hrišćanska=0;Bošnjačka=0;Hrvat=0;Adventistička=0;Bosanac=0;Agnostik=1;Ateist=1;Ostali=1;Ne izjašnjava se=0;Nepoznato=0"
"BA","ba-municipality-2013-geoboundaries-adm3","municipality","ba-municipality-2013-geoboundaries-adm3:istocna_ilidza","istocna_ilidza","ISTOČNA ILIDŽA",2013,14763,"BHAS 2013 Census, Book 2 (Ethnicity/nationality, Religion, Mother tongue), Table 5.1 'Stanovništvo prema vjeroispovijesti i spolu, po općinama/gradovima' (Population by religion and sex, by municipalities/cities), Ukupno/Total (both sexes, all ages). The denominator is the printed municipality total (the BHAS resident-population count).",14581,98.7672,78,0.5283,,,,33.8215,,,"ba-census-2013-book2-t5-1-religion-by-municipality|geoboundaries-bih-adm3-2013","census_declared_religion;all_persons_all_ages_universe;single_select_declared_religion;religious_affiliation_percent_is_summed_named_religion_share;no_religion_percent_is_agnostic_plus_atheist;non_response_undeclared_plus_unknown_in_denominator_neither_slot;shares_need_not_sum_to_100;single_wave_2013_only_1991_held_ethnicity_not_religion_and_no_licensed_prewar_boundary;bhas_official_state_publication_rs_institute_disputed_methodology;boundary_geoboundaries_adm3_public_domain_2013_frame_with_name_crosswalk;source_area_name=ISTOČNA ILIDŽA;boundary_source_name=Istočna Ilidža;source_categories_verbatim=Islamska=646;Pravoslavna=13757;Katolička=150;Muslimanska=3;Rimokatolička=0;Srpska=6;Jehovini svjedoci=3;Grkokatolička=0;Protestantska=3;Romska=0;Hrišćanska=1;Bošnjačka=0;Hrvat=0;Adventistička=0;Bosanac=4;Agnostik=17;Ateist=61;Ostali=8;Ne izjašnjava se=94;Nepoznato=10"
"BA","ba-municipality-2013-geoboundaries-adm3","municipality","ba-municipality-2013-geoboundaries-adm3:istocni_drvar","istocni_drvar","ISTOČNI DRVAR",2013,79,"BHAS 2013 Census, Book 2 (Ethnicity/nationality, Religion, Mother tongue), Table 5.1 'Stanovništvo prema vjeroispovijesti i spolu, po općinama/gradovima' (Population by religion and sex, by municipalities/cities), Ukupno/Total (both sexes, all ages). The denominator is the printed municipality total (the BHAS resident-population count).",79,100,0,0,,,,93.2897,,,"ba-census-2013-book2-t5-1-religion-by-municipality|geoboundaries-bih-adm3-2013","census_declared_religion;all_persons_all_ages_universe;single_select_declared_religion;religious_affiliation_percent_is_summed_named_religion_share;no_religion_percent_is_agnostic_plus_atheist;non_response_undeclared_plus_unknown_in_denominator_neither_slot;shares_need_not_sum_to_100;single_wave_2013_only_1991_held_ethnicity_not_religion_and_no_licensed_prewar_boundary;bhas_official_state_publication_rs_institute_disputed_methodology;boundary_geoboundaries_adm3_public_domain_2013_frame_with_name_crosswalk;source_area_name=ISTOČNI DRVAR;boundary_source_name=Istočni Drvar;source_categories_verbatim=Islamska=0;Pravoslavna=78;Katolička=1;Muslimanska=0;Rimokatolička=0;Srpska=0;Jehovini svjedoci=0;Grkokatolička=0;Protestantska=0;Romska=0;Hrišćanska=0;Bošnjačka=0;Hrvat=0;Adventistička=0;Bosanac=0;Agnostik=0;Ateist=0;Ostali=0;Ne izjašnjava se=0;Nepoznato=0"
"BA","ba-municipality-2013-geoboundaries-adm3","municipality","ba-municipality-2013-geoboundaries-adm3:istocni_mostar","istocni_mostar","ISTOČNI MOSTAR",2013,257,"BHAS 2013 Census, Book 2 (Ethnicity/nationality, Religion, Mother tongue), Table 5.1 'Stanovništvo prema vjeroispovijesti i spolu, po općinama/gradovima' (Population by religion and sex, by municipalities/cities), Ukupno/Total (both sexes, all ages). The denominator is the printed municipality total (the BHAS resident-population count).",255,99.2218,0,0,,,,72.1233,,,"ba-census-2013-book2-t5-1-religion-by-municipality|geoboundaries-bih-adm3-2013","census_declared_religion;all_persons_all_ages_universe;single_select_declared_religion;religious_affiliation_percent_is_summed_named_religion_share;no_religion_percent_is_agnostic_plus_atheist;non_response_undeclared_plus_unknown_in_denominator_neither_slot;shares_need_not_sum_to_100;single_wave_2013_only_1991_held_ethnicity_not_religion_and_no_licensed_prewar_boundary;bhas_official_state_publication_rs_institute_disputed_methodology;boundary_geoboundaries_adm3_public_domain_2013_frame_with_name_crosswalk;source_area_name=ISTOČNI MOSTAR;boundary_source_name=Istočni Mostar;source_categories_verbatim=Islamska=77;Pravoslavna=166;Katolička=11;Muslimanska=1;Rimokatolička=0;Srpska=0;Jehovini svjedoci=0;Grkokatolička=0;Protestantska=0;Romska=0;Hrišćanska=0;Bošnjačka=0;Hrvat=0;Adventistička=0;Bosanac=0;Agnostik=0;Ateist=0;Ostali=0;Ne izjašnjava se=0;Nepoznato=2"
"BA","ba-municipality-2013-geoboundaries-adm3","municipality","ba-municipality-2013-geoboundaries-adm3:istocni_stari_grad","istocni_stari_grad","ISTOČNI STARI GRAD",2013,1131,"BHAS 2013 Census, Book 2 (Ethnicity/nationality, Religion, Mother tongue), Table 5.1 'Stanovništvo prema vjeroispovijesti i spolu, po općinama/gradovima' (Population by religion and sex, by municipalities/cities), Ukupno/Total (both sexes, all ages). The denominator is the printed municipality total (the BHAS resident-population count).",1121,99.1158,2,0.1768,,,,79.4676,,,"ba-census-2013-book2-t5-1-religion-by-municipality|geoboundaries-bih-adm3-2013","census_declared_religion;all_persons_all_ages_universe;single_select_declared_religion;religious_affiliation_percent_is_summed_named_religion_share;no_religion_percent_is_agnostic_plus_atheist;non_response_undeclared_plus_unknown_in_denominator_neither_slot;shares_need_not_sum_to_100;single_wave_2013_only_1991_held_ethnicity_not_religion_and_no_licensed_prewar_boundary;bhas_official_state_publication_rs_institute_disputed_methodology;boundary_geoboundaries_adm3_public_domain_2013_frame_with_name_crosswalk;source_area_name=ISTOČNI STARI GRAD;boundary_source_name=Istočni Stari Grad;source_categories_verbatim=Islamska=40;Pravoslavna=1070;Katolička=6;Muslimanska=2;Rimokatolička=0;Srpska=2;Jehovini svjedoci=1;Grkokatolička=0;Protestantska=0;Romska=0;Hrišćanska=0;Bošnjačka=0;Hrvat=0;Adventistička=0;Bosanac=0;Agnostik=0;Ateist=2;Ostali=0;Ne izjašnjava se=6;Nepoznato=2"
"BA","ba-municipality-2013-geoboundaries-adm3","municipality","ba-municipality-2013-geoboundaries-adm3:istocno_novo_sarajevo","istocno_novo_sarajevo","ISTOČNO NOVO SARAJEVO",2013,10642,"BHAS 2013 Census, Book 2 (Ethnicity/nationality, Religion, Mother tongue), Table 5.1 'Stanovništvo prema vjeroispovijesti i spolu, po općinama/gradovima' (Population by religion and sex, by municipalities/cities), Ukupno/Total (both sexes, all ages). The denominator is the printed municipality total (the BHAS resident-population count).",10518,98.8348,61,0.5732,,,,40.4028,,,"ba-census-2013-book2-t5-1-religion-by-municipality|geoboundaries-bih-adm3-2013","census_declared_religion;all_persons_all_ages_universe;single_select_declared_religion;religious_affiliation_percent_is_summed_named_religion_share;no_religion_percent_is_agnostic_plus_atheist;non_response_undeclared_plus_unknown_in_denominator_neither_slot;shares_need_not_sum_to_100;single_wave_2013_only_1991_held_ethnicity_not_religion_and_no_licensed_prewar_boundary;bhas_official_state_publication_rs_institute_disputed_methodology;boundary_geoboundaries_adm3_public_domain_2013_frame_with_name_crosswalk;source_area_name=ISTOČNO NOVO SARAJEVO;boundary_source_name=Istočno Novo Sarajevo;source_categories_verbatim=Islamska=122;Pravoslavna=10275;Katolička=104;Muslimanska=1;Rimokatolička=0;Srpska=1;Jehovini svjedoci=6;Grkokatolička=1;Protestantska=1;Romska=0;Hrišćanska=3;Bošnjačka=0;Hrvat=0;Adventistička=0;Bosanac=0;Agnostik=23;Ateist=38;Ostali=4;Ne izjašnjava se=58;Nepoznato=5"
"BA","ba-municipality-2013-geoboundaries-adm3","municipality","ba-municipality-2013-geoboundaries-adm3:jezero","jezero","JEZERO",2013,1144,"BHAS 2013 Census, Book 2 (Ethnicity/nationality, Religion, Mother tongue), Table 5.1 'Stanovništvo prema vjeroispovijesti i spolu, po općinama/gradovima' (Population by religion and sex, by municipalities/cities), Ukupno/Total (both sexes, all ages). The denominator is the printed municipality total (the BHAS resident-population count).",1137,99.3881,3,0.2622,,,,77.9412,,,"ba-census-2013-book2-t5-1-religion-by-municipality|geoboundaries-bih-adm3-2013","census_declared_religion;all_persons_all_ages_universe;single_select_declared_religion;religious_affiliation_percent_is_summed_named_religion_share;no_religion_percent_is_agnostic_plus_atheist;non_response_undeclared_plus_unknown_in_denominator_neither_slot;shares_need_not_sum_to_100;single_wave_2013_only_1991_held_ethnicity_not_religion_and_no_licensed_prewar_boundary;bhas_official_state_publication_rs_institute_disputed_methodology;boundary_geoboundaries_adm3_public_domain_2013_frame_with_name_crosswalk;source_area_name=JEZERO;boundary_source_name=Jezero;source_categories_verbatim=Islamska=286;Pravoslavna=842;Katolička=9;Muslimanska=0;Rimokatolička=0;Srpska=0;Jehovini svjedoci=0;Grkokatolička=0;Protestantska=0;Romska=0;Hrišćanska=0;Bošnjačka=0;Hrvat=0;Adventistička=0;Bosanac=0;Agnostik=0;Ateist=3;Ostali=0;Ne izjašnjava se=2;Nepoznato=2"
"BA","ba-municipality-2013-geoboundaries-adm3","municipality","ba-municipality-2013-geoboundaries-adm3:kalinovik","kalinovik","KALINOVIK",2013,2029,"BHAS 2013 Census, Book 2 (Ethnicity/nationality, Religion, Mother tongue), Table 5.1 'Stanovništvo prema vjeroispovijesti i spolu, po općinama/gradovima' (Population by religion and sex, by municipalities/cities), Ukupno/Total (both sexes, all ages). The denominator is the printed municipality total (the BHAS resident-population count).",2022,99.655,2,0.0986,,,,667.4351,,,"ba-census-2013-book2-t5-1-religion-by-municipality|geoboundaries-bih-adm3-2013","census_declared_religion;all_persons_all_ages_universe;single_select_declared_religion;religious_affiliation_percent_is_summed_named_religion_share;no_religion_percent_is_agnostic_plus_atheist;non_response_undeclared_plus_unknown_in_denominator_neither_slot;shares_need_not_sum_to_100;single_wave_2013_only_1991_held_ethnicity_not_religion_and_no_licensed_prewar_boundary;bhas_official_state_publication_rs_institute_disputed_methodology;boundary_geoboundaries_adm3_public_domain_2013_frame_with_name_crosswalk;source_area_name=KALINOVIK;boundary_source_name=Kalinovik;source_categories_verbatim=Islamska=57;Pravoslavna=1957;Katolička=5;Muslimanska=2;Rimokatolička=0;Srpska=0;Jehovini svjedoci=1;Grkokatolička=0;Protestantska=0;Romska=0;Hrišćanska=0;Bošnjačka=0;Hrvat=0;Adventistička=0;Bosanac=0;Agnostik=2;Ateist=0;Ostali=0;Ne izjašnjava se=5;Nepoznato=0"
"BA","ba-municipality-2013-geoboundaries-adm3","municipality","ba-municipality-2013-geoboundaries-adm3:knezevo","knezevo","KNEŽEVO",2013,9793,"BHAS 2013 Census, Book 2 (Ethnicity/nationality, Religion, Mother tongue), Table 5.1 'Stanovništvo prema vjeroispovijesti i spolu, po općinama/gradovima' (Population by religion and sex, by municipalities/cities), Ukupno/Total (both sexes, all ages). The denominator is the printed municipality total (the BHAS resident-population count).",9778,99.8468,5,0.0511,,,,332.3528,,,"ba-census-2013-book2-t5-1-religion-by-municipality|geoboundaries-bih-adm3-2013","census_declared_religion;all_persons_all_ages_universe;single_select_declared_religion;religious_affiliation_percent_is_summed_named_religion_share;no_religion_percent_is_agnostic_plus_atheist;non_response_undeclared_plus_unknown_in_denominator_neither_slot;shares_need_not_sum_to_100;single_wave_2013_only_1991_held_ethnicity_not_religion_and_no_licensed_prewar_boundary;bhas_official_state_publication_rs_institute_disputed_methodology;boundary_geoboundaries_adm3_public_domain_2013_frame_with_name_crosswalk;source_area_name=KNEŽEVO;boundary_source_name=Kneževo;source_categories_verbatim=Islamska=419;Pravoslavna=9266;Katolička=17;Muslimanska=9;Rimokatolička=14;Srpska=48;Jehovini svjedoci=0;Grkokatolička=0;Protestantska=0;Romska=0;Hrišćanska=1;Bošnjačka=2;Hrvat=0;Adventistička=0;Bosanac=0;Agnostik=0;Ateist=5;Ostali=2;Ne izjašnjava se=4;Nepoznato=6"
"BA","ba-municipality-2013-geoboundaries-adm3","municipality","ba-municipality-2013-geoboundaries-adm3:kostajnica","kostajnica","KOSTAJNICA",2013,5977,"BHAS 2013 Census, Book 2 (Ethnicity/nationality, Religion, Mother tongue), Table 5.1 'Stanovništvo prema vjeroispovijesti i spolu, po općinama/gradovima' (Population by religion and sex, by municipalities/cities), Ukupno/Total (both sexes, all ages). The denominator is the printed municipality total (the BHAS resident-population count).",5886,98.4775,21,0.3513,,,,93.1405,,,"ba-census-2013-book2-t5-1-religion-by-municipality|geoboundaries-bih-adm3-2013","census_declared_religion;all_persons_all_ages_universe;single_select_declared_religion;religious_affiliation_percent_is_summed_named_religion_share;no_religion_percent_is_agnostic_plus_atheist;non_response_undeclared_plus_unknown_in_denominator_neither_slot;shares_need_not_sum_to_100;single_wave_2013_only_1991_held_ethnicity_not_religion_and_no_licensed_prewar_boundary;bhas_official_state_publication_rs_institute_disputed_methodology;boundary_geoboundaries_adm3_public_domain_2013_frame_with_name_crosswalk;source_area_name=KOSTAJNICA;boundary_source_name=Kostajnica;source_categories_verbatim=Islamska=1451;Pravoslavna=4328;Katolička=93;Muslimanska=0;Rimokatolička=2;Srpska=10;Jehovini svjedoci=0;Grkokatolička=0;Protestantska=0;Romska=0;Hrišćanska=0;Bošnjačka=0;Hrvat=0;Adventistička=0;Bosanac=0;Agnostik=5;Ateist=16;Ostali=2;Ne izjašnjava se=69;Nepoznato=1"
"BA","ba-municipality-2013-geoboundaries-adm3","municipality","ba-municipality-2013-geoboundaries-adm3:kotor_varos","kotor_varos","KOTOR VAROŠ",2013,19710,"BHAS 2013 Census, Book 2 (Ethnicity/nationality, Religion, Mother tongue), Table 5.1 'Stanovništvo prema vjeroispovijesti i spolu, po općinama/gradovima' (Population by religion and sex, by municipalities/cities), Ukupno/Total (both sexes, all ages). The denominator is the printed municipality total (the BHAS resident-population count).",19514,99.0056,67,0.3399,,,,557.4981,,,"ba-census-2013-book2-t5-1-religion-by-municipality|geoboundaries-bih-adm3-2013","census_declared_religion;all_persons_all_ages_universe;single_select_declared_religion;religious_affiliation_percent_is_summed_named_religion_share;no_religion_percent_is_agnostic_plus_atheist;non_response_undeclared_plus_unknown_in_denominator_neither_slot;shares_need_not_sum_to_100;single_wave_2013_only_1991_held_ethnicity_not_religion_and_no_licensed_prewar_boundary;bhas_official_state_publication_rs_institute_disputed_methodology;boundary_geoboundaries_adm3_public_domain_2013_frame_with_name_crosswalk;source_area_name=KOTOR VAROŠ;boundary_source_name=Kotor Varoš;source_categories_verbatim=Islamska=5215;Pravoslavna=13003;Katolička=1034;Muslimanska=30;Rimokatolička=77;Srpska=120;Jehovini svjedoci=4;Grkokatolička=1;Protestantska=0;Romska=0;Hrišćanska=7;Bošnjačka=2;Hrvat=4;Adventistička=0;Bosanac=0;Agnostik=10;Ateist=57;Ostali=17;Ne izjašnjava se=107;Nepoznato=22"
"BA","ba-municipality-2013-geoboundaries-adm3","municipality","ba-municipality-2013-geoboundaries-adm3:kozarska_dubica","kozarska_dubica","KOZARSKA DUBICA",2013,21524,"BHAS 2013 Census, Book 2 (Ethnicity/nationality, Religion, Mother tongue), Table 5.1 'Stanovništvo prema vjeroispovijesti i spolu, po općinama/gradovima' (Population by religion and sex, by municipalities/cities), Ukupno/Total (both sexes, all ages). The denominator is the printed municipality total (the BHAS resident-population count).",21158,98.2996,160,0.7434,,,,516.162,,,"ba-census-2013-book2-t5-1-religion-by-municipality|geoboundaries-bih-adm3-2013","census_declared_religion;all_persons_all_ages_universe;single_select_declared_religion;religious_affiliation_percent_is_summed_named_religion_share;no_religion_percent_is_agnostic_plus_atheist;non_response_undeclared_plus_unknown_in_denominator_neither_slot;shares_need_not_sum_to_100;single_wave_2013_only_1991_held_ethnicity_not_religion_and_no_licensed_prewar_boundary;bhas_official_state_publication_rs_institute_disputed_methodology;boundary_geoboundaries_adm3_public_domain_2013_frame_with_name_crosswalk;source_area_name=KOZARSKA DUBICA;boundary_source_name=Kozarska Dubica;source_categories_verbatim=Islamska=2183;Pravoslavna=18624;Katolička=266;Muslimanska=33;Rimokatolička=4;Srpska=11;Jehovini svjedoci=9;Grkokatolička=0;Protestantska=2;Romska=0;Hrišćanska=2;Bošnjačka=4;Hrvat=0;Adventistička=11;Bosanac=0;Agnostik=22;Ateist=138;Ostali=9;Ne izjašnjava se=186;Nepoznato=20"
"BA","ba-municipality-2013-geoboundaries-adm3","municipality","ba-municipality-2013-geoboundaries-adm3:krupa_na_uni","krupa_na_uni","KRUPA NA UNI",2013,1597,"BHAS 2013 Census, Book 2 (Ethnicity/nationality, Religion, Mother tongue), Table 5.1 'Stanovništvo prema vjeroispovijesti i spolu, po općinama/gradovima' (Population by religion and sex, by municipalities/cities), Ukupno/Total (both sexes, all ages). The denominator is the printed municipality total (the BHAS resident-population count).",1596,99.9374,0,0,,,,103.271,,,"ba-census-2013-book2-t5-1-religion-by-municipality|geoboundaries-bih-adm3-2013","census_declared_religion;all_persons_all_ages_universe;single_select_declared_religion;religious_affiliation_percent_is_summed_named_religion_share;no_religion_percent_is_agnostic_plus_atheist;non_response_undeclared_plus_unknown_in_denominator_neither_slot;shares_need_not_sum_to_100;single_wave_2013_only_1991_held_ethnicity_not_religion_and_no_licensed_prewar_boundary;bhas_official_state_publication_rs_institute_disputed_methodology;boundary_geoboundaries_adm3_public_domain_2013_frame_with_name_crosswalk;source_area_name=KRUPA NA UNI;boundary_source_name=Kupra na Uni;source_categories_verbatim=Islamska=3;Pravoslavna=1591;Katolička=2;Muslimanska=0;Rimokatolička=0;Srpska=0;Jehovini svjedoci=0;Grkokatolička=0;Protestantska=0;Romska=0;Hrišćanska=0;Bošnjačka=0;Hrvat=0;Adventistička=0;Bosanac=0;Agnostik=0;Ateist=0;Ostali=0;Ne izjašnjava se=0;Nepoznato=1"
"BA","ba-municipality-2013-geoboundaries-adm3","municipality","ba-municipality-2013-geoboundaries-adm3:kupres_rs","kupres_rs","KUPRES - RS",2013,300,"BHAS 2013 Census, Book 2 (Ethnicity/nationality, Religion, Mother tongue), Table 5.1 'Stanovništvo prema vjeroispovijesti i spolu, po općinama/gradovima' (Population by religion and sex, by municipalities/cities), Ukupno/Total (both sexes, all ages). The denominator is the printed municipality total (the BHAS resident-population count).",299,99.6667,0,0,,,,57.0829,,,"ba-census-2013-book2-t5-1-religion-by-municipality|geoboundaries-bih-adm3-2013","census_declared_religion;all_persons_all_ages_universe;single_select_declared_religion;religious_affiliation_percent_is_summed_named_religion_share;no_religion_percent_is_agnostic_plus_atheist;non_response_undeclared_plus_unknown_in_denominator_neither_slot;shares_need_not_sum_to_100;single_wave_2013_only_1991_held_ethnicity_not_religion_and_no_licensed_prewar_boundary;bhas_official_state_publication_rs_institute_disputed_methodology;boundary_geoboundaries_adm3_public_domain_2013_frame_with_name_crosswalk;source_area_name=KUPRES - RS;boundary_source_name=Kupres;source_categories_verbatim=Islamska=0;Pravoslavna=299;Katolička=0;Muslimanska=0;Rimokatolička=0;Srpska=0;Jehovini svjedoci=0;Grkokatolička=0;Protestantska=0;Romska=0;Hrišćanska=0;Bošnjačka=0;Hrvat=0;Adventistička=0;Bosanac=0;Agnostik=0;Ateist=0;Ostali=0;Ne izjašnjava se=1;Nepoznato=0"
"BA","ba-municipality-2013-geoboundaries-adm3","municipality","ba-municipality-2013-geoboundaries-adm3:laktasi","laktasi","LAKTAŠI",2013,34966,"BHAS 2013 Census, Book 2 (Ethnicity/nationality, Religion, Mother tongue), Table 5.1 'Stanovništvo prema vjeroispovijesti i spolu, po općinama/gradovima' (Population by religion and sex, by municipalities/cities), Ukupno/Total (both sexes, all ages). The denominator is the printed municipality total (the BHAS resident-population count).",34537,98.7731,131,0.3746,,,,385.5761,,,"ba-census-2013-book2-t5-1-religion-by-municipality|geoboundaries-bih-adm3-2013","census_declared_religion;all_persons_all_ages_universe;single_select_declared_religion;religious_affiliation_percent_is_summed_named_religion_share;no_religion_percent_is_agnostic_plus_atheist;non_response_undeclared_plus_unknown_in_denominator_neither_slot;shares_need_not_sum_to_100;single_wave_2013_only_1991_held_ethnicity_not_religion_and_no_licensed_prewar_boundary;bhas_official_state_publication_rs_institute_disputed_methodology;boundary_geoboundaries_adm3_public_domain_2013_frame_with_name_crosswalk;source_area_name=LAKTAŠI;boundary_source_name=Laktaši;source_categories_verbatim=Islamska=118;Pravoslavna=33611;Katolička=519;Muslimanska=4;Rimokatolička=40;Srpska=44;Jehovini svjedoci=15;Grkokatolička=123;Protestantska=6;Romska=0;Hrišćanska=5;Bošnjačka=0;Hrvat=0;Adventistička=13;Bosanac=0;Agnostik=35;Ateist=96;Ostali=39;Ne izjašnjava se=249;Nepoznato=49"
"BA","ba-municipality-2013-geoboundaries-adm3","municipality","ba-municipality-2013-geoboundaries-adm3:lopare","lopare","LOPARE",2013,15357,"BHAS 2013 Census, Book 2 (Ethnicity/nationality, Religion, Mother tongue), Table 5.1 'Stanovništvo prema vjeroispovijesti i spolu, po općinama/gradovima' (Population by religion and sex, by municipalities/cities), Ukupno/Total (both sexes, all ages). The denominator is the printed municipality total (the BHAS resident-population count).",15294,99.5898,25,0.1628,,,,303.4066,,,"ba-census-2013-book2-t5-1-religion-by-municipality|geoboundaries-bih-adm3-2013","census_declared_religion;all_persons_all_ages_universe;single_select_declared_religion;religious_affiliation_percent_is_summed_named_religion_share;no_religion_percent_is_agnostic_plus_atheist;non_response_undeclared_plus_unknown_in_denominator_neither_slot;shares_need_not_sum_to_100;single_wave_2013_only_1991_held_ethnicity_not_religion_and_no_licensed_prewar_boundary;bhas_official_state_publication_rs_institute_disputed_methodology;boundary_geoboundaries_adm3_public_domain_2013_frame_with_name_crosswalk;source_area_name=LOPARE;boundary_source_name=Lopare;source_categories_verbatim=Islamska=1376;Pravoslavna=13876;Katolička=41;Muslimanska=0;Rimokatolička=1;Srpska=0;Jehovini svjedoci=0;Grkokatolička=0;Protestantska=0;Romska=0;Hrišćanska=0;Bošnjačka=0;Hrvat=0;Adventistička=0;Bosanac=0;Agnostik=4;Ateist=21;Ostali=0;Ne izjašnjava se=24;Nepoznato=14"
"BA","ba-municipality-2013-geoboundaries-adm3","municipality","ba-municipality-2013-geoboundaries-adm3:ljubinje","ljubinje","LJUBINJE",2013,3511,"BHAS 2013 Census, Book 2 (Ethnicity/nationality, Religion, Mother tongue), Table 5.1 'Stanovništvo prema vjeroispovijesti i spolu, po općinama/gradovima' (Population by religion and sex, by municipalities/cities), Ukupno/Total (both sexes, all ages). The denominator is the printed municipality total (the BHAS resident-population count).",3503,99.7721,1,0.0285,,,,329.3399,,,"ba-census-2013-book2-t5-1-religion-by-municipality|geoboundaries-bih-adm3-2013","census_declared_religion;all_persons_all_ages_universe;single_select_declared_religion;religious_affiliation_percent_is_summed_named_religion_share;no_religion_percent_is_agnostic_plus_atheist;non_response_undeclared_plus_unknown_in_denominator_neither_slot;shares_need_not_sum_to_100;single_wave_2013_only_1991_held_ethnicity_not_religion_and_no_licensed_prewar_boundary;bhas_official_state_publication_rs_institute_disputed_methodology;boundary_geoboundaries_adm3_public_domain_2013_frame_with_name_crosswalk;source_area_name=LJUBINJE;boundary_source_name=Ljubinje;source_categories_verbatim=Islamska=15;Pravoslavna=3482;Katolička=5;Muslimanska=0;Rimokatolička=0;Srpska=0;Jehovini svjedoci=0;Grkokatolička=0;Protestantska=0;Romska=0;Hrišćanska=0;Bošnjačka=0;Hrvat=0;Adventistička=0;Bosanac=0;Agnostik=0;Ateist=1;Ostali=1;Ne izjašnjava se=5;Nepoznato=2"
"BA","ba-municipality-2013-geoboundaries-adm3","municipality","ba-municipality-2013-geoboundaries-adm3:milici","milici","MILIĆI",2013,11441,"BHAS 2013 Census, Book 2 (Ethnicity/nationality, Religion, Mother tongue), Table 5.1 'Stanovništvo prema vjeroispovijesti i spolu, po općinama/gradovima' (Population by religion and sex, by municipalities/cities), Ukupno/Total (both sexes, all ages). The denominator is the printed municipality total (the BHAS resident-population count).",11418,99.799,3,0.0262,,,,253.271,,,"ba-census-2013-book2-t5-1-religion-by-municipality|geoboundaries-bih-adm3-2013","census_declared_religion;all_persons_all_ages_universe;single_select_declared_religion;religious_affiliation_percent_is_summed_named_religion_share;no_religion_percent_is_agnostic_plus_atheist;non_response_undeclared_plus_unknown_in_denominator_neither_slot;shares_need_not_sum_to_100;single_wave_2013_only_1991_held_ethnicity_not_religion_and_no_licensed_prewar_boundary;bhas_official_state_publication_rs_institute_disputed_methodology;boundary_geoboundaries_adm3_public_domain_2013_frame_with_name_crosswalk;source_area_name=MILIĆI;boundary_source_name=Milići;source_categories_verbatim=Islamska=4207;Pravoslavna=7158;Katolička=18;Muslimanska=0;Rimokatolička=0;Srpska=35;Jehovini svjedoci=0;Grkokatolička=0;Protestantska=0;Romska=0;Hrišćanska=0;Bošnjačka=0;Hrvat=0;Adventistička=0;Bosanac=0;Agnostik=0;Ateist=3;Ostali=0;Ne izjašnjava se=12;Nepoznato=8"
"BA","ba-municipality-2013-geoboundaries-adm3","municipality","ba-municipality-2013-geoboundaries-adm3:modrica","modrica","MODRIČA",2013,25720,"BHAS 2013 Census, Book 2 (Ethnicity/nationality, Religion, Mother tongue), Table 5.1 'Stanovništvo prema vjeroispovijesti i spolu, po općinama/gradovima' (Population by religion and sex, by municipalities/cities), Ukupno/Total (both sexes, all ages). The denominator is the printed municipality total (the BHAS resident-population count).",25301,98.3709,131,0.5093,,,,396.4767,,,"ba-census-2013-book2-t5-1-religion-by-municipality|geoboundaries-bih-adm3-2013","census_declared_religion;all_persons_all_ages_universe;single_select_declared_religion;religious_affiliation_percent_is_summed_named_religion_share;no_religion_percent_is_agnostic_plus_atheist;non_response_undeclared_plus_unknown_in_denominator_neither_slot;shares_need_not_sum_to_100;single_wave_2013_only_1991_held_ethnicity_not_religion_and_no_licensed_prewar_boundary;bhas_official_state_publication_rs_institute_disputed_methodology;boundary_geoboundaries_adm3_public_domain_2013_frame_with_name_crosswalk;source_area_name=MODRIČA;boundary_source_name=Modriča;source_categories_verbatim=Islamska=3253;Pravoslavna=20180;Katolička=1649;Muslimanska=58;Rimokatolička=16;Srpska=102;Jehovini svjedoci=12;Grkokatolička=2;Protestantska=3;Romska=2;Hrišćanska=14;Bošnjačka=0;Hrvat=0;Adventistička=0;Bosanac=0;Agnostik=26;Ateist=105;Ostali=10;Ne izjašnjava se=160;Nepoznato=128"
"BA","ba-municipality-2013-geoboundaries-adm3","municipality","ba-municipality-2013-geoboundaries-adm3:mrkonjic_grad","mrkonjic_grad","MRKONJIĆ GRAD",2013,16671,"BHAS 2013 Census, Book 2 (Ethnicity/nationality, Religion, Mother tongue), Table 5.1 'Stanovništvo prema vjeroispovijesti i spolu, po općinama/gradovima' (Population by religion and sex, by municipalities/cities), Ukupno/Total (both sexes, all ages). The denominator is the printed municipality total (the BHAS resident-population count).",16578,99.4421,39,0.2339,,,,658.1538,,,"ba-census-2013-book2-t5-1-religion-by-municipality|geoboundaries-bih-adm3-2013","census_declared_religion;all_persons_all_ages_universe;single_select_declared_religion;religious_affiliation_percent_is_summed_named_religion_share;no_religion_percent_is_agnostic_plus_atheist;non_response_undeclared_plus_unknown_in_denominator_neither_slot;shares_need_not_sum_to_100;single_wave_2013_only_1991_held_ethnicity_not_religion_and_no_licensed_prewar_boundary;bhas_official_state_publication_rs_institute_disputed_methodology;boundary_geoboundaries_adm3_public_domain_2013_frame_with_name_crosswalk;source_area_name=MRKONJIĆ GRAD;boundary_source_name=Mrkonjić Grad;source_categories_verbatim=Islamska=371;Pravoslavna=16041;Katolička=157;Muslimanska=1;Rimokatolička=1;Srpska=0;Jehovini svjedoci=0;Grkokatolička=0;Protestantska=0;Romska=0;Hrišćanska=1;Bošnjačka=0;Hrvat=0;Adventistička=0;Bosanac=0;Agnostik=9;Ateist=30;Ostali=6;Ne izjašnjava se=40;Nepoznato=14"
"BA","ba-municipality-2013-geoboundaries-adm3","municipality","ba-municipality-2013-geoboundaries-adm3:nevesinje","nevesinje","NEVESINJE",2013,12961,"BHAS 2013 Census, Book 2 (Ethnicity/nationality, Religion, Mother tongue), Table 5.1 'Stanovništvo prema vjeroispovijesti i spolu, po općinama/gradovima' (Population by religion and sex, by municipalities/cities), Ukupno/Total (both sexes, all ages). The denominator is the printed municipality total (the BHAS resident-population count).",12927,99.7377,11,0.0849,,,,969.0069,,,"ba-census-2013-book2-t5-1-religion-by-municipality|geoboundaries-bih-adm3-2013","census_declared_religion;all_persons_all_ages_universe;single_select_declared_religion;religious_affiliation_percent_is_summed_named_religion_share;no_religion_percent_is_agnostic_plus_atheist;non_response_undeclared_plus_unknown_in_denominator_neither_slot;shares_need_not_sum_to_100;single_wave_2013_only_1991_held_ethnicity_not_religion_and_no_licensed_prewar_boundary;bhas_official_state_publication_rs_institute_disputed_methodology;boundary_geoboundaries_adm3_public_domain_2013_frame_with_name_crosswalk;source_area_name=NEVESINJE;boundary_source_name=Nevesinje;source_categories_verbatim=Islamska=533;Pravoslavna=12364;Katolička=21;Muslimanska=5;Rimokatolička=0;Srpska=2;Jehovini svjedoci=0;Grkokatolička=0;Protestantska=0;Romska=0;Hrišćanska=0;Bošnjačka=0;Hrvat=0;Adventistička=0;Bosanac=0;Agnostik=3;Ateist=8;Ostali=2;Ne izjašnjava se=16;Nepoznato=7"
"BA","ba-municipality-2013-geoboundaries-adm3","municipality","ba-municipality-2013-geoboundaries-adm3:novi_grad","novi_grad","NOVI GRAD",2013,27115,"BHAS 2013 Census, Book 2 (Ethnicity/nationality, Religion, Mother tongue), Table 5.1 'Stanovništvo prema vjeroispovijesti i spolu, po općinama/gradovima' (Population by religion and sex, by municipalities/cities), Ukupno/Total (both sexes, all ages). The denominator is the printed municipality total (the BHAS resident-population count).",26846,99.0079,97,0.3577,,,,475.3798,,,"ba-census-2013-book2-t5-1-religion-by-municipality|geoboundaries-bih-adm3-2013","census_declared_religion;all_persons_all_ages_universe;single_select_declared_religion;religious_affiliation_percent_is_summed_named_religion_share;no_religion_percent_is_agnostic_plus_atheist;non_response_undeclared_plus_unknown_in_denominator_neither_slot;shares_need_not_sum_to_100;single_wave_2013_only_1991_held_ethnicity_not_religion_and_no_licensed_prewar_boundary;bhas_official_state_publication_rs_institute_disputed_methodology;boundary_geoboundaries_adm3_public_domain_2013_frame_with_name_crosswalk;source_area_name=NOVI GRAD;boundary_source_name=Novi Grad;source_categories_verbatim=Islamska=6478;Pravoslavna=20063;Katolička=161;Muslimanska=38;Rimokatolička=4;Srpska=74;Jehovini svjedoci=0;Grkokatolička=1;Protestantska=2;Romska=0;Hrišćanska=1;Bošnjačka=2;Hrvat=0;Adventistička=0;Bosanac=0;Agnostik=12;Ateist=85;Ostali=22;Ne izjašnjava se=144;Nepoznato=28"
"BA","ba-municipality-2013-geoboundaries-adm3","municipality","ba-municipality-2013-geoboundaries-adm3:novo_gorazde","novo_gorazde","NOVO GORAŽDE",2013,3117,"BHAS 2013 Census, Book 2 (Ethnicity/nationality, Religion, Mother tongue), Table 5.1 'Stanovništvo prema vjeroispovijesti i spolu, po općinama/gradovima' (Population by religion and sex, by municipalities/cities), Ukupno/Total (both sexes, all ages). The denominator is the printed municipality total (the BHAS resident-population count).",3104,99.5829,1,0.0321,,,,163.1029,,,"ba-census-2013-book2-t5-1-religion-by-municipality|geoboundaries-bih-adm3-2013","census_declared_religion;all_persons_all_ages_universe;single_select_declared_religion;religious_affiliation_percent_is_summed_named_religion_share;no_religion_percent_is_agnostic_plus_atheist;non_response_undeclared_plus_unknown_in_denominator_neither_slot;shares_need_not_sum_to_100;single_wave_2013_only_1991_held_ethnicity_not_religion_and_no_licensed_prewar_boundary;bhas_official_state_publication_rs_institute_disputed_methodology;boundary_geoboundaries_adm3_public_domain_2013_frame_with_name_crosswalk;source_area_name=NOVO GORAŽDE;boundary_source_name=Ustiprača;source_categories_verbatim=Islamska=1461;Pravoslavna=1620;Katolička=2;Muslimanska=21;Rimokatolička=0;Srpska=0;Jehovini svjedoci=0;Grkokatolička=0;Protestantska=0;Romska=0;Hrišćanska=0;Bošnjačka=0;Hrvat=0;Adventistička=0;Bosanac=0;Agnostik=0;Ateist=1;Ostali=0;Ne izjašnjava se=5;Nepoznato=7"
"BA","ba-municipality-2013-geoboundaries-adm3","municipality","ba-municipality-2013-geoboundaries-adm3:osmaci","osmaci","OSMACI",2013,6016,"BHAS 2013 Census, Book 2 (Ethnicity/nationality, Religion, Mother tongue), Table 5.1 'Stanovništvo prema vjeroispovijesti i spolu, po općinama/gradovima' (Population by religion and sex, by municipalities/cities), Ukupno/Total (both sexes, all ages). The denominator is the printed municipality total (the BHAS resident-population count).",6008,99.867,1,0.0166,,,,86.0325,,,"ba-census-2013-book2-t5-1-religion-by-municipality|geoboundaries-bih-adm3-2013","census_declared_religion;all_persons_all_ages_universe;single_select_declared_religion;religious_affiliation_percent_is_summed_named_religion_share;no_religion_percent_is_agnostic_plus_atheist;non_response_undeclared_plus_unknown_in_denominator_neither_slot;shares_need_not_sum_to_100;single_wave_2013_only_1991_held_ethnicity_not_religion_and_no_licensed_prewar_boundary;bhas_official_state_publication_rs_institute_disputed_methodology;boundary_geoboundaries_adm3_public_domain_2013_frame_with_name_crosswalk;source_area_name=OSMACI;boundary_source_name=Osmaci;source_categories_verbatim=Islamska=2868;Pravoslavna=3091;Katolička=5;Muslimanska=28;Rimokatolička=0;Srpska=14;Jehovini svjedoci=0;Grkokatolička=0;Protestantska=0;Romska=0;Hrišćanska=0;Bošnjačka=2;Hrvat=0;Adventistička=0;Bosanac=0;Agnostik=0;Ateist=1;Ostali=0;Ne izjašnjava se=3;Nepoznato=4"
"BA","ba-municipality-2013-geoboundaries-adm3","municipality","ba-municipality-2013-geoboundaries-adm3:ostra_luka","ostra_luka","OŠTRA LUKA",2013,2786,"BHAS 2013 Census, Book 2 (Ethnicity/nationality, Religion, Mother tongue), Table 5.1 'Stanovništvo prema vjeroispovijesti i spolu, po općinama/gradovima' (Population by religion and sex, by municipalities/cities), Ukupno/Total (both sexes, all ages). The denominator is the printed municipality total (the BHAS resident-population count).",2764,99.2103,6,0.2154,,,,236.8479,,,"ba-census-2013-book2-t5-1-religion-by-municipality|geoboundaries-bih-adm3-2013","census_declared_religion;all_persons_all_ages_universe;single_select_declared_religion;religious_affiliation_percent_is_summed_named_religion_share;no_religion_percent_is_agnostic_plus_atheist;non_response_undeclared_plus_unknown_in_denominator_neither_slot;shares_need_not_sum_to_100;single_wave_2013_only_1991_held_ethnicity_not_religion_and_no_licensed_prewar_boundary;bhas_official_state_publication_rs_institute_disputed_methodology;boundary_geoboundaries_adm3_public_domain_2013_frame_with_name_crosswalk;source_area_name=OŠTRA LUKA;boundary_source_name=Oštra Luka;source_categories_verbatim=Islamska=26;Pravoslavna=2573;Katolička=142;Muslimanska=0;Rimokatolička=19;Srpska=3;Jehovini svjedoci=0;Grkokatolička=0;Protestantska=0;Romska=0;Hrišćanska=1;Bošnjačka=0;Hrvat=0;Adventistička=0;Bosanac=0;Agnostik=2;Ateist=4;Ostali=0;Ne izjašnjava se=13;Nepoznato=3"
"BA","ba-municipality-2013-geoboundaries-adm3","municipality","ba-municipality-2013-geoboundaries-adm3:pale_rs","pale_rs","PALE - RS",2013,20909,"BHAS 2013 Census, Book 2 (Ethnicity/nationality, Religion, Mother tongue), Table 5.1 'Stanovništvo prema vjeroispovijesti i spolu, po općinama/gradovima' (Population by religion and sex, by municipalities/cities), Ukupno/Total (both sexes, all ages). The denominator is the printed municipality total (the BHAS resident-population count).",20772,99.3448,65,0.3109,,,,509.4072,,,"ba-census-2013-book2-t5-1-religion-by-municipality|geoboundaries-bih-adm3-2013","census_declared_religion;all_persons_all_ages_universe;single_select_declared_religion;religious_affiliation_percent_is_summed_named_religion_share;no_religion_percent_is_agnostic_plus_atheist;non_response_undeclared_plus_unknown_in_denominator_neither_slot;shares_need_not_sum_to_100;single_wave_2013_only_1991_held_ethnicity_not_religion_and_no_licensed_prewar_boundary;bhas_official_state_publication_rs_institute_disputed_methodology;boundary_geoboundaries_adm3_public_domain_2013_frame_with_name_crosswalk;source_area_name=PALE - RS;boundary_source_name=Pale;source_categories_verbatim=Islamska=180;Pravoslavna=20419;Katolička=118;Muslimanska=1;Rimokatolička=3;Srpska=33;Jehovini svjedoci=0;Grkokatolička=0;Protestantska=0;Romska=0;Hrišćanska=10;Bošnjačka=0;Hrvat=1;Adventistička=0;Bosanac=0;Agnostik=17;Ateist=48;Ostali=7;Ne izjašnjava se=60;Nepoznato=12"
"BA","ba-municipality-2013-geoboundaries-adm3","municipality","ba-municipality-2013-geoboundaries-adm3:pelagicevo","pelagicevo","PELAGIĆEVO",2013,5220,"BHAS 2013 Census, Book 2 (Ethnicity/nationality, Religion, Mother tongue), Table 5.1 'Stanovništvo prema vjeroispovijesti i spolu, po općinama/gradovima' (Population by religion and sex, by municipalities/cities), Ukupno/Total (both sexes, all ages). The denominator is the printed municipality total (the BHAS resident-population count).",5206,99.7318,1,0.0192,,,,118.2234,,,"ba-census-2013-book2-t5-1-religion-by-municipality|geoboundaries-bih-adm3-2013","census_declared_religion;all_persons_all_ages_universe;single_select_declared_religion;religious_affiliation_percent_is_summed_named_religion_share;no_religion_percent_is_agnostic_plus_atheist;non_response_undeclared_plus_unknown_in_denominator_neither_slot;shares_need_not_sum_to_100;single_wave_2013_only_1991_held_ethnicity_not_religion_and_no_licensed_prewar_boundary;bhas_official_state_publication_rs_institute_disputed_methodology;boundary_geoboundaries_adm3_public_domain_2013_frame_with_name_crosswalk;source_area_name=PELAGIĆEVO;boundary_source_name=Pelagićevo;source_categories_verbatim=Islamska=13;Pravoslavna=3337;Katolička=1845;Muslimanska=1;Rimokatolička=8;Srpska=1;Jehovini svjedoci=0;Grkokatolička=0;Protestantska=0;Romska=0;Hrišćanska=0;Bošnjačka=0;Hrvat=0;Adventistička=0;Bosanac=0;Agnostik=0;Ateist=1;Ostali=1;Ne izjašnjava se=7;Nepoznato=6"
"BA","ba-municipality-2013-geoboundaries-adm3","municipality","ba-municipality-2013-geoboundaries-adm3:petrovac","petrovac","PETROVAC",2013,361,"BHAS 2013 Census, Book 2 (Ethnicity/nationality, Religion, Mother tongue), Table 5.1 'Stanovništvo prema vjeroispovijesti i spolu, po općinama/gradovima' (Population by religion and sex, by municipalities/cities), Ukupno/Total (both sexes, all ages). The denominator is the printed municipality total (the BHAS resident-population count).",359,99.446,2,0.554,,,,164.0028,,,"ba-census-2013-book2-t5-1-religion-by-municipality|geoboundaries-bih-adm3-2013","census_declared_religion;all_persons_all_ages_universe;single_select_declared_religion;religious_affiliation_percent_is_summed_named_religion_share;no_religion_percent_is_agnostic_plus_atheist;non_response_undeclared_plus_unknown_in_denominator_neither_slot;shares_need_not_sum_to_100;single_wave_2013_only_1991_held_ethnicity_not_religion_and_no_licensed_prewar_boundary;bhas_official_state_publication_rs_institute_disputed_methodology;boundary_geoboundaries_adm3_public_domain_2013_frame_with_name_crosswalk;source_area_name=PETROVAC;boundary_source_name=Petrovac;source_categories_verbatim=Islamska=0;Pravoslavna=359;Katolička=0;Muslimanska=0;Rimokatolička=0;Srpska=0;Jehovini svjedoci=0;Grkokatolička=0;Protestantska=0;Romska=0;Hrišćanska=0;Bošnjačka=0;Hrvat=0;Adventistička=0;Bosanac=0;Agnostik=0;Ateist=2;Ostali=0;Ne izjašnjava se=0;Nepoznato=0"
"BA","ba-municipality-2013-geoboundaries-adm3","municipality","ba-municipality-2013-geoboundaries-adm3:petrovo","petrovo","PETROVO",2013,6474,"BHAS 2013 Census, Book 2 (Ethnicity/nationality, Religion, Mother tongue), Table 5.1 'Stanovništvo prema vjeroispovijesti i spolu, po općinama/gradovima' (Population by religion and sex, by municipalities/cities), Ukupno/Total (both sexes, all ages). The denominator is the printed municipality total (the BHAS resident-population count).",6438,99.4439,11,0.1699,,,,245.6737,,,"ba-census-2013-book2-t5-1-religion-by-municipality|geoboundaries-bih-adm3-2013","census_declared_religion;all_persons_all_ages_universe;single_select_declared_religion;religious_affiliation_percent_is_summed_named_religion_share;no_religion_percent_is_agnostic_plus_atheist;non_response_undeclared_plus_unknown_in_denominator_neither_slot;shares_need_not_sum_to_100;single_wave_2013_only_1991_held_ethnicity_not_religion_and_no_licensed_prewar_boundary;bhas_official_state_publication_rs_institute_disputed_methodology;boundary_geoboundaries_adm3_public_domain_2013_frame_with_name_crosswalk;source_area_name=PETROVO;boundary_source_name=Petrovo;source_categories_verbatim=Islamska=9;Pravoslavna=6372;Katolička=37;Muslimanska=2;Rimokatolička=0;Srpska=1;Jehovini svjedoci=8;Grkokatolička=0;Protestantska=0;Romska=2;Hrišćanska=2;Bošnjačka=0;Hrvat=0;Adventistička=1;Bosanac=0;Agnostik=1;Ateist=10;Ostali=4;Ne izjašnjava se=21;Nepoznato=4"
"BA","ba-municipality-2013-geoboundaries-adm3","municipality","ba-municipality-2013-geoboundaries-adm3:prijedor","prijedor","PRIJEDOR",2013,89397,"BHAS 2013 Census, Book 2 (Ethnicity/nationality, Religion, Mother tongue), Table 5.1 'Stanovništvo prema vjeroispovijesti i spolu, po općinama/gradovima' (Population by religion and sex, by municipalities/cities), Ukupno/Total (both sexes, all ages). The denominator is the printed municipality total (the BHAS resident-population count).",87564,97.9496,630,0.7047,,,,807.7104,,,"ba-census-2013-book2-t5-1-religion-by-municipality|geoboundaries-bih-adm3-2013","census_declared_religion;all_persons_all_ages_universe;single_select_declared_religion;religious_affiliation_percent_is_summed_named_religion_share;no_religion_percent_is_agnostic_plus_atheist;non_response_undeclared_plus_unknown_in_denominator_neither_slot;shares_need_not_sum_to_100;single_wave_2013_only_1991_held_ethnicity_not_religion_and_no_licensed_prewar_boundary;bhas_official_state_publication_rs_institute_disputed_methodology;boundary_geoboundaries_adm3_public_domain_2013_frame_with_name_crosswalk;source_area_name=PRIJEDOR;boundary_source_name=Prijedor;source_categories_verbatim=Islamska=29005;Pravoslavna=55365;Katolička=1640;Muslimanska=286;Rimokatolička=145;Srpska=692;Jehovini svjedoci=23;Grkokatolička=202;Protestantska=23;Romska=19;Hrišćanska=17;Bošnjačka=8;Hrvat=15;Adventistička=18;Bosanac=0;Agnostik=92;Ateist=538;Ostali=106;Ne izjašnjava se=813;Nepoznato=390"
"BA","ba-municipality-2013-geoboundaries-adm3","municipality","ba-municipality-2013-geoboundaries-adm3:prnjavor","prnjavor","PRNJAVOR",2013,35956,"BHAS 2013 Census, Book 2 (Ethnicity/nationality, Religion, Mother tongue), Table 5.1 'Stanovništvo prema vjeroispovijesti i spolu, po općinama/gradovima' (Population by religion and sex, by municipalities/cities), Ukupno/Total (both sexes, all ages). The denominator is the printed municipality total (the BHAS resident-population count).",35550,98.8708,135,0.3755,,,,639.961,,,"ba-census-2013-book2-t5-1-religion-by-municipality|geoboundaries-bih-adm3-2013","census_declared_religion;all_persons_all_ages_universe;single_select_declared_religion;religious_affiliation_percent_is_summed_named_religion_share;no_religion_percent_is_agnostic_plus_atheist;non_response_undeclared_plus_unknown_in_denominator_neither_slot;shares_need_not_sum_to_100;single_wave_2013_only_1991_held_ethnicity_not_religion_and_no_licensed_prewar_boundary;bhas_official_state_publication_rs_institute_disputed_methodology;boundary_geoboundaries_adm3_public_domain_2013_frame_with_name_crosswalk;source_area_name=PRNJAVOR;boundary_source_name=Prnjavor;source_categories_verbatim=Islamska=3005;Pravoslavna=31211;Katolička=691;Muslimanska=60;Rimokatolička=91;Srpska=57;Jehovini svjedoci=1;Grkokatolička=345;Protestantska=0;Romska=1;Hrišćanska=8;Bošnjačka=11;Hrvat=0;Adventistička=11;Bosanac=0;Agnostik=27;Ateist=108;Ostali=58;Ne izjašnjava se=236;Nepoznato=35"
"BA","ba-municipality-2013-geoboundaries-adm3","municipality","ba-municipality-2013-geoboundaries-adm3:ribnik","ribnik","RIBNIK",2013,6048,"BHAS 2013 Census, Book 2 (Ethnicity/nationality, Religion, Mother tongue), Table 5.1 'Stanovništvo prema vjeroispovijesti i spolu, po općinama/gradovima' (Population by religion and sex, by municipalities/cities), Ukupno/Total (both sexes, all ages). The denominator is the printed municipality total (the BHAS resident-population count).",6037,99.8181,5,0.0827,,,,549.4219,,,"ba-census-2013-book2-t5-1-religion-by-municipality|geoboundaries-bih-adm3-2013","census_declared_religion;all_persons_all_ages_universe;single_select_declared_religion;religious_affiliation_percent_is_summed_named_religion_share;no_religion_percent_is_agnostic_plus_atheist;non_response_undeclared_plus_unknown_in_denominator_neither_slot;shares_need_not_sum_to_100;single_wave_2013_only_1991_held_ethnicity_not_religion_and_no_licensed_prewar_boundary;bhas_official_state_publication_rs_institute_disputed_methodology;boundary_geoboundaries_adm3_public_domain_2013_frame_with_name_crosswalk;source_area_name=RIBNIK;boundary_source_name=Ribnik;source_categories_verbatim=Islamska=0;Pravoslavna=6018;Katolička=7;Muslimanska=1;Rimokatolička=0;Srpska=3;Jehovini svjedoci=0;Grkokatolička=0;Protestantska=0;Romska=1;Hrišćanska=2;Bošnjačka=0;Hrvat=0;Adventistička=5;Bosanac=0;Agnostik=0;Ateist=5;Ostali=0;Ne izjašnjava se=4;Nepoznato=2"
"BA","ba-municipality-2013-geoboundaries-adm3","municipality","ba-municipality-2013-geoboundaries-adm3:rogatica","rogatica","ROGATICA",2013,10723,"BHAS 2013 Census, Book 2 (Ethnicity/nationality, Religion, Mother tongue), Table 5.1 'Stanovništvo prema vjeroispovijesti i spolu, po općinama/gradovima' (Population by religion and sex, by municipalities/cities), Ukupno/Total (both sexes, all ages). The denominator is the printed municipality total (the BHAS resident-population count).",10685,99.6456,25,0.2331,,,,632.6631,,,"ba-census-2013-book2-t5-1-religion-by-municipality|geoboundaries-bih-adm3-2013","census_declared_religion;all_persons_all_ages_universe;single_select_declared_religion;religious_affiliation_percent_is_summed_named_religion_share;no_religion_percent_is_agnostic_plus_atheist;non_response_undeclared_plus_unknown_in_denominator_neither_slot;shares_need_not_sum_to_100;single_wave_2013_only_1991_held_ethnicity_not_religion_and_no_licensed_prewar_boundary;bhas_official_state_publication_rs_institute_disputed_methodology;boundary_geoboundaries_adm3_public_domain_2013_frame_with_name_crosswalk;source_area_name=ROGATICA;boundary_source_name=Rogatica;source_categories_verbatim=Islamska=1112;Pravoslavna=9506;Katolička=17;Muslimanska=23;Rimokatolička=1;Srpska=18;Jehovini svjedoci=0;Grkokatolička=0;Protestantska=0;Romska=0;Hrišćanska=2;Bošnjačka=5;Hrvat=0;Adventistička=0;Bosanac=0;Agnostik=2;Ateist=23;Ostali=1;Ne izjašnjava se=8;Nepoznato=5"
"BA","ba-municipality-2013-geoboundaries-adm3","municipality","ba-municipality-2013-geoboundaries-adm3:rudo","rudo","RUDO",2013,7963,"BHAS 2013 Census, Book 2 (Ethnicity/nationality, Religion, Mother tongue), Table 5.1 'Stanovništvo prema vjeroispovijesti i spolu, po općinama/gradovima' (Population by religion and sex, by municipalities/cities), Ukupno/Total (both sexes, all ages). The denominator is the printed municipality total (the BHAS resident-population count).",7942,99.7363,13,0.1633,,,,344.0396,,,"ba-census-2013-book2-t5-1-religion-by-municipality|geoboundaries-bih-adm3-2013","census_declared_religion;all_persons_all_ages_universe;single_select_declared_religion;religious_affiliation_percent_is_summed_named_religion_share;no_religion_percent_is_agnostic_plus_atheist;non_response_undeclared_plus_unknown_in_denominator_neither_slot;shares_need_not_sum_to_100;single_wave_2013_only_1991_held_ethnicity_not_religion_and_no_licensed_prewar_boundary;bhas_official_state_publication_rs_institute_disputed_methodology;boundary_geoboundaries_adm3_public_domain_2013_frame_with_name_crosswalk;source_area_name=RUDO;boundary_source_name=Rudo;source_categories_verbatim=Islamska=691;Pravoslavna=7247;Katolička=4;Muslimanska=0;Rimokatolička=0;Srpska=0;Jehovini svjedoci=0;Grkokatolička=0;Protestantska=0;Romska=0;Hrišćanska=0;Bošnjačka=0;Hrvat=0;Adventistička=0;Bosanac=0;Agnostik=1;Ateist=12;Ostali=0;Ne izjašnjava se=4;Nepoznato=4"
"BA","ba-municipality-2013-geoboundaries-adm3","municipality","ba-municipality-2013-geoboundaries-adm3:sokolac","sokolac","SOKOLAC",2013,12021,"BHAS 2013 Census, Book 2 (Ethnicity/nationality, Religion, Mother tongue), Table 5.1 'Stanovništvo prema vjeroispovijesti i spolu, po općinama/gradovima' (Population by religion and sex, by municipalities/cities), Ukupno/Total (both sexes, all ages). The denominator is the printed municipality total (the BHAS resident-population count).",11969,99.5674,17,0.1414,,,,718.0599,,,"ba-census-2013-book2-t5-1-religion-by-municipality|geoboundaries-bih-adm3-2013","census_declared_religion;all_persons_all_ages_universe;single_select_declared_religion;religious_affiliation_percent_is_summed_named_religion_share;no_religion_percent_is_agnostic_plus_atheist;non_response_undeclared_plus_unknown_in_denominator_neither_slot;shares_need_not_sum_to_100;single_wave_2013_only_1991_held_ethnicity_not_religion_and_no_licensed_prewar_boundary;bhas_official_state_publication_rs_institute_disputed_methodology;boundary_geoboundaries_adm3_public_domain_2013_frame_with_name_crosswalk;source_area_name=SOKOLAC;boundary_source_name=Sokolac;source_categories_verbatim=Islamska=662;Pravoslavna=11253;Katolička=23;Muslimanska=18;Rimokatolička=1;Srpska=7;Jehovini svjedoci=0;Grkokatolička=0;Protestantska=0;Romska=0;Hrišćanska=0;Bošnjačka=2;Hrvat=0;Adventistička=0;Bosanac=0;Agnostik=2;Ateist=15;Ostali=3;Ne izjašnjava se=20;Nepoznato=15"
"BA","ba-municipality-2013-geoboundaries-adm3","municipality","ba-municipality-2013-geoboundaries-adm3:srbac","srbac","SRBAC",2013,17587,"BHAS 2013 Census, Book 2 (Ethnicity/nationality, Religion, Mother tongue), Table 5.1 'Stanovništvo prema vjeroispovijesti i spolu, po općinama/gradovima' (Population by religion and sex, by municipalities/cities), Ukupno/Total (both sexes, all ages). The denominator is the printed municipality total (the BHAS resident-population count).",17401,98.9424,55,0.3127,,,,472.0663,,,"ba-census-2013-book2-t5-1-religion-by-municipality|geoboundaries-bih-adm3-2013","census_declared_religion;all_persons_all_ages_universe;single_select_declared_religion;religious_affiliation_percent_is_summed_named_religion_share;no_religion_percent_is_agnostic_plus_atheist;non_response_undeclared_plus_unknown_in_denominator_neither_slot;shares_need_not_sum_to_100;single_wave_2013_only_1991_held_ethnicity_not_religion_and_no_licensed_prewar_boundary;bhas_official_state_publication_rs_institute_disputed_methodology;boundary_geoboundaries_adm3_public_domain_2013_frame_with_name_crosswalk;source_area_name=SRBAC;boundary_source_name=Srbac;source_categories_verbatim=Islamska=423;Pravoslavna=16723;Katolička=157;Muslimanska=1;Rimokatolička=2;Srpska=0;Jehovini svjedoci=12;Grkokatolička=56;Protestantska=2;Romska=0;Hrišćanska=0;Bošnjačka=2;Hrvat=0;Adventistička=14;Bosanac=0;Agnostik=8;Ateist=47;Ostali=9;Ne izjašnjava se=101;Nepoznato=30"
"BA","ba-municipality-2013-geoboundaries-adm3","municipality","ba-municipality-2013-geoboundaries-adm3:srebrenica","srebrenica","SREBRENICA",2013,13409,"BHAS 2013 Census, Book 2 (Ethnicity/nationality, Religion, Mother tongue), Table 5.1 'Stanovništvo prema vjeroispovijesti i spolu, po općinama/gradovima' (Population by religion and sex, by municipalities/cities), Ukupno/Total (both sexes, all ages). The denominator is the printed municipality total (the BHAS resident-population count).",13335,99.4481,16,0.1193,,,,517.3975,,,"ba-census-2013-book2-t5-1-religion-by-municipality|geoboundaries-bih-adm3-2013","census_declared_religion;all_persons_all_ages_universe;single_select_declared_religion;religious_affiliation_percent_is_summed_named_religion_share;no_religion_percent_is_agnostic_plus_atheist;non_response_undeclared_plus_unknown_in_denominator_neither_slot;shares_need_not_sum_to_100;single_wave_2013_only_1991_held_ethnicity_not_religion_and_no_licensed_prewar_boundary;bhas_official_state_publication_rs_institute_disputed_methodology;boundary_geoboundaries_adm3_public_domain_2013_frame_with_name_crosswalk;source_area_name=SREBRENICA;boundary_source_name=Srebrenica;source_categories_verbatim=Islamska=7258;Pravoslavna=5978;Katolička=20;Muslimanska=11;Rimokatolička=0;Srpska=60;Jehovini svjedoci=5;Grkokatolička=0;Protestantska=1;Romska=0;Hrišćanska=0;Bošnjačka=0;Hrvat=0;Adventistička=0;Bosanac=0;Agnostik=1;Ateist=15;Ostali=2;Ne izjašnjava se=22;Nepoznato=36"
"BA","ba-municipality-2013-geoboundaries-adm3","municipality","ba-municipality-2013-geoboundaries-adm3:samac","samac","ŠAMAC",2013,17273,"BHAS 2013 Census, Book 2 (Ethnicity/nationality, Religion, Mother tongue), Table 5.1 'Stanovništvo prema vjeroispovijesti i spolu, po općinama/gradovima' (Population by religion and sex, by municipalities/cities), Ukupno/Total (both sexes, all ages). The denominator is the printed municipality total (the BHAS resident-population count).",16976,98.2806,108,0.6253,,,,183.0559,,,"ba-census-2013-book2-t5-1-religion-by-municipality|geoboundaries-bih-adm3-2013","census_declared_religion;all_persons_all_ages_universe;single_select_declared_religion;religious_affiliation_percent_is_summed_named_religion_share;no_religion_percent_is_agnostic_plus_atheist;non_response_undeclared_plus_unknown_in_denominator_neither_slot;shares_need_not_sum_to_100;single_wave_2013_only_1991_held_ethnicity_not_religion_and_no_licensed_prewar_boundary;bhas_official_state_publication_rs_institute_disputed_methodology;boundary_geoboundaries_adm3_public_domain_2013_frame_with_name_crosswalk;source_area_name=ŠAMAC;boundary_source_name=Šamac;source_categories_verbatim=Islamska=1222;Pravoslavna=13255;Katolička=2332;Muslimanska=3;Rimokatolička=113;Srpska=29;Jehovini svjedoci=8;Grkokatolička=1;Protestantska=1;Romska=0;Hrišćanska=2;Bošnjačka=0;Hrvat=1;Adventistička=1;Bosanac=0;Agnostik=21;Ateist=87;Ostali=8;Ne izjašnjava se=168;Nepoznato=21"
"BA","ba-municipality-2013-geoboundaries-adm3","municipality","ba-municipality-2013-geoboundaries-adm3:sekovici","sekovici","ŠEKOVIĆI",2013,6761,"BHAS 2013 Census, Book 2 (Ethnicity/nationality, Religion, Mother tongue), Table 5.1 'Stanovništvo prema vjeroispovijesti i spolu, po općinama/gradovima' (Population by religion and sex, by municipalities/cities), Ukupno/Total (both sexes, all ages). The denominator is the printed municipality total (the BHAS resident-population count).",6739,99.6746,9,0.1331,,,,247.0653,,,"ba-census-2013-book2-t5-1-religion-by-municipality|geoboundaries-bih-adm3-2013","census_declared_religion;all_persons_all_ages_universe;single_select_declared_religion;religious_affiliation_percent_is_summed_named_religion_share;no_religion_percent_is_agnostic_plus_atheist;non_response_undeclared_plus_unknown_in_denominator_neither_slot;shares_need_not_sum_to_100;single_wave_2013_only_1991_held_ethnicity_not_religion_and_no_licensed_prewar_boundary;bhas_official_state_publication_rs_institute_disputed_methodology;boundary_geoboundaries_adm3_public_domain_2013_frame_with_name_crosswalk;source_area_name=ŠEKOVIĆI;boundary_source_name=Šekovići;source_categories_verbatim=Islamska=112;Pravoslavna=6619;Katolička=7;Muslimanska=0;Rimokatolička=0;Srpska=0;Jehovini svjedoci=0;Grkokatolička=0;Protestantska=0;Romska=0;Hrišćanska=0;Bošnjačka=0;Hrvat=0;Adventistička=0;Bosanac=0;Agnostik=1;Ateist=8;Ostali=1;Ne izjašnjava se=4;Nepoznato=9"
"BA","ba-municipality-2013-geoboundaries-adm3","municipality","ba-municipality-2013-geoboundaries-adm3:sipovo","sipovo","ŠIPOVO",2013,10293,"BHAS 2013 Census, Book 2 (Ethnicity/nationality, Religion, Mother tongue), Table 5.1 'Stanovništvo prema vjeroispovijesti i spolu, po općinama/gradovima' (Population by religion and sex, by municipalities/cities), Ukupno/Total (both sexes, all ages). The denominator is the printed municipality total (the BHAS resident-population count).",10254,99.6211,14,0.136,,,,536.5624,,,"ba-census-2013-book2-t5-1-religion-by-municipality|geoboundaries-bih-adm3-2013","census_declared_religion;all_persons_all_ages_universe;single_select_declared_religion;religious_affiliation_percent_is_summed_named_religion_share;no_religion_percent_is_agnostic_plus_atheist;non_response_undeclared_plus_unknown_in_denominator_neither_slot;shares_need_not_sum_to_100;single_wave_2013_only_1991_held_ethnicity_not_religion_and_no_licensed_prewar_boundary;bhas_official_state_publication_rs_institute_disputed_methodology;boundary_geoboundaries_adm3_public_domain_2013_frame_with_name_crosswalk;source_area_name=ŠIPOVO;boundary_source_name=Šipovo;source_categories_verbatim=Islamska=633;Pravoslavna=9571;Katolička=18;Muslimanska=7;Rimokatolička=0;Srpska=21;Jehovini svjedoci=0;Grkokatolička=0;Protestantska=0;Romska=0;Hrišćanska=0;Bošnjačka=0;Hrvat=0;Adventistička=0;Bosanac=0;Agnostik=0;Ateist=14;Ostali=4;Ne izjašnjava se=19;Nepoznato=6"
"BA","ba-municipality-2013-geoboundaries-adm3","municipality","ba-municipality-2013-geoboundaries-adm3:teslic","teslic","TESLIĆ",2013,38536,"BHAS 2013 Census, Book 2 (Ethnicity/nationality, Religion, Mother tongue), Table 5.1 'Stanovništvo prema vjeroispovijesti i spolu, po općinama/gradovima' (Population by religion and sex, by municipalities/cities), Ukupno/Total (both sexes, all ages). The denominator is the printed municipality total (the BHAS resident-population count).",37954,98.4897,210,0.5449,,,,842.563,,,"ba-census-2013-book2-t5-1-religion-by-municipality|geoboundaries-bih-adm3-2013","census_declared_religion;all_persons_all_ages_universe;single_select_declared_religion;religious_affiliation_percent_is_summed_named_religion_share;no_religion_percent_is_agnostic_plus_atheist;non_response_undeclared_plus_unknown_in_denominator_neither_slot;shares_need_not_sum_to_100;single_wave_2013_only_1991_held_ethnicity_not_religion_and_no_licensed_prewar_boundary;bhas_official_state_publication_rs_institute_disputed_methodology;boundary_geoboundaries_adm3_public_domain_2013_frame_with_name_crosswalk;source_area_name=TESLIĆ;boundary_source_name=Teslić;source_categories_verbatim=Islamska=7226;Pravoslavna=29013;Katolička=1390;Muslimanska=68;Rimokatolička=63;Srpska=122;Jehovini svjedoci=5;Grkokatolička=3;Protestantska=0;Romska=7;Hrišćanska=8;Bošnjačka=4;Hrvat=1;Adventistička=0;Bosanac=2;Agnostik=40;Ateist=170;Ostali=42;Ne izjašnjava se=323;Nepoznato=49"
"BA","ba-municipality-2013-geoboundaries-adm3","municipality","ba-municipality-2013-geoboundaries-adm3:trebinje","trebinje","TREBINJE",2013,29198,"BHAS 2013 Census, Book 2 (Ethnicity/nationality, Religion, Mother tongue), Table 5.1 'Stanovništvo prema vjeroispovijesti i spolu, po općinama/gradovima' (Population by religion and sex, by municipalities/cities), Ukupno/Total (both sexes, all ages). The denominator is the printed municipality total (the BHAS resident-population count).",28840,98.7739,160,0.548,,,,871.2729,,,"ba-census-2013-book2-t5-1-religion-by-municipality|geoboundaries-bih-adm3-2013","census_declared_religion;all_persons_all_ages_universe;single_select_declared_religion;religious_affiliation_percent_is_summed_named_religion_share;no_religion_percent_is_agnostic_plus_atheist;non_response_undeclared_plus_unknown_in_denominator_neither_slot;shares_need_not_sum_to_100;single_wave_2013_only_1991_held_ethnicity_not_religion_and_no_licensed_prewar_boundary;bhas_official_state_publication_rs_institute_disputed_methodology;boundary_geoboundaries_adm3_public_domain_2013_frame_with_name_crosswalk;source_area_name=TREBINJE;boundary_source_name=Trebinje;source_categories_verbatim=Islamska=975;Pravoslavna=27471;Katolička=295;Muslimanska=3;Rimokatolička=2;Srpska=51;Jehovini svjedoci=0;Grkokatolička=1;Protestantska=6;Romska=2;Hrišćanska=9;Bošnjačka=0;Hrvat=0;Adventistička=1;Bosanac=0;Agnostik=34;Ateist=126;Ostali=24;Ne izjašnjava se=183;Nepoznato=15"
"BA","ba-municipality-2013-geoboundaries-adm3","municipality","ba-municipality-2013-geoboundaries-adm3:trnovo_rs","trnovo_rs","TRNOVO - RS",2013,2050,"BHAS 2013 Census, Book 2 (Ethnicity/nationality, Religion, Mother tongue), Table 5.1 'Stanovništvo prema vjeroispovijesti i spolu, po općinama/gradovima' (Population by religion and sex, by municipalities/cities), Ukupno/Total (both sexes, all ages). The denominator is the printed municipality total (the BHAS resident-population count).",2035,99.2683,10,0.4878,,,,118.5775,,,"ba-census-2013-book2-t5-1-religion-by-municipality|geoboundaries-bih-adm3-2013","census_declared_religion;all_persons_all_ages_universe;single_select_declared_religion;religious_affiliation_percent_is_summed_named_religion_share;no_religion_percent_is_agnostic_plus_atheist;non_response_undeclared_plus_unknown_in_denominator_neither_slot;shares_need_not_sum_to_100;single_wave_2013_only_1991_held_ethnicity_not_religion_and_no_licensed_prewar_boundary;bhas_official_state_publication_rs_institute_disputed_methodology;boundary_geoboundaries_adm3_public_domain_2013_frame_with_name_crosswalk;source_area_name=TRNOVO - RS;boundary_source_name=Trnovo (RS);source_categories_verbatim=Islamska=821;Pravoslavna=1182;Katolička=15;Muslimanska=16;Rimokatolička=0;Srpska=0;Jehovini svjedoci=0;Grkokatolička=0;Protestantska=0;Romska=0;Hrišćanska=0;Bošnjačka=0;Hrvat=0;Adventistička=0;Bosanac=0;Agnostik=3;Ateist=7;Ostali=1;Ne izjašnjava se=4;Nepoznato=1"
"BA","ba-municipality-2013-geoboundaries-adm3","municipality","ba-municipality-2013-geoboundaries-adm3:ugljevik","ugljevik","UGLJEVIK",2013,15710,"BHAS 2013 Census, Book 2 (Ethnicity/nationality, Religion, Mother tongue), Table 5.1 'Stanovništvo prema vjeroispovijesti i spolu, po općinama/gradovima' (Population by religion and sex, by municipalities/cities), Ukupno/Total (both sexes, all ages). The denominator is the printed municipality total (the BHAS resident-population count).",15649,99.6117,24,0.1528,,,,176.9129,,,"ba-census-2013-book2-t5-1-religion-by-municipality|geoboundaries-bih-adm3-2013","census_declared_religion;all_persons_all_ages_universe;single_select_declared_religion;religious_affiliation_percent_is_summed_named_religion_share;no_religion_percent_is_agnostic_plus_atheist;non_response_undeclared_plus_unknown_in_denominator_neither_slot;shares_need_not_sum_to_100;single_wave_2013_only_1991_held_ethnicity_not_religion_and_no_licensed_prewar_boundary;bhas_official_state_publication_rs_institute_disputed_methodology;boundary_geoboundaries_adm3_public_domain_2013_frame_with_name_crosswalk;source_area_name=UGLJEVIK;boundary_source_name=Ugljevik;source_categories_verbatim=Islamska=2188;Pravoslavna=13419;Katolička=40;Muslimanska=0;Rimokatolička=0;Srpska=0;Jehovini svjedoci=0;Grkokatolička=0;Protestantska=0;Romska=0;Hrišćanska=0;Bošnjačka=0;Hrvat=0;Adventistička=0;Bosanac=0;Agnostik=1;Ateist=23;Ostali=2;Ne izjašnjava se=24;Nepoznato=13"
"BA","ba-municipality-2013-geoboundaries-adm3","municipality","ba-municipality-2013-geoboundaries-adm3:visegrad","visegrad","VIŠEGRAD",2013,10668,"BHAS 2013 Census, Book 2 (Ethnicity/nationality, Religion, Mother tongue), Table 5.1 'Stanovništvo prema vjeroispovijesti i spolu, po općinama/gradovima' (Population by religion and sex, by municipalities/cities), Ukupno/Total (both sexes, all ages). The denominator is the printed municipality total (the BHAS resident-population count).",10447,97.9284,23,0.2156,,,,468.9874,,,"ba-census-2013-book2-t5-1-religion-by-municipality|geoboundaries-bih-adm3-2013","census_declared_religion;all_persons_all_ages_universe;single_select_declared_religion;religious_affiliation_percent_is_summed_named_religion_share;no_religion_percent_is_agnostic_plus_atheist;non_response_undeclared_plus_unknown_in_denominator_neither_slot;shares_need_not_sum_to_100;single_wave_2013_only_1991_held_ethnicity_not_religion_and_no_licensed_prewar_boundary;bhas_official_state_publication_rs_institute_disputed_methodology;boundary_geoboundaries_adm3_public_domain_2013_frame_with_name_crosswalk;source_area_name=VIŠEGRAD;boundary_source_name=Republika Srpska;source_categories_verbatim=Islamska=1024;Pravoslavna=9309;Katolička=34;Muslimanska=33;Rimokatolička=0;Srpska=41;Jehovini svjedoci=0;Grkokatolička=0;Protestantska=0;Romska=0;Hrišćanska=2;Bošnjačka=0;Hrvat=0;Adventistička=0;Bosanac=0;Agnostik=2;Ateist=21;Ostali=4;Ne izjašnjava se=18;Nepoznato=180"
"BA","ba-municipality-2013-geoboundaries-adm3","municipality","ba-municipality-2013-geoboundaries-adm3:vlasenica","vlasenica","VLASENICA",2013,11467,"BHAS 2013 Census, Book 2 (Ethnicity/nationality, Religion, Mother tongue), Table 5.1 'Stanovništvo prema vjeroispovijesti i spolu, po općinama/gradovima' (Population by religion and sex, by municipalities/cities), Ukupno/Total (both sexes, all ages). The denominator is the printed municipality total (the BHAS resident-population count).",11404,99.4506,21,0.1831,,,,224.9997,,,"ba-census-2013-book2-t5-1-religion-by-municipality|geoboundaries-bih-adm3-2013","census_declared_religion;all_persons_all_ages_universe;single_select_declared_religion;religious_affiliation_percent_is_summed_named_religion_share;no_religion_percent_is_agnostic_plus_atheist;non_response_undeclared_plus_unknown_in_denominator_neither_slot;shares_need_not_sum_to_100;single_wave_2013_only_1991_held_ethnicity_not_religion_and_no_licensed_prewar_boundary;bhas_official_state_publication_rs_institute_disputed_methodology;boundary_geoboundaries_adm3_public_domain_2013_frame_with_name_crosswalk;source_area_name=VLASENICA;boundary_source_name=Vlasenica;source_categories_verbatim=Islamska=3755;Pravoslavna=7503;Katolička=23;Muslimanska=3;Rimokatolička=0;Srpska=96;Jehovini svjedoci=7;Grkokatolička=0;Protestantska=0;Romska=0;Hrišćanska=7;Bošnjačka=0;Hrvat=0;Adventistička=0;Bosanac=0;Agnostik=4;Ateist=17;Ostali=10;Ne izjašnjava se=18;Nepoznato=24"
"BA","ba-municipality-2013-geoboundaries-adm3","municipality","ba-municipality-2013-geoboundaries-adm3:vukosavlje","vukosavlje","VUKOSAVLJE",2013,4667,"BHAS 2013 Census, Book 2 (Ethnicity/nationality, Religion, Mother tongue), Table 5.1 'Stanovništvo prema vjeroispovijesti i spolu, po općinama/gradovima' (Population by religion and sex, by municipalities/cities), Ukupno/Total (both sexes, all ages). The denominator is the printed municipality total (the BHAS resident-population count).",4609,98.7572,11,0.2357,,,,62.8234,,,"ba-census-2013-book2-t5-1-religion-by-municipality|geoboundaries-bih-adm3-2013","census_declared_religion;all_persons_all_ages_universe;single_select_declared_religion;religious_affiliation_percent_is_summed_named_religion_share;no_religion_percent_is_agnostic_plus_atheist;non_response_undeclared_plus_unknown_in_denominator_neither_slot;shares_need_not_sum_to_100;single_wave_2013_only_1991_held_ethnicity_not_religion_and_no_licensed_prewar_boundary;bhas_official_state_publication_rs_institute_disputed_methodology;boundary_geoboundaries_adm3_public_domain_2013_frame_with_name_crosswalk;source_area_name=VUKOSAVLJE;boundary_source_name=Vukosavlje;source_categories_verbatim=Islamska=2310;Pravoslavna=1509;Katolička=756;Muslimanska=3;Rimokatolička=23;Srpska=8;Jehovini svjedoci=0;Grkokatolička=0;Protestantska=0;Romska=0;Hrišćanska=0;Bošnjačka=0;Hrvat=0;Adventistička=0;Bosanac=0;Agnostik=1;Ateist=10;Ostali=0;Ne izjašnjava se=33;Nepoznato=14"
"BA","ba-municipality-2013-geoboundaries-adm3","municipality","ba-municipality-2013-geoboundaries-adm3:zvornik","zvornik","ZVORNIK",2013,58856,"BHAS 2013 Census, Book 2 (Ethnicity/nationality, Religion, Mother tongue), Table 5.1 'Stanovništvo prema vjeroispovijesti i spolu, po općinama/gradovima' (Population by religion and sex, by municipalities/cities), Ukupno/Total (both sexes, all ages). The denominator is the printed municipality total (the BHAS resident-population count).",58600,99.565,70,0.1189,,,,411.7648,,,"ba-census-2013-book2-t5-1-religion-by-municipality|geoboundaries-bih-adm3-2013","census_declared_religion;all_persons_all_ages_universe;single_select_declared_religion;religious_affiliation_percent_is_summed_named_religion_share;no_religion_percent_is_agnostic_plus_atheist;non_response_undeclared_plus_unknown_in_denominator_neither_slot;shares_need_not_sum_to_100;single_wave_2013_only_1991_held_ethnicity_not_religion_and_no_licensed_prewar_boundary;bhas_official_state_publication_rs_institute_disputed_methodology;boundary_geoboundaries_adm3_public_domain_2013_frame_with_name_crosswalk;source_area_name=ZVORNIK;boundary_source_name=Zvornik;source_categories_verbatim=Islamska=19869;Pravoslavna=38449;Katolička=85;Muslimanska=9;Rimokatolička=0;Srpska=155;Jehovini svjedoci=12;Grkokatolička=0;Protestantska=0;Romska=0;Hrišćanska=9;Bošnjačka=1;Hrvat=1;Adventistička=0;Bosanac=1;Agnostik=9;Ateist=61;Ostali=9;Ne izjašnjava se=79;Nepoznato=107"
"BA","ba-municipality-2013-geoboundaries-adm3","municipality","ba-municipality-2013-geoboundaries-adm3:brcko_distrikt","brcko_distrikt","BRČKO DISTRIKT BOSNE I HERCEGOVINE",2013,83516,"BHAS 2013 Census, Book 2 (Ethnicity/nationality, Religion, Mother tongue), Table 5.1 'Stanovništvo prema vjeroispovijesti i spolu, po općinama/gradovima' (Population by religion and sex, by municipalities/cities), Ukupno/Total (both sexes, all ages). The denominator is the printed municipality total (the BHAS resident-population count).",82349,98.6027,434,0.5197,,,,486.7055,,,"ba-census-2013-book2-t5-1-religion-by-municipality|geoboundaries-bih-adm3-2013","census_declared_religion;all_persons_all_ages_universe;single_select_declared_religion;religious_affiliation_percent_is_summed_named_religion_share;no_religion_percent_is_agnostic_plus_atheist;non_response_undeclared_plus_unknown_in_denominator_neither_slot;shares_need_not_sum_to_100;single_wave_2013_only_1991_held_ethnicity_not_religion_and_no_licensed_prewar_boundary;bhas_official_state_publication_rs_institute_disputed_methodology;boundary_geoboundaries_adm3_public_domain_2013_frame_with_name_crosswalk;source_area_name=BRČKO DISTRIKT BOSNE I HERCEGOVINE;boundary_source_name=Brcko District;source_categories_verbatim=Islamska=35844;Pravoslavna=28838;Katolička=17000;Muslimanska=189;Rimokatolička=218;Srpska=154;Jehovini svjedoci=10;Grkokatolička=1;Protestantska=14;Romska=13;Hrišćanska=14;Bošnjačka=6;Hrvat=7;Adventistička=0;Bosanac=2;Agnostik=103;Ateist=331;Ostali=39;Ne izjašnjava se=636;Nepoznato=97"
