"country_code","boundary_set_id","boundary_level","area_unit_id","area_code","area_name","year","population_total","population_total_basis","religious_affiliation_count","religious_affiliation_percent","no_religion_count","no_religion_percent","place_count","places_per_10000_residents","place_density_per_sq_km","land_area_sq_km","site_snapshot_date","place_count_basis","source_dataset_ids","quality_flag"
"UK","uk-ew-lad-2021","ew_ltla","uk-ew-lad-2021:E06000001","E06000001","Hartlepool",2001,80595,"people with a stated current-religion response (all usual residents minus not answered or religion not stated)",72249,89.64,8346,10.36,,,,93.77,,,"nomis-c2001ks007-lad2011-ew|ons-lad-may-2021-uk-bgc|ons-lad11-lad21-ew-lookup",""
"UK","uk-ew-lad-2021","ew_ltla","uk-ew-lad-2021:E06000001","E06000001","Hartlepool",2011,86149,"people with a stated current-religion response (all usual residents minus not answered or religion not stated)",65642,76.2,20507,23.8,,,,93.77,,,"nomis-c2011ks209ew-lad2011-ew|ons-lad-may-2021-uk-bgc|ons-lad11-lad21-ew-lookup",""
"UK","uk-ew-lad-2021","ew_ltla","uk-ew-lad-2021:E06000001","E06000001","Hartlepool",2021,87583,"people with a stated current-religion response (all usual residents minus not answered or religion not stated)",50588,57.76,36995,42.24,,,,93.77,,,"nomis-c2021ts030-lad2022-ew|ons-lad-may-2021-uk-bgc|ons-lad11-lad21-ew-lookup",""
"UK","uk-ew-lad-2021","ew_ltla","uk-ew-lad-2021:E06000002","E06000002","Middlesbrough",2001,124117,"people with a stated current-religion response (all usual residents minus not answered or religion not stated)",110463,89,13654,11,,,,53.86,,,"nomis-c2001ks007-lad2011-ew|ons-lad-may-2021-uk-bgc|ons-lad11-lad21-ew-lookup",""
"UK","uk-ew-lad-2021","ew_ltla","uk-ew-lad-2021:E06000002","E06000002","Middlesbrough",2011,129881,"people with a stated current-religion response (all usual residents minus not answered or religion not stated)",99084,76.29,30797,23.71,,,,53.86,,,"nomis-c2011ks209ew-lad2011-ew|ons-lad-may-2021-uk-bgc|ons-lad11-lad21-ew-lookup",""
"UK","uk-ew-lad-2021","ew_ltla","uk-ew-lad-2021:E06000002","E06000002","Middlesbrough",2021,136241,"people with a stated current-religion response (all usual residents minus not answered or religion not stated)",83826,61.53,52415,38.47,,,,53.86,,,"nomis-c2021ts030-lad2022-ew|ons-lad-may-2021-uk-bgc|ons-lad11-lad21-ew-lookup",""
"UK","uk-ew-lad-2021","ew_ltla","uk-ew-lad-2021:E06000003","E06000003","Redcar and Cleveland",2001,128969,"people with a stated current-religion response (all usual residents minus not answered or religion not stated)",115341,89.43,13628,10.57,,,,245.14,,,"nomis-c2001ks007-lad2011-ew|ons-lad-may-2021-uk-bgc|ons-lad11-lad21-ew-lookup",""
"UK","uk-ew-lad-2021","ew_ltla","uk-ew-lad-2021:E06000003","E06000003","Redcar and Cleveland",2011,126452,"people with a stated current-religion response (all usual residents minus not answered or religion not stated)",96398,76.23,30054,23.77,,,,245.14,,,"nomis-c2011ks209ew-lad2011-ew|ons-lad-may-2021-uk-bgc|ons-lad11-lad21-ew-lookup",""
"UK","uk-ew-lad-2021","ew_ltla","uk-ew-lad-2021:E06000003","E06000003","Redcar and Cleveland",2021,129281,"people with a stated current-religion response (all usual residents minus not answered or religion not stated)",74360,57.52,54921,42.48,,,,245.14,,,"nomis-c2021ts030-lad2022-ew|ons-lad-may-2021-uk-bgc|ons-lad11-lad21-ew-lookup",""
"UK","uk-ew-lad-2021","ew_ltla","uk-ew-lad-2021:E06000004","E06000004","Stockton-on-Tees",2001,167091,"people with a stated current-religion response (all usual residents minus not answered or religion not stated)",149230,89.31,17861,10.69,,,,204.9,,,"nomis-c2001ks007-lad2011-ew|ons-lad-may-2021-uk-bgc|ons-lad11-lad21-ew-lookup",""
"UK","uk-ew-lad-2021","ew_ltla","uk-ew-lad-2021:E06000004","E06000004","Stockton-on-Tees",2011,179940,"people with a stated current-religion response (all usual residents minus not answered or religion not stated)",137030,76.15,42910,23.85,,,,204.9,,,"nomis-c2011ks209ew-lad2011-ew|ons-lad-may-2021-uk-bgc|ons-lad11-lad21-ew-lookup",""
"UK","uk-ew-lad-2021","ew_ltla","uk-ew-lad-2021:E06000004","E06000004","Stockton-on-Tees",2021,186671,"people with a stated current-religion response (all usual residents minus not answered or religion not stated)",109831,58.84,76840,41.16,,,,204.9,,,"nomis-c2021ts030-lad2022-ew|ons-lad-may-2021-uk-bgc|ons-lad11-lad21-ew-lookup",""
"UK","uk-ew-lad-2021","ew_ltla","uk-ew-lad-2021:E06000005","E06000005","Darlington",2001,90486,"people with a stated current-religion response (all usual residents minus not answered or religion not stated)",79330,87.67,11156,12.33,,,,197.49,,,"nomis-c2001ks007-lad2011-ew|ons-lad-may-2021-uk-bgc|ons-lad11-lad21-ew-lookup",""
"UK","uk-ew-lad-2021","ew_ltla","uk-ew-lad-2021:E06000005","E06000005","Darlington",2011,98848,"people with a stated current-religion response (all usual residents minus not answered or religion not stated)",73433,74.29,25415,25.71,,,,197.49,,,"nomis-c2011ks209ew-lad2011-ew|ons-lad-may-2021-uk-bgc|ons-lad11-lad21-ew-lookup",""
"UK","uk-ew-lad-2021","ew_ltla","uk-ew-lad-2021:E06000005","E06000005","Darlington",2021,102503,"people with a stated current-religion response (all usual residents minus not answered or religion not stated)",59723,58.26,42780,41.74,,,,197.49,,,"nomis-c2021ts030-lad2022-ew|ons-lad-may-2021-uk-bgc|ons-lad11-lad21-ew-lookup",""
"UK","uk-ew-lad-2021","ew_ltla","uk-ew-lad-2021:E06000006","E06000006","Halton",2001,109931,"people with a stated current-religion response (all usual residents minus not answered or religion not stated)",99658,90.66,10273,9.34,,,,79.08,,,"nomis-c2001ks007-lad2011-ew|ons-lad-may-2021-uk-bgc|ons-lad11-lad21-ew-lookup",""
"UK","uk-ew-lad-2021","ew_ltla","uk-ew-lad-2021:E06000006","E06000006","Halton",2011,118936,"people with a stated current-religion response (all usual residents minus not answered or religion not stated)",95393,80.21,23543,19.79,,,,79.08,,,"nomis-c2011ks209ew-lad2011-ew|ons-lad-may-2021-uk-bgc|ons-lad11-lad21-ew-lookup",""
"UK","uk-ew-lad-2021","ew_ltla","uk-ew-lad-2021:E06000006","E06000006","Halton",2021,122532,"people with a stated current-religion response (all usual residents minus not answered or religion not stated)",77271,63.06,45261,36.94,,,,79.08,,,"nomis-c2021ts030-lad2022-ew|ons-lad-may-2021-uk-bgc|ons-lad11-lad21-ew-lookup",""
"UK","uk-ew-lad-2021","ew_ltla","uk-ew-lad-2021:E06000007","E06000007","Warrington",2001,178706,"people with a stated current-religion response (all usual residents minus not answered or religion not stated)",159106,89.03,19600,10.97,,,,180.62,,,"nomis-c2001ks007-lad2011-ew|ons-lad-may-2021-uk-bgc|ons-lad11-lad21-ew-lookup",""
"UK","uk-ew-lad-2021","ew_ltla","uk-ew-lad-2021:E06000007","E06000007","Warrington",2011,190391,"people with a stated current-religion response (all usual residents minus not answered or religion not stated)",149098,78.31,41293,21.69,,,,180.62,,,"nomis-c2011ks209ew-lad2011-ew|ons-lad-may-2021-uk-bgc|ons-lad11-lad21-ew-lookup",""
"UK","uk-ew-lad-2021","ew_ltla","uk-ew-lad-2021:E06000007","E06000007","Warrington",2021,199940,"people with a stated current-religion response (all usual residents minus not answered or religion not stated)",126898,63.47,73042,36.53,,,,180.62,,,"nomis-c2021ts030-lad2022-ew|ons-lad-may-2021-uk-bgc|ons-lad11-lad21-ew-lookup",""
"UK","uk-ew-lad-2021","ew_ltla","uk-ew-lad-2021:E06000008","E06000008","Blackburn with Darwen",2001,125617,"people with a stated current-religion response (all usual residents minus not answered or religion not stated)",114636,91.26,10981,8.74,,,,137.06,,,"nomis-c2001ks007-lad2011-ew|ons-lad-may-2021-uk-bgc|ons-lad11-lad21-ew-lookup",""
"UK","uk-ew-lad-2021","ew_ltla","uk-ew-lad-2021:E06000008","E06000008","Blackburn with Darwen",2011,139180,"people with a stated current-religion response (all usual residents minus not answered or religion not stated)",118806,85.36,20374,14.64,,,,137.06,,,"nomis-c2011ks209ew-lad2011-ew|ons-lad-may-2021-uk-bgc|ons-lad11-lad21-ew-lookup",""
"UK","uk-ew-lad-2021","ew_ltla","uk-ew-lad-2021:E06000008","E06000008","Blackburn with Darwen",2021,147028,"people with a stated current-religion response (all usual residents minus not answered or religion not stated)",114311,77.75,32717,22.25,,,,137.06,,,"nomis-c2021ts030-lad2022-ew|ons-lad-may-2021-uk-bgc|ons-lad11-lad21-ew-lookup",""
"UK","uk-ew-lad-2021","ew_ltla","uk-ew-lad-2021:E06000009","E06000009","Blackpool",2001,129784,"people with a stated current-religion response (all usual residents minus not answered or religion not stated)",113583,87.52,16201,12.48,,,,34.87,,,"nomis-c2001ks007-lad2011-ew|ons-lad-may-2021-uk-bgc|ons-lad11-lad21-ew-lookup",""
"UK","uk-ew-lad-2021","ew_ltla","uk-ew-lad-2021:E06000009","E06000009","Blackpool",2011,132973,"people with a stated current-religion response (all usual residents minus not answered or religion not stated)",98158,73.82,34815,26.18,,,,34.87,,,"nomis-c2011ks209ew-lad2011-ew|ons-lad-may-2021-uk-bgc|ons-lad11-lad21-ew-lookup",""
"UK","uk-ew-lad-2021","ew_ltla","uk-ew-lad-2021:E06000009","E06000009","Blackpool",2021,133568,"people with a stated current-religion response (all usual residents minus not answered or religion not stated)",75756,56.72,57812,43.28,,,,34.87,,,"nomis-c2021ts030-lad2022-ew|ons-lad-may-2021-uk-bgc|ons-lad11-lad21-ew-lookup",""
"UK","uk-ew-lad-2021","ew_ltla","uk-ew-lad-2021:E06000010","E06000010","Kingston upon Hull, City of",2001,223013,"people with a stated current-religion response (all usual residents minus not answered or religion not stated)",178386,79.99,44627,20.01,,,,71.61,,,"nomis-c2001ks007-lad2011-ew|ons-lad-may-2021-uk-bgc|ons-lad11-lad21-ew-lookup",""
"UK","uk-ew-lad-2021","ew_ltla","uk-ew-lad-2021:E06000010","E06000010","Kingston upon Hull, City of",2011,238001,"people with a stated current-religion response (all usual residents minus not answered or religion not stated)",148665,62.46,89336,37.54,,,,71.61,,,"nomis-c2011ks209ew-lad2011-ew|ons-lad-may-2021-uk-bgc|ons-lad11-lad21-ew-lookup",""
"UK","uk-ew-lad-2021","ew_ltla","uk-ew-lad-2021:E06000010","E06000010","Kingston upon Hull, City of",2021,250059,"people with a stated current-religion response (all usual residents minus not answered or religion not stated)",118635,47.44,131424,52.56,,,,71.61,,,"nomis-c2021ts030-lad2022-ew|ons-lad-may-2021-uk-bgc|ons-lad11-lad21-ew-lookup",""
"UK","uk-ew-lad-2021","ew_ltla","uk-ew-lad-2021:E06000011","E06000011","East Riding of Yorkshire",2001,290559,"people with a stated current-religion response (all usual residents minus not answered or religion not stated)",253176,87.13,37383,12.87,,,,2404.96,,,"nomis-c2001ks007-lad2011-ew|ons-lad-may-2021-uk-bgc|ons-lad11-lad21-ew-lookup",""
"UK","uk-ew-lad-2021","ew_ltla","uk-ew-lad-2021:E06000011","E06000011","East Riding of Yorkshire",2011,309631,"people with a stated current-religion response (all usual residents minus not answered or religion not stated)",231335,74.71,78296,25.29,,,,2404.96,,,"nomis-c2011ks209ew-lad2011-ew|ons-lad-may-2021-uk-bgc|ons-lad11-lad21-ew-lookup",""
"UK","uk-ew-lad-2021","ew_ltla","uk-ew-lad-2021:E06000011","E06000011","East Riding of Yorkshire",2021,321656,"people with a stated current-religion response (all usual residents minus not answered or religion not stated)",187740,58.37,133916,41.63,,,,2404.96,,,"nomis-c2021ts030-lad2022-ew|ons-lad-may-2021-uk-bgc|ons-lad11-lad21-ew-lookup",""
"UK","uk-ew-lad-2021","ew_ltla","uk-ew-lad-2021:E06000012","E06000012","North East Lincolnshire",2001,144339,"people with a stated current-religion response (all usual residents minus not answered or religion not stated)",121251,84,23088,16,,,,192.71,,,"nomis-c2001ks007-lad2011-ew|ons-lad-may-2021-uk-bgc|ons-lad11-lad21-ew-lookup",""
"UK","uk-ew-lad-2021","ew_ltla","uk-ew-lad-2021:E06000012","E06000012","North East Lincolnshire",2011,148132,"people with a stated current-religion response (all usual residents minus not answered or religion not stated)",99656,67.28,48476,32.72,,,,192.71,,,"nomis-c2011ks209ew-lad2011-ew|ons-lad-may-2021-uk-bgc|ons-lad11-lad21-ew-lookup",""
"UK","uk-ew-lad-2021","ew_ltla","uk-ew-lad-2021:E06000012","E06000012","North East Lincolnshire",2021,147750,"people with a stated current-religion response (all usual residents minus not answered or religion not stated)",74742,50.59,73008,49.41,,,,192.71,,,"nomis-c2021ts030-lad2022-ew|ons-lad-may-2021-uk-bgc|ons-lad11-lad21-ew-lookup",""
"UK","uk-ew-lad-2021","ew_ltla","uk-ew-lad-2021:E06000013","E06000013","North Lincolnshire",2001,141828,"people with a stated current-religion response (all usual residents minus not answered or religion not stated)",124351,87.68,17477,12.32,,,,846.53,,,"nomis-c2001ks007-lad2011-ew|ons-lad-may-2021-uk-bgc|ons-lad11-lad21-ew-lookup",""
"UK","uk-ew-lad-2021","ew_ltla","uk-ew-lad-2021:E06000013","E06000013","North Lincolnshire",2011,155583,"people with a stated current-religion response (all usual residents minus not answered or religion not stated)",115407,74.18,40176,25.82,,,,846.53,,,"nomis-c2011ks209ew-lad2011-ew|ons-lad-may-2021-uk-bgc|ons-lad11-lad21-ew-lookup",""
"UK","uk-ew-lad-2021","ew_ltla","uk-ew-lad-2021:E06000013","E06000013","North Lincolnshire",2021,160290,"people with a stated current-religion response (all usual residents minus not answered or religion not stated)",94709,59.09,65581,40.91,,,,846.53,,,"nomis-c2021ts030-lad2022-ew|ons-lad-may-2021-uk-bgc|ons-lad11-lad21-ew-lookup",""
"UK","uk-ew-lad-2021","ew_ltla","uk-ew-lad-2021:E06000014","E06000014","York",2001,167380,"people with a stated current-religion response (all usual residents minus not answered or religion not stated)",137377,82.07,30003,17.93,,,,271.94,,,"nomis-c2001ks007-lad2011-ew|ons-lad-may-2021-uk-bgc|ons-lad11-lad21-ew-lookup",""
"UK","uk-ew-lad-2021","ew_ltla","uk-ew-lad-2021:E06000014","E06000014","York",2011,182655,"people with a stated current-religion response (all usual residents minus not answered or religion not stated)",123009,67.34,59646,32.66,,,,271.94,,,"nomis-c2011ks209ew-lad2011-ew|ons-lad-may-2021-uk-bgc|ons-lad11-lad21-ew-lookup",""
"UK","uk-ew-lad-2021","ew_ltla","uk-ew-lad-2021:E06000014","E06000014","York",2021,188890,"people with a stated current-religion response (all usual residents minus not answered or religion not stated)",95313,50.46,93577,49.54,,,,271.94,,,"nomis-c2021ts030-lad2022-ew|ons-lad-may-2021-uk-bgc|ons-lad11-lad21-ew-lookup",""
"UK","uk-ew-lad-2021","ew_ltla","uk-ew-lad-2021:E06000015","E06000015","Derby",2001,204280,"people with a stated current-religion response (all usual residents minus not answered or religion not stated)",169073,82.77,35207,17.23,,,,78.02,,,"nomis-c2001ks007-lad2011-ew|ons-lad-may-2021-uk-bgc|ons-lad11-lad21-ew-lookup",""
"UK","uk-ew-lad-2021","ew_ltla","uk-ew-lad-2021:E06000015","E06000015","Derby",2011,231809,"people with a stated current-religion response (all usual residents minus not answered or religion not stated)",163141,70.38,68668,29.62,,,,78.02,,,"nomis-c2011ks209ew-lad2011-ew|ons-lad-may-2021-uk-bgc|ons-lad11-lad21-ew-lookup",""
"UK","uk-ew-lad-2021","ew_ltla","uk-ew-lad-2021:E06000015","E06000015","Derby",2021,244847,"people with a stated current-religion response (all usual residents minus not answered or religion not stated)",149208,60.94,95639,39.06,,,,78.02,,,"nomis-c2021ts030-lad2022-ew|ons-lad-may-2021-uk-bgc|ons-lad11-lad21-ew-lookup",""
"UK","uk-ew-lad-2021","ew_ltla","uk-ew-lad-2021:E06000016","E06000016","Leicester",2001,260139,"people with a stated current-religion response (all usual residents minus not answered or religion not stated)",211350,81.25,48789,18.75,,,,73.38,,,"nomis-c2001ks007-lad2011-ew|ons-lad-may-2021-uk-bgc|ons-lad11-lad21-ew-lookup",""
"UK","uk-ew-lad-2021","ew_ltla","uk-ew-lad-2021:E06000016","E06000016","Leicester",2011,311494,"people with a stated current-religion response (all usual residents minus not answered or religion not stated)",236214,75.83,75280,24.17,,,,73.38,,,"nomis-c2011ks209ew-lad2011-ew|ons-lad-may-2021-uk-bgc|ons-lad11-lad21-ew-lookup",""
"UK","uk-ew-lad-2021","ew_ltla","uk-ew-lad-2021:E06000016","E06000016","Leicester",2021,348065,"people with a stated current-religion response (all usual residents minus not answered or religion not stated)",263458,75.69,84607,24.31,,,,73.38,,,"nomis-c2021ts030-lad2022-ew|ons-lad-may-2021-uk-bgc|ons-lad11-lad21-ew-lookup",""
"UK","uk-ew-lad-2021","ew_ltla","uk-ew-lad-2021:E06000017","E06000017","Rutland",2001,32452,"people with a stated current-religion response (all usual residents minus not answered or religion not stated)",27920,86.03,4532,13.97,,,,393.74,,,"nomis-c2001ks007-lad2011-ew|ons-lad-may-2021-uk-bgc|ons-lad11-lad21-ew-lookup",""
"UK","uk-ew-lad-2021","ew_ltla","uk-ew-lad-2021:E06000017","E06000017","Rutland",2011,34749,"people with a stated current-religion response (all usual residents minus not answered or religion not stated)",26021,74.88,8728,25.12,,,,393.74,,,"nomis-c2011ks209ew-lad2011-ew|ons-lad-may-2021-uk-bgc|ons-lad11-lad21-ew-lookup",""
"UK","uk-ew-lad-2021","ew_ltla","uk-ew-lad-2021:E06000017","E06000017","Rutland",2021,38821,"people with a stated current-religion response (all usual residents minus not answered or religion not stated)",23582,60.75,15239,39.25,,,,393.74,,,"nomis-c2021ts030-lad2022-ew|ons-lad-may-2021-uk-bgc|ons-lad11-lad21-ew-lookup",""
"UK","uk-ew-lad-2021","ew_ltla","uk-ew-lad-2021:E06000018","E06000018","Nottingham",2001,240815,"people with a stated current-religion response (all usual residents minus not answered or religion not stated)",174503,72.46,66312,27.54,,,,74.6,,,"nomis-c2001ks007-lad2011-ew|ons-lad-may-2021-uk-bgc|ons-lad11-lad21-ew-lookup",""
"UK","uk-ew-lad-2021","ew_ltla","uk-ew-lad-2021:E06000018","E06000018","Nottingham",2011,282502,"people with a stated current-religion response (all usual residents minus not answered or religion not stated)",175548,62.14,106954,37.86,,,,74.6,,,"nomis-c2011ks209ew-lad2011-ew|ons-lad-may-2021-uk-bgc|ons-lad11-lad21-ew-lookup",""
"UK","uk-ew-lad-2021","ew_ltla","uk-ew-lad-2021:E06000018","E06000018","Nottingham",2021,299531,"people with a stated current-religion response (all usual residents minus not answered or religion not stated)",166128,55.46,133403,44.54,,,,74.6,,,"nomis-c2021ts030-lad2022-ew|ons-lad-may-2021-uk-bgc|ons-lad11-lad21-ew-lookup",""
"UK","uk-ew-lad-2021","ew_ltla","uk-ew-lad-2021:E06000019","E06000019","Herefordshire, County of",2001,161381,"people with a stated current-religion response (all usual residents minus not answered or religion not stated)",139431,86.4,21950,13.6,,,,2179.67,,,"nomis-c2001ks007-lad2011-ew|ons-lad-may-2021-uk-bgc|ons-lad11-lad21-ew-lookup",""
"UK","uk-ew-lad-2021","ew_ltla","uk-ew-lad-2021:E06000019","E06000019","Herefordshire, County of",2011,168427,"people with a stated current-religion response (all usual residents minus not answered or religion not stated)",126661,75.2,41766,24.8,,,,2179.67,,,"nomis-c2011ks209ew-lad2011-ew|ons-lad-may-2021-uk-bgc|ons-lad11-lad21-ew-lookup",""
"UK","uk-ew-lad-2021","ew_ltla","uk-ew-lad-2021:E06000019","E06000019","Herefordshire, County of",2021,174072,"people with a stated current-religion response (all usual residents minus not answered or religion not stated)",105597,60.66,68475,39.34,,,,2179.67,,,"nomis-c2021ts030-lad2022-ew|ons-lad-may-2021-uk-bgc|ons-lad11-lad21-ew-lookup",""
"UK","uk-ew-lad-2021","ew_ltla","uk-ew-lad-2021:E06000020","E06000020","Telford and Wrekin",2001,146772,"people with a stated current-religion response (all usual residents minus not answered or religion not stated)",122906,83.74,23866,16.26,,,,290.33,,,"nomis-c2001ks007-lad2011-ew|ons-lad-may-2021-uk-bgc|ons-lad11-lad21-ew-lookup",""
"UK","uk-ew-lad-2021","ew_ltla","uk-ew-lad-2021:E06000020","E06000020","Telford and Wrekin",2011,155668,"people with a stated current-religion response (all usual residents minus not answered or religion not stated)",110069,70.71,45599,29.29,,,,290.33,,,"nomis-c2011ks209ew-lad2011-ew|ons-lad-may-2021-uk-bgc|ons-lad11-lad21-ew-lookup",""
"UK","uk-ew-lad-2021","ew_ltla","uk-ew-lad-2021:E06000020","E06000020","Telford and Wrekin",2021,175094,"people with a stated current-religion response (all usual residents minus not answered or religion not stated)",99129,56.61,75965,43.39,,,,290.33,,,"nomis-c2021ts030-lad2022-ew|ons-lad-may-2021-uk-bgc|ons-lad11-lad21-ew-lookup",""
"UK","uk-ew-lad-2021","ew_ltla","uk-ew-lad-2021:E06000021","E06000021","Stoke-on-Trent",2001,221499,"people with a stated current-religion response (all usual residents minus not answered or religion not stated)",189285,85.46,32214,14.54,,,,93.41,,,"nomis-c2001ks007-lad2011-ew|ons-lad-may-2021-uk-bgc|ons-lad11-lad21-ew-lookup",""
"UK","uk-ew-lad-2021","ew_ltla","uk-ew-lad-2021:E06000021","E06000021","Stoke-on-Trent",2011,233066,"people with a stated current-religion response (all usual residents minus not answered or religion not stated)",170329,73.08,62737,26.92,,,,93.41,,,"nomis-c2011ks209ew-lad2011-ew|ons-lad-may-2021-uk-bgc|ons-lad11-lad21-ew-lookup",""
"UK","uk-ew-lad-2021","ew_ltla","uk-ew-lad-2021:E06000021","E06000021","Stoke-on-Trent",2021,243659,"people with a stated current-religion response (all usual residents minus not answered or religion not stated)",146226,60.01,97433,39.99,,,,93.41,,,"nomis-c2021ts030-lad2022-ew|ons-lad-may-2021-uk-bgc|ons-lad11-lad21-ew-lookup",""
"UK","uk-ew-lad-2021","ew_ltla","uk-ew-lad-2021:E06000022","E06000022","Bath and North East Somerset",2001,155461,"people with a stated current-religion response (all usual residents minus not answered or religion not stated)",122483,78.79,32978,21.21,,,,351.16,,,"nomis-c2001ks007-lad2011-ew|ons-lad-may-2021-uk-bgc|ons-lad11-lad21-ew-lookup",""
"UK","uk-ew-lad-2021","ew_ltla","uk-ew-lad-2021:E06000022","E06000022","Bath and North East Somerset",2011,161078,"people with a stated current-religion response (all usual residents minus not answered or religion not stated)",103452,64.22,57626,35.78,,,,351.16,,,"nomis-c2011ks209ew-lad2011-ew|ons-lad-may-2021-uk-bgc|ons-lad11-lad21-ew-lookup",""
"UK","uk-ew-lad-2021","ew_ltla","uk-ew-lad-2021:E06000022","E06000022","Bath and North East Somerset",2021,179484,"people with a stated current-religion response (all usual residents minus not answered or religion not stated)",86917,48.43,92567,51.57,,,,351.16,,,"nomis-c2021ts030-lad2022-ew|ons-lad-may-2021-uk-bgc|ons-lad11-lad21-ew-lookup",""
"UK","uk-ew-lad-2021","ew_ltla","uk-ew-lad-2021:E06000023","E06000023","Bristol, City of",2001,345311,"people with a stated current-religion response (all usual residents minus not answered or religion not stated)",251989,72.97,93322,27.03,,,,109.68,,,"nomis-c2001ks007-lad2011-ew|ons-lad-may-2021-uk-bgc|ons-lad11-lad21-ew-lookup",""
"UK","uk-ew-lad-2021","ew_ltla","uk-ew-lad-2021:E06000023","E06000023","Bristol, City of",2011,393452,"people with a stated current-religion response (all usual residents minus not answered or religion not stated)",233234,59.28,160218,40.72,,,,109.68,,,"nomis-c2011ks209ew-lad2011-ew|ons-lad-may-2021-uk-bgc|ons-lad11-lad21-ew-lookup",""
"UK","uk-ew-lad-2021","ew_ltla","uk-ew-lad-2021:E06000023","E06000023","Bristol, City of",2021,440042,"people with a stated current-religion response (all usual residents minus not answered or religion not stated)",197178,44.81,242864,55.19,,,,109.68,,,"nomis-c2021ts030-lad2022-ew|ons-lad-may-2021-uk-bgc|ons-lad11-lad21-ew-lookup",""
"UK","uk-ew-lad-2021","ew_ltla","uk-ew-lad-2021:E06000024","E06000024","North Somerset",2001,174515,"people with a stated current-religion response (all usual residents minus not answered or religion not stated)",143244,82.08,31271,17.92,,,,374.65,,,"nomis-c2001ks007-lad2011-ew|ons-lad-may-2021-uk-bgc|ons-lad11-lad21-ew-lookup",""
"UK","uk-ew-lad-2021","ew_ltla","uk-ew-lad-2021:E06000024","E06000024","North Somerset",2011,187366,"people with a stated current-religion response (all usual residents minus not answered or religion not stated)",126499,67.51,60867,32.49,,,,374.65,,,"nomis-c2011ks209ew-lad2011-ew|ons-lad-may-2021-uk-bgc|ons-lad11-lad21-ew-lookup",""
"UK","uk-ew-lad-2021","ew_ltla","uk-ew-lad-2021:E06000024","E06000024","North Somerset",2021,203033,"people with a stated current-religion response (all usual residents minus not answered or religion not stated)",104948,51.69,98085,48.31,,,,374.65,,,"nomis-c2021ts030-lad2022-ew|ons-lad-may-2021-uk-bgc|ons-lad11-lad21-ew-lookup",""
"UK","uk-ew-lad-2021","ew_ltla","uk-ew-lad-2021:E06000025","E06000025","South Gloucestershire",2001,227412,"people with a stated current-religion response (all usual residents minus not answered or religion not stated)",184531,81.14,42881,18.86,,,,497.03,,,"nomis-c2001ks007-lad2011-ew|ons-lad-may-2021-uk-bgc|ons-lad11-lad21-ew-lookup",""
"UK","uk-ew-lad-2021","ew_ltla","uk-ew-lad-2021:E06000025","E06000025","South Gloucestershire",2011,243332,"people with a stated current-religion response (all usual residents minus not answered or religion not stated)",162725,66.87,80607,33.13,,,,497.03,,,"nomis-c2011ks209ew-lad2011-ew|ons-lad-may-2021-uk-bgc|ons-lad11-lad21-ew-lookup",""
"UK","uk-ew-lad-2021","ew_ltla","uk-ew-lad-2021:E06000025","E06000025","South Gloucestershire",2021,272933,"people with a stated current-religion response (all usual residents minus not answered or religion not stated)",139184,51,133749,49,,,,497.03,,,"nomis-c2021ts030-lad2022-ew|ons-lad-may-2021-uk-bgc|ons-lad11-lad21-ew-lookup",""
"UK","uk-ew-lad-2021","ew_ltla","uk-ew-lad-2021:E06000026","E06000026","Plymouth",2001,223549,"people with a stated current-religion response (all usual residents minus not answered or religion not stated)",179573,80.33,43976,19.67,,,,79.84,,,"nomis-c2001ks007-lad2011-ew|ons-lad-may-2021-uk-bgc|ons-lad11-lad21-ew-lookup",""
"UK","uk-ew-lad-2021","ew_ltla","uk-ew-lad-2021:E06000026","E06000026","Plymouth",2011,238193,"people with a stated current-religion response (all usual residents minus not answered or religion not stated)",153898,64.61,84295,35.39,,,,79.84,,,"nomis-c2011ks209ew-lad2011-ew|ons-lad-may-2021-uk-bgc|ons-lad11-lad21-ew-lookup",""
"UK","uk-ew-lad-2021","ew_ltla","uk-ew-lad-2021:E06000026","E06000026","Plymouth",2021,249000,"people with a stated current-religion response (all usual residents minus not answered or religion not stated)",119662,48.06,129338,51.94,,,,79.84,,,"nomis-c2021ts030-lad2022-ew|ons-lad-may-2021-uk-bgc|ons-lad11-lad21-ew-lookup",""
"UK","uk-ew-lad-2021","ew_ltla","uk-ew-lad-2021:E06000027","E06000027","Torbay",2001,119453,"people with a stated current-religion response (all usual residents minus not answered or religion not stated)",100108,83.81,19345,16.19,,,,62.91,,,"nomis-c2001ks007-lad2011-ew|ons-lad-may-2021-uk-bgc|ons-lad11-lad21-ew-lookup",""
"UK","uk-ew-lad-2021","ew_ltla","uk-ew-lad-2021:E06000027","E06000027","Torbay",2011,120849,"people with a stated current-religion response (all usual residents minus not answered or religion not stated)",84814,70.18,36035,29.82,,,,62.91,,,"nomis-c2011ks209ew-lad2011-ew|ons-lad-may-2021-uk-bgc|ons-lad11-lad21-ew-lookup",""
"UK","uk-ew-lad-2021","ew_ltla","uk-ew-lad-2021:E06000027","E06000027","Torbay",2021,130553,"people with a stated current-religion response (all usual residents minus not answered or religion not stated)",70375,53.91,60178,46.09,,,,62.91,,,"nomis-c2021ts030-lad2022-ew|ons-lad-may-2021-uk-bgc|ons-lad11-lad21-ew-lookup",""
"UK","uk-ew-lad-2021","ew_ltla","uk-ew-lad-2021:E06000030","E06000030","Swindon",2001,165742,"people with a stated current-religion response (all usual residents minus not answered or religion not stated)",131305,79.22,34437,20.78,,,,230.09,,,"nomis-c2001ks007-lad2011-ew|ons-lad-may-2021-uk-bgc|ons-lad11-lad21-ew-lookup",""
"UK","uk-ew-lad-2021","ew_ltla","uk-ew-lad-2021:E06000030","E06000030","Swindon",2011,194851,"people with a stated current-religion response (all usual residents minus not answered or religion not stated)",130071,66.75,64780,33.25,,,,230.09,,,"nomis-c2011ks209ew-lad2011-ew|ons-lad-may-2021-uk-bgc|ons-lad11-lad21-ew-lookup",""
"UK","uk-ew-lad-2021","ew_ltla","uk-ew-lad-2021:E06000030","E06000030","Swindon",2021,220305,"people with a stated current-religion response (all usual residents minus not answered or religion not stated)",125746,57.08,94559,42.92,,,,230.09,,,"nomis-c2021ts030-lad2022-ew|ons-lad-may-2021-uk-bgc|ons-lad11-lad21-ew-lookup",""
"UK","uk-ew-lad-2021","ew_ltla","uk-ew-lad-2021:E06000031","E06000031","Peterborough",2001,142937,"people with a stated current-religion response (all usual residents minus not answered or religion not stated)",118549,82.94,24388,17.06,,,,343.41,,,"nomis-c2001ks007-lad2011-ew|ons-lad-may-2021-uk-bgc|ons-lad11-lad21-ew-lookup",""
"UK","uk-ew-lad-2021","ew_ltla","uk-ew-lad-2021:E06000031","E06000031","Peterborough",2011,171338,"people with a stated current-religion response (all usual residents minus not answered or religion not stated)",126155,73.63,45183,26.37,,,,343.41,,,"nomis-c2011ks209ew-lad2011-ew|ons-lad-may-2021-uk-bgc|ons-lad11-lad21-ew-lookup",""
"UK","uk-ew-lad-2021","ew_ltla","uk-ew-lad-2021:E06000031","E06000031","Peterborough",2021,203069,"people with a stated current-religion response (all usual residents minus not answered or religion not stated)",133003,65.5,70066,34.5,,,,343.41,,,"nomis-c2021ts030-lad2022-ew|ons-lad-may-2021-uk-bgc|ons-lad11-lad21-ew-lookup",""
"UK","uk-ew-lad-2021","ew_ltla","uk-ew-lad-2021:E06000032","E06000032","Luton",2001,171040,"people with a stated current-religion response (all usual residents minus not answered or religion not stated)",145080,84.82,25960,15.18,,,,43.36,,,"nomis-c2001ks007-lad2011-ew|ons-lad-may-2021-uk-bgc|ons-lad11-lad21-ew-lookup",""
"UK","uk-ew-lad-2021","ew_ltla","uk-ew-lad-2021:E06000032","E06000032","Luton",2011,190828,"people with a stated current-religion response (all usual residents minus not answered or religion not stated)",157234,82.4,33594,17.6,,,,43.36,,,"nomis-c2011ks209ew-lad2011-ew|ons-lad-may-2021-uk-bgc|ons-lad11-lad21-ew-lookup",""
"UK","uk-ew-lad-2021","ew_ltla","uk-ew-lad-2021:E06000032","E06000032","Luton",2021,211563,"people with a stated current-religion response (all usual residents minus not answered or religion not stated)",171983,81.29,39580,18.71,,,,43.36,,,"nomis-c2021ts030-lad2022-ew|ons-lad-may-2021-uk-bgc|ons-lad11-lad21-ew-lookup",""
"UK","uk-ew-lad-2021","ew_ltla","uk-ew-lad-2021:E06000033","E06000033","Southend-on-Sea",2001,146956,"people with a stated current-religion response (all usual residents minus not answered or religion not stated)",116761,79.45,30195,20.55,,,,41.66,,,"nomis-c2001ks007-lad2011-ew|ons-lad-may-2021-uk-bgc|ons-lad11-lad21-ew-lookup",""
"UK","uk-ew-lad-2021","ew_ltla","uk-ew-lad-2021:E06000033","E06000033","Southend-on-Sea",2011,160113,"people with a stated current-religion response (all usual residents minus not answered or religion not stated)",105233,65.72,54880,34.28,,,,41.66,,,"nomis-c2011ks209ew-lad2011-ew|ons-lad-may-2021-uk-bgc|ons-lad11-lad21-ew-lookup",""
"UK","uk-ew-lad-2021","ew_ltla","uk-ew-lad-2021:E06000033","E06000033","Southend-on-Sea",2021,169930,"people with a stated current-religion response (all usual residents minus not answered or religion not stated)",88743,52.22,81187,47.78,,,,41.66,,,"nomis-c2021ts030-lad2022-ew|ons-lad-may-2021-uk-bgc|ons-lad11-lad21-ew-lookup",""
"UK","uk-ew-lad-2021","ew_ltla","uk-ew-lad-2021:E06000034","E06000034","Thurrock",2001,133796,"people with a stated current-religion response (all usual residents minus not answered or religion not stated)",111591,83.4,22205,16.6,,,,163.77,,,"nomis-c2001ks007-lad2011-ew|ons-lad-may-2021-uk-bgc|ons-lad11-lad21-ew-lookup",""
"UK","uk-ew-lad-2021","ew_ltla","uk-ew-lad-2021:E06000034","E06000034","Thurrock",2011,147810,"people with a stated current-religion response (all usual residents minus not answered or religion not stated)",106749,72.22,41061,27.78,,,,163.77,,,"nomis-c2011ks209ew-lad2011-ew|ons-lad-may-2021-uk-bgc|ons-lad11-lad21-ew-lookup",""
"UK","uk-ew-lad-2021","ew_ltla","uk-ew-lad-2021:E06000034","E06000034","Thurrock",2021,166804,"people with a stated current-religion response (all usual residents minus not answered or religion not stated)",105761,63.4,61043,36.6,,,,163.77,,,"nomis-c2021ts030-lad2022-ew|ons-lad-may-2021-uk-bgc|ons-lad11-lad21-ew-lookup",""
"UK","uk-ew-lad-2021","ew_ltla","uk-ew-lad-2021:E06000035","E06000035","Medway",2001,230121,"people with a stated current-religion response (all usual residents minus not answered or religion not stated)",188468,81.9,41653,18.1,,,,193.6,,,"nomis-c2001ks007-lad2011-ew|ons-lad-may-2021-uk-bgc|ons-lad11-lad21-ew-lookup",""
"UK","uk-ew-lad-2021","ew_ltla","uk-ew-lad-2021:E06000035","E06000035","Medway",2011,245940,"people with a stated current-religion response (all usual residents minus not answered or religion not stated)",166945,67.88,78995,32.12,,,,193.6,,,"nomis-c2011ks209ew-lad2011-ew|ons-lad-may-2021-uk-bgc|ons-lad11-lad21-ew-lookup",""
"UK","uk-ew-lad-2021","ew_ltla","uk-ew-lad-2021:E06000035","E06000035","Medway",2021,264498,"people with a stated current-religion response (all usual residents minus not answered or religion not stated)",144189,54.51,120309,45.49,,,,193.6,,,"nomis-c2021ts030-lad2022-ew|ons-lad-may-2021-uk-bgc|ons-lad11-lad21-ew-lookup",""
"UK","uk-ew-lad-2021","ew_ltla","uk-ew-lad-2021:E06000036","E06000036","Bracknell Forest",2001,101477,"people with a stated current-religion response (all usual residents minus not answered or religion not stated)",81790,80.6,19687,19.4,,,,109.33,,,"nomis-c2001ks007-lad2011-ew|ons-lad-may-2021-uk-bgc|ons-lad11-lad21-ew-lookup",""
"UK","uk-ew-lad-2021","ew_ltla","uk-ew-lad-2021:E06000036","E06000036","Bracknell Forest",2011,105754,"people with a stated current-religion response (all usual residents minus not answered or religion not stated)",73570,69.57,32184,30.43,,,,109.33,,,"nomis-c2011ks209ew-lad2011-ew|ons-lad-may-2021-uk-bgc|ons-lad11-lad21-ew-lookup",""
"UK","uk-ew-lad-2021","ew_ltla","uk-ew-lad-2021:E06000036","E06000036","Bracknell Forest",2021,117626,"people with a stated current-religion response (all usual residents minus not answered or religion not stated)",67326,57.24,50300,42.76,,,,109.33,,,"nomis-c2021ts030-lad2022-ew|ons-lad-may-2021-uk-bgc|ons-lad11-lad21-ew-lookup",""
"UK","uk-ew-lad-2021","ew_ltla","uk-ew-lad-2021:E06000037","E06000037","West Berkshire",2001,134511,"people with a stated current-religion response (all usual residents minus not answered or religion not stated)",111806,83.12,22705,16.88,,,,704.17,,,"nomis-c2001ks007-lad2011-ew|ons-lad-may-2021-uk-bgc|ons-lad11-lad21-ew-lookup",""
"UK","uk-ew-lad-2021","ew_ltla","uk-ew-lad-2021:E06000037","E06000037","West Berkshire",2011,142812,"people with a stated current-religion response (all usual residents minus not answered or religion not stated)",101770,71.26,41042,28.74,,,,704.17,,,"nomis-c2011ks209ew-lad2011-ew|ons-lad-may-2021-uk-bgc|ons-lad11-lad21-ew-lookup",""
"UK","uk-ew-lad-2021","ew_ltla","uk-ew-lad-2021:E06000037","E06000037","West Berkshire",2021,151557,"people with a stated current-religion response (all usual residents minus not answered or religion not stated)",85267,56.26,66290,43.74,,,,704.17,,,"nomis-c2021ts030-lad2022-ew|ons-lad-may-2021-uk-bgc|ons-lad11-lad21-ew-lookup",""
"UK","uk-ew-lad-2021","ew_ltla","uk-ew-lad-2021:E06000038","E06000038","Reading",2001,130653,"people with a stated current-religion response (all usual residents minus not answered or religion not stated)",99167,75.9,31486,24.1,,,,40.39,,,"nomis-c2001ks007-lad2011-ew|ons-lad-may-2021-uk-bgc|ons-lad11-lad21-ew-lookup",""
"UK","uk-ew-lad-2021","ew_ltla","uk-ew-lad-2021:E06000038","E06000038","Reading",2011,144326,"people with a stated current-religion response (all usual residents minus not answered or religion not stated)",98395,68.18,45931,31.82,,,,40.39,,,"nomis-c2011ks209ew-lad2011-ew|ons-lad-may-2021-uk-bgc|ons-lad11-lad21-ew-lookup",""
"UK","uk-ew-lad-2021","ew_ltla","uk-ew-lad-2021:E06000038","E06000038","Reading",2021,162164,"people with a stated current-religion response (all usual residents minus not answered or religion not stated)",98877,60.97,63287,39.03,,,,40.39,,,"nomis-c2021ts030-lad2022-ew|ons-lad-may-2021-uk-bgc|ons-lad11-lad21-ew-lookup",""
"UK","uk-ew-lad-2021","ew_ltla","uk-ew-lad-2021:E06000039","E06000039","Slough",2001,109902,"people with a stated current-religion response (all usual residents minus not answered or religion not stated)",96841,88.12,13061,11.88,,,,32.54,,,"nomis-c2001ks007-lad2011-ew|ons-lad-may-2021-uk-bgc|ons-lad11-lad21-ew-lookup",""
"UK","uk-ew-lad-2021","ew_ltla","uk-ew-lad-2021:E06000039","E06000039","Slough",2011,132249,"people with a stated current-religion response (all usual residents minus not answered or religion not stated)",115225,87.13,17024,12.87,,,,32.54,,,"nomis-c2011ks209ew-lad2011-ew|ons-lad-may-2021-uk-bgc|ons-lad11-lad21-ew-lookup",""
"UK","uk-ew-lad-2021","ew_ltla","uk-ew-lad-2021:E06000039","E06000039","Slough",2021,149956,"people with a stated current-religion response (all usual residents minus not answered or religion not stated)",129230,86.18,20726,13.82,,,,32.54,,,"nomis-c2021ts030-lad2022-ew|ons-lad-may-2021-uk-bgc|ons-lad11-lad21-ew-lookup",""
"UK","uk-ew-lad-2021","ew_ltla","uk-ew-lad-2021:E06000040","E06000040","Windsor and Maidenhead",2001,124509,"people with a stated current-religion response (all usual residents minus not answered or religion not stated)",105986,85.12,18523,14.88,,,,198.42,,,"nomis-c2001ks007-lad2011-ew|ons-lad-may-2021-uk-bgc|ons-lad11-lad21-ew-lookup",""
"UK","uk-ew-lad-2021","ew_ltla","uk-ew-lad-2021:E06000040","E06000040","Windsor and Maidenhead",2011,134457,"people with a stated current-religion response (all usual residents minus not answered or religion not stated)",103104,76.68,31353,23.32,,,,198.42,,,"nomis-c2011ks209ew-lad2011-ew|ons-lad-may-2021-uk-bgc|ons-lad11-lad21-ew-lookup",""
"UK","uk-ew-lad-2021","ew_ltla","uk-ew-lad-2021:E06000040","E06000040","Windsor and Maidenhead",2021,144070,"people with a stated current-religion response (all usual residents minus not answered or religion not stated)",96429,66.93,47641,33.07,,,,198.42,,,"nomis-c2021ts030-lad2022-ew|ons-lad-may-2021-uk-bgc|ons-lad11-lad21-ew-lookup",""
"UK","uk-ew-lad-2021","ew_ltla","uk-ew-lad-2021:E06000041","E06000041","Wokingham",2001,140317,"people with a stated current-religion response (all usual residents minus not answered or religion not stated)",115387,82.23,24930,17.77,,,,178.97,,,"nomis-c2001ks007-lad2011-ew|ons-lad-may-2021-uk-bgc|ons-lad11-lad21-ew-lookup",""
"UK","uk-ew-lad-2021","ew_ltla","uk-ew-lad-2021:E06000041","E06000041","Wokingham",2011,143160,"people with a stated current-religion response (all usual residents minus not answered or religion not stated)",103017,71.96,40143,28.04,,,,178.97,,,"nomis-c2011ks209ew-lad2011-ew|ons-lad-may-2021-uk-bgc|ons-lad11-lad21-ew-lookup",""
"UK","uk-ew-lad-2021","ew_ltla","uk-ew-lad-2021:E06000041","E06000041","Wokingham",2021,166961,"people with a stated current-religion response (all usual residents minus not answered or religion not stated)",101533,60.81,65428,39.19,,,,178.97,,,"nomis-c2021ts030-lad2022-ew|ons-lad-may-2021-uk-bgc|ons-lad11-lad21-ew-lookup",""
"UK","uk-ew-lad-2021","ew_ltla","uk-ew-lad-2021:E06000042","E06000042","Milton Keynes",2001,190616,"people with a stated current-religion response (all usual residents minus not answered or religion not stated)",145983,76.58,44633,23.42,,,,308.65,,,"nomis-c2001ks007-lad2011-ew|ons-lad-may-2021-uk-bgc|ons-lad11-lad21-ew-lookup",""
"UK","uk-ew-lad-2021","ew_ltla","uk-ew-lad-2021:E06000042","E06000042","Milton Keynes",2011,232383,"people with a stated current-religion response (all usual residents minus not answered or religion not stated)",154444,66.46,77939,33.54,,,,308.65,,,"nomis-c2011ks209ew-lad2011-ew|ons-lad-may-2021-uk-bgc|ons-lad11-lad21-ew-lookup",""
"UK","uk-ew-lad-2021","ew_ltla","uk-ew-lad-2021:E06000042","E06000042","Milton Keynes",2021,270587,"people with a stated current-religion response (all usual residents minus not answered or religion not stated)",161634,59.73,108953,40.27,,,,308.65,,,"nomis-c2021ts030-lad2022-ew|ons-lad-may-2021-uk-bgc|ons-lad11-lad21-ew-lookup",""
"UK","uk-ew-lad-2021","ew_ltla","uk-ew-lad-2021:E06000043","E06000043","Brighton and Hove",2001,225804,"people with a stated current-religion response (all usual residents minus not answered or religion not stated)",158849,70.35,66955,29.65,,,,82.87,,,"nomis-c2001ks007-lad2011-ew|ons-lad-may-2021-uk-bgc|ons-lad11-lad21-ew-lookup",""
"UK","uk-ew-lad-2021","ew_ltla","uk-ew-lad-2021:E06000043","E06000043","Brighton and Hove",2011,249280,"people with a stated current-religion response (all usual residents minus not answered or religion not stated)",133326,53.48,115954,46.52,,,,82.87,,,"nomis-c2011ks209ew-lad2011-ew|ons-lad-may-2021-uk-bgc|ons-lad11-lad21-ew-lookup",""
"UK","uk-ew-lad-2021","ew_ltla","uk-ew-lad-2021:E06000043","E06000043","Brighton and Hove",2021,257343,"people with a stated current-religion response (all usual residents minus not answered or religion not stated)",104377,40.56,152966,59.44,,,,82.87,,,"nomis-c2021ts030-lad2022-ew|ons-lad-may-2021-uk-bgc|ons-lad11-lad21-ew-lookup",""
"UK","uk-ew-lad-2021","ew_ltla","uk-ew-lad-2021:E06000044","E06000044","Portsmouth",2001,171185,"people with a stated current-religion response (all usual residents minus not answered or religion not stated)",133933,78.24,37252,21.76,,,,40.39,,,"nomis-c2001ks007-lad2011-ew|ons-lad-may-2021-uk-bgc|ons-lad11-lad21-ew-lookup",""
"UK","uk-ew-lad-2021","ew_ltla","uk-ew-lad-2021:E06000044","E06000044","Portsmouth",2011,190184,"people with a stated current-religion response (all usual residents minus not answered or religion not stated)",118358,62.23,71826,37.77,,,,40.39,,,"nomis-c2011ks209ew-lad2011-ew|ons-lad-may-2021-uk-bgc|ons-lad11-lad21-ew-lookup",""
"UK","uk-ew-lad-2021","ew_ltla","uk-ew-lad-2021:E06000044","E06000044","Portsmouth",2021,194591,"people with a stated current-religion response (all usual residents minus not answered or religion not stated)",96704,49.7,97887,50.3,,,,40.39,,,"nomis-c2021ts030-lad2022-ew|ons-lad-may-2021-uk-bgc|ons-lad11-lad21-ew-lookup",""
"UK","uk-ew-lad-2021","ew_ltla","uk-ew-lad-2021:E06000045","E06000045","Southampton",2001,200018,"people with a stated current-religion response (all usual residents minus not answered or religion not stated)",153014,76.5,47004,23.5,,,,49.86,,,"nomis-c2001ks007-lad2011-ew|ons-lad-may-2021-uk-bgc|ons-lad11-lad21-ew-lookup",""
"UK","uk-ew-lad-2021","ew_ltla","uk-ew-lad-2021:E06000045","E06000045","Southampton",2011,220172,"people with a stated current-religion response (all usual residents minus not answered or religion not stated)",140793,63.95,79379,36.05,,,,49.86,,,"nomis-c2011ks209ew-lad2011-ew|ons-lad-may-2021-uk-bgc|ons-lad11-lad21-ew-lookup",""
"UK","uk-ew-lad-2021","ew_ltla","uk-ew-lad-2021:E06000045","E06000045","Southampton",2021,232510,"people with a stated current-religion response (all usual residents minus not answered or religion not stated)",124510,53.55,108000,46.45,,,,49.86,,,"nomis-c2021ts030-lad2022-ew|ons-lad-may-2021-uk-bgc|ons-lad11-lad21-ew-lookup",""
"UK","uk-ew-lad-2021","ew_ltla","uk-ew-lad-2021:E06000046","E06000046","Isle of Wight",2001,122260,"people with a stated current-religion response (all usual residents minus not answered or religion not stated)",99340,81.25,22920,18.75,,,,379.68,,,"nomis-c2001ks007-lad2011-ew|ons-lad-may-2021-uk-bgc|ons-lad11-lad21-ew-lookup",""
"UK","uk-ew-lad-2021","ew_ltla","uk-ew-lad-2021:E06000046","E06000046","Isle of Wight",2011,126990,"people with a stated current-religion response (all usual residents minus not answered or religion not stated)",86040,67.75,40950,32.25,,,,379.68,,,"nomis-c2011ks209ew-lad2011-ew|ons-lad-may-2021-uk-bgc|ons-lad11-lad21-ew-lookup",""
"UK","uk-ew-lad-2021","ew_ltla","uk-ew-lad-2021:E06000046","E06000046","Isle of Wight",2021,131361,"people with a stated current-religion response (all usual residents minus not answered or religion not stated)",69640,53.01,61721,46.99,,,,379.68,,,"nomis-c2021ts030-lad2022-ew|ons-lad-may-2021-uk-bgc|ons-lad11-lad21-ew-lookup",""
"UK","uk-ew-lad-2021","ew_ltla","uk-ew-lad-2021:E06000047","E06000047","County Durham",2001,461666,"people with a stated current-religion response (all usual residents minus not answered or religion not stated)",415696,90.04,45970,9.96,,,,2231.48,,,"nomis-c2001ks007-lad2011-ew|ons-lad-may-2021-uk-bgc|ons-lad11-lad21-ew-lookup",""
"UK","uk-ew-lad-2021","ew_ltla","uk-ew-lad-2021:E06000047","E06000047","County Durham",2011,482880,"people with a stated current-religion response (all usual residents minus not answered or religion not stated)",375599,77.78,107281,22.22,,,,2231.48,,,"nomis-c2011ks209ew-lad2011-ew|ons-lad-may-2021-uk-bgc|ons-lad11-lad21-ew-lookup",""
"UK","uk-ew-lad-2021","ew_ltla","uk-ew-lad-2021:E06000047","E06000047","County Durham",2021,495380,"people with a stated current-religion response (all usual residents minus not answered or religion not stated)",293692,59.29,201688,40.71,,,,2231.48,,,"nomis-c2021ts030-lad2022-ew|ons-lad-may-2021-uk-bgc|ons-lad11-lad21-ew-lookup",""
"UK","uk-ew-lad-2021","ew_ltla","uk-ew-lad-2021:E06000049","E06000049","Cheshire East",2001,329057,"people with a stated current-religion response (all usual residents minus not answered or religion not stated)",286300,87.01,42757,12.99,,,,1166.35,,,"nomis-c2001ks007-lad2011-ew|ons-lad-may-2021-uk-bgc|ons-lad11-lad21-ew-lookup",""
"UK","uk-ew-lad-2021","ew_ltla","uk-ew-lad-2021:E06000049","E06000049","Cheshire East",2011,345486,"people with a stated current-religion response (all usual residents minus not answered or religion not stated)",261513,75.69,83973,24.31,,,,1166.35,,,"nomis-c2011ks209ew-lad2011-ew|ons-lad-may-2021-uk-bgc|ons-lad11-lad21-ew-lookup",""
"UK","uk-ew-lad-2021","ew_ltla","uk-ew-lad-2021:E06000049","E06000049","Cheshire East",2021,376955,"people with a stated current-religion response (all usual residents minus not answered or religion not stated)",226698,60.14,150257,39.86,,,,1166.35,,,"nomis-c2021ts030-lad2022-ew|ons-lad-may-2021-uk-bgc|ons-lad11-lad21-ew-lookup",""
"UK","uk-ew-lad-2021","ew_ltla","uk-ew-lad-2021:E06000050","E06000050","Cheshire West and Chester",2001,299808,"people with a stated current-religion response (all usual residents minus not answered or religion not stated)",262811,87.66,36997,12.34,,,,919.96,,,"nomis-c2001ks007-lad2011-ew|ons-lad-may-2021-uk-bgc|ons-lad11-lad21-ew-lookup",""
"UK","uk-ew-lad-2021","ew_ltla","uk-ew-lad-2021:E06000050","E06000050","Cheshire West and Chester",2011,308189,"people with a stated current-religion response (all usual residents minus not answered or religion not stated)",235540,76.43,72649,23.57,,,,919.96,,,"nomis-c2011ks209ew-lad2011-ew|ons-lad-may-2021-uk-bgc|ons-lad11-lad21-ew-lookup",""
"UK","uk-ew-lad-2021","ew_ltla","uk-ew-lad-2021:E06000050","E06000050","Cheshire West and Chester",2021,337638,"people with a stated current-religion response (all usual residents minus not answered or religion not stated)",202613,60.01,135025,39.99,,,,919.96,,,"nomis-c2021ts030-lad2022-ew|ons-lad-may-2021-uk-bgc|ons-lad11-lad21-ew-lookup",""
"UK","uk-ew-lad-2021","ew_ltla","uk-ew-lad-2021:E06000051","E06000051","Shropshire",2001,263129,"people with a stated current-religion response (all usual residents minus not answered or religion not stated)",228479,86.83,34650,13.17,,,,3197.31,,,"nomis-c2001ks007-lad2011-ew|ons-lad-may-2021-uk-bgc|ons-lad11-lad21-ew-lookup",""
"UK","uk-ew-lad-2021","ew_ltla","uk-ew-lad-2021:E06000051","E06000051","Shropshire",2011,283648,"people with a stated current-religion response (all usual residents minus not answered or religion not stated)",213923,75.42,69725,24.58,,,,3197.31,,,"nomis-c2011ks209ew-lad2011-ew|ons-lad-may-2021-uk-bgc|ons-lad11-lad21-ew-lookup",""
"UK","uk-ew-lad-2021","ew_ltla","uk-ew-lad-2021:E06000051","E06000051","Shropshire",2021,304673,"people with a stated current-religion response (all usual residents minus not answered or religion not stated)",185100,60.75,119573,39.25,,,,3197.31,,,"nomis-c2021ts030-lad2022-ew|ons-lad-may-2021-uk-bgc|ons-lad11-lad21-ew-lookup",""
"UK","uk-ew-lad-2021","ew_ltla","uk-ew-lad-2021:E06000052","E06000052","Cornwall",2001,458986,"people with a stated current-religion response (all usual residents minus not answered or religion not stated)",375726,81.86,83260,18.14,,,,3548.7,,,"nomis-c2001ks007-lad2011-ew|ons-lad-may-2021-uk-bgc|ons-lad11-lad21-ew-lookup",""
"UK","uk-ew-lad-2021","ew_ltla","uk-ew-lad-2021:E06000052","E06000052","Cornwall",2011,486917,"people with a stated current-religion response (all usual residents minus not answered or religion not stated)",325597,66.87,161320,33.13,,,,3548.7,,,"nomis-c2011ks209ew-lad2011-ew|ons-lad-may-2021-uk-bgc|ons-lad11-lad21-ew-lookup",""
"UK","uk-ew-lad-2021","ew_ltla","uk-ew-lad-2021:E06000052","E06000052","Cornwall",2021,532171,"people with a stated current-religion response (all usual residents minus not answered or religion not stated)",268134,50.38,264037,49.62,,,,3548.7,,,"nomis-c2021ts030-lad2022-ew|ons-lad-may-2021-uk-bgc|ons-lad11-lad21-ew-lookup",""
"UK","uk-ew-lad-2021","ew_ltla","uk-ew-lad-2021:E06000053","E06000053","Isles of Scilly",2001,1964,"people with a stated current-religion response (all usual residents minus not answered or religion not stated)",1530,77.9,434,22.1,,,,16.35,,,"nomis-c2001ks007-lad2011-ew|ons-lad-may-2021-uk-bgc|ons-lad11-lad21-ew-lookup",""
"UK","uk-ew-lad-2021","ew_ltla","uk-ew-lad-2021:E06000053","E06000053","Isles of Scilly",2011,1989,"people with a stated current-religion response (all usual residents minus not answered or religion not stated)",1247,62.69,742,37.31,,,,16.35,,,"nomis-c2011ks209ew-lad2011-ew|ons-lad-may-2021-uk-bgc|ons-lad11-lad21-ew-lookup",""
"UK","uk-ew-lad-2021","ew_ltla","uk-ew-lad-2021:E06000053","E06000053","Isles of Scilly",2021,1929,"people with a stated current-religion response (all usual residents minus not answered or religion not stated)",979,50.75,950,49.25,,,,16.35,,,"nomis-c2021ts030-lad2022-ew|ons-lad-may-2021-uk-bgc|ons-lad11-lad21-ew-lookup",""
"UK","uk-ew-lad-2021","ew_ltla","uk-ew-lad-2021:E06000054","E06000054","Wiltshire",2001,401360,"people with a stated current-religion response (all usual residents minus not answered or religion not stated)",336256,83.78,65104,16.22,,,,3255.36,,,"nomis-c2001ks007-lad2011-ew|ons-lad-may-2021-uk-bgc|ons-lad11-lad21-ew-lookup",""
"UK","uk-ew-lad-2021","ew_ltla","uk-ew-lad-2021:E06000054","E06000054","Wiltshire",2011,434803,"people with a stated current-religion response (all usual residents minus not answered or religion not stated)",309758,71.24,125045,28.76,,,,3255.36,,,"nomis-c2011ks209ew-lad2011-ew|ons-lad-may-2021-uk-bgc|ons-lad11-lad21-ew-lookup",""
"UK","uk-ew-lad-2021","ew_ltla","uk-ew-lad-2021:E06000054","E06000054","Wiltshire",2021,479625,"people with a stated current-religion response (all usual residents minus not answered or religion not stated)",269024,56.09,210601,43.91,,,,3255.36,,,"nomis-c2021ts030-lad2022-ew|ons-lad-may-2021-uk-bgc|ons-lad11-lad21-ew-lookup",""
"UK","uk-ew-lad-2021","ew_ltla","uk-ew-lad-2021:E06000055","E06000055","Bedford",2001,134902,"people with a stated current-religion response (all usual residents minus not answered or religion not stated)",112797,83.61,22105,16.39,,,,476.38,,,"nomis-c2001ks007-lad2011-ew|ons-lad-may-2021-uk-bgc|ons-lad11-lad21-ew-lookup",""
"UK","uk-ew-lad-2021","ew_ltla","uk-ew-lad-2021:E06000055","E06000055","Bedford",2011,147127,"people with a stated current-religion response (all usual residents minus not answered or religion not stated)",109898,74.7,37229,25.3,,,,476.38,,,"nomis-c2011ks209ew-lad2011-ew|ons-lad-may-2021-uk-bgc|ons-lad11-lad21-ew-lookup",""
"UK","uk-ew-lad-2021","ew_ltla","uk-ew-lad-2021:E06000055","E06000055","Bedford",2021,174514,"people with a stated current-religion response (all usual residents minus not answered or religion not stated)",111271,63.76,63243,36.24,,,,476.38,,,"nomis-c2021ts030-lad2022-ew|ons-lad-may-2021-uk-bgc|ons-lad11-lad21-ew-lookup",""
"UK","uk-ew-lad-2021","ew_ltla","uk-ew-lad-2021:E06000056","E06000056","Central Bedfordshire",2001,217744,"people with a stated current-religion response (all usual residents minus not answered or religion not stated)",178158,81.82,39586,18.18,,,,715.57,,,"nomis-c2001ks007-lad2011-ew|ons-lad-may-2021-uk-bgc|ons-lad11-lad21-ew-lookup",""
"UK","uk-ew-lad-2021","ew_ltla","uk-ew-lad-2021:E06000056","E06000056","Central Bedfordshire",2011,237096,"people with a stated current-religion response (all usual residents minus not answered or religion not stated)",164741,69.48,72355,30.52,,,,715.57,,,"nomis-c2011ks209ew-lad2011-ew|ons-lad-may-2021-uk-bgc|ons-lad11-lad21-ew-lookup",""
"UK","uk-ew-lad-2021","ew_ltla","uk-ew-lad-2021:E06000056","E06000056","Central Bedfordshire",2021,278281,"people with a stated current-religion response (all usual residents minus not answered or religion not stated)",152280,54.72,126001,45.28,,,,715.57,,,"nomis-c2021ts030-lad2022-ew|ons-lad-may-2021-uk-bgc|ons-lad11-lad21-ew-lookup",""
"UK","uk-ew-lad-2021","ew_ltla","uk-ew-lad-2021:E06000057","E06000057","Northumberland",2001,287568,"people with a stated current-religion response (all usual residents minus not answered or religion not stated)",251412,87.43,36156,12.57,,,,5032.37,,,"nomis-c2001ks007-lad2011-ew|ons-lad-may-2021-uk-bgc|ons-lad11-lad21-ew-lookup",""
"UK","uk-ew-lad-2021","ew_ltla","uk-ew-lad-2021:E06000057","E06000057","Northumberland",2011,295867,"people with a stated current-religion response (all usual residents minus not answered or religion not stated)",220247,74.44,75620,25.56,,,,5032.37,,,"nomis-c2011ks209ew-lad2011-ew|ons-lad-may-2021-uk-bgc|ons-lad11-lad21-ew-lookup",""
"UK","uk-ew-lad-2021","ew_ltla","uk-ew-lad-2021:E06000057","E06000057","Northumberland",2021,304383,"people with a stated current-religion response (all usual residents minus not answered or religion not stated)",175680,57.72,128703,42.28,,,,5032.37,,,"nomis-c2021ts030-lad2022-ew|ons-lad-may-2021-uk-bgc|ons-lad11-lad21-ew-lookup",""
"UK","uk-ew-lad-2021","ew_ltla","uk-ew-lad-2021:E06000058","E06000058","Bournemouth, Christchurch and Poole",2001,319283,"people with a stated current-religion response (all usual residents minus not answered or religion not stated)",261602,81.93,57681,18.07,,,,162.07,,,"nomis-c2001ks007-lad2011-ew|ons-lad-may-2021-uk-bgc|ons-lad11-lad21-ew-lookup","boundary_change_crosswalked;lad11_to_lad21_concordance_sum"
"UK","uk-ew-lad-2021","ew_ltla","uk-ew-lad-2021:E06000058","E06000058","Bournemouth, Christchurch and Poole",2011,349741,"people with a stated current-religion response (all usual residents minus not answered or religion not stated)",238617,68.23,111124,31.77,,,,162.07,,,"nomis-c2011ks209ew-lad2011-ew|ons-lad-may-2021-uk-bgc|ons-lad11-lad21-ew-lookup","boundary_change_crosswalked;lad11_to_lad21_concordance_sum"
"UK","uk-ew-lad-2021","ew_ltla","uk-ew-lad-2021:E06000058","E06000058","Bournemouth, Christchurch and Poole",2021,372620,"people with a stated current-religion response (all usual residents minus not answered or religion not stated)",203768,54.69,168852,45.31,,,,162.07,,,"nomis-c2021ts030-lad2022-ew|ons-lad-may-2021-uk-bgc|ons-lad11-lad21-ew-lookup",""
"UK","uk-ew-lad-2021","ew_ltla","uk-ew-lad-2021:E06000059","E06000059","Dorset",2001,320217,"people with a stated current-religion response (all usual residents minus not answered or religion not stated)",272403,85.07,47814,14.93,,,,2490.99,,,"nomis-c2001ks007-lad2011-ew|ons-lad-may-2021-uk-bgc|ons-lad11-lad21-ew-lookup","boundary_change_crosswalked;lad11_to_lad21_concordance_sum"
"UK","uk-ew-lad-2021","ew_ltla","uk-ew-lad-2021:E06000059","E06000059","Dorset",2011,335876,"people with a stated current-religion response (all usual residents minus not answered or religion not stated)",242946,72.33,92930,27.67,,,,2490.99,,,"nomis-c2011ks209ew-lad2011-ew|ons-lad-may-2021-uk-bgc|ons-lad11-lad21-ew-lookup","boundary_change_crosswalked;lad11_to_lad21_concordance_sum"
"UK","uk-ew-lad-2021","ew_ltla","uk-ew-lad-2021:E06000059","E06000059","Dorset",2021,354763,"people with a stated current-religion response (all usual residents minus not answered or religion not stated)",202496,57.08,152267,42.92,,,,2490.99,,,"nomis-c2021ts030-lad2022-ew|ons-lad-may-2021-uk-bgc|ons-lad11-lad21-ew-lookup",""
"UK","uk-ew-lad-2021","ew_ltla","uk-ew-lad-2021:E06000060","E06000060","Buckinghamshire",2001,446012,"people with a stated current-religion response (all usual residents minus not answered or religion not stated)",373601,83.76,72411,16.24,,,,1565,,,"nomis-c2001ks007-lad2011-ew|ons-lad-may-2021-uk-bgc|ons-lad11-lad21-ew-lookup","boundary_change_crosswalked;lad11_to_lad21_concordance_sum"
"UK","uk-ew-lad-2021","ew_ltla","uk-ew-lad-2021:E06000060","E06000060","Buckinghamshire",2011,469197,"people with a stated current-religion response (all usual residents minus not answered or religion not stated)",348007,74.17,121190,25.83,,,,1565,,,"nomis-c2011ks209ew-lad2011-ew|ons-lad-may-2021-uk-bgc|ons-lad11-lad21-ew-lookup","boundary_change_crosswalked;lad11_to_lad21_concordance_sum"
"UK","uk-ew-lad-2021","ew_ltla","uk-ew-lad-2021:E06000060","E06000060","Buckinghamshire",2021,519801,"people with a stated current-religion response (all usual residents minus not answered or religion not stated)",330597,63.6,189204,36.4,,,,1565,,,"nomis-c2021ts030-lad2022-ew|ons-lad-may-2021-uk-bgc|ons-lad11-lad21-ew-lookup",""
"UK","uk-ew-lad-2021","ew_ltla","uk-ew-lad-2021:E06000061","E06000061","North Northamptonshire",2001,261160,"people with a stated current-religion response (all usual residents minus not answered or religion not stated)",207881,79.6,53279,20.4,,,,986.59,,,"nomis-c2001ks007-lad2011-ew|ons-lad-may-2021-uk-bgc|ons-lad11-lad21-ew-lookup","boundary_change_crosswalked;lad11_to_lad21_concordance_sum"
"UK","uk-ew-lad-2021","ew_ltla","uk-ew-lad-2021:E06000061","E06000061","North Northamptonshire",2011,295755,"people with a stated current-religion response (all usual residents minus not answered or religion not stated)",198239,67.03,97516,32.97,,,,986.59,,,"nomis-c2011ks209ew-lad2011-ew|ons-lad-may-2021-uk-bgc|ons-lad11-lad21-ew-lookup","boundary_change_crosswalked;lad11_to_lad21_concordance_sum"
"UK","uk-ew-lad-2021","ew_ltla","uk-ew-lad-2021:E06000061","E06000061","North Northamptonshire",2021,339313,"people with a stated current-religion response (all usual residents minus not answered or religion not stated)",186315,54.91,152998,45.09,,,,986.59,,,"nomis-c2021ts030-lad2022-ew|ons-lad-may-2021-uk-bgc|ons-lad11-lad21-ew-lookup",""
"UK","uk-ew-lad-2021","ew_ltla","uk-ew-lad-2021:E06000062","E06000062","West Northamptonshire",2001,319355,"people with a stated current-religion response (all usual residents minus not answered or religion not stated)",259375,81.22,59980,18.78,,,,1380.43,,,"nomis-c2001ks007-lad2011-ew|ons-lad-may-2021-uk-bgc|ons-lad11-lad21-ew-lookup","boundary_change_crosswalked;lad11_to_lad21_concordance_sum"
"UK","uk-ew-lad-2021","ew_ltla","uk-ew-lad-2021:E06000062","E06000062","West Northamptonshire",2011,349527,"people with a stated current-religion response (all usual residents minus not answered or religion not stated)",244664,70,104863,30,,,,1380.43,,,"nomis-c2011ks209ew-lad2011-ew|ons-lad-may-2021-uk-bgc|ons-lad11-lad21-ew-lookup","boundary_change_crosswalked;lad11_to_lad21_concordance_sum"
"UK","uk-ew-lad-2021","ew_ltla","uk-ew-lad-2021:E06000062","E06000062","West Northamptonshire",2021,399571,"people with a stated current-religion response (all usual residents minus not answered or religion not stated)",236820,59.27,162751,40.73,,,,1380.43,,,"nomis-c2021ts030-lad2022-ew|ons-lad-may-2021-uk-bgc|ons-lad11-lad21-ew-lookup",""
"UK","uk-ew-lad-2021","ew_ltla","uk-ew-lad-2021:E07000008","E07000008","Cambridge",2001,98398,"people with a stated current-religion response (all usual residents minus not answered or religion not stated)",69433,70.56,28965,29.44,,,,40.71,,,"nomis-c2001ks007-lad2011-ew|ons-lad-may-2021-uk-bgc|ons-lad11-lad21-ew-lookup",""
"UK","uk-ew-lad-2021","ew_ltla","uk-ew-lad-2021:E07000008","E07000008","Cambridge",2011,112667,"people with a stated current-religion response (all usual residents minus not answered or religion not stated)",65828,58.43,46839,41.57,,,,40.71,,,"nomis-c2011ks209ew-lad2011-ew|ons-lad-may-2021-uk-bgc|ons-lad11-lad21-ew-lookup",""
"UK","uk-ew-lad-2021","ew_ltla","uk-ew-lad-2021:E07000008","E07000008","Cambridge",2021,131357,"people with a stated current-religion response (all usual residents minus not answered or religion not stated)",66197,50.39,65160,49.61,,,,40.71,,,"nomis-c2021ts030-lad2022-ew|ons-lad-may-2021-uk-bgc|ons-lad11-lad21-ew-lookup",""
"UK","uk-ew-lad-2021","ew_ltla","uk-ew-lad-2021:E07000009","E07000009","East Cambridgeshire",2001,66882,"people with a stated current-religion response (all usual residents minus not answered or religion not stated)",55560,83.07,11322,16.93,,,,651.26,,,"nomis-c2001ks007-lad2011-ew|ons-lad-may-2021-uk-bgc|ons-lad11-lad21-ew-lookup",""
"UK","uk-ew-lad-2021","ew_ltla","uk-ew-lad-2021:E07000009","E07000009","East Cambridgeshire",2011,77187,"people with a stated current-religion response (all usual residents minus not answered or religion not stated)",53622,69.47,23565,30.53,,,,651.26,,,"nomis-c2011ks209ew-lad2011-ew|ons-lad-may-2021-uk-bgc|ons-lad11-lad21-ew-lookup",""
"UK","uk-ew-lad-2021","ew_ltla","uk-ew-lad-2021:E07000009","E07000009","East Cambridgeshire",2021,82203,"people with a stated current-religion response (all usual residents minus not answered or religion not stated)",44521,54.16,37682,45.84,,,,651.26,,,"nomis-c2021ts030-lad2022-ew|ons-lad-may-2021-uk-bgc|ons-lad11-lad21-ew-lookup",""
"UK","uk-ew-lad-2021","ew_ltla","uk-ew-lad-2021:E07000010","E07000010","Fenland",2001,76440,"people with a stated current-religion response (all usual residents minus not answered or religion not stated)",65564,85.77,10876,14.23,,,,546.49,,,"nomis-c2001ks007-lad2011-ew|ons-lad-may-2021-uk-bgc|ons-lad11-lad21-ew-lookup",""
"UK","uk-ew-lad-2021","ew_ltla","uk-ew-lad-2021:E07000010","E07000010","Fenland",2011,88424,"people with a stated current-religion response (all usual residents minus not answered or religion not stated)",64578,73.03,23846,26.97,,,,546.49,,,"nomis-c2011ks209ew-lad2011-ew|ons-lad-may-2021-uk-bgc|ons-lad11-lad21-ew-lookup",""
"UK","uk-ew-lad-2021","ew_ltla","uk-ew-lad-2021:E07000010","E07000010","Fenland",2021,96119,"people with a stated current-religion response (all usual residents minus not answered or religion not stated)",55222,57.45,40897,42.55,,,,546.49,,,"nomis-c2021ts030-lad2022-ew|ons-lad-may-2021-uk-bgc|ons-lad11-lad21-ew-lookup",""
"UK","uk-ew-lad-2021","ew_ltla","uk-ew-lad-2021:E07000011","E07000011","Huntingdonshire",2001,145210,"people with a stated current-religion response (all usual residents minus not answered or religion not stated)",119275,82.14,25935,17.86,,,,912.56,,,"nomis-c2001ks007-lad2011-ew|ons-lad-may-2021-uk-bgc|ons-lad11-lad21-ew-lookup",""
"UK","uk-ew-lad-2021","ew_ltla","uk-ew-lad-2021:E07000011","E07000011","Huntingdonshire",2011,157242,"people with a stated current-religion response (all usual residents minus not answered or religion not stated)",107217,68.19,50025,31.81,,,,912.56,,,"nomis-c2011ks209ew-lad2011-ew|ons-lad-may-2021-uk-bgc|ons-lad11-lad21-ew-lookup",""
"UK","uk-ew-lad-2021","ew_ltla","uk-ew-lad-2021:E07000011","E07000011","Huntingdonshire",2021,170366,"people with a stated current-religion response (all usual residents minus not answered or religion not stated)",91240,53.56,79126,46.44,,,,912.56,,,"nomis-c2021ts030-lad2022-ew|ons-lad-may-2021-uk-bgc|ons-lad11-lad21-ew-lookup",""
"UK","uk-ew-lad-2021","ew_ltla","uk-ew-lad-2021:E07000012","E07000012","South Cambridgeshire",2001,120260,"people with a stated current-religion response (all usual residents minus not answered or religion not stated)",97013,80.67,23247,19.33,,,,901.69,,,"nomis-c2001ks007-lad2011-ew|ons-lad-may-2021-uk-bgc|ons-lad11-lad21-ew-lookup",""
"UK","uk-ew-lad-2021","ew_ltla","uk-ew-lad-2021:E07000012","E07000012","South Cambridgeshire",2011,136607,"people with a stated current-religion response (all usual residents minus not answered or religion not stated)",91866,67.25,44741,32.75,,,,901.69,,,"nomis-c2011ks209ew-lad2011-ew|ons-lad-may-2021-uk-bgc|ons-lad11-lad21-ew-lookup",""
"UK","uk-ew-lad-2021","ew_ltla","uk-ew-lad-2021:E07000012","E07000012","South Cambridgeshire",2021,151276,"people with a stated current-religion response (all usual residents minus not answered or religion not stated)",81007,53.55,70269,46.45,,,,901.69,,,"nomis-c2021ts030-lad2022-ew|ons-lad-may-2021-uk-bgc|ons-lad11-lad21-ew-lookup",""
"UK","uk-ew-lad-2021","ew_ltla","uk-ew-lad-2021:E07000026","E07000026","Allerdale",2001,87697,"people with a stated current-religion response (all usual residents minus not answered or religion not stated)",80061,91.29,7636,8.71,,,,1258.22,,,"nomis-c2001ks007-lad2011-ew|ons-lad-may-2021-uk-bgc|ons-lad11-lad21-ew-lookup",""
"UK","uk-ew-lad-2021","ew_ltla","uk-ew-lad-2021:E07000026","E07000026","Allerdale",2011,90063,"people with a stated current-religion response (all usual residents minus not answered or religion not stated)",73386,81.48,16677,18.52,,,,1258.22,,,"nomis-c2011ks209ew-lad2011-ew|ons-lad-may-2021-uk-bgc|ons-lad11-lad21-ew-lookup",""
"UK","uk-ew-lad-2021","ew_ltla","uk-ew-lad-2021:E07000026","E07000026","Allerdale",2021,90487,"people with a stated current-religion response (all usual residents minus not answered or religion not stated)",58421,64.56,32066,35.44,,,,1258.22,,,"nomis-c2021ts030-lad2022-ew|ons-lad-may-2021-uk-bgc|ons-lad11-lad21-ew-lookup",""
"UK","uk-ew-lad-2021","ew_ltla","uk-ew-lad-2021:E07000027","E07000027","Barrow-in-Furness",2001,66515,"people with a stated current-religion response (all usual residents minus not answered or religion not stated)",58746,88.32,7769,11.68,,,,77.82,,,"nomis-c2001ks007-lad2011-ew|ons-lad-may-2021-uk-bgc|ons-lad11-lad21-ew-lookup",""
"UK","uk-ew-lad-2021","ew_ltla","uk-ew-lad-2021:E07000027","E07000027","Barrow-in-Furness",2011,64694,"people with a stated current-religion response (all usual residents minus not answered or religion not stated)",49442,76.42,15252,23.58,,,,77.82,,,"nomis-c2011ks209ew-lad2011-ew|ons-lad-may-2021-uk-bgc|ons-lad11-lad21-ew-lookup",""
"UK","uk-ew-lad-2021","ew_ltla","uk-ew-lad-2021:E07000027","E07000027","Barrow-in-Furness",2021,63492,"people with a stated current-religion response (all usual residents minus not answered or religion not stated)",36711,57.82,26781,42.18,,,,77.82,,,"nomis-c2021ts030-lad2022-ew|ons-lad-may-2021-uk-bgc|ons-lad11-lad21-ew-lookup",""
"UK","uk-ew-lad-2021","ew_ltla","uk-ew-lad-2021:E07000028","E07000028","Carlisle",2001,92925,"people with a stated current-religion response (all usual residents minus not answered or religion not stated)",81896,88.13,11029,11.87,,,,1038.26,,,"nomis-c2001ks007-lad2011-ew|ons-lad-may-2021-uk-bgc|ons-lad11-lad21-ew-lookup",""
"UK","uk-ew-lad-2021","ew_ltla","uk-ew-lad-2021:E07000028","E07000028","Carlisle",2011,100218,"people with a stated current-religion response (all usual residents minus not answered or religion not stated)",75592,75.43,24626,24.57,,,,1038.26,,,"nomis-c2011ks209ew-lad2011-ew|ons-lad-may-2021-uk-bgc|ons-lad11-lad21-ew-lookup",""
"UK","uk-ew-lad-2021","ew_ltla","uk-ew-lad-2021:E07000028","E07000028","Carlisle",2021,103806,"people with a stated current-religion response (all usual residents minus not answered or religion not stated)",60748,58.52,43058,41.48,,,,1038.26,,,"nomis-c2021ts030-lad2022-ew|ons-lad-may-2021-uk-bgc|ons-lad11-lad21-ew-lookup",""
"UK","uk-ew-lad-2021","ew_ltla","uk-ew-lad-2021:E07000029","E07000029","Copeland",2001,65014,"people with a stated current-religion response (all usual residents minus not answered or religion not stated)",60162,92.54,4852,7.46,,,,737.55,,,"nomis-c2001ks007-lad2011-ew|ons-lad-may-2021-uk-bgc|ons-lad11-lad21-ew-lookup",""
"UK","uk-ew-lad-2021","ew_ltla","uk-ew-lad-2021:E07000029","E07000029","Copeland",2011,66461,"people with a stated current-religion response (all usual residents minus not answered or religion not stated)",56314,84.73,10147,15.27,,,,737.55,,,"nomis-c2011ks209ew-lad2011-ew|ons-lad-may-2021-uk-bgc|ons-lad11-lad21-ew-lookup",""
"UK","uk-ew-lad-2021","ew_ltla","uk-ew-lad-2021:E07000029","E07000029","Copeland",2021,63574,"people with a stated current-religion response (all usual residents minus not answered or religion not stated)",44389,69.82,19185,30.18,,,,737.55,,,"nomis-c2021ts030-lad2022-ew|ons-lad-may-2021-uk-bgc|ons-lad11-lad21-ew-lookup",""
"UK","uk-ew-lad-2021","ew_ltla","uk-ew-lad-2021:E07000030","E07000030","Eden",2001,46418,"people with a stated current-religion response (all usual residents minus not answered or religion not stated)",40726,87.74,5692,12.26,,,,2156.52,,,"nomis-c2001ks007-lad2011-ew|ons-lad-may-2021-uk-bgc|ons-lad11-lad21-ew-lookup",""
"UK","uk-ew-lad-2021","ew_ltla","uk-ew-lad-2021:E07000030","E07000030","Eden",2011,48527,"people with a stated current-religion response (all usual residents minus not answered or religion not stated)",37645,77.58,10882,22.42,,,,2156.52,,,"nomis-c2011ks209ew-lad2011-ew|ons-lad-may-2021-uk-bgc|ons-lad11-lad21-ew-lookup",""
"UK","uk-ew-lad-2021","ew_ltla","uk-ew-lad-2021:E07000030","E07000030","Eden",2021,51457,"people with a stated current-religion response (all usual residents minus not answered or religion not stated)",32642,63.44,18815,36.56,,,,2156.52,,,"nomis-c2021ts030-lad2022-ew|ons-lad-may-2021-uk-bgc|ons-lad11-lad21-ew-lookup",""
"UK","uk-ew-lad-2021","ew_ltla","uk-ew-lad-2021:E07000031","E07000031","South Lakeland",2001,95338,"people with a stated current-religion response (all usual residents minus not answered or religion not stated)",81759,85.76,13579,14.24,,,,1554.79,,,"nomis-c2001ks007-lad2011-ew|ons-lad-may-2021-uk-bgc|ons-lad11-lad21-ew-lookup",""
"UK","uk-ew-lad-2021","ew_ltla","uk-ew-lad-2021:E07000031","E07000031","South Lakeland",2011,95647,"people with a stated current-religion response (all usual residents minus not answered or religion not stated)",71735,75,23912,25,,,,1554.79,,,"nomis-c2011ks209ew-lad2011-ew|ons-lad-may-2021-uk-bgc|ons-lad11-lad21-ew-lookup",""
"UK","uk-ew-lad-2021","ew_ltla","uk-ew-lad-2021:E07000031","E07000031","South Lakeland",2021,97877,"people with a stated current-religion response (all usual residents minus not answered or religion not stated)",58775,60.05,39102,39.95,,,,1554.79,,,"nomis-c2021ts030-lad2022-ew|ons-lad-may-2021-uk-bgc|ons-lad11-lad21-ew-lookup",""
"UK","uk-ew-lad-2021","ew_ltla","uk-ew-lad-2021:E07000032","E07000032","Amber Valley",2001,107555,"people with a stated current-religion response (all usual residents minus not answered or religion not stated)",88757,82.52,18798,17.48,,,,265.41,,,"nomis-c2001ks007-lad2011-ew|ons-lad-may-2021-uk-bgc|ons-lad11-lad21-ew-lookup",""
"UK","uk-ew-lad-2021","ew_ltla","uk-ew-lad-2021:E07000032","E07000032","Amber Valley",2011,113349,"people with a stated current-religion response (all usual residents minus not answered or religion not stated)",76264,67.28,37085,32.72,,,,265.41,,,"nomis-c2011ks209ew-lad2011-ew|ons-lad-may-2021-uk-bgc|ons-lad11-lad21-ew-lookup",""
"UK","uk-ew-lad-2021","ew_ltla","uk-ew-lad-2021:E07000032","E07000032","Amber Valley",2021,118939,"people with a stated current-religion response (all usual residents minus not answered or religion not stated)",59217,49.79,59722,50.21,,,,265.41,,,"nomis-c2021ts030-lad2022-ew|ons-lad-may-2021-uk-bgc|ons-lad11-lad21-ew-lookup",""
"UK","uk-ew-lad-2021","ew_ltla","uk-ew-lad-2021:E07000033","E07000033","Bolsover",2001,65446,"people with a stated current-religion response (all usual residents minus not answered or religion not stated)",56394,86.17,9052,13.83,,,,160.35,,,"nomis-c2001ks007-lad2011-ew|ons-lad-may-2021-uk-bgc|ons-lad11-lad21-ew-lookup",""
"UK","uk-ew-lad-2021","ew_ltla","uk-ew-lad-2021:E07000033","E07000033","Bolsover",2011,70690,"people with a stated current-religion response (all usual residents minus not answered or religion not stated)",50183,70.99,20507,29.01,,,,160.35,,,"nomis-c2011ks209ew-lad2011-ew|ons-lad-may-2021-uk-bgc|ons-lad11-lad21-ew-lookup",""
"UK","uk-ew-lad-2021","ew_ltla","uk-ew-lad-2021:E07000033","E07000033","Bolsover",2021,75755,"people with a stated current-religion response (all usual residents minus not answered or religion not stated)",39688,52.39,36067,47.61,,,,160.35,,,"nomis-c2021ts030-lad2022-ew|ons-lad-may-2021-uk-bgc|ons-lad11-lad21-ew-lookup",""
"UK","uk-ew-lad-2021","ew_ltla","uk-ew-lad-2021:E07000034","E07000034","Chesterfield",2001,91049,"people with a stated current-religion response (all usual residents minus not answered or religion not stated)",77904,85.56,13145,14.44,,,,66.03,,,"nomis-c2001ks007-lad2011-ew|ons-lad-may-2021-uk-bgc|ons-lad11-lad21-ew-lookup",""
"UK","uk-ew-lad-2021","ew_ltla","uk-ew-lad-2021:E07000034","E07000034","Chesterfield",2011,96146,"people with a stated current-religion response (all usual residents minus not answered or religion not stated)",67908,70.63,28238,29.37,,,,66.03,,,"nomis-c2011ks209ew-lad2011-ew|ons-lad-may-2021-uk-bgc|ons-lad11-lad21-ew-lookup",""
"UK","uk-ew-lad-2021","ew_ltla","uk-ew-lad-2021:E07000034","E07000034","Chesterfield",2021,97795,"people with a stated current-religion response (all usual residents minus not answered or religion not stated)",51729,52.9,46066,47.1,,,,66.03,,,"nomis-c2021ts030-lad2022-ew|ons-lad-may-2021-uk-bgc|ons-lad11-lad21-ew-lookup",""
"UK","uk-ew-lad-2021","ew_ltla","uk-ew-lad-2021:E07000035","E07000035","Derbyshire Dales",2001,64614,"people with a stated current-religion response (all usual residents minus not answered or religion not stated)",55661,86.14,8953,13.86,,,,795.43,,,"nomis-c2001ks007-lad2011-ew|ons-lad-may-2021-uk-bgc|ons-lad11-lad21-ew-lookup",""
"UK","uk-ew-lad-2021","ew_ltla","uk-ew-lad-2021:E07000035","E07000035","Derbyshire Dales",2011,66022,"people with a stated current-religion response (all usual residents minus not answered or religion not stated)",49545,75.04,16477,24.96,,,,795.43,,,"nomis-c2011ks209ew-lad2011-ew|ons-lad-may-2021-uk-bgc|ons-lad11-lad21-ew-lookup",""
"UK","uk-ew-lad-2021","ew_ltla","uk-ew-lad-2021:E07000035","E07000035","Derbyshire Dales",2021,67382,"people with a stated current-religion response (all usual residents minus not answered or religion not stated)",40694,60.39,26688,39.61,,,,795.43,,,"nomis-c2021ts030-lad2022-ew|ons-lad-may-2021-uk-bgc|ons-lad11-lad21-ew-lookup",""
"UK","uk-ew-lad-2021","ew_ltla","uk-ew-lad-2021:E07000036","E07000036","Erewash",2001,101582,"people with a stated current-religion response (all usual residents minus not answered or religion not stated)",80739,79.48,20843,20.52,,,,109.63,,,"nomis-c2001ks007-lad2011-ew|ons-lad-may-2021-uk-bgc|ons-lad11-lad21-ew-lookup",""
"UK","uk-ew-lad-2021","ew_ltla","uk-ew-lad-2021:E07000036","E07000036","Erewash",2011,104400,"people with a stated current-religion response (all usual residents minus not answered or religion not stated)",66405,63.61,37995,36.39,,,,109.63,,,"nomis-c2011ks209ew-lad2011-ew|ons-lad-may-2021-uk-bgc|ons-lad11-lad21-ew-lookup",""
"UK","uk-ew-lad-2021","ew_ltla","uk-ew-lad-2021:E07000036","E07000036","Erewash",2021,106704,"people with a stated current-religion response (all usual residents minus not answered or religion not stated)",50354,47.19,56350,52.81,,,,109.63,,,"nomis-c2021ts030-lad2022-ew|ons-lad-may-2021-uk-bgc|ons-lad11-lad21-ew-lookup",""
"UK","uk-ew-lad-2021","ew_ltla","uk-ew-lad-2021:E07000037","E07000037","High Peak",2001,83317,"people with a stated current-religion response (all usual residents minus not answered or religion not stated)",69163,83.01,14154,16.99,,,,540.23,,,"nomis-c2001ks007-lad2011-ew|ons-lad-may-2021-uk-bgc|ons-lad11-lad21-ew-lookup",""
"UK","uk-ew-lad-2021","ew_ltla","uk-ew-lad-2021:E07000037","E07000037","High Peak",2011,84329,"people with a stated current-religion response (all usual residents minus not answered or religion not stated)",59272,70.29,25057,29.71,,,,540.23,,,"nomis-c2011ks209ew-lad2011-ew|ons-lad-may-2021-uk-bgc|ons-lad11-lad21-ew-lookup",""
"UK","uk-ew-lad-2021","ew_ltla","uk-ew-lad-2021:E07000037","E07000037","High Peak",2021,85725,"people with a stated current-religion response (all usual residents minus not answered or religion not stated)",45344,52.89,40381,47.11,,,,540.23,,,"nomis-c2021ts030-lad2022-ew|ons-lad-may-2021-uk-bgc|ons-lad11-lad21-ew-lookup",""
"UK","uk-ew-lad-2021","ew_ltla","uk-ew-lad-2021:E07000038","E07000038","North East Derbyshire",2001,89911,"people with a stated current-religion response (all usual residents minus not answered or religion not stated)",78094,86.86,11817,13.14,,,,275.66,,,"nomis-c2001ks007-lad2011-ew|ons-lad-may-2021-uk-bgc|ons-lad11-lad21-ew-lookup",""
"UK","uk-ew-lad-2021","ew_ltla","uk-ew-lad-2021:E07000038","E07000038","North East Derbyshire",2011,92201,"people with a stated current-religion response (all usual residents minus not answered or religion not stated)",67736,73.47,24465,26.53,,,,275.66,,,"nomis-c2011ks209ew-lad2011-ew|ons-lad-may-2021-uk-bgc|ons-lad11-lad21-ew-lookup",""
"UK","uk-ew-lad-2021","ew_ltla","uk-ew-lad-2021:E07000038","E07000038","North East Derbyshire",2021,96350,"people with a stated current-religion response (all usual residents minus not answered or religion not stated)",53177,55.19,43173,44.81,,,,275.66,,,"nomis-c2021ts030-lad2022-ew|ons-lad-may-2021-uk-bgc|ons-lad11-lad21-ew-lookup",""
"UK","uk-ew-lad-2021","ew_ltla","uk-ew-lad-2021:E07000039","E07000039","South Derbyshire",2001,76220,"people with a stated current-religion response (all usual residents minus not answered or religion not stated)",65401,85.81,10819,14.19,,,,338.09,,,"nomis-c2001ks007-lad2011-ew|ons-lad-may-2021-uk-bgc|ons-lad11-lad21-ew-lookup",""
"UK","uk-ew-lad-2021","ew_ltla","uk-ew-lad-2021:E07000039","E07000039","South Derbyshire",2011,88390,"people with a stated current-religion response (all usual residents minus not answered or religion not stated)",63056,71.34,25334,28.66,,,,338.09,,,"nomis-c2011ks209ew-lad2011-ew|ons-lad-may-2021-uk-bgc|ons-lad11-lad21-ew-lookup",""
"UK","uk-ew-lad-2021","ew_ltla","uk-ew-lad-2021:E07000039","E07000039","South Derbyshire",2021,101334,"people with a stated current-religion response (all usual residents minus not answered or religion not stated)",55186,54.46,46148,45.54,,,,338.09,,,"nomis-c2021ts030-lad2022-ew|ons-lad-may-2021-uk-bgc|ons-lad11-lad21-ew-lookup",""
"UK","uk-ew-lad-2021","ew_ltla","uk-ew-lad-2021:E07000040","E07000040","East Devon",2001,116149,"people with a stated current-religion response (all usual residents minus not answered or religion not stated)",98708,84.98,17441,15.02,,,,814.33,,,"nomis-c2001ks007-lad2011-ew|ons-lad-may-2021-uk-bgc|ons-lad11-lad21-ew-lookup",""
"UK","uk-ew-lad-2021","ew_ltla","uk-ew-lad-2021:E07000040","E07000040","East Devon",2011,121661,"people with a stated current-religion response (all usual residents minus not answered or religion not stated)",88381,72.65,33280,27.35,,,,814.33,,,"nomis-c2011ks209ew-lad2011-ew|ons-lad-may-2021-uk-bgc|ons-lad11-lad21-ew-lookup",""
"UK","uk-ew-lad-2021","ew_ltla","uk-ew-lad-2021:E07000040","E07000040","East Devon",2021,140971,"people with a stated current-religion response (all usual residents minus not answered or religion not stated)",77795,55.19,63176,44.81,,,,814.33,,,"nomis-c2021ts030-lad2022-ew|ons-lad-may-2021-uk-bgc|ons-lad11-lad21-ew-lookup",""
"UK","uk-ew-lad-2021","ew_ltla","uk-ew-lad-2021:E07000041","E07000041","Exeter",2001,101558,"people with a stated current-religion response (all usual residents minus not answered or religion not stated)",78839,77.63,22719,22.37,,,,47.05,,,"nomis-c2001ks007-lad2011-ew|ons-lad-may-2021-uk-bgc|ons-lad11-lad21-ew-lookup",""
"UK","uk-ew-lad-2021","ew_ltla","uk-ew-lad-2021:E07000041","E07000041","Exeter",2011,108244,"people with a stated current-religion response (all usual residents minus not answered or religion not stated)",67382,62.25,40862,37.75,,,,47.05,,,"nomis-c2011ks209ew-lad2011-ew|ons-lad-may-2021-uk-bgc|ons-lad11-lad21-ew-lookup",""
"UK","uk-ew-lad-2021","ew_ltla","uk-ew-lad-2021:E07000041","E07000041","Exeter",2021,121082,"people with a stated current-religion response (all usual residents minus not answered or religion not stated)",57697,47.65,63385,52.35,,,,47.05,,,"nomis-c2021ts030-lad2022-ew|ons-lad-may-2021-uk-bgc|ons-lad11-lad21-ew-lookup",""
"UK","uk-ew-lad-2021","ew_ltla","uk-ew-lad-2021:E07000042","E07000042","Mid Devon",2001,64283,"people with a stated current-religion response (all usual residents minus not answered or religion not stated)",53133,82.65,11150,17.35,,,,912.83,,,"nomis-c2001ks007-lad2011-ew|ons-lad-may-2021-uk-bgc|ons-lad11-lad21-ew-lookup",""
"UK","uk-ew-lad-2021","ew_ltla","uk-ew-lad-2021:E07000042","E07000042","Mid Devon",2011,71244,"people with a stated current-religion response (all usual residents minus not answered or religion not stated)",49122,68.95,22122,31.05,,,,912.83,,,"nomis-c2011ks209ew-lad2011-ew|ons-lad-may-2021-uk-bgc|ons-lad11-lad21-ew-lookup",""
"UK","uk-ew-lad-2021","ew_ltla","uk-ew-lad-2021:E07000042","E07000042","Mid Devon",2021,77604,"people with a stated current-religion response (all usual residents minus not answered or religion not stated)",40300,51.93,37304,48.07,,,,912.83,,,"nomis-c2021ts030-lad2022-ew|ons-lad-may-2021-uk-bgc|ons-lad11-lad21-ew-lookup",""
"UK","uk-ew-lad-2021","ew_ltla","uk-ew-lad-2021:E07000043","E07000043","North Devon",2001,80413,"people with a stated current-religion response (all usual residents minus not answered or religion not stated)",66458,82.65,13955,17.35,,,,1085.8,,,"nomis-c2001ks007-lad2011-ew|ons-lad-may-2021-uk-bgc|ons-lad11-lad21-ew-lookup",""
"UK","uk-ew-lad-2021","ew_ltla","uk-ew-lad-2021:E07000043","E07000043","North Devon",2011,85656,"people with a stated current-religion response (all usual residents minus not answered or religion not stated)",58673,68.5,26983,31.5,,,,1085.8,,,"nomis-c2011ks209ew-lad2011-ew|ons-lad-may-2021-uk-bgc|ons-lad11-lad21-ew-lookup",""
"UK","uk-ew-lad-2021","ew_ltla","uk-ew-lad-2021:E07000043","E07000043","North Devon",2021,92161,"people with a stated current-religion response (all usual residents minus not answered or religion not stated)",47671,51.73,44490,48.27,,,,1085.8,,,"nomis-c2021ts030-lad2022-ew|ons-lad-may-2021-uk-bgc|ons-lad11-lad21-ew-lookup",""
"UK","uk-ew-lad-2021","ew_ltla","uk-ew-lad-2021:E07000044","E07000044","South Hams",2001,75566,"people with a stated current-religion response (all usual residents minus not answered or religion not stated)",62035,82.09,13531,17.91,,,,886.62,,,"nomis-c2001ks007-lad2011-ew|ons-lad-may-2021-uk-bgc|ons-lad11-lad21-ew-lookup",""
"UK","uk-ew-lad-2021","ew_ltla","uk-ew-lad-2021:E07000044","E07000044","South Hams",2011,75722,"people with a stated current-religion response (all usual residents minus not answered or religion not stated)",52654,69.54,23068,30.46,,,,886.62,,,"nomis-c2011ks209ew-lad2011-ew|ons-lad-may-2021-uk-bgc|ons-lad11-lad21-ew-lookup",""
"UK","uk-ew-lad-2021","ew_ltla","uk-ew-lad-2021:E07000044","E07000044","South Hams",2021,82852,"people with a stated current-religion response (all usual residents minus not answered or religion not stated)",43823,52.89,39029,47.11,,,,886.62,,,"nomis-c2021ts030-lad2022-ew|ons-lad-may-2021-uk-bgc|ons-lad11-lad21-ew-lookup",""
"UK","uk-ew-lad-2021","ew_ltla","uk-ew-lad-2021:E07000045","E07000045","Teignbridge",2001,111440,"people with a stated current-religion response (all usual residents minus not answered or religion not stated)",92477,82.98,18963,17.02,,,,673.74,,,"nomis-c2001ks007-lad2011-ew|ons-lad-may-2021-uk-bgc|ons-lad11-lad21-ew-lookup",""
"UK","uk-ew-lad-2021","ew_ltla","uk-ew-lad-2021:E07000045","E07000045","Teignbridge",2011,113780,"people with a stated current-religion response (all usual residents minus not answered or religion not stated)",78841,69.29,34939,30.71,,,,673.74,,,"nomis-c2011ks209ew-lad2011-ew|ons-lad-may-2021-uk-bgc|ons-lad11-lad21-ew-lookup",""
"UK","uk-ew-lad-2021","ew_ltla","uk-ew-lad-2021:E07000045","E07000045","Teignbridge",2021,126174,"people with a stated current-religion response (all usual residents minus not answered or religion not stated)",65753,52.11,60421,47.89,,,,673.74,,,"nomis-c2021ts030-lad2022-ew|ons-lad-may-2021-uk-bgc|ons-lad11-lad21-ew-lookup",""
"UK","uk-ew-lad-2021","ew_ltla","uk-ew-lad-2021:E07000046","E07000046","Torridge",2001,54202,"people with a stated current-religion response (all usual residents minus not answered or religion not stated)",44990,83,9212,17,,,,985.29,,,"nomis-c2001ks007-lad2011-ew|ons-lad-may-2021-uk-bgc|ons-lad11-lad21-ew-lookup",""
"UK","uk-ew-lad-2021","ew_ltla","uk-ew-lad-2021:E07000046","E07000046","Torridge",2011,58382,"people with a stated current-religion response (all usual residents minus not answered or religion not stated)",40845,69.96,17537,30.04,,,,985.29,,,"nomis-c2011ks209ew-lad2011-ew|ons-lad-may-2021-uk-bgc|ons-lad11-lad21-ew-lookup",""
"UK","uk-ew-lad-2021","ew_ltla","uk-ew-lad-2021:E07000046","E07000046","Torridge",2021,63576,"people with a stated current-religion response (all usual residents minus not answered or religion not stated)",34034,53.53,29542,46.47,,,,985.29,,,"nomis-c2021ts030-lad2022-ew|ons-lad-may-2021-uk-bgc|ons-lad11-lad21-ew-lookup",""
"UK","uk-ew-lad-2021","ew_ltla","uk-ew-lad-2021:E07000047","E07000047","West Devon",2001,45258,"people with a stated current-religion response (all usual residents minus not answered or religion not stated)",37731,83.37,7527,16.63,,,,1161.05,,,"nomis-c2001ks007-lad2011-ew|ons-lad-may-2021-uk-bgc|ons-lad11-lad21-ew-lookup",""
"UK","uk-ew-lad-2021","ew_ltla","uk-ew-lad-2021:E07000047","E07000047","West Devon",2011,48978,"people with a stated current-religion response (all usual residents minus not answered or religion not stated)",34724,70.9,14254,29.1,,,,1161.05,,,"nomis-c2011ks209ew-lad2011-ew|ons-lad-may-2021-uk-bgc|ons-lad11-lad21-ew-lookup",""
"UK","uk-ew-lad-2021","ew_ltla","uk-ew-lad-2021:E07000047","E07000047","West Devon",2021,53379,"people with a stated current-religion response (all usual residents minus not answered or religion not stated)",29625,55.5,23754,44.5,,,,1161.05,,,"nomis-c2021ts030-lad2022-ew|ons-lad-may-2021-uk-bgc|ons-lad11-lad21-ew-lookup",""
"UK","uk-ew-lad-2021","ew_ltla","uk-ew-lad-2021:E07000061","E07000061","Eastbourne",2001,82367,"people with a stated current-religion response (all usual residents minus not answered or religion not stated)",67396,81.82,14971,18.18,,,,44.18,,,"nomis-c2001ks007-lad2011-ew|ons-lad-may-2021-uk-bgc|ons-lad11-lad21-ew-lookup",""
"UK","uk-ew-lad-2021","ew_ltla","uk-ew-lad-2021:E07000061","E07000061","Eastbourne",2011,91446,"people with a stated current-religion response (all usual residents minus not answered or religion not stated)",62451,68.29,28995,31.71,,,,44.18,,,"nomis-c2011ks209ew-lad2011-ew|ons-lad-may-2021-uk-bgc|ons-lad11-lad21-ew-lookup",""
"UK","uk-ew-lad-2021","ew_ltla","uk-ew-lad-2021:E07000061","E07000061","Eastbourne",2021,94918,"people with a stated current-religion response (all usual residents minus not answered or religion not stated)",50999,53.73,43919,46.27,,,,44.18,,,"nomis-c2021ts030-lad2022-ew|ons-lad-may-2021-uk-bgc|ons-lad11-lad21-ew-lookup",""
"UK","uk-ew-lad-2021","ew_ltla","uk-ew-lad-2021:E07000062","E07000062","Hastings",2001,77138,"people with a stated current-religion response (all usual residents minus not answered or religion not stated)",58979,76.46,18159,23.54,,,,29.81,,,"nomis-c2001ks007-lad2011-ew|ons-lad-may-2021-uk-bgc|ons-lad11-lad21-ew-lookup",""
"UK","uk-ew-lad-2021","ew_ltla","uk-ew-lad-2021:E07000062","E07000062","Hastings",2011,82803,"people with a stated current-religion response (all usual residents minus not answered or religion not stated)",49737,60.07,33066,39.93,,,,29.81,,,"nomis-c2011ks209ew-lad2011-ew|ons-lad-may-2021-uk-bgc|ons-lad11-lad21-ew-lookup",""
"UK","uk-ew-lad-2021","ew_ltla","uk-ew-lad-2021:E07000062","E07000062","Hastings",2021,84999,"people with a stated current-religion response (all usual residents minus not answered or religion not stated)",38249,45,46750,55,,,,29.81,,,"nomis-c2021ts030-lad2022-ew|ons-lad-may-2021-uk-bgc|ons-lad11-lad21-ew-lookup",""
"UK","uk-ew-lad-2021","ew_ltla","uk-ew-lad-2021:E07000063","E07000063","Lewes",2001,84608,"people with a stated current-religion response (all usual residents minus not answered or religion not stated)",67849,80.19,16759,19.81,,,,292.14,,,"nomis-c2001ks007-lad2011-ew|ons-lad-may-2021-uk-bgc|ons-lad11-lad21-ew-lookup",""
"UK","uk-ew-lad-2021","ew_ltla","uk-ew-lad-2021:E07000063","E07000063","Lewes",2011,89482,"people with a stated current-religion response (all usual residents minus not answered or religion not stated)",57841,64.64,31641,35.36,,,,292.14,,,"nomis-c2011ks209ew-lad2011-ew|ons-lad-may-2021-uk-bgc|ons-lad11-lad21-ew-lookup",""
"UK","uk-ew-lad-2021","ew_ltla","uk-ew-lad-2021:E07000063","E07000063","Lewes",2021,93600,"people with a stated current-religion response (all usual residents minus not answered or religion not stated)",45464,48.57,48136,51.43,,,,292.14,,,"nomis-c2021ts030-lad2022-ew|ons-lad-may-2021-uk-bgc|ons-lad11-lad21-ew-lookup",""
"UK","uk-ew-lad-2021","ew_ltla","uk-ew-lad-2021:E07000064","E07000064","Rother",2001,78511,"people with a stated current-religion response (all usual residents minus not answered or religion not stated)",66625,84.86,11886,15.14,,,,511.81,,,"nomis-c2001ks007-lad2011-ew|ons-lad-may-2021-uk-bgc|ons-lad11-lad21-ew-lookup",""
"UK","uk-ew-lad-2021","ew_ltla","uk-ew-lad-2021:E07000064","E07000064","Rother",2011,83198,"people with a stated current-religion response (all usual residents minus not answered or religion not stated)",60334,72.52,22864,27.48,,,,511.81,,,"nomis-c2011ks209ew-lad2011-ew|ons-lad-may-2021-uk-bgc|ons-lad11-lad21-ew-lookup",""
"UK","uk-ew-lad-2021","ew_ltla","uk-ew-lad-2021:E07000064","E07000064","Rother",2021,86986,"people with a stated current-religion response (all usual residents minus not answered or religion not stated)",49127,56.48,37859,43.52,,,,511.81,,,"nomis-c2021ts030-lad2022-ew|ons-lad-may-2021-uk-bgc|ons-lad11-lad21-ew-lookup",""
"UK","uk-ew-lad-2021","ew_ltla","uk-ew-lad-2021:E07000065","E07000065","Wealden",2001,129688,"people with a stated current-religion response (all usual residents minus not answered or religion not stated)",110278,85.03,19410,14.97,,,,834.92,,,"nomis-c2001ks007-lad2011-ew|ons-lad-may-2021-uk-bgc|ons-lad11-lad21-ew-lookup",""
"UK","uk-ew-lad-2021","ew_ltla","uk-ew-lad-2021:E07000065","E07000065","Wealden",2011,137105,"people with a stated current-religion response (all usual residents minus not answered or religion not stated)",97948,71.44,39157,28.56,,,,834.92,,,"nomis-c2011ks209ew-lad2011-ew|ons-lad-may-2021-uk-bgc|ons-lad11-lad21-ew-lookup",""
"UK","uk-ew-lad-2021","ew_ltla","uk-ew-lad-2021:E07000065","E07000065","Wealden",2021,150002,"people with a stated current-religion response (all usual residents minus not answered or religion not stated)",82616,55.08,67386,44.92,,,,834.92,,,"nomis-c2021ts030-lad2022-ew|ons-lad-may-2021-uk-bgc|ons-lad11-lad21-ew-lookup",""
"UK","uk-ew-lad-2021","ew_ltla","uk-ew-lad-2021:E07000066","E07000066","Basildon",2001,153263,"people with a stated current-religion response (all usual residents minus not answered or religion not stated)",124404,81.17,28859,18.83,,,,109.96,,,"nomis-c2001ks007-lad2011-ew|ons-lad-may-2021-uk-bgc|ons-lad11-lad21-ew-lookup",""
"UK","uk-ew-lad-2021","ew_ltla","uk-ew-lad-2021:E07000066","E07000066","Basildon",2011,162622,"people with a stated current-religion response (all usual residents minus not answered or religion not stated)",109699,67.46,52923,32.54,,,,109.96,,,"nomis-c2011ks209ew-lad2011-ew|ons-lad-may-2021-uk-bgc|ons-lad11-lad21-ew-lookup",""
"UK","uk-ew-lad-2021","ew_ltla","uk-ew-lad-2021:E07000066","E07000066","Basildon",2021,177773,"people with a stated current-religion response (all usual residents minus not answered or religion not stated)",94993,53.43,82780,46.57,,,,109.96,,,"nomis-c2021ts030-lad2022-ew|ons-lad-may-2021-uk-bgc|ons-lad11-lad21-ew-lookup",""
"UK","uk-ew-lad-2021","ew_ltla","uk-ew-lad-2021:E07000067","E07000067","Braintree",2001,122001,"people with a stated current-religion response (all usual residents minus not answered or religion not stated)",99548,81.6,22453,18.4,,,,611.7,,,"nomis-c2001ks007-lad2011-ew|ons-lad-may-2021-uk-bgc|ons-lad11-lad21-ew-lookup",""
"UK","uk-ew-lad-2021","ew_ltla","uk-ew-lad-2021:E07000067","E07000067","Braintree",2011,136585,"people with a stated current-religion response (all usual residents minus not answered or religion not stated)",92474,67.7,44111,32.3,,,,611.7,,,"nomis-c2011ks209ew-lad2011-ew|ons-lad-may-2021-uk-bgc|ons-lad11-lad21-ew-lookup",""
"UK","uk-ew-lad-2021","ew_ltla","uk-ew-lad-2021:E07000067","E07000067","Braintree",2021,146078,"people with a stated current-religion response (all usual residents minus not answered or religion not stated)",76148,52.13,69930,47.87,,,,611.7,,,"nomis-c2021ts030-lad2022-ew|ons-lad-may-2021-uk-bgc|ons-lad11-lad21-ew-lookup",""
"UK","uk-ew-lad-2021","ew_ltla","uk-ew-lad-2021:E07000068","E07000068","Brentwood",2001,64315,"people with a stated current-religion response (all usual residents minus not answered or religion not stated)",55701,86.61,8614,13.39,,,,153.14,,,"nomis-c2001ks007-lad2011-ew|ons-lad-may-2021-uk-bgc|ons-lad11-lad21-ew-lookup",""
"UK","uk-ew-lad-2021","ew_ltla","uk-ew-lad-2021:E07000068","E07000068","Brentwood",2011,68385,"people with a stated current-religion response (all usual residents minus not answered or religion not stated)",52829,77.25,15556,22.75,,,,153.14,,,"nomis-c2011ks209ew-lad2011-ew|ons-lad-may-2021-uk-bgc|ons-lad11-lad21-ew-lookup",""
"UK","uk-ew-lad-2021","ew_ltla","uk-ew-lad-2021:E07000068","E07000068","Brentwood",2021,72713,"people with a stated current-religion response (all usual residents minus not answered or religion not stated)",47058,64.72,25655,35.28,,,,153.14,,,"nomis-c2021ts030-lad2022-ew|ons-lad-may-2021-uk-bgc|ons-lad11-lad21-ew-lookup",""
"UK","uk-ew-lad-2021","ew_ltla","uk-ew-lad-2021:E07000069","E07000069","Castle Point",2001,80008,"people with a stated current-religion response (all usual residents minus not answered or religion not stated)",66566,83.2,13442,16.8,,,,44.52,,,"nomis-c2001ks007-lad2011-ew|ons-lad-may-2021-uk-bgc|ons-lad11-lad21-ew-lookup",""
"UK","uk-ew-lad-2021","ew_ltla","uk-ew-lad-2021:E07000069","E07000069","Castle Point",2011,81731,"people with a stated current-religion response (all usual residents minus not answered or religion not stated)",57764,70.68,23967,29.32,,,,44.52,,,"nomis-c2011ks209ew-lad2011-ew|ons-lad-may-2021-uk-bgc|ons-lad11-lad21-ew-lookup",""
"UK","uk-ew-lad-2021","ew_ltla","uk-ew-lad-2021:E07000069","E07000069","Castle Point",2021,84994,"people with a stated current-religion response (all usual residents minus not answered or religion not stated)",46009,54.13,38985,45.87,,,,44.52,,,"nomis-c2021ts030-lad2022-ew|ons-lad-may-2021-uk-bgc|ons-lad11-lad21-ew-lookup",""
"UK","uk-ew-lad-2021","ew_ltla","uk-ew-lad-2021:E07000070","E07000070","Chelmsford",2001,146034,"people with a stated current-religion response (all usual residents minus not answered or religion not stated)",120227,82.33,25807,17.67,,,,342.22,,,"nomis-c2001ks007-lad2011-ew|ons-lad-may-2021-uk-bgc|ons-lad11-lad21-ew-lookup",""
"UK","uk-ew-lad-2021","ew_ltla","uk-ew-lad-2021:E07000070","E07000070","Chelmsford",2011,156495,"people with a stated current-religion response (all usual residents minus not answered or religion not stated)",109092,69.71,47403,30.29,,,,342.22,,,"nomis-c2011ks209ew-lad2011-ew|ons-lad-may-2021-uk-bgc|ons-lad11-lad21-ew-lookup",""
"UK","uk-ew-lad-2021","ew_ltla","uk-ew-lad-2021:E07000070","E07000070","Chelmsford",2021,170978,"people with a stated current-religion response (all usual residents minus not answered or religion not stated)",96237,56.29,74741,43.71,,,,342.22,,,"nomis-c2021ts030-lad2022-ew|ons-lad-may-2021-uk-bgc|ons-lad11-lad21-ew-lookup",""
"UK","uk-ew-lad-2021","ew_ltla","uk-ew-lad-2021:E07000071","E07000071","Colchester",2001,143718,"people with a stated current-religion response (all usual residents minus not answered or religion not stated)",114908,79.95,28810,20.05,,,,332.12,,,"nomis-c2001ks007-lad2011-ew|ons-lad-may-2021-uk-bgc|ons-lad11-lad21-ew-lookup",""
"UK","uk-ew-lad-2021","ew_ltla","uk-ew-lad-2021:E07000071","E07000071","Colchester",2011,160486,"people with a stated current-religion response (all usual residents minus not answered or religion not stated)",106132,66.13,54354,33.87,,,,332.12,,,"nomis-c2011ks209ew-lad2011-ew|ons-lad-may-2021-uk-bgc|ons-lad11-lad21-ew-lookup",""
"UK","uk-ew-lad-2021","ew_ltla","uk-ew-lad-2021:E07000071","E07000071","Colchester",2021,180679,"people with a stated current-religion response (all usual residents minus not answered or religion not stated)",95195,52.69,85484,47.31,,,,332.12,,,"nomis-c2021ts030-lad2022-ew|ons-lad-may-2021-uk-bgc|ons-lad11-lad21-ew-lookup",""
"UK","uk-ew-lad-2021","ew_ltla","uk-ew-lad-2021:E07000072","E07000072","Epping Forest",2001,112146,"people with a stated current-religion response (all usual residents minus not answered or religion not stated)",95135,84.83,17011,15.17,,,,338.97,,,"nomis-c2001ks007-lad2011-ew|ons-lad-may-2021-uk-bgc|ons-lad11-lad21-ew-lookup",""
"UK","uk-ew-lad-2021","ew_ltla","uk-ew-lad-2021:E07000072","E07000072","Epping Forest",2011,115309,"people with a stated current-religion response (all usual residents minus not answered or religion not stated)",87248,75.66,28061,24.34,,,,338.97,,,"nomis-c2011ks209ew-lad2011-ew|ons-lad-may-2021-uk-bgc|ons-lad11-lad21-ew-lookup",""
"UK","uk-ew-lad-2021","ew_ltla","uk-ew-lad-2021:E07000072","E07000072","Epping Forest",2021,126859,"people with a stated current-religion response (all usual residents minus not answered or religion not stated)",81883,64.55,44976,35.45,,,,338.97,,,"nomis-c2021ts030-lad2022-ew|ons-lad-may-2021-uk-bgc|ons-lad11-lad21-ew-lookup",""
"UK","uk-ew-lad-2021","ew_ltla","uk-ew-lad-2021:E07000073","E07000073","Harlow",2001,72670,"people with a stated current-religion response (all usual residents minus not answered or religion not stated)",55046,75.75,17624,24.25,,,,30.53,,,"nomis-c2001ks007-lad2011-ew|ons-lad-may-2021-uk-bgc|ons-lad11-lad21-ew-lookup",""
"UK","uk-ew-lad-2021","ew_ltla","uk-ew-lad-2021:E07000073","E07000073","Harlow",2011,76522,"people with a stated current-religion response (all usual residents minus not answered or religion not stated)",48733,63.68,27789,36.32,,,,30.53,,,"nomis-c2011ks209ew-lad2011-ew|ons-lad-may-2021-uk-bgc|ons-lad11-lad21-ew-lookup",""
"UK","uk-ew-lad-2021","ew_ltla","uk-ew-lad-2021:E07000073","E07000073","Harlow",2021,88246,"people with a stated current-religion response (all usual residents minus not answered or religion not stated)",47740,54.1,40506,45.9,,,,30.53,,,"nomis-c2021ts030-lad2022-ew|ons-lad-may-2021-uk-bgc|ons-lad11-lad21-ew-lookup",""
"UK","uk-ew-lad-2021","ew_ltla","uk-ew-lad-2021:E07000074","E07000074","Maldon",2001,55374,"people with a stated current-religion response (all usual residents minus not answered or religion not stated)",45585,82.32,9789,17.68,,,,357.5,,,"nomis-c2001ks007-lad2011-ew|ons-lad-may-2021-uk-bgc|ons-lad11-lad21-ew-lookup",""
"UK","uk-ew-lad-2021","ew_ltla","uk-ew-lad-2021:E07000074","E07000074","Maldon",2011,57120,"people with a stated current-religion response (all usual residents minus not answered or religion not stated)",40755,71.35,16365,28.65,,,,357.5,,,"nomis-c2011ks209ew-lad2011-ew|ons-lad-may-2021-uk-bgc|ons-lad11-lad21-ew-lookup",""
"UK","uk-ew-lad-2021","ew_ltla","uk-ew-lad-2021:E07000074","E07000074","Maldon",2021,62624,"people with a stated current-religion response (all usual residents minus not answered or religion not stated)",33870,54.08,28754,45.92,,,,357.5,,,"nomis-c2021ts030-lad2022-ew|ons-lad-may-2021-uk-bgc|ons-lad11-lad21-ew-lookup",""
"UK","uk-ew-lad-2021","ew_ltla","uk-ew-lad-2021:E07000075","E07000075","Rochford",2001,72688,"people with a stated current-religion response (all usual residents minus not answered or religion not stated)",60405,83.1,12283,16.9,,,,166.9,,,"nomis-c2001ks007-lad2011-ew|ons-lad-may-2021-uk-bgc|ons-lad11-lad21-ew-lookup",""
"UK","uk-ew-lad-2021","ew_ltla","uk-ew-lad-2021:E07000075","E07000075","Rochford",2011,77249,"people with a stated current-religion response (all usual residents minus not answered or religion not stated)",54021,69.93,23228,30.07,,,,166.9,,,"nomis-c2011ks209ew-lad2011-ew|ons-lad-may-2021-uk-bgc|ons-lad11-lad21-ew-lookup",""
"UK","uk-ew-lad-2021","ew_ltla","uk-ew-lad-2021:E07000075","E07000075","Rochford",2021,80931,"people with a stated current-religion response (all usual residents minus not answered or religion not stated)",42434,52.43,38497,47.57,,,,166.9,,,"nomis-c2021ts030-lad2022-ew|ons-lad-may-2021-uk-bgc|ons-lad11-lad21-ew-lookup",""
"UK","uk-ew-lad-2021","ew_ltla","uk-ew-lad-2021:E07000076","E07000076","Tendring",2001,127270,"people with a stated current-religion response (all usual residents minus not answered or religion not stated)",106575,83.74,20695,16.26,,,,336.2,,,"nomis-c2001ks007-lad2011-ew|ons-lad-may-2021-uk-bgc|ons-lad11-lad21-ew-lookup",""
"UK","uk-ew-lad-2021","ew_ltla","uk-ew-lad-2021:E07000076","E07000076","Tendring",2011,127455,"people with a stated current-religion response (all usual residents minus not answered or religion not stated)",89978,70.6,37477,29.4,,,,336.2,,,"nomis-c2011ks209ew-lad2011-ew|ons-lad-may-2021-uk-bgc|ons-lad11-lad21-ew-lookup",""
"UK","uk-ew-lad-2021","ew_ltla","uk-ew-lad-2021:E07000076","E07000076","Tendring",2021,139536,"people with a stated current-religion response (all usual residents minus not answered or religion not stated)",75461,54.08,64075,45.92,,,,336.2,,,"nomis-c2021ts030-lad2022-ew|ons-lad-may-2021-uk-bgc|ons-lad11-lad21-ew-lookup",""
"UK","uk-ew-lad-2021","ew_ltla","uk-ew-lad-2021:E07000077","E07000077","Uttlesford",2001,64250,"people with a stated current-religion response (all usual residents minus not answered or religion not stated)",53776,83.7,10474,16.3,,,,641.12,,,"nomis-c2001ks007-lad2011-ew|ons-lad-may-2021-uk-bgc|ons-lad11-lad21-ew-lookup",""
"UK","uk-ew-lad-2021","ew_ltla","uk-ew-lad-2021:E07000077","E07000077","Uttlesford",2011,73532,"people with a stated current-religion response (all usual residents minus not answered or religion not stated)",52719,71.7,20813,28.3,,,,641.12,,,"nomis-c2011ks209ew-lad2011-ew|ons-lad-may-2021-uk-bgc|ons-lad11-lad21-ew-lookup",""
"UK","uk-ew-lad-2021","ew_ltla","uk-ew-lad-2021:E07000077","E07000077","Uttlesford",2021,86053,"people with a stated current-religion response (all usual residents minus not answered or religion not stated)",48137,55.94,37916,44.06,,,,641.12,,,"nomis-c2021ts030-lad2022-ew|ons-lad-may-2021-uk-bgc|ons-lad11-lad21-ew-lookup",""
"UK","uk-ew-lad-2021","ew_ltla","uk-ew-lad-2021:E07000078","E07000078","Cheltenham",2001,101859,"people with a stated current-religion response (all usual residents minus not answered or religion not stated)",81808,80.31,20051,19.69,,,,46.57,,,"nomis-c2001ks007-lad2011-ew|ons-lad-may-2021-uk-bgc|ons-lad11-lad21-ew-lookup",""
"UK","uk-ew-lad-2021","ew_ltla","uk-ew-lad-2021:E07000078","E07000078","Cheltenham",2011,106899,"people with a stated current-religion response (all usual residents minus not answered or religion not stated)",71306,66.7,35593,33.3,,,,46.57,,,"nomis-c2011ks209ew-lad2011-ew|ons-lad-may-2021-uk-bgc|ons-lad11-lad21-ew-lookup",""
"UK","uk-ew-lad-2021","ew_ltla","uk-ew-lad-2021:E07000078","E07000078","Cheltenham",2021,111299,"people with a stated current-religion response (all usual residents minus not answered or religion not stated)",58566,52.62,52733,47.38,,,,46.57,,,"nomis-c2021ts030-lad2022-ew|ons-lad-may-2021-uk-bgc|ons-lad11-lad21-ew-lookup",""
"UK","uk-ew-lad-2021","ew_ltla","uk-ew-lad-2021:E07000079","E07000079","Cotswold",2001,75423,"people with a stated current-religion response (all usual residents minus not answered or religion not stated)",65077,86.28,10346,13.72,,,,1164.54,,,"nomis-c2001ks007-lad2011-ew|ons-lad-may-2021-uk-bgc|ons-lad11-lad21-ew-lookup",""
"UK","uk-ew-lad-2021","ew_ltla","uk-ew-lad-2021:E07000079","E07000079","Cotswold",2011,76841,"people with a stated current-religion response (all usual residents minus not answered or religion not stated)",57862,75.3,18979,24.7,,,,1164.54,,,"nomis-c2011ks209ew-lad2011-ew|ons-lad-may-2021-uk-bgc|ons-lad11-lad21-ew-lookup",""
"UK","uk-ew-lad-2021","ew_ltla","uk-ew-lad-2021:E07000079","E07000079","Cotswold",2021,85359,"people with a stated current-religion response (all usual residents minus not answered or religion not stated)",52049,60.98,33310,39.02,,,,1164.54,,,"nomis-c2021ts030-lad2022-ew|ons-lad-may-2021-uk-bgc|ons-lad11-lad21-ew-lookup",""
"UK","uk-ew-lad-2021","ew_ltla","uk-ew-lad-2021:E07000080","E07000080","Forest of Dean",2001,73290,"people with a stated current-religion response (all usual residents minus not answered or religion not stated)",62201,84.87,11089,15.13,,,,525.92,,,"nomis-c2001ks007-lad2011-ew|ons-lad-may-2021-uk-bgc|ons-lad11-lad21-ew-lookup",""
"UK","uk-ew-lad-2021","ew_ltla","uk-ew-lad-2021:E07000080","E07000080","Forest of Dean",2011,75453,"people with a stated current-religion response (all usual residents minus not answered or religion not stated)",54807,72.64,20646,27.36,,,,525.92,,,"nomis-c2011ks209ew-lad2011-ew|ons-lad-may-2021-uk-bgc|ons-lad11-lad21-ew-lookup",""
"UK","uk-ew-lad-2021","ew_ltla","uk-ew-lad-2021:E07000080","E07000080","Forest of Dean",2021,81414,"people with a stated current-religion response (all usual residents minus not answered or religion not stated)",45176,55.49,36238,44.51,,,,525.92,,,"nomis-c2021ts030-lad2022-ew|ons-lad-may-2021-uk-bgc|ons-lad11-lad21-ew-lookup",""
"UK","uk-ew-lad-2021","ew_ltla","uk-ew-lad-2021:E07000081","E07000081","Gloucester",2001,100941,"people with a stated current-religion response (all usual residents minus not answered or religion not stated)",85280,84.48,15661,15.52,,,,40.55,,,"nomis-c2001ks007-lad2011-ew|ons-lad-may-2021-uk-bgc|ons-lad11-lad21-ew-lookup",""
"UK","uk-ew-lad-2021","ew_ltla","uk-ew-lad-2021:E07000081","E07000081","Gloucester",2011,113339,"people with a stated current-religion response (all usual residents minus not answered or religion not stated)",81488,71.9,31851,28.1,,,,40.55,,,"nomis-c2011ks209ew-lad2011-ew|ons-lad-may-2021-uk-bgc|ons-lad11-lad21-ew-lookup",""
"UK","uk-ew-lad-2021","ew_ltla","uk-ew-lad-2021:E07000081","E07000081","Gloucester",2021,124507,"people with a stated current-religion response (all usual residents minus not answered or religion not stated)",72000,57.83,52507,42.17,,,,40.55,,,"nomis-c2021ts030-lad2022-ew|ons-lad-may-2021-uk-bgc|ons-lad11-lad21-ew-lookup",""
"UK","uk-ew-lad-2021","ew_ltla","uk-ew-lad-2021:E07000082","E07000082","Stroud",2001,99350,"people with a stated current-religion response (all usual residents minus not answered or religion not stated)",81951,82.49,17399,17.51,,,,460.62,,,"nomis-c2001ks007-lad2011-ew|ons-lad-may-2021-uk-bgc|ons-lad11-lad21-ew-lookup",""
"UK","uk-ew-lad-2021","ew_ltla","uk-ew-lad-2021:E07000082","E07000082","Stroud",2011,103650,"people with a stated current-religion response (all usual residents minus not answered or religion not stated)",71682,69.16,31968,30.84,,,,460.62,,,"nomis-c2011ks209ew-lad2011-ew|ons-lad-may-2021-uk-bgc|ons-lad11-lad21-ew-lookup",""
"UK","uk-ew-lad-2021","ew_ltla","uk-ew-lad-2021:E07000082","E07000082","Stroud",2021,113241,"people with a stated current-religion response (all usual residents minus not answered or religion not stated)",59817,52.82,53424,47.18,,,,460.62,,,"nomis-c2021ts030-lad2022-ew|ons-lad-may-2021-uk-bgc|ons-lad11-lad21-ew-lookup",""
"UK","uk-ew-lad-2021","ew_ltla","uk-ew-lad-2021:E07000083","E07000083","Tewkesbury",2001,71094,"people with a stated current-religion response (all usual residents minus not answered or religion not stated)",61125,85.98,9969,14.02,,,,414.41,,,"nomis-c2001ks007-lad2011-ew|ons-lad-may-2021-uk-bgc|ons-lad11-lad21-ew-lookup",""
"UK","uk-ew-lad-2021","ew_ltla","uk-ew-lad-2021:E07000083","E07000083","Tewkesbury",2011,76121,"people with a stated current-religion response (all usual residents minus not answered or religion not stated)",55662,73.12,20459,26.88,,,,414.41,,,"nomis-c2011ks209ew-lad2011-ew|ons-lad-may-2021-uk-bgc|ons-lad11-lad21-ew-lookup",""
"UK","uk-ew-lad-2021","ew_ltla","uk-ew-lad-2021:E07000083","E07000083","Tewkesbury",2021,89219,"people with a stated current-religion response (all usual residents minus not answered or religion not stated)",50473,56.57,38746,43.43,,,,414.41,,,"nomis-c2021ts030-lad2022-ew|ons-lad-may-2021-uk-bgc|ons-lad11-lad21-ew-lookup",""
"UK","uk-ew-lad-2021","ew_ltla","uk-ew-lad-2021:E07000084","E07000084","Basingstoke and Deane",2001,141558,"people with a stated current-religion response (all usual residents minus not answered or religion not stated)",115655,81.7,25903,18.3,,,,633.78,,,"nomis-c2001ks007-lad2011-ew|ons-lad-may-2021-uk-bgc|ons-lad11-lad21-ew-lookup",""
"UK","uk-ew-lad-2021","ew_ltla","uk-ew-lad-2021:E07000084","E07000084","Basingstoke and Deane",2011,155721,"people with a stated current-religion response (all usual residents minus not answered or religion not stated)",105951,68.04,49770,31.96,,,,633.78,,,"nomis-c2011ks209ew-lad2011-ew|ons-lad-may-2021-uk-bgc|ons-lad11-lad21-ew-lookup",""
"UK","uk-ew-lad-2021","ew_ltla","uk-ew-lad-2021:E07000084","E07000084","Basingstoke and Deane",2021,174829,"people with a stated current-religion response (all usual residents minus not answered or religion not stated)",94386,53.99,80443,46.01,,,,633.78,,,"nomis-c2021ts030-lad2022-ew|ons-lad-may-2021-uk-bgc|ons-lad11-lad21-ew-lookup",""
"UK","uk-ew-lad-2021","ew_ltla","uk-ew-lad-2021:E07000085","E07000085","East Hampshire",2001,102171,"people with a stated current-religion response (all usual residents minus not answered or religion not stated)",85391,83.58,16780,16.42,,,,514.43,,,"nomis-c2001ks007-lad2011-ew|ons-lad-may-2021-uk-bgc|ons-lad11-lad21-ew-lookup",""
"UK","uk-ew-lad-2021","ew_ltla","uk-ew-lad-2021:E07000085","E07000085","East Hampshire",2011,106938,"people with a stated current-religion response (all usual residents minus not answered or religion not stated)",76558,71.59,30380,28.41,,,,514.43,,,"nomis-c2011ks209ew-lad2011-ew|ons-lad-may-2021-uk-bgc|ons-lad11-lad21-ew-lookup",""
"UK","uk-ew-lad-2021","ew_ltla","uk-ew-lad-2021:E07000085","E07000085","East Hampshire",2021,118084,"people with a stated current-religion response (all usual residents minus not answered or religion not stated)",66596,56.4,51488,43.6,,,,514.43,,,"nomis-c2021ts030-lad2022-ew|ons-lad-may-2021-uk-bgc|ons-lad11-lad21-ew-lookup",""
"UK","uk-ew-lad-2021","ew_ltla","uk-ew-lad-2021:E07000086","E07000086","Eastleigh",2001,108696,"people with a stated current-religion response (all usual residents minus not answered or religion not stated)",91001,83.72,17695,16.28,,,,79.68,,,"nomis-c2001ks007-lad2011-ew|ons-lad-may-2021-uk-bgc|ons-lad11-lad21-ew-lookup",""
"UK","uk-ew-lad-2021","ew_ltla","uk-ew-lad-2021:E07000086","E07000086","Eastleigh",2011,116719,"people with a stated current-religion response (all usual residents minus not answered or religion not stated)",81080,69.47,35639,30.53,,,,79.68,,,"nomis-c2011ks209ew-lad2011-ew|ons-lad-may-2021-uk-bgc|ons-lad11-lad21-ew-lookup",""
"UK","uk-ew-lad-2021","ew_ltla","uk-ew-lad-2021:E07000086","E07000086","Eastleigh",2021,128783,"people with a stated current-religion response (all usual residents minus not answered or religion not stated)",67404,52.34,61379,47.66,,,,79.68,,,"nomis-c2021ts030-lad2022-ew|ons-lad-may-2021-uk-bgc|ons-lad11-lad21-ew-lookup",""
"UK","uk-ew-lad-2021","ew_ltla","uk-ew-lad-2021:E07000087","E07000087","Fareham",2001,100835,"people with a stated current-religion response (all usual residents minus not answered or religion not stated)",85515,84.81,15320,15.19,,,,74.28,,,"nomis-c2001ks007-lad2011-ew|ons-lad-may-2021-uk-bgc|ons-lad11-lad21-ew-lookup",""
"UK","uk-ew-lad-2021","ew_ltla","uk-ew-lad-2021:E07000087","E07000087","Fareham",2011,103497,"people with a stated current-religion response (all usual residents minus not answered or religion not stated)",72919,70.46,30578,29.54,,,,74.28,,,"nomis-c2011ks209ew-lad2011-ew|ons-lad-may-2021-uk-bgc|ons-lad11-lad21-ew-lookup",""
"UK","uk-ew-lad-2021","ew_ltla","uk-ew-lad-2021:E07000087","E07000087","Fareham",2021,108336,"people with a stated current-religion response (all usual residents minus not answered or religion not stated)",58349,53.86,49987,46.14,,,,74.28,,,"nomis-c2021ts030-lad2022-ew|ons-lad-may-2021-uk-bgc|ons-lad11-lad21-ew-lookup",""
"UK","uk-ew-lad-2021","ew_ltla","uk-ew-lad-2021:E07000088","E07000088","Gosport",2001,71010,"people with a stated current-religion response (all usual residents minus not answered or religion not stated)",58331,82.14,12679,17.86,,,,25.37,,,"nomis-c2001ks007-lad2011-ew|ons-lad-may-2021-uk-bgc|ons-lad11-lad21-ew-lookup",""
"UK","uk-ew-lad-2021","ew_ltla","uk-ew-lad-2021:E07000088","E07000088","Gosport",2011,77071,"people with a stated current-religion response (all usual residents minus not answered or religion not stated)",49957,64.82,27114,35.18,,,,25.37,,,"nomis-c2011ks209ew-lad2011-ew|ons-lad-may-2021-uk-bgc|ons-lad11-lad21-ew-lookup",""
"UK","uk-ew-lad-2021","ew_ltla","uk-ew-lad-2021:E07000088","E07000088","Gosport",2021,77758,"people with a stated current-religion response (all usual residents minus not answered or religion not stated)",38096,48.99,39662,51.01,,,,25.37,,,"nomis-c2021ts030-lad2022-ew|ons-lad-may-2021-uk-bgc|ons-lad11-lad21-ew-lookup",""
"UK","uk-ew-lad-2021","ew_ltla","uk-ew-lad-2021:E07000089","E07000089","Hart",2001,78181,"people with a stated current-religion response (all usual residents minus not answered or religion not stated)",65603,83.91,12578,16.09,,,,215.26,,,"nomis-c2001ks007-lad2011-ew|ons-lad-may-2021-uk-bgc|ons-lad11-lad21-ew-lookup",""
"UK","uk-ew-lad-2021","ew_ltla","uk-ew-lad-2021:E07000089","E07000089","Hart",2011,84608,"people with a stated current-religion response (all usual residents minus not answered or religion not stated)",61104,72.22,23504,27.78,,,,215.26,,,"nomis-c2011ks209ew-lad2011-ew|ons-lad-may-2021-uk-bgc|ons-lad11-lad21-ew-lookup",""
"UK","uk-ew-lad-2021","ew_ltla","uk-ew-lad-2021:E07000089","E07000089","Hart",2021,93829,"people with a stated current-religion response (all usual residents minus not answered or religion not stated)",52931,56.41,40898,43.59,,,,215.26,,,"nomis-c2021ts030-lad2022-ew|ons-lad-may-2021-uk-bgc|ons-lad11-lad21-ew-lookup",""
"UK","uk-ew-lad-2021","ew_ltla","uk-ew-lad-2021:E07000090","E07000090","Havant",2001,107486,"people with a stated current-religion response (all usual residents minus not answered or religion not stated)",87103,81.04,20383,18.96,,,,55.73,,,"nomis-c2001ks007-lad2011-ew|ons-lad-may-2021-uk-bgc|ons-lad11-lad21-ew-lookup",""
"UK","uk-ew-lad-2021","ew_ltla","uk-ew-lad-2021:E07000090","E07000090","Havant",2011,112174,"people with a stated current-religion response (all usual residents minus not answered or religion not stated)",73249,65.3,38925,34.7,,,,55.73,,,"nomis-c2011ks209ew-lad2011-ew|ons-lad-may-2021-uk-bgc|ons-lad11-lad21-ew-lookup",""
"UK","uk-ew-lad-2021","ew_ltla","uk-ew-lad-2021:E07000090","E07000090","Havant",2021,117354,"people with a stated current-religion response (all usual residents minus not answered or religion not stated)",58485,49.84,58869,50.16,,,,55.73,,,"nomis-c2021ts030-lad2022-ew|ons-lad-may-2021-uk-bgc|ons-lad11-lad21-ew-lookup",""
"UK","uk-ew-lad-2021","ew_ltla","uk-ew-lad-2021:E07000091","E07000091","New Forest",2001,157626,"people with a stated current-religion response (all usual residents minus not answered or religion not stated)",133995,85.01,23631,14.99,,,,752.03,,,"nomis-c2001ks007-lad2011-ew|ons-lad-may-2021-uk-bgc|ons-lad11-lad21-ew-lookup",""
"UK","uk-ew-lad-2021","ew_ltla","uk-ew-lad-2021:E07000091","E07000091","New Forest",2011,162736,"people with a stated current-religion response (all usual residents minus not answered or religion not stated)",117362,72.12,45374,27.88,,,,752.03,,,"nomis-c2011ks209ew-lad2011-ew|ons-lad-may-2021-uk-bgc|ons-lad11-lad21-ew-lookup",""
"UK","uk-ew-lad-2021","ew_ltla","uk-ew-lad-2021:E07000091","E07000091","New Forest",2021,165044,"people with a stated current-religion response (all usual residents minus not answered or religion not stated)",93505,56.65,71539,43.35,,,,752.03,,,"nomis-c2021ts030-lad2022-ew|ons-lad-may-2021-uk-bgc|ons-lad11-lad21-ew-lookup",""
"UK","uk-ew-lad-2021","ew_ltla","uk-ew-lad-2021:E07000092","E07000092","Rushmoor",2001,83753,"people with a stated current-religion response (all usual residents minus not answered or religion not stated)",68488,81.77,15265,18.23,,,,39.05,,,"nomis-c2001ks007-lad2011-ew|ons-lad-may-2021-uk-bgc|ons-lad11-lad21-ew-lookup",""
"UK","uk-ew-lad-2021","ew_ltla","uk-ew-lad-2021:E07000092","E07000092","Rushmoor",2011,87264,"people with a stated current-religion response (all usual residents minus not answered or religion not stated)",62491,71.61,24773,28.39,,,,39.05,,,"nomis-c2011ks209ew-lad2011-ew|ons-lad-may-2021-uk-bgc|ons-lad11-lad21-ew-lookup",""
"UK","uk-ew-lad-2021","ew_ltla","uk-ew-lad-2021:E07000092","E07000092","Rushmoor",2021,94432,"people with a stated current-religion response (all usual residents minus not answered or religion not stated)",56578,59.91,37854,40.09,,,,39.05,,,"nomis-c2021ts030-lad2022-ew|ons-lad-may-2021-uk-bgc|ons-lad11-lad21-ew-lookup",""
"UK","uk-ew-lad-2021","ew_ltla","uk-ew-lad-2021:E07000093","E07000093","Test Valley",2001,102829,"people with a stated current-religion response (all usual residents minus not answered or religion not stated)",87234,84.83,15595,15.17,,,,627.62,,,"nomis-c2001ks007-lad2011-ew|ons-lad-may-2021-uk-bgc|ons-lad11-lad21-ew-lookup",""
"UK","uk-ew-lad-2021","ew_ltla","uk-ew-lad-2021:E07000093","E07000093","Test Valley",2011,108146,"people with a stated current-religion response (all usual residents minus not answered or religion not stated)",78951,73,29195,27,,,,627.62,,,"nomis-c2011ks209ew-lad2011-ew|ons-lad-may-2021-uk-bgc|ons-lad11-lad21-ew-lookup",""
"UK","uk-ew-lad-2021","ew_ltla","uk-ew-lad-2021:E07000093","E07000093","Test Valley",2021,123009,"people with a stated current-religion response (all usual residents minus not answered or religion not stated)",69979,56.89,53030,43.11,,,,627.62,,,"nomis-c2021ts030-lad2022-ew|ons-lad-may-2021-uk-bgc|ons-lad11-lad21-ew-lookup",""
"UK","uk-ew-lad-2021","ew_ltla","uk-ew-lad-2021:E07000094","E07000094","Winchester",2001,100244,"people with a stated current-religion response (all usual residents minus not answered or religion not stated)",83185,82.98,17059,17.02,,,,660.98,,,"nomis-c2001ks007-lad2011-ew|ons-lad-may-2021-uk-bgc|ons-lad11-lad21-ew-lookup",""
"UK","uk-ew-lad-2021","ew_ltla","uk-ew-lad-2021:E07000094","E07000094","Winchester",2011,107907,"people with a stated current-religion response (all usual residents minus not answered or religion not stated)",76099,70.52,31808,29.48,,,,660.98,,,"nomis-c2011ks209ew-lad2011-ew|ons-lad-may-2021-uk-bgc|ons-lad11-lad21-ew-lookup",""
"UK","uk-ew-lad-2021","ew_ltla","uk-ew-lad-2021:E07000094","E07000094","Winchester",2021,119421,"people with a stated current-religion response (all usual residents minus not answered or religion not stated)",65669,54.99,53752,45.01,,,,660.98,,,"nomis-c2021ts030-lad2022-ew|ons-lad-may-2021-uk-bgc|ons-lad11-lad21-ew-lookup",""
"UK","uk-ew-lad-2021","ew_ltla","uk-ew-lad-2021:E07000095","E07000095","Broxbourne",2001,80795,"people with a stated current-religion response (all usual residents minus not answered or religion not stated)",68698,85.03,12097,14.97,,,,51.46,,,"nomis-c2001ks007-lad2011-ew|ons-lad-may-2021-uk-bgc|ons-lad11-lad21-ew-lookup",""
"UK","uk-ew-lad-2021","ew_ltla","uk-ew-lad-2021:E07000095","E07000095","Broxbourne",2011,87101,"people with a stated current-religion response (all usual residents minus not answered or religion not stated)",64808,74.41,22293,25.59,,,,51.46,,,"nomis-c2011ks209ew-lad2011-ew|ons-lad-may-2021-uk-bgc|ons-lad11-lad21-ew-lookup",""
"UK","uk-ew-lad-2021","ew_ltla","uk-ew-lad-2021:E07000095","E07000095","Broxbourne",2021,93206,"people with a stated current-religion response (all usual residents minus not answered or religion not stated)",60492,64.9,32714,35.1,,,,51.46,,,"nomis-c2021ts030-lad2022-ew|ons-lad-may-2021-uk-bgc|ons-lad11-lad21-ew-lookup",""
"UK","uk-ew-lad-2021","ew_ltla","uk-ew-lad-2021:E07000096","E07000096","Dacorum",2001,126807,"people with a stated current-religion response (all usual residents minus not answered or religion not stated)",101513,80.05,25294,19.95,,,,212.44,,,"nomis-c2001ks007-lad2011-ew|ons-lad-may-2021-uk-bgc|ons-lad11-lad21-ew-lookup",""
"UK","uk-ew-lad-2021","ew_ltla","uk-ew-lad-2021:E07000096","E07000096","Dacorum",2011,134053,"people with a stated current-religion response (all usual residents minus not answered or religion not stated)",91295,68.1,42758,31.9,,,,212.44,,,"nomis-c2011ks209ew-lad2011-ew|ons-lad-may-2021-uk-bgc|ons-lad11-lad21-ew-lookup",""
"UK","uk-ew-lad-2021","ew_ltla","uk-ew-lad-2021:E07000096","E07000096","Dacorum",2021,145732,"people with a stated current-religion response (all usual residents minus not answered or religion not stated)",82051,56.3,63681,43.7,,,,212.44,,,"nomis-c2021ts030-lad2022-ew|ons-lad-may-2021-uk-bgc|ons-lad11-lad21-ew-lookup",""
"UK","uk-ew-lad-2021","ew_ltla","uk-ew-lad-2021:E07000098","E07000098","Hertsmere",2001,86980,"people with a stated current-religion response (all usual residents minus not answered or religion not stated)",74362,85.49,12618,14.51,,,,101.11,,,"nomis-c2001ks007-lad2011-ew|ons-lad-may-2021-uk-bgc|ons-lad11-lad21-ew-lookup",""
"UK","uk-ew-lad-2021","ew_ltla","uk-ew-lad-2021:E07000098","E07000098","Hertsmere",2011,92214,"people with a stated current-religion response (all usual residents minus not answered or religion not stated)",73038,79.2,19176,20.8,,,,101.11,,,"nomis-c2011ks209ew-lad2011-ew|ons-lad-may-2021-uk-bgc|ons-lad11-lad21-ew-lookup",""
"UK","uk-ew-lad-2021","ew_ltla","uk-ew-lad-2021:E07000098","E07000098","Hertsmere",2021,100844,"people with a stated current-religion response (all usual residents minus not answered or religion not stated)",74752,74.13,26092,25.87,,,,101.11,,,"nomis-c2021ts030-lad2022-ew|ons-lad-may-2021-uk-bgc|ons-lad11-lad21-ew-lookup",""
"UK","uk-ew-lad-2021","ew_ltla","uk-ew-lad-2021:E07000099","E07000099","North Hertfordshire",2001,108224,"people with a stated current-religion response (all usual residents minus not answered or religion not stated)",86366,79.8,21858,20.2,,,,375.37,,,"nomis-c2001ks007-lad2011-ew|ons-lad-may-2021-uk-bgc|ons-lad11-lad21-ew-lookup",""
"UK","uk-ew-lad-2021","ew_ltla","uk-ew-lad-2021:E07000099","E07000099","North Hertfordshire",2011,117708,"people with a stated current-religion response (all usual residents minus not answered or religion not stated)",79047,67.16,38661,32.84,,,,375.37,,,"nomis-c2011ks209ew-lad2011-ew|ons-lad-may-2021-uk-bgc|ons-lad11-lad21-ew-lookup",""
"UK","uk-ew-lad-2021","ew_ltla","uk-ew-lad-2021:E07000099","E07000099","North Hertfordshire",2021,125194,"people with a stated current-religion response (all usual residents minus not answered or religion not stated)",65879,52.62,59315,47.38,,,,375.37,,,"nomis-c2021ts030-lad2022-ew|ons-lad-may-2021-uk-bgc|ons-lad11-lad21-ew-lookup",""
"UK","uk-ew-lad-2021","ew_ltla","uk-ew-lad-2021:E07000102","E07000102","Three Rivers",2001,76918,"people with a stated current-religion response (all usual residents minus not answered or religion not stated)",64589,83.97,12329,16.03,,,,88.81,,,"nomis-c2001ks007-lad2011-ew|ons-lad-may-2021-uk-bgc|ons-lad11-lad21-ew-lookup",""
"UK","uk-ew-lad-2021","ew_ltla","uk-ew-lad-2021:E07000102","E07000102","Three Rivers",2011,81183,"people with a stated current-religion response (all usual residents minus not answered or religion not stated)",61250,75.45,19933,24.55,,,,88.81,,,"nomis-c2011ks209ew-lad2011-ew|ons-lad-may-2021-uk-bgc|ons-lad11-lad21-ew-lookup",""
"UK","uk-ew-lad-2021","ew_ltla","uk-ew-lad-2021:E07000102","E07000102","Three Rivers",2021,88489,"people with a stated current-religion response (all usual residents minus not answered or religion not stated)",59567,67.32,28922,32.68,,,,88.81,,,"nomis-c2021ts030-lad2022-ew|ons-lad-may-2021-uk-bgc|ons-lad11-lad21-ew-lookup",""
"UK","uk-ew-lad-2021","ew_ltla","uk-ew-lad-2021:E07000103","E07000103","Watford",2001,73901,"people with a stated current-religion response (all usual residents minus not answered or religion not stated)",61063,82.63,12838,17.37,,,,21.4,,,"nomis-c2001ks007-lad2011-ew|ons-lad-may-2021-uk-bgc|ons-lad11-lad21-ew-lookup",""
"UK","uk-ew-lad-2021","ew_ltla","uk-ew-lad-2021:E07000103","E07000103","Watford",2011,84211,"people with a stated current-religion response (all usual residents minus not answered or religion not stated)",64881,77.05,19330,22.95,,,,21.4,,,"nomis-c2011ks209ew-lad2011-ew|ons-lad-may-2021-uk-bgc|ons-lad11-lad21-ew-lookup",""
"UK","uk-ew-lad-2021","ew_ltla","uk-ew-lad-2021:E07000103","E07000103","Watford",2021,95935,"people with a stated current-religion response (all usual residents minus not answered or religion not stated)",70595,73.59,25340,26.41,,,,21.4,,,"nomis-c2021ts030-lad2022-ew|ons-lad-may-2021-uk-bgc|ons-lad11-lad21-ew-lookup",""
"UK","uk-ew-lad-2021","ew_ltla","uk-ew-lad-2021:E07000105","E07000105","Ashford",2001,95023,"people with a stated current-religion response (all usual residents minus not answered or religion not stated)",80007,84.2,15016,15.8,,,,580.58,,,"nomis-c2001ks007-lad2011-ew|ons-lad-may-2021-uk-bgc|ons-lad11-lad21-ew-lookup",""
"UK","uk-ew-lad-2021","ew_ltla","uk-ew-lad-2021:E07000105","E07000105","Ashford",2011,108984,"people with a stated current-religion response (all usual residents minus not answered or religion not stated)",78000,71.57,30984,28.43,,,,580.58,,,"nomis-c2011ks209ew-lad2011-ew|ons-lad-may-2021-uk-bgc|ons-lad11-lad21-ew-lookup",""
"UK","uk-ew-lad-2021","ew_ltla","uk-ew-lad-2021:E07000105","E07000105","Ashford",2021,125189,"people with a stated current-religion response (all usual residents minus not answered or religion not stated)",71187,56.86,54002,43.14,,,,580.58,,,"nomis-c2021ts030-lad2022-ew|ons-lad-may-2021-uk-bgc|ons-lad11-lad21-ew-lookup",""
"UK","uk-ew-lad-2021","ew_ltla","uk-ew-lad-2021:E07000106","E07000106","Canterbury",2001,124465,"people with a stated current-religion response (all usual residents minus not answered or religion not stated)",101925,81.89,22540,18.11,,,,308.78,,,"nomis-c2001ks007-lad2011-ew|ons-lad-may-2021-uk-bgc|ons-lad11-lad21-ew-lookup",""
"UK","uk-ew-lad-2021","ew_ltla","uk-ew-lad-2021:E07000106","E07000106","Canterbury",2011,139284,"people with a stated current-religion response (all usual residents minus not answered or religion not stated)",96167,69.04,43117,30.96,,,,308.78,,,"nomis-c2011ks209ew-lad2011-ew|ons-lad-may-2021-uk-bgc|ons-lad11-lad21-ew-lookup",""
"UK","uk-ew-lad-2021","ew_ltla","uk-ew-lad-2021:E07000106","E07000106","Canterbury",2021,146367,"people with a stated current-religion response (all usual residents minus not answered or religion not stated)",80280,54.85,66087,45.15,,,,308.78,,,"nomis-c2021ts030-lad2022-ew|ons-lad-may-2021-uk-bgc|ons-lad11-lad21-ew-lookup",""
"UK","uk-ew-lad-2021","ew_ltla","uk-ew-lad-2021:E07000107","E07000107","Dartford",2001,78531,"people with a stated current-religion response (all usual residents minus not answered or religion not stated)",65600,83.53,12931,16.47,,,,72.71,,,"nomis-c2001ks007-lad2011-ew|ons-lad-may-2021-uk-bgc|ons-lad11-lad21-ew-lookup",""
"UK","uk-ew-lad-2021","ew_ltla","uk-ew-lad-2021:E07000107","E07000107","Dartford",2011,90974,"people with a stated current-religion response (all usual residents minus not answered or religion not stated)",64488,70.89,26486,29.11,,,,72.71,,,"nomis-c2011ks209ew-lad2011-ew|ons-lad-may-2021-uk-bgc|ons-lad11-lad21-ew-lookup",""
"UK","uk-ew-lad-2021","ew_ltla","uk-ew-lad-2021:E07000107","E07000107","Dartford",2021,110547,"people with a stated current-religion response (all usual residents minus not answered or religion not stated)",67966,61.48,42581,38.52,,,,72.71,,,"nomis-c2021ts030-lad2022-ew|ons-lad-may-2021-uk-bgc|ons-lad11-lad21-ew-lookup",""
"UK","uk-ew-lad-2021","ew_ltla","uk-ew-lad-2021:E07000108","E07000108","Dover",2001,95968,"people with a stated current-religion response (all usual residents minus not answered or religion not stated)",81145,84.55,14823,15.45,,,,315.31,,,"nomis-c2001ks007-lad2011-ew|ons-lad-may-2021-uk-bgc|ons-lad11-lad21-ew-lookup",""
"UK","uk-ew-lad-2021","ew_ltla","uk-ew-lad-2021:E07000108","E07000108","Dover",2011,102986,"people with a stated current-religion response (all usual residents minus not answered or religion not stated)",73939,71.8,29047,28.2,,,,315.31,,,"nomis-c2011ks209ew-lad2011-ew|ons-lad-may-2021-uk-bgc|ons-lad11-lad21-ew-lookup",""
"UK","uk-ew-lad-2021","ew_ltla","uk-ew-lad-2021:E07000108","E07000108","Dover",2021,109953,"people with a stated current-religion response (all usual residents minus not answered or religion not stated)",60651,55.16,49302,44.84,,,,315.31,,,"nomis-c2021ts030-lad2022-ew|ons-lad-may-2021-uk-bgc|ons-lad11-lad21-ew-lookup",""
"UK","uk-ew-lad-2021","ew_ltla","uk-ew-lad-2021:E07000109","E07000109","Gravesham",2001,89001,"people with a stated current-religion response (all usual residents minus not answered or religion not stated)",77497,87.07,11504,12.93,,,,99.02,,,"nomis-c2001ks007-lad2011-ew|ons-lad-may-2021-uk-bgc|ons-lad11-lad21-ew-lookup",""
"UK","uk-ew-lad-2021","ew_ltla","uk-ew-lad-2021:E07000109","E07000109","Gravesham",2011,95325,"people with a stated current-religion response (all usual residents minus not answered or religion not stated)",73463,77.07,21862,22.93,,,,99.02,,,"nomis-c2011ks209ew-lad2011-ew|ons-lad-may-2021-uk-bgc|ons-lad11-lad21-ew-lookup",""
"UK","uk-ew-lad-2021","ew_ltla","uk-ew-lad-2021:E07000109","E07000109","Gravesham",2021,101382,"people with a stated current-religion response (all usual residents minus not answered or religion not stated)",67029,66.12,34353,33.88,,,,99.02,,,"nomis-c2021ts030-lad2022-ew|ons-lad-may-2021-uk-bgc|ons-lad11-lad21-ew-lookup",""
"UK","uk-ew-lad-2021","ew_ltla","uk-ew-lad-2021:E07000110","E07000110","Maidstone",2001,128687,"people with a stated current-religion response (all usual residents minus not answered or religion not stated)",108771,84.52,19916,15.48,,,,393.32,,,"nomis-c2001ks007-lad2011-ew|ons-lad-may-2021-uk-bgc|ons-lad11-lad21-ew-lookup",""
"UK","uk-ew-lad-2021","ew_ltla","uk-ew-lad-2021:E07000110","E07000110","Maidstone",2011,144100,"people with a stated current-religion response (all usual residents minus not answered or religion not stated)",102607,71.21,41493,28.79,,,,393.32,,,"nomis-c2011ks209ew-lad2011-ew|ons-lad-may-2021-uk-bgc|ons-lad11-lad21-ew-lookup",""
"UK","uk-ew-lad-2021","ew_ltla","uk-ew-lad-2021:E07000110","E07000110","Maidstone",2021,165797,"people with a stated current-religion response (all usual residents minus not answered or religion not stated)",95296,57.48,70501,42.52,,,,393.32,,,"nomis-c2021ts030-lad2022-ew|ons-lad-may-2021-uk-bgc|ons-lad11-lad21-ew-lookup",""
"UK","uk-ew-lad-2021","ew_ltla","uk-ew-lad-2021:E07000111","E07000111","Sevenoaks",2001,101323,"people with a stated current-religion response (all usual residents minus not answered or religion not stated)",85552,84.43,15771,15.57,,,,370.33,,,"nomis-c2001ks007-lad2011-ew|ons-lad-may-2021-uk-bgc|ons-lad11-lad21-ew-lookup",""
"UK","uk-ew-lad-2021","ew_ltla","uk-ew-lad-2021:E07000111","E07000111","Sevenoaks",2011,106184,"people with a stated current-religion response (all usual residents minus not answered or religion not stated)",77245,72.75,28939,27.25,,,,370.33,,,"nomis-c2011ks209ew-lad2011-ew|ons-lad-may-2021-uk-bgc|ons-lad11-lad21-ew-lookup",""
"UK","uk-ew-lad-2021","ew_ltla","uk-ew-lad-2021:E07000111","E07000111","Sevenoaks",2021,113413,"people with a stated current-religion response (all usual residents minus not answered or religion not stated)",65774,58,47639,42,,,,370.33,,,"nomis-c2021ts030-lad2022-ew|ons-lad-may-2021-uk-bgc|ons-lad11-lad21-ew-lookup",""
"UK","uk-ew-lad-2021","ew_ltla","uk-ew-lad-2021:E07000112","E07000112","Folkestone and Hythe",2001,88662,"people with a stated current-religion response (all usual residents minus not answered or religion not stated)",74585,84.12,14077,15.88,,,,356.98,,,"nomis-c2001ks007-lad2011-ew|ons-lad-may-2021-uk-bgc|ons-lad11-lad21-ew-lookup",""
"UK","uk-ew-lad-2021","ew_ltla","uk-ew-lad-2021:E07000112","E07000112","Folkestone and Hythe",2011,99798,"people with a stated current-religion response (all usual residents minus not answered or religion not stated)",71223,71.37,28575,28.63,,,,356.98,,,"nomis-c2011ks209ew-lad2011-ew|ons-lad-may-2021-uk-bgc|ons-lad11-lad21-ew-lookup",""
"UK","uk-ew-lad-2021","ew_ltla","uk-ew-lad-2021:E07000112","E07000112","Folkestone and Hythe",2021,103514,"people with a stated current-religion response (all usual residents minus not answered or religion not stated)",57624,55.67,45890,44.33,,,,356.98,,,"nomis-c2021ts030-lad2022-ew|ons-lad-may-2021-uk-bgc|ons-lad11-lad21-ew-lookup",""
"UK","uk-ew-lad-2021","ew_ltla","uk-ew-lad-2021:E07000113","E07000113","Swale",2001,113495,"people with a stated current-religion response (all usual residents minus not answered or religion not stated)",94607,83.36,18888,16.64,,,,373.24,,,"nomis-c2001ks007-lad2011-ew|ons-lad-may-2021-uk-bgc|ons-lad11-lad21-ew-lookup",""
"UK","uk-ew-lad-2021","ew_ltla","uk-ew-lad-2021:E07000113","E07000113","Swale",2011,126807,"people with a stated current-religion response (all usual residents minus not answered or religion not stated)",87720,69.18,39087,30.82,,,,373.24,,,"nomis-c2011ks209ew-lad2011-ew|ons-lad-may-2021-uk-bgc|ons-lad11-lad21-ew-lookup",""
"UK","uk-ew-lad-2021","ew_ltla","uk-ew-lad-2021:E07000113","E07000113","Swale",2021,143866,"people with a stated current-religion response (all usual residents minus not answered or religion not stated)",75082,52.19,68784,47.81,,,,373.24,,,"nomis-c2021ts030-lad2022-ew|ons-lad-may-2021-uk-bgc|ons-lad11-lad21-ew-lookup",""
"UK","uk-ew-lad-2021","ew_ltla","uk-ew-lad-2021:E07000114","E07000114","Thanet",2001,115338,"people with a stated current-religion response (all usual residents minus not answered or religion not stated)",95244,82.58,20094,17.42,,,,103.6,,,"nomis-c2001ks007-lad2011-ew|ons-lad-may-2021-uk-bgc|ons-lad11-lad21-ew-lookup",""
"UK","uk-ew-lad-2021","ew_ltla","uk-ew-lad-2021:E07000114","E07000114","Thanet",2011,124247,"people with a stated current-religion response (all usual residents minus not answered or religion not stated)",85864,69.11,38383,30.89,,,,103.6,,,"nomis-c2011ks209ew-lad2011-ew|ons-lad-may-2021-uk-bgc|ons-lad11-lad21-ew-lookup",""
"UK","uk-ew-lad-2021","ew_ltla","uk-ew-lad-2021:E07000114","E07000114","Thanet",2021,132475,"people with a stated current-religion response (all usual residents minus not answered or religion not stated)",70421,53.16,62054,46.84,,,,103.6,,,"nomis-c2021ts030-lad2022-ew|ons-lad-may-2021-uk-bgc|ons-lad11-lad21-ew-lookup",""
"UK","uk-ew-lad-2021","ew_ltla","uk-ew-lad-2021:E07000115","E07000115","Tonbridge and Malling",2001,99141,"people with a stated current-religion response (all usual residents minus not answered or religion not stated)",83000,83.72,16141,16.28,,,,240.11,,,"nomis-c2001ks007-lad2011-ew|ons-lad-may-2021-uk-bgc|ons-lad11-lad21-ew-lookup",""
"UK","uk-ew-lad-2021","ew_ltla","uk-ew-lad-2021:E07000115","E07000115","Tonbridge and Malling",2011,112349,"people with a stated current-religion response (all usual residents minus not answered or religion not stated)",79353,70.63,32996,29.37,,,,240.11,,,"nomis-c2011ks209ew-lad2011-ew|ons-lad-may-2021-uk-bgc|ons-lad11-lad21-ew-lookup",""
"UK","uk-ew-lad-2021","ew_ltla","uk-ew-lad-2021:E07000115","E07000115","Tonbridge and Malling",2021,124832,"people with a stated current-religion response (all usual residents minus not answered or religion not stated)",68316,54.73,56516,45.27,,,,240.11,,,"nomis-c2021ts030-lad2022-ew|ons-lad-may-2021-uk-bgc|ons-lad11-lad21-ew-lookup",""
"UK","uk-ew-lad-2021","ew_ltla","uk-ew-lad-2021:E07000116","E07000116","Tunbridge Wells",2001,96325,"people with a stated current-religion response (all usual residents minus not answered or religion not stated)",79661,82.7,16664,17.3,,,,331.3,,,"nomis-c2001ks007-lad2011-ew|ons-lad-may-2021-uk-bgc|ons-lad11-lad21-ew-lookup",""
"UK","uk-ew-lad-2021","ew_ltla","uk-ew-lad-2021:E07000116","E07000116","Tunbridge Wells",2011,105897,"people with a stated current-religion response (all usual residents minus not answered or religion not stated)",75275,71.08,30622,28.92,,,,331.3,,,"nomis-c2011ks209ew-lad2011-ew|ons-lad-may-2021-uk-bgc|ons-lad11-lad21-ew-lookup",""
"UK","uk-ew-lad-2021","ew_ltla","uk-ew-lad-2021:E07000116","E07000116","Tunbridge Wells",2021,108104,"people with a stated current-religion response (all usual residents minus not answered or religion not stated)",61624,57,46480,43,,,,331.3,,,"nomis-c2021ts030-lad2022-ew|ons-lad-may-2021-uk-bgc|ons-lad11-lad21-ew-lookup",""
"UK","uk-ew-lad-2021","ew_ltla","uk-ew-lad-2021:E07000117","E07000117","Burnley",2001,83033,"people with a stated current-religion response (all usual residents minus not answered or religion not stated)",73147,88.09,9886,11.91,,,,110.69,,,"nomis-c2001ks007-lad2011-ew|ons-lad-may-2021-uk-bgc|ons-lad11-lad21-ew-lookup",""
"UK","uk-ew-lad-2021","ew_ltla","uk-ew-lad-2021:E07000117","E07000117","Burnley",2011,81807,"people with a stated current-religion response (all usual residents minus not answered or religion not stated)",64629,79,17178,21,,,,110.69,,,"nomis-c2011ks209ew-lad2011-ew|ons-lad-may-2021-uk-bgc|ons-lad11-lad21-ew-lookup",""
"UK","uk-ew-lad-2021","ew_ltla","uk-ew-lad-2021:E07000117","E07000117","Burnley",2021,89527,"people with a stated current-religion response (all usual residents minus not answered or religion not stated)",59705,66.69,29822,33.31,,,,110.69,,,"nomis-c2021ts030-lad2022-ew|ons-lad-may-2021-uk-bgc|ons-lad11-lad21-ew-lookup",""
"UK","uk-ew-lad-2021","ew_ltla","uk-ew-lad-2021:E07000118","E07000118","Chorley",2001,94797,"people with a stated current-religion response (all usual residents minus not answered or religion not stated)",85674,90.38,9123,9.62,,,,202.68,,,"nomis-c2001ks007-lad2011-ew|ons-lad-may-2021-uk-bgc|ons-lad11-lad21-ew-lookup",""
"UK","uk-ew-lad-2021","ew_ltla","uk-ew-lad-2021:E07000118","E07000118","Chorley",2011,101151,"people with a stated current-religion response (all usual residents minus not answered or religion not stated)",82733,81.79,18418,18.21,,,,202.68,,,"nomis-c2011ks209ew-lad2011-ew|ons-lad-may-2021-uk-bgc|ons-lad11-lad21-ew-lookup",""
"UK","uk-ew-lad-2021","ew_ltla","uk-ew-lad-2021:E07000118","E07000118","Chorley",2021,111742,"people with a stated current-religion response (all usual residents minus not answered or religion not stated)",75359,67.44,36383,32.56,,,,202.68,,,"nomis-c2021ts030-lad2022-ew|ons-lad-may-2021-uk-bgc|ons-lad11-lad21-ew-lookup",""
"UK","uk-ew-lad-2021","ew_ltla","uk-ew-lad-2021:E07000119","E07000119","Fylde",2001,68345,"people with a stated current-religion response (all usual residents minus not answered or religion not stated)",61293,89.68,7052,10.32,,,,165.57,,,"nomis-c2001ks007-lad2011-ew|ons-lad-may-2021-uk-bgc|ons-lad11-lad21-ew-lookup",""
"UK","uk-ew-lad-2021","ew_ltla","uk-ew-lad-2021:E07000119","E07000119","Fylde",2011,71023,"people with a stated current-religion response (all usual residents minus not answered or religion not stated)",57153,80.47,13870,19.53,,,,165.57,,,"nomis-c2011ks209ew-lad2011-ew|ons-lad-may-2021-uk-bgc|ons-lad11-lad21-ew-lookup",""
"UK","uk-ew-lad-2021","ew_ltla","uk-ew-lad-2021:E07000119","E07000119","Fylde",2021,77291,"people with a stated current-religion response (all usual residents minus not answered or religion not stated)",51902,67.15,25389,32.85,,,,165.57,,,"nomis-c2021ts030-lad2022-ew|ons-lad-may-2021-uk-bgc|ons-lad11-lad21-ew-lookup",""
"UK","uk-ew-lad-2021","ew_ltla","uk-ew-lad-2021:E07000120","E07000120","Hyndburn",2001,75808,"people with a stated current-religion response (all usual residents minus not answered or religion not stated)",68313,90.11,7495,9.89,,,,73.01,,,"nomis-c2001ks007-lad2011-ew|ons-lad-may-2021-uk-bgc|ons-lad11-lad21-ew-lookup",""
"UK","uk-ew-lad-2021","ew_ltla","uk-ew-lad-2021:E07000120","E07000120","Hyndburn",2011,76164,"people with a stated current-religion response (all usual residents minus not answered or religion not stated)",62464,82.01,13700,17.99,,,,73.01,,,"nomis-c2011ks209ew-lad2011-ew|ons-lad-may-2021-uk-bgc|ons-lad11-lad21-ew-lookup",""
"UK","uk-ew-lad-2021","ew_ltla","uk-ew-lad-2021:E07000120","E07000120","Hyndburn",2021,77994,"people with a stated current-religion response (all usual residents minus not answered or religion not stated)",54634,70.05,23360,29.95,,,,73.01,,,"nomis-c2021ts030-lad2022-ew|ons-lad-may-2021-uk-bgc|ons-lad11-lad21-ew-lookup",""
"UK","uk-ew-lad-2021","ew_ltla","uk-ew-lad-2021:E07000121","E07000121","Lancaster",2001,122295,"people with a stated current-religion response (all usual residents minus not answered or religion not stated)",104044,85.08,18251,14.92,,,,566.75,,,"nomis-c2001ks007-lad2011-ew|ons-lad-may-2021-uk-bgc|ons-lad11-lad21-ew-lookup",""
"UK","uk-ew-lad-2021","ew_ltla","uk-ew-lad-2021:E07000121","E07000121","Lancaster",2011,128587,"people with a stated current-religion response (all usual residents minus not answered or religion not stated)",94754,73.69,33833,26.31,,,,566.75,,,"nomis-c2011ks209ew-lad2011-ew|ons-lad-may-2021-uk-bgc|ons-lad11-lad21-ew-lookup",""
"UK","uk-ew-lad-2021","ew_ltla","uk-ew-lad-2021:E07000121","E07000121","Lancaster",2021,133512,"people with a stated current-religion response (all usual residents minus not answered or religion not stated)",79079,59.23,54433,40.77,,,,566.75,,,"nomis-c2021ts030-lad2022-ew|ons-lad-may-2021-uk-bgc|ons-lad11-lad21-ew-lookup",""
"UK","uk-ew-lad-2021","ew_ltla","uk-ew-lad-2021:E07000122","E07000122","Pendle",2001,82452,"people with a stated current-religion response (all usual residents minus not answered or religion not stated)",70780,85.84,11672,14.16,,,,169.37,,,"nomis-c2001ks007-lad2011-ew|ons-lad-may-2021-uk-bgc|ons-lad11-lad21-ew-lookup",""
"UK","uk-ew-lad-2021","ew_ltla","uk-ew-lad-2021:E07000122","E07000122","Pendle",2011,83889,"people with a stated current-religion response (all usual residents minus not answered or religion not stated)",64316,76.67,19573,23.33,,,,169.37,,,"nomis-c2011ks209ew-lad2011-ew|ons-lad-may-2021-uk-bgc|ons-lad11-lad21-ew-lookup",""
"UK","uk-ew-lad-2021","ew_ltla","uk-ew-lad-2021:E07000122","E07000122","Pendle",2021,90669,"people with a stated current-religion response (all usual residents minus not answered or religion not stated)",63143,69.64,27526,30.36,,,,169.37,,,"nomis-c2021ts030-lad2022-ew|ons-lad-may-2021-uk-bgc|ons-lad11-lad21-ew-lookup",""
"UK","uk-ew-lad-2021","ew_ltla","uk-ew-lad-2021:E07000123","E07000123","Preston",2001,120591,"people with a stated current-religion response (all usual residents minus not answered or religion not stated)",107891,89.47,12700,10.53,,,,142.29,,,"nomis-c2001ks007-lad2011-ew|ons-lad-may-2021-uk-bgc|ons-lad11-lad21-ew-lookup",""
"UK","uk-ew-lad-2021","ew_ltla","uk-ew-lad-2021:E07000123","E07000123","Preston",2011,132182,"people with a stated current-religion response (all usual residents minus not answered or religion not stated)",106428,80.52,25754,19.48,,,,142.29,,,"nomis-c2011ks209ew-lad2011-ew|ons-lad-may-2021-uk-bgc|ons-lad11-lad21-ew-lookup",""
"UK","uk-ew-lad-2021","ew_ltla","uk-ew-lad-2021:E07000123","E07000123","Preston",2021,139790,"people with a stated current-religion response (all usual residents minus not answered or religion not stated)",100859,72.15,38931,27.85,,,,142.29,,,"nomis-c2021ts030-lad2022-ew|ons-lad-may-2021-uk-bgc|ons-lad11-lad21-ew-lookup",""
"UK","uk-ew-lad-2021","ew_ltla","uk-ew-lad-2021:E07000124","E07000124","Ribble Valley",2001,51043,"people with a stated current-religion response (all usual residents minus not answered or religion not stated)",46607,91.31,4436,8.69,,,,584.44,,,"nomis-c2001ks007-lad2011-ew|ons-lad-may-2021-uk-bgc|ons-lad11-lad21-ew-lookup",""
"UK","uk-ew-lad-2021","ew_ltla","uk-ew-lad-2021:E07000124","E07000124","Ribble Valley",2011,53728,"people with a stated current-religion response (all usual residents minus not answered or religion not stated)",45429,84.55,8299,15.45,,,,584.44,,,"nomis-c2011ks209ew-lad2011-ew|ons-lad-may-2021-uk-bgc|ons-lad11-lad21-ew-lookup",""
"UK","uk-ew-lad-2021","ew_ltla","uk-ew-lad-2021:E07000124","E07000124","Ribble Valley",2021,58313,"people with a stated current-religion response (all usual residents minus not answered or religion not stated)",42169,72.31,16144,27.69,,,,584.44,,,"nomis-c2021ts030-lad2022-ew|ons-lad-may-2021-uk-bgc|ons-lad11-lad21-ew-lookup",""
"UK","uk-ew-lad-2021","ew_ltla","uk-ew-lad-2021:E07000125","E07000125","Rossendale",2001,61045,"people with a stated current-religion response (all usual residents minus not answered or religion not stated)",51913,85.04,9132,14.96,,,,138.02,,,"nomis-c2001ks007-lad2011-ew|ons-lad-may-2021-uk-bgc|ons-lad11-lad21-ew-lookup",""
"UK","uk-ew-lad-2021","ew_ltla","uk-ew-lad-2021:E07000125","E07000125","Rossendale",2011,63666,"people with a stated current-religion response (all usual residents minus not answered or religion not stated)",46571,73.15,17095,26.85,,,,138.02,,,"nomis-c2011ks209ew-lad2011-ew|ons-lad-may-2021-uk-bgc|ons-lad11-lad21-ew-lookup",""
"UK","uk-ew-lad-2021","ew_ltla","uk-ew-lad-2021:E07000125","E07000125","Rossendale",2021,67215,"people with a stated current-religion response (all usual residents minus not answered or religion not stated)",38803,57.73,28412,42.27,,,,138.02,,,"nomis-c2021ts030-lad2022-ew|ons-lad-may-2021-uk-bgc|ons-lad11-lad21-ew-lookup",""
"UK","uk-ew-lad-2021","ew_ltla","uk-ew-lad-2021:E07000126","E07000126","South Ribble",2001,98073,"people with a stated current-religion response (all usual residents minus not answered or religion not stated)",89085,90.84,8988,9.16,,,,113.09,,,"nomis-c2001ks007-lad2011-ew|ons-lad-may-2021-uk-bgc|ons-lad11-lad21-ew-lookup",""
"UK","uk-ew-lad-2021","ew_ltla","uk-ew-lad-2021:E07000126","E07000126","South Ribble",2011,102795,"people with a stated current-religion response (all usual residents minus not answered or religion not stated)",84308,82.02,18487,17.98,,,,113.09,,,"nomis-c2011ks209ew-lad2011-ew|ons-lad-may-2021-uk-bgc|ons-lad11-lad21-ew-lookup",""
"UK","uk-ew-lad-2021","ew_ltla","uk-ew-lad-2021:E07000126","E07000126","South Ribble",2021,105450,"people with a stated current-religion response (all usual residents minus not answered or religion not stated)",71211,67.53,34239,32.47,,,,113.09,,,"nomis-c2021ts030-lad2022-ew|ons-lad-may-2021-uk-bgc|ons-lad11-lad21-ew-lookup",""
"UK","uk-ew-lad-2021","ew_ltla","uk-ew-lad-2021:E07000127","E07000127","West Lancashire",2001,101237,"people with a stated current-religion response (all usual residents minus not answered or religion not stated)",91605,90.49,9632,9.51,,,,346.5,,,"nomis-c2001ks007-lad2011-ew|ons-lad-may-2021-uk-bgc|ons-lad11-lad21-ew-lookup",""
"UK","uk-ew-lad-2021","ew_ltla","uk-ew-lad-2021:E07000127","E07000127","West Lancashire",2011,104377,"people with a stated current-religion response (all usual residents minus not answered or religion not stated)",85348,81.77,19029,18.23,,,,346.5,,,"nomis-c2011ks209ew-lad2011-ew|ons-lad-may-2021-uk-bgc|ons-lad11-lad21-ew-lookup",""
"UK","uk-ew-lad-2021","ew_ltla","uk-ew-lad-2021:E07000127","E07000127","West Lancashire",2021,110818,"people with a stated current-religion response (all usual residents minus not answered or religion not stated)",73800,66.6,37018,33.4,,,,346.5,,,"nomis-c2021ts030-lad2022-ew|ons-lad-may-2021-uk-bgc|ons-lad11-lad21-ew-lookup",""
"UK","uk-ew-lad-2021","ew_ltla","uk-ew-lad-2021:E07000128","E07000128","Wyre",2001,98512,"people with a stated current-religion response (all usual residents minus not answered or religion not stated)",88589,89.93,9923,10.07,,,,282.05,,,"nomis-c2001ks007-lad2011-ew|ons-lad-may-2021-uk-bgc|ons-lad11-lad21-ew-lookup",""
"UK","uk-ew-lad-2021","ew_ltla","uk-ew-lad-2021:E07000128","E07000128","Wyre",2011,100678,"people with a stated current-religion response (all usual residents minus not answered or religion not stated)",81468,80.92,19210,19.08,,,,282.05,,,"nomis-c2011ks209ew-lad2011-ew|ons-lad-may-2021-uk-bgc|ons-lad11-lad21-ew-lookup",""
"UK","uk-ew-lad-2021","ew_ltla","uk-ew-lad-2021:E07000128","E07000128","Wyre",2021,106210,"people with a stated current-religion response (all usual residents minus not answered or religion not stated)",68490,64.49,37720,35.51,,,,282.05,,,"nomis-c2021ts030-lad2022-ew|ons-lad-may-2021-uk-bgc|ons-lad11-lad21-ew-lookup",""
"UK","uk-ew-lad-2021","ew_ltla","uk-ew-lad-2021:E07000129","E07000129","Blaby",2001,84556,"people with a stated current-religion response (all usual residents minus not answered or religion not stated)",70189,83.01,14367,16.99,,,,130.48,,,"nomis-c2001ks007-lad2011-ew|ons-lad-may-2021-uk-bgc|ons-lad11-lad21-ew-lookup",""
"UK","uk-ew-lad-2021","ew_ltla","uk-ew-lad-2021:E07000129","E07000129","Blaby",2011,87663,"people with a stated current-religion response (all usual residents minus not answered or religion not stated)",60296,68.78,27367,31.22,,,,130.48,,,"nomis-c2011ks209ew-lad2011-ew|ons-lad-may-2021-uk-bgc|ons-lad11-lad21-ew-lookup",""
"UK","uk-ew-lad-2021","ew_ltla","uk-ew-lad-2021:E07000129","E07000129","Blaby",2021,97438,"people with a stated current-religion response (all usual residents minus not answered or religion not stated)",53587,55,43851,45,,,,130.48,,,"nomis-c2021ts030-lad2022-ew|ons-lad-may-2021-uk-bgc|ons-lad11-lad21-ew-lookup",""
"UK","uk-ew-lad-2021","ew_ltla","uk-ew-lad-2021:E07000130","E07000130","Charnwood",2001,143462,"people with a stated current-religion response (all usual residents minus not answered or religion not stated)",116976,81.54,26486,18.46,,,,279.02,,,"nomis-c2001ks007-lad2011-ew|ons-lad-may-2021-uk-bgc|ons-lad11-lad21-ew-lookup",""
"UK","uk-ew-lad-2021","ew_ltla","uk-ew-lad-2021:E07000130","E07000130","Charnwood",2011,155572,"people with a stated current-religion response (all usual residents minus not answered or religion not stated)",107047,68.81,48525,31.19,,,,279.02,,,"nomis-c2011ks209ew-lad2011-ew|ons-lad-may-2021-uk-bgc|ons-lad11-lad21-ew-lookup",""
"UK","uk-ew-lad-2021","ew_ltla","uk-ew-lad-2021:E07000130","E07000130","Charnwood",2021,172997,"people with a stated current-religion response (all usual residents minus not answered or religion not stated)",98095,56.7,74902,43.3,,,,279.02,,,"nomis-c2021ts030-lad2022-ew|ons-lad-may-2021-uk-bgc|ons-lad11-lad21-ew-lookup",""
"UK","uk-ew-lad-2021","ew_ltla","uk-ew-lad-2021:E07000131","E07000131","Harborough",2001,71533,"people with a stated current-religion response (all usual residents minus not answered or religion not stated)",60786,84.98,10747,15.02,,,,592.73,,,"nomis-c2001ks007-lad2011-ew|ons-lad-may-2021-uk-bgc|ons-lad11-lad21-ew-lookup",""
"UK","uk-ew-lad-2021","ew_ltla","uk-ew-lad-2021:E07000131","E07000131","Harborough",2011,79517,"people with a stated current-religion response (all usual residents minus not answered or religion not stated)",58522,73.6,20995,26.4,,,,592.73,,,"nomis-c2011ks209ew-lad2011-ew|ons-lad-may-2021-uk-bgc|ons-lad11-lad21-ew-lookup",""
"UK","uk-ew-lad-2021","ew_ltla","uk-ew-lad-2021:E07000131","E07000131","Harborough",2021,92343,"people with a stated current-religion response (all usual residents minus not answered or religion not stated)",54863,59.41,37480,40.59,,,,592.73,,,"nomis-c2021ts030-lad2022-ew|ons-lad-may-2021-uk-bgc|ons-lad11-lad21-ew-lookup",""
"UK","uk-ew-lad-2021","ew_ltla","uk-ew-lad-2021:E07000132","E07000132","Hinckley and Bosworth",2001,94114,"people with a stated current-religion response (all usual residents minus not answered or religion not stated)",79908,84.91,14206,15.09,,,,297.36,,,"nomis-c2001ks007-lad2011-ew|ons-lad-may-2021-uk-bgc|ons-lad11-lad21-ew-lookup",""
"UK","uk-ew-lad-2021","ew_ltla","uk-ew-lad-2021:E07000132","E07000132","Hinckley and Bosworth",2011,98263,"people with a stated current-religion response (all usual residents minus not answered or religion not stated)",70016,71.25,28247,28.75,,,,297.36,,,"nomis-c2011ks209ew-lad2011-ew|ons-lad-may-2021-uk-bgc|ons-lad11-lad21-ew-lookup",""
"UK","uk-ew-lad-2021","ew_ltla","uk-ew-lad-2021:E07000132","E07000132","Hinckley and Bosworth",2021,107652,"people with a stated current-religion response (all usual residents minus not answered or religion not stated)",60284,56,47368,44,,,,297.36,,,"nomis-c2021ts030-lad2022-ew|ons-lad-may-2021-uk-bgc|ons-lad11-lad21-ew-lookup",""
"UK","uk-ew-lad-2021","ew_ltla","uk-ew-lad-2021:E07000133","E07000133","Melton",2001,44700,"people with a stated current-religion response (all usual residents minus not answered or religion not stated)",38287,85.65,6413,14.35,,,,481.36,,,"nomis-c2001ks007-lad2011-ew|ons-lad-may-2021-uk-bgc|ons-lad11-lad21-ew-lookup",""
"UK","uk-ew-lad-2021","ew_ltla","uk-ew-lad-2021:E07000133","E07000133","Melton",2011,47098,"people with a stated current-religion response (all usual residents minus not answered or religion not stated)",34829,73.95,12269,26.05,,,,481.36,,,"nomis-c2011ks209ew-lad2011-ew|ons-lad-may-2021-uk-bgc|ons-lad11-lad21-ew-lookup",""
"UK","uk-ew-lad-2021","ew_ltla","uk-ew-lad-2021:E07000133","E07000133","Melton",2021,48893,"people with a stated current-religion response (all usual residents minus not answered or religion not stated)",28528,58.35,20365,41.65,,,,481.36,,,"nomis-c2021ts030-lad2022-ew|ons-lad-may-2021-uk-bgc|ons-lad11-lad21-ew-lookup",""
"UK","uk-ew-lad-2021","ew_ltla","uk-ew-lad-2021:E07000134","E07000134","North West Leicestershire",2001,79906,"people with a stated current-religion response (all usual residents minus not answered or religion not stated)",67507,84.48,12399,15.52,,,,279.33,,,"nomis-c2001ks007-lad2011-ew|ons-lad-may-2021-uk-bgc|ons-lad11-lad21-ew-lookup",""
"UK","uk-ew-lad-2021","ew_ltla","uk-ew-lad-2021:E07000134","E07000134","North West Leicestershire",2011,87627,"people with a stated current-religion response (all usual residents minus not answered or religion not stated)",61914,70.66,25713,29.34,,,,279.33,,,"nomis-c2011ks209ew-lad2011-ew|ons-lad-may-2021-uk-bgc|ons-lad11-lad21-ew-lookup",""
"UK","uk-ew-lad-2021","ew_ltla","uk-ew-lad-2021:E07000134","E07000134","North West Leicestershire",2021,99344,"people with a stated current-religion response (all usual residents minus not answered or religion not stated)",53357,53.71,45987,46.29,,,,279.33,,,"nomis-c2021ts030-lad2022-ew|ons-lad-may-2021-uk-bgc|ons-lad11-lad21-ew-lookup",""
"UK","uk-ew-lad-2021","ew_ltla","uk-ew-lad-2021:E07000135","E07000135","Oadby and Wigston",2001,51928,"people with a stated current-religion response (all usual residents minus not answered or religion not stated)",43736,84.22,8192,15.78,,,,23.52,,,"nomis-c2001ks007-lad2011-ew|ons-lad-may-2021-uk-bgc|ons-lad11-lad21-ew-lookup",""
"UK","uk-ew-lad-2021","ew_ltla","uk-ew-lad-2021:E07000135","E07000135","Oadby and Wigston",2011,52783,"people with a stated current-religion response (all usual residents minus not answered or religion not stated)",39776,75.36,13007,24.64,,,,23.52,,,"nomis-c2011ks209ew-lad2011-ew|ons-lad-may-2021-uk-bgc|ons-lad11-lad21-ew-lookup",""
"UK","uk-ew-lad-2021","ew_ltla","uk-ew-lad-2021:E07000135","E07000135","Oadby and Wigston",2021,54619,"people with a stated current-religion response (all usual residents minus not answered or religion not stated)",37178,68.07,17441,31.93,,,,23.52,,,"nomis-c2021ts030-lad2022-ew|ons-lad-may-2021-uk-bgc|ons-lad11-lad21-ew-lookup",""
"UK","uk-ew-lad-2021","ew_ltla","uk-ew-lad-2021:E07000136","E07000136","Boston",2001,51627,"people with a stated current-religion response (all usual residents minus not answered or religion not stated)",45252,87.65,6375,12.35,,,,363.5,,,"nomis-c2001ks007-lad2011-ew|ons-lad-may-2021-uk-bgc|ons-lad11-lad21-ew-lookup",""
"UK","uk-ew-lad-2021","ew_ltla","uk-ew-lad-2021:E07000136","E07000136","Boston",2011,60109,"people with a stated current-religion response (all usual residents minus not answered or religion not stated)",46966,78.13,13143,21.87,,,,363.5,,,"nomis-c2011ks209ew-lad2011-ew|ons-lad-may-2021-uk-bgc|ons-lad11-lad21-ew-lookup",""
"UK","uk-ew-lad-2021","ew_ltla","uk-ew-lad-2021:E07000136","E07000136","Boston",2021,65929,"people with a stated current-religion response (all usual residents minus not answered or religion not stated)",43895,66.58,22034,33.42,,,,363.5,,,"nomis-c2021ts030-lad2022-ew|ons-lad-may-2021-uk-bgc|ons-lad11-lad21-ew-lookup",""
"UK","uk-ew-lad-2021","ew_ltla","uk-ew-lad-2021:E07000137","E07000137","East Lindsey",2001,120470,"people with a stated current-religion response (all usual residents minus not answered or religion not stated)",105245,87.36,15225,12.64,,,,1766.58,,,"nomis-c2001ks007-lad2011-ew|ons-lad-may-2021-uk-bgc|ons-lad11-lad21-ew-lookup",""
"UK","uk-ew-lad-2021","ew_ltla","uk-ew-lad-2021:E07000137","E07000137","East Lindsey",2011,126303,"people with a stated current-religion response (all usual residents minus not answered or religion not stated)",95107,75.3,31196,24.7,,,,1766.58,,,"nomis-c2011ks209ew-lad2011-ew|ons-lad-may-2021-uk-bgc|ons-lad11-lad21-ew-lookup",""
"UK","uk-ew-lad-2021","ew_ltla","uk-ew-lad-2021:E07000137","E07000137","East Lindsey",2021,133697,"people with a stated current-religion response (all usual residents minus not answered or religion not stated)",78500,58.71,55197,41.29,,,,1766.58,,,"nomis-c2021ts030-lad2022-ew|ons-lad-may-2021-uk-bgc|ons-lad11-lad21-ew-lookup",""
"UK","uk-ew-lad-2021","ew_ltla","uk-ew-lad-2021:E07000138","E07000138","Lincoln",2001,78737,"people with a stated current-religion response (all usual residents minus not answered or religion not stated)",64264,81.62,14473,18.38,,,,35.65,,,"nomis-c2001ks007-lad2011-ew|ons-lad-may-2021-uk-bgc|ons-lad11-lad21-ew-lookup",""
"UK","uk-ew-lad-2021","ew_ltla","uk-ew-lad-2021:E07000138","E07000138","Lincoln",2011,86875,"people with a stated current-religion response (all usual residents minus not answered or religion not stated)",56419,64.94,30456,35.06,,,,35.65,,,"nomis-c2011ks209ew-lad2011-ew|ons-lad-may-2021-uk-bgc|ons-lad11-lad21-ew-lookup",""
"UK","uk-ew-lad-2021","ew_ltla","uk-ew-lad-2021:E07000138","E07000138","Lincoln",2021,96511,"people with a stated current-religion response (all usual residents minus not answered or religion not stated)",47571,49.29,48940,50.71,,,,35.65,,,"nomis-c2021ts030-lad2022-ew|ons-lad-may-2021-uk-bgc|ons-lad11-lad21-ew-lookup",""
"UK","uk-ew-lad-2021","ew_ltla","uk-ew-lad-2021:E07000139","E07000139","North Kesteven",2001,88288,"people with a stated current-religion response (all usual residents minus not answered or religion not stated)",78073,88.43,10215,11.57,,,,922.44,,,"nomis-c2001ks007-lad2011-ew|ons-lad-may-2021-uk-bgc|ons-lad11-lad21-ew-lookup",""
"UK","uk-ew-lad-2021","ew_ltla","uk-ew-lad-2021:E07000139","E07000139","North Kesteven",2011,100131,"people with a stated current-religion response (all usual residents minus not answered or religion not stated)",76548,76.45,23583,23.55,,,,922.44,,,"nomis-c2011ks209ew-lad2011-ew|ons-lad-may-2021-uk-bgc|ons-lad11-lad21-ew-lookup",""
"UK","uk-ew-lad-2021","ew_ltla","uk-ew-lad-2021:E07000139","E07000139","North Kesteven",2021,111480,"people with a stated current-religion response (all usual residents minus not answered or religion not stated)",64839,58.16,46641,41.84,,,,922.44,,,"nomis-c2021ts030-lad2022-ew|ons-lad-may-2021-uk-bgc|ons-lad11-lad21-ew-lookup",""
"UK","uk-ew-lad-2021","ew_ltla","uk-ew-lad-2021:E07000140","E07000140","South Holland",2001,71158,"people with a stated current-religion response (all usual residents minus not answered or religion not stated)",63707,89.53,7451,10.47,,,,749.57,,,"nomis-c2001ks007-lad2011-ew|ons-lad-may-2021-uk-bgc|ons-lad11-lad21-ew-lookup",""
"UK","uk-ew-lad-2021","ew_ltla","uk-ew-lad-2021:E07000140","E07000140","South Holland",2011,81882,"people with a stated current-religion response (all usual residents minus not answered or religion not stated)",64736,79.06,17146,20.94,,,,749.57,,,"nomis-c2011ks209ew-lad2011-ew|ons-lad-may-2021-uk-bgc|ons-lad11-lad21-ew-lookup",""
"UK","uk-ew-lad-2021","ew_ltla","uk-ew-lad-2021:E07000140","E07000140","South Holland",2021,88895,"people with a stated current-religion response (all usual residents minus not answered or religion not stated)",57457,64.63,31438,35.37,,,,749.57,,,"nomis-c2021ts030-lad2022-ew|ons-lad-may-2021-uk-bgc|ons-lad11-lad21-ew-lookup",""
"UK","uk-ew-lad-2021","ew_ltla","uk-ew-lad-2021:E07000141","E07000141","South Kesteven",2001,117013,"people with a stated current-religion response (all usual residents minus not answered or religion not stated)",102653,87.73,14360,12.27,,,,942.6,,,"nomis-c2001ks007-lad2011-ew|ons-lad-may-2021-uk-bgc|ons-lad11-lad21-ew-lookup",""
"UK","uk-ew-lad-2021","ew_ltla","uk-ew-lad-2021:E07000141","E07000141","South Kesteven",2011,124495,"people with a stated current-religion response (all usual residents minus not answered or religion not stated)",94830,76.17,29665,23.83,,,,942.6,,,"nomis-c2011ks209ew-lad2011-ew|ons-lad-may-2021-uk-bgc|ons-lad11-lad21-ew-lookup",""
"UK","uk-ew-lad-2021","ew_ltla","uk-ew-lad-2021:E07000141","E07000141","South Kesteven",2021,135240,"people with a stated current-religion response (all usual residents minus not answered or religion not stated)",81403,60.19,53837,39.81,,,,942.6,,,"nomis-c2021ts030-lad2022-ew|ons-lad-may-2021-uk-bgc|ons-lad11-lad21-ew-lookup",""
"UK","uk-ew-lad-2021","ew_ltla","uk-ew-lad-2021:E07000142","E07000142","West Lindsey",2001,74228,"people with a stated current-religion response (all usual residents minus not answered or religion not stated)",65534,88.29,8694,11.71,,,,1155.68,,,"nomis-c2001ks007-lad2011-ew|ons-lad-may-2021-uk-bgc|ons-lad11-lad21-ew-lookup",""
"UK","uk-ew-lad-2021","ew_ltla","uk-ew-lad-2021:E07000142","E07000142","West Lindsey",2011,83125,"people with a stated current-religion response (all usual residents minus not answered or religion not stated)",63686,76.61,19439,23.39,,,,1155.68,,,"nomis-c2011ks209ew-lad2011-ew|ons-lad-may-2021-uk-bgc|ons-lad11-lad21-ew-lookup",""
"UK","uk-ew-lad-2021","ew_ltla","uk-ew-lad-2021:E07000142","E07000142","West Lindsey",2021,89722,"people with a stated current-religion response (all usual residents minus not answered or religion not stated)",53611,59.75,36111,40.25,,,,1155.68,,,"nomis-c2021ts030-lad2022-ew|ons-lad-may-2021-uk-bgc|ons-lad11-lad21-ew-lookup",""
"UK","uk-ew-lad-2021","ew_ltla","uk-ew-lad-2021:E07000143","E07000143","Breckland",2001,111688,"people with a stated current-religion response (all usual residents minus not answered or religion not stated)",92692,82.99,18996,17.01,,,,1305.12,,,"nomis-c2001ks007-lad2011-ew|ons-lad-may-2021-uk-bgc|ons-lad11-lad21-ew-lookup",""
"UK","uk-ew-lad-2021","ew_ltla","uk-ew-lad-2021:E07000143","E07000143","Breckland",2011,120861,"people with a stated current-religion response (all usual residents minus not answered or religion not stated)",84884,70.23,35977,29.77,,,,1305.12,,,"nomis-c2011ks209ew-lad2011-ew|ons-lad-may-2021-uk-bgc|ons-lad11-lad21-ew-lookup",""
"UK","uk-ew-lad-2021","ew_ltla","uk-ew-lad-2021:E07000143","E07000143","Breckland",2021,132599,"people with a stated current-religion response (all usual residents minus not answered or religion not stated)",72977,55.04,59622,44.96,,,,1305.12,,,"nomis-c2021ts030-lad2022-ew|ons-lad-may-2021-uk-bgc|ons-lad11-lad21-ew-lookup",""
"UK","uk-ew-lad-2021","ew_ltla","uk-ew-lad-2021:E07000144","E07000144","Broadland",2001,109415,"people with a stated current-religion response (all usual residents minus not answered or religion not stated)",91755,83.86,17660,16.14,,,,551.99,,,"nomis-c2001ks007-lad2011-ew|ons-lad-may-2021-uk-bgc|ons-lad11-lad21-ew-lookup",""
"UK","uk-ew-lad-2021","ew_ltla","uk-ew-lad-2021:E07000144","E07000144","Broadland",2011,115451,"people with a stated current-religion response (all usual residents minus not answered or religion not stated)",80606,69.82,34845,30.18,,,,551.99,,,"nomis-c2011ks209ew-lad2011-ew|ons-lad-may-2021-uk-bgc|ons-lad11-lad21-ew-lookup",""
"UK","uk-ew-lad-2021","ew_ltla","uk-ew-lad-2021:E07000144","E07000144","Broadland",2021,123582,"people with a stated current-religion response (all usual residents minus not answered or religion not stated)",64998,52.6,58584,47.4,,,,551.99,,,"nomis-c2021ts030-lad2022-ew|ons-lad-may-2021-uk-bgc|ons-lad11-lad21-ew-lookup",""
"UK","uk-ew-lad-2021","ew_ltla","uk-ew-lad-2021:E07000145","E07000145","Great Yarmouth",2001,83655,"people with a stated current-religion response (all usual residents minus not answered or religion not stated)",68574,81.97,15081,18.03,,,,174.24,,,"nomis-c2001ks007-lad2011-ew|ons-lad-may-2021-uk-bgc|ons-lad11-lad21-ew-lookup",""
"UK","uk-ew-lad-2021","ew_ltla","uk-ew-lad-2021:E07000145","E07000145","Great Yarmouth",2011,90265,"people with a stated current-religion response (all usual residents minus not answered or religion not stated)",60835,67.4,29430,32.6,,,,174.24,,,"nomis-c2011ks209ew-lad2011-ew|ons-lad-may-2021-uk-bgc|ons-lad11-lad21-ew-lookup",""
"UK","uk-ew-lad-2021","ew_ltla","uk-ew-lad-2021:E07000145","E07000145","Great Yarmouth",2021,93626,"people with a stated current-religion response (all usual residents minus not answered or religion not stated)",48542,51.85,45084,48.15,,,,174.24,,,"nomis-c2021ts030-lad2022-ew|ons-lad-may-2021-uk-bgc|ons-lad11-lad21-ew-lookup",""
"UK","uk-ew-lad-2021","ew_ltla","uk-ew-lad-2021:E07000146","E07000146","King's Lynn and West Norfolk",2001,124568,"people with a stated current-religion response (all usual residents minus not answered or religion not stated)",106936,85.85,17632,14.15,,,,1439.03,,,"nomis-c2001ks007-lad2011-ew|ons-lad-may-2021-uk-bgc|ons-lad11-lad21-ew-lookup",""
"UK","uk-ew-lad-2021","ew_ltla","uk-ew-lad-2021:E07000146","E07000146","King's Lynn and West Norfolk",2011,136482,"people with a stated current-religion response (all usual residents minus not answered or religion not stated)",99949,73.23,36533,26.77,,,,1439.03,,,"nomis-c2011ks209ew-lad2011-ew|ons-lad-may-2021-uk-bgc|ons-lad11-lad21-ew-lookup",""
"UK","uk-ew-lad-2021","ew_ltla","uk-ew-lad-2021:E07000146","E07000146","King's Lynn and West Norfolk",2021,144546,"people with a stated current-religion response (all usual residents minus not answered or religion not stated)",83648,57.87,60898,42.13,,,,1439.03,,,"nomis-c2021ts030-lad2022-ew|ons-lad-may-2021-uk-bgc|ons-lad11-lad21-ew-lookup",""
"UK","uk-ew-lad-2021","ew_ltla","uk-ew-lad-2021:E07000147","E07000147","North Norfolk",2001,90592,"people with a stated current-religion response (all usual residents minus not answered or religion not stated)",76949,84.94,13643,15.06,,,,967.13,,,"nomis-c2001ks007-lad2011-ew|ons-lad-may-2021-uk-bgc|ons-lad11-lad21-ew-lookup",""
"UK","uk-ew-lad-2021","ew_ltla","uk-ew-lad-2021:E07000147","E07000147","North Norfolk",2011,93748,"people with a stated current-religion response (all usual residents minus not answered or religion not stated)",68162,72.71,25586,27.29,,,,967.13,,,"nomis-c2011ks209ew-lad2011-ew|ons-lad-may-2021-uk-bgc|ons-lad11-lad21-ew-lookup",""
"UK","uk-ew-lad-2021","ew_ltla","uk-ew-lad-2021:E07000147","E07000147","North Norfolk",2021,96038,"people with a stated current-religion response (all usual residents minus not answered or religion not stated)",55234,57.51,40804,42.49,,,,967.13,,,"nomis-c2021ts030-lad2022-ew|ons-lad-may-2021-uk-bgc|ons-lad11-lad21-ew-lookup",""
"UK","uk-ew-lad-2021","ew_ltla","uk-ew-lad-2021:E07000148","E07000148","Norwich",2001,109874,"people with a stated current-religion response (all usual residents minus not answered or religion not stated)",76108,69.27,33766,30.73,,,,39.08,,,"nomis-c2001ks007-lad2011-ew|ons-lad-may-2021-uk-bgc|ons-lad11-lad21-ew-lookup",""
"UK","uk-ew-lad-2021","ew_ltla","uk-ew-lad-2021:E07000148","E07000148","Norwich",2011,121685,"people with a stated current-religion response (all usual residents minus not answered or religion not stated)",65417,53.76,56268,46.24,,,,39.08,,,"nomis-c2011ks209ew-lad2011-ew|ons-lad-may-2021-uk-bgc|ons-lad11-lad21-ew-lookup",""
"UK","uk-ew-lad-2021","ew_ltla","uk-ew-lad-2021:E07000148","E07000148","Norwich",2021,134162,"people with a stated current-religion response (all usual residents minus not answered or religion not stated)",57189,42.63,76973,57.37,,,,39.08,,,"nomis-c2021ts030-lad2022-ew|ons-lad-may-2021-uk-bgc|ons-lad11-lad21-ew-lookup",""
"UK","uk-ew-lad-2021","ew_ltla","uk-ew-lad-2021:E07000149","E07000149","South Norfolk",2001,101865,"people with a stated current-religion response (all usual residents minus not answered or religion not stated)",84843,83.29,17022,16.71,,,,907.5,,,"nomis-c2001ks007-lad2011-ew|ons-lad-may-2021-uk-bgc|ons-lad11-lad21-ew-lookup",""
"UK","uk-ew-lad-2021","ew_ltla","uk-ew-lad-2021:E07000149","E07000149","South Norfolk",2011,114505,"people with a stated current-religion response (all usual residents minus not answered or religion not stated)",78904,68.91,35601,31.09,,,,907.5,,,"nomis-c2011ks209ew-lad2011-ew|ons-lad-may-2021-uk-bgc|ons-lad11-lad21-ew-lookup",""
"UK","uk-ew-lad-2021","ew_ltla","uk-ew-lad-2021:E07000149","E07000149","South Norfolk",2021,133133,"people with a stated current-religion response (all usual residents minus not answered or religion not stated)",70151,52.69,62982,47.31,,,,907.5,,,"nomis-c2021ts030-lad2022-ew|ons-lad-may-2021-uk-bgc|ons-lad11-lad21-ew-lookup",""
"UK","uk-ew-lad-2021","ew_ltla","uk-ew-lad-2021:E07000163","E07000163","Craven",2001,49885,"people with a stated current-religion response (all usual residents minus not answered or religion not stated)",42501,85.2,7384,14.8,,,,1178.93,,,"nomis-c2001ks007-lad2011-ew|ons-lad-may-2021-uk-bgc|ons-lad11-lad21-ew-lookup",""
"UK","uk-ew-lad-2021","ew_ltla","uk-ew-lad-2021:E07000163","E07000163","Craven",2011,51178,"people with a stated current-religion response (all usual residents minus not answered or religion not stated)",38243,74.73,12935,25.27,,,,1178.93,,,"nomis-c2011ks209ew-lad2011-ew|ons-lad-may-2021-uk-bgc|ons-lad11-lad21-ew-lookup",""
"UK","uk-ew-lad-2021","ew_ltla","uk-ew-lad-2021:E07000163","E07000163","Craven",2021,53730,"people with a stated current-religion response (all usual residents minus not answered or religion not stated)",31828,59.24,21902,40.76,,,,1178.93,,,"nomis-c2021ts030-lad2022-ew|ons-lad-may-2021-uk-bgc|ons-lad11-lad21-ew-lookup",""
"UK","uk-ew-lad-2021","ew_ltla","uk-ew-lad-2021:E07000164","E07000164","Hambleton",2001,78944,"people with a stated current-religion response (all usual residents minus not answered or religion not stated)",70199,88.92,8745,11.08,,,,1311.24,,,"nomis-c2001ks007-lad2011-ew|ons-lad-may-2021-uk-bgc|ons-lad11-lad21-ew-lookup",""
"UK","uk-ew-lad-2021","ew_ltla","uk-ew-lad-2021:E07000164","E07000164","Hambleton",2011,83079,"people with a stated current-religion response (all usual residents minus not answered or religion not stated)",65427,78.75,17652,21.25,,,,1311.24,,,"nomis-c2011ks209ew-lad2011-ew|ons-lad-may-2021-uk-bgc|ons-lad11-lad21-ew-lookup",""
"UK","uk-ew-lad-2021","ew_ltla","uk-ew-lad-2021:E07000164","E07000164","Hambleton",2021,85709,"people with a stated current-religion response (all usual residents minus not answered or religion not stated)",54792,63.93,30917,36.07,,,,1311.24,,,"nomis-c2021ts030-lad2022-ew|ons-lad-may-2021-uk-bgc|ons-lad11-lad21-ew-lookup",""
"UK","uk-ew-lad-2021","ew_ltla","uk-ew-lad-2021:E07000165","E07000165","Harrogate",2001,140726,"people with a stated current-religion response (all usual residents minus not answered or religion not stated)",120924,85.93,19802,14.07,,,,1309.05,,,"nomis-c2001ks007-lad2011-ew|ons-lad-may-2021-uk-bgc|ons-lad11-lad21-ew-lookup",""
"UK","uk-ew-lad-2021","ew_ltla","uk-ew-lad-2021:E07000165","E07000165","Harrogate",2011,146688,"people with a stated current-religion response (all usual residents minus not answered or religion not stated)",110461,75.3,36227,24.7,,,,1309.05,,,"nomis-c2011ks209ew-lad2011-ew|ons-lad-may-2021-uk-bgc|ons-lad11-lad21-ew-lookup",""
"UK","uk-ew-lad-2021","ew_ltla","uk-ew-lad-2021:E07000165","E07000165","Harrogate",2021,152364,"people with a stated current-religion response (all usual residents minus not answered or religion not stated)",93423,61.32,58941,38.68,,,,1309.05,,,"nomis-c2021ts030-lad2022-ew|ons-lad-may-2021-uk-bgc|ons-lad11-lad21-ew-lookup",""
"UK","uk-ew-lad-2021","ew_ltla","uk-ew-lad-2021:E07000166","E07000166","Richmondshire",2001,44013,"people with a stated current-religion response (all usual residents minus not answered or religion not stated)",39105,88.85,4908,11.15,,,,1318.7,,,"nomis-c2001ks007-lad2011-ew|ons-lad-may-2021-uk-bgc|ons-lad11-lad21-ew-lookup",""
"UK","uk-ew-lad-2021","ew_ltla","uk-ew-lad-2021:E07000166","E07000166","Richmondshire",2011,48384,"people with a stated current-religion response (all usual residents minus not answered or religion not stated)",37264,77.02,11120,22.98,,,,1318.7,,,"nomis-c2011ks209ew-lad2011-ew|ons-lad-may-2021-uk-bgc|ons-lad11-lad21-ew-lookup",""
"UK","uk-ew-lad-2021","ew_ltla","uk-ew-lad-2021:E07000166","E07000166","Richmondshire",2021,47267,"people with a stated current-religion response (all usual residents minus not answered or religion not stated)",29464,62.34,17803,37.66,,,,1318.7,,,"nomis-c2021ts030-lad2022-ew|ons-lad-may-2021-uk-bgc|ons-lad11-lad21-ew-lookup",""
"UK","uk-ew-lad-2021","ew_ltla","uk-ew-lad-2021:E07000167","E07000167","Ryedale",2001,47497,"people with a stated current-religion response (all usual residents minus not answered or religion not stated)",42074,88.58,5423,11.42,,,,1506.64,,,"nomis-c2001ks007-lad2011-ew|ons-lad-may-2021-uk-bgc|ons-lad11-lad21-ew-lookup",""
"UK","uk-ew-lad-2021","ew_ltla","uk-ew-lad-2021:E07000167","E07000167","Ryedale",2011,47928,"people with a stated current-religion response (all usual residents minus not answered or religion not stated)",37574,78.4,10354,21.6,,,,1506.64,,,"nomis-c2011ks209ew-lad2011-ew|ons-lad-may-2021-uk-bgc|ons-lad11-lad21-ew-lookup",""
"UK","uk-ew-lad-2021","ew_ltla","uk-ew-lad-2021:E07000167","E07000167","Ryedale",2021,51399,"people with a stated current-religion response (all usual residents minus not answered or religion not stated)",32689,63.6,18710,36.4,,,,1506.64,,,"nomis-c2021ts030-lad2022-ew|ons-lad-may-2021-uk-bgc|ons-lad11-lad21-ew-lookup",""
"UK","uk-ew-lad-2021","ew_ltla","uk-ew-lad-2021:E07000168","E07000168","Scarborough",2001,97883,"people with a stated current-religion response (all usual residents minus not answered or religion not stated)",84577,86.41,13306,13.59,,,,816.28,,,"nomis-c2001ks007-lad2011-ew|ons-lad-may-2021-uk-bgc|ons-lad11-lad21-ew-lookup",""
"UK","uk-ew-lad-2021","ew_ltla","uk-ew-lad-2021:E07000168","E07000168","Scarborough",2011,100699,"people with a stated current-religion response (all usual residents minus not answered or religion not stated)",74034,73.52,26665,26.48,,,,816.28,,,"nomis-c2011ks209ew-lad2011-ew|ons-lad-may-2021-uk-bgc|ons-lad11-lad21-ew-lookup",""
"UK","uk-ew-lad-2021","ew_ltla","uk-ew-lad-2021:E07000168","E07000168","Scarborough",2021,102124,"people with a stated current-religion response (all usual residents minus not answered or religion not stated)",59235,58,42889,42,,,,816.28,,,"nomis-c2021ts030-lad2022-ew|ons-lad-may-2021-uk-bgc|ons-lad11-lad21-ew-lookup",""
"UK","uk-ew-lad-2021","ew_ltla","uk-ew-lad-2021:E07000169","E07000169","Selby",2001,70982,"people with a stated current-religion response (all usual residents minus not answered or religion not stated)",62394,87.9,8588,12.1,,,,599.31,,,"nomis-c2001ks007-lad2011-ew|ons-lad-may-2021-uk-bgc|ons-lad11-lad21-ew-lookup",""
"UK","uk-ew-lad-2021","ew_ltla","uk-ew-lad-2021:E07000169","E07000169","Selby",2011,77884,"people with a stated current-religion response (all usual residents minus not answered or religion not stated)",59814,76.8,18070,23.2,,,,599.31,,,"nomis-c2011ks209ew-lad2011-ew|ons-lad-may-2021-uk-bgc|ons-lad11-lad21-ew-lookup",""
"UK","uk-ew-lad-2021","ew_ltla","uk-ew-lad-2021:E07000169","E07000169","Selby",2021,87139,"people with a stated current-religion response (all usual residents minus not answered or religion not stated)",51421,59.01,35718,40.99,,,,599.31,,,"nomis-c2021ts030-lad2022-ew|ons-lad-may-2021-uk-bgc|ons-lad11-lad21-ew-lookup",""
"UK","uk-ew-lad-2021","ew_ltla","uk-ew-lad-2021:E07000170","E07000170","Ashfield",2001,101651,"people with a stated current-religion response (all usual residents minus not answered or religion not stated)",81840,80.51,19811,19.49,,,,109.56,,,"nomis-c2001ks007-lad2011-ew|ons-lad-may-2021-uk-bgc|ons-lad11-lad21-ew-lookup",""
"UK","uk-ew-lad-2021","ew_ltla","uk-ew-lad-2021:E07000170","E07000170","Ashfield",2011,111338,"people with a stated current-religion response (all usual residents minus not answered or religion not stated)",70924,63.7,40414,36.3,,,,109.56,,,"nomis-c2011ks209ew-lad2011-ew|ons-lad-may-2021-uk-bgc|ons-lad11-lad21-ew-lookup",""
"UK","uk-ew-lad-2021","ew_ltla","uk-ew-lad-2021:E07000170","E07000170","Ashfield",2021,118934,"people with a stated current-religion response (all usual residents minus not answered or religion not stated)",55455,46.63,63479,53.37,,,,109.56,,,"nomis-c2021ts030-lad2022-ew|ons-lad-may-2021-uk-bgc|ons-lad11-lad21-ew-lookup",""
"UK","uk-ew-lad-2021","ew_ltla","uk-ew-lad-2021:E07000171","E07000171","Bassetlaw",2001,99518,"people with a stated current-religion response (all usual residents minus not answered or religion not stated)",88756,89.19,10762,10.81,,,,637.84,,,"nomis-c2001ks007-lad2011-ew|ons-lad-may-2021-uk-bgc|ons-lad11-lad21-ew-lookup",""
"UK","uk-ew-lad-2021","ew_ltla","uk-ew-lad-2021:E07000171","E07000171","Bassetlaw",2011,105159,"people with a stated current-religion response (all usual residents minus not answered or religion not stated)",81601,77.6,23558,22.4,,,,637.84,,,"nomis-c2011ks209ew-lad2011-ew|ons-lad-may-2021-uk-bgc|ons-lad11-lad21-ew-lookup",""
"UK","uk-ew-lad-2021","ew_ltla","uk-ew-lad-2021:E07000171","E07000171","Bassetlaw",2021,111313,"people with a stated current-religion response (all usual residents minus not answered or religion not stated)",67079,60.26,44234,39.74,,,,637.84,,,"nomis-c2021ts030-lad2022-ew|ons-lad-may-2021-uk-bgc|ons-lad11-lad21-ew-lookup",""
"UK","uk-ew-lad-2021","ew_ltla","uk-ew-lad-2021:E07000172","E07000172","Broxtowe",2001,99278,"people with a stated current-religion response (all usual residents minus not answered or religion not stated)",78827,79.4,20451,20.6,,,,80.14,,,"nomis-c2001ks007-lad2011-ew|ons-lad-may-2021-uk-bgc|ons-lad11-lad21-ew-lookup",""
"UK","uk-ew-lad-2021","ew_ltla","uk-ew-lad-2021:E07000172","E07000172","Broxtowe",2011,101563,"people with a stated current-religion response (all usual residents minus not answered or religion not stated)",66346,65.32,35217,34.68,,,,80.14,,,"nomis-c2011ks209ew-lad2011-ew|ons-lad-may-2021-uk-bgc|ons-lad11-lad21-ew-lookup",""
"UK","uk-ew-lad-2021","ew_ltla","uk-ew-lad-2021:E07000172","E07000172","Broxtowe",2021,104544,"people with a stated current-religion response (all usual residents minus not answered or religion not stated)",52578,50.29,51966,49.71,,,,80.14,,,"nomis-c2021ts030-lad2022-ew|ons-lad-may-2021-uk-bgc|ons-lad11-lad21-ew-lookup",""
"UK","uk-ew-lad-2021","ew_ltla","uk-ew-lad-2021:E07000173","E07000173","Gedling",2001,103159,"people with a stated current-religion response (all usual residents minus not answered or religion not stated)",82294,79.77,20865,20.23,,,,119.96,,,"nomis-c2001ks007-lad2011-ew|ons-lad-may-2021-uk-bgc|ons-lad11-lad21-ew-lookup",""
"UK","uk-ew-lad-2021","ew_ltla","uk-ew-lad-2021:E07000173","E07000173","Gedling",2011,105524,"people with a stated current-religion response (all usual residents minus not answered or religion not stated)",68401,64.82,37123,35.18,,,,119.96,,,"nomis-c2011ks209ew-lad2011-ew|ons-lad-may-2021-uk-bgc|ons-lad11-lad21-ew-lookup",""
"UK","uk-ew-lad-2021","ew_ltla","uk-ew-lad-2021:E07000173","E07000173","Gedling",2021,110794,"people with a stated current-religion response (all usual residents minus not answered or religion not stated)",54914,49.56,55880,50.44,,,,119.96,,,"nomis-c2021ts030-lad2022-ew|ons-lad-may-2021-uk-bgc|ons-lad11-lad21-ew-lookup",""
"UK","uk-ew-lad-2021","ew_ltla","uk-ew-lad-2021:E07000174","E07000174","Mansfield",2001,90504,"people with a stated current-religion response (all usual residents minus not answered or religion not stated)",75548,83.47,14956,16.53,,,,76.67,,,"nomis-c2001ks007-lad2011-ew|ons-lad-may-2021-uk-bgc|ons-lad11-lad21-ew-lookup",""
"UK","uk-ew-lad-2021","ew_ltla","uk-ew-lad-2021:E07000174","E07000174","Mansfield",2011,97430,"people with a stated current-religion response (all usual residents minus not answered or religion not stated)",65958,67.7,31472,32.3,,,,76.67,,,"nomis-c2011ks209ew-lad2011-ew|ons-lad-may-2021-uk-bgc|ons-lad11-lad21-ew-lookup",""
"UK","uk-ew-lad-2021","ew_ltla","uk-ew-lad-2021:E07000174","E07000174","Mansfield",2021,104471,"people with a stated current-religion response (all usual residents minus not answered or religion not stated)",54071,51.76,50400,48.24,,,,76.67,,,"nomis-c2021ts030-lad2022-ew|ons-lad-may-2021-uk-bgc|ons-lad11-lad21-ew-lookup",""
"UK","uk-ew-lad-2021","ew_ltla","uk-ew-lad-2021:E07000175","E07000175","Newark and Sherwood",2001,98486,"people with a stated current-religion response (all usual residents minus not answered or religion not stated)",84768,86.07,13718,13.93,,,,651.37,,,"nomis-c2001ks007-lad2011-ew|ons-lad-may-2021-uk-bgc|ons-lad11-lad21-ew-lookup",""
"UK","uk-ew-lad-2021","ew_ltla","uk-ew-lad-2021:E07000175","E07000175","Newark and Sherwood",2011,106734,"people with a stated current-religion response (all usual residents minus not answered or religion not stated)",77299,72.42,29435,27.58,,,,651.37,,,"nomis-c2011ks209ew-lad2011-ew|ons-lad-may-2021-uk-bgc|ons-lad11-lad21-ew-lookup",""
"UK","uk-ew-lad-2021","ew_ltla","uk-ew-lad-2021:E07000175","E07000175","Newark and Sherwood",2021,115914,"people with a stated current-religion response (all usual residents minus not answered or religion not stated)",65259,56.3,50655,43.7,,,,651.37,,,"nomis-c2021ts030-lad2022-ew|ons-lad-may-2021-uk-bgc|ons-lad11-lad21-ew-lookup",""
"UK","uk-ew-lad-2021","ew_ltla","uk-ew-lad-2021:E07000176","E07000176","Rushcliffe",2001,98073,"people with a stated current-religion response (all usual residents minus not answered or religion not stated)",79074,80.63,18999,19.37,,,,409.24,,,"nomis-c2001ks007-lad2011-ew|ons-lad-may-2021-uk-bgc|ons-lad11-lad21-ew-lookup",""
"UK","uk-ew-lad-2021","ew_ltla","uk-ew-lad-2021:E07000176","E07000176","Rushcliffe",2011,103225,"people with a stated current-religion response (all usual residents minus not answered or religion not stated)",70306,68.11,32919,31.89,,,,409.24,,,"nomis-c2011ks209ew-lad2011-ew|ons-lad-may-2021-uk-bgc|ons-lad11-lad21-ew-lookup",""
"UK","uk-ew-lad-2021","ew_ltla","uk-ew-lad-2021:E07000176","E07000176","Rushcliffe",2021,112353,"people with a stated current-religion response (all usual residents minus not answered or religion not stated)",59436,52.9,52917,47.1,,,,409.24,,,"nomis-c2021ts030-lad2022-ew|ons-lad-may-2021-uk-bgc|ons-lad11-lad21-ew-lookup",""
"UK","uk-ew-lad-2021","ew_ltla","uk-ew-lad-2021:E07000177","E07000177","Cherwell",2001,122316,"people with a stated current-religion response (all usual residents minus not answered or religion not stated)",102575,83.86,19741,16.14,,,,588.71,,,"nomis-c2001ks007-lad2011-ew|ons-lad-may-2021-uk-bgc|ons-lad11-lad21-ew-lookup",""
"UK","uk-ew-lad-2021","ew_ltla","uk-ew-lad-2021:E07000177","E07000177","Cherwell",2011,132129,"people with a stated current-religion response (all usual residents minus not answered or religion not stated)",96063,72.7,36066,27.3,,,,588.71,,,"nomis-c2011ks209ew-lad2011-ew|ons-lad-may-2021-uk-bgc|ons-lad11-lad21-ew-lookup",""
"UK","uk-ew-lad-2021","ew_ltla","uk-ew-lad-2021:E07000177","E07000177","Cherwell",2021,151265,"people with a stated current-religion response (all usual residents minus not answered or religion not stated)",89979,59.48,61286,40.52,,,,588.71,,,"nomis-c2021ts030-lad2022-ew|ons-lad-may-2021-uk-bgc|ons-lad11-lad21-ew-lookup",""
"UK","uk-ew-lad-2021","ew_ltla","uk-ew-lad-2021:E07000178","E07000178","Oxford",2001,122523,"people with a stated current-religion response (all usual residents minus not answered or religion not stated)",90448,73.82,32075,26.18,,,,45.63,,,"nomis-c2001ks007-lad2011-ew|ons-lad-may-2021-uk-bgc|ons-lad11-lad21-ew-lookup",""
"UK","uk-ew-lad-2021","ew_ltla","uk-ew-lad-2021:E07000178","E07000178","Oxford",2011,139295,"people with a stated current-religion response (all usual residents minus not answered or religion not stated)",89021,63.91,50274,36.09,,,,45.63,,,"nomis-c2011ks209ew-lad2011-ew|ons-lad-may-2021-uk-bgc|ons-lad11-lad21-ew-lookup",""
"UK","uk-ew-lad-2021","ew_ltla","uk-ew-lad-2021:E07000178","E07000178","Oxford",2021,145928,"people with a stated current-religion response (all usual residents minus not answered or religion not stated)",82727,56.69,63201,43.31,,,,45.63,,,"nomis-c2021ts030-lad2022-ew|ons-lad-may-2021-uk-bgc|ons-lad11-lad21-ew-lookup",""
"UK","uk-ew-lad-2021","ew_ltla","uk-ew-lad-2021:E07000179","E07000179","South Oxfordshire",2001,119531,"people with a stated current-religion response (all usual residents minus not answered or religion not stated)",98331,82.26,21200,17.74,,,,678.41,,,"nomis-c2001ks007-lad2011-ew|ons-lad-may-2021-uk-bgc|ons-lad11-lad21-ew-lookup",""
"UK","uk-ew-lad-2021","ew_ltla","uk-ew-lad-2021:E07000179","E07000179","South Oxfordshire",2011,124231,"people with a stated current-religion response (all usual residents minus not answered or religion not stated)",87833,70.7,36398,29.3,,,,678.41,,,"nomis-c2011ks209ew-lad2011-ew|ons-lad-may-2021-uk-bgc|ons-lad11-lad21-ew-lookup",""
"UK","uk-ew-lad-2021","ew_ltla","uk-ew-lad-2021:E07000179","E07000179","South Oxfordshire",2021,140095,"people with a stated current-religion response (all usual residents minus not answered or religion not stated)",78751,56.21,61344,43.79,,,,678.41,,,"nomis-c2021ts030-lad2022-ew|ons-lad-may-2021-uk-bgc|ons-lad11-lad21-ew-lookup",""
"UK","uk-ew-lad-2021","ew_ltla","uk-ew-lad-2021:E07000180","E07000180","Vale of White Horse",2001,107518,"people with a stated current-religion response (all usual residents minus not answered or religion not stated)",89310,83.07,18208,16.93,,,,578.7,,,"nomis-c2001ks007-lad2011-ew|ons-lad-may-2021-uk-bgc|ons-lad11-lad21-ew-lookup",""
"UK","uk-ew-lad-2021","ew_ltla","uk-ew-lad-2021:E07000180","E07000180","Vale of White Horse",2011,112001,"people with a stated current-religion response (all usual residents minus not answered or religion not stated)",79496,70.98,32505,29.02,,,,578.7,,,"nomis-c2011ks209ew-lad2011-ew|ons-lad-may-2021-uk-bgc|ons-lad11-lad21-ew-lookup",""
"UK","uk-ew-lad-2021","ew_ltla","uk-ew-lad-2021:E07000180","E07000180","Vale of White Horse",2021,130471,"people with a stated current-religion response (all usual residents minus not answered or religion not stated)",72577,55.63,57894,44.37,,,,578.7,,,"nomis-c2021ts030-lad2022-ew|ons-lad-may-2021-uk-bgc|ons-lad11-lad21-ew-lookup",""
"UK","uk-ew-lad-2021","ew_ltla","uk-ew-lad-2021:E07000181","E07000181","West Oxfordshire",2001,89432,"people with a stated current-religion response (all usual residents minus not answered or religion not stated)",74960,83.82,14472,16.18,,,,714.42,,,"nomis-c2001ks007-lad2011-ew|ons-lad-may-2021-uk-bgc|ons-lad11-lad21-ew-lookup",""
"UK","uk-ew-lad-2021","ew_ltla","uk-ew-lad-2021:E07000181","E07000181","West Oxfordshire",2011,97264,"people with a stated current-religion response (all usual residents minus not answered or religion not stated)",70163,72.14,27101,27.86,,,,714.42,,,"nomis-c2011ks209ew-lad2011-ew|ons-lad-may-2021-uk-bgc|ons-lad11-lad21-ew-lookup",""
"UK","uk-ew-lad-2021","ew_ltla","uk-ew-lad-2021:E07000181","E07000181","West Oxfordshire",2021,107515,"people with a stated current-religion response (all usual residents minus not answered or religion not stated)",61122,56.85,46393,43.15,,,,714.42,,,"nomis-c2021ts030-lad2022-ew|ons-lad-may-2021-uk-bgc|ons-lad11-lad21-ew-lookup",""
"UK","uk-ew-lad-2021","ew_ltla","uk-ew-lad-2021:E07000187","E07000187","Mendip",2001,95451,"people with a stated current-religion response (all usual residents minus not answered or religion not stated)",78742,82.49,16709,17.51,,,,739.39,,,"nomis-c2001ks007-lad2011-ew|ons-lad-may-2021-uk-bgc|ons-lad11-lad21-ew-lookup",""
"UK","uk-ew-lad-2021","ew_ltla","uk-ew-lad-2021:E07000187","E07000187","Mendip",2011,99808,"people with a stated current-religion response (all usual residents minus not answered or religion not stated)",69895,70.03,29913,29.97,,,,739.39,,,"nomis-c2011ks209ew-lad2011-ew|ons-lad-may-2021-uk-bgc|ons-lad11-lad21-ew-lookup",""
"UK","uk-ew-lad-2021","ew_ltla","uk-ew-lad-2021:E07000187","E07000187","Mendip",2021,107971,"people with a stated current-religion response (all usual residents minus not answered or religion not stated)",57185,52.96,50786,47.04,,,,739.39,,,"nomis-c2021ts030-lad2022-ew|ons-lad-may-2021-uk-bgc|ons-lad11-lad21-ew-lookup",""
"UK","uk-ew-lad-2021","ew_ltla","uk-ew-lad-2021:E07000188","E07000188","Sedgemoor",2001,98106,"people with a stated current-religion response (all usual residents minus not answered or religion not stated)",83196,84.8,14910,15.2,,,,564.24,,,"nomis-c2001ks007-lad2011-ew|ons-lad-may-2021-uk-bgc|ons-lad11-lad21-ew-lookup",""
"UK","uk-ew-lad-2021","ew_ltla","uk-ew-lad-2021:E07000188","E07000188","Sedgemoor",2011,105809,"people with a stated current-religion response (all usual residents minus not answered or religion not stated)",75410,71.27,30399,28.73,,,,564.24,,,"nomis-c2011ks209ew-lad2011-ew|ons-lad-may-2021-uk-bgc|ons-lad11-lad21-ew-lookup",""
"UK","uk-ew-lad-2021","ew_ltla","uk-ew-lad-2021:E07000188","E07000188","Sedgemoor",2021,117473,"people with a stated current-religion response (all usual residents minus not answered or religion not stated)",64976,55.31,52497,44.69,,,,564.24,,,"nomis-c2021ts030-lad2022-ew|ons-lad-may-2021-uk-bgc|ons-lad11-lad21-ew-lookup",""
"UK","uk-ew-lad-2021","ew_ltla","uk-ew-lad-2021:E07000189","E07000189","South Somerset",2001,139939,"people with a stated current-religion response (all usual residents minus not answered or religion not stated)",118832,84.92,21107,15.08,,,,959.01,,,"nomis-c2001ks007-lad2011-ew|ons-lad-may-2021-uk-bgc|ons-lad11-lad21-ew-lookup",""
"UK","uk-ew-lad-2021","ew_ltla","uk-ew-lad-2021:E07000189","E07000189","South Somerset",2011,148848,"people with a stated current-religion response (all usual residents minus not answered or religion not stated)",108211,72.7,40637,27.3,,,,959.01,,,"nomis-c2011ks209ew-lad2011-ew|ons-lad-may-2021-uk-bgc|ons-lad11-lad21-ew-lookup",""
"UK","uk-ew-lad-2021","ew_ltla","uk-ew-lad-2021:E07000189","E07000189","South Somerset",2021,161625,"people with a stated current-religion response (all usual residents minus not answered or religion not stated)",93683,57.96,67942,42.04,,,,959.01,,,"nomis-c2021ts030-lad2022-ew|ons-lad-may-2021-uk-bgc|ons-lad11-lad21-ew-lookup",""
"UK","uk-ew-lad-2021","ew_ltla","uk-ew-lad-2021:E07000192","E07000192","Cannock Chase",2001,85528,"people with a stated current-religion response (all usual residents minus not answered or religion not stated)",75096,87.8,10432,12.2,,,,78.89,,,"nomis-c2001ks007-lad2011-ew|ons-lad-may-2021-uk-bgc|ons-lad11-lad21-ew-lookup",""
"UK","uk-ew-lad-2021","ew_ltla","uk-ew-lad-2021:E07000192","E07000192","Cannock Chase",2011,91537,"people with a stated current-religion response (all usual residents minus not answered or religion not stated)",68471,74.8,23066,25.2,,,,78.89,,,"nomis-c2011ks209ew-lad2011-ew|ons-lad-may-2021-uk-bgc|ons-lad11-lad21-ew-lookup",""
"UK","uk-ew-lad-2021","ew_ltla","uk-ew-lad-2021:E07000192","E07000192","Cannock Chase",2021,95584,"people with a stated current-religion response (all usual residents minus not answered or religion not stated)",54290,56.8,41294,43.2,,,,78.89,,,"nomis-c2021ts030-lad2022-ew|ons-lad-may-2021-uk-bgc|ons-lad11-lad21-ew-lookup",""
"UK","uk-ew-lad-2021","ew_ltla","uk-ew-lad-2021:E07000193","E07000193","East Staffordshire",2001,97252,"people with a stated current-religion response (all usual residents minus not answered or religion not stated)",85274,87.68,11978,12.32,,,,389.99,,,"nomis-c2001ks007-lad2011-ew|ons-lad-may-2021-uk-bgc|ons-lad11-lad21-ew-lookup",""
"UK","uk-ew-lad-2021","ew_ltla","uk-ew-lad-2021:E07000193","E07000193","East Staffordshire",2011,106090,"people with a stated current-religion response (all usual residents minus not answered or religion not stated)",81053,76.4,25037,23.6,,,,389.99,,,"nomis-c2011ks209ew-lad2011-ew|ons-lad-may-2021-uk-bgc|ons-lad11-lad21-ew-lookup",""
"UK","uk-ew-lad-2021","ew_ltla","uk-ew-lad-2021:E07000193","E07000193","East Staffordshire",2021,117034,"people with a stated current-religion response (all usual residents minus not answered or religion not stated)",75014,64.1,42020,35.9,,,,389.99,,,"nomis-c2021ts030-lad2022-ew|ons-lad-may-2021-uk-bgc|ons-lad11-lad21-ew-lookup",""
"UK","uk-ew-lad-2021","ew_ltla","uk-ew-lad-2021:E07000194","E07000194","Lichfield",2001,87118,"people with a stated current-religion response (all usual residents minus not answered or religion not stated)",75977,87.21,11141,12.79,,,,331.25,,,"nomis-c2001ks007-lad2011-ew|ons-lad-may-2021-uk-bgc|ons-lad11-lad21-ew-lookup",""
"UK","uk-ew-lad-2021","ew_ltla","uk-ew-lad-2021:E07000194","E07000194","Lichfield",2011,94252,"people with a stated current-religion response (all usual residents minus not answered or religion not stated)",71139,75.48,23113,24.52,,,,331.25,,,"nomis-c2011ks209ew-lad2011-ew|ons-lad-may-2021-uk-bgc|ons-lad11-lad21-ew-lookup",""
"UK","uk-ew-lad-2021","ew_ltla","uk-ew-lad-2021:E07000194","E07000194","Lichfield",2021,101100,"people with a stated current-religion response (all usual residents minus not answered or religion not stated)",60537,59.88,40563,40.12,,,,331.25,,,"nomis-c2021ts030-lad2022-ew|ons-lad-may-2021-uk-bgc|ons-lad11-lad21-ew-lookup",""
"UK","uk-ew-lad-2021","ew_ltla","uk-ew-lad-2021:E07000195","E07000195","Newcastle-under-Lyme",2001,113301,"people with a stated current-religion response (all usual residents minus not answered or religion not stated)",97318,85.89,15983,14.11,,,,210.97,,,"nomis-c2001ks007-lad2011-ew|ons-lad-may-2021-uk-bgc|ons-lad11-lad21-ew-lookup",""
"UK","uk-ew-lad-2021","ew_ltla","uk-ew-lad-2021:E07000195","E07000195","Newcastle-under-Lyme",2011,115540,"people with a stated current-religion response (all usual residents minus not answered or religion not stated)",84416,73.06,31124,26.94,,,,210.97,,,"nomis-c2011ks209ew-lad2011-ew|ons-lad-may-2021-uk-bgc|ons-lad11-lad21-ew-lookup",""
"UK","uk-ew-lad-2021","ew_ltla","uk-ew-lad-2021:E07000195","E07000195","Newcastle-under-Lyme",2021,116186,"people with a stated current-religion response (all usual residents minus not answered or religion not stated)",68177,58.68,48009,41.32,,,,210.97,,,"nomis-c2021ts030-lad2022-ew|ons-lad-may-2021-uk-bgc|ons-lad11-lad21-ew-lookup",""
"UK","uk-ew-lad-2021","ew_ltla","uk-ew-lad-2021:E07000196","E07000196","South Staffordshire",2001,99447,"people with a stated current-religion response (all usual residents minus not answered or religion not stated)",89660,90.16,9787,9.84,,,,407.32,,,"nomis-c2001ks007-lad2011-ew|ons-lad-may-2021-uk-bgc|ons-lad11-lad21-ew-lookup",""
"UK","uk-ew-lad-2021","ew_ltla","uk-ew-lad-2021:E07000196","E07000196","South Staffordshire",2011,101498,"people with a stated current-religion response (all usual residents minus not answered or religion not stated)",81602,80.4,19896,19.6,,,,407.32,,,"nomis-c2011ks209ew-lad2011-ew|ons-lad-may-2021-uk-bgc|ons-lad11-lad21-ew-lookup",""
"UK","uk-ew-lad-2021","ew_ltla","uk-ew-lad-2021:E07000196","E07000196","South Staffordshire",2021,105114,"people with a stated current-religion response (all usual residents minus not answered or religion not stated)",69181,65.82,35933,34.18,,,,407.32,,,"nomis-c2021ts030-lad2022-ew|ons-lad-may-2021-uk-bgc|ons-lad11-lad21-ew-lookup",""
"UK","uk-ew-lad-2021","ew_ltla","uk-ew-lad-2021:E07000197","E07000197","Stafford",2001,112680,"people with a stated current-religion response (all usual residents minus not answered or religion not stated)",98098,87.06,14582,12.94,,,,598.19,,,"nomis-c2001ks007-lad2011-ew|ons-lad-may-2021-uk-bgc|ons-lad11-lad21-ew-lookup",""
"UK","uk-ew-lad-2021","ew_ltla","uk-ew-lad-2021:E07000197","E07000197","Stafford",2011,122215,"people with a stated current-religion response (all usual residents minus not answered or religion not stated)",92347,75.56,29868,24.44,,,,598.19,,,"nomis-c2011ks209ew-lad2011-ew|ons-lad-may-2021-uk-bgc|ons-lad11-lad21-ew-lookup",""
"UK","uk-ew-lad-2021","ew_ltla","uk-ew-lad-2021:E07000197","E07000197","Stafford",2021,129509,"people with a stated current-religion response (all usual residents minus not answered or religion not stated)",79030,61.02,50479,38.98,,,,598.19,,,"nomis-c2021ts030-lad2022-ew|ons-lad-may-2021-uk-bgc|ons-lad11-lad21-ew-lookup",""
"UK","uk-ew-lad-2021","ew_ltla","uk-ew-lad-2021:E07000198","E07000198","Staffordshire Moorlands",2001,87919,"people with a stated current-religion response (all usual residents minus not answered or religion not stated)",78659,89.47,9260,10.53,,,,575.82,,,"nomis-c2001ks007-lad2011-ew|ons-lad-may-2021-uk-bgc|ons-lad11-lad21-ew-lookup",""
"UK","uk-ew-lad-2021","ew_ltla","uk-ew-lad-2021:E07000198","E07000198","Staffordshire Moorlands",2011,90531,"people with a stated current-religion response (all usual residents minus not answered or religion not stated)",71513,78.99,19018,21.01,,,,575.82,,,"nomis-c2011ks209ew-lad2011-ew|ons-lad-may-2021-uk-bgc|ons-lad11-lad21-ew-lookup",""
"UK","uk-ew-lad-2021","ew_ltla","uk-ew-lad-2021:E07000198","E07000198","Staffordshire Moorlands",2021,90354,"people with a stated current-religion response (all usual residents minus not answered or religion not stated)",57888,64.07,32466,35.93,,,,575.82,,,"nomis-c2021ts030-lad2022-ew|ons-lad-may-2021-uk-bgc|ons-lad11-lad21-ew-lookup",""
"UK","uk-ew-lad-2021","ew_ltla","uk-ew-lad-2021:E07000199","E07000199","Tamworth",2001,69408,"people with a stated current-religion response (all usual residents minus not answered or religion not stated)",57878,83.39,11530,16.61,,,,30.86,,,"nomis-c2001ks007-lad2011-ew|ons-lad-may-2021-uk-bgc|ons-lad11-lad21-ew-lookup",""
"UK","uk-ew-lad-2021","ew_ltla","uk-ew-lad-2021:E07000199","E07000199","Tamworth",2011,72126,"people with a stated current-religion response (all usual residents minus not answered or religion not stated)",49586,68.75,22540,31.25,,,,30.86,,,"nomis-c2011ks209ew-lad2011-ew|ons-lad-may-2021-uk-bgc|ons-lad11-lad21-ew-lookup",""
"UK","uk-ew-lad-2021","ew_ltla","uk-ew-lad-2021:E07000199","E07000199","Tamworth",2021,74754,"people with a stated current-religion response (all usual residents minus not answered or religion not stated)",39904,53.38,34850,46.62,,,,30.86,,,"nomis-c2021ts030-lad2022-ew|ons-lad-may-2021-uk-bgc|ons-lad11-lad21-ew-lookup",""
"UK","uk-ew-lad-2021","ew_ltla","uk-ew-lad-2021:E07000200","E07000200","Babergh",2001,77317,"people with a stated current-religion response (all usual residents minus not answered or religion not stated)",63676,82.36,13641,17.64,,,,595.12,,,"nomis-c2001ks007-lad2011-ew|ons-lad-may-2021-uk-bgc|ons-lad11-lad21-ew-lookup",""
"UK","uk-ew-lad-2021","ew_ltla","uk-ew-lad-2021:E07000200","E07000200","Babergh",2011,81312,"people with a stated current-religion response (all usual residents minus not answered or religion not stated)",56398,69.36,24914,30.64,,,,595.12,,,"nomis-c2011ks209ew-lad2011-ew|ons-lad-may-2021-uk-bgc|ons-lad11-lad21-ew-lookup",""
"UK","uk-ew-lad-2021","ew_ltla","uk-ew-lad-2021:E07000200","E07000200","Babergh",2021,86788,"people with a stated current-religion response (all usual residents minus not answered or religion not stated)",47150,54.33,39638,45.67,,,,595.12,,,"nomis-c2021ts030-lad2022-ew|ons-lad-may-2021-uk-bgc|ons-lad11-lad21-ew-lookup",""
"UK","uk-ew-lad-2021","ew_ltla","uk-ew-lad-2021:E07000202","E07000202","Ipswich",2001,106445,"people with a stated current-religion response (all usual residents minus not answered or religion not stated)",82632,77.63,23813,22.37,,,,39.51,,,"nomis-c2001ks007-lad2011-ew|ons-lad-may-2021-uk-bgc|ons-lad11-lad21-ew-lookup",""
"UK","uk-ew-lad-2021","ew_ltla","uk-ew-lad-2021:E07000202","E07000202","Ipswich",2011,123735,"people with a stated current-religion response (all usual residents minus not answered or religion not stated)",77048,62.27,46687,37.73,,,,39.51,,,"nomis-c2011ks209ew-lad2011-ew|ons-lad-may-2021-uk-bgc|ons-lad11-lad21-ew-lookup",""
"UK","uk-ew-lad-2021","ew_ltla","uk-ew-lad-2021:E07000202","E07000202","Ipswich",2021,130920,"people with a stated current-religion response (all usual residents minus not answered or religion not stated)",67664,51.68,63256,48.32,,,,39.51,,,"nomis-c2021ts030-lad2022-ew|ons-lad-may-2021-uk-bgc|ons-lad11-lad21-ew-lookup",""
"UK","uk-ew-lad-2021","ew_ltla","uk-ew-lad-2021:E07000203","E07000203","Mid Suffolk",2001,80325,"people with a stated current-religion response (all usual residents minus not answered or religion not stated)",67241,83.71,13084,16.29,,,,871.03,,,"nomis-c2001ks007-lad2011-ew|ons-lad-may-2021-uk-bgc|ons-lad11-lad21-ew-lookup",""
"UK","uk-ew-lad-2021","ew_ltla","uk-ew-lad-2021:E07000203","E07000203","Mid Suffolk",2011,89216,"people with a stated current-religion response (all usual residents minus not answered or religion not stated)",62564,70.13,26652,29.87,,,,871.03,,,"nomis-c2011ks209ew-lad2011-ew|ons-lad-may-2021-uk-bgc|ons-lad11-lad21-ew-lookup",""
"UK","uk-ew-lad-2021","ew_ltla","uk-ew-lad-2021:E07000203","E07000203","Mid Suffolk",2021,96676,"people with a stated current-religion response (all usual residents minus not answered or religion not stated)",51961,53.75,44715,46.25,,,,871.03,,,"nomis-c2021ts030-lad2022-ew|ons-lad-may-2021-uk-bgc|ons-lad11-lad21-ew-lookup",""
"UK","uk-ew-lad-2021","ew_ltla","uk-ew-lad-2021:E07000207","E07000207","Elmbridge",2001,113463,"people with a stated current-religion response (all usual residents minus not answered or religion not stated)",95554,84.22,17909,15.78,,,,96.3,,,"nomis-c2001ks007-lad2011-ew|ons-lad-may-2021-uk-bgc|ons-lad11-lad21-ew-lookup",""
"UK","uk-ew-lad-2021","ew_ltla","uk-ew-lad-2021:E07000207","E07000207","Elmbridge",2011,121025,"people with a stated current-religion response (all usual residents minus not answered or religion not stated)",90419,74.71,30606,25.29,,,,96.3,,,"nomis-c2011ks209ew-lad2011-ew|ons-lad-may-2021-uk-bgc|ons-lad11-lad21-ew-lookup",""
"UK","uk-ew-lad-2021","ew_ltla","uk-ew-lad-2021:E07000207","E07000207","Elmbridge",2021,129854,"people with a stated current-religion response (all usual residents minus not answered or religion not stated)",80733,62.17,49121,37.83,,,,96.3,,,"nomis-c2021ts030-lad2022-ew|ons-lad-may-2021-uk-bgc|ons-lad11-lad21-ew-lookup",""
"UK","uk-ew-lad-2021","ew_ltla","uk-ew-lad-2021:E07000208","E07000208","Epsom and Ewell",2001,62215,"people with a stated current-religion response (all usual residents minus not answered or religion not stated)",52297,84.06,9918,15.94,,,,34.12,,,"nomis-c2001ks007-lad2011-ew|ons-lad-may-2021-uk-bgc|ons-lad11-lad21-ew-lookup",""
"UK","uk-ew-lad-2021","ew_ltla","uk-ew-lad-2021:E07000208","E07000208","Epsom and Ewell",2011,69775,"people with a stated current-religion response (all usual residents minus not answered or religion not stated)",51521,73.84,18254,26.16,,,,34.12,,,"nomis-c2011ks209ew-lad2011-ew|ons-lad-may-2021-uk-bgc|ons-lad11-lad21-ew-lookup",""
"UK","uk-ew-lad-2021","ew_ltla","uk-ew-lad-2021:E07000208","E07000208","Epsom and Ewell",2021,75990,"people with a stated current-religion response (all usual residents minus not answered or religion not stated)",47087,61.96,28903,38.04,,,,34.12,,,"nomis-c2021ts030-lad2022-ew|ons-lad-may-2021-uk-bgc|ons-lad11-lad21-ew-lookup",""
"UK","uk-ew-lad-2021","ew_ltla","uk-ew-lad-2021:E07000209","E07000209","Guildford",2001,120414,"people with a stated current-religion response (all usual residents minus not answered or religion not stated)",98556,81.85,21858,18.15,,,,270.99,,,"nomis-c2001ks007-lad2011-ew|ons-lad-may-2021-uk-bgc|ons-lad11-lad21-ew-lookup",""
"UK","uk-ew-lad-2021","ew_ltla","uk-ew-lad-2021:E07000209","E07000209","Guildford",2011,126582,"people with a stated current-religion response (all usual residents minus not answered or religion not stated)",88474,69.89,38108,30.11,,,,270.99,,,"nomis-c2011ks209ew-lad2011-ew|ons-lad-may-2021-uk-bgc|ons-lad11-lad21-ew-lookup",""
"UK","uk-ew-lad-2021","ew_ltla","uk-ew-lad-2021:E07000209","E07000209","Guildford",2021,133645,"people with a stated current-religion response (all usual residents minus not answered or religion not stated)",76676,57.37,56969,42.63,,,,270.99,,,"nomis-c2021ts030-lad2022-ew|ons-lad-may-2021-uk-bgc|ons-lad11-lad21-ew-lookup",""
"UK","uk-ew-lad-2021","ew_ltla","uk-ew-lad-2021:E07000210","E07000210","Mole Valley",2001,74443,"people with a stated current-religion response (all usual residents minus not answered or religion not stated)",61939,83.2,12504,16.8,,,,258.3,,,"nomis-c2001ks007-lad2011-ew|ons-lad-may-2021-uk-bgc|ons-lad11-lad21-ew-lookup",""
"UK","uk-ew-lad-2021","ew_ltla","uk-ew-lad-2021:E07000210","E07000210","Mole Valley",2011,78633,"people with a stated current-religion response (all usual residents minus not answered or religion not stated)",57119,72.64,21514,27.36,,,,258.3,,,"nomis-c2011ks209ew-lad2011-ew|ons-lad-may-2021-uk-bgc|ons-lad11-lad21-ew-lookup",""
"UK","uk-ew-lad-2021","ew_ltla","uk-ew-lad-2021:E07000210","E07000210","Mole Valley",2021,81912,"people with a stated current-religion response (all usual residents minus not answered or religion not stated)",48349,59.03,33563,40.97,,,,258.3,,,"nomis-c2021ts030-lad2022-ew|ons-lad-may-2021-uk-bgc|ons-lad11-lad21-ew-lookup",""
"UK","uk-ew-lad-2021","ew_ltla","uk-ew-lad-2021:E07000211","E07000211","Reigate and Banstead",2001,117505,"people with a stated current-religion response (all usual residents minus not answered or religion not stated)",97111,82.64,20394,17.36,,,,129.13,,,"nomis-c2001ks007-lad2011-ew|ons-lad-may-2021-uk-bgc|ons-lad11-lad21-ew-lookup",""
"UK","uk-ew-lad-2021","ew_ltla","uk-ew-lad-2021:E07000211","E07000211","Reigate and Banstead",2011,127701,"people with a stated current-religion response (all usual residents minus not answered or religion not stated)",91439,71.6,36262,28.4,,,,129.13,,,"nomis-c2011ks209ew-lad2011-ew|ons-lad-may-2021-uk-bgc|ons-lad11-lad21-ew-lookup",""
"UK","uk-ew-lad-2021","ew_ltla","uk-ew-lad-2021:E07000211","E07000211","Reigate and Banstead",2021,141738,"people with a stated current-religion response (all usual residents minus not answered or religion not stated)",84287,59.47,57451,40.53,,,,129.13,,,"nomis-c2021ts030-lad2022-ew|ons-lad-may-2021-uk-bgc|ons-lad11-lad21-ew-lookup",""
"UK","uk-ew-lad-2021","ew_ltla","uk-ew-lad-2021:E07000212","E07000212","Runnymede",2001,71883,"people with a stated current-religion response (all usual residents minus not answered or religion not stated)",60697,84.44,11186,15.56,,,,78.05,,,"nomis-c2001ks007-lad2011-ew|ons-lad-may-2021-uk-bgc|ons-lad11-lad21-ew-lookup",""
"UK","uk-ew-lad-2021","ew_ltla","uk-ew-lad-2021:E07000212","E07000212","Runnymede",2011,74699,"people with a stated current-religion response (all usual residents minus not answered or religion not stated)",55402,74.17,19297,25.83,,,,78.05,,,"nomis-c2011ks209ew-lad2011-ew|ons-lad-may-2021-uk-bgc|ons-lad11-lad21-ew-lookup",""
"UK","uk-ew-lad-2021","ew_ltla","uk-ew-lad-2021:E07000212","E07000212","Runnymede",2021,82017,"people with a stated current-religion response (all usual residents minus not answered or religion not stated)",51363,62.62,30654,37.38,,,,78.05,,,"nomis-c2021ts030-lad2022-ew|ons-lad-may-2021-uk-bgc|ons-lad11-lad21-ew-lookup",""
"UK","uk-ew-lad-2021","ew_ltla","uk-ew-lad-2021:E07000213","E07000213","Spelthorne",2001,83884,"people with a stated current-religion response (all usual residents minus not answered or religion not stated)",71164,84.84,12720,15.16,,,,51.17,,,"nomis-c2001ks007-lad2011-ew|ons-lad-may-2021-uk-bgc|ons-lad11-lad21-ew-lookup",""
"UK","uk-ew-lad-2021","ew_ltla","uk-ew-lad-2021:E07000213","E07000213","Spelthorne",2011,88903,"people with a stated current-religion response (all usual residents minus not answered or religion not stated)",67392,75.8,21511,24.2,,,,51.17,,,"nomis-c2011ks209ew-lad2011-ew|ons-lad-may-2021-uk-bgc|ons-lad11-lad21-ew-lookup",""
"UK","uk-ew-lad-2021","ew_ltla","uk-ew-lad-2021:E07000213","E07000213","Spelthorne",2021,97071,"people with a stated current-religion response (all usual residents minus not answered or religion not stated)",64959,66.92,32112,33.08,,,,51.17,,,"nomis-c2021ts030-lad2022-ew|ons-lad-may-2021-uk-bgc|ons-lad11-lad21-ew-lookup",""
"UK","uk-ew-lad-2021","ew_ltla","uk-ew-lad-2021:E07000214","E07000214","Surrey Heath",2001,74976,"people with a stated current-religion response (all usual residents minus not answered or religion not stated)",63632,84.87,11344,15.13,,,,95.1,,,"nomis-c2001ks007-lad2011-ew|ons-lad-may-2021-uk-bgc|ons-lad11-lad21-ew-lookup",""
"UK","uk-ew-lad-2021","ew_ltla","uk-ew-lad-2021:E07000214","E07000214","Surrey Heath",2011,79965,"people with a stated current-religion response (all usual residents minus not answered or religion not stated)",59355,74.23,20610,25.77,,,,95.1,,,"nomis-c2011ks209ew-lad2011-ew|ons-lad-may-2021-uk-bgc|ons-lad11-lad21-ew-lookup",""
"UK","uk-ew-lad-2021","ew_ltla","uk-ew-lad-2021:E07000214","E07000214","Surrey Heath",2021,85304,"people with a stated current-religion response (all usual residents minus not answered or religion not stated)",52758,61.85,32546,38.15,,,,95.1,,,"nomis-c2021ts030-lad2022-ew|ons-lad-may-2021-uk-bgc|ons-lad11-lad21-ew-lookup",""
"UK","uk-ew-lad-2021","ew_ltla","uk-ew-lad-2021:E07000215","E07000215","Tandridge",2001,73822,"people with a stated current-religion response (all usual residents minus not answered or religion not stated)",61979,83.96,11843,16.04,,,,248.19,,,"nomis-c2001ks007-lad2011-ew|ons-lad-may-2021-uk-bgc|ons-lad11-lad21-ew-lookup",""
"UK","uk-ew-lad-2021","ew_ltla","uk-ew-lad-2021:E07000215","E07000215","Tandridge",2011,76775,"people with a stated current-religion response (all usual residents minus not answered or religion not stated)",55799,72.68,20976,27.32,,,,248.19,,,"nomis-c2011ks209ew-lad2011-ew|ons-lad-may-2021-uk-bgc|ons-lad11-lad21-ew-lookup",""
"UK","uk-ew-lad-2021","ew_ltla","uk-ew-lad-2021:E07000215","E07000215","Tandridge",2021,82242,"people with a stated current-religion response (all usual residents minus not answered or religion not stated)",48050,58.43,34192,41.57,,,,248.19,,,"nomis-c2021ts030-lad2022-ew|ons-lad-may-2021-uk-bgc|ons-lad11-lad21-ew-lookup",""
"UK","uk-ew-lad-2021","ew_ltla","uk-ew-lad-2021:E07000216","E07000216","Waverley",2001,107872,"people with a stated current-religion response (all usual residents minus not answered or religion not stated)",90061,83.49,17811,16.51,,,,345.2,,,"nomis-c2001ks007-lad2011-ew|ons-lad-may-2021-uk-bgc|ons-lad11-lad21-ew-lookup",""
"UK","uk-ew-lad-2021","ew_ltla","uk-ew-lad-2021:E07000216","E07000216","Waverley",2011,112326,"people with a stated current-religion response (all usual residents minus not answered or religion not stated)",81581,72.63,30745,27.37,,,,345.2,,,"nomis-c2011ks209ew-lad2011-ew|ons-lad-may-2021-uk-bgc|ons-lad11-lad21-ew-lookup",""
"UK","uk-ew-lad-2021","ew_ltla","uk-ew-lad-2021:E07000216","E07000216","Waverley",2021,120099,"people with a stated current-religion response (all usual residents minus not answered or religion not stated)",70112,58.38,49987,41.62,,,,345.2,,,"nomis-c2021ts030-lad2022-ew|ons-lad-may-2021-uk-bgc|ons-lad11-lad21-ew-lookup",""
"UK","uk-ew-lad-2021","ew_ltla","uk-ew-lad-2021:E07000217","E07000217","Woking",2001,83693,"people with a stated current-religion response (all usual residents minus not answered or religion not stated)",70106,83.77,13587,16.23,,,,63.56,,,"nomis-c2001ks007-lad2011-ew|ons-lad-may-2021-uk-bgc|ons-lad11-lad21-ew-lookup",""
"UK","uk-ew-lad-2021","ew_ltla","uk-ew-lad-2021:E07000217","E07000217","Woking",2011,91930,"people with a stated current-religion response (all usual residents minus not answered or religion not stated)",68999,75.06,22931,24.94,,,,63.56,,,"nomis-c2011ks209ew-lad2011-ew|ons-lad-may-2021-uk-bgc|ons-lad11-lad21-ew-lookup",""
"UK","uk-ew-lad-2021","ew_ltla","uk-ew-lad-2021:E07000217","E07000217","Woking",2021,97909,"people with a stated current-religion response (all usual residents minus not answered or religion not stated)",63335,64.69,34574,35.31,,,,63.56,,,"nomis-c2021ts030-lad2022-ew|ons-lad-may-2021-uk-bgc|ons-lad11-lad21-ew-lookup",""
"UK","uk-ew-lad-2021","ew_ltla","uk-ew-lad-2021:E07000218","E07000218","North Warwickshire",2001,57578,"people with a stated current-religion response (all usual residents minus not answered or religion not stated)",50656,87.98,6922,12.02,,,,284.26,,,"nomis-c2001ks007-lad2011-ew|ons-lad-may-2021-uk-bgc|ons-lad11-lad21-ew-lookup",""
"UK","uk-ew-lad-2021","ew_ltla","uk-ew-lad-2021:E07000218","E07000218","North Warwickshire",2011,58015,"people with a stated current-religion response (all usual residents minus not answered or religion not stated)",44426,76.58,13589,23.42,,,,284.26,,,"nomis-c2011ks209ew-lad2011-ew|ons-lad-may-2021-uk-bgc|ons-lad11-lad21-ew-lookup",""
"UK","uk-ew-lad-2021","ew_ltla","uk-ew-lad-2021:E07000218","E07000218","North Warwickshire",2021,61770,"people with a stated current-religion response (all usual residents minus not answered or religion not stated)",36968,59.85,24802,40.15,,,,284.26,,,"nomis-c2021ts030-lad2022-ew|ons-lad-may-2021-uk-bgc|ons-lad11-lad21-ew-lookup",""
"UK","uk-ew-lad-2021","ew_ltla","uk-ew-lad-2021:E07000219","E07000219","Nuneaton and Bedworth",2001,110369,"people with a stated current-religion response (all usual residents minus not answered or religion not stated)",96408,87.35,13961,12.65,,,,78.97,,,"nomis-c2001ks007-lad2011-ew|ons-lad-may-2021-uk-bgc|ons-lad11-lad21-ew-lookup",""
"UK","uk-ew-lad-2021","ew_ltla","uk-ew-lad-2021:E07000219","E07000219","Nuneaton and Bedworth",2011,117671,"people with a stated current-religion response (all usual residents minus not answered or religion not stated)",87548,74.4,30123,25.6,,,,78.97,,,"nomis-c2011ks209ew-lad2011-ew|ons-lad-may-2021-uk-bgc|ons-lad11-lad21-ew-lookup",""
"UK","uk-ew-lad-2021","ew_ltla","uk-ew-lad-2021:E07000219","E07000219","Nuneaton and Bedworth",2021,127128,"people with a stated current-religion response (all usual residents minus not answered or religion not stated)",76350,60.06,50778,39.94,,,,78.97,,,"nomis-c2021ts030-lad2022-ew|ons-lad-may-2021-uk-bgc|ons-lad11-lad21-ew-lookup",""
"UK","uk-ew-lad-2021","ew_ltla","uk-ew-lad-2021:E07000220","E07000220","Rugby",2001,80706,"people with a stated current-religion response (all usual residents minus not answered or religion not stated)",68666,85.08,12040,14.92,,,,353.52,,,"nomis-c2001ks007-lad2011-ew|ons-lad-may-2021-uk-bgc|ons-lad11-lad21-ew-lookup",""
"UK","uk-ew-lad-2021","ew_ltla","uk-ew-lad-2021:E07000220","E07000220","Rugby",2011,93222,"people with a stated current-religion response (all usual residents minus not answered or religion not stated)",68941,73.95,24281,26.05,,,,353.52,,,"nomis-c2011ks209ew-lad2011-ew|ons-lad-may-2021-uk-bgc|ons-lad11-lad21-ew-lookup",""
"UK","uk-ew-lad-2021","ew_ltla","uk-ew-lad-2021:E07000220","E07000220","Rugby",2021,107585,"people with a stated current-religion response (all usual residents minus not answered or religion not stated)",66254,61.58,41331,38.42,,,,353.52,,,"nomis-c2021ts030-lad2022-ew|ons-lad-may-2021-uk-bgc|ons-lad11-lad21-ew-lookup",""
"UK","uk-ew-lad-2021","ew_ltla","uk-ew-lad-2021:E07000221","E07000221","Stratford-on-Avon",2001,104475,"people with a stated current-religion response (all usual residents minus not answered or religion not stated)",91450,87.53,13025,12.47,,,,977.88,,,"nomis-c2001ks007-lad2011-ew|ons-lad-may-2021-uk-bgc|ons-lad11-lad21-ew-lookup",""
"UK","uk-ew-lad-2021","ew_ltla","uk-ew-lad-2021:E07000221","E07000221","Stratford-on-Avon",2011,111921,"people with a stated current-religion response (all usual residents minus not answered or religion not stated)",86365,77.17,25556,22.83,,,,977.88,,,"nomis-c2011ks209ew-lad2011-ew|ons-lad-may-2021-uk-bgc|ons-lad11-lad21-ew-lookup",""
"UK","uk-ew-lad-2021","ew_ltla","uk-ew-lad-2021:E07000221","E07000221","Stratford-on-Avon",2021,127255,"people with a stated current-religion response (all usual residents minus not answered or religion not stated)",78916,62.01,48339,37.99,,,,977.88,,,"nomis-c2021ts030-lad2022-ew|ons-lad-may-2021-uk-bgc|ons-lad11-lad21-ew-lookup",""
"UK","uk-ew-lad-2021","ew_ltla","uk-ew-lad-2021:E07000222","E07000222","Warwick",2001,116880,"people with a stated current-religion response (all usual residents minus not answered or religion not stated)",96386,82.47,20494,17.53,,,,282.88,,,"nomis-c2001ks007-lad2011-ew|ons-lad-may-2021-uk-bgc|ons-lad11-lad21-ew-lookup",""
"UK","uk-ew-lad-2021","ew_ltla","uk-ew-lad-2021:E07000222","E07000222","Warwick",2011,127669,"people with a stated current-religion response (all usual residents minus not answered or religion not stated)",89810,70.35,37859,29.65,,,,282.88,,,"nomis-c2011ks209ew-lad2011-ew|ons-lad-may-2021-uk-bgc|ons-lad11-lad21-ew-lookup",""
"UK","uk-ew-lad-2021","ew_ltla","uk-ew-lad-2021:E07000222","E07000222","Warwick",2021,139492,"people with a stated current-religion response (all usual residents minus not answered or religion not stated)",80155,57.46,59337,42.54,,,,282.88,,,"nomis-c2021ts030-lad2022-ew|ons-lad-may-2021-uk-bgc|ons-lad11-lad21-ew-lookup",""
"UK","uk-ew-lad-2021","ew_ltla","uk-ew-lad-2021:E07000223","E07000223","Adur",2001,54858,"people with a stated current-religion response (all usual residents minus not answered or religion not stated)",44826,81.71,10032,18.29,,,,42.1,,,"nomis-c2001ks007-lad2011-ew|ons-lad-may-2021-uk-bgc|ons-lad11-lad21-ew-lookup",""
"UK","uk-ew-lad-2021","ew_ltla","uk-ew-lad-2021:E07000223","E07000223","Adur",2011,56548,"people with a stated current-religion response (all usual residents minus not answered or religion not stated)",37386,66.11,19162,33.89,,,,42.1,,,"nomis-c2011ks209ew-lad2011-ew|ons-lad-may-2021-uk-bgc|ons-lad11-lad21-ew-lookup",""
"UK","uk-ew-lad-2021","ew_ltla","uk-ew-lad-2021:E07000223","E07000223","Adur",2021,60721,"people with a stated current-religion response (all usual residents minus not answered or religion not stated)",29831,49.13,30890,50.87,,,,42.1,,,"nomis-c2021ts030-lad2022-ew|ons-lad-may-2021-uk-bgc|ons-lad11-lad21-ew-lookup",""
"UK","uk-ew-lad-2021","ew_ltla","uk-ew-lad-2021:E07000224","E07000224","Arun",2001,130116,"people with a stated current-religion response (all usual residents minus not answered or religion not stated)",109458,84.12,20658,15.88,,,,220.96,,,"nomis-c2001ks007-lad2011-ew|ons-lad-may-2021-uk-bgc|ons-lad11-lad21-ew-lookup",""
"UK","uk-ew-lad-2021","ew_ltla","uk-ew-lad-2021:E07000224","E07000224","Arun",2011,137961,"people with a stated current-religion response (all usual residents minus not answered or religion not stated)",100132,72.58,37829,27.42,,,,220.96,,,"nomis-c2011ks209ew-lad2011-ew|ons-lad-may-2021-uk-bgc|ons-lad11-lad21-ew-lookup",""
"UK","uk-ew-lad-2021","ew_ltla","uk-ew-lad-2021:E07000224","E07000224","Arun",2021,154936,"people with a stated current-religion response (all usual residents minus not answered or religion not stated)",89174,57.56,65762,42.44,,,,220.96,,,"nomis-c2021ts030-lad2022-ew|ons-lad-may-2021-uk-bgc|ons-lad11-lad21-ew-lookup",""
"UK","uk-ew-lad-2021","ew_ltla","uk-ew-lad-2021:E07000225","E07000225","Chichester",2001,98788,"people with a stated current-religion response (all usual residents minus not answered or religion not stated)",83625,84.65,15163,15.35,,,,786.21,,,"nomis-c2001ks007-lad2011-ew|ons-lad-may-2021-uk-bgc|ons-lad11-lad21-ew-lookup",""
"UK","uk-ew-lad-2021","ew_ltla","uk-ew-lad-2021:E07000225","E07000225","Chichester",2011,105092,"people with a stated current-religion response (all usual residents minus not answered or religion not stated)",77145,73.41,27947,26.59,,,,786.21,,,"nomis-c2011ks209ew-lad2011-ew|ons-lad-may-2021-uk-bgc|ons-lad11-lad21-ew-lookup",""
"UK","uk-ew-lad-2021","ew_ltla","uk-ew-lad-2021:E07000225","E07000225","Chichester",2021,116428,"people with a stated current-religion response (all usual residents minus not answered or religion not stated)",68451,58.79,47977,41.21,,,,786.21,,,"nomis-c2021ts030-lad2022-ew|ons-lad-may-2021-uk-bgc|ons-lad11-lad21-ew-lookup",""
"UK","uk-ew-lad-2021","ew_ltla","uk-ew-lad-2021:E07000226","E07000226","Crawley",2001,92915,"people with a stated current-religion response (all usual residents minus not answered or religion not stated)",76190,82,16725,18,,,,44.97,,,"nomis-c2001ks007-lad2011-ew|ons-lad-may-2021-uk-bgc|ons-lad11-lad21-ew-lookup",""
"UK","uk-ew-lad-2021","ew_ltla","uk-ew-lad-2021:E07000226","E07000226","Crawley",2011,99787,"people with a stated current-religion response (all usual residents minus not answered or religion not stated)",72031,72.18,27756,27.82,,,,44.97,,,"nomis-c2011ks209ew-lad2011-ew|ons-lad-may-2021-uk-bgc|ons-lad11-lad21-ew-lookup",""
"UK","uk-ew-lad-2021","ew_ltla","uk-ew-lad-2021:E07000226","E07000226","Crawley",2021,111773,"people with a stated current-religion response (all usual residents minus not answered or religion not stated)",70218,62.82,41555,37.18,,,,44.97,,,"nomis-c2021ts030-lad2022-ew|ons-lad-may-2021-uk-bgc|ons-lad11-lad21-ew-lookup",""
"UK","uk-ew-lad-2021","ew_ltla","uk-ew-lad-2021:E07000227","E07000227","Horsham",2001,113758,"people with a stated current-religion response (all usual residents minus not answered or religion not stated)",94904,83.43,18854,16.57,,,,530.24,,,"nomis-c2001ks007-lad2011-ew|ons-lad-may-2021-uk-bgc|ons-lad11-lad21-ew-lookup",""
"UK","uk-ew-lad-2021","ew_ltla","uk-ew-lad-2021:E07000227","E07000227","Horsham",2011,120942,"people with a stated current-religion response (all usual residents minus not answered or religion not stated)",85587,70.77,35355,29.23,,,,530.24,,,"nomis-c2011ks209ew-lad2011-ew|ons-lad-may-2021-uk-bgc|ons-lad11-lad21-ew-lookup",""
"UK","uk-ew-lad-2021","ew_ltla","uk-ew-lad-2021:E07000227","E07000227","Horsham",2021,137788,"people with a stated current-religion response (all usual residents minus not answered or religion not stated)",76025,55.18,61763,44.82,,,,530.24,,,"nomis-c2021ts030-lad2022-ew|ons-lad-may-2021-uk-bgc|ons-lad11-lad21-ew-lookup",""
"UK","uk-ew-lad-2021","ew_ltla","uk-ew-lad-2021:E07000228","E07000228","Mid Sussex",2001,118727,"people with a stated current-religion response (all usual residents minus not answered or religion not stated)",99183,83.54,19544,16.46,,,,334,,,"nomis-c2001ks007-lad2011-ew|ons-lad-may-2021-uk-bgc|ons-lad11-lad21-ew-lookup",""
"UK","uk-ew-lad-2021","ew_ltla","uk-ew-lad-2021:E07000228","E07000228","Mid Sussex",2011,128763,"people with a stated current-religion response (all usual residents minus not answered or religion not stated)",91545,71.1,37218,28.9,,,,334,,,"nomis-c2011ks209ew-lad2011-ew|ons-lad-may-2021-uk-bgc|ons-lad11-lad21-ew-lookup",""
"UK","uk-ew-lad-2021","ew_ltla","uk-ew-lad-2021:E07000228","E07000228","Mid Sussex",2021,142903,"people with a stated current-religion response (all usual residents minus not answered or religion not stated)",78696,55.07,64207,44.93,,,,334,,,"nomis-c2021ts030-lad2022-ew|ons-lad-may-2021-uk-bgc|ons-lad11-lad21-ew-lookup",""
"UK","uk-ew-lad-2021","ew_ltla","uk-ew-lad-2021:E07000229","E07000229","Worthing",2001,89052,"people with a stated current-religion response (all usual residents minus not answered or religion not stated)",72477,81.39,16575,18.61,,,,32.52,,,"nomis-c2001ks007-lad2011-ew|ons-lad-may-2021-uk-bgc|ons-lad11-lad21-ew-lookup",""
"UK","uk-ew-lad-2021","ew_ltla","uk-ew-lad-2021:E07000229","E07000229","Worthing",2011,95903,"people with a stated current-religion response (all usual residents minus not answered or religion not stated)",64326,67.07,31577,32.93,,,,32.52,,,"nomis-c2011ks209ew-lad2011-ew|ons-lad-may-2021-uk-bgc|ons-lad11-lad21-ew-lookup",""
"UK","uk-ew-lad-2021","ew_ltla","uk-ew-lad-2021:E07000229","E07000229","Worthing",2021,104323,"people with a stated current-religion response (all usual residents minus not answered or religion not stated)",53428,51.21,50895,48.79,,,,32.52,,,"nomis-c2021ts030-lad2022-ew|ons-lad-may-2021-uk-bgc|ons-lad11-lad21-ew-lookup",""
"UK","uk-ew-lad-2021","ew_ltla","uk-ew-lad-2021:E07000234","E07000234","Bromsgrove",2001,81828,"people with a stated current-religion response (all usual residents minus not answered or religion not stated)",71446,87.31,10382,12.69,,,,217.02,,,"nomis-c2001ks007-lad2011-ew|ons-lad-may-2021-uk-bgc|ons-lad11-lad21-ew-lookup",""
"UK","uk-ew-lad-2021","ew_ltla","uk-ew-lad-2021:E07000234","E07000234","Bromsgrove",2011,87151,"people with a stated current-religion response (all usual residents minus not answered or religion not stated)",66506,76.31,20645,23.69,,,,217.02,,,"nomis-c2011ks209ew-lad2011-ew|ons-lad-may-2021-uk-bgc|ons-lad11-lad21-ew-lookup",""
"UK","uk-ew-lad-2021","ew_ltla","uk-ew-lad-2021:E07000234","E07000234","Bromsgrove",2021,93665,"people with a stated current-religion response (all usual residents minus not answered or religion not stated)",56526,60.35,37139,39.65,,,,217.02,,,"nomis-c2021ts030-lad2022-ew|ons-lad-may-2021-uk-bgc|ons-lad11-lad21-ew-lookup",""
"UK","uk-ew-lad-2021","ew_ltla","uk-ew-lad-2021:E07000235","E07000235","Malvern Hills",2001,66925,"people with a stated current-religion response (all usual residents minus not answered or religion not stated)",57192,85.46,9733,14.54,,,,577.09,,,"nomis-c2001ks007-lad2011-ew|ons-lad-may-2021-uk-bgc|ons-lad11-lad21-ew-lookup",""
"UK","uk-ew-lad-2021","ew_ltla","uk-ew-lad-2021:E07000235","E07000235","Malvern Hills",2011,69216,"people with a stated current-religion response (all usual residents minus not answered or religion not stated)",51411,74.28,17805,25.72,,,,577.09,,,"nomis-c2011ks209ew-lad2011-ew|ons-lad-may-2021-uk-bgc|ons-lad11-lad21-ew-lookup",""
"UK","uk-ew-lad-2021","ew_ltla","uk-ew-lad-2021:E07000235","E07000235","Malvern Hills",2021,74531,"people with a stated current-religion response (all usual residents minus not answered or religion not stated)",44221,59.33,30310,40.67,,,,577.09,,,"nomis-c2021ts030-lad2022-ew|ons-lad-may-2021-uk-bgc|ons-lad11-lad21-ew-lookup",""
"UK","uk-ew-lad-2021","ew_ltla","uk-ew-lad-2021:E07000236","E07000236","Redditch",2001,73066,"people with a stated current-religion response (all usual residents minus not answered or religion not stated)",61639,84.36,11427,15.64,,,,54.27,,,"nomis-c2001ks007-lad2011-ew|ons-lad-may-2021-uk-bgc|ons-lad11-lad21-ew-lookup",""
"UK","uk-ew-lad-2021","ew_ltla","uk-ew-lad-2021:E07000236","E07000236","Redditch",2011,78940,"people with a stated current-religion response (all usual residents minus not answered or religion not stated)",57228,72.5,21712,27.5,,,,54.27,,,"nomis-c2011ks209ew-lad2011-ew|ons-lad-may-2021-uk-bgc|ons-lad11-lad21-ew-lookup",""
"UK","uk-ew-lad-2021","ew_ltla","uk-ew-lad-2021:E07000236","E07000236","Redditch",2021,82250,"people with a stated current-religion response (all usual residents minus not answered or religion not stated)",47413,57.64,34837,42.36,,,,54.27,,,"nomis-c2021ts030-lad2022-ew|ons-lad-may-2021-uk-bgc|ons-lad11-lad21-ew-lookup",""
"UK","uk-ew-lad-2021","ew_ltla","uk-ew-lad-2021:E07000237","E07000237","Worcester",2001,86652,"people with a stated current-religion response (all usual residents minus not answered or religion not stated)",73938,85.33,12714,14.67,,,,33.29,,,"nomis-c2001ks007-lad2011-ew|ons-lad-may-2021-uk-bgc|ons-lad11-lad21-ew-lookup",""
"UK","uk-ew-lad-2021","ew_ltla","uk-ew-lad-2021:E07000237","E07000237","Worcester",2011,92249,"people with a stated current-religion response (all usual residents minus not answered or religion not stated)",66830,72.45,25419,27.55,,,,33.29,,,"nomis-c2011ks209ew-lad2011-ew|ons-lad-may-2021-uk-bgc|ons-lad11-lad21-ew-lookup",""
"UK","uk-ew-lad-2021","ew_ltla","uk-ew-lad-2021:E07000237","E07000237","Worcester",2021,97536,"people with a stated current-religion response (all usual residents minus not answered or religion not stated)",56452,57.88,41084,42.12,,,,33.29,,,"nomis-c2021ts030-lad2022-ew|ons-lad-may-2021-uk-bgc|ons-lad11-lad21-ew-lookup",""
"UK","uk-ew-lad-2021","ew_ltla","uk-ew-lad-2021:E07000238","E07000238","Wychavon",2001,105576,"people with a stated current-religion response (all usual residents minus not answered or religion not stated)",92627,87.73,12949,12.27,,,,663.45,,,"nomis-c2001ks007-lad2011-ew|ons-lad-may-2021-uk-bgc|ons-lad11-lad21-ew-lookup",""
"UK","uk-ew-lad-2021","ew_ltla","uk-ew-lad-2021:E07000238","E07000238","Wychavon",2011,108887,"people with a stated current-religion response (all usual residents minus not answered or religion not stated)",85209,78.25,23678,21.75,,,,663.45,,,"nomis-c2011ks209ew-lad2011-ew|ons-lad-may-2021-uk-bgc|ons-lad11-lad21-ew-lookup",""
"UK","uk-ew-lad-2021","ew_ltla","uk-ew-lad-2021:E07000238","E07000238","Wychavon",2021,125113,"people with a stated current-religion response (all usual residents minus not answered or religion not stated)",78752,62.94,46361,37.06,,,,663.45,,,"nomis-c2021ts030-lad2022-ew|ons-lad-may-2021-uk-bgc|ons-lad11-lad21-ew-lookup",""
"UK","uk-ew-lad-2021","ew_ltla","uk-ew-lad-2021:E07000239","E07000239","Wyre Forest",2001,89493,"people with a stated current-religion response (all usual residents minus not answered or religion not stated)",78160,87.34,11333,12.66,,,,195.42,,,"nomis-c2001ks007-lad2011-ew|ons-lad-may-2021-uk-bgc|ons-lad11-lad21-ew-lookup",""
"UK","uk-ew-lad-2021","ew_ltla","uk-ew-lad-2021:E07000239","E07000239","Wyre Forest",2011,91366,"people with a stated current-religion response (all usual residents minus not answered or religion not stated)",68764,75.26,22602,24.74,,,,195.42,,,"nomis-c2011ks209ew-lad2011-ew|ons-lad-may-2021-uk-bgc|ons-lad11-lad21-ew-lookup",""
"UK","uk-ew-lad-2021","ew_ltla","uk-ew-lad-2021:E07000239","E07000239","Wyre Forest",2021,95622,"people with a stated current-religion response (all usual residents minus not answered or religion not stated)",56366,58.95,39256,41.05,,,,195.42,,,"nomis-c2021ts030-lad2022-ew|ons-lad-may-2021-uk-bgc|ons-lad11-lad21-ew-lookup",""
"UK","uk-ew-lad-2021","ew_ltla","uk-ew-lad-2021:E07000240","E07000240","St Albans",2001,120506,"people with a stated current-religion response (all usual residents minus not answered or religion not stated)",97986,81.31,22520,18.69,,,,161.27,,,"nomis-c2001ks007-lad2011-ew|ons-lad-may-2021-uk-bgc|ons-lad11-lad21-ew-lookup",""
"UK","uk-ew-lad-2021","ew_ltla","uk-ew-lad-2021:E07000240","E07000240","St Albans",2011,130227,"people with a stated current-religion response (all usual residents minus not answered or religion not stated)",93949,72.14,36278,27.86,,,,161.27,,,"nomis-c2011ks209ew-lad2011-ew|ons-lad-may-2021-uk-bgc|ons-lad11-lad21-ew-lookup",""
"UK","uk-ew-lad-2021","ew_ltla","uk-ew-lad-2021:E07000240","E07000240","St Albans",2021,139137,"people with a stated current-religion response (all usual residents minus not answered or religion not stated)",84117,60.46,55020,39.54,,,,161.27,,,"nomis-c2021ts030-lad2022-ew|ons-lad-may-2021-uk-bgc|ons-lad11-lad21-ew-lookup",""
"UK","uk-ew-lad-2021","ew_ltla","uk-ew-lad-2021:E07000241","E07000241","Welwyn Hatfield",2001,89549,"people with a stated current-religion response (all usual residents minus not answered or religion not stated)",71919,80.31,17630,19.69,,,,129.48,,,"nomis-c2001ks007-lad2011-ew|ons-lad-may-2021-uk-bgc|ons-lad11-lad21-ew-lookup",""
"UK","uk-ew-lad-2021","ew_ltla","uk-ew-lad-2021:E07000241","E07000241","Welwyn Hatfield",2011,102677,"people with a stated current-religion response (all usual residents minus not answered or religion not stated)",71871,70,30806,30,,,,129.48,,,"nomis-c2011ks209ew-lad2011-ew|ons-lad-may-2021-uk-bgc|ons-lad11-lad21-ew-lookup",""
"UK","uk-ew-lad-2021","ew_ltla","uk-ew-lad-2021:E07000241","E07000241","Welwyn Hatfield",2021,111825,"people with a stated current-religion response (all usual residents minus not answered or religion not stated)",67518,60.38,44307,39.62,,,,129.48,,,"nomis-c2021ts030-lad2022-ew|ons-lad-may-2021-uk-bgc|ons-lad11-lad21-ew-lookup",""
"UK","uk-ew-lad-2021","ew_ltla","uk-ew-lad-2021:E07000242","E07000242","East Hertfordshire",2001,120238,"people with a stated current-religion response (all usual residents minus not answered or religion not stated)",98338,81.79,21900,18.21,,,,475.71,,,"nomis-c2001ks007-lad2011-ew|ons-lad-may-2021-uk-bgc|ons-lad11-lad21-ew-lookup",""
"UK","uk-ew-lad-2021","ew_ltla","uk-ew-lad-2021:E07000242","E07000242","East Hertfordshire",2011,127693,"people with a stated current-religion response (all usual residents minus not answered or religion not stated)",89488,70.08,38205,29.92,,,,475.71,,,"nomis-c2011ks209ew-lad2011-ew|ons-lad-may-2021-uk-bgc|ons-lad11-lad21-ew-lookup",""
"UK","uk-ew-lad-2021","ew_ltla","uk-ew-lad-2021:E07000242","E07000242","East Hertfordshire",2021,141207,"people with a stated current-religion response (all usual residents minus not answered or religion not stated)",78391,55.51,62816,44.49,,,,475.71,,,"nomis-c2021ts030-lad2022-ew|ons-lad-may-2021-uk-bgc|ons-lad11-lad21-ew-lookup",""
"UK","uk-ew-lad-2021","ew_ltla","uk-ew-lad-2021:E07000243","E07000243","Stevenage",2001,73190,"people with a stated current-religion response (all usual residents minus not answered or religion not stated)",55737,76.15,17453,23.85,,,,25.94,,,"nomis-c2001ks007-lad2011-ew|ons-lad-may-2021-uk-bgc|ons-lad11-lad21-ew-lookup",""
"UK","uk-ew-lad-2021","ew_ltla","uk-ew-lad-2021:E07000243","E07000243","Stevenage",2011,78313,"people with a stated current-religion response (all usual residents minus not answered or religion not stated)",49707,63.47,28606,36.53,,,,25.94,,,"nomis-c2011ks209ew-lad2011-ew|ons-lad-may-2021-uk-bgc|ons-lad11-lad21-ew-lookup",""
"UK","uk-ew-lad-2021","ew_ltla","uk-ew-lad-2021:E07000243","E07000243","Stevenage",2021,84480,"people with a stated current-religion response (all usual residents minus not answered or religion not stated)",44322,52.46,40158,47.54,,,,25.94,,,"nomis-c2021ts030-lad2022-ew|ons-lad-may-2021-uk-bgc|ons-lad11-lad21-ew-lookup",""
"UK","uk-ew-lad-2021","ew_ltla","uk-ew-lad-2021:E07000244","E07000244","East Suffolk",2001,209186,"people with a stated current-religion response (all usual residents minus not answered or religion not stated)",172867,82.64,36319,17.36,,,,1260.8,,,"nomis-c2001ks007-lad2011-ew|ons-lad-may-2021-uk-bgc|ons-lad11-lad21-ew-lookup","boundary_change_crosswalked;lad11_to_lad21_concordance_sum"
"UK","uk-ew-lad-2021","ew_ltla","uk-ew-lad-2021:E07000244","E07000244","East Suffolk",2011,221532,"people with a stated current-religion response (all usual residents minus not answered or religion not stated)",151872,68.56,69660,31.44,,,,1260.8,,,"nomis-c2011ks209ew-lad2011-ew|ons-lad-may-2021-uk-bgc|ons-lad11-lad21-ew-lookup","boundary_change_crosswalked;lad11_to_lad21_concordance_sum"
"UK","uk-ew-lad-2021","ew_ltla","uk-ew-lad-2021:E07000244","E07000244","East Suffolk",2021,230982,"people with a stated current-religion response (all usual residents minus not answered or religion not stated)",120544,52.19,110438,47.81,,,,1260.8,,,"nomis-c2021ts030-lad2022-ew|ons-lad-may-2021-uk-bgc|ons-lad11-lad21-ew-lookup",""
"UK","uk-ew-lad-2021","ew_ltla","uk-ew-lad-2021:E07000245","E07000245","West Suffolk",2001,140168,"people with a stated current-religion response (all usual residents minus not answered or religion not stated)",115862,82.66,24306,17.34,,,,1034.73,,,"nomis-c2001ks007-lad2011-ew|ons-lad-may-2021-uk-bgc|ons-lad11-lad21-ew-lookup","boundary_change_crosswalked;lad11_to_lad21_concordance_sum"
"UK","uk-ew-lad-2021","ew_ltla","uk-ew-lad-2021:E07000245","E07000245","West Suffolk",2011,158181,"people with a stated current-religion response (all usual residents minus not answered or religion not stated)",110173,69.65,48008,30.35,,,,1034.73,,,"nomis-c2011ks209ew-lad2011-ew|ons-lad-may-2021-uk-bgc|ons-lad11-lad21-ew-lookup","boundary_change_crosswalked;lad11_to_lad21_concordance_sum"
"UK","uk-ew-lad-2021","ew_ltla","uk-ew-lad-2021:E07000245","E07000245","West Suffolk",2021,168391,"people with a stated current-religion response (all usual residents minus not answered or religion not stated)",91794,54.51,76597,45.49,,,,1034.73,,,"nomis-c2021ts030-lad2022-ew|ons-lad-may-2021-uk-bgc|ons-lad11-lad21-ew-lookup",""
"UK","uk-ew-lad-2021","ew_ltla","uk-ew-lad-2021:E07000246","E07000246","Somerset West and Taunton",2001,127007,"people with a stated current-religion response (all usual residents minus not answered or religion not stated)",105788,83.29,21219,16.71,,,,1189.17,,,"nomis-c2001ks007-lad2011-ew|ons-lad-may-2021-uk-bgc|ons-lad11-lad21-ew-lookup","boundary_change_crosswalked;lad11_to_lad21_concordance_sum"
"UK","uk-ew-lad-2021","ew_ltla","uk-ew-lad-2021:E07000246","E07000246","Somerset West and Taunton",2011,133203,"people with a stated current-religion response (all usual residents minus not answered or religion not stated)",93081,69.88,40122,30.12,,,,1189.17,,,"nomis-c2011ks209ew-lad2011-ew|ons-lad-may-2021-uk-bgc|ons-lad11-lad21-ew-lookup","boundary_change_crosswalked;lad11_to_lad21_concordance_sum"
"UK","uk-ew-lad-2021","ew_ltla","uk-ew-lad-2021:E07000246","E07000246","Somerset West and Taunton",2021,147100,"people with a stated current-religion response (all usual residents minus not answered or religion not stated)",81063,55.11,66037,44.89,,,,1189.17,,,"nomis-c2021ts030-lad2022-ew|ons-lad-may-2021-uk-bgc|ons-lad11-lad21-ew-lookup",""
"UK","uk-ew-lad-2021","ew_ltla","uk-ew-lad-2021:E08000001","E08000001","Bolton",2001,242042,"people with a stated current-religion response (all usual residents minus not answered or religion not stated)",219213,90.57,22829,9.43,,,,139.8,,,"nomis-c2001ks007-lad2011-ew|ons-lad-may-2021-uk-bgc|ons-lad11-lad21-ew-lookup",""
"UK","uk-ew-lad-2021","ew_ltla","uk-ew-lad-2021:E08000001","E08000001","Bolton",2011,261135,"people with a stated current-religion response (all usual residents minus not answered or religion not stated)",213568,81.78,47567,18.22,,,,139.8,,,"nomis-c2011ks209ew-lad2011-ew|ons-lad-may-2021-uk-bgc|ons-lad11-lad21-ew-lookup",""
"UK","uk-ew-lad-2021","ew_ltla","uk-ew-lad-2021:E08000001","E08000001","Bolton",2021,282205,"people with a stated current-religion response (all usual residents minus not answered or religion not stated)",205961,72.98,76244,27.02,,,,139.8,,,"nomis-c2021ts030-lad2022-ew|ons-lad-may-2021-uk-bgc|ons-lad11-lad21-ew-lookup",""
"UK","uk-ew-lad-2021","ew_ltla","uk-ew-lad-2021:E08000002","E08000002","Bury",2001,168515,"people with a stated current-religion response (all usual residents minus not answered or religion not stated)",150172,89.11,18343,10.89,,,,99.46,,,"nomis-c2001ks007-lad2011-ew|ons-lad-may-2021-uk-bgc|ons-lad11-lad21-ew-lookup",""
"UK","uk-ew-lad-2021","ew_ltla","uk-ew-lad-2021:E08000002","E08000002","Bury",2011,173991,"people with a stated current-religion response (all usual residents minus not answered or religion not stated)",139610,80.24,34381,19.76,,,,99.46,,,"nomis-c2011ks209ew-lad2011-ew|ons-lad-may-2021-uk-bgc|ons-lad11-lad21-ew-lookup",""
"UK","uk-ew-lad-2021","ew_ltla","uk-ew-lad-2021:E08000002","E08000002","Bury",2021,184260,"people with a stated current-religion response (all usual residents minus not answered or religion not stated)",127252,69.06,57008,30.94,,,,99.46,,,"nomis-c2021ts030-lad2022-ew|ons-lad-may-2021-uk-bgc|ons-lad11-lad21-ew-lookup",""
"UK","uk-ew-lad-2021","ew_ltla","uk-ew-lad-2021:E08000003","E08000003","Manchester",2001,354641,"people with a stated current-religion response (all usual residents minus not answered or religion not stated)",291897,82.31,62744,17.69,,,,115.61,,,"nomis-c2001ks007-lad2011-ew|ons-lad-may-2021-uk-bgc|ons-lad11-lad21-ew-lookup",""
"UK","uk-ew-lad-2021","ew_ltla","uk-ew-lad-2021:E08000003","E08000003","Manchester",2011,468353,"people with a stated current-religion response (all usual residents minus not answered or religion not stated)",340868,72.78,127485,27.22,,,,115.61,,,"nomis-c2011ks209ew-lad2011-ew|ons-lad-may-2021-uk-bgc|ons-lad11-lad21-ew-lookup",""
"UK","uk-ew-lad-2021","ew_ltla","uk-ew-lad-2021:E08000003","E08000003","Manchester",2021,519225,"people with a stated current-religion response (all usual residents minus not answered or religion not stated)",340188,65.52,179037,34.48,,,,115.61,,,"nomis-c2021ts030-lad2022-ew|ons-lad-may-2021-uk-bgc|ons-lad11-lad21-ew-lookup",""
"UK","uk-ew-lad-2021","ew_ltla","uk-ew-lad-2021:E08000004","E08000004","Oldham",2001,203205,"people with a stated current-religion response (all usual residents minus not answered or religion not stated)",183830,90.47,19375,9.53,,,,142.34,,,"nomis-c2001ks007-lad2011-ew|ons-lad-may-2021-uk-bgc|ons-lad11-lad21-ew-lookup",""
"UK","uk-ew-lad-2021","ew_ltla","uk-ew-lad-2021:E08000004","E08000004","Oldham",2011,212403,"people with a stated current-religion response (all usual residents minus not answered or religion not stated)",176234,82.97,36169,17.03,,,,142.34,,,"nomis-c2011ks209ew-lad2011-ew|ons-lad-may-2021-uk-bgc|ons-lad11-lad21-ew-lookup",""
"UK","uk-ew-lad-2021","ew_ltla","uk-ew-lad-2021:E08000004","E08000004","Oldham",2021,230815,"people with a stated current-religion response (all usual residents minus not answered or religion not stated)",170308,73.79,60507,26.21,,,,142.34,,,"nomis-c2021ts030-lad2022-ew|ons-lad-may-2021-uk-bgc|ons-lad11-lad21-ew-lookup",""
"UK","uk-ew-lad-2021","ew_ltla","uk-ew-lad-2021:E08000005","E08000005","Rochdale",2001,190752,"people with a stated current-religion response (all usual residents minus not answered or religion not stated)",168591,88.38,22161,11.62,,,,158.16,,,"nomis-c2001ks007-lad2011-ew|ons-lad-may-2021-uk-bgc|ons-lad11-lad21-ew-lookup",""
"UK","uk-ew-lad-2021","ew_ltla","uk-ew-lad-2021:E08000005","E08000005","Rochdale",2011,199388,"people with a stated current-religion response (all usual residents minus not answered or religion not stated)",159374,79.93,40014,20.07,,,,158.16,,,"nomis-c2011ks209ew-lad2011-ew|ons-lad-may-2021-uk-bgc|ons-lad11-lad21-ew-lookup",""
"UK","uk-ew-lad-2021","ew_ltla","uk-ew-lad-2021:E08000005","E08000005","Rochdale",2021,213406,"people with a stated current-religion response (all usual residents minus not answered or religion not stated)",149057,69.85,64349,30.15,,,,158.16,,,"nomis-c2021ts030-lad2022-ew|ons-lad-may-2021-uk-bgc|ons-lad11-lad21-ew-lookup",""
"UK","uk-ew-lad-2021","ew_ltla","uk-ew-lad-2021:E08000006","E08000006","Salford",2001,198549,"people with a stated current-religion response (all usual residents minus not answered or religion not stated)",174758,88.02,23791,11.98,,,,97.15,,,"nomis-c2001ks007-lad2011-ew|ons-lad-may-2021-uk-bgc|ons-lad11-lad21-ew-lookup",""
"UK","uk-ew-lad-2021","ew_ltla","uk-ew-lad-2021:E08000006","E08000006","Salford",2011,219492,"people with a stated current-religion response (all usual residents minus not answered or religion not stated)",167387,76.26,52105,23.74,,,,97.15,,,"nomis-c2011ks209ew-lad2011-ew|ons-lad-may-2021-uk-bgc|ons-lad11-lad21-ew-lookup",""
"UK","uk-ew-lad-2021","ew_ltla","uk-ew-lad-2021:E08000006","E08000006","Salford",2021,253771,"people with a stated current-religion response (all usual residents minus not answered or religion not stated)",157631,62.12,96140,37.88,,,,97.15,,,"nomis-c2021ts030-lad2022-ew|ons-lad-may-2021-uk-bgc|ons-lad11-lad21-ew-lookup",""
"UK","uk-ew-lad-2021","ew_ltla","uk-ew-lad-2021:E08000007","E08000007","Stockport",2001,264361,"people with a stated current-religion response (all usual residents minus not answered or religion not stated)",224015,84.74,40346,15.26,,,,126.05,,,"nomis-c2001ks007-lad2011-ew|ons-lad-may-2021-uk-bgc|ons-lad11-lad21-ew-lookup",""
"UK","uk-ew-lad-2021","ew_ltla","uk-ew-lad-2021:E08000007","E08000007","Stockport",2011,264765,"people with a stated current-religion response (all usual residents minus not answered or religion not stated)",193639,73.14,71126,26.86,,,,126.05,,,"nomis-c2011ks209ew-lad2011-ew|ons-lad-may-2021-uk-bgc|ons-lad11-lad21-ew-lookup",""
"UK","uk-ew-lad-2021","ew_ltla","uk-ew-lad-2021:E08000007","E08000007","Stockport",2021,279328,"people with a stated current-religion response (all usual residents minus not answered or religion not stated)",162579,58.2,116749,41.8,,,,126.05,,,"nomis-c2021ts030-lad2022-ew|ons-lad-may-2021-uk-bgc|ons-lad11-lad21-ew-lookup",""
"UK","uk-ew-lad-2021","ew_ltla","uk-ew-lad-2021:E08000008","E08000008","Tameside",2001,195774,"people with a stated current-religion response (all usual residents minus not answered or religion not stated)",169991,86.83,25783,13.17,,,,103.16,,,"nomis-c2001ks007-lad2011-ew|ons-lad-may-2021-uk-bgc|ons-lad11-lad21-ew-lookup",""
"UK","uk-ew-lad-2021","ew_ltla","uk-ew-lad-2021:E08000008","E08000008","Tameside",2011,206277,"people with a stated current-religion response (all usual residents minus not answered or religion not stated)",154603,74.95,51674,25.05,,,,103.16,,,"nomis-c2011ks209ew-lad2011-ew|ons-lad-may-2021-uk-bgc|ons-lad11-lad21-ew-lookup",""
"UK","uk-ew-lad-2021","ew_ltla","uk-ew-lad-2021:E08000008","E08000008","Tameside",2021,220225,"people with a stated current-religion response (all usual residents minus not answered or religion not stated)",132315,60.08,87910,39.92,,,,103.16,,,"nomis-c2021ts030-lad2022-ew|ons-lad-may-2021-uk-bgc|ons-lad11-lad21-ew-lookup",""
"UK","uk-ew-lad-2021","ew_ltla","uk-ew-lad-2021:E08000009","E08000009","Trafford",2001,196726,"people with a stated current-religion response (all usual residents minus not answered or religion not stated)",171551,87.2,25175,12.8,,,,106.02,,,"nomis-c2001ks007-lad2011-ew|ons-lad-may-2021-uk-bgc|ons-lad11-lad21-ew-lookup",""
"UK","uk-ew-lad-2021","ew_ltla","uk-ew-lad-2021:E08000009","E08000009","Trafford",2011,212271,"people with a stated current-religion response (all usual residents minus not answered or religion not stated)",164303,77.4,47968,22.6,,,,106.02,,,"nomis-c2011ks209ew-lad2011-ew|ons-lad-may-2021-uk-bgc|ons-lad11-lad21-ew-lookup",""
"UK","uk-ew-lad-2021","ew_ltla","uk-ew-lad-2021:E08000009","E08000009","Trafford",2021,223048,"people with a stated current-religion response (all usual residents minus not answered or religion not stated)",145184,65.09,77864,34.91,,,,106.02,,,"nomis-c2021ts030-lad2022-ew|ons-lad-may-2021-uk-bgc|ons-lad11-lad21-ew-lookup",""
"UK","uk-ew-lad-2021","ew_ltla","uk-ew-lad-2021:E08000010","E08000010","Wigan",2001,284696,"people with a stated current-religion response (all usual residents minus not answered or religion not stated)",263970,92.72,20726,7.28,,,,188.16,,,"nomis-c2001ks007-lad2011-ew|ons-lad-may-2021-uk-bgc|ons-lad11-lad21-ew-lookup",""
"UK","uk-ew-lad-2021","ew_ltla","uk-ew-lad-2021:E08000010","E08000010","Wigan",2011,300232,"people with a stated current-religion response (all usual residents minus not answered or religion not stated)",251592,83.8,48640,16.2,,,,188.16,,,"nomis-c2011ks209ew-lad2011-ew|ons-lad-may-2021-uk-bgc|ons-lad11-lad21-ew-lookup",""
"UK","uk-ew-lad-2021","ew_ltla","uk-ew-lad-2021:E08000010","E08000010","Wigan",2021,313940,"people with a stated current-religion response (all usual residents minus not answered or religion not stated)",214156,68.22,99784,31.78,,,,188.16,,,"nomis-c2021ts030-lad2022-ew|ons-lad-may-2021-uk-bgc|ons-lad11-lad21-ew-lookup",""
"UK","uk-ew-lad-2021","ew_ltla","uk-ew-lad-2021:E08000011","E08000011","Knowsley",2001,138292,"people with a stated current-religion response (all usual residents minus not answered or religion not stated)",129501,93.64,8791,6.36,,,,86.53,,,"nomis-c2001ks007-lad2011-ew|ons-lad-may-2021-uk-bgc|ons-lad11-lad21-ew-lookup",""
"UK","uk-ew-lad-2021","ew_ltla","uk-ew-lad-2021:E08000011","E08000011","Knowsley",2011,137558,"people with a stated current-religion response (all usual residents minus not answered or religion not stated)",119119,86.6,18439,13.4,,,,86.53,,,"nomis-c2011ks209ew-lad2011-ew|ons-lad-may-2021-uk-bgc|ons-lad11-lad21-ew-lookup",""
"UK","uk-ew-lad-2021","ew_ltla","uk-ew-lad-2021:E08000011","E08000011","Knowsley",2021,147050,"people with a stated current-religion response (all usual residents minus not answered or religion not stated)",105049,71.44,42001,28.56,,,,86.53,,,"nomis-c2021ts030-lad2022-ew|ons-lad-may-2021-uk-bgc|ons-lad11-lad21-ew-lookup",""
"UK","uk-ew-lad-2021","ew_ltla","uk-ew-lad-2021:E08000012","E08000012","Liverpool",2001,403742,"people with a stated current-religion response (all usual residents minus not answered or religion not stated)",361227,89.47,42515,10.53,,,,111.82,,,"nomis-c2001ks007-lad2011-ew|ons-lad-may-2021-uk-bgc|ons-lad11-lad21-ew-lookup",""
"UK","uk-ew-lad-2021","ew_ltla","uk-ew-lad-2021:E08000012","E08000012","Liverpool",2011,437391,"people with a stated current-religion response (all usual residents minus not answered or religion not stated)",354690,81.09,82701,18.91,,,,111.82,,,"nomis-c2011ks209ew-lad2011-ew|ons-lad-may-2021-uk-bgc|ons-lad11-lad21-ew-lookup",""
"UK","uk-ew-lad-2021","ew_ltla","uk-ew-lad-2021:E08000012","E08000012","Liverpool",2021,457449,"people with a stated current-religion response (all usual residents minus not answered or religion not stated)",314455,68.74,142994,31.26,,,,111.82,,,"nomis-c2021ts030-lad2022-ew|ons-lad-may-2021-uk-bgc|ons-lad11-lad21-ew-lookup",""
"UK","uk-ew-lad-2021","ew_ltla","uk-ew-lad-2021:E08000013","E08000013","St. Helens",2001,165837,"people with a stated current-religion response (all usual residents minus not answered or religion not stated)",154730,93.3,11107,6.7,,,,136.41,,,"nomis-c2001ks007-lad2011-ew|ons-lad-may-2021-uk-bgc|ons-lad11-lad21-ew-lookup",""
"UK","uk-ew-lad-2021","ew_ltla","uk-ew-lad-2021:E08000013","E08000013","St. Helens",2011,165660,"people with a stated current-religion response (all usual residents minus not answered or religion not stated)",140007,84.51,25653,15.49,,,,136.41,,,"nomis-c2011ks209ew-lad2011-ew|ons-lad-may-2021-uk-bgc|ons-lad11-lad21-ew-lookup",""
"UK","uk-ew-lad-2021","ew_ltla","uk-ew-lad-2021:E08000013","E08000013","St. Helens",2021,174591,"people with a stated current-religion response (all usual residents minus not answered or religion not stated)",117407,67.25,57184,32.75,,,,136.41,,,"nomis-c2021ts030-lad2022-ew|ons-lad-may-2021-uk-bgc|ons-lad11-lad21-ew-lookup",""
"UK","uk-ew-lad-2021","ew_ltla","uk-ew-lad-2021:E08000014","E08000014","Sefton",2001,264594,"people with a stated current-religion response (all usual residents minus not answered or religion not stated)",241661,91.33,22933,8.67,,,,156.55,,,"nomis-c2001ks007-lad2011-ew|ons-lad-may-2021-uk-bgc|ons-lad11-lad21-ew-lookup",""
"UK","uk-ew-lad-2021","ew_ltla","uk-ew-lad-2021:E08000014","E08000014","Sefton",2011,256757,"people with a stated current-religion response (all usual residents minus not answered or religion not stated)",213561,83.18,43196,16.82,,,,156.55,,,"nomis-c2011ks209ew-lad2011-ew|ons-lad-may-2021-uk-bgc|ons-lad11-lad21-ew-lookup",""
"UK","uk-ew-lad-2021","ew_ltla","uk-ew-lad-2021:E08000014","E08000014","Sefton",2021,265221,"people with a stated current-religion response (all usual residents minus not answered or religion not stated)",185316,69.87,79905,30.13,,,,156.55,,,"nomis-c2021ts030-lad2022-ew|ons-lad-may-2021-uk-bgc|ons-lad11-lad21-ew-lookup",""
"UK","uk-ew-lad-2021","ew_ltla","uk-ew-lad-2021:E08000015","E08000015","Wirral",2001,287318,"people with a stated current-religion response (all usual residents minus not answered or religion not stated)",254548,88.59,32770,11.41,,,,160.87,,,"nomis-c2001ks007-lad2011-ew|ons-lad-may-2021-uk-bgc|ons-lad11-lad21-ew-lookup",""
"UK","uk-ew-lad-2021","ew_ltla","uk-ew-lad-2021:E08000015","E08000015","Wirral",2011,298143,"people with a stated current-religion response (all usual residents minus not answered or religion not stated)",229934,77.12,68209,22.88,,,,160.87,,,"nomis-c2011ks209ew-lad2011-ew|ons-lad-may-2021-uk-bgc|ons-lad11-lad21-ew-lookup",""
"UK","uk-ew-lad-2021","ew_ltla","uk-ew-lad-2021:E08000015","E08000015","Wirral",2021,303109,"people with a stated current-religion response (all usual residents minus not answered or religion not stated)",183662,60.59,119447,39.41,,,,160.87,,,"nomis-c2021ts030-lad2022-ew|ons-lad-may-2021-uk-bgc|ons-lad11-lad21-ew-lookup",""
"UK","uk-ew-lad-2021","ew_ltla","uk-ew-lad-2021:E08000016","E08000016","Barnsley",2001,201619,"people with a stated current-religion response (all usual residents minus not answered or religion not stated)",178190,88.38,23429,11.62,,,,329.13,,,"nomis-c2001ks007-lad2011-ew|ons-lad-may-2021-uk-bgc|ons-lad11-lad21-ew-lookup",""
"UK","uk-ew-lad-2021","ew_ltla","uk-ew-lad-2021:E08000016","E08000016","Barnsley",2011,216213,"people with a stated current-religion response (all usual residents minus not answered or religion not stated)",160677,74.31,55536,25.69,,,,329.13,,,"nomis-c2011ks209ew-lad2011-ew|ons-lad-may-2021-uk-bgc|ons-lad11-lad21-ew-lookup",""
"UK","uk-ew-lad-2021","ew_ltla","uk-ew-lad-2021:E08000016","E08000016","Barnsley",2021,231843,"people with a stated current-religion response (all usual residents minus not answered or religion not stated)",128937,55.61,102906,44.39,,,,329.13,,,"nomis-c2021ts030-lad2022-ew|ons-lad-may-2021-uk-bgc|ons-lad11-lad21-ew-lookup",""
"UK","uk-ew-lad-2021","ew_ltla","uk-ew-lad-2021:E08000017","E08000017","Doncaster",2001,264976,"people with a stated current-religion response (all usual residents minus not answered or religion not stated)",232446,87.72,32530,12.28,,,,568.02,,,"nomis-c2001ks007-lad2011-ew|ons-lad-may-2021-uk-bgc|ons-lad11-lad21-ew-lookup",""
"UK","uk-ew-lad-2021","ew_ltla","uk-ew-lad-2021:E08000017","E08000017","Doncaster",2011,281681,"people with a stated current-religion response (all usual residents minus not answered or religion not stated)",208025,73.85,73656,26.15,,,,568.02,,,"nomis-c2011ks209ew-lad2011-ew|ons-lad-may-2021-uk-bgc|ons-lad11-lad21-ew-lookup",""
"UK","uk-ew-lad-2021","ew_ltla","uk-ew-lad-2021:E08000017","E08000017","Doncaster",2021,291636,"people with a stated current-religion response (all usual residents minus not answered or religion not stated)",168991,57.95,122645,42.05,,,,568.02,,,"nomis-c2021ts030-lad2022-ew|ons-lad-may-2021-uk-bgc|ons-lad11-lad21-ew-lookup",""
"UK","uk-ew-lad-2021","ew_ltla","uk-ew-lad-2021:E08000018","E08000018","Rotherham",2001,228860,"people with a stated current-religion response (all usual residents minus not answered or religion not stated)",203500,88.92,25360,11.08,,,,286.47,,,"nomis-c2001ks007-lad2011-ew|ons-lad-may-2021-uk-bgc|ons-lad11-lad21-ew-lookup",""
"UK","uk-ew-lad-2021","ew_ltla","uk-ew-lad-2021:E08000018","E08000018","Rotherham",2011,240250,"people with a stated current-religion response (all usual residents minus not answered or religion not stated)",182467,75.95,57783,24.05,,,,286.47,,,"nomis-c2011ks209ew-lad2011-ew|ons-lad-may-2021-uk-bgc|ons-lad11-lad21-ew-lookup",""
"UK","uk-ew-lad-2021","ew_ltla","uk-ew-lad-2021:E08000018","E08000018","Rotherham",2021,252115,"people with a stated current-religion response (all usual residents minus not answered or religion not stated)",146294,58.03,105821,41.97,,,,286.47,,,"nomis-c2021ts030-lad2022-ew|ons-lad-may-2021-uk-bgc|ons-lad11-lad21-ew-lookup",""
"UK","uk-ew-lad-2021","ew_ltla","uk-ew-lad-2021:E08000019","E08000019","Sheffield",2001,473076,"people with a stated current-religion response (all usual residents minus not answered or religion not stated)",381182,80.58,91894,19.42,,,,367.85,,,"nomis-c2001ks007-lad2011-ew|ons-lad-may-2021-uk-bgc|ons-lad11-lad21-ew-lookup",""
"UK","uk-ew-lad-2021","ew_ltla","uk-ew-lad-2021:E08000019","E08000019","Sheffield",2011,515114,"people with a stated current-religion response (all usual residents minus not answered or religion not stated)",342598,66.51,172516,33.49,,,,367.85,,,"nomis-c2011ks209ew-lad2011-ew|ons-lad-may-2021-uk-bgc|ons-lad11-lad21-ew-lookup",""
"UK","uk-ew-lad-2021","ew_ltla","uk-ew-lad-2021:E08000019","E08000019","Sheffield",2021,522921,"people with a stated current-religion response (all usual residents minus not answered or religion not stated)",281365,53.81,241556,46.19,,,,367.85,,,"nomis-c2021ts030-lad2022-ew|ons-lad-may-2021-uk-bgc|ons-lad11-lad21-ew-lookup",""
"UK","uk-ew-lad-2021","ew_ltla","uk-ew-lad-2021:E08000021","E08000021","Newcastle upon Tyne",2001,239196,"people with a stated current-religion response (all usual residents minus not answered or religion not stated)",197626,82.62,41570,17.38,,,,113.43,,,"nomis-c2001ks007-lad2011-ew|ons-lad-may-2021-uk-bgc|ons-lad11-lad21-ew-lookup",""
"UK","uk-ew-lad-2021","ew_ltla","uk-ew-lad-2021:E08000021","E08000021","Newcastle upon Tyne",2011,262538,"people with a stated current-religion response (all usual residents minus not answered or religion not stated)",183193,69.78,79345,30.22,,,,113.43,,,"nomis-c2011ks209ew-lad2011-ew|ons-lad-may-2021-uk-bgc|ons-lad11-lad21-ew-lookup",""
"UK","uk-ew-lad-2021","ew_ltla","uk-ew-lad-2021:E08000021","E08000021","Newcastle upon Tyne",2021,282257,"people with a stated current-religion response (all usual residents minus not answered or religion not stated)",159772,56.61,122485,43.39,,,,113.43,,,"nomis-c2021ts030-lad2022-ew|ons-lad-may-2021-uk-bgc|ons-lad11-lad21-ew-lookup",""
"UK","uk-ew-lad-2021","ew_ltla","uk-ew-lad-2021:E08000022","E08000022","North Tyneside",2001,178407,"people with a stated current-religion response (all usual residents minus not answered or religion not stated)",152091,85.25,26316,14.75,,,,82.29,,,"nomis-c2001ks007-lad2011-ew|ons-lad-may-2021-uk-bgc|ons-lad11-lad21-ew-lookup",""
"UK","uk-ew-lad-2021","ew_ltla","uk-ew-lad-2021:E08000022","E08000022","North Tyneside",2011,188009,"people with a stated current-religion response (all usual residents minus not answered or religion not stated)",131601,70,56408,30,,,,82.29,,,"nomis-c2011ks209ew-lad2011-ew|ons-lad-may-2021-uk-bgc|ons-lad11-lad21-ew-lookup",""
"UK","uk-ew-lad-2021","ew_ltla","uk-ew-lad-2021:E08000022","E08000022","North Tyneside",2021,199012,"people with a stated current-religion response (all usual residents minus not answered or religion not stated)",102599,51.55,96413,48.45,,,,82.29,,,"nomis-c2021ts030-lad2022-ew|ons-lad-may-2021-uk-bgc|ons-lad11-lad21-ew-lookup",""
"UK","uk-ew-lad-2021","ew_ltla","uk-ew-lad-2021:E08000023","E08000023","South Tyneside",2001,141522,"people with a stated current-religion response (all usual residents minus not answered or religion not stated)",127919,90.39,13603,9.61,,,,64.43,,,"nomis-c2001ks007-lad2011-ew|ons-lad-may-2021-uk-bgc|ons-lad11-lad21-ew-lookup",""
"UK","uk-ew-lad-2021","ew_ltla","uk-ew-lad-2021:E08000023","E08000023","South Tyneside",2011,139511,"people with a stated current-religion response (all usual residents minus not answered or religion not stated)",108264,77.6,31247,22.4,,,,64.43,,,"nomis-c2011ks209ew-lad2011-ew|ons-lad-may-2021-uk-bgc|ons-lad11-lad21-ew-lookup",""
"UK","uk-ew-lad-2021","ew_ltla","uk-ew-lad-2021:E08000023","E08000023","South Tyneside",2021,141104,"people with a stated current-religion response (all usual residents minus not answered or religion not stated)",83059,58.86,58045,41.14,,,,64.43,,,"nomis-c2021ts030-lad2022-ew|ons-lad-may-2021-uk-bgc|ons-lad11-lad21-ew-lookup",""
"UK","uk-ew-lad-2021","ew_ltla","uk-ew-lad-2021:E08000024","E08000024","Sunderland",2001,259515,"people with a stated current-religion response (all usual residents minus not answered or religion not stated)",232482,89.58,27033,10.42,,,,137.39,,,"nomis-c2001ks007-lad2011-ew|ons-lad-may-2021-uk-bgc|ons-lad11-lad21-ew-lookup",""
"UK","uk-ew-lad-2021","ew_ltla","uk-ew-lad-2021:E08000024","E08000024","Sunderland",2011,260208,"people with a stated current-religion response (all usual residents minus not answered or religion not stated)",199850,76.8,60358,23.2,,,,137.39,,,"nomis-c2011ks209ew-lad2011-ew|ons-lad-may-2021-uk-bgc|ons-lad11-lad21-ew-lookup",""
"UK","uk-ew-lad-2021","ew_ltla","uk-ew-lad-2021:E08000024","E08000024","Sunderland",2021,261900,"people with a stated current-religion response (all usual residents minus not answered or religion not stated)",153639,58.66,108261,41.34,,,,137.39,,,"nomis-c2021ts030-lad2022-ew|ons-lad-may-2021-uk-bgc|ons-lad11-lad21-ew-lookup",""
"UK","uk-ew-lad-2021","ew_ltla","uk-ew-lad-2021:E08000025","E08000025","Birmingham",2001,895128,"people with a stated current-religion response (all usual residents minus not answered or religion not stated)",773587,86.42,121541,13.58,,,,267.78,,,"nomis-c2001ks007-lad2011-ew|ons-lad-may-2021-uk-bgc|ons-lad11-lad21-ew-lookup",""
"UK","uk-ew-lad-2021","ew_ltla","uk-ew-lad-2021:E08000025","E08000025","Birmingham",2011,1002959,"people with a stated current-religion response (all usual residents minus not answered or religion not stated)",796138,79.38,206821,20.62,,,,267.78,,,"nomis-c2011ks209ew-lad2011-ew|ons-lad-may-2021-uk-bgc|ons-lad11-lad21-ew-lookup",""
"UK","uk-ew-lad-2021","ew_ltla","uk-ew-lad-2021:E08000025","E08000025","Birmingham",2021,1075061,"people with a stated current-religion response (all usual residents minus not answered or religion not stated)",798734,74.3,276327,25.7,,,,267.78,,,"nomis-c2021ts030-lad2022-ew|ons-lad-may-2021-uk-bgc|ons-lad11-lad21-ew-lookup",""
"UK","uk-ew-lad-2021","ew_ltla","uk-ew-lad-2021:E08000026","E08000026","Coventry",2001,276802,"people with a stated current-religion response (all usual residents minus not answered or religion not stated)",231488,83.63,45314,16.37,,,,98.62,,,"nomis-c2001ks007-lad2011-ew|ons-lad-may-2021-uk-bgc|ons-lad11-lad21-ew-lookup",""
"UK","uk-ew-lad-2021","ew_ltla","uk-ew-lad-2021:E08000026","E08000026","Coventry",2011,296633,"people with a stated current-religion response (all usual residents minus not answered or religion not stated)",223737,75.43,72896,24.57,,,,98.62,,,"nomis-c2011ks209ew-lad2011-ew|ons-lad-may-2021-uk-bgc|ons-lad11-lad21-ew-lookup",""
"UK","uk-ew-lad-2021","ew_ltla","uk-ew-lad-2021:E08000026","E08000026","Coventry",2021,324160,"people with a stated current-religion response (all usual residents minus not answered or religion not stated)",221822,68.43,102338,31.57,,,,98.62,,,"nomis-c2021ts030-lad2022-ew|ons-lad-may-2021-uk-bgc|ons-lad11-lad21-ew-lookup",""
"UK","uk-ew-lad-2021","ew_ltla","uk-ew-lad-2021:E08000027","E08000027","Dudley",2001,282636,"people with a stated current-religion response (all usual residents minus not answered or religion not stated)",250015,88.46,32621,11.54,,,,97.94,,,"nomis-c2001ks007-lad2011-ew|ons-lad-may-2021-uk-bgc|ons-lad11-lad21-ew-lookup",""
"UK","uk-ew-lad-2021","ew_ltla","uk-ew-lad-2021:E08000027","E08000027","Dudley",2011,293425,"people with a stated current-religion response (all usual residents minus not answered or religion not stated)",224590,76.54,68835,23.46,,,,97.94,,,"nomis-c2011ks209ew-lad2011-ew|ons-lad-may-2021-uk-bgc|ons-lad11-lad21-ew-lookup",""
"UK","uk-ew-lad-2021","ew_ltla","uk-ew-lad-2021:E08000027","E08000027","Dudley",2021,305696,"people with a stated current-religion response (all usual residents minus not answered or religion not stated)",189292,61.92,116404,38.08,,,,97.94,,,"nomis-c2021ts030-lad2022-ew|ons-lad-may-2021-uk-bgc|ons-lad11-lad21-ew-lookup",""
"UK","uk-ew-lad-2021","ew_ltla","uk-ew-lad-2021:E08000028","E08000028","Sandwell",2001,262556,"people with a stated current-religion response (all usual residents minus not answered or religion not stated)",233082,88.77,29474,11.23,,,,85.59,,,"nomis-c2001ks007-lad2011-ew|ons-lad-may-2021-uk-bgc|ons-lad11-lad21-ew-lookup",""
"UK","uk-ew-lad-2021","ew_ltla","uk-ew-lad-2021:E08000028","E08000028","Sandwell",2011,289329,"people with a stated current-religion response (all usual residents minus not answered or religion not stated)",231613,80.05,57716,19.95,,,,85.59,,,"nomis-c2011ks209ew-lad2011-ew|ons-lad-may-2021-uk-bgc|ons-lad11-lad21-ew-lookup",""
"UK","uk-ew-lad-2021","ew_ltla","uk-ew-lad-2021:E08000028","E08000028","Sandwell",2021,323370,"people with a stated current-religion response (all usual residents minus not answered or religion not stated)",234268,72.45,89102,27.55,,,,85.59,,,"nomis-c2021ts030-lad2022-ew|ons-lad-may-2021-uk-bgc|ons-lad11-lad21-ew-lookup",""
"UK","uk-ew-lad-2021","ew_ltla","uk-ew-lad-2021:E08000029","E08000029","Solihull",2001,186111,"people with a stated current-religion response (all usual residents minus not answered or religion not stated)",162078,87.09,24033,12.91,,,,178.29,,,"nomis-c2001ks007-lad2011-ew|ons-lad-may-2021-uk-bgc|ons-lad11-lad21-ew-lookup",""
"UK","uk-ew-lad-2021","ew_ltla","uk-ew-lad-2021:E08000029","E08000029","Solihull",2011,193546,"people with a stated current-religion response (all usual residents minus not answered or religion not stated)",149359,77.17,44187,22.83,,,,178.29,,,"nomis-c2011ks209ew-lad2011-ew|ons-lad-may-2021-uk-bgc|ons-lad11-lad21-ew-lookup",""
"UK","uk-ew-lad-2021","ew_ltla","uk-ew-lad-2021:E08000029","E08000029","Solihull",2021,205068,"people with a stated current-religion response (all usual residents minus not answered or religion not stated)",134003,65.35,71065,34.65,,,,178.29,,,"nomis-c2021ts030-lad2022-ew|ons-lad-may-2021-uk-bgc|ons-lad11-lad21-ew-lookup",""
"UK","uk-ew-lad-2021","ew_ltla","uk-ew-lad-2021:E08000030","E08000030","Walsall",2001,234311,"people with a stated current-religion response (all usual residents minus not answered or religion not stated)",208856,89.14,25455,10.86,,,,103.99,,,"nomis-c2001ks007-lad2011-ew|ons-lad-may-2021-uk-bgc|ons-lad11-lad21-ew-lookup",""
"UK","uk-ew-lad-2021","ew_ltla","uk-ew-lad-2021:E08000030","E08000030","Walsall",2011,253149,"people with a stated current-religion response (all usual residents minus not answered or religion not stated)",199273,78.72,53876,21.28,,,,103.99,,,"nomis-c2011ks209ew-lad2011-ew|ons-lad-may-2021-uk-bgc|ons-lad11-lad21-ew-lookup",""
"UK","uk-ew-lad-2021","ew_ltla","uk-ew-lad-2021:E08000030","E08000030","Walsall",2021,269356,"people with a stated current-religion response (all usual residents minus not answered or religion not stated)",183537,68.14,85819,31.86,,,,103.99,,,"nomis-c2021ts030-lad2022-ew|ons-lad-may-2021-uk-bgc|ons-lad11-lad21-ew-lookup",""
"UK","uk-ew-lad-2021","ew_ltla","uk-ew-lad-2021:E08000031","E08000031","Wolverhampton",2001,216781,"people with a stated current-religion response (all usual residents minus not answered or religion not stated)",189854,87.58,26927,12.42,,,,69.44,,,"nomis-c2001ks007-lad2011-ew|ons-lad-may-2021-uk-bgc|ons-lad11-lad21-ew-lookup",""
"UK","uk-ew-lad-2021","ew_ltla","uk-ew-lad-2021:E08000031","E08000031","Wolverhampton",2011,233418,"people with a stated current-religion response (all usual residents minus not answered or religion not stated)",183597,78.66,49821,21.34,,,,69.44,,,"nomis-c2011ks209ew-lad2011-ew|ons-lad-may-2021-uk-bgc|ons-lad11-lad21-ew-lookup",""
"UK","uk-ew-lad-2021","ew_ltla","uk-ew-lad-2021:E08000031","E08000031","Wolverhampton",2021,249264,"people with a stated current-religion response (all usual residents minus not answered or religion not stated)",175947,70.59,73317,29.41,,,,69.44,,,"nomis-c2021ts030-lad2022-ew|ons-lad-may-2021-uk-bgc|ons-lad11-lad21-ew-lookup",""
"UK","uk-ew-lad-2021","ew_ltla","uk-ew-lad-2021:E08000032","E08000032","Bradford",2001,429744,"people with a stated current-religion response (all usual residents minus not answered or religion not stated)",367518,85.52,62226,14.48,,,,366.39,,,"nomis-c2001ks007-lad2011-ew|ons-lad-may-2021-uk-bgc|ons-lad11-lad21-ew-lookup",""
"UK","uk-ew-lad-2021","ew_ltla","uk-ew-lad-2021:E08000032","E08000032","Bradford",2011,489903,"people with a stated current-religion response (all usual residents minus not answered or religion not stated)",381876,77.95,108027,22.05,,,,366.39,,,"nomis-c2011ks209ew-lad2011-ew|ons-lad-may-2021-uk-bgc|ons-lad11-lad21-ew-lookup",""
"UK","uk-ew-lad-2021","ew_ltla","uk-ew-lad-2021:E08000032","E08000032","Bradford",2021,516595,"people with a stated current-religion response (all usual residents minus not answered or religion not stated)",362290,70.13,154305,29.87,,,,366.39,,,"nomis-c2021ts030-lad2022-ew|ons-lad-may-2021-uk-bgc|ons-lad11-lad21-ew-lookup",""
"UK","uk-ew-lad-2021","ew_ltla","uk-ew-lad-2021:E08000033","E08000033","Calderdale",2001,177262,"people with a stated current-religion response (all usual residents minus not answered or religion not stated)",145700,82.19,31562,17.81,,,,363.99,,,"nomis-c2001ks007-lad2011-ew|ons-lad-may-2021-uk-bgc|ons-lad11-lad21-ew-lookup",""
"UK","uk-ew-lad-2021","ew_ltla","uk-ew-lad-2021:E08000033","E08000033","Calderdale",2011,189187,"people with a stated current-religion response (all usual residents minus not answered or religion not stated)",131994,69.77,57193,30.23,,,,363.99,,,"nomis-c2011ks209ew-lad2011-ew|ons-lad-may-2021-uk-bgc|ons-lad11-lad21-ew-lookup",""
"UK","uk-ew-lad-2021","ew_ltla","uk-ew-lad-2021:E08000033","E08000033","Calderdale",2021,195502,"people with a stated current-religion response (all usual residents minus not answered or religion not stated)",108715,55.61,86787,44.39,,,,363.99,,,"nomis-c2021ts030-lad2022-ew|ons-lad-may-2021-uk-bgc|ons-lad11-lad21-ew-lookup",""
"UK","uk-ew-lad-2021","ew_ltla","uk-ew-lad-2021:E08000034","E08000034","Kirklees",2001,360173,"people with a stated current-religion response (all usual residents minus not answered or religion not stated)",305728,84.88,54445,15.12,,,,408.5,,,"nomis-c2001ks007-lad2011-ew|ons-lad-may-2021-uk-bgc|ons-lad11-lad21-ew-lookup",""
"UK","uk-ew-lad-2021","ew_ltla","uk-ew-lad-2021:E08000034","E08000034","Kirklees",2011,395068,"people with a stated current-religion response (all usual residents minus not answered or religion not stated)",294239,74.48,100829,25.52,,,,408.5,,,"nomis-c2011ks209ew-lad2011-ew|ons-lad-may-2021-uk-bgc|ons-lad11-lad21-ew-lookup",""
"UK","uk-ew-lad-2021","ew_ltla","uk-ew-lad-2021:E08000034","E08000034","Kirklees",2021,409267,"people with a stated current-religion response (all usual residents minus not answered or religion not stated)",258668,63.2,150599,36.8,,,,408.5,,,"nomis-c2021ts030-lad2022-ew|ons-lad-may-2021-uk-bgc|ons-lad11-lad21-ew-lookup",""
"UK","uk-ew-lad-2021","ew_ltla","uk-ew-lad-2021:E08000035","E08000035","Leeds",2001,657342,"people with a stated current-religion response (all usual residents minus not answered or religion not stated)",537203,81.72,120139,18.28,,,,551.79,,,"nomis-c2001ks007-lad2011-ew|ons-lad-may-2021-uk-bgc|ons-lad11-lad21-ew-lookup",""
"UK","uk-ew-lad-2021","ew_ltla","uk-ew-lad-2021:E08000035","E08000035","Leeds",2011,700768,"people with a stated current-religion response (all usual residents minus not answered or religion not stated)",488539,69.71,212229,30.29,,,,551.79,,,"nomis-c2011ks209ew-lad2011-ew|ons-lad-may-2021-uk-bgc|ons-lad11-lad21-ew-lookup",""
"UK","uk-ew-lad-2021","ew_ltla","uk-ew-lad-2021:E08000035","E08000035","Leeds",2021,764638,"people with a stated current-religion response (all usual residents minus not answered or religion not stated)",438407,57.34,326231,42.66,,,,551.79,,,"nomis-c2021ts030-lad2022-ew|ons-lad-may-2021-uk-bgc|ons-lad11-lad21-ew-lookup",""
"UK","uk-ew-lad-2021","ew_ltla","uk-ew-lad-2021:E08000036","E08000036","Wakefield",2001,288963,"people with a stated current-religion response (all usual residents minus not answered or religion not stated)",251955,87.19,37008,12.81,,,,338.61,,,"nomis-c2001ks007-lad2011-ew|ons-lad-may-2021-uk-bgc|ons-lad11-lad21-ew-lookup",""
"UK","uk-ew-lad-2021","ew_ltla","uk-ew-lad-2021:E08000036","E08000036","Wakefield",2011,305080,"people with a stated current-religion response (all usual residents minus not answered or religion not stated)",225583,73.94,79497,26.06,,,,338.61,,,"nomis-c2011ks209ew-lad2011-ew|ons-lad-may-2021-uk-bgc|ons-lad11-lad21-ew-lookup",""
"UK","uk-ew-lad-2021","ew_ltla","uk-ew-lad-2021:E08000036","E08000036","Wakefield",2021,334399,"people with a stated current-religion response (all usual residents minus not answered or religion not stated)",188449,56.35,145950,43.65,,,,338.61,,,"nomis-c2021ts030-lad2022-ew|ons-lad-may-2021-uk-bgc|ons-lad11-lad21-ew-lookup",""
"UK","uk-ew-lad-2021","ew_ltla","uk-ew-lad-2021:E08000037","E08000037","Gateshead",2001,177881,"people with a stated current-religion response (all usual residents minus not answered or religion not stated)",156978,88.25,20903,11.75,,,,142.35,,,"nomis-c2001ks007-lad2011-ew|ons-lad-may-2021-uk-bgc|ons-lad11-lad21-ew-lookup",""
"UK","uk-ew-lad-2021","ew_ltla","uk-ew-lad-2021:E08000037","E08000037","Gateshead",2011,188738,"people with a stated current-religion response (all usual residents minus not answered or religion not stated)",140980,74.7,47758,25.3,,,,142.35,,,"nomis-c2011ks209ew-lad2011-ew|ons-lad-may-2021-uk-bgc|ons-lad11-lad21-ew-lookup",""
"UK","uk-ew-lad-2021","ew_ltla","uk-ew-lad-2021:E08000037","E08000037","Gateshead",2021,187349,"people with a stated current-religion response (all usual residents minus not answered or religion not stated)",108777,58.06,78572,41.94,,,,142.35,,,"nomis-c2021ts030-lad2022-ew|ons-lad-may-2021-uk-bgc|ons-lad11-lad21-ew-lookup",""
"UK","uk-ew-lad-2021","ew_ltla","uk-ew-lad-2021:E09000001","E09000001","City of London",2001,6568,"people with a stated current-religion response (all usual residents minus not answered or religion not stated)",4801,73.1,1767,26.9,,,,2.88,,,"nomis-c2001ks007-lad2011-ew|ons-lad-may-2021-uk-bgc|ons-lad11-lad21-ew-lookup",""
"UK","uk-ew-lad-2021","ew_ltla","uk-ew-lad-2021:E09000001","E09000001","City of London",2011,6724,"people with a stated current-religion response (all usual residents minus not answered or religion not stated)",4202,62.49,2522,37.51,,,,2.88,,,"nomis-c2011ks209ew-lad2011-ew|ons-lad-may-2021-uk-bgc|ons-lad11-lad21-ew-lookup",""
"UK","uk-ew-lad-2021","ew_ltla","uk-ew-lad-2021:E09000001","E09000001","City of London",2021,7815,"people with a stated current-religion response (all usual residents minus not answered or religion not stated)",4052,51.85,3763,48.15,,,,2.88,,,"nomis-c2021ts030-lad2022-ew|ons-lad-may-2021-uk-bgc|ons-lad11-lad21-ew-lookup",""
"UK","uk-ew-lad-2021","ew_ltla","uk-ew-lad-2021:E09000002","E09000002","Barking and Dagenham",2001,150176,"people with a stated current-religion response (all usual residents minus not answered or religion not stated)",125101,83.3,25075,16.7,,,,36.09,,,"nomis-c2001ks007-lad2011-ew|ons-lad-may-2021-uk-bgc|ons-lad11-lad21-ew-lookup",""
"UK","uk-ew-lad-2021","ew_ltla","uk-ew-lad-2021:E09000002","E09000002","Barking and Dagenham",2011,173943,"people with a stated current-religion response (all usual residents minus not answered or religion not stated)",138837,79.82,35106,20.18,,,,36.09,,,"nomis-c2011ks209ew-lad2011-ew|ons-lad-may-2021-uk-bgc|ons-lad11-lad21-ew-lookup",""
"UK","uk-ew-lad-2021","ew_ltla","uk-ew-lad-2021:E09000002","E09000002","Barking and Dagenham",2021,206876,"people with a stated current-religion response (all usual residents minus not answered or religion not stated)",165685,80.09,41191,19.91,,,,36.09,,,"nomis-c2021ts030-lad2022-ew|ons-lad-may-2021-uk-bgc|ons-lad11-lad21-ew-lookup",""
"UK","uk-ew-lad-2021","ew_ltla","uk-ew-lad-2021:E09000003","E09000003","Barnet",2001,283984,"people with a stated current-religion response (all usual residents minus not answered or religion not stated)",243664,85.8,40320,14.2,,,,86.81,,,"nomis-c2001ks007-lad2011-ew|ons-lad-may-2021-uk-bgc|ons-lad11-lad21-ew-lookup",""
"UK","uk-ew-lad-2021","ew_ltla","uk-ew-lad-2021:E09000003","E09000003","Barnet",2011,326469,"people with a stated current-religion response (all usual residents minus not answered or religion not stated)",269172,82.45,57297,17.55,,,,86.81,,,"nomis-c2011ks209ew-lad2011-ew|ons-lad-may-2021-uk-bgc|ons-lad11-lad21-ew-lookup",""
"UK","uk-ew-lad-2021","ew_ltla","uk-ew-lad-2021:E09000003","E09000003","Barnet",2021,358288,"people with a stated current-religion response (all usual residents minus not answered or religion not stated)",279604,78.04,78684,21.96,,,,86.81,,,"nomis-c2021ts030-lad2022-ew|ons-lad-may-2021-uk-bgc|ons-lad11-lad21-ew-lookup",""
"UK","uk-ew-lad-2021","ew_ltla","uk-ew-lad-2021:E09000004","E09000004","Bexley",2001,200999,"people with a stated current-religion response (all usual residents minus not answered or religion not stated)",168852,84.01,32147,15.99,,,,60.58,,,"nomis-c2001ks007-lad2011-ew|ons-lad-may-2021-uk-bgc|ons-lad11-lad21-ew-lookup",""
"UK","uk-ew-lad-2021","ew_ltla","uk-ew-lad-2021:E09000004","E09000004","Bexley",2011,215771,"people with a stated current-religion response (all usual residents minus not answered or religion not stated)",159776,74.05,55995,25.95,,,,60.58,,,"nomis-c2011ks209ew-lad2011-ew|ons-lad-may-2021-uk-bgc|ons-lad11-lad21-ew-lookup",""
"UK","uk-ew-lad-2021","ew_ltla","uk-ew-lad-2021:E09000004","E09000004","Bexley",2021,232486,"people with a stated current-religion response (all usual residents minus not answered or religion not stated)",149670,64.38,82816,35.62,,,,60.58,,,"nomis-c2021ts030-lad2022-ew|ons-lad-may-2021-uk-bgc|ons-lad11-lad21-ew-lookup",""
"UK","uk-ew-lad-2021","ew_ltla","uk-ew-lad-2021:E09000005","E09000005","Brent",2001,243148,"people with a stated current-religion response (all usual residents minus not answered or religion not stated)",216896,89.2,26252,10.8,,,,43.22,,,"nomis-c2001ks007-lad2011-ew|ons-lad-may-2021-uk-bgc|ons-lad11-lad21-ew-lookup",""
"UK","uk-ew-lad-2021","ew_ltla","uk-ew-lad-2021:E09000005","E09000005","Brent",2011,289753,"people with a stated current-religion response (all usual residents minus not answered or religion not stated)",256699,88.59,33054,11.41,,,,43.22,,,"nomis-c2011ks209ew-lad2011-ew|ons-lad-may-2021-uk-bgc|ons-lad11-lad21-ew-lookup",""
"UK","uk-ew-lad-2021","ew_ltla","uk-ew-lad-2021:E09000005","E09000005","Brent",2021,316311,"people with a stated current-religion response (all usual residents minus not answered or religion not stated)",270158,85.41,46153,14.59,,,,43.22,,,"nomis-c2021ts030-lad2022-ew|ons-lad-may-2021-uk-bgc|ons-lad11-lad21-ew-lookup",""
"UK","uk-ew-lad-2021","ew_ltla","uk-ew-lad-2021:E09000006","E09000006","Bromley",2001,272952,"people with a stated current-religion response (all usual residents minus not answered or religion not stated)",224673,82.31,48279,17.69,,,,150.13,,,"nomis-c2001ks007-lad2011-ew|ons-lad-may-2021-uk-bgc|ons-lad11-lad21-ew-lookup",""
"UK","uk-ew-lad-2021","ew_ltla","uk-ew-lad-2021:E09000006","E09000006","Bromley",2011,285198,"people with a stated current-religion response (all usual residents minus not answered or religion not stated)",204895,71.84,80303,28.16,,,,150.13,,,"nomis-c2011ks209ew-lad2011-ew|ons-lad-may-2021-uk-bgc|ons-lad11-lad21-ew-lookup",""
"UK","uk-ew-lad-2021","ew_ltla","uk-ew-lad-2021:E09000006","E09000006","Bromley",2021,308753,"people with a stated current-religion response (all usual residents minus not answered or religion not stated)",185810,60.18,122943,39.82,,,,150.13,,,"nomis-c2021ts030-lad2022-ew|ons-lad-may-2021-uk-bgc|ons-lad11-lad21-ew-lookup",""
"UK","uk-ew-lad-2021","ew_ltla","uk-ew-lad-2021:E09000007","E09000007","Camden",2001,178154,"people with a stated current-religion response (all usual residents minus not answered or religion not stated)",134545,75.52,43609,24.48,,,,21.79,,,"nomis-c2001ks007-lad2011-ew|ons-lad-may-2021-uk-bgc|ons-lad11-lad21-ew-lookup",""
"UK","uk-ew-lad-2021","ew_ltla","uk-ew-lad-2021:E09000007","E09000007","Camden",2011,175062,"people with a stated current-religion response (all usual residents minus not answered or religion not stated)",118949,67.95,56113,32.05,,,,21.79,,,"nomis-c2011ks209ew-lad2011-ew|ons-lad-may-2021-uk-bgc|ons-lad11-lad21-ew-lookup",""
"UK","uk-ew-lad-2021","ew_ltla","uk-ew-lad-2021:E09000007","E09000007","Camden",2021,191395,"people with a stated current-religion response (all usual residents minus not answered or religion not stated)",118619,61.98,72776,38.02,,,,21.79,,,"nomis-c2021ts030-lad2022-ew|ons-lad-may-2021-uk-bgc|ons-lad11-lad21-ew-lookup",""
"UK","uk-ew-lad-2021","ew_ltla","uk-ew-lad-2021:E09000008","E09000008","Croydon",2001,303881,"people with a stated current-religion response (all usual residents minus not answered or religion not stated)",255266,84,48615,16,,,,86.53,,,"nomis-c2001ks007-lad2011-ew|ons-lad-may-2021-uk-bgc|ons-lad11-lad21-ew-lookup",""
"UK","uk-ew-lad-2021","ew_ltla","uk-ew-lad-2021:E09000008","E09000008","Croydon",2011,335621,"people with a stated current-religion response (all usual residents minus not answered or religion not stated)",262967,78.35,72654,21.65,,,,86.53,,,"nomis-c2011ks209ew-lad2011-ew|ons-lad-may-2021-uk-bgc|ons-lad11-lad21-ew-lookup",""
"UK","uk-ew-lad-2021","ew_ltla","uk-ew-lad-2021:E09000008","E09000008","Croydon",2021,363684,"people with a stated current-religion response (all usual residents minus not answered or religion not stated)",262565,72.2,101119,27.8,,,,86.53,,,"nomis-c2021ts030-lad2022-ew|ons-lad-may-2021-uk-bgc|ons-lad11-lad21-ew-lookup",""
"UK","uk-ew-lad-2021","ew_ltla","uk-ew-lad-2021:E09000009","E09000009","Ealing",2001,278955,"people with a stated current-religion response (all usual residents minus not answered or religion not stated)",238519,85.5,40436,14.5,,,,55.53,,,"nomis-c2001ks007-lad2011-ew|ons-lad-may-2021-uk-bgc|ons-lad11-lad21-ew-lookup",""
"UK","uk-ew-lad-2021","ew_ltla","uk-ew-lad-2021:E09000009","E09000009","Ealing",2011,315140,"people with a stated current-religion response (all usual residents minus not answered or religion not stated)",264292,83.86,50848,16.14,,,,55.53,,,"nomis-c2011ks209ew-lad2011-ew|ons-lad-may-2021-uk-bgc|ons-lad11-lad21-ew-lookup",""
"UK","uk-ew-lad-2021","ew_ltla","uk-ew-lad-2021:E09000009","E09000009","Ealing",2021,342581,"people with a stated current-religion response (all usual residents minus not answered or religion not stated)",272348,79.5,70233,20.5,,,,55.53,,,"nomis-c2021ts030-lad2022-ew|ons-lad-may-2021-uk-bgc|ons-lad11-lad21-ew-lookup",""
"UK","uk-ew-lad-2021","ew_ltla","uk-ew-lad-2021:E09000010","E09000010","Enfield",2001,251359,"people with a stated current-religion response (all usual residents minus not answered or religion not stated)",217582,86.56,33777,13.44,,,,82.17,,,"nomis-c2001ks007-lad2011-ew|ons-lad-may-2021-uk-bgc|ons-lad11-lad21-ew-lookup",""
"UK","uk-ew-lad-2021","ew_ltla","uk-ew-lad-2021:E09000010","E09000010","Enfield",2011,288271,"people with a stated current-religion response (all usual residents minus not answered or religion not stated)",239749,83.17,48522,16.83,,,,82.17,,,"nomis-c2011ks209ew-lad2011-ew|ons-lad-may-2021-uk-bgc|ons-lad11-lad21-ew-lookup",""
"UK","uk-ew-lad-2021","ew_ltla","uk-ew-lad-2021:E09000010","E09000010","Enfield",2021,306943,"people with a stated current-religion response (all usual residents minus not answered or religion not stated)",241702,78.74,65241,21.26,,,,82.17,,,"nomis-c2021ts030-lad2022-ew|ons-lad-may-2021-uk-bgc|ons-lad11-lad21-ew-lookup",""
"UK","uk-ew-lad-2021","ew_ltla","uk-ew-lad-2021:E09000011","E09000011","Greenwich",2001,194520,"people with a stated current-religion response (all usual residents minus not answered or religion not stated)",153155,78.73,41365,21.27,,,,47.29,,,"nomis-c2001ks007-lad2011-ew|ons-lad-may-2021-uk-bgc|ons-lad11-lad21-ew-lookup",""
"UK","uk-ew-lad-2021","ew_ltla","uk-ew-lad-2021:E09000011","E09000011","Greenwich",2011,235320,"people with a stated current-religion response (all usual residents minus not answered or religion not stated)",170286,72.36,65034,27.64,,,,47.29,,,"nomis-c2011ks209ew-lad2011-ew|ons-lad-may-2021-uk-bgc|ons-lad11-lad21-ew-lookup",""
"UK","uk-ew-lad-2021","ew_ltla","uk-ew-lad-2021:E09000011","E09000011","Greenwich",2021,270350,"people with a stated current-religion response (all usual residents minus not answered or religion not stated)",176142,65.15,94208,34.85,,,,47.29,,,"nomis-c2021ts030-lad2022-ew|ons-lad-may-2021-uk-bgc|ons-lad11-lad21-ew-lookup",""
"UK","uk-ew-lad-2021","ew_ltla","uk-ew-lad-2021:E09000012","E09000012","Hackney",2001,178509,"people with a stated current-religion response (all usual residents minus not answered or religion not stated)",139902,78.37,38607,21.63,,,,19.04,,,"nomis-c2001ks007-lad2011-ew|ons-lad-may-2021-uk-bgc|ons-lad11-lad21-ew-lookup",""
"UK","uk-ew-lad-2021","ew_ltla","uk-ew-lad-2021:E09000012","E09000012","Hackney",2011,222624,"people with a stated current-religion response (all usual residents minus not answered or religion not stated)",153170,68.8,69454,31.2,,,,19.04,,,"nomis-c2011ks209ew-lad2011-ew|ons-lad-may-2021-uk-bgc|ons-lad11-lad21-ew-lookup",""
"UK","uk-ew-lad-2021","ew_ltla","uk-ew-lad-2021:E09000012","E09000012","Hackney",2021,236703,"people with a stated current-religion response (all usual residents minus not answered or religion not stated)",142590,60.24,94113,39.76,,,,19.04,,,"nomis-c2021ts030-lad2022-ew|ons-lad-may-2021-uk-bgc|ons-lad11-lad21-ew-lookup",""
"UK","uk-ew-lad-2021","ew_ltla","uk-ew-lad-2021:E09000013","E09000013","Hammersmith and Fulham",2001,151046,"people with a stated current-religion response (all usual residents minus not answered or religion not stated)",121898,80.7,29148,19.3,,,,16.4,,,"nomis-c2001ks007-lad2011-ew|ons-lad-may-2021-uk-bgc|ons-lad11-lad21-ew-lookup",""
"UK","uk-ew-lad-2021","ew_ltla","uk-ew-lad-2021:E09000013","E09000013","Hammersmith and Fulham",2011,167154,"people with a stated current-religion response (all usual residents minus not answered or religion not stated)",123667,73.98,43487,26.02,,,,16.4,,,"nomis-c2011ks209ew-lad2011-ew|ons-lad-may-2021-uk-bgc|ons-lad11-lad21-ew-lookup",""
"UK","uk-ew-lad-2021","ew_ltla","uk-ew-lad-2021:E09000013","E09000013","Hammersmith and Fulham",2021,167859,"people with a stated current-religion response (all usual residents minus not answered or religion not stated)",111800,66.6,56059,33.4,,,,16.4,,,"nomis-c2021ts030-lad2022-ew|ons-lad-may-2021-uk-bgc|ons-lad11-lad21-ew-lookup",""
"UK","uk-ew-lad-2021","ew_ltla","uk-ew-lad-2021:E09000014","E09000014","Haringey",2001,190323,"people with a stated current-religion response (all usual residents minus not answered or religion not stated)",147074,77.28,43249,22.72,,,,29.61,,,"nomis-c2001ks007-lad2011-ew|ons-lad-may-2021-uk-bgc|ons-lad11-lad21-ew-lookup",""
"UK","uk-ew-lad-2021","ew_ltla","uk-ew-lad-2021:E09000014","E09000014","Haringey",2011,232113,"people with a stated current-religion response (all usual residents minus not answered or religion not stated)",167911,72.34,64202,27.66,,,,29.61,,,"nomis-c2011ks209ew-lad2011-ew|ons-lad-may-2021-uk-bgc|ons-lad11-lad21-ew-lookup",""
"UK","uk-ew-lad-2021","ew_ltla","uk-ew-lad-2021:E09000014","E09000014","Haringey",2021,243211,"people with a stated current-religion response (all usual residents minus not answered or religion not stated)",159676,65.65,83535,34.35,,,,29.61,,,"nomis-c2021ts030-lad2022-ew|ons-lad-may-2021-uk-bgc|ons-lad11-lad21-ew-lookup",""
"UK","uk-ew-lad-2021","ew_ltla","uk-ew-lad-2021:E09000015","E09000015","Harrow",2001,192719,"people with a stated current-religion response (all usual residents minus not answered or religion not stated)",174045,90.31,18674,9.69,,,,50.47,,,"nomis-c2001ks007-lad2011-ew|ons-lad-may-2021-uk-bgc|ons-lad11-lad21-ew-lookup",""
"UK","uk-ew-lad-2021","ew_ltla","uk-ew-lad-2021:E09000015","E09000015","Harrow",2011,224275,"people with a stated current-religion response (all usual residents minus not answered or religion not stated)",201404,89.8,22871,10.2,,,,50.47,,,"nomis-c2011ks209ew-lad2011-ew|ons-lad-may-2021-uk-bgc|ons-lad11-lad21-ew-lookup",""
"UK","uk-ew-lad-2021","ew_ltla","uk-ew-lad-2021:E09000015","E09000015","Harrow",2021,245799,"people with a stated current-religion response (all usual residents minus not answered or religion not stated)",218051,88.71,27748,11.29,,,,50.47,,,"nomis-c2021ts030-lad2022-ew|ons-lad-may-2021-uk-bgc|ons-lad11-lad21-ew-lookup",""
"UK","uk-ew-lad-2021","ew_ltla","uk-ew-lad-2021:E09000016","E09000016","Havering",2001,206696,"people with a stated current-religion response (all usual residents minus not answered or religion not stated)",177129,85.7,29567,14.3,,,,112.34,,,"nomis-c2001ks007-lad2011-ew|ons-lad-may-2021-uk-bgc|ons-lad11-lad21-ew-lookup",""
"UK","uk-ew-lad-2021","ew_ltla","uk-ew-lad-2021:E09000016","E09000016","Havering",2011,221433,"people with a stated current-religion response (all usual residents minus not answered or religion not stated)",167884,75.82,53549,24.18,,,,112.34,,,"nomis-c2011ks209ew-lad2011-ew|ons-lad-may-2021-uk-bgc|ons-lad11-lad21-ew-lookup",""
"UK","uk-ew-lad-2021","ew_ltla","uk-ew-lad-2021:E09000016","E09000016","Havering",2021,247540,"people with a stated current-religion response (all usual residents minus not answered or religion not stated)",167305,67.59,80235,32.41,,,,112.34,,,"nomis-c2021ts030-lad2022-ew|ons-lad-may-2021-uk-bgc|ons-lad11-lad21-ew-lookup",""
"UK","uk-ew-lad-2021","ew_ltla","uk-ew-lad-2021:E09000017","E09000017","Hillingdon",2001,225676,"people with a stated current-religion response (all usual residents minus not answered or religion not stated)",193190,85.61,32486,14.39,,,,115.73,,,"nomis-c2001ks007-lad2011-ew|ons-lad-may-2021-uk-bgc|ons-lad11-lad21-ew-lookup",""
"UK","uk-ew-lad-2021","ew_ltla","uk-ew-lad-2021:E09000017","E09000017","Hillingdon",2011,256441,"people with a stated current-religion response (all usual residents minus not answered or religion not stated)",209949,81.87,46492,18.13,,,,115.73,,,"nomis-c2011ks209ew-lad2011-ew|ons-lad-may-2021-uk-bgc|ons-lad11-lad21-ew-lookup",""
"UK","uk-ew-lad-2021","ew_ltla","uk-ew-lad-2021:E09000017","E09000017","Hillingdon",2021,288780,"people with a stated current-religion response (all usual residents minus not answered or religion not stated)",229566,79.5,59214,20.5,,,,115.73,,,"nomis-c2021ts030-lad2022-ew|ons-lad-may-2021-uk-bgc|ons-lad11-lad21-ew-lookup",""
"UK","uk-ew-lad-2021","ew_ltla","uk-ew-lad-2021:E09000018","E09000018","Hounslow",2001,196281,"people with a stated current-religion response (all usual residents minus not answered or religion not stated)",167705,85.44,28576,14.56,,,,55.94,,,"nomis-c2001ks007-lad2011-ew|ons-lad-may-2021-uk-bgc|ons-lad11-lad21-ew-lookup",""
"UK","uk-ew-lad-2021","ew_ltla","uk-ew-lad-2021:E09000018","E09000018","Hounslow",2011,237495,"people with a stated current-religion response (all usual residents minus not answered or religion not stated)",197144,83.01,40351,16.99,,,,55.94,,,"nomis-c2011ks209ew-lad2011-ew|ons-lad-may-2021-uk-bgc|ons-lad11-lad21-ew-lookup",""
"UK","uk-ew-lad-2021","ew_ltla","uk-ew-lad-2021:E09000018","E09000018","Hounslow",2021,270713,"people with a stated current-religion response (all usual residents minus not answered or religion not stated)",217211,80.24,53502,19.76,,,,55.94,,,"nomis-c2021ts030-lad2022-ew|ons-lad-may-2021-uk-bgc|ons-lad11-lad21-ew-lookup",""
"UK","uk-ew-lad-2021","ew_ltla","uk-ew-lad-2021:E09000019","E09000019","Islington",2001,158001,"people with a stated current-religion response (all usual residents minus not answered or religion not stated)",116310,73.61,41691,26.39,,,,14.86,,,"nomis-c2001ks007-lad2011-ew|ons-lad-may-2021-uk-bgc|ons-lad11-lad21-ew-lookup",""
"UK","uk-ew-lad-2021","ew_ltla","uk-ew-lad-2021:E09000019","E09000019","Islington",2011,171987,"people with a stated current-religion response (all usual residents minus not answered or religion not stated)",110076,64,61911,36,,,,14.86,,,"nomis-c2011ks209ew-lad2011-ew|ons-lad-may-2021-uk-bgc|ons-lad11-lad21-ew-lookup",""
"UK","uk-ew-lad-2021","ew_ltla","uk-ew-lad-2021:E09000019","E09000019","Islington",2021,199690,"people with a stated current-religion response (all usual residents minus not answered or religion not stated)",111224,55.7,88466,44.3,,,,14.86,,,"nomis-c2021ts030-lad2022-ew|ons-lad-may-2021-uk-bgc|ons-lad11-lad21-ew-lookup",""
"UK","uk-ew-lad-2021","ew_ltla","uk-ew-lad-2021:E09000020","E09000020","Kensington and Chelsea",2001,144292,"people with a stated current-religion response (all usual residents minus not answered or religion not stated)",120052,83.2,24240,16.8,,,,12.14,,,"nomis-c2001ks007-lad2011-ew|ons-lad-may-2021-uk-bgc|ons-lad11-lad21-ew-lookup",""
"UK","uk-ew-lad-2021","ew_ltla","uk-ew-lad-2021:E09000020","E09000020","Kensington and Chelsea",2011,142680,"people with a stated current-religion response (all usual residents minus not answered or religion not stated)",110011,77.1,32669,22.9,,,,12.14,,,"nomis-c2011ks209ew-lad2011-ew|ons-lad-may-2021-uk-bgc|ons-lad11-lad21-ew-lookup",""
"UK","uk-ew-lad-2021","ew_ltla","uk-ew-lad-2021:E09000020","E09000020","Kensington and Chelsea",2021,129064,"people with a stated current-religion response (all usual residents minus not answered or religion not stated)",93454,72.41,35610,27.59,,,,12.14,,,"nomis-c2021ts030-lad2022-ew|ons-lad-may-2021-uk-bgc|ons-lad11-lad21-ew-lookup",""
"UK","uk-ew-lad-2021","ew_ltla","uk-ew-lad-2021:E09000021","E09000021","Kingston upon Thames",2001,136397,"people with a stated current-religion response (all usual residents minus not answered or religion not stated)",109891,80.57,26506,19.43,,,,37.27,,,"nomis-c2001ks007-lad2011-ew|ons-lad-may-2021-uk-bgc|ons-lad11-lad21-ew-lookup",""
"UK","uk-ew-lad-2021","ew_ltla","uk-ew-lad-2021:E09000021","E09000021","Kingston upon Thames",2011,147427,"people with a stated current-religion response (all usual residents minus not answered or religion not stated)",106244,72.07,41183,27.93,,,,37.27,,,"nomis-c2011ks209ew-lad2011-ew|ons-lad-may-2021-uk-bgc|ons-lad11-lad21-ew-lookup",""
"UK","uk-ew-lad-2021","ew_ltla","uk-ew-lad-2021:E09000021","E09000021","Kingston upon Thames",2021,156099,"people with a stated current-religion response (all usual residents minus not answered or religion not stated)",98458,63.07,57641,36.93,,,,37.27,,,"nomis-c2021ts030-lad2022-ew|ons-lad-may-2021-uk-bgc|ons-lad11-lad21-ew-lookup",""
"UK","uk-ew-lad-2021","ew_ltla","uk-ew-lad-2021:E09000022","E09000022","Lambeth",2001,237212,"people with a stated current-religion response (all usual residents minus not answered or religion not stated)",179461,75.65,57751,24.35,,,,26.79,,,"nomis-c2001ks007-lad2011-ew|ons-lad-may-2021-uk-bgc|ons-lad11-lad21-ew-lookup",""
"UK","uk-ew-lad-2021","ew_ltla","uk-ew-lad-2021:E09000022","E09000022","Lambeth",2011,276585,"people with a stated current-religion response (all usual residents minus not answered or religion not stated)",191782,69.34,84803,30.66,,,,26.79,,,"nomis-c2011ks209ew-lad2011-ew|ons-lad-may-2021-uk-bgc|ons-lad11-lad21-ew-lookup",""
"UK","uk-ew-lad-2021","ew_ltla","uk-ew-lad-2021:E09000022","E09000022","Lambeth",2021,293546,"people with a stated current-religion response (all usual residents minus not answered or religion not stated)",174423,59.42,119123,40.58,,,,26.79,,,"nomis-c2021ts030-lad2022-ew|ons-lad-may-2021-uk-bgc|ons-lad11-lad21-ew-lookup",""
"UK","uk-ew-lad-2021","ew_ltla","uk-ew-lad-2021:E09000023","E09000023","Lewisham",2001,223897,"people with a stated current-religion response (all usual residents minus not answered or religion not stated)",173117,77.32,50780,22.68,,,,35.18,,,"nomis-c2001ks007-lad2011-ew|ons-lad-may-2021-uk-bgc|ons-lad11-lad21-ew-lookup",""
"UK","uk-ew-lad-2021","ew_ltla","uk-ew-lad-2021:E09000023","E09000023","Lewisham",2011,251380,"people with a stated current-religion response (all usual residents minus not answered or religion not stated)",176225,70.1,75155,29.9,,,,35.18,,,"nomis-c2011ks209ew-lad2011-ew|ons-lad-may-2021-uk-bgc|ons-lad11-lad21-ew-lookup",""
"UK","uk-ew-lad-2021","ew_ltla","uk-ew-lad-2021:E09000023","E09000023","Lewisham",2021,277893,"people with a stated current-religion response (all usual residents minus not answered or religion not stated)",167514,60.28,110379,39.72,,,,35.18,,,"nomis-c2021ts030-lad2022-ew|ons-lad-may-2021-uk-bgc|ons-lad11-lad21-ew-lookup",""
"UK","uk-ew-lad-2021","ew_ltla","uk-ew-lad-2021:E09000024","E09000024","Merton",2001,173153,"people with a stated current-religion response (all usual residents minus not answered or religion not stated)",142053,82.04,31100,17.96,,,,37.63,,,"nomis-c2001ks007-lad2011-ew|ons-lad-may-2021-uk-bgc|ons-lad11-lad21-ew-lookup",""
"UK","uk-ew-lad-2021","ew_ltla","uk-ew-lad-2021:E09000024","E09000024","Merton",2011,185672,"people with a stated current-religion response (all usual residents minus not answered or religion not stated)",144441,77.79,41231,22.21,,,,37.63,,,"nomis-c2011ks209ew-lad2011-ew|ons-lad-may-2021-uk-bgc|ons-lad11-lad21-ew-lookup",""
"UK","uk-ew-lad-2021","ew_ltla","uk-ew-lad-2021:E09000024","E09000024","Merton",2021,200299,"people with a stated current-religion response (all usual residents minus not answered or religion not stated)",140075,69.93,60224,30.07,,,,37.63,,,"nomis-c2021ts030-lad2022-ew|ons-lad-may-2021-uk-bgc|ons-lad11-lad21-ew-lookup",""
"UK","uk-ew-lad-2021","ew_ltla","uk-ew-lad-2021:E09000025","E09000025","Newham",2001,222053,"people with a stated current-religion response (all usual residents minus not answered or religion not stated)",200075,90.1,21978,9.9,,,,36.19,,,"nomis-c2001ks007-lad2011-ew|ons-lad-may-2021-uk-bgc|ons-lad11-lad21-ew-lookup",""
"UK","uk-ew-lad-2021","ew_ltla","uk-ew-lad-2021:E09000025","E09000025","Newham",2011,288209,"people with a stated current-religion response (all usual residents minus not answered or religion not stated)",258836,89.81,29373,10.19,,,,36.19,,,"nomis-c2011ks209ew-lad2011-ew|ons-lad-may-2021-uk-bgc|ons-lad11-lad21-ew-lookup",""
"UK","uk-ew-lad-2021","ew_ltla","uk-ew-lad-2021:E09000025","E09000025","Newham",2021,328103,"people with a stated current-religion response (all usual residents minus not answered or religion not stated)",277308,84.52,50795,15.48,,,,36.19,,,"nomis-c2021ts030-lad2022-ew|ons-lad-may-2021-uk-bgc|ons-lad11-lad21-ew-lookup",""
"UK","uk-ew-lad-2021","ew_ltla","uk-ew-lad-2021:E09000026","E09000026","Redbridge",2001,221075,"people with a stated current-religion response (all usual residents minus not answered or religion not stated)",198123,89.62,22952,10.38,,,,56.38,,,"nomis-c2001ks007-lad2011-ew|ons-lad-may-2021-uk-bgc|ons-lad11-lad21-ew-lookup",""
"UK","uk-ew-lad-2021","ew_ltla","uk-ew-lad-2021:E09000026","E09000026","Redbridge",2011,260922,"people with a stated current-religion response (all usual residents minus not answered or religion not stated)",230231,88.24,30691,11.76,,,,56.38,,,"nomis-c2011ks209ew-lad2011-ew|ons-lad-may-2021-uk-bgc|ons-lad11-lad21-ew-lookup",""
"UK","uk-ew-lad-2021","ew_ltla","uk-ew-lad-2021:E09000026","E09000026","Redbridge",2021,292585,"people with a stated current-religion response (all usual residents minus not answered or religion not stated)",253586,86.67,38999,13.33,,,,56.38,,,"nomis-c2021ts030-lad2022-ew|ons-lad-may-2021-uk-bgc|ons-lad11-lad21-ew-lookup",""
"UK","uk-ew-lad-2021","ew_ltla","uk-ew-lad-2021:E09000027","E09000027","Richmond upon Thames",2001,158081,"people with a stated current-religion response (all usual residents minus not answered or religion not stated)",124414,78.7,33667,21.3,,,,57.33,,,"nomis-c2001ks007-lad2011-ew|ons-lad-may-2021-uk-bgc|ons-lad11-lad21-ew-lookup",""
"UK","uk-ew-lad-2021","ew_ltla","uk-ew-lad-2021:E09000027","E09000027","Richmond upon Thames",2011,171150,"people with a stated current-religion response (all usual residents minus not answered or religion not stated)",117955,68.92,53195,31.08,,,,57.33,,,"nomis-c2011ks209ew-lad2011-ew|ons-lad-may-2021-uk-bgc|ons-lad11-lad21-ew-lookup",""
"UK","uk-ew-lad-2021","ew_ltla","uk-ew-lad-2021:E09000027","E09000027","Richmond upon Thames",2021,181423,"people with a stated current-religion response (all usual residents minus not answered or religion not stated)",107347,59.17,74076,40.83,,,,57.33,,,"nomis-c2021ts030-lad2022-ew|ons-lad-may-2021-uk-bgc|ons-lad11-lad21-ew-lookup",""
"UK","uk-ew-lad-2021","ew_ltla","uk-ew-lad-2021:E09000028","E09000028","Southwark",2001,220638,"people with a stated current-religion response (all usual residents minus not answered or religion not stated)",175313,79.46,45325,20.54,,,,28.85,,,"nomis-c2001ks007-lad2011-ew|ons-lad-may-2021-uk-bgc|ons-lad11-lad21-ew-lookup",""
"UK","uk-ew-lad-2021","ew_ltla","uk-ew-lad-2021:E09000028","E09000028","Southwark",2011,263672,"people with a stated current-religion response (all usual residents minus not answered or religion not stated)",186574,70.76,77098,29.24,,,,28.85,,,"nomis-c2011ks209ew-lad2011-ew|ons-lad-may-2021-uk-bgc|ons-lad11-lad21-ew-lookup",""
"UK","uk-ew-lad-2021","ew_ltla","uk-ew-lad-2021:E09000028","E09000028","Southwark",2021,285299,"people with a stated current-religion response (all usual residents minus not answered or religion not stated)",173364,60.77,111935,39.23,,,,28.85,,,"nomis-c2021ts030-lad2022-ew|ons-lad-may-2021-uk-bgc|ons-lad11-lad21-ew-lookup",""
"UK","uk-ew-lad-2021","ew_ltla","uk-ew-lad-2021:E09000029","E09000029","Sutton",2001,166560,"people with a stated current-religion response (all usual residents minus not answered or religion not stated)",136589,82.01,29971,17.99,,,,43.85,,,"nomis-c2001ks007-lad2011-ew|ons-lad-may-2021-uk-bgc|ons-lad11-lad21-ew-lookup",""
"UK","uk-ew-lad-2021","ew_ltla","uk-ew-lad-2021:E09000029","E09000029","Sutton",2011,176642,"people with a stated current-religion response (all usual residents minus not answered or religion not stated)",129825,73.5,46817,26.5,,,,43.85,,,"nomis-c2011ks209ew-lad2011-ew|ons-lad-may-2021-uk-bgc|ons-lad11-lad21-ew-lookup",""
"UK","uk-ew-lad-2021","ew_ltla","uk-ew-lad-2021:E09000029","E09000029","Sutton",2021,197051,"people with a stated current-religion response (all usual residents minus not answered or religion not stated)",129282,65.61,67769,34.39,,,,43.85,,,"nomis-c2021ts030-lad2022-ew|ons-lad-may-2021-uk-bgc|ons-lad11-lad21-ew-lookup",""
"UK","uk-ew-lad-2021","ew_ltla","uk-ew-lad-2021:E09000030","E09000030","Tower Hamlets",2001,181515,"people with a stated current-religion response (all usual residents minus not answered or religion not stated)",153692,84.67,27823,15.33,,,,19.77,,,"nomis-c2001ks007-lad2011-ew|ons-lad-may-2021-uk-bgc|ons-lad11-lad21-ew-lookup",""
"UK","uk-ew-lad-2021","ew_ltla","uk-ew-lad-2021:E09000030","E09000030","Tower Hamlets",2011,215007,"people with a stated current-religion response (all usual residents minus not answered or religion not stated)",166359,77.37,48648,22.63,,,,19.77,,,"nomis-c2011ks209ew-lad2011-ew|ons-lad-may-2021-uk-bgc|ons-lad11-lad21-ew-lookup",""
"UK","uk-ew-lad-2021","ew_ltla","uk-ew-lad-2021:E09000030","E09000030","Tower Hamlets",2021,288988,"people with a stated current-religion response (all usual residents minus not answered or religion not stated)",206353,71.41,82635,28.59,,,,19.77,,,"nomis-c2021ts030-lad2022-ew|ons-lad-may-2021-uk-bgc|ons-lad11-lad21-ew-lookup",""
"UK","uk-ew-lad-2021","ew_ltla","uk-ew-lad-2021:E09000031","E09000031","Waltham Forest",2001,198939,"people with a stated current-religion response (all usual residents minus not answered or religion not stated)",165398,83.14,33541,16.86,,,,38.84,,,"nomis-c2001ks007-lad2011-ew|ons-lad-may-2021-uk-bgc|ons-lad11-lad21-ew-lookup",""
"UK","uk-ew-lad-2021","ew_ltla","uk-ew-lad-2021:E09000031","E09000031","Waltham Forest",2011,239307,"people with a stated current-religion response (all usual residents minus not answered or religion not stated)",192845,80.58,46462,19.42,,,,38.84,,,"nomis-c2011ks209ew-lad2011-ew|ons-lad-may-2021-uk-bgc|ons-lad11-lad21-ew-lookup",""
"UK","uk-ew-lad-2021","ew_ltla","uk-ew-lad-2021:E09000031","E09000031","Waltham Forest",2021,258878,"people with a stated current-religion response (all usual residents minus not answered or religion not stated)",181139,69.97,77739,30.03,,,,38.84,,,"nomis-c2021ts030-lad2022-ew|ons-lad-may-2021-uk-bgc|ons-lad11-lad21-ew-lookup",""
"UK","uk-ew-lad-2021","ew_ltla","uk-ew-lad-2021:E09000032","E09000032","Wandsworth",2001,237557,"people with a stated current-religion response (all usual residents minus not answered or religion not stated)",185515,78.09,52042,21.91,,,,34.26,,,"nomis-c2001ks007-lad2011-ew|ons-lad-may-2021-uk-bgc|ons-lad11-lad21-ew-lookup",""
"UK","uk-ew-lad-2021","ew_ltla","uk-ew-lad-2021:E09000032","E09000032","Wandsworth",2011,282878,"people with a stated current-religion response (all usual residents minus not answered or religion not stated)",200138,70.75,82740,29.25,,,,34.26,,,"nomis-c2011ks209ew-lad2011-ew|ons-lad-may-2021-uk-bgc|ons-lad11-lad21-ew-lookup",""
"UK","uk-ew-lad-2021","ew_ltla","uk-ew-lad-2021:E09000032","E09000032","Wandsworth",2021,304006,"people with a stated current-religion response (all usual residents minus not answered or religion not stated)",185463,61.01,118543,38.99,,,,34.26,,,"nomis-c2021ts030-lad2022-ew|ons-lad-may-2021-uk-bgc|ons-lad11-lad21-ew-lookup",""
"UK","uk-ew-lad-2021","ew_ltla","uk-ew-lad-2021:E09000033","E09000033","Westminster",2001,165409,"people with a stated current-religion response (all usual residents minus not answered or religion not stated)",136109,82.29,29300,17.71,,,,21.46,,,"nomis-c2001ks007-lad2011-ew|ons-lad-may-2021-uk-bgc|ons-lad11-lad21-ew-lookup",""
"UK","uk-ew-lad-2021","ew_ltla","uk-ew-lad-2021:E09000033","E09000033","Westminster",2011,198877,"people with a stated current-religion response (all usual residents minus not answered or religion not stated)",154335,77.6,44542,22.4,,,,21.46,,,"nomis-c2011ks209ew-lad2011-ew|ons-lad-may-2021-uk-bgc|ons-lad11-lad21-ew-lookup",""
"UK","uk-ew-lad-2021","ew_ltla","uk-ew-lad-2021:E09000033","E09000033","Westminster",2021,185056,"people with a stated current-religion response (all usual residents minus not answered or religion not stated)",132120,71.39,52936,28.61,,,,21.46,,,"nomis-c2021ts030-lad2022-ew|ons-lad-may-2021-uk-bgc|ons-lad11-lad21-ew-lookup",""
"UK","uk-ew-lad-2021","ew_ltla","uk-ew-lad-2021:W06000001","W06000001","Isle of Anglesey",2001,62513,"people with a stated current-religion response (all usual residents minus not answered or religion not stated)",53456,85.51,9057,14.49,,,,715.16,,,"nomis-c2001ks007-lad2011-ew|ons-lad-may-2021-uk-bgc|ons-lad11-lad21-ew-lookup",""
"UK","uk-ew-lad-2021","ew_ltla","uk-ew-lad-2021:W06000001","W06000001","Isle of Anglesey",2011,63997,"people with a stated current-religion response (all usual residents minus not answered or religion not stated)",46200,72.19,17797,27.81,,,,715.16,,,"nomis-c2011ks209ew-lad2011-ew|ons-lad-may-2021-uk-bgc|ons-lad11-lad21-ew-lookup",""
"UK","uk-ew-lad-2021","ew_ltla","uk-ew-lad-2021:W06000001","W06000001","Isle of Anglesey",2021,64433,"people with a stated current-religion response (all usual residents minus not answered or religion not stated)",36367,56.44,28066,43.56,,,,715.16,,,"nomis-c2021ts030-lad2022-ew|ons-lad-may-2021-uk-bgc|ons-lad11-lad21-ew-lookup",""
"UK","uk-ew-lad-2021","ew_ltla","uk-ew-lad-2021:W06000002","W06000002","Gwynedd",2001,107561,"people with a stated current-religion response (all usual residents minus not answered or religion not stated)",88250,82.05,19311,17.95,,,,2548.4,,,"nomis-c2001ks007-lad2011-ew|ons-lad-may-2021-uk-bgc|ons-lad11-lad21-ew-lookup",""
"UK","uk-ew-lad-2021","ew_ltla","uk-ew-lad-2021:W06000002","W06000002","Gwynedd",2011,111439,"people with a stated current-religion response (all usual residents minus not answered or religion not stated)",75276,67.55,36163,32.45,,,,2548.4,,,"nomis-c2011ks209ew-lad2011-ew|ons-lad-may-2021-uk-bgc|ons-lad11-lad21-ew-lookup",""
"UK","uk-ew-lad-2021","ew_ltla","uk-ew-lad-2021:W06000002","W06000002","Gwynedd",2021,108883,"people with a stated current-religion response (all usual residents minus not answered or religion not stated)",56942,52.3,51941,47.7,,,,2548.4,,,"nomis-c2021ts030-lad2022-ew|ons-lad-may-2021-uk-bgc|ons-lad11-lad21-ew-lookup",""
"UK","uk-ew-lad-2021","ew_ltla","uk-ew-lad-2021:W06000003","W06000003","Conwy",2001,101451,"people with a stated current-religion response (all usual residents minus not answered or religion not stated)",86110,84.88,15341,15.12,,,,1130.29,,,"nomis-c2001ks007-lad2011-ew|ons-lad-may-2021-uk-bgc|ons-lad11-lad21-ew-lookup",""
"UK","uk-ew-lad-2021","ew_ltla","uk-ew-lad-2021:W06000003","W06000003","Conwy",2011,106216,"people with a stated current-religion response (all usual residents minus not answered or religion not stated)",76199,71.74,30017,28.26,,,,1130.29,,,"nomis-c2011ks209ew-lad2011-ew|ons-lad-may-2021-uk-bgc|ons-lad11-lad21-ew-lookup",""
"UK","uk-ew-lad-2021","ew_ltla","uk-ew-lad-2021:W06000003","W06000003","Conwy",2021,107417,"people with a stated current-religion response (all usual residents minus not answered or religion not stated)",60471,56.3,46946,43.7,,,,1130.29,,,"nomis-c2021ts030-lad2022-ew|ons-lad-may-2021-uk-bgc|ons-lad11-lad21-ew-lookup",""
"UK","uk-ew-lad-2021","ew_ltla","uk-ew-lad-2021:W06000004","W06000004","Denbighshire",2001,85657,"people with a stated current-religion response (all usual residents minus not answered or religion not stated)",73206,85.46,12451,14.54,,,,838.73,,,"nomis-c2001ks007-lad2011-ew|ons-lad-may-2021-uk-bgc|ons-lad11-lad21-ew-lookup",""
"UK","uk-ew-lad-2021","ew_ltla","uk-ew-lad-2021:W06000004","W06000004","Denbighshire",2011,86548,"people with a stated current-religion response (all usual residents minus not answered or religion not stated)",61416,70.96,25132,29.04,,,,838.73,,,"nomis-c2011ks209ew-lad2011-ew|ons-lad-may-2021-uk-bgc|ons-lad11-lad21-ew-lookup",""
"UK","uk-ew-lad-2021","ew_ltla","uk-ew-lad-2021:W06000004","W06000004","Denbighshire",2021,89361,"people with a stated current-religion response (all usual residents minus not answered or religion not stated)",49064,54.91,40297,45.09,,,,838.73,,,"nomis-c2021ts030-lad2022-ew|ons-lad-may-2021-uk-bgc|ons-lad11-lad21-ew-lookup",""
"UK","uk-ew-lad-2021","ew_ltla","uk-ew-lad-2021:W06000005","W06000005","Flintshire",2001,137682,"people with a stated current-religion response (all usual residents minus not answered or religion not stated)",118487,86.06,19195,13.94,,,,439.74,,,"nomis-c2001ks007-lad2011-ew|ons-lad-may-2021-uk-bgc|ons-lad11-lad21-ew-lookup",""
"UK","uk-ew-lad-2021","ew_ltla","uk-ew-lad-2021:W06000005","W06000005","Flintshire",2011,141469,"people with a stated current-religion response (all usual residents minus not answered or religion not stated)",102743,72.63,38726,27.37,,,,439.74,,,"nomis-c2011ks209ew-lad2011-ew|ons-lad-may-2021-uk-bgc|ons-lad11-lad21-ew-lookup",""
"UK","uk-ew-lad-2021","ew_ltla","uk-ew-lad-2021:W06000005","W06000005","Flintshire",2021,144859,"people with a stated current-religion response (all usual residents minus not answered or religion not stated)",81864,56.51,62995,43.49,,,,439.74,,,"nomis-c2021ts030-lad2022-ew|ons-lad-may-2021-uk-bgc|ons-lad11-lad21-ew-lookup",""
"UK","uk-ew-lad-2021","ew_ltla","uk-ew-lad-2021:W06000006","W06000006","Wrexham",2001,118838,"people with a stated current-religion response (all usual residents minus not answered or religion not stated)",100208,84.32,18630,15.68,,,,503.68,,,"nomis-c2001ks007-lad2011-ew|ons-lad-may-2021-uk-bgc|ons-lad11-lad21-ew-lookup",""
"UK","uk-ew-lad-2021","ew_ltla","uk-ew-lad-2021:W06000006","W06000006","Wrexham",2011,124673,"people with a stated current-religion response (all usual residents minus not answered or religion not stated)",87746,70.38,36927,29.62,,,,503.68,,,"nomis-c2011ks209ew-lad2011-ew|ons-lad-may-2021-uk-bgc|ons-lad11-lad21-ew-lookup",""
"UK","uk-ew-lad-2021","ew_ltla","uk-ew-lad-2021:W06000006","W06000006","Wrexham",2021,126276,"people with a stated current-religion response (all usual residents minus not answered or religion not stated)",69799,55.27,56477,44.73,,,,503.68,,,"nomis-c2021ts030-lad2022-ew|ons-lad-may-2021-uk-bgc|ons-lad11-lad21-ew-lookup",""
"UK","uk-ew-lad-2021","ew_ltla","uk-ew-lad-2021:W06000008","W06000008","Ceredigion",2001,68944,"people with a stated current-religion response (all usual residents minus not answered or religion not stated)",54155,78.55,14789,21.45,,,,1788.28,,,"nomis-c2001ks007-lad2011-ew|ons-lad-may-2021-uk-bgc|ons-lad11-lad21-ew-lookup",""
"UK","uk-ew-lad-2021","ew_ltla","uk-ew-lad-2021:W06000008","W06000008","Ceredigion",2011,69219,"people with a stated current-religion response (all usual residents minus not answered or religion not stated)",45890,66.3,23329,33.7,,,,1788.28,,,"nomis-c2011ks209ew-lad2011-ew|ons-lad-may-2021-uk-bgc|ons-lad11-lad21-ew-lookup",""
"UK","uk-ew-lad-2021","ew_ltla","uk-ew-lad-2021:W06000008","W06000008","Ceredigion",2021,65996,"people with a stated current-religion response (all usual residents minus not answered or religion not stated)",35247,53.41,30749,46.59,,,,1788.28,,,"nomis-c2021ts030-lad2022-ew|ons-lad-may-2021-uk-bgc|ons-lad11-lad21-ew-lookup",""
"UK","uk-ew-lad-2021","ew_ltla","uk-ew-lad-2021:W06000009","W06000009","Pembrokeshire",2001,105474,"people with a stated current-religion response (all usual residents minus not answered or religion not stated)",87219,82.69,18255,17.31,,,,1618.11,,,"nomis-c2001ks007-lad2011-ew|ons-lad-may-2021-uk-bgc|ons-lad11-lad21-ew-lookup",""
"UK","uk-ew-lad-2021","ew_ltla","uk-ew-lad-2021:W06000009","W06000009","Pembrokeshire",2011,112415,"people with a stated current-religion response (all usual residents minus not answered or religion not stated)",78973,70.25,33442,29.75,,,,1618.11,,,"nomis-c2011ks209ew-lad2011-ew|ons-lad-may-2021-uk-bgc|ons-lad11-lad21-ew-lookup",""
"UK","uk-ew-lad-2021","ew_ltla","uk-ew-lad-2021:W06000009","W06000009","Pembrokeshire",2021,115218,"people with a stated current-religion response (all usual residents minus not answered or religion not stated)",62220,54,52998,46,,,,1618.11,,,"nomis-c2021ts030-lad2022-ew|ons-lad-may-2021-uk-bgc|ons-lad11-lad21-ew-lookup",""
"UK","uk-ew-lad-2021","ew_ltla","uk-ew-lad-2021:W06000010","W06000010","Carmarthenshire",2001,158827,"people with a stated current-religion response (all usual residents minus not answered or religion not stated)",130391,82.1,28436,17.9,,,,2371.03,,,"nomis-c2001ks007-lad2011-ew|ons-lad-may-2021-uk-bgc|ons-lad11-lad21-ew-lookup",""
"UK","uk-ew-lad-2021","ew_ltla","uk-ew-lad-2021:W06000010","W06000010","Carmarthenshire",2011,169118,"people with a stated current-religion response (all usual residents minus not answered or religion not stated)",116082,68.64,53036,31.36,,,,2371.03,,,"nomis-c2011ks209ew-lad2011-ew|ons-lad-may-2021-uk-bgc|ons-lad11-lad21-ew-lookup",""
"UK","uk-ew-lad-2021","ew_ltla","uk-ew-lad-2021:W06000010","W06000010","Carmarthenshire",2021,176196,"people with a stated current-religion response (all usual residents minus not answered or religion not stated)",92787,52.66,83409,47.34,,,,2371.03,,,"nomis-c2021ts030-lad2022-ew|ons-lad-may-2021-uk-bgc|ons-lad11-lad21-ew-lookup",""
"UK","uk-ew-lad-2021","ew_ltla","uk-ew-lad-2021:W06000011","W06000011","Swansea",2001,206501,"people with a stated current-religion response (all usual residents minus not answered or religion not stated)",162215,78.55,44286,21.45,,,,377.54,,,"nomis-c2001ks007-lad2011-ew|ons-lad-may-2021-uk-bgc|ons-lad11-lad21-ew-lookup",""
"UK","uk-ew-lad-2021","ew_ltla","uk-ew-lad-2021:W06000011","W06000011","Swansea",2011,221200,"people with a stated current-religion response (all usual residents minus not answered or religion not stated)",139981,63.28,81219,36.72,,,,377.54,,,"nomis-c2011ks209ew-lad2011-ew|ons-lad-may-2021-uk-bgc|ons-lad11-lad21-ew-lookup",""
"UK","uk-ew-lad-2021","ew_ltla","uk-ew-lad-2021:W06000011","W06000011","Swansea",2021,222505,"people with a stated current-religion response (all usual residents minus not answered or religion not stated)",109818,49.36,112687,50.64,,,,377.54,,,"nomis-c2021ts030-lad2022-ew|ons-lad-may-2021-uk-bgc|ons-lad11-lad21-ew-lookup",""
"UK","uk-ew-lad-2021","ew_ltla","uk-ew-lad-2021:W06000012","W06000012","Neath Port Talbot",2001,123561,"people with a stated current-religion response (all usual residents minus not answered or religion not stated)",97972,79.29,25589,20.71,,,,442.23,,,"nomis-c2001ks007-lad2011-ew|ons-lad-may-2021-uk-bgc|ons-lad11-lad21-ew-lookup",""
"UK","uk-ew-lad-2021","ew_ltla","uk-ew-lad-2021:W06000012","W06000012","Neath Port Talbot",2011,129625,"people with a stated current-religion response (all usual residents minus not answered or religion not stated)",82360,63.54,47265,36.46,,,,442.23,,,"nomis-c2011ks209ew-lad2011-ew|ons-lad-may-2021-uk-bgc|ons-lad11-lad21-ew-lookup",""
"UK","uk-ew-lad-2021","ew_ltla","uk-ew-lad-2021:W06000012","W06000012","Neath Port Talbot",2021,133573,"people with a stated current-religion response (all usual residents minus not answered or religion not stated)",62632,46.89,70941,53.11,,,,442.23,,,"nomis-c2021ts030-lad2022-ew|ons-lad-may-2021-uk-bgc|ons-lad11-lad21-ew-lookup",""
"UK","uk-ew-lad-2021","ew_ltla","uk-ew-lad-2021:W06000013","W06000013","Bridgend",2001,118904,"people with a stated current-religion response (all usual residents minus not answered or religion not stated)",91513,76.96,27391,23.04,,,,250.84,,,"nomis-c2001ks007-lad2011-ew|ons-lad-may-2021-uk-bgc|ons-lad11-lad21-ew-lookup",""
"UK","uk-ew-lad-2021","ew_ltla","uk-ew-lad-2021:W06000013","W06000013","Bridgend",2011,129417,"people with a stated current-religion response (all usual residents minus not answered or religion not stated)",78355,60.54,51062,39.46,,,,250.84,,,"nomis-c2011ks209ew-lad2011-ew|ons-lad-may-2021-uk-bgc|ons-lad11-lad21-ew-lookup",""
"UK","uk-ew-lad-2021","ew_ltla","uk-ew-lad-2021:W06000013","W06000013","Bridgend",2021,137279,"people with a stated current-religion response (all usual residents minus not answered or religion not stated)",61138,44.54,76141,55.46,,,,250.84,,,"nomis-c2021ts030-lad2022-ew|ons-lad-may-2021-uk-bgc|ons-lad11-lad21-ew-lookup",""
"UK","uk-ew-lad-2021","ew_ltla","uk-ew-lad-2021:W06000014","W06000014","Vale of Glamorgan",2001,110724,"people with a stated current-religion response (all usual residents minus not answered or religion not stated)",88482,79.91,22242,20.09,,,,331.27,,,"nomis-c2001ks007-lad2011-ew|ons-lad-may-2021-uk-bgc|ons-lad11-lad21-ew-lookup",""
"UK","uk-ew-lad-2021","ew_ltla","uk-ew-lad-2021:W06000014","W06000014","Vale of Glamorgan",2011,117043,"people with a stated current-religion response (all usual residents minus not answered or religion not stated)",75487,64.5,41556,35.5,,,,331.27,,,"nomis-c2011ks209ew-lad2011-ew|ons-lad-may-2021-uk-bgc|ons-lad11-lad21-ew-lookup",""
"UK","uk-ew-lad-2021","ew_ltla","uk-ew-lad-2021:W06000014","W06000014","Vale of Glamorgan",2021,124397,"people with a stated current-religion response (all usual residents minus not answered or religion not stated)",61233,49.22,63164,50.78,,,,331.27,,,"nomis-c2021ts030-lad2022-ew|ons-lad-may-2021-uk-bgc|ons-lad11-lad21-ew-lookup",""
"UK","uk-ew-lad-2021","ew_ltla","uk-ew-lad-2021:W06000015","W06000015","Cardiff",2001,279085,"people with a stated current-religion response (all usual residents minus not answered or religion not stated)",221645,79.42,57440,20.58,,,,142.36,,,"nomis-c2001ks007-lad2011-ew|ons-lad-may-2021-uk-bgc|ons-lad11-lad21-ew-lookup",""
"UK","uk-ew-lad-2021","ew_ltla","uk-ew-lad-2021:W06000015","W06000015","Cardiff",2011,321310,"people with a stated current-religion response (all usual residents minus not answered or religion not stated)",211350,65.78,109960,34.22,,,,142.36,,,"nomis-c2011ks209ew-lad2011-ew|ons-lad-may-2021-uk-bgc|ons-lad11-lad21-ew-lookup",""
"UK","uk-ew-lad-2021","ew_ltla","uk-ew-lad-2021:W06000015","W06000015","Cardiff",2021,339423,"people with a stated current-religion response (all usual residents minus not answered or religion not stated)",183834,54.16,155589,45.84,,,,142.36,,,"nomis-c2021ts030-lad2022-ew|ons-lad-may-2021-uk-bgc|ons-lad11-lad21-ew-lookup",""
"UK","uk-ew-lad-2021","ew_ltla","uk-ew-lad-2021:W06000016","W06000016","Rhondda Cynon Taf",2001,211106,"people with a stated current-religion response (all usual residents minus not answered or religion not stated)",152441,72.21,58665,27.79,,,,424.13,,,"nomis-c2001ks007-lad2011-ew|ons-lad-may-2021-uk-bgc|ons-lad11-lad21-ew-lookup",""
"UK","uk-ew-lad-2021","ew_ltla","uk-ew-lad-2021:W06000016","W06000016","Rhondda Cynon Taf",2011,217057,"people with a stated current-religion response (all usual residents minus not answered or religion not stated)",121508,55.98,95549,44.02,,,,424.13,,,"nomis-c2011ks209ew-lad2011-ew|ons-lad-may-2021-uk-bgc|ons-lad11-lad21-ew-lookup",""
"UK","uk-ew-lad-2021","ew_ltla","uk-ew-lad-2021:W06000016","W06000016","Rhondda Cynon Taf",2021,223826,"people with a stated current-religion response (all usual residents minus not answered or religion not stated)",90340,40.36,133486,59.64,,,,424.13,,,"nomis-c2021ts030-lad2022-ew|ons-lad-may-2021-uk-bgc|ons-lad11-lad21-ew-lookup",""
"UK","uk-ew-lad-2021","ew_ltla","uk-ew-lad-2021:W06000018","W06000018","Caerphilly",2001,153554,"people with a stated current-religion response (all usual residents minus not answered or religion not stated)",112606,73.33,40948,26.67,,,,277.35,,,"nomis-c2001ks007-lad2011-ew|ons-lad-may-2021-uk-bgc|ons-lad11-lad21-ew-lookup",""
"UK","uk-ew-lad-2021","ew_ltla","uk-ew-lad-2021:W06000018","W06000018","Caerphilly",2011,165482,"people with a stated current-religion response (all usual residents minus not answered or religion not stated)",92398,55.84,73084,44.16,,,,277.35,,,"nomis-c2011ks209ew-lad2011-ew|ons-lad-may-2021-uk-bgc|ons-lad11-lad21-ew-lookup",""
"UK","uk-ew-lad-2021","ew_ltla","uk-ew-lad-2021:W06000018","W06000018","Caerphilly",2021,165987,"people with a stated current-religion response (all usual residents minus not answered or religion not stated)",66220,39.89,99767,60.11,,,,277.35,,,"nomis-c2021ts030-lad2022-ew|ons-lad-may-2021-uk-bgc|ons-lad11-lad21-ew-lookup",""
"UK","uk-ew-lad-2021","ew_ltla","uk-ew-lad-2021:W06000019","W06000019","Blaenau Gwent",2001,63035,"people with a stated current-religion response (all usual residents minus not answered or religion not stated)",45460,72.12,17575,27.88,,,,108.73,,,"nomis-c2001ks007-lad2011-ew|ons-lad-may-2021-uk-bgc|ons-lad11-lad21-ew-lookup",""
"UK","uk-ew-lad-2021","ew_ltla","uk-ew-lad-2021:W06000019","W06000019","Blaenau Gwent",2011,64144,"people with a stated current-religion response (all usual residents minus not answered or religion not stated)",35468,55.29,28676,44.71,,,,108.73,,,"nomis-c2011ks209ew-lad2011-ew|ons-lad-may-2021-uk-bgc|ons-lad11-lad21-ew-lookup",""
"UK","uk-ew-lad-2021","ew_ltla","uk-ew-lad-2021:W06000019","W06000019","Blaenau Gwent",2021,63007,"people with a stated current-religion response (all usual residents minus not answered or religion not stated)",25301,40.16,37706,59.84,,,,108.73,,,"nomis-c2021ts030-lad2022-ew|ons-lad-may-2021-uk-bgc|ons-lad11-lad21-ew-lookup",""
"UK","uk-ew-lad-2021","ew_ltla","uk-ew-lad-2021:W06000020","W06000020","Torfaen",2001,83524,"people with a stated current-religion response (all usual residents minus not answered or religion not stated)",64975,77.79,18549,22.21,,,,126.22,,,"nomis-c2001ks007-lad2011-ew|ons-lad-may-2021-uk-bgc|ons-lad11-lad21-ew-lookup",""
"UK","uk-ew-lad-2021","ew_ltla","uk-ew-lad-2021:W06000020","W06000020","Torfaen",2011,84166,"people with a stated current-religion response (all usual residents minus not answered or religion not stated)",51561,61.26,32605,38.74,,,,126.22,,,"nomis-c2011ks209ew-lad2011-ew|ons-lad-may-2021-uk-bgc|ons-lad11-lad21-ew-lookup",""
"UK","uk-ew-lad-2021","ew_ltla","uk-ew-lad-2021:W06000020","W06000020","Torfaen",2021,86641,"people with a stated current-religion response (all usual residents minus not answered or religion not stated)",39769,45.9,46872,54.1,,,,126.22,,,"nomis-c2021ts030-lad2022-ew|ons-lad-may-2021-uk-bgc|ons-lad11-lad21-ew-lookup",""
"UK","uk-ew-lad-2021","ew_ltla","uk-ew-lad-2021:W06000021","W06000021","Monmouthshire",2001,78262,"people with a stated current-religion response (all usual residents minus not answered or religion not stated)",64094,81.9,14168,18.1,,,,850.34,,,"nomis-c2001ks007-lad2011-ew|ons-lad-may-2021-uk-bgc|ons-lad11-lad21-ew-lookup",""
"UK","uk-ew-lad-2021","ew_ltla","uk-ew-lad-2021:W06000021","W06000021","Monmouthshire",2011,84292,"people with a stated current-religion response (all usual residents minus not answered or religion not stated)",58274,69.13,26018,30.87,,,,850.34,,,"nomis-c2011ks209ew-lad2011-ew|ons-lad-may-2021-uk-bgc|ons-lad11-lad21-ew-lookup",""
"UK","uk-ew-lad-2021","ew_ltla","uk-ew-lad-2021:W06000021","W06000021","Monmouthshire",2021,87239,"people with a stated current-religion response (all usual residents minus not answered or religion not stated)",46928,53.79,40311,46.21,,,,850.34,,,"nomis-c2021ts030-lad2022-ew|ons-lad-may-2021-uk-bgc|ons-lad11-lad21-ew-lookup",""
"UK","uk-ew-lad-2021","ew_ltla","uk-ew-lad-2021:W06000022","W06000022","Newport",2001,125876,"people with a stated current-religion response (all usual residents minus not answered or religion not stated)",102913,81.76,22963,18.24,,,,190.45,,,"nomis-c2001ks007-lad2011-ew|ons-lad-may-2021-uk-bgc|ons-lad11-lad21-ew-lookup",""
"UK","uk-ew-lad-2021","ew_ltla","uk-ew-lad-2021:W06000022","W06000022","Newport",2011,134801,"people with a stated current-religion response (all usual residents minus not answered or religion not stated)",91465,67.85,43336,32.15,,,,190.45,,,"nomis-c2011ks209ew-lad2011-ew|ons-lad-may-2021-uk-bgc|ons-lad11-lad21-ew-lookup",""
"UK","uk-ew-lad-2021","ew_ltla","uk-ew-lad-2021:W06000022","W06000022","Newport",2021,150615,"people with a stated current-religion response (all usual residents minus not answered or religion not stated)",82051,54.48,68564,45.52,,,,190.45,,,"nomis-c2021ts030-lad2022-ew|ons-lad-may-2021-uk-bgc|ons-lad11-lad21-ew-lookup",""
"UK","uk-ew-lad-2021","ew_ltla","uk-ew-lad-2021:W06000023","W06000023","Powys",2001,116572,"people with a stated current-religion response (all usual residents minus not answered or religion not stated)",95675,82.07,20897,17.93,,,,5195.42,,,"nomis-c2001ks007-lad2011-ew|ons-lad-may-2021-uk-bgc|ons-lad11-lad21-ew-lookup",""
"UK","uk-ew-lad-2021","ew_ltla","uk-ew-lad-2021:W06000023","W06000023","Powys",2011,121223,"people with a stated current-religion response (all usual residents minus not answered or religion not stated)",84173,69.44,37050,30.56,,,,5195.42,,,"nomis-c2011ks209ew-lad2011-ew|ons-lad-may-2021-uk-bgc|ons-lad11-lad21-ew-lookup",""
"UK","uk-ew-lad-2021","ew_ltla","uk-ew-lad-2021:W06000023","W06000023","Powys",2021,123557,"people with a stated current-religion response (all usual residents minus not answered or religion not stated)",67586,54.7,55971,45.3,,,,5195.42,,,"nomis-c2021ts030-lad2022-ew|ons-lad-may-2021-uk-bgc|ons-lad11-lad21-ew-lookup",""
"UK","uk-ew-lad-2021","ew_ltla","uk-ew-lad-2021:W06000024","W06000024","Merthyr Tydfil",2001,51291,"people with a stated current-religion response (all usual residents minus not answered or religion not stated)",39534,77.08,11757,22.92,,,,111.93,,,"nomis-c2001ks007-lad2011-ew|ons-lad-may-2021-uk-bgc|ons-lad11-lad21-ew-lookup",""
"UK","uk-ew-lad-2021","ew_ltla","uk-ew-lad-2021:W06000024","W06000024","Merthyr Tydfil",2011,54674,"people with a stated current-religion response (all usual residents minus not answered or religion not stated)",33626,61.5,21048,38.5,,,,111.93,,,"nomis-c2011ks209ew-lad2011-ew|ons-lad-may-2021-uk-bgc|ons-lad11-lad21-ew-lookup",""
"UK","uk-ew-lad-2021","ew_ltla","uk-ew-lad-2021:W06000024","W06000024","Merthyr Tydfil",2021,55778,"people with a stated current-religion response (all usual residents minus not answered or religion not stated)",24456,43.85,31322,56.15,,,,111.93,,,"nomis-c2021ts030-lad2022-ew|ons-lad-may-2021-uk-bgc|ons-lad11-lad21-ew-lookup",""
