{"type":"FeatureCollection", "features": [
{"type":"Feature","geometry":{"type":"Polygon","coordinates":[[[34.82025,31.78851],[34.82027,31.78809],[34.82072,31.78772],[34.82115,31.78759],[34.82242,31.78678],[34.82302,31.78669],[34.8237,31.78634],[34.82407,31.78591],[34.82472,31.78597],[34.82554,31.78641],[34.82588,31.78614],[34.82596,31.78508],[34.82627,31.78453],[34.82663,31.78428],[34.82801,31.78381],[34.82846,31.78377],[34.83091,31.78443],[34.83146,31.7843],[34.83208,31.78379],[34.83296,31.78362],[34.83377,31.78419],[34.83455,31.78404],[34.83548,31.7835],[34.83637,31.78338],[34.83635,31.78117],[34.83624,31.77705],[34.83427,31.77655],[34.83511,31.77464],[34.83558,31.77381],[34.83588,31.77305],[34.83748,31.77175],[34.83874,31.77043],[34.84026,31.76861],[34.84075,31.76745],[34.8421,31.765],[34.84387,31.7616],[34.84136,31.76031],[34.84054,31.75859],[34.83874,31.75637],[34.83974,31.75615],[34.84236,31.75539],[34.8469,31.75412],[34.85222,31.75258],[34.85484,31.7519],[34.85515,31.75302],[34.85626,31.75308],[34.86289,31.75253],[34.8637,31.75346],[34.86413,31.75273],[34.86689,31.75207],[34.86866,31.75131],[34.86889,31.75097],[34.86955,31.75084],[34.87521,31.74861],[34.87452,31.74767],[34.87402,31.74762],[34.87376,31.74726],[34.87408,31.74678],[34.87382,31.74669],[34.87366,31.745],[34.87353,31.74445],[34.8733,31.74443],[34.87302,31.74386],[34.87334,31.74319],[34.87373,31.74273],[34.87391,31.74188],[34.87422,31.74158],[34.87404,31.74116],[34.87402,31.74062],[34.87452,31.7399],[34.87354,31.73808],[34.87084,31.73837],[34.86882,31.73841],[34.86772,31.73806],[34.86632,31.73777],[34.86531,31.73803],[34.86466,31.7371],[34.86432,31.73645],[34.86334,31.73575],[34.86341,31.73498],[34.86296,31.73478],[34.86234,31.73409],[34.86148,31.73371],[34.86019,31.73293],[34.86004,31.73246],[34.85936,31.73187],[34.85993,31.73113],[34.86188,31.72964],[34.86256,31.72921],[34.86361,31.72833],[34.86356,31.72796],[34.86569,31.72604],[34.86626,31.72431],[34.86667,31.72417],[34.86706,31.72319],[34.86748,31.72252],[34.8681,31.72186],[34.86928,31.72126],[34.86897,31.72025],[34.86847,31.718],[34.86873,31.71717],[34.87165,31.71483],[34.87135,31.7144],[34.87017,31.71228],[34.86948,31.70954],[34.86856,31.7077],[34.86831,31.70667],[34.86735,31.70515],[34.86728,31.70512],[34.86731,31.70509],[34.8661,31.70247],[34.86741,31.70221],[34.86851,31.70117],[34.86917,31.69991],[34.86901,31.69937],[34.86863,31.6991],[34.86707,31.69894],[34.86558,31.69823],[34.86441,31.69672],[34.86428,31.69603],[34.86476,31.69573],[34.86467,31.69506],[34.86378,31.69467],[34.86441,31.69326],[34.86493,31.69314],[34.86547,31.69328],[34.86681,31.69297],[34.8684,31.69275],[34.87006,31.69198],[34.87017,31.69166],[34.87064,31.69119],[34.87097,31.69027],[34.87143,31.69002],[34.87168,31.68881],[34.86982,31.68669],[34.86705,31.68461],[34.86627,31.6833],[34.86611,31.68274],[34.86666,31.68159],[34.86736,31.68092],[34.86749,31.68042],[34.86828,31.67916],[34.86887,31.67775],[34.86906,31.67695],[34.86907,31.67634],[34.86894,31.67579],[34.86861,31.67519],[34.86802,31.67443],[34.86804,31.67409],[34.8688,31.67332],[34.86849,31.67271],[34.86917,31.67186],[34.86919,31.67154],[34.86859,31.66844],[34.86871,31.66755],[34.86934,31.66663],[34.87127,31.66631],[34.87127,31.66529],[34.87117,31.66506],[34.87111,31.66378],[34.87097,31.6631],[34.87113,31.66161],[34.87109,31.66092],[34.87036,31.6606],[34.87038,31.66016],[34.86997,31.65963],[34.86976,31.65909],[34.86991,31.65843],[34.86963,31.65705],[34.86999,31.65655],[34.87164,31.65576],[34.87241,31.65556],[34.87651,31.65437],[34.87812,31.65364],[34.88068,31.65216],[34.88358,31.65057],[34.88828,31.64817],[34.89065,31.64698],[34.8933,31.6454],[34.89369,31.64544],[34.89476,31.64474],[34.89555,31.64439],[34.89655,31.6441],[34.9001,31.64125],[34.90361,31.63835],[34.90653,31.63612],[34.90944,31.63432],[34.91118,31.63284],[34.91441,31.62937],[34.91876,31.6256],[34.91955,31.62471],[34.92145,31.62344],[34.92231,31.62282],[34.9241,31.62167],[34.92626,31.61979],[34.93045,31.61673],[34.93285,31.61559],[34.93634,31.61445],[34.93785,31.61422],[34.93995,31.61412],[34.94165,31.61417],[34.94578,31.61384],[34.94696,31.61394],[34.94883,31.6135],[34.94924,31.61335],[34.95149,31.61199],[34.95204,31.61152],[34.95345,31.6099],[34.95427,31.60903],[34.9552,31.60834],[34.95638,31.60756],[34.95716,31.60696],[34.95799,31.60593],[34.95895,31.60496],[34.96059,31.60265],[34.96204,31.60401],[34.96199,31.60406],[34.97351,31.61511],[34.97666,31.61815],[34.97781,31.61989],[34.97933,31.62254],[34.98095,31.62548],[34.98186,31.62658],[34.98293,31.62798],[34.9842,31.62995],[34.98555,31.63232],[34.9871,31.63404],[34.98743,31.63425],[34.98886,31.63633],[34.98969,31.63729],[34.99035,31.63768],[34.99103,31.63831],[34.99166,31.63943],[34.99266,31.64103],[34.99456,31.64287],[34.99695,31.64539],[34.9993,31.64677],[35.00305,31.65],[35.00383,31.6507],[35.00668,31.65272],[35.01291,31.65476],[35.01457,31.65516],[35.01865,31.65637],[35.01946,31.65665],[35.02164,31.65754],[35.02538,31.65819],[35.0264,31.65824],[35.03056,31.6602],[35.03116,31.66066],[35.03268,31.66212],[35.03538,31.66355],[35.03719,31.66441],[35.04197,31.66765],[35.04328,31.66844],[35.04556,31.66948],[35.04583,31.6697],[35.04872,31.67165],[35.04964,31.67192],[35.0503,31.67221],[35.05252,31.67337],[35.05561,31.67519],[35.06119,31.67841],[35.06257,31.67939],[35.06397,31.68027],[35.06498,31.68116],[35.06698,31.68275],[35.06838,31.68348],[35.07254,31.68546],[35.07528,31.68667],[35.0763,31.68705],[35.07904,31.6882],[35.08055,31.6888],[35.08254,31.68952],[35.08482,31.69041],[35.08533,31.69073],[35.08503,31.69125],[35.08474,31.69203],[35.08546,31.69523],[35.08667,31.69616],[35.08725,31.69672],[35.09161,31.69936],[35.09327,31.70052],[35.0938,31.70111],[35.09402,31.70155],[35.09524,31.703],[35.09781,31.70598],[35.09909,31.70772],[35.09959,31.70829],[35.10262,31.71148],[35.10461,31.71332],[35.1065,31.71492],[35.10727,31.71527],[35.10913,31.71527],[35.11035,31.71464],[35.11152,31.71457],[35.11217,31.71445],[35.11319,31.71402],[35.11647,31.71387],[35.1169,31.71385],[35.11815,31.71383],[35.11925,31.71437],[35.11933,31.71442],[35.1203,31.71519],[35.12064,31.71557],[35.12084,31.71579],[35.12077,31.71606],[35.12077,31.71742],[35.12095,31.72047],[35.12241,31.72325],[35.12314,31.72472],[35.12415,31.72596],[35.12476,31.72701],[35.12557,31.72817],[35.12765,31.7309],[35.12788,31.73107],[35.12991,31.73199],[35.13114,31.73302],[35.13318,31.73379],[35.13468,31.73442],[35.13564,31.73412],[35.13587,31.73383],[35.13599,31.73287],[35.13609,31.73054],[35.13658,31.72958],[35.13704,31.72916],[35.1375,31.72894],[35.13835,31.72873],[35.13969,31.72884],[35.14107,31.72917],[35.14256,31.73012],[35.1432,31.73071],[35.14475,31.73258],[35.14648,31.73425],[35.14841,31.73588],[35.14934,31.73631],[35.15088,31.73666],[35.15407,31.73357],[35.16513,31.73241],[35.17974,31.72054],[35.18908,31.72137],[35.20574,31.72359],[35.21899,31.71555],[35.2246,31.71897],[35.22838,31.71751],[35.22888,31.71696],[35.22937,31.71611],[35.22953,31.71536],[35.22979,31.71469],[35.23023,31.71433],[35.23065,31.71357],[35.23132,31.71289],[35.23921,31.70938],[35.2431,31.71232],[35.24388,31.71984],[35.24978,31.72533],[35.25138,31.73231],[35.25153,31.73312],[35.2517,31.73341],[35.25149,31.73407],[35.25167,31.73559],[35.25218,31.73689],[35.25227,31.73745],[35.25202,31.73787],[35.25201,31.73824],[35.2516,31.73879],[35.25204,31.73909],[35.25293,31.73944],[35.25445,31.74027],[35.2553,31.74068],[35.25614,31.74118],[35.2583,31.74229],[35.26051,31.7467],[35.26158,31.7472],[35.2632,31.74837],[35.26332,31.74888],[35.26295,31.74956],[35.26235,31.75041],[35.26084,31.75172],[35.25944,31.75253],[35.25922,31.75353],[35.25971,31.7553],[35.25948,31.75623],[35.25979,31.75684],[35.25601,31.76021],[35.25326,31.76264],[35.25294,31.76288],[35.25296,31.76317],[35.25238,31.76797],[35.25177,31.76993],[35.25183,31.77043],[35.25239,31.7704],[35.25348,31.77071],[35.25696,31.78046],[35.25749,31.78496],[35.25757,31.7854],[35.25798,31.78569],[35.25852,31.78549],[35.25919,31.78551],[35.26295,31.78998],[35.26214,31.79],[35.2619,31.79012],[35.26135,31.79087],[35.25996,31.79212],[35.25986,31.79233],[35.25942,31.8008],[35.2593,31.80106],[35.25867,31.80114],[35.25784,31.80194],[35.25775,31.80243],[35.25723,31.80282],[35.25644,31.80394],[35.25676,31.81046],[35.2563,31.81142],[35.25569,31.81292],[35.25599,31.81298],[35.25687,31.8139],[35.2571,31.81465],[35.25763,31.81601],[35.25857,31.81751],[35.25964,31.81868],[35.2607,31.81951],[35.26108,31.82045],[35.26146,31.82087],[35.26154,31.82135],[35.26137,31.82165],[35.26127,31.82275],[35.262,31.82377],[35.26302,31.82456],[35.26325,31.82487],[35.26408,31.82552],[35.2647,31.82576],[35.26403,31.82665],[35.2632,31.82716],[35.25924,31.82897],[35.25813,31.82932],[35.25709,31.82939],[35.25605,31.82958],[35.25565,31.82998],[35.25468,31.83003],[35.25316,31.83101],[35.25267,31.83126],[35.25118,31.83065],[35.25206,31.83231],[35.25278,31.83307],[35.25322,31.83467],[35.25575,31.83639],[35.25652,31.83735],[35.25708,31.83842],[35.25696,31.8395],[35.25629,31.83994],[35.25554,31.84066],[35.25463,31.84123],[35.25353,31.84203],[35.25338,31.84232],[35.25269,31.84241],[35.25185,31.84291],[35.25114,31.84381],[35.25037,31.84405],[35.24977,31.84437],[35.24899,31.84493],[35.24866,31.84505],[35.24188,31.84523],[35.23334,31.84195],[35.23238,31.84232],[35.23004,31.84265],[35.22987,31.84345],[35.2289,31.84613],[35.22853,31.84765],[35.22794,31.84859],[35.22524,31.85214],[35.22484,31.85324],[35.22487,31.8544],[35.22551,31.85839],[35.22571,31.85944],[35.22613,31.86027],[35.22733,31.86175],[35.22784,31.86254],[35.22798,31.86316],[35.22771,31.86411],[35.22642,31.86583],[35.22553,31.86742],[35.22472,31.87088],[35.22365,31.87579],[35.22296,31.87874],[35.22075,31.8819],[35.22022,31.88274],[35.21345,31.88235],[35.21275,31.88173],[35.21246,31.88162],[35.21117,31.88219],[35.21,31.8823],[35.20966,31.88148],[35.20796,31.88195],[35.20679,31.88153],[35.20662,31.88112],[35.20693,31.88005],[35.20711,31.87883],[35.20493,31.87426],[35.20445,31.87337],[35.20415,31.87259],[35.20421,31.87154],[35.2041,31.87062],[35.20433,31.87009],[35.20497,31.86953],[35.20531,31.86819],[35.20553,31.86768],[35.20577,31.86674],[35.2062,31.86599],[35.20642,31.86539],[35.21157,31.86305],[35.21181,31.85835],[35.21203,31.85782],[35.21462,31.85088],[35.21453,31.85029],[35.21383,31.84714],[35.21478,31.84383],[35.21622,31.83902],[35.2153,31.82693],[35.21516,31.82608],[35.21522,31.82535],[35.2155,31.82449],[35.21548,31.82344],[35.21524,31.82272],[35.21528,31.82212],[35.21578,31.82144],[35.21595,31.82096],[35.21543,31.82008],[35.21513,31.81903],[35.21431,31.81855],[35.21317,31.81836],[35.21282,31.81802],[35.21233,31.81793],[35.20983,31.81713],[35.20945,31.81802],[35.20992,31.81866],[35.21016,31.81942],[35.20987,31.82021],[35.20959,31.82047],[35.20886,31.82067],[35.20819,31.82029],[35.20763,31.82058],[35.20741,31.82102],[35.20725,31.82194],[35.20764,31.82251],[35.20746,31.82295],[35.20672,31.82337],[35.20519,31.82325],[35.20386,31.82339],[35.20289,31.82359],[35.20201,31.82424],[35.19994,31.82508],[35.19978,31.82532],[35.19474,31.82658],[35.18925,31.82646],[35.18786,31.8264],[35.18711,31.82623],[35.18596,31.82612],[35.18466,31.82589],[35.18415,31.82593],[35.18311,31.82488],[35.18244,31.82407],[35.18245,31.82349],[35.18223,31.82272],[35.18226,31.8215],[35.18181,31.82081],[35.18205,31.82023],[35.1832,31.8192],[35.18387,31.81817],[35.18417,31.81731],[35.18441,31.81635],[35.18468,31.81609],[35.18452,31.81557],[35.18466,31.81526],[35.18436,31.81464],[35.1843,31.81402],[35.18539,31.81358],[35.1865,31.8126],[35.18714,31.81196],[35.18702,31.81097],[35.1876,31.8099],[35.18763,31.80937],[35.18413,31.809],[35.18201,31.80841],[35.17956,31.80802],[35.17808,31.80787],[35.17482,31.80796],[35.17384,31.8081],[35.17224,31.80812],[35.16891,31.80857],[35.16764,31.80861],[35.15642,31.81033],[35.1495,31.81152],[35.14698,31.81256],[35.14562,31.81274],[35.14494,31.81292],[35.14326,31.81309],[35.14003,31.81407],[35.13674,31.8152],[35.13535,31.81587],[35.13457,31.81656],[35.13389,31.81683],[35.13165,31.81807],[35.13001,31.81923],[35.12703,31.82194],[35.12553,31.82304],[35.12437,31.82373],[35.12121,31.825],[35.12052,31.82525],[35.11883,31.8256],[35.11774,31.82559],[35.11535,31.82523],[35.11482,31.82504],[35.11282,31.82405],[35.11216,31.82382],[35.11056,31.82357],[35.1093,31.82351],[35.10791,31.82363],[35.10653,31.82415],[35.10565,31.82475],[35.10485,31.82569],[35.10435,31.82648],[35.10394,31.82755],[35.1036,31.82979],[35.10325,31.83179],[35.10299,31.83295],[35.10231,31.83274],[35.10112,31.83254],[35.10059,31.83256],[35.09966,31.83283],[35.09837,31.83342],[35.09725,31.8341],[35.09651,31.83471],[35.09588,31.83534],[35.09462,31.83695],[35.09299,31.83924],[35.09114,31.84213],[35.08884,31.84685],[35.08847,31.84753],[35.08782,31.8484],[35.08705,31.84926],[35.08579,31.85048],[35.08331,31.85236],[35.08054,31.85351],[35.07792,31.85449],[35.07651,31.85492],[35.07536,31.85534],[35.0728,31.856],[35.06894,31.85654],[35.06383,31.85678],[35.0617,31.85672],[35.0604,31.85657],[35.05853,31.85614],[35.05722,31.85564],[35.05545,31.85479],[35.05419,31.85407],[35.05339,31.85354],[35.04751,31.8505],[35.04694,31.85022],[35.04645,31.84965],[35.04302,31.84597],[35.03985,31.84254],[35.03744,31.84052],[35.03623,31.83954],[35.03488,31.83802],[35.03306,31.83618],[35.03059,31.83387],[35.02875,31.83279],[35.02609,31.83111],[35.02422,31.83041],[35.02221,31.82981],[35.01618,31.82847],[35.01425,31.8286],[35.01002,31.82909],[34.998,31.83012],[34.9967,31.83015],[34.99454,31.83033],[34.99245,31.83042],[34.99013,31.83037],[34.98824,31.83048],[34.98635,31.83064],[34.9837,31.83094],[34.98186,31.83132],[34.97842,31.83219],[34.97797,31.83238],[34.97767,31.83282],[34.97758,31.83349],[34.97764,31.83638],[34.97786,31.83709],[34.97833,31.83757],[34.98175,31.8397],[34.98378,31.84121],[34.9847,31.84184],[34.98732,31.84346],[34.98868,31.84437],[34.99219,31.84679],[34.99292,31.84826],[34.99361,31.84984],[34.99411,31.85121],[34.99459,31.85198],[34.99505,31.85241],[34.99591,31.85272],[34.99665,31.85289],[34.99876,31.85315],[34.99905,31.85336],[34.99994,31.85362],[34.99924,31.85416],[34.99826,31.85445],[34.99702,31.85469],[34.99456,31.85494],[34.99248,31.85498],[34.98718,31.85499],[34.98192,31.855],[34.97245,31.85501],[34.96659,31.85478],[34.96336,31.85457],[34.96159,31.85445],[34.9595,31.85418],[34.95813,31.85387],[34.95687,31.85333],[34.9565,31.85309],[34.95693,31.8518],[34.9547,31.85194],[34.9539,31.85087],[34.951,31.85134],[34.95105,31.85093],[34.95137,31.85029],[34.94728,31.84854],[34.94693,31.84885],[34.94603,31.84927],[34.94575,31.84884],[34.9456,31.84801],[34.94518,31.84814],[34.94415,31.84809],[34.94266,31.84779],[34.94195,31.84749],[34.94173,31.84721],[34.94111,31.84735],[34.94087,31.84758],[34.93945,31.84817],[34.93814,31.84884],[34.93759,31.84721],[34.93722,31.8465],[34.93652,31.8448],[34.93668,31.84414],[34.93522,31.8426],[34.9341,31.84203],[34.93427,31.8415],[34.9338,31.84116],[34.93373,31.84073],[34.93184,31.8406],[34.93116,31.84076],[34.92957,31.8398],[34.92907,31.84023],[34.92763,31.84165],[34.92605,31.84226],[34.92464,31.84271],[34.92352,31.84193],[34.92207,31.84171],[34.9221,31.8412],[34.92192,31.84035],[34.92131,31.83971],[34.92014,31.83947],[34.92006,31.83932],[34.91638,31.83651],[34.91667,31.83608],[34.91638,31.83559],[34.91445,31.83495],[34.91339,31.83392],[34.91294,31.83374],[34.91177,31.83261],[34.91106,31.83219],[34.91009,31.83181],[34.91014,31.83123],[34.91064,31.82841],[34.91151,31.82328],[34.91208,31.82033],[34.91241,31.81886],[34.91278,31.81805],[34.91321,31.81746],[34.91402,31.81671],[34.91496,31.8162],[34.91561,31.81597],[34.91666,31.81573],[34.9169,31.81508],[34.91634,31.81491],[34.91546,31.81449],[34.91404,31.81351],[34.91351,31.8133],[34.91235,31.813],[34.9112,31.8126],[34.90979,31.81233],[34.90779,31.81229],[34.9064,31.81208],[34.90417,31.81166],[34.90269,31.81152],[34.9014,31.81113],[34.90011,31.81066],[34.89758,31.81038],[34.89537,31.81021],[34.89303,31.81044],[34.89001,31.81062],[34.88831,31.81077],[34.8851,31.81049],[34.88004,31.81001],[34.87905,31.80988],[34.87856,31.80954],[34.87795,31.80917],[34.87728,31.80908],[34.8744,31.80904],[34.87273,31.80893],[34.87155,31.8087],[34.87102,31.80868],[34.86896,31.80769],[34.86801,31.80753],[34.86585,31.80746],[34.85626,31.8055],[34.85384,31.80506],[34.84744,31.80396],[34.84275,31.80296],[34.83983,31.80161],[34.83641,31.79923],[34.83388,31.79741],[34.8308,31.79494],[34.83018,31.79451],[34.82937,31.79346],[34.82828,31.79316],[34.82542,31.7916],[34.82429,31.79114],[34.82127,31.78955],[34.82025,31.78851]]]},"properties":{"area_code":"1","area_name":"Jerusalem District","area_unit_id":"il-district-2022-cbs-moin:1","boundary_set_id":"il-district-2022-cbs-moin","boundary_level":"district","land_area_sq_km":653.6862941854955}},
{"type":"Feature","geometry":{"type":"Polygon","coordinates":[[[35.2103,32.54303],[35.21171,32.54382],[35.21249,32.5441],[35.21407,32.54431],[35.21468,32.54457],[35.21599,32.54604],[35.21609,32.54797],[35.21655,32.54802],[35.22188,32.5509],[35.22457,32.55233],[35.22671,32.54959],[35.22802,32.5478],[35.23173,32.54287],[35.23382,32.54004],[35.23535,32.53804],[35.23696,32.53579],[35.24273,32.53112],[35.25226,32.52319],[35.25949,32.52054],[35.269,32.51711],[35.27488,32.51496],[35.28981,32.51049],[35.2912,32.51014],[35.29276,32.50989],[35.29479,32.50963],[35.29532,32.50962],[35.30232,32.5098],[35.30597,32.51002],[35.31121,32.5113],[35.31319,32.51163],[35.31491,32.51172],[35.31777,32.51209],[35.32137,32.51279],[35.32439,32.51345],[35.32809,32.51448],[35.3291,32.5148],[35.3307,32.51546],[35.33142,32.51534],[35.33186,32.51551],[35.33214,32.51528],[35.33276,32.51532],[35.33311,32.51569],[35.33379,32.51591],[35.33404,32.51619],[35.33525,32.51618],[35.33537,32.51642],[35.33798,32.51754],[35.33906,32.51787],[35.34077,32.51855],[35.34117,32.51861],[35.34336,32.51916],[35.34379,32.51918],[35.34565,32.51899],[35.34749,32.51859],[35.34914,32.51817],[35.34974,32.51812],[35.35067,32.51818],[35.35318,32.51889],[35.35735,32.51871],[35.35956,32.51815],[35.36037,32.51782],[35.36155,32.51753],[35.36278,32.51743],[35.3647,32.51704],[35.36705,32.51634],[35.37016,32.51511],[35.3708,32.51493],[35.37239,32.51403],[35.37454,32.51238],[35.37603,32.51174],[35.37907,32.51015],[35.3805,32.50931],[35.38246,32.50785],[35.38289,32.50694],[35.38352,32.50605],[35.38387,32.50541],[35.38442,32.50501],[35.38516,32.50487],[35.38623,32.50488],[35.38764,32.50504],[35.3902,32.50519],[35.39116,32.50485],[35.39305,32.50387],[35.39387,32.50355],[35.39578,32.50266],[35.39664,32.50241],[35.39813,32.50249],[35.39872,32.50203],[35.39999,32.50165],[35.40063,32.50177],[35.40139,32.5014],[35.40245,32.50138],[35.40291,32.50108],[35.40338,32.50025],[35.40382,32.4997],[35.40436,32.49866],[35.40435,32.49819],[35.40411,32.49668],[35.40414,32.49461],[35.40438,32.49442],[35.40423,32.49332],[35.40559,32.49032],[35.40634,32.48668],[35.40714,32.4843],[35.40685,32.48372],[35.40784,32.48139],[35.40825,32.47931],[35.4092,32.47761],[35.40938,32.4774],[35.40993,32.47617],[35.41039,32.4754],[35.41096,32.47528],[35.41153,32.47379],[35.4124,32.47332],[35.41306,32.47263],[35.41463,32.4697],[35.41551,32.46788],[35.41588,32.46664],[35.41622,32.46589],[35.41677,32.4641],[35.41792,32.46334],[35.41932,32.46265],[35.42016,32.45928],[35.42034,32.45903],[35.41898,32.45813],[35.41824,32.45757],[35.41713,32.45689],[35.41628,32.45362],[35.41544,32.45002],[35.41445,32.44637],[35.41346,32.44321],[35.41268,32.44047],[35.41188,32.43749],[35.41185,32.43407],[35.41445,32.42848],[35.41513,32.42734],[35.41589,32.4259],[35.41633,32.42466],[35.41664,32.42418],[35.41732,32.42209],[35.41797,32.41908],[35.41866,32.41753],[35.42007,32.41636],[35.42169,32.41519],[35.42298,32.41442],[35.42458,32.41375],[35.42703,32.412],[35.43045,32.40938],[35.43179,32.40864],[35.43256,32.40836],[35.43375,32.40806],[35.43878,32.40662],[35.44009,32.4062],[35.44108,32.406],[35.44364,32.40679],[35.44461,32.40921],[35.4449,32.40965],[35.44478,32.41036],[35.44678,32.41062],[35.44747,32.41065],[35.44853,32.41024],[35.45263,32.41185],[35.45393,32.41258],[35.45539,32.41245],[35.45727,32.41271],[35.45824,32.41309],[35.4583,32.41296],[35.45953,32.41241],[35.46012,32.41207],[35.46068,32.41161],[35.46127,32.41164],[35.46188,32.41208],[35.4623,32.41179],[35.4632,32.41152],[35.46444,32.41174],[35.46488,32.41172],[35.46529,32.4119],[35.46615,32.41192],[35.46675,32.41223],[35.46711,32.41225],[35.46734,32.41186],[35.46853,32.41174],[35.46893,32.41153],[35.47019,32.41161],[35.47113,32.41159],[35.47465,32.41133],[35.47655,32.41123],[35.4785,32.41088],[35.4797,32.41048],[35.48179,32.40954],[35.4836,32.40842],[35.48425,32.40774],[35.48532,32.40691],[35.48666,32.40602],[35.48787,32.40506],[35.49064,32.40301],[35.49325,32.40175],[35.49723,32.40074],[35.50321,32.39945],[35.5081,32.39835],[35.51049,32.39785],[35.51376,32.397],[35.51474,32.39679],[35.51566,32.39632],[35.51881,32.39529],[35.52217,32.3948],[35.52377,32.39441],[35.53023,32.39272],[35.53194,32.39233],[35.53248,32.39211],[35.53521,32.39079],[35.53563,32.39052],[35.53783,32.38835],[35.53883,32.38791],[35.53996,32.38772],[35.54122,32.38713],[35.54251,32.38709],[35.54508,32.38785],[35.54622,32.38835],[35.54729,32.38844],[35.54837,32.38863],[35.54966,32.38859],[35.55078,32.38868],[35.55165,32.38865],[35.55297,32.38807],[35.5537,32.38833],[35.55407,32.38875],[35.55502,32.38913],[35.55508,32.38989],[35.55487,32.39046],[35.55447,32.39116],[35.55409,32.39156],[35.55311,32.39201],[35.55203,32.39221],[35.55156,32.39258],[35.55017,32.39292],[35.54957,32.39342],[35.54966,32.39389],[35.55,32.39464],[35.5501,32.39534],[35.54998,32.39577],[35.5496,32.39639],[35.54869,32.39748],[35.54891,32.39784],[35.54894,32.39834],[35.54844,32.39909],[35.54734,32.4002],[35.54682,32.40033],[35.54649,32.40069],[35.54694,32.40117],[35.54809,32.4015],[35.54939,32.40211],[35.55004,32.40264],[35.55053,32.40372],[35.55089,32.40404],[35.55198,32.40376],[35.55265,32.40321],[35.55321,32.40298],[35.55396,32.40283],[35.55427,32.40255],[35.55415,32.40178],[35.55343,32.40088],[35.55351,32.40018],[35.55384,32.39991],[35.55489,32.39973],[35.55551,32.39991],[35.55644,32.40052],[35.55685,32.40061],[35.55927,32.40064],[35.55986,32.40069],[35.56043,32.40091],[35.56063,32.40123],[35.5606,32.4017],[35.56033,32.40222],[35.55958,32.40309],[35.55868,32.40433],[35.55771,32.40629],[35.55758,32.40764],[35.55792,32.40799],[35.55856,32.40816],[35.55883,32.40839],[35.5588,32.4088],[35.55845,32.40903],[35.55796,32.41031],[35.5585,32.41069],[35.55903,32.41048],[35.55945,32.40998],[35.55994,32.41015],[35.56031,32.41047],[35.56106,32.41065],[35.5614,32.411],[35.5613,32.41139],[35.56098,32.41173],[35.56036,32.41197],[35.55947,32.4129],[35.55853,32.4133],[35.55759,32.41424],[35.55652,32.41521],[35.55654,32.41537],[35.55725,32.41641],[35.55796,32.41695],[35.55796,32.41751],[35.55815,32.41827],[35.55893,32.41817],[35.55922,32.41835],[35.55891,32.41877],[35.55839,32.41913],[35.55769,32.41942],[35.55686,32.41929],[35.55617,32.41869],[35.55452,32.41874],[35.55367,32.4185],[35.55266,32.41862],[35.55212,32.41941],[35.55161,32.41974],[35.55161,32.42116],[35.55176,32.42131],[35.55175,32.42222],[35.55211,32.42281],[35.55233,32.42346],[35.55259,32.42522],[35.55279,32.42588],[35.55296,32.42597],[35.55458,32.42593],[35.55539,32.42578],[35.55592,32.42541],[35.55687,32.42504],[35.55786,32.4248],[35.55921,32.4241],[35.56062,32.42394],[35.56144,32.42369],[35.56195,32.42371],[35.56246,32.42415],[35.56237,32.42459],[35.56206,32.42502],[35.5622,32.42548],[35.56197,32.42565],[35.56067,32.42606],[35.55956,32.42633],[35.55922,32.42654],[35.55837,32.42681],[35.55761,32.42739],[35.55712,32.42764],[35.55687,32.42813],[35.55686,32.42857],[35.55642,32.42906],[35.55575,32.42949],[35.55548,32.43009],[35.55567,32.43082],[35.55589,32.43099],[35.55633,32.43082],[35.55655,32.43124],[35.55658,32.43211],[35.55712,32.4343],[35.55752,32.43518],[35.55784,32.43552],[35.55808,32.43607],[35.55867,32.43596],[35.55889,32.43546],[35.55923,32.43514],[35.56055,32.43423],[35.56075,32.43382],[35.5626,32.43369],[35.56379,32.43406],[35.56492,32.43481],[35.56606,32.43596],[35.56613,32.43636],[35.56597,32.43698],[35.5661,32.43745],[35.5668,32.43803],[35.56738,32.43898],[35.56767,32.43925],[35.5681,32.4401],[35.56835,32.44112],[35.56804,32.44182],[35.56737,32.44227],[35.56693,32.44224],[35.5659,32.44133],[35.56509,32.44128],[35.56484,32.44176],[35.56503,32.44221],[35.56549,32.44214],[35.56581,32.44247],[35.56607,32.44305],[35.56683,32.44427],[35.56727,32.44535],[35.56716,32.44629],[35.56701,32.44658],[35.56662,32.44666],[35.56641,32.44695],[35.56631,32.44781],[35.56635,32.44833],[35.56663,32.44895],[35.56681,32.45012],[35.56667,32.45183],[35.56647,32.45291],[35.56706,32.45316],[35.56878,32.45336],[35.56987,32.45308],[35.57044,32.45306],[35.57076,32.45336],[35.5708,32.45387],[35.57105,32.45439],[35.5711,32.45542],[35.57137,32.45596],[35.57227,32.45694],[35.57244,32.45727],[35.57308,32.45747],[35.57361,32.45841],[35.57395,32.45864],[35.57366,32.45919],[35.57246,32.45942],[35.57156,32.45997],[35.57101,32.46057],[35.5715,32.46117],[35.57065,32.46177],[35.57028,32.46178],[35.57008,32.46119],[35.56961,32.46115],[35.56903,32.46173],[35.56844,32.462],[35.56767,32.46194],[35.56748,32.46104],[35.56706,32.46087],[35.56671,32.46094],[35.56638,32.46126],[35.56636,32.46159],[35.56604,32.46181],[35.56524,32.46163],[35.56467,32.46161],[35.56417,32.46182],[35.56333,32.46246],[35.56232,32.46354],[35.56223,32.46425],[35.56198,32.46469],[35.56212,32.46512],[35.56326,32.46512],[35.56378,32.46537],[35.56362,32.46611],[35.56328,32.46646],[35.56282,32.4664],[35.56256,32.46664],[35.56309,32.46812],[35.56297,32.4685],[35.56355,32.46885],[35.56381,32.46873],[35.56409,32.46813],[35.56474,32.46758],[35.56547,32.46743],[35.56606,32.46769],[35.56698,32.4691],[35.5674,32.46942],[35.56749,32.46987],[35.56735,32.47039],[35.56757,32.47112],[35.56704,32.47158],[35.56605,32.47119],[35.56483,32.47112],[35.56447,32.47153],[35.56457,32.47209],[35.56452,32.47368],[35.56468,32.47437],[35.56499,32.47469],[35.56555,32.47494],[35.56712,32.47527],[35.56754,32.47528],[35.56867,32.47556],[35.56906,32.47617],[35.56983,32.47682],[35.57001,32.4773],[35.5697,32.47827],[35.56923,32.47881],[35.56913,32.47912],[35.56854,32.47943],[35.56784,32.47964],[35.5671,32.47966],[35.56669,32.47991],[35.56628,32.48044],[35.56552,32.48082],[35.56558,32.48126],[35.56602,32.48155],[35.56725,32.48169],[35.56783,32.48186],[35.56941,32.48267],[35.56983,32.48307],[35.57063,32.4833],[35.57109,32.4833],[35.57166,32.48311],[35.57238,32.4833],[35.57365,32.4838],[35.57564,32.48449],[35.57595,32.48478],[35.57569,32.48522],[35.57729,32.48625],[35.57734,32.487],[35.57764,32.48734],[35.5786,32.48748],[35.5797,32.48708],[35.58019,32.48726],[35.58024,32.4881],[35.57985,32.489],[35.579,32.49018],[35.57825,32.49178],[35.57765,32.49412],[35.57693,32.49553],[35.57621,32.49656],[35.57561,32.49693],[35.57494,32.49717],[35.57446,32.49754],[35.57341,32.49799],[35.57201,32.49836],[35.57124,32.49894],[35.57065,32.49956],[35.57031,32.49976],[35.5697,32.4997],[35.56882,32.49913],[35.56786,32.49803],[35.56768,32.49792],[35.56664,32.49815],[35.56619,32.49838],[35.56579,32.49955],[35.56525,32.50063],[35.56493,32.50109],[35.56423,32.50168],[35.56298,32.50208],[35.56144,32.50213],[35.56062,32.50207],[35.55925,32.50177],[35.55852,32.50206],[35.55808,32.50258],[35.55785,32.50317],[35.55798,32.5038],[35.55946,32.50426],[35.56093,32.50418],[35.56157,32.50437],[35.56281,32.50547],[35.56305,32.50616],[35.56392,32.50651],[35.56426,32.50675],[35.5645,32.50728],[35.56451,32.50789],[35.56387,32.50901],[35.56312,32.51048],[35.56297,32.51193],[35.56287,32.51407],[35.56224,32.5147],[35.56141,32.51401],[35.56129,32.51346],[35.56149,32.5125],[35.56115,32.51141],[35.56113,32.51032],[35.56151,32.50952],[35.56164,32.50839],[35.56045,32.50742],[35.56001,32.50738],[35.55963,32.50761],[35.55943,32.50815],[35.55971,32.50851],[35.56014,32.50872],[35.56044,32.50911],[35.56029,32.50957],[35.55938,32.51028],[35.55857,32.51041],[35.55812,32.5106],[35.55802,32.51112],[35.55775,32.51138],[35.55775,32.51179],[35.55741,32.51199],[35.55637,32.5122],[35.55455,32.51344],[35.55401,32.51337],[35.55337,32.51376],[35.55324,32.51409],[35.55265,32.51473],[35.55313,32.51529],[35.55454,32.51613],[35.55549,32.51688],[35.55579,32.51734],[35.55579,32.51824],[35.55554,32.51925],[35.55457,32.51989],[35.55468,32.52039],[35.55504,32.52089],[35.55556,32.52137],[35.55655,32.52122],[35.55813,32.52141],[35.55871,32.52137],[35.55942,32.52107],[35.56008,32.52113],[35.56079,32.521],[35.5614,32.52072],[35.56281,32.52079],[35.56369,32.52109],[35.5646,32.52123],[35.56538,32.52201],[35.5664,32.52392],[35.56712,32.52479],[35.56703,32.52577],[35.56752,32.52669],[35.56747,32.52735],[35.5671,32.52746],[35.56665,32.5273],[35.56688,32.52684],[35.56678,32.52658],[35.56618,32.52642],[35.56524,32.52654],[35.5646,32.52617],[35.56392,32.5262],[35.5637,32.52637],[35.56393,32.5272],[35.56424,32.52785],[35.56397,32.52901],[35.56362,32.52933],[35.56323,32.53044],[35.5628,32.53091],[35.56214,32.531],[35.56054,32.53072],[35.55931,32.53178],[35.5596,32.53206],[35.56016,32.53317],[35.55987,32.53398],[35.56029,32.53475],[35.56025,32.5353],[35.56,32.53595],[35.56001,32.53687],[35.56052,32.53837],[35.56107,32.53885],[35.56198,32.53868],[35.56276,32.53883],[35.56312,32.53934],[35.56329,32.54052],[35.56304,32.54133],[35.56241,32.54229],[35.56208,32.54251],[35.56128,32.54332],[35.56102,32.54428],[35.56114,32.54498],[35.56134,32.54517],[35.56347,32.54539],[35.56397,32.54528],[35.56466,32.54462],[35.56491,32.54402],[35.56515,32.54305],[35.56506,32.54208],[35.56511,32.54083],[35.56577,32.53954],[35.56629,32.53916],[35.56713,32.53896],[35.56761,32.53895],[35.56854,32.53928],[35.5695,32.54003],[35.56988,32.5402],[35.57094,32.54017],[35.57177,32.54041],[35.57175,32.54075],[35.57079,32.54142],[35.57053,32.54251],[35.57005,32.54333],[35.56968,32.54357],[35.56952,32.544],[35.57004,32.54471],[35.57052,32.54503],[35.57125,32.54508],[35.5716,32.54548],[35.5718,32.5463],[35.57144,32.54761],[35.57088,32.54854],[35.56989,32.54914],[35.56882,32.54893],[35.56834,32.54905],[35.56841,32.55071],[35.56858,32.5512],[35.56929,32.5521],[35.56966,32.55221],[35.57124,32.5523],[35.57159,32.55194],[35.57098,32.55138],[35.57103,32.55086],[35.57171,32.54956],[35.57225,32.54917],[35.57288,32.54916],[35.57362,32.54969],[35.57425,32.55056],[35.57479,32.55091],[35.57578,32.55121],[35.57684,32.55179],[35.57725,32.55214],[35.57725,32.55272],[35.57701,32.55307],[35.57623,32.55359],[35.5759,32.55403],[35.57581,32.55475],[35.57617,32.55542],[35.57698,32.5564],[35.57725,32.55693],[35.57714,32.55727],[35.57614,32.55796],[35.57537,32.55923],[35.57486,32.55981],[35.57364,32.56059],[35.57292,32.56138],[35.57215,32.56245],[35.57079,32.56399],[35.57033,32.56464],[35.57027,32.56538],[35.57049,32.56634],[35.5709,32.56676],[35.57157,32.56693],[35.57297,32.56648],[35.57413,32.56573],[35.5749,32.56579],[35.5754,32.56604],[35.57627,32.56714],[35.57658,32.56789],[35.57673,32.56961],[35.57657,32.57104],[35.5766,32.57173],[35.57697,32.57345],[35.5768,32.57444],[35.5768,32.5763],[35.57686,32.57736],[35.57726,32.57895],[35.57749,32.57942],[35.57783,32.57965],[35.57792,32.58004],[35.57791,32.58098],[35.57762,32.5817],[35.57759,32.58207],[35.57701,32.58279],[35.57662,32.58343],[35.57643,32.58416],[35.57604,32.58512],[35.57589,32.58609],[35.57592,32.587],[35.57616,32.58834],[35.57649,32.58912],[35.57667,32.58997],[35.57657,32.59052],[35.57673,32.59161],[35.57726,32.59273],[35.57746,32.59382],[35.57746,32.59445],[35.57765,32.59542],[35.57815,32.59611],[35.57825,32.59652],[35.57803,32.59723],[35.57727,32.59777],[35.57647,32.59804],[35.57473,32.59812],[35.57336,32.59795],[35.5725,32.59799],[35.572,32.59815],[35.57119,32.59795],[35.57064,32.59762],[35.56991,32.59703],[35.56954,32.59642],[35.56917,32.5961],[35.56756,32.5963],[35.56702,32.59675],[35.5673,32.59749],[35.56727,32.59795],[35.567,32.59849],[35.56664,32.59882],[35.56657,32.59943],[35.56662,32.60017],[35.56629,32.60064],[35.56648,32.60113],[35.56644,32.60325],[35.5667,32.60394],[35.56695,32.60416],[35.56823,32.60435],[35.57063,32.60509],[35.57197,32.60537],[35.57252,32.60602],[35.57261,32.60675],[35.57254,32.60728],[35.5728,32.60792],[35.57238,32.60892],[35.57244,32.60939],[35.57289,32.60992],[35.57295,32.61031],[35.57267,32.61072],[35.57255,32.61132],[35.57245,32.61277],[35.57244,32.61385],[35.57204,32.61459],[35.57146,32.61538],[35.5708,32.61535],[35.57045,32.61604],[35.5706,32.61657],[35.57036,32.61703],[35.57002,32.61717],[35.56962,32.6176],[35.56868,32.61898],[35.56846,32.61993],[35.56792,32.62147],[35.56741,32.62222],[35.56713,32.62245],[35.56618,32.62284],[35.56537,32.62352],[35.56526,32.62397],[35.56448,32.62467],[35.56376,32.62485],[35.56217,32.62449],[35.56156,32.6248],[35.56151,32.62547],[35.56185,32.62623],[35.56237,32.62674],[35.56268,32.62721],[35.56272,32.62811],[35.56341,32.629],[35.56397,32.62933],[35.56446,32.62941],[35.56483,32.62912],[35.56551,32.62917],[35.56623,32.62958],[35.56674,32.63017],[35.56682,32.63064],[35.56713,32.63113],[35.5673,32.63174],[35.5679,32.63266],[35.56796,32.63317],[35.56779,32.63397],[35.56742,32.63443],[35.56687,32.63473],[35.5655,32.63508],[35.56479,32.63539],[35.56386,32.63612],[35.56307,32.63649],[35.56171,32.63631],[35.56076,32.63689],[35.56063,32.63723],[35.56103,32.63805],[35.56209,32.63863],[35.56268,32.63879],[35.56482,32.63881],[35.56645,32.63925],[35.56678,32.63965],[35.56746,32.64016],[35.56782,32.64076],[35.56796,32.64143],[35.56794,32.64211],[35.56747,32.64399],[35.5673,32.64411],[35.56603,32.64424],[35.56504,32.64417],[35.56384,32.64443],[35.56353,32.6444],[35.56243,32.64456],[35.56157,32.64497],[35.5612,32.6455],[35.56133,32.64611],[35.56215,32.64683],[35.56339,32.64751],[35.56418,32.64771],[35.56515,32.6477],[35.5658,32.64756],[35.5667,32.64707],[35.56779,32.64666],[35.56905,32.64644],[35.57118,32.64625],[35.57239,32.64538],[35.57279,32.64479],[35.57255,32.64343],[35.57249,32.64201],[35.57272,32.64126],[35.57362,32.64071],[35.57478,32.64057],[35.57564,32.64065],[35.57697,32.64102],[35.57789,32.64155],[35.57834,32.64196],[35.57861,32.64271],[35.57826,32.64379],[35.57832,32.64411],[35.57886,32.64448],[35.57959,32.64466],[35.58041,32.64474],[35.58132,32.64465],[35.58369,32.64409],[35.58439,32.64382],[35.58489,32.64336],[35.58551,32.6422],[35.58569,32.64169],[35.58647,32.6416],[35.58711,32.64256],[35.5877,32.64372],[35.5886,32.64435],[35.59118,32.64523],[35.59167,32.64625],[35.59172,32.64739],[35.59145,32.64809],[35.59044,32.64869],[35.58994,32.64928],[35.58933,32.64979],[35.58933,32.65004],[35.59003,32.65074],[35.59194,32.65167],[35.59225,32.65216],[35.5935,32.653],[35.59402,32.65309],[35.59536,32.65299],[35.59582,32.65267],[35.59596,32.65224],[35.59665,32.65123],[35.59762,32.65097],[35.59858,32.65101],[35.59943,32.65152],[35.60023,32.65157],[35.60165,32.65116],[35.60252,32.65117],[35.60486,32.65148],[35.60543,32.65126],[35.60605,32.65166],[35.60657,32.65284],[35.60688,32.65416],[35.60706,32.65551],[35.60702,32.6566],[35.60703,32.65865],[35.60686,32.65955],[35.60658,32.66027],[35.60553,32.66146],[35.6041,32.66279],[35.60361,32.66334],[35.6027,32.66395],[35.60181,32.66417],[35.60047,32.66473],[35.59997,32.6651],[35.59955,32.66578],[35.59888,32.6663],[35.59869,32.66697],[35.59832,32.66721],[35.5982,32.66773],[35.59918,32.66894],[35.60032,32.66952],[35.60124,32.66983],[35.60321,32.66958],[35.60374,32.66966],[35.6047,32.67004],[35.60557,32.67064],[35.60634,32.67273],[35.60682,32.67361],[35.60724,32.67519],[35.60759,32.67566],[35.60837,32.67627],[35.60923,32.6768],[35.61015,32.67726],[35.61238,32.67848],[35.61494,32.67911],[35.61585,32.67956],[35.61669,32.68012],[35.6174,32.6804],[35.61786,32.68036],[35.61836,32.68008],[35.61923,32.67921],[35.61992,32.67819],[35.62106,32.67773],[35.62184,32.67764],[35.62245,32.67746],[35.62437,32.67776],[35.62512,32.67813],[35.62695,32.67868],[35.62774,32.67929],[35.62878,32.68051],[35.6296,32.68118],[35.62978,32.68168],[35.63081,32.68308],[35.63324,32.68566],[35.63383,32.68603],[35.63456,32.68634],[35.63492,32.6863],[35.63531,32.68597],[35.63734,32.6839],[35.63778,32.68364],[35.63922,32.68305],[35.64024,32.68241],[35.64145,32.68183],[35.64239,32.68118],[35.64298,32.68007],[35.6431,32.67937],[35.64294,32.67878],[35.64315,32.67836],[35.64366,32.67788],[35.64429,32.67768],[35.64534,32.67759],[35.64626,32.67784],[35.64692,32.67819],[35.64857,32.67932],[35.64976,32.68023],[35.6505,32.68089],[35.65149,32.68205],[35.65209,32.68251],[35.65276,32.68318],[35.65312,32.68378],[35.65388,32.68421],[35.65421,32.68455],[35.65561,32.68521],[35.65613,32.68532],[35.65718,32.68524],[35.65874,32.68496],[35.65893,32.68478],[35.65929,32.68395],[35.66013,32.68338],[35.66142,32.68227],[35.66225,32.68132],[35.66233,32.68081],[35.66257,32.68046],[35.66296,32.68026],[35.66395,32.68023],[35.66458,32.68034],[35.66586,32.68098],[35.66794,32.68279],[35.6683,32.6834],[35.66937,32.68415],[35.67089,32.68479],[35.67154,32.68477],[35.67308,32.68451],[35.67363,32.68454],[35.67431,32.68482],[35.67466,32.68516],[35.67477,32.68581],[35.67496,32.68616],[35.67487,32.68663],[35.67392,32.68829],[35.67329,32.68899],[35.67188,32.69128],[35.67152,32.69333],[35.67158,32.69397],[35.67188,32.69455],[35.67325,32.69545],[35.67452,32.69655],[35.67553,32.69794],[35.67595,32.69942],[35.67682,32.70173],[35.67696,32.7026],[35.67667,32.70349],[35.67549,32.7049],[35.67555,32.70554],[35.67583,32.70588],[35.67646,32.70614],[35.67764,32.70604],[35.68026,32.70618],[35.68081,32.70663],[35.68207,32.70728],[35.68384,32.70765],[35.68596,32.70873],[35.68702,32.70904],[35.68834,32.7086],[35.68962,32.7085],[35.69101,32.70865],[35.69277,32.70977],[35.69765,32.71183],[35.69878,32.71282],[35.69932,32.71252],[35.70031,32.71271],[35.70075,32.7131],[35.70173,32.71508],[35.70254,32.71595],[35.70305,32.71613],[35.70385,32.71587],[35.7044,32.71545],[35.70593,32.7145],[35.70627,32.7145],[35.70726,32.71485],[35.7084,32.71576],[35.71034,32.71834],[35.71116,32.71866],[35.71259,32.71858],[35.71401,32.71706],[35.71461,32.71631],[35.71521,32.71598],[35.71661,32.71614],[35.71709,32.71645],[35.71819,32.71767],[35.7185,32.71949],[35.71795,32.72221],[35.71798,32.72291],[35.71817,32.72365],[35.71896,32.72405],[35.71993,32.72365],[35.72129,32.72236],[35.72241,32.72189],[35.72286,32.7218],[35.72344,32.7219],[35.72378,32.72257],[35.72414,32.72437],[35.72486,32.72614],[35.72578,32.72709],[35.72699,32.72739],[35.72844,32.7269],[35.72888,32.72616],[35.72891,32.72552],[35.72884,32.72423],[35.72913,32.72367],[35.73053,32.72308],[35.73234,32.72358],[35.73289,32.72408],[35.7335,32.72559],[35.73395,32.72732],[35.73449,32.72825],[35.73639,32.72962],[35.73676,32.73039],[35.73659,32.73309],[35.73809,32.73338],[35.73941,32.7319],[35.74128,32.73056],[35.74342,32.73072],[35.74511,32.73125],[35.74715,32.73229],[35.7485,32.73364],[35.74952,32.73575],[35.75104,32.73815],[35.75281,32.7395],[35.75323,32.74079],[35.7533,32.74176],[35.75375,32.74286],[35.75468,32.74395],[35.75563,32.74494],[35.75662,32.74536],[35.75981,32.74597],[35.76525,32.75216],[35.782,32.77017],[35.79263,32.78144],[35.8126,32.80279],[35.81517,32.80558],[35.81638,32.80694],[35.82054,32.81132],[35.82713,32.81848],[35.83567,32.82805],[35.83969,32.83915],[35.84415,32.85148],[35.84553,32.8555],[35.84539,32.85729],[35.84485,32.86024],[35.8447,32.86134],[35.84341,32.86987],[35.8477,32.88199],[35.84953,32.88674],[35.85057,32.88933],[35.85313,32.89349],[35.85401,32.89517],[35.87302,32.92298],[35.8773,32.92508],[35.88377,32.93223],[35.89071,32.93992],[35.89538,32.94513],[35.89248,32.9493],[35.88896,32.95417],[35.88352,32.96162],[35.88005,32.96617],[35.87947,32.96728],[35.87605,32.97277],[35.87161,32.98221],[35.87117,32.98344],[35.86901,32.99591],[35.86644,33.01038],[35.86337,33.02743],[35.86195,33.03526],[35.86158,33.0374],[35.86037,33.04331],[35.85996,33.04649],[35.85966,33.04769],[35.85838,33.05412],[35.84942,33.10123],[35.84892,33.10152],[35.84276,33.1039],[35.83582,33.10677],[35.81728,33.11401],[35.81719,33.11502],[35.81756,33.12786],[35.81794,33.12877],[35.82224,33.1352],[35.82401,33.13776],[35.83217,33.15043],[35.83824,33.15965],[35.8414,33.1646],[35.84175,33.1652],[35.84169,33.16666],[35.8401,33.17557],[35.83688,33.19355],[35.83458,33.19478],[35.81533,33.20395],[35.81522,33.2121],[35.81484,33.23833],[35.8147,33.2481],[35.80042,33.25813],[35.78623,33.26566],[35.77691,33.27715],[35.78419,33.28521],[35.79555,33.29876],[35.79864,33.30205],[35.81334,33.31764],[35.80503,33.32123],[35.78646,33.32913],[35.77245,33.33515],[35.77175,33.335],[35.76749,33.33426],[35.76647,33.33388],[35.76341,33.3326],[35.76029,33.33138],[35.7566,33.33005],[35.75497,33.32928],[35.75037,33.3275],[35.7477,33.32639],[35.74518,33.3252],[35.74249,33.32486],[35.74048,33.32526],[35.73814,33.32612],[35.73579,33.32729],[35.73235,33.32886],[35.73032,33.32941],[35.72811,33.32977],[35.72503,33.32978],[35.72317,33.3294],[35.72122,33.32884],[35.71946,33.32824],[35.71782,33.32754],[35.71644,33.32654],[35.71529,33.32559],[35.71392,33.32397],[35.71303,33.32253],[35.71187,33.32036],[35.71092,33.31813],[35.71047,33.31591],[35.71046,33.31364],[35.70985,33.31076],[35.70799,33.30698],[35.707,33.30529],[35.70487,33.30401],[35.70271,33.30245],[35.70074,33.30046],[35.69816,33.29927],[35.6965,33.29847],[35.69279,33.29675],[35.68831,33.2951],[35.68519,33.29382],[35.68365,33.29294],[35.6819,33.29104],[35.67942,33.2893],[35.67814,33.28806],[35.67678,33.2872],[35.67439,33.28606],[35.6719,33.28425],[35.66874,33.28212],[35.66371,33.27946],[35.66223,33.27836],[35.6609,33.27573],[35.65999,33.27473],[35.65873,33.27401],[35.65822,33.2745],[35.65039,33.27749],[35.64814,33.27831],[35.64472,33.27965],[35.64297,33.28044],[35.62178,33.27245],[35.62157,33.27179],[35.62078,33.27136],[35.62003,33.2704],[35.62045,33.26898],[35.62257,33.26438],[35.62222,33.26325],[35.62141,33.26213],[35.62299,33.2606],[35.62298,33.26],[35.62116,33.25943],[35.62101,33.25848],[35.62138,33.2573],[35.62177,33.25664],[35.62133,33.25582],[35.62095,33.25595],[35.61935,33.25585],[35.61914,33.25526],[35.62012,33.25318],[35.62089,33.25301],[35.62211,33.25319],[35.62287,33.2531],[35.62356,33.25244],[35.62352,33.25146],[35.62322,33.25113],[35.6231,33.24999],[35.62313,33.24946],[35.62354,33.24916],[35.62514,33.2466],[35.62537,33.24559],[35.62441,33.24493],[35.62346,33.24468],[35.62313,33.24434],[35.62345,33.2432],[35.62444,33.24235],[35.62289,33.24317],[35.62124,33.24354],[35.61806,33.24489],[35.61592,33.24664],[35.61488,33.24721],[35.61352,33.2478],[35.61133,33.24906],[35.61035,33.24942],[35.60872,33.25018],[35.60767,33.25045],[35.60318,33.25218],[35.60088,33.25296],[35.59942,33.25367],[35.5984,33.25435],[35.59769,33.25537],[35.59725,33.25619],[35.59671,33.25694],[35.59625,33.25799],[35.59585,33.25863],[35.59487,33.25982],[35.59386,33.26074],[35.59225,33.2618],[35.59024,33.26282],[35.58913,33.26373],[35.58742,33.26471],[35.58516,33.26585],[35.58437,33.26723],[35.58412,33.26788],[35.58449,33.26878],[35.58562,33.2702],[35.58571,33.27133],[35.58599,33.27256],[35.58581,33.27316],[35.58577,33.27443],[35.58557,33.27498],[35.58512,33.27568],[35.58487,33.27697],[35.58508,33.27841],[35.58488,33.27952],[35.58497,33.28041],[35.58493,33.28105],[35.58462,33.28195],[35.58404,33.28218],[35.5824,33.28325],[35.5816,33.28311],[35.58028,33.2847],[35.57947,33.28524],[35.57713,33.28643],[35.57595,33.28686],[35.57552,33.28685],[35.57508,33.28706],[35.57395,33.28715],[35.57223,33.28746],[35.57149,33.28776],[35.57052,33.28846],[35.56984,33.28949],[35.5684,33.29074],[35.567,33.29007],[35.56615,33.28921],[35.56586,33.28876],[35.56516,33.28838],[35.56457,33.28828],[35.56437,33.28677],[35.56378,33.28562],[35.5634,33.28463],[35.56307,33.28314],[35.5637,33.2803],[35.56488,33.27515],[35.56483,33.27479],[35.56417,33.27318],[35.56281,33.27126],[35.56133,33.27001],[35.56082,33.26977],[35.56007,33.26892],[35.55969,33.26822],[35.55939,33.26732],[35.55942,33.26697],[35.55974,33.26631],[35.55877,33.26581],[35.5579,33.265],[35.55718,33.26459],[35.55673,33.26362],[35.55636,33.26102],[35.5558,33.25883],[35.55581,33.2582],[35.55294,33.25684],[35.5523,33.25601],[35.55125,33.25538],[35.55085,33.25531],[35.54917,33.25537],[35.5485,33.2551],[35.54683,33.25456],[35.54638,33.25453],[35.54668,33.25191],[35.54615,33.25159],[35.54628,33.24672],[35.547,33.24525],[35.54747,33.24483],[35.54773,33.24252],[35.54685,33.23793],[35.53967,33.23384],[35.53744,33.23255],[35.53728,33.22529],[35.53693,33.20881],[35.53921,33.20455],[35.54239,33.19848],[35.54139,33.19442],[35.53948,33.18679],[35.53696,33.17652],[35.53636,33.17416],[35.53516,33.16926],[35.53394,33.16559],[35.53023,33.15473],[35.52737,33.14264],[35.52648,33.13897],[35.5272,33.13773],[35.52784,33.13701],[35.5281,33.13687],[35.52921,33.13573],[35.52994,33.13522],[35.53105,33.13465],[35.53134,33.13462],[35.53188,33.13424],[35.53211,33.13366],[35.52602,33.12496],[35.52546,33.12419],[35.5225,33.11993],[35.51985,33.11617],[35.51492,33.1161],[35.50861,33.11598],[35.50549,33.11586],[35.50491,33.11572],[35.5043,33.11541],[35.50355,33.11482],[35.50308,33.11475],[35.50264,33.11446],[35.50243,33.1129],[35.50263,33.11244],[35.50275,33.11114],[35.50313,33.11044],[35.50321,33.10722],[35.50334,33.10034],[35.50345,33.09684],[35.50361,33.08949],[35.50042,33.09032],[35.49835,33.09079],[35.48978,33.09246],[35.48147,33.09259],[35.47247,33.09281],[35.46717,33.09296],[35.4632,33.09304],[35.46278,33.09301],[35.45787,33.09233],[35.45558,33.09241],[35.45356,33.09173],[35.44581,33.09066],[35.44491,33.08915],[35.4431,33.08602],[35.44025,33.08117],[35.43812,33.0776],[35.43645,33.07486],[35.43102,33.06585],[35.42757,33.06541],[35.42707,33.06539],[35.4258,33.06517],[35.41871,33.06422],[35.41293,33.06348],[35.40813,33.06285],[35.40333,33.06224],[35.3957,33.06086],[35.39249,33.06097],[35.38379,33.06133],[35.38231,33.06138],[35.3799,33.05761],[35.37813,33.05502],[35.36826,33.0559],[35.36418,33.05628],[35.35937,33.0567],[35.3577,33.05762],[35.35623,33.05788],[35.35392,33.05746],[35.35308,33.05773],[35.35165,33.05835],[35.3511,33.05865],[35.34866,33.05937],[35.34803,33.05975],[35.34737,33.06064],[35.34604,33.06165],[35.34538,33.06279],[35.34529,33.06319],[35.34464,33.06392],[35.34381,33.06538],[35.34284,33.06578],[35.34048,33.06708],[35.3395,33.06745],[35.33874,33.068],[35.33814,33.06881],[35.33723,33.06976],[35.33707,33.07012],[35.33702,33.07075],[35.3374,33.07119],[35.33688,33.07151],[35.33604,33.07184],[35.33599,33.07204],[35.33528,33.07289],[35.33517,33.07361],[35.33464,33.07473],[35.33439,33.07565],[35.33402,33.07635],[35.32518,33.08187],[35.32076,33.08778],[35.32462,33.09573],[35.32005,33.10138],[35.31714,33.105],[35.30934,33.10076],[35.30094,33.10048],[35.30073,33.10266],[35.29949,33.10452],[35.29946,33.105],[35.29464,33.10803],[35.29349,33.10791],[35.29245,33.10773],[35.29129,33.10733],[35.29047,33.10684],[35.29013,33.10676],[35.28877,33.10605],[35.2878,33.10567],[35.28749,33.10536],[35.28697,33.10515],[35.2857,33.10389],[35.28494,33.10354],[35.28464,33.1032],[35.28391,33.10276],[35.28292,33.10236],[35.28215,33.10193],[35.28213,33.10178],[35.28143,33.10118],[35.27982,33.10072],[35.27912,33.10064],[35.27826,33.10069],[35.2777,33.10061],[35.27618,33.1006],[35.27579,33.10049],[35.27393,33.10059],[35.27228,33.10048],[35.27141,33.10032],[35.26849,33.09953],[35.26852,33.09946],[35.26578,33.09876],[35.26505,33.09836],[35.26344,33.09845],[35.26224,33.09788],[35.26164,33.09715],[35.26065,33.09683],[35.25881,33.09649],[35.25677,33.0958],[35.25581,33.09557],[35.25473,33.09541],[35.25178,33.09579],[35.24856,33.09523],[35.24726,33.09487],[35.24572,33.09462],[35.24492,33.09436],[35.24314,33.09338],[35.24072,33.09274],[35.23932,33.09225],[35.23843,33.09211],[35.23705,33.09222],[35.23588,33.09244],[35.23412,33.09311],[35.23276,33.09332],[35.23173,33.09388],[35.23007,33.09453],[35.22937,33.09501],[35.2287,33.09563],[35.22799,33.09661],[35.22786,33.09714],[35.22701,33.09831],[35.22633,33.09863],[35.22537,33.09867],[35.22441,33.09885],[35.22385,33.09904],[35.22295,33.09901],[35.22221,33.09927],[35.22089,33.09928],[35.21979,33.09944],[35.21907,33.09912],[35.21857,33.09906],[35.21666,33.09985],[35.21587,33.09995],[35.21527,33.09981],[35.21346,33.0998],[35.2117,33.0999],[35.20993,33.0984],[35.2096,33.09817],[35.20888,33.09717],[35.2085,33.09617],[35.20823,33.09585],[35.20752,33.09545],[35.20686,33.09487],[35.20664,33.09399],[35.20694,33.09324],[35.20748,33.09262],[35.20817,33.09207],[35.20851,33.09116],[35.20848,33.09092],[35.20787,33.08979],[35.2076,33.08951],[35.2069,33.08839],[35.20583,33.08807],[35.20542,33.08815],[35.20452,33.08855],[35.20289,33.08829],[35.20266,33.08806],[35.20181,33.0878],[35.20132,33.08755],[35.20064,33.08778],[35.20003,33.08767],[35.19954,33.08735],[35.19833,33.08706],[35.19758,33.08658],[35.19711,33.08653],[35.19677,33.08601],[35.19633,33.08594],[35.19589,33.08619],[35.19519,33.08625],[35.19464,33.08582],[35.19409,33.08586],[35.19364,33.08528],[35.1933,33.08513],[35.1921,33.08661],[35.19011,33.08931],[35.18648,33.08951],[35.18572,33.08952],[35.18157,33.09222],[35.18014,33.09325],[35.17938,33.09366],[35.17888,33.09361],[35.17807,33.09417],[35.17736,33.09395],[35.17628,33.09387],[35.17601,33.09401],[35.17465,33.09395],[35.17421,33.09373],[35.17355,33.09385],[35.17326,33.09365],[35.17256,33.09382],[35.1723,33.09334],[35.17166,33.09323],[35.17144,33.09249],[35.17107,33.09194],[35.17074,33.09195],[35.17032,33.09159],[35.16924,33.09096],[35.16888,33.09111],[35.16828,33.09092],[35.16749,33.09094],[35.16696,33.09062],[35.16669,33.09026],[35.16631,33.09026],[35.16595,33.08996],[35.1655,33.0899],[35.16518,33.08941],[35.1647,33.08923],[35.16412,33.08922],[35.16352,33.08899],[35.16288,33.08891],[35.16229,33.08907],[35.16188,33.08855],[35.16115,33.08845],[35.1601,33.08886],[35.15875,33.08792],[35.1582,33.08688],[35.15765,33.0863],[35.1555,33.08596],[35.15586,33.09155],[35.1529,33.09138],[35.15069,33.09116],[35.15055,33.09084],[35.14802,33.09117],[35.14537,33.09186],[35.1404,33.09204],[35.13508,33.09113],[35.13095,33.09188],[35.12564,33.09268],[35.12063,33.09277],[35.11586,33.09242],[35.11229,33.09359],[35.10826,33.09424],[35.10466,33.0943],[35.10406,33.0941],[35.10413,33.09368],[35.10392,33.09286],[35.10439,33.09291],[35.10482,33.09231],[35.10582,33.09209],[35.10624,33.09174],[35.1058,33.09147],[35.10588,33.09084],[35.10572,33.09022],[35.1054,33.08972],[35.10573,33.08905],[35.10597,33.08806],[35.10566,33.08797],[35.10579,33.08746],[35.10565,33.08719],[35.10557,33.08604],[35.1057,33.08586],[35.10517,33.08518],[35.10566,33.08448],[35.10571,33.0835],[35.10595,33.08278],[35.10585,33.08228],[35.10606,33.08153],[35.10606,33.08114],[35.10583,33.07799],[35.10593,33.07761],[35.10574,33.07682],[35.10562,33.07514],[35.10505,33.0722],[35.10494,33.06972],[35.10481,33.06848],[35.10471,33.06685],[35.10475,33.06619],[35.10395,33.06297],[35.10448,33.06192],[35.104,33.06078],[35.10381,33.05967],[35.10348,33.05845],[35.10357,33.05822],[35.10346,33.05726],[35.10281,33.05672],[35.10268,33.05579],[35.10283,33.05543],[35.10262,33.05408],[35.10236,33.05373],[35.10214,33.05289],[35.10239,33.05266],[35.10229,33.05199],[35.10191,33.05207],[35.10193,33.05149],[35.10213,33.05144],[35.10191,33.05035],[35.10132,33.05006],[35.10117,33.04971],[35.10074,33.04975],[35.10054,33.04945],[35.10109,33.04927],[35.1012,33.04891],[35.10087,33.04824],[35.10053,33.04791],[35.10094,33.04739],[35.1006,33.04648],[35.10067,33.0459],[35.10041,33.04468],[35.10003,33.04353],[35.09967,33.04327],[35.09904,33.04248],[35.09874,33.04173],[35.09827,33.04153],[35.09794,33.04053],[35.09807,33.03985],[35.09804,33.03903],[35.0976,33.03793],[35.09715,33.03724],[35.09604,33.0347],[35.09607,33.0334],[35.09558,33.03229],[35.09533,33.031],[35.09469,33.02965],[35.09436,33.02811],[35.09404,33.0276],[35.09378,33.026],[35.09323,33.02479],[35.09323,33.02418],[35.09027,33.01597],[35.08946,33.01285],[35.08868,33.01005],[35.08823,33.00807],[35.0876,33.0061],[35.08749,33.00594],[35.08539,32.99851],[35.08488,32.99653],[35.08403,32.99381],[35.08345,32.99306],[35.08243,32.98978],[35.08212,32.98817],[35.0816,32.98651],[35.08183,32.98508],[35.08059,32.9808],[35.08022,32.98011],[35.07972,32.97763],[35.07931,32.97607],[35.07881,32.97582],[35.07833,32.97438],[35.07778,32.97229],[35.0775,32.97077],[35.07717,32.96928],[35.07682,32.96862],[35.07645,32.96724],[35.07657,32.96718],[35.07607,32.96467],[35.07575,32.96287],[35.07562,32.96251],[35.07549,32.961],[35.07548,32.95979],[35.07518,32.95871],[35.07525,32.95842],[35.07518,32.95729],[35.07525,32.9569],[35.07511,32.95619],[35.07487,32.95225],[35.07474,32.95175],[35.07471,32.9507],[35.07442,32.94903],[35.07442,32.94742],[35.07422,32.94639],[35.07394,32.94631],[35.07344,32.94526],[35.07363,32.94489],[35.07389,32.94376],[35.07392,32.94318],[35.07352,32.94099],[35.07296,32.93978],[35.07296,32.93869],[35.07269,32.9383],[35.07268,32.93672],[35.07235,32.93586],[35.07249,32.93469],[35.0708,32.93103],[35.07012,32.93075],[35.07018,32.93028],[35.06973,32.92932],[35.06939,32.92821],[35.06939,32.92792],[35.06904,32.9267],[35.06885,32.9264],[35.06857,32.92521],[35.06828,32.92487],[35.0677,32.92503],[35.06769,32.92446],[35.06751,32.92429],[35.06751,32.92373],[35.06724,32.92294],[35.06701,32.92271],[35.06696,32.92228],[35.06644,32.92112],[35.06617,32.9208],[35.06641,32.92048],[35.06643,32.91987],[35.06606,32.9196],[35.066,32.9193],[35.06666,32.91914],[35.06774,32.91928],[35.06835,32.91922],[35.06883,32.91936],[35.0691,32.91974],[35.07015,32.92021],[35.07054,32.92078],[35.07143,32.9215],[35.0721,32.9217],[35.07311,32.92168],[35.07312,32.92143],[35.07393,32.92117],[35.07585,32.92038],[35.07678,32.91982],[35.07773,32.91914],[35.0785,32.91825],[35.07896,32.91751],[35.07973,32.91577],[35.08024,32.91382],[35.0811,32.91025],[35.08122,32.90658],[35.08083,32.90333],[35.07989,32.89788],[35.07724,32.88764],[35.0878,32.8867],[35.08771,32.88624],[35.08976,32.88308],[35.091,32.87876],[35.09031,32.87365],[35.09511,32.8738],[35.09986,32.8733],[35.09984,32.8722],[35.10115,32.872],[35.10264,32.87222],[35.10275,32.87263],[35.10351,32.87249],[35.10305,32.8706],[35.10271,32.86776],[35.10325,32.86689],[35.10375,32.86561],[35.10369,32.86492],[35.1035,32.86452],[35.10305,32.86442],[35.1029,32.86402],[35.10287,32.86275],[35.10296,32.86101],[35.10286,32.86079],[35.10588,32.8609],[35.10631,32.86069],[35.10642,32.85953],[35.10607,32.85676],[35.10602,32.85515],[35.10582,32.8534],[35.10605,32.85264],[35.10676,32.85196],[35.10991,32.85031],[35.10952,32.84924],[35.10966,32.84887],[35.10769,32.84768],[35.10677,32.8467],[35.10706,32.84661],[35.10629,32.84522],[35.10794,32.84451],[35.10926,32.84382],[35.11038,32.84307],[35.11141,32.84249],[35.11434,32.84068],[35.11268,32.83867],[35.10965,32.83507],[35.11062,32.83464],[35.11185,32.83135],[35.11194,32.83126],[35.11025,32.82878],[35.11229,32.82817],[35.11305,32.82804],[35.11442,32.82767],[35.11625,32.82735],[35.11705,32.82726],[35.11728,32.82854],[35.11771,32.82979],[35.118,32.83022],[35.11849,32.83125],[35.11879,32.83223],[35.12261,32.83227],[35.12196,32.8267],[35.12228,32.82675],[35.12388,32.82668],[35.12496,32.82655],[35.12625,32.82616],[35.12769,32.82553],[35.12949,32.82544],[35.13076,32.82516],[35.13235,32.82462],[35.13375,32.82424],[35.13464,32.82408],[35.13593,32.82394],[35.13715,32.82443],[35.13769,32.82449],[35.13984,32.82451],[35.14076,32.82429],[35.14438,32.823],[35.14874,32.82232],[35.14909,32.82215],[35.15148,32.82313],[35.15077,32.82089],[35.14995,32.81813],[35.14895,32.81449],[35.1475,32.8097],[35.1472,32.80898],[35.14755,32.80772],[35.14766,32.8065],[35.14751,32.80603],[35.15063,32.8052],[35.15287,32.8045],[35.15336,32.80426],[35.15265,32.80378],[35.15149,32.80254],[35.15142,32.80191],[35.15161,32.80097],[35.15152,32.80042],[35.15233,32.79996],[35.15621,32.79728],[35.15806,32.79631],[35.15914,32.7958],[35.15828,32.79486],[35.15788,32.79398],[35.15806,32.79375],[35.1571,32.79257],[35.15516,32.79149],[35.15397,32.78976],[35.1533,32.78789],[35.15279,32.78812],[35.15261,32.78861],[35.15218,32.78915],[35.15192,32.78993],[35.15188,32.79005],[35.15099,32.78946],[35.15062,32.78812],[35.14963,32.78646],[35.14883,32.78532],[35.14856,32.78473],[35.14899,32.78393],[35.14896,32.7822],[35.15006,32.7824],[35.15058,32.78232],[35.15136,32.78236],[35.15182,32.78227],[35.15695,32.78109],[35.16034,32.77928],[35.16129,32.7789],[35.16065,32.77812],[35.16103,32.7776],[35.16035,32.77696],[35.15975,32.77582],[35.15986,32.77444],[35.15972,32.77366],[35.16051,32.7735],[35.16096,32.77292],[35.16035,32.7721],[35.15925,32.77156],[35.15814,32.77124],[35.15699,32.77059],[35.15608,32.77028],[35.15361,32.76972],[35.1531,32.76924],[35.15304,32.76896],[35.15319,32.76753],[35.15336,32.76678],[35.15339,32.76599],[35.15331,32.76532],[35.15367,32.76479],[35.15419,32.76458],[35.15436,32.76395],[35.15453,32.76045],[35.15481,32.76008],[35.15487,32.75878],[35.15476,32.75729],[35.15424,32.75612],[35.15316,32.75438],[35.15257,32.75272],[35.15146,32.7525],[35.15194,32.75165],[35.15088,32.75042],[35.14936,32.75131],[35.14872,32.75169],[35.14874,32.75216],[35.14896,32.7528],[35.14864,32.75308],[35.14785,32.75317],[35.14769,32.75296],[35.14703,32.7527],[35.14519,32.75314],[35.1448,32.75312],[35.14411,32.75273],[35.1437,32.75214],[35.14364,32.75163],[35.14394,32.75135],[35.14477,32.75113],[35.14471,32.75054],[35.14382,32.7504],[35.14386,32.7495],[35.14365,32.74913],[35.14355,32.74841],[35.14208,32.74789],[35.14265,32.74715],[35.14203,32.74681],[35.14218,32.74621],[35.14247,32.74602],[35.14181,32.74507],[35.1426,32.74439],[35.14211,32.74306],[35.14271,32.74153],[35.14308,32.74084],[35.14307,32.74035],[35.14018,32.73946],[35.13893,32.739],[35.13662,32.7385],[35.13263,32.73953],[35.13144,32.74012],[35.13075,32.73934],[35.13104,32.73913],[35.13227,32.73853],[35.13459,32.73787],[35.13526,32.73744],[35.13311,32.73792],[35.13266,32.73768],[35.13262,32.73701],[35.131,32.737],[35.12988,32.73694],[35.12929,32.73673],[35.12897,32.73603],[35.12909,32.73563],[35.12874,32.73531],[35.12883,32.73482],[35.12923,32.73451],[35.12989,32.73434],[35.13068,32.7343],[35.13027,32.73339],[35.12961,32.73214],[35.12929,32.73133],[35.12879,32.73064],[35.12823,32.73036],[35.12837,32.72991],[35.12916,32.72948],[35.12991,32.72944],[35.13039,32.72953],[35.13074,32.72966],[35.13106,32.72982],[35.13145,32.73033],[35.13166,32.73102],[35.13215,32.73128],[35.13346,32.7305],[35.13417,32.7312],[35.1363,32.73045],[35.13728,32.73043],[35.1397,32.73059],[35.13961,32.73314],[35.14016,32.73304],[35.14079,32.73309],[35.14169,32.73289],[35.14279,32.73253],[35.14314,32.73287],[35.14348,32.73315],[35.14451,32.73392],[35.14458,32.73474],[35.14272,32.73518],[35.14353,32.73648],[35.1438,32.73651],[35.14419,32.7369],[35.14509,32.73739],[35.14562,32.73757],[35.14589,32.7379],[35.1459,32.73812],[35.14519,32.73822],[35.1465,32.73958],[35.14692,32.7404],[35.14873,32.74015],[35.15001,32.73873],[35.14832,32.73759],[35.14691,32.73756],[35.14586,32.7374],[35.14635,32.73686],[35.14685,32.73727],[35.14842,32.73747],[35.14964,32.73697],[35.14982,32.73543],[35.14761,32.73376],[35.14733,32.73332],[35.14824,32.73165],[35.1486,32.73179],[35.14957,32.73183],[35.15057,32.73224],[35.15052,32.72919],[35.15022,32.72891],[35.14938,32.72877],[35.14887,32.72882],[35.14853,32.72831],[35.14765,32.72812],[35.147,32.72782],[35.14598,32.72843],[35.14556,32.72833],[35.1448,32.72698],[35.14444,32.72672],[35.14434,32.72552],[35.1441,32.72422],[35.14289,32.72419],[35.1416,32.72379],[35.14057,32.72278],[35.13985,32.72243],[35.13827,32.72201],[35.13716,32.72124],[35.13614,32.72117],[35.13565,32.72102],[35.13543,32.72066],[35.13676,32.71983],[35.13487,32.71887],[35.13405,32.71947],[35.13171,32.71826],[35.1318,32.71724],[35.13172,32.71613],[35.13139,32.71502],[35.13158,32.71383],[35.13123,32.71277],[35.13125,32.71235],[35.13156,32.71176],[35.13154,32.71084],[35.13206,32.7104],[35.13275,32.70949],[35.13328,32.70836],[35.13345,32.70772],[35.13594,32.70753],[35.13553,32.70511],[35.1344,32.704],[35.13406,32.70324],[35.1338,32.70294],[35.13414,32.70271],[35.13316,32.70145],[35.13078,32.7034],[35.13039,32.70331],[35.12796,32.7032],[35.12631,32.70263],[35.12512,32.70204],[35.12293,32.70138],[35.1223,32.70135],[35.12131,32.70158],[35.12009,32.70304],[35.11975,32.70379],[35.11686,32.70413],[35.11486,32.70404],[35.11471,32.70481],[35.114,32.70499],[35.11329,32.70435],[35.11276,32.70345],[35.11237,32.70324],[35.11157,32.70304],[35.11101,32.70277],[35.1105,32.70236],[35.11089,32.70167],[35.11202,32.70125],[35.11278,32.70037],[35.11178,32.69799],[35.10959,32.69687],[35.1097,32.69617],[35.1101,32.6945],[35.11096,32.69341],[35.11152,32.69235],[35.11164,32.69162],[35.11136,32.68909],[35.11093,32.68912],[35.11009,32.68866],[35.11083,32.68799],[35.11147,32.68752],[35.11102,32.68679],[35.11023,32.68577],[35.10955,32.68524],[35.10901,32.68527],[35.10801,32.68511],[35.10823,32.6846],[35.10577,32.68446],[35.10544,32.6845],[35.10546,32.68441],[35.10688,32.67688],[35.10591,32.67566],[35.10546,32.675],[35.10422,32.67337],[35.10298,32.67203],[35.10259,32.67048],[35.1036,32.66875],[35.10232,32.66855],[35.10237,32.66731],[35.1026,32.66581],[35.10342,32.66503],[35.10441,32.66179],[35.1038,32.66075],[35.10266,32.66035],[35.10025,32.65977],[35.10006,32.65943],[35.09897,32.66023],[35.09676,32.65913],[35.09509,32.65722],[35.09415,32.65692],[35.0872,32.65557],[35.0844,32.65321],[35.0822,32.65195],[35.0814,32.65179],[35.0802,32.65136],[35.07911,32.65117],[35.07869,32.65159],[35.07488,32.65515],[35.07306,32.65676],[35.07238,32.65717],[35.07189,32.6576],[35.0711,32.65809],[35.06993,32.65866],[35.06967,32.65889],[35.06878,32.65929],[35.06775,32.65951],[35.06654,32.66009],[35.06525,32.66096],[35.06497,32.66133],[35.06376,32.66198],[35.06314,32.662],[35.06249,32.66135],[35.06248,32.66069],[35.06291,32.65971],[35.06359,32.65893],[35.06436,32.65859],[35.06546,32.65832],[35.0665,32.65791],[35.06877,32.65684],[35.06991,32.65639],[35.07026,32.65617],[35.07186,32.65482],[35.07674,32.65096],[35.07772,32.65022],[35.0786,32.64749],[35.07941,32.64656],[35.07921,32.64633],[35.07909,32.64567],[35.07939,32.64448],[35.07928,32.64414],[35.07894,32.64391],[35.07931,32.64353],[35.08069,32.64069],[35.08019,32.64024],[35.07974,32.64023],[35.07855,32.64065],[35.07776,32.64068],[35.07737,32.64045],[35.0771,32.64005],[35.07705,32.63948],[35.07572,32.63915],[35.0751,32.63937],[35.07402,32.63882],[35.07403,32.63866],[35.07322,32.63814],[35.07254,32.63826],[35.07172,32.63795],[35.07072,32.63769],[35.06985,32.63841],[35.06923,32.63849],[35.06799,32.63826],[35.06782,32.63824],[35.06628,32.63806],[35.06605,32.63836],[35.06599,32.63836],[35.06607,32.63845],[35.06608,32.63846],[35.06641,32.63874],[35.06777,32.63948],[35.06752,32.64087],[35.06698,32.64219],[35.06709,32.64266],[35.06602,32.64274],[35.06502,32.64316],[35.0645,32.64315],[35.06411,32.64349],[35.06406,32.64446],[35.06359,32.64425],[35.06238,32.64418],[35.06211,32.64367],[35.06167,32.64346],[35.06151,32.64347],[35.06088,32.64353],[35.06094,32.64307],[35.05739,32.6431],[35.05649,32.64429],[35.05626,32.64473],[35.05622,32.64578],[35.05545,32.64575],[35.05525,32.64638],[35.05196,32.64654],[35.05037,32.64609],[35.04778,32.64677],[35.04662,32.64703],[35.04597,32.64644],[35.0454,32.64621],[35.04474,32.64571],[35.04476,32.64378],[35.04536,32.64305],[35.04583,32.6414],[35.04695,32.63924],[35.04994,32.63547],[35.05048,32.6349],[35.05185,32.63503],[35.05201,32.63396],[35.05074,32.63332],[35.0492,32.63263],[35.04897,32.63241],[35.04725,32.63177],[35.04613,32.6308],[35.04473,32.63057],[35.04387,32.63025],[35.0438,32.62811],[35.04388,32.62684],[35.04532,32.62682],[35.04645,32.62652],[35.04908,32.62591],[35.05031,32.62557],[35.05148,32.62552],[35.05354,32.62502],[35.05474,32.62451],[35.0559,32.62379],[35.05673,32.62357],[35.05809,32.62337],[35.05812,32.62291],[35.05771,32.62237],[35.05573,32.61999],[35.05535,32.6196],[35.05165,32.61692],[35.05084,32.61615],[35.05081,32.61568],[35.04959,32.61319],[35.04882,32.61207],[35.04832,32.61168],[35.04648,32.60999],[35.04576,32.60921],[35.04472,32.60862],[35.0437,32.60767],[35.042,32.60565],[35.04114,32.60494],[35.04033,32.6041],[35.0396,32.60429],[35.03785,32.60451],[35.03614,32.60445],[35.03436,32.60444],[35.03252,32.60429],[35.03145,32.60414],[35.0309,32.60393],[35.03098,32.60365],[35.02955,32.6033],[35.028,32.60303],[35.02819,32.60261],[35.02794,32.60053],[35.02749,32.5992],[35.02807,32.59897],[35.02837,32.59848],[35.02947,32.59758],[35.03018,32.59812],[35.03065,32.59822],[35.03094,32.59887],[35.03208,32.59911],[35.03348,32.59987],[35.03444,32.59919],[35.03334,32.59809],[35.03393,32.59758],[35.03384,32.59705],[35.03341,32.59662],[35.03258,32.59638],[35.03179,32.59598],[35.03128,32.59537],[35.03147,32.59524],[35.03149,32.59451],[35.03312,32.59326],[35.0331,32.59309],[35.03465,32.59277],[35.03504,32.59335],[35.03639,32.59186],[35.03639,32.59149],[35.03591,32.59146],[35.03554,32.59168],[35.03484,32.59233],[35.03443,32.5924],[35.03393,32.59227],[35.03314,32.59272],[35.03213,32.59298],[35.03142,32.59283],[35.0314,32.59253],[35.0304,32.5918],[35.0302,32.59165],[35.03005,32.59139],[35.03026,32.59039],[35.0322,32.58745],[35.03031,32.58556],[35.0305,32.58509],[35.03082,32.58483],[35.03135,32.58531],[35.03177,32.58537],[35.03202,32.5851],[35.03265,32.58532],[35.0333,32.58538],[35.03526,32.5859],[35.0372,32.58601],[35.03832,32.58578],[35.03884,32.58578],[35.03937,32.58549],[35.04008,32.58532],[35.04043,32.58539],[35.04126,32.58521],[35.04157,32.58493],[35.04177,32.58438],[35.04305,32.5842],[35.04371,32.58372],[35.04391,32.58331],[35.04375,32.58266],[35.04298,32.58042],[35.04277,32.5795],[35.04256,32.57716],[35.04237,32.57555],[35.04215,32.57411],[35.04225,32.57289],[35.04314,32.57305],[35.04412,32.57306],[35.04567,32.57326],[35.0469,32.57357],[35.04841,32.57362],[35.04854,32.57326],[35.04849,32.57259],[35.05065,32.57267],[35.05121,32.57229],[35.05242,32.57236],[35.05321,32.57117],[35.05207,32.57079],[35.05149,32.57069],[35.05083,32.57034],[35.04994,32.56971],[35.04941,32.56921],[35.04819,32.56838],[35.04743,32.56683],[35.04376,32.56657],[35.04124,32.56652],[35.04066,32.56643],[35.0394,32.56604],[35.03822,32.56497],[35.03693,32.56433],[35.03556,32.56398],[35.03396,32.56294],[35.0317,32.56186],[35.03126,32.56171],[35.03277,32.56044],[35.03449,32.56025],[35.03477,32.5605],[35.03517,32.56049],[35.03589,32.55991],[35.03686,32.55932],[35.0375,32.55904],[35.03801,32.55869],[35.03873,32.55796],[35.03987,32.55718],[35.04,32.55833],[35.04039,32.55832],[35.04075,32.55877],[35.04272,32.55746],[35.04358,32.55683],[35.0436,32.55662],[35.04484,32.55617],[35.04583,32.55569],[35.04724,32.5553],[35.04834,32.5551],[35.04838,32.55474],[35.04885,32.55446],[35.04974,32.55459],[35.05041,32.55432],[35.05167,32.55427],[35.05284,32.55379],[35.05403,32.5537],[35.0549,32.55388],[35.05576,32.55426],[35.0566,32.55431],[35.05677,32.55419],[35.05598,32.55227],[35.05956,32.55004],[35.06055,32.54885],[35.06044,32.54853],[35.06127,32.54826],[35.06211,32.54819],[35.06367,32.54716],[35.06502,32.5467],[35.06528,32.54796],[35.06587,32.54878],[35.06695,32.54884],[35.0669,32.54759],[35.06679,32.54649],[35.06754,32.54649],[35.06822,32.54661],[35.0688,32.54551],[35.06907,32.54483],[35.07007,32.54417],[35.07105,32.54406],[35.07153,32.54363],[35.07223,32.54375],[35.07257,32.54351],[35.07443,32.54374],[35.075,32.54408],[35.07679,32.54456],[35.07713,32.54452],[35.07786,32.54481],[35.07869,32.54478],[35.07953,32.54438],[35.07988,32.5444],[35.08055,32.54418],[35.0813,32.54414],[35.08163,32.54395],[35.08274,32.54413],[35.08328,32.54222],[35.08354,32.5419],[35.08244,32.54077],[35.08347,32.53836],[35.08463,32.53461],[35.08505,32.53165],[35.08603,32.5312],[35.08626,32.53057],[35.08684,32.53037],[35.0874,32.53036],[35.08856,32.53052],[35.08955,32.53076],[35.09026,32.53124],[35.09086,32.53152],[35.09068,32.53219],[35.09076,32.53319],[35.09107,32.53411],[35.09163,32.535],[35.09299,32.53588],[35.09411,32.53631],[35.09515,32.536],[35.09632,32.53641],[35.098,32.53865],[35.09907,32.54039],[35.10015,32.54256],[35.10123,32.5427],[35.10373,32.54293],[35.10616,32.54319],[35.1116,32.5411],[35.11922,32.54116],[35.11959,32.54139],[35.12019,32.54122],[35.12332,32.54144],[35.12452,32.54131],[35.13846,32.54129],[35.14184,32.54265],[35.14246,32.54364],[35.14258,32.5441],[35.14355,32.547],[35.14304,32.54846],[35.14167,32.55058],[35.14179,32.5537],[35.14371,32.55691],[35.14805,32.56003],[35.15941,32.56181],[35.16307,32.56241],[35.16327,32.56214],[35.16385,32.56216],[35.16476,32.56267],[35.16632,32.56251],[35.16726,32.5629],[35.16814,32.56213],[35.16851,32.56253],[35.16919,32.5624],[35.16904,32.56172],[35.17105,32.56132],[35.17202,32.56224],[35.17272,32.56192],[35.17645,32.56353],[35.17749,32.56379],[35.17842,32.5637],[35.17889,32.5633],[35.17907,32.56262],[35.1791,32.56171],[35.17957,32.56033],[35.17993,32.56019],[35.18055,32.5608],[35.18089,32.56059],[35.181,32.56023],[35.1808,32.55896],[35.18088,32.55825],[35.18112,32.558],[35.18165,32.55801],[35.18182,32.55739],[35.1823,32.55685],[35.18339,32.55647],[35.18409,32.55607],[35.18597,32.55539],[35.18889,32.55408],[35.19177,32.55293],[35.19325,32.55257],[35.19558,32.5523],[35.19621,32.55216],[35.19627,32.55078],[35.19687,32.55009],[35.19748,32.5492],[35.19754,32.5489],[35.1983,32.54837],[35.2005,32.54729],[35.20022,32.54694],[35.20101,32.54629],[35.20222,32.54585],[35.20288,32.54569],[35.20396,32.54526],[35.204,32.5447],[35.20355,32.54321],[35.20352,32.54274],[35.20467,32.54266],[35.20546,32.54289],[35.20631,32.54269],[35.20811,32.5428],[35.20927,32.54314],[35.21002,32.54321],[35.2103,32.54303]]]},"properties":{"area_code":"2","area_name":"Northern District","area_unit_id":"il-district-2022-cbs-moin:2","boundary_set_id":"il-district-2022-cbs-moin","boundary_level":"district","land_area_sq_km":4638.845654734182}},
{"type":"Feature","geometry":{"type":"Polygon","coordinates":[[[35.20288,32.54569],[35.20223,32.54585],[35.20101,32.54629],[35.20022,32.54694],[35.2005,32.54729],[35.1983,32.54837],[35.19754,32.5489],[35.19748,32.5492],[35.19687,32.55009],[35.19627,32.55078],[35.19621,32.55216],[35.19558,32.5523],[35.19325,32.55257],[35.19177,32.55293],[35.18889,32.55408],[35.18597,32.55539],[35.18409,32.55607],[35.18339,32.55647],[35.1823,32.55685],[35.18182,32.55739],[35.18165,32.55801],[35.18112,32.558],[35.18088,32.55825],[35.1808,32.55896],[35.181,32.56023],[35.18089,32.56059],[35.18055,32.5608],[35.17993,32.56019],[35.17957,32.56033],[35.1791,32.56171],[35.17907,32.56262],[35.17889,32.5633],[35.17842,32.5637],[35.17749,32.56379],[35.17645,32.56353],[35.17272,32.56192],[35.17202,32.56224],[35.17105,32.56132],[35.16904,32.56172],[35.16919,32.5624],[35.16851,32.56253],[35.16814,32.56213],[35.16726,32.5629],[35.16632,32.56251],[35.16476,32.56267],[35.16385,32.56216],[35.16327,32.56214],[35.16307,32.56241],[35.15941,32.56181],[35.14805,32.56003],[35.14371,32.55691],[35.14179,32.5537],[35.14167,32.55058],[35.14304,32.54846],[35.14355,32.547],[35.14258,32.5441],[35.14246,32.54364],[35.14184,32.54265],[35.13846,32.54129],[35.12452,32.54131],[35.12332,32.54144],[35.12019,32.54122],[35.11959,32.54139],[35.11922,32.54116],[35.1116,32.5411],[35.10616,32.54319],[35.10373,32.54293],[35.10123,32.5427],[35.10015,32.54256],[35.09907,32.54039],[35.098,32.53865],[35.09632,32.53641],[35.09515,32.536],[35.09411,32.53631],[35.09299,32.53588],[35.09163,32.535],[35.09107,32.53411],[35.09076,32.53319],[35.09068,32.53219],[35.09086,32.53152],[35.09026,32.53124],[35.08955,32.53076],[35.08856,32.53052],[35.0874,32.53036],[35.08684,32.53037],[35.08626,32.53057],[35.08603,32.5312],[35.08505,32.53165],[35.08463,32.53461],[35.08347,32.53836],[35.08244,32.54077],[35.08354,32.5419],[35.08328,32.54222],[35.08274,32.54413],[35.08163,32.54395],[35.0813,32.54414],[35.08055,32.54418],[35.07988,32.5444],[35.07953,32.54438],[35.07869,32.54478],[35.07786,32.54481],[35.07713,32.54452],[35.07679,32.54456],[35.075,32.54408],[35.07443,32.54374],[35.07257,32.54351],[35.07223,32.54375],[35.07153,32.54363],[35.07105,32.54406],[35.07007,32.54417],[35.06907,32.54483],[35.0688,32.54551],[35.06822,32.54661],[35.06754,32.54649],[35.06679,32.54649],[35.0669,32.54759],[35.06695,32.54884],[35.06587,32.54878],[35.06528,32.54796],[35.06502,32.5467],[35.06367,32.54716],[35.06211,32.54819],[35.06127,32.54826],[35.06044,32.54853],[35.06055,32.54885],[35.05956,32.55004],[35.05598,32.55227],[35.05677,32.55419],[35.0566,32.55431],[35.05576,32.55426],[35.0549,32.55388],[35.05403,32.5537],[35.05284,32.55379],[35.05167,32.55427],[35.05041,32.55432],[35.04974,32.55459],[35.04885,32.55446],[35.04838,32.55474],[35.04834,32.5551],[35.04724,32.5553],[35.04583,32.55569],[35.04484,32.55617],[35.0436,32.55662],[35.04358,32.55683],[35.04272,32.55746],[35.04075,32.55877],[35.04039,32.55832],[35.04,32.55833],[35.03987,32.55718],[35.03873,32.55796],[35.03801,32.55869],[35.0375,32.55904],[35.03686,32.55932],[35.03589,32.55991],[35.03517,32.56049],[35.03477,32.5605],[35.03449,32.56025],[35.03277,32.56044],[35.03126,32.56171],[35.0317,32.56186],[35.03396,32.56294],[35.03556,32.56398],[35.03693,32.56433],[35.03822,32.56497],[35.0394,32.56604],[35.04066,32.56643],[35.04124,32.56652],[35.04376,32.56657],[35.04743,32.56683],[35.04819,32.56838],[35.04941,32.56921],[35.04994,32.56971],[35.05083,32.57034],[35.05149,32.57069],[35.05207,32.57079],[35.05321,32.57117],[35.05242,32.57236],[35.05121,32.57229],[35.05065,32.57267],[35.04849,32.57259],[35.04854,32.57326],[35.04841,32.57362],[35.0469,32.57357],[35.04567,32.57326],[35.04412,32.57306],[35.04314,32.57305],[35.04225,32.57289],[35.04215,32.57411],[35.04237,32.57555],[35.04256,32.57716],[35.04277,32.5795],[35.04298,32.58042],[35.04375,32.58266],[35.04391,32.58331],[35.04371,32.58372],[35.04305,32.5842],[35.04177,32.58438],[35.04157,32.58493],[35.04126,32.58521],[35.04043,32.58539],[35.04008,32.58532],[35.03937,32.58549],[35.03884,32.58578],[35.03832,32.58578],[35.0372,32.58601],[35.03526,32.5859],[35.0333,32.58538],[35.03265,32.58532],[35.03202,32.5851],[35.03177,32.58537],[35.03135,32.58531],[35.03082,32.58483],[35.0305,32.58509],[35.03031,32.58556],[35.0322,32.58745],[35.03026,32.59039],[35.03005,32.59139],[35.0302,32.59165],[35.0304,32.5918],[35.0314,32.59253],[35.03142,32.59283],[35.03213,32.59298],[35.03314,32.59272],[35.03393,32.59227],[35.03443,32.5924],[35.03484,32.59233],[35.03554,32.59168],[35.03591,32.59146],[35.03639,32.59149],[35.03639,32.59186],[35.03504,32.59335],[35.03465,32.59277],[35.0331,32.59309],[35.03312,32.59326],[35.03149,32.59451],[35.03147,32.59524],[35.03128,32.59537],[35.03179,32.59598],[35.03258,32.59638],[35.03341,32.59662],[35.03384,32.59705],[35.03393,32.59758],[35.03334,32.59809],[35.03444,32.59919],[35.03348,32.59987],[35.03208,32.59911],[35.03094,32.59887],[35.03065,32.59822],[35.03018,32.59812],[35.02947,32.59758],[35.02837,32.59848],[35.02807,32.59897],[35.02749,32.5992],[35.02794,32.60053],[35.02819,32.60261],[35.028,32.60303],[35.02955,32.6033],[35.03098,32.60365],[35.0309,32.60393],[35.03145,32.60414],[35.03252,32.60429],[35.03436,32.60444],[35.03614,32.60445],[35.03785,32.60451],[35.0396,32.60429],[35.04033,32.6041],[35.04114,32.60494],[35.042,32.60565],[35.0437,32.60767],[35.04472,32.60862],[35.04576,32.60921],[35.04648,32.60999],[35.04832,32.61168],[35.04882,32.61207],[35.04959,32.61319],[35.05081,32.61568],[35.05084,32.61615],[35.05165,32.61692],[35.05535,32.6196],[35.05573,32.61999],[35.05771,32.62237],[35.05812,32.62291],[35.05809,32.62337],[35.05673,32.62357],[35.0559,32.62379],[35.05474,32.62451],[35.05354,32.62502],[35.05148,32.62552],[35.05031,32.62557],[35.04908,32.62591],[35.04645,32.62652],[35.04532,32.62682],[35.04388,32.62684],[35.0438,32.62811],[35.04387,32.63025],[35.04473,32.63057],[35.04613,32.6308],[35.04725,32.63177],[35.04897,32.63241],[35.0492,32.63263],[35.05074,32.63332],[35.05201,32.63396],[35.05185,32.63503],[35.05048,32.6349],[35.04994,32.63547],[35.04695,32.63924],[35.04583,32.6414],[35.04536,32.64305],[35.04476,32.64378],[35.04474,32.64571],[35.0454,32.64621],[35.04597,32.64644],[35.04662,32.64703],[35.04778,32.64677],[35.05037,32.64609],[35.05196,32.64654],[35.05525,32.64638],[35.05545,32.64575],[35.05622,32.64578],[35.05626,32.64473],[35.05649,32.64429],[35.05739,32.6431],[35.06094,32.64307],[35.06088,32.64353],[35.06151,32.64347],[35.06167,32.64346],[35.06211,32.64367],[35.06238,32.64418],[35.06359,32.64425],[35.06406,32.64446],[35.06411,32.64349],[35.0645,32.64315],[35.06502,32.64316],[35.06602,32.64274],[35.06709,32.64266],[35.06698,32.64219],[35.06752,32.64087],[35.06777,32.63948],[35.06641,32.63874],[35.06608,32.63846],[35.06607,32.63845],[35.06599,32.63836],[35.06605,32.63836],[35.06628,32.63806],[35.06782,32.63824],[35.06799,32.63826],[35.06923,32.63849],[35.06985,32.63841],[35.07072,32.63769],[35.07172,32.63795],[35.07254,32.63826],[35.07322,32.63814],[35.07403,32.63866],[35.07402,32.63882],[35.0751,32.63937],[35.07572,32.63915],[35.07705,32.63948],[35.0771,32.64005],[35.07737,32.64045],[35.07776,32.64068],[35.07855,32.64065],[35.07974,32.64023],[35.08019,32.64024],[35.08069,32.64069],[35.07931,32.64353],[35.07894,32.64391],[35.07928,32.64414],[35.07939,32.64448],[35.07909,32.64567],[35.07921,32.64633],[35.07941,32.64656],[35.0786,32.64749],[35.07772,32.65022],[35.07674,32.65096],[35.07186,32.65482],[35.07026,32.65617],[35.06991,32.65639],[35.06877,32.65684],[35.0665,32.65791],[35.06546,32.65832],[35.06436,32.65859],[35.06359,32.65893],[35.06291,32.65971],[35.06248,32.66069],[35.06249,32.66135],[35.06314,32.662],[35.06376,32.66198],[35.06497,32.66133],[35.06525,32.66096],[35.06654,32.66009],[35.06775,32.65951],[35.06878,32.65929],[35.06967,32.65889],[35.06993,32.65866],[35.0711,32.65809],[35.07189,32.6576],[35.07238,32.65717],[35.07306,32.65676],[35.07488,32.65515],[35.07869,32.65159],[35.07911,32.65117],[35.0802,32.65136],[35.0814,32.65179],[35.0822,32.65195],[35.0844,32.65321],[35.0872,32.65557],[35.09415,32.65692],[35.09509,32.65722],[35.09676,32.65913],[35.09897,32.66023],[35.10006,32.65943],[35.10025,32.65977],[35.10266,32.66035],[35.1038,32.66075],[35.10441,32.66179],[35.10342,32.66503],[35.1026,32.66581],[35.10237,32.66731],[35.10232,32.66855],[35.1036,32.66875],[35.10259,32.67048],[35.10298,32.67203],[35.10422,32.67337],[35.10546,32.675],[35.10591,32.67566],[35.10688,32.67688],[35.10546,32.68441],[35.10544,32.6845],[35.10577,32.68446],[35.10823,32.6846],[35.10801,32.68511],[35.10901,32.68527],[35.10955,32.68524],[35.11023,32.68577],[35.11102,32.68679],[35.11147,32.68752],[35.11083,32.68799],[35.11009,32.68866],[35.11093,32.68912],[35.11136,32.68909],[35.11164,32.69162],[35.11152,32.69235],[35.11096,32.69341],[35.1101,32.6945],[35.1097,32.69617],[35.10959,32.69687],[35.11178,32.69799],[35.11278,32.70037],[35.11202,32.70125],[35.11089,32.70167],[35.1105,32.70236],[35.11101,32.70277],[35.11157,32.70304],[35.11237,32.70324],[35.11276,32.70345],[35.11329,32.70435],[35.114,32.70499],[35.11471,32.70481],[35.11486,32.70404],[35.11686,32.70413],[35.11975,32.70379],[35.12009,32.70304],[35.12131,32.70158],[35.1223,32.70135],[35.12293,32.70138],[35.12512,32.70204],[35.12631,32.70263],[35.12796,32.7032],[35.13039,32.70331],[35.13078,32.7034],[35.13316,32.70145],[35.13414,32.70271],[35.1338,32.70294],[35.13406,32.70324],[35.1344,32.704],[35.13553,32.70511],[35.13594,32.70753],[35.13345,32.70772],[35.13328,32.70836],[35.13275,32.70949],[35.13206,32.7104],[35.13154,32.71084],[35.13156,32.71176],[35.13125,32.71235],[35.13123,32.71277],[35.13158,32.71383],[35.13139,32.71502],[35.13172,32.71613],[35.1318,32.71724],[35.13171,32.71826],[35.13405,32.71947],[35.13487,32.71887],[35.13676,32.71983],[35.13543,32.72066],[35.13565,32.72102],[35.13614,32.72117],[35.13716,32.72124],[35.13827,32.72201],[35.13985,32.72243],[35.14057,32.72278],[35.1416,32.72379],[35.14289,32.72419],[35.1441,32.72422],[35.14434,32.72552],[35.14444,32.72672],[35.1448,32.72698],[35.14556,32.72833],[35.14598,32.72843],[35.147,32.72782],[35.14765,32.72812],[35.14853,32.72831],[35.14887,32.72882],[35.14938,32.72877],[35.15022,32.72891],[35.15052,32.72919],[35.15057,32.73224],[35.14957,32.73183],[35.1486,32.73179],[35.14824,32.73165],[35.14733,32.73332],[35.14761,32.73376],[35.14982,32.73543],[35.14964,32.73697],[35.14842,32.73747],[35.14685,32.73727],[35.14635,32.73686],[35.14586,32.7374],[35.14691,32.73756],[35.14832,32.73759],[35.15001,32.73873],[35.14873,32.74015],[35.14692,32.7404],[35.1465,32.73958],[35.14519,32.73822],[35.1459,32.73812],[35.14589,32.7379],[35.14562,32.73757],[35.14509,32.73739],[35.14419,32.7369],[35.1438,32.73651],[35.14353,32.73648],[35.14272,32.73518],[35.14458,32.73474],[35.14451,32.73392],[35.14348,32.73315],[35.14314,32.73287],[35.14279,32.73253],[35.14169,32.73289],[35.14079,32.73309],[35.14016,32.73304],[35.13961,32.73314],[35.1397,32.73059],[35.13728,32.73043],[35.1363,32.73045],[35.13417,32.7312],[35.13346,32.7305],[35.13215,32.73128],[35.13166,32.73102],[35.13145,32.73033],[35.13106,32.72982],[35.13074,32.72966],[35.13039,32.72953],[35.12991,32.72944],[35.12916,32.72948],[35.12837,32.72991],[35.12823,32.73036],[35.12879,32.73064],[35.12929,32.73133],[35.12961,32.73214],[35.13027,32.73339],[35.13068,32.7343],[35.12989,32.73434],[35.12923,32.73451],[35.12883,32.73482],[35.12874,32.73531],[35.12909,32.73563],[35.12897,32.73603],[35.12929,32.73673],[35.12988,32.73694],[35.131,32.737],[35.13262,32.73701],[35.13266,32.73768],[35.13311,32.73792],[35.13526,32.73744],[35.13459,32.73787],[35.13227,32.73853],[35.13104,32.73913],[35.13075,32.73934],[35.13144,32.74012],[35.13263,32.73953],[35.13662,32.7385],[35.13893,32.739],[35.14018,32.73946],[35.14307,32.74035],[35.14308,32.74084],[35.14271,32.74153],[35.14211,32.74306],[35.1426,32.74439],[35.14181,32.74507],[35.14247,32.74602],[35.14218,32.74621],[35.14203,32.74681],[35.14265,32.74715],[35.14208,32.74789],[35.14355,32.74841],[35.14365,32.74913],[35.14386,32.7495],[35.14382,32.7504],[35.14471,32.75054],[35.14477,32.75113],[35.14394,32.75135],[35.14364,32.75163],[35.1437,32.75214],[35.14411,32.75273],[35.1448,32.75312],[35.14519,32.75314],[35.14703,32.7527],[35.14769,32.75296],[35.14785,32.75317],[35.14864,32.75308],[35.14896,32.7528],[35.14874,32.75216],[35.14872,32.75169],[35.14936,32.75131],[35.15088,32.75042],[35.15194,32.75165],[35.15146,32.7525],[35.15257,32.75272],[35.15316,32.75438],[35.15424,32.75612],[35.15476,32.75729],[35.15487,32.75878],[35.15481,32.76008],[35.15453,32.76045],[35.15436,32.76395],[35.15419,32.76458],[35.15367,32.76479],[35.15331,32.76532],[35.15339,32.76599],[35.15336,32.76678],[35.15319,32.76753],[35.15304,32.76896],[35.1531,32.76924],[35.15361,32.76972],[35.15608,32.77028],[35.15699,32.77059],[35.15814,32.77124],[35.15925,32.77156],[35.16035,32.7721],[35.16096,32.77292],[35.16051,32.7735],[35.15972,32.77366],[35.15986,32.77444],[35.15975,32.77582],[35.16035,32.77696],[35.16103,32.7776],[35.16065,32.77812],[35.16129,32.7789],[35.16034,32.77928],[35.15695,32.78109],[35.15182,32.78227],[35.15136,32.78236],[35.15058,32.78232],[35.15006,32.7824],[35.14896,32.7822],[35.14899,32.78393],[35.14856,32.78473],[35.14883,32.78532],[35.14963,32.78646],[35.15062,32.78812],[35.15099,32.78946],[35.15188,32.79005],[35.15192,32.78993],[35.15218,32.78915],[35.15261,32.78861],[35.15279,32.78812],[35.1533,32.78789],[35.15397,32.78976],[35.15516,32.79149],[35.1571,32.79257],[35.15806,32.79375],[35.15788,32.79398],[35.15828,32.79486],[35.15914,32.7958],[35.15806,32.79631],[35.15621,32.79728],[35.15233,32.79996],[35.15152,32.80042],[35.15161,32.80097],[35.15142,32.80191],[35.15149,32.80254],[35.15265,32.80378],[35.15336,32.80426],[35.15287,32.8045],[35.15063,32.8052],[35.14751,32.80603],[35.14766,32.8065],[35.14755,32.80772],[35.1472,32.80898],[35.1475,32.8097],[35.14895,32.81449],[35.14995,32.81813],[35.15077,32.82089],[35.15148,32.82313],[35.14909,32.82215],[35.14874,32.82232],[35.14438,32.823],[35.14076,32.82429],[35.13984,32.82451],[35.13769,32.82449],[35.13715,32.82443],[35.13593,32.82394],[35.13464,32.82408],[35.13375,32.82424],[35.13235,32.82462],[35.13076,32.82516],[35.12949,32.82544],[35.12769,32.82553],[35.12625,32.82616],[35.12496,32.82655],[35.12388,32.82668],[35.12228,32.82675],[35.12196,32.8267],[35.12261,32.83227],[35.11879,32.83223],[35.11849,32.83125],[35.118,32.83022],[35.11771,32.82979],[35.11728,32.82854],[35.11705,32.82726],[35.11625,32.82735],[35.11442,32.82767],[35.11305,32.82804],[35.11229,32.82817],[35.11025,32.82878],[35.11194,32.83126],[35.11185,32.83135],[35.11062,32.83464],[35.10965,32.83507],[35.11268,32.83867],[35.11434,32.84068],[35.11141,32.84249],[35.11038,32.84307],[35.10926,32.84382],[35.10794,32.84451],[35.10629,32.84522],[35.10706,32.84661],[35.10677,32.8467],[35.10769,32.84768],[35.10966,32.84887],[35.10952,32.84924],[35.10991,32.85031],[35.10676,32.85196],[35.10605,32.85264],[35.10582,32.8534],[35.10602,32.85515],[35.10607,32.85676],[35.10642,32.85953],[35.10631,32.86069],[35.10588,32.8609],[35.10286,32.86079],[35.10296,32.86101],[35.10287,32.86275],[35.1029,32.86402],[35.10305,32.86442],[35.1035,32.86452],[35.10369,32.86492],[35.10375,32.86561],[35.10325,32.86689],[35.10271,32.86776],[35.10305,32.8706],[35.10351,32.87249],[35.10275,32.87263],[35.10264,32.87222],[35.10115,32.872],[35.09984,32.8722],[35.09986,32.8733],[35.09511,32.8738],[35.09031,32.87365],[35.091,32.87876],[35.08976,32.88308],[35.08771,32.88624],[35.0878,32.8867],[35.07724,32.88764],[35.07412,32.87766],[35.07225,32.87338],[35.07159,32.87171],[35.07126,32.87065],[35.07052,32.86867],[35.06999,32.86708],[35.0697,32.86661],[35.0695,32.86595],[35.06877,32.86414],[35.068,32.86173],[35.06794,32.86139],[35.06744,32.86062],[35.06711,32.85957],[35.06652,32.85861],[35.06631,32.85803],[35.0648,32.85488],[35.0635,32.85223],[35.06264,32.85111],[35.06168,32.84957],[35.06133,32.84884],[35.05915,32.84481],[35.05634,32.8402],[35.05617,32.83996],[35.05218,32.84254],[35.0463,32.83565],[35.0505,32.83291],[35.04991,32.83222],[35.04662,32.82857],[35.04149,32.82333],[35.03993,32.82204],[35.03764,32.82047],[35.03579,32.81939],[35.03405,32.81847],[35.03219,32.81759],[35.03187,32.81739],[35.03084,32.81705],[35.02893,32.81651],[35.02677,32.81582],[35.02337,32.81732],[35.02344,32.81745],[35.0229,32.82282],[35.02218,32.83014],[35.01893,32.8275],[35.01779,32.82801],[35.01652,32.82752],[35.01631,32.82767],[35.01503,32.82713],[35.01366,32.82667],[35.01278,32.82649],[35.0095,32.8257],[35.00782,32.8256],[35.00706,32.82563],[35.00532,32.8259],[35.00416,32.82626],[34.99354,32.83002],[34.99023,32.8312],[34.99027,32.83255],[34.99008,32.83314],[34.98964,32.8338],[34.98754,32.83571],[34.98719,32.83585],[34.98649,32.83589],[34.98582,32.8357],[34.9855,32.83539],[34.98522,32.83569],[34.98353,32.83634],[34.98255,32.83653],[34.98117,32.83657],[34.98088,32.83674],[34.97526,32.83825],[34.96458,32.83823],[34.9486,32.82648],[34.94872,32.78371],[34.95434,32.78424],[34.95397,32.78165],[34.95366,32.779],[34.95335,32.77768],[34.95294,32.77323],[34.95215,32.76758],[34.9517,32.76365],[34.9512,32.76025],[34.95094,32.7581],[34.95069,32.75684],[34.94996,32.75114],[34.94873,32.74252],[34.94758,32.73421],[34.94726,32.73274],[34.94618,32.72701],[34.94516,32.72222],[34.94296,32.7145],[34.94258,32.71306],[34.94165,32.71044],[34.94105,32.70946],[34.93984,32.70786],[34.93882,32.70686],[34.93782,32.7063],[34.9367,32.70582],[34.93536,32.70568],[34.9349,32.70609],[34.93315,32.70602],[34.93268,32.70611],[34.93247,32.70586],[34.93267,32.70558],[34.93255,32.70523],[34.93218,32.70505],[34.93216,32.7046],[34.93301,32.70441],[34.93341,32.70478],[34.93405,32.70467],[34.93474,32.70429],[34.93538,32.70292],[34.93544,32.7021],[34.93486,32.70114],[34.9346,32.70055],[34.93399,32.6998],[34.93214,32.6986],[34.93105,32.69842],[34.93023,32.69845],[34.93003,32.69795],[34.92946,32.69781],[34.92872,32.69807],[34.92805,32.69812],[34.92761,32.6979],[34.92748,32.69763],[34.92775,32.69611],[34.92731,32.69573],[34.92747,32.69531],[34.92706,32.69457],[34.92707,32.69363],[34.92722,32.69309],[34.92686,32.69241],[34.92721,32.69204],[34.9276,32.69192],[34.92808,32.69129],[34.92846,32.69118],[34.92861,32.69076],[34.92931,32.69094],[34.92941,32.69012],[34.9291,32.68973],[34.92863,32.68954],[34.92899,32.68925],[34.92914,32.68866],[34.92872,32.68804],[34.92805,32.68765],[34.92749,32.6875],[34.92779,32.68717],[34.92834,32.68703],[34.92836,32.68666],[34.92814,32.68633],[34.92723,32.68592],[34.92634,32.6857],[34.92653,32.68524],[34.92691,32.68526],[34.92749,32.68501],[34.92798,32.68444],[34.9282,32.68328],[34.92765,32.6828],[34.92682,32.68287],[34.92681,32.68243],[34.92762,32.68186],[34.92781,32.68153],[34.92756,32.68125],[34.9272,32.6813],[34.92651,32.68107],[34.92653,32.68059],[34.92692,32.68059],[34.92686,32.67997],[34.92721,32.6793],[34.92785,32.67921],[34.92866,32.67883],[34.92896,32.67782],[34.92919,32.67675],[34.92927,32.67477],[34.92914,32.67344],[34.92887,32.67197],[34.92868,32.67156],[34.92858,32.67074],[34.92834,32.67003],[34.92782,32.66925],[34.92824,32.6691],[34.92797,32.66777],[34.92787,32.66642],[34.92754,32.66541],[34.92684,32.66549],[34.92674,32.66518],[34.92734,32.66497],[34.92748,32.6645],[34.92681,32.66182],[34.92661,32.66078],[34.92544,32.66086],[34.92495,32.6607],[34.9255,32.66007],[34.92563,32.65954],[34.92651,32.65929],[34.9269,32.65884],[34.92701,32.65847],[34.92693,32.65741],[34.92668,32.65668],[34.92635,32.65418],[34.92579,32.65146],[34.92572,32.65042],[34.9255,32.64981],[34.92476,32.64886],[34.92488,32.64827],[34.92479,32.64795],[34.9244,32.64752],[34.92295,32.64767],[34.9222,32.64696],[34.92271,32.64675],[34.92269,32.64609],[34.92231,32.6458],[34.92228,32.64537],[34.92311,32.64537],[34.92352,32.64526],[34.92424,32.64469],[34.92372,32.64453],[34.92338,32.64425],[34.92381,32.64376],[34.92325,32.64331],[34.92268,32.64358],[34.92195,32.64363],[34.92192,32.64264],[34.92119,32.6426],[34.92102,32.64245],[34.92139,32.64197],[34.92217,32.64148],[34.92218,32.64115],[34.92306,32.64124],[34.92316,32.64061],[34.9228,32.64057],[34.92289,32.64005],[34.92331,32.63938],[34.92298,32.6381],[34.92251,32.63777],[34.92203,32.63686],[34.92146,32.63698],[34.92091,32.6368],[34.92129,32.63649],[34.92222,32.63526],[34.9221,32.63501],[34.92145,32.63465],[34.9214,32.63433],[34.92169,32.63397],[34.92174,32.63339],[34.92145,32.6326],[34.92177,32.63194],[34.92077,32.63116],[34.92046,32.63042],[34.92048,32.62992],[34.92076,32.6298],[34.9209,32.6294],[34.92071,32.62894],[34.91964,32.62898],[34.9199,32.62857],[34.91982,32.62823],[34.92012,32.62808],[34.91985,32.62753],[34.92035,32.62731],[34.91986,32.62684],[34.92005,32.62667],[34.91968,32.6263],[34.91935,32.62624],[34.9189,32.62577],[34.91959,32.62512],[34.9186,32.62474],[34.91892,32.62444],[34.91982,32.62443],[34.91999,32.62408],[34.91981,32.62316],[34.92054,32.62246],[34.92056,32.6221],[34.91996,32.6216],[34.91851,32.62104],[34.91847,32.6207],[34.91804,32.62049],[34.91736,32.62038],[34.91687,32.62068],[34.91644,32.61974],[34.917,32.61881],[34.91666,32.61825],[34.91628,32.61806],[34.91627,32.61761],[34.91594,32.61757],[34.91586,32.61657],[34.91531,32.61636],[34.9166,32.61597],[34.91734,32.61596],[34.91768,32.61512],[34.9175,32.61411],[34.91698,32.61366],[34.91615,32.61355],[34.91582,32.61432],[34.91515,32.61415],[34.91496,32.61333],[34.91441,32.61335],[34.91491,32.61266],[34.91541,32.61279],[34.91635,32.61248],[34.91629,32.61192],[34.91601,32.61141],[34.91634,32.61009],[34.91615,32.60936],[34.91637,32.60901],[34.91627,32.60857],[34.91586,32.6086],[34.91438,32.60987],[34.91405,32.60999],[34.91351,32.60862],[34.91423,32.60768],[34.91409,32.60598],[34.91452,32.60567],[34.91517,32.60585],[34.91722,32.60459],[34.91633,32.60062],[34.91648,32.60006],[34.91634,32.59941],[34.91637,32.59886],[34.91603,32.59767],[34.91577,32.59721],[34.91555,32.59617],[34.91563,32.59572],[34.91531,32.59436],[34.91545,32.59358],[34.91508,32.59235],[34.91479,32.59038],[34.91481,32.58988],[34.9145,32.58942],[34.9145,32.58845],[34.91421,32.58731],[34.91419,32.58648],[34.91404,32.58591],[34.91376,32.58395],[34.91356,32.58331],[34.91319,32.58127],[34.91323,32.58095],[34.91297,32.58021],[34.91276,32.57871],[34.91227,32.57696],[34.91214,32.57619],[34.91203,32.57474],[34.91165,32.57384],[34.91158,32.57275],[34.91102,32.57146],[34.91097,32.57073],[34.91003,32.56783],[34.90996,32.56651],[34.90924,32.56455],[34.90921,32.56366],[34.90889,32.56232],[34.90819,32.56038],[34.90809,32.55975],[34.90716,32.55766],[34.90607,32.55632],[34.9052,32.55506],[34.9052,32.55422],[34.90542,32.55332],[34.90524,32.55136],[34.9053,32.55068],[34.90521,32.54935],[34.90466,32.54743],[34.90466,32.54567],[34.90406,32.54397],[34.90378,32.54196],[34.90241,32.53938],[34.90183,32.53965],[34.90124,32.53937],[34.90085,32.53904],[34.9015,32.5375],[34.9013,32.53692],[34.90125,32.53629],[34.90155,32.53562],[34.90136,32.53503],[34.90162,32.53431],[34.90152,32.53369],[34.90079,32.53211],[34.90099,32.53195],[34.90124,32.53131],[34.90092,32.52978],[34.90101,32.52946],[34.90024,32.52794],[34.89977,32.52747],[34.89989,32.52673],[34.89985,32.52612],[34.89947,32.52528],[34.8987,32.52468],[34.89894,32.52435],[34.89901,32.5238],[34.89854,32.52205],[34.89859,32.52075],[34.89846,32.52],[34.89854,32.51943],[34.89775,32.51671],[34.8972,32.51544],[34.89606,32.51323],[34.89587,32.51246],[34.89623,32.51163],[34.89595,32.51067],[34.89538,32.50926],[34.89479,32.50827],[34.89412,32.50744],[34.89347,32.50681],[34.8927,32.50628],[34.89199,32.50617],[34.89192,32.50532],[34.89115,32.50469],[34.89102,32.50406],[34.89068,32.50364],[34.89103,32.50296],[34.89106,32.50233],[34.89049,32.50175],[34.88978,32.50204],[34.88962,32.50177],[34.89058,32.50134],[34.89085,32.50095],[34.89086,32.4999],[34.89061,32.49852],[34.8902,32.49769],[34.88942,32.49749],[34.88901,32.49725],[34.88846,32.49727],[34.88842,32.497],[34.88925,32.49682],[34.88975,32.49682],[34.88982,32.49616],[34.88943,32.49541],[34.88963,32.49527],[34.88989,32.49426],[34.8896,32.49371],[34.88855,32.49289],[34.88877,32.49173],[34.88866,32.49128],[34.88817,32.49074],[34.88808,32.49005],[34.88865,32.48789],[34.88851,32.48619],[34.88824,32.48496],[34.88822,32.48411],[34.88795,32.48323],[34.88775,32.48169],[34.88751,32.48044],[34.88694,32.47864],[34.88678,32.47773],[34.88652,32.47684],[34.86236,32.47686],[34.86241,32.46378],[34.88276,32.4632],[34.88096,32.45743],[34.88094,32.45655],[34.87897,32.45068],[34.8788,32.44963],[34.87904,32.44927],[34.8786,32.44771],[34.87801,32.44717],[34.87813,32.44642],[34.87801,32.44595],[34.87855,32.44519],[34.87846,32.44473],[34.87775,32.44319],[34.8769,32.44238],[34.87706,32.44161],[34.87743,32.44133],[34.87737,32.44079],[34.87761,32.44007],[34.87762,32.439],[34.87719,32.43737],[34.87667,32.43606],[34.87651,32.43541],[34.87616,32.43471],[34.87533,32.43373],[34.87504,32.43289],[34.87507,32.43226],[34.87536,32.43191],[34.87543,32.43138],[34.87453,32.43072],[34.87434,32.43034],[34.87419,32.42924],[34.87417,32.42841],[34.87435,32.42786],[34.87383,32.42634],[34.8735,32.42592],[34.87283,32.42233],[34.87206,32.41898],[34.87138,32.41731],[34.87098,32.41672],[34.87123,32.41615],[34.87041,32.41317],[34.86903,32.41127],[34.8705,32.41083],[34.871,32.41128],[34.8721,32.41056],[34.87256,32.41037],[34.87282,32.41005],[34.87429,32.41005],[34.87953,32.40979],[34.88078,32.4095],[34.88272,32.4081],[34.88369,32.40805],[34.8871,32.40747],[34.8943,32.40643],[34.8986,32.40586],[34.905,32.40495],[34.90771,32.40421],[34.9094,32.40382],[34.91027,32.40368],[34.91095,32.40677],[34.91175,32.40844],[34.91263,32.41084],[34.91274,32.41153],[34.91572,32.41236],[34.9173,32.41263],[34.91828,32.4127],[34.92078,32.41276],[34.92335,32.41261],[34.92775,32.41205],[34.9297,32.4117],[34.93356,32.41113],[34.93373,32.40964],[34.93678,32.4095],[34.94416,32.40906],[34.94728,32.4089],[34.94749,32.40812],[34.9514,32.40777],[34.95219,32.40734],[34.95761,32.40626],[34.96047,32.40558],[34.96224,32.40558],[34.96526,32.40532],[34.96672,32.40514],[34.96776,32.40491],[34.97099,32.40457],[34.97157,32.40461],[34.97291,32.40446],[34.97487,32.4041],[34.97796,32.40342],[34.97829,32.40469],[34.97873,32.40554],[34.97965,32.40571],[34.97976,32.40518],[34.98001,32.40513],[34.98031,32.40407],[34.98106,32.40256],[34.98173,32.40168],[34.98238,32.40102],[34.98316,32.4004],[34.98423,32.39974],[34.98654,32.39878],[34.99165,32.39672],[34.99261,32.39629],[34.99435,32.39523],[34.99602,32.3941],[34.99683,32.39347],[34.99749,32.39272],[34.99805,32.39196],[34.99883,32.39026],[35.00038,32.38672],[35.00174,32.38348],[35.00236,32.38237],[35.0039,32.38203],[35.00478,32.38173],[35.00643,32.38151],[35.00805,32.38149],[35.00975,32.38137],[35.01137,32.38114],[35.01359,32.38065],[35.01496,32.38019],[35.01605,32.37965],[35.01561,32.37828],[35.01805,32.37772],[35.01784,32.3769],[35.01824,32.3768],[35.0177,32.3751],[35.01832,32.37499],[35.0219,32.37391],[35.02367,32.37345],[35.02405,32.37474],[35.02436,32.37466],[35.02477,32.37559],[35.02511,32.37602],[35.02609,32.37522],[35.02658,32.37457],[35.02732,32.37303],[35.02779,32.37242],[35.02854,32.37219],[35.02924,32.37219],[35.02879,32.37348],[35.02942,32.37369],[35.03013,32.37437],[35.02996,32.37538],[35.03098,32.37563],[35.03107,32.37588],[35.03196,32.37616],[35.03289,32.37628],[35.03356,32.37609],[35.03463,32.37599],[35.0355,32.37645],[35.03658,32.3767],[35.03739,32.37677],[35.03909,32.3767],[35.04055,32.37713],[35.04172,32.37768],[35.0422,32.3778],[35.04197,32.37784],[35.04017,32.38063],[35.04085,32.38117],[35.04087,32.38204],[35.04324,32.38493],[35.04419,32.38664],[35.04457,32.38773],[35.04452,32.38858],[35.04508,32.38959],[35.04698,32.38973],[35.0485,32.39313],[35.04869,32.39348],[35.04869,32.39471],[35.049,32.39549],[35.049,32.39607],[35.04945,32.39692],[35.05309,32.40171],[35.05387,32.40279],[35.05464,32.40891],[35.05501,32.41143],[35.05506,32.41203],[35.05396,32.41204],[35.05373,32.41399],[35.05334,32.41556],[35.05332,32.41611],[35.05417,32.41748],[35.05495,32.41801],[35.05674,32.41881],[35.05705,32.41921],[35.05688,32.42093],[35.05651,32.42295],[35.05749,32.42576],[35.05852,32.42651],[35.0589,32.42711],[35.05941,32.42864],[35.05984,32.42943],[35.05982,32.43033],[35.06017,32.43337],[35.06037,32.43446],[35.06098,32.4351],[35.06116,32.43563],[35.06088,32.43646],[35.06117,32.43706],[35.06173,32.43706],[35.0619,32.43849],[35.06207,32.43944],[35.06279,32.44021],[35.06363,32.44096],[35.06518,32.44273],[35.06576,32.44309],[35.06569,32.44393],[35.06531,32.44645],[35.06509,32.44754],[35.06503,32.4483],[35.06534,32.44944],[35.06575,32.45026],[35.06643,32.45125],[35.06695,32.45178],[35.06794,32.45226],[35.0701,32.45294],[35.07159,32.45356],[35.07258,32.45461],[35.07298,32.45554],[35.07301,32.45596],[35.07202,32.45723],[35.07442,32.45949],[35.07489,32.46082],[35.07529,32.46151],[35.07567,32.46195],[35.07659,32.46252],[35.07753,32.4635],[35.07813,32.46398],[35.079,32.46495],[35.08004,32.46581],[35.08088,32.46668],[35.08181,32.46749],[35.08259,32.46803],[35.0835,32.46809],[35.08502,32.46867],[35.08593,32.46922],[35.08751,32.47087],[35.08827,32.47142],[35.08841,32.47179],[35.08975,32.473],[35.08997,32.47353],[35.09024,32.47461],[35.09072,32.47505],[35.09127,32.47534],[35.09167,32.47577],[35.09255,32.47629],[35.09429,32.47674],[35.09502,32.47685],[35.09634,32.47756],[35.09833,32.47795],[35.09899,32.47795],[35.10061,32.47738],[35.10095,32.47745],[35.10175,32.47805],[35.10208,32.47814],[35.10377,32.47778],[35.10503,32.47738],[35.10626,32.47667],[35.10649,32.47635],[35.10726,32.47598],[35.10809,32.47594],[35.10948,32.47645],[35.11013,32.47694],[35.11076,32.47704],[35.11125,32.47776],[35.1121,32.47781],[35.11284,32.47795],[35.11325,32.47942],[35.11462,32.47994],[35.11947,32.48101],[35.12344,32.48276],[35.12504,32.4837],[35.12556,32.48394],[35.12601,32.48446],[35.12623,32.48496],[35.12731,32.48577],[35.13483,32.49048],[35.13678,32.49151],[35.1376,32.49202],[35.13998,32.49338],[35.13772,32.49442],[35.13888,32.49618],[35.14465,32.49618],[35.14703,32.49741],[35.14933,32.49898],[35.15292,32.5011],[35.15463,32.50197],[35.15553,32.50301],[35.156,32.50293],[35.15936,32.50374],[35.1606,32.50419],[35.16165,32.506],[35.16269,32.50727],[35.16388,32.50882],[35.16769,32.51102],[35.17024,32.51301],[35.17163,32.51432],[35.17257,32.51506],[35.17313,32.51539],[35.17454,32.51662],[35.17678,32.51838],[35.17721,32.51882],[35.17707,32.52031],[35.17819,32.5219],[35.18011,32.52409],[35.18078,32.5244],[35.18425,32.5238],[35.18474,32.52377],[35.18623,32.52343],[35.18657,32.52356],[35.18709,32.52349],[35.18764,32.52409],[35.18834,32.52467],[35.18845,32.52509],[35.18921,32.52628],[35.19239,32.5295],[35.19353,32.53083],[35.19545,32.53292],[35.19662,32.5355],[35.19765,32.53623],[35.19833,32.53683],[35.20097,32.53898],[35.20263,32.54009],[35.20415,32.541],[35.20488,32.54118],[35.20533,32.54153],[35.20827,32.54243],[35.20878,32.54246],[35.2103,32.54303],[35.21002,32.54321],[35.20927,32.54314],[35.20811,32.5428],[35.20631,32.54269],[35.20546,32.54289],[35.20467,32.54266],[35.20352,32.54274],[35.20355,32.54321],[35.204,32.5447],[35.20396,32.54526],[35.20288,32.54569]]]},"properties":{"area_code":"3","area_name":"Haifa District","area_unit_id":"il-district-2022-cbs-moin:3","boundary_set_id":"il-district-2022-cbs-moin","boundary_level":"district","land_area_sq_km":876.3619742566025}},
{"type":"Feature","geometry":{"type":"Polygon","coordinates":[[[34.99994,31.85362],[35.00227,31.85427],[35.00325,31.85445],[35.00577,31.85478],[35.00748,31.85497],[35.01058,31.85518],[35.0134,31.85554],[35.01536,31.85588],[35.01657,31.85597],[35.01844,31.85594],[35.02072,31.85578],[35.02488,31.8556],[35.02604,31.85551],[35.02778,31.85545],[35.03011,31.85551],[35.03119,31.85586],[35.03209,31.85649],[35.03287,31.85722],[35.03347,31.85808],[35.03419,31.85997],[35.03456,31.86143],[35.03486,31.86239],[35.03521,31.86385],[35.03635,31.86719],[35.0362,31.86723],[35.03729,31.87049],[35.03724,31.87153],[35.03729,31.87302],[35.03746,31.87638],[35.03816,31.87694],[35.03823,31.87726],[35.03864,31.88083],[35.03915,31.88587],[35.03918,31.88884],[35.03927,31.8939],[35.03878,31.89552],[35.03853,31.89651],[35.03841,31.89784],[35.03892,31.90328],[35.03886,31.90684],[35.03808,31.91067],[35.03746,31.91194],[35.037,31.91314],[35.03656,31.91458],[35.03608,31.91574],[35.03581,31.91657],[35.03447,31.91946],[35.03366,31.92062],[35.03189,31.9226],[35.03106,31.92347],[35.02969,31.92453],[35.02851,31.92522],[35.02744,31.92545],[35.02551,31.92576],[35.02313,31.92599],[35.02047,31.92604],[35.01371,31.92715],[35.01249,31.92769],[35.01176,31.92813],[35.00943,31.92921],[35.00821,31.93019],[35.00699,31.93142],[35.00498,31.93299],[35.00408,31.93385],[35.00317,31.93483],[35.00259,31.93614],[35.00235,31.93749],[35.00284,31.93917],[35.00286,31.93945],[35.00445,31.94169],[35.00539,31.94285],[35.00652,31.94458],[35.00695,31.94574],[35.00687,31.94633],[35.00659,31.9467],[35.00475,31.94793],[35.0043,31.94811],[35.00198,31.94939],[35.00125,31.94985],[34.99922,31.95134],[34.99464,31.95557],[34.99492,31.95587],[34.99495,31.95629],[34.99177,31.95935],[34.99032,31.96099],[34.98835,31.9677],[34.98755,31.96782],[34.98684,31.97059],[34.98784,31.9708],[34.98929,31.97085],[34.99407,31.97278],[34.99491,31.97543],[34.99573,31.97879],[34.99623,31.98119],[34.99642,31.98132],[34.99694,31.98314],[34.99742,31.98519],[34.99808,31.98836],[34.99858,31.99128],[34.99887,31.99197],[34.99916,31.99355],[34.99931,31.99485],[34.99941,31.99698],[34.9993,31.9989],[34.99912,32.00471],[34.99929,32.00761],[34.99944,32.01111],[34.99968,32.01385],[34.99956,32.01748],[34.99986,32.01789],[35.00235,32.01865],[35.00386,32.01998],[35.0052,32.02184],[35.00493,32.02285],[35.00447,32.02676],[35.00374,32.03339],[35.0034,32.037],[35.0026,32.04149],[35.00168,32.04488],[34.99964,32.05185],[34.99799,32.0567],[34.99625,32.06144],[34.99552,32.06326],[34.99318,32.06922],[34.99247,32.07115],[34.99056,32.07671],[34.98918,32.08108],[34.9884,32.08363],[34.98713,32.08755],[34.98631,32.08978],[34.98557,32.08931],[34.98473,32.08902],[34.98323,32.08874],[34.98278,32.08888],[34.98251,32.08956],[34.98261,32.09045],[34.98287,32.09118],[34.98315,32.09156],[34.98335,32.09216],[34.98376,32.09287],[34.98413,32.0931],[34.98528,32.09493],[34.9857,32.09599],[34.98565,32.09655],[34.98648,32.099],[34.98635,32.1],[34.98616,32.1003],[34.98821,32.10162],[34.98919,32.10189],[34.98992,32.10186],[34.99107,32.10235],[34.99077,32.10336],[34.9902,32.10401],[34.99007,32.10446],[34.99034,32.10513],[34.99097,32.10545],[34.9918,32.10547],[34.99231,32.10574],[34.99319,32.10641],[34.99352,32.10718],[34.99351,32.10834],[34.99382,32.10916],[34.99379,32.10945],[34.99273,32.11059],[34.99155,32.11267],[34.99123,32.11303],[34.98895,32.11498],[34.9889,32.11513],[34.98893,32.11831],[34.98898,32.11866],[34.98862,32.11973],[34.98587,32.12319],[34.98529,32.12554],[34.98524,32.12576],[34.98496,32.12726],[34.98494,32.1274],[34.98503,32.12779],[34.98542,32.12942],[34.98551,32.13025],[34.98566,32.13044],[34.98607,32.13094],[34.98647,32.13143],[34.98726,32.13241],[34.98745,32.13263],[34.98778,32.13303],[34.98823,32.13356],[34.98871,32.13414],[34.98792,32.13578],[34.98776,32.13654],[34.98764,32.13759],[34.98757,32.13822],[34.98752,32.13861],[34.98809,32.13861],[34.98889,32.13861],[34.98907,32.13861],[34.99018,32.14243],[34.99045,32.1433],[34.98772,32.14669],[34.9874,32.14751],[34.98634,32.14859],[34.98465,32.14858],[34.98438,32.14879],[34.98266,32.149],[34.97935,32.14885],[34.97436,32.15242],[34.97449,32.15307],[34.97509,32.15457],[34.97592,32.15538],[34.97655,32.15635],[34.97743,32.15791],[34.97733,32.1587],[34.97751,32.15885],[34.97414,32.16274],[34.97058,32.16493],[34.97092,32.16622],[34.96719,32.16893],[34.96688,32.16903],[34.96401,32.16891],[34.96424,32.17082],[34.96447,32.17319],[34.96348,32.17314],[34.96143,32.17361],[34.96106,32.17411],[34.9596,32.17561],[34.95721,32.19019],[34.9576,32.19073],[34.95962,32.19331],[34.96043,32.19348],[34.96023,32.1941],[34.96021,32.1946],[34.96046,32.19587],[34.96105,32.19743],[34.96161,32.19727],[34.96201,32.19845],[34.96275,32.19949],[34.96386,32.19985],[34.96567,32.20025],[34.9658,32.20064],[34.96661,32.20071],[34.96749,32.2006],[34.96974,32.20082],[34.97028,32.20099],[34.97099,32.20091],[34.97195,32.20046],[34.97285,32.20018],[34.9735,32.20009],[34.97433,32.20041],[34.97542,32.20055],[34.97618,32.20097],[34.9772,32.2023],[34.97765,32.20268],[34.97834,32.20302],[34.97939,32.20316],[34.98064,32.20319],[34.98117,32.20301],[34.98219,32.20363],[34.98381,32.20533],[34.98443,32.20623],[34.9861,32.20648],[34.98702,32.20652],[34.98796,32.20681],[34.98908,32.20741],[34.99038,32.2092],[34.99103,32.21061],[34.99119,32.21135],[34.99121,32.21221],[34.99156,32.21282],[34.99402,32.21526],[34.99473,32.21583],[34.99508,32.2159],[34.9974,32.21767],[35.0001,32.21954],[35.00218,32.22151],[35.00402,32.22321],[35.0051,32.22396],[35.006,32.22516],[35.00788,32.22688],[35.00999,32.22991],[35.01078,32.23051],[35.01093,32.23081],[35.01044,32.23173],[35.01075,32.23235],[35.01136,32.23309],[35.01245,32.23344],[35.01419,32.23533],[35.01486,32.23497],[35.01529,32.23488],[35.01716,32.23361],[35.01783,32.23335],[35.01854,32.23337],[35.01916,32.23378],[35.02028,32.23436],[35.01986,32.23554],[35.0202,32.23812],[35.02017,32.23963],[35.01925,32.24206],[35.01954,32.24264],[35.02247,32.24671],[35.0233,32.24766],[35.02399,32.24865],[35.02367,32.25478],[35.0259,32.25901],[35.02625,32.25954],[35.02712,32.25984],[35.02786,32.26028],[35.02851,32.26039],[35.02928,32.26218],[35.02919,32.2631],[35.02937,32.26364],[35.03041,32.26505],[35.03056,32.26557],[35.03013,32.26647],[35.02857,32.2693],[35.02721,32.27165],[35.02612,32.27361],[35.02588,32.2739],[35.02463,32.27421],[35.02396,32.27445],[35.02316,32.2751],[35.02291,32.27595],[35.02258,32.27671],[35.02198,32.27711],[35.02118,32.27735],[35.01949,32.27919],[35.01647,32.28048],[35.01569,32.28046],[35.01504,32.28018],[35.0145,32.27958],[35.01168,32.27964],[35.01096,32.28019],[35.00974,32.28047],[35.00893,32.28134],[35.00936,32.28199],[35.00973,32.28327],[35.00984,32.28408],[35.01004,32.28474],[35.01049,32.28532],[35.01104,32.28642],[35.01122,32.28707],[35.01126,32.28786],[35.01165,32.28878],[35.01237,32.29014],[35.01301,32.29189],[35.01346,32.29326],[35.01351,32.29382],[35.01316,32.29399],[35.01227,32.29408],[35.01234,32.29456],[35.01248,32.29677],[35.01262,32.30021],[35.01272,32.30356],[35.01271,32.30749],[35.01276,32.30786],[35.01473,32.31077],[35.01515,32.31116],[35.01552,32.31179],[35.01564,32.31257],[35.01553,32.31488],[35.01569,32.31648],[35.01572,32.31891],[35.01593,32.32094],[35.01616,32.32571],[35.01641,32.33043],[35.01646,32.33425],[35.01657,32.33875],[35.01758,32.33943],[35.01849,32.33996],[35.01943,32.34069],[35.01975,32.34109],[35.02179,32.34103],[35.02262,32.34073],[35.02435,32.34045],[35.02472,32.34003],[35.02698,32.34018],[35.02739,32.3414],[35.02748,32.34262],[35.02803,32.34383],[35.02829,32.34532],[35.02827,32.34652],[35.02866,32.3468],[35.02931,32.34662],[35.0297,32.34671],[35.03104,32.34639],[35.03213,32.3463],[35.03316,32.34586],[35.03385,32.34579],[35.03521,32.34587],[35.03618,32.34604],[35.03791,32.34576],[35.03836,32.34582],[35.0389,32.34611],[35.03954,32.34622],[35.04041,32.34651],[35.0408,32.34675],[35.04146,32.34738],[35.04161,32.34831],[35.04206,32.34889],[35.04199,32.35066],[35.04204,32.35165],[35.04198,32.35208],[35.041,32.35377],[35.04087,32.35411],[35.04086,32.3548],[35.04108,32.35533],[35.04285,32.3574],[35.04362,32.35737],[35.04384,32.35762],[35.04392,32.35838],[35.04415,32.35878],[35.04453,32.35908],[35.04554,32.35879],[35.04592,32.35886],[35.04687,32.35965],[35.0477,32.35947],[35.04854,32.35972],[35.04884,32.36],[35.04944,32.36136],[35.04987,32.36311],[35.05044,32.3639],[35.05084,32.36427],[35.0506,32.36491],[35.05152,32.36715],[35.0489,32.3765],[35.04883,32.37661],[35.0422,32.3778],[35.04172,32.37768],[35.04055,32.37713],[35.03909,32.3767],[35.03739,32.37677],[35.03658,32.3767],[35.0355,32.37645],[35.03463,32.37599],[35.03356,32.37609],[35.03289,32.37628],[35.03196,32.37616],[35.03107,32.37588],[35.03098,32.37563],[35.02996,32.37538],[35.03013,32.37437],[35.02942,32.37369],[35.02879,32.37348],[35.02924,32.37219],[35.02854,32.37219],[35.02779,32.37242],[35.02732,32.37303],[35.02658,32.37457],[35.02609,32.37522],[35.02511,32.37602],[35.02477,32.37559],[35.02436,32.37466],[35.02405,32.37474],[35.02367,32.37345],[35.0219,32.37391],[35.01832,32.37499],[35.0177,32.3751],[35.01824,32.3768],[35.01784,32.3769],[35.01805,32.37772],[35.01561,32.37828],[35.01605,32.37965],[35.01496,32.38019],[35.01359,32.38065],[35.01137,32.38114],[35.00975,32.38137],[35.00805,32.38149],[35.00643,32.38151],[35.00478,32.38173],[35.0039,32.38203],[35.00236,32.38237],[35.00174,32.38348],[35.00038,32.38672],[34.99883,32.39026],[34.99805,32.39196],[34.99749,32.39272],[34.99683,32.39347],[34.99602,32.3941],[34.99435,32.39523],[34.99261,32.39629],[34.99165,32.39672],[34.98654,32.39878],[34.98423,32.39974],[34.98316,32.4004],[34.98238,32.40102],[34.98173,32.40168],[34.98106,32.40256],[34.98031,32.40407],[34.98001,32.40513],[34.97976,32.40518],[34.97965,32.40571],[34.97873,32.40554],[34.97829,32.40469],[34.97796,32.40342],[34.97487,32.4041],[34.97291,32.40446],[34.97157,32.40461],[34.97099,32.40457],[34.96776,32.40491],[34.96672,32.40514],[34.96526,32.40532],[34.96224,32.40558],[34.96047,32.40558],[34.95761,32.40626],[34.95219,32.40734],[34.9514,32.40777],[34.94749,32.40812],[34.94728,32.4089],[34.94416,32.40906],[34.93678,32.4095],[34.93373,32.40964],[34.93356,32.41113],[34.9297,32.4117],[34.92775,32.41205],[34.92335,32.41261],[34.92078,32.41276],[34.91828,32.4127],[34.9173,32.41263],[34.91572,32.41236],[34.91274,32.41153],[34.91263,32.41084],[34.91175,32.40844],[34.91095,32.40677],[34.91027,32.40368],[34.9094,32.40382],[34.90771,32.40421],[34.905,32.40495],[34.8986,32.40586],[34.8943,32.40643],[34.8871,32.40747],[34.88369,32.40805],[34.88272,32.4081],[34.88078,32.4095],[34.87953,32.40979],[34.87429,32.41005],[34.87282,32.41005],[34.87256,32.41037],[34.8721,32.41056],[34.871,32.41128],[34.8705,32.41083],[34.86903,32.41127],[34.86876,32.41088],[34.86863,32.41024],[34.86831,32.40974],[34.86811,32.40877],[34.86754,32.40649],[34.86728,32.40619],[34.8672,32.40549],[34.86677,32.4049],[34.86634,32.40398],[34.86667,32.40324],[34.86652,32.40236],[34.86595,32.40167],[34.86543,32.40189],[34.8656,32.40073],[34.86573,32.39924],[34.86561,32.39793],[34.86507,32.39608],[34.86518,32.39588],[34.86429,32.39099],[34.86341,32.3875],[34.86304,32.38617],[34.86186,32.3827],[34.86094,32.37973],[34.8607,32.37867],[34.86025,32.37623],[34.8592,32.37177],[34.8583,32.36807],[34.85816,32.36726],[34.85786,32.36635],[34.85756,32.3658],[34.85756,32.36546],[34.85717,32.36435],[34.85714,32.36395],[34.85681,32.36328],[34.8568,32.36266],[34.85663,32.36212],[34.85632,32.36197],[34.85619,32.36134],[34.85634,32.3607],[34.85614,32.36],[34.85599,32.3589],[34.85562,32.3584],[34.85586,32.35819],[34.85569,32.35723],[34.85548,32.3568],[34.85555,32.35652],[34.85525,32.35528],[34.85473,32.35371],[34.85425,32.3527],[34.85444,32.35201],[34.85416,32.35111],[34.85411,32.35058],[34.85377,32.35007],[34.85377,32.34966],[34.85405,32.34896],[34.85366,32.34786],[34.85373,32.34748],[34.85358,32.3467],[34.85335,32.34666],[34.85243,32.34298],[34.85066,32.33727],[34.85022,32.33546],[34.85017,32.33469],[34.84992,32.33438],[34.84905,32.33103],[34.84818,32.32744],[34.84802,32.32651],[34.84719,32.32423],[34.8469,32.32293],[34.84567,32.31916],[34.84515,32.31664],[34.84481,32.31617],[34.84444,32.31511],[34.84447,32.31435],[34.84421,32.31366],[34.84378,32.3122],[34.84317,32.30979],[34.84293,32.30818],[34.84232,32.30588],[34.84161,32.30382],[34.84119,32.30243],[34.8409,32.30168],[34.84071,32.30088],[34.84009,32.29912],[34.8395,32.29682],[34.83855,32.29399],[34.83801,32.29257],[34.8374,32.29052],[34.83714,32.28987],[34.8365,32.28783],[34.83619,32.28667],[34.83591,32.28459],[34.83554,32.2832],[34.83514,32.28207],[34.83454,32.28114],[34.83407,32.27964],[34.83375,32.27887],[34.83347,32.27747],[34.83292,32.2753],[34.83267,32.2726],[34.83182,32.26921],[34.83053,32.26562],[34.82965,32.26327],[34.82892,32.26104],[34.82867,32.25972],[34.8282,32.25762],[34.82757,32.25596],[34.82746,32.25521],[34.8272,32.25466],[34.82681,32.25294],[34.82649,32.25198],[34.82627,32.25096],[34.82613,32.25082],[34.82561,32.24938],[34.82462,32.24581],[34.82422,32.24401],[34.82212,32.23826],[34.82127,32.23584],[34.81982,32.23148],[34.81923,32.22943],[34.81909,32.22843],[34.81867,32.22744],[34.81825,32.22606],[34.81775,32.22421],[34.81702,32.22303],[34.81671,32.22238],[34.81365,32.21309],[34.81242,32.20984],[34.81066,32.20503],[34.80973,32.2031],[34.80938,32.20207],[34.81011,32.20185],[34.81026,32.20198],[34.81228,32.20121],[34.81102,32.19851],[34.81846,32.19599],[34.81784,32.19387],[34.81819,32.19378],[34.81809,32.19335],[34.82069,32.19397],[34.82082,32.19447],[34.82176,32.19435],[34.82257,32.19411],[34.82317,32.19377],[34.8234,32.19343],[34.82391,32.1931],[34.82588,32.19284],[34.82772,32.19261],[34.82942,32.19239],[34.83123,32.19209],[34.83394,32.19174],[34.83682,32.19149],[34.83698,32.19017],[34.83678,32.1884],[34.83678,32.1875],[34.83718,32.18747],[34.83721,32.18642],[34.84021,32.18625],[34.8426,32.18593],[34.84515,32.1836],[34.84696,32.18218],[34.84797,32.18151],[34.84939,32.1807],[34.85161,32.17969],[34.85693,32.17771],[34.85678,32.17737],[34.85649,32.1758],[34.85669,32.1758],[34.85675,32.17479],[34.85696,32.1732],[34.85687,32.17265],[34.86024,32.17196],[34.86444,32.17094],[34.86295,32.16476],[34.86337,32.16369],[34.8636,32.16313],[34.86449,32.15962],[34.8646,32.15898],[34.86157,32.15898],[34.86103,32.15672],[34.86053,32.15468],[34.8603,32.15371],[34.86242,32.15353],[34.86182,32.15292],[34.86117,32.15264],[34.85955,32.15167],[34.85873,32.15131],[34.85703,32.1503],[34.8563,32.1496],[34.85616,32.14946],[34.85572,32.14885],[34.85509,32.14848],[34.85509,32.14788],[34.85526,32.14748],[34.85515,32.14629],[34.85538,32.14558],[34.85507,32.14444],[34.85541,32.1438],[34.85527,32.14336],[34.85609,32.14297],[34.85627,32.1427],[34.85613,32.14234],[34.85717,32.14144],[34.85736,32.14114],[34.85849,32.14014],[34.85892,32.13964],[34.85964,32.13921],[34.85948,32.13876],[34.85965,32.13795],[34.86014,32.13709],[34.8604,32.13634],[34.86298,32.13594],[34.86305,32.13548],[34.86325,32.1327],[34.86371,32.1323],[34.86555,32.13161],[34.8637,32.13033],[34.86274,32.12961],[34.86372,32.1287],[34.86395,32.12812],[34.86442,32.12706],[34.86465,32.12554],[34.86487,32.12535],[34.86474,32.12381],[34.86524,32.12294],[34.86533,32.12281],[34.86527,32.12268],[34.86557,32.1222],[34.86665,32.12236],[34.86683,32.12228],[34.86777,32.12201],[34.86792,32.12147],[34.86736,32.1209],[34.86735,32.12089],[34.86734,32.12087],[34.86733,32.12085],[34.86713,32.12044],[34.86714,32.12043],[34.86716,32.1202],[34.86712,32.12002],[34.8669,32.11945],[34.86684,32.11937],[34.86639,32.11885],[34.86609,32.11824],[34.86538,32.11789],[34.86513,32.11764],[34.86474,32.11679],[34.86474,32.11684],[34.86406,32.11679],[34.86392,32.11685],[34.86374,32.11693],[34.86347,32.11705],[34.86338,32.11707],[34.86337,32.11707],[34.86327,32.11709],[34.86291,32.11709],[34.86247,32.11679],[34.86215,32.11661],[34.86165,32.11623],[34.86164,32.11622],[34.86171,32.11582],[34.86257,32.11564],[34.86258,32.11562],[34.86257,32.11531],[34.8625,32.11511],[34.8623,32.11465],[34.86236,32.11382],[34.86142,32.11364],[34.861,32.11345],[34.8611,32.11284],[34.86095,32.11245],[34.85987,32.11224],[34.85781,32.11192],[34.85768,32.11285],[34.85764,32.11343],[34.85756,32.11482],[34.85722,32.11484],[34.85641,32.11488],[34.85551,32.1149],[34.85533,32.11441],[34.85514,32.11439],[34.85513,32.11434],[34.85375,32.11434],[34.85374,32.11373],[34.85232,32.1136],[34.85179,32.11375],[34.85078,32.11359],[34.85063,32.1132],[34.84928,32.10719],[34.84927,32.10712],[34.84926,32.10708],[34.84926,32.10706],[34.84925,32.10703],[34.84846,32.10338],[34.84784,32.10089],[34.8472,32.09911],[34.84674,32.09797],[34.8461,32.09618],[34.84588,32.09507],[34.84581,32.0926],[34.84581,32.09023],[34.84581,32.08824],[34.84582,32.08684],[34.84576,32.08524],[34.84527,32.08261],[34.84464,32.07956],[34.84445,32.07858],[34.84394,32.07587],[34.84365,32.07417],[34.84327,32.07282],[34.84426,32.07252],[34.84546,32.07427],[34.84635,32.07412],[34.84688,32.07502],[34.84709,32.07487],[34.84992,32.07366],[34.85121,32.07321],[34.8503,32.06933],[34.84807,32.06949],[34.8482,32.06975],[34.84713,32.07014],[34.84748,32.07086],[34.84567,32.07125],[34.84547,32.07105],[34.84536,32.06977],[34.8454,32.0686],[34.84529,32.0674],[34.84521,32.06676],[34.84517,32.06573],[34.84847,32.06669],[34.84902,32.06684],[34.84982,32.06711],[34.85091,32.06727],[34.85308,32.06759],[34.85498,32.0677],[34.85592,32.06778],[34.85773,32.0679],[34.85915,32.06816],[34.85919,32.06854],[34.86,32.06871],[34.8607,32.069],[34.86496,32.07013],[34.86763,32.07086],[34.86692,32.06392],[34.86651,32.06391],[34.86652,32.06337],[34.86652,32.06311],[34.86654,32.06156],[34.86655,32.05656],[34.86736,32.0521],[34.86742,32.05175],[34.86757,32.05093],[34.86764,32.04911],[34.8683,32.04806],[34.86722,32.04643],[34.86581,32.04656],[34.86616,32.04326],[34.86714,32.03681],[34.86622,32.033],[34.86674,32.03298],[34.86874,32.03322],[34.86877,32.03285],[34.86854,32.03173],[34.86846,32.0308],[34.86825,32.02993],[34.86791,32.02946],[34.86739,32.02794],[34.86806,32.02785],[34.86818,32.02758],[34.86908,32.0279],[34.87023,32.02817],[34.8728,32.02849],[34.87289,32.02799],[34.87361,32.02804],[34.87388,32.02651],[34.87388,32.02536],[34.87407,32.02462],[34.87386,32.02417],[34.87404,32.02391],[34.87522,32.02446],[34.87552,32.02403],[34.87575,32.02413],[34.87575,32.02406],[34.87573,32.02164],[34.87569,32.02145],[34.87488,32.02133],[34.87421,32.021],[34.87277,32.01996],[34.87156,32.01959],[34.87073,32.01955],[34.86857,32.01989],[34.86806,32.01991],[34.8671,32.01975],[34.86641,32.0195],[34.86549,32.01896],[34.86463,32.01857],[34.86355,32.01825],[34.86279,32.01822],[34.86263,32.01861],[34.86122,32.01893],[34.86077,32.01978],[34.85772,32.01934],[34.85656,32.01783],[34.85443,32.01658],[34.85312,32.01681],[34.85371,32.01894],[34.85279,32.02021],[34.85154,32.02131],[34.85029,32.02199],[34.84923,32.02236],[34.8486,32.02004],[34.84765,32.01981],[34.84723,32.01947],[34.84699,32.01953],[34.84627,32.02025],[34.84586,32.02085],[34.84581,32.02132],[34.84606,32.02169],[34.84577,32.02215],[34.84526,32.02233],[34.84366,32.02267],[34.84323,32.02245],[34.84311,32.02158],[34.84263,32.0214],[34.84224,32.02148],[34.84139,32.02188],[34.84081,32.0219],[34.84004,32.02132],[34.8396,32.02142],[34.83923,32.02194],[34.83896,32.02301],[34.83857,32.02336],[34.83808,32.02357],[34.83737,32.02366],[34.83701,32.02427],[34.83697,32.02523],[34.83706,32.02562],[34.83666,32.02585],[34.83595,32.02599],[34.83485,32.02576],[34.83354,32.0267],[34.83313,32.02683],[34.83224,32.02664],[34.83109,32.02658],[34.83048,32.02682],[34.83022,32.0272],[34.82969,32.02744],[34.82931,32.02734],[34.8287,32.0265],[34.82818,32.02635],[34.82768,32.02658],[34.82555,32.02361],[34.82294,32.02009],[34.82156,32.01835],[34.82122,32.0181],[34.8197,32.01605],[34.81871,32.015],[34.81765,32.01404],[34.81601,32.01273],[34.81465,32.01099],[34.81437,32.01051],[34.81478,32.00994],[34.81176,32.00659],[34.81097,32.00448],[34.80967,32.00071],[34.80928,31.99969],[34.80738,31.99428],[34.8014,31.99548],[34.79998,31.99595],[34.7998,31.995],[34.799,31.99382],[34.79896,31.99302],[34.7986,31.99198],[34.79802,31.99153],[34.79761,31.99107],[34.79723,31.99044],[34.79637,31.98871],[34.7951,31.98877],[34.79257,31.98875],[34.79048,31.98916],[34.78705,31.98959],[34.78417,31.99031],[34.78127,31.99071],[34.77955,31.99091],[34.77802,31.99158],[34.77589,31.99245],[34.77355,31.99333],[34.76973,31.99461],[34.76498,31.9967],[34.76176,31.99283],[34.76124,31.99311],[34.76109,31.99358],[34.75851,31.99489],[34.75822,31.99248],[34.75494,31.99425],[34.75283,31.99527],[34.74993,31.99672],[34.74981,31.9965],[34.7488,31.99703],[34.74822,31.99526],[34.74644,31.99598],[34.74728,31.99805],[34.74696,31.99815],[34.74775,32.00014],[34.74608,32.00103],[34.7457,32.00007],[34.74577,31.99994],[34.7454,31.9987],[34.74489,31.99749],[34.74402,31.99783],[34.73992,32.00002],[34.7333,32.00353],[34.73045,31.99599],[34.72544,31.98295],[34.72394,31.97884],[34.72205,31.97462],[34.72187,31.97466],[34.72012,31.97073],[34.71937,31.96824],[34.71755,31.96376],[34.71558,31.95929],[34.71459,31.95619],[34.713,31.95297],[34.71141,31.95297],[34.71106,31.95057],[34.70973,31.94572],[34.70768,31.94149],[34.70572,31.93836],[34.70485,31.93716],[34.70205,31.93353],[34.70152,31.93273],[34.70089,31.93249],[34.70019,31.93198],[34.69939,31.9307],[34.69868,31.92996],[34.69816,31.92876],[34.69725,31.92759],[34.69673,31.92586],[34.69603,31.92468],[34.6938,31.92283],[34.69317,31.92298],[34.69308,31.92266],[34.69338,31.92228],[34.69325,31.92145],[34.69285,31.92053],[34.69116,31.91685],[34.69032,31.91478],[34.68954,31.91344],[34.68821,31.91071],[34.68577,31.90544],[34.68287,31.89904],[34.67625,31.88607],[34.67299,31.87927],[34.66762,31.86796],[34.66465,31.8622],[34.66636,31.86106],[34.66844,31.86005],[34.67779,31.8554],[34.6764,31.85234],[34.67439,31.85093],[34.67528,31.85023],[34.67513,31.84966],[34.67574,31.84952],[34.67603,31.84984],[34.67684,31.8499],[34.67698,31.8505],[34.67852,31.85136],[34.68116,31.8542],[34.68282,31.86139],[34.68305,31.86188],[34.6897,31.86222],[34.69418,31.86238],[34.70086,31.85905],[34.7011,31.85615],[34.70131,31.8536],[34.70318,31.85162],[34.70496,31.85252],[34.70489,31.85349],[34.70558,31.85363],[34.70743,31.85413],[34.70742,31.85448],[34.70931,31.85471],[34.70981,31.85484],[34.71028,31.84823],[34.70984,31.84821],[34.70888,31.84569],[34.70967,31.84503],[34.70753,31.84464],[34.70636,31.84426],[34.70644,31.84302],[34.70652,31.84136],[34.70509,31.84136],[34.703,31.84121],[34.70147,31.84114],[34.69301,31.84083],[34.69307,31.84033],[34.69392,31.83566],[34.6945,31.83332],[34.69292,31.83173],[34.69276,31.83151],[34.69026,31.8313],[34.68875,31.83083],[34.68815,31.83054],[34.68761,31.83034],[34.68675,31.83005],[34.68276,31.82905],[34.68131,31.82871],[34.67839,31.82816],[34.67734,31.82804],[34.6765,31.82804],[34.6716,31.82839],[34.67097,31.8234],[34.67068,31.82219],[34.6703,31.82094],[34.66975,31.81959],[34.67022,31.81942],[34.6702,31.81867],[34.67002,31.81742],[34.67015,31.81742],[34.66991,31.81466],[34.66989,31.81007],[34.66968,31.81008],[34.66865,31.80724],[34.66983,31.80675],[34.66958,31.80232],[34.66976,31.80231],[34.66984,31.80101],[34.67163,31.80035],[34.67243,31.79975],[34.67225,31.80034],[34.67249,31.80062],[34.67216,31.80123],[34.67177,31.80151],[34.67168,31.80185],[34.67236,31.80261],[34.67256,31.80298],[34.67221,31.80326],[34.67233,31.80542],[34.67242,31.80562],[34.67325,31.80629],[34.67388,31.80648],[34.67466,31.80701],[34.67508,31.80765],[34.67556,31.8076],[34.67604,31.80792],[34.67609,31.80804],[34.67615,31.80857],[34.67674,31.80848],[34.67734,31.81063],[34.68086,31.80803],[34.68154,31.8093],[34.68359,31.80707],[34.68392,31.80767],[34.68661,31.80452],[34.68919,31.80156],[34.68794,31.7994],[34.68763,31.79898],[34.68667,31.79736],[34.68568,31.79602],[34.68477,31.79517],[34.68146,31.79293],[34.68074,31.79229],[34.67943,31.7909],[34.67685,31.78805],[34.67558,31.78659],[34.67408,31.78531],[34.67166,31.78357],[34.66974,31.78215],[34.66999,31.78139],[34.67051,31.78043],[34.67058,31.78012],[34.6711,31.77985],[34.67211,31.77976],[34.6727,31.7799],[34.67306,31.78013],[34.67369,31.78118],[34.674,31.78143],[34.67455,31.78153],[34.67555,31.78138],[34.67667,31.7815],[34.67775,31.7818],[34.67862,31.78183],[34.6793,31.78166],[34.68084,31.7811],[34.68146,31.78107],[34.68211,31.78123],[34.68307,31.78172],[34.68456,31.782],[34.68519,31.78194],[34.68535,31.7819],[34.68684,31.7813],[34.68803,31.78104],[34.68866,31.78078],[34.68927,31.78038],[34.68977,31.77986],[34.6903,31.77852],[34.69052,31.77817],[34.69094,31.77839],[34.69206,31.77844],[34.69281,31.77807],[34.69282,31.7776],[34.6925,31.77758],[34.69197,31.77719],[34.69324,31.77692],[34.69328,31.77595],[34.69409,31.77557],[34.69457,31.7752],[34.69519,31.77489],[34.69637,31.77403],[34.69719,31.77359],[34.69862,31.77264],[34.69902,31.77207],[34.69979,31.77196],[34.69996,31.77341],[34.70038,31.7735],[34.70047,31.77306],[34.70092,31.77283],[34.70217,31.77245],[34.70231,31.77198],[34.70292,31.77168],[34.70303,31.77145],[34.7036,31.77126],[34.70393,31.77163],[34.70449,31.77113],[34.70488,31.77045],[34.70541,31.77004],[34.70602,31.76981],[34.70697,31.76971],[34.70851,31.76998],[34.71307,31.77716],[34.71539,31.77621],[34.71586,31.77716],[34.7165,31.77799],[34.71833,31.78073],[34.71861,31.78075],[34.71958,31.78208],[34.72156,31.78102],[34.72254,31.78231],[34.72348,31.7818],[34.72259,31.78033],[34.72382,31.77964],[34.72376,31.7788],[34.72333,31.77828],[34.72334,31.77782],[34.72426,31.77732],[34.72463,31.77772],[34.72497,31.77782],[34.72532,31.77839],[34.72714,31.77802],[34.72728,31.77787],[34.72976,31.78337],[34.72998,31.78482],[34.73166,31.788],[34.72821,31.78913],[34.72708,31.78981],[34.72613,31.78838],[34.72152,31.78919],[34.72175,31.79177],[34.72282,31.79284],[34.71975,31.79589],[34.7211,31.79709],[34.71065,31.8014],[34.71078,31.8026],[34.71084,31.80428],[34.71106,31.80494],[34.71189,31.80683],[34.71246,31.80861],[34.71434,31.80748],[34.71558,31.80707],[34.72009,31.8064],[34.72111,31.80616],[34.72283,31.80545],[34.72378,31.80513],[34.72659,31.8044],[34.72783,31.80467],[34.72933,31.80467],[34.73033,31.8053],[34.73129,31.80608],[34.73235,31.80711],[34.73289,31.80765],[34.73329,31.80844],[34.73313,31.80985],[34.73334,31.81008],[34.73725,31.81532],[34.7373,31.81536],[34.7407,31.81284],[34.74118,31.81252],[34.74261,31.81192],[34.74622,31.81124],[34.74805,31.81093],[34.75092,31.81022],[34.75142,31.81005],[34.7546,31.80863],[34.76043,31.80593],[34.76323,31.80466],[34.76398,31.80436],[34.76353,31.8035],[34.76312,31.80243],[34.76297,31.80175],[34.76296,31.80076],[34.76191,31.7991],[34.76181,31.79892],[34.7613,31.79788],[34.76097,31.79703],[34.76043,31.79452],[34.76023,31.79227],[34.75986,31.79175],[34.75901,31.79133],[34.75859,31.79128],[34.75786,31.79142],[34.75529,31.79221],[34.75412,31.78858],[34.75964,31.78759],[34.75955,31.78652],[34.75908,31.78543],[34.76089,31.78449],[34.7616,31.78483],[34.76157,31.784],[34.76138,31.78338],[34.76286,31.78221],[34.76321,31.78264],[34.76382,31.78376],[34.76385,31.78429],[34.76362,31.78477],[34.76405,31.78594],[34.76317,31.78632],[34.76317,31.78722],[34.76327,31.78836],[34.76377,31.78832],[34.76391,31.78943],[34.76268,31.78984],[34.76293,31.79033],[34.76261,31.79069],[34.76237,31.7913],[34.76281,31.79184],[34.76269,31.79305],[34.76332,31.79346],[34.76375,31.79426],[34.76528,31.79508],[34.76568,31.79502],[34.7678,31.79497],[34.77005,31.79378],[34.77184,31.79288],[34.77203,31.79271],[34.77274,31.79213],[34.77311,31.7917],[34.7749,31.78915],[34.77525,31.78846],[34.77595,31.78634],[34.77617,31.78488],[34.77609,31.78307],[34.77612,31.78255],[34.77674,31.77997],[34.77763,31.77666],[34.77792,31.77582],[34.77929,31.77298],[34.78072,31.76961],[34.78132,31.76841],[34.78321,31.76506],[34.78336,31.76478],[34.78417,31.76335],[34.78445,31.76271],[34.78457,31.76168],[34.78448,31.76096],[34.78553,31.76051],[34.78647,31.76022],[34.78764,31.76028],[34.79013,31.76125],[34.79176,31.76166],[34.79215,31.76141],[34.79369,31.76003],[34.79647,31.75736],[34.7996,31.7599],[34.79947,31.76025],[34.79667,31.7627],[34.7948,31.76415],[34.80107,31.76892],[34.80466,31.77186],[34.80569,31.77253],[34.80804,31.77398],[34.80905,31.77484],[34.81099,31.7766],[34.81335,31.77865],[34.81437,31.77982],[34.81567,31.78167],[34.8166,31.78344],[34.81739,31.78504],[34.81815,31.78617],[34.81882,31.78701],[34.81961,31.78787],[34.82127,31.78955],[34.82429,31.79114],[34.82542,31.7916],[34.82828,31.79316],[34.82937,31.79346],[34.83018,31.79451],[34.8308,31.79494],[34.83388,31.79741],[34.83641,31.79923],[34.83983,31.80161],[34.84275,31.80296],[34.84744,31.80396],[34.85384,31.80506],[34.85626,31.8055],[34.86585,31.80746],[34.86801,31.80753],[34.86896,31.80769],[34.87102,31.80868],[34.87155,31.8087],[34.87273,31.80893],[34.8744,31.80904],[34.87728,31.80908],[34.87795,31.80917],[34.87856,31.80954],[34.87905,31.80988],[34.88004,31.81001],[34.8851,31.81049],[34.88831,31.81077],[34.89001,31.81062],[34.89303,31.81044],[34.89537,31.81021],[34.89758,31.81038],[34.90011,31.81066],[34.9014,31.81113],[34.90269,31.81152],[34.90417,31.81166],[34.9064,31.81208],[34.90779,31.81229],[34.90979,31.81233],[34.9112,31.8126],[34.91235,31.813],[34.91351,31.8133],[34.91404,31.81351],[34.91546,31.81449],[34.91634,31.81491],[34.9169,31.81508],[34.91666,31.81573],[34.91561,31.81597],[34.91496,31.8162],[34.91402,31.81671],[34.91321,31.81746],[34.91278,31.81805],[34.91241,31.81886],[34.91208,31.82033],[34.91151,31.82328],[34.91064,31.82841],[34.91014,31.83123],[34.91009,31.83181],[34.91106,31.83219],[34.91177,31.83261],[34.91294,31.83374],[34.91339,31.83392],[34.91445,31.83495],[34.91638,31.83559],[34.91667,31.83608],[34.91638,31.83651],[34.92006,31.83932],[34.92014,31.83947],[34.92131,31.83971],[34.92192,31.84035],[34.9221,31.8412],[34.92207,31.84171],[34.92352,31.84193],[34.92464,31.84271],[34.92605,31.84226],[34.92763,31.84165],[34.92907,31.84023],[34.92957,31.8398],[34.93116,31.84076],[34.93184,31.8406],[34.93373,31.84073],[34.9338,31.84116],[34.93427,31.8415],[34.9341,31.84203],[34.93522,31.8426],[34.93668,31.84414],[34.93652,31.8448],[34.93722,31.8465],[34.93759,31.84721],[34.93814,31.84884],[34.93945,31.84817],[34.94087,31.84758],[34.94111,31.84735],[34.94173,31.84721],[34.94195,31.84749],[34.94266,31.84779],[34.94415,31.84809],[34.94518,31.84814],[34.9456,31.84801],[34.94575,31.84884],[34.94603,31.84927],[34.94693,31.84885],[34.94728,31.84854],[34.95137,31.85029],[34.95105,31.85093],[34.951,31.85134],[34.9539,31.85087],[34.9547,31.85194],[34.95693,31.8518],[34.9565,31.85309],[34.95687,31.85333],[34.95813,31.85387],[34.9595,31.85418],[34.96159,31.85445],[34.96336,31.85457],[34.96659,31.85478],[34.97245,31.85501],[34.98192,31.855],[34.98718,31.85499],[34.99248,31.85498],[34.99456,31.85494],[34.99702,31.85469],[34.99826,31.85445],[34.99924,31.85416],[34.99994,31.85362]]]},"properties":{"area_code":"4","area_name":"Central District","area_unit_id":"il-district-2022-cbs-moin:4","boundary_set_id":"il-district-2022-cbs-moin","boundary_level":"district","land_area_sq_km":1294.5285210648954}},
{"type":"Feature","geometry":{"type":"Polygon","coordinates":[[[34.80938,32.20207],[34.80878,32.20035],[34.80831,32.1993],[34.80695,32.19672],[34.80507,32.19721],[34.80445,32.19611],[34.80274,32.19019],[34.79724,32.17106],[34.79671,32.17119],[34.7954,32.1669],[34.79162,32.16581],[34.78935,32.15919],[34.79202,32.15427],[34.79036,32.14624],[34.79064,32.14619],[34.78747,32.13765],[34.78447,32.12893],[34.78294,32.12514],[34.78122,32.12139],[34.77998,32.1174],[34.77869,32.11433],[34.77726,32.11074],[34.77671,32.1098],[34.77608,32.10897],[34.77565,32.10863],[34.7747,32.10838],[34.77341,32.10941],[34.76863,32.09963],[34.76848,32.09897],[34.76858,32.09846],[34.76893,32.09787],[34.77047,32.09698],[34.76957,32.09556],[34.76919,32.09487],[34.76888,32.09356],[34.76841,32.09186],[34.76831,32.09115],[34.76786,32.09001],[34.76779,32.08964],[34.76726,32.08881],[34.7665,32.08788],[34.7662,32.08649],[34.76601,32.08446],[34.7656,32.08353],[34.76478,32.08267],[34.76458,32.08222],[34.76404,32.08025],[34.76314,32.07753],[34.76178,32.07452],[34.76101,32.07184],[34.76074,32.0712],[34.76068,32.06991],[34.76099,32.06877],[34.76092,32.06805],[34.75987,32.06667],[34.75875,32.06478],[34.75761,32.06236],[34.7575,32.06151],[34.75704,32.06054],[34.75641,32.05903],[34.75583,32.05808],[34.75519,32.05743],[34.7548,32.05716],[34.7521,32.05632],[34.75048,32.05593],[34.74986,32.05559],[34.74837,32.05295],[34.74793,32.05224],[34.74776,32.05134],[34.74768,32.04988],[34.747,32.04841],[34.74585,32.0481],[34.74481,32.04774],[34.74353,32.04687],[34.74303,32.04639],[34.74189,32.04455],[34.74106,32.04375],[34.74031,32.04314],[34.73977,32.04249],[34.73955,32.04195],[34.73959,32.04117],[34.73984,32.04073],[34.74023,32.0404],[34.74077,32.04016],[34.74171,32.03992],[34.74205,32.03966],[34.74212,32.03932],[34.74243,32.03656],[34.74224,32.03547],[34.74131,32.03335],[34.74222,32.03296],[34.74223,32.03223],[34.74141,32.03094],[34.74073,32.03035],[34.7406,32.02993],[34.74096,32.02952],[34.74096,32.02907],[34.74077,32.02787],[34.74041,32.02731],[34.73916,32.02469],[34.73802,32.02176],[34.73834,32.02121],[34.7375,32.01792],[34.73654,32.01465],[34.73703,32.01453],[34.7359,32.0109],[34.73563,32.01098],[34.73442,32.00746],[34.73467,32.00732],[34.7333,32.00353],[34.73992,32.00002],[34.74402,31.99783],[34.74489,31.99749],[34.7454,31.9987],[34.74577,31.99994],[34.7457,32.00007],[34.74608,32.00103],[34.74775,32.00014],[34.74696,31.99815],[34.74728,31.99805],[34.74644,31.99598],[34.74822,31.99526],[34.7488,31.99703],[34.74981,31.9965],[34.74993,31.99672],[34.75283,31.99527],[34.75494,31.99425],[34.75822,31.99248],[34.75851,31.99489],[34.76109,31.99358],[34.76124,31.99311],[34.76176,31.99283],[34.76498,31.9967],[34.76973,31.99461],[34.77355,31.99333],[34.77589,31.99245],[34.77802,31.99158],[34.77955,31.99091],[34.78127,31.99071],[34.78417,31.99031],[34.78705,31.98959],[34.79048,31.98916],[34.79257,31.98875],[34.7951,31.98877],[34.79637,31.98871],[34.79723,31.99044],[34.79761,31.99107],[34.79802,31.99153],[34.7986,31.99198],[34.79896,31.99302],[34.799,31.99382],[34.7998,31.995],[34.79998,31.99595],[34.8014,31.99548],[34.80738,31.99428],[34.80928,31.99969],[34.80967,32.00071],[34.81097,32.00448],[34.81176,32.00659],[34.81478,32.00994],[34.81437,32.01051],[34.81465,32.01099],[34.81601,32.01273],[34.81765,32.01404],[34.81871,32.015],[34.8197,32.01605],[34.82122,32.0181],[34.82156,32.01835],[34.82294,32.02009],[34.82555,32.02361],[34.82768,32.02658],[34.82818,32.02635],[34.8287,32.0265],[34.82931,32.02734],[34.82969,32.02744],[34.83022,32.0272],[34.83048,32.02682],[34.83109,32.02658],[34.83224,32.02664],[34.83313,32.02683],[34.83354,32.0267],[34.83485,32.02576],[34.83595,32.02599],[34.83666,32.02585],[34.83706,32.02562],[34.83697,32.02523],[34.83701,32.02427],[34.83737,32.02366],[34.83808,32.02357],[34.83857,32.02336],[34.83896,32.02301],[34.83923,32.02194],[34.8396,32.02142],[34.84004,32.02132],[34.84081,32.0219],[34.84139,32.02188],[34.84224,32.02148],[34.84263,32.0214],[34.84311,32.02158],[34.84323,32.02245],[34.84366,32.02267],[34.84526,32.02233],[34.84577,32.02215],[34.84606,32.02169],[34.84581,32.02132],[34.84586,32.02085],[34.84627,32.02025],[34.84699,32.01953],[34.84723,32.01947],[34.84765,32.01981],[34.8486,32.02004],[34.84923,32.02236],[34.85029,32.02199],[34.85154,32.02131],[34.85279,32.02021],[34.85371,32.01894],[34.85312,32.01681],[34.85443,32.01658],[34.85656,32.01783],[34.85772,32.01934],[34.86077,32.01978],[34.86122,32.01893],[34.86263,32.01861],[34.86279,32.01822],[34.86355,32.01825],[34.86463,32.01857],[34.86549,32.01896],[34.86641,32.0195],[34.8671,32.01975],[34.86806,32.01991],[34.86857,32.01989],[34.87073,32.01955],[34.87156,32.01959],[34.87277,32.01996],[34.87421,32.021],[34.87488,32.02133],[34.87569,32.02145],[34.87573,32.02164],[34.87575,32.02406],[34.87575,32.02413],[34.87552,32.02403],[34.87522,32.02446],[34.87404,32.02391],[34.87386,32.02417],[34.87407,32.02462],[34.87388,32.02536],[34.87388,32.02651],[34.87361,32.02804],[34.87289,32.02799],[34.8728,32.02849],[34.87023,32.02817],[34.86908,32.0279],[34.86818,32.02758],[34.86806,32.02785],[34.86739,32.02794],[34.86791,32.02946],[34.86825,32.02993],[34.86846,32.0308],[34.86854,32.03173],[34.86877,32.03285],[34.86874,32.03322],[34.86674,32.03298],[34.86622,32.033],[34.86714,32.03681],[34.86616,32.04326],[34.86581,32.04656],[34.86722,32.04643],[34.8683,32.04806],[34.86764,32.04911],[34.86757,32.05093],[34.86742,32.05175],[34.86736,32.0521],[34.86655,32.05656],[34.86654,32.06156],[34.86652,32.06311],[34.86652,32.06337],[34.86651,32.06391],[34.86692,32.06392],[34.86763,32.07086],[34.86496,32.07013],[34.8607,32.069],[34.86,32.06871],[34.85919,32.06854],[34.85915,32.06816],[34.85773,32.0679],[34.85592,32.06778],[34.85498,32.0677],[34.85308,32.06759],[34.85091,32.06727],[34.84982,32.06711],[34.84902,32.06684],[34.84847,32.06669],[34.84517,32.06573],[34.84521,32.06676],[34.84529,32.0674],[34.8454,32.0686],[34.84536,32.06977],[34.84547,32.07105],[34.84567,32.07125],[34.84748,32.07086],[34.84713,32.07014],[34.8482,32.06975],[34.84807,32.06949],[34.8503,32.06933],[34.85121,32.07321],[34.84992,32.07366],[34.84709,32.07487],[34.84688,32.07502],[34.84635,32.07412],[34.84546,32.07427],[34.84426,32.07252],[34.84327,32.07282],[34.84365,32.07417],[34.84394,32.07587],[34.84445,32.07858],[34.84464,32.07956],[34.84527,32.08261],[34.84576,32.08524],[34.84582,32.08684],[34.84581,32.08824],[34.84581,32.09023],[34.84581,32.0926],[34.84588,32.09507],[34.8461,32.09618],[34.84674,32.09797],[34.8472,32.09911],[34.84784,32.10089],[34.84846,32.10338],[34.84925,32.10703],[34.84926,32.10706],[34.84926,32.10708],[34.84927,32.10712],[34.84928,32.10719],[34.85063,32.1132],[34.85078,32.11359],[34.85179,32.11375],[34.85232,32.1136],[34.85374,32.11373],[34.85375,32.11434],[34.85513,32.11434],[34.85514,32.11439],[34.85533,32.11441],[34.85551,32.1149],[34.85641,32.11488],[34.85722,32.11484],[34.85756,32.11482],[34.85764,32.11343],[34.85768,32.11285],[34.85781,32.11192],[34.85987,32.11224],[34.86095,32.11245],[34.8611,32.11284],[34.861,32.11345],[34.86142,32.11364],[34.86236,32.11382],[34.8623,32.11465],[34.8625,32.11511],[34.86257,32.11531],[34.86258,32.11562],[34.86257,32.11564],[34.86171,32.11582],[34.86164,32.11622],[34.86165,32.11623],[34.86215,32.11661],[34.86247,32.11679],[34.86291,32.11709],[34.86327,32.11709],[34.86337,32.11707],[34.86338,32.11707],[34.86347,32.11705],[34.86374,32.11693],[34.86392,32.11685],[34.86406,32.11679],[34.86474,32.11684],[34.86474,32.11679],[34.86513,32.11764],[34.86538,32.11789],[34.86609,32.11824],[34.86639,32.11885],[34.86684,32.11937],[34.8669,32.11945],[34.86712,32.12002],[34.86716,32.1202],[34.86714,32.12043],[34.86713,32.12044],[34.86733,32.12085],[34.86734,32.12087],[34.86735,32.12089],[34.86736,32.1209],[34.86792,32.12147],[34.86777,32.12201],[34.86683,32.12228],[34.86665,32.12236],[34.86557,32.1222],[34.86527,32.12268],[34.86533,32.12281],[34.86524,32.12294],[34.86474,32.12381],[34.86487,32.12535],[34.86465,32.12554],[34.86442,32.12706],[34.86395,32.12812],[34.86372,32.1287],[34.86274,32.12961],[34.8637,32.13033],[34.86555,32.13161],[34.86371,32.1323],[34.86325,32.1327],[34.86305,32.13548],[34.86298,32.13594],[34.8604,32.13634],[34.86014,32.13709],[34.85965,32.13795],[34.85948,32.13876],[34.85964,32.13921],[34.85892,32.13964],[34.85849,32.14014],[34.85736,32.14114],[34.85717,32.14144],[34.85613,32.14234],[34.85627,32.1427],[34.85609,32.14297],[34.85527,32.14336],[34.85541,32.1438],[34.85507,32.14444],[34.85538,32.14558],[34.85515,32.14629],[34.85526,32.14748],[34.85509,32.14788],[34.85509,32.14848],[34.85572,32.14885],[34.85616,32.14946],[34.8563,32.1496],[34.85703,32.1503],[34.85873,32.15131],[34.85955,32.15167],[34.86117,32.15264],[34.86182,32.15292],[34.86242,32.15353],[34.8603,32.15371],[34.86053,32.15468],[34.86103,32.15672],[34.86157,32.15898],[34.8646,32.15898],[34.86449,32.15962],[34.8636,32.16313],[34.86337,32.16369],[34.86295,32.16476],[34.86444,32.17094],[34.86024,32.17196],[34.85687,32.17265],[34.85696,32.1732],[34.85675,32.17479],[34.85669,32.1758],[34.85649,32.1758],[34.85678,32.17737],[34.85693,32.17771],[34.85161,32.17969],[34.84939,32.1807],[34.84797,32.18151],[34.84696,32.18218],[34.84515,32.1836],[34.8426,32.18593],[34.84021,32.18625],[34.83721,32.18642],[34.83718,32.18747],[34.83678,32.1875],[34.83678,32.1884],[34.83698,32.19017],[34.83682,32.19149],[34.83394,32.19174],[34.83123,32.19209],[34.82942,32.19239],[34.82772,32.19261],[34.82588,32.19284],[34.82391,32.1931],[34.8234,32.19343],[34.82317,32.19377],[34.82257,32.19411],[34.82176,32.19435],[34.82082,32.19447],[34.82069,32.19397],[34.81809,32.19335],[34.81819,32.19378],[34.81784,32.19387],[34.81846,32.19599],[34.81102,32.19851],[34.81228,32.20121],[34.81026,32.20198],[34.81011,32.20185],[34.80938,32.20207]]]},"properties":{"area_code":"5","area_name":"Tel Aviv District","area_unit_id":"il-district-2022-cbs-moin:5","boundary_set_id":"il-district-2022-cbs-moin","boundary_level":"district","land_area_sq_km":175.63000336353568}},
{"type":"Feature","geometry":{"type":"Polygon","coordinates":[[[34.82025,31.78851],[34.81961,31.78787],[34.81882,31.78701],[34.81815,31.78617],[34.81739,31.78504],[34.8166,31.78344],[34.81567,31.78167],[34.81437,31.77982],[34.81335,31.77865],[34.81099,31.7766],[34.80905,31.77484],[34.80804,31.77398],[34.80569,31.77253],[34.80466,31.77186],[34.80107,31.76892],[34.7948,31.76415],[34.79667,31.7627],[34.79947,31.76025],[34.7996,31.7599],[34.79647,31.75736],[34.79369,31.76003],[34.79215,31.76141],[34.79176,31.76166],[34.79013,31.76125],[34.78764,31.76028],[34.78647,31.76022],[34.78553,31.76051],[34.78448,31.76096],[34.78457,31.76168],[34.78445,31.76271],[34.78417,31.76335],[34.78336,31.76478],[34.78321,31.76506],[34.78132,31.76841],[34.78072,31.76961],[34.77929,31.77298],[34.77792,31.77582],[34.77763,31.77666],[34.77674,31.77997],[34.77612,31.78255],[34.77609,31.78307],[34.77617,31.78488],[34.77595,31.78634],[34.77525,31.78846],[34.7749,31.78915],[34.77311,31.7917],[34.77274,31.79213],[34.77203,31.79271],[34.77184,31.79288],[34.77005,31.79378],[34.7678,31.79497],[34.76568,31.79502],[34.76528,31.79508],[34.76375,31.79426],[34.76332,31.79346],[34.76269,31.79305],[34.76281,31.79184],[34.76237,31.7913],[34.76261,31.79069],[34.76293,31.79033],[34.76268,31.78984],[34.76391,31.78943],[34.76377,31.78832],[34.76327,31.78836],[34.76317,31.78722],[34.76317,31.78632],[34.76405,31.78594],[34.76362,31.78477],[34.76385,31.78429],[34.76382,31.78376],[34.76321,31.78264],[34.76286,31.78221],[34.76138,31.78338],[34.76157,31.784],[34.7616,31.78483],[34.76089,31.78449],[34.75908,31.78543],[34.75955,31.78652],[34.75964,31.78759],[34.75412,31.78858],[34.75529,31.79221],[34.75786,31.79142],[34.75859,31.79128],[34.75901,31.79133],[34.75986,31.79175],[34.76023,31.79227],[34.76043,31.79452],[34.76097,31.79703],[34.7613,31.79788],[34.76181,31.79892],[34.76191,31.7991],[34.76296,31.80076],[34.76297,31.80175],[34.76312,31.80243],[34.76353,31.8035],[34.76398,31.80436],[34.76323,31.80466],[34.76043,31.80593],[34.7546,31.80863],[34.75142,31.81005],[34.75092,31.81022],[34.74805,31.81093],[34.74622,31.81124],[34.74261,31.81192],[34.74118,31.81252],[34.7407,31.81284],[34.7373,31.81536],[34.73725,31.81532],[34.73334,31.81008],[34.73313,31.80985],[34.73329,31.80844],[34.73289,31.80765],[34.73235,31.80711],[34.73129,31.80608],[34.73033,31.8053],[34.72933,31.80467],[34.72783,31.80467],[34.72659,31.8044],[34.72378,31.80513],[34.72283,31.80545],[34.72111,31.80616],[34.72009,31.8064],[34.71558,31.80707],[34.71434,31.80748],[34.71246,31.80861],[34.71189,31.80683],[34.71106,31.80494],[34.71084,31.80428],[34.71078,31.8026],[34.71065,31.8014],[34.7211,31.79709],[34.71975,31.79589],[34.72282,31.79284],[34.72175,31.79177],[34.72152,31.78919],[34.72613,31.78838],[34.72708,31.78981],[34.72821,31.78913],[34.73166,31.788],[34.72998,31.78482],[34.72976,31.78337],[34.72728,31.77787],[34.72714,31.77802],[34.72532,31.77839],[34.72497,31.77782],[34.72463,31.77772],[34.72426,31.77732],[34.72334,31.77782],[34.72333,31.77828],[34.72376,31.7788],[34.72382,31.77964],[34.72259,31.78033],[34.72348,31.7818],[34.72254,31.78231],[34.72156,31.78102],[34.71958,31.78208],[34.71861,31.78075],[34.71833,31.78073],[34.7165,31.77799],[34.71586,31.77716],[34.71539,31.77621],[34.71307,31.77716],[34.70851,31.76998],[34.70697,31.76971],[34.70602,31.76981],[34.70541,31.77004],[34.70488,31.77045],[34.70449,31.77113],[34.70393,31.77163],[34.7036,31.77126],[34.70303,31.77145],[34.70292,31.77168],[34.70231,31.77198],[34.70217,31.77245],[34.70092,31.77283],[34.70047,31.77306],[34.70038,31.7735],[34.69996,31.77341],[34.69979,31.77196],[34.69902,31.77207],[34.69862,31.77264],[34.69719,31.77359],[34.69637,31.77403],[34.69519,31.77489],[34.69457,31.7752],[34.69409,31.77557],[34.69328,31.77595],[34.69324,31.77692],[34.69197,31.77719],[34.6925,31.77758],[34.69282,31.7776],[34.69281,31.77807],[34.69206,31.77844],[34.69094,31.77839],[34.69052,31.77817],[34.6903,31.77852],[34.68977,31.77986],[34.68927,31.78038],[34.68866,31.78078],[34.68803,31.78104],[34.68684,31.7813],[34.68535,31.7819],[34.68519,31.78194],[34.68456,31.782],[34.68307,31.78172],[34.68211,31.78123],[34.68146,31.78107],[34.68084,31.7811],[34.6793,31.78166],[34.67862,31.78183],[34.67775,31.7818],[34.67667,31.7815],[34.67555,31.78138],[34.67455,31.78153],[34.674,31.78143],[34.67369,31.78118],[34.67306,31.78013],[34.6727,31.7799],[34.67211,31.77976],[34.6711,31.77985],[34.67058,31.78012],[34.67051,31.78043],[34.66999,31.78139],[34.66974,31.78215],[34.67166,31.78357],[34.67408,31.78531],[34.67558,31.78659],[34.67685,31.78805],[34.67943,31.7909],[34.68074,31.79229],[34.68146,31.79293],[34.68477,31.79517],[34.68568,31.79602],[34.68667,31.79736],[34.68763,31.79898],[34.68794,31.7994],[34.68919,31.80156],[34.68661,31.80452],[34.68392,31.80767],[34.68359,31.80707],[34.68154,31.8093],[34.68086,31.80803],[34.67734,31.81063],[34.67674,31.80848],[34.67615,31.80857],[34.67609,31.80804],[34.67604,31.80792],[34.67556,31.8076],[34.67508,31.80765],[34.67466,31.80701],[34.67388,31.80648],[34.67325,31.80629],[34.67242,31.80562],[34.67233,31.80542],[34.67221,31.80326],[34.67256,31.80298],[34.67236,31.80261],[34.67168,31.80185],[34.67177,31.80151],[34.67216,31.80123],[34.67249,31.80062],[34.67225,31.80034],[34.67243,31.79975],[34.67163,31.80035],[34.66984,31.80101],[34.66976,31.80231],[34.66958,31.80232],[34.66983,31.80675],[34.66865,31.80724],[34.66968,31.81008],[34.66989,31.81007],[34.66991,31.81466],[34.67015,31.81742],[34.67002,31.81742],[34.6702,31.81867],[34.67022,31.81942],[34.66975,31.81959],[34.6703,31.82094],[34.67068,31.82219],[34.67097,31.8234],[34.6716,31.82839],[34.6765,31.82804],[34.67734,31.82804],[34.67839,31.82816],[34.68131,31.82871],[34.68276,31.82905],[34.68675,31.83005],[34.68761,31.83034],[34.68815,31.83054],[34.68875,31.83083],[34.69026,31.8313],[34.69276,31.83151],[34.69292,31.83173],[34.6945,31.83332],[34.69392,31.83566],[34.69307,31.84033],[34.69301,31.84083],[34.70147,31.84114],[34.703,31.84121],[34.70509,31.84136],[34.70652,31.84136],[34.70644,31.84302],[34.70636,31.84426],[34.70753,31.84464],[34.70967,31.84503],[34.70888,31.84569],[34.70984,31.84821],[34.71028,31.84823],[34.70981,31.85484],[34.70931,31.85471],[34.70742,31.85448],[34.70743,31.85413],[34.70558,31.85363],[34.70489,31.85349],[34.70496,31.85252],[34.70318,31.85162],[34.70131,31.8536],[34.7011,31.85615],[34.70086,31.85905],[34.69418,31.86238],[34.6897,31.86222],[34.68305,31.86188],[34.68282,31.86139],[34.68116,31.8542],[34.67852,31.85136],[34.67698,31.8505],[34.67684,31.8499],[34.67603,31.84984],[34.67574,31.84952],[34.67513,31.84966],[34.67528,31.85023],[34.67439,31.85093],[34.6764,31.85234],[34.67779,31.8554],[34.66844,31.86005],[34.66636,31.86106],[34.66465,31.8622],[34.66403,31.86084],[34.65989,31.85244],[34.65694,31.84656],[34.65276,31.84539],[34.64436,31.84518],[34.64015,31.83911],[34.63746,31.83445],[34.63582,31.83069],[34.63524,31.82911],[34.63491,31.82742],[34.63484,31.82616],[34.63488,31.8253],[34.63506,31.82433],[34.63536,31.82322],[34.63596,31.822],[34.63693,31.82036],[34.64059,31.81785],[34.64075,31.8162],[34.64045,31.81563],[34.63518,31.81611],[34.63461,31.81569],[34.63244,31.81105],[34.61624,31.78209],[34.60953,31.77025],[34.60972,31.77015],[34.60524,31.7632],[34.60993,31.76128],[34.60688,31.75617],[34.60648,31.75557],[34.60097,31.74682],[34.59876,31.74306],[34.59667,31.73983],[34.59241,31.73337],[34.59077,31.73063],[34.58804,31.72637],[34.58705,31.72488],[34.58474,31.72149],[34.58365,31.71938],[34.58104,31.71562],[34.57672,31.71787],[34.5765,31.71793],[34.56733,31.70432],[34.56724,31.70348],[34.56431,31.69927],[34.55583,31.68719],[34.54803,31.67654],[34.5436,31.67132],[34.53481,31.66049],[34.52584,31.64869],[34.51355,31.63382],[34.51034,31.62908],[34.51333,31.628],[34.51503,31.62752],[34.51417,31.62645],[34.51008,31.62032],[34.50759,31.61738],[34.50633,31.61579],[34.50269,31.61151],[34.49907,31.6064],[34.49333,31.59832],[34.49141,31.59506],[34.49387,31.59353],[34.4999,31.58932],[34.50163,31.58816],[34.50758,31.58401],[34.51296,31.58032],[34.52051,31.57467],[34.53261,31.5662],[34.53854,31.562],[34.54313,31.55858],[34.54428,31.55793],[34.54567,31.55696],[34.54727,31.55565],[34.54864,31.55444],[34.55068,31.55328],[34.55188,31.55213],[34.55436,31.54968],[34.55687,31.54826],[34.55874,31.54688],[34.56119,31.54539],[34.56309,31.5443],[34.56617,31.54229],[34.56703,31.54167],[34.56757,31.54098],[34.56689,31.53793],[34.56659,31.5368],[34.56649,31.53599],[34.56618,31.53532],[34.56608,31.53473],[34.56575,31.53386],[34.56556,31.53281],[34.56468,31.53197],[34.5634,31.53085],[34.56179,31.52984],[34.56035,31.52845],[34.55936,31.52775],[34.55886,31.52686],[34.55884,31.52605],[34.55868,31.52517],[34.55685,31.52382],[34.55554,31.52303],[34.55438,31.52164],[34.55411,31.52102],[34.55414,31.52032],[34.5546,31.51868],[34.55419,31.51801],[34.55213,31.51678],[34.55135,31.51676],[34.55058,31.51661],[34.54915,31.51517],[34.54855,31.51425],[34.54773,31.51319],[34.54725,31.5127],[34.54659,31.51239],[34.54561,31.51214],[34.54474,31.51182],[34.54013,31.51039],[34.53768,31.50941],[34.53462,31.50799],[34.53217,31.50706],[34.52957,31.50591],[34.5285,31.50494],[34.52621,31.50314],[34.52524,31.50259],[34.52243,31.50217],[34.52105,31.50187],[34.51511,31.50108],[34.51192,31.50027],[34.509,31.49839],[34.5058,31.49578],[34.50396,31.49415],[34.50351,31.49397],[34.5023,31.49328],[34.50167,31.4928],[34.5002,31.49154],[34.49908,31.49084],[34.49617,31.48873],[34.49358,31.48671],[34.49123,31.48455],[34.4896,31.48287],[34.48808,31.48174],[34.48678,31.48066],[34.48551,31.47982],[34.48417,31.47922],[34.4827,31.47847],[34.48123,31.47794],[34.48004,31.47743],[34.47926,31.47699],[34.47776,31.47641],[34.47727,31.47578],[34.47646,31.47494],[34.47596,31.4742],[34.47491,31.4736],[34.47441,31.47277],[34.47434,31.47142],[34.47417,31.47087],[34.47224,31.469],[34.47043,31.46749],[34.46844,31.46591],[34.46692,31.46409],[34.46629,31.4631],[34.46546,31.46162],[34.46508,31.46119],[34.46446,31.46077],[34.46367,31.45995],[34.45921,31.45633],[34.45764,31.45482],[34.45659,31.4541],[34.45601,31.4535],[34.45484,31.45254],[34.45426,31.45227],[34.45327,31.4516],[34.45211,31.44999],[34.45072,31.4486],[34.44739,31.44501],[34.44569,31.4437],[34.4451,31.44349],[34.44315,31.44302],[34.44184,31.44277],[34.44093,31.44224],[34.43982,31.44176],[34.43793,31.44066],[34.43639,31.43894],[34.43529,31.43733],[34.43465,31.43675],[34.43343,31.43551],[34.43285,31.43461],[34.43262,31.43368],[34.43227,31.43281],[34.43183,31.43221],[34.43108,31.43154],[34.43045,31.43085],[34.42964,31.4302],[34.42766,31.42832],[34.42702,31.42734],[34.42641,31.42696],[34.4255,31.42683],[34.42469,31.42659],[34.42378,31.42599],[34.42317,31.42546],[34.42257,31.42467],[34.4217,31.42445],[34.42085,31.42365],[34.41922,31.42235],[34.4175,31.42113],[34.41703,31.42062],[34.41591,31.42014],[34.41565,31.41983],[34.41493,31.41944],[34.4138,31.41848],[34.4136,31.41788],[34.41333,31.4175],[34.41258,31.41692],[34.41182,31.41601],[34.41127,31.41567],[34.4097,31.41557],[34.40914,31.41526],[34.40856,31.41398],[34.40749,31.41358],[34.40705,31.41302],[34.40672,31.41238],[34.40583,31.4127],[34.40516,31.4126],[34.40291,31.41149],[34.4019,31.41084],[34.40157,31.40981],[34.4005,31.40868],[34.39994,31.4082],[34.39809,31.40633],[34.39742,31.40584],[34.39682,31.40554],[34.39638,31.40515],[34.39563,31.40472],[34.39484,31.40366],[34.39354,31.40134],[34.39277,31.40058],[34.39206,31.4],[34.39184,31.39937],[34.39135,31.39865],[34.39013,31.39786],[34.38927,31.3969],[34.3887,31.39613],[34.38723,31.39533],[34.38599,31.3944],[34.38419,31.39267],[34.38347,31.39211],[34.38259,31.39122],[34.38162,31.39055],[34.38049,31.38952],[34.38027,31.38879],[34.38086,31.38798],[34.38062,31.38742],[34.37985,31.38663],[34.37962,31.38593],[34.37914,31.38559],[34.37849,31.38481],[34.37747,31.38376],[34.37694,31.38283],[34.37633,31.38199],[34.37567,31.38128],[34.37547,31.38054],[34.37497,31.37966],[34.37411,31.37857],[34.37407,31.37763],[34.37382,31.37699],[34.37318,31.37639],[34.37354,31.37439],[34.37303,31.37391],[34.37146,31.37222],[34.37188,31.37126],[34.37194,31.37012],[34.37143,31.36959],[34.37013,31.36908],[34.36962,31.36918],[34.36905,31.36977],[34.36815,31.36991],[34.36761,31.36957],[34.36709,31.36906],[34.36545,31.36469],[34.36546,31.36333],[34.36506,31.36188],[34.36585,31.3589],[34.36656,31.35417],[34.36728,31.34852],[34.36897,31.33595],[34.37052,31.32768],[34.37138,31.32118],[34.37291,31.31265],[34.37393,31.30627],[34.37379,31.30562],[34.3699,31.29533],[34.36691,31.28999],[34.36667,31.28968],[34.35945,31.28644],[34.35447,31.28404],[34.35005,31.28212],[34.34294,31.27871],[34.34264,31.27749],[34.34129,31.27523],[34.34058,31.27397],[34.34021,31.27356],[34.33865,31.2712],[34.33745,31.26926],[34.33567,31.2667],[34.33165,31.26221],[34.32968,31.26038],[34.3278,31.25895],[34.32673,31.25796],[34.32566,31.25732],[34.32422,31.25638],[34.32315,31.25533],[34.32112,31.25388],[34.31882,31.25232],[34.31702,31.25155],[34.31607,31.25099],[34.31445,31.25049],[34.31234,31.24973],[34.31032,31.24923],[34.30913,31.24902],[34.30711,31.24796],[34.30498,31.24664],[34.30349,31.24594],[34.30241,31.24564],[34.30006,31.24469],[34.29897,31.244],[34.29742,31.2433],[34.29561,31.24259],[34.29377,31.24182],[34.29145,31.24061],[34.29052,31.23947],[34.28952,31.23842],[34.28859,31.23732],[34.28625,31.23492],[34.28501,31.23373],[34.2836,31.23226],[34.28226,31.23119],[34.28098,31.2301],[34.27918,31.22895],[34.27779,31.22748],[34.27581,31.2261],[34.26748,31.21974],[34.26908,31.21524],[34.2699,31.21314],[34.2728,31.20506],[34.27713,31.19292],[34.27988,31.1853],[34.28347,31.17538],[34.28545,31.17],[34.28917,31.15979],[34.29059,31.15554],[34.29389,31.14554],[34.29537,31.14129],[34.29606,31.13938],[34.30004,31.12983],[34.30078,31.12794],[34.30208,31.12427],[34.30705,31.11053],[34.31094,31.09931],[34.31276,31.09394],[34.31692,31.08233],[34.32102,31.07118],[34.32288,31.06609],[34.32521,31.0594],[34.32679,31.05551],[34.33014,31.0471],[34.33379,31.03803],[34.3376,31.02922],[34.3402,31.02323],[34.34358,31.01535],[34.34538,31.01122],[34.34831,31.00444],[34.34923,31.00185],[34.35218,30.99365],[34.35565,30.98404],[34.36091,30.96936],[34.36165,30.96733],[34.36522,30.9581],[34.36652,30.95481],[34.37273,30.93876],[34.37889,30.92268],[34.38748,30.90132],[34.39146,30.89107],[34.39705,30.87625],[34.40343,30.85928],[34.40364,30.85883],[34.41365,30.83973],[34.4211,30.82559],[34.4289,30.81061],[34.43153,30.80551],[34.43379,30.80118],[34.4374,30.79414],[34.44279,30.78376],[34.44693,30.77589],[34.45117,30.76772],[34.45442,30.76162],[34.45597,30.75864],[34.466,30.73928],[34.47381,30.72432],[34.48764,30.69817],[34.49698,30.68007],[34.49721,30.67887],[34.50437,30.65021],[34.5068,30.64035],[34.50868,30.63281],[34.51116,30.623],[34.51382,30.61234],[34.51609,30.60338],[34.51736,30.59825],[34.51882,30.59251],[34.51876,30.59068],[34.51843,30.58349],[34.51831,30.5806],[34.51677,30.54656],[34.51862,30.53255],[34.52354,30.52785],[34.53629,30.51555],[34.55423,30.49799],[34.55763,30.49472],[34.54974,30.46823],[34.54813,30.46271],[34.54197,30.44209],[34.54355,30.41307],[34.55713,30.40318],[34.57048,30.39536],[34.58367,30.38756],[34.60393,30.37565],[34.61153,30.37103],[34.62823,30.32525],[34.63939,30.29676],[34.64804,30.27309],[34.65866,30.24522],[34.66614,30.22589],[34.67426,30.20428],[34.6804,30.18793],[34.68578,30.17365],[34.70692,30.11755],[34.71977,30.08718],[34.72803,30.06762],[34.73578,30.0492],[34.74023,30.03857],[34.7479,30.02017],[34.75529,29.99715],[34.7638,29.97467],[34.77007,29.95684],[34.77535,29.94238],[34.78303,29.91916],[34.78866,29.90595],[34.79644,29.88473],[34.80258,29.86914],[34.81433,29.84196],[34.82605,29.8072],[34.84864,29.75873],[34.8498,29.74764],[34.85663,29.68792],[34.86111,29.6789],[34.86123,29.67864],[34.86747,29.66608],[34.87866,29.64359],[34.87706,29.61326],[34.86954,29.60187],[34.86639,29.59723],[34.86717,29.59543],[34.87267,29.57941],[34.87626,29.55729],[34.87851,29.5434],[34.8846,29.52845],[34.88494,29.5276],[34.89366,29.51511],[34.89544,29.51255],[34.89595,29.51136],[34.9037,29.49351],[34.90225,29.49067],[34.90432,29.48776],[34.90473,29.48791],[34.9054,29.48851],[34.90702,29.48946],[34.90686,29.49029],[34.90801,29.49151],[34.90849,29.49236],[34.91166,29.49413],[34.91248,29.4943],[34.91363,29.49466],[34.91521,29.49551],[34.91589,29.496],[34.91736,29.49811],[34.91864,29.49882],[34.92034,29.50071],[34.92086,29.5022],[34.92079,29.50286],[34.92174,29.50389],[34.92349,29.50508],[34.92386,29.50579],[34.92432,29.50601],[34.92534,29.50739],[34.92576,29.50864],[34.92784,29.50975],[34.92949,29.51199],[34.92957,29.51289],[34.92919,29.51269],[34.9289,29.51287],[34.92889,29.51356],[34.92935,29.51373],[34.92949,29.5141],[34.92886,29.51511],[34.92959,29.51572],[34.93008,29.51625],[34.93139,29.5172],[34.92885,29.51888],[34.92964,29.51946],[34.92994,29.5198],[34.93078,29.52033],[34.9318,29.52271],[34.93277,29.52375],[34.93441,29.52461],[34.93492,29.52467],[34.93543,29.5252],[34.93608,29.52645],[34.93664,29.5268],[34.9373,29.52751],[34.93785,29.52791],[34.9383,29.52863],[34.93928,29.52896],[34.93972,29.52919],[34.94293,29.53305],[34.94307,29.53353],[34.94289,29.53381],[34.94247,29.5333],[34.94196,29.53361],[34.94236,29.53416],[34.94387,29.53538],[34.94384,29.53582],[34.94341,29.53633],[34.94423,29.5375],[34.94483,29.53817],[34.94503,29.5386],[34.94553,29.53907],[34.94639,29.53971],[34.94707,29.54],[34.94753,29.54032],[34.94752,29.54096],[34.948,29.54164],[34.9488,29.54214],[34.95004,29.54234],[34.95052,29.54257],[34.95088,29.54241],[34.95108,29.54273],[34.95075,29.54289],[34.95096,29.54328],[34.95137,29.54344],[34.95163,29.54329],[34.95212,29.54408],[34.95217,29.54436],[34.95156,29.54454],[34.95221,29.54555],[34.95278,29.54528],[34.95665,29.54651],[34.96214,29.54463],[34.97166,29.54161],[34.97254,29.54345],[34.97328,29.54465],[34.97447,29.54425],[34.97617,29.54352],[34.978,29.54266],[34.97805,29.54284],[34.97839,29.55608],[34.97866,29.57685],[34.9823,29.58574],[34.98703,29.59304],[34.99059,29.60196],[34.99601,29.61199],[35.0005,29.62193],[35.01399,29.63883],[35.01916,29.65542],[35.02061,29.67219],[35.01144,29.69641],[35.01299,29.71113],[35.01647,29.72316],[35.02473,29.75288],[35.03118,29.77602],[35.04397,29.78816],[35.04552,29.80232],[35.0507,29.81105],[35.04981,29.81911],[35.06179,29.84878],[35.06656,29.85605],[35.06935,29.86389],[35.07801,29.87132],[35.07871,29.87193],[35.07876,29.87782],[35.08426,29.88569],[35.08451,29.88919],[35.08279,29.91041],[35.08163,29.92255],[35.07731,29.92508],[35.07807,29.93035],[35.08441,29.94015],[35.08359,29.94721],[35.07535,29.95033],[35.07804,29.95697],[35.08873,29.96361],[35.09202,29.96986],[35.08855,29.9724],[35.09453,29.98193],[35.09872,29.99162],[35.11549,29.99531],[35.11651,30.00136],[35.11005,30.00338],[35.10984,30.00965],[35.10036,30.01234],[35.11258,30.0397],[35.13059,30.06198],[35.14615,30.06324],[35.15153,30.08438],[35.14822,30.08709],[35.15307,30.09401],[35.1575,30.11476],[35.16185,30.12262],[35.15753,30.12865],[35.16083,30.13466],[35.15065,30.14363],[35.15479,30.15495],[35.14434,30.16262],[35.1465,30.18406],[35.15112,30.20373],[35.151,30.21445],[35.14477,30.24165],[35.14968,30.25357],[35.1483,30.2706],[35.14582,30.28213],[35.14862,30.29003],[35.1547,30.30668],[35.16342,30.31305],[35.16422,30.31398],[35.16368,30.31408],[35.17299,30.32472],[35.1796,30.33258],[35.19111,30.34589],[35.189,30.35246],[35.1874,30.3576],[35.18619,30.35973],[35.18538,30.36143],[35.18116,30.36975],[35.1773,30.37724],[35.17268,30.38637],[35.16786,30.39534],[35.16399,30.40343],[35.16403,30.40441],[35.16273,30.40979],[35.16127,30.41845],[35.16117,30.42141],[35.16116,30.44086],[35.16493,30.44665],[35.17169,30.45733],[35.17862,30.46821],[35.18058,30.47134],[35.18113,30.47304],[35.18344,30.47993],[35.18514,30.48336],[35.19202,30.49833],[35.19278,30.5149],[35.19378,30.53313],[35.19573,30.53667],[35.20055,30.5442],[35.20292,30.54802],[35.20297,30.56001],[35.2037,30.56313],[35.20384,30.56385],[35.20386,30.56545],[35.20376,30.57381],[35.20378,30.58031],[35.20381,30.5814],[35.20397,30.58359],[35.20556,30.58616],[35.20948,30.59255],[35.21225,30.59686],[35.21719,30.60507],[35.2208,30.6187],[35.2285,30.62644],[35.23307,30.63085],[35.23514,30.63303],[35.23807,30.63597],[35.24012,30.63824],[35.24077,30.63845],[35.26244,30.65894],[35.26551,30.66785],[35.26214,30.67226],[35.27005,30.67979],[35.2674,30.68397],[35.26909,30.68518],[35.27158,30.68724],[35.27267,30.68827],[35.27321,30.689],[35.27363,30.68996],[35.27385,30.69066],[35.2743,30.69453],[35.27465,30.69647],[35.27538,30.69857],[35.27594,30.69987],[35.27893,30.70496],[35.28008,30.70683],[35.28169,30.71003],[35.29033,30.70894],[35.29322,30.71258],[35.29342,30.71747],[35.28586,30.72229],[35.28796,30.72547],[35.28954,30.72775],[35.29376,30.73352],[35.29388,30.73947],[35.29415,30.74991],[35.29472,30.76165],[35.30801,30.76214],[35.30898,30.76377],[35.31207,30.76838],[35.31262,30.77133],[35.31293,30.77248],[35.31324,30.77437],[35.31368,30.77614],[35.31464,30.78961],[35.32188,30.7962],[35.33574,30.79843],[35.34035,30.81465],[35.33675,30.81843],[35.33588,30.82096],[35.33279,30.8301],[35.33105,30.83534],[35.33125,30.83536],[35.32918,30.84143],[35.33101,30.86198],[35.33478,30.87313],[35.34372,30.88995],[35.35394,30.90895],[35.35635,30.91159],[35.37014,30.92663],[35.38115,30.92756],[35.38591,30.92717],[35.39333,30.92705],[35.39687,30.93131],[35.40186,30.93381],[35.41525,30.94975],[35.41734,30.96815],[35.41664,30.97059],[35.41693,30.98032],[35.41664,30.99343],[35.41682,31.00302],[35.4187,31.0092],[35.42043,31.01548],[35.4219,31.02235],[35.42282,31.02829],[35.42357,31.03468],[35.42426,31.04095],[35.42459,31.04308],[35.42518,31.04576],[35.42913,31.05173],[35.43413,31.05903],[35.43862,31.06592],[35.44248,31.07133],[35.44538,31.07632],[35.44868,31.08253],[35.45101,31.0884],[35.45443,31.09761],[35.45683,31.10733],[35.45798,31.11524],[35.45849,31.12097],[35.45856,31.12625],[35.45798,31.1361],[35.45718,31.1428],[35.45596,31.14898],[35.45474,31.15332],[35.45294,31.15917],[35.4509,31.16444],[35.44831,31.16902],[35.44639,31.17227],[35.44377,31.17563],[35.43918,31.18148],[35.42325,31.20097],[35.40819,31.22179],[35.40641,31.22479],[35.40454,31.22774],[35.40262,31.23147],[35.40119,31.23615],[35.40073,31.23958],[35.40003,31.24285],[35.3997,31.24696],[35.39969,31.25124],[35.4002,31.25649],[35.40102,31.26117],[35.40217,31.2655],[35.40359,31.26994],[35.4053,31.27475],[35.40714,31.27927],[35.41063,31.28664],[35.4136,31.29227],[35.41702,31.29854],[35.42049,31.30508],[35.42339,31.30998],[35.4286,31.31679],[35.4353,31.32608],[35.44101,31.33317],[35.44502,31.33916],[35.44898,31.34573],[35.45178,31.3503],[35.4549,31.35586],[35.45768,31.36159],[35.46085,31.36782],[35.46378,31.37464],[35.46656,31.382],[35.46856,31.38994],[35.47052,31.39705],[35.47229,31.40529],[35.47357,31.4109],[35.47371,31.41473],[35.4739,31.4224],[35.47458,31.43238],[35.47465,31.44365],[35.47592,31.45781],[35.47565,31.46217],[35.47549,31.47198],[35.47579,31.48499],[35.47598,31.49235],[35.47604,31.49311],[35.47108,31.49402],[35.46174,31.49545],[35.45805,31.49616],[35.45181,31.49664],[35.44206,31.49646],[35.43097,31.49628],[35.42025,31.49632],[35.4124,31.49567],[35.40028,31.49269],[35.39833,31.49232],[35.39382,31.48953],[35.38826,31.48607],[35.38409,31.48196],[35.37732,31.47747],[35.37519,31.47608],[35.37296,31.47429],[35.36937,31.47175],[35.35923,31.465],[35.35792,31.46464],[35.34906,31.45819],[35.33655,31.45018],[35.33326,31.4479],[35.3259,31.44295],[35.32111,31.43974],[35.31531,31.43603],[35.31159,31.43418],[35.30545,31.4302],[35.30111,31.42826],[35.30037,31.42757],[35.29933,31.42584],[35.29325,31.42203],[35.29239,31.42117],[35.29077,31.41932],[35.28973,31.41819],[35.28795,31.41662],[35.28635,31.41554],[35.28508,31.41475],[35.28234,31.41356],[35.27826,31.41105],[35.27476,31.40869],[35.27022,31.40555],[35.26927,31.4048],[35.26599,31.40202],[35.26217,31.39887],[35.25784,31.39578],[35.25706,31.3953],[35.25119,31.392],[35.25056,31.39184],[35.24972,31.39109],[35.24833,31.39005],[35.24405,31.38645],[35.24277,31.38528],[35.23902,31.38164],[35.23758,31.38029],[35.2344,31.37775],[35.23141,31.37545],[35.22965,31.37417],[35.22827,31.37339],[35.22636,31.37289],[35.22487,31.37273],[35.22277,31.37265],[35.21691,31.37235],[35.20848,31.37195],[35.20659,31.37172],[35.20348,31.37127],[35.20043,31.37063],[35.19814,31.3699],[35.19691,31.36939],[35.19474,31.36878],[35.19351,31.36848],[35.19004,31.36784],[35.18632,31.3674],[35.18436,31.36693],[35.18084,31.36594],[35.17868,31.36514],[35.17634,31.36437],[35.17458,31.36405],[35.17155,31.36393],[35.16352,31.36389],[35.16095,31.36338],[35.1564,31.36251],[35.15385,31.3618],[35.15135,31.36128],[35.14782,31.3603],[35.14437,31.35917],[35.14226,31.35837],[35.13941,31.35688],[35.13708,31.35604],[35.13483,31.35529],[35.13275,31.35522],[35.12756,31.35521],[35.12376,31.35551],[35.11973,31.35592],[35.11674,31.35628],[35.114,31.35669],[35.1103,31.35678],[35.10765,31.3563],[35.10519,31.35625],[35.10025,31.35584],[35.09582,31.35581],[35.09286,31.35597],[35.09149,31.35601],[35.09067,31.35611],[35.08898,31.35618],[35.08596,31.35674],[35.08392,31.35678],[35.08135,31.35695],[35.07949,31.35717],[35.07756,31.35716],[35.07481,31.35719],[35.07223,31.35735],[35.06995,31.35734],[35.06855,31.35747],[35.06632,31.3575],[35.06409,31.35749],[35.06136,31.35761],[35.05975,31.35777],[35.05858,31.35776],[35.05724,31.35784],[35.05671,31.35798],[35.0553,31.35806],[35.05397,31.35805],[35.0526,31.35814],[35.04706,31.3581],[35.04443,31.35799],[35.04156,31.35797],[35.03889,31.35799],[35.03762,31.35803],[35.03617,31.35816],[35.03352,31.35816],[35.03025,31.35873],[35.02674,31.35903],[35.02543,31.3591],[35.02092,31.35924],[35.01216,31.35842],[35.00921,31.35808],[35.00272,31.35718],[34.99984,31.35675],[34.9941,31.35467],[34.98789,31.35245],[34.98625,31.35203],[34.98037,31.35157],[34.97385,31.35059],[34.96743,31.34981],[34.96615,31.34969],[34.96275,31.34944],[34.95771,31.34925],[34.95597,31.34908],[34.95111,31.3482],[34.94923,31.3479],[34.94427,31.34683],[34.93518,31.34495],[34.93315,31.34431],[34.93261,31.34342],[34.93228,31.3432],[34.9309,31.34283],[34.92851,31.34232],[34.9271,31.34223],[34.92448,31.34222],[34.92311,31.34306],[34.92267,31.34321],[34.92004,31.3435],[34.91618,31.34616],[34.91561,31.34671],[34.91269,31.34913],[34.91136,31.34985],[34.91095,31.34995],[34.90991,31.3506],[34.91006,31.35129],[34.91084,31.3523],[34.91093,31.35267],[34.91075,31.35332],[34.91087,31.35406],[34.91066,31.35442],[34.90972,31.35648],[34.90591,31.35853],[34.89813,31.3632],[34.89718,31.36398],[34.89317,31.36751],[34.89247,31.36845],[34.89105,31.3705],[34.88959,31.3727],[34.88862,31.37533],[34.88728,31.37941],[34.88635,31.38252],[34.88552,31.38381],[34.88407,31.3859],[34.88322,31.38718],[34.88103,31.39074],[34.88019,31.39277],[34.88142,31.39674],[34.88394,31.40422],[34.88752,31.41345],[34.88899,31.41525],[34.88953,31.41608],[34.89297,31.42274],[34.89354,31.42416],[34.8944,31.42592],[34.89466,31.4263],[34.89643,31.42999],[34.897,31.43138],[34.89759,31.43403],[34.90072,31.43733],[34.90316,31.43981],[34.90493,31.44157],[34.90692,31.44381],[34.90968,31.44698],[34.91203,31.44957],[34.9142,31.45203],[34.91602,31.45415],[34.91791,31.45672],[34.92062,31.46001],[34.92241,31.46212],[34.9263,31.46716],[34.92868,31.47089],[34.93061,31.47381],[34.93275,31.47742],[34.93439,31.48068],[34.93603,31.48348],[34.93761,31.48673],[34.93889,31.48945],[34.93993,31.49182],[34.94202,31.49883],[34.94341,31.50313],[34.94397,31.50517],[34.94421,31.50719],[34.94439,31.51004],[34.94373,31.51177],[34.9415,31.51888],[34.94,31.52398],[34.94213,31.52807],[34.94182,31.53152],[34.94161,31.53465],[34.94179,31.53882],[34.94216,31.54554],[34.94161,31.55045],[34.94314,31.55499],[34.94381,31.56205],[34.94513,31.56394],[34.94631,31.57297],[34.94671,31.5783],[34.94755,31.58079],[34.94891,31.58493],[34.95044,31.58949],[34.95129,31.59194],[34.95204,31.5942],[34.95222,31.59457],[34.95348,31.59574],[34.95771,31.59988],[34.96059,31.60265],[34.95895,31.60496],[34.95799,31.60593],[34.95716,31.60696],[34.95638,31.60756],[34.9552,31.60834],[34.95427,31.60903],[34.95345,31.6099],[34.95204,31.61152],[34.95149,31.61199],[34.94924,31.61335],[34.94883,31.6135],[34.94696,31.61394],[34.94578,31.61384],[34.94165,31.61417],[34.93995,31.61412],[34.93785,31.61422],[34.93634,31.61445],[34.93285,31.61559],[34.93045,31.61673],[34.92626,31.61979],[34.9241,31.62167],[34.92231,31.62282],[34.92145,31.62344],[34.91955,31.62471],[34.91876,31.6256],[34.91441,31.62937],[34.91118,31.63284],[34.90944,31.63432],[34.90653,31.63612],[34.90361,31.63835],[34.9001,31.64125],[34.89655,31.6441],[34.89555,31.64439],[34.89476,31.64474],[34.89369,31.64544],[34.8933,31.6454],[34.89065,31.64698],[34.88828,31.64817],[34.88358,31.65057],[34.88068,31.65216],[34.87812,31.65364],[34.87651,31.65437],[34.87241,31.65556],[34.87164,31.65576],[34.86999,31.65655],[34.86963,31.65705],[34.86991,31.65843],[34.86976,31.65909],[34.86997,31.65963],[34.87038,31.66016],[34.87036,31.6606],[34.87109,31.66092],[34.87113,31.66161],[34.87097,31.6631],[34.87111,31.66378],[34.87117,31.66506],[34.87127,31.66529],[34.87127,31.66631],[34.86934,31.66663],[34.86871,31.66755],[34.86859,31.66844],[34.86919,31.67154],[34.86917,31.67186],[34.86849,31.67271],[34.8688,31.67332],[34.86804,31.67409],[34.86802,31.67443],[34.86861,31.67519],[34.86894,31.67579],[34.86907,31.67634],[34.86906,31.67695],[34.86887,31.67775],[34.86828,31.67916],[34.86749,31.68042],[34.86736,31.68092],[34.86666,31.68159],[34.86611,31.68274],[34.86627,31.6833],[34.86705,31.68461],[34.86982,31.68669],[34.87168,31.68881],[34.87143,31.69002],[34.87097,31.69027],[34.87064,31.69119],[34.87017,31.69166],[34.87006,31.69198],[34.8684,31.69275],[34.86681,31.69297],[34.86547,31.69328],[34.86493,31.69314],[34.86441,31.69326],[34.86378,31.69467],[34.86467,31.69506],[34.86476,31.69573],[34.86428,31.69603],[34.86441,31.69672],[34.86558,31.69823],[34.86707,31.69894],[34.86863,31.6991],[34.86901,31.69937],[34.86917,31.69991],[34.86851,31.70117],[34.86741,31.70221],[34.8661,31.70247],[34.86731,31.70509],[34.86728,31.70512],[34.86735,31.70515],[34.86831,31.70667],[34.86856,31.7077],[34.86948,31.70954],[34.87017,31.71228],[34.87135,31.7144],[34.87165,31.71483],[34.86873,31.71717],[34.86847,31.718],[34.86897,31.72025],[34.86928,31.72126],[34.8681,31.72186],[34.86748,31.72252],[34.86706,31.72319],[34.86667,31.72417],[34.86626,31.72431],[34.86569,31.72604],[34.86356,31.72796],[34.86361,31.72833],[34.86256,31.72921],[34.86188,31.72964],[34.85993,31.73113],[34.85936,31.73187],[34.86004,31.73246],[34.86019,31.73293],[34.86148,31.73371],[34.86234,31.73409],[34.86296,31.73478],[34.86341,31.73498],[34.86334,31.73575],[34.86432,31.73645],[34.86466,31.7371],[34.86531,31.73803],[34.86632,31.73777],[34.86772,31.73806],[34.86882,31.73841],[34.87084,31.73837],[34.87354,31.73808],[34.87452,31.7399],[34.87402,31.74062],[34.87404,31.74116],[34.87422,31.74158],[34.87391,31.74188],[34.87373,31.74273],[34.87334,31.74319],[34.87302,31.74386],[34.8733,31.74443],[34.87353,31.74445],[34.87366,31.745],[34.87382,31.74669],[34.87408,31.74678],[34.87376,31.74726],[34.87402,31.74762],[34.87452,31.74767],[34.87521,31.74861],[34.86955,31.75084],[34.86889,31.75097],[34.86866,31.75131],[34.86689,31.75207],[34.86413,31.75273],[34.8637,31.75346],[34.86289,31.75253],[34.85626,31.75308],[34.85515,31.75302],[34.85484,31.7519],[34.85222,31.75258],[34.8469,31.75412],[34.84236,31.75539],[34.83974,31.75615],[34.83874,31.75637],[34.84054,31.75859],[34.84136,31.76031],[34.84387,31.7616],[34.8421,31.765],[34.84075,31.76745],[34.84026,31.76861],[34.83874,31.77043],[34.83748,31.77175],[34.83588,31.77305],[34.83558,31.77381],[34.83511,31.77464],[34.83427,31.77655],[34.83624,31.77705],[34.83635,31.78117],[34.83637,31.78338],[34.83548,31.7835],[34.83455,31.78404],[34.83377,31.78419],[34.83296,31.78362],[34.83208,31.78379],[34.83146,31.7843],[34.83091,31.78443],[34.82846,31.78377],[34.82801,31.78381],[34.82663,31.78428],[34.82627,31.78453],[34.82596,31.78508],[34.82588,31.78614],[34.82554,31.78641],[34.82472,31.78597],[34.82407,31.78591],[34.8237,31.78634],[34.82302,31.78669],[34.82242,31.78678],[34.82115,31.78759],[34.82072,31.78772],[34.82027,31.78809],[34.82025,31.78851]]]},"properties":{"area_code":"6","area_name":"Southern District","area_unit_id":"il-district-2022-cbs-moin:6","boundary_set_id":"il-district-2022-cbs-moin","boundary_level":"district","land_area_sq_km":14454.245603696172}},
{"type":"Feature","geometry":{"type":"MultiPolygon","coordinates":[[[[35.12064,31.71557],[35.1203,31.71519],[35.11933,31.71442],[35.11925,31.71437],[35.11815,31.71383],[35.11874,31.71342],[35.12025,31.71257],[35.11993,31.71239],[35.11836,31.71227],[35.11815,31.71167],[35.11765,31.71179],[35.11742,31.7122],[35.11755,31.71271],[35.11785,31.71322],[35.11761,31.71382],[35.1169,31.71385],[35.11647,31.71387],[35.11677,31.71347],[35.1167,31.71318],[35.11614,31.71274],[35.11579,31.71281],[35.11574,31.71316],[35.11421,31.71228],[35.11432,31.71161],[35.11371,31.71076],[35.1131,31.71078],[35.113,31.71057],[35.11317,31.70977],[35.1125,31.70899],[35.11302,31.70877],[35.11646,31.70898],[35.11648,31.71043],[35.11788,31.71082],[35.11815,31.71127],[35.11864,31.71106],[35.11912,31.71114],[35.11957,31.71096],[35.11984,31.71056],[35.1203,31.71042],[35.1207,31.7111],[35.12082,31.71169],[35.12203,31.71103],[35.12253,31.71129],[35.12306,31.71219],[35.12304,31.71262],[35.12258,31.71345],[35.12064,31.71557]]],[[[34.98809,32.13861],[34.98757,32.13822],[34.98752,32.13819],[34.98676,32.13762],[34.98796,32.13453],[34.98779,32.13431],[34.98871,32.13414],[34.98823,32.13356],[34.98778,32.13303],[34.98745,32.13263],[34.98726,32.13241],[34.98675,32.13196],[34.98647,32.13143],[34.98607,32.13094],[34.98566,32.13044],[34.98551,32.13025],[34.9853,32.1299],[34.9854,32.12935],[34.98503,32.12779],[34.98494,32.1274],[34.98496,32.12726],[34.98524,32.12576],[34.98529,32.12554],[34.98587,32.12319],[34.98659,32.12305],[34.98812,32.12421],[34.98812,32.12524],[34.98881,32.12504],[34.98982,32.125],[34.99002,32.12488],[34.98999,32.12418],[34.9898,32.12324],[34.99024,32.12334],[34.99134,32.1232],[34.99212,32.12302],[34.99243,32.12271],[34.99283,32.12152],[34.99448,32.12115],[34.99441,32.12034],[34.99508,32.12008],[34.99579,32.12251],[34.99623,32.12377],[34.99653,32.12622],[34.99658,32.12702],[34.99643,32.12761],[34.9965,32.12968],[34.99776,32.12979],[34.99839,32.12958],[34.99967,32.12938],[34.99993,32.12991],[35.00146,32.12978],[35.00239,32.1298],[35.00352,32.13001],[35.00389,32.13035],[35.00401,32.13073],[35.00515,32.13108],[35.00506,32.13001],[35.00596,32.12983],[35.00644,32.13031],[35.00699,32.12999],[35.00778,32.12971],[35.00786,32.13045],[35.00866,32.13219],[35.00626,32.13353],[35.00546,32.13419],[35.00358,32.13494],[35.00286,32.13506],[35.00159,32.13461],[35.00102,32.13453],[35.00009,32.13487],[34.99972,32.13479],[34.9994,32.13443],[34.99858,32.13416],[34.99853,32.13369],[34.99775,32.13342],[34.99725,32.13357],[34.9972,32.13396],[34.99667,32.13439],[34.99593,32.13445],[34.99439,32.13489],[34.99451,32.13564],[34.9947,32.13607],[34.99359,32.13594],[34.99122,32.13724],[34.98928,32.13876],[34.9891,32.13845],[34.98889,32.13861],[34.98809,32.13861]],[[34.99428,32.12508],[34.99377,32.12383],[34.99279,32.12351],[34.99352,32.12555],[34.99354,32.12715],[34.99314,32.12783],[34.99344,32.12785],[34.99517,32.12756],[34.99572,32.12754],[34.99575,32.12685],[34.99532,32.12581],[34.99428,32.12508]]],[[[34.90259,31.36242],[34.90235,31.36295],[34.90196,31.36299],[34.90159,31.36269],[34.9019,31.36213],[34.90229,31.36213],[34.90259,31.36242]]],[[[35.00614,31.37295],[35.00589,31.37349],[35.00539,31.37349],[35.00516,31.37328],[35.00528,31.37276],[35.00583,31.37267],[35.00614,31.37295]]],[[[34.9575,31.37501],[34.95725,31.37555],[34.95686,31.37559],[34.95649,31.37529],[34.95659,31.37486],[34.95706,31.3747],[34.9575,31.37501]]],[[[35.01321,31.38749],[35.01327,31.38787],[35.01296,31.38815],[35.01257,31.38815],[35.01224,31.3877],[35.01236,31.38744],[35.01284,31.38728],[35.01321,31.38749]]],[[[34.90314,31.39111],[34.90317,31.39155],[34.90256,31.39179],[34.90219,31.39149],[34.9025,31.39093],[34.90314,31.39111]]],[[[35.02971,31.43919],[35.02971,31.43947],[35.02934,31.43977],[35.02895,31.43973],[35.02868,31.43936],[35.02914,31.43888],[35.02971,31.43919]]],[[[35.08034,31.49288],[35.0801,31.49342],[35.07971,31.49346],[35.07934,31.49316],[35.07934,31.49288],[35.07971,31.49258],[35.08034,31.49288]]],[[[34.98395,31.49295],[34.98393,31.49328],[34.98345,31.49354],[34.98297,31.49328],[34.98297,31.49289],[34.98358,31.49265],[34.98395,31.49295]]],[[[35.01787,31.55176],[35.01783,31.55229],[35.01749,31.55245],[35.01706,31.55233],[35.01694,31.55181],[35.01729,31.55156],[35.01787,31.55176]]],[[[35.03203,31.56295],[35.0321,31.56328],[35.03184,31.56359],[35.03145,31.56363],[35.03108,31.56333],[35.03139,31.56277],[35.03203,31.56295]]],[[[35.03565,31.84912],[35.03563,31.84945],[35.03515,31.84971],[35.03464,31.84939],[35.03495,31.84883],[35.03546,31.84889],[35.03565,31.84912]]],[[[35.03753,31.91957],[35.03722,31.92013],[35.03683,31.92013],[35.03652,31.91985],[35.03677,31.91931],[35.03716,31.91927],[35.03753,31.91957]]],[[[35.01777,31.92896],[35.01767,31.92939],[35.01733,31.92955],[35.01685,31.92939],[35.01673,31.92907],[35.01695,31.92873],[35.01752,31.9287],[35.01777,31.92896]]],[[[35.03355,31.92947],[35.03362,31.9298],[35.0331,31.93017],[35.03262,31.92991],[35.03262,31.92952],[35.0331,31.92926],[35.03355,31.92947]]],[[[35.02418,31.93118],[35.02426,31.93151],[35.02405,31.93179],[35.0236,31.93186],[35.02323,31.93156],[35.02323,31.93128],[35.0238,31.93097],[35.02418,31.93118]]],[[[35.0514,31.928],[35.05125,31.92841],[35.05132,31.92909],[35.05084,31.92941],[35.05037,31.92952],[35.05067,31.9301],[35.05055,31.93084],[35.05067,31.93105],[35.05157,31.93105],[35.05214,31.93088],[35.05256,31.93038],[35.05324,31.93047],[35.05504,31.93139],[35.05574,31.93206],[35.05673,31.93237],[35.05665,31.93302],[35.05572,31.93354],[35.0558,31.93449],[35.05532,31.93571],[35.05388,31.93718],[35.05333,31.938],[35.05239,31.93899],[35.05147,31.93978],[35.05161,31.94024],[35.05147,31.941],[35.05128,31.94111],[35.05047,31.94111],[35.05028,31.94132],[35.05031,31.9418],[35.04993,31.9421],[35.04934,31.94307],[35.04914,31.94366],[35.04933,31.94395],[35.0499,31.94387],[35.05048,31.94343],[35.05116,31.94362],[35.05174,31.94463],[35.05257,31.94481],[35.05251,31.94522],[35.05175,31.94536],[35.05132,31.94607],[35.05101,31.94632],[35.04984,31.94614],[35.04878,31.94631],[35.0485,31.94626],[35.04828,31.94566],[35.04848,31.94486],[35.04879,31.94435],[35.04872,31.94374],[35.04794,31.94376],[35.04744,31.94405],[35.04696,31.94377],[35.04672,31.942],[35.0458,31.94208],[35.04577,31.94269],[35.04516,31.94298],[35.04448,31.94298],[35.04415,31.94241],[35.04416,31.94161],[35.04337,31.94146],[35.04279,31.94156],[35.04179,31.94139],[35.04056,31.94182],[35.04032,31.94129],[35.03958,31.941],[35.03922,31.94047],[35.03872,31.94053],[35.03806,31.94169],[35.03874,31.94213],[35.04081,31.94291],[35.04036,31.94397],[35.03813,31.943],[35.03798,31.94278],[35.03693,31.94245],[35.03669,31.94153],[35.03674,31.94091],[35.03694,31.94033],[35.03686,31.94009],[35.03725,31.93964],[35.03641,31.93908],[35.03533,31.93965],[35.03486,31.93942],[35.03488,31.93905],[35.03526,31.93849],[35.03536,31.93753],[35.03579,31.93719],[35.03715,31.93654],[35.03481,31.93674],[35.03472,31.93617],[35.03433,31.93553],[35.03433,31.93517],[35.03517,31.9351],[35.03576,31.9353],[35.03629,31.93526],[35.03623,31.93426],[35.03494,31.93451],[35.03451,31.93432],[35.03349,31.93452],[35.03278,31.93413],[35.03132,31.93362],[35.02914,31.93297],[35.02882,31.93265],[35.02874,31.93169],[35.02973,31.93148],[35.02971,31.93256],[35.03068,31.93255],[35.03088,31.93185],[35.03479,31.93188],[35.03513,31.93117],[35.03675,31.93106],[35.03692,31.93038],[35.03793,31.92914],[35.03784,31.9283],[35.03703,31.92792],[35.03708,31.92683],[35.03742,31.92666],[35.0375,31.92629],[35.03786,31.92564],[35.03845,31.92529],[35.03895,31.92528],[35.04022,31.92386],[35.04124,31.92322],[35.04233,31.92281],[35.04274,31.92253],[35.04316,31.92144],[35.04402,31.92152],[35.04485,31.92206],[35.0448,31.92126],[35.04489,31.91943],[35.04536,31.91946],[35.04578,31.9192],[35.04594,31.91968],[35.04627,31.92004],[35.04674,31.92002],[35.04758,31.91972],[35.0482,31.91988],[35.04841,31.92055],[35.04909,31.92061],[35.04975,31.92034],[35.05146,31.91989],[35.0519,31.91993],[35.05327,31.92031],[35.05396,31.92059],[35.05498,31.92168],[35.0559,31.92316],[35.05619,31.92345],[35.05666,31.92361],[35.05719,31.92344],[35.05788,31.92232],[35.05831,31.92233],[35.06003,31.92285],[35.06047,31.92307],[35.06088,31.92306],[35.06131,31.92231],[35.0617,31.92261],[35.06267,31.92387],[35.06226,31.92418],[35.06127,31.92375],[35.06053,31.9241],[35.06039,31.92447],[35.06061,31.92465],[35.06159,31.92472],[35.06188,31.92492],[35.06174,31.92602],[35.06194,31.92681],[35.06144,31.92702],[35.06086,31.92755],[35.06036,31.92784],[35.05988,31.92759],[35.05982,31.92732],[35.0605,31.92652],[35.06049,31.92616],[35.06003,31.92583],[35.05921,31.92588],[35.05875,31.92634],[35.05898,31.92703],[35.05875,31.92747],[35.05799,31.9271],[35.05656,31.92704],[35.05591,31.92711],[35.05622,31.92596],[35.05513,31.9256],[35.05496,31.92652],[35.05372,31.92731],[35.05311,31.92724],[35.05176,31.92652],[35.05122,31.92598],[35.04946,31.92562],[35.04789,31.92545],[35.04751,31.92494],[35.04618,31.92503],[35.04649,31.92592],[35.04716,31.92616],[35.04884,31.92658],[35.05081,31.92747],[35.0514,31.928]]],[[[35.0642,31.96305],[35.06417,31.96349],[35.06392,31.96367],[35.06341,31.96361],[35.06324,31.96305],[35.06359,31.96281],[35.0642,31.96305]]],[[[35.04811,31.96308],[35.04795,31.96364],[35.0475,31.96371],[35.04713,31.96341],[35.04727,31.96294],[35.0477,31.96282],[35.04811,31.96308]]],[[[35.05039,32.03293],[35.05032,32.03341],[35.04998,32.03357],[35.0495,32.03341],[35.0495,32.03283],[35.04985,32.03267],[35.05039,32.03293]]],[[[35.05267,32.06165],[35.05267,32.06214],[35.05222,32.06235],[35.05174,32.06209],[35.05174,32.0617],[35.05222,32.06144],[35.05267,32.06165]]],[[[35.06512,32.07143],[35.06512,32.07182],[35.06464,32.07208],[35.06416,32.07182],[35.06416,32.07143],[35.06464,32.07117],[35.06512,32.07143]]],[[[35.09081,32.08132],[35.09062,32.08183],[35.09017,32.0819],[35.08978,32.08138],[35.09011,32.08104],[35.0905,32.08104],[35.09081,32.08132]]],[[[35.03727,32.11124],[35.03727,32.11152],[35.0369,32.11182],[35.03645,32.11175],[35.03624,32.1113],[35.0367,32.11093],[35.03727,32.11124]]],[[[34.98856,32.12015],[34.98906,32.11963],[34.98908,32.11878],[34.98994,32.11777],[34.99043,32.11769],[34.99069,32.11794],[34.99052,32.11951],[34.99159,32.11953],[34.99178,32.11989],[34.99122,32.12028],[34.99058,32.12039],[34.98998,32.12113],[34.98948,32.12141],[34.98883,32.12125],[34.98856,32.12015]]],[[[34.99165,32.13818],[34.99282,32.13714],[34.99489,32.13671],[34.99586,32.13683],[34.99714,32.13687],[34.99549,32.1364],[34.99568,32.13601],[34.99802,32.13648],[35.00041,32.13816],[35.00017,32.13914],[34.99838,32.13887],[34.99613,32.13831],[34.99448,32.13843],[34.99388,32.13917],[34.99355,32.14077],[34.99236,32.14128],[34.99217,32.14195],[34.99093,32.14222],[34.99052,32.14194],[34.99032,32.14083],[34.99075,32.13948],[34.99068,32.13942],[34.99165,32.13818]]],[[[35.0728,32.16116],[35.07282,32.16203],[35.07233,32.16365],[35.07231,32.16442],[35.07209,32.16516],[35.07211,32.16664],[35.07228,32.16761],[35.07281,32.16843],[35.075,32.17043],[35.07506,32.17101],[35.07453,32.17128],[35.07368,32.17115],[35.0728,32.17044],[35.07162,32.1706],[35.07103,32.17079],[35.07059,32.17077],[35.07008,32.17013],[35.06954,32.17002],[35.06937,32.1694],[35.06868,32.16936],[35.06707,32.1696],[35.06646,32.16958],[35.06583,32.16896],[35.0663,32.16788],[35.06679,32.16653],[35.06747,32.16599],[35.06769,32.16537],[35.06917,32.16329],[35.06951,32.16308],[35.06948,32.16253],[35.06996,32.16143],[35.07049,32.16113],[35.07121,32.16089],[35.07152,32.16064],[35.07193,32.16071],[35.07231,32.16054],[35.07261,32.16008],[35.073,32.16046],[35.0728,32.16116]]],[[[35.01406,32.17349],[35.01392,32.17396],[35.01319,32.17396],[35.01305,32.17349],[35.01342,32.17319],[35.01406,32.17349]]],[[[35.0925,32.17727],[35.0925,32.17668],[35.09405,32.17666],[35.0941,32.17723],[35.0925,32.17727]]],[[[35.09902,32.1772],[35.09907,32.17746],[35.09851,32.17761],[35.09781,32.17765],[35.09685,32.17752],[35.09692,32.17689],[35.09721,32.17685],[35.09842,32.17702],[35.09902,32.1772]]],[[[35.0965,32.18333],[35.09694,32.18314],[35.09668,32.18259],[35.0969,32.18234],[35.09918,32.18225],[35.09932,32.18349],[35.0986,32.18404],[35.09856,32.18456],[35.09878,32.1849],[35.09755,32.18598],[35.09671,32.18736],[35.09711,32.18748],[35.09762,32.18742],[35.09787,32.18856],[35.09707,32.18868],[35.09653,32.18776],[35.09603,32.18733],[35.09632,32.18631],[35.09679,32.18619],[35.09661,32.18564],[35.09686,32.18471],[35.0957,32.18407],[35.09542,32.18342],[35.0965,32.18333]]],[[[35.00931,32.19814],[35.00929,32.19847],[35.00881,32.19873],[35.00849,32.19864],[35.00836,32.19803],[35.00881,32.19782],[35.00931,32.19814]]],[[[35.0511,32.24231],[35.05108,32.24264],[35.05073,32.24288],[35.05028,32.24281],[35.05015,32.2422],[35.0506,32.24199],[35.0511,32.24231]]],[[[35.07344,32.28502],[35.07327,32.28558],[35.07264,32.28558],[35.07245,32.28535],[35.07259,32.28488],[35.07315,32.28479],[35.07344,32.28502]]],[[[35.11304,31.3644],[35.11301,31.36493],[35.11267,31.36509],[35.11212,31.36483],[35.11229,31.36427],[35.11285,31.36424],[35.11304,31.3644]]],[[[35.114,31.3919],[35.114,31.39229],[35.11339,31.39253],[35.11308,31.39234],[35.11302,31.39196],[35.11352,31.39164],[35.114,31.3919]]],[[[35.11873,31.53528],[35.11857,31.53584],[35.11812,31.53591],[35.11773,31.5355],[35.11785,31.53518],[35.11832,31.53502],[35.11873,31.53528]]],[[[35.10115,31.60877],[35.10119,31.60921],[35.10084,31.60945],[35.10023,31.60921],[35.10026,31.60877],[35.10052,31.60859],[35.10115,31.60877]]],[[[35.11616,31.64928],[35.11609,31.64976],[35.11562,31.64992],[35.11532,31.6498],[35.11518,31.64933],[35.11555,31.64903],[35.11616,31.64928]]],[[[35.12657,31.65468],[35.12635,31.65527],[35.12578,31.65524],[35.12557,31.65496],[35.12573,31.65454],[35.12616,31.65442],[35.12657,31.65468]]],[[[35.10136,31.65798],[35.10142,31.65836],[35.10105,31.65866],[35.10066,31.65862],[35.10041,31.65836],[35.10051,31.65793],[35.10098,31.65777],[35.10136,31.65798]]],[[[35.12558,31.66775],[35.12563,31.66802],[35.12524,31.66838],[35.12485,31.66834],[35.12458,31.66797],[35.12485,31.66754],[35.12524,31.6675],[35.12558,31.66775]]],[[[35.12085,31.70649],[35.11934,31.70682],[35.11935,31.70745],[35.12025,31.70764],[35.12056,31.70781],[35.12051,31.7083],[35.12003,31.70836],[35.11793,31.7083],[35.11684,31.70834],[35.11633,31.70858],[35.11503,31.70851],[35.11234,31.70854],[35.11192,31.7087],[35.11203,31.70909],[35.11175,31.70928],[35.11124,31.70896],[35.10791,31.70792],[35.10734,31.70711],[35.10601,31.70569],[35.10502,31.70498],[35.10392,31.70444],[35.10188,31.70333],[35.10145,31.703],[35.1013,31.70252],[35.10158,31.70224],[35.10203,31.70224],[35.10307,31.70245],[35.10438,31.70261],[35.10456,31.70238],[35.10433,31.70195],[35.10334,31.70154],[35.10071,31.70092],[35.09892,31.70068],[35.09685,31.70029],[35.0962,31.7],[35.09546,31.69925],[35.09514,31.69845],[35.09479,31.69819],[35.09434,31.6972],[35.09436,31.69666],[35.09479,31.69613],[35.09585,31.69551],[35.09658,31.69519],[35.09707,31.6948],[35.0968,31.69403],[35.09736,31.69312],[35.09778,31.69271],[35.09876,31.69251],[35.09971,31.69272],[35.10202,31.69242],[35.10285,31.69256],[35.10364,31.69293],[35.10472,31.69358],[35.1055,31.6939],[35.10624,31.69385],[35.10586,31.69306],[35.10464,31.69212],[35.10434,31.69164],[35.10429,31.69092],[35.10441,31.68935],[35.10492,31.68885],[35.10689,31.68843],[35.10747,31.68806],[35.10813,31.68795],[35.1086,31.68764],[35.10936,31.68762],[35.11004,31.68788],[35.11106,31.68894],[35.11171,31.69027],[35.11207,31.69064],[35.11258,31.69056],[35.11232,31.68988],[35.11243,31.68972],[35.11374,31.68971],[35.11435,31.6892],[35.11477,31.68917],[35.11538,31.6894],[35.11622,31.68991],[35.11735,31.69079],[35.11854,31.69148],[35.11988,31.69207],[35.12061,31.69213],[35.12113,31.69247],[35.12195,31.69219],[35.12259,31.69239],[35.12339,31.69291],[35.12433,31.69393],[35.12509,31.69505],[35.12525,31.69569],[35.12572,31.69567],[35.12585,31.69525],[35.1256,31.69465],[35.12579,31.69423],[35.12631,31.6944],[35.12713,31.69494],[35.12787,31.69583],[35.12875,31.69751],[35.12894,31.69815],[35.1289,31.6986],[35.12953,31.69925],[35.12886,31.7006],[35.12744,31.70126],[35.12735,31.70194],[35.12755,31.70218],[35.12755,31.70276],[35.12737,31.70356],[35.1271,31.70414],[35.12705,31.70501],[35.12728,31.70538],[35.12725,31.70595],[35.12612,31.70609],[35.12607,31.70527],[35.12583,31.7047],[35.12576,31.70414],[35.12528,31.70364],[35.12462,31.70326],[35.1235,31.70295],[35.12265,31.70313],[35.12242,31.7043],[35.12204,31.70543],[35.12271,31.70599],[35.12311,31.7054],[35.12362,31.70531],[35.12356,31.70604],[35.12397,31.70628],[35.12402,31.70669],[35.12468,31.70683],[35.12445,31.7071],[35.12344,31.70767],[35.12357,31.70808],[35.12273,31.70877],[35.12203,31.70862],[35.12147,31.70816],[35.12081,31.70799],[35.12091,31.70772],[35.12147,31.70734],[35.12127,31.70683],[35.12085,31.70649]],[[35.11664,31.70673],[35.11636,31.70673],[35.11557,31.70612],[35.11431,31.70634],[35.11277,31.70517],[35.11196,31.70467],[35.11135,31.70336],[35.11044,31.70311],[35.10966,31.70256],[35.10908,31.70239],[35.10836,31.7025],[35.10749,31.70228],[35.10614,31.70235],[35.10607,31.70256],[35.10675,31.70339],[35.10723,31.70349],[35.10825,31.70399],[35.10974,31.70447],[35.11054,31.70493],[35.11227,31.70572],[35.11242,31.70606],[35.11341,31.70678],[35.11401,31.70699],[35.1154,31.70731],[35.11601,31.70732],[35.11727,31.70797],[35.118,31.70803],[35.1181,31.70762],[35.11727,31.70687],[35.11664,31.70673]],[[35.11228,31.6968],[35.11126,31.69657],[35.10934,31.69539],[35.10847,31.69478],[35.10707,31.69436],[35.10693,31.69491],[35.10738,31.69536],[35.1089,31.69614],[35.10874,31.69669],[35.10826,31.69666],[35.10822,31.69707],[35.10869,31.69738],[35.11025,31.69823],[35.1118,31.69916],[35.11255,31.69917],[35.11298,31.69861],[35.11334,31.69892],[35.11355,31.69984],[35.11396,31.69981],[35.11415,31.69924],[35.11444,31.6992],[35.11525,31.70005],[35.11587,31.70091],[35.11651,31.70212],[35.11696,31.70236],[35.11769,31.70236],[35.11747,31.70182],[35.11765,31.7014],[35.11894,31.70087],[35.11999,31.7007],[35.12121,31.70079],[35.12158,31.70065],[35.12222,31.70097],[35.12261,31.70103],[35.12365,31.70204],[35.12386,31.70169],[35.12426,31.70178],[35.12436,31.70231],[35.12475,31.70283],[35.12518,31.70286],[35.12549,31.70162],[35.12476,31.70109],[35.12362,31.7004],[35.12071,31.69917],[35.11978,31.69898],[35.1163,31.69793],[35.11589,31.69735],[35.11583,31.69669],[35.11519,31.69644],[35.11354,31.69672],[35.11228,31.6968]],[[35.11909,31.70343],[35.11849,31.7041],[35.11894,31.70421],[35.11975,31.70389],[35.12025,31.7044],[35.12075,31.70406],[35.12009,31.70296],[35.11934,31.70315],[35.11909,31.70343]],[[35.12646,31.70239],[35.12664,31.70146],[35.12626,31.70141],[35.12573,31.70164],[35.12575,31.70272],[35.12604,31.70291],[35.12646,31.70239]],[[35.12215,31.70712],[35.12228,31.70776],[35.123,31.70793],[35.1233,31.70718],[35.12292,31.7067],[35.12215,31.70712]],[[35.11975,31.70524],[35.12008,31.70541],[35.12084,31.70539],[35.12132,31.70522],[35.12131,31.70481],[35.12022,31.70481],[35.11975,31.70524]]],[[[35.129,31.70186],[35.12895,31.70262],[35.12911,31.70313],[35.12865,31.70341],[35.12842,31.70296],[35.12839,31.70223],[35.129,31.70186]]],[[[35.12084,31.71579],[35.12119,31.71513],[35.12299,31.71332],[35.12328,31.71291],[35.12339,31.71211],[35.12321,31.71164],[35.12358,31.71148],[35.12414,31.71225],[35.1244,31.712],[35.12436,31.71141],[35.12499,31.71114],[35.12609,31.71154],[35.12622,31.71177],[35.12619,31.71256],[35.12598,31.71315],[35.12531,31.71404],[35.12493,31.71428],[35.1245,31.71431],[35.1241,31.71468],[35.12402,31.71562],[35.1244,31.71565],[35.12455,31.71529],[35.12557,31.71548],[35.12632,31.71535],[35.1268,31.71543],[35.12702,31.71576],[35.12759,31.71622],[35.12778,31.71661],[35.12746,31.7169],[35.12723,31.71758],[35.12704,31.71849],[35.12778,31.71872],[35.1277,31.71918],[35.12742,31.7192],[35.12677,31.71962],[35.12663,31.71994],[35.1272,31.72034],[35.12762,31.72026],[35.12811,31.72069],[35.12816,31.72138],[35.12781,31.72161],[35.1272,31.72138],[35.12643,31.72139],[35.12566,31.72166],[35.12486,31.72151],[35.12434,31.72156],[35.12282,31.72093],[35.12308,31.72003],[35.12266,31.7199],[35.12252,31.71909],[35.12263,31.71863],[35.12191,31.71809],[35.12102,31.71799],[35.12097,31.71676],[35.12166,31.71678],[35.12184,31.71636],[35.12214,31.71625],[35.1221,31.7157],[35.12165,31.71559],[35.12133,31.71608],[35.12084,31.71579]],[[35.12208,31.71524],[35.12209,31.71558],[35.12292,31.71548],[35.12286,31.71507],[35.1221,31.71503],[35.12208,31.71524]],[[35.12453,31.71937],[35.12428,31.71992],[35.1248,31.71979],[35.12486,31.71946],[35.12576,31.71793],[35.12544,31.71787],[35.12502,31.71846],[35.12453,31.71937]]],[[[35.12963,31.82662],[35.12949,31.82709],[35.12919,31.82721],[35.12872,31.82705],[35.1286,31.82673],[35.12887,31.82636],[35.12926,31.82632],[35.12963,31.82662]]],[[[35.12723,31.87787],[35.12707,31.87843],[35.12662,31.8785],[35.12625,31.8782],[35.12639,31.87773],[35.12682,31.87761],[35.12723,31.87787]]],[[[35.12708,32.00645],[35.12706,32.00679],[35.12644,32.00703],[35.12607,32.00673],[35.12638,32.00617],[35.12677,32.00617],[35.12708,32.00645]]],[[[35.11814,32.10228],[35.11797,32.10284],[35.1174,32.10287],[35.11715,32.10261],[35.11725,32.10218],[35.11759,32.10202],[35.11814,32.10228]]],[[[35.10637,32.10697],[35.10623,32.10758],[35.10566,32.10761],[35.10541,32.10735],[35.10551,32.10692],[35.10599,32.10676],[35.10637,32.10697]]],[[[35.11221,32.11693],[35.11214,32.11741],[35.11166,32.11757],[35.11122,32.11726],[35.11147,32.11672],[35.11198,32.11672],[35.11221,32.11693]]],[[[35.12915,32.11872],[35.12901,32.11919],[35.12871,32.11931],[35.12823,32.11915],[35.12816,32.11867],[35.12871,32.11841],[35.12915,32.11872]]],[[[35.11394,32.14962],[35.11369,32.15016],[35.11307,32.15009],[35.11293,32.14962],[35.11337,32.14931],[35.11394,32.14962]]],[[[35.10218,32.15484],[35.10201,32.1554],[35.10133,32.15536],[35.10119,32.15489],[35.10163,32.15458],[35.10218,32.15484]]],[[[35.09675,32.17535],[35.09599,32.17535],[35.09501,32.17556],[35.09439,32.17549],[35.09325,32.17584],[35.09213,32.17531],[35.09183,32.1757],[35.09234,32.17637],[35.09162,32.17647],[35.09117,32.17598],[35.09022,32.17521],[35.08954,32.17407],[35.08906,32.17363],[35.08853,32.17338],[35.0868,32.17236],[35.08442,32.17195],[35.0816,32.17218],[35.07992,32.17254],[35.07837,32.17251],[35.07696,32.17231],[35.07712,32.17173],[35.07696,32.17105],[35.07706,32.1697],[35.07739,32.16924],[35.07898,32.16815],[35.07982,32.16807],[35.08066,32.16858],[35.08122,32.16857],[35.08143,32.16815],[35.0811,32.1673],[35.07998,32.16662],[35.07993,32.16621],[35.08043,32.16596],[35.08046,32.16553],[35.07907,32.16505],[35.07881,32.16294],[35.07879,32.16136],[35.07924,32.16088],[35.07975,32.16095],[35.08047,32.16129],[35.08105,32.16197],[35.08164,32.16215],[35.08244,32.16218],[35.0835,32.16181],[35.08551,32.16041],[35.08644,32.15996],[35.08716,32.16021],[35.08777,32.162],[35.08763,32.16433],[35.08793,32.16533],[35.0895,32.16631],[35.09333,32.16842],[35.09408,32.16738],[35.09552,32.1662],[35.098,32.16548],[35.0984,32.16548],[35.09995,32.16668],[35.10016,32.16698],[35.10083,32.16716],[35.10123,32.1665],[35.10142,32.16523],[35.10171,32.16469],[35.10275,32.16478],[35.1035,32.16507],[35.10499,32.16535],[35.10557,32.16533],[35.10598,32.16476],[35.10571,32.16442],[35.10336,32.16424],[35.1019,32.16351],[35.10169,32.16305],[35.10201,32.16256],[35.1035,32.16163],[35.10558,32.16052],[35.10694,32.15948],[35.10755,32.1587],[35.10833,32.15861],[35.1091,32.15907],[35.11088,32.16107],[35.1132,32.16222],[35.11422,32.16234],[35.1163,32.16214],[35.11462,32.16184],[35.11323,32.16129],[35.11248,32.16057],[35.11233,32.15973],[35.11273,32.15903],[35.11457,32.15835],[35.11609,32.15801],[35.11806,32.15896],[35.11934,32.16001],[35.12163,32.16051],[35.12323,32.16055],[35.12472,32.16017],[35.126,32.15911],[35.12667,32.16006],[35.12853,32.16158],[35.13093,32.16235],[35.13306,32.16412],[35.13373,32.16478],[35.13218,32.16516],[35.13125,32.1653],[35.13,32.16414],[35.12928,32.16387],[35.12928,32.16498],[35.12728,32.16439],[35.12634,32.16346],[35.12576,32.16264],[35.12512,32.16309],[35.12469,32.16321],[35.12435,32.16391],[35.12371,32.16414],[35.12408,32.16477],[35.12445,32.16563],[35.12472,32.16695],[35.12455,32.16788],[35.12442,32.16808],[35.12258,32.16822],[35.122,32.16749],[35.12178,32.16835],[35.12183,32.16944],[35.12074,32.17017],[35.12021,32.16917],[35.11984,32.16774],[35.11925,32.16674],[35.11816,32.1662],[35.11653,32.1657],[35.11573,32.16588],[35.11536,32.16631],[35.11546,32.16715],[35.11634,32.16839],[35.11634,32.16873],[35.11586,32.16932],[35.11599,32.17016],[35.11637,32.1708],[35.11639,32.1713],[35.11501,32.17157],[35.11431,32.17082],[35.11373,32.17037],[35.11335,32.17052],[35.11314,32.17105],[35.11354,32.17164],[35.11466,32.17204],[35.1149,32.17236],[35.11429,32.17284],[35.11381,32.17284],[35.11346,32.17336],[35.11253,32.17327],[35.11231,32.17345],[35.11268,32.17429],[35.11335,32.17447],[35.1137,32.17506],[35.11412,32.17626],[35.11452,32.17703],[35.11484,32.17733],[35.11575,32.1774],[35.11601,32.1784],[35.11535,32.17889],[35.11516,32.17923],[35.11561,32.17946],[35.11708,32.17989],[35.11742,32.18021],[35.1175,32.18062],[35.11718,32.18069],[35.11532,32.1798],[35.11487,32.1798],[35.11494,32.18016],[35.11614,32.18078],[35.11646,32.18128],[35.11537,32.18166],[35.11524,32.18193],[35.11468,32.18229],[35.11377,32.18252],[35.11384,32.18299],[35.11321,32.18298],[35.11014,32.18231],[35.10937,32.18231],[35.10894,32.18202],[35.10862,32.18116],[35.10869,32.18031],[35.10845,32.17987],[35.1078,32.17992],[35.10761,32.17964],[35.10202,32.1776],[35.10175,32.17677],[35.10119,32.17625],[35.10079,32.17603],[35.09994,32.17584],[35.09937,32.17598],[35.0993,32.17624],[35.09803,32.17659],[35.09712,32.17651],[35.09687,32.17614],[35.09676,32.17564],[35.09836,32.17552],[35.09824,32.17533],[35.09675,32.17535]],[[35.10744,32.1785],[35.10771,32.17815],[35.10778,32.17723],[35.10751,32.17714],[35.10622,32.17608],[35.10612,32.17563],[35.10622,32.17483],[35.10525,32.17371],[35.10483,32.173],[35.10314,32.17271],[35.10326,32.17333],[35.10265,32.17357],[35.1025,32.17412],[35.10198,32.17492],[35.10132,32.17563],[35.10139,32.17589],[35.10254,32.17687],[35.10379,32.17696],[35.1058,32.17782],[35.10594,32.17856],[35.10639,32.17865],[35.10744,32.1785]],[[35.1147,32.18143],[35.11459,32.18019],[35.11428,32.17936],[35.11195,32.17945],[35.11174,32.17998],[35.11126,32.18048],[35.1114,32.18134],[35.11195,32.18164],[35.11359,32.18155],[35.1147,32.18143]],[[35.11279,32.17862],[35.11216,32.17824],[35.11196,32.17756],[35.1105,32.17735],[35.10994,32.17744],[35.1099,32.17912],[35.10997,32.17921],[35.11293,32.17901],[35.11279,32.17862]]],[[[35.09991,32.17977],[35.09943,32.17948],[35.09914,32.17891],[35.09906,32.17836],[35.09929,32.17774],[35.09959,32.17733],[35.1068,32.1798],[35.10653,32.18019],[35.10648,32.18105],[35.10673,32.18236],[35.10507,32.18246],[35.10443,32.18278],[35.10345,32.18248],[35.10377,32.18176],[35.1029,32.18091],[35.10296,32.18027],[35.10228,32.1801],[35.10077,32.18012],[35.10077,32.18032],[35.09993,32.18031],[35.09991,32.17977]]],[[[35.11382,32.1836],[35.1139,32.18393],[35.11517,32.18464],[35.11524,32.185],[35.11361,32.18525],[35.11271,32.18568],[35.11235,32.18648],[35.11245,32.18716],[35.11216,32.18756],[35.11242,32.18796],[35.1126,32.18857],[35.1118,32.18866],[35.11144,32.18919],[35.11032,32.18919],[35.11025,32.18872],[35.10981,32.18832],[35.10912,32.18823],[35.10909,32.18774],[35.11032,32.18743],[35.11068,32.18694],[35.1105,32.18611],[35.11086,32.18497],[35.11184,32.18476],[35.11155,32.18414],[35.11029,32.18386],[35.10866,32.18392],[35.10811,32.18494],[35.10786,32.18525],[35.10732,32.18525],[35.10692,32.18466],[35.10736,32.18368],[35.10736,32.18309],[35.10888,32.18306],[35.10917,32.18294],[35.10866,32.18245],[35.11011,32.18297],[35.11253,32.18337],[35.11351,32.18337],[35.11528,32.18282],[35.11546,32.18304],[35.11499,32.18337],[35.11382,32.1836]],[[35.11068,32.18827],[35.11118,32.18813],[35.1112,32.18767],[35.11048,32.18786],[35.11068,32.18827]]],[[[35.12785,32.19027],[35.12786,32.18925],[35.12736,32.18904],[35.12769,32.1884],[35.1295,32.18832],[35.12994,32.18902],[35.13051,32.18903],[35.13047,32.1898],[35.12971,32.18955],[35.12785,32.19027]]],[[[35.10895,32.19054],[35.10895,32.19034],[35.10798,32.19024],[35.10776,32.18916],[35.10871,32.18916],[35.10907,32.18879],[35.10986,32.18949],[35.11066,32.18951],[35.11131,32.18942],[35.11189,32.18916],[35.11272,32.18951],[35.11311,32.18999],[35.11339,32.1907],[35.11316,32.19134],[35.11251,32.19196],[35.11198,32.19222],[35.11094,32.19237],[35.10986,32.1924],[35.10947,32.19189],[35.10825,32.19177],[35.10808,32.19065],[35.10895,32.19054]]],[[[35.12522,32.19021],[35.12483,32.18895],[35.12434,32.189],[35.12302,32.18937],[35.12333,32.18842],[35.12335,32.18794],[35.1238,32.18795],[35.12442,32.18728],[35.12474,32.18727],[35.12537,32.18778],[35.12578,32.18792],[35.12533,32.18933],[35.12608,32.19009],[35.12628,32.19059],[35.12606,32.1913],[35.12662,32.19146],[35.12629,32.19275],[35.12598,32.19329],[35.12592,32.19408],[35.12534,32.19399],[35.12538,32.19366],[35.12432,32.19328],[35.12493,32.19235],[35.12486,32.19179],[35.12548,32.19139],[35.12526,32.19096],[35.12522,32.19021]]],[[[35.12206,32.19396],[35.12143,32.19367],[35.12144,32.19347],[35.12044,32.19296],[35.12003,32.19255],[35.12019,32.19214],[35.11986,32.19147],[35.11937,32.19121],[35.11915,32.19056],[35.12072,32.19033],[35.12098,32.19127],[35.1216,32.19176],[35.12304,32.19329],[35.12382,32.19368],[35.12361,32.19424],[35.1232,32.19415],[35.12239,32.19367],[35.12206,32.19396]]],[[[35.10483,32.19236],[35.10579,32.19249],[35.10635,32.19247],[35.10687,32.19328],[35.1056,32.19378],[35.10563,32.19423],[35.10693,32.19608],[35.10759,32.19603],[35.10755,32.19532],[35.10737,32.19444],[35.10759,32.19352],[35.10892,32.19418],[35.10883,32.19579],[35.10907,32.19706],[35.10979,32.19825],[35.10982,32.19875],[35.10954,32.19896],[35.10917,32.1988],[35.10796,32.19735],[35.10777,32.19743],[35.10774,32.1984],[35.1064,32.19822],[35.10609,32.19724],[35.10523,32.19642],[35.10498,32.19547],[35.10507,32.19431],[35.10473,32.19408],[35.10364,32.19447],[35.10315,32.19391],[35.10188,32.19312],[35.10157,32.1927],[35.10107,32.19238],[35.10079,32.19088],[35.10098,32.18972],[35.10201,32.18974],[35.10309,32.18885],[35.10427,32.18872],[35.10502,32.18856],[35.10576,32.18819],[35.10632,32.18819],[35.10589,32.18888],[35.10499,32.18893],[35.10396,32.18935],[35.10362,32.18914],[35.10281,32.18953],[35.10328,32.18988],[35.10315,32.19067],[35.10343,32.19109],[35.10393,32.19125],[35.10421,32.19186],[35.10483,32.19236]]],[[[35.12549,32.19531],[35.12517,32.1954],[35.12475,32.19523],[35.12488,32.1948],[35.12561,32.19509],[35.12549,32.19531]]],[[[35.11006,32.19555],[35.11069,32.19371],[35.11244,32.194],[35.11367,32.19377],[35.1149,32.19345],[35.11553,32.19348],[35.1151,32.1944],[35.11504,32.19492],[35.11583,32.19599],[35.11516,32.19617],[35.11461,32.19669],[35.11335,32.19648],[35.11334,32.19614],[35.11254,32.1963],[35.11225,32.19759],[35.11179,32.19737],[35.11152,32.19676],[35.11195,32.19593],[35.11269,32.19525],[35.1127,32.19492],[35.11241,32.19464],[35.11189,32.19468],[35.11157,32.19491],[35.11122,32.19548],[35.11006,32.19555]]],[[[35.12425,32.1994],[35.1238,32.19908],[35.12359,32.19839],[35.12368,32.1974],[35.12407,32.19564],[35.1247,32.1954],[35.1257,32.19561],[35.12599,32.19614],[35.12535,32.19669],[35.12478,32.19736],[35.12454,32.19808],[35.12459,32.1986],[35.12433,32.19863],[35.12425,32.1994]]],[[[35.12637,32.284],[35.12643,32.28438],[35.12618,32.28464],[35.12566,32.28464],[35.12539,32.28427],[35.12573,32.28382],[35.12637,32.284]]],[[[35.11946,32.42319],[35.11949,32.42353],[35.11917,32.42381],[35.11878,32.42381],[35.11845,32.42341],[35.11872,32.42299],[35.11924,32.42299],[35.11946,32.42319]]],[[[35.16435,31.41356],[35.16435,31.41384],[35.16398,31.41414],[35.16359,31.4141],[35.16332,31.41373],[35.16344,31.41341],[35.16391,31.41325],[35.16435,31.41356]]],[[[35.16597,31.48592],[35.16566,31.48648],[35.16527,31.48648],[35.16494,31.48603],[35.16521,31.48566],[35.1656,31.48562],[35.16597,31.48592]]],[[[35.14312,31.63994],[35.14309,31.64038],[35.14264,31.64059],[35.14214,31.64027],[35.1422,31.63989],[35.14264,31.63968],[35.14312,31.63994]]],[[[35.14236,31.66072],[35.14232,31.66125],[35.14166,31.66136],[35.14143,31.66077],[35.14185,31.66051],[35.14236,31.66072]]],[[[35.15969,31.66451],[35.15993,31.66417],[35.16129,31.66379],[35.1625,31.66359],[35.16451,31.66414],[35.16515,31.66517],[35.16431,31.66582],[35.1635,31.66596],[35.1629,31.66672],[35.16322,31.66713],[35.16531,31.66802],[35.16897,31.6684],[35.16965,31.66875],[35.16965,31.66909],[35.17001,31.66919],[35.17016,31.67128],[35.17143,31.67013],[35.17279,31.67013],[35.17526,31.67129],[35.17701,31.6719],[35.1794,31.6721],[35.18083,31.67476],[35.18314,31.67707],[35.18568,31.67823],[35.18664,31.67775],[35.18624,31.67626],[35.18648,31.67551],[35.18616,31.67442],[35.18481,31.67319],[35.18489,31.6719],[35.18568,31.67108],[35.18839,31.67108],[35.1911,31.67183],[35.19213,31.67115],[35.19301,31.67102],[35.19516,31.67122],[35.19699,31.67272],[35.19667,31.67367],[35.19556,31.67401],[35.1938,31.67408],[35.19301,31.67551],[35.19341,31.67572],[35.19341,31.6766],[35.19412,31.67667],[35.1954,31.67612],[35.19643,31.67708],[35.19842,31.67653],[35.19962,31.68538],[35.20065,31.6864],[35.19954,31.68783],[35.19468,31.68702],[35.18791,31.68688],[35.18783,31.68341],[35.18624,31.68027],[35.18345,31.67857],[35.18138,31.67837],[35.18083,31.67884],[35.18035,31.68177],[35.1786,31.68245],[35.17788,31.68163],[35.17661,31.67905],[35.17581,31.67932],[35.17692,31.68238],[35.17597,31.68293],[35.17724,31.68579],[35.17334,31.68592],[35.17278,31.68436],[35.17079,31.68442],[35.17,31.68381],[35.16976,31.68313],[35.1698,31.68267],[35.16907,31.68192],[35.16848,31.68173],[35.16818,31.68189],[35.1675,31.68169],[35.16718,31.68261],[35.1661,31.68285],[35.16554,31.68279],[35.16455,31.68243],[35.16398,31.68256],[35.16349,31.68243],[35.16288,31.68194],[35.16218,31.68183],[35.16116,31.68197],[35.16104,31.68164],[35.16052,31.68156],[35.16052,31.68068],[35.16013,31.67986],[35.16084,31.67897],[35.16244,31.67727],[35.16395,31.67652],[35.16443,31.67496],[35.16666,31.67509],[35.16658,31.67482],[35.16407,31.67411],[35.16344,31.6737],[35.16301,31.67301],[35.1626,31.67199],[35.16093,31.6704],[35.15926,31.66815],[35.15873,31.66714],[35.15829,31.66714],[35.15644,31.66661],[35.15588,31.66688],[35.15472,31.6661],[35.1513,31.66256],[35.14839,31.65846],[35.14692,31.6573],[35.14606,31.65634],[35.14557,31.65558],[35.14446,31.65487],[35.14335,31.65337],[35.14414,31.65187],[35.14533,31.65092],[35.14581,31.64983],[35.14637,31.64751],[35.14773,31.6469],[35.15011,31.64643],[35.15338,31.64636],[35.15369,31.64711],[35.1522,31.64866],[35.15067,31.6499],[35.1513,31.65058],[35.1523,31.65017],[35.15443,31.64787],[35.15491,31.64753],[35.15648,31.6478],[35.15796,31.64877],[35.15784,31.64993],[35.15551,31.65227],[35.15407,31.6556],[35.1546,31.65872],[35.15643,31.66076],[35.15896,31.66427],[35.15969,31.66451]]],[[[35.14434,31.67684],[35.14432,31.67717],[35.14403,31.6774],[35.14339,31.67722],[35.14343,31.67669],[35.14409,31.67658],[35.14434,31.67684]]],[[[35.1726,31.7214],[35.17229,31.72196],[35.1719,31.72196],[35.17159,31.72168],[35.17184,31.72114],[35.17223,31.7211],[35.1726,31.7214]]],[[[35.16508,31.83052],[35.16492,31.83109],[35.16413,31.83126],[35.16225,31.83129],[35.16076,31.83138],[35.15912,31.83123],[35.15911,31.82989],[35.16011,31.83009],[35.16012,31.82937],[35.16029,31.82867],[35.16026,31.82784],[35.15755,31.82785],[35.15752,31.82706],[35.15829,31.82696],[35.15842,31.82655],[35.158,31.82629],[35.158,31.82553],[35.1596,31.82529],[35.16065,31.82521],[35.1611,31.82498],[35.16266,31.82514],[35.16311,31.82538],[35.16322,31.8266],[35.16515,31.82643],[35.16618,31.82694],[35.16697,31.82565],[35.16719,31.82551],[35.16762,31.82598],[35.16787,31.82571],[35.16939,31.82587],[35.16855,31.82632],[35.16777,31.82703],[35.16757,31.82738],[35.16715,31.82742],[35.16665,31.82823],[35.16547,31.82977],[35.16502,31.82907],[35.16444,31.82912],[35.16421,31.82972],[35.16524,31.83014],[35.16508,31.83052]]],[[[35.16486,31.83186],[35.16449,31.83267],[35.16392,31.83243],[35.16441,31.83142],[35.16505,31.83145],[35.16486,31.83186]]],[[[35.17138,31.83704],[35.17105,31.8378],[35.17059,31.83834],[35.16987,31.8384],[35.16962,31.83875],[35.16918,31.8388],[35.16859,31.83843],[35.16823,31.83848],[35.168,31.83877],[35.1674,31.83866],[35.16725,31.83833],[35.16636,31.83818],[35.16664,31.8374],[35.16673,31.83655],[35.16691,31.83574],[35.16799,31.83546],[35.16827,31.83526],[35.16859,31.83435],[35.17004,31.83409],[35.17041,31.83381],[35.17032,31.83318],[35.17031,31.83197],[35.17072,31.83171],[35.17086,31.83117],[35.17111,31.83101],[35.17208,31.8313],[35.17252,31.83121],[35.17253,31.83086],[35.17316,31.83056],[35.17369,31.82988],[35.17444,31.82939],[35.17488,31.82964],[35.17522,31.8293],[35.17604,31.82889],[35.17661,31.82898],[35.17745,31.82926],[35.17792,31.82952],[35.17772,31.82986],[35.17633,31.8295],[35.17574,31.82953],[35.1754,31.82971],[35.1756,31.83019],[35.17554,31.83126],[35.17396,31.83194],[35.17353,31.83226],[35.17375,31.83254],[35.17423,31.83274],[35.17407,31.83381],[35.17444,31.83384],[35.17466,31.83321],[35.17521,31.83334],[35.17523,31.83401],[35.17572,31.83411],[35.17594,31.83498],[35.17555,31.83569],[35.1734,31.83585],[35.17211,31.83624],[35.17249,31.83653],[35.1744,31.83659],[35.17416,31.83706],[35.17383,31.837],[35.17292,31.83714],[35.17285,31.83755],[35.17208,31.83741],[35.1724,31.83704],[35.17164,31.8367],[35.17138,31.83704]]],[[[35.16734,31.83364],[35.16742,31.83343],[35.1682,31.83364],[35.16793,31.83452],[35.16715,31.83431],[35.16696,31.83407],[35.16734,31.83364]]],[[[35.17476,31.83846],[35.17473,31.83859],[35.1733,31.83838],[35.17353,31.83801],[35.17273,31.83785],[35.17297,31.83752],[35.17372,31.83765],[35.1737,31.83785],[35.17483,31.83804],[35.17476,31.83846]]],[[[35.17232,31.83936],[35.17141,31.83948],[35.1713,31.83892],[35.17297,31.83867],[35.17351,31.83872],[35.17347,31.83926],[35.17232,31.83936]]],[[[35.15869,31.84777],[35.15865,31.8483],[35.15831,31.84846],[35.15783,31.8483],[35.15783,31.84772],[35.15831,31.84756],[35.15869,31.84777]]],[[[35.16859,31.84953],[35.16842,31.84885],[35.16907,31.8484],[35.16922,31.84814],[35.17015,31.8482],[35.1703,31.84802],[35.17416,31.84833],[35.17431,31.84916],[35.17397,31.84998],[35.17363,31.85043],[35.17239,31.85079],[35.17201,31.85107],[35.17064,31.85084],[35.16934,31.85039],[35.16935,31.85018],[35.16867,31.85003],[35.16859,31.84953]]],[[[35.16269,31.85328],[35.16283,31.85269],[35.16344,31.85266],[35.16411,31.8523],[35.16403,31.8528],[35.16338,31.85378],[35.16265,31.85372],[35.16269,31.85328]]],[[[35.17533,31.85866],[35.17521,31.85914],[35.17439,31.85927],[35.1744,31.86035],[35.17418,31.86116],[35.17343,31.86221],[35.17304,31.86251],[35.17227,31.86334],[35.17211,31.86392],[35.17211,31.86527],[35.17156,31.86627],[35.1715,31.86693],[35.17087,31.86722],[35.16973,31.86711],[35.16936,31.86722],[35.16876,31.86708],[35.16801,31.86652],[35.16729,31.86695],[35.16689,31.86662],[35.16586,31.86756],[35.16554,31.86751],[35.16507,31.86702],[35.16406,31.86645],[35.1625,31.86602],[35.16136,31.86589],[35.16131,31.86514],[35.16333,31.86476],[35.16364,31.86461],[35.16382,31.86415],[35.16338,31.86309],[35.1632,31.86357],[35.16248,31.8639],[35.16183,31.86374],[35.16129,31.86379],[35.16088,31.86408],[35.16083,31.86445],[35.16046,31.86446],[35.16002,31.86471],[35.1597,31.86428],[35.15877,31.86423],[35.15736,31.86451],[35.15656,31.86444],[35.15607,31.86397],[35.15591,31.86361],[35.15529,31.86358],[35.15525,31.86456],[35.15468,31.86523],[35.15544,31.86643],[35.15548,31.8667],[35.15494,31.86698],[35.1541,31.86718],[35.15238,31.86668],[35.15162,31.86666],[35.1508,31.86678],[35.14951,31.86765],[35.14854,31.86842],[35.14796,31.86862],[35.14759,31.86836],[35.14698,31.86722],[35.14681,31.86671],[35.14608,31.86623],[35.14551,31.86616],[35.14461,31.86576],[35.14368,31.86568],[35.14274,31.86572],[35.1413,31.86587],[35.14072,31.86652],[35.13987,31.86587],[35.13951,31.86583],[35.13929,31.86629],[35.13866,31.86652],[35.13804,31.86644],[35.13786,31.86621],[35.13678,31.86621],[35.13625,31.86564],[35.13553,31.86522],[35.13665,31.86407],[35.13804,31.86392],[35.13893,31.86362],[35.13952,31.86358],[35.14072,31.86335],[35.14199,31.86386],[35.14284,31.86391],[35.14323,31.86372],[35.14378,31.86274],[35.14368,31.86188],[35.14434,31.86185],[35.14523,31.86228],[35.14641,31.86264],[35.14757,31.86317],[35.14777,31.86259],[35.14775,31.86221],[35.1474,31.8612],[35.14744,31.86047],[35.14849,31.85933],[35.1487,31.85884],[35.14943,31.85805],[35.15003,31.85726],[35.15088,31.85754],[35.1517,31.85797],[35.15288,31.8587],[35.15371,31.85932],[35.15414,31.85846],[35.15407,31.85809],[35.15352,31.85775],[35.15355,31.85748],[35.154,31.85742],[35.15662,31.85656],[35.15748,31.85695],[35.1582,31.85776],[35.15851,31.85825],[35.15935,31.85853],[35.16016,31.85921],[35.16076,31.86035],[35.16172,31.85981],[35.16271,31.85966],[35.16436,31.85953],[35.16611,31.85959],[35.16785,31.85991],[35.16937,31.86008],[35.16991,31.8608],[35.17028,31.86085],[35.17054,31.86047],[35.1706,31.85973],[35.16895,31.8594],[35.16781,31.85909],[35.16664,31.8587],[35.16428,31.85842],[35.16346,31.85812],[35.1633,31.85788],[35.16269,31.85824],[35.16215,31.85688],[35.16271,31.85681],[35.16261,31.85654],[35.16038,31.85672],[35.1601,31.8565],[35.16026,31.85576],[35.1605,31.85521],[35.16097,31.85539],[35.16285,31.85584],[35.16384,31.85505],[35.16404,31.85466],[35.16386,31.85415],[35.16416,31.85337],[35.16477,31.85312],[35.16606,31.85316],[35.1664,31.85355],[35.16715,31.85356],[35.16725,31.85377],[35.16698,31.85455],[35.16715,31.85494],[35.16817,31.85523],[35.16839,31.85666],[35.16852,31.85687],[35.16908,31.85699],[35.16952,31.85686],[35.16936,31.85613],[35.17022,31.85595],[35.17099,31.85597],[35.1715,31.85635],[35.17136,31.85666],[35.17033,31.85681],[35.17028,31.8571],[35.16933,31.85715],[35.16976,31.85744],[35.17035,31.85736],[35.17104,31.85708],[35.1714,31.85757],[35.17241,31.85749],[35.17297,31.85766],[35.17308,31.85736],[35.17257,31.85689],[35.17323,31.85694],[35.17344,31.8574],[35.17449,31.85761],[35.17498,31.85739],[35.1755,31.8585],[35.17533,31.85866]]],[[[35.1749,31.86059],[35.17654,31.86031],[35.17743,31.86024],[35.1785,31.86034],[35.17859,31.86133],[35.17879,31.86204],[35.17922,31.86253],[35.18002,31.86308],[35.17989,31.86345],[35.17858,31.86458],[35.17786,31.86497],[35.17678,31.86515],[35.17556,31.86514],[35.17535,31.86499],[35.17485,31.8639],[35.17476,31.86334],[35.17425,31.86311],[35.17323,31.86309],[35.17305,31.86293],[35.17399,31.86212],[35.17444,31.86109],[35.17458,31.86056],[35.1749,31.86059]]],[[[35.14786,31.86916],[35.14771,31.86953],[35.1473,31.86968],[35.14668,31.86965],[35.14537,31.86917],[35.14527,31.86967],[35.14444,31.86966],[35.14333,31.86944],[35.14307,31.86873],[35.14346,31.86808],[35.14406,31.86844],[35.14453,31.8689],[35.14482,31.86851],[35.14462,31.86822],[35.14373,31.86746],[35.1445,31.86748],[35.14562,31.86766],[35.14604,31.86795],[35.14624,31.86874],[35.14688,31.86901],[35.14786,31.86916]]],[[[35.13391,31.92621],[35.13397,31.92659],[35.13366,31.92687],[35.13327,31.92687],[35.13296,31.92659],[35.13315,31.92608],[35.1336,31.92601],[35.13391,31.92621]]],[[[35.13475,31.93867],[35.13473,31.939],[35.13425,31.93926],[35.1338,31.93905],[35.1338,31.93856],[35.13425,31.93835],[35.13475,31.93867]]],[[[35.14025,31.97427],[35.14016,31.9747],[35.13949,31.97481],[35.13922,31.97444],[35.13934,31.97412],[35.13994,31.97399],[35.14025,31.97427]]],[[[35.17766,32.00023],[35.17759,32.00071],[35.17725,32.00087],[35.17677,32.00071],[35.17665,32.00039],[35.17693,32.00002],[35.17744,32.00002],[35.17766,32.00023]]],[[[35.13536,32.08062],[35.13344,32.08049],[35.13159,32.08016],[35.13108,32.07975],[35.13055,32.08093],[35.13017,32.0813],[35.1292,32.08082],[35.12977,32.08005],[35.13009,32.07882],[35.13011,32.07823],[35.1299,32.07753],[35.13172,32.07591],[35.13251,32.07539],[35.13346,32.07566],[35.1341,32.07505],[35.13445,32.07492],[35.1351,32.07495],[35.13651,32.07543],[35.13748,32.07606],[35.13766,32.07673],[35.13974,32.07723],[35.14009,32.07701],[35.14062,32.0775],[35.14133,32.07786],[35.142,32.07784],[35.14291,32.07762],[35.14368,32.07773],[35.14457,32.07841],[35.14427,32.07999],[35.14406,32.08054],[35.14193,32.08048],[35.14108,32.08051],[35.13756,32.08035],[35.13536,32.08062]]],[[[35.12573,32.10158],[35.1266,32.10197],[35.12673,32.10177],[35.12613,32.10095],[35.12492,32.09958],[35.12514,32.0993],[35.12587,32.09901],[35.1263,32.0983],[35.1271,32.09817],[35.12844,32.09857],[35.12915,32.0986],[35.13024,32.09825],[35.13079,32.09771],[35.13077,32.0973],[35.13049,32.09713],[35.12894,32.09704],[35.12802,32.09639],[35.1263,32.09644],[35.12591,32.09748],[35.12569,32.09778],[35.12477,32.09802],[35.12359,32.09761],[35.12282,32.09762],[35.12223,32.09784],[35.12173,32.09749],[35.12108,32.09732],[35.11976,32.09734],[35.11871,32.09707],[35.11746,32.09646],[35.11686,32.0959],[35.11631,32.095],[35.11563,32.09436],[35.11526,32.09429],[35.1143,32.09437],[35.1139,32.09403],[35.1131,32.09356],[35.1126,32.09306],[35.11231,32.0923],[35.11165,32.09193],[35.11089,32.09183],[35.11068,32.0907],[35.11106,32.09042],[35.11194,32.09018],[35.11095,32.0898],[35.11098,32.08898],[35.11122,32.08695],[35.11181,32.08709],[35.11212,32.08649],[35.11282,32.08661],[35.11317,32.08641],[35.11293,32.08601],[35.11245,32.08571],[35.11217,32.08513],[35.11239,32.08484],[35.11297,32.08453],[35.11244,32.08393],[35.1146,32.08255],[35.11555,32.08336],[35.11615,32.0834],[35.11687,32.08293],[35.11755,32.08306],[35.11837,32.08342],[35.11949,32.08311],[35.12106,32.08256],[35.12339,32.08245],[35.12415,32.08257],[35.12452,32.08284],[35.12497,32.08255],[35.12505,32.08128],[35.12573,32.08135],[35.12617,32.08201],[35.12684,32.0823],[35.12704,32.08273],[35.1278,32.08266],[35.12855,32.08293],[35.12907,32.08325],[35.12952,32.08414],[35.13034,32.08455],[35.13136,32.08476],[35.13187,32.08505],[35.13263,32.08564],[35.13296,32.08611],[35.13311,32.08701],[35.13304,32.08757],[35.13282,32.08793],[35.13236,32.08825],[35.13117,32.08857],[35.13066,32.08826],[35.13063,32.08713],[35.13052,32.08671],[35.1301,32.08641],[35.12952,32.08679],[35.12822,32.08867],[35.12812,32.08972],[35.12778,32.09011],[35.1273,32.09015],[35.12643,32.08996],[35.12543,32.09008],[35.12515,32.09048],[35.12564,32.09107],[35.12704,32.09152],[35.12886,32.09156],[35.12924,32.09144],[35.1295,32.0911],[35.12927,32.08964],[35.12961,32.08895],[35.13037,32.08906],[35.13126,32.08951],[35.13162,32.08933],[35.13279,32.08903],[35.13319,32.08917],[35.13315,32.0906],[35.1333,32.09103],[35.13393,32.09116],[35.13416,32.09136],[35.13411,32.0925],[35.13426,32.09313],[35.13449,32.09328],[35.13609,32.09373],[35.1372,32.09492],[35.13786,32.09582],[35.13883,32.09674],[35.13924,32.09672],[35.13937,32.09609],[35.13878,32.09518],[35.1384,32.09393],[35.13905,32.09376],[35.1409,32.09394],[35.14122,32.09367],[35.14116,32.09329],[35.14056,32.09303],[35.13903,32.09264],[35.13786,32.09211],[35.13708,32.09132],[35.13631,32.09034],[35.13494,32.08899],[35.13466,32.08819],[35.13464,32.08773],[35.13482,32.08727],[35.13567,32.08582],[35.13636,32.08538],[35.13696,32.08514],[35.13841,32.08475],[35.14037,32.08482],[35.14134,32.08515],[35.14264,32.0851],[35.14397,32.08588],[35.14434,32.08626],[35.14492,32.08653],[35.14546,32.08661],[35.14604,32.0864],[35.14652,32.08579],[35.14709,32.08555],[35.14789,32.08556],[35.14816,32.08534],[35.14844,32.08453],[35.1495,32.08429],[35.15161,32.0844],[35.15505,32.08417],[35.15771,32.08428],[35.15838,32.08443],[35.16108,32.08582],[35.16178,32.08593],[35.16361,32.08569],[35.1638,32.0859],[35.1639,32.08665],[35.16383,32.08705],[35.16339,32.08752],[35.16345,32.08786],[35.16404,32.08817],[35.16433,32.08851],[35.16379,32.08888],[35.16331,32.0906],[35.16343,32.09192],[35.16373,32.09238],[35.16305,32.09265],[35.16223,32.0924],[35.16192,32.09283],[35.16226,32.09309],[35.16389,32.09354],[35.16436,32.09381],[35.16493,32.09374],[35.16548,32.09417],[35.16682,32.09472],[35.16802,32.09492],[35.16915,32.09504],[35.16953,32.0948],[35.1698,32.09546],[35.16992,32.0966],[35.17025,32.09733],[35.17063,32.09721],[35.17065,32.09688],[35.17134,32.0963],[35.17118,32.09559],[35.1716,32.0953],[35.17242,32.09497],[35.17312,32.09513],[35.17314,32.09548],[35.17282,32.09579],[35.17287,32.0963],[35.17382,32.09668],[35.17448,32.09635],[35.17602,32.09581],[35.17642,32.0954],[35.17692,32.09516],[35.17769,32.09663],[35.17845,32.09661],[35.17867,32.09699],[35.17859,32.09729],[35.17797,32.09784],[35.17814,32.09813],[35.17873,32.09791],[35.1797,32.09779],[35.18049,32.09806],[35.1831,32.09836],[35.18346,32.09835],[35.18521,32.0987],[35.18572,32.09894],[35.18685,32.09914],[35.18689,32.0997],[35.18964,32.09967],[35.18966,32.0993],[35.19032,32.09938],[35.19092,32.09993],[35.19155,32.09993],[35.1924,32.10075],[35.19285,32.10053],[35.19236,32.09984],[35.1935,32.09912],[35.19328,32.09834],[35.19368,32.09799],[35.19506,32.09785],[35.19522,32.0976],[35.19631,32.0975],[35.19714,32.0973],[35.19761,32.09702],[35.19748,32.09659],[35.19636,32.09653],[35.19571,32.09618],[35.19596,32.09579],[35.19642,32.09562],[35.1968,32.0952],[35.19718,32.0951],[35.19806,32.09563],[35.1987,32.09559],[35.1994,32.0952],[35.19988,32.09534],[35.20064,32.09487],[35.20113,32.09511],[35.20096,32.09605],[35.20126,32.09618],[35.2019,32.09674],[35.20271,32.09772],[35.20309,32.09777],[35.20349,32.09753],[35.20405,32.09742],[35.20382,32.09665],[35.20326,32.09605],[35.20241,32.0958],[35.20183,32.0944],[35.20147,32.09387],[35.20087,32.09343],[35.19994,32.09311],[35.20015,32.09245],[35.20064,32.09188],[35.20149,32.09126],[35.20206,32.09134],[35.20268,32.09171],[35.2037,32.09213],[35.20501,32.09288],[35.20571,32.09298],[35.2064,32.09346],[35.20648,32.09424],[35.20669,32.09469],[35.20732,32.09518],[35.20881,32.09593],[35.20943,32.09604],[35.21059,32.09588],[35.21148,32.09627],[35.21172,32.09652],[35.21186,32.0975],[35.21178,32.09815],[35.21152,32.0981],[35.21075,32.09724],[35.21024,32.09715],[35.20986,32.09691],[35.20952,32.09739],[35.20975,32.09785],[35.20964,32.0981],[35.20902,32.0987],[35.20843,32.09891],[35.20844,32.0995],[35.20799,32.09995],[35.20798,32.10109],[35.20925,32.10111],[35.20997,32.101],[35.21077,32.1014],[35.21093,32.10188],[35.21148,32.10245],[35.21431,32.10441],[35.21585,32.10584],[35.2173,32.10684],[35.21767,32.1073],[35.21806,32.10831],[35.21786,32.10864],[35.21703,32.10891],[35.21684,32.10869],[35.2165,32.1077],[35.21609,32.10749],[35.21556,32.1082],[35.21511,32.10847],[35.21467,32.10843],[35.21242,32.10863],[35.21095,32.10858],[35.20965,32.10848],[35.20951,32.10761],[35.20902,32.1072],[35.20899,32.10663],[35.20838,32.10643],[35.2078,32.10674],[35.20783,32.10708],[35.20838,32.10795],[35.20812,32.10817],[35.20806,32.10878],[35.20589,32.10893],[35.20483,32.10788],[35.20419,32.10781],[35.20352,32.10665],[35.20202,32.10652],[35.20159,32.1068],[35.1994,32.10691],[35.1981,32.10723],[35.1978,32.10786],[35.19698,32.10782],[35.19701,32.10853],[35.19597,32.10862],[35.19586,32.1081],[35.19559,32.1076],[35.195,32.10718],[35.19409,32.10717],[35.194,32.10752],[35.19433,32.10811],[35.19436,32.1086],[35.19385,32.109],[35.19309,32.10897],[35.19205,32.10995],[35.19092,32.1098],[35.19081,32.1102],[35.19004,32.11033],[35.18934,32.11026],[35.18902,32.10938],[35.18862,32.1095],[35.18899,32.11108],[35.18805,32.11089],[35.18633,32.1103],[35.18487,32.11024],[35.18384,32.11041],[35.18315,32.11071],[35.18229,32.11138],[35.18163,32.11176],[35.18136,32.11162],[35.18077,32.11074],[35.18027,32.11019],[35.17935,32.11024],[35.17899,32.11168],[35.17856,32.11147],[35.17765,32.11138],[35.17608,32.11185],[35.17551,32.11167],[35.17478,32.11119],[35.17436,32.11076],[35.17424,32.11036],[35.17577,32.10968],[35.17589,32.10916],[35.17521,32.10892],[35.17184,32.1087],[35.17145,32.10836],[35.17063,32.10735],[35.16972,32.10717],[35.16941,32.10676],[35.16857,32.10625],[35.16744,32.10585],[35.16703,32.10541],[35.16776,32.10474],[35.167,32.10405],[35.16582,32.10439],[35.1653,32.10373],[35.16489,32.10414],[35.16449,32.10412],[35.16393,32.10314],[35.16402,32.10261],[35.16455,32.1017],[35.16513,32.10141],[35.1657,32.10088],[35.16709,32.10028],[35.16816,32.10013],[35.16863,32.09828],[35.16849,32.09801],[35.16712,32.09793],[35.16624,32.09761],[35.16557,32.09803],[35.16469,32.09834],[35.16453,32.09918],[35.16427,32.09947],[35.16355,32.09939],[35.16277,32.10004],[35.16223,32.10028],[35.16185,32.09976],[35.16245,32.09953],[35.16237,32.09904],[35.16281,32.09883],[35.1622,32.09831],[35.16231,32.09815],[35.16302,32.09811],[35.16331,32.09745],[35.16373,32.09749],[35.16456,32.0978],[35.16521,32.09769],[35.16561,32.09747],[35.16558,32.09693],[35.16504,32.0965],[35.1654,32.09583],[35.16521,32.09569],[35.16454,32.09577],[35.16412,32.09548],[35.16372,32.09583],[35.16322,32.09675],[35.16281,32.09714],[35.16083,32.09789],[35.15975,32.09859],[35.15912,32.09908],[35.15866,32.09997],[35.15875,32.10119],[35.15836,32.10174],[35.15865,32.10209],[35.1592,32.10209],[35.15981,32.1024],[35.1601,32.10292],[35.16062,32.103],[35.16106,32.10285],[35.16133,32.10302],[35.16145,32.10354],[35.16145,32.10482],[35.1617,32.10566],[35.16217,32.10633],[35.16318,32.10691],[35.16384,32.10708],[35.16475,32.10713],[35.16519,32.10751],[35.16552,32.10886],[35.16337,32.10887],[35.16204,32.10813],[35.16166,32.10713],[35.16071,32.10622],[35.15951,32.10495],[35.15851,32.10421],[35.15724,32.10315],[35.15627,32.10247],[35.15595,32.10211],[35.15569,32.10039],[35.15542,32.0994],[35.15479,32.09832],[35.15435,32.0979],[35.15378,32.09775],[35.15273,32.09772],[35.15212,32.09749],[35.15132,32.0975],[35.15036,32.09779],[35.14972,32.09783],[35.1496,32.09745],[35.14975,32.0971],[35.15036,32.09659],[35.1511,32.09619],[35.15139,32.09538],[35.15102,32.09525],[35.15055,32.09543],[35.14995,32.09606],[35.14918,32.09636],[35.14497,32.09661],[35.14468,32.09617],[35.14409,32.09568],[35.14305,32.09538],[35.14235,32.09548],[35.1423,32.09585],[35.14314,32.0969],[35.14438,32.09792],[35.14546,32.09853],[35.14678,32.09898],[35.14754,32.09931],[35.14805,32.1002],[35.14875,32.10171],[35.14871,32.10202],[35.14819,32.10227],[35.14748,32.10208],[35.14682,32.10313],[35.14578,32.10357],[35.14595,32.10408],[35.14644,32.10477],[35.14688,32.10498],[35.14776,32.1052],[35.14842,32.10519],[35.14884,32.10503],[35.14862,32.10392],[35.14939,32.10388],[35.14993,32.10479],[35.15047,32.10531],[35.15158,32.10569],[35.15175,32.10626],[35.15153,32.10665],[35.1509,32.10675],[35.14871,32.10673],[35.14858,32.10767],[35.14683,32.10686],[35.14665,32.10585],[35.14538,32.10553],[35.14503,32.10598],[35.14429,32.10558],[35.14384,32.10514],[35.14337,32.10504],[35.14282,32.1051],[35.14116,32.1056],[35.14059,32.10414],[35.1403,32.10372],[35.13966,32.10356],[35.13818,32.10368],[35.13778,32.10405],[35.13749,32.10536],[35.13733,32.10563],[35.1369,32.10572],[35.13679,32.10611],[35.13622,32.10614],[35.13527,32.1057],[35.13423,32.10574],[35.13404,32.10544],[35.1339,32.10441],[35.13368,32.1041],[35.13324,32.10448],[35.13301,32.10499],[35.13272,32.10506],[35.13241,32.10472],[35.13222,32.10367],[35.13191,32.10364],[35.13097,32.10421],[35.13047,32.10392],[35.13033,32.10335],[35.13041,32.10253],[35.13056,32.10212],[35.13141,32.10176],[35.13217,32.10166],[35.13177,32.10098],[35.13283,32.10082],[35.13327,32.10044],[35.13391,32.09929],[35.13348,32.09845],[35.13345,32.09814],[35.13395,32.09787],[35.1342,32.09755],[35.13425,32.09673],[35.1349,32.09572],[35.13442,32.09558],[35.13406,32.09585],[35.13363,32.09649],[35.13284,32.0969],[35.13286,32.09768],[35.13265,32.09802],[35.13156,32.09802],[35.13123,32.09829],[35.13077,32.09955],[35.13056,32.09967],[35.12973,32.0997],[35.12954,32.09988],[35.12913,32.10071],[35.12866,32.1009],[35.12769,32.10092],[35.12863,32.10198],[35.12876,32.1024],[35.1285,32.10304],[35.1281,32.10308],[35.12672,32.10243],[35.12573,32.10158]],[[35.17704,32.09729],[35.17614,32.09634],[35.17526,32.09687],[35.17618,32.09807],[35.17704,32.09729]],[[35.15677,32.10013],[35.15641,32.10026],[35.15717,32.10134],[35.15765,32.10167],[35.15802,32.1008],[35.15735,32.10043],[35.15725,32.10008],[35.15677,32.10013]],[[35.13966,32.10231],[35.14036,32.10169],[35.14127,32.10165],[35.14141,32.10067],[35.13997,32.10077],[35.1392,32.10021],[35.13848,32.10034],[35.13759,32.10033],[35.13734,32.10171],[35.13708,32.10188],[35.13878,32.10218],[35.139,32.10265],[35.13946,32.10265],[35.13966,32.10231]],[[35.12721,32.09922],[35.12714,32.09891],[35.12651,32.09883],[35.12633,32.1001],[35.12723,32.09987],[35.12721,32.09922]],[[35.11395,32.08662],[35.11369,32.08692],[35.11375,32.08819],[35.11307,32.08909],[35.11411,32.09005],[35.1146,32.09112],[35.11521,32.09091],[35.11592,32.09121],[35.1165,32.09108],[35.11742,32.09067],[35.11818,32.08996],[35.11842,32.0894],[35.11837,32.08894],[35.11803,32.0882],[35.11765,32.08773],[35.11691,32.08718],[35.11643,32.08719],[35.1161,32.08666],[35.11513,32.08652],[35.11395,32.08662]],[[35.14002,32.09116],[35.14004,32.09215],[35.1412,32.09224],[35.14122,32.09119],[35.14002,32.09098],[35.14002,32.09116]],[[35.15576,32.08794],[35.15633,32.08859],[35.15618,32.08922],[35.15646,32.08969],[35.15713,32.0902],[35.15835,32.0903],[35.15865,32.09051],[35.15904,32.0912],[35.15942,32.09164],[35.15982,32.0912],[35.15977,32.09015],[35.15907,32.08951],[35.15884,32.08914],[35.15823,32.08725],[35.15754,32.08637],[35.15671,32.08583],[35.15611,32.08564],[35.15535,32.08567],[35.15427,32.0852],[35.15366,32.08504],[35.15333,32.08516],[35.15309,32.08593],[35.15345,32.08639],[35.15426,32.08642],[35.15537,32.08766],[35.15576,32.08794]],[[35.14228,32.08763],[35.14254,32.08831],[35.14282,32.08839],[35.14332,32.08817],[35.14379,32.08814],[35.14474,32.08836],[35.14532,32.08805],[35.14542,32.08751],[35.14519,32.08717],[35.14448,32.08698],[35.14388,32.08707],[35.14333,32.08696],[35.14231,32.08634],[35.14106,32.08627],[35.14037,32.08647],[35.14022,32.08699],[35.14029,32.08769],[35.14079,32.0881],[35.14178,32.08752],[35.14228,32.08763]],[[35.15276,32.0893],[35.15344,32.08912],[35.15449,32.08923],[35.15474,32.08902],[35.15474,32.08852],[35.15438,32.08807],[35.1536,32.08778],[35.15319,32.08775],[35.15287,32.08801],[35.1526,32.08862],[35.15276,32.0893]],[[35.16659,32.09648],[35.16591,32.09669],[35.16644,32.09732],[35.16701,32.09693],[35.16659,32.09648]]],[[[35.13885,32.16224],[35.13888,32.16257],[35.13851,32.16287],[35.13806,32.1628],[35.13785,32.16235],[35.13818,32.16201],[35.13885,32.16224]]],[[[35.12966,32.19042],[35.12965,32.19001],[35.13023,32.19005],[35.13025,32.19044],[35.12966,32.19042]]],[[[35.12978,32.19101],[35.13076,32.19096],[35.13084,32.19148],[35.12963,32.19165],[35.12877,32.19143],[35.12767,32.1913],[35.12761,32.19079],[35.1287,32.19083],[35.12979,32.19122],[35.12978,32.19101]]],[[[35.16068,32.21825],[35.16068,32.21874],[35.16023,32.21895],[35.15975,32.21869],[35.15975,32.2183],[35.16023,32.21804],[35.16068,32.21825]]],[[[35.17518,32.42059],[35.17521,32.42103],[35.17473,32.42129],[35.17428,32.42108],[35.17428,32.42059],[35.17473,32.42038],[35.17518,32.42059]]],[[[35.13599,32.46861],[35.1359,32.46904],[35.13562,32.46919],[35.13512,32.46908],[35.13496,32.46867],[35.13529,32.46833],[35.13568,32.46833],[35.13599,32.46861]]],[[[35.16915,32.47308],[35.16915,32.47357],[35.1687,32.47378],[35.16825,32.47357],[35.16825,32.47308],[35.1687,32.47287],[35.16915,32.47308]]],[[[35.17868,32.47377],[35.17868,32.47426],[35.17803,32.47444],[35.1777,32.47404],[35.17797,32.47362],[35.17868,32.47377]]],[[[35.16791,32.48119],[35.16769,32.48178],[35.16717,32.48178],[35.16692,32.48124],[35.1673,32.48094],[35.16791,32.48119]]],[[[35.18327,31.43133],[35.1833,31.43166],[35.18293,31.43196],[35.18254,31.43192],[35.18227,31.43149],[35.18273,31.43107],[35.18327,31.43133]]],[[[35.18785,31.58578],[35.18782,31.58631],[35.18748,31.58647],[35.187,31.58631],[35.187,31.58573],[35.1876,31.5856],[35.18785,31.58578]]],[[[35.23025,31.596],[35.23003,31.59659],[35.22946,31.59656],[35.22925,31.59628],[35.22941,31.59586],[35.22997,31.59577],[35.23025,31.596]]],[[[35.2441,31.6455],[35.24391,31.64601],[35.24334,31.64604],[35.24307,31.64567],[35.24353,31.64519],[35.2441,31.6455]]],[[[35.23064,31.65008],[35.23033,31.65064],[35.22994,31.65064],[35.22961,31.65019],[35.22988,31.64982],[35.23027,31.64978],[35.23064,31.65008]]],[[[35.31005,31.75247],[35.30989,31.75303],[35.30944,31.7531],[35.30913,31.75291],[35.30913,31.75242],[35.30977,31.75224],[35.31005,31.75247]]],[[[35.30775,31.76243],[35.30898,31.76254],[35.30994,31.76301],[35.31103,31.76426],[35.31245,31.76573],[35.31499,31.76761],[35.31608,31.76832],[35.31683,31.76853],[35.3186,31.76884],[35.31923,31.76908],[35.32114,31.7702],[35.32181,31.77037],[35.32285,31.77035],[35.32358,31.77024],[35.32519,31.77016],[35.32692,31.77054],[35.32798,31.77114],[35.32888,31.77203],[35.32991,31.77246],[35.33075,31.77239],[35.33146,31.77185],[35.33185,31.77175],[35.33353,31.77177],[35.33632,31.77206],[35.34044,31.77235],[35.34145,31.77268],[35.3422,31.77301],[35.34308,31.77353],[35.3442,31.77431],[35.34763,31.77661],[35.35057,31.77881],[35.35278,31.78075],[35.35498,31.78236],[35.35598,31.78325],[35.35694,31.78449],[35.35791,31.78586],[35.35956,31.78849],[35.36115,31.79076],[35.36272,31.79364],[35.36405,31.79524],[35.36467,31.79606],[35.36551,31.79737],[35.3661,31.79859],[35.36696,31.80014],[35.36758,31.80092],[35.36869,31.80155],[35.36986,31.80019],[35.37114,31.79861],[35.37195,31.79717],[35.37233,31.79613],[35.37334,31.79481],[35.37441,31.79395],[35.37542,31.79358],[35.37674,31.79366],[35.3779,31.79397],[35.38003,31.79467],[35.38097,31.79483],[35.38367,31.79485],[35.3854,31.79474],[35.38615,31.79493],[35.38717,31.79537],[35.38849,31.79644],[35.3893,31.79731],[35.38999,31.79822],[35.39042,31.79933],[35.39054,31.80005],[35.39042,31.80068],[35.3901,31.80121],[35.38888,31.80224],[35.38648,31.80366],[35.38472,31.80531],[35.38397,31.80607],[35.38323,31.80648],[35.38137,31.80725],[35.38262,31.8092],[35.38329,31.81042],[35.38771,31.81035],[35.39006,31.81051],[35.39001,31.81485],[35.38973,31.81827],[35.38967,31.81854],[35.38887,31.82053],[35.38853,31.82223],[35.38715,31.82457],[35.38705,31.82538],[35.38698,31.82694],[35.38556,31.82682],[35.38164,31.82641],[35.37888,31.82589],[35.3744,31.82479],[35.36949,31.8235],[35.36549,31.82205],[35.36397,31.82124],[35.363,31.82043],[35.36227,31.81939],[35.3617,31.81878],[35.36127,31.81868],[35.36043,31.81879],[35.35863,31.81827],[35.35603,31.81695],[35.35381,31.81596],[35.35214,31.8153],[35.35069,31.81478],[35.34952,31.81477],[35.34784,31.81461],[35.34516,31.81404],[35.34314,31.81324],[35.33977,31.81154],[35.33652,31.80994],[35.33431,31.80957],[35.33276,31.80915],[35.33151,31.80894],[35.32927,31.80833],[35.3281,31.80779],[35.32651,31.80656],[35.32586,31.80648],[35.32255,31.80829],[35.32088,31.80876],[35.31955,31.80891],[35.31843,31.80887],[35.31722,31.80851],[35.31544,31.8079],[35.31369,31.80723],[35.3114,31.80654],[35.30993,31.80653],[35.30892,31.80687],[35.30812,31.8076],[35.30791,31.80799],[35.30789,31.80856],[35.30754,31.80969],[35.30698,31.81069],[35.30634,31.81149],[35.30583,31.81186],[35.30512,31.81208],[35.30248,31.81216],[35.30077,31.81255],[35.29867,31.81258],[35.29773,31.81281],[35.296,31.81497],[35.29522,31.8157],[35.29415,31.81545],[35.2932,31.81558],[35.29193,31.81239],[35.29069,31.81194],[35.28828,31.81135],[35.28497,31.81067],[35.28291,31.80989],[35.28105,31.80881],[35.27813,31.80748],[35.27634,31.80702],[35.27561,31.80674],[35.27521,31.80631],[35.27378,31.80634],[35.27334,31.80617],[35.2724,31.8053],[35.27178,31.80543],[35.27094,31.80513],[35.27015,31.80575],[35.26972,31.80548],[35.26935,31.80501],[35.26828,31.80504],[35.26767,31.80434],[35.26714,31.80441],[35.26653,31.80512],[35.26606,31.80521],[35.26567,31.80481],[35.26538,31.80476],[35.26471,31.80516],[35.26368,31.80501],[35.2635,31.80481],[35.26347,31.80384],[35.26391,31.8034],[35.26367,31.80314],[35.26285,31.8027],[35.26184,31.80282],[35.26098,31.80337],[35.26066,31.80307],[35.25964,31.80311],[35.25927,31.8041],[35.25869,31.80411],[35.25792,31.80343],[35.25798,31.80313],[35.25836,31.80269],[35.25958,31.80206],[35.26035,31.80156],[35.26128,31.80132],[35.26242,31.80132],[35.26292,31.80094],[35.26321,31.80039],[35.26411,31.79983],[35.26488,31.79984],[35.2658,31.80007],[35.26992,31.80155],[35.27088,31.80231],[35.27164,31.80213],[35.27218,31.80236],[35.27328,31.80336],[35.27386,31.80339],[35.27418,31.80277],[35.27444,31.80265],[35.27608,31.80252],[35.27688,31.8019],[35.27678,31.80115],[35.27581,31.80066],[35.27561,31.80019],[35.27507,31.79945],[35.27387,31.79886],[35.27351,31.79861],[35.27298,31.79793],[35.27255,31.79671],[35.27204,31.79588],[35.27145,31.79523],[35.26966,31.7931],[35.26942,31.79275],[35.26944,31.79199],[35.26959,31.79134],[35.26925,31.79013],[35.26933,31.78975],[35.26969,31.78926],[35.27055,31.78769],[35.27076,31.78718],[35.27076,31.78641],[35.2706,31.78579],[35.26921,31.78498],[35.26767,31.78396],[35.2667,31.7836],[35.2662,31.78324],[35.26612,31.78286],[35.26637,31.78254],[35.26482,31.78149],[35.26464,31.78118],[35.26555,31.78113],[35.26653,31.7808],[35.26695,31.78078],[35.26768,31.7805],[35.26947,31.7805],[35.27037,31.78071],[35.27114,31.78168],[35.27259,31.78254],[35.27364,31.78328],[35.27437,31.78359],[35.27512,31.78373],[35.2762,31.78377],[35.27712,31.78372],[35.27803,31.78377],[35.27891,31.78365],[35.28006,31.78321],[35.28052,31.78291],[35.28098,31.78222],[35.28117,31.78132],[35.28073,31.78007],[35.28031,31.77965],[35.27973,31.77955],[35.2782,31.7797],[35.27757,31.77987],[35.2769,31.77986],[35.27625,31.77871],[35.27587,31.7783],[35.27501,31.77711],[35.27468,31.77644],[35.27465,31.77608],[35.27504,31.77566],[35.27566,31.77541],[35.27661,31.77468],[35.27673,31.77404],[35.27659,31.77354],[35.27579,31.77279],[35.27572,31.77214],[35.27611,31.7715],[35.27707,31.77102],[35.27845,31.77071],[35.27956,31.77059],[35.2802,31.77074],[35.28112,31.77151],[35.28331,31.77227],[35.2845,31.77273],[35.28529,31.77314],[35.28595,31.77365],[35.28618,31.77396],[35.2865,31.77485],[35.28665,31.77619],[35.28662,31.77674],[35.28631,31.77842],[35.28688,31.7782],[35.28743,31.77755],[35.28776,31.77672],[35.2876,31.77518],[35.28788,31.77338],[35.28935,31.77047],[35.28937,31.76951],[35.28978,31.76859],[35.29033,31.76777],[35.29077,31.7668],[35.29087,31.76633],[35.29062,31.76532],[35.28977,31.76406],[35.28961,31.76329],[35.28975,31.76221],[35.2897,31.76115],[35.2894,31.76013],[35.28875,31.75934],[35.28742,31.75791],[35.28708,31.75798],[35.28665,31.75731],[35.28554,31.7572],[35.28551,31.75683],[35.28599,31.75595],[35.28371,31.75502],[35.28294,31.75457],[35.2829,31.75389],[35.28257,31.75321],[35.28323,31.7528],[35.28306,31.75178],[35.28321,31.7513],[35.28315,31.75093],[35.28365,31.74972],[35.28521,31.74964],[35.28568,31.7478],[35.28553,31.7467],[35.28632,31.74735],[35.28648,31.7485],[35.28666,31.74893],[35.28706,31.74929],[35.28787,31.7496],[35.28888,31.75032],[35.28936,31.75081],[35.28975,31.75139],[35.29026,31.75175],[35.29109,31.75261],[35.2913,31.75337],[35.29094,31.75378],[35.29025,31.7541],[35.28997,31.75435],[35.2901,31.75489],[35.29005,31.7556],[35.28963,31.75609],[35.28896,31.75645],[35.28805,31.75646],[35.28835,31.75732],[35.28929,31.75721],[35.29,31.75697],[35.2905,31.75663],[35.29139,31.75521],[35.29238,31.75436],[35.2929,31.75413],[35.29331,31.75413],[35.29417,31.75434],[35.2947,31.75459],[35.29619,31.75509],[35.30106,31.75681],[35.30212,31.75695],[35.30256,31.75751],[35.30339,31.75784],[35.30372,31.75785],[35.30467,31.75821],[35.3053,31.75864],[35.30702,31.7594],[35.30682,31.76043],[35.30641,31.76124],[35.30655,31.76205],[35.30699,31.76231],[35.30775,31.76243]],[[35.28305,31.80702],[35.28211,31.80722],[35.28188,31.80763],[35.28253,31.80768],[35.28318,31.80799],[35.28352,31.80764],[35.28396,31.8075],[35.28483,31.80767],[35.28522,31.80745],[35.28492,31.80694],[35.28529,31.80676],[35.2853,31.80641],[35.28491,31.80618],[35.28439,31.80614],[35.28373,31.80648],[35.28305,31.80702]],[[35.2814,31.8055],[35.28182,31.80602],[35.28105,31.80605],[35.28098,31.80653],[35.28168,31.80701],[35.28248,31.8064],[35.28294,31.80616],[35.28316,31.8057],[35.28258,31.80553],[35.28177,31.80483],[35.28168,31.8054],[35.2814,31.8055]],[[35.28066,31.80437],[35.28044,31.80407],[35.27957,31.80401],[35.27957,31.8042],[35.27885,31.80445],[35.27875,31.80488],[35.27902,31.80496],[35.28001,31.8048],[35.28071,31.80483],[35.28066,31.80437]],[[35.27641,31.80284],[35.27621,31.80296],[35.27622,31.80356],[35.27575,31.80416],[35.27582,31.80455],[35.27638,31.80459],[35.27698,31.80401],[35.27707,31.80378],[35.27779,31.80402],[35.27845,31.804],[35.27869,31.80379],[35.27976,31.80346],[35.27978,31.80246],[35.27927,31.80237],[35.27892,31.80207],[35.27823,31.80181],[35.27743,31.80229],[35.27706,31.8028],[35.27641,31.80284]],[[35.26893,31.80308],[35.26848,31.80306],[35.26839,31.80357],[35.26863,31.80385],[35.26948,31.80378],[35.26935,31.8033],[35.26893,31.80308]],[[35.27138,31.80435],[35.27134,31.80363],[35.2705,31.8038],[35.27071,31.80424],[35.27138,31.80435]],[[35.27266,31.79373],[35.27355,31.7947],[35.27431,31.7954],[35.275,31.79581],[35.27576,31.79612],[35.27665,31.79628],[35.27756,31.79634],[35.27769,31.79709],[35.27795,31.79735],[35.27857,31.7975],[35.27945,31.79727],[35.28017,31.79678],[35.28101,31.79595],[35.28142,31.7957],[35.28236,31.79558],[35.28407,31.796],[35.28706,31.79661],[35.28869,31.79703],[35.28955,31.79686],[35.28959,31.79624],[35.29156,31.79582],[35.29246,31.79557],[35.29326,31.79584],[35.29419,31.79596],[35.29449,31.79576],[35.29448,31.79459],[35.29418,31.7943],[35.29364,31.79416],[35.29314,31.79424],[35.2919,31.79498],[35.29118,31.79519],[35.29036,31.79525],[35.28883,31.79524],[35.28705,31.79503],[35.28596,31.79499],[35.28501,31.79543],[35.28307,31.79521],[35.28211,31.79478],[35.28125,31.79401],[35.28048,31.79274],[35.28028,31.79144],[35.28036,31.79012],[35.28025,31.78912],[35.27948,31.78923],[35.27953,31.78999],[35.27921,31.79032],[35.27863,31.78996],[35.27823,31.78992],[35.27832,31.79056],[35.27812,31.79095],[35.27841,31.79113],[35.27845,31.79162],[35.27814,31.7919],[35.27828,31.79238],[35.27798,31.79268],[35.2761,31.79217],[35.27329,31.7915],[35.27283,31.79167],[35.27257,31.79211],[35.27248,31.7928],[35.27266,31.79373]],[[35.28532,31.78926],[35.28517,31.78875],[35.28395,31.78924],[35.28366,31.78973],[35.28376,31.79003],[35.28427,31.79061],[35.28466,31.79048],[35.2853,31.7897],[35.28532,31.78926]],[[35.28011,31.77668],[35.27922,31.77642],[35.27893,31.77697],[35.28018,31.77779],[35.28032,31.77762],[35.2804,31.77682],[35.28011,31.77668]],[[35.28429,31.77652],[35.28438,31.77602],[35.28409,31.77539],[35.28283,31.77552],[35.28312,31.77604],[35.28319,31.77648],[35.28429,31.77652]],[[35.27956,31.77372],[35.27943,31.77378],[35.27977,31.77502],[35.28045,31.77475],[35.28076,31.77437],[35.2803,31.77378],[35.27956,31.77372]]],[[[35.33933,31.82686],[35.33926,31.82734],[35.33892,31.8275],[35.33844,31.82734],[35.33844,31.82676],[35.33878,31.8266],[35.33933,31.82686]]],[[[35.18135,31.82848],[35.18135,31.82872],[35.18196,31.8287],[35.18203,31.82832],[35.18247,31.82829],[35.18277,31.82868],[35.18255,31.82953],[35.183,31.82996],[35.1829,31.83063],[35.18178,31.83042],[35.18108,31.82986],[35.18051,31.82879],[35.17999,31.82709],[35.17899,31.82723],[35.17884,31.8267],[35.17937,31.82642],[35.18078,31.8263],[35.1824,31.82605],[35.18308,31.82621],[35.18265,31.82712],[35.18215,31.82761],[35.18142,31.82812],[35.18135,31.82848]]],[[[35.18431,31.82795],[35.18443,31.82736],[35.18507,31.82716],[35.18546,31.82676],[35.18706,31.82643],[35.1879,31.82684],[35.18749,31.8279],[35.18689,31.82807],[35.18682,31.82844],[35.18723,31.82886],[35.1862,31.82964],[35.18498,31.83025],[35.18473,31.83008],[35.18483,31.82965],[35.18518,31.8292],[35.18456,31.82857],[35.18431,31.82795]]],[[[35.18721,31.82972],[35.18636,31.83073],[35.18577,31.83085],[35.18512,31.83072],[35.18631,31.83009],[35.18721,31.82972]]],[[[35.29589,31.83096],[35.29592,31.8314],[35.29544,31.83166],[35.29496,31.8314],[35.29513,31.83084],[35.29564,31.83078],[35.29589,31.83096]]],[[[35.17774,31.83818],[35.17702,31.83969],[35.1766,31.84002],[35.17601,31.83968],[35.17574,31.84026],[35.17517,31.83998],[35.17501,31.83958],[35.17558,31.8392],[35.17559,31.83898],[35.1752,31.83807],[35.17513,31.83729],[35.17596,31.83678],[35.17592,31.83596],[35.17657,31.83572],[35.17656,31.83467],[35.17747,31.8348],[35.17722,31.83362],[35.17635,31.83344],[35.17644,31.83239],[35.17771,31.83181],[35.17925,31.83097],[35.17969,31.83093],[35.17983,31.83138],[35.17953,31.83193],[35.17957,31.83229],[35.17927,31.83248],[35.1792,31.83312],[35.17891,31.83305],[35.17879,31.83241],[35.17846,31.83245],[35.17846,31.83322],[35.17823,31.83353],[35.17799,31.83437],[35.17805,31.83479],[35.17874,31.83484],[35.17857,31.83451],[35.17904,31.8343],[35.1799,31.83417],[35.18078,31.83418],[35.18168,31.83409],[35.18212,31.83486],[35.18253,31.83513],[35.18332,31.83518],[35.1835,31.83532],[35.18365,31.83613],[35.18269,31.83642],[35.18263,31.83677],[35.18196,31.83718],[35.18182,31.83701],[35.18071,31.83753],[35.18028,31.83657],[35.17986,31.83655],[35.17989,31.83599],[35.1802,31.83567],[35.18004,31.83536],[35.17957,31.83534],[35.17871,31.83575],[35.17836,31.83615],[35.17814,31.8369],[35.17841,31.8372],[35.17973,31.8378],[35.1793,31.83819],[35.17859,31.83834],[35.17774,31.83818]]],[[[35.19174,31.83857],[35.19171,31.83897],[35.1895,31.839],[35.18938,31.83774],[35.19026,31.83836],[35.19076,31.83815],[35.19065,31.83775],[35.19148,31.83778],[35.19174,31.83857]]],[[[35.27633,31.84973],[35.27631,31.85007],[35.27596,31.85031],[35.27557,31.85027],[35.2753,31.84985],[35.27563,31.84945],[35.27602,31.84945],[35.27633,31.84973]]],[[[35.30855,31.87869],[35.30855,31.87908],[35.30807,31.87934],[35.30759,31.87908],[35.30759,31.87869],[35.30807,31.87843],[35.30855,31.87869]]],[[[35.24341,31.88036],[35.24349,31.88068],[35.24316,31.88102],[35.24277,31.88102],[35.24246,31.88074],[35.2426,31.88027],[35.2431,31.88016],[35.24341,31.88036]]],[[[35.22525,31.89869],[35.22509,31.89925],[35.22464,31.89932],[35.22427,31.89902],[35.22458,31.89846],[35.22525,31.89869]]],[[[35.34135,31.93332],[35.34122,31.93393],[35.34077,31.934],[35.34046,31.93381],[35.34059,31.9332],[35.3411,31.93314],[35.34135,31.93332]]],[[[35.22348,31.9416],[35.22349,31.94198],[35.22307,31.94224],[35.22264,31.94212],[35.2225,31.94165],[35.22294,31.94134],[35.22348,31.9416]]],[[[35.26324,31.95315],[35.26307,31.95371],[35.26256,31.95377],[35.26225,31.95321],[35.2625,31.95295],[35.26289,31.95291],[35.26324,31.95315]]],[[[35.32893,32.04564],[35.3289,32.04608],[35.32845,32.04629],[35.32797,32.04603],[35.32797,32.04564],[35.32845,32.04538],[35.32893,32.04564]]],[[[35.30191,32.05314],[35.30178,32.05375],[35.30133,32.05382],[35.30094,32.05347],[35.30098,32.05319],[35.30146,32.05293],[35.30191,32.05314]]],[[[35.24054,32.05466],[35.24047,32.05514],[35.23986,32.05527],[35.23955,32.05499],[35.2398,32.05445],[35.24019,32.05441],[35.24054,32.05466]]],[[[35.26726,32.07234],[35.26707,32.07285],[35.26662,32.07292],[35.26625,32.07262],[35.26639,32.07215],[35.26669,32.07203],[35.26726,32.07234]]],[[[35.34294,32.09046],[35.34285,32.09089],[35.34251,32.09105],[35.34203,32.09089],[35.34191,32.09057],[35.34218,32.0902],[35.3427,32.0902],[35.34294,32.09046]]],[[[35.19149,32.09697],[35.19046,32.09761],[35.19026,32.09724],[35.18973,32.09708],[35.18933,32.09734],[35.18967,32.09814],[35.18892,32.09843],[35.18829,32.09834],[35.18721,32.09868],[35.18683,32.0986],[35.18617,32.098],[35.18545,32.09781],[35.18478,32.09782],[35.18425,32.0977],[35.184,32.09692],[35.18525,32.09702],[35.18538,32.09641],[35.18587,32.0963],[35.18472,32.09553],[35.18499,32.09514],[35.18668,32.09516],[35.18736,32.09579],[35.18763,32.09565],[35.18805,32.0947],[35.18825,32.0947],[35.18906,32.09523],[35.18984,32.09536],[35.19056,32.0953],[35.19122,32.09576],[35.19163,32.09621],[35.19121,32.09653],[35.19149,32.09697]]],[[[35.25745,32.10221],[35.25729,32.10277],[35.25684,32.10284],[35.25647,32.10254],[35.25661,32.10207],[35.25704,32.10195],[35.25745,32.10221]]],[[[35.25028,32.11819],[35.25017,32.11871],[35.24944,32.11871],[35.24932,32.11819],[35.24967,32.11794],[35.25028,32.11819]]],[[[35.23794,32.16785],[35.23794,32.16823],[35.23726,32.16846],[35.23695,32.1679],[35.23732,32.1676],[35.23794,32.16785]]],[[[35.30836,32.17366],[35.3083,32.17404],[35.30766,32.17422],[35.30733,32.17388],[35.30772,32.17336],[35.30836,32.17366]]],[[[35.26569,32.19244],[35.26566,32.19288],[35.26521,32.19309],[35.26473,32.19283],[35.2649,32.19227],[35.26541,32.19221],[35.26569,32.19244]]],[[[35.33232,32.23388],[35.33209,32.23447],[35.33158,32.23447],[35.33133,32.23393],[35.3319,32.23362],[35.33232,32.23388]]],[[[35.18563,32.26343],[35.18566,32.26376],[35.18535,32.26404],[35.1847,32.26386],[35.18474,32.26333],[35.18508,32.26317],[35.18563,32.26343]]],[[[35.40127,31.56749],[35.40118,31.56792],[35.40046,31.568],[35.40027,31.56777],[35.40041,31.5673],[35.40084,31.56718],[35.40127,31.56749]]],[[[35.43711,31.67891],[35.43692,31.67942],[35.43661,31.67951],[35.43613,31.67925],[35.43613,31.67886],[35.43661,31.6786],[35.43711,31.67891]]],[[[35.46759,31.75004],[35.46752,31.75052],[35.46718,31.75068],[35.4667,31.75052],[35.46658,31.75026],[35.46685,31.74983],[35.46724,31.74979],[35.46759,31.75004]]],[[[35.46171,31.78868],[35.46158,31.78929],[35.46101,31.78932],[35.46076,31.78907],[35.46095,31.78856],[35.46126,31.78847],[35.46171,31.78868]]],[[[35.47705,31.80778],[35.47705,31.80817],[35.47657,31.80843],[35.47609,31.80817],[35.47609,31.80778],[35.47657,31.80752],[35.47705,31.80778]]],[[[35.39496,31.81578],[35.39485,31.8163],[35.39412,31.8163],[35.39398,31.81583],[35.39435,31.81553],[35.39496,31.81578]]],[[[35.43351,31.82625],[35.43348,31.82678],[35.433,31.82694],[35.43266,31.82678],[35.43256,31.82635],[35.43281,31.82609],[35.4332,31.82605],[35.43351,31.82625]]],[[[35.4186,31.90565],[35.41863,31.90598],[35.41819,31.90629],[35.4176,31.90593],[35.41787,31.90544],[35.41838,31.90544],[35.4186,31.90565]]],[[[35.46828,31.90651],[35.46831,31.90684],[35.46781,31.90716],[35.46744,31.90704],[35.46728,31.90662],[35.46749,31.90634],[35.46806,31.90631],[35.46828,31.90651]]],[[[35.42401,31.94726],[35.42393,31.94783],[35.4232,31.94783],[35.42306,31.94736],[35.4237,31.94706],[35.42401,31.94726]]],[[[35.34891,31.96017],[35.34877,31.96064],[35.34809,31.96068],[35.34788,31.9604],[35.34804,31.95998],[35.34834,31.95986],[35.34891,31.96017]]],[[[35.45576,31.96764],[35.45557,31.96815],[35.45512,31.96822],[35.45473,31.96787],[35.45477,31.96759],[35.45525,31.96733],[35.45576,31.96764]]],[[[35.44509,31.98847],[35.445,31.9889],[35.44428,31.98898],[35.44406,31.98864],[35.44418,31.98832],[35.44466,31.98816],[35.44509,31.98847]]],[[[35.44784,31.99916],[35.44792,31.99943],[35.44765,31.9998],[35.44708,31.99977],[35.44694,31.99916],[35.44746,31.99895],[35.44784,31.99916]]],[[[35.43928,32.01846],[35.43936,32.01879],[35.43915,32.01907],[35.4387,32.01914],[35.43833,32.01884],[35.43847,32.01837],[35.4389,32.01825],[35.43928,32.01846]]],[[[35.44281,32.04395],[35.44279,32.04428],[35.44231,32.04454],[35.4418,32.04423],[35.44194,32.04376],[35.44244,32.04365],[35.44281,32.04395]]],[[[35.47437,32.06341],[35.4744,32.06374],[35.47389,32.06406],[35.47353,32.06394],[35.47336,32.06358],[35.47389,32.06315],[35.47437,32.06341]]],[[[35.40448,32.07106],[35.40437,32.07158],[35.40364,32.07158],[35.40352,32.07106],[35.40387,32.07081],[35.40448,32.07106]]],[[[35.49411,32.09963],[35.49411,32.10012],[35.49386,32.1003],[35.49325,32.10017],[35.49313,32.09985],[35.4934,32.09948],[35.49411,32.09963]]],[[[35.39707,32.10179],[35.39703,32.10232],[35.39655,32.10248],[35.39621,32.10232],[35.39611,32.10189],[35.39636,32.10163],[35.39675,32.10159],[35.39707,32.10179]]],[[[35.4914,32.11253],[35.49126,32.113],[35.49058,32.11304],[35.49037,32.11259],[35.49064,32.11227],[35.49103,32.11223],[35.4914,32.11253]]],[[[35.42383,32.16488],[35.42353,32.16544],[35.42292,32.16531],[35.4228,32.16499],[35.42326,32.16457],[35.42383,32.16488]]],[[[35.52363,32.17246],[35.52344,32.17297],[35.52299,32.17304],[35.52264,32.1728],[35.52264,32.17241],[35.52312,32.17215],[35.52363,32.17246]]],[[[35.43644,32.19848],[35.43631,32.19909],[35.43593,32.19917],[35.43549,32.19886],[35.43563,32.19839],[35.43593,32.19827],[35.43644,32.19848]]],[[[35.45354,32.24262],[35.4535,32.24315],[35.45302,32.24331],[35.45258,32.243],[35.45258,32.24272],[35.45295,32.24242],[35.45354,32.24262]]],[[[35.48979,32.24742],[35.48949,32.24798],[35.48888,32.24785],[35.48888,32.24727],[35.48954,32.24716],[35.48979,32.24742]]],[[[35.52662,32.25108],[35.52666,32.25152],[35.52631,32.25176],[35.52586,32.25169],[35.52569,32.25113],[35.52604,32.25089],[35.52662,32.25108]]],[[[35.50429,32.31748],[35.50435,32.31786],[35.50391,32.31817],[35.50353,32.31809],[35.50331,32.31775],[35.50364,32.3173],[35.50429,32.31748]]],[[[35.51961,32.33684],[35.51952,32.33727],[35.51879,32.33735],[35.51862,32.33679],[35.51904,32.33653],[35.51961,32.33684]]],[[[35.53403,32.34674],[35.53407,32.34717],[35.53384,32.34738],[35.53327,32.34735],[35.53305,32.34701],[35.53317,32.34669],[35.53365,32.34653],[35.53403,32.34674]]],[[[35.51517,32.36551],[35.51504,32.36612],[35.51441,32.36612],[35.51424,32.36556],[35.51479,32.3653],[35.51517,32.36551]]]]},"properties":{"area_code":"7","area_name":"Judea and Samaria Area","area_unit_id":"il-district-2022-cbs-moin:7","boundary_set_id":"il-district-2022-cbs-moin","boundary_level":"district","land_area_sq_km":92.06846309919811}}
]}