{"type":"FeatureCollection", "features": [
{"type":"Feature","geometry":{"type":"MultiPolygon","coordinates":[[[[23.9095,59.34945],[23.90599,59.35088],[23.89735,59.35054],[23.89316,59.34998],[23.88119,59.3472],[23.87571,59.34687],[23.87009,59.34759],[23.8649,59.34911],[23.86247,59.34921],[23.86219,59.34681],[23.86331,59.34533],[23.86659,59.34466],[23.87017,59.34191],[23.86983,59.34031],[23.87304,59.33954],[23.87607,59.33748],[23.87826,59.33292],[23.88231,59.33208],[23.88549,59.33008],[23.88677,59.32735],[23.89178,59.32647],[23.89504,59.32492],[23.89502,59.32333],[23.90082,59.32031],[23.90195,59.31799],[23.90386,59.31798],[23.91221,59.31232],[23.9152,59.31155],[23.91962,59.30914],[23.92053,59.30512],[23.9241,59.30535],[23.92667,59.30431],[23.93287,59.30275],[23.93371,59.3017],[23.93809,59.30126],[23.94477,59.30352],[23.95088,59.30797],[23.95105,59.31044],[23.94858,59.31131],[23.94569,59.31777],[23.94698,59.31924],[23.94586,59.322],[23.94257,59.32378],[23.94118,59.32589],[23.93911,59.3262],[23.93851,59.32788],[23.93518,59.32874],[23.93479,59.33004],[23.93032,59.33009],[23.92269,59.33306],[23.91898,59.33556],[23.91258,59.338],[23.91157,59.34],[23.90662,59.34057],[23.90774,59.34276],[23.9106,59.34287],[23.91741,59.34005],[23.92011,59.33999],[23.92241,59.3377],[23.92454,59.3368],[23.93207,59.33692],[23.93101,59.33865],[23.92398,59.33894],[23.92234,59.34081],[23.92236,59.34467],[23.92117,59.34584],[23.91727,59.34606],[23.91185,59.34801],[23.9095,59.34945]]],[[[25.65898,59.26663],[25.65781,59.26778],[25.65076,59.27189],[25.64941,59.27251],[25.64984,59.27281],[25.65255,59.27473],[25.65895,59.27508],[25.67252,59.27808],[25.68198,59.27562],[25.68562,59.27815],[25.68715,59.27851],[25.69501,59.28333],[25.70195,59.28578],[25.70693,59.2839],[25.71074,59.28443],[25.71516,59.28339],[25.71765,59.28226],[25.72163,59.28346],[25.72673,59.28313],[25.73099,59.28374],[25.7393,59.28286],[25.74481,59.28299],[25.75178,59.28423],[25.75712,59.28715],[25.76207,59.29125],[25.764,59.29359],[25.76782,59.29487],[25.77292,59.29796],[25.77511,59.29677],[25.78506,59.29742],[25.79398,59.29611],[25.79854,59.29612],[25.80306,59.29478],[25.81348,59.29236],[25.84779,59.29057],[25.84939,59.29132],[25.85292,59.29025],[25.85703,59.29063],[25.85828,59.29006],[25.88825,59.28887],[25.89504,59.27916],[25.89449,59.27794],[25.9106,59.27575],[25.90954,59.27367],[25.9137,59.27134],[25.91896,59.27282],[25.9428,59.2742],[25.94771,59.27518],[25.95528,59.27816],[25.95148,59.27988],[25.95163,59.28098],[25.94797,59.28357],[25.94574,59.28649],[25.95016,59.29036],[25.94973,59.29184],[25.94548,59.29597],[25.94352,59.29871],[25.93844,59.30816],[25.93725,59.3094],[25.94224,59.3152],[25.93963,59.3173],[25.93844,59.32319],[25.93863,59.3264],[25.93673,59.32646],[25.93699,59.33333],[25.93358,59.3351],[25.93117,59.34264],[25.93471,59.34601],[25.93413,59.35363],[25.93209,59.35467],[25.93003,59.35759],[25.92835,59.3657],[25.92703,59.36749],[25.92233,59.37044],[25.92183,59.37193],[25.91907,59.37279],[25.91831,59.37726],[25.91459,59.37865],[25.9077,59.38403],[25.89724,59.38766],[25.89855,59.38852],[25.8943,59.39776],[25.89631,59.39885],[25.89339,59.4018],[25.88807,59.40283],[25.88419,59.40573],[25.89103,59.40877],[25.88574,59.4107],[25.88384,59.41327],[25.88572,59.41482],[25.88718,59.41607],[25.89491,59.42404],[25.89713,59.42769],[25.89628,59.42904],[25.89314,59.43113],[25.8891,59.43331],[25.88895,59.43541],[25.88129,59.4351],[25.88008,59.44161],[25.87791,59.44181],[25.87752,59.4434],[25.85666,59.44211],[25.85604,59.44481],[25.84508,59.44421],[25.83238,59.498],[25.83239,59.49918],[25.82914,59.50024],[25.82848,59.50256],[25.82928,59.50646],[25.82692,59.50739],[25.82792,59.50987],[25.82496,59.51036],[25.82003,59.51495],[25.81472,59.51917],[25.81679,59.52103],[25.81606,59.52248],[25.81286,59.52269],[25.80492,59.52398],[25.79912,59.52449],[25.80087,59.52738],[25.80173,59.53194],[25.7973,59.53538],[25.79503,59.539],[25.79876,59.54115],[25.80431,59.54345],[25.82055,59.54568],[25.83203,59.54786],[25.83385,59.54777],[25.83491,59.54966],[25.84175,59.55589],[25.83879,59.55792],[25.8365,59.56095],[25.83165,59.5608],[25.83032,59.564],[25.81631,59.56316],[25.81289,59.56369],[25.81296,59.56514],[25.81124,59.56708],[25.81212,59.56815],[25.804,59.56944],[25.80082,59.5708],[25.79464,59.57021],[25.78988,59.56857],[25.78237,59.56963],[25.77905,59.57107],[25.77676,59.57303],[25.77691,59.57476],[25.78124,59.57706],[25.7819,59.57881],[25.77788,59.58123],[25.77904,59.58229],[25.77859,59.58445],[25.78232,59.5883],[25.78148,59.59179],[25.7795,59.59491],[25.78126,59.59563],[25.77932,59.59784],[25.78057,59.59921],[25.77687,59.60158],[25.77438,59.60199],[25.77496,59.60399],[25.77224,59.60647],[25.77255,59.60782],[25.77086,59.60917],[25.7719,59.611],[25.77703,59.61244],[25.77904,59.61479],[25.7826,59.61709],[25.7855,59.62014],[25.78305,59.6222],[25.77819,59.62243],[25.77414,59.62339],[25.76848,59.62372],[25.76168,59.62767],[25.76335,59.62942],[25.76139,59.62987],[25.76123,59.63166],[25.75954,59.63285],[25.76117,59.63501],[25.75913,59.63614],[25.7618,59.6386],[25.76489,59.6383],[25.76699,59.63961],[25.76347,59.64086],[25.75817,59.64465],[25.74836,59.64969],[25.74742,59.64982],[25.74277,59.65403],[25.73724,59.65669],[25.73284,59.65741],[25.72925,59.65876],[25.72858,59.65747],[25.73106,59.6564],[25.72944,59.65488],[25.72519,59.65366],[25.71996,59.65328],[25.71778,59.6521],[25.71696,59.65498],[25.71756,59.65602],[25.71573,59.65866],[25.71243,59.6588],[25.71066,59.65728],[25.70678,59.65865],[25.70708,59.66063],[25.70586,59.66177],[25.70725,59.66291],[25.70521,59.66529],[25.70853,59.66654],[25.71087,59.66848],[25.70729,59.6685],[25.70255,59.66764],[25.69782,59.66855],[25.69477,59.66662],[25.69146,59.6661],[25.69241,59.66436],[25.68816,59.66357],[25.68553,59.66116],[25.68302,59.66005],[25.67746,59.66095],[25.67738,59.65979],[25.67481,59.65744],[25.67057,59.65641],[25.67397,59.65237],[25.67683,59.65241],[25.68807,59.64853],[25.69079,59.64677],[25.69155,59.64502],[25.69054,59.64383],[25.69206,59.64227],[25.68899,59.63871],[25.68249,59.63702],[25.68082,59.63558],[25.68241,59.63324],[25.68288,59.62999],[25.68476,59.62747],[25.68266,59.6193],[25.68404,59.61546],[25.68646,59.61519],[25.69047,59.61196],[25.69379,59.61349],[25.69665,59.61272],[25.7005,59.61058],[25.70417,59.60923],[25.70564,59.60759],[25.70596,59.60519],[25.70855,59.60463],[25.71326,59.60158],[25.70972,59.59541],[25.70551,59.59211],[25.70592,59.58948],[25.70402,59.58704],[25.70142,59.5851],[25.70601,59.58356],[25.70754,59.58172],[25.70752,59.57948],[25.70324,59.57555],[25.69605,59.57143],[25.68545,59.56607],[25.68034,59.56469],[25.67092,59.5632],[25.66809,59.56317],[25.6588,59.56437],[25.65581,59.56532],[25.65321,59.56732],[25.65292,59.56864],[25.64638,59.56964],[25.64103,59.56984],[25.63685,59.57057],[25.62948,59.57572],[25.62948,59.57761],[25.62726,59.57931],[25.62109,59.57852],[25.61766,59.5794],[25.61458,59.5826],[25.6119,59.58392],[25.61296,59.58766],[25.60943,59.59078],[25.60942,59.59223],[25.60669,59.59441],[25.60397,59.59536],[25.60493,59.59816],[25.60281,59.59964],[25.59814,59.598],[25.59506,59.59745],[25.58992,59.59775],[25.58437,59.5994],[25.58042,59.60012],[25.5756,59.6018],[25.57377,59.604],[25.57577,59.60657],[25.57263,59.60858],[25.5716,59.61058],[25.5721,59.61225],[25.56774,59.61314],[25.56728,59.61199],[25.56295,59.61071],[25.55934,59.61065],[25.55282,59.60887],[25.54454,59.60886],[25.53737,59.61057],[25.53431,59.61234],[25.53003,59.6133],[25.52623,59.61488],[25.52032,59.6183],[25.51706,59.62062],[25.51635,59.62315],[25.52067,59.62509],[25.52237,59.62908],[25.52402,59.62996],[25.52249,59.63223],[25.5203,59.63323],[25.51827,59.63566],[25.51585,59.64034],[25.5197,59.64129],[25.52184,59.64329],[25.51422,59.64692],[25.50751,59.64897],[25.50606,59.64697],[25.50299,59.64628],[25.50115,59.64725],[25.49695,59.6475],[25.49952,59.64367],[25.50357,59.6398],[25.50055,59.63822],[25.49554,59.63703],[25.49494,59.63592],[25.49647,59.63341],[25.49446,59.63193],[25.49353,59.62901],[25.49431,59.62699],[25.49338,59.62331],[25.49398,59.6219],[25.49353,59.61863],[25.49489,59.6181],[25.49407,59.61593],[25.49197,59.61385],[25.49282,59.60917],[25.49385,59.60777],[25.49342,59.60399],[25.50133,59.59938],[25.50239,59.59787],[25.50088,59.59617],[25.5032,59.59261],[25.50307,59.59133],[25.50831,59.58753],[25.51154,59.58446],[25.51744,59.57978],[25.52098,59.57982],[25.52474,59.57776],[25.52699,59.57488],[25.52662,59.57178],[25.52464,59.57037],[25.52472,59.56796],[25.52593,59.56713],[25.52819,59.56323],[25.53125,59.55981],[25.53306,59.5593],[25.53792,59.55571],[25.54327,59.55114],[25.54947,59.54862],[25.55275,59.54797],[25.55362,59.54542],[25.55574,59.54416],[25.55508,59.54038],[25.55264,59.53547],[25.55077,59.53331],[25.54591,59.52916],[25.54347,59.5264],[25.53813,59.5229],[25.52994,59.51953],[25.52384,59.5192],[25.51547,59.52049],[25.51092,59.51894],[25.50605,59.51851],[25.50186,59.51914],[25.49498,59.51909],[25.49098,59.52006],[25.47999,59.52071],[25.47644,59.51993],[25.46901,59.51971],[25.46406,59.51878],[25.45819,59.5165],[25.46072,59.51331],[25.45898,59.51226],[25.46122,59.50993],[25.46074,59.50835],[25.46268,59.5068],[25.46184,59.50357],[25.45767,59.50303],[25.45862,59.49982],[25.45752,59.49855],[25.44836,59.4949],[25.44041,59.49274],[25.43409,59.49134],[25.42738,59.49066],[25.42449,59.48966],[25.42054,59.49034],[25.41417,59.49039],[25.41272,59.49092],[25.40487,59.49064],[25.39712,59.49108],[25.38936,59.49271],[25.38673,59.49227],[25.38424,59.49307],[25.37911,59.49325],[25.37767,59.49475],[25.37132,59.49569],[25.36717,59.49713],[25.35997,59.49581],[25.35071,59.49464],[25.3414,59.49388],[25.33766,59.49425],[25.33614,59.49547],[25.32943,59.49598],[25.32103,59.49742],[25.3182,59.49824],[25.31737,59.49956],[25.31134,59.50193],[25.30911,59.50324],[25.30081,59.50447],[25.29494,59.50499],[25.2856,59.5067],[25.27682,59.50936],[25.2742,59.51079],[25.27298,59.51354],[25.2763,59.51573],[25.2768,59.52002],[25.27756,59.52167],[25.27606,59.52306],[25.27522,59.52577],[25.26942,59.52863],[25.26872,59.52726],[25.26962,59.52394],[25.2669,59.52084],[25.25956,59.51683],[25.25439,59.51446],[25.23935,59.50812],[25.22872,59.50484],[25.21917,59.50339],[25.21573,59.50353],[25.21217,59.50242],[25.20824,59.50373],[25.20469,59.50383],[25.19736,59.50647],[25.19631,59.50945],[25.1987,59.51181],[25.19664,59.51317],[25.19653,59.51769],[25.18849,59.5229],[25.18812,59.5244],[25.1832,59.52631],[25.17814,59.52674],[25.16822,59.52823],[25.16658,59.5295],[25.16209,59.5308],[25.15852,59.53286],[25.1557,59.53678],[25.15048,59.53743],[25.14677,59.5387],[25.14617,59.5413],[25.14294,59.54009],[25.14597,59.53793],[25.14819,59.53351],[25.14557,59.53262],[25.1465,59.53113],[25.14631,59.52798],[25.14501,59.52631],[25.14154,59.52538],[25.14376,59.52207],[25.15142,59.51641],[25.15489,59.51554],[25.16,59.50911],[25.16584,59.51027],[25.17258,59.50942],[25.1727,59.5081],[25.17537,59.50691],[25.17738,59.50344],[25.17688,59.49881],[25.17515,59.49505],[25.17165,59.49138],[25.16611,59.48821],[25.15021,59.48176],[25.15077,59.47685],[25.14881,59.47662],[25.14234,59.47987],[25.13989,59.47915],[25.13107,59.48088],[25.13018,59.48274],[25.12658,59.482],[25.12326,59.48291],[25.12049,59.48453],[25.11796,59.48801],[25.11956,59.49057],[25.11589,59.48974],[25.11187,59.49001],[25.10956,59.4887],[25.10512,59.48964],[25.10385,59.49078],[25.09979,59.49186],[25.09511,59.49419],[25.09401,59.49695],[25.08898,59.49937],[25.08836,59.50256],[25.09005,59.50595],[25.08467,59.50612],[25.07947,59.50247],[25.07004,59.50267],[25.0685,59.50155],[25.06398,59.50223],[25.05971,59.50158],[25.05168,59.49936],[25.04897,59.50108],[25.04631,59.50122],[25.04486,59.50257],[25.03997,59.50372],[25.03958,59.50523],[25.03641,59.50476],[25.03017,59.50467],[25.02135,59.50525],[25.01825,59.50651],[25.01161,59.50641],[25.00758,59.50558],[25.00635,59.50683],[25.00319,59.50701],[25.0025,59.50429],[25.00589,59.50399],[25.00672,59.50271],[25.00351,59.501],[25.00319,59.49907],[25.00457,59.49841],[25.0029,59.49638],[24.99363,59.49339],[24.97166,59.48985],[24.96608,59.48999],[24.95738,59.49385],[24.95367,59.49581],[24.95181,59.49475],[24.94915,59.49618],[24.94622,59.49433],[24.94357,59.49439],[24.94074,59.4966],[24.9368,59.49875],[24.94089,59.50103],[24.94059,59.50296],[24.93356,59.49795],[24.93345,59.49447],[24.93067,59.49455],[24.92441,59.49601],[24.9204,59.49748],[24.91427,59.5005],[24.91254,59.50198],[24.91048,59.50615],[24.91104,59.51044],[24.91233,59.51483],[24.91295,59.52045],[24.90969,59.52293],[24.90619,59.52463],[24.90159,59.52547],[24.89658,59.5275],[24.89197,59.5302],[24.89001,59.53222],[24.8898,59.53537],[24.89651,59.53828],[24.89528,59.54031],[24.8922,59.54246],[24.88978,59.54124],[24.88692,59.54217],[24.88605,59.54626],[24.88711,59.54828],[24.88442,59.54901],[24.88215,59.55065],[24.87378,59.55137],[24.86892,59.54898],[24.86725,59.55127],[24.86472,59.55253],[24.86204,59.55058],[24.86202,59.54938],[24.85903,59.54856],[24.85303,59.55007],[24.85092,59.55331],[24.84856,59.55358],[24.84287,59.55288],[24.83843,59.5543],[24.83335,59.554],[24.82711,59.55562],[24.82427,59.55722],[24.82509,59.56018],[24.8207,59.5621],[24.81415,59.56292],[24.81191,59.56249],[24.80651,59.56319],[24.80456,59.56444],[24.80147,59.56456],[24.79756,59.5662],[24.79667,59.56752],[24.79833,59.56955],[24.79677,59.57163],[24.79432,59.56969],[24.79365,59.5645],[24.79536,59.56284],[24.79378,59.55772],[24.79205,59.55542],[24.79372,59.55363],[24.79456,59.55102],[24.79396,59.5493],[24.79388,59.54446],[24.78981,59.54069],[24.79118,59.54003],[24.79259,59.5372],[24.79229,59.53375],[24.79373,59.5324],[24.79509,59.52791],[24.79649,59.52611],[24.79701,59.52333],[24.7989,59.52012],[24.80083,59.51875],[24.80619,59.51974],[24.80969,59.51842],[24.81228,59.51591],[24.81433,59.51257],[24.81405,59.50907],[24.81248,59.5072],[24.80953,59.50603],[24.80575,59.50616],[24.81246,59.50191],[24.81443,59.49992],[24.81952,59.49888],[24.82624,59.49437],[24.82847,59.49201],[24.83475,59.48922],[24.83769,59.48702],[24.83787,59.48501],[24.83664,59.48112],[24.8334,59.47539],[24.82867,59.47057],[24.82637,59.46942],[24.83054,59.46715],[24.82819,59.46635],[24.82284,59.46816],[24.82224,59.46566],[24.81607,59.46181],[24.81613,59.46118],[24.81116,59.45804],[24.80474,59.45001],[24.80051,59.44722],[24.79544,59.44462],[24.7913,59.44322],[24.78766,59.44325],[24.78162,59.44425],[24.77707,59.44602],[24.77182,59.44563],[24.76813,59.44436],[24.76254,59.44487],[24.76282,59.44584],[24.76982,59.44849],[24.76681,59.44891],[24.7597,59.44671],[24.76006,59.44931],[24.75284,59.44886],[24.75062,59.44731],[24.74452,59.44919],[24.74314,59.45078],[24.73686,59.45306],[24.73238,59.45398],[24.73005,59.45227],[24.72569,59.45198],[24.72071,59.45375],[24.71938,59.45487],[24.71913,59.45699],[24.71471,59.45852],[24.70638,59.45755],[24.7072,59.45891],[24.71623,59.46435],[24.71782,59.46738],[24.72072,59.47079],[24.72442,59.47382],[24.72028,59.47612],[24.7149,59.47711],[24.71263,59.48035],[24.71041,59.48233],[24.7073,59.48336],[24.70361,59.48186],[24.69455,59.48098],[24.69197,59.48238],[24.69144,59.48442],[24.68909,59.4861],[24.6856,59.48397],[24.6849,59.48215],[24.68733,59.478],[24.68977,59.47592],[24.69405,59.47558],[24.69744,59.4745],[24.69697,59.47029],[24.69231,59.46912],[24.6922,59.46704],[24.69459,59.46586],[24.69512,59.46389],[24.69088,59.46345],[24.68876,59.46505],[24.68197,59.46417],[24.67861,59.46421],[24.66996,59.4632],[24.6627,59.46526],[24.66103,59.46706],[24.65283,59.46744],[24.64718,59.47007],[24.64588,59.46915],[24.64696,59.46663],[24.65167,59.46457],[24.64966,59.46322],[24.65282,59.46166],[24.66104,59.45913],[24.66561,59.45584],[24.66942,59.45389],[24.66864,59.45271],[24.67378,59.45028],[24.68099,59.45027],[24.68336,59.44933],[24.68401,59.44339],[24.68245,59.44034],[24.67389,59.43529],[24.67491,59.43406],[24.67,59.43149],[24.66787,59.43163],[24.66448,59.42844],[24.6607,59.42918],[24.65388,59.42977],[24.65289,59.43128],[24.64746,59.43476],[24.63967,59.43755],[24.63521,59.43833],[24.62709,59.44175],[24.62199,59.44419],[24.61493,59.44698],[24.60559,59.44925],[24.59973,59.45153],[24.59557,59.45239],[24.5873,59.45676],[24.58625,59.45883],[24.57888,59.45973],[24.57381,59.46208],[24.56969,59.46135],[24.56923,59.45995],[24.57334,59.45436],[24.57611,59.45191],[24.57604,59.45026],[24.57197,59.44633],[24.56546,59.4429],[24.56439,59.44137],[24.56173,59.44165],[24.55747,59.44001],[24.55261,59.43936],[24.5444,59.43759],[24.54148,59.43782],[24.53055,59.44121],[24.52565,59.44322],[24.51856,59.4437],[24.51187,59.44453],[24.49629,59.44736],[24.48971,59.44994],[24.48605,59.45399],[24.48609,59.45541],[24.48272,59.45621],[24.48047,59.45812],[24.47473,59.46058],[24.47137,59.46353],[24.46676,59.46465],[24.46424,59.46831],[24.46023,59.46941],[24.45546,59.46911],[24.44858,59.47035],[24.44021,59.47039],[24.43744,59.47124],[24.43352,59.47123],[24.4284,59.47223],[24.42699,59.47352],[24.42049,59.47226],[24.41327,59.47339],[24.408,59.47285],[24.39522,59.47354],[24.3926,59.47305],[24.38458,59.47312],[24.37758,59.47358],[24.37447,59.47528],[24.37095,59.47284],[24.36604,59.4719],[24.36066,59.47354],[24.35953,59.47263],[24.36274,59.47132],[24.36311,59.46916],[24.36034,59.46705],[24.35663,59.46655],[24.35481,59.46505],[24.34884,59.46309],[24.35034,59.46068],[24.34797,59.4587],[24.34641,59.45636],[24.34728,59.45355],[24.3457,59.45023],[24.34553,59.4446],[24.34994,59.4431],[24.35154,59.43885],[24.3507,59.43616],[24.34668,59.43068],[24.34254,59.42622],[24.33965,59.42404],[24.33486,59.42311],[24.33149,59.42365],[24.32634,59.4216],[24.32131,59.42066],[24.31178,59.41688],[24.30163,59.41217],[24.29835,59.41165],[24.29537,59.41206],[24.28854,59.40782],[24.28355,59.40564],[24.27281,59.40327],[24.2688,59.40316],[24.26762,59.40395],[24.25904,59.40328],[24.25572,59.40095],[24.25054,59.40013],[24.24268,59.39784],[24.2373,59.39521],[24.23171,59.39402],[24.22457,59.39368],[24.21751,59.39421],[24.20907,59.39655],[24.20238,59.39978],[24.20404,59.40364],[24.20544,59.4052],[24.19779,59.40592],[24.19396,59.4055],[24.19115,59.40381],[24.19195,59.40134],[24.18823,59.39719],[24.18546,59.39637],[24.18512,59.3943],[24.1873,59.3934],[24.18974,59.39123],[24.19277,59.38973],[24.19596,59.38942],[24.19899,59.39001],[24.2031,59.38843],[24.20502,59.38853],[24.20784,59.38598],[24.21263,59.38687],[24.21697,59.38395],[24.2209,59.38342],[24.22463,59.38003],[24.23092,59.37763],[24.2353,59.37386],[24.23724,59.37085],[24.23948,59.36914],[24.24162,59.36556],[24.24202,59.36351],[24.24599,59.36115],[24.24793,59.35677],[24.24592,59.34898],[24.24416,59.34586],[24.24212,59.34435],[24.23383,59.34284],[24.22707,59.34231],[24.21966,59.34084],[24.20562,59.34077],[24.20048,59.34143],[24.18965,59.34494],[24.18416,59.346],[24.17995,59.34848],[24.17627,59.35131],[24.17261,59.35164],[24.16493,59.35376],[24.15742,59.35707],[24.15482,59.36027],[24.15576,59.36239],[24.15282,59.36531],[24.14503,59.36731],[24.13548,59.36825],[24.13271,59.36987],[24.12226,59.3719],[24.11871,59.37314],[24.11797,59.37441],[24.10999,59.37565],[24.10851,59.37667],[24.10564,59.3763],[24.10072,59.37661],[24.09196,59.37981],[24.08623,59.38095],[24.07789,59.3839],[24.07612,59.38571],[24.06676,59.38478],[24.06256,59.38511],[24.05772,59.38681],[24.05115,59.38776],[24.0469,59.38952],[24.04333,59.39041],[24.04023,59.39047],[24.03675,59.38891],[24.03502,59.38646],[24.03482,59.38383],[24.03635,59.37725],[24.03538,59.37533],[24.03822,59.36501],[24.03855,59.36259],[24.04193,59.35706],[24.04236,59.35511],[24.04434,59.35423],[24.04537,59.35222],[24.05408,59.34726],[24.05811,59.34392],[24.06279,59.34122],[24.06943,59.33957],[24.07756,59.33495],[24.08211,59.3344],[24.08832,59.33234],[24.09422,59.33093],[24.10098,59.32858],[24.10436,59.32614],[24.1057,59.32167],[24.1076,59.3186],[24.11007,59.31715],[24.11118,59.31463],[24.11279,59.31334],[24.11857,59.31092],[24.11654,59.31022],[24.11765,59.3081],[24.11707,59.30379],[24.1148,59.30351],[24.10884,59.2966],[24.10667,59.29281],[24.10795,59.29256],[24.11192,59.2973],[24.11423,59.297],[24.11536,59.29542],[24.11447,59.29336],[24.11241,59.29143],[24.11307,59.29046],[24.11165,59.28733],[24.10645,59.28383],[24.10171,59.28276],[24.09935,59.27702],[24.09614,59.2763],[24.09423,59.27309],[24.09243,59.27461],[24.08955,59.27271],[24.08406,59.27373],[24.08223,59.27084],[24.07328,59.27282],[24.07695,59.27476],[24.07717,59.27573],[24.08379,59.27633],[24.08316,59.27838],[24.08381,59.28248],[24.07582,59.2826],[24.06911,59.28186],[24.06822,59.28076],[24.05866,59.28287],[24.05433,59.28557],[24.05392,59.28708],[24.04824,59.28405],[24.04186,59.28712],[24.04031,59.28919],[24.03694,59.29031],[24.02831,59.28664],[24.02372,59.28711],[24.02127,59.28838],[24.01558,59.28566],[24.01218,59.28495],[24.0098,59.2858],[24.00456,59.28455],[23.9954,59.28367],[23.99007,59.28149],[23.98608,59.28097],[23.98373,59.28187],[23.97986,59.27899],[23.9759,59.27792],[23.97357,59.27895],[23.97107,59.27826],[23.97063,59.27668],[23.96662,59.27525],[23.96523,59.27278],[23.95476,59.27224],[23.94961,59.27166],[23.94721,59.2709],[23.94376,59.27212],[23.9334,59.27253],[23.92815,59.27419],[23.92081,59.27419],[23.90896,59.27842],[23.90697,59.27857],[23.89941,59.2751],[23.89661,59.27424],[23.89077,59.27144],[23.88683,59.27039],[23.88193,59.27001],[23.8811,59.27147],[23.87885,59.27232],[23.87672,59.27433],[23.87565,59.27675],[23.87348,59.27589],[23.86635,59.2755],[23.86178,59.27692],[23.85703,59.27776],[23.85221,59.27935],[23.84747,59.282],[23.84473,59.28422],[23.83889,59.28539],[23.83193,59.28623],[23.82887,59.28734],[23.82429,59.28798],[23.82247,59.28922],[23.81836,59.28786],[23.81474,59.28727],[23.8123,59.2861],[23.80538,59.28593],[23.79863,59.28468],[23.79105,59.28456],[23.78843,59.28505],[23.78381,59.28381],[23.78114,59.28028],[23.77804,59.27415],[23.77286,59.27146],[23.76557,59.26975],[23.76093,59.27016],[23.7519,59.27334],[23.74906,59.2727],[23.74559,59.27054],[23.74358,59.27013],[23.73846,59.27032],[23.73184,59.27268],[23.73131,59.26915],[23.73028,59.2669],[23.73121,59.26527],[23.73116,59.26085],[23.73208,59.25819],[23.73405,59.25731],[23.73903,59.25721],[23.74202,59.25654],[23.74476,59.25334],[23.74488,59.24957],[23.74052,59.24361],[23.73657,59.23996],[23.73083,59.23696],[23.73228,59.20661],[23.78263,59.20662],[23.78326,59.17404],[23.83273,59.17581],[23.84553,59.16542],[23.84295,59.15931],[23.86728,59.1595],[23.86653,59.15705],[23.87871,59.15161],[23.88306,59.14906],[23.90667,59.13277],[23.91071,59.12975],[23.91433,59.13403],[23.91599,59.13472],[23.92487,59.13611],[23.92995,59.13789],[23.93565,59.13475],[23.93853,59.13584],[23.94607,59.13678],[23.95015,59.14032],[23.96853,59.13953],[23.99999,59.13774],[24.04886,59.13521],[24.06311,59.13256],[24.07606,59.12918],[24.09269,59.12385],[24.10123,59.12249],[24.11303,59.11762],[24.1189,59.11626],[24.12212,59.11483],[24.12548,59.10837],[24.11406,59.10194],[24.11261,59.1003],[24.10996,59.10116],[24.1051,59.10184],[24.106,59.09823],[24.10961,59.09575],[24.1093,59.09291],[24.11363,59.08997],[24.11353,59.08878],[24.10753,59.08843],[24.10503,59.08783],[24.11147,59.08554],[24.11587,59.08181],[24.12021,59.07956],[24.12039,59.07459],[24.13484,59.07183],[24.13478,59.07073],[24.14083,59.07009],[24.15041,59.06614],[24.15155,59.05789],[24.16307,59.05662],[24.16697,59.05482],[24.15168,59.04712],[24.08633,59.01345],[24.08612,59.00041],[24.0934,58.98947],[24.10804,58.99159],[24.10523,58.99629],[24.1119,59.00008],[24.11438,59.00189],[24.12016,59.00314],[24.12743,59.00732],[24.13781,59.01484],[24.14043,59.0155],[24.1499,59.02209],[24.14936,59.02253],[24.15136,59.02591],[24.15544,59.02694],[24.16246,59.02522],[24.16155,59.02384],[24.16776,59.02254],[24.17085,59.02049],[24.1741,59.02274],[24.17764,59.02361],[24.17762,59.02619],[24.17969,59.02779],[24.18819,59.02934],[24.1938,59.03256],[24.20066,59.03421],[24.20952,59.02885],[24.22224,59.0191],[24.22893,59.01669],[24.23632,59.01617],[24.2418,59.01768],[24.2458,59.01817],[24.24855,59.02019],[24.2517,59.02093],[24.25347,59.0217],[24.25853,59.02451],[24.27242,59.02494],[24.27905,59.02233],[24.27868,59.02105],[24.27794,59.01846],[24.28154,59.01263],[24.28462,59.01239],[24.28584,59.01133],[24.29075,59.01117],[24.29528,59.00804],[24.2994,59.00889],[24.30215,59.01371],[24.29935,59.01414],[24.29301,59.02236],[24.29917,59.02715],[24.30372,59.0254],[24.31472,59.02616],[24.31505,59.0352],[24.3101,59.03338],[24.30621,59.03918],[24.30982,59.03913],[24.31244,59.04363],[24.32077,59.045],[24.32569,59.05087],[24.32669,59.05292],[24.32557,59.05459],[24.33049,59.05383],[24.33351,59.05157],[24.33614,59.05454],[24.34452,59.05605],[24.34898,59.05631],[24.35119,59.05241],[24.36103,59.05389],[24.36419,59.05475],[24.37226,59.05773],[24.36984,59.05947],[24.36863,59.06047],[24.36159,59.06487],[24.36029,59.06663],[24.36355,59.06821],[24.36272,59.07277],[24.35819,59.07398],[24.35764,59.07218],[24.34667,59.07001],[24.3446,59.07221],[24.34959,59.07437],[24.35131,59.07692],[24.35778,59.07762],[24.3565,59.08153],[24.35312,59.08269],[24.35246,59.08472],[24.35002,59.08492],[24.35455,59.09222],[24.35914,59.08986],[24.36218,59.08929],[24.36963,59.08672],[24.37986,59.08594],[24.37937,59.08849],[24.38059,59.09042],[24.39917,59.09093],[24.4149,59.09168],[24.41753,59.09076],[24.42296,59.09067],[24.43048,59.09206],[24.43915,59.09186],[24.44197,59.0914],[24.45374,59.09339],[24.46149,59.09543],[24.47177,59.09921],[24.47803,59.09954],[24.48618,59.10073],[24.49636,59.10083],[24.50509,59.09972],[24.51185,59.09711],[24.51401,59.09863],[24.51661,59.09895],[24.52932,59.09727],[24.53436,59.09696],[24.54074,59.09718],[24.54784,59.09659],[24.5493,59.09563],[24.55377,59.09468],[24.55552,59.09345],[24.5593,59.09362],[24.56417,59.0953],[24.56794,59.0956],[24.5714,59.09462],[24.57084,59.11912],[24.57204,59.12404],[24.56414,59.12355],[24.56253,59.12285],[24.55757,59.12307],[24.55461,59.12996],[24.54627,59.1325],[24.54236,59.13545],[24.53967,59.13649],[24.54198,59.13761],[24.54755,59.13825],[24.5491,59.13788],[24.55975,59.1388],[24.5703,59.13996],[24.57312,59.14143],[24.5781,59.14141],[24.566,59.15015],[24.55747,59.15441],[24.55806,59.16071],[24.56034,59.16507],[24.56338,59.1692],[24.5685,59.17713],[24.56876,59.19122],[24.59197,59.18868],[24.59652,59.18848],[24.60472,59.19244],[24.61447,59.1981],[24.62399,59.20283],[24.62547,59.2068],[24.62766,59.20982],[24.63275,59.21506],[24.64383,59.2139],[24.64561,59.21932],[24.66464,59.21951],[24.66636,59.21863],[24.66942,59.21959],[24.67087,59.22201],[24.67299,59.22081],[24.67594,59.21747],[24.69004,59.22128],[24.69623,59.21644],[24.70112,59.2155],[24.70367,59.21434],[24.70418,59.21489],[24.70892,59.21654],[24.71176,59.21536],[24.71197,59.21278],[24.71483,59.21173],[24.71704,59.21403],[24.71697,59.21558],[24.71444,59.21787],[24.71818,59.22183],[24.72324,59.22373],[24.72645,59.22287],[24.7314,59.21992],[24.7329,59.21813],[24.7341,59.2148],[24.73965,59.21276],[24.74233,59.21082],[24.74741,59.20959],[24.75224,59.21185],[24.75612,59.209],[24.7583,59.20822],[24.761,59.20997],[24.77176,59.2043],[24.77298,59.20333],[24.77335,59.20049],[24.77527,59.19845],[24.78036,59.19802],[24.78528,59.19867],[24.78719,59.19661],[24.79055,59.1967],[24.79276,59.19727],[24.79442,59.19904],[24.78777,59.20555],[24.80498,59.20508],[24.80506,59.20617],[24.79328,59.21565],[24.79369,59.22169],[24.82688,59.22194],[24.83566,59.22287],[24.83936,59.22456],[24.85272,59.22687],[24.85811,59.22675],[24.86654,59.22814],[24.89086,59.22471],[24.89588,59.22444],[24.90194,59.22598],[24.91085,59.22755],[24.91082,59.22572],[24.90911,59.22225],[24.90583,59.21816],[24.90573,59.21136],[24.9038,59.20672],[24.90284,59.19926],[24.90357,59.19834],[24.90427,59.18537],[24.90521,59.18234],[24.92369,59.18435],[24.92711,59.17688],[24.92132,59.17555],[24.92345,59.17179],[24.92311,59.16816],[24.92601,59.1661],[24.92317,59.16239],[24.92838,59.16124],[24.92905,59.16039],[24.92443,59.15485],[24.932,59.15243],[24.95325,59.14646],[24.95548,59.14595],[24.97127,59.14423],[24.97527,59.14396],[24.98021,59.14449],[24.9851,59.14747],[24.99921,59.13948],[25.00054,59.13969],[25.00987,59.14373],[25.01324,59.14209],[25.0144,59.14077],[25.01433,59.14],[25.01471,59.13757],[25.01486,59.13663],[25.01744,59.13302],[25.02763,59.12825],[25.029,59.12674],[25.0319,59.12536],[25.03524,59.12133],[25.03613,59.11938],[25.04002,59.11614],[25.05929,59.1041],[25.06917,59.10322],[25.09943,59.09637],[25.1229,59.09584],[25.13238,59.09649],[25.13791,59.09915],[25.14597,59.09177],[25.15648,59.09386],[25.17763,59.08561],[25.18521,59.0874],[25.2015,59.08405],[25.1958,59.08153],[25.18553,59.07501],[25.18539,59.07296],[25.18368,59.07096],[25.18375,59.0686],[25.19571,59.05778],[25.20447,59.0527],[25.19687,59.04975],[25.19366,59.0499],[25.19283,59.04714],[25.19657,59.04453],[25.19899,59.04176],[25.20282,59.04013],[25.20116,59.03636],[25.23263,59.03432],[25.23583,59.03128],[25.22531,59.03072],[25.22521,59.02724],[25.25204,59.02699],[25.25942,59.02249],[25.26248,59.02507],[25.26939,59.02318],[25.27473,59.02021],[25.26373,59.01679],[25.26759,59.01395],[25.27245,59.01374],[25.27917,59.0104],[25.27832,59.00887],[25.29137,59.00813],[25.29411,59.00675],[25.29088,59.00438],[25.29168,58.99989],[25.29295,58.99782],[25.30174,58.99837],[25.30705,58.99665],[25.32475,58.99173],[25.33381,58.99427],[25.34641,59.01181],[25.35737,59.01442],[25.37555,59.00707],[25.38866,59.01437],[25.40286,59.02207],[25.4049,59.02977],[25.40403,59.03577],[25.40737,59.04447],[25.40799,59.05382],[25.40863,59.05858],[25.40972,59.0616],[25.40878,59.06349],[25.4019,59.06998],[25.38888,59.07704],[25.39308,59.08103],[25.40631,59.08685],[25.41524,59.09146],[25.416,59.09315],[25.4229,59.09014],[25.43281,59.08855],[25.44429,59.0813],[25.44592,59.07387],[25.46037,59.06812],[25.46903,59.08102],[25.47748,59.09199],[25.48481,59.0963],[25.48724,59.1],[25.48003,59.10379],[25.47596,59.10463],[25.45765,59.10915],[25.44504,59.11337],[25.44577,59.12043],[25.45972,59.13172],[25.44952,59.14054],[25.44963,59.1431],[25.45313,59.1436],[25.4586,59.14584],[25.46096,59.15125],[25.46242,59.15195],[25.46752,59.15233],[25.48232,59.17072],[25.48442,59.17072],[25.49125,59.17206],[25.49632,59.1743],[25.50598,59.17977],[25.50296,59.18206],[25.50794,59.18576],[25.52036,59.20014],[25.52077,59.20231],[25.52597,59.20935],[25.53319,59.21259],[25.52816,59.21542],[25.52385,59.21782],[25.52264,59.22256],[25.51734,59.22641],[25.51451,59.22954],[25.51188,59.23141],[25.5112,59.23323],[25.51336,59.23536],[25.51157,59.23724],[25.51041,59.24319],[25.50816,59.24571],[25.50244,59.24933],[25.47666,59.26225],[25.47077,59.2682],[25.47374,59.2686],[25.47615,59.26783],[25.48622,59.26842],[25.48845,59.2692],[25.49256,59.26941],[25.496,59.2685],[25.4985,59.26893],[25.50621,59.26871],[25.51167,59.2661],[25.51979,59.26445],[25.52957,59.26377],[25.5335,59.26252],[25.53594,59.2625],[25.53828,59.26373],[25.53807,59.26498],[25.54014,59.26645],[25.54505,59.2663],[25.54633,59.26633],[25.55302,59.26952],[25.55504,59.26953],[25.56194,59.27229],[25.57093,59.27382],[25.57499,59.27276],[25.58194,59.27491],[25.59376,59.27161],[25.60913,59.2635],[25.61012,59.26444],[25.62383,59.26163],[25.63002,59.25886],[25.63185,59.25782],[25.63397,59.2581],[25.64117,59.25493],[25.65167,59.26102],[25.65543,59.25998],[25.65594,59.26288],[25.65552,59.26435],[25.65725,59.26642],[25.65898,59.26663]]],[[[23.94382,59.33615],[23.94497,59.33893],[23.94335,59.33902],[23.94223,59.33542],[23.93697,59.33629],[23.93673,59.33395],[23.93995,59.33348],[23.94117,59.33194],[23.94382,59.33615]]],[[[23.95916,59.36234],[23.95471,59.36238],[23.94971,59.36022],[23.94692,59.35791],[23.94331,59.35217],[23.94168,59.35049],[23.93676,59.3484],[23.9308,59.34666],[23.9321,59.34611],[23.93671,59.34681],[23.93849,59.34552],[23.94665,59.34491],[23.94936,59.34054],[23.94909,59.33901],[23.95339,59.33789],[23.95556,59.33611],[23.95796,59.33615],[23.96425,59.33385],[23.96736,59.3302],[23.9637,59.32847],[23.96591,59.32739],[23.96638,59.32545],[23.96549,59.32358],[23.9689,59.31919],[23.97135,59.31911],[23.97203,59.31611],[23.97823,59.3156],[23.98222,59.31593],[23.98607,59.31355],[23.99158,59.3132],[23.99344,59.31447],[24.00042,59.31575],[24.00951,59.31443],[24.00991,59.31736],[24.00762,59.32019],[24.00753,59.32243],[24.0111,59.32473],[24.00976,59.32694],[24.00946,59.33003],[24.00249,59.34123],[23.99815,59.34648],[23.99789,59.34855],[23.99476,59.35079],[23.98802,59.35461],[23.97951,59.35764],[23.96476,59.36172],[23.95916,59.36234]]],[[[24.51344,59.60558],[24.50863,59.60559],[24.50798,59.60364],[24.50561,59.60104],[24.50476,59.59748],[24.50164,59.59572],[24.49824,59.59479],[24.49875,59.59243],[24.49656,59.58936],[24.49484,59.58558],[24.48988,59.58262],[24.4891,59.5814],[24.48577,59.5793],[24.48829,59.57822],[24.48859,59.57655],[24.48411,59.57381],[24.48127,59.57339],[24.47976,59.57154],[24.47489,59.57079],[24.47517,59.56923],[24.48135,59.56685],[24.48338,59.56526],[24.48319,59.56394],[24.48491,59.56247],[24.48592,59.55749],[24.48709,59.55561],[24.4921,59.55372],[24.494,59.55143],[24.49954,59.55001],[24.50101,59.54742],[24.50457,59.54571],[24.50901,59.54495],[24.5164,59.54239],[24.52009,59.53947],[24.52537,59.53952],[24.53067,59.53702],[24.53315,59.53828],[24.53799,59.53702],[24.54057,59.5371],[24.54486,59.53837],[24.55481,59.53838],[24.56067,59.53882],[24.56438,59.54045],[24.55897,59.5439],[24.55327,59.54832],[24.55171,59.55033],[24.55059,59.55467],[24.55038,59.55781],[24.55253,59.55825],[24.54947,59.56044],[24.54602,59.56533],[24.54185,59.57234],[24.53626,59.57727],[24.53554,59.58057],[24.53609,59.58151],[24.53208,59.58683],[24.52495,59.58984],[24.52165,59.59331],[24.51941,59.59653],[24.51893,59.59949],[24.51764,59.60208],[24.51344,59.60558]]],[[[24.78973,59.57588],[24.78448,59.576],[24.78138,59.57517],[24.78193,59.57365],[24.78515,59.57171],[24.78897,59.57385],[24.79174,59.57442],[24.78973,59.57588]]],[[[24.78222,59.59141],[24.77914,59.59167],[24.77999,59.58806],[24.77965,59.58631],[24.77442,59.58412],[24.76738,59.58717],[24.76729,59.58817],[24.76402,59.5896],[24.75951,59.58854],[24.75537,59.58878],[24.75224,59.58678],[24.74769,59.58587],[24.74375,59.58606],[24.74013,59.58555],[24.74099,59.58444],[24.73872,59.58098],[24.73878,59.57998],[24.74259,59.57799],[24.74706,59.57327],[24.75298,59.57299],[24.75714,59.5717],[24.75817,59.5726],[24.7629,59.57289],[24.76654,59.5752],[24.7706,59.57645],[24.77488,59.57913],[24.7767,59.58165],[24.78152,59.58359],[24.78411,59.58357],[24.78663,59.58607],[24.78156,59.58959],[24.78222,59.59141]]],[[[25.21238,59.57622],[25.20447,59.5773],[25.20647,59.57429],[25.20909,59.57286],[25.21212,59.57251],[25.21503,59.56984],[25.21707,59.56985],[25.22148,59.57136],[25.22521,59.57154],[25.2285,59.57081],[25.23458,59.56775],[25.23479,59.56987],[25.23291,59.57245],[25.23452,59.57409],[25.23049,59.57558],[25.22927,59.5775],[25.22693,59.57893],[25.22193,59.57764],[25.22086,59.57649],[25.21643,59.57535],[25.21238,59.57622]]],[[[25.09974,59.59362],[25.10297,59.59426],[25.09808,59.59765],[25.091,59.60125],[25.08883,59.60366],[25.08475,59.60611],[25.0812,59.60637],[25.08305,59.60033],[25.08651,59.5984],[25.09546,59.59578],[25.09974,59.59362]]],[[[24.9751,59.64714],[24.96857,59.64515],[24.97161,59.64153],[24.97585,59.64141],[24.98085,59.64027],[24.98299,59.63639],[24.98449,59.63702],[24.99041,59.63565],[24.9916,59.63403],[24.99094,59.6319],[24.99733,59.63106],[24.99984,59.63013],[24.99999,59.62635],[24.99864,59.62537],[24.99408,59.62717],[24.99235,59.62933],[24.98792,59.62911],[24.98847,59.62759],[24.99109,59.62601],[24.99435,59.62552],[24.99585,59.62391],[24.99252,59.62203],[24.99133,59.62038],[24.98137,59.61766],[24.97934,59.61616],[24.98043,59.61235],[24.98425,59.60859],[24.98707,59.61397],[24.99074,59.61345],[24.99223,59.61517],[24.99588,59.61478],[24.99897,59.61592],[24.99901,59.61754],[25.00459,59.61762],[25.00884,59.61602],[25.01137,59.61607],[25.01624,59.61437],[25.02479,59.61402],[25.02794,59.61297],[25.03372,59.60861],[25.04115,59.61194],[25.04162,59.61552],[25.03706,59.61865],[25.03695,59.62143],[25.031,59.62356],[25.0284,59.62584],[25.02382,59.62802],[25.01917,59.63125],[25.01986,59.63476],[25.01707,59.63351],[25.01505,59.63415],[25.01509,59.63677],[25.01277,59.63741],[25.01014,59.63932],[25.00413,59.63818],[25.00162,59.63874],[24.99893,59.64081],[24.99398,59.64041],[24.99205,59.64108],[24.99064,59.64386],[24.98638,59.64252],[24.98223,59.64242],[24.97616,59.64568],[24.9751,59.64714]]],[[[25.37818,59.52082],[25.3758,59.52211],[25.36879,59.51891],[25.36629,59.51886],[25.36343,59.51762],[25.36288,59.51622],[25.36897,59.51496],[25.3715,59.51209],[25.37383,59.51195],[25.37495,59.51041],[25.37484,59.50715],[25.37702,59.50634],[25.37888,59.50815],[25.38191,59.50905],[25.38349,59.51069],[25.38329,59.51239],[25.37918,59.51606],[25.38125,59.5177],[25.37813,59.51971],[25.37818,59.52082]]],[[[25.31442,59.52183],[25.31232,59.52435],[25.31002,59.52039],[25.31439,59.51986],[25.31442,59.52183]]],[[[25.26108,59.54756],[25.26173,59.54632],[25.26578,59.54485],[25.268,59.5447],[25.27007,59.54103],[25.27571,59.54434],[25.276,59.54599],[25.27367,59.54769],[25.27052,59.54738],[25.26108,59.54756]]],[[[25.62897,59.58262],[25.63031,59.58359],[25.62474,59.58655],[25.62297,59.584],[25.62481,59.58313],[25.62897,59.58262]]],[[[25.32906,59.60199],[25.32401,59.60252],[25.32284,59.60195],[25.32544,59.59943],[25.32906,59.60199]]],[[[25.76854,59.63321],[25.76948,59.63631],[25.76592,59.63516],[25.76854,59.63321]]],[[[25.79788,59.6854],[25.79529,59.68504],[25.78895,59.68594],[25.79207,59.68356],[25.79355,59.68351],[25.79664,59.68032],[25.79517,59.67858],[25.80259,59.67552],[25.81041,59.67401],[25.81936,59.67117],[25.82085,59.67232],[25.81893,59.67327],[25.82063,59.67641],[25.81799,59.67637],[25.81384,59.67474],[25.81152,59.67532],[25.80659,59.67778],[25.80438,59.67822],[25.79978,59.68072],[25.8021,59.68301],[25.79788,59.6854]]]]},"properties":{"area_code":"0037","area_name":"HARJU COUNTY"}},
{"type":"Feature","geometry":{"type":"MultiPolygon","coordinates":[[[[23.13321,58.74374],[23.13069,58.74314],[23.12534,58.73967],[23.1358,58.7401],[23.13801,58.73846],[23.1402,58.73843],[23.13991,58.74036],[23.1427,58.74176],[23.14286,58.74322],[23.13803,58.74269],[23.13321,58.74374]]],[[[23.16847,58.75569],[23.16606,58.75534],[23.16458,58.75378],[23.16688,58.75173],[23.17203,58.75164],[23.17887,58.75081],[23.18029,58.75321],[23.17777,58.75383],[23.17334,58.75392],[23.16847,58.75569]]],[[[23.08738,58.75612],[23.08746,58.75441],[23.09113,58.7545],[23.09696,58.75272],[23.0987,58.75477],[23.09573,58.75553],[23.09156,58.75507],[23.08738,58.75612]]],[[[23.08088,58.76722],[23.07836,58.7672],[23.07376,58.76557],[23.07972,58.76145],[23.08532,58.76129],[23.08352,58.76669],[23.08088,58.76722]]],[[[23.04609,58.78437],[23.04252,58.7844],[23.04139,58.78246],[23.04346,58.77874],[23.04028,58.77799],[23.03586,58.77616],[23.03718,58.77545],[23.04196,58.77498],[23.04843,58.77039],[23.05164,58.77302],[23.05236,58.77582],[23.0551,58.7771],[23.0536,58.77861],[23.05514,58.77989],[23.05338,58.78102],[23.04609,58.78437]]],[[[22.87579,58.78908],[22.87166,58.78876],[22.86691,58.78481],[22.8706,58.78306],[22.87368,58.78326],[22.87484,58.78184],[22.88205,58.78234],[22.88325,58.781],[22.88678,58.78157],[22.88486,58.78342],[22.88585,58.78509],[22.8818,58.78684],[22.88081,58.78794],[22.87683,58.78792],[22.87579,58.78908]]],[[[22.78084,58.79955],[22.77837,58.79843],[22.7784,58.79675],[22.7806,58.79641],[22.7862,58.79674],[22.7891,58.79836],[22.78084,58.79955]]],[[[22.89862,58.81268],[22.89521,58.81188],[22.89643,58.81029],[22.90078,58.81046],[22.89862,58.81268]]],[[[22.98837,58.81734],[22.9838,58.81598],[22.98118,58.81365],[22.98215,58.81122],[22.98534,58.80829],[22.98787,58.80686],[22.9939,58.80442],[22.99466,58.80315],[22.99878,58.80177],[23.00363,58.80101],[23.00375,58.79598],[23.00753,58.7932],[23.0117,58.79438],[23.0103,58.79636],[23.01236,58.79815],[23.01075,58.79926],[23.01176,58.80148],[23.01068,58.80436],[23.00337,58.80473],[23.00066,58.80612],[22.99841,58.80628],[22.99455,58.80768],[22.99403,58.81012],[22.99207,58.81377],[22.99052,58.81424],[22.98837,58.81734]]],[[[22.76552,58.81693],[22.76242,58.81432],[22.76386,58.81237],[22.76863,58.81217],[22.77112,58.81345],[22.76587,58.81538],[22.76552,58.81693]]],[[[22.96786,58.82535],[22.97011,58.82418],[22.97447,58.82403],[22.97849,58.8224],[22.97775,58.8248],[22.96786,58.82535]]],[[[23.06653,58.82924],[23.06159,58.82913],[23.05995,58.82842],[23.06279,58.82512],[23.0627,58.82317],[23.0666,58.82261],[23.06924,58.82149],[23.06974,58.82029],[23.06897,58.81618],[23.06627,58.81728],[23.06398,58.81571],[23.05972,58.8111],[23.05968,58.80942],[23.06674,58.8073],[23.06773,58.81141],[23.0714,58.81298],[23.07276,58.81529],[23.07435,58.8162],[23.07482,58.81817],[23.07656,58.81898],[23.07637,58.82177],[23.07415,58.82519],[23.07305,58.82544],[23.06934,58.82856],[23.06653,58.82924]]],[[[23.12088,58.83989],[23.11742,58.839],[23.11262,58.8359],[23.11444,58.83537],[23.11431,58.83299],[23.11592,58.82775],[23.11774,58.82627],[23.12105,58.82585],[23.12486,58.82666],[23.12589,58.82766],[23.13116,58.82693],[23.13435,58.82763],[23.1367,58.82976],[23.13902,58.82992],[23.14159,58.83171],[23.13921,58.83385],[23.13217,58.83385],[23.13078,58.83485],[23.12781,58.83483],[23.12615,58.83602],[23.12494,58.83932],[23.12088,58.83989]]],[[[23.06298,58.9025],[23.0599,58.90137],[23.05997,58.89901],[23.06194,58.89745],[23.06769,58.89694],[23.06986,58.89878],[23.06742,58.902],[23.06298,58.9025]]],[[[23.00676,58.91181],[23.00427,58.9144],[23.00227,58.91405],[23.00464,58.91135],[23.00676,58.91181]]],[[[23.00853,58.91611],[23.00906,58.91822],[23.00587,58.91783],[23.00853,58.91611]]],[[[23.00095,58.93392],[22.99897,58.93362],[23.00151,58.92917],[23.00434,58.92822],[23.00533,58.92623],[23.00969,58.926],[23.01094,58.92205],[23.01305,58.91925],[23.01011,58.91794],[23.00941,58.91488],[23.01113,58.91236],[23.01441,58.90916],[23.02175,58.90548],[23.02492,58.90351],[23.0274,58.90084],[23.03006,58.89993],[23.03261,58.90053],[23.03261,58.90175],[23.03492,58.90303],[23.03576,58.90458],[23.03803,58.90501],[23.03821,58.9067],[23.04101,58.90646],[23.0442,58.90905],[23.04335,58.91125],[23.04159,58.9126],[23.04093,58.91516],[23.03869,58.91845],[23.03801,58.92141],[23.03373,58.92241],[23.02772,58.92516],[23.02021,58.92636],[23.0148,58.92658],[23.0104,58.9284],[23.00986,58.92996],[23.00712,58.93171],[23.00325,58.93234],[23.00095,58.93392]]],[[[22.97262,58.95507],[22.96956,58.95499],[22.96916,58.95101],[22.97155,58.9488],[22.97613,58.94992],[22.97346,58.95161],[22.97262,58.95507]]],[[[22.90097,58.97601],[22.90105,58.97337],[22.90408,58.9744],[22.90097,58.97601]]],[[[22.99157,58.98553],[22.98921,58.98414],[22.9868,58.98157],[22.98918,58.98039],[22.9946,58.9841],[22.99157,58.98553]]],[[[22.8936,58.98556],[22.89117,58.98544],[22.89319,58.9823],[22.89524,58.98245],[22.8936,58.98556]]],[[[23.00549,58.98794],[23.00095,58.98774],[22.99886,58.98648],[22.99901,58.98528],[23.00222,58.9843],[23.00518,58.982],[23.00723,58.98704],[23.00549,58.98794]]],[[[22.39911,58.98148],[22.39599,58.98451],[22.39319,58.98311],[22.39603,58.9803],[22.40068,58.97887],[22.40072,58.98057],[22.39911,58.98148]]],[[[22.59188,59.08784],[22.58932,59.08862],[22.58679,59.09204],[22.58435,59.09257],[22.58218,59.09051],[22.58435,59.08915],[22.58555,59.08718],[22.58316,59.08483],[22.58435,59.08155],[22.58175,59.07958],[22.5827,59.07646],[22.58176,59.06928],[22.57903,59.0629],[22.57846,59.05873],[22.57988,59.05648],[22.58111,59.05151],[22.57936,59.04464],[22.58085,59.0389],[22.57973,59.03635],[22.57648,59.03364],[22.57001,59.03035],[22.56419,59.03069],[22.56171,59.03146],[22.55934,59.03054],[22.55592,59.03033],[22.55155,59.03252],[22.54417,59.03063],[22.5423,59.02903],[22.53415,59.02847],[22.53477,59.02654],[22.53763,59.02531],[22.52738,59.02466],[22.52307,59.02538],[22.52094,59.02328],[22.52762,59.02304],[22.53314,59.022],[22.53311,59.01832],[22.52923,59.02017],[22.52437,59.02106],[22.51643,59.02178],[22.51349,59.02352],[22.50914,59.02351],[22.505,59.02295],[22.49849,59.02388],[22.4963,59.02509],[22.49039,59.02531],[22.4902,59.02309],[22.48689,59.0232],[22.48217,59.02626],[22.47918,59.02737],[22.4792,59.02491],[22.47805,59.02451],[22.48121,59.02179],[22.48228,59.01931],[22.4802,59.0184],[22.48313,59.01715],[22.48409,59.0124],[22.48752,59.01124],[22.48577,59.00961],[22.48953,59.0085],[22.48971,59.00683],[22.48603,59.00531],[22.48599,59.00357],[22.48864,59.00294],[22.49588,59.00242],[22.496,59.00037],[22.49026,58.99747],[22.48249,58.99517],[22.48091,58.99366],[22.48215,58.99127],[22.48574,58.98931],[22.48944,58.98881],[22.4889,58.98713],[22.49234,58.9852],[22.49624,58.98672],[22.49965,58.98723],[22.49962,58.98533],[22.4965,58.98245],[22.48989,58.98118],[22.49287,58.97974],[22.48583,58.97964],[22.48892,58.97793],[22.48739,58.97628],[22.48078,58.97758],[22.47819,58.97958],[22.47835,58.98095],[22.48347,58.98072],[22.48038,58.98304],[22.47299,58.98397],[22.47236,58.98675],[22.47482,58.98911],[22.47619,58.99145],[22.47843,58.99314],[22.47352,58.99284],[22.47225,58.99352],[22.46907,58.99175],[22.46554,58.99063],[22.45522,58.99131],[22.4503,58.99287],[22.44598,58.99334],[22.44001,58.99492],[22.43737,58.99409],[22.43813,58.98978],[22.4399,58.98889],[22.44213,58.98588],[22.44186,58.98468],[22.44399,58.98111],[22.44699,58.97912],[22.44972,58.97617],[22.45173,58.97305],[22.45649,58.9708],[22.45776,58.97076],[22.45916,58.96766],[22.4623,58.96824],[22.46715,58.96754],[22.46893,58.96595],[22.47089,58.962],[22.46412,58.96167],[22.45933,58.96092],[22.45497,58.96242],[22.4549,58.96383],[22.45195,58.96707],[22.44881,58.96675],[22.45076,58.96496],[22.45094,58.96314],[22.45299,58.96139],[22.4503,58.95935],[22.44667,58.95889],[22.44568,58.958],[22.44072,58.95717],[22.43519,58.95984],[22.42949,58.96192],[22.42809,58.96497],[22.42532,58.9675],[22.4219,58.96869],[22.41944,58.96743],[22.41656,58.96856],[22.41276,58.96824],[22.41139,58.96696],[22.41235,58.96479],[22.42186,58.96226],[22.42337,58.96071],[22.42069,58.95813],[22.42066,58.95581],[22.42167,58.95447],[22.41751,58.95123],[22.41479,58.94615],[22.41191,58.94346],[22.40795,58.94106],[22.40395,58.9394],[22.4001,58.93721],[22.39504,58.93544],[22.38508,58.93334],[22.37835,58.9328],[22.37426,58.93282],[22.37107,58.93352],[22.36478,58.93416],[22.35616,58.9362],[22.35672,58.9374],[22.36354,58.93543],[22.36434,58.93621],[22.35551,58.93936],[22.34658,58.94146],[22.34199,58.94321],[22.33675,58.94408],[22.33477,58.94493],[22.32854,58.94584],[22.31823,58.94811],[22.31536,58.94793],[22.31067,58.94854],[22.30771,58.94684],[22.30243,58.94483],[22.29659,58.94357],[22.28997,58.94404],[22.28715,58.94602],[22.28146,58.94581],[22.27424,58.94694],[22.27001,58.94485],[22.26824,58.94462],[22.26177,58.94225],[22.25537,58.94144],[22.253,58.94189],[22.24676,58.93823],[22.24131,58.93637],[22.23618,58.93548],[22.23436,58.93579],[22.22951,58.9348],[22.22178,58.93499],[22.21979,58.9361],[22.21697,58.93629],[22.21483,58.93509],[22.21125,58.9342],[22.20563,58.93379],[22.20121,58.93392],[22.19669,58.93525],[22.19072,58.93529],[22.18741,58.93463],[22.17907,58.93604],[22.17459,58.93623],[22.16827,58.93513],[22.16018,58.936],[22.15557,58.93758],[22.14951,58.93725],[22.13914,58.93817],[22.13538,58.93948],[22.13288,58.94163],[22.12044,58.94134],[22.11751,58.94171],[22.10305,58.9409],[22.09577,58.94179],[22.08752,58.94503],[22.07908,58.94604],[22.07141,58.94451],[22.06872,58.94296],[22.06547,58.94216],[22.05956,58.94223],[22.05463,58.94381],[22.05089,58.94282],[22.04848,58.94025],[22.05036,58.939],[22.05081,58.93724],[22.04808,58.93333],[22.04859,58.93135],[22.04739,58.93018],[22.04061,58.92878],[22.04476,58.92637],[22.04637,58.92484],[22.04716,58.92216],[22.05263,58.9209],[22.05643,58.92071],[22.05764,58.92168],[22.06079,58.92203],[22.06393,58.92107],[22.06394,58.92007],[22.06677,58.91741],[22.06996,58.91758],[22.07562,58.91602],[22.08336,58.91573],[22.08647,58.91654],[22.0895,58.91575],[22.09335,58.91564],[22.1026,58.91344],[22.10449,58.91349],[22.11033,58.91236],[22.11362,58.91104],[22.11869,58.90997],[22.12492,58.90981],[22.12916,58.9092],[22.13193,58.90725],[22.13534,58.90753],[22.13732,58.90679],[22.14088,58.90168],[22.14039,58.89466],[22.14729,58.89479],[22.15082,58.8943],[22.15493,58.89184],[22.15679,58.88922],[22.15928,58.89002],[22.16329,58.88929],[22.16626,58.88681],[22.16735,58.88478],[22.16921,58.88375],[22.17906,58.88128],[22.18343,58.8825],[22.18629,58.88178],[22.18866,58.88278],[22.19419,58.88274],[22.194,58.88082],[22.20007,58.88079],[22.20272,58.88124],[22.20772,58.8796],[22.21064,58.87929],[22.2164,58.88115],[22.2212,58.88137],[22.22692,58.88068],[22.22935,58.88087],[22.23091,58.88278],[22.24046,58.88365],[22.24669,58.88343],[22.24774,58.88391],[22.25322,58.88365],[22.26076,58.88229],[22.2659,58.88448],[22.26565,58.88726],[22.26833,58.88886],[22.27851,58.89165],[22.28238,58.89113],[22.28442,58.89261],[22.28977,58.89208],[22.29324,58.89124],[22.29866,58.88847],[22.30328,58.8884],[22.30401,58.88684],[22.30697,58.88716],[22.30662,58.8841],[22.31024,58.88433],[22.31434,58.88635],[22.31832,58.88676],[22.31971,58.88458],[22.3223,58.88518],[22.32112,58.88825],[22.32247,58.89132],[22.32907,58.89352],[22.33533,58.89454],[22.33969,58.89409],[22.34331,58.8951],[22.35084,58.89596],[22.35581,58.89552],[22.36016,58.89627],[22.36306,58.89775],[22.37138,58.89717],[22.37433,58.89576],[22.38337,58.89319],[22.38558,58.89332],[22.38942,58.8915],[22.39256,58.8913],[22.39905,58.88776],[22.40071,58.88765],[22.40638,58.88413],[22.40868,58.88108],[22.41395,58.87837],[22.41813,58.87698],[22.42006,58.87499],[22.42277,58.87385],[22.4255,58.87011],[22.4297,58.8685],[22.43564,58.86126],[22.43404,58.86052],[22.43746,58.85891],[22.43737,58.85762],[22.44233,58.85579],[22.44264,58.85483],[22.44123,58.84998],[22.44381,58.84824],[22.44706,58.84802],[22.4507,58.84643],[22.45137,58.84422],[22.45414,58.84233],[22.45481,58.83934],[22.45653,58.83715],[22.45419,58.83348],[22.45819,58.83176],[22.45846,58.82726],[22.4553,58.82296],[22.45674,58.82202],[22.45429,58.81914],[22.45564,58.81664],[22.45208,58.81377],[22.45198,58.81246],[22.45666,58.81282],[22.45845,58.81049],[22.45527,58.80911],[22.44844,58.80844],[22.44951,58.80673],[22.45183,58.80585],[22.45449,58.80679],[22.45658,58.80629],[22.45681,58.80473],[22.4592,58.80322],[22.46195,58.80328],[22.46356,58.80201],[22.46367,58.79937],[22.46055,58.79742],[22.4599,58.79603],[22.45721,58.79562],[22.44525,58.79137],[22.44406,58.7898],[22.44453,58.78695],[22.45058,58.78723],[22.45477,58.7849],[22.45871,58.78337],[22.4607,58.78136],[22.4658,58.78165],[22.46712,58.78008],[22.4724,58.77987],[22.47499,58.77771],[22.47741,58.77666],[22.4795,58.77461],[22.48249,58.76744],[22.4815,58.76605],[22.48163,58.76328],[22.4783,58.7589],[22.47129,58.75766],[22.47097,58.75616],[22.46818,58.75457],[22.46351,58.75461],[22.46172,58.75194],[22.46802,58.75308],[22.4718,58.75124],[22.47537,58.75122],[22.47883,58.75048],[22.48112,58.75103],[22.48746,58.74759],[22.48928,58.74428],[22.48841,58.74112],[22.49401,58.73972],[22.49588,58.73833],[22.49473,58.73749],[22.49905,58.73522],[22.50328,58.73422],[22.50516,58.73141],[22.50714,58.72975],[22.50539,58.72899],[22.50655,58.72674],[22.49958,58.72505],[22.49816,58.72348],[22.49147,58.72348],[22.48944,58.72402],[22.48627,58.72356],[22.48101,58.72488],[22.47976,58.72306],[22.47528,58.72115],[22.47341,58.72283],[22.46926,58.72217],[22.46416,58.72337],[22.46428,58.71992],[22.47217,58.71895],[22.47316,58.71623],[22.46971,58.71583],[22.46873,58.71412],[22.4753,58.71343],[22.47891,58.71403],[22.48264,58.7126],[22.48363,58.71087],[22.48326,58.70671],[22.48501,58.70565],[22.4848,58.70414],[22.49039,58.70073],[22.49785,58.69977],[22.50048,58.69888],[22.50997,58.69768],[22.51233,58.69646],[22.5159,58.6959],[22.52144,58.69391],[22.52353,58.69366],[22.52708,58.69463],[22.53229,58.69384],[22.5357,58.69271],[22.54628,58.69074],[22.55397,58.69003],[22.55819,58.68822],[22.56948,58.68704],[22.57457,58.68816],[22.58673,58.68877],[22.58859,58.69019],[22.59073,58.68991],[22.59357,58.69142],[22.60118,58.69243],[22.60541,58.69254],[22.61061,58.69387],[22.614,58.69284],[22.62391,58.69443],[22.62983,58.69381],[22.63999,58.69323],[22.64163,58.69456],[22.6487,58.69496],[22.65585,58.69703],[22.66303,58.6984],[22.66681,58.69838],[22.66844,58.70477],[22.67024,58.70753],[22.67207,58.71228],[22.67672,58.71527],[22.67555,58.7166],[22.67992,58.72047],[22.68179,58.7261],[22.69323,58.73626],[22.69902,58.74262],[22.70147,58.74683],[22.70443,58.74907],[22.70623,58.75169],[22.70882,58.7531],[22.71133,58.7571],[22.71441,58.75878],[22.71351,58.76165],[22.71664,58.76495],[22.72126,58.76868],[22.72804,58.77209],[22.72638,58.77368],[22.72078,58.77499],[22.71535,58.77455],[22.71397,58.77568],[22.71367,58.77806],[22.7174,58.78003],[22.71887,58.78483],[22.7215,58.78574],[22.72364,58.78867],[22.72176,58.7901],[22.72203,58.79412],[22.72444,58.79496],[22.72681,58.79855],[22.7301,58.79857],[22.73415,58.80007],[22.73195,58.80305],[22.73293,58.80391],[22.73235,58.80612],[22.73641,58.80667],[22.73782,58.805],[22.74277,58.80444],[22.74284,58.80288],[22.74777,58.80083],[22.74917,58.79878],[22.7511,58.79835],[22.75294,58.7958],[22.7529,58.79427],[22.75745,58.79177],[22.76173,58.79172],[22.76189,58.79311],[22.7598,58.79743],[22.75764,58.79878],[22.75766,58.80086],[22.75627,58.80208],[22.7521,58.80213],[22.74955,58.80295],[22.74754,58.80475],[22.75003,58.80544],[22.75653,58.80827],[22.7565,58.81009],[22.75418,58.81182],[22.75827,58.81567],[22.76753,58.81801],[22.77049,58.81966],[22.77472,58.81931],[22.77774,58.81972],[22.78001,58.81754],[22.78449,58.82034],[22.78882,58.81901],[22.79004,58.81645],[22.7938,58.81423],[22.79683,58.81396],[22.79769,58.8155],[22.79636,58.81671],[22.79661,58.81854],[22.80088,58.81997],[22.80539,58.81992],[22.80653,58.82109],[22.80719,58.82556],[22.81054,58.82634],[22.81088,58.82435],[22.81804,58.825],[22.81952,58.82625],[22.82342,58.82691],[22.82506,58.8262],[22.82764,58.822],[22.82432,58.82105],[22.82341,58.81917],[22.82072,58.81919],[22.81696,58.8166],[22.81216,58.81838],[22.81107,58.81724],[22.81168,58.81384],[22.81276,58.81175],[22.81196,58.80938],[22.81197,58.80404],[22.81082,58.80324],[22.80891,58.7998],[22.79789,58.79742],[22.79466,58.79579],[22.79209,58.79525],[22.78812,58.79618],[22.78703,58.7951],[22.7914,58.79351],[22.79114,58.7922],[22.78489,58.79112],[22.78359,58.78995],[22.78088,58.79123],[22.77854,58.79336],[22.7778,58.79508],[22.77438,58.79759],[22.77073,58.79958],[22.76923,58.80112],[22.76553,58.80287],[22.75864,58.80422],[22.75663,58.80229],[22.75889,58.79978],[22.7623,58.7995],[22.76328,58.79639],[22.76701,58.7918],[22.77261,58.78874],[22.77487,58.78808],[22.77417,58.78669],[22.77591,58.78378],[22.78061,58.78288],[22.77893,58.78106],[22.78094,58.78002],[22.78402,58.7804],[22.78441,58.77895],[22.78904,58.77811],[22.7883,58.77421],[22.78991,58.77322],[22.7927,58.77399],[22.79592,58.77352],[22.7979,58.77227],[22.80164,58.77359],[22.80482,58.774],[22.80601,58.77605],[22.8055,58.77726],[22.81154,58.7773],[22.81397,58.7761],[22.81271,58.7748],[22.81219,58.77215],[22.80917,58.77164],[22.80947,58.76874],[22.81146,58.76698],[22.80529,58.76289],[22.8157,58.76716],[22.81817,58.76714],[22.82288,58.76957],[22.81896,58.77055],[22.81846,58.77215],[22.82199,58.77704],[22.82801,58.78114],[22.82928,58.78355],[22.83203,58.78466],[22.83761,58.78459],[22.83718,58.78283],[22.84095,58.78175],[22.84694,58.7808],[22.84758,58.78256],[22.84467,58.78499],[22.84498,58.78765],[22.84917,58.79006],[22.85136,58.79001],[22.85327,58.79154],[22.85559,58.78978],[22.8587,58.79104],[22.86112,58.79017],[22.866,58.79088],[22.86586,58.78839],[22.86761,58.78802],[22.87439,58.7908],[22.8801,58.78905],[22.87846,58.79198],[22.87989,58.79317],[22.87819,58.79486],[22.87786,58.79724],[22.87329,58.79764],[22.87064,58.80123],[22.8708,58.80259],[22.86881,58.80384],[22.8683,58.80628],[22.86992,58.80867],[22.86669,58.80897],[22.86903,58.81136],[22.86934,58.81273],[22.87186,58.81359],[22.87413,58.81566],[22.87744,58.81548],[22.88052,58.81616],[22.88122,58.81795],[22.8848,58.81801],[22.88733,58.81878],[22.88826,58.82029],[22.88275,58.82148],[22.88149,58.82122],[22.87729,58.82338],[22.88092,58.82555],[22.87915,58.8264],[22.87132,58.8262],[22.86913,58.82671],[22.86673,58.82523],[22.86301,58.82399],[22.86291,58.82265],[22.85969,58.82072],[22.85646,58.82055],[22.85347,58.8175],[22.84822,58.81527],[22.84274,58.81601],[22.83588,58.81744],[22.83307,58.81931],[22.83085,58.8218],[22.83099,58.82354],[22.83394,58.82542],[22.83641,58.82602],[22.83926,58.82526],[22.84257,58.8263],[22.84714,58.82663],[22.84917,58.82624],[22.85179,58.82799],[22.85496,58.8287],[22.85859,58.82788],[22.86084,58.82812],[22.85883,58.83197],[22.85988,58.83519],[22.8631,58.83643],[22.869,58.83547],[22.8724,58.83367],[22.87891,58.8324],[22.88205,58.83095],[22.88613,58.83016],[22.8891,58.8307],[22.89963,58.82938],[22.901,58.82964],[22.90586,58.82587],[22.90758,58.82227],[22.91149,58.82069],[22.91507,58.82095],[22.91886,58.82206],[22.91714,58.82829],[22.91795,58.83102],[22.92026,58.83253],[22.91963,58.83433],[22.92222,58.83569],[22.92056,58.83806],[22.91274,58.83786],[22.91745,58.84377],[22.92081,58.84488],[22.92208,58.84343],[22.92081,58.84153],[22.92534,58.84078],[22.92886,58.83916],[22.92666,58.83857],[22.92744,58.8356],[22.93059,58.83445],[22.93183,58.83132],[22.93569,58.83079],[22.94479,58.82839],[22.94939,58.82782],[22.95222,58.82851],[22.95596,58.8271],[22.95698,58.83064],[22.9536,58.83131],[22.95266,58.83487],[22.95018,58.83798],[22.946,58.83855],[22.94622,58.84028],[22.94352,58.8413],[22.94368,58.84293],[22.94555,58.84577],[22.94846,58.84543],[22.95669,58.84699],[22.9643,58.84915],[22.96941,58.8474],[22.97199,58.84829],[22.98331,58.84573],[22.99063,58.84161],[22.9962,58.84006],[22.99559,58.83878],[22.99914,58.83684],[23.00294,58.83739],[23.00429,58.83866],[23.00721,58.83927],[23.01346,58.84522],[23.01598,58.84532],[23.0198,58.84655],[23.02036,58.84527],[23.02003,58.84111],[23.02265,58.84059],[23.02342,58.83847],[23.02284,58.83154],[23.02401,58.83021],[23.02433,58.82597],[23.02661,58.82447],[23.0304,58.82385],[23.03339,58.82626],[23.04501,58.82843],[23.04875,58.8281],[23.05159,58.82928],[23.05294,58.83093],[23.05996,58.83159],[23.06468,58.83656],[23.06837,58.83718],[23.06858,58.83866],[23.06615,58.84037],[23.0644,58.84274],[23.05535,58.84908],[23.05263,58.85186],[23.05084,58.85504],[23.04596,58.8594],[23.04911,58.86007],[23.05045,58.86123],[23.04679,58.86601],[23.0453,58.86568],[23.03663,58.87254],[23.03232,58.87339],[23.02887,58.87501],[23.02475,58.87804],[23.02261,58.88085],[23.02284,58.88233],[23.02619,58.88216],[23.02942,58.88436],[23.02893,58.8859],[23.02611,58.88696],[23.0257,58.88898],[23.0236,58.89025],[23.02357,58.89216],[23.02568,58.89273],[23.02471,58.89561],[23.01894,58.89993],[23.01248,58.90365],[23.00912,58.9049],[23.00395,58.90754],[23.00515,58.90866],[23.00327,58.9115],[23.00078,58.91398],[22.99668,58.91567],[22.99432,58.91376],[22.99014,58.91335],[22.99035,58.91486],[22.98643,58.9154],[22.98337,58.91311],[22.98098,58.91473],[22.97806,58.91421],[22.97761,58.916],[22.97385,58.9163],[22.97172,58.91719],[22.96967,58.92021],[22.96686,58.92288],[22.96673,58.92655],[22.95949,58.93096],[22.95302,58.93389],[22.94682,58.93951],[22.94158,58.94252],[22.93882,58.94799],[22.93588,58.94969],[22.93786,58.95388],[22.93697,58.95479],[22.94398,58.95531],[22.94448,58.95429],[22.9495,58.95542],[22.95448,58.9546],[22.95585,58.95721],[22.94772,58.95995],[22.94739,58.96069],[22.94318,58.96201],[22.93616,58.96355],[22.93384,58.97012],[22.93096,58.97042],[22.92929,58.97181],[22.93285,58.97547],[22.93533,58.97683],[22.9402,58.9824],[22.93843,58.98303],[22.93473,58.98213],[22.92896,58.97934],[22.92245,58.97767],[22.919,58.97541],[22.91514,58.97521],[22.91222,58.97702],[22.91007,58.97593],[22.90583,58.97646],[22.90346,58.97575],[22.90546,58.97418],[22.90304,58.97297],[22.89918,58.97279],[22.89429,58.97462],[22.89514,58.97604],[22.89885,58.97772],[22.90069,58.97636],[22.90526,58.97779],[22.90498,58.97906],[22.90226,58.97922],[22.90482,58.98365],[22.90134,58.98381],[22.90175,58.98081],[22.8991,58.9806],[22.89594,58.98186],[22.89409,58.97882],[22.89276,58.97902],[22.88716,58.97607],[22.88449,58.97734],[22.88542,58.97907],[22.88053,58.98113],[22.87732,58.98161],[22.8734,58.98093],[22.87332,58.98385],[22.87204,58.98602],[22.87477,58.98809],[22.87187,58.98865],[22.87078,58.99038],[22.86694,58.99115],[22.86596,58.99296],[22.86212,58.99387],[22.8625,58.9968],[22.85826,58.9982],[22.85501,58.99769],[22.8504,58.99831],[22.84445,59.00158],[22.84008,59.00288],[22.83484,59.00093],[22.83406,58.9992],[22.837,58.99632],[22.83173,58.99464],[22.82933,58.99531],[22.82751,58.99719],[22.82341,58.99762],[22.817,58.99987],[22.81615,58.99793],[22.81079,58.99776],[22.80516,58.99706],[22.80336,58.99836],[22.80109,58.99808],[22.79874,58.99924],[22.7952,58.99923],[22.79238,59.00041],[22.78745,58.99944],[22.78418,58.99964],[22.78016,59.00224],[22.77723,59.00231],[22.76927,59.00422],[22.76252,59.00471],[22.76069,59.00579],[22.75344,59.00718],[22.75159,59.00931],[22.74346,59.00657],[22.73979,59.00738],[22.73546,59.00553],[22.72729,59.00557],[22.72297,59.00629],[22.71939,59.00594],[22.70885,59.00795],[22.70564,59.00941],[22.70326,59.01154],[22.69972,59.01284],[22.69784,59.01443],[22.69403,59.01946],[22.69198,59.02059],[22.69248,59.02302],[22.69519,59.02498],[22.69325,59.02794],[22.69021,59.02799],[22.68899,59.02939],[22.6917,59.03213],[22.69114,59.03531],[22.69267,59.03745],[22.68988,59.04015],[22.6872,59.04153],[22.6848,59.04434],[22.68405,59.04739],[22.68385,59.0524],[22.68565,59.05903],[22.68816,59.06451],[22.68932,59.06594],[22.69308,59.06817],[22.69553,59.06808],[22.69807,59.06937],[22.69494,59.07301],[22.68771,59.07452],[22.68465,59.07596],[22.6779,59.07833],[22.67439,59.07887],[22.66362,59.08413],[22.6612,59.08585],[22.65763,59.08696],[22.65279,59.0875],[22.64773,59.08538],[22.63724,59.08384],[22.62689,59.08174],[22.62277,59.08122],[22.61863,59.08135],[22.61293,59.08218],[22.60696,59.08428],[22.60238,59.08771],[22.60018,59.08808],[22.59188,59.08784]]]]},"properties":{"area_code":"0039","area_name":"HIIU COUNTY"}},
{"type":"Feature","geometry":{"type":"MultiPolygon","coordinates":[[[[27.77943,59.06514],[27.78967,59.06928],[27.78973,59.0731],[27.79138,59.07621],[27.7909,59.07887],[27.78787,59.08177],[27.78832,59.08624],[27.785,59.08664],[27.78054,59.08082],[27.78193,59.07826],[27.77813,59.07046],[27.77776,59.06781],[27.77943,59.06514]]],[[[27.80257,59.10497],[27.80717,59.10563],[27.80895,59.10855],[27.80376,59.11106],[27.80198,59.1137],[27.79868,59.11023],[27.80046,59.10782],[27.80029,59.10624],[27.80257,59.10497]]],[[[27.84621,59.15249],[27.85224,59.15503],[27.85207,59.15646],[27.84663,59.15408],[27.84621,59.15249]]],[[[28.02845,59.29684],[28.0257,59.29756],[28.02291,59.29522],[28.02496,59.29468],[28.02845,59.29684]]],[[[28.03891,59.29614],[28.03677,59.29806],[28.03409,59.29621],[28.03891,59.29614]]],[[[28.08335,59.45653],[28.07742,59.45834],[28.07659,59.45716],[28.08247,59.45406],[28.09143,59.45098],[28.09469,59.45094],[28.08951,59.454],[28.08335,59.45653]]],[[[26.9563,58.86635],[26.95959,58.87054],[26.95998,58.87692],[26.9617,58.88106],[26.97348,58.89166],[26.98258,58.89715],[26.98896,58.89964],[26.99181,58.90188],[27.0027,58.9061],[27.0042,58.90788],[27.0047,58.91012],[27.00715,58.91256],[27.00623,58.91415],[27.00827,58.91701],[27.01516,58.92329],[27.0247,58.92967],[27.03456,58.93434],[27.04931,58.93942],[27.0529,58.94152],[27.05535,58.94104],[27.05859,58.94339],[27.06586,58.94541],[27.06914,58.9457],[27.08057,58.94795],[27.08682,58.94982],[27.1023,58.95848],[27.11875,58.96543],[27.12696,58.96786],[27.14375,58.97223],[27.15961,58.97547],[27.17446,58.97826],[27.17837,58.97922],[27.19068,58.98088],[27.20012,58.98322],[27.21285,58.98579],[27.22939,58.9886],[27.24112,58.99017],[27.24221,58.99056],[27.26614,58.99364],[27.28496,58.99643],[27.30645,58.99848],[27.32588,59.00009],[27.33457,59.00063],[27.36199,59.0032],[27.37682,59.00437],[27.39359,59.00543],[27.42333,59.00666],[27.43447,59.00645],[27.43914,59.00736],[27.45322,59.00746],[27.47163,59.00819],[27.48811,59.00871],[27.51924,59.00915],[27.54655,59.00939],[27.57619,59.00933],[27.60083,59.00866],[27.62395,59.00748],[27.64197,59.00617],[27.66011,59.00457],[27.66953,59.0034],[27.68292,59.00132],[27.69548,58.999],[27.71198,58.99537],[27.71825,58.99415],[27.72436,58.9924],[27.7289,58.98992],[27.73151,58.98914],[27.73807,58.99066],[27.74188,58.99512],[27.74208,58.99683],[27.73867,59.00531],[27.73675,59.00795],[27.73634,59.01004],[27.73749,59.01448],[27.74128,59.01651],[27.74323,59.02172],[27.74308,59.02699],[27.7448,59.02996],[27.74758,59.03173],[27.75218,59.03361],[27.75712,59.03315],[27.7658,59.0334],[27.76733,59.03459],[27.77056,59.03971],[27.77279,59.04469],[27.77248,59.04818],[27.76985,59.05077],[27.76936,59.05471],[27.77106,59.05665],[27.77133,59.0587],[27.77665,59.06536],[27.77664,59.0699],[27.78061,59.07905],[27.77938,59.08108],[27.78373,59.08654],[27.78724,59.0889],[27.78744,59.0926],[27.79376,59.09848],[27.79611,59.10156],[27.79777,59.10266],[27.79934,59.10573],[27.79907,59.10814],[27.79732,59.11071],[27.80062,59.11825],[27.8032,59.12037],[27.80474,59.12599],[27.80617,59.12848],[27.80586,59.1307],[27.8136,59.13677],[27.81459,59.13862],[27.81887,59.14059],[27.82185,59.14083],[27.82666,59.14471],[27.83078,59.14628],[27.83723,59.15056],[27.84261,59.15315],[27.84569,59.15619],[27.84759,59.15712],[27.85464,59.15875],[27.85669,59.15997],[27.85904,59.16847],[27.86077,59.17051],[27.86038,59.17157],[27.86563,59.17212],[27.87041,59.17578],[27.87267,59.17863],[27.87961,59.18219],[27.88208,59.18677],[27.88585,59.19098],[27.88881,59.19936],[27.88906,59.20143],[27.88817,59.20693],[27.88855,59.21514],[27.88912,59.21863],[27.89197,59.22352],[27.89611,59.2279],[27.89702,59.231],[27.8958,59.23331],[27.89731,59.23463],[27.8981,59.23784],[27.90015,59.24068],[27.90213,59.24474],[27.90642,59.24903],[27.91403,59.25218],[27.91664,59.25249],[27.92086,59.25591],[27.92364,59.25654],[27.93244,59.25964],[27.93998,59.2635],[27.94528,59.26575],[27.95094,59.26916],[27.95035,59.27014],[27.95394,59.27207],[27.95601,59.27522],[27.95854,59.277],[27.96041,59.27688],[27.95956,59.27442],[27.96701,59.27506],[27.97074,59.27655],[27.97279,59.27482],[27.97827,59.27474],[27.9902,59.27624],[27.99677,59.27771],[27.99758,59.27904],[28.00065,59.2811],[27.99669,59.28228],[27.99971,59.2836],[28.00024,59.28541],[27.99707,59.28614],[27.99707,59.28834],[27.98955,59.28669],[27.98787,59.28716],[27.99804,59.28919],[28.00237,59.29075],[28.01378,59.29567],[28.01955,59.2977],[28.02981,59.29939],[28.03973,59.30182],[28.04149,59.30105],[28.04956,59.30135],[28.05224,59.30112],[28.06463,59.30324],[28.06737,59.30246],[28.06668,59.3004],[28.07237,59.299],[28.07853,59.29821],[28.07866,59.29629],[28.08047,59.29515],[28.08453,59.29621],[28.09169,59.29669],[28.09873,59.29794],[28.09897,59.29851],[28.11032,59.29947],[28.11645,59.30039],[28.11835,59.30007],[28.12183,59.30186],[28.1213,59.30484],[28.12344,59.30526],[28.12705,59.30722],[28.12661,59.30878],[28.12991,59.31319],[28.12816,59.31524],[28.13161,59.31907],[28.13113,59.32109],[28.13468,59.32353],[28.1351,59.32504],[28.13294,59.32676],[28.12637,59.32753],[28.12702,59.3375],[28.13173,59.34033],[28.13625,59.34123],[28.13766,59.34279],[28.14746,59.34326],[28.14949,59.34491],[28.15886,59.34551],[28.16391,59.34642],[28.16554,59.34612],[28.17109,59.34686],[28.17715,59.34721],[28.18115,59.35268],[28.18393,59.35324],[28.18669,59.35285],[28.19612,59.35459],[28.19973,59.35695],[28.20054,59.35893],[28.19997,59.36159],[28.20457,59.36391],[28.20586,59.36511],[28.20549,59.36736],[28.20913,59.37076],[28.20765,59.37218],[28.20238,59.37431],[28.20309,59.3769],[28.20695,59.38267],[28.20123,59.38956],[28.19326,59.39619],[28.19034,59.39745],[28.18313,59.40142],[28.17514,59.40329],[28.17325,59.40455],[28.16835,59.40585],[28.16291,59.40926],[28.16364,59.41096],[28.16037,59.41226],[28.14656,59.41494],[28.13959,59.4179],[28.13526,59.42082],[28.13386,59.42275],[28.13172,59.42776],[28.12842,59.43114],[28.12286,59.436],[28.12,59.43909],[28.1108,59.44446],[28.10432,59.44696],[28.08723,59.45141],[28.07931,59.45412],[28.07216,59.45863],[28.06567,59.46009],[28.05444,59.46036],[28.04578,59.46451],[28.04223,59.47033],[28.03797,59.46837],[28.03157,59.46149],[28.02415,59.45448],[28.01266,59.4453],[27.99801,59.43563],[27.98701,59.42918],[27.97547,59.42368],[27.96989,59.42048],[27.96071,59.41825],[27.95066,59.41348],[27.93723,59.40789],[27.93022,59.4064],[27.9244,59.40416],[27.9216,59.40395],[27.9144,59.402],[27.90745,59.40201],[27.90227,59.40113],[27.89842,59.40206],[27.8857,59.40041],[27.88231,59.40093],[27.87845,59.40039],[27.86945,59.40041],[27.86649,59.40266],[27.86217,59.40326],[27.85616,59.40195],[27.84784,59.39961],[27.84008,59.39821],[27.8326,59.39795],[27.82447,59.3968],[27.82062,59.39669],[27.81696,59.39583],[27.81137,59.39518],[27.80465,59.39524],[27.8029,59.39745],[27.80098,59.39783],[27.79007,59.39702],[27.78181,59.3972],[27.77259,59.39831],[27.77173,59.39968],[27.76104,59.40106],[27.75764,59.40198],[27.74877,59.40638],[27.74902,59.40942],[27.74742,59.41079],[27.74059,59.41375],[27.73885,59.41531],[27.73377,59.41488],[27.72464,59.41599],[27.71941,59.41386],[27.70976,59.41376],[27.69865,59.41457],[27.69389,59.41529],[27.68491,59.41599],[27.67989,59.41606],[27.65934,59.41491],[27.6503,59.41539],[27.64456,59.41507],[27.6348,59.41498],[27.62688,59.41535],[27.6174,59.41535],[27.61009,59.4147],[27.59479,59.41472],[27.58373,59.41625],[27.57763,59.41754],[27.5629,59.41989],[27.55963,59.42005],[27.54606,59.42151],[27.54186,59.42224],[27.53893,59.42503],[27.53472,59.42669],[27.53173,59.42723],[27.52247,59.42717],[27.51194,59.42749],[27.5049,59.42808],[27.50342,59.42939],[27.49819,59.42938],[27.48919,59.43058],[27.48555,59.43166],[27.47674,59.43275],[27.47278,59.4329],[27.46716,59.4339],[27.46063,59.43589],[27.45358,59.43706],[27.43731,59.44024],[27.42477,59.44231],[27.42253,59.44239],[27.40692,59.44459],[27.39328,59.44569],[27.38895,59.44555],[27.3764,59.44648],[27.36527,59.4467],[27.34856,59.44602],[27.32614,59.44468],[27.31224,59.44424],[27.28245,59.44369],[27.27152,59.44384],[27.25704,59.44446],[27.24708,59.4436],[27.23058,59.44283],[27.22256,59.44362],[27.20495,59.44196],[27.17653,59.44015],[27.16815,59.43912],[27.16053,59.43909],[27.14394,59.43734],[27.13256,59.43667],[27.11368,59.43646],[27.10449,59.43663],[27.09752,59.43597],[27.07751,59.43453],[27.07056,59.43423],[27.06083,59.43417],[27.05205,59.43366],[27.0454,59.43363],[27.03684,59.43449],[27.03137,59.43468],[27.01201,59.4345],[27.00179,59.43423],[26.99606,59.43436],[26.99532,59.4354],[26.99176,59.43664],[26.98612,59.4359],[26.97379,59.43528],[26.95846,59.43616],[26.94791,59.43716],[26.93596,59.43885],[26.91321,59.44341],[26.90074,59.44646],[26.8909,59.45028],[26.88694,59.45278],[26.88106,59.45529],[26.8797,59.45743],[26.8771,59.4581],[26.8702,59.4618],[26.86384,59.46464],[26.85979,59.4656],[26.85351,59.46813],[26.84817,59.4707],[26.8395,59.47423],[26.83398,59.47588],[26.82466,59.47798],[26.81687,59.48024],[26.81284,59.48193],[26.80943,59.48424],[26.80497,59.4848],[26.8018,59.48586],[26.79138,59.48716],[26.78915,59.48812],[26.7884,59.48982],[26.78471,59.49251],[26.78295,59.49454],[26.78323,59.4961],[26.77567,59.49729],[26.77253,59.499],[26.76768,59.50031],[26.76247,59.49885],[26.7602,59.49932],[26.75582,59.49496],[26.75951,59.49454],[26.76352,59.49165],[26.76895,59.49026],[26.76842,59.48837],[26.77398,59.48453],[26.76903,59.47877],[26.78004,59.4716],[26.77931,59.4687],[26.78817,59.46271],[26.7878,59.45723],[26.78761,59.44617],[26.78687,59.43343],[26.78836,59.42485],[26.79354,59.41674],[26.79479,59.41561],[26.79521,59.41062],[26.79493,59.40717],[26.78475,59.40738],[26.76781,59.41003],[26.7605,59.41818],[26.75118,59.41687],[26.74912,59.41566],[26.72822,59.41087],[26.73151,59.40788],[26.74172,59.40424],[26.73532,59.40241],[26.74207,59.39765],[26.7442,59.39708],[26.75106,59.39044],[26.75631,59.38496],[26.74605,59.38212],[26.75158,59.38084],[26.75194,59.37936],[26.74316,59.37923],[26.74355,59.37382],[26.73732,59.37222],[26.72896,59.37112],[26.7245,59.36975],[26.71536,59.36831],[26.70628,59.36197],[26.70196,59.35866],[26.70847,59.35463],[26.72022,59.35556],[26.72227,59.36014],[26.72593,59.36208],[26.73769,59.35818],[26.7384,59.3538],[26.7444,59.35252],[26.74688,59.35489],[26.74949,59.35473],[26.76132,59.35501],[26.76678,59.35538],[26.77717,59.35674],[26.78116,59.35794],[26.78229,59.3562],[26.78133,59.35403],[26.79072,59.35322],[26.79707,59.34825],[26.80432,59.34835],[26.80517,59.34415],[26.81881,59.34452],[26.81724,59.34151],[26.81207,59.33653],[26.81124,59.33509],[26.79133,59.3376],[26.78915,59.33486],[26.78597,59.32848],[26.77678,59.32944],[26.77572,59.32662],[26.7699,59.3152],[26.76804,59.31086],[26.76452,59.30474],[26.76284,59.30524],[26.75255,59.29677],[26.74987,59.2967],[26.74235,59.29385],[26.74774,59.29133],[26.7496,59.28894],[26.74777,59.28709],[26.74318,59.2711],[26.74205,59.26633],[26.7523,59.26679],[26.76131,59.23979],[26.84591,59.26392],[26.84652,59.26104],[26.85326,59.23518],[26.84374,59.23116],[26.8824,59.22021],[26.89259,59.21855],[26.91549,59.21447],[26.91816,59.21439],[26.92298,59.21104],[26.93136,59.2073],[26.93937,59.19575],[26.9281,59.18631],[26.92724,59.18386],[26.93478,59.18027],[26.9485,59.18123],[26.9528,59.1647],[26.94184,59.16575],[26.93986,59.16265],[26.93918,59.16003],[26.93691,59.15795],[26.93686,59.15307],[26.93759,59.15136],[26.93581,59.149],[26.9357,59.14624],[26.93877,59.14407],[26.94046,59.14146],[26.935,59.13752],[26.93225,59.1362],[26.91236,59.13641],[26.90928,59.1422],[26.90675,59.14406],[26.89935,59.14629],[26.89703,59.14316],[26.89722,59.13969],[26.85881,59.13662],[26.8578,59.137],[26.84939,59.13037],[26.84227,59.12443],[26.82862,59.11967],[26.82135,59.12333],[26.81731,59.12337],[26.81216,59.07946],[26.80714,59.03951],[26.81008,59.03899],[26.8215,59.03481],[26.82052,59.0287],[26.7998,59.02153],[26.79841,59.00781],[26.7988,59.00678],[26.80489,58.9971],[26.79967,58.98886],[26.78322,58.97875],[26.76009,58.97623],[26.75986,58.97712],[26.73464,58.97457],[26.72888,58.96856],[26.72848,58.96757],[26.72153,58.96602],[26.7164,58.96446],[26.70887,58.96263],[26.7114,58.95332],[26.71425,58.95305],[26.7203,58.95364],[26.72258,58.95021],[26.73537,58.9474],[26.73936,58.94279],[26.72916,58.93186],[26.74115,58.92694],[26.74366,58.92719],[26.74622,58.91722],[26.7414,58.91693],[26.73859,58.91627],[26.73705,58.91379],[26.73824,58.90911],[26.7382,58.90661],[26.7401,58.90108],[26.74383,58.89765],[26.74366,58.89502],[26.74592,58.89341],[26.74462,58.89043],[26.74908,58.88675],[26.74927,58.8839],[26.75282,58.88334],[26.75571,58.88078],[26.75896,58.87979],[26.76104,58.88065],[26.76578,58.88055],[26.78866,58.88624],[26.79507,58.88584],[26.81469,58.88503],[26.83463,58.88731],[26.83967,58.8961],[26.8642,58.89265],[26.89602,58.89226],[26.90715,58.88845],[26.92233,58.88363],[26.93356,58.86851],[26.94079,58.87058],[26.945,58.87046],[26.95066,58.86574],[26.95191,58.86672],[26.9563,58.86635]]]]},"properties":{"area_code":"0044","area_name":"IDA-VIRU COUNTY"}},
{"type":"Feature","geometry":{"type":"Polygon","coordinates":[[[26.70887,58.96263],[26.70386,58.96142],[26.69803,58.9637],[26.69756,58.96903],[26.62883,58.95386],[26.61866,58.95076],[26.61389,58.94702],[26.57888,58.93591],[26.56492,58.93313],[26.54729,58.93352],[26.54092,58.93401],[26.5453,58.93663],[26.54053,58.93964],[26.54268,58.94338],[26.52658,58.94831],[26.5093,58.94604],[26.50619,58.946],[26.48878,58.94417],[26.49167,58.93737],[26.4751,58.93557],[26.47251,58.93402],[26.47349,58.93296],[26.47501,58.92824],[26.47333,58.92669],[26.47633,58.92314],[26.45721,58.92179],[26.46066,58.90968],[26.46665,58.90472],[26.46329,58.89982],[26.44884,58.89808],[26.45019,58.89139],[26.44882,58.8884],[26.44683,58.88773],[26.44095,58.88763],[26.43457,58.88876],[26.43058,58.88756],[26.42881,58.88793],[26.41563,58.88389],[26.42084,58.87972],[26.41191,58.87696],[26.40442,58.87878],[26.38334,58.87867],[26.3761,58.87766],[26.37553,58.88146],[26.36569,58.88058],[26.36213,58.89016],[26.3556,58.89172],[26.35169,58.89411],[26.34907,58.89942],[26.3475,58.90126],[26.34041,58.90172],[26.3372,58.90409],[26.3364,58.90591],[26.34517,58.90838],[26.34197,58.91148],[26.34003,58.91898],[26.33816,58.92133],[26.31218,58.92092],[26.2923,58.91724],[26.29186,58.91412],[26.29051,58.9114],[26.28648,58.91023],[26.2812,58.91464],[26.26966,58.91323],[26.27086,58.9068],[26.27051,58.90561],[26.26604,58.90375],[26.2695,58.89864],[26.25653,58.89646],[26.24042,58.89348],[26.21186,58.89174],[26.18381,58.89134],[26.17276,58.89174],[26.15921,58.88986],[26.1577,58.88924],[26.15903,58.88873],[26.16162,58.88543],[26.15718,58.88333],[26.15833,58.88194],[26.1545,58.88091],[26.14724,58.88174],[26.14758,58.88284],[26.14055,58.88224],[26.13579,58.88094],[26.13615,58.8789],[26.13443,58.87802],[26.12974,58.87828],[26.12712,58.87722],[26.13033,58.87629],[26.13,58.87466],[26.12741,58.87074],[26.12693,58.86907],[26.1164,58.86338],[26.12847,58.85901],[26.12804,58.85788],[26.12942,58.84263],[26.13302,58.83939],[26.12619,58.83615],[26.12191,58.83729],[26.11523,58.83667],[26.1047,58.83736],[26.09882,58.83719],[26.09343,58.83592],[26.09005,58.83643],[26.08483,58.83398],[26.07869,58.834],[26.07392,58.8332],[26.06898,58.83501],[26.06628,58.83512],[26.06324,58.83366],[26.05955,58.83267],[26.05742,58.83332],[26.05519,58.83253],[26.05172,58.83247],[26.04855,58.83391],[26.04704,58.83192],[26.0447,58.83167],[26.04019,58.83007],[26.03889,58.8288],[26.03011,58.82791],[26.02564,58.82953],[26.0225,58.82969],[26.01643,58.83135],[26.01416,58.82914],[26.01252,58.82552],[26.01374,58.82455],[26.01251,58.82254],[26.01433,58.82146],[26.01514,58.8192],[26.01313,58.81872],[26.00885,58.81521],[26.00254,58.81325],[25.99883,58.81324],[25.99335,58.81451],[25.98935,58.81346],[25.98687,58.81547],[25.98353,58.8158],[25.98039,58.81775],[25.97813,58.8181],[25.97378,58.81766],[25.97365,58.8147],[25.96885,58.81383],[25.96669,58.81251],[25.96266,58.81205],[25.96193,58.81012],[25.95976,58.80996],[25.95767,58.80783],[25.95845,58.80672],[25.95694,58.80346],[25.96056,58.80106],[25.9622,58.79771],[25.96527,58.79552],[25.96493,58.79273],[25.96268,58.79125],[25.96458,58.7884],[25.96838,58.78694],[25.97092,58.78404],[25.96959,58.7829],[25.96995,58.77779],[25.97116,58.77491],[25.97092,58.7735],[25.96817,58.77228],[25.9682,58.77113],[25.97072,58.76786],[25.96975,58.76605],[25.96736,58.76512],[25.96027,58.7642],[25.95698,58.76312],[25.95631,58.76057],[25.95098,58.75864],[25.94154,58.7572],[25.93936,58.75625],[25.93902,58.75362],[25.92915,58.75122],[25.92654,58.75177],[25.92816,58.7545],[25.92316,58.76328],[25.92199,58.76435],[25.90908,58.76828],[25.90393,58.77162],[25.89613,58.77257],[25.88737,58.7722],[25.88127,58.77224],[25.87986,58.76829],[25.87957,58.76538],[25.87854,58.76309],[25.88298,58.75914],[25.8657,58.75336],[25.86511,58.74891],[25.85041,58.75049],[25.84622,58.75256],[25.83341,58.7509],[25.83027,58.74726],[25.83593,58.74137],[25.8416,58.73897],[25.83723,58.73478],[25.84439,58.73293],[25.83353,58.72722],[25.81705,58.72027],[25.81196,58.71877],[25.80921,58.72076],[25.80746,58.71394],[25.79658,58.7153],[25.79695,58.71369],[25.79567,58.71145],[25.79246,58.70239],[25.78734,58.69531],[25.78342,58.69226],[25.77915,58.68973],[25.7831,58.68893],[25.78638,58.68704],[25.78572,58.68581],[25.78501,58.66763],[25.78356,58.66626],[25.78025,58.65931],[25.76829,58.6523],[25.77453,58.65201],[25.77672,58.65303],[25.78071,58.65225],[25.78501,58.65262],[25.78871,58.65219],[25.79259,58.65062],[25.79317,58.64659],[25.79529,58.64013],[25.79696,58.63252],[25.79802,58.62954],[25.79424,58.62705],[25.79215,58.62424],[25.788,58.6216],[25.77667,58.62078],[25.77042,58.62201],[25.77081,58.62031],[25.76865,58.61755],[25.76847,58.6159],[25.76421,58.61561],[25.76323,58.61455],[25.75807,58.6125],[25.75471,58.6137],[25.75008,58.61333],[25.7482,58.6122],[25.75292,58.60976],[25.75947,58.60481],[25.78425,58.60189],[25.80819,58.59882],[25.83271,58.5987],[25.84755,58.60228],[25.85607,58.60378],[25.86739,58.60485],[25.88339,58.60518],[25.89253,58.60345],[25.8962,58.60026],[25.89991,58.6012],[25.90569,58.59855],[25.92748,58.59213],[25.93933,58.58965],[25.95723,58.58857],[25.95549,58.58596],[25.95997,58.58182],[25.9609,58.58002],[25.96348,58.57917],[25.9662,58.57663],[25.96266,58.57631],[25.95913,58.57395],[25.96071,58.57356],[25.95595,58.5686],[25.95862,58.56641],[25.96106,58.56729],[25.96313,58.5655],[25.96803,58.56465],[25.96928,58.56179],[25.96798,58.56085],[25.97032,58.55883],[25.96807,58.55784],[25.96844,58.55515],[25.97165,58.55567],[25.97177,58.55674],[25.97503,58.55783],[25.99518,58.54898],[25.99526,58.54704],[25.99978,58.54701],[26.006,58.5495],[26.02223,58.55656],[26.02331,58.54247],[26.02437,58.52247],[26.05548,58.50878],[26.08164,58.49706],[26.09194,58.50229],[26.14471,58.47097],[26.14716,58.47211],[26.14549,58.47341],[26.15034,58.47408],[26.14937,58.47817],[26.15106,58.48206],[26.15308,58.48364],[26.15636,58.48484],[26.15359,58.48585],[26.157,58.48803],[26.16031,58.48826],[26.16007,58.49172],[26.15675,58.49206],[26.15688,58.49439],[26.15854,58.49549],[26.16636,58.49922],[26.1884,58.48715],[26.20449,58.49426],[26.20701,58.49402],[26.22238,58.48811],[26.29118,58.51564],[26.30322,58.52039],[26.31801,58.52361],[26.32865,58.5253],[26.33277,58.52494],[26.34001,58.53009],[26.34121,58.53539],[26.35202,58.53344],[26.36089,58.53452],[26.38024,58.52749],[26.38084,58.52405],[26.3843,58.51314],[26.4024,58.50735],[26.39958,58.5138],[26.39635,58.51453],[26.39949,58.51666],[26.40722,58.53067],[26.41353,58.52999],[26.41583,58.53124],[26.42055,58.52875],[26.42433,58.53037],[26.41951,58.53324],[26.4231,58.53744],[26.42571,58.53668],[26.42849,58.53821],[26.43541,58.54045],[26.44295,58.53446],[26.45022,58.53738],[26.45098,58.53602],[26.46017,58.53861],[26.48201,58.52891],[26.48576,58.53035],[26.48931,58.52942],[26.49387,58.53125],[26.49748,58.53406],[26.48563,58.53823],[26.49781,58.54432],[26.5007,58.54271],[26.50276,58.54481],[26.51383,58.54538],[26.53493,58.54671],[26.54433,58.54608],[26.53861,58.53963],[26.53487,58.53886],[26.52678,58.53796],[26.52186,58.53825],[26.51917,58.53525],[26.53093,58.53198],[26.53186,58.53101],[26.53734,58.53138],[26.53994,58.53112],[26.54352,58.52982],[26.5466,58.52966],[26.54699,58.52813],[26.54906,58.52777],[26.56336,58.53599],[26.57481,58.52903],[26.57755,58.5284],[26.58581,58.52446],[26.59137,58.52134],[26.6015,58.518],[26.6082,58.51499],[26.62095,58.52094],[26.62783,58.52078],[26.63173,58.52318],[26.64314,58.52262],[26.65048,58.52387],[26.64686,58.52537],[26.65223,58.52686],[26.64617,58.53129],[26.64271,58.53166],[26.64271,58.54576],[26.64869,58.55251],[26.6515,58.5543],[26.66295,58.55876],[26.66677,58.56066],[26.66626,58.56214],[26.65856,58.56882],[26.66079,58.56886],[26.66321,58.56754],[26.6694,58.56654],[26.67204,58.56478],[26.67861,58.56252],[26.68111,58.56211],[26.68815,58.55852],[26.69333,58.55376],[26.69377,58.55124],[26.69538,58.54992],[26.69989,58.55013],[26.7028,58.54763],[26.70274,58.54664],[26.70657,58.54515],[26.71201,58.54201],[26.71659,58.54353],[26.73068,58.54935],[26.73885,58.55054],[26.73708,58.55453],[26.74033,58.55943],[26.7482,58.55672],[26.75451,58.5523],[26.76027,58.55423],[26.7637,58.5565],[26.76604,58.55734],[26.7674,58.55908],[26.77331,58.56125],[26.77626,58.56058],[26.7867,58.55907],[26.79615,58.55685],[26.79768,58.5604],[26.80377,58.56361],[26.809,58.56232],[26.80889,58.56561],[26.83053,58.566],[26.83071,58.56999],[26.82561,58.57204],[26.82595,58.57534],[26.8509,58.57594],[26.84884,58.5847],[26.84722,58.58827],[26.84922,58.5935],[26.8537,58.60864],[26.85678,58.61754],[26.86169,58.63312],[26.86578,58.63223],[26.86924,58.63282],[26.87166,58.63428],[26.9094,58.62644],[26.92202,58.62388],[26.93072,58.62187],[26.9452,58.61485],[26.962,58.60619],[26.967,58.60806],[26.96876,58.61201],[26.97336,58.61115],[26.97773,58.60593],[26.98265,58.6067],[26.97869,58.61383],[26.9845,58.61584],[26.98636,58.61706],[26.98856,58.61517],[26.98761,58.61292],[26.99916,58.61162],[27.003,58.60669],[27.00677,58.60515],[27.00816,58.59589],[27.01343,58.59542],[27.01367,58.5932],[27.03143,58.5937],[27.03197,58.59962],[27.03214,58.60807],[27.02263,58.61012],[27.02252,58.61636],[27.0163,58.62282],[27.02404,58.62883],[27.02242,58.63252],[27.0195,58.63647],[27.0082,58.63542],[27.00594,58.63367],[27.00059,58.63573],[27.00415,58.63841],[27.0012,58.63951],[27.00454,58.64164],[27.00974,58.64166],[27.01595,58.64336],[27.02129,58.64375],[27.02413,58.6448],[27.02894,58.64299],[27.04556,58.6468],[27.04476,58.65225],[27.05623,58.65482],[27.05955,58.65759],[27.06597,58.65593],[27.06593,58.65497],[27.07371,58.65388],[27.07505,58.65188],[27.08126,58.65565],[27.08427,58.65679],[27.08209,58.65884],[27.0846,58.66324],[27.08741,58.6649],[27.07771,58.66848],[27.07758,58.67072],[27.09456,58.67583],[27.10731,58.67825],[27.12826,58.68261],[27.1295,58.68004],[27.13424,58.68102],[27.13663,58.67737],[27.15579,58.68128],[27.16367,58.6826],[27.16262,58.68683],[27.16131,58.68787],[27.16012,58.69111],[27.15822,58.6929],[27.15189,58.69762],[27.14612,58.70099],[27.14264,58.70378],[27.13812,58.70622],[27.13417,58.70909],[27.1273,58.71508],[27.12253,58.71805],[27.12087,58.71981],[27.12191,58.72146],[27.11566,58.72598],[27.1141,58.72629],[27.1094,58.7295],[27.10185,58.73681],[27.09608,58.74142],[27.09589,58.74229],[27.0865,58.74648],[27.07699,58.75218],[27.06778,58.7555],[27.05741,58.76049],[27.05093,58.76436],[27.0447,58.76852],[27.03867,58.76983],[27.03562,58.77135],[27.03168,58.77238],[27.02446,58.77236],[27.01931,58.77318],[27.01019,58.77335],[27.00642,58.77425],[27.00226,58.77424],[26.99805,58.77568],[26.99216,58.77684],[26.98566,58.77923],[26.98233,58.77971],[26.977,58.7825],[26.97736,58.78405],[26.97437,58.78535],[26.96854,58.78904],[26.96119,58.79539],[26.95732,58.79981],[26.95401,58.80424],[26.95415,58.80541],[26.9486,58.81546],[26.94669,58.82315],[26.94655,58.8265],[26.94713,58.83119],[26.94927,58.83754],[26.95047,58.84329],[26.95274,58.84715],[26.95006,58.8477],[26.95157,58.85068],[26.95409,58.85979],[26.9563,58.86635],[26.95191,58.86672],[26.95066,58.86574],[26.945,58.87046],[26.94079,58.87058],[26.93356,58.86851],[26.92233,58.88363],[26.90715,58.88845],[26.89602,58.89226],[26.8642,58.89265],[26.83967,58.8961],[26.83463,58.88731],[26.81469,58.88503],[26.79507,58.88584],[26.78866,58.88624],[26.76578,58.88055],[26.76104,58.88065],[26.75896,58.87979],[26.75571,58.88078],[26.75282,58.88334],[26.74927,58.8839],[26.74908,58.88675],[26.74462,58.89043],[26.74592,58.89341],[26.74366,58.89502],[26.74383,58.89765],[26.7401,58.90108],[26.7382,58.90661],[26.73824,58.90911],[26.73705,58.91379],[26.73859,58.91627],[26.7414,58.91693],[26.74622,58.91722],[26.74366,58.92719],[26.74115,58.92694],[26.72916,58.93186],[26.73936,58.94279],[26.73537,58.9474],[26.72258,58.95021],[26.7203,58.95364],[26.71425,58.95305],[26.7114,58.95332],[26.70887,58.96263]]]},"properties":{"area_code":"0049","area_name":"JÕGEVA COUNTY"}},
{"type":"Feature","geometry":{"type":"Polygon","coordinates":[[[25.33381,58.99427],[25.33062,58.99016],[25.29855,58.98122],[25.28782,58.97832],[25.29421,58.97211],[25.31276,58.95893],[25.30629,58.92789],[25.30303,58.92533],[25.30392,58.9216],[25.28254,58.91547],[25.2589,58.90852],[25.2472,58.88916],[25.24429,58.88858],[25.23986,58.88932],[25.23625,58.88375],[25.24347,58.88242],[25.24369,58.87737],[25.24879,58.87587],[25.24628,58.87366],[25.25239,58.87125],[25.26081,58.86923],[25.26463,58.87145],[25.26832,58.86981],[25.2797,58.86174],[25.26969,58.85878],[25.27511,58.85455],[25.26761,58.85006],[25.26006,58.84399],[25.26281,58.84347],[25.25217,58.8367],[25.26025,58.83093],[25.25231,58.82569],[25.2503,58.82633],[25.24252,58.82099],[25.23856,58.82196],[25.2377,58.82118],[25.23871,58.81709],[25.22106,58.80438],[25.2028,58.80861],[25.19504,58.80008],[25.20744,58.78613],[25.21518,58.7846],[25.23181,58.76759],[25.224,58.76442],[25.215,58.76245],[25.21386,58.75689],[25.21677,58.75318],[25.20589,58.7378],[25.20028,58.73432],[25.20133,58.72926],[25.20343,58.72734],[25.20201,58.7243],[25.20299,58.72368],[25.24748,58.7222],[25.25037,58.72252],[25.25112,58.72043],[25.26065,58.72011],[25.26524,58.71681],[25.27127,58.71501],[25.27345,58.71714],[25.2812,58.71473],[25.29184,58.71179],[25.30673,58.70724],[25.30613,58.70465],[25.30354,58.70032],[25.30148,58.69963],[25.30186,58.69815],[25.28253,58.66978],[25.27726,58.66149],[25.25846,58.63252],[25.2472,58.62834],[25.25736,58.62074],[25.25909,58.62048],[25.2671,58.62173],[25.28899,58.61822],[25.30126,58.6178],[25.30259,58.61743],[25.31128,58.61163],[25.3259,58.61447],[25.33568,58.61439],[25.34747,58.61688],[25.35438,58.60655],[25.36654,58.60689],[25.3748,58.60631],[25.39787,58.61346],[25.41677,58.61295],[25.42248,58.61226],[25.43488,58.6119],[25.4388,58.61033],[25.45078,58.60697],[25.46022,58.60707],[25.46384,58.6076],[25.46846,58.60913],[25.47153,58.61263],[25.46738,58.61746],[25.47826,58.61793],[25.48057,58.61974],[25.48339,58.61814],[25.49179,58.61821],[25.49545,58.62259],[25.49738,58.62617],[25.50357,58.62745],[25.51191,58.63102],[25.51445,58.63351],[25.52324,58.63311],[25.5261,58.62706],[25.52637,58.62504],[25.52949,58.62226],[25.53389,58.62227],[25.53567,58.6249],[25.54325,58.62534],[25.5453,58.6265],[25.54353,58.62757],[25.54352,58.6291],[25.53968,58.63125],[25.54315,58.63423],[25.54156,58.63498],[25.55371,58.63894],[25.56253,58.63761],[25.5678,58.63653],[25.58263,58.63558],[25.5888,58.63538],[25.59618,58.63967],[25.60064,58.64084],[25.60514,58.64104],[25.61012,58.64718],[25.6192,58.64937],[25.62776,58.65006],[25.63217,58.64841],[25.63305,58.64925],[25.63955,58.64913],[25.64445,58.65077],[25.64527,58.65175],[25.65325,58.65414],[25.65443,58.666],[25.66131,58.67016],[25.66674,58.6707],[25.66912,58.6715],[25.67185,58.67134],[25.67415,58.66849],[25.67883,58.66847],[25.68287,58.66773],[25.68785,58.66886],[25.69526,58.66888],[25.70505,58.67171],[25.71678,58.67163],[25.71869,58.67362],[25.72336,58.67576],[25.73349,58.67883],[25.73588,58.67994],[25.74323,58.67785],[25.74877,58.67934],[25.74873,58.68039],[25.75529,58.68252],[25.764,58.68202],[25.76956,58.68302],[25.77088,58.68876],[25.77642,58.6902],[25.77915,58.68973],[25.78342,58.69226],[25.78734,58.69531],[25.79246,58.70239],[25.79567,58.71145],[25.79695,58.71369],[25.79658,58.7153],[25.80746,58.71394],[25.80921,58.72076],[25.81196,58.71877],[25.81705,58.72027],[25.83353,58.72722],[25.84439,58.73293],[25.83723,58.73478],[25.8416,58.73897],[25.83593,58.74137],[25.83027,58.74726],[25.83341,58.7509],[25.84622,58.75256],[25.85041,58.75049],[25.86511,58.74891],[25.8657,58.75336],[25.88298,58.75914],[25.87854,58.76309],[25.87957,58.76538],[25.87986,58.76829],[25.88127,58.77224],[25.88737,58.7722],[25.89613,58.77257],[25.90393,58.77162],[25.90908,58.76828],[25.92199,58.76435],[25.92316,58.76328],[25.92816,58.7545],[25.92654,58.75177],[25.92915,58.75122],[25.93902,58.75362],[25.93936,58.75625],[25.94154,58.7572],[25.95098,58.75864],[25.95631,58.76057],[25.95698,58.76312],[25.96027,58.7642],[25.96736,58.76512],[25.96975,58.76605],[25.97072,58.76786],[25.9682,58.77113],[25.96817,58.77228],[25.97092,58.7735],[25.97116,58.77491],[25.96995,58.77779],[25.96959,58.7829],[25.97092,58.78404],[25.96838,58.78694],[25.96458,58.7884],[25.96268,58.79125],[25.96493,58.79273],[25.96527,58.79552],[25.9622,58.79771],[25.96056,58.80106],[25.95694,58.80346],[25.95845,58.80672],[25.95767,58.80783],[25.95976,58.80996],[25.96193,58.81012],[25.96266,58.81205],[25.96669,58.81251],[25.96885,58.81383],[25.97365,58.8147],[25.97378,58.81766],[25.97813,58.8181],[25.98039,58.81775],[25.98353,58.8158],[25.98687,58.81547],[25.98935,58.81346],[25.99335,58.81451],[25.99883,58.81324],[26.00254,58.81325],[26.00885,58.81521],[26.01313,58.81872],[26.01514,58.8192],[26.01433,58.82146],[26.01251,58.82254],[26.01374,58.82455],[26.01252,58.82552],[26.01416,58.82914],[26.01643,58.83135],[26.0225,58.82969],[26.02564,58.82953],[26.03011,58.82791],[26.03889,58.8288],[26.04019,58.83007],[26.0447,58.83167],[26.04704,58.83192],[26.04855,58.83391],[26.05172,58.83247],[26.05519,58.83253],[26.05742,58.83332],[26.05955,58.83267],[26.06324,58.83366],[26.06628,58.83512],[26.06898,58.83501],[26.07392,58.8332],[26.07869,58.834],[26.08483,58.83398],[26.09005,58.83643],[26.09343,58.83592],[26.09882,58.83719],[26.1047,58.83736],[26.11523,58.83667],[26.12191,58.83729],[26.12619,58.83615],[26.13302,58.83939],[26.12942,58.84263],[26.12804,58.85788],[26.12847,58.85901],[26.1164,58.86338],[26.12693,58.86907],[26.12741,58.87074],[26.13,58.87466],[26.13033,58.87629],[26.12712,58.87722],[26.12974,58.87828],[26.13443,58.87802],[26.13615,58.8789],[26.13579,58.88094],[26.14055,58.88224],[26.14758,58.88284],[26.14724,58.88174],[26.1545,58.88091],[26.15833,58.88194],[26.15718,58.88333],[26.16162,58.88543],[26.15903,58.88873],[26.1577,58.88924],[26.15795,58.89103],[26.15477,58.89126],[26.15239,58.89378],[26.15043,58.89474],[26.15271,58.89777],[26.15166,58.89855],[26.1559,58.90005],[26.15612,58.90273],[26.15537,58.90497],[26.15818,58.90545],[26.15743,58.90684],[26.161,58.90702],[26.1621,58.90911],[26.16122,58.91077],[26.16284,58.91139],[26.1662,58.91471],[26.16545,58.91611],[26.1689,58.92054],[26.1686,58.92198],[26.16496,58.92587],[26.16134,58.92805],[26.15834,58.93123],[26.15776,58.93441],[26.16004,58.94426],[26.16193,58.9466],[26.16306,58.95076],[26.16009,58.95232],[26.15372,58.95189],[26.14857,58.95402],[26.14288,58.96214],[26.14272,58.9648],[26.13484,58.96309],[26.13389,58.9653],[26.13495,58.96908],[26.13799,58.97055],[26.1349,58.97242],[26.13599,58.97701],[26.13344,58.98018],[26.13645,58.98021],[26.13892,58.98356],[26.13833,58.9866],[26.13544,58.98719],[26.13363,58.98871],[26.13405,58.99037],[26.12529,58.99027],[26.12238,58.99208],[26.11399,58.9943],[26.09661,58.99934],[26.09111,59.00242],[26.08959,59.00561],[26.08783,59.01311],[26.08825,59.01504],[26.08326,59.01572],[26.07484,59.01625],[26.06314,59.01765],[26.05874,59.02158],[26.05588,59.02817],[26.05429,59.03459],[26.05138,59.04194],[26.04878,59.04514],[26.04508,59.0483],[26.02775,59.05529],[26.01656,59.05434],[25.99445,59.05016],[25.98386,59.05547],[25.975,59.06198],[25.96471,59.06523],[25.96228,59.06514],[25.96142,59.06201],[25.95335,59.05831],[25.94521,59.05604],[25.94298,59.05868],[25.93871,59.06132],[25.93447,59.06576],[25.93308,59.06639],[25.92825,59.06047],[25.92344,59.05737],[25.92303,59.05883],[25.917,59.0641],[25.91344,59.06761],[25.92632,59.07506],[25.93528,59.08077],[25.93586,59.09048],[25.94111,59.09112],[25.9399,59.09634],[25.93635,59.09726],[25.93693,59.1053],[25.93872,59.10383],[25.94689,59.10815],[25.9456,59.11637],[25.95095,59.11771],[25.96096,59.12392],[25.9665,59.1223],[25.97492,59.12196],[25.97821,59.12245],[25.97674,59.12977],[25.981,59.13425],[25.98167,59.13598],[25.98205,59.14165],[25.98116,59.1429],[25.98808,59.14809],[25.99157,59.15346],[26.00238,59.15493],[26.00991,59.15567],[26.01145,59.15693],[26.01238,59.15942],[26.01694,59.16317],[26.01711,59.16513],[26.01391,59.16903],[26.01181,59.17254],[26.00978,59.17973],[26.00676,59.1839],[26.00567,59.18625],[26.00152,59.18451],[25.99775,59.18801],[25.99513,59.18917],[25.99169,59.18816],[25.98602,59.18463],[25.98107,59.18252],[25.97977,59.18306],[25.97678,59.18118],[25.97044,59.18553],[25.96506,59.18842],[25.96027,59.18744],[25.95762,59.19025],[25.95524,59.18941],[25.95155,59.18956],[25.95067,59.19143],[25.93843,59.18998],[25.93522,59.19353],[25.93832,59.19547],[25.94322,59.19663],[25.94792,59.1983],[25.94587,59.20051],[25.94274,59.20148],[25.93985,59.20544],[25.95647,59.20868],[25.95817,59.2153],[25.96085,59.21644],[25.96429,59.21883],[25.96707,59.21986],[25.96717,59.22106],[25.94605,59.22812],[25.93264,59.2242],[25.92693,59.22281],[25.924,59.23031],[25.92632,59.23163],[25.9256,59.23457],[25.92667,59.23568],[25.92598,59.24064],[25.93062,59.24708],[25.93202,59.25176],[25.92349,59.25129],[25.91872,59.25063],[25.90468,59.25255],[25.9029,59.25351],[25.90298,59.25963],[25.90468,59.26132],[25.91576,59.2623],[25.91367,59.26383],[25.91354,59.26676],[25.91251,59.26904],[25.9137,59.27134],[25.90954,59.27367],[25.9106,59.27575],[25.89449,59.27794],[25.89504,59.27916],[25.88825,59.28887],[25.85828,59.29006],[25.85703,59.29063],[25.85292,59.29025],[25.84939,59.29132],[25.84779,59.29057],[25.81348,59.29236],[25.80306,59.29478],[25.79854,59.29612],[25.79398,59.29611],[25.78506,59.29742],[25.77511,59.29677],[25.77292,59.29796],[25.76782,59.29487],[25.764,59.29359],[25.76207,59.29125],[25.75712,59.28715],[25.75178,59.28423],[25.74481,59.28299],[25.7393,59.28286],[25.73099,59.28374],[25.72673,59.28313],[25.72163,59.28346],[25.71765,59.28226],[25.71516,59.28339],[25.71074,59.28443],[25.70693,59.2839],[25.70195,59.28578],[25.69501,59.28333],[25.68715,59.27851],[25.68562,59.27815],[25.68198,59.27562],[25.67252,59.27808],[25.65895,59.27508],[25.65255,59.27473],[25.64984,59.27281],[25.6494,59.27252],[25.64941,59.27251],[25.65076,59.27189],[25.65781,59.26778],[25.65898,59.26663],[25.65725,59.26642],[25.65552,59.26435],[25.65594,59.26288],[25.65543,59.25998],[25.65167,59.26102],[25.64117,59.25493],[25.63397,59.2581],[25.63185,59.25782],[25.63002,59.25886],[25.62383,59.26163],[25.61012,59.26444],[25.60913,59.2635],[25.59376,59.27161],[25.58194,59.27491],[25.57499,59.27276],[25.57093,59.27382],[25.56194,59.27229],[25.55504,59.26953],[25.55302,59.26952],[25.54633,59.26633],[25.54505,59.2663],[25.54014,59.26645],[25.53807,59.26498],[25.53828,59.26373],[25.53594,59.2625],[25.5335,59.26252],[25.52957,59.26377],[25.51979,59.26445],[25.51167,59.2661],[25.50621,59.26871],[25.4985,59.26893],[25.496,59.2685],[25.49256,59.26941],[25.48845,59.2692],[25.48622,59.26842],[25.47615,59.26783],[25.47374,59.2686],[25.47077,59.2682],[25.47666,59.26225],[25.50244,59.24933],[25.50816,59.24571],[25.51041,59.24319],[25.51157,59.23724],[25.51336,59.23536],[25.5112,59.23323],[25.51188,59.23141],[25.51451,59.22954],[25.51734,59.22641],[25.52264,59.22256],[25.52385,59.21782],[25.52816,59.21542],[25.53319,59.21259],[25.52597,59.20935],[25.52077,59.20231],[25.52036,59.20014],[25.50794,59.18576],[25.50296,59.18206],[25.50598,59.17977],[25.49632,59.1743],[25.49125,59.17206],[25.48442,59.17072],[25.48232,59.17072],[25.46752,59.15233],[25.46242,59.15195],[25.46096,59.15125],[25.4586,59.14584],[25.45313,59.1436],[25.44963,59.1431],[25.44952,59.14054],[25.45972,59.13172],[25.44577,59.12043],[25.44504,59.11337],[25.45765,59.10915],[25.47596,59.10463],[25.48003,59.10379],[25.48724,59.1],[25.48481,59.0963],[25.47748,59.09199],[25.46903,59.08102],[25.46037,59.06812],[25.44592,59.07387],[25.44429,59.0813],[25.43281,59.08855],[25.4229,59.09014],[25.416,59.09315],[25.41524,59.09146],[25.40631,59.08685],[25.39308,59.08103],[25.38888,59.07704],[25.4019,59.06998],[25.40878,59.06349],[25.40972,59.0616],[25.40863,59.05858],[25.40799,59.05382],[25.40737,59.04447],[25.40403,59.03577],[25.4049,59.02977],[25.40286,59.02207],[25.38866,59.01437],[25.37555,59.00707],[25.35737,59.01442],[25.34641,59.01181],[25.33381,58.99427]]]},"properties":{"area_code":"0051","area_name":"JÄRVA COUNTY"}},
{"type":"Feature","geometry":{"type":"MultiPolygon","coordinates":[[[[24.12039,59.07459],[24.1202,59.07956],[24.11587,59.08181],[24.11147,59.08554],[24.10503,59.08783],[24.10753,59.08843],[24.11353,59.08878],[24.11363,59.08997],[24.1093,59.09291],[24.10961,59.09575],[24.106,59.09823],[24.1051,59.10184],[24.10996,59.10116],[24.11261,59.1003],[24.11406,59.10194],[24.12548,59.10837],[24.12212,59.11483],[24.1189,59.11626],[24.11303,59.11762],[24.10123,59.12249],[24.09269,59.12385],[24.07606,59.12918],[24.06311,59.13256],[24.04886,59.13521],[23.99999,59.13774],[23.96853,59.13953],[23.95015,59.14032],[23.94607,59.13678],[23.93853,59.13584],[23.93565,59.13475],[23.92995,59.13789],[23.92487,59.13611],[23.91599,59.13472],[23.91433,59.13403],[23.91071,59.12975],[23.90667,59.13277],[23.88306,59.14906],[23.87871,59.15161],[23.86653,59.15705],[23.86728,59.1595],[23.84295,59.15931],[23.84553,59.16542],[23.83273,59.17581],[23.78326,59.17404],[23.78263,59.20662],[23.73228,59.20661],[23.73083,59.23696],[23.72089,59.23291],[23.70922,59.22966],[23.70074,59.22872],[23.69289,59.22945],[23.68627,59.23314],[23.67831,59.23496],[23.67242,59.23533],[23.67264,59.23689],[23.66701,59.23947],[23.669,59.24355],[23.66794,59.24468],[23.66427,59.24456],[23.66015,59.24789],[23.65631,59.24696],[23.65388,59.24552],[23.64827,59.24358],[23.64559,59.24146],[23.64401,59.23843],[23.64174,59.23703],[23.6358,59.23469],[23.63152,59.2339],[23.62346,59.23356],[23.61992,59.23225],[23.61289,59.22688],[23.60538,59.22318],[23.59879,59.22076],[23.59064,59.21853],[23.57665,59.216],[23.56588,59.21491],[23.55648,59.21467],[23.54208,59.21523],[23.53612,59.21622],[23.53332,59.21729],[23.53154,59.21905],[23.53221,59.22013],[23.5298,59.22112],[23.52825,59.22462],[23.51858,59.22697],[23.51526,59.22803],[23.51124,59.22695],[23.51168,59.22416],[23.51145,59.2192],[23.51206,59.21659],[23.51077,59.21438],[23.5076,59.21151],[23.50475,59.21014],[23.4996,59.2094],[23.49834,59.2101],[23.49261,59.20962],[23.49092,59.20999],[23.48688,59.20362],[23.48906,59.19957],[23.48656,59.19667],[23.48539,59.19364],[23.48527,59.19101],[23.48761,59.18609],[23.48753,59.18223],[23.48973,59.17921],[23.49059,59.17601],[23.49383,59.17279],[23.4962,59.17193],[23.50267,59.17158],[23.50652,59.17003],[23.51137,59.16635],[23.51261,59.16385],[23.51261,59.15974],[23.51572,59.1564],[23.51652,59.15471],[23.51657,59.15065],[23.5157,59.14784],[23.51579,59.14302],[23.51964,59.1372],[23.52453,59.1361],[23.53215,59.13192],[23.53191,59.13039],[23.52851,59.12833],[23.52851,59.12603],[23.52513,59.12531],[23.52744,59.12092],[23.52494,59.12044],[23.52701,59.11628],[23.52968,59.11431],[23.53079,59.11245],[23.53072,59.10716],[23.53421,59.10313],[23.53686,59.09834],[23.54072,59.09708],[23.54262,59.09492],[23.54237,59.09151],[23.54116,59.09045],[23.53474,59.08845],[23.53336,59.08921],[23.52836,59.09007],[23.5238,59.09288],[23.51741,59.09429],[23.51327,59.09592],[23.51078,59.09472],[23.50702,59.09478],[23.50597,59.09067],[23.50305,59.08847],[23.5009,59.08836],[23.49991,59.08656],[23.49416,59.08388],[23.48755,59.08301],[23.48597,59.08086],[23.48749,59.0767],[23.48146,59.07681],[23.48126,59.07416],[23.47905,59.07346],[23.47168,59.07305],[23.46988,59.07409],[23.46451,59.07526],[23.46053,59.0747],[23.45705,59.0757],[23.45472,59.0748],[23.4512,59.07525],[23.44685,59.07432],[23.44335,59.07526],[23.43906,59.07721],[23.43612,59.07786],[23.43364,59.07626],[23.43144,59.0705],[23.43114,59.06694],[23.42961,59.06492],[23.43025,59.06153],[23.43227,59.05903],[23.43454,59.05365],[23.43446,59.05104],[23.43203,59.05065],[23.42945,59.04806],[23.42932,59.04548],[23.43171,59.04425],[23.42866,59.04127],[23.43314,59.04057],[23.43398,59.03918],[23.43984,59.03847],[23.44353,59.04059],[23.4458,59.04254],[23.44919,59.0422],[23.45387,59.04007],[23.45304,59.03853],[23.45049,59.0383],[23.44593,59.03939],[23.44317,59.03873],[23.44523,59.03689],[23.44463,59.03481],[23.4468,59.03394],[23.4451,59.03241],[23.44588,59.03113],[23.44865,59.03146],[23.44966,59.0301],[23.44895,59.02816],[23.44608,59.02708],[23.44242,59.02763],[23.44119,59.02627],[23.44334,59.02104],[23.43752,59.02123],[23.43221,59.02277],[23.42789,59.02281],[23.42462,59.0222],[23.41983,59.02572],[23.41685,59.0266],[23.41257,59.02869],[23.40841,59.02869],[23.40547,59.02518],[23.40826,59.02295],[23.41357,59.01705],[23.4142,59.01278],[23.41882,59.0096],[23.42105,59.00756],[23.42363,59.00629],[23.4254,59.00211],[23.42933,59.00106],[23.43141,58.99814],[23.4357,58.9954],[23.44017,58.99395],[23.44025,58.99136],[23.44346,58.9913],[23.44388,58.989],[23.44813,58.98879],[23.45096,58.98793],[23.45077,58.98614],[23.45445,58.98386],[23.45941,58.98258],[23.46572,58.98196],[23.46675,58.98042],[23.47049,58.97888],[23.47531,58.97921],[23.47811,58.9777],[23.48253,58.977],[23.49634,58.9804],[23.49826,58.9802],[23.50124,58.9813],[23.50263,58.98271],[23.50677,58.98276],[23.51018,58.98097],[23.51344,58.9808],[23.5173,58.97909],[23.52142,58.97613],[23.52754,58.97525],[23.53454,58.97257],[23.54524,58.97139],[23.54539,58.96862],[23.54838,58.96687],[23.5545,58.96567],[23.55693,58.96638],[23.55429,58.96809],[23.55169,58.96689],[23.55299,58.97373],[23.55569,58.97305],[23.55734,58.97029],[23.567,58.97142],[23.56649,58.96994],[23.56958,58.96937],[23.57335,58.97453],[23.57532,58.97659],[23.56997,58.97773],[23.56792,58.98069],[23.56971,58.98347],[23.56945,58.98608],[23.57072,58.98697],[23.57157,58.98968],[23.56886,58.99407],[23.57058,58.99537],[23.57178,58.99829],[23.57051,59.00335],[23.57154,59.00522],[23.57431,59.00613],[23.58369,59.00642],[23.58301,59.00367],[23.58351,59.00215],[23.58715,58.99775],[23.59102,58.99714],[23.59302,58.99836],[23.59261,59.00011],[23.59594,59.00054],[23.59868,59.00175],[23.59944,58.99948],[23.60353,58.99637],[23.60211,58.99495],[23.60387,58.99176],[23.60131,58.99093],[23.60802,58.98961],[23.61066,58.98968],[23.61214,58.98859],[23.61481,58.9843],[23.61823,58.98296],[23.61784,58.9821],[23.62477,58.97838],[23.62641,58.9799],[23.62649,58.98217],[23.62253,58.98713],[23.61773,58.98916],[23.61607,58.9912],[23.61591,58.99346],[23.6132,58.99405],[23.61063,58.9969],[23.6099,59.00095],[23.61315,59.00129],[23.61046,59.00288],[23.6136,59.00359],[23.61391,59.00577],[23.62115,59.00635],[23.62555,59.00811],[23.62109,59.00893],[23.62009,59.0103],[23.60867,59.01618],[23.60895,59.01694],[23.60605,59.02072],[23.6025,59.02238],[23.60211,59.02362],[23.60588,59.02462],[23.61004,59.02355],[23.60937,59.02238],[23.61359,59.02087],[23.61703,59.01845],[23.61919,59.01913],[23.62124,59.0175],[23.61582,59.01593],[23.61693,59.01288],[23.62008,59.01155],[23.62109,59.01034],[23.62551,59.00911],[23.62644,59.00637],[23.63022,59.00602],[23.63262,59.00736],[23.63421,59.00595],[23.63476,59.00372],[23.63267,59.00321],[23.62818,59.0036],[23.62424,59.00549],[23.62144,59.0043],[23.62171,59.00291],[23.62681,59.00145],[23.63403,58.99793],[23.63586,58.99781],[23.64009,58.9951],[23.64451,58.99648],[23.6448,58.99509],[23.64856,58.99451],[23.64974,58.99291],[23.64463,58.99048],[23.6514,58.98867],[23.65008,58.98688],[23.65372,58.98525],[23.65713,58.9853],[23.66067,58.98385],[23.65936,58.98267],[23.66054,58.98153],[23.65945,58.97997],[23.66096,58.97844],[23.66368,58.97762],[23.66232,58.97537],[23.66402,58.97222],[23.66221,58.97159],[23.65987,58.97263],[23.65562,58.97277],[23.6543,58.97159],[23.65466,58.96932],[23.65743,58.96879],[23.65849,58.96707],[23.65772,58.96362],[23.65459,58.96186],[23.64846,58.96262],[23.64492,58.96232],[23.64415,58.96332],[23.64055,58.96456],[23.63983,58.96608],[23.6362,58.96974],[23.63166,58.97107],[23.62876,58.97245],[23.62769,58.97458],[23.62183,58.97506],[23.61739,58.97483],[23.61532,58.97354],[23.61277,58.97482],[23.60889,58.97504],[23.60473,58.97646],[23.60312,58.97513],[23.60505,58.97298],[23.59941,58.97188],[23.59171,58.97315],[23.58649,58.97566],[23.58516,58.97462],[23.58983,58.97093],[23.59267,58.97133],[23.59981,58.96676],[23.60051,58.96562],[23.59923,58.96237],[23.60131,58.96064],[23.59643,58.95834],[23.59254,58.9583],[23.58829,58.95685],[23.58747,58.95425],[23.5892,58.95186],[23.58065,58.95276],[23.57562,58.95407],[23.57276,58.95167],[23.5695,58.95092],[23.56561,58.95204],[23.56471,58.94964],[23.56311,58.9498],[23.55776,58.94784],[23.55746,58.94651],[23.55091,58.94816],[23.55289,58.94984],[23.5504,58.95035],[23.54871,58.94876],[23.5435,58.9509],[23.53876,58.95044],[23.53678,58.95083],[23.53184,58.95425],[23.52752,58.95606],[23.52766,58.95862],[23.52365,58.96063],[23.52069,58.96112],[23.51855,58.96267],[23.51497,58.96296],[23.51379,58.96167],[23.51718,58.95925],[23.51906,58.95932],[23.52204,58.95782],[23.52433,58.95536],[23.52805,58.95437],[23.53289,58.95018],[23.53273,58.94899],[23.52884,58.94909],[23.52584,58.95236],[23.52544,58.95403],[23.52181,58.95611],[23.51677,58.95527],[23.51941,58.95423],[23.52149,58.95174],[23.52193,58.94998],[23.52796,58.94545],[23.52647,58.94357],[23.52778,58.94259],[23.5263,58.94081],[23.52283,58.94035],[23.51845,58.94315],[23.51346,58.9441],[23.50854,58.94269],[23.50561,58.94246],[23.50332,58.93958],[23.49442,58.9397],[23.49182,58.93701],[23.48912,58.93742],[23.48732,58.93609],[23.48322,58.93507],[23.48097,58.9336],[23.47344,58.93312],[23.46687,58.93544],[23.46483,58.93541],[23.46062,58.93729],[23.45812,58.93935],[23.45772,58.94112],[23.45332,58.94399],[23.45165,58.94121],[23.44711,58.94291],[23.44509,58.94109],[23.44053,58.93934],[23.42974,58.94235],[23.42561,58.94254],[23.42731,58.93978],[23.43264,58.93927],[23.4333,58.93699],[23.43062,58.93544],[23.42731,58.93454],[23.42747,58.93286],[23.42993,58.93172],[23.42974,58.92864],[23.43127,58.92758],[23.43237,58.92507],[23.43151,58.92081],[23.42406,58.91403],[23.42347,58.91022],[23.42701,58.9088],[23.42388,58.90644],[23.42588,58.90319],[23.43013,58.90345],[23.43372,58.90118],[23.43671,58.90135],[23.43936,58.90032],[23.44222,58.90343],[23.44491,58.9038],[23.44845,58.90298],[23.45132,58.90307],[23.45392,58.90218],[23.45519,58.90019],[23.4534,58.89464],[23.45154,58.89127],[23.45323,58.88994],[23.45115,58.88772],[23.44643,58.88894],[23.44482,58.89056],[23.44173,58.89133],[23.44075,58.88799],[23.44417,58.88632],[23.4471,58.88575],[23.44728,58.88447],[23.45275,58.88197],[23.45943,58.88069],[23.46129,58.87906],[23.46455,58.87883],[23.46489,58.87656],[23.46903,58.8757],[23.47352,58.87326],[23.47872,58.8691],[23.48034,58.8669],[23.48255,58.86536],[23.48629,58.8607],[23.48431,58.85829],[23.48388,58.85633],[23.48511,58.85369],[23.48666,58.85236],[23.48886,58.85228],[23.49154,58.85379],[23.49548,58.84944],[23.49953,58.84378],[23.50184,58.84445],[23.50258,58.84681],[23.50578,58.84659],[23.5081,58.84478],[23.51186,58.84293],[23.51705,58.83905],[23.52108,58.83751],[23.52357,58.8354],[23.52315,58.83318],[23.5269,58.83094],[23.52818,58.82846],[23.52554,58.82808],[23.52854,58.8251],[23.52844,58.82397],[23.52471,58.82317],[23.52753,58.82146],[23.52713,58.81814],[23.53088,58.81602],[23.53514,58.81489],[23.53603,58.81367],[23.53362,58.81199],[23.53643,58.80953],[23.53129,58.80844],[23.52971,58.80687],[23.52614,58.80592],[23.52035,58.80561],[23.51595,58.80275],[23.51117,58.80268],[23.5102,58.80466],[23.50427,58.8046],[23.50317,58.80739],[23.4962,58.80935],[23.49169,58.80866],[23.48943,58.80955],[23.48974,58.81153],[23.4888,58.81397],[23.48497,58.81588],[23.48211,58.81534],[23.47967,58.81149],[23.47962,58.80881],[23.48371,58.80486],[23.48801,58.80386],[23.48851,58.80264],[23.49198,58.80173],[23.48748,58.80041],[23.48611,58.79881],[23.47924,58.79831],[23.47485,58.80005],[23.4728,58.79679],[23.47543,58.79471],[23.47462,58.79379],[23.4701,58.7937],[23.47298,58.79048],[23.47101,58.78945],[23.46469,58.7883],[23.45764,58.79179],[23.45313,58.79156],[23.45466,58.78709],[23.45391,58.78516],[23.45524,58.78226],[23.45875,58.78393],[23.46219,58.77961],[23.45924,58.77675],[23.45701,58.77174],[23.45391,58.76889],[23.45029,58.76843],[23.44553,58.76575],[23.44554,58.76444],[23.45098,58.76408],[23.45475,58.76487],[23.45595,58.76753],[23.45956,58.77006],[23.46346,58.77087],[23.46939,58.77135],[23.47439,58.77034],[23.4807,58.77098],[23.48471,58.77326],[23.48926,58.77389],[23.49772,58.77378],[23.50316,58.77602],[23.5093,58.77666],[23.51249,58.77621],[23.51808,58.77709],[23.52435,58.77615],[23.52645,58.77536],[23.53372,58.77439],[23.53875,58.77339],[23.54416,58.77143],[23.54417,58.77052],[23.55033,58.76884],[23.56603,58.77233],[23.56948,58.77274],[23.57285,58.77466],[23.57548,58.7751],[23.57877,58.78008],[23.58418,58.78249],[23.58824,58.78186],[23.59503,58.78327],[23.6003,58.78481],[23.60688,58.78568],[23.6158,58.7864],[23.61828,58.7858],[23.6219,58.78645],[23.62339,58.78585],[23.63192,58.78532],[23.63854,58.7854],[23.64208,58.78453],[23.64545,58.78539],[23.64782,58.78274],[23.64989,58.78177],[23.65593,58.78128],[23.66,58.77856],[23.66586,58.77821],[23.66982,58.77922],[23.67608,58.77821],[23.68009,58.77861],[23.68178,58.77727],[23.68699,58.77587],[23.68941,58.77606],[23.69493,58.77877],[23.70023,58.78003],[23.70211,58.78122],[23.70594,58.78144],[23.7098,58.78339],[23.71469,58.785],[23.72119,58.7879],[23.72529,58.7878],[23.72385,58.78539],[23.71802,58.78413],[23.71658,58.78257],[23.71948,58.78166],[23.72424,58.7821],[23.72357,58.78053],[23.7257,58.77898],[23.73025,58.77923],[23.73423,58.783],[23.73893,58.78219],[23.74572,58.78226],[23.74423,58.78059],[23.74573,58.77361],[23.74831,58.77298],[23.74692,58.76733],[23.74965,58.76592],[23.75238,58.76756],[23.75585,58.76601],[23.75571,58.76435],[23.76065,58.76028],[23.75847,58.75955],[23.75298,58.75905],[23.75318,58.75586],[23.75617,58.7547],[23.75819,58.75755],[23.76041,58.75617],[23.76013,58.75385],[23.75726,58.75462],[23.75574,58.75363],[23.75024,58.75339],[23.7504,58.75222],[23.75333,58.75199],[23.75646,58.74919],[23.75621,58.74666],[23.75476,58.74429],[23.74615,58.74653],[23.74397,58.74772],[23.73832,58.74762],[23.73318,58.74921],[23.72864,58.74952],[23.72858,58.7481],[23.72475,58.74838],[23.72168,58.74716],[23.71873,58.74854],[23.7104,58.7489],[23.71045,58.74701],[23.71292,58.74451],[23.71341,58.74246],[23.70614,58.74368],[23.70186,58.7462],[23.69666,58.74857],[23.69473,58.74865],[23.6949,58.74582],[23.69247,58.74642],[23.68885,58.74479],[23.67748,58.74856],[23.6766,58.74722],[23.67263,58.74583],[23.67118,58.7439],[23.66877,58.74262],[23.65801,58.74619],[23.65577,58.74351],[23.65669,58.74206],[23.65532,58.74038],[23.65278,58.73954],[23.6515,58.73689],[23.65214,58.7358],[23.65639,58.73555],[23.66369,58.73445],[23.66638,58.73497],[23.66634,58.73236],[23.66194,58.73289],[23.65809,58.73004],[23.65383,58.73118],[23.65213,58.73078],[23.64702,58.73258],[23.64531,58.73435],[23.64207,58.73556],[23.63959,58.73535],[23.63983,58.73363],[23.63544,58.7318],[23.63352,58.73308],[23.63039,58.73368],[23.62694,58.73259],[23.62224,58.73409],[23.61888,58.73172],[23.61555,58.73072],[23.61259,58.73073],[23.60616,58.72934],[23.60221,58.72927],[23.60248,58.7281],[23.5994,58.72714],[23.5866,58.72668],[23.58283,58.72686],[23.57943,58.72776],[23.5768,58.72928],[23.56925,58.73046],[23.55856,58.73459],[23.55019,58.73721],[23.54811,58.73841],[23.54307,58.73972],[23.53616,58.74041],[23.53215,58.73937],[23.53055,58.73805],[23.52436,58.73822],[23.52457,58.73649],[23.53181,58.73506],[23.53328,58.73369],[23.53678,58.73239],[23.53342,58.72732],[23.531,58.72715],[23.52952,58.72495],[23.53429,58.72442],[23.53997,58.72116],[23.54661,58.72144],[23.55409,58.71886],[23.55567,58.71595],[23.55753,58.71638],[23.57336,58.71155],[23.57292,58.71045],[23.57714,58.70964],[23.57545,58.70758],[23.57321,58.70798],[23.5713,58.70685],[23.57063,58.70443],[23.56471,58.7043],[23.56031,58.70314],[23.54971,58.70328],[23.54498,58.70155],[23.53566,58.70042],[23.5293,58.70034],[23.52427,58.70202],[23.52011,58.70453],[23.51684,58.70797],[23.51393,58.70772],[23.51157,58.70628],[23.51156,58.70329],[23.50947,58.70163],[23.51654,58.69774],[23.51689,58.69498],[23.5151,58.69219],[23.51242,58.69207],[23.50759,58.69295],[23.49902,58.68966],[23.49786,58.69013],[23.49255,58.68952],[23.49568,58.68836],[23.49658,58.68428],[23.50231,58.68251],[23.5037,58.68004],[23.50169,58.67834],[23.49958,58.6752],[23.50144,58.67509],[23.50759,58.67306],[23.5091,58.66973],[23.50705,58.66665],[23.50722,58.66362],[23.5042,58.66244],[23.50372,58.65967],[23.50122,58.65367],[23.50382,58.65268],[23.5098,58.6468],[23.51049,58.64542],[23.50697,58.64234],[23.50445,58.6417],[23.50769,58.63886],[23.50944,58.63821],[23.51083,58.634],[23.51041,58.63175],[23.51228,58.62843],[23.51465,58.6266],[23.51713,58.62341],[23.51999,58.62224],[23.52093,58.61988],[23.52412,58.61618],[23.52839,58.61477],[23.52988,58.61205],[23.52925,58.60832],[23.52832,58.60806],[23.52664,58.60449],[23.52796,58.60233],[23.52367,58.59805],[23.52445,58.59568],[23.52882,58.59663],[23.53241,58.59929],[23.53384,58.59769],[23.53636,58.5983],[23.53795,58.59733],[23.54065,58.59246],[23.53776,58.59083],[23.53387,58.59197],[23.53294,58.59307],[23.5271,58.59104],[23.52717,58.58871],[23.52384,58.58819],[23.52284,58.58629],[23.52218,58.58229],[23.52038,58.5816],[23.521,58.57899],[23.52244,58.57708],[23.52132,58.57438],[23.51608,58.57357],[23.5095,58.57423],[23.50611,58.57178],[23.50435,58.57254],[23.50121,58.57088],[23.50069,58.56699],[23.50488,58.56305],[23.50947,58.56178],[23.51068,58.56022],[23.51792,58.562],[23.5161,58.56371],[23.52166,58.56523],[23.53467,58.56321],[23.53735,58.56171],[23.54232,58.56167],[23.54493,58.5625],[23.54908,58.56109],[23.54642,58.55277],[23.551,58.55258],[23.55459,58.55391],[23.55642,58.55818],[23.55924,58.55891],[23.55546,58.56165],[23.55632,58.56438],[23.55549,58.5662],[23.55287,58.56556],[23.55025,58.56599],[23.54723,58.56857],[23.55059,58.57042],[23.55719,58.57189],[23.5592,58.57272],[23.5577,58.57618],[23.56015,58.57744],[23.56055,58.58293],[23.55924,58.58407],[23.5497,58.58673],[23.54986,58.58802],[23.54608,58.5893],[23.54623,58.5918],[23.55079,58.59285],[23.5545,58.5919],[23.5552,58.59438],[23.56162,58.59326],[23.56354,58.58993],[23.56256,58.5885],[23.56032,58.58799],[23.56246,58.58587],[23.56771,58.58206],[23.57816,58.58115],[23.5817,58.58277],[23.58422,58.58223],[23.58526,58.58034],[23.58189,58.57969],[23.58168,58.5777],[23.57885,58.57587],[23.57919,58.57397],[23.57257,58.57312],[23.57221,58.5696],[23.57473,58.56818],[23.57154,58.56541],[23.56712,58.5647],[23.56642,58.56304],[23.56747,58.56095],[23.57251,58.55913],[23.57452,58.55922],[23.57412,58.56244],[23.5803,58.56154],[23.58098,58.55806],[23.58284,58.55702],[23.57987,58.55272],[23.58005,58.55083],[23.57695,58.54787],[23.57632,58.54409],[23.58038,58.5485],[23.5842,58.54936],[23.58689,58.54726],[23.59054,58.5483],[23.59206,58.54668],[23.5964,58.54674],[23.60295,58.54465],[23.60128,58.54074],[23.59863,58.5402],[23.59575,58.53872],[23.59581,58.53755],[23.59892,58.53579],[23.60122,58.53611],[23.6054,58.53521],[23.60922,58.53541],[23.60795,58.53829],[23.61062,58.53797],[23.6108,58.53658],[23.61313,58.53919],[23.61923,58.54381],[23.62228,58.54489],[23.62751,58.54769],[23.63254,58.54578],[23.63356,58.54372],[23.63634,58.5415],[23.64185,58.54157],[23.65232,58.53854],[23.66422,58.54459],[23.66367,58.54569],[23.67216,58.54749],[23.69061,58.54935],[23.70046,58.54932],[23.71018,58.54904],[23.71955,58.5435],[23.72042,58.54179],[23.72999,58.53772],[23.74475,58.53482],[23.75358,58.5424],[23.77094,58.53898],[23.77547,58.53777],[23.78455,58.54557],[23.79789,58.54767],[23.79821,58.54983],[23.80126,58.54984],[23.80563,58.54853],[23.80802,58.55098],[23.81609,58.5513],[23.81987,58.55971],[23.83308,58.5566],[23.83847,58.55417],[23.84179,58.55597],[23.84913,58.554],[23.85724,58.55249],[23.86555,58.55846],[23.8792,58.55481],[23.88335,58.5555],[23.88958,58.55567],[23.89416,58.55634],[23.90191,58.55669],[23.90397,58.55531],[23.91296,58.55105],[23.91612,58.55029],[23.91577,58.56422],[23.90639,58.56696],[23.89735,58.57383],[23.89234,58.57798],[23.88222,58.58892],[23.87216,58.60128],[23.86754,58.60869],[23.88076,58.61102],[23.88476,58.61359],[23.8814,58.61823],[23.87379,58.63018],[23.8674,58.6333],[23.85853,58.63851],[23.867,58.6415],[23.88435,58.63176],[23.89092,58.63083],[23.88867,58.62617],[23.89688,58.62396],[23.90166,58.62223],[23.92132,58.61354],[23.92659,58.61173],[23.9305,58.61095],[23.94671,58.60941],[23.9483,58.61261],[23.95464,58.61773],[23.9566,58.62018],[23.95557,58.62325],[23.95755,58.62368],[23.95684,58.62562],[23.96896,58.62733],[23.9881,58.63196],[23.98756,58.63978],[23.98746,58.64671],[23.98338,58.65699],[23.9802,58.66366],[23.97401,58.66433],[23.97526,58.67727],[23.97171,58.6773],[23.98047,58.68239],[23.98705,58.68333],[23.99441,58.68581],[23.99925,58.68483],[24.00709,58.68064],[24.00803,58.67469],[24.04551,58.6708],[24.04021,58.6752],[24.08785,58.68271],[24.09127,58.67952],[24.10186,58.68411],[24.11624,58.68956],[24.12551,58.69533],[24.1312,58.69974],[24.14843,58.72076],[24.15197,58.7246],[24.15771,58.72899],[24.15942,58.73243],[24.15775,58.73485],[24.16051,58.7351],[24.16129,58.73629],[24.16776,58.73745],[24.16535,58.73916],[24.16248,58.74297],[24.16013,58.74423],[24.1597,58.74689],[24.15249,58.75475],[24.14644,58.75365],[24.14216,58.75174],[24.12843,58.74506],[24.12578,58.7442],[24.12048,58.74345],[24.11363,58.74788],[24.11287,58.74976],[24.09409,58.74544],[24.08381,58.74741],[24.08581,58.74919],[24.08354,58.75327],[24.07837,58.75107],[24.0761,58.75332],[24.07803,58.75709],[24.07825,58.76201],[24.08319,58.7644],[24.09019,58.76548],[24.10097,58.76448],[24.10865,58.77181],[24.13666,58.78367],[24.13659,58.78591],[24.16594,58.78847],[24.16371,58.79526],[24.14252,58.79566],[24.13252,58.80407],[24.13204,58.80658],[24.12349,58.80478],[24.13892,58.81729],[24.13758,58.8178],[24.14222,58.82784],[24.13572,58.83054],[24.1367,58.83171],[24.14053,58.83362],[24.14163,58.83613],[24.14731,58.83337],[24.16585,58.8304],[24.16789,58.83205],[24.17696,58.83037],[24.18642,58.83086],[24.1861,58.83384],[24.19256,58.84309],[24.19215,58.84613],[24.18623,58.84877],[24.18717,58.85084],[24.18259,58.85263],[24.17665,58.85003],[24.16876,58.84877],[24.17049,58.85141],[24.17328,58.8575],[24.1744,58.85785],[24.15272,58.86459],[24.15697,58.86542],[24.15932,58.87328],[24.1532,58.87614],[24.148,58.87574],[24.14168,58.87812],[24.14439,58.88042],[24.14474,58.88187],[24.15369,58.8859],[24.15327,58.88825],[24.1513,58.891],[24.14397,58.88932],[24.1283,58.89284],[24.12819,58.89424],[24.13547,58.90089],[24.13311,58.90145],[24.13259,58.90321],[24.12904,58.90583],[24.12745,58.90971],[24.13441,58.91886],[24.13263,58.92045],[24.11364,58.92325],[24.11298,58.92511],[24.10942,58.92688],[24.10053,58.932],[24.09032,58.94023],[24.0877,58.94324],[24.08297,58.95099],[24.08546,58.95354],[24.07109,58.96905],[24.08268,58.97298],[24.0934,58.98947],[24.08612,59.00041],[24.08633,59.01345],[24.15168,59.04712],[24.16697,59.05482],[24.16307,59.05662],[24.15155,59.05789],[24.15041,59.06614],[24.14083,59.07009],[24.13478,59.07073],[24.13484,59.07183],[24.12039,59.07459]]],[[[23.57503,58.54316],[23.57302,58.53941],[23.57575,58.53899],[23.57577,58.536],[23.579,58.53673],[23.57921,58.53804],[23.58166,58.53913],[23.58012,58.54112],[23.57486,58.54201],[23.57503,58.54316]]],[[[23.51927,58.55707],[23.51666,58.55679],[23.51853,58.55463],[23.51887,58.55287],[23.5172,58.55057],[23.52016,58.54898],[23.52283,58.54941],[23.52347,58.55075],[23.52624,58.55243],[23.52644,58.55491],[23.52233,58.55709],[23.51927,58.55707]]],[[[23.5091,58.59642],[23.50506,58.59586],[23.50202,58.5913],[23.50416,58.59145],[23.50677,58.59293],[23.5091,58.59642]]],[[[23.43096,58.76727],[23.42954,58.76553],[23.43229,58.76487],[23.43438,58.76574],[23.43096,58.76727]]],[[[23.34488,58.76397],[23.34186,58.76188],[23.34186,58.7599],[23.34839,58.76024],[23.34648,58.76153],[23.34488,58.76397]]],[[[23.66158,58.77208],[23.65873,58.77195],[23.65921,58.76926],[23.66189,58.76734],[23.66469,58.7672],[23.66649,58.76543],[23.67367,58.76314],[23.67517,58.76555],[23.67315,58.76704],[23.66975,58.76815],[23.66783,58.76984],[23.66158,58.77208]]],[[[23.66832,58.77612],[23.66579,58.77593],[23.66353,58.77462],[23.66693,58.77323],[23.66929,58.77367],[23.67079,58.77557],[23.66832,58.77612]]],[[[23.43894,58.81167],[23.43582,58.81073],[23.43787,58.80867],[23.44051,58.80959],[23.43894,58.81167]]],[[[23.49184,58.81712],[23.48233,58.82254],[23.48014,58.82154],[23.47868,58.81875],[23.47935,58.81684],[23.48519,58.81668],[23.4901,58.81506],[23.49246,58.81532],[23.49184,58.81712]]],[[[23.41807,58.83253],[23.41536,58.83319],[23.41441,58.83136],[23.41857,58.83142],[23.41807,58.83253]]],[[[23.4448,58.83369],[23.44011,58.8338],[23.43775,58.83205],[23.43815,58.83088],[23.43486,58.83045],[23.43559,58.82741],[23.43798,58.82575],[23.43915,58.82388],[23.43829,58.82229],[23.4414,58.8184],[23.44684,58.81571],[23.44931,58.81534],[23.4506,58.813],[23.45236,58.81288],[23.45683,58.81064],[23.45932,58.81076],[23.46236,58.81438],[23.46909,58.81365],[23.47106,58.81459],[23.47589,58.81505],[23.47699,58.81621],[23.47707,58.8198],[23.47469,58.82108],[23.47539,58.82384],[23.46635,58.82422],[23.46463,58.82615],[23.45834,58.8282],[23.45491,58.83039],[23.44817,58.83225],[23.4448,58.83369]]],[[[23.39489,58.84237],[23.39258,58.84225],[23.39013,58.84],[23.38711,58.83871],[23.39397,58.8343],[23.39966,58.83409],[23.40225,58.83281],[23.40278,58.83071],[23.40573,58.83151],[23.4075,58.83424],[23.40763,58.83621],[23.40535,58.83753],[23.40765,58.83993],[23.40264,58.83956],[23.40387,58.83762],[23.39991,58.83716],[23.39489,58.84237]]],[[[23.38274,58.84966],[23.37537,58.84782],[23.37802,58.84405],[23.38429,58.84234],[23.38706,58.84032],[23.38907,58.84344],[23.38605,58.84932],[23.38274,58.84966]]],[[[23.2783,58.94642],[23.27372,58.94565],[23.27667,58.94232],[23.2807,58.94219],[23.2811,58.9388],[23.28458,58.93789],[23.28773,58.93795],[23.29054,58.93901],[23.29014,58.94178],[23.28643,58.9443],[23.28488,58.94438],[23.2804,58.94637],[23.2783,58.94642]]],[[[23.25977,58.94856],[23.26041,58.94431],[23.26228,58.94454],[23.26338,58.94696],[23.25977,58.94856]]],[[[23.38513,58.95536],[23.3817,58.95397],[23.37961,58.94998],[23.38142,58.94742],[23.38294,58.94666],[23.38349,58.94383],[23.38301,58.94178],[23.38091,58.93931],[23.38389,58.93463],[23.38683,58.93603],[23.38831,58.93789],[23.38772,58.94164],[23.38772,58.94622],[23.3885,58.94727],[23.38842,58.95078],[23.38942,58.95276],[23.38855,58.9551],[23.38513,58.95536]]],[[[23.58173,58.95793],[23.57812,58.95743],[23.58146,58.9555],[23.58333,58.95695],[23.58173,58.95793]]],[[[23.56279,58.95833],[23.56262,58.95387],[23.56503,58.95325],[23.56782,58.954],[23.56538,58.95779],[23.56279,58.95833]]],[[[23.56386,58.96232],[23.56374,58.96059],[23.56582,58.95847],[23.5695,58.96005],[23.56386,58.96232]]],[[[23.5856,58.96559],[23.58116,58.96503],[23.5838,58.96095],[23.59195,58.96321],[23.5856,58.96559]]],[[[23.54938,58.96574],[23.5478,58.96393],[23.55139,58.96347],[23.55381,58.96465],[23.54938,58.96574]]],[[[23.08004,58.97436],[23.08228,58.97171],[23.0856,58.96627],[23.08727,58.96705],[23.08675,58.96951],[23.08004,58.97436]]],[[[23.38379,59.0144],[23.3827,59.01252],[23.38724,59.01134],[23.38966,59.01263],[23.38379,59.0144]]],[[[23.31932,59.03644],[23.31711,59.03569],[23.31767,59.03333],[23.321,59.03357],[23.31932,59.03644]]],[[[23.4361,59.03724],[23.43057,59.03724],[23.43197,59.03488],[23.43572,59.03486],[23.4361,59.03724]]],[[[23.33217,59.0385],[23.33376,59.041],[23.33011,59.04126],[23.33217,59.0385]]],[[[23.30143,59.04339],[23.29637,59.04306],[23.29332,59.04135],[23.29178,59.03917],[23.29285,59.0379],[23.29722,59.03693],[23.30054,59.03945],[23.30588,59.03961],[23.30636,59.0417],[23.30143,59.04339]]],[[[23.19224,59.04757],[23.18949,59.04791],[23.19117,59.04429],[23.18601,59.04509],[23.18248,59.04708],[23.17847,59.04737],[23.17556,59.0488],[23.16725,59.04814],[23.16719,59.0498],[23.16397,59.05005],[23.16146,59.04896],[23.15849,59.0452],[23.15915,59.04383],[23.1569,59.042],[23.14923,59.04055],[23.14752,59.03836],[23.14476,59.03712],[23.1414,59.03665],[23.12954,59.03919],[23.12891,59.03732],[23.12983,59.03525],[23.12806,59.03222],[23.12459,59.03002],[23.12015,59.03049],[23.11666,59.02742],[23.1168,59.02471],[23.1191,59.02221],[23.11915,59.01954],[23.12023,59.01549],[23.11971,59.01119],[23.12152,59.00948],[23.12601,59.00782],[23.12751,59.00672],[23.12824,59.00406],[23.1348,59.00248],[23.14022,59.0023],[23.14238,59.0006],[23.14384,58.99776],[23.14399,58.99546],[23.14944,58.99079],[23.15514,58.98779],[23.15974,58.984],[23.16201,58.98322],[23.164,58.98396],[23.16894,58.98301],[23.16843,58.98147],[23.17015,58.98012],[23.16984,58.97747],[23.16833,58.97627],[23.16476,58.97671],[23.16037,58.97877],[23.15634,58.97836],[23.1557,58.97704],[23.15227,58.97622],[23.15396,58.97138],[23.15694,58.96915],[23.1597,58.96592],[23.15962,58.96401],[23.16503,58.96136],[23.16549,58.96003],[23.17059,58.95948],[23.17179,58.96054],[23.17579,58.95944],[23.17515,58.96177],[23.17678,58.96342],[23.17783,58.96631],[23.18237,58.96669],[23.18443,58.96562],[23.18433,58.96096],[23.19135,58.96214],[23.189,58.96657],[23.18755,58.96784],[23.18814,58.97234],[23.19133,58.97212],[23.19616,58.97056],[23.19601,58.96942],[23.20002,58.96678],[23.20414,58.96486],[23.2073,58.96424],[23.20936,58.96688],[23.21105,58.96785],[23.21378,58.96655],[23.2146,58.96311],[23.21877,58.96201],[23.22058,58.9625],[23.22165,58.96443],[23.22114,58.96629],[23.21562,58.96911],[23.21439,58.97025],[23.21584,58.97723],[23.2156,58.97905],[23.21718,58.98008],[23.21654,58.98281],[23.22001,58.98395],[23.22455,58.98272],[23.2302,58.98195],[23.23805,58.9838],[23.23687,58.98146],[23.24357,58.98044],[23.2438,58.97902],[23.24647,58.9774],[23.25084,58.97749],[23.25546,58.97555],[23.26292,58.97127],[23.26692,58.96851],[23.26755,58.9668],[23.27066,58.96582],[23.27399,58.96377],[23.27716,58.96258],[23.28167,58.95931],[23.28571,58.95835],[23.28665,58.95672],[23.29541,58.95671],[23.30859,58.95443],[23.31083,58.95607],[23.30703,58.95617],[23.30404,58.95714],[23.29751,58.95767],[23.28802,58.95995],[23.28446,58.96299],[23.28823,58.96289],[23.28772,58.96425],[23.28874,58.96714],[23.28673,58.96933],[23.28566,58.97191],[23.28803,58.9734],[23.29104,58.97288],[23.29214,58.97158],[23.2973,58.97237],[23.29738,58.97419],[23.29963,58.97596],[23.30269,58.97492],[23.30403,58.97326],[23.30144,58.97146],[23.30482,58.97116],[23.30485,58.97309],[23.30988,58.97501],[23.31499,58.9722],[23.31705,58.9743],[23.32066,58.97257],[23.32509,58.97198],[23.32495,58.97387],[23.32838,58.97479],[23.32637,58.978],[23.32648,58.98006],[23.32989,58.98117],[23.32778,58.98213],[23.32737,58.9848],[23.32975,58.98582],[23.33141,58.98435],[23.33005,58.98246],[23.33527,58.98013],[23.33864,58.98079],[23.34222,58.97978],[23.34398,58.98015],[23.34785,58.98372],[23.35188,58.98153],[23.35347,58.97844],[23.35603,58.98022],[23.35969,58.97826],[23.3623,58.97764],[23.36485,58.97598],[23.36957,58.97472],[23.37163,58.97332],[23.37398,58.97399],[23.37597,58.9762],[23.37603,58.97995],[23.3797,58.98168],[23.38332,58.98483],[23.38321,58.98653],[23.38654,58.9881],[23.38628,58.98956],[23.38795,58.9922],[23.38591,58.99428],[23.38277,58.9961],[23.38036,58.99903],[23.36999,59.00249],[23.36843,59.00472],[23.36466,59.00685],[23.36344,59.00833],[23.3637,59.01286],[23.36518,59.01483],[23.35982,59.01519],[23.35799,59.01613],[23.35704,59.01798],[23.35869,59.01955],[23.35614,59.02096],[23.3521,59.02181],[23.34778,59.02132],[23.3465,59.02349],[23.34484,59.02368],[23.3446,59.02708],[23.34354,59.02881],[23.33905,59.0298],[23.33738,59.03174],[23.33272,59.03371],[23.33039,59.03558],[23.32746,59.03606],[23.3273,59.03415],[23.32903,59.03272],[23.32731,59.032],[23.31924,59.03148],[23.32368,59.02849],[23.32025,59.02718],[23.32436,59.02653],[23.32437,59.02436],[23.31928,59.02418],[23.32042,59.02655],[23.31721,59.02708],[23.31395,59.02628],[23.30951,59.0291],[23.30833,59.03334],[23.3041,59.03602],[23.30168,59.03461],[23.29819,59.0339],[23.29435,59.03094],[23.29273,59.02412],[23.28991,59.02415],[23.28859,59.02215],[23.28421,59.02308],[23.28026,59.02714],[23.27709,59.02585],[23.27788,59.02425],[23.2758,59.02337],[23.2761,59.01955],[23.27345,59.0199],[23.26772,59.01895],[23.26634,59.02079],[23.26755,59.02378],[23.2644,59.02372],[23.26239,59.02647],[23.25911,59.02794],[23.25201,59.02992],[23.24811,59.03002],[23.25133,59.0318],[23.25178,59.03525],[23.24639,59.03711],[23.24208,59.03703],[23.23649,59.03845],[23.22948,59.03914],[23.22636,59.0403],[23.22663,59.03786],[23.22524,59.03628],[23.22037,59.03557],[23.21857,59.03726],[23.21128,59.03762],[23.2063,59.03912],[23.20109,59.03935],[23.2001,59.04072],[23.19513,59.04076],[23.19494,59.04332],[23.19224,59.04757]]],[[[23.52286,59.13306],[23.5209,59.13158],[23.51862,59.13137],[23.51975,59.12911],[23.52607,59.12868],[23.52695,59.13117],[23.52396,59.13163],[23.52286,59.13306]]],[[[23.36337,59.30389],[23.36174,59.30461],[23.35886,59.30338],[23.35856,59.30132],[23.36193,59.29838],[23.3653,59.2962],[23.37227,59.29034],[23.37823,59.28672],[23.38094,59.28803],[23.38568,59.28603],[23.38564,59.28797],[23.39053,59.28661],[23.3957,59.28442],[23.39831,59.28554],[23.40069,59.28464],[23.40346,59.28231],[23.40326,59.28056],[23.40514,59.27887],[23.4058,59.2763],[23.40918,59.27468],[23.41111,59.27475],[23.41066,59.2784],[23.41303,59.27927],[23.41823,59.27918],[23.42078,59.27773],[23.42793,59.27907],[23.42689,59.28084],[23.42007,59.28657],[23.41664,59.28851],[23.40913,59.2919],[23.40536,59.29419],[23.39855,59.29743],[23.39005,59.29918],[23.38514,59.3008],[23.38131,59.30141],[23.37631,59.30284],[23.36843,59.30397],[23.36337,59.30389]]]]},"properties":{"area_code":"0057","area_name":"LÄÄNE COUNTY"}},
{"type":"Feature","geometry":{"type":"MultiPolygon","coordinates":[[[[25.9137,59.27134],[25.91251,59.26904],[25.91354,59.26676],[25.91367,59.26383],[25.91576,59.2623],[25.90468,59.26132],[25.90298,59.25963],[25.9029,59.25351],[25.90468,59.25255],[25.91872,59.25063],[25.92349,59.25129],[25.93202,59.25176],[25.93062,59.24708],[25.92598,59.24064],[25.92667,59.23568],[25.9256,59.23457],[25.92632,59.23163],[25.924,59.23031],[25.92693,59.22281],[25.93264,59.2242],[25.94605,59.22812],[25.96717,59.22106],[25.96707,59.21986],[25.96429,59.21883],[25.96085,59.21644],[25.95817,59.2153],[25.95647,59.20868],[25.93985,59.20544],[25.94274,59.20148],[25.94587,59.20051],[25.94792,59.1983],[25.94322,59.19663],[25.93832,59.19547],[25.93522,59.19353],[25.93843,59.18998],[25.95067,59.19143],[25.95155,59.18956],[25.95524,59.18941],[25.95762,59.19025],[25.96027,59.18744],[25.96506,59.18842],[25.97044,59.18553],[25.97678,59.18118],[25.97977,59.18306],[25.98107,59.18252],[25.98602,59.18463],[25.99169,59.18816],[25.99513,59.18917],[25.99775,59.18801],[26.00152,59.18451],[26.00567,59.18625],[26.00676,59.1839],[26.00978,59.17973],[26.01181,59.17254],[26.01391,59.16903],[26.01711,59.16513],[26.01694,59.16317],[26.01238,59.15942],[26.01145,59.15693],[26.00991,59.15567],[26.00238,59.15493],[25.99157,59.15346],[25.98808,59.14809],[25.98116,59.1429],[25.98205,59.14165],[25.98167,59.13598],[25.981,59.13425],[25.97674,59.12977],[25.97821,59.12245],[25.97492,59.12196],[25.9665,59.1223],[25.96096,59.12392],[25.95095,59.11771],[25.9456,59.11637],[25.94689,59.10815],[25.93872,59.10383],[25.93693,59.1053],[25.93635,59.09726],[25.9399,59.09634],[25.94111,59.09112],[25.93586,59.09048],[25.93528,59.08077],[25.92632,59.07506],[25.91344,59.06761],[25.917,59.0641],[25.92303,59.05883],[25.92344,59.05737],[25.92825,59.06047],[25.93308,59.06639],[25.93447,59.06576],[25.93871,59.06132],[25.94298,59.05868],[25.94521,59.05604],[25.95335,59.05831],[25.96142,59.06201],[25.96228,59.06514],[25.96471,59.06523],[25.975,59.06198],[25.98386,59.05547],[25.99445,59.05016],[26.01656,59.05434],[26.02775,59.05529],[26.04508,59.0483],[26.04878,59.04514],[26.05138,59.04194],[26.05429,59.03459],[26.05588,59.02817],[26.05874,59.02158],[26.06314,59.01765],[26.07484,59.01625],[26.08326,59.01572],[26.08825,59.01504],[26.08783,59.01311],[26.08959,59.00561],[26.09111,59.00242],[26.09661,58.99934],[26.11399,58.9943],[26.12238,58.99208],[26.12529,58.99027],[26.13405,58.99037],[26.13363,58.98871],[26.13544,58.98719],[26.13833,58.9866],[26.13892,58.98356],[26.13645,58.98021],[26.13344,58.98018],[26.13599,58.97701],[26.1349,58.97242],[26.13799,58.97055],[26.13495,58.96908],[26.13389,58.9653],[26.13484,58.96309],[26.14272,58.9648],[26.14288,58.96214],[26.14857,58.95402],[26.15372,58.95189],[26.16009,58.95232],[26.16306,58.95076],[26.16193,58.9466],[26.16004,58.94426],[26.15776,58.93441],[26.15834,58.93123],[26.16134,58.92805],[26.16496,58.92587],[26.1686,58.92198],[26.1689,58.92054],[26.16545,58.91611],[26.1662,58.91471],[26.16284,58.91139],[26.16122,58.91077],[26.1621,58.90911],[26.161,58.90702],[26.15743,58.90684],[26.15818,58.90545],[26.15537,58.90497],[26.15612,58.90273],[26.1559,58.90005],[26.15166,58.89855],[26.15271,58.89777],[26.15043,58.89474],[26.15239,58.89378],[26.15477,58.89126],[26.15795,58.89103],[26.1577,58.88924],[26.15921,58.88986],[26.17276,58.89174],[26.18381,58.89134],[26.21186,58.89174],[26.24042,58.89348],[26.25653,58.89646],[26.2695,58.89864],[26.26604,58.90375],[26.27051,58.90561],[26.27086,58.9068],[26.26966,58.91323],[26.2812,58.91464],[26.28648,58.91023],[26.29051,58.9114],[26.29186,58.91412],[26.2923,58.91724],[26.31218,58.92092],[26.33816,58.92133],[26.34003,58.91898],[26.34197,58.91148],[26.34517,58.90838],[26.3364,58.90591],[26.3372,58.90409],[26.34041,58.90172],[26.3475,58.90126],[26.34907,58.89942],[26.35169,58.89411],[26.3556,58.89172],[26.36213,58.89016],[26.36569,58.88058],[26.37553,58.88146],[26.3761,58.87766],[26.38334,58.87867],[26.40442,58.87878],[26.41191,58.87696],[26.42084,58.87972],[26.41563,58.88389],[26.42881,58.88793],[26.43058,58.88756],[26.43457,58.88876],[26.44095,58.88763],[26.44683,58.88773],[26.44882,58.8884],[26.45019,58.89139],[26.44884,58.89808],[26.46329,58.89982],[26.46665,58.90472],[26.46066,58.90968],[26.45721,58.92179],[26.47633,58.92314],[26.47333,58.92669],[26.47501,58.92824],[26.47349,58.93296],[26.47251,58.93402],[26.4751,58.93557],[26.49167,58.93737],[26.48878,58.94417],[26.50619,58.946],[26.5093,58.94604],[26.52658,58.94831],[26.54268,58.94338],[26.54053,58.93964],[26.5453,58.93663],[26.54092,58.93401],[26.54729,58.93352],[26.56492,58.93313],[26.57888,58.93591],[26.61389,58.94702],[26.61866,58.95076],[26.62883,58.95386],[26.69756,58.96903],[26.69803,58.9637],[26.70386,58.96142],[26.70887,58.96263],[26.7164,58.96446],[26.72153,58.96602],[26.72848,58.96757],[26.72888,58.96856],[26.73464,58.97457],[26.75986,58.97712],[26.76009,58.97623],[26.78322,58.97875],[26.79967,58.98886],[26.80489,58.9971],[26.7988,59.00678],[26.79841,59.00781],[26.7998,59.02153],[26.82052,59.0287],[26.8215,59.03481],[26.81008,59.03899],[26.80714,59.03951],[26.81216,59.07946],[26.81731,59.12337],[26.82135,59.12333],[26.82862,59.11967],[26.84227,59.12443],[26.84939,59.13037],[26.8578,59.137],[26.85881,59.13662],[26.89722,59.13969],[26.89703,59.14316],[26.89935,59.14629],[26.90675,59.14406],[26.90928,59.1422],[26.91236,59.13641],[26.93225,59.1362],[26.935,59.13752],[26.94046,59.14146],[26.93877,59.14407],[26.9357,59.14624],[26.93581,59.149],[26.93759,59.15136],[26.93686,59.15307],[26.93691,59.15795],[26.93918,59.16003],[26.93986,59.16265],[26.94184,59.16575],[26.9528,59.1647],[26.9485,59.18123],[26.93478,59.18027],[26.92724,59.18386],[26.9281,59.18631],[26.93937,59.19575],[26.93136,59.2073],[26.92298,59.21104],[26.91816,59.21439],[26.91549,59.21447],[26.89259,59.21855],[26.8824,59.22021],[26.84374,59.23116],[26.85326,59.23518],[26.84652,59.26104],[26.84591,59.26392],[26.76131,59.23979],[26.7523,59.26679],[26.74205,59.26633],[26.74318,59.2711],[26.74777,59.28709],[26.7496,59.28894],[26.74774,59.29133],[26.74235,59.29385],[26.74987,59.2967],[26.75255,59.29677],[26.76284,59.30524],[26.76452,59.30474],[26.76804,59.31086],[26.7699,59.3152],[26.77572,59.32662],[26.77678,59.32944],[26.78597,59.32848],[26.78915,59.33486],[26.79133,59.3376],[26.81124,59.33509],[26.81207,59.33653],[26.81724,59.34151],[26.81881,59.34452],[26.80517,59.34415],[26.80432,59.34835],[26.79707,59.34825],[26.79072,59.35322],[26.78133,59.35403],[26.78229,59.3562],[26.78116,59.35794],[26.77717,59.35674],[26.76678,59.35538],[26.76132,59.35501],[26.74949,59.35473],[26.74688,59.35489],[26.7444,59.35252],[26.7384,59.3538],[26.73769,59.35818],[26.72593,59.36208],[26.72227,59.36014],[26.72022,59.35556],[26.70847,59.35463],[26.70196,59.35866],[26.70628,59.36197],[26.71536,59.36831],[26.7245,59.36975],[26.72896,59.37112],[26.73732,59.37222],[26.74355,59.37382],[26.74316,59.37923],[26.75194,59.37936],[26.75158,59.38084],[26.74605,59.38212],[26.75631,59.38496],[26.75106,59.39044],[26.7442,59.39708],[26.74207,59.39765],[26.73532,59.40241],[26.74172,59.40424],[26.73151,59.40788],[26.72822,59.41087],[26.74912,59.41566],[26.75118,59.41687],[26.7605,59.41818],[26.76781,59.41003],[26.78475,59.40738],[26.79493,59.40717],[26.79521,59.41062],[26.79479,59.41561],[26.79354,59.41674],[26.78836,59.42485],[26.78687,59.43343],[26.78761,59.44617],[26.7878,59.45723],[26.78817,59.46271],[26.77931,59.4687],[26.78004,59.4716],[26.76903,59.47877],[26.77398,59.48453],[26.76842,59.48837],[26.76895,59.49026],[26.76352,59.49165],[26.75951,59.49454],[26.75582,59.49496],[26.7602,59.49932],[26.75902,59.49992],[26.76218,59.50258],[26.75588,59.50359],[26.75184,59.50382],[26.74588,59.50565],[26.74763,59.5084],[26.74281,59.50913],[26.74605,59.51072],[26.74702,59.51195],[26.74965,59.51222],[26.75051,59.51445],[26.74724,59.51598],[26.74752,59.51917],[26.744,59.51796],[26.74194,59.51866],[26.74266,59.5203],[26.73963,59.52118],[26.73518,59.51857],[26.73225,59.51988],[26.72828,59.52017],[26.72304,59.51821],[26.71864,59.51913],[26.71642,59.52022],[26.71357,59.52356],[26.713,59.52687],[26.71159,59.5287],[26.70338,59.52926],[26.70308,59.53026],[26.69977,59.5316],[26.69534,59.5344],[26.69179,59.5348],[26.68923,59.53651],[26.68122,59.53661],[26.67614,59.53546],[26.66484,59.53759],[26.66072,59.53908],[26.65763,59.54209],[26.65294,59.54306],[26.651,59.54452],[26.65085,59.54626],[26.64185,59.54653],[26.63415,59.54597],[26.62351,59.54676],[26.62088,59.54913],[26.62051,59.55108],[26.614,59.55089],[26.60604,59.55271],[26.60392,59.55017],[26.60001,59.54936],[26.59496,59.54985],[26.59558,59.55162],[26.59254,59.55186],[26.58883,59.55006],[26.58447,59.54865],[26.58068,59.54847],[26.58078,59.54733],[26.58528,59.54476],[26.58987,59.54443],[26.59151,59.53988],[26.59047,59.5368],[26.58372,59.52875],[26.57688,59.52446],[26.5724,59.52224],[26.56234,59.51969],[26.54867,59.51863],[26.54645,59.51791],[26.54417,59.5194],[26.54188,59.52226],[26.53577,59.5205],[26.52498,59.51952],[26.5199,59.51869],[26.51027,59.51777],[26.50095,59.51851],[26.5077,59.51585],[26.51046,59.5155],[26.5124,59.51349],[26.50631,59.51155],[26.50182,59.51257],[26.50085,59.51349],[26.49702,59.51364],[26.49451,59.51508],[26.49393,59.51701],[26.49006,59.51853],[26.4848,59.51965],[26.48035,59.5211],[26.47745,59.52335],[26.47739,59.52566],[26.47598,59.52797],[26.46932,59.53012],[26.46962,59.53512],[26.46785,59.53565],[26.4656,59.53389],[26.46052,59.53287],[26.45433,59.53309],[26.4465,59.53485],[26.44218,59.53706],[26.44099,59.53846],[26.43416,59.54063],[26.43861,59.5433],[26.43791,59.54495],[26.43188,59.54404],[26.42356,59.54553],[26.42221,59.54657],[26.42257,59.54841],[26.41861,59.54781],[26.41224,59.54819],[26.40997,59.54941],[26.40735,59.54909],[26.39122,59.54915],[26.3881,59.54976],[26.38011,59.5501],[26.3711,59.55139],[26.3686,59.55297],[26.36878,59.55476],[26.36532,59.55493],[26.36371,59.55698],[26.36003,59.55631],[26.35217,59.55591],[26.34528,59.55482],[26.34276,59.55519],[26.33529,59.55497],[26.32611,59.55613],[26.32113,59.55857],[26.31823,59.56211],[26.31082,59.56589],[26.30381,59.56783],[26.30288,59.56954],[26.2993,59.57128],[26.29187,59.57167],[26.28925,59.57261],[26.28494,59.57689],[26.28387,59.57945],[26.27883,59.579],[26.27686,59.58068],[26.27353,59.58158],[26.27405,59.58374],[26.26966,59.58549],[26.26444,59.58623],[26.25407,59.58523],[26.23954,59.58584],[26.23735,59.58635],[26.23387,59.58599],[26.22619,59.58728],[26.21644,59.58714],[26.20804,59.58649],[26.20065,59.58502],[26.19796,59.58486],[26.18668,59.58556],[26.1852,59.58522],[26.17812,59.58579],[26.16776,59.58499],[26.16337,59.58518],[26.15954,59.58405],[26.15179,59.58424],[26.14841,59.58375],[26.14096,59.58371],[26.1357,59.5845],[26.13082,59.5845],[26.12662,59.5853],[26.11963,59.58554],[26.11818,59.58679],[26.1112,59.58481],[26.10252,59.585],[26.10012,59.5845],[26.09709,59.58536],[26.09641,59.58814],[26.09132,59.59118],[26.08864,59.59175],[26.08573,59.59484],[26.0887,59.59775],[26.09303,59.59963],[26.09868,59.6005],[26.0909,59.60192],[26.09058,59.60272],[26.08553,59.60211],[26.08193,59.60248],[26.07761,59.60467],[26.06631,59.60535],[26.06408,59.60657],[26.06282,59.60859],[26.05916,59.61056],[26.05842,59.61231],[26.06158,59.61266],[26.06053,59.6141],[26.05722,59.61433],[26.05349,59.6155],[26.05094,59.61779],[26.04941,59.61667],[26.04679,59.61759],[26.04678,59.62077],[26.05255,59.62363],[26.05691,59.6265],[26.05431,59.62758],[26.05153,59.62509],[26.04769,59.62392],[26.04514,59.62431],[26.0403,59.62261],[26.03406,59.62342],[26.03221,59.62406],[26.03278,59.62588],[26.03177,59.62747],[26.02593,59.6279],[26.02373,59.62469],[26.02444,59.62236],[26.0222,59.62009],[26.0145,59.61772],[26.01257,59.61561],[26.00903,59.61604],[26.00618,59.61319],[26.00309,59.6147],[26.00043,59.61313],[25.99686,59.613],[25.99246,59.61509],[25.99148,59.61763],[25.98917,59.61898],[25.98347,59.61934],[25.98069,59.62148],[25.98387,59.62282],[25.9855,59.62544],[25.98982,59.62542],[25.98285,59.62793],[25.97963,59.63008],[25.97592,59.63117],[25.97946,59.63311],[25.97798,59.63477],[25.97519,59.63319],[25.96957,59.63255],[25.96769,59.63395],[25.96373,59.63417],[25.96506,59.63169],[25.96582,59.62484],[25.96816,59.62189],[25.97108,59.61506],[25.97528,59.60989],[25.97577,59.60752],[25.97541,59.60437],[25.97395,59.60305],[25.9726,59.5992],[25.97488,59.59767],[25.97751,59.59708],[25.97767,59.59424],[25.97587,59.59229],[25.97564,59.5899],[25.97676,59.58802],[25.97385,59.58655],[25.97104,59.58331],[25.96819,59.58198],[25.96477,59.58124],[25.96034,59.57889],[25.94244,59.5781],[25.93019,59.57849],[25.9238,59.57966],[25.9197,59.58147],[25.91632,59.58193],[25.91044,59.58519],[25.91037,59.58642],[25.91398,59.58905],[25.91164,59.5905],[25.91165,59.59267],[25.91639,59.59711],[25.92152,59.59934],[25.92324,59.60214],[25.9239,59.60494],[25.92115,59.60583],[25.91993,59.60769],[25.92107,59.609],[25.91864,59.61112],[25.91569,59.61244],[25.91579,59.61348],[25.91221,59.6163],[25.90788,59.61477],[25.89959,59.6149],[25.89431,59.61585],[25.88953,59.61539],[25.88402,59.61554],[25.87635,59.61727],[25.87299,59.61935],[25.87232,59.62196],[25.86935,59.6238],[25.86714,59.62395],[25.86616,59.61987],[25.86722,59.61751],[25.86502,59.61388],[25.86648,59.60749],[25.86974,59.60403],[25.86816,59.60168],[25.8707,59.60044],[25.87153,59.59889],[25.86769,59.5937],[25.86979,59.58992],[25.87183,59.5891],[25.87381,59.58512],[25.8742,59.58196],[25.87377,59.57916],[25.87178,59.57766],[25.8709,59.57513],[25.86874,59.57269],[25.86373,59.56984],[25.85691,59.56808],[25.85505,59.56852],[25.85178,59.57127],[25.84972,59.57123],[25.84766,59.56872],[25.84323,59.56785],[25.84176,59.56688],[25.8344,59.5647],[25.83032,59.564],[25.83165,59.5608],[25.8365,59.56095],[25.83879,59.55792],[25.84175,59.55589],[25.83491,59.54966],[25.83385,59.54777],[25.83203,59.54786],[25.82055,59.54568],[25.80431,59.54345],[25.79876,59.54115],[25.79503,59.539],[25.7973,59.53538],[25.80173,59.53194],[25.80087,59.52738],[25.79912,59.52449],[25.80492,59.52398],[25.81286,59.52269],[25.81606,59.52248],[25.81679,59.52103],[25.81472,59.51917],[25.82003,59.51495],[25.82496,59.51036],[25.82792,59.50987],[25.82692,59.50739],[25.82928,59.50646],[25.82848,59.50256],[25.82914,59.50024],[25.83239,59.49918],[25.83238,59.498],[25.84508,59.44421],[25.85604,59.44481],[25.85666,59.44211],[25.87752,59.4434],[25.87791,59.44181],[25.88008,59.44161],[25.88129,59.4351],[25.88895,59.43541],[25.8891,59.43331],[25.89314,59.43113],[25.89628,59.42904],[25.89713,59.42769],[25.89491,59.42404],[25.88718,59.41607],[25.88572,59.41482],[25.88384,59.41327],[25.88574,59.4107],[25.89103,59.40877],[25.88419,59.40573],[25.88807,59.40283],[25.89339,59.4018],[25.89631,59.39885],[25.8943,59.39776],[25.89855,59.38852],[25.89724,59.38766],[25.9077,59.38403],[25.91459,59.37865],[25.91831,59.37726],[25.91907,59.37279],[25.92183,59.37193],[25.92233,59.37044],[25.92703,59.36749],[25.92835,59.3657],[25.93003,59.35759],[25.93209,59.35467],[25.93413,59.35363],[25.93471,59.34601],[25.93117,59.34264],[25.93358,59.3351],[25.93699,59.33333],[25.93673,59.32646],[25.93863,59.3264],[25.93844,59.32319],[25.93963,59.3173],[25.94224,59.3152],[25.93725,59.3094],[25.93844,59.30816],[25.94352,59.29871],[25.94548,59.29597],[25.94973,59.29184],[25.95016,59.29036],[25.94574,59.28649],[25.94797,59.28357],[25.95163,59.28098],[25.95148,59.27988],[25.95528,59.27816],[25.94771,59.27518],[25.9428,59.2742],[25.91896,59.27282],[25.9137,59.27134]]],[[[25.9124,59.61852],[25.91283,59.61997],[25.91126,59.6208],[25.9126,59.62454],[25.91007,59.62367],[25.90979,59.62128],[25.91231,59.61967],[25.9124,59.61852]]],[[[26.51047,59.68153],[26.50879,59.6754],[26.51151,59.67464],[26.51334,59.67664],[26.51101,59.67904],[26.51047,59.68153]]],[[[26.36314,59.81458],[26.36251,59.81696],[26.35872,59.81668],[26.36314,59.81458]]]]},"properties":{"area_code":"0059","area_name":"LÄÄNE-VIRU COUNTY"}},
{"type":"Feature","geometry":{"type":"MultiPolygon","coordinates":[[[[27.57693,58.10831],[27.57375,58.10806],[27.57226,58.10474],[27.5785,58.10626],[27.57923,58.10819],[27.57693,58.10831]]],[[[27.48065,58.1912],[27.47428,58.19204],[27.43909,58.19554],[27.42649,58.19509],[27.42516,58.20204],[27.41593,58.21046],[27.40447,58.20964],[27.39902,58.21135],[27.3948,58.20809],[27.39037,58.20792],[27.38332,58.21074],[27.35726,58.22015],[27.35274,58.21507],[27.32812,58.21802],[27.27171,58.22425],[27.27545,58.23296],[27.28012,58.24512],[27.24469,58.2475],[27.24496,58.25006],[27.24167,58.24838],[27.23959,58.24888],[27.24031,58.25066],[27.24251,58.25206],[27.24171,58.25329],[27.22766,58.25294],[27.21388,58.25512],[27.20671,58.25478],[27.19666,58.25278],[27.19325,58.25248],[27.18734,58.25293],[27.17646,58.25315],[27.16654,58.25391],[27.16002,58.25664],[27.15114,58.26693],[27.14775,58.26804],[27.13991,58.26747],[27.13407,58.26352],[27.13428,58.25659],[27.13328,58.25448],[27.13392,58.25147],[27.12646,58.24745],[27.12351,58.24826],[27.1251,58.25024],[27.12094,58.25089],[27.11921,58.24952],[27.10965,58.24874],[27.09426,58.24607],[27.08629,58.24527],[27.08112,58.2522],[27.08128,58.25353],[27.07497,58.25789],[27.07151,58.25664],[27.06884,58.25846],[27.06469,58.25837],[27.0592,58.26423],[27.04623,58.26316],[27.0469,58.26176],[27.04096,58.26004],[27.04628,58.25404],[27.04248,58.25153],[27.04349,58.24981],[27.04044,58.24786],[27.03742,58.24677],[27.03856,58.24416],[27.0406,58.24285],[27.04285,58.24027],[27.0421,58.23817],[27.03166,58.2331],[27.02921,58.23221],[27.02544,58.22863],[27.02168,58.23309],[27.01792,58.23672],[27.01338,58.23336],[27.00544,58.22914],[26.99765,58.22667],[26.99548,58.2263],[26.98247,58.22526],[26.98135,58.22914],[26.97608,58.23097],[26.97796,58.23442],[26.98016,58.2366],[26.9794,58.23774],[26.98162,58.23889],[26.97939,58.24258],[26.97445,58.24083],[26.96773,58.23955],[26.96321,58.24027],[26.95962,58.24196],[26.95613,58.23959],[26.95442,58.23668],[26.95198,58.23573],[26.94849,58.23906],[26.93699,58.23904],[26.93554,58.23714],[26.92924,58.22725],[26.91661,58.22661],[26.91402,58.23164],[26.91706,58.23294],[26.91194,58.23768],[26.9178,58.241],[26.91084,58.24596],[26.90714,58.24923],[26.90256,58.24872],[26.90179,58.24691],[26.8959,58.24402],[26.89328,58.24321],[26.88852,58.24028],[26.88466,58.2368],[26.88766,58.23502],[26.88288,58.23349],[26.87809,58.23433],[26.87176,58.22579],[26.87264,58.22364],[26.86879,58.21831],[26.86774,58.21503],[26.86574,58.21275],[26.86476,58.20329],[26.86395,58.20165],[26.8655,58.20015],[26.86027,58.19942],[26.85882,58.19712],[26.85449,58.19583],[26.85309,58.19651],[26.84905,58.19657],[26.84509,58.19577],[26.8415,58.19043],[26.83519,58.18755],[26.83613,58.18618],[26.82847,58.1833],[26.82584,58.18294],[26.82132,58.18047],[26.8173,58.18174],[26.81507,58.18398],[26.81276,58.18479],[26.81014,58.18354],[26.80819,58.18448],[26.80253,58.18309],[26.79795,58.18266],[26.79546,58.18353],[26.78631,58.17941],[26.78317,58.17844],[26.7809,58.17866],[26.77476,58.17685],[26.77296,58.17585],[26.77317,58.1743],[26.76686,58.17434],[26.76655,58.16873],[26.75929,58.17],[26.7558,58.17242],[26.74893,58.17211],[26.74581,58.16836],[26.74483,58.166],[26.73699,58.16574],[26.73984,58.1681],[26.74025,58.1695],[26.74699,58.17352],[26.7482,58.17654],[26.74353,58.18134],[26.74412,58.18491],[26.74189,58.18725],[26.74156,58.18896],[26.73369,58.1888],[26.73147,58.19119],[26.72002,58.18841],[26.7186,58.18704],[26.70788,58.18016],[26.70054,58.18022],[26.69859,58.17766],[26.69316,58.17834],[26.68802,58.17727],[26.6776,58.17717],[26.67442,58.1786],[26.67023,58.17835],[26.66667,58.17906],[26.66441,58.18068],[26.65987,58.18091],[26.65886,58.18301],[26.65633,58.18148],[26.65617,58.17824],[26.65358,58.177],[26.65323,58.17466],[26.65629,58.1733],[26.65468,58.16971],[26.65597,58.16723],[26.65512,58.1651],[26.65837,58.16578],[26.66105,58.15829],[26.67497,58.15593],[26.675,58.1549],[26.65905,58.1556],[26.66019,58.15187],[26.65838,58.14943],[26.66173,58.14641],[26.67276,58.1462],[26.67014,58.14391],[26.66385,58.14116],[26.65493,58.13636],[26.65469,58.13496],[26.6578,58.13494],[26.66166,58.13173],[26.65844,58.13046],[26.65848,58.12645],[26.64957,58.12538],[26.64521,58.12443],[26.6341,58.12475],[26.62811,58.12302],[26.62369,58.12059],[26.61899,58.11952],[26.60973,58.11872],[26.61014,58.11425],[26.61163,58.11185],[26.61098,58.11008],[26.61267,58.1081],[26.5981,58.10263],[26.59868,58.10027],[26.59555,58.09964],[26.59144,58.09967],[26.59325,58.0847],[26.58654,58.08245],[26.57652,58.07648],[26.57657,58.07354],[26.57875,58.07154],[26.57512,58.07065],[26.57039,58.06654],[26.57531,58.06571],[26.57444,58.06305],[26.57472,58.05581],[26.58279,58.05671],[26.58821,58.05874],[26.58843,58.0537],[26.583,58.04977],[26.5815,58.04778],[26.58159,58.0437],[26.58288,58.04062],[26.58914,58.03875],[26.5943,58.03847],[26.59241,58.03714],[26.59202,58.03415],[26.5929,58.03184],[26.59097,58.03063],[26.59031,58.02893],[26.59203,58.02771],[26.59104,58.02556],[26.59195,58.02449],[26.59195,58.02085],[26.58897,58.01941],[26.58445,58.01919],[26.58235,58.01734],[26.58456,58.01449],[26.5835,58.01299],[26.58271,58.00967],[26.57259,58.00919],[26.57104,58.00729],[26.57103,58.00552],[26.5684,58.00371],[26.56932,58.00268],[26.56801,58.00055],[26.57282,57.99752],[26.57265,57.99592],[26.57549,57.99532],[26.57603,57.99408],[26.57973,57.99093],[26.58321,57.9908],[26.58501,57.9892],[26.58028,57.98824],[26.57912,57.98451],[26.58283,57.98363],[26.58279,57.9771],[26.58334,57.97619],[26.58908,57.97459],[26.58769,57.97341],[26.58119,57.97391],[26.57929,57.97269],[26.58188,57.97009],[26.57846,57.9683],[26.58004,57.96501],[26.57764,57.96456],[26.57834,57.963],[26.57397,57.96249],[26.56737,57.96086],[26.56569,57.9587],[26.56673,57.95485],[26.57247,57.95591],[26.57721,57.9549],[26.58057,57.94929],[26.57749,57.94738],[26.58563,57.94191],[26.58991,57.94293],[26.59088,57.94401],[26.59558,57.94444],[26.59834,57.94619],[26.60154,57.9462],[26.59943,57.94099],[26.60527,57.93953],[26.60634,57.93836],[26.61235,57.93818],[26.61321,57.93511],[26.62166,57.93493],[26.62595,57.93258],[26.62668,57.93066],[26.62033,57.93011],[26.62455,57.92781],[26.62763,57.93059],[26.63177,57.93051],[26.63656,57.93306],[26.64143,57.93313],[26.65482,57.93541],[26.657,57.92998],[26.66304,57.93012],[26.66437,57.92957],[26.66786,57.93106],[26.67656,57.93198],[26.68116,57.93138],[26.6857,57.93418],[26.6915,57.93602],[26.69573,57.9347],[26.70055,57.93591],[26.69997,57.93786],[26.70572,57.93874],[26.71088,57.94107],[26.71732,57.93519],[26.72116,57.93411],[26.72652,57.93337],[26.72999,57.93107],[26.7364,57.93186],[26.73787,57.93072],[26.74234,57.92971],[26.74404,57.93096],[26.7472,57.93107],[26.75185,57.92906],[26.75064,57.92822],[26.75173,57.92525],[26.75355,57.92435],[26.75599,57.92183],[26.76044,57.92361],[26.76432,57.92675],[26.77035,57.92792],[26.77513,57.92982],[26.77978,57.92663],[26.78467,57.9278],[26.78889,57.92708],[26.79402,57.92743],[26.79369,57.92908],[26.79777,57.92915],[26.79866,57.92497],[26.80689,57.91831],[26.80999,57.91548],[26.81245,57.91738],[26.82662,57.91953],[26.82663,57.92141],[26.82898,57.92283],[26.83316,57.92227],[26.84356,57.92514],[26.85003,57.92528],[26.85281,57.92473],[26.85834,57.92267],[26.86682,57.92279],[26.88742,57.92677],[26.89858,57.92654],[26.898,57.92265],[26.89799,57.91736],[26.91195,57.92558],[26.92254,57.9248],[26.92897,57.92614],[26.94036,57.9289],[26.94045,57.93173],[26.94431,57.93204],[26.95736,57.93823],[26.95827,57.93799],[26.97224,57.94051],[26.97208,57.93079],[26.97106,57.92471],[26.97508,57.92102],[26.98586,57.91985],[26.98814,57.91573],[26.995,57.91473],[26.99739,57.91566],[26.99733,57.91878],[27.00116,57.91839],[27.00072,57.91437],[27.00513,57.91399],[27.01451,57.91462],[27.01905,57.91618],[27.02181,57.91428],[27.02025,57.91267],[27.0252,57.91215],[27.05223,57.91429],[27.05154,57.91011],[27.06013,57.90931],[27.08702,57.90639],[27.08826,57.9086],[27.08011,57.9121],[27.07982,57.9138],[27.07589,57.91613],[27.0696,57.91815],[27.06687,57.92231],[27.06576,57.9282],[27.06334,57.92876],[27.05622,57.93395],[27.05398,57.93513],[27.05882,57.93828],[27.05882,57.94225],[27.06789,57.94259],[27.06725,57.94727],[27.07431,57.94756],[27.07429,57.94853],[27.08333,57.94876],[27.09156,57.9466],[27.09596,57.94938],[27.10411,57.95282],[27.11614,57.957],[27.11645,57.95403],[27.11328,57.94947],[27.12087,57.94688],[27.12021,57.94573],[27.139,57.9477],[27.14295,57.94571],[27.14696,57.94142],[27.15429,57.93616],[27.15747,57.93271],[27.15975,57.92421],[27.16716,57.92474],[27.17513,57.92726],[27.17736,57.92507],[27.17945,57.92452],[27.17997,57.92292],[27.18304,57.9222],[27.18309,57.92011],[27.18483,57.91804],[27.18429,57.9157],[27.18593,57.91508],[27.19012,57.91758],[27.20739,57.91887],[27.21379,57.91899],[27.21245,57.91456],[27.22016,57.91164],[27.22412,57.91115],[27.22774,57.90986],[27.22837,57.90844],[27.23129,57.90807],[27.23743,57.90853],[27.23783,57.90684],[27.2407,57.90505],[27.25202,57.90692],[27.2621,57.90904],[27.26778,57.9069],[27.27356,57.90528],[27.27411,57.90429],[27.27804,57.90251],[27.2859,57.90027],[27.28667,57.89918],[27.29022,57.89849],[27.29351,57.89903],[27.29631,57.89764],[27.30212,57.90304],[27.29853,57.90494],[27.30007,57.91667],[27.31092,57.91704],[27.3138,57.90692],[27.31073,57.90694],[27.30723,57.90496],[27.31596,57.90098],[27.325,57.90265],[27.33505,57.8988],[27.33904,57.89414],[27.33689,57.89387],[27.33527,57.88989],[27.33153,57.88656],[27.32596,57.88737],[27.32301,57.87966],[27.31024,57.88015],[27.31228,57.87808],[27.30712,57.87535],[27.30734,57.8744],[27.30443,57.87328],[27.29999,57.87437],[27.29284,57.87516],[27.29368,57.86952],[27.29164,57.86596],[27.28546,57.86522],[27.27977,57.85897],[27.27794,57.85557],[27.27502,57.84884],[27.27362,57.84457],[27.3036,57.84379],[27.30817,57.8438],[27.3111,57.83178],[27.32627,57.83153],[27.32969,57.82817],[27.33021,57.82619],[27.32957,57.82402],[27.33442,57.82427],[27.33654,57.82245],[27.33932,57.82224],[27.34357,57.8236],[27.34931,57.82448],[27.3506,57.8235],[27.34843,57.81911],[27.35314,57.81746],[27.35593,57.81858],[27.3584,57.82134],[27.36155,57.82031],[27.36451,57.82319],[27.36234,57.82618],[27.36548,57.82765],[27.37002,57.82666],[27.37282,57.82742],[27.37324,57.82879],[27.37824,57.83266],[27.37729,57.8334],[27.37921,57.8354],[27.38293,57.83441],[27.3837,57.83217],[27.38888,57.8337],[27.38931,57.83527],[27.39418,57.83549],[27.39694,57.8372],[27.39975,57.83795],[27.40362,57.83808],[27.41019,57.83769],[27.4139,57.83856],[27.41663,57.84036],[27.42503,57.83962],[27.42862,57.8382],[27.43226,57.83865],[27.43391,57.83788],[27.43944,57.83759],[27.44015,57.83868],[27.44431,57.83983],[27.44786,57.83777],[27.45429,57.83662],[27.4618,57.83583],[27.46466,57.83453],[27.47008,57.83454],[27.47195,57.83388],[27.47372,57.83584],[27.4757,57.83512],[27.48029,57.83588],[27.48437,57.83369],[27.49033,57.83451],[27.4932,57.83254],[27.50159,57.8319],[27.50585,57.8304],[27.50967,57.83301],[27.51397,57.83136],[27.51831,57.83186],[27.52244,57.83108],[27.52402,57.83213],[27.52801,57.83178],[27.53124,57.83242],[27.53382,57.83164],[27.53876,57.83362],[27.54434,57.83381],[27.54675,57.83181],[27.54864,57.83205],[27.5521,57.83392],[27.55768,57.83389],[27.56087,57.83149],[27.56485,57.83113],[27.56588,57.832],[27.56929,57.83154],[27.57142,57.83241],[27.57645,57.83206],[27.5793,57.83363],[27.58105,57.83304],[27.58432,57.8341],[27.59632,57.83363],[27.60206,57.83562],[27.60559,57.83561],[27.60843,57.83784],[27.61516,57.83869],[27.62224,57.84007],[27.62459,57.83829],[27.62635,57.83917],[27.63205,57.84051],[27.63831,57.84048],[27.63961,57.84103],[27.64368,57.83951],[27.64939,57.83892],[27.65197,57.83962],[27.65664,57.83915],[27.66015,57.83996],[27.66382,57.83875],[27.66697,57.83841],[27.66977,57.83696],[27.67359,57.83641],[27.6758,57.83722],[27.68226,57.8352],[27.68727,57.83552],[27.68873,57.83671],[27.692,57.83677],[27.69343,57.83804],[27.69705,57.83821],[27.69887,57.83953],[27.70032,57.84197],[27.70334,57.84224],[27.70812,57.84838],[27.71075,57.84737],[27.7072,57.84232],[27.70864,57.84109],[27.71592,57.84009],[27.71691,57.83739],[27.7187,57.83627],[27.7222,57.83622],[27.72536,57.83516],[27.72589,57.83237],[27.73005,57.83062],[27.73244,57.8305],[27.74079,57.82776],[27.75738,57.83484],[27.75628,57.83705],[27.76976,57.83413],[27.77631,57.83315],[27.77702,57.83567],[27.77984,57.83766],[27.78348,57.83828],[27.78756,57.84347],[27.79557,57.84127],[27.79827,57.84369],[27.79831,57.84464],[27.79295,57.84601],[27.79436,57.85113],[27.79762,57.85369],[27.80135,57.85564],[27.81156,57.85965],[27.81579,57.8627],[27.81332,57.86423],[27.81666,57.86488],[27.81565,57.86674],[27.81605,57.86853],[27.81304,57.87107],[27.8109,57.87135],[27.81059,57.87304],[27.81478,57.87666],[27.81437,57.87934],[27.8169,57.88216],[27.81337,57.88328],[27.80881,57.88541],[27.80927,57.88684],[27.81834,57.88926],[27.81854,57.89168],[27.81662,57.89293],[27.8166,57.89569],[27.81208,57.89678],[27.79974,57.89804],[27.79583,57.89824],[27.78249,57.89768],[27.77045,57.89463],[27.76124,57.89561],[27.75458,57.8975],[27.75595,57.90292],[27.75257,57.90174],[27.75098,57.90276],[27.74722,57.90042],[27.74057,57.90305],[27.73062,57.90605],[27.72322,57.90534],[27.71674,57.90381],[27.70572,57.90019],[27.69502,57.90764],[27.7082,57.9073],[27.71911,57.91223],[27.7168,57.91401],[27.71687,57.91948],[27.71887,57.92024],[27.70979,57.92217],[27.70996,57.923],[27.67854,57.9237],[27.68437,57.92808],[27.68076,57.93549],[27.67602,57.93434],[27.67165,57.93763],[27.66688,57.9418],[27.66947,57.94618],[27.66521,57.95052],[27.6597,57.95267],[27.65642,57.95549],[27.66001,57.95733],[27.66563,57.95829],[27.67402,57.95802],[27.68394,57.96009],[27.6846,57.96598],[27.68379,57.96733],[27.68617,57.97097],[27.6797,57.97132],[27.67857,57.97439],[27.6821,57.97885],[27.68988,57.98642],[27.69666,57.98888],[27.69618,57.99269],[27.69433,57.99421],[27.69786,57.99532],[27.69605,57.99655],[27.698,57.99798],[27.69494,57.99957],[27.6927,57.99908],[27.68837,57.9996],[27.688,58.00116],[27.69214,58.00269],[27.6905,58.00433],[27.68743,58.0042],[27.68319,58.0048],[27.6775,58.00746],[27.67402,58.00654],[27.67267,58.00706],[27.66726,58.00693],[27.66526,58.00914],[27.66299,58.00994],[27.66312,58.01208],[27.66081,58.01462],[27.65855,58.01473],[27.65477,58.01638],[27.65143,58.0152],[27.6533,58.01246],[27.65289,58.01033],[27.65347,58.00771],[27.65609,58.00575],[27.65357,58.00502],[27.65346,58.00371],[27.64947,58.00262],[27.64948,57.99891],[27.65505,57.99918],[27.65882,57.99862],[27.6541,57.99576],[27.64899,57.99724],[27.64518,57.99998],[27.63826,58.00098],[27.6351,57.99943],[27.63413,58.00102],[27.62942,58.00235],[27.62935,57.99897],[27.63288,57.99636],[27.62811,57.99497],[27.62941,57.99356],[27.62784,57.99089],[27.6261,57.991],[27.62499,57.99289],[27.62264,57.99286],[27.62129,57.99086],[27.62009,57.98697],[27.61849,57.98622],[27.61793,57.98431],[27.61951,57.98118],[27.61636,57.97751],[27.61509,57.97526],[27.61853,57.97484],[27.6193,57.97229],[27.61843,57.96481],[27.62058,57.9635],[27.62357,57.9631],[27.62723,57.96035],[27.62892,57.95733],[27.62891,57.95284],[27.62807,57.95164],[27.63156,57.94924],[27.63595,57.94778],[27.63882,57.94945],[27.64325,57.94834],[27.64572,57.94615],[27.64164,57.94445],[27.63655,57.94559],[27.63449,57.94741],[27.6313,57.94808],[27.62891,57.94948],[27.62517,57.9531],[27.62781,57.9575],[27.62532,57.96064],[27.62061,57.96131],[27.61657,57.96408],[27.60969,57.97447],[27.60805,57.97979],[27.60848,57.98284],[27.61063,57.9888],[27.61046,57.9925],[27.60921,57.99367],[27.60607,57.99437],[27.60557,57.99554],[27.60957,57.99617],[27.61322,57.99745],[27.616,57.99707],[27.62073,57.99982],[27.61918,58.00165],[27.61967,58.0036],[27.61658,58.00655],[27.61383,58.00624],[27.6094,58.00706],[27.60732,58.00822],[27.60623,58.0103],[27.60763,58.01191],[27.60326,58.01402],[27.60279,58.01593],[27.59953,58.01686],[27.60021,58.01913],[27.60191,58.02002],[27.59852,58.0224],[27.59573,58.02235],[27.59386,58.02365],[27.58934,58.02503],[27.58925,58.02813],[27.58627,58.03012],[27.58521,58.03166],[27.58693,58.03444],[27.58999,58.03708],[27.59451,58.03876],[27.59889,58.03811],[27.60049,58.0399],[27.60012,58.04119],[27.60417,58.04316],[27.60385,58.04656],[27.60227,58.04773],[27.60154,58.05006],[27.60246,58.05074],[27.60128,58.05283],[27.59973,58.05324],[27.59592,58.05655],[27.59468,58.0593],[27.59545,58.06437],[27.58898,58.06471],[27.58919,58.06702],[27.5917,58.07064],[27.59538,58.07111],[27.59888,58.07302],[27.60206,58.073],[27.6017,58.07545],[27.60727,58.07832],[27.60186,58.07939],[27.59972,58.08112],[27.59754,58.08146],[27.59327,58.08065],[27.58904,58.08705],[27.58536,58.08742],[27.58546,58.09023],[27.58128,58.09123],[27.57762,58.08969],[27.5728,58.08919],[27.56958,58.08935],[27.5655,58.09089],[27.56568,58.09311],[27.56483,58.09551],[27.56573,58.09752],[27.56166,58.09812],[27.55675,58.10043],[27.55366,58.10142],[27.54913,58.10152],[27.54309,58.10096],[27.54007,58.10019],[27.53365,58.10091],[27.52955,58.10363],[27.52821,58.10688],[27.52832,58.11091],[27.5302,58.11395],[27.53383,58.11614],[27.53213,58.11735],[27.53053,58.12087],[27.53003,58.12874],[27.52336,58.13067],[27.5221,58.13183],[27.52222,58.13369],[27.52396,58.13428],[27.52155,58.13649],[27.5228,58.13829],[27.52162,58.13932],[27.52091,58.14197],[27.5134,58.1449],[27.51078,58.14712],[27.51015,58.14868],[27.50711,58.14977],[27.50615,58.153],[27.50669,58.15508],[27.50569,58.15733],[27.5025,58.15875],[27.50012,58.16065],[27.49804,58.16366],[27.49775,58.16571],[27.49607,58.16628],[27.49825,58.16824],[27.49909,58.17188],[27.49578,58.17671],[27.49555,58.18028],[27.48862,58.18438],[27.48662,58.187],[27.48234,58.18766],[27.48065,58.1912]]]]},"properties":{"area_code":"0065","area_name":"PÕLVA COUNTY"}},
{"type":"Feature","geometry":{"type":"MultiPolygon","coordinates":[[[[25.20201,58.7243],[25.19544,58.7267],[25.17505,58.72377],[25.16577,58.72328],[25.1567,58.71887],[25.12777,58.72281],[25.12164,58.72339],[25.10804,58.72381],[25.10813,58.72484],[25.10081,58.72395],[25.07924,58.72518],[25.07766,58.72801],[25.06444,58.72945],[25.06452,58.72679],[25.06969,58.72521],[25.06212,58.72307],[25.06377,58.72174],[25.05787,58.72108],[25.05365,58.71738],[25.05107,58.71285],[25.04892,58.71076],[25.04348,58.71058],[25.04159,58.70988],[25.03632,58.71001],[25.0325,58.7076],[25.03042,58.70773],[25.02539,58.70993],[25.02285,58.71005],[25.02158,58.71138],[25.02402,58.71408],[25.02045,58.71567],[25.01367,58.71477],[25.01003,58.7131],[25.00524,58.70849],[25.00058,58.70946],[24.99107,58.70962],[24.99119,58.7061],[24.98877,58.70532],[24.98321,58.70118],[24.98331,58.70008],[24.97121,58.69969],[24.96627,58.69386],[24.96347,58.68503],[24.95507,58.68348],[24.95398,58.68273],[24.94954,58.67253],[24.94593,58.66341],[24.93807,58.66478],[24.93129,58.66132],[24.92356,58.66226],[24.92417,58.66499],[24.91831,58.66976],[24.91686,58.67281],[24.91756,58.67791],[24.91234,58.67847],[24.91576,58.68248],[24.91302,58.68258],[24.90924,58.68672],[24.90697,58.70318],[24.91319,58.72209],[24.91728,58.72645],[24.9192,58.73324],[24.90225,58.74335],[24.88266,58.74633],[24.88456,58.74955],[24.88009,58.74958],[24.87584,58.7509],[24.86232,58.75702],[24.86088,58.7554],[24.84776,58.75189],[24.84165,58.74889],[24.83442,58.74762],[24.83279,58.74423],[24.83365,58.74352],[24.82387,58.7413],[24.81856,58.73648],[24.81943,58.73521],[24.81448,58.73343],[24.80578,58.7332],[24.80302,58.7323],[24.79919,58.73274],[24.79953,58.73625],[24.79446,58.73741],[24.78364,58.73523],[24.776,58.73334],[24.76963,58.73271],[24.76446,58.73525],[24.76009,58.73567],[24.75716,58.73753],[24.75195,58.73819],[24.74853,58.73997],[24.74236,58.74047],[24.73993,58.74007],[24.73589,58.74217],[24.73292,58.74255],[24.72955,58.74466],[24.72804,58.74744],[24.72449,58.7478],[24.72006,58.74593],[24.71631,58.74488],[24.70864,58.74435],[24.69889,58.74675],[24.6962,58.74657],[24.69357,58.74864],[24.68986,58.74943],[24.68973,58.75032],[24.68332,58.74952],[24.67847,58.74678],[24.67639,58.74309],[24.67499,58.74193],[24.66326,58.72817],[24.6609,58.72579],[24.65798,58.72476],[24.65128,58.72363],[24.64417,58.72128],[24.63471,58.71898],[24.63323,58.71673],[24.62105,58.71466],[24.60812,58.71178],[24.60391,58.71046],[24.59993,58.70771],[24.5937,58.70626],[24.57004,58.70531],[24.56758,58.70456],[24.5666,58.71029],[24.56203,58.71012],[24.56251,58.71196],[24.56495,58.7139],[24.57284,58.71638],[24.57653,58.71808],[24.5805,58.72174],[24.56824,58.73067],[24.56357,58.73193],[24.55668,58.73573],[24.55293,58.73742],[24.54494,58.73981],[24.53803,58.7385],[24.53032,58.73627],[24.52627,58.73268],[24.52193,58.72729],[24.48556,58.71806],[24.4797,58.71238],[24.47952,58.70769],[24.47782,58.70329],[24.47658,58.70166],[24.47341,58.69545],[24.46855,58.69293],[24.46931,58.6905],[24.47281,58.69019],[24.45977,58.68311],[24.45677,58.68028],[24.45298,58.68131],[24.44951,58.67924],[24.44402,58.67884],[24.42838,58.67713],[24.41922,58.67245],[24.4147,58.67228],[24.41002,58.67075],[24.3949,58.66374],[24.3896,58.66313],[24.38523,58.6558],[24.37762,58.65681],[24.37721,58.6585],[24.37356,58.65998],[24.36653,58.66029],[24.35678,58.66122],[24.3556,58.66355],[24.30013,58.67041],[24.28071,58.6723],[24.26665,58.67724],[24.25648,58.67868],[24.25146,58.68014],[24.24477,58.68058],[24.24144,58.68159],[24.23848,58.68345],[24.23324,58.68363],[24.23131,58.68416],[24.22831,58.68218],[24.18395,58.67571],[24.1312,58.69974],[24.12551,58.69533],[24.11624,58.68956],[24.10186,58.68411],[24.09127,58.67952],[24.08785,58.68271],[24.04021,58.6752],[24.04551,58.6708],[24.00803,58.67469],[24.00709,58.68064],[23.99925,58.68483],[23.99441,58.68581],[23.98705,58.68333],[23.98047,58.68239],[23.97171,58.6773],[23.97526,58.67727],[23.97401,58.66433],[23.9802,58.66366],[23.98338,58.65699],[23.98746,58.64671],[23.98756,58.63978],[23.9881,58.63196],[23.96896,58.62733],[23.95684,58.62562],[23.95755,58.62368],[23.95557,58.62325],[23.9566,58.62018],[23.95464,58.61773],[23.9483,58.61261],[23.94671,58.60941],[23.9305,58.61095],[23.92659,58.61173],[23.92132,58.61354],[23.90166,58.62223],[23.89688,58.62396],[23.88867,58.62617],[23.89092,58.63083],[23.88435,58.63176],[23.867,58.6415],[23.85853,58.63851],[23.8674,58.6333],[23.87379,58.63018],[23.8814,58.61823],[23.88476,58.61359],[23.88076,58.61102],[23.86754,58.60869],[23.87216,58.60128],[23.88222,58.58892],[23.89234,58.57798],[23.89735,58.57383],[23.90639,58.56696],[23.91577,58.56422],[23.91612,58.55029],[23.91296,58.55105],[23.90397,58.55531],[23.90191,58.55669],[23.89416,58.55634],[23.88958,58.55567],[23.88335,58.5555],[23.8792,58.55481],[23.86555,58.55846],[23.85724,58.55249],[23.84913,58.554],[23.84179,58.55597],[23.83847,58.55417],[23.83308,58.5566],[23.81987,58.55971],[23.81609,58.5513],[23.80802,58.55098],[23.80563,58.54853],[23.80126,58.54984],[23.79821,58.54983],[23.79789,58.54767],[23.78455,58.54557],[23.77547,58.53777],[23.77094,58.53898],[23.75358,58.5424],[23.74475,58.53482],[23.72999,58.53772],[23.72042,58.54179],[23.71955,58.5435],[23.71018,58.54904],[23.70046,58.54932],[23.69061,58.54935],[23.67216,58.54749],[23.66367,58.54569],[23.66422,58.54459],[23.65232,58.53854],[23.64185,58.54157],[23.63634,58.5415],[23.63356,58.54372],[23.63254,58.54578],[23.62751,58.54769],[23.62228,58.54489],[23.61923,58.54381],[23.61313,58.53919],[23.6108,58.53658],[23.6133,58.5375],[23.61723,58.53634],[23.61812,58.53401],[23.62317,58.5312],[23.62524,58.53191],[23.6277,58.52909],[23.62665,58.52707],[23.62795,58.52444],[23.63612,58.5232],[23.6388,58.52129],[23.64388,58.5197],[23.64501,58.52064],[23.65275,58.51972],[23.65364,58.51675],[23.65108,58.51512],[23.65251,58.51333],[23.65507,58.51464],[23.66018,58.51422],[23.66426,58.5168],[23.66479,58.51886],[23.66102,58.52127],[23.66261,58.52162],[23.66308,58.52361],[23.66499,58.52596],[23.67451,58.53065],[23.67717,58.52975],[23.67648,58.52517],[23.67941,58.52441],[23.68399,58.52507],[23.68061,58.5211],[23.68618,58.52071],[23.69,58.51996],[23.6894,58.51834],[23.6857,58.51799],[23.68406,58.51626],[23.68002,58.51583],[23.68412,58.51288],[23.68025,58.51051],[23.68233,58.50761],[23.68681,58.50778],[23.68719,58.50695],[23.69194,58.50601],[23.69121,58.50302],[23.69212,58.49915],[23.68891,58.49966],[23.68596,58.49929],[23.68618,58.49701],[23.68399,58.4951],[23.68284,58.49169],[23.68381,58.49106],[23.68811,58.49143],[23.69121,58.48958],[23.69033,58.4861],[23.69303,58.48193],[23.69177,58.4805],[23.68904,58.47983],[23.68725,58.47698],[23.68501,58.47593],[23.68529,58.47374],[23.6837,58.47224],[23.68305,58.46815],[23.68327,58.46349],[23.68679,58.46119],[23.68472,58.45838],[23.68544,58.45596],[23.68381,58.45192],[23.68065,58.45195],[23.68109,58.4501],[23.68447,58.44686],[23.68311,58.4449],[23.67876,58.44521],[23.67909,58.44236],[23.68328,58.44037],[23.68339,58.43699],[23.68089,58.43554],[23.68079,58.43372],[23.68584,58.43378],[23.68862,58.43235],[23.68727,58.43141],[23.68737,58.42863],[23.68901,58.42862],[23.69222,58.42704],[23.69145,58.4237],[23.69418,58.42154],[23.69489,58.41909],[23.69825,58.41844],[23.7027,58.41538],[23.70434,58.4127],[23.70735,58.41043],[23.70882,58.40776],[23.70878,58.4052],[23.71064,58.40361],[23.71081,58.4019],[23.71528,58.39805],[23.71519,58.39494],[23.71645,58.39273],[23.71668,58.38954],[23.71766,58.38755],[23.71773,58.38505],[23.72154,58.38365],[23.72247,58.3822],[23.72752,58.38062],[23.72813,58.37825],[23.7327,58.37576],[23.73571,58.37206],[23.73605,58.37024],[23.73505,58.36696],[23.73869,58.3666],[23.74077,58.36434],[23.74334,58.36275],[23.74586,58.35864],[23.74655,58.35479],[23.7457,58.3526],[23.74257,58.35084],[23.73861,58.35064],[23.73865,58.34861],[23.74119,58.34758],[23.74229,58.34559],[23.74539,58.34389],[23.7471,58.34108],[23.74971,58.34036],[23.75029,58.33837],[23.75255,58.33665],[23.76014,58.33489],[23.76137,58.33412],[23.76506,58.33391],[23.76581,58.33907],[23.76367,58.34236],[23.76438,58.34397],[23.76835,58.34485],[23.7701,58.34608],[23.76539,58.347],[23.76299,58.34683],[23.76346,58.34503],[23.75939,58.34427],[23.75954,58.34265],[23.75703,58.34089],[23.75486,58.3474],[23.75292,58.35003],[23.7539,58.35125],[23.75733,58.35119],[23.75861,58.34951],[23.76164,58.3475],[23.76457,58.34723],[23.76577,58.34851],[23.76507,58.35022],[23.76805,58.35038],[23.76993,58.35222],[23.76733,58.35385],[23.76701,58.35516],[23.77223,58.35517],[23.77389,58.35291],[23.77619,58.35202],[23.7794,58.34939],[23.78368,58.34798],[23.78553,58.34957],[23.78753,58.34832],[23.78903,58.34614],[23.78874,58.34411],[23.79215,58.34296],[23.79541,58.34261],[23.79891,58.34665],[23.79605,58.3476],[23.79704,58.34934],[23.80265,58.34629],[23.80905,58.34182],[23.8159,58.3391],[23.81661,58.33972],[23.82723,58.33918],[23.82381,58.34242],[23.82313,58.34516],[23.82156,58.34514],[23.82144,58.34825],[23.82768,58.34998],[23.82723,58.35394],[23.82623,58.35576],[23.82706,58.35762],[23.83145,58.35818],[23.83281,58.35898],[23.83858,58.36007],[23.84298,58.35686],[23.84458,58.35421],[23.84869,58.35232],[23.84926,58.35076],[23.85304,58.3491],[23.85405,58.34721],[23.85571,58.34669],[23.8546,58.34487],[23.8586,58.34244],[23.8629,58.33816],[23.8651,58.3368],[23.86613,58.3328],[23.86863,58.33225],[23.87258,58.32762],[23.87504,58.32609],[23.87562,58.32372],[23.87801,58.32209],[23.88163,58.32172],[23.88303,58.32246],[23.88736,58.32187],[23.89071,58.3195],[23.89374,58.31805],[23.89919,58.3174],[23.90323,58.31449],[23.90751,58.3148],[23.908,58.31748],[23.90966,58.3209],[23.90961,58.32748],[23.91166,58.33082],[23.9155,58.33098],[23.91766,58.32882],[23.92134,58.3283],[23.92399,58.32656],[23.93182,58.32442],[23.93493,58.32247],[23.93802,58.32213],[23.94134,58.32616],[23.94982,58.32779],[23.95792,58.32502],[23.96068,58.323],[23.96122,58.32129],[23.96324,58.32029],[23.96372,58.31862],[23.966,58.31762],[23.96763,58.315],[23.971,58.31554],[23.9735,58.31327],[23.97232,58.31213],[23.97604,58.30959],[23.98115,58.30979],[23.97979,58.31179],[23.97507,58.31267],[23.97556,58.31426],[23.98013,58.31557],[23.98202,58.31244],[23.98718,58.31063],[23.99396,58.30433],[23.99956,58.29724],[24.00171,58.29913],[24.00128,58.30286],[24.00365,58.30284],[24.00353,58.30505],[24.00073,58.30562],[23.99972,58.30769],[23.99852,58.31321],[23.99925,58.3163],[23.99814,58.31718],[23.99759,58.32014],[24.00014,58.32164],[24.00455,58.31999],[24.00708,58.32071],[24.01122,58.3204],[24.01343,58.31663],[24.01337,58.31514],[24.0163,58.31331],[24.02126,58.30543],[24.02625,58.30127],[24.02936,58.30261],[24.03196,58.30261],[24.03453,58.30146],[24.03772,58.29832],[24.03934,58.29511],[24.04101,58.29484],[24.04258,58.29208],[24.04225,58.28831],[24.04411,58.28336],[24.04864,58.284],[24.05139,58.28225],[24.0515,58.28009],[24.05293,58.27861],[24.05326,58.27567],[24.05802,58.2752],[24.05894,58.27113],[24.06246,58.26743],[24.06379,58.2644],[24.0626,58.26314],[24.06783,58.25914],[24.072,58.25541],[24.07405,58.2544],[24.07495,58.25223],[24.08347,58.25036],[24.08624,58.24794],[24.09209,58.24837],[24.09747,58.24459],[24.10241,58.24378],[24.10867,58.24096],[24.11144,58.24049],[24.11303,58.23856],[24.11394,58.23458],[24.11614,58.23502],[24.11884,58.23384],[24.12228,58.23406],[24.11966,58.23644],[24.12085,58.23892],[24.1201,58.24196],[24.12387,58.24159],[24.12906,58.24501],[24.13522,58.24563],[24.13723,58.24807],[24.13713,58.25028],[24.14084,58.25179],[24.14542,58.25157],[24.14784,58.25209],[24.15013,58.25364],[24.14838,58.25496],[24.15409,58.2551],[24.15351,58.25631],[24.16077,58.25731],[24.16072,58.25915],[24.15735,58.26005],[24.15798,58.26231],[24.16015,58.26299],[24.16407,58.26236],[24.16689,58.26296],[24.16745,58.26599],[24.17039,58.26939],[24.17414,58.27079],[24.17953,58.26541],[24.18529,58.26507],[24.18911,58.2685],[24.19894,58.27003],[24.20344,58.26655],[24.20614,58.2669],[24.207,58.26873],[24.2101,58.27022],[24.21323,58.27016],[24.21613,58.27203],[24.21981,58.26899],[24.22231,58.26883],[24.23047,58.27271],[24.2434,58.27456],[24.25181,58.2742],[24.25795,58.27659],[24.26495,58.27607],[24.26748,58.27931],[24.2662,58.28038],[24.2662,58.2825],[24.26438,58.28391],[24.26634,58.28765],[24.27027,58.29126],[24.27391,58.29302],[24.27842,58.29791],[24.27644,58.30052],[24.27796,58.30155],[24.27787,58.30438],[24.27928,58.30601],[24.28041,58.31155],[24.28366,58.3165],[24.28484,58.32],[24.28663,58.3206],[24.28714,58.32236],[24.28936,58.32424],[24.29076,58.32658],[24.29094,58.33074],[24.28721,58.33482],[24.28714,58.33651],[24.28881,58.33859],[24.29089,58.34519],[24.29249,58.34722],[24.29051,58.34982],[24.2905,58.3526],[24.29293,58.35755],[24.29231,58.35921],[24.29232,58.36451],[24.29466,58.36828],[24.29677,58.36934],[24.29831,58.37254],[24.30371,58.37724],[24.30688,58.37914],[24.31709,58.38168],[24.32763,58.38318],[24.33166,58.38465],[24.33574,58.384],[24.34092,58.38404],[24.34262,58.38465],[24.35077,58.38539],[24.35195,58.3849],[24.36928,58.38561],[24.39353,58.38598],[24.40332,58.38665],[24.40707,58.38618],[24.41267,58.38701],[24.42044,58.38722],[24.42756,58.38601],[24.43309,58.3855],[24.43909,58.38452],[24.4538,58.3811],[24.46564,58.37704],[24.46949,58.374],[24.47467,58.37809],[24.4788,58.37695],[24.48538,58.37594],[24.51105,58.37035],[24.51495,58.36895],[24.52297,58.36703],[24.52627,58.36541],[24.53205,58.36377],[24.53923,58.36078],[24.54134,58.3615],[24.5425,58.35915],[24.54481,58.35763],[24.54784,58.35708],[24.55191,58.35442],[24.55513,58.35444],[24.55516,58.35109],[24.55835,58.34932],[24.56123,58.34609],[24.56467,58.34529],[24.56818,58.34324],[24.56326,58.34314],[24.56488,58.34174],[24.56838,58.34042],[24.57541,58.33594],[24.57589,58.33377],[24.57808,58.33273],[24.57854,58.3295],[24.58077,58.32777],[24.58223,58.3232],[24.58485,58.31886],[24.58697,58.31275],[24.58752,58.30936],[24.5874,58.30543],[24.5852,58.30034],[24.5816,58.29716],[24.57943,58.29635],[24.57919,58.29425],[24.57726,58.2925],[24.57374,58.29131],[24.57265,58.29018],[24.56913,58.28967],[24.57023,58.28848],[24.56144,58.28422],[24.55909,58.2809],[24.55408,58.27688],[24.55099,58.27623],[24.54789,58.27475],[24.54482,58.27419],[24.54157,58.27283],[24.5392,58.27313],[24.53724,58.27195],[24.53142,58.27132],[24.52782,58.26933],[24.5245,58.26879],[24.52228,58.26678],[24.51702,58.26557],[24.51228,58.26141],[24.50266,58.26039],[24.49923,58.26063],[24.49907,58.2589],[24.49402,58.25766],[24.49098,58.25794],[24.48889,58.25717],[24.48949,58.2556],[24.48749,58.25374],[24.48556,58.25351],[24.48545,58.25091],[24.4831,58.24798],[24.48131,58.24705],[24.47768,58.24667],[24.47323,58.24741],[24.4705,58.24864],[24.46829,58.24507],[24.47234,58.24455],[24.48005,58.24154],[24.48146,58.23868],[24.48283,58.23776],[24.48318,58.23553],[24.48007,58.23262],[24.48055,58.23146],[24.47712,58.22818],[24.47453,58.22476],[24.47855,58.22259],[24.47692,58.22123],[24.47636,58.2184],[24.47229,58.21661],[24.46691,58.21539],[24.46733,58.2142],[24.46316,58.21126],[24.46769,58.20999],[24.46863,58.20799],[24.47247,58.2073],[24.47246,58.20152],[24.47093,58.19835],[24.46839,58.19916],[24.46728,58.1975],[24.46496,58.19714],[24.46559,58.1946],[24.46463,58.19194],[24.46216,58.19053],[24.45906,58.1873],[24.45962,58.18428],[24.45635,58.17985],[24.45396,58.17765],[24.45286,58.17452],[24.45622,58.17383],[24.45918,58.17483],[24.46067,58.17622],[24.46536,58.17429],[24.46874,58.17108],[24.46827,58.16767],[24.46861,58.16343],[24.46722,58.16226],[24.47022,58.16143],[24.47049,58.15917],[24.47306,58.15846],[24.47341,58.1572],[24.48004,58.15286],[24.47973,58.14918],[24.47767,58.14674],[24.47523,58.14523],[24.47332,58.14304],[24.475,58.14051],[24.47499,58.13903],[24.47709,58.13694],[24.47887,58.13692],[24.48248,58.13315],[24.48221,58.13081],[24.47592,58.13056],[24.47688,58.12609],[24.48018,58.12432],[24.4777,58.12317],[24.47953,58.11943],[24.47717,58.11373],[24.4757,58.11278],[24.47552,58.10862],[24.471,58.10399],[24.46696,58.10217],[24.46861,58.09923],[24.46657,58.09754],[24.46863,58.09548],[24.47156,58.09572],[24.47528,58.09433],[24.48046,58.09052],[24.47979,58.08856],[24.47954,58.08422],[24.48107,58.08156],[24.48023,58.07911],[24.48141,58.07877],[24.48025,58.07583],[24.47836,58.07414],[24.48064,58.07257],[24.47833,58.07049],[24.47857,58.06686],[24.47577,58.06316],[24.47472,58.0578],[24.47178,58.0548],[24.46932,58.05335],[24.46946,58.05155],[24.46789,58.04754],[24.46257,58.04238],[24.46296,58.0399],[24.45754,58.03586],[24.45552,58.03341],[24.45484,58.03114],[24.4532,58.03091],[24.45146,58.02648],[24.44972,58.02571],[24.44999,58.02255],[24.44843,58.02035],[24.44867,58.0184],[24.44732,58.0163],[24.44678,58.01081],[24.44453,58.0079],[24.43993,58.00694],[24.43871,58.00361],[24.4324,58.00226],[24.42861,58.00016],[24.42786,57.99859],[24.42488,57.99811],[24.42313,57.99912],[24.41936,57.99687],[24.41805,57.99322],[24.41533,57.99077],[24.41289,57.98707],[24.41066,57.98467],[24.40886,57.98169],[24.40823,57.97928],[24.40474,57.97744],[24.40545,57.97636],[24.40532,57.97298],[24.40301,57.96556],[24.39985,57.96115],[24.3973,57.9557],[24.39541,57.95565],[24.3926,57.95398],[24.38961,57.9504],[24.38877,57.94786],[24.38897,57.94131],[24.38959,57.93862],[24.38881,57.93611],[24.38889,57.93256],[24.38643,57.92666],[24.38761,57.92339],[24.38557,57.92265],[24.38371,57.92047],[24.3803,57.91908],[24.38036,57.91698],[24.3769,57.91151],[24.37441,57.9094],[24.37355,57.90699],[24.37143,57.90384],[24.36711,57.90113],[24.36456,57.89813],[24.36528,57.89719],[24.36183,57.89527],[24.35964,57.89165],[24.35948,57.88889],[24.36067,57.88382],[24.3588,57.88395],[24.3572,57.88136],[24.35688,57.87913],[24.35242,57.87659],[24.35646,57.87479],[24.36134,57.87478],[24.3654,57.87586],[24.37384,57.87518],[24.40938,57.87162],[24.41142,57.86447],[24.46013,57.88022],[24.45238,57.89939],[24.45959,57.90642],[24.44578,57.90819],[24.448,57.91029],[24.46238,57.92492],[24.51274,57.9308],[24.50975,57.93511],[24.51828,57.93691],[24.52051,57.9435],[24.53103,57.94684],[24.54314,57.94481],[24.54934,57.94998],[24.57346,57.9544],[24.58502,57.96216],[24.61029,57.95118],[24.61283,57.94641],[24.61694,57.94345],[24.62888,57.94189],[24.64538,57.95283],[24.64104,57.95443],[24.6439,57.95934],[24.67465,57.95937],[24.6814,57.95289],[24.69225,57.94654],[24.71529,57.96267],[24.73278,57.96242],[24.7433,57.96479],[24.74228,57.98199],[24.80883,57.99062],[24.82081,57.981],[24.83278,57.97168],[24.83927,57.9753],[24.8443,57.97633],[24.8471,57.97578],[24.86547,57.98075],[24.94859,58.00928],[24.99477,58.01093],[25.02039,58.0179],[25.04651,58.04033],[25.04317,58.04207],[25.03945,58.04331],[25.04027,58.04573],[25.04034,58.04932],[25.03293,58.04847],[25.03163,58.05347],[25.03025,58.0564],[25.03125,58.06038],[25.03144,58.06543],[25.03062,58.06955],[25.01444,58.0736],[25.01574,58.08015],[25.02089,58.08647],[25.02223,58.08732],[25.02419,58.0912],[25.06434,58.10279],[25.06444,58.10407],[25.05413,58.11075],[25.05798,58.11654],[25.05697,58.11701],[25.05758,58.12077],[25.06008,58.11991],[25.07832,58.12032],[25.09868,58.12094],[25.09877,58.11774],[25.10947,58.11413],[25.11257,58.11979],[25.12439,58.11976],[25.1235,58.11484],[25.12797,58.11477],[25.13114,58.1253],[25.13447,58.13018],[25.12757,58.13442],[25.12509,58.13463],[25.12366,58.13211],[25.12047,58.13142],[25.11888,58.13193],[25.1197,58.13433],[25.11279,58.13558],[25.11325,58.13826],[25.10346,58.14199],[25.10494,58.14464],[25.10575,58.15127],[25.11851,58.1497],[25.12555,58.15798],[25.12157,58.15748],[25.11639,58.16319],[25.11868,58.16799],[25.11609,58.1702],[25.12458,58.17441],[25.13427,58.16669],[25.13436,58.16501],[25.13971,58.15698],[25.13722,58.15478],[25.13743,58.15285],[25.13383,58.14846],[25.13858,58.14758],[25.1396,58.14967],[25.14506,58.1485],[25.14411,58.15207],[25.15021,58.15259],[25.15224,58.15592],[25.15147,58.15856],[25.15281,58.15945],[25.15181,58.16107],[25.1462,58.16011],[25.14196,58.16448],[25.14258,58.16537],[25.14134,58.16819],[25.14194,58.17017],[25.14617,58.1759],[25.16139,58.17597],[25.16465,58.18168],[25.16605,58.18505],[25.15073,58.18463],[25.15075,58.18792],[25.15147,58.18911],[25.15708,58.1916],[25.15816,58.19379],[25.16168,58.19504],[25.17128,58.19699],[25.18087,58.19538],[25.188,58.19574],[25.199,58.1943],[25.20632,58.19538],[25.21135,58.19766],[25.21134,58.19937],[25.20961,58.20105],[25.22075,58.2052],[25.22092,58.20673],[25.23159,58.20337],[25.23103,58.20132],[25.23237,58.19607],[25.23483,58.19594],[25.23401,58.19416],[25.2397,58.1927],[25.24129,58.19488],[25.23838,58.19772],[25.24082,58.20081],[25.24386,58.19973],[25.25193,58.2003],[25.2548,58.20419],[25.25371,58.20447],[25.249,58.21562],[25.24941,58.22024],[25.25545,58.22301],[25.25411,58.23029],[25.24583,58.23578],[25.247,58.2383],[25.24413,58.23964],[25.24102,58.24028],[25.23906,58.24253],[25.24224,58.24751],[25.25796,58.25135],[25.25557,58.25249],[25.2598,58.25338],[25.26698,58.25339],[25.27012,58.25435],[25.26605,58.25653],[25.26464,58.26605],[25.26392,58.27343],[25.2608,58.27502],[25.263,58.2777],[25.22215,58.28161],[25.18874,58.28468],[25.176,58.28599],[25.17104,58.29126],[25.16267,58.30068],[25.14987,58.31465],[25.14059,58.31904],[25.13306,58.31972],[25.11468,58.31792],[25.10483,58.3134],[25.09839,58.31122],[25.10032,58.31754],[25.09611,58.31815],[25.09816,58.32111],[25.09803,58.32256],[25.09526,58.32408],[25.09319,58.32333],[25.09351,58.32128],[25.08621,58.32035],[25.08087,58.32179],[25.07086,58.32341],[25.06498,58.32318],[25.06141,58.32393],[25.04183,58.32935],[25.03633,58.32947],[24.99041,58.32365],[24.98242,58.32272],[24.98003,58.32284],[24.97643,58.33228],[24.97284,58.34098],[24.98794,58.39837],[24.98574,58.42129],[24.98419,58.4231],[24.9849,58.42577],[24.99671,58.42174],[25.0147,58.43414],[25.01784,58.4344],[25.0146,58.4367],[25.01349,58.43829],[25.01094,58.43978],[25.01394,58.4411],[25.01369,58.44333],[25.01632,58.44432],[25.0143,58.44755],[25.01201,58.44907],[25.01299,58.45078],[25.0079,58.45121],[25.01132,58.45438],[25.01327,58.45442],[25.01076,58.48432],[25.02876,58.48876],[25.03095,58.50093],[25.03503,58.50356],[25.04543,58.50497],[25.06211,58.5077],[25.07189,58.50597],[25.07403,58.50771],[25.07661,58.51353],[25.08085,58.51728],[25.08649,58.51718],[25.09002,58.51825],[25.09268,58.51831],[25.09795,58.5171],[25.09742,58.51524],[25.11748,58.52082],[25.11966,58.52286],[25.12185,58.52026],[25.13055,58.52524],[25.13175,58.52467],[25.13555,58.52759],[25.13653,58.53055],[25.13826,58.5321],[25.14418,58.53531],[25.14552,58.53438],[25.15364,58.53748],[25.15619,58.53746],[25.15648,58.53023],[25.16102,58.53023],[25.1612,58.53188],[25.16829,58.53628],[25.17569,58.53627],[25.17721,58.54133],[25.16934,58.54114],[25.17237,58.54422],[25.17456,58.5456],[25.17662,58.54841],[25.17443,58.54874],[25.17418,58.55364],[25.17938,58.55413],[25.18953,58.55816],[25.19095,58.55969],[25.18244,58.56268],[25.18668,58.56594],[25.19323,58.56852],[25.21007,58.57016],[25.21641,58.56983],[25.24361,58.57082],[25.24631,58.57418],[25.23066,58.57839],[25.23418,58.584],[25.23176,58.5888],[25.22703,58.5918],[25.22877,58.59373],[25.2276,58.60372],[25.2251,58.61013],[25.21856,58.60973],[25.2169,58.6062],[25.21209,58.60747],[25.21216,58.60891],[25.21825,58.61757],[25.2143,58.619],[25.22275,58.6233],[25.2472,58.62834],[25.25846,58.63252],[25.27726,58.66149],[25.28253,58.66978],[25.30186,58.69815],[25.30148,58.69963],[25.30354,58.70032],[25.30613,58.70465],[25.30673,58.70724],[25.29184,58.71179],[25.2812,58.71473],[25.27345,58.71714],[25.27127,58.71501],[25.26524,58.71681],[25.26065,58.72011],[25.25112,58.72043],[25.25037,58.72252],[25.24748,58.7222],[25.20299,58.72368],[25.20201,58.7243]]],[[[24.47228,58.09429],[24.47462,58.09144],[24.47737,58.09151],[24.47228,58.09429]]],[[[24.00098,58.15492],[23.99635,58.15479],[23.98747,58.15399],[23.98661,58.15289],[23.9827,58.15145],[23.97447,58.15262],[23.9675,58.15132],[23.9641,58.15152],[23.96237,58.15021],[23.96491,58.1471],[23.96188,58.14547],[23.96058,58.14348],[23.96425,58.13933],[23.96026,58.13753],[23.96097,58.13546],[23.95848,58.13319],[23.95877,58.13201],[23.95617,58.12561],[23.95378,58.12272],[23.95492,58.12014],[23.95331,58.1177],[23.95648,58.11587],[23.95841,58.11277],[23.962,58.10553],[23.96165,58.10436],[23.96515,58.10313],[23.96522,58.099],[23.96894,58.09857],[23.97038,58.09689],[23.97374,58.0978],[23.97793,58.10065],[23.9818,58.1002],[23.98987,58.10062],[23.99333,58.1027],[23.9943,58.10416],[23.99493,58.10795],[23.99738,58.11084],[24.00248,58.11245],[24.00216,58.11399],[24.00557,58.11509],[24.00546,58.12003],[24.00724,58.12194],[24.01388,58.12666],[24.01079,58.12899],[24.01191,58.13071],[24.01003,58.13179],[24.0097,58.13405],[24.01065,58.13654],[24.01451,58.13967],[24.01816,58.1398],[24.01532,58.14187],[24.01746,58.14515],[24.01499,58.14754],[24.01791,58.14997],[24.02169,58.15205],[24.01493,58.15201],[24.01305,58.15442],[24.00942,58.15519],[24.00098,58.15492]]],[[[24.19877,58.175],[24.20114,58.17867],[24.19826,58.17943],[24.1994,58.17607],[24.19877,58.175]]],[[[24.46626,58.20834],[24.46169,58.20849],[24.46007,58.20651],[24.46125,58.20487],[24.45622,58.20263],[24.45855,58.2022],[24.4616,58.20062],[24.46555,58.20265],[24.46786,58.20455],[24.46626,58.20834]]],[[[24.14399,58.23235],[24.14067,58.23236],[24.13701,58.22932],[24.1348,58.22876],[24.13271,58.22664],[24.13263,58.22321],[24.12823,58.2214],[24.12339,58.2223],[24.12086,58.21934],[24.11933,58.21542],[24.11695,58.21251],[24.11024,58.21087],[24.10832,58.21159],[24.10729,58.21383],[24.10322,58.21124],[24.10285,58.20821],[24.10093,58.20721],[24.10222,58.20428],[24.10795,58.20598],[24.11076,58.20542],[24.11265,58.20623],[24.11638,58.20643],[24.11961,58.2079],[24.12424,58.20773],[24.12636,58.21031],[24.12634,58.21233],[24.13054,58.21445],[24.13208,58.21605],[24.13402,58.21963],[24.13376,58.22305],[24.13568,58.22432],[24.13858,58.22426],[24.13998,58.22628],[24.13925,58.22882],[24.14104,58.22952],[24.14399,58.23235]]],[[[24.00207,58.289],[24.0013,58.28709],[24.00266,58.28556],[24.00216,58.28414],[24.00508,58.28263],[24.00716,58.28047],[24.00854,58.28295],[24.00785,58.28529],[24.00233,58.28655],[24.00207,58.289]]],[[[23.79767,58.33978],[23.79506,58.33926],[23.79888,58.33593],[23.8012,58.33481],[23.80688,58.33363],[23.80609,58.33612],[23.80074,58.33779],[23.79925,58.33984],[23.79767,58.33978]]],[[[23.77675,58.34938],[23.77363,58.34803],[23.77416,58.34489],[23.7716,58.34413],[23.77196,58.34231],[23.77623,58.33992],[23.77765,58.33995],[23.7793,58.33712],[23.78308,58.33538],[23.78575,58.3334],[23.78671,58.33151],[23.79098,58.33054],[23.79274,58.33118],[23.79385,58.33321],[23.79129,58.33635],[23.78815,58.33664],[23.78511,58.3379],[23.78405,58.3401],[23.78585,58.34152],[23.78336,58.34233],[23.78327,58.34535],[23.78078,58.34604],[23.77675,58.34938]]],[[[23.73138,58.36723],[23.73117,58.36557],[23.734,58.36564],[23.73371,58.36723],[23.73138,58.36723]]],[[[23.66879,58.43987],[23.66494,58.43963],[23.66635,58.43693],[23.66879,58.43987]]],[[[23.67326,58.45013],[23.67075,58.45008],[23.66749,58.44743],[23.66336,58.44612],[23.66395,58.44381],[23.66825,58.44549],[23.66847,58.44709],[23.67326,58.45013]]],[[[23.6775,58.45347],[23.68017,58.45495],[23.67799,58.45606],[23.67369,58.4541],[23.6775,58.45347]]],[[[23.65725,58.4619],[23.65338,58.46162],[23.65186,58.46008],[23.65409,58.45948],[23.65768,58.45986],[23.65725,58.4619]]],[[[23.6394,58.46229],[23.63446,58.46069],[23.63326,58.45859],[23.63625,58.45874],[23.64077,58.45783],[23.64463,58.45854],[23.64594,58.45987],[23.64316,58.46155],[23.6394,58.46229]]]]},"properties":{"area_code":"0067","area_name":"PÄRNU COUNTY"}},
{"type":"Feature","geometry":{"type":"Polygon","coordinates":[[[24.92345,59.17179],[24.92131,59.17555],[24.92711,59.17688],[24.92369,59.18435],[24.90521,59.18234],[24.90427,59.18537],[24.90357,59.19834],[24.90284,59.19926],[24.9038,59.20672],[24.90573,59.21136],[24.90583,59.21816],[24.90911,59.22225],[24.91082,59.22572],[24.91085,59.22755],[24.90194,59.22598],[24.89588,59.22444],[24.89086,59.22471],[24.86654,59.22814],[24.85811,59.22675],[24.85272,59.22687],[24.83936,59.22456],[24.83566,59.22287],[24.82688,59.22194],[24.79369,59.22169],[24.79328,59.21565],[24.80506,59.20617],[24.80498,59.20508],[24.78777,59.20555],[24.79442,59.19904],[24.79276,59.19727],[24.79055,59.1967],[24.78719,59.19661],[24.78528,59.19867],[24.78036,59.19802],[24.77527,59.19845],[24.77335,59.20049],[24.77298,59.20333],[24.77176,59.2043],[24.761,59.20997],[24.7583,59.20822],[24.75612,59.209],[24.75224,59.21185],[24.74741,59.20959],[24.74233,59.21082],[24.73965,59.21276],[24.7341,59.2148],[24.7329,59.21813],[24.7314,59.21992],[24.72645,59.22287],[24.72324,59.22373],[24.71818,59.22183],[24.71444,59.21787],[24.71697,59.21558],[24.71704,59.21403],[24.71483,59.21173],[24.71197,59.21278],[24.71176,59.21536],[24.70892,59.21654],[24.70418,59.21489],[24.70367,59.21434],[24.70112,59.2155],[24.69623,59.21644],[24.69004,59.22128],[24.67594,59.21747],[24.67299,59.22081],[24.67087,59.22201],[24.66942,59.21959],[24.66636,59.21863],[24.66464,59.21951],[24.64561,59.21932],[24.64383,59.2139],[24.63275,59.21506],[24.62766,59.20982],[24.62547,59.2068],[24.62399,59.20283],[24.61447,59.1981],[24.60472,59.19244],[24.59652,59.18848],[24.59197,59.18868],[24.56876,59.19122],[24.5685,59.17713],[24.56338,59.1692],[24.56034,59.16507],[24.55806,59.16071],[24.55747,59.15441],[24.566,59.15015],[24.5781,59.14141],[24.57312,59.14143],[24.5703,59.13996],[24.55975,59.1388],[24.5491,59.13788],[24.54755,59.13825],[24.54198,59.13761],[24.53967,59.13649],[24.54236,59.13545],[24.54627,59.1325],[24.55461,59.12996],[24.55757,59.12307],[24.56253,59.12285],[24.56414,59.12355],[24.57204,59.12404],[24.57084,59.11912],[24.5714,59.09462],[24.56794,59.0956],[24.56417,59.0953],[24.5593,59.09362],[24.55552,59.09345],[24.55377,59.09468],[24.5493,59.09563],[24.54784,59.09659],[24.54074,59.09718],[24.53436,59.09696],[24.52932,59.09727],[24.51661,59.09895],[24.51401,59.09863],[24.51185,59.09711],[24.50509,59.09972],[24.49636,59.10083],[24.48618,59.10073],[24.47803,59.09954],[24.47177,59.09921],[24.46149,59.09543],[24.45374,59.09339],[24.44197,59.0914],[24.43915,59.09186],[24.43048,59.09206],[24.42296,59.09067],[24.41753,59.09076],[24.4149,59.09168],[24.39917,59.09093],[24.38059,59.09042],[24.37937,59.08849],[24.37986,59.08594],[24.36963,59.08672],[24.36218,59.08929],[24.35914,59.08986],[24.35455,59.09222],[24.35002,59.08492],[24.35246,59.08472],[24.35312,59.08269],[24.3565,59.08153],[24.35778,59.07762],[24.35131,59.07692],[24.34959,59.07437],[24.3446,59.07221],[24.34667,59.07001],[24.35764,59.07218],[24.35819,59.07398],[24.36272,59.07277],[24.36355,59.06821],[24.36029,59.06663],[24.36159,59.06487],[24.36863,59.06047],[24.36984,59.05947],[24.37226,59.05773],[24.36419,59.05475],[24.36103,59.05389],[24.35119,59.05241],[24.34898,59.05631],[24.34452,59.05605],[24.33614,59.05454],[24.33351,59.05157],[24.33049,59.05383],[24.32557,59.05459],[24.32669,59.05292],[24.32569,59.05087],[24.32077,59.045],[24.31244,59.04363],[24.30982,59.03913],[24.30621,59.03918],[24.3101,59.03338],[24.31505,59.0352],[24.31472,59.02616],[24.30372,59.0254],[24.29917,59.02715],[24.29301,59.02236],[24.29935,59.01414],[24.30215,59.01371],[24.2994,59.00889],[24.29528,59.00804],[24.29075,59.01117],[24.28584,59.01133],[24.28462,59.01239],[24.28154,59.01263],[24.27794,59.01846],[24.27868,59.02105],[24.27905,59.02233],[24.27242,59.02494],[24.25853,59.02451],[24.25347,59.0217],[24.2517,59.02093],[24.24855,59.02019],[24.2458,59.01817],[24.2418,59.01768],[24.23632,59.01617],[24.22893,59.01669],[24.22224,59.0191],[24.20952,59.02885],[24.20066,59.03421],[24.1938,59.03256],[24.18819,59.02934],[24.17969,59.02779],[24.17762,59.02619],[24.17764,59.02361],[24.1741,59.02274],[24.17085,59.02049],[24.16776,59.02254],[24.16155,59.02384],[24.16246,59.02522],[24.15544,59.02694],[24.15136,59.02591],[24.14936,59.02253],[24.1499,59.02209],[24.14043,59.0155],[24.13781,59.01484],[24.12743,59.00732],[24.12016,59.00314],[24.11438,59.00189],[24.1119,59.00008],[24.10523,58.99629],[24.10804,58.99159],[24.0934,58.98947],[24.08268,58.97298],[24.07109,58.96905],[24.08546,58.95354],[24.08297,58.95099],[24.0877,58.94324],[24.09032,58.94023],[24.10053,58.932],[24.10942,58.92688],[24.11298,58.92511],[24.11364,58.92325],[24.13263,58.92045],[24.13441,58.91886],[24.12745,58.90971],[24.12904,58.90583],[24.13259,58.90321],[24.13311,58.90145],[24.13547,58.90089],[24.12819,58.89424],[24.1283,58.89284],[24.14397,58.88932],[24.1513,58.891],[24.15327,58.88825],[24.15369,58.8859],[24.14474,58.88187],[24.14439,58.88042],[24.14168,58.87812],[24.148,58.87574],[24.1532,58.87614],[24.15932,58.87328],[24.15697,58.86542],[24.15272,58.86459],[24.1744,58.85785],[24.17328,58.8575],[24.17049,58.85141],[24.16876,58.84877],[24.17665,58.85003],[24.18259,58.85263],[24.18717,58.85084],[24.18623,58.84877],[24.19215,58.84613],[24.19256,58.84309],[24.1861,58.83384],[24.18642,58.83086],[24.17696,58.83037],[24.16789,58.83205],[24.16585,58.8304],[24.14731,58.83337],[24.14163,58.83613],[24.14053,58.83362],[24.1367,58.83171],[24.13572,58.83054],[24.14222,58.82784],[24.13758,58.8178],[24.13892,58.81729],[24.12349,58.80478],[24.13204,58.80658],[24.13252,58.80407],[24.14252,58.79566],[24.16371,58.79526],[24.16594,58.78847],[24.13659,58.78591],[24.13666,58.78367],[24.10865,58.77181],[24.10097,58.76448],[24.09019,58.76548],[24.08319,58.7644],[24.07825,58.76201],[24.07803,58.75709],[24.0761,58.75332],[24.07837,58.75107],[24.08354,58.75327],[24.08581,58.74919],[24.08381,58.74741],[24.09409,58.74544],[24.11287,58.74976],[24.11363,58.74788],[24.12048,58.74345],[24.12578,58.7442],[24.12843,58.74506],[24.14216,58.75174],[24.14644,58.75365],[24.15249,58.75475],[24.1597,58.74689],[24.16013,58.74423],[24.16248,58.74297],[24.16535,58.73916],[24.16776,58.73745],[24.16129,58.73629],[24.16051,58.7351],[24.15775,58.73485],[24.15942,58.73243],[24.15771,58.72899],[24.15197,58.7246],[24.14843,58.72076],[24.1312,58.69974],[24.18395,58.67571],[24.22831,58.68218],[24.23131,58.68416],[24.23324,58.68363],[24.23848,58.68345],[24.24144,58.68159],[24.24477,58.68058],[24.25146,58.68014],[24.25648,58.67868],[24.26665,58.67724],[24.28071,58.6723],[24.30013,58.67041],[24.3556,58.66355],[24.35678,58.66122],[24.36653,58.66029],[24.37356,58.65998],[24.37721,58.6585],[24.37762,58.65681],[24.38523,58.6558],[24.3896,58.66313],[24.3949,58.66374],[24.41002,58.67075],[24.4147,58.67228],[24.41922,58.67245],[24.42838,58.67713],[24.44402,58.67884],[24.44951,58.67924],[24.45298,58.68131],[24.45677,58.68028],[24.45977,58.68311],[24.47281,58.69019],[24.46931,58.6905],[24.46855,58.69293],[24.47341,58.69545],[24.47658,58.70166],[24.47782,58.70329],[24.47952,58.70769],[24.4797,58.71238],[24.48556,58.71806],[24.52193,58.72729],[24.52627,58.73268],[24.53032,58.73627],[24.53803,58.7385],[24.54494,58.73981],[24.55293,58.73742],[24.55668,58.73573],[24.56357,58.73193],[24.56824,58.73067],[24.5805,58.72174],[24.57653,58.71808],[24.57284,58.71638],[24.56495,58.7139],[24.56251,58.71196],[24.56203,58.71012],[24.5666,58.71029],[24.56758,58.70456],[24.57004,58.70531],[24.5937,58.70626],[24.59993,58.70771],[24.60391,58.71046],[24.60812,58.71178],[24.62105,58.71466],[24.63323,58.71673],[24.63471,58.71898],[24.64417,58.72128],[24.65128,58.72363],[24.65798,58.72476],[24.6609,58.72579],[24.66326,58.72817],[24.67499,58.74193],[24.67639,58.74309],[24.67847,58.74678],[24.68332,58.74952],[24.68973,58.75032],[24.68986,58.74943],[24.69357,58.74864],[24.6962,58.74657],[24.69889,58.74675],[24.70864,58.74435],[24.71631,58.74488],[24.72006,58.74593],[24.72449,58.7478],[24.72804,58.74744],[24.72955,58.74466],[24.73292,58.74255],[24.73589,58.74217],[24.73993,58.74007],[24.74236,58.74047],[24.74853,58.73997],[24.75195,58.73819],[24.75716,58.73753],[24.76009,58.73567],[24.76446,58.73525],[24.76963,58.73271],[24.776,58.73334],[24.78364,58.73523],[24.79446,58.73741],[24.79953,58.73625],[24.79919,58.73274],[24.80302,58.7323],[24.80578,58.7332],[24.81448,58.73343],[24.81943,58.73521],[24.81856,58.73648],[24.82387,58.7413],[24.83365,58.74352],[24.83279,58.74423],[24.83442,58.74762],[24.84165,58.74889],[24.84776,58.75189],[24.86088,58.7554],[24.86232,58.75702],[24.87584,58.7509],[24.88009,58.74958],[24.88456,58.74955],[24.88266,58.74633],[24.90225,58.74335],[24.9192,58.73324],[24.91728,58.72645],[24.91319,58.72209],[24.90697,58.70318],[24.90924,58.68672],[24.91302,58.68258],[24.91576,58.68248],[24.91234,58.67847],[24.91756,58.67791],[24.91686,58.67281],[24.91831,58.66976],[24.92417,58.66499],[24.92356,58.66226],[24.93129,58.66132],[24.93807,58.66478],[24.94593,58.66341],[24.94954,58.67253],[24.95398,58.68273],[24.95507,58.68348],[24.96347,58.68503],[24.96627,58.69386],[24.97121,58.69969],[24.98331,58.70008],[24.98321,58.70118],[24.98877,58.70532],[24.99119,58.7061],[24.99107,58.70962],[25.00058,58.70946],[25.00524,58.70849],[25.01003,58.7131],[25.01367,58.71477],[25.02045,58.71567],[25.02402,58.71408],[25.02158,58.71138],[25.02285,58.71005],[25.02539,58.70993],[25.03042,58.70773],[25.0325,58.7076],[25.03632,58.71001],[25.04159,58.70988],[25.04348,58.71058],[25.04892,58.71076],[25.05107,58.71285],[25.05365,58.71738],[25.05787,58.72108],[25.06377,58.72174],[25.06212,58.72307],[25.06969,58.72521],[25.06452,58.72679],[25.06444,58.72945],[25.07766,58.72801],[25.07924,58.72518],[25.10081,58.72395],[25.10813,58.72484],[25.10804,58.72381],[25.12164,58.72339],[25.12777,58.72281],[25.1567,58.71887],[25.16577,58.72328],[25.17505,58.72377],[25.19544,58.7267],[25.20201,58.7243],[25.20343,58.72734],[25.20133,58.72926],[25.20028,58.73432],[25.20589,58.7378],[25.21677,58.75318],[25.21386,58.75689],[25.215,58.76245],[25.224,58.76442],[25.23181,58.76759],[25.21518,58.7846],[25.20744,58.78613],[25.19504,58.80008],[25.2028,58.80861],[25.22106,58.80438],[25.23871,58.81709],[25.2377,58.82118],[25.23856,58.82196],[25.24252,58.82099],[25.2503,58.82633],[25.25231,58.82569],[25.26025,58.83093],[25.25217,58.8367],[25.26281,58.84347],[25.26006,58.84399],[25.26761,58.85006],[25.27511,58.85455],[25.26969,58.85878],[25.2797,58.86174],[25.26832,58.86981],[25.26463,58.87145],[25.26081,58.86923],[25.25239,58.87125],[25.24628,58.87366],[25.24879,58.87587],[25.24369,58.87737],[25.24347,58.88242],[25.23625,58.88375],[25.23986,58.88932],[25.24429,58.88858],[25.2472,58.88916],[25.2589,58.90852],[25.28254,58.91547],[25.30392,58.9216],[25.30303,58.92533],[25.30629,58.92789],[25.31276,58.95893],[25.29421,58.97211],[25.28782,58.97832],[25.29855,58.98122],[25.33062,58.99016],[25.33381,58.99427],[25.32475,58.99173],[25.30705,58.99665],[25.30174,58.99837],[25.29295,58.99782],[25.29168,58.99989],[25.29088,59.00438],[25.29411,59.00675],[25.29137,59.00813],[25.27832,59.00887],[25.27917,59.0104],[25.27245,59.01374],[25.26759,59.01395],[25.26373,59.01679],[25.27473,59.02021],[25.26939,59.02318],[25.26248,59.02507],[25.25942,59.02249],[25.25204,59.02699],[25.22521,59.02724],[25.22531,59.03072],[25.23583,59.03128],[25.23263,59.03432],[25.20116,59.03636],[25.20282,59.04013],[25.19899,59.04176],[25.19657,59.04453],[25.19283,59.04714],[25.19366,59.0499],[25.19687,59.04975],[25.20447,59.0527],[25.19571,59.05778],[25.18375,59.0686],[25.18368,59.07096],[25.18539,59.07296],[25.18553,59.07501],[25.1958,59.08153],[25.2015,59.08405],[25.18521,59.0874],[25.17763,59.08561],[25.15648,59.09386],[25.14597,59.09177],[25.13791,59.09915],[25.13238,59.09649],[25.1229,59.09584],[25.09943,59.09637],[25.06917,59.10322],[25.05929,59.1041],[25.04002,59.11614],[25.03613,59.11938],[25.03524,59.12133],[25.0319,59.12536],[25.029,59.12674],[25.02763,59.12825],[25.01744,59.13302],[25.01486,59.13663],[25.01471,59.13757],[25.01433,59.14],[25.0144,59.14077],[25.01324,59.14209],[25.00987,59.14373],[25.00054,59.13969],[24.99921,59.13948],[24.9851,59.14747],[24.98021,59.14449],[24.97527,59.14396],[24.97127,59.14423],[24.95548,59.14595],[24.95325,59.14646],[24.932,59.15243],[24.92443,59.15485],[24.92905,59.16039],[24.92838,59.16124],[24.92317,59.16239],[24.92601,59.1661],[24.92311,59.16816],[24.92345,59.17179]]]},"properties":{"area_code":"0070","area_name":"RAPLA COUNTY"}},
{"type":"Feature","geometry":{"type":"MultiPolygon","coordinates":[[[[23.23398,57.82192],[23.23416,57.82455],[23.23225,57.82494],[23.22746,57.82346],[23.22609,57.8218],[23.22313,57.82224],[23.22067,57.8202],[23.21833,57.81934],[23.21943,57.81581],[23.21901,57.81433],[23.22306,57.814],[23.22148,57.81062],[23.21203,57.80828],[23.21196,57.8036],[23.21389,57.80196],[23.21425,57.79758],[23.22053,57.79741],[23.22236,57.79588],[23.21811,57.79433],[23.21865,57.7925],[23.21697,57.79068],[23.21656,57.78818],[23.22114,57.78784],[23.22283,57.78922],[23.22219,57.7913],[23.22942,57.79161],[23.23156,57.79014],[23.23816,57.78975],[23.23999,57.78689],[23.24403,57.78718],[23.24981,57.78236],[23.2543,57.7838],[23.25659,57.78108],[23.26291,57.78157],[23.26665,57.78266],[23.26902,57.78175],[23.27091,57.78506],[23.27357,57.78672],[23.27494,57.78979],[23.27242,57.79394],[23.27343,57.79951],[23.27048,57.80533],[23.265,57.80994],[23.26157,57.8114],[23.25707,57.81402],[23.25569,57.8155],[23.25001,57.81697],[23.24391,57.81915],[23.2358,57.82113],[23.23398,57.82192]]],[[[22.03955,57.89026],[22.04072,57.89011],[22.04369,57.8932],[22.04573,57.8945],[22.04399,57.89616],[22.04128,57.89518],[22.04211,57.8919],[22.03955,57.89026]]],[[[22.12081,58.09545],[22.11562,58.09452],[22.11918,58.09292],[22.12081,58.09545]]],[[[22.54899,58.14612],[22.54273,58.1465],[22.54075,58.14527],[22.53788,58.14198],[22.53677,58.13884],[22.54086,58.13931],[22.54351,58.13858],[22.54567,58.13898],[22.54855,58.14167],[22.54713,58.14355],[22.54933,58.14492],[22.54899,58.14612]]],[[[22.47871,58.15451],[22.47672,58.15371],[22.47258,58.1501],[22.47266,58.14855],[22.46626,58.1407],[22.46414,58.13719],[22.46648,58.13395],[22.47022,58.13829],[22.47312,58.13833],[22.47649,58.14623],[22.47908,58.147],[22.47888,58.1487],[22.47635,58.15181],[22.47871,58.15451]]],[[[22.50262,58.17722],[22.49765,58.17417],[22.49569,58.17228],[22.49602,58.17044],[22.49928,58.17027],[22.49935,58.1668],[22.49592,58.16118],[22.49435,58.16006],[22.49469,58.15759],[22.49199,58.15532],[22.49243,58.15419],[22.49106,58.15218],[22.48937,58.15203],[22.48665,58.14998],[22.48555,58.14785],[22.4791,58.14193],[22.47895,58.13921],[22.48245,58.14169],[22.48817,58.14316],[22.49076,58.14274],[22.49079,58.14075],[22.48822,58.13826],[22.49214,58.1382],[22.49329,58.13423],[22.49583,58.13333],[22.49937,58.13352],[22.50084,58.13184],[22.50115,58.12797],[22.50417,58.12786],[22.50559,58.12681],[22.50849,58.12742],[22.51039,58.13032],[22.5126,58.13035],[22.51721,58.13344],[22.51928,58.13615],[22.52122,58.13634],[22.52309,58.13817],[22.52712,58.13969],[22.52953,58.14183],[22.53386,58.14402],[22.53616,58.14668],[22.53592,58.14915],[22.53131,58.15125],[22.52836,58.15061],[22.5263,58.15103],[22.52271,58.15406],[22.52318,58.15609],[22.52537,58.15875],[22.52496,58.16068],[22.52307,58.16202],[22.52001,58.16015],[22.51806,58.16146],[22.5225,58.16535],[22.51925,58.16626],[22.51511,58.16539],[22.51472,58.16905],[22.51709,58.17279],[22.51249,58.17263],[22.51173,58.17587],[22.50632,58.17585],[22.50342,58.17484],[22.50262,58.17722]]],[[[22.57336,58.21406],[22.57017,58.21196],[22.57031,58.21077],[22.5672,58.20807],[22.56738,58.20576],[22.5716,58.20603],[22.57438,58.20413],[22.57842,58.20618],[22.58091,58.20576],[22.57641,58.20246],[22.57681,58.20004],[22.57618,58.1981],[22.57901,58.19694],[22.58197,58.19796],[22.59136,58.1995],[22.58939,58.19622],[22.5919,58.195],[22.59389,58.19573],[22.59413,58.19866],[22.6001,58.2027],[22.60083,58.20447],[22.59691,58.20475],[22.59356,58.20814],[22.59147,58.20801],[22.58909,58.20975],[22.58782,58.21188],[22.58276,58.21295],[22.57936,58.21256],[22.57697,58.21103],[22.57344,58.21164],[22.57336,58.21406]]],[[[22.5914,58.22048],[22.58748,58.21957],[22.58584,58.21819],[22.58265,58.21807],[22.58459,58.21636],[22.58866,58.2181],[22.59523,58.21918],[22.5914,58.22048]]],[[[21.99469,58.23268],[21.99004,58.23227],[21.98788,58.22956],[21.99421,58.22684],[21.99692,58.22444],[21.99867,58.22477],[21.99958,58.22961],[21.9975,58.23192],[21.99469,58.23268]]],[[[21.91224,58.24341],[21.91323,58.24156],[21.91215,58.23864],[21.91649,58.2367],[21.91794,58.23868],[21.9176,58.24256],[21.91224,58.24341]]],[[[21.99701,58.24814],[21.99582,58.24722],[21.99847,58.24549],[22.00079,58.24561],[21.99701,58.24814]]],[[[21.79207,58.31804],[21.78318,58.31817],[21.78146,58.31747],[21.77711,58.31249],[21.78073,58.31302],[21.78165,58.31425],[21.78548,58.31526],[21.78846,58.31502],[21.79207,58.31804]]],[[[21.87045,58.33374],[21.87214,58.33042],[21.87488,58.33063],[21.87045,58.33374]]],[[[21.7965,58.33399],[21.78825,58.33665],[21.78522,58.33853],[21.78186,58.339],[21.78056,58.34003],[21.77795,58.33963],[21.77279,58.33646],[21.77284,58.33513],[21.77642,58.33214],[21.77973,58.33201],[21.77979,58.33331],[21.78503,58.33308],[21.78693,58.33254],[21.78629,58.33061],[21.78951,58.32796],[21.79746,58.32847],[21.79812,58.32704],[21.80759,58.32915],[21.80358,58.32968],[21.79929,58.33124],[21.7965,58.33399]]],[[[21.92881,58.34715],[21.92817,58.34607],[21.93419,58.34634],[21.93309,58.34771],[21.92881,58.34715]]],[[[22.96353,58.36755],[22.95877,58.36667],[22.95932,58.36587],[22.96482,58.36672],[22.96353,58.36755]]],[[[21.87106,58.36041],[21.86998,58.36027],[21.87063,58.35842],[21.87408,58.35632],[21.87509,58.3575],[21.87084,58.35981],[21.87106,58.36041]]],[[[21.84886,58.36188],[21.84806,58.36316],[21.84513,58.3633],[21.84583,58.36093],[21.84886,58.36188]]],[[[21.92927,58.36577],[21.92718,58.36398],[21.9278,58.36169],[21.92961,58.3598],[21.93182,58.36126],[21.93239,58.3634],[21.93117,58.36558],[21.92927,58.36577]]],[[[21.92278,58.37275],[21.92498,58.37069],[21.92499,58.36941],[21.92978,58.36865],[21.93132,58.36729],[21.93221,58.36453],[21.934,58.36499],[21.93353,58.3684],[21.92887,58.37223],[21.92278,58.37275]]],[[[21.89665,58.37511],[21.89031,58.37352],[21.89254,58.37237],[21.89912,58.3723],[21.90456,58.37173],[21.90767,58.36998],[21.91151,58.37174],[21.91176,58.37315],[21.90911,58.37457],[21.9053,58.37292],[21.90241,58.37408],[21.89948,58.37378],[21.89665,58.37511]]],[[[21.87578,58.39505],[21.87462,58.39351],[21.87533,58.39107],[21.87855,58.39046],[21.88198,58.38799],[21.88212,58.38447],[21.87722,58.38383],[21.872,58.38509],[21.87302,58.38718],[21.87,58.38817],[21.86459,58.38856],[21.86377,58.38991],[21.85959,58.38905],[21.85547,58.38939],[21.85282,58.3911],[21.8494,58.39152],[21.84586,58.38987],[21.8399,58.39038],[21.83426,58.39001],[21.82988,58.39048],[21.82546,58.38734],[21.81889,58.38858],[21.81315,58.38702],[21.81287,58.38562],[21.8087,58.3856],[21.81069,58.38189],[21.81271,58.38159],[21.81324,58.37984],[21.82008,58.37771],[21.82078,58.37586],[21.82636,58.37413],[21.82896,58.37461],[21.83135,58.37336],[21.82929,58.37139],[21.83242,58.37041],[21.83449,58.37251],[21.84128,58.37365],[21.84279,58.37257],[21.84615,58.37191],[21.8519,58.37294],[21.85483,58.37246],[21.85874,58.37263],[21.86405,58.37108],[21.86665,58.37166],[21.86888,58.37331],[21.87371,58.37335],[21.87619,58.37469],[21.88114,58.3751],[21.88116,58.37689],[21.87875,58.37862],[21.87909,58.3806],[21.88175,58.38101],[21.8841,58.37928],[21.8866,58.37906],[21.88801,58.38036],[21.89455,58.37711],[21.90171,58.37992],[21.90317,58.38115],[21.90589,58.38134],[21.91599,58.38078],[21.91866,58.38143],[21.91828,58.38344],[21.91365,58.38223],[21.9122,58.38331],[21.91337,58.38517],[21.91238,58.3873],[21.90987,58.39025],[21.91122,58.39289],[21.9074,58.39518],[21.9055,58.39381],[21.90133,58.39218],[21.89981,58.39036],[21.89671,58.39047],[21.89373,58.38898],[21.8897,58.38923],[21.88098,58.39396],[21.87578,58.39505]]],[[[23.07359,58.41261],[23.07231,58.40998],[23.07433,58.40919],[23.07828,58.40931],[23.0797,58.40818],[23.08285,58.40807],[23.08451,58.40912],[23.08384,58.41136],[23.0793,58.41095],[23.07695,58.41206],[23.07359,58.41261]]],[[[23.16537,58.41497],[23.16638,58.41306],[23.16988,58.41357],[23.16836,58.4148],[23.16537,58.41497]]],[[[21.83617,58.39877],[21.834,58.39996],[21.82841,58.40195],[21.82618,58.39859],[21.82748,58.39718],[21.83221,58.3985],[21.83617,58.39877]]],[[[23.07879,58.41746],[23.07564,58.41736],[23.07388,58.41542],[23.07861,58.41412],[23.08055,58.41568],[23.07879,58.41746]]],[[[23.08054,58.4235],[23.07855,58.42188],[23.07969,58.42038],[23.07928,58.41743],[23.08416,58.41653],[23.08717,58.41519],[23.08975,58.41682],[23.08595,58.41889],[23.08274,58.41976],[23.08083,58.4215],[23.08054,58.4235]]],[[[23.27123,58.43295],[23.26963,58.43054],[23.27028,58.42551],[23.27172,58.42268],[23.27341,58.42133],[23.27915,58.42077],[23.2826,58.42139],[23.28764,58.42411],[23.28834,58.42586],[23.29157,58.42799],[23.29209,58.43228],[23.28911,58.43091],[23.28643,58.43063],[23.28435,58.42843],[23.28046,58.42928],[23.27856,58.42757],[23.2797,58.4256],[23.27552,58.42441],[23.27165,58.42746],[23.27198,58.43081],[23.2734,58.43261],[23.27123,58.43295]]],[[[23.15756,58.44117],[23.15647,58.44145],[23.15255,58.43796],[23.15871,58.43704],[23.15584,58.43485],[23.161,58.43507],[23.15979,58.43729],[23.15971,58.4401],[23.15756,58.44117]]],[[[23.27133,58.52434],[23.27011,58.52244],[23.27337,58.52265],[23.27133,58.52434]]],[[[23.36665,58.52579],[23.36322,58.5255],[23.36228,58.52223],[23.35876,58.52017],[23.3541,58.51833],[23.35208,58.51519],[23.35425,58.51128],[23.35303,58.50981],[23.35858,58.50981],[23.36013,58.50801],[23.36628,58.50756],[23.36986,58.5097],[23.37548,58.51019],[23.38117,58.5112],[23.38693,58.51],[23.39071,58.5119],[23.38607,58.51413],[23.38082,58.5176],[23.37955,58.51917],[23.37468,58.51827],[23.37679,58.52328],[23.37595,58.52572],[23.37195,58.52631],[23.36665,58.52579]]],[[[22.27856,58.52397],[22.2765,58.52338],[22.27591,58.52103],[22.28031,58.51833],[22.28283,58.51811],[22.28169,58.52229],[22.27856,58.52397]]],[[[23.25473,58.5377],[23.2532,58.5367],[23.25551,58.53468],[23.25528,58.53329],[23.25055,58.5339],[23.24894,58.53182],[23.25061,58.53028],[23.24963,58.52678],[23.25058,58.52473],[23.25601,58.51954],[23.25983,58.52025],[23.26162,58.52289],[23.26481,58.52199],[23.26719,58.52435],[23.2669,58.52665],[23.27004,58.52911],[23.2732,58.52924],[23.27329,58.53215],[23.27162,58.53341],[23.26847,58.53393],[23.26868,58.53697],[23.2623,58.53859],[23.25473,58.5377]]],[[[23.26194,58.54187],[23.26125,58.53977],[23.26463,58.5406],[23.26194,58.54187]]],[[[23.43585,58.54834],[23.43306,58.54877],[23.42959,58.54621],[23.42636,58.54594],[23.42475,58.54385],[23.42236,58.54281],[23.42069,58.54021],[23.42092,58.53912],[23.42583,58.53877],[23.42735,58.53992],[23.43304,58.5384],[23.43281,58.54017],[23.43607,58.54186],[23.43918,58.54161],[23.44462,58.5436],[23.44492,58.54606],[23.44012,58.54656],[23.43696,58.54584],[23.43585,58.54834]]],[[[23.08908,58.56351],[23.08568,58.56325],[23.08624,58.56182],[23.08979,58.56198],[23.08908,58.56351]]],[[[23.14568,58.57544],[23.14471,58.57828],[23.142,58.57892],[23.1423,58.57669],[23.14568,58.57544]]],[[[23.06797,58.61649],[23.06481,58.61803],[23.06136,58.61704],[23.06207,58.6148],[23.06576,58.61359],[23.07057,58.61416],[23.06797,58.61649]]],[[[23.05908,58.61943],[23.06059,58.61991],[23.06118,58.62205],[23.05717,58.62068],[23.05908,58.61943]]],[[[23.05775,58.6233],[23.05589,58.62491],[23.05243,58.6236],[23.05151,58.62094],[23.05473,58.62064],[23.0589,58.62179],[23.05775,58.6233]]],[[[23.04837,58.62166],[23.05271,58.62471],[23.05193,58.62642],[23.04733,58.62363],[23.04837,58.62166]]],[[[23.41954,58.64012],[23.42406,58.63911],[23.41776,58.6372],[23.41462,58.63548],[23.41409,58.63252],[23.4185,58.6308],[23.42366,58.62989],[23.42774,58.62684],[23.43246,58.62512],[23.4379,58.62708],[23.44235,58.62941],[23.44335,58.63247],[23.44071,58.63353],[23.43985,58.63626],[23.43645,58.63923],[23.43337,58.63847],[23.42728,58.63902],[23.42178,58.64013],[23.41954,58.64012]]],[[[22.54007,58.64171],[22.53754,58.64131],[22.53617,58.63978],[22.53924,58.63756],[22.53717,58.63414],[22.53506,58.63268],[22.53423,58.63001],[22.53275,58.62827],[22.53325,58.62682],[22.53172,58.62295],[22.53415,58.62143],[22.5331,58.61735],[22.52935,58.61582],[22.52596,58.61555],[22.52201,58.61209],[22.51852,58.61017],[22.51694,58.60541],[22.51483,58.60357],[22.50777,58.59993],[22.50318,58.59943],[22.50295,58.59538],[22.50092,58.59241],[22.4971,58.59036],[22.49498,58.5905],[22.49228,58.58895],[22.48909,58.58818],[22.48765,58.58589],[22.48495,58.58438],[22.48229,58.58449],[22.47839,58.5836],[22.47344,58.58082],[22.4671,58.58071],[22.4642,58.57954],[22.46208,58.5799],[22.45781,58.57837],[22.45197,58.57706],[22.44487,58.57697],[22.44004,58.57626],[22.4342,58.57668],[22.43048,58.57737],[22.42194,58.5778],[22.41667,58.57717],[22.41009,58.57558],[22.40826,58.57477],[22.4056,58.57531],[22.4013,58.5743],[22.39571,58.5755],[22.39249,58.57387],[22.38817,58.57276],[22.38413,58.57278],[22.38004,58.57362],[22.37381,58.57407],[22.36266,58.57725],[22.35812,58.57658],[22.35296,58.57234],[22.34723,58.57138],[22.33763,58.57333],[22.33207,58.57268],[22.32162,58.56897],[22.31964,58.56672],[22.31592,58.56527],[22.31172,58.56514],[22.30906,58.56639],[22.30562,58.56696],[22.30306,58.56869],[22.30088,58.56877],[22.29608,58.5707],[22.2892,58.57099],[22.28635,58.56994],[22.28448,58.56785],[22.28309,58.56362],[22.28268,58.56017],[22.28347,58.55578],[22.28689,58.55144],[22.28764,58.54917],[22.28631,58.54643],[22.28494,58.54553],[22.28311,58.54071],[22.28488,58.53633],[22.28431,58.53294],[22.28238,58.52997],[22.28539,58.52887],[22.28828,58.52939],[22.28821,58.53113],[22.28616,58.53361],[22.2885,58.5352],[22.28646,58.53701],[22.28769,58.53979],[22.29458,58.54121],[22.30292,58.53972],[22.3022,58.53895],[22.30346,58.53602],[22.30207,58.53173],[22.3039,58.52876],[22.30636,58.52848],[22.30746,58.52617],[22.30987,58.52485],[22.30933,58.52379],[22.31476,58.51979],[22.31368,58.51825],[22.31086,58.51725],[22.30884,58.51747],[22.30788,58.51522],[22.30489,58.51479],[22.30435,58.51342],[22.30855,58.51235],[22.30492,58.51066],[22.30695,58.50833],[22.30664,58.50515],[22.30404,58.50482],[22.30443,58.50311],[22.30194,58.50156],[22.30182,58.49789],[22.30262,58.49703],[22.30147,58.49498],[22.2995,58.49393],[22.29822,58.49139],[22.29417,58.48992],[22.29553,58.48832],[22.2942,58.48679],[22.28882,58.48646],[22.28591,58.48558],[22.27737,58.48631],[22.27056,58.48655],[22.2667,58.48739],[22.26391,58.48656],[22.25617,58.48633],[22.2534,58.48813],[22.24899,58.48845],[22.24362,58.48981],[22.23883,58.49549],[22.23787,58.49982],[22.23906,58.50275],[22.23832,58.5066],[22.23961,58.50945],[22.23708,58.5135],[22.23461,58.51537],[22.23378,58.51713],[22.23692,58.52079],[22.2358,58.5246],[22.23688,58.52758],[22.23615,58.53042],[22.23657,58.53291],[22.23408,58.53748],[22.22732,58.5392],[22.22444,58.54221],[22.21847,58.54489],[22.21667,58.54622],[22.21239,58.54682],[22.20457,58.54646],[22.20204,58.54507],[22.19947,58.54152],[22.19979,58.53716],[22.19665,58.53421],[22.19793,58.53093],[22.202,58.52736],[22.20283,58.52533],[22.20149,58.52185],[22.20281,58.52002],[22.20246,58.51629],[22.20041,58.51318],[22.19803,58.5117],[22.19395,58.51143],[22.19008,58.51205],[22.1805,58.5121],[22.17675,58.51179],[22.17366,58.51073],[22.16918,58.50733],[22.16396,58.50647],[22.16153,58.5045],[22.15785,58.50293],[22.16179,58.50027],[22.16378,58.49668],[22.15926,58.49385],[22.15446,58.49541],[22.1532,58.49649],[22.14565,58.49879],[22.14356,58.49984],[22.13801,58.49813],[22.13497,58.49596],[22.13113,58.492],[22.12695,58.48907],[22.12425,58.48619],[22.12131,58.48479],[22.1185,58.4822],[22.11789,58.47932],[22.11382,58.47418],[22.11399,58.46982],[22.11587,58.46931],[22.11738,58.46756],[22.11676,58.46528],[22.11345,58.46342],[22.11183,58.45864],[22.11229,58.45433],[22.1137,58.4547],[22.11391,58.4493],[22.11485,58.44723],[22.11747,58.44615],[22.11732,58.44251],[22.11319,58.43778],[22.11391,58.43699],[22.11162,58.43537],[22.11125,58.4338],[22.11289,58.43233],[22.11523,58.43233],[22.11831,58.42449],[22.11756,58.42233],[22.11571,58.42087],[22.10793,58.41734],[22.10287,58.4163],[22.09879,58.41611],[22.08803,58.41629],[22.07926,58.41817],[22.07563,58.4243],[22.07486,58.42722],[22.06888,58.43383],[22.06554,58.43664],[22.06253,58.43848],[22.05889,58.44217],[22.05397,58.44885],[22.0533,58.45133],[22.0504,58.45458],[22.05093,58.45772],[22.0483,58.46118],[22.0472,58.46388],[22.0487,58.46662],[22.04206,58.47092],[22.04015,58.47436],[22.03615,58.47926],[22.02983,58.48575],[22.02405,58.49492],[22.01884,58.50049],[22.01083,58.50373],[22.00896,58.50545],[22.00391,58.50659],[21.99904,58.50853],[21.99493,58.50929],[21.98632,58.50923],[21.98119,58.50865],[21.97396,58.50733],[21.97088,58.50592],[21.96088,58.50677],[21.95698,58.50856],[21.95477,58.51032],[21.94742,58.51084],[21.94494,58.5117],[21.93542,58.51337],[21.92316,58.51655],[21.91683,58.51727],[21.91557,58.51398],[21.91614,58.51219],[21.91474,58.5105],[21.91021,58.50876],[21.90905,58.50556],[21.90935,58.50305],[21.91322,58.50094],[21.91679,58.50032],[21.9156,58.49715],[21.91995,58.49813],[21.92034,58.49617],[21.92378,58.49312],[21.92465,58.49067],[21.92315,58.48745],[21.91951,58.48511],[21.91033,58.48134],[21.90298,58.47948],[21.89113,58.47835],[21.88198,58.47857],[21.87589,58.47918],[21.87282,58.48087],[21.86955,58.48414],[21.86194,58.4872],[21.85905,58.48973],[21.85543,58.49122],[21.85174,58.49424],[21.84597,58.49553],[21.84036,58.49796],[21.84038,58.49667],[21.84384,58.48943],[21.84342,58.48541],[21.8419,58.48321],[21.84349,58.48103],[21.84075,58.47806],[21.84961,58.47672],[21.85214,58.47562],[21.85825,58.471],[21.86042,58.46826],[21.86571,58.46602],[21.86756,58.46784],[21.87245,58.46983],[21.87554,58.47187],[21.87645,58.4738],[21.8838,58.47384],[21.88814,58.4749],[21.89278,58.47411],[21.89774,58.47229],[21.90434,58.46847],[21.90723,58.46608],[21.90904,58.46261],[21.91205,58.45879],[21.91179,58.45592],[21.90968,58.45104],[21.91178,58.44881],[21.91571,58.44798],[21.91818,58.44679],[21.92098,58.44416],[21.92117,58.44257],[21.92447,58.44054],[21.92943,58.43922],[21.93289,58.43733],[21.93644,58.43632],[21.9382,58.43468],[21.93687,58.43263],[21.94173,58.43123],[21.94296,58.42848],[21.9445,58.42717],[21.94767,58.42652],[21.94502,58.42156],[21.94373,58.42062],[21.93967,58.41969],[21.94109,58.4183],[21.94485,58.41832],[21.95177,58.41609],[21.94792,58.41589],[21.94689,58.41455],[21.95212,58.41202],[21.95263,58.40934],[21.95102,58.4073],[21.95375,58.40431],[21.95679,58.40494],[21.96625,58.40245],[21.9686,58.40051],[21.97056,58.40015],[21.97497,58.39782],[21.97855,58.39825],[21.98071,58.39986],[21.98555,58.39795],[21.98838,58.39772],[21.99132,58.39587],[21.99074,58.39277],[21.98796,58.39362],[21.9839,58.39344],[21.98804,58.39137],[21.99439,58.39024],[21.99473,58.38735],[21.99154,58.38664],[21.99616,58.38493],[21.99476,58.38345],[21.99677,58.3818],[21.99733,58.37989],[21.99625,58.37818],[21.99956,58.37476],[22.00656,58.37276],[22.01055,58.37468],[22.01241,58.37192],[22.01622,58.36916],[22.01634,58.36742],[22.01932,58.36633],[22.02122,58.36667],[22.02469,58.36586],[22.02249,58.36243],[22.01826,58.3633],[22.0181,58.36416],[22.01289,58.36591],[22.01131,58.36719],[22.00824,58.3659],[22.00357,58.36785],[21.99907,58.36776],[21.99789,58.36941],[21.99557,58.36995],[21.98892,58.36709],[21.98675,58.36698],[21.98245,58.36832],[21.9792,58.36686],[21.98144,58.36539],[21.98157,58.36403],[21.98414,58.36131],[21.98611,58.36074],[21.99054,58.35664],[21.99337,58.35616],[21.99605,58.35326],[22.00044,58.35237],[22.00363,58.35285],[22.00534,58.35522],[22.00307,58.35575],[22.00137,58.35825],[22.00263,58.36247],[22.00485,58.36275],[22.00746,58.36123],[22.01028,58.36072],[22.01333,58.35771],[22.00686,58.35411],[22.0063,58.35157],[22.00788,58.34804],[22.00207,58.35159],[21.99701,58.35017],[21.9966,58.3469],[22.0003,58.34386],[21.9961,58.34218],[21.99057,58.34179],[21.98718,58.33939],[21.9885,58.33763],[21.98749,58.33609],[21.98477,58.3358],[21.97782,58.33726],[21.97733,58.33811],[21.98037,58.34165],[21.97526,58.3437],[21.96898,58.34752],[21.96557,58.34768],[21.96441,58.34958],[21.96208,58.34881],[21.96389,58.34659],[21.96255,58.34542],[21.9595,58.3461],[21.95312,58.34972],[21.94762,58.35061],[21.94646,58.3525],[21.94246,58.35301],[21.94222,58.35477],[21.93721,58.35663],[21.93599,58.35407],[21.9336,58.3528],[21.93178,58.35052],[21.93687,58.3467],[21.93668,58.34466],[21.93898,58.34327],[21.94047,58.34008],[21.94428,58.33993],[21.94315,58.33805],[21.94324,58.33577],[21.94731,58.33548],[21.94572,58.3372],[21.94848,58.33739],[21.94964,58.33529],[21.95283,58.33317],[21.95295,58.33206],[21.9561,58.32887],[21.95699,58.32455],[21.95623,58.32365],[21.95879,58.32161],[21.95982,58.31985],[21.96481,58.31952],[21.96395,58.31778],[21.96146,58.31732],[21.95918,58.31993],[21.95533,58.31928],[21.95497,58.31517],[21.95226,58.31642],[21.95082,58.31289],[21.94187,58.31506],[21.94073,58.31418],[21.94469,58.31211],[21.94509,58.30972],[21.93548,58.31041],[21.92885,58.30923],[21.92251,58.31081],[21.92736,58.31433],[21.92632,58.31553],[21.92701,58.31746],[21.92381,58.32008],[21.91978,58.32463],[21.927,58.32227],[21.92699,58.32338],[21.92438,58.32505],[21.92232,58.32477],[21.91867,58.32722],[21.91919,58.32953],[21.91333,58.33294],[21.90837,58.33635],[21.90289,58.33585],[21.89668,58.3383],[21.89431,58.3415],[21.89091,58.34258],[21.88766,58.34244],[21.88237,58.34475],[21.88072,58.34693],[21.87543,58.3485],[21.87443,58.35086],[21.8709,58.35026],[21.86581,58.35341],[21.86127,58.35307],[21.86618,58.34994],[21.86879,58.34886],[21.87205,58.34943],[21.87399,58.34738],[21.87908,58.34388],[21.88419,58.34181],[21.88206,58.33853],[21.87741,58.34155],[21.87392,58.34302],[21.86949,58.34179],[21.87148,58.33904],[21.8697,58.33841],[21.87505,58.33538],[21.87968,58.33367],[21.87811,58.3324],[21.87941,58.33107],[21.87787,58.32885],[21.88194,58.32601],[21.88207,58.32393],[21.88369,58.3237],[21.89086,58.31984],[21.89487,58.31834],[21.89813,58.31649],[21.90691,58.3134],[21.90862,58.30802],[21.90788,58.30662],[21.89979,58.30416],[21.8972,58.30398],[21.89364,58.30188],[21.89697,58.29851],[21.89757,58.2965],[21.8952,58.29614],[21.89071,58.2968],[21.88556,58.29687],[21.884,58.29742],[21.88165,58.30029],[21.87705,58.30129],[21.87267,58.30307],[21.87088,58.30433],[21.8686,58.30438],[21.86546,58.30337],[21.86323,58.30374],[21.86192,58.3053],[21.85925,58.3065],[21.85535,58.307],[21.84811,58.3114],[21.84545,58.31225],[21.84214,58.31192],[21.83863,58.30997],[21.83472,58.30991],[21.83171,58.30685],[21.8284,58.30692],[21.82913,58.30399],[21.83235,58.30062],[21.8308,58.29813],[21.83373,58.29696],[21.83769,58.29761],[21.83987,58.29507],[21.84082,58.29183],[21.84413,58.29178],[21.84435,58.29024],[21.84211,58.28931],[21.84159,58.28734],[21.83805,58.2845],[21.83234,58.2831],[21.83272,58.28038],[21.83654,58.27985],[21.83851,58.27867],[21.84066,58.28054],[21.8454,58.28055],[21.85131,58.27842],[21.84973,58.27516],[21.8502,58.27274],[21.85316,58.2718],[21.85782,58.26942],[21.85973,58.2672],[21.86668,58.26131],[21.86899,58.26248],[21.86816,58.26493],[21.86958,58.26826],[21.87116,58.26772],[21.87388,58.26411],[21.87552,58.26001],[21.88239,58.25743],[21.88633,58.2586],[21.89081,58.25893],[21.8945,58.25663],[21.89224,58.2542],[21.89327,58.25286],[21.89247,58.25129],[21.89819,58.25204],[21.90046,58.25375],[21.90441,58.25239],[21.90684,58.25242],[21.91182,58.25062],[21.91376,58.25077],[21.92092,58.24738],[21.92141,58.24549],[21.9252,58.24544],[21.92601,58.24696],[21.92877,58.24796],[21.93332,58.2476],[21.93576,58.24412],[21.93918,58.24241],[21.93982,58.24553],[21.9422,58.24608],[21.94904,58.24324],[21.95223,58.24285],[21.95348,58.24061],[21.95586,58.24022],[21.95684,58.23874],[21.96052,58.23859],[21.96735,58.23669],[21.97325,58.23548],[21.97676,58.23768],[21.98017,58.23778],[21.98375,58.23676],[21.98596,58.23813],[21.99053,58.23877],[21.99319,58.23674],[21.99557,58.23749],[21.99638,58.23907],[21.99356,58.24103],[21.99342,58.24403],[21.98985,58.24482],[21.98557,58.24481],[21.98173,58.24622],[21.97966,58.24798],[21.98047,58.24929],[21.9777,58.25171],[21.97814,58.25317],[21.97689,58.25516],[21.96785,58.25709],[21.96854,58.25843],[21.9647,58.26107],[21.96671,58.26304],[21.96974,58.26239],[21.9693,58.26079],[21.97169,58.25923],[21.97721,58.25715],[21.98045,58.2569],[21.98154,58.25451],[21.98149,58.25223],[21.98529,58.2493],[21.98773,58.24857],[21.98891,58.2509],[21.9911,58.24986],[21.99147,58.24758],[21.99904,58.25006],[22.00505,58.24748],[22.00402,58.24454],[22.00736,58.24385],[22.01359,58.24133],[22.02191,58.2401],[22.02216,58.23897],[22.01808,58.23784],[22.0185,58.23686],[22.02552,58.23367],[22.02681,58.23086],[22.02941,58.22933],[22.03079,58.22656],[22.03564,58.22528],[22.03878,58.22247],[22.03497,58.22112],[22.04122,58.21998],[22.04474,58.2175],[22.04375,58.21583],[22.04903,58.21245],[22.04515,58.20937],[22.05368,58.20634],[22.05237,58.20324],[22.049,58.20343],[22.04337,58.20248],[22.04297,58.20109],[22.04721,58.20009],[22.0486,58.19779],[22.05118,58.19629],[22.05624,58.19426],[22.0565,58.19195],[22.05487,58.19005],[22.06073,58.18794],[22.063,58.18315],[22.06165,58.18005],[22.06395,58.17728],[22.06676,58.17592],[22.07333,58.17726],[22.07824,58.17671],[22.0797,58.17813],[22.07839,58.17927],[22.07344,58.18136],[22.07609,58.1819],[22.07446,58.18395],[22.07622,58.18578],[22.08183,58.18488],[22.08533,58.1833],[22.08261,58.18172],[22.0895,58.1814],[22.09521,58.18235],[22.10004,58.18097],[22.10247,58.17901],[22.10261,58.17675],[22.09956,58.17517],[22.10073,58.17426],[22.10534,58.1757],[22.11034,58.17524],[22.11355,58.17328],[22.11388,58.17162],[22.11758,58.171],[22.11912,58.17294],[22.11903,58.17507],[22.12207,58.17525],[22.13046,58.17155],[22.13575,58.17057],[22.13779,58.17178],[22.14475,58.1718],[22.14672,58.16824],[22.14574,58.1652],[22.14694,58.16331],[22.14459,58.16181],[22.14559,58.16027],[22.14927,58.15814],[22.15487,58.15746],[22.15557,58.15506],[22.15859,58.15589],[22.16086,58.15458],[22.16235,58.15645],[22.16754,58.15694],[22.16961,58.15762],[22.1743,58.1575],[22.1767,58.15652],[22.18576,58.15711],[22.19614,58.15648],[22.20156,58.15773],[22.203,58.15909],[22.20896,58.15901],[22.21492,58.1572],[22.21683,58.15419],[22.21553,58.15272],[22.2155,58.14879],[22.21451,58.1467],[22.22045,58.14462],[22.22142,58.1424],[22.22555,58.13836],[22.22449,58.1361],[22.22088,58.13388],[22.2173,58.13318],[22.21251,58.13071],[22.2037,58.12774],[22.20295,58.12936],[22.1993,58.12812],[22.19643,58.12789],[22.19551,58.12542],[22.19211,58.12333],[22.19135,58.12056],[22.18713,58.11593],[22.18419,58.11454],[22.18174,58.1118],[22.18319,58.10808],[22.18163,58.10595],[22.17804,58.1047],[22.17692,58.10294],[22.17701,58.10054],[22.17505,58.09807],[22.16846,58.0953],[22.16837,58.08922],[22.16883,58.08662],[22.17331,58.08229],[22.17137,58.07993],[22.17234,58.0769],[22.17043,58.0744],[22.16904,58.07394],[22.17039,58.07074],[22.16833,58.06572],[22.16365,58.06488],[22.1593,58.06339],[22.15564,58.06267],[22.15483,58.06355],[22.14551,58.06418],[22.14291,58.06563],[22.13887,58.06547],[22.13612,58.06615],[22.13307,58.07079],[22.13243,58.07517],[22.13103,58.07772],[22.12741,58.07964],[22.12611,58.08143],[22.11905,58.08378],[22.10909,58.08506],[22.11162,58.08705],[22.10972,58.0885],[22.10415,58.08807],[22.10429,58.08111],[22.09989,58.0798],[22.09648,58.08124],[22.09073,58.08007],[22.08954,58.07893],[22.09009,58.07736],[22.08672,58.07405],[22.08102,58.07351],[22.07827,58.07387],[22.07894,58.07159],[22.07685,58.06951],[22.07335,58.06959],[22.07276,58.06811],[22.07521,58.06591],[22.06941,58.06209],[22.07152,58.06056],[22.06901,58.05941],[22.06757,58.05699],[22.06719,58.05462],[22.07068,58.04917],[22.06963,58.04621],[22.06656,58.04544],[22.06745,58.04219],[22.06089,58.04126],[22.05725,58.03932],[22.0578,58.0377],[22.05564,58.03724],[22.05665,58.03525],[22.0589,58.0356],[22.06058,58.03434],[22.05757,58.03351],[22.05531,58.03126],[22.05811,58.0297],[22.05817,58.0283],[22.0556,58.02693],[22.05273,58.02852],[22.05102,58.02755],[22.05279,58.02604],[22.04532,58.02481],[22.04048,58.02449],[22.03871,58.02323],[22.03949,58.01762],[22.04293,58.01626],[22.04274,58.01033],[22.04351,58.00628],[22.03943,58.004],[22.03572,58.00273],[22.03337,58.00329],[22.02417,58.00245],[22.01861,58.00017],[22.01728,57.99713],[22.01574,57.99567],[22.01642,57.99288],[22.01787,57.99222],[22.01897,57.98692],[22.02054,57.98568],[22.02078,57.98335],[22.0195,57.98161],[22.01566,57.98037],[22.01265,57.98052],[22.01051,57.97909],[22.00755,57.97905],[22.00672,57.97744],[22.00024,57.97584],[21.9986,57.97901],[21.99655,57.9794],[21.99656,57.98157],[21.99388,57.98165],[21.98819,57.97847],[21.98223,57.97684],[21.98367,57.97503],[21.98281,57.97357],[21.98115,57.96763],[21.98398,57.96694],[21.98643,57.96431],[21.98516,57.96226],[21.9859,57.96073],[21.98456,57.95974],[21.9873,57.95835],[21.98488,57.95538],[21.984,57.95194],[21.98961,57.95012],[21.99466,57.94792],[21.99557,57.94636],[21.99926,57.94496],[22.00291,57.94461],[22.00548,57.94264],[22.0025,57.94121],[22.00725,57.93993],[22.0066,57.93792],[22.0071,57.93473],[22.00361,57.93299],[22.00743,57.93134],[22.00479,57.92941],[22.00815,57.92824],[22.01108,57.92634],[22.01628,57.92587],[22.01668,57.92303],[22.02056,57.92012],[22.02151,57.91803],[22.01955,57.91604],[22.02598,57.91403],[22.0267,57.91224],[22.03409,57.91197],[22.04092,57.9139],[22.04263,57.91536],[22.04637,57.91576],[22.04977,57.91498],[22.05113,57.91606],[22.0545,57.91593],[22.05628,57.91507],[22.05446,57.91251],[22.05399,57.9083],[22.0522,57.90632],[22.05021,57.90243],[22.05142,57.90229],[22.05285,57.9058],[22.05462,57.90712],[22.05801,57.91179],[22.06108,57.91499],[22.06689,57.91822],[22.07001,57.92069],[22.073,57.92426],[22.07459,57.92521],[22.08039,57.92718],[22.08585,57.92792],[22.09165,57.92776],[22.09358,57.92852],[22.09843,57.93161],[22.1003,57.93396],[22.10589,57.93879],[22.10824,57.94154],[22.11775,57.94646],[22.12293,57.94863],[22.12637,57.95147],[22.12772,57.9534],[22.13377,57.95558],[22.13904,57.95695],[22.14318,57.95873],[22.14376,57.96065],[22.14742,57.96249],[22.15127,57.96533],[22.15855,57.96643],[22.16511,57.96615],[22.17016,57.9655],[22.17924,57.96904],[22.18135,57.97272],[22.1836,57.9733],[22.18727,57.97584],[22.19065,57.97642],[22.1946,57.978],[22.19808,57.98058],[22.20017,57.98115],[22.2017,57.98445],[22.20104,57.98576],[22.20127,57.98942],[22.19944,57.99038],[22.19688,57.99418],[22.19248,57.99952],[22.18771,58.00248],[22.18438,58.00903],[22.18439,58.01075],[22.18576,58.01432],[22.18753,58.01549],[22.19096,58.01988],[22.19946,58.02618],[22.20306,58.03301],[22.20979,58.03905],[22.21306,58.04139],[22.21852,58.04402],[22.22291,58.0479],[22.22668,58.05009],[22.22863,58.05395],[22.22642,58.0554],[22.2271,58.05836],[22.22342,58.06094],[22.22028,58.06519],[22.22036,58.06824],[22.22309,58.07046],[22.22227,58.07289],[22.22438,58.07422],[22.227,58.07762],[22.22994,58.08],[22.2356,58.08257],[22.2385,58.08255],[22.23993,58.08363],[22.24612,58.08621],[22.24839,58.08892],[22.24866,58.09039],[22.24441,58.09259],[22.24418,58.09514],[22.24576,58.09607],[22.2455,58.09875],[22.24771,58.10452],[22.25006,58.10665],[22.2535,58.1117],[22.25354,58.11569],[22.25458,58.11772],[22.25457,58.12091],[22.25605,58.12183],[22.25545,58.12498],[22.26064,58.12825],[22.26472,58.12923],[22.26571,58.13064],[22.26399,58.13332],[22.26162,58.13401],[22.25836,58.14032],[22.25557,58.14299],[22.2528,58.14779],[22.25197,58.1516],[22.2555,58.15522],[22.25509,58.15974],[22.25645,58.16617],[22.25538,58.17051],[22.25576,58.17332],[22.25827,58.17836],[22.26323,58.18371],[22.2713,58.19001],[22.28501,58.1964],[22.29519,58.20094],[22.30368,58.20527],[22.31067,58.20789],[22.31564,58.20926],[22.32486,58.21254],[22.33153,58.21412],[22.33717,58.21495],[22.34172,58.21617],[22.34488,58.21644],[22.34618,58.21753],[22.35277,58.21887],[22.3579,58.21904],[22.36069,58.21962],[22.3626,58.21829],[22.36819,58.21857],[22.37165,58.21813],[22.37487,58.22092],[22.3773,58.22133],[22.38251,58.22049],[22.38055,58.21891],[22.38515,58.21822],[22.38784,58.2194],[22.39247,58.21891],[22.39334,58.22086],[22.39256,58.22269],[22.39477,58.22283],[22.40152,58.22056],[22.40577,58.2202],[22.41713,58.21799],[22.41606,58.21689],[22.41817,58.21529],[22.42265,58.21753],[22.42643,58.21709],[22.42859,58.21839],[22.43113,58.21873],[22.43326,58.22068],[22.43682,58.22007],[22.4402,58.22074],[22.44519,58.22399],[22.4469,58.22358],[22.44986,58.22757],[22.45244,58.22922],[22.44969,58.2307],[22.45221,58.23298],[22.45187,58.23452],[22.45425,58.23506],[22.45327,58.23663],[22.45466,58.23828],[22.45472,58.24032],[22.45801,58.24133],[22.46005,58.24365],[22.46212,58.24274],[22.46877,58.24506],[22.4714,58.24548],[22.47314,58.24426],[22.47728,58.24496],[22.47608,58.24276],[22.4771,58.24213],[22.47438,58.2381],[22.47614,58.23707],[22.48097,58.23895],[22.48366,58.24052],[22.4858,58.23865],[22.48437,58.23687],[22.48735,58.23563],[22.49044,58.23603],[22.49258,58.23439],[22.49263,58.23239],[22.49099,58.23177],[22.49131,58.2297],[22.4931,58.22969],[22.49619,58.23156],[22.49783,58.22945],[22.49767,58.22781],[22.49479,58.22441],[22.49244,58.22026],[22.49656,58.21942],[22.50123,58.22034],[22.50385,58.21983],[22.50487,58.21863],[22.50789,58.21851],[22.50836,58.21995],[22.51335,58.22339],[22.51751,58.22565],[22.51746,58.22879],[22.51856,58.23178],[22.51968,58.23741],[22.52292,58.23974],[22.52397,58.24238],[22.5269,58.24591],[22.53015,58.24785],[22.53055,58.24972],[22.52918,58.25171],[22.53527,58.25164],[22.54106,58.25271],[22.54574,58.25129],[22.54789,58.25117],[22.54605,58.2486],[22.5474,58.24683],[22.54604,58.2452],[22.54629,58.24267],[22.54334,58.24135],[22.54272,58.2385],[22.54389,58.23594],[22.54753,58.23425],[22.54645,58.23243],[22.54947,58.23125],[22.54855,58.22771],[22.54877,58.22426],[22.54568,58.22417],[22.54665,58.22256],[22.54889,58.22198],[22.54984,58.2239],[22.55228,58.22544],[22.55743,58.22521],[22.55628,58.22175],[22.55724,58.2206],[22.56105,58.22313],[22.56471,58.22416],[22.56752,58.22579],[22.57341,58.22792],[22.57729,58.23042],[22.57754,58.23279],[22.58111,58.23459],[22.5889,58.23483],[22.58825,58.23291],[22.59156,58.233],[22.59389,58.23117],[22.59455,58.22549],[22.59808,58.22344],[22.60423,58.22577],[22.60457,58.22706],[22.60827,58.2282],[22.6144,58.23172],[22.61654,58.23245],[22.61535,58.23423],[22.61573,58.23594],[22.61371,58.2382],[22.61441,58.2421],[22.61607,58.24277],[22.61452,58.24557],[22.61642,58.2474],[22.61667,58.25026],[22.62013,58.25047],[22.61858,58.252],[22.6137,58.25151],[22.61423,58.25316],[22.61932,58.25371],[22.62029,58.255],[22.62352,58.25481],[22.62477,58.25286],[22.6321,58.25152],[22.63758,58.25215],[22.64096,58.25316],[22.64327,58.25229],[22.64745,58.25296],[22.65335,58.2508],[22.65285,58.24937],[22.65536,58.24758],[22.6557,58.24448],[22.65397,58.24378],[22.64552,58.24471],[22.64645,58.24306],[22.6523,58.24381],[22.65388,58.24211],[22.64878,58.24247],[22.64738,58.24104],[22.65172,58.24056],[22.65195,58.23829],[22.64596,58.23659],[22.6435,58.23807],[22.64426,58.23927],[22.6403,58.23962],[22.63847,58.23768],[22.63572,58.23642],[22.63628,58.23424],[22.63848,58.23023],[22.64114,58.22822],[22.645,58.2266],[22.64621,58.22387],[22.64828,58.22236],[22.65336,58.23013],[22.65214,58.23445],[22.65555,58.23574],[22.65933,58.23578],[22.66232,58.23513],[22.66032,58.23373],[22.66061,58.23035],[22.66373,58.2278],[22.66659,58.22754],[22.66801,58.22639],[22.67728,58.22465],[22.68119,58.22224],[22.68191,58.22019],[22.68111,58.21822],[22.68691,58.21639],[22.68882,58.21497],[22.69694,58.21397],[22.70236,58.21297],[22.70747,58.21082],[22.71489,58.21191],[22.71668,58.21139],[22.72045,58.2129],[22.72332,58.21305],[22.72736,58.21489],[22.73066,58.2146],[22.73367,58.21734],[22.73642,58.21765],[22.74214,58.21923],[22.74731,58.22233],[22.74481,58.22575],[22.74663,58.22874],[22.7418,58.23284],[22.74171,58.23746],[22.74055,58.24027],[22.73372,58.24004],[22.72938,58.24208],[22.72216,58.24836],[22.7194,58.24841],[22.71836,58.25195],[22.71556,58.25208],[22.71368,58.25412],[22.70903,58.25612],[22.7034,58.25997],[22.70016,58.26411],[22.70129,58.26509],[22.69839,58.26877],[22.69968,58.27067],[22.70367,58.2724],[22.70561,58.27434],[22.71201,58.27798],[22.72318,58.27924],[22.72998,58.28101],[22.73677,58.28028],[22.74133,58.27916],[22.74668,58.27696],[22.74915,58.27479],[22.75474,58.2729],[22.75827,58.27129],[22.76363,58.27094],[22.76492,58.27239],[22.76932,58.27087],[22.77171,58.27085],[22.77625,58.27219],[22.77701,58.27156],[22.78221,58.27139],[22.78513,58.27182],[22.79597,58.27216],[22.79977,58.27021],[22.80675,58.27075],[22.80843,58.26799],[22.81075,58.26752],[22.81194,58.26587],[22.81534,58.26579],[22.82051,58.26202],[22.82306,58.2618],[22.82419,58.26363],[22.8245,58.26721],[22.82605,58.26866],[22.82897,58.26699],[22.82787,58.27122],[22.82932,58.27276],[22.82667,58.27438],[22.82909,58.2776],[22.82952,58.27945],[22.82676,58.28016],[22.82632,58.28237],[22.82766,58.28272],[22.82663,58.28527],[22.82901,58.28619],[22.82754,58.28741],[22.83071,58.28987],[22.83258,58.29308],[22.83884,58.2931],[22.83991,58.2952],[22.83976,58.29739],[22.84666,58.29789],[22.85565,58.29904],[22.85695,58.3003],[22.85945,58.29945],[22.86053,58.30096],[22.85748,58.30203],[22.8556,58.30009],[22.84913,58.30076],[22.84646,58.3022],[22.84451,58.30228],[22.84224,58.30072],[22.8387,58.30225],[22.8389,58.30422],[22.84173,58.30394],[22.8469,58.3023],[22.84677,58.30457],[22.85105,58.30717],[22.85675,58.30669],[22.86103,58.30764],[22.85732,58.31132],[22.8591,58.31278],[22.85958,58.3152],[22.86338,58.31572],[22.86734,58.31532],[22.8687,58.31442],[22.87234,58.31448],[22.87342,58.31674],[22.88059,58.31625],[22.87975,58.31079],[22.87569,58.30963],[22.87519,58.30722],[22.88103,58.30706],[22.87982,58.30409],[22.87739,58.3046],[22.87278,58.30422],[22.8724,58.30243],[22.875,58.30227],[22.87781,58.30312],[22.88375,58.30345],[22.88402,58.30184],[22.88767,58.30001],[22.89198,58.29856],[22.89334,58.30009],[22.89616,58.30148],[22.89853,58.2998],[22.90387,58.30004],[22.90722,58.30107],[22.90861,58.2993],[22.91257,58.30075],[22.91683,58.30088],[22.91549,58.30244],[22.9243,58.30331],[22.92077,58.30809],[22.92339,58.31021],[22.92146,58.31184],[22.92143,58.31587],[22.9262,58.31791],[22.92932,58.31709],[22.93565,58.3175],[22.93874,58.31868],[22.93503,58.3206],[22.93634,58.32187],[22.93511,58.32463],[22.93728,58.32523],[22.93509,58.32805],[22.93043,58.32732],[22.92926,58.32988],[22.9309,58.33087],[22.93298,58.3288],[22.93634,58.32975],[22.933,58.33167],[22.93128,58.33375],[22.93788,58.33445],[22.93873,58.3322],[22.94186,58.33065],[22.94236,58.33278],[22.93908,58.33545],[22.94233,58.33741],[22.94641,58.3368],[22.94707,58.34144],[22.9453,58.3433],[22.94606,58.34514],[22.94553,58.3473],[22.95333,58.34861],[22.96241,58.34754],[22.96647,58.34902],[22.96917,58.34938],[22.96815,58.35101],[22.96779,58.35388],[22.96521,58.35662],[22.96825,58.35942],[22.96485,58.36171],[22.95793,58.36172],[22.95194,58.36363],[22.9521,58.36497],[22.94756,58.3644],[22.94592,58.36524],[22.94563,58.36844],[22.94756,58.37007],[22.94807,58.37278],[22.94723,58.37558],[22.95134,58.37718],[22.95143,58.37936],[22.9555,58.37948],[22.95885,58.38102],[22.95461,58.38147],[22.95363,58.38243],[22.9592,58.38402],[22.95951,58.38539],[22.96477,58.38592],[22.96685,58.38516],[22.96671,58.38225],[22.9681,58.37982],[22.97206,58.37947],[22.97549,58.37802],[22.9736,58.37693],[22.97498,58.37582],[22.97889,58.37503],[22.97806,58.37338],[22.98202,58.37154],[22.98337,58.36741],[22.98645,58.36519],[22.9884,58.36487],[22.99454,58.36201],[22.99741,58.3613],[23.00465,58.36103],[23.00674,58.35939],[23.00961,58.35957],[23.01018,58.36154],[23.01577,58.36091],[23.01546,58.36382],[23.0202,58.36562],[23.02115,58.3641],[23.01958,58.36318],[23.01881,58.36087],[23.02066,58.36074],[23.02774,58.36205],[23.03213,58.36167],[23.03161,58.36058],[23.03677,58.3603],[23.03984,58.35812],[23.04173,58.36152],[23.03788,58.36193],[23.03721,58.36318],[23.03204,58.36423],[23.03104,58.3662],[23.03336,58.36761],[23.03818,58.3673],[23.04028,58.36841],[23.04112,58.37038],[23.04169,58.37548],[23.04282,58.37679],[23.03633,58.37847],[23.03653,58.38038],[23.03814,58.38204],[23.03682,58.38278],[23.03679,58.38535],[23.04194,58.38579],[23.04187,58.39022],[23.04587,58.39168],[23.05146,58.39168],[23.05922,58.39258],[23.06344,58.39438],[23.06791,58.39333],[23.07134,58.3907],[23.07179,58.38843],[23.06848,58.38799],[23.06456,58.3902],[23.06484,58.38773],[23.06301,58.38634],[23.05968,58.38756],[23.05741,58.38753],[23.05513,58.38616],[23.05334,58.38667],[23.04895,58.38547],[23.05189,58.384],[23.05245,58.38199],[23.05013,58.37951],[23.05264,58.37815],[23.05708,58.37816],[23.05659,58.37986],[23.06103,58.38134],[23.06075,58.3831],[23.07042,58.38238],[23.06868,58.38164],[23.07445,58.3804],[23.0771,58.38034],[23.08336,58.37825],[23.089,58.37871],[23.09034,58.38172],[23.09444,58.38675],[23.09139,58.38848],[23.09269,58.38976],[23.08714,58.39057],[23.0912,58.39251],[23.09368,58.39637],[23.0921,58.39762],[23.08728,58.39574],[23.08631,58.39407],[23.08044,58.39402],[23.07745,58.39496],[23.07759,58.39812],[23.07546,58.39974],[23.07621,58.40144],[23.07442,58.40214],[23.07035,58.40166],[23.06752,58.40282],[23.0668,58.4043],[23.06859,58.40518],[23.07175,58.4133],[23.07189,58.416],[23.07396,58.41733],[23.07032,58.41787],[23.07063,58.41989],[23.0777,58.42671],[23.08281,58.42556],[23.08378,58.42695],[23.08742,58.42693],[23.09009,58.42554],[23.09118,58.42398],[23.09519,58.42487],[23.09762,58.42682],[23.09936,58.427],[23.10214,58.42535],[23.1067,58.42531],[23.11019,58.4231],[23.10954,58.42108],[23.10568,58.42162],[23.10147,58.41772],[23.10364,58.41727],[23.10434,58.41573],[23.107,58.41428],[23.10956,58.41408],[23.11368,58.41633],[23.11542,58.41607],[23.11981,58.41859],[23.12745,58.41958],[23.1261,58.42108],[23.12023,58.42157],[23.12337,58.4233],[23.1248,58.42483],[23.13105,58.42622],[23.13158,58.42859],[23.12768,58.43002],[23.12929,58.43249],[23.13252,58.43192],[23.13724,58.43219],[23.14047,58.43293],[23.13294,58.43588],[23.13517,58.43767],[23.13563,58.4407],[23.13891,58.43982],[23.14036,58.43851],[23.14541,58.43864],[23.14659,58.44105],[23.15639,58.44242],[23.15634,58.4439],[23.15151,58.44565],[23.15201,58.44703],[23.145,58.44723],[23.14383,58.44821],[23.15028,58.44881],[23.14885,58.451],[23.14523,58.45216],[23.1455,58.45438],[23.14784,58.45561],[23.14485,58.45746],[23.14295,58.45748],[23.14262,58.46108],[23.14686,58.46137],[23.14566,58.46303],[23.14941,58.46341],[23.15241,58.46569],[23.1548,58.46638],[23.15296,58.46824],[23.15496,58.47012],[23.15812,58.47685],[23.16002,58.47573],[23.16372,58.47483],[23.16443,58.47349],[23.16225,58.47206],[23.16524,58.47149],[23.16611,58.46961],[23.16513,58.46724],[23.16725,58.46658],[23.16524,58.46498],[23.15953,58.46313],[23.16067,58.46195],[23.16425,58.46112],[23.16904,58.46319],[23.17045,58.46035],[23.1698,58.45881],[23.17202,58.4547],[23.17203,58.45217],[23.17649,58.4518],[23.17607,58.45301],[23.17735,58.45836],[23.17926,58.46156],[23.17758,58.46289],[23.17736,58.46507],[23.18149,58.46681],[23.1747,58.46924],[23.1772,58.47241],[23.17971,58.47161],[23.18139,58.46966],[23.18084,58.46781],[23.18345,58.46744],[23.18884,58.47138],[23.19611,58.47217],[23.19976,58.47051],[23.21108,58.47354],[23.21134,58.47211],[23.20998,58.47005],[23.21139,58.46911],[23.2146,58.47014],[23.21808,58.46919],[23.21632,58.46542],[23.21362,58.46811],[23.20918,58.46603],[23.20599,58.46613],[23.20485,58.46473],[23.20029,58.46583],[23.19621,58.4634],[23.19289,58.46288],[23.1893,58.46057],[23.18679,58.45651],[23.185,58.45634],[23.17889,58.45111],[23.17965,58.44944],[23.18707,58.45496],[23.188,58.45607],[23.19141,58.4554],[23.19538,58.45632],[23.19657,58.45477],[23.20081,58.45392],[23.20191,58.44978],[23.20518,58.44918],[23.20296,58.4472],[23.20182,58.44494],[23.20083,58.44004],[23.20449,58.4432],[23.20798,58.4446],[23.21135,58.44413],[23.21239,58.44073],[23.21379,58.43915],[23.21368,58.43733],[23.2153,58.43384],[23.21469,58.43243],[23.21827,58.43101],[23.22092,58.4314],[23.22423,58.43348],[23.22172,58.43525],[23.22349,58.43623],[23.22904,58.43412],[23.23121,58.4345],[23.23577,58.43275],[23.23592,58.43141],[23.23813,58.42996],[23.24506,58.4291],[23.24647,58.42728],[23.25413,58.42841],[23.25723,58.43355],[23.25053,58.43474],[23.24764,58.436],[23.25191,58.43895],[23.2545,58.4416],[23.24592,58.44323],[23.24504,58.44134],[23.24169,58.44077],[23.24071,58.44469],[23.2391,58.444],[23.23415,58.44393],[23.23404,58.44603],[23.2322,58.44763],[23.22174,58.45028],[23.22058,58.45113],[23.22022,58.45383],[23.22164,58.45611],[23.22545,58.45865],[23.22919,58.45597],[23.22734,58.45336],[23.22907,58.45302],[23.23137,58.45496],[23.23594,58.45645],[23.23518,58.45813],[23.23665,58.45881],[23.24029,58.45856],[23.24323,58.4573],[23.24708,58.45669],[23.25196,58.45675],[23.25255,58.45556],[23.2557,58.45596],[23.25673,58.45701],[23.25988,58.45558],[23.26255,58.45581],[23.26494,58.45422],[23.26026,58.45217],[23.2592,58.45065],[23.2608,58.44981],[23.26403,58.45049],[23.26505,58.45182],[23.26891,58.45229],[23.26989,58.45447],[23.26989,58.45737],[23.27408,58.45757],[23.27523,58.46007],[23.27349,58.4644],[23.26866,58.46479],[23.26556,58.46664],[23.26658,58.46985],[23.26904,58.47144],[23.26829,58.47337],[23.27168,58.47446],[23.27692,58.47387],[23.28105,58.4741],[23.27925,58.47232],[23.28406,58.46983],[23.28214,58.46729],[23.28235,58.46254],[23.28349,58.46172],[23.28316,58.45831],[23.28569,58.45868],[23.28772,58.45714],[23.28756,58.45517],[23.28211,58.45336],[23.27646,58.45385],[23.27336,58.45499],[23.272,58.45272],[23.27895,58.45083],[23.28006,58.44825],[23.28605,58.44695],[23.28887,58.44996],[23.29395,58.4504],[23.29798,58.45324],[23.29908,58.44774],[23.30171,58.44352],[23.30151,58.44249],[23.29791,58.44219],[23.29685,58.44117],[23.29657,58.43778],[23.29756,58.43493],[23.29755,58.4297],[23.2987,58.42821],[23.30312,58.429],[23.30462,58.42989],[23.31012,58.43013],[23.30919,58.43142],[23.31235,58.43651],[23.31141,58.43756],[23.31235,58.44113],[23.31091,58.4438],[23.31319,58.44673],[23.31843,58.44749],[23.32473,58.44703],[23.32323,58.45083],[23.32336,58.45288],[23.32549,58.45324],[23.32332,58.45601],[23.32099,58.45675],[23.3192,58.45911],[23.31594,58.45891],[23.30246,58.46011],[23.30219,58.46205],[23.30454,58.46489],[23.30465,58.46676],[23.29819,58.46765],[23.30005,58.47264],[23.30239,58.47417],[23.30033,58.47528],[23.29739,58.47554],[23.29446,58.47679],[23.2938,58.47509],[23.29065,58.47475],[23.28604,58.47909],[23.2886,58.48032],[23.28898,58.48257],[23.29105,58.48341],[23.28899,58.48469],[23.28561,58.48427],[23.2856,58.48094],[23.28197,58.48117],[23.28082,58.48356],[23.27685,58.4835],[23.27202,58.48627],[23.27257,58.48846],[23.27413,58.4896],[23.26294,58.49241],[23.2593,58.49195],[23.25865,58.49366],[23.25446,58.49517],[23.25169,58.49463],[23.24886,58.49522],[23.23975,58.49505],[23.23387,58.49611],[23.23214,58.49741],[23.22675,58.49715],[23.22414,58.49884],[23.2212,58.49935],[23.21957,58.5018],[23.21494,58.50395],[23.2119,58.5042],[23.21094,58.50693],[23.20562,58.50701],[23.20229,58.50876],[23.20126,58.5104],[23.19562,58.51197],[23.19094,58.51106],[23.18701,58.51332],[23.18095,58.51397],[23.17299,58.51375],[23.16936,58.51335],[23.16342,58.51345],[23.1619,58.51149],[23.15833,58.51051],[23.15842,58.51327],[23.15513,58.51516],[23.15194,58.51355],[23.1484,58.51715],[23.14454,58.51751],[23.14069,58.51929],[23.13845,58.52226],[23.13637,58.52187],[23.13625,58.52458],[23.13322,58.5255],[23.13483,58.52768],[23.13218,58.52824],[23.12799,58.53335],[23.12805,58.53642],[23.12676,58.53785],[23.1286,58.53995],[23.13229,58.53883],[23.1345,58.53739],[23.13691,58.53778],[23.13422,58.54041],[23.13005,58.54153],[23.12745,58.54351],[23.12888,58.54829],[23.13434,58.54872],[23.13653,58.54725],[23.1382,58.54988],[23.13208,58.5542],[23.12853,58.55575],[23.11857,58.55649],[23.11643,58.5576],[23.11136,58.55765],[23.10717,58.55875],[23.10219,58.55771],[23.10155,58.55667],[23.09827,58.55612],[23.09164,58.55835],[23.08851,58.55988],[23.08282,58.56175],[23.07834,58.5618],[23.07578,58.56084],[23.06587,58.56331],[23.06798,58.56492],[23.06622,58.56596],[23.0625,58.56644],[23.06157,58.57034],[23.05997,58.57302],[23.05203,58.57467],[23.04894,58.57655],[23.04681,58.57618],[23.04024,58.5776],[23.03594,58.57643],[23.03368,58.57408],[23.03124,58.57725],[23.02943,58.58151],[23.02739,58.583],[23.02369,58.5879],[23.02173,58.58812],[23.01886,58.58986],[23.01588,58.59282],[23.01223,58.59305],[23.00793,58.5953],[23.00292,58.59713],[23.00058,58.59869],[22.99193,58.60035],[22.99029,58.60017],[22.98544,58.60137],[22.98216,58.60165],[22.97829,58.6032],[22.97294,58.6043],[22.97135,58.60729],[22.96344,58.60793],[22.95835,58.60804],[22.95623,58.61087],[22.95763,58.61264],[22.95572,58.61442],[22.94884,58.61492],[22.94824,58.61608],[22.94261,58.61716],[22.93819,58.61618],[22.93143,58.61635],[22.92717,58.61609],[22.92346,58.61518],[22.91648,58.61492],[22.91117,58.61579],[22.90659,58.61465],[22.90233,58.61552],[22.89922,58.61517],[22.89649,58.61627],[22.89544,58.61789],[22.8897,58.62117],[22.88232,58.62258],[22.8803,58.62432],[22.87751,58.62541],[22.87335,58.62578],[22.87314,58.6237],[22.87118,58.62245],[22.86544,58.62257],[22.86349,58.62074],[22.8575,58.62008],[22.85523,58.61833],[22.84877,58.61865],[22.84641,58.6155],[22.84428,58.6154],[22.84213,58.61699],[22.83639,58.61685],[22.83158,58.61791],[22.82833,58.61944],[22.82483,58.61985],[22.82176,58.62138],[22.8152,58.6222],[22.81322,58.62305],[22.80911,58.62351],[22.80658,58.62482],[22.80276,58.62557],[22.79654,58.62469],[22.79536,58.62358],[22.79245,58.62357],[22.79067,58.62251],[22.78761,58.62207],[22.78547,58.61961],[22.77588,58.61437],[22.77265,58.61202],[22.77208,58.60922],[22.77431,58.6028],[22.7732,58.60026],[22.76946,58.59525],[22.76463,58.58989],[22.76436,58.58687],[22.76232,58.58415],[22.76347,58.58321],[22.76024,58.58141],[22.76002,58.58019],[22.75767,58.57857],[22.75533,58.57569],[22.75161,58.57371],[22.74567,58.57348],[22.74267,58.57484],[22.73421,58.5768],[22.7282,58.57679],[22.72634,58.57984],[22.72094,58.57912],[22.71821,58.57958],[22.7197,58.58544],[22.71482,58.58631],[22.71434,58.59161],[22.70979,58.59285],[22.70802,58.59548],[22.70441,58.59615],[22.70248,58.59806],[22.69718,58.59702],[22.69432,58.5982],[22.69321,58.6005],[22.68781,58.59875],[22.68438,58.59672],[22.6867,58.59559],[22.69053,58.59543],[22.69241,58.59319],[22.69176,58.59129],[22.68458,58.59042],[22.68318,58.58821],[22.68558,58.58758],[22.68069,58.5836],[22.67703,58.58202],[22.67381,58.57909],[22.66372,58.57864],[22.65854,58.57886],[22.65352,58.57803],[22.64795,58.5791],[22.64468,58.57885],[22.6395,58.57921],[22.63414,58.58089],[22.63037,58.58127],[22.6247,58.58395],[22.62163,58.58586],[22.61581,58.59098],[22.6137,58.59403],[22.60771,58.5994],[22.59873,58.6101],[22.59401,58.61477],[22.5934,58.61656],[22.59137,58.61772],[22.58228,58.6263],[22.58163,58.62763],[22.57659,58.63274],[22.57186,58.63573],[22.5625,58.63841],[22.55861,58.63849],[22.55135,58.63704],[22.54506,58.63366],[22.54052,58.6332],[22.54543,58.63636],[22.54303,58.63684],[22.54056,58.63926],[22.54477,58.64049],[22.54007,58.64171]]],[[[23.02162,58.64565],[23.02031,58.64639],[23.01586,58.64485],[23.0153,58.64333],[23.01076,58.63592],[23.00893,58.63136],[23.01095,58.63111],[23.01466,58.62885],[23.01842,58.62869],[23.02,58.62749],[23.02425,58.62648],[23.02604,58.627],[23.0349,58.62688],[23.03903,58.626],[23.04245,58.62768],[23.04244,58.62922],[23.03726,58.63123],[23.03444,58.63345],[23.0357,58.63534],[23.03239,58.63656],[23.03154,58.64196],[23.03283,58.64357],[23.02652,58.64379],[23.02526,58.64564],[23.02162,58.64565]]],[[[22.54558,58.64929],[22.53934,58.64827],[22.54718,58.64764],[22.54558,58.64929]]],[[[23.12898,58.65593],[23.12961,58.65828],[23.12541,58.65713],[23.12694,58.65463],[23.12898,58.65593]]],[[[23.19144,58.68426],[23.18877,58.68222],[23.18325,58.67994],[23.17862,58.679],[23.17474,58.67943],[23.16944,58.67717],[23.16246,58.67611],[23.15598,58.67765],[23.15578,58.67891],[23.15296,58.67975],[23.15051,58.67819],[23.14748,58.67736],[23.14608,58.67529],[23.14154,58.6732],[23.13917,58.67003],[23.13873,58.66717],[23.14004,58.6653],[23.13536,58.66237],[23.13677,58.65869],[23.14043,58.65584],[23.13914,58.65415],[23.13658,58.65404],[23.13617,58.65251],[23.13878,58.65189],[23.14129,58.64849],[23.13869,58.64521],[23.14058,58.64376],[23.13968,58.64143],[23.13772,58.64042],[23.14147,58.63708],[23.14705,58.63311],[23.14736,58.63056],[23.14599,58.62796],[23.14223,58.62535],[23.1377,58.62381],[23.13686,58.62139],[23.13308,58.62158],[23.12713,58.62106],[23.12424,58.6202],[23.12106,58.62101],[23.11891,58.62273],[23.11629,58.62298],[23.11156,58.62445],[23.10548,58.62501],[23.10202,58.62668],[23.09894,58.62742],[23.09462,58.62608],[23.09171,58.62414],[23.08639,58.62362],[23.08322,58.62246],[23.07994,58.61952],[23.07719,58.61901],[23.06957,58.62053],[23.06683,58.61905],[23.07127,58.61819],[23.07402,58.61691],[23.07657,58.61478],[23.07793,58.61235],[23.0778,58.61013],[23.07073,58.6034],[23.06983,58.59963],[23.0738,58.59763],[23.07563,58.59516],[23.07519,58.59306],[23.07807,58.59095],[23.08165,58.58944],[23.0842,58.58688],[23.08904,58.5855],[23.09334,58.58553],[23.09876,58.584],[23.10515,58.58331],[23.10704,58.58104],[23.11585,58.57933],[23.12042,58.57609],[23.12454,58.57489],[23.12771,58.57526],[23.12951,58.57415],[23.13328,58.57404],[23.13726,58.57721],[23.1394,58.57769],[23.14397,58.58033],[23.14643,58.57904],[23.1496,58.57942],[23.15111,58.57822],[23.15622,58.57741],[23.15737,58.57627],[23.16202,58.57386],[23.16486,58.57145],[23.16568,58.56934],[23.16869,58.56926],[23.16935,58.56813],[23.1723,58.5683],[23.17536,58.56629],[23.1788,58.56245],[23.18321,58.5672],[23.1848,58.56677],[23.18479,58.56462],[23.18199,58.56366],[23.18332,58.56183],[23.18702,58.56012],[23.18498,58.55766],[23.18122,58.55844],[23.17728,58.56077],[23.17586,58.55878],[23.17788,58.55585],[23.18008,58.55435],[23.18079,58.55253],[23.18718,58.54917],[23.18936,58.54758],[23.1916,58.54728],[23.19269,58.54574],[23.19575,58.54634],[23.19862,58.54931],[23.20205,58.54901],[23.2034,58.54784],[23.20367,58.5436],[23.20625,58.54176],[23.21286,58.5434],[23.2143,58.54158],[23.21106,58.53983],[23.21076,58.53833],[23.215,58.53859],[23.21465,58.54013],[23.21646,58.54112],[23.2197,58.54025],[23.21912,58.53786],[23.2178,58.53692],[23.21752,58.53018],[23.2202,58.52529],[23.22449,58.52518],[23.22556,58.5243],[23.22931,58.52442],[23.22912,58.52599],[23.23184,58.52658],[23.23178,58.52332],[23.23447,58.52157],[23.23589,58.5219],[23.23844,58.52507],[23.2427,58.52615],[23.24086,58.52696],[23.24211,58.53202],[23.24496,58.53099],[23.24656,58.53226],[23.24481,58.53463],[23.24519,58.53728],[23.24767,58.53934],[23.25226,58.53832],[23.25185,58.54154],[23.25339,58.54309],[23.25402,58.54539],[23.25579,58.54718],[23.25897,58.54854],[23.26322,58.54963],[23.26812,58.54959],[23.2712,58.54795],[23.27691,58.54787],[23.28006,58.54721],[23.28226,58.54544],[23.28285,58.54112],[23.28627,58.54074],[23.28872,58.53959],[23.28803,58.53806],[23.28987,58.53669],[23.2943,58.53792],[23.29489,58.54243],[23.29676,58.5434],[23.29805,58.54581],[23.29965,58.5463],[23.30604,58.54617],[23.30505,58.54205],[23.30079,58.5382],[23.30427,58.53417],[23.30764,58.53314],[23.30991,58.53506],[23.31221,58.53588],[23.31583,58.54096],[23.3184,58.54297],[23.31871,58.54538],[23.32012,58.54796],[23.32049,58.55145],[23.32229,58.55401],[23.32416,58.55457],[23.3259,58.54732],[23.32789,58.54828],[23.32917,58.5504],[23.33189,58.54934],[23.33145,58.54581],[23.33235,58.54408],[23.33422,58.54393],[23.33521,58.53918],[23.33723,58.53569],[23.34208,58.53609],[23.3455,58.53477],[23.34849,58.53479],[23.3503,58.53231],[23.35311,58.53352],[23.3617,58.53254],[23.36269,58.53328],[23.36632,58.53218],[23.36733,58.52978],[23.37007,58.53128],[23.37589,58.53114],[23.37651,58.53337],[23.37933,58.53429],[23.38394,58.53473],[23.38608,58.53662],[23.39439,58.53762],[23.39941,58.53973],[23.4011,58.54103],[23.40178,58.5434],[23.4047,58.54626],[23.40575,58.55119],[23.40318,58.55154],[23.40196,58.55428],[23.39873,58.55478],[23.3956,58.55693],[23.39322,58.55966],[23.39363,58.5617],[23.3921,58.56407],[23.39262,58.5692],[23.39342,58.57091],[23.39123,58.57352],[23.3856,58.57805],[23.38466,58.57933],[23.38155,58.58057],[23.37828,58.58367],[23.37398,58.58637],[23.37306,58.58863],[23.36592,58.59327],[23.3623,58.59625],[23.35711,58.59941],[23.35813,58.60169],[23.35496,58.60258],[23.35467,58.60463],[23.35313,58.60634],[23.34974,58.60766],[23.3474,58.60772],[23.34531,58.61083],[23.34529,58.61303],[23.34275,58.61666],[23.34469,58.61922],[23.3486,58.62056],[23.35609,58.62459],[23.3613,58.62599],[23.36243,58.62854],[23.36275,58.63272],[23.36165,58.6369],[23.35936,58.63837],[23.35268,58.64388],[23.35284,58.64513],[23.34968,58.64593],[23.34596,58.64797],[23.33925,58.64832],[23.33777,58.64923],[23.33385,58.64922],[23.32686,58.65055],[23.32511,58.64988],[23.31993,58.65041],[23.31359,58.65324],[23.31184,58.65318],[23.30469,58.65481],[23.30311,58.65626],[23.29832,58.65542],[23.28936,58.65814],[23.28117,58.66214],[23.26987,58.66524],[23.26501,58.66541],[23.25596,58.66756],[23.24902,58.66989],[23.24387,58.67033],[23.2381,58.67259],[23.23612,58.67423],[23.2321,58.67468],[23.22684,58.67591],[23.22246,58.67604],[23.21368,58.67834],[23.20879,58.67894],[23.20335,58.68062],[23.20034,58.68278],[23.19787,58.68234],[23.19144,58.68426]]]]},"properties":{"area_code":"0074","area_name":"SAARE COUNTY"}},
{"type":"Feature","geometry":{"type":"MultiPolygon","coordinates":[[[[26.14716,58.47211],[26.14912,58.47011],[26.15211,58.46995],[26.15087,58.46753],[26.15447,58.46702],[26.15415,58.46562],[26.15717,58.46542],[26.15485,58.46298],[26.15966,58.46152],[26.16137,58.46016],[26.15835,58.45755],[26.16233,58.45586],[26.16206,58.4534],[26.16595,58.45074],[26.16551,58.44939],[26.16236,58.4479],[26.16111,58.44624],[26.16531,58.44387],[26.167,58.44135],[26.17487,58.43578],[26.17365,58.4325],[26.17629,58.43054],[26.17651,58.42741],[26.17993,58.42534],[26.17937,58.42283],[26.18095,58.42091],[26.18168,58.4184],[26.18431,58.41689],[26.18597,58.4146],[26.18881,58.41411],[26.19068,58.41283],[26.1865,58.4111],[26.18754,58.4066],[26.1847,58.40667],[26.17855,58.40767],[26.17676,58.40896],[26.17218,58.40931],[26.16897,58.40837],[26.16765,58.40662],[26.16389,58.40557],[26.16243,58.40359],[26.15765,58.40366],[26.15575,58.40246],[26.15857,58.40074],[26.15004,58.39639],[26.14699,58.39598],[26.14576,58.39406],[26.14762,58.39242],[26.14464,58.3859],[26.14162,58.38446],[26.13648,58.38559],[26.13169,58.38241],[26.12745,58.3803],[26.12839,58.38007],[26.13355,58.38241],[26.13828,58.37948],[26.1388,58.37839],[26.14269,58.37619],[26.14477,58.37386],[26.14616,58.37088],[26.14921,58.37019],[26.15013,58.36696],[26.15026,58.36357],[26.15255,58.36121],[26.15579,58.3594],[26.15672,58.35777],[26.15598,58.35426],[26.15839,58.35323],[26.15548,58.34947],[26.1591,58.34723],[26.1591,58.34329],[26.15789,58.33842],[26.15674,58.33618],[26.15495,58.33506],[26.15196,58.33457],[26.15015,58.33343],[26.14823,58.33069],[26.14694,58.33031],[26.14108,58.3326],[26.14039,58.33098],[26.14227,58.33003],[26.14428,58.3273],[26.14701,58.32722],[26.14739,58.32514],[26.14299,58.32217],[26.13997,58.3233],[26.1386,58.32223],[26.13831,58.31984],[26.13938,58.31652],[26.14111,58.31498],[26.13915,58.31314],[26.14143,58.30538],[26.13844,58.30146],[26.13953,58.29901],[26.14248,58.29609],[26.14249,58.2933],[26.14061,58.29067],[26.14087,58.28764],[26.13942,58.28461],[26.13765,58.28336],[26.13704,58.28073],[26.139,58.27972],[26.13782,58.27625],[26.13417,58.27471],[26.13303,58.27189],[26.13495,58.26913],[26.13533,58.26436],[26.13438,58.26323],[26.13548,58.26144],[26.13395,58.26053],[26.13528,58.25742],[26.13468,58.25306],[26.13385,58.25192],[26.13639,58.24981],[26.14024,58.24839],[26.1423,58.24632],[26.14263,58.24399],[26.13796,58.24164],[26.13793,58.2404],[26.13464,58.23651],[26.1318,58.23549],[26.1305,58.23412],[26.1286,58.22972],[26.12435,58.23024],[26.12172,58.22974],[26.11538,58.225],[26.11073,58.21588],[26.11033,58.21399],[26.10578,58.20611],[26.10143,58.20263],[26.09945,58.20047],[26.09659,58.19269],[26.09647,58.19033],[26.0953,58.1874],[26.0923,58.18571],[26.08998,58.1823],[26.08931,58.17626],[26.08765,58.17522],[26.08787,58.17243],[26.08996,58.17046],[26.08866,58.16721],[26.08685,58.16631],[26.08291,58.16757],[26.07775,58.16716],[26.07768,58.16647],[26.0818,58.1645],[26.08627,58.16524],[26.08878,58.16423],[26.08942,58.16131],[26.0882,58.16042],[26.08631,58.15545],[26.08586,58.15283],[26.08406,58.15058],[26.08504,58.1491],[26.08716,58.14851],[26.08767,58.14678],[26.08971,58.14579],[26.08803,58.1436],[26.0892,58.14044],[26.08529,58.13831],[26.08427,58.13688],[26.08611,58.13608],[26.08963,58.13622],[26.09062,58.13536],[26.0899,58.13276],[26.0909,58.1306],[26.08973,58.12918],[26.09079,58.12701],[26.08991,58.12098],[26.0917,58.1196],[26.09517,58.11929],[26.09555,58.11976],[26.11329,58.12217],[26.11752,58.11446],[26.12076,58.1149],[26.12008,58.11621],[26.12092,58.11844],[26.12386,58.12068],[26.13076,58.11933],[26.13259,58.1212],[26.13502,58.12084],[26.14804,58.12377],[26.14803,58.12107],[26.1531,58.11681],[26.15925,58.11764],[26.16247,58.11862],[26.16721,58.11847],[26.18064,58.1169],[26.18682,58.11517],[26.19221,58.1146],[26.20375,58.11562],[26.21542,58.11434],[26.22136,58.11511],[26.22536,58.11517],[26.2313,58.1145],[26.26383,58.11287],[26.27341,58.11263],[26.28347,58.12742],[26.2839,58.13103],[26.28577,58.13508],[26.2896,58.13589],[26.29146,58.13514],[26.29824,58.13426],[26.30334,58.13559],[26.30604,58.13526],[26.31055,58.13625],[26.32496,58.1348],[26.33176,58.13278],[26.37098,58.17205],[26.37463,58.16953],[26.3873,58.16566],[26.39259,58.16481],[26.40502,58.1676],[26.40315,58.16904],[26.40318,58.17076],[26.40792,58.17357],[26.41058,58.17447],[26.41181,58.1772],[26.41475,58.17798],[26.4162,58.17961],[26.41481,58.18086],[26.41835,58.1838],[26.41764,58.18003],[26.41602,58.17641],[26.41208,58.17506],[26.40582,58.16978],[26.40845,58.16649],[26.40732,58.16341],[26.40876,58.16207],[26.41261,58.16014],[26.41338,58.15694],[26.4149,58.15504],[26.41513,58.15227],[26.41616,58.15002],[26.4152,58.14593],[26.41375,58.14445],[26.41767,58.1426],[26.42259,58.14394],[26.42869,58.14623],[26.43123,58.14378],[26.43383,58.14513],[26.43951,58.14088],[26.44886,58.14593],[26.46491,58.15252],[26.48165,58.1525],[26.48614,58.1563],[26.49058,58.16196],[26.49394,58.16336],[26.49697,58.16303],[26.5021,58.16425],[26.50693,58.16466],[26.51179,58.16457],[26.51696,58.1639],[26.51903,58.16542],[26.52661,58.16404],[26.53413,58.16399],[26.53833,58.1652],[26.541,58.16439],[26.54915,58.16442],[26.56227,58.15858],[26.5678,58.1582],[26.56963,58.15757],[26.57086,58.15449],[26.56914,58.15165],[26.56955,58.14568],[26.57718,58.14524],[26.57879,58.14369],[26.58251,58.14213],[26.59108,58.14141],[26.59883,58.13945],[26.60648,58.13597],[26.60222,58.13436],[26.60265,58.12525],[26.62329,58.1252],[26.62369,58.12059],[26.62811,58.12302],[26.6341,58.12475],[26.64521,58.12443],[26.64957,58.12538],[26.65848,58.12645],[26.65844,58.13046],[26.66166,58.13173],[26.6578,58.13494],[26.65469,58.13496],[26.65493,58.13636],[26.66385,58.14116],[26.67014,58.14391],[26.67276,58.1462],[26.66173,58.14641],[26.65838,58.14943],[26.66019,58.15187],[26.65905,58.1556],[26.675,58.1549],[26.67497,58.15593],[26.66105,58.15829],[26.65837,58.16578],[26.65512,58.1651],[26.65597,58.16723],[26.65468,58.16971],[26.65629,58.1733],[26.65323,58.17466],[26.65358,58.177],[26.65617,58.17824],[26.65633,58.18148],[26.65886,58.18301],[26.65987,58.18091],[26.66441,58.18068],[26.66667,58.17906],[26.67023,58.17835],[26.67442,58.1786],[26.6776,58.17717],[26.68802,58.17727],[26.69316,58.17834],[26.69859,58.17766],[26.70054,58.18022],[26.70788,58.18016],[26.7186,58.18704],[26.72002,58.18841],[26.73147,58.19119],[26.73369,58.1888],[26.74156,58.18896],[26.74189,58.18725],[26.74412,58.18491],[26.74353,58.18134],[26.7482,58.17654],[26.74699,58.17352],[26.74025,58.1695],[26.73984,58.1681],[26.73699,58.16574],[26.74483,58.166],[26.74581,58.16836],[26.74893,58.17211],[26.7558,58.17242],[26.75929,58.17],[26.76655,58.16873],[26.76686,58.17434],[26.77317,58.1743],[26.77296,58.17585],[26.77476,58.17685],[26.7809,58.17866],[26.78317,58.17844],[26.78631,58.17941],[26.79546,58.18353],[26.79795,58.18266],[26.80253,58.18309],[26.80819,58.18448],[26.81014,58.18354],[26.81276,58.18479],[26.81507,58.18398],[26.8173,58.18174],[26.82132,58.18047],[26.82584,58.18294],[26.82847,58.1833],[26.83613,58.18618],[26.83519,58.18755],[26.8415,58.19043],[26.84509,58.19577],[26.84905,58.19657],[26.85309,58.19651],[26.85449,58.19583],[26.85882,58.19712],[26.86027,58.19942],[26.8655,58.20015],[26.86395,58.20165],[26.86476,58.20329],[26.86574,58.21275],[26.86774,58.21503],[26.86879,58.21831],[26.87264,58.22364],[26.87176,58.22579],[26.87809,58.23433],[26.88288,58.23349],[26.88766,58.23502],[26.88466,58.2368],[26.88852,58.24028],[26.89328,58.24321],[26.8959,58.24402],[26.90179,58.24691],[26.90256,58.24872],[26.90714,58.24923],[26.91084,58.24596],[26.9178,58.241],[26.91194,58.23768],[26.91706,58.23294],[26.91402,58.23164],[26.91661,58.22661],[26.92924,58.22725],[26.93554,58.23714],[26.93699,58.23904],[26.94849,58.23906],[26.95198,58.23573],[26.95442,58.23668],[26.95613,58.23959],[26.95962,58.24196],[26.96321,58.24027],[26.96773,58.23955],[26.97445,58.24083],[26.97939,58.24258],[26.98162,58.23889],[26.9794,58.23774],[26.98016,58.2366],[26.97796,58.23442],[26.97608,58.23097],[26.98135,58.22914],[26.98247,58.22526],[26.99548,58.2263],[26.99765,58.22667],[27.00544,58.22914],[27.01338,58.23336],[27.01792,58.23672],[27.02168,58.23309],[27.02544,58.22863],[27.02921,58.23221],[27.03166,58.2331],[27.0421,58.23817],[27.04285,58.24027],[27.0406,58.24285],[27.03856,58.24416],[27.03742,58.24677],[27.04044,58.24786],[27.04349,58.24981],[27.04248,58.25153],[27.04628,58.25404],[27.04096,58.26004],[27.0469,58.26176],[27.04623,58.26316],[27.0592,58.26423],[27.06469,58.25837],[27.06884,58.25846],[27.07151,58.25664],[27.07497,58.25789],[27.08128,58.25353],[27.08112,58.2522],[27.08629,58.24527],[27.09426,58.24607],[27.10965,58.24874],[27.11921,58.24952],[27.12094,58.25089],[27.1251,58.25024],[27.12351,58.24826],[27.12646,58.24745],[27.13392,58.25147],[27.13328,58.25448],[27.13428,58.25659],[27.13407,58.26352],[27.13991,58.26747],[27.14775,58.26804],[27.15114,58.26693],[27.16002,58.25664],[27.16654,58.25391],[27.17646,58.25315],[27.18734,58.25293],[27.19325,58.25248],[27.19666,58.25278],[27.20671,58.25478],[27.21388,58.25512],[27.22766,58.25294],[27.24171,58.25329],[27.24251,58.25206],[27.24031,58.25066],[27.23959,58.24888],[27.24167,58.24838],[27.24496,58.25006],[27.24469,58.2475],[27.28012,58.24512],[27.27545,58.23296],[27.27171,58.22425],[27.32812,58.21802],[27.35274,58.21507],[27.35726,58.22015],[27.38332,58.21074],[27.39037,58.20792],[27.3948,58.20809],[27.39902,58.21135],[27.40447,58.20964],[27.41593,58.21046],[27.42516,58.20204],[27.42649,58.19509],[27.43909,58.19554],[27.47428,58.19204],[27.48065,58.1912],[27.4809,58.19265],[27.47579,58.19883],[27.47627,58.19939],[27.47375,58.20556],[27.47446,58.2086],[27.47398,58.21163],[27.47214,58.21387],[27.47023,58.21447],[27.47021,58.21639],[27.46852,58.21911],[27.4687,58.22167],[27.46654,58.22203],[27.46679,58.2246],[27.46844,58.22504],[27.46777,58.22804],[27.46927,58.22951],[27.47692,58.23323],[27.47671,58.23626],[27.47464,58.23935],[27.46965,58.24356],[27.46464,58.25156],[27.46146,58.25357],[27.45913,58.25781],[27.45681,58.25899],[27.45442,58.26183],[27.45063,58.26223],[27.44554,58.26498],[27.44432,58.26647],[27.43974,58.2687],[27.43782,58.27114],[27.43533,58.27263],[27.44008,58.27302],[27.43906,58.27551],[27.43564,58.27835],[27.43327,58.27886],[27.42795,58.28164],[27.4282,58.28249],[27.42352,58.28445],[27.41637,58.28849],[27.41457,58.29185],[27.41138,58.29466],[27.41455,58.29578],[27.4122,58.29711],[27.41432,58.2983],[27.41369,58.29945],[27.42063,58.30308],[27.42671,58.30306],[27.42884,58.30522],[27.43222,58.30611],[27.43183,58.30844],[27.43033,58.31013],[27.43073,58.31401],[27.42729,58.31466],[27.42589,58.31683],[27.42664,58.32038],[27.42428,58.32081],[27.42464,58.32291],[27.42293,58.32521],[27.41938,58.32735],[27.42134,58.32847],[27.42021,58.33086],[27.42145,58.33361],[27.42088,58.33641],[27.41835,58.33881],[27.42025,58.34168],[27.41989,58.34434],[27.41676,58.34674],[27.41492,58.34937],[27.41091,58.35],[27.40566,58.35242],[27.40494,58.35403],[27.4068,58.35694],[27.41058,58.35918],[27.41735,58.36041],[27.42215,58.35993],[27.43124,58.36111],[27.43393,58.36313],[27.43744,58.3633],[27.43883,58.3652],[27.43673,58.36669],[27.43094,58.36761],[27.42903,58.36733],[27.41459,58.37119],[27.40094,58.37757],[27.39549,58.37989],[27.3871,58.38304],[27.38193,58.38611],[27.37238,58.39038],[27.36928,58.39251],[27.36358,58.39474],[27.36017,58.39517],[27.35656,58.39643],[27.34724,58.39758],[27.32241,58.40211],[27.31261,58.404],[27.30223,58.40693],[27.29623,58.4082],[27.29362,58.407],[27.29308,58.40533],[27.28972,58.40442],[27.29119,58.40219],[27.29387,58.39992],[27.29659,58.39909],[27.29917,58.39706],[27.30523,58.39868],[27.30683,58.40008],[27.30967,58.40029],[27.30756,58.3972],[27.30255,58.39606],[27.30134,58.39481],[27.29859,58.39464],[27.29608,58.39173],[27.29289,58.39031],[27.28914,58.38967],[27.27974,58.38947],[27.27306,58.3913],[27.27169,58.39284],[27.26487,58.39416],[27.26303,58.39741],[27.25858,58.39847],[27.25767,58.40085],[27.25818,58.4057],[27.25516,58.407],[27.25276,58.40973],[27.25062,58.41023],[27.24319,58.41584],[27.24227,58.41768],[27.24297,58.41902],[27.24008,58.42119],[27.24019,58.4234],[27.24175,58.42564],[27.24874,58.43068],[27.24864,58.433],[27.24963,58.43461],[27.24928,58.43661],[27.24374,58.43818],[27.24142,58.43755],[27.23891,58.43934],[27.23916,58.44229],[27.2436,58.44675],[27.24326,58.45046],[27.24374,58.45427],[27.24748,58.45761],[27.24687,58.45899],[27.24905,58.46063],[27.24771,58.46591],[27.24829,58.46724],[27.24724,58.4696],[27.24641,58.47573],[27.24697,58.4773],[27.24585,58.47863],[27.2457,58.48539],[27.24653,58.48888],[27.24453,58.49411],[27.24218,58.49709],[27.24367,58.49939],[27.24127,58.50187],[27.2416,58.50417],[27.24101,58.50852],[27.2413,58.51042],[27.24293,58.51252],[27.24001,58.52028],[27.23683,58.52486],[27.23521,58.52962],[27.23136,58.53438],[27.22751,58.54026],[27.22556,58.54595],[27.22399,58.5482],[27.22244,58.55266],[27.2211,58.55498],[27.22083,58.55753],[27.21549,58.56415],[27.21453,58.56625],[27.21575,58.56742],[27.21313,58.57117],[27.21099,58.57608],[27.20951,58.58331],[27.20968,58.59289],[27.21099,58.59586],[27.21259,58.59673],[27.21137,58.59959],[27.21226,58.59998],[27.21114,58.60436],[27.20969,58.60659],[27.21045,58.60776],[27.20686,58.60822],[27.2025,58.60995],[27.199,58.61244],[27.19477,58.61627],[27.19385,58.61797],[27.18942,58.62345],[27.18952,58.62507],[27.18261,58.63113],[27.18197,58.6336],[27.18068,58.63482],[27.18,58.63761],[27.17738,58.64065],[27.17163,58.64374],[27.1699,58.64562],[27.17121,58.6473],[27.16879,58.64991],[27.1666,58.65526],[27.16463,58.65878],[27.16564,58.66451],[27.1667,58.66661],[27.16935,58.66836],[27.167,58.66912],[27.16635,58.67212],[27.16455,58.674],[27.16486,58.67857],[27.16367,58.6826],[27.15579,58.68128],[27.13663,58.67737],[27.13424,58.68102],[27.1295,58.68004],[27.12826,58.68261],[27.10731,58.67825],[27.09456,58.67583],[27.07758,58.67072],[27.07771,58.66848],[27.08741,58.6649],[27.0846,58.66324],[27.08209,58.65884],[27.08427,58.65679],[27.08126,58.65565],[27.07505,58.65188],[27.07371,58.65388],[27.06593,58.65497],[27.06597,58.65593],[27.05955,58.65759],[27.05623,58.65482],[27.04476,58.65225],[27.04556,58.6468],[27.02894,58.64299],[27.02413,58.6448],[27.02129,58.64375],[27.01595,58.64336],[27.00974,58.64166],[27.00454,58.64164],[27.0012,58.63951],[27.00415,58.63841],[27.00059,58.63573],[27.00594,58.63367],[27.0082,58.63542],[27.0195,58.63647],[27.02242,58.63252],[27.02404,58.62883],[27.0163,58.62282],[27.02252,58.61636],[27.02263,58.61012],[27.03214,58.60807],[27.03197,58.59962],[27.03143,58.5937],[27.01367,58.5932],[27.01343,58.59542],[27.00816,58.59589],[27.00677,58.60515],[27.003,58.60669],[26.99916,58.61162],[26.98761,58.61292],[26.98856,58.61517],[26.98636,58.61706],[26.9845,58.61584],[26.97869,58.61383],[26.98265,58.6067],[26.97773,58.60593],[26.97336,58.61115],[26.96876,58.61201],[26.967,58.60806],[26.962,58.60619],[26.9452,58.61485],[26.93072,58.62187],[26.92202,58.62388],[26.9094,58.62644],[26.87166,58.63428],[26.86924,58.63282],[26.86578,58.63223],[26.86169,58.63312],[26.85678,58.61754],[26.8537,58.60864],[26.84922,58.5935],[26.84722,58.58827],[26.84884,58.5847],[26.8509,58.57594],[26.82595,58.57534],[26.82561,58.57204],[26.83071,58.56999],[26.83053,58.566],[26.80889,58.56561],[26.809,58.56232],[26.80377,58.56361],[26.79768,58.5604],[26.79615,58.55685],[26.7867,58.55907],[26.77626,58.56058],[26.77331,58.56125],[26.7674,58.55908],[26.76604,58.55734],[26.7637,58.5565],[26.76027,58.55423],[26.75451,58.5523],[26.7482,58.55672],[26.74033,58.55943],[26.73708,58.55453],[26.73885,58.55054],[26.73068,58.54935],[26.71659,58.54353],[26.71201,58.54201],[26.70657,58.54515],[26.70274,58.54664],[26.7028,58.54763],[26.69989,58.55013],[26.69538,58.54992],[26.69377,58.55124],[26.69333,58.55376],[26.68815,58.55852],[26.68111,58.56211],[26.67861,58.56252],[26.67204,58.56478],[26.6694,58.56654],[26.66321,58.56754],[26.66079,58.56886],[26.65856,58.56882],[26.66626,58.56214],[26.66677,58.56066],[26.66295,58.55876],[26.6515,58.5543],[26.64869,58.55251],[26.64271,58.54576],[26.64271,58.53166],[26.64617,58.53129],[26.65223,58.52686],[26.64686,58.52537],[26.65048,58.52387],[26.64314,58.52262],[26.63173,58.52318],[26.62783,58.52078],[26.62095,58.52094],[26.6082,58.51499],[26.6015,58.518],[26.59137,58.52134],[26.58581,58.52446],[26.57755,58.5284],[26.57481,58.52903],[26.56336,58.53599],[26.54906,58.52777],[26.54699,58.52813],[26.5466,58.52966],[26.54352,58.52982],[26.53994,58.53112],[26.53734,58.53138],[26.53186,58.53101],[26.53093,58.53198],[26.51917,58.53525],[26.52186,58.53825],[26.52678,58.53796],[26.53487,58.53886],[26.53861,58.53963],[26.54433,58.54608],[26.53493,58.54671],[26.51383,58.54538],[26.50276,58.54481],[26.5007,58.54271],[26.49781,58.54432],[26.48563,58.53823],[26.49748,58.53406],[26.49387,58.53125],[26.48931,58.52942],[26.48576,58.53035],[26.48201,58.52891],[26.46017,58.53861],[26.45098,58.53602],[26.45022,58.53738],[26.44295,58.53446],[26.43541,58.54045],[26.42849,58.53821],[26.42571,58.53668],[26.4231,58.53744],[26.41951,58.53324],[26.42433,58.53037],[26.42055,58.52875],[26.41583,58.53124],[26.41353,58.52999],[26.40722,58.53067],[26.39949,58.51666],[26.39635,58.51453],[26.39958,58.5138],[26.4024,58.50735],[26.3843,58.51314],[26.38084,58.52405],[26.38024,58.52749],[26.36089,58.53452],[26.35202,58.53344],[26.34121,58.53539],[26.34001,58.53009],[26.33277,58.52494],[26.32865,58.5253],[26.31801,58.52361],[26.30322,58.52039],[26.29118,58.51564],[26.22238,58.48811],[26.20701,58.49402],[26.20449,58.49426],[26.1884,58.48715],[26.16636,58.49922],[26.15854,58.49549],[26.15688,58.49439],[26.15675,58.49206],[26.16007,58.49172],[26.16031,58.48826],[26.157,58.48803],[26.15359,58.48585],[26.15636,58.48484],[26.15308,58.48364],[26.15106,58.48206],[26.14937,58.47817],[26.15034,58.47408],[26.14549,58.47341],[26.14716,58.47211]]],[[[27.44409,58.36225],[27.43984,58.36109],[27.43903,58.35758],[27.44297,58.35445],[27.44579,58.3535],[27.44775,58.35415],[27.44367,58.3564],[27.44409,58.36225]]],[[[27.46198,58.37027],[27.46469,58.37221],[27.46574,58.37468],[27.46458,58.37634],[27.45941,58.37594],[27.45997,58.37465],[27.45883,58.37019],[27.46198,58.37027]]],[[[27.52968,58.38515],[27.53077,58.38595],[27.52663,58.38737],[27.5238,58.38684],[27.52968,58.38515]]],[[[27.51717,58.38914],[27.51317,58.38963],[27.5079,58.38939],[27.49567,58.38809],[27.48749,58.38796],[27.47751,58.3873],[27.4728,58.38472],[27.46733,58.38425],[27.46415,58.38061],[27.4646,58.37925],[27.46882,58.37957],[27.47209,58.38222],[27.47425,58.38155],[27.47464,58.3782],[27.47323,58.37786],[27.47533,58.37435],[27.47669,58.37097],[27.47892,58.36881],[27.48169,58.36798],[27.48239,58.36682],[27.48621,58.36481],[27.48838,58.36252],[27.49252,58.36085],[27.4962,58.35998],[27.502,58.35986],[27.50364,58.36103],[27.50683,58.36068],[27.51177,58.36329],[27.50989,58.36494],[27.51447,58.36562],[27.52089,58.36466],[27.52396,58.36491],[27.52291,58.36646],[27.53155,58.36756],[27.53067,58.36885],[27.53233,58.3729],[27.52847,58.37608],[27.52698,58.37945],[27.52278,58.38202],[27.51671,58.38423],[27.50832,58.3849],[27.50599,58.3839],[27.49881,58.38345],[27.49583,58.38527],[27.49772,58.3862],[27.51003,58.38785],[27.51737,58.38785],[27.52333,58.38481],[27.52324,58.38674],[27.52128,58.38838],[27.51717,58.38914]]]]},"properties":{"area_code":"0078","area_name":"TARTU COUNTY"}},
{"type":"Feature","geometry":{"type":"MultiPolygon","coordinates":[[[[26.62369,58.12059],[26.62329,58.1252],[26.60265,58.12525],[26.60222,58.13436],[26.60648,58.13597],[26.59883,58.13945],[26.59108,58.14141],[26.58251,58.14213],[26.57879,58.14369],[26.57718,58.14524],[26.56955,58.14568],[26.56914,58.15165],[26.57086,58.15449],[26.56963,58.15757],[26.5678,58.1582],[26.56227,58.15858],[26.54915,58.16442],[26.541,58.16439],[26.53833,58.1652],[26.53413,58.16399],[26.52661,58.16404],[26.51903,58.16542],[26.51696,58.1639],[26.51179,58.16457],[26.50693,58.16466],[26.5021,58.16425],[26.49697,58.16303],[26.49394,58.16336],[26.49058,58.16196],[26.48614,58.1563],[26.48165,58.1525],[26.46491,58.15252],[26.44886,58.14593],[26.43951,58.14088],[26.43383,58.14513],[26.43123,58.14378],[26.42869,58.14623],[26.42259,58.14394],[26.41767,58.1426],[26.41375,58.14445],[26.4152,58.14593],[26.41616,58.15002],[26.41513,58.15227],[26.4149,58.15504],[26.41338,58.15694],[26.41261,58.16014],[26.40876,58.16207],[26.40732,58.16341],[26.40845,58.16649],[26.40582,58.16978],[26.41208,58.17506],[26.41602,58.17641],[26.41764,58.18003],[26.41835,58.1838],[26.41481,58.18086],[26.4162,58.17961],[26.41475,58.17798],[26.41181,58.1772],[26.41058,58.17447],[26.40792,58.17357],[26.40318,58.17076],[26.40315,58.16904],[26.40502,58.1676],[26.39259,58.16481],[26.3873,58.16566],[26.37463,58.16953],[26.37098,58.17205],[26.33176,58.13278],[26.32496,58.1348],[26.31055,58.13625],[26.30604,58.13526],[26.30334,58.13559],[26.29824,58.13426],[26.29146,58.13514],[26.2896,58.13589],[26.28577,58.13508],[26.2839,58.13103],[26.28347,58.12742],[26.27341,58.11263],[26.26383,58.11287],[26.2313,58.1145],[26.22536,58.11517],[26.22136,58.11511],[26.21542,58.11434],[26.20375,58.11562],[26.19221,58.1146],[26.18682,58.11517],[26.18064,58.1169],[26.16721,58.11847],[26.16247,58.11862],[26.15925,58.11764],[26.1531,58.11681],[26.14803,58.12107],[26.14804,58.12377],[26.13502,58.12084],[26.13259,58.1212],[26.13076,58.11933],[26.12386,58.12068],[26.12092,58.11844],[26.12008,58.11621],[26.12076,58.1149],[26.11752,58.11446],[26.11329,58.12217],[26.09555,58.11976],[26.09517,58.11929],[26.09546,58.11813],[26.08736,58.11838],[26.08511,58.11901],[26.08217,58.11825],[26.08212,58.11485],[26.08325,58.11373],[26.08132,58.11014],[26.07884,58.1085],[26.0781,58.1051],[26.07832,58.10057],[26.07614,58.09898],[26.07103,58.09714],[26.06852,58.09451],[26.06168,58.09356],[26.05937,58.09381],[26.05293,58.09326],[26.05521,58.09567],[26.06174,58.09829],[26.06378,58.10029],[26.06664,58.1012],[26.06668,58.10518],[26.0645,58.10794],[26.06133,58.10709],[26.05843,58.10509],[26.05581,58.11188],[26.05822,58.11248],[26.06322,58.11105],[26.06615,58.11195],[26.05657,58.11447],[26.05778,58.11666],[26.05643,58.11827],[26.05674,58.12],[26.05948,58.12256],[26.05159,58.12242],[26.03487,58.12296],[26.03224,58.12345],[26.0239,58.12317],[26.01889,58.12005],[26.02016,58.11581],[26.00302,58.11171],[26.00226,58.11247],[25.99694,58.11111],[25.99398,58.11136],[25.98299,58.11037],[25.97968,58.10956],[25.9804,58.10803],[25.9789,58.10258],[25.97372,58.10173],[25.97351,58.09871],[25.96759,58.09873],[25.95299,58.09813],[25.94426,58.09835],[25.94244,58.0997],[25.9371,58.09989],[25.92677,58.0986],[25.9242,58.10387],[25.92182,58.10547],[25.92027,58.11384],[25.92111,58.11514],[25.92004,58.12025],[25.91406,58.12219],[25.90892,58.12488],[25.90729,58.12912],[25.90297,58.13138],[25.90624,58.13422],[25.88744,58.14476],[25.87142,58.14735],[25.86668,58.1466],[25.8501,58.1472],[25.84897,58.14533],[25.85534,58.1428],[25.85412,58.1392],[25.86198,58.13755],[25.86107,58.13497],[25.86329,58.12968],[25.85029,58.12837],[25.85194,58.12356],[25.84521,58.12234],[25.83857,58.12237],[25.8318,58.12022],[25.833,58.11798],[25.83434,58.11009],[25.83552,58.10857],[25.83885,58.10854],[25.84429,58.11377],[25.84668,58.11886],[25.85012,58.11903],[25.85288,58.11499],[25.85363,58.10791],[25.85221,58.10644],[25.85287,58.10489],[25.85698,58.10163],[25.85687,58.10003],[25.85189,58.09928],[25.84588,58.09991],[25.8384,58.09963],[25.8422,58.09409],[25.83995,58.09297],[25.83636,58.09301],[25.83628,58.091],[25.83082,58.08843],[25.82778,58.08996],[25.81948,58.08948],[25.8219,58.08589],[25.82018,58.08317],[25.81698,58.08598],[25.80468,58.08407],[25.80127,58.07577],[25.79812,58.07652],[25.79482,58.07821],[25.78794,58.07556],[25.78737,58.07311],[25.77512,58.06953],[25.77289,58.07248],[25.7629,58.07261],[25.75766,58.07233],[25.753,58.07098],[25.74303,58.07062],[25.7446,58.06902],[25.74684,58.06853],[25.75157,58.06545],[25.75476,58.06282],[25.75259,58.06129],[25.74966,58.06193],[25.74865,58.06022],[25.7463,58.05913],[25.73951,58.05741],[25.73803,58.05428],[25.73806,58.05212],[25.73111,58.04726],[25.72915,58.04675],[25.72404,58.04341],[25.72356,58.04204],[25.71998,58.03943],[25.71588,58.03893],[25.71268,58.03671],[25.71164,58.03426],[25.70693,58.03185],[25.70513,58.03038],[25.7027,58.03006],[25.69156,58.02372],[25.69116,58.02731],[25.68891,58.02958],[25.68324,58.03324],[25.67981,58.03368],[25.66939,58.03268],[25.66491,58.03183],[25.66009,58.03196],[25.65626,58.03158],[25.65428,58.03225],[25.65288,58.03408],[25.64763,58.03413],[25.64527,58.0328],[25.63564,58.03285],[25.63223,58.03078],[25.62483,58.03282],[25.61759,58.0333],[25.61312,58.02927],[25.60917,58.02798],[25.61085,58.02632],[25.61168,58.02379],[25.62173,58.0147],[25.62542,58.01061],[25.63128,58.00274],[25.63185,57.9985],[25.6309,57.99721],[25.62414,57.99518],[25.62159,57.99274],[25.62318,57.98795],[25.62014,57.98765],[25.60918,57.97273],[25.60732,57.96937],[25.60269,57.96288],[25.59551,57.95927],[25.59537,57.9583],[25.59197,57.9558],[25.58681,57.95004],[25.58567,57.94737],[25.58063,57.94415],[25.59235,57.94149],[25.61218,57.93666],[25.63865,57.93052],[25.64732,57.92254],[25.64959,57.91825],[25.64847,57.91665],[25.65587,57.91432],[25.66116,57.91526],[25.67663,57.91275],[25.67911,57.90436],[25.70373,57.9035],[25.7207,57.91313],[25.72704,57.92216],[25.73736,57.92412],[25.7523,57.91759],[25.7725,57.91276],[25.78818,57.90457],[25.78505,57.89919],[25.82026,57.86492],[25.85189,57.85886],[25.8574,57.85735],[25.85986,57.85755],[25.87639,57.86534],[25.87661,57.85927],[25.87882,57.85781],[25.88614,57.8564],[25.88723,57.85246],[25.88333,57.84919],[25.88797,57.84686],[25.89525,57.85056],[25.93118,57.85341],[25.96198,57.84586],[25.98198,57.8521],[25.99845,57.85899],[26.01134,57.85798],[26.02051,57.84621],[26.0363,57.85034],[26.05595,57.8485],[26.05793,57.84659],[26.05774,57.84244],[26.0588,57.83722],[26.0548,57.83361],[26.05445,57.82991],[26.05207,57.82712],[26.05036,57.82264],[26.03841,57.81033],[26.03853,57.80569],[26.03492,57.79952],[26.03292,57.79205],[26.03274,57.78983],[26.02885,57.78881],[26.02914,57.78747],[26.02446,57.78296],[26.02738,57.78139],[26.02577,57.77664],[26.02682,57.77445],[26.02356,57.77265],[26.02015,57.7718],[26.02405,57.76862],[26.02717,57.76994],[26.0336,57.77164],[26.04426,57.76777],[26.05041,57.76181],[26.05912,57.76072],[26.06414,57.7641],[26.07055,57.76681],[26.07451,57.76442],[26.07784,57.76456],[26.07871,57.76615],[26.08236,57.76569],[26.08792,57.76339],[26.10272,57.75858],[26.11071,57.7563],[26.11891,57.75528],[26.12426,57.75413],[26.13682,57.75059],[26.13795,57.74876],[26.14147,57.7454],[26.1417,57.74447],[26.13784,57.74176],[26.13706,57.73931],[26.14029,57.73737],[26.14146,57.73516],[26.14472,57.73277],[26.17231,57.72924],[26.17888,57.72722],[26.18332,57.72446],[26.18817,57.72254],[26.19285,57.72171],[26.1971,57.72006],[26.20283,57.71615],[26.20583,57.71482],[26.19892,57.70919],[26.1888,57.69455],[26.17959,57.68839],[26.18012,57.68673],[26.18574,57.6851],[26.19203,57.68544],[26.19625,57.68508],[26.2001,57.68335],[26.20094,57.68114],[26.21248,57.67914],[26.21082,57.6759],[26.2117,57.67443],[26.21208,57.67044],[26.21427,57.66916],[26.21419,57.66782],[26.212,57.66586],[26.21711,57.66398],[26.22728,57.65897],[26.23479,57.65769],[26.23911,57.65812],[26.2383,57.65613],[26.23917,57.65466],[26.24268,57.65181],[26.2421,57.65043],[26.23297,57.64881],[26.23179,57.64737],[26.23408,57.64613],[26.23986,57.64628],[26.2415,57.64482],[26.24355,57.64133],[26.246,57.63916],[26.24757,57.63514],[26.24172,57.63489],[26.24076,57.63294],[26.24789,57.62816],[26.25361,57.626],[26.2526,57.62497],[26.24829,57.62497],[26.2498,57.62242],[26.24737,57.62088],[26.2488,57.61981],[26.25176,57.62024],[26.25344,57.62143],[26.25626,57.62037],[26.25225,57.61851],[26.2562,57.6179],[26.25663,57.61653],[26.25469,57.61499],[26.25659,57.61308],[26.26047,57.61297],[26.26263,57.61054],[26.26644,57.60918],[26.26795,57.60632],[26.27103,57.60429],[26.27416,57.60029],[26.27107,57.59936],[26.27348,57.59768],[26.27732,57.59684],[26.27776,57.5954],[26.28209,57.59614],[26.2842,57.59485],[26.28413,57.59241],[26.28741,57.59141],[26.29251,57.59134],[26.29755,57.59281],[26.30194,57.59353],[26.31071,57.59286],[26.31128,57.59206],[26.30937,57.58973],[26.31132,57.58674],[26.3134,57.58791],[26.31594,57.58815],[26.31611,57.58647],[26.31105,57.58512],[26.31272,57.58393],[26.31584,57.5845],[26.32447,57.58338],[26.32706,57.58229],[26.32723,57.57966],[26.33132,57.5807],[26.33518,57.57942],[26.345,57.58405],[26.40141,57.57212],[26.46818,57.57543],[26.47246,57.57709],[26.47676,57.58005],[26.48065,57.58186],[26.48338,57.58544],[26.48361,57.58703],[26.48726,57.58961],[26.48878,57.59167],[26.48765,57.59272],[26.48128,57.593],[26.48172,57.59182],[26.47339,57.59213],[26.46592,57.59328],[26.45411,57.5944],[26.45536,57.59759],[26.45753,57.59839],[26.45921,57.59672],[26.46224,57.59877],[26.46566,57.59793],[26.46708,57.5963],[26.46917,57.59652],[26.46933,57.59964],[26.47225,57.60161],[26.47818,57.60644],[26.49398,57.62113],[26.49898,57.62693],[26.48425,57.63468],[26.47179,57.64003],[26.44331,57.65151],[26.4598,57.66723],[26.46721,57.67261],[26.47278,57.67593],[26.47962,57.67911],[26.49953,57.68925],[26.50567,57.69407],[26.50674,57.69624],[26.50313,57.69593],[26.50245,57.69767],[26.50291,57.70169],[26.50158,57.70216],[26.50256,57.70502],[26.4997,57.70685],[26.49818,57.70873],[26.49496,57.70866],[26.49387,57.7072],[26.49137,57.70664],[26.48883,57.70816],[26.4914,57.70887],[26.48883,57.71048],[26.48833,57.71442],[26.49207,57.71676],[26.48907,57.71851],[26.48338,57.71856],[26.481,57.71626],[26.47872,57.71544],[26.47615,57.71242],[26.47356,57.71089],[26.46869,57.71533],[26.47033,57.71704],[26.47048,57.72169],[26.46589,57.72731],[26.46202,57.72841],[26.46275,57.72942],[26.45987,57.7317],[26.46201,57.73463],[26.45548,57.73521],[26.45325,57.73613],[26.44945,57.73584],[26.4486,57.73737],[26.45451,57.74467],[26.45899,57.74345],[26.4677,57.7482],[26.47208,57.74848],[26.47766,57.74677],[26.48185,57.74815],[26.48433,57.74978],[26.49086,57.75272],[26.49791,57.75429],[26.49879,57.75514],[26.49482,57.75661],[26.49268,57.75876],[26.49243,57.76186],[26.49326,57.76343],[26.49273,57.76696],[26.49034,57.76887],[26.48841,57.7692],[26.48387,57.77168],[26.49771,57.77419],[26.49831,57.78177],[26.49733,57.78547],[26.49315,57.78832],[26.48246,57.79092],[26.47535,57.78978],[26.47349,57.78805],[26.4697,57.78673],[26.46766,57.78461],[26.46242,57.78368],[26.45781,57.78575],[26.45471,57.78508],[26.45127,57.78315],[26.44785,57.78291],[26.44715,57.78129],[26.4394,57.7815],[26.44075,57.78671],[26.44062,57.7883],[26.43662,57.79496],[26.42986,57.79492],[26.42978,57.79569],[26.42081,57.79554],[26.42134,57.80334],[26.41588,57.80428],[26.4184,57.80635],[26.42434,57.80862],[26.42511,57.81019],[26.43042,57.81286],[26.43095,57.81431],[26.42872,57.82211],[26.41891,57.82767],[26.41842,57.83214],[26.42166,57.83497],[26.42013,57.83683],[26.41632,57.83812],[26.41443,57.84112],[26.41481,57.84454],[26.42151,57.84569],[26.42507,57.84863],[26.42873,57.84915],[26.43091,57.85125],[26.43482,57.85215],[26.43961,57.85239],[26.43742,57.85459],[26.43108,57.85598],[26.42824,57.85728],[26.42537,57.86145],[26.42263,57.86646],[26.41281,57.86733],[26.40524,57.86673],[26.39653,57.86781],[26.38973,57.87054],[26.38461,57.8702],[26.38087,57.87182],[26.3798,57.87369],[26.37388,57.87568],[26.37757,57.87767],[26.39192,57.87922],[26.39543,57.88664],[26.39661,57.88983],[26.4036,57.89686],[26.40539,57.8982],[26.41277,57.89979],[26.41501,57.90074],[26.41629,57.90276],[26.41752,57.9076],[26.41749,57.9103],[26.41506,57.91218],[26.41289,57.91258],[26.41123,57.91608],[26.413,57.91863],[26.41357,57.92202],[26.40658,57.92434],[26.4061,57.9239],[26.39579,57.92817],[26.39724,57.92977],[26.40094,57.93062],[26.40033,57.93206],[26.40584,57.93463],[26.40439,57.9369],[26.41245,57.94086],[26.41416,57.94138],[26.41962,57.9387],[26.42105,57.93754],[26.4245,57.93749],[26.43137,57.93517],[26.4381,57.93564],[26.44074,57.93774],[26.44102,57.93891],[26.44589,57.93872],[26.4512,57.93968],[26.4524,57.94139],[26.45464,57.94222],[26.45924,57.94209],[26.46268,57.9406],[26.46814,57.942],[26.47216,57.94215],[26.47388,57.94022],[26.48237,57.94061],[26.48453,57.93854],[26.48655,57.9389],[26.48704,57.94562],[26.48577,57.94717],[26.48786,57.95068],[26.49845,57.95489],[26.50326,57.95312],[26.50996,57.95211],[26.5155,57.94883],[26.51965,57.95023],[26.52208,57.95036],[26.53348,57.94973],[26.53526,57.94986],[26.53998,57.95299],[26.54655,57.95316],[26.54984,57.95262],[26.5567,57.95017],[26.5586,57.95355],[26.56216,57.95511],[26.56673,57.95485],[26.56569,57.9587],[26.56737,57.96086],[26.57397,57.96249],[26.57834,57.963],[26.57764,57.96456],[26.58004,57.96501],[26.57846,57.9683],[26.58188,57.97009],[26.57929,57.97269],[26.58119,57.97391],[26.58769,57.97341],[26.58908,57.97459],[26.58334,57.97619],[26.58279,57.9771],[26.58283,57.98363],[26.57912,57.98451],[26.58028,57.98824],[26.58501,57.9892],[26.58321,57.9908],[26.57973,57.99093],[26.57603,57.99408],[26.57549,57.99532],[26.57265,57.99592],[26.57282,57.99752],[26.56801,58.00055],[26.56932,58.00268],[26.5684,58.00371],[26.57103,58.00552],[26.57104,58.00729],[26.57259,58.00919],[26.58271,58.00967],[26.5835,58.01299],[26.58456,58.01449],[26.58235,58.01734],[26.58445,58.01919],[26.58897,58.01941],[26.59195,58.02085],[26.59195,58.02449],[26.59104,58.02556],[26.59203,58.02771],[26.59031,58.02893],[26.59097,58.03063],[26.5929,58.03184],[26.59202,58.03415],[26.59241,58.03714],[26.5943,58.03847],[26.58914,58.03875],[26.58288,58.04062],[26.58159,58.0437],[26.5815,58.04778],[26.583,58.04977],[26.58843,58.0537],[26.58821,58.05874],[26.58279,58.05671],[26.57472,58.05581],[26.57444,58.06305],[26.57531,58.06571],[26.57039,58.06654],[26.57512,58.07065],[26.57875,58.07154],[26.57657,58.07354],[26.57652,58.07648],[26.58654,58.08245],[26.59325,58.0847],[26.59144,58.09967],[26.59555,58.09964],[26.59868,58.10027],[26.5981,58.10263],[26.61267,58.1081],[26.61098,58.11008],[26.61163,58.11185],[26.61014,58.11425],[26.60973,58.11872],[26.61899,58.11952],[26.62369,58.12059]]],[[[26.06286,58.09522],[26.0594,58.09467],[26.05648,58.09523],[26.05439,58.09348],[26.06104,58.09428],[26.06286,58.09522]]],[[[26.07163,58.11453],[26.07401,58.11855],[26.07281,58.12182],[26.07058,58.12195],[26.0696,58.12048],[26.06971,58.11822],[26.0683,58.11615],[26.07163,58.11453]]]]},"properties":{"area_code":"0082","area_name":"VALGA COUNTY"}},
{"type":"Feature","geometry":{"type":"Polygon","coordinates":[[[25.77915,58.68973],[25.77642,58.6902],[25.77088,58.68876],[25.76956,58.68302],[25.764,58.68202],[25.75529,58.68252],[25.74873,58.68039],[25.74877,58.67934],[25.74323,58.67785],[25.73588,58.67994],[25.73349,58.67883],[25.72336,58.67576],[25.71869,58.67362],[25.71678,58.67163],[25.70505,58.67171],[25.69526,58.66888],[25.68785,58.66886],[25.68287,58.66773],[25.67883,58.66847],[25.67415,58.66849],[25.67185,58.67134],[25.66912,58.6715],[25.66674,58.6707],[25.66131,58.67016],[25.65443,58.666],[25.65325,58.65414],[25.64527,58.65175],[25.64445,58.65077],[25.63955,58.64913],[25.63305,58.64925],[25.63217,58.64841],[25.62776,58.65006],[25.6192,58.64937],[25.61012,58.64718],[25.60514,58.64104],[25.60064,58.64084],[25.59618,58.63967],[25.5888,58.63538],[25.58263,58.63558],[25.5678,58.63653],[25.56253,58.63761],[25.55371,58.63894],[25.54156,58.63498],[25.54315,58.63423],[25.53968,58.63125],[25.54352,58.6291],[25.54353,58.62757],[25.5453,58.6265],[25.54325,58.62534],[25.53567,58.6249],[25.53389,58.62227],[25.52949,58.62226],[25.52637,58.62504],[25.5261,58.62706],[25.52324,58.63311],[25.51445,58.63351],[25.51191,58.63102],[25.50357,58.62745],[25.49738,58.62617],[25.49545,58.62259],[25.49179,58.61821],[25.48339,58.61814],[25.48057,58.61974],[25.47826,58.61793],[25.46738,58.61746],[25.47153,58.61263],[25.46846,58.60913],[25.46384,58.6076],[25.46022,58.60707],[25.45078,58.60697],[25.4388,58.61033],[25.43488,58.6119],[25.42248,58.61226],[25.41677,58.61295],[25.39787,58.61346],[25.3748,58.60631],[25.36654,58.60689],[25.35438,58.60655],[25.34747,58.61688],[25.33568,58.61439],[25.3259,58.61447],[25.31128,58.61163],[25.30259,58.61743],[25.30126,58.6178],[25.28899,58.61822],[25.2671,58.62173],[25.25909,58.62048],[25.25736,58.62074],[25.2472,58.62834],[25.22275,58.6233],[25.2143,58.619],[25.21825,58.61757],[25.21216,58.60891],[25.21209,58.60747],[25.2169,58.6062],[25.21856,58.60973],[25.2251,58.61013],[25.2276,58.60372],[25.22877,58.59373],[25.22703,58.5918],[25.23176,58.5888],[25.23418,58.584],[25.23066,58.57839],[25.24631,58.57418],[25.24361,58.57082],[25.21641,58.56983],[25.21007,58.57016],[25.19323,58.56852],[25.18668,58.56594],[25.18244,58.56268],[25.19095,58.55969],[25.18953,58.55816],[25.17938,58.55413],[25.17418,58.55364],[25.17443,58.54874],[25.17662,58.54841],[25.17456,58.5456],[25.17237,58.54422],[25.16934,58.54114],[25.17721,58.54133],[25.17569,58.53627],[25.16829,58.53628],[25.1612,58.53188],[25.16102,58.53023],[25.15648,58.53023],[25.15619,58.53746],[25.15364,58.53748],[25.14552,58.53438],[25.14418,58.53531],[25.13826,58.5321],[25.13653,58.53055],[25.13555,58.52759],[25.13175,58.52467],[25.13055,58.52524],[25.12185,58.52026],[25.11966,58.52286],[25.11748,58.52082],[25.09742,58.51524],[25.09795,58.5171],[25.09268,58.51831],[25.09002,58.51825],[25.08649,58.51718],[25.08085,58.51728],[25.07661,58.51353],[25.07403,58.50771],[25.07189,58.50597],[25.06211,58.5077],[25.04543,58.50497],[25.03503,58.50356],[25.03095,58.50093],[25.02876,58.48876],[25.01076,58.48432],[25.01327,58.45442],[25.01132,58.45438],[25.0079,58.45121],[25.01299,58.45078],[25.01201,58.44907],[25.0143,58.44755],[25.01632,58.44432],[25.01369,58.44333],[25.01394,58.4411],[25.01094,58.43978],[25.01349,58.43829],[25.0146,58.4367],[25.01784,58.4344],[25.0147,58.43414],[24.99671,58.42174],[24.9849,58.42577],[24.98419,58.4231],[24.98574,58.42129],[24.98794,58.39837],[24.97284,58.34098],[24.97643,58.33228],[24.98003,58.32284],[24.98242,58.32272],[24.99041,58.32365],[25.03633,58.32947],[25.04183,58.32935],[25.06141,58.32393],[25.06498,58.32318],[25.07086,58.32341],[25.08087,58.32179],[25.08621,58.32035],[25.09351,58.32128],[25.09319,58.32333],[25.09526,58.32408],[25.09803,58.32256],[25.09816,58.32111],[25.09611,58.31815],[25.10032,58.31754],[25.09839,58.31122],[25.10483,58.3134],[25.11468,58.31792],[25.13306,58.31972],[25.14059,58.31904],[25.14987,58.31465],[25.16267,58.30068],[25.17104,58.29126],[25.176,58.28599],[25.18874,58.28468],[25.22215,58.28161],[25.263,58.2777],[25.2608,58.27502],[25.26392,58.27343],[25.26464,58.26605],[25.26605,58.25653],[25.27012,58.25435],[25.26698,58.25339],[25.2598,58.25338],[25.25557,58.25249],[25.25796,58.25135],[25.24224,58.24751],[25.23906,58.24253],[25.24102,58.24028],[25.24413,58.23964],[25.247,58.2383],[25.24583,58.23578],[25.25411,58.23029],[25.25545,58.22301],[25.24941,58.22024],[25.249,58.21562],[25.25371,58.20447],[25.2548,58.20419],[25.25193,58.2003],[25.24386,58.19973],[25.24082,58.20081],[25.23838,58.19772],[25.24129,58.19488],[25.2397,58.1927],[25.23401,58.19416],[25.23483,58.19594],[25.23237,58.19607],[25.23103,58.20132],[25.23159,58.20337],[25.22092,58.20673],[25.22075,58.2052],[25.20961,58.20105],[25.21134,58.19937],[25.21135,58.19766],[25.20632,58.19538],[25.199,58.1943],[25.188,58.19574],[25.18087,58.19538],[25.17128,58.19699],[25.16168,58.19504],[25.15816,58.19379],[25.15708,58.1916],[25.15147,58.18911],[25.15075,58.18792],[25.15073,58.18463],[25.16605,58.18505],[25.16465,58.18168],[25.16139,58.17597],[25.14617,58.1759],[25.14194,58.17017],[25.14134,58.16819],[25.14258,58.16537],[25.14196,58.16448],[25.1462,58.16011],[25.15181,58.16107],[25.15281,58.15945],[25.15147,58.15856],[25.15224,58.15592],[25.15021,58.15259],[25.14411,58.15207],[25.14506,58.1485],[25.1396,58.14967],[25.13858,58.14758],[25.13383,58.14846],[25.13743,58.15285],[25.13722,58.15478],[25.13971,58.15698],[25.13436,58.16501],[25.13427,58.16669],[25.12458,58.17441],[25.11609,58.1702],[25.11868,58.16799],[25.11639,58.16319],[25.12157,58.15748],[25.12555,58.15798],[25.11851,58.1497],[25.10575,58.15127],[25.10494,58.14464],[25.10346,58.14199],[25.11325,58.13826],[25.11279,58.13558],[25.1197,58.13433],[25.11888,58.13193],[25.12047,58.13142],[25.12366,58.13211],[25.12509,58.13463],[25.12757,58.13442],[25.13447,58.13018],[25.13114,58.1253],[25.12797,58.11477],[25.1235,58.11484],[25.12439,58.11976],[25.11257,58.11979],[25.10947,58.11413],[25.09877,58.11774],[25.09868,58.12094],[25.07832,58.12032],[25.06008,58.11991],[25.05758,58.12077],[25.05697,58.11701],[25.05798,58.11654],[25.05413,58.11075],[25.06444,58.10407],[25.06434,58.10279],[25.02419,58.0912],[25.02223,58.08732],[25.02089,58.08647],[25.01574,58.08015],[25.01444,58.0736],[25.03062,58.06955],[25.03144,58.06543],[25.03125,58.06038],[25.03025,58.0564],[25.03163,58.05347],[25.03293,58.04847],[25.04034,58.04932],[25.04027,58.04573],[25.03945,58.04331],[25.04317,58.04207],[25.04651,58.04033],[25.07688,58.06638],[25.10455,58.06617],[25.10565,58.07771],[25.13418,58.07982],[25.15137,58.07705],[25.15428,58.07479],[25.19101,58.07602],[25.1909,58.07871],[25.18951,58.08005],[25.19594,58.08378],[25.20034,58.08563],[25.21222,58.08085],[25.21641,58.07407],[25.20388,58.06514],[25.20557,58.06136],[25.21221,58.06249],[25.21605,58.05965],[25.21608,58.0555],[25.21714,58.04936],[25.22161,58.05056],[25.22239,58.0535],[25.22834,58.05367],[25.22846,58.05048],[25.22554,58.04694],[25.22236,58.04539],[25.21709,58.04146],[25.21679,58.03981],[25.2194,58.03015],[25.22029,58.02839],[25.22555,58.02174],[25.22714,58.02309],[25.2271,58.02467],[25.23198,58.02484],[25.23628,58.02441],[25.23608,58.02258],[25.24038,58.02233],[25.24076,58.02093],[25.2446,58.02113],[25.246,58.01852],[25.23315,58.01786],[25.22864,58.01805],[25.23016,58.01595],[25.23592,58.01201],[25.24581,58.00295],[25.25385,58.00437],[25.25629,58.0031],[25.25601,57.99409],[25.26793,57.99433],[25.27716,57.99266],[25.28315,57.98964],[25.29277,57.99311],[25.30137,57.99311],[25.30269,57.99418],[25.2986,57.99568],[25.29554,57.99788],[25.29544,57.99981],[25.3023,57.99983],[25.29744,58.01455],[25.30104,58.0152],[25.30369,58.0275],[25.30411,58.03461],[25.29806,58.04227],[25.29367,58.04635],[25.28019,58.05052],[25.26488,58.05982],[25.26593,58.0672],[25.28152,58.07001],[25.28674,58.08147],[25.29596,58.08115],[25.30487,58.07707],[25.31471,58.07104],[25.31871,58.06928],[25.32024,58.06568],[25.32649,58.06386],[25.32925,58.05896],[25.33661,58.05743],[25.34158,58.05268],[25.34548,58.04705],[25.35348,58.04345],[25.35728,58.03873],[25.36401,58.03118],[25.37259,58.0291],[25.37608,58.02981],[25.40862,58.02912],[25.41203,58.02777],[25.4291,58.02355],[25.43138,58.02162],[25.43828,58.02009],[25.44887,58.01694],[25.45634,58.01146],[25.46465,58.00728],[25.46673,58.005],[25.46394,58.00355],[25.45775,58.00205],[25.45128,58.00149],[25.45066,58.00028],[25.44638,57.99853],[25.44379,57.99571],[25.45164,57.99185],[25.45902,57.99121],[25.46158,57.98926],[25.47874,57.98249],[25.47864,57.97999],[25.48578,57.97464],[25.51961,57.98014],[25.5225,57.97429],[25.5118,57.96962],[25.51747,57.96744],[25.52301,57.96777],[25.52539,57.97179],[25.53966,57.97123],[25.55142,57.97222],[25.55534,57.96682],[25.55691,57.96019],[25.56596,57.9626],[25.56566,57.96744],[25.57142,57.974],[25.57437,57.97464],[25.58262,57.97115],[25.58276,57.96934],[25.5907,57.96593],[25.59517,57.96327],[25.592,57.96178],[25.5916,57.95781],[25.59197,57.9558],[25.59537,57.9583],[25.59551,57.95927],[25.60269,57.96288],[25.60732,57.96937],[25.60918,57.97273],[25.62014,57.98765],[25.62318,57.98795],[25.62159,57.99274],[25.62414,57.99518],[25.6309,57.99721],[25.63185,57.9985],[25.63128,58.00274],[25.62542,58.01061],[25.62173,58.0147],[25.61168,58.02379],[25.61085,58.02632],[25.60917,58.02798],[25.61312,58.02927],[25.61759,58.0333],[25.62483,58.03282],[25.63223,58.03078],[25.63564,58.03285],[25.64527,58.0328],[25.64763,58.03413],[25.65288,58.03408],[25.65428,58.03225],[25.65626,58.03158],[25.66009,58.03196],[25.66491,58.03183],[25.66939,58.03268],[25.67981,58.03368],[25.68324,58.03324],[25.68891,58.02958],[25.69116,58.02731],[25.69156,58.02372],[25.7027,58.03006],[25.70513,58.03038],[25.70693,58.03185],[25.71164,58.03426],[25.71268,58.03671],[25.71588,58.03893],[25.71998,58.03943],[25.72356,58.04204],[25.72404,58.04341],[25.72915,58.04675],[25.73111,58.04726],[25.73806,58.05212],[25.73803,58.05428],[25.73951,58.05741],[25.7463,58.05913],[25.74865,58.06022],[25.74966,58.06193],[25.75259,58.06129],[25.75476,58.06282],[25.75157,58.06545],[25.74684,58.06853],[25.7446,58.06902],[25.74303,58.07062],[25.753,58.07098],[25.75766,58.07233],[25.7629,58.07261],[25.77289,58.07248],[25.77512,58.06953],[25.78737,58.07311],[25.78794,58.07556],[25.79482,58.07821],[25.79812,58.07652],[25.80127,58.07577],[25.80468,58.08407],[25.81698,58.08598],[25.82018,58.08317],[25.8219,58.08589],[25.81948,58.08948],[25.82778,58.08996],[25.83082,58.08843],[25.83628,58.091],[25.83636,58.09301],[25.83995,58.09297],[25.8422,58.09409],[25.8384,58.09963],[25.84588,58.09991],[25.85189,58.09928],[25.85687,58.10003],[25.85698,58.10163],[25.85287,58.10489],[25.85221,58.10644],[25.85363,58.10791],[25.85288,58.11499],[25.85012,58.11903],[25.84668,58.11886],[25.84429,58.11377],[25.83885,58.10854],[25.83552,58.10857],[25.83434,58.11009],[25.833,58.11798],[25.8318,58.12022],[25.83857,58.12237],[25.84521,58.12234],[25.85194,58.12356],[25.85029,58.12837],[25.86329,58.12968],[25.86107,58.13497],[25.86198,58.13755],[25.85412,58.1392],[25.85534,58.1428],[25.84897,58.14533],[25.8501,58.1472],[25.86668,58.1466],[25.87142,58.14735],[25.88744,58.14476],[25.90624,58.13422],[25.90297,58.13138],[25.90729,58.12912],[25.90892,58.12488],[25.91406,58.12219],[25.92004,58.12025],[25.92111,58.11514],[25.92027,58.11384],[25.92182,58.10547],[25.9242,58.10387],[25.92677,58.0986],[25.9371,58.09989],[25.94244,58.0997],[25.94426,58.09835],[25.95299,58.09813],[25.96759,58.09873],[25.97351,58.09871],[25.97372,58.10173],[25.9789,58.10258],[25.9804,58.10803],[25.97968,58.10956],[25.98299,58.11037],[25.99398,58.11136],[25.99694,58.11111],[26.00226,58.11247],[26.00302,58.11171],[26.02016,58.11581],[26.01889,58.12005],[26.0239,58.12317],[26.03224,58.12345],[26.03487,58.12296],[26.05159,58.12242],[26.05948,58.12256],[26.06095,58.12464],[26.06037,58.12673],[26.05852,58.12876],[26.05271,58.13105],[26.05083,58.13268],[26.04601,58.13904],[26.04521,58.14074],[26.05255,58.14409],[26.05391,58.1489],[26.05193,58.15164],[26.04798,58.15209],[26.04621,58.15034],[26.04243,58.15051],[26.03764,58.15303],[26.03534,58.1553],[26.03447,58.15767],[26.03452,58.162],[26.03625,58.16572],[26.03812,58.16734],[26.03841,58.16917],[26.037,58.17291],[26.03808,58.17478],[26.04381,58.17767],[26.03813,58.1802],[26.0393,58.18124],[26.03848,58.18305],[26.03329,58.18573],[26.03164,58.18845],[26.02633,58.1913],[26.02534,58.18956],[26.02182,58.18888],[26.0195,58.19341],[26.01523,58.19163],[26.01425,58.19017],[26.01148,58.19119],[26.01098,58.19239],[26.00643,58.19194],[26.00386,58.19363],[25.99752,58.20271],[25.99837,58.20828],[25.9997,58.21215],[25.99389,58.21514],[25.99019,58.219],[25.98608,58.22183],[25.98244,58.22672],[25.98209,58.23136],[25.98353,58.23309],[25.98319,58.23579],[25.98677,58.23871],[25.99036,58.23914],[25.9885,58.24191],[25.98646,58.24329],[25.96815,58.25059],[25.96578,58.25378],[25.95849,58.25772],[25.95614,58.26041],[25.95678,58.2621],[25.95319,58.26373],[25.95052,58.26802],[25.94611,58.27302],[25.94268,58.27476],[25.94196,58.2759],[25.93636,58.27863],[25.92774,58.28543],[25.91919,58.29376],[25.91372,58.30016],[25.91362,58.30796],[25.91509,58.30884],[25.91474,58.31164],[25.91178,58.31616],[25.91137,58.31973],[25.91267,58.32279],[25.91438,58.32483],[25.91862,58.32677],[25.92279,58.32712],[25.92364,58.32932],[25.92642,58.33252],[25.93148,58.33574],[25.93373,58.33646],[25.93835,58.33602],[25.94164,58.3381],[25.94322,58.34053],[25.94757,58.3422],[25.95305,58.3431],[25.95464,58.34407],[25.96033,58.34474],[25.96057,58.3456],[25.96424,58.34824],[25.96542,58.35093],[25.96443,58.35726],[25.96446,58.35976],[25.96593,58.36185],[25.96543,58.36747],[25.96816,58.3689],[25.96704,58.36979],[25.96623,58.37389],[25.9682,58.37806],[25.97374,58.37832],[25.97499,58.37985],[25.97398,58.38147],[25.96987,58.38363],[25.97172,58.38721],[25.96945,58.38712],[25.96647,58.38987],[25.96901,58.39253],[25.97456,58.39525],[25.97869,58.39552],[25.98236,58.39303],[25.98388,58.39641],[25.98224,58.39995],[25.98463,58.40238],[25.98812,58.40384],[25.99175,58.40387],[25.99852,58.40144],[26.00572,58.40347],[26.00863,58.40346],[26.01084,58.40431],[26.01604,58.40412],[26.01749,58.40551],[26.02169,58.40586],[26.02638,58.40418],[26.03181,58.40542],[26.03558,58.4054],[26.03887,58.40774],[26.04114,58.4081],[26.04901,58.4079],[26.0518,58.40634],[26.05567,58.40689],[26.05822,58.40579],[26.06647,58.40568],[26.07473,58.40377],[26.08029,58.40193],[26.08659,58.40125],[26.09294,58.39981],[26.0957,58.3998],[26.09622,58.39805],[26.09983,58.39636],[26.10242,58.3962],[26.10713,58.39429],[26.1197,58.39158],[26.13145,58.38474],[26.13164,58.38321],[26.12745,58.3803],[26.13169,58.38241],[26.13648,58.38559],[26.14162,58.38446],[26.14464,58.3859],[26.14762,58.39242],[26.14576,58.39406],[26.14699,58.39598],[26.15004,58.39639],[26.15857,58.40074],[26.15575,58.40246],[26.15765,58.40366],[26.16243,58.40359],[26.16389,58.40557],[26.16765,58.40662],[26.16897,58.40837],[26.17218,58.40931],[26.17676,58.40896],[26.17855,58.40767],[26.1847,58.40667],[26.18754,58.4066],[26.1865,58.4111],[26.19068,58.41283],[26.18881,58.41411],[26.18597,58.4146],[26.18431,58.41689],[26.18168,58.4184],[26.18095,58.42091],[26.17937,58.42283],[26.17993,58.42534],[26.17651,58.42741],[26.17629,58.43054],[26.17365,58.4325],[26.17487,58.43578],[26.167,58.44135],[26.16531,58.44387],[26.16111,58.44624],[26.16236,58.4479],[26.16551,58.44939],[26.16595,58.45074],[26.16206,58.4534],[26.16233,58.45586],[26.15835,58.45755],[26.16137,58.46016],[26.15966,58.46152],[26.15485,58.46298],[26.15717,58.46542],[26.15415,58.46562],[26.15447,58.46702],[26.15087,58.46753],[26.15211,58.46995],[26.14912,58.47011],[26.14716,58.47211],[26.14471,58.47097],[26.09194,58.50229],[26.08164,58.49706],[26.05548,58.50878],[26.02437,58.52247],[26.02331,58.54247],[26.02223,58.55656],[26.006,58.5495],[25.99978,58.54701],[25.99526,58.54704],[25.99518,58.54898],[25.97503,58.55783],[25.97177,58.55674],[25.97165,58.55567],[25.96844,58.55515],[25.96807,58.55784],[25.97032,58.55883],[25.96798,58.56085],[25.96928,58.56179],[25.96803,58.56465],[25.96313,58.5655],[25.96106,58.56729],[25.95862,58.56641],[25.95595,58.5686],[25.96071,58.57356],[25.95913,58.57395],[25.96266,58.57631],[25.9662,58.57663],[25.96348,58.57917],[25.9609,58.58002],[25.95997,58.58182],[25.95549,58.58596],[25.95723,58.58857],[25.93933,58.58965],[25.92748,58.59213],[25.90569,58.59855],[25.89991,58.6012],[25.8962,58.60026],[25.89253,58.60345],[25.88339,58.60518],[25.86739,58.60485],[25.85607,58.60378],[25.84755,58.60228],[25.83271,58.5987],[25.80819,58.59882],[25.78425,58.60189],[25.75947,58.60481],[25.75292,58.60976],[25.7482,58.6122],[25.75008,58.61333],[25.75471,58.6137],[25.75807,58.6125],[25.76323,58.61455],[25.76421,58.61561],[25.76847,58.6159],[25.76865,58.61755],[25.77081,58.62031],[25.77042,58.62201],[25.77667,58.62078],[25.788,58.6216],[25.79215,58.62424],[25.79424,58.62705],[25.79802,58.62954],[25.79696,58.63252],[25.79529,58.64013],[25.79317,58.64659],[25.79259,58.65062],[25.78871,58.65219],[25.78501,58.65262],[25.78071,58.65225],[25.77672,58.65303],[25.77453,58.65201],[25.76829,58.6523],[25.78025,58.65931],[25.78356,58.66626],[25.78501,58.66763],[25.78572,58.68581],[25.78638,58.68704],[25.7831,58.68893],[25.77915,58.68973]]]},"properties":{"area_code":"0084","area_name":"VILJANDI COUNTY"}},
{"type":"Feature","geometry":{"type":"Polygon","coordinates":[[[26.56673,57.95485],[26.56216,57.95511],[26.5586,57.95355],[26.5567,57.95017],[26.54984,57.95262],[26.54655,57.95316],[26.53998,57.95299],[26.53526,57.94986],[26.53348,57.94973],[26.52208,57.95036],[26.51965,57.95023],[26.5155,57.94883],[26.50996,57.95211],[26.50326,57.95312],[26.49845,57.95489],[26.48786,57.95068],[26.48577,57.94717],[26.48704,57.94562],[26.48655,57.9389],[26.48453,57.93854],[26.48237,57.94061],[26.47388,57.94022],[26.47216,57.94215],[26.46814,57.942],[26.46268,57.9406],[26.45924,57.94209],[26.45464,57.94222],[26.4524,57.94139],[26.4512,57.93968],[26.44589,57.93872],[26.44102,57.93891],[26.44074,57.93774],[26.4381,57.93564],[26.43137,57.93517],[26.4245,57.93749],[26.42105,57.93754],[26.41962,57.9387],[26.41416,57.94138],[26.41245,57.94086],[26.40439,57.9369],[26.40584,57.93463],[26.40033,57.93206],[26.40094,57.93062],[26.39724,57.92977],[26.39579,57.92817],[26.4061,57.9239],[26.40658,57.92434],[26.41357,57.92202],[26.413,57.91863],[26.41123,57.91608],[26.41289,57.91258],[26.41506,57.91218],[26.41749,57.9103],[26.41752,57.9076],[26.41629,57.90276],[26.41501,57.90074],[26.41277,57.89979],[26.40539,57.8982],[26.4036,57.89686],[26.39661,57.88983],[26.39543,57.88664],[26.39192,57.87922],[26.37757,57.87767],[26.37388,57.87568],[26.3798,57.87369],[26.38087,57.87182],[26.38461,57.8702],[26.38973,57.87054],[26.39653,57.86781],[26.40524,57.86673],[26.41281,57.86733],[26.42263,57.86646],[26.42537,57.86145],[26.42824,57.85728],[26.43108,57.85598],[26.43742,57.85459],[26.43961,57.85239],[26.43482,57.85215],[26.43091,57.85125],[26.42873,57.84915],[26.42507,57.84863],[26.42151,57.84569],[26.41481,57.84454],[26.41443,57.84112],[26.41632,57.83812],[26.42013,57.83683],[26.42166,57.83497],[26.41842,57.83214],[26.41891,57.82767],[26.42872,57.82211],[26.43095,57.81431],[26.43042,57.81286],[26.42511,57.81019],[26.42434,57.80862],[26.4184,57.80635],[26.41588,57.80428],[26.42134,57.80334],[26.42081,57.79554],[26.42978,57.79569],[26.42986,57.79492],[26.43662,57.79496],[26.44062,57.7883],[26.44075,57.78671],[26.4394,57.7815],[26.44715,57.78129],[26.44785,57.78291],[26.45127,57.78315],[26.45471,57.78508],[26.45781,57.78575],[26.46242,57.78368],[26.46766,57.78461],[26.4697,57.78673],[26.47349,57.78805],[26.47535,57.78978],[26.48246,57.79092],[26.49315,57.78832],[26.49733,57.78547],[26.49831,57.78177],[26.49771,57.77419],[26.48387,57.77168],[26.48841,57.7692],[26.49034,57.76887],[26.49273,57.76696],[26.49326,57.76343],[26.49243,57.76186],[26.49268,57.75876],[26.49482,57.75661],[26.49879,57.75514],[26.49791,57.75429],[26.49086,57.75272],[26.48433,57.74978],[26.48185,57.74815],[26.47766,57.74677],[26.47208,57.74848],[26.4677,57.7482],[26.45899,57.74345],[26.45451,57.74467],[26.4486,57.73737],[26.44945,57.73584],[26.45325,57.73613],[26.45548,57.73521],[26.46201,57.73463],[26.45987,57.7317],[26.46275,57.72942],[26.46202,57.72841],[26.46589,57.72731],[26.47048,57.72169],[26.47033,57.71704],[26.46869,57.71533],[26.47356,57.71089],[26.47615,57.71242],[26.47872,57.71544],[26.481,57.71626],[26.48338,57.71856],[26.48907,57.71851],[26.49207,57.71676],[26.48833,57.71442],[26.48883,57.71048],[26.4914,57.70887],[26.48883,57.70816],[26.49137,57.70664],[26.49387,57.7072],[26.49496,57.70866],[26.49818,57.70873],[26.4997,57.70685],[26.50256,57.70502],[26.50158,57.70216],[26.50291,57.70169],[26.50245,57.69767],[26.50313,57.69593],[26.50674,57.69624],[26.50567,57.69407],[26.49953,57.68925],[26.47962,57.67911],[26.47278,57.67593],[26.46721,57.67261],[26.4598,57.66723],[26.44331,57.65151],[26.47179,57.64003],[26.48425,57.63468],[26.49898,57.62693],[26.49398,57.62113],[26.47818,57.60644],[26.47225,57.60161],[26.46933,57.59964],[26.46917,57.59652],[26.46708,57.5963],[26.46566,57.59793],[26.46224,57.59877],[26.45921,57.59672],[26.45753,57.59839],[26.45536,57.59759],[26.45411,57.5944],[26.46592,57.59328],[26.47339,57.59213],[26.48172,57.59182],[26.48128,57.593],[26.48765,57.59272],[26.48878,57.59167],[26.48726,57.58961],[26.48361,57.58703],[26.48338,57.58544],[26.48065,57.58186],[26.47676,57.58005],[26.47246,57.57709],[26.46818,57.57543],[26.46938,57.57548],[26.49078,57.54565],[26.49968,57.52444],[26.52473,57.51634],[26.54006,57.51506],[26.55725,57.51387],[26.56326,57.5166],[26.56386,57.51874],[26.56544,57.51939],[26.56329,57.52149],[26.56004,57.52326],[26.56102,57.5255],[26.56086,57.528],[26.56305,57.52869],[26.56519,57.53077],[26.57372,57.53297],[26.57692,57.53306],[26.57994,57.53424],[26.57941,57.53735],[26.58352,57.53838],[26.5864,57.53807],[26.58866,57.53692],[26.58727,57.5315],[26.58603,57.52963],[26.58865,57.52797],[26.58693,57.52579],[26.5914,57.52446],[26.58988,57.52202],[26.59177,57.51942],[26.58871,57.5175],[26.59033,57.51586],[26.59409,57.51585],[26.59511,57.51385],[26.60068,57.51471],[26.60547,57.51414],[26.60427,57.51227],[26.60806,57.51148],[26.61293,57.51148],[26.61687,57.50908],[26.61448,57.52943],[26.63446,57.54343],[26.6427,57.54646],[26.64686,57.55413],[26.6517,57.55357],[26.65637,57.55418],[26.66208,57.5538],[26.66626,57.55307],[26.6712,57.55421],[26.67212,57.55804],[26.66982,57.56045],[26.67232,57.56127],[26.66959,57.56301],[26.67576,57.5666],[26.69212,57.56619],[26.69706,57.56759],[26.69716,57.57089],[26.70042,57.57086],[26.70858,57.56626],[26.71277,57.56659],[26.72379,57.57263],[26.73094,57.56972],[26.73826,57.57629],[26.72904,57.57998],[26.73759,57.58753],[26.74452,57.58393],[26.74691,57.5848],[26.75123,57.58162],[26.75309,57.57971],[26.76058,57.5789],[26.7668,57.57954],[26.76756,57.57743],[26.77307,57.57451],[26.76831,57.57031],[26.75795,57.56559],[26.75344,57.56241],[26.76274,57.5633],[26.76998,57.56045],[26.77476,57.56119],[26.77766,57.56521],[26.78187,57.57272],[26.78521,57.57364],[26.78654,57.57523],[26.78115,57.57618],[26.7785,57.58059],[26.78251,57.58072],[26.7818,57.57855],[26.7932,57.57309],[26.79533,57.57496],[26.79463,57.5773],[26.79827,57.57891],[26.79894,57.58012],[26.79674,57.58156],[26.80492,57.58379],[26.80946,57.5843],[26.81332,57.58334],[26.81529,57.58137],[26.81806,57.58126],[26.82012,57.58207],[26.83365,57.58264],[26.84466,57.58744],[26.84633,57.58921],[26.86138,57.59179],[26.86336,57.5945],[26.85926,57.59654],[26.85753,57.60083],[26.86136,57.60238],[26.86107,57.60438],[26.8643,57.60825],[26.86017,57.60901],[26.85693,57.61054],[26.86045,57.61104],[26.8631,57.61472],[26.86812,57.61702],[26.87296,57.6175],[26.87479,57.61899],[26.88129,57.62052],[26.8868,57.62143],[26.88891,57.62355],[26.89564,57.62577],[26.9004,57.62941],[26.89983,57.63077],[26.90739,57.63318],[26.92583,57.63323],[26.92705,57.63286],[26.92958,57.62997],[26.92881,57.6271],[26.93084,57.6231],[26.93282,57.62366],[26.94013,57.61979],[26.95092,57.62027],[26.95114,57.61475],[26.93966,57.60917],[26.94552,57.60271],[26.95721,57.60473],[26.95965,57.60636],[26.96423,57.60543],[26.97127,57.60497],[26.97281,57.61006],[26.97568,57.61245],[26.97867,57.61188],[26.98048,57.61252],[26.98468,57.6117],[26.98726,57.60901],[26.99247,57.61078],[26.99531,57.60462],[27.02437,57.60441],[27.03114,57.60448],[27.04468,57.59671],[27.04244,57.59183],[27.04125,57.58764],[27.03363,57.58517],[27.04661,57.58227],[27.04835,57.58132],[27.05196,57.58093],[27.0563,57.58244],[27.06854,57.58128],[27.07199,57.57993],[27.07305,57.57745],[27.07601,57.57681],[27.08718,57.57675],[27.08823,57.57341],[27.09585,57.5708],[27.09626,57.56917],[27.09918,57.56884],[27.1012,57.56648],[27.10541,57.56533],[27.10881,57.56539],[27.11013,57.56416],[27.11418,57.56354],[27.11719,57.5621],[27.16174,57.56049],[27.17047,57.5575],[27.19406,57.55057],[27.22555,57.55475],[27.24347,57.54919],[27.2493,57.54831],[27.25725,57.55088],[27.26523,57.54884],[27.26634,57.5443],[27.27555,57.54385],[27.28068,57.53743],[27.29684,57.53986],[27.31296,57.53189],[27.32588,57.52335],[27.34702,57.52201],[27.35077,57.51775],[27.35123,57.52026],[27.35248,57.52125],[27.35107,57.52254],[27.3528,57.52537],[27.34968,57.52562],[27.35016,57.52855],[27.34584,57.52976],[27.34911,57.53095],[27.3484,57.53219],[27.34941,57.5356],[27.34476,57.5371],[27.34501,57.53876],[27.34356,57.53955],[27.34377,57.54308],[27.34091,57.5439],[27.33936,57.54537],[27.33697,57.54569],[27.33584,57.54826],[27.33826,57.5501],[27.33602,57.55137],[27.33766,57.55332],[27.33696,57.55604],[27.33486,57.55676],[27.3359,57.559],[27.33003,57.55978],[27.32949,57.56116],[27.33044,57.56312],[27.33267,57.56504],[27.33028,57.56696],[27.33096,57.56901],[27.33018,57.57057],[27.32577,57.57239],[27.32437,57.57437],[27.32024,57.57742],[27.31773,57.58006],[27.32825,57.58069],[27.33475,57.58404],[27.34024,57.58583],[27.34061,57.59053],[27.35653,57.59781],[27.37274,57.59763],[27.37553,57.59621],[27.37768,57.59608],[27.38161,57.59933],[27.38399,57.60358],[27.38783,57.60451],[27.40441,57.61236],[27.40369,57.61586],[27.40107,57.61688],[27.38875,57.616],[27.38746,57.62176],[27.396,57.62228],[27.40042,57.62426],[27.39958,57.62734],[27.40133,57.62891],[27.40009,57.62966],[27.40097,57.63285],[27.39833,57.63577],[27.39894,57.63668],[27.38751,57.63895],[27.38579,57.63977],[27.3875,57.64245],[27.38065,57.64276],[27.37837,57.64432],[27.38129,57.64761],[27.37752,57.64849],[27.3812,57.65298],[27.38499,57.65506],[27.38197,57.65685],[27.37748,57.65842],[27.37779,57.65984],[27.38118,57.66094],[27.37805,57.66351],[27.37877,57.66516],[27.37627,57.66863],[27.37837,57.67213],[27.38094,57.67271],[27.38113,57.67601],[27.38434,57.67556],[27.38675,57.67743],[27.39163,57.67778],[27.39285,57.67943],[27.39009,57.68124],[27.39226,57.68281],[27.38949,57.68386],[27.38871,57.68588],[27.39732,57.68631],[27.4008,57.68589],[27.40275,57.68748],[27.40204,57.68878],[27.4054,57.69292],[27.40899,57.69398],[27.41022,57.69574],[27.41425,57.69593],[27.41104,57.7005],[27.42658,57.69978],[27.4249,57.70359],[27.42803,57.70522],[27.42999,57.70819],[27.43256,57.70976],[27.44263,57.71411],[27.44699,57.71734],[27.45109,57.71651],[27.45572,57.71316],[27.45682,57.71103],[27.46165,57.7073],[27.46969,57.70843],[27.471,57.7113],[27.46985,57.71234],[27.47216,57.7143],[27.47217,57.71662],[27.47403,57.71671],[27.47902,57.7188],[27.48119,57.7187],[27.48626,57.72016],[27.48859,57.72169],[27.49291,57.7231],[27.4903,57.7188],[27.49115,57.71621],[27.49716,57.70813],[27.50078,57.70619],[27.50736,57.70884],[27.50778,57.71064],[27.50551,57.7121],[27.50625,57.71376],[27.51209,57.71212],[27.51498,57.71016],[27.51775,57.70924],[27.52327,57.70899],[27.5254,57.70948],[27.52321,57.71123],[27.52161,57.71604],[27.52413,57.7216],[27.52309,57.72317],[27.52834,57.7303],[27.54113,57.73099],[27.54372,57.73405],[27.53969,57.73548],[27.53343,57.73941],[27.52969,57.74012],[27.52789,57.74154],[27.52937,57.74511],[27.52738,57.74791],[27.52915,57.74941],[27.52742,57.75174],[27.5245,57.75111],[27.51568,57.751],[27.51317,57.75003],[27.51132,57.7507],[27.51353,57.7524],[27.51835,57.75367],[27.52755,57.7541],[27.52654,57.75712],[27.52478,57.75797],[27.51856,57.75915],[27.51317,57.76322],[27.50935,57.76422],[27.50566,57.7662],[27.50594,57.7725],[27.51247,57.77489],[27.5123,57.77601],[27.50947,57.77797],[27.50947,57.7793],[27.50601,57.78324],[27.50461,57.78281],[27.50122,57.78576],[27.49698,57.78551],[27.49453,57.78722],[27.49427,57.78883],[27.5013,57.79152],[27.50336,57.7887],[27.50906,57.78983],[27.51119,57.79101],[27.51664,57.79284],[27.52044,57.79264],[27.51968,57.78997],[27.52795,57.78966],[27.53231,57.79321],[27.53593,57.79423],[27.53332,57.79692],[27.53574,57.79883],[27.53789,57.80153],[27.53618,57.80482],[27.53213,57.80682],[27.53553,57.80849],[27.54065,57.80776],[27.54241,57.8091],[27.53904,57.81105],[27.53929,57.81395],[27.54599,57.8145],[27.55091,57.81386],[27.55296,57.81419],[27.5499,57.81688],[27.54309,57.81689],[27.54145,57.82316],[27.54587,57.82409],[27.55107,57.82158],[27.55144,57.82694],[27.55445,57.8272],[27.55395,57.83183],[27.54864,57.83205],[27.54675,57.83181],[27.54434,57.83381],[27.53876,57.83362],[27.53382,57.83164],[27.53124,57.83242],[27.52801,57.83178],[27.52402,57.83213],[27.52244,57.83108],[27.51831,57.83186],[27.51397,57.83136],[27.50967,57.83301],[27.50585,57.8304],[27.50159,57.8319],[27.4932,57.83254],[27.49033,57.83451],[27.48437,57.83369],[27.48029,57.83588],[27.4757,57.83512],[27.47372,57.83584],[27.47195,57.83388],[27.47008,57.83454],[27.46466,57.83453],[27.4618,57.83583],[27.45429,57.83662],[27.44786,57.83777],[27.44431,57.83983],[27.44015,57.83868],[27.43944,57.83759],[27.43391,57.83788],[27.43226,57.83865],[27.42862,57.8382],[27.42503,57.83962],[27.41663,57.84036],[27.4139,57.83856],[27.41019,57.83769],[27.40362,57.83808],[27.39975,57.83795],[27.39694,57.8372],[27.39418,57.83549],[27.38931,57.83527],[27.38888,57.8337],[27.3837,57.83217],[27.38293,57.83441],[27.37921,57.8354],[27.37729,57.8334],[27.37824,57.83266],[27.37324,57.82879],[27.37282,57.82742],[27.37002,57.82666],[27.36548,57.82765],[27.36234,57.82618],[27.36451,57.82319],[27.36155,57.82031],[27.3584,57.82134],[27.35593,57.81858],[27.35314,57.81746],[27.34843,57.81911],[27.3506,57.8235],[27.34931,57.82448],[27.34357,57.8236],[27.33932,57.82224],[27.33654,57.82245],[27.33442,57.82427],[27.32957,57.82402],[27.33021,57.82619],[27.32969,57.82817],[27.32627,57.83153],[27.3111,57.83178],[27.30817,57.8438],[27.3036,57.84379],[27.27362,57.84457],[27.27502,57.84884],[27.27794,57.85557],[27.27977,57.85897],[27.28546,57.86522],[27.29164,57.86596],[27.29368,57.86952],[27.29284,57.87516],[27.29999,57.87437],[27.30443,57.87328],[27.30734,57.8744],[27.30712,57.87535],[27.31228,57.87808],[27.31024,57.88015],[27.32301,57.87966],[27.32596,57.88737],[27.33153,57.88656],[27.33527,57.88989],[27.33689,57.89387],[27.33904,57.89414],[27.33505,57.8988],[27.325,57.90265],[27.31596,57.90098],[27.30723,57.90496],[27.31073,57.90694],[27.3138,57.90692],[27.31092,57.91704],[27.30007,57.91667],[27.29853,57.90494],[27.30212,57.90304],[27.29631,57.89764],[27.29351,57.89903],[27.29022,57.89849],[27.28667,57.89918],[27.2859,57.90027],[27.27804,57.90251],[27.27411,57.90429],[27.27356,57.90528],[27.26778,57.9069],[27.2621,57.90904],[27.25202,57.90692],[27.2407,57.90505],[27.23783,57.90684],[27.23743,57.90853],[27.23129,57.90807],[27.22837,57.90844],[27.22774,57.90986],[27.22412,57.91115],[27.22016,57.91164],[27.21245,57.91456],[27.21379,57.91899],[27.20739,57.91887],[27.19012,57.91758],[27.18593,57.91508],[27.18429,57.9157],[27.18483,57.91804],[27.18309,57.92011],[27.18304,57.9222],[27.17997,57.92292],[27.17945,57.92452],[27.17736,57.92507],[27.17513,57.92726],[27.16716,57.92474],[27.15975,57.92421],[27.15747,57.93271],[27.15429,57.93616],[27.14696,57.94142],[27.14295,57.94571],[27.139,57.9477],[27.12021,57.94573],[27.12087,57.94688],[27.11328,57.94947],[27.11645,57.95403],[27.11614,57.957],[27.10411,57.95282],[27.09596,57.94938],[27.09156,57.9466],[27.08333,57.94876],[27.07429,57.94853],[27.07431,57.94756],[27.06725,57.94727],[27.06789,57.94259],[27.05882,57.94225],[27.05882,57.93828],[27.05398,57.93513],[27.05622,57.93395],[27.06334,57.92876],[27.06576,57.9282],[27.06687,57.92231],[27.0696,57.91815],[27.07589,57.91613],[27.07982,57.9138],[27.08011,57.9121],[27.08826,57.9086],[27.08702,57.90639],[27.06013,57.90931],[27.05154,57.91011],[27.05223,57.91429],[27.0252,57.91215],[27.02025,57.91267],[27.02181,57.91428],[27.01905,57.91618],[27.01451,57.91462],[27.00513,57.91399],[27.00072,57.91437],[27.00116,57.91839],[26.99733,57.91878],[26.99739,57.91566],[26.995,57.91473],[26.98814,57.91573],[26.98586,57.91985],[26.97508,57.92102],[26.97106,57.92471],[26.97208,57.93079],[26.97224,57.94051],[26.95827,57.93799],[26.95736,57.93823],[26.94431,57.93204],[26.94045,57.93173],[26.94036,57.9289],[26.92897,57.92614],[26.92254,57.9248],[26.91195,57.92558],[26.89799,57.91736],[26.898,57.92265],[26.89858,57.92654],[26.88742,57.92677],[26.86682,57.92279],[26.85834,57.92267],[26.85281,57.92473],[26.85003,57.92528],[26.84356,57.92514],[26.83316,57.92227],[26.82898,57.92283],[26.82663,57.92141],[26.82662,57.91953],[26.81245,57.91738],[26.80999,57.91548],[26.80689,57.91831],[26.79866,57.92497],[26.79777,57.92915],[26.79369,57.92908],[26.79402,57.92743],[26.78889,57.92708],[26.78467,57.9278],[26.77978,57.92663],[26.77513,57.92982],[26.77035,57.92792],[26.76432,57.92675],[26.76044,57.92361],[26.75599,57.92183],[26.75355,57.92435],[26.75173,57.92525],[26.75064,57.92822],[26.75185,57.92906],[26.7472,57.93107],[26.74404,57.93096],[26.74234,57.92971],[26.73787,57.93072],[26.7364,57.93186],[26.72999,57.93107],[26.72652,57.93337],[26.72116,57.93411],[26.71732,57.93519],[26.71088,57.94107],[26.70572,57.93874],[26.69997,57.93786],[26.70055,57.93591],[26.69573,57.9347],[26.6915,57.93602],[26.6857,57.93418],[26.68116,57.93138],[26.67656,57.93198],[26.66786,57.93106],[26.66437,57.92957],[26.66304,57.93012],[26.657,57.92998],[26.65482,57.93541],[26.64143,57.93313],[26.63656,57.93306],[26.63177,57.93051],[26.62763,57.93059],[26.62455,57.92781],[26.62033,57.93011],[26.62668,57.93066],[26.62595,57.93258],[26.62166,57.93493],[26.61321,57.93511],[26.61235,57.93818],[26.60634,57.93836],[26.60527,57.93953],[26.59943,57.94099],[26.60154,57.9462],[26.59834,57.94619],[26.59558,57.94444],[26.59088,57.94401],[26.58991,57.94293],[26.58563,57.94191],[26.57749,57.94738],[26.58057,57.94929],[26.57721,57.9549],[26.57247,57.95591],[26.56673,57.95485]]]},"properties":{"area_code":"0086","area_name":"VÕRU COUNTY"}}
]}