"country_code","boundary_set_id","boundary_level","area_unit_id","area_code","area_name","year","population_total","population_total_basis","religious_affiliation_count","religious_affiliation_percent","no_religion_count","no_religion_percent","place_count","places_per_10000_residents","place_density_per_sq_km","land_area_sq_km","site_snapshot_date","place_count_basis","source_dataset_ids","quality_flag"
"DE","de-kreis-2011-bkg-vg250","kreis","de-kreis-2011-bkg-vg250:01001","01001","Flensburg, Stadt",2011,82258,"Zensus compact religion table total persons (Insgesamt) for the Kreis and wave. The religion variable RELZG2 records legal membership in a public-law religious society; it is not a belief or attendance measure.",46098,56.04,,,,,,56.83,,,"zensus-2011-1000x-1014-religion-geolk1|bkg-vg250-krs-2011-01-01","legal_membership_public_law_religious_society;compact_residual_other_none_no_response;no_religion_not_separable;period_boundary_vintage"
"DE","de-kreis-2011-bkg-vg250","kreis","de-kreis-2011-bkg-vg250:01002","01002","Kiel, Landeshauptstadt",2011,235782,"Zensus compact religion table total persons (Insgesamt) for the Kreis and wave. The religion variable RELZG2 records legal membership in a public-law religious society; it is not a belief or attendance measure.",114729,48.66,,,,,,119.6,,,"zensus-2011-1000x-1014-religion-geolk1|bkg-vg250-krs-2011-01-01","legal_membership_public_law_religious_society;compact_residual_other_none_no_response;no_religion_not_separable;period_boundary_vintage"
"DE","de-kreis-2011-bkg-vg250","kreis","de-kreis-2011-bkg-vg250:01003","01003","Lübeck, Hansestadt",2011,210305,"Zensus compact religion table total persons (Insgesamt) for the Kreis and wave. The religion variable RELZG2 records legal membership in a public-law religious society; it is not a belief or attendance measure.",119297,56.73,,,,,,211.87,,,"zensus-2011-1000x-1014-religion-geolk1|bkg-vg250-krs-2011-01-01","legal_membership_public_law_religious_society;compact_residual_other_none_no_response;no_religion_not_separable;period_boundary_vintage"
"DE","de-kreis-2011-bkg-vg250","kreis","de-kreis-2011-bkg-vg250:01004","01004","Neumünster, Stadt",2011,77249,"Zensus compact religion table total persons (Insgesamt) for the Kreis and wave. The religion variable RELZG2 records legal membership in a public-law religious society; it is not a belief or attendance measure.",43372,56.15,,,,,,71.44,,,"zensus-2011-1000x-1014-religion-geolk1|bkg-vg250-krs-2011-01-01","legal_membership_public_law_religious_society;compact_residual_other_none_no_response;no_religion_not_separable;period_boundary_vintage"
"DE","de-kreis-2011-bkg-vg250","kreis","de-kreis-2011-bkg-vg250:01051","01051","Dithmarschen",2011,133900,"Zensus compact religion table total persons (Insgesamt) for the Kreis and wave. The religion variable RELZG2 records legal membership in a public-law religious society; it is not a belief or attendance measure.",92434,69.03,,,,,,1442.37,,,"zensus-2011-1000x-1014-religion-geolk1|bkg-vg250-krs-2011-01-01","legal_membership_public_law_religious_society;compact_residual_other_none_no_response;no_religion_not_separable;period_boundary_vintage"
"DE","de-kreis-2011-bkg-vg250","kreis","de-kreis-2011-bkg-vg250:01053","01053","Herzogtum Lauenburg",2011,187137,"Zensus compact religion table total persons (Insgesamt) for the Kreis and wave. The religion variable RELZG2 records legal membership in a public-law religious society; it is not a belief or attendance measure.",103701,55.41,,,,,,1262.3,,,"zensus-2011-1000x-1014-religion-geolk1|bkg-vg250-krs-2011-01-01","legal_membership_public_law_religious_society;compact_residual_other_none_no_response;no_religion_not_separable;period_boundary_vintage"
"DE","de-kreis-2011-bkg-vg250","kreis","de-kreis-2011-bkg-vg250:01054","01054","Nordfriesland",2011,163665,"Zensus compact religion table total persons (Insgesamt) for the Kreis and wave. The religion variable RELZG2 records legal membership in a public-law religious society; it is not a belief or attendance measure.",116064,70.92,,,,,,2113.4,,,"zensus-2011-1000x-1014-religion-geolk1|bkg-vg250-krs-2011-01-01","legal_membership_public_law_religious_society;compact_residual_other_none_no_response;no_religion_not_separable;period_boundary_vintage"
"DE","de-kreis-2011-bkg-vg250","kreis","de-kreis-2011-bkg-vg250:01055","01055","Ostholstein",2011,198413,"Zensus compact religion table total persons (Insgesamt) for the Kreis and wave. The religion variable RELZG2 records legal membership in a public-law religious society; it is not a belief or attendance measure.",127085,64.05,,,,,,1392.2,,,"zensus-2011-1000x-1014-religion-geolk1|bkg-vg250-krs-2011-01-01","legal_membership_public_law_religious_society;compact_residual_other_none_no_response;no_religion_not_separable;period_boundary_vintage"
"DE","de-kreis-2011-bkg-vg250","kreis","de-kreis-2011-bkg-vg250:01056","01056","Pinneberg",2011,296341,"Zensus compact religion table total persons (Insgesamt) for the Kreis and wave. The religion variable RELZG2 records legal membership in a public-law religious society; it is not a belief or attendance measure.",140130,47.29,,,,,,664.03,,,"zensus-2011-1000x-1014-religion-geolk1|bkg-vg250-krs-2011-01-01","legal_membership_public_law_religious_society;compact_residual_other_none_no_response;no_religion_not_separable;period_boundary_vintage"
"DE","de-kreis-2011-bkg-vg250","kreis","de-kreis-2011-bkg-vg250:01057","01057","Plön",2011,127676,"Zensus compact religion table total persons (Insgesamt) for the Kreis and wave. The religion variable RELZG2 records legal membership in a public-law religious society; it is not a belief or attendance measure.",78361,61.37,,,,,,1083.62,,,"zensus-2011-1000x-1014-religion-geolk1|bkg-vg250-krs-2011-01-01","legal_membership_public_law_religious_society;compact_residual_other_none_no_response;no_religion_not_separable;period_boundary_vintage"
"DE","de-kreis-2011-bkg-vg250","kreis","de-kreis-2011-bkg-vg250:01058","01058","Rendsburg-Eckernförde",2011,269362,"Zensus compact religion table total persons (Insgesamt) for the Kreis and wave. The religion variable RELZG2 records legal membership in a public-law religious society; it is not a belief or attendance measure.",168193,62.44,,,,,,2185.53,,,"zensus-2011-1000x-1014-religion-geolk1|bkg-vg250-krs-2011-01-01","legal_membership_public_law_religious_society;compact_residual_other_none_no_response;no_religion_not_separable;period_boundary_vintage"
"DE","de-kreis-2011-bkg-vg250","kreis","de-kreis-2011-bkg-vg250:01059","01059","Schleswig-Flensburg",2011,196025,"Zensus compact religion table total persons (Insgesamt) for the Kreis and wave. The religion variable RELZG2 records legal membership in a public-law religious society; it is not a belief or attendance measure.",133502,68.1,,,,,,2070.08,,,"zensus-2011-1000x-1014-religion-geolk1|bkg-vg250-krs-2011-01-01","legal_membership_public_law_religious_society;compact_residual_other_none_no_response;no_religion_not_separable;period_boundary_vintage"
"DE","de-kreis-2011-bkg-vg250","kreis","de-kreis-2011-bkg-vg250:01060","01060","Segeberg",2011,260665,"Zensus compact religion table total persons (Insgesamt) for the Kreis and wave. The religion variable RELZG2 records legal membership in a public-law religious society; it is not a belief or attendance measure.",131621,50.49,,,,,,1346.14,,,"zensus-2011-1000x-1014-religion-geolk1|bkg-vg250-krs-2011-01-01","legal_membership_public_law_religious_society;compact_residual_other_none_no_response;no_religion_not_separable;period_boundary_vintage"
"DE","de-kreis-2011-bkg-vg250","kreis","de-kreis-2011-bkg-vg250:01061","01061","Steinburg",2011,130785,"Zensus compact religion table total persons (Insgesamt) for the Kreis and wave. The religion variable RELZG2 records legal membership in a public-law religious society; it is not a belief or attendance measure.",82441,63.04,,,,,,1056.75,,,"zensus-2011-1000x-1014-religion-geolk1|bkg-vg250-krs-2011-01-01","legal_membership_public_law_religious_society;compact_residual_other_none_no_response;no_religion_not_separable;period_boundary_vintage"
"DE","de-kreis-2011-bkg-vg250","kreis","de-kreis-2011-bkg-vg250:01062","01062","Stormarn",2011,230556,"Zensus compact religion table total persons (Insgesamt) for the Kreis and wave. The religion variable RELZG2 records legal membership in a public-law religious society; it is not a belief or attendance measure.",113372,49.17,,,,,,765.99,,,"zensus-2011-1000x-1014-religion-geolk1|bkg-vg250-krs-2011-01-01","legal_membership_public_law_religious_society;compact_residual_other_none_no_response;no_religion_not_separable;period_boundary_vintage"
"DE","de-kreis-2011-bkg-vg250","kreis","de-kreis-2011-bkg-vg250:02000","02000","Hamburg, Freie und Hansestadt",2011,1706696,"Zensus compact religion table total persons (Insgesamt) for the Kreis and wave. The religion variable RELZG2 records legal membership in a public-law religious society; it is not a belief or attendance measure.",675454,39.58,,,,,,753.16,,,"zensus-2011-1000x-1014-religion-geolk1|bkg-vg250-krs-2011-01-01","legal_membership_public_law_religious_society;compact_residual_other_none_no_response;no_religion_not_separable;period_boundary_vintage"
"DE","de-kreis-2011-bkg-vg250","kreis","de-kreis-2011-bkg-vg250:03101","03101","Braunschweig, Stadt",2011,242537,"Zensus compact religion table total persons (Insgesamt) for the Kreis and wave. The religion variable RELZG2 records legal membership in a public-law religious society; it is not a belief or attendance measure.",129887,53.55,,,,,,192.31,,,"zensus-2011-1000x-1014-religion-geolk1|bkg-vg250-krs-2011-01-01","legal_membership_public_law_religious_society;compact_residual_other_none_no_response;no_religion_not_separable;period_boundary_vintage"
"DE","de-kreis-2011-bkg-vg250","kreis","de-kreis-2011-bkg-vg250:03102","03102","Salzgitter, Stadt",2011,98895,"Zensus compact religion table total persons (Insgesamt) for the Kreis and wave. The religion variable RELZG2 records legal membership in a public-law religious society; it is not a belief or attendance measure.",57500,58.14,,,,,,224.92,,,"zensus-2011-1000x-1014-religion-geolk1|bkg-vg250-krs-2011-01-01","legal_membership_public_law_religious_society;compact_residual_other_none_no_response;no_religion_not_separable;period_boundary_vintage"
"DE","de-kreis-2011-bkg-vg250","kreis","de-kreis-2011-bkg-vg250:03103","03103","Wolfsburg, Stadt",2011,119984,"Zensus compact religion table total persons (Insgesamt) for the Kreis and wave. The religion variable RELZG2 records legal membership in a public-law religious society; it is not a belief or attendance measure.",68926,57.45,,,,,,204.88,,,"zensus-2011-1000x-1014-religion-geolk1|bkg-vg250-krs-2011-01-01","legal_membership_public_law_religious_society;compact_residual_other_none_no_response;no_religion_not_separable;period_boundary_vintage"
"DE","de-kreis-2011-bkg-vg250","kreis","de-kreis-2011-bkg-vg250:03151","03151","Gifhorn",2011,171333,"Zensus compact religion table total persons (Insgesamt) for the Kreis and wave. The religion variable RELZG2 records legal membership in a public-law religious society; it is not a belief or attendance measure.",108016,63.04,,,,,,1569.69,,,"zensus-2011-1000x-1014-religion-geolk1|bkg-vg250-krs-2011-01-01","legal_membership_public_law_religious_society;compact_residual_other_none_no_response;no_religion_not_separable;period_boundary_vintage"
"DE","de-kreis-2011-bkg-vg250","kreis","de-kreis-2011-bkg-vg250:03152","03152","Göttingen",2011,248037,"Zensus compact religion table total persons (Insgesamt) for the Kreis and wave. The religion variable RELZG2 records legal membership in a public-law religious society; it is not a belief or attendance measure.",166499,67.13,,,,,,1118.95,,,"zensus-2011-1000x-1014-religion-geolk1|bkg-vg250-krs-2011-01-01","legal_membership_public_law_religious_society;compact_residual_other_none_no_response;no_religion_not_separable;period_boundary_vintage"
"DE","de-kreis-2011-bkg-vg250","kreis","de-kreis-2011-bkg-vg250:03153","03153","Goslar",2011,140137,"Zensus compact religion table total persons (Insgesamt) for the Kreis and wave. The religion variable RELZG2 records legal membership in a public-law religious society; it is not a belief or attendance measure.",91563,65.34,,,,,,968.97,,,"zensus-2011-1000x-1014-religion-geolk1|bkg-vg250-krs-2011-01-01","legal_membership_public_law_religious_society;compact_residual_other_none_no_response;no_religion_not_separable;period_boundary_vintage"
"DE","de-kreis-2011-bkg-vg250","kreis","de-kreis-2011-bkg-vg250:03154","03154","Helmstedt",2011,91410,"Zensus compact religion table total persons (Insgesamt) for the Kreis and wave. The religion variable RELZG2 records legal membership in a public-law religious society; it is not a belief or attendance measure.",58585,64.09,,,,,,675.52,,,"zensus-2011-1000x-1014-religion-geolk1|bkg-vg250-krs-2011-01-01","legal_membership_public_law_religious_society;compact_residual_other_none_no_response;no_religion_not_separable;period_boundary_vintage"
"DE","de-kreis-2011-bkg-vg250","kreis","de-kreis-2011-bkg-vg250:03155","03155","Northeim",2011,137445,"Zensus compact religion table total persons (Insgesamt) for the Kreis and wave. The religion variable RELZG2 records legal membership in a public-law religious society; it is not a belief or attendance measure.",102407,74.51,,,,,,1269.71,,,"zensus-2011-1000x-1014-religion-geolk1|bkg-vg250-krs-2011-01-01","legal_membership_public_law_religious_society;compact_residual_other_none_no_response;no_religion_not_separable;period_boundary_vintage"
"DE","de-kreis-2011-bkg-vg250","kreis","de-kreis-2011-bkg-vg250:03156","03156","Osterode am Harz",2011,76785,"Zensus compact religion table total persons (Insgesamt) for the Kreis and wave. The religion variable RELZG2 records legal membership in a public-law religious society; it is not a belief or attendance measure.",53673,69.9,,,,,,636.19,,,"zensus-2011-1000x-1014-religion-geolk1|bkg-vg250-krs-2011-01-01","legal_membership_public_law_religious_society;compact_residual_other_none_no_response;no_religion_not_separable;period_boundary_vintage"
"DE","de-kreis-2011-bkg-vg250","kreis","de-kreis-2011-bkg-vg250:03157","03157","Peine",2011,130398,"Zensus compact religion table total persons (Insgesamt) for the Kreis and wave. The religion variable RELZG2 records legal membership in a public-law religious society; it is not a belief or attendance measure.",83444,63.99,,,,,,536.44,,,"zensus-2011-1000x-1014-religion-geolk1|bkg-vg250-krs-2011-01-01","legal_membership_public_law_religious_society;compact_residual_other_none_no_response;no_religion_not_separable;period_boundary_vintage"
"DE","de-kreis-2011-bkg-vg250","kreis","de-kreis-2011-bkg-vg250:03158","03158","Wolfenbüttel",2011,120774,"Zensus compact religion table total persons (Insgesamt) for the Kreis and wave. The religion variable RELZG2 records legal membership in a public-law religious society; it is not a belief or attendance measure.",76937,63.7,,,,,,724.42,,,"zensus-2011-1000x-1014-religion-geolk1|bkg-vg250-krs-2011-01-01","legal_membership_public_law_religious_society;compact_residual_other_none_no_response;no_religion_not_separable;period_boundary_vintage"
"DE","de-kreis-2011-bkg-vg250","kreis","de-kreis-2011-bkg-vg250:03241","03241","Region Hannover",2011,1102240,"Zensus compact religion table total persons (Insgesamt) for the Kreis and wave. The religion variable RELZG2 records legal membership in a public-law religious society; it is not a belief or attendance measure.",596463,54.11,,,,,,2296.85,,,"zensus-2011-1000x-1014-religion-geolk1|bkg-vg250-krs-2011-01-01","legal_membership_public_law_religious_society;compact_residual_other_none_no_response;no_religion_not_separable;period_boundary_vintage"
"DE","de-kreis-2011-bkg-vg250","kreis","de-kreis-2011-bkg-vg250:03251","03251","Diepholz",2011,211185,"Zensus compact religion table total persons (Insgesamt) for the Kreis and wave. The religion variable RELZG2 records legal membership in a public-law religious society; it is not a belief or attendance measure.",141944,67.21,,,,,,1990.62,,,"zensus-2011-1000x-1014-religion-geolk1|bkg-vg250-krs-2011-01-01","legal_membership_public_law_religious_society;compact_residual_other_none_no_response;no_religion_not_separable;period_boundary_vintage"
"DE","de-kreis-2011-bkg-vg250","kreis","de-kreis-2011-bkg-vg250:03252","03252","Hameln-Pyrmont",2011,150259,"Zensus compact religion table total persons (Insgesamt) for the Kreis and wave. The religion variable RELZG2 records legal membership in a public-law religious society; it is not a belief or attendance measure.",100688,67.01,,,,,,798.14,,,"zensus-2011-1000x-1014-religion-geolk1|bkg-vg250-krs-2011-01-01","legal_membership_public_law_religious_society;compact_residual_other_none_no_response;no_religion_not_separable;period_boundary_vintage"
"DE","de-kreis-2011-bkg-vg250","kreis","de-kreis-2011-bkg-vg250:03254","03254","Hildesheim",2011,277595,"Zensus compact religion table total persons (Insgesamt) for the Kreis and wave. The religion variable RELZG2 records legal membership in a public-law religious society; it is not a belief or attendance measure.",197577,71.17,,,,,,1207.71,,,"zensus-2011-1000x-1014-religion-geolk1|bkg-vg250-krs-2011-01-01","legal_membership_public_law_religious_society;compact_residual_other_none_no_response;no_religion_not_separable;period_boundary_vintage"
"DE","de-kreis-2011-bkg-vg250","kreis","de-kreis-2011-bkg-vg250:03255","03255","Holzminden",2011,73548,"Zensus compact religion table total persons (Insgesamt) for the Kreis and wave. The religion variable RELZG2 records legal membership in a public-law religious society; it is not a belief or attendance measure.",53778,73.12,,,,,,694.55,,,"zensus-2011-1000x-1014-religion-geolk1|bkg-vg250-krs-2011-01-01","legal_membership_public_law_religious_society;compact_residual_other_none_no_response;no_religion_not_separable;period_boundary_vintage"
"DE","de-kreis-2011-bkg-vg250","kreis","de-kreis-2011-bkg-vg250:03256","03256","Nienburg (Weser)",2011,122241,"Zensus compact religion table total persons (Insgesamt) for the Kreis and wave. The religion variable RELZG2 records legal membership in a public-law religious society; it is not a belief or attendance measure.",88204,72.16,,,,,,1401.58,,,"zensus-2011-1000x-1014-religion-geolk1|bkg-vg250-krs-2011-01-01","legal_membership_public_law_religious_society;compact_residual_other_none_no_response;no_religion_not_separable;period_boundary_vintage"
"DE","de-kreis-2011-bkg-vg250","kreis","de-kreis-2011-bkg-vg250:03257","03257","Schaumburg",2011,157496,"Zensus compact religion table total persons (Insgesamt) for the Kreis and wave. The religion variable RELZG2 records legal membership in a public-law religious society; it is not a belief or attendance measure.",107565,68.3,,,,,,676.33,,,"zensus-2011-1000x-1014-religion-geolk1|bkg-vg250-krs-2011-01-01","legal_membership_public_law_religious_society;compact_residual_other_none_no_response;no_religion_not_separable;period_boundary_vintage"
"DE","de-kreis-2011-bkg-vg250","kreis","de-kreis-2011-bkg-vg250:03351","03351","Celle",2011,176690,"Zensus compact religion table total persons (Insgesamt) for the Kreis and wave. The religion variable RELZG2 records legal membership in a public-law religious society; it is not a belief or attendance measure.",113382,64.17,,,,,,1550.12,,,"zensus-2011-1000x-1014-religion-geolk1|bkg-vg250-krs-2011-01-01","legal_membership_public_law_religious_society;compact_residual_other_none_no_response;no_religion_not_separable;period_boundary_vintage"
"DE","de-kreis-2011-bkg-vg250","kreis","de-kreis-2011-bkg-vg250:03352","03352","Cuxhaven",2011,198777,"Zensus compact religion table total persons (Insgesamt) for the Kreis and wave. The religion variable RELZG2 records legal membership in a public-law religious society; it is not a belief or attendance measure.",134832,67.83,,,,,,2060.18,,,"zensus-2011-1000x-1014-religion-geolk1|bkg-vg250-krs-2011-01-01","legal_membership_public_law_religious_society;compact_residual_other_none_no_response;no_religion_not_separable;period_boundary_vintage"
"DE","de-kreis-2011-bkg-vg250","kreis","de-kreis-2011-bkg-vg250:03353","03353","Harburg",2011,238443,"Zensus compact religion table total persons (Insgesamt) for the Kreis and wave. The religion variable RELZG2 records legal membership in a public-law religious society; it is not a belief or attendance measure.",122080,51.2,,,,,,1248.78,,,"zensus-2011-1000x-1014-religion-geolk1|bkg-vg250-krs-2011-01-01","legal_membership_public_law_religious_society;compact_residual_other_none_no_response;no_religion_not_separable;period_boundary_vintage"
"DE","de-kreis-2011-bkg-vg250","kreis","de-kreis-2011-bkg-vg250:03354","03354","Lüchow-Dannenberg",2011,49205,"Zensus compact religion table total persons (Insgesamt) for the Kreis and wave. The religion variable RELZG2 records legal membership in a public-law religious society; it is not a belief or attendance measure.",32462,65.97,,,,,,1226.31,,,"zensus-2011-1000x-1014-religion-geolk1|bkg-vg250-krs-2011-01-01","legal_membership_public_law_religious_society;compact_residual_other_none_no_response;no_religion_not_separable;period_boundary_vintage"
"DE","de-kreis-2011-bkg-vg250","kreis","de-kreis-2011-bkg-vg250:03355","03355","Lüneburg",2011,174123,"Zensus compact religion table total persons (Insgesamt) for the Kreis and wave. The religion variable RELZG2 records legal membership in a public-law religious society; it is not a belief or attendance measure.",100195,57.54,,,,,,1327.26,,,"zensus-2011-1000x-1014-religion-geolk1|bkg-vg250-krs-2011-01-01","legal_membership_public_law_religious_society;compact_residual_other_none_no_response;no_religion_not_separable;period_boundary_vintage"
"DE","de-kreis-2011-bkg-vg250","kreis","de-kreis-2011-bkg-vg250:03356","03356","Osterholz",2011,110907,"Zensus compact religion table total persons (Insgesamt) for the Kreis and wave. The religion variable RELZG2 records legal membership in a public-law religious society; it is not a belief or attendance measure.",68995,62.21,,,,,,653.2,,,"zensus-2011-1000x-1014-religion-geolk1|bkg-vg250-krs-2011-01-01","legal_membership_public_law_religious_society;compact_residual_other_none_no_response;no_religion_not_separable;period_boundary_vintage"
"DE","de-kreis-2011-bkg-vg250","kreis","de-kreis-2011-bkg-vg250:03357","03357","Rotenburg (Wümme)",2011,162726,"Zensus compact religion table total persons (Insgesamt) for the Kreis and wave. The religion variable RELZG2 records legal membership in a public-law religious society; it is not a belief or attendance measure.",114675,70.47,,,,,,2074.03,,,"zensus-2011-1000x-1014-religion-geolk1|bkg-vg250-krs-2011-01-01","legal_membership_public_law_religious_society;compact_residual_other_none_no_response;no_religion_not_separable;period_boundary_vintage"
"DE","de-kreis-2011-bkg-vg250","kreis","de-kreis-2011-bkg-vg250:03358","03358","Heidekreis",2011,136693,"Zensus compact religion table total persons (Insgesamt) for the Kreis and wave. The religion variable RELZG2 records legal membership in a public-law religious society; it is not a belief or attendance measure.",94026,68.79,,,,,,1881.48,,,"zensus-2011-1000x-1014-religion-geolk1|bkg-vg250-krs-2011-01-01","legal_membership_public_law_religious_society;compact_residual_other_none_no_response;no_religion_not_separable;period_boundary_vintage"
"DE","de-kreis-2011-bkg-vg250","kreis","de-kreis-2011-bkg-vg250:03359","03359","Stade",2011,195450,"Zensus compact religion table total persons (Insgesamt) for the Kreis and wave. The religion variable RELZG2 records legal membership in a public-law religious society; it is not a belief or attendance measure.",117855,60.3,,,,,,1304.7,,,"zensus-2011-1000x-1014-religion-geolk1|bkg-vg250-krs-2011-01-01","legal_membership_public_law_religious_society;compact_residual_other_none_no_response;no_religion_not_separable;period_boundary_vintage"
"DE","de-kreis-2011-bkg-vg250","kreis","de-kreis-2011-bkg-vg250:03360","03360","Uelzen",2011,93596,"Zensus compact religion table total persons (Insgesamt) for the Kreis and wave. The religion variable RELZG2 records legal membership in a public-law religious society; it is not a belief or attendance measure.",65659,70.15,,,,,,1462.35,,,"zensus-2011-1000x-1014-religion-geolk1|bkg-vg250-krs-2011-01-01","legal_membership_public_law_religious_society;compact_residual_other_none_no_response;no_religion_not_separable;period_boundary_vintage"
"DE","de-kreis-2011-bkg-vg250","kreis","de-kreis-2011-bkg-vg250:03361","03361","Verden",2011,132300,"Zensus compact religion table total persons (Insgesamt) for the Kreis and wave. The religion variable RELZG2 records legal membership in a public-law religious society; it is not a belief or attendance measure.",81515,61.61,,,,,,789.26,,,"zensus-2011-1000x-1014-religion-geolk1|bkg-vg250-krs-2011-01-01","legal_membership_public_law_religious_society;compact_residual_other_none_no_response;no_religion_not_separable;period_boundary_vintage"
"DE","de-kreis-2011-bkg-vg250","kreis","de-kreis-2011-bkg-vg250:03401","03401","Delmenhorst, Stadt",2011,73322,"Zensus compact religion table total persons (Insgesamt) for the Kreis and wave. The religion variable RELZG2 records legal membership in a public-law religious society; it is not a belief or attendance measure.",39102,53.33,,,,,,62.37,,,"zensus-2011-1000x-1014-religion-geolk1|bkg-vg250-krs-2011-01-01","legal_membership_public_law_religious_society;compact_residual_other_none_no_response;no_religion_not_separable;period_boundary_vintage"
"DE","de-kreis-2011-bkg-vg250","kreis","de-kreis-2011-bkg-vg250:03402","03402","Emden, Stadt",2011,49787,"Zensus compact religion table total persons (Insgesamt) for the Kreis and wave. The religion variable RELZG2 records legal membership in a public-law religious society; it is not a belief or attendance measure.",34722,69.74,,,,,,111.68,,,"zensus-2011-1000x-1014-religion-geolk1|bkg-vg250-krs-2011-01-01","legal_membership_public_law_religious_society;compact_residual_other_none_no_response;no_religion_not_separable;period_boundary_vintage"
"DE","de-kreis-2011-bkg-vg250","kreis","de-kreis-2011-bkg-vg250:03403","03403","Oldenburg (Oldenburg), Stadt",2011,157267,"Zensus compact religion table total persons (Insgesamt) for the Kreis and wave. The religion variable RELZG2 records legal membership in a public-law religious society; it is not a belief or attendance measure.",94748,60.25,,,,,,103.68,,,"zensus-2011-1000x-1014-religion-geolk1|bkg-vg250-krs-2011-01-01","legal_membership_public_law_religious_society;compact_residual_other_none_no_response;no_religion_not_separable;period_boundary_vintage"
"DE","de-kreis-2011-bkg-vg250","kreis","de-kreis-2011-bkg-vg250:03404","03404","Osnabrück, Stadt",2011,153699,"Zensus compact religion table total persons (Insgesamt) for the Kreis and wave. The religion variable RELZG2 records legal membership in a public-law religious society; it is not a belief or attendance measure.",104537,68.01,,,,,,120.17,,,"zensus-2011-1000x-1014-religion-geolk1|bkg-vg250-krs-2011-01-01","legal_membership_public_law_religious_society;compact_residual_other_none_no_response;no_religion_not_separable;period_boundary_vintage"
"DE","de-kreis-2011-bkg-vg250","kreis","de-kreis-2011-bkg-vg250:03405","03405","Wilhelmshaven, Stadt",2011,77451,"Zensus compact religion table total persons (Insgesamt) for the Kreis and wave. The religion variable RELZG2 records legal membership in a public-law religious society; it is not a belief or attendance measure.",43608,56.3,,,,,,108.28,,,"zensus-2011-1000x-1014-religion-geolk1|bkg-vg250-krs-2011-01-01","legal_membership_public_law_religious_society;compact_residual_other_none_no_response;no_religion_not_separable;period_boundary_vintage"
"DE","de-kreis-2011-bkg-vg250","kreis","de-kreis-2011-bkg-vg250:03451","03451","Ammerland",2011,117912,"Zensus compact religion table total persons (Insgesamt) for the Kreis and wave. The religion variable RELZG2 records legal membership in a public-law religious society; it is not a belief or attendance measure.",81536,69.15,,,,,,729.86,,,"zensus-2011-1000x-1014-religion-geolk1|bkg-vg250-krs-2011-01-01","legal_membership_public_law_religious_society;compact_residual_other_none_no_response;no_religion_not_separable;period_boundary_vintage"
"DE","de-kreis-2011-bkg-vg250","kreis","de-kreis-2011-bkg-vg250:03452","03452","Aurich",2011,187136,"Zensus compact religion table total persons (Insgesamt) for the Kreis and wave. The religion variable RELZG2 records legal membership in a public-law religious society; it is not a belief or attendance measure.",146207,78.13,,,,,,1294.08,,,"zensus-2011-1000x-1014-religion-geolk1|bkg-vg250-krs-2011-01-01","legal_membership_public_law_religious_society;compact_residual_other_none_no_response;no_religion_not_separable;period_boundary_vintage"
"DE","de-kreis-2011-bkg-vg250","kreis","de-kreis-2011-bkg-vg250:03453","03453","Cloppenburg",2011,159337,"Zensus compact religion table total persons (Insgesamt) for the Kreis and wave. The religion variable RELZG2 records legal membership in a public-law religious society; it is not a belief or attendance measure.",128637,80.73,,,,,,1421.36,,,"zensus-2011-1000x-1014-religion-geolk1|bkg-vg250-krs-2011-01-01","legal_membership_public_law_religious_society;compact_residual_other_none_no_response;no_religion_not_separable;period_boundary_vintage"
"DE","de-kreis-2011-bkg-vg250","kreis","de-kreis-2011-bkg-vg250:03454","03454","Emsland",2011,311089,"Zensus compact religion table total persons (Insgesamt) for the Kreis and wave. The religion variable RELZG2 records legal membership in a public-law religious society; it is not a belief or attendance measure.",266745,85.75,,,,,,2884.76,,,"zensus-2011-1000x-1014-religion-geolk1|bkg-vg250-krs-2011-01-01","legal_membership_public_law_religious_society;compact_residual_other_none_no_response;no_religion_not_separable;period_boundary_vintage"
"DE","de-kreis-2011-bkg-vg250","kreis","de-kreis-2011-bkg-vg250:03455","03455","Friesland",2011,98229,"Zensus compact religion table total persons (Insgesamt) for the Kreis and wave. The religion variable RELZG2 records legal membership in a public-law religious society; it is not a belief or attendance measure.",65365,66.54,,,,,,620.54,,,"zensus-2011-1000x-1014-religion-geolk1|bkg-vg250-krs-2011-01-01","legal_membership_public_law_religious_society;compact_residual_other_none_no_response;no_religion_not_separable;period_boundary_vintage"
"DE","de-kreis-2011-bkg-vg250","kreis","de-kreis-2011-bkg-vg250:03456","03456","Grafschaft Bentheim",2011,133395,"Zensus compact religion table total persons (Insgesamt) for the Kreis and wave. The religion variable RELZG2 records legal membership in a public-law religious society; it is not a belief or attendance measure.",99152,74.33,,,,,,982.64,,,"zensus-2011-1000x-1014-religion-geolk1|bkg-vg250-krs-2011-01-01","legal_membership_public_law_religious_society;compact_residual_other_none_no_response;no_religion_not_separable;period_boundary_vintage"
"DE","de-kreis-2011-bkg-vg250","kreis","de-kreis-2011-bkg-vg250:03457","03457","Leer",2011,163832,"Zensus compact religion table total persons (Insgesamt) for the Kreis and wave. The religion variable RELZG2 records legal membership in a public-law religious society; it is not a belief or attendance measure.",127399,77.76,,,,,,1086.36,,,"zensus-2011-1000x-1014-religion-geolk1|bkg-vg250-krs-2011-01-01","legal_membership_public_law_religious_society;compact_residual_other_none_no_response;no_religion_not_separable;period_boundary_vintage"
"DE","de-kreis-2011-bkg-vg250","kreis","de-kreis-2011-bkg-vg250:03458","03458","Oldenburg",2011,125015,"Zensus compact religion table total persons (Insgesamt) for the Kreis and wave. The religion variable RELZG2 records legal membership in a public-law religious society; it is not a belief or attendance measure.",82660,66.12,,,,,,1064.94,,,"zensus-2011-1000x-1014-religion-geolk1|bkg-vg250-krs-2011-01-01","legal_membership_public_law_religious_society;compact_residual_other_none_no_response;no_religion_not_separable;period_boundary_vintage"
"DE","de-kreis-2011-bkg-vg250","kreis","de-kreis-2011-bkg-vg250:03459","03459","Osnabrück",2011,350147,"Zensus compact religion table total persons (Insgesamt) for the Kreis and wave. The religion variable RELZG2 records legal membership in a public-law religious society; it is not a belief or attendance measure.",274882,78.5,,,,,,2121.4,,,"zensus-2011-1000x-1014-religion-geolk1|bkg-vg250-krs-2011-01-01","legal_membership_public_law_religious_society;compact_residual_other_none_no_response;no_religion_not_separable;period_boundary_vintage"
"DE","de-kreis-2011-bkg-vg250","kreis","de-kreis-2011-bkg-vg250:03460","03460","Vechta",2011,132293,"Zensus compact religion table total persons (Insgesamt) for the Kreis and wave. The religion variable RELZG2 records legal membership in a public-law religious society; it is not a belief or attendance measure.",110787,83.74,,,,,,813.41,,,"zensus-2011-1000x-1014-religion-geolk1|bkg-vg250-krs-2011-01-01","legal_membership_public_law_religious_society;compact_residual_other_none_no_response;no_religion_not_separable;period_boundary_vintage"
"DE","de-kreis-2011-bkg-vg250","kreis","de-kreis-2011-bkg-vg250:03461","03461","Wesermarsch",2011,90033,"Zensus compact religion table total persons (Insgesamt) for the Kreis and wave. The religion variable RELZG2 records legal membership in a public-law religious society; it is not a belief or attendance measure.",57319,63.66,,,,,,835.35,,,"zensus-2011-1000x-1014-religion-geolk1|bkg-vg250-krs-2011-01-01","legal_membership_public_law_religious_society;compact_residual_other_none_no_response;no_religion_not_separable;period_boundary_vintage"
"DE","de-kreis-2011-bkg-vg250","kreis","de-kreis-2011-bkg-vg250:03462","03462","Wittmund",2011,56839,"Zensus compact religion table total persons (Insgesamt) for the Kreis and wave. The religion variable RELZG2 records legal membership in a public-law religious society; it is not a belief or attendance measure.",43770,77.01,,,,,,660.01,,,"zensus-2011-1000x-1014-religion-geolk1|bkg-vg250-krs-2011-01-01","legal_membership_public_law_religious_society;compact_residual_other_none_no_response;no_religion_not_separable;period_boundary_vintage"
"DE","de-kreis-2011-bkg-vg250","kreis","de-kreis-2011-bkg-vg250:04011","04011","Bremen, Stadt",2011,542707,"Zensus compact religion table total persons (Insgesamt) for the Kreis and wave. The religion variable RELZG2 records legal membership in a public-law religious society; it is not a belief or attendance measure.",271604,50.05,,,,,,325.94,,,"zensus-2011-1000x-1014-religion-geolk1|bkg-vg250-krs-2011-01-01","legal_membership_public_law_religious_society;compact_residual_other_none_no_response;no_religion_not_separable;period_boundary_vintage"
"DE","de-kreis-2011-bkg-vg250","kreis","de-kreis-2011-bkg-vg250:04012","04012","Bremerhaven, Stadt",2011,108156,"Zensus compact religion table total persons (Insgesamt) for the Kreis and wave. The religion variable RELZG2 records legal membership in a public-law religious society; it is not a belief or attendance measure.",60873,56.28,,,,,,94.47,,,"zensus-2011-1000x-1014-religion-geolk1|bkg-vg250-krs-2011-01-01","legal_membership_public_law_religious_society;compact_residual_other_none_no_response;no_religion_not_separable;period_boundary_vintage"
"DE","de-kreis-2011-bkg-vg250","kreis","de-kreis-2011-bkg-vg250:05111","05111","Düsseldorf, Stadt",2011,586291,"Zensus compact religion table total persons (Insgesamt) for the Kreis and wave. The religion variable RELZG2 records legal membership in a public-law religious society; it is not a belief or attendance measure.",313090,53.4,,,,,,217.75,,,"zensus-2011-1000x-1014-religion-geolk1|bkg-vg250-krs-2011-01-01","legal_membership_public_law_religious_society;compact_residual_other_none_no_response;no_religion_not_separable;period_boundary_vintage"
"DE","de-kreis-2011-bkg-vg250","kreis","de-kreis-2011-bkg-vg250:05112","05112","Duisburg, Stadt",2011,488468,"Zensus compact religion table total persons (Insgesamt) for the Kreis and wave. The religion variable RELZG2 records legal membership in a public-law religious society; it is not a belief or attendance measure.",278323,56.98,,,,,,232.83,,,"zensus-2011-1000x-1014-religion-geolk1|bkg-vg250-krs-2011-01-01","legal_membership_public_law_religious_society;compact_residual_other_none_no_response;no_religion_not_separable;period_boundary_vintage"
"DE","de-kreis-2011-bkg-vg250","kreis","de-kreis-2011-bkg-vg250:05113","05113","Essen, Stadt",2011,566201,"Zensus compact religion table total persons (Insgesamt) for the Kreis and wave. The religion variable RELZG2 records legal membership in a public-law religious society; it is not a belief or attendance measure.",371886,65.68,,,,,,210.6,,,"zensus-2011-1000x-1014-religion-geolk1|bkg-vg250-krs-2011-01-01","legal_membership_public_law_religious_society;compact_residual_other_none_no_response;no_religion_not_separable;period_boundary_vintage"
"DE","de-kreis-2011-bkg-vg250","kreis","de-kreis-2011-bkg-vg250:05114","05114","Krefeld, Stadt",2011,222247,"Zensus compact religion table total persons (Insgesamt) for the Kreis and wave. The religion variable RELZG2 records legal membership in a public-law religious society; it is not a belief or attendance measure.",140725,63.32,,,,,,136.79,,,"zensus-2011-1000x-1014-religion-geolk1|bkg-vg250-krs-2011-01-01","legal_membership_public_law_religious_society;compact_residual_other_none_no_response;no_religion_not_separable;period_boundary_vintage"
"DE","de-kreis-2011-bkg-vg250","kreis","de-kreis-2011-bkg-vg250:05116","05116","Mönchengladbach, Stadt",2011,255188,"Zensus compact religion table total persons (Insgesamt) for the Kreis and wave. The religion variable RELZG2 records legal membership in a public-law religious society; it is not a belief or attendance measure.",179079,70.18,,,,,,170.94,,,"zensus-2011-1000x-1014-religion-geolk1|bkg-vg250-krs-2011-01-01","legal_membership_public_law_religious_society;compact_residual_other_none_no_response;no_religion_not_separable;period_boundary_vintage"
"DE","de-kreis-2011-bkg-vg250","kreis","de-kreis-2011-bkg-vg250:05117","05117","Mülheim an der Ruhr, Stadt",2011,166865,"Zensus compact religion table total persons (Insgesamt) for the Kreis and wave. The religion variable RELZG2 records legal membership in a public-law religious society; it is not a belief or attendance measure.",103454,62,,,,,,91.25,,,"zensus-2011-1000x-1014-religion-geolk1|bkg-vg250-krs-2011-01-01","legal_membership_public_law_religious_society;compact_residual_other_none_no_response;no_religion_not_separable;period_boundary_vintage"
"DE","de-kreis-2011-bkg-vg250","kreis","de-kreis-2011-bkg-vg250:05119","05119","Oberhausen, Stadt",2011,210216,"Zensus compact religion table total persons (Insgesamt) for the Kreis and wave. The religion variable RELZG2 records legal membership in a public-law religious society; it is not a belief or attendance measure.",141588,67.35,,,,,,77.43,,,"zensus-2011-1000x-1014-religion-geolk1|bkg-vg250-krs-2011-01-01","legal_membership_public_law_religious_society;compact_residual_other_none_no_response;no_religion_not_separable;period_boundary_vintage"
"DE","de-kreis-2011-bkg-vg250","kreis","de-kreis-2011-bkg-vg250:05120","05120","Remscheid, Stadt",2011,110708,"Zensus compact religion table total persons (Insgesamt) for the Kreis and wave. The religion variable RELZG2 records legal membership in a public-law religious society; it is not a belief or attendance measure.",64404,58.17,,,,,,74.07,,,"zensus-2011-1000x-1014-religion-geolk1|bkg-vg250-krs-2011-01-01","legal_membership_public_law_religious_society;compact_residual_other_none_no_response;no_religion_not_separable;period_boundary_vintage"
"DE","de-kreis-2011-bkg-vg250","kreis","de-kreis-2011-bkg-vg250:05122","05122","Solingen, Klingenstadt",2011,155265,"Zensus compact religion table total persons (Insgesamt) for the Kreis and wave. The religion variable RELZG2 records legal membership in a public-law religious society; it is not a belief or attendance measure.",90463,58.26,,,,,,89.41,,,"zensus-2011-1000x-1014-religion-geolk1|bkg-vg250-krs-2011-01-01","legal_membership_public_law_religious_society;compact_residual_other_none_no_response;no_religion_not_separable;period_boundary_vintage"
"DE","de-kreis-2011-bkg-vg250","kreis","de-kreis-2011-bkg-vg250:05124","05124","Wuppertal, Stadt",2011,342661,"Zensus compact religion table total persons (Insgesamt) for the Kreis and wave. The religion variable RELZG2 records legal membership in a public-law religious society; it is not a belief or attendance measure.",190845,55.69,,,,,,168.48,,,"zensus-2011-1000x-1014-religion-geolk1|bkg-vg250-krs-2011-01-01","legal_membership_public_law_religious_society;compact_residual_other_none_no_response;no_religion_not_separable;period_boundary_vintage"
"DE","de-kreis-2011-bkg-vg250","kreis","de-kreis-2011-bkg-vg250:05154","05154","Kleve",2011,300989,"Zensus compact religion table total persons (Insgesamt) for the Kreis and wave. The religion variable RELZG2 records legal membership in a public-law religious society; it is not a belief or attendance measure.",240901,80.04,,,,,,1233.78,,,"zensus-2011-1000x-1014-religion-geolk1|bkg-vg250-krs-2011-01-01","legal_membership_public_law_religious_society;compact_residual_other_none_no_response;no_religion_not_separable;period_boundary_vintage"
"DE","de-kreis-2011-bkg-vg250","kreis","de-kreis-2011-bkg-vg250:05158","05158","Mettmann",2011,477778,"Zensus compact religion table total persons (Insgesamt) for the Kreis and wave. The religion variable RELZG2 records legal membership in a public-law religious society; it is not a belief or attendance measure.",300362,62.87,,,,,,407.71,,,"zensus-2011-1000x-1014-religion-geolk1|bkg-vg250-krs-2011-01-01","legal_membership_public_law_religious_society;compact_residual_other_none_no_response;no_religion_not_separable;period_boundary_vintage"
"DE","de-kreis-2011-bkg-vg250","kreis","de-kreis-2011-bkg-vg250:05162","05162","Rhein-Kreis Neuss",2011,437393,"Zensus compact religion table total persons (Insgesamt) for the Kreis and wave. The religion variable RELZG2 records legal membership in a public-law religious society; it is not a belief or attendance measure.",300357,68.67,,,,,,576.98,,,"zensus-2011-1000x-1014-religion-geolk1|bkg-vg250-krs-2011-01-01","legal_membership_public_law_religious_society;compact_residual_other_none_no_response;no_religion_not_separable;period_boundary_vintage"
"DE","de-kreis-2011-bkg-vg250","kreis","de-kreis-2011-bkg-vg250:05166","05166","Viersen",2011,296175,"Zensus compact religion table total persons (Insgesamt) for the Kreis and wave. The religion variable RELZG2 records legal membership in a public-law religious society; it is not a belief or attendance measure.",220784,74.55,,,,,,563.25,,,"zensus-2011-1000x-1014-religion-geolk1|bkg-vg250-krs-2011-01-01","legal_membership_public_law_religious_society;compact_residual_other_none_no_response;no_religion_not_separable;period_boundary_vintage"
"DE","de-kreis-2011-bkg-vg250","kreis","de-kreis-2011-bkg-vg250:05170","05170","Wesel",2011,460419,"Zensus compact religion table total persons (Insgesamt) for the Kreis and wave. The religion variable RELZG2 records legal membership in a public-law religious society; it is not a belief or attendance measure.",326410,70.89,,,,,,1043.47,,,"zensus-2011-1000x-1014-religion-geolk1|bkg-vg250-krs-2011-01-01","legal_membership_public_law_religious_society;compact_residual_other_none_no_response;no_religion_not_separable;period_boundary_vintage"
"DE","de-kreis-2011-bkg-vg250","kreis","de-kreis-2011-bkg-vg250:05314","05314","Bonn, Stadt",2011,305765,"Zensus compact religion table total persons (Insgesamt) for the Kreis and wave. The religion variable RELZG2 records legal membership in a public-law religious society; it is not a belief or attendance measure.",186460,60.98,,,,,,141.86,,,"zensus-2011-1000x-1014-religion-geolk1|bkg-vg250-krs-2011-01-01","legal_membership_public_law_religious_society;compact_residual_other_none_no_response;no_religion_not_separable;period_boundary_vintage"
"DE","de-kreis-2011-bkg-vg250","kreis","de-kreis-2011-bkg-vg250:05315","05315","Köln, Stadt",2011,1005775,"Zensus compact religion table total persons (Insgesamt) for the Kreis and wave. The religion variable RELZG2 records legal membership in a public-law religious society; it is not a belief or attendance measure.",553163,55,,,,,,406.71,,,"zensus-2011-1000x-1014-religion-geolk1|bkg-vg250-krs-2011-01-01","legal_membership_public_law_religious_society;compact_residual_other_none_no_response;no_religion_not_separable;period_boundary_vintage"
"DE","de-kreis-2011-bkg-vg250","kreis","de-kreis-2011-bkg-vg250:05316","05316","Leverkusen, Stadt",2011,158984,"Zensus compact religion table total persons (Insgesamt) for the Kreis and wave. The religion variable RELZG2 records legal membership in a public-law religious society; it is not a belief or attendance measure.",97936,61.6,,,,,,78.87,,,"zensus-2011-1000x-1014-religion-geolk1|bkg-vg250-krs-2011-01-01","legal_membership_public_law_religious_society;compact_residual_other_none_no_response;no_religion_not_separable;period_boundary_vintage"
"DE","de-kreis-2011-bkg-vg250","kreis","de-kreis-2011-bkg-vg250:05334","05334","Städteregion Aachen",2011,539516,"Zensus compact religion table total persons (Insgesamt) for the Kreis and wave. The religion variable RELZG2 records legal membership in a public-law religious society; it is not a belief or attendance measure.",378967,70.24,,,,,,707.56,,,"zensus-2011-1000x-1014-religion-geolk1|bkg-vg250-krs-2011-01-01","legal_membership_public_law_religious_society;compact_residual_other_none_no_response;no_religion_not_separable;period_boundary_vintage"
"DE","de-kreis-2011-bkg-vg250","kreis","de-kreis-2011-bkg-vg250:05358","05358","Düren",2011,258760,"Zensus compact religion table total persons (Insgesamt) for the Kreis and wave. The religion variable RELZG2 records legal membership in a public-law religious society; it is not a belief or attendance measure.",191957,74.18,,,,,,939.59,,,"zensus-2011-1000x-1014-religion-geolk1|bkg-vg250-krs-2011-01-01","legal_membership_public_law_religious_society;compact_residual_other_none_no_response;no_religion_not_separable;period_boundary_vintage"
"DE","de-kreis-2011-bkg-vg250","kreis","de-kreis-2011-bkg-vg250:05362","05362","Rhein-Erft-Kreis",2011,451514,"Zensus compact religion table total persons (Insgesamt) for the Kreis and wave. The religion variable RELZG2 records legal membership in a public-law religious society; it is not a belief or attendance measure.",306747,67.94,,,,,,702.89,,,"zensus-2011-1000x-1014-religion-geolk1|bkg-vg250-krs-2011-01-01","legal_membership_public_law_religious_society;compact_residual_other_none_no_response;no_religion_not_separable;period_boundary_vintage"
"DE","de-kreis-2011-bkg-vg250","kreis","de-kreis-2011-bkg-vg250:05366","05366","Euskirchen",2011,187940,"Zensus compact religion table total persons (Insgesamt) for the Kreis and wave. The religion variable RELZG2 records legal membership in a public-law religious society; it is not a belief or attendance measure.",147577,78.52,,,,,,1250.13,,,"zensus-2011-1000x-1014-religion-geolk1|bkg-vg250-krs-2011-01-01","legal_membership_public_law_religious_society;compact_residual_other_none_no_response;no_religion_not_separable;period_boundary_vintage"
"DE","de-kreis-2011-bkg-vg250","kreis","de-kreis-2011-bkg-vg250:05370","05370","Heinsberg",2011,248161,"Zensus compact religion table total persons (Insgesamt) for the Kreis and wave. The religion variable RELZG2 records legal membership in a public-law religious society; it is not a belief or attendance measure.",194759,78.48,,,,,,627.46,,,"zensus-2011-1000x-1014-religion-geolk1|bkg-vg250-krs-2011-01-01","legal_membership_public_law_religious_society;compact_residual_other_none_no_response;no_religion_not_separable;period_boundary_vintage"
"DE","de-kreis-2011-bkg-vg250","kreis","de-kreis-2011-bkg-vg250:05374","05374","Oberbergischer Kreis",2011,273011,"Zensus compact religion table total persons (Insgesamt) for the Kreis and wave. The religion variable RELZG2 records legal membership in a public-law religious society; it is not a belief or attendance measure.",186827,68.43,,,,,,918.42,,,"zensus-2011-1000x-1014-religion-geolk1|bkg-vg250-krs-2011-01-01","legal_membership_public_law_religious_society;compact_residual_other_none_no_response;no_religion_not_separable;period_boundary_vintage"
"DE","de-kreis-2011-bkg-vg250","kreis","de-kreis-2011-bkg-vg250:05378","05378","Rheinisch-Bergischer Kreis",2011,278183,"Zensus compact religion table total persons (Insgesamt) for the Kreis and wave. The religion variable RELZG2 records legal membership in a public-law religious society; it is not a belief or attendance measure.",184315,66.26,,,,,,437.69,,,"zensus-2011-1000x-1014-religion-geolk1|bkg-vg250-krs-2011-01-01","legal_membership_public_law_religious_society;compact_residual_other_none_no_response;no_religion_not_separable;period_boundary_vintage"
"DE","de-kreis-2011-bkg-vg250","kreis","de-kreis-2011-bkg-vg250:05382","05382","Rhein-Sieg-Kreis",2011,578252,"Zensus compact religion table total persons (Insgesamt) for the Kreis and wave. The religion variable RELZG2 records legal membership in a public-law religious society; it is not a belief or attendance measure.",400042,69.18,,,,,,1151.94,,,"zensus-2011-1000x-1014-religion-geolk1|bkg-vg250-krs-2011-01-01","legal_membership_public_law_religious_society;compact_residual_other_none_no_response;no_religion_not_separable;period_boundary_vintage"
"DE","de-kreis-2011-bkg-vg250","kreis","de-kreis-2011-bkg-vg250:05512","05512","Bottrop, Stadt",2011,117311,"Zensus compact religion table total persons (Insgesamt) for the Kreis and wave. The religion variable RELZG2 records legal membership in a public-law religious society; it is not a belief or attendance measure.",84349,71.9,,,,,,99.72,,,"zensus-2011-1000x-1014-religion-geolk1|bkg-vg250-krs-2011-01-01","legal_membership_public_law_religious_society;compact_residual_other_none_no_response;no_religion_not_separable;period_boundary_vintage"
"DE","de-kreis-2011-bkg-vg250","kreis","de-kreis-2011-bkg-vg250:05513","05513","Gelsenkirchen, Stadt",2011,258766,"Zensus compact religion table total persons (Insgesamt) for the Kreis and wave. The religion variable RELZG2 records legal membership in a public-law religious society; it is not a belief or attendance measure.",164921,63.73,,,,,,105.45,,,"zensus-2011-1000x-1014-religion-geolk1|bkg-vg250-krs-2011-01-01","legal_membership_public_law_religious_society;compact_residual_other_none_no_response;no_religion_not_separable;period_boundary_vintage"
"DE","de-kreis-2011-bkg-vg250","kreis","de-kreis-2011-bkg-vg250:05515","05515","Münster, Stadt",2011,289576,"Zensus compact religion table total persons (Insgesamt) for the Kreis and wave. The religion variable RELZG2 records legal membership in a public-law religious society; it is not a belief or attendance measure.",210608,72.73,,,,,,303.52,,,"zensus-2011-1000x-1014-religion-geolk1|bkg-vg250-krs-2011-01-01","legal_membership_public_law_religious_society;compact_residual_other_none_no_response;no_religion_not_separable;period_boundary_vintage"
"DE","de-kreis-2011-bkg-vg250","kreis","de-kreis-2011-bkg-vg250:05554","05554","Borken",2011,363755,"Zensus compact religion table total persons (Insgesamt) for the Kreis and wave. The religion variable RELZG2 records legal membership in a public-law religious society; it is not a belief or attendance measure.",303888,83.54,,,,,,1420.98,,,"zensus-2011-1000x-1014-religion-geolk1|bkg-vg250-krs-2011-01-01","legal_membership_public_law_religious_society;compact_residual_other_none_no_response;no_religion_not_separable;period_boundary_vintage"
"DE","de-kreis-2011-bkg-vg250","kreis","de-kreis-2011-bkg-vg250:05558","05558","Coesfeld",2011,215269,"Zensus compact religion table total persons (Insgesamt) for the Kreis and wave. The religion variable RELZG2 records legal membership in a public-law religious society; it is not a belief or attendance measure.",180576,83.88,,,,,,1112.52,,,"zensus-2011-1000x-1014-religion-geolk1|bkg-vg250-krs-2011-01-01","legal_membership_public_law_religious_society;compact_residual_other_none_no_response;no_religion_not_separable;period_boundary_vintage"
"DE","de-kreis-2011-bkg-vg250","kreis","de-kreis-2011-bkg-vg250:05562","05562","Recklinghausen",2011,619382,"Zensus compact religion table total persons (Insgesamt) for the Kreis and wave. The religion variable RELZG2 records legal membership in a public-law religious society; it is not a belief or attendance measure.",437609,70.65,,,,,,761.82,,,"zensus-2011-1000x-1014-religion-geolk1|bkg-vg250-krs-2011-01-01","legal_membership_public_law_religious_society;compact_residual_other_none_no_response;no_religion_not_separable;period_boundary_vintage"
"DE","de-kreis-2011-bkg-vg250","kreis","de-kreis-2011-bkg-vg250:05566","05566","Steinfurt",2011,433659,"Zensus compact religion table total persons (Insgesamt) for the Kreis and wave. The religion variable RELZG2 records legal membership in a public-law religious society; it is not a belief or attendance measure.",354787,81.81,,,,,,1795.56,,,"zensus-2011-1000x-1014-religion-geolk1|bkg-vg250-krs-2011-01-01","legal_membership_public_law_religious_society;compact_residual_other_none_no_response;no_religion_not_separable;period_boundary_vintage"
"DE","de-kreis-2011-bkg-vg250","kreis","de-kreis-2011-bkg-vg250:05570","05570","Warendorf",2011,273477,"Zensus compact religion table total persons (Insgesamt) for the Kreis and wave. The religion variable RELZG2 records legal membership in a public-law religious society; it is not a belief or attendance measure.",213106,77.92,,,,,,1318.09,,,"zensus-2011-1000x-1014-religion-geolk1|bkg-vg250-krs-2011-01-01","legal_membership_public_law_religious_society;compact_residual_other_none_no_response;no_religion_not_separable;period_boundary_vintage"
"DE","de-kreis-2011-bkg-vg250","kreis","de-kreis-2011-bkg-vg250:05711","05711","Bielefeld, Stadt",2011,326870,"Zensus compact religion table total persons (Insgesamt) for the Kreis and wave. The religion variable RELZG2 records legal membership in a public-law religious society; it is not a belief or attendance measure.",188023,57.52,,,,,,259.1,,,"zensus-2011-1000x-1014-religion-geolk1|bkg-vg250-krs-2011-01-01","legal_membership_public_law_religious_society;compact_residual_other_none_no_response;no_religion_not_separable;period_boundary_vintage"
"DE","de-kreis-2011-bkg-vg250","kreis","de-kreis-2011-bkg-vg250:05754","05754","Gütersloh",2011,350420,"Zensus compact religion table total persons (Insgesamt) for the Kreis and wave. The religion variable RELZG2 records legal membership in a public-law religious society; it is not a belief or attendance measure.",245970,70.19,,,,,,969.05,,,"zensus-2011-1000x-1014-religion-geolk1|bkg-vg250-krs-2011-01-01","legal_membership_public_law_religious_society;compact_residual_other_none_no_response;no_religion_not_separable;period_boundary_vintage"
"DE","de-kreis-2011-bkg-vg250","kreis","de-kreis-2011-bkg-vg250:05758","05758","Herford",2011,250704,"Zensus compact religion table total persons (Insgesamt) for the Kreis and wave. The religion variable RELZG2 records legal membership in a public-law religious society; it is not a belief or attendance measure.",172077,68.64,,,,,,450.85,,,"zensus-2011-1000x-1014-religion-geolk1|bkg-vg250-krs-2011-01-01","legal_membership_public_law_religious_society;compact_residual_other_none_no_response;no_religion_not_separable;period_boundary_vintage"
"DE","de-kreis-2011-bkg-vg250","kreis","de-kreis-2011-bkg-vg250:05762","05762","Höxter",2011,145678,"Zensus compact religion table total persons (Insgesamt) for the Kreis and wave. The religion variable RELZG2 records legal membership in a public-law religious society; it is not a belief or attendance measure.",119757,82.21,,,,,,1201.06,,,"zensus-2011-1000x-1014-religion-geolk1|bkg-vg250-krs-2011-01-01","legal_membership_public_law_religious_society;compact_residual_other_none_no_response;no_religion_not_separable;period_boundary_vintage"
"DE","de-kreis-2011-bkg-vg250","kreis","de-kreis-2011-bkg-vg250:05766","05766","Lippe",2011,348681,"Zensus compact religion table total persons (Insgesamt) for the Kreis and wave. The religion variable RELZG2 records legal membership in a public-law religious society; it is not a belief or attendance measure.",221460,63.51,,,,,,1245.61,,,"zensus-2011-1000x-1014-religion-geolk1|bkg-vg250-krs-2011-01-01","legal_membership_public_law_religious_society;compact_residual_other_none_no_response;no_religion_not_separable;period_boundary_vintage"
"DE","de-kreis-2011-bkg-vg250","kreis","de-kreis-2011-bkg-vg250:05770","05770","Minden-Lübbecke",2011,312169,"Zensus compact religion table total persons (Insgesamt) for the Kreis and wave. The religion variable RELZG2 records legal membership in a public-law religious society; it is not a belief or attendance measure.",213534,68.4,,,,,,1152.18,,,"zensus-2011-1000x-1014-religion-geolk1|bkg-vg250-krs-2011-01-01","legal_membership_public_law_religious_society;compact_residual_other_none_no_response;no_religion_not_separable;period_boundary_vintage"
"DE","de-kreis-2011-bkg-vg250","kreis","de-kreis-2011-bkg-vg250:05774","05774","Paderborn",2011,294602,"Zensus compact religion table total persons (Insgesamt) for the Kreis and wave. The religion variable RELZG2 records legal membership in a public-law religious society; it is not a belief or attendance measure.",226132,76.76,,,,,,1247.38,,,"zensus-2011-1000x-1014-religion-geolk1|bkg-vg250-krs-2011-01-01","legal_membership_public_law_religious_society;compact_residual_other_none_no_response;no_religion_not_separable;period_boundary_vintage"
"DE","de-kreis-2011-bkg-vg250","kreis","de-kreis-2011-bkg-vg250:05911","05911","Bochum, Stadt",2011,362286,"Zensus compact religion table total persons (Insgesamt) for the Kreis and wave. The religion variable RELZG2 records legal membership in a public-law religious society; it is not a belief or attendance measure.",237071,65.44,,,,,,144.63,,,"zensus-2011-1000x-1014-religion-geolk1|bkg-vg250-krs-2011-01-01","legal_membership_public_law_religious_society;compact_residual_other_none_no_response;no_religion_not_separable;period_boundary_vintage"
"DE","de-kreis-2011-bkg-vg250","kreis","de-kreis-2011-bkg-vg250:05913","05913","Dortmund, Stadt",2011,571143,"Zensus compact religion table total persons (Insgesamt) for the Kreis and wave. The religion variable RELZG2 records legal membership in a public-law religious society; it is not a belief or attendance measure.",346716,60.71,,,,,,279.8,,,"zensus-2011-1000x-1014-religion-geolk1|bkg-vg250-krs-2011-01-01","legal_membership_public_law_religious_society;compact_residual_other_none_no_response;no_religion_not_separable;period_boundary_vintage"
"DE","de-kreis-2011-bkg-vg250","kreis","de-kreis-2011-bkg-vg250:05914","05914","Hagen, Stadt der FernUniversität",2011,187944,"Zensus compact religion table total persons (Insgesamt) for the Kreis and wave. The religion variable RELZG2 records legal membership in a public-law religious society; it is not a belief or attendance measure.",118901,63.26,,,,,,160.77,,,"zensus-2011-1000x-1014-religion-geolk1|bkg-vg250-krs-2011-01-01","legal_membership_public_law_religious_society;compact_residual_other_none_no_response;no_religion_not_separable;period_boundary_vintage"
"DE","de-kreis-2011-bkg-vg250","kreis","de-kreis-2011-bkg-vg250:05915","05915","Hamm, Stadt",2011,176037,"Zensus compact religion table total persons (Insgesamt) for the Kreis and wave. The religion variable RELZG2 records legal membership in a public-law religious society; it is not a belief or attendance measure.",122656,69.68,,,,,,227.65,,,"zensus-2011-1000x-1014-religion-geolk1|bkg-vg250-krs-2011-01-01","legal_membership_public_law_religious_society;compact_residual_other_none_no_response;no_religion_not_separable;period_boundary_vintage"
"DE","de-kreis-2011-bkg-vg250","kreis","de-kreis-2011-bkg-vg250:05916","05916","Herne, Stadt",2011,155160,"Zensus compact religion table total persons (Insgesamt) for the Kreis and wave. The religion variable RELZG2 records legal membership in a public-law religious society; it is not a belief or attendance measure.",99076,63.85,,,,,,51.32,,,"zensus-2011-1000x-1014-religion-geolk1|bkg-vg250-krs-2011-01-01","legal_membership_public_law_religious_society;compact_residual_other_none_no_response;no_religion_not_separable;period_boundary_vintage"
"DE","de-kreis-2011-bkg-vg250","kreis","de-kreis-2011-bkg-vg250:05954","05954","Ennepe-Ruhr-Kreis",2011,326049,"Zensus compact religion table total persons (Insgesamt) for the Kreis and wave. The religion variable RELZG2 records legal membership in a public-law religious society; it is not a belief or attendance measure.",212288,65.11,,,,,,411.06,,,"zensus-2011-1000x-1014-religion-geolk1|bkg-vg250-krs-2011-01-01","legal_membership_public_law_religious_society;compact_residual_other_none_no_response;no_religion_not_separable;period_boundary_vintage"
"DE","de-kreis-2011-bkg-vg250","kreis","de-kreis-2011-bkg-vg250:05958","05958","Hochsauerlandkreis",2011,266509,"Zensus compact religion table total persons (Insgesamt) for the Kreis and wave. The religion variable RELZG2 records legal membership in a public-law religious society; it is not a belief or attendance measure.",222103,83.34,,,,,,1959.36,,,"zensus-2011-1000x-1014-religion-geolk1|bkg-vg250-krs-2011-01-01","legal_membership_public_law_religious_society;compact_residual_other_none_no_response;no_religion_not_separable;period_boundary_vintage"
"DE","de-kreis-2011-bkg-vg250","kreis","de-kreis-2011-bkg-vg250:05962","05962","Märkischer Kreis",2011,423819,"Zensus compact religion table total persons (Insgesamt) for the Kreis and wave. The religion variable RELZG2 records legal membership in a public-law religious society; it is not a belief or attendance measure.",285919,67.46,,,,,,1060.53,,,"zensus-2011-1000x-1014-religion-geolk1|bkg-vg250-krs-2011-01-01","legal_membership_public_law_religious_society;compact_residual_other_none_no_response;no_religion_not_separable;period_boundary_vintage"
"DE","de-kreis-2011-bkg-vg250","kreis","de-kreis-2011-bkg-vg250:05966","05966","Olpe",2011,136491,"Zensus compact religion table total persons (Insgesamt) for the Kreis and wave. The religion variable RELZG2 records legal membership in a public-law religious society; it is not a belief or attendance measure.",114315,83.75,,,,,,711.59,,,"zensus-2011-1000x-1014-religion-geolk1|bkg-vg250-krs-2011-01-01","legal_membership_public_law_religious_society;compact_residual_other_none_no_response;no_religion_not_separable;period_boundary_vintage"
"DE","de-kreis-2011-bkg-vg250","kreis","de-kreis-2011-bkg-vg250:05970","05970","Siegen-Wittgenstein",2011,276834,"Zensus compact religion table total persons (Insgesamt) for the Kreis and wave. The religion variable RELZG2 records legal membership in a public-law religious society; it is not a belief or attendance measure.",205439,74.21,,,,,,1134.16,,,"zensus-2011-1000x-1014-religion-geolk1|bkg-vg250-krs-2011-01-01","legal_membership_public_law_religious_society;compact_residual_other_none_no_response;no_religion_not_separable;period_boundary_vintage"
"DE","de-kreis-2011-bkg-vg250","kreis","de-kreis-2011-bkg-vg250:05974","05974","Soest",2011,296875,"Zensus compact religion table total persons (Insgesamt) for the Kreis and wave. The religion variable RELZG2 records legal membership in a public-law religious society; it is not a belief or attendance measure.",236046,79.51,,,,,,1329.54,,,"zensus-2011-1000x-1014-religion-geolk1|bkg-vg250-krs-2011-01-01","legal_membership_public_law_religious_society;compact_residual_other_none_no_response;no_religion_not_separable;period_boundary_vintage"
"DE","de-kreis-2011-bkg-vg250","kreis","de-kreis-2011-bkg-vg250:05978","05978","Unna",2011,396060,"Zensus compact religion table total persons (Insgesamt) for the Kreis and wave. The religion variable RELZG2 records legal membership in a public-law religious society; it is not a belief or attendance measure.",281396,71.05,,,,,,542.27,,,"zensus-2011-1000x-1014-religion-geolk1|bkg-vg250-krs-2011-01-01","legal_membership_public_law_religious_society;compact_residual_other_none_no_response;no_religion_not_separable;period_boundary_vintage"
"DE","de-kreis-2011-bkg-vg250","kreis","de-kreis-2011-bkg-vg250:06411","06411","Darmstadt, Wissenschaftsstadt",2011,143499,"Zensus compact religion table total persons (Insgesamt) for the Kreis and wave. The religion variable RELZG2 records legal membership in a public-law religious society; it is not a belief or attendance measure.",75151,52.37,,,,,,123.35,,,"zensus-2011-1000x-1014-religion-geolk1|bkg-vg250-krs-2011-01-01","legal_membership_public_law_religious_society;compact_residual_other_none_no_response;no_religion_not_separable;period_boundary_vintage"
"DE","de-kreis-2011-bkg-vg250","kreis","de-kreis-2011-bkg-vg250:06412","06412","Frankfurt am Main, Stadt",2011,667925,"Zensus compact religion table total persons (Insgesamt) for the Kreis and wave. The religion variable RELZG2 records legal membership in a public-law religious society; it is not a belief or attendance measure.",294355,44.07,,,,,,248.32,,,"zensus-2011-1000x-1014-religion-geolk1|bkg-vg250-krs-2011-01-01","legal_membership_public_law_religious_society;compact_residual_other_none_no_response;no_religion_not_separable;period_boundary_vintage"
"DE","de-kreis-2011-bkg-vg250","kreis","de-kreis-2011-bkg-vg250:06413","06413","Offenbach am Main, Stadt",2011,113443,"Zensus compact religion table total persons (Insgesamt) for the Kreis and wave. The religion variable RELZG2 records legal membership in a public-law religious society; it is not a belief or attendance measure.",49677,43.79,,,,,,45.32,,,"zensus-2011-1000x-1014-religion-geolk1|bkg-vg250-krs-2011-01-01","legal_membership_public_law_religious_society;compact_residual_other_none_no_response;no_religion_not_separable;period_boundary_vintage"
"DE","de-kreis-2011-bkg-vg250","kreis","de-kreis-2011-bkg-vg250:06414","06414","Wiesbaden, Landeshauptstadt",2011,269121,"Zensus compact religion table total persons (Insgesamt) for the Kreis and wave. The religion variable RELZG2 records legal membership in a public-law religious society; it is not a belief or attendance measure.",137890,51.24,,,,,,203.82,,,"zensus-2011-1000x-1014-religion-geolk1|bkg-vg250-krs-2011-01-01","legal_membership_public_law_religious_society;compact_residual_other_none_no_response;no_religion_not_separable;period_boundary_vintage"
"DE","de-kreis-2011-bkg-vg250","kreis","de-kreis-2011-bkg-vg250:06431","06431","Bergstraße",2011,260741,"Zensus compact religion table total persons (Insgesamt) for the Kreis and wave. The religion variable RELZG2 records legal membership in a public-law religious society; it is not a belief or attendance measure.",181550,69.63,,,,,,719.2,,,"zensus-2011-1000x-1014-religion-geolk1|bkg-vg250-krs-2011-01-01","legal_membership_public_law_religious_society;compact_residual_other_none_no_response;no_religion_not_separable;period_boundary_vintage"
"DE","de-kreis-2011-bkg-vg250","kreis","de-kreis-2011-bkg-vg250:06432","06432","Darmstadt-Dieburg",2011,282601,"Zensus compact religion table total persons (Insgesamt) for the Kreis and wave. The religion variable RELZG2 records legal membership in a public-law religious society; it is not a belief or attendance measure.",179313,63.45,,,,,,658.15,,,"zensus-2011-1000x-1014-religion-geolk1|bkg-vg250-krs-2011-01-01","legal_membership_public_law_religious_society;compact_residual_other_none_no_response;no_religion_not_separable;period_boundary_vintage"
"DE","de-kreis-2011-bkg-vg250","kreis","de-kreis-2011-bkg-vg250:06433","06433","Groß-Gerau",2011,251050,"Zensus compact religion table total persons (Insgesamt) for the Kreis and wave. The religion variable RELZG2 records legal membership in a public-law religious society; it is not a belief or attendance measure.",130171,51.85,,,,,,453.05,,,"zensus-2011-1000x-1014-religion-geolk1|bkg-vg250-krs-2011-01-01","legal_membership_public_law_religious_society;compact_residual_other_none_no_response;no_religion_not_separable;period_boundary_vintage"
"DE","de-kreis-2011-bkg-vg250","kreis","de-kreis-2011-bkg-vg250:06434","06434","Hochtaunuskreis",2011,226130,"Zensus compact religion table total persons (Insgesamt) for the Kreis and wave. The religion variable RELZG2 records legal membership in a public-law religious society; it is not a belief or attendance measure.",131122,57.99,,,,,,480.94,,,"zensus-2011-1000x-1014-religion-geolk1|bkg-vg250-krs-2011-01-01","legal_membership_public_law_religious_society;compact_residual_other_none_no_response;no_religion_not_separable;period_boundary_vintage"
"DE","de-kreis-2011-bkg-vg250","kreis","de-kreis-2011-bkg-vg250:06435","06435","Main-Kinzig-Kreis",2011,400862,"Zensus compact religion table total persons (Insgesamt) for the Kreis and wave. The religion variable RELZG2 records legal membership in a public-law religious society; it is not a belief or attendance measure.",256854,64.08,,,,,,1397.05,,,"zensus-2011-1000x-1014-religion-geolk1|bkg-vg250-krs-2011-01-01","legal_membership_public_law_religious_society;compact_residual_other_none_no_response;no_religion_not_separable;period_boundary_vintage"
"DE","de-kreis-2011-bkg-vg250","kreis","de-kreis-2011-bkg-vg250:06436","06436","Main-Taunus-Kreis",2011,224059,"Zensus compact religion table total persons (Insgesamt) for the Kreis and wave. The religion variable RELZG2 records legal membership in a public-law religious society; it is not a belief or attendance measure.",131119,58.52,,,,,,221.55,,,"zensus-2011-1000x-1014-religion-geolk1|bkg-vg250-krs-2011-01-01","legal_membership_public_law_religious_society;compact_residual_other_none_no_response;no_religion_not_separable;period_boundary_vintage"
"DE","de-kreis-2011-bkg-vg250","kreis","de-kreis-2011-bkg-vg250:06437","06437","Odenwaldkreis",2011,96613,"Zensus compact religion table total persons (Insgesamt) for the Kreis and wave. The religion variable RELZG2 records legal membership in a public-law religious society; it is not a belief or attendance measure.",65090,67.37,,,,,,624.93,,,"zensus-2011-1000x-1014-religion-geolk1|bkg-vg250-krs-2011-01-01","legal_membership_public_law_religious_society;compact_residual_other_none_no_response;no_religion_not_separable;period_boundary_vintage"
"DE","de-kreis-2011-bkg-vg250","kreis","de-kreis-2011-bkg-vg250:06438","06438","Offenbach",2011,332327,"Zensus compact religion table total persons (Insgesamt) for the Kreis and wave. The religion variable RELZG2 records legal membership in a public-law religious society; it is not a belief or attendance measure.",183056,55.08,,,,,,355.87,,,"zensus-2011-1000x-1014-religion-geolk1|bkg-vg250-krs-2011-01-01","legal_membership_public_law_religious_society;compact_residual_other_none_no_response;no_religion_not_separable;period_boundary_vintage"
"DE","de-kreis-2011-bkg-vg250","kreis","de-kreis-2011-bkg-vg250:06439","06439","Rheingau-Taunus-Kreis",2011,180226,"Zensus compact religion table total persons (Insgesamt) for the Kreis and wave. The religion variable RELZG2 records legal membership in a public-law religious society; it is not a belief or attendance measure.",116529,64.66,,,,,,811.98,,,"zensus-2011-1000x-1014-religion-geolk1|bkg-vg250-krs-2011-01-01","legal_membership_public_law_religious_society;compact_residual_other_none_no_response;no_religion_not_separable;period_boundary_vintage"
"DE","de-kreis-2011-bkg-vg250","kreis","de-kreis-2011-bkg-vg250:06440","06440","Wetteraukreis",2011,292573,"Zensus compact religion table total persons (Insgesamt) for the Kreis and wave. The religion variable RELZG2 records legal membership in a public-law religious society; it is not a belief or attendance measure.",194324,66.42,,,,,,1100.89,,,"zensus-2011-1000x-1014-religion-geolk1|bkg-vg250-krs-2011-01-01","legal_membership_public_law_religious_society;compact_residual_other_none_no_response;no_religion_not_separable;period_boundary_vintage"
"DE","de-kreis-2011-bkg-vg250","kreis","de-kreis-2011-bkg-vg250:06531","06531","Gießen",2011,251238,"Zensus compact religion table total persons (Insgesamt) for the Kreis and wave. The religion variable RELZG2 records legal membership in a public-law religious society; it is not a belief or attendance measure.",172053,68.48,,,,,,855.38,,,"zensus-2011-1000x-1014-religion-geolk1|bkg-vg250-krs-2011-01-01","legal_membership_public_law_religious_society;compact_residual_other_none_no_response;no_religion_not_separable;period_boundary_vintage"
"DE","de-kreis-2011-bkg-vg250","kreis","de-kreis-2011-bkg-vg250:06532","06532","Lahn-Dill-Kreis",2011,253441,"Zensus compact religion table total persons (Insgesamt) for the Kreis and wave. The religion variable RELZG2 records legal membership in a public-law religious society; it is not a belief or attendance measure.",175168,69.12,,,,,,1065.16,,,"zensus-2011-1000x-1014-religion-geolk1|bkg-vg250-krs-2011-01-01","legal_membership_public_law_religious_society;compact_residual_other_none_no_response;no_religion_not_separable;period_boundary_vintage"
"DE","de-kreis-2011-bkg-vg250","kreis","de-kreis-2011-bkg-vg250:06533","06533","Limburg-Weilburg",2011,170696,"Zensus compact religion table total persons (Insgesamt) for the Kreis and wave. The religion variable RELZG2 records legal membership in a public-law religious society; it is not a belief or attendance measure.",128632,75.36,,,,,,739.11,,,"zensus-2011-1000x-1014-religion-geolk1|bkg-vg250-krs-2011-01-01","legal_membership_public_law_religious_society;compact_residual_other_none_no_response;no_religion_not_separable;period_boundary_vintage"
"DE","de-kreis-2011-bkg-vg250","kreis","de-kreis-2011-bkg-vg250:06534","06534","Marburg-Biedenkopf",2011,241226,"Zensus compact religion table total persons (Insgesamt) for the Kreis and wave. The religion variable RELZG2 records legal membership in a public-law religious society; it is not a belief or attendance measure.",174634,72.39,,,,,,1262.08,,,"zensus-2011-1000x-1014-religion-geolk1|bkg-vg250-krs-2011-01-01","legal_membership_public_law_religious_society;compact_residual_other_none_no_response;no_religion_not_separable;period_boundary_vintage"
"DE","de-kreis-2011-bkg-vg250","kreis","de-kreis-2011-bkg-vg250:06535","06535","Vogelsbergkreis",2011,108509,"Zensus compact religion table total persons (Insgesamt) for the Kreis and wave. The religion variable RELZG2 records legal membership in a public-law religious society; it is not a belief or attendance measure.",90365,83.28,,,,,,1457.99,,,"zensus-2011-1000x-1014-religion-geolk1|bkg-vg250-krs-2011-01-01","legal_membership_public_law_religious_society;compact_residual_other_none_no_response;no_religion_not_separable;period_boundary_vintage"
"DE","de-kreis-2011-bkg-vg250","kreis","de-kreis-2011-bkg-vg250:06611","06611","Kassel, documenta-Stadt",2011,190765,"Zensus compact religion table total persons (Insgesamt) for the Kreis and wave. The religion variable RELZG2 records legal membership in a public-law religious society; it is not a belief or attendance measure.",108915,57.09,,,,,,104.54,,,"zensus-2011-1000x-1014-religion-geolk1|bkg-vg250-krs-2011-01-01","legal_membership_public_law_religious_society;compact_residual_other_none_no_response;no_religion_not_separable;period_boundary_vintage"
"DE","de-kreis-2011-bkg-vg250","kreis","de-kreis-2011-bkg-vg250:06631","06631","Fulda",2011,216179,"Zensus compact religion table total persons (Insgesamt) for the Kreis and wave. The religion variable RELZG2 records legal membership in a public-law religious society; it is not a belief or attendance measure.",177819,82.26,,,,,,1382.1,,,"zensus-2011-1000x-1014-religion-geolk1|bkg-vg250-krs-2011-01-01","legal_membership_public_law_religious_society;compact_residual_other_none_no_response;no_religion_not_separable;period_boundary_vintage"
"DE","de-kreis-2011-bkg-vg250","kreis","de-kreis-2011-bkg-vg250:06632","06632","Hersfeld-Rotenburg",2011,120694,"Zensus compact religion table total persons (Insgesamt) for the Kreis and wave. The religion variable RELZG2 records legal membership in a public-law religious society; it is not a belief or attendance measure.",93000,77.05,,,,,,1097.9,,,"zensus-2011-1000x-1014-religion-geolk1|bkg-vg250-krs-2011-01-01","legal_membership_public_law_religious_society;compact_residual_other_none_no_response;no_religion_not_separable;period_boundary_vintage"
"DE","de-kreis-2011-bkg-vg250","kreis","de-kreis-2011-bkg-vg250:06633","06633","Kassel",2011,234933,"Zensus compact religion table total persons (Insgesamt) for the Kreis and wave. The religion variable RELZG2 records legal membership in a public-law religious society; it is not a belief or attendance measure.",172346,73.36,,,,,,1295.12,,,"zensus-2011-1000x-1014-religion-geolk1|bkg-vg250-krs-2011-01-01","legal_membership_public_law_religious_society;compact_residual_other_none_no_response;no_religion_not_separable;period_boundary_vintage"
"DE","de-kreis-2011-bkg-vg250","kreis","de-kreis-2011-bkg-vg250:06634","06634","Schwalm-Eder-Kreis",2011,181851,"Zensus compact religion table total persons (Insgesamt) for the Kreis and wave. The religion variable RELZG2 records legal membership in a public-law religious society; it is not a belief or attendance measure.",145807,80.18,,,,,,1539.49,,,"zensus-2011-1000x-1014-religion-geolk1|bkg-vg250-krs-2011-01-01","legal_membership_public_law_religious_society;compact_residual_other_none_no_response;no_religion_not_separable;period_boundary_vintage"
"DE","de-kreis-2011-bkg-vg250","kreis","de-kreis-2011-bkg-vg250:06635","06635","Waldeck-Frankenberg",2011,158990,"Zensus compact religion table total persons (Insgesamt) for the Kreis and wave. The religion variable RELZG2 records legal membership in a public-law religious society; it is not a belief or attendance measure.",125242,78.77,,,,,,1848.32,,,"zensus-2011-1000x-1014-religion-geolk1|bkg-vg250-krs-2011-01-01","legal_membership_public_law_religious_society;compact_residual_other_none_no_response;no_religion_not_separable;period_boundary_vintage"
"DE","de-kreis-2011-bkg-vg250","kreis","de-kreis-2011-bkg-vg250:06636","06636","Werra-Meißner-Kreis",2011,102124,"Zensus compact religion table total persons (Insgesamt) for the Kreis and wave. The religion variable RELZG2 records legal membership in a public-law religious society; it is not a belief or attendance measure.",80962,79.28,,,,,,1024.89,,,"zensus-2011-1000x-1014-religion-geolk1|bkg-vg250-krs-2011-01-01","legal_membership_public_law_religious_society;compact_residual_other_none_no_response;no_religion_not_separable;period_boundary_vintage"
"DE","de-kreis-2011-bkg-vg250","kreis","de-kreis-2011-bkg-vg250:07111","07111","Koblenz, kreisfreie Stadt",2011,107825,"Zensus compact religion table total persons (Insgesamt) for the Kreis and wave. The religion variable RELZG2 records legal membership in a public-law religious society; it is not a belief or attendance measure.",76349,70.81,,,,,,106.02,,,"zensus-2011-1000x-1014-religion-geolk1|bkg-vg250-krs-2011-01-01","legal_membership_public_law_religious_society;compact_residual_other_none_no_response;no_religion_not_separable;period_boundary_vintage"
"DE","de-kreis-2011-bkg-vg250","kreis","de-kreis-2011-bkg-vg250:07131","07131","Ahrweiler",2011,125883,"Zensus compact religion table total persons (Insgesamt) for the Kreis and wave. The religion variable RELZG2 records legal membership in a public-law religious society; it is not a belief or attendance measure.",97424,77.39,,,,,,786.94,,,"zensus-2011-1000x-1014-religion-geolk1|bkg-vg250-krs-2011-01-01","legal_membership_public_law_religious_society;compact_residual_other_none_no_response;no_religion_not_separable;period_boundary_vintage"
"DE","de-kreis-2011-bkg-vg250","kreis","de-kreis-2011-bkg-vg250:07132","07132","Altenkirchen (Westerwald)",2011,130570,"Zensus compact religion table total persons (Insgesamt) for the Kreis and wave. The religion variable RELZG2 records legal membership in a public-law religious society; it is not a belief or attendance measure.",99481,76.19,,,,,,641.29,,,"zensus-2011-1000x-1014-religion-geolk1|bkg-vg250-krs-2011-01-01","legal_membership_public_law_religious_society;compact_residual_other_none_no_response;no_religion_not_separable;period_boundary_vintage"
"DE","de-kreis-2011-bkg-vg250","kreis","de-kreis-2011-bkg-vg250:07133","07133","Bad Kreuznach",2011,155599,"Zensus compact religion table total persons (Insgesamt) for the Kreis and wave. The religion variable RELZG2 records legal membership in a public-law religious society; it is not a belief or attendance measure.",118218,75.98,,,,,,864.03,,,"zensus-2011-1000x-1014-religion-geolk1|bkg-vg250-krs-2011-01-01","legal_membership_public_law_religious_society;compact_residual_other_none_no_response;no_religion_not_separable;period_boundary_vintage"
"DE","de-kreis-2011-bkg-vg250","kreis","de-kreis-2011-bkg-vg250:07134","07134","Birkenfeld",2011,82778,"Zensus compact religion table total persons (Insgesamt) for the Kreis and wave. The religion variable RELZG2 records legal membership in a public-law religious society; it is not a belief or attendance measure.",64763,78.24,,,,,,777.09,,,"zensus-2011-1000x-1014-religion-geolk1|bkg-vg250-krs-2011-01-01","legal_membership_public_law_religious_society;compact_residual_other_none_no_response;no_religion_not_separable;period_boundary_vintage"
"DE","de-kreis-2011-bkg-vg250","kreis","de-kreis-2011-bkg-vg250:07135","07135","Cochem-Zell",2011,64188,"Zensus compact religion table total persons (Insgesamt) for the Kreis and wave. The religion variable RELZG2 records legal membership in a public-law religious society; it is not a belief or attendance measure.",54073,84.24,,,,,,720.5,,,"zensus-2011-1000x-1014-religion-geolk1|bkg-vg250-krs-2011-01-01","legal_membership_public_law_religious_society;compact_residual_other_none_no_response;no_religion_not_separable;period_boundary_vintage"
"DE","de-kreis-2011-bkg-vg250","kreis","de-kreis-2011-bkg-vg250:07137","07137","Mayen-Koblenz",2011,210307,"Zensus compact religion table total persons (Insgesamt) for the Kreis and wave. The religion variable RELZG2 records legal membership in a public-law religious society; it is not a belief or attendance measure.",164394,78.17,,,,,,816.46,,,"zensus-2011-1000x-1014-religion-geolk1|bkg-vg250-krs-2011-01-01","legal_membership_public_law_religious_society;compact_residual_other_none_no_response;no_religion_not_separable;period_boundary_vintage"
"DE","de-kreis-2011-bkg-vg250","kreis","de-kreis-2011-bkg-vg250:07138","07138","Neuwied",2011,180674,"Zensus compact religion table total persons (Insgesamt) for the Kreis and wave. The religion variable RELZG2 records legal membership in a public-law religious society; it is not a belief or attendance measure.",127762,70.71,,,,,,627.71,,,"zensus-2011-1000x-1014-religion-geolk1|bkg-vg250-krs-2011-01-01","legal_membership_public_law_religious_society;compact_residual_other_none_no_response;no_religion_not_separable;period_boundary_vintage"
"DE","de-kreis-2011-bkg-vg250","kreis","de-kreis-2011-bkg-vg250:07140","07140","Rhein-Hunsrück-Kreis",2011,102323,"Zensus compact religion table total persons (Insgesamt) for the Kreis and wave. The religion variable RELZG2 records legal membership in a public-law religious society; it is not a belief or attendance measure.",83739,81.84,,,,,,963.84,,,"zensus-2011-1000x-1014-religion-geolk1|bkg-vg250-krs-2011-01-01","legal_membership_public_law_religious_society;compact_residual_other_none_no_response;no_religion_not_separable;period_boundary_vintage"
"DE","de-kreis-2011-bkg-vg250","kreis","de-kreis-2011-bkg-vg250:07141","07141","Rhein-Lahn-Kreis",2011,123203,"Zensus compact religion table total persons (Insgesamt) for the Kreis and wave. The religion variable RELZG2 records legal membership in a public-law religious society; it is not a belief or attendance measure.",94328,76.56,,,,,,781.52,,,"zensus-2011-1000x-1014-religion-geolk1|bkg-vg250-krs-2011-01-01","legal_membership_public_law_religious_society;compact_residual_other_none_no_response;no_religion_not_separable;period_boundary_vintage"
"DE","de-kreis-2011-bkg-vg250","kreis","de-kreis-2011-bkg-vg250:07143","07143","Westerwaldkreis",2011,200058,"Zensus compact religion table total persons (Insgesamt) for the Kreis and wave. The religion variable RELZG2 records legal membership in a public-law religious society; it is not a belief or attendance measure.",154237,77.1,,,,,,990.23,,,"zensus-2011-1000x-1014-religion-geolk1|bkg-vg250-krs-2011-01-01","legal_membership_public_law_religious_society;compact_residual_other_none_no_response;no_religion_not_separable;period_boundary_vintage"
"DE","de-kreis-2011-bkg-vg250","kreis","de-kreis-2011-bkg-vg250:07211","07211","Trier, kreisfreie Stadt",2011,105671,"Zensus compact religion table total persons (Insgesamt) for the Kreis and wave. The religion variable RELZG2 records legal membership in a public-law religious society; it is not a belief or attendance measure.",81424,77.05,,,,,,116.13,,,"zensus-2011-1000x-1014-religion-geolk1|bkg-vg250-krs-2011-01-01","legal_membership_public_law_religious_society;compact_residual_other_none_no_response;no_religion_not_separable;period_boundary_vintage"
"DE","de-kreis-2011-bkg-vg250","kreis","de-kreis-2011-bkg-vg250:07231","07231","Bernkastel-Wittlich",2011,112319,"Zensus compact religion table total persons (Insgesamt) for the Kreis and wave. The religion variable RELZG2 records legal membership in a public-law religious society; it is not a belief or attendance measure.",94345,84,,,,,,1178.93,,,"zensus-2011-1000x-1014-religion-geolk1|bkg-vg250-krs-2011-01-01","legal_membership_public_law_religious_society;compact_residual_other_none_no_response;no_religion_not_separable;period_boundary_vintage"
"DE","de-kreis-2011-bkg-vg250","kreis","de-kreis-2011-bkg-vg250:07232","07232","Eifelkreis Bitburg-Prüm",2011,95775,"Zensus compact religion table total persons (Insgesamt) for the Kreis and wave. The religion variable RELZG2 records legal membership in a public-law religious society; it is not a belief or attendance measure.",84269,87.99,,,,,,1625.53,,,"zensus-2011-1000x-1014-religion-geolk1|bkg-vg250-krs-2011-01-01","legal_membership_public_law_religious_society;compact_residual_other_none_no_response;no_religion_not_separable;period_boundary_vintage"
"DE","de-kreis-2011-bkg-vg250","kreis","de-kreis-2011-bkg-vg250:07233","07233","Vulkaneifel",2011,61947,"Zensus compact religion table total persons (Insgesamt) for the Kreis and wave. The religion variable RELZG2 records legal membership in a public-law religious society; it is not a belief or attendance measure.",52419,84.62,,,,,,911.63,,,"zensus-2011-1000x-1014-religion-geolk1|bkg-vg250-krs-2011-01-01","legal_membership_public_law_religious_society;compact_residual_other_none_no_response;no_religion_not_separable;period_boundary_vintage"
"DE","de-kreis-2011-bkg-vg250","kreis","de-kreis-2011-bkg-vg250:07235","07235","Trier-Saarburg",2011,142228,"Zensus compact religion table total persons (Insgesamt) for the Kreis and wave. The religion variable RELZG2 records legal membership in a public-law religious society; it is not a belief or attendance measure.",122740,86.3,,,,,,1094.88,,,"zensus-2011-1000x-1014-religion-geolk1|bkg-vg250-krs-2011-01-01","legal_membership_public_law_religious_society;compact_residual_other_none_no_response;no_religion_not_separable;period_boundary_vintage"
"DE","de-kreis-2011-bkg-vg250","kreis","de-kreis-2011-bkg-vg250:07311","07311","Frankenthal (Pfalz), kreisfreie Stadt",2011,46415,"Zensus compact religion table total persons (Insgesamt) for the Kreis and wave. The religion variable RELZG2 records legal membership in a public-law religious society; it is not a belief or attendance measure.",28820,62.09,,,,,,43.78,,,"zensus-2011-1000x-1014-religion-geolk1|bkg-vg250-krs-2011-01-01","legal_membership_public_law_religious_society;compact_residual_other_none_no_response;no_religion_not_separable;period_boundary_vintage"
"DE","de-kreis-2011-bkg-vg250","kreis","de-kreis-2011-bkg-vg250:07312","07312","Kaiserslautern, kreisfreie Stadt",2011,96340,"Zensus compact religion table total persons (Insgesamt) for the Kreis and wave. The religion variable RELZG2 records legal membership in a public-law religious society; it is not a belief or attendance measure.",66751,69.29,,,,,,140.49,,,"zensus-2011-1000x-1014-religion-geolk1|bkg-vg250-krs-2011-01-01","legal_membership_public_law_religious_society;compact_residual_other_none_no_response;no_religion_not_separable;period_boundary_vintage"
"DE","de-kreis-2011-bkg-vg250","kreis","de-kreis-2011-bkg-vg250:07313","07313","Landau in der Pfalz, kreisfreie Stadt",2011,43361,"Zensus compact religion table total persons (Insgesamt) for the Kreis and wave. The religion variable RELZG2 records legal membership in a public-law religious society; it is not a belief or attendance measure.",31951,73.69,,,,,,83.05,,,"zensus-2011-1000x-1014-religion-geolk1|bkg-vg250-krs-2011-01-01","legal_membership_public_law_religious_society;compact_residual_other_none_no_response;no_religion_not_separable;period_boundary_vintage"
"DE","de-kreis-2011-bkg-vg250","kreis","de-kreis-2011-bkg-vg250:07314","07314","Ludwigshafen am Rhein, kreisfreie Stadt",2011,157584,"Zensus compact religion table total persons (Insgesamt) for the Kreis and wave. The religion variable RELZG2 records legal membership in a public-law religious society; it is not a belief or attendance measure.",86715,55.03,,,,,,77.86,,,"zensus-2011-1000x-1014-religion-geolk1|bkg-vg250-krs-2011-01-01","legal_membership_public_law_religious_society;compact_residual_other_none_no_response;no_religion_not_separable;period_boundary_vintage"
"DE","de-kreis-2011-bkg-vg250","kreis","de-kreis-2011-bkg-vg250:07315","07315","Mainz, kreisfreie Stadt",2011,200344,"Zensus compact religion table total persons (Insgesamt) for the Kreis and wave. The religion variable RELZG2 records legal membership in a public-law religious society; it is not a belief or attendance measure.",121459,60.63,,,,,,97.66,,,"zensus-2011-1000x-1014-religion-geolk1|bkg-vg250-krs-2011-01-01","legal_membership_public_law_religious_society;compact_residual_other_none_no_response;no_religion_not_separable;period_boundary_vintage"
"DE","de-kreis-2011-bkg-vg250","kreis","de-kreis-2011-bkg-vg250:07316","07316","Neustadt an der Weinstraße, kreisfreie Stadt",2011,52164,"Zensus compact religion table total persons (Insgesamt) for the Kreis and wave. The religion variable RELZG2 records legal membership in a public-law religious society; it is not a belief or attendance measure.",37949,72.75,,,,,,117.31,,,"zensus-2011-1000x-1014-religion-geolk1|bkg-vg250-krs-2011-01-01","legal_membership_public_law_religious_society;compact_residual_other_none_no_response;no_religion_not_separable;period_boundary_vintage"
"DE","de-kreis-2011-bkg-vg250","kreis","de-kreis-2011-bkg-vg250:07317","07317","Pirmasens, kreisfreie Stadt",2011,40887,"Zensus compact religion table total persons (Insgesamt) for the Kreis and wave. The religion variable RELZG2 records legal membership in a public-law religious society; it is not a belief or attendance measure.",31947,78.13,,,,,,61.46,,,"zensus-2011-1000x-1014-religion-geolk1|bkg-vg250-krs-2011-01-01","legal_membership_public_law_religious_society;compact_residual_other_none_no_response;no_religion_not_separable;period_boundary_vintage"
"DE","de-kreis-2011-bkg-vg250","kreis","de-kreis-2011-bkg-vg250:07318","07318","Speyer, kreisfreie Stadt",2011,49540,"Zensus compact religion table total persons (Insgesamt) for the Kreis and wave. The religion variable RELZG2 records legal membership in a public-law religious society; it is not a belief or attendance measure.",32357,65.31,,,,,,42.84,,,"zensus-2011-1000x-1014-religion-geolk1|bkg-vg250-krs-2011-01-01","legal_membership_public_law_religious_society;compact_residual_other_none_no_response;no_religion_not_separable;period_boundary_vintage"
"DE","de-kreis-2011-bkg-vg250","kreis","de-kreis-2011-bkg-vg250:07319","07319","Worms, kreisfreie Stadt",2011,79207,"Zensus compact religion table total persons (Insgesamt) for the Kreis and wave. The religion variable RELZG2 records legal membership in a public-law religious society; it is not a belief or attendance measure.",51628,65.18,,,,,,108.75,,,"zensus-2011-1000x-1014-religion-geolk1|bkg-vg250-krs-2011-01-01","legal_membership_public_law_religious_society;compact_residual_other_none_no_response;no_religion_not_separable;period_boundary_vintage"
"DE","de-kreis-2011-bkg-vg250","kreis","de-kreis-2011-bkg-vg250:07320","07320","Zweibrücken, kreisfreie Stadt",2011,34200,"Zensus compact religion table total persons (Insgesamt) for the Kreis and wave. The religion variable RELZG2 records legal membership in a public-law religious society; it is not a belief or attendance measure.",26160,76.49,,,,,,70.84,,,"zensus-2011-1000x-1014-religion-geolk1|bkg-vg250-krs-2011-01-01","legal_membership_public_law_religious_society;compact_residual_other_none_no_response;no_religion_not_separable;period_boundary_vintage"
"DE","de-kreis-2011-bkg-vg250","kreis","de-kreis-2011-bkg-vg250:07331","07331","Alzey-Worms",2011,125112,"Zensus compact religion table total persons (Insgesamt) for the Kreis and wave. The religion variable RELZG2 records legal membership in a public-law religious society; it is not a belief or attendance measure.",89350,71.42,,,,,,587.86,,,"zensus-2011-1000x-1014-religion-geolk1|bkg-vg250-krs-2011-01-01","legal_membership_public_law_religious_society;compact_residual_other_none_no_response;no_religion_not_separable;period_boundary_vintage"
"DE","de-kreis-2011-bkg-vg250","kreis","de-kreis-2011-bkg-vg250:07332","07332","Bad Dürkheim",2011,131085,"Zensus compact religion table total persons (Insgesamt) for the Kreis and wave. The religion variable RELZG2 records legal membership in a public-law religious society; it is not a belief or attendance measure.",93907,71.64,,,,,,594.12,,,"zensus-2011-1000x-1014-religion-geolk1|bkg-vg250-krs-2011-01-01","legal_membership_public_law_religious_society;compact_residual_other_none_no_response;no_religion_not_separable;period_boundary_vintage"
"DE","de-kreis-2011-bkg-vg250","kreis","de-kreis-2011-bkg-vg250:07333","07333","Donnersbergkreis",2011,76032,"Zensus compact religion table total persons (Insgesamt) for the Kreis and wave. The religion variable RELZG2 records legal membership in a public-law religious society; it is not a belief or attendance measure.",57285,75.34,,,,,,644.65,,,"zensus-2011-1000x-1014-religion-geolk1|bkg-vg250-krs-2011-01-01","legal_membership_public_law_religious_society;compact_residual_other_none_no_response;no_religion_not_separable;period_boundary_vintage"
"DE","de-kreis-2011-bkg-vg250","kreis","de-kreis-2011-bkg-vg250:07334","07334","Germersheim",2011,123913,"Zensus compact religion table total persons (Insgesamt) for the Kreis and wave. The religion variable RELZG2 records legal membership in a public-law religious society; it is not a belief or attendance measure.",90209,72.8,,,,,,463.37,,,"zensus-2011-1000x-1014-religion-geolk1|bkg-vg250-krs-2011-01-01","legal_membership_public_law_religious_society;compact_residual_other_none_no_response;no_religion_not_separable;period_boundary_vintage"
"DE","de-kreis-2011-bkg-vg250","kreis","de-kreis-2011-bkg-vg250:07335","07335","Kaiserslautern",2011,105283,"Zensus compact religion table total persons (Insgesamt) for the Kreis and wave. The religion variable RELZG2 records legal membership in a public-law religious society; it is not a belief or attendance measure.",81389,77.3,,,,,,640.44,,,"zensus-2011-1000x-1014-religion-geolk1|bkg-vg250-krs-2011-01-01","legal_membership_public_law_religious_society;compact_residual_other_none_no_response;no_religion_not_separable;period_boundary_vintage"
"DE","de-kreis-2011-bkg-vg250","kreis","de-kreis-2011-bkg-vg250:07336","07336","Kusel",2011,72781,"Zensus compact religion table total persons (Insgesamt) for the Kreis and wave. The religion variable RELZG2 records legal membership in a public-law religious society; it is not a belief or attendance measure.",59794,82.16,,,,,,573.06,,,"zensus-2011-1000x-1014-religion-geolk1|bkg-vg250-krs-2011-01-01","legal_membership_public_law_religious_society;compact_residual_other_none_no_response;no_religion_not_separable;period_boundary_vintage"
"DE","de-kreis-2011-bkg-vg250","kreis","de-kreis-2011-bkg-vg250:07337","07337","Südliche Weinstraße",2011,108244,"Zensus compact religion table total persons (Insgesamt) for the Kreis and wave. The religion variable RELZG2 records legal membership in a public-law religious society; it is not a belief or attendance measure.",86328,79.75,,,,,,639.4,,,"zensus-2011-1000x-1014-religion-geolk1|bkg-vg250-krs-2011-01-01","legal_membership_public_law_religious_society;compact_residual_other_none_no_response;no_religion_not_separable;period_boundary_vintage"
"DE","de-kreis-2011-bkg-vg250","kreis","de-kreis-2011-bkg-vg250:07338","07338","Rhein-Pfalz-Kreis",2011,146870,"Zensus compact religion table total persons (Insgesamt) for the Kreis and wave. The religion variable RELZG2 records legal membership in a public-law religious society; it is not a belief or attendance measure.",102088,69.51,,,,,,304.53,,,"zensus-2011-1000x-1014-religion-geolk1|bkg-vg250-krs-2011-01-01","legal_membership_public_law_religious_society;compact_residual_other_none_no_response;no_religion_not_separable;period_boundary_vintage"
"DE","de-kreis-2011-bkg-vg250","kreis","de-kreis-2011-bkg-vg250:07339","07339","Mainz-Bingen",2011,200672,"Zensus compact religion table total persons (Insgesamt) for the Kreis and wave. The religion variable RELZG2 records legal membership in a public-law religious society; it is not a belief or attendance measure.",141604,70.56,,,,,,605.54,,,"zensus-2011-1000x-1014-religion-geolk1|bkg-vg250-krs-2011-01-01","legal_membership_public_law_religious_society;compact_residual_other_none_no_response;no_religion_not_separable;period_boundary_vintage"
"DE","de-kreis-2011-bkg-vg250","kreis","de-kreis-2011-bkg-vg250:07340","07340","Südwestpfalz",2011,98426,"Zensus compact religion table total persons (Insgesamt) for the Kreis and wave. The religion variable RELZG2 records legal membership in a public-law religious society; it is not a belief or attendance measure.",84462,85.81,,,,,,954.43,,,"zensus-2011-1000x-1014-religion-geolk1|bkg-vg250-krs-2011-01-01","legal_membership_public_law_religious_society;compact_residual_other_none_no_response;no_religion_not_separable;period_boundary_vintage"
"DE","de-kreis-2011-bkg-vg250","kreis","de-kreis-2011-bkg-vg250:08111","08111","Stuttgart",2011,585890,"Zensus compact religion table total persons (Insgesamt) for the Kreis and wave. The religion variable RELZG2 records legal membership in a public-law religious society; it is not a belief or attendance measure.",312431,53.33,,,,,,209.95,,,"zensus-2011-1000x-1014-religion-geolk1|bkg-vg250-krs-2011-01-01","legal_membership_public_law_religious_society;compact_residual_other_none_no_response;no_religion_not_separable;period_boundary_vintage"
"DE","de-kreis-2011-bkg-vg250","kreis","de-kreis-2011-bkg-vg250:08115","08115","Böblingen",2011,363950,"Zensus compact religion table total persons (Insgesamt) for the Kreis and wave. The religion variable RELZG2 records legal membership in a public-law religious society; it is not a belief or attendance measure.",225752,62.03,,,,,,617.92,,,"zensus-2011-1000x-1014-religion-geolk1|bkg-vg250-krs-2011-01-01","legal_membership_public_law_religious_society;compact_residual_other_none_no_response;no_religion_not_separable;period_boundary_vintage"
"DE","de-kreis-2011-bkg-vg250","kreis","de-kreis-2011-bkg-vg250:08116","08116","Esslingen",2011,502892,"Zensus compact religion table total persons (Insgesamt) for the Kreis and wave. The religion variable RELZG2 records legal membership in a public-law religious society; it is not a belief or attendance measure.",317035,63.04,,,,,,639.73,,,"zensus-2011-1000x-1014-religion-geolk1|bkg-vg250-krs-2011-01-01","legal_membership_public_law_religious_society;compact_residual_other_none_no_response;no_religion_not_separable;period_boundary_vintage"
"DE","de-kreis-2011-bkg-vg250","kreis","de-kreis-2011-bkg-vg250:08117","08117","Göppingen",2011,247408,"Zensus compact religion table total persons (Insgesamt) for the Kreis and wave. The religion variable RELZG2 records legal membership in a public-law religious society; it is not a belief or attendance measure.",171617,69.37,,,,,,642.5,,,"zensus-2011-1000x-1014-religion-geolk1|bkg-vg250-krs-2011-01-01","legal_membership_public_law_religious_society;compact_residual_other_none_no_response;no_religion_not_separable;period_boundary_vintage"
"DE","de-kreis-2011-bkg-vg250","kreis","de-kreis-2011-bkg-vg250:08118","08118","Ludwigsburg",2011,509871,"Zensus compact religion table total persons (Insgesamt) for the Kreis and wave. The religion variable RELZG2 records legal membership in a public-law religious society; it is not a belief or attendance measure.",318160,62.4,,,,,,686.65,,,"zensus-2011-1000x-1014-religion-geolk1|bkg-vg250-krs-2011-01-01","legal_membership_public_law_religious_society;compact_residual_other_none_no_response;no_religion_not_separable;period_boundary_vintage"
"DE","de-kreis-2011-bkg-vg250","kreis","de-kreis-2011-bkg-vg250:08119","08119","Rems-Murr-Kreis",2011,406874,"Zensus compact religion table total persons (Insgesamt) for the Kreis and wave. The religion variable RELZG2 records legal membership in a public-law religious society; it is not a belief or attendance measure.",263887,64.86,,,,,,857.49,,,"zensus-2011-1000x-1014-religion-geolk1|bkg-vg250-krs-2011-01-01","legal_membership_public_law_religious_society;compact_residual_other_none_no_response;no_religion_not_separable;period_boundary_vintage"
"DE","de-kreis-2011-bkg-vg250","kreis","de-kreis-2011-bkg-vg250:08121","08121","Heilbronn, Stadtkreis",2011,116059,"Zensus compact religion table total persons (Insgesamt) for the Kreis and wave. The religion variable RELZG2 records legal membership in a public-law religious society; it is not a belief or attendance measure.",68401,58.94,,,,,,100.53,,,"zensus-2011-1000x-1014-religion-geolk1|bkg-vg250-krs-2011-01-01","legal_membership_public_law_religious_society;compact_residual_other_none_no_response;no_religion_not_separable;period_boundary_vintage"
"DE","de-kreis-2011-bkg-vg250","kreis","de-kreis-2011-bkg-vg250:08125","08125","Heilbronn, Landkreis",2011,322811,"Zensus compact religion table total persons (Insgesamt) for the Kreis and wave. The religion variable RELZG2 records legal membership in a public-law religious society; it is not a belief or attendance measure.",226511,70.17,,,,,,1098.97,,,"zensus-2011-1000x-1014-religion-geolk1|bkg-vg250-krs-2011-01-01","legal_membership_public_law_religious_society;compact_residual_other_none_no_response;no_religion_not_separable;period_boundary_vintage"
"DE","de-kreis-2011-bkg-vg250","kreis","de-kreis-2011-bkg-vg250:08126","08126","Hohenlohekreis",2011,107279,"Zensus compact religion table total persons (Insgesamt) for the Kreis and wave. The religion variable RELZG2 records legal membership in a public-law religious society; it is not a belief or attendance measure.",82035,76.47,,,,,,777.11,,,"zensus-2011-1000x-1014-religion-geolk1|bkg-vg250-krs-2011-01-01","legal_membership_public_law_religious_society;compact_residual_other_none_no_response;no_religion_not_separable;period_boundary_vintage"
"DE","de-kreis-2011-bkg-vg250","kreis","de-kreis-2011-bkg-vg250:08127","08127","Schwäbisch Hall",2011,186355,"Zensus compact religion table total persons (Insgesamt) for the Kreis and wave. The religion variable RELZG2 records legal membership in a public-law religious society; it is not a belief or attendance measure.",142825,76.64,,,,,,1484.06,,,"zensus-2011-1000x-1014-religion-geolk1|bkg-vg250-krs-2011-01-01","legal_membership_public_law_religious_society;compact_residual_other_none_no_response;no_religion_not_separable;period_boundary_vintage"
"DE","de-kreis-2011-bkg-vg250","kreis","de-kreis-2011-bkg-vg250:08128","08128","Main-Tauber-Kreis",2011,130624,"Zensus compact religion table total persons (Insgesamt) for the Kreis and wave. The religion variable RELZG2 records legal membership in a public-law religious society; it is not a belief or attendance measure.",109431,83.78,,,,,,1305.09,,,"zensus-2011-1000x-1014-religion-geolk1|bkg-vg250-krs-2011-01-01","legal_membership_public_law_religious_society;compact_residual_other_none_no_response;no_religion_not_separable;period_boundary_vintage"
"DE","de-kreis-2011-bkg-vg250","kreis","de-kreis-2011-bkg-vg250:08135","08135","Heidenheim",2011,127816,"Zensus compact religion table total persons (Insgesamt) for the Kreis and wave. The religion variable RELZG2 records legal membership in a public-law religious society; it is not a belief or attendance measure.",93313,73.01,,,,,,627.4,,,"zensus-2011-1000x-1014-religion-geolk1|bkg-vg250-krs-2011-01-01","legal_membership_public_law_religious_society;compact_residual_other_none_no_response;no_religion_not_separable;period_boundary_vintage"
"DE","de-kreis-2011-bkg-vg250","kreis","de-kreis-2011-bkg-vg250:08136","08136","Ostalbkreis",2011,306530,"Zensus compact religion table total persons (Insgesamt) for the Kreis and wave. The religion variable RELZG2 records legal membership in a public-law religious society; it is not a belief or attendance measure.",238464,77.79,,,,,,1510.08,,,"zensus-2011-1000x-1014-religion-geolk1|bkg-vg250-krs-2011-01-01","legal_membership_public_law_religious_society;compact_residual_other_none_no_response;no_religion_not_separable;period_boundary_vintage"
"DE","de-kreis-2011-bkg-vg250","kreis","de-kreis-2011-bkg-vg250:08211","08211","Baden-Baden",2011,52314,"Zensus compact religion table total persons (Insgesamt) for the Kreis and wave. The religion variable RELZG2 records legal membership in a public-law religious society; it is not a belief or attendance measure.",34652,66.24,,,,,,140.22,,,"zensus-2011-1000x-1014-religion-geolk1|bkg-vg250-krs-2011-01-01","legal_membership_public_law_religious_society;compact_residual_other_none_no_response;no_religion_not_separable;period_boundary_vintage"
"DE","de-kreis-2011-bkg-vg250","kreis","de-kreis-2011-bkg-vg250:08212","08212","Karlsruhe, Stadtkreis",2011,289173,"Zensus compact religion table total persons (Insgesamt) for the Kreis and wave. The religion variable RELZG2 records legal membership in a public-law religious society; it is not a belief or attendance measure.",178807,61.83,,,,,,174.08,,,"zensus-2011-1000x-1014-religion-geolk1|bkg-vg250-krs-2011-01-01","legal_membership_public_law_religious_society;compact_residual_other_none_no_response;no_religion_not_separable;period_boundary_vintage"
"DE","de-kreis-2011-bkg-vg250","kreis","de-kreis-2011-bkg-vg250:08215","08215","Karlsruhe, Landkreis",2011,424122,"Zensus compact religion table total persons (Insgesamt) for the Kreis and wave. The religion variable RELZG2 records legal membership in a public-law religious society; it is not a belief or attendance measure.",310361,73.18,,,,,,1084.33,,,"zensus-2011-1000x-1014-religion-geolk1|bkg-vg250-krs-2011-01-01","legal_membership_public_law_religious_society;compact_residual_other_none_no_response;no_religion_not_separable;period_boundary_vintage"
"DE","de-kreis-2011-bkg-vg250","kreis","de-kreis-2011-bkg-vg250:08216","08216","Rastatt",2011,222324,"Zensus compact religion table total persons (Insgesamt) for the Kreis and wave. The religion variable RELZG2 records legal membership in a public-law religious society; it is not a belief or attendance measure.",165720,74.54,,,,,,738.76,,,"zensus-2011-1000x-1014-religion-geolk1|bkg-vg250-krs-2011-01-01","legal_membership_public_law_religious_society;compact_residual_other_none_no_response;no_religion_not_separable;period_boundary_vintage"
"DE","de-kreis-2011-bkg-vg250","kreis","de-kreis-2011-bkg-vg250:08221","08221","Heidelberg",2011,146751,"Zensus compact religion table total persons (Insgesamt) for the Kreis and wave. The religion variable RELZG2 records legal membership in a public-law religious society; it is not a belief or attendance measure.",86006,58.61,,,,,,109.26,,,"zensus-2011-1000x-1014-religion-geolk1|bkg-vg250-krs-2011-01-01","legal_membership_public_law_religious_society;compact_residual_other_none_no_response;no_religion_not_separable;period_boundary_vintage"
"DE","de-kreis-2011-bkg-vg250","kreis","de-kreis-2011-bkg-vg250:08222","08222","Mannheim",2011,290117,"Zensus compact religion table total persons (Insgesamt) for the Kreis and wave. The religion variable RELZG2 records legal membership in a public-law religious society; it is not a belief or attendance measure.",163289,56.28,,,,,,145.19,,,"zensus-2011-1000x-1014-religion-geolk1|bkg-vg250-krs-2011-01-01","legal_membership_public_law_religious_society;compact_residual_other_none_no_response;no_religion_not_separable;period_boundary_vintage"
"DE","de-kreis-2011-bkg-vg250","kreis","de-kreis-2011-bkg-vg250:08225","08225","Neckar-Odenwald-Kreis",2011,142810,"Zensus compact religion table total persons (Insgesamt) for the Kreis and wave. The religion variable RELZG2 records legal membership in a public-law religious society; it is not a belief or attendance measure.",116571,81.63,,,,,,1125.56,,,"zensus-2011-1000x-1014-religion-geolk1|bkg-vg250-krs-2011-01-01","legal_membership_public_law_religious_society;compact_residual_other_none_no_response;no_religion_not_separable;period_boundary_vintage"
"DE","de-kreis-2011-bkg-vg250","kreis","de-kreis-2011-bkg-vg250:08226","08226","Rhein-Neckar-Kreis",2011,524040,"Zensus compact religion table total persons (Insgesamt) for the Kreis and wave. The religion variable RELZG2 records legal membership in a public-law religious society; it is not a belief or attendance measure.",361668,69.02,,,,,,1060.59,,,"zensus-2011-1000x-1014-religion-geolk1|bkg-vg250-krs-2011-01-01","legal_membership_public_law_religious_society;compact_residual_other_none_no_response;no_religion_not_separable;period_boundary_vintage"
"DE","de-kreis-2011-bkg-vg250","kreis","de-kreis-2011-bkg-vg250:08231","08231","Pforzheim",2011,114411,"Zensus compact religion table total persons (Insgesamt) for the Kreis and wave. The religion variable RELZG2 records legal membership in a public-law religious society; it is not a belief or attendance measure.",68806,60.14,,,,,,98.46,,,"zensus-2011-1000x-1014-religion-geolk1|bkg-vg250-krs-2011-01-01","legal_membership_public_law_religious_society;compact_residual_other_none_no_response;no_religion_not_separable;period_boundary_vintage"
"DE","de-kreis-2011-bkg-vg250","kreis","de-kreis-2011-bkg-vg250:08235","08235","Calw",2011,151048,"Zensus compact religion table total persons (Insgesamt) for the Kreis and wave. The religion variable RELZG2 records legal membership in a public-law religious society; it is not a belief or attendance measure.",104713,69.32,,,,,,796.63,,,"zensus-2011-1000x-1014-religion-geolk1|bkg-vg250-krs-2011-01-01","legal_membership_public_law_religious_society;compact_residual_other_none_no_response;no_religion_not_separable;period_boundary_vintage"
"DE","de-kreis-2011-bkg-vg250","kreis","de-kreis-2011-bkg-vg250:08236","08236","Enzkreis",2011,191354,"Zensus compact religion table total persons (Insgesamt) for the Kreis and wave. The religion variable RELZG2 records legal membership in a public-law religious society; it is not a belief or attendance measure.",133356,69.69,,,,,,573.16,,,"zensus-2011-1000x-1014-religion-geolk1|bkg-vg250-krs-2011-01-01","legal_membership_public_law_religious_society;compact_residual_other_none_no_response;no_religion_not_separable;period_boundary_vintage"
"DE","de-kreis-2011-bkg-vg250","kreis","de-kreis-2011-bkg-vg250:08237","08237","Freudenstadt",2011,115973,"Zensus compact religion table total persons (Insgesamt) for the Kreis and wave. The religion variable RELZG2 records legal membership in a public-law religious society; it is not a belief or attendance measure.",86221,74.35,,,,,,871.37,,,"zensus-2011-1000x-1014-religion-geolk1|bkg-vg250-krs-2011-01-01","legal_membership_public_law_religious_society;compact_residual_other_none_no_response;no_religion_not_separable;period_boundary_vintage"
"DE","de-kreis-2011-bkg-vg250","kreis","de-kreis-2011-bkg-vg250:08311","08311","Freiburg im Breisgau",2011,209628,"Zensus compact religion table total persons (Insgesamt) for the Kreis and wave. The religion variable RELZG2 records legal membership in a public-law religious society; it is not a belief or attendance measure.",130600,62.3,,,,,,154.32,,,"zensus-2011-1000x-1014-religion-geolk1|bkg-vg250-krs-2011-01-01","legal_membership_public_law_religious_society;compact_residual_other_none_no_response;no_religion_not_separable;period_boundary_vintage"
"DE","de-kreis-2011-bkg-vg250","kreis","de-kreis-2011-bkg-vg250:08315","08315","Breisgau-Hochschwarzwald",2011,247281,"Zensus compact religion table total persons (Insgesamt) for the Kreis and wave. The religion variable RELZG2 records legal membership in a public-law religious society; it is not a belief or attendance measure.",183253,74.11,,,,,,1376.66,,,"zensus-2011-1000x-1014-religion-geolk1|bkg-vg250-krs-2011-01-01","legal_membership_public_law_religious_society;compact_residual_other_none_no_response;no_religion_not_separable;period_boundary_vintage"
"DE","de-kreis-2011-bkg-vg250","kreis","de-kreis-2011-bkg-vg250:08316","08316","Emmendingen",2011,156453,"Zensus compact religion table total persons (Insgesamt) for the Kreis and wave. The religion variable RELZG2 records legal membership in a public-law religious society; it is not a belief or attendance measure.",120534,77.04,,,,,,680.46,,,"zensus-2011-1000x-1014-religion-geolk1|bkg-vg250-krs-2011-01-01","legal_membership_public_law_religious_society;compact_residual_other_none_no_response;no_religion_not_separable;period_boundary_vintage"
"DE","de-kreis-2011-bkg-vg250","kreis","de-kreis-2011-bkg-vg250:08317","08317","Ortenaukreis",2011,410202,"Zensus compact religion table total persons (Insgesamt) for the Kreis and wave. The religion variable RELZG2 records legal membership in a public-law religious society; it is not a belief or attendance measure.",325352,79.32,,,,,,1859.54,,,"zensus-2011-1000x-1014-religion-geolk1|bkg-vg250-krs-2011-01-01","legal_membership_public_law_religious_society;compact_residual_other_none_no_response;no_religion_not_separable;period_boundary_vintage"
"DE","de-kreis-2011-bkg-vg250","kreis","de-kreis-2011-bkg-vg250:08325","08325","Rottweil",2011,136479,"Zensus compact religion table total persons (Insgesamt) for the Kreis and wave. The religion variable RELZG2 records legal membership in a public-law religious society; it is not a belief or attendance measure.",107099,78.47,,,,,,769.66,,,"zensus-2011-1000x-1014-religion-geolk1|bkg-vg250-krs-2011-01-01","legal_membership_public_law_religious_society;compact_residual_other_none_no_response;no_religion_not_separable;period_boundary_vintage"
"DE","de-kreis-2011-bkg-vg250","kreis","de-kreis-2011-bkg-vg250:08326","08326","Schwarzwald-Baar-Kreis",2011,203967,"Zensus compact religion table total persons (Insgesamt) for the Kreis and wave. The religion variable RELZG2 records legal membership in a public-law religious society; it is not a belief or attendance measure.",147950,72.54,,,,,,1025.98,,,"zensus-2011-1000x-1014-religion-geolk1|bkg-vg250-krs-2011-01-01","legal_membership_public_law_religious_society;compact_residual_other_none_no_response;no_religion_not_separable;period_boundary_vintage"
"DE","de-kreis-2011-bkg-vg250","kreis","de-kreis-2011-bkg-vg250:08327","08327","Tuttlingen",2011,132214,"Zensus compact religion table total persons (Insgesamt) for the Kreis and wave. The religion variable RELZG2 records legal membership in a public-law religious society; it is not a belief or attendance measure.",98007,74.13,,,,,,733.8,,,"zensus-2011-1000x-1014-religion-geolk1|bkg-vg250-krs-2011-01-01","legal_membership_public_law_religious_society;compact_residual_other_none_no_response;no_religion_not_separable;period_boundary_vintage"
"DE","de-kreis-2011-bkg-vg250","kreis","de-kreis-2011-bkg-vg250:08335","08335","Konstanz",2011,266964,"Zensus compact religion table total persons (Insgesamt) for the Kreis and wave. The religion variable RELZG2 records legal membership in a public-law religious society; it is not a belief or attendance measure.",182037,68.19,,,,,,817.8,,,"zensus-2011-1000x-1014-religion-geolk1|bkg-vg250-krs-2011-01-01","legal_membership_public_law_religious_society;compact_residual_other_none_no_response;no_religion_not_separable;period_boundary_vintage"
"DE","de-kreis-2011-bkg-vg250","kreis","de-kreis-2011-bkg-vg250:08336","08336","Lörrach",2011,219002,"Zensus compact religion table total persons (Insgesamt) for the Kreis and wave. The religion variable RELZG2 records legal membership in a public-law religious society; it is not a belief or attendance measure.",146346,66.82,,,,,,807.26,,,"zensus-2011-1000x-1014-religion-geolk1|bkg-vg250-krs-2011-01-01","legal_membership_public_law_religious_society;compact_residual_other_none_no_response;no_religion_not_separable;period_boundary_vintage"
"DE","de-kreis-2011-bkg-vg250","kreis","de-kreis-2011-bkg-vg250:08337","08337","Waldshut",2011,163135,"Zensus compact religion table total persons (Insgesamt) for the Kreis and wave. The religion variable RELZG2 records legal membership in a public-law religious society; it is not a belief or attendance measure.",121455,74.45,,,,,,1131.11,,,"zensus-2011-1000x-1014-religion-geolk1|bkg-vg250-krs-2011-01-01","legal_membership_public_law_religious_society;compact_residual_other_none_no_response;no_religion_not_separable;period_boundary_vintage"
"DE","de-kreis-2011-bkg-vg250","kreis","de-kreis-2011-bkg-vg250:08415","08415","Reutlingen",2011,273352,"Zensus compact religion table total persons (Insgesamt) for the Kreis and wave. The religion variable RELZG2 records legal membership in a public-law religious society; it is not a belief or attendance measure.",188485,68.95,,,,,,1092.29,,,"zensus-2011-1000x-1014-religion-geolk1|bkg-vg250-krs-2011-01-01","legal_membership_public_law_religious_society;compact_residual_other_none_no_response;no_religion_not_separable;period_boundary_vintage"
"DE","de-kreis-2011-bkg-vg250","kreis","de-kreis-2011-bkg-vg250:08416","08416","Tübingen",2011,211951,"Zensus compact religion table total persons (Insgesamt) for the Kreis and wave. The religion variable RELZG2 records legal membership in a public-law religious society; it is not a belief or attendance measure.",145130,68.47,,,,,,519.63,,,"zensus-2011-1000x-1014-religion-geolk1|bkg-vg250-krs-2011-01-01","legal_membership_public_law_religious_society;compact_residual_other_none_no_response;no_religion_not_separable;period_boundary_vintage"
"DE","de-kreis-2011-bkg-vg250","kreis","de-kreis-2011-bkg-vg250:08417","08417","Zollernalbkreis",2011,185560,"Zensus compact religion table total persons (Insgesamt) for the Kreis and wave. The religion variable RELZG2 records legal membership in a public-law religious society; it is not a belief or attendance measure.",143223,77.18,,,,,,917.09,,,"zensus-2011-1000x-1014-religion-geolk1|bkg-vg250-krs-2011-01-01","legal_membership_public_law_religious_society;compact_residual_other_none_no_response;no_religion_not_separable;period_boundary_vintage"
"DE","de-kreis-2011-bkg-vg250","kreis","de-kreis-2011-bkg-vg250:08421","08421","Ulm",2011,116761,"Zensus compact religion table total persons (Insgesamt) for the Kreis and wave. The religion variable RELZG2 records legal membership in a public-law religious society; it is not a belief or attendance measure.",71823,61.51,,,,,,119.39,,,"zensus-2011-1000x-1014-religion-geolk1|bkg-vg250-krs-2011-01-01","legal_membership_public_law_religious_society;compact_residual_other_none_no_response;no_religion_not_separable;period_boundary_vintage"
"DE","de-kreis-2011-bkg-vg250","kreis","de-kreis-2011-bkg-vg250:08425","08425","Alb-Donau-Kreis",2011,186192,"Zensus compact religion table total persons (Insgesamt) for the Kreis and wave. The religion variable RELZG2 records legal membership in a public-law religious society; it is not a belief or attendance measure.",143144,76.88,,,,,,1357.32,,,"zensus-2011-1000x-1014-religion-geolk1|bkg-vg250-krs-2011-01-01","legal_membership_public_law_religious_society;compact_residual_other_none_no_response;no_religion_not_separable;period_boundary_vintage"
"DE","de-kreis-2011-bkg-vg250","kreis","de-kreis-2011-bkg-vg250:08426","08426","Biberach",2011,187444,"Zensus compact religion table total persons (Insgesamt) for the Kreis and wave. The religion variable RELZG2 records legal membership in a public-law religious society; it is not a belief or attendance measure.",153087,81.67,,,,,,1409.69,,,"zensus-2011-1000x-1014-religion-geolk1|bkg-vg250-krs-2011-01-01","legal_membership_public_law_religious_society;compact_residual_other_none_no_response;no_religion_not_separable;period_boundary_vintage"
"DE","de-kreis-2011-bkg-vg250","kreis","de-kreis-2011-bkg-vg250:08435","08435","Bodenseekreis",2011,204083,"Zensus compact religion table total persons (Insgesamt) for the Kreis and wave. The religion variable RELZG2 records legal membership in a public-law religious society; it is not a belief or attendance measure.",142423,69.79,,,,,,665.46,,,"zensus-2011-1000x-1014-religion-geolk1|bkg-vg250-krs-2011-01-01","legal_membership_public_law_religious_society;compact_residual_other_none_no_response;no_religion_not_separable;period_boundary_vintage"
"DE","de-kreis-2011-bkg-vg250","kreis","de-kreis-2011-bkg-vg250:08436","08436","Ravensburg",2011,269595,"Zensus compact religion table total persons (Insgesamt) for the Kreis and wave. The religion variable RELZG2 records legal membership in a public-law religious society; it is not a belief or attendance measure.",210047,77.91,,,,,,1631.95,,,"zensus-2011-1000x-1014-religion-geolk1|bkg-vg250-krs-2011-01-01","legal_membership_public_law_religious_society;compact_residual_other_none_no_response;no_religion_not_separable;period_boundary_vintage"
"DE","de-kreis-2011-bkg-vg250","kreis","de-kreis-2011-bkg-vg250:08437","08437","Sigmaringen",2011,127601,"Zensus compact religion table total persons (Insgesamt) for the Kreis and wave. The religion variable RELZG2 records legal membership in a public-law religious society; it is not a belief or attendance measure.",102126,80.04,,,,,,1204.63,,,"zensus-2011-1000x-1014-religion-geolk1|bkg-vg250-krs-2011-01-01","legal_membership_public_law_religious_society;compact_residual_other_none_no_response;no_religion_not_separable;period_boundary_vintage"
"DE","de-kreis-2011-bkg-vg250","kreis","de-kreis-2011-bkg-vg250:09161","09161","Ingolstadt",2011,124927,"Zensus compact religion table total persons (Insgesamt) for the Kreis and wave. The religion variable RELZG2 records legal membership in a public-law religious society; it is not a belief or attendance measure.",84450,67.6,,,,,,133.54,,,"zensus-2011-1000x-1014-religion-geolk1|bkg-vg250-krs-2011-01-01","legal_membership_public_law_religious_society;compact_residual_other_none_no_response;no_religion_not_separable;period_boundary_vintage"
"DE","de-kreis-2011-bkg-vg250","kreis","de-kreis-2011-bkg-vg250:09162","09162","München, Landeshauptstadt",2011,1348335,"Zensus compact religion table total persons (Insgesamt) for the Kreis and wave. The religion variable RELZG2 records legal membership in a public-law religious society; it is not a belief or attendance measure.",679630,50.41,,,,,,311.28,,,"zensus-2011-1000x-1014-religion-geolk1|bkg-vg250-krs-2011-01-01","legal_membership_public_law_religious_society;compact_residual_other_none_no_response;no_religion_not_separable;period_boundary_vintage"
"DE","de-kreis-2011-bkg-vg250","kreis","de-kreis-2011-bkg-vg250:09163","09163","Rosenheim, Kreisfreie Stadt",2011,59329,"Zensus compact religion table total persons (Insgesamt) for the Kreis and wave. The religion variable RELZG2 records legal membership in a public-law religious society; it is not a belief or attendance measure.",37568,63.32,,,,,,36.43,,,"zensus-2011-1000x-1014-religion-geolk1|bkg-vg250-krs-2011-01-01","legal_membership_public_law_religious_society;compact_residual_other_none_no_response;no_religion_not_separable;period_boundary_vintage"
"DE","de-kreis-2011-bkg-vg250","kreis","de-kreis-2011-bkg-vg250:09171","09171","Altötting",2011,106023,"Zensus compact religion table total persons (Insgesamt) for the Kreis and wave. The religion variable RELZG2 records legal membership in a public-law religious society; it is not a belief or attendance measure.",85946,81.06,,,,,,569.36,,,"zensus-2011-1000x-1014-religion-geolk1|bkg-vg250-krs-2011-01-01","legal_membership_public_law_religious_society;compact_residual_other_none_no_response;no_religion_not_separable;period_boundary_vintage"
"DE","de-kreis-2011-bkg-vg250","kreis","de-kreis-2011-bkg-vg250:09172","09172","Berchtesgadener Land",2011,100827,"Zensus compact religion table total persons (Insgesamt) for the Kreis and wave. The religion variable RELZG2 records legal membership in a public-law religious society; it is not a belief or attendance measure.",77645,77.01,,,,,,839.49,,,"zensus-2011-1000x-1014-religion-geolk1|bkg-vg250-krs-2011-01-01","legal_membership_public_law_religious_society;compact_residual_other_none_no_response;no_religion_not_separable;period_boundary_vintage"
"DE","de-kreis-2011-bkg-vg250","kreis","de-kreis-2011-bkg-vg250:09173","09173","Bad Tölz-Wolfratshausen",2011,119178,"Zensus compact religion table total persons (Insgesamt) for the Kreis and wave. The religion variable RELZG2 records legal membership in a public-law religious society; it is not a belief or attendance measure.",85051,71.36,,,,,,1111.78,,,"zensus-2011-1000x-1014-religion-geolk1|bkg-vg250-krs-2011-01-01","legal_membership_public_law_religious_society;compact_residual_other_none_no_response;no_religion_not_separable;period_boundary_vintage"
"DE","de-kreis-2011-bkg-vg250","kreis","de-kreis-2011-bkg-vg250:09174","09174","Dachau",2011,138697,"Zensus compact religion table total persons (Insgesamt) for the Kreis and wave. The religion variable RELZG2 records legal membership in a public-law religious society; it is not a belief or attendance measure.",92881,66.97,,,,,,579.48,,,"zensus-2011-1000x-1014-religion-geolk1|bkg-vg250-krs-2011-01-01","legal_membership_public_law_religious_society;compact_residual_other_none_no_response;no_religion_not_separable;period_boundary_vintage"
"DE","de-kreis-2011-bkg-vg250","kreis","de-kreis-2011-bkg-vg250:09175","09175","Ebersberg",2011,127568,"Zensus compact religion table total persons (Insgesamt) for the Kreis and wave. The religion variable RELZG2 records legal membership in a public-law religious society; it is not a belief or attendance measure.",86193,67.57,,,,,,549.8,,,"zensus-2011-1000x-1014-religion-geolk1|bkg-vg250-krs-2011-01-01","legal_membership_public_law_religious_society;compact_residual_other_none_no_response;no_religion_not_separable;period_boundary_vintage"
"DE","de-kreis-2011-bkg-vg250","kreis","de-kreis-2011-bkg-vg250:09176","09176","Eichstätt",2011,123421,"Zensus compact religion table total persons (Insgesamt) for the Kreis and wave. The religion variable RELZG2 records legal membership in a public-law religious society; it is not a belief or attendance measure.",103523,83.88,,,,,,1214.12,,,"zensus-2011-1000x-1014-religion-geolk1|bkg-vg250-krs-2011-01-01","legal_membership_public_law_religious_society;compact_residual_other_none_no_response;no_religion_not_separable;period_boundary_vintage"
"DE","de-kreis-2011-bkg-vg250","kreis","de-kreis-2011-bkg-vg250:09177","09177","Erding",2011,125706,"Zensus compact religion table total persons (Insgesamt) for the Kreis and wave. The religion variable RELZG2 records legal membership in a public-law religious society; it is not a belief or attendance measure.",91933,73.13,,,,,,870.84,,,"zensus-2011-1000x-1014-religion-geolk1|bkg-vg250-krs-2011-01-01","legal_membership_public_law_religious_society;compact_residual_other_none_no_response;no_religion_not_separable;period_boundary_vintage"
"DE","de-kreis-2011-bkg-vg250","kreis","de-kreis-2011-bkg-vg250:09178","09178","Freising",2011,162818,"Zensus compact religion table total persons (Insgesamt) for the Kreis and wave. The religion variable RELZG2 records legal membership in a public-law religious society; it is not a belief or attendance measure.",108336,66.54,,,,,,798.62,,,"zensus-2011-1000x-1014-religion-geolk1|bkg-vg250-krs-2011-01-01","legal_membership_public_law_religious_society;compact_residual_other_none_no_response;no_religion_not_separable;period_boundary_vintage"
"DE","de-kreis-2011-bkg-vg250","kreis","de-kreis-2011-bkg-vg250:09179","09179","Fürstenfeldbruck",2011,201597,"Zensus compact religion table total persons (Insgesamt) for the Kreis and wave. The religion variable RELZG2 records legal membership in a public-law religious society; it is not a belief or attendance measure.",128550,63.77,,,,,,434.79,,,"zensus-2011-1000x-1014-religion-geolk1|bkg-vg250-krs-2011-01-01","legal_membership_public_law_religious_society;compact_residual_other_none_no_response;no_religion_not_separable;period_boundary_vintage"
"DE","de-kreis-2011-bkg-vg250","kreis","de-kreis-2011-bkg-vg250:09180","09180","Garmisch-Partenkirchen",2011,84046,"Zensus compact religion table total persons (Insgesamt) for the Kreis and wave. The religion variable RELZG2 records legal membership in a public-law religious society; it is not a belief or attendance measure.",63036,75,,,,,,1011.82,,,"zensus-2011-1000x-1014-religion-geolk1|bkg-vg250-krs-2011-01-01","legal_membership_public_law_religious_society;compact_residual_other_none_no_response;no_religion_not_separable;period_boundary_vintage"
"DE","de-kreis-2011-bkg-vg250","kreis","de-kreis-2011-bkg-vg250:09181","09181","Landsberg am Lech",2011,113085,"Zensus compact religion table total persons (Insgesamt) for the Kreis and wave. The religion variable RELZG2 records legal membership in a public-law religious society; it is not a belief or attendance measure.",82623,73.06,,,,,,803.7,,,"zensus-2011-1000x-1014-religion-geolk1|bkg-vg250-krs-2011-01-01","legal_membership_public_law_religious_society;compact_residual_other_none_no_response;no_religion_not_separable;period_boundary_vintage"
"DE","de-kreis-2011-bkg-vg250","kreis","de-kreis-2011-bkg-vg250:09182","09182","Miesbach",2011,93630,"Zensus compact religion table total persons (Insgesamt) for the Kreis and wave. The religion variable RELZG2 records legal membership in a public-law religious society; it is not a belief or attendance measure.",67392,71.98,,,,,,866.87,,,"zensus-2011-1000x-1014-religion-geolk1|bkg-vg250-krs-2011-01-01","legal_membership_public_law_religious_society;compact_residual_other_none_no_response;no_religion_not_separable;period_boundary_vintage"
"DE","de-kreis-2011-bkg-vg250","kreis","de-kreis-2011-bkg-vg250:09183","09183","Mühldorf a.Inn",2011,106414,"Zensus compact religion table total persons (Insgesamt) for the Kreis and wave. The religion variable RELZG2 records legal membership in a public-law religious society; it is not a belief or attendance measure.",84900,79.78,,,,,,805.16,,,"zensus-2011-1000x-1014-religion-geolk1|bkg-vg250-krs-2011-01-01","legal_membership_public_law_religious_society;compact_residual_other_none_no_response;no_religion_not_separable;period_boundary_vintage"
"DE","de-kreis-2011-bkg-vg250","kreis","de-kreis-2011-bkg-vg250:09184","09184","München, Landkreis",2011,317248,"Zensus compact religion table total persons (Insgesamt) for the Kreis and wave. The religion variable RELZG2 records legal membership in a public-law religious society; it is not a belief or attendance measure.",187870,59.22,,,,,,664,,,"zensus-2011-1000x-1014-religion-geolk1|bkg-vg250-krs-2011-01-01","legal_membership_public_law_religious_society;compact_residual_other_none_no_response;no_religion_not_separable;period_boundary_vintage"
"DE","de-kreis-2011-bkg-vg250","kreis","de-kreis-2011-bkg-vg250:09185","09185","Neuburg-Schrobenhausen",2011,90593,"Zensus compact religion table total persons (Insgesamt) for the Kreis and wave. The religion variable RELZG2 records legal membership in a public-law religious society; it is not a belief or attendance measure.",74292,82.01,,,,,,739.98,,,"zensus-2011-1000x-1014-religion-geolk1|bkg-vg250-krs-2011-01-01","legal_membership_public_law_religious_society;compact_residual_other_none_no_response;no_religion_not_separable;period_boundary_vintage"
"DE","de-kreis-2011-bkg-vg250","kreis","de-kreis-2011-bkg-vg250:09186","09186","Pfaffenhofen a.d.Ilm",2011,116116,"Zensus compact religion table total persons (Insgesamt) for the Kreis and wave. The religion variable RELZG2 records legal membership in a public-law religious society; it is not a belief or attendance measure.",89195,76.82,,,,,,760.32,,,"zensus-2011-1000x-1014-religion-geolk1|bkg-vg250-krs-2011-01-01","legal_membership_public_law_religious_society;compact_residual_other_none_no_response;no_religion_not_separable;period_boundary_vintage"
"DE","de-kreis-2011-bkg-vg250","kreis","de-kreis-2011-bkg-vg250:09187","09187","Rosenheim, Landkreis",2011,244257,"Zensus compact religion table total persons (Insgesamt) for the Kreis and wave. The religion variable RELZG2 records legal membership in a public-law religious society; it is not a belief or attendance measure.",185841,76.08,,,,,,1440.68,,,"zensus-2011-1000x-1014-religion-geolk1|bkg-vg250-krs-2011-01-01","legal_membership_public_law_religious_society;compact_residual_other_none_no_response;no_religion_not_separable;period_boundary_vintage"
"DE","de-kreis-2011-bkg-vg250","kreis","de-kreis-2011-bkg-vg250:09188","09188","Starnberg",2011,127133,"Zensus compact religion table total persons (Insgesamt) for the Kreis and wave. The religion variable RELZG2 records legal membership in a public-law religious society; it is not a belief or attendance measure.",78960,62.11,,,,,,486.84,,,"zensus-2011-1000x-1014-religion-geolk1|bkg-vg250-krs-2011-01-01","legal_membership_public_law_religious_society;compact_residual_other_none_no_response;no_religion_not_separable;period_boundary_vintage"
"DE","de-kreis-2011-bkg-vg250","kreis","de-kreis-2011-bkg-vg250:09189","09189","Traunstein",2011,168509,"Zensus compact religion table total persons (Insgesamt) for the Kreis and wave. The religion variable RELZG2 records legal membership in a public-law religious society; it is not a belief or attendance measure.",135655,80.5,,,,,,1533.01,,,"zensus-2011-1000x-1014-religion-geolk1|bkg-vg250-krs-2011-01-01","legal_membership_public_law_religious_society;compact_residual_other_none_no_response;no_religion_not_separable;period_boundary_vintage"
"DE","de-kreis-2011-bkg-vg250","kreis","de-kreis-2011-bkg-vg250:09190","09190","Weilheim-Schongau",2011,128761,"Zensus compact religion table total persons (Insgesamt) for the Kreis and wave. The religion variable RELZG2 records legal membership in a public-law religious society; it is not a belief or attendance measure.",95584,74.23,,,,,,967.48,,,"zensus-2011-1000x-1014-religion-geolk1|bkg-vg250-krs-2011-01-01","legal_membership_public_law_religious_society;compact_residual_other_none_no_response;no_religion_not_separable;period_boundary_vintage"
"DE","de-kreis-2011-bkg-vg250","kreis","de-kreis-2011-bkg-vg250:09261","09261","Landshut, Kreisfreie Stadt",2011,63544,"Zensus compact religion table total persons (Insgesamt) for the Kreis and wave. The religion variable RELZG2 records legal membership in a public-law religious society; it is not a belief or attendance measure.",45142,71.04,,,,,,66.15,,,"zensus-2011-1000x-1014-religion-geolk1|bkg-vg250-krs-2011-01-01","legal_membership_public_law_religious_society;compact_residual_other_none_no_response;no_religion_not_separable;period_boundary_vintage"
"DE","de-kreis-2011-bkg-vg250","kreis","de-kreis-2011-bkg-vg250:09262","09262","Passau, Kreisfreie Stadt",2011,48649,"Zensus compact religion table total persons (Insgesamt) for the Kreis and wave. The religion variable RELZG2 records legal membership in a public-law religious society; it is not a belief or attendance measure.",38709,79.57,,,,,,70.27,,,"zensus-2011-1000x-1014-religion-geolk1|bkg-vg250-krs-2011-01-01","legal_membership_public_law_religious_society;compact_residual_other_none_no_response;no_religion_not_separable;period_boundary_vintage"
"DE","de-kreis-2011-bkg-vg250","kreis","de-kreis-2011-bkg-vg250:09263","09263","Straubing",2011,44488,"Zensus compact religion table total persons (Insgesamt) for the Kreis and wave. The religion variable RELZG2 records legal membership in a public-law religious society; it is not a belief or attendance measure.",34530,77.62,,,,,,67.49,,,"zensus-2011-1000x-1014-religion-geolk1|bkg-vg250-krs-2011-01-01","legal_membership_public_law_religious_society;compact_residual_other_none_no_response;no_religion_not_separable;period_boundary_vintage"
"DE","de-kreis-2011-bkg-vg250","kreis","de-kreis-2011-bkg-vg250:09271","09271","Deggendorf",2011,114454,"Zensus compact religion table total persons (Insgesamt) for the Kreis and wave. The religion variable RELZG2 records legal membership in a public-law religious society; it is not a belief or attendance measure.",97802,85.45,,,,,,861.03,,,"zensus-2011-1000x-1014-religion-geolk1|bkg-vg250-krs-2011-01-01","legal_membership_public_law_religious_society;compact_residual_other_none_no_response;no_religion_not_separable;period_boundary_vintage"
"DE","de-kreis-2011-bkg-vg250","kreis","de-kreis-2011-bkg-vg250:09272","09272","Freyung-Grafenau",2011,78172,"Zensus compact religion table total persons (Insgesamt) for the Kreis and wave. The religion variable RELZG2 records legal membership in a public-law religious society; it is not a belief or attendance measure.",71784,91.83,,,,,,984.33,,,"zensus-2011-1000x-1014-religion-geolk1|bkg-vg250-krs-2011-01-01","legal_membership_public_law_religious_society;compact_residual_other_none_no_response;no_religion_not_separable;period_boundary_vintage"
"DE","de-kreis-2011-bkg-vg250","kreis","de-kreis-2011-bkg-vg250:09273","09273","Kelheim",2011,112752,"Zensus compact religion table total persons (Insgesamt) for the Kreis and wave. The religion variable RELZG2 records legal membership in a public-law religious society; it is not a belief or attendance measure.",90747,80.48,,,,,,1065.43,,,"zensus-2011-1000x-1014-religion-geolk1|bkg-vg250-krs-2011-01-01","legal_membership_public_law_religious_society;compact_residual_other_none_no_response;no_religion_not_separable;period_boundary_vintage"
"DE","de-kreis-2011-bkg-vg250","kreis","de-kreis-2011-bkg-vg250:09274","09274","Landshut, Landkreis",2011,147161,"Zensus compact religion table total persons (Insgesamt) for the Kreis and wave. The religion variable RELZG2 records legal membership in a public-law religious society; it is not a belief or attendance measure.",121454,82.53,,,,,,1347.47,,,"zensus-2011-1000x-1014-religion-geolk1|bkg-vg250-krs-2011-01-01","legal_membership_public_law_religious_society;compact_residual_other_none_no_response;no_religion_not_separable;period_boundary_vintage"
"DE","de-kreis-2011-bkg-vg250","kreis","de-kreis-2011-bkg-vg250:09275","09275","Passau, Landkreis",2011,184190,"Zensus compact religion table total persons (Insgesamt) for the Kreis and wave. The religion variable RELZG2 records legal membership in a public-law religious society; it is not a belief or attendance measure.",163499,88.77,,,,,,1529.97,,,"zensus-2011-1000x-1014-religion-geolk1|bkg-vg250-krs-2011-01-01","legal_membership_public_law_religious_society;compact_residual_other_none_no_response;no_religion_not_separable;period_boundary_vintage"
"DE","de-kreis-2011-bkg-vg250","kreis","de-kreis-2011-bkg-vg250:09276","09276","Regen",2011,76782,"Zensus compact religion table total persons (Insgesamt) for the Kreis and wave. The religion variable RELZG2 records legal membership in a public-law religious society; it is not a belief or attendance measure.",69829,90.94,,,,,,974.69,,,"zensus-2011-1000x-1014-religion-geolk1|bkg-vg250-krs-2011-01-01","legal_membership_public_law_religious_society;compact_residual_other_none_no_response;no_religion_not_separable;period_boundary_vintage"
"DE","de-kreis-2011-bkg-vg250","kreis","de-kreis-2011-bkg-vg250:09277","09277","Rottal-Inn",2011,116634,"Zensus compact religion table total persons (Insgesamt) for the Kreis and wave. The religion variable RELZG2 records legal membership in a public-law religious society; it is not a belief or attendance measure.",100541,86.2,,,,,,1281.15,,,"zensus-2011-1000x-1014-religion-geolk1|bkg-vg250-krs-2011-01-01","legal_membership_public_law_religious_society;compact_residual_other_none_no_response;no_religion_not_separable;period_boundary_vintage"
"DE","de-kreis-2011-bkg-vg250","kreis","de-kreis-2011-bkg-vg250:09278","09278","Straubing-Bogen",2011,95852,"Zensus compact religion table total persons (Insgesamt) for the Kreis and wave. The religion variable RELZG2 records legal membership in a public-law religious society; it is not a belief or attendance measure.",85098,88.78,,,,,,1201.08,,,"zensus-2011-1000x-1014-religion-geolk1|bkg-vg250-krs-2011-01-01","legal_membership_public_law_religious_society;compact_residual_other_none_no_response;no_religion_not_separable;period_boundary_vintage"
"DE","de-kreis-2011-bkg-vg250","kreis","de-kreis-2011-bkg-vg250:09279","09279","Dingolfing-Landau",2011,90156,"Zensus compact religion table total persons (Insgesamt) for the Kreis and wave. The religion variable RELZG2 records legal membership in a public-law religious society; it is not a belief or attendance measure.",75347,83.57,,,,,,877.44,,,"zensus-2011-1000x-1014-religion-geolk1|bkg-vg250-krs-2011-01-01","legal_membership_public_law_religious_society;compact_residual_other_none_no_response;no_religion_not_separable;period_boundary_vintage"
"DE","de-kreis-2011-bkg-vg250","kreis","de-kreis-2011-bkg-vg250:09361","09361","Amberg",2011,41911,"Zensus compact religion table total persons (Insgesamt) for the Kreis and wave. The religion variable RELZG2 records legal membership in a public-law religious society; it is not a belief or attendance measure.",34087,81.33,,,,,,50.41,,,"zensus-2011-1000x-1014-religion-geolk1|bkg-vg250-krs-2011-01-01","legal_membership_public_law_religious_society;compact_residual_other_none_no_response;no_religion_not_separable;period_boundary_vintage"
"DE","de-kreis-2011-bkg-vg250","kreis","de-kreis-2011-bkg-vg250:09362","09362","Regensburg, Kreisfreie Stadt",2011,135403,"Zensus compact religion table total persons (Insgesamt) for the Kreis and wave. The religion variable RELZG2 records legal membership in a public-law religious society; it is not a belief or attendance measure.",96539,71.3,,,,,,79.68,,,"zensus-2011-1000x-1014-religion-geolk1|bkg-vg250-krs-2011-01-01","legal_membership_public_law_religious_society;compact_residual_other_none_no_response;no_religion_not_separable;period_boundary_vintage"
"DE","de-kreis-2011-bkg-vg250","kreis","de-kreis-2011-bkg-vg250:09363","09363","Weiden i.d.OPf.",2011,41746,"Zensus compact religion table total persons (Insgesamt) for the Kreis and wave. The religion variable RELZG2 records legal membership in a public-law religious society; it is not a belief or attendance measure.",33940,81.3,,,,,,70.67,,,"zensus-2011-1000x-1014-religion-geolk1|bkg-vg250-krs-2011-01-01","legal_membership_public_law_religious_society;compact_residual_other_none_no_response;no_religion_not_separable;period_boundary_vintage"
"DE","de-kreis-2011-bkg-vg250","kreis","de-kreis-2011-bkg-vg250:09371","09371","Amberg-Sulzbach",2011,103901,"Zensus compact religion table total persons (Insgesamt) for the Kreis and wave. The religion variable RELZG2 records legal membership in a public-law religious society; it is not a belief or attendance measure.",92468,89,,,,,,1255.08,,,"zensus-2011-1000x-1014-religion-geolk1|bkg-vg250-krs-2011-01-01","legal_membership_public_law_religious_society;compact_residual_other_none_no_response;no_religion_not_separable;period_boundary_vintage"
"DE","de-kreis-2011-bkg-vg250","kreis","de-kreis-2011-bkg-vg250:09372","09372","Cham",2011,125689,"Zensus compact religion table total persons (Insgesamt) for the Kreis and wave. The religion variable RELZG2 records legal membership in a public-law religious society; it is not a belief or attendance measure.",115307,91.74,,,,,,1513.1,,,"zensus-2011-1000x-1014-religion-geolk1|bkg-vg250-krs-2011-01-01","legal_membership_public_law_religious_society;compact_residual_other_none_no_response;no_religion_not_separable;period_boundary_vintage"
"DE","de-kreis-2011-bkg-vg250","kreis","de-kreis-2011-bkg-vg250:09373","09373","Neumarkt i.d.OPf.",2011,126436,"Zensus compact religion table total persons (Insgesamt) for the Kreis and wave. The religion variable RELZG2 records legal membership in a public-law religious society; it is not a belief or attendance measure.",108378,85.72,,,,,,1344.61,,,"zensus-2011-1000x-1014-religion-geolk1|bkg-vg250-krs-2011-01-01","legal_membership_public_law_religious_society;compact_residual_other_none_no_response;no_religion_not_separable;period_boundary_vintage"
"DE","de-kreis-2011-bkg-vg250","kreis","de-kreis-2011-bkg-vg250:09374","09374","Neustadt a.d.Waldnaab",2011,96316,"Zensus compact religion table total persons (Insgesamt) for the Kreis and wave. The religion variable RELZG2 records legal membership in a public-law religious society; it is not a belief or attendance measure.",87738,91.09,,,,,,1427.94,,,"zensus-2011-1000x-1014-religion-geolk1|bkg-vg250-krs-2011-01-01","legal_membership_public_law_religious_society;compact_residual_other_none_no_response;no_religion_not_separable;period_boundary_vintage"
"DE","de-kreis-2011-bkg-vg250","kreis","de-kreis-2011-bkg-vg250:09375","09375","Regensburg, Landkreis",2011,182289,"Zensus compact religion table total persons (Insgesamt) for the Kreis and wave. The religion variable RELZG2 records legal membership in a public-law religious society; it is not a belief or attendance measure.",153952,84.45,,,,,,1393.1,,,"zensus-2011-1000x-1014-religion-geolk1|bkg-vg250-krs-2011-01-01","legal_membership_public_law_religious_society;compact_residual_other_none_no_response;no_religion_not_separable;period_boundary_vintage"
"DE","de-kreis-2011-bkg-vg250","kreis","de-kreis-2011-bkg-vg250:09376","09376","Schwandorf",2011,142407,"Zensus compact religion table total persons (Insgesamt) for the Kreis and wave. The religion variable RELZG2 records legal membership in a public-law religious society; it is not a belief or attendance measure.",125050,87.81,,,,,,1472.04,,,"zensus-2011-1000x-1014-religion-geolk1|bkg-vg250-krs-2011-01-01","legal_membership_public_law_religious_society;compact_residual_other_none_no_response;no_religion_not_separable;period_boundary_vintage"
"DE","de-kreis-2011-bkg-vg250","kreis","de-kreis-2011-bkg-vg250:09377","09377","Tirschenreuth",2011,74867,"Zensus compact religion table total persons (Insgesamt) for the Kreis and wave. The religion variable RELZG2 records legal membership in a public-law religious society; it is not a belief or attendance measure.",68800,91.9,,,,,,1084.52,,,"zensus-2011-1000x-1014-religion-geolk1|bkg-vg250-krs-2011-01-01","legal_membership_public_law_religious_society;compact_residual_other_none_no_response;no_religion_not_separable;period_boundary_vintage"
"DE","de-kreis-2011-bkg-vg250","kreis","de-kreis-2011-bkg-vg250:09461","09461","Bamberg, Kreisfreie Stadt",2011,70635,"Zensus compact religion table total persons (Insgesamt) for the Kreis and wave. The religion variable RELZG2 records legal membership in a public-law religious society; it is not a belief or attendance measure.",53889,76.29,,,,,,54.95,,,"zensus-2011-1000x-1014-religion-geolk1|bkg-vg250-krs-2011-01-01","legal_membership_public_law_religious_society;compact_residual_other_none_no_response;no_religion_not_separable;period_boundary_vintage"
"DE","de-kreis-2011-bkg-vg250","kreis","de-kreis-2011-bkg-vg250:09462","09462","Bayreuth, Kreisfreie Stadt",2011,70808,"Zensus compact religion table total persons (Insgesamt) for the Kreis and wave. The religion variable RELZG2 records legal membership in a public-law religious society; it is not a belief or attendance measure.",53767,75.93,,,,,,66.99,,,"zensus-2011-1000x-1014-religion-geolk1|bkg-vg250-krs-2011-01-01","legal_membership_public_law_religious_society;compact_residual_other_none_no_response;no_religion_not_separable;period_boundary_vintage"
"DE","de-kreis-2011-bkg-vg250","kreis","de-kreis-2011-bkg-vg250:09463","09463","Coburg, Kreisfreie Stadt",2011,41023,"Zensus compact religion table total persons (Insgesamt) for the Kreis and wave. The religion variable RELZG2 records legal membership in a public-law religious society; it is not a belief or attendance measure.",30004,73.14,,,,,,48.13,,,"zensus-2011-1000x-1014-religion-geolk1|bkg-vg250-krs-2011-01-01","legal_membership_public_law_religious_society;compact_residual_other_none_no_response;no_religion_not_separable;period_boundary_vintage"
"DE","de-kreis-2011-bkg-vg250","kreis","de-kreis-2011-bkg-vg250:09464","09464","Hof, Kreisfreie Stadt",2011,44759,"Zensus compact religion table total persons (Insgesamt) for the Kreis and wave. The religion variable RELZG2 records legal membership in a public-law religious society; it is not a belief or attendance measure.",31590,70.58,,,,,,58.19,,,"zensus-2011-1000x-1014-religion-geolk1|bkg-vg250-krs-2011-01-01","legal_membership_public_law_religious_society;compact_residual_other_none_no_response;no_religion_not_separable;period_boundary_vintage"
"DE","de-kreis-2011-bkg-vg250","kreis","de-kreis-2011-bkg-vg250:09471","09471","Bamberg, Landkreis",2011,143610,"Zensus compact religion table total persons (Insgesamt) for the Kreis and wave. The religion variable RELZG2 records legal membership in a public-law religious society; it is not a belief or attendance measure.",126498,88.08,,,,,,1167.01,,,"zensus-2011-1000x-1014-religion-geolk1|bkg-vg250-krs-2011-01-01","legal_membership_public_law_religious_society;compact_residual_other_none_no_response;no_religion_not_separable;period_boundary_vintage"
"DE","de-kreis-2011-bkg-vg250","kreis","de-kreis-2011-bkg-vg250:09472","09472","Bayreuth, Landkreis",2011,105395,"Zensus compact religion table total persons (Insgesamt) for the Kreis and wave. The religion variable RELZG2 records legal membership in a public-law religious society; it is not a belief or attendance measure.",91801,87.1,,,,,,1273.68,,,"zensus-2011-1000x-1014-religion-geolk1|bkg-vg250-krs-2011-01-01","legal_membership_public_law_religious_society;compact_residual_other_none_no_response;no_religion_not_separable;period_boundary_vintage"
"DE","de-kreis-2011-bkg-vg250","kreis","de-kreis-2011-bkg-vg250:09473","09473","Coburg, Landkreis",2011,87775,"Zensus compact religion table total persons (Insgesamt) for the Kreis and wave. The religion variable RELZG2 records legal membership in a public-law religious society; it is not a belief or attendance measure.",72146,82.19,,,,,,590.89,,,"zensus-2011-1000x-1014-religion-geolk1|bkg-vg250-krs-2011-01-01","legal_membership_public_law_religious_society;compact_residual_other_none_no_response;no_religion_not_separable;period_boundary_vintage"
"DE","de-kreis-2011-bkg-vg250","kreis","de-kreis-2011-bkg-vg250:09474","09474","Forchheim",2011,112738,"Zensus compact religion table total persons (Insgesamt) for the Kreis and wave. The religion variable RELZG2 records legal membership in a public-law religious society; it is not a belief or attendance measure.",93004,82.5,,,,,,642.99,,,"zensus-2011-1000x-1014-religion-geolk1|bkg-vg250-krs-2011-01-01","legal_membership_public_law_religious_society;compact_residual_other_none_no_response;no_religion_not_separable;period_boundary_vintage"
"DE","de-kreis-2011-bkg-vg250","kreis","de-kreis-2011-bkg-vg250:09475","09475","Hof, Landkreis",2011,99371,"Zensus compact religion table total persons (Insgesamt) for the Kreis and wave. The religion variable RELZG2 records legal membership in a public-law religious society; it is not a belief or attendance measure.",82910,83.43,,,,,,893.47,,,"zensus-2011-1000x-1014-religion-geolk1|bkg-vg250-krs-2011-01-01","legal_membership_public_law_religious_society;compact_residual_other_none_no_response;no_religion_not_separable;period_boundary_vintage"
"DE","de-kreis-2011-bkg-vg250","kreis","de-kreis-2011-bkg-vg250:09476","09476","Kronach",2011,69928,"Zensus compact religion table total persons (Insgesamt) for the Kreis and wave. The religion variable RELZG2 records legal membership in a public-law religious society; it is not a belief or attendance measure.",62222,88.98,,,,,,651.46,,,"zensus-2011-1000x-1014-religion-geolk1|bkg-vg250-krs-2011-01-01","legal_membership_public_law_religious_society;compact_residual_other_none_no_response;no_religion_not_separable;period_boundary_vintage"
"DE","de-kreis-2011-bkg-vg250","kreis","de-kreis-2011-bkg-vg250:09477","09477","Kulmbach",2011,74071,"Zensus compact religion table total persons (Insgesamt) for the Kreis and wave. The religion variable RELZG2 records legal membership in a public-law religious society; it is not a belief or attendance measure.",63297,85.45,,,,,,657.98,,,"zensus-2011-1000x-1014-religion-geolk1|bkg-vg250-krs-2011-01-01","legal_membership_public_law_religious_society;compact_residual_other_none_no_response;no_religion_not_separable;period_boundary_vintage"
"DE","de-kreis-2011-bkg-vg250","kreis","de-kreis-2011-bkg-vg250:09478","09478","Lichtenfels",2011,67297,"Zensus compact religion table total persons (Insgesamt) for the Kreis and wave. The religion variable RELZG2 records legal membership in a public-law religious society; it is not a belief or attendance measure.",58948,87.59,,,,,,519.77,,,"zensus-2011-1000x-1014-religion-geolk1|bkg-vg250-krs-2011-01-01","legal_membership_public_law_religious_society;compact_residual_other_none_no_response;no_religion_not_separable;period_boundary_vintage"
"DE","de-kreis-2011-bkg-vg250","kreis","de-kreis-2011-bkg-vg250:09479","09479","Wunsiedel i.Fichtelgebirge",2011,76044,"Zensus compact religion table total persons (Insgesamt) for the Kreis and wave. The religion variable RELZG2 records legal membership in a public-law religious society; it is not a belief or attendance measure.",62682,82.43,,,,,,606.21,,,"zensus-2011-1000x-1014-religion-geolk1|bkg-vg250-krs-2011-01-01","legal_membership_public_law_religious_society;compact_residual_other_none_no_response;no_religion_not_separable;period_boundary_vintage"
"DE","de-kreis-2011-bkg-vg250","kreis","de-kreis-2011-bkg-vg250:09561","09561","Ansbach, Kreisfreie Stadt",2011,39491,"Zensus compact religion table total persons (Insgesamt) for the Kreis and wave. The religion variable RELZG2 records legal membership in a public-law religious society; it is not a belief or attendance measure.",30394,76.96,,,,,,99.84,,,"zensus-2011-1000x-1014-religion-geolk1|bkg-vg250-krs-2011-01-01","legal_membership_public_law_religious_society;compact_residual_other_none_no_response;no_religion_not_separable;period_boundary_vintage"
"DE","de-kreis-2011-bkg-vg250","kreis","de-kreis-2011-bkg-vg250:09562","09562","Erlangen",2011,103719,"Zensus compact religion table total persons (Insgesamt) for the Kreis and wave. The religion variable RELZG2 records legal membership in a public-law religious society; it is not a belief or attendance measure.",66555,64.17,,,,,,77.99,,,"zensus-2011-1000x-1014-religion-geolk1|bkg-vg250-krs-2011-01-01","legal_membership_public_law_religious_society;compact_residual_other_none_no_response;no_religion_not_separable;period_boundary_vintage"
"DE","de-kreis-2011-bkg-vg250","kreis","de-kreis-2011-bkg-vg250:09563","09563","Fürth, Kreisfreie Stadt",2011,115613,"Zensus compact religion table total persons (Insgesamt) for the Kreis and wave. The religion variable RELZG2 records legal membership in a public-law religious society; it is not a belief or attendance measure.",71542,61.88,,,,,,63.31,,,"zensus-2011-1000x-1014-religion-geolk1|bkg-vg250-krs-2011-01-01","legal_membership_public_law_religious_society;compact_residual_other_none_no_response;no_religion_not_separable;period_boundary_vintage"
"DE","de-kreis-2011-bkg-vg250","kreis","de-kreis-2011-bkg-vg250:09564","09564","Nürnberg",2011,486314,"Zensus compact religion table total persons (Insgesamt) for the Kreis and wave. The religion variable RELZG2 records legal membership in a public-law religious society; it is not a belief or attendance measure.",288316,59.29,,,,,,187.63,,,"zensus-2011-1000x-1014-religion-geolk1|bkg-vg250-krs-2011-01-01","legal_membership_public_law_religious_society;compact_residual_other_none_no_response;no_religion_not_separable;period_boundary_vintage"
"DE","de-kreis-2011-bkg-vg250","kreis","de-kreis-2011-bkg-vg250:09565","09565","Schwabach",2011,38469,"Zensus compact religion table total persons (Insgesamt) for the Kreis and wave. The religion variable RELZG2 records legal membership in a public-law religious society; it is not a belief or attendance measure.",27061,70.34,,,,,,40.7,,,"zensus-2011-1000x-1014-religion-geolk1|bkg-vg250-krs-2011-01-01","legal_membership_public_law_religious_society;compact_residual_other_none_no_response;no_religion_not_separable;period_boundary_vintage"
"DE","de-kreis-2011-bkg-vg250","kreis","de-kreis-2011-bkg-vg250:09571","09571","Ansbach, Landkreis",2011,178353,"Zensus compact religion table total persons (Insgesamt) for the Kreis and wave. The religion variable RELZG2 records legal membership in a public-law religious society; it is not a belief or attendance measure.",152891,85.72,,,,,,1972.86,,,"zensus-2011-1000x-1014-religion-geolk1|bkg-vg250-krs-2011-01-01","legal_membership_public_law_religious_society;compact_residual_other_none_no_response;no_religion_not_separable;period_boundary_vintage"
"DE","de-kreis-2011-bkg-vg250","kreis","de-kreis-2011-bkg-vg250:09572","09572","Erlangen-Höchstadt",2011,130395,"Zensus compact religion table total persons (Insgesamt) for the Kreis and wave. The religion variable RELZG2 records legal membership in a public-law religious society; it is not a belief or attendance measure.",100111,76.78,,,,,,564.51,,,"zensus-2011-1000x-1014-religion-geolk1|bkg-vg250-krs-2011-01-01","legal_membership_public_law_religious_society;compact_residual_other_none_no_response;no_religion_not_separable;period_boundary_vintage"
"DE","de-kreis-2011-bkg-vg250","kreis","de-kreis-2011-bkg-vg250:09573","09573","Fürth, Landkreis",2011,112786,"Zensus compact religion table total persons (Insgesamt) for the Kreis and wave. The religion variable RELZG2 records legal membership in a public-law religious society; it is not a belief or attendance measure.",83617,74.14,,,,,,307.15,,,"zensus-2011-1000x-1014-religion-geolk1|bkg-vg250-krs-2011-01-01","legal_membership_public_law_religious_society;compact_residual_other_none_no_response;no_religion_not_separable;period_boundary_vintage"
"DE","de-kreis-2011-bkg-vg250","kreis","de-kreis-2011-bkg-vg250:09574","09574","Nürnberger Land",2011,163967,"Zensus compact religion table total persons (Insgesamt) for the Kreis and wave. The religion variable RELZG2 records legal membership in a public-law religious society; it is not a belief or attendance measure.",122983,75,,,,,,797.85,,,"zensus-2011-1000x-1014-religion-geolk1|bkg-vg250-krs-2011-01-01","legal_membership_public_law_religious_society;compact_residual_other_none_no_response;no_religion_not_separable;period_boundary_vintage"
"DE","de-kreis-2011-bkg-vg250","kreis","de-kreis-2011-bkg-vg250:09575","09575","Neustadt a.d.Aisch-Bad Windsheim",2011,97475,"Zensus compact religion table total persons (Insgesamt) for the Kreis and wave. The religion variable RELZG2 records legal membership in a public-law religious society; it is not a belief or attendance measure.",83049,85.2,,,,,,1267.79,,,"zensus-2011-1000x-1014-religion-geolk1|bkg-vg250-krs-2011-01-01","legal_membership_public_law_religious_society;compact_residual_other_none_no_response;no_religion_not_separable;period_boundary_vintage"
"DE","de-kreis-2011-bkg-vg250","kreis","de-kreis-2011-bkg-vg250:09576","09576","Roth",2011,123344,"Zensus compact religion table total persons (Insgesamt) for the Kreis and wave. The religion variable RELZG2 records legal membership in a public-law religious society; it is not a belief or attendance measure.",98550,79.9,,,,,,895.04,,,"zensus-2011-1000x-1014-religion-geolk1|bkg-vg250-krs-2011-01-01","legal_membership_public_law_religious_society;compact_residual_other_none_no_response;no_religion_not_separable;period_boundary_vintage"
"DE","de-kreis-2011-bkg-vg250","kreis","de-kreis-2011-bkg-vg250:09577","09577","Weißenburg-Gunzenhausen",2011,92371,"Zensus compact religion table total persons (Insgesamt) for the Kreis and wave. The religion variable RELZG2 records legal membership in a public-law religious society; it is not a belief or attendance measure.",78195,84.65,,,,,,970.41,,,"zensus-2011-1000x-1014-religion-geolk1|bkg-vg250-krs-2011-01-01","legal_membership_public_law_religious_society;compact_residual_other_none_no_response;no_religion_not_separable;period_boundary_vintage"
"DE","de-kreis-2011-bkg-vg250","kreis","de-kreis-2011-bkg-vg250:09661","09661","Aschaffenburg, Kreisfreie Stadt",2011,67359,"Zensus compact religion table total persons (Insgesamt) for the Kreis and wave. The religion variable RELZG2 records legal membership in a public-law religious society; it is not a belief or attendance measure.",45298,67.25,,,,,,61.98,,,"zensus-2011-1000x-1014-religion-geolk1|bkg-vg250-krs-2011-01-01","legal_membership_public_law_religious_society;compact_residual_other_none_no_response;no_religion_not_separable;period_boundary_vintage"
"DE","de-kreis-2011-bkg-vg250","kreis","de-kreis-2011-bkg-vg250:09662","09662","Schweinfurt, Kreisfreie Stadt",2011,52143,"Zensus compact religion table total persons (Insgesamt) for the Kreis and wave. The religion variable RELZG2 records legal membership in a public-law religious society; it is not a belief or attendance measure.",36733,70.45,,,,,,35.46,,,"zensus-2011-1000x-1014-religion-geolk1|bkg-vg250-krs-2011-01-01","legal_membership_public_law_religious_society;compact_residual_other_none_no_response;no_religion_not_separable;period_boundary_vintage"
"DE","de-kreis-2011-bkg-vg250","kreis","de-kreis-2011-bkg-vg250:09663","09663","Würzburg, Kreisfreie Stadt",2011,124297,"Zensus compact religion table total persons (Insgesamt) for the Kreis and wave. The religion variable RELZG2 records legal membership in a public-law religious society; it is not a belief or attendance measure.",91626,73.72,,,,,,87.78,,,"zensus-2011-1000x-1014-religion-geolk1|bkg-vg250-krs-2011-01-01","legal_membership_public_law_religious_society;compact_residual_other_none_no_response;no_religion_not_separable;period_boundary_vintage"
"DE","de-kreis-2011-bkg-vg250","kreis","de-kreis-2011-bkg-vg250:09671","09671","Aschaffenburg, Landkreis",2011,172612,"Zensus compact religion table total persons (Insgesamt) for the Kreis and wave. The religion variable RELZG2 records legal membership in a public-law religious society; it is not a belief or attendance measure.",133250,77.2,,,,,,699.11,,,"zensus-2011-1000x-1014-religion-geolk1|bkg-vg250-krs-2011-01-01","legal_membership_public_law_religious_society;compact_residual_other_none_no_response;no_religion_not_separable;period_boundary_vintage"
"DE","de-kreis-2011-bkg-vg250","kreis","de-kreis-2011-bkg-vg250:09672","09672","Bad Kissingen",2011,104020,"Zensus compact religion table total persons (Insgesamt) for the Kreis and wave. The religion variable RELZG2 records legal membership in a public-law religious society; it is not a belief or attendance measure.",90664,87.16,,,,,,1137.65,,,"zensus-2011-1000x-1014-religion-geolk1|bkg-vg250-krs-2011-01-01","legal_membership_public_law_religious_society;compact_residual_other_none_no_response;no_religion_not_separable;period_boundary_vintage"
"DE","de-kreis-2011-bkg-vg250","kreis","de-kreis-2011-bkg-vg250:09673","09673","Rhön-Grabfeld",2011,80829,"Zensus compact religion table total persons (Insgesamt) for the Kreis and wave. The religion variable RELZG2 records legal membership in a public-law religious society; it is not a belief or attendance measure.",71342,88.26,,,,,,1021.49,,,"zensus-2011-1000x-1014-religion-geolk1|bkg-vg250-krs-2011-01-01","legal_membership_public_law_religious_society;compact_residual_other_none_no_response;no_religion_not_separable;period_boundary_vintage"
"DE","de-kreis-2011-bkg-vg250","kreis","de-kreis-2011-bkg-vg250:09674","09674","Haßberge",2011,84575,"Zensus compact religion table total persons (Insgesamt) for the Kreis and wave. The religion variable RELZG2 records legal membership in a public-law religious society; it is not a belief or attendance measure.",75916,89.76,,,,,,956.61,,,"zensus-2011-1000x-1014-religion-geolk1|bkg-vg250-krs-2011-01-01","legal_membership_public_law_religious_society;compact_residual_other_none_no_response;no_religion_not_separable;period_boundary_vintage"
"DE","de-kreis-2011-bkg-vg250","kreis","de-kreis-2011-bkg-vg250:09675","09675","Kitzingen",2011,87719,"Zensus compact religion table total persons (Insgesamt) for the Kreis and wave. The religion variable RELZG2 records legal membership in a public-law religious society; it is not a belief or attendance measure.",74500,84.93,,,,,,683.88,,,"zensus-2011-1000x-1014-religion-geolk1|bkg-vg250-krs-2011-01-01","legal_membership_public_law_religious_society;compact_residual_other_none_no_response;no_religion_not_separable;period_boundary_vintage"
"DE","de-kreis-2011-bkg-vg250","kreis","de-kreis-2011-bkg-vg250:09676","09676","Miltenberg",2011,128406,"Zensus compact religion table total persons (Insgesamt) for the Kreis and wave. The religion variable RELZG2 records legal membership in a public-law religious society; it is not a belief or attendance measure.",98621,76.8,,,,,,715.09,,,"zensus-2011-1000x-1014-religion-geolk1|bkg-vg250-krs-2011-01-01","legal_membership_public_law_religious_society;compact_residual_other_none_no_response;no_religion_not_separable;period_boundary_vintage"
"DE","de-kreis-2011-bkg-vg250","kreis","de-kreis-2011-bkg-vg250:09677","09677","Main-Spessart",2011,127508,"Zensus compact religion table total persons (Insgesamt) for the Kreis and wave. The religion variable RELZG2 records legal membership in a public-law religious society; it is not a belief or attendance measure.",107550,84.35,,,,,,1321.93,,,"zensus-2011-1000x-1014-religion-geolk1|bkg-vg250-krs-2011-01-01","legal_membership_public_law_religious_society;compact_residual_other_none_no_response;no_religion_not_separable;period_boundary_vintage"
"DE","de-kreis-2011-bkg-vg250","kreis","de-kreis-2011-bkg-vg250:09678","09678","Schweinfurt, Landkreis",2011,113084,"Zensus compact religion table total persons (Insgesamt) for the Kreis and wave. The religion variable RELZG2 records legal membership in a public-law religious society; it is not a belief or attendance measure.",98002,86.66,,,,,,841.55,,,"zensus-2011-1000x-1014-religion-geolk1|bkg-vg250-krs-2011-01-01","legal_membership_public_law_religious_society;compact_residual_other_none_no_response;no_religion_not_separable;period_boundary_vintage"
"DE","de-kreis-2011-bkg-vg250","kreis","de-kreis-2011-bkg-vg250:09679","09679","Würzburg, Landkreis",2011,158095,"Zensus compact religion table total persons (Insgesamt) for the Kreis and wave. The religion variable RELZG2 records legal membership in a public-law religious society; it is not a belief or attendance measure.",131261,83.03,,,,,,967.09,,,"zensus-2011-1000x-1014-religion-geolk1|bkg-vg250-krs-2011-01-01","legal_membership_public_law_religious_society;compact_residual_other_none_no_response;no_religion_not_separable;period_boundary_vintage"
"DE","de-kreis-2011-bkg-vg250","kreis","de-kreis-2011-bkg-vg250:09761","09761","Augsburg, Kreisfreie Stadt",2011,267767,"Zensus compact religion table total persons (Insgesamt) for the Kreis and wave. The religion variable RELZG2 records legal membership in a public-law religious society; it is not a belief or attendance measure.",168022,62.75,,,,,,146.46,,,"zensus-2011-1000x-1014-religion-geolk1|bkg-vg250-krs-2011-01-01","legal_membership_public_law_religious_society;compact_residual_other_none_no_response;no_religion_not_separable;period_boundary_vintage"
"DE","de-kreis-2011-bkg-vg250","kreis","de-kreis-2011-bkg-vg250:09762","09762","Kaufbeuren",2011,41550,"Zensus compact religion table total persons (Insgesamt) for the Kreis and wave. The religion variable RELZG2 records legal membership in a public-law religious society; it is not a belief or attendance measure.",29184,70.24,,,,,,40.46,,,"zensus-2011-1000x-1014-religion-geolk1|bkg-vg250-krs-2011-01-01","legal_membership_public_law_religious_society;compact_residual_other_none_no_response;no_religion_not_separable;period_boundary_vintage"
"DE","de-kreis-2011-bkg-vg250","kreis","de-kreis-2011-bkg-vg250:09763","09763","Kempten (Allgäu)",2011,64078,"Zensus compact religion table total persons (Insgesamt) for the Kreis and wave. The religion variable RELZG2 records legal membership in a public-law religious society; it is not a belief or attendance measure.",42669,66.59,,,,,,63.21,,,"zensus-2011-1000x-1014-religion-geolk1|bkg-vg250-krs-2011-01-01","legal_membership_public_law_religious_society;compact_residual_other_none_no_response;no_religion_not_separable;period_boundary_vintage"
"DE","de-kreis-2011-bkg-vg250","kreis","de-kreis-2011-bkg-vg250:09764","09764","Memmingen",2011,41241,"Zensus compact religion table total persons (Insgesamt) for the Kreis and wave. The religion variable RELZG2 records legal membership in a public-law religious society; it is not a belief or attendance measure.",28551,69.23,,,,,,69.89,,,"zensus-2011-1000x-1014-religion-geolk1|bkg-vg250-krs-2011-01-01","legal_membership_public_law_religious_society;compact_residual_other_none_no_response;no_religion_not_separable;period_boundary_vintage"
"DE","de-kreis-2011-bkg-vg250","kreis","de-kreis-2011-bkg-vg250:09771","09771","Aichach-Friedberg",2011,126387,"Zensus compact religion table total persons (Insgesamt) for the Kreis and wave. The religion variable RELZG2 records legal membership in a public-law religious society; it is not a belief or attendance measure.",99806,78.97,,,,,,779.8,,,"zensus-2011-1000x-1014-religion-geolk1|bkg-vg250-krs-2011-01-01","legal_membership_public_law_religious_society;compact_residual_other_none_no_response;no_religion_not_separable;period_boundary_vintage"
"DE","de-kreis-2011-bkg-vg250","kreis","de-kreis-2011-bkg-vg250:09772","09772","Augsburg, Landkreis",2011,237095,"Zensus compact religion table total persons (Insgesamt) for the Kreis and wave. The religion variable RELZG2 records legal membership in a public-law religious society; it is not a belief or attendance measure.",181094,76.38,,,,,,1071.51,,,"zensus-2011-1000x-1014-religion-geolk1|bkg-vg250-krs-2011-01-01","legal_membership_public_law_religious_society;compact_residual_other_none_no_response;no_religion_not_separable;period_boundary_vintage"
"DE","de-kreis-2011-bkg-vg250","kreis","de-kreis-2011-bkg-vg250:09773","09773","Dillingen a.d.Donau",2011,93308,"Zensus compact religion table total persons (Insgesamt) for the Kreis and wave. The religion variable RELZG2 records legal membership in a public-law religious society; it is not a belief or attendance measure.",77764,83.34,,,,,,791.43,,,"zensus-2011-1000x-1014-religion-geolk1|bkg-vg250-krs-2011-01-01","legal_membership_public_law_religious_society;compact_residual_other_none_no_response;no_religion_not_separable;period_boundary_vintage"
"DE","de-kreis-2011-bkg-vg250","kreis","de-kreis-2011-bkg-vg250:09774","09774","Günzburg",2011,120182,"Zensus compact religion table total persons (Insgesamt) for the Kreis and wave. The religion variable RELZG2 records legal membership in a public-law religious society; it is not a belief or attendance measure.",94137,78.33,,,,,,763.6,,,"zensus-2011-1000x-1014-religion-geolk1|bkg-vg250-krs-2011-01-01","legal_membership_public_law_religious_society;compact_residual_other_none_no_response;no_religion_not_separable;period_boundary_vintage"
"DE","de-kreis-2011-bkg-vg250","kreis","de-kreis-2011-bkg-vg250:09775","09775","Neu-Ulm",2011,163854,"Zensus compact religion table total persons (Insgesamt) for the Kreis and wave. The religion variable RELZG2 records legal membership in a public-law religious society; it is not a belief or attendance measure.",115665,70.59,,,,,,515.69,,,"zensus-2011-1000x-1014-religion-geolk1|bkg-vg250-krs-2011-01-01","legal_membership_public_law_religious_society;compact_residual_other_none_no_response;no_religion_not_separable;period_boundary_vintage"
"DE","de-kreis-2011-bkg-vg250","kreis","de-kreis-2011-bkg-vg250:09776","09776","Lindau (Bodensee)",2011,78420,"Zensus compact religion table total persons (Insgesamt) for the Kreis and wave. The religion variable RELZG2 records legal membership in a public-law religious society; it is not a belief or attendance measure.",56337,71.84,,,,,,323.45,,,"zensus-2011-1000x-1014-religion-geolk1|bkg-vg250-krs-2011-01-01","legal_membership_public_law_religious_society;compact_residual_other_none_no_response;no_religion_not_separable;period_boundary_vintage"
"DE","de-kreis-2011-bkg-vg250","kreis","de-kreis-2011-bkg-vg250:09777","09777","Ostallgäu",2011,133586,"Zensus compact religion table total persons (Insgesamt) for the Kreis and wave. The religion variable RELZG2 records legal membership in a public-law religious society; it is not a belief or attendance measure.",107033,80.12,,,,,,1393.27,,,"zensus-2011-1000x-1014-religion-geolk1|bkg-vg250-krs-2011-01-01","legal_membership_public_law_religious_society;compact_residual_other_none_no_response;no_religion_not_separable;period_boundary_vintage"
"DE","de-kreis-2011-bkg-vg250","kreis","de-kreis-2011-bkg-vg250:09778","09778","Unterallgäu",2011,135161,"Zensus compact religion table total persons (Insgesamt) for the Kreis and wave. The religion variable RELZG2 records legal membership in a public-law religious society; it is not a belief or attendance measure.",111814,82.73,,,,,,1229.83,,,"zensus-2011-1000x-1014-religion-geolk1|bkg-vg250-krs-2011-01-01","legal_membership_public_law_religious_society;compact_residual_other_none_no_response;no_religion_not_separable;period_boundary_vintage"
"DE","de-kreis-2011-bkg-vg250","kreis","de-kreis-2011-bkg-vg250:09779","09779","Donau-Ries",2011,127920,"Zensus compact religion table total persons (Insgesamt) for the Kreis and wave. The religion variable RELZG2 records legal membership in a public-law religious society; it is not a belief or attendance measure.",109104,85.29,,,,,,1274.49,,,"zensus-2011-1000x-1014-religion-geolk1|bkg-vg250-krs-2011-01-01","legal_membership_public_law_religious_society;compact_residual_other_none_no_response;no_religion_not_separable;period_boundary_vintage"
"DE","de-kreis-2011-bkg-vg250","kreis","de-kreis-2011-bkg-vg250:09780","09780","Oberallgäu",2011,148650,"Zensus compact religion table total persons (Insgesamt) for the Kreis and wave. The religion variable RELZG2 records legal membership in a public-law religious society; it is not a belief or attendance measure.",114593,77.09,,,,,,1528.5,,,"zensus-2011-1000x-1014-religion-geolk1|bkg-vg250-krs-2011-01-01","legal_membership_public_law_religious_society;compact_residual_other_none_no_response;no_religion_not_separable;period_boundary_vintage"
"DE","de-kreis-2011-bkg-vg250","kreis","de-kreis-2011-bkg-vg250:10041","10041","Regionalverband Saarbrücken",2011,327065,"Zensus compact religion table total persons (Insgesamt) for the Kreis and wave. The religion variable RELZG2 records legal membership in a public-law religious society; it is not a belief or attendance measure.",246447,75.35,,,,,,411.58,,,"zensus-2011-1000x-1014-religion-geolk1|bkg-vg250-krs-2011-01-01","legal_membership_public_law_religious_society;compact_residual_other_none_no_response;no_religion_not_separable;period_boundary_vintage"
"DE","de-kreis-2011-bkg-vg250","kreis","de-kreis-2011-bkg-vg250:10042","10042","Merzig-Wadern",2011,103636,"Zensus compact religion table total persons (Insgesamt) for the Kreis and wave. The religion variable RELZG2 records legal membership in a public-law religious society; it is not a belief or attendance measure.",89712,86.56,,,,,,556.66,,,"zensus-2011-1000x-1014-religion-geolk1|bkg-vg250-krs-2011-01-01","legal_membership_public_law_religious_society;compact_residual_other_none_no_response;no_religion_not_separable;period_boundary_vintage"
"DE","de-kreis-2011-bkg-vg250","kreis","de-kreis-2011-bkg-vg250:10043","10043","Neunkirchen",2011,135531,"Zensus compact religion table total persons (Insgesamt) for the Kreis and wave. The religion variable RELZG2 records legal membership in a public-law religious society; it is not a belief or attendance measure.",113020,83.39,,,,,,248.16,,,"zensus-2011-1000x-1014-religion-geolk1|bkg-vg250-krs-2011-01-01","legal_membership_public_law_religious_society;compact_residual_other_none_no_response;no_religion_not_separable;period_boundary_vintage"
"DE","de-kreis-2011-bkg-vg250","kreis","de-kreis-2011-bkg-vg250:10044","10044","Saarlouis",2011,197877,"Zensus compact religion table total persons (Insgesamt) for the Kreis and wave. The religion variable RELZG2 records legal membership in a public-law religious society; it is not a belief or attendance measure.",166073,83.93,,,,,,459.08,,,"zensus-2011-1000x-1014-religion-geolk1|bkg-vg250-krs-2011-01-01","legal_membership_public_law_religious_society;compact_residual_other_none_no_response;no_religion_not_separable;period_boundary_vintage"
"DE","de-kreis-2011-bkg-vg250","kreis","de-kreis-2011-bkg-vg250:10045","10045","Saarpfalz-Kreis",2011,145394,"Zensus compact religion table total persons (Insgesamt) for the Kreis and wave. The religion variable RELZG2 records legal membership in a public-law religious society; it is not a belief or attendance measure.",116298,79.99,,,,,,418.97,,,"zensus-2011-1000x-1014-religion-geolk1|bkg-vg250-krs-2011-01-01","legal_membership_public_law_religious_society;compact_residual_other_none_no_response;no_religion_not_separable;period_boundary_vintage"
"DE","de-kreis-2011-bkg-vg250","kreis","de-kreis-2011-bkg-vg250:10046","10046","St. Wendel",2011,90120,"Zensus compact religion table total persons (Insgesamt) for the Kreis and wave. The religion variable RELZG2 records legal membership in a public-law religious society; it is not a belief or attendance measure.",79190,87.87,,,,,,476.46,,,"zensus-2011-1000x-1014-religion-geolk1|bkg-vg250-krs-2011-01-01","legal_membership_public_law_religious_society;compact_residual_other_none_no_response;no_religion_not_separable;period_boundary_vintage"
"DE","de-kreis-2011-bkg-vg250","kreis","de-kreis-2011-bkg-vg250:11000","11000","Berlin, Stadt",2011,3292365,"Zensus compact religion table total persons (Insgesamt) for the Kreis and wave. The religion variable RELZG2 records legal membership in a public-law religious society; it is not a belief or attendance measure.",926258,28.13,,,,,,891.85,,,"zensus-2011-1000x-1014-religion-geolk1|bkg-vg250-krs-2011-01-01","legal_membership_public_law_religious_society;compact_residual_other_none_no_response;no_religion_not_separable;period_boundary_vintage"
"DE","de-kreis-2011-bkg-vg250","kreis","de-kreis-2011-bkg-vg250:12051","12051","Brandenburg an der Havel, Stadt",2011,71569,"Zensus compact religion table total persons (Insgesamt) for the Kreis and wave. The religion variable RELZG2 records legal membership in a public-law religious society; it is not a belief or attendance measure.",8522,11.91,,,,,,229.36,,,"zensus-2011-1000x-1014-religion-geolk1|bkg-vg250-krs-2011-01-01","legal_membership_public_law_religious_society;compact_residual_other_none_no_response;no_religion_not_separable;period_boundary_vintage"
"DE","de-kreis-2011-bkg-vg250","kreis","de-kreis-2011-bkg-vg250:12052","12052","Cottbus, Stadt",2011,99984,"Zensus compact religion table total persons (Insgesamt) for the Kreis and wave. The religion variable RELZG2 records legal membership in a public-law religious society; it is not a belief or attendance measure.",14687,14.69,,,,,,165.14,,,"zensus-2011-1000x-1014-religion-geolk1|bkg-vg250-krs-2011-01-01","legal_membership_public_law_religious_society;compact_residual_other_none_no_response;no_religion_not_separable;period_boundary_vintage"
"DE","de-kreis-2011-bkg-vg250","kreis","de-kreis-2011-bkg-vg250:12053","12053","Frankfurt (Oder), Stadt",2011,59140,"Zensus compact religion table total persons (Insgesamt) for the Kreis and wave. The religion variable RELZG2 records legal membership in a public-law religious society; it is not a belief or attendance measure.",7533,12.74,,,,,,147.79,,,"zensus-2011-1000x-1014-religion-geolk1|bkg-vg250-krs-2011-01-01","legal_membership_public_law_religious_society;compact_residual_other_none_no_response;no_religion_not_separable;period_boundary_vintage"
"DE","de-kreis-2011-bkg-vg250","kreis","de-kreis-2011-bkg-vg250:12054","12054","Potsdam, Stadt",2011,156021,"Zensus compact religion table total persons (Insgesamt) for the Kreis and wave. The religion variable RELZG2 records legal membership in a public-law religious society; it is not a belief or attendance measure.",29697,19.03,,,,,,187.34,,,"zensus-2011-1000x-1014-religion-geolk1|bkg-vg250-krs-2011-01-01","legal_membership_public_law_religious_society;compact_residual_other_none_no_response;no_religion_not_separable;period_boundary_vintage"
"DE","de-kreis-2011-bkg-vg250","kreis","de-kreis-2011-bkg-vg250:12060","12060","Barnim",2011,172164,"Zensus compact religion table total persons (Insgesamt) for the Kreis and wave. The religion variable RELZG2 records legal membership in a public-law religious society; it is not a belief or attendance measure.",26160,15.19,,,,,,1480.88,,,"zensus-2011-1000x-1014-religion-geolk1|bkg-vg250-krs-2011-01-01","legal_membership_public_law_religious_society;compact_residual_other_none_no_response;no_religion_not_separable;period_boundary_vintage"
"DE","de-kreis-2011-bkg-vg250","kreis","de-kreis-2011-bkg-vg250:12061","12061","Dahme-Spreewald",2011,160162,"Zensus compact religion table total persons (Insgesamt) for the Kreis and wave. The religion variable RELZG2 records legal membership in a public-law religious society; it is not a belief or attendance measure.",35246,22.01,,,,,,2276.37,,,"zensus-2011-1000x-1014-religion-geolk1|bkg-vg250-krs-2011-01-01","legal_membership_public_law_religious_society;compact_residual_other_none_no_response;no_religion_not_separable;period_boundary_vintage"
"DE","de-kreis-2011-bkg-vg250","kreis","de-kreis-2011-bkg-vg250:12062","12062","Elbe-Elster",2011,110189,"Zensus compact religion table total persons (Insgesamt) for the Kreis and wave. The religion variable RELZG2 records legal membership in a public-law religious society; it is not a belief or attendance measure.",33051,29.99,,,,,,1900.89,,,"zensus-2011-1000x-1014-religion-geolk1|bkg-vg250-krs-2011-01-01","legal_membership_public_law_religious_society;compact_residual_other_none_no_response;no_religion_not_separable;period_boundary_vintage"
"DE","de-kreis-2011-bkg-vg250","kreis","de-kreis-2011-bkg-vg250:12063","12063","Havelland",2011,152457,"Zensus compact religion table total persons (Insgesamt) for the Kreis and wave. The religion variable RELZG2 records legal membership in a public-law religious society; it is not a belief or attendance measure.",34020,22.31,,,,,,1727.04,,,"zensus-2011-1000x-1014-religion-geolk1|bkg-vg250-krs-2011-01-01","legal_membership_public_law_religious_society;compact_residual_other_none_no_response;no_religion_not_separable;period_boundary_vintage"
"DE","de-kreis-2011-bkg-vg250","kreis","de-kreis-2011-bkg-vg250:12064","12064","Märkisch-Oderland",2011,187374,"Zensus compact religion table total persons (Insgesamt) for the Kreis and wave. The religion variable RELZG2 records legal membership in a public-law religious society; it is not a belief or attendance measure.",27948,14.92,,,,,,2157.59,,,"zensus-2011-1000x-1014-religion-geolk1|bkg-vg250-krs-2011-01-01","legal_membership_public_law_religious_society;compact_residual_other_none_no_response;no_religion_not_separable;period_boundary_vintage"
"DE","de-kreis-2011-bkg-vg250","kreis","de-kreis-2011-bkg-vg250:12065","12065","Oberhavel",2011,200805,"Zensus compact religion table total persons (Insgesamt) for the Kreis and wave. The religion variable RELZG2 records legal membership in a public-law religious society; it is not a belief or attendance measure.",41779,20.81,,,,,,1808.14,,,"zensus-2011-1000x-1014-religion-geolk1|bkg-vg250-krs-2011-01-01","legal_membership_public_law_religious_society;compact_residual_other_none_no_response;no_religion_not_separable;period_boundary_vintage"
"DE","de-kreis-2011-bkg-vg250","kreis","de-kreis-2011-bkg-vg250:12066","12066","Oberspreewald-Lausitz",2011,117943,"Zensus compact religion table total persons (Insgesamt) for the Kreis and wave. The religion variable RELZG2 records legal membership in a public-law religious society; it is not a belief or attendance measure.",22069,18.71,,,,,,1222.78,,,"zensus-2011-1000x-1014-religion-geolk1|bkg-vg250-krs-2011-01-01","legal_membership_public_law_religious_society;compact_residual_other_none_no_response;no_religion_not_separable;period_boundary_vintage"
"DE","de-kreis-2011-bkg-vg250","kreis","de-kreis-2011-bkg-vg250:12067","12067","Oder-Spree",2011,178177,"Zensus compact religion table total persons (Insgesamt) for the Kreis and wave. The religion variable RELZG2 records legal membership in a public-law religious society; it is not a belief or attendance measure.",29527,16.57,,,,,,2257.32,,,"zensus-2011-1000x-1014-religion-geolk1|bkg-vg250-krs-2011-01-01","legal_membership_public_law_religious_society;compact_residual_other_none_no_response;no_religion_not_separable;period_boundary_vintage"
"DE","de-kreis-2011-bkg-vg250","kreis","de-kreis-2011-bkg-vg250:12068","12068","Ostprignitz-Ruppin",2011,100242,"Zensus compact religion table total persons (Insgesamt) for the Kreis and wave. The religion variable RELZG2 records legal membership in a public-law religious society; it is not a belief or attendance measure.",27072,27.01,,,,,,2526.07,,,"zensus-2011-1000x-1014-religion-geolk1|bkg-vg250-krs-2011-01-01","legal_membership_public_law_religious_society;compact_residual_other_none_no_response;no_religion_not_separable;period_boundary_vintage"
"DE","de-kreis-2011-bkg-vg250","kreis","de-kreis-2011-bkg-vg250:12069","12069","Potsdam-Mittelmark",2011,202816,"Zensus compact religion table total persons (Insgesamt) for the Kreis and wave. The religion variable RELZG2 records legal membership in a public-law religious society; it is not a belief or attendance measure.",51645,25.46,,,,,,2593.65,,,"zensus-2011-1000x-1014-religion-geolk1|bkg-vg250-krs-2011-01-01","legal_membership_public_law_religious_society;compact_residual_other_none_no_response;no_religion_not_separable;period_boundary_vintage"
"DE","de-kreis-2011-bkg-vg250","kreis","de-kreis-2011-bkg-vg250:12070","12070","Prignitz",2011,80276,"Zensus compact religion table total persons (Insgesamt) for the Kreis and wave. The religion variable RELZG2 records legal membership in a public-law religious society; it is not a belief or attendance measure.",20205,25.17,,,,,,2138.33,,,"zensus-2011-1000x-1014-religion-geolk1|bkg-vg250-krs-2011-01-01","legal_membership_public_law_religious_society;compact_residual_other_none_no_response;no_religion_not_separable;period_boundary_vintage"
"DE","de-kreis-2011-bkg-vg250","kreis","de-kreis-2011-bkg-vg250:12071","12071","Spree-Neiße",2011,122524,"Zensus compact religion table total persons (Insgesamt) for the Kreis and wave. The religion variable RELZG2 records legal membership in a public-law religious society; it is not a belief or attendance measure.",27539,22.48,,,,,,1656.55,,,"zensus-2011-1000x-1014-religion-geolk1|bkg-vg250-krs-2011-01-01","legal_membership_public_law_religious_society;compact_residual_other_none_no_response;no_religion_not_separable;period_boundary_vintage"
"DE","de-kreis-2011-bkg-vg250","kreis","de-kreis-2011-bkg-vg250:12072","12072","Teltow-Fläming",2011,159255,"Zensus compact religion table total persons (Insgesamt) for the Kreis and wave. The religion variable RELZG2 records legal membership in a public-law religious society; it is not a belief or attendance measure.",34744,21.82,,,,,,2103.46,,,"zensus-2011-1000x-1014-religion-geolk1|bkg-vg250-krs-2011-01-01","legal_membership_public_law_religious_society;compact_residual_other_none_no_response;no_religion_not_separable;period_boundary_vintage"
"DE","de-kreis-2011-bkg-vg250","kreis","de-kreis-2011-bkg-vg250:12073","12073","Uckermark",2011,124682,"Zensus compact religion table total persons (Insgesamt) for the Kreis and wave. The religion variable RELZG2 records legal membership in a public-law religious society; it is not a belief or attendance measure.",26604,21.34,,,,,,3075.68,,,"zensus-2011-1000x-1014-religion-geolk1|bkg-vg250-krs-2011-01-01","legal_membership_public_law_religious_society;compact_residual_other_none_no_response;no_religion_not_separable;period_boundary_vintage"
"DE","de-kreis-2011-bkg-vg250","kreis","de-kreis-2011-bkg-vg250:13001","13001","Greifswald",2011,55447,"Zensus compact religion table total persons (Insgesamt) for the Kreis and wave. The religion variable RELZG2 records legal membership in a public-law religious society; it is not a belief or attendance measure.",10858,19.58,,,,,,51.24,,,"zensus-2011-1000x-1014-religion-geolk1|bkg-vg250-krs-2011-01-01","legal_membership_public_law_religious_society;compact_residual_other_none_no_response;no_religion_not_separable;period_boundary_vintage"
"DE","de-kreis-2011-bkg-vg250","kreis","de-kreis-2011-bkg-vg250:13002","13002","Neubrandenburg",2011,64111,"Zensus compact religion table total persons (Insgesamt) for the Kreis and wave. The religion variable RELZG2 records legal membership in a public-law religious society; it is not a belief or attendance measure.",8404,13.11,,,,,,85.72,,,"zensus-2011-1000x-1014-religion-geolk1|bkg-vg250-krs-2011-01-01","legal_membership_public_law_religious_society;compact_residual_other_none_no_response;no_religion_not_separable;period_boundary_vintage"
"DE","de-kreis-2011-bkg-vg250","kreis","de-kreis-2011-bkg-vg250:13003","13003","Rostock",2011,200265,"Zensus compact religion table total persons (Insgesamt) for the Kreis and wave. The religion variable RELZG2 records legal membership in a public-law religious society; it is not a belief or attendance measure.",26680,13.32,,,,,,181.33,,,"zensus-2011-1000x-1014-religion-geolk1|bkg-vg250-krs-2011-01-01","legal_membership_public_law_religious_society;compact_residual_other_none_no_response;no_religion_not_separable;period_boundary_vintage"
"DE","de-kreis-2011-bkg-vg250","kreis","de-kreis-2011-bkg-vg250:13004","13004","Schwerin",2011,91293,"Zensus compact religion table total persons (Insgesamt) for the Kreis and wave. The religion variable RELZG2 records legal membership in a public-law religious society; it is not a belief or attendance measure.",14552,15.94,,,,,,129.93,,,"zensus-2011-1000x-1014-religion-geolk1|bkg-vg250-krs-2011-01-01","legal_membership_public_law_religious_society;compact_residual_other_none_no_response;no_religion_not_separable;period_boundary_vintage"
"DE","de-kreis-2011-bkg-vg250","kreis","de-kreis-2011-bkg-vg250:13005","13005","Stralsund",2011,56729,"Zensus compact religion table total persons (Insgesamt) for the Kreis and wave. The religion variable RELZG2 records legal membership in a public-law religious society; it is not a belief or attendance measure.",8172,14.41,,,,,,54.33,,,"zensus-2011-1000x-1014-religion-geolk1|bkg-vg250-krs-2011-01-01","legal_membership_public_law_religious_society;compact_residual_other_none_no_response;no_religion_not_separable;period_boundary_vintage"
"DE","de-kreis-2011-bkg-vg250","kreis","de-kreis-2011-bkg-vg250:13006","13006","Wismar",2011,42468,"Zensus compact religion table total persons (Insgesamt) for the Kreis and wave. The religion variable RELZG2 records legal membership in a public-law religious society; it is not a belief or attendance measure.",5280,12.43,,,,,,41.24,,,"zensus-2011-1000x-1014-religion-geolk1|bkg-vg250-krs-2011-01-01","legal_membership_public_law_religious_society;compact_residual_other_none_no_response;no_religion_not_separable;period_boundary_vintage"
"DE","de-kreis-2011-bkg-vg250","kreis","de-kreis-2011-bkg-vg250:13051","13051","Bad Doberan",2011,115654,"Zensus compact religion table total persons (Insgesamt) for the Kreis and wave. The religion variable RELZG2 records legal membership in a public-law religious society; it is not a belief or attendance measure.",23448,20.27,,,,,,1365.1,,,"zensus-2011-1000x-1014-religion-geolk1|bkg-vg250-krs-2011-01-01","legal_membership_public_law_religious_society;compact_residual_other_none_no_response;no_religion_not_separable;period_boundary_vintage"
"DE","de-kreis-2011-bkg-vg250","kreis","de-kreis-2011-bkg-vg250:13052","13052","Demmin",2011,77572,"Zensus compact religion table total persons (Insgesamt) for the Kreis and wave. The religion variable RELZG2 records legal membership in a public-law religious society; it is not a belief or attendance measure.",22245,28.68,,,,,,1934.97,,,"zensus-2011-1000x-1014-religion-geolk1|bkg-vg250-krs-2011-01-01","legal_membership_public_law_religious_society;compact_residual_other_none_no_response;no_religion_not_separable;period_boundary_vintage"
"DE","de-kreis-2011-bkg-vg250","kreis","de-kreis-2011-bkg-vg250:13053","13053","Güstrow",2011,96905,"Zensus compact religion table total persons (Insgesamt) for the Kreis and wave. The religion variable RELZG2 records legal membership in a public-law religious society; it is not a belief or attendance measure.",22663,23.39,,,,,,2063.86,,,"zensus-2011-1000x-1014-religion-geolk1|bkg-vg250-krs-2011-01-01","legal_membership_public_law_religious_society;compact_residual_other_none_no_response;no_religion_not_separable;period_boundary_vintage"
"DE","de-kreis-2011-bkg-vg250","kreis","de-kreis-2011-bkg-vg250:13054","13054","Ludwigslust",2011,120926,"Zensus compact religion table total persons (Insgesamt) for the Kreis and wave. The religion variable RELZG2 records legal membership in a public-law religious society; it is not a belief or attendance measure.",32275,26.69,,,,,,2528.55,,,"zensus-2011-1000x-1014-religion-geolk1|bkg-vg250-krs-2011-01-01","legal_membership_public_law_religious_society;compact_residual_other_none_no_response;no_religion_not_separable;period_boundary_vintage"
"DE","de-kreis-2011-bkg-vg250","kreis","de-kreis-2011-bkg-vg250:13055","13055","Mecklenburg-Strelitz",2011,76008,"Zensus compact religion table total persons (Insgesamt) for the Kreis and wave. The religion variable RELZG2 records legal membership in a public-law religious society; it is not a belief or attendance measure.",16248,21.38,,,,,,2099.22,,,"zensus-2011-1000x-1014-religion-geolk1|bkg-vg250-krs-2011-01-01","legal_membership_public_law_religious_society;compact_residual_other_none_no_response;no_religion_not_separable;period_boundary_vintage"
"DE","de-kreis-2011-bkg-vg250","kreis","de-kreis-2011-bkg-vg250:13056","13056","Müritz",2011,63719,"Zensus compact religion table total persons (Insgesamt) for the Kreis and wave. The religion variable RELZG2 records legal membership in a public-law religious society; it is not a belief or attendance measure.",15239,23.92,,,,,,1719.13,,,"zensus-2011-1000x-1014-religion-geolk1|bkg-vg250-krs-2011-01-01","legal_membership_public_law_religious_society;compact_residual_other_none_no_response;no_religion_not_separable;period_boundary_vintage"
"DE","de-kreis-2011-bkg-vg250","kreis","de-kreis-2011-bkg-vg250:13057","13057","Nordvorpommern",2011,103288,"Zensus compact religion table total persons (Insgesamt) for the Kreis and wave. The religion variable RELZG2 records legal membership in a public-law religious society; it is not a belief or attendance measure.",19288,18.67,,,,,,2172.55,,,"zensus-2011-1000x-1014-religion-geolk1|bkg-vg250-krs-2011-01-01","legal_membership_public_law_religious_society;compact_residual_other_none_no_response;no_religion_not_separable;period_boundary_vintage"
"DE","de-kreis-2011-bkg-vg250","kreis","de-kreis-2011-bkg-vg250:13058","13058","Nordwestmecklenburg",2011,114167,"Zensus compact religion table total persons (Insgesamt) for the Kreis and wave. The religion variable RELZG2 records legal membership in a public-law religious society; it is not a belief or attendance measure.",27402,24,,,,,,2083.62,,,"zensus-2011-1000x-1014-religion-geolk1|bkg-vg250-krs-2011-01-01","legal_membership_public_law_religious_society;compact_residual_other_none_no_response;no_religion_not_separable;period_boundary_vintage"
"DE","de-kreis-2011-bkg-vg250","kreis","de-kreis-2011-bkg-vg250:13059","13059","Ostvorpommern",2011,102879,"Zensus compact religion table total persons (Insgesamt) for the Kreis and wave. The religion variable RELZG2 records legal membership in a public-law religious society; it is not a belief or attendance measure.",26903,26.15,,,,,,1910.84,,,"zensus-2011-1000x-1014-religion-geolk1|bkg-vg250-krs-2011-01-01","legal_membership_public_law_religious_society;compact_residual_other_none_no_response;no_religion_not_separable;period_boundary_vintage"
"DE","de-kreis-2011-bkg-vg250","kreis","de-kreis-2011-bkg-vg250:13060","13060","Parchim",2011,93446,"Zensus compact religion table total persons (Insgesamt) for the Kreis and wave. The religion variable RELZG2 records legal membership in a public-law religious society; it is not a belief or attendance measure.",23911,25.59,,,,,,2239.82,,,"zensus-2011-1000x-1014-religion-geolk1|bkg-vg250-krs-2011-01-01","legal_membership_public_law_religious_society;compact_residual_other_none_no_response;no_religion_not_separable;period_boundary_vintage"
"DE","de-kreis-2011-bkg-vg250","kreis","de-kreis-2011-bkg-vg250:13061","13061","Rügen",2011,65495,"Zensus compact religion table total persons (Insgesamt) for the Kreis and wave. The religion variable RELZG2 records legal membership in a public-law religious society; it is not a belief or attendance measure.",11796,18.01,,,,,,974.79,,,"zensus-2011-1000x-1014-religion-geolk1|bkg-vg250-krs-2011-01-01","legal_membership_public_law_religious_society;compact_residual_other_none_no_response;no_religion_not_separable;period_boundary_vintage"
"DE","de-kreis-2011-bkg-vg250","kreis","de-kreis-2011-bkg-vg250:13062","13062","Uecker-Randow",2011,69610,"Zensus compact religion table total persons (Insgesamt) for the Kreis and wave. The religion variable RELZG2 records legal membership in a public-law religious society; it is not a belief or attendance measure.",14718,21.14,,,,,,1643.73,,,"zensus-2011-1000x-1014-religion-geolk1|bkg-vg250-krs-2011-01-01","legal_membership_public_law_religious_society;compact_residual_other_none_no_response;no_religion_not_separable;period_boundary_vintage"
"DE","de-kreis-2011-bkg-vg250","kreis","de-kreis-2011-bkg-vg250:14511","14511","Chemnitz, Stadt",2011,240253,"Zensus compact religion table total persons (Insgesamt) for the Kreis and wave. The religion variable RELZG2 records legal membership in a public-law religious society; it is not a belief or attendance measure.",36040,15,,,,,,221.38,,,"zensus-2011-1000x-1014-religion-geolk1|bkg-vg250-krs-2011-01-01","legal_membership_public_law_religious_society;compact_residual_other_none_no_response;no_religion_not_separable;period_boundary_vintage"
"DE","de-kreis-2011-bkg-vg250","kreis","de-kreis-2011-bkg-vg250:14521","14521","Erzgebirgskreis",2011,361791,"Zensus compact religion table total persons (Insgesamt) for the Kreis and wave. The religion variable RELZG2 records legal membership in a public-law religious society; it is not a belief or attendance measure.",133804,36.98,,,,,,1827.06,,,"zensus-2011-1000x-1014-religion-geolk1|bkg-vg250-krs-2011-01-01","legal_membership_public_law_religious_society;compact_residual_other_none_no_response;no_religion_not_separable;period_boundary_vintage"
"DE","de-kreis-2011-bkg-vg250","kreis","de-kreis-2011-bkg-vg250:14522","14522","Mittelsachsen",2011,322077,"Zensus compact religion table total persons (Insgesamt) for the Kreis and wave. The religion variable RELZG2 records legal membership in a public-law religious society; it is not a belief or attendance measure.",80862,25.11,,,,,,2114.54,,,"zensus-2011-1000x-1014-religion-geolk1|bkg-vg250-krs-2011-01-01","legal_membership_public_law_religious_society;compact_residual_other_none_no_response;no_religion_not_separable;period_boundary_vintage"
"DE","de-kreis-2011-bkg-vg250","kreis","de-kreis-2011-bkg-vg250:14523","14523","Vogtlandkreis",2011,240053,"Zensus compact religion table total persons (Insgesamt) for the Kreis and wave. The religion variable RELZG2 records legal membership in a public-law religious society; it is not a belief or attendance measure.",70786,29.49,,,,,,1412.32,,,"zensus-2011-1000x-1014-religion-geolk1|bkg-vg250-krs-2011-01-01","legal_membership_public_law_religious_society;compact_residual_other_none_no_response;no_religion_not_separable;period_boundary_vintage"
"DE","de-kreis-2011-bkg-vg250","kreis","de-kreis-2011-bkg-vg250:14524","14524","Zwickau",2011,335220,"Zensus compact religion table total persons (Insgesamt) for the Kreis and wave. The religion variable RELZG2 records legal membership in a public-law religious society; it is not a belief or attendance measure.",81963,24.45,,,,,,949.56,,,"zensus-2011-1000x-1014-religion-geolk1|bkg-vg250-krs-2011-01-01","legal_membership_public_law_religious_society;compact_residual_other_none_no_response;no_religion_not_separable;period_boundary_vintage"
"DE","de-kreis-2011-bkg-vg250","kreis","de-kreis-2011-bkg-vg250:14612","14612","Dresden, Stadt",2011,512354,"Zensus compact religion table total persons (Insgesamt) for the Kreis and wave. The religion variable RELZG2 records legal membership in a public-law religious society; it is not a belief or attendance measure.",100418,19.6,,,,,,328.01,,,"zensus-2011-1000x-1014-religion-geolk1|bkg-vg250-krs-2011-01-01","legal_membership_public_law_religious_society;compact_residual_other_none_no_response;no_religion_not_separable;period_boundary_vintage"
"DE","de-kreis-2011-bkg-vg250","kreis","de-kreis-2011-bkg-vg250:14625","14625","Bautzen",2011,315174,"Zensus compact religion table total persons (Insgesamt) for the Kreis and wave. The religion variable RELZG2 records legal membership in a public-law religious society; it is not a belief or attendance measure.",100513,31.89,,,,,,2395.79,,,"zensus-2011-1000x-1014-religion-geolk1|bkg-vg250-krs-2011-01-01","legal_membership_public_law_religious_society;compact_residual_other_none_no_response;no_religion_not_separable;period_boundary_vintage"
"DE","de-kreis-2011-bkg-vg250","kreis","de-kreis-2011-bkg-vg250:14626","14626","Görlitz",2011,269647,"Zensus compact religion table total persons (Insgesamt) for the Kreis and wave. The religion variable RELZG2 records legal membership in a public-law religious society; it is not a belief or attendance measure.",77344,28.68,,,,,,2111.16,,,"zensus-2011-1000x-1014-religion-geolk1|bkg-vg250-krs-2011-01-01","legal_membership_public_law_religious_society;compact_residual_other_none_no_response;no_religion_not_separable;period_boundary_vintage"
"DE","de-kreis-2011-bkg-vg250","kreis","de-kreis-2011-bkg-vg250:14627","14627","Meißen",2011,247054,"Zensus compact religion table total persons (Insgesamt) for the Kreis and wave. The religion variable RELZG2 records legal membership in a public-law religious society; it is not a belief or attendance measure.",59463,24.07,,,,,,1457.85,,,"zensus-2011-1000x-1014-religion-geolk1|bkg-vg250-krs-2011-01-01","legal_membership_public_law_religious_society;compact_residual_other_none_no_response;no_religion_not_separable;period_boundary_vintage"
"DE","de-kreis-2011-bkg-vg250","kreis","de-kreis-2011-bkg-vg250:14628","14628","Sächsische Schweiz-Osterzgebirge",2011,246818,"Zensus compact religion table total persons (Insgesamt) for the Kreis and wave. The religion variable RELZG2 records legal membership in a public-law religious society; it is not a belief or attendance measure.",54955,22.27,,,,,,1653.63,,,"zensus-2011-1000x-1014-religion-geolk1|bkg-vg250-krs-2011-01-01","legal_membership_public_law_religious_society;compact_residual_other_none_no_response;no_religion_not_separable;period_boundary_vintage"
"DE","de-kreis-2011-bkg-vg250","kreis","de-kreis-2011-bkg-vg250:14713","14713","Leipzig, Stadt",2011,502979,"Zensus compact religion table total persons (Insgesamt) for the Kreis and wave. The religion variable RELZG2 records legal membership in a public-law religious society; it is not a belief or attendance measure.",79493,15.8,,,,,,298.75,,,"zensus-2011-1000x-1014-religion-geolk1|bkg-vg250-krs-2011-01-01","legal_membership_public_law_religious_society;compact_residual_other_none_no_response;no_religion_not_separable;period_boundary_vintage"
"DE","de-kreis-2011-bkg-vg250","kreis","de-kreis-2011-bkg-vg250:14729","14729","Leipzig",2011,262214,"Zensus compact religion table total persons (Insgesamt) for the Kreis and wave. The religion variable RELZG2 records legal membership in a public-law religious society; it is not a belief or attendance measure.",52975,20.2,,,,,,1651.51,,,"zensus-2011-1000x-1014-religion-geolk1|bkg-vg250-krs-2011-01-01","legal_membership_public_law_religious_society;compact_residual_other_none_no_response;no_religion_not_separable;period_boundary_vintage"
"DE","de-kreis-2011-bkg-vg250","kreis","de-kreis-2011-bkg-vg250:14730","14730","Nordsachsen",2011,201165,"Zensus compact religion table total persons (Insgesamt) for the Kreis and wave. The religion variable RELZG2 records legal membership in a public-law religious society; it is not a belief or attendance measure.",37688,18.73,,,,,,2028.5,,,"zensus-2011-1000x-1014-religion-geolk1|bkg-vg250-krs-2011-01-01","legal_membership_public_law_religious_society;compact_residual_other_none_no_response;no_religion_not_separable;period_boundary_vintage"
"DE","de-kreis-2011-bkg-vg250","kreis","de-kreis-2011-bkg-vg250:15001","15001","Dessau-Roßlau, Stadt",2011,86030,"Zensus compact religion table total persons (Insgesamt) for the Kreis and wave. The religion variable RELZG2 records legal membership in a public-law religious society; it is not a belief or attendance measure.",12152,14.13,,,,,,246.26,,,"zensus-2011-1000x-1014-religion-geolk1|bkg-vg250-krs-2011-01-01","legal_membership_public_law_religious_society;compact_residual_other_none_no_response;no_religion_not_separable;period_boundary_vintage"
"DE","de-kreis-2011-bkg-vg250","kreis","de-kreis-2011-bkg-vg250:15002","15002","Halle (Saale), Stadt",2011,229153,"Zensus compact religion table total persons (Insgesamt) for the Kreis and wave. The religion variable RELZG2 records legal membership in a public-law religious society; it is not a belief or attendance measure.",29527,12.89,,,,,,135.77,,,"zensus-2011-1000x-1014-religion-geolk1|bkg-vg250-krs-2011-01-01","legal_membership_public_law_religious_society;compact_residual_other_none_no_response;no_religion_not_separable;period_boundary_vintage"
"DE","de-kreis-2011-bkg-vg250","kreis","de-kreis-2011-bkg-vg250:15003","15003","Magdeburg, Landeshauptstadt",2011,228144,"Zensus compact religion table total persons (Insgesamt) for the Kreis and wave. The religion variable RELZG2 records legal membership in a public-law religious society; it is not a belief or attendance measure.",28765,12.61,,,,,,200.59,,,"zensus-2011-1000x-1014-religion-geolk1|bkg-vg250-krs-2011-01-01","legal_membership_public_law_religious_society;compact_residual_other_none_no_response;no_religion_not_separable;period_boundary_vintage"
"DE","de-kreis-2011-bkg-vg250","kreis","de-kreis-2011-bkg-vg250:15081","15081","Altmarkkreis Salzwedel",2011,88241,"Zensus compact religion table total persons (Insgesamt) for the Kreis and wave. The religion variable RELZG2 records legal membership in a public-law religious society; it is not a belief or attendance measure.",26237,29.73,,,,,,2304.14,,,"zensus-2011-1000x-1014-religion-geolk1|bkg-vg250-krs-2011-01-01","legal_membership_public_law_religious_society;compact_residual_other_none_no_response;no_religion_not_separable;period_boundary_vintage"
"DE","de-kreis-2011-bkg-vg250","kreis","de-kreis-2011-bkg-vg250:15082","15082","Anhalt-Bitterfeld",2011,172127,"Zensus compact religion table total persons (Insgesamt) for the Kreis and wave. The religion variable RELZG2 records legal membership in a public-law religious society; it is not a belief or attendance measure.",28265,16.42,,,,,,1460.17,,,"zensus-2011-1000x-1014-religion-geolk1|bkg-vg250-krs-2011-01-01","legal_membership_public_law_religious_society;compact_residual_other_none_no_response;no_religion_not_separable;period_boundary_vintage"
"DE","de-kreis-2011-bkg-vg250","kreis","de-kreis-2011-bkg-vg250:15083","15083","Börde",2011,176048,"Zensus compact religion table total persons (Insgesamt) for the Kreis and wave. The religion variable RELZG2 records legal membership in a public-law religious society; it is not a belief or attendance measure.",36604,20.79,,,,,,2378.27,,,"zensus-2011-1000x-1014-religion-geolk1|bkg-vg250-krs-2011-01-01","legal_membership_public_law_religious_society;compact_residual_other_none_no_response;no_religion_not_separable;period_boundary_vintage"
"DE","de-kreis-2011-bkg-vg250","kreis","de-kreis-2011-bkg-vg250:15084","15084","Burgenlandkreis",2011,189729,"Zensus compact religion table total persons (Insgesamt) for the Kreis and wave. The religion variable RELZG2 records legal membership in a public-law religious society; it is not a belief or attendance measure.",31886,16.81,,,,,,1418.76,,,"zensus-2011-1000x-1014-religion-geolk1|bkg-vg250-krs-2011-01-01","legal_membership_public_law_religious_society;compact_residual_other_none_no_response;no_religion_not_separable;period_boundary_vintage"
"DE","de-kreis-2011-bkg-vg250","kreis","de-kreis-2011-bkg-vg250:15085","15085","Harz",2011,226495,"Zensus compact religion table total persons (Insgesamt) for the Kreis and wave. The religion variable RELZG2 records legal membership in a public-law religious society; it is not a belief or attendance measure.",42779,18.89,,,,,,2107.92,,,"zensus-2011-1000x-1014-religion-geolk1|bkg-vg250-krs-2011-01-01","legal_membership_public_law_religious_society;compact_residual_other_none_no_response;no_religion_not_separable;period_boundary_vintage"
"DE","de-kreis-2011-bkg-vg250","kreis","de-kreis-2011-bkg-vg250:15086","15086","Jerichower Land",2011,93849,"Zensus compact religion table total persons (Insgesamt) for the Kreis and wave. The religion variable RELZG2 records legal membership in a public-law religious society; it is not a belief or attendance measure.",16224,17.29,,,,,,1589.19,,,"zensus-2011-1000x-1014-religion-geolk1|bkg-vg250-krs-2011-01-01","legal_membership_public_law_religious_society;compact_residual_other_none_no_response;no_religion_not_separable;period_boundary_vintage"
"DE","de-kreis-2011-bkg-vg250","kreis","de-kreis-2011-bkg-vg250:15087","15087","Mansfeld-Südharz",2011,147887,"Zensus compact religion table total persons (Insgesamt) for the Kreis and wave. The religion variable RELZG2 records legal membership in a public-law religious society; it is not a belief or attendance measure.",22480,15.2,,,,,,1455.9,,,"zensus-2011-1000x-1014-religion-geolk1|bkg-vg250-krs-2011-01-01","legal_membership_public_law_religious_society;compact_residual_other_none_no_response;no_religion_not_separable;period_boundary_vintage"
"DE","de-kreis-2011-bkg-vg250","kreis","de-kreis-2011-bkg-vg250:15088","15088","Saalekreis",2011,191681,"Zensus compact religion table total persons (Insgesamt) for the Kreis and wave. The religion variable RELZG2 records legal membership in a public-law religious society; it is not a belief or attendance measure.",27689,14.45,,,,,,1440.35,,,"zensus-2011-1000x-1014-religion-geolk1|bkg-vg250-krs-2011-01-01","legal_membership_public_law_religious_society;compact_residual_other_none_no_response;no_religion_not_separable;period_boundary_vintage"
"DE","de-kreis-2011-bkg-vg250","kreis","de-kreis-2011-bkg-vg250:15089","15089","Salzlandkreis",2011,205458,"Zensus compact religion table total persons (Insgesamt) for the Kreis and wave. The religion variable RELZG2 records legal membership in a public-law religious society; it is not a belief or attendance measure.",31335,15.25,,,,,,1434.39,,,"zensus-2011-1000x-1014-religion-geolk1|bkg-vg250-krs-2011-01-01","legal_membership_public_law_religious_society;compact_residual_other_none_no_response;no_religion_not_separable;period_boundary_vintage"
"DE","de-kreis-2011-bkg-vg250","kreis","de-kreis-2011-bkg-vg250:15090","15090","Stendal",2011,119204,"Zensus compact religion table total persons (Insgesamt) for the Kreis and wave. The religion variable RELZG2 records legal membership in a public-law religious society; it is not a belief or attendance measure.",26994,22.65,,,,,,2437.41,,,"zensus-2011-1000x-1014-religion-geolk1|bkg-vg250-krs-2011-01-01","legal_membership_public_law_religious_society;compact_residual_other_none_no_response;no_religion_not_separable;period_boundary_vintage"
"DE","de-kreis-2011-bkg-vg250","kreis","de-kreis-2011-bkg-vg250:15091","15091","Wittenberg",2011,132994,"Zensus compact religion table total persons (Insgesamt) for the Kreis and wave. The religion variable RELZG2 records legal membership in a public-law religious society; it is not a belief or attendance measure.",27442,20.63,,,,,,1941.83,,,"zensus-2011-1000x-1014-religion-geolk1|bkg-vg250-krs-2011-01-01","legal_membership_public_law_religious_society;compact_residual_other_none_no_response;no_religion_not_separable;period_boundary_vintage"
"DE","de-kreis-2011-bkg-vg250","kreis","de-kreis-2011-bkg-vg250:16051","16051","Erfurt, Stadt",2011,200868,"Zensus compact religion table total persons (Insgesamt) for the Kreis and wave. The religion variable RELZG2 records legal membership in a public-law religious society; it is not a belief or attendance measure.",40427,20.13,,,,,,271.04,,,"zensus-2011-1000x-1014-religion-geolk1|bkg-vg250-krs-2011-01-01","legal_membership_public_law_religious_society;compact_residual_other_none_no_response;no_religion_not_separable;period_boundary_vintage"
"DE","de-kreis-2011-bkg-vg250","kreis","de-kreis-2011-bkg-vg250:16052","16052","Gera, Stadt",2011,96067,"Zensus compact religion table total persons (Insgesamt) for the Kreis and wave. The religion variable RELZG2 records legal membership in a public-law religious society; it is not a belief or attendance measure.",13303,13.85,,,,,,152.25,,,"zensus-2011-1000x-1014-religion-geolk1|bkg-vg250-krs-2011-01-01","legal_membership_public_law_religious_society;compact_residual_other_none_no_response;no_religion_not_separable;period_boundary_vintage"
"DE","de-kreis-2011-bkg-vg250","kreis","de-kreis-2011-bkg-vg250:16053","16053","Jena, Stadt",2011,105739,"Zensus compact religion table total persons (Insgesamt) for the Kreis and wave. The religion variable RELZG2 records legal membership in a public-law religious society; it is not a belief or attendance measure.",21908,20.72,,,,,,114.86,,,"zensus-2011-1000x-1014-religion-geolk1|bkg-vg250-krs-2011-01-01","legal_membership_public_law_religious_society;compact_residual_other_none_no_response;no_religion_not_separable;period_boundary_vintage"
"DE","de-kreis-2011-bkg-vg250","kreis","de-kreis-2011-bkg-vg250:16054","16054","Suhl, Stadt",2011,36960,"Zensus compact religion table total persons (Insgesamt) for the Kreis and wave. The religion variable RELZG2 records legal membership in a public-law religious society; it is not a belief or attendance measure.",5335,14.43,,,,,,102.42,,,"zensus-2011-1000x-1014-religion-geolk1|bkg-vg250-krs-2011-01-01","legal_membership_public_law_religious_society;compact_residual_other_none_no_response;no_religion_not_separable;period_boundary_vintage"
"DE","de-kreis-2011-bkg-vg250","kreis","de-kreis-2011-bkg-vg250:16055","16055","Weimar, Stadt",2011,62764,"Zensus compact religion table total persons (Insgesamt) for the Kreis and wave. The religion variable RELZG2 records legal membership in a public-law religious society; it is not a belief or attendance measure.",3727,5.94,,,,,,84.42,,,"zensus-2011-1000x-1014-religion-geolk1|bkg-vg250-krs-2011-01-01","legal_membership_public_law_religious_society;compact_residual_other_none_no_response;no_religion_not_separable;period_boundary_vintage"
"DE","de-kreis-2011-bkg-vg250","kreis","de-kreis-2011-bkg-vg250:16056","16056","Eisenach, Stadt",2011,41753,"Zensus compact religion table total persons (Insgesamt) for the Kreis and wave. The religion variable RELZG2 records legal membership in a public-law religious society; it is not a belief or attendance measure.",10872,26.04,,,,,,104.48,,,"zensus-2011-1000x-1014-religion-geolk1|bkg-vg250-krs-2011-01-01","legal_membership_public_law_religious_society;compact_residual_other_none_no_response;no_religion_not_separable;period_boundary_vintage"
"DE","de-kreis-2011-bkg-vg250","kreis","de-kreis-2011-bkg-vg250:16061","16061","Eichsfeld",2011,102257,"Zensus compact religion table total persons (Insgesamt) for the Kreis and wave. The religion variable RELZG2 records legal membership in a public-law religious society; it is not a belief or attendance measure.",82194,80.38,,,,,,942.11,,,"zensus-2011-1000x-1014-religion-geolk1|bkg-vg250-krs-2011-01-01","legal_membership_public_law_religious_society;compact_residual_other_none_no_response;no_religion_not_separable;period_boundary_vintage"
"DE","de-kreis-2011-bkg-vg250","kreis","de-kreis-2011-bkg-vg250:16062","16062","Nordhausen",2011,87210,"Zensus compact religion table total persons (Insgesamt) for the Kreis and wave. The religion variable RELZG2 records legal membership in a public-law religious society; it is not a belief or attendance measure.",23611,27.07,,,,,,713.56,,,"zensus-2011-1000x-1014-religion-geolk1|bkg-vg250-krs-2011-01-01","legal_membership_public_law_religious_society;compact_residual_other_none_no_response;no_religion_not_separable;period_boundary_vintage"
"DE","de-kreis-2011-bkg-vg250","kreis","de-kreis-2011-bkg-vg250:16063","16063","Wartburgkreis",2011,128719,"Zensus compact religion table total persons (Insgesamt) for the Kreis and wave. The religion variable RELZG2 records legal membership in a public-law religious society; it is not a belief or attendance measure.",59203,45.99,,,,,,1305.76,,,"zensus-2011-1000x-1014-religion-geolk1|bkg-vg250-krs-2011-01-01","legal_membership_public_law_religious_society;compact_residual_other_none_no_response;no_religion_not_separable;period_boundary_vintage"
"DE","de-kreis-2011-bkg-vg250","kreis","de-kreis-2011-bkg-vg250:16064","16064","Unstrut-Hainich-Kreis",2011,106122,"Zensus compact religion table total persons (Insgesamt) for the Kreis and wave. The religion variable RELZG2 records legal membership in a public-law religious society; it is not a belief or attendance measure.",45638,43.01,,,,,,979.01,,,"zensus-2011-1000x-1014-religion-geolk1|bkg-vg250-krs-2011-01-01","legal_membership_public_law_religious_society;compact_residual_other_none_no_response;no_religion_not_separable;period_boundary_vintage"
"DE","de-kreis-2011-bkg-vg250","kreis","de-kreis-2011-bkg-vg250:16065","16065","Kyffhäuserkreis",2011,80053,"Zensus compact religion table total persons (Insgesamt) for the Kreis and wave. The religion variable RELZG2 records legal membership in a public-law religious society; it is not a belief or attendance measure.",21084,26.34,,,,,,1038.25,,,"zensus-2011-1000x-1014-religion-geolk1|bkg-vg250-krs-2011-01-01","legal_membership_public_law_religious_society;compact_residual_other_none_no_response;no_religion_not_separable;period_boundary_vintage"
"DE","de-kreis-2011-bkg-vg250","kreis","de-kreis-2011-bkg-vg250:16066","16066","Schmalkalden-Meiningen",2011,127622,"Zensus compact religion table total persons (Insgesamt) for the Kreis and wave. The religion variable RELZG2 records legal membership in a public-law religious society; it is not a belief or attendance measure.",55489,43.48,,,,,,1210.86,,,"zensus-2011-1000x-1014-religion-geolk1|bkg-vg250-krs-2011-01-01","legal_membership_public_law_religious_society;compact_residual_other_none_no_response;no_religion_not_separable;period_boundary_vintage"
"DE","de-kreis-2011-bkg-vg250","kreis","de-kreis-2011-bkg-vg250:16067","16067","Gotha",2011,136330,"Zensus compact religion table total persons (Insgesamt) for the Kreis and wave. The religion variable RELZG2 records legal membership in a public-law religious society; it is not a belief or attendance measure.",39682,29.11,,,,,,936.01,,,"zensus-2011-1000x-1014-religion-geolk1|bkg-vg250-krs-2011-01-01","legal_membership_public_law_religious_society;compact_residual_other_none_no_response;no_religion_not_separable;period_boundary_vintage"
"DE","de-kreis-2011-bkg-vg250","kreis","de-kreis-2011-bkg-vg250:16068","16068","Sömmerda",2011,71865,"Zensus compact religion table total persons (Insgesamt) for the Kreis and wave. The religion variable RELZG2 records legal membership in a public-law religious society; it is not a belief or attendance measure.",20410,28.4,,,,,,806.93,,,"zensus-2011-1000x-1014-religion-geolk1|bkg-vg250-krs-2011-01-01","legal_membership_public_law_religious_society;compact_residual_other_none_no_response;no_religion_not_separable;period_boundary_vintage"
"DE","de-kreis-2011-bkg-vg250","kreis","de-kreis-2011-bkg-vg250:16069","16069","Hildburghausen",2011,66369,"Zensus compact religion table total persons (Insgesamt) for the Kreis and wave. The religion variable RELZG2 records legal membership in a public-law religious society; it is not a belief or attendance measure.",28198,42.49,,,,,,937.84,,,"zensus-2011-1000x-1014-religion-geolk1|bkg-vg250-krs-2011-01-01","legal_membership_public_law_religious_society;compact_residual_other_none_no_response;no_religion_not_separable;period_boundary_vintage"
"DE","de-kreis-2011-bkg-vg250","kreis","de-kreis-2011-bkg-vg250:16070","16070","Ilm-Kreis",2011,110361,"Zensus compact religion table total persons (Insgesamt) for the Kreis and wave. The religion variable RELZG2 records legal membership in a public-law religious society; it is not a belief or attendance measure.",28486,25.81,,,,,,842.74,,,"zensus-2011-1000x-1014-religion-geolk1|bkg-vg250-krs-2011-01-01","legal_membership_public_law_religious_society;compact_residual_other_none_no_response;no_religion_not_separable;period_boundary_vintage"
"DE","de-kreis-2011-bkg-vg250","kreis","de-kreis-2011-bkg-vg250:16071","16071","Weimarer Land",2011,82643,"Zensus compact religion table total persons (Insgesamt) for the Kreis and wave. The religion variable RELZG2 records legal membership in a public-law religious society; it is not a belief or attendance measure.",21840,26.43,,,,,,804.38,,,"zensus-2011-1000x-1014-religion-geolk1|bkg-vg250-krs-2011-01-01","legal_membership_public_law_religious_society;compact_residual_other_none_no_response;no_religion_not_separable;period_boundary_vintage"
"DE","de-kreis-2011-bkg-vg250","kreis","de-kreis-2011-bkg-vg250:16072","16072","Sonneberg",2011,58943,"Zensus compact religion table total persons (Insgesamt) for the Kreis and wave. The religion variable RELZG2 records legal membership in a public-law religious society; it is not a belief or attendance measure.",19726,33.47,,,,,,433.08,,,"zensus-2011-1000x-1014-religion-geolk1|bkg-vg250-krs-2011-01-01","legal_membership_public_law_religious_society;compact_residual_other_none_no_response;no_religion_not_separable;period_boundary_vintage"
"DE","de-kreis-2011-bkg-vg250","kreis","de-kreis-2011-bkg-vg250:16073","16073","Saalfeld-Rudolstadt",2011,113267,"Zensus compact religion table total persons (Insgesamt) for the Kreis and wave. The religion variable RELZG2 records legal membership in a public-law religious society; it is not a belief or attendance measure.",33464,29.54,,,,,,1036.31,,,"zensus-2011-1000x-1014-religion-geolk1|bkg-vg250-krs-2011-01-01","legal_membership_public_law_religious_society;compact_residual_other_none_no_response;no_religion_not_separable;period_boundary_vintage"
"DE","de-kreis-2011-bkg-vg250","kreis","de-kreis-2011-bkg-vg250:16074","16074","Saale-Holzland-Kreis",2011,84802,"Zensus compact religion table total persons (Insgesamt) for the Kreis and wave. The religion variable RELZG2 records legal membership in a public-law religious society; it is not a belief or attendance measure.",21947,25.88,,,,,,815.52,,,"zensus-2011-1000x-1014-religion-geolk1|bkg-vg250-krs-2011-01-01","legal_membership_public_law_religious_society;compact_residual_other_none_no_response;no_religion_not_separable;period_boundary_vintage"
"DE","de-kreis-2011-bkg-vg250","kreis","de-kreis-2011-bkg-vg250:16075","16075","Saale-Orla-Kreis",2011,85806,"Zensus compact religion table total persons (Insgesamt) for the Kreis and wave. The religion variable RELZG2 records legal membership in a public-law religious society; it is not a belief or attendance measure.",32461,37.83,,,,,,1151.77,,,"zensus-2011-1000x-1014-religion-geolk1|bkg-vg250-krs-2011-01-01","legal_membership_public_law_religious_society;compact_residual_other_none_no_response;no_religion_not_separable;period_boundary_vintage"
"DE","de-kreis-2011-bkg-vg250","kreis","de-kreis-2011-bkg-vg250:16076","16076","Greiz",2011,105332,"Zensus compact religion table total persons (Insgesamt) for the Kreis and wave. The religion variable RELZG2 records legal membership in a public-law religious society; it is not a belief or attendance measure.",31075,29.5,,,,,,846.44,,,"zensus-2011-1000x-1014-religion-geolk1|bkg-vg250-krs-2011-01-01","legal_membership_public_law_religious_society;compact_residual_other_none_no_response;no_religion_not_separable;period_boundary_vintage"
"DE","de-kreis-2011-bkg-vg250","kreis","de-kreis-2011-bkg-vg250:16077","16077","Altenburger Land",2011,96737,"Zensus compact religion table total persons (Insgesamt) for the Kreis and wave. The religion variable RELZG2 records legal membership in a public-law religious society; it is not a belief or attendance measure.",17315,17.9,,,,,,569.13,,,"zensus-2011-1000x-1014-religion-geolk1|bkg-vg250-krs-2011-01-01","legal_membership_public_law_religious_society;compact_residual_other_none_no_response;no_religion_not_separable;period_boundary_vintage"
"DE","de-kreis-2022-bkg-vg250","kreis","de-kreis-2022-bkg-vg250:01001","01001","Flensburg, Stadt",2022,95015,"Zensus compact religion table total persons (Insgesamt) for the Kreis and wave. The religion variable RELZG2 records legal membership in a public-law religious society; it is not a belief or attendance measure.",40549,42.68,,,,,,56.91,,,"zensus-2022-1000a-1018-religion-geolk4|bkg-vg250-krs-2022-01-01","legal_membership_public_law_religious_society;compact_residual_other_none_no_response;no_religion_not_separable;period_boundary_vintage"
"DE","de-kreis-2022-bkg-vg250","kreis","de-kreis-2022-bkg-vg250:01002","01002","Kiel, Landeshauptstadt",2022,249132,"Zensus compact religion table total persons (Insgesamt) for the Kreis and wave. The religion variable RELZG2 records legal membership in a public-law religious society; it is not a belief or attendance measure.",95617,38.38,,,,,,119.68,,,"zensus-2022-1000a-1018-religion-geolk4|bkg-vg250-krs-2022-01-01","legal_membership_public_law_religious_society;compact_residual_other_none_no_response;no_religion_not_separable;period_boundary_vintage"
"DE","de-kreis-2022-bkg-vg250","kreis","de-kreis-2022-bkg-vg250:01003","01003","Lübeck, Hansestadt",2022,215958,"Zensus compact religion table total persons (Insgesamt) for the Kreis and wave. The religion variable RELZG2 records legal membership in a public-law religious society; it is not a belief or attendance measure.",95558,44.25,,,,,,211.69,,,"zensus-2022-1000a-1018-religion-geolk4|bkg-vg250-krs-2022-01-01","legal_membership_public_law_religious_society;compact_residual_other_none_no_response;no_religion_not_separable;period_boundary_vintage"
"DE","de-kreis-2022-bkg-vg250","kreis","de-kreis-2022-bkg-vg250:01004","01004","Neumünster, Stadt",2022,79625,"Zensus compact religion table total persons (Insgesamt) for the Kreis and wave. The religion variable RELZG2 records legal membership in a public-law religious society; it is not a belief or attendance measure.",35140,44.13,,,,,,71.63,,,"zensus-2022-1000a-1018-religion-geolk4|bkg-vg250-krs-2022-01-01","legal_membership_public_law_religious_society;compact_residual_other_none_no_response;no_religion_not_separable;period_boundary_vintage"
"DE","de-kreis-2022-bkg-vg250","kreis","de-kreis-2022-bkg-vg250:01051","01051","Dithmarschen",2022,132810,"Zensus compact religion table total persons (Insgesamt) for the Kreis and wave. The religion variable RELZG2 records legal membership in a public-law religious society; it is not a belief or attendance measure.",75710,57.01,,,,,,1443.94,,,"zensus-2022-1000a-1018-religion-geolk4|bkg-vg250-krs-2022-01-01","legal_membership_public_law_religious_society;compact_residual_other_none_no_response;no_religion_not_separable;period_boundary_vintage"
"DE","de-kreis-2022-bkg-vg250","kreis","de-kreis-2022-bkg-vg250:01053","01053","Herzogtum Lauenburg",2022,203381,"Zensus compact religion table total persons (Insgesamt) for the Kreis and wave. The religion variable RELZG2 records legal membership in a public-law religious society; it is not a belief or attendance measure.",87703,43.12,,,,,,1262.92,,,"zensus-2022-1000a-1018-religion-geolk4|bkg-vg250-krs-2022-01-01","legal_membership_public_law_religious_society;compact_residual_other_none_no_response;no_religion_not_separable;period_boundary_vintage"
"DE","de-kreis-2022-bkg-vg250","kreis","de-kreis-2022-bkg-vg250:01054","01054","Nordfriesland",2022,168489,"Zensus compact religion table total persons (Insgesamt) for the Kreis and wave. The religion variable RELZG2 records legal membership in a public-law religious society; it is not a belief or attendance measure.",98823,58.65,,,,,,2090.8,,,"zensus-2022-1000a-1018-religion-geolk4|bkg-vg250-krs-2022-01-01","legal_membership_public_law_religious_society;compact_residual_other_none_no_response;no_religion_not_separable;period_boundary_vintage"
"DE","de-kreis-2022-bkg-vg250","kreis","de-kreis-2022-bkg-vg250:01055","01055","Ostholstein",2022,200936,"Zensus compact religion table total persons (Insgesamt) for the Kreis and wave. The religion variable RELZG2 records legal membership in a public-law religious society; it is not a belief or attendance measure.",103443,51.48,,,,,,1394.32,,,"zensus-2022-1000a-1018-religion-geolk4|bkg-vg250-krs-2022-01-01","legal_membership_public_law_religious_society;compact_residual_other_none_no_response;no_religion_not_separable;period_boundary_vintage"
"DE","de-kreis-2022-bkg-vg250","kreis","de-kreis-2022-bkg-vg250:01056","01056","Pinneberg",2022,320275,"Zensus compact religion table total persons (Insgesamt) for the Kreis and wave. The religion variable RELZG2 records legal membership in a public-law religious society; it is not a belief or attendance measure.",113178,35.34,,,,,,663.68,,,"zensus-2022-1000a-1018-religion-geolk4|bkg-vg250-krs-2022-01-01","legal_membership_public_law_religious_society;compact_residual_other_none_no_response;no_religion_not_separable;period_boundary_vintage"
"DE","de-kreis-2022-bkg-vg250","kreis","de-kreis-2022-bkg-vg250:01057","01057","Plön",2022,129634,"Zensus compact religion table total persons (Insgesamt) for the Kreis and wave. The religion variable RELZG2 records legal membership in a public-law religious society; it is not a belief or attendance measure.",63543,49.02,,,,,,1083.39,,,"zensus-2022-1000a-1018-religion-geolk4|bkg-vg250-krs-2022-01-01","legal_membership_public_law_religious_society;compact_residual_other_none_no_response;no_religion_not_separable;period_boundary_vintage"
"DE","de-kreis-2022-bkg-vg250","kreis","de-kreis-2022-bkg-vg250:01058","01058","Rendsburg-Eckernförde",2022,275744,"Zensus compact religion table total persons (Insgesamt) for the Kreis and wave. The religion variable RELZG2 records legal membership in a public-law religious society; it is not a belief or attendance measure.",136835,49.62,,,,,,2188.41,,,"zensus-2022-1000a-1018-religion-geolk4|bkg-vg250-krs-2022-01-01","legal_membership_public_law_religious_society;compact_residual_other_none_no_response;no_religion_not_separable;period_boundary_vintage"
"DE","de-kreis-2022-bkg-vg250","kreis","de-kreis-2022-bkg-vg250:01059","01059","Schleswig-Flensburg",2022,203169,"Zensus compact religion table total persons (Insgesamt) for the Kreis and wave. The religion variable RELZG2 records legal membership in a public-law religious society; it is not a belief or attendance measure.",114023,56.12,,,,,,2070.83,,,"zensus-2022-1000a-1018-religion-geolk4|bkg-vg250-krs-2022-01-01","legal_membership_public_law_religious_society;compact_residual_other_none_no_response;no_religion_not_separable;period_boundary_vintage"
"DE","de-kreis-2022-bkg-vg250","kreis","de-kreis-2022-bkg-vg250:01060","01060","Segeberg",2022,277323,"Zensus compact religion table total persons (Insgesamt) for the Kreis and wave. The religion variable RELZG2 records legal membership in a public-law religious society; it is not a belief or attendance measure.",108067,38.97,,,,,,1345.8,,,"zensus-2022-1000a-1018-religion-geolk4|bkg-vg250-krs-2022-01-01","legal_membership_public_law_religious_society;compact_residual_other_none_no_response;no_religion_not_separable;period_boundary_vintage"
"DE","de-kreis-2022-bkg-vg250","kreis","de-kreis-2022-bkg-vg250:01061","01061","Steinburg",2022,131002,"Zensus compact religion table total persons (Insgesamt) for the Kreis and wave. The religion variable RELZG2 records legal membership in a public-law religious society; it is not a belief or attendance measure.",65574,50.06,,,,,,1055.63,,,"zensus-2022-1000a-1018-religion-geolk4|bkg-vg250-krs-2022-01-01","legal_membership_public_law_religious_society;compact_residual_other_none_no_response;no_religion_not_separable;period_boundary_vintage"
"DE","de-kreis-2022-bkg-vg250","kreis","de-kreis-2022-bkg-vg250:01062","01062","Stormarn",2022,245049,"Zensus compact religion table total persons (Insgesamt) for the Kreis and wave. The religion variable RELZG2 records legal membership in a public-law religious society; it is not a belief or attendance measure.",91733,37.43,,,,,,766.06,,,"zensus-2022-1000a-1018-religion-geolk4|bkg-vg250-krs-2022-01-01","legal_membership_public_law_religious_society;compact_residual_other_none_no_response;no_religion_not_separable;period_boundary_vintage"
"DE","de-kreis-2022-bkg-vg250","kreis","de-kreis-2022-bkg-vg250:02000","02000","Hamburg, Freie und Hansestadt",2022,1808846,"Zensus compact religion table total persons (Insgesamt) for the Kreis and wave. The religion variable RELZG2 records legal membership in a public-law religious society; it is not a belief or attendance measure.",552452,30.54,,,,,,752.46,,,"zensus-2022-1000a-1018-religion-geolk4|bkg-vg250-krs-2022-01-01","legal_membership_public_law_religious_society;compact_residual_other_none_no_response;no_religion_not_separable;period_boundary_vintage"
"DE","de-kreis-2022-bkg-vg250","kreis","de-kreis-2022-bkg-vg250:03101","03101","Braunschweig, Stadt",2022,252816,"Zensus compact religion table total persons (Insgesamt) for the Kreis and wave. The religion variable RELZG2 records legal membership in a public-law religious society; it is not a belief or attendance measure.",110445,43.69,,,,,,192.26,,,"zensus-2022-1000a-1018-religion-geolk4|bkg-vg250-krs-2022-01-01","legal_membership_public_law_religious_society;compact_residual_other_none_no_response;no_religion_not_separable;period_boundary_vintage"
"DE","de-kreis-2022-bkg-vg250","kreis","de-kreis-2022-bkg-vg250:03102","03102","Salzgitter, Stadt",2022,104215,"Zensus compact religion table total persons (Insgesamt) for the Kreis and wave. The religion variable RELZG2 records legal membership in a public-law religious society; it is not a belief or attendance measure.",45340,43.51,,,,,,225.24,,,"zensus-2022-1000a-1018-religion-geolk4|bkg-vg250-krs-2022-01-01","legal_membership_public_law_religious_society;compact_residual_other_none_no_response;no_religion_not_separable;period_boundary_vintage"
"DE","de-kreis-2022-bkg-vg250","kreis","de-kreis-2022-bkg-vg250:03103","03103","Wolfsburg, Stadt",2022,127145,"Zensus compact religion table total persons (Insgesamt) for the Kreis and wave. The religion variable RELZG2 records legal membership in a public-law religious society; it is not a belief or attendance measure.",56159,44.17,,,,,,204.93,,,"zensus-2022-1000a-1018-religion-geolk4|bkg-vg250-krs-2022-01-01","legal_membership_public_law_religious_society;compact_residual_other_none_no_response;no_religion_not_separable;period_boundary_vintage"
"DE","de-kreis-2022-bkg-vg250","kreis","de-kreis-2022-bkg-vg250:03151","03151","Gifhorn",2022,174662,"Zensus compact religion table total persons (Insgesamt) for the Kreis and wave. The religion variable RELZG2 records legal membership in a public-law religious society; it is not a belief or attendance measure.",88931,50.92,,,,,,1569.21,,,"zensus-2022-1000a-1018-religion-geolk4|bkg-vg250-krs-2022-01-01","legal_membership_public_law_religious_society;compact_residual_other_none_no_response;no_religion_not_separable;period_boundary_vintage"
"DE","de-kreis-2022-bkg-vg250","kreis","de-kreis-2022-bkg-vg250:03153","03153","Goslar",2022,127606,"Zensus compact religion table total persons (Insgesamt) for the Kreis and wave. The religion variable RELZG2 records legal membership in a public-law religious society; it is not a belief or attendance measure.",68007,53.29,,,,,,969.21,,,"zensus-2022-1000a-1018-religion-geolk4|bkg-vg250-krs-2022-01-01","legal_membership_public_law_religious_society;compact_residual_other_none_no_response;no_religion_not_separable;period_boundary_vintage"
"DE","de-kreis-2022-bkg-vg250","kreis","de-kreis-2022-bkg-vg250:03154","03154","Helmstedt",2022,90546,"Zensus compact religion table total persons (Insgesamt) for the Kreis and wave. The religion variable RELZG2 records legal membership in a public-law religious society; it is not a belief or attendance measure.",46298,51.13,,,,,,675.7,,,"zensus-2022-1000a-1018-religion-geolk4|bkg-vg250-krs-2022-01-01","legal_membership_public_law_religious_society;compact_residual_other_none_no_response;no_religion_not_separable;period_boundary_vintage"
"DE","de-kreis-2022-bkg-vg250","kreis","de-kreis-2022-bkg-vg250:03155","03155","Northeim",2022,126230,"Zensus compact religion table total persons (Insgesamt) for the Kreis and wave. The religion variable RELZG2 records legal membership in a public-law religious society; it is not a belief or attendance measure.",79959,63.34,,,,,,1269.65,,,"zensus-2022-1000a-1018-religion-geolk4|bkg-vg250-krs-2022-01-01","legal_membership_public_law_religious_society;compact_residual_other_none_no_response;no_religion_not_separable;period_boundary_vintage"
"DE","de-kreis-2022-bkg-vg250","kreis","de-kreis-2022-bkg-vg250:03157","03157","Peine",2022,136119,"Zensus compact religion table total persons (Insgesamt) for the Kreis and wave. The religion variable RELZG2 records legal membership in a public-law religious society; it is not a belief or attendance measure.",69507,51.06,,,,,,536.12,,,"zensus-2022-1000a-1018-religion-geolk4|bkg-vg250-krs-2022-01-01","legal_membership_public_law_religious_society;compact_residual_other_none_no_response;no_religion_not_separable;period_boundary_vintage"
"DE","de-kreis-2022-bkg-vg250","kreis","de-kreis-2022-bkg-vg250:03158","03158","Wolfenbüttel",2022,117702,"Zensus compact religion table total persons (Insgesamt) for the Kreis and wave. The religion variable RELZG2 records legal membership in a public-law religious society; it is not a belief or attendance measure.",61228,52.02,,,,,,724.07,,,"zensus-2022-1000a-1018-religion-geolk4|bkg-vg250-krs-2022-01-01","legal_membership_public_law_religious_society;compact_residual_other_none_no_response;no_religion_not_separable;period_boundary_vintage"
"DE","de-kreis-2022-bkg-vg250","kreis","de-kreis-2022-bkg-vg250:03159","03159","Göttingen",2022,325699,"Zensus compact religion table total persons (Insgesamt) for the Kreis and wave. The religion variable RELZG2 records legal membership in a public-law religious society; it is not a belief or attendance measure.",180693,55.48,,,,,,1754.86,,,"zensus-2022-1000a-1018-religion-geolk4|bkg-vg250-krs-2022-01-01","legal_membership_public_law_religious_society;compact_residual_other_none_no_response;no_religion_not_separable;period_boundary_vintage"
"DE","de-kreis-2022-bkg-vg250","kreis","de-kreis-2022-bkg-vg250:03241","03241","Region Hannover",2022,1129158,"Zensus compact religion table total persons (Insgesamt) for the Kreis and wave. The religion variable RELZG2 records legal membership in a public-law religious society; it is not a belief or attendance measure.",479959,42.51,,,,,,2297.29,,,"zensus-2022-1000a-1018-religion-geolk4|bkg-vg250-krs-2022-01-01","legal_membership_public_law_religious_society;compact_residual_other_none_no_response;no_religion_not_separable;period_boundary_vintage"
"DE","de-kreis-2022-bkg-vg250","kreis","de-kreis-2022-bkg-vg250:03251","03251","Diepholz",2022,218256,"Zensus compact religion table total persons (Insgesamt) for the Kreis and wave. The religion variable RELZG2 records legal membership in a public-law religious society; it is not a belief or attendance measure.",118831,54.45,,,,,,1991.02,,,"zensus-2022-1000a-1018-religion-geolk4|bkg-vg250-krs-2022-01-01","legal_membership_public_law_religious_society;compact_residual_other_none_no_response;no_religion_not_separable;period_boundary_vintage"
"DE","de-kreis-2022-bkg-vg250","kreis","de-kreis-2022-bkg-vg250:03252","03252","Hameln-Pyrmont",2022,150288,"Zensus compact religion table total persons (Insgesamt) for the Kreis and wave. The religion variable RELZG2 records legal membership in a public-law religious society; it is not a belief or attendance measure.",81253,54.06,,,,,,797.78,,,"zensus-2022-1000a-1018-religion-geolk4|bkg-vg250-krs-2022-01-01","legal_membership_public_law_religious_society;compact_residual_other_none_no_response;no_religion_not_separable;period_boundary_vintage"
"DE","de-kreis-2022-bkg-vg250","kreis","de-kreis-2022-bkg-vg250:03254","03254","Hildesheim",2022,267027,"Zensus compact religion table total persons (Insgesamt) for the Kreis and wave. The religion variable RELZG2 records legal membership in a public-law religious society; it is not a belief or attendance measure.",158172,59.23,,,,,,1207.8,,,"zensus-2022-1000a-1018-religion-geolk4|bkg-vg250-krs-2022-01-01","legal_membership_public_law_religious_society;compact_residual_other_none_no_response;no_religion_not_separable;period_boundary_vintage"
"DE","de-kreis-2022-bkg-vg250","kreis","de-kreis-2022-bkg-vg250:03255","03255","Holzminden",2022,66159,"Zensus compact religion table total persons (Insgesamt) for the Kreis and wave. The religion variable RELZG2 records legal membership in a public-law religious society; it is not a belief or attendance measure.",41241,62.34,,,,,,694.47,,,"zensus-2022-1000a-1018-religion-geolk4|bkg-vg250-krs-2022-01-01","legal_membership_public_law_religious_society;compact_residual_other_none_no_response;no_religion_not_separable;period_boundary_vintage"
"DE","de-kreis-2022-bkg-vg250","kreis","de-kreis-2022-bkg-vg250:03256","03256","Nienburg (Weser)",2022,120611,"Zensus compact religion table total persons (Insgesamt) for the Kreis and wave. The religion variable RELZG2 records legal membership in a public-law religious society; it is not a belief or attendance measure.",73442,60.89,,,,,,1400.92,,,"zensus-2022-1000a-1018-religion-geolk4|bkg-vg250-krs-2022-01-01","legal_membership_public_law_religious_society;compact_residual_other_none_no_response;no_religion_not_separable;period_boundary_vintage"
"DE","de-kreis-2022-bkg-vg250","kreis","de-kreis-2022-bkg-vg250:03257","03257","Schaumburg",2022,156414,"Zensus compact religion table total persons (Insgesamt) for the Kreis and wave. The religion variable RELZG2 records legal membership in a public-law religious society; it is not a belief or attendance measure.",87683,56.06,,,,,,676.29,,,"zensus-2022-1000a-1018-religion-geolk4|bkg-vg250-krs-2022-01-01","legal_membership_public_law_religious_society;compact_residual_other_none_no_response;no_religion_not_separable;period_boundary_vintage"
"DE","de-kreis-2022-bkg-vg250","kreis","de-kreis-2022-bkg-vg250:03351","03351","Celle",2022,172308,"Zensus compact religion table total persons (Insgesamt) for the Kreis and wave. The religion variable RELZG2 records legal membership in a public-law religious society; it is not a belief or attendance measure.",91309,52.99,,,,,,1550.68,,,"zensus-2022-1000a-1018-religion-geolk4|bkg-vg250-krs-2022-01-01","legal_membership_public_law_religious_society;compact_residual_other_none_no_response;no_religion_not_separable;period_boundary_vintage"
"DE","de-kreis-2022-bkg-vg250","kreis","de-kreis-2022-bkg-vg250:03352","03352","Cuxhaven",2022,197983,"Zensus compact religion table total persons (Insgesamt) for the Kreis and wave. The religion variable RELZG2 records legal membership in a public-law religious society; it is not a belief or attendance measure.",110856,55.99,,,,,,2058.74,,,"zensus-2022-1000a-1018-religion-geolk4|bkg-vg250-krs-2022-01-01","legal_membership_public_law_religious_society;compact_residual_other_none_no_response;no_religion_not_separable;period_boundary_vintage"
"DE","de-kreis-2022-bkg-vg250","kreis","de-kreis-2022-bkg-vg250:03353","03353","Harburg",2022,260929,"Zensus compact religion table total persons (Insgesamt) for the Kreis and wave. The religion variable RELZG2 records legal membership in a public-law religious society; it is not a belief or attendance measure.",102163,39.15,,,,,,1249.15,,,"zensus-2022-1000a-1018-religion-geolk4|bkg-vg250-krs-2022-01-01","legal_membership_public_law_religious_society;compact_residual_other_none_no_response;no_religion_not_separable;period_boundary_vintage"
"DE","de-kreis-2022-bkg-vg250","kreis","de-kreis-2022-bkg-vg250:03354","03354","Lüchow-Dannenberg",2022,46637,"Zensus compact religion table total persons (Insgesamt) for the Kreis and wave. The religion variable RELZG2 records legal membership in a public-law religious society; it is not a belief or attendance measure.",25913,55.56,,,,,,1226.55,,,"zensus-2022-1000a-1018-religion-geolk4|bkg-vg250-krs-2022-01-01","legal_membership_public_law_religious_society;compact_residual_other_none_no_response;no_religion_not_separable;period_boundary_vintage"
"DE","de-kreis-2022-bkg-vg250","kreis","de-kreis-2022-bkg-vg250:03355","03355","Lüneburg",2022,176629,"Zensus compact religion table total persons (Insgesamt) for the Kreis and wave. The religion variable RELZG2 records legal membership in a public-law religious society; it is not a belief or attendance measure.",81254,46,,,,,,1327.36,,,"zensus-2022-1000a-1018-religion-geolk4|bkg-vg250-krs-2022-01-01","legal_membership_public_law_religious_society;compact_residual_other_none_no_response;no_religion_not_separable;period_boundary_vintage"
"DE","de-kreis-2022-bkg-vg250","kreis","de-kreis-2022-bkg-vg250:03356","03356","Osterholz",2022,113025,"Zensus compact religion table total persons (Insgesamt) for the Kreis and wave. The religion variable RELZG2 records legal membership in a public-law religious society; it is not a belief or attendance measure.",56411,49.91,,,,,,653.3,,,"zensus-2022-1000a-1018-religion-geolk4|bkg-vg250-krs-2022-01-01","legal_membership_public_law_religious_society;compact_residual_other_none_no_response;no_religion_not_separable;period_boundary_vintage"
"DE","de-kreis-2022-bkg-vg250","kreis","de-kreis-2022-bkg-vg250:03357","03357","Rotenburg (Wümme)",2022,163496,"Zensus compact religion table total persons (Insgesamt) for the Kreis and wave. The religion variable RELZG2 records legal membership in a public-law religious society; it is not a belief or attendance measure.",97644,59.72,,,,,,2073.82,,,"zensus-2022-1000a-1018-religion-geolk4|bkg-vg250-krs-2022-01-01","legal_membership_public_law_religious_society;compact_residual_other_none_no_response;no_religion_not_separable;period_boundary_vintage"
"DE","de-kreis-2022-bkg-vg250","kreis","de-kreis-2022-bkg-vg250:03358","03358","Heidekreis",2022,142771,"Zensus compact religion table total persons (Insgesamt) for the Kreis and wave. The religion variable RELZG2 records legal membership in a public-law religious society; it is not a belief or attendance measure.",80094,56.1,,,,,,1881.75,,,"zensus-2022-1000a-1018-religion-geolk4|bkg-vg250-krs-2022-01-01","legal_membership_public_law_religious_society;compact_residual_other_none_no_response;no_religion_not_separable;period_boundary_vintage"
"DE","de-kreis-2022-bkg-vg250","kreis","de-kreis-2022-bkg-vg250:03359","03359","Stade",2022,204623,"Zensus compact religion table total persons (Insgesamt) for the Kreis and wave. The religion variable RELZG2 records legal membership in a public-law religious society; it is not a belief or attendance measure.",99093,48.43,,,,,,1268.74,,,"zensus-2022-1000a-1018-religion-geolk4|bkg-vg250-krs-2022-01-01","legal_membership_public_law_religious_society;compact_residual_other_none_no_response;no_religion_not_separable;period_boundary_vintage"
"DE","de-kreis-2022-bkg-vg250","kreis","de-kreis-2022-bkg-vg250:03360","03360","Uelzen",2022,90540,"Zensus compact religion table total persons (Insgesamt) for the Kreis and wave. The religion variable RELZG2 records legal membership in a public-law religious society; it is not a belief or attendance measure.",52569,58.06,,,,,,1462.21,,,"zensus-2022-1000a-1018-religion-geolk4|bkg-vg250-krs-2022-01-01","legal_membership_public_law_religious_society;compact_residual_other_none_no_response;no_religion_not_separable;period_boundary_vintage"
"DE","de-kreis-2022-bkg-vg250","kreis","de-kreis-2022-bkg-vg250:03361","03361","Verden",2022,136680,"Zensus compact religion table total persons (Insgesamt) for the Kreis and wave. The religion variable RELZG2 records legal membership in a public-law religious society; it is not a belief or attendance measure.",66852,48.91,,,,,,789.06,,,"zensus-2022-1000a-1018-religion-geolk4|bkg-vg250-krs-2022-01-01","legal_membership_public_law_religious_society;compact_residual_other_none_no_response;no_religion_not_separable;period_boundary_vintage"
"DE","de-kreis-2022-bkg-vg250","kreis","de-kreis-2022-bkg-vg250:03401","03401","Delmenhorst, Stadt",2022,80845,"Zensus compact religion table total persons (Insgesamt) for the Kreis and wave. The religion variable RELZG2 records legal membership in a public-law religious society; it is not a belief or attendance measure.",32911,40.71,,,,,,62.45,,,"zensus-2022-1000a-1018-religion-geolk4|bkg-vg250-krs-2022-01-01","legal_membership_public_law_religious_society;compact_residual_other_none_no_response;no_religion_not_separable;period_boundary_vintage"
"DE","de-kreis-2022-bkg-vg250","kreis","de-kreis-2022-bkg-vg250:03402","03402","Emden, Stadt",2022,48920,"Zensus compact religion table total persons (Insgesamt) for the Kreis and wave. The religion variable RELZG2 records legal membership in a public-law religious society; it is not a belief or attendance measure.",27998,57.23,,,,,,111.8,,,"zensus-2022-1000a-1018-religion-geolk4|bkg-vg250-krs-2022-01-01","legal_membership_public_law_religious_society;compact_residual_other_none_no_response;no_religion_not_separable;period_boundary_vintage"
"DE","de-kreis-2022-bkg-vg250","kreis","de-kreis-2022-bkg-vg250:03403","03403","Oldenburg (Oldenburg), Stadt",2022,172759,"Zensus compact religion table total persons (Insgesamt) for the Kreis and wave. The religion variable RELZG2 records legal membership in a public-law religious society; it is not a belief or attendance measure.",82821,47.94,,,,,,103.73,,,"zensus-2022-1000a-1018-religion-geolk4|bkg-vg250-krs-2022-01-01","legal_membership_public_law_religious_society;compact_residual_other_none_no_response;no_religion_not_separable;period_boundary_vintage"
"DE","de-kreis-2022-bkg-vg250","kreis","de-kreis-2022-bkg-vg250:03404","03404","Osnabrück, Stadt",2022,164898,"Zensus compact religion table total persons (Insgesamt) for the Kreis and wave. The religion variable RELZG2 records legal membership in a public-law religious society; it is not a belief or attendance measure.",92126,55.87,,,,,,120.19,,,"zensus-2022-1000a-1018-religion-geolk4|bkg-vg250-krs-2022-01-01","legal_membership_public_law_religious_society;compact_residual_other_none_no_response;no_religion_not_separable;period_boundary_vintage"
"DE","de-kreis-2022-bkg-vg250","kreis","de-kreis-2022-bkg-vg250:03405","03405","Wilhelmshaven, Stadt",2022,75366,"Zensus compact religion table total persons (Insgesamt) for the Kreis and wave. The religion variable RELZG2 records legal membership in a public-law religious society; it is not a belief or attendance measure.",34643,45.97,,,,,,108.25,,,"zensus-2022-1000a-1018-religion-geolk4|bkg-vg250-krs-2022-01-01","legal_membership_public_law_religious_society;compact_residual_other_none_no_response;no_religion_not_separable;period_boundary_vintage"
"DE","de-kreis-2022-bkg-vg250","kreis","de-kreis-2022-bkg-vg250:03451","03451","Ammerland",2022,125961,"Zensus compact religion table total persons (Insgesamt) for the Kreis and wave. The religion variable RELZG2 records legal membership in a public-law religious society; it is not a belief or attendance measure.",71472,56.74,,,,,,730.13,,,"zensus-2022-1000a-1018-religion-geolk4|bkg-vg250-krs-2022-01-01","legal_membership_public_law_religious_society;compact_residual_other_none_no_response;no_religion_not_separable;period_boundary_vintage"
"DE","de-kreis-2022-bkg-vg250","kreis","de-kreis-2022-bkg-vg250:03452","03452","Aurich",2022,187515,"Zensus compact religion table total persons (Insgesamt) for the Kreis and wave. The religion variable RELZG2 records legal membership in a public-law religious society; it is not a belief or attendance measure.",126351,67.38,,,,,,1297.56,,,"zensus-2022-1000a-1018-religion-geolk4|bkg-vg250-krs-2022-01-01","legal_membership_public_law_religious_society;compact_residual_other_none_no_response;no_religion_not_separable;period_boundary_vintage"
"DE","de-kreis-2022-bkg-vg250","kreis","de-kreis-2022-bkg-vg250:03453","03453","Cloppenburg",2022,175408,"Zensus compact religion table total persons (Insgesamt) for the Kreis and wave. The religion variable RELZG2 records legal membership in a public-law religious society; it is not a belief or attendance measure.",122473,69.82,,,,,,1421.11,,,"zensus-2022-1000a-1018-religion-geolk4|bkg-vg250-krs-2022-01-01","legal_membership_public_law_religious_society;compact_residual_other_none_no_response;no_religion_not_separable;period_boundary_vintage"
"DE","de-kreis-2022-bkg-vg250","kreis","de-kreis-2022-bkg-vg250:03454","03454","Emsland",2022,328946,"Zensus compact religion table total persons (Insgesamt) for the Kreis and wave. The religion variable RELZG2 records legal membership in a public-law religious society; it is not a belief or attendance measure.",247966,75.38,,,,,,2883.75,,,"zensus-2022-1000a-1018-religion-geolk4|bkg-vg250-krs-2022-01-01","legal_membership_public_law_religious_society;compact_residual_other_none_no_response;no_religion_not_separable;period_boundary_vintage"
"DE","de-kreis-2022-bkg-vg250","kreis","de-kreis-2022-bkg-vg250:03455","03455","Friesland",2022,99652,"Zensus compact religion table total persons (Insgesamt) for the Kreis and wave. The religion variable RELZG2 records legal membership in a public-law religious society; it is not a belief or attendance measure.",54806,55,,,,,,618.94,,,"zensus-2022-1000a-1018-religion-geolk4|bkg-vg250-krs-2022-01-01","legal_membership_public_law_religious_society;compact_residual_other_none_no_response;no_religion_not_separable;period_boundary_vintage"
"DE","de-kreis-2022-bkg-vg250","kreis","de-kreis-2022-bkg-vg250:03456","03456","Grafschaft Bentheim",2022,142150,"Zensus compact religion table total persons (Insgesamt) for the Kreis and wave. The religion variable RELZG2 records legal membership in a public-law religious society; it is not a belief or attendance measure.",91768,64.56,,,,,,982.08,,,"zensus-2022-1000a-1018-religion-geolk4|bkg-vg250-krs-2022-01-01","legal_membership_public_law_religious_society;compact_residual_other_none_no_response;no_religion_not_separable;period_boundary_vintage"
"DE","de-kreis-2022-bkg-vg250","kreis","de-kreis-2022-bkg-vg250:03457","03457","Leer",2022,168710,"Zensus compact religion table total persons (Insgesamt) for the Kreis and wave. The religion variable RELZG2 records legal membership in a public-law religious society; it is not a belief or attendance measure.",112798,66.86,,,,,,1088.92,,,"zensus-2022-1000a-1018-religion-geolk4|bkg-vg250-krs-2022-01-01","legal_membership_public_law_religious_society;compact_residual_other_none_no_response;no_religion_not_separable;period_boundary_vintage"
"DE","de-kreis-2022-bkg-vg250","kreis","de-kreis-2022-bkg-vg250:03458","03458","Oldenburg",2022,130329,"Zensus compact religion table total persons (Insgesamt) for the Kreis and wave. The religion variable RELZG2 records legal membership in a public-law religious society; it is not a belief or attendance measure.",70482,54.08,,,,,,1065.04,,,"zensus-2022-1000a-1018-religion-geolk4|bkg-vg250-krs-2022-01-01","legal_membership_public_law_religious_society;compact_residual_other_none_no_response;no_religion_not_separable;period_boundary_vintage"
"DE","de-kreis-2022-bkg-vg250","kreis","de-kreis-2022-bkg-vg250:03459","03459","Osnabrück",2022,356158,"Zensus compact religion table total persons (Insgesamt) for the Kreis and wave. The religion variable RELZG2 records legal membership in a public-law religious society; it is not a belief or attendance measure.",240294,67.47,,,,,,2121.11,,,"zensus-2022-1000a-1018-religion-geolk4|bkg-vg250-krs-2022-01-01","legal_membership_public_law_religious_society;compact_residual_other_none_no_response;no_religion_not_separable;period_boundary_vintage"
"DE","de-kreis-2022-bkg-vg250","kreis","de-kreis-2022-bkg-vg250:03460","03460","Vechta",2022,145112,"Zensus compact religion table total persons (Insgesamt) for the Kreis and wave. The religion variable RELZG2 records legal membership in a public-law religious society; it is not a belief or attendance measure.",106098,73.11,,,,,,813.82,,,"zensus-2022-1000a-1018-religion-geolk4|bkg-vg250-krs-2022-01-01","legal_membership_public_law_religious_society;compact_residual_other_none_no_response;no_religion_not_separable;period_boundary_vintage"
"DE","de-kreis-2022-bkg-vg250","kreis","de-kreis-2022-bkg-vg250:03461","03461","Wesermarsch",2022,88613,"Zensus compact religion table total persons (Insgesamt) for the Kreis and wave. The religion variable RELZG2 records legal membership in a public-law religious society; it is not a belief or attendance measure.",46989,53.03,,,,,,827.95,,,"zensus-2022-1000a-1018-religion-geolk4|bkg-vg250-krs-2022-01-01","legal_membership_public_law_religious_society;compact_residual_other_none_no_response;no_religion_not_separable;period_boundary_vintage"
"DE","de-kreis-2022-bkg-vg250","kreis","de-kreis-2022-bkg-vg250:03462","03462","Wittmund",2022,55649,"Zensus compact religion table total persons (Insgesamt) for the Kreis and wave. The religion variable RELZG2 records legal membership in a public-law religious society; it is not a belief or attendance measure.",37195,66.84,,,,,,660.64,,,"zensus-2022-1000a-1018-religion-geolk4|bkg-vg250-krs-2022-01-01","legal_membership_public_law_religious_society;compact_residual_other_none_no_response;no_religion_not_separable;period_boundary_vintage"
"DE","de-kreis-2022-bkg-vg250","kreis","de-kreis-2022-bkg-vg250:04011","04011","Bremen, Stadt",2022,575071,"Zensus compact religion table total persons (Insgesamt) for the Kreis and wave. The religion variable RELZG2 records legal membership in a public-law religious society; it is not a belief or attendance measure.",210865,36.67,,,,,,326.17,,,"zensus-2022-1000a-1018-religion-geolk4|bkg-vg250-krs-2022-01-01","legal_membership_public_law_religious_society;compact_residual_other_none_no_response;no_religion_not_separable;period_boundary_vintage"
"DE","de-kreis-2022-bkg-vg250","kreis","de-kreis-2022-bkg-vg250:04012","04012","Bremerhaven, Stadt",2022,118133,"Zensus compact religion table total persons (Insgesamt) for the Kreis and wave. The religion variable RELZG2 records legal membership in a public-law religious society; it is not a belief or attendance measure.",49017,41.49,,,,,,94.09,,,"zensus-2022-1000a-1018-religion-geolk4|bkg-vg250-krs-2022-01-01","legal_membership_public_law_religious_society;compact_residual_other_none_no_response;no_religion_not_separable;period_boundary_vintage"
"DE","de-kreis-2022-bkg-vg250","kreis","de-kreis-2022-bkg-vg250:05111","05111","Düsseldorf, Stadt",2022,611258,"Zensus compact religion table total persons (Insgesamt) for the Kreis and wave. The religion variable RELZG2 records legal membership in a public-law religious society; it is not a belief or attendance measure.",254715,41.67,,,,,,217.49,,,"zensus-2022-1000a-1018-religion-geolk4|bkg-vg250-krs-2022-01-01","legal_membership_public_law_religious_society;compact_residual_other_none_no_response;no_religion_not_separable;period_boundary_vintage"
"DE","de-kreis-2022-bkg-vg250","kreis","de-kreis-2022-bkg-vg250:05112","05112","Duisburg, Stadt",2022,501415,"Zensus compact religion table total persons (Insgesamt) for the Kreis and wave. The religion variable RELZG2 records legal membership in a public-law religious society; it is not a belief or attendance measure.",220442,43.96,,,,,,233.17,,,"zensus-2022-1000a-1018-religion-geolk4|bkg-vg250-krs-2022-01-01","legal_membership_public_law_religious_society;compact_residual_other_none_no_response;no_religion_not_separable;period_boundary_vintage"
"DE","de-kreis-2022-bkg-vg250","kreis","de-kreis-2022-bkg-vg250:05113","05113","Essen, Stadt",2022,571039,"Zensus compact religion table total persons (Insgesamt) for the Kreis and wave. The religion variable RELZG2 records legal membership in a public-law religious society; it is not a belief or attendance measure.",298146,52.21,,,,,,210.52,,,"zensus-2022-1000a-1018-religion-geolk4|bkg-vg250-krs-2022-01-01","legal_membership_public_law_religious_society;compact_residual_other_none_no_response;no_religion_not_separable;period_boundary_vintage"
"DE","de-kreis-2022-bkg-vg250","kreis","de-kreis-2022-bkg-vg250:05114","05114","Krefeld, Stadt",2022,230666,"Zensus compact religion table total persons (Insgesamt) for the Kreis and wave. The religion variable RELZG2 records legal membership in a public-law religious society; it is not a belief or attendance measure.",117638,51,,,,,,136.6,,,"zensus-2022-1000a-1018-religion-geolk4|bkg-vg250-krs-2022-01-01","legal_membership_public_law_religious_society;compact_residual_other_none_no_response;no_religion_not_separable;period_boundary_vintage"
"DE","de-kreis-2022-bkg-vg250","kreis","de-kreis-2022-bkg-vg250:05116","05116","Mönchengladbach, Stadt",2022,264089,"Zensus compact religion table total persons (Insgesamt) for the Kreis and wave. The religion variable RELZG2 records legal membership in a public-law religious society; it is not a belief or attendance measure.",147731,55.94,,,,,,170.63,,,"zensus-2022-1000a-1018-religion-geolk4|bkg-vg250-krs-2022-01-01","legal_membership_public_law_religious_society;compact_residual_other_none_no_response;no_religion_not_separable;period_boundary_vintage"
"DE","de-kreis-2022-bkg-vg250","kreis","de-kreis-2022-bkg-vg250:05117","05117","Mülheim an der Ruhr, Stadt",2022,171435,"Zensus compact religion table total persons (Insgesamt) for the Kreis and wave. The religion variable RELZG2 records legal membership in a public-law religious society; it is not a belief or attendance measure.",84757,49.44,,,,,,91.29,,,"zensus-2022-1000a-1018-religion-geolk4|bkg-vg250-krs-2022-01-01","legal_membership_public_law_religious_society;compact_residual_other_none_no_response;no_religion_not_separable;period_boundary_vintage"
"DE","de-kreis-2022-bkg-vg250","kreis","de-kreis-2022-bkg-vg250:05119","05119","Oberhausen, Stadt",2022,212127,"Zensus compact religion table total persons (Insgesamt) for the Kreis and wave. The religion variable RELZG2 records legal membership in a public-law religious society; it is not a belief or attendance measure.",116888,55.1,,,,,,77.44,,,"zensus-2022-1000a-1018-religion-geolk4|bkg-vg250-krs-2022-01-01","legal_membership_public_law_religious_society;compact_residual_other_none_no_response;no_religion_not_separable;period_boundary_vintage"
"DE","de-kreis-2022-bkg-vg250","kreis","de-kreis-2022-bkg-vg250:05120","05120","Remscheid, Stadt",2022,113743,"Zensus compact religion table total persons (Insgesamt) for the Kreis and wave. The religion variable RELZG2 records legal membership in a public-law religious society; it is not a belief or attendance measure.",55063,48.41,,,,,,74.08,,,"zensus-2022-1000a-1018-religion-geolk4|bkg-vg250-krs-2022-01-01","legal_membership_public_law_religious_society;compact_residual_other_none_no_response;no_religion_not_separable;period_boundary_vintage"
"DE","de-kreis-2022-bkg-vg250","kreis","de-kreis-2022-bkg-vg250:05122","05122","Solingen, Klingenstadt",2022,164621,"Zensus compact religion table total persons (Insgesamt) for the Kreis and wave. The religion variable RELZG2 records legal membership in a public-law religious society; it is not a belief or attendance measure.",80377,48.83,,,,,,89,,,"zensus-2022-1000a-1018-religion-geolk4|bkg-vg250-krs-2022-01-01","legal_membership_public_law_religious_society;compact_residual_other_none_no_response;no_religion_not_separable;period_boundary_vintage"
"DE","de-kreis-2022-bkg-vg250","kreis","de-kreis-2022-bkg-vg250:05124","05124","Wuppertal, Stadt",2022,356768,"Zensus compact religion table total persons (Insgesamt) for the Kreis and wave. The religion variable RELZG2 records legal membership in a public-law religious society; it is not a belief or attendance measure.",155934,43.71,,,,,,168.44,,,"zensus-2022-1000a-1018-religion-geolk4|bkg-vg250-krs-2022-01-01","legal_membership_public_law_religious_society;compact_residual_other_none_no_response;no_religion_not_separable;period_boundary_vintage"
"DE","de-kreis-2022-bkg-vg250","kreis","de-kreis-2022-bkg-vg250:05154","05154","Kleve",2022,315361,"Zensus compact religion table total persons (Insgesamt) for the Kreis and wave. The religion variable RELZG2 records legal membership in a public-law religious society; it is not a belief or attendance measure.",216305,68.59,,,,,,1233.48,,,"zensus-2022-1000a-1018-religion-geolk4|bkg-vg250-krs-2022-01-01","legal_membership_public_law_religious_society;compact_residual_other_none_no_response;no_religion_not_separable;period_boundary_vintage"
"DE","de-kreis-2022-bkg-vg250","kreis","de-kreis-2022-bkg-vg250:05158","05158","Mettmann",2022,488128,"Zensus compact religion table total persons (Insgesamt) for the Kreis and wave. The religion variable RELZG2 records legal membership in a public-law religious society; it is not a belief or attendance measure.",252993,51.83,,,,,,407.91,,,"zensus-2022-1000a-1018-religion-geolk4|bkg-vg250-krs-2022-01-01","legal_membership_public_law_religious_society;compact_residual_other_none_no_response;no_religion_not_separable;period_boundary_vintage"
"DE","de-kreis-2022-bkg-vg250","kreis","de-kreis-2022-bkg-vg250:05162","05162","Rhein-Kreis Neuss",2022,454412,"Zensus compact religion table total persons (Insgesamt) for the Kreis and wave. The religion variable RELZG2 records legal membership in a public-law religious society; it is not a belief or attendance measure.",255153,56.15,,,,,,576.55,,,"zensus-2022-1000a-1018-religion-geolk4|bkg-vg250-krs-2022-01-01","legal_membership_public_law_religious_society;compact_residual_other_none_no_response;no_religion_not_separable;period_boundary_vintage"
"DE","de-kreis-2022-bkg-vg250","kreis","de-kreis-2022-bkg-vg250:05166","05166","Viersen",2022,294485,"Zensus compact religion table total persons (Insgesamt) for the Kreis and wave. The religion variable RELZG2 records legal membership in a public-law religious society; it is not a belief or attendance measure.",186073,63.19,,,,,,563.61,,,"zensus-2022-1000a-1018-religion-geolk4|bkg-vg250-krs-2022-01-01","legal_membership_public_law_religious_society;compact_residual_other_none_no_response;no_religion_not_separable;period_boundary_vintage"
"DE","de-kreis-2022-bkg-vg250","kreis","de-kreis-2022-bkg-vg250:05170","05170","Wesel",2022,453093,"Zensus compact religion table total persons (Insgesamt) for the Kreis and wave. The religion variable RELZG2 records legal membership in a public-law religious society; it is not a belief or attendance measure.",272386,60.12,,,,,,1042.28,,,"zensus-2022-1000a-1018-religion-geolk4|bkg-vg250-krs-2022-01-01","legal_membership_public_law_religious_society;compact_residual_other_none_no_response;no_religion_not_separable;period_boundary_vintage"
"DE","de-kreis-2022-bkg-vg250","kreis","de-kreis-2022-bkg-vg250:05314","05314","Bonn, Stadt",2022,321544,"Zensus compact religion table total persons (Insgesamt) for the Kreis and wave. The religion variable RELZG2 records legal membership in a public-law religious society; it is not a belief or attendance measure.",155262,48.29,,,,,,141.64,,,"zensus-2022-1000a-1018-religion-geolk4|bkg-vg250-krs-2022-01-01","legal_membership_public_law_religious_society;compact_residual_other_none_no_response;no_religion_not_separable;period_boundary_vintage"
"DE","de-kreis-2022-bkg-vg250","kreis","de-kreis-2022-bkg-vg250:05315","05315","Köln, Stadt",2022,1017355,"Zensus compact religion table total persons (Insgesamt) for the Kreis and wave. The religion variable RELZG2 records legal membership in a public-law religious society; it is not a belief or attendance measure.",443565,43.6,,,,,,406.76,,,"zensus-2022-1000a-1018-religion-geolk4|bkg-vg250-krs-2022-01-01","legal_membership_public_law_religious_society;compact_residual_other_none_no_response;no_religion_not_separable;period_boundary_vintage"
"DE","de-kreis-2022-bkg-vg250","kreis","de-kreis-2022-bkg-vg250:05316","05316","Leverkusen, Stadt",2022,166356,"Zensus compact religion table total persons (Insgesamt) for the Kreis and wave. The religion variable RELZG2 records legal membership in a public-law religious society; it is not a belief or attendance measure.",82314,49.48,,,,,,78.78,,,"zensus-2022-1000a-1018-religion-geolk4|bkg-vg250-krs-2022-01-01","legal_membership_public_law_religious_society;compact_residual_other_none_no_response;no_religion_not_separable;period_boundary_vintage"
"DE","de-kreis-2022-bkg-vg250","kreis","de-kreis-2022-bkg-vg250:05334","05334","Städteregion Aachen",2022,577572,"Zensus compact religion table total persons (Insgesamt) for the Kreis and wave. The religion variable RELZG2 records legal membership in a public-law religious society; it is not a belief or attendance measure.",325137,56.29,,,,,,704.44,,,"zensus-2022-1000a-1018-religion-geolk4|bkg-vg250-krs-2022-01-01","legal_membership_public_law_religious_society;compact_residual_other_none_no_response;no_religion_not_separable;period_boundary_vintage"
"DE","de-kreis-2022-bkg-vg250","kreis","de-kreis-2022-bkg-vg250:05358","05358","Düren",2022,275392,"Zensus compact religion table total persons (Insgesamt) for the Kreis and wave. The religion variable RELZG2 records legal membership in a public-law religious society; it is not a belief or attendance measure.",166673,60.52,,,,,,940.46,,,"zensus-2022-1000a-1018-religion-geolk4|bkg-vg250-krs-2022-01-01","legal_membership_public_law_religious_society;compact_residual_other_none_no_response;no_religion_not_separable;period_boundary_vintage"
"DE","de-kreis-2022-bkg-vg250","kreis","de-kreis-2022-bkg-vg250:05362","05362","Rhein-Erft-Kreis",2022,471257,"Zensus compact religion table total persons (Insgesamt) for the Kreis and wave. The religion variable RELZG2 records legal membership in a public-law religious society; it is not a belief or attendance measure.",258984,54.96,,,,,,703.02,,,"zensus-2022-1000a-1018-religion-geolk4|bkg-vg250-krs-2022-01-01","legal_membership_public_law_religious_society;compact_residual_other_none_no_response;no_religion_not_separable;period_boundary_vintage"
"DE","de-kreis-2022-bkg-vg250","kreis","de-kreis-2022-bkg-vg250:05366","05366","Euskirchen",2022,197836,"Zensus compact religion table total persons (Insgesamt) for the Kreis and wave. The religion variable RELZG2 records legal membership in a public-law religious society; it is not a belief or attendance measure.",130383,65.9,,,,,,1250.28,,,"zensus-2022-1000a-1018-religion-geolk4|bkg-vg250-krs-2022-01-01","legal_membership_public_law_religious_society;compact_residual_other_none_no_response;no_religion_not_separable;period_boundary_vintage"
"DE","de-kreis-2022-bkg-vg250","kreis","de-kreis-2022-bkg-vg250:05370","05370","Heinsberg",2022,258975,"Zensus compact religion table total persons (Insgesamt) for the Kreis and wave. The religion variable RELZG2 records legal membership in a public-law religious society; it is not a belief or attendance measure.",171787,66.33,,,,,,627.3,,,"zensus-2022-1000a-1018-religion-geolk4|bkg-vg250-krs-2022-01-01","legal_membership_public_law_religious_society;compact_residual_other_none_no_response;no_religion_not_separable;period_boundary_vintage"
"DE","de-kreis-2022-bkg-vg250","kreis","de-kreis-2022-bkg-vg250:05374","05374","Oberbergischer Kreis",2022,272744,"Zensus compact religion table total persons (Insgesamt) for the Kreis and wave. The religion variable RELZG2 records legal membership in a public-law religious society; it is not a belief or attendance measure.",156627,57.43,,,,,,918.23,,,"zensus-2022-1000a-1018-religion-geolk4|bkg-vg250-krs-2022-01-01","legal_membership_public_law_religious_society;compact_residual_other_none_no_response;no_religion_not_separable;period_boundary_vintage"
"DE","de-kreis-2022-bkg-vg250","kreis","de-kreis-2022-bkg-vg250:05378","05378","Rheinisch-Bergischer Kreis",2022,282677,"Zensus compact religion table total persons (Insgesamt) for the Kreis and wave. The religion variable RELZG2 records legal membership in a public-law religious society; it is not a belief or attendance measure.",153852,54.43,,,,,,438.1,,,"zensus-2022-1000a-1018-religion-geolk4|bkg-vg250-krs-2022-01-01","legal_membership_public_law_religious_society;compact_residual_other_none_no_response;no_religion_not_separable;period_boundary_vintage"
"DE","de-kreis-2022-bkg-vg250","kreis","de-kreis-2022-bkg-vg250:05382","05382","Rhein-Sieg-Kreis",2022,600286,"Zensus compact religion table total persons (Insgesamt) for the Kreis and wave. The religion variable RELZG2 records legal membership in a public-law religious society; it is not a belief or attendance measure.",340100,56.66,,,,,,1152.38,,,"zensus-2022-1000a-1018-religion-geolk4|bkg-vg250-krs-2022-01-01","legal_membership_public_law_religious_society;compact_residual_other_none_no_response;no_religion_not_separable;period_boundary_vintage"
"DE","de-kreis-2022-bkg-vg250","kreis","de-kreis-2022-bkg-vg250:05512","05512","Bottrop, Stadt",2022,117921,"Zensus compact religion table total persons (Insgesamt) for the Kreis and wave. The religion variable RELZG2 records legal membership in a public-law religious society; it is not a belief or attendance measure.",70778,60.02,,,,,,100.25,,,"zensus-2022-1000a-1018-religion-geolk4|bkg-vg250-krs-2022-01-01","legal_membership_public_law_religious_society;compact_residual_other_none_no_response;no_religion_not_separable;period_boundary_vintage"
"DE","de-kreis-2022-bkg-vg250","kreis","de-kreis-2022-bkg-vg250:05513","05513","Gelsenkirchen, Stadt",2022,264130,"Zensus compact religion table total persons (Insgesamt) for the Kreis and wave. The religion variable RELZG2 records legal membership in a public-law religious society; it is not a belief or attendance measure.",129927,49.19,,,,,,105.3,,,"zensus-2022-1000a-1018-religion-geolk4|bkg-vg250-krs-2022-01-01","legal_membership_public_law_religious_society;compact_residual_other_none_no_response;no_religion_not_separable;period_boundary_vintage"
"DE","de-kreis-2022-bkg-vg250","kreis","de-kreis-2022-bkg-vg250:05515","05515","Münster, Stadt",2022,303772,"Zensus compact religion table total persons (Insgesamt) for the Kreis and wave. The religion variable RELZG2 records legal membership in a public-law religious society; it is not a belief or attendance measure.",184415,60.71,,,,,,303.54,,,"zensus-2022-1000a-1018-religion-geolk4|bkg-vg250-krs-2022-01-01","legal_membership_public_law_religious_society;compact_residual_other_none_no_response;no_religion_not_separable;period_boundary_vintage"
"DE","de-kreis-2022-bkg-vg250","kreis","de-kreis-2022-bkg-vg250:05554","05554","Borken",2022,374418,"Zensus compact religion table total persons (Insgesamt) for the Kreis and wave. The religion variable RELZG2 records legal membership in a public-law religious society; it is not a belief or attendance measure.",273857,73.14,,,,,,1421.38,,,"zensus-2022-1000a-1018-religion-geolk4|bkg-vg250-krs-2022-01-01","legal_membership_public_law_religious_society;compact_residual_other_none_no_response;no_religion_not_separable;period_boundary_vintage"
"DE","de-kreis-2022-bkg-vg250","kreis","de-kreis-2022-bkg-vg250:05558","05558","Coesfeld",2022,222953,"Zensus compact religion table total persons (Insgesamt) for the Kreis and wave. The religion variable RELZG2 records legal membership in a public-law religious society; it is not a belief or attendance measure.",162011,72.67,,,,,,1112.3,,,"zensus-2022-1000a-1018-religion-geolk4|bkg-vg250-krs-2022-01-01","legal_membership_public_law_religious_society;compact_residual_other_none_no_response;no_religion_not_separable;period_boundary_vintage"
"DE","de-kreis-2022-bkg-vg250","kreis","de-kreis-2022-bkg-vg250:05562","05562","Recklinghausen",2022,618350,"Zensus compact religion table total persons (Insgesamt) for the Kreis and wave. The religion variable RELZG2 records legal membership in a public-law religious society; it is not a belief or attendance measure.",362796,58.67,,,,,,761.38,,,"zensus-2022-1000a-1018-religion-geolk4|bkg-vg250-krs-2022-01-01","legal_membership_public_law_religious_society;compact_residual_other_none_no_response;no_religion_not_separable;period_boundary_vintage"
"DE","de-kreis-2022-bkg-vg250","kreis","de-kreis-2022-bkg-vg250:05566","05566","Steinfurt",2022,443690,"Zensus compact religion table total persons (Insgesamt) for the Kreis and wave. The religion variable RELZG2 records legal membership in a public-law religious society; it is not a belief or attendance measure.",308962,69.63,,,,,,1795.42,,,"zensus-2022-1000a-1018-religion-geolk4|bkg-vg250-krs-2022-01-01","legal_membership_public_law_religious_society;compact_residual_other_none_no_response;no_religion_not_separable;period_boundary_vintage"
"DE","de-kreis-2022-bkg-vg250","kreis","de-kreis-2022-bkg-vg250:05570","05570","Warendorf",2022,279209,"Zensus compact religion table total persons (Insgesamt) for the Kreis and wave. The religion variable RELZG2 records legal membership in a public-law religious society; it is not a belief or attendance measure.",185097,66.29,,,,,,1318.58,,,"zensus-2022-1000a-1018-religion-geolk4|bkg-vg250-krs-2022-01-01","legal_membership_public_law_religious_society;compact_residual_other_none_no_response;no_religion_not_separable;period_boundary_vintage"
"DE","de-kreis-2022-bkg-vg250","kreis","de-kreis-2022-bkg-vg250:05711","05711","Bielefeld, Stadt",2022,330072,"Zensus compact religion table total persons (Insgesamt) for the Kreis and wave. The religion variable RELZG2 records legal membership in a public-law religious society; it is not a belief or attendance measure.",151898,46.02,,,,,,259.19,,,"zensus-2022-1000a-1018-religion-geolk4|bkg-vg250-krs-2022-01-01","legal_membership_public_law_religious_society;compact_residual_other_none_no_response;no_religion_not_separable;period_boundary_vintage"
"DE","de-kreis-2022-bkg-vg250","kreis","de-kreis-2022-bkg-vg250:05754","05754","Gütersloh",2022,359571,"Zensus compact religion table total persons (Insgesamt) for the Kreis and wave. The religion variable RELZG2 records legal membership in a public-law religious society; it is not a belief or attendance measure.",207199,57.62,,,,,,969.61,,,"zensus-2022-1000a-1018-religion-geolk4|bkg-vg250-krs-2022-01-01","legal_membership_public_law_religious_society;compact_residual_other_none_no_response;no_religion_not_separable;period_boundary_vintage"
"DE","de-kreis-2022-bkg-vg250","kreis","de-kreis-2022-bkg-vg250:05758","05758","Herford",2022,254008,"Zensus compact religion table total persons (Insgesamt) for the Kreis and wave. The religion variable RELZG2 records legal membership in a public-law religious society; it is not a belief or attendance measure.",143775,56.6,,,,,,450.68,,,"zensus-2022-1000a-1018-religion-geolk4|bkg-vg250-krs-2022-01-01","legal_membership_public_law_religious_society;compact_residual_other_none_no_response;no_religion_not_separable;period_boundary_vintage"
"DE","de-kreis-2022-bkg-vg250","kreis","de-kreis-2022-bkg-vg250:05762","05762","Höxter",2022,138447,"Zensus compact religion table total persons (Insgesamt) for the Kreis and wave. The religion variable RELZG2 records legal membership in a public-law religious society; it is not a belief or attendance measure.",99392,71.79,,,,,,1200.7,,,"zensus-2022-1000a-1018-religion-geolk4|bkg-vg250-krs-2022-01-01","legal_membership_public_law_religious_society;compact_residual_other_none_no_response;no_religion_not_separable;period_boundary_vintage"
"DE","de-kreis-2022-bkg-vg250","kreis","de-kreis-2022-bkg-vg250:05766","05766","Lippe",2022,348030,"Zensus compact religion table total persons (Insgesamt) for the Kreis and wave. The religion variable RELZG2 records legal membership in a public-law religious society; it is not a belief or attendance measure.",178633,51.33,,,,,,1245.89,,,"zensus-2022-1000a-1018-religion-geolk4|bkg-vg250-krs-2022-01-01","legal_membership_public_law_religious_society;compact_residual_other_none_no_response;no_religion_not_separable;period_boundary_vintage"
"DE","de-kreis-2022-bkg-vg250","kreis","de-kreis-2022-bkg-vg250:05770","05770","Minden-Lübbecke",2022,319456,"Zensus compact religion table total persons (Insgesamt) for the Kreis and wave. The religion variable RELZG2 records legal membership in a public-law religious society; it is not a belief or attendance measure.",179291,56.12,,,,,,1152.02,,,"zensus-2022-1000a-1018-religion-geolk4|bkg-vg250-krs-2022-01-01","legal_membership_public_law_religious_society;compact_residual_other_none_no_response;no_religion_not_separable;period_boundary_vintage"
"DE","de-kreis-2022-bkg-vg250","kreis","de-kreis-2022-bkg-vg250:05774","05774","Paderborn",2022,313102,"Zensus compact religion table total persons (Insgesamt) for the Kreis and wave. The religion variable RELZG2 records legal membership in a public-law religious society; it is not a belief or attendance measure.",203631,65.04,,,,,,1246.78,,,"zensus-2022-1000a-1018-religion-geolk4|bkg-vg250-krs-2022-01-01","legal_membership_public_law_religious_society;compact_residual_other_none_no_response;no_religion_not_separable;period_boundary_vintage"
"DE","de-kreis-2022-bkg-vg250","kreis","de-kreis-2022-bkg-vg250:05911","05911","Bochum, Stadt",2022,354288,"Zensus compact religion table total persons (Insgesamt) for the Kreis and wave. The religion variable RELZG2 records legal membership in a public-law religious society; it is not a belief or attendance measure.",186831,52.73,,,,,,144.82,,,"zensus-2022-1000a-1018-religion-geolk4|bkg-vg250-krs-2022-01-01","legal_membership_public_law_religious_society;compact_residual_other_none_no_response;no_religion_not_separable;period_boundary_vintage"
"DE","de-kreis-2022-bkg-vg250","kreis","de-kreis-2022-bkg-vg250:05913","05913","Dortmund, Stadt",2022,598246,"Zensus compact religion table total persons (Insgesamt) for the Kreis and wave. The religion variable RELZG2 records legal membership in a public-law religious society; it is not a belief or attendance measure.",287249,48.02,,,,,,279.67,,,"zensus-2022-1000a-1018-religion-geolk4|bkg-vg250-krs-2022-01-01","legal_membership_public_law_religious_society;compact_residual_other_none_no_response;no_religion_not_separable;period_boundary_vintage"
"DE","de-kreis-2022-bkg-vg250","kreis","de-kreis-2022-bkg-vg250:05914","05914","Hagen, Stadt der FernUniversität",2022,189614,"Zensus compact religion table total persons (Insgesamt) for the Kreis and wave. The religion variable RELZG2 records legal membership in a public-law religious society; it is not a belief or attendance measure.",96691,50.99,,,,,,160.32,,,"zensus-2022-1000a-1018-religion-geolk4|bkg-vg250-krs-2022-01-01","legal_membership_public_law_religious_society;compact_residual_other_none_no_response;no_religion_not_separable;period_boundary_vintage"
"DE","de-kreis-2022-bkg-vg250","kreis","de-kreis-2022-bkg-vg250:05915","05915","Hamm, Stadt",2022,179070,"Zensus compact religion table total persons (Insgesamt) for the Kreis and wave. The religion variable RELZG2 records legal membership in a public-law religious society; it is not a belief or attendance measure.",102719,57.36,,,,,,227.72,,,"zensus-2022-1000a-1018-religion-geolk4|bkg-vg250-krs-2022-01-01","legal_membership_public_law_religious_society;compact_residual_other_none_no_response;no_religion_not_separable;period_boundary_vintage"
"DE","de-kreis-2022-bkg-vg250","kreis","de-kreis-2022-bkg-vg250:05916","05916","Herne, Stadt",2022,155446,"Zensus compact religion table total persons (Insgesamt) for the Kreis and wave. The religion variable RELZG2 records legal membership in a public-law religious society; it is not a belief or attendance measure.",78363,50.41,,,,,,51.5,,,"zensus-2022-1000a-1018-religion-geolk4|bkg-vg250-krs-2022-01-01","legal_membership_public_law_religious_society;compact_residual_other_none_no_response;no_religion_not_separable;period_boundary_vintage"
"DE","de-kreis-2022-bkg-vg250","kreis","de-kreis-2022-bkg-vg250:05954","05954","Ennepe-Ruhr-Kreis",2022,314154,"Zensus compact religion table total persons (Insgesamt) for the Kreis and wave. The religion variable RELZG2 records legal membership in a public-law religious society; it is not a belief or attendance measure.",172622,54.95,,,,,,410.91,,,"zensus-2022-1000a-1018-religion-geolk4|bkg-vg250-krs-2022-01-01","legal_membership_public_law_religious_society;compact_residual_other_none_no_response;no_religion_not_separable;period_boundary_vintage"
"DE","de-kreis-2022-bkg-vg250","kreis","de-kreis-2022-bkg-vg250:05958","05958","Hochsauerlandkreis",2022,260512,"Zensus compact religion table total persons (Insgesamt) for the Kreis and wave. The religion variable RELZG2 records legal membership in a public-law religious society; it is not a belief or attendance measure.",189065,72.57,,,,,,1960.08,,,"zensus-2022-1000a-1018-religion-geolk4|bkg-vg250-krs-2022-01-01","legal_membership_public_law_religious_society;compact_residual_other_none_no_response;no_religion_not_separable;period_boundary_vintage"
"DE","de-kreis-2022-bkg-vg250","kreis","de-kreis-2022-bkg-vg250:05962","05962","Märkischer Kreis",2022,409960,"Zensus compact religion table total persons (Insgesamt) for the Kreis and wave. The religion variable RELZG2 records legal membership in a public-law religious society; it is not a belief or attendance measure.",232714,56.77,,,,,,1060.69,,,"zensus-2022-1000a-1018-religion-geolk4|bkg-vg250-krs-2022-01-01","legal_membership_public_law_religious_society;compact_residual_other_none_no_response;no_religion_not_separable;period_boundary_vintage"
"DE","de-kreis-2022-bkg-vg250","kreis","de-kreis-2022-bkg-vg250:05966","05966","Olpe",2022,132230,"Zensus compact religion table total persons (Insgesamt) for the Kreis and wave. The religion variable RELZG2 records legal membership in a public-law religious society; it is not a belief or attendance measure.",98177,74.25,,,,,,711.96,,,"zensus-2022-1000a-1018-religion-geolk4|bkg-vg250-krs-2022-01-01","legal_membership_public_law_religious_society;compact_residual_other_none_no_response;no_religion_not_separable;period_boundary_vintage"
"DE","de-kreis-2022-bkg-vg250","kreis","de-kreis-2022-bkg-vg250:05970","05970","Siegen-Wittgenstein",2022,273746,"Zensus compact religion table total persons (Insgesamt) for the Kreis and wave. The religion variable RELZG2 records legal membership in a public-law religious society; it is not a belief or attendance measure.",169806,62.03,,,,,,1134.03,,,"zensus-2022-1000a-1018-religion-geolk4|bkg-vg250-krs-2022-01-01","legal_membership_public_law_religious_society;compact_residual_other_none_no_response;no_religion_not_separable;period_boundary_vintage"
"DE","de-kreis-2022-bkg-vg250","kreis","de-kreis-2022-bkg-vg250:05974","05974","Soest",2022,298067,"Zensus compact religion table total persons (Insgesamt) for the Kreis and wave. The religion variable RELZG2 records legal membership in a public-law religious society; it is not a belief or attendance measure.",203170,68.16,,,,,,1329.38,,,"zensus-2022-1000a-1018-religion-geolk4|bkg-vg250-krs-2022-01-01","legal_membership_public_law_religious_society;compact_residual_other_none_no_response;no_religion_not_separable;period_boundary_vintage"
"DE","de-kreis-2022-bkg-vg250","kreis","de-kreis-2022-bkg-vg250:05978","05978","Unna",2022,393393,"Zensus compact religion table total persons (Insgesamt) for the Kreis and wave. The religion variable RELZG2 records legal membership in a public-law religious society; it is not a belief or attendance measure.",234310,59.56,,,,,,542.8,,,"zensus-2022-1000a-1018-religion-geolk4|bkg-vg250-krs-2022-01-01","legal_membership_public_law_religious_society;compact_residual_other_none_no_response;no_religion_not_separable;period_boundary_vintage"
"DE","de-kreis-2022-bkg-vg250","kreis","de-kreis-2022-bkg-vg250:06411","06411","Darmstadt, Wissenschaftsstadt",2022,161767,"Zensus compact religion table total persons (Insgesamt) for the Kreis and wave. The religion variable RELZG2 records legal membership in a public-law religious society; it is not a belief or attendance measure.",63322,39.14,,,,,,122.76,,,"zensus-2022-1000a-1018-religion-geolk4|bkg-vg250-krs-2022-01-01","legal_membership_public_law_religious_society;compact_residual_other_none_no_response;no_religion_not_separable;period_boundary_vintage"
"DE","de-kreis-2022-bkg-vg250","kreis","de-kreis-2022-bkg-vg250:06412","06412","Frankfurt am Main, Stadt",2022,743268,"Zensus compact religion table total persons (Insgesamt) for the Kreis and wave. The religion variable RELZG2 records legal membership in a public-law religious society; it is not a belief or attendance measure.",240608,32.37,,,,,,248.15,,,"zensus-2022-1000a-1018-religion-geolk4|bkg-vg250-krs-2022-01-01","legal_membership_public_law_religious_society;compact_residual_other_none_no_response;no_religion_not_separable;period_boundary_vintage"
"DE","de-kreis-2022-bkg-vg250","kreis","de-kreis-2022-bkg-vg250:06413","06413","Offenbach am Main, Stadt",2022,129479,"Zensus compact religion table total persons (Insgesamt) for the Kreis and wave. The religion variable RELZG2 records legal membership in a public-law religious society; it is not a belief or attendance measure.",40944,31.62,,,,,,45.36,,,"zensus-2022-1000a-1018-religion-geolk4|bkg-vg250-krs-2022-01-01","legal_membership_public_law_religious_society;compact_residual_other_none_no_response;no_religion_not_separable;period_boundary_vintage"
"DE","de-kreis-2022-bkg-vg250","kreis","de-kreis-2022-bkg-vg250:06414","06414","Wiesbaden, Landeshauptstadt",2022,284260,"Zensus compact religion table total persons (Insgesamt) for the Kreis and wave. The religion variable RELZG2 records legal membership in a public-law religious society; it is not a belief or attendance measure.",110034,38.71,,,,,,203.81,,,"zensus-2022-1000a-1018-religion-geolk4|bkg-vg250-krs-2022-01-01","legal_membership_public_law_religious_society;compact_residual_other_none_no_response;no_religion_not_separable;period_boundary_vintage"
"DE","de-kreis-2022-bkg-vg250","kreis","de-kreis-2022-bkg-vg250:06431","06431","Bergstraße",2022,271617,"Zensus compact religion table total persons (Insgesamt) for the Kreis and wave. The religion variable RELZG2 records legal membership in a public-law religious society; it is not a belief or attendance measure.",148298,54.6,,,,,,719.14,,,"zensus-2022-1000a-1018-religion-geolk4|bkg-vg250-krs-2022-01-01","legal_membership_public_law_religious_society;compact_residual_other_none_no_response;no_religion_not_separable;period_boundary_vintage"
"DE","de-kreis-2022-bkg-vg250","kreis","de-kreis-2022-bkg-vg250:06432","06432","Darmstadt-Dieburg",2022,299862,"Zensus compact religion table total persons (Insgesamt) for the Kreis and wave. The religion variable RELZG2 records legal membership in a public-law religious society; it is not a belief or attendance measure.",149918,50,,,,,,658.17,,,"zensus-2022-1000a-1018-religion-geolk4|bkg-vg250-krs-2022-01-01","legal_membership_public_law_religious_society;compact_residual_other_none_no_response;no_religion_not_separable;period_boundary_vintage"
"DE","de-kreis-2022-bkg-vg250","kreis","de-kreis-2022-bkg-vg250:06433","06433","Groß-Gerau",2022,264354,"Zensus compact religion table total persons (Insgesamt) for the Kreis and wave. The religion variable RELZG2 records legal membership in a public-law religious society; it is not a belief or attendance measure.",102133,38.63,,,,,,453.3,,,"zensus-2022-1000a-1018-religion-geolk4|bkg-vg250-krs-2022-01-01","legal_membership_public_law_religious_society;compact_residual_other_none_no_response;no_religion_not_separable;period_boundary_vintage"
"DE","de-kreis-2022-bkg-vg250","kreis","de-kreis-2022-bkg-vg250:06434","06434","Hochtaunuskreis",2022,238604,"Zensus compact religion table total persons (Insgesamt) for the Kreis and wave. The religion variable RELZG2 records legal membership in a public-law religious society; it is not a belief or attendance measure.",106824,44.77,,,,,,480.92,,,"zensus-2022-1000a-1018-religion-geolk4|bkg-vg250-krs-2022-01-01","legal_membership_public_law_religious_society;compact_residual_other_none_no_response;no_religion_not_separable;period_boundary_vintage"
"DE","de-kreis-2022-bkg-vg250","kreis","de-kreis-2022-bkg-vg250:06435","06435","Main-Kinzig-Kreis",2022,412094,"Zensus compact religion table total persons (Insgesamt) for the Kreis and wave. The religion variable RELZG2 records legal membership in a public-law religious society; it is not a belief or attendance measure.",207041,50.24,,,,,,1396.91,,,"zensus-2022-1000a-1018-religion-geolk4|bkg-vg250-krs-2022-01-01","legal_membership_public_law_religious_society;compact_residual_other_none_no_response;no_religion_not_separable;period_boundary_vintage"
"DE","de-kreis-2022-bkg-vg250","kreis","de-kreis-2022-bkg-vg250:06436","06436","Main-Taunus-Kreis",2022,237050,"Zensus compact religion table total persons (Insgesamt) for the Kreis and wave. The religion variable RELZG2 records legal membership in a public-law religious society; it is not a belief or attendance measure.",107291,45.26,,,,,,221.58,,,"zensus-2022-1000a-1018-religion-geolk4|bkg-vg250-krs-2022-01-01","legal_membership_public_law_religious_society;compact_residual_other_none_no_response;no_religion_not_separable;period_boundary_vintage"
"DE","de-kreis-2022-bkg-vg250","kreis","de-kreis-2022-bkg-vg250:06437","06437","Odenwaldkreis",2022,94576,"Zensus compact religion table total persons (Insgesamt) for the Kreis and wave. The religion variable RELZG2 records legal membership in a public-law religious society; it is not a belief or attendance measure.",51855,54.83,,,,,,624.76,,,"zensus-2022-1000a-1018-religion-geolk4|bkg-vg250-krs-2022-01-01","legal_membership_public_law_religious_society;compact_residual_other_none_no_response;no_religion_not_separable;period_boundary_vintage"
"DE","de-kreis-2022-bkg-vg250","kreis","de-kreis-2022-bkg-vg250:06438","06438","Offenbach",2022,351706,"Zensus compact religion table total persons (Insgesamt) for the Kreis and wave. The religion variable RELZG2 records legal membership in a public-law religious society; it is not a belief or attendance measure.",148685,42.28,,,,,,356.29,,,"zensus-2022-1000a-1018-religion-geolk4|bkg-vg250-krs-2022-01-01","legal_membership_public_law_religious_society;compact_residual_other_none_no_response;no_religion_not_separable;period_boundary_vintage"
"DE","de-kreis-2022-bkg-vg250","kreis","de-kreis-2022-bkg-vg250:06439","06439","Rheingau-Taunus-Kreis",2022,185308,"Zensus compact religion table total persons (Insgesamt) for the Kreis and wave. The religion variable RELZG2 records legal membership in a public-law religious society; it is not a belief or attendance measure.",94403,50.94,,,,,,811.93,,,"zensus-2022-1000a-1018-religion-geolk4|bkg-vg250-krs-2022-01-01","legal_membership_public_law_religious_society;compact_residual_other_none_no_response;no_religion_not_separable;period_boundary_vintage"
"DE","de-kreis-2022-bkg-vg250","kreis","de-kreis-2022-bkg-vg250:06440","06440","Wetteraukreis",2022,307056,"Zensus compact religion table total persons (Insgesamt) for the Kreis and wave. The religion variable RELZG2 records legal membership in a public-law religious society; it is not a belief or attendance measure.",160524,52.28,,,,,,1100.67,,,"zensus-2022-1000a-1018-religion-geolk4|bkg-vg250-krs-2022-01-01","legal_membership_public_law_religious_society;compact_residual_other_none_no_response;no_religion_not_separable;period_boundary_vintage"
"DE","de-kreis-2022-bkg-vg250","kreis","de-kreis-2022-bkg-vg250:06531","06531","Gießen",2022,264705,"Zensus compact religion table total persons (Insgesamt) for the Kreis and wave. The religion variable RELZG2 records legal membership in a public-law religious society; it is not a belief or attendance measure.",142729,53.92,,,,,,855.5,,,"zensus-2022-1000a-1018-religion-geolk4|bkg-vg250-krs-2022-01-01","legal_membership_public_law_religious_society;compact_residual_other_none_no_response;no_religion_not_separable;period_boundary_vintage"
"DE","de-kreis-2022-bkg-vg250","kreis","de-kreis-2022-bkg-vg250:06532","06532","Lahn-Dill-Kreis",2022,251972,"Zensus compact religion table total persons (Insgesamt) for the Kreis and wave. The religion variable RELZG2 records legal membership in a public-law religious society; it is not a belief or attendance measure.",143067,56.78,,,,,,1065.69,,,"zensus-2022-1000a-1018-religion-geolk4|bkg-vg250-krs-2022-01-01","legal_membership_public_law_religious_society;compact_residual_other_none_no_response;no_religion_not_separable;period_boundary_vintage"
"DE","de-kreis-2022-bkg-vg250","kreis","de-kreis-2022-bkg-vg250:06533","06533","Limburg-Weilburg",2022,173279,"Zensus compact religion table total persons (Insgesamt) for the Kreis and wave. The religion variable RELZG2 records legal membership in a public-law religious society; it is not a belief or attendance measure.",104589,60.36,,,,,,738.8,,,"zensus-2022-1000a-1018-religion-geolk4|bkg-vg250-krs-2022-01-01","legal_membership_public_law_religious_society;compact_residual_other_none_no_response;no_religion_not_separable;period_boundary_vintage"
"DE","de-kreis-2022-bkg-vg250","kreis","de-kreis-2022-bkg-vg250:06534","06534","Marburg-Biedenkopf",2022,240664,"Zensus compact religion table total persons (Insgesamt) for the Kreis and wave. The religion variable RELZG2 records legal membership in a public-law religious society; it is not a belief or attendance measure.",147354,61.23,,,,,,1262.15,,,"zensus-2022-1000a-1018-religion-geolk4|bkg-vg250-krs-2022-01-01","legal_membership_public_law_religious_society;compact_residual_other_none_no_response;no_religion_not_separable;period_boundary_vintage"
"DE","de-kreis-2022-bkg-vg250","kreis","de-kreis-2022-bkg-vg250:06535","06535","Vogelsbergkreis",2022,101014,"Zensus compact religion table total persons (Insgesamt) for the Kreis and wave. The religion variable RELZG2 records legal membership in a public-law religious society; it is not a belief or attendance measure.",73599,72.86,,,,,,1458.25,,,"zensus-2022-1000a-1018-religion-geolk4|bkg-vg250-krs-2022-01-01","legal_membership_public_law_religious_society;compact_residual_other_none_no_response;no_religion_not_separable;period_boundary_vintage"
"DE","de-kreis-2022-bkg-vg250","kreis","de-kreis-2022-bkg-vg250:06611","06611","Kassel, documenta-Stadt",2022,195012,"Zensus compact religion table total persons (Insgesamt) for the Kreis and wave. The religion variable RELZG2 records legal membership in a public-law religious society; it is not a belief or attendance measure.",84030,43.09,,,,,,104.62,,,"zensus-2022-1000a-1018-religion-geolk4|bkg-vg250-krs-2022-01-01","legal_membership_public_law_religious_society;compact_residual_other_none_no_response;no_religion_not_separable;period_boundary_vintage"
"DE","de-kreis-2022-bkg-vg250","kreis","de-kreis-2022-bkg-vg250:06631","06631","Fulda",2022,219953,"Zensus compact religion table total persons (Insgesamt) for the Kreis and wave. The religion variable RELZG2 records legal membership in a public-law religious society; it is not a belief or attendance measure.",154949,70.45,,,,,,1381.38,,,"zensus-2022-1000a-1018-religion-geolk4|bkg-vg250-krs-2022-01-01","legal_membership_public_law_religious_society;compact_residual_other_none_no_response;no_religion_not_separable;period_boundary_vintage"
"DE","de-kreis-2022-bkg-vg250","kreis","de-kreis-2022-bkg-vg250:06632","06632","Hersfeld-Rotenburg",2022,118253,"Zensus compact religion table total persons (Insgesamt) for the Kreis and wave. The religion variable RELZG2 records legal membership in a public-law religious society; it is not a belief or attendance measure.",76162,64.41,,,,,,1097.99,,,"zensus-2022-1000a-1018-religion-geolk4|bkg-vg250-krs-2022-01-01","legal_membership_public_law_religious_society;compact_residual_other_none_no_response;no_religion_not_separable;period_boundary_vintage"
"DE","de-kreis-2022-bkg-vg250","kreis","de-kreis-2022-bkg-vg250:06633","06633","Kassel",2022,229935,"Zensus compact religion table total persons (Insgesamt) for the Kreis and wave. The religion variable RELZG2 records legal membership in a public-law religious society; it is not a belief or attendance measure.",138920,60.42,,,,,,1295.28,,,"zensus-2022-1000a-1018-religion-geolk4|bkg-vg250-krs-2022-01-01","legal_membership_public_law_religious_society;compact_residual_other_none_no_response;no_religion_not_separable;period_boundary_vintage"
"DE","de-kreis-2022-bkg-vg250","kreis","de-kreis-2022-bkg-vg250:06634","06634","Schwalm-Eder-Kreis",2022,178587,"Zensus compact religion table total persons (Insgesamt) for the Kreis and wave. The religion variable RELZG2 records legal membership in a public-law religious society; it is not a belief or attendance measure.",123537,69.17,,,,,,1539.52,,,"zensus-2022-1000a-1018-religion-geolk4|bkg-vg250-krs-2022-01-01","legal_membership_public_law_religious_society;compact_residual_other_none_no_response;no_religion_not_separable;period_boundary_vintage"
"DE","de-kreis-2022-bkg-vg250","kreis","de-kreis-2022-bkg-vg250:06635","06635","Waldeck-Frankenberg",2022,154482,"Zensus compact religion table total persons (Insgesamt) for the Kreis and wave. The religion variable RELZG2 records legal membership in a public-law religious society; it is not a belief or attendance measure.",104954,67.94,,,,,,1847.94,,,"zensus-2022-1000a-1018-religion-geolk4|bkg-vg250-krs-2022-01-01","legal_membership_public_law_religious_society;compact_residual_other_none_no_response;no_religion_not_separable;period_boundary_vintage"
"DE","de-kreis-2022-bkg-vg250","kreis","de-kreis-2022-bkg-vg250:06636","06636","Werra-Meißner-Kreis",2022,98421,"Zensus compact religion table total persons (Insgesamt) for the Kreis and wave. The religion variable RELZG2 records legal membership in a public-law religious society; it is not a belief or attendance measure.",65462,66.51,,,,,,1024.34,,,"zensus-2022-1000a-1018-religion-geolk4|bkg-vg250-krs-2022-01-01","legal_membership_public_law_religious_society;compact_residual_other_none_no_response;no_religion_not_separable;period_boundary_vintage"
"DE","de-kreis-2022-bkg-vg250","kreis","de-kreis-2022-bkg-vg250:07111","07111","Koblenz, kreisfreie Stadt",2022,112963,"Zensus compact religion table total persons (Insgesamt) for the Kreis and wave. The religion variable RELZG2 records legal membership in a public-law religious society; it is not a belief or attendance measure.",63067,55.83,,,,,,105.95,,,"zensus-2022-1000a-1018-religion-geolk4|bkg-vg250-krs-2022-01-01","legal_membership_public_law_religious_society;compact_residual_other_none_no_response;no_religion_not_separable;period_boundary_vintage"
"DE","de-kreis-2022-bkg-vg250","kreis","de-kreis-2022-bkg-vg250:07131","07131","Ahrweiler",2022,127699,"Zensus compact religion table total persons (Insgesamt) for the Kreis and wave. The religion variable RELZG2 records legal membership in a public-law religious society; it is not a belief or attendance measure.",81621,63.92,,,,,,786.99,,,"zensus-2022-1000a-1018-religion-geolk4|bkg-vg250-krs-2022-01-01","legal_membership_public_law_religious_society;compact_residual_other_none_no_response;no_religion_not_separable;period_boundary_vintage"
"DE","de-kreis-2022-bkg-vg250","kreis","de-kreis-2022-bkg-vg250:07132","07132","Altenkirchen (Westerwald)",2022,131159,"Zensus compact religion table total persons (Insgesamt) for the Kreis and wave. The religion variable RELZG2 records legal membership in a public-law religious society; it is not a belief or attendance measure.",83693,63.81,,,,,,641.2,,,"zensus-2022-1000a-1018-religion-geolk4|bkg-vg250-krs-2022-01-01","legal_membership_public_law_religious_society;compact_residual_other_none_no_response;no_religion_not_separable;period_boundary_vintage"
"DE","de-kreis-2022-bkg-vg250","kreis","de-kreis-2022-bkg-vg250:07133","07133","Bad Kreuznach",2022,163672,"Zensus compact religion table total persons (Insgesamt) for the Kreis and wave. The religion variable RELZG2 records legal membership in a public-law religious society; it is not a belief or attendance measure.",103212,63.06,,,,,,864.16,,,"zensus-2022-1000a-1018-religion-geolk4|bkg-vg250-krs-2022-01-01","legal_membership_public_law_religious_society;compact_residual_other_none_no_response;no_religion_not_separable;period_boundary_vintage"
"DE","de-kreis-2022-bkg-vg250","kreis","de-kreis-2022-bkg-vg250:07134","07134","Birkenfeld",2022,82062,"Zensus compact religion table total persons (Insgesamt) for the Kreis and wave. The religion variable RELZG2 records legal membership in a public-law religious society; it is not a belief or attendance measure.",53670,65.4,,,,,,776.6,,,"zensus-2022-1000a-1018-religion-geolk4|bkg-vg250-krs-2022-01-01","legal_membership_public_law_religious_society;compact_residual_other_none_no_response;no_religion_not_separable;period_boundary_vintage"
"DE","de-kreis-2022-bkg-vg250","kreis","de-kreis-2022-bkg-vg250:07135","07135","Cochem-Zell",2022,61536,"Zensus compact religion table total persons (Insgesamt) for the Kreis and wave. The religion variable RELZG2 records legal membership in a public-law religious society; it is not a belief or attendance measure.",44629,72.53,,,,,,693.07,,,"zensus-2022-1000a-1018-religion-geolk4|bkg-vg250-krs-2022-01-01","legal_membership_public_law_religious_society;compact_residual_other_none_no_response;no_religion_not_separable;period_boundary_vintage"
"DE","de-kreis-2022-bkg-vg250","kreis","de-kreis-2022-bkg-vg250:07137","07137","Mayen-Koblenz",2022,215317,"Zensus compact religion table total persons (Insgesamt) for the Kreis and wave. The religion variable RELZG2 records legal membership in a public-law religious society; it is not a belief or attendance measure.",138102,64.14,,,,,,816.42,,,"zensus-2022-1000a-1018-religion-geolk4|bkg-vg250-krs-2022-01-01","legal_membership_public_law_religious_society;compact_residual_other_none_no_response;no_religion_not_separable;period_boundary_vintage"
"DE","de-kreis-2022-bkg-vg250","kreis","de-kreis-2022-bkg-vg250:07138","07138","Neuwied",2022,186866,"Zensus compact religion table total persons (Insgesamt) for the Kreis and wave. The religion variable RELZG2 records legal membership in a public-law religious society; it is not a belief or attendance measure.",107349,57.45,,,,,,627.68,,,"zensus-2022-1000a-1018-religion-geolk4|bkg-vg250-krs-2022-01-01","legal_membership_public_law_religious_society;compact_residual_other_none_no_response;no_religion_not_separable;period_boundary_vintage"
"DE","de-kreis-2022-bkg-vg250","kreis","de-kreis-2022-bkg-vg250:07140","07140","Rhein-Hunsrück-Kreis",2022,105319,"Zensus compact religion table total persons (Insgesamt) for the Kreis and wave. The religion variable RELZG2 records legal membership in a public-law religious society; it is not a belief or attendance measure.",72368,68.71,,,,,,991.27,,,"zensus-2022-1000a-1018-religion-geolk4|bkg-vg250-krs-2022-01-01","legal_membership_public_law_religious_society;compact_residual_other_none_no_response;no_religion_not_separable;period_boundary_vintage"
"DE","de-kreis-2022-bkg-vg250","kreis","de-kreis-2022-bkg-vg250:07141","07141","Rhein-Lahn-Kreis",2022,124391,"Zensus compact religion table total persons (Insgesamt) for the Kreis and wave. The religion variable RELZG2 records legal membership in a public-law religious society; it is not a belief or attendance measure.",78132,62.81,,,,,,781.46,,,"zensus-2022-1000a-1018-religion-geolk4|bkg-vg250-krs-2022-01-01","legal_membership_public_law_religious_society;compact_residual_other_none_no_response;no_religion_not_separable;period_boundary_vintage"
"DE","de-kreis-2022-bkg-vg250","kreis","de-kreis-2022-bkg-vg250:07143","07143","Westerwaldkreis",2022,206605,"Zensus compact religion table total persons (Insgesamt) for the Kreis and wave. The religion variable RELZG2 records legal membership in a public-law religious society; it is not a belief or attendance measure.",133198,64.47,,,,,,990.19,,,"zensus-2022-1000a-1018-religion-geolk4|bkg-vg250-krs-2022-01-01","legal_membership_public_law_religious_society;compact_residual_other_none_no_response;no_religion_not_separable;period_boundary_vintage"
"DE","de-kreis-2022-bkg-vg250","kreis","de-kreis-2022-bkg-vg250:07211","07211","Trier, kreisfreie Stadt",2022,102727,"Zensus compact religion table total persons (Insgesamt) for the Kreis and wave. The religion variable RELZG2 records legal membership in a public-law religious society; it is not a belief or attendance measure.",64545,62.83,,,,,,115.59,,,"zensus-2022-1000a-1018-religion-geolk4|bkg-vg250-krs-2022-01-01","legal_membership_public_law_religious_society;compact_residual_other_none_no_response;no_religion_not_separable;period_boundary_vintage"
"DE","de-kreis-2022-bkg-vg250","kreis","de-kreis-2022-bkg-vg250:07231","07231","Bernkastel-Wittlich",2022,112796,"Zensus compact religion table total persons (Insgesamt) for the Kreis and wave. The religion variable RELZG2 records legal membership in a public-law religious society; it is not a belief or attendance measure.",79458,70.44,,,,,,1168.67,,,"zensus-2022-1000a-1018-religion-geolk4|bkg-vg250-krs-2022-01-01","legal_membership_public_law_religious_society;compact_residual_other_none_no_response;no_religion_not_separable;period_boundary_vintage"
"DE","de-kreis-2022-bkg-vg250","kreis","de-kreis-2022-bkg-vg250:07232","07232","Eifelkreis Bitburg-Prüm",2022,98809,"Zensus compact religion table total persons (Insgesamt) for the Kreis and wave. The religion variable RELZG2 records legal membership in a public-law religious society; it is not a belief or attendance measure.",75763,76.68,,,,,,1627.94,,,"zensus-2022-1000a-1018-religion-geolk4|bkg-vg250-krs-2022-01-01","legal_membership_public_law_religious_society;compact_residual_other_none_no_response;no_religion_not_separable;period_boundary_vintage"
"DE","de-kreis-2022-bkg-vg250","kreis","de-kreis-2022-bkg-vg250:07233","07233","Vulkaneifel",2022,59281,"Zensus compact religion table total persons (Insgesamt) for the Kreis and wave. The religion variable RELZG2 records legal membership in a public-law religious society; it is not a belief or attendance measure.",42967,72.48,,,,,,911.68,,,"zensus-2022-1000a-1018-religion-geolk4|bkg-vg250-krs-2022-01-01","legal_membership_public_law_religious_society;compact_residual_other_none_no_response;no_religion_not_separable;period_boundary_vintage"
"DE","de-kreis-2022-bkg-vg250","kreis","de-kreis-2022-bkg-vg250:07235","07235","Trier-Saarburg",2022,147805,"Zensus compact religion table total persons (Insgesamt) for the Kreis and wave. The religion variable RELZG2 records legal membership in a public-law religious society; it is not a belief or attendance measure.",108917,73.69,,,,,,1105.36,,,"zensus-2022-1000a-1018-religion-geolk4|bkg-vg250-krs-2022-01-01","legal_membership_public_law_religious_society;compact_residual_other_none_no_response;no_religion_not_separable;period_boundary_vintage"
"DE","de-kreis-2022-bkg-vg250","kreis","de-kreis-2022-bkg-vg250:07311","07311","Frankenthal (Pfalz), kreisfreie Stadt",2022,47992,"Zensus compact religion table total persons (Insgesamt) for the Kreis and wave. The religion variable RELZG2 records legal membership in a public-law religious society; it is not a belief or attendance measure.",22949,47.82,,,,,,43.78,,,"zensus-2022-1000a-1018-religion-geolk4|bkg-vg250-krs-2022-01-01","legal_membership_public_law_religious_society;compact_residual_other_none_no_response;no_religion_not_separable;period_boundary_vintage"
"DE","de-kreis-2022-bkg-vg250","kreis","de-kreis-2022-bkg-vg250:07312","07312","Kaiserslautern, kreisfreie Stadt",2022,99689,"Zensus compact religion table total persons (Insgesamt) for the Kreis and wave. The religion variable RELZG2 records legal membership in a public-law religious society; it is not a belief or attendance measure.",53317,53.48,,,,,,140.33,,,"zensus-2022-1000a-1018-religion-geolk4|bkg-vg250-krs-2022-01-01","legal_membership_public_law_religious_society;compact_residual_other_none_no_response;no_religion_not_separable;period_boundary_vintage"
"DE","de-kreis-2022-bkg-vg250","kreis","de-kreis-2022-bkg-vg250:07313","07313","Landau in der Pfalz, kreisfreie Stadt",2022,47072,"Zensus compact religion table total persons (Insgesamt) for the Kreis and wave. The religion variable RELZG2 records legal membership in a public-law religious society; it is not a belief or attendance measure.",27703,58.85,,,,,,82.99,,,"zensus-2022-1000a-1018-religion-geolk4|bkg-vg250-krs-2022-01-01","legal_membership_public_law_religious_society;compact_residual_other_none_no_response;no_religion_not_separable;period_boundary_vintage"
"DE","de-kreis-2022-bkg-vg250","kreis","de-kreis-2022-bkg-vg250:07314","07314","Ludwigshafen am Rhein, kreisfreie Stadt",2022,172889,"Zensus compact religion table total persons (Insgesamt) for the Kreis and wave. The religion variable RELZG2 records legal membership in a public-law religious society; it is not a belief or attendance measure.",70753,40.92,,,,,,78.01,,,"zensus-2022-1000a-1018-religion-geolk4|bkg-vg250-krs-2022-01-01","legal_membership_public_law_religious_society;compact_residual_other_none_no_response;no_religion_not_separable;period_boundary_vintage"
"DE","de-kreis-2022-bkg-vg250","kreis","de-kreis-2022-bkg-vg250:07315","07315","Mainz, kreisfreie Stadt",2022,220386,"Zensus compact religion table total persons (Insgesamt) for the Kreis and wave. The religion variable RELZG2 records legal membership in a public-law religious society; it is not a belief or attendance measure.",106858,48.49,,,,,,97.65,,,"zensus-2022-1000a-1018-religion-geolk4|bkg-vg250-krs-2022-01-01","legal_membership_public_law_religious_society;compact_residual_other_none_no_response;no_religion_not_separable;period_boundary_vintage"
"DE","de-kreis-2022-bkg-vg250","kreis","de-kreis-2022-bkg-vg250:07316","07316","Neustadt an der Weinstraße, kreisfreie Stadt",2022,52778,"Zensus compact religion table total persons (Insgesamt) for the Kreis and wave. The religion variable RELZG2 records legal membership in a public-law religious society; it is not a belief or attendance measure.",31076,58.88,,,,,,117.2,,,"zensus-2022-1000a-1018-religion-geolk4|bkg-vg250-krs-2022-01-01","legal_membership_public_law_religious_society;compact_residual_other_none_no_response;no_religion_not_separable;period_boundary_vintage"
"DE","de-kreis-2022-bkg-vg250","kreis","de-kreis-2022-bkg-vg250:07317","07317","Pirmasens, kreisfreie Stadt",2022,38936,"Zensus compact religion table total persons (Insgesamt) for the Kreis and wave. The religion variable RELZG2 records legal membership in a public-law religious society; it is not a belief or attendance measure.",24651,63.31,,,,,,61.57,,,"zensus-2022-1000a-1018-religion-geolk4|bkg-vg250-krs-2022-01-01","legal_membership_public_law_religious_society;compact_residual_other_none_no_response;no_religion_not_separable;period_boundary_vintage"
"DE","de-kreis-2022-bkg-vg250","kreis","de-kreis-2022-bkg-vg250:07318","07318","Speyer, kreisfreie Stadt",2022,49482,"Zensus compact religion table total persons (Insgesamt) for the Kreis and wave. The religion variable RELZG2 records legal membership in a public-law religious society; it is not a belief or attendance measure.",25661,51.86,,,,,,42.9,,,"zensus-2022-1000a-1018-religion-geolk4|bkg-vg250-krs-2022-01-01","legal_membership_public_law_religious_society;compact_residual_other_none_no_response;no_religion_not_separable;period_boundary_vintage"
"DE","de-kreis-2022-bkg-vg250","kreis","de-kreis-2022-bkg-vg250:07319","07319","Worms, kreisfreie Stadt",2022,84986,"Zensus compact religion table total persons (Insgesamt) for the Kreis and wave. The religion variable RELZG2 records legal membership in a public-law religious society; it is not a belief or attendance measure.",42354,49.84,,,,,,108.77,,,"zensus-2022-1000a-1018-religion-geolk4|bkg-vg250-krs-2022-01-01","legal_membership_public_law_religious_society;compact_residual_other_none_no_response;no_religion_not_separable;period_boundary_vintage"
"DE","de-kreis-2022-bkg-vg250","kreis","de-kreis-2022-bkg-vg250:07320","07320","Zweibrücken, kreisfreie Stadt",2022,33141,"Zensus compact religion table total persons (Insgesamt) for the Kreis and wave. The religion variable RELZG2 records legal membership in a public-law religious society; it is not a belief or attendance measure.",20568,62.06,,,,,,70.8,,,"zensus-2022-1000a-1018-religion-geolk4|bkg-vg250-krs-2022-01-01","legal_membership_public_law_religious_society;compact_residual_other_none_no_response;no_religion_not_separable;period_boundary_vintage"
"DE","de-kreis-2022-bkg-vg250","kreis","de-kreis-2022-bkg-vg250:07331","07331","Alzey-Worms",2022,129739,"Zensus compact religion table total persons (Insgesamt) for the Kreis and wave. The religion variable RELZG2 records legal membership in a public-law religious society; it is not a belief or attendance measure.",75411,58.13,,,,,,588.12,,,"zensus-2022-1000a-1018-religion-geolk4|bkg-vg250-krs-2022-01-01","legal_membership_public_law_religious_society;compact_residual_other_none_no_response;no_religion_not_separable;period_boundary_vintage"
"DE","de-kreis-2022-bkg-vg250","kreis","de-kreis-2022-bkg-vg250:07332","07332","Bad Dürkheim",2022,133847,"Zensus compact religion table total persons (Insgesamt) for the Kreis and wave. The religion variable RELZG2 records legal membership in a public-law religious society; it is not a belief or attendance measure.",77742,58.08,,,,,,593.99,,,"zensus-2022-1000a-1018-religion-geolk4|bkg-vg250-krs-2022-01-01","legal_membership_public_law_religious_society;compact_residual_other_none_no_response;no_religion_not_separable;period_boundary_vintage"
"DE","de-kreis-2022-bkg-vg250","kreis","de-kreis-2022-bkg-vg250:07333","07333","Donnersbergkreis",2022,74787,"Zensus compact religion table total persons (Insgesamt) for the Kreis and wave. The religion variable RELZG2 records legal membership in a public-law religious society; it is not a belief or attendance measure.",47357,63.32,,,,,,644.6,,,"zensus-2022-1000a-1018-religion-geolk4|bkg-vg250-krs-2022-01-01","legal_membership_public_law_religious_society;compact_residual_other_none_no_response;no_religion_not_separable;period_boundary_vintage"
"DE","de-kreis-2022-bkg-vg250","kreis","de-kreis-2022-bkg-vg250:07334","07334","Germersheim",2022,130551,"Zensus compact religion table total persons (Insgesamt) for the Kreis and wave. The religion variable RELZG2 records legal membership in a public-law religious society; it is not a belief or attendance measure.",74873,57.35,,,,,,463.33,,,"zensus-2022-1000a-1018-religion-geolk4|bkg-vg250-krs-2022-01-01","legal_membership_public_law_religious_society;compact_residual_other_none_no_response;no_religion_not_separable;period_boundary_vintage"
"DE","de-kreis-2022-bkg-vg250","kreis","de-kreis-2022-bkg-vg250:07335","07335","Kaiserslautern",2022,105761,"Zensus compact religion table total persons (Insgesamt) for the Kreis and wave. The religion variable RELZG2 records legal membership in a public-law religious society; it is not a belief or attendance measure.",67134,63.48,,,,,,640.58,,,"zensus-2022-1000a-1018-religion-geolk4|bkg-vg250-krs-2022-01-01","legal_membership_public_law_religious_society;compact_residual_other_none_no_response;no_religion_not_separable;period_boundary_vintage"
"DE","de-kreis-2022-bkg-vg250","kreis","de-kreis-2022-bkg-vg250:07336","07336","Kusel",2022,69530,"Zensus compact religion table total persons (Insgesamt) for the Kreis and wave. The religion variable RELZG2 records legal membership in a public-law religious society; it is not a belief or attendance measure.",48642,69.96,,,,,,573.85,,,"zensus-2022-1000a-1018-religion-geolk4|bkg-vg250-krs-2022-01-01","legal_membership_public_law_religious_society;compact_residual_other_none_no_response;no_religion_not_separable;period_boundary_vintage"
"DE","de-kreis-2022-bkg-vg250","kreis","de-kreis-2022-bkg-vg250:07337","07337","Südliche Weinstraße",2022,112576,"Zensus compact religion table total persons (Insgesamt) for the Kreis and wave. The religion variable RELZG2 records legal membership in a public-law religious society; it is not a belief or attendance measure.",73918,65.66,,,,,,639.68,,,"zensus-2022-1000a-1018-religion-geolk4|bkg-vg250-krs-2022-01-01","legal_membership_public_law_religious_society;compact_residual_other_none_no_response;no_religion_not_separable;period_boundary_vintage"
"DE","de-kreis-2022-bkg-vg250","kreis","de-kreis-2022-bkg-vg250:07338","07338","Rhein-Pfalz-Kreis",2022,155243,"Zensus compact religion table total persons (Insgesamt) for the Kreis and wave. The religion variable RELZG2 records legal membership in a public-law religious society; it is not a belief or attendance measure.",85338,54.97,,,,,,304.36,,,"zensus-2022-1000a-1018-religion-geolk4|bkg-vg250-krs-2022-01-01","legal_membership_public_law_religious_society;compact_residual_other_none_no_response;no_religion_not_separable;period_boundary_vintage"
"DE","de-kreis-2022-bkg-vg250","kreis","de-kreis-2022-bkg-vg250:07339","07339","Mainz-Bingen",2022,205297,"Zensus compact religion table total persons (Insgesamt) for the Kreis and wave. The religion variable RELZG2 records legal membership in a public-law religious society; it is not a belief or attendance measure.",117831,57.4,,,,,,605.63,,,"zensus-2022-1000a-1018-religion-geolk4|bkg-vg250-krs-2022-01-01","legal_membership_public_law_religious_society;compact_residual_other_none_no_response;no_religion_not_separable;period_boundary_vintage"
"DE","de-kreis-2022-bkg-vg250","kreis","de-kreis-2022-bkg-vg250:07340","07340","Südwestpfalz",2022,90480,"Zensus compact religion table total persons (Insgesamt) for the Kreis and wave. The religion variable RELZG2 records legal membership in a public-law religious society; it is not a belief or attendance measure.",66589,73.6,,,,,,954.13,,,"zensus-2022-1000a-1018-religion-geolk4|bkg-vg250-krs-2022-01-01","legal_membership_public_law_religious_society;compact_residual_other_none_no_response;no_religion_not_separable;period_boundary_vintage"
"DE","de-kreis-2022-bkg-vg250","kreis","de-kreis-2022-bkg-vg250:08111","08111","Stuttgart, Stadtkreis",2022,610458,"Zensus compact religion table total persons (Insgesamt) for the Kreis and wave. The religion variable RELZG2 records legal membership in a public-law religious society; it is not a belief or attendance measure.",255370,41.83,,,,,,209.97,,,"zensus-2022-1000a-1018-religion-geolk4|bkg-vg250-krs-2022-01-01","legal_membership_public_law_religious_society;compact_residual_other_none_no_response;no_religion_not_separable;period_boundary_vintage"
"DE","de-kreis-2022-bkg-vg250","kreis","de-kreis-2022-bkg-vg250:08115","08115","Böblingen",2022,389650,"Zensus compact religion table total persons (Insgesamt) for the Kreis and wave. The religion variable RELZG2 records legal membership in a public-law religious society; it is not a belief or attendance measure.",190396,48.86,,,,,,617.21,,,"zensus-2022-1000a-1018-religion-geolk4|bkg-vg250-krs-2022-01-01","legal_membership_public_law_religious_society;compact_residual_other_none_no_response;no_religion_not_separable;period_boundary_vintage"
"DE","de-kreis-2022-bkg-vg250","kreis","de-kreis-2022-bkg-vg250:08116","08116","Esslingen",2022,529895,"Zensus compact religion table total persons (Insgesamt) for the Kreis and wave. The religion variable RELZG2 records legal membership in a public-law religious society; it is not a belief or attendance measure.",268173,50.61,,,,,,639.81,,,"zensus-2022-1000a-1018-religion-geolk4|bkg-vg250-krs-2022-01-01","legal_membership_public_law_religious_society;compact_residual_other_none_no_response;no_religion_not_separable;period_boundary_vintage"
"DE","de-kreis-2022-bkg-vg250","kreis","de-kreis-2022-bkg-vg250:08117","08117","Göppingen",2022,255589,"Zensus compact religion table total persons (Insgesamt) for the Kreis and wave. The religion variable RELZG2 records legal membership in a public-law religious society; it is not a belief or attendance measure.",142760,55.86,,,,,,642.61,,,"zensus-2022-1000a-1018-religion-geolk4|bkg-vg250-krs-2022-01-01","legal_membership_public_law_religious_society;compact_residual_other_none_no_response;no_religion_not_separable;period_boundary_vintage"
"DE","de-kreis-2022-bkg-vg250","kreis","de-kreis-2022-bkg-vg250:08118","08118","Ludwigsburg",2022,528576,"Zensus compact religion table total persons (Insgesamt) for the Kreis and wave. The religion variable RELZG2 records legal membership in a public-law religious society; it is not a belief or attendance measure.",264333,50.01,,,,,,686.63,,,"zensus-2022-1000a-1018-religion-geolk4|bkg-vg250-krs-2022-01-01","legal_membership_public_law_religious_society;compact_residual_other_none_no_response;no_religion_not_separable;period_boundary_vintage"
"DE","de-kreis-2022-bkg-vg250","kreis","de-kreis-2022-bkg-vg250:08119","08119","Rems-Murr-Kreis",2022,435660,"Zensus compact religion table total persons (Insgesamt) for the Kreis and wave. The religion variable RELZG2 records legal membership in a public-law religious society; it is not a belief or attendance measure.",228000,52.33,,,,,,857.35,,,"zensus-2022-1000a-1018-religion-geolk4|bkg-vg250-krs-2022-01-01","legal_membership_public_law_religious_society;compact_residual_other_none_no_response;no_religion_not_separable;period_boundary_vintage"
"DE","de-kreis-2022-bkg-vg250","kreis","de-kreis-2022-bkg-vg250:08121","08121","Heilbronn, Stadtkreis",2022,128303,"Zensus compact religion table total persons (Insgesamt) for the Kreis and wave. The religion variable RELZG2 records legal membership in a public-law religious society; it is not a belief or attendance measure.",56431,43.98,,,,,,100.65,,,"zensus-2022-1000a-1018-religion-geolk4|bkg-vg250-krs-2022-01-01","legal_membership_public_law_religious_society;compact_residual_other_none_no_response;no_religion_not_separable;period_boundary_vintage"
"DE","de-kreis-2022-bkg-vg250","kreis","de-kreis-2022-bkg-vg250:08125","08125","Heilbronn, Landkreis",2022,348958,"Zensus compact religion table total persons (Insgesamt) for the Kreis and wave. The religion variable RELZG2 records legal membership in a public-law religious society; it is not a belief or attendance measure.",197497,56.6,,,,,,1098.63,,,"zensus-2022-1000a-1018-religion-geolk4|bkg-vg250-krs-2022-01-01","legal_membership_public_law_religious_society;compact_residual_other_none_no_response;no_religion_not_separable;period_boundary_vintage"
"DE","de-kreis-2022-bkg-vg250","kreis","de-kreis-2022-bkg-vg250:08126","08126","Hohenlohekreis",2022,114027,"Zensus compact religion table total persons (Insgesamt) for the Kreis and wave. The religion variable RELZG2 records legal membership in a public-law religious society; it is not a belief or attendance measure.",73095,64.1,,,,,,777.14,,,"zensus-2022-1000a-1018-religion-geolk4|bkg-vg250-krs-2022-01-01","legal_membership_public_law_religious_society;compact_residual_other_none_no_response;no_religion_not_separable;period_boundary_vintage"
"DE","de-kreis-2022-bkg-vg250","kreis","de-kreis-2022-bkg-vg250:08127","08127","Schwäbisch Hall",2022,197296,"Zensus compact religion table total persons (Insgesamt) for the Kreis and wave. The religion variable RELZG2 records legal membership in a public-law religious society; it is not a belief or attendance measure.",126446,64.09,,,,,,1483.98,,,"zensus-2022-1000a-1018-religion-geolk4|bkg-vg250-krs-2022-01-01","legal_membership_public_law_religious_society;compact_residual_other_none_no_response;no_religion_not_separable;period_boundary_vintage"
"DE","de-kreis-2022-bkg-vg250","kreis","de-kreis-2022-bkg-vg250:08128","08128","Main-Tauber-Kreis",2022,132215,"Zensus compact religion table total persons (Insgesamt) for the Kreis and wave. The religion variable RELZG2 records legal membership in a public-law religious society; it is not a belief or attendance measure.",95242,72.04,,,,,,1304.82,,,"zensus-2022-1000a-1018-religion-geolk4|bkg-vg250-krs-2022-01-01","legal_membership_public_law_religious_society;compact_residual_other_none_no_response;no_religion_not_separable;period_boundary_vintage"
"DE","de-kreis-2022-bkg-vg250","kreis","de-kreis-2022-bkg-vg250:08135","08135","Heidenheim",2022,133426,"Zensus compact religion table total persons (Insgesamt) for the Kreis and wave. The religion variable RELZG2 records legal membership in a public-law religious society; it is not a belief or attendance measure.",79338,59.46,,,,,,627.4,,,"zensus-2022-1000a-1018-religion-geolk4|bkg-vg250-krs-2022-01-01","legal_membership_public_law_religious_society;compact_residual_other_none_no_response;no_religion_not_separable;period_boundary_vintage"
"DE","de-kreis-2022-bkg-vg250","kreis","de-kreis-2022-bkg-vg250:08136","08136","Ostalbkreis",2022,314697,"Zensus compact religion table total persons (Insgesamt) for the Kreis and wave. The religion variable RELZG2 records legal membership in a public-law religious society; it is not a belief or attendance measure.",207307,65.88,,,,,,1510.4,,,"zensus-2022-1000a-1018-religion-geolk4|bkg-vg250-krs-2022-01-01","legal_membership_public_law_religious_society;compact_residual_other_none_no_response;no_religion_not_separable;period_boundary_vintage"
"DE","de-kreis-2022-bkg-vg250","kreis","de-kreis-2022-bkg-vg250:08211","08211","Baden-Baden, Stadtkreis",2022,55887,"Zensus compact religion table total persons (Insgesamt) for the Kreis and wave. The religion variable RELZG2 records legal membership in a public-law religious society; it is not a belief or attendance measure.",27874,49.88,,,,,,139.96,,,"zensus-2022-1000a-1018-religion-geolk4|bkg-vg250-krs-2022-01-01","legal_membership_public_law_religious_society;compact_residual_other_none_no_response;no_religion_not_separable;period_boundary_vintage"
"DE","de-kreis-2022-bkg-vg250","kreis","de-kreis-2022-bkg-vg250:08212","08212","Karlsruhe, Stadtkreis",2022,305408,"Zensus compact religion table total persons (Insgesamt) for the Kreis and wave. The religion variable RELZG2 records legal membership in a public-law religious society; it is not a belief or attendance measure.",149743,49.03,,,,,,174.09,,,"zensus-2022-1000a-1018-religion-geolk4|bkg-vg250-krs-2022-01-01","legal_membership_public_law_religious_society;compact_residual_other_none_no_response;no_religion_not_separable;period_boundary_vintage"
"DE","de-kreis-2022-bkg-vg250","kreis","de-kreis-2022-bkg-vg250:08215","08215","Karlsruhe, Landkreis",2022,451114,"Zensus compact religion table total persons (Insgesamt) for the Kreis and wave. The religion variable RELZG2 records legal membership in a public-law religious society; it is not a belief or attendance measure.",267572,59.31,,,,,,1084.5,,,"zensus-2022-1000a-1018-religion-geolk4|bkg-vg250-krs-2022-01-01","legal_membership_public_law_religious_society;compact_residual_other_none_no_response;no_religion_not_separable;period_boundary_vintage"
"DE","de-kreis-2022-bkg-vg250","kreis","de-kreis-2022-bkg-vg250:08216","08216","Rastatt",2022,230071,"Zensus compact religion table total persons (Insgesamt) for the Kreis and wave. The religion variable RELZG2 records legal membership in a public-law religious society; it is not a belief or attendance measure.",135918,59.08,,,,,,738.73,,,"zensus-2022-1000a-1018-religion-geolk4|bkg-vg250-krs-2022-01-01","legal_membership_public_law_religious_society;compact_residual_other_none_no_response;no_religion_not_separable;period_boundary_vintage"
"DE","de-kreis-2022-bkg-vg250","kreis","de-kreis-2022-bkg-vg250:08221","08221","Heidelberg, Stadtkreis",2022,153809,"Zensus compact religion table total persons (Insgesamt) for the Kreis and wave. The religion variable RELZG2 records legal membership in a public-law religious society; it is not a belief or attendance measure.",70870,46.08,,,,,,109.14,,,"zensus-2022-1000a-1018-religion-geolk4|bkg-vg250-krs-2022-01-01","legal_membership_public_law_religious_society;compact_residual_other_none_no_response;no_religion_not_separable;period_boundary_vintage"
"DE","de-kreis-2022-bkg-vg250","kreis","de-kreis-2022-bkg-vg250:08222","08222","Mannheim, Stadtkreis",2022,313693,"Zensus compact religion table total persons (Insgesamt) for the Kreis and wave. The religion variable RELZG2 records legal membership in a public-law religious society; it is not a belief or attendance measure.",133807,42.66,,,,,,145.11,,,"zensus-2022-1000a-1018-religion-geolk4|bkg-vg250-krs-2022-01-01","legal_membership_public_law_religious_society;compact_residual_other_none_no_response;no_religion_not_separable;period_boundary_vintage"
"DE","de-kreis-2022-bkg-vg250","kreis","de-kreis-2022-bkg-vg250:08225","08225","Neckar-Odenwald-Kreis",2022,144470,"Zensus compact religion table total persons (Insgesamt) for the Kreis and wave. The religion variable RELZG2 records legal membership in a public-law religious society; it is not a belief or attendance measure.",100870,69.82,,,,,,1125.8,,,"zensus-2022-1000a-1018-religion-geolk4|bkg-vg250-krs-2022-01-01","legal_membership_public_law_religious_society;compact_residual_other_none_no_response;no_religion_not_separable;period_boundary_vintage"
"DE","de-kreis-2022-bkg-vg250","kreis","de-kreis-2022-bkg-vg250:08226","08226","Rhein-Neckar-Kreis",2022,554521,"Zensus compact religion table total persons (Insgesamt) for the Kreis and wave. The religion variable RELZG2 records legal membership in a public-law religious society; it is not a belief or attendance measure.",305998,55.18,,,,,,1060.84,,,"zensus-2022-1000a-1018-religion-geolk4|bkg-vg250-krs-2022-01-01","legal_membership_public_law_religious_society;compact_residual_other_none_no_response;no_religion_not_separable;period_boundary_vintage"
"DE","de-kreis-2022-bkg-vg250","kreis","de-kreis-2022-bkg-vg250:08231","08231","Pforzheim, Stadtkreis",2022,133110,"Zensus compact religion table total persons (Insgesamt) for the Kreis and wave. The religion variable RELZG2 records legal membership in a public-law religious society; it is not a belief or attendance measure.",59873,44.98,,,,,,98.26,,,"zensus-2022-1000a-1018-religion-geolk4|bkg-vg250-krs-2022-01-01","legal_membership_public_law_religious_society;compact_residual_other_none_no_response;no_religion_not_separable;period_boundary_vintage"
"DE","de-kreis-2022-bkg-vg250","kreis","de-kreis-2022-bkg-vg250:08235","08235","Calw",2022,159421,"Zensus compact religion table total persons (Insgesamt) for the Kreis and wave. The religion variable RELZG2 records legal membership in a public-law religious society; it is not a belief or attendance measure.",91975,57.69,,,,,,797.55,,,"zensus-2022-1000a-1018-religion-geolk4|bkg-vg250-krs-2022-01-01","legal_membership_public_law_religious_society;compact_residual_other_none_no_response;no_religion_not_separable;period_boundary_vintage"
"DE","de-kreis-2022-bkg-vg250","kreis","de-kreis-2022-bkg-vg250:08236","08236","Enzkreis",2022,197899,"Zensus compact religion table total persons (Insgesamt) for the Kreis and wave. The religion variable RELZG2 records legal membership in a public-law religious society; it is not a belief or attendance measure.",112657,56.93,,,,,,572.98,,,"zensus-2022-1000a-1018-religion-geolk4|bkg-vg250-krs-2022-01-01","legal_membership_public_law_religious_society;compact_residual_other_none_no_response;no_religion_not_separable;period_boundary_vintage"
"DE","de-kreis-2022-bkg-vg250","kreis","de-kreis-2022-bkg-vg250:08237","08237","Freudenstadt",2022,120401,"Zensus compact religion table total persons (Insgesamt) for the Kreis and wave. The religion variable RELZG2 records legal membership in a public-law religious society; it is not a belief or attendance measure.",76014,63.13,,,,,,870.89,,,"zensus-2022-1000a-1018-religion-geolk4|bkg-vg250-krs-2022-01-01","legal_membership_public_law_religious_society;compact_residual_other_none_no_response;no_religion_not_separable;period_boundary_vintage"
"DE","de-kreis-2022-bkg-vg250","kreis","de-kreis-2022-bkg-vg250:08311","08311","Freiburg im Breisgau, Stadtkreis",2022,233040,"Zensus compact religion table total persons (Insgesamt) for the Kreis and wave. The religion variable RELZG2 records legal membership in a public-law religious society; it is not a belief or attendance measure.",112988,48.48,,,,,,153.84,,,"zensus-2022-1000a-1018-religion-geolk4|bkg-vg250-krs-2022-01-01","legal_membership_public_law_religious_society;compact_residual_other_none_no_response;no_religion_not_separable;period_boundary_vintage"
"DE","de-kreis-2022-bkg-vg250","kreis","de-kreis-2022-bkg-vg250:08315","08315","Breisgau-Hochschwarzwald",2022,268937,"Zensus compact religion table total persons (Insgesamt) for the Kreis and wave. The religion variable RELZG2 records legal membership in a public-law religious society; it is not a belief or attendance measure.",158885,59.08,,,,,,1377.63,,,"zensus-2022-1000a-1018-religion-geolk4|bkg-vg250-krs-2022-01-01","legal_membership_public_law_religious_society;compact_residual_other_none_no_response;no_religion_not_separable;period_boundary_vintage"
"DE","de-kreis-2022-bkg-vg250","kreis","de-kreis-2022-bkg-vg250:08316","08316","Emmendingen",2022,166850,"Zensus compact religion table total persons (Insgesamt) for the Kreis and wave. The religion variable RELZG2 records legal membership in a public-law religious society; it is not a belief or attendance measure.",104686,62.74,,,,,,680.39,,,"zensus-2022-1000a-1018-religion-geolk4|bkg-vg250-krs-2022-01-01","legal_membership_public_law_religious_society;compact_residual_other_none_no_response;no_religion_not_separable;period_boundary_vintage"
"DE","de-kreis-2022-bkg-vg250","kreis","de-kreis-2022-bkg-vg250:08317","08317","Ortenaukreis",2022,437242,"Zensus compact religion table total persons (Insgesamt) for the Kreis and wave. The religion variable RELZG2 records legal membership in a public-law religious society; it is not a belief or attendance measure.",283424,64.82,,,,,,1859.84,,,"zensus-2022-1000a-1018-religion-geolk4|bkg-vg250-krs-2022-01-01","legal_membership_public_law_religious_society;compact_residual_other_none_no_response;no_religion_not_separable;period_boundary_vintage"
"DE","de-kreis-2022-bkg-vg250","kreis","de-kreis-2022-bkg-vg250:08325","08325","Rottweil",2022,138933,"Zensus compact religion table total persons (Insgesamt) for the Kreis and wave. The religion variable RELZG2 records legal membership in a public-law religious society; it is not a belief or attendance measure.",90841,65.38,,,,,,769.49,,,"zensus-2022-1000a-1018-religion-geolk4|bkg-vg250-krs-2022-01-01","legal_membership_public_law_religious_society;compact_residual_other_none_no_response;no_religion_not_separable;period_boundary_vintage"
"DE","de-kreis-2022-bkg-vg250","kreis","de-kreis-2022-bkg-vg250:08326","08326","Schwarzwald-Baar-Kreis",2022,210596,"Zensus compact religion table total persons (Insgesamt) for the Kreis and wave. The religion variable RELZG2 records legal membership in a public-law religious society; it is not a belief or attendance measure.",123923,58.84,,,,,,1025.91,,,"zensus-2022-1000a-1018-religion-geolk4|bkg-vg250-krs-2022-01-01","legal_membership_public_law_religious_society;compact_residual_other_none_no_response;no_religion_not_separable;period_boundary_vintage"
"DE","de-kreis-2022-bkg-vg250","kreis","de-kreis-2022-bkg-vg250:08327","08327","Tuttlingen",2022,142895,"Zensus compact religion table total persons (Insgesamt) for the Kreis and wave. The religion variable RELZG2 records legal membership in a public-law religious society; it is not a belief or attendance measure.",84616,59.22,,,,,,734.05,,,"zensus-2022-1000a-1018-religion-geolk4|bkg-vg250-krs-2022-01-01","legal_membership_public_law_religious_society;compact_residual_other_none_no_response;no_religion_not_separable;period_boundary_vintage"
"DE","de-kreis-2022-bkg-vg250","kreis","de-kreis-2022-bkg-vg250:08335","08335","Konstanz",2022,287451,"Zensus compact religion table total persons (Insgesamt) for the Kreis and wave. The religion variable RELZG2 records legal membership in a public-law religious society; it is not a belief or attendance measure.",153453,53.38,,,,,,817.53,,,"zensus-2022-1000a-1018-religion-geolk4|bkg-vg250-krs-2022-01-01","legal_membership_public_law_religious_society;compact_residual_other_none_no_response;no_religion_not_separable;period_boundary_vintage"
"DE","de-kreis-2022-bkg-vg250","kreis","de-kreis-2022-bkg-vg250:08336","08336","Lörrach",2022,233949,"Zensus compact religion table total persons (Insgesamt) for the Kreis and wave. The religion variable RELZG2 records legal membership in a public-law religious society; it is not a belief or attendance measure.",118055,50.46,,,,,,807.15,,,"zensus-2022-1000a-1018-religion-geolk4|bkg-vg250-krs-2022-01-01","legal_membership_public_law_religious_society;compact_residual_other_none_no_response;no_religion_not_separable;period_boundary_vintage"
"DE","de-kreis-2022-bkg-vg250","kreis","de-kreis-2022-bkg-vg250:08337","08337","Waldshut",2022,170100,"Zensus compact religion table total persons (Insgesamt) for the Kreis and wave. The religion variable RELZG2 records legal membership in a public-law religious society; it is not a belief or attendance measure.",100583,59.13,,,,,,1130.83,,,"zensus-2022-1000a-1018-religion-geolk4|bkg-vg250-krs-2022-01-01","legal_membership_public_law_religious_society;compact_residual_other_none_no_response;no_religion_not_separable;period_boundary_vintage"
"DE","de-kreis-2022-bkg-vg250","kreis","de-kreis-2022-bkg-vg250:08415","08415","Reutlingen",2022,289654,"Zensus compact religion table total persons (Insgesamt) for the Kreis and wave. The religion variable RELZG2 records legal membership in a public-law religious society; it is not a belief or attendance measure.",163707,56.52,,,,,,1092.24,,,"zensus-2022-1000a-1018-religion-geolk4|bkg-vg250-krs-2022-01-01","legal_membership_public_law_religious_society;compact_residual_other_none_no_response;no_religion_not_separable;period_boundary_vintage"
"DE","de-kreis-2022-bkg-vg250","kreis","de-kreis-2022-bkg-vg250:08416","08416","Tübingen",2022,229642,"Zensus compact religion table total persons (Insgesamt) for the Kreis and wave. The religion variable RELZG2 records legal membership in a public-law religious society; it is not a belief or attendance measure.",129071,56.21,,,,,,519.91,,,"zensus-2022-1000a-1018-religion-geolk4|bkg-vg250-krs-2022-01-01","legal_membership_public_law_religious_society;compact_residual_other_none_no_response;no_religion_not_separable;period_boundary_vintage"
"DE","de-kreis-2022-bkg-vg250","kreis","de-kreis-2022-bkg-vg250:08417","08417","Zollernalbkreis",2022,191793,"Zensus compact religion table total persons (Insgesamt) for the Kreis and wave. The religion variable RELZG2 records legal membership in a public-law religious society; it is not a belief or attendance measure.",123820,64.56,,,,,,917.34,,,"zensus-2022-1000a-1018-religion-geolk4|bkg-vg250-krs-2022-01-01","legal_membership_public_law_religious_society;compact_residual_other_none_no_response;no_religion_not_separable;period_boundary_vintage"
"DE","de-kreis-2022-bkg-vg250","kreis","de-kreis-2022-bkg-vg250:08421","08421","Ulm, Stadtkreis",2022,127116,"Zensus compact religion table total persons (Insgesamt) for the Kreis and wave. The religion variable RELZG2 records legal membership in a public-law religious society; it is not a belief or attendance measure.",61196,48.14,,,,,,119.24,,,"zensus-2022-1000a-1018-religion-geolk4|bkg-vg250-krs-2022-01-01","legal_membership_public_law_religious_society;compact_residual_other_none_no_response;no_religion_not_separable;period_boundary_vintage"
"DE","de-kreis-2022-bkg-vg250","kreis","de-kreis-2022-bkg-vg250:08425","08425","Alb-Donau-Kreis",2022,198553,"Zensus compact religion table total persons (Insgesamt) for the Kreis and wave. The religion variable RELZG2 records legal membership in a public-law religious society; it is not a belief or attendance measure.",127465,64.2,,,,,,1357.39,,,"zensus-2022-1000a-1018-religion-geolk4|bkg-vg250-krs-2022-01-01","legal_membership_public_law_religious_society;compact_residual_other_none_no_response;no_religion_not_separable;period_boundary_vintage"
"DE","de-kreis-2022-bkg-vg250","kreis","de-kreis-2022-bkg-vg250:08426","08426","Biberach",2022,203323,"Zensus compact religion table total persons (Insgesamt) for the Kreis and wave. The religion variable RELZG2 records legal membership in a public-law religious society; it is not a belief or attendance measure.",140621,69.16,,,,,,1409.89,,,"zensus-2022-1000a-1018-religion-geolk4|bkg-vg250-krs-2022-01-01","legal_membership_public_law_religious_society;compact_residual_other_none_no_response;no_religion_not_separable;period_boundary_vintage"
"DE","de-kreis-2022-bkg-vg250","kreis","de-kreis-2022-bkg-vg250:08435","08435","Bodenseekreis",2022,218476,"Zensus compact religion table total persons (Insgesamt) for the Kreis and wave. The religion variable RELZG2 records legal membership in a public-law religious society; it is not a belief or attendance measure.",123193,56.39,,,,,,665.21,,,"zensus-2022-1000a-1018-religion-geolk4|bkg-vg250-krs-2022-01-01","legal_membership_public_law_religious_society;compact_residual_other_none_no_response;no_religion_not_separable;period_boundary_vintage"
"DE","de-kreis-2022-bkg-vg250","kreis","de-kreis-2022-bkg-vg250:08436","08436","Ravensburg",2022,285421,"Zensus compact religion table total persons (Insgesamt) for the Kreis and wave. The religion variable RELZG2 records legal membership in a public-law religious society; it is not a belief or attendance measure.",187127,65.56,,,,,,1631.88,,,"zensus-2022-1000a-1018-religion-geolk4|bkg-vg250-krs-2022-01-01","legal_membership_public_law_religious_society;compact_residual_other_none_no_response;no_religion_not_separable;period_boundary_vintage"
"DE","de-kreis-2022-bkg-vg250","kreis","de-kreis-2022-bkg-vg250:08437","08437","Sigmaringen",2022,131515,"Zensus compact religion table total persons (Insgesamt) for the Kreis and wave. The religion variable RELZG2 records legal membership in a public-law religious society; it is not a belief or attendance measure.",90090,68.5,,,,,,1204.64,,,"zensus-2022-1000a-1018-religion-geolk4|bkg-vg250-krs-2022-01-01","legal_membership_public_law_religious_society;compact_residual_other_none_no_response;no_religion_not_separable;period_boundary_vintage"
"DE","de-kreis-2022-bkg-vg250","kreis","de-kreis-2022-bkg-vg250:09161","09161","Ingolstadt",2022,136468,"Zensus compact religion table total persons (Insgesamt) for the Kreis and wave. The religion variable RELZG2 records legal membership in a public-law religious society; it is not a belief or attendance measure.",68281,50.03,,,,,,133.46,,,"zensus-2022-1000a-1018-religion-geolk4|bkg-vg250-krs-2022-01-01","legal_membership_public_law_religious_society;compact_residual_other_none_no_response;no_religion_not_separable;period_boundary_vintage"
"DE","de-kreis-2022-bkg-vg250","kreis","de-kreis-2022-bkg-vg250:09162","09162","München, Landeshauptstadt",2022,1478638,"Zensus compact religion table total persons (Insgesamt) for the Kreis and wave. The religion variable RELZG2 records legal membership in a public-law religious society; it is not a belief or attendance measure.",549970,37.19,,,,,,311.41,,,"zensus-2022-1000a-1018-religion-geolk4|bkg-vg250-krs-2022-01-01","legal_membership_public_law_religious_society;compact_residual_other_none_no_response;no_religion_not_separable;period_boundary_vintage"
"DE","de-kreis-2022-bkg-vg250","kreis","de-kreis-2022-bkg-vg250:09163","09163","Rosenheim, Kreisfreie Stadt",2022,63284,"Zensus compact religion table total persons (Insgesamt) for the Kreis and wave. The religion variable RELZG2 records legal membership in a public-law religious society; it is not a belief or attendance measure.",30559,48.29,,,,,,36.95,,,"zensus-2022-1000a-1018-religion-geolk4|bkg-vg250-krs-2022-01-01","legal_membership_public_law_religious_society;compact_residual_other_none_no_response;no_religion_not_separable;period_boundary_vintage"
"DE","de-kreis-2022-bkg-vg250","kreis","de-kreis-2022-bkg-vg250:09171","09171","Altötting",2022,111881,"Zensus compact religion table total persons (Insgesamt) for the Kreis and wave. The religion variable RELZG2 records legal membership in a public-law religious society; it is not a belief or attendance measure.",74808,66.86,,,,,,569.35,,,"zensus-2022-1000a-1018-religion-geolk4|bkg-vg250-krs-2022-01-01","legal_membership_public_law_religious_society;compact_residual_other_none_no_response;no_religion_not_separable;period_boundary_vintage"
"DE","de-kreis-2022-bkg-vg250","kreis","de-kreis-2022-bkg-vg250:09172","09172","Berchtesgadener Land",2022,103867,"Zensus compact religion table total persons (Insgesamt) for the Kreis and wave. The religion variable RELZG2 records legal membership in a public-law religious society; it is not a belief or attendance measure.",65979,63.52,,,,,,839.8,,,"zensus-2022-1000a-1018-religion-geolk4|bkg-vg250-krs-2022-01-01","legal_membership_public_law_religious_society;compact_residual_other_none_no_response;no_religion_not_separable;period_boundary_vintage"
"DE","de-kreis-2022-bkg-vg250","kreis","de-kreis-2022-bkg-vg250:09173","09173","Bad Tölz-Wolfratshausen",2022,129131,"Zensus compact religion table total persons (Insgesamt) for the Kreis and wave. The religion variable RELZG2 records legal membership in a public-law religious society; it is not a belief or attendance measure.",75239,58.27,,,,,,1111.68,,,"zensus-2022-1000a-1018-religion-geolk4|bkg-vg250-krs-2022-01-01","legal_membership_public_law_religious_society;compact_residual_other_none_no_response;no_religion_not_separable;period_boundary_vintage"
"DE","de-kreis-2022-bkg-vg250","kreis","de-kreis-2022-bkg-vg250:09174","09174","Dachau",2022,150689,"Zensus compact religion table total persons (Insgesamt) for the Kreis and wave. The religion variable RELZG2 records legal membership in a public-law religious society; it is not a belief or attendance measure.",80783,53.61,,,,,,579.54,,,"zensus-2022-1000a-1018-religion-geolk4|bkg-vg250-krs-2022-01-01","legal_membership_public_law_religious_society;compact_residual_other_none_no_response;no_religion_not_separable;period_boundary_vintage"
"DE","de-kreis-2022-bkg-vg250","kreis","de-kreis-2022-bkg-vg250:09175","09175","Ebersberg",2022,141747,"Zensus compact religion table total persons (Insgesamt) for the Kreis and wave. The religion variable RELZG2 records legal membership in a public-law religious society; it is not a belief or attendance measure.",75778,53.46,,,,,,549.84,,,"zensus-2022-1000a-1018-religion-geolk4|bkg-vg250-krs-2022-01-01","legal_membership_public_law_religious_society;compact_residual_other_none_no_response;no_religion_not_separable;period_boundary_vintage"
"DE","de-kreis-2022-bkg-vg250","kreis","de-kreis-2022-bkg-vg250:09176","09176","Eichstätt",2022,133409,"Zensus compact religion table total persons (Insgesamt) for the Kreis and wave. The religion variable RELZG2 records legal membership in a public-law religious society; it is not a belief or attendance measure.",94373,70.74,,,,,,1214.37,,,"zensus-2022-1000a-1018-religion-geolk4|bkg-vg250-krs-2022-01-01","legal_membership_public_law_religious_society;compact_residual_other_none_no_response;no_religion_not_separable;period_boundary_vintage"
"DE","de-kreis-2022-bkg-vg250","kreis","de-kreis-2022-bkg-vg250:09177","09177","Erding",2022,137644,"Zensus compact religion table total persons (Insgesamt) for the Kreis and wave. The religion variable RELZG2 records legal membership in a public-law religious society; it is not a belief or attendance measure.",82193,59.71,,,,,,870.82,,,"zensus-2022-1000a-1018-religion-geolk4|bkg-vg250-krs-2022-01-01","legal_membership_public_law_religious_society;compact_residual_other_none_no_response;no_religion_not_separable;period_boundary_vintage"
"DE","de-kreis-2022-bkg-vg250","kreis","de-kreis-2022-bkg-vg250:09178","09178","Freising",2022,180064,"Zensus compact religion table total persons (Insgesamt) for the Kreis and wave. The religion variable RELZG2 records legal membership in a public-law religious society; it is not a belief or attendance measure.",93970,52.19,,,,,,798.51,,,"zensus-2022-1000a-1018-religion-geolk4|bkg-vg250-krs-2022-01-01","legal_membership_public_law_religious_society;compact_residual_other_none_no_response;no_religion_not_separable;period_boundary_vintage"
"DE","de-kreis-2022-bkg-vg250","kreis","de-kreis-2022-bkg-vg250:09179","09179","Fürstenfeldbruck",2022,214553,"Zensus compact religion table total persons (Insgesamt) for the Kreis and wave. The religion variable RELZG2 records legal membership in a public-law religious society; it is not a belief or attendance measure.",106372,49.58,,,,,,434.65,,,"zensus-2022-1000a-1018-religion-geolk4|bkg-vg250-krs-2022-01-01","legal_membership_public_law_religious_society;compact_residual_other_none_no_response;no_religion_not_separable;period_boundary_vintage"
"DE","de-kreis-2022-bkg-vg250","kreis","de-kreis-2022-bkg-vg250:09180","09180","Garmisch-Partenkirchen",2022,89200,"Zensus compact religion table total persons (Insgesamt) for the Kreis and wave. The religion variable RELZG2 records legal membership in a public-law religious society; it is not a belief or attendance measure.",54987,61.64,,,,,,1011.92,,,"zensus-2022-1000a-1018-religion-geolk4|bkg-vg250-krs-2022-01-01","legal_membership_public_law_religious_society;compact_residual_other_none_no_response;no_religion_not_separable;period_boundary_vintage"
"DE","de-kreis-2022-bkg-vg250","kreis","de-kreis-2022-bkg-vg250:09181","09181","Landsberg am Lech",2022,119086,"Zensus compact religion table total persons (Insgesamt) for the Kreis and wave. The religion variable RELZG2 records legal membership in a public-law religious society; it is not a belief or attendance measure.",71455,60,,,,,,803.67,,,"zensus-2022-1000a-1018-religion-geolk4|bkg-vg250-krs-2022-01-01","legal_membership_public_law_religious_society;compact_residual_other_none_no_response;no_religion_not_separable;period_boundary_vintage"
"DE","de-kreis-2022-bkg-vg250","kreis","de-kreis-2022-bkg-vg250:09182","09182","Miesbach",2022,96154,"Zensus compact religion table total persons (Insgesamt) for the Kreis and wave. The religion variable RELZG2 records legal membership in a public-law religious society; it is not a belief or attendance measure.",56404,58.66,,,,,,866.76,,,"zensus-2022-1000a-1018-religion-geolk4|bkg-vg250-krs-2022-01-01","legal_membership_public_law_religious_society;compact_residual_other_none_no_response;no_religion_not_separable;period_boundary_vintage"
"DE","de-kreis-2022-bkg-vg250","kreis","de-kreis-2022-bkg-vg250:09183","09183","Mühldorf a.Inn",2022,119652,"Zensus compact religion table total persons (Insgesamt) for the Kreis and wave. The religion variable RELZG2 records legal membership in a public-law religious society; it is not a belief or attendance measure.",77927,65.13,,,,,,805.05,,,"zensus-2022-1000a-1018-religion-geolk4|bkg-vg250-krs-2022-01-01","legal_membership_public_law_religious_society;compact_residual_other_none_no_response;no_religion_not_separable;period_boundary_vintage"
"DE","de-kreis-2022-bkg-vg250","kreis","de-kreis-2022-bkg-vg250:09184","09184","München, Landkreis",2022,348611,"Zensus compact religion table total persons (Insgesamt) for the Kreis and wave. The religion variable RELZG2 records legal membership in a public-law religious society; it is not a belief or attendance measure.",158129,45.36,,,,,,664.01,,,"zensus-2022-1000a-1018-religion-geolk4|bkg-vg250-krs-2022-01-01","legal_membership_public_law_religious_society;compact_residual_other_none_no_response;no_religion_not_separable;period_boundary_vintage"
"DE","de-kreis-2022-bkg-vg250","kreis","de-kreis-2022-bkg-vg250:09185","09185","Neuburg-Schrobenhausen",2022,97166,"Zensus compact religion table total persons (Insgesamt) for the Kreis and wave. The religion variable RELZG2 records legal membership in a public-law religious society; it is not a belief or attendance measure.",67697,69.67,,,,,,740.04,,,"zensus-2022-1000a-1018-religion-geolk4|bkg-vg250-krs-2022-01-01","legal_membership_public_law_religious_society;compact_residual_other_none_no_response;no_religion_not_separable;period_boundary_vintage"
"DE","de-kreis-2022-bkg-vg250","kreis","de-kreis-2022-bkg-vg250:09186","09186","Pfaffenhofen a.d.Ilm",2022,127528,"Zensus compact religion table total persons (Insgesamt) for the Kreis and wave. The religion variable RELZG2 records legal membership in a public-law religious society; it is not a belief or attendance measure.",79676,62.48,,,,,,760.88,,,"zensus-2022-1000a-1018-religion-geolk4|bkg-vg250-krs-2022-01-01","legal_membership_public_law_religious_society;compact_residual_other_none_no_response;no_religion_not_separable;period_boundary_vintage"
"DE","de-kreis-2022-bkg-vg250","kreis","de-kreis-2022-bkg-vg250:09187","09187","Rosenheim, Landkreis",2022,254051,"Zensus compact religion table total persons (Insgesamt) for the Kreis and wave. The religion variable RELZG2 records legal membership in a public-law religious society; it is not a belief or attendance measure.",159070,62.61,,,,,,1440.4,,,"zensus-2022-1000a-1018-religion-geolk4|bkg-vg250-krs-2022-01-01","legal_membership_public_law_religious_society;compact_residual_other_none_no_response;no_religion_not_separable;period_boundary_vintage"
"DE","de-kreis-2022-bkg-vg250","kreis","de-kreis-2022-bkg-vg250:09188","09188","Starnberg",2022,138325,"Zensus compact religion table total persons (Insgesamt) for the Kreis and wave. The religion variable RELZG2 records legal membership in a public-law religious society; it is not a belief or attendance measure.",67310,48.66,,,,,,486.84,,,"zensus-2022-1000a-1018-religion-geolk4|bkg-vg250-krs-2022-01-01","legal_membership_public_law_religious_society;compact_residual_other_none_no_response;no_religion_not_separable;period_boundary_vintage"
"DE","de-kreis-2022-bkg-vg250","kreis","de-kreis-2022-bkg-vg250:09189","09189","Traunstein",2022,170443,"Zensus compact religion table total persons (Insgesamt) for the Kreis and wave. The religion variable RELZG2 records legal membership in a public-law religious society; it is not a belief or attendance measure.",114538,67.2,,,,,,1532.99,,,"zensus-2022-1000a-1018-religion-geolk4|bkg-vg250-krs-2022-01-01","legal_membership_public_law_religious_society;compact_residual_other_none_no_response;no_religion_not_separable;period_boundary_vintage"
"DE","de-kreis-2022-bkg-vg250","kreis","de-kreis-2022-bkg-vg250:09190","09190","Weilheim-Schongau",2022,136598,"Zensus compact religion table total persons (Insgesamt) for the Kreis and wave. The religion variable RELZG2 records legal membership in a public-law religious society; it is not a belief or attendance measure.",83768,61.32,,,,,,967.39,,,"zensus-2022-1000a-1018-religion-geolk4|bkg-vg250-krs-2022-01-01","legal_membership_public_law_religious_society;compact_residual_other_none_no_response;no_religion_not_separable;period_boundary_vintage"
"DE","de-kreis-2022-bkg-vg250","kreis","de-kreis-2022-bkg-vg250:09261","09261","Landshut, Kreisfreie Stadt",2022,67880,"Zensus compact religion table total persons (Insgesamt) for the Kreis and wave. The religion variable RELZG2 records legal membership in a public-law religious society; it is not a belief or attendance measure.",37022,54.54,,,,,,66.17,,,"zensus-2022-1000a-1018-religion-geolk4|bkg-vg250-krs-2022-01-01","legal_membership_public_law_religious_society;compact_residual_other_none_no_response;no_religion_not_separable;period_boundary_vintage"
"DE","de-kreis-2022-bkg-vg250","kreis","de-kreis-2022-bkg-vg250:09262","09262","Passau, Kreisfreie Stadt",2022,51907,"Zensus compact religion table total persons (Insgesamt) for the Kreis and wave. The religion variable RELZG2 records legal membership in a public-law religious society; it is not a belief or attendance measure.",32103,61.85,,,,,,70.11,,,"zensus-2022-1000a-1018-religion-geolk4|bkg-vg250-krs-2022-01-01","legal_membership_public_law_religious_society;compact_residual_other_none_no_response;no_religion_not_separable;period_boundary_vintage"
"DE","de-kreis-2022-bkg-vg250","kreis","de-kreis-2022-bkg-vg250:09263","09263","Straubing",2022,46167,"Zensus compact religion table total persons (Insgesamt) for the Kreis and wave. The religion variable RELZG2 records legal membership in a public-law religious society; it is not a belief or attendance measure.",28272,61.24,,,,,,67.65,,,"zensus-2022-1000a-1018-religion-geolk4|bkg-vg250-krs-2022-01-01","legal_membership_public_law_religious_society;compact_residual_other_none_no_response;no_religion_not_separable;period_boundary_vintage"
"DE","de-kreis-2022-bkg-vg250","kreis","de-kreis-2022-bkg-vg250:09271","09271","Deggendorf",2022,119231,"Zensus compact religion table total persons (Insgesamt) for the Kreis and wave. The religion variable RELZG2 records legal membership in a public-law religious society; it is not a belief or attendance measure.",86177,72.28,,,,,,861.23,,,"zensus-2022-1000a-1018-religion-geolk4|bkg-vg250-krs-2022-01-01","legal_membership_public_law_religious_society;compact_residual_other_none_no_response;no_religion_not_separable;period_boundary_vintage"
"DE","de-kreis-2022-bkg-vg250","kreis","de-kreis-2022-bkg-vg250:09272","09272","Freyung-Grafenau",2022,77917,"Zensus compact religion table total persons (Insgesamt) for the Kreis and wave. The religion variable RELZG2 records legal membership in a public-law religious society; it is not a belief or attendance measure.",63913,82.03,,,,,,983.77,,,"zensus-2022-1000a-1018-religion-geolk4|bkg-vg250-krs-2022-01-01","legal_membership_public_law_religious_society;compact_residual_other_none_no_response;no_religion_not_separable;period_boundary_vintage"
"DE","de-kreis-2022-bkg-vg250","kreis","de-kreis-2022-bkg-vg250:09273","09273","Kelheim",2022,123830,"Zensus compact religion table total persons (Insgesamt) for the Kreis and wave. The religion variable RELZG2 records legal membership in a public-law religious society; it is not a belief or attendance measure.",82749,66.82,,,,,,1064.78,,,"zensus-2022-1000a-1018-religion-geolk4|bkg-vg250-krs-2022-01-01","legal_membership_public_law_religious_society;compact_residual_other_none_no_response;no_religion_not_separable;period_boundary_vintage"
"DE","de-kreis-2022-bkg-vg250","kreis","de-kreis-2022-bkg-vg250:09274","09274","Landshut, Landkreis",2022,159168,"Zensus compact religion table total persons (Insgesamt) for the Kreis and wave. The religion variable RELZG2 records legal membership in a public-law religious society; it is not a belief or attendance measure.",109209,68.61,,,,,,1347.47,,,"zensus-2022-1000a-1018-religion-geolk4|bkg-vg250-krs-2022-01-01","legal_membership_public_law_religious_society;compact_residual_other_none_no_response;no_religion_not_separable;period_boundary_vintage"
"DE","de-kreis-2022-bkg-vg250","kreis","de-kreis-2022-bkg-vg250:09275","09275","Passau, Landkreis",2022,191740,"Zensus compact religion table total persons (Insgesamt) for the Kreis and wave. The religion variable RELZG2 records legal membership in a public-law religious society; it is not a belief or attendance measure.",144623,75.43,,,,,,1530.23,,,"zensus-2022-1000a-1018-religion-geolk4|bkg-vg250-krs-2022-01-01","legal_membership_public_law_religious_society;compact_residual_other_none_no_response;no_religion_not_separable;period_boundary_vintage"
"DE","de-kreis-2022-bkg-vg250","kreis","de-kreis-2022-bkg-vg250:09276","09276","Regen",2022,77243,"Zensus compact religion table total persons (Insgesamt) for the Kreis and wave. The religion variable RELZG2 records legal membership in a public-law religious society; it is not a belief or attendance measure.",61587,79.73,,,,,,974.83,,,"zensus-2022-1000a-1018-religion-geolk4|bkg-vg250-krs-2022-01-01","legal_membership_public_law_religious_society;compact_residual_other_none_no_response;no_religion_not_separable;period_boundary_vintage"
"DE","de-kreis-2022-bkg-vg250","kreis","de-kreis-2022-bkg-vg250:09277","09277","Rottal-Inn",2022,118818,"Zensus compact religion table total persons (Insgesamt) for the Kreis and wave. The religion variable RELZG2 records legal membership in a public-law religious society; it is not a belief or attendance measure.",87224,73.41,,,,,,1281.03,,,"zensus-2022-1000a-1018-religion-geolk4|bkg-vg250-krs-2022-01-01","legal_membership_public_law_religious_society;compact_residual_other_none_no_response;no_religion_not_separable;period_boundary_vintage"
"DE","de-kreis-2022-bkg-vg250","kreis","de-kreis-2022-bkg-vg250:09278","09278","Straubing-Bogen",2022,102067,"Zensus compact religion table total persons (Insgesamt) for the Kreis and wave. The religion variable RELZG2 records legal membership in a public-law religious society; it is not a belief or attendance measure.",79278,77.67,,,,,,1200.96,,,"zensus-2022-1000a-1018-religion-geolk4|bkg-vg250-krs-2022-01-01","legal_membership_public_law_religious_society;compact_residual_other_none_no_response;no_religion_not_separable;period_boundary_vintage"
"DE","de-kreis-2022-bkg-vg250","kreis","de-kreis-2022-bkg-vg250:09279","09279","Dingolfing-Landau",2022,98561,"Zensus compact religion table total persons (Insgesamt) for the Kreis and wave. The religion variable RELZG2 records legal membership in a public-law religious society; it is not a belief or attendance measure.",68702,69.71,,,,,,877.4,,,"zensus-2022-1000a-1018-religion-geolk4|bkg-vg250-krs-2022-01-01","legal_membership_public_law_religious_society;compact_residual_other_none_no_response;no_religion_not_separable;period_boundary_vintage"
"DE","de-kreis-2022-bkg-vg250","kreis","de-kreis-2022-bkg-vg250:09361","09361","Amberg",2022,41876,"Zensus compact religion table total persons (Insgesamt) for the Kreis and wave. The religion variable RELZG2 records legal membership in a public-law religious society; it is not a belief or attendance measure.",28567,68.22,,,,,,50.42,,,"zensus-2022-1000a-1018-religion-geolk4|bkg-vg250-krs-2022-01-01","legal_membership_public_law_religious_society;compact_residual_other_none_no_response;no_religion_not_separable;period_boundary_vintage"
"DE","de-kreis-2022-bkg-vg250","kreis","de-kreis-2022-bkg-vg250:09362","09362","Regensburg, Kreisfreie Stadt",2022,145901,"Zensus compact religion table total persons (Insgesamt) for the Kreis and wave. The religion variable RELZG2 records legal membership in a public-law religious society; it is not a belief or attendance measure.",80188,54.96,,,,,,79.71,,,"zensus-2022-1000a-1018-religion-geolk4|bkg-vg250-krs-2022-01-01","legal_membership_public_law_religious_society;compact_residual_other_none_no_response;no_religion_not_separable;period_boundary_vintage"
"DE","de-kreis-2022-bkg-vg250","kreis","de-kreis-2022-bkg-vg250:09363","09363","Weiden i.d.OPf.",2022,42047,"Zensus compact religion table total persons (Insgesamt) for the Kreis and wave. The religion variable RELZG2 records legal membership in a public-law religious society; it is not a belief or attendance measure.",28262,67.22,,,,,,70.57,,,"zensus-2022-1000a-1018-religion-geolk4|bkg-vg250-krs-2022-01-01","legal_membership_public_law_religious_society;compact_residual_other_none_no_response;no_religion_not_separable;period_boundary_vintage"
"DE","de-kreis-2022-bkg-vg250","kreis","de-kreis-2022-bkg-vg250:09371","09371","Amberg-Sulzbach",2022,103243,"Zensus compact religion table total persons (Insgesamt) for the Kreis and wave. The religion variable RELZG2 records legal membership in a public-law religious society; it is not a belief or attendance measure.",81200,78.65,,,,,,1255.09,,,"zensus-2022-1000a-1018-religion-geolk4|bkg-vg250-krs-2022-01-01","legal_membership_public_law_religious_society;compact_residual_other_none_no_response;no_religion_not_separable;period_boundary_vintage"
"DE","de-kreis-2022-bkg-vg250","kreis","de-kreis-2022-bkg-vg250:09372","09372","Cham",2022,126660,"Zensus compact religion table total persons (Insgesamt) for the Kreis and wave. The religion variable RELZG2 records legal membership in a public-law religious society; it is not a belief or attendance measure.",103931,82.06,,,,,,1526.96,,,"zensus-2022-1000a-1018-religion-geolk4|bkg-vg250-krs-2022-01-01","legal_membership_public_law_religious_society;compact_residual_other_none_no_response;no_religion_not_separable;period_boundary_vintage"
"DE","de-kreis-2022-bkg-vg250","kreis","de-kreis-2022-bkg-vg250:09373","09373","Neumarkt i.d.OPf.",2022,136136,"Zensus compact religion table total persons (Insgesamt) for the Kreis and wave. The religion variable RELZG2 records legal membership in a public-law religious society; it is not a belief or attendance measure.",100384,73.74,,,,,,1344.54,,,"zensus-2022-1000a-1018-religion-geolk4|bkg-vg250-krs-2022-01-01","legal_membership_public_law_religious_society;compact_residual_other_none_no_response;no_religion_not_separable;period_boundary_vintage"
"DE","de-kreis-2022-bkg-vg250","kreis","de-kreis-2022-bkg-vg250:09374","09374","Neustadt a.d.Waldnaab",2022,95187,"Zensus compact religion table total persons (Insgesamt) for the Kreis and wave. The religion variable RELZG2 records legal membership in a public-law religious society; it is not a belief or attendance measure.",78041,81.99,,,,,,1428.2,,,"zensus-2022-1000a-1018-religion-geolk4|bkg-vg250-krs-2022-01-01","legal_membership_public_law_religious_society;compact_residual_other_none_no_response;no_religion_not_separable;period_boundary_vintage"
"DE","de-kreis-2022-bkg-vg250","kreis","de-kreis-2022-bkg-vg250:09375","09375","Regensburg, Landkreis",2022,190526,"Zensus compact religion table total persons (Insgesamt) for the Kreis and wave. The religion variable RELZG2 records legal membership in a public-law religious society; it is not a belief or attendance measure.",134907,70.81,,,,,,1393.03,,,"zensus-2022-1000a-1018-religion-geolk4|bkg-vg250-krs-2022-01-01","legal_membership_public_law_religious_society;compact_residual_other_none_no_response;no_religion_not_separable;period_boundary_vintage"
"DE","de-kreis-2022-bkg-vg250","kreis","de-kreis-2022-bkg-vg250:09376","09376","Schwandorf",2022,147256,"Zensus compact religion table total persons (Insgesamt) for the Kreis and wave. The religion variable RELZG2 records legal membership in a public-law religious society; it is not a belief or attendance measure.",110633,75.13,,,,,,1458.41,,,"zensus-2022-1000a-1018-religion-geolk4|bkg-vg250-krs-2022-01-01","legal_membership_public_law_religious_society;compact_residual_other_none_no_response;no_religion_not_separable;period_boundary_vintage"
"DE","de-kreis-2022-bkg-vg250","kreis","de-kreis-2022-bkg-vg250:09377","09377","Tirschenreuth",2022,72531,"Zensus compact religion table total persons (Insgesamt) for the Kreis and wave. The religion variable RELZG2 records legal membership in a public-law religious society; it is not a belief or attendance measure.",60590,83.54,,,,,,1084.54,,,"zensus-2022-1000a-1018-religion-geolk4|bkg-vg250-krs-2022-01-01","legal_membership_public_law_religious_society;compact_residual_other_none_no_response;no_religion_not_separable;period_boundary_vintage"
"DE","de-kreis-2022-bkg-vg250","kreis","de-kreis-2022-bkg-vg250:09461","09461","Bamberg, Kreisfreie Stadt",2022,72764,"Zensus compact religion table total persons (Insgesamt) for the Kreis and wave. The religion variable RELZG2 records legal membership in a public-law religious society; it is not a belief or attendance measure.",43918,60.36,,,,,,54.98,,,"zensus-2022-1000a-1018-religion-geolk4|bkg-vg250-krs-2022-01-01","legal_membership_public_law_religious_society;compact_residual_other_none_no_response;no_religion_not_separable;period_boundary_vintage"
"DE","de-kreis-2022-bkg-vg250","kreis","de-kreis-2022-bkg-vg250:09462","09462","Bayreuth, Kreisfreie Stadt",2022,72289,"Zensus compact religion table total persons (Insgesamt) for the Kreis and wave. The religion variable RELZG2 records legal membership in a public-law religious society; it is not a belief or attendance measure.",45662,63.17,,,,,,67.01,,,"zensus-2022-1000a-1018-religion-geolk4|bkg-vg250-krs-2022-01-01","legal_membership_public_law_religious_society;compact_residual_other_none_no_response;no_religion_not_separable;period_boundary_vintage"
"DE","de-kreis-2022-bkg-vg250","kreis","de-kreis-2022-bkg-vg250:09463","09463","Coburg, Kreisfreie Stadt",2022,40296,"Zensus compact religion table total persons (Insgesamt) for the Kreis and wave. The religion variable RELZG2 records legal membership in a public-law religious society; it is not a belief or attendance measure.",23178,57.52,,,,,,48.02,,,"zensus-2022-1000a-1018-religion-geolk4|bkg-vg250-krs-2022-01-01","legal_membership_public_law_religious_society;compact_residual_other_none_no_response;no_religion_not_separable;period_boundary_vintage"
"DE","de-kreis-2022-bkg-vg250","kreis","de-kreis-2022-bkg-vg250:09464","09464","Hof, Kreisfreie Stadt",2022,45598,"Zensus compact religion table total persons (Insgesamt) for the Kreis and wave. The religion variable RELZG2 records legal membership in a public-law religious society; it is not a belief or attendance measure.",25578,56.09,,,,,,58.16,,,"zensus-2022-1000a-1018-religion-geolk4|bkg-vg250-krs-2022-01-01","legal_membership_public_law_religious_society;compact_residual_other_none_no_response;no_religion_not_separable;period_boundary_vintage"
"DE","de-kreis-2022-bkg-vg250","kreis","de-kreis-2022-bkg-vg250:09471","09471","Bamberg, Landkreis",2022,146853,"Zensus compact religion table total persons (Insgesamt) for the Kreis and wave. The religion variable RELZG2 records legal membership in a public-law religious society; it is not a belief or attendance measure.",112193,76.4,,,,,,1166.95,,,"zensus-2022-1000a-1018-religion-geolk4|bkg-vg250-krs-2022-01-01","legal_membership_public_law_religious_society;compact_residual_other_none_no_response;no_religion_not_separable;period_boundary_vintage"
"DE","de-kreis-2022-bkg-vg250","kreis","de-kreis-2022-bkg-vg250:09472","09472","Bayreuth, Landkreis",2022,102845,"Zensus compact religion table total persons (Insgesamt) for the Kreis and wave. The religion variable RELZG2 records legal membership in a public-law religious society; it is not a belief or attendance measure.",80573,78.34,,,,,,1273.58,,,"zensus-2022-1000a-1018-religion-geolk4|bkg-vg250-krs-2022-01-01","legal_membership_public_law_religious_society;compact_residual_other_none_no_response;no_religion_not_separable;period_boundary_vintage"
"DE","de-kreis-2022-bkg-vg250","kreis","de-kreis-2022-bkg-vg250:09473","09473","Coburg, Landkreis",2022,84106,"Zensus compact religion table total persons (Insgesamt) for the Kreis and wave. The religion variable RELZG2 records legal membership in a public-law religious society; it is not a belief or attendance measure.",58608,69.68,,,,,,591.02,,,"zensus-2022-1000a-1018-religion-geolk4|bkg-vg250-krs-2022-01-01","legal_membership_public_law_religious_society;compact_residual_other_none_no_response;no_religion_not_separable;period_boundary_vintage"
"DE","de-kreis-2022-bkg-vg250","kreis","de-kreis-2022-bkg-vg250:09474","09474","Forchheim",2022,114933,"Zensus compact religion table total persons (Insgesamt) for the Kreis and wave. The religion variable RELZG2 records legal membership in a public-law religious society; it is not a belief or attendance measure.",80732,70.24,,,,,,642.92,,,"zensus-2022-1000a-1018-religion-geolk4|bkg-vg250-krs-2022-01-01","legal_membership_public_law_religious_society;compact_residual_other_none_no_response;no_religion_not_separable;period_boundary_vintage"
"DE","de-kreis-2022-bkg-vg250","kreis","de-kreis-2022-bkg-vg250:09475","09475","Hof, Landkreis",2022,92878,"Zensus compact religion table total persons (Insgesamt) for the Kreis and wave. The religion variable RELZG2 records legal membership in a public-law religious society; it is not a belief or attendance measure.",68058,73.28,,,,,,893.66,,,"zensus-2022-1000a-1018-religion-geolk4|bkg-vg250-krs-2022-01-01","legal_membership_public_law_religious_society;compact_residual_other_none_no_response;no_religion_not_separable;period_boundary_vintage"
"DE","de-kreis-2022-bkg-vg250","kreis","de-kreis-2022-bkg-vg250:09476","09476","Kronach",2022,65099,"Zensus compact religion table total persons (Insgesamt) for the Kreis and wave. The religion variable RELZG2 records legal membership in a public-law religious society; it is not a belief or attendance measure.",52298,80.34,,,,,,651.48,,,"zensus-2022-1000a-1018-religion-geolk4|bkg-vg250-krs-2022-01-01","legal_membership_public_law_religious_society;compact_residual_other_none_no_response;no_religion_not_separable;period_boundary_vintage"
"DE","de-kreis-2022-bkg-vg250","kreis","de-kreis-2022-bkg-vg250:09477","09477","Kulmbach",2022,71505,"Zensus compact religion table total persons (Insgesamt) for the Kreis and wave. The religion variable RELZG2 records legal membership in a public-law religious society; it is not a belief or attendance measure.",53895,75.37,,,,,,658,,,"zensus-2022-1000a-1018-religion-geolk4|bkg-vg250-krs-2022-01-01","legal_membership_public_law_religious_society;compact_residual_other_none_no_response;no_religion_not_separable;period_boundary_vintage"
"DE","de-kreis-2022-bkg-vg250","kreis","de-kreis-2022-bkg-vg250:09478","09478","Lichtenfels",2022,67373,"Zensus compact religion table total persons (Insgesamt) for the Kreis and wave. The religion variable RELZG2 records legal membership in a public-law religious society; it is not a belief or attendance measure.",51836,76.94,,,,,,519.68,,,"zensus-2022-1000a-1018-religion-geolk4|bkg-vg250-krs-2022-01-01","legal_membership_public_law_religious_society;compact_residual_other_none_no_response;no_religion_not_separable;period_boundary_vintage"
"DE","de-kreis-2022-bkg-vg250","kreis","de-kreis-2022-bkg-vg250:09479","09479","Wunsiedel i.Fichtelgebirge",2022,70884,"Zensus compact religion table total persons (Insgesamt) for the Kreis and wave. The religion variable RELZG2 records legal membership in a public-law religious society; it is not a belief or attendance measure.",50564,71.33,,,,,,606.19,,,"zensus-2022-1000a-1018-religion-geolk4|bkg-vg250-krs-2022-01-01","legal_membership_public_law_religious_society;compact_residual_other_none_no_response;no_religion_not_separable;period_boundary_vintage"
"DE","de-kreis-2022-bkg-vg250","kreis","de-kreis-2022-bkg-vg250:09561","09561","Ansbach, Kreisfreie Stadt",2022,39601,"Zensus compact religion table total persons (Insgesamt) for the Kreis and wave. The religion variable RELZG2 records legal membership in a public-law religious society; it is not a belief or attendance measure.",24628,62.19,,,,,,99.85,,,"zensus-2022-1000a-1018-religion-geolk4|bkg-vg250-krs-2022-01-01","legal_membership_public_law_religious_society;compact_residual_other_none_no_response;no_religion_not_separable;period_boundary_vintage"
"DE","de-kreis-2022-bkg-vg250","kreis","de-kreis-2022-bkg-vg250:09562","09562","Erlangen",2022,112220,"Zensus compact religion table total persons (Insgesamt) for the Kreis and wave. The religion variable RELZG2 records legal membership in a public-law religious society; it is not a belief or attendance measure.",55364,49.34,,,,,,78.02,,,"zensus-2022-1000a-1018-religion-geolk4|bkg-vg250-krs-2022-01-01","legal_membership_public_law_religious_society;compact_residual_other_none_no_response;no_religion_not_separable;period_boundary_vintage"
"DE","de-kreis-2022-bkg-vg250","kreis","de-kreis-2022-bkg-vg250:09563","09563","Fürth, Kreisfreie Stadt",2022,130126,"Zensus compact religion table total persons (Insgesamt) for the Kreis and wave. The religion variable RELZG2 records legal membership in a public-law religious society; it is not a belief or attendance measure.",61952,47.61,,,,,,63.35,,,"zensus-2022-1000a-1018-religion-geolk4|bkg-vg250-krs-2022-01-01","legal_membership_public_law_religious_society;compact_residual_other_none_no_response;no_religion_not_separable;period_boundary_vintage"
"DE","de-kreis-2022-bkg-vg250","kreis","de-kreis-2022-bkg-vg250:09564","09564","Nürnberg",2022,522554,"Zensus compact religion table total persons (Insgesamt) for the Kreis and wave. The religion variable RELZG2 records legal membership in a public-law religious society; it is not a belief or attendance measure.",231923,44.38,,,,,,187.69,,,"zensus-2022-1000a-1018-religion-geolk4|bkg-vg250-krs-2022-01-01","legal_membership_public_law_religious_society;compact_residual_other_none_no_response;no_religion_not_separable;period_boundary_vintage"
"DE","de-kreis-2022-bkg-vg250","kreis","de-kreis-2022-bkg-vg250:09565","09565","Schwabach",2022,40865,"Zensus compact religion table total persons (Insgesamt) for the Kreis and wave. The religion variable RELZG2 records legal membership in a public-law religious society; it is not a belief or attendance measure.",22674,55.49,,,,,,40.83,,,"zensus-2022-1000a-1018-religion-geolk4|bkg-vg250-krs-2022-01-01","legal_membership_public_law_religious_society;compact_residual_other_none_no_response;no_religion_not_separable;period_boundary_vintage"
"DE","de-kreis-2022-bkg-vg250","kreis","de-kreis-2022-bkg-vg250:09571","09571","Ansbach, Landkreis",2022,185708,"Zensus compact religion table total persons (Insgesamt) for the Kreis and wave. The religion variable RELZG2 records legal membership in a public-law religious society; it is not a belief or attendance measure.",138369,74.51,,,,,,1972.78,,,"zensus-2022-1000a-1018-religion-geolk4|bkg-vg250-krs-2022-01-01","legal_membership_public_law_religious_society;compact_residual_other_none_no_response;no_religion_not_separable;period_boundary_vintage"
"DE","de-kreis-2022-bkg-vg250","kreis","de-kreis-2022-bkg-vg250:09572","09572","Erlangen-Höchstadt",2022,137484,"Zensus compact religion table total persons (Insgesamt) for the Kreis and wave. The religion variable RELZG2 records legal membership in a public-law religious society; it is not a belief or attendance measure.",85763,62.38,,,,,,564.46,,,"zensus-2022-1000a-1018-religion-geolk4|bkg-vg250-krs-2022-01-01","legal_membership_public_law_religious_society;compact_residual_other_none_no_response;no_religion_not_separable;period_boundary_vintage"
"DE","de-kreis-2022-bkg-vg250","kreis","de-kreis-2022-bkg-vg250:09573","09573","Fürth, Landkreis",2022,117191,"Zensus compact religion table total persons (Insgesamt) for the Kreis and wave. The religion variable RELZG2 records legal membership in a public-law religious society; it is not a belief or attendance measure.",70408,60.08,,,,,,307.1,,,"zensus-2022-1000a-1018-religion-geolk4|bkg-vg250-krs-2022-01-01","legal_membership_public_law_religious_society;compact_residual_other_none_no_response;no_religion_not_separable;period_boundary_vintage"
"DE","de-kreis-2022-bkg-vg250","kreis","de-kreis-2022-bkg-vg250:09574","09574","Nürnberger Land",2022,168700,"Zensus compact religion table total persons (Insgesamt) for the Kreis and wave. The religion variable RELZG2 records legal membership in a public-law religious society; it is not a belief or attendance measure.",104523,61.96,,,,,,797.63,,,"zensus-2022-1000a-1018-religion-geolk4|bkg-vg250-krs-2022-01-01","legal_membership_public_law_religious_society;compact_residual_other_none_no_response;no_religion_not_separable;period_boundary_vintage"
"DE","de-kreis-2022-bkg-vg250","kreis","de-kreis-2022-bkg-vg250:09575","09575","Neustadt a.d.Aisch-Bad Windsheim",2022,100023,"Zensus compact religion table total persons (Insgesamt) for the Kreis and wave. The religion variable RELZG2 records legal membership in a public-law religious society; it is not a belief or attendance measure.",72431,72.41,,,,,,1267.97,,,"zensus-2022-1000a-1018-religion-geolk4|bkg-vg250-krs-2022-01-01","legal_membership_public_law_religious_society;compact_residual_other_none_no_response;no_religion_not_separable;period_boundary_vintage"
"DE","de-kreis-2022-bkg-vg250","kreis","de-kreis-2022-bkg-vg250:09576","09576","Roth",2022,127255,"Zensus compact religion table total persons (Insgesamt) for the Kreis and wave. The religion variable RELZG2 records legal membership in a public-law religious society; it is not a belief or attendance measure.",86320,67.83,,,,,,895.18,,,"zensus-2022-1000a-1018-religion-geolk4|bkg-vg250-krs-2022-01-01","legal_membership_public_law_religious_society;compact_residual_other_none_no_response;no_religion_not_separable;period_boundary_vintage"
"DE","de-kreis-2022-bkg-vg250","kreis","de-kreis-2022-bkg-vg250:09577","09577","Weißenburg-Gunzenhausen",2022,94124,"Zensus compact religion table total persons (Insgesamt) for the Kreis and wave. The religion variable RELZG2 records legal membership in a public-law religious society; it is not a belief or attendance measure.",68634,72.92,,,,,,970.26,,,"zensus-2022-1000a-1018-religion-geolk4|bkg-vg250-krs-2022-01-01","legal_membership_public_law_religious_society;compact_residual_other_none_no_response;no_religion_not_separable;period_boundary_vintage"
"DE","de-kreis-2022-bkg-vg250","kreis","de-kreis-2022-bkg-vg250:09661","09661","Aschaffenburg, Kreisfreie Stadt",2022,71692,"Zensus compact religion table total persons (Insgesamt) for the Kreis and wave. The religion variable RELZG2 records legal membership in a public-law religious society; it is not a belief or attendance measure.",36735,51.24,,,,,,62.01,,,"zensus-2022-1000a-1018-religion-geolk4|bkg-vg250-krs-2022-01-01","legal_membership_public_law_religious_society;compact_residual_other_none_no_response;no_religion_not_separable;period_boundary_vintage"
"DE","de-kreis-2022-bkg-vg250","kreis","de-kreis-2022-bkg-vg250:09662","09662","Schweinfurt, Kreisfreie Stadt",2022,53242,"Zensus compact religion table total persons (Insgesamt) for the Kreis and wave. The religion variable RELZG2 records legal membership in a public-law religious society; it is not a belief or attendance measure.",28310,53.17,,,,,,35.71,,,"zensus-2022-1000a-1018-religion-geolk4|bkg-vg250-krs-2022-01-01","legal_membership_public_law_religious_society;compact_residual_other_none_no_response;no_religion_not_separable;period_boundary_vintage"
"DE","de-kreis-2022-bkg-vg250","kreis","de-kreis-2022-bkg-vg250:09663","09663","Würzburg, Kreisfreie Stadt",2022,131316,"Zensus compact religion table total persons (Insgesamt) for the Kreis and wave. The religion variable RELZG2 records legal membership in a public-law religious society; it is not a belief or attendance measure.",76206,58.03,,,,,,87.76,,,"zensus-2022-1000a-1018-religion-geolk4|bkg-vg250-krs-2022-01-01","legal_membership_public_law_religious_society;compact_residual_other_none_no_response;no_religion_not_separable;period_boundary_vintage"
"DE","de-kreis-2022-bkg-vg250","kreis","de-kreis-2022-bkg-vg250:09671","09671","Aschaffenburg, Landkreis",2022,170549,"Zensus compact religion table total persons (Insgesamt) for the Kreis and wave. The religion variable RELZG2 records legal membership in a public-law religious society; it is not a belief or attendance measure.",105825,62.05,,,,,,698.93,,,"zensus-2022-1000a-1018-religion-geolk4|bkg-vg250-krs-2022-01-01","legal_membership_public_law_religious_society;compact_residual_other_none_no_response;no_religion_not_separable;period_boundary_vintage"
"DE","de-kreis-2022-bkg-vg250","kreis","de-kreis-2022-bkg-vg250:09672","09672","Bad Kissingen",2022,103047,"Zensus compact religion table total persons (Insgesamt) for the Kreis and wave. The religion variable RELZG2 records legal membership in a public-law religious society; it is not a belief or attendance measure.",77040,74.76,,,,,,1137.65,,,"zensus-2022-1000a-1018-religion-geolk4|bkg-vg250-krs-2022-01-01","legal_membership_public_law_religious_society;compact_residual_other_none_no_response;no_religion_not_separable;period_boundary_vintage"
"DE","de-kreis-2022-bkg-vg250","kreis","de-kreis-2022-bkg-vg250:09673","09673","Rhön-Grabfeld",2022,79114,"Zensus compact religion table total persons (Insgesamt) for the Kreis and wave. The religion variable RELZG2 records legal membership in a public-law religious society; it is not a belief or attendance measure.",60623,76.63,,,,,,1021.63,,,"zensus-2022-1000a-1018-religion-geolk4|bkg-vg250-krs-2022-01-01","legal_membership_public_law_religious_society;compact_residual_other_none_no_response;no_religion_not_separable;period_boundary_vintage"
"DE","de-kreis-2022-bkg-vg250","kreis","de-kreis-2022-bkg-vg250:09674","09674","Haßberge",2022,83123,"Zensus compact religion table total persons (Insgesamt) for the Kreis and wave. The religion variable RELZG2 records legal membership in a public-law religious society; it is not a belief or attendance measure.",65887,79.26,,,,,,956.5,,,"zensus-2022-1000a-1018-religion-geolk4|bkg-vg250-krs-2022-01-01","legal_membership_public_law_religious_society;compact_residual_other_none_no_response;no_religion_not_separable;period_boundary_vintage"
"DE","de-kreis-2022-bkg-vg250","kreis","de-kreis-2022-bkg-vg250:09675","09675","Kitzingen",2022,90400,"Zensus compact religion table total persons (Insgesamt) for the Kreis and wave. The religion variable RELZG2 records legal membership in a public-law religious society; it is not a belief or attendance measure.",64102,70.91,,,,,,683.9,,,"zensus-2022-1000a-1018-religion-geolk4|bkg-vg250-krs-2022-01-01","legal_membership_public_law_religious_society;compact_residual_other_none_no_response;no_religion_not_separable;period_boundary_vintage"
"DE","de-kreis-2022-bkg-vg250","kreis","de-kreis-2022-bkg-vg250:09676","09676","Miltenberg",2022,126496,"Zensus compact religion table total persons (Insgesamt) for the Kreis and wave. The religion variable RELZG2 records legal membership in a public-law religious society; it is not a belief or attendance measure.",80664,63.77,,,,,,715.28,,,"zensus-2022-1000a-1018-religion-geolk4|bkg-vg250-krs-2022-01-01","legal_membership_public_law_religious_society;compact_residual_other_none_no_response;no_religion_not_separable;period_boundary_vintage"
"DE","de-kreis-2022-bkg-vg250","kreis","de-kreis-2022-bkg-vg250:09677","09677","Main-Spessart",2022,125045,"Zensus compact religion table total persons (Insgesamt) for the Kreis and wave. The religion variable RELZG2 records legal membership in a public-law religious society; it is not a belief or attendance measure.",89869,71.87,,,,,,1321.99,,,"zensus-2022-1000a-1018-religion-geolk4|bkg-vg250-krs-2022-01-01","legal_membership_public_law_religious_society;compact_residual_other_none_no_response;no_religion_not_separable;period_boundary_vintage"
"DE","de-kreis-2022-bkg-vg250","kreis","de-kreis-2022-bkg-vg250:09678","09678","Schweinfurt, Landkreis",2022,114486,"Zensus compact religion table total persons (Insgesamt) for the Kreis and wave. The religion variable RELZG2 records legal membership in a public-law religious society; it is not a belief or attendance measure.",83861,73.25,,,,,,841.24,,,"zensus-2022-1000a-1018-religion-geolk4|bkg-vg250-krs-2022-01-01","legal_membership_public_law_religious_society;compact_residual_other_none_no_response;no_religion_not_separable;period_boundary_vintage"
"DE","de-kreis-2022-bkg-vg250","kreis","de-kreis-2022-bkg-vg250:09679","09679","Würzburg, Landkreis",2022,159854,"Zensus compact religion table total persons (Insgesamt) for the Kreis and wave. The religion variable RELZG2 records legal membership in a public-law religious society; it is not a belief or attendance measure.",111260,69.6,,,,,,967.16,,,"zensus-2022-1000a-1018-religion-geolk4|bkg-vg250-krs-2022-01-01","legal_membership_public_law_religious_society;compact_residual_other_none_no_response;no_religion_not_separable;period_boundary_vintage"
"DE","de-kreis-2022-bkg-vg250","kreis","de-kreis-2022-bkg-vg250:09761","09761","Augsburg, Kreisfreie Stadt",2022,294647,"Zensus compact religion table total persons (Insgesamt) for the Kreis and wave. The religion variable RELZG2 records legal membership in a public-law religious society; it is not a belief or attendance measure.",141142,47.9,,,,,,146.46,,,"zensus-2022-1000a-1018-religion-geolk4|bkg-vg250-krs-2022-01-01","legal_membership_public_law_religious_society;compact_residual_other_none_no_response;no_religion_not_separable;period_boundary_vintage"
"DE","de-kreis-2022-bkg-vg250","kreis","de-kreis-2022-bkg-vg250:09762","09762","Kaufbeuren",2022,45186,"Zensus compact religion table total persons (Insgesamt) for the Kreis and wave. The religion variable RELZG2 records legal membership in a public-law religious society; it is not a belief or attendance measure.",24849,54.99,,,,,,40.43,,,"zensus-2022-1000a-1018-religion-geolk4|bkg-vg250-krs-2022-01-01","legal_membership_public_law_religious_society;compact_residual_other_none_no_response;no_religion_not_separable;period_boundary_vintage"
"DE","de-kreis-2022-bkg-vg250","kreis","de-kreis-2022-bkg-vg250:09763","09763","Kempten (Allgäu)",2022,65050,"Zensus compact religion table total persons (Insgesamt) for the Kreis and wave. The religion variable RELZG2 records legal membership in a public-law religious society; it is not a belief or attendance measure.",33869,52.07,,,,,,63.25,,,"zensus-2022-1000a-1018-religion-geolk4|bkg-vg250-krs-2022-01-01","legal_membership_public_law_religious_society;compact_residual_other_none_no_response;no_religion_not_separable;period_boundary_vintage"
"DE","de-kreis-2022-bkg-vg250","kreis","de-kreis-2022-bkg-vg250:09764","09764","Memmingen",2022,43300,"Zensus compact religion table total persons (Insgesamt) for the Kreis and wave. The religion variable RELZG2 records legal membership in a public-law religious society; it is not a belief or attendance measure.",23266,53.73,,,,,,69.81,,,"zensus-2022-1000a-1018-religion-geolk4|bkg-vg250-krs-2022-01-01","legal_membership_public_law_religious_society;compact_residual_other_none_no_response;no_religion_not_separable;period_boundary_vintage"
"DE","de-kreis-2022-bkg-vg250","kreis","de-kreis-2022-bkg-vg250:09771","09771","Aichach-Friedberg",2022,134361,"Zensus compact religion table total persons (Insgesamt) for the Kreis and wave. The religion variable RELZG2 records legal membership in a public-law religious society; it is not a belief or attendance measure.",89167,66.36,,,,,,779.82,,,"zensus-2022-1000a-1018-religion-geolk4|bkg-vg250-krs-2022-01-01","legal_membership_public_law_religious_society;compact_residual_other_none_no_response;no_religion_not_separable;period_boundary_vintage"
"DE","de-kreis-2022-bkg-vg250","kreis","de-kreis-2022-bkg-vg250:09772","09772","Augsburg, Landkreis",2022,258116,"Zensus compact religion table total persons (Insgesamt) for the Kreis and wave. The religion variable RELZG2 records legal membership in a public-law religious society; it is not a belief or attendance measure.",160853,62.32,,,,,,1071.52,,,"zensus-2022-1000a-1018-religion-geolk4|bkg-vg250-krs-2022-01-01","legal_membership_public_law_religious_society;compact_residual_other_none_no_response;no_religion_not_separable;period_boundary_vintage"
"DE","de-kreis-2022-bkg-vg250","kreis","de-kreis-2022-bkg-vg250:09773","09773","Dillingen a.d.Donau",2022,96914,"Zensus compact religion table total persons (Insgesamt) for the Kreis and wave. The religion variable RELZG2 records legal membership in a public-law religious society; it is not a belief or attendance measure.",69609,71.83,,,,,,791.72,,,"zensus-2022-1000a-1018-religion-geolk4|bkg-vg250-krs-2022-01-01","legal_membership_public_law_religious_society;compact_residual_other_none_no_response;no_religion_not_separable;period_boundary_vintage"
"DE","de-kreis-2022-bkg-vg250","kreis","de-kreis-2022-bkg-vg250:09774","09774","Günzburg",2022,127608,"Zensus compact religion table total persons (Insgesamt) for the Kreis and wave. The religion variable RELZG2 records legal membership in a public-law religious society; it is not a belief or attendance measure.",83436,65.38,,,,,,763.34,,,"zensus-2022-1000a-1018-religion-geolk4|bkg-vg250-krs-2022-01-01","legal_membership_public_law_religious_society;compact_residual_other_none_no_response;no_religion_not_separable;period_boundary_vintage"
"DE","de-kreis-2022-bkg-vg250","kreis","de-kreis-2022-bkg-vg250:09775","09775","Neu-Ulm",2022,178576,"Zensus compact religion table total persons (Insgesamt) for the Kreis and wave. The religion variable RELZG2 records legal membership in a public-law religious society; it is not a belief or attendance measure.",99779,55.87,,,,,,515.68,,,"zensus-2022-1000a-1018-religion-geolk4|bkg-vg250-krs-2022-01-01","legal_membership_public_law_religious_society;compact_residual_other_none_no_response;no_religion_not_separable;period_boundary_vintage"
"DE","de-kreis-2022-bkg-vg250","kreis","de-kreis-2022-bkg-vg250:09776","09776","Lindau (Bodensee)",2022,81771,"Zensus compact religion table total persons (Insgesamt) for the Kreis and wave. The religion variable RELZG2 records legal membership in a public-law religious society; it is not a belief or attendance measure.",46973,57.44,,,,,,323.21,,,"zensus-2022-1000a-1018-religion-geolk4|bkg-vg250-krs-2022-01-01","legal_membership_public_law_religious_society;compact_residual_other_none_no_response;no_religion_not_separable;period_boundary_vintage"
"DE","de-kreis-2022-bkg-vg250","kreis","de-kreis-2022-bkg-vg250:09777","09777","Ostallgäu",2022,139750,"Zensus compact religion table total persons (Insgesamt) for the Kreis and wave. The religion variable RELZG2 records legal membership in a public-law religious society; it is not a belief or attendance measure.",94754,67.8,,,,,,1393.28,,,"zensus-2022-1000a-1018-religion-geolk4|bkg-vg250-krs-2022-01-01","legal_membership_public_law_religious_society;compact_residual_other_none_no_response;no_religion_not_separable;period_boundary_vintage"
"DE","de-kreis-2022-bkg-vg250","kreis","de-kreis-2022-bkg-vg250:09778","09778","Unterallgäu",2022,142261,"Zensus compact religion table total persons (Insgesamt) for the Kreis and wave. The religion variable RELZG2 records legal membership in a public-law religious society; it is not a belief or attendance measure.",99829,70.17,,,,,,1229.89,,,"zensus-2022-1000a-1018-religion-geolk4|bkg-vg250-krs-2022-01-01","legal_membership_public_law_religious_society;compact_residual_other_none_no_response;no_religion_not_separable;period_boundary_vintage"
"DE","de-kreis-2022-bkg-vg250","kreis","de-kreis-2022-bkg-vg250:09779","09779","Donau-Ries",2022,133399,"Zensus compact religion table total persons (Insgesamt) for the Kreis and wave. The religion variable RELZG2 records legal membership in a public-law religious society; it is not a belief or attendance measure.",99238,74.39,,,,,,1274.18,,,"zensus-2022-1000a-1018-religion-geolk4|bkg-vg250-krs-2022-01-01","legal_membership_public_law_religious_society;compact_residual_other_none_no_response;no_religion_not_separable;period_boundary_vintage"
"DE","de-kreis-2022-bkg-vg250","kreis","de-kreis-2022-bkg-vg250:09780","09780","Oberallgäu",2022,152066,"Zensus compact religion table total persons (Insgesamt) for the Kreis and wave. The religion variable RELZG2 records legal membership in a public-law religious society; it is not a belief or attendance measure.",97785,64.3,,,,,,1528.35,,,"zensus-2022-1000a-1018-religion-geolk4|bkg-vg250-krs-2022-01-01","legal_membership_public_law_religious_society;compact_residual_other_none_no_response;no_religion_not_separable;period_boundary_vintage"
"DE","de-kreis-2022-bkg-vg250","kreis","de-kreis-2022-bkg-vg250:10041","10041","Regionalverband Saarbrücken",2022,329138,"Zensus compact religion table total persons (Insgesamt) for the Kreis and wave. The religion variable RELZG2 records legal membership in a public-law religious society; it is not a belief or attendance measure.",196245,59.62,,,,,,411.44,,,"zensus-2022-1000a-1018-religion-geolk4|bkg-vg250-krs-2022-01-01","legal_membership_public_law_religious_society;compact_residual_other_none_no_response;no_religion_not_separable;period_boundary_vintage"
"DE","de-kreis-2022-bkg-vg250","kreis","de-kreis-2022-bkg-vg250:10042","10042","Merzig-Wadern",2022,108960,"Zensus compact religion table total persons (Insgesamt) for the Kreis and wave. The religion variable RELZG2 records legal membership in a public-law religious society; it is not a belief or attendance measure.",80738,74.1,,,,,,556.97,,,"zensus-2022-1000a-1018-religion-geolk4|bkg-vg250-krs-2022-01-01","legal_membership_public_law_religious_society;compact_residual_other_none_no_response;no_religion_not_separable;period_boundary_vintage"
"DE","de-kreis-2022-bkg-vg250","kreis","de-kreis-2022-bkg-vg250:10043","10043","Neunkirchen",2022,132824,"Zensus compact religion table total persons (Insgesamt) for the Kreis and wave. The religion variable RELZG2 records legal membership in a public-law religious society; it is not a belief or attendance measure.",91673,69.02,,,,,,248.17,,,"zensus-2022-1000a-1018-religion-geolk4|bkg-vg250-krs-2022-01-01","legal_membership_public_law_religious_society;compact_residual_other_none_no_response;no_religion_not_separable;period_boundary_vintage"
"DE","de-kreis-2022-bkg-vg250","kreis","de-kreis-2022-bkg-vg250:10044","10044","Saarlouis",2022,204475,"Zensus compact religion table total persons (Insgesamt) for the Kreis and wave. The religion variable RELZG2 records legal membership in a public-law religious society; it is not a belief or attendance measure.",143004,69.94,,,,,,459.01,,,"zensus-2022-1000a-1018-religion-geolk4|bkg-vg250-krs-2022-01-01","legal_membership_public_law_religious_society;compact_residual_other_none_no_response;no_religion_not_separable;period_boundary_vintage"
"DE","de-kreis-2022-bkg-vg250","kreis","de-kreis-2022-bkg-vg250:10045","10045","Saarpfalz-Kreis",2022,143834,"Zensus compact religion table total persons (Insgesamt) for the Kreis and wave. The religion variable RELZG2 records legal membership in a public-law religious society; it is not a belief or attendance measure.",93925,65.3,,,,,,419.1,,,"zensus-2022-1000a-1018-religion-geolk4|bkg-vg250-krs-2022-01-01","legal_membership_public_law_religious_society;compact_residual_other_none_no_response;no_religion_not_separable;period_boundary_vintage"
"DE","de-kreis-2022-bkg-vg250","kreis","de-kreis-2022-bkg-vg250:10046","10046","St. Wendel",2022,87633,"Zensus compact religion table total persons (Insgesamt) for the Kreis and wave. The religion variable RELZG2 records legal membership in a public-law religious society; it is not a belief or attendance measure.",66297,75.65,,,,,,476.35,,,"zensus-2022-1000a-1018-religion-geolk4|bkg-vg250-krs-2022-01-01","legal_membership_public_law_religious_society;compact_residual_other_none_no_response;no_religion_not_separable;period_boundary_vintage"
"DE","de-kreis-2022-bkg-vg250","kreis","de-kreis-2022-bkg-vg250:11000","11000","Berlin, Stadt",2022,3596999,"Zensus compact religion table total persons (Insgesamt) for the Kreis and wave. The religion variable RELZG2 records legal membership in a public-law religious society; it is not a belief or attendance measure.",759885,21.13,,,,,,891.82,,,"zensus-2022-1000a-1018-religion-geolk4|bkg-vg250-krs-2022-01-01","legal_membership_public_law_religious_society;compact_residual_other_none_no_response;no_religion_not_separable;period_boundary_vintage"
"DE","de-kreis-2022-bkg-vg250","kreis","de-kreis-2022-bkg-vg250:12051","12051","Brandenburg an der Havel, Stadt",2022,73552,"Zensus compact religion table total persons (Insgesamt) for the Kreis and wave. The religion variable RELZG2 records legal membership in a public-law religious society; it is not a belief or attendance measure.",7741,10.52,,,,,,229.54,,,"zensus-2022-1000a-1018-religion-geolk4|bkg-vg250-krs-2022-01-01","legal_membership_public_law_religious_society;compact_residual_other_none_no_response;no_religion_not_separable;period_boundary_vintage"
"DE","de-kreis-2022-bkg-vg250","kreis","de-kreis-2022-bkg-vg250:12052","12052","Cottbus, Stadt",2022,93926,"Zensus compact religion table total persons (Insgesamt) for the Kreis and wave. The religion variable RELZG2 records legal membership in a public-law religious society; it is not a belief or attendance measure.",11321,12.05,,,,,,165.04,,,"zensus-2022-1000a-1018-religion-geolk4|bkg-vg250-krs-2022-01-01","legal_membership_public_law_religious_society;compact_residual_other_none_no_response;no_religion_not_separable;period_boundary_vintage"
"DE","de-kreis-2022-bkg-vg250","kreis","de-kreis-2022-bkg-vg250:12053","12053","Frankfurt (Oder), Stadt",2022,55841,"Zensus compact religion table total persons (Insgesamt) for the Kreis and wave. The religion variable RELZG2 records legal membership in a public-law religious society; it is not a belief or attendance measure.",6831,12.23,,,,,,147.78,,,"zensus-2022-1000a-1018-religion-geolk4|bkg-vg250-krs-2022-01-01","legal_membership_public_law_religious_society;compact_residual_other_none_no_response;no_religion_not_separable;period_boundary_vintage"
"DE","de-kreis-2022-bkg-vg250","kreis","de-kreis-2022-bkg-vg250:12054","12054","Potsdam, Stadt",2022,182806,"Zensus compact religion table total persons (Insgesamt) for the Kreis and wave. The religion variable RELZG2 records legal membership in a public-law religious society; it is not a belief or attendance measure.",30813,16.86,,,,,,186.96,,,"zensus-2022-1000a-1018-religion-geolk4|bkg-vg250-krs-2022-01-01","legal_membership_public_law_religious_society;compact_residual_other_none_no_response;no_religion_not_separable;period_boundary_vintage"
"DE","de-kreis-2022-bkg-vg250","kreis","de-kreis-2022-bkg-vg250:12060","12060","Barnim",2022,190278,"Zensus compact religion table total persons (Insgesamt) for the Kreis and wave. The religion variable RELZG2 records legal membership in a public-law religious society; it is not a belief or attendance measure.",23366,12.28,,,,,,1481.04,,,"zensus-2022-1000a-1018-religion-geolk4|bkg-vg250-krs-2022-01-01","legal_membership_public_law_religious_society;compact_residual_other_none_no_response;no_religion_not_separable;period_boundary_vintage"
"DE","de-kreis-2022-bkg-vg250","kreis","de-kreis-2022-bkg-vg250:12061","12061","Dahme-Spreewald",2022,175251,"Zensus compact religion table total persons (Insgesamt) for the Kreis and wave. The religion variable RELZG2 records legal membership in a public-law religious society; it is not a belief or attendance measure.",30481,17.39,,,,,,2275.87,,,"zensus-2022-1000a-1018-religion-geolk4|bkg-vg250-krs-2022-01-01","legal_membership_public_law_religious_society;compact_residual_other_none_no_response;no_religion_not_separable;period_boundary_vintage"
"DE","de-kreis-2022-bkg-vg250","kreis","de-kreis-2022-bkg-vg250:12062","12062","Elbe-Elster",2022,98980,"Zensus compact religion table total persons (Insgesamt) for the Kreis and wave. The religion variable RELZG2 records legal membership in a public-law religious society; it is not a belief or attendance measure.",24101,24.35,,,,,,1900,,,"zensus-2022-1000a-1018-religion-geolk4|bkg-vg250-krs-2022-01-01","legal_membership_public_law_religious_society;compact_residual_other_none_no_response;no_religion_not_separable;period_boundary_vintage"
"DE","de-kreis-2022-bkg-vg250","kreis","de-kreis-2022-bkg-vg250:12063","12063","Havelland",2022,167305,"Zensus compact religion table total persons (Insgesamt) for the Kreis and wave. The religion variable RELZG2 records legal membership in a public-law religious society; it is not a belief or attendance measure.",31077,18.58,,,,,,1727.39,,,"zensus-2022-1000a-1018-religion-geolk4|bkg-vg250-krs-2022-01-01","legal_membership_public_law_religious_society;compact_residual_other_none_no_response;no_religion_not_separable;period_boundary_vintage"
"DE","de-kreis-2022-bkg-vg250","kreis","de-kreis-2022-bkg-vg250:12064","12064","Märkisch-Oderland",2022,196118,"Zensus compact religion table total persons (Insgesamt) for the Kreis and wave. The religion variable RELZG2 records legal membership in a public-law religious society; it is not a belief or attendance measure.",22561,11.5,,,,,,2157.54,,,"zensus-2022-1000a-1018-religion-geolk4|bkg-vg250-krs-2022-01-01","legal_membership_public_law_religious_society;compact_residual_other_none_no_response;no_religion_not_separable;period_boundary_vintage"
"DE","de-kreis-2022-bkg-vg250","kreis","de-kreis-2022-bkg-vg250:12065","12065","Oberhavel",2022,216097,"Zensus compact religion table total persons (Insgesamt) for the Kreis and wave. The religion variable RELZG2 records legal membership in a public-law religious society; it is not a belief or attendance measure.",36409,16.85,,,,,,1807.82,,,"zensus-2022-1000a-1018-religion-geolk4|bkg-vg250-krs-2022-01-01","legal_membership_public_law_religious_society;compact_residual_other_none_no_response;no_religion_not_separable;period_boundary_vintage"
"DE","de-kreis-2022-bkg-vg250","kreis","de-kreis-2022-bkg-vg250:12066","12066","Oberspreewald-Lausitz",2022,109208,"Zensus compact religion table total persons (Insgesamt) for the Kreis and wave. The religion variable RELZG2 records legal membership in a public-law religious society; it is not a belief or attendance measure.",16880,15.46,,,,,,1223.21,,,"zensus-2022-1000a-1018-religion-geolk4|bkg-vg250-krs-2022-01-01","legal_membership_public_law_religious_society;compact_residual_other_none_no_response;no_religion_not_separable;period_boundary_vintage"
"DE","de-kreis-2022-bkg-vg250","kreis","de-kreis-2022-bkg-vg250:12067","12067","Oder-Spree",2022,178238,"Zensus compact religion table total persons (Insgesamt) for the Kreis and wave. The religion variable RELZG2 records legal membership in a public-law religious society; it is not a belief or attendance measure.",23705,13.3,,,,,,2257.22,,,"zensus-2022-1000a-1018-religion-geolk4|bkg-vg250-krs-2022-01-01","legal_membership_public_law_religious_society;compact_residual_other_none_no_response;no_religion_not_separable;period_boundary_vintage"
"DE","de-kreis-2022-bkg-vg250","kreis","de-kreis-2022-bkg-vg250:12068","12068","Ostprignitz-Ruppin",2022,98999,"Zensus compact religion table total persons (Insgesamt) for the Kreis and wave. The religion variable RELZG2 records legal membership in a public-law religious society; it is not a belief or attendance measure.",21957,22.18,,,,,,2525.97,,,"zensus-2022-1000a-1018-religion-geolk4|bkg-vg250-krs-2022-01-01","legal_membership_public_law_religious_society;compact_residual_other_none_no_response;no_religion_not_separable;period_boundary_vintage"
"DE","de-kreis-2022-bkg-vg250","kreis","de-kreis-2022-bkg-vg250:12069","12069","Potsdam-Mittelmark",2022,218536,"Zensus compact religion table total persons (Insgesamt) for the Kreis and wave. The religion variable RELZG2 records legal membership in a public-law religious society; it is not a belief or attendance measure.",45432,20.79,,,,,,2592.99,,,"zensus-2022-1000a-1018-religion-geolk4|bkg-vg250-krs-2022-01-01","legal_membership_public_law_religious_society;compact_residual_other_none_no_response;no_religion_not_separable;period_boundary_vintage"
"DE","de-kreis-2022-bkg-vg250","kreis","de-kreis-2022-bkg-vg250:12070","12070","Prignitz",2022,76341,"Zensus compact religion table total persons (Insgesamt) for the Kreis and wave. The religion variable RELZG2 records legal membership in a public-law religious society; it is not a belief or attendance measure.",15533,20.35,,,,,,2138.65,,,"zensus-2022-1000a-1018-religion-geolk4|bkg-vg250-krs-2022-01-01","legal_membership_public_law_religious_society;compact_residual_other_none_no_response;no_religion_not_separable;period_boundary_vintage"
"DE","de-kreis-2022-bkg-vg250","kreis","de-kreis-2022-bkg-vg250:12071","12071","Spree-Neiße",2022,111130,"Zensus compact religion table total persons (Insgesamt) for the Kreis and wave. The religion variable RELZG2 records legal membership in a public-law religious society; it is not a belief or attendance measure.",21180,19.06,,,,,,1657.09,,,"zensus-2022-1000a-1018-religion-geolk4|bkg-vg250-krs-2022-01-01","legal_membership_public_law_religious_society;compact_residual_other_none_no_response;no_religion_not_separable;period_boundary_vintage"
"DE","de-kreis-2022-bkg-vg250","kreis","de-kreis-2022-bkg-vg250:12072","12072","Teltow-Fläming",2022,173560,"Zensus compact religion table total persons (Insgesamt) for the Kreis and wave. The religion variable RELZG2 records legal membership in a public-law religious society; it is not a belief or attendance measure.",31142,17.94,,,,,,2103.9,,,"zensus-2022-1000a-1018-religion-geolk4|bkg-vg250-krs-2022-01-01","legal_membership_public_law_religious_society;compact_residual_other_none_no_response;no_religion_not_separable;period_boundary_vintage"
"DE","de-kreis-2022-bkg-vg250","kreis","de-kreis-2022-bkg-vg250:12073","12073","Uckermark",2022,117909,"Zensus compact religion table total persons (Insgesamt) for the Kreis and wave. The religion variable RELZG2 records legal membership in a public-law religious society; it is not a belief or attendance measure.",20180,17.11,,,,,,3076.07,,,"zensus-2022-1000a-1018-religion-geolk4|bkg-vg250-krs-2022-01-01","legal_membership_public_law_religious_society;compact_residual_other_none_no_response;no_religion_not_separable;period_boundary_vintage"
"DE","de-kreis-2022-bkg-vg250","kreis","de-kreis-2022-bkg-vg250:13003","13003","Rostock",2022,203470,"Zensus compact religion table total persons (Insgesamt) for the Kreis and wave. The religion variable RELZG2 records legal membership in a public-law religious society; it is not a belief or attendance measure.",25099,12.34,,,,,,181.48,,,"zensus-2022-1000a-1018-religion-geolk4|bkg-vg250-krs-2022-01-01","legal_membership_public_law_religious_society;compact_residual_other_none_no_response;no_religion_not_separable;period_boundary_vintage"
"DE","de-kreis-2022-bkg-vg250","kreis","de-kreis-2022-bkg-vg250:13004","13004","Schwerin",2022,96447,"Zensus compact religion table total persons (Insgesamt) for the Kreis and wave. The religion variable RELZG2 records legal membership in a public-law religious society; it is not a belief or attendance measure.",12772,13.24,,,,,,130.11,,,"zensus-2022-1000a-1018-religion-geolk4|bkg-vg250-krs-2022-01-01","legal_membership_public_law_religious_society;compact_residual_other_none_no_response;no_religion_not_separable;period_boundary_vintage"
"DE","de-kreis-2022-bkg-vg250","kreis","de-kreis-2022-bkg-vg250:13071","13071","Mecklenburgische Seenplatte",2022,247514,"Zensus compact religion table total persons (Insgesamt) for the Kreis and wave. The religion variable RELZG2 records legal membership in a public-law religious society; it is not a belief or attendance measure.",40328,16.29,,,,,,5495.41,,,"zensus-2022-1000a-1018-religion-geolk4|bkg-vg250-krs-2022-01-01","legal_membership_public_law_religious_society;compact_residual_other_none_no_response;no_religion_not_separable;period_boundary_vintage"
"DE","de-kreis-2022-bkg-vg250","kreis","de-kreis-2022-bkg-vg250:13072","13072","Landkreis Rostock",2022,216849,"Zensus compact religion table total persons (Insgesamt) for the Kreis and wave. The religion variable RELZG2 records legal membership in a public-law religious society; it is not a belief or attendance measure.",36885,17.01,,,,,,3429.4,,,"zensus-2022-1000a-1018-religion-geolk4|bkg-vg250-krs-2022-01-01","legal_membership_public_law_religious_society;compact_residual_other_none_no_response;no_religion_not_separable;period_boundary_vintage"
"DE","de-kreis-2022-bkg-vg250","kreis","de-kreis-2022-bkg-vg250:13073","13073","Vorpommern-Rügen",2022,215741,"Zensus compact religion table total persons (Insgesamt) for the Kreis and wave. The religion variable RELZG2 records legal membership in a public-law religious society; it is not a belief or attendance measure.",30212,14,,,,,,3214.09,,,"zensus-2022-1000a-1018-religion-geolk4|bkg-vg250-krs-2022-01-01","legal_membership_public_law_religious_society;compact_residual_other_none_no_response;no_religion_not_separable;period_boundary_vintage"
"DE","de-kreis-2022-bkg-vg250","kreis","de-kreis-2022-bkg-vg250:13074","13074","Nordwestmecklenburg",2022,156503,"Zensus compact religion table total persons (Insgesamt) for the Kreis and wave. The religion variable RELZG2 records legal membership in a public-law religious society; it is not a belief or attendance measure.",26975,17.24,,,,,,2125.6,,,"zensus-2022-1000a-1018-religion-geolk4|bkg-vg250-krs-2022-01-01","legal_membership_public_law_religious_society;compact_residual_other_none_no_response;no_religion_not_separable;period_boundary_vintage"
"DE","de-kreis-2022-bkg-vg250","kreis","de-kreis-2022-bkg-vg250:13075","13075","Vorpommern-Greifswald",2022,225469,"Zensus compact religion table total persons (Insgesamt) for the Kreis and wave. The religion variable RELZG2 records legal membership in a public-law religious society; it is not a belief or attendance measure.",44372,19.68,,,,,,3951.57,,,"zensus-2022-1000a-1018-religion-geolk4|bkg-vg250-krs-2022-01-01","legal_membership_public_law_religious_society;compact_residual_other_none_no_response;no_religion_not_separable;period_boundary_vintage"
"DE","de-kreis-2022-bkg-vg250","kreis","de-kreis-2022-bkg-vg250:13076","13076","Ludwigslust-Parchim",2022,208824,"Zensus compact religion table total persons (Insgesamt) for the Kreis and wave. The religion variable RELZG2 records legal membership in a public-law religious society; it is not a belief or attendance measure.",43685,20.92,,,,,,4767.26,,,"zensus-2022-1000a-1018-religion-geolk4|bkg-vg250-krs-2022-01-01","legal_membership_public_law_religious_society;compact_residual_other_none_no_response;no_religion_not_separable;period_boundary_vintage"
"DE","de-kreis-2022-bkg-vg250","kreis","de-kreis-2022-bkg-vg250:14511","14511","Chemnitz, Stadt",2022,240078,"Zensus compact religion table total persons (Insgesamt) for the Kreis and wave. The religion variable RELZG2 records legal membership in a public-law religious society; it is not a belief or attendance measure.",30876,12.86,,,,,,221.04,,,"zensus-2022-1000a-1018-religion-geolk4|bkg-vg250-krs-2022-01-01","legal_membership_public_law_religious_society;compact_residual_other_none_no_response;no_religion_not_separable;period_boundary_vintage"
"DE","de-kreis-2022-bkg-vg250","kreis","de-kreis-2022-bkg-vg250:14521","14521","Erzgebirgskreis",2022,324874,"Zensus compact religion table total persons (Insgesamt) for the Kreis and wave. The religion variable RELZG2 records legal membership in a public-law religious society; it is not a belief or attendance measure.",103877,31.97,,,,,,1826.92,,,"zensus-2022-1000a-1018-religion-geolk4|bkg-vg250-krs-2022-01-01","legal_membership_public_law_religious_society;compact_residual_other_none_no_response;no_religion_not_separable;period_boundary_vintage"
"DE","de-kreis-2022-bkg-vg250","kreis","de-kreis-2022-bkg-vg250:14522","14522","Mittelsachsen",2022,297712,"Zensus compact religion table total persons (Insgesamt) for the Kreis and wave. The religion variable RELZG2 records legal membership in a public-law religious society; it is not a belief or attendance measure.",61934,20.8,,,,,,2114.61,,,"zensus-2022-1000a-1018-religion-geolk4|bkg-vg250-krs-2022-01-01","legal_membership_public_law_religious_society;compact_residual_other_none_no_response;no_religion_not_separable;period_boundary_vintage"
"DE","de-kreis-2022-bkg-vg250","kreis","de-kreis-2022-bkg-vg250:14523","14523","Vogtlandkreis",2022,221459,"Zensus compact religion table total persons (Insgesamt) for the Kreis and wave. The religion variable RELZG2 records legal membership in a public-law religious society; it is not a belief or attendance measure.",54860,24.77,,,,,,1412.29,,,"zensus-2022-1000a-1018-religion-geolk4|bkg-vg250-krs-2022-01-01","legal_membership_public_law_religious_society;compact_residual_other_none_no_response;no_religion_not_separable;period_boundary_vintage"
"DE","de-kreis-2022-bkg-vg250","kreis","de-kreis-2022-bkg-vg250:14524","14524","Zwickau",2022,310249,"Zensus compact religion table total persons (Insgesamt) for the Kreis and wave. The religion variable RELZG2 records legal membership in a public-law religious society; it is not a belief or attendance measure.",62426,20.12,,,,,,949.74,,,"zensus-2022-1000a-1018-religion-geolk4|bkg-vg250-krs-2022-01-01","legal_membership_public_law_religious_society;compact_residual_other_none_no_response;no_religion_not_separable;period_boundary_vintage"
"DE","de-kreis-2022-bkg-vg250","kreis","de-kreis-2022-bkg-vg250:14612","14612","Dresden, Stadt",2022,557782,"Zensus compact religion table total persons (Insgesamt) for the Kreis and wave. The religion variable RELZG2 records legal membership in a public-law religious society; it is not a belief or attendance measure.",94976,17.03,,,,,,328.07,,,"zensus-2022-1000a-1018-religion-geolk4|bkg-vg250-krs-2022-01-01","legal_membership_public_law_religious_society;compact_residual_other_none_no_response;no_religion_not_separable;period_boundary_vintage"
"DE","de-kreis-2022-bkg-vg250","kreis","de-kreis-2022-bkg-vg250:14625","14625","Bautzen",2022,296168,"Zensus compact religion table total persons (Insgesamt) for the Kreis and wave. The religion variable RELZG2 records legal membership in a public-law religious society; it is not a belief or attendance measure.",81857,27.64,,,,,,2395.65,,,"zensus-2022-1000a-1018-religion-geolk4|bkg-vg250-krs-2022-01-01","legal_membership_public_law_religious_society;compact_residual_other_none_no_response;no_religion_not_separable;period_boundary_vintage"
"DE","de-kreis-2022-bkg-vg250","kreis","de-kreis-2022-bkg-vg250:14626","14626","Görlitz",2022,247014,"Zensus compact religion table total persons (Insgesamt) for the Kreis and wave. The religion variable RELZG2 records legal membership in a public-law religious society; it is not a belief or attendance measure.",61460,24.88,,,,,,2111.25,,,"zensus-2022-1000a-1018-religion-geolk4|bkg-vg250-krs-2022-01-01","legal_membership_public_law_religious_society;compact_residual_other_none_no_response;no_religion_not_separable;period_boundary_vintage"
"DE","de-kreis-2022-bkg-vg250","kreis","de-kreis-2022-bkg-vg250:14627","14627","Meißen",2022,240414,"Zensus compact religion table total persons (Insgesamt) for the Kreis and wave. The religion variable RELZG2 records legal membership in a public-law religious society; it is not a belief or attendance measure.",47138,19.61,,,,,,1457.53,,,"zensus-2022-1000a-1018-religion-geolk4|bkg-vg250-krs-2022-01-01","legal_membership_public_law_religious_society;compact_residual_other_none_no_response;no_religion_not_separable;period_boundary_vintage"
"DE","de-kreis-2022-bkg-vg250","kreis","de-kreis-2022-bkg-vg250:14628","14628","Sächsische Schweiz-Osterzgebirge",2022,244202,"Zensus compact religion table total persons (Insgesamt) for the Kreis and wave. The religion variable RELZG2 records legal membership in a public-law religious society; it is not a belief or attendance measure.",43391,17.77,,,,,,1653.69,,,"zensus-2022-1000a-1018-religion-geolk4|bkg-vg250-krs-2022-01-01","legal_membership_public_law_religious_society;compact_residual_other_none_no_response;no_religion_not_separable;period_boundary_vintage"
"DE","de-kreis-2022-bkg-vg250","kreis","de-kreis-2022-bkg-vg250:14713","14713","Leipzig, Stadt",2022,598899,"Zensus compact religion table total persons (Insgesamt) for the Kreis and wave. The religion variable RELZG2 records legal membership in a public-law religious society; it is not a belief or attendance measure.",87977,14.69,,,,,,298.93,,,"zensus-2022-1000a-1018-religion-geolk4|bkg-vg250-krs-2022-01-01","legal_membership_public_law_religious_society;compact_residual_other_none_no_response;no_religion_not_separable;period_boundary_vintage"
"DE","de-kreis-2022-bkg-vg250","kreis","de-kreis-2022-bkg-vg250:14729","14729","Leipzig",2022,259190,"Zensus compact religion table total persons (Insgesamt) for the Kreis and wave. The religion variable RELZG2 records legal membership in a public-law religious society; it is not a belief or attendance measure.",42760,16.5,,,,,,1651.63,,,"zensus-2022-1000a-1018-religion-geolk4|bkg-vg250-krs-2022-01-01","legal_membership_public_law_religious_society;compact_residual_other_none_no_response;no_religion_not_separable;period_boundary_vintage"
"DE","de-kreis-2022-bkg-vg250","kreis","de-kreis-2022-bkg-vg250:14730","14730","Nordsachsen",2022,200090,"Zensus compact religion table total persons (Insgesamt) for the Kreis and wave. The religion variable RELZG2 records legal membership in a public-law religious society; it is not a belief or attendance measure.",29731,14.86,,,,,,2027.57,,,"zensus-2022-1000a-1018-religion-geolk4|bkg-vg250-krs-2022-01-01","legal_membership_public_law_religious_society;compact_residual_other_none_no_response;no_religion_not_separable;period_boundary_vintage"
"DE","de-kreis-2022-bkg-vg250","kreis","de-kreis-2022-bkg-vg250:15001","15001","Dessau-Roßlau, Stadt",2022,75938,"Zensus compact religion table total persons (Insgesamt) for the Kreis and wave. The religion variable RELZG2 records legal membership in a public-law religious society; it is not a belief or attendance measure.",8692,11.45,,,,,,246.25,,,"zensus-2022-1000a-1018-religion-geolk4|bkg-vg250-krs-2022-01-01","legal_membership_public_law_religious_society;compact_residual_other_none_no_response;no_religion_not_separable;period_boundary_vintage"
"DE","de-kreis-2022-bkg-vg250","kreis","de-kreis-2022-bkg-vg250:15002","15002","Halle (Saale), Stadt",2022,226586,"Zensus compact religion table total persons (Insgesamt) for the Kreis and wave. The religion variable RELZG2 records legal membership in a public-law religious society; it is not a belief or attendance measure.",27423,12.1,,,,,,135.76,,,"zensus-2022-1000a-1018-religion-geolk4|bkg-vg250-krs-2022-01-01","legal_membership_public_law_religious_society;compact_residual_other_none_no_response;no_religion_not_separable;period_boundary_vintage"
"DE","de-kreis-2022-bkg-vg250","kreis","de-kreis-2022-bkg-vg250:15003","15003","Magdeburg, Landeshauptstadt",2022,241517,"Zensus compact religion table total persons (Insgesamt) for the Kreis and wave. The religion variable RELZG2 records legal membership in a public-law religious society; it is not a belief or attendance measure.",27051,11.2,,,,,,201.01,,,"zensus-2022-1000a-1018-religion-geolk4|bkg-vg250-krs-2022-01-01","legal_membership_public_law_religious_society;compact_residual_other_none_no_response;no_religion_not_separable;period_boundary_vintage"
"DE","de-kreis-2022-bkg-vg250","kreis","de-kreis-2022-bkg-vg250:15081","15081","Altmarkkreis Salzwedel",2022,81159,"Zensus compact religion table total persons (Insgesamt) for the Kreis and wave. The religion variable RELZG2 records legal membership in a public-law religious society; it is not a belief or attendance measure.",19495,24.02,,,,,,2303.75,,,"zensus-2022-1000a-1018-religion-geolk4|bkg-vg250-krs-2022-01-01","legal_membership_public_law_religious_society;compact_residual_other_none_no_response;no_religion_not_separable;period_boundary_vintage"
"DE","de-kreis-2022-bkg-vg250","kreis","de-kreis-2022-bkg-vg250:15082","15082","Anhalt-Bitterfeld",2022,154059,"Zensus compact religion table total persons (Insgesamt) for the Kreis and wave. The religion variable RELZG2 records legal membership in a public-law religious society; it is not a belief or attendance measure.",19454,12.63,,,,,,1460.85,,,"zensus-2022-1000a-1018-religion-geolk4|bkg-vg250-krs-2022-01-01","legal_membership_public_law_religious_society;compact_residual_other_none_no_response;no_religion_not_separable;period_boundary_vintage"
"DE","de-kreis-2022-bkg-vg250","kreis","de-kreis-2022-bkg-vg250:15083","15083","Börde",2022,168411,"Zensus compact religion table total persons (Insgesamt) for the Kreis and wave. The religion variable RELZG2 records legal membership in a public-law religious society; it is not a belief or attendance measure.",27772,16.49,,,,,,2376.89,,,"zensus-2022-1000a-1018-religion-geolk4|bkg-vg250-krs-2022-01-01","legal_membership_public_law_religious_society;compact_residual_other_none_no_response;no_religion_not_separable;period_boundary_vintage"
"DE","de-kreis-2022-bkg-vg250","kreis","de-kreis-2022-bkg-vg250:15084","15084","Burgenlandkreis",2022,174746,"Zensus compact religion table total persons (Insgesamt) for the Kreis and wave. The religion variable RELZG2 records legal membership in a public-law religious society; it is not a belief or attendance measure.",24611,14.08,,,,,,1418.99,,,"zensus-2022-1000a-1018-religion-geolk4|bkg-vg250-krs-2022-01-01","legal_membership_public_law_religious_society;compact_residual_other_none_no_response;no_religion_not_separable;period_boundary_vintage"
"DE","de-kreis-2022-bkg-vg250","kreis","de-kreis-2022-bkg-vg250:15085","15085","Harz",2022,207617,"Zensus compact religion table total persons (Insgesamt) for the Kreis and wave. The religion variable RELZG2 records legal membership in a public-law religious society; it is not a belief or attendance measure.",32215,15.52,,,,,,2108.17,,,"zensus-2022-1000a-1018-religion-geolk4|bkg-vg250-krs-2022-01-01","legal_membership_public_law_religious_society;compact_residual_other_none_no_response;no_religion_not_separable;period_boundary_vintage"
"DE","de-kreis-2022-bkg-vg250","kreis","de-kreis-2022-bkg-vg250:15086","15086","Jerichower Land",2022,88710,"Zensus compact religion table total persons (Insgesamt) for the Kreis and wave. The religion variable RELZG2 records legal membership in a public-law religious society; it is not a belief or attendance measure.",12049,13.58,,,,,,1589.29,,,"zensus-2022-1000a-1018-religion-geolk4|bkg-vg250-krs-2022-01-01","legal_membership_public_law_religious_society;compact_residual_other_none_no_response;no_religion_not_separable;period_boundary_vintage"
"DE","de-kreis-2022-bkg-vg250","kreis","de-kreis-2022-bkg-vg250:15087","15087","Mansfeld-Südharz",2022,131514,"Zensus compact religion table total persons (Insgesamt) for the Kreis and wave. The religion variable RELZG2 records legal membership in a public-law religious society; it is not a belief or attendance measure.",15597,11.86,,,,,,1456.2,,,"zensus-2022-1000a-1018-religion-geolk4|bkg-vg250-krs-2022-01-01","legal_membership_public_law_religious_society;compact_residual_other_none_no_response;no_religion_not_separable;period_boundary_vintage"
"DE","de-kreis-2022-bkg-vg250","kreis","de-kreis-2022-bkg-vg250:15088","15088","Saalekreis",2022,181788,"Zensus compact religion table total persons (Insgesamt) for the Kreis and wave. The religion variable RELZG2 records legal membership in a public-law religious society; it is not a belief or attendance measure.",20109,11.06,,,,,,1440.25,,,"zensus-2022-1000a-1018-religion-geolk4|bkg-vg250-krs-2022-01-01","legal_membership_public_law_religious_society;compact_residual_other_none_no_response;no_religion_not_separable;period_boundary_vintage"
"DE","de-kreis-2022-bkg-vg250","kreis","de-kreis-2022-bkg-vg250:15089","15089","Salzlandkreis",2022,184199,"Zensus compact religion table total persons (Insgesamt) for the Kreis and wave. The religion variable RELZG2 records legal membership in a public-law religious society; it is not a belief or attendance measure.",21050,11.43,,,,,,1434.95,,,"zensus-2022-1000a-1018-religion-geolk4|bkg-vg250-krs-2022-01-01","legal_membership_public_law_religious_society;compact_residual_other_none_no_response;no_religion_not_separable;period_boundary_vintage"
"DE","de-kreis-2022-bkg-vg250","kreis","de-kreis-2022-bkg-vg250:15090","15090","Stendal",2022,107250,"Zensus compact religion table total persons (Insgesamt) for the Kreis and wave. The religion variable RELZG2 records legal membership in a public-law religious society; it is not a belief or attendance measure.",20101,18.74,,,,,,2437.05,,,"zensus-2022-1000a-1018-religion-geolk4|bkg-vg250-krs-2022-01-01","legal_membership_public_law_religious_society;compact_residual_other_none_no_response;no_religion_not_separable;period_boundary_vintage"
"DE","de-kreis-2022-bkg-vg250","kreis","de-kreis-2022-bkg-vg250:15091","15091","Wittenberg",2022,122949,"Zensus compact religion table total persons (Insgesamt) for the Kreis and wave. The religion variable RELZG2 records legal membership in a public-law religious society; it is not a belief or attendance measure.",20269,16.49,,,,,,1942.81,,,"zensus-2022-1000a-1018-religion-geolk4|bkg-vg250-krs-2022-01-01","legal_membership_public_law_religious_society;compact_residual_other_none_no_response;no_religion_not_separable;period_boundary_vintage"
"DE","de-kreis-2022-bkg-vg250","kreis","de-kreis-2022-bkg-vg250:16051","16051","Erfurt, Stadt",2022,218200,"Zensus compact religion table total persons (Insgesamt) for the Kreis and wave. The religion variable RELZG2 records legal membership in a public-law religious society; it is not a belief or attendance measure.",38579,17.68,,,,,,270.37,,,"zensus-2022-1000a-1018-religion-geolk4|bkg-vg250-krs-2022-01-01","legal_membership_public_law_religious_society;compact_residual_other_none_no_response;no_religion_not_separable;period_boundary_vintage"
"DE","de-kreis-2022-bkg-vg250","kreis","de-kreis-2022-bkg-vg250:16052","16052","Gera, Stadt",2022,93120,"Zensus compact religion table total persons (Insgesamt) for the Kreis and wave. The religion variable RELZG2 records legal membership in a public-law religious society; it is not a belief or attendance measure.",9904,10.64,,,,,,152.24,,,"zensus-2022-1000a-1018-religion-geolk4|bkg-vg250-krs-2022-01-01","legal_membership_public_law_religious_society;compact_residual_other_none_no_response;no_religion_not_separable;period_boundary_vintage"
"DE","de-kreis-2022-bkg-vg250","kreis","de-kreis-2022-bkg-vg250:16053","16053","Jena, Stadt",2022,110369,"Zensus compact religion table total persons (Insgesamt) for the Kreis and wave. The religion variable RELZG2 records legal membership in a public-law religious society; it is not a belief or attendance measure.",19912,18.04,,,,,,114.91,,,"zensus-2022-1000a-1018-religion-geolk4|bkg-vg250-krs-2022-01-01","legal_membership_public_law_religious_society;compact_residual_other_none_no_response;no_religion_not_separable;period_boundary_vintage"
"DE","de-kreis-2022-bkg-vg250","kreis","de-kreis-2022-bkg-vg250:16054","16054","Suhl, Stadt",2022,35410,"Zensus compact religion table total persons (Insgesamt) for the Kreis and wave. The religion variable RELZG2 records legal membership in a public-law religious society; it is not a belief or attendance measure.",4493,12.69,,,,,,142.86,,,"zensus-2022-1000a-1018-religion-geolk4|bkg-vg250-krs-2022-01-01","legal_membership_public_law_religious_society;compact_residual_other_none_no_response;no_religion_not_separable;period_boundary_vintage"
"DE","de-kreis-2022-bkg-vg250","kreis","de-kreis-2022-bkg-vg250:16055","16055","Weimar, Stadt",2022,65494,"Zensus compact religion table total persons (Insgesamt) for the Kreis and wave. The religion variable RELZG2 records legal membership in a public-law religious society; it is not a belief or attendance measure.",13657,20.85,,,,,,84.37,,,"zensus-2022-1000a-1018-religion-geolk4|bkg-vg250-krs-2022-01-01","legal_membership_public_law_religious_society;compact_residual_other_none_no_response;no_religion_not_separable;period_boundary_vintage"
"DE","de-kreis-2022-bkg-vg250","kreis","de-kreis-2022-bkg-vg250:16061","16061","Eichsfeld",2022,98861,"Zensus compact religion table total persons (Insgesamt) for the Kreis and wave. The religion variable RELZG2 records legal membership in a public-law religious society; it is not a belief or attendance measure.",72999,73.84,,,,,,942.55,,,"zensus-2022-1000a-1018-religion-geolk4|bkg-vg250-krs-2022-01-01","legal_membership_public_law_religious_society;compact_residual_other_none_no_response;no_religion_not_separable;period_boundary_vintage"
"DE","de-kreis-2022-bkg-vg250","kreis","de-kreis-2022-bkg-vg250:16062","16062","Nordhausen",2022,81415,"Zensus compact religion table total persons (Insgesamt) for the Kreis and wave. The religion variable RELZG2 records legal membership in a public-law religious society; it is not a belief or attendance measure.",17929,22.02,,,,,,714.3,,,"zensus-2022-1000a-1018-religion-geolk4|bkg-vg250-krs-2022-01-01","legal_membership_public_law_religious_society;compact_residual_other_none_no_response;no_religion_not_separable;period_boundary_vintage"
"DE","de-kreis-2022-bkg-vg250","kreis","de-kreis-2022-bkg-vg250:16063","16063","Wartburgkreis",2022,156674,"Zensus compact religion table total persons (Insgesamt) for the Kreis and wave. The religion variable RELZG2 records legal membership in a public-law religious society; it is not a belief or attendance measure.",54047,34.5,,,,,,1370.01,,,"zensus-2022-1000a-1018-religion-geolk4|bkg-vg250-krs-2022-01-01","legal_membership_public_law_religious_society;compact_residual_other_none_no_response;no_religion_not_separable;period_boundary_vintage"
"DE","de-kreis-2022-bkg-vg250","kreis","de-kreis-2022-bkg-vg250:16064","16064","Unstrut-Hainich-Kreis",2022,100069,"Zensus compact religion table total persons (Insgesamt) for the Kreis and wave. The religion variable RELZG2 records legal membership in a public-law religious society; it is not a belief or attendance measure.",37822,37.8,,,,,,979.29,,,"zensus-2022-1000a-1018-religion-geolk4|bkg-vg250-krs-2022-01-01","legal_membership_public_law_religious_society;compact_residual_other_none_no_response;no_religion_not_separable;period_boundary_vintage"
"DE","de-kreis-2022-bkg-vg250","kreis","de-kreis-2022-bkg-vg250:16065","16065","Kyffhäuserkreis",2022,72556,"Zensus compact religion table total persons (Insgesamt) for the Kreis and wave. The religion variable RELZG2 records legal membership in a public-law religious society; it is not a belief or attendance measure.",14966,20.63,,,,,,1037.77,,,"zensus-2022-1000a-1018-religion-geolk4|bkg-vg250-krs-2022-01-01","legal_membership_public_law_religious_society;compact_residual_other_none_no_response;no_religion_not_separable;period_boundary_vintage"
"DE","de-kreis-2022-bkg-vg250","kreis","de-kreis-2022-bkg-vg250:16066","16066","Schmalkalden-Meiningen",2022,121525,"Zensus compact religion table total persons (Insgesamt) for the Kreis and wave. The religion variable RELZG2 records legal membership in a public-law religious society; it is not a belief or attendance measure.",44423,36.55,,,,,,1251.06,,,"zensus-2022-1000a-1018-religion-geolk4|bkg-vg250-krs-2022-01-01","legal_membership_public_law_religious_society;compact_residual_other_none_no_response;no_religion_not_separable;period_boundary_vintage"
"DE","de-kreis-2022-bkg-vg250","kreis","de-kreis-2022-bkg-vg250:16067","16067","Gotha",2022,136959,"Zensus compact religion table total persons (Insgesamt) for the Kreis and wave. The religion variable RELZG2 records legal membership in a public-law religious society; it is not a belief or attendance measure.",31541,23.03,,,,,,935.83,,,"zensus-2022-1000a-1018-religion-geolk4|bkg-vg250-krs-2022-01-01","legal_membership_public_law_religious_society;compact_residual_other_none_no_response;no_religion_not_separable;period_boundary_vintage"
"DE","de-kreis-2022-bkg-vg250","kreis","de-kreis-2022-bkg-vg250:16068","16068","Sömmerda",2022,67792,"Zensus compact religion table total persons (Insgesamt) for the Kreis and wave. The religion variable RELZG2 records legal membership in a public-law religious society; it is not a belief or attendance measure.",15316,22.59,,,,,,807.02,,,"zensus-2022-1000a-1018-religion-geolk4|bkg-vg250-krs-2022-01-01","legal_membership_public_law_religious_society;compact_residual_other_none_no_response;no_religion_not_separable;period_boundary_vintage"
"DE","de-kreis-2022-bkg-vg250","kreis","de-kreis-2022-bkg-vg250:16069","16069","Hildburghausen",2022,61411,"Zensus compact religion table total persons (Insgesamt) for the Kreis and wave. The religion variable RELZG2 records legal membership in a public-law religious society; it is not a belief or attendance measure.",21224,34.56,,,,,,937.77,,,"zensus-2022-1000a-1018-religion-geolk4|bkg-vg250-krs-2022-01-01","legal_membership_public_law_religious_society;compact_residual_other_none_no_response;no_religion_not_separable;period_boundary_vintage"
"DE","de-kreis-2022-bkg-vg250","kreis","de-kreis-2022-bkg-vg250:16070","16070","Ilm-Kreis",2022,106164,"Zensus compact religion table total persons (Insgesamt) for the Kreis and wave. The religion variable RELZG2 records legal membership in a public-law religious society; it is not a belief or attendance measure.",20976,19.76,,,,,,803.56,,,"zensus-2022-1000a-1018-religion-geolk4|bkg-vg250-krs-2022-01-01","legal_membership_public_law_religious_society;compact_residual_other_none_no_response;no_religion_not_separable;period_boundary_vintage"
"DE","de-kreis-2022-bkg-vg250","kreis","de-kreis-2022-bkg-vg250:16071","16071","Weimarer Land",2022,82691,"Zensus compact religion table total persons (Insgesamt) for the Kreis and wave. The religion variable RELZG2 records legal membership in a public-law religious society; it is not a belief or attendance measure.",17112,20.69,,,,,,804.53,,,"zensus-2022-1000a-1018-religion-geolk4|bkg-vg250-krs-2022-01-01","legal_membership_public_law_religious_society;compact_residual_other_none_no_response;no_religion_not_separable;period_boundary_vintage"
"DE","de-kreis-2022-bkg-vg250","kreis","de-kreis-2022-bkg-vg250:16072","16072","Sonneberg",2022,56251,"Zensus compact religion table total persons (Insgesamt) for the Kreis and wave. The religion variable RELZG2 records legal membership in a public-law religious society; it is not a belief or attendance measure.",15146,26.93,,,,,,460.68,,,"zensus-2022-1000a-1018-religion-geolk4|bkg-vg250-krs-2022-01-01","legal_membership_public_law_religious_society;compact_residual_other_none_no_response;no_religion_not_separable;period_boundary_vintage"
"DE","de-kreis-2022-bkg-vg250","kreis","de-kreis-2022-bkg-vg250:16073","16073","Saalfeld-Rudolstadt",2022,101106,"Zensus compact religion table total persons (Insgesamt) for the Kreis and wave. The religion variable RELZG2 records legal membership in a public-law religious society; it is not a belief or attendance measure.",23686,23.43,,,,,,1008.76,,,"zensus-2022-1000a-1018-religion-geolk4|bkg-vg250-krs-2022-01-01","legal_membership_public_law_religious_society;compact_residual_other_none_no_response;no_religion_not_separable;period_boundary_vintage"
"DE","de-kreis-2022-bkg-vg250","kreis","de-kreis-2022-bkg-vg250:16074","16074","Saale-Holzland-Kreis",2022,83347,"Zensus compact religion table total persons (Insgesamt) for the Kreis and wave. The religion variable RELZG2 records legal membership in a public-law religious society; it is not a belief or attendance measure.",16958,20.35,,,,,,815.58,,,"zensus-2022-1000a-1018-religion-geolk4|bkg-vg250-krs-2022-01-01","legal_membership_public_law_religious_society;compact_residual_other_none_no_response;no_religion_not_separable;period_boundary_vintage"
"DE","de-kreis-2022-bkg-vg250","kreis","de-kreis-2022-bkg-vg250:16075","16075","Saale-Orla-Kreis",2022,78378,"Zensus compact religion table total persons (Insgesamt) for the Kreis and wave. The religion variable RELZG2 records legal membership in a public-law religious society; it is not a belief or attendance measure.",24720,31.54,,,,,,1151.75,,,"zensus-2022-1000a-1018-religion-geolk4|bkg-vg250-krs-2022-01-01","legal_membership_public_law_religious_society;compact_residual_other_none_no_response;no_religion_not_separable;period_boundary_vintage"
"DE","de-kreis-2022-bkg-vg250","kreis","de-kreis-2022-bkg-vg250:16076","16076","Greiz",2022,95217,"Zensus compact religion table total persons (Insgesamt) for the Kreis and wave. The religion variable RELZG2 records legal membership in a public-law religious society; it is not a belief or attendance measure.",23591,24.78,,,,,,846.13,,,"zensus-2022-1000a-1018-religion-geolk4|bkg-vg250-krs-2022-01-01","legal_membership_public_law_religious_society;compact_residual_other_none_no_response;no_religion_not_separable;period_boundary_vintage"
"DE","de-kreis-2022-bkg-vg250","kreis","de-kreis-2022-bkg-vg250:16077","16077","Altenburger Land",2022,87387,"Zensus compact religion table total persons (Insgesamt) for the Kreis and wave. The religion variable RELZG2 records legal membership in a public-law religious society; it is not a belief or attendance measure.",12593,14.41,,,,,,569.49,,,"zensus-2022-1000a-1018-religion-geolk4|bkg-vg250-krs-2022-01-01","legal_membership_public_law_religious_society;compact_residual_other_none_no_response;no_religion_not_separable;period_boundary_vintage"
