"country_code","boundary_set_id","boundary_level","area_unit_id","area_code","area_name","year","population_total","population_total_basis","religious_affiliation_count","religious_affiliation_percent","no_religion_count","no_religion_percent","place_count","places_per_10000_residents","place_density_per_sq_km","land_area_sq_km","site_snapshot_date","place_count_basis","source_dataset_ids","quality_flag"
"MK","mk-municipality-2021-ocha-codab-adm2","municipality","mk-municipality-2021-ocha-codab-adm2:aerodrom","aerodrom","Aerodrom",2021,77735,"2021 Census of Population, Households and Dwellings in the Republic of North Macedonia, State Statistical Office, book (English edition), table T-06 'Total resident population by religious affiliation and sex, by municipalities'. The universe is the total resident population (1,836,713), which includes 132,260 persons whose data were taken from administrative sources. The denominator is each municipality's printed population total.",70555,90.7635,1525,1.9618,,,,21.1658,,,"mk-census-2021-book-t06-religion-by-municipality|ocha-codab-mkd-adm2-2025","census_affiliation;total_resident_population_universe;single_select_reported_religion;religious_affiliation_percent_is_summed_affiliation_share;no_religion_percent_is_non_believer_atheist_line_only;undeclared_unknown_admin_sources_residuals_in_denominator_neither_slot;administratively_sourced_component_rendered_as_published_never_repaired;shares_need_not_sum_to_100;single_wave_2002_held_frame_break_no_cross_wave_change;sso_copyright_ships_with_attribution_courtesy_ask_recorded;source_categories_verbatim=Православни=57492;Муслимани (ислам)=2184;Католици=455;Христијани=10096;Протестанти=76;Евангелисти=44;Евангелисти-методисти=24;Јеховини сведоци=44;Друго=140;Не е верник (атеист)=1525;Не се изјаснил=303;Непознато=104;Лица за кои податоците се преземени од административни извори=5248"
"MK","mk-municipality-2021-ocha-codab-adm2","municipality","mk-municipality-2021-ocha-codab-adm2:arachinovo","arachinovo","Arachinovo",2021,12676,"2021 Census of Population, Households and Dwellings in the Republic of North Macedonia, State Statistical Office, book (English edition), table T-06 'Total resident population by religious affiliation and sex, by municipalities'. The universe is the total resident population (1,836,713), which includes 132,260 persons whose data were taken from administrative sources. The denominator is each municipality's printed population total.",12366,97.5544,0,0,,,,31.6002,,,"mk-census-2021-book-t06-religion-by-municipality|ocha-codab-mkd-adm2-2025","census_affiliation;total_resident_population_universe;single_select_reported_religion;religious_affiliation_percent_is_summed_affiliation_share;no_religion_percent_is_non_believer_atheist_line_only;undeclared_unknown_admin_sources_residuals_in_denominator_neither_slot;administratively_sourced_component_rendered_as_published_never_repaired;shares_need_not_sum_to_100;single_wave_2002_held_frame_break_no_cross_wave_change;sso_copyright_ships_with_attribution_courtesy_ask_recorded;source_categories_verbatim=Православни=1;Муслимани (ислам)=12363;Католици=1;Христијани=0;Протестанти=0;Евангелисти=0;Евангелисти-методисти=0;Јеховини сведоци=0;Друго=1;Не е верник (атеист)=0;Не се изјаснил=0;Непознато=0;Лица за кои податоците се преземени од административни извори=310"
"MK","mk-municipality-2021-ocha-codab-adm2","municipality","mk-municipality-2021-ocha-codab-adm2:berovo","berovo","Berovo",2021,10890,"2021 Census of Population, Households and Dwellings in the Republic of North Macedonia, State Statistical Office, book (English edition), table T-06 'Total resident population by religious affiliation and sex, by municipalities'. The universe is the total resident population (1,836,713), which includes 132,260 persons whose data were taken from administrative sources. The denominator is each municipality's printed population total.",10377,95.2893,8,0.0735,,,,597.9621,,,"mk-census-2021-book-t06-religion-by-municipality|ocha-codab-mkd-adm2-2025","census_affiliation;total_resident_population_universe;single_select_reported_religion;religious_affiliation_percent_is_summed_affiliation_share;no_religion_percent_is_non_believer_atheist_line_only;undeclared_unknown_admin_sources_residuals_in_denominator_neither_slot;administratively_sourced_component_rendered_as_published_never_repaired;shares_need_not_sum_to_100;single_wave_2002_held_frame_break_no_cross_wave_change;sso_copyright_ships_with_attribution_courtesy_ask_recorded;source_categories_verbatim=Православни=6272;Муслимани (ислам)=514;Католици=4;Христијани=3575;Протестанти=2;Евангелисти=1;Евангелисти-методисти=0;Јеховини сведоци=9;Друго=0;Не е верник (атеист)=8;Не се изјаснил=1;Непознато=2;Лица за кои податоците се преземени од административни извори=502"
"MK","mk-municipality-2021-ocha-codab-adm2","municipality","mk-municipality-2021-ocha-codab-adm2:bitola","bitola","Bitola",2021,85164,"2021 Census of Population, Households and Dwellings in the Republic of North Macedonia, State Statistical Office, book (English edition), table T-06 'Total resident population by religious affiliation and sex, by municipalities'. The universe is the total resident population (1,836,713), which includes 132,260 persons whose data were taken from administrative sources. The denominator is each municipality's printed population total.",79203,93.0006,357,0.4192,,,,789.547,,,"mk-census-2021-book-t06-religion-by-municipality|ocha-codab-mkd-adm2-2025","census_affiliation;total_resident_population_universe;single_select_reported_religion;religious_affiliation_percent_is_summed_affiliation_share;no_religion_percent_is_non_believer_atheist_line_only;undeclared_unknown_admin_sources_residuals_in_denominator_neither_slot;administratively_sourced_component_rendered_as_published_never_repaired;shares_need_not_sum_to_100;single_wave_2002_held_frame_break_no_cross_wave_change;sso_copyright_ships_with_attribution_courtesy_ask_recorded;source_categories_verbatim=Православни=57143;Муслимани (ислам)=8232;Католици=193;Христијани=13496;Протестанти=28;Евангелисти=8;Евангелисти-методисти=1;Јеховини сведоци=36;Друго=66;Не е верник (атеист)=357;Не се изјаснил=72;Непознато=27;Лица за кои податоците се преземени од административни извори=5505"
"MK","mk-municipality-2021-ocha-codab-adm2","municipality","mk-municipality-2021-ocha-codab-adm2:bogdanci","bogdanci","Bogdanci",2021,7339,"2021 Census of Population, Households and Dwellings in the Republic of North Macedonia, State Statistical Office, book (English edition), table T-06 'Total resident population by religious affiliation and sex, by municipalities'. The universe is the total resident population (1,836,713), which includes 132,260 persons whose data were taken from administrative sources. The denominator is each municipality's printed population total.",7017,95.6125,16,0.218,,,,114.0396,,,"mk-census-2021-book-t06-religion-by-municipality|ocha-codab-mkd-adm2-2025","census_affiliation;total_resident_population_universe;single_select_reported_religion;religious_affiliation_percent_is_summed_affiliation_share;no_religion_percent_is_non_believer_atheist_line_only;undeclared_unknown_admin_sources_residuals_in_denominator_neither_slot;administratively_sourced_component_rendered_as_published_never_repaired;shares_need_not_sum_to_100;single_wave_2002_held_frame_break_no_cross_wave_change;sso_copyright_ships_with_attribution_courtesy_ask_recorded;source_categories_verbatim=Православни=5477;Муслимани (ислам)=52;Католици=152;Христијани=1321;Протестанти=6;Евангелисти=2;Евангелисти-методисти=0;Јеховини сведоци=2;Друго=5;Не е верник (атеист)=16;Не се изјаснил=10;Непознато=1;Лица за кои податоците се преземени од административни извори=295"
"MK","mk-municipality-2021-ocha-codab-adm2","municipality","mk-municipality-2021-ocha-codab-adm2:bogovinje","bogovinje","Bogovinje",2021,22906,"2021 Census of Population, Households and Dwellings in the Republic of North Macedonia, State Statistical Office, book (English edition), table T-06 'Total resident population by religious affiliation and sex, by municipalities'. The universe is the total resident population (1,836,713), which includes 132,260 persons whose data were taken from administrative sources. The denominator is each municipality's printed population total.",21335,93.1415,1,0.0044,,,,141.6374,,,"mk-census-2021-book-t06-religion-by-municipality|ocha-codab-mkd-adm2-2025","census_affiliation;total_resident_population_universe;single_select_reported_religion;religious_affiliation_percent_is_summed_affiliation_share;no_religion_percent_is_non_believer_atheist_line_only;undeclared_unknown_admin_sources_residuals_in_denominator_neither_slot;administratively_sourced_component_rendered_as_published_never_repaired;shares_need_not_sum_to_100;single_wave_2002_held_frame_break_no_cross_wave_change;sso_copyright_ships_with_attribution_courtesy_ask_recorded;source_categories_verbatim=Православни=3;Муслимани (ислам)=21329;Католици=2;Христијани=0;Протестанти=1;Евангелисти=0;Евангелисти-методисти=0;Јеховини сведоци=0;Друго=0;Не е верник (атеист)=1;Не се изјаснил=2;Непознато=1;Лица за кои податоците се преземени од административни извори=1567"
"MK","mk-municipality-2021-ocha-codab-adm2","municipality","mk-municipality-2021-ocha-codab-adm2:bosilovo","bosilovo","Bosilovo",2021,11508,"2021 Census of Population, Households and Dwellings in the Republic of North Macedonia, State Statistical Office, book (English edition), table T-06 'Total resident population by religious affiliation and sex, by municipalities'. The universe is the total resident population (1,836,713), which includes 132,260 persons whose data were taken from administrative sources. The denominator is each municipality's printed population total.",10472,90.9976,11,0.0956,,,,161.6924,,,"mk-census-2021-book-t06-religion-by-municipality|ocha-codab-mkd-adm2-2025","census_affiliation;total_resident_population_universe;single_select_reported_religion;religious_affiliation_percent_is_summed_affiliation_share;no_religion_percent_is_non_believer_atheist_line_only;undeclared_unknown_admin_sources_residuals_in_denominator_neither_slot;administratively_sourced_component_rendered_as_published_never_repaired;shares_need_not_sum_to_100;single_wave_2002_held_frame_break_no_cross_wave_change;sso_copyright_ships_with_attribution_courtesy_ask_recorded;source_categories_verbatim=Православни=6748;Муслимани (ислам)=702;Католици=927;Христијани=1919;Протестанти=17;Евангелисти=16;Евангелисти-методисти=141;Јеховини сведоци=2;Друго=0;Не е верник (атеист)=11;Не се изјаснил=0;Непознато=0;Лица за кои податоците се преземени од административни извори=1025"
"MK","mk-municipality-2021-ocha-codab-adm2","municipality","mk-municipality-2021-ocha-codab-adm2:brvenica","brvenica","Brvenica",2021,13645,"2021 Census of Population, Households and Dwellings in the Republic of North Macedonia, State Statistical Office, book (English edition), table T-06 'Total resident population by religious affiliation and sex, by municipalities'. The universe is the total resident population (1,836,713), which includes 132,260 persons whose data were taken from administrative sources. The denominator is each municipality's printed population total.",13165,96.4822,2,0.0147,,,,164.9282,,,"mk-census-2021-book-t06-religion-by-municipality|ocha-codab-mkd-adm2-2025","census_affiliation;total_resident_population_universe;single_select_reported_religion;religious_affiliation_percent_is_summed_affiliation_share;no_religion_percent_is_non_believer_atheist_line_only;undeclared_unknown_admin_sources_residuals_in_denominator_neither_slot;administratively_sourced_component_rendered_as_published_never_repaired;shares_need_not_sum_to_100;single_wave_2002_held_frame_break_no_cross_wave_change;sso_copyright_ships_with_attribution_courtesy_ask_recorded;source_categories_verbatim=Православни=5571;Муслимани (ислам)=7386;Католици=28;Христијани=173;Протестанти=1;Евангелисти=0;Евангелисти-методисти=0;Јеховини сведоци=3;Друго=3;Не е верник (атеист)=2;Не се изјаснил=0;Непознато=1;Лица за кои податоците се преземени од административни извори=477"
"MK","mk-municipality-2021-ocha-codab-adm2","municipality","mk-municipality-2021-ocha-codab-adm2:butel","butel","Butel",2021,37968,"2021 Census of Population, Households and Dwellings in the Republic of North Macedonia, State Statistical Office, book (English edition), table T-06 'Total resident population by religious affiliation and sex, by municipalities'. The universe is the total resident population (1,836,713), which includes 132,260 persons whose data were taken from administrative sources. The denominator is each municipality's printed population total.",35101,92.4489,157,0.4135,,,,54.3909,,,"mk-census-2021-book-t06-religion-by-municipality|ocha-codab-mkd-adm2-2025","census_affiliation;total_resident_population_universe;single_select_reported_religion;religious_affiliation_percent_is_summed_affiliation_share;no_religion_percent_is_non_believer_atheist_line_only;undeclared_unknown_admin_sources_residuals_in_denominator_neither_slot;administratively_sourced_component_rendered_as_published_never_repaired;shares_need_not_sum_to_100;single_wave_2002_held_frame_break_no_cross_wave_change;sso_copyright_ships_with_attribution_courtesy_ask_recorded;source_categories_verbatim=Православни=13564;Муслимани (ислам)=17438;Католици=89;Христијани=3936;Протестанти=4;Евангелисти=14;Евангелисти-методисти=11;Јеховини сведоци=12;Друго=33;Не е верник (атеист)=157;Не се изјаснил=31;Непознато=26;Лица за кои податоците се преземени од административни извори=2653"
"MK","mk-municipality-2021-ocha-codab-adm2","municipality","mk-municipality-2021-ocha-codab-adm2:centar","centar","Centar",2021,43893,"2021 Census of Population, Households and Dwellings in the Republic of North Macedonia, State Statistical Office, book (English edition), table T-06 'Total resident population by religious affiliation and sex, by municipalities'. The universe is the total resident population (1,836,713), which includes 132,260 persons whose data were taken from administrative sources. The denominator is each municipality's printed population total.",36390,82.9062,1957,4.4586,,,,7.0328,,,"mk-census-2021-book-t06-religion-by-municipality|ocha-codab-mkd-adm2-2025","census_affiliation;total_resident_population_universe;single_select_reported_religion;religious_affiliation_percent_is_summed_affiliation_share;no_religion_percent_is_non_believer_atheist_line_only;undeclared_unknown_admin_sources_residuals_in_denominator_neither_slot;administratively_sourced_component_rendered_as_published_never_repaired;shares_need_not_sum_to_100;single_wave_2002_held_frame_break_no_cross_wave_change;sso_copyright_ships_with_attribution_courtesy_ask_recorded;source_categories_verbatim=Православни=29412;Муслимани (ислам)=2507;Католици=324;Христијани=3941;Протестанти=35;Евангелисти=34;Евангелисти-методисти=17;Јеховини сведоци=25;Друго=95;Не е верник (атеист)=1957;Не се изјаснил=406;Непознато=127;Лица за кои податоците се преземени од административни извори=5013"
"MK","mk-municipality-2021-ocha-codab-adm2","municipality","mk-municipality-2021-ocha-codab-adm2:centar_zhupa","centar_zhupa","Centar Zhupa",2021,3720,"2021 Census of Population, Households and Dwellings in the Republic of North Macedonia, State Statistical Office, book (English edition), table T-06 'Total resident population by religious affiliation and sex, by municipalities'. The universe is the total resident population (1,836,713), which includes 132,260 persons whose data were taken from administrative sources. The denominator is each municipality's printed population total.",3365,90.457,0,0,,,,103.3835,,,"mk-census-2021-book-t06-religion-by-municipality|ocha-codab-mkd-adm2-2025","census_affiliation;total_resident_population_universe;single_select_reported_religion;religious_affiliation_percent_is_summed_affiliation_share;no_religion_percent_is_non_believer_atheist_line_only;undeclared_unknown_admin_sources_residuals_in_denominator_neither_slot;administratively_sourced_component_rendered_as_published_never_repaired;shares_need_not_sum_to_100;single_wave_2002_held_frame_break_no_cross_wave_change;sso_copyright_ships_with_attribution_courtesy_ask_recorded;source_categories_verbatim=Православни=18;Муслимани (ислам)=3346;Католици=1;Христијани=0;Протестанти=0;Евангелисти=0;Евангелисти-методисти=0;Јеховини сведоци=0;Друго=0;Не е верник (атеист)=0;Не се изјаснил=0;Непознато=1;Лица за кои податоците се преземени од административни извори=354"
"MK","mk-municipality-2021-ocha-codab-adm2","municipality","mk-municipality-2021-ocha-codab-adm2:chair","chair","Chair",2021,62586,"2021 Census of Population, Households and Dwellings in the Republic of North Macedonia, State Statistical Office, book (English edition), table T-06 'Total resident population by religious affiliation and sex, by municipalities'. The universe is the total resident population (1,836,713), which includes 132,260 persons whose data were taken from administrative sources. The denominator is each municipality's printed population total.",56231,89.846,73,0.1166,,,,3.4828,,,"mk-census-2021-book-t06-religion-by-municipality|ocha-codab-mkd-adm2-2025","census_affiliation;total_resident_population_universe;single_select_reported_religion;religious_affiliation_percent_is_summed_affiliation_share;no_religion_percent_is_non_believer_atheist_line_only;undeclared_unknown_admin_sources_residuals_in_denominator_neither_slot;administratively_sourced_component_rendered_as_published_never_repaired;shares_need_not_sum_to_100;single_wave_2002_held_frame_break_no_cross_wave_change;sso_copyright_ships_with_attribution_courtesy_ask_recorded;source_categories_verbatim=Православни=3050;Муслимани (ислам)=50755;Католици=151;Христијани=2121;Протестанти=61;Евангелисти=5;Евангелисти-методисти=0;Јеховини сведоци=69;Друго=19;Не е верник (атеист)=73;Не се изјаснил=40;Непознато=16;Лица за кои податоците се преземени од административни извори=6226"
"MK","mk-municipality-2021-ocha-codab-adm2","municipality","mk-municipality-2021-ocha-codab-adm2:chashka","chashka","Chashka",2021,7942,"2021 Census of Population, Households and Dwellings in the Republic of North Macedonia, State Statistical Office, book (English edition), table T-06 'Total resident population by religious affiliation and sex, by municipalities'. The universe is the total resident population (1,836,713), which includes 132,260 persons whose data were taken from administrative sources. The denominator is each municipality's printed population total.",7626,96.0212,3,0.0378,,,,818.5089,,,"mk-census-2021-book-t06-religion-by-municipality|ocha-codab-mkd-adm2-2025","census_affiliation;total_resident_population_universe;single_select_reported_religion;religious_affiliation_percent_is_summed_affiliation_share;no_religion_percent_is_non_believer_atheist_line_only;undeclared_unknown_admin_sources_residuals_in_denominator_neither_slot;administratively_sourced_component_rendered_as_published_never_repaired;shares_need_not_sum_to_100;single_wave_2002_held_frame_break_no_cross_wave_change;sso_copyright_ships_with_attribution_courtesy_ask_recorded;source_categories_verbatim=Православни=909;Муслимани (ислам)=4710;Католици=10;Христијани=1994;Протестанти=0;Евангелисти=0;Евангелисти-методисти=0;Јеховини сведоци=0;Друго=3;Не е верник (атеист)=3;Не се изјаснил=3;Непознато=8;Лица за кои податоците се преземени од административни извори=302"
"MK","mk-municipality-2021-ocha-codab-adm2","municipality","mk-municipality-2021-ocha-codab-adm2:cheshinovo_obleshevo","cheshinovo_obleshevo","Cheshinovo - Obleshevo",2021,5471,"2021 Census of Population, Households and Dwellings in the Republic of North Macedonia, State Statistical Office, book (English edition), table T-06 'Total resident population by religious affiliation and sex, by municipalities'. The universe is the total resident population (1,836,713), which includes 132,260 persons whose data were taken from administrative sources. The denominator is each municipality's printed population total.",5245,95.8691,3,0.0548,,,,132.2612,,,"mk-census-2021-book-t06-religion-by-municipality|ocha-codab-mkd-adm2-2025","census_affiliation;total_resident_population_universe;single_select_reported_religion;religious_affiliation_percent_is_summed_affiliation_share;no_religion_percent_is_non_believer_atheist_line_only;undeclared_unknown_admin_sources_residuals_in_denominator_neither_slot;administratively_sourced_component_rendered_as_published_never_repaired;shares_need_not_sum_to_100;single_wave_2002_held_frame_break_no_cross_wave_change;sso_copyright_ships_with_attribution_courtesy_ask_recorded;source_categories_verbatim=Православни=4343;Муслимани (ислам)=5;Католици=2;Христијани=887;Протестанти=1;Евангелисти=2;Евангелисти-методисти=0;Јеховини сведоци=4;Друго=1;Не е верник (атеист)=3;Не се изјаснил=0;Непознато=0;Лица за кои податоците се преземени од административни извори=223"
"MK","mk-municipality-2021-ocha-codab-adm2","municipality","mk-municipality-2021-ocha-codab-adm2:chucher_sandevo","chucher_sandevo","Chucher - Sandevo",2021,9200,"2021 Census of Population, Households and Dwellings in the Republic of North Macedonia, State Statistical Office, book (English edition), table T-06 'Total resident population by religious affiliation and sex, by municipalities'. The universe is the total resident population (1,836,713), which includes 132,260 persons whose data were taken from administrative sources. The denominator is each municipality's printed population total.",8421,91.5326,11,0.1196,,,,236.5375,,,"mk-census-2021-book-t06-religion-by-municipality|ocha-codab-mkd-adm2-2025","census_affiliation;total_resident_population_universe;single_select_reported_religion;religious_affiliation_percent_is_summed_affiliation_share;no_religion_percent_is_non_believer_atheist_line_only;undeclared_unknown_admin_sources_residuals_in_denominator_neither_slot;administratively_sourced_component_rendered_as_published_never_repaired;shares_need_not_sum_to_100;single_wave_2002_held_frame_break_no_cross_wave_change;sso_copyright_ships_with_attribution_courtesy_ask_recorded;source_categories_verbatim=Православни=5354;Муслимани (ислам)=1363;Католици=15;Христијани=1675;Протестанти=2;Евангелисти=5;Евангелисти-методисти=2;Јеховини сведоци=1;Друго=4;Не е верник (атеист)=11;Не се изјаснил=3;Непознато=1;Лица за кои податоците се преземени од административни извори=764"
"MK","mk-municipality-2021-ocha-codab-adm2","municipality","mk-municipality-2021-ocha-codab-adm2:debar","debar","Debar",2021,15412,"2021 Census of Population, Households and Dwellings in the Republic of North Macedonia, State Statistical Office, book (English edition), table T-06 'Total resident population by religious affiliation and sex, by municipalities'. The universe is the total resident population (1,836,713), which includes 132,260 persons whose data were taken from administrative sources. The denominator is each municipality's printed population total.",13899,90.183,1,0.0065,,,,150.0146,,,"mk-census-2021-book-t06-religion-by-municipality|ocha-codab-mkd-adm2-2025","census_affiliation;total_resident_population_universe;single_select_reported_religion;religious_affiliation_percent_is_summed_affiliation_share;no_religion_percent_is_non_believer_atheist_line_only;undeclared_unknown_admin_sources_residuals_in_denominator_neither_slot;administratively_sourced_component_rendered_as_published_never_repaired;shares_need_not_sum_to_100;single_wave_2002_held_frame_break_no_cross_wave_change;sso_copyright_ships_with_attribution_courtesy_ask_recorded;source_categories_verbatim=Православни=220;Муслимани (ислам)=13611;Католици=2;Христијани=61;Протестанти=1;Евангелисти=0;Евангелисти-методисти=0;Јеховини сведоци=1;Друго=3;Не е верник (атеист)=1;Не се изјаснил=4;Непознато=9;Лица за кои податоците се преземени од административни извори=1499"
"MK","mk-municipality-2021-ocha-codab-adm2","municipality","mk-municipality-2021-ocha-codab-adm2:debarca","debarca","Debarca",2021,3719,"2021 Census of Population, Households and Dwellings in the Republic of North Macedonia, State Statistical Office, book (English edition), table T-06 'Total resident population by religious affiliation and sex, by municipalities'. The universe is the total resident population (1,836,713), which includes 132,260 persons whose data were taken from administrative sources. The denominator is each municipality's printed population total.",3403,91.5031,0,0,,,,422.0472,,,"mk-census-2021-book-t06-religion-by-municipality|ocha-codab-mkd-adm2-2025","census_affiliation;total_resident_population_universe;single_select_reported_religion;religious_affiliation_percent_is_summed_affiliation_share;no_religion_percent_is_non_believer_atheist_line_only;undeclared_unknown_admin_sources_residuals_in_denominator_neither_slot;administratively_sourced_component_rendered_as_published_never_repaired;shares_need_not_sum_to_100;single_wave_2002_held_frame_break_no_cross_wave_change;sso_copyright_ships_with_attribution_courtesy_ask_recorded;source_categories_verbatim=Православни=2893;Муслимани (ислам)=76;Католици=5;Христијани=428;Протестанти=0;Евангелисти=0;Евангелисти-методисти=0;Јеховини сведоци=0;Друго=1;Не е верник (атеист)=0;Не се изјаснил=0;Непознато=0;Лица за кои податоците се преземени од административни извори=316"
"MK","mk-municipality-2021-ocha-codab-adm2","municipality","mk-municipality-2021-ocha-codab-adm2:delchevo","delchevo","Delchevo",2021,13585,"2021 Census of Population, Households and Dwellings in the Republic of North Macedonia, State Statistical Office, book (English edition), table T-06 'Total resident population by religious affiliation and sex, by municipalities'. The universe is the total resident population (1,836,713), which includes 132,260 persons whose data were taken from administrative sources. The denominator is each municipality's printed population total.",12663,93.2131,11,0.081,,,,421.8257,,,"mk-census-2021-book-t06-religion-by-municipality|ocha-codab-mkd-adm2-2025","census_affiliation;total_resident_population_universe;single_select_reported_religion;religious_affiliation_percent_is_summed_affiliation_share;no_religion_percent_is_non_believer_atheist_line_only;undeclared_unknown_admin_sources_residuals_in_denominator_neither_slot;administratively_sourced_component_rendered_as_published_never_repaired;shares_need_not_sum_to_100;single_wave_2002_held_frame_break_no_cross_wave_change;sso_copyright_ships_with_attribution_courtesy_ask_recorded;source_categories_verbatim=Православни=5709;Муслимани (ислам)=694;Католици=4;Христијани=6253;Протестанти=0;Евангелисти=1;Евангелисти-методисти=0;Јеховини сведоци=0;Друго=2;Не е верник (атеист)=11;Не се изјаснил=3;Непознато=3;Лица за кои податоците се преземени од административни извори=905"
"MK","mk-municipality-2021-ocha-codab-adm2","municipality","mk-municipality-2021-ocha-codab-adm2:demir_hisar","demir_hisar","Demir Hisar",2021,7260,"2021 Census of Population, Households and Dwellings in the Republic of North Macedonia, State Statistical Office, book (English edition), table T-06 'Total resident population by religious affiliation and sex, by municipalities'. The universe is the total resident population (1,836,713), which includes 132,260 persons whose data were taken from administrative sources. The denominator is each municipality's printed population total.",6987,96.2397,4,0.0551,,,,480.491,,,"mk-census-2021-book-t06-religion-by-municipality|ocha-codab-mkd-adm2-2025","census_affiliation;total_resident_population_universe;single_select_reported_religion;religious_affiliation_percent_is_summed_affiliation_share;no_religion_percent_is_non_believer_atheist_line_only;undeclared_unknown_admin_sources_residuals_in_denominator_neither_slot;administratively_sourced_component_rendered_as_published_never_repaired;shares_need_not_sum_to_100;single_wave_2002_held_frame_break_no_cross_wave_change;sso_copyright_ships_with_attribution_courtesy_ask_recorded;source_categories_verbatim=Православни=3873;Муслимани (ислам)=244;Католици=19;Христијани=2850;Протестанти=0;Евангелисти=0;Евангелисти-методисти=0;Јеховини сведоци=0;Друго=1;Не е верник (атеист)=4;Не се изјаснил=0;Непознато=0;Лица за кои податоците се преземени од административни извори=269"
"MK","mk-municipality-2021-ocha-codab-adm2","municipality","mk-municipality-2021-ocha-codab-adm2:demir_kapija","demir_kapija","Demir Kapija",2021,3777,"2021 Census of Population, Households and Dwellings in the Republic of North Macedonia, State Statistical Office, book (English edition), table T-06 'Total resident population by religious affiliation and sex, by municipalities'. The universe is the total resident population (1,836,713), which includes 132,260 persons whose data were taken from administrative sources. The denominator is each municipality's printed population total.",3645,96.5052,2,0.053,,,,311.2158,,,"mk-census-2021-book-t06-religion-by-municipality|ocha-codab-mkd-adm2-2025","census_affiliation;total_resident_population_universe;single_select_reported_religion;religious_affiliation_percent_is_summed_affiliation_share;no_religion_percent_is_non_believer_atheist_line_only;undeclared_unknown_admin_sources_residuals_in_denominator_neither_slot;administratively_sourced_component_rendered_as_published_never_repaired;shares_need_not_sum_to_100;single_wave_2002_held_frame_break_no_cross_wave_change;sso_copyright_ships_with_attribution_courtesy_ask_recorded;source_categories_verbatim=Православни=3032;Муслимани (ислам)=419;Католици=23;Христијани=161;Протестанти=2;Евангелисти=0;Евангелисти-методисти=0;Јеховини сведоци=0;Друго=8;Не е верник (атеист)=2;Не се изјаснил=3;Непознато=12;Лица за кои податоците се преземени од административни извори=115"
"MK","mk-municipality-2021-ocha-codab-adm2","municipality","mk-municipality-2021-ocha-codab-adm2:dojran","dojran","Dojran",2021,3084,"2021 Census of Population, Households and Dwellings in the Republic of North Macedonia, State Statistical Office, book (English edition), table T-06 'Total resident population by religious affiliation and sex, by municipalities'. The universe is the total resident population (1,836,713), which includes 132,260 persons whose data were taken from administrative sources. The denominator is each municipality's printed population total.",2955,95.8171,8,0.2594,,,,129.3446,,,"mk-census-2021-book-t06-religion-by-municipality|ocha-codab-mkd-adm2-2025","census_affiliation;total_resident_population_universe;single_select_reported_religion;religious_affiliation_percent_is_summed_affiliation_share;no_religion_percent_is_non_believer_atheist_line_only;undeclared_unknown_admin_sources_residuals_in_denominator_neither_slot;administratively_sourced_component_rendered_as_published_never_repaired;shares_need_not_sum_to_100;single_wave_2002_held_frame_break_no_cross_wave_change;sso_copyright_ships_with_attribution_courtesy_ask_recorded;source_categories_verbatim=Православни=535;Муслимани (ислам)=309;Католици=8;Христијани=2101;Протестанти=1;Евангелисти=1;Евангелисти-методисти=0;Јеховини сведоци=0;Друго=0;Не е верник (атеист)=8;Не се изјаснил=1;Непознато=0;Лица за кои податоците се преземени од административни извори=120"
"MK","mk-municipality-2021-ocha-codab-adm2","municipality","mk-municipality-2021-ocha-codab-adm2:dolneni","dolneni","Dolneni",2021,13126,"2021 Census of Population, Households and Dwellings in the Republic of North Macedonia, State Statistical Office, book (English edition), table T-06 'Total resident population by religious affiliation and sex, by municipalities'. The universe is the total resident population (1,836,713), which includes 132,260 persons whose data were taken from administrative sources. The denominator is each municipality's printed population total.",12753,97.1583,1,0.0076,,,,412.02,,,"mk-census-2021-book-t06-religion-by-municipality|ocha-codab-mkd-adm2-2025","census_affiliation;total_resident_population_universe;single_select_reported_religion;religious_affiliation_percent_is_summed_affiliation_share;no_religion_percent_is_non_believer_atheist_line_only;undeclared_unknown_admin_sources_residuals_in_denominator_neither_slot;administratively_sourced_component_rendered_as_published_never_repaired;shares_need_not_sum_to_100;single_wave_2002_held_frame_break_no_cross_wave_change;sso_copyright_ships_with_attribution_courtesy_ask_recorded;source_categories_verbatim=Православни=3585;Муслимани (ислам)=8873;Католици=32;Христијани=258;Протестанти=1;Евангелисти=0;Евангелисти-методисти=0;Јеховини сведоци=0;Друго=4;Не е верник (атеист)=1;Не се изјаснил=0;Непознато=0;Лица за кои податоците се преземени од административни извори=372"
"MK","mk-municipality-2021-ocha-codab-adm2","municipality","mk-municipality-2021-ocha-codab-adm2:gazi_baba","gazi_baba","Gazi Baba",2021,69626,"2021 Census of Population, Households and Dwellings in the Republic of North Macedonia, State Statistical Office, book (English edition), table T-06 'Total resident population by religious affiliation and sex, by municipalities'. The universe is the total resident population (1,836,713), which includes 132,260 persons whose data were taken from administrative sources. The denominator is each municipality's printed population total.",64294,92.3419,253,0.3634,,,,111.4073,,,"mk-census-2021-book-t06-religion-by-municipality|ocha-codab-mkd-adm2-2025","census_affiliation;total_resident_population_universe;single_select_reported_religion;religious_affiliation_percent_is_summed_affiliation_share;no_religion_percent_is_non_believer_atheist_line_only;undeclared_unknown_admin_sources_residuals_in_denominator_neither_slot;administratively_sourced_component_rendered_as_published_never_repaired;shares_need_not_sum_to_100;single_wave_2002_held_frame_break_no_cross_wave_change;sso_copyright_ships_with_attribution_courtesy_ask_recorded;source_categories_verbatim=Православни=38116;Муслимани (ислам)=17476;Католици=148;Христијани=8351;Протестанти=34;Евангелисти=30;Евангелисти-методисти=17;Јеховини сведоци=86;Друго=36;Не е верник (атеист)=253;Не се изјаснил=49;Непознато=28;Лица за кои податоците се преземени од административни извори=5002"
"MK","mk-municipality-2021-ocha-codab-adm2","municipality","mk-municipality-2021-ocha-codab-adm2:gevgelija","gevgelija","Gevgelija",2021,21582,"2021 Census of Population, Households and Dwellings in the Republic of North Macedonia, State Statistical Office, book (English edition), table T-06 'Total resident population by religious affiliation and sex, by municipalities'. The universe is the total resident population (1,836,713), which includes 132,260 persons whose data were taken from administrative sources. The denominator is each municipality's printed population total.",20440,94.7086,72,0.3336,,,,481.7646,,,"mk-census-2021-book-t06-religion-by-municipality|ocha-codab-mkd-adm2-2025","census_affiliation;total_resident_population_universe;single_select_reported_religion;religious_affiliation_percent_is_summed_affiliation_share;no_religion_percent_is_non_believer_atheist_line_only;undeclared_unknown_admin_sources_residuals_in_denominator_neither_slot;administratively_sourced_component_rendered_as_published_never_repaired;shares_need_not_sum_to_100;single_wave_2002_held_frame_break_no_cross_wave_change;sso_copyright_ships_with_attribution_courtesy_ask_recorded;source_categories_verbatim=Православни=14542;Муслимани (ислам)=104;Католици=109;Христијани=5623;Протестанти=12;Евангелисти=3;Евангелисти-методисти=3;Јеховини сведоци=19;Друго=25;Не е верник (атеист)=72;Не се изјаснил=17;Непознато=6;Лица за кои податоците се преземени од административни извори=1047"
"MK","mk-municipality-2021-ocha-codab-adm2","municipality","mk-municipality-2021-ocha-codab-adm2:gjorche_petrov","gjorche_petrov","Gjorche Petrov",2021,44844,"2021 Census of Population, Households and Dwellings in the Republic of North Macedonia, State Statistical Office, book (English edition), table T-06 'Total resident population by religious affiliation and sex, by municipalities'. The universe is the total resident population (1,836,713), which includes 132,260 persons whose data were taken from administrative sources. The denominator is each municipality's printed population total.",41091,91.631,321,0.7158,,,,67.1473,,,"mk-census-2021-book-t06-religion-by-municipality|ocha-codab-mkd-adm2-2025","census_affiliation;total_resident_population_universe;single_select_reported_religion;religious_affiliation_percent_is_summed_affiliation_share;no_religion_percent_is_non_believer_atheist_line_only;undeclared_unknown_admin_sources_residuals_in_denominator_neither_slot;administratively_sourced_component_rendered_as_published_never_repaired;shares_need_not_sum_to_100;single_wave_2002_held_frame_break_no_cross_wave_change;sso_copyright_ships_with_attribution_courtesy_ask_recorded;source_categories_verbatim=Православни=32319;Муслимани (ислам)=3680;Католици=189;Христијани=4755;Протестанти=20;Евангелисти=27;Евангелисти-методисти=5;Јеховини сведоци=27;Друго=69;Не е верник (атеист)=321;Не се изјаснил=97;Непознато=24;Лица за кои податоците се преземени од административни извори=3311"
"MK","mk-municipality-2021-ocha-codab-adm2","municipality","mk-municipality-2021-ocha-codab-adm2:gostivar","gostivar","Gostivar",2021,59770,"2021 Census of Population, Households and Dwellings in the Republic of North Macedonia, State Statistical Office, book (English edition), table T-06 'Total resident population by religious affiliation and sex, by municipalities'. The universe is the total resident population (1,836,713), which includes 132,260 persons whose data were taken from administrative sources. The denominator is each municipality's printed population total.",56342,94.2647,6,0.01,,,,514.3508,,,"mk-census-2021-book-t06-religion-by-municipality|ocha-codab-mkd-adm2-2025","census_affiliation;total_resident_population_universe;single_select_reported_religion;religious_affiliation_percent_is_summed_affiliation_share;no_religion_percent_is_non_believer_atheist_line_only;undeclared_unknown_admin_sources_residuals_in_denominator_neither_slot;administratively_sourced_component_rendered_as_published_never_repaired;shares_need_not_sum_to_100;single_wave_2002_held_frame_break_no_cross_wave_change;sso_copyright_ships_with_attribution_courtesy_ask_recorded;source_categories_verbatim=Православни=8823;Муслимани (ислам)=43459;Католици=187;Христијани=3838;Протестанти=6;Евангелисти=0;Евангелисти-методисти=1;Јеховини сведоци=0;Друго=28;Не е верник (атеист)=6;Не се изјаснил=5;Непознато=8;Лица за кои податоците се преземени од административни извори=3409"
"MK","mk-municipality-2021-ocha-codab-adm2","municipality","mk-municipality-2021-ocha-codab-adm2:gradsko","gradsko","Gradsko",2021,3233,"2021 Census of Population, Households and Dwellings in the Republic of North Macedonia, State Statistical Office, book (English edition), table T-06 'Total resident population by religious affiliation and sex, by municipalities'. The universe is the total resident population (1,836,713), which includes 132,260 persons whose data were taken from administrative sources. The denominator is each municipality's printed population total.",3098,95.8243,0,0,,,,236.2203,,,"mk-census-2021-book-t06-religion-by-municipality|ocha-codab-mkd-adm2-2025","census_affiliation;total_resident_population_universe;single_select_reported_religion;religious_affiliation_percent_is_summed_affiliation_share;no_religion_percent_is_non_believer_atheist_line_only;undeclared_unknown_admin_sources_residuals_in_denominator_neither_slot;administratively_sourced_component_rendered_as_published_never_repaired;shares_need_not_sum_to_100;single_wave_2002_held_frame_break_no_cross_wave_change;sso_copyright_ships_with_attribution_courtesy_ask_recorded;source_categories_verbatim=Православни=965;Муслимани (ислам)=740;Католици=7;Христијани=1386;Протестанти=0;Евангелисти=0;Евангелисти-методисти=0;Јеховини сведоци=0;Друго=0;Не е верник (атеист)=0;Не се изјаснил=2;Непознато=0;Лица за кои податоците се преземени од административни извори=133"
"MK","mk-municipality-2021-ocha-codab-adm2","municipality","mk-municipality-2021-ocha-codab-adm2:ilinden","ilinden","Ilinden",2021,17435,"2021 Census of Population, Households and Dwellings in the Republic of North Macedonia, State Statistical Office, book (English edition), table T-06 'Total resident population by religious affiliation and sex, by municipalities'. The universe is the total resident population (1,836,713), which includes 132,260 persons whose data were taken from administrative sources. The denominator is each municipality's printed population total.",16348,93.7654,18,0.1032,,,,96.6709,,,"mk-census-2021-book-t06-religion-by-municipality|ocha-codab-mkd-adm2-2025","census_affiliation;total_resident_population_universe;single_select_reported_religion;religious_affiliation_percent_is_summed_affiliation_share;no_religion_percent_is_non_believer_atheist_line_only;undeclared_unknown_admin_sources_residuals_in_denominator_neither_slot;administratively_sourced_component_rendered_as_published_never_repaired;shares_need_not_sum_to_100;single_wave_2002_held_frame_break_no_cross_wave_change;sso_copyright_ships_with_attribution_courtesy_ask_recorded;source_categories_verbatim=Православни=14538;Муслимани (ислам)=855;Католици=27;Христијани=912;Протестанти=7;Евангелисти=1;Евангелисти-методисти=0;Јеховини сведоци=3;Друго=5;Не е верник (атеист)=18;Не се изјаснил=11;Непознато=8;Лица за кои податоците се преземени од административни извори=1050"
"MK","mk-municipality-2021-ocha-codab-adm2","municipality","mk-municipality-2021-ocha-codab-adm2:jegunovce","jegunovce","Jegunovce",2021,8895,"2021 Census of Population, Households and Dwellings in the Republic of North Macedonia, State Statistical Office, book (English edition), table T-06 'Total resident population by religious affiliation and sex, by municipalities'. The universe is the total resident population (1,836,713), which includes 132,260 persons whose data were taken from administrative sources. The denominator is each municipality's printed population total.",8365,94.0416,11,0.1237,,,,176.5378,,,"mk-census-2021-book-t06-religion-by-municipality|ocha-codab-mkd-adm2-2025","census_affiliation;total_resident_population_universe;single_select_reported_religion;religious_affiliation_percent_is_summed_affiliation_share;no_religion_percent_is_non_believer_atheist_line_only;undeclared_unknown_admin_sources_residuals_in_denominator_neither_slot;administratively_sourced_component_rendered_as_published_never_repaired;shares_need_not_sum_to_100;single_wave_2002_held_frame_break_no_cross_wave_change;sso_copyright_ships_with_attribution_courtesy_ask_recorded;source_categories_verbatim=Православни=3795;Муслимани (ислам)=3522;Католици=21;Христијани=1026;Протестанти=1;Евангелисти=0;Евангелисти-методисти=0;Јеховини сведоци=0;Друго=0;Не е верник (атеист)=11;Не се изјаснил=1;Непознато=0;Лица за кои податоците се преземени од административни извори=518"
"MK","mk-municipality-2021-ocha-codab-adm2","municipality","mk-municipality-2021-ocha-codab-adm2:karbinci","karbinci","Karbinci",2021,3420,"2021 Census of Population, Households and Dwellings in the Republic of North Macedonia, State Statistical Office, book (English edition), table T-06 'Total resident population by religious affiliation and sex, by municipalities'. The universe is the total resident population (1,836,713), which includes 132,260 persons whose data were taken from administrative sources. The denominator is each municipality's printed population total.",3051,89.2105,1,0.0292,,,,230.0504,,,"mk-census-2021-book-t06-religion-by-municipality|ocha-codab-mkd-adm2-2025","census_affiliation;total_resident_population_universe;single_select_reported_religion;religious_affiliation_percent_is_summed_affiliation_share;no_religion_percent_is_non_believer_atheist_line_only;undeclared_unknown_admin_sources_residuals_in_denominator_neither_slot;administratively_sourced_component_rendered_as_published_never_repaired;shares_need_not_sum_to_100;single_wave_2002_held_frame_break_no_cross_wave_change;sso_copyright_ships_with_attribution_courtesy_ask_recorded;source_categories_verbatim=Православни=113;Муслимани (ислам)=865;Католици=0;Христијани=2069;Протестанти=3;Евангелисти=0;Евангелисти-методисти=0;Јеховини сведоци=0;Друго=1;Не е верник (атеист)=1;Не се изјаснил=0;Непознато=0;Лица за кои податоците се преземени од административни извори=368"
"MK","mk-municipality-2021-ocha-codab-adm2","municipality","mk-municipality-2021-ocha-codab-adm2:karposh","karposh","Karposh",2021,63760,"2021 Census of Population, Households and Dwellings in the Republic of North Macedonia, State Statistical Office, book (English edition), table T-06 'Total resident population by religious affiliation and sex, by municipalities'. The universe is the total resident population (1,836,713), which includes 132,260 persons whose data were taken from administrative sources. The denominator is each municipality's printed population total.",56083,87.9595,1794,2.8137,,,,36.1822,,,"mk-census-2021-book-t06-religion-by-municipality|ocha-codab-mkd-adm2-2025","census_affiliation;total_resident_population_universe;single_select_reported_religion;religious_affiliation_percent_is_summed_affiliation_share;no_religion_percent_is_non_believer_atheist_line_only;undeclared_unknown_admin_sources_residuals_in_denominator_neither_slot;administratively_sourced_component_rendered_as_published_never_repaired;shares_need_not_sum_to_100;single_wave_2002_held_frame_break_no_cross_wave_change;sso_copyright_ships_with_attribution_courtesy_ask_recorded;source_categories_verbatim=Православни=44939;Муслимани (ислам)=3629;Католици=410;Христијани=6772;Протестанти=92;Евангелисти=44;Евангелисти-методисти=23;Јеховини сведоци=50;Друго=124;Не е верник (атеист)=1794;Не се изјаснил=393;Непознато=142;Лица за кои податоците се преземени од административни извори=5348"
"MK","mk-municipality-2021-ocha-codab-adm2","municipality","mk-municipality-2021-ocha-codab-adm2:kavadarci","kavadarci","Kavadarci",2021,35733,"2021 Census of Population, Households and Dwellings in the Republic of North Macedonia, State Statistical Office, book (English edition), table T-06 'Total resident population by religious affiliation and sex, by municipalities'. The universe is the total resident population (1,836,713), which includes 132,260 persons whose data were taken from administrative sources. The denominator is each municipality's printed population total.",33182,92.8609,86,0.2407,,,,1003.6271,,,"mk-census-2021-book-t06-religion-by-municipality|ocha-codab-mkd-adm2-2025","census_affiliation;total_resident_population_universe;single_select_reported_religion;religious_affiliation_percent_is_summed_affiliation_share;no_religion_percent_is_non_believer_atheist_line_only;undeclared_unknown_admin_sources_residuals_in_denominator_neither_slot;administratively_sourced_component_rendered_as_published_never_repaired;shares_need_not_sum_to_100;single_wave_2002_held_frame_break_no_cross_wave_change;sso_copyright_ships_with_attribution_courtesy_ask_recorded;source_categories_verbatim=Православни=22060;Муслимани (ислам)=1157;Католици=25;Христијани=9859;Протестанти=24;Евангелисти=13;Евангелисти-методисти=1;Јеховини сведоци=12;Друго=31;Не е верник (атеист)=86;Не се изјаснил=9;Непознато=28;Лица за кои податоците се преземени од административни извори=2428"
"MK","mk-municipality-2021-ocha-codab-adm2","municipality","mk-municipality-2021-ocha-codab-adm2:kichevo","kichevo","Kichevo",2021,39669,"2021 Census of Population, Households and Dwellings in the Republic of North Macedonia, State Statistical Office, book (English edition), table T-06 'Total resident population by religious affiliation and sex, by municipalities'. The universe is the total resident population (1,836,713), which includes 132,260 persons whose data were taken from administrative sources. The denominator is each municipality's printed population total.",37232,93.8567,22,0.0555,,,,824.4667,,,"mk-census-2021-book-t06-religion-by-municipality|ocha-codab-mkd-adm2-2025","census_affiliation;total_resident_population_universe;single_select_reported_religion;religious_affiliation_percent_is_summed_affiliation_share;no_religion_percent_is_non_believer_atheist_line_only;undeclared_unknown_admin_sources_residuals_in_denominator_neither_slot;administratively_sourced_component_rendered_as_published_never_repaired;shares_need_not_sum_to_100;single_wave_2002_held_frame_break_no_cross_wave_change;sso_copyright_ships_with_attribution_courtesy_ask_recorded;source_categories_verbatim=Православни=12503;Муслимани (ислам)=21056;Католици=59;Христијани=3606;Протестанти=1;Евангелисти=0;Евангелисти-методисти=0;Јеховини сведоци=3;Друго=4;Не е верник (атеист)=22;Не се изјаснил=6;Непознато=4;Лица за кои податоците се преземени од административни извори=2405"
"MK","mk-municipality-2021-ocha-codab-adm2","municipality","mk-municipality-2021-ocha-codab-adm2:kisela_voda","kisela_voda","Kisela Voda",2021,61965,"2021 Census of Population, Households and Dwellings in the Republic of North Macedonia, State Statistical Office, book (English edition), table T-06 'Total resident population by religious affiliation and sex, by municipalities'. The universe is the total resident population (1,836,713), which includes 132,260 persons whose data were taken from administrative sources. The denominator is each municipality's printed population total.",55603,89.7329,718,1.1587,,,,33.7413,,,"mk-census-2021-book-t06-religion-by-municipality|ocha-codab-mkd-adm2-2025","census_affiliation;total_resident_population_universe;single_select_reported_religion;religious_affiliation_percent_is_summed_affiliation_share;no_religion_percent_is_non_believer_atheist_line_only;undeclared_unknown_admin_sources_residuals_in_denominator_neither_slot;administratively_sourced_component_rendered_as_published_never_repaired;shares_need_not_sum_to_100;single_wave_2002_held_frame_break_no_cross_wave_change;sso_copyright_ships_with_attribution_courtesy_ask_recorded;source_categories_verbatim=Православни=44426;Муслимани (ислам)=2267;Католици=233;Христијани=8511;Протестанти=43;Евангелисти=26;Евангелисти-методисти=15;Јеховини сведоци=29;Друго=53;Не е верник (атеист)=718;Не се изјаснил=153;Непознато=52;Лица за кои податоците се преземени од административни извори=5439"
"MK","mk-municipality-2021-ocha-codab-adm2","municipality","mk-municipality-2021-ocha-codab-adm2:kochani","kochani","Kochani",2021,31602,"2021 Census of Population, Households and Dwellings in the Republic of North Macedonia, State Statistical Office, book (English edition), table T-06 'Total resident population by religious affiliation and sex, by municipalities'. The universe is the total resident population (1,836,713), which includes 132,260 persons whose data were taken from administrative sources. The denominator is each municipality's printed population total.",29151,92.2442,45,0.1424,,,,359.3666,,,"mk-census-2021-book-t06-religion-by-municipality|ocha-codab-mkd-adm2-2025","census_affiliation;total_resident_population_universe;single_select_reported_religion;religious_affiliation_percent_is_summed_affiliation_share;no_religion_percent_is_non_believer_atheist_line_only;undeclared_unknown_admin_sources_residuals_in_denominator_neither_slot;administratively_sourced_component_rendered_as_published_never_repaired;shares_need_not_sum_to_100;single_wave_2002_held_frame_break_no_cross_wave_change;sso_copyright_ships_with_attribution_courtesy_ask_recorded;source_categories_verbatim=Православни=16982;Муслимани (ислам)=2069;Католици=12;Христијани=9976;Протестанти=19;Евангелисти=31;Евангелисти-методисти=7;Јеховини сведоци=35;Друго=20;Не е верник (атеист)=45;Не се изјаснил=4;Непознато=3;Лица за кои податоците се преземени од административни извори=2399"
"MK","mk-municipality-2021-ocha-codab-adm2","municipality","mk-municipality-2021-ocha-codab-adm2:konche","konche","Konche",2021,2725,"2021 Census of Population, Households and Dwellings in the Republic of North Macedonia, State Statistical Office, book (English edition), table T-06 'Total resident population by religious affiliation and sex, by municipalities'. The universe is the total resident population (1,836,713), which includes 132,260 persons whose data were taken from administrative sources. The denominator is each municipality's printed population total.",2559,93.9083,0,0,,,,232.9007,,,"mk-census-2021-book-t06-religion-by-municipality|ocha-codab-mkd-adm2-2025","census_affiliation;total_resident_population_universe;single_select_reported_religion;religious_affiliation_percent_is_summed_affiliation_share;no_religion_percent_is_non_believer_atheist_line_only;undeclared_unknown_admin_sources_residuals_in_denominator_neither_slot;administratively_sourced_component_rendered_as_published_never_repaired;shares_need_not_sum_to_100;single_wave_2002_held_frame_break_no_cross_wave_change;sso_copyright_ships_with_attribution_courtesy_ask_recorded;source_categories_verbatim=Православни=1947;Муслимани (ислам)=607;Католици=3;Христијани=2;Протестанти=0;Евангелисти=0;Евангелисти-методисти=0;Јеховини сведоци=0;Друго=0;Не е верник (атеист)=0;Не се изјаснил=0;Непознато=0;Лица за кои податоците се преземени од административни извори=166"
"MK","mk-municipality-2021-ocha-codab-adm2","municipality","mk-municipality-2021-ocha-codab-adm2:kratovo","kratovo","Kratovo",2021,7545,"2021 Census of Population, Households and Dwellings in the Republic of North Macedonia, State Statistical Office, book (English edition), table T-06 'Total resident population by religious affiliation and sex, by municipalities'. The universe is the total resident population (1,836,713), which includes 132,260 persons whose data were taken from administrative sources. The denominator is each municipality's printed population total.",7090,93.9695,12,0.159,,,,375.778,,,"mk-census-2021-book-t06-religion-by-municipality|ocha-codab-mkd-adm2-2025","census_affiliation;total_resident_population_universe;single_select_reported_religion;religious_affiliation_percent_is_summed_affiliation_share;no_religion_percent_is_non_believer_atheist_line_only;undeclared_unknown_admin_sources_residuals_in_denominator_neither_slot;administratively_sourced_component_rendered_as_published_never_repaired;shares_need_not_sum_to_100;single_wave_2002_held_frame_break_no_cross_wave_change;sso_copyright_ships_with_attribution_courtesy_ask_recorded;source_categories_verbatim=Православни=6059;Муслимани (ислам)=108;Католици=4;Христијани=904;Протестанти=0;Евангелисти=1;Евангелисти-методисти=0;Јеховини сведоци=13;Друго=1;Не е верник (атеист)=12;Не се изјаснил=4;Непознато=2;Лица за кои податоците се преземени од административни извори=437"
"MK","mk-municipality-2021-ocha-codab-adm2","municipality","mk-municipality-2021-ocha-codab-adm2:kriva_palanka","kriva_palanka","Kriva Palanka",2021,18059,"2021 Census of Population, Households and Dwellings in the Republic of North Macedonia, State Statistical Office, book (English edition), table T-06 'Total resident population by religious affiliation and sex, by municipalities'. The universe is the total resident population (1,836,713), which includes 132,260 persons whose data were taken from administrative sources. The denominator is each municipality's printed population total.",17261,95.5812,20,0.1107,,,,479.6129,,,"mk-census-2021-book-t06-religion-by-municipality|ocha-codab-mkd-adm2-2025","census_affiliation;total_resident_population_universe;single_select_reported_religion;religious_affiliation_percent_is_summed_affiliation_share;no_religion_percent_is_non_believer_atheist_line_only;undeclared_unknown_admin_sources_residuals_in_denominator_neither_slot;administratively_sourced_component_rendered_as_published_never_repaired;shares_need_not_sum_to_100;single_wave_2002_held_frame_break_no_cross_wave_change;sso_copyright_ships_with_attribution_courtesy_ask_recorded;source_categories_verbatim=Православни=13431;Муслимани (ислам)=418;Католици=12;Христијани=3341;Протестанти=6;Евангелисти=0;Евангелисти-методисти=0;Јеховини сведоци=52;Друго=1;Не е верник (атеист)=20;Не се изјаснил=12;Непознато=2;Лица за кои податоците се преземени од административни извори=764"
"MK","mk-municipality-2021-ocha-codab-adm2","municipality","mk-municipality-2021-ocha-codab-adm2:krivogashtani","krivogashtani","Krivogashtani",2021,5167,"2021 Census of Population, Households and Dwellings in the Republic of North Macedonia, State Statistical Office, book (English edition), table T-06 'Total resident population by religious affiliation and sex, by municipalities'. The universe is the total resident population (1,836,713), which includes 132,260 persons whose data were taken from administrative sources. The denominator is each municipality's printed population total.",5054,97.813,2,0.0387,,,,89.0397,,,"mk-census-2021-book-t06-religion-by-municipality|ocha-codab-mkd-adm2-2025","census_affiliation;total_resident_population_universe;single_select_reported_religion;religious_affiliation_percent_is_summed_affiliation_share;no_religion_percent_is_non_believer_atheist_line_only;undeclared_unknown_admin_sources_residuals_in_denominator_neither_slot;administratively_sourced_component_rendered_as_published_never_repaired;shares_need_not_sum_to_100;single_wave_2002_held_frame_break_no_cross_wave_change;sso_copyright_ships_with_attribution_courtesy_ask_recorded;source_categories_verbatim=Православни=5022;Муслимани (ислам)=8;Католици=23;Христијани=0;Протестанти=1;Евангелисти=0;Евангелисти-методисти=0;Јеховини сведоци=0;Друго=0;Не е верник (атеист)=2;Не се изјаснил=0;Непознато=0;Лица за кои податоците се преземени од административни извори=111"
"MK","mk-municipality-2021-ocha-codab-adm2","municipality","mk-municipality-2021-ocha-codab-adm2:krushevo","krushevo","Krushevo",2021,8385,"2021 Census of Population, Households and Dwellings in the Republic of North Macedonia, State Statistical Office, book (English edition), table T-06 'Total resident population by religious affiliation and sex, by municipalities'. The universe is the total resident population (1,836,713), which includes 132,260 persons whose data were taken from administrative sources. The denominator is each municipality's printed population total.",8066,96.1956,16,0.1908,,,,190.755,,,"mk-census-2021-book-t06-religion-by-municipality|ocha-codab-mkd-adm2-2025","census_affiliation;total_resident_population_universe;single_select_reported_religion;religious_affiliation_percent_is_summed_affiliation_share;no_religion_percent_is_non_believer_atheist_line_only;undeclared_unknown_admin_sources_residuals_in_denominator_neither_slot;administratively_sourced_component_rendered_as_published_never_repaired;shares_need_not_sum_to_100;single_wave_2002_held_frame_break_no_cross_wave_change;sso_copyright_ships_with_attribution_courtesy_ask_recorded;source_categories_verbatim=Православни=3351;Муслимани (ислам)=2859;Католици=11;Христијани=1843;Протестанти=0;Евангелисти=0;Евангелисти-методисти=0;Јеховини сведоци=0;Друго=2;Не е верник (атеист)=16;Не се изјаснил=0;Непознато=1;Лица за кои податоците се преземени од административни извори=302"
"MK","mk-municipality-2021-ocha-codab-adm2","municipality","mk-municipality-2021-ocha-codab-adm2:kumanovo","kumanovo","Kumanovo",2021,98104,"2021 Census of Population, Households and Dwellings in the Republic of North Macedonia, State Statistical Office, book (English edition), table T-06 'Total resident population by religious affiliation and sex, by municipalities'. The universe is the total resident population (1,836,713), which includes 132,260 persons whose data were taken from administrative sources. The denominator is each municipality's printed population total.",90194,91.9371,212,0.2161,,,,509.4632,,,"mk-census-2021-book-t06-religion-by-municipality|ocha-codab-mkd-adm2-2025","census_affiliation;total_resident_population_universe;single_select_reported_religion;religious_affiliation_percent_is_summed_affiliation_share;no_religion_percent_is_non_believer_atheist_line_only;undeclared_unknown_admin_sources_residuals_in_denominator_neither_slot;administratively_sourced_component_rendered_as_published_never_repaired;shares_need_not_sum_to_100;single_wave_2002_held_frame_break_no_cross_wave_change;sso_copyright_ships_with_attribution_courtesy_ask_recorded;source_categories_verbatim=Православни=47908;Муслимани (ислам)=28528;Католици=157;Христијани=13164;Протестанти=374;Евангелисти=19;Евангелисти-методисти=0;Јеховини сведоци=23;Друго=21;Не е верник (атеист)=212;Не се изјаснил=36;Непознато=46;Лица за кои податоците се преземени од административни извори=7616"
"MK","mk-municipality-2021-ocha-codab-adm2","municipality","mk-municipality-2021-ocha-codab-adm2:lipkovo","lipkovo","Lipkovo",2021,22308,"2021 Census of Population, Households and Dwellings in the Republic of North Macedonia, State Statistical Office, book (English edition), table T-06 'Total resident population by religious affiliation and sex, by municipalities'. The universe is the total resident population (1,836,713), which includes 132,260 persons whose data were taken from administrative sources. The denominator is each municipality's printed population total.",21607,96.8576,0,0,,,,272.2248,,,"mk-census-2021-book-t06-religion-by-municipality|ocha-codab-mkd-adm2-2025","census_affiliation;total_resident_population_universe;single_select_reported_religion;religious_affiliation_percent_is_summed_affiliation_share;no_religion_percent_is_non_believer_atheist_line_only;undeclared_unknown_admin_sources_residuals_in_denominator_neither_slot;administratively_sourced_component_rendered_as_published_never_repaired;shares_need_not_sum_to_100;single_wave_2002_held_frame_break_no_cross_wave_change;sso_copyright_ships_with_attribution_courtesy_ask_recorded;source_categories_verbatim=Православни=32;Муслимани (ислам)=21570;Католици=1;Христијани=4;Протестанти=0;Евангелисти=0;Евангелисти-методисти=0;Јеховини сведоци=0;Друго=0;Не е верник (атеист)=0;Не се изјаснил=0;Непознато=0;Лица за кои податоците се преземени од административни извори=701"
"MK","mk-municipality-2021-ocha-codab-adm2","municipality","mk-municipality-2021-ocha-codab-adm2:lozovo","lozovo","Lozovo",2021,2264,"2021 Census of Population, Households and Dwellings in the Republic of North Macedonia, State Statistical Office, book (English edition), table T-06 'Total resident population by religious affiliation and sex, by municipalities'. The universe is the total resident population (1,836,713), which includes 132,260 persons whose data were taken from administrative sources. The denominator is each municipality's printed population total.",2192,96.8198,2,0.0883,,,,166.1457,,,"mk-census-2021-book-t06-religion-by-municipality|ocha-codab-mkd-adm2-2025","census_affiliation;total_resident_population_universe;single_select_reported_religion;religious_affiliation_percent_is_summed_affiliation_share;no_religion_percent_is_non_believer_atheist_line_only;undeclared_unknown_admin_sources_residuals_in_denominator_neither_slot;administratively_sourced_component_rendered_as_published_never_repaired;shares_need_not_sum_to_100;single_wave_2002_held_frame_break_no_cross_wave_change;sso_copyright_ships_with_attribution_courtesy_ask_recorded;source_categories_verbatim=Православни=1176;Муслимани (ислам)=236;Католици=1;Христијани=779;Протестанти=0;Евангелисти=0;Евангелисти-методисти=0;Јеховини сведоци=0;Друго=0;Не е верник (атеист)=2;Не се изјаснил=0;Непознато=0;Лица за кои податоците се преземени од административни извори=70"
"MK","mk-municipality-2021-ocha-codab-adm2","municipality","mk-municipality-2021-ocha-codab-adm2:makedonska_kamenica","makedonska_kamenica","Makedonska Kamenica",2021,6439,"2021 Census of Population, Households and Dwellings in the Republic of North Macedonia, State Statistical Office, book (English edition), table T-06 'Total resident population by religious affiliation and sex, by municipalities'. The universe is the total resident population (1,836,713), which includes 132,260 persons whose data were taken from administrative sources. The denominator is each municipality's printed population total.",6009,93.3219,7,0.1087,,,,190.2124,,,"mk-census-2021-book-t06-religion-by-municipality|ocha-codab-mkd-adm2-2025","census_affiliation;total_resident_population_universe;single_select_reported_religion;religious_affiliation_percent_is_summed_affiliation_share;no_religion_percent_is_non_believer_atheist_line_only;undeclared_unknown_admin_sources_residuals_in_denominator_neither_slot;administratively_sourced_component_rendered_as_published_never_repaired;shares_need_not_sum_to_100;single_wave_2002_held_frame_break_no_cross_wave_change;sso_copyright_ships_with_attribution_courtesy_ask_recorded;source_categories_verbatim=Православни=1742;Муслимани (ислам)=18;Католици=5;Христијани=4238;Протестанти=1;Евангелисти=0;Евангелисти-методисти=0;Јеховини сведоци=4;Друго=1;Не е верник (атеист)=7;Не се изјаснил=0;Непознато=0;Лица за кои податоците се преземени од административни извори=423"
"MK","mk-municipality-2021-ocha-codab-adm2","municipality","mk-municipality-2021-ocha-codab-adm2:makedonski_brod","makedonski_brod","Makedonski Brod",2021,5889,"2021 Census of Population, Households and Dwellings in the Republic of North Macedonia, State Statistical Office, book (English edition), table T-06 'Total resident population by religious affiliation and sex, by municipalities'. The universe is the total resident population (1,836,713), which includes 132,260 persons whose data were taken from administrative sources. The denominator is each municipality's printed population total.",5684,96.5189,1,0.017,,,,890.159,,,"mk-census-2021-book-t06-religion-by-municipality|ocha-codab-mkd-adm2-2025","census_affiliation;total_resident_population_universe;single_select_reported_religion;religious_affiliation_percent_is_summed_affiliation_share;no_religion_percent_is_non_believer_atheist_line_only;undeclared_unknown_admin_sources_residuals_in_denominator_neither_slot;administratively_sourced_component_rendered_as_published_never_repaired;shares_need_not_sum_to_100;single_wave_2002_held_frame_break_no_cross_wave_change;sso_copyright_ships_with_attribution_courtesy_ask_recorded;source_categories_verbatim=Православни=2880;Муслимани (ислам)=259;Католици=47;Христијани=2497;Протестанти=1;Евангелисти=0;Евангелисти-методисти=0;Јеховини сведоци=0;Друго=0;Не е верник (атеист)=1;Не се изјаснил=0;Непознато=0;Лица за кои податоците се преземени од административни извори=204"
"MK","mk-municipality-2021-ocha-codab-adm2","municipality","mk-municipality-2021-ocha-codab-adm2:mavrovo_and_rostusha","mavrovo_and_rostusha","Mavrovo and Rostusha",2021,5042,"2021 Census of Population, Households and Dwellings in the Republic of North Macedonia, State Statistical Office, book (English edition), table T-06 'Total resident population by religious affiliation and sex, by municipalities'. The universe is the total resident population (1,836,713), which includes 132,260 persons whose data were taken from administrative sources. The denominator is each municipality's printed population total.",4624,91.7096,9,0.1785,,,,675.5633,,,"mk-census-2021-book-t06-religion-by-municipality|ocha-codab-mkd-adm2-2025","census_affiliation;total_resident_population_universe;single_select_reported_religion;religious_affiliation_percent_is_summed_affiliation_share;no_religion_percent_is_non_believer_atheist_line_only;undeclared_unknown_admin_sources_residuals_in_denominator_neither_slot;administratively_sourced_component_rendered_as_published_never_repaired;shares_need_not_sum_to_100;single_wave_2002_held_frame_break_no_cross_wave_change;sso_copyright_ships_with_attribution_courtesy_ask_recorded;source_categories_verbatim=Православни=700;Муслимани (ислам)=3669;Католици=1;Христијани=253;Протестанти=1;Евангелисти=0;Евангелисти-методисти=0;Јеховини сведоци=0;Друго=0;Не е верник (атеист)=9;Не се изјаснил=2;Непознато=2;Лица за кои податоците се преземени од административни извори=405"
"MK","mk-municipality-2021-ocha-codab-adm2","municipality","mk-municipality-2021-ocha-codab-adm2:mogila","mogila","Mogila",2021,5283,"2021 Census of Population, Households and Dwellings in the Republic of North Macedonia, State Statistical Office, book (English edition), table T-06 'Total resident population by religious affiliation and sex, by municipalities'. The universe is the total resident population (1,836,713), which includes 132,260 persons whose data were taken from administrative sources. The denominator is each municipality's printed population total.",5025,95.1164,2,0.0379,,,,255.7795,,,"mk-census-2021-book-t06-religion-by-municipality|ocha-codab-mkd-adm2-2025","census_affiliation;total_resident_population_universe;single_select_reported_religion;religious_affiliation_percent_is_summed_affiliation_share;no_religion_percent_is_non_believer_atheist_line_only;undeclared_unknown_admin_sources_residuals_in_denominator_neither_slot;administratively_sourced_component_rendered_as_published_never_repaired;shares_need_not_sum_to_100;single_wave_2002_held_frame_break_no_cross_wave_change;sso_copyright_ships_with_attribution_courtesy_ask_recorded;source_categories_verbatim=Православни=3823;Муслимани (ислам)=336;Католици=50;Христијани=810;Протестанти=0;Евангелисти=0;Евангелисти-методисти=0;Јеховини сведоци=2;Друго=4;Не е верник (атеист)=2;Не се изјаснил=0;Непознато=0;Лица за кои податоците се преземени од административни извори=256"
"MK","mk-municipality-2021-ocha-codab-adm2","municipality","mk-municipality-2021-ocha-codab-adm2:negotino","negotino","Negotino",2021,18194,"2021 Census of Population, Households and Dwellings in the Republic of North Macedonia, State Statistical Office, book (English edition), table T-06 'Total resident population by religious affiliation and sex, by municipalities'. The universe is the total resident population (1,836,713), which includes 132,260 persons whose data were taken from administrative sources. The denominator is each municipality's printed population total.",17124,94.1189,52,0.2858,,,,481.0625,,,"mk-census-2021-book-t06-religion-by-municipality|ocha-codab-mkd-adm2-2025","census_affiliation;total_resident_population_universe;single_select_reported_religion;religious_affiliation_percent_is_summed_affiliation_share;no_religion_percent_is_non_believer_atheist_line_only;undeclared_unknown_admin_sources_residuals_in_denominator_neither_slot;administratively_sourced_component_rendered_as_published_never_repaired;shares_need_not_sum_to_100;single_wave_2002_held_frame_break_no_cross_wave_change;sso_copyright_ships_with_attribution_courtesy_ask_recorded;source_categories_verbatim=Православни=7139;Муслимани (ислам)=1105;Католици=26;Христијани=8784;Протестанти=4;Евангелисти=16;Евангелисти-методисти=0;Јеховини сведоци=19;Друго=31;Не е верник (атеист)=52;Не се изјаснил=8;Непознато=12;Лица за кои податоците се преземени од административни извори=998"
"MK","mk-municipality-2021-ocha-codab-adm2","municipality","mk-municipality-2021-ocha-codab-adm2:novaci","novaci","Novaci",2021,2648,"2021 Census of Population, Households and Dwellings in the Republic of North Macedonia, State Statistical Office, book (English edition), table T-06 'Total resident population by religious affiliation and sex, by municipalities'. The universe is the total resident population (1,836,713), which includes 132,260 persons whose data were taken from administrative sources. The denominator is each municipality's printed population total.",2483,93.7689,5,0.1888,,,,752.9793,,,"mk-census-2021-book-t06-religion-by-municipality|ocha-codab-mkd-adm2-2025","census_affiliation;total_resident_population_universe;single_select_reported_religion;religious_affiliation_percent_is_summed_affiliation_share;no_religion_percent_is_non_believer_atheist_line_only;undeclared_unknown_admin_sources_residuals_in_denominator_neither_slot;administratively_sourced_component_rendered_as_published_never_repaired;shares_need_not_sum_to_100;single_wave_2002_held_frame_break_no_cross_wave_change;sso_copyright_ships_with_attribution_courtesy_ask_recorded;source_categories_verbatim=Православни=1748;Муслимани (ислам)=35;Католици=21;Христијани=679;Протестанти=0;Евангелисти=0;Евангелисти-методисти=0;Јеховини сведоци=0;Друго=0;Не е верник (атеист)=5;Не се изјаснил=2;Непознато=4;Лица за кои податоците се преземени од административни извори=154"
"MK","mk-municipality-2021-ocha-codab-adm2","municipality","mk-municipality-2021-ocha-codab-adm2:novo_selo","novo_selo","Novo Selo",2021,6972,"2021 Census of Population, Households and Dwellings in the Republic of North Macedonia, State Statistical Office, book (English edition), table T-06 'Total resident population by religious affiliation and sex, by municipalities'. The universe is the total resident population (1,836,713), which includes 132,260 persons whose data were taken from administrative sources. The denominator is each municipality's printed population total.",6401,91.8101,4,0.0574,,,,237.7361,,,"mk-census-2021-book-t06-religion-by-municipality|ocha-codab-mkd-adm2-2025","census_affiliation;total_resident_population_universe;single_select_reported_religion;religious_affiliation_percent_is_summed_affiliation_share;no_religion_percent_is_non_believer_atheist_line_only;undeclared_unknown_admin_sources_residuals_in_denominator_neither_slot;administratively_sourced_component_rendered_as_published_never_repaired;shares_need_not_sum_to_100;single_wave_2002_held_frame_break_no_cross_wave_change;sso_copyright_ships_with_attribution_courtesy_ask_recorded;source_categories_verbatim=Православни=5421;Муслимани (ислам)=3;Католици=6;Христијани=785;Протестанти=19;Евангелисти=3;Евангелисти-методисти=125;Јеховини сведоци=6;Друго=33;Не е верник (атеист)=4;Не се изјаснил=0;Непознато=0;Лица за кои податоците се преземени од административни извори=567"
"MK","mk-municipality-2021-ocha-codab-adm2","municipality","mk-municipality-2021-ocha-codab-adm2:ohrid","ohrid","Ohrid",2021,51428,"2021 Census of Population, Households and Dwellings in the Republic of North Macedonia, State Statistical Office, book (English edition), table T-06 'Total resident population by religious affiliation and sex, by municipalities'. The universe is the total resident population (1,836,713), which includes 132,260 persons whose data were taken from administrative sources. The denominator is each municipality's printed population total.",46959,91.3102,133,0.2586,,,,393.7106,,,"mk-census-2021-book-t06-religion-by-municipality|ocha-codab-mkd-adm2-2025","census_affiliation;total_resident_population_universe;single_select_reported_religion;religious_affiliation_percent_is_summed_affiliation_share;no_religion_percent_is_non_believer_atheist_line_only;undeclared_unknown_admin_sources_residuals_in_denominator_neither_slot;administratively_sourced_component_rendered_as_published_never_repaired;shares_need_not_sum_to_100;single_wave_2002_held_frame_break_no_cross_wave_change;sso_copyright_ships_with_attribution_courtesy_ask_recorded;source_categories_verbatim=Православни=34868;Муслимани (ислам)=5908;Католици=113;Христијани=5990;Протестанти=14;Евангелисти=4;Евангелисти-методисти=7;Јеховини сведоци=30;Друго=25;Не е верник (атеист)=133;Не се изјаснил=29;Непознато=18;Лица за кои податоците се преземени од административни извори=4289"
"MK","mk-municipality-2021-ocha-codab-adm2","municipality","mk-municipality-2021-ocha-codab-adm2:pehchevo","pehchevo","Pehchevo",2021,3983,"2021 Census of Population, Households and Dwellings in the Republic of North Macedonia, State Statistical Office, book (English edition), table T-06 'Total resident population by religious affiliation and sex, by municipalities'. The universe is the total resident population (1,836,713), which includes 132,260 persons whose data were taken from administrative sources. The denominator is each municipality's printed population total.",3813,95.7319,1,0.0251,,,,207.8476,,,"mk-census-2021-book-t06-religion-by-municipality|ocha-codab-mkd-adm2-2025","census_affiliation;total_resident_population_universe;single_select_reported_religion;religious_affiliation_percent_is_summed_affiliation_share;no_religion_percent_is_non_believer_atheist_line_only;undeclared_unknown_admin_sources_residuals_in_denominator_neither_slot;administratively_sourced_component_rendered_as_published_never_repaired;shares_need_not_sum_to_100;single_wave_2002_held_frame_break_no_cross_wave_change;sso_copyright_ships_with_attribution_courtesy_ask_recorded;source_categories_verbatim=Православни=2818;Муслимани (ислам)=597;Католици=1;Христијани=393;Протестанти=2;Евангелисти=0;Евангелисти-методисти=0;Јеховини сведоци=2;Друго=0;Не е верник (атеист)=1;Не се изјаснил=0;Непознато=0;Лица за кои податоците се преземени од административни извори=169"
"MK","mk-municipality-2021-ocha-codab-adm2","municipality","mk-municipality-2021-ocha-codab-adm2:petrovec","petrovec","Petrovec",2021,9150,"2021 Census of Population, Households and Dwellings in the Republic of North Macedonia, State Statistical Office, book (English edition), table T-06 'Total resident population by religious affiliation and sex, by municipalities'. The universe is the total resident population (1,836,713), which includes 132,260 persons whose data were taken from administrative sources. The denominator is each municipality's printed population total.",8543,93.3661,4,0.0437,,,,202.5244,,,"mk-census-2021-book-t06-religion-by-municipality|ocha-codab-mkd-adm2-2025","census_affiliation;total_resident_population_universe;single_select_reported_religion;religious_affiliation_percent_is_summed_affiliation_share;no_religion_percent_is_non_believer_atheist_line_only;undeclared_unknown_admin_sources_residuals_in_denominator_neither_slot;administratively_sourced_component_rendered_as_published_never_repaired;shares_need_not_sum_to_100;single_wave_2002_held_frame_break_no_cross_wave_change;sso_copyright_ships_with_attribution_courtesy_ask_recorded;source_categories_verbatim=Православни=3487;Муслимани (ислам)=3588;Католици=5;Христијани=1458;Протестанти=0;Евангелисти=0;Евангелисти-методисти=0;Јеховини сведоци=5;Друго=0;Не е верник (атеист)=4;Не се изјаснил=1;Непознато=2;Лица за кои податоците се преземени од административни извори=600"
"MK","mk-municipality-2021-ocha-codab-adm2","municipality","mk-municipality-2021-ocha-codab-adm2:plasnica","plasnica","Plasnica",2021,4222,"2021 Census of Population, Households and Dwellings in the Republic of North Macedonia, State Statistical Office, book (English edition), table T-06 'Total resident population by religious affiliation and sex, by municipalities'. The universe is the total resident population (1,836,713), which includes 132,260 persons whose data were taken from administrative sources. The denominator is each municipality's printed population total.",4124,97.6788,0,0,,,,54.4048,,,"mk-census-2021-book-t06-religion-by-municipality|ocha-codab-mkd-adm2-2025","census_affiliation;total_resident_population_universe;single_select_reported_religion;religious_affiliation_percent_is_summed_affiliation_share;no_religion_percent_is_non_believer_atheist_line_only;undeclared_unknown_admin_sources_residuals_in_denominator_neither_slot;administratively_sourced_component_rendered_as_published_never_repaired;shares_need_not_sum_to_100;single_wave_2002_held_frame_break_no_cross_wave_change;sso_copyright_ships_with_attribution_courtesy_ask_recorded;source_categories_verbatim=Православни=9;Муслимани (ислам)=4115;Католици=0;Христијани=0;Протестанти=0;Евангелисти=0;Евангелисти-методисти=0;Јеховини сведоци=0;Друго=0;Не е верник (атеист)=0;Не се изјаснил=0;Непознато=1;Лица за кои податоците се преземени од административни извори=97"
"MK","mk-municipality-2021-ocha-codab-adm2","municipality","mk-municipality-2021-ocha-codab-adm2:prilep","prilep","Prilep",2021,69025,"2021 Census of Population, Households and Dwellings in the Republic of North Macedonia, State Statistical Office, book (English edition), table T-06 'Total resident population by religious affiliation and sex, by municipalities'. The universe is the total resident population (1,836,713), which includes 132,260 persons whose data were taken from administrative sources. The denominator is each municipality's printed population total.",63868,92.5288,137,0.1985,,,,1198.7721,,,"mk-census-2021-book-t06-religion-by-municipality|ocha-codab-mkd-adm2-2025","census_affiliation;total_resident_population_universe;single_select_reported_religion;religious_affiliation_percent_is_summed_affiliation_share;no_religion_percent_is_non_believer_atheist_line_only;undeclared_unknown_admin_sources_residuals_in_denominator_neither_slot;administratively_sourced_component_rendered_as_published_never_repaired;shares_need_not_sum_to_100;single_wave_2002_held_frame_break_no_cross_wave_change;sso_copyright_ships_with_attribution_courtesy_ask_recorded;source_categories_verbatim=Православни=50869;Муслимани (ислам)=5063;Католици=150;Христијани=7550;Протестанти=45;Евангелисти=116;Евангелисти-методисти=15;Јеховини сведоци=29;Друго=31;Не е верник (атеист)=137;Не се изјаснил=32;Непознато=29;Лица за кои податоците се преземени од административни извори=4959"
"MK","mk-municipality-2021-ocha-codab-adm2","municipality","mk-municipality-2021-ocha-codab-adm2:probishtip","probishtip","Probishtip",2021,13417,"2021 Census of Population, Households and Dwellings in the Republic of North Macedonia, State Statistical Office, book (English edition), table T-06 'Total resident population by religious affiliation and sex, by municipalities'. The universe is the total resident population (1,836,713), which includes 132,260 persons whose data were taken from administrative sources. The denominator is each municipality's printed population total.",12849,95.7666,19,0.1416,,,,325.7947,,,"mk-census-2021-book-t06-religion-by-municipality|ocha-codab-mkd-adm2-2025","census_affiliation;total_resident_population_universe;single_select_reported_religion;religious_affiliation_percent_is_summed_affiliation_share;no_religion_percent_is_non_believer_atheist_line_only;undeclared_unknown_admin_sources_residuals_in_denominator_neither_slot;administratively_sourced_component_rendered_as_published_never_repaired;shares_need_not_sum_to_100;single_wave_2002_held_frame_break_no_cross_wave_change;sso_copyright_ships_with_attribution_courtesy_ask_recorded;source_categories_verbatim=Православни=9338;Муслимани (ислам)=57;Католици=9;Христијани=3422;Протестанти=9;Евангелисти=1;Евангелисти-методисти=0;Јеховини сведоци=8;Друго=5;Не е верник (атеист)=19;Не се изјаснил=5;Непознато=1;Лица за кои податоците се преземени од административни извори=543"
"MK","mk-municipality-2021-ocha-codab-adm2","municipality","mk-municipality-2021-ocha-codab-adm2:radovish","radovish","Radovish",2021,24122,"2021 Census of Population, Households and Dwellings in the Republic of North Macedonia, State Statistical Office, book (English edition), table T-06 'Total resident population by religious affiliation and sex, by municipalities'. The universe is the total resident population (1,836,713), which includes 132,260 persons whose data were taken from administrative sources. The denominator is each municipality's printed population total.",21674,89.8516,6,0.0249,,,,497.1416,,,"mk-census-2021-book-t06-religion-by-municipality|ocha-codab-mkd-adm2-2025","census_affiliation;total_resident_population_universe;single_select_reported_religion;religious_affiliation_percent_is_summed_affiliation_share;no_religion_percent_is_non_believer_atheist_line_only;undeclared_unknown_admin_sources_residuals_in_denominator_neither_slot;administratively_sourced_component_rendered_as_published_never_repaired;shares_need_not_sum_to_100;single_wave_2002_held_frame_break_no_cross_wave_change;sso_copyright_ships_with_attribution_courtesy_ask_recorded;source_categories_verbatim=Православни=11008;Муслимани (ислам)=4470;Католици=24;Христијани=6137;Протестанти=2;Евангелисти=2;Евангелисти-методисти=18;Јеховини сведоци=0;Друго=13;Не е верник (атеист)=6;Не се изјаснил=2;Непознато=9;Лица за кои податоците се преземени од административни извори=2431"
"MK","mk-municipality-2021-ocha-codab-adm2","municipality","mk-municipality-2021-ocha-codab-adm2:rankovce","rankovce","Rankovce",2021,3465,"2021 Census of Population, Households and Dwellings in the Republic of North Macedonia, State Statistical Office, book (English edition), table T-06 'Total resident population by religious affiliation and sex, by municipalities'. The universe is the total resident population (1,836,713), which includes 132,260 persons whose data were taken from administrative sources. The denominator is each municipality's printed population total.",3217,92.8427,0,0,,,,240.0426,,,"mk-census-2021-book-t06-religion-by-municipality|ocha-codab-mkd-adm2-2025","census_affiliation;total_resident_population_universe;single_select_reported_religion;religious_affiliation_percent_is_summed_affiliation_share;no_religion_percent_is_non_believer_atheist_line_only;undeclared_unknown_admin_sources_residuals_in_denominator_neither_slot;administratively_sourced_component_rendered_as_published_never_repaired;shares_need_not_sum_to_100;single_wave_2002_held_frame_break_no_cross_wave_change;sso_copyright_ships_with_attribution_courtesy_ask_recorded;source_categories_verbatim=Православни=979;Муслимани (ислам)=52;Католици=1;Христијани=2181;Протестанти=0;Евангелисти=0;Евангелисти-методисти=0;Јеховини сведоци=4;Друго=0;Не е верник (атеист)=0;Не се изјаснил=1;Непознато=0;Лица за кои податоците се преземени од административни извори=247"
"MK","mk-municipality-2021-ocha-codab-adm2","municipality","mk-municipality-2021-ocha-codab-adm2:resen","resen","Resen",2021,14373,"2021 Census of Population, Households and Dwellings in the Republic of North Macedonia, State Statistical Office, book (English edition), table T-06 'Total resident population by religious affiliation and sex, by municipalities'. The universe is the total resident population (1,836,713), which includes 132,260 persons whose data were taken from administrative sources. The denominator is each municipality's printed population total.",13632,94.8445,19,0.1322,,,,551.175,,,"mk-census-2021-book-t06-religion-by-municipality|ocha-codab-mkd-adm2-2025","census_affiliation;total_resident_population_universe;single_select_reported_religion;religious_affiliation_percent_is_summed_affiliation_share;no_religion_percent_is_non_believer_atheist_line_only;undeclared_unknown_admin_sources_residuals_in_denominator_neither_slot;administratively_sourced_component_rendered_as_published_never_repaired;shares_need_not_sum_to_100;single_wave_2002_held_frame_break_no_cross_wave_change;sso_copyright_ships_with_attribution_courtesy_ask_recorded;source_categories_verbatim=Православни=5085;Муслимани (ислам)=3423;Католици=14;Христијани=5102;Протестанти=2;Евангелисти=1;Евангелисти-методисти=1;Јеховини сведоци=0;Друго=4;Не е верник (атеист)=19;Не се изјаснил=1;Непознато=10;Лица за кои податоците се преземени од административни извори=711"
"MK","mk-municipality-2021-ocha-codab-adm2","municipality","mk-municipality-2021-ocha-codab-adm2:rosoman","rosoman","Rosoman",2021,3796,"2021 Census of Population, Households and Dwellings in the Republic of North Macedonia, State Statistical Office, book (English edition), table T-06 'Total resident population by religious affiliation and sex, by municipalities'. The universe is the total resident population (1,836,713), which includes 132,260 persons whose data were taken from administrative sources. The denominator is each municipality's printed population total.",3682,96.9968,2,0.0527,,,,133.082,,,"mk-census-2021-book-t06-religion-by-municipality|ocha-codab-mkd-adm2-2025","census_affiliation;total_resident_population_universe;single_select_reported_religion;religious_affiliation_percent_is_summed_affiliation_share;no_religion_percent_is_non_believer_atheist_line_only;undeclared_unknown_admin_sources_residuals_in_denominator_neither_slot;administratively_sourced_component_rendered_as_published_never_repaired;shares_need_not_sum_to_100;single_wave_2002_held_frame_break_no_cross_wave_change;sso_copyright_ships_with_attribution_courtesy_ask_recorded;source_categories_verbatim=Православни=826;Муслимани (ислам)=36;Католици=5;Христијани=2815;Протестанти=0;Евангелисти=0;Евангелисти-методисти=0;Јеховини сведоци=0;Друго=0;Не е верник (атеист)=2;Не се изјаснил=3;Непознато=0;Лица за кои податоците се преземени од административни извори=109"
"MK","mk-municipality-2021-ocha-codab-adm2","municipality","mk-municipality-2021-ocha-codab-adm2:saraj","saraj","Saraj",2021,38399,"2021 Census of Population, Households and Dwellings in the Republic of North Macedonia, State Statistical Office, book (English edition), table T-06 'Total resident population by religious affiliation and sex, by municipalities'. The universe is the total resident population (1,836,713), which includes 132,260 persons whose data were taken from administrative sources. The denominator is each municipality's printed population total.",36948,96.2213,0,0,,,,229.4337,,,"mk-census-2021-book-t06-religion-by-municipality|ocha-codab-mkd-adm2-2025","census_affiliation;total_resident_population_universe;single_select_reported_religion;religious_affiliation_percent_is_summed_affiliation_share;no_religion_percent_is_non_believer_atheist_line_only;undeclared_unknown_admin_sources_residuals_in_denominator_neither_slot;administratively_sourced_component_rendered_as_published_never_repaired;shares_need_not_sum_to_100;single_wave_2002_held_frame_break_no_cross_wave_change;sso_copyright_ships_with_attribution_courtesy_ask_recorded;source_categories_verbatim=Православни=853;Муслимани (ислам)=35959;Католици=11;Христијани=117;Протестанти=5;Евангелисти=0;Евангелисти-методисти=0;Јеховини сведоци=0;Друго=3;Не е верник (атеист)=0;Не се изјаснил=0;Непознато=1;Лица за кои податоците се преземени од административни извори=1450"
"MK","mk-municipality-2021-ocha-codab-adm2","municipality","mk-municipality-2021-ocha-codab-adm2:shtip","shtip","Shtip",2021,44866,"2021 Census of Population, Households and Dwellings in the Republic of North Macedonia, State Statistical Office, book (English edition), table T-06 'Total resident population by religious affiliation and sex, by municipalities'. The universe is the total resident population (1,836,713), which includes 132,260 persons whose data were taken from administrative sources. The denominator is each municipality's printed population total.",40354,89.9434,96,0.214,,,,583.1954,,,"mk-census-2021-book-t06-religion-by-municipality|ocha-codab-mkd-adm2-2025","census_affiliation;total_resident_population_universe;single_select_reported_religion;religious_affiliation_percent_is_summed_affiliation_share;no_religion_percent_is_non_believer_atheist_line_only;undeclared_unknown_admin_sources_residuals_in_denominator_neither_slot;administratively_sourced_component_rendered_as_published_never_repaired;shares_need_not_sum_to_100;single_wave_2002_held_frame_break_no_cross_wave_change;sso_copyright_ships_with_attribution_courtesy_ask_recorded;source_categories_verbatim=Православни=26166;Муслимани (ислам)=3798;Католици=71;Христијани=10181;Протестанти=17;Евангелисти=40;Евангелисти-методисти=0;Јеховини сведоци=33;Друго=48;Не е верник (атеист)=96;Не се изјаснил=18;Непознато=13;Лица за кои податоците се преземени од административни извори=4385"
"MK","mk-municipality-2021-ocha-codab-adm2","municipality","mk-municipality-2021-ocha-codab-adm2:shuto_orizari","shuto_orizari","Shuto Orizari",2021,25726,"2021 Census of Population, Households and Dwellings in the Republic of North Macedonia, State Statistical Office, book (English edition), table T-06 'Total resident population by religious affiliation and sex, by municipalities'. The universe is the total resident population (1,836,713), which includes 132,260 persons whose data were taken from administrative sources. The denominator is each municipality's printed population total.",21130,82.1348,42,0.1633,,,,7.4651,,,"mk-census-2021-book-t06-religion-by-municipality|ocha-codab-mkd-adm2-2025","census_affiliation;total_resident_population_universe;single_select_reported_religion;religious_affiliation_percent_is_summed_affiliation_share;no_religion_percent_is_non_believer_atheist_line_only;undeclared_unknown_admin_sources_residuals_in_denominator_neither_slot;administratively_sourced_component_rendered_as_published_never_repaired;shares_need_not_sum_to_100;single_wave_2002_held_frame_break_no_cross_wave_change;sso_copyright_ships_with_attribution_courtesy_ask_recorded;source_categories_verbatim=Православни=701;Муслимани (ислам)=19350;Католици=34;Христијани=533;Протестанти=3;Евангелисти=98;Евангелисти-методисти=0;Јеховини сведоци=342;Друго=69;Не е верник (атеист)=42;Не се изјаснил=51;Непознато=18;Лица за кои податоците се преземени од административни извори=4485"
"MK","mk-municipality-2021-ocha-codab-adm2","municipality","mk-municipality-2021-ocha-codab-adm2:sopishte","sopishte","Sopishte",2021,6713,"2021 Census of Population, Households and Dwellings in the Republic of North Macedonia, State Statistical Office, book (English edition), table T-06 'Total resident population by religious affiliation and sex, by municipalities'. The universe is the total resident population (1,836,713), which includes 132,260 persons whose data were taken from administrative sources. The denominator is each municipality's printed population total.",6256,93.1923,38,0.5661,,,,221.8069,,,"mk-census-2021-book-t06-religion-by-municipality|ocha-codab-mkd-adm2-2025","census_affiliation;total_resident_population_universe;single_select_reported_religion;religious_affiliation_percent_is_summed_affiliation_share;no_religion_percent_is_non_believer_atheist_line_only;undeclared_unknown_admin_sources_residuals_in_denominator_neither_slot;administratively_sourced_component_rendered_as_published_never_repaired;shares_need_not_sum_to_100;single_wave_2002_held_frame_break_no_cross_wave_change;sso_copyright_ships_with_attribution_courtesy_ask_recorded;source_categories_verbatim=Православни=3759;Муслимани (ислам)=2159;Католици=7;Христијани=316;Протестанти=5;Евангелисти=0;Евангелисти-методисти=0;Јеховини сведоци=1;Друго=9;Не е верник (атеист)=38;Не се изјаснил=3;Непознато=6;Лица за кои податоците се преземени од административни извори=410"
"MK","mk-municipality-2021-ocha-codab-adm2","municipality","mk-municipality-2021-ocha-codab-adm2:staro_nagorichane","staro_nagorichane","Staro Nagorichane",2021,3501,"2021 Census of Population, Households and Dwellings in the Republic of North Macedonia, State Statistical Office, book (English edition), table T-06 'Total resident population by religious affiliation and sex, by municipalities'. The universe is the total resident population (1,836,713), which includes 132,260 persons whose data were taken from administrative sources. The denominator is each municipality's printed population total.",3122,89.1745,1,0.0286,,,,432.3909,,,"mk-census-2021-book-t06-religion-by-municipality|ocha-codab-mkd-adm2-2025","census_affiliation;total_resident_population_universe;single_select_reported_religion;religious_affiliation_percent_is_summed_affiliation_share;no_religion_percent_is_non_believer_atheist_line_only;undeclared_unknown_admin_sources_residuals_in_denominator_neither_slot;administratively_sourced_component_rendered_as_published_never_repaired;shares_need_not_sum_to_100;single_wave_2002_held_frame_break_no_cross_wave_change;sso_copyright_ships_with_attribution_courtesy_ask_recorded;source_categories_verbatim=Православни=2897;Муслимани (ислам)=14;Католици=6;Христијани=199;Протестанти=0;Евангелисти=1;Евангелисти-методисти=0;Јеховини сведоци=5;Друго=0;Не е верник (атеист)=1;Не се изјаснил=0;Непознато=0;Лица за кои податоците се преземени од административни извори=378"
"MK","mk-municipality-2021-ocha-codab-adm2","municipality","mk-municipality-2021-ocha-codab-adm2:struga","struga","Struga",2021,50980,"2021 Census of Population, Households and Dwellings in the Republic of North Macedonia, State Statistical Office, book (English edition), table T-06 'Total resident population by religious affiliation and sex, by municipalities'. The universe is the total resident population (1,836,713), which includes 132,260 persons whose data were taken from administrative sources. The denominator is each municipality's printed population total.",47399,92.9757,28,0.0549,,,,485.3145,,,"mk-census-2021-book-t06-religion-by-municipality|ocha-codab-mkd-adm2-2025","census_affiliation;total_resident_population_universe;single_select_reported_religion;religious_affiliation_percent_is_summed_affiliation_share;no_religion_percent_is_non_believer_atheist_line_only;undeclared_unknown_admin_sources_residuals_in_denominator_neither_slot;administratively_sourced_component_rendered_as_published_never_repaired;shares_need_not_sum_to_100;single_wave_2002_held_frame_break_no_cross_wave_change;sso_copyright_ships_with_attribution_courtesy_ask_recorded;source_categories_verbatim=Православни=11556;Муслимани (ислам)=32231;Католици=42;Христијани=3527;Протестанти=15;Евангелисти=6;Евангелисти-методисти=0;Јеховини сведоци=8;Друго=14;Не е верник (атеист)=28;Не се изјаснил=12;Непознато=11;Лица за кои податоците се преземени од административни извори=3530"
"MK","mk-municipality-2021-ocha-codab-adm2","municipality","mk-municipality-2021-ocha-codab-adm2:strumica","strumica","Strumica",2021,49995,"2021 Census of Population, Households and Dwellings in the Republic of North Macedonia, State Statistical Office, book (English edition), table T-06 'Total resident population by religious affiliation and sex, by municipalities'. The universe is the total resident population (1,836,713), which includes 132,260 persons whose data were taken from administrative sources. The denominator is each municipality's printed population total.",43362,86.7327,104,0.208,,,,321.2125,,,"mk-census-2021-book-t06-religion-by-municipality|ocha-codab-mkd-adm2-2025","census_affiliation;total_resident_population_universe;single_select_reported_religion;religious_affiliation_percent_is_summed_affiliation_share;no_religion_percent_is_non_believer_atheist_line_only;undeclared_unknown_admin_sources_residuals_in_denominator_neither_slot;administratively_sourced_component_rendered_as_published_never_repaired;shares_need_not_sum_to_100;single_wave_2002_held_frame_break_no_cross_wave_change;sso_copyright_ships_with_attribution_courtesy_ask_recorded;source_categories_verbatim=Православни=34356;Муслимани (ислам)=4331;Католици=1222;Христијани=2722;Протестанти=185;Евангелисти=24;Евангелисти-методисти=454;Јеховини сведоци=37;Друго=31;Не е верник (атеист)=104;Не се изјаснил=39;Непознато=10;Лица за кои податоците се преземени од административни извори=6480"
"MK","mk-municipality-2021-ocha-codab-adm2","municipality","mk-municipality-2021-ocha-codab-adm2:studenichani","studenichani","Studenichani",2021,21970,"2021 Census of Population, Households and Dwellings in the Republic of North Macedonia, State Statistical Office, book (English edition), table T-06 'Total resident population by religious affiliation and sex, by municipalities'. The universe is the total resident population (1,836,713), which includes 132,260 persons whose data were taken from administrative sources. The denominator is each municipality's printed population total.",20434,93.0086,0,0,,,,275.6543,,,"mk-census-2021-book-t06-religion-by-municipality|ocha-codab-mkd-adm2-2025","census_affiliation;total_resident_population_universe;single_select_reported_religion;religious_affiliation_percent_is_summed_affiliation_share;no_religion_percent_is_non_believer_atheist_line_only;undeclared_unknown_admin_sources_residuals_in_denominator_neither_slot;administratively_sourced_component_rendered_as_published_never_repaired;shares_need_not_sum_to_100;single_wave_2002_held_frame_break_no_cross_wave_change;sso_copyright_ships_with_attribution_courtesy_ask_recorded;source_categories_verbatim=Православни=388;Муслимани (ислам)=19968;Католици=12;Христијани=58;Протестанти=5;Евангелисти=1;Евангелисти-методисти=0;Јеховини сведоци=0;Друго=2;Не е верник (атеист)=0;Не се изјаснил=1;Непознато=1;Лица за кои податоците се преземени од административни извори=1534"
"MK","mk-municipality-2021-ocha-codab-adm2","municipality","mk-municipality-2021-ocha-codab-adm2:sveti_nikole","sveti_nikole","Sveti Nikole",2021,15320,"2021 Census of Population, Households and Dwellings in the Republic of North Macedonia, State Statistical Office, book (English edition), table T-06 'Total resident population by religious affiliation and sex, by municipalities'. The universe is the total resident population (1,836,713), which includes 132,260 persons whose data were taken from administrative sources. The denominator is each municipality's printed population total.",14462,94.3995,35,0.2285,,,,482.8083,,,"mk-census-2021-book-t06-religion-by-municipality|ocha-codab-mkd-adm2-2025","census_affiliation;total_resident_population_universe;single_select_reported_religion;religious_affiliation_percent_is_summed_affiliation_share;no_religion_percent_is_non_believer_atheist_line_only;undeclared_unknown_admin_sources_residuals_in_denominator_neither_slot;administratively_sourced_component_rendered_as_published_never_repaired;shares_need_not_sum_to_100;single_wave_2002_held_frame_break_no_cross_wave_change;sso_copyright_ships_with_attribution_courtesy_ask_recorded;source_categories_verbatim=Православни=6857;Муслимани (ислам)=92;Католици=15;Христијани=7484;Протестанти=5;Евангелисти=1;Евангелисти-методисти=0;Јеховини сведоци=2;Друго=6;Не е верник (атеист)=35;Не се изјаснил=0;Непознато=6;Лица за кои податоците се преземени од административни извори=817"
"MK","mk-municipality-2021-ocha-codab-adm2","municipality","mk-municipality-2021-ocha-codab-adm2:tearce","tearce","Tearce",2021,17694,"2021 Census of Population, Households and Dwellings in the Republic of North Macedonia, State Statistical Office, book (English edition), table T-06 'Total resident population by religious affiliation and sex, by municipalities'. The universe is the total resident population (1,836,713), which includes 132,260 persons whose data were taken from administrative sources. The denominator is each municipality's printed population total.",17294,97.7393,1,0.0057,,,,136.3812,,,"mk-census-2021-book-t06-religion-by-municipality|ocha-codab-mkd-adm2-2025","census_affiliation;total_resident_population_universe;single_select_reported_religion;religious_affiliation_percent_is_summed_affiliation_share;no_religion_percent_is_non_believer_atheist_line_only;undeclared_unknown_admin_sources_residuals_in_denominator_neither_slot;administratively_sourced_component_rendered_as_published_never_repaired;shares_need_not_sum_to_100;single_wave_2002_held_frame_break_no_cross_wave_change;sso_copyright_ships_with_attribution_courtesy_ask_recorded;source_categories_verbatim=Православни=1723;Муслимани (ислам)=15144;Католици=13;Христијани=373;Протестанти=40;Евангелисти=0;Евангелисти-методисти=0;Јеховини сведоци=0;Друго=1;Не е верник (атеист)=1;Не се изјаснил=0;Непознато=1;Лица за кои податоците се преземени од административни извори=398"
"MK","mk-municipality-2021-ocha-codab-adm2","municipality","mk-municipality-2021-ocha-codab-adm2:tetovo","tetovo","Tetovo",2021,84770,"2021 Census of Population, Households and Dwellings in the Republic of North Macedonia, State Statistical Office, book (English edition), table T-06 'Total resident population by religious affiliation and sex, by municipalities'. The universe is the total resident population (1,836,713), which includes 132,260 persons whose data were taken from administrative sources. The denominator is each municipality's printed population total.",80285,94.7092,75,0.0885,,,,261.9082,,,"mk-census-2021-book-t06-religion-by-municipality|ocha-codab-mkd-adm2-2025","census_affiliation;total_resident_population_universe;single_select_reported_religion;religious_affiliation_percent_is_summed_affiliation_share;no_religion_percent_is_non_believer_atheist_line_only;undeclared_unknown_admin_sources_residuals_in_denominator_neither_slot;administratively_sourced_component_rendered_as_published_never_repaired;shares_need_not_sum_to_100;single_wave_2002_held_frame_break_no_cross_wave_change;sso_copyright_ships_with_attribution_courtesy_ask_recorded;source_categories_verbatim=Православни=13187;Муслимани (ислам)=64468;Католици=191;Христијани=2370;Протестанти=38;Евангелисти=8;Евангелисти-методисти=0;Јеховини сведоци=10;Друго=13;Не е верник (атеист)=75;Не се изјаснил=28;Непознато=14;Лица за кои податоците се преземени од административни извори=4368"
"MK","mk-municipality-2021-ocha-codab-adm2","municipality","mk-municipality-2021-ocha-codab-adm2:valandovo","valandovo","Valandovo",2021,10508,"2021 Census of Population, Households and Dwellings in the Republic of North Macedonia, State Statistical Office, book (English edition), table T-06 'Total resident population by religious affiliation and sex, by municipalities'. The universe is the total resident population (1,836,713), which includes 132,260 persons whose data were taken from administrative sources. The denominator is each municipality's printed population total.",10134,96.4408,8,0.0761,,,,328.0605,,,"mk-census-2021-book-t06-religion-by-municipality|ocha-codab-mkd-adm2-2025","census_affiliation;total_resident_population_universe;single_select_reported_religion;religious_affiliation_percent_is_summed_affiliation_share;no_religion_percent_is_non_believer_atheist_line_only;undeclared_unknown_admin_sources_residuals_in_denominator_neither_slot;administratively_sourced_component_rendered_as_published_never_repaired;shares_need_not_sum_to_100;single_wave_2002_held_frame_break_no_cross_wave_change;sso_copyright_ships_with_attribution_courtesy_ask_recorded;source_categories_verbatim=Православни=8599;Муслимани (ислам)=1435;Католици=19;Христијани=67;Протестанти=2;Евангелисти=9;Евангелисти-методисти=0;Јеховини сведоци=1;Друго=2;Не е верник (атеист)=8;Не се изјаснил=1;Непознато=1;Лица за кои податоците се преземени од административни извори=364"
"MK","mk-municipality-2021-ocha-codab-adm2","municipality","mk-municipality-2021-ocha-codab-adm2:vasilevo","vasilevo","Vasilevo",2021,10552,"2021 Census of Population, Households and Dwellings in the Republic of North Macedonia, State Statistical Office, book (English edition), table T-06 'Total resident population by religious affiliation and sex, by municipalities'. The universe is the total resident population (1,836,713), which includes 132,260 persons whose data were taken from administrative sources. The denominator is each municipality's printed population total.",9214,87.3199,0,0,,,,230.046,,,"mk-census-2021-book-t06-religion-by-municipality|ocha-codab-mkd-adm2-2025","census_affiliation;total_resident_population_universe;single_select_reported_religion;religious_affiliation_percent_is_summed_affiliation_share;no_religion_percent_is_non_believer_atheist_line_only;undeclared_unknown_admin_sources_residuals_in_denominator_neither_slot;administratively_sourced_component_rendered_as_published_never_repaired;shares_need_not_sum_to_100;single_wave_2002_held_frame_break_no_cross_wave_change;sso_copyright_ships_with_attribution_courtesy_ask_recorded;source_categories_verbatim=Православни=5059;Муслимани (ислам)=2557;Католици=468;Христијани=1126;Протестанти=0;Евангелисти=0;Евангелисти-методисти=0;Јеховини сведоци=0;Друго=4;Не е верник (атеист)=0;Не се изјаснил=1;Непознато=0;Лица за кои податоците се преземени од административни извори=1337"
"MK","mk-municipality-2021-ocha-codab-adm2","municipality","mk-municipality-2021-ocha-codab-adm2:veles","veles","Veles",2021,48463,"2021 Census of Population, Households and Dwellings in the Republic of North Macedonia, State Statistical Office, book (English edition), table T-06 'Total resident population by religious affiliation and sex, by municipalities'. The universe is the total resident population (1,836,713), which includes 132,260 persons whose data were taken from administrative sources. The denominator is each municipality's printed population total.",43546,89.8541,143,0.2951,,,,428.0335,,,"mk-census-2021-book-t06-religion-by-municipality|ocha-codab-mkd-adm2-2025","census_affiliation;total_resident_population_universe;single_select_reported_religion;religious_affiliation_percent_is_summed_affiliation_share;no_religion_percent_is_non_believer_atheist_line_only;undeclared_unknown_admin_sources_residuals_in_denominator_neither_slot;administratively_sourced_component_rendered_as_published_never_repaired;shares_need_not_sum_to_100;single_wave_2002_held_frame_break_no_cross_wave_change;sso_copyright_ships_with_attribution_courtesy_ask_recorded;source_categories_verbatim=Православни=24107;Муслимани (ислам)=6286;Католици=50;Христијани=13008;Протестанти=8;Евангелисти=19;Евангелисти-методисти=1;Јеховини сведоци=22;Друго=45;Не е верник (атеист)=143;Не се изјаснил=28;Непознато=28;Лица за кои податоците се преземени од административни извори=4718"
"MK","mk-municipality-2021-ocha-codab-adm2","municipality","mk-municipality-2021-ocha-codab-adm2:vevchani","vevchani","Vevchani",2021,2359,"2021 Census of Population, Households and Dwellings in the Republic of North Macedonia, State Statistical Office, book (English edition), table T-06 'Total resident population by religious affiliation and sex, by municipalities'. The universe is the total resident population (1,836,713), which includes 132,260 persons whose data were taken from administrative sources. The denominator is each municipality's printed population total.",2277,96.524,2,0.0848,,,,22.9864,,,"mk-census-2021-book-t06-religion-by-municipality|ocha-codab-mkd-adm2-2025","census_affiliation;total_resident_population_universe;single_select_reported_religion;religious_affiliation_percent_is_summed_affiliation_share;no_religion_percent_is_non_believer_atheist_line_only;undeclared_unknown_admin_sources_residuals_in_denominator_neither_slot;administratively_sourced_component_rendered_as_published_never_repaired;shares_need_not_sum_to_100;single_wave_2002_held_frame_break_no_cross_wave_change;sso_copyright_ships_with_attribution_courtesy_ask_recorded;source_categories_verbatim=Православни=2161;Муслимани (ислам)=10;Католици=2;Христијани=104;Протестанти=0;Евангелисти=0;Евангелисти-методисти=0;Јеховини сведоци=0;Друго=0;Не е верник (атеист)=2;Не се изјаснил=0;Непознато=0;Лица за кои податоците се преземени од административни извори=80"
"MK","mk-municipality-2021-ocha-codab-adm2","municipality","mk-municipality-2021-ocha-codab-adm2:vinica","vinica","Vinica",2021,14475,"2021 Census of Population, Households and Dwellings in the Republic of North Macedonia, State Statistical Office, book (English edition), table T-06 'Total resident population by religious affiliation and sex, by municipalities'. The universe is the total resident population (1,836,713), which includes 132,260 persons whose data were taken from administrative sources. The denominator is each municipality's printed population total.",13010,89.8791,16,0.1105,,,,432.8054,,,"mk-census-2021-book-t06-religion-by-municipality|ocha-codab-mkd-adm2-2025","census_affiliation;total_resident_population_universe;single_select_reported_religion;religious_affiliation_percent_is_summed_affiliation_share;no_religion_percent_is_non_believer_atheist_line_only;undeclared_unknown_admin_sources_residuals_in_denominator_neither_slot;administratively_sourced_component_rendered_as_published_never_repaired;shares_need_not_sum_to_100;single_wave_2002_held_frame_break_no_cross_wave_change;sso_copyright_ships_with_attribution_courtesy_ask_recorded;source_categories_verbatim=Православни=10530;Муслимани (ислам)=942;Католици=9;Христијани=1504;Протестанти=3;Евангелисти=0;Евангелисти-методисти=0;Јеховини сведоци=7;Друго=15;Не е верник (атеист)=16;Не се изјаснил=12;Непознато=0;Лица за кои податоците се преземени од административни извори=1437"
"MK","mk-municipality-2021-ocha-codab-adm2","municipality","mk-municipality-2021-ocha-codab-adm2:vrapchishte","vrapchishte","Vrapchishte",2021,19842,"2021 Census of Population, Households and Dwellings in the Republic of North Macedonia, State Statistical Office, book (English edition), table T-06 'Total resident population by religious affiliation and sex, by municipalities'. The universe is the total resident population (1,836,713), which includes 132,260 persons whose data were taken from administrative sources. The denominator is each municipality's printed population total.",19104,96.2806,3,0.0151,,,,158.4869,,,"mk-census-2021-book-t06-religion-by-municipality|ocha-codab-mkd-adm2-2025","census_affiliation;total_resident_population_universe;single_select_reported_religion;religious_affiliation_percent_is_summed_affiliation_share;no_religion_percent_is_non_believer_atheist_line_only;undeclared_unknown_admin_sources_residuals_in_denominator_neither_slot;administratively_sourced_component_rendered_as_published_never_repaired;shares_need_not_sum_to_100;single_wave_2002_held_frame_break_no_cross_wave_change;sso_copyright_ships_with_attribution_courtesy_ask_recorded;source_categories_verbatim=Православни=651;Муслимани (ислам)=18224;Католици=5;Христијани=224;Протестанти=0;Евангелисти=0;Евангелисти-методисти=0;Јеховини сведоци=0;Друго=0;Не е верник (атеист)=3;Не се изјаснил=0;Непознато=1;Лица за кои податоците се преземени од административни извори=734"
"MK","mk-municipality-2021-ocha-codab-adm2","municipality","mk-municipality-2021-ocha-codab-adm2:zelenikovo","zelenikovo","Zelenikovo",2021,3361,"2021 Census of Population, Households and Dwellings in the Republic of North Macedonia, State Statistical Office, book (English edition), table T-06 'Total resident population by religious affiliation and sex, by municipalities'. The universe is the total resident population (1,836,713), which includes 132,260 persons whose data were taken from administrative sources. The denominator is each municipality's printed population total.",3103,92.3237,9,0.2678,,,,177.3792,,,"mk-census-2021-book-t06-religion-by-municipality|ocha-codab-mkd-adm2-2025","census_affiliation;total_resident_population_universe;single_select_reported_religion;religious_affiliation_percent_is_summed_affiliation_share;no_religion_percent_is_non_believer_atheist_line_only;undeclared_unknown_admin_sources_residuals_in_denominator_neither_slot;administratively_sourced_component_rendered_as_published_never_repaired;shares_need_not_sum_to_100;single_wave_2002_held_frame_break_no_cross_wave_change;sso_copyright_ships_with_attribution_courtesy_ask_recorded;source_categories_verbatim=Православни=875;Муслимани (ислам)=654;Католици=2;Христијани=1572;Протестанти=0;Евангелисти=0;Евангелисти-методисти=0;Јеховини сведоци=0;Друго=0;Не е верник (атеист)=9;Не се изјаснил=2;Непознато=2;Лица за кои податоците се преземени од административни извори=245"
"MK","mk-municipality-2021-ocha-codab-adm2","municipality","mk-municipality-2021-ocha-codab-adm2:zhelino","zhelino","Zhelino",2021,18988,"2021 Census of Population, Households and Dwellings in the Republic of North Macedonia, State Statistical Office, book (English edition), table T-06 'Total resident population by religious affiliation and sex, by municipalities'. The universe is the total resident population (1,836,713), which includes 132,260 persons whose data were taken from administrative sources. The denominator is each municipality's printed population total.",18203,95.8658,0,0,,,,201.3032,,,"mk-census-2021-book-t06-religion-by-municipality|ocha-codab-mkd-adm2-2025","census_affiliation;total_resident_population_universe;single_select_reported_religion;religious_affiliation_percent_is_summed_affiliation_share;no_religion_percent_is_non_believer_atheist_line_only;undeclared_unknown_admin_sources_residuals_in_denominator_neither_slot;administratively_sourced_component_rendered_as_published_never_repaired;shares_need_not_sum_to_100;single_wave_2002_held_frame_break_no_cross_wave_change;sso_copyright_ships_with_attribution_courtesy_ask_recorded;source_categories_verbatim=Православни=0;Муслимани (ислам)=18193;Католици=1;Христијани=7;Протестанти=0;Евангелисти=0;Евангелисти-методисти=0;Јеховини сведоци=0;Друго=2;Не е верник (атеист)=0;Не се изјаснил=1;Непознато=0;Лица за кои податоците се преземени од административни извори=784"
"MK","mk-municipality-2021-ocha-codab-adm2","municipality","mk-municipality-2021-ocha-codab-adm2:zrnovci","zrnovci","Zrnovci",2021,2086,"2021 Census of Population, Households and Dwellings in the Republic of North Macedonia, State Statistical Office, book (English edition), table T-06 'Total resident population by religious affiliation and sex, by municipalities'. The universe is the total resident population (1,836,713), which includes 132,260 persons whose data were taken from administrative sources. The denominator is each municipality's printed population total.",2006,96.1649,0,0,,,,55.6399,,,"mk-census-2021-book-t06-religion-by-municipality|ocha-codab-mkd-adm2-2025","census_affiliation;total_resident_population_universe;single_select_reported_religion;religious_affiliation_percent_is_summed_affiliation_share;no_religion_percent_is_non_believer_atheist_line_only;undeclared_unknown_admin_sources_residuals_in_denominator_neither_slot;administratively_sourced_component_rendered_as_published_never_repaired;shares_need_not_sum_to_100;single_wave_2002_held_frame_break_no_cross_wave_change;sso_copyright_ships_with_attribution_courtesy_ask_recorded;source_categories_verbatim=Православни=1974;Муслимани (ислам)=4;Католици=2;Христијани=26;Протестанти=0;Евангелисти=0;Евангелисти-методисти=0;Јеховини сведоци=0;Друго=0;Не е верник (атеист)=0;Не се изјаснил=0;Непознато=0;Лица за кои податоците се преземени од административни извори=80"
