"country_code","boundary_set_id","boundary_level","area_unit_id","area_code","area_name","year","population_total","population_total_basis","religious_affiliation_count","religious_affiliation_percent","no_religion_count","no_religion_percent","place_count","places_per_10000_residents","place_density_per_sq_km","land_area_sq_km","site_snapshot_date","place_count_basis","source_dataset_ids","quality_flag"
"KR","kr-si-gun-gu-2018-kostat-harmonised","si_gun_gu","kr-si-gun-gu-2018-kostat-harmonised:11010","11010","Jongno-gu",2005,154043,"KOSIS DT_1IN0505 table total 내국인 (명); 미상 (unknown) remains in the denominator.",86401,56.09,65088,42.25,,,,24,,,"kosis-dt-1in0505-religion-si-gun-gu-2005|southkorea-maps-kostat-municipalities-2018","full_count_census;unknown_category_in_denominator"
"KR","kr-si-gun-gu-2018-kostat-harmonised","si_gun_gu","kr-si-gun-gu-2018-kostat-harmonised:11010","11010","Jongno-gu",2015,143929,"KOSIS DT_1PM1502 table total 계; 2015 religion was collected in the 20% sample survey of the register-based census.",68036,47.27,75893,52.73,,,,24,,,"kosis-dt-1pm1502-religion-si-gun-gu-2015|southkorea-maps-kostat-municipalities-2018","sample_survey_20pct;register_based_census_sample_survey"
"KR","kr-si-gun-gu-2018-kostat-harmonised","si_gun_gu","kr-si-gun-gu-2018-kostat-harmonised:11020","11020","Jung-gu",2005,126679,"KOSIS DT_1IN0505 table total 내국인 (명); 미상 (unknown) remains in the denominator.",63822,50.38,61504,48.55,,,,10.04,,,"kosis-dt-1in0505-religion-si-gun-gu-2005|southkorea-maps-kostat-municipalities-2018","full_count_census;unknown_category_in_denominator"
"KR","kr-si-gun-gu-2018-kostat-harmonised","si_gun_gu","kr-si-gun-gu-2018-kostat-harmonised:11020","11020","Jung-gu",2015,116368,"KOSIS DT_1PM1502 table total 계; 2015 religion was collected in the 20% sample survey of the register-based census.",49775,42.77,66593,57.23,,,,10.04,,,"kosis-dt-1pm1502-religion-si-gun-gu-2015|southkorea-maps-kostat-municipalities-2018","sample_survey_20pct;register_based_census_sample_survey"
"KR","kr-si-gun-gu-2018-kostat-harmonised","si_gun_gu","kr-si-gun-gu-2018-kostat-harmonised:11030","11030","Yongsan-gu",2005,211109,"KOSIS DT_1IN0505 table total 내국인 (명); 미상 (unknown) remains in the denominator.",121376,57.49,86855,41.14,,,,21.8,,,"kosis-dt-1in0505-religion-si-gun-gu-2005|southkorea-maps-kostat-municipalities-2018","full_count_census;unknown_category_in_denominator"
"KR","kr-si-gun-gu-2018-kostat-harmonised","si_gun_gu","kr-si-gun-gu-2018-kostat-harmonised:11030","11030","Yongsan-gu",2015,208785,"KOSIS DT_1PM1502 table total 계; 2015 religion was collected in the 20% sample survey of the register-based census.",105214,50.39,103571,49.61,,,,21.8,,,"kosis-dt-1pm1502-religion-si-gun-gu-2015|southkorea-maps-kostat-municipalities-2018","sample_survey_20pct;register_based_census_sample_survey"
"KR","kr-si-gun-gu-2018-kostat-harmonised","si_gun_gu","kr-si-gun-gu-2018-kostat-harmonised:11040","11040","Seongdong-gu",2005,324986,"KOSIS DT_1IN0505 table total 내국인 (명); 미상 (unknown) remains in the denominator.",167203,51.45,156304,48.1,,,,16.81,,,"kosis-dt-1in0505-religion-si-gun-gu-2005|southkorea-maps-kostat-municipalities-2018","full_count_census;unknown_category_in_denominator"
"KR","kr-si-gun-gu-2018-kostat-harmonised","si_gun_gu","kr-si-gun-gu-2018-kostat-harmonised:11040","11040","Seongdong-gu",2015,281527,"KOSIS DT_1PM1502 table total 계; 2015 religion was collected in the 20% sample survey of the register-based census.",125559,44.6,155968,55.4,,,,16.81,,,"kosis-dt-1pm1502-religion-si-gun-gu-2015|southkorea-maps-kostat-municipalities-2018","sample_survey_20pct;register_based_census_sample_survey"
"KR","kr-si-gun-gu-2018-kostat-harmonised","si_gun_gu","kr-si-gun-gu-2018-kostat-harmonised:11050","11050","Gwangjin-gu",2005,364407,"KOSIS DT_1IN0505 table total 내국인 (명); 미상 (unknown) remains in the denominator.",187904,51.56,175473,48.15,,,,17.03,,,"kosis-dt-1in0505-religion-si-gun-gu-2005|southkorea-maps-kostat-municipalities-2018","full_count_census;unknown_category_in_denominator"
"KR","kr-si-gun-gu-2018-kostat-harmonised","si_gun_gu","kr-si-gun-gu-2018-kostat-harmonised:11050","11050","Gwangjin-gu",2015,346597,"KOSIS DT_1PM1502 table total 계; 2015 religion was collected in the 20% sample survey of the register-based census.",146642,42.31,199955,57.69,,,,17.03,,,"kosis-dt-1pm1502-religion-si-gun-gu-2015|southkorea-maps-kostat-municipalities-2018","sample_survey_20pct;register_based_census_sample_survey"
"KR","kr-si-gun-gu-2018-kostat-harmonised","si_gun_gu","kr-si-gun-gu-2018-kostat-harmonised:11060","11060","Dongdaemun-gu",2005,371024,"KOSIS DT_1IN0505 table total 내국인 (명); 미상 (unknown) remains in the denominator.",191261,51.55,178928,48.23,,,,14.29,,,"kosis-dt-1in0505-religion-si-gun-gu-2005|southkorea-maps-kostat-municipalities-2018","full_count_census;unknown_category_in_denominator"
"KR","kr-si-gun-gu-2018-kostat-harmonised","si_gun_gu","kr-si-gun-gu-2018-kostat-harmonised:11060","11060","Dongdaemun-gu",2015,345467,"KOSIS DT_1PM1502 table total 계; 2015 religion was collected in the 20% sample survey of the register-based census.",145889,42.23,199578,57.77,,,,14.29,,,"kosis-dt-1pm1502-religion-si-gun-gu-2015|southkorea-maps-kostat-municipalities-2018","sample_survey_20pct;register_based_census_sample_survey"
"KR","kr-si-gun-gu-2018-kostat-harmonised","si_gun_gu","kr-si-gun-gu-2018-kostat-harmonised:11070","11070","Jungnang-gu",2005,412380,"KOSIS DT_1IN0505 table total 내국인 (명); 미상 (unknown) remains in the denominator.",209000,50.68,202107,49.01,,,,18.49,,,"kosis-dt-1in0505-religion-si-gun-gu-2005|southkorea-maps-kostat-municipalities-2018","full_count_census;unknown_category_in_denominator"
"KR","kr-si-gun-gu-2018-kostat-harmonised","si_gun_gu","kr-si-gun-gu-2018-kostat-harmonised:11070","11070","Jungnang-gu",2015,392342,"KOSIS DT_1PM1502 table total 계; 2015 religion was collected in the 20% sample survey of the register-based census.",157769,40.21,234573,59.79,,,,18.49,,,"kosis-dt-1pm1502-religion-si-gun-gu-2015|southkorea-maps-kostat-municipalities-2018","sample_survey_20pct;register_based_census_sample_survey"
"KR","kr-si-gun-gu-2018-kostat-harmonised","si_gun_gu","kr-si-gun-gu-2018-kostat-harmonised:11080","11080","Seongbuk-gu",2005,440254,"KOSIS DT_1IN0505 table total 내국인 (명); 미상 (unknown) remains in the denominator.",237578,53.96,199244,45.26,,,,24.54,,,"kosis-dt-1in0505-religion-si-gun-gu-2005|southkorea-maps-kostat-municipalities-2018","full_count_census;unknown_category_in_denominator"
"KR","kr-si-gun-gu-2018-kostat-harmonised","si_gun_gu","kr-si-gun-gu-2018-kostat-harmonised:11080","11080","Seongbuk-gu",2015,440308,"KOSIS DT_1PM1502 table total 계; 2015 religion was collected in the 20% sample survey of the register-based census.",199912,45.4,240396,54.6,,,,24.54,,,"kosis-dt-1pm1502-religion-si-gun-gu-2015|southkorea-maps-kostat-municipalities-2018","sample_survey_20pct;register_based_census_sample_survey"
"KR","kr-si-gun-gu-2018-kostat-harmonised","si_gun_gu","kr-si-gun-gu-2018-kostat-harmonised:11090","11090","Gangbuk-gu",2005,338422,"KOSIS DT_1IN0505 table total 내국인 (명); 미상 (unknown) remains in the denominator.",180305,53.28,154752,45.73,,,,23.61,,,"kosis-dt-1in0505-religion-si-gun-gu-2005|southkorea-maps-kostat-municipalities-2018","full_count_census;unknown_category_in_denominator"
"KR","kr-si-gun-gu-2018-kostat-harmonised","si_gun_gu","kr-si-gun-gu-2018-kostat-harmonised:11090","11090","Gangbuk-gu",2015,311548,"KOSIS DT_1PM1502 table total 계; 2015 religion was collected in the 20% sample survey of the register-based census.",137773,44.22,173775,55.78,,,,23.61,,,"kosis-dt-1pm1502-religion-si-gun-gu-2015|southkorea-maps-kostat-municipalities-2018","sample_survey_20pct;register_based_census_sample_survey"
"KR","kr-si-gun-gu-2018-kostat-harmonised","si_gun_gu","kr-si-gun-gu-2018-kostat-harmonised:11100","11100","Dobong-gu",2005,367998,"KOSIS DT_1IN0505 table total 내국인 (명); 미상 (unknown) remains in the denominator.",198117,53.84,169756,46.13,,,,20.68,,,"kosis-dt-1in0505-religion-si-gun-gu-2005|southkorea-maps-kostat-municipalities-2018","full_count_census;unknown_category_in_denominator"
"KR","kr-si-gun-gu-2018-kostat-harmonised","si_gun_gu","kr-si-gun-gu-2018-kostat-harmonised:11100","11100","Dobong-gu",2015,333130,"KOSIS DT_1PM1502 table total 계; 2015 religion was collected in the 20% sample survey of the register-based census.",149436,44.86,183694,55.14,,,,20.68,,,"kosis-dt-1pm1502-religion-si-gun-gu-2015|southkorea-maps-kostat-municipalities-2018","sample_survey_20pct;register_based_census_sample_survey"
"KR","kr-si-gun-gu-2018-kostat-harmonised","si_gun_gu","kr-si-gun-gu-2018-kostat-harmonised:11110","11110","Nowon-gu",2005,603238,"KOSIS DT_1IN0505 table total 내국인 (명); 미상 (unknown) remains in the denominator.",324364,53.77,278681,46.2,,,,35.58,,,"kosis-dt-1in0505-religion-si-gun-gu-2005|southkorea-maps-kostat-municipalities-2018","full_count_census;unknown_category_in_denominator"
"KR","kr-si-gun-gu-2018-kostat-harmonised","si_gun_gu","kr-si-gun-gu-2018-kostat-harmonised:11110","11110","Nowon-gu",2015,551075,"KOSIS DT_1PM1502 table total 계; 2015 religion was collected in the 20% sample survey of the register-based census.",244056,44.29,307019,55.71,,,,35.58,,,"kosis-dt-1pm1502-religion-si-gun-gu-2015|southkorea-maps-kostat-municipalities-2018","sample_survey_20pct;register_based_census_sample_survey"
"KR","kr-si-gun-gu-2018-kostat-harmonised","si_gun_gu","kr-si-gun-gu-2018-kostat-harmonised:11120","11120","Eunpyeong-gu",2005,446550,"KOSIS DT_1IN0505 table total 내국인 (명); 미상 (unknown) remains in the denominator.",247116,55.34,198120,44.37,,,,29.66,,,"kosis-dt-1in0505-religion-si-gun-gu-2005|southkorea-maps-kostat-municipalities-2018","full_count_census;unknown_category_in_denominator"
"KR","kr-si-gun-gu-2018-kostat-harmonised","si_gun_gu","kr-si-gun-gu-2018-kostat-harmonised:11120","11120","Eunpyeong-gu",2015,467034,"KOSIS DT_1PM1502 table total 계; 2015 religion was collected in the 20% sample survey of the register-based census.",216617,46.38,250417,53.62,,,,29.66,,,"kosis-dt-1pm1502-religion-si-gun-gu-2015|southkorea-maps-kostat-municipalities-2018","sample_survey_20pct;register_based_census_sample_survey"
"KR","kr-si-gun-gu-2018-kostat-harmonised","si_gun_gu","kr-si-gun-gu-2018-kostat-harmonised:11130","11130","Seodaemun-gu",2005,340327,"KOSIS DT_1IN0505 table total 내국인 (명); 미상 (unknown) remains in the denominator.",188040,55.25,150142,44.12,,,,17.68,,,"kosis-dt-1in0505-religion-si-gun-gu-2005|southkorea-maps-kostat-municipalities-2018","full_count_census;unknown_category_in_denominator"
"KR","kr-si-gun-gu-2018-kostat-harmonised","si_gun_gu","kr-si-gun-gu-2018-kostat-harmonised:11130","11130","Seodaemun-gu",2015,294018,"KOSIS DT_1PM1502 table total 계; 2015 religion was collected in the 20% sample survey of the register-based census.",142029,48.31,151989,51.69,,,,17.68,,,"kosis-dt-1pm1502-religion-si-gun-gu-2015|southkorea-maps-kostat-municipalities-2018","sample_survey_20pct;register_based_census_sample_survey"
"KR","kr-si-gun-gu-2018-kostat-harmonised","si_gun_gu","kr-si-gun-gu-2018-kostat-harmonised:11140","11140","Mapo-gu",2005,370790,"KOSIS DT_1IN0505 table total 내국인 (명); 미상 (unknown) remains in the denominator.",199693,53.86,169367,45.68,,,,23.87,,,"kosis-dt-1in0505-religion-si-gun-gu-2005|southkorea-maps-kostat-municipalities-2018","full_count_census;unknown_category_in_denominator"
"KR","kr-si-gun-gu-2018-kostat-harmonised","si_gun_gu","kr-si-gun-gu-2018-kostat-harmonised:11140","11140","Mapo-gu",2015,365628,"KOSIS DT_1PM1502 table total 계; 2015 religion was collected in the 20% sample survey of the register-based census.",166996,45.67,198632,54.33,,,,23.87,,,"kosis-dt-1pm1502-religion-si-gun-gu-2015|southkorea-maps-kostat-municipalities-2018","sample_survey_20pct;register_based_census_sample_survey"
"KR","kr-si-gun-gu-2018-kostat-harmonised","si_gun_gu","kr-si-gun-gu-2018-kostat-harmonised:11150","11150","Yangcheon-gu",2005,472751,"KOSIS DT_1IN0505 table total 내국인 (명); 미상 (unknown) remains in the denominator.",263774,55.8,204564,43.27,,,,17.28,,,"kosis-dt-1in0505-religion-si-gun-gu-2005|southkorea-maps-kostat-municipalities-2018","full_count_census;unknown_category_in_denominator"
"KR","kr-si-gun-gu-2018-kostat-harmonised","si_gun_gu","kr-si-gun-gu-2018-kostat-harmonised:11150","11150","Yangcheon-gu",2015,453350,"KOSIS DT_1PM1502 table total 계; 2015 religion was collected in the 20% sample survey of the register-based census.",216129,47.67,237221,52.33,,,,17.28,,,"kosis-dt-1pm1502-religion-si-gun-gu-2015|southkorea-maps-kostat-municipalities-2018","sample_survey_20pct;register_based_census_sample_survey"
"KR","kr-si-gun-gu-2018-kostat-harmonised","si_gun_gu","kr-si-gun-gu-2018-kostat-harmonised:11160","11160","Gangseo-gu",2005,537701,"KOSIS DT_1IN0505 table total 내국인 (명); 미상 (unknown) remains in the denominator.",295751,55,240255,44.68,,,,41.55,,,"kosis-dt-1in0505-religion-si-gun-gu-2005|southkorea-maps-kostat-municipalities-2018","full_count_census;unknown_category_in_denominator"
"KR","kr-si-gun-gu-2018-kostat-harmonised","si_gun_gu","kr-si-gun-gu-2018-kostat-harmonised:11160","11160","Gangseo-gu",2015,555547,"KOSIS DT_1PM1502 table total 계; 2015 religion was collected in the 20% sample survey of the register-based census.",255034,45.91,300513,54.09,,,,41.55,,,"kosis-dt-1pm1502-religion-si-gun-gu-2015|southkorea-maps-kostat-municipalities-2018","sample_survey_20pct;register_based_census_sample_survey"
"KR","kr-si-gun-gu-2018-kostat-harmonised","si_gun_gu","kr-si-gun-gu-2018-kostat-harmonised:11170","11170","Guro-gu",2005,402093,"KOSIS DT_1IN0505 table total 내국인 (명); 미상 (unknown) remains in the denominator.",210389,52.32,190076,47.27,,,,20.05,,,"kosis-dt-1in0505-religion-si-gun-gu-2005|southkorea-maps-kostat-municipalities-2018","full_count_census;unknown_category_in_denominator"
"KR","kr-si-gun-gu-2018-kostat-harmonised","si_gun_gu","kr-si-gun-gu-2018-kostat-harmonised:11170","11170","Guro-gu",2015,400778,"KOSIS DT_1PM1502 table total 계; 2015 religion was collected in the 20% sample survey of the register-based census.",175813,43.87,224965,56.13,,,,20.05,,,"kosis-dt-1pm1502-religion-si-gun-gu-2015|southkorea-maps-kostat-municipalities-2018","sample_survey_20pct;register_based_census_sample_survey"
"KR","kr-si-gun-gu-2018-kostat-harmonised","si_gun_gu","kr-si-gun-gu-2018-kostat-harmonised:11180","11180","Geumcheon-gu",2005,249375,"KOSIS DT_1IN0505 table total 내국인 (명); 미상 (unknown) remains in the denominator.",125833,50.46,121006,48.52,,,,13.02,,,"kosis-dt-1in0505-religion-si-gun-gu-2005|southkorea-maps-kostat-municipalities-2018","full_count_census;unknown_category_in_denominator"
"KR","kr-si-gun-gu-2018-kostat-harmonised","si_gun_gu","kr-si-gun-gu-2018-kostat-harmonised:11180","11180","Geumcheon-gu",2015,222743,"KOSIS DT_1PM1502 table total 계; 2015 religion was collected in the 20% sample survey of the register-based census.",90619,40.68,132124,59.32,,,,13.02,,,"kosis-dt-1pm1502-religion-si-gun-gu-2015|southkorea-maps-kostat-municipalities-2018","sample_survey_20pct;register_based_census_sample_survey"
"KR","kr-si-gun-gu-2018-kostat-harmonised","si_gun_gu","kr-si-gun-gu-2018-kostat-harmonised:11190","11190","Yeongdeungpo-gu",2005,392507,"KOSIS DT_1IN0505 table total 내국인 (명); 미상 (unknown) remains in the denominator.",207996,52.99,181692,46.29,,,,24.55,,,"kosis-dt-1in0505-religion-si-gun-gu-2005|southkorea-maps-kostat-municipalities-2018","full_count_census;unknown_category_in_denominator"
"KR","kr-si-gun-gu-2018-kostat-harmonised","si_gun_gu","kr-si-gun-gu-2018-kostat-harmonised:11190","11190","Yeongdeungpo-gu",2015,352557,"KOSIS DT_1PM1502 table total 계; 2015 religion was collected in the 20% sample survey of the register-based census.",159810,45.33,192747,54.67,,,,24.55,,,"kosis-dt-1pm1502-religion-si-gun-gu-2015|southkorea-maps-kostat-municipalities-2018","sample_survey_20pct;register_based_census_sample_survey"
"KR","kr-si-gun-gu-2018-kostat-harmonised","si_gun_gu","kr-si-gun-gu-2018-kostat-harmonised:11200","11200","Dongjak-gu",2005,407644,"KOSIS DT_1IN0505 table total 내국인 (명); 미상 (unknown) remains in the denominator.",229422,56.28,175374,43.02,,,,16.38,,,"kosis-dt-1in0505-religion-si-gun-gu-2005|southkorea-maps-kostat-municipalities-2018","full_count_census;unknown_category_in_denominator"
"KR","kr-si-gun-gu-2018-kostat-harmonised","si_gun_gu","kr-si-gun-gu-2018-kostat-harmonised:11200","11200","Dongjak-gu",2015,388211,"KOSIS DT_1PM1502 table total 계; 2015 religion was collected in the 20% sample survey of the register-based census.",186862,48.13,201349,51.87,,,,16.38,,,"kosis-dt-1pm1502-religion-si-gun-gu-2015|southkorea-maps-kostat-municipalities-2018","sample_survey_20pct;register_based_census_sample_survey"
"KR","kr-si-gun-gu-2018-kostat-harmonised","si_gun_gu","kr-si-gun-gu-2018-kostat-harmonised:11210","11210","Gwanak-gu",2005,527690,"KOSIS DT_1IN0505 table total 내국인 (명); 미상 (unknown) remains in the denominator.",279995,53.06,245617,46.55,,,,29.66,,,"kosis-dt-1in0505-religion-si-gun-gu-2005|southkorea-maps-kostat-municipalities-2018","full_count_census;unknown_category_in_denominator"
"KR","kr-si-gun-gu-2018-kostat-harmonised","si_gun_gu","kr-si-gun-gu-2018-kostat-harmonised:11210","11210","Gwanak-gu",2015,489752,"KOSIS DT_1PM1502 table total 계; 2015 religion was collected in the 20% sample survey of the register-based census.",217973,44.51,271779,55.49,,,,29.66,,,"kosis-dt-1pm1502-religion-si-gun-gu-2015|southkorea-maps-kostat-municipalities-2018","sample_survey_20pct;register_based_census_sample_survey"
"KR","kr-si-gun-gu-2018-kostat-harmonised","si_gun_gu","kr-si-gun-gu-2018-kostat-harmonised:11220","11220","Seocho-gu",2005,370850,"KOSIS DT_1IN0505 table total 내국인 (명); 미상 (unknown) remains in the denominator.",231210,62.35,137705,37.13,,,,46.89,,,"kosis-dt-1in0505-religion-si-gun-gu-2005|southkorea-maps-kostat-municipalities-2018","full_count_census;unknown_category_in_denominator"
"KR","kr-si-gun-gu-2018-kostat-harmonised","si_gun_gu","kr-si-gun-gu-2018-kostat-harmonised:11220","11220","Seocho-gu",2015,408646,"KOSIS DT_1PM1502 table total 계; 2015 religion was collected in the 20% sample survey of the register-based census.",226816,55.5,181830,44.5,,,,46.89,,,"kosis-dt-1pm1502-religion-si-gun-gu-2015|southkorea-maps-kostat-municipalities-2018","sample_survey_20pct;register_based_census_sample_survey"
"KR","kr-si-gun-gu-2018-kostat-harmonised","si_gun_gu","kr-si-gun-gu-2018-kostat-harmonised:11230","11230","Gangnam-gu",2005,508108,"KOSIS DT_1IN0505 table total 내국인 (명); 미상 (unknown) remains in the denominator.",305284,60.08,194077,38.2,,,,39.39,,,"kosis-dt-1in0505-religion-si-gun-gu-2005|southkorea-maps-kostat-municipalities-2018","full_count_census;unknown_category_in_denominator"
"KR","kr-si-gun-gu-2018-kostat-harmonised","si_gun_gu","kr-si-gun-gu-2018-kostat-harmonised:11230","11230","Gangnam-gu",2015,525874,"KOSIS DT_1PM1502 table total 계; 2015 religion was collected in the 20% sample survey of the register-based census.",282347,53.69,243527,46.31,,,,39.39,,,"kosis-dt-1pm1502-religion-si-gun-gu-2015|southkorea-maps-kostat-municipalities-2018","sample_survey_20pct;register_based_census_sample_survey"
"KR","kr-si-gun-gu-2018-kostat-harmonised","si_gun_gu","kr-si-gun-gu-2018-kostat-harmonised:11240","11240","Songpa-gu",2005,577362,"KOSIS DT_1IN0505 table total 내국인 (명); 미상 (unknown) remains in the denominator.",330937,57.32,242735,42.04,,,,33.82,,,"kosis-dt-1in0505-religion-si-gun-gu-2005|southkorea-maps-kostat-municipalities-2018","full_count_census;unknown_category_in_denominator"
"KR","kr-si-gun-gu-2018-kostat-harmonised","si_gun_gu","kr-si-gun-gu-2018-kostat-harmonised:11240","11240","Songpa-gu",2015,616984,"KOSIS DT_1PM1502 table total 계; 2015 religion was collected in the 20% sample survey of the register-based census.",310746,50.37,306238,49.63,,,,33.82,,,"kosis-dt-1pm1502-religion-si-gun-gu-2015|southkorea-maps-kostat-municipalities-2018","sample_survey_20pct;register_based_census_sample_survey"
"KR","kr-si-gun-gu-2018-kostat-harmonised","si_gun_gu","kr-si-gun-gu-2018-kostat-harmonised:11250","11250","Gangdong-gu",2005,444258,"KOSIS DT_1IN0505 table total 내국인 (명); 미상 (unknown) remains in the denominator.",253085,56.97,189823,42.73,,,,24.54,,,"kosis-dt-1in0505-religion-si-gun-gu-2005|southkorea-maps-kostat-municipalities-2018","full_count_census;unknown_category_in_denominator"
"KR","kr-si-gun-gu-2018-kostat-harmonised","si_gun_gu","kr-si-gun-gu-2018-kostat-harmonised:11250","11250","Gangdong-gu",2015,432598,"KOSIS DT_1PM1502 table total 계; 2015 religion was collected in the 20% sample survey of the register-based census.",208975,48.31,223623,51.69,,,,24.54,,,"kosis-dt-1pm1502-religion-si-gun-gu-2015|southkorea-maps-kostat-municipalities-2018","sample_survey_20pct;register_based_census_sample_survey"
"KR","kr-si-gun-gu-2018-kostat-harmonised","si_gun_gu","kr-si-gun-gu-2018-kostat-harmonised:21010","21010","Jung-gu",2005,52199,"KOSIS DT_1IN0505 table total 내국인 (명); 미상 (unknown) remains in the denominator.",30706,58.82,21485,41.16,,,,3.02,,,"kosis-dt-1in0505-religion-si-gun-gu-2005|southkorea-maps-kostat-municipalities-2018","full_count_census;unknown_category_in_denominator"
"KR","kr-si-gun-gu-2018-kostat-harmonised","si_gun_gu","kr-si-gun-gu-2018-kostat-harmonised:21010","21010","Jung-gu",2015,43102,"KOSIS DT_1PM1502 table total 계; 2015 religion was collected in the 20% sample survey of the register-based census.",21820,50.62,21282,49.38,,,,3.02,,,"kosis-dt-1pm1502-religion-si-gun-gu-2015|southkorea-maps-kostat-municipalities-2018","sample_survey_20pct;register_based_census_sample_survey"
"KR","kr-si-gun-gu-2018-kostat-harmonised","si_gun_gu","kr-si-gun-gu-2018-kostat-harmonised:21020","21020","Seo-gu",2005,132734,"KOSIS DT_1IN0505 table total 내국인 (명); 미상 (unknown) remains in the denominator.",82285,61.99,50062,37.72,,,,14.12,,,"kosis-dt-1in0505-religion-si-gun-gu-2005|southkorea-maps-kostat-municipalities-2018","full_count_census;unknown_category_in_denominator"
"KR","kr-si-gun-gu-2018-kostat-harmonised","si_gun_gu","kr-si-gun-gu-2018-kostat-harmonised:21020","21020","Seo-gu",2015,109113,"KOSIS DT_1PM1502 table total 계; 2015 religion was collected in the 20% sample survey of the register-based census.",55633,50.99,53480,49.01,,,,14.12,,,"kosis-dt-1pm1502-religion-si-gun-gu-2015|southkorea-maps-kostat-municipalities-2018","sample_survey_20pct;register_based_census_sample_survey"
"KR","kr-si-gun-gu-2018-kostat-harmonised","si_gun_gu","kr-si-gun-gu-2018-kostat-harmonised:21030","21030","Dong-gu",2005,103226,"KOSIS DT_1IN0505 table total 내국인 (명); 미상 (unknown) remains in the denominator.",63108,61.14,39926,38.68,,,,10.07,,,"kosis-dt-1in0505-religion-si-gun-gu-2005|southkorea-maps-kostat-municipalities-2018","full_count_census;unknown_category_in_denominator"
"KR","kr-si-gun-gu-2018-kostat-harmonised","si_gun_gu","kr-si-gun-gu-2018-kostat-harmonised:21030","21030","Dong-gu",2015,86390,"KOSIS DT_1PM1502 table total 계; 2015 religion was collected in the 20% sample survey of the register-based census.",44030,50.97,42360,49.03,,,,10.07,,,"kosis-dt-1pm1502-religion-si-gun-gu-2015|southkorea-maps-kostat-municipalities-2018","sample_survey_20pct;register_based_census_sample_survey"
"KR","kr-si-gun-gu-2018-kostat-harmonised","si_gun_gu","kr-si-gun-gu-2018-kostat-harmonised:21040","21040","Yeongdo-gu",2005,157538,"KOSIS DT_1IN0505 table total 내국인 (명); 미상 (unknown) remains in the denominator.",95594,60.68,61591,39.1,,,,14.71,,,"kosis-dt-1in0505-religion-si-gun-gu-2005|southkorea-maps-kostat-municipalities-2018","full_count_census;unknown_category_in_denominator"
"KR","kr-si-gun-gu-2018-kostat-harmonised","si_gun_gu","kr-si-gun-gu-2018-kostat-harmonised:21040","21040","Yeongdo-gu",2015,126170,"KOSIS DT_1PM1502 table total 계; 2015 religion was collected in the 20% sample survey of the register-based census.",62120,49.24,64050,50.76,,,,14.71,,,"kosis-dt-1pm1502-religion-si-gun-gu-2015|southkorea-maps-kostat-municipalities-2018","sample_survey_20pct;register_based_census_sample_survey"
"KR","kr-si-gun-gu-2018-kostat-harmonised","si_gun_gu","kr-si-gun-gu-2018-kostat-harmonised:21050","21050","Busanjin-gu",2005,398284,"KOSIS DT_1IN0505 table total 내국인 (명); 미상 (unknown) remains in the denominator.",228760,57.44,167434,42.04,,,,29.81,,,"kosis-dt-1in0505-religion-si-gun-gu-2005|southkorea-maps-kostat-municipalities-2018","full_count_census;unknown_category_in_denominator"
"KR","kr-si-gun-gu-2018-kostat-harmonised","si_gun_gu","kr-si-gun-gu-2018-kostat-harmonised:21050","21050","Busanjin-gu",2015,369021,"KOSIS DT_1PM1502 table total 계; 2015 religion was collected in the 20% sample survey of the register-based census.",171931,46.59,197090,53.41,,,,29.81,,,"kosis-dt-1pm1502-religion-si-gun-gu-2015|southkorea-maps-kostat-municipalities-2018","sample_survey_20pct;register_based_census_sample_survey"
"KR","kr-si-gun-gu-2018-kostat-harmonised","si_gun_gu","kr-si-gun-gu-2018-kostat-harmonised:21060","21060","Dongnae-gu",2005,261684,"KOSIS DT_1IN0505 table total 내국인 (명); 미상 (unknown) remains in the denominator.",157951,60.36,103510,39.56,,,,16.7,,,"kosis-dt-1in0505-religion-si-gun-gu-2005|southkorea-maps-kostat-municipalities-2018","full_count_census;unknown_category_in_denominator"
"KR","kr-si-gun-gu-2018-kostat-harmonised","si_gun_gu","kr-si-gun-gu-2018-kostat-harmonised:21060","21060","Dongnae-gu",2015,257431,"KOSIS DT_1PM1502 table total 계; 2015 religion was collected in the 20% sample survey of the register-based census.",125949,48.93,131482,51.07,,,,16.7,,,"kosis-dt-1pm1502-religion-si-gun-gu-2015|southkorea-maps-kostat-municipalities-2018","sample_survey_20pct;register_based_census_sample_survey"
"KR","kr-si-gun-gu-2018-kostat-harmonised","si_gun_gu","kr-si-gun-gu-2018-kostat-harmonised:21070","21070","Nam-gu",2005,293240,"KOSIS DT_1IN0505 table total 내국인 (명); 미상 (unknown) remains in the denominator.",172848,58.94,119935,40.9,,,,27.19,,,"kosis-dt-1in0505-religion-si-gun-gu-2005|southkorea-maps-kostat-municipalities-2018","full_count_census;unknown_category_in_denominator"
"KR","kr-si-gun-gu-2018-kostat-harmonised","si_gun_gu","kr-si-gun-gu-2018-kostat-harmonised:21070","21070","Nam-gu",2015,276511,"KOSIS DT_1PM1502 table total 계; 2015 religion was collected in the 20% sample survey of the register-based census.",129053,46.67,147458,53.33,,,,27.19,,,"kosis-dt-1pm1502-religion-si-gun-gu-2015|southkorea-maps-kostat-municipalities-2018","sample_survey_20pct;register_based_census_sample_survey"
"KR","kr-si-gun-gu-2018-kostat-harmonised","si_gun_gu","kr-si-gun-gu-2018-kostat-harmonised:21080","21080","Buk-gu",2005,328939,"KOSIS DT_1IN0505 table total 내국인 (명); 미상 (unknown) remains in the denominator.",181684,55.23,145668,44.28,,,,39.64,,,"kosis-dt-1in0505-religion-si-gun-gu-2005|southkorea-maps-kostat-municipalities-2018","full_count_census;unknown_category_in_denominator"
"KR","kr-si-gun-gu-2018-kostat-harmonised","si_gun_gu","kr-si-gun-gu-2018-kostat-harmonised:21080","21080","Buk-gu",2015,293418,"KOSIS DT_1PM1502 table total 계; 2015 religion was collected in the 20% sample survey of the register-based census.",125325,42.71,168093,57.29,,,,39.64,,,"kosis-dt-1pm1502-religion-si-gun-gu-2015|southkorea-maps-kostat-municipalities-2018","sample_survey_20pct;register_based_census_sample_survey"
"KR","kr-si-gun-gu-2018-kostat-harmonised","si_gun_gu","kr-si-gun-gu-2018-kostat-harmonised:21090","21090","Haeundae-gu",2005,392564,"KOSIS DT_1IN0505 table total 내국인 (명); 미상 (unknown) remains in the denominator.",223543,56.94,167035,42.55,,,,52.17,,,"kosis-dt-1in0505-religion-si-gun-gu-2005|southkorea-maps-kostat-municipalities-2018","full_count_census;unknown_category_in_denominator"
"KR","kr-si-gun-gu-2018-kostat-harmonised","si_gun_gu","kr-si-gun-gu-2018-kostat-harmonised:21090","21090","Haeundae-gu",2015,399529,"KOSIS DT_1PM1502 table total 계; 2015 religion was collected in the 20% sample survey of the register-based census.",191135,47.84,208394,52.16,,,,52.17,,,"kosis-dt-1pm1502-religion-si-gun-gu-2015|southkorea-maps-kostat-municipalities-2018","sample_survey_20pct;register_based_census_sample_survey"
"KR","kr-si-gun-gu-2018-kostat-harmonised","si_gun_gu","kr-si-gun-gu-2018-kostat-harmonised:21100","21100","Saha-gu",2005,358514,"KOSIS DT_1IN0505 table total 내국인 (명); 미상 (unknown) remains in the denominator.",202203,56.4,155146,43.27,,,,47.26,,,"kosis-dt-1in0505-religion-si-gun-gu-2005|southkorea-maps-kostat-municipalities-2018","full_count_census;unknown_category_in_denominator"
"KR","kr-si-gun-gu-2018-kostat-harmonised","si_gun_gu","kr-si-gun-gu-2018-kostat-harmonised:21100","21100","Saha-gu",2015,325514,"KOSIS DT_1PM1502 table total 계; 2015 religion was collected in the 20% sample survey of the register-based census.",146772,45.09,178742,54.91,,,,47.26,,,"kosis-dt-1pm1502-religion-si-gun-gu-2015|southkorea-maps-kostat-municipalities-2018","sample_survey_20pct;register_based_census_sample_survey"
"KR","kr-si-gun-gu-2018-kostat-harmonised","si_gun_gu","kr-si-gun-gu-2018-kostat-harmonised:21110","21110","Geumjeong-gu",2005,258419,"KOSIS DT_1IN0505 table total 내국인 (명); 미상 (unknown) remains in the denominator.",153232,59.3,103477,40.04,,,,65.69,,,"kosis-dt-1in0505-religion-si-gun-gu-2005|southkorea-maps-kostat-municipalities-2018","full_count_census;unknown_category_in_denominator"
"KR","kr-si-gun-gu-2018-kostat-harmonised","si_gun_gu","kr-si-gun-gu-2018-kostat-harmonised:21110","21110","Geumjeong-gu",2015,242360,"KOSIS DT_1PM1502 table total 계; 2015 religion was collected in the 20% sample survey of the register-based census.",119265,49.21,123095,50.79,,,,65.69,,,"kosis-dt-1pm1502-religion-si-gun-gu-2015|southkorea-maps-kostat-municipalities-2018","sample_survey_20pct;register_based_census_sample_survey"
"KR","kr-si-gun-gu-2018-kostat-harmonised","si_gun_gu","kr-si-gun-gu-2018-kostat-harmonised:21120","21120","Gangseo-gu",2005,45726,"KOSIS DT_1IN0505 table total 내국인 (명); 미상 (unknown) remains in the denominator.",28778,62.94,16895,36.95,,,,185.07,,,"kosis-dt-1in0505-religion-si-gun-gu-2005|southkorea-maps-kostat-municipalities-2018","full_count_census;unknown_category_in_denominator"
"KR","kr-si-gun-gu-2018-kostat-harmonised","si_gun_gu","kr-si-gun-gu-2018-kostat-harmonised:21120","21120","Gangseo-gu",2015,85415,"KOSIS DT_1PM1502 table total 계; 2015 religion was collected in the 20% sample survey of the register-based census.",39435,46.17,45980,53.83,,,,185.07,,,"kosis-dt-1pm1502-religion-si-gun-gu-2015|southkorea-maps-kostat-municipalities-2018","sample_survey_20pct;register_based_census_sample_survey"
"KR","kr-si-gun-gu-2018-kostat-harmonised","si_gun_gu","kr-si-gun-gu-2018-kostat-harmonised:21130","21130","Yeonje-gu",2005,211437,"KOSIS DT_1IN0505 table total 내국인 (명); 미상 (unknown) remains in the denominator.",124391,58.83,85819,40.59,,,,12.14,,,"kosis-dt-1in0505-religion-si-gun-gu-2005|southkorea-maps-kostat-municipalities-2018","full_count_census;unknown_category_in_denominator"
"KR","kr-si-gun-gu-2018-kostat-harmonised","si_gun_gu","kr-si-gun-gu-2018-kostat-harmonised:21130","21130","Yeonje-gu",2015,199947,"KOSIS DT_1PM1502 table total 계; 2015 religion was collected in the 20% sample survey of the register-based census.",94854,47.44,105093,52.56,,,,12.14,,,"kosis-dt-1pm1502-religion-si-gun-gu-2015|southkorea-maps-kostat-municipalities-2018","sample_survey_20pct;register_based_census_sample_survey"
"KR","kr-si-gun-gu-2018-kostat-harmonised","si_gun_gu","kr-si-gun-gu-2018-kostat-harmonised:21140","21140","Suyeong-gu",2005,172189,"KOSIS DT_1IN0505 table total 내국인 (명); 미상 (unknown) remains in the denominator.",107463,62.41,64442,37.43,,,,10.31,,,"kosis-dt-1in0505-religion-si-gun-gu-2005|southkorea-maps-kostat-municipalities-2018","full_count_census;unknown_category_in_denominator"
"KR","kr-si-gun-gu-2018-kostat-harmonised","si_gun_gu","kr-si-gun-gu-2018-kostat-harmonised:21140","21140","Suyeong-gu",2015,169457,"KOSIS DT_1PM1502 table total 계; 2015 religion was collected in the 20% sample survey of the register-based census.",84114,49.64,85343,50.36,,,,10.31,,,"kosis-dt-1pm1502-religion-si-gun-gu-2015|southkorea-maps-kostat-municipalities-2018","sample_survey_20pct;register_based_census_sample_survey"
"KR","kr-si-gun-gu-2018-kostat-harmonised","si_gun_gu","kr-si-gun-gu-2018-kostat-harmonised:21150","21150","Sasang-gu",2005,273223,"KOSIS DT_1IN0505 table total 내국인 (명); 미상 (unknown) remains in the denominator.",146458,53.6,123015,45.02,,,,36.16,,,"kosis-dt-1in0505-religion-si-gun-gu-2005|southkorea-maps-kostat-municipalities-2018","full_count_census;unknown_category_in_denominator"
"KR","kr-si-gun-gu-2018-kostat-harmonised","si_gun_gu","kr-si-gun-gu-2018-kostat-harmonised:21150","21150","Sasang-gu",2015,232205,"KOSIS DT_1PM1502 table total 계; 2015 religion was collected in the 20% sample survey of the register-based census.",96932,41.74,135273,58.26,,,,36.16,,,"kosis-dt-1pm1502-religion-si-gun-gu-2015|southkorea-maps-kostat-municipalities-2018","sample_survey_20pct;register_based_census_sample_survey"
"KR","kr-si-gun-gu-2018-kostat-harmonised","si_gun_gu","kr-si-gun-gu-2018-kostat-harmonised:21310","21310","Gijang-gun",2005,72631,"KOSIS DT_1IN0505 table total 내국인 (명); 미상 (unknown) remains in the denominator.",44768,61.64,27605,38.01,,,,219.2,,,"kosis-dt-1in0505-religion-si-gun-gu-2005|southkorea-maps-kostat-municipalities-2018","full_count_census;unknown_category_in_denominator"
"KR","kr-si-gun-gu-2018-kostat-harmonised","si_gun_gu","kr-si-gun-gu-2018-kostat-harmonised:21310","21310","Gijang-gun",2015,144363,"KOSIS DT_1PM1502 table total 계; 2015 religion was collected in the 20% sample survey of the register-based census.",66247,45.89,78116,54.11,,,,219.2,,,"kosis-dt-1pm1502-religion-si-gun-gu-2015|southkorea-maps-kostat-municipalities-2018","sample_survey_20pct;register_based_census_sample_survey"
"KR","kr-si-gun-gu-2018-kostat-harmonised","si_gun_gu","kr-si-gun-gu-2018-kostat-harmonised:22010","22010","Jung-gu",2005,74514,"KOSIS DT_1IN0505 table total 내국인 (명); 미상 (unknown) remains in the denominator.",43925,58.95,30462,40.88,,,,7.07,,,"kosis-dt-1in0505-religion-si-gun-gu-2005|southkorea-maps-kostat-municipalities-2018","full_count_census;unknown_category_in_denominator"
"KR","kr-si-gun-gu-2018-kostat-harmonised","si_gun_gu","kr-si-gun-gu-2018-kostat-harmonised:22010","22010","Jung-gu",2015,76475,"KOSIS DT_1PM1502 table total 계; 2015 religion was collected in the 20% sample survey of the register-based census.",37353,48.84,39122,51.16,,,,7.07,,,"kosis-dt-1pm1502-religion-si-gun-gu-2015|southkorea-maps-kostat-municipalities-2018","sample_survey_20pct;register_based_census_sample_survey"
"KR","kr-si-gun-gu-2018-kostat-harmonised","si_gun_gu","kr-si-gun-gu-2018-kostat-harmonised:22020","22020","Dong-gu",2005,333873,"KOSIS DT_1IN0505 table total 내국인 (명); 미상 (unknown) remains in the denominator.",185353,55.52,148496,44.48,,,,181.48,,,"kosis-dt-1in0505-religion-si-gun-gu-2005|southkorea-maps-kostat-municipalities-2018","full_count_census;unknown_category_in_denominator"
"KR","kr-si-gun-gu-2018-kostat-harmonised","si_gun_gu","kr-si-gun-gu-2018-kostat-harmonised:22020","22020","Dong-gu",2015,333053,"KOSIS DT_1PM1502 table total 계; 2015 religion was collected in the 20% sample survey of the register-based census.",148942,44.72,184111,55.28,,,,181.48,,,"kosis-dt-1pm1502-religion-si-gun-gu-2015|southkorea-maps-kostat-municipalities-2018","sample_survey_20pct;register_based_census_sample_survey"
"KR","kr-si-gun-gu-2018-kostat-harmonised","si_gun_gu","kr-si-gun-gu-2018-kostat-harmonised:22030","22030","Seo-gu",2005,243409,"KOSIS DT_1IN0505 table total 내국인 (명); 미상 (unknown) remains in the denominator.",128469,52.78,114407,47,,,,17.39,,,"kosis-dt-1in0505-religion-si-gun-gu-2005|southkorea-maps-kostat-municipalities-2018","full_count_census;unknown_category_in_denominator"
"KR","kr-si-gun-gu-2018-kostat-harmonised","si_gun_gu","kr-si-gun-gu-2018-kostat-harmonised:22030","22030","Seo-gu",2015,197412,"KOSIS DT_1PM1502 table total 계; 2015 religion was collected in the 20% sample survey of the register-based census.",81811,41.44,115601,58.56,,,,17.39,,,"kosis-dt-1pm1502-religion-si-gun-gu-2015|southkorea-maps-kostat-municipalities-2018","sample_survey_20pct;register_based_census_sample_survey"
"KR","kr-si-gun-gu-2018-kostat-harmonised","si_gun_gu","kr-si-gun-gu-2018-kostat-harmonised:22040","22040","Nam-gu",2005,179747,"KOSIS DT_1IN0505 table total 내국인 (명); 미상 (unknown) remains in the denominator.",102284,56.9,77179,42.94,,,,17.79,,,"kosis-dt-1in0505-religion-si-gun-gu-2005|southkorea-maps-kostat-municipalities-2018","full_count_census;unknown_category_in_denominator"
"KR","kr-si-gun-gu-2018-kostat-harmonised","si_gun_gu","kr-si-gun-gu-2018-kostat-harmonised:22040","22040","Nam-gu",2015,156669,"KOSIS DT_1PM1502 table total 계; 2015 religion was collected in the 20% sample survey of the register-based census.",74526,47.57,82143,52.43,,,,17.79,,,"kosis-dt-1pm1502-religion-si-gun-gu-2015|southkorea-maps-kostat-municipalities-2018","sample_survey_20pct;register_based_census_sample_survey"
"KR","kr-si-gun-gu-2018-kostat-harmonised","si_gun_gu","kr-si-gun-gu-2018-kostat-harmonised:22050","22050","Buk-gu",2005,458962,"KOSIS DT_1IN0505 table total 내국인 (명); 미상 (unknown) remains in the denominator.",237597,51.77,219372,47.8,,,,93.81,,,"kosis-dt-1in0505-religion-si-gun-gu-2005|southkorea-maps-kostat-municipalities-2018","full_count_census;unknown_category_in_denominator"
"KR","kr-si-gun-gu-2018-kostat-harmonised","si_gun_gu","kr-si-gun-gu-2018-kostat-harmonised:22050","22050","Buk-gu",2015,439350,"KOSIS DT_1PM1502 table total 계; 2015 religion was collected in the 20% sample survey of the register-based census.",183960,41.87,255390,58.13,,,,93.81,,,"kosis-dt-1pm1502-religion-si-gun-gu-2015|southkorea-maps-kostat-municipalities-2018","sample_survey_20pct;register_based_census_sample_survey"
"KR","kr-si-gun-gu-2018-kostat-harmonised","si_gun_gu","kr-si-gun-gu-2018-kostat-harmonised:22060","22060","Suseong-gu",2005,425298,"KOSIS DT_1IN0505 table total 내국인 (명); 미상 (unknown) remains in the denominator.",249226,58.6,175921,41.36,,,,76.64,,,"kosis-dt-1in0505-religion-si-gun-gu-2005|southkorea-maps-kostat-municipalities-2018","full_count_census;unknown_category_in_denominator"
"KR","kr-si-gun-gu-2018-kostat-harmonised","si_gun_gu","kr-si-gun-gu-2018-kostat-harmonised:22060","22060","Suseong-gu",2015,428991,"KOSIS DT_1PM1502 table total 계; 2015 religion was collected in the 20% sample survey of the register-based census.",208792,48.67,220199,51.33,,,,76.64,,,"kosis-dt-1pm1502-religion-si-gun-gu-2015|southkorea-maps-kostat-municipalities-2018","sample_survey_20pct;register_based_census_sample_survey"
"KR","kr-si-gun-gu-2018-kostat-harmonised","si_gun_gu","kr-si-gun-gu-2018-kostat-harmonised:22070","22070","Dalseo-gu",2005,590892,"KOSIS DT_1IN0505 table total 내국인 (명); 미상 (unknown) remains in the denominator.",310827,52.6,278778,47.18,,,,62.54,,,"kosis-dt-1in0505-religion-si-gun-gu-2005|southkorea-maps-kostat-municipalities-2018","full_count_census;unknown_category_in_denominator"
"KR","kr-si-gun-gu-2018-kostat-harmonised","si_gun_gu","kr-si-gun-gu-2018-kostat-harmonised:22070","22070","Dalseo-gu",2015,588917,"KOSIS DT_1PM1502 table total 계; 2015 religion was collected in the 20% sample survey of the register-based census.",247655,42.05,341262,57.95,,,,62.54,,,"kosis-dt-1pm1502-religion-si-gun-gu-2015|southkorea-maps-kostat-municipalities-2018","sample_survey_20pct;register_based_census_sample_survey"
"KR","kr-si-gun-gu-2018-kostat-harmonised","si_gun_gu","kr-si-gun-gu-2018-kostat-harmonised:22310","22310","Dalseong-gun",2005,149321,"KOSIS DT_1IN0505 table total 내국인 (명); 미상 (unknown) remains in the denominator.",79861,53.48,69349,46.44,,,,422.86,,,"kosis-dt-1in0505-religion-si-gun-gu-2005|southkorea-maps-kostat-municipalities-2018","full_count_census;unknown_category_in_denominator"
"KR","kr-si-gun-gu-2018-kostat-harmonised","si_gun_gu","kr-si-gun-gu-2018-kostat-harmonised:22310","22310","Dalseong-gun",2015,181879,"KOSIS DT_1PM1502 table total 계; 2015 religion was collected in the 20% sample survey of the register-based census.",78544,43.18,103335,56.82,,,,422.86,,,"kosis-dt-1pm1502-religion-si-gun-gu-2015|southkorea-maps-kostat-municipalities-2018","sample_survey_20pct;register_based_census_sample_survey"
"KR","kr-si-gun-gu-2018-kostat-harmonised","si_gun_gu","kr-si-gun-gu-2018-kostat-harmonised:23010","23010","Jung-gu",2005,85392,"KOSIS DT_1IN0505 table total 내국인 (명); 미상 (unknown) remains in the denominator.",43444,50.88,40494,47.42,,,,144.38,,,"kosis-dt-1in0505-religion-si-gun-gu-2005|southkorea-maps-kostat-municipalities-2018","full_count_census;unknown_category_in_denominator"
"KR","kr-si-gun-gu-2018-kostat-harmonised","si_gun_gu","kr-si-gun-gu-2018-kostat-harmonised:23010","23010","Jung-gu",2015,107267,"KOSIS DT_1PM1502 table total 계; 2015 religion was collected in the 20% sample survey of the register-based census.",46590,43.43,60677,56.57,,,,144.38,,,"kosis-dt-1pm1502-religion-si-gun-gu-2015|southkorea-maps-kostat-municipalities-2018","sample_survey_20pct;register_based_census_sample_survey"
"KR","kr-si-gun-gu-2018-kostat-harmonised","si_gun_gu","kr-si-gun-gu-2018-kostat-harmonised:23020","23020","Dong-gu",2005,74285,"KOSIS DT_1IN0505 table total 내국인 (명); 미상 (unknown) remains in the denominator.",37291,50.2,36782,49.51,,,,7.27,,,"kosis-dt-1in0505-religion-si-gun-gu-2005|southkorea-maps-kostat-municipalities-2018","full_count_census;unknown_category_in_denominator"
"KR","kr-si-gun-gu-2018-kostat-harmonised","si_gun_gu","kr-si-gun-gu-2018-kostat-harmonised:23020","23020","Dong-gu",2015,69144,"KOSIS DT_1PM1502 table total 계; 2015 religion was collected in the 20% sample survey of the register-based census.",29610,42.82,39534,57.18,,,,7.27,,,"kosis-dt-1pm1502-religion-si-gun-gu-2015|southkorea-maps-kostat-municipalities-2018","sample_survey_20pct;register_based_census_sample_survey"
"KR","kr-si-gun-gu-2018-kostat-harmonised","si_gun_gu","kr-si-gun-gu-2018-kostat-harmonised:23030","23030","Nam-gu",2005,412816,"KOSIS DT_1IN0505 table total 내국인 (명); 미상 (unknown) remains in the denominator.",209631,50.78,200194,48.49,,,,24.97,,,"kosis-dt-1in0505-religion-si-gun-gu-2005|southkorea-maps-kostat-municipalities-2018","full_count_census;unknown_category_in_denominator"
"KR","kr-si-gun-gu-2018-kostat-harmonised","si_gun_gu","kr-si-gun-gu-2018-kostat-harmonised:23030","23030","Nam-gu",2015,391708,"KOSIS DT_1PM1502 table total 계; 2015 religion was collected in the 20% sample survey of the register-based census.",160137,40.88,231571,59.12,,,,24.97,,,"kosis-dt-1pm1502-religion-si-gun-gu-2015|southkorea-maps-kostat-municipalities-2018","sample_survey_20pct;register_based_census_sample_survey"
"KR","kr-si-gun-gu-2018-kostat-harmonised","si_gun_gu","kr-si-gun-gu-2018-kostat-harmonised:23040","23040","Yeonsu-gu",2005,262782,"KOSIS DT_1IN0505 table total 내국인 (명); 미상 (unknown) remains in the denominator.",136560,51.97,124810,47.5,,,,56.95,,,"kosis-dt-1in0505-religion-si-gun-gu-2005|southkorea-maps-kostat-municipalities-2018","full_count_census;unknown_category_in_denominator"
"KR","kr-si-gun-gu-2018-kostat-harmonised","si_gun_gu","kr-si-gun-gu-2018-kostat-harmonised:23040","23040","Yeonsu-gu",2015,305396,"KOSIS DT_1PM1502 table total 계; 2015 religion was collected in the 20% sample survey of the register-based census.",134270,43.97,171126,56.03,,,,56.95,,,"kosis-dt-1pm1502-religion-si-gun-gu-2015|southkorea-maps-kostat-municipalities-2018","sample_survey_20pct;register_based_census_sample_survey"
"KR","kr-si-gun-gu-2018-kostat-harmonised","si_gun_gu","kr-si-gun-gu-2018-kostat-harmonised:23050","23050","Namdong-gu",2005,369288,"KOSIS DT_1IN0505 table total 내국인 (명); 미상 (unknown) remains in the denominator.",190835,51.68,175785,47.6,,,,57.6,,,"kosis-dt-1in0505-religion-si-gun-gu-2005|southkorea-maps-kostat-municipalities-2018","full_count_census;unknown_category_in_denominator"
"KR","kr-si-gun-gu-2018-kostat-harmonised","si_gun_gu","kr-si-gun-gu-2018-kostat-harmonised:23050","23050","Namdong-gu",2015,506068,"KOSIS DT_1PM1502 table total 계; 2015 religion was collected in the 20% sample survey of the register-based census.",210324,41.56,295744,58.44,,,,57.6,,,"kosis-dt-1pm1502-religion-si-gun-gu-2015|southkorea-maps-kostat-municipalities-2018","sample_survey_20pct;register_based_census_sample_survey"
"KR","kr-si-gun-gu-2018-kostat-harmonised","si_gun_gu","kr-si-gun-gu-2018-kostat-harmonised:23060","23060","Bupyeong-gu",2005,546321,"KOSIS DT_1IN0505 table total 내국인 (명); 미상 (unknown) remains in the denominator.",278158,50.91,265503,48.6,,,,32.07,,,"kosis-dt-1in0505-religion-si-gun-gu-2005|southkorea-maps-kostat-municipalities-2018","full_count_census;unknown_category_in_denominator"
"KR","kr-si-gun-gu-2018-kostat-harmonised","si_gun_gu","kr-si-gun-gu-2018-kostat-harmonised:23060","23060","Bupyeong-gu",2015,528339,"KOSIS DT_1PM1502 table total 계; 2015 religion was collected in the 20% sample survey of the register-based census.",222059,42.03,306280,57.97,,,,32.07,,,"kosis-dt-1pm1502-religion-si-gun-gu-2015|southkorea-maps-kostat-municipalities-2018","sample_survey_20pct;register_based_census_sample_survey"
"KR","kr-si-gun-gu-2018-kostat-harmonised","si_gun_gu","kr-si-gun-gu-2018-kostat-harmonised:23070","23070","Gyeyang-gu",2005,325626,"KOSIS DT_1IN0505 table total 내국인 (명); 미상 (unknown) remains in the denominator.",159180,48.88,165576,50.85,,,,45.42,,,"kosis-dt-1in0505-religion-si-gun-gu-2005|southkorea-maps-kostat-municipalities-2018","full_count_census;unknown_category_in_denominator"
"KR","kr-si-gun-gu-2018-kostat-harmonised","si_gun_gu","kr-si-gun-gu-2018-kostat-harmonised:23070","23070","Gyeyang-gu",2015,318671,"KOSIS DT_1PM1502 table total 계; 2015 religion was collected in the 20% sample survey of the register-based census.",126646,39.74,192025,60.26,,,,45.42,,,"kosis-dt-1pm1502-religion-si-gun-gu-2015|southkorea-maps-kostat-municipalities-2018","sample_survey_20pct;register_based_census_sample_survey"
"KR","kr-si-gun-gu-2018-kostat-harmonised","si_gun_gu","kr-si-gun-gu-2018-kostat-harmonised:23080","23080","Seo-gu",2005,371204,"KOSIS DT_1IN0505 table total 내국인 (명); 미상 (unknown) remains in the denominator.",180247,48.56,189534,51.06,,,,132.7,,,"kosis-dt-1in0505-religion-si-gun-gu-2005|southkorea-maps-kostat-municipalities-2018","full_count_census;unknown_category_in_denominator"
"KR","kr-si-gun-gu-2018-kostat-harmonised","si_gun_gu","kr-si-gun-gu-2018-kostat-harmonised:23080","23080","Seo-gu",2015,478308,"KOSIS DT_1PM1502 table total 계; 2015 religion was collected in the 20% sample survey of the register-based census.",198366,41.47,279942,58.53,,,,132.7,,,"kosis-dt-1pm1502-religion-si-gun-gu-2015|southkorea-maps-kostat-municipalities-2018","sample_survey_20pct;register_based_census_sample_survey"
"KR","kr-si-gun-gu-2018-kostat-harmonised","si_gun_gu","kr-si-gun-gu-2018-kostat-harmonised:23310","23310","Ganghwa-gun",2005,57705,"KOSIS DT_1IN0505 table total 내국인 (명); 미상 (unknown) remains in the denominator.",35110,60.84,22425,38.86,,,,412.72,,,"kosis-dt-1in0505-religion-si-gun-gu-2005|southkorea-maps-kostat-municipalities-2018","full_count_census;unknown_category_in_denominator"
"KR","kr-si-gun-gu-2018-kostat-harmonised","si_gun_gu","kr-si-gun-gu-2018-kostat-harmonised:23310","23310","Ganghwa-gun",2015,60678,"KOSIS DT_1PM1502 table total 계; 2015 religion was collected in the 20% sample survey of the register-based census.",33809,55.72,26869,44.28,,,,412.72,,,"kosis-dt-1pm1502-religion-si-gun-gu-2015|southkorea-maps-kostat-municipalities-2018","sample_survey_20pct;register_based_census_sample_survey"
"KR","kr-si-gun-gu-2018-kostat-harmonised","si_gun_gu","kr-si-gun-gu-2018-kostat-harmonised:23320","23320","Ongjin-gun",2005,12261,"KOSIS DT_1IN0505 table total 내국인 (명); 미상 (unknown) remains in the denominator.",7270,59.29,4982,40.63,,,,183.58,,,"kosis-dt-1in0505-religion-si-gun-gu-2005|southkorea-maps-kostat-municipalities-2018","full_count_census;unknown_category_in_denominator"
"KR","kr-si-gun-gu-2018-kostat-harmonised","si_gun_gu","kr-si-gun-gu-2018-kostat-harmonised:23320","23320","Ongjin-gun",2015,17986,"KOSIS DT_1PM1502 table total 계; 2015 religion was collected in the 20% sample survey of the register-based census.",8929,49.64,9057,50.36,,,,183.58,,,"kosis-dt-1pm1502-religion-si-gun-gu-2015|southkorea-maps-kostat-municipalities-2018","sample_survey_20pct;register_based_census_sample_survey"
"KR","kr-si-gun-gu-2018-kostat-harmonised","si_gun_gu","kr-si-gun-gu-2018-kostat-harmonised:24010","24010","Dong-gu",2005,119783,"KOSIS DT_1IN0505 table total 내국인 (명); 미상 (unknown) remains in the denominator.",59063,49.31,60720,50.69,,,,48.67,,,"kosis-dt-1in0505-religion-si-gun-gu-2005|southkorea-maps-kostat-municipalities-2018","full_count_census;unknown_category_in_denominator"
"KR","kr-si-gun-gu-2018-kostat-harmonised","si_gun_gu","kr-si-gun-gu-2018-kostat-harmonised:24010","24010","Dong-gu",2015,101422,"KOSIS DT_1PM1502 table total 계; 2015 religion was collected in the 20% sample survey of the register-based census.",45314,44.68,56108,55.32,,,,48.67,,,"kosis-dt-1pm1502-religion-si-gun-gu-2015|southkorea-maps-kostat-municipalities-2018","sample_survey_20pct;register_based_census_sample_survey"
"KR","kr-si-gun-gu-2018-kostat-harmonised","si_gun_gu","kr-si-gun-gu-2018-kostat-harmonised:24020","24020","Seo-gu",2005,313426,"KOSIS DT_1IN0505 table total 내국인 (명); 미상 (unknown) remains in the denominator.",151824,48.44,160674,51.26,,,,47.6,,,"kosis-dt-1in0505-religion-si-gun-gu-2005|southkorea-maps-kostat-municipalities-2018","full_count_census;unknown_category_in_denominator"
"KR","kr-si-gun-gu-2018-kostat-harmonised","si_gun_gu","kr-si-gun-gu-2018-kostat-harmonised:24020","24020","Seo-gu",2015,299161,"KOSIS DT_1PM1502 table total 계; 2015 religion was collected in the 20% sample survey of the register-based census.",115840,38.72,183321,61.28,,,,47.6,,,"kosis-dt-1pm1502-religion-si-gun-gu-2015|southkorea-maps-kostat-municipalities-2018","sample_survey_20pct;register_based_census_sample_survey"
"KR","kr-si-gun-gu-2018-kostat-harmonised","si_gun_gu","kr-si-gun-gu-2018-kostat-harmonised:24030","24030","Nam-gu",2005,214149,"KOSIS DT_1IN0505 table total 내국인 (명); 미상 (unknown) remains in the denominator.",110335,51.52,103285,48.23,,,,60.53,,,"kosis-dt-1in0505-religion-si-gun-gu-2005|southkorea-maps-kostat-municipalities-2018","full_count_census;unknown_category_in_denominator"
"KR","kr-si-gun-gu-2018-kostat-harmonised","si_gun_gu","kr-si-gun-gu-2018-kostat-harmonised:24030","24030","Nam-gu",2015,217351,"KOSIS DT_1PM1502 table total 계; 2015 religion was collected in the 20% sample survey of the register-based census.",93801,43.16,123550,56.84,,,,60.53,,,"kosis-dt-1pm1502-religion-si-gun-gu-2015|southkorea-maps-kostat-municipalities-2018","sample_survey_20pct;register_based_census_sample_survey"
"KR","kr-si-gun-gu-2018-kostat-harmonised","si_gun_gu","kr-si-gun-gu-2018-kostat-harmonised:24040","24040","Buk-gu",2005,460098,"KOSIS DT_1IN0505 table total 내국인 (명); 미상 (unknown) remains in the denominator.",221575,48.16,238508,51.84,,,,119.32,,,"kosis-dt-1in0505-religion-si-gun-gu-2005|southkorea-maps-kostat-municipalities-2018","full_count_census;unknown_category_in_denominator"
"KR","kr-si-gun-gu-2018-kostat-harmonised","si_gun_gu","kr-si-gun-gu-2018-kostat-harmonised:24040","24040","Buk-gu",2015,448496,"KOSIS DT_1PM1502 table total 계; 2015 religion was collected in the 20% sample survey of the register-based census.",177298,39.53,271198,60.47,,,,119.32,,,"kosis-dt-1pm1502-religion-si-gun-gu-2015|southkorea-maps-kostat-municipalities-2018","sample_survey_20pct;register_based_census_sample_survey"
"KR","kr-si-gun-gu-2018-kostat-harmonised","si_gun_gu","kr-si-gun-gu-2018-kostat-harmonised:24050","24050","Gwangsan-gu",2005,306188,"KOSIS DT_1IN0505 table total 내국인 (명); 미상 (unknown) remains in the denominator.",137077,44.77,168310,54.97,,,,221.77,,,"kosis-dt-1in0505-religion-si-gun-gu-2005|southkorea-maps-kostat-municipalities-2018","full_count_census;unknown_category_in_denominator"
"KR","kr-si-gun-gu-2018-kostat-harmonised","si_gun_gu","kr-si-gun-gu-2018-kostat-harmonised:24050","24050","Gwangsan-gu",2015,394697,"KOSIS DT_1PM1502 table total 계; 2015 religion was collected in the 20% sample survey of the register-based census.",136850,34.67,257847,65.33,,,,221.77,,,"kosis-dt-1pm1502-religion-si-gun-gu-2015|southkorea-maps-kostat-municipalities-2018","sample_survey_20pct;register_based_census_sample_survey"
"KR","kr-si-gun-gu-2018-kostat-harmonised","si_gun_gu","kr-si-gun-gu-2018-kostat-harmonised:25010","25010","Dong-gu",2005,231923,"KOSIS DT_1IN0505 table total 내국인 (명); 미상 (unknown) remains in the denominator.",120032,51.76,110081,47.46,,,,137.07,,,"kosis-dt-1in0505-religion-si-gun-gu-2005|southkorea-maps-kostat-municipalities-2018","full_count_census;unknown_category_in_denominator"
"KR","kr-si-gun-gu-2018-kostat-harmonised","si_gun_gu","kr-si-gun-gu-2018-kostat-harmonised:25010","25010","Dong-gu",2015,240944,"KOSIS DT_1PM1502 table total 계; 2015 religion was collected in the 20% sample survey of the register-based census.",99065,41.12,141879,58.88,,,,137.07,,,"kosis-dt-1pm1502-religion-si-gun-gu-2015|southkorea-maps-kostat-municipalities-2018","sample_survey_20pct;register_based_census_sample_survey"
"KR","kr-si-gun-gu-2018-kostat-harmonised","si_gun_gu","kr-si-gun-gu-2018-kostat-harmonised:25020","25020","Jung-gu",2005,255565,"KOSIS DT_1IN0505 table total 내국인 (명); 미상 (unknown) remains in the denominator.",141440,55.34,113512,44.42,,,,62.16,,,"kosis-dt-1in0505-religion-si-gun-gu-2005|southkorea-maps-kostat-municipalities-2018","full_count_census;unknown_category_in_denominator"
"KR","kr-si-gun-gu-2018-kostat-harmonised","si_gun_gu","kr-si-gun-gu-2018-kostat-harmonised:25020","25020","Jung-gu",2015,245307,"KOSIS DT_1PM1502 table total 계; 2015 religion was collected in the 20% sample survey of the register-based census.",111291,45.37,134016,54.63,,,,62.16,,,"kosis-dt-1pm1502-religion-si-gun-gu-2015|southkorea-maps-kostat-municipalities-2018","sample_survey_20pct;register_based_census_sample_survey"
"KR","kr-si-gun-gu-2018-kostat-harmonised","si_gun_gu","kr-si-gun-gu-2018-kostat-harmonised:25030","25030","Seo-gu",2005,508388,"KOSIS DT_1IN0505 table total 내국인 (명); 미상 (unknown) remains in the denominator.",276090,54.31,231121,45.46,,,,95.4,,,"kosis-dt-1in0505-religion-si-gun-gu-2005|southkorea-maps-kostat-municipalities-2018","full_count_census;unknown_category_in_denominator"
"KR","kr-si-gun-gu-2018-kostat-harmonised","si_gun_gu","kr-si-gun-gu-2018-kostat-harmonised:25030","25030","Seo-gu",2015,480993,"KOSIS DT_1PM1502 table total 계; 2015 religion was collected in the 20% sample survey of the register-based census.",211682,44.01,269311,55.99,,,,95.4,,,"kosis-dt-1pm1502-religion-si-gun-gu-2015|southkorea-maps-kostat-municipalities-2018","sample_survey_20pct;register_based_census_sample_survey"
"KR","kr-si-gun-gu-2018-kostat-harmonised","si_gun_gu","kr-si-gun-gu-2018-kostat-harmonised:25040","25040","Yuseong-gu",2005,221206,"KOSIS DT_1IN0505 table total 내국인 (명); 미상 (unknown) remains in the denominator.",123523,55.84,97134,43.91,,,,175.74,,,"kosis-dt-1in0505-religion-si-gun-gu-2005|southkorea-maps-kostat-municipalities-2018","full_count_census;unknown_category_in_denominator"
"KR","kr-si-gun-gu-2018-kostat-harmonised","si_gun_gu","kr-si-gun-gu-2018-kostat-harmonised:25040","25040","Yuseong-gu",2015,339243,"KOSIS DT_1PM1502 table total 계; 2015 religion was collected in the 20% sample survey of the register-based census.",153715,45.31,185528,54.69,,,,175.74,,,"kosis-dt-1pm1502-religion-si-gun-gu-2015|southkorea-maps-kostat-municipalities-2018","sample_survey_20pct;register_based_census_sample_survey"
"KR","kr-si-gun-gu-2018-kostat-harmonised","si_gun_gu","kr-si-gun-gu-2018-kostat-harmonised:25050","25050","Daedeok-gu",2005,221469,"KOSIS DT_1IN0505 table total 내국인 (명); 미상 (unknown) remains in the denominator.",113335,51.17,107466,48.52,,,,69.1,,,"kosis-dt-1in0505-religion-si-gun-gu-2005|southkorea-maps-kostat-municipalities-2018","full_count_census;unknown_category_in_denominator"
"KR","kr-si-gun-gu-2018-kostat-harmonised","si_gun_gu","kr-si-gun-gu-2018-kostat-harmonised:25050","25050","Daedeok-gu",2015,193033,"KOSIS DT_1PM1502 table total 계; 2015 religion was collected in the 20% sample survey of the register-based census.",81626,42.29,111407,57.71,,,,69.1,,,"kosis-dt-1pm1502-religion-si-gun-gu-2015|southkorea-maps-kostat-municipalities-2018","sample_survey_20pct;register_based_census_sample_survey"
"KR","kr-si-gun-gu-2018-kostat-harmonised","si_gun_gu","kr-si-gun-gu-2018-kostat-harmonised:26010","26010","Jung-gu",2005,225810,"KOSIS DT_1IN0505 table total 내국인 (명); 미상 (unknown) remains in the denominator.",132802,58.81,92887,41.14,,,,36.93,,,"kosis-dt-1in0505-religion-si-gun-gu-2005|southkorea-maps-kostat-municipalities-2018","full_count_census;unknown_category_in_denominator"
"KR","kr-si-gun-gu-2018-kostat-harmonised","si_gun_gu","kr-si-gun-gu-2018-kostat-harmonised:26010","26010","Jung-gu",2015,230512,"KOSIS DT_1PM1502 table total 계; 2015 religion was collected in the 20% sample survey of the register-based census.",108721,47.17,121791,52.83,,,,36.93,,,"kosis-dt-1pm1502-religion-si-gun-gu-2015|southkorea-maps-kostat-municipalities-2018","sample_survey_20pct;register_based_census_sample_survey"
"KR","kr-si-gun-gu-2018-kostat-harmonised","si_gun_gu","kr-si-gun-gu-2018-kostat-harmonised:26020","26020","Nam-gu",2005,337168,"KOSIS DT_1IN0505 table total 내국인 (명); 미상 (unknown) remains in the denominator.",191950,56.93,144379,42.82,,,,73.36,,,"kosis-dt-1in0505-religion-si-gun-gu-2005|southkorea-maps-kostat-municipalities-2018","full_count_census;unknown_category_in_denominator"
"KR","kr-si-gun-gu-2018-kostat-harmonised","si_gun_gu","kr-si-gun-gu-2018-kostat-harmonised:26020","26020","Nam-gu",2015,329173,"KOSIS DT_1PM1502 table total 계; 2015 religion was collected in the 20% sample survey of the register-based census.",151384,45.99,177789,54.01,,,,73.36,,,"kosis-dt-1pm1502-religion-si-gun-gu-2015|southkorea-maps-kostat-municipalities-2018","sample_survey_20pct;register_based_census_sample_survey"
"KR","kr-si-gun-gu-2018-kostat-harmonised","si_gun_gu","kr-si-gun-gu-2018-kostat-harmonised:26030","26030","Dong-gu",2005,177005,"KOSIS DT_1IN0505 table total 내국인 (명); 미상 (unknown) remains in the denominator.",99147,56.01,77836,43.97,,,,36.46,,,"kosis-dt-1in0505-religion-si-gun-gu-2005|southkorea-maps-kostat-municipalities-2018","full_count_census;unknown_category_in_denominator"
"KR","kr-si-gun-gu-2018-kostat-harmonised","si_gun_gu","kr-si-gun-gu-2018-kostat-harmonised:26030","26030","Dong-gu",2015,168593,"KOSIS DT_1PM1502 table total 계; 2015 religion was collected in the 20% sample survey of the register-based census.",70380,41.75,98213,58.25,,,,36.46,,,"kosis-dt-1pm1502-religion-si-gun-gu-2015|southkorea-maps-kostat-municipalities-2018","sample_survey_20pct;register_based_census_sample_survey"
"KR","kr-si-gun-gu-2018-kostat-harmonised","si_gun_gu","kr-si-gun-gu-2018-kostat-harmonised:26040","26040","Buk-gu",2005,140805,"KOSIS DT_1IN0505 table total 내국인 (명); 미상 (unknown) remains in the denominator.",72880,51.76,67110,47.66,,,,158.04,,,"kosis-dt-1in0505-religion-si-gun-gu-2005|southkorea-maps-kostat-municipalities-2018","full_count_census;unknown_category_in_denominator"
"KR","kr-si-gun-gu-2018-kostat-harmonised","si_gun_gu","kr-si-gun-gu-2018-kostat-harmonised:26040","26040","Buk-gu",2015,183045,"KOSIS DT_1PM1502 table total 계; 2015 religion was collected in the 20% sample survey of the register-based census.",78800,43.05,104245,56.95,,,,158.04,,,"kosis-dt-1pm1502-religion-si-gun-gu-2015|southkorea-maps-kostat-municipalities-2018","sample_survey_20pct;register_based_census_sample_survey"
"KR","kr-si-gun-gu-2018-kostat-harmonised","si_gun_gu","kr-si-gun-gu-2018-kostat-harmonised:26310","26310","Ulju-gun",2005,164146,"KOSIS DT_1IN0505 table total 내국인 (명); 미상 (unknown) remains in the denominator.",95533,58.2,67958,41.4,,,,756.7,,,"kosis-dt-1in0505-religion-si-gun-gu-2005|southkorea-maps-kostat-municipalities-2018","full_count_census;unknown_category_in_denominator"
"KR","kr-si-gun-gu-2018-kostat-harmonised","si_gun_gu","kr-si-gun-gu-2018-kostat-harmonised:26310","26310","Ulju-gun",2015,209202,"KOSIS DT_1PM1502 table total 계; 2015 religion was collected in the 20% sample survey of the register-based census.",101060,48.31,108142,51.69,,,,756.7,,,"kosis-dt-1pm1502-religion-si-gun-gu-2015|southkorea-maps-kostat-municipalities-2018","sample_survey_20pct;register_based_census_sample_survey"
"KR","kr-si-gun-gu-2018-kostat-harmonised","si_gun_gu","kr-si-gun-gu-2018-kostat-harmonised:29010","29010","Sejong-si",2005,80389,"KOSIS DT_1IN0505 table total 내국인 (명); 미상 (unknown) remains in the denominator.",40896,50.87,38875,48.36,,,,464.84,,,"kosis-dt-1in0505-religion-si-gun-gu-2005|southkorea-maps-kostat-municipalities-2018","full_count_census;unknown_category_in_denominator;2005_source_codes_aggregated_to_2018_harmonised_unit;sejong_2012_boundary_not_comparable_uses_yeongi_predecessor_only"
"KR","kr-si-gun-gu-2018-kostat-harmonised","si_gun_gu","kr-si-gun-gu-2018-kostat-harmonised:29010","29010","Sejong-si",2015,197651,"KOSIS DT_1PM1502 table total 계; 2015 religion was collected in the 20% sample survey of the register-based census.",83373,42.18,114278,57.82,,,,464.84,,,"kosis-dt-1pm1502-religion-si-gun-gu-2015|southkorea-maps-kostat-municipalities-2018","sample_survey_20pct;register_based_census_sample_survey"
"KR","kr-si-gun-gu-2018-kostat-harmonised","si_gun_gu","kr-si-gun-gu-2018-kostat-harmonised:31010","31010","Suwon-si",2005,1039233,"KOSIS DT_1IN0505 table total 내국인 (명); 미상 (unknown) remains in the denominator.",532287,51.22,504223,48.52,,,,120.63,,,"kosis-dt-1in0505-religion-si-gun-gu-2005|southkorea-maps-kostat-municipalities-2018","full_count_census;unknown_category_in_denominator;boundary_dissolved_from_2018_district_features"
"KR","kr-si-gun-gu-2018-kostat-harmonised","si_gun_gu","kr-si-gun-gu-2018-kostat-harmonised:31010","31010","Suwon-si",2015,1136756,"KOSIS DT_1PM1502 table total 계; 2015 religion was collected in the 20% sample survey of the register-based census.",471119,41.44,665637,58.56,,,,120.63,,,"kosis-dt-1pm1502-religion-si-gun-gu-2015|southkorea-maps-kostat-municipalities-2018","sample_survey_20pct;register_based_census_sample_survey;boundary_dissolved_from_2018_district_features"
"KR","kr-si-gun-gu-2018-kostat-harmonised","si_gun_gu","kr-si-gun-gu-2018-kostat-harmonised:31020","31020","Seongnam-si",2005,931019,"KOSIS DT_1IN0505 table total 내국인 (명); 미상 (unknown) remains in the denominator.",483907,51.98,444839,47.78,,,,141.51,,,"kosis-dt-1in0505-religion-si-gun-gu-2005|southkorea-maps-kostat-municipalities-2018","full_count_census;unknown_category_in_denominator;boundary_dissolved_from_2018_district_features"
"KR","kr-si-gun-gu-2018-kostat-harmonised","si_gun_gu","kr-si-gun-gu-2018-kostat-harmonised:31020","31020","Seongnam-si",2015,913564,"KOSIS DT_1PM1502 table total 계; 2015 religion was collected in the 20% sample survey of the register-based census.",411513,45.04,502051,54.96,,,,141.51,,,"kosis-dt-1pm1502-religion-si-gun-gu-2015|southkorea-maps-kostat-municipalities-2018","sample_survey_20pct;register_based_census_sample_survey;boundary_dissolved_from_2018_district_features"
"KR","kr-si-gun-gu-2018-kostat-harmonised","si_gun_gu","kr-si-gun-gu-2018-kostat-harmonised:31030","31030","Uijeongbu-si",2005,397694,"KOSIS DT_1IN0505 table total 내국인 (명); 미상 (unknown) remains in the denominator.",200889,50.51,195621,49.19,,,,81.85,,,"kosis-dt-1in0505-religion-si-gun-gu-2005|southkorea-maps-kostat-municipalities-2018","full_count_census;unknown_category_in_denominator"
"KR","kr-si-gun-gu-2018-kostat-harmonised","si_gun_gu","kr-si-gun-gu-2018-kostat-harmonised:31030","31030","Uijeongbu-si",2015,410618,"KOSIS DT_1PM1502 table total 계; 2015 religion was collected in the 20% sample survey of the register-based census.",169319,41.24,241299,58.76,,,,81.85,,,"kosis-dt-1pm1502-religion-si-gun-gu-2015|southkorea-maps-kostat-municipalities-2018","sample_survey_20pct;register_based_census_sample_survey"
"KR","kr-si-gun-gu-2018-kostat-harmonised","si_gun_gu","kr-si-gun-gu-2018-kostat-harmonised:31040","31040","Anyang-si",2005,609886,"KOSIS DT_1IN0505 table total 내국인 (명); 미상 (unknown) remains in the denominator.",334221,54.8,274330,44.98,,,,58.44,,,"kosis-dt-1in0505-religion-si-gun-gu-2005|southkorea-maps-kostat-municipalities-2018","full_count_census;unknown_category_in_denominator;boundary_dissolved_from_2018_district_features"
"KR","kr-si-gun-gu-2018-kostat-harmonised","si_gun_gu","kr-si-gun-gu-2018-kostat-harmonised:31040","31040","Anyang-si",2015,567871,"KOSIS DT_1PM1502 table total 계; 2015 religion was collected in the 20% sample survey of the register-based census.",260674,45.9,307197,54.1,,,,58.44,,,"kosis-dt-1pm1502-religion-si-gun-gu-2015|southkorea-maps-kostat-municipalities-2018","sample_survey_20pct;register_based_census_sample_survey;boundary_dissolved_from_2018_district_features"
"KR","kr-si-gun-gu-2018-kostat-harmonised","si_gun_gu","kr-si-gun-gu-2018-kostat-harmonised:31050","31050","Bucheon-si",2005,833931,"KOSIS DT_1IN0505 table total 내국인 (명); 미상 (unknown) remains in the denominator.",421300,50.52,405106,48.58,,,,53.75,,,"kosis-dt-1in0505-religion-si-gun-gu-2005|southkorea-maps-kostat-municipalities-2018","full_count_census;unknown_category_in_denominator"
"KR","kr-si-gun-gu-2018-kostat-harmonised","si_gun_gu","kr-si-gun-gu-2018-kostat-harmonised:31050","31050","Bucheon-si",2015,807634,"KOSIS DT_1PM1502 table total 계; 2015 religion was collected in the 20% sample survey of the register-based census.",339826,42.08,467808,57.92,,,,53.75,,,"kosis-dt-1pm1502-religion-si-gun-gu-2015|southkorea-maps-kostat-municipalities-2018","sample_survey_20pct;register_based_census_sample_survey"
"KR","kr-si-gun-gu-2018-kostat-harmonised","si_gun_gu","kr-si-gun-gu-2018-kostat-harmonised:31060","31060","Gwangmyeong-si",2005,319452,"KOSIS DT_1IN0505 table total 내국인 (명); 미상 (unknown) remains in the denominator.",165914,51.94,152272,47.67,,,,38.47,,,"kosis-dt-1in0505-religion-si-gun-gu-2005|southkorea-maps-kostat-municipalities-2018","full_count_census;unknown_category_in_denominator"
"KR","kr-si-gun-gu-2018-kostat-harmonised","si_gun_gu","kr-si-gun-gu-2018-kostat-harmonised:31060","31060","Gwangmyeong-si",2015,327510,"KOSIS DT_1PM1502 table total 계; 2015 religion was collected in the 20% sample survey of the register-based census.",138792,42.38,188718,57.62,,,,38.47,,,"kosis-dt-1pm1502-religion-si-gun-gu-2015|southkorea-maps-kostat-municipalities-2018","sample_survey_20pct;register_based_census_sample_survey"
"KR","kr-si-gun-gu-2018-kostat-harmonised","si_gun_gu","kr-si-gun-gu-2018-kostat-harmonised:31070","31070","Pyeongtaek-si",2005,374262,"KOSIS DT_1IN0505 table total 내국인 (명); 미상 (unknown) remains in the denominator.",192230,51.36,181711,48.55,,,,458.37,,,"kosis-dt-1in0505-religion-si-gun-gu-2005|southkorea-maps-kostat-municipalities-2018","full_count_census;unknown_category_in_denominator"
"KR","kr-si-gun-gu-2018-kostat-harmonised","si_gun_gu","kr-si-gun-gu-2018-kostat-harmonised:31070","31070","Pyeongtaek-si",2015,428736,"KOSIS DT_1PM1502 table total 계; 2015 religion was collected in the 20% sample survey of the register-based census.",175444,40.92,253292,59.08,,,,458.37,,,"kosis-dt-1pm1502-religion-si-gun-gu-2015|southkorea-maps-kostat-municipalities-2018","sample_survey_20pct;register_based_census_sample_survey"
"KR","kr-si-gun-gu-2018-kostat-harmonised","si_gun_gu","kr-si-gun-gu-2018-kostat-harmonised:31080","31080","Dongducheon-si",2005,78897,"KOSIS DT_1IN0505 table total 내국인 (명); 미상 (unknown) remains in the denominator.",37716,47.8,40672,51.55,,,,95.92,,,"kosis-dt-1in0505-religion-si-gun-gu-2005|southkorea-maps-kostat-municipalities-2018","full_count_census;unknown_category_in_denominator"
"KR","kr-si-gun-gu-2018-kostat-harmonised","si_gun_gu","kr-si-gun-gu-2018-kostat-harmonised:31080","31080","Dongducheon-si",2015,92017,"KOSIS DT_1PM1502 table total 계; 2015 religion was collected in the 20% sample survey of the register-based census.",38132,41.44,53885,58.56,,,,95.92,,,"kosis-dt-1pm1502-religion-si-gun-gu-2015|southkorea-maps-kostat-municipalities-2018","sample_survey_20pct;register_based_census_sample_survey"
"KR","kr-si-gun-gu-2018-kostat-harmonised","si_gun_gu","kr-si-gun-gu-2018-kostat-harmonised:31090","31090","Ansan-si",2005,669839,"KOSIS DT_1IN0505 table total 내국인 (명); 미상 (unknown) remains in the denominator.",322272,48.11,345793,51.62,,,,171.98,,,"kosis-dt-1in0505-religion-si-gun-gu-2005|southkorea-maps-kostat-municipalities-2018","full_count_census;unknown_category_in_denominator;boundary_dissolved_from_2018_district_features"
"KR","kr-si-gun-gu-2018-kostat-harmonised","si_gun_gu","kr-si-gun-gu-2018-kostat-harmonised:31090","31090","Ansan-si",2015,672504,"KOSIS DT_1PM1502 table total 계; 2015 religion was collected in the 20% sample survey of the register-based census.",258094,38.38,414410,61.62,,,,171.98,,,"kosis-dt-1pm1502-religion-si-gun-gu-2015|southkorea-maps-kostat-municipalities-2018","sample_survey_20pct;register_based_census_sample_survey;boundary_dissolved_from_2018_district_features"
"KR","kr-si-gun-gu-2018-kostat-harmonised","si_gun_gu","kr-si-gun-gu-2018-kostat-harmonised:31100","31100","Goyang-si",2005,864402,"KOSIS DT_1IN0505 table total 내국인 (명); 미상 (unknown) remains in the denominator.",475474,55.01,384485,44.48,,,,266.18,,,"kosis-dt-1in0505-religion-si-gun-gu-2005|southkorea-maps-kostat-municipalities-2018","full_count_census;unknown_category_in_denominator;boundary_dissolved_from_2018_district_features"
"KR","kr-si-gun-gu-2018-kostat-harmonised","si_gun_gu","kr-si-gun-gu-2018-kostat-harmonised:31100","31100","Goyang-si",2015,959775,"KOSIS DT_1PM1502 table total 계; 2015 religion was collected in the 20% sample survey of the register-based census.",454927,47.4,504848,52.6,,,,266.18,,,"kosis-dt-1pm1502-religion-si-gun-gu-2015|southkorea-maps-kostat-municipalities-2018","sample_survey_20pct;register_based_census_sample_survey;boundary_dissolved_from_2018_district_features"
"KR","kr-si-gun-gu-2018-kostat-harmonised","si_gun_gu","kr-si-gun-gu-2018-kostat-harmonised:31110","31110","Gwacheon-si",2005,56587,"KOSIS DT_1IN0505 table total 내국인 (명); 미상 (unknown) remains in the denominator.",35998,63.62,19922,35.21,,,,35.74,,,"kosis-dt-1in0505-religion-si-gun-gu-2005|southkorea-maps-kostat-municipalities-2018","full_count_census;unknown_category_in_denominator"
"KR","kr-si-gun-gu-2018-kostat-harmonised","si_gun_gu","kr-si-gun-gu-2018-kostat-harmonised:31110","31110","Gwacheon-si",2015,63477,"KOSIS DT_1PM1502 table total 계; 2015 religion was collected in the 20% sample survey of the register-based census.",35395,55.76,28082,44.24,,,,35.74,,,"kosis-dt-1pm1502-religion-si-gun-gu-2015|southkorea-maps-kostat-municipalities-2018","sample_survey_20pct;register_based_census_sample_survey"
"KR","kr-si-gun-gu-2018-kostat-harmonised","si_gun_gu","kr-si-gun-gu-2018-kostat-harmonised:31120","31120","Guri-si",2005,186954,"KOSIS DT_1IN0505 table total 내국인 (명); 미상 (unknown) remains in the denominator.",94723,50.67,91382,48.88,,,,33.2,,,"kosis-dt-1in0505-religion-si-gun-gu-2005|southkorea-maps-kostat-municipalities-2018","full_count_census;unknown_category_in_denominator"
"KR","kr-si-gun-gu-2018-kostat-harmonised","si_gun_gu","kr-si-gun-gu-2018-kostat-harmonised:31120","31120","Guri-si",2015,175762,"KOSIS DT_1PM1502 table total 계; 2015 religion was collected in the 20% sample survey of the register-based census.",73394,41.76,102368,58.24,,,,33.2,,,"kosis-dt-1pm1502-religion-si-gun-gu-2015|southkorea-maps-kostat-municipalities-2018","sample_survey_20pct;register_based_census_sample_survey"
"KR","kr-si-gun-gu-2018-kostat-harmonised","si_gun_gu","kr-si-gun-gu-2018-kostat-harmonised:31130","31130","Namyangju-si",2005,424446,"KOSIS DT_1IN0505 table total 내국인 (명); 미상 (unknown) remains in the denominator.",226805,53.44,193010,45.47,,,,459.28,,,"kosis-dt-1in0505-religion-si-gun-gu-2005|southkorea-maps-kostat-municipalities-2018","full_count_census;unknown_category_in_denominator"
"KR","kr-si-gun-gu-2018-kostat-harmonised","si_gun_gu","kr-si-gun-gu-2018-kostat-harmonised:31130","31130","Namyangju-si",2015,613806,"KOSIS DT_1PM1502 table total 계; 2015 religion was collected in the 20% sample survey of the register-based census.",274138,44.66,339668,55.34,,,,459.28,,,"kosis-dt-1pm1502-religion-si-gun-gu-2015|southkorea-maps-kostat-municipalities-2018","sample_survey_20pct;register_based_census_sample_survey"
"KR","kr-si-gun-gu-2018-kostat-harmonised","si_gun_gu","kr-si-gun-gu-2018-kostat-harmonised:31140","31140","Osan-si",2005,131792,"KOSIS DT_1IN0505 table total 내국인 (명); 미상 (unknown) remains in the denominator.",61526,46.68,69093,52.43,,,,42.59,,,"kosis-dt-1in0505-religion-si-gun-gu-2005|southkorea-maps-kostat-municipalities-2018","full_count_census;unknown_category_in_denominator"
"KR","kr-si-gun-gu-2018-kostat-harmonised","si_gun_gu","kr-si-gun-gu-2018-kostat-harmonised:31140","31140","Osan-si",2015,201857,"KOSIS DT_1PM1502 table total 계; 2015 religion was collected in the 20% sample survey of the register-based census.",76591,37.94,125266,62.06,,,,42.59,,,"kosis-dt-1pm1502-religion-si-gun-gu-2015|southkorea-maps-kostat-municipalities-2018","sample_survey_20pct;register_based_census_sample_survey"
"KR","kr-si-gun-gu-2018-kostat-harmonised","si_gun_gu","kr-si-gun-gu-2018-kostat-harmonised:31150","31150","Siheung-si",2005,384304,"KOSIS DT_1IN0505 table total 내국인 (명); 미상 (unknown) remains in the denominator.",181528,47.24,198943,51.77,,,,141.49,,,"kosis-dt-1in0505-religion-si-gun-gu-2005|southkorea-maps-kostat-municipalities-2018","full_count_census;unknown_category_in_denominator"
"KR","kr-si-gun-gu-2018-kostat-harmonised","si_gun_gu","kr-si-gun-gu-2018-kostat-harmonised:31150","31150","Siheung-si",2015,382442,"KOSIS DT_1PM1502 table total 계; 2015 religion was collected in the 20% sample survey of the register-based census.",142577,37.28,239865,62.72,,,,141.49,,,"kosis-dt-1pm1502-religion-si-gun-gu-2015|southkorea-maps-kostat-municipalities-2018","sample_survey_20pct;register_based_census_sample_survey"
"KR","kr-si-gun-gu-2018-kostat-harmonised","si_gun_gu","kr-si-gun-gu-2018-kostat-harmonised:31160","31160","Gunpo-si",2005,268917,"KOSIS DT_1IN0505 table total 내국인 (명); 미상 (unknown) remains in the denominator.",144795,53.84,121308,45.11,,,,36.31,,,"kosis-dt-1in0505-religion-si-gun-gu-2005|southkorea-maps-kostat-municipalities-2018","full_count_census;unknown_category_in_denominator"
"KR","kr-si-gun-gu-2018-kostat-harmonised","si_gun_gu","kr-si-gun-gu-2018-kostat-harmonised:31160","31160","Gunpo-si",2015,273697,"KOSIS DT_1PM1502 table total 계; 2015 religion was collected in the 20% sample survey of the register-based census.",123271,45.04,150426,54.96,,,,36.31,,,"kosis-dt-1pm1502-religion-si-gun-gu-2015|southkorea-maps-kostat-municipalities-2018","sample_survey_20pct;register_based_census_sample_survey"
"KR","kr-si-gun-gu-2018-kostat-harmonised","si_gun_gu","kr-si-gun-gu-2018-kostat-harmonised:31170","31170","Uiwang-si",2005,143568,"KOSIS DT_1IN0505 table total 내국인 (명); 미상 (unknown) remains in the denominator.",81155,56.53,60196,41.93,,,,53.9,,,"kosis-dt-1in0505-religion-si-gun-gu-2005|southkorea-maps-kostat-municipalities-2018","full_count_census;unknown_category_in_denominator"
"KR","kr-si-gun-gu-2018-kostat-harmonised","si_gun_gu","kr-si-gun-gu-2018-kostat-harmonised:31170","31170","Uiwang-si",2015,151144,"KOSIS DT_1PM1502 table total 계; 2015 religion was collected in the 20% sample survey of the register-based census.",73532,48.65,77612,51.35,,,,53.9,,,"kosis-dt-1pm1502-religion-si-gun-gu-2015|southkorea-maps-kostat-municipalities-2018","sample_survey_20pct;register_based_census_sample_survey"
"KR","kr-si-gun-gu-2018-kostat-harmonised","si_gun_gu","kr-si-gun-gu-2018-kostat-harmonised:31180","31180","Hanam-si",2005,121646,"KOSIS DT_1IN0505 table total 내국인 (명); 미상 (unknown) remains in the denominator.",64877,53.33,56141,46.15,,,,92.8,,,"kosis-dt-1in0505-religion-si-gun-gu-2005|southkorea-maps-kostat-municipalities-2018","full_count_census;unknown_category_in_denominator"
"KR","kr-si-gun-gu-2018-kostat-harmonised","si_gun_gu","kr-si-gun-gu-2018-kostat-harmonised:31180","31180","Hanam-si",2015,150892,"KOSIS DT_1PM1502 table total 계; 2015 religion was collected in the 20% sample survey of the register-based census.",68849,45.63,82043,54.37,,,,92.8,,,"kosis-dt-1pm1502-religion-si-gun-gu-2015|southkorea-maps-kostat-municipalities-2018","sample_survey_20pct;register_based_census_sample_survey"
"KR","kr-si-gun-gu-2018-kostat-harmonised","si_gun_gu","kr-si-gun-gu-2018-kostat-harmonised:31190","31190","Yongin-si",2005,686842,"KOSIS DT_1IN0505 table total 내국인 (명); 미상 (unknown) remains in the denominator.",388487,56.56,290252,42.26,,,,591.2,,,"kosis-dt-1in0505-religion-si-gun-gu-2005|southkorea-maps-kostat-municipalities-2018","full_count_census;unknown_category_in_denominator;boundary_dissolved_from_2018_district_features"
"KR","kr-si-gun-gu-2018-kostat-harmonised","si_gun_gu","kr-si-gun-gu-2018-kostat-harmonised:31190","31190","Yongin-si",2015,939572,"KOSIS DT_1PM1502 table total 계; 2015 religion was collected in the 20% sample survey of the register-based census.",459585,48.91,479987,51.09,,,,591.2,,,"kosis-dt-1pm1502-religion-si-gun-gu-2015|southkorea-maps-kostat-municipalities-2018","sample_survey_20pct;register_based_census_sample_survey;boundary_dissolved_from_2018_district_features"
"KR","kr-si-gun-gu-2018-kostat-harmonised","si_gun_gu","kr-si-gun-gu-2018-kostat-harmonised:31200","31200","Paju-si",2005,239823,"KOSIS DT_1IN0505 table total 내국인 (명); 미상 (unknown) remains in the denominator.",119806,49.96,118530,49.42,,,,688.79,,,"kosis-dt-1in0505-religion-si-gun-gu-2005|southkorea-maps-kostat-municipalities-2018","full_count_census;unknown_category_in_denominator"
"KR","kr-si-gun-gu-2018-kostat-harmonised","si_gun_gu","kr-si-gun-gu-2018-kostat-harmonised:31200","31200","Paju-si",2015,397072,"KOSIS DT_1PM1502 table total 계; 2015 religion was collected in the 20% sample survey of the register-based census.",167119,42.09,229953,57.91,,,,688.79,,,"kosis-dt-1pm1502-religion-si-gun-gu-2015|southkorea-maps-kostat-municipalities-2018","sample_survey_20pct;register_based_census_sample_survey"
"KR","kr-si-gun-gu-2018-kostat-harmonised","si_gun_gu","kr-si-gun-gu-2018-kostat-harmonised:31210","31210","Icheon-si",2005,187514,"KOSIS DT_1IN0505 table total 내국인 (명); 미상 (unknown) remains in the denominator.",93538,49.88,92766,49.47,,,,461.46,,,"kosis-dt-1in0505-religion-si-gun-gu-2005|southkorea-maps-kostat-municipalities-2018","full_count_census;unknown_category_in_denominator"
"KR","kr-si-gun-gu-2018-kostat-harmonised","si_gun_gu","kr-si-gun-gu-2018-kostat-harmonised:31210","31210","Icheon-si",2015,198759,"KOSIS DT_1PM1502 table total 계; 2015 religion was collected in the 20% sample survey of the register-based census.",81583,41.05,117176,58.95,,,,461.46,,,"kosis-dt-1pm1502-religion-si-gun-gu-2015|southkorea-maps-kostat-municipalities-2018","sample_survey_20pct;register_based_census_sample_survey"
"KR","kr-si-gun-gu-2018-kostat-harmonised","si_gun_gu","kr-si-gun-gu-2018-kostat-harmonised:31220","31220","Anseong-si",2005,157632,"KOSIS DT_1IN0505 table total 내국인 (명); 미상 (unknown) remains in the denominator.",80288,50.93,75694,48.02,,,,553.09,,,"kosis-dt-1in0505-religion-si-gun-gu-2005|southkorea-maps-kostat-municipalities-2018","full_count_census;unknown_category_in_denominator"
"KR","kr-si-gun-gu-2018-kostat-harmonised","si_gun_gu","kr-si-gun-gu-2018-kostat-harmonised:31220","31220","Anseong-si",2015,181104,"KOSIS DT_1PM1502 table total 계; 2015 religion was collected in the 20% sample survey of the register-based census.",73632,40.66,107472,59.34,,,,553.09,,,"kosis-dt-1pm1502-religion-si-gun-gu-2015|southkorea-maps-kostat-municipalities-2018","sample_survey_20pct;register_based_census_sample_survey"
"KR","kr-si-gun-gu-2018-kostat-harmonised","si_gun_gu","kr-si-gun-gu-2018-kostat-harmonised:31230","31230","Gimpo-si",2005,192716,"KOSIS DT_1IN0505 table total 내국인 (명); 미상 (unknown) remains in the denominator.",102148,53,88589,45.97,,,,278.2,,,"kosis-dt-1in0505-religion-si-gun-gu-2005|southkorea-maps-kostat-municipalities-2018","full_count_census;unknown_category_in_denominator"
"KR","kr-si-gun-gu-2018-kostat-harmonised","si_gun_gu","kr-si-gun-gu-2018-kostat-harmonised:31230","31230","Gimpo-si",2015,328315,"KOSIS DT_1PM1502 table total 계; 2015 religion was collected in the 20% sample survey of the register-based census.",148381,45.19,179934,54.81,,,,278.2,,,"kosis-dt-1pm1502-religion-si-gun-gu-2015|southkorea-maps-kostat-municipalities-2018","sample_survey_20pct;register_based_census_sample_survey"
"KR","kr-si-gun-gu-2018-kostat-harmonised","si_gun_gu","kr-si-gun-gu-2018-kostat-harmonised:31240","31240","Hwaseong-si",2005,282124,"KOSIS DT_1IN0505 table total 내국인 (명); 미상 (unknown) remains in the denominator.",147922,52.43,131842,46.73,,,,713.15,,,"kosis-dt-1in0505-religion-si-gun-gu-2005|southkorea-maps-kostat-municipalities-2018","full_count_census;unknown_category_in_denominator"
"KR","kr-si-gun-gu-2018-kostat-harmonised","si_gun_gu","kr-si-gun-gu-2018-kostat-harmonised:31240","31240","Hwaseong-si",2015,561825,"KOSIS DT_1PM1502 table total 계; 2015 religion was collected in the 20% sample survey of the register-based census.",229268,40.81,332557,59.19,,,,713.15,,,"kosis-dt-1pm1502-religion-si-gun-gu-2015|southkorea-maps-kostat-municipalities-2018","sample_survey_20pct;register_based_census_sample_survey"
"KR","kr-si-gun-gu-2018-kostat-harmonised","si_gun_gu","kr-si-gun-gu-2018-kostat-harmonised:31250","31250","Gwangju-si",2005,204266,"KOSIS DT_1IN0505 table total 내국인 (명); 미상 (unknown) remains in the denominator.",107971,52.86,93840,45.94,,,,429.51,,,"kosis-dt-1in0505-religion-si-gun-gu-2005|southkorea-maps-kostat-municipalities-2018","full_count_census;unknown_category_in_denominator"
"KR","kr-si-gun-gu-2018-kostat-harmonised","si_gun_gu","kr-si-gun-gu-2018-kostat-harmonised:31250","31250","Gwangju-si",2015,292687,"KOSIS DT_1PM1502 table total 계; 2015 religion was collected in the 20% sample survey of the register-based census.",125036,42.72,167651,57.28,,,,429.51,,,"kosis-dt-1pm1502-religion-si-gun-gu-2015|southkorea-maps-kostat-municipalities-2018","sample_survey_20pct;register_based_census_sample_survey"
"KR","kr-si-gun-gu-2018-kostat-harmonised","si_gun_gu","kr-si-gun-gu-2018-kostat-harmonised:31260","31260","Yangju-si",2005,149931,"KOSIS DT_1IN0505 table total 내국인 (명); 미상 (unknown) remains in the denominator.",74139,49.45,73258,48.86,,,,310.35,,,"kosis-dt-1in0505-religion-si-gun-gu-2005|southkorea-maps-kostat-municipalities-2018","full_count_census;unknown_category_in_denominator"
"KR","kr-si-gun-gu-2018-kostat-harmonised","si_gun_gu","kr-si-gun-gu-2018-kostat-harmonised:31260","31260","Yangju-si",2015,193356,"KOSIS DT_1PM1502 table total 계; 2015 religion was collected in the 20% sample survey of the register-based census.",79476,41.1,113880,58.9,,,,310.35,,,"kosis-dt-1pm1502-religion-si-gun-gu-2015|southkorea-maps-kostat-municipalities-2018","sample_survey_20pct;register_based_census_sample_survey"
"KR","kr-si-gun-gu-2018-kostat-harmonised","si_gun_gu","kr-si-gun-gu-2018-kostat-harmonised:31270","31270","Pocheon-si",2005,139472,"KOSIS DT_1IN0505 table total 내국인 (명); 미상 (unknown) remains in the denominator.",62581,44.87,76522,54.87,,,,825.11,,,"kosis-dt-1in0505-religion-si-gun-gu-2005|southkorea-maps-kostat-municipalities-2018","full_count_census;unknown_category_in_denominator"
"KR","kr-si-gun-gu-2018-kostat-harmonised","si_gun_gu","kr-si-gun-gu-2018-kostat-harmonised:31270","31270","Pocheon-si",2015,144438,"KOSIS DT_1PM1502 table total 계; 2015 religion was collected in the 20% sample survey of the register-based census.",55864,38.68,88574,61.32,,,,825.11,,,"kosis-dt-1pm1502-religion-si-gun-gu-2015|southkorea-maps-kostat-municipalities-2018","sample_survey_20pct;register_based_census_sample_survey"
"KR","kr-si-gun-gu-2018-kostat-harmonised","si_gun_gu","kr-si-gun-gu-2018-kostat-harmonised:31280","31280","Yeoju-si",2005,98441,"KOSIS DT_1IN0505 table total 내국인 (명); 미상 (unknown) remains in the denominator.",48676,49.45,48154,48.92,,,,607.1,,,"kosis-dt-1in0505-religion-si-gun-gu-2005|southkorea-maps-kostat-municipalities-2018","full_count_census;unknown_category_in_denominator;2005_source_codes_aggregated_to_2018_harmonised_unit"
"KR","kr-si-gun-gu-2018-kostat-harmonised","si_gun_gu","kr-si-gun-gu-2018-kostat-harmonised:31280","31280","Yeoju-si",2015,104731,"KOSIS DT_1PM1502 table total 계; 2015 religion was collected in the 20% sample survey of the register-based census.",42474,40.56,62257,59.44,,,,607.1,,,"kosis-dt-1pm1502-religion-si-gun-gu-2015|southkorea-maps-kostat-municipalities-2018","sample_survey_20pct;register_based_census_sample_survey"
"KR","kr-si-gun-gu-2018-kostat-harmonised","si_gun_gu","kr-si-gun-gu-2018-kostat-harmonised:31350","31350","Yeoncheon-gun",2005,41300,"KOSIS DT_1IN0505 table total 내국인 (명); 미상 (unknown) remains in the denominator.",19340,46.83,21797,52.78,,,,695.89,,,"kosis-dt-1in0505-religion-si-gun-gu-2005|southkorea-maps-kostat-municipalities-2018","full_count_census;unknown_category_in_denominator"
"KR","kr-si-gun-gu-2018-kostat-harmonised","si_gun_gu","kr-si-gun-gu-2018-kostat-harmonised:31350","31350","Yeoncheon-gun",2015,41748,"KOSIS DT_1PM1502 table total 계; 2015 religion was collected in the 20% sample survey of the register-based census.",17267,41.36,24481,58.64,,,,695.89,,,"kosis-dt-1pm1502-religion-si-gun-gu-2015|southkorea-maps-kostat-municipalities-2018","sample_survey_20pct;register_based_census_sample_survey"
"KR","kr-si-gun-gu-2018-kostat-harmonised","si_gun_gu","kr-si-gun-gu-2018-kostat-harmonised:31370","31370","Gapyeong-gun",2005,49059,"KOSIS DT_1IN0505 table total 내국인 (명); 미상 (unknown) remains in the denominator.",24989,50.94,24007,48.93,,,,840.11,,,"kosis-dt-1in0505-religion-si-gun-gu-2005|southkorea-maps-kostat-municipalities-2018","full_count_census;unknown_category_in_denominator"
"KR","kr-si-gun-gu-2018-kostat-harmonised","si_gun_gu","kr-si-gun-gu-2018-kostat-harmonised:31370","31370","Gapyeong-gun",2015,56636,"KOSIS DT_1PM1502 table total 계; 2015 religion was collected in the 20% sample survey of the register-based census.",25667,45.32,30969,54.68,,,,840.11,,,"kosis-dt-1pm1502-religion-si-gun-gu-2015|southkorea-maps-kostat-municipalities-2018","sample_survey_20pct;register_based_census_sample_survey"
"KR","kr-si-gun-gu-2018-kostat-harmonised","si_gun_gu","kr-si-gun-gu-2018-kostat-harmonised:31380","31380","Yangpyeong-gun",2005,75057,"KOSIS DT_1IN0505 table total 내국인 (명); 미상 (unknown) remains in the denominator.",40579,54.06,34360,45.78,,,,876.13,,,"kosis-dt-1in0505-religion-si-gun-gu-2005|southkorea-maps-kostat-municipalities-2018","full_count_census;unknown_category_in_denominator"
"KR","kr-si-gun-gu-2018-kostat-harmonised","si_gun_gu","kr-si-gun-gu-2018-kostat-harmonised:31380","31380","Yangpyeong-gun",2015,98733,"KOSIS DT_1PM1502 table total 계; 2015 religion was collected in the 20% sample survey of the register-based census.",49749,50.39,48984,49.61,,,,876.13,,,"kosis-dt-1pm1502-religion-si-gun-gu-2015|southkorea-maps-kostat-municipalities-2018","sample_survey_20pct;register_based_census_sample_survey"
"KR","kr-si-gun-gu-2018-kostat-harmonised","si_gun_gu","kr-si-gun-gu-2018-kostat-harmonised:32010","32010","Chuncheon-si",2005,260234,"KOSIS DT_1IN0505 table total 내국인 (명); 미상 (unknown) remains in the denominator.",129298,49.69,129799,49.88,,,,1114.54,,,"kosis-dt-1in0505-religion-si-gun-gu-2005|southkorea-maps-kostat-municipalities-2018","full_count_census;unknown_category_in_denominator"
"KR","kr-si-gun-gu-2018-kostat-harmonised","si_gun_gu","kr-si-gun-gu-2018-kostat-harmonised:32010","32010","Chuncheon-si",2015,274012,"KOSIS DT_1PM1502 table total 계; 2015 religion was collected in the 20% sample survey of the register-based census.",116811,42.63,157201,57.37,,,,1114.54,,,"kosis-dt-1pm1502-religion-si-gun-gu-2015|southkorea-maps-kostat-municipalities-2018","sample_survey_20pct;register_based_census_sample_survey"
"KR","kr-si-gun-gu-2018-kostat-harmonised","si_gun_gu","kr-si-gun-gu-2018-kostat-harmonised:32020","32020","Wonju-si",2005,283583,"KOSIS DT_1IN0505 table total 내국인 (명); 미상 (unknown) remains in the denominator.",145971,51.47,136770,48.23,,,,866.22,,,"kosis-dt-1in0505-religion-si-gun-gu-2005|southkorea-maps-kostat-municipalities-2018","full_count_census;unknown_category_in_denominator"
"KR","kr-si-gun-gu-2018-kostat-harmonised","si_gun_gu","kr-si-gun-gu-2018-kostat-harmonised:32020","32020","Wonju-si",2015,322514,"KOSIS DT_1PM1502 table total 계; 2015 religion was collected in the 20% sample survey of the register-based census.",137010,42.48,185504,57.52,,,,866.22,,,"kosis-dt-1pm1502-religion-si-gun-gu-2015|southkorea-maps-kostat-municipalities-2018","sample_survey_20pct;register_based_census_sample_survey"
"KR","kr-si-gun-gu-2018-kostat-harmonised","si_gun_gu","kr-si-gun-gu-2018-kostat-harmonised:32030","32030","Gangneung-si",2005,220706,"KOSIS DT_1IN0505 table total 내국인 (명); 미상 (unknown) remains in the denominator.",106966,48.47,112155,50.82,,,,1040.04,,,"kosis-dt-1in0505-religion-si-gun-gu-2005|southkorea-maps-kostat-municipalities-2018","full_count_census;unknown_category_in_denominator"
"KR","kr-si-gun-gu-2018-kostat-harmonised","si_gun_gu","kr-si-gun-gu-2018-kostat-harmonised:32030","32030","Gangneung-si",2015,210388,"KOSIS DT_1PM1502 table total 계; 2015 religion was collected in the 20% sample survey of the register-based census.",84966,40.39,125422,59.61,,,,1040.04,,,"kosis-dt-1pm1502-religion-si-gun-gu-2015|southkorea-maps-kostat-municipalities-2018","sample_survey_20pct;register_based_census_sample_survey"
"KR","kr-si-gun-gu-2018-kostat-harmonised","si_gun_gu","kr-si-gun-gu-2018-kostat-harmonised:32040","32040","Donghae-si",2005,93018,"KOSIS DT_1IN0505 table total 내국인 (명); 미상 (unknown) remains in the denominator.",43245,46.49,49773,53.51,,,,181.05,,,"kosis-dt-1in0505-religion-si-gun-gu-2005|southkorea-maps-kostat-municipalities-2018","full_count_census;unknown_category_in_denominator"
"KR","kr-si-gun-gu-2018-kostat-harmonised","si_gun_gu","kr-si-gun-gu-2018-kostat-harmonised:32040","32040","Donghae-si",2015,87931,"KOSIS DT_1PM1502 table total 계; 2015 religion was collected in the 20% sample survey of the register-based census.",35195,40.03,52736,59.97,,,,181.05,,,"kosis-dt-1pm1502-religion-si-gun-gu-2015|southkorea-maps-kostat-municipalities-2018","sample_survey_20pct;register_based_census_sample_survey"
"KR","kr-si-gun-gu-2018-kostat-harmonised","si_gun_gu","kr-si-gun-gu-2018-kostat-harmonised:32050","32050","Taebaek-si",2005,55241,"KOSIS DT_1IN0505 table total 내국인 (명); 미상 (unknown) remains in the denominator.",24359,44.1,30882,55.9,,,,303.29,,,"kosis-dt-1in0505-religion-si-gun-gu-2005|southkorea-maps-kostat-municipalities-2018","full_count_census;unknown_category_in_denominator"
"KR","kr-si-gun-gu-2018-kostat-harmonised","si_gun_gu","kr-si-gun-gu-2018-kostat-harmonised:32050","32050","Taebaek-si",2015,45556,"KOSIS DT_1PM1502 table total 계; 2015 religion was collected in the 20% sample survey of the register-based census.",17906,39.31,27650,60.69,,,,303.29,,,"kosis-dt-1pm1502-religion-si-gun-gu-2015|southkorea-maps-kostat-municipalities-2018","sample_survey_20pct;register_based_census_sample_survey"
"KR","kr-si-gun-gu-2018-kostat-harmonised","si_gun_gu","kr-si-gun-gu-2018-kostat-harmonised:32060","32060","Sokcho-si",2005,84706,"KOSIS DT_1IN0505 table total 내국인 (명); 미상 (unknown) remains in the denominator.",40084,47.32,44474,52.5,,,,105.61,,,"kosis-dt-1in0505-religion-si-gun-gu-2005|southkorea-maps-kostat-municipalities-2018","full_count_census;unknown_category_in_denominator"
"KR","kr-si-gun-gu-2018-kostat-harmonised","si_gun_gu","kr-si-gun-gu-2018-kostat-harmonised:32060","32060","Sokcho-si",2015,77270,"KOSIS DT_1PM1502 table total 계; 2015 religion was collected in the 20% sample survey of the register-based census.",30366,39.3,46904,60.7,,,,105.61,,,"kosis-dt-1pm1502-religion-si-gun-gu-2015|southkorea-maps-kostat-municipalities-2018","sample_survey_20pct;register_based_census_sample_survey"
"KR","kr-si-gun-gu-2018-kostat-harmonised","si_gun_gu","kr-si-gun-gu-2018-kostat-harmonised:32070","32070","Samcheok-si",2005,67957,"KOSIS DT_1IN0505 table total 내국인 (명); 미상 (unknown) remains in the denominator.",28635,42.14,38998,57.39,,,,1187.54,,,"kosis-dt-1in0505-religion-si-gun-gu-2005|southkorea-maps-kostat-municipalities-2018","full_count_census;unknown_category_in_denominator"
"KR","kr-si-gun-gu-2018-kostat-harmonised","si_gun_gu","kr-si-gun-gu-2018-kostat-harmonised:32070","32070","Samcheok-si",2015,67757,"KOSIS DT_1PM1502 table total 계; 2015 religion was collected in the 20% sample survey of the register-based census.",23572,34.79,44185,65.21,,,,1187.54,,,"kosis-dt-1pm1502-religion-si-gun-gu-2015|southkorea-maps-kostat-municipalities-2018","sample_survey_20pct;register_based_census_sample_survey"
"KR","kr-si-gun-gu-2018-kostat-harmonised","si_gun_gu","kr-si-gun-gu-2018-kostat-harmonised:32310","32310","Hongcheon-gun",2005,66619,"KOSIS DT_1IN0505 table total 내국인 (명); 미상 (unknown) remains in the denominator.",31785,47.71,34595,51.93,,,,1816.12,,,"kosis-dt-1in0505-religion-si-gun-gu-2005|southkorea-maps-kostat-municipalities-2018","full_count_census;unknown_category_in_denominator"
"KR","kr-si-gun-gu-2018-kostat-harmonised","si_gun_gu","kr-si-gun-gu-2018-kostat-harmonised:32310","32310","Hongcheon-gun",2015,65001,"KOSIS DT_1PM1502 table total 계; 2015 religion was collected in the 20% sample survey of the register-based census.",27210,41.86,37791,58.14,,,,1816.12,,,"kosis-dt-1pm1502-religion-si-gun-gu-2015|southkorea-maps-kostat-municipalities-2018","sample_survey_20pct;register_based_census_sample_survey"
"KR","kr-si-gun-gu-2018-kostat-harmonised","si_gun_gu","kr-si-gun-gu-2018-kostat-harmonised:32320","32320","Hoengseong-gun",2005,38676,"KOSIS DT_1IN0505 table total 내국인 (명); 미상 (unknown) remains in the denominator.",18610,48.12,20066,51.88,,,,996.99,,,"kosis-dt-1in0505-religion-si-gun-gu-2005|southkorea-maps-kostat-municipalities-2018","full_count_census;unknown_category_in_denominator"
"KR","kr-si-gun-gu-2018-kostat-harmonised","si_gun_gu","kr-si-gun-gu-2018-kostat-harmonised:32320","32320","Hoengseong-gun",2015,41396,"KOSIS DT_1PM1502 table total 계; 2015 religion was collected in the 20% sample survey of the register-based census.",17711,42.78,23685,57.22,,,,996.99,,,"kosis-dt-1pm1502-religion-si-gun-gu-2015|southkorea-maps-kostat-municipalities-2018","sample_survey_20pct;register_based_census_sample_survey"
"KR","kr-si-gun-gu-2018-kostat-harmonised","si_gun_gu","kr-si-gun-gu-2018-kostat-harmonised:32330","32330","Yeongwol-gun",2005,36979,"KOSIS DT_1IN0505 table total 내국인 (명); 미상 (unknown) remains in the denominator.",18452,49.9,18497,50.02,,,,1126.34,,,"kosis-dt-1in0505-religion-si-gun-gu-2005|southkorea-maps-kostat-municipalities-2018","full_count_census;unknown_category_in_denominator"
"KR","kr-si-gun-gu-2018-kostat-harmonised","si_gun_gu","kr-si-gun-gu-2018-kostat-harmonised:32330","32330","Yeongwol-gun",2015,36042,"KOSIS DT_1PM1502 table total 계; 2015 religion was collected in the 20% sample survey of the register-based census.",15445,42.85,20597,57.15,,,,1126.34,,,"kosis-dt-1pm1502-religion-si-gun-gu-2015|southkorea-maps-kostat-municipalities-2018","sample_survey_20pct;register_based_census_sample_survey"
"KR","kr-si-gun-gu-2018-kostat-harmonised","si_gun_gu","kr-si-gun-gu-2018-kostat-harmonised:32340","32340","Pyeongchang-gun",2005,38507,"KOSIS DT_1IN0505 table total 내국인 (명); 미상 (unknown) remains in the denominator.",18764,48.73,19743,51.27,,,,1462.6,,,"kosis-dt-1in0505-religion-si-gun-gu-2005|southkorea-maps-kostat-municipalities-2018","full_count_census;unknown_category_in_denominator"
"KR","kr-si-gun-gu-2018-kostat-harmonised","si_gun_gu","kr-si-gun-gu-2018-kostat-harmonised:32340","32340","Pyeongchang-gun",2015,39411,"KOSIS DT_1PM1502 table total 계; 2015 religion was collected in the 20% sample survey of the register-based census.",17102,43.39,22309,56.61,,,,1462.6,,,"kosis-dt-1pm1502-religion-si-gun-gu-2015|southkorea-maps-kostat-municipalities-2018","sample_survey_20pct;register_based_census_sample_survey"
"KR","kr-si-gun-gu-2018-kostat-harmonised","si_gun_gu","kr-si-gun-gu-2018-kostat-harmonised:32350","32350","Jeongseon-gun",2005,41017,"KOSIS DT_1IN0505 table total 내국인 (명); 미상 (unknown) remains in the denominator.",17682,43.11,22985,56.04,,,,1218.39,,,"kosis-dt-1in0505-religion-si-gun-gu-2005|southkorea-maps-kostat-municipalities-2018","full_count_census;unknown_category_in_denominator"
"KR","kr-si-gun-gu-2018-kostat-harmonised","si_gun_gu","kr-si-gun-gu-2018-kostat-harmonised:32350","32350","Jeongseon-gun",2015,35910,"KOSIS DT_1PM1502 table total 계; 2015 religion was collected in the 20% sample survey of the register-based census.",13990,38.96,21920,61.04,,,,1218.39,,,"kosis-dt-1pm1502-religion-si-gun-gu-2015|southkorea-maps-kostat-municipalities-2018","sample_survey_20pct;register_based_census_sample_survey"
"KR","kr-si-gun-gu-2018-kostat-harmonised","si_gun_gu","kr-si-gun-gu-2018-kostat-harmonised:32360","32360","Gongju-si",2005,43469,"KOSIS DT_1IN0505 table total 내국인 (명); 미상 (unknown) remains in the denominator.",21187,48.74,22236,51.15,,,,889.68,,,"kosis-dt-1in0505-religion-si-gun-gu-2005|southkorea-maps-kostat-municipalities-2018","full_count_census;unknown_category_in_denominator"
"KR","kr-si-gun-gu-2018-kostat-harmonised","si_gun_gu","kr-si-gun-gu-2018-kostat-harmonised:32360","32360","Gongju-si",2015,43968,"KOSIS DT_1PM1502 table total 계; 2015 religion was collected in the 20% sample survey of the register-based census.",17601,40.03,26367,59.97,,,,889.68,,,"kosis-dt-1pm1502-religion-si-gun-gu-2015|southkorea-maps-kostat-municipalities-2018","sample_survey_20pct;register_based_census_sample_survey"
"KR","kr-si-gun-gu-2018-kostat-harmonised","si_gun_gu","kr-si-gun-gu-2018-kostat-harmonised:32370","32370","Hwacheon-gun",2005,21686,"KOSIS DT_1IN0505 table total 내국인 (명); 미상 (unknown) remains in the denominator.",10832,49.95,10834,49.96,,,,906.72,,,"kosis-dt-1in0505-religion-si-gun-gu-2005|southkorea-maps-kostat-municipalities-2018","full_count_census;unknown_category_in_denominator"
"KR","kr-si-gun-gu-2018-kostat-harmonised","si_gun_gu","kr-si-gun-gu-2018-kostat-harmonised:32370","32370","Hwacheon-gun",2015,24166,"KOSIS DT_1PM1502 table total 계; 2015 religion was collected in the 20% sample survey of the register-based census.",10191,42.17,13975,57.83,,,,906.72,,,"kosis-dt-1pm1502-religion-si-gun-gu-2015|southkorea-maps-kostat-municipalities-2018","sample_survey_20pct;register_based_census_sample_survey"
"KR","kr-si-gun-gu-2018-kostat-harmonised","si_gun_gu","kr-si-gun-gu-2018-kostat-harmonised:32380","32380","Yanggu-gun",2005,19385,"KOSIS DT_1IN0505 table total 내국인 (명); 미상 (unknown) remains in the denominator.",10132,52.27,9253,47.73,,,,660.81,,,"kosis-dt-1in0505-religion-si-gun-gu-2005|southkorea-maps-kostat-municipalities-2018","full_count_census;unknown_category_in_denominator"
"KR","kr-si-gun-gu-2018-kostat-harmonised","si_gun_gu","kr-si-gun-gu-2018-kostat-harmonised:32380","32380","Yanggu-gun",2015,21467,"KOSIS DT_1PM1502 table total 계; 2015 religion was collected in the 20% sample survey of the register-based census.",9802,45.66,11665,54.34,,,,660.81,,,"kosis-dt-1pm1502-religion-si-gun-gu-2015|southkorea-maps-kostat-municipalities-2018","sample_survey_20pct;register_based_census_sample_survey"
"KR","kr-si-gun-gu-2018-kostat-harmonised","si_gun_gu","kr-si-gun-gu-2018-kostat-harmonised:32390","32390","Inje-gun",2005,30424,"KOSIS DT_1IN0505 table total 내국인 (명); 미상 (unknown) remains in the denominator.",15121,49.7,14891,48.94,,,,1640.18,,,"kosis-dt-1in0505-religion-si-gun-gu-2005|southkorea-maps-kostat-municipalities-2018","full_count_census;unknown_category_in_denominator"
"KR","kr-si-gun-gu-2018-kostat-harmonised","si_gun_gu","kr-si-gun-gu-2018-kostat-harmonised:32390","32390","Inje-gun",2015,29714,"KOSIS DT_1PM1502 table total 계; 2015 religion was collected in the 20% sample survey of the register-based census.",12088,40.68,17626,59.32,,,,1640.18,,,"kosis-dt-1pm1502-religion-si-gun-gu-2015|southkorea-maps-kostat-municipalities-2018","sample_survey_20pct;register_based_census_sample_survey"
"KR","kr-si-gun-gu-2018-kostat-harmonised","si_gun_gu","kr-si-gun-gu-2018-kostat-harmonised:32400","32400","Goseong-gun",2005,29049,"KOSIS DT_1IN0505 table total 내국인 (명); 미상 (unknown) remains in the denominator.",12755,43.91,16284,56.06,,,,660.38,,,"kosis-dt-1in0505-religion-si-gun-gu-2005|southkorea-maps-kostat-municipalities-2018","full_count_census;unknown_category_in_denominator"
"KR","kr-si-gun-gu-2018-kostat-harmonised","si_gun_gu","kr-si-gun-gu-2018-kostat-harmonised:32400","32400","Goseong-gun",2015,27656,"KOSIS DT_1PM1502 table total 계; 2015 religion was collected in the 20% sample survey of the register-based census.",11088,40.09,16568,59.91,,,,660.38,,,"kosis-dt-1pm1502-religion-si-gun-gu-2015|southkorea-maps-kostat-municipalities-2018","sample_survey_20pct;register_based_census_sample_survey"
"KR","kr-si-gun-gu-2018-kostat-harmonised","si_gun_gu","kr-si-gun-gu-2018-kostat-harmonised:32410","32410","Yangyang-gun",2005,29514,"KOSIS DT_1IN0505 table total 내국인 (명); 미상 (unknown) remains in the denominator.",14162,47.98,15343,51.99,,,,630.23,,,"kosis-dt-1in0505-religion-si-gun-gu-2005|southkorea-maps-kostat-municipalities-2018","full_count_census;unknown_category_in_denominator"
"KR","kr-si-gun-gu-2018-kostat-harmonised","si_gun_gu","kr-si-gun-gu-2018-kostat-harmonised:32410","32410","Yangyang-gun",2015,25165,"KOSIS DT_1PM1502 table total 계; 2015 religion was collected in the 20% sample survey of the register-based census.",11319,44.98,13846,55.02,,,,630.23,,,"kosis-dt-1pm1502-religion-si-gun-gu-2015|southkorea-maps-kostat-municipalities-2018","sample_survey_20pct;register_based_census_sample_survey"
"KR","kr-si-gun-gu-2018-kostat-harmonised","si_gun_gu","kr-si-gun-gu-2018-kostat-harmonised:33020","33020","Chungju-si",2005,204248,"KOSIS DT_1IN0505 table total 내국인 (명); 미상 (unknown) remains in the denominator.",98965,48.45,104876,51.35,,,,980.88,,,"kosis-dt-1in0505-religion-si-gun-gu-2005|southkorea-maps-kostat-municipalities-2018","full_count_census;unknown_category_in_denominator"
"KR","kr-si-gun-gu-2018-kostat-harmonised","si_gun_gu","kr-si-gun-gu-2018-kostat-harmonised:33020","33020","Chungju-si",2015,203528,"KOSIS DT_1PM1502 table total 계; 2015 religion was collected in the 20% sample survey of the register-based census.",80105,39.36,123423,60.64,,,,980.88,,,"kosis-dt-1pm1502-religion-si-gun-gu-2015|southkorea-maps-kostat-municipalities-2018","sample_survey_20pct;register_based_census_sample_survey"
"KR","kr-si-gun-gu-2018-kostat-harmonised","si_gun_gu","kr-si-gun-gu-2018-kostat-harmonised:33030","33030","Jecheon-si",2005,132483,"KOSIS DT_1IN0505 table total 내국인 (명); 미상 (unknown) remains in the denominator.",69117,52.17,62956,47.52,,,,881.86,,,"kosis-dt-1in0505-religion-si-gun-gu-2005|southkorea-maps-kostat-municipalities-2018","full_count_census;unknown_category_in_denominator"
"KR","kr-si-gun-gu-2018-kostat-harmonised","si_gun_gu","kr-si-gun-gu-2018-kostat-harmonised:33030","33030","Jecheon-si",2015,133086,"KOSIS DT_1PM1502 table total 계; 2015 religion was collected in the 20% sample survey of the register-based census.",56361,42.35,76725,57.65,,,,881.86,,,"kosis-dt-1pm1502-religion-si-gun-gu-2015|southkorea-maps-kostat-municipalities-2018","sample_survey_20pct;register_based_census_sample_survey"
"KR","kr-si-gun-gu-2018-kostat-harmonised","si_gun_gu","kr-si-gun-gu-2018-kostat-harmonised:33040","33040","Cheongju-si",2005,752768,"KOSIS DT_1IN0505 table total 내국인 (명); 미상 (unknown) remains in the denominator.",369412,49.07,381512,50.68,,,,939.11,,,"kosis-dt-1in0505-religion-si-gun-gu-2005|southkorea-maps-kostat-municipalities-2018","full_count_census;unknown_category_in_denominator;boundary_dissolved_from_2018_district_features;2005_source_codes_aggregated_to_2018_harmonised_unit"
"KR","kr-si-gun-gu-2018-kostat-harmonised","si_gun_gu","kr-si-gun-gu-2018-kostat-harmonised:33040","33040","Cheongju-si",2015,808703,"KOSIS DT_1PM1502 table total 계; 2015 religion was collected in the 20% sample survey of the register-based census.",316028,39.08,492675,60.92,,,,939.11,,,"kosis-dt-1pm1502-religion-si-gun-gu-2015|southkorea-maps-kostat-municipalities-2018","sample_survey_20pct;register_based_census_sample_survey;boundary_dissolved_from_2018_district_features"
"KR","kr-si-gun-gu-2018-kostat-harmonised","si_gun_gu","kr-si-gun-gu-2018-kostat-harmonised:33320","33320","Boeun-gun",2005,32320,"KOSIS DT_1IN0505 table total 내국인 (명); 미상 (unknown) remains in the denominator.",15477,47.89,16791,51.95,,,,583.53,,,"kosis-dt-1in0505-religion-si-gun-gu-2005|southkorea-maps-kostat-municipalities-2018","full_count_census;unknown_category_in_denominator"
"KR","kr-si-gun-gu-2018-kostat-harmonised","si_gun_gu","kr-si-gun-gu-2018-kostat-harmonised:33320","33320","Boeun-gun",2015,31682,"KOSIS DT_1PM1502 table total 계; 2015 religion was collected in the 20% sample survey of the register-based census.",13697,43.23,17985,56.77,,,,583.53,,,"kosis-dt-1pm1502-religion-si-gun-gu-2015|southkorea-maps-kostat-municipalities-2018","sample_survey_20pct;register_based_census_sample_survey"
"KR","kr-si-gun-gu-2018-kostat-harmonised","si_gun_gu","kr-si-gun-gu-2018-kostat-harmonised:33330","33330","Okcheon-gun",2005,51690,"KOSIS DT_1IN0505 table total 내국인 (명); 미상 (unknown) remains in the denominator.",25366,49.07,26024,50.35,,,,541.17,,,"kosis-dt-1in0505-religion-si-gun-gu-2005|southkorea-maps-kostat-municipalities-2018","full_count_census;unknown_category_in_denominator"
"KR","kr-si-gun-gu-2018-kostat-harmonised","si_gun_gu","kr-si-gun-gu-2018-kostat-harmonised:33330","33330","Okcheon-gun",2015,49238,"KOSIS DT_1PM1502 table total 계; 2015 religion was collected in the 20% sample survey of the register-based census.",20645,41.93,28593,58.07,,,,541.17,,,"kosis-dt-1pm1502-religion-si-gun-gu-2015|southkorea-maps-kostat-municipalities-2018","sample_survey_20pct;register_based_census_sample_survey"
"KR","kr-si-gun-gu-2018-kostat-harmonised","si_gun_gu","kr-si-gun-gu-2018-kostat-harmonised:33340","33340","Yeongdong-gun",2005,49338,"KOSIS DT_1IN0505 table total 내국인 (명); 미상 (unknown) remains in the denominator.",23286,47.2,26042,52.78,,,,851.98,,,"kosis-dt-1in0505-religion-si-gun-gu-2005|southkorea-maps-kostat-municipalities-2018","full_count_census;unknown_category_in_denominator"
"KR","kr-si-gun-gu-2018-kostat-harmonised","si_gun_gu","kr-si-gun-gu-2018-kostat-harmonised:33340","33340","Yeongdong-gun",2015,48271,"KOSIS DT_1PM1502 table total 계; 2015 religion was collected in the 20% sample survey of the register-based census.",20144,41.73,28127,58.27,,,,851.98,,,"kosis-dt-1pm1502-religion-si-gun-gu-2015|southkorea-maps-kostat-municipalities-2018","sample_survey_20pct;register_based_census_sample_survey"
"KR","kr-si-gun-gu-2018-kostat-harmonised","si_gun_gu","kr-si-gun-gu-2018-kostat-harmonised:33350","33350","Jincheon-gun",2005,57799,"KOSIS DT_1IN0505 table total 내국인 (명); 미상 (unknown) remains in the denominator.",27060,46.82,30485,52.74,,,,407.89,,,"kosis-dt-1in0505-religion-si-gun-gu-2005|southkorea-maps-kostat-municipalities-2018","full_count_census;unknown_category_in_denominator"
"KR","kr-si-gun-gu-2018-kostat-harmonised","si_gun_gu","kr-si-gun-gu-2018-kostat-harmonised:33350","33350","Jincheon-gun",2015,64064,"KOSIS DT_1PM1502 table total 계; 2015 religion was collected in the 20% sample survey of the register-based census.",24025,37.5,40039,62.5,,,,407.89,,,"kosis-dt-1pm1502-religion-si-gun-gu-2015|southkorea-maps-kostat-municipalities-2018","sample_survey_20pct;register_based_census_sample_survey"
"KR","kr-si-gun-gu-2018-kostat-harmonised","si_gun_gu","kr-si-gun-gu-2018-kostat-harmonised:33360","33360","Goesan-gun",2005,32208,"KOSIS DT_1IN0505 table total 내국인 (명); 미상 (unknown) remains in the denominator.",16840,52.29,15363,47.7,,,,841.35,,,"kosis-dt-1in0505-religion-si-gun-gu-2005|southkorea-maps-kostat-municipalities-2018","full_count_census;unknown_category_in_denominator"
"KR","kr-si-gun-gu-2018-kostat-harmonised","si_gun_gu","kr-si-gun-gu-2018-kostat-harmonised:33360","33360","Goesan-gun",2015,36553,"KOSIS DT_1PM1502 table total 계; 2015 religion was collected in the 20% sample survey of the register-based census.",16695,45.67,19858,54.33,,,,841.35,,,"kosis-dt-1pm1502-religion-si-gun-gu-2015|southkorea-maps-kostat-municipalities-2018","sample_survey_20pct;register_based_census_sample_survey"
"KR","kr-si-gun-gu-2018-kostat-harmonised","si_gun_gu","kr-si-gun-gu-2018-kostat-harmonised:33370","33370","Eumseong-gun",2005,81957,"KOSIS DT_1IN0505 table total 내국인 (명); 미상 (unknown) remains in the denominator.",41259,50.34,40619,49.56,,,,518.99,,,"kosis-dt-1in0505-religion-si-gun-gu-2005|southkorea-maps-kostat-municipalities-2018","full_count_census;unknown_category_in_denominator"
"KR","kr-si-gun-gu-2018-kostat-harmonised","si_gun_gu","kr-si-gun-gu-2018-kostat-harmonised:33370","33370","Eumseong-gun",2015,90715,"KOSIS DT_1PM1502 table total 계; 2015 religion was collected in the 20% sample survey of the register-based census.",37329,41.15,53386,58.85,,,,518.99,,,"kosis-dt-1pm1502-religion-si-gun-gu-2015|southkorea-maps-kostat-municipalities-2018","sample_survey_20pct;register_based_census_sample_survey"
"KR","kr-si-gun-gu-2018-kostat-harmonised","si_gun_gu","kr-si-gun-gu-2018-kostat-harmonised:33380","33380","Danyang-gun",2005,30395,"KOSIS DT_1IN0505 table total 내국인 (명); 미상 (unknown) remains in the denominator.",15738,51.78,14562,47.91,,,,779.93,,,"kosis-dt-1in0505-religion-si-gun-gu-2005|southkorea-maps-kostat-municipalities-2018","full_count_census;unknown_category_in_denominator"
"KR","kr-si-gun-gu-2018-kostat-harmonised","si_gun_gu","kr-si-gun-gu-2018-kostat-harmonised:33380","33380","Danyang-gun",2015,28154,"KOSIS DT_1PM1502 table total 계; 2015 religion was collected in the 20% sample survey of the register-based census.",12846,45.63,15308,54.37,,,,779.93,,,"kosis-dt-1pm1502-religion-si-gun-gu-2015|southkorea-maps-kostat-municipalities-2018","sample_survey_20pct;register_based_census_sample_survey"
"KR","kr-si-gun-gu-2018-kostat-harmonised","si_gun_gu","kr-si-gun-gu-2018-kostat-harmonised:33390","33390","Jeungpyeong-gun",2005,28666,"KOSIS DT_1IN0505 table total 내국인 (명); 미상 (unknown) remains in the denominator.",14369,50.13,14235,49.66,,,,81.63,,,"kosis-dt-1in0505-religion-si-gun-gu-2005|southkorea-maps-kostat-municipalities-2018","full_count_census;unknown_category_in_denominator"
"KR","kr-si-gun-gu-2018-kostat-harmonised","si_gun_gu","kr-si-gun-gu-2018-kostat-harmonised:33390","33390","Jeungpyeong-gun",2015,34987,"KOSIS DT_1PM1502 table total 계; 2015 religion was collected in the 20% sample survey of the register-based census.",14013,40.05,20974,59.95,,,,81.63,,,"kosis-dt-1pm1502-religion-si-gun-gu-2015|southkorea-maps-kostat-municipalities-2018","sample_survey_20pct;register_based_census_sample_survey"
"KR","kr-si-gun-gu-2018-kostat-harmonised","si_gun_gu","kr-si-gun-gu-2018-kostat-harmonised:34010","34010","Cheonan-si",2005,518171,"KOSIS DT_1IN0505 table total 내국인 (명); 미상 (unknown) remains in the denominator.",249988,48.24,267326,51.59,,,,636.32,,,"kosis-dt-1in0505-religion-si-gun-gu-2005|southkorea-maps-kostat-municipalities-2018","full_count_census;unknown_category_in_denominator;boundary_dissolved_from_2018_district_features"
"KR","kr-si-gun-gu-2018-kostat-harmonised","si_gun_gu","kr-si-gun-gu-2018-kostat-harmonised:34010","34010","Cheonan-si",2015,599670,"KOSIS DT_1PM1502 table total 계; 2015 religion was collected in the 20% sample survey of the register-based census.",232446,38.76,367224,61.24,,,,636.32,,,"kosis-dt-1pm1502-religion-si-gun-gu-2015|southkorea-maps-kostat-municipalities-2018","sample_survey_20pct;register_based_census_sample_survey;boundary_dissolved_from_2018_district_features"
"KR","kr-si-gun-gu-2018-kostat-harmonised","si_gun_gu","kr-si-gun-gu-2018-kostat-harmonised:34020","34020","Gongju-si",2005,126484,"KOSIS DT_1IN0505 table total 내국인 (명); 미상 (unknown) remains in the denominator.",65723,51.96,60433,47.78,,,,863.45,,,"kosis-dt-1in0505-religion-si-gun-gu-2005|southkorea-maps-kostat-municipalities-2018","full_count_census;unknown_category_in_denominator"
"KR","kr-si-gun-gu-2018-kostat-harmonised","si_gun_gu","kr-si-gun-gu-2018-kostat-harmonised:34020","34020","Gongju-si",2015,110067,"KOSIS DT_1PM1502 table total 계; 2015 religion was collected in the 20% sample survey of the register-based census.",48082,43.68,61985,56.32,,,,863.45,,,"kosis-dt-1pm1502-religion-si-gun-gu-2015|southkorea-maps-kostat-municipalities-2018","sample_survey_20pct;register_based_census_sample_survey"
"KR","kr-si-gun-gu-2018-kostat-harmonised","si_gun_gu","kr-si-gun-gu-2018-kostat-harmonised:34030","34030","Boryeong-si",2005,96992,"KOSIS DT_1IN0505 table total 내국인 (명); 미상 (unknown) remains in the denominator.",45318,46.72,51571,53.17,,,,583.55,,,"kosis-dt-1in0505-religion-si-gun-gu-2005|southkorea-maps-kostat-municipalities-2018","full_count_census;unknown_category_in_denominator"
"KR","kr-si-gun-gu-2018-kostat-harmonised","si_gun_gu","kr-si-gun-gu-2018-kostat-harmonised:34030","34030","Boryeong-si",2015,97703,"KOSIS DT_1PM1502 table total 계; 2015 religion was collected in the 20% sample survey of the register-based census.",39923,40.86,57780,59.14,,,,583.55,,,"kosis-dt-1pm1502-religion-si-gun-gu-2015|southkorea-maps-kostat-municipalities-2018","sample_survey_20pct;register_based_census_sample_survey"
"KR","kr-si-gun-gu-2018-kostat-harmonised","si_gun_gu","kr-si-gun-gu-2018-kostat-harmonised:34040","34040","Asan-si",2005,206851,"KOSIS DT_1IN0505 table total 내국인 (명); 미상 (unknown) remains in the denominator.",101757,49.19,104407,50.47,,,,542.89,,,"kosis-dt-1in0505-religion-si-gun-gu-2005|southkorea-maps-kostat-municipalities-2018","full_count_census;unknown_category_in_denominator"
"KR","kr-si-gun-gu-2018-kostat-harmonised","si_gun_gu","kr-si-gun-gu-2018-kostat-harmonised:34040","34040","Asan-si",2015,299782,"KOSIS DT_1PM1502 table total 계; 2015 religion was collected in the 20% sample survey of the register-based census.",114768,38.28,185014,61.72,,,,542.89,,,"kosis-dt-1pm1502-religion-si-gun-gu-2015|southkorea-maps-kostat-municipalities-2018","sample_survey_20pct;register_based_census_sample_survey"
"KR","kr-si-gun-gu-2018-kostat-harmonised","si_gun_gu","kr-si-gun-gu-2018-kostat-harmonised:34050","34050","Seosan-si",2005,143692,"KOSIS DT_1IN0505 table total 내국인 (명); 미상 (unknown) remains in the denominator.",69098,48.09,74431,51.8,,,,743.16,,,"kosis-dt-1in0505-religion-si-gun-gu-2005|southkorea-maps-kostat-municipalities-2018","full_count_census;unknown_category_in_denominator"
"KR","kr-si-gun-gu-2018-kostat-harmonised","si_gun_gu","kr-si-gun-gu-2018-kostat-harmonised:34050","34050","Seosan-si",2015,162283,"KOSIS DT_1PM1502 table total 계; 2015 religion was collected in the 20% sample survey of the register-based census.",63808,39.32,98475,60.68,,,,743.16,,,"kosis-dt-1pm1502-religion-si-gun-gu-2015|southkorea-maps-kostat-municipalities-2018","sample_survey_20pct;register_based_census_sample_survey"
"KR","kr-si-gun-gu-2018-kostat-harmonised","si_gun_gu","kr-si-gun-gu-2018-kostat-harmonised:34060","34060","Nonsan-si",2005,124779,"KOSIS DT_1IN0505 table total 내국인 (명); 미상 (unknown) remains in the denominator.",69215,55.47,55539,44.51,,,,553.67,,,"kosis-dt-1in0505-religion-si-gun-gu-2005|southkorea-maps-kostat-municipalities-2018","full_count_census;unknown_category_in_denominator"
"KR","kr-si-gun-gu-2018-kostat-harmonised","si_gun_gu","kr-si-gun-gu-2018-kostat-harmonised:34060","34060","Nonsan-si",2015,118462,"KOSIS DT_1PM1502 table total 계; 2015 religion was collected in the 20% sample survey of the register-based census.",55758,47.07,62704,52.93,,,,553.67,,,"kosis-dt-1pm1502-religion-si-gun-gu-2015|southkorea-maps-kostat-municipalities-2018","sample_survey_20pct;register_based_census_sample_survey"
"KR","kr-si-gun-gu-2018-kostat-harmonised","si_gun_gu","kr-si-gun-gu-2018-kostat-harmonised:34070","34070","Gyeryong-si",2005,31646,"KOSIS DT_1IN0505 table total 내국인 (명); 미상 (unknown) remains in the denominator.",21223,67.06,9903,31.29,,,,60.64,,,"kosis-dt-1in0505-religion-si-gun-gu-2005|southkorea-maps-kostat-municipalities-2018","full_count_census;unknown_category_in_denominator;2005_source_codes_aggregated_to_2018_harmonised_unit"
"KR","kr-si-gun-gu-2018-kostat-harmonised","si_gun_gu","kr-si-gun-gu-2018-kostat-harmonised:34070","34070","Gyeryong-si",2015,37834,"KOSIS DT_1PM1502 table total 계; 2015 religion was collected in the 20% sample survey of the register-based census.",21371,56.49,16463,43.51,,,,60.64,,,"kosis-dt-1pm1502-religion-si-gun-gu-2015|southkorea-maps-kostat-municipalities-2018","sample_survey_20pct;register_based_census_sample_survey"
"KR","kr-si-gun-gu-2018-kostat-harmonised","si_gun_gu","kr-si-gun-gu-2018-kostat-harmonised:34080","34080","Dangjin-si",2005,112267,"KOSIS DT_1IN0505 table total 내국인 (명); 미상 (unknown) remains in the denominator.",61220,54.53,49964,44.5,,,,709.17,,,"kosis-dt-1in0505-religion-si-gun-gu-2005|southkorea-maps-kostat-municipalities-2018","full_count_census;unknown_category_in_denominator;2005_source_codes_aggregated_to_2018_harmonised_unit"
"KR","kr-si-gun-gu-2018-kostat-harmonised","si_gun_gu","kr-si-gun-gu-2018-kostat-harmonised:34080","34080","Dangjin-si",2015,155766,"KOSIS DT_1PM1502 table total 계; 2015 religion was collected in the 20% sample survey of the register-based census.",67344,43.23,88422,56.77,,,,709.17,,,"kosis-dt-1pm1502-religion-si-gun-gu-2015|southkorea-maps-kostat-municipalities-2018","sample_survey_20pct;register_based_census_sample_survey"
"KR","kr-si-gun-gu-2018-kostat-harmonised","si_gun_gu","kr-si-gun-gu-2018-kostat-harmonised:34310","34310","Geumsan-gun",2005,53269,"KOSIS DT_1IN0505 table total 내국인 (명); 미상 (unknown) remains in the denominator.",28188,52.92,25081,47.08,,,,576.18,,,"kosis-dt-1in0505-religion-si-gun-gu-2005|southkorea-maps-kostat-municipalities-2018","full_count_census;unknown_category_in_denominator"
"KR","kr-si-gun-gu-2018-kostat-harmonised","si_gun_gu","kr-si-gun-gu-2018-kostat-harmonised:34310","34310","Geumsan-gun",2015,53715,"KOSIS DT_1PM1502 table total 계; 2015 religion was collected in the 20% sample survey of the register-based census.",24833,46.23,28882,53.77,,,,576.18,,,"kosis-dt-1pm1502-religion-si-gun-gu-2015|southkorea-maps-kostat-municipalities-2018","sample_survey_20pct;register_based_census_sample_survey"
"KR","kr-si-gun-gu-2018-kostat-harmonised","si_gun_gu","kr-si-gun-gu-2018-kostat-harmonised:34330","34330","Buyeo-gun",2005,73207,"KOSIS DT_1IN0505 table total 내국인 (명); 미상 (unknown) remains in the denominator.",38691,52.85,34354,46.93,,,,623.76,,,"kosis-dt-1in0505-religion-si-gun-gu-2005|southkorea-maps-kostat-municipalities-2018","full_count_census;unknown_category_in_denominator"
"KR","kr-si-gun-gu-2018-kostat-harmonised","si_gun_gu","kr-si-gun-gu-2018-kostat-harmonised:34330","34330","Buyeo-gun",2015,66569,"KOSIS DT_1PM1502 table total 계; 2015 religion was collected in the 20% sample survey of the register-based census.",31426,47.21,35143,52.79,,,,623.76,,,"kosis-dt-1pm1502-religion-si-gun-gu-2015|southkorea-maps-kostat-municipalities-2018","sample_survey_20pct;register_based_census_sample_survey"
"KR","kr-si-gun-gu-2018-kostat-harmonised","si_gun_gu","kr-si-gun-gu-2018-kostat-harmonised:34340","34340","Seocheon-gun",2005,57659,"KOSIS DT_1IN0505 table total 내국인 (명); 미상 (unknown) remains in the denominator.",28551,49.52,29059,50.4,,,,367.04,,,"kosis-dt-1in0505-religion-si-gun-gu-2005|southkorea-maps-kostat-municipalities-2018","full_count_census;unknown_category_in_denominator"
"KR","kr-si-gun-gu-2018-kostat-harmonised","si_gun_gu","kr-si-gun-gu-2018-kostat-harmonised:34340","34340","Seocheon-gun",2015,52694,"KOSIS DT_1PM1502 table total 계; 2015 religion was collected in the 20% sample survey of the register-based census.",24309,46.13,28385,53.87,,,,367.04,,,"kosis-dt-1pm1502-religion-si-gun-gu-2015|southkorea-maps-kostat-municipalities-2018","sample_survey_20pct;register_based_census_sample_survey"
"KR","kr-si-gun-gu-2018-kostat-harmonised","si_gun_gu","kr-si-gun-gu-2018-kostat-harmonised:34350","34350","Cheongyang-gun",2005,31225,"KOSIS DT_1IN0505 table total 내국인 (명); 미상 (unknown) remains in the denominator.",14481,46.38,16744,53.62,,,,479.28,,,"kosis-dt-1in0505-religion-si-gun-gu-2005|southkorea-maps-kostat-municipalities-2018","full_count_census;unknown_category_in_denominator"
"KR","kr-si-gun-gu-2018-kostat-harmonised","si_gun_gu","kr-si-gun-gu-2018-kostat-harmonised:34350","34350","Cheongyang-gun",2015,30671,"KOSIS DT_1PM1502 table total 계; 2015 religion was collected in the 20% sample survey of the register-based census.",12554,40.93,18117,59.07,,,,479.28,,,"kosis-dt-1pm1502-religion-si-gun-gu-2015|southkorea-maps-kostat-municipalities-2018","sample_survey_20pct;register_based_census_sample_survey"
"KR","kr-si-gun-gu-2018-kostat-harmonised","si_gun_gu","kr-si-gun-gu-2018-kostat-harmonised:34360","34360","Hongseong-gun",2005,82584,"KOSIS DT_1IN0505 table total 내국인 (명); 미상 (unknown) remains in the denominator.",37813,45.79,44771,54.21,,,,442.96,,,"kosis-dt-1in0505-religion-si-gun-gu-2005|southkorea-maps-kostat-municipalities-2018","full_count_census;unknown_category_in_denominator"
"KR","kr-si-gun-gu-2018-kostat-harmonised","si_gun_gu","kr-si-gun-gu-2018-kostat-harmonised:34360","34360","Hongseong-gun",2015,90968,"KOSIS DT_1PM1502 table total 계; 2015 religion was collected in the 20% sample survey of the register-based census.",36083,39.67,54885,60.33,,,,442.96,,,"kosis-dt-1pm1502-religion-si-gun-gu-2015|southkorea-maps-kostat-municipalities-2018","sample_survey_20pct;register_based_census_sample_survey"
"KR","kr-si-gun-gu-2018-kostat-harmonised","si_gun_gu","kr-si-gun-gu-2018-kostat-harmonised:34370","34370","Yesan-gun",2005,81623,"KOSIS DT_1IN0505 table total 내국인 (명); 미상 (unknown) remains in the denominator.",45206,55.38,36146,44.28,,,,543.35,,,"kosis-dt-1in0505-religion-si-gun-gu-2005|southkorea-maps-kostat-municipalities-2018","full_count_census;unknown_category_in_denominator"
"KR","kr-si-gun-gu-2018-kostat-harmonised","si_gun_gu","kr-si-gun-gu-2018-kostat-harmonised:34370","34370","Yesan-gun",2015,78622,"KOSIS DT_1PM1502 table total 계; 2015 religion was collected in the 20% sample survey of the register-based census.",36207,46.05,42415,53.95,,,,543.35,,,"kosis-dt-1pm1502-religion-si-gun-gu-2015|southkorea-maps-kostat-municipalities-2018","sample_survey_20pct;register_based_census_sample_survey"
"KR","kr-si-gun-gu-2018-kostat-harmonised","si_gun_gu","kr-si-gun-gu-2018-kostat-harmonised:34380","34380","Taean-gun",2005,58579,"KOSIS DT_1IN0505 table total 내국인 (명); 미상 (unknown) remains in the denominator.",24343,41.56,34160,58.31,,,,534.29,,,"kosis-dt-1in0505-religion-si-gun-gu-2005|southkorea-maps-kostat-municipalities-2018","full_count_census;unknown_category_in_denominator"
"KR","kr-si-gun-gu-2018-kostat-harmonised","si_gun_gu","kr-si-gun-gu-2018-kostat-harmonised:34380","34380","Taean-gun",2015,57686,"KOSIS DT_1PM1502 table total 계; 2015 religion was collected in the 20% sample survey of the register-based census.",23180,40.18,34506,59.82,,,,534.29,,,"kosis-dt-1pm1502-religion-si-gun-gu-2015|southkorea-maps-kostat-municipalities-2018","sample_survey_20pct;register_based_census_sample_survey"
"KR","kr-si-gun-gu-2018-kostat-harmonised","si_gun_gu","kr-si-gun-gu-2018-kostat-harmonised:35010","35010","Jeonju-si",2005,622092,"KOSIS DT_1IN0505 table total 내국인 (명); 미상 (unknown) remains in the denominator.",338968,54.49,282536,45.42,,,,205.3,,,"kosis-dt-1in0505-religion-si-gun-gu-2005|southkorea-maps-kostat-municipalities-2018","full_count_census;unknown_category_in_denominator;boundary_dissolved_from_2018_district_features"
"KR","kr-si-gun-gu-2018-kostat-harmonised","si_gun_gu","kr-si-gun-gu-2018-kostat-harmonised:35010","35010","Jeonju-si",2015,643235,"KOSIS DT_1PM1502 table total 계; 2015 religion was collected in the 20% sample survey of the register-based census.",296738,46.13,346497,53.87,,,,205.3,,,"kosis-dt-1pm1502-religion-si-gun-gu-2015|southkorea-maps-kostat-municipalities-2018","sample_survey_20pct;register_based_census_sample_survey;boundary_dissolved_from_2018_district_features"
"KR","kr-si-gun-gu-2018-kostat-harmonised","si_gun_gu","kr-si-gun-gu-2018-kostat-harmonised:35020","35020","Gunsan-si",2005,249212,"KOSIS DT_1IN0505 table total 내국인 (명); 미상 (unknown) remains in the denominator.",134966,54.16,112825,45.27,,,,410.72,,,"kosis-dt-1in0505-religion-si-gun-gu-2005|southkorea-maps-kostat-municipalities-2018","full_count_census;unknown_category_in_denominator"
"KR","kr-si-gun-gu-2018-kostat-harmonised","si_gun_gu","kr-si-gun-gu-2018-kostat-harmonised:35020","35020","Gunsan-si",2015,265597,"KOSIS DT_1PM1502 table total 계; 2015 religion was collected in the 20% sample survey of the register-based census.",118962,44.79,146635,55.21,,,,410.72,,,"kosis-dt-1pm1502-religion-si-gun-gu-2015|southkorea-maps-kostat-municipalities-2018","sample_survey_20pct;register_based_census_sample_survey"
"KR","kr-si-gun-gu-2018-kostat-harmonised","si_gun_gu","kr-si-gun-gu-2018-kostat-harmonised:35030","35030","Iksan-si",2005,306974,"KOSIS DT_1IN0505 table total 내국인 (명); 미상 (unknown) remains in the denominator.",177138,57.7,129800,42.28,,,,507.02,,,"kosis-dt-1in0505-religion-si-gun-gu-2005|southkorea-maps-kostat-municipalities-2018","full_count_census;unknown_category_in_denominator"
"KR","kr-si-gun-gu-2018-kostat-harmonised","si_gun_gu","kr-si-gun-gu-2018-kostat-harmonised:35030","35030","Iksan-si",2015,293067,"KOSIS DT_1PM1502 table total 계; 2015 religion was collected in the 20% sample survey of the register-based census.",138362,47.21,154705,52.79,,,,507.02,,,"kosis-dt-1pm1502-religion-si-gun-gu-2015|southkorea-maps-kostat-municipalities-2018","sample_survey_20pct;register_based_census_sample_survey"
"KR","kr-si-gun-gu-2018-kostat-harmonised","si_gun_gu","kr-si-gun-gu-2018-kostat-harmonised:35040","35040","Jeongeup-si",2005,115416,"KOSIS DT_1IN0505 table total 내국인 (명); 미상 (unknown) remains in the denominator.",55027,47.68,59891,51.89,,,,697.29,,,"kosis-dt-1in0505-religion-si-gun-gu-2005|southkorea-maps-kostat-municipalities-2018","full_count_census;unknown_category_in_denominator"
"KR","kr-si-gun-gu-2018-kostat-harmonised","si_gun_gu","kr-si-gun-gu-2018-kostat-harmonised:35040","35040","Jeongeup-si",2015,106628,"KOSIS DT_1PM1502 table total 계; 2015 religion was collected in the 20% sample survey of the register-based census.",42364,39.73,64264,60.27,,,,697.29,,,"kosis-dt-1pm1502-religion-si-gun-gu-2015|southkorea-maps-kostat-municipalities-2018","sample_survey_20pct;register_based_census_sample_survey"
"KR","kr-si-gun-gu-2018-kostat-harmonised","si_gun_gu","kr-si-gun-gu-2018-kostat-harmonised:35050","35050","Namwon-si",2005,85828,"KOSIS DT_1IN0505 table total 내국인 (명); 미상 (unknown) remains in the denominator.",42075,49.02,43616,50.82,,,,749.75,,,"kosis-dt-1in0505-religion-si-gun-gu-2005|southkorea-maps-kostat-municipalities-2018","full_count_census;unknown_category_in_denominator"
"KR","kr-si-gun-gu-2018-kostat-harmonised","si_gun_gu","kr-si-gun-gu-2018-kostat-harmonised:35050","35050","Namwon-si",2015,78488,"KOSIS DT_1PM1502 table total 계; 2015 religion was collected in the 20% sample survey of the register-based census.",31880,40.62,46608,59.38,,,,749.75,,,"kosis-dt-1pm1502-religion-si-gun-gu-2015|southkorea-maps-kostat-municipalities-2018","sample_survey_20pct;register_based_census_sample_survey"
"KR","kr-si-gun-gu-2018-kostat-harmonised","si_gun_gu","kr-si-gun-gu-2018-kostat-harmonised:35060","35060","Gimje-si",2005,90376,"KOSIS DT_1IN0505 table total 내국인 (명); 미상 (unknown) remains in the denominator.",51116,56.56,38446,42.54,,,,544.06,,,"kosis-dt-1in0505-religion-si-gun-gu-2005|southkorea-maps-kostat-municipalities-2018","full_count_census;unknown_category_in_denominator"
"KR","kr-si-gun-gu-2018-kostat-harmonised","si_gun_gu","kr-si-gun-gu-2018-kostat-harmonised:35060","35060","Gimje-si",2015,81205,"KOSIS DT_1PM1502 table total 계; 2015 religion was collected in the 20% sample survey of the register-based census.",40336,49.67,40869,50.33,,,,544.06,,,"kosis-dt-1pm1502-religion-si-gun-gu-2015|southkorea-maps-kostat-municipalities-2018","sample_survey_20pct;register_based_census_sample_survey"
"KR","kr-si-gun-gu-2018-kostat-harmonised","si_gun_gu","kr-si-gun-gu-2018-kostat-harmonised:35310","35310","Wanju-gun",2005,79104,"KOSIS DT_1IN0505 table total 내국인 (명); 미상 (unknown) remains in the denominator.",44742,56.56,33296,42.09,,,,821.42,,,"kosis-dt-1in0505-religion-si-gun-gu-2005|southkorea-maps-kostat-municipalities-2018","full_count_census;unknown_category_in_denominator"
"KR","kr-si-gun-gu-2018-kostat-harmonised","si_gun_gu","kr-si-gun-gu-2018-kostat-harmonised:35310","35310","Wanju-gun",2015,92025,"KOSIS DT_1PM1502 table total 계; 2015 religion was collected in the 20% sample survey of the register-based census.",43923,47.73,48102,52.27,,,,821.42,,,"kosis-dt-1pm1502-religion-si-gun-gu-2015|southkorea-maps-kostat-municipalities-2018","sample_survey_20pct;register_based_census_sample_survey"
"KR","kr-si-gun-gu-2018-kostat-harmonised","si_gun_gu","kr-si-gun-gu-2018-kostat-harmonised:35320","35320","Jinan-gun",2005,23915,"KOSIS DT_1IN0505 table total 내국인 (명); 미상 (unknown) remains in the denominator.",12576,52.59,11339,47.41,,,,788.53,,,"kosis-dt-1in0505-religion-si-gun-gu-2005|southkorea-maps-kostat-municipalities-2018","full_count_census;unknown_category_in_denominator"
"KR","kr-si-gun-gu-2018-kostat-harmonised","si_gun_gu","kr-si-gun-gu-2018-kostat-harmonised:35320","35320","Jinan-gun",2015,22315,"KOSIS DT_1PM1502 table total 계; 2015 religion was collected in the 20% sample survey of the register-based census.",9991,44.77,12324,55.23,,,,788.53,,,"kosis-dt-1pm1502-religion-si-gun-gu-2015|southkorea-maps-kostat-municipalities-2018","sample_survey_20pct;register_based_census_sample_survey"
"KR","kr-si-gun-gu-2018-kostat-harmonised","si_gun_gu","kr-si-gun-gu-2018-kostat-harmonised:35330","35330","Muju-gun",2005,22310,"KOSIS DT_1IN0505 table total 내국인 (명); 미상 (unknown) remains in the denominator.",10189,45.67,12121,54.33,,,,629.41,,,"kosis-dt-1in0505-religion-si-gun-gu-2005|southkorea-maps-kostat-municipalities-2018","full_count_census;unknown_category_in_denominator"
"KR","kr-si-gun-gu-2018-kostat-harmonised","si_gun_gu","kr-si-gun-gu-2018-kostat-harmonised:35330","35330","Muju-gun",2015,22945,"KOSIS DT_1PM1502 table total 계; 2015 religion was collected in the 20% sample survey of the register-based census.",10164,44.3,12781,55.7,,,,629.41,,,"kosis-dt-1pm1502-religion-si-gun-gu-2015|southkorea-maps-kostat-municipalities-2018","sample_survey_20pct;register_based_census_sample_survey"
"KR","kr-si-gun-gu-2018-kostat-harmonised","si_gun_gu","kr-si-gun-gu-2018-kostat-harmonised:35340","35340","Jangsu-gun",2005,20486,"KOSIS DT_1IN0505 table total 내국인 (명); 미상 (unknown) remains in the denominator.",10355,50.55,10131,49.45,,,,531.53,,,"kosis-dt-1in0505-religion-si-gun-gu-2005|southkorea-maps-kostat-municipalities-2018","full_count_census;unknown_category_in_denominator"
"KR","kr-si-gun-gu-2018-kostat-harmonised","si_gun_gu","kr-si-gun-gu-2018-kostat-harmonised:35340","35340","Jangsu-gun",2015,20947,"KOSIS DT_1PM1502 table total 계; 2015 religion was collected in the 20% sample survey of the register-based census.",9348,44.63,11599,55.37,,,,531.53,,,"kosis-dt-1pm1502-religion-si-gun-gu-2015|southkorea-maps-kostat-municipalities-2018","sample_survey_20pct;register_based_census_sample_survey"
"KR","kr-si-gun-gu-2018-kostat-harmonised","si_gun_gu","kr-si-gun-gu-2018-kostat-harmonised:35350","35350","Imsil-gun",2005,25682,"KOSIS DT_1IN0505 table total 내국인 (명); 미상 (unknown) remains in the denominator.",12581,48.99,13101,51.01,,,,596.22,,,"kosis-dt-1in0505-religion-si-gun-gu-2005|southkorea-maps-kostat-municipalities-2018","full_count_census;unknown_category_in_denominator"
"KR","kr-si-gun-gu-2018-kostat-harmonised","si_gun_gu","kr-si-gun-gu-2018-kostat-harmonised:35350","35350","Imsil-gun",2015,25262,"KOSIS DT_1PM1502 table total 계; 2015 religion was collected in the 20% sample survey of the register-based census.",10753,42.57,14509,57.43,,,,596.22,,,"kosis-dt-1pm1502-religion-si-gun-gu-2015|southkorea-maps-kostat-municipalities-2018","sample_survey_20pct;register_based_census_sample_survey"
"KR","kr-si-gun-gu-2018-kostat-harmonised","si_gun_gu","kr-si-gun-gu-2018-kostat-harmonised:35360","35360","Sunchang-gun",2005,26250,"KOSIS DT_1IN0505 table total 내국인 (명); 미상 (unknown) remains in the denominator.",10355,39.45,15883,60.51,,,,499.59,,,"kosis-dt-1in0505-religion-si-gun-gu-2005|southkorea-maps-kostat-municipalities-2018","full_count_census;unknown_category_in_denominator"
"KR","kr-si-gun-gu-2018-kostat-harmonised","si_gun_gu","kr-si-gun-gu-2018-kostat-harmonised:35360","35360","Sunchang-gun",2015,26036,"KOSIS DT_1PM1502 table total 계; 2015 religion was collected in the 20% sample survey of the register-based census.",8816,33.86,17220,66.14,,,,499.59,,,"kosis-dt-1pm1502-religion-si-gun-gu-2015|southkorea-maps-kostat-municipalities-2018","sample_survey_20pct;register_based_census_sample_survey"
"KR","kr-si-gun-gu-2018-kostat-harmonised","si_gun_gu","kr-si-gun-gu-2018-kostat-harmonised:35370","35370","Gochang-gun",2005,55994,"KOSIS DT_1IN0505 table total 내국인 (명); 미상 (unknown) remains in the denominator.",26406,47.16,29588,52.84,,,,612.04,,,"kosis-dt-1in0505-religion-si-gun-gu-2005|southkorea-maps-kostat-municipalities-2018","full_count_census;unknown_category_in_denominator"
"KR","kr-si-gun-gu-2018-kostat-harmonised","si_gun_gu","kr-si-gun-gu-2018-kostat-harmonised:35370","35370","Gochang-gun",2015,53984,"KOSIS DT_1PM1502 table total 계; 2015 religion was collected in the 20% sample survey of the register-based census.",20555,38.08,33429,61.92,,,,612.04,,,"kosis-dt-1pm1502-religion-si-gun-gu-2015|southkorea-maps-kostat-municipalities-2018","sample_survey_20pct;register_based_census_sample_survey"
"KR","kr-si-gun-gu-2018-kostat-harmonised","si_gun_gu","kr-si-gun-gu-2018-kostat-harmonised:35380","35380","Buan-gun",2005,55240,"KOSIS DT_1IN0505 table total 내국인 (명); 미상 (unknown) remains in the denominator.",24659,44.64,30409,55.05,,,,497.32,,,"kosis-dt-1in0505-religion-si-gun-gu-2005|southkorea-maps-kostat-municipalities-2018","full_count_census;unknown_category_in_denominator"
"KR","kr-si-gun-gu-2018-kostat-harmonised","si_gun_gu","kr-si-gun-gu-2018-kostat-harmonised:35380","35380","Buan-gun",2015,50557,"KOSIS DT_1PM1502 table total 계; 2015 religion was collected in the 20% sample survey of the register-based census.",20048,39.65,30509,60.35,,,,497.32,,,"kosis-dt-1pm1502-religion-si-gun-gu-2015|southkorea-maps-kostat-municipalities-2018","sample_survey_20pct;register_based_census_sample_survey"
"KR","kr-si-gun-gu-2018-kostat-harmonised","si_gun_gu","kr-si-gun-gu-2018-kostat-harmonised:36010","36010","Mokpo-si",2005,244543,"KOSIS DT_1IN0505 table total 내국인 (명); 미상 (unknown) remains in the denominator.",128359,52.49,115530,47.24,,,,53.68,,,"kosis-dt-1in0505-religion-si-gun-gu-2005|southkorea-maps-kostat-municipalities-2018","full_count_census;unknown_category_in_denominator"
"KR","kr-si-gun-gu-2018-kostat-harmonised","si_gun_gu","kr-si-gun-gu-2018-kostat-harmonised:36010","36010","Mokpo-si",2015,233245,"KOSIS DT_1PM1502 table total 계; 2015 religion was collected in the 20% sample survey of the register-based census.",99175,42.52,134070,57.48,,,,53.68,,,"kosis-dt-1pm1502-religion-si-gun-gu-2015|southkorea-maps-kostat-municipalities-2018","sample_survey_20pct;register_based_census_sample_survey"
"KR","kr-si-gun-gu-2018-kostat-harmonised","si_gun_gu","kr-si-gun-gu-2018-kostat-harmonised:36020","36020","Yeosu-si",2005,277420,"KOSIS DT_1IN0505 table total 내국인 (명); 미상 (unknown) remains in the denominator.",142892,51.51,134128,48.35,,,,520.41,,,"kosis-dt-1in0505-religion-si-gun-gu-2005|southkorea-maps-kostat-municipalities-2018","full_count_census;unknown_category_in_denominator"
"KR","kr-si-gun-gu-2018-kostat-harmonised","si_gun_gu","kr-si-gun-gu-2018-kostat-harmonised:36020","36020","Yeosu-si",2015,265626,"KOSIS DT_1PM1502 table total 계; 2015 religion was collected in the 20% sample survey of the register-based census.",111824,42.1,153802,57.9,,,,520.41,,,"kosis-dt-1pm1502-religion-si-gun-gu-2015|southkorea-maps-kostat-municipalities-2018","sample_survey_20pct;register_based_census_sample_survey"
"KR","kr-si-gun-gu-2018-kostat-harmonised","si_gun_gu","kr-si-gun-gu-2018-kostat-harmonised:36030","36030","Suncheon-si",2005,261519,"KOSIS DT_1IN0505 table total 내국인 (명); 미상 (unknown) remains in the denominator.",129165,49.39,131927,50.45,,,,910.89,,,"kosis-dt-1in0505-religion-si-gun-gu-2005|southkorea-maps-kostat-municipalities-2018","full_count_census;unknown_category_in_denominator"
"KR","kr-si-gun-gu-2018-kostat-harmonised","si_gun_gu","kr-si-gun-gu-2018-kostat-harmonised:36030","36030","Suncheon-si",2015,259296,"KOSIS DT_1PM1502 table total 계; 2015 religion was collected in the 20% sample survey of the register-based census.",106125,40.93,153171,59.07,,,,910.89,,,"kosis-dt-1pm1502-religion-si-gun-gu-2015|southkorea-maps-kostat-municipalities-2018","sample_survey_20pct;register_based_census_sample_survey"
"KR","kr-si-gun-gu-2018-kostat-harmonised","si_gun_gu","kr-si-gun-gu-2018-kostat-harmonised:36040","36040","Naju-si",2005,86823,"KOSIS DT_1IN0505 table total 내국인 (명); 미상 (unknown) remains in the denominator.",38710,44.58,47401,54.59,,,,605.59,,,"kosis-dt-1in0505-religion-si-gun-gu-2005|southkorea-maps-kostat-municipalities-2018","full_count_census;unknown_category_in_denominator"
"KR","kr-si-gun-gu-2018-kostat-harmonised","si_gun_gu","kr-si-gun-gu-2018-kostat-harmonised:36040","36040","Naju-si",2015,89104,"KOSIS DT_1PM1502 table total 계; 2015 religion was collected in the 20% sample survey of the register-based census.",33534,37.63,55570,62.37,,,,605.59,,,"kosis-dt-1pm1502-religion-si-gun-gu-2015|southkorea-maps-kostat-municipalities-2018","sample_survey_20pct;register_based_census_sample_survey"
"KR","kr-si-gun-gu-2018-kostat-harmonised","si_gun_gu","kr-si-gun-gu-2018-kostat-harmonised:36060","36060","Gwangyang-si",2005,135583,"KOSIS DT_1IN0505 table total 내국인 (명); 미상 (unknown) remains in the denominator.",64328,47.45,69802,51.48,,,,466.09,,,"kosis-dt-1in0505-religion-si-gun-gu-2005|southkorea-maps-kostat-municipalities-2018","full_count_census;unknown_category_in_denominator"
"KR","kr-si-gun-gu-2018-kostat-harmonised","si_gun_gu","kr-si-gun-gu-2018-kostat-harmonised:36060","36060","Gwangyang-si",2015,140572,"KOSIS DT_1PM1502 table total 계; 2015 religion was collected in the 20% sample survey of the register-based census.",55220,39.28,85352,60.72,,,,466.09,,,"kosis-dt-1pm1502-religion-si-gun-gu-2015|southkorea-maps-kostat-municipalities-2018","sample_survey_20pct;register_based_census_sample_survey"
"KR","kr-si-gun-gu-2018-kostat-harmonised","si_gun_gu","kr-si-gun-gu-2018-kostat-harmonised:36310","36310","Damyang-gun",2005,43376,"KOSIS DT_1IN0505 table total 내국인 (명); 미상 (unknown) remains in the denominator.",17828,41.1,24812,57.2,,,,453.14,,,"kosis-dt-1in0505-religion-si-gun-gu-2005|southkorea-maps-kostat-municipalities-2018","full_count_census;unknown_category_in_denominator"
"KR","kr-si-gun-gu-2018-kostat-harmonised","si_gun_gu","kr-si-gun-gu-2018-kostat-harmonised:36310","36310","Damyang-gun",2015,42028,"KOSIS DT_1PM1502 table total 계; 2015 religion was collected in the 20% sample survey of the register-based census.",15993,38.05,26035,61.95,,,,453.14,,,"kosis-dt-1pm1502-religion-si-gun-gu-2015|southkorea-maps-kostat-municipalities-2018","sample_survey_20pct;register_based_census_sample_survey"
"KR","kr-si-gun-gu-2018-kostat-harmonised","si_gun_gu","kr-si-gun-gu-2018-kostat-harmonised:36320","36320","Gokseong-gun",2005,29612,"KOSIS DT_1IN0505 table total 내국인 (명); 미상 (unknown) remains in the denominator.",12317,41.59,17293,58.4,,,,547.98,,,"kosis-dt-1in0505-religion-si-gun-gu-2005|southkorea-maps-kostat-municipalities-2018","full_count_census;unknown_category_in_denominator"
"KR","kr-si-gun-gu-2018-kostat-harmonised","si_gun_gu","kr-si-gun-gu-2018-kostat-harmonised:36320","36320","Gokseong-gun",2015,27872,"KOSIS DT_1PM1502 table total 계; 2015 religion was collected in the 20% sample survey of the register-based census.",10901,39.11,16971,60.89,,,,547.98,,,"kosis-dt-1pm1502-religion-si-gun-gu-2015|southkorea-maps-kostat-municipalities-2018","sample_survey_20pct;register_based_census_sample_survey"
"KR","kr-si-gun-gu-2018-kostat-harmonised","si_gun_gu","kr-si-gun-gu-2018-kostat-harmonised:36330","36330","Gurye-gun",2005,24699,"KOSIS DT_1IN0505 table total 내국인 (명); 미상 (unknown) remains in the denominator.",12302,49.81,12395,50.18,,,,439.24,,,"kosis-dt-1in0505-religion-si-gun-gu-2005|southkorea-maps-kostat-municipalities-2018","full_count_census;unknown_category_in_denominator"
"KR","kr-si-gun-gu-2018-kostat-harmonised","si_gun_gu","kr-si-gun-gu-2018-kostat-harmonised:36330","36330","Gurye-gun",2015,24052,"KOSIS DT_1PM1502 table total 계; 2015 religion was collected in the 20% sample survey of the register-based census.",10649,44.27,13403,55.73,,,,439.24,,,"kosis-dt-1pm1502-religion-si-gun-gu-2015|southkorea-maps-kostat-municipalities-2018","sample_survey_20pct;register_based_census_sample_survey"
"KR","kr-si-gun-gu-2018-kostat-harmonised","si_gun_gu","kr-si-gun-gu-2018-kostat-harmonised:36350","36350","Goheung-gun",2005,72578,"KOSIS DT_1IN0505 table total 내국인 (명); 미상 (unknown) remains in the denominator.",36339,50.07,36236,49.93,,,,814.17,,,"kosis-dt-1in0505-religion-si-gun-gu-2005|southkorea-maps-kostat-municipalities-2018","full_count_census;unknown_category_in_denominator"
"KR","kr-si-gun-gu-2018-kostat-harmonised","si_gun_gu","kr-si-gun-gu-2018-kostat-harmonised:36350","36350","Goheung-gun",2015,60913,"KOSIS DT_1PM1502 table total 계; 2015 religion was collected in the 20% sample survey of the register-based census.",25430,41.75,35483,58.25,,,,814.17,,,"kosis-dt-1pm1502-religion-si-gun-gu-2015|southkorea-maps-kostat-municipalities-2018","sample_survey_20pct;register_based_census_sample_survey"
"KR","kr-si-gun-gu-2018-kostat-harmonised","si_gun_gu","kr-si-gun-gu-2018-kostat-harmonised:36360","36360","Boseong-gun",2005,45890,"KOSIS DT_1IN0505 table total 내국인 (명); 미상 (unknown) remains in the denominator.",20350,44.35,25512,55.59,,,,665.16,,,"kosis-dt-1in0505-religion-si-gun-gu-2005|southkorea-maps-kostat-municipalities-2018","full_count_census;unknown_category_in_denominator"
"KR","kr-si-gun-gu-2018-kostat-harmonised","si_gun_gu","kr-si-gun-gu-2018-kostat-harmonised:36360","36360","Boseong-gun",2015,39758,"KOSIS DT_1PM1502 table total 계; 2015 religion was collected in the 20% sample survey of the register-based census.",15941,40.1,23817,59.9,,,,665.16,,,"kosis-dt-1pm1502-religion-si-gun-gu-2015|southkorea-maps-kostat-municipalities-2018","sample_survey_20pct;register_based_census_sample_survey"
"KR","kr-si-gun-gu-2018-kostat-harmonised","si_gun_gu","kr-si-gun-gu-2018-kostat-harmonised:36370","36370","Hwasun-gun",2005,67629,"KOSIS DT_1IN0505 table total 내국인 (명); 미상 (unknown) remains in the denominator.",31659,46.81,35847,53.01,,,,787.56,,,"kosis-dt-1in0505-religion-si-gun-gu-2005|southkorea-maps-kostat-municipalities-2018","full_count_census;unknown_category_in_denominator"
"KR","kr-si-gun-gu-2018-kostat-harmonised","si_gun_gu","kr-si-gun-gu-2018-kostat-harmonised:36370","36370","Hwasun-gun",2015,59635,"KOSIS DT_1PM1502 table total 계; 2015 religion was collected in the 20% sample survey of the register-based census.",24038,40.31,35597,59.69,,,,787.56,,,"kosis-dt-1pm1502-religion-si-gun-gu-2015|southkorea-maps-kostat-municipalities-2018","sample_survey_20pct;register_based_census_sample_survey"
"KR","kr-si-gun-gu-2018-kostat-harmonised","si_gun_gu","kr-si-gun-gu-2018-kostat-harmonised:36380","36380","Jangheung-gun",2005,39955,"KOSIS DT_1IN0505 table total 내국인 (명); 미상 (unknown) remains in the denominator.",18673,46.74,21282,53.26,,,,621.55,,,"kosis-dt-1in0505-religion-si-gun-gu-2005|southkorea-maps-kostat-municipalities-2018","full_count_census;unknown_category_in_denominator"
"KR","kr-si-gun-gu-2018-kostat-harmonised","si_gun_gu","kr-si-gun-gu-2018-kostat-harmonised:36380","36380","Jangheung-gun",2015,35909,"KOSIS DT_1PM1502 table total 계; 2015 religion was collected in the 20% sample survey of the register-based census.",14455,40.25,21454,59.75,,,,621.55,,,"kosis-dt-1pm1502-religion-si-gun-gu-2015|southkorea-maps-kostat-municipalities-2018","sample_survey_20pct;register_based_census_sample_survey"
"KR","kr-si-gun-gu-2018-kostat-harmonised","si_gun_gu","kr-si-gun-gu-2018-kostat-harmonised:36390","36390","Gangjin-gun",2005,36553,"KOSIS DT_1IN0505 table total 내국인 (명); 미상 (unknown) remains in the denominator.",18288,50.03,18265,49.97,,,,500.68,,,"kosis-dt-1in0505-religion-si-gun-gu-2005|southkorea-maps-kostat-municipalities-2018","full_count_census;unknown_category_in_denominator"
"KR","kr-si-gun-gu-2018-kostat-harmonised","si_gun_gu","kr-si-gun-gu-2018-kostat-harmonised:36390","36390","Gangjin-gun",2015,34239,"KOSIS DT_1PM1502 table total 계; 2015 religion was collected in the 20% sample survey of the register-based census.",14355,41.93,19884,58.07,,,,500.68,,,"kosis-dt-1pm1502-religion-si-gun-gu-2015|southkorea-maps-kostat-municipalities-2018","sample_survey_20pct;register_based_census_sample_survey"
"KR","kr-si-gun-gu-2018-kostat-harmonised","si_gun_gu","kr-si-gun-gu-2018-kostat-harmonised:36400","36400","Haenam-gun",2005,73982,"KOSIS DT_1IN0505 table total 내국인 (명); 미상 (unknown) remains in the denominator.",36373,49.16,37605,50.83,,,,1046.53,,,"kosis-dt-1in0505-religion-si-gun-gu-2005|southkorea-maps-kostat-municipalities-2018","full_count_census;unknown_category_in_denominator"
"KR","kr-si-gun-gu-2018-kostat-harmonised","si_gun_gu","kr-si-gun-gu-2018-kostat-harmonised:36400","36400","Haenam-gun",2015,66934,"KOSIS DT_1PM1502 table total 계; 2015 religion was collected in the 20% sample survey of the register-based census.",27187,40.62,39747,59.38,,,,1046.53,,,"kosis-dt-1pm1502-religion-si-gun-gu-2015|southkorea-maps-kostat-municipalities-2018","sample_survey_20pct;register_based_census_sample_survey"
"KR","kr-si-gun-gu-2018-kostat-harmonised","si_gun_gu","kr-si-gun-gu-2018-kostat-harmonised:36410","36410","Yeongam-gun",2005,60947,"KOSIS DT_1IN0505 table total 내국인 (명); 미상 (unknown) remains in the denominator.",26214,43.01,34638,56.83,,,,602.25,,,"kosis-dt-1in0505-religion-si-gun-gu-2005|southkorea-maps-kostat-municipalities-2018","full_count_census;unknown_category_in_denominator"
"KR","kr-si-gun-gu-2018-kostat-harmonised","si_gun_gu","kr-si-gun-gu-2018-kostat-harmonised:36410","36410","Yeongam-gun",2015,54632,"KOSIS DT_1PM1502 table total 계; 2015 religion was collected in the 20% sample survey of the register-based census.",19773,36.19,34859,63.81,,,,602.25,,,"kosis-dt-1pm1502-religion-si-gun-gu-2015|southkorea-maps-kostat-municipalities-2018","sample_survey_20pct;register_based_census_sample_survey"
"KR","kr-si-gun-gu-2018-kostat-harmonised","si_gun_gu","kr-si-gun-gu-2018-kostat-harmonised:36420","36420","Muan-gun",2005,54257,"KOSIS DT_1IN0505 table total 내국인 (명); 미상 (unknown) remains in the denominator.",27684,51.02,26414,48.68,,,,455.41,,,"kosis-dt-1in0505-religion-si-gun-gu-2005|southkorea-maps-kostat-municipalities-2018","full_count_census;unknown_category_in_denominator"
"KR","kr-si-gun-gu-2018-kostat-harmonised","si_gun_gu","kr-si-gun-gu-2018-kostat-harmonised:36420","36420","Muan-gun",2015,77918,"KOSIS DT_1PM1502 table total 계; 2015 religion was collected in the 20% sample survey of the register-based census.",34488,44.26,43430,55.74,,,,455.41,,,"kosis-dt-1pm1502-religion-si-gun-gu-2015|southkorea-maps-kostat-municipalities-2018","sample_survey_20pct;register_based_census_sample_survey"
"KR","kr-si-gun-gu-2018-kostat-harmonised","si_gun_gu","kr-si-gun-gu-2018-kostat-harmonised:36430","36430","Hampyeong-gun",2005,36072,"KOSIS DT_1IN0505 table total 내국인 (명); 미상 (unknown) remains in the denominator.",17429,48.32,18632,51.65,,,,389.52,,,"kosis-dt-1in0505-religion-si-gun-gu-2005|southkorea-maps-kostat-municipalities-2018","full_count_census;unknown_category_in_denominator"
"KR","kr-si-gun-gu-2018-kostat-harmonised","si_gun_gu","kr-si-gun-gu-2018-kostat-harmonised:36430","36430","Hampyeong-gun",2015,30307,"KOSIS DT_1PM1502 table total 계; 2015 religion was collected in the 20% sample survey of the register-based census.",13529,44.64,16778,55.36,,,,389.52,,,"kosis-dt-1pm1502-religion-si-gun-gu-2015|southkorea-maps-kostat-municipalities-2018","sample_survey_20pct;register_based_census_sample_survey"
"KR","kr-si-gun-gu-2018-kostat-harmonised","si_gun_gu","kr-si-gun-gu-2018-kostat-harmonised:36440","36440","Yeonggwang-gun",2005,60357,"KOSIS DT_1IN0505 table total 내국인 (명); 미상 (unknown) remains in the denominator.",29164,48.32,30505,50.54,,,,480.85,,,"kosis-dt-1in0505-religion-si-gun-gu-2005|southkorea-maps-kostat-municipalities-2018","full_count_census;unknown_category_in_denominator"
"KR","kr-si-gun-gu-2018-kostat-harmonised","si_gun_gu","kr-si-gun-gu-2018-kostat-harmonised:36440","36440","Yeonggwang-gun",2015,49581,"KOSIS DT_1PM1502 table total 계; 2015 religion was collected in the 20% sample survey of the register-based census.",19878,40.09,29703,59.91,,,,480.85,,,"kosis-dt-1pm1502-religion-si-gun-gu-2015|southkorea-maps-kostat-municipalities-2018","sample_survey_20pct;register_based_census_sample_survey"
"KR","kr-si-gun-gu-2018-kostat-harmonised","si_gun_gu","kr-si-gun-gu-2018-kostat-harmonised:36450","36450","Jangseong-gun",2005,41682,"KOSIS DT_1IN0505 table total 내국인 (명); 미상 (unknown) remains in the denominator.",19873,47.68,21806,52.32,,,,517.86,,,"kosis-dt-1in0505-religion-si-gun-gu-2005|southkorea-maps-kostat-municipalities-2018","full_count_census;unknown_category_in_denominator"
"KR","kr-si-gun-gu-2018-kostat-harmonised","si_gun_gu","kr-si-gun-gu-2018-kostat-harmonised:36450","36450","Jangseong-gun",2015,40206,"KOSIS DT_1PM1502 table total 계; 2015 religion was collected in the 20% sample survey of the register-based census.",16285,40.5,23921,59.5,,,,517.86,,,"kosis-dt-1pm1502-religion-si-gun-gu-2015|southkorea-maps-kostat-municipalities-2018","sample_survey_20pct;register_based_census_sample_survey"
"KR","kr-si-gun-gu-2018-kostat-harmonised","si_gun_gu","kr-si-gun-gu-2018-kostat-harmonised:36460","36460","Wando-gun",2005,51222,"KOSIS DT_1IN0505 table total 내국인 (명); 미상 (unknown) remains in the denominator.",22877,44.66,28345,55.34,,,,407.75,,,"kosis-dt-1in0505-religion-si-gun-gu-2005|southkorea-maps-kostat-municipalities-2018","full_count_census;unknown_category_in_denominator"
"KR","kr-si-gun-gu-2018-kostat-harmonised","si_gun_gu","kr-si-gun-gu-2018-kostat-harmonised:36460","36460","Wando-gun",2015,46452,"KOSIS DT_1PM1502 table total 계; 2015 religion was collected in the 20% sample survey of the register-based census.",15315,32.97,31137,67.03,,,,407.75,,,"kosis-dt-1pm1502-religion-si-gun-gu-2015|southkorea-maps-kostat-municipalities-2018","sample_survey_20pct;register_based_census_sample_survey"
"KR","kr-si-gun-gu-2018-kostat-harmonised","si_gun_gu","kr-si-gun-gu-2018-kostat-harmonised:36470","36470","Jindo-gun",2005,32046,"KOSIS DT_1IN0505 table total 내국인 (명); 미상 (unknown) remains in the denominator.",13608,42.46,18437,57.53,,,,452.7,,,"kosis-dt-1in0505-religion-si-gun-gu-2005|southkorea-maps-kostat-municipalities-2018","full_count_census;unknown_category_in_denominator"
"KR","kr-si-gun-gu-2018-kostat-harmonised","si_gun_gu","kr-si-gun-gu-2018-kostat-harmonised:36470","36470","Jindo-gun",2015,28273,"KOSIS DT_1PM1502 table total 계; 2015 religion was collected in the 20% sample survey of the register-based census.",10256,36.27,18017,63.73,,,,452.7,,,"kosis-dt-1pm1502-religion-si-gun-gu-2015|southkorea-maps-kostat-municipalities-2018","sample_survey_20pct;register_based_census_sample_survey"
"KR","kr-si-gun-gu-2018-kostat-harmonised","si_gun_gu","kr-si-gun-gu-2018-kostat-harmonised:36480","36480","Sinan-gun",2005,38429,"KOSIS DT_1IN0505 table total 내국인 (명); 미상 (unknown) remains in the denominator.",19631,51.08,18783,48.88,,,,679.89,,,"kosis-dt-1in0505-religion-si-gun-gu-2005|southkorea-maps-kostat-municipalities-2018","full_count_census;unknown_category_in_denominator"
"KR","kr-si-gun-gu-2018-kostat-harmonised","si_gun_gu","kr-si-gun-gu-2018-kostat-harmonised:36480","36480","Sinan-gun",2015,34947,"KOSIS DT_1PM1502 table total 계; 2015 religion was collected in the 20% sample survey of the register-based census.",14580,41.72,20367,58.28,,,,679.89,,,"kosis-dt-1pm1502-religion-si-gun-gu-2015|southkorea-maps-kostat-municipalities-2018","sample_survey_20pct;register_based_census_sample_survey"
"KR","kr-si-gun-gu-2018-kostat-harmonised","si_gun_gu","kr-si-gun-gu-2018-kostat-harmonised:37010","37010","Pohang-si",2005,488433,"KOSIS DT_1IN0505 table total 내국인 (명); 미상 (unknown) remains in the denominator.",273208,55.94,215101,44.04,,,,1131.79,,,"kosis-dt-1in0505-religion-si-gun-gu-2005|southkorea-maps-kostat-municipalities-2018","full_count_census;unknown_category_in_denominator;boundary_dissolved_from_2018_district_features"
"KR","kr-si-gun-gu-2018-kostat-harmonised","si_gun_gu","kr-si-gun-gu-2018-kostat-harmonised:37010","37010","Pohang-si",2015,498597,"KOSIS DT_1PM1502 table total 계; 2015 religion was collected in the 20% sample survey of the register-based census.",234161,46.96,264436,53.04,,,,1131.79,,,"kosis-dt-1pm1502-religion-si-gun-gu-2015|southkorea-maps-kostat-municipalities-2018","sample_survey_20pct;register_based_census_sample_survey;boundary_dissolved_from_2018_district_features"
"KR","kr-si-gun-gu-2018-kostat-harmonised","si_gun_gu","kr-si-gun-gu-2018-kostat-harmonised:37020","37020","Gyeongju-si",2005,266131,"KOSIS DT_1IN0505 table total 내국인 (명); 미상 (unknown) remains in the denominator.",155812,58.55,109577,41.17,,,,1318.99,,,"kosis-dt-1in0505-religion-si-gun-gu-2005|southkorea-maps-kostat-municipalities-2018","full_count_census;unknown_category_in_denominator"
"KR","kr-si-gun-gu-2018-kostat-harmonised","si_gun_gu","kr-si-gun-gu-2018-kostat-harmonised:37020","37020","Gyeongju-si",2015,247952,"KOSIS DT_1PM1502 table total 계; 2015 religion was collected in the 20% sample survey of the register-based census.",123592,49.85,124360,50.15,,,,1318.99,,,"kosis-dt-1pm1502-religion-si-gun-gu-2015|southkorea-maps-kostat-municipalities-2018","sample_survey_20pct;register_based_census_sample_survey"
"KR","kr-si-gun-gu-2018-kostat-harmonised","si_gun_gu","kr-si-gun-gu-2018-kostat-harmonised:37030","37030","Gimcheon-si",2005,135166,"KOSIS DT_1IN0505 table total 내국인 (명); 미상 (unknown) remains in the denominator.",71524,52.92,62585,46.3,,,,1004.61,,,"kosis-dt-1in0505-religion-si-gun-gu-2005|southkorea-maps-kostat-municipalities-2018","full_count_census;unknown_category_in_denominator"
"KR","kr-si-gun-gu-2018-kostat-harmonised","si_gun_gu","kr-si-gun-gu-2018-kostat-harmonised:37030","37030","Gimcheon-si",2015,133777,"KOSIS DT_1PM1502 table total 계; 2015 religion was collected in the 20% sample survey of the register-based census.",60128,44.95,73649,55.05,,,,1004.61,,,"kosis-dt-1pm1502-religion-si-gun-gu-2015|southkorea-maps-kostat-municipalities-2018","sample_survey_20pct;register_based_census_sample_survey"
"KR","kr-si-gun-gu-2018-kostat-harmonised","si_gun_gu","kr-si-gun-gu-2018-kostat-harmonised:37040","37040","Andong-si",2005,169436,"KOSIS DT_1IN0505 table total 내국인 (명); 미상 (unknown) remains in the denominator.",85772,50.62,82906,48.93,,,,1526.65,,,"kosis-dt-1in0505-religion-si-gun-gu-2005|southkorea-maps-kostat-municipalities-2018","full_count_census;unknown_category_in_denominator"
"KR","kr-si-gun-gu-2018-kostat-harmonised","si_gun_gu","kr-si-gun-gu-2018-kostat-harmonised:37040","37040","Andong-si",2015,165248,"KOSIS DT_1PM1502 table total 계; 2015 religion was collected in the 20% sample survey of the register-based census.",68412,41.4,96836,58.6,,,,1526.65,,,"kosis-dt-1pm1502-religion-si-gun-gu-2015|southkorea-maps-kostat-municipalities-2018","sample_survey_20pct;register_based_census_sample_survey"
"KR","kr-si-gun-gu-2018-kostat-harmonised","si_gun_gu","kr-si-gun-gu-2018-kostat-harmonised:37050","37050","Gumi-si",2005,381583,"KOSIS DT_1IN0505 table total 내국인 (명); 미상 (unknown) remains in the denominator.",175000,45.86,205439,53.84,,,,613.58,,,"kosis-dt-1in0505-religion-si-gun-gu-2005|southkorea-maps-kostat-municipalities-2018","full_count_census;unknown_category_in_denominator"
"KR","kr-si-gun-gu-2018-kostat-harmonised","si_gun_gu","kr-si-gun-gu-2018-kostat-harmonised:37050","37050","Gumi-si",2015,408629,"KOSIS DT_1PM1502 table total 계; 2015 religion was collected in the 20% sample survey of the register-based census.",147530,36.1,261099,63.9,,,,613.58,,,"kosis-dt-1pm1502-religion-si-gun-gu-2015|southkorea-maps-kostat-municipalities-2018","sample_survey_20pct;register_based_census_sample_survey"
"KR","kr-si-gun-gu-2018-kostat-harmonised","si_gun_gu","kr-si-gun-gu-2018-kostat-harmonised:37060","37060","Yeongju-si",2005,113670,"KOSIS DT_1IN0505 table total 내국인 (명); 미상 (unknown) remains in the denominator.",60950,53.62,52719,46.38,,,,672.69,,,"kosis-dt-1in0505-religion-si-gun-gu-2005|southkorea-maps-kostat-municipalities-2018","full_count_census;unknown_category_in_denominator"
"KR","kr-si-gun-gu-2018-kostat-harmonised","si_gun_gu","kr-si-gun-gu-2018-kostat-harmonised:37060","37060","Yeongju-si",2015,106982,"KOSIS DT_1PM1502 table total 계; 2015 religion was collected in the 20% sample survey of the register-based census.",48684,45.51,58298,54.49,,,,672.69,,,"kosis-dt-1pm1502-religion-si-gun-gu-2015|southkorea-maps-kostat-municipalities-2018","sample_survey_20pct;register_based_census_sample_survey"
"KR","kr-si-gun-gu-2018-kostat-harmonised","si_gun_gu","kr-si-gun-gu-2018-kostat-harmonised:37070","37070","Yeongcheon-si",2005,103289,"KOSIS DT_1IN0505 table total 내국인 (명); 미상 (unknown) remains in the denominator.",57801,55.96,45488,44.04,,,,915.16,,,"kosis-dt-1in0505-religion-si-gun-gu-2005|southkorea-maps-kostat-municipalities-2018","full_count_census;unknown_category_in_denominator"
"KR","kr-si-gun-gu-2018-kostat-harmonised","si_gun_gu","kr-si-gun-gu-2018-kostat-harmonised:37070","37070","Yeongcheon-si",2015,93038,"KOSIS DT_1PM1502 table total 계; 2015 religion was collected in the 20% sample survey of the register-based census.",42904,46.11,50134,53.89,,,,915.16,,,"kosis-dt-1pm1502-religion-si-gun-gu-2015|southkorea-maps-kostat-municipalities-2018","sample_survey_20pct;register_based_census_sample_survey"
"KR","kr-si-gun-gu-2018-kostat-harmonised","si_gun_gu","kr-si-gun-gu-2018-kostat-harmonised:37080","37080","Sangju-si",2005,105600,"KOSIS DT_1IN0505 table total 내국인 (명); 미상 (unknown) remains in the denominator.",58523,55.42,47071,44.57,,,,1251.32,,,"kosis-dt-1in0505-religion-si-gun-gu-2005|southkorea-maps-kostat-municipalities-2018","full_count_census;unknown_category_in_denominator"
"KR","kr-si-gun-gu-2018-kostat-harmonised","si_gun_gu","kr-si-gun-gu-2018-kostat-harmonised:37080","37080","Sangju-si",2015,96630,"KOSIS DT_1PM1502 table total 계; 2015 religion was collected in the 20% sample survey of the register-based census.",46269,47.88,50361,52.12,,,,1251.32,,,"kosis-dt-1pm1502-religion-si-gun-gu-2015|southkorea-maps-kostat-municipalities-2018","sample_survey_20pct;register_based_census_sample_survey"
"KR","kr-si-gun-gu-2018-kostat-harmonised","si_gun_gu","kr-si-gun-gu-2018-kostat-harmonised:37090","37090","Mungyeong-si",2005,70813,"KOSIS DT_1IN0505 table total 내국인 (명); 미상 (unknown) remains in the denominator.",39389,55.62,30841,43.55,,,,914.04,,,"kosis-dt-1in0505-religion-si-gun-gu-2005|southkorea-maps-kostat-municipalities-2018","full_count_census;unknown_category_in_denominator"
"KR","kr-si-gun-gu-2018-kostat-harmonised","si_gun_gu","kr-si-gun-gu-2018-kostat-harmonised:37090","37090","Mungyeong-si",2015,70271,"KOSIS DT_1PM1502 table total 계; 2015 religion was collected in the 20% sample survey of the register-based census.",33685,47.94,36586,52.06,,,,914.04,,,"kosis-dt-1pm1502-religion-si-gun-gu-2015|southkorea-maps-kostat-municipalities-2018","sample_survey_20pct;register_based_census_sample_survey"
"KR","kr-si-gun-gu-2018-kostat-harmonised","si_gun_gu","kr-si-gun-gu-2018-kostat-harmonised:37100","37100","Gyeongsan-si",2005,240371,"KOSIS DT_1IN0505 table total 내국인 (명); 미상 (unknown) remains in the denominator.",129878,54.03,110003,45.76,,,,411.01,,,"kosis-dt-1in0505-religion-si-gun-gu-2005|southkorea-maps-kostat-municipalities-2018","full_count_census;unknown_category_in_denominator"
"KR","kr-si-gun-gu-2018-kostat-harmonised","si_gun_gu","kr-si-gun-gu-2018-kostat-harmonised:37100","37100","Gyeongsan-si",2015,266734,"KOSIS DT_1PM1502 table total 계; 2015 religion was collected in the 20% sample survey of the register-based census.",118209,44.32,148525,55.68,,,,411.01,,,"kosis-dt-1pm1502-religion-si-gun-gu-2015|southkorea-maps-kostat-municipalities-2018","sample_survey_20pct;register_based_census_sample_survey"
"KR","kr-si-gun-gu-2018-kostat-harmonised","si_gun_gu","kr-si-gun-gu-2018-kostat-harmonised:37310","37310","Gunwi-gun",2005,24404,"KOSIS DT_1IN0505 table total 내국인 (명); 미상 (unknown) remains in the denominator.",13815,56.61,10589,43.39,,,,613.1,,,"kosis-dt-1in0505-religion-si-gun-gu-2005|southkorea-maps-kostat-municipalities-2018","full_count_census;unknown_category_in_denominator"
"KR","kr-si-gun-gu-2018-kostat-harmonised","si_gun_gu","kr-si-gun-gu-2018-kostat-harmonised:37310","37310","Gunwi-gun",2015,21112,"KOSIS DT_1PM1502 table total 계; 2015 religion was collected in the 20% sample survey of the register-based census.",10103,47.85,11009,52.15,,,,613.1,,,"kosis-dt-1pm1502-religion-si-gun-gu-2015|southkorea-maps-kostat-municipalities-2018","sample_survey_20pct;register_based_census_sample_survey"
"KR","kr-si-gun-gu-2018-kostat-harmonised","si_gun_gu","kr-si-gun-gu-2018-kostat-harmonised:37320","37320","Uiseong-gun",2005,56522,"KOSIS DT_1IN0505 table total 내국인 (명); 미상 (unknown) remains in the denominator.",31082,54.99,25440,45.01,,,,1169.07,,,"kosis-dt-1in0505-religion-si-gun-gu-2005|southkorea-maps-kostat-municipalities-2018","full_count_census;unknown_category_in_denominator"
"KR","kr-si-gun-gu-2018-kostat-harmonised","si_gun_gu","kr-si-gun-gu-2018-kostat-harmonised:37320","37320","Uiseong-gun",2015,49646,"KOSIS DT_1PM1502 table total 계; 2015 religion was collected in the 20% sample survey of the register-based census.",23926,48.19,25720,51.81,,,,1169.07,,,"kosis-dt-1pm1502-religion-si-gun-gu-2015|southkorea-maps-kostat-municipalities-2018","sample_survey_20pct;register_based_census_sample_survey"
"KR","kr-si-gun-gu-2018-kostat-harmonised","si_gun_gu","kr-si-gun-gu-2018-kostat-harmonised:37330","37330","Cheongsong-gun",2005,26579,"KOSIS DT_1IN0505 table total 내국인 (명); 미상 (unknown) remains in the denominator.",14187,53.38,12184,45.84,,,,846.59,,,"kosis-dt-1in0505-religion-si-gun-gu-2005|southkorea-maps-kostat-municipalities-2018","full_count_census;unknown_category_in_denominator"
"KR","kr-si-gun-gu-2018-kostat-harmonised","si_gun_gu","kr-si-gun-gu-2018-kostat-harmonised:37330","37330","Cheongsong-gun",2015,24163,"KOSIS DT_1PM1502 table total 계; 2015 religion was collected in the 20% sample survey of the register-based census.",11034,45.66,13129,54.34,,,,846.59,,,"kosis-dt-1pm1502-religion-si-gun-gu-2015|southkorea-maps-kostat-municipalities-2018","sample_survey_20pct;register_based_census_sample_survey"
"KR","kr-si-gun-gu-2018-kostat-harmonised","si_gun_gu","kr-si-gun-gu-2018-kostat-harmonised:37340","37340","Yeongyang-gun",2005,17634,"KOSIS DT_1IN0505 table total 내국인 (명); 미상 (unknown) remains in the denominator.",8484,48.11,9129,51.77,,,,819.16,,,"kosis-dt-1in0505-religion-si-gun-gu-2005|southkorea-maps-kostat-municipalities-2018","full_count_census;unknown_category_in_denominator"
"KR","kr-si-gun-gu-2018-kostat-harmonised","si_gun_gu","kr-si-gun-gu-2018-kostat-harmonised:37340","37340","Yeongyang-gun",2015,16387,"KOSIS DT_1PM1502 table total 계; 2015 religion was collected in the 20% sample survey of the register-based census.",6628,40.45,9759,59.55,,,,819.16,,,"kosis-dt-1pm1502-religion-si-gun-gu-2015|southkorea-maps-kostat-municipalities-2018","sample_survey_20pct;register_based_census_sample_survey"
"KR","kr-si-gun-gu-2018-kostat-harmonised","si_gun_gu","kr-si-gun-gu-2018-kostat-harmonised:37350","37350","Yeongdeok-gun",2005,40460,"KOSIS DT_1IN0505 table total 내국인 (명); 미상 (unknown) remains in the denominator.",20326,50.24,20134,49.76,,,,744.56,,,"kosis-dt-1in0505-religion-si-gun-gu-2005|southkorea-maps-kostat-municipalities-2018","full_count_census;unknown_category_in_denominator"
"KR","kr-si-gun-gu-2018-kostat-harmonised","si_gun_gu","kr-si-gun-gu-2018-kostat-harmonised:37350","37350","Yeongdeok-gun",2015,35306,"KOSIS DT_1PM1502 table total 계; 2015 religion was collected in the 20% sample survey of the register-based census.",15905,45.05,19401,54.95,,,,744.56,,,"kosis-dt-1pm1502-religion-si-gun-gu-2015|southkorea-maps-kostat-municipalities-2018","sample_survey_20pct;register_based_census_sample_survey"
"KR","kr-si-gun-gu-2018-kostat-harmonised","si_gun_gu","kr-si-gun-gu-2018-kostat-harmonised:37360","37360","Cheongdo-gun",2005,39435,"KOSIS DT_1IN0505 table total 내국인 (명); 미상 (unknown) remains in the denominator.",25970,65.86,13119,33.27,,,,692.94,,,"kosis-dt-1in0505-religion-si-gun-gu-2005|southkorea-maps-kostat-municipalities-2018","full_count_census;unknown_category_in_denominator"
"KR","kr-si-gun-gu-2018-kostat-harmonised","si_gun_gu","kr-si-gun-gu-2018-kostat-harmonised:37360","37360","Cheongdo-gun",2015,40161,"KOSIS DT_1PM1502 table total 계; 2015 religion was collected in the 20% sample survey of the register-based census.",23162,57.67,16999,42.33,,,,692.94,,,"kosis-dt-1pm1502-religion-si-gun-gu-2015|southkorea-maps-kostat-municipalities-2018","sample_survey_20pct;register_based_census_sample_survey"
"KR","kr-si-gun-gu-2018-kostat-harmonised","si_gun_gu","kr-si-gun-gu-2018-kostat-harmonised:37370","37370","Goryeong-gun",2005,30448,"KOSIS DT_1IN0505 table total 내국인 (명); 미상 (unknown) remains in the denominator.",18156,59.63,12215,40.12,,,,386.39,,,"kosis-dt-1in0505-religion-si-gun-gu-2005|southkorea-maps-kostat-municipalities-2018","full_count_census;unknown_category_in_denominator"
"KR","kr-si-gun-gu-2018-kostat-harmonised","si_gun_gu","kr-si-gun-gu-2018-kostat-harmonised:37370","37370","Goryeong-gun",2015,31601,"KOSIS DT_1PM1502 table total 계; 2015 religion was collected in the 20% sample survey of the register-based census.",15620,49.43,15981,50.57,,,,386.39,,,"kosis-dt-1pm1502-religion-si-gun-gu-2015|southkorea-maps-kostat-municipalities-2018","sample_survey_20pct;register_based_census_sample_survey"
"KR","kr-si-gun-gu-2018-kostat-harmonised","si_gun_gu","kr-si-gun-gu-2018-kostat-harmonised:37380","37380","Seongju-gun",2005,39348,"KOSIS DT_1IN0505 table total 내국인 (명); 미상 (unknown) remains in the denominator.",24181,61.45,15050,38.25,,,,612.52,,,"kosis-dt-1in0505-religion-si-gun-gu-2005|southkorea-maps-kostat-municipalities-2018","full_count_census;unknown_category_in_denominator"
"KR","kr-si-gun-gu-2018-kostat-harmonised","si_gun_gu","kr-si-gun-gu-2018-kostat-harmonised:37380","37380","Seongju-gun",2015,38919,"KOSIS DT_1PM1502 table total 계; 2015 religion was collected in the 20% sample survey of the register-based census.",20034,51.48,18885,48.52,,,,612.52,,,"kosis-dt-1pm1502-religion-si-gun-gu-2015|southkorea-maps-kostat-municipalities-2018","sample_survey_20pct;register_based_census_sample_survey"
"KR","kr-si-gun-gu-2018-kostat-harmonised","si_gun_gu","kr-si-gun-gu-2018-kostat-harmonised:37390","37390","Chilgok-gun",2005,107684,"KOSIS DT_1IN0505 table total 내국인 (명); 미상 (unknown) remains in the denominator.",52619,48.86,54710,50.81,,,,449.78,,,"kosis-dt-1in0505-religion-si-gun-gu-2005|southkorea-maps-kostat-municipalities-2018","full_count_census;unknown_category_in_denominator"
"KR","kr-si-gun-gu-2018-kostat-harmonised","si_gun_gu","kr-si-gun-gu-2018-kostat-harmonised:37390","37390","Chilgok-gun",2015,116285,"KOSIS DT_1PM1502 table total 계; 2015 religion was collected in the 20% sample survey of the register-based census.",46787,40.23,69498,59.77,,,,449.78,,,"kosis-dt-1pm1502-religion-si-gun-gu-2015|southkorea-maps-kostat-municipalities-2018","sample_survey_20pct;register_based_census_sample_survey"
"KR","kr-si-gun-gu-2018-kostat-harmonised","si_gun_gu","kr-si-gun-gu-2018-kostat-harmonised:37400","37400","Yecheon-gun",2005,45932,"KOSIS DT_1IN0505 table total 내국인 (명); 미상 (unknown) remains in the denominator.",26833,58.42,18990,41.34,,,,664.02,,,"kosis-dt-1in0505-religion-si-gun-gu-2005|southkorea-maps-kostat-municipalities-2018","full_count_census;unknown_category_in_denominator"
"KR","kr-si-gun-gu-2018-kostat-harmonised","si_gun_gu","kr-si-gun-gu-2018-kostat-harmonised:37400","37400","Yecheon-gun",2015,41660,"KOSIS DT_1PM1502 table total 계; 2015 religion was collected in the 20% sample survey of the register-based census.",19944,47.87,21716,52.13,,,,664.02,,,"kosis-dt-1pm1502-religion-si-gun-gu-2015|southkorea-maps-kostat-municipalities-2018","sample_survey_20pct;register_based_census_sample_survey"
"KR","kr-si-gun-gu-2018-kostat-harmonised","si_gun_gu","kr-si-gun-gu-2018-kostat-harmonised:37410","37410","Bonghwa-gun",2005,32327,"KOSIS DT_1IN0505 table total 내국인 (명); 미상 (unknown) remains in the denominator.",16757,51.84,15570,48.16,,,,1201.14,,,"kosis-dt-1in0505-religion-si-gun-gu-2005|southkorea-maps-kostat-municipalities-2018","full_count_census;unknown_category_in_denominator"
"KR","kr-si-gun-gu-2018-kostat-harmonised","si_gun_gu","kr-si-gun-gu-2018-kostat-harmonised:37410","37410","Bonghwa-gun",2015,30978,"KOSIS DT_1PM1502 table total 계; 2015 religion was collected in the 20% sample survey of the register-based census.",14191,45.81,16787,54.19,,,,1201.14,,,"kosis-dt-1pm1502-religion-si-gun-gu-2015|southkorea-maps-kostat-municipalities-2018","sample_survey_20pct;register_based_census_sample_survey"
"KR","kr-si-gun-gu-2018-kostat-harmonised","si_gun_gu","kr-si-gun-gu-2018-kostat-harmonised:37420","37420","Uljin-gun",2005,51125,"KOSIS DT_1IN0505 table total 내국인 (명); 미상 (unknown) remains in the denominator.",24137,47.21,26977,52.77,,,,993.23,,,"kosis-dt-1in0505-religion-si-gun-gu-2005|southkorea-maps-kostat-municipalities-2018","full_count_census;unknown_category_in_denominator"
"KR","kr-si-gun-gu-2018-kostat-harmonised","si_gun_gu","kr-si-gun-gu-2018-kostat-harmonised:37420","37420","Uljin-gun",2015,47503,"KOSIS DT_1PM1502 table total 계; 2015 religion was collected in the 20% sample survey of the register-based census.",18587,39.13,28916,60.87,,,,993.23,,,"kosis-dt-1pm1502-religion-si-gun-gu-2015|southkorea-maps-kostat-municipalities-2018","sample_survey_20pct;register_based_census_sample_survey"
"KR","kr-si-gun-gu-2018-kostat-harmonised","si_gun_gu","kr-si-gun-gu-2018-kostat-harmonised:37430","37430","Ulleung-gun",2005,8329,"KOSIS DT_1IN0505 table total 내국인 (명); 미상 (unknown) remains in the denominator.",5580,66.99,2749,33.01,,,,73.75,,,"kosis-dt-1in0505-religion-si-gun-gu-2005|southkorea-maps-kostat-municipalities-2018","full_count_census;unknown_category_in_denominator"
"KR","kr-si-gun-gu-2018-kostat-harmonised","si_gun_gu","kr-si-gun-gu-2018-kostat-harmonised:37430","37430","Ulleung-gun",2015,8463,"KOSIS DT_1PM1502 table total 계; 2015 religion was collected in the 20% sample survey of the register-based census.",4810,56.84,3653,43.16,,,,73.75,,,"kosis-dt-1pm1502-religion-si-gun-gu-2015|southkorea-maps-kostat-municipalities-2018","sample_survey_20pct;register_based_census_sample_survey"
"KR","kr-si-gun-gu-2018-kostat-harmonised","si_gun_gu","kr-si-gun-gu-2018-kostat-harmonised:38030","38030","Jinju-si",2005,336355,"KOSIS DT_1IN0505 table total 내국인 (명); 미상 (unknown) remains in the denominator.",198699,59.07,136159,40.48,,,,712.37,,,"kosis-dt-1in0505-religion-si-gun-gu-2005|southkorea-maps-kostat-municipalities-2018","full_count_census;unknown_category_in_denominator"
"KR","kr-si-gun-gu-2018-kostat-harmonised","si_gun_gu","kr-si-gun-gu-2018-kostat-harmonised:38030","38030","Jinju-si",2015,340166,"KOSIS DT_1PM1502 table total 계; 2015 religion was collected in the 20% sample survey of the register-based census.",155223,45.63,184943,54.37,,,,712.37,,,"kosis-dt-1pm1502-religion-si-gun-gu-2015|southkorea-maps-kostat-municipalities-2018","sample_survey_20pct;register_based_census_sample_survey"
"KR","kr-si-gun-gu-2018-kostat-harmonised","si_gun_gu","kr-si-gun-gu-2018-kostat-harmonised:38050","38050","Tongyeong-si",2005,121115,"KOSIS DT_1IN0505 table total 내국인 (명); 미상 (unknown) remains in the denominator.",70987,58.61,50067,41.34,,,,249.77,,,"kosis-dt-1in0505-religion-si-gun-gu-2005|southkorea-maps-kostat-municipalities-2018","full_count_census;unknown_category_in_denominator"
"KR","kr-si-gun-gu-2018-kostat-harmonised","si_gun_gu","kr-si-gun-gu-2018-kostat-harmonised:38050","38050","Tongyeong-si",2015,130601,"KOSIS DT_1PM1502 table total 계; 2015 religion was collected in the 20% sample survey of the register-based census.",60286,46.16,70315,53.84,,,,249.77,,,"kosis-dt-1pm1502-religion-si-gun-gu-2015|southkorea-maps-kostat-municipalities-2018","sample_survey_20pct;register_based_census_sample_survey"
"KR","kr-si-gun-gu-2018-kostat-harmonised","si_gun_gu","kr-si-gun-gu-2018-kostat-harmonised:38060","38060","Sacheon-si",2005,106532,"KOSIS DT_1IN0505 table total 내국인 (명); 미상 (unknown) remains in the denominator.",61348,57.59,44699,41.96,,,,401.47,,,"kosis-dt-1in0505-religion-si-gun-gu-2005|southkorea-maps-kostat-municipalities-2018","full_count_census;unknown_category_in_denominator"
"KR","kr-si-gun-gu-2018-kostat-harmonised","si_gun_gu","kr-si-gun-gu-2018-kostat-harmonised:38060","38060","Sacheon-si",2015,108275,"KOSIS DT_1PM1502 table total 계; 2015 religion was collected in the 20% sample survey of the register-based census.",51747,47.79,56528,52.21,,,,401.47,,,"kosis-dt-1pm1502-religion-si-gun-gu-2015|southkorea-maps-kostat-municipalities-2018","sample_survey_20pct;register_based_census_sample_survey"
"KR","kr-si-gun-gu-2018-kostat-harmonised","si_gun_gu","kr-si-gun-gu-2018-kostat-harmonised:38070","38070","Gimhae-si",2005,428893,"KOSIS DT_1IN0505 table total 내국인 (명); 미상 (unknown) remains in the denominator.",231390,53.95,197135,45.96,,,,461.65,,,"kosis-dt-1in0505-religion-si-gun-gu-2005|southkorea-maps-kostat-municipalities-2018","full_count_census;unknown_category_in_denominator"
"KR","kr-si-gun-gu-2018-kostat-harmonised","si_gun_gu","kr-si-gun-gu-2018-kostat-harmonised:38070","38070","Gimhae-si",2015,505502,"KOSIS DT_1PM1502 table total 계; 2015 religion was collected in the 20% sample survey of the register-based census.",218579,43.24,286923,56.76,,,,461.65,,,"kosis-dt-1pm1502-religion-si-gun-gu-2015|southkorea-maps-kostat-municipalities-2018","sample_survey_20pct;register_based_census_sample_survey"
"KR","kr-si-gun-gu-2018-kostat-harmonised","si_gun_gu","kr-si-gun-gu-2018-kostat-harmonised:38080","38080","Miryang-si",2005,105651,"KOSIS DT_1IN0505 table total 내국인 (명); 미상 (unknown) remains in the denominator.",62360,59.02,43017,40.72,,,,800.97,,,"kosis-dt-1in0505-religion-si-gun-gu-2005|southkorea-maps-kostat-municipalities-2018","full_count_census;unknown_category_in_denominator"
"KR","kr-si-gun-gu-2018-kostat-harmonised","si_gun_gu","kr-si-gun-gu-2018-kostat-harmonised:38080","38080","Miryang-si",2015,99446,"KOSIS DT_1PM1502 table total 계; 2015 religion was collected in the 20% sample survey of the register-based census.",51273,51.56,48173,48.44,,,,800.97,,,"kosis-dt-1pm1502-religion-si-gun-gu-2015|southkorea-maps-kostat-municipalities-2018","sample_survey_20pct;register_based_census_sample_survey"
"KR","kr-si-gun-gu-2018-kostat-harmonised","si_gun_gu","kr-si-gun-gu-2018-kostat-harmonised:38090","38090","Geoje-si",2005,193398,"KOSIS DT_1IN0505 table total 내국인 (명); 미상 (unknown) remains in the denominator.",104610,54.09,88712,45.87,,,,407.4,,,"kosis-dt-1in0505-religion-si-gun-gu-2005|southkorea-maps-kostat-municipalities-2018","full_count_census;unknown_category_in_denominator"
"KR","kr-si-gun-gu-2018-kostat-harmonised","si_gun_gu","kr-si-gun-gu-2018-kostat-harmonised:38090","38090","Geoje-si",2015,246073,"KOSIS DT_1PM1502 table total 계; 2015 religion was collected in the 20% sample survey of the register-based census.",102209,41.54,143864,58.46,,,,407.4,,,"kosis-dt-1pm1502-religion-si-gun-gu-2015|southkorea-maps-kostat-municipalities-2018","sample_survey_20pct;register_based_census_sample_survey"
"KR","kr-si-gun-gu-2018-kostat-harmonised","si_gun_gu","kr-si-gun-gu-2018-kostat-harmonised:38100","38100","Yangsan-si",2005,215845,"KOSIS DT_1IN0505 table total 내국인 (명); 미상 (unknown) remains in the denominator.",120532,55.84,94251,43.67,,,,486.31,,,"kosis-dt-1in0505-religion-si-gun-gu-2005|southkorea-maps-kostat-municipalities-2018","full_count_census;unknown_category_in_denominator"
"KR","kr-si-gun-gu-2018-kostat-harmonised","si_gun_gu","kr-si-gun-gu-2018-kostat-harmonised:38100","38100","Yangsan-si",2015,287074,"KOSIS DT_1PM1502 table total 계; 2015 religion was collected in the 20% sample survey of the register-based census.",125474,43.71,161600,56.29,,,,486.31,,,"kosis-dt-1pm1502-religion-si-gun-gu-2015|southkorea-maps-kostat-municipalities-2018","sample_survey_20pct;register_based_census_sample_survey"
"KR","kr-si-gun-gu-2018-kostat-harmonised","si_gun_gu","kr-si-gun-gu-2018-kostat-harmonised:38110","38110","Changwon-si",2005,1075326,"KOSIS DT_1IN0505 table total 내국인 (명); 미상 (unknown) remains in the denominator.",577326,53.69,496445,46.17,,,,751.75,,,"kosis-dt-1in0505-religion-si-gun-gu-2005|southkorea-maps-kostat-municipalities-2018","full_count_census;unknown_category_in_denominator;boundary_dissolved_from_2018_district_features;2005_source_codes_aggregated_to_2018_harmonised_unit"
"KR","kr-si-gun-gu-2018-kostat-harmonised","si_gun_gu","kr-si-gun-gu-2018-kostat-harmonised:38110","38110","Changwon-si",2015,1023591,"KOSIS DT_1PM1502 table total 계; 2015 religion was collected in the 20% sample survey of the register-based census.",443971,43.37,579620,56.63,,,,751.75,,,"kosis-dt-1pm1502-religion-si-gun-gu-2015|southkorea-maps-kostat-municipalities-2018","sample_survey_20pct;register_based_census_sample_survey;boundary_dissolved_from_2018_district_features"
"KR","kr-si-gun-gu-2018-kostat-harmonised","si_gun_gu","kr-si-gun-gu-2018-kostat-harmonised:38310","38310","Uiryeong-gun",2005,27495,"KOSIS DT_1IN0505 table total 내국인 (명); 미상 (unknown) remains in the denominator.",16742,60.89,10751,39.1,,,,481.22,,,"kosis-dt-1in0505-religion-si-gun-gu-2005|southkorea-maps-kostat-municipalities-2018","full_count_census;unknown_category_in_denominator"
"KR","kr-si-gun-gu-2018-kostat-harmonised","si_gun_gu","kr-si-gun-gu-2018-kostat-harmonised:38310","38310","Uiryeong-gun",2015,25896,"KOSIS DT_1PM1502 table total 계; 2015 religion was collected in the 20% sample survey of the register-based census.",12570,48.54,13326,51.46,,,,481.22,,,"kosis-dt-1pm1502-religion-si-gun-gu-2015|southkorea-maps-kostat-municipalities-2018","sample_survey_20pct;register_based_census_sample_survey"
"KR","kr-si-gun-gu-2018-kostat-harmonised","si_gun_gu","kr-si-gun-gu-2018-kostat-harmonised:38320","38320","Haman-gun",2005,54093,"KOSIS DT_1IN0505 table total 내국인 (명); 미상 (unknown) remains in the denominator.",33153,61.29,20889,38.62,,,,415.5,,,"kosis-dt-1in0505-religion-si-gun-gu-2005|southkorea-maps-kostat-municipalities-2018","full_count_census;unknown_category_in_denominator"
"KR","kr-si-gun-gu-2018-kostat-harmonised","si_gun_gu","kr-si-gun-gu-2018-kostat-harmonised:38320","38320","Haman-gun",2015,64052,"KOSIS DT_1PM1502 table total 계; 2015 religion was collected in the 20% sample survey of the register-based census.",32023,50,32029,50,,,,415.5,,,"kosis-dt-1pm1502-religion-si-gun-gu-2015|southkorea-maps-kostat-municipalities-2018","sample_survey_20pct;register_based_census_sample_survey"
"KR","kr-si-gun-gu-2018-kostat-harmonised","si_gun_gu","kr-si-gun-gu-2018-kostat-harmonised:38330","38330","Changnyeong-gun",2005,57382,"KOSIS DT_1IN0505 table total 내국인 (명); 미상 (unknown) remains in the denominator.",35527,61.91,21722,37.86,,,,529.87,,,"kosis-dt-1in0505-religion-si-gun-gu-2005|southkorea-maps-kostat-municipalities-2018","full_count_census;unknown_category_in_denominator"
"KR","kr-si-gun-gu-2018-kostat-harmonised","si_gun_gu","kr-si-gun-gu-2018-kostat-harmonised:38330","38330","Changnyeong-gun",2015,58554,"KOSIS DT_1PM1502 table total 계; 2015 religion was collected in the 20% sample survey of the register-based census.",29011,49.55,29543,50.45,,,,529.87,,,"kosis-dt-1pm1502-religion-si-gun-gu-2015|southkorea-maps-kostat-municipalities-2018","sample_survey_20pct;register_based_census_sample_survey"
"KR","kr-si-gun-gu-2018-kostat-harmonised","si_gun_gu","kr-si-gun-gu-2018-kostat-harmonised:38340","38340","Goseong-gun",2005,49316,"KOSIS DT_1IN0505 table total 내국인 (명); 미상 (unknown) remains in the denominator.",30996,62.85,17772,36.04,,,,519.65,,,"kosis-dt-1in0505-religion-si-gun-gu-2005|southkorea-maps-kostat-municipalities-2018","full_count_census;unknown_category_in_denominator"
"KR","kr-si-gun-gu-2018-kostat-harmonised","si_gun_gu","kr-si-gun-gu-2018-kostat-harmonised:38340","38340","Goseong-gun",2015,51038,"KOSIS DT_1PM1502 table total 계; 2015 religion was collected in the 20% sample survey of the register-based census.",27018,52.94,24020,47.06,,,,519.65,,,"kosis-dt-1pm1502-religion-si-gun-gu-2015|southkorea-maps-kostat-municipalities-2018","sample_survey_20pct;register_based_census_sample_survey"
"KR","kr-si-gun-gu-2018-kostat-harmonised","si_gun_gu","kr-si-gun-gu-2018-kostat-harmonised:38350","38350","Namhae-gun",2005,46694,"KOSIS DT_1IN0505 table total 내국인 (명); 미상 (unknown) remains in the denominator.",27388,58.65,19291,41.31,,,,361.74,,,"kosis-dt-1in0505-religion-si-gun-gu-2005|southkorea-maps-kostat-municipalities-2018","full_count_census;unknown_category_in_denominator"
"KR","kr-si-gun-gu-2018-kostat-harmonised","si_gun_gu","kr-si-gun-gu-2018-kostat-harmonised:38350","38350","Namhae-gun",2015,42803,"KOSIS DT_1PM1502 table total 계; 2015 religion was collected in the 20% sample survey of the register-based census.",20834,48.67,21969,51.33,,,,361.74,,,"kosis-dt-1pm1502-religion-si-gun-gu-2015|southkorea-maps-kostat-municipalities-2018","sample_survey_20pct;register_based_census_sample_survey"
"KR","kr-si-gun-gu-2018-kostat-harmonised","si_gun_gu","kr-si-gun-gu-2018-kostat-harmonised:38360","38360","Hadong-gun",2005,45234,"KOSIS DT_1IN0505 table total 내국인 (명); 미상 (unknown) remains in the denominator.",27716,61.27,17516,38.72,,,,676.76,,,"kosis-dt-1in0505-religion-si-gun-gu-2005|southkorea-maps-kostat-municipalities-2018","full_count_census;unknown_category_in_denominator"
"KR","kr-si-gun-gu-2018-kostat-harmonised","si_gun_gu","kr-si-gun-gu-2018-kostat-harmonised:38360","38360","Hadong-gun",2015,43665,"KOSIS DT_1PM1502 table total 계; 2015 religion was collected in the 20% sample survey of the register-based census.",22117,50.65,21548,49.35,,,,676.76,,,"kosis-dt-1pm1502-religion-si-gun-gu-2015|southkorea-maps-kostat-municipalities-2018","sample_survey_20pct;register_based_census_sample_survey"
"KR","kr-si-gun-gu-2018-kostat-harmonised","si_gun_gu","kr-si-gun-gu-2018-kostat-harmonised:38370","38370","Sancheong-gun",2005,32358,"KOSIS DT_1IN0505 table total 내국인 (명); 미상 (unknown) remains in the denominator.",21125,65.29,11229,34.7,,,,791.3,,,"kosis-dt-1in0505-religion-si-gun-gu-2005|southkorea-maps-kostat-municipalities-2018","full_count_census;unknown_category_in_denominator"
"KR","kr-si-gun-gu-2018-kostat-harmonised","si_gun_gu","kr-si-gun-gu-2018-kostat-harmonised:38370","38370","Sancheong-gun",2015,33056,"KOSIS DT_1PM1502 table total 계; 2015 religion was collected in the 20% sample survey of the register-based census.",19307,58.41,13749,41.59,,,,791.3,,,"kosis-dt-1pm1502-religion-si-gun-gu-2015|southkorea-maps-kostat-municipalities-2018","sample_survey_20pct;register_based_census_sample_survey"
"KR","kr-si-gun-gu-2018-kostat-harmonised","si_gun_gu","kr-si-gun-gu-2018-kostat-harmonised:38380","38380","Hamyang-gun",2005,37131,"KOSIS DT_1IN0505 table total 내국인 (명); 미상 (unknown) remains in the denominator.",20172,54.33,16957,45.67,,,,720.35,,,"kosis-dt-1in0505-religion-si-gun-gu-2005|southkorea-maps-kostat-municipalities-2018","full_count_census;unknown_category_in_denominator"
"KR","kr-si-gun-gu-2018-kostat-harmonised","si_gun_gu","kr-si-gun-gu-2018-kostat-harmonised:38380","38380","Hamyang-gun",2015,37527,"KOSIS DT_1PM1502 table total 계; 2015 religion was collected in the 20% sample survey of the register-based census.",18429,49.11,19098,50.89,,,,720.35,,,"kosis-dt-1pm1502-religion-si-gun-gu-2015|southkorea-maps-kostat-municipalities-2018","sample_survey_20pct;register_based_census_sample_survey"
"KR","kr-si-gun-gu-2018-kostat-harmonised","si_gun_gu","kr-si-gun-gu-2018-kostat-harmonised:38390","38390","Geochang-gun",2005,60524,"KOSIS DT_1IN0505 table total 내국인 (명); 미상 (unknown) remains in the denominator.",29766,49.18,30754,50.81,,,,798.87,,,"kosis-dt-1in0505-religion-si-gun-gu-2005|southkorea-maps-kostat-municipalities-2018","full_count_census;unknown_category_in_denominator"
"KR","kr-si-gun-gu-2018-kostat-harmonised","si_gun_gu","kr-si-gun-gu-2018-kostat-harmonised:38390","38390","Geochang-gun",2015,59214,"KOSIS DT_1PM1502 table total 계; 2015 religion was collected in the 20% sample survey of the register-based census.",25334,42.78,33880,57.22,,,,798.87,,,"kosis-dt-1pm1502-religion-si-gun-gu-2015|southkorea-maps-kostat-municipalities-2018","sample_survey_20pct;register_based_census_sample_survey"
"KR","kr-si-gun-gu-2018-kostat-harmonised","si_gun_gu","kr-si-gun-gu-2018-kostat-harmonised:38400","38400","Hapcheon-gun",2005,47651,"KOSIS DT_1IN0505 table total 내국인 (명); 미상 (unknown) remains in the denominator.",26916,56.49,20421,42.86,,,,983.41,,,"kosis-dt-1in0505-religion-si-gun-gu-2005|southkorea-maps-kostat-municipalities-2018","full_count_census;unknown_category_in_denominator"
"KR","kr-si-gun-gu-2018-kostat-harmonised","si_gun_gu","kr-si-gun-gu-2018-kostat-harmonised:38400","38400","Hapcheon-gun",2015,43674,"KOSIS DT_1PM1502 table total 계; 2015 religion was collected in the 20% sample survey of the register-based census.",20367,46.63,23307,53.37,,,,983.41,,,"kosis-dt-1pm1502-religion-si-gun-gu-2015|southkorea-maps-kostat-municipalities-2018","sample_survey_20pct;register_based_census_sample_survey"
"KR","kr-si-gun-gu-2018-kostat-harmonised","si_gun_gu","kr-si-gun-gu-2018-kostat-harmonised:39010","39010","Jeju-si",2005,391132,"KOSIS DT_1IN0505 table total 내국인 (명); 미상 (unknown) remains in the denominator.",200703,51.31,187635,47.97,,,,982,,,"kosis-dt-1in0505-religion-si-gun-gu-2005|southkorea-maps-kostat-municipalities-2018","full_count_census;unknown_category_in_denominator;2005_source_codes_aggregated_to_2018_harmonised_unit"
"KR","kr-si-gun-gu-2018-kostat-harmonised","si_gun_gu","kr-si-gun-gu-2018-kostat-harmonised:39010","39010","Jeju-si",2015,435373,"KOSIS DT_1PM1502 table total 계; 2015 religion was collected in the 20% sample survey of the register-based census.",180210,41.39,255163,58.61,,,,982,,,"kosis-dt-1pm1502-religion-si-gun-gu-2015|southkorea-maps-kostat-municipalities-2018","sample_survey_20pct;register_based_census_sample_survey"
"KR","kr-si-gun-gu-2018-kostat-harmonised","si_gun_gu","kr-si-gun-gu-2018-kostat-harmonised:39020","39020","Seogwipo-si",2005,139554,"KOSIS DT_1IN0505 table total 내국인 (명); 미상 (unknown) remains in the denominator.",71887,51.51,66790,47.86,,,,880,,,"kosis-dt-1in0505-religion-si-gun-gu-2005|southkorea-maps-kostat-municipalities-2018","full_count_census;unknown_category_in_denominator;2005_source_codes_aggregated_to_2018_harmonised_unit"
"KR","kr-si-gun-gu-2018-kostat-harmonised","si_gun_gu","kr-si-gun-gu-2018-kostat-harmonised:39020","39020","Seogwipo-si",2015,147266,"KOSIS DT_1PM1502 table total 계; 2015 religion was collected in the 20% sample survey of the register-based census.",64210,43.6,83056,56.4,,,,880,,,"kosis-dt-1pm1502-religion-si-gun-gu-2015|southkorea-maps-kostat-municipalities-2018","sample_survey_20pct;register_based_census_sample_survey"
