"country_code","boundary_set_id","boundary_level","area_unit_id","area_code","area_name","year","population_total","population_total_basis","religious_affiliation_count","religious_affiliation_percent","no_religion_count","no_religion_percent","place_count","places_per_10000_residents","place_density_per_sq_km","land_area_sq_km","site_snapshot_date","place_count_basis","source_dataset_ids","quality_flag"
"BD","bd-district-2022-geoboundaries-adm2","district","bd-district-2022-geoboundaries-adm2:bagerhat","bagerhat","Bagerhat",2011,1476090,"Sum of the five Table C-13 religion categories (Muslim, Hindu, Christian, Buddhist, Others) at the zila-total line of the 2011 Community Report; the full enumerated population. The 2011 census carried no third-gender (hijra) enumeration and Table C-13 has no not-stated category, so this is the complete enumerated zila population. Under the minority-share design the two metric slots carry the reference-group (Muslim) share and its exact complement, the minority share.",1198593,81.2005,277497,18.7995,,,,3646.18,,,"bbs-phc-2011-community-report-table-c13-religion-district|geoboundaries-bgd-adm2","census_flat_frame_minority_share_design;reference_group=Muslim;reference_share_pct=81.2005;minority_share_pct=18.7995;minority_share=Hindu+Christian+Buddhist+Others;Muslim=1198593;Hindu=270874;Christian=6115;Buddhist=43;Others=465;source_categories_verbatim=Muslim|Hindu|Christian|Buddhist|Others;no_religion_category_absent;not_stated_category_absent;universe_2011_full_enumerated_population;no_hijra_enumeration_in_2011;not_stated_category_absent;exact_zila_reconciliation"
"BD","bd-district-2022-geoboundaries-adm2","district","bd-district-2022-geoboundaries-adm2:bagerhat","bagerhat","Bagerhat",2022,1613005,"Sum of the five Table P08 religion categories (Muslim, Hindu, Christian, Buddhist, Others), the male + female classified population; excludes hijra (third gender), who are religion-classified only at division level in Table 3.2.15. Under the minority-share design the two metric slots carry the reference-group (Muslim) share and its exact complement, the minority share; the recognised categories are Muslim, Hindu, Christian, Buddhist and Others, with no no-religion and no not-stated category.",1342772,83.2466,270233,16.7534,,,,3646.18,,,"bbs-phc-2022-table-p08-religion-district|geoboundaries-bgd-adm2","census_flat_frame_minority_share_design;reference_group=Muslim;reference_share_pct=83.2466;minority_share_pct=16.7534;minority_share=Hindu+Christian+Buddhist+Others;Muslim=1342772;Hindu=264222;Christian=5890;Buddhist=81;Others=40;source_categories_verbatim=Muslim|Hindu|Christian|Buddhist|Others;no_religion_category_absent;not_stated_category_absent;sex_classified_basis_excludes_hijra;exact_zila_reconciliation"
"BD","bd-district-2022-geoboundaries-adm2","district","bd-district-2022-geoboundaries-adm2:bandarban","bandarban","Bandarban",2011,388335,"Sum of the five Table C-13 religion categories (Muslim, Hindu, Christian, Buddhist, Others) at the zila-total line of the 2011 Community Report; the full enumerated population. The 2011 census carried no third-gender (hijra) enumeration and Table C-13 has no not-stated category, so this is the complete enumerated zila population. Under the minority-share design the two metric slots carry the reference-group (Muslim) share and its exact complement, the minority share.",197087,50.7518,191248,49.2482,,,,4595.26,,,"bbs-phc-2011-community-report-table-c13-religion-district|geoboundaries-bgd-adm2","census_flat_frame_minority_share_design;reference_group=Muslim;reference_share_pct=50.7518;minority_share_pct=49.2482;minority_share=Hindu+Christian+Buddhist+Others;Muslim=197087;Hindu=13137;Christian=39333;Buddhist=123052;Others=15726;source_categories_verbatim=Muslim|Hindu|Christian|Buddhist|Others;no_religion_category_absent;not_stated_category_absent;universe_2011_full_enumerated_population;no_hijra_enumeration_in_2011;not_stated_category_absent;exact_zila_reconciliation"
"BD","bd-district-2022-geoboundaries-adm2","district","bd-district-2022-geoboundaries-adm2:bandarban","bandarban","Bandarban",2022,481093,"Sum of the five Table P08 religion categories (Muslim, Hindu, Christian, Buddhist, Others), the male + female classified population; excludes hijra (third gender), who are religion-classified only at division level in Table 3.2.15. Under the minority-share design the two metric slots carry the reference-group (Muslim) share and its exact complement, the minority share; the recognised categories are Muslim, Hindu, Christian, Buddhist and Others, with no no-religion and no not-stated category.",253749,52.7443,227344,47.2557,,,,4595.26,,,"bbs-phc-2022-table-p08-religion-district|geoboundaries-bgd-adm2","census_flat_frame_minority_share_design;reference_group=Muslim;reference_share_pct=52.7443;minority_share_pct=47.2557;minority_share=Hindu+Christian+Buddhist+Others;Muslim=253749;Hindu=16500;Christian=47053;Buddhist=142053;Others=21738;source_categories_verbatim=Muslim|Hindu|Christian|Buddhist|Others;no_religion_category_absent;not_stated_category_absent;sex_classified_basis_excludes_hijra;exact_zila_reconciliation"
"BD","bd-district-2022-geoboundaries-adm2","district","bd-district-2022-geoboundaries-adm2:barguna","barguna","Barguna",2011,892781,"Sum of the five Table C-13 religion categories (Muslim, Hindu, Christian, Buddhist, Others) at the zila-total line of the 2011 Community Report; the full enumerated population. The 2011 census carried no third-gender (hijra) enumeration and Table C-13 has no not-stated category, so this is the complete enumerated zila population. Under the minority-share design the two metric slots carry the reference-group (Muslim) share and its exact complement, the minority share.",822652,92.1449,70129,7.8551,,,,1345.65,,,"bbs-phc-2011-community-report-table-c13-religion-district|geoboundaries-bgd-adm2","census_flat_frame_minority_share_design;reference_group=Muslim;reference_share_pct=92.1449;minority_share_pct=7.8551;minority_share=Hindu+Christian+Buddhist+Others;Muslim=822652;Hindu=68678;Christian=283;Buddhist=1097;Others=71;source_categories_verbatim=Muslim|Hindu|Christian|Buddhist|Others;no_religion_category_absent;not_stated_category_absent;universe_2011_full_enumerated_population;no_hijra_enumeration_in_2011;not_stated_category_absent;exact_zila_reconciliation"
"BD","bd-district-2022-geoboundaries-adm2","district","bd-district-2022-geoboundaries-adm2:barguna","barguna","Barguna",2022,1010461,"Sum of the five Table P08 religion categories (Muslim, Hindu, Christian, Buddhist, Others), the male + female classified population; excludes hijra (third gender), who are religion-classified only at division level in Table 3.2.15. Under the minority-share design the two metric slots carry the reference-group (Muslim) share and its exact complement, the minority share; the recognised categories are Muslim, Hindu, Christian, Buddhist and Others, with no no-religion and no not-stated category.",937495,92.7789,72966,7.2211,,,,1345.65,,,"bbs-phc-2022-table-p08-religion-district|geoboundaries-bgd-adm2","census_flat_frame_minority_share_design;reference_group=Muslim;reference_share_pct=92.7789;minority_share_pct=7.2211;minority_share=Hindu+Christian+Buddhist+Others;Muslim=937495;Hindu=69481;Christian=252;Buddhist=3185;Others=48;source_categories_verbatim=Muslim|Hindu|Christian|Buddhist|Others;no_religion_category_absent;not_stated_category_absent;sex_classified_basis_excludes_hijra;exact_zila_reconciliation"
"BD","bd-district-2022-geoboundaries-adm2","district","bd-district-2022-geoboundaries-adm2:barishal","barishal","Barishal",2011,2324310,"Sum of the five Table C-13 religion categories (Muslim, Hindu, Christian, Buddhist, Others) at the zila-total line of the 2011 Community Report; the full enumerated population. The 2011 census carried no third-gender (hijra) enumeration and Table C-13 has no not-stated category, so this is the complete enumerated zila population. Under the minority-share design the two metric slots carry the reference-group (Muslim) share and its exact complement, the minority share.",2040088,87.7718,284222,12.2282,,,,2219.58,,,"bbs-phc-2011-community-report-table-c13-religion-district|geoboundaries-bgd-adm2","census_flat_frame_minority_share_design;reference_group=Muslim;reference_share_pct=87.7718;minority_share_pct=12.2282;minority_share=Hindu+Christian+Buddhist+Others;Muslim=2040088;Hindu=271706;Christian=12227;Buddhist=225;Others=64;source_categories_verbatim=Muslim|Hindu|Christian|Buddhist|Others;no_religion_category_absent;not_stated_category_absent;universe_2011_full_enumerated_population;no_hijra_enumeration_in_2011;not_stated_category_absent;exact_zila_reconciliation"
"BD","bd-district-2022-geoboundaries-adm2","district","bd-district-2022-geoboundaries-adm2:barishal","barishal","Barishal",2022,2570371,"Sum of the five Table P08 religion categories (Muslim, Hindu, Christian, Buddhist, Others), the male + female classified population; excludes hijra (third gender), who are religion-classified only at division level in Table 3.2.15. Under the minority-share design the two metric slots carry the reference-group (Muslim) share and its exact complement, the minority share; the recognised categories are Muslim, Hindu, Christian, Buddhist and Others, with no no-religion and no not-stated category.",2283658,88.8455,286713,11.1545,,,,2219.58,,,"bbs-phc-2022-table-p08-religion-district|geoboundaries-bgd-adm2","census_flat_frame_minority_share_design;reference_group=Muslim;reference_share_pct=88.8455;minority_share_pct=11.1545;minority_share=Hindu+Christian+Buddhist+Others;Muslim=2283658;Hindu=275258;Christian=11138;Buddhist=253;Others=64;source_categories_verbatim=Muslim|Hindu|Christian|Buddhist|Others;no_religion_category_absent;not_stated_category_absent;sex_classified_basis_excludes_hijra;exact_zila_reconciliation"
"BD","bd-district-2022-geoboundaries-adm2","district","bd-district-2022-geoboundaries-adm2:bhola","bhola","Bhola",2011,,"WITHHELD: the 2011 record for Bhola is unrecoverable from a text layer (the Community Report PDF omits printed pages 229-240 (the Table C-13 zila-total religion line and five upazilas' breakdown), and the authorized Zila-Series recovery failed because Zila_BHOLA.pdf is a scanned document whose religion tables carry no text layer (text layer required, never optical character recognition, per the conductor ruling 2026-07-12)); the religion composition is withheld and never substituted, estimated, or interpolated. The enumerated Bhola zila population is independently published in the Vol-2 union statistics as 1776795, used only to confirm the national frame closes.",,,,,,,,1948.54,,,"bbs-phc-2011-community-report-table-c13-religion-district|geoboundaries-bgd-adm2","census_flat_frame_minority_share_design;reference_group=Muslim;minority_share=Hindu+Christian+Buddhist+Others;source_categories_verbatim=Muslim|Hindu|Christian|Buddhist|Others;religion_composition_withheld_source_defect;withheld_reason=community_report_pdf_missing_printed_pages_229_240_C13_zila_total;zila_series_recovery_attempted_report_is_scanned_image_no_text_layer;published_zila_total=1776795;universe_2011_full_enumerated_population;no_hijra_enumeration_in_2011;not_stated_category_absent"
"BD","bd-district-2022-geoboundaries-adm2","district","bd-district-2022-geoboundaries-adm2:bhola","bhola","Bhola",2022,1932444,"Sum of the five Table P08 religion categories (Muslim, Hindu, Christian, Buddhist, Others), the male + female classified population; excludes hijra (third gender), who are religion-classified only at division level in Table 3.2.15. Under the minority-share design the two metric slots carry the reference-group (Muslim) share and its exact complement, the minority share; the recognised categories are Muslim, Hindu, Christian, Buddhist and Others, with no no-religion and no not-stated category.",1876690,97.1148,55754,2.8852,,,,1948.54,,,"bbs-phc-2022-table-p08-religion-district|geoboundaries-bgd-adm2","census_flat_frame_minority_share_design;reference_group=Muslim;reference_share_pct=97.1148;minority_share_pct=2.8852;minority_share=Hindu+Christian+Buddhist+Others;Muslim=1876690;Hindu=55532;Christian=103;Buddhist=93;Others=26;source_categories_verbatim=Muslim|Hindu|Christian|Buddhist|Others;no_religion_category_absent;not_stated_category_absent;sex_classified_basis_excludes_hijra;exact_zila_reconciliation"
"BD","bd-district-2022-geoboundaries-adm2","district","bd-district-2022-geoboundaries-adm2:bogura","bogura","Bogura",2011,3400874,"Sum of the five Table C-13 religion categories (Muslim, Hindu, Christian, Buddhist, Others) at the zila-total line of the 2011 Community Report; the full enumerated population. The 2011 census carried no third-gender (hijra) enumeration and Table C-13 has no not-stated category, so this is the complete enumerated zila population. Under the minority-share design the two metric slots carry the reference-group (Muslim) share and its exact complement, the minority share.",3192728,93.8796,208146,6.1204,,,,2912.59,,,"bbs-phc-2011-community-report-table-c13-religion-district|geoboundaries-bgd-adm2","census_flat_frame_minority_share_design;reference_group=Muslim;reference_share_pct=93.8796;minority_share_pct=6.1204;minority_share=Hindu+Christian+Buddhist+Others;Muslim=3192728;Hindu=205333;Christian=863;Buddhist=115;Others=1835;source_categories_verbatim=Muslim|Hindu|Christian|Buddhist|Others;no_religion_category_absent;not_stated_category_absent;universe_2011_full_enumerated_population;no_hijra_enumeration_in_2011;not_stated_category_absent;exact_zila_reconciliation"
"BD","bd-district-2022-geoboundaries-adm2","district","bd-district-2022-geoboundaries-adm2:bogura","bogura","Bogura",2022,3733963,"Sum of the five Table P08 religion categories (Muslim, Hindu, Christian, Buddhist, Others), the male + female classified population; excludes hijra (third gender), who are religion-classified only at division level in Table 3.2.15. Under the minority-share design the two metric slots carry the reference-group (Muslim) share and its exact complement, the minority share; the recognised categories are Muslim, Hindu, Christian, Buddhist and Others, with no no-religion and no not-stated category.",3515831,94.1582,218132,5.8418,,,,2912.59,,,"bbs-phc-2022-table-p08-religion-district|geoboundaries-bgd-adm2","census_flat_frame_minority_share_design;reference_group=Muslim;reference_share_pct=94.1582;minority_share_pct=5.8418;minority_share=Hindu+Christian+Buddhist+Others;Muslim=3515831;Hindu=216649;Christian=828;Buddhist=201;Others=454;source_categories_verbatim=Muslim|Hindu|Christian|Buddhist|Others;no_religion_category_absent;not_stated_category_absent;sex_classified_basis_excludes_hijra;exact_zila_reconciliation"
"BD","bd-district-2022-geoboundaries-adm2","district","bd-district-2022-geoboundaries-adm2:brahmanbaria","brahmanbaria","Brahmanbaria",2011,2840498,"Sum of the five Table C-13 religion categories (Muslim, Hindu, Christian, Buddhist, Others) at the zila-total line of the 2011 Community Report; the full enumerated population. The 2011 census carried no third-gender (hijra) enumeration and Table C-13 has no not-stated category, so this is the complete enumerated zila population. Under the minority-share design the two metric slots carry the reference-group (Muslim) share and its exact complement, the minority share.",2627810,92.5123,212688,7.4877,,,,1922.68,,,"bbs-phc-2011-community-report-table-c13-religion-district|geoboundaries-bgd-adm2","census_flat_frame_minority_share_design;reference_group=Muslim;reference_share_pct=92.5123;minority_share_pct=7.4877;minority_share=Hindu+Christian+Buddhist+Others;Muslim=2627810;Hindu=211899;Christian=389;Buddhist=118;Others=282;source_categories_verbatim=Muslim|Hindu|Christian|Buddhist|Others;no_religion_category_absent;not_stated_category_absent;universe_2011_full_enumerated_population;no_hijra_enumeration_in_2011;not_stated_category_absent;exact_zila_reconciliation"
"BD","bd-district-2022-geoboundaries-adm2","district","bd-district-2022-geoboundaries-adm2:brahmanbaria","brahmanbaria","Brahmanbaria",2022,3306407,"Sum of the five Table P08 religion categories (Muslim, Hindu, Christian, Buddhist, Others), the male + female classified population; excludes hijra (third gender), who are religion-classified only at division level in Table 3.2.15. Under the minority-share design the two metric slots carry the reference-group (Muslim) share and its exact complement, the minority share; the recognised categories are Muslim, Hindu, Christian, Buddhist and Others, with no no-religion and no not-stated category.",3084488,93.2882,221919,6.7118,,,,1922.68,,,"bbs-phc-2022-table-p08-religion-district|geoboundaries-bgd-adm2","census_flat_frame_minority_share_design;reference_group=Muslim;reference_share_pct=93.2882;minority_share_pct=6.7118;minority_share=Hindu+Christian+Buddhist+Others;Muslim=3084488;Hindu=220958;Christian=507;Buddhist=405;Others=49;source_categories_verbatim=Muslim|Hindu|Christian|Buddhist|Others;no_religion_category_absent;not_stated_category_absent;sex_classified_basis_excludes_hijra;exact_zila_reconciliation"
"BD","bd-district-2022-geoboundaries-adm2","district","bd-district-2022-geoboundaries-adm2:chandpur","chandpur","Chandpur",2011,2416018,"Sum of the five Table C-13 religion categories (Muslim, Hindu, Christian, Buddhist, Others) at the zila-total line of the 2011 Community Report; the full enumerated population. The 2011 census carried no third-gender (hijra) enumeration and Table C-13 has no not-stated category, so this is the complete enumerated zila population. Under the minority-share design the two metric slots carry the reference-group (Muslim) share and its exact complement, the minority share.",2269246,93.925,146772,6.075,,,,1469.44,,,"bbs-phc-2011-community-report-table-c13-religion-district|geoboundaries-bgd-adm2","census_flat_frame_minority_share_design;reference_group=Muslim;reference_share_pct=93.925;minority_share_pct=6.075;minority_share=Hindu+Christian+Buddhist+Others;Muslim=2269246;Hindu=145551;Christian=423;Buddhist=110;Others=688;source_categories_verbatim=Muslim|Hindu|Christian|Buddhist|Others;no_religion_category_absent;not_stated_category_absent;universe_2011_full_enumerated_population;no_hijra_enumeration_in_2011;not_stated_category_absent;exact_zila_reconciliation"
"BD","bd-district-2022-geoboundaries-adm2","district","bd-district-2022-geoboundaries-adm2:chandpur","chandpur","Chandpur",2022,2635668,"Sum of the five Table P08 religion categories (Muslim, Hindu, Christian, Buddhist, Others), the male + female classified population; excludes hijra (third gender), who are religion-classified only at division level in Table 3.2.15. Under the minority-share design the two metric slots carry the reference-group (Muslim) share and its exact complement, the minority share; the recognised categories are Muslim, Hindu, Christian, Buddhist and Others, with no no-religion and no not-stated category.",2488360,94.411,147308,5.589,,,,1469.44,,,"bbs-phc-2022-table-p08-religion-district|geoboundaries-bgd-adm2","census_flat_frame_minority_share_design;reference_group=Muslim;reference_share_pct=94.411;minority_share_pct=5.589;minority_share=Hindu+Christian+Buddhist+Others;Muslim=2488360;Hindu=146519;Christian=416;Buddhist=209;Others=164;source_categories_verbatim=Muslim|Hindu|Christian|Buddhist|Others;no_religion_category_absent;not_stated_category_absent;sex_classified_basis_excludes_hijra;exact_zila_reconciliation"
"BD","bd-district-2022-geoboundaries-adm2","district","bd-district-2022-geoboundaries-adm2:chapainawabganj","chapainawabganj","Chapainawabganj",2011,1647521,"Sum of the five Table C-13 religion categories (Muslim, Hindu, Christian, Buddhist, Others) at the zila-total line of the 2011 Community Report; the full enumerated population. The 2011 census carried no third-gender (hijra) enumeration and Table C-13 has no not-stated category, so this is the complete enumerated zila population. Under the minority-share design the two metric slots carry the reference-group (Muslim) share and its exact complement, the minority share.",1571151,95.3646,76370,4.6354,,,,1685.47,,,"bbs-phc-2011-community-report-table-c13-religion-district|geoboundaries-bgd-adm2","census_flat_frame_minority_share_design;reference_group=Muslim;reference_share_pct=95.3646;minority_share_pct=4.6354;minority_share=Hindu+Christian+Buddhist+Others;Muslim=1571151;Hindu=66602;Christian=5725;Buddhist=7;Others=4036;source_categories_verbatim=Muslim|Hindu|Christian|Buddhist|Others;no_religion_category_absent;not_stated_category_absent;universe_2011_full_enumerated_population;no_hijra_enumeration_in_2011;not_stated_category_absent;exact_zila_reconciliation;small_cell_under_10;small_cells=Buddhist"
"BD","bd-district-2022-geoboundaries-adm2","district","bd-district-2022-geoboundaries-adm2:chapainawabganj","chapainawabganj","Chapainawabganj",2022,1835452,"Sum of the five Table P08 religion categories (Muslim, Hindu, Christian, Buddhist, Others), the male + female classified population; excludes hijra (third gender), who are religion-classified only at division level in Table 3.2.15. Under the minority-share design the two metric slots carry the reference-group (Muslim) share and its exact complement, the minority share; the recognised categories are Muslim, Hindu, Christian, Buddhist and Others, with no no-religion and no not-stated category.",1753917,95.5578,81535,4.4422,,,,1685.47,,,"bbs-phc-2022-table-p08-religion-district|geoboundaries-bgd-adm2","census_flat_frame_minority_share_design;reference_group=Muslim;reference_share_pct=95.5578;minority_share_pct=4.4422;minority_share=Hindu+Christian+Buddhist+Others;Muslim=1753917;Hindu=72178;Christian=7216;Buddhist=35;Others=2106;source_categories_verbatim=Muslim|Hindu|Christian|Buddhist|Others;no_religion_category_absent;not_stated_category_absent;sex_classified_basis_excludes_hijra;exact_zila_reconciliation"
"BD","bd-district-2022-geoboundaries-adm2","district","bd-district-2022-geoboundaries-adm2:chattogram","chattogram","Chattogram",2011,7616352,"Sum of the five Table C-13 religion categories (Muslim, Hindu, Christian, Buddhist, Others) at the zila-total line of the 2011 Community Report; the full enumerated population. The 2011 census carried no third-gender (hijra) enumeration and Table C-13 has no not-stated category, so this is the complete enumerated zila population. Under the minority-share design the two metric slots carry the reference-group (Muslim) share and its exact complement, the minority share.",6618657,86.9006,997695,13.0994,,,,4450.86,,,"bbs-phc-2011-community-report-table-c13-religion-district|geoboundaries-bgd-adm2","census_flat_frame_minority_share_design;reference_group=Muslim;reference_share_pct=86.9006;minority_share_pct=13.0994;minority_share=Hindu+Christian+Buddhist+Others;Muslim=6618657;Hindu=861494;Christian=7484;Buddhist=121169;Others=7548;source_categories_verbatim=Muslim|Hindu|Christian|Buddhist|Others;no_religion_category_absent;not_stated_category_absent;universe_2011_full_enumerated_population;no_hijra_enumeration_in_2011;not_stated_category_absent;exact_zila_reconciliation"
"BD","bd-district-2022-geoboundaries-adm2","district","bd-district-2022-geoboundaries-adm2:chattogram","chattogram","Chattogram",2022,9169039,"Sum of the five Table P08 religion categories (Muslim, Hindu, Christian, Buddhist, Others), the male + female classified population; excludes hijra (third gender), who are religion-classified only at division level in Table 3.2.15. Under the minority-share design the two metric slots carry the reference-group (Muslim) share and its exact complement, the minority share; the recognised categories are Muslim, Hindu, Christian, Buddhist and Others, with no no-religion and no not-stated category.",8025722,87.5307,1143317,12.4693,,,,4450.86,,,"bbs-phc-2022-table-p08-religion-district|geoboundaries-bgd-adm2","census_flat_frame_minority_share_design;reference_group=Muslim;reference_share_pct=87.5307;minority_share_pct=12.4693;minority_share=Hindu+Christian+Buddhist+Others;Muslim=8025722;Hindu=982568;Christian=8096;Buddhist=149773;Others=2880;source_categories_verbatim=Muslim|Hindu|Christian|Buddhist|Others;no_religion_category_absent;not_stated_category_absent;sex_classified_basis_excludes_hijra;exact_zila_reconciliation"
"BD","bd-district-2022-geoboundaries-adm2","district","bd-district-2022-geoboundaries-adm2:chuadanga","chuadanga","Chuadanga",2011,1129015,"Sum of the five Table C-13 religion categories (Muslim, Hindu, Christian, Buddhist, Others) at the zila-total line of the 2011 Community Report; the full enumerated population. The 2011 census carried no third-gender (hijra) enumeration and Table C-13 has no not-stated category, so this is the complete enumerated zila population. Under the minority-share design the two metric slots carry the reference-group (Muslim) share and its exact complement, the minority share.",1100330,97.4593,28685,2.5407,,,,1165.1,,,"bbs-phc-2011-community-report-table-c13-religion-district|geoboundaries-bgd-adm2","census_flat_frame_minority_share_design;reference_group=Muslim;reference_share_pct=97.4593;minority_share_pct=2.5407;minority_share=Hindu+Christian+Buddhist+Others;Muslim=1100330;Hindu=26514;Christian=1593;Buddhist=22;Others=556;source_categories_verbatim=Muslim|Hindu|Christian|Buddhist|Others;no_religion_category_absent;not_stated_category_absent;universe_2011_full_enumerated_population;no_hijra_enumeration_in_2011;not_stated_category_absent;exact_zila_reconciliation"
"BD","bd-district-2022-geoboundaries-adm2","district","bd-district-2022-geoboundaries-adm2:chuadanga","chuadanga","Chuadanga",2022,1233991,"Sum of the five Table P08 religion categories (Muslim, Hindu, Christian, Buddhist, Others), the male + female classified population; excludes hijra (third gender), who are religion-classified only at division level in Table 3.2.15. Under the minority-share design the two metric slots carry the reference-group (Muslim) share and its exact complement, the minority share; the recognised categories are Muslim, Hindu, Christian, Buddhist and Others, with no no-religion and no not-stated category.",1204554,97.6145,29437,2.3855,,,,1165.1,,,"bbs-phc-2022-table-p08-religion-district|geoboundaries-bgd-adm2","census_flat_frame_minority_share_design;reference_group=Muslim;reference_share_pct=97.6145;minority_share_pct=2.3855;minority_share=Hindu+Christian+Buddhist+Others;Muslim=1204554;Hindu=27804;Christian=1605;Buddhist=18;Others=10;source_categories_verbatim=Muslim|Hindu|Christian|Buddhist|Others;no_religion_category_absent;not_stated_category_absent;sex_classified_basis_excludes_hijra;exact_zila_reconciliation"
"BD","bd-district-2022-geoboundaries-adm2","district","bd-district-2022-geoboundaries-adm2:cox_s_bazar","cox_s_bazar","Cox's Bazar",2011,2289990,"Sum of the five Table C-13 religion categories (Muslim, Hindu, Christian, Buddhist, Others) at the zila-total line of the 2011 Community Report; the full enumerated population. The 2011 census carried no third-gender (hijra) enumeration and Table C-13 has no not-stated category, so this is the complete enumerated zila population. Under the minority-share design the two metric slots carry the reference-group (Muslim) share and its exact complement, the minority share.",2151958,93.9724,138032,6.0276,,,,2172.98,,,"bbs-phc-2011-community-report-table-c13-religion-district|geoboundaries-bgd-adm2","census_flat_frame_minority_share_design;reference_group=Muslim;reference_share_pct=93.9724;minority_share_pct=6.0276;minority_share=Hindu+Christian+Buddhist+Others;Muslim=2151958;Hindu=97648;Christian=1503;Buddhist=37822;Others=1059;source_categories_verbatim=Muslim|Hindu|Christian|Buddhist|Others;no_religion_category_absent;not_stated_category_absent;universe_2011_full_enumerated_population;no_hijra_enumeration_in_2011;not_stated_category_absent;exact_zila_reconciliation"
"BD","bd-district-2022-geoboundaries-adm2","district","bd-district-2022-geoboundaries-adm2:cox_s_bazar","cox_s_bazar","Cox's Bazar",2022,2823185,"Sum of the five Table P08 religion categories (Muslim, Hindu, Christian, Buddhist, Others), the male + female classified population; excludes hijra (third gender), who are religion-classified only at division level in Table 3.2.15. Under the minority-share design the two metric slots carry the reference-group (Muslim) share and its exact complement, the minority share; the recognised categories are Muslim, Hindu, Christian, Buddhist and Others, with no no-religion and no not-stated category.",2669896,94.5704,153289,5.4296,,,,2172.98,,,"bbs-phc-2022-table-p08-religion-district|geoboundaries-bgd-adm2","census_flat_frame_minority_share_design;reference_group=Muslim;reference_share_pct=94.5704;minority_share_pct=5.4296;minority_share=Hindu+Christian+Buddhist+Others;Muslim=2669896;Hindu=108165;Christian=2006;Buddhist=42304;Others=814;source_categories_verbatim=Muslim|Hindu|Christian|Buddhist|Others;no_religion_category_absent;not_stated_category_absent;sex_classified_basis_excludes_hijra;exact_zila_reconciliation"
"BD","bd-district-2022-geoboundaries-adm2","district","bd-district-2022-geoboundaries-adm2:cumilla","cumilla","Cumilla",2011,5387288,"Sum of the five Table C-13 religion categories (Muslim, Hindu, Christian, Buddhist, Others) at the zila-total line of the 2011 Community Report; the full enumerated population. The 2011 census carried no third-gender (hijra) enumeration and Table C-13 has no not-stated category, so this is the complete enumerated zila population. Under the minority-share design the two metric slots carry the reference-group (Muslim) share and its exact complement, the minority share.",5123410,95.1018,263878,4.8982,,,,3088.03,,,"bbs-phc-2011-community-report-table-c13-religion-district|geoboundaries-bgd-adm2","census_flat_frame_minority_share_design;reference_group=Muslim;reference_share_pct=95.1018;minority_share_pct=4.8982;minority_share=Hindu+Christian+Buddhist+Others;Muslim=5123410;Hindu=258105;Christian=444;Buddhist=4934;Others=395;source_categories_verbatim=Muslim|Hindu|Christian|Buddhist|Others;no_religion_category_absent;not_stated_category_absent;universe_2011_full_enumerated_population;no_hijra_enumeration_in_2011;not_stated_category_absent;exact_zila_reconciliation"
"BD","bd-district-2022-geoboundaries-adm2","district","bd-district-2022-geoboundaries-adm2:cumilla","cumilla","Cumilla",2022,6211951,"Sum of the five Table P08 religion categories (Muslim, Hindu, Christian, Buddhist, Others), the male + female classified population; excludes hijra (third gender), who are religion-classified only at division level in Table 3.2.15. Under the minority-share design the two metric slots carry the reference-group (Muslim) share and its exact complement, the minority share; the recognised categories are Muslim, Hindu, Christian, Buddhist and Others, with no no-religion and no not-stated category.",5936146,95.5601,275805,4.4399,,,,3088.03,,,"bbs-phc-2022-table-p08-religion-district|geoboundaries-bgd-adm2","census_flat_frame_minority_share_design;reference_group=Muslim;reference_share_pct=95.5601;minority_share_pct=4.4399;minority_share=Hindu+Christian+Buddhist+Others;Muslim=5936146;Hindu=269206;Christian=628;Buddhist=5801;Others=170;source_categories_verbatim=Muslim|Hindu|Christian|Buddhist|Others;no_religion_category_absent;not_stated_category_absent;sex_classified_basis_excludes_hijra;exact_zila_reconciliation"
"BD","bd-district-2022-geoboundaries-adm2","district","bd-district-2022-geoboundaries-adm2:dhaka","dhaka","Dhaka",2011,12043977,"Sum of the five Table C-13 religion categories (Muslim, Hindu, Christian, Buddhist, Others) at the zila-total line of the 2011 Community Report; the full enumerated population. The 2011 census carried no third-gender (hijra) enumeration and Table C-13 has no not-stated category, so this is the complete enumerated zila population. Under the minority-share design the two metric slots carry the reference-group (Muslim) share and its exact complement, the minority share.",11400096,94.6539,643881,5.3461,,,,1476.08,,,"bbs-phc-2011-community-report-table-c13-religion-district|geoboundaries-bgd-adm2","census_flat_frame_minority_share_design;reference_group=Muslim;reference_share_pct=94.6539;minority_share_pct=5.3461;minority_share=Hindu+Christian+Buddhist+Others;Muslim=11400096;Hindu=566368;Christian=62064;Buddhist=13267;Others=2182;source_categories_verbatim=Muslim|Hindu|Christian|Buddhist|Others;no_religion_category_absent;not_stated_category_absent;universe_2011_full_enumerated_population;no_hijra_enumeration_in_2011;not_stated_category_absent;exact_zila_reconciliation"
"BD","bd-district-2022-geoboundaries-adm2","district","bd-district-2022-geoboundaries-adm2:dhaka","dhaka","Dhaka",2022,14734024,"Sum of the five Table P08 religion categories (Muslim, Hindu, Christian, Buddhist, Others), the male + female classified population; excludes hijra (third gender), who are religion-classified only at division level in Table 3.2.15. Under the minority-share design the two metric slots carry the reference-group (Muslim) share and its exact complement, the minority share; the recognised categories are Muslim, Hindu, Christian, Buddhist and Others, with no no-religion and no not-stated category.",13980347,94.8848,753677,5.1152,,,,1476.08,,,"bbs-phc-2022-table-p08-religion-district|geoboundaries-bgd-adm2","census_flat_frame_minority_share_design;reference_group=Muslim;reference_share_pct=94.8848;minority_share_pct=5.1152;minority_share=Hindu+Christian+Buddhist+Others;Muslim=13980347;Hindu=672218;Christian=63402;Buddhist=16161;Others=1896;source_categories_verbatim=Muslim|Hindu|Christian|Buddhist|Others;no_religion_category_absent;not_stated_category_absent;sex_classified_basis_excludes_hijra;exact_zila_reconciliation"
"BD","bd-district-2022-geoboundaries-adm2","district","bd-district-2022-geoboundaries-adm2:dinajpur","dinajpur","Dinajpur",2011,2990128,"Sum of the five Table C-13 religion categories (Muslim, Hindu, Christian, Buddhist, Others) at the zila-total line of the 2011 Community Report; the full enumerated population. The 2011 census carried no third-gender (hijra) enumeration and Table C-13 has no not-stated category, so this is the complete enumerated zila population. Under the minority-share design the two metric slots carry the reference-group (Muslim) share and its exact complement, the minority share.",2333253,78.0319,656875,21.9681,,,,3460.16,,,"bbs-phc-2011-community-report-table-c13-religion-district|geoboundaries-bgd-adm2","census_flat_frame_minority_share_design;reference_group=Muslim;reference_share_pct=78.0319;minority_share_pct=21.9681;minority_share=Hindu+Christian+Buddhist+Others;Muslim=2333253;Hindu=583313;Christian=37488;Buddhist=473;Others=35601;source_categories_verbatim=Muslim|Hindu|Christian|Buddhist|Others;no_religion_category_absent;not_stated_category_absent;universe_2011_full_enumerated_population;no_hijra_enumeration_in_2011;not_stated_category_absent;exact_zila_reconciliation"
"BD","bd-district-2022-geoboundaries-adm2","district","bd-district-2022-geoboundaries-adm2:dinajpur","dinajpur","Dinajpur",2022,3315130,"Sum of the five Table P08 religion categories (Muslim, Hindu, Christian, Buddhist, Others), the male + female classified population; excludes hijra (third gender), who are religion-classified only at division level in Table 3.2.15. Under the minority-share design the two metric slots carry the reference-group (Muslim) share and its exact complement, the minority share; the recognised categories are Muslim, Hindu, Christian, Buddhist and Others, with no no-religion and no not-stated category.",2605690,78.5999,709440,21.4001,,,,3460.16,,,"bbs-phc-2022-table-p08-religion-district|geoboundaries-bgd-adm2","census_flat_frame_minority_share_design;reference_group=Muslim;reference_share_pct=78.5999;minority_share_pct=21.4001;minority_share=Hindu+Christian+Buddhist+Others;Muslim=2605690;Hindu=648312;Christian=46314;Buddhist=925;Others=13889;source_categories_verbatim=Muslim|Hindu|Christian|Buddhist|Others;no_religion_category_absent;not_stated_category_absent;sex_classified_basis_excludes_hijra;exact_zila_reconciliation"
"BD","bd-district-2022-geoboundaries-adm2","district","bd-district-2022-geoboundaries-adm2:faridpur","faridpur","Faridpur",2011,1912969,"Sum of the five Table C-13 religion categories (Muslim, Hindu, Christian, Buddhist, Others) at the zila-total line of the 2011 Community Report; the full enumerated population. The 2011 census carried no third-gender (hijra) enumeration and Table C-13 has no not-stated category, so this is the complete enumerated zila population. Under the minority-share design the two metric slots carry the reference-group (Muslim) share and its exact complement, the minority share.",1731133,90.4946,181836,9.5054,,,,2043.69,,,"bbs-phc-2011-community-report-table-c13-religion-district|geoboundaries-bgd-adm2","census_flat_frame_minority_share_design;reference_group=Muslim;reference_share_pct=90.4946;minority_share_pct=9.5054;minority_share=Hindu+Christian+Buddhist+Others;Muslim=1731133;Hindu=180366;Christian=930;Buddhist=51;Others=489;source_categories_verbatim=Muslim|Hindu|Christian|Buddhist|Others;no_religion_category_absent;not_stated_category_absent;universe_2011_full_enumerated_population;no_hijra_enumeration_in_2011;not_stated_category_absent;exact_zila_reconciliation"
"BD","bd-district-2022-geoboundaries-adm2","district","bd-district-2022-geoboundaries-adm2:faridpur","faridpur","Faridpur",2022,2162754,"Sum of the five Table P08 religion categories (Muslim, Hindu, Christian, Buddhist, Others), the male + female classified population; excludes hijra (third gender), who are religion-classified only at division level in Table 3.2.15. Under the minority-share design the two metric slots carry the reference-group (Muslim) share and its exact complement, the minority share; the recognised categories are Muslim, Hindu, Christian, Buddhist and Others, with no no-religion and no not-stated category.",1978900,91.4991,183854,8.5009,,,,2043.69,,,"bbs-phc-2022-table-p08-religion-district|geoboundaries-bgd-adm2","census_flat_frame_minority_share_design;reference_group=Muslim;reference_share_pct=91.4991;minority_share_pct=8.5009;minority_share=Hindu+Christian+Buddhist+Others;Muslim=1978900;Hindu=182548;Christian=1059;Buddhist=61;Others=186;source_categories_verbatim=Muslim|Hindu|Christian|Buddhist|Others;no_religion_category_absent;not_stated_category_absent;sex_classified_basis_excludes_hijra;exact_zila_reconciliation"
"BD","bd-district-2022-geoboundaries-adm2","district","bd-district-2022-geoboundaries-adm2:feni","feni","Feni",2011,1437371,"Sum of the five Table C-13 religion categories (Muslim, Hindu, Christian, Buddhist, Others) at the zila-total line of the 2011 Community Report; the full enumerated population. The 2011 census carried no third-gender (hijra) enumeration and Table C-13 has no not-stated category, so this is the complete enumerated zila population. Under the minority-share design the two metric slots carry the reference-group (Muslim) share and its exact complement, the minority share.",1352866,94.1209,84505,5.8791,,,,906.9,,,"bbs-phc-2011-community-report-table-c13-religion-district|geoboundaries-bgd-adm2","census_flat_frame_minority_share_design;reference_group=Muslim;reference_share_pct=94.1209;minority_share_pct=5.8791;minority_share=Hindu+Christian+Buddhist+Others;Muslim=1352866;Hindu=83773;Christian=182;Buddhist=408;Others=142;source_categories_verbatim=Muslim|Hindu|Christian|Buddhist|Others;no_religion_category_absent;not_stated_category_absent;universe_2011_full_enumerated_population;no_hijra_enumeration_in_2011;not_stated_category_absent;exact_zila_reconciliation"
"BD","bd-district-2022-geoboundaries-adm2","district","bd-district-2022-geoboundaries-adm2:feni","feni","Feni",2022,1648852,"Sum of the five Table P08 religion categories (Muslim, Hindu, Christian, Buddhist, Others), the male + female classified population; excludes hijra (third gender), who are religion-classified only at division level in Table 3.2.15. Under the minority-share design the two metric slots carry the reference-group (Muslim) share and its exact complement, the minority share; the recognised categories are Muslim, Hindu, Christian, Buddhist and Others, with no no-religion and no not-stated category.",1556655,94.4084,92197,5.5916,,,,906.9,,,"bbs-phc-2022-table-p08-religion-district|geoboundaries-bgd-adm2","census_flat_frame_minority_share_design;reference_group=Muslim;reference_share_pct=94.4084;minority_share_pct=5.5916;minority_share=Hindu+Christian+Buddhist+Others;Muslim=1556655;Hindu=91158;Christian=178;Buddhist=713;Others=148;source_categories_verbatim=Muslim|Hindu|Christian|Buddhist|Others;no_religion_category_absent;not_stated_category_absent;sex_classified_basis_excludes_hijra;exact_zila_reconciliation"
"BD","bd-district-2022-geoboundaries-adm2","district","bd-district-2022-geoboundaries-adm2:gaibandha","gaibandha","Gaibandha",2011,2379255,"Sum of the five Table C-13 religion categories (Muslim, Hindu, Christian, Buddhist, Others) at the zila-total line of the 2011 Community Report; the full enumerated population. The 2011 census carried no third-gender (hijra) enumeration and Table C-13 has no not-stated category, so this is the complete enumerated zila population. Under the minority-share design the two metric slots carry the reference-group (Muslim) share and its exact complement, the minority share.",2205539,92.6987,173716,7.3013,,,,2166.58,,,"bbs-phc-2011-community-report-table-c13-religion-district|geoboundaries-bgd-adm2","census_flat_frame_minority_share_design;reference_group=Muslim;reference_share_pct=92.6987;minority_share_pct=7.3013;minority_share=Hindu+Christian+Buddhist+Others;Muslim=2205539;Hindu=167897;Christian=2920;Buddhist=50;Others=2849;source_categories_verbatim=Muslim|Hindu|Christian|Buddhist|Others;no_religion_category_absent;not_stated_category_absent;universe_2011_full_enumerated_population;no_hijra_enumeration_in_2011;not_stated_category_absent;exact_zila_reconciliation"
"BD","bd-district-2022-geoboundaries-adm2","district","bd-district-2022-geoboundaries-adm2:gaibandha","gaibandha","Gaibandha",2022,2562080,"Sum of the five Table P08 religion categories (Muslim, Hindu, Christian, Buddhist, Others), the male + female classified population; excludes hijra (third gender), who are religion-classified only at division level in Table 3.2.15. Under the minority-share design the two metric slots carry the reference-group (Muslim) share and its exact complement, the minority share; the recognised categories are Muslim, Hindu, Christian, Buddhist and Others, with no no-religion and no not-stated category.",2379978,92.8924,182102,7.1076,,,,2166.58,,,"bbs-phc-2022-table-p08-religion-district|geoboundaries-bgd-adm2","census_flat_frame_minority_share_design;reference_group=Muslim;reference_share_pct=92.8924;minority_share_pct=7.1076;minority_share=Hindu+Christian+Buddhist+Others;Muslim=2379978;Hindu=177590;Christian=3502;Buddhist=111;Others=899;source_categories_verbatim=Muslim|Hindu|Christian|Buddhist|Others;no_religion_category_absent;not_stated_category_absent;sex_classified_basis_excludes_hijra;exact_zila_reconciliation"
"BD","bd-district-2022-geoboundaries-adm2","district","bd-district-2022-geoboundaries-adm2:gazipur","gazipur","Gazipur",2011,3403912,"Sum of the five Table C-13 religion categories (Muslim, Hindu, Christian, Buddhist, Others) at the zila-total line of the 2011 Community Report; the full enumerated population. The 2011 census carried no third-gender (hijra) enumeration and Table C-13 has no not-stated category, so this is the complete enumerated zila population. Under the minority-share design the two metric slots carry the reference-group (Muslim) share and its exact complement, the minority share.",3200383,94.0207,203529,5.9793,,,,1817.14,,,"bbs-phc-2011-community-report-table-c13-religion-district|geoboundaries-bgd-adm2","census_flat_frame_minority_share_design;reference_group=Muslim;reference_share_pct=94.0207;minority_share_pct=5.9793;minority_share=Hindu+Christian+Buddhist+Others;Muslim=3200383;Hindu=176582;Christian=23843;Buddhist=701;Others=2403;source_categories_verbatim=Muslim|Hindu|Christian|Buddhist|Others;no_religion_category_absent;not_stated_category_absent;universe_2011_full_enumerated_population;no_hijra_enumeration_in_2011;not_stated_category_absent;exact_zila_reconciliation"
"BD","bd-district-2022-geoboundaries-adm2","district","bd-district-2022-geoboundaries-adm2:gazipur","gazipur","Gazipur",2022,5262978,"Sum of the five Table P08 religion categories (Muslim, Hindu, Christian, Buddhist, Others), the male + female classified population; excludes hijra (third gender), who are religion-classified only at division level in Table 3.2.15. Under the minority-share design the two metric slots carry the reference-group (Muslim) share and its exact complement, the minority share; the recognised categories are Muslim, Hindu, Christian, Buddhist and Others, with no no-religion and no not-stated category.",4971105,94.4542,291873,5.5458,,,,1817.14,,,"bbs-phc-2022-table-p08-religion-district|geoboundaries-bgd-adm2","census_flat_frame_minority_share_design;reference_group=Muslim;reference_share_pct=94.4542;minority_share_pct=5.5458;minority_share=Hindu+Christian+Buddhist+Others;Muslim=4971105;Hindu=263468;Christian=26187;Buddhist=1679;Others=539;source_categories_verbatim=Muslim|Hindu|Christian|Buddhist|Others;no_religion_category_absent;not_stated_category_absent;sex_classified_basis_excludes_hijra;exact_zila_reconciliation"
"BD","bd-district-2022-geoboundaries-adm2","district","bd-district-2022-geoboundaries-adm2:gopalganj","gopalganj","Gopalganj",2011,1172415,"Sum of the five Table C-13 religion categories (Muslim, Hindu, Christian, Buddhist, Others) at the zila-total line of the 2011 Community Report; the full enumerated population. The 2011 census carried no third-gender (hijra) enumeration and Table C-13 has no not-stated category, so this is the complete enumerated zila population. Under the minority-share design the two metric slots carry the reference-group (Muslim) share and its exact complement, the minority share.",805115,68.6715,367300,31.3285,,,,1475.92,,,"bbs-phc-2011-community-report-table-c13-religion-district|geoboundaries-bgd-adm2","census_flat_frame_minority_share_design;reference_group=Muslim;reference_share_pct=68.6715;minority_share_pct=31.3285;minority_share=Hindu+Christian+Buddhist+Others;Muslim=805115;Hindu=353794;Christian=12951;Buddhist=80;Others=475;source_categories_verbatim=Muslim|Hindu|Christian|Buddhist|Others;no_religion_category_absent;not_stated_category_absent;universe_2011_full_enumerated_population;no_hijra_enumeration_in_2011;not_stated_category_absent;exact_zila_reconciliation"
"BD","bd-district-2022-geoboundaries-adm2","district","bd-district-2022-geoboundaries-adm2:gopalganj","gopalganj","Gopalganj",2022,1295005,"Sum of the five Table P08 religion categories (Muslim, Hindu, Christian, Buddhist, Others), the male + female classified population; excludes hijra (third gender), who are religion-classified only at division level in Table 3.2.15. Under the minority-share design the two metric slots carry the reference-group (Muslim) share and its exact complement, the minority share; the recognised categories are Muslim, Hindu, Christian, Buddhist and Others, with no no-religion and no not-stated category.",933667,72.0976,361338,27.9024,,,,1475.92,,,"bbs-phc-2022-table-p08-religion-district|geoboundaries-bgd-adm2","census_flat_frame_minority_share_design;reference_group=Muslim;reference_share_pct=72.0976;minority_share_pct=27.9024;minority_share=Hindu+Christian+Buddhist+Others;Muslim=933667;Hindu=348965;Christian=12049;Buddhist=195;Others=129;source_categories_verbatim=Muslim|Hindu|Christian|Buddhist|Others;no_religion_category_absent;not_stated_category_absent;sex_classified_basis_excludes_hijra;exact_zila_reconciliation"
"BD","bd-district-2022-geoboundaries-adm2","district","bd-district-2022-geoboundaries-adm2:habiganj","habiganj","Habiganj",2011,2089001,"Sum of the five Table C-13 religion categories (Muslim, Hindu, Christian, Buddhist, Others) at the zila-total line of the 2011 Community Report; the full enumerated population. The 2011 census carried no third-gender (hijra) enumeration and Table C-13 has no not-stated category, so this is the complete enumerated zila population. Under the minority-share design the two metric slots carry the reference-group (Muslim) share and its exact complement, the minority share.",1731168,82.8706,357833,17.1294,,,,2582.43,,,"bbs-phc-2011-community-report-table-c13-religion-district|geoboundaries-bgd-adm2","census_flat_frame_minority_share_design;reference_group=Muslim;reference_share_pct=82.8706;minority_share_pct=17.1294;minority_share=Hindu+Christian+Buddhist+Others;Muslim=1731168;Hindu=352407;Christian=2354;Buddhist=253;Others=2819;source_categories_verbatim=Muslim|Hindu|Christian|Buddhist|Others;no_religion_category_absent;not_stated_category_absent;universe_2011_full_enumerated_population;no_hijra_enumeration_in_2011;not_stated_category_absent;exact_zila_reconciliation"
"BD","bd-district-2022-geoboundaries-adm2","district","bd-district-2022-geoboundaries-adm2:habiganj","habiganj","Habiganj",2022,2358747,"Sum of the five Table P08 religion categories (Muslim, Hindu, Christian, Buddhist, Others), the male + female classified population; excludes hijra (third gender), who are religion-classified only at division level in Table 3.2.15. Under the minority-share design the two metric slots carry the reference-group (Muslim) share and its exact complement, the minority share; the recognised categories are Muslim, Hindu, Christian, Buddhist and Others, with no no-religion and no not-stated category.",1980964,83.9837,377783,16.0163,,,,2582.43,,,"bbs-phc-2022-table-p08-religion-district|geoboundaries-bgd-adm2","census_flat_frame_minority_share_design;reference_group=Muslim;reference_share_pct=83.9837;minority_share_pct=16.0163;minority_share=Hindu+Christian+Buddhist+Others;Muslim=1980964;Hindu=374091;Christian=2551;Buddhist=210;Others=931;source_categories_verbatim=Muslim|Hindu|Christian|Buddhist|Others;no_religion_category_absent;not_stated_category_absent;sex_classified_basis_excludes_hijra;exact_zila_reconciliation"
"BD","bd-district-2022-geoboundaries-adm2","district","bd-district-2022-geoboundaries-adm2:jamalpur","jamalpur","Jamalpur",2011,2292674,"Sum of the five Table C-13 religion categories (Muslim, Hindu, Christian, Buddhist, Others) at the zila-total line of the 2011 Community Report; the full enumerated population. The 2011 census carried no third-gender (hijra) enumeration and Table C-13 has no not-stated category, so this is the complete enumerated zila population. Under the minority-share design the two metric slots carry the reference-group (Muslim) share and its exact complement, the minority share.",2252181,98.2338,40493,1.7662,,,,2065.68,,,"bbs-phc-2011-community-report-table-c13-religion-district|geoboundaries-bgd-adm2","census_flat_frame_minority_share_design;reference_group=Muslim;reference_share_pct=98.2338;minority_share_pct=1.7662;minority_share=Hindu+Christian+Buddhist+Others;Muslim=2252181;Hindu=38832;Christian=985;Buddhist=15;Others=661;source_categories_verbatim=Muslim|Hindu|Christian|Buddhist|Others;no_religion_category_absent;not_stated_category_absent;universe_2011_full_enumerated_population;no_hijra_enumeration_in_2011;not_stated_category_absent;exact_zila_reconciliation"
"BD","bd-district-2022-geoboundaries-adm2","district","bd-district-2022-geoboundaries-adm2:jamalpur","jamalpur","Jamalpur",2022,2499627,"Sum of the five Table P08 religion categories (Muslim, Hindu, Christian, Buddhist, Others), the male + female classified population; excludes hijra (third gender), who are religion-classified only at division level in Table 3.2.15. Under the minority-share design the two metric slots carry the reference-group (Muslim) share and its exact complement, the minority share; the recognised categories are Muslim, Hindu, Christian, Buddhist and Others, with no no-religion and no not-stated category.",2458607,98.359,41020,1.641,,,,2065.68,,,"bbs-phc-2022-table-p08-religion-district|geoboundaries-bgd-adm2","census_flat_frame_minority_share_design;reference_group=Muslim;reference_share_pct=98.359;minority_share_pct=1.641;minority_share=Hindu+Christian+Buddhist+Others;Muslim=2458607;Hindu=39824;Christian=1052;Buddhist=97;Others=47;source_categories_verbatim=Muslim|Hindu|Christian|Buddhist|Others;no_religion_category_absent;not_stated_category_absent;sex_classified_basis_excludes_hijra;exact_zila_reconciliation"
"BD","bd-district-2022-geoboundaries-adm2","district","bd-district-2022-geoboundaries-adm2:jashore","jashore","Jashore",2011,2764547,"Sum of the five Table C-13 religion categories (Muslim, Hindu, Christian, Buddhist, Others) at the zila-total line of the 2011 Community Report; the full enumerated population. The 2011 census carried no third-gender (hijra) enumeration and Table C-13 has no not-stated category, so this is the complete enumerated zila population. Under the minority-share design the two metric slots carry the reference-group (Muslim) share and its exact complement, the minority share.",2446162,88.4833,318385,11.5167,,,,2584.93,,,"bbs-phc-2011-community-report-table-c13-religion-district|geoboundaries-bgd-adm2","census_flat_frame_minority_share_design;reference_group=Muslim;reference_share_pct=88.4833;minority_share_pct=11.5167;minority_share=Hindu+Christian+Buddhist+Others;Muslim=2446162;Hindu=310184;Christian=5556;Buddhist=112;Others=2533;source_categories_verbatim=Muslim|Hindu|Christian|Buddhist|Others;no_religion_category_absent;not_stated_category_absent;universe_2011_full_enumerated_population;no_hijra_enumeration_in_2011;not_stated_category_absent;exact_zila_reconciliation"
"BD","bd-district-2022-geoboundaries-adm2","district","bd-district-2022-geoboundaries-adm2:jashore","jashore","Jashore",2022,3076016,"Sum of the five Table P08 religion categories (Muslim, Hindu, Christian, Buddhist, Others), the male + female classified population; excludes hijra (third gender), who are religion-classified only at division level in Table 3.2.15. Under the minority-share design the two metric slots carry the reference-group (Muslim) share and its exact complement, the minority share; the recognised categories are Muslim, Hindu, Christian, Buddhist and Others, with no no-religion and no not-stated category.",2756611,89.6163,319405,10.3837,,,,2584.93,,,"bbs-phc-2022-table-p08-religion-district|geoboundaries-bgd-adm2","census_flat_frame_minority_share_design;reference_group=Muslim;reference_share_pct=89.6163;minority_share_pct=10.3837;minority_share=Hindu+Christian+Buddhist+Others;Muslim=2756611;Hindu=313582;Christian=5344;Buddhist=177;Others=302;source_categories_verbatim=Muslim|Hindu|Christian|Buddhist|Others;no_religion_category_absent;not_stated_category_absent;sex_classified_basis_excludes_hijra;exact_zila_reconciliation"
"BD","bd-district-2022-geoboundaries-adm2","district","bd-district-2022-geoboundaries-adm2:jhalokati","jhalokati","Jhalokati",2011,682669,"Sum of the five Table C-13 religion categories (Muslim, Hindu, Christian, Buddhist, Others) at the zila-total line of the 2011 Community Report; the full enumerated population. The 2011 census carried no third-gender (hijra) enumeration and Table C-13 has no not-stated category, so this is the complete enumerated zila population. Under the minority-share design the two metric slots carry the reference-group (Muslim) share and its exact complement, the minority share.",613750,89.9045,68919,10.0955,,,,738.75,,,"bbs-phc-2011-community-report-table-c13-religion-district|geoboundaries-bgd-adm2","census_flat_frame_minority_share_design;reference_group=Muslim;reference_share_pct=89.9045;minority_share_pct=10.0955;minority_share=Hindu+Christian+Buddhist+Others;Muslim=613750;Hindu=68572;Christian=105;Buddhist=195;Others=47;source_categories_verbatim=Muslim|Hindu|Christian|Buddhist|Others;no_religion_category_absent;not_stated_category_absent;universe_2011_full_enumerated_population;no_hijra_enumeration_in_2011;not_stated_category_absent;exact_zila_reconciliation"
"BD","bd-district-2022-geoboundaries-adm2","district","bd-district-2022-geoboundaries-adm2:jhalokati","jhalokati","Jhalokati",2022,661131,"Sum of the five Table P08 religion categories (Muslim, Hindu, Christian, Buddhist, Others), the male + female classified population; excludes hijra (third gender), who are religion-classified only at division level in Table 3.2.15. Under the minority-share design the two metric slots carry the reference-group (Muslim) share and its exact complement, the minority share; the recognised categories are Muslim, Hindu, Christian, Buddhist and Others, with no no-religion and no not-stated category.",599593,90.692,61538,9.308,,,,738.75,,,"bbs-phc-2022-table-p08-religion-district|geoboundaries-bgd-adm2","census_flat_frame_minority_share_design;reference_group=Muslim;reference_share_pct=90.692;minority_share_pct=9.308;minority_share=Hindu+Christian+Buddhist+Others;Muslim=599593;Hindu=61352;Christian=146;Buddhist=32;Others=8;source_categories_verbatim=Muslim|Hindu|Christian|Buddhist|Others;no_religion_category_absent;not_stated_category_absent;sex_classified_basis_excludes_hijra;exact_zila_reconciliation;small_cell_under_10;small_cells=Others"
"BD","bd-district-2022-geoboundaries-adm2","district","bd-district-2022-geoboundaries-adm2:jhenaidah","jhenaidah","Jhenaidah",2011,1771304,"Sum of the five Table C-13 religion categories (Muslim, Hindu, Christian, Buddhist, Others) at the zila-total line of the 2011 Community Report; the full enumerated population. The 2011 census carried no third-gender (hijra) enumeration and Table C-13 has no not-stated category, so this is the complete enumerated zila population. Under the minority-share design the two metric slots carry the reference-group (Muslim) share and its exact complement, the minority share.",1601086,90.3902,170218,9.6098,,,,1956.11,,,"bbs-phc-2011-community-report-table-c13-religion-district|geoboundaries-bgd-adm2","census_flat_frame_minority_share_design;reference_group=Muslim;reference_share_pct=90.3902;minority_share_pct=9.6098;minority_share=Hindu+Christian+Buddhist+Others;Muslim=1601086;Hindu=167880;Christian=975;Buddhist=28;Others=1335;source_categories_verbatim=Muslim|Hindu|Christian|Buddhist|Others;no_religion_category_absent;not_stated_category_absent;universe_2011_full_enumerated_population;no_hijra_enumeration_in_2011;not_stated_category_absent;exact_zila_reconciliation"
"BD","bd-district-2022-geoboundaries-adm2","district","bd-district-2022-geoboundaries-adm2:jhenaidah","jhenaidah","Jhenaidah",2022,2005734,"Sum of the five Table P08 religion categories (Muslim, Hindu, Christian, Buddhist, Others), the male + female classified population; excludes hijra (third gender), who are religion-classified only at division level in Table 3.2.15. Under the minority-share design the two metric slots carry the reference-group (Muslim) share and its exact complement, the minority share; the recognised categories are Muslim, Hindu, Christian, Buddhist and Others, with no no-religion and no not-stated category.",1836164,91.5457,169570,8.4543,,,,1956.11,,,"bbs-phc-2022-table-p08-religion-district|geoboundaries-bgd-adm2","census_flat_frame_minority_share_design;reference_group=Muslim;reference_share_pct=91.5457;minority_share_pct=8.4543;minority_share=Hindu+Christian+Buddhist+Others;Muslim=1836164;Hindu=168438;Christian=905;Buddhist=143;Others=84;source_categories_verbatim=Muslim|Hindu|Christian|Buddhist|Others;no_religion_category_absent;not_stated_category_absent;sex_classified_basis_excludes_hijra;exact_zila_reconciliation"
"BD","bd-district-2022-geoboundaries-adm2","district","bd-district-2022-geoboundaries-adm2:joypurhat","joypurhat","Joypurhat",2011,913768,"Sum of the five Table C-13 religion categories (Muslim, Hindu, Christian, Buddhist, Others) at the zila-total line of the 2011 Community Report; the full enumerated population. The 2011 census carried no third-gender (hijra) enumeration and Table C-13 has no not-stated category, so this is the complete enumerated zila population. Under the minority-share design the two metric slots carry the reference-group (Muslim) share and its exact complement, the minority share.",819235,89.6546,94533,10.3454,,,,960.25,,,"bbs-phc-2011-community-report-table-c13-religion-district|geoboundaries-bgd-adm2","census_flat_frame_minority_share_design;reference_group=Muslim;reference_share_pct=89.6546;minority_share_pct=10.3454;minority_share=Hindu+Christian+Buddhist+Others;Muslim=819235;Hindu=80696;Christian=4822;Buddhist=127;Others=8888;source_categories_verbatim=Muslim|Hindu|Christian|Buddhist|Others;no_religion_category_absent;not_stated_category_absent;universe_2011_full_enumerated_population;no_hijra_enumeration_in_2011;not_stated_category_absent;exact_zila_reconciliation"
"BD","bd-district-2022-geoboundaries-adm2","district","bd-district-2022-geoboundaries-adm2:joypurhat","joypurhat","Joypurhat",2022,956342,"Sum of the five Table P08 religion categories (Muslim, Hindu, Christian, Buddhist, Others), the male + female classified population; excludes hijra (third gender), who are religion-classified only at division level in Table 3.2.15. Under the minority-share design the two metric slots carry the reference-group (Muslim) share and its exact complement, the minority share; the recognised categories are Muslim, Hindu, Christian, Buddhist and Others, with no no-religion and no not-stated category.",859875,89.9129,96467,10.0871,,,,960.25,,,"bbs-phc-2022-table-p08-religion-district|geoboundaries-bgd-adm2","census_flat_frame_minority_share_design;reference_group=Muslim;reference_share_pct=89.9129;minority_share_pct=10.0871;minority_share=Hindu+Christian+Buddhist+Others;Muslim=859875;Hindu=87591;Christian=4756;Buddhist=169;Others=3951;source_categories_verbatim=Muslim|Hindu|Christian|Buddhist|Others;no_religion_category_absent;not_stated_category_absent;sex_classified_basis_excludes_hijra;exact_zila_reconciliation"
"BD","bd-district-2022-geoboundaries-adm2","district","bd-district-2022-geoboundaries-adm2:khagrachhari","khagrachhari","Khagrachhari",2011,613917,"Sum of the five Table C-13 religion categories (Muslim, Hindu, Christian, Buddhist, Others) at the zila-total line of the 2011 Community Report; the full enumerated population. The 2011 census carried no third-gender (hijra) enumeration and Table C-13 has no not-stated category, so this is the complete enumerated zila population. Under the minority-share design the two metric slots carry the reference-group (Muslim) share and its exact complement, the minority share.",274258,44.6735,339659,55.3265,,,,2855.54,,,"bbs-phc-2011-community-report-table-c13-religion-district|geoboundaries-bgd-adm2","census_flat_frame_minority_share_design;reference_group=Muslim;reference_share_pct=44.6735;minority_share_pct=55.3265;minority_share=Hindu+Christian+Buddhist+Others;Muslim=274258;Hindu=103195;Christian=4070;Buddhist=231309;Others=1085;source_categories_verbatim=Muslim|Hindu|Christian|Buddhist|Others;no_religion_category_absent;not_stated_category_absent;universe_2011_full_enumerated_population;no_hijra_enumeration_in_2011;not_stated_category_absent;exact_zila_reconciliation"
"BD","bd-district-2022-geoboundaries-adm2","district","bd-district-2022-geoboundaries-adm2:khagrachhari","khagrachhari","Khagrachhari",2022,714085,"Sum of the five Table P08 religion categories (Muslim, Hindu, Christian, Buddhist, Others), the male + female classified population; excludes hijra (third gender), who are religion-classified only at division level in Table 3.2.15. Under the minority-share design the two metric slots carry the reference-group (Muslim) share and its exact complement, the minority share; the recognised categories are Muslim, Hindu, Christian, Buddhist and Others, with no no-religion and no not-stated category.",332663,46.5859,381422,53.4141,,,,2855.54,,,"bbs-phc-2022-table-p08-religion-district|geoboundaries-bgd-adm2","census_flat_frame_minority_share_design;reference_group=Muslim;reference_share_pct=46.5859;minority_share_pct=53.4141;minority_share=Hindu+Christian+Buddhist+Others;Muslim=332663;Hindu=119703;Christian=4407;Buddhist=256593;Others=719;source_categories_verbatim=Muslim|Hindu|Christian|Buddhist|Others;no_religion_category_absent;not_stated_category_absent;sex_classified_basis_excludes_hijra;exact_zila_reconciliation"
"BD","bd-district-2022-geoboundaries-adm2","district","bd-district-2022-geoboundaries-adm2:khulna","khulna","Khulna",2011,2318527,"Sum of the five Table C-13 religion categories (Muslim, Hindu, Christian, Buddhist, Others) at the zila-total line of the 2011 Community Report; the full enumerated population. The 2011 census carried no third-gender (hijra) enumeration and Table C-13 has no not-stated category, so this is the complete enumerated zila population. Under the minority-share design the two metric slots carry the reference-group (Muslim) share and its exact complement, the minority share.",1776749,76.6327,541778,23.3673,,,,3625.14,,,"bbs-phc-2011-community-report-table-c13-religion-district|geoboundaries-bgd-adm2","census_flat_frame_minority_share_design;reference_group=Muslim;reference_share_pct=76.6327;minority_share_pct=23.3673;minority_share=Hindu+Christian+Buddhist+Others;Muslim=1776749;Hindu=525727;Christian=15239;Buddhist=97;Others=715;source_categories_verbatim=Muslim|Hindu|Christian|Buddhist|Others;no_religion_category_absent;not_stated_category_absent;universe_2011_full_enumerated_population;no_hijra_enumeration_in_2011;not_stated_category_absent;exact_zila_reconciliation"
"BD","bd-district-2022-geoboundaries-adm2","district","bd-district-2022-geoboundaries-adm2:khulna","khulna","Khulna",2022,2613198,"Sum of the five Table P08 religion categories (Muslim, Hindu, Christian, Buddhist, Others), the male + female classified population; excludes hijra (third gender), who are religion-classified only at division level in Table 3.2.15. Under the minority-share design the two metric slots carry the reference-group (Muslim) share and its exact complement, the minority share; the recognised categories are Muslim, Hindu, Christian, Buddhist and Others, with no no-religion and no not-stated category.",2055731,78.6672,557467,21.3328,,,,3625.14,,,"bbs-phc-2022-table-p08-religion-district|geoboundaries-bgd-adm2","census_flat_frame_minority_share_design;reference_group=Muslim;reference_share_pct=78.6672;minority_share_pct=21.3328;minority_share=Hindu+Christian+Buddhist+Others;Muslim=2055731;Hindu=542403;Christian=14037;Buddhist=366;Others=661;source_categories_verbatim=Muslim|Hindu|Christian|Buddhist|Others;no_religion_category_absent;not_stated_category_absent;sex_classified_basis_excludes_hijra;exact_zila_reconciliation"
"BD","bd-district-2022-geoboundaries-adm2","district","bd-district-2022-geoboundaries-adm2:kishoreganj","kishoreganj","Kishoreganj",2011,2911907,"Sum of the five Table C-13 religion categories (Muslim, Hindu, Christian, Buddhist, Others) at the zila-total line of the 2011 Community Report; the full enumerated population. The 2011 census carried no third-gender (hijra) enumeration and Table C-13 has no not-stated category, so this is the complete enumerated zila population. Under the minority-share design the two metric slots carry the reference-group (Muslim) share and its exact complement, the minority share.",2752007,94.5088,159900,5.4912,,,,2564.92,,,"bbs-phc-2011-community-report-table-c13-religion-district|geoboundaries-bgd-adm2","census_flat_frame_minority_share_design;reference_group=Muslim;reference_share_pct=94.5088;minority_share_pct=5.4912;minority_share=Hindu+Christian+Buddhist+Others;Muslim=2752007;Hindu=158538;Christian=269;Buddhist=19;Others=1074;source_categories_verbatim=Muslim|Hindu|Christian|Buddhist|Others;no_religion_category_absent;not_stated_category_absent;universe_2011_full_enumerated_population;no_hijra_enumeration_in_2011;not_stated_category_absent;exact_zila_reconciliation"
"BD","bd-district-2022-geoboundaries-adm2","district","bd-district-2022-geoboundaries-adm2:kishoreganj","kishoreganj","Kishoreganj",2022,3267470,"Sum of the five Table P08 religion categories (Muslim, Hindu, Christian, Buddhist, Others), the male + female classified population; excludes hijra (third gender), who are religion-classified only at division level in Table 3.2.15. Under the minority-share design the two metric slots carry the reference-group (Muslim) share and its exact complement, the minority share; the recognised categories are Muslim, Hindu, Christian, Buddhist and Others, with no no-religion and no not-stated category.",3108278,95.128,159192,4.872,,,,2564.92,,,"bbs-phc-2022-table-p08-religion-district|geoboundaries-bgd-adm2","census_flat_frame_minority_share_design;reference_group=Muslim;reference_share_pct=95.128;minority_share_pct=4.872;minority_share=Hindu+Christian+Buddhist+Others;Muslim=3108278;Hindu=158776;Christian=189;Buddhist=135;Others=92;source_categories_verbatim=Muslim|Hindu|Christian|Buddhist|Others;no_religion_category_absent;not_stated_category_absent;sex_classified_basis_excludes_hijra;exact_zila_reconciliation"
"BD","bd-district-2022-geoboundaries-adm2","district","bd-district-2022-geoboundaries-adm2:kurigram","kurigram","Kurigram",2011,2069273,"Sum of the five Table C-13 religion categories (Muslim, Hindu, Christian, Buddhist, Others) at the zila-total line of the 2011 Community Report; the full enumerated population. The 2011 census carried no third-gender (hijra) enumeration and Table C-13 has no not-stated category, so this is the complete enumerated zila population. Under the minority-share design the two metric slots carry the reference-group (Muslim) share and its exact complement, the minority share.",1932779,93.4038,136494,6.5962,,,,2275.72,,,"bbs-phc-2011-community-report-table-c13-religion-district|geoboundaries-bgd-adm2","census_flat_frame_minority_share_design;reference_group=Muslim;reference_share_pct=93.4038;minority_share_pct=6.5962;minority_share=Hindu+Christian+Buddhist+Others;Muslim=1932779;Hindu=135484;Christian=103;Buddhist=48;Others=859;source_categories_verbatim=Muslim|Hindu|Christian|Buddhist|Others;no_religion_category_absent;not_stated_category_absent;universe_2011_full_enumerated_population;no_hijra_enumeration_in_2011;not_stated_category_absent;exact_zila_reconciliation"
"BD","bd-district-2022-geoboundaries-adm2","district","bd-district-2022-geoboundaries-adm2:kurigram","kurigram","Kurigram",2022,2329100,"Sum of the five Table P08 religion categories (Muslim, Hindu, Christian, Buddhist, Others), the male + female classified population; excludes hijra (third gender), who are religion-classified only at division level in Table 3.2.15. Under the minority-share design the two metric slots carry the reference-group (Muslim) share and its exact complement, the minority share; the recognised categories are Muslim, Hindu, Christian, Buddhist and Others, with no no-religion and no not-stated category.",2185193,93.8213,143907,6.1787,,,,2275.72,,,"bbs-phc-2022-table-p08-religion-district|geoboundaries-bgd-adm2","census_flat_frame_minority_share_design;reference_group=Muslim;reference_share_pct=93.8213;minority_share_pct=6.1787;minority_share=Hindu+Christian+Buddhist+Others;Muslim=2185193;Hindu=143376;Christian=178;Buddhist=65;Others=288;source_categories_verbatim=Muslim|Hindu|Christian|Buddhist|Others;no_religion_category_absent;not_stated_category_absent;sex_classified_basis_excludes_hijra;exact_zila_reconciliation"
"BD","bd-district-2022-geoboundaries-adm2","district","bd-district-2022-geoboundaries-adm2:kushtia","kushtia","Kushtia",2011,1946838,"Sum of the five Table C-13 religion categories (Muslim, Hindu, Christian, Buddhist, Others) at the zila-total line of the 2011 Community Report; the full enumerated population. The 2011 census carried no third-gender (hijra) enumeration and Table C-13 has no not-stated category, so this is the complete enumerated zila population. Under the minority-share design the two metric slots carry the reference-group (Muslim) share and its exact complement, the minority share.",1888744,97.016,58094,2.984,,,,1614.73,,,"bbs-phc-2011-community-report-table-c13-religion-district|geoboundaries-bgd-adm2","census_flat_frame_minority_share_design;reference_group=Muslim;reference_share_pct=97.016;minority_share_pct=2.984;minority_share=Hindu+Christian+Buddhist+Others;Muslim=1888744;Hindu=56792;Christian=225;Buddhist=71;Others=1006;source_categories_verbatim=Muslim|Hindu|Christian|Buddhist|Others;no_religion_category_absent;not_stated_category_absent;universe_2011_full_enumerated_population;no_hijra_enumeration_in_2011;not_stated_category_absent;exact_zila_reconciliation"
"BD","bd-district-2022-geoboundaries-adm2","district","bd-district-2022-geoboundaries-adm2:kushtia","kushtia","Kushtia",2022,2149599,"Sum of the five Table P08 religion categories (Muslim, Hindu, Christian, Buddhist, Others), the male + female classified population; excludes hijra (third gender), who are religion-classified only at division level in Table 3.2.15. Under the minority-share design the two metric slots carry the reference-group (Muslim) share and its exact complement, the minority share; the recognised categories are Muslim, Hindu, Christian, Buddhist and Others, with no no-religion and no not-stated category.",2090530,97.2521,59069,2.7479,,,,1614.73,,,"bbs-phc-2022-table-p08-religion-district|geoboundaries-bgd-adm2","census_flat_frame_minority_share_design;reference_group=Muslim;reference_share_pct=97.2521;minority_share_pct=2.7479;minority_share=Hindu+Christian+Buddhist+Others;Muslim=2090530;Hindu=58770;Christian=246;Buddhist=39;Others=14;source_categories_verbatim=Muslim|Hindu|Christian|Buddhist|Others;no_religion_category_absent;not_stated_category_absent;sex_classified_basis_excludes_hijra;exact_zila_reconciliation"
"BD","bd-district-2022-geoboundaries-adm2","district","bd-district-2022-geoboundaries-adm2:lakshmipur","lakshmipur","Lakshmipur",2011,1729188,"Sum of the five Table C-13 religion categories (Muslim, Hindu, Christian, Buddhist, Others) at the zila-total line of the 2011 Community Report; the full enumerated population. The 2011 census carried no third-gender (hijra) enumeration and Table C-13 has no not-stated category, so this is the complete enumerated zila population. Under the minority-share design the two metric slots carry the reference-group (Muslim) share and its exact complement, the minority share.",1669495,96.5479,59693,3.4521,,,,1243.73,,,"bbs-phc-2011-community-report-table-c13-religion-district|geoboundaries-bgd-adm2","census_flat_frame_minority_share_design;reference_group=Muslim;reference_share_pct=96.5479;minority_share_pct=3.4521;minority_share=Hindu+Christian+Buddhist+Others;Muslim=1669495;Hindu=59417;Christian=106;Buddhist=120;Others=50;source_categories_verbatim=Muslim|Hindu|Christian|Buddhist|Others;no_religion_category_absent;not_stated_category_absent;universe_2011_full_enumerated_population;no_hijra_enumeration_in_2011;not_stated_category_absent;exact_zila_reconciliation"
"BD","bd-district-2022-geoboundaries-adm2","district","bd-district-2022-geoboundaries-adm2:lakshmipur","lakshmipur","Lakshmipur",2022,1937862,"Sum of the five Table P08 religion categories (Muslim, Hindu, Christian, Buddhist, Others), the male + female classified population; excludes hijra (third gender), who are religion-classified only at division level in Table 3.2.15. Under the minority-share design the two metric slots carry the reference-group (Muslim) share and its exact complement, the minority share; the recognised categories are Muslim, Hindu, Christian, Buddhist and Others, with no no-religion and no not-stated category.",1875706,96.7925,62156,3.2075,,,,1243.73,,,"bbs-phc-2022-table-p08-religion-district|geoboundaries-bgd-adm2","census_flat_frame_minority_share_design;reference_group=Muslim;reference_share_pct=96.7925;minority_share_pct=3.2075;minority_share=Hindu+Christian+Buddhist+Others;Muslim=1875706;Hindu=61844;Christian=150;Buddhist=141;Others=21;source_categories_verbatim=Muslim|Hindu|Christian|Buddhist|Others;no_religion_category_absent;not_stated_category_absent;sex_classified_basis_excludes_hijra;exact_zila_reconciliation"
"BD","bd-district-2022-geoboundaries-adm2","district","bd-district-2022-geoboundaries-adm2:lalmonirhat","lalmonirhat","Lalmonirhat",2011,1256099,"Sum of the five Table C-13 religion categories (Muslim, Hindu, Christian, Buddhist, Others) at the zila-total line of the 2011 Community Report; the full enumerated population. The 2011 census carried no third-gender (hijra) enumeration and Table C-13 has no not-stated category, so this is the complete enumerated zila population. Under the minority-share design the two metric slots carry the reference-group (Muslim) share and its exact complement, the minority share. SOURCE SWAP (authorized, conductor ruling 2026-07-12): the Community Report copy for Lalmonirhat is defective (scanned image, no text layer for the C-13 religion pages), so this row's counts come from the 2011 Zila Series report (Zila Report: Lalmonirhat), Table P05 'Population by Age group, Religion and Residence' zila-total line, a different official BBS publication of the same census, identical five-category frame and column order; the zila total equals the Vol-2 enumerated total (1,256,099) exactly, and Table PT14 of the same report prints the identical 2011 counts.",1080512,86.0212,175587,13.9788,,,,1274.91,,,"bbs-phc-2011-zila-report-lalmonirhat-table-p05-religion|geoboundaries-bgd-adm2","census_flat_frame_minority_share_design;reference_group=Muslim;reference_share_pct=86.0212;minority_share_pct=13.9788;minority_share=Hindu+Christian+Buddhist+Others;Muslim=1080512;Hindu=174558;Christian=622;Buddhist=5;Others=402;source_categories_verbatim=Muslim|Hindu|Christian|Buddhist|Others;no_religion_category_absent;not_stated_category_absent;universe_2011_full_enumerated_population;no_hijra_enumeration_in_2011;not_stated_category_absent;exact_zila_reconciliation;source_swap_zila_series_report;source_table=Zila_Report_Lalmonirhat_Table_P05;community_report_copy_defective_scanned_image;zila_total_matches_vol2_enumerated_total_exactly;small_cell_under_10;small_cells=Buddhist"
"BD","bd-district-2022-geoboundaries-adm2","district","bd-district-2022-geoboundaries-adm2:lalmonirhat","lalmonirhat","Lalmonirhat",2022,1428364,"Sum of the five Table P08 religion categories (Muslim, Hindu, Christian, Buddhist, Others), the male + female classified population; excludes hijra (third gender), who are religion-classified only at division level in Table 3.2.15. Under the minority-share design the two metric slots carry the reference-group (Muslim) share and its exact complement, the minority share; the recognised categories are Muslim, Hindu, Christian, Buddhist and Others, with no no-religion and no not-stated category.",1242348,86.977,186016,13.023,,,,1274.91,,,"bbs-phc-2022-table-p08-religion-district|geoboundaries-bgd-adm2","census_flat_frame_minority_share_design;reference_group=Muslim;reference_share_pct=86.977;minority_share_pct=13.023;minority_share=Hindu+Christian+Buddhist+Others;Muslim=1242348;Hindu=185320;Christian=634;Buddhist=46;Others=16;source_categories_verbatim=Muslim|Hindu|Christian|Buddhist|Others;no_religion_category_absent;not_stated_category_absent;sex_classified_basis_excludes_hijra;exact_zila_reconciliation"
"BD","bd-district-2022-geoboundaries-adm2","district","bd-district-2022-geoboundaries-adm2:madaripur","madaripur","Madaripur",2011,1165952,"Sum of the five Table C-13 religion categories (Muslim, Hindu, Christian, Buddhist, Others) at the zila-total line of the 2011 Community Report; the full enumerated population. The 2011 census carried no third-gender (hijra) enumeration and Table C-13 has no not-stated category, so this is the complete enumerated zila population. Under the minority-share design the two metric slots carry the reference-group (Muslim) share and its exact complement, the minority share.",1023702,87.7997,142250,12.2003,,,,1135.27,,,"bbs-phc-2011-community-report-table-c13-religion-district|geoboundaries-bgd-adm2","census_flat_frame_minority_share_design;reference_group=Muslim;reference_share_pct=87.7997;minority_share_pct=12.2003;minority_share=Hindu+Christian+Buddhist+Others;Muslim=1023702;Hindu=141097;Christian=1091;Buddhist=36;Others=26;source_categories_verbatim=Muslim|Hindu|Christian|Buddhist|Others;no_religion_category_absent;not_stated_category_absent;universe_2011_full_enumerated_population;no_hijra_enumeration_in_2011;not_stated_category_absent;exact_zila_reconciliation"
"BD","bd-district-2022-geoboundaries-adm2","district","bd-district-2022-geoboundaries-adm2:madaripur","madaripur","Madaripur",2022,1292963,"Sum of the five Table P08 religion categories (Muslim, Hindu, Christian, Buddhist, Others), the male + female classified population; excludes hijra (third gender), who are religion-classified only at division level in Table 3.2.15. Under the minority-share design the two metric slots carry the reference-group (Muslim) share and its exact complement, the minority share; the recognised categories are Muslim, Hindu, Christian, Buddhist and Others, with no no-religion and no not-stated category.",1146621,88.6817,146342,11.3183,,,,1135.27,,,"bbs-phc-2022-table-p08-religion-district|geoboundaries-bgd-adm2","census_flat_frame_minority_share_design;reference_group=Muslim;reference_share_pct=88.6817;minority_share_pct=11.3183;minority_share=Hindu+Christian+Buddhist+Others;Muslim=1146621;Hindu=144897;Christian=1344;Buddhist=92;Others=9;source_categories_verbatim=Muslim|Hindu|Christian|Buddhist|Others;no_religion_category_absent;not_stated_category_absent;sex_classified_basis_excludes_hijra;exact_zila_reconciliation;small_cell_under_10;small_cells=Others"
"BD","bd-district-2022-geoboundaries-adm2","district","bd-district-2022-geoboundaries-adm2:magura","magura","Magura",2011,918419,"Sum of the five Table C-13 religion categories (Muslim, Hindu, Christian, Buddhist, Others) at the zila-total line of the 2011 Community Report; the full enumerated population. The 2011 census carried no third-gender (hijra) enumeration and Table C-13 has no not-stated category, so this is the complete enumerated zila population. Under the minority-share design the two metric slots carry the reference-group (Muslim) share and its exact complement, the minority share.",753199,82.0104,165220,17.9896,,,,1048.76,,,"bbs-phc-2011-community-report-table-c13-religion-district|geoboundaries-bgd-adm2","census_flat_frame_minority_share_design;reference_group=Muslim;reference_share_pct=82.0104;minority_share_pct=17.9896;minority_share=Hindu+Christian+Buddhist+Others;Muslim=753199;Hindu=164578;Christian=393;Buddhist=6;Others=243;source_categories_verbatim=Muslim|Hindu|Christian|Buddhist|Others;no_religion_category_absent;not_stated_category_absent;universe_2011_full_enumerated_population;no_hijra_enumeration_in_2011;not_stated_category_absent;exact_zila_reconciliation;small_cell_under_10;small_cells=Buddhist"
"BD","bd-district-2022-geoboundaries-adm2","district","bd-district-2022-geoboundaries-adm2:magura","magura","Magura",2022,1033075,"Sum of the five Table P08 religion categories (Muslim, Hindu, Christian, Buddhist, Others), the male + female classified population; excludes hijra (third gender), who are religion-classified only at division level in Table 3.2.15. Under the minority-share design the two metric slots carry the reference-group (Muslim) share and its exact complement, the minority share; the recognised categories are Muslim, Hindu, Christian, Buddhist and Others, with no no-religion and no not-stated category.",870445,84.2577,162630,15.7423,,,,1048.76,,,"bbs-phc-2022-table-p08-religion-district|geoboundaries-bgd-adm2","census_flat_frame_minority_share_design;reference_group=Muslim;reference_share_pct=84.2577;minority_share_pct=15.7423;minority_share=Hindu+Christian+Buddhist+Others;Muslim=870445;Hindu=162136;Christian=279;Buddhist=26;Others=189;source_categories_verbatim=Muslim|Hindu|Christian|Buddhist|Others;no_religion_category_absent;not_stated_category_absent;sex_classified_basis_excludes_hijra;exact_zila_reconciliation"
"BD","bd-district-2022-geoboundaries-adm2","district","bd-district-2022-geoboundaries-adm2:manikganj","manikganj","Manikganj",2011,1392867,"Sum of the five Table C-13 religion categories (Muslim, Hindu, Christian, Buddhist, Others) at the zila-total line of the 2011 Community Report; the full enumerated population. The 2011 census carried no third-gender (hijra) enumeration and Table C-13 has no not-stated category, so this is the complete enumerated zila population. Under the minority-share design the two metric slots carry the reference-group (Muslim) share and its exact complement, the minority share.",1262215,90.6199,130652,9.3801,,,,1374.28,,,"bbs-phc-2011-community-report-table-c13-religion-district|geoboundaries-bgd-adm2","census_flat_frame_minority_share_design;reference_group=Muslim;reference_share_pct=90.6199;minority_share_pct=9.3801;minority_share=Hindu+Christian+Buddhist+Others;Muslim=1262215;Hindu=130095;Christian=447;Buddhist=4;Others=106;source_categories_verbatim=Muslim|Hindu|Christian|Buddhist|Others;no_religion_category_absent;not_stated_category_absent;universe_2011_full_enumerated_population;no_hijra_enumeration_in_2011;not_stated_category_absent;exact_zila_reconciliation;small_cell_under_10;small_cells=Buddhist"
"BD","bd-district-2022-geoboundaries-adm2","district","bd-district-2022-geoboundaries-adm2:manikganj","manikganj","Manikganj",2022,1557927,"Sum of the five Table P08 religion categories (Muslim, Hindu, Christian, Buddhist, Others), the male + female classified population; excludes hijra (third gender), who are religion-classified only at division level in Table 3.2.15. Under the minority-share design the two metric slots carry the reference-group (Muslim) share and its exact complement, the minority share; the recognised categories are Muslim, Hindu, Christian, Buddhist and Others, with no no-religion and no not-stated category.",1418263,91.0353,139664,8.9647,,,,1374.28,,,"bbs-phc-2022-table-p08-religion-district|geoboundaries-bgd-adm2","census_flat_frame_minority_share_design;reference_group=Muslim;reference_share_pct=91.0353;minority_share_pct=8.9647;minority_share=Hindu+Christian+Buddhist+Others;Muslim=1418263;Hindu=138867;Christian=510;Buddhist=135;Others=152;source_categories_verbatim=Muslim|Hindu|Christian|Buddhist|Others;no_religion_category_absent;not_stated_category_absent;sex_classified_basis_excludes_hijra;exact_zila_reconciliation"
"BD","bd-district-2022-geoboundaries-adm2","district","bd-district-2022-geoboundaries-adm2:meherpur","meherpur","Meherpur",2011,655392,"Sum of the five Table C-13 religion categories (Muslim, Hindu, Christian, Buddhist, Others) at the zila-total line of the 2011 Community Report; the full enumerated population. The 2011 census carried no third-gender (hijra) enumeration and Table C-13 has no not-stated category, so this is the complete enumerated zila population. Under the minority-share design the two metric slots carry the reference-group (Muslim) share and its exact complement, the minority share.",640751,97.7661,14641,2.2339,,,,722.52,,,"bbs-phc-2011-community-report-table-c13-religion-district|geoboundaries-bgd-adm2","census_flat_frame_minority_share_design;reference_group=Muslim;reference_share_pct=97.7661;minority_share_pct=2.2339;minority_share=Hindu+Christian+Buddhist+Others;Muslim=640751;Hindu=7870;Christian=6627;Buddhist=14;Others=130;source_categories_verbatim=Muslim|Hindu|Christian|Buddhist|Others;no_religion_category_absent;not_stated_category_absent;universe_2011_full_enumerated_population;no_hijra_enumeration_in_2011;not_stated_category_absent;exact_zila_reconciliation"
"BD","bd-district-2022-geoboundaries-adm2","district","bd-district-2022-geoboundaries-adm2:meherpur","meherpur","Meherpur",2022,705330,"Sum of the five Table P08 religion categories (Muslim, Hindu, Christian, Buddhist, Others), the male + female classified population; excludes hijra (third gender), who are religion-classified only at division level in Table 3.2.15. Under the minority-share design the two metric slots carry the reference-group (Muslim) share and its exact complement, the minority share; the recognised categories are Muslim, Hindu, Christian, Buddhist and Others, with no no-religion and no not-stated category.",690323,97.8723,15007,2.1277,,,,722.52,,,"bbs-phc-2022-table-p08-religion-district|geoboundaries-bgd-adm2","census_flat_frame_minority_share_design;reference_group=Muslim;reference_share_pct=97.8723;minority_share_pct=2.1277;minority_share=Hindu+Christian+Buddhist+Others;Muslim=690323;Hindu=8497;Christian=6478;Buddhist=16;Others=16;source_categories_verbatim=Muslim|Hindu|Christian|Buddhist|Others;no_religion_category_absent;not_stated_category_absent;sex_classified_basis_excludes_hijra;exact_zila_reconciliation"
"BD","bd-district-2022-geoboundaries-adm2","district","bd-district-2022-geoboundaries-adm2:moulvibazar","moulvibazar","Moulvibazar",2011,1919062,"Sum of the five Table C-13 religion categories (Muslim, Hindu, Christian, Buddhist, Others) at the zila-total line of the 2011 Community Report; the full enumerated population. The 2011 census carried no third-gender (hijra) enumeration and Table C-13 has no not-stated category, so this is the complete enumerated zila population. Under the minority-share design the two metric slots carry the reference-group (Muslim) share and its exact complement, the minority share.",1425786,74.296,493276,25.704,,,,2678.81,,,"bbs-phc-2011-community-report-table-c13-religion-district|geoboundaries-bgd-adm2","census_flat_frame_minority_share_design;reference_group=Muslim;reference_share_pct=74.296;minority_share_pct=25.704;minority_share=Hindu+Christian+Buddhist+Others;Muslim=1425786;Hindu=471974;Christian=15350;Buddhist=225;Others=5727;source_categories_verbatim=Muslim|Hindu|Christian|Buddhist|Others;no_religion_category_absent;not_stated_category_absent;universe_2011_full_enumerated_population;no_hijra_enumeration_in_2011;not_stated_category_absent;exact_zila_reconciliation"
"BD","bd-district-2022-geoboundaries-adm2","district","bd-district-2022-geoboundaries-adm2:moulvibazar","moulvibazar","Moulvibazar",2022,2123349,"Sum of the five Table P08 religion categories (Muslim, Hindu, Christian, Buddhist, Others), the male + female classified population; excludes hijra (third gender), who are religion-classified only at division level in Table 3.2.15. Under the minority-share design the two metric slots carry the reference-group (Muslim) share and its exact complement, the minority share; the recognised categories are Muslim, Hindu, Christian, Buddhist and Others, with no no-religion and no not-stated category.",1585155,74.6535,538194,25.3465,,,,2678.81,,,"bbs-phc-2022-table-p08-religion-district|geoboundaries-bgd-adm2","census_flat_frame_minority_share_design;reference_group=Muslim;reference_share_pct=74.6535;minority_share_pct=25.3465;minority_share=Hindu+Christian+Buddhist+Others;Muslim=1585155;Hindu=519247;Christian=17760;Buddhist=212;Others=975;source_categories_verbatim=Muslim|Hindu|Christian|Buddhist|Others;no_religion_category_absent;not_stated_category_absent;sex_classified_basis_excludes_hijra;exact_zila_reconciliation"
"BD","bd-district-2022-geoboundaries-adm2","district","bd-district-2022-geoboundaries-adm2:munshiganj","munshiganj","Munshiganj",2011,1445660,"Sum of the five Table C-13 religion categories (Muslim, Hindu, Christian, Buddhist, Others) at the zila-total line of the 2011 Community Report; the full enumerated population. The 2011 census carried no third-gender (hijra) enumeration and Table C-13 has no not-stated category, so this is the complete enumerated zila population. Under the minority-share design the two metric slots carry the reference-group (Muslim) share and its exact complement, the minority share.",1328838,91.9191,116822,8.0809,,,,932.68,,,"bbs-phc-2011-community-report-table-c13-religion-district|geoboundaries-bgd-adm2","census_flat_frame_minority_share_design;reference_group=Muslim;reference_share_pct=91.9191;minority_share_pct=8.0809;minority_share=Hindu+Christian+Buddhist+Others;Muslim=1328838;Hindu=114655;Christian=2039;Buddhist=71;Others=57;source_categories_verbatim=Muslim|Hindu|Christian|Buddhist|Others;no_religion_category_absent;not_stated_category_absent;universe_2011_full_enumerated_population;no_hijra_enumeration_in_2011;not_stated_category_absent;exact_zila_reconciliation"
"BD","bd-district-2022-geoboundaries-adm2","district","bd-district-2022-geoboundaries-adm2:munshiganj","munshiganj","Munshiganj",2022,1625354,"Sum of the five Table P08 religion categories (Muslim, Hindu, Christian, Buddhist, Others), the male + female classified population; excludes hijra (third gender), who are religion-classified only at division level in Table 3.2.15. Under the minority-share design the two metric slots carry the reference-group (Muslim) share and its exact complement, the minority share; the recognised categories are Muslim, Hindu, Christian, Buddhist and Others, with no no-religion and no not-stated category.",1500926,92.3446,124428,7.6554,,,,932.68,,,"bbs-phc-2022-table-p08-religion-district|geoboundaries-bgd-adm2","census_flat_frame_minority_share_design;reference_group=Muslim;reference_share_pct=92.3446;minority_share_pct=7.6554;minority_share=Hindu+Christian+Buddhist+Others;Muslim=1500926;Hindu=122234;Christian=1867;Buddhist=159;Others=168;source_categories_verbatim=Muslim|Hindu|Christian|Buddhist|Others;no_religion_category_absent;not_stated_category_absent;sex_classified_basis_excludes_hijra;exact_zila_reconciliation"
"BD","bd-district-2022-geoboundaries-adm2","district","bd-district-2022-geoboundaries-adm2:mymensingh","mymensingh","Mymensingh",2011,5110272,"Sum of the five Table C-13 religion categories (Muslim, Hindu, Christian, Buddhist, Others) at the zila-total line of the 2011 Community Report; the full enumerated population. The 2011 census carried no third-gender (hijra) enumeration and Table C-13 has no not-stated category, so this is the complete enumerated zila population. Under the minority-share design the two metric slots carry the reference-group (Muslim) share and its exact complement, the minority share.",4895267,95.7927,215005,4.2073,,,,4348.48,,,"bbs-phc-2011-community-report-table-c13-religion-district|geoboundaries-bgd-adm2","census_flat_frame_minority_share_design;reference_group=Muslim;reference_share_pct=95.7927;minority_share_pct=4.2073;minority_share=Hindu+Christian+Buddhist+Others;Muslim=4895267;Hindu=183026;Christian=28446;Buddhist=116;Others=3417;source_categories_verbatim=Muslim|Hindu|Christian|Buddhist|Others;no_religion_category_absent;not_stated_category_absent;universe_2011_full_enumerated_population;no_hijra_enumeration_in_2011;not_stated_category_absent;exact_zila_reconciliation"
"BD","bd-district-2022-geoboundaries-adm2","district","bd-district-2022-geoboundaries-adm2:mymensingh","mymensingh","Mymensingh",2022,5898747,"Sum of the five Table P08 religion categories (Muslim, Hindu, Christian, Buddhist, Others), the male + female classified population; excludes hijra (third gender), who are religion-classified only at division level in Table 3.2.15. Under the minority-share design the two metric slots carry the reference-group (Muslim) share and its exact complement, the minority share; the recognised categories are Muslim, Hindu, Christian, Buddhist and Others, with no no-religion and no not-stated category.",5665401,96.0441,233346,3.9559,,,,4348.48,,,"bbs-phc-2022-table-p08-religion-district|geoboundaries-bgd-adm2","census_flat_frame_minority_share_design;reference_group=Muslim;reference_share_pct=96.0441;minority_share_pct=3.9559;minority_share=Hindu+Christian+Buddhist+Others;Muslim=5665401;Hindu=202432;Christian=29736;Buddhist=402;Others=776;source_categories_verbatim=Muslim|Hindu|Christian|Buddhist|Others;no_religion_category_absent;not_stated_category_absent;sex_classified_basis_excludes_hijra;exact_zila_reconciliation"
"BD","bd-district-2022-geoboundaries-adm2","district","bd-district-2022-geoboundaries-adm2:naogaon","naogaon","Naogaon",2011,2600157,"Sum of the five Table C-13 religion categories (Muslim, Hindu, Christian, Buddhist, Others) at the zila-total line of the 2011 Community Report; the full enumerated population. The 2011 census carried no third-gender (hijra) enumeration and Table C-13 has no not-stated category, so this is the complete enumerated zila population. Under the minority-share design the two metric slots carry the reference-group (Muslim) share and its exact complement, the minority share.",2250427,86.5497,349730,13.4503,,,,3443.9,,,"bbs-phc-2011-community-report-table-c13-religion-district|geoboundaries-bgd-adm2","census_flat_frame_minority_share_design;reference_group=Muslim;reference_share_pct=86.5497;minority_share_pct=13.4503;minority_share=Hindu+Christian+Buddhist+Others;Muslim=2250427;Hindu=287919;Christian=18590;Buddhist=102;Others=43119;source_categories_verbatim=Muslim|Hindu|Christian|Buddhist|Others;no_religion_category_absent;not_stated_category_absent;universe_2011_full_enumerated_population;no_hijra_enumeration_in_2011;not_stated_category_absent;exact_zila_reconciliation"
"BD","bd-district-2022-geoboundaries-adm2","district","bd-district-2022-geoboundaries-adm2:naogaon","naogaon","Naogaon",2022,2784461,"Sum of the five Table P08 religion categories (Muslim, Hindu, Christian, Buddhist, Others), the male + female classified population; excludes hijra (third gender), who are religion-classified only at division level in Table 3.2.15. Under the minority-share design the two metric slots carry the reference-group (Muslim) share and its exact complement, the minority share; the recognised categories are Muslim, Hindu, Christian, Buddhist and Others, with no no-religion and no not-stated category.",2419111,86.879,365350,13.121,,,,3443.9,,,"bbs-phc-2022-table-p08-religion-district|geoboundaries-bgd-adm2","census_flat_frame_minority_share_design;reference_group=Muslim;reference_share_pct=86.879;minority_share_pct=13.121;minority_share=Hindu+Christian+Buddhist+Others;Muslim=2419111;Hindu=321328;Christian=21386;Buddhist=167;Others=22469;source_categories_verbatim=Muslim|Hindu|Christian|Buddhist|Others;no_religion_category_absent;not_stated_category_absent;sex_classified_basis_excludes_hijra;exact_zila_reconciliation"
"BD","bd-district-2022-geoboundaries-adm2","district","bd-district-2022-geoboundaries-adm2:narail","narail","Narail",2011,721668,"Sum of the five Table C-13 religion categories (Muslim, Hindu, Christian, Buddhist, Others) at the zila-total line of the 2011 Community Report; the full enumerated population. The 2011 census carried no third-gender (hijra) enumeration and Table C-13 has no not-stated category, so this is the complete enumerated zila population. Under the minority-share design the two metric slots carry the reference-group (Muslim) share and its exact complement, the minority share.",586588,81.2823,135080,18.7177,,,,995.74,,,"bbs-phc-2011-community-report-table-c13-religion-district|geoboundaries-bgd-adm2","census_flat_frame_minority_share_design;reference_group=Muslim;reference_share_pct=81.2823;minority_share_pct=18.7177;minority_share=Hindu+Christian+Buddhist+Others;Muslim=586588;Hindu=134594;Christian=258;Buddhist=6;Others=222;source_categories_verbatim=Muslim|Hindu|Christian|Buddhist|Others;no_religion_category_absent;not_stated_category_absent;universe_2011_full_enumerated_population;no_hijra_enumeration_in_2011;not_stated_category_absent;exact_zila_reconciliation;small_cell_under_10;small_cells=Buddhist"
"BD","bd-district-2022-geoboundaries-adm2","district","bd-district-2022-geoboundaries-adm2:narail","narail","Narail",2022,788645,"Sum of the five Table P08 religion categories (Muslim, Hindu, Christian, Buddhist, Others), the male + female classified population; excludes hijra (third gender), who are religion-classified only at division level in Table 3.2.15. Under the minority-share design the two metric slots carry the reference-group (Muslim) share and its exact complement, the minority share; the recognised categories are Muslim, Hindu, Christian, Buddhist and Others, with no no-religion and no not-stated category.",663937,84.1871,124708,15.8129,,,,995.74,,,"bbs-phc-2022-table-p08-religion-district|geoboundaries-bgd-adm2","census_flat_frame_minority_share_design;reference_group=Muslim;reference_share_pct=84.1871;minority_share_pct=15.8129;minority_share=Hindu+Christian+Buddhist+Others;Muslim=663937;Hindu=124463;Christian=194;Buddhist=40;Others=11;source_categories_verbatim=Muslim|Hindu|Christian|Buddhist|Others;no_religion_category_absent;not_stated_category_absent;sex_classified_basis_excludes_hijra;exact_zila_reconciliation"
"BD","bd-district-2022-geoboundaries-adm2","district","bd-district-2022-geoboundaries-adm2:narayanganj","narayanganj","Narayanganj",2011,2948217,"Sum of the five Table C-13 religion categories (Muslim, Hindu, Christian, Buddhist, Others) at the zila-total line of the 2011 Community Report; the full enumerated population. The 2011 census carried no third-gender (hijra) enumeration and Table C-13 has no not-stated category, so this is the complete enumerated zila population. Under the minority-share design the two metric slots carry the reference-group (Muslim) share and its exact complement, the minority share.",2802567,95.0597,145650,4.9403,,,,703.55,,,"bbs-phc-2011-community-report-table-c13-religion-district|geoboundaries-bgd-adm2","census_flat_frame_minority_share_design;reference_group=Muslim;reference_share_pct=95.0597;minority_share_pct=4.9403;minority_share=Hindu+Christian+Buddhist+Others;Muslim=2802567;Hindu=144105;Christian=963;Buddhist=378;Others=204;source_categories_verbatim=Muslim|Hindu|Christian|Buddhist|Others;no_religion_category_absent;not_stated_category_absent;universe_2011_full_enumerated_population;no_hijra_enumeration_in_2011;not_stated_category_absent;exact_zila_reconciliation"
"BD","bd-district-2022-geoboundaries-adm2","district","bd-district-2022-geoboundaries-adm2:narayanganj","narayanganj","Narayanganj",2022,3908898,"Sum of the five Table P08 religion categories (Muslim, Hindu, Christian, Buddhist, Others), the male + female classified population; excludes hijra (third gender), who are religion-classified only at division level in Table 3.2.15. Under the minority-share design the two metric slots carry the reference-group (Muslim) share and its exact complement, the minority share; the recognised categories are Muslim, Hindu, Christian, Buddhist and Others, with no no-religion and no not-stated category.",3721916,95.2165,186982,4.7835,,,,703.55,,,"bbs-phc-2022-table-p08-religion-district|geoboundaries-bgd-adm2","census_flat_frame_minority_share_design;reference_group=Muslim;reference_share_pct=95.2165;minority_share_pct=4.7835;minority_share=Hindu+Christian+Buddhist+Others;Muslim=3721916;Hindu=184292;Christian=1502;Buddhist=1052;Others=136;source_categories_verbatim=Muslim|Hindu|Christian|Buddhist|Others;no_religion_category_absent;not_stated_category_absent;sex_classified_basis_excludes_hijra;exact_zila_reconciliation"
"BD","bd-district-2022-geoboundaries-adm2","district","bd-district-2022-geoboundaries-adm2:narsingdi","narsingdi","Narsingdi",2011,2224944,"Sum of the five Table C-13 religion categories (Muslim, Hindu, Christian, Buddhist, Others) at the zila-total line of the 2011 Community Report; the full enumerated population. The 2011 census carried no third-gender (hijra) enumeration and Table C-13 has no not-stated category, so this is the complete enumerated zila population. Under the minority-share design the two metric slots carry the reference-group (Muslim) share and its exact complement, the minority share.",2098829,94.3318,126115,5.6682,,,,1167.79,,,"bbs-phc-2011-community-report-table-c13-religion-district|geoboundaries-bgd-adm2","census_flat_frame_minority_share_design;reference_group=Muslim;reference_share_pct=94.3318;minority_share_pct=5.6682;minority_share=Hindu+Christian+Buddhist+Others;Muslim=2098829;Hindu=125769;Christian=151;Buddhist=65;Others=130;source_categories_verbatim=Muslim|Hindu|Christian|Buddhist|Others;no_religion_category_absent;not_stated_category_absent;universe_2011_full_enumerated_population;no_hijra_enumeration_in_2011;not_stated_category_absent;exact_zila_reconciliation"
"BD","bd-district-2022-geoboundaries-adm2","district","bd-district-2022-geoboundaries-adm2:narsingdi","narsingdi","Narsingdi",2022,2584335,"Sum of the five Table P08 religion categories (Muslim, Hindu, Christian, Buddhist, Others), the male + female classified population; excludes hijra (third gender), who are religion-classified only at division level in Table 3.2.15. Under the minority-share design the two metric slots carry the reference-group (Muslim) share and its exact complement, the minority share; the recognised categories are Muslim, Hindu, Christian, Buddhist and Others, with no no-religion and no not-stated category.",2443100,94.535,141235,5.465,,,,1167.79,,,"bbs-phc-2022-table-p08-religion-district|geoboundaries-bgd-adm2","census_flat_frame_minority_share_design;reference_group=Muslim;reference_share_pct=94.535;minority_share_pct=5.465;minority_share=Hindu+Christian+Buddhist+Others;Muslim=2443100;Hindu=139828;Christian=796;Buddhist=169;Others=442;source_categories_verbatim=Muslim|Hindu|Christian|Buddhist|Others;no_religion_category_absent;not_stated_category_absent;sex_classified_basis_excludes_hijra;exact_zila_reconciliation"
"BD","bd-district-2022-geoboundaries-adm2","district","bd-district-2022-geoboundaries-adm2:natore","natore","Natore",2011,1706673,"Sum of the five Table C-13 religion categories (Muslim, Hindu, Christian, Buddhist, Others) at the zila-total line of the 2011 Community Report; the full enumerated population. The 2011 census carried no third-gender (hijra) enumeration and Table C-13 has no not-stated category, so this is the complete enumerated zila population. Under the minority-share design the two metric slots carry the reference-group (Muslim) share and its exact complement, the minority share.",1590919,93.2176,115754,6.7824,,,,1904.36,,,"bbs-phc-2011-community-report-table-c13-religion-district|geoboundaries-bgd-adm2","census_flat_frame_minority_share_design;reference_group=Muslim;reference_share_pct=93.2176;minority_share_pct=6.7824;minority_share=Hindu+Christian+Buddhist+Others;Muslim=1590919;Hindu=103747;Christian=8054;Buddhist=7;Others=3946;source_categories_verbatim=Muslim|Hindu|Christian|Buddhist|Others;no_religion_category_absent;not_stated_category_absent;universe_2011_full_enumerated_population;no_hijra_enumeration_in_2011;not_stated_category_absent;exact_zila_reconciliation;small_cell_under_10;small_cells=Buddhist"
"BD","bd-district-2022-geoboundaries-adm2","district","bd-district-2022-geoboundaries-adm2:natore","natore","Natore",2022,1859855,"Sum of the five Table P08 religion categories (Muslim, Hindu, Christian, Buddhist, Others), the male + female classified population; excludes hijra (third gender), who are religion-classified only at division level in Table 3.2.15. Under the minority-share design the two metric slots carry the reference-group (Muslim) share and its exact complement, the minority share; the recognised categories are Muslim, Hindu, Christian, Buddhist and Others, with no no-religion and no not-stated category.",1744209,93.782,115646,6.218,,,,1904.36,,,"bbs-phc-2022-table-p08-religion-district|geoboundaries-bgd-adm2","census_flat_frame_minority_share_design;reference_group=Muslim;reference_share_pct=93.782;minority_share_pct=6.218;minority_share=Hindu+Christian+Buddhist+Others;Muslim=1744209;Hindu=107122;Christian=7844;Buddhist=62;Others=618;source_categories_verbatim=Muslim|Hindu|Christian|Buddhist|Others;no_religion_category_absent;not_stated_category_absent;sex_classified_basis_excludes_hijra;exact_zila_reconciliation"
"BD","bd-district-2022-geoboundaries-adm2","district","bd-district-2022-geoboundaries-adm2:netrokona","netrokona","Netrokona",2011,2229642,"Sum of the five Table C-13 religion categories (Muslim, Hindu, Christian, Buddhist, Others) at the zila-total line of the 2011 Community Report; the full enumerated population. The 2011 census carried no third-gender (hijra) enumeration and Table C-13 has no not-stated category, so this is the complete enumerated zila population. Under the minority-share design the two metric slots carry the reference-group (Muslim) share and its exact complement, the minority share.",2001732,89.7782,227910,10.2218,,,,2804.37,,,"bbs-phc-2011-community-report-table-c13-religion-district|geoboundaries-bgd-adm2","census_flat_frame_minority_share_design;reference_group=Muslim;reference_share_pct=89.7782;minority_share_pct=10.2218;minority_share=Hindu+Christian+Buddhist+Others;Muslim=2001732;Hindu=207430;Christian=18200;Buddhist=54;Others=2226;source_categories_verbatim=Muslim|Hindu|Christian|Buddhist|Others;no_religion_category_absent;not_stated_category_absent;universe_2011_full_enumerated_population;no_hijra_enumeration_in_2011;not_stated_category_absent;exact_zila_reconciliation"
"BD","bd-district-2022-geoboundaries-adm2","district","bd-district-2022-geoboundaries-adm2:netrokona","netrokona","Netrokona",2022,2324665,"Sum of the five Table P08 religion categories (Muslim, Hindu, Christian, Buddhist, Others), the male + female classified population; excludes hijra (third gender), who are religion-classified only at division level in Table 3.2.15. Under the minority-share design the two metric slots carry the reference-group (Muslim) share and its exact complement, the minority share; the recognised categories are Muslim, Hindu, Christian, Buddhist and Others, with no no-religion and no not-stated category.",2102913,90.4609,221752,9.5391,,,,2804.37,,,"bbs-phc-2022-table-p08-religion-district|geoboundaries-bgd-adm2","census_flat_frame_minority_share_design;reference_group=Muslim;reference_share_pct=90.4609;minority_share_pct=9.5391;minority_share=Hindu+Christian+Buddhist+Others;Muslim=2102913;Hindu=202638;Christian=17699;Buddhist=181;Others=1234;source_categories_verbatim=Muslim|Hindu|Christian|Buddhist|Others;no_religion_category_absent;not_stated_category_absent;sex_classified_basis_excludes_hijra;exact_zila_reconciliation"
"BD","bd-district-2022-geoboundaries-adm2","district","bd-district-2022-geoboundaries-adm2:nilphamari","nilphamari","Nilphamari",2011,1834231,"Sum of the five Table C-13 religion categories (Muslim, Hindu, Christian, Buddhist, Others) at the zila-total line of the 2011 Community Report; the full enumerated population. The 2011 census carried no third-gender (hijra) enumeration and Table C-13 has no not-stated category, so this is the complete enumerated zila population. Under the minority-share design the two metric slots carry the reference-group (Muslim) share and its exact complement, the minority share.",1538916,83.8998,295315,16.1002,,,,1587.9,,,"bbs-phc-2011-community-report-table-c13-religion-district|geoboundaries-bgd-adm2","census_flat_frame_minority_share_design;reference_group=Muslim;reference_share_pct=83.8998;minority_share_pct=16.1002;minority_share=Hindu+Christian+Buddhist+Others;Muslim=1538916;Hindu=293385;Christian=1108;Buddhist=53;Others=769;source_categories_verbatim=Muslim|Hindu|Christian|Buddhist|Others;no_religion_category_absent;not_stated_category_absent;universe_2011_full_enumerated_population;no_hijra_enumeration_in_2011;not_stated_category_absent;exact_zila_reconciliation"
"BD","bd-district-2022-geoboundaries-adm2","district","bd-district-2022-geoboundaries-adm2:nilphamari","nilphamari","Nilphamari",2022,2092514,"Sum of the five Table P08 religion categories (Muslim, Hindu, Christian, Buddhist, Others), the male + female classified population; excludes hijra (third gender), who are religion-classified only at division level in Table 3.2.15. Under the minority-share design the two metric slots carry the reference-group (Muslim) share and its exact complement, the minority share; the recognised categories are Muslim, Hindu, Christian, Buddhist and Others, with no no-religion and no not-stated category.",1763700,84.2862,328814,15.7138,,,,1587.9,,,"bbs-phc-2022-table-p08-religion-district|geoboundaries-bgd-adm2","census_flat_frame_minority_share_design;reference_group=Muslim;reference_share_pct=84.2862;minority_share_pct=15.7138;minority_share=Hindu+Christian+Buddhist+Others;Muslim=1763700;Hindu=327331;Christian=1059;Buddhist=335;Others=89;source_categories_verbatim=Muslim|Hindu|Christian|Buddhist|Others;no_religion_category_absent;not_stated_category_absent;sex_classified_basis_excludes_hijra;exact_zila_reconciliation"
"BD","bd-district-2022-geoboundaries-adm2","district","bd-district-2022-geoboundaries-adm2:noakhali","noakhali","Noakhali",2011,3108083,"Sum of the five Table C-13 religion categories (Muslim, Hindu, Christian, Buddhist, Others) at the zila-total line of the 2011 Community Report; the full enumerated population. The 2011 census carried no third-gender (hijra) enumeration and Table C-13 has no not-stated category, so this is the complete enumerated zila population. Under the minority-share design the two metric slots carry the reference-group (Muslim) share and its exact complement, the minority share.",2965950,95.427,142133,4.573,,,,2678.49,,,"bbs-phc-2011-community-report-table-c13-religion-district|geoboundaries-bgd-adm2","census_flat_frame_minority_share_design;reference_group=Muslim;reference_share_pct=95.427;minority_share_pct=4.573;minority_share=Hindu+Christian+Buddhist+Others;Muslim=2965950;Hindu=140541;Christian=934;Buddhist=558;Others=100;source_categories_verbatim=Muslim|Hindu|Christian|Buddhist|Others;no_religion_category_absent;not_stated_category_absent;universe_2011_full_enumerated_population;no_hijra_enumeration_in_2011;not_stated_category_absent;exact_zila_reconciliation"
"BD","bd-district-2022-geoboundaries-adm2","district","bd-district-2022-geoboundaries-adm2:noakhali","noakhali","Noakhali",2022,3625322,"Sum of the five Table P08 religion categories (Muslim, Hindu, Christian, Buddhist, Others), the male + female classified population; excludes hijra (third gender), who are religion-classified only at division level in Table 3.2.15. Under the minority-share design the two metric slots carry the reference-group (Muslim) share and its exact complement, the minority share; the recognised categories are Muslim, Hindu, Christian, Buddhist and Others, with no no-religion and no not-stated category.",3476342,95.8906,148980,4.1094,,,,2678.49,,,"bbs-phc-2022-table-p08-religion-district|geoboundaries-bgd-adm2","census_flat_frame_minority_share_design;reference_group=Muslim;reference_share_pct=95.8906;minority_share_pct=4.1094;minority_share=Hindu+Christian+Buddhist+Others;Muslim=3476342;Hindu=147150;Christian=927;Buddhist=829;Others=74;source_categories_verbatim=Muslim|Hindu|Christian|Buddhist|Others;no_religion_category_absent;not_stated_category_absent;sex_classified_basis_excludes_hijra;exact_zila_reconciliation"
"BD","bd-district-2022-geoboundaries-adm2","district","bd-district-2022-geoboundaries-adm2:pabna","pabna","Pabna",2011,2523179,"Sum of the five Table C-13 religion categories (Muslim, Hindu, Christian, Buddhist, Others) at the zila-total line of the 2011 Community Report; the full enumerated population. The 2011 census carried no third-gender (hijra) enumeration and Table C-13 has no not-stated category, so this is the complete enumerated zila population. Under the minority-share design the two metric slots carry the reference-group (Muslim) share and its exact complement, the minority share.",2445702,96.9294,77477,3.0706,,,,2389.39,,,"bbs-phc-2011-community-report-table-c13-religion-district|geoboundaries-bgd-adm2","census_flat_frame_minority_share_design;reference_group=Muslim;reference_share_pct=96.9294;minority_share_pct=3.0706;minority_share=Hindu+Christian+Buddhist+Others;Muslim=2445702;Hindu=73487;Christian=3074;Buddhist=43;Others=873;source_categories_verbatim=Muslim|Hindu|Christian|Buddhist|Others;no_religion_category_absent;not_stated_category_absent;universe_2011_full_enumerated_population;no_hijra_enumeration_in_2011;not_stated_category_absent;exact_zila_reconciliation"
"BD","bd-district-2022-geoboundaries-adm2","district","bd-district-2022-geoboundaries-adm2:pabna","pabna","Pabna",2022,2909509,"Sum of the five Table P08 religion categories (Muslim, Hindu, Christian, Buddhist, Others), the male + female classified population; excludes hijra (third gender), who are religion-classified only at division level in Table 3.2.15. Under the minority-share design the two metric slots carry the reference-group (Muslim) share and its exact complement, the minority share; the recognised categories are Muslim, Hindu, Christian, Buddhist and Others, with no no-religion and no not-stated category.",2828271,97.2078,81238,2.7922,,,,2389.39,,,"bbs-phc-2022-table-p08-religion-district|geoboundaries-bgd-adm2","census_flat_frame_minority_share_design;reference_group=Muslim;reference_share_pct=97.2078;minority_share_pct=2.7922;minority_share=Hindu+Christian+Buddhist+Others;Muslim=2828271;Hindu=74260;Christian=6534;Buddhist=135;Others=309;source_categories_verbatim=Muslim|Hindu|Christian|Buddhist|Others;no_religion_category_absent;not_stated_category_absent;sex_classified_basis_excludes_hijra;exact_zila_reconciliation"
"BD","bd-district-2022-geoboundaries-adm2","district","bd-district-2022-geoboundaries-adm2:panchagarh","panchagarh","Panchagarh",2011,987644,"Sum of the five Table C-13 religion categories (Muslim, Hindu, Christian, Buddhist, Others) at the zila-total line of the 2011 Community Report; the full enumerated population. The 2011 census carried no third-gender (hijra) enumeration and Table C-13 has no not-stated category, so this is the complete enumerated zila population. Under the minority-share design the two metric slots carry the reference-group (Muslim) share and its exact complement, the minority share.",820629,83.0896,167015,16.9104,,,,1363.12,,,"bbs-phc-2011-community-report-table-c13-religion-district|geoboundaries-bgd-adm2","census_flat_frame_minority_share_design;reference_group=Muslim;reference_share_pct=83.0896;minority_share_pct=16.9104;minority_share=Hindu+Christian+Buddhist+Others;Muslim=820629;Hindu=163404;Christian=2513;Buddhist=21;Others=1077;source_categories_verbatim=Muslim|Hindu|Christian|Buddhist|Others;no_religion_category_absent;not_stated_category_absent;universe_2011_full_enumerated_population;no_hijra_enumeration_in_2011;not_stated_category_absent;exact_zila_reconciliation"
"BD","bd-district-2022-geoboundaries-adm2","district","bd-district-2022-geoboundaries-adm2:panchagarh","panchagarh","Panchagarh",2022,1179807,"Sum of the five Table P08 religion categories (Muslim, Hindu, Christian, Buddhist, Others), the male + female classified population; excludes hijra (third gender), who are religion-classified only at division level in Table 3.2.15. Under the minority-share design the two metric slots carry the reference-group (Muslim) share and its exact complement, the minority share; the recognised categories are Muslim, Hindu, Christian, Buddhist and Others, with no no-religion and no not-stated category.",991731,84.0587,188076,15.9413,,,,1363.12,,,"bbs-phc-2022-table-p08-religion-district|geoboundaries-bgd-adm2","census_flat_frame_minority_share_design;reference_group=Muslim;reference_share_pct=84.0587;minority_share_pct=15.9413;minority_share=Hindu+Christian+Buddhist+Others;Muslim=991731;Hindu=184948;Christian=2714;Buddhist=24;Others=390;source_categories_verbatim=Muslim|Hindu|Christian|Buddhist|Others;no_religion_category_absent;not_stated_category_absent;sex_classified_basis_excludes_hijra;exact_zila_reconciliation"
"BD","bd-district-2022-geoboundaries-adm2","district","bd-district-2022-geoboundaries-adm2:patuakhali","patuakhali","Patuakhali",2011,1535854,"Sum of the five Table C-13 religion categories (Muslim, Hindu, Christian, Buddhist, Others) at the zila-total line of the 2011 Community Report; the full enumerated population. The 2011 census carried no third-gender (hijra) enumeration and Table C-13 has no not-stated category, so this is the complete enumerated zila population. Under the minority-share design the two metric slots carry the reference-group (Muslim) share and its exact complement, the minority share.",1428601,93.0167,107253,6.9833,,,,2617.41,,,"bbs-phc-2011-community-report-table-c13-religion-district|geoboundaries-bgd-adm2","census_flat_frame_minority_share_design;reference_group=Muslim;reference_share_pct=93.0167;minority_share_pct=6.9833;minority_share=Hindu+Christian+Buddhist+Others;Muslim=1428601;Hindu=105496;Christian=345;Buddhist=1355;Others=57;source_categories_verbatim=Muslim|Hindu|Christian|Buddhist|Others;no_religion_category_absent;not_stated_category_absent;universe_2011_full_enumerated_population;no_hijra_enumeration_in_2011;not_stated_category_absent;exact_zila_reconciliation"
"BD","bd-district-2022-geoboundaries-adm2","district","bd-district-2022-geoboundaries-adm2:patuakhali","patuakhali","Patuakhali",2022,1727218,"Sum of the five Table P08 religion categories (Muslim, Hindu, Christian, Buddhist, Others), the male + female classified population; excludes hijra (third gender), who are religion-classified only at division level in Table 3.2.15. Under the minority-share design the two metric slots carry the reference-group (Muslim) share and its exact complement, the minority share; the recognised categories are Muslim, Hindu, Christian, Buddhist and Others, with no no-religion and no not-stated category.",1617121,93.6258,110097,6.3742,,,,2617.41,,,"bbs-phc-2022-table-p08-religion-district|geoboundaries-bgd-adm2","census_flat_frame_minority_share_design;reference_group=Muslim;reference_share_pct=93.6258;minority_share_pct=6.3742;minority_share=Hindu+Christian+Buddhist+Others;Muslim=1617121;Hindu=107551;Christian=313;Buddhist=1305;Others=928;source_categories_verbatim=Muslim|Hindu|Christian|Buddhist|Others;no_religion_category_absent;not_stated_category_absent;sex_classified_basis_excludes_hijra;exact_zila_reconciliation"
"BD","bd-district-2022-geoboundaries-adm2","district","bd-district-2022-geoboundaries-adm2:pirojpur","pirojpur","Pirojpur",2011,1113257,"Sum of the five Table C-13 religion categories (Muslim, Hindu, Christian, Buddhist, Others) at the zila-total line of the 2011 Community Report; the full enumerated population. The 2011 census carried no third-gender (hijra) enumeration and Table C-13 has no not-stated category, so this is the complete enumerated zila population. Under the minority-share design the two metric slots carry the reference-group (Muslim) share and its exact complement, the minority share.",925895,83.1699,187362,16.8301,,,,1269.85,,,"bbs-phc-2011-community-report-table-c13-religion-district|geoboundaries-bgd-adm2","census_flat_frame_minority_share_design;reference_group=Muslim;reference_share_pct=83.1699;minority_share_pct=16.8301;minority_share=Hindu+Christian+Buddhist+Others;Muslim=925895;Hindu=186865;Christian=216;Buddhist=210;Others=71;source_categories_verbatim=Muslim|Hindu|Christian|Buddhist|Others;no_religion_category_absent;not_stated_category_absent;universe_2011_full_enumerated_population;no_hijra_enumeration_in_2011;not_stated_category_absent;exact_zila_reconciliation"
"BD","bd-district-2022-geoboundaries-adm2","district","bd-district-2022-geoboundaries-adm2:pirojpur","pirojpur","Pirojpur",2022,1198154,"Sum of the five Table P08 religion categories (Muslim, Hindu, Christian, Buddhist, Others), the male + female classified population; excludes hijra (third gender), who are religion-classified only at division level in Table 3.2.15. Under the minority-share design the two metric slots carry the reference-group (Muslim) share and its exact complement, the minority share; the recognised categories are Muslim, Hindu, Christian, Buddhist and Others, with no no-religion and no not-stated category.",1016985,84.8793,181169,15.1207,,,,1269.85,,,"bbs-phc-2022-table-p08-religion-district|geoboundaries-bgd-adm2","census_flat_frame_minority_share_design;reference_group=Muslim;reference_share_pct=84.8793;minority_share_pct=15.1207;minority_share=Hindu+Christian+Buddhist+Others;Muslim=1016985;Hindu=180980;Christian=120;Buddhist=39;Others=30;source_categories_verbatim=Muslim|Hindu|Christian|Buddhist|Others;no_religion_category_absent;not_stated_category_absent;sex_classified_basis_excludes_hijra;exact_zila_reconciliation"
"BD","bd-district-2022-geoboundaries-adm2","district","bd-district-2022-geoboundaries-adm2:rajbari","rajbari","Rajbari",2011,1049778,"Sum of the five Table C-13 religion categories (Muslim, Hindu, Christian, Buddhist, Others) at the zila-total line of the 2011 Community Report; the full enumerated population. The 2011 census carried no third-gender (hijra) enumeration and Table C-13 has no not-stated category, so this is the complete enumerated zila population. Under the minority-share design the two metric slots carry the reference-group (Muslim) share and its exact complement, the minority share.",942527,89.7835,107251,10.2165,,,,1139.24,,,"bbs-phc-2011-community-report-table-c13-religion-district|geoboundaries-bgd-adm2","census_flat_frame_minority_share_design;reference_group=Muslim;reference_share_pct=89.7835;minority_share_pct=10.2165;minority_share=Hindu+Christian+Buddhist+Others;Muslim=942527;Hindu=106974;Christian=189;Buddhist=4;Others=84;source_categories_verbatim=Muslim|Hindu|Christian|Buddhist|Others;no_religion_category_absent;not_stated_category_absent;universe_2011_full_enumerated_population;no_hijra_enumeration_in_2011;not_stated_category_absent;exact_zila_reconciliation;small_cell_under_10;small_cells=Buddhist"
"BD","bd-district-2022-geoboundaries-adm2","district","bd-district-2022-geoboundaries-adm2:rajbari","rajbari","Rajbari",2022,1189743,"Sum of the five Table P08 religion categories (Muslim, Hindu, Christian, Buddhist, Others), the male + female classified population; excludes hijra (third gender), who are religion-classified only at division level in Table 3.2.15. Under the minority-share design the two metric slots carry the reference-group (Muslim) share and its exact complement, the minority share; the recognised categories are Muslim, Hindu, Christian, Buddhist and Others, with no no-religion and no not-stated category.",1078605,90.6587,111138,9.3413,,,,1139.24,,,"bbs-phc-2022-table-p08-religion-district|geoboundaries-bgd-adm2","census_flat_frame_minority_share_design;reference_group=Muslim;reference_share_pct=90.6587;minority_share_pct=9.3413;minority_share=Hindu+Christian+Buddhist+Others;Muslim=1078605;Hindu=110566;Christian=163;Buddhist=35;Others=374;source_categories_verbatim=Muslim|Hindu|Christian|Buddhist|Others;no_religion_category_absent;not_stated_category_absent;sex_classified_basis_excludes_hijra;exact_zila_reconciliation"
"BD","bd-district-2022-geoboundaries-adm2","district","bd-district-2022-geoboundaries-adm2:rajshahi","rajshahi","Rajshahi",2011,2595197,"Sum of the five Table C-13 religion categories (Muslim, Hindu, Christian, Buddhist, Others) at the zila-total line of the 2011 Community Report; the full enumerated population. The 2011 census carried no third-gender (hijra) enumeration and Table C-13 has no not-stated category, so this is the complete enumerated zila population. Under the minority-share design the two metric slots carry the reference-group (Muslim) share and its exact complement, the minority share.",2430194,93.642,165003,6.358,,,,2438.43,,,"bbs-phc-2011-community-report-table-c13-religion-district|geoboundaries-bgd-adm2","census_flat_frame_minority_share_design;reference_group=Muslim;reference_share_pct=93.642;minority_share_pct=6.358;minority_share=Hindu+Christian+Buddhist+Others;Muslim=2430194;Hindu=122394;Christian=27830;Buddhist=134;Others=14645;source_categories_verbatim=Muslim|Hindu|Christian|Buddhist|Others;no_religion_category_absent;not_stated_category_absent;universe_2011_full_enumerated_population;no_hijra_enumeration_in_2011;not_stated_category_absent;exact_zila_reconciliation"
"BD","bd-district-2022-geoboundaries-adm2","district","bd-district-2022-geoboundaries-adm2:rajshahi","rajshahi","Rajshahi",2022,2914813,"Sum of the five Table P08 religion categories (Muslim, Hindu, Christian, Buddhist, Others), the male + female classified population; excludes hijra (third gender), who are religion-classified only at division level in Table 3.2.15. Under the minority-share design the two metric slots carry the reference-group (Muslim) share and its exact complement, the minority share; the recognised categories are Muslim, Hindu, Christian, Buddhist and Others, with no no-religion and no not-stated category.",2739995,94.0024,174818,5.9976,,,,2438.43,,,"bbs-phc-2022-table-p08-religion-district|geoboundaries-bgd-adm2","census_flat_frame_minority_share_design;reference_group=Muslim;reference_share_pct=94.0024;minority_share_pct=5.9976;minority_share=Hindu+Christian+Buddhist+Others;Muslim=2739995;Hindu=133505;Christian=34880;Buddhist=276;Others=6157;source_categories_verbatim=Muslim|Hindu|Christian|Buddhist|Others;no_religion_category_absent;not_stated_category_absent;sex_classified_basis_excludes_hijra;exact_zila_reconciliation"
"BD","bd-district-2022-geoboundaries-adm2","district","bd-district-2022-geoboundaries-adm2:rangamati","rangamati","Rangamati",2011,595979,"Sum of the five Table C-13 religion categories (Muslim, Hindu, Christian, Buddhist, Others) at the zila-total line of the 2011 Community Report; the full enumerated population. The 2011 census carried no third-gender (hijra) enumeration and Table C-13 has no not-stated category, so this is the complete enumerated zila population. Under the minority-share design the two metric slots carry the reference-group (Muslim) share and its exact complement, the minority share.",209465,35.1464,386514,64.8536,,,,5762.96,,,"bbs-phc-2011-community-report-table-c13-religion-district|geoboundaries-bgd-adm2","census_flat_frame_minority_share_design;reference_group=Muslim;reference_share_pct=35.1464;minority_share_pct=64.8536;minority_share=Hindu+Christian+Buddhist+Others;Muslim=209465;Hindu=30244;Christian=8663;Buddhist=347038;Others=569;source_categories_verbatim=Muslim|Hindu|Christian|Buddhist|Others;no_religion_category_absent;not_stated_category_absent;universe_2011_full_enumerated_population;no_hijra_enumeration_in_2011;not_stated_category_absent;exact_zila_reconciliation"
"BD","bd-district-2022-geoboundaries-adm2","district","bd-district-2022-geoboundaries-adm2:rangamati","rangamati","Rangamati",2022,647560,"Sum of the five Table P08 religion categories (Muslim, Hindu, Christian, Buddhist, Others), the male + female classified population; excludes hijra (third gender), who are religion-classified only at division level in Table 3.2.15. Under the minority-share design the two metric slots carry the reference-group (Muslim) share and its exact complement, the minority share; the recognised categories are Muslim, Hindu, Christian, Buddhist and Others, with no no-religion and no not-stated category.",234822,36.2626,412738,63.7374,,,,5762.96,,,"bbs-phc-2022-table-p08-religion-district|geoboundaries-bgd-adm2","census_flat_frame_minority_share_design;reference_group=Muslim;reference_share_pct=36.2626;minority_share_pct=63.7374;minority_share=Hindu+Christian+Buddhist+Others;Muslim=234822;Hindu=33110;Christian=8547;Buddhist=370784;Others=297;source_categories_verbatim=Muslim|Hindu|Christian|Buddhist|Others;no_religion_category_absent;not_stated_category_absent;sex_classified_basis_excludes_hijra;exact_zila_reconciliation"
"BD","bd-district-2022-geoboundaries-adm2","district","bd-district-2022-geoboundaries-adm2:rangpur","rangpur","Rangpur",2011,2881086,"Sum of the five Table C-13 religion categories (Muslim, Hindu, Christian, Buddhist, Others) at the zila-total line of the 2011 Community Report; the full enumerated population. The 2011 census carried no third-gender (hijra) enumeration and Table C-13 has no not-stated category, so this is the complete enumerated zila population. Under the minority-share design the two metric slots carry the reference-group (Muslim) share and its exact complement, the minority share.",2604263,90.3917,276823,9.6083,,,,2343.98,,,"bbs-phc-2011-community-report-table-c13-religion-district|geoboundaries-bgd-adm2","census_flat_frame_minority_share_design;reference_group=Muslim;reference_share_pct=90.3917;minority_share_pct=9.6083;minority_share=Hindu+Christian+Buddhist+Others;Muslim=2604263;Hindu=258684;Christian=6594;Buddhist=1863;Others=9682;source_categories_verbatim=Muslim|Hindu|Christian|Buddhist|Others;no_religion_category_absent;not_stated_category_absent;universe_2011_full_enumerated_population;no_hijra_enumeration_in_2011;not_stated_category_absent;exact_zila_reconciliation"
"BD","bd-district-2022-geoboundaries-adm2","district","bd-district-2022-geoboundaries-adm2:rangpur","rangpur","Rangpur",2022,3169464,"Sum of the five Table P08 religion categories (Muslim, Hindu, Christian, Buddhist, Others), the male + female classified population; excludes hijra (third gender), who are religion-classified only at division level in Table 3.2.15. Under the minority-share design the two metric slots carry the reference-group (Muslim) share and its exact complement, the minority share; the recognised categories are Muslim, Hindu, Christian, Buddhist and Others, with no no-religion and no not-stated category.",2872812,90.6403,296652,9.3597,,,,2343.98,,,"bbs-phc-2022-table-p08-religion-district|geoboundaries-bgd-adm2","census_flat_frame_minority_share_design;reference_group=Muslim;reference_share_pct=90.6403;minority_share_pct=9.3597;minority_share=Hindu+Christian+Buddhist+Others;Muslim=2872812;Hindu=283955;Christian=8083;Buddhist=1440;Others=3174;source_categories_verbatim=Muslim|Hindu|Christian|Buddhist|Others;no_religion_category_absent;not_stated_category_absent;sex_classified_basis_excludes_hijra;exact_zila_reconciliation"
"BD","bd-district-2022-geoboundaries-adm2","district","bd-district-2022-geoboundaries-adm2:satkhira","satkhira","Satkhira",2011,1985959,"Sum of the five Table C-13 religion categories (Muslim, Hindu, Christian, Buddhist, Others) at the zila-total line of the 2011 Community Report; the full enumerated population. The 2011 census carried no third-gender (hijra) enumeration and Table C-13 has no not-stated category, so this is the complete enumerated zila population. Under the minority-share design the two metric slots carry the reference-group (Muslim) share and its exact complement, the minority share.",1625782,81.8638,360177,18.1362,,,,3390.4,,,"bbs-phc-2011-community-report-table-c13-religion-district|geoboundaries-bgd-adm2","census_flat_frame_minority_share_design;reference_group=Muslim;reference_share_pct=81.8638;minority_share_pct=18.1362;minority_share=Hindu+Christian+Buddhist+Others;Muslim=1625782;Hindu=351551;Christian=6178;Buddhist=18;Others=2430;source_categories_verbatim=Muslim|Hindu|Christian|Buddhist|Others;no_religion_category_absent;not_stated_category_absent;universe_2011_full_enumerated_population;no_hijra_enumeration_in_2011;not_stated_category_absent;exact_zila_reconciliation"
"BD","bd-district-2022-geoboundaries-adm2","district","bd-district-2022-geoboundaries-adm2:satkhira","satkhira","Satkhira",2022,2196490,"Sum of the five Table P08 religion categories (Muslim, Hindu, Christian, Buddhist, Others), the male + female classified population; excludes hijra (third gender), who are religion-classified only at division level in Table 3.2.15. Under the minority-share design the two metric slots carry the reference-group (Muslim) share and its exact complement, the minority share; the recognised categories are Muslim, Hindu, Christian, Buddhist and Others, with no no-religion and no not-stated category.",1851432,84.2905,345058,15.7095,,,,3390.4,,,"bbs-phc-2022-table-p08-religion-district|geoboundaries-bgd-adm2","census_flat_frame_minority_share_design;reference_group=Muslim;reference_share_pct=84.2905;minority_share_pct=15.7095;minority_share=Hindu+Christian+Buddhist+Others;Muslim=1851432;Hindu=337137;Christian=6156;Buddhist=99;Others=1666;source_categories_verbatim=Muslim|Hindu|Christian|Buddhist|Others;no_religion_category_absent;not_stated_category_absent;sex_classified_basis_excludes_hijra;exact_zila_reconciliation"
"BD","bd-district-2022-geoboundaries-adm2","district","bd-district-2022-geoboundaries-adm2:shariatpur","shariatpur","Shariatpur",2011,1155824,"Sum of the five Table C-13 religion categories (Muslim, Hindu, Christian, Buddhist, Others) at the zila-total line of the 2011 Community Report; the full enumerated population. The 2011 census carried no third-gender (hijra) enumeration and Table C-13 has no not-stated category, so this is the complete enumerated zila population. Under the minority-share design the two metric slots carry the reference-group (Muslim) share and its exact complement, the minority share.",1114301,96.4075,41523,3.5925,,,,1186.2,,,"bbs-phc-2011-community-report-table-c13-religion-district|geoboundaries-bgd-adm2","census_flat_frame_minority_share_design;reference_group=Muslim;reference_share_pct=96.4075;minority_share_pct=3.5925;minority_share=Hindu+Christian+Buddhist+Others;Muslim=1114301;Hindu=41330;Christian=114;Buddhist=23;Others=56;source_categories_verbatim=Muslim|Hindu|Christian|Buddhist|Others;no_religion_category_absent;not_stated_category_absent;universe_2011_full_enumerated_population;no_hijra_enumeration_in_2011;not_stated_category_absent;exact_zila_reconciliation"
"BD","bd-district-2022-geoboundaries-adm2","district","bd-district-2022-geoboundaries-adm2:shariatpur","shariatpur","Shariatpur",2022,1294511,"Sum of the five Table P08 religion categories (Muslim, Hindu, Christian, Buddhist, Others), the male + female classified population; excludes hijra (third gender), who are religion-classified only at division level in Table 3.2.15. Under the minority-share design the two metric slots carry the reference-group (Muslim) share and its exact complement, the minority share; the recognised categories are Muslim, Hindu, Christian, Buddhist and Others, with no no-religion and no not-stated category.",1251474,96.6754,43037,3.3246,,,,1186.2,,,"bbs-phc-2022-table-p08-religion-district|geoboundaries-bgd-adm2","census_flat_frame_minority_share_design;reference_group=Muslim;reference_share_pct=96.6754;minority_share_pct=3.3246;minority_share=Hindu+Christian+Buddhist+Others;Muslim=1251474;Hindu=42721;Christian=90;Buddhist=204;Others=22;source_categories_verbatim=Muslim|Hindu|Christian|Buddhist|Others;no_religion_category_absent;not_stated_category_absent;sex_classified_basis_excludes_hijra;exact_zila_reconciliation"
"BD","bd-district-2022-geoboundaries-adm2","district","bd-district-2022-geoboundaries-adm2:sherpur","sherpur","Sherpur",2011,1358325,"Sum of the five Table C-13 religion categories (Muslim, Hindu, Christian, Buddhist, Others) at the zila-total line of the 2011 Community Report; the full enumerated population. The 2011 census carried no third-gender (hijra) enumeration and Table C-13 has no not-stated category, so this is the complete enumerated zila population. Under the minority-share design the two metric slots carry the reference-group (Muslim) share and its exact complement, the minority share.",1313519,96.7014,44806,3.2986,,,,1326.04,,,"bbs-phc-2011-community-report-table-c13-religion-district|geoboundaries-bgd-adm2","census_flat_frame_minority_share_design;reference_group=Muslim;reference_share_pct=96.7014;minority_share_pct=3.2986;minority_share=Hindu+Christian+Buddhist+Others;Muslim=1313519;Hindu=34944;Christian=8686;Buddhist=34;Others=1142;source_categories_verbatim=Muslim|Hindu|Christian|Buddhist|Others;no_religion_category_absent;not_stated_category_absent;universe_2011_full_enumerated_population;no_hijra_enumeration_in_2011;not_stated_category_absent;exact_zila_reconciliation"
"BD","bd-district-2022-geoboundaries-adm2","district","bd-district-2022-geoboundaries-adm2:sherpur","sherpur","Sherpur",2022,1501751,"Sum of the five Table P08 religion categories (Muslim, Hindu, Christian, Buddhist, Others), the male + female classified population; excludes hijra (third gender), who are religion-classified only at division level in Table 3.2.15. Under the minority-share design the two metric slots carry the reference-group (Muslim) share and its exact complement, the minority share; the recognised categories are Muslim, Hindu, Christian, Buddhist and Others, with no no-religion and no not-stated category.",1455987,96.9526,45764,3.0474,,,,1326.04,,,"bbs-phc-2022-table-p08-religion-district|geoboundaries-bgd-adm2","census_flat_frame_minority_share_design;reference_group=Muslim;reference_share_pct=96.9526;minority_share_pct=3.0474;minority_share=Hindu+Christian+Buddhist+Others;Muslim=1455987;Hindu=36827;Christian=8313;Buddhist=73;Others=551;source_categories_verbatim=Muslim|Hindu|Christian|Buddhist|Others;no_religion_category_absent;not_stated_category_absent;sex_classified_basis_excludes_hijra;exact_zila_reconciliation"
"BD","bd-district-2022-geoboundaries-adm2","district","bd-district-2022-geoboundaries-adm2:sirajganj","sirajganj","Sirajganj",2011,3097489,"Sum of the five Table C-13 religion categories (Muslim, Hindu, Christian, Buddhist, Others) at the zila-total line of the 2011 Community Report; the full enumerated population. The 2011 census carried no third-gender (hijra) enumeration and Table C-13 has no not-stated category, so this is the complete enumerated zila population. Under the minority-share design the two metric slots carry the reference-group (Muslim) share and its exact complement, the minority share.",2948505,95.1902,148984,4.8098,,,,2494.3,,,"bbs-phc-2011-community-report-table-c13-religion-district|geoboundaries-bgd-adm2","census_flat_frame_minority_share_design;reference_group=Muslim;reference_share_pct=95.1902;minority_share_pct=4.8098;minority_share=Hindu+Christian+Buddhist+Others;Muslim=2948505;Hindu=147514;Christian=380;Buddhist=24;Others=1066;source_categories_verbatim=Muslim|Hindu|Christian|Buddhist|Others;no_religion_category_absent;not_stated_category_absent;universe_2011_full_enumerated_population;no_hijra_enumeration_in_2011;not_stated_category_absent;exact_zila_reconciliation"
"BD","bd-district-2022-geoboundaries-adm2","district","bd-district-2022-geoboundaries-adm2:sirajganj","sirajganj","Sirajganj",2022,3357469,"Sum of the five Table P08 religion categories (Muslim, Hindu, Christian, Buddhist, Others), the male + female classified population; excludes hijra (third gender), who are religion-classified only at division level in Table 3.2.15. Under the minority-share design the two metric slots carry the reference-group (Muslim) share and its exact complement, the minority share; the recognised categories are Muslim, Hindu, Christian, Buddhist and Others, with no no-religion and no not-stated category.",3209883,95.6042,147586,4.3958,,,,2494.3,,,"bbs-phc-2022-table-p08-religion-district|geoboundaries-bgd-adm2","census_flat_frame_minority_share_design;reference_group=Muslim;reference_share_pct=95.6042;minority_share_pct=4.3958;minority_share=Hindu+Christian+Buddhist+Others;Muslim=3209883;Hindu=146519;Christian=354;Buddhist=78;Others=635;source_categories_verbatim=Muslim|Hindu|Christian|Buddhist|Others;no_religion_category_absent;not_stated_category_absent;sex_classified_basis_excludes_hijra;exact_zila_reconciliation"
"BD","bd-district-2022-geoboundaries-adm2","district","bd-district-2022-geoboundaries-adm2:sunamganj","sunamganj","Sunamganj",2011,2467968,"Sum of the five Table C-13 religion categories (Muslim, Hindu, Christian, Buddhist, Others) at the zila-total line of the 2011 Community Report; the full enumerated population. The 2011 census carried no third-gender (hijra) enumeration and Table C-13 has no not-stated category, so this is the complete enumerated zila population. Under the minority-share design the two metric slots carry the reference-group (Muslim) share and its exact complement, the minority share.",2144535,86.8948,323433,13.1052,,,,3693.58,,,"bbs-phc-2011-community-report-table-c13-religion-district|geoboundaries-bgd-adm2","census_flat_frame_minority_share_design;reference_group=Muslim;reference_share_pct=86.8948;minority_share_pct=13.1052;minority_share=Hindu+Christian+Buddhist+Others;Muslim=2144535;Hindu=319376;Christian=2845;Buddhist=71;Others=1141;source_categories_verbatim=Muslim|Hindu|Christian|Buddhist|Others;no_religion_category_absent;not_stated_category_absent;universe_2011_full_enumerated_population;no_hijra_enumeration_in_2011;not_stated_category_absent;exact_zila_reconciliation"
"BD","bd-district-2022-geoboundaries-adm2","district","bd-district-2022-geoboundaries-adm2:sunamganj","sunamganj","Sunamganj",2022,2695294,"Sum of the five Table P08 religion categories (Muslim, Hindu, Christian, Buddhist, Others), the male + female classified population; excludes hijra (third gender), who are religion-classified only at division level in Table 3.2.15. Under the minority-share design the two metric slots carry the reference-group (Muslim) share and its exact complement, the minority share; the recognised categories are Muslim, Hindu, Christian, Buddhist and Others, with no no-religion and no not-stated category.",2377167,88.1969,318127,11.8031,,,,3693.58,,,"bbs-phc-2022-table-p08-religion-district|geoboundaries-bgd-adm2","census_flat_frame_minority_share_design;reference_group=Muslim;reference_share_pct=88.1969;minority_share_pct=11.8031;minority_share=Hindu+Christian+Buddhist+Others;Muslim=2377167;Hindu=315024;Christian=2560;Buddhist=201;Others=342;source_categories_verbatim=Muslim|Hindu|Christian|Buddhist|Others;no_religion_category_absent;not_stated_category_absent;sex_classified_basis_excludes_hijra;exact_zila_reconciliation"
"BD","bd-district-2022-geoboundaries-adm2","district","bd-district-2022-geoboundaries-adm2:sylhet","sylhet","Sylhet",2011,3434188,"Sum of the five Table C-13 religion categories (Muslim, Hindu, Christian, Buddhist, Others) at the zila-total line of the 2011 Community Report; the full enumerated population. The 2011 census carried no third-gender (hijra) enumeration and Table C-13 has no not-stated category, so this is the complete enumerated zila population. Under the minority-share design the two metric slots carry the reference-group (Muslim) share and its exact complement, the minority share.",3180766,92.6206,253422,7.3794,,,,3417.92,,,"bbs-phc-2011-community-report-table-c13-religion-district|geoboundaries-bgd-adm2","census_flat_frame_minority_share_design;reference_group=Muslim;reference_share_pct=92.6206;minority_share_pct=7.3794;minority_share=Hindu+Christian+Buddhist+Others;Muslim=3180766;Hindu=248154;Christian=2447;Buddhist=647;Others=2174;source_categories_verbatim=Muslim|Hindu|Christian|Buddhist|Others;no_religion_category_absent;not_stated_category_absent;universe_2011_full_enumerated_population;no_hijra_enumeration_in_2011;not_stated_category_absent;exact_zila_reconciliation"
"BD","bd-district-2022-geoboundaries-adm2","district","bd-district-2022-geoboundaries-adm2:sylhet","sylhet","Sylhet",2022,3856974,"Sum of the five Table P08 religion categories (Muslim, Hindu, Christian, Buddhist, Others), the male + female classified population; excludes hijra (third gender), who are religion-classified only at division level in Table 3.2.15. Under the minority-share design the two metric slots carry the reference-group (Muslim) share and its exact complement, the minority share; the recognised categories are Muslim, Hindu, Christian, Buddhist and Others, with no no-religion and no not-stated category.",3570264,92.5665,286710,7.4335,,,,3417.92,,,"bbs-phc-2022-table-p08-religion-district|geoboundaries-bgd-adm2","census_flat_frame_minority_share_design;reference_group=Muslim;reference_share_pct=92.5665;minority_share_pct=7.4335;minority_share=Hindu+Christian+Buddhist+Others;Muslim=3570264;Hindu=282895;Christian=2518;Buddhist=480;Others=817;source_categories_verbatim=Muslim|Hindu|Christian|Buddhist|Others;no_religion_category_absent;not_stated_category_absent;sex_classified_basis_excludes_hijra;exact_zila_reconciliation"
"BD","bd-district-2022-geoboundaries-adm2","district","bd-district-2022-geoboundaries-adm2:tangail","tangail","Tangail",2011,3605083,"Sum of the five Table C-13 religion categories (Muslim, Hindu, Christian, Buddhist, Others) at the zila-total line of the 2011 Community Report; the full enumerated population. The 2011 census carried no third-gender (hijra) enumeration and Table C-13 has no not-stated category, so this is the complete enumerated zila population. Under the minority-share design the two metric slots carry the reference-group (Muslim) share and its exact complement, the minority share.",3342596,92.719,262487,7.281,,,,3366.37,,,"bbs-phc-2011-community-report-table-c13-religion-district|geoboundaries-bgd-adm2","census_flat_frame_minority_share_design;reference_group=Muslim;reference_share_pct=92.719;minority_share_pct=7.281;minority_share=Hindu+Christian+Buddhist+Others;Muslim=3342596;Hindu=246237;Christian=14125;Buddhist=100;Others=2025;source_categories_verbatim=Muslim|Hindu|Christian|Buddhist|Others;no_religion_category_absent;not_stated_category_absent;universe_2011_full_enumerated_population;no_hijra_enumeration_in_2011;not_stated_category_absent;exact_zila_reconciliation"
"BD","bd-district-2022-geoboundaries-adm2","district","bd-district-2022-geoboundaries-adm2:tangail","tangail","Tangail",2022,4037316,"Sum of the five Table P08 religion categories (Muslim, Hindu, Christian, Buddhist, Others), the male + female classified population; excludes hijra (third gender), who are religion-classified only at division level in Table 3.2.15. Under the minority-share design the two metric slots carry the reference-group (Muslim) share and its exact complement, the minority share; the recognised categories are Muslim, Hindu, Christian, Buddhist and Others, with no no-religion and no not-stated category.",3762538,93.194,274778,6.806,,,,3366.37,,,"bbs-phc-2022-table-p08-religion-district|geoboundaries-bgd-adm2","census_flat_frame_minority_share_design;reference_group=Muslim;reference_share_pct=93.194;minority_share_pct=6.806;minority_share=Hindu+Christian+Buddhist+Others;Muslim=3762538;Hindu=257343;Christian=15191;Buddhist=264;Others=1980;source_categories_verbatim=Muslim|Hindu|Christian|Buddhist|Others;no_religion_category_absent;not_stated_category_absent;sex_classified_basis_excludes_hijra;exact_zila_reconciliation"
"BD","bd-district-2022-geoboundaries-adm2","district","bd-district-2022-geoboundaries-adm2:thakurgaon","thakurgaon","Thakurgaon",2011,1390042,"Sum of the five Table C-13 religion categories (Muslim, Hindu, Christian, Buddhist, Others) at the zila-total line of the 2011 Community Report; the full enumerated population. The 2011 census carried no third-gender (hijra) enumeration and Table C-13 has no not-stated category, so this is the complete enumerated zila population. Under the minority-share design the two metric slots carry the reference-group (Muslim) share and its exact complement, the minority share.",1066176,76.701,323866,23.299,,,,1814.21,,,"bbs-phc-2011-community-report-table-c13-religion-district|geoboundaries-bgd-adm2","census_flat_frame_minority_share_design;reference_group=Muslim;reference_share_pct=76.701;minority_share_pct=23.299;minority_share=Hindu+Christian+Buddhist+Others;Muslim=1066176;Hindu=309423;Christian=7897;Buddhist=263;Others=6283;source_categories_verbatim=Muslim|Hindu|Christian|Buddhist|Others;no_religion_category_absent;not_stated_category_absent;universe_2011_full_enumerated_population;no_hijra_enumeration_in_2011;not_stated_category_absent;exact_zila_reconciliation"
"BD","bd-district-2022-geoboundaries-adm2","district","bd-district-2022-geoboundaries-adm2:thakurgaon","thakurgaon","Thakurgaon",2022,1533851,"Sum of the five Table P08 religion categories (Muslim, Hindu, Christian, Buddhist, Others), the male + female classified population; excludes hijra (third gender), who are religion-classified only at division level in Table 3.2.15. Under the minority-share design the two metric slots carry the reference-group (Muslim) share and its exact complement, the minority share; the recognised categories are Muslim, Hindu, Christian, Buddhist and Others, with no no-religion and no not-stated category.",1181734,77.0436,352117,22.9564,,,,1814.21,,,"bbs-phc-2022-table-p08-religion-district|geoboundaries-bgd-adm2","census_flat_frame_minority_share_design;reference_group=Muslim;reference_share_pct=77.0436;minority_share_pct=22.9564;minority_share=Hindu+Christian+Buddhist+Others;Muslim=1181734;Hindu=339577;Christian=9614;Buddhist=144;Others=2782;source_categories_verbatim=Muslim|Hindu|Christian|Buddhist|Others;no_religion_category_absent;not_stated_category_absent;sex_classified_basis_excludes_hijra;exact_zila_reconciliation"
